REGIAO:;S
UF:;RS
ESTACAO:;CANGUCU
CODIGO (WMO):;A811
LATITUDE:;-31,40333333
LONGITUDE:;-52,70083333
ALTITUDE:;446,81
DATA DE FUNDACAO:;24/01/07
Data;Hora UTC;PRECIPITAÇÃO TOTAL, HORÁRIO (mm);PRESSAO ATMOSFERICA AO NIVEL DA ESTACAO, HORARIA (mB);PRESSÃO ATMOSFERICA MAX.NA HORA ANT. (AUT) (mB);PRESSÃO ATMOSFERICA MIN. NA HORA ANT. (AUT) (mB);RADIACAO GLOBAL (Kj/m²);TEMPERATURA DO AR - BULBO SECO, HORARIA (°C);TEMPERATURA DO PONTO DE ORVALHO (°C);TEMPERATURA MÁXIMA NA HORA ANT. (AUT) (°C);TEMPERATURA MÍNIMA NA HORA ANT. (AUT) (°C);TEMPERATURA ORVALHO MAX. NA HORA ANT. (AUT) (°C);TEMPERATURA ORVALHO MIN. NA HORA ANT. (AUT) (°C);UMIDADE REL. MAX. NA HORA ANT. (AUT) (%);UMIDADE REL. MIN. NA HORA ANT. (AUT) (%);UMIDADE RELATIVA DO AR, HORARIA (%);VENTO, DIREÇÃO HORARIA (gr) (° (gr));VENTO, RAJADA MAXIMA (m/s);VENTO, VELOCIDADE HORARIA (m/s);
2026/01/01;0000 UTC;0;954,9;955,1;954,7;0;23,1;20,7;23,9;22,3;21;20,4;93;82;88;86;6,9;4,6;
2026/01/01;0100 UTC;0;955,4;955,7;955,1;0;22;20,1;22,3;21,8;21,1;19,2;94;86;90;73;8,9;5,8;
2026/01/01;0200 UTC;0;955,6;955,8;955,4;0;21,7;20,6;22;21,5;21;20;97;90;94;64;7,8;4,8;
2026/01/01;0300 UTC;0;955,3;955,4;955,1;0;21,3;20,9;21,5;21,2;21,2;20,7;99;97;98;41;7,2;4,6;
2026/01/01;0400 UTC;0;954,9;955,1;954,5;0;21,2;21,1;21,3;21;21,3;21;100;99;100;80;7,3;4,8;
2026/01/01;0500 UTC;0;954,2;954,7;953,6;0;21,1;20;21,7;20,8;21;18,6;100;85;94;72;6,8;4,9;
2026/01/01;0600 UTC;0;953,3;953,6;953;0;20,8;19,8;21,8;20,1;20,3;18,7;99;85;95;341;6,5;4,5;
2026/01/01;0700 UTC;0;952,7;953;952,5;0;20;20;20,2;19,9;20,3;19,5;100;98;100;340;7,3;5,3;
2026/01/01;0800 UTC;0;952,8;953;952,6;0;20,2;19,6;20,4;19,9;20,1;19,2;99;95;97;340;8,6;6,4;
2026/01/01;0900 UTC;0;952,9;953,1;952,6;36,3;19,8;19,8;20,2;19,6;20,1;19,7;100;99;100;333;9,1;6,9;
2026/01/01;1000 UTC;0;953,5;953,8;953,1;417,9;20,3;20,3;20,6;20,1;20,5;20,1;100;99;100;328;9,3;6,3;
2026/01/01;1100 UTC;0;954;954,3;953,7;1152,3;21,5;20,8;22,5;20,6;21;20,5;100;90;96;316;6,5;4,1;
2026/01/01;1200 UTC;0;953,9;954,3;953,6;2196,6;23,9;20,8;25,3;22,5;21,3;20,4;92;76;85;303;6,4;3,4;
2026/01/01;1300 UTC;0;953,4;953,6;953,2;2683,2;26,5;20,3;27,5;25,3;21,1;19,5;78;60;69;292;6,3;3,2;
2026/01/01;1400 UTC;0;953,5;953,7;953,2;3658,9;28,4;18,3;29,4;27,6;19,9;17;61;39;50;250;6,1;3;
2026/01/01;1500 UTC;0;953,2;953,4;952,9;3839,3;30,4;19,1;31,3;29,1;20,9;17,9;54;34;44;196;6,9;3,6;
2026/01/01;1600 UTC;0;952,6;953;952,2;3934,2;31,2;19,8;31,9;30,5;21,3;18;48;35;43;210;6,6;3,3;
2026/01/01;1700 UTC;0;951,9;952,2;951,7;3858,6;32,2;19,3;32,7;31,8;20;18,3;39;31;35;188;6,2;3,4;
2026/01/01;1800 UTC;0;951,5;951,7;951,1;3514;32,8;19,2;33,3;32,2;20,1;18,4;37;29;32;212;6;3,2;
2026/01/01;1900 UTC;0;950,8;951,1;950,4;2939,9;33,1;19,4;33,5;32,7;20,3;18,7;36;29;31;210;5,5;2,8;
2026/01/01;2000 UTC;0;950;950,4;949,8;2232,2;33,1;19,6;33,7;32,6;20,5;18,8;35;30;33;188;4,1;2,1;
2026/01/01;2100 UTC;0;950,3;951,6;949,7;577,4;29,1;20,1;33,4;25;21;18,6;78;32;55;168;15,4;8,2;
2026/01/01;2200 UTC;1;951,7;952,4;951,4;476,8;24;21,4;25;22,9;22,4;20,7;91;79;87;169;10,4;6,4;
2026/01/01;2300 UTC;3,4;953,3;953,9;952,5;,8;22;21,3;22,9;21,2;21,6;20,9;99;90;96;177;9,1;4,4;
2026/01/02;0000 UTC;1;952,8;953,9;952;0;20,7;19,6;21,2;20,3;21,1;13,7;99;65;94;97;2,9;,9;
2026/01/02;0100 UTC;0;952,6;953,4;952;0;20,2;18,5;21;19,9;20,1;13,1;100;61;92;153;4,7;3,2;
2026/01/02;0200 UTC;0;953,7;953,8;953,5;0;20,3;20,3;20,4;20,2;20,4;20,2;100;100;100;135;3,4;2,3;
2026/01/02;0300 UTC;0;953,8;953,9;953,6;0;20,2;20,2;20,3;20;20,3;20,1;100;100;100;140;5,2;2,9;
2026/01/02;0400 UTC;0;953,4;953,6;953,1;0;20;20;20,2;19,9;20,2;19,9;100;100;100;140;5,5;3,6;
2026/01/02;0500 UTC;0;952,6;953;952,3;0;19,6;19,6;19,8;19,4;19,8;19,4;100;100;100;134;4,6;3,4;
2026/01/02;0600 UTC;0;952,2;952,3;952;0;19,5;19,5;19,6;19,4;19,6;19,5;100;100;100;157;5;3,8;
2026/01/02;0700 UTC;0;952;952,1;951,8;0;19,2;19,2;19,5;18,9;19,5;18,9;100;100;100;178;3;1,9;
2026/01/02;0800 UTC;0;951,8;951,9;951,8;0;18,6;18,6;18,9;18,3;18,9;18,3;100;100;100;199;2,2;,7;
2026/01/02;0900 UTC;0;952,1;952,4;951,8;20;18,2;18,2;18,4;18;18,5;18;100;100;100;280;1,8;,8;
2026/01/02;1000 UTC;0;952,4;952,7;952,3;507,8;18,2;18,1;18,6;18;18,4;17,9;100;99;100;333;2,9;1,9;
2026/01/02;1100 UTC;0;953;953,3;952,6;1506,8;19,2;18,6;20,2;18,6;19,1;18,3;99;92;97;265;1,7;,9;
2026/01/02;1200 UTC;0;953,3;953,4;953,1;2444,2;21,7;18;23,5;20,2;19;15,5;93;62;82;176;3,1;1,8;
2026/01/02;1300 UTC;0;953,3;953,3;953,1;2951,6;23,6;16;24,1;23,2;16,9;14,4;66;56;62;214;3,8;1,7;
2026/01/02;1400 UTC;0;953,1;953,3;953;3525;25,2;15,9;26;24,1;17,2;14,7;64;44;54;221;4,9;2,4;
2026/01/02;1500 UTC;0;952,9;953,3;952,5;3871,3;26,9;15,4;27,7;25,9;17,2;14,2;54;36;42;189;6,3;3,2;
2026/01/02;1600 UTC;0;952,3;952,5;952;3990,8;27,1;15,7;27,6;26,7;17,1;14,5;52;38;43;244;4,4;1,7;
2026/01/02;1700 UTC;0;951,8;952;951,5;3900,6;28,1;16,7;29,1;27;18,5;15;52;37;43;208;6,7;3,8;
2026/01/02;1800 UTC;0;951;951,6;950,4;3521,8;28,8;16,5;29,4;28,3;17,6;15,4;45;34;38;235;5,1;2,2;
2026/01/02;1900 UTC;0;950,1;950,4;949,9;2956;28,8;17,1;29,6;28,1;18,7;15,5;51;36;41;201;7,2;4,2;
2026/01/02;2000 UTC;0;949,6;949,9;949,2;2240,7;27,9;17,2;28,5;27,5;18,3;16,3;50;44;47;190;5;2,3;
2026/01/02;2100 UTC;0;949;949,2;948,8;1230;27,3;17;28;26,6;17,4;16,4;53;43;49;169;4,9;2,4;
2026/01/02;2200 UTC;0;949;949,1;948,9;572,2;26,3;16,9;26,8;25,5;17,4;16,4;58;50;53;169;2,8;2;
2026/01/02;2300 UTC;0;949,2;949,3;948,9;54,7;23,7;16,6;25,3;22,6;17,3;15,8;69;58;65;121;1,9;1,5;
2026/01/03;0000 UTC;0;949,5;949,6;949,3;0;22,8;15,8;23,4;22,4;16,3;14,9;68;59;65;290;5,2;2,9;
2026/01/03;0100 UTC;0;949,6;950;949,4;0;22,4;15,1;23,1;20,9;15,6;14,6;73;59;63;260;5,2;1,8;
2026/01/03;0200 UTC;0;950,3;950,5;950;0;20,3;16;21,3;19,1;17,2;15,1;90;70;79;119;2,9;1,9;
2026/01/03;0300 UTC;0;950,2;950,4;949,8;0;18,7;17,6;19,1;18,5;17,8;17,2;97;91;94;148;1,6;,9;
2026/01/03;0400 UTC;0;949,6;949,9;949,2;0;18,2;17,6;18,6;17,7;18,1;17,1;98;95;97;268;2;1,2;
2026/01/03;0500 UTC;0;949;949,2;948,8;0;17,3;16,8;17,7;16,9;17,2;16,4;98;97;98;331;2,6;1,6;
2026/01/03;0600 UTC;0;948,5;948,8;948,4;0;17,3;16,7;17,8;16,9;17;16,4;98;95;97;307;4,3;2,6;
2026/01/03;0700 UTC;0;948,5;949;948,3;0;18,1;16,3;18,9;17,5;17;15,5;97;83;91;295;9,2;5,6;
2026/01/03;0800 UTC;0;949,1;949,4;948,6;0;17,9;15,9;19,2;16,4;16,3;15,4;100;81;90;236;4,4;2,2;
2026/01/03;0900 UTC;0;949,6;949,8;949,2;21,2;16,4;16,4;16,7;16,3;16,4;16,2;100;98;100;242;4,1;1,8;
2026/01/03;1000 UTC;0;950;950,2;949,7;468,5;18,2;14,7;19,3;16,8;16,2;13,4;97;71;83;252;10,1;4,4;
2026/01/03;1100 UTC;0;950,7;951,3;950,2;1348,1;19,9;13,4;20,3;19,3;13,9;12,8;72;65;68;232;10,2;5,1;
2026/01/03;1200 UTC;0;951,7;952,3;951,2;1788,9;20,3;13;21,2;19,3;13,8;11,9;67;59;64;207;13,5;8,1;
2026/01/03;1300 UTC;0;953,2;953,9;952,3;1946,7;18,2;11,4;20,7;17,2;13;10,5;71;60;66;182;11,5;7;
2026/01/03;1400 UTC;0;954,4;954,9;953,8;1273,5;16,3;11,2;17,4;15,7;11,8;10,1;77;70;74;179;13;8;
2026/01/03;1500 UTC;0;955,2;955,5;954,7;2830,9;17,8;10,4;18,8;16,1;11,5;9,7;70;58;63;181;14;8,2;
2026/01/03;1600 UTC;0;955,6;956;955,2;3295,8;18,3;9,3;19,1;17,7;10,3;8,2;60;49;55;173;12,7;8,7;
2026/01/03;1700 UTC;0;956,4;956,7;955,9;3601,1;19;8,5;19,7;18;9,6;7,3;51;45;48;173;12,3;8,3;
2026/01/03;1800 UTC;0;956,7;956,9;956,5;3311,1;18,9;7,7;20;17,8;9;6,7;48;41;44;181;13,3;6,9;
2026/01/03;1900 UTC;0;956,8;957;956,7;3161,7;19,2;7,6;19,8;18,5;8,9;6,6;46;38;42;177;12,6;7,2;
2026/01/03;2000 UTC;0;956,9;957,1;956,7;2007,6;18,6;6,7;19,2;17,2;7,4;5,8;44;38;41;188;10,6;5,7;
2026/01/03;2100 UTC;0;957,1;957,2;957;963,1;17,7;6,7;18,5;17;7,4;6,1;49;42;45;171;9,5;6,2;
2026/01/03;2200 UTC;0;957,4;957,7;957,2;624,5;17;6,7;17,5;16,4;7,1;6,2;51;45;48;171;8,5;5,6;
2026/01/03;2300 UTC;0;958;958,2;957,7;65,6;15,3;6;16,3;14,6;6,3;5,8;56;49;53;170;7,2;5,3;
2026/01/04;0000 UTC;0;958,5;958,9;958,2;0;14,1;5,8;14,6;13,6;5,9;5,7;60;56;59;165;5,4;3,9;
2026/01/04;0100 UTC;0;959,2;959,4;958,9;0;13,1;6,2;13,8;12,7;6,7;5,7;69;60;65;140;5,5;3,5;
2026/01/04;0200 UTC;0;959,6;959,9;959,4;0;12,3;6,5;12,7;12;6,6;6,3;73;69;71;149;5;3,9;
2026/01/04;0300 UTC;0;959,9;960,1;959,8;0;11,8;6,6;12;11,6;6,7;6,4;76;72;74;184;3,7;2,8;
2026/01/04;0400 UTC;0;959,9;960;959,7;0;11,9;6,8;12,1;11,5;6,9;6,7;77;73;75;189;6,2;3,4;
2026/01/04;0500 UTC;0;959,8;959,9;959,7;0;11,3;7,1;11,5;11,1;7,3;6,9;81;77;79;214;5,6;3,5;
2026/01/04;0600 UTC;0;959,6;959,8;959,5;0;10,8;6,8;11,2;10,2;7,2;6,2;81;78;80;226;5,8;2,9;
2026/01/04;0700 UTC;0;959,9;960;959,7;0;10;6,2;10,4;9,6;6,4;5,9;82;79;81;233;5,4;3;
2026/01/04;0800 UTC;0;960,2;960,4;960;0;9,4;6;9,7;9,2;6,1;5,9;84;82;83;231;6;3,1;
2026/01/04;0900 UTC;0;960,5;960,8;960,3;17,3;9,3;5,8;9,7;9,2;6;5,6;84;80;82;229;7,1;3,6;
2026/01/04;1000 UTC;0;960,8;960,9;960,7;473,5;10,6;5,8;11,5;9,7;6,2;5,6;80;73;76;225;6,3;3,3;
2026/01/04;1100 UTC;0;961;961,4;960,8;1407,7;12,7;6,3;14;11,5;7,1;5,8;73;63;68;207;7,7;3,4;
2026/01/04;1200 UTC;0;961,6;961,7;961,4;2270,2;14,5;6;15,3;13,9;7;5,4;64;52;57;204;9,5;5,5;
2026/01/04;1300 UTC;0;961,8;962;961,6;3063,8;16;6,1;16,8;15,2;7,2;5,1;54;47;50;197;9,7;5,9;
2026/01/04;1400 UTC;0;962;962,2;961,9;2979;16,8;6,8;17,7;15,5;8,1;5,8;53;47;50;218;7,9;4,3;
2026/01/04;1500 UTC;0;962,1;962,3;961,9;2904,4;17,4;7,3;18,3;16,5;8,2;6,6;52;46;49;211;9,6;5;
2026/01/04;1600 UTC;0;962,1;962,2;961,9;3016,3;17,9;7,5;19;16,8;8,5;6,8;51;45;48;218;9,4;4,9;
2026/01/04;1700 UTC;0;962,1;962,2;961,9;3144,3;18,8;8,1;19,6;17,6;9,3;7,3;50;43;47;203;9,8;5,2;
2026/01/04;1800 UTC;0;962,2;962,3;962;2804,4;19,2;8,2;20,1;18,2;9,1;7,5;49;41;45;205;8,5;4,9;
2026/01/04;1900 UTC;0;962;962,3;961,8;2675,9;19,5;8,3;20,3;18,4;9,1;7,5;47;40;44;178;9,3;5,6;
2026/01/04;2000 UTC;0;961,8;961,9;961,7;2017,7;20;8,6;20,9;18,8;9,5;8;47;40;43;195;6,2;3,6;
2026/01/04;2100 UTC;0;961,9;962;961,8;823,3;18,6;8;19,3;18,1;8,5;7,7;50;44;47;211;5,8;3,2;
2026/01/04;2200 UTC;0;962,2;962,3;962;319,8;17,9;8,3;18,1;17,5;9;7,8;55;49;52;193;5,3;2,8;
2026/01/04;2300 UTC;0;962,5;962,7;962,2;56,8;16,7;8,1;17,5;15,8;8,6;7,9;64;53;57;146;8,1;5,6;
2026/01/05;0000 UTC;0;963;963,3;962,7;0;15;9,3;15,8;14,3;10,1;8,5;79;64;72;140;7,3;4,8;
2026/01/05;0100 UTC;0;963,8;964,1;963,3;0;13,7;10,2;14,2;13,4;10,2;10,1;84;80;82;139;7,7;5,4;
2026/01/05;0200 UTC;0;964,2;964,3;964,1;0;13,4;10,2;13,5;13,3;10,3;10,1;84;83;84;143;5,8;3,7;
2026/01/05;0300 UTC;0;964,2;964,3;964,1;0;13;10;13,3;12,6;10,3;9,8;86;84;85;135;5,1;3,6;
2026/01/05;0400 UTC;0;963,9;964,1;963,8;0;12,2;9,5;12,6;11,9;9,8;9,3;87;86;87;141;5,1;3;
2026/01/05;0500 UTC;0;963,5;963,8;963,3;0;11,7;9,2;11,9;11,5;9,3;9;89;87;88;162;3,3;2,3;
2026/01/05;0600 UTC;0;963,2;963,3;963,1;0;11;9;11,5;10,4;9,3;8,8;93;88;90;158;2,7;2,3;
2026/01/05;0700 UTC;0;963;963,1;962,9;0;10,5;9;10,9;10,1;9,2;8,7;95;90;92;193;2;1,5;
2026/01/05;0800 UTC;0;963,2;963,4;963;0;10,8;9,5;11,2;10,2;9,7;9,2;96;92;94;221;2,6;2,1;
2026/01/05;0900 UTC;0;963,6;963,9;963,4;13,8;10,8;9,5;11;10,6;9,8;8,8;95;89;94;224;2,8;2,1;
2026/01/05;1000 UTC;0;964,1;964,3;963,9;492;11,6;8,7;12;11;9,2;8,2;90;81;85;226;2,5;1,4;
2026/01/05;1100 UTC;0;964,4;964,5;964,3;1472,2;13,4;8,8;15,4;12,1;9,7;8;82;69;77;124;3,5;2,2;
2026/01/05;1200 UTC;0;964,5;964,6;964,4;2254,5;16,3;9,3;17,3;15,3;10,6;7,9;72;55;65;154;3,2;1,4;
2026/01/05;1300 UTC;0;964,5;964,6;964,4;3015,8;17,9;8,6;19,3;16,4;9,5;7,7;63;45;53;134;3;1,5;
2026/01/05;1400 UTC;0;964,6;964,6;964,5;3556,3;20,1;9,5;21;18,8;11,2;8,1;52;44;47;173;3,6;1,3;
2026/01/05;1500 UTC;0;964,3;964,5;964,1;3906,7;20,5;9,3;21,1;19,8;10,4;8,3;50;37;44;212;3,9;1,3;
2026/01/05;1600 UTC;0;963,9;964,1;963,6;4038;21,2;8,9;22;20,6;10,1;8;45;35;39;139;5,4;2,7;
2026/01/05;1700 UTC;0;963,4;963,7;963,2;3977,4;22,1;8,6;23,2;21,2;10,4;7,8;38;27;33;186;3,5;1,7;
2026/01/05;1800 UTC;0;963;963,1;962,8;3614,7;23,5;9,8;24,8;22;11,2;7,9;35;28;31;147;6,6;3,9;
2026/01/05;1900 UTC;0;962,5;962,8;962,2;3040,4;24,3;10,6;25,1;23,6;11,9;9,6;36;28;32;95;4,4;1,7;
2026/01/05;2000 UTC;0;961,9;962,2;961,6;2302;24,2;11,1;24,5;23,6;12,2;10,1;42;31;35;110;6,7;4;
2026/01/05;2100 UTC;0;961,3;961,6;961,2;1220,5;22,2;12,8;23,7;21,2;13,3;12,3;57;44;53;102;9,2;5,4;
2026/01/05;2200 UTC;0;961,5;961,7;961,3;642,8;20,2;12;21,1;19;12,4;11,6;63;56;59;89;9,1;5,4;
2026/01/05;2300 UTC;0;961,8;962;961,6;63,4;17,8;11,2;19;16,8;11,7;10,7;70;63;67;91;9;5,7;
2026/01/06;0000 UTC;0;962,1;962,2;962;0;16,2;10,8;16,7;15,8;11;10,7;76;70;73;83;8;4,5;
2026/01/06;0100 UTC;0;962,4;962,6;962,2;0;15,8;11,4;15,9;15,6;11,9;11;81;76;78;75;11,1;6;
2026/01/06;0200 UTC;0;962,7;962,8;962,6;0;15,5;12,1;15,7;15,3;12,3;11,8;85;81;83;74;9,9;5,1;
2026/01/06;0300 UTC;0;962,5;962,7;962,3;0;15,1;12,3;15,3;14,8;12,5;12,2;88;85;86;56;7,3;4,3;
2026/01/06;0400 UTC;0;962;962,3;961,7;0;14,7;12,6;14,8;14,6;12,7;12,4;91;88;90;50;7,9;4,7;
2026/01/06;0500 UTC;0;961,3;961,7;961;0;14,6;12,7;14,7;14,6;12,7;12,6;91;90;90;47;8;4,4;
2026/01/06;0600 UTC;0;960,8;961;960,6;0;14,7;12,5;14,9;14,6;12,7;12,3;91;87;89;47;8,4;4,5;
2026/01/06;0700 UTC;0;960,5;960,7;960,4;0;15,1;12,3;15,2;14,9;12,3;12,2;87;85;86;37;9,1;4,6;
2026/01/06;0800 UTC;0;960,5;960,6;960,4;0;15,1;12,3;15,3;15;12,4;12,1;87;84;86;39;8,2;4,7;
2026/01/06;0900 UTC;0;960,7;960,8;960,5;13,2;15,1;12,6;15,6;14,9;12,8;12,4;88;86;87;51;8,8;4,7;
2026/01/06;1000 UTC;0;961;961,1;960,8;396,9;16,3;13,1;17,2;15,7;13,7;12,8;86;82;84;52;7,2;3,9;
2026/01/06;1100 UTC;0;961;961,2;960,8;1336,8;18,2;14,1;19,3;17,2;14,6;13,6;83;74;79;66;7,2;4,4;
2026/01/06;1200 UTC;0;960,8;961;960,7;2162,4;20,1;14,1;20,7;19,4;14,8;13,5;76;67;70;50;8,2;4,5;
2026/01/06;1300 UTC;0;960,7;960,8;960,6;2933,3;21,3;14,3;22,2;20,5;15;13,8;68;61;65;185;8,4;4,1;
2026/01/06;1400 UTC;0;960,5;960,8;960,4;3517,9;22,7;15,1;23,5;21,6;16;14,2;65;59;62;135;6,8;4;
2026/01/06;1500 UTC;0;960,1;960,4;959,9;3862,4;24;15,9;25,1;23;17,3;15,3;64;57;60;205;6,2;2,9;
2026/01/06;1600 UTC;0;959,6;959,9;959,3;3962,2;25,4;16,8;26,5;24,6;17,7;15,9;62;52;57;131;7,8;3;
2026/01/06;1700 UTC;0;959;959,3;958,6;3347,6;26,1;16,9;26,8;25,4;17,8;16,2;58;49;54;123;6,4;2,8;
2026/01/06;1800 UTC;0;958,4;958,6;958;3366,9;27;16,9;27,8;26;17,8;16,2;57;43;50;284;7,1;3,2;
2026/01/06;1900 UTC;0;957,6;958;957,3;2828,3;27,9;16,5;28,6;27,2;17,1;15,7;47;39;43;289;6,4;3,3;
2026/01/06;2000 UTC;0;957;957,3;956,7;2228,2;28,1;16,8;28,5;27,5;17,4;16,2;46;41;44;211;6;2,7;
2026/01/06;2100 UTC;0;956,5;956,7;956,3;1175,2;28;16,8;28,4;27,2;17,3;16,3;47;42;44;297;6,5;3,6;
2026/01/06;2200 UTC;0;956,4;956,5;956,4;626,2;27;16,8;27,8;25,7;17,3;16,5;58;45;49;40;6,6;3,9;
2026/01/06;2300 UTC;0;956,7;957,1;956,4;68,3;24;17,1;25,6;22,4;17,4;16,8;72;58;65;52;7,1;3,9;
2026/01/07;0000 UTC;0;957,3;957,4;957,1;0;21,6;16,9;22,4;21;17;16,9;80;72;77;46;7,1;3,9;
2026/01/07;0100 UTC;0;957,5;957,6;957,4;0;20,5;16,9;20,9;20,2;16,9;16,8;84;80;82;42;9;5,4;
2026/01/07;0200 UTC;0;957,5;957,6;957,3;0;20;17,1;20,2;19,8;17,2;16,9;87;84;86;39;7,7;4,5;
2026/01/07;0300 UTC;0;957,4;957,5;957,3;0;20,2;17,1;20,7;19,7;17,4;16,8;88;81;84;26;7,8;5,2;
2026/01/07;0400 UTC;0;957,2;957,3;957;0;20,9;16,7;21,2;20,6;16,9;16,5;81;77;79;36;7,2;4,9;
2026/01/07;0500 UTC;0;957;957,1;956,9;0;21;16,6;21,2;20,8;16,8;16,4;80;76;78;105;8;5,8;
2026/01/07;0600 UTC;0;956,9;957;956,8;0;20,8;16,5;21;20,7;16,7;16,3;80;78;79;172;7;5,2;
2026/01/07;0700 UTC;0;956,8;957;956,7;0;20,9;16,3;21;20,7;16,4;16,1;79;75;77;296;6,1;4,2;
2026/01/07;0800 UTC;0;957,1;957,3;956,8;0;21,1;15,9;21,5;20,9;16;15,8;75;72;74;334;6,1;4,4;
2026/01/07;0900 UTC;0;957,5;957,7;957,2;13,4;21,5;15,8;21,8;21,3;15,9;15,5;73;69;71;319;6,6;5;
2026/01/07;1000 UTC;0;957,9;958;957,8;372,3;21,8;16;22;21,6;16,4;15,6;72;69;71;337;8,4;5,2;
2026/01/07;1100 UTC;0;958,2;958,5;957,9;1290,4;22,7;17;23,7;22;17,8;16,4;73;70;71;332;7,5;4,6;
2026/01/07;1200 UTC;0;958,5;958,6;958,3;2166,1;25,2;18,6;26,2;23,8;19,2;17,9;72;62;67;304;7,2;4,6;
2026/01/07;1300 UTC;0;958,4;958,5;958,2;2788,4;27;19,3;27,9;26,3;20;18,7;65;57;62;317;9,3;4,7;
2026/01/07;1400 UTC;0;958,2;958,2;958,1;3375,1;28,6;20;29,4;28,1;20,6;19,3;61;54;57;310;9,6;4,8;
2026/01/07;1500 UTC;0;957,8;958,1;957,4;3551,7;29,5;20,2;30,2;28,8;20,6;19,7;59;50;54;309;12,1;5,7;
2026/01/07;1600 UTC;0;957;957,5;956,5;3096,7;30;19,9;30,8;28,5;20,8;18,9;53;46;49;303;10,1;5,2;
2026/01/07;1700 UTC;7;957,1;958,9;956,4;2083,5;23,5;18,1;28,5;18,2;21,1;13,6;89;52;73;314;7,3;4,4;
2026/01/07;1800 UTC;0;956,9;957,1;956,6;2424,7;27,1;20,6;27,9;25,3;21,4;19,6;77;60;67;301;7,2;4,2;
2026/01/07;1900 UTC;0;956,9;957,6;956,5;1251,8;26,4;20;28;24,5;21,1;18,9;76;61;68;159;6,5;4,6;
2026/01/07;2000 UTC;,2;957,8;958,2;957,5;641,1;24,2;18,8;24,5;23,7;19,5;16,5;77;63;73;216;13;7,9;
2026/01/07;2100 UTC;0;958,2;958,8;957,9;209,5;22,2;16;23,7;21,1;16,7;15,5;72;64;69;207;9,3;5,2;
2026/01/07;2200 UTC;,2;957,9;958,7;957,3;32,7;19,4;16,1;21,1;18,5;17;15,3;93;72;84;333;7,9;5,5;
2026/01/07;2300 UTC;0;957,7;958;957,1;22,9;18,7;16,3;18,8;18,6;16,6;15,9;90;86;88;191;11;6,8;
2026/01/08;0000 UTC;0;957,4;958;957,1;0;18,5;16,1;18,9;18,4;16,2;15,7;89;84;88;291;10,1;7,1;
2026/01/08;0100 UTC;;;;;;;;;;;;;;;;;;
2026/01/08;0200 UTC;0;959,8;960,4;959,4;0;18,2;15,8;18,5;17,8;16,1;15,6;91;86;88;218;4;2,7;
2026/01/08;0300 UTC;0;960,5;960,6;960,4;0;17,5;16,1;17,7;17,3;16,3;15,9;94;92;93;263;2,3;1,2;
2026/01/08;0400 UTC;0;960,1;960,4;960;0;17,6;15,7;18,2;17,3;15,9;15,2;93;86;90;201;4,5;3,3;
2026/01/08;0500 UTC;0;960;960,1;959,8;0;17,5;15,6;18;17,1;15,7;15,4;93;87;91;175;5,7;4,3;
2026/01/08;0600 UTC;0;959,8;959,8;959,7;0;17,3;16,3;17,4;17,1;16,9;15,8;98;93;95;164;6,8;5,3;
2026/01/08;0700 UTC;0;959,8;959,9;959,7;0;17,4;17,2;17,5;17,3;17,5;16,9;100;98;99;153;7,8;5,6;
2026/01/08;0800 UTC;0;960;960,4;959,8;0;17,5;17,5;17,6;17,2;17,6;17,3;100;100;100;155;11,2;6,6;
2026/01/08;0900 UTC;0;960,7;961,1;960,4;4,2;16,8;16,7;17,2;16,6;17,3;16,2;100;98;99;146;7,1;4,5;
2026/01/08;1000 UTC;0;961,4;961,8;961,1;105,2;16,8;16;17,1;16,6;16,2;15,8;98;95;96;144;5,5;3,5;
2026/01/08;1100 UTC;0;962,1;962,5;961,8;375,8;17,6;16,3;18,2;17,1;16,6;16;96;90;93;151;5,7;4;
2026/01/08;1200 UTC;0;962,5;962,6;962,3;1326,7;19,9;16,8;20,8;18,3;17,4;16,3;91;80;85;149;6,4;4,5;
2026/01/08;1300 UTC;0;962,5;962,6;962,3;2149,2;21,7;17,3;23,8;20,2;18,4;16,4;85;69;78;133;7,4;4,7;
2026/01/08;1400 UTC;0;962,2;962,5;961,9;3469,1;24,4;18,1;25,6;23,4;18,8;17,2;74;62;69;139;7,1;4,3;
2026/01/08;1500 UTC;0;961,9;962;961,8;1952,7;24,2;17,5;26,1;23,5;19,1;16,8;73;60;67;120;6,5;4,2;
2026/01/08;1600 UTC;0;961,8;961,9;961,7;1838,9;24;18,2;24,5;23,7;18,9;17,6;75;68;71;123;6,5;4,5;
2026/01/08;1700 UTC;0;961,5;961,7;961,2;2517,4;24,5;18,7;26,3;23,1;19,7;17,8;78;63;71;128;9;6,4;
2026/01/08;1800 UTC;0;961,1;961,3;960,9;1931;23,3;18,4;24,1;22,6;19,1;17,9;79;71;75;128;7,8;5,6;
2026/01/08;1900 UTC;,6;962,1;962,1;962;661,6;21,5;18,6;21,9;21,3;18,7;18,4;87;83;85;131;9,7;7,3;
2026/01/08;2000 UTC;0;961,8;962;961,5;1758,6;22,3;18,4;23,2;21,4;19;17,9;86;76;81;131;11,8;7,8;
2026/01/08;2100 UTC;0;961,6;961,8;961,3;635;20,6;17,9;21,3;20,1;18,2;17,5;89;84;87;121;12,1;7,3;
2026/01/08;2200 UTC;0;962;962,3;961,7;218,3;19,9;18,3;20,5;19,2;18,8;18;97;88;92;119;11,1;6,5;
2026/01/08;2300 UTC;0;962,7;963,1;962,3;17,1;19,1;18,5;19,2;18,9;18,7;18,3;99;96;97;126;10,7;6;
2026/01/09;0000 UTC;0;963,2;963,6;963;0;18,7;18,6;18,9;18,6;18,7;18,5;100;99;99;118;9,5;5,8;
2026/01/09;0100 UTC;0;963,3;963,6;963;0;18,6;18,6;18,7;18,6;18,6;18,5;100;99;100;119;12,1;7,8;
2026/01/09;0200 UTC;0;963,5;963,8;963;0;18,6;18,6;18,7;18,6;18,7;18,6;100;100;100;104;9,4;5,8;
2026/01/09;0300 UTC;,2;963,5;963,8;963,1;0;18,6;18,6;18,6;18,5;18,7;18,6;100;100;100;113;9,8;5,7;
2026/01/09;0400 UTC;1;963,1;963,3;962,7;0;18,5;18,5;18,5;18,4;18,6;18,5;100;100;100;118;8,4;5,1;
2026/01/09;0500 UTC;2,2;962,8;963;962,5;0;18,4;18,5;18,5;18,4;18,5;18,4;100;100;100;100;7;3,9;
2026/01/09;0600 UTC;,4;962,3;962,6;962,1;0;18,4;18,5;18,5;18,4;18,5;18,4;100;100;100;106;6,7;4,8;
2026/01/09;0700 UTC;,2;961,6;962,1;960,9;0;18,5;18,5;18,5;18,4;18,6;18,5;100;100;100;108;11;6,8;
2026/01/09;0800 UTC;0;961,3;961,6;961;0;18,4;18,5;18,5;18,4;18,6;18,4;100;100;100;83;8,8;4;
2026/01/09;0900 UTC;,2;961,9;962,3;961,5;6,6;18,4;18,5;18,5;18,4;18,6;18,4;100;100;100;82;7,8;4,3;
2026/01/09;1000 UTC;0;962,1;962,3;961,9;177,7;18,6;18,7;18,9;18,4;18,9;18,4;100;100;100;97;10,4;5,4;
2026/01/09;1100 UTC;0;962,6;962,9;962,2;294,7;19;19,1;19,1;18,8;19,2;18,9;100;100;100;95;9,3;5,2;
2026/01/09;1200 UTC;0;962,8;963;962,6;579;19,7;19,5;20,1;19,1;19,7;19,1;100;97;99;103;9,6;5,4;
2026/01/09;1300 UTC;0;962,6;962,8;962,3;381,2;19,8;19,6;20;19,7;19,8;19,4;99;98;99;110;9,6;5,5;
2026/01/09;1400 UTC;,4;962,7;963;962,3;400,8;19,9;19,8;20,1;19,8;20;19,6;100;99;99;100;8;5,4;
2026/01/09;1500 UTC;0;962,3;962,4;962,1;602,8;20,3;20,1;20,4;20,1;20,3;19,9;100;99;99;105;10,5;6,3;
2026/01/09;1600 UTC;,2;961,8;962,3;961,4;485,9;20,2;20,1;20,3;20,1;20,3;20,1;100;100;100;103;11,8;7,3;
2026/01/09;1700 UTC;,2;961,4;961,6;961,2;511,2;20,2;20,2;20,4;20,1;20,4;20,1;100;99;100;104;9;5,6;
2026/01/09;1800 UTC;,2;961,1;961,5;960,5;381,5;20,4;20,4;20,6;20,2;20,6;20,2;100;100;100;104;10;6;
2026/01/09;1900 UTC;,2;960,3;960,6;960;246,8;20,4;20,5;20,5;20,3;20,6;20,4;100;100;100;98;10,6;6,7;
2026/01/09;2000 UTC;,4;959,5;960;959,1;180;20,5;20,5;20,6;20,4;20,7;20,5;100;100;100;105;9,4;5,7;
2026/01/09;2100 UTC;,4;958,7;959,1;958,4;75,1;20,6;20,7;20,6;20,6;20,7;20,6;100;100;100;97;9,3;5,7;
2026/01/09;2200 UTC;,4;958,6;958,8;958,3;14,6;20,7;20,7;20,8;20,6;20,8;20,7;100;100;100;93;12;6,8;
2026/01/09;2300 UTC;,4;958,1;958,8;957,6;0;20,8;20,9;20,8;20,8;20,9;20,8;100;100;100;98;11,6;6,9;
2026/01/10;0000 UTC;2,4;958,8;959,3;958,1;0;20,9;20,9;20,9;20,8;21;20,9;100;100;100;88;10,8;5;
2026/01/10;0100 UTC;7,4;959,6;960,1;958,9;0;21;21;21;20,9;21,1;21;100;100;100;76;6,6;2,9;
2026/01/10;0200 UTC;1,8;959,3;960;958,6;0;21;21,1;21,1;21;21,2;21;100;100;100;76;12,7;6,1;
2026/01/10;0300 UTC;0;957,5;958,6;956,4;0;20,9;20,9;21,1;20,4;21,2;20,5;100;100;100;78;12,5;6,7;
2026/01/10;0400 UTC;,4;957;957,8;956,4;0;20,5;20,6;20,6;20,4;20,6;20,5;100;100;100;52;6,2;3,4;
2026/01/10;0500 UTC;0;956,3;957;955,6;0;20;20,1;20,4;19,8;20,5;19,8;100;100;100;34;10,4;6,2;
2026/01/10;0600 UTC;,2;955;955,7;954,4;0;19,7;19,6;19,8;19,6;19,8;19,4;100;99;99;45;11,9;6,9;
2026/01/10;0700 UTC;0;954,3;954,5;954,1;0;19,4;19,2;19,6;19,2;19,4;19;99;99;99;43;11,2;6,3;
2026/01/10;0800 UTC;0;954,3;954,4;954,1;0;19,2;18,9;19,2;19,1;19;18,8;99;98;99;46;10,8;6,7;
2026/01/10;0900 UTC;0;954,1;954,3;953,8;11,9;19,1;18,9;19,1;18,9;18,9;18,8;100;98;99;163;11;6,8;
2026/01/10;1000 UTC;0;954,4;954,7;954,1;144,8;19,3;19,2;19,5;19,1;19,4;18,9;100;99;100;321;9,9;5,6;
2026/01/10;1100 UTC;0;954,8;955;954,6;329,5;19,7;19,6;20,1;19,5;19,8;19,4;100;98;99;305;10,5;4,8;
2026/01/10;1200 UTC;0;955;955,2;954,8;869,4;20,7;19,8;21,5;20,1;20,1;19,6;98;92;96;292;9,4;4,9;
2026/01/10;1300 UTC;0;954,6;954,9;954;2050,5;22,3;20,1;23,3;21,6;20,4;19,7;92;84;89;314;11,1;6,3;
2026/01/10;1400 UTC;0;953,9;954,2;953,6;2933,9;24;20,3;25;23,3;20,9;19,8;86;76;82;313;14,3;7,5;
2026/01/10;1500 UTC;0;953,6;953,8;953,3;2884,1;24,7;20,2;25,5;23,8;20,6;19,9;83;72;78;315;14,4;7,8;
2026/01/10;1600 UTC;0;953,2;953,3;952,9;3065,7;25,7;20,3;26,5;24,9;21;19,9;77;71;73;316;12,7;7,6;
2026/01/10;1700 UTC;0;953;953,3;952,6;3393,9;26,6;21;27,8;25,3;21,9;20,3;76;66;72;312;12,3;7,1;
2026/01/10;1800 UTC;0;952,5;952,7;952,2;2854,9;27,3;21;28,1;26,5;21,5;20,4;72;63;68;318;12,2;6,3;
2026/01/10;1900 UTC;0;952,3;952,4;952;1405;26,5;20,6;27,6;23,7;21,4;19,9;88;63;70;303;9,7;5,3;
2026/01/10;2000 UTC;0;952,1;952,3;951,8;853,7;23,7;21,3;24,4;23,4;21,8;20,8;90;84;88;310;7,8;4,9;
2026/01/10;2100 UTC;0;951,8;951,9;951,6;566,5;23,9;21,2;24,7;23,2;21,9;20,2;91;81;86;302;8,1;4,3;
2026/01/10;2200 UTC;0;951,8;952;951,6;280,9;23,7;19,2;24,2;23,3;20,4;18,7;82;75;77;296;7,4;4,9;
2026/01/10;2300 UTC;0;952,2;952,8;951,6;29,4;22,6;18,7;23,3;22,2;19;18,3;83;77;80;313;7,9;5,2;
2026/01/11;0000 UTC;0;953,1;953,2;952,8;0;21,3;18,8;22,2;20,9;19,3;18,4;89;83;87;289;6,9;3,6;
2026/01/11;0100 UTC;0;953,5;953,8;953,1;0;20,7;18,6;20,9;20,4;18,7;18,5;91;88;90;301;5,2;3,7;
2026/01/11;0200 UTC;0;953,8;953,9;953,6;0;20,2;18,6;20,4;19,9;18,7;18,5;93;91;92;315;6,3;4,3;
2026/01/11;0300 UTC;0;953,5;953,6;953,3;0;19,6;18,5;19,9;19,5;18,7;18,5;96;93;95;295;5,8;3,9;
2026/01/11;0400 UTC;2;953,3;953,6;953;0;19,4;19;19,5;19,3;19,3;18,7;100;96;98;320;5,6;3,2;
2026/01/11;0500 UTC;,6;952,9;953,2;952,7;0;18,9;18,8;19,4;18,1;19,5;17,9;100;99;100;298;5,6;3,4;
2026/01/11;0600 UTC;0;952,5;952,7;952,4;0;17,7;17,6;18,1;17,4;18;17,2;100;99;99;314;7,4;5,1;
2026/01/11;0700 UTC;0;952;952,3;951,9;0;17,1;16,8;17,4;16,9;17,1;16,5;100;97;98;334;6,3;4,6;
2026/01/11;0800 UTC;0;952,1;952,3;951,9;0;16,8;16,8;17;16,5;17;16,4;100;100;100;316;8,9;6,3;
2026/01/11;0900 UTC;0;952,7;953,1;952,3;10,6;16,1;16;16,5;15,4;16,5;14,9;100;98;99;300;9,3;6,2;
2026/01/11;1000 UTC;0;953,5;953,8;953;272,9;15,1;14,7;15,4;15,1;14,8;14,5;98;97;98;306;10,3;6,4;
2026/01/11;1100 UTC;0;954;954,3;953,7;1081,7;15,9;14,9;16,8;15,3;15,3;14,6;97;91;95;302;9,8;5,6;
2026/01/11;1200 UTC;0;954,2;954,3;954;2177,7;17,8;15,4;19,5;16,6;16,3;14,8;93;82;88;294;9,8;5,6;
2026/01/11;1300 UTC;0;954;954,1;953,9;2790,5;20,4;16,6;21,7;18,6;17,3;15,7;86;75;81;305;11,5;5;
2026/01/11;1400 UTC;0;953,9;954;953,7;3438,6;22,1;16,7;22,8;21,5;17,2;16,3;77;69;73;309;10,6;6,8;
2026/01/11;1500 UTC;0;953,9;954;953,8;3842;23,2;16,7;23,9;22,7;17,5;16,1;70;65;68;308;10,1;5,7;
2026/01/11;1600 UTC;0;953,9;954;953,7;3455,5;24,2;17,4;24,9;23,4;18;16,6;69;63;66;299;10,4;6,1;
2026/01/11;1700 UTC;0;954;954,1;953,8;3514,8;24,6;17;25,4;23,9;17,8;16,4;67;58;62;283;10,2;5,4;
2026/01/11;1800 UTC;0;954,2;954,3;954;2112,1;23,3;16,9;24,2;22,3;17,3;16,6;73;63;68;280;9,3;4,5;
2026/01/11;1900 UTC;0;954,1;954,3;953,8;1893;22,3;17;22,8;22;17,3;16,5;76;70;73;291;10,2;5,1;
2026/01/11;2000 UTC;0;953,8;954;953,6;2196,5;23,1;17,3;23,7;22,4;18;16,8;73;68;71;293;8,6;4,8;
2026/01/11;2100 UTC;0;953,8;954,1;953,6;1193,4;23,2;17,5;23,5;22,7;17,9;16,8;75;68;72;299;7,1;4,1;
2026/01/11;2200 UTC;0;954,2;954,4;954;309,4;21,7;17,7;22,7;21,4;17,9;17,5;82;75;80;310;7,1;4,3;
2026/01/11;2300 UTC;0;954,7;954,9;954,4;39,9;21;17,6;21,4;20,5;18,1;17,2;86;81;83;301;5,4;3,6;
2026/01/12;0000 UTC;0;955,2;955,6;954,8;0;20,2;17,6;20,5;20;17,9;17,2;90;84;87;298;5,8;3,4;
2026/01/12;0100 UTC;0;955,9;956,2;955,6;0;19,7;18,1;19,9;19,5;18,3;17,9;93;90;92;274;4,5;2,4;
2026/01/12;0200 UTC;0;956,4;956,5;956,2;0;19,8;18,5;19,9;19,7;18,6;18,3;94;92;93;227;4;1,8;
2026/01/12;0300 UTC;0;956,5;956,5;956,4;0;19,5;18,6;19,7;19,4;18,7;18,5;96;94;95;211;5,7;3;
2026/01/12;0400 UTC;0;956,4;956,5;956,4;0;19,1;18,6;19,3;18,8;18,7;18,5;99;96;98;213;5,2;2,8;
2026/01/12;0500 UTC;0;956,3;956,4;956,2;0;18,6;18,5;18,8;18,5;18,6;18,4;100;99;100;204;4,5;2,1;
2026/01/12;0600 UTC;0;956,1;956,2;956;0;18,4;18,5;18,5;18;18,6;18;100;100;100;181;7;3,9;
2026/01/12;0700 UTC;0;956,1;956,2;955,9;0;17,8;17,8;18;17,6;18;17,6;100;100;100;201;4,8;2,7;
2026/01/12;0800 UTC;0;956,3;956,6;956,1;0;17,8;17,8;17,9;17,6;18;17,6;100;100;100;177;3,7;1,9;
2026/01/12;0900 UTC;0;956,9;957,2;956,6;8,5;17,8;17,6;18;17,6;17,8;17,5;100;99;99;241;1,5;,8;
2026/01/12;1000 UTC;0;957,7;958,1;957,2;111,9;18;17,8;18,2;17,9;18,1;17,7;99;99;99;207;2,4;1,3;
2026/01/12;1100 UTC;0;958,3;958,5;958,1;334,1;18,3;17,8;18,5;18,2;18,1;17,4;99;95;98;204;2,8;1,6;
2026/01/12;1200 UTC;0;958,7;958,9;958,5;495,4;19,1;17,1;19,5;18,5;18,1;16,4;96;85;90;219;2,5;1;
2026/01/12;1300 UTC;0;958,9;959;958,8;979;20,1;16,6;20,8;19,1;17,1;16;88;77;82;164;2,8;1,8;
2026/01/12;1400 UTC;0;959;959,1;959;1174,6;20,7;16,8;20,9;20,3;17,3;16,1;84;77;81;200;4;1,9;
2026/01/12;1500 UTC;0;958,9;959,1;958,7;1788,5;21,3;16,5;22,2;20,6;17,6;15,6;80;69;76;144;2,5;1,3;
2026/01/12;1600 UTC;0;958,5;958,7;958,4;;23,5;17,5;25,3;21,9;19;16,1;76;62;70;162;5;2,9;
2026/01/12;1700 UTC;0;958,2;958,4;958;3759,7;24,6;17,8;25,8;23,6;19,4;16;73;59;66;159;5,3;2,3;
2026/01/12;1800 UTC;0;957,9;958;957,8;2268,2;24,8;18,1;26;23,7;19,1;17,3;73;61;67;181;5,2;3,1;
2026/01/12;1900 UTC;0;957,7;957,8;957,6;1349,7;23,7;18,5;24,4;22,8;19;18;80;69;74;181;6,3;4,2;
2026/01/12;2000 UTC;0;957,5;957,7;957,4;1376,2;23;19,1;24,4;22,3;19,5;18,6;85;74;81;167;5,8;4,2;
2026/01/12;2100 UTC;0;957,5;957,6;957,4;864,7;22,3;19;23,1;21,7;19,7;18,4;87;80;83;172;6,2;4,6;
2026/01/12;2200 UTC;0;957,8;958;957,6;377,6;21,4;18,8;21,7;21;19,1;18,4;88;86;87;139;6;4,2;
2026/01/12;2300 UTC;0;958,1;958,3;958;39,9;20,4;18,6;21;19,8;18,7;18,4;94;87;91;118;5,4;3,5;
2026/01/13;0000 UTC;0;958,4;958,5;958,3;0;19,5;18,6;19,8;19,2;18,7;18,3;97;94;96;71;5,2;3,7;
2026/01/13;0100 UTC;0;958,8;959,1;958,4;0;19,1;18,1;19,2;19;18,4;17,7;97;93;95;97;3,8;2,9;
2026/01/13;0200 UTC;0;959,3;959,4;959,1;0;19,1;18,6;19,3;18,9;18,8;18,4;98;97;97;118;3,7;2,6;
2026/01/13;0300 UTC;0;959,1;959,4;958,8;0;19,3;18,8;19,3;19,2;18,9;18,7;98;97;98;77;3,6;2,5;
2026/01/13;0400 UTC;0;958,4;958,8;958,1;0;19,3;19;19,4;19,2;19,1;18,9;99;98;98;61;4,3;2,6;
2026/01/13;0500 UTC;0;957,9;958,1;957,6;0;19,3;18,9;19,4;19,1;19;18,9;99;97;98;85;3;2,2;
2026/01/13;0600 UTC;0;957,6;957,7;957,5;0;19;19;19,1;19;19,1;18,8;100;99;100;67;4,9;2,7;
2026/01/13;0700 UTC;0;957,4;957,7;957,2;0;19,3;19,3;19,3;19,1;19,4;19,2;100;100;100;65;3,5;2,1;
2026/01/13;0800 UTC;0;957,4;957,6;957,3;0;19,2;19,2;19,3;19;19,3;19;100;100;100;74;2,8;1,7;
2026/01/13;0900 UTC;0;958;958,2;957,6;6,6;19,1;19,1;19,2;18,8;19,3;18,8;100;100;100;71;3,5;1,9;
2026/01/13;1000 UTC;0;958,3;958,6;958;348,8;19,5;19,1;21;19,1;19,7;18,9;100;92;98;111;2,8;1,4;
2026/01/13;1100 UTC;0;958,9;959,1;958,6;551,8;20,8;19,3;21,1;20,6;19,7;18,5;95;87;92;109;3,5;1,8;
2026/01/13;1200 UTC;0;959,2;959,3;959,1;1643,9;22,1;19;23,7;21,1;19,5;18,6;90;75;85;144;4,7;2,5;
2026/01/13;1300 UTC;0;959,4;959,5;959,3;2537,4;24,2;18,5;25,1;23,3;19,4;17,3;78;63;72;269;4,4;2,3;
2026/01/13;1400 UTC;0;959,5;959,6;959,5;3036,8;25,1;18,6;26,3;24,4;19,6;17,8;72;63;67;255;4,5;2,1;
2026/01/13;1500 UTC;0;959,4;959,5;959,3;3388;26,6;19,1;27,6;25,7;20;18,4;68;57;63;286;5,3;2,2;
2026/01/13;1600 UTC;0;959,2;959,4;958,9;2799,3;26,7;19,3;28,1;25,7;20,6;18;70;54;63;263;4,5;2;
2026/01/13;1700 UTC;0;958,8;958,9;958,7;2917,5;27,4;19,4;28,5;26,6;20,5;18,5;64;54;60;193;4,6;2;
2026/01/13;1800 UTC;0;958,4;958,7;958,2;2954,6;27,7;19,6;28,6;26,9;20,9;18,9;66;53;60;292;4,8;2,4;
2026/01/13;1900 UTC;0;958,1;958,3;957,9;1560;27,5;20,2;28,7;26,7;21,3;17,9;70;48;63;138;6,2;3,5;
2026/01/13;2000 UTC;0;958;958,1;957,9;413,9;25,1;20,3;26,9;24,6;20,5;20,1;80;67;76;100;5;3,4;
2026/01/13;2100 UTC;0;957,8;958;957,7;387,4;24,6;20,5;24,9;24,1;21,2;20,1;82;78;79;97;5,5;3,1;
2026/01/13;2200 UTC;0;957,7;957,8;957,6;165,1;23,7;20,2;24,1;23,4;20,5;19,8;84;80;82;65;4,6;2,8;
2026/01/13;2300 UTC;0;958,1;958,6;957,8;26,6;23;20,8;23,3;22,6;21,4;20,1;94;84;89;109;5,7;4;
2026/01/14;0000 UTC;0;959;959,4;958,6;0;22,3;20,8;22,6;22,1;21,2;20,6;95;91;93;98;5,7;3,9;
2026/01/14;0100 UTC;0;959,8;960,1;959,4;0;22;21,1;22,1;21,8;21,2;20,8;96;95;95;83;4,3;2,5;
2026/01/14;0200 UTC;0;960,1;960,2;960;0;21,7;20,8;21,8;21,6;20,9;20,6;96;95;95;67;4,5;2,3;
2026/01/14;0300 UTC;0;960,1;960,2;959,9;0;21,5;20,3;21,7;21,4;20,6;20;95;92;94;52;6,7;3,4;
2026/01/14;0400 UTC;0;959,7;959,9;959,5;0;21,9;20,2;22,1;21,7;20,4;20;92;91;92;38;6,5;3,6;
2026/01/14;0500 UTC;0;959,2;959,5;959,1;0;21,3;20,3;21,9;21,1;20,6;20,1;96;92;95;39;6,7;3,9;
2026/01/14;0600 UTC;0;958,8;959,1;958,6;0;21,7;19,4;22,1;21,2;20,2;18,8;95;84;89;32;7,7;4,4;
2026/01/14;0700 UTC;0;958,8;958,9;958,7;0;21,9;20,1;22,1;21,6;20,4;19,2;94;86;91;83;6;3,9;
2026/01/14;0800 UTC;0;959,1;959,2;958,9;0;21;20,3;21,6;20,7;20,4;20,2;98;94;96;340;5,1;3,4;
2026/01/14;0900 UTC;0;959;959,1;958,9;6;21;20,4;21,3;20,7;20,6;20,3;98;96;97;346;6,6;4,7;
2026/01/14;1000 UTC;0;959,3;959,7;959;295,1;21,3;20,5;21,7;21,1;20,6;20,3;98;94;96;337;6;4,6;
2026/01/14;1100 UTC;0;960,1;960,5;959,7;763,8;22,6;20,6;23;21,7;20,8;20,4;94;88;90;316;4,9;3,2;
2026/01/14;1200 UTC;0;960,4;960,5;960,3;1669,9;24,6;20,7;26,3;22,9;21,3;20,2;90;72;81;319;6;3,1;
2026/01/14;1300 UTC;0;960,3;960,5;960,1;2750,8;27,1;20,8;28,1;26,2;21,5;20,1;74;61;69;297;5,7;3;
2026/01/14;1400 UTC;0;960,1;960,2;960;2846,9;27,9;20,4;29,2;26,4;21,3;19,6;69;59;62;303;7,7;3,8;
2026/01/14;1500 UTC;0;959,9;960,1;959,7;3160,2;28,6;20,1;29,6;27;21;19,1;64;50;57;287;4,9;2,4;
2026/01/14;1600 UTC;0;959,5;959,7;959,2;3354,8;29,5;19,7;30,4;28,5;20,7;18,7;57;46;51;277;7,1;2,7;
2026/01/14;1700 UTC;0;959,1;959,3;958,9;3277,1;30,2;20,1;31,2;29,4;21,6;19,1;54;44;49;258;6,2;3;
2026/01/14;1800 UTC;0;958,7;958,9;958,5;2298,7;30,1;19,9;31;29,3;20,5;19,1;53;41;49;262;3,1;1,3;
2026/01/14;1900 UTC;0;958,1;958,5;957,7;2441,2;29,9;21,8;30,8;28,6;22,9;19,7;66;48;59;123;5,6;2,9;
2026/01/14;2000 UTC;0;957,7;957,8;957,5;1004,7;28,3;21,6;30;27;22,5;21,1;72;56;66;119;7,2;4,6;
2026/01/14;2100 UTC;0;957,6;957,8;957,4;259;26,3;21,4;27,1;25,6;21,7;20,9;78;71;75;120;7,8;5,3;
2026/01/14;2200 UTC;0;957,7;957,9;957,6;94,7;25,1;21,7;25,6;24,4;22,5;21;89;78;83;132;9,4;5,8;
2026/01/14;2300 UTC;11,6;958,5;958,7;957,9;7,8;23,1;22,3;24,4;21,5;22,9;20,2;99;89;96;52;5,9;2,8;
2026/01/15;0000 UTC;,6;958,3;958,5;958,2;0;22;22;22,3;21,5;22,4;20,9;100;97;100;79;8,6;5,4;
2026/01/15;0100 UTC;,2;958,6;958,8;958,3;0;22,1;22,1;22,5;21,7;22,5;21,6;100;100;100;93;7,5;4,8;
2026/01/15;0200 UTC;0;958,9;959;958,8;0;22,5;22,6;22,6;22,5;22,6;22,5;100;100;100;77;7,9;5,9;
2026/01/15;0300 UTC;0;958,8;958,9;958,7;0;22,4;22,5;22,6;22,4;22,6;22,4;100;100;100;67;8,3;4,1;
2026/01/15;0400 UTC;0;958,7;958,8;958,5;0;22,2;22,3;22,4;21,9;22,5;21,9;100;100;100;56;7,2;3,7;
2026/01/15;0500 UTC;0;958,3;958,6;958;0;21,6;21,1;21,9;21,3;21,9;20,4;100;95;98;37;9,2;4,5;
2026/01/15;0600 UTC;0;957,8;958;957,7;0;21,9;20,6;22;21,6;20,8;20,4;95;92;94;220;8,6;5,4;
2026/01/15;0700 UTC;0;957,7;957,9;957,5;0;21,9;20,2;22,3;21,6;20,5;19,6;94;86;91;60;9;5,6;
2026/01/15;0800 UTC;0;957,6;957,7;957,4;0;22,4;19,5;22,6;22,2;19,6;19,2;87;84;85;124;8,2;5,7;
2026/01/15;0900 UTC;0;958;958,3;957,7;9,5;22,5;19,6;22,7;22,3;19,7;19,5;86;84;85;236;7,1;4,6;
2026/01/15;1000 UTC;0;958,4;958,6;958,3;271,6;23;19,6;23,4;22,5;19,7;19,5;86;81;83;274;7;4,6;
2026/01/15;1100 UTC;0;958,6;958,7;958,6;1099,3;24,1;19,9;24,9;23,3;20,6;19,6;82;77;79;302;6,8;4,5;
2026/01/15;1200 UTC;0;958,7;958,7;958,7;2008,3;26;21;27,1;24,9;21,7;20,3;79;71;75;291;6,5;3,5;
2026/01/15;1300 UTC;0;958,8;958,9;958,7;2768,6;27,8;21,3;28,6;27,1;22,1;20,6;73;64;67;309;7,5;4,1;
2026/01/15;1400 UTC;0;958,9;959,1;958,8;3364,8;29,5;21,7;30,1;28,6;22,4;21;67;55;61;313;9,1;5,4;
2026/01/15;1500 UTC;0;959;959,2;958,7;3755,7;30,7;21,2;31,2;30,1;22,4;20,3;57;49;53;311;8;4,2;
2026/01/15;1600 UTC;0;958,3;958,7;958;4010,2;31,7;21,1;32,2;31,1;22,2;20,4;53;44;47;306;7,9;5;
2026/01/15;1700 UTC;0;957,7;958;957,3;3650,2;31,9;21,2;32,6;30,8;21,9;20,7;52;43;46;305;7,8;4,7;
2026/01/15;1800 UTC;0;957,1;957,4;956,9;3069,6;32,4;21,2;33,1;30,9;22;20,1;48;38;44;301;7,5;4,6;
2026/01/15;1900 UTC;0;956,8;956,9;956,7;2050,5;32,2;21,3;33,2;30,7;22;20,4;51;41;45;319;7,1;3,8;
2026/01/15;2000 UTC;0;956,6;956,8;956,4;1437,6;31,2;21,1;32,7;29,9;22,6;20,4;55;43;49;304;5,8;2,7;
2026/01/15;2100 UTC;0;956,1;956,3;955,9;1427,8;32,3;21,2;32,9;31,4;22,1;20,5;50;42;45;292;5,5;3,2;
2026/01/15;2200 UTC;0;956,4;956,6;956;524,5;30,7;20,4;31,2;29,7;20,8;19,9;54;45;48;309;3,4;2,4;
2026/01/15;2300 UTC;0;957,1;957,5;956,6;20,1;28,4;19,6;29,5;27,8;20,6;19,1;58;54;56;319;3,2;2,5;
2026/01/16;0000 UTC;0;957,7;957,9;957,5;0;27,8;18,9;28;27,7;19,4;18,6;58;54;56;234;1,7;,6;
2026/01/16;0100 UTC;0;957,7;957,9;957,6;0;26,8;20,1;27,7;25,6;22,4;18,7;84;56;66;74;4,2;2,7;
2026/01/16;0200 UTC;0;957,8;958,2;957,5;0;25,7;20,8;26,4;25,1;22,3;19,9;84;69;76;32;5,5;3,5;
2026/01/16;0300 UTC;0;958,5;958,7;958,1;0;26,2;20,5;26,8;25,8;20,8;20;75;66;71;283;4,2;3;
2026/01/16;0400 UTC;0;958,4;958,6;958,2;0;25,6;20,4;25,9;25,4;20,8;20;75;72;74;339;2,8;2,3;
2026/01/16;0500 UTC;0;957,9;958,2;957,7;0;26,2;19,8;26,6;25,6;20,2;19,2;72;63;68;336;1,8;1,6;
2026/01/16;0600 UTC;0;957,4;957,7;956,9;0;26,8;18,9;27,3;26,5;19,3;18,7;64;58;61;17;1,8;1,5;
2026/01/16;0700 UTC;0;956,9;957,2;956,5;0;25,9;19,3;27,1;24,6;20,6;18,7;80;59;67;290;5,5;4;
2026/01/16;0800 UTC;0;956,7;956,9;956,5;0;24,7;20;25;24,2;21;19,4;84;72;77;309;5,8;4,1;
2026/01/16;0900 UTC;0;957,3;958,2;956,6;1,1;24,4;19,7;25,2;23,5;20,1;19,3;83;71;76;245;3;1,9;
2026/01/16;1000 UTC;0;958,4;958,6;958,2;154,7;24,1;19,5;24,7;23,5;20,1;18,6;83;70;77;252;1,9;1,3;
2026/01/16;1100 UTC;0;959,1;959,4;958,7;367,1;24,9;18,7;25;24,7;19;18,4;71;67;69;228;2,8;1,9;
2026/01/16;1200 UTC;0;959,4;959,5;959,3;675,2;25,3;18,8;25,9;24,9;19,7;18,1;71;62;67;180;3,1;1,9;
2026/01/16;1300 UTC;0;959,3;959,5;959,1;1054,3;25,4;19,7;26,1;24,5;20,3;19;78;65;72;190;6,1;3,9;
2026/01/16;1400 UTC;0;959,9;960,1;959,4;596,9;23,6;21,1;24,7;23,1;21,9;19,8;92;76;87;182;6,5;4,2;
2026/01/16;1500 UTC;0;960,6;960,9;960,1;322,4;22,8;21,3;23,9;22,2;21,8;20,8;94;89;92;164;9,6;6,9;
2026/01/16;1600 UTC;0;960,8;961;960,7;495,2;22,1;20,8;22,4;21,8;21,1;20,6;96;92;94;172;10,2;6,7;
2026/01/16;1700 UTC;0;960,5;960,7;960,3;699,6;22,6;20,6;22,9;22,2;20,9;20,4;92;89;90;161;8,9;6,8;
2026/01/16;1800 UTC;0;959,8;960,3;959,4;1576;24,2;20,7;25;22,7;21,3;20,2;90;78;83;144;6,5;4,1;
2026/01/16;1900 UTC;,6;960,2;960,7;959,5;370,4;21,9;20;24,2;20,6;21;19,5;97;81;91;243;3,4;1,1;
2026/01/16;2000 UTC;,2;960,2;960,5;959,8;557,4;21,2;20,8;21,5;20,8;21,2;20,3;99;96;98;172;6;4;
2026/01/16;2100 UTC;0;959,7;959,8;959,4;635,3;21,6;20,7;21,8;21,1;21,1;20,4;97;95;96;155;7,9;5,8;
2026/01/16;2200 UTC;0;959,6;959,9;959,3;271,7;21,5;20,7;21,7;21,2;21,1;20,4;97;95;96;149;8,9;5,8;
2026/01/16;2300 UTC;0;960,1;960,3;959,8;35,2;21,1;20,6;21,2;21;20,7;20,4;98;96;97;142;7,7;5,2;
2026/01/17;0000 UTC;0;960,6;960,9;960,2;0;20,9;20,6;21,1;20,8;20,8;20,4;99;98;98;134;6;4,4;
2026/01/17;0100 UTC;0;961,1;961,2;960,9;0;20,8;20,5;20,8;20,8;20,6;20,3;99;98;99;139;7,5;4,6;
2026/01/17;0200 UTC;,2;961,2;961,3;961;0;20,6;20,5;20,8;20,2;20,7;20;100;99;99;115;6,9;4,2;
2026/01/17;0300 UTC;0;960,9;961,3;960,6;0;20,3;20,3;20,4;20,1;20,4;20,1;100;100;100;117;4,7;3,1;
2026/01/17;0400 UTC;0;960,4;960,6;960,2;0;20,3;20,4;20,4;20,2;20,4;20,2;100;100;100;120;4,1;2,1;
2026/01/17;0500 UTC;0;960;960,3;959,7;0;20,3;20,4;20,4;20,2;20,4;20,3;100;100;100;121;4,3;2,5;
2026/01/17;0600 UTC;0;959,1;959,7;958,7;0;20,3;20,3;20,3;20,2;20,4;20,2;100;100;100;127;5,3;3,6;
2026/01/17;0700 UTC;0;958,7;958,8;958,5;0;20;20,1;20,2;19,7;20,3;19,8;100;100;100;119;4,7;3,3;
2026/01/17;0800 UTC;,2;959;959,3;958,7;0;19,7;19,8;19,8;19,7;19,8;19,8;100;100;100;111;3,1;2,1;
2026/01/17;0900 UTC;0;959,3;959,6;959,2;,8;19,7;19,8;19,8;19,7;19,9;19,8;100;100;100;125;3,2;2;
2026/01/17;1000 UTC;0;959,6;959,7;959,5;97,6;19,8;19,9;20;19,7;20,1;19,8;100;100;100;142;4,8;3;
2026/01/17;1100 UTC;0;959,4;959,5;959,3;569,4;20,4;20,4;21,2;19,9;21;20;100;98;100;126;5;3,7;
2026/01/17;1200 UTC;0;959,4;959,5;959,3;1088,3;21,4;20,2;22,4;20,5;20,5;19,5;98;88;94;130;6;4;
2026/01/17;1300 UTC;0;959,4;959,5;959,4;1561,1;22,9;20,3;24,2;22,1;21,2;19,6;90;81;87;135;5,8;3,9;
2026/01/17;1400 UTC;0;959,5;959,6;959,4;1948,8;24,2;20,2;26;23,2;21,5;19,2;86;73;80;115;4,5;2,9;
2026/01/17;1500 UTC;0;959,5;959,6;959,4;1859,3;25;20,3;25,7;24,4;21,2;19,6;81;72;77;119;4,7;2,7;
2026/01/17;1600 UTC;0;959,3;959,5;958,9;1456;24,7;20,5;26,4;24;21,2;19,8;82;72;79;112;4,8;3,2;
2026/01/17;1700 UTC;0;958,6;958,9;958,4;1838,7;26;20,9;26,7;25;21,3;19,8;80;68;74;122;5,9;3,9;
2026/01/17;1800 UTC;0;958,1;958,4;957,8;594,1;24;20,9;25;23,7;21,5;20,4;88;79;85;87;4,8;2,6;
2026/01/17;1900 UTC;0;957,4;957,8;956,9;1011,6;24,9;20,9;25,4;24,5;21,4;20,4;84;77;80;116;4,8;3,3;
2026/01/17;2000 UTC;0;956,4;956,9;956;1368,1;25,6;21,1;26,9;24,8;21,8;20,8;82;72;77;122;5,2;3,1;
2026/01/17;2100 UTC;0;955,7;956;955,5;1127;25,8;21,1;26,9;24,3;21,7;20,6;82;72;77;106;6,4;4,8;
2026/01/17;2200 UTC;0;955,4;955,5;955,3;330,3;23,8;20,8;24,2;23,4;20,9;20,5;87;83;85;105;7,2;4,1;
2026/01/17;2300 UTC;0;955,6;955,9;955,4;38,9;22,4;20,7;23,3;21,7;21;20,6;95;87;92;96;5,6;4,1;
2026/01/18;0000 UTC;0;955,9;956,2;955,7;0;21,4;20,5;21,7;21,1;20,6;20,4;97;94;96;80;6,7;4;
2026/01/18;0100 UTC;0;956,4;956,8;956,1;0;21;20,3;21,1;20,8;20,4;20,3;97;96;97;76;6,7;4,3;
2026/01/18;0200 UTC;0;956,7;956,8;956,5;0;20,7;20,3;20,8;20,7;20,4;20,2;99;97;98;70;7,1;4,1;
2026/01/18;0300 UTC;0;956,6;956,7;956,5;0;20,6;20,3;20,7;20,5;20,4;20,1;99;98;99;67;6,6;4,1;
2026/01/18;0400 UTC;0;956,5;956,6;956,2;0;20,6;19,9;20,7;20,5;20,1;19,5;98;94;96;27;4,8;3,1;
2026/01/18;0500 UTC;0;956;956,2;955,8;0;20,8;19,7;21;20,5;20,5;19,1;98;92;95;34;5,2;2,9;
2026/01/18;0600 UTC;0;955,7;955,9;955,5;0;21;20,6;21,1;20,8;20,7;20,5;98;98;98;127;2,9;,7;
2026/01/18;0700 UTC;0;955,3;955,6;955,2;0;20,4;20,2;21;20,1;20,6;20,1;100;98;99;222;2,1;1,2;
2026/01/18;0800 UTC;0;955;955,2;954,8;0;20,1;20,2;20,3;20,1;20,3;20,1;100;100;100;151;1,7;1,3;
2026/01/18;0900 UTC;0;955,1;955,4;954,9;5;20,3;20,3;20,5;20;20,6;20,1;100;100;100;135;1,9;1,3;
2026/01/18;1000 UTC;0;955,7;956,1;955,2;159,8;20,6;20,7;20,9;20,5;21;20,6;100;100;100;161;1,2;,7;
2026/01/18;1100 UTC;0;956,3;956,6;956,1;382;20,9;20,9;21,1;20,6;21,1;20,7;100;100;100;250;1;,4;
2026/01/18;1200 UTC;0;956,4;956,5;956,3;2080,5;23,1;20,3;24,9;21,2;21,6;18,8;99;70;86;167;5,3;2,8;
2026/01/18;1300 UTC;0;956,3;956,3;956,2;2774;25,7;18,3;27;24,9;20,2;16,9;76;54;63;155;6;3,6;
2026/01/18;1400 UTC;0;956,3;956,5;956,2;3408,3;27,6;17,5;28,7;26,5;19,5;15,9;63;36;50;138;8,6;5,9;
2026/01/18;1500 UTC;0;956,7;956,9;956,4;3793,8;28;18;29;27,5;20,1;16,6;60;40;50;167;10,7;5,9;
2026/01/18;1600 UTC;0;956,8;956,9;956,7;3954,5;28;18,1;28,8;27,1;19,5;16,2;55;43;51;137;9,9;6;
2026/01/18;1700 UTC;0;957;957,1;956,8;3392,2;27,9;18,1;28,8;26,5;19,2;17,1;55;43;51;153;11,1;7,5;
2026/01/18;1800 UTC;0;956,9;957,1;956,6;3599,1;27,9;18;28,7;27,1;19,2;17,1;53;47;50;160;11,1;6,7;
2026/01/18;1900 UTC;0;956,5;956,7;956,4;2135,8;26,4;18,1;28;25,1;18,9;17,5;65;51;58;151;11;7,1;
2026/01/18;2000 UTC;0;956,8;957,2;956,2;562,2;23,9;18,4;26,8;21,9;19,2;17,4;84;58;73;155;14,5;9,5;
2026/01/18;2100 UTC;0;957,2;957,7;956,7;680,1;22;17,2;23;21,5;18,9;15,6;85;70;76;148;12,4;7,7;
2026/01/18;2200 UTC;0;957,7;958,2;957,4;221,1;21,2;16,2;21,5;20,8;16,4;15,8;78;72;75;149;14;7,9;
2026/01/18;2300 UTC;,6;958,6;959;958,1;5,3;19,2;17,7;20,8;18,3;18,2;16,4;98;78;93;155;14,3;9;
2026/01/19;0000 UTC;1,4;959,7;960,4;959;0;17,8;17,7;18,3;17,1;18,1;17;100;98;100;160;17,5;11;
2026/01/19;0100 UTC;0;961,1;961,8;960,4;0;16,9;16,9;17,1;16,8;17;16,8;100;100;100;162;11,9;7,3;
2026/01/19;0200 UTC;0;962,1;962,5;961,7;0;16,4;16;16,7;16,1;16,8;15,1;100;95;98;158;9,4;7,1;
2026/01/19;0300 UTC;0;962,7;963;962,5;0;15,8;14,5;16;15,7;15,2;14;96;92;94;170;8,2;6,5;
2026/01/19;0400 UTC;0;962,9;963;962,6;0;15,3;13,5;15,7;14,9;14,2;13;93;89;91;165;10;7,4;
2026/01/19;0500 UTC;0;962,3;962,7;962;0;14,6;12,9;14,9;14,3;13,1;12,6;92;90;91;165;11;8,3;
2026/01/19;0600 UTC;0;962;962,1;961,7;0;14,1;12,5;14,3;13,9;12,7;11,9;93;89;92;162;9,6;7;
2026/01/19;0700 UTC;0;961,8;961,9;961,7;0;13,8;11,3;14,1;13,5;12;10,9;90;86;87;162;10,6;7,4;
2026/01/19;0800 UTC;0;961,8;962;961,7;0;13,3;10,2;13,5;13;10,9;9,5;87;82;85;159;10,2;7,6;
2026/01/19;0900 UTC;0;962;962,3;961,9;4,3;12,9;8,9;13,1;12,7;9,6;7,9;83;75;80;160;9,6;7,1;
2026/01/19;1000 UTC;0;962,6;962,9;962,3;210;13,8;8,1;14,7;12,9;8,5;7,8;75;68;71;160;9,9;7,1;
2026/01/19;1100 UTC;0;963,2;963,5;962,8;1131,4;15,8;9,5;16,7;14,8;10,4;8,4;71;65;69;158;10,5;7,1;
2026/01/19;1200 UTC;0;963,6;963,8;963,5;1677,3;17,2;10,2;18,1;16;11,2;9,4;69;62;65;157;13,8;9,4;
2026/01/19;1300 UTC;0;964;964,2;963,8;2526,7;19,1;11;20,5;17,8;11,9;9,4;68;51;59;146;15,6;10,2;
2026/01/19;1400 UTC;0;964,4;964,6;964,2;3346,1;20,3;10,4;21,2;19,2;11,8;9,3;56;46;51;162;11,9;8,5;
2026/01/19;1500 UTC;0;964,4;964,6;964,2;3305;21,1;11,2;22,5;19,6;12,9;9,5;55;46;51;150;13,5;8,6;
2026/01/19;1600 UTC;0;964,4;964,5;964,3;2500,5;21,2;11,8;22,4;20,1;13,3;10,6;60;46;53;133;11,7;8,3;
2026/01/19;1700 UTC;0;964,3;964,5;964,2;2611,5;21,1;13,1;22,9;20,1;14,6;12,2;64;53;60;130;12,5;8,7;
2026/01/19;1800 UTC;0;964,3;964,5;964,1;2003,3;20,5;12,6;21,3;19,7;13,7;11,9;65;56;61;131;12,1;7,5;
2026/01/19;1900 UTC;0;964,1;964,3;963,9;1775;20,3;12;21,9;19,4;12,9;11,3;63;52;59;135;12,1;7,9;
2026/01/19;2000 UTC;0;963,8;964;963,6;1244,2;19,8;11,3;21,1;18,9;12,1;10,7;61;53;58;132;9,6;6,9;
2026/01/19;2100 UTC;0;963,7;963,8;963,6;545;18,7;10,6;19,7;18,4;11;9,8;62;54;59;131;9,3;6,3;
2026/01/19;2200 UTC;0;963,6;963,8;963,5;454,5;18,1;9,4;18,9;17,7;10,4;8,6;60;54;57;128;7,5;5,4;
2026/01/19;2300 UTC;0;963,8;963,9;963,7;56,3;16,4;8,8;17,6;15,4;9,1;8,6;67;56;62;125;5;4,1;
2026/01/20;0000 UTC;0;964;964,1;963,8;0;15,2;8,9;15,4;15;9,7;8,4;73;65;69;124;5,2;4;
2026/01/20;0100 UTC;0;964,3;964,5;964,1;0;15,1;10,2;15,3;15;10,8;9,7;77;73;75;130;3,7;2,7;
2026/01/20;0200 UTC;0;964,5;964,5;964,4;0;14,8;10,7;15,3;14,4;11;10,4;83;77;80;117;3,8;3;
2026/01/20;0300 UTC;0;964,4;964,5;964,3;0;14,4;11,1;14,5;14,2;11,2;11;84;83;84;116;4,5;3,1;
2026/01/20;0400 UTC;0;964,1;964,3;963,9;0;13,9;11,2;14,3;13,5;11,3;11,1;89;84;86;123;3,5;2,2;
2026/01/20;0500 UTC;0;963,7;963,9;963,4;0;14,4;11,4;15,1;13,3;11,6;11,1;90;80;85;119;3,4;2,7;
2026/01/20;0600 UTC;0;963,4;963,4;963,3;0;14,3;11,2;15;13,7;11,4;11;88;81;84;144;2,9;2,4;
2026/01/20;0700 UTC;0;963,4;963,4;963,3;0;13,9;11,1;14,1;13,5;11,4;10,8;88;84;86;152;2,8;1,8;
2026/01/20;0800 UTC;0;963,5;963,6;963,4;0;13,9;10,9;14,2;13,7;11;10,8;86;83;85;200;2,4;1,9;
2026/01/20;0900 UTC;0;963,8;963,9;963,6;5,7;13,7;10,9;14,2;13,3;11;10,8;88;83;86;175;3,4;2,8;
2026/01/20;1000 UTC;0;964,1;964,2;963,9;207,6;15,1;11;16,1;13,7;11,6;10,6;86;74;80;163;3,7;2,4;
2026/01/20;1100 UTC;0;964,4;964,7;964,2;1193,9;16,7;11,6;17,6;16,1;12,4;11;78;71;75;174;3,4;2,2;
2026/01/20;1200 UTC;0;964,9;965;964,7;2037,4;19;12,9;20,3;17,6;13,7;11,8;73;64;69;162;6,1;4,4;
2026/01/20;1300 UTC;0;964,8;964,9;964,7;2457,1;20,7;12,9;21,4;20,2;14;12;67;56;61;128;6,3;3,5;
2026/01/20;1400 UTC;0;964,7;964,9;964,5;2647,4;21,7;13,1;23;20,2;14;12;63;50;57;131;6,6;4,1;
2026/01/20;1500 UTC;0;964,5;964,6;964,3;3218,6;22,5;13,2;23,9;21;14,4;11,9;62;47;54;114;7,6;3,8;
2026/01/20;1600 UTC;0;964,1;964,3;964;2705,6;22,3;13,8;23,7;20,3;15,4;12,7;67;49;58;130;7,6;5,2;
2026/01/20;1700 UTC;0;963,7;964;963,5;3945;23,9;14,4;25;22,9;15,3;13,4;57;46;53;131;8,6;4,9;
2026/01/20;1800 UTC;0;963,5;963,6;963,3;2334,3;22,7;13,8;25;21,3;15,4;12,9;60;46;55;124;9,9;5,5;
2026/01/20;1900 UTC;;;;;;;;;;;;;;;;;;
2026/01/20;2000 UTC;0;962,8;962,9;962,7;1683,6;20,9;14,4;22,3;19,7;15,1;13,1;73;60;67;121;10,4;6,8;
2026/01/20;2100 UTC;0;962,8;962,8;962,7;1176,4;19,7;13,6;20,3;19;14,4;13,2;74;66;69;122;8,8;6,5;
2026/01/20;2200 UTC;0;962,9;963,1;962,7;639;19,3;13;20;18,4;13,7;12,1;70;67;69;116;9,4;6,2;
2026/01/20;2300 UTC;0;963,1;963,2;963;54,5;17,4;12;18,3;16,7;12,2;11,8;77;68;73;112;7,6;4,8;
2026/01/21;0000 UTC;0;963,3;963,4;963,1;0;16,4;12,1;16,7;16;12,1;12;80;77;78;96;6;4,2;
2026/01/21;0100 UTC;0;963,6;963,8;963,4;0;15,7;12,2;15,9;15,6;12,3;12;84;80;82;92;6,1;3,6;
2026/01/21;0200 UTC;0;963,9;964;963,8;0;15,3;12,2;15,6;15;12,4;12,1;85;84;85;96;5,6;3,7;
2026/01/21;0300 UTC;0;964;964,1;964;0;14,9;11,9;15,1;14,7;12,1;11,7;86;84;85;98;5,5;3,9;
2026/01/21;0400 UTC;0;964,1;964,2;964;0;14,7;11,5;14,8;14,6;11,7;11,3;85;83;84;92;5,1;3,6;
2026/01/21;0500 UTC;0;963,7;964;963,5;0;14,6;11,3;14,7;14,5;11,5;11;84;82;84;81;4,9;2,8;
2026/01/21;0600 UTC;0;963,3;963,5;963;0;14,1;11,1;14,5;13,9;11,3;10,9;86;83;85;93;5,2;3,1;
2026/01/21;0700 UTC;0;962,9;963;962,9;0;14,4;10,8;14,5;14;10,9;10,6;85;81;82;88;6,5;4,1;
2026/01/21;0800 UTC;0;963;963,2;962,9;0;14,7;10,9;14,8;14,5;11,1;10,7;83;80;81;90;6,3;4,4;
2026/01/21;0900 UTC;0;963,4;963,7;963,2;3,2;14,6;11,4;14,9;14,5;11,6;11,1;85;83;84;74;5,8;3,6;
2026/01/21;1000 UTC;0;964;964,1;963,7;194,9;15,8;12;17,2;14,9;12,6;11,5;84;76;81;95;4,3;2,9;
2026/01/21;1100 UTC;0;964,1;964,3;964;1170,1;18,2;13;19,3;17,2;13,5;12,3;78;69;74;114;5,8;3,9;
2026/01/21;1200 UTC;0;964,4;964,5;964,3;1841,6;20,3;14;20,9;19,4;14,7;13,3;72;64;68;89;6,6;4,1;
2026/01/21;1300 UTC;0;964,4;964,5;964,3;2195,4;20,8;13,9;22;19,5;14,8;13,1;72;60;66;92;8;4,5;
2026/01/21;1400 UTC;0;964,3;964,5;964,1;3071,9;22,6;14,3;23,6;21,9;15,2;13,6;62;54;58;114;8,3;5,5;
2026/01/21;1500 UTC;0;964,2;964,3;964;3854,8;23,9;14,7;24,9;22,5;16,2;13,6;59;49;54;107;8,5;4,8;
2026/01/21;1600 UTC;0;963,9;964;963,8;3024,6;23;14,6;24,6;21,3;15,6;13,7;64;52;58;107;9,8;5,8;
2026/01/21;1700 UTC;0;963,7;963,9;963,5;2875,1;23,1;14,8;24,5;21,7;16,1;13,6;62;53;59;116;9,4;6;
2026/01/21;1800 UTC;0;963,3;963,5;963,1;2805,1;23;14,5;24,5;21,4;15,8;13,5;62;52;57;110;10,4;6,8;
2026/01/21;1900 UTC;0;962,8;963,1;962,4;2995;23,4;14,4;24;22,2;15,2;13,7;59;53;55;119;10,9;7,1;
2026/01/21;2000 UTC;0;962,3;962,5;962;2047,7;22,3;14,7;22,9;21,5;15,5;13,8;67;58;62;108;11,4;7,2;
2026/01/21;2100 UTC;0;962,2;962,3;962,1;1336,2;21,9;14,1;22,4;21,3;14,3;13,7;63;59;61;100;10,1;6,3;
2026/01/21;2200 UTC;0;962,4;962,7;962,2;452,4;20;13,8;21,5;19,1;14,3;13,5;73;62;69;104;9,2;5,4;
2026/01/21;2300 UTC;0;962,7;962,9;962,6;76,6;18,9;13,5;19,8;18,1;13,8;13,3;76;69;73;89;9,4;5,7;
2026/01/22;0000 UTC;0;963;963,2;962,9;0;17,7;13,4;18,1;17,5;13,5;13,3;79;76;78;93;9,2;5,5;
2026/01/22;0100 UTC;0;963,3;963,4;963,1;0;17,3;13,5;17,5;17;13,7;13,3;84;80;81;88;8,2;4,6;
2026/01/22;0200 UTC;0;963,3;963,5;963,2;0;16,9;13,8;17,1;16,8;14;13,7;86;84;84;77;8,5;5;
2026/01/22;0300 UTC;0;963,4;963,6;963,3;0;16,7;14,3;16,9;16,5;14,6;14;90;86;88;79;9,1;4,2;
2026/01/22;0400 UTC;0;963,2;963,5;963,1;0;16,4;14,8;16,5;16,4;15;14,5;93;90;92;78;8;4,5;
2026/01/22;0500 UTC;0;963;963,2;962,8;0;16,4;15,2;16,5;16,3;15,4;15;95;93;94;73;7,4;4,6;
2026/01/22;0600 UTC;0;962,8;962,9;962,6;0;16,2;15,5;16,3;16,1;15,6;15,4;97;95;96;79;7;3,5;
2026/01/22;0700 UTC;0;962,8;962,9;962,7;0;16,1;15,6;16,2;16,1;15,7;15,5;98;97;97;59;5,6;3,1;
2026/01/22;0800 UTC;0;962,8;962,9;962,6;0;16,4;15,9;16,5;16,2;16;15,7;99;97;98;51;8;4,3;
2026/01/22;0900 UTC;0;963,2;963,3;962,9;3,5;16,3;16;16,3;16,2;16,1;15,9;99;98;99;62;7,4;3,9;
2026/01/22;1000 UTC;0;963,5;963,8;963,2;233,2;16,6;16,3;17,1;16,2;16,4;16,1;99;96;98;60;6,6;4;
2026/01/22;1100 UTC;0;964;964,1;963,8;1275,2;18,4;16,3;19,7;17,1;16,8;15,5;96;79;89;77;9,6;5,9;
2026/01/22;1200 UTC;0;964,2;964,3;964,1;1897,5;20,3;15,9;20,9;19,7;16,5;15,4;81;76;78;57;8,1;3,9;
2026/01/22;1300 UTC;0;964,1;964,2;963,9;2603,9;22,2;16,6;23;20,9;17,5;15,9;77;67;72;74;7,4;2,8;
2026/01/22;1400 UTC;0;964,1;964,2;963,9;2930,7;23,4;16,6;24,7;22,6;17,7;16,1;71;59;66;73;6,7;3,9;
2026/01/22;1500 UTC;0;963,9;964,1;963,7;2772,4;24,3;16,7;25,9;23,4;17,7;15,8;68;57;62;80;6,8;3,3;
2026/01/22;1600 UTC;0;963,4;963,7;963,2;3900;26;16,7;27,3;25,3;17,9;15,2;60;46;54;67;6,6;2,7;
2026/01/22;1700 UTC;0;963,2;963,3;963,1;3189,1;26,5;17;27,9;25,3;18;16;58;45;52;92;5,5;2,9;
2026/01/22;1800 UTC;0;962,8;963,1;962,5;2296,8;26,1;17,7;27,5;24,5;18,8;16,8;64;53;58;91;8,5;4,7;
2026/01/22;1900 UTC;0;962,2;962,5;962;2798,4;25,8;17,9;26,8;25;18,6;17,4;66;57;61;97;9,3;5,2;
2026/01/22;2000 UTC;0;961,9;962,2;961,7;2254,4;25,2;17,5;25,7;24,6;18,1;17;63;59;62;96;10,2;5,9;
2026/01/22;2100 UTC;0;961,8;961,9;961,7;1203;23,8;16,9;24,8;22,8;17,5;16,3;69;62;65;97;10,4;5,6;
2026/01/22;2200 UTC;0;962,1;962,3;961,8;460,8;22,1;16,3;23,1;21,3;16,7;16;74;67;71;93;10,3;5,8;
2026/01/22;2300 UTC;0;962,6;962,8;962,2;51,2;20,2;15,6;21,2;19,6;16;15,1;79;73;77;74;10,7;6,2;
2026/01/23;0000 UTC;0;963;963,3;962,7;0;19,2;15;19,5;18,8;15,2;14,9;82;77;79;75;10,3;5,8;
2026/01/23;0100 UTC;0;963,4;963,5;963,3;0;18,4;15,3;18,8;18,1;15,5;15,1;87;82;84;66;8,1;4,8;
2026/01/23;0200 UTC;0;963,5;963,7;963,4;0;17,9;15,5;18,1;17,6;15,5;15,4;89;87;88;60;8,5;4;
2026/01/23;0300 UTC;0;963,8;964;963,5;0;17,4;15,5;17,6;17,2;15,6;15,4;91;89;90;58;7,8;4,3;
2026/01/23;0400 UTC;0;963,8;963,9;963,7;0;17,2;15,7;17,3;17,1;15,8;15,5;94;91;93;51;8,9;4,3;
2026/01/23;0500 UTC;0;963,5;963,8;963,3;0;16,9;15,9;17,1;16,8;15,9;15,8;95;94;95;58;7,2;4;
2026/01/23;0600 UTC;0;963,1;963,3;962,8;0;16,9;15,9;17;16,8;15,9;15,8;96;95;95;49;7,4;3,9;
2026/01/23;0700 UTC;0;962,9;963;962,8;0;16,7;15,8;16,8;16,5;15,9;15,8;96;95;96;49;6,2;3,6;
2026/01/23;0800 UTC;0;963,2;963,6;962,9;0;16,5;15,7;16,8;16,4;15,8;15,6;96;95;96;50;5,5;2,8;
2026/01/23;0900 UTC;0;963,9;964,3;963,6;2,3;16,7;15,7;16,9;16,5;15,8;15,6;96;94;95;62;5,4;2,6;
2026/01/23;1000 UTC;0;964,5;964,7;964,2;195,4;17,3;15,7;18,4;16,6;15,9;15,4;95;87;92;77;5,7;3;
2026/01/23;1100 UTC;0;964,9;965,1;964,6;819,5;19;15,8;19,5;18,5;16,2;15,5;87;82;84;88;6,5;3,4;
2026/01/23;1200 UTC;0;965,3;965,6;964,9;846,2;19,6;15,9;20,1;19,1;16,4;15,6;84;79;82;77;6,8;3;
2026/01/23;1300 UTC;0;965,2;965,4;965;1995,4;21,5;16,4;22,9;20;17,6;15,9;82;68;75;84;7,8;4,4;
2026/01/23;1400 UTC;0;965,1;965,2;964,9;2291,8;22,8;16,6;24,3;21,7;17,9;16,1;76;63;69;80;7,5;4,1;
2026/01/23;1500 UTC;0;964,9;965;964,8;1828;23,2;16,7;23,9;22,2;17,4;16,2;71;63;67;84;8;4;
2026/01/23;1600 UTC;0;964,6;964,8;964,4;2683,6;24,4;17;25,7;23,4;17,9;16,4;68;59;63;102;9,3;6;
2026/01/23;1700 UTC;0;964,3;964,6;964;2958,1;24,7;17,2;26,1;22,7;18,4;16,4;69;57;63;99;10,2;6,3;
2026/01/23;1800 UTC;0;963,9;964,1;963,6;2707,3;24,8;17;25,9;23,6;18;16,3;65;57;61;88;9,1;4,8;
2026/01/23;1900 UTC;0;963,4;963,7;963,2;2708,7;25;17,1;25,8;23,8;17,8;16,2;66;57;60;105;11,4;6,8;
2026/01/23;2000 UTC;0;963,3;963,4;963,1;1961,8;24,1;17,1;25,1;23;17,8;16,6;70;59;65;89;8,6;5,2;
2026/01/23;2100 UTC;0;963;963,2;962,8;1367,2;23,5;17,1;24,4;22,7;17,7;16,6;71;64;68;103;9,8;6,3;
2026/01/23;2200 UTC;0;963;963,1;962,8;633,1;21,9;16,6;22,7;20,7;16,8;16,5;79;70;74;103;9,9;6,1;
2026/01/23;2300 UTC;0;963,3;963,6;963,1;79,1;20,2;16,4;20,9;19,4;16,7;16,3;84;78;81;101;8,7;5,1;
2026/01/24;0000 UTC;0;963,9;964,2;963,6;0;19,1;16,1;19,4;18,9;16,3;15,9;86;84;85;92;6,8;4,2;
2026/01/24;0100 UTC;0;964,3;964,5;964,2;0;18,3;15,7;18,9;17,7;15,9;15,5;89;85;87;88;7,8;4;
2026/01/24;0200 UTC;0;964,3;964,4;964,2;0;17,6;15,3;17,8;17,3;15,5;15,2;90;88;89;80;9;4,4;
2026/01/24;0300 UTC;0;964;964,2;963,8;0;17,3;15,2;17,4;17,1;15,3;15,1;90;89;90;69;6,7;4,2;
2026/01/24;0400 UTC;0;963,7;963,9;963,3;0;16,8;15,1;17,1;16,6;15,2;14,9;92;90;91;67;9,4;4,2;
2026/01/24;0500 UTC;0;963,1;963,4;962,9;0;16,3;14,8;16,6;16,1;14,9;14,7;93;91;92;62;6,5;3;
2026/01/24;0600 UTC;0;962,9;963,1;962,7;0;15,7;14,6;16,1;15,5;14,7;14,5;96;93;95;70;4,7;2,8;
2026/01/24;0700 UTC;0;962,5;962,7;962,4;0;15,7;14,6;15,8;15,4;14,8;14,5;96;94;95;82;5,7;2,8;
2026/01/24;0800 UTC;0;962,6;962,9;962,4;0;15,3;14,5;15,4;15,2;14,6;14,4;97;95;96;76;4,5;2,4;
2026/01/24;0900 UTC;0;963,1;963,3;962,9;2,2;15,2;14,3;15,4;15;14,4;14,1;97;94;95;57;4,7;2,6;
2026/01/24;1000 UTC;0;963,3;963,4;963,1;238;16,4;14;17,3;15,4;14,1;13,8;94;82;88;56;6,6;3,7;
2026/01/24;1100 UTC;0;963,7;963,8;963,3;1227,6;18,7;14,6;20,1;17,3;15,4;13,8;83;73;79;82;6,3;3,7;
2026/01/24;1200 UTC;0;963,9;964,1;963,8;1936,8;21,1;15,7;21,9;20,1;16,5;14,8;76;71;73;73;9,3;4,4;
2026/01/24;1300 UTC;0;963,7;963,9;963,5;2375;22,2;16,3;23,3;21,1;17;15,8;77;65;70;70;6,5;3;
2026/01/24;1400 UTC;0;963,5;963,6;963,5;3201,3;24,1;16,9;25,1;22,7;17,7;16,1;70;60;64;92;8,1;3,6;
2026/01/24;1500 UTC;0;963,5;963,7;963,2;3182,9;24,9;16,9;26,5;23,8;17,7;15,9;67;52;60;86;6,2;3,1;
2026/01/24;1600 UTC;0;963,2;963,3;962,9;3776,9;25,6;16,9;27;24,1;18,4;16;65;47;57;64;6,2;2,8;
2026/01/24;1700 UTC;0;962,7;962,9;962,4;3152,8;26,7;17,2;27,7;25,2;18,5;15,8;57;48;53;93;5,6;3,1;
2026/01/24;1800 UTC;0;962,3;962,5;962,1;2524,2;27,2;17,8;28,5;26,2;18,9;16,3;58;45;53;131;5,5;3,5;
2026/01/24;1900 UTC;0;961,8;962,1;961,6;2505,4;27,6;18,8;29;25,9;19,7;17,8;63;49;56;76;6,6;3,6;
2026/01/24;2000 UTC;0;961,4;961,6;961,3;1979,1;26,8;18,8;28,2;25,4;19,5;18,3;66;55;60;96;8;5;
2026/01/24;2100 UTC;0;961,2;961,4;961,1;1189,7;25,6;18,2;26,7;24,5;18,9;17,8;67;60;63;97;10;5,8;
2026/01/24;2200 UTC;0;961,6;961,7;961,4;604,5;23,5;17,8;24,4;22,4;18;17,6;78;67;71;97;10,1;6,2;
2026/01/24;2300 UTC;0;961,9;962,2;961,6;44,6;21,2;18,3;22,4;20,4;18,5;18;90;78;85;94;9,6;6;
2026/01/25;0000 UTC;0;962,5;962,8;962,2;0;20;18,8;20,4;19,8;19;18,5;96;91;94;86;8,5;5,2;
2026/01/25;0100 UTC;0;963,3;963,6;962,9;0;19,7;18,6;19,8;19,6;19;18,3;96;93;94;65;10;4,7;
2026/01/25;0200 UTC;0;963,7;963,8;963,6;0;19,5;18,2;19,6;19,4;18,4;18,1;94;93;94;65;9,7;5,5;
2026/01/25;0300 UTC;0;963,8;963,9;963,7;0;19,4;18,3;19,4;19,3;18,4;18,2;95;94;95;64;8,1;4,6;
2026/01/25;0400 UTC;0;963,5;963,8;963,1;0;19,1;18,3;19,3;19;18,5;18,1;97;95;96;60;8,6;4,7;
2026/01/25;0500 UTC;0;962,7;963,1;962,5;0;18,8;18,2;19,1;18,7;18,4;18,2;97;96;97;58;9,3;4,6;
2026/01/25;0600 UTC;0;962,6;962,7;962,5;0;18,7;18,1;18,8;18,6;18,2;17,9;97;96;97;41;8;3,9;
2026/01/25;0700 UTC;0;962,6;962,7;962,4;0;18,4;17,6;18,5;18,3;17,9;17,5;97;96;96;41;7,8;4,8;
2026/01/25;0800 UTC;0;962,5;962,7;962,3;0;18,2;17,6;18,3;18,1;17,9;17,5;98;96;97;38;9;4,6;
2026/01/25;0900 UTC;0;962,8;962,9;962,5;2,1;18,4;17,9;18,5;18,3;18;17,7;98;97;97;38;8,7;4,6;
2026/01/25;1000 UTC;0;963,2;963,6;962,9;133,1;18,7;18;19;18,3;18,1;17,8;98;95;97;46;7,5;4;
2026/01/25;1100 UTC;0;963,7;963,8;963,5;949,9;20;18,3;21,5;19;18,7;18,1;96;85;91;71;7,3;3,8;
2026/01/25;1200 UTC;0;963,9;964;963,7;2033,9;22,1;18;23,4;21,4;18,7;17,4;86;74;80;66;6,1;2,7;
2026/01/25;1300 UTC;0;964;964,1;963,9;2455,5;23,6;17,7;24,7;22,4;18,5;16,7;78;61;70;60;5,8;2,8;
2026/01/25;1400 UTC;0;964;964,1;963,9;3403;25,1;17,3;25,8;24,5;17,9;16,6;66;57;61;233;4,3;1,6;
2026/01/25;1500 UTC;0;963,8;964;963,5;3588,1;26,2;17,2;27;25,3;18,5;16,4;61;49;55;231;3,6;1,3;
2026/01/25;1600 UTC;0;963,4;963,6;963,1;;27,5;17,4;28,6;26,2;18,6;16,3;56;45;50;247;2,8;1,4;
2026/01/25;1700 UTC;0;962,8;963;962,5;3961,7;29,1;17,7;29,6;28,1;18,8;17;50;39;43;187;3,8;1,5;
2026/01/25;1800 UTC;0;962,3;962,6;962,1;2682,7;29,6;18,6;31;28,3;20,2;16,2;51;36;45;125;5,8;3,5;
2026/01/25;1900 UTC;0;961,7;962,1;961,3;1977,5;29,1;19,7;30,8;27,6;20,9;18,4;62;41;53;126;9,4;6,1;
2026/01/25;2000 UTC;0;961,2;961,4;961,1;2039,5;28;20,3;29,1;27,2;20,8;19,8;64;58;61;106;9,7;6;
2026/01/25;2100 UTC;0;961,1;961,3;961;1168;26,8;20,1;27,8;26,1;20,5;19,9;70;63;66;100;9,4;6,1;
2026/01/25;2200 UTC;0;961,4;961,7;961,2;526,7;25,1;19,9;26,2;24,3;20,1;19,7;78;69;74;86;10,3;5,6;
2026/01/25;2300 UTC;0;961,8;962;961,6;47,1;23,1;19,8;24,2;22,3;20;19,7;88;79;83;78;9,5;5,7;
2026/01/26;0000 UTC;0;962,2;962,5;961,9;0;21,7;19,6;22,3;21,3;19,8;19,5;91;88;90;73;10,6;6,3;
2026/01/26;0100 UTC;0;962,7;962,9;962,4;0;21,1;19,3;21,3;20,8;19,5;19,1;92;91;91;72;11,2;6;
2026/01/26;0200 UTC;0;962,8;962,9;962,6;0;20,7;19;20,8;20,6;19,1;18,8;92;91;91;62;9,8;5,5;
2026/01/26;0300 UTC;0;962,6;962,9;962,4;0;20,4;18,8;20,6;20,2;18,9;18,6;92;91;92;64;9,8;5;
2026/01/26;0400 UTC;0;962;962,4;961,7;0;20;18,5;20,2;19,9;18,6;18,4;93;92;93;60;9,4;4,6;
2026/01/26;0500 UTC;0;961,5;961,8;961,3;0;19,7;18,2;19,9;19,6;18,5;18,1;93;92;93;38;9,1;5,4;
2026/01/26;0600 UTC;0;961,2;961,4;961,1;0;19,3;18,1;19,5;19,1;18,1;18;95;93;94;53;7,4;4,3;
2026/01/26;0700 UTC;0;961,1;961,2;961;0;19;18,2;19,1;18,9;18,3;18,1;96;95;96;72;7,4;4,2;
2026/01/26;0800 UTC;0;961,3;961,6;961,1;0;19,1;18,2;19,2;19;18,3;18,1;96;95;96;58;6,9;3,9;
2026/01/26;0900 UTC;0;961,8;962,1;961,5;2,1;19;18;19,1;18,9;18,1;17,9;96;94;95;57;7,9;3,8;
2026/01/26;1000 UTC;0;962,2;962,7;961,9;139,9;19,4;18,1;20,2;18,9;18,4;17,8;95;91;94;78;8,2;5;
2026/01/26;1100 UTC;0;963;963,2;962,7;1100,2;21,3;18,7;22,4;20,1;19,3;18,3;91;83;87;78;6,8;4,2;
2026/01/26;1200 UTC;0;963,2;963,3;963,2;1845,6;23,3;19,4;24,1;22,4;20;18,8;84;75;81;74;4;1,9;
2026/01/26;1300 UTC;0;963,2;963,3;963,1;2627,2;25,2;19,7;26,4;24;20,3;19,2;78;67;73;100;5,1;2,2;
2026/01/26;1400 UTC;0;963,3;963,5;963,2;3266,1;27,4;20,4;28,5;26,2;21,3;19,1;70;61;65;172;3,1;1,3;
2026/01/26;1500 UTC;0;963;963,3;962,8;3675,5;28,7;20,4;30,2;27,7;21,5;19,6;65;52;59;203;5,9;2,7;
2026/01/26;1600 UTC;0;962,5;962,8;962,1;4058,4;30,5;20,5;31,6;29,7;21,4;19,6;57;44;50;222;5,4;2,5;
2026/01/26;1700 UTC;0;962,2;962,3;961,8;2405,1;31;20,8;33,1;29,4;22,8;19,4;56;43;49;111;6,6;4;
2026/01/26;1800 UTC;0;961,7;961,8;961,6;987,5;29,8;21,4;32,4;28,5;22,7;20,9;63;48;58;120;6,3;4,3;
2026/01/26;1900 UTC;0;961,4;961,6;961,2;1928,9;29,1;22,4;30,3;28,5;23,4;21;69;62;66;101;8,3;5,6;
2026/01/26;2000 UTC;0;960,9;961,2;960,8;2284,6;29,6;22,4;30,6;28,5;23,3;21,5;67;62;64;100;8,4;5,8;
2026/01/26;2100 UTC;0;960,7;960,8;960,6;1326,5;27,7;20,8;28,7;27;21,5;20,4;68;63;65;97;9,6;6,5;
2026/01/26;2200 UTC;0;961;961,1;960,8;667,7;26,5;20;27,4;25,5;20,5;19,5;70;65;68;92;8,9;5,9;
2026/01/26;2300 UTC;0;961,3;961,5;961;52,7;24,3;19,2;25,5;23,4;19,6;18,8;78;70;75;87;8,5;5,8;
2026/01/27;0000 UTC;0;961,8;962;961,5;0;22,9;19,5;23,4;22,5;20,1;18,8;88;77;83;78;9,2;5,6;
2026/01/27;0100 UTC;0;962,1;962,2;961,9;0;22,2;20,6;22,5;21,8;20,8;20,2;95;89;92;70;8,9;5,1;
2026/01/27;0200 UTC;0;962,3;962,4;962,1;0;21,6;20,6;21,8;21,4;20,8;20,4;96;95;95;44;8,6;4,4;
2026/01/27;0300 UTC;0;961,9;962,2;961,5;0;21,2;20,1;21,4;21,2;20,4;19,7;96;93;94;34;8,8;5,7;
2026/01/27;0400 UTC;0;961,3;961,5;961;0;21,1;19,2;21,2;20,9;19,7;19;92;89;90;40;6,9;3,8;
2026/01/27;0500 UTC;0;961;961,3;960,7;0;20,6;19,7;20,8;20,4;19,9;19,1;97;92;96;37;7,7;4,9;
2026/01/27;0600 UTC;0;960,6;960,7;960,5;0;20,6;19;21,1;20,3;19,8;17,6;97;83;92;33;6,6;4,9;
2026/01/27;0700 UTC;0;960,6;960,7;960,6;0;22,3;16,2;23,1;21;17,7;15,2;83;60;69;28;7,4;4,6;
2026/01/27;0800 UTC;0;960,8;961,1;960,6;0;23,5;15,1;23,8;23,2;15,8;14,5;62;54;58;54;6,9;5;
2026/01/27;0900 UTC;0;961,2;961,5;961;1,5;24,2;14,4;24,6;23,8;14,9;14;55;48;51;195;6,2;4,5;
2026/01/27;1000 UTC;0;961,8;962,1;961,5;117,3;24,1;14,9;24,8;23,2;15,7;14,4;62;49;54;343;3,5;2,8;
2026/01/27;1100 UTC;0;962,2;962,3;962,1;946,4;24,5;16,8;26,1;23,1;18,6;15,4;64;59;61;312;3,3;1,8;
2026/01/27;1200 UTC;0;962,2;962,3;962;1851,7;27,4;19;28,4;26,3;19,5;18,5;63;52;58;309;3,3;2;
2026/01/27;1300 UTC;0;961,9;962,1;961,8;2633,2;29,3;19,3;30,2;28,4;19,9;18,7;55;44;50;293;5,5;2,5;
2026/01/27;1400 UTC;0;961,7;961,9;961,6;3233,7;31;19,2;31,8;30,3;20,4;17,8;47;34;41;281;4,8;2;
2026/01/27;1500 UTC;0;961,5;961,7;961,3;3367,9;32,3;20,1;33,3;31,4;20,9;19,5;44;36;39;210;3,7;1,1;
2026/01/27;1600 UTC;0;961,2;961,4;960,9;3181;32,8;20,5;34,1;31,4;21,7;19,4;42;36;39;144;6,3;3,2;
2026/01/27;1700 UTC;0;960,7;960,9;960,4;2981,5;33,3;20,7;35,2;31,9;22;19,4;44;33;37;138;8,2;5,6;
2026/01/27;1800 UTC;0;960;960,4;959,5;3001,3;34;22,6;35,1;32,4;24;20,4;49;36;43;116;7,6;4,3;
2026/01/27;1900 UTC;0;959,3;959,5;959;968,1;31,6;21,7;33,1;30,7;22,8;20,7;55;48;50;56;4,7;2,5;
2026/01/27;2000 UTC;,2;959,4;959,7;959,1;990,9;27,4;21;30,5;24,1;22,1;19,7;86;56;68;69;9,8;5,6;
2026/01/27;2100 UTC;0;959,1;959,3;959;966,2;25;19,9;26,1;23,6;20,6;18,9;84;67;74;98;7;5;
2026/01/27;2200 UTC;0;959,2;959,4;958,9;156,7;25,6;21;26,1;25;22,1;19,5;85;67;77;96;6,7;4,6;
2026/01/27;2300 UTC;0;960;960,3;959,4;4,3;24,7;22,2;25;24,1;22,3;22;91;85;88;106;4,8;3,3;
2026/01/28;0000 UTC;0;960,8;961,2;960,3;0;23,8;21,9;24,1;23,5;22,3;21,7;92;89;90;171;3,1;1,6;
2026/01/28;0100 UTC;0;961,2;961,3;961;0;23,3;21,4;23,7;22,9;21,9;20,4;93;87;90;88;2,3;1,6;
2026/01/28;0200 UTC;0;961,3;961,5;961,1;0;23,1;20,2;23,4;22,6;20,7;20;91;84;86;326;2,6;1,8;
2026/01/28;0300 UTC;0;960,9;961,3;960,6;0;22,6;20,2;23,2;22,4;21,7;19;96;82;88;55;4,3;2,7;
2026/01/28;0400 UTC;0;960,5;960,7;960,2;0;23,4;19,2;23,7;22,6;20,5;18,7;86;76;79;38;5,8;3,4;
2026/01/28;0500 UTC;0;960;960,3;959,9;0;24;18,6;25;23,3;20,5;17;86;60;73;41;5,5;3,7;
2026/01/28;0600 UTC;0;959,6;959,9;959,4;0;25;17,1;25,4;24,8;17,4;16,8;63;59;61;53;5,2;3,2;
2026/01/28;0700 UTC;0;959,6;959,7;959,5;0;23,6;17,9;25;22,8;19,6;17;84;60;72;86;2,9;2;
2026/01/28;0800 UTC;0;959,6;959,8;959,5;0;22,2;20,7;22,8;21,7;21,3;19,8;96;85;92;153;2,6;1,2;
2026/01/28;0900 UTC;0;960;960,3;959,8;,1;21,9;21,2;22,4;21,6;21,5;20,6;98;94;97;99;2,7;1,7;
2026/01/28;1000 UTC;0;960,5;960,9;960,2;89,7;21,9;21,6;22,1;21,7;21,9;21,4;99;97;99;137;2,8;1,7;
2026/01/28;1100 UTC;0;961;961,2;960,8;236,6;22,3;22,2;22,7;22;22,5;21,9;100;99;99;126;4,1;3,2;
2026/01/28;1200 UTC;0;961,1;961,2;961;551,9;23;22,3;23,9;22,7;22,5;22;99;90;96;127;4,7;3,1;
2026/01/28;1300 UTC;0;961,3;961,6;961,2;1292,4;24,8;22,1;25,7;24;22,4;21,9;91;81;86;134;5,9;4,2;
2026/01/28;1400 UTC;0;961,5;961,6;961,4;2344,1;27;22,4;28,2;25,7;23;21,9;84;70;77;127;6,2;4,1;
2026/01/28;1500 UTC;0;961,5;961,6;961,4;3002,5;28,7;22,4;29,6;27,9;23,3;21,5;72;61;69;134;6,1;3,6;
2026/01/28;1600 UTC;0;961,2;961,5;960,9;3771,2;30,1;22,5;30,8;29,4;23,1;21,9;67;57;62;114;6,2;3,3;
2026/01/28;1700 UTC;0;960,6;960,9;960,3;3782,4;31,2;22,2;32,3;30,2;23,2;20,8;61;48;55;134;5,6;3;
2026/01/28;1800 UTC;0;959,9;960,3;959,4;3104,9;31,9;21,8;32,9;30,3;22,6;20,7;55;45;50;125;5,4;3;
2026/01/28;1900 UTC;0;959,3;959,5;959;1739;31;22,1;32,4;29,4;22,8;21,4;62;48;55;123;7,5;4,6;
2026/01/28;2000 UTC;0;958,7;959,1;958,2;1240,5;29,2;22,2;30,8;27,4;23,1;21,2;70;60;65;114;9,6;6,1;
2026/01/28;2100 UTC;0;958,9;959,3;958,3;307,9;26,9;21,2;27,4;26,6;21,4;20,9;73;69;71;108;6,7;4,2;
2026/01/28;2200 UTC;0;959,5;959,9;958,9;173,5;25,8;21,1;26,6;25,1;21,3;20,9;80;72;76;97;8,8;5,6;
2026/01/28;2300 UTC;0;960;960,2;959,8;26;24,2;21,5;25,1;23,5;21,7;21,1;90;80;87;104;6;3,9;
2026/01/29;0000 UTC;0;960;960,3;959,7;0;23,2;21,4;23,5;22,9;21,8;21,1;94;89;91;105;7,3;5,4;
2026/01/29;0100 UTC;0;960,6;960,8;960,4;0;22,5;21,8;22,8;22,2;21,9;21,6;97;95;96;101;7,2;4,5;
2026/01/29;0200 UTC;0;960,8;960,9;960,7;0;22;21,5;22,2;21,8;21,6;21,4;99;97;98;107;7,2;5;
2026/01/29;0300 UTC;0;961,1;961,2;960,8;0;21,7;21,5;21,8;21,6;21,6;21,1;99;97;99;76;5,3;2,6;
2026/01/29;0400 UTC;0;960,7;961,1;960,4;0;21,5;21,2;21,6;21,4;21,4;21;99;97;98;107;4,4;2,8;
2026/01/29;0500 UTC;0;960;960,3;959,8;0;21,3;21,1;21,4;21,3;21,2;21;99;99;99;99;4;2,4;
2026/01/29;0600 UTC;0;960;960,2;959,9;0;21,2;21;21,3;21,2;21,2;21;99;99;99;142;5,1;3,7;
2026/01/29;0700 UTC;0;959,9;960;959,8;0;21,1;21;21,3;20,8;21,2;20,7;99;99;99;108;3,1;2,1;
2026/01/29;0800 UTC;0;959,8;959,9;959,7;0;21;20,9;21,1;20,9;21;20,8;100;99;100;129;3,6;2,7;
2026/01/29;0900 UTC;0;959,9;960,2;959,7;,8;20,9;20,9;21;20,8;21,1;20,8;100;100;100;128;4,4;3;
2026/01/29;1000 UTC;0;960,1;960,4;960;232,1;21,2;21,1;21,6;21;21,3;21;100;98;100;99;6,2;4,1;
2026/01/29;1100 UTC;0;960,8;961,1;960,4;506,3;22,2;21;22,8;21,6;21,4;20,1;98;87;94;140;3,4;1,1;
2026/01/29;1200 UTC;0;961;961,2;960,8;954,5;23,4;20,7;24,6;22,5;21,3;19,9;91;81;86;134;4,3;2,9;
2026/01/29;1300 UTC;0;961;961,1;960,7;1258,6;24,7;20,5;25,5;24;21,2;19,5;82;75;79;114;2,9;1,3;
2026/01/29;1400 UTC;0;961;961,1;960,8;1407,6;24,4;20,3;25;23,8;20,7;19,3;83;75;79;307;4,9;2,9;
2026/01/29;1500 UTC;2,4;960,7;960,9;960,4;1441,4;24,9;20,6;26,2;22,7;21,6;19,8;91;72;79;149;13;5,3;
2026/01/29;1600 UTC;10,2;960,6;961;960,1;1558,9;21,7;20,9;24;20,6;23,2;19,9;98;91;96;99;4,2;2,4;
2026/01/29;1700 UTC;0;959,6;960,1;959,2;3004,5;24,9;22,5;26,4;23,9;23,8;21,3;94;77;88;117;6,6;4,3;
2026/01/29;1800 UTC;0;959;959,3;958,7;3302,3;26,5;21,8;27,1;25,7;22,9;20,5;84;71;77;129;10,1;7,3;
2026/01/29;1900 UTC;0;958,8;959;958,6;751,9;23,3;20,1;25,5;22,6;20,9;19,6;88;73;84;138;8,9;6,3;
2026/01/29;2000 UTC;0;958,6;958,9;958,2;1467,7;23,9;20,7;25,1;22,7;21,4;19,7;88;79;84;132;9,8;7,1;
2026/01/29;2100 UTC;0;958,2;958,4;958;1149,2;24,9;20,6;25,2;24,2;21,2;20,2;83;76;79;133;11,4;7,4;
2026/01/29;2200 UTC;0;958,8;959,3;958,3;314,2;23,4;20,8;24,6;22,5;21,1;20,4;92;81;87;119;9,2;5,8;
2026/01/29;2300 UTC;0;959,4;959,6;959,2;25,7;22,1;21;22,5;21,8;21,2;20,8;95;92;94;125;10,9;7,3;
2026/01/30;0000 UTC;0;959,6;959,8;959,3;0;21,6;21;21,8;21,5;21,1;20,8;98;95;97;122;9,2;6,2;
2026/01/30;0100 UTC;0;960,1;960,2;959,8;0;21,4;20,8;21,5;21,2;21,1;20,6;98;97;97;128;8,5;6;
2026/01/30;0200 UTC;0;960,3;960,4;960,1;0;21,1;20,7;21,2;21;20,9;20,6;99;98;98;128;8,1;5,5;
2026/01/30;0300 UTC;0;960,2;960,4;959,9;0;21;20,7;21,1;20,9;20,8;20,6;99;98;99;110;7,3;4,4;
2026/01/30;0400 UTC;0;959,8;960;959,5;0;20,8;20,6;21;20,7;20,8;20,5;99;99;99;112;6,5;4,2;
2026/01/30;0500 UTC;0;959;959,5;958,7;0;20,6;20,5;20,7;20,5;20,6;20,4;100;99;99;112;8;5;
2026/01/30;0600 UTC;0;958,7;958,9;958,6;0;20,5;20,3;20,5;20,3;20,4;20,2;100;99;99;123;5,6;3,9;
2026/01/30;0700 UTC;0;958,7;958,9;958,6;0;20,3;20,3;20,4;20,1;20,4;20,1;100;100;100;133;5,7;4,1;
2026/01/30;0800 UTC;0;958,6;958,7;958,4;0;20,2;20,3;20,3;20,1;20,3;20,2;100;100;100;133;7,8;5,3;
2026/01/30;0900 UTC;0;958,9;959,2;958,5;,1;20,1;20,2;20,2;20;20,2;20,1;100;100;100;132;7,3;4,2;
2026/01/30;1000 UTC;0;959,4;959,6;959,1;94;20,2;20,1;20,3;20;20,3;20;100;100;100;130;6;4,1;
2026/01/30;1100 UTC;0;960;960,3;959,5;284,6;20,6;20,3;21;20,3;20,5;20,1;100;95;98;136;7,7;5,2;
2026/01/30;1200 UTC;0;960,4;960,5;960,3;1035,1;22,1;20,1;23,7;21;20,6;19,6;96;82;90;144;6,7;4;
2026/01/30;1300 UTC;0;960,3;960,4;960,2;1608,1;23,7;19,9;24,9;22,5;20,8;19,5;87;76;81;146;6,6;4,3;
2026/01/30;1400 UTC;0;960,1;960,2;959,9;2718,7;25,4;19,7;27,7;23,2;20,7;18,8;80;61;72;139;8;5,1;
2026/01/30;1500 UTC;0;959,8;959,9;959,7;2580,7;26;19,7;27,7;24,4;20,8;18,9;75;61;69;128;8,7;4,6;
2026/01/30;1600 UTC;0;959,5;959,8;959,2;3589,4;26,8;20,3;28,5;25,5;21,6;19,1;75;61;67;132;7,9;4,9;
2026/01/30;1700 UTC;0;958,9;959,2;958,5;3048,3;26,5;20,1;27,4;25,4;21,1;18,9;75;61;68;108;7,2;4,1;
2026/01/30;1800 UTC;11,2;958,6;959,1;958,2;1646,7;23,4;19;27,5;19;20,3;17,3;99;59;78;141;12,1;6,8;
2026/01/30;1900 UTC;2,6;958,6;959,1;958,1;698,6;19,7;19,5;21,1;18,8;20,8;18,5;99;98;99;96;4,9;3,1;
2026/01/30;2000 UTC;0;957,8;958,1;957,5;817,1;21,3;20,8;21,6;21,1;21,2;20,4;99;96;97;110;6,4;4,2;
2026/01/30;2100 UTC;0;957,8;958;957,5;262,1;20,9;20,3;21,1;20,4;20,6;19,8;98;96;97;131;7,9;5,4;
2026/01/30;2200 UTC;0;958;958,3;957,9;68,4;20,1;19,6;20,4;19,9;19,9;19,4;99;97;98;137;8,2;5;
2026/01/30;2300 UTC;,8;958,3;958,4;958,2;10,2;19,8;19,8;20;19,7;19,9;19,7;100;99;100;129;7,5;5;
2026/01/31;0000 UTC;0;958,3;958,5;958,1;0;19,6;19,7;19,8;19,4;19,9;19,5;100;100;100;133;9,1;6,2;
2026/01/31;0100 UTC;0;958,2;958,4;958,1;0;19,4;19,4;19,5;19,2;19,6;19,3;100;100;100;125;8;5,1;
2026/01/31;0200 UTC;0;958;958,1;957,9;0;19,1;19,2;19,2;19;19,3;19,1;100;100;100;122;7,6;4,9;
2026/01/31;0300 UTC;0;957,6;957,9;957,3;0;19;19,1;19,1;19;19,2;19,1;100;100;100;122;6,8;4,8;
2026/01/31;0400 UTC;0;957,3;957,4;957,2;0;19,1;19,2;19,1;19,1;19,2;19,1;100;100;100;126;6,8;3,6;
2026/01/31;0500 UTC;,2;956,9;957,2;956,7;0;19,1;19,2;19,2;19;19,3;19,1;100;100;100;136;5,4;3,2;
2026/01/31;0600 UTC;12,2;956,7;956,8;956,6;0;18,5;18,6;19,1;18;19,2;18;100;100;100;110;5,6;3,1;
2026/01/31;0700 UTC;18,6;956,8;956,9;956,6;0;17,2;17,3;18,2;16,7;18,3;16,8;100;100;100;92;6,3;3,6;
2026/01/31;0800 UTC;1,4;956,4;956,5;956,2;0;16,8;16,9;17,6;16,1;17,7;16,2;100;100;100;121;5,3;3,4;
2026/01/31;0900 UTC;0;956,5;956,7;956,3;0;17,4;17,5;17,7;17,1;17,8;17,2;100;100;100;170;3,7;2,3;
2026/01/31;1000 UTC;0;956,8;957,1;956,5;71,9;17,7;17,8;17,9;17,5;18;17,6;100;100;100;155;3,4;2,1;
2026/01/31;1100 UTC;0;957,2;957,3;957,1;284,5;18;18,1;19,2;17,6;19,3;17,7;100;100;100;150;3,2;2,3;
2026/01/31;1200 UTC;0;957,5;957,7;957,2;795,5;19;18,9;19,5;18,7;19,5;18,4;100;98;99;138;6,8;4,1;
2026/01/31;1300 UTC;0;957,4;957,5;957,3;1593,4;19,9;19,1;21;19,3;19,8;18,3;98;87;96;116;6,3;4,3;
2026/01/31;1400 UTC;0;957,1;957,3;956,8;2973,4;22;19;23,2;20,8;19,7;18;92;76;85;130;7,3;4,5;
2026/01/31;1500 UTC;0;956,8;957,1;956,4;2908,6;23,4;18,6;24,7;22,3;19,8;17,4;84;69;76;168;9;5,7;
2026/01/31;1600 UTC;0;956,2;956,4;956,1;2111,8;21,9;18,5;22,6;21,1;19,5;17;89;75;83;155;5,3;3,1;
2026/01/31;1700 UTC;0;956,1;956,5;955,6;2024,9;22,4;18;23,5;21,9;19,9;16,4;86;71;78;154;5,2;3,9;
2026/01/31;1800 UTC;0;955,5;955,7;955,2;2606,3;23,3;17,7;24,4;22,1;19,1;16,6;78;65;72;181;4,7;3;
2026/01/31;1900 UTC;3,2;954,9;955,4;954,4;1200,6;21,1;18,8;24,2;19,6;20,1;16,7;97;70;89;180;4,3;2,5;
2026/01/31;2000 UTC;0;954,2;954,6;953,7;1224,7;20,8;18,7;22,1;20,2;19,3;18,2;94;82;90;203;5,4;2,8;
2026/01/31;2100 UTC;0;953,5;953,7;953,3;1316,4;21,7;16,9;22,1;21,2;18,2;16,1;82;72;76;163;8,4;5,3;
2026/01/31;2200 UTC;0;953,5;953,7;953,3;468,5;21,1;16,4;21,8;20,7;17,3;15,5;80;73;77;189;4,8;2,8;
2026/01/31;2300 UTC;0;953,7;954;953,6;40,1;20,1;16,3;20,7;19,5;16,9;15,6;87;75;81;187;2,6;1,8;
2026/02/01;0000 UTC;0;954,2;954,4;954;0;18,8;17;19,6;18,5;17,3;16,8;94;86;91;145;5,9;4;
2026/02/01;0100 UTC;0;954,4;954,6;954,3;0;18,4;17,1;18,7;17,8;17,2;16,9;97;91;94;165;5,9;4,3;
2026/02/01;0200 UTC;0;954,3;954,4;954,1;0;17,5;16,8;17,9;17,1;17,1;16,6;98;95;97;180;2,9;2,4;
2026/02/01;0300 UTC;0;953,9;954,2;953,7;0;17,1;16,6;17,3;16,9;16,7;16,4;98;96;97;212;3,3;2,5;
2026/02/01;0400 UTC;0;953,3;953,6;953,1;0;16,7;16,6;16,9;16,6;16,7;16,5;100;98;99;213;4,4;3,2;
2026/02/01;0500 UTC;0;952,9;953,1;952,6;0;16,7;16,7;16,7;16,6;16,7;16,6;100;100;100;232;3,5;2,1;
2026/02/01;0600 UTC;0;952,3;952,6;951,9;0;16,8;16,8;16,9;16,7;17;16,7;100;100;100;218;5,1;2,9;
2026/02/01;0700 UTC;0;951,8;952;951,6;0;17;17;17,1;16,9;17,1;17;100;100;100;220;6,4;3,6;
2026/02/01;0800 UTC;0;951,8;951,9;951,7;0;16,8;16,9;17;16,8;17;16,8;100;100;100;211;5,8;3,1;
2026/02/01;0900 UTC;0;952,2;952,6;951,9;0;16,9;16,9;16,9;16,8;17;16,9;100;100;100;208;7;4,1;
2026/02/01;1000 UTC;0;952,8;953,1;952,6;60,1;16,9;16,9;16,9;16,8;17;16,9;100;100;100;216;5,9;3,6;
2026/02/01;1100 UTC;0;953,3;953,6;953,1;330,7;17,2;17,3;17,6;16,9;17,7;16,9;100;100;100;210;7,1;4,3;
2026/02/01;1200 UTC;0;954;954,1;953,7;771,6;17,8;17,7;18,9;17,3;18;17,4;100;95;99;194;7,5;3,5;
2026/02/01;1300 UTC;0;954,3;954,4;954,1;1723,9;20,3;17,1;21,3;19;18,1;16,5;95;79;84;205;7,8;4,5;
2026/02/01;1400 UTC;0;954,2;954,4;954,1;2500,4;21,6;17,3;22,6;20,5;18;16,4;84;73;78;190;7,7;4,6;
2026/02/01;1500 UTC;0;954;954,1;953,9;3668,9;23,2;16,6;24,2;21,8;17,3;15,9;77;60;67;210;8,9;4,9;
2026/02/01;1600 UTC;0;953,7;953,9;953,5;3864,2;24,5;16,9;25,5;23,7;17,8;15,9;68;58;62;213;10,3;5,1;
2026/02/01;1700 UTC;0;953,5;953,6;953,3;3520,3;25,2;17,1;26;24,3;17,9;16,5;64;55;59;200;8,9;4,8;
2026/02/01;1800 UTC;0;953,5;953,8;953,1;1988,7;24,5;17,1;26,4;23,6;18,2;16,5;67;57;63;186;10,5;6,2;
2026/02/01;1900 UTC;0;953,3;953,4;953,2;2433,8;24,7;17,1;25,8;23,5;18;16,5;69;58;62;217;7,1;3,2;
2026/02/01;2000 UTC;0;953,4;953,5;953,1;1151,2;23,2;17,9;26,3;21,9;18,6;16,7;81;59;73;157;6,4;4,4;
2026/02/01;2100 UTC;0;953,7;954,2;953,4;770,7;23;17,7;24,8;20,6;18,9;16,2;86;65;74;193;9,4;4,5;
2026/02/01;2200 UTC;0;954,3;954,6;954,1;315,8;21,1;17,3;21,4;20,7;18;16,3;85;77;81;159;8,3;5,9;
2026/02/01;2300 UTC;0;955;955,4;954,3;21;20,7;18;21,2;20,2;18,2;17,7;90;83;87;180;4,9;3,2;
2026/02/02;0000 UTC;0;955,1;955,4;954,9;0;19,7;17,8;20,3;19,3;17,9;17,5;91;88;90;161;5,5;4,4;
2026/02/02;0100 UTC;0;955,3;955,8;954,9;0;19;17,4;19,3;18,8;17,7;17,3;94;91;92;139;6;4,5;
2026/02/02;0200 UTC;0;955,8;955,9;955,7;0;18,7;17,4;19;18,3;17,7;17,3;96;92;94;134;5,7;4,2;
2026/02/02;0300 UTC;0;955,6;955,9;955,1;0;18;17,4;18,3;17,7;17,4;17,3;98;96;97;150;7,2;5;
2026/02/02;0400 UTC;0;954,7;955,1;954,6;0;17,6;17,2;17,8;17,5;17,3;17,1;99;98;98;133;5,9;3,7;
2026/02/02;0500 UTC;0;954,7;954,8;954,5;0;17,3;17,1;17,5;17,2;17,2;17;100;98;99;149;2,8;2;
2026/02/02;0600 UTC;0;954,6;954,8;954,5;0;17,2;17,1;17,4;16,9;17,3;16,8;100;99;100;132;2,1;1,5;
2026/02/02;0700 UTC;0;954,8;955;954,5;0;17;17;17,5;16,7;17,5;16,6;100;99;100;299;,9;,6;
2026/02/02;0800 UTC;0;955,2;955,4;954,9;0;17,3;17,3;17,5;17,2;17,5;17,2;100;100;100;217;2,1;1,5;
2026/02/02;0900 UTC;0;955,6;955,8;955,4;0;17,7;17,3;18;17,4;17,6;16,8;100;94;98;187;1,4;,7;
2026/02/02;1000 UTC;0;956;956,2;955,8;149,5;18,1;17,1;18,3;17,7;17,5;16,7;97;93;95;304;1,2;,8;
2026/02/02;1100 UTC;0;956,2;956,3;956,1;1157,9;19,1;17;20,2;18,4;17,4;16,4;95;83;89;259;1,3;,6;
2026/02/02;1200 UTC;0;956,2;956,3;956,1;2100,1;21,4;17,1;22,4;20,2;18;15,1;86;64;79;310;3;1,4;
2026/02/02;1300 UTC;0;956,2;956,3;956,1;2693,5;23,4;15,9;25;22,5;17,2;14,9;70;58;62;168;4,7;2,4;
2026/02/02;1400 UTC;0;956,4;956,6;956,2;3313,8;24,8;17,1;25,8;24,1;18,2;15,9;67;57;62;196;4,9;2;
2026/02/02;1500 UTC;0;956,3;956,5;956,1;3769,9;26,3;16,9;27,2;25,4;18,2;15,5;62;47;53;203;5,7;2,5;
2026/02/02;1600 UTC;0;955,9;956,1;955,6;3587,3;26,6;16,5;27,5;25,8;18;15,2;55;46;50;197;5,4;2,6;
2026/02/02;1700 UTC;0;955,6;955,8;955,4;4012,7;27;16,3;28,3;25,9;17,9;15,1;51;42;47;170;6,1;3,8;
2026/02/02;1800 UTC;0;955,1;955,4;954,8;3019,3;27,6;17;28,6;26,5;18,9;15,8;53;42;47;143;4;1,6;
2026/02/02;1900 UTC;0;954,5;954,8;954,2;2244,9;27,7;17,5;28,3;26,9;18,2;16,4;52;43;49;171;5,3;3,6;
2026/02/02;2000 UTC;0;954,1;954,2;954;1826,7;27,7;17,7;28,1;27,4;18,5;17;54;47;50;169;2,8;1,6;
2026/02/02;2100 UTC;0;953,9;954;953,7;1229;27,5;17,8;28,3;26,5;18,5;16,9;57;46;51;156;4,4;2,9;
2026/02/02;2200 UTC;0;954;954,2;953,7;191,8;24,5;19,1;26,4;23,5;19,6;17,6;78;56;73;63;5,2;3,2;
2026/02/02;2300 UTC;0;954,3;954,4;954,2;17,6;22,5;19,2;23,5;21,8;19,4;19,1;87;79;83;79;6,5;4,2;
2026/02/03;0000 UTC;0;954,6;954,8;954,4;0;21,2;18,9;21,7;20,8;19,2;18,6;89;87;89;76;8,1;5,8;
2026/02/03;0100 UTC;0;954,9;955,1;954,6;0;20,7;18,9;20,8;20,6;19,3;18,6;94;89;91;62;9,2;5,3;
2026/02/03;0200 UTC;0;955,1;955,2;955;0;20,4;18,8;20,6;20,3;19,4;17,9;95;88;92;38;7,2;4;
2026/02/03;0300 UTC;0;955,1;955,3;955;0;20,3;19,1;20,4;20,2;19,4;18,5;96;91;94;36;8;4,9;
2026/02/03;0400 UTC;0;954,9;955,1;954,7;0;20,2;19,5;20,3;20,2;19,6;19,4;97;96;96;30;8,4;5,2;
2026/02/03;0500 UTC;0;954,4;954,8;954,2;0;20,1;19,5;20,3;19,9;19,6;19,3;98;96;97;39;8,7;5,1;
2026/02/03;0600 UTC;0;954;954,2;953,8;0;19,8;19,4;19,9;19,7;19,5;19,2;99;97;98;108;9;6,6;
2026/02/03;0700 UTC;0;953,8;953,9;953,7;0;19,6;18,9;19,8;19,5;19,2;18,5;98;94;96;90;9,5;6,6;
2026/02/03;0800 UTC;0;953,8;954;953,7;0;19,5;18,8;19,7;19,4;19,1;18,2;98;92;96;139;9,1;6,5;
2026/02/03;0900 UTC;0;954,3;954,5;953,9;0;19,8;18;19,9;19,6;18,2;17,7;93;90;91;166;9,2;6,5;
2026/02/03;1000 UTC;0;954,9;955,3;954,5;94,1;20;17,5;20,4;19,8;17,7;17,3;90;85;87;320;7,2;4,9;
2026/02/03;1100 UTC;0;955,7;955,9;955,3;1034,5;21,2;17,8;22,1;20,4;18,5;17;86;79;83;337;6,6;4,5;
2026/02/03;1200 UTC;0;956,1;956,2;955,9;1896,9;23,2;18,5;24,5;22,1;19,3;17,8;81;73;76;333;6;4;
2026/02/03;1300 UTC;0;956,3;956,3;956,2;2021,6;24,9;19,4;25,8;24,3;20;18,9;77;67;73;315;4,9;3;
2026/02/03;1400 UTC;0;956,1;956,2;956;2277;26;18,6;27,4;24,9;19,8;17,5;70;51;63;178;3,1;1,6;
2026/02/03;1500 UTC;0;955,9;956;955,7;2849,1;27,5;18,5;28,5;26,6;19,9;17,3;61;49;55;244;3,6;1,4;
2026/02/03;1600 UTC;0;955,4;955,7;955;;28,7;18,6;29,5;27,8;19,8;17,5;55;44;49;168;3,5;1,4;
2026/02/03;1700 UTC;0;954,8;955;954,6;3102,7;29,4;19;30,5;28,5;20;17,5;54;43;48;141;4,8;1,7;
2026/02/03;1800 UTC;0;954,2;954,5;953,9;3573;30,3;19,4;31,1;29,5;20,4;18,2;50;42;45;167;5;2,8;
2026/02/03;1900 UTC;0;953,8;954;953,6;3072,1;30,6;19,3;31,1;30;20,3;18,6;48;40;43;150;5,6;3,6;
2026/02/03;2000 UTC;0;953,4;953,7;953,3;2177,1;30,6;18,7;31;30;19,8;17,8;47;36;41;152;6,4;3,3;
2026/02/03;2100 UTC;0;953,6;953,9;953,4;1334;30,2;17,8;30,6;29,3;19,1;17;43;35;38;153;6,4;3,6;
2026/02/03;2200 UTC;0;954,1;954,4;953,9;533,1;27,6;18,5;29,6;26;19,3;17,5;61;40;55;73;6,7;4;
2026/02/03;2300 UTC;0;954,7;955;954,3;15,7;24,6;16,7;25,9;23,7;18,1;15,6;62;59;60;66;6,9;4,3;
2026/02/04;0000 UTC;0;955,5;955,8;954,9;0;23,6;15;23,8;23,3;15,7;14,6;60;56;57;51;6,8;4,1;
2026/02/04;0100 UTC;0;956;956,1;955,9;0;23,2;15,8;23,4;22,8;17;14,8;71;57;63;26;8,2;5,5;
2026/02/04;0200 UTC;0;956;956,1;955,9;0;22,3;17,8;22,8;21,8;18,1;17;81;71;78;28;10;6,4;
2026/02/04;0300 UTC;0;956,2;956,4;956;0;21,7;17,5;22,2;21,5;17,9;16,3;82;70;79;42;9,4;6,2;
2026/02/04;0400 UTC;0;956,1;956,2;955,9;0;22,2;15,7;22,5;21,5;16,2;15,4;70;65;68;61;9,5;6,9;
2026/02/04;0500 UTC;0;955,9;956,1;955,8;0;21,8;14,7;22;21,5;15,5;14,1;69;61;65;54;8,7;6,1;
2026/02/04;0600 UTC;0;955,8;955,9;955,7;0;21,9;14,3;22;21,8;14,5;13,9;63;60;62;88;8;6,1;
2026/02/04;0700 UTC;0;955,7;955,8;955,6;0;22;12,8;22,5;21,8;14,1;10,9;61;42;54;185;8,2;5,4;
2026/02/04;0800 UTC;0;955,9;956,1;955,7;0;22,4;11;22,5;22,3;11,4;10,7;45;41;43;276;5,8;4,3;
2026/02/04;0900 UTC;0;956,3;956,5;956,1;0;22,2;13;22,6;21,9;14,7;11;64;43;54;339;4,7;3,5;
2026/02/04;1000 UTC;0;956,7;956,9;956,5;106,4;21,5;15,1;22;21,3;15,9;14,7;70;64;68;346;4,6;3,3;
2026/02/04;1100 UTC;0;957;957,1;956,9;974,6;23,3;16,5;24,6;22,1;17,4;15,7;68;62;66;332;4,5;3,1;
2026/02/04;1200 UTC;0;957,2;957,3;957,1;1810,3;25,5;17,8;26,6;24,7;18,4;17;65;57;61;332;3,7;2,3;
2026/02/04;1300 UTC;0;957,3;957,4;957,2;2563;27,9;18,6;29,1;26,8;19,4;17,6;60;48;53;180;2,9;1,4;
2026/02/04;1400 UTC;0;957,4;957,5;957,4;3164,6;30;18,9;31,2;29,1;21,3;17,9;55;40;45;153;4,4;1,9;
2026/02/04;1500 UTC;0;957,4;957,5;957,3;3551;31,7;19,7;32,3;30,8;20,7;18,5;46;35;40;133;6;2,9;
2026/02/04;1600 UTC;0;957,4;957,5;957,3;3722,9;32,1;20,4;32,8;30,8;21,6;19;48;36;41;147;5,8;2,3;
2026/02/04;1700 UTC;0;957,3;957,4;957,2;3715,8;32,7;20,7;33,3;31,9;21,5;19,3;45;36;40;113;5,8;3,3;
2026/02/04;1800 UTC;0;956,9;957,2;956,6;3298;32,5;20,4;32,9;31,7;21;19,3;43;34;39;115;7,7;3,9;
2026/02/04;1900 UTC;0;956,4;956,7;956,2;2736,4;32,1;20,2;32,7;31;21;19,4;47;35;40;100;8,6;4,7;
2026/02/04;2000 UTC;0;956,3;956,4;956,2;2120,7;30,9;19,6;31,6;30,1;20,7;18,5;47;40;43;111;8,6;5,9;
2026/02/04;2100 UTC;0;956,6;956,8;956,4;863,5;28,5;18,5;30,1;27,3;19,1;18;55;43;50;91;8,6;4,6;
2026/02/04;2200 UTC;0;956,8;957;956,6;438,9;26,8;18;28;26;18,9;17,2;59;52;56;76;7,8;4,9;
2026/02/04;2300 UTC;0;957,4;958;957;19,9;24,9;17,1;25,9;24,2;17,3;16,8;64;56;61;58;5,8;3,1;
2026/02/05;0000 UTC;0;958,2;958,4;957,9;0;23,7;17,9;24,2;23,4;18,6;17;76;64;71;51;8;3,6;
2026/02/05;0100 UTC;0;958,5;958,7;958,4;0;23,3;19,3;23,4;23,1;19,9;18,6;84;76;80;34;8;5;
2026/02/05;0200 UTC;0;958,6;958,8;958,5;0;23;20,3;23,2;22,6;20,5;19,9;89;84;86;32;8,3;5,1;
2026/02/05;0300 UTC;0;958,6;958,7;958,5;0;22,3;20,7;22,6;22,3;20,9;20,5;93;90;92;34;7,8;5,2;
2026/02/05;0400 UTC;0;958,5;958,6;958,4;0;21,8;20,6;22,3;21,3;20,6;20,4;96;92;94;34;8;5,1;
2026/02/05;0500 UTC;0;958,3;958,6;958,2;0;21,3;20,2;21,4;21,1;20,6;19,7;97;92;95;38;7,1;4,7;
2026/02/05;0600 UTC;0;958,1;958,2;957,8;0;20,9;20,1;21;20,7;20,4;19,8;98;94;96;33;7,8;4,9;
2026/02/05;0700 UTC;0;957,9;958,1;957,7;0;20,7;20,2;20,8;20,7;20,4;19,8;99;95;98;30;8,1;4,9;
2026/02/05;0800 UTC;0;958;958,1;957,8;0;20,9;19,7;20,9;20,8;19,9;19,5;96;93;94;33;9,2;5,3;
2026/02/05;0900 UTC;0;958,1;958,3;957,9;0;20,8;19,5;20,9;20,7;19,7;19,3;95;93;94;31;8,2;4,6;
2026/02/05;1000 UTC;0;958,5;958,8;958,3;111,3;20,9;19,9;21,4;20,6;20,1;19,7;96;93;95;54;6,7;3,2;
2026/02/05;1100 UTC;0;958,8;959;958,7;1044,5;22,1;20,1;22,9;21,4;20,3;19,9;94;87;90;47;6,7;3,6;
2026/02/05;1200 UTC;0;959,3;959,5;959;1854,1;23,9;20,1;24,9;23;20,6;19,7;87;75;81;110;5,6;2,9;
2026/02/05;1300 UTC;0;959,4;959,6;959,3;2597,6;25,7;19,8;26,8;24,9;20,6;19;77;63;70;83;5,1;2,6;
2026/02/05;1400 UTC;0;959,5;959,6;959,3;3221,9;27,7;18,7;28,9;26,6;19,8;17,6;64;45;55;299;5,3;3,3;
2026/02/05;1500 UTC;0;959,2;959,5;958,9;3612,2;29,4;18;30;28,7;18,9;16,7;48;37;43;185;5,5;3,1;
2026/02/05;1600 UTC;0;958,7;959;958,3;3786,2;30,6;18,9;31,4;29,8;20,4;17,8;47;36;42;227;4,8;2,4;
2026/02/05;1700 UTC;0;958,2;958,3;957,9;3709,4;31,6;19,3;32,4;30,9;20,5;18,6;45;33;39;233;3,7;1,9;
2026/02/05;1800 UTC;0;957,4;957,9;957;3395,9;32,2;18,8;33;31,6;19,8;18;37;29;33;197;4,3;1,4;
2026/02/05;1900 UTC;0;956,9;957,1;956,6;2846,2;32,9;19,4;33,4;32,3;20,6;18,8;39;31;33;189;2,9;1,3;
2026/02/05;2000 UTC;0;956,5;956,6;956,4;2120,5;33;19,9;33,5;32,3;20,9;18,7;38;31;35;138;4,4;2,2;
2026/02/05;2100 UTC;0;956,4;956,6;956,2;1253,9;31,6;21,2;33,2;29,8;21,8;19,8;60;34;48;98;8,3;5,3;
2026/02/05;2200 UTC;0;956,9;957,3;956,6;463;28,6;21,8;29,8;26,9;22,1;21,4;73;60;66;95;8,1;5,5;
2026/02/05;2300 UTC;0;957,6;957,8;957,3;11,7;25,9;21;26,9;25,2;21,4;20,5;77;72;75;73;7,9;5,1;
2026/02/06;0000 UTC;0;957,9;958,1;957,7;0;24,7;19,9;25,2;24,1;20,5;19,7;80;74;76;52;9,3;4,9;
2026/02/06;0100 UTC;0;958,2;958,4;958;0;23,6;20,4;24,1;23,2;20,6;20,1;86;80;84;32;8,8;5,6;
2026/02/06;0200 UTC;0;958,1;958,4;957,7;0;22,9;20,1;23,2;22,6;20,3;19,8;88;84;86;32;8,7;5,8;
2026/02/06;0300 UTC;0;957,7;957,9;957,6;0;22,2;20,1;22,6;22;20,3;19,9;91;87;89;38;10;6,5;
2026/02/06;0400 UTC;0;957,2;957,5;957;0;22,2;18,7;22,5;21,9;20,2;17,8;91;77;82;25;9,4;6,1;
2026/02/06;0500 UTC;0;956,8;957,2;956,4;0;22,1;18;22,4;21,8;18,8;17,1;84;74;80;50;10,4;6,9;
2026/02/06;0600 UTC;0;955,9;955,9;955,9;0;21,1;18,7;21,1;21,1;18,7;18,7;88;88;88;146;9,7;7,5;
2026/02/06;0700 UTC;0;956,1;956,1;956,1;0;21,1;19,2;21,1;21,1;19,2;19,2;90;90;90;328;9,2;7,5;
2026/02/06;0800 UTC;0;956,5;956,5;956,5;0;21,3;19,8;21,3;21,3;19,8;19,8;93;93;93;343;8,4;6,5;
2026/02/06;0900 UTC;0;957,1;957,1;957,1;0;20,7;18,6;20,7;20,7;18,6;18,6;89;89;89;339;9;7,2;
2026/02/06;1000 UTC;0;957,9;957,9;957,9;580,4;21,6;17,2;21,6;21,6;17,2;17,2;78;78;78;339;7,5;6,1;
2026/02/06;1100 UTC;0;958,9;958,9;958,9;1468,8;24,6;18,3;24,6;24,6;18,3;18,3;69;69;69;247;2,2;1,6;
2026/02/06;1200 UTC;0;958,8;958,8;958,8;2254,1;25,9;19,8;25,9;25,9;19,8;19,8;69;69;69;211;2,5;,8;
2026/02/06;1300 UTC;0;959,4;959,4;959,4;1890,2;26,6;21,1;26,6;26,6;21,1;21,1;72;72;72;192;3,7;3;
2026/02/06;1400 UTC;0;959,4;959,4;959,4;2442,5;27,8;21,5;27,8;27,8;21,5;21,5;68;68;68;206;5,2;3,2;
2026/02/06;1500 UTC;0;958,9;958,9;958,9;2894,2;29,6;22,4;29,6;29,6;22,4;22,4;64;64;64;176;5,4;3,1;
2026/02/06;1600 UTC;0;958,7;958,7;958,7;3313;29,5;21,9;29,5;29,5;21,9;21,9;62;62;62;186;5,4;3,4;
2026/02/06;1700 UTC;0;958,5;958,5;958,5;1408,3;27,7;22,3;27,7;27,7;22,3;22,3;73;73;73;155;10;8,5;
2026/02/06;1800 UTC;0;958,5;958,5;958,5;1888;25,7;21,7;25,7;25,7;21,7;21,7;80;80;80;172;8,1;5,5;
2026/02/06;1900 UTC;0;958,5;958,5;958,5;368,9;23,2;20,7;23,2;23,2;20,7;20,7;88;88;88;140;9,8;7,2;
2026/02/06;2000 UTC;0;958,9;958,9;958,9;88;21,3;20,2;21,3;21,3;20,2;20,2;95;95;95;152;9,2;7,1;
2026/02/06;2100 UTC;0;959,1;959,1;959,1;50,5;20,3;19,8;20,3;20,3;19,8;19,8;98;98;98;138;12;9,4;
2026/02/06;2200 UTC;0;959,1;959,1;959,1;40,8;20,4;19;20,4;20,4;19;19;93;93;93;135;7,9;6,4;
2026/02/06;2300 UTC;0;960,5;960,5;960,5;0;20,2;18;20,2;20,2;18;18;89;89;89;160;6,4;4,9;
2026/02/07;0000 UTC;0;960,9;960,9;960,9;0;19,7;17,2;19,7;19,7;17,2;17,2;88;88;88;132;8,6;6,2;
2026/02/07;0100 UTC;0;961,3;961,6;960,8;0;19,5;17,1;19,7;19,3;17,2;17;89;87;88;137;8,8;5,1;
2026/02/07;0200 UTC;0;961,2;961,6;960,7;0;19,1;16,9;19,3;18,9;17;16,7;89;88;89;140;11,1;7,9;
2026/02/07;0300 UTC;0;961,2;961,5;960,7;0;18,6;16,7;18,9;18,3;16,7;16,6;92;89;90;128;8,3;5,1;
2026/02/07;0400 UTC;0;961,3;961,5;961,1;0;18;16,8;18,3;17,8;16,9;16,6;95;92;94;135;6,2;4,6;
2026/02/07;0500 UTC;0;960,7;961,1;960,4;0;17,7;16,6;17,8;17,6;16,8;16,3;95;93;94;136;7,7;5,1;
2026/02/07;0600 UTC;,2;960,5;960,8;960,2;0;17,7;16,3;17,7;17,4;16,9;16,1;97;92;93;134;5,7;4;
2026/02/07;0700 UTC;,4;960,4;960,6;960;0;17;16,7;17,4;16,7;16,9;16,5;100;97;99;99;5,5;3,4;
2026/02/07;0800 UTC;0;960,4;960,8;960,2;0;16,5;16,4;16,7;16,4;16,6;16,2;100;99;99;121;4,1;2,4;
2026/02/07;0900 UTC;0;960,8;961,1;960,7;0;16,3;16,2;16,4;16,3;16,3;16,1;100;99;99;117;4,4;2,8;
2026/02/07;1000 UTC;0;961,3;961,6;961;95,8;16,4;16,2;16,8;16,1;16,7;16;99;98;99;151;4;3,1;
2026/02/07;1100 UTC;0;962,1;962,5;961,7;482,1;17,3;16,7;17,9;16,7;17,1;16,3;99;95;97;163;4,6;3,2;
2026/02/07;1200 UTC;0;962,6;962,7;962,4;1004,9;18,8;17,1;19,7;17,9;17,6;16,8;96;86;92;118;6,5;4,1;
2026/02/07;1300 UTC;0;962,6;962,7;962,4;1463,6;20,4;17,2;21,3;19,8;18,1;16,5;89;80;84;143;7;4,8;
2026/02/07;1400 UTC;0;962,5;962,6;962,3;2972,8;22,6;17,3;24,2;20,5;18,4;16,2;81;65;74;123;5,9;4,2;
2026/02/07;1500 UTC;0;962,5;962,6;962,4;3344,1;24,3;15,9;24,8;23,5;17,4;13,1;68;45;58;144;8,8;5,6;
2026/02/07;1600 UTC;0;962,3;962,5;961,9;3594,4;25,2;15,2;26,2;23,8;16,5;13,3;56;45;50;132;8,2;5,1;
2026/02/07;1700 UTC;0;961,8;962,1;961,6;3826,3;25,9;15,7;26,3;25,2;17;14,6;55;42;49;113;8,6;5,3;
2026/02/07;1800 UTC;0;961,5;961,7;961,3;3543,4;26,3;13,3;26,6;26,1;14,9;12,4;44;31;35;117;10;5,9;
2026/02/07;1900 UTC;0;961,1;961,4;960,9;2990,9;25,9;12,3;26,2;25,5;12,8;11,6;36;28;32;129;9,4;6,3;
2026/02/07;2000 UTC;0;960,8;961;960,7;2251,2;25,3;12,4;26,1;24,8;13,1;11;40;30;35;114;8,5;5;
2026/02/07;2100 UTC;0;960,8;960,9;960,6;1384,4;23,9;12,9;24,8;23,2;13,8;12,1;53;39;45;112;8,3;5,5;
2026/02/07;2200 UTC;0;961,1;961,3;960,8;498,1;22,1;13,6;23,1;21;13,9;13,1;63;53;58;103;7,2;4,4;
2026/02/07;2300 UTC;0;961,6;961,9;961,3;14,3;19,8;14,2;20,9;18,9;14,5;13,5;78;63;72;105;5,8;3,7;
2026/02/08;0000 UTC;0;962,1;962,4;961,9;0;18,2;14,4;18,9;17,9;14,4;14,2;82;78;81;85;4,6;2,9;
2026/02/08;0100 UTC;0;962,7;962,9;962,5;0;17,9;14,2;18;17,8;14,3;14,1;82;81;81;53;6,5;3,5;
2026/02/08;0200 UTC;0;963;963,1;962,8;0;17,8;14,2;17,9;17,7;14,3;14,1;82;81;82;48;7,3;4,3;
2026/02/08;0300 UTC;0;962,7;962,9;962,6;0;17,7;14;17,8;17,5;14,2;13,8;83;80;81;40;8,6;5,3;
2026/02/08;0400 UTC;0;962,4;962,6;962,3;0;17,5;13,8;17,8;17,3;13,9;13,7;83;80;81;27;8,7;5,7;
2026/02/08;0500 UTC;0;962;962,4;961,6;0;16,8;13,7;17,3;16,3;13,8;13,6;87;82;84;67;10,4;7,3;
2026/02/08;0600 UTC;0;961,5;961,7;961,3;0;16,5;13,6;16,8;16,3;13,7;13,6;87;84;86;119;10,7;7,5;
2026/02/08;0700 UTC;0;961,2;961,4;961;0;16,6;13,7;16,8;16,5;13,9;13,6;87;85;86;118;10,2;7,1;
2026/02/08;0800 UTC;0;961,1;961,2;960,9;0;16,5;13,4;16,6;16,4;13,8;13,2;86;84;85;114;9,2;6,8;
2026/02/08;0900 UTC;0;961,5;961,8;961,2;0;16,6;13,3;16,8;16,5;13,5;13,2;84;82;83;56;7,1;4,7;
2026/02/08;1000 UTC;0;962;962,1;961,8;66,9;17,2;13,8;17,7;16,8;14,2;13,5;83;82;83;36;7,6;4,7;
2026/02/08;1100 UTC;0;962,4;962,6;962,1;1012,1;18,8;13,9;19,7;17,7;14,3;13,1;83;70;76;40;5,6;3,1;
2026/02/08;1200 UTC;0;962,8;963;962,6;1889,9;20,4;13,9;21,7;19,7;14,4;13;72;60;67;47;7;3,3;
2026/02/08;1300 UTC;0;963;963;962,9;2676,1;22,6;13,7;23,7;21,7;14,7;12,6;60;48;55;54;5,5;2,8;
2026/02/08;1400 UTC;0;962,8;962,9;962,7;3301,4;25;14;26,1;23,5;15,4;12,6;54;38;45;73;6,5;3,2;
2026/02/08;1500 UTC;0;962,7;962,9;962,4;3688;26,4;14,5;27,1;25,5;16;13,6;47;35;40;104;8,2;3,9;
2026/02/08;1600 UTC;0;962,2;962,4;961,9;3881,7;27,6;15,1;28;26,9;15,7;14,1;41;33;38;128;8,5;5,5;
2026/02/08;1700 UTC;0;961,8;962;961,4;3925,8;27,9;15,3;28,4;27;16,2;14,1;40;32;37;129;9,6;5,3;
2026/02/08;1800 UTC;0;961,1;961,4;960,9;3058,5;27,4;15,2;28,4;26,5;16,1;14;42;35;39;112;9,8;6,1;
2026/02/08;1900 UTC;0;960,6;960,9;960,4;2841,7;27,1;15,5;27,7;25,9;16,3;14,7;45;39;42;106;9,3;6;
2026/02/08;2000 UTC;0;960,3;960,4;960,1;2156,1;25,9;14,4;26,5;25,3;15,5;13,7;46;40;43;104;9,7;5,9;
2026/02/08;2100 UTC;0;960,1;960,2;959,9;1340,2;24,8;14,6;25,5;24;15,1;14,2;53;44;49;90;9,3;5,6;
2026/02/08;2200 UTC;0;960;960,1;959,9;472,4;23,1;14,8;24;21,9;15,4;14,1;67;53;58;85;10,2;5,2;
2026/02/08;2300 UTC;0;960,4;960,7;960;14,3;20,8;15,5;21,8;20,1;15,6;15,3;77;67;73;91;8,4;4,3;
2026/02/09;0000 UTC;0;960,9;961,2;960,6;0;19,6;15,3;20;19,3;15,5;15,2;80;77;79;74;8,4;4,3;
2026/02/09;0100 UTC;0;961,3;961,5;961,1;0;19;14,9;19,3;18,6;15,1;14,6;80;79;79;69;8,1;4,3;
2026/02/09;0200 UTC;0;961,3;961,5;961,2;0;18,3;14,6;18,7;18;14,7;14,4;82;80;81;58;7,7;4,1;
2026/02/09;0300 UTC;0;961,1;961,3;960,8;0;17,8;14,5;18,1;17,6;14,5;14,4;85;82;84;60;8;4,1;
2026/02/09;0400 UTC;0;960,7;960,9;960,4;0;17,4;14,5;17,6;17,1;14,6;14,5;88;85;86;58;6,8;3,6;
2026/02/09;0500 UTC;0;960,2;960,4;960;0;17;14,7;17,1;16,9;14,9;14,6;90;88;89;50;6,6;3,5;
2026/02/09;0600 UTC;0;959,9;960,1;959,6;0;17;15,1;17,1;16,9;15,2;14,9;91;90;91;51;7,4;4,1;
2026/02/09;0700 UTC;0;959,5;959,7;959,3;0;16,9;15,1;17;16,9;15,2;15,1;91;91;91;57;8;4;
2026/02/09;0800 UTC;0;959,3;959,5;959,1;0;17;15,2;17,1;16,9;15,4;15;91;90;91;56;6,4;3,2;
2026/02/09;0900 UTC;0;959,2;959,4;959,1;0;17;15,5;17,2;16,9;15,8;15,3;93;91;93;73;6,5;3,8;
2026/02/09;1000 UTC;0;959,5;959,8;959,3;79,2;17,4;16,2;18,4;17,1;16,8;15,8;95;92;94;76;6,1;3,4;
2026/02/09;1100 UTC;0;959,7;959,8;959,4;890;19,5;17,3;20,7;18,4;17,7;16,7;92;83;89;70;8,7;4,6;
2026/02/09;1200 UTC;0;959,4;959,6;959,2;1719,1;21,3;17,4;21,9;20,7;17,7;17,1;85;77;81;66;11,4;6,1;
2026/02/09;1300 UTC;0;959,3;959,4;958,9;2412,7;23,2;18;24,1;21,6;18,7;17,5;80;70;74;60;9,7;5,1;
2026/02/09;1400 UTC;0;959,3;959,5;959,2;3212,2;25,1;18,8;25,8;23,7;19,6;18;74;65;69;59;8,4;4,5;
2026/02/09;1500 UTC;0;959,2;959,3;959;3731,2;26,3;19,3;27,4;25,4;20;18,6;68;58;65;66;9;4,3;
2026/02/09;1600 UTC;0;958,6;959,1;958,2;3949,1;27,8;20,1;28,7;26,7;21,2;19;67;58;62;76;8,1;4;
2026/02/09;1700 UTC;0;958,1;958,3;957,6;3472,9;28,3;20,1;28,9;27,6;20,8;19,3;62;54;59;75;9,4;4,1;
2026/02/09;1800 UTC;0;957,4;957,7;956,9;3045,6;28,5;20,1;29,4;27,4;21,3;19,2;63;54;58;70;8,2;4,2;
2026/02/09;1900 UTC;0;956,7;957;956,4;2901,8;28,8;20,3;29,6;28;21;19,6;62;53;57;72;8,3;5,1;
2026/02/09;2000 UTC;0;956,2;956,4;955,9;1994;28,1;20,1;28,5;26,9;20,5;19,3;62;57;60;62;9,3;4,8;
2026/02/09;2100 UTC;0;956,2;956,3;955,9;1076,2;26,8;19,7;27,7;25,2;20,4;19,3;71;61;64;69;7,8;4,2;
2026/02/09;2200 UTC;0;956,2;956,4;956;446,8;25,5;19,6;26,1;24,6;19,9;19,3;76;66;70;74;9,3;5,1;
2026/02/09;2300 UTC;0;956,8;957,3;956,3;10;23,3;19,7;24,5;22,7;19,9;19,6;86;76;82;73;9,7;4,9;
2026/02/10;0000 UTC;0;957,4;957,7;957,1;0;22,2;19,9;22,6;21,9;20,1;19,8;90;86;88;72;11,2;6,5;
2026/02/10;0100 UTC;0;957,6;957,7;957,5;0;21,8;19,9;21,9;21,6;20;19,8;92;90;91;67;9,8;5,3;
2026/02/10;0200 UTC;0;957,8;957,9;957,6;0;21,5;19,8;21,6;21,4;20;19,7;92;91;92;61;8,6;4,8;
2026/02/10;0300 UTC;0;957,4;957,7;957,3;0;21,3;19,7;21,5;21,2;19,8;19,6;93;91;92;61;7,6;3,4;
2026/02/10;0400 UTC;0;957,2;957,4;957,1;0;21;19,7;21,2;20,8;19,8;19,6;95;92;93;59;7,1;3,8;
2026/02/10;0500 UTC;0;956,8;957,2;956,5;0;20,7;19,9;20,8;20,6;20;19,7;97;95;96;56;6,9;4;
2026/02/10;0600 UTC;0;956,5;956,6;956,3;0;20,7;20;20,7;20,6;20,1;19,9;97;96;97;62;5,5;3,1;
2026/02/10;0700 UTC;0;956,2;956,4;955,8;0;21;19,4;21,7;20,6;19,9;18,6;97;84;92;39;6,7;4,1;
2026/02/10;0800 UTC;0;955,7;955,9;955,6;0;22,6;18,1;23,2;21,8;18,5;17,7;84;73;77;68;8,4;5,4;
2026/02/10;0900 UTC;0;955,7;955,8;955,6;0;23,5;17,5;23,8;23,2;17,8;17,2;73;67;70;46;6,6;4,2;
2026/02/10;1000 UTC;0;955,9;955,9;955,8;78,1;23,4;17,7;23,6;23,3;18;17,5;74;70;71;43;7,8;5,2;
2026/02/10;1100 UTC;0;956;956,1;955,9;432,9;23,1;18,6;23,3;22,9;19,1;18;80;74;78;60;7,4;4,4;
2026/02/10;1200 UTC;0;956,2;956,4;956,1;1001,4;24,1;19,6;24,8;23,3;20,2;19;79;74;77;135;3,9;2,2;
2026/02/10;1300 UTC;0;956,3;956,4;956,2;2320,8;25,8;20,3;26,6;24,4;21;19,8;78;70;73;239;6,9;4,1;
2026/02/10;1400 UTC;0;956,3;956,5;956,1;1976,7;26,5;20,8;27,2;25,8;21,3;20,4;75;68;71;301;8,1;5;
2026/02/10;1500 UTC;0;956;956,2;955,8;3006,6;28,2;21,4;29,4;27,3;22,4;20,9;70;63;66;310;8,3;4,4;
2026/02/10;1600 UTC;0;955,4;955,8;955,1;3701,3;30,5;22,2;31,2;29,2;22,9;21,5;67;55;59;309;7,9;4,3;
2026/02/10;1700 UTC;0;954,8;955,1;954,4;3313,1;31,2;22;31,8;30,2;22,8;21;57;49;54;319;9,7;5,7;
2026/02/10;1800 UTC;0;954;954,4;953,7;3323,4;31,8;21,8;32,2;31,4;22,5;21,3;54;47;50;312;8,5;4,7;
2026/02/10;1900 UTC;0;953,5;953,8;953;2770,7;32,1;21,8;32,8;31,4;22,4;20,8;52;45;49;319;10;5,8;
2026/02/10;2000 UTC;0;953,3;953,5;953,1;2153,3;31,7;21,4;32,1;31,3;21,9;21;51;46;49;316;8,6;4,6;
2026/02/10;2100 UTC;0;953,2;953,4;953;1035,8;30,4;20,8;31,4;29,2;21,7;20,2;55;49;52;317;6,4;4;
2026/02/10;2200 UTC;0;953,4;953,5;953,2;333,5;28,7;20,5;29,6;27,4;20,8;20,2;65;55;59;331;4,9;2,9;
2026/02/10;2300 UTC;0;953,6;953,8;953,4;10,8;26,4;20,1;27,3;25,9;20,4;19,9;70;65;68;339;5,4;4,1;
2026/02/11;0000 UTC;0;954,1;954,3;953,8;0;25,7;19,9;25,9;25,5;19,9;19,7;72;70;71;338;5,7;4,3;
2026/02/11;0100 UTC;0;954,3;954,5;954,2;0;25,8;19,7;25,9;25,4;20;19,5;73;68;70;337;8,5;5,7;
2026/02/11;0200 UTC;0;954,4;954,4;954,3;0;24,8;20,3;25,4;24,3;20,5;19,9;81;73;77;331;10,1;6,4;
2026/02/11;0300 UTC;0;954,3;954,4;954,3;0;23,9;20,3;24,3;23,6;20,5;20,2;83;81;82;337;9,1;6,1;
2026/02/11;0400 UTC;0;954,2;954,4;954;0;23,8;20,4;23,9;23,6;20,5;20,2;83;82;83;340;8,4;6;
2026/02/11;0500 UTC;0;953,7;954;953,5;0;23,4;20,5;23,7;23,2;20,6;20,4;87;83;85;338;8,8;6,1;
2026/02/11;0600 UTC;0;953,2;953,5;952,9;0;23,2;20,5;23,3;23,1;20,7;20,4;87;86;87;338;8,8;6,2;
2026/02/11;0700 UTC;0;953;953,4;952,7;0;22,7;20,3;23,1;22,2;20,4;20,2;90;87;88;337;7,6;5,9;
2026/02/11;0800 UTC;0;953,4;953,8;953,2;0;21,8;20,2;22,1;21,7;20,2;20,1;93;90;92;340;8;6,2;
2026/02/11;0900 UTC;0;954,2;954,7;953,8;0;21,6;20,1;21,7;21,4;20,2;20;93;92;93;341;8,7;6,5;
2026/02/11;1000 UTC;0;955;955,4;954,7;89,6;21,4;19,9;21,6;21,3;20,1;19,8;94;91;93;337;9,1;6,3;
2026/02/11;1100 UTC;0;955,7;956,1;955,4;914,3;22,3;20;23,4;21,6;20,5;19,8;91;85;88;336;10,1;6,4;
2026/02/11;1200 UTC;0;956,3;956,4;956,1;1795;24,8;20,5;26,3;23,5;21,1;20,2;84;73;79;324;8,8;5,6;
2026/02/11;1300 UTC;0;956,5;956,6;956,4;2579,9;27,8;20,7;29,1;26,3;21,2;20,3;74;57;65;310;10,2;5,9;
2026/02/11;1400 UTC;0;956,6;956,7;956,5;3192,3;30,5;20,8;31,6;29,1;21,3;20,3;58;45;51;300;11;5,8;
2026/02/11;1500 UTC;0;956,5;956,6;956,3;3579;32,3;21,1;33,1;31,5;21,7;20,4;47;40;44;298;9,4;4,9;
2026/02/11;1600 UTC;0;956,2;956,4;956;3271,9;33,3;21;34;32,2;22;19,5;45;36;38;272;8,4;4,1;
2026/02/11;1700 UTC;0;956;956,1;955,8;2333,7;33,1;20,9;34,2;31,9;22;19,8;45;35;39;254;4,8;1,9;
2026/02/11;1800 UTC;0;955,6;955,8;955,5;2526,9;33,5;22;35;32,2;22,6;21;46;36;42;316;8,4;4,8;
2026/02/11;1900 UTC;0;955,4;955,5;955,3;2477,6;33,8;21,9;34,8;32,5;22,5;20,9;46;37;40;287;6,2;2,5;
2026/02/11;2000 UTC;0;955,1;955,3;954,9;2113,2;34,5;21,8;35;34,1;22,3;21,2;40;33;36;297;3,5;2;
2026/02/11;2100 UTC;0;955,2;955,4;955;865,8;33,6;21,5;34,9;32,1;22,2;20,7;45;36;40;306;2,2;1,5;
2026/02/11;2200 UTC;0;955,8;956;955,4;154,1;31,9;20,4;32,1;31,6;21,1;19,9;46;40;43;179;3,4;1,7;
2026/02/11;2300 UTC;2;956,6;956,9;956;15;25,7;19,9;31,8;22,7;22;17,6;86;43;71;193;3,1;1,6;
2026/02/12;0000 UTC;0;956,8;957;956,7;0;24,7;20,1;26,8;23,1;21,4;18,4;89;62;77;74;5,1;3,3;
2026/02/12;0100 UTC;,2;956,8;957,1;956,5;0;25,2;20,1;26,8;23,6;21,4;19,2;88;62;75;42;5,8;3,8;
2026/02/12;0200 UTC;0;957,2;957,4;957,1;0;27,4;19,5;27,7;26,8;20,2;18,4;65;54;61;47;7,1;4,2;
2026/02/12;0300 UTC;0;957,2;957,4;956,8;0;27,7;20,2;27,9;27,5;20,5;20;65;61;62;44;7,7;4,3;
2026/02/12;0400 UTC;0;957,2;957,7;956,7;0;27,2;20,4;27,7;25,7;21,3;20,2;78;63;66;193;6,9;4,5;
2026/02/12;0500 UTC;,6;957,8;958,1;957,4;,1;22,3;20,9;25,5;21,4;21,2;20,5;98;78;93;246;4;2,2;
2026/02/12;0600 UTC;0;957,5;957,9;957,1;0;22,1;20,6;22,3;21,9;20,9;20,4;93;92;93;215;4,9;2,3;
2026/02/12;0700 UTC;0;957;957,1;956,9;0;22,1;21,1;22,2;21,9;21,4;20,8;97;93;95;161;2,7;2;
2026/02/12;0800 UTC;0;956,8;957;956,6;0;22;21,8;22,5;21,7;22,5;21,2;100;97;99;78;5,7;3,9;
2026/02/12;0900 UTC;0;956,8;957;956,5;0;23,8;21,8;25,1;22,3;22,6;21,4;100;82;90;57;5,4;3,8;
2026/02/12;1000 UTC;0;956,9;957,1;956,7;127,4;25;21,4;25,1;24,8;21,6;21,3;83;81;82;107;8,5;5,7;
2026/02/12;1100 UTC;0;956,4;956,7;956,1;504,6;25;21,6;25,2;24,8;21,8;21,2;85;80;83;97;8,7;4,6;
2026/02/12;1200 UTC;0;957,1;957,4;956,8;459,9;25,3;21,1;25,7;25,1;21,6;20,6;82;76;79;161;7,3;4,2;
2026/02/12;1300 UTC;0;956,9;959;956,4;650,1;25,8;20,9;25,9;25,6;21,7;20,6;81;74;76;291;7,2;3;
2026/02/12;1400 UTC;,2;959,9;960,6;959;179,8;20,4;17,8;25,5;18,8;21,9;16,9;95;79;87;213;9,4;4,5;
2026/02/12;1500 UTC;0;958,6;959,5;958,1;2564,7;21,1;18,3;23,8;18,9;19,3;17,8;95;77;86;186;6;3,5;
2026/02/12;1600 UTC;0;958,7;959,5;958,1;1304,5;22,7;18,6;23,8;22;19,1;18;84;75;80;191;4,5;3;
2026/02/12;1700 UTC;0;959,1;959,9;958,3;1172,7;22;18,3;22,7;21,3;18,9;17,7;86;77;82;199;7,5;5;
2026/02/12;1800 UTC;0;958,8;959,3;958,5;740,8;21,2;17,9;22,4;20,1;18,8;17,5;94;76;83;199;7,3;4,2;
2026/02/12;1900 UTC;3;959,2;960,8;958,4;361,4;19,8;18,6;20,1;18,7;19;18,1;98;93;94;275;12,6;5,9;
2026/02/12;2000 UTC;3;959,9;960,4;959,5;197,6;18,2;17,8;18,7;17,9;18,2;17,3;99;97;98;238;4,6;2,5;
2026/02/12;2100 UTC;,2;959,1;959,6;958,6;343,1;18,3;17,6;19;18;18;17,3;99;92;97;275;2,4;1,1;
2026/02/12;2200 UTC;0;958;958,6;957,5;119,9;19,1;17;20;18,7;18,8;15;98;75;89;200;2,8;1,3;
2026/02/12;2300 UTC;0;957,9;958,3;957,5;3;19,9;15,9;20,8;18,9;18,2;13,9;97;67;80;173;8,3;5,6;
2026/02/13;0000 UTC;0;958,7;959,9;957,9;0;19;17,7;19,2;18,6;18,3;17;98;89;94;341;9;6,1;
2026/02/13;0100 UTC;,8;960,8;961,4;959,9;0;18,5;18,2;18,6;18,4;18,4;18,1;99;98;99;211;4,2;1,5;
2026/02/13;0200 UTC;0;959,4;961,3;958,1;0;18,3;18,2;18,4;18,3;18,3;18;100;99;99;77;8,5;4,8;
2026/02/13;0300 UTC;,2;960,2;960,9;958,4;0;18,3;18,3;18,4;18,2;18,4;18,3;100;100;100;215;4,5;2,5;
2026/02/13;0400 UTC;0;960,5;960,9;960,1;0;18,2;18,2;18,2;18,1;18,3;18,2;100;100;100;252;2,2;1,5;
2026/02/13;0500 UTC;0;960,1;960,4;959,6;0;17,9;18;18,1;17,6;18,2;17,3;100;98;100;238;2,1;1,4;
2026/02/13;0600 UTC;0;959,5;960,2;959,1;0;18,3;16,7;18,7;17,6;17,2;16,2;97;88;92;335;5,5;4,1;
2026/02/13;0700 UTC;0;959,5;959,8;959,1;0;18,3;16,7;18,8;18;17,1;16,1;95;87;92;243;3;2,2;
2026/02/13;0800 UTC;0;959,7;959,8;959,5;0;18,9;15,8;19,2;18,4;16,6;15,3;91;81;85;273;3,5;1,8;
2026/02/13;0900 UTC;0;959,7;959,8;959,5;0;19,2;15,2;19,6;18,6;15,7;15;86;77;80;238;3;2,3;
2026/02/13;1000 UTC;0;960,2;960,8;959,6;66,1;18,9;15,8;19,6;18,2;16,9;15;92;77;84;223;3,4;2;
2026/02/13;1100 UTC;0;961,1;961,4;960,8;894,5;19,3;17,1;20,1;18,5;17,7;16,6;91;85;89;196;4,3;2,3;
2026/02/13;1200 UTC;0;962;962,5;961,4;1773,2;20,9;17,8;21,7;20;18,4;16,9;89;79;85;190;6;3,5;
2026/02/13;1300 UTC;0;962,7;963,1;962,4;2499,2;22,3;18,1;23,6;21,6;19;17,3;82;74;79;173;8,1;5;
2026/02/13;1400 UTC;0;963,2;963,5;963;3058;24,2;18,6;25,3;23,3;19,5;17,8;79;65;72;166;9,5;6,3;
2026/02/13;1500 UTC;0;963,5;963,7;963,4;3138;25,2;18,7;26,3;24,4;19,9;17,7;71;64;68;174;8,4;5,7;
2026/02/13;1600 UTC;0;963,5;963,7;963,3;2692,5;25,3;19;26,2;24,5;20;18,2;72;63;68;175;10,3;5,7;
2026/02/13;1700 UTC;0;963,3;963,6;963,1;3163,3;26;19,5;26,9;24,9;20,5;18,7;72;64;67;167;10,1;6,7;
2026/02/13;1800 UTC;0;963;963,2;962,8;2193,4;25,4;19,3;26;24,8;19,8;18,4;73;66;69;153;11,7;7,9;
2026/02/13;1900 UTC;0;963;963,1;962,8;1968,9;25;19,5;25,8;24,2;20;18,9;76;68;73;159;12,3;8,9;
2026/02/13;2000 UTC;0;962,8;963,1;962,4;1257,4;24;19,6;25,6;23,3;20,4;19,2;82;72;78;146;12,4;8,6;
2026/02/13;2100 UTC;0;962,7;962,9;962,5;798,1;23;19;23,6;22;19,5;18,7;84;77;80;136;12,4;8,4;
2026/02/13;2200 UTC;0;963,5;963,9;962,8;181;21,2;18,9;21,9;20,5;19,1;18,5;91;85;88;142;13;8,2;
2026/02/13;2300 UTC;0;964,3;964,9;963,8;5,1;20,1;18,2;20,5;19,7;18,5;17,7;92;90;91;138;14,1;9,4;
2026/02/14;0000 UTC;0;965,3;965,7;964,9;0;19,4;17,5;19,7;19,2;17,8;17,2;91;90;90;136;11,7;7,6;
2026/02/14;0100 UTC;0;966,3;966,7;965,8;0;19,1;17,1;19,2;19;17,3;16,9;91;89;90;129;9,8;6;
2026/02/14;0200 UTC;0;966,7;966,9;966,6;0;18,7;16,4;19;18,5;16,9;16;90;87;88;124;8;5,2;
2026/02/14;0300 UTC;0;966,8;966,9;966,5;0;18,4;16,1;18,6;18;16,2;16;90;88;89;129;6,2;3,9;
2026/02/14;0400 UTC;0;966,4;966,6;966,1;0;17,8;16;18;17,7;16,1;15,9;91;90;91;128;7,7;6;
2026/02/14;0500 UTC;0;965,5;966,1;965,1;0;17,5;15,9;17,7;17,3;15,9;15,8;93;91;92;129;6,6;4,8;
2026/02/14;0600 UTC;0;965,2;965,3;965;0;17,4;15,9;17,4;17,3;16;15,8;93;92;92;123;6;4,5;
2026/02/14;0700 UTC;0;964,7;965,2;964,3;0;17,3;15,6;17,5;17,1;15,8;15,4;92;90;91;128;5,8;4;
2026/02/14;0800 UTC;0;964,3;964,5;964,1;0;17,2;15,5;17,3;17,2;15,7;15,4;93;91;91;132;7;4,5;
2026/02/14;0900 UTC;0;965,1;965,5;964,5;0;17,2;15,8;17,4;17,1;15,9;15,6;94;92;93;136;5,2;3,7;
2026/02/14;1000 UTC;0;965,9;966,1;965,5;58,8;17,2;15,9;17,5;17,1;16,1;15,8;94;93;94;138;3,9;2,9;
2026/02/14;1100 UTC;0;966,2;966,4;966;364,1;17,9;16,2;18,6;17,5;16,6;16;93;89;92;129;5,9;3,7;
2026/02/14;1200 UTC;0;966,5;966,8;966,3;978,4;19,3;16,5;21,1;18,3;17,3;16;91;78;86;135;7,8;5,3;
2026/02/14;1300 UTC;0;966,9;967;966,7;1296,9;20,5;16,7;21,8;19,7;17,2;16,3;86;74;81;122;9,6;6,2;
2026/02/14;1400 UTC;0;966,8;967;966,6;2672,5;22,8;16,9;24,5;21,4;18,3;16,1;78;62;71;136;9,2;6,3;
2026/02/14;1500 UTC;0;966,3;966,6;966;2520,7;23,5;16,5;24,2;22,4;17,6;15,8;69;61;65;112;8,1;5,8;
2026/02/14;1600 UTC;0;966;966,1;965,8;3670,3;24,8;17;25,7;23,9;17,7;16,1;65;57;61;116;9,1;5,7;
2026/02/14;1700 UTC;0;965,4;965,8;965,1;3507,4;24,9;17;25,6;24,2;17,7;16,4;63;57;60;117;9,7;6,1;
2026/02/14;1800 UTC;0;964,7;965,1;964,4;2767;24,5;17;25,4;23,2;18,1;15,9;66;60;62;126;10,4;6,9;
2026/02/14;1900 UTC;0;964;964,4;963,6;2673,4;24,3;16,4;25;23,5;17;15,8;64;58;60;123;10,6;7;
2026/02/14;2000 UTC;0;963,6;963,7;963,5;1737,3;23,2;16,2;24,5;21,8;16,9;15,8;70;60;65;112;11,2;7,2;
2026/02/14;2100 UTC;0;963,8;964;963,6;583,2;21;15,7;21,7;20,4;16,1;15,3;75;70;73;106;10,6;6,8;
2026/02/14;2200 UTC;0;964;964,1;963,8;187,6;20;15;20,4;19,7;15,4;14,7;76;74;75;105;10,6;6;
2026/02/14;2300 UTC;0;964,1;964,4;963,8;7;19,5;14,8;19,7;19,3;15;14,7;78;75;77;96;9,8;6,2;
2026/02/15;0000 UTC;0;964,5;964,6;964,3;0;19,2;14,9;19,3;19,2;15,1;14,8;80;77;79;74;8,9;4,9;
2026/02/15;0100 UTC;0;964,4;964,6;964,1;0;19,1;15,1;19,2;19;15,2;15;81;79;80;84;9,8;5,3;
2026/02/15;0200 UTC;0;964,1;964,2;964;0;18,8;15,3;19;18,4;15,5;15,2;85;81;82;63;7,6;3,9;
2026/02/15;0300 UTC;0;963,8;964;963,6;0;18,1;15,4;18,4;17,8;15,6;15,4;89;85;87;63;6,8;3,1;
2026/02/15;0400 UTC;0;963,2;963,6;962,8;0;17,7;15,7;17,8;17,5;15,9;15,5;92;88;90;70;7,9;5,1;
2026/02/15;0500 UTC;0;962,5;962,8;962,2;0;17,5;16,2;17,7;17,4;16,5;15,9;94;92;93;72;9,6;5,6;
2026/02/15;0600 UTC;0;962;962,3;961,8;0;17,8;16,8;18,2;17,7;17,2;16,5;96;94;95;64;9,3;5,1;
2026/02/15;0700 UTC;0;961,5;961,9;961,1;0;18,5;17,4;18,7;18,2;17,6;17,2;95;94;94;56;8,4;3,8;
2026/02/15;0800 UTC;0;961,2;961,4;961;0;18,7;17,9;18,9;18,6;18,1;17,6;96;95;96;53;7,7;3,7;
2026/02/15;0900 UTC;0;961,4;961,5;961,2;0;19;18,3;19,1;18,9;18,5;18,1;98;96;97;58;9,6;5,3;
2026/02/15;1000 UTC;0;961,7;961,9;961,4;59,8;19,2;18,8;19,5;19;19;18,5;98;97;98;55;10,9;4,6;
2026/02/15;1100 UTC;0;962;962,2;961,9;345,6;20,1;19,2;20,7;19,5;19,4;19;97;93;96;56;9,2;4,7;
2026/02/15;1200 UTC;0;962,2;962,3;962;886,6;21,5;19,4;22,4;20,7;19,7;19,2;93;85;89;44;9,9;4,7;
2026/02/15;1300 UTC;0;962;962,1;961,8;1901,9;23,4;19,5;24,5;22,5;20,2;19,2;86;75;81;57;9,4;4,3;
2026/02/15;1400 UTC;0;961,7;961,9;961,5;2039,9;24,8;19,9;25,4;24,2;20,6;19,6;79;73;76;36;10,1;5,6;
2026/02/15;1500 UTC;0;961,2;961,6;960,9;2198;25,7;20,3;26,6;24,8;21,1;19,8;76;69;73;40;8,3;4,4;
2026/02/15;1600 UTC;0;960,4;960,9;960;3316,2;27,2;21;28,2;25,7;21,9;20,2;74;64;69;59;7,3;4;
2026/02/15;1700 UTC;0;959,6;959,9;959,3;2783,1;28,2;21,4;29,4;27,3;22,1;20,9;72;61;66;65;5,6;2,8;
2026/02/15;1800 UTC;0;959;959,3;958,8;1922,1;28;21,8;29,6;27,4;22,5;21,1;74;61;69;75;7,3;3,7;
2026/02/15;1900 UTC;0;958,6;958,8;958,3;1898,5;28,1;22,2;29,4;27,3;23;21,6;75;64;70;69;7;3,2;
2026/02/15;2000 UTC;0;957,8;958,2;957,5;1572,1;27,8;22,2;28,8;27;22,9;21,7;76;68;72;80;8,3;4,3;
2026/02/15;2100 UTC;0;957,7;957,9;957,5;737,4;26,9;22,2;28,1;25,8;22,6;22;81;71;77;69;8,9;4,6;
2026/02/15;2200 UTC;0;957,8;958,3;957,3;77,9;25,3;22,3;25,8;24,7;23;22;91;81;85;55;6,2;2,4;
2026/02/15;2300 UTC;5;958,6;958,9;958,1;7,5;23,5;23,1;24,6;23,2;23,2;22,8;100;91;98;87;5,9;3,9;
2026/02/16;0000 UTC;0;959,2;959,3;958,8;0;23,2;23,2;23,3;23,2;23,3;23,1;100;100;100;110;5;2,1;
2026/02/16;0100 UTC;0;959,8;960;959,3;0;21,8;21,7;23;21,5;23;21,3;100;98;100;59;6,3;4;
2026/02/16;0200 UTC;0;959,7;959,9;959,3;0;21,8;21,6;22;21,6;22;20,5;100;94;99;161;8,4;5,7;
2026/02/16;0300 UTC;0;959,2;959,4;958,9;0;21,2;20,2;21,6;21;20,7;19,7;98;92;95;148;7,3;5;
2026/02/16;0400 UTC;0;958,7;958,9;957,9;0;21,2;20;21,3;21,1;20,4;19,7;96;92;94;89;8,4;5,5;
2026/02/16;0500 UTC;,2;957,7;958,1;957,3;0;21;20,5;21,2;20,8;20,6;20,3;99;95;97;323;9;5,4;
2026/02/16;0600 UTC;0;957,5;957,7;957,3;0;20,5;20,4;20,9;20,3;20,7;20,3;100;99;100;333;8,4;6;
2026/02/16;0700 UTC;0;957;957,4;956,8;0;20,8;20,8;21,1;20,4;21,2;20,5;100;100;100;326;9,5;6,1;
2026/02/16;0800 UTC;0;956,8;957,1;956,5;0;21,3;21,3;21,4;21,1;21,4;21,2;100;100;100;319;9,7;6,9;
2026/02/16;0900 UTC;0;957,8;958,4;957,1;0;21,3;21,4;21,5;21,2;21,5;21,2;100;100;100;287;6,4;3,4;
2026/02/16;1000 UTC;0;958,9;959,1;958,4;69,7;21,5;21,5;21,6;21,4;21,7;21,5;100;100;100;261;5,8;2,4;
2026/02/16;1100 UTC;0;959,1;959,1;959;395,5;21,9;21,8;22,1;21,6;22;21,6;100;99;100;319;6,2;3,9;
2026/02/16;1200 UTC;0;958,7;958,9;958,3;386,9;22,5;21,7;22,8;22,1;22,1;21,4;99;94;96;322;9;5,8;
2026/02/16;1300 UTC;0;959;959,6;958,5;796,2;23,3;22,1;24,1;22,7;22,5;21,7;97;90;94;205;7,1;3,6;
2026/02/16;1400 UTC;0;959,6;959,8;959,5;2369,3;24,5;20,9;25,6;23,3;21,9;20,1;91;76;82;202;3,3;1,4;
2026/02/16;1500 UTC;0;959,5;959,6;959,1;3006,9;26,4;21,2;27,1;25,1;22,4;20,2;82;69;74;214;3,6;1,6;
2026/02/16;1600 UTC;0;958,9;959,2;958,5;2969,8;27,7;21,7;28,9;26,6;23,1;20,7;74;63;70;164;4,5;2,6;
2026/02/16;1700 UTC;0;958,5;958,6;958,2;1692,3;27,5;21,9;29,3;26,6;23,1;21,3;79;64;72;181;4,5;2,5;
2026/02/16;1800 UTC;0;958;958,3;957,8;1482,9;27,6;22,1;29,1;26,8;22,7;21,5;77;66;73;171;5,6;2,8;
2026/02/16;1900 UTC;0;957,5;957,8;957,3;2364,9;28,3;21,6;29,5;27,1;22,5;20,8;72;63;67;177;7,2;4,5;
2026/02/16;2000 UTC;0;957,7;957,9;957,5;2094,9;28,2;21,5;28,9;27,6;22,1;20,9;69;62;67;170;6,8;3,1;
2026/02/16;2100 UTC;0;958,2;958,5;957,8;1055,9;26,7;21,4;27,8;26,2;21,9;21,2;76;68;73;167;6,3;4,1;
2026/02/16;2200 UTC;0;958,6;958,9;958,4;361,7;25,7;21,3;26,2;24,4;21,6;21;83;74;78;146;4,9;3;
2026/02/16;2300 UTC;0;958,7;959;958,6;5,6;23,4;20,8;24,4;22,8;21,1;20,4;89;83;87;131;5,9;4,4;
2026/02/17;0000 UTC;0;959,4;959,8;958,9;0;22,4;20;22,8;22;20,5;19,5;89;87;88;119;5,1;3,9;
2026/02/17;0100 UTC;0;960,1;960,2;959,8;0;21,7;19,4;22;21,5;19,6;19,2;89;87;88;104;4,4;3,3;
2026/02/17;0200 UTC;0;960,2;960,4;960,1;0;21,5;19,3;21,6;21,4;19,5;19,2;90;88;89;82;4,2;2,6;
2026/02/17;0300 UTC;0;960,2;960,5;959,6;0;21,8;20,3;22;21,6;20,6;19,5;95;89;92;37;5,1;3,4;
2026/02/17;0400 UTC;0;959,7;959,9;959,5;0;21,6;20,5;21,7;21,5;20,8;20,3;96;93;94;49;5,4;3,6;
2026/02/17;0500 UTC;0;959,3;959,6;959;0;21,6;20,4;21,8;21,5;20,8;20;96;92;94;60;5;3,3;
2026/02/17;0600 UTC;0;958,6;959;958,4;0;21,5;19,9;21,8;21,1;20,1;19,5;94;91;92;103;1,8;1,3;
2026/02/17;0700 UTC;0;958,7;958,8;958,5;0;20,8;20;21,1;20,5;20,1;19,8;97;94;96;121;2,4;1,6;
2026/02/17;0800 UTC;0;958,8;958,9;958,7;0;20,5;20,1;20,6;20,3;20,2;19,8;99;97;98;62;2,2;1,3;
2026/02/17;0900 UTC;0;959,2;959,4;958,8;0;20,4;20,1;20,7;20,1;20,3;20;100;97;98;156;1,8;1,3;
2026/02/17;1000 UTC;0;959,6;959,8;959,4;40,2;20,3;20,2;20,4;20,2;20,4;20,1;100;100;100;155;1,2;,9;
2026/02/17;1100 UTC;0;959,8;960;959,7;538;21,1;20,8;21,8;20,3;21,4;20,3;100;95;98;137;2,7;1,8;
2026/02/17;1200 UTC;0;960;960,2;959,9;810,2;22,2;21;23,1;21,7;21,4;20,6;96;89;94;140;2,8;1,6;
2026/02/17;1300 UTC;0;960,4;960,5;960,2;642,7;22,6;21,1;22,9;22,3;21,4;20,8;93;90;92;143;2,6;1,3;
2026/02/17;1400 UTC;0;960,2;960,4;959,9;1765,4;23,8;21,5;26,1;22,3;23;20,9;95;80;88;122;4,4;2,4;
2026/02/17;1500 UTC;0;959,9;960;959,7;2500,7;26,3;22,3;27,8;25,7;23,6;21,7;84;77;80;133;3,9;2,3;
2026/02/17;1600 UTC;0;959,4;959,7;959,1;2837,1;27,7;23;28,9;26,8;23,9;22,1;81;71;76;163;5,2;2,9;
2026/02/17;1700 UTC;,2;958,9;959,2;958,4;1347,8;27,1;23,2;29,3;25,7;24,3;22,6;92;66;80;122;5,7;3,9;
2026/02/17;1800 UTC;0;958,4;958,7;958,1;2441,9;27,4;23,3;28,4;26;25;22;91;71;79;125;6,3;3,4;
2026/02/17;1900 UTC;0;958,4;958,5;958,1;806,9;26,9;22,1;27,7;26,3;22,9;21,5;79;72;76;156;4,5;2,9;
2026/02/17;2000 UTC;0;958,2;958,5;958,2;1024,6;26,9;22,2;27,5;26,1;22,6;21,8;81;74;77;139;4,4;3,3;
2026/02/17;2100 UTC;,6;958,3;958,5;958,2;325,7;24,8;22,7;26;23,9;23,1;22,1;95;80;90;131;3,8;2,7;
2026/02/17;2200 UTC;,2;958,5;958,7;958,3;100,7;23,3;22,6;23,9;22,7;23,2;22,3;98;95;97;90;3,2;2,2;
2026/02/17;2300 UTC;0;958,5;958,7;958,4;2,5;22,2;21,5;22,7;21,6;22,2;20,1;98;92;97;139;5,2;3,9;
2026/02/18;0000 UTC;0;958,4;958,7;958,2;0;21,4;20,5;21,6;21,1;21,2;19,7;99;91;96;120;7,4;5,6;
2026/02/18;0100 UTC;0;959,1;959,4;958,8;0;21;20,7;21,4;20,6;21,1;20,4;99;98;99;108;7,3;5,2;
2026/02/18;0200 UTC;0;959,6;959,8;959,4;0;20,2;20,1;20,6;19,9;20,4;19,8;100;99;99;117;5;3,6;
2026/02/18;0300 UTC;0;959,7;959,8;959,7;0;19,8;19,7;19,9;19,7;19,9;19,7;100;100;100;103;4,2;3,2;
2026/02/18;0400 UTC;0;959,6;959,8;959,5;0;19,5;19,6;19,7;19,4;19,7;19,4;100;100;100;114;4,4;3;
2026/02/18;0500 UTC;0;959,3;959,6;959;0;19,4;19,4;19,6;19,2;19,7;19,3;100;100;100;123;2,7;2;
2026/02/18;0600 UTC;0;958,9;959;958,8;0;19,2;19,3;19,4;19,1;19,4;19,1;100;100;100;135;2,6;1,9;
2026/02/18;0700 UTC;0;958,7;958,8;958,6;0;19,1;19,1;19,2;19;19,3;19,1;100;100;100;127;3,5;2,7;
2026/02/18;0800 UTC;0;958,7;959;958,5;0;18,8;18,9;19,1;18,5;19,2;18,6;100;100;100;106;1,7;1,3;
2026/02/18;0900 UTC;0;959,4;959,7;959;0;18,5;18,6;18,8;18,2;18,8;18,3;100;100;100;178;1,1;,7;
2026/02/18;1000 UTC;0;960,1;960,4;959,7;90,3;18,4;18,5;19,4;17,9;19,5;18;100;100;100;154;3;1,9;
2026/02/18;1100 UTC;0;960,5;960,7;960,3;479,1;19,5;19,6;19,7;19,3;19,8;19,4;100;99;100;175;2,6;1,6;
2026/02/18;1200 UTC;0;960,9;961;960,7;1015;20;19,8;21,1;19,4;20,5;19,3;100;97;99;139;3,9;2,3;
2026/02/18;1300 UTC;0;960,8;961;960,7;1768,5;22,4;19,4;23,9;21,2;20,6;18,6;97;76;85;132;4;2,8;
2026/02/18;1400 UTC;0;961;961,1;960,8;3246,1;25,1;19,6;26,2;23,8;20,6;18,4;79;66;72;141;5,9;3,9;
2026/02/18;1500 UTC;0;960,9;961,2;960,6;3416,6;26,1;19,3;27,4;24,8;20,3;18,1;73;59;66;136;5,8;3,2;
2026/02/18;1600 UTC;0;960,5;960,7;960,2;3863,7;27,6;19,5;28,5;26,8;20,5;18,6;66;54;60;136;6,2;3,7;
2026/02/18;1700 UTC;0;960,1;960,3;959,9;3688,4;27,7;18,8;28,6;26,8;19,8;17,2;62;50;56;158;5,5;2,8;
2026/02/18;1800 UTC;0;959,7;960;959,4;2876,6;28,3;19;29,2;26,8;20,3;17,8;58;47;54;122;5,7;2,9;
2026/02/18;1900 UTC;0;959,2;959,6;959;2263,4;28;18,5;28,6;27,3;19,3;17,5;57;49;52;152;5,6;3,5;
2026/02/18;2000 UTC;0;958,6;958,9;958,2;1637,6;27,5;19,1;28,6;25,4;19,7;17,9;68;49;58;134;7,5;5,1;
2026/02/18;2100 UTC;0;958;958,3;957,8;914,1;25,6;19,3;26,4;24,5;19,7;19;73;65;69;111;7;4,7;
2026/02/18;2200 UTC;0;958;958,1;957,9;261,1;23,5;19;24,4;22,7;19,2;18,8;82;73;78;111;8;4,9;
2026/02/18;2300 UTC;0;958,3;958,7;958;11,1;21,8;19;22,6;21,2;19,1;19;90;82;86;108;7,7;5,3;
2026/02/19;0000 UTC;0;958,8;959,2;958,6;0;20,7;19,2;21,2;20,4;19,4;19,1;95;90;93;102;6,8;4,6;
2026/02/19;0100 UTC;0;959,3;959,4;959,2;0;20,1;19,4;20,4;19,9;19,5;19,3;98;95;97;92;7,8;5,2;
2026/02/19;0200 UTC;0;959;959,3;958,8;0;19,7;19,4;19,9;19,7;19,5;19,4;99;98;98;76;7,5;4,7;
2026/02/19;0300 UTC;0;959;959,3;958,7;0;19,5;19,3;19,7;19,4;19,4;19,2;99;99;99;73;6,8;3,8;
2026/02/19;0400 UTC;0;959;959,1;958,9;0;19,4;19,2;19,5;19,3;19,3;19,1;99;99;99;50;6,3;3,2;
2026/02/19;0500 UTC;0;958,4;959,1;957,9;0;19,4;19,2;19,5;19,2;19,4;18,8;99;98;99;39;6,5;4;
2026/02/19;0600 UTC;0;957,7;957,9;957,4;0;19,1;18,7;19,2;18,9;18,9;18,6;99;98;98;35;7,4;4,3;
2026/02/19;0700 UTC;0;956,9;957,4;956,4;0;18,8;17,8;18,9;18,6;18,6;17,2;98;92;95;27;6,7;4,3;
2026/02/19;0800 UTC;0;956,4;956,6;956,2;0;18,6;18,3;18,8;18,4;18,8;17,7;100;95;99;37;7,2;4,4;
2026/02/19;0900 UTC;,2;956,7;957;956,4;0;18,8;18,6;18,8;18,8;18,8;18,6;100;99;99;32;7,6;4,5;
2026/02/19;1000 UTC;0;956,9;957,5;956,4;90,5;18,8;18,5;18,9;18,7;18,7;18,4;99;98;99;120;6,9;4,6;
2026/02/19;1100 UTC;0;957,8;958;957,6;636,4;19,5;18,8;20,4;18,9;19,1;18,6;99;92;97;129;6,8;3,6;
2026/02/19;1200 UTC;0;958;958,2;957,7;1219,8;20,8;18,7;21,4;20,3;19,1;18;93;83;90;71;6,5;3,4;
2026/02/19;1300 UTC;0;957,9;958,2;957,4;1967,9;22,4;18;23,5;21,4;18,7;17,2;85;69;78;59;5,4;3,1;
2026/02/19;1400 UTC;0;958,2;958,3;958;2704,7;24,2;17,5;25,2;23,3;18,4;16,8;74;61;67;140;5,7;2,6;
2026/02/19;1500 UTC;0;958,1;958,3;957,9;2878;25,2;17,9;26;24,8;19,2;17;71;59;64;220;5,3;2,8;
2026/02/19;1600 UTC;0;957,5;957,9;957,1;2740,6;25,7;17,6;26,5;25,2;18,7;16,9;65;56;60;182;5,1;2,3;
2026/02/19;1700 UTC;0;957;957,3;956,4;2218,3;25,8;17,8;26,2;25,4;18,8;17,1;65;57;60;65;4,2;1,8;
2026/02/19;1800 UTC;0;956,5;956,6;956,3;1055;25,6;18,1;26;25,3;19;17,4;67;58;63;140;3,9;2,6;
2026/02/19;1900 UTC;0;957;957,4;956,6;434,1;24,6;18,5;25,4;24,1;18,9;18,2;74;65;70;172;2,2;,9;
2026/02/19;2000 UTC;0;957,6;957,9;957,3;292,2;23,3;19,4;24,1;22,7;20,3;18,7;87;73;81;144;1,8;,6;
2026/02/19;2100 UTC;,2;957,1;957,3;956,7;150,2;22,2;20,4;22,9;21,7;20,8;19,1;95;81;91;25;2,7;1,9;
2026/02/19;2200 UTC;,4;956;956,6;955,5;42,1;20,9;20;21,8;20,2;21;19,3;97;93;96;104;3,1;2;
2026/02/19;2300 UTC;0;955,7;956,5;955,1;,7;20;19,3;20,2;19,9;19,9;18,7;99;94;96;46;5,9;3,2;
2026/02/20;0000 UTC;0;956,7;957;956,3;0;19,7;18,9;19,9;19,5;19;18,6;97;94;96;79;4,7;3,1;
2026/02/20;0100 UTC;0;957,3;957,4;957;0;19,6;18,9;19,7;19,5;19,1;18,8;98;95;97;94;6,3;4,1;
2026/02/20;0200 UTC;0;957,5;957,7;957,3;0;19,9;19,2;20;19,8;19,5;18,8;98;95;97;108;5,4;3,6;
2026/02/20;0300 UTC;0;957,9;958;957,7;0;20,1;19,8;20,2;20;19,9;19,5;99;98;98;98;4,7;2,5;
2026/02/20;0400 UTC;0;958,1;958,2;957,9;0;20,3;20;20,3;20,2;20;19,9;99;98;99;172;2,9;1,9;
2026/02/20;0500 UTC;,4;958;958,1;957,8;0;18,7;18,1;20,2;17,7;20;16,6;99;91;97;120;8;5;
2026/02/20;0600 UTC;2;958,1;958,2;957,9;0;17,8;17,8;18;17,6;17,9;17,5;100;98;100;126;8;4,9;
2026/02/20;0700 UTC;2;958,7;958,9;958,2;0;16,7;16,7;17,7;15,8;17,7;15,7;100;99;100;136;6,8;4;
2026/02/20;0800 UTC;,6;957,9;958,6;957,4;0;15,6;15,3;16;15,4;15,7;14,8;100;94;98;52;6,2;4,3;
2026/02/20;0900 UTC;0;957,8;958,1;957,4;0;16,4;15,3;17,4;16;15,8;14,5;98;89;95;121;5;1,9;
2026/02/20;1000 UTC;,2;956,8;958,7;955,4;26,3;17,3;16,5;17,8;16,3;16,9;15,9;99;94;96;217;8,7;3,9;
2026/02/20;1100 UTC;0;959;959,3;958,7;226,2;17,1;16,3;17,6;16,7;16,9;16;98;95;96;195;4,4;2,1;
2026/02/20;1200 UTC;0;959,4;959,6;959,3;674,3;17,6;16,7;18,1;17,3;17,1;16,1;97;92;95;221;5,1;1,9;
2026/02/20;1300 UTC;0;959,8;960;959,6;978,6;19,3;18,1;19,9;18;19;16,8;96;92;94;181;7,5;4,2;
2026/02/20;1400 UTC;0;960,1;960,2;959,9;1199,8;21,1;19,5;22,8;19,8;20,4;18,9;96;84;92;169;7,8;5,3;
2026/02/20;1500 UTC;0;959,7;960;959,5;2984,2;23,9;19,6;25,9;21,9;20,8;19;88;67;78;139;8,1;5,1;
2026/02/20;1600 UTC;0;959,5;959,6;959,4;2904,8;24,7;19,3;26;23,1;20,3;18,2;80;66;73;143;7,8;4,6;
2026/02/20;1700 UTC;0;959,5;959,7;959,3;2463,6;24,7;18,8;27,2;22,4;20,2;17,9;82;60;71;151;8,5;5,1;
2026/02/20;1800 UTC;0;959,4;959,6;959,3;1978,8;24,3;19,5;25,7;22,6;20,3;18,7;82;71;76;125;8,4;5,9;
2026/02/20;1900 UTC;,8;959,4;959,5;959,3;1291,7;22,6;20,3;25,5;21,3;21,2;19;97;71;89;130;8;5,4;
2026/02/20;2000 UTC;0;959,4;959,5;959,1;1393,9;23,1;19,9;24;22,5;20,9;18,8;91;74;84;127;10,1;7,5;
2026/02/20;2100 UTC;0;959,2;959,2;959;989;23,3;19;24,2;22;19,6;18,7;84;75;78;133;10,7;6,7;
2026/02/20;2200 UTC;0;959,4;959,9;959,1;231,6;21,7;19,1;22,5;21,1;19,4;18,6;90;80;87;116;7,2;4,9;
2026/02/20;2300 UTC;0;960,3;960,5;959,9;7,8;20,4;18,8;21;19,9;19,2;18,5;93;90;92;117;8,4;5,9;
2026/02/21;0000 UTC;0;961;961,5;960,5;0;19,7;18,6;19,9;19,5;18,7;18,5;95;93;94;122;7,4;5,2;
2026/02/21;0100 UTC;0;962;962,2;961,5;0;19,5;18,9;19,6;19,4;19,1;18,7;98;95;97;129;7,3;4,2;
2026/02/21;0200 UTC;,6;962,1;962,2;962;0;19,4;19,2;19,5;19,3;19,4;19;100;98;99;114;7,8;5,1;
2026/02/21;0300 UTC;0;961,9;962;961,8;0;19,1;19,1;19,3;18,9;19,2;19;100;100;100;97;5,2;3,2;
2026/02/21;0400 UTC;0;961,8;961,9;961,7;0;19,1;19,1;19,2;18,9;19,2;19;100;100;100;128;4,6;3,3;
2026/02/21;0500 UTC;0;961,5;961,7;961,4;0;19;19,1;19,1;18,8;19,2;18,9;100;100;100;121;4,6;3;
2026/02/21;0600 UTC;0;961,5;961,5;961,4;0;18,6;18,7;18,8;18,5;18,9;18,6;100;100;100;113;4,5;3,4;
2026/02/21;0700 UTC;0;961,3;961,5;961,2;0;18,4;18,5;18,5;18,1;18,6;18,2;100;100;100;128;2,5;1,5;
2026/02/21;0800 UTC;0;961,5;961,7;961,3;0;18;18,1;18,2;17,9;18,2;18;100;100;100;127;3;1,6;
2026/02/21;0900 UTC;,2;961,9;962,2;961,6;0;17,9;18;18,1;17,8;18,1;17,9;100;100;100;142;1,7;1,1;
2026/02/21;1000 UTC;0;962,4;962,6;962,2;78,2;17,8;17,8;18,2;17,6;18,2;17,6;100;100;100;116;2,5;1,5;
2026/02/21;1100 UTC;0;962,8;963;962,6;611,1;19;19;19,9;18,2;19,8;18,2;100;99;100;132;4,1;2,2;
2026/02/21;1200 UTC;0;963,2;963,3;963;1361;20,8;19,7;21,9;19,8;20,2;18,5;99;85;94;110;7,8;5,2;
2026/02/21;1300 UTC;0;963,5;963,8;963,2;2174,2;22,4;18,9;23,6;21,5;19,7;18,1;89;74;83;109;7,1;4,2;
2026/02/21;1400 UTC;0;963,6;963,8;963,5;2927,3;24,1;18,3;25,1;22,8;19,2;17,2;77;62;71;110;9,2;5,8;
2026/02/21;1500 UTC;0;963,3;963,6;963,1;3231,2;25,4;18,6;26,1;24,1;19,9;17,6;71;60;66;104;7,9;5,2;
2026/02/21;1600 UTC;0;963,1;963,2;963;2885;25,6;18,4;27;24,3;20;17,3;71;58;64;108;8;3,8;
2026/02/21;1700 UTC;0;963;963,1;962,9;3525,6;26,4;18,1;27,1;25,2;18,9;17,4;66;52;58;107;8,9;4,8;
2026/02/21;1800 UTC;0;962,8;963;962,5;3188,5;26,8;17,6;27,4;25,9;18,8;16,6;57;48;54;120;9,3;5,5;
2026/02/21;1900 UTC;0;962,2;962,5;961,8;2735,1;26,7;17,3;27,3;26,3;18,1;16,8;58;50;53;129;10,7;6,9;
2026/02/21;2000 UTC;0;961,8;961,9;961,8;2040,5;25,8;16,8;26,3;25,2;17,4;15,8;58;52;55;116;8,8;5,8;
2026/02/21;2100 UTC;0;961,9;962;961,7;1192,6;24,6;16,3;25,4;23,8;16,8;15,7;64;52;58;117;10,3;7,1;
2026/02/21;2200 UTC;0;961,8;962,1;961,7;310,6;22,6;17,5;23,7;21,5;18,1;16,5;82;64;74;120;10,7;7,3;
2026/02/21;2300 UTC;0;962,3;962,6;962;3,9;20,8;17,8;21,5;20,3;18,3;17,5;90;82;85;112;10,2;6,8;
2026/02/22;0000 UTC;0;962,8;963;962,6;0;20;18,7;20,4;19,8;19;18,3;96;90;93;108;10,3;6,6;
2026/02/22;0100 UTC;0;963,3;963,5;963;0;19,9;19,1;19,9;19,8;19,3;19;97;96;96;110;10,7;7,3;
2026/02/22;0200 UTC;0;963,5;963,6;963,4;0;19,8;19,2;19,9;19,7;19,4;19;98;96;97;111;10,3;6,4;
2026/02/22;0300 UTC;0;963,7;963,8;963,6;0;19,5;19,2;19,7;19,2;19,4;18,9;99;98;98;95;6,9;3,8;
2026/02/22;0400 UTC;0;963,7;963,9;963,5;0;19,1;18,9;19,3;18,9;19,1;18,5;99;98;99;71;8;4;
2026/02/22;0500 UTC;0;963,3;963,4;963,1;0;18,6;18;18,9;18,3;18,5;17,8;98;96;97;82;7,3;4,1;
2026/02/22;0600 UTC;0;963,1;963,2;962,8;0;18,6;18,1;18,8;18,5;18,3;17,8;98;96;97;67;5,9;3;
2026/02/22;0700 UTC;0;962,7;962,8;962,6;0;18,4;18,1;18,6;18,3;18,2;18;99;98;99;60;5,4;2,6;
2026/02/22;0800 UTC;0;962,7;962,8;962,6;0;18,1;17,9;18,3;18;18;17,7;99;98;99;72;5,8;3,4;
2026/02/22;0900 UTC;,2;962,6;962,7;962,5;0;17,9;17,5;18;17,8;17,7;17,3;99;98;98;73;7,2;3,6;
2026/02/22;1000 UTC;0;962,8;962,9;962,6;39,1;18,1;17,3;19;17,6;17,4;17,2;98;92;96;78;6,4;3,6;
2026/02/22;1100 UTC;0;963,3;963,7;962,9;699,1;20,1;17,8;21,2;19;18,4;17,4;92;84;88;84;6,5;3,2;
2026/02/22;1200 UTC;0;963,7;963,9;963,6;1347,9;21,7;18,4;22,2;21,2;18,9;18;86;80;83;78;8,1;5;
2026/02/22;1300 UTC;0;963,9;964;963,6;1653,3;22,6;18,4;23,5;21,4;19,1;17,9;84;74;79;74;7,3;3,6;
2026/02/22;1400 UTC;0;964,1;964,2;963,9;2087,9;24;18,6;25,3;23,1;19,6;17,9;77;68;73;109;7,8;4,9;
2026/02/22;1500 UTC;0;963,6;964;963,1;2926,2;25,6;18,8;26,7;23,8;19,6;18;72;60;66;96;8,2;4,2;
2026/02/22;1600 UTC;0;963;963,2;962,7;2011,7;25,4;19,1;26,9;24,5;20,6;18;72;62;69;103;8,6;5,6;
2026/02/22;1700 UTC;0;962,7;962,9;962,5;2459,2;25,5;19,1;26,5;24,5;19,7;18,6;73;64;68;103;9,9;6,3;
2026/02/22;1800 UTC;0;962,2;962,6;961,9;2460;25,8;18,9;26,9;24,6;19,7;18,1;69;62;65;103;11,6;6,7;
2026/02/22;1900 UTC;0;961,6;962;961,3;2201,3;25,4;19;26,4;24,8;19,9;18,3;71;62;68;115;12,1;6,9;
2026/02/22;2000 UTC;0;961,3;961,5;961,1;1658,4;24,6;19;25,3;24,2;19,4;18,5;74;67;72;94;12;5,4;
2026/02/22;2100 UTC;0;960,9;961,3;960,7;883,9;23,1;18,8;24,4;22,3;19,3;18,5;81;74;79;104;13,1;7,5;
2026/02/22;2200 UTC;0;960,8;960,9;960,6;210,5;21,8;18,5;22,5;21,3;18,8;18,2;85;80;83;97;13,4;7,5;
2026/02/22;2300 UTC;0;960,9;961,1;960,7;3,3;20,7;18,2;21,3;20,4;18,4;17,9;89;84;87;93;10,9;6;
2026/02/23;0000 UTC;0;961,2;961,5;960,9;0;20,3;17,9;20,5;20,1;18;17,8;90;87;88;80;11,2;5,6;
2026/02/23;0100 UTC;0;961,5;961,6;961,4;0;19,9;18,1;20,1;19,5;18,2;17,7;92;90;91;75;11,7;7;
2026/02/23;0200 UTC;0;961,6;961,7;961,3;0;19,2;17,4;19,5;19,1;17,7;17,2;91;90;91;73;13,2;7,1;
2026/02/23;0300 UTC;0;961,3;961,4;961,1;0;19,1;17,3;19,2;19;17,4;17,2;92;90;91;65;9,7;4,9;
2026/02/23;0400 UTC;0;961;961,3;960,8;0;18,9;17,6;19;18,9;17,6;17,4;93;92;93;56;9,6;5,3;
2026/02/23;0500 UTC;0;960,8;961;960,6;0;18,9;17,8;19;18,8;17,8;17,6;95;93;94;58;9,4;5,2;
2026/02/23;0600 UTC;0;960,5;960,7;960,3;0;18,6;17,8;18,8;18,5;17,9;17,8;97;95;96;51;9,3;4,8;
2026/02/23;0700 UTC;0;960,3;960,5;960;0;18,5;17,9;18,6;18,5;17,9;17,8;97;96;97;65;9,2;5,1;
2026/02/23;0800 UTC;0;959,9;960;959,7;0;18,6;18,1;18,6;18,5;18,2;17,9;98;97;97;51;10,3;4,5;
2026/02/23;0900 UTC;0;960,1;960,3;959,9;0;18,8;18,3;19;18,6;18,4;18,2;98;97;98;54;7,8;4,1;
2026/02/23;1000 UTC;0;960,3;960,5;960,2;54,4;19;18,5;19,2;18,9;18,6;18,4;98;97;97;66;7;3,7;
2026/02/23;1100 UTC;0;960,5;960,6;960,4;573,9;19,8;18,7;20,7;19,1;18,9;18,6;97;90;94;72;9,4;4,8;
2026/02/23;1200 UTC;0;960,8;961;960,5;1344,5;21,6;18,8;22,7;20,7;19,2;18,4;90;80;86;66;8,6;4,7;
2026/02/23;1300 UTC;0;960,9;961;960,8;2254,8;23,7;19,1;24,5;22,7;19,8;18,5;81;71;77;51;9;4,9;
2026/02/23;1400 UTC;0;960,7;960,9;960,5;2578,5;25,2;19,2;26;24,5;19,9;18,4;74;65;70;70;9,1;4,7;
2026/02/23;1500 UTC;0;960,2;960,5;960;2516,6;26;19,2;26,7;25,1;19,9;18,5;71;62;66;65;7,6;4;
2026/02/23;1600 UTC;0;959,8;960;959,6;2514,1;26,3;19,2;27;25,4;19,9;18,6;70;58;64;80;9,2;5,1;
2026/02/23;1700 UTC;0;959,1;959,7;958,7;2848,7;27;19,1;27,5;26,2;20,3;18,5;67;56;60;68;8,8;4,4;
2026/02/23;1800 UTC;0;958,1;958,8;957,4;2829,9;27,3;18,9;28;26,6;19,9;18;61;55;58;73;11,1;6,4;
2026/02/23;1900 UTC;0;957;957,4;956,6;1967,8;26,6;17,5;27,8;25,9;18,8;16,7;58;51;54;91;10;5,6;
2026/02/23;2000 UTC;0;956,4;956,8;956,1;1179;25,4;17;25,9;24,7;17,7;16,4;63;53;58;88;12,7;7,4;
2026/02/23;2100 UTC;0;956,5;956,7;956,2;475,3;24;17,5;24,6;23,6;17,9;16,9;72;62;67;75;9,2;4,4;
2026/02/23;2200 UTC;0;956,3;956,7;956;136,6;23;17,8;23,5;22,5;18,3;17,4;79;71;74;69;9,8;5,6;
2026/02/23;2300 UTC;0;956,5;957;956;2,4;22,1;18,5;22,5;21,6;18,7;18,3;84;79;82;71;10,2;5,6;
2026/02/24;0000 UTC;0;957,5;958,3;956,7;0;21,5;18,7;21,6;21,4;18,8;18,4;87;84;86;83;5,2;2,6;
2026/02/24;0100 UTC;0;957,7;958,2;957,3;0;21,2;18,9;21,5;20,9;19,1;18,8;91;87;89;71;9;4,9;
2026/02/24;0200 UTC;0;957;957,4;956,7;0;20,8;19,2;20,9;20,7;19,5;19;94;91;92;67;8,2;4,7;
2026/02/24;0300 UTC;0;956,6;956,9;956,4;0;20,8;19,6;20,8;20,7;19,6;19,5;94;94;94;63;9,5;4,5;
2026/02/24;0400 UTC;0;956,3;956,6;955,7;0;20,9;19,4;21;20,8;19,5;19,3;93;92;93;52;10,1;5,1;
2026/02/24;0500 UTC;0;955,4;955,8;955,1;0;20,8;19,5;21;20,8;19,6;19,4;94;92;93;61;7,3;3,4;
2026/02/24;0600 UTC;0;955,1;955,6;954,3;0;20,8;19,6;20,9;20,7;19,7;19,5;95;93;94;52;8,8;4,8;
2026/02/24;0700 UTC;0;954,5;954,7;954,3;0;20,8;19,7;20,8;20,7;19,7;19,6;95;94;94;55;7,4;3,2;
2026/02/24;0800 UTC;0;954,4;954,6;954,3;0;20,7;19,7;20,7;20,6;19,8;19,7;96;95;95;50;6,5;2,8;
2026/02/24;0900 UTC;0;954,6;954,8;954,4;0;20,5;19,6;20,6;20,5;19,7;19,6;96;95;96;55;6,5;3,6;
2026/02/24;1000 UTC;,6;954,9;955;954,7;12,3;20,1;19,9;20,5;20;20;19,7;99;96;99;41;8,9;5;
2026/02/24;1100 UTC;0;954,9;955,2;954,7;242,4;20,3;19,7;20,8;20;20;19,5;99;95;97;68;8,8;4,6;
2026/02/24;1200 UTC;0;955,4;955,6;955,2;764,1;21,3;20;21,6;20,8;20,2;19,7;96;90;93;105;9,4;5,4;
2026/02/24;1300 UTC;0;955,5;955,6;955,4;1012,5;21,9;19,8;22,5;21,6;20,1;19,6;91;86;90;96;9,1;5,4;
2026/02/24;1400 UTC;0;955,5;955,7;955,4;933,6;22,1;19,9;22,3;21,8;20,2;19,5;91;87;89;102;7,9;4;
2026/02/24;1500 UTC;0;955,4;955,5;955,2;1002,7;22;20,3;22,7;21,4;20,6;19,9;94;88;92;151;7,3;3,9;
2026/02/24;1600 UTC;0;955,1;955,3;954,9;869,3;22,1;20,5;22,4;21,8;21;20,1;95;90;92;171;6,7;3,8;
2026/02/24;1700 UTC;3,2;955;955,4;954,7;307,4;21,7;20,8;22,6;20,6;21,1;20,2;99;90;95;160;5,7;2,9;
2026/02/24;1800 UTC;7;954,3;955,5;952,8;155,5;20,5;20,3;20,9;20;20,8;19,8;100;98;99;74;11,4;6,1;
2026/02/24;1900 UTC;0;953,7;954;953,3;1302,3;21,2;20,5;22,3;20;21,3;19,9;99;93;97;112;7,4;3,4;
2026/02/24;2000 UTC;0;952,6;953,3;952,2;1982,1;23,5;20,3;23,9;22,4;21,3;19,8;94;80;84;314;7,8;5,2;
2026/02/24;2100 UTC;0;952,2;952,5;952;662,7;23;20;23,4;22,7;20,3;19,7;87;83;85;321;9;4,6;
2026/02/24;2200 UTC;0;952,8;953,1;952,4;360,9;22,7;20,5;23,4;21,7;20,8;19,8;94;84;89;213;4,8;2;
2026/02/24;2300 UTC;0;952,9;953,2;952,4;2,2;21,2;20,4;21,7;20,9;20,6;20,3;98;93;96;238;6,6;4,4;
2026/02/25;0000 UTC;0;952,7;953,1;952,4;0;20,8;20,7;20,9;20,7;20,8;20,5;100;98;100;336;8,7;6,1;
2026/02/25;0100 UTC;0;953,5;954;953;0;20,9;21;21;20,7;21,1;20,8;100;100;100;323;5,9;3,4;
2026/02/25;0200 UTC;0;953,7;953,8;953,6;0;20,9;21;21;20,7;21,1;20,8;100;100;100;326;7,5;4,2;
2026/02/25;0300 UTC;0;953,5;953,7;953,3;0;20,4;20,4;20,7;20,1;20,8;20,1;100;100;100;329;9,2;6,6;
2026/02/25;0400 UTC;0;953,2;953,4;952,8;0;19,9;19,9;20,1;19,8;20,1;19,9;100;100;100;311;6,2;4;
2026/02/25;0500 UTC;0;952,8;953,1;952,6;0;20,1;20,2;20,3;19,9;20,3;20;100;100;100;266;6;2,4;
2026/02/25;0600 UTC;0;952,8;953;952,6;0;20,1;20,2;20,2;20;20,3;20;100;100;100;295;5,6;2,8;
2026/02/25;0700 UTC;0;952,7;952,9;952,5;0;19,9;19,9;20;19,8;20;19,9;100;100;100;229;4,1;2,2;
2026/02/25;0800 UTC;0;953,2;953,6;952,9;0;19,9;20;20,1;19,4;20,1;19,5;100;100;100;199;8,4;4;
2026/02/25;0900 UTC;0;953,8;954,1;953,6;0;19;19;19,4;18,8;19,5;18,8;100;100;100;181;8,6;5,3;
2026/02/25;1000 UTC;0;954,5;954,9;954,1;16,5;18,8;18,8;18,8;18,7;18,9;18,7;100;100;100;176;12;7;
2026/02/25;1100 UTC;0;955,2;955,5;954,9;149;18,8;18,7;18,9;18,7;18,8;18,5;100;98;100;181;10;6,9;
2026/02/25;1200 UTC;0;955,6;955,8;955,4;500,2;19,3;18,5;19,5;18,9;18,7;18,4;98;95;96;179;11,3;7,2;
2026/02/25;1300 UTC;0;956,1;956,5;955,7;663,1;19,8;18,6;20,4;19,3;19;18,5;97;92;94;175;10,8;6,6;
2026/02/25;1400 UTC;0;956,7;956,9;956,5;664,4;19,6;18,9;20,4;19,4;19,2;18,6;98;92;96;173;10;5,9;
2026/02/25;1500 UTC;0;956,6;956,7;956,4;945,7;20,1;18,3;20,6;19,8;19;17,9;94;88;91;174;10,4;5,9;
2026/02/25;1600 UTC;0;956,5;956,6;956,5;1677;20,8;17,9;21,5;20,1;18,4;17,1;90;81;85;176;9,5;6,1;
2026/02/25;1700 UTC;0;956,5;956,6;956,4;1040,2;20,5;16,9;20,8;19,7;17,5;16,2;86;79;82;180;11;7;
2026/02/25;1800 UTC;0;956,4;956,6;956,3;851,1;19,8;16,2;20,4;19,4;16,6;15,8;84;80;82;175;9,2;5,5;
2026/02/25;1900 UTC;0;956,3;956,5;956,1;1133,2;20,1;16,3;20,9;19,6;16,9;15,9;84;77;81;178;7,4;4,8;
2026/02/25;2000 UTC;0;956,1;956,2;956;576,3;19,8;16,2;20,8;19,5;16,8;15,6;85;79;82;156;9,5;6,8;
2026/02/25;2100 UTC;0;956,1;956,2;956;446,5;19,2;15,3;19,8;18,7;16,2;14,7;83;80;81;164;9,2;6,3;
2026/02/25;2200 UTC;0;956,1;956,2;955,9;233,3;18,1;14,4;18,7;17,2;15;14,2;86;78;82;161;7,1;5,3;
2026/02/25;2300 UTC;0;956,5;956,7;956,2;2,5;17;14,2;17,3;16,7;14,5;14;87;85;86;158;7,5;5,8;
2026/02/26;0000 UTC;0;957;957,2;956,7;0;16,1;14;16,6;15,9;14,2;13,7;91;87;89;153;9,6;6,8;
2026/02/26;0100 UTC;0;957,4;957,5;957,2;0;15,6;13,4;15,9;15,3;13,7;13,2;90;88;89;145;7,9;5,8;
2026/02/26;0200 UTC;0;957,5;957,7;957,4;0;15,2;13,2;15,3;15,2;13,4;12,9;91;88;90;148;8,6;6,3;
2026/02/26;0300 UTC;0;957,6;957,7;957,4;0;15,2;12,9;15,2;15,1;13;12,7;89;88;88;156;6,3;4,9;
2026/02/26;0400 UTC;0;957,4;957,5;957,3;0;15;12,6;15,1;14,9;12,8;12,2;89;86;88;157;6,8;5,2;
2026/02/26;0500 UTC;0;957,2;957,3;957;0;14,7;11,9;14,9;14,3;12,3;11,7;87;85;86;159;6,3;5;
2026/02/26;0600 UTC;0;956,8;957;956,6;0;13,8;11,7;14,3;13,4;11,8;11,6;91;87;89;168;5,7;4,2;
2026/02/26;0700 UTC;0;956,6;956,7;956,4;0;13,2;11,5;13,4;13;11,6;11,4;92;91;91;162;5,7;4,6;
2026/02/26;0800 UTC;0;956,7;956,9;956,6;0;12,9;11,2;13;12,7;11,4;10,9;92;90;91;165;5,4;4,1;
2026/02/26;0900 UTC;0;957,1;957,3;956,9;0;12,6;10,8;12,8;12,3;11;10,7;92;91;91;165;5,5;4,2;
2026/02/26;1000 UTC;0;957,6;957,9;957,3;44,7;12,5;11,1;13,8;12,2;11,6;10,8;94;88;93;163;5,1;3,7;
2026/02/26;1100 UTC;0;958,2;958,5;957,9;660,6;14,8;11,3;15,4;13,8;11,8;11;89;79;83;179;4,5;2,8;
2026/02/26;1200 UTC;0;958,7;959;958,5;1658,8;16,5;11,8;17,7;15,5;12,4;11,2;80;72;76;171;6,5;4,2;
2026/02/26;1300 UTC;0;959,1;959,1;959;2341;18,2;12,4;19,8;17,2;12,9;11,9;75;64;71;154;8,2;5,2;
2026/02/26;1400 UTC;0;959,2;959,3;959,1;2593,8;19,4;12,5;20,9;18,4;13,8;11,7;69;59;65;151;7,3;4,4;
2026/02/26;1500 UTC;0;959,2;959,3;959,1;2463,2;19,9;11,9;21,1;18,8;13,2;11,3;65;55;60;164;8,7;5,8;
2026/02/26;1600 UTC;0;958,9;959,3;958,7;3421,2;20,9;12,5;22,2;19,5;13,7;11,3;63;53;58;151;6,5;3,5;
2026/02/26;1700 UTC;0;958,6;958,7;958,3;2864,5;21,2;12,4;21,9;20,6;13,1;11,4;60;52;56;183;6,8;3,4;
2026/02/26;1800 UTC;0;958,1;958,4;957,8;2041,8;20,8;12,7;22,1;19,8;14,1;11,6;64;54;59;175;5,8;2,5;
2026/02/26;1900 UTC;0;957,6;957,8;957,5;1926,5;21;13;22,2;20,3;14;12,4;63;55;60;136;6,2;4,4;
2026/02/26;2000 UTC;0;957,5;957,5;957,4;1762,2;20,6;12,2;21,2;19,9;12,9;11,3;61;54;58;168;7,3;4,9;
2026/02/26;2100 UTC;0;957,6;957,8;957,4;479;18,6;11,4;20,1;17,9;11,9;11,1;69;58;64;159;5,4;3,9;
2026/02/26;2200 UTC;0;957,7;957,8;957,6;196,3;17,4;11,2;17,9;16,8;11,5;10,9;72;66;69;162;5,8;4,4;
2026/02/26;2300 UTC;0;958;958,3;957,8;1,4;15,7;11,1;16,8;15;11,4;10,9;81;71;77;134;5,9;4,4;
2026/02/27;0000 UTC;0;958,6;958,8;958,2;0;15;11,6;15,3;14,7;11,9;11,1;85;80;83;125;6,6;5,2;
2026/02/27;0100 UTC;0;958,9;959;958,8;0;14,5;11,8;14,7;14,3;11,9;11,6;87;86;87;130;6,5;5,1;
2026/02/27;0200 UTC;0;959,2;959,4;959;0;14;11,3;14,3;13,9;11,5;10,9;87;85;86;133;6,5;5;
2026/02/27;0300 UTC;0;959,4;959,5;959,3;0;13,7;10,8;13,9;13,6;10,9;10,6;86;85;85;123;5,9;4,8;
2026/02/27;0400 UTC;0;959,2;959,4;958,9;0;13,6;10,6;13,8;13,6;10,8;10,4;86;84;85;114;6,4;5,3;
2026/02/27;0500 UTC;0;958,7;958,9;958,5;0;13,6;10,4;13,8;13,4;10,5;10,2;85;83;84;116;5,3;4,2;
2026/02/27;0600 UTC;0;958,3;958,5;958,1;0;13,4;10,3;13,5;13,2;10,5;10;86;83;85;123;5,4;4,4;
2026/02/27;0700 UTC;0;957,9;958,1;957,9;0;13,1;10,1;13,4;12,9;10,2;10;87;84;85;128;5,3;4;
2026/02/27;0800 UTC;0;958,1;958,3;958;0;12,6;10,1;12,8;12,4;10,3;10;89;86;88;154;3,6;2,7;
2026/02/27;0900 UTC;0;958,4;958,8;958,1;0;12,6;10,2;13,2;11,9;10,4;10,1;92;85;88;136;3,5;2,8;
2026/02/27;1000 UTC;0;959;959,4;958,8;34,6;12,4;10,5;14;11,8;11,1;10,2;93;85;91;161;3,1;2,3;
2026/02/27;1100 UTC;0;959,6;960;959,3;642,1;14,9;11,1;15,7;14;11,6;10,7;85;76;81;158;3,8;2,1;
2026/02/27;1200 UTC;0;960,2;960,4;959,8;1671,5;16,5;11,7;17,4;15,7;12,4;11,1;79;72;76;166;4;2,3;
2026/02/27;1300 UTC;0;960,8;961;960,4;2458,2;18,1;12,2;19,1;17,3;13,1;11,3;77;64;70;95;3,1;1,4;
2026/02/27;1400 UTC;0;960,7;960,9;960,2;2489,7;19,6;12,7;21,2;18,5;14;11,7;70;57;66;117;5,7;2,9;
2026/02/27;1500 UTC;0;960;960,3;959,6;3565,4;21,6;13,6;22,3;20,3;14,7;11,8;66;54;60;131;5,5;2,7;
2026/02/27;1600 UTC;0;959,5;959,6;959,4;3751,3;22,7;13,7;23,7;21,6;15,1;12,5;60;49;55;113;4,5;1,9;
2026/02/27;1700 UTC;0;959,4;959,5;959,3;3780,6;23,6;13,9;24,9;22,1;15,8;12,2;60;44;51;81;3,7;1,8;
2026/02/27;1800 UTC;0;959;959,3;958,8;2189,6;23,4;13,8;24,9;22,4;15,4;12,6;59;44;52;144;6,9;4;
2026/02/27;1900 UTC;0;958,6;958,9;958,3;2330;24;14,9;25,2;22,6;15,7;13,6;60;50;54;130;6,7;4,3;
2026/02/27;2000 UTC;0;958,4;958,6;958,2;1911;23,5;14,8;24,3;22,4;15,4;14,1;62;51;56;136;7,3;5,2;
2026/02/27;2100 UTC;0;958,7;958,8;958,6;861,7;21,8;14,7;23,3;21;15,4;14,2;67;58;65;127;7,2;4,8;
2026/02/27;2200 UTC;0;959;959,2;958,8;251,2;20;14,4;21,2;18,7;14,8;14,1;79;67;72;114;7,2;5;
2026/02/27;2300 UTC;0;959,6;959,8;959,2;,6;18;14,4;18,6;17,3;14,6;14,3;85;79;82;101;7;4,5;
2026/02/28;0000 UTC;0;960;960,1;959,8;0;17,1;14,3;17,3;16,8;14,4;14,2;87;85;86;95;7,6;5,2;
2026/02/28;0100 UTC;0;960,3;960,5;960,1;0;16,6;14,2;16,8;16,4;14,3;14,1;89;87;88;96;8,1;5,6;
2026/02/28;0200 UTC;0;960,5;960,6;960,4;0;16,2;14;16,4;16,1;14,2;13,8;89;88;89;91;7,4;5,3;
2026/02/28;0300 UTC;0;960,3;960,5;960,2;0;16;14;16,2;15,8;14,1;13,9;91;89;90;85;6,4;4,1;
2026/02/28;0400 UTC;0;959,9;960,2;959,5;0;15,8;14,1;15,9;15,7;14,1;14;92;91;91;76;6,3;4,1;
2026/02/28;0500 UTC;0;959,3;959,6;959;0;16;14;16,1;15,7;14,3;13,9;92;89;90;69;6,9;3,9;
2026/02/28;0600 UTC;0;959;959,1;958,9;0;16,1;13,9;16,2;15,8;14,2;13,8;91;88;89;68;6,6;4;
2026/02/28;0700 UTC;0;959;959,1;958,9;0;15,8;13,7;15,9;15,7;13,8;13,6;90;89;89;64;6,3;3,7;
2026/02/28;0800 UTC;0;959;959,2;958,9;0;15,9;13,4;16,1;15,8;13,7;13,1;89;85;87;60;7;3,9;
2026/02/28;0900 UTC;0;959,4;959,7;959,1;0;15,9;13,1;16,1;15,7;13,2;13;87;85;86;74;5,6;3,4;
2026/02/28;1000 UTC;0;959,9;960,2;959,7;40,4;15,7;13,2;16,5;15,4;13,5;13;88;84;87;79;4,1;2,5;
2026/02/28;1100 UTC;0;960,3;960,5;960,2;595,5;17,6;13,8;18,9;16,5;14,7;13,2;85;77;81;79;5,6;2,9;
2026/02/28;1200 UTC;0;960,8;961,1;960,4;1280,5;19,9;15,3;20,5;19;15,8;14,6;80;73;77;82;5,6;2,8;
2026/02/28;1300 UTC;0;961,2;961,2;961,1;1639,8;20,5;15,5;22,1;19,2;16,5;15;82;67;75;101;5,9;3,6;
2026/02/28;1400 UTC;0;961,2;961,3;961,1;2291,3;22,2;15,6;23,2;21,1;16,4;14,9;72;62;67;93;6,3;3,4;
2026/02/28;1500 UTC;0;960,9;961,2;960,5;2968,5;23,5;15,5;24,4;22,9;16,7;14,6;65;55;60;90;7,8;4,4;
2026/02/28;1600 UTC;0;960,5;960,6;960,4;3363;24,7;15,7;25,8;23,6;16,9;14,4;59;50;55;123;6,9;4,6;
2026/02/28;1700 UTC;0;960,2;960,4;960,1;2934,5;24,8;16;25,7;23,7;16,9;15;61;52;56;132;7,2;5;
2026/02/28;1800 UTC;0;959,9;960,1;959,7;2123,3;24,3;15,9;25,9;23,3;16,9;15,2;63;53;58;126;10,8;5,9;
2026/02/28;1900 UTC;0;959,6;959,8;959,4;2155,5;24,2;15,7;25;22,9;16,6;14,8;62;55;58;119;8,8;5,9;
2026/02/28;2000 UTC;0;959,4;959,4;959,2;1800,9;23,5;14,6;24,1;22,6;15,4;13,9;60;52;55;116;9,8;5,7;
2026/02/28;2100 UTC;0;959,4;959,5;959,3;1151,8;22,8;13,6;23,5;21,8;14,4;12,7;56;52;54;118;8,7;6,1;
2026/02/28;2200 UTC;0;959,6;959,9;959,4;270,4;20,8;12,9;21,8;19,7;13,2;12,7;67;55;60;109;7,8;4,9;
2026/02/28;2300 UTC;0;960,1;960,2;959,8;,4;18,8;13,3;19,6;18,2;13,6;13;77;67;72;97;7;5;
2026/03/01;0000 UTC;0;960,4;960,8;960,1;0;17,8;13,8;18,2;17,4;14,2;13,6;84;77;80;99;6,8;4,4;
2026/03/01;0100 UTC;0;961,1;961,4;960,8;0;17,4;14,4;17,5;17,2;14,6;14,2;87;84;85;94;6,3;3,9;
2026/03/01;0200 UTC;0;961,4;961,5;961,3;0;17;14,6;17,2;17;14,7;14,6;89;87;88;76;5,4;3;
2026/03/01;0300 UTC;0;961,5;961,6;961,4;0;16,7;14,8;17;16,5;14,9;14,6;92;88;90;62;5;2,6;
2026/03/01;0400 UTC;0;961,2;961,5;961;0;16,5;15;16,8;16,3;15,1;14,9;94;91;92;68;4,2;2,5;
2026/03/01;0500 UTC;0;960,7;961;960,5;0;16,5;15;16,7;16,4;15,1;14,8;93;91;92;74;5,4;3,1;
2026/03/01;0600 UTC;0;960,6;960,7;960,5;0;16,1;15;16,4;15,9;15,1;14,8;95;93;94;86;3,8;2,5;
2026/03/01;0700 UTC;0;960,5;960,6;960,4;0;15,9;14,8;16;15,8;15;14,6;96;93;95;80;4,4;2,7;
2026/03/01;0800 UTC;0;960,4;960,5;960,3;0;15,7;14,8;15,9;15,5;15,1;14,6;97;95;96;77;4,4;2,9;
2026/03/01;0900 UTC;0;960,6;960,8;960,4;0;15,8;14,7;16;15,7;14,8;14,6;95;93;94;74;4,8;3;
2026/03/01;1000 UTC;0;961;961,2;960,8;33,6;16,1;14,8;16,9;15,7;15;14,6;95;91;94;75;4,9;2,9;
2026/03/01;1100 UTC;0;961,3;961,6;961,1;660;18;15,3;19,4;16,9;15,9;15;91;82;86;105;4,8;2,8;
2026/03/01;1200 UTC;0;961,6;961,7;961,5;1608,3;20,2;15,8;20,8;19,5;16,4;15,3;81;75;78;114;9,2;5,3;
2026/03/01;1300 UTC;0;961,8;962,1;961,7;1793,6;21,1;16;22;20,1;16,6;15,6;80;68;75;109;8,4;5,3;
2026/03/01;1400 UTC;0;962,1;962,2;961,9;2278,6;22,5;15,5;23,9;21,2;16,6;15;71;59;65;123;9,5;5,6;
2026/03/01;1500 UTC;0;961,8;962;961,5;2519,6;23,1;15,6;23,9;21,9;16,8;14,7;67;57;62;126;9,4;5,8;
2026/03/01;1600 UTC;0;961,4;961,7;961;2943;24;15,7;24,9;23,2;16,6;14,8;64;55;58;131;10,6;6,7;
2026/03/01;1700 UTC;0;960,9;961,1;960,6;3361,2;24,7;15,8;25,3;23,6;16,3;15,2;60;50;55;117;11;5,8;
2026/03/01;1800 UTC;0;960,4;960,6;960,2;3128,3;25,1;15,5;25,6;24,2;16,4;14,9;57;48;52;116;8,4;4,9;
2026/03/01;1900 UTC;0;959,9;960,2;959,7;2593,3;24,6;14,7;25,2;23,8;15,6;13,8;56;47;50;82;8;4,8;
2026/03/01;2000 UTC;0;959,7;959,7;959,6;1821,4;23,7;14,6;24,6;22,7;15,2;13,9;58;52;54;99;8,8;5,7;
2026/03/01;2100 UTC;0;959,6;959,7;959,5;992,8;22,2;14,7;23,5;21,6;15,1;14,3;65;57;62;120;10,3;6,3;
2026/03/01;2200 UTC;0;959,6;959,7;959,5;237,6;20,3;14,1;21,6;19,1;14,8;13,8;74;65;69;108;6,9;4,4;
2026/03/01;2300 UTC;0;959,7;959,7;959,6;,2;18,4;13,6;19;17,7;13,9;13,5;79;74;76;97;6,4;4;
2026/03/02;0000 UTC;0;959,7;959,8;959,5;0;17,5;13,7;17,7;17,2;13,9;13,6;84;79;81;101;7,1;4,8;
2026/03/02;0100 UTC;0;959,9;960;959,8;0;17,1;14,4;17,2;17;14,9;14;90;84;87;104;8,1;4,6;
2026/03/02;0200 UTC;0;959,8;959,9;959,7;0;17;15;17,2;16,7;15;14,9;91;89;90;100;6,5;3,8;
2026/03/02;0300 UTC;0;959,7;959,8;959,5;0;16,5;14,9;16,7;16,5;15;14,8;93;91;92;83;6,2;2,9;
2026/03/02;0400 UTC;0;959,5;959,5;959,3;0;16,5;14,4;16,7;16,4;14,8;14,1;92;88;90;76;8,3;4,2;
2026/03/02;0500 UTC;0;959,2;959,4;958,9;0;16,4;13,6;16,5;16,3;14,1;13;89;83;86;76;8,7;5;
2026/03/02;0600 UTC;0;958,9;959,1;958,7;0;16,2;12,9;16,5;16,1;13;12,8;85;82;83;58;8,7;3,9;
2026/03/02;0700 UTC;0;958,6;958,7;958,4;0;16;12,8;16,2;15,8;12,9;12,7;85;83;84;66;8,2;3,6;
2026/03/02;0800 UTC;0;958,4;958,5;958,3;0;15,9;13,2;16;15,8;13,3;12,9;87;85;86;66;8;4,3;
2026/03/02;0900 UTC;0;958,5;958,6;958,4;0;15,8;13,4;15,9;15,6;13,6;13,2;89;87;88;73;8,5;4,8;
2026/03/02;1000 UTC;0;958,8;959;958,6;32,3;16;13,7;16,6;15,7;14;13,6;89;87;89;67;7,9;4,4;
2026/03/02;1100 UTC;0;959,1;959,2;958,9;512,4;17,4;14,1;18,6;16,6;14,4;13,9;87;78;83;71;8,6;5,2;
2026/03/02;1200 UTC;0;959,2;959,4;959,1;1564,8;19,9;14,6;21,1;18,6;15,3;14;78;70;73;76;10,7;6;
2026/03/02;1300 UTC;0;959,4;959,6;959,2;2358,8;21,8;15,8;22,5;21,1;16,4;15,2;71;68;70;67;12;6,3;
2026/03/02;1400 UTC;0;959,4;959,5;959,1;3021,4;23,5;16,8;24,5;22,5;17,5;16;70;63;66;77;10,4;5,3;
2026/03/02;1500 UTC;0;959;959,2;958,8;3479,6;25,3;17,5;26,4;24,4;18,2;16,6;64;56;61;87;9,9;6,3;
2026/03/02;1600 UTC;0;958,6;958,9;958,3;3361,5;25,7;17,9;26,9;24,8;18,9;17,3;64;56;61;87;9,1;5,6;
2026/03/02;1700 UTC;0;958;958,3;957,7;3144,8;25,6;18;26,6;24,5;18,8;17,2;66;57;62;81;9,5;5,1;
2026/03/02;1800 UTC;0;957,3;957,7;956,9;2447,8;25,6;18,2;26,5;24,9;18,7;17,7;67;58;63;93;8,4;5,1;
2026/03/02;1900 UTC;0;956,8;957;956,6;2470,6;25,5;18,1;26,2;24,8;18,6;17,5;67;59;63;85;9,7;5,4;
2026/03/02;2000 UTC;0;956,7;956,8;956,6;1993,2;25,5;17,8;26,3;24,6;18,5;17,3;65;58;62;70;10,5;5,1;
2026/03/02;2100 UTC;0;956,6;956,7;956,5;1102;24,1;17,3;25,3;23,3;18;16,6;68;62;66;79;11,4;7;
2026/03/02;2200 UTC;0;956,8;957;956,5;228,7;22,2;16,9;23,3;21,2;17,1;16,7;78;68;74;85;12,2;6,4;
2026/03/02;2300 UTC;0;957,1;957,2;956,9;,2;20,6;16,9;21,2;20,2;17;16,8;84;79;82;76;12,8;7,1;
2026/03/03;0000 UTC;0;957,4;957,8;957;0;19,9;17,2;20,2;19,6;17,4;16,9;88;84;87;75;12,3;6,6;
2026/03/03;0100 UTC;0;957,8;958;957,7;0;19,2;16,9;19,6;18,9;17,2;16,8;89;88;88;70;11,2;5,5;
2026/03/03;0200 UTC;0;957,9;958,1;957,7;0;18,7;16,8;18,9;18,6;17;16,8;92;89;91;60;10,1;4,9;
2026/03/03;0300 UTC;0;958;958,1;957,9;0;18,6;17,2;18,7;18,6;17,4;17;94;92;93;53;10,9;5,9;
2026/03/03;0400 UTC;0;957,7;957,9;957,5;0;18,5;17,4;18,6;18,5;17,5;17,3;95;94;94;52;12,3;5,9;
2026/03/03;0500 UTC;0;957,4;957,7;957;0;18,4;17,3;18,5;18,4;17,4;17,3;95;94;95;50;11;5,6;
2026/03/03;0600 UTC;0;957,3;957,4;957,1;0;18,2;17,4;18,3;18,1;17,5;17,3;97;95;96;59;8,6;4,6;
2026/03/03;0700 UTC;0;957,4;957,6;957;0;18,3;17,6;18,4;18,1;17,6;17,4;97;96;96;47;10,6;5,9;
2026/03/03;0800 UTC;0;957,4;957,6;957,2;0;18,4;17,5;18,4;18,3;17,6;17,2;96;94;96;49;10,8;6,1;
2026/03/03;0900 UTC;0;957,6;957,9;957,2;0;18,3;17;18,4;18,2;17,2;16,7;94;92;94;57;11;5,6;
2026/03/03;1000 UTC;0;958,1;958,2;957,8;31,4;18,2;16,9;18,4;18;17;16,8;94;93;94;65;10,3;5,8;
2026/03/03;1100 UTC;0;958;958,2;957,7;559,7;19,3;17;20,2;18,4;17,3;16,9;93;85;89;69;9,8;6,1;
2026/03/03;1200 UTC;0;958,3;958,5;957,9;1548,9;21,2;17,6;22,2;20,2;18,3;17,2;85;79;82;76;10,2;5,9;
2026/03/03;1300 UTC;0;958,6;958,8;958,4;2300,1;23,3;18,6;24,4;22,3;19,2;18,1;80;72;76;67;8;3,5;
2026/03/03;1400 UTC;0;958,6;958,7;958,4;2928,4;25,7;19,5;26,9;24,5;20,5;18,9;73;64;69;81;5,8;2,8;
2026/03/03;1500 UTC;0;958,3;958,5;958;3343,5;27,3;19,9;28,4;26,2;20,6;19,1;70;57;63;101;5,3;2,5;
2026/03/03;1600 UTC;0;957,7;958;957,5;3434,6;28,5;20,3;29,5;27,7;21,2;19,4;63;55;59;86;5,9;3,1;
2026/03/03;1700 UTC;0;957,4;957,6;957,2;3401,3;29,6;20,5;30,6;28,9;21,3;19,9;58;51;54;78;6,2;3,7;
2026/03/03;1800 UTC;0;957;957,2;956,6;2945,7;30,4;20,8;30,9;30;21,4;20,3;55;49;52;100;4,7;2,6;
2026/03/03;1900 UTC;0;956,3;956,7;956,1;2139,2;30,1;20,8;30,9;29,4;21,5;20,1;57;49;53;69;6,2;3,8;
2026/03/03;2000 UTC;0;956;956,1;956;1056,4;28,6;20,3;29,8;27,5;20,8;19,8;62;53;58;78;7,8;4,7;
2026/03/03;2100 UTC;0;956,2;956,4;956;590,6;26,7;19,7;27,7;25,2;20,2;18,9;69;61;65;91;9,5;6,2;
2026/03/03;2200 UTC;0;956,4;956,6;956,1;124,9;24,2;18,1;25,1;23,4;19;17,5;70;69;70;74;11,7;7,1;
2026/03/03;2300 UTC;0;957;957,8;956,5;0;22,8;17,6;23,5;22,3;18;17,3;78;70;74;69;8,8;5,2;
2026/03/04;0000 UTC;0;957,8;958,2;957,5;0;21,8;18,3;22,3;21,4;18,8;18;87;78;83;65;12,3;5,6;
2026/03/04;0100 UTC;0;958,3;958,5;958,1;0;21;18,7;21,4;20,7;18,8;18,7;90;87;88;52;8,8;5,1;
2026/03/04;0200 UTC;0;958,2;958,3;958;0;20,6;18,6;20,7;20,5;18,7;18,3;91;89;90;51;9,2;4,1;
2026/03/04;0300 UTC;0;958,3;958,5;958,1;0;20,3;18,3;20,5;20,3;18,6;17,7;91;86;90;44;10,9;5,5;
2026/03/04;0400 UTC;0;958,1;958,2;957,8;0;20,1;18,2;20,5;19,9;18,5;17,8;93;87;90;42;9,2;4,8;
2026/03/04;0500 UTC;0;957,9;958;957,6;0;19,9;18;20,1;19,6;18,5;17,7;94;88;91;30;9,5;5,9;
2026/03/04;0600 UTC;0;957,4;957,7;957;0;19,9;17,9;20,1;19,6;18,5;17,3;94;86;90;48;9;4,8;
2026/03/04;0700 UTC;0;957,2;957,3;957,1;0;19,7;18;20,1;19,3;18,6;17,1;96;85;91;27;9,9;6,4;
2026/03/04;0800 UTC;0;957,1;957,2;957;0;20,2;17;20,8;19,4;18,3;16,2;95;77;84;28;9,8;6,3;
2026/03/04;0900 UTC;0;957,2;957,4;957,1;0;21;15,9;21,3;20,5;16,3;15,6;79;72;75;32;9,3;5,6;
2026/03/04;1000 UTC;0;957,6;958;957,4;39,2;21,2;16;21,7;20,9;16,4;15,3;77;69;74;39;9,1;5,2;
2026/03/04;1100 UTC;0;958,1;958,2;957,9;558,8;21,9;16,4;23,1;21,1;16,7;16,2;77;68;73;51;7,3;3,5;
2026/03/04;1200 UTC;0;958,3;958,5;958,1;1424;24;17,7;24,5;23,2;18,6;16,8;71;66;68;95;7,2;4,5;
2026/03/04;1300 UTC;0;958,5;958,7;958,4;2193;25,9;18,8;27,4;24,6;19,5;18,4;71;57;65;117;8,1;4,5;
2026/03/04;1400 UTC;0;958,7;958,8;958,6;2827,7;28,2;19;28,9;27,5;19,7;18,5;56;50;54;104;9,2;4,8;
2026/03/04;1500 UTC;0;958,5;958,7;958,3;3263,6;29,8;19,5;30,7;28,9;20,5;19,1;53;46;49;209;7,9;4,1;
2026/03/04;1600 UTC;0;958,4;958,5;958,2;2090,1;30,2;20,2;31,3;29,5;20,9;19,5;54;46;50;277;5,5;3,1;
2026/03/04;1700 UTC;0;958,4;958,7;958,1;1092,9;25,8;20,9;30,2;23,3;22,2;20,2;92;51;76;200;7,5;4,7;
2026/03/04;1800 UTC;,4;958,7;958,9;958,5;795,6;22,4;21,4;23,2;22;22,2;20,4;98;86;95;166;9;6,5;
2026/03/04;1900 UTC;2,2;958,9;959,2;958,4;258,2;21,5;21,1;22,6;21;21,9;20,3;99;96;98;154;8,1;5,1;
2026/03/04;2000 UTC;1,4;958,7;959;958,2;308,9;20,6;20,4;20,9;20,3;20,7;20;100;97;99;109;7;5,1;
2026/03/04;2100 UTC;0;958,4;958,8;958;672,7;20,7;20,4;20,9;20,4;20,8;19,9;100;97;99;87;9,5;6,3;
2026/03/04;2200 UTC;0;958;958,3;957,7;232,3;20;19,6;20,3;19,8;20;19,5;99;97;98;86;9,2;6,4;
2026/03/04;2300 UTC;0;958,1;958,4;957,8;,7;19,7;19,4;19,8;19,6;19,6;19,2;99;97;99;53;9,9;5,3;
2026/03/05;0000 UTC;0;958,8;959,3;958,5;0;19,9;19,6;20;19,7;19,8;19,3;99;98;99;61;9,6;5,4;
2026/03/05;0100 UTC;0;959,7;960;959,3;0;20,1;20;20,3;20;20,1;19,8;99;99;99;59;8,2;3,7;
2026/03/05;0200 UTC;0;960,2;960,3;959,9;0;20,1;19,9;20,2;20,1;20;19,8;99;98;99;87;6,1;2,6;
2026/03/05;0300 UTC;0;960,3;960,4;960,1;0;20;20;20,1;20;20;19,9;100;99;100;89;6;3,3;
2026/03/05;0400 UTC;0;960,1;960,3;959,9;0;19,9;20;20;19,9;20;19,9;100;100;100;90;6,1;3,2;
2026/03/05;0500 UTC;0;959,8;959,9;959,7;0;19,9;19,9;19,9;19,8;20;19,9;100;100;100;101;6,3;3,5;
2026/03/05;0600 UTC;0;959,6;959,8;959,5;0;19,7;19,8;19,8;19,6;19,9;19,7;100;100;100;84;6,3;3,3;
2026/03/05;0700 UTC;0;959,4;959,6;959,2;0;19,7;19,7;19,7;19,6;19,8;19,7;100;100;100;94;7,1;3,6;
2026/03/05;0800 UTC;0;959,4;959,5;959,2;0;19,7;19,7;19,7;19,6;19,8;19,7;100;100;100;95;6,3;3,5;
2026/03/05;0900 UTC;0;959,8;960;959,5;0;19,6;19,7;19,7;19,6;19,7;19,6;100;100;100;101;5,7;2,9;
2026/03/05;1000 UTC;0;960,2;960,6;959,9;24,2;19,6;19,6;19,7;19,5;19,7;19,6;100;100;100;101;7,8;4,5;
2026/03/05;1100 UTC;0;960,7;961;960,4;426,2;20;19,9;20,3;19,6;20,1;19,7;100;98;100;90;6,7;3,8;
2026/03/05;1200 UTC;0;961,1;961,4;960,9;754,8;20,7;19,7;21,2;20,1;20;19,2;99;91;95;97;8,2;4,6;
2026/03/05;1300 UTC;0;961,5;961,6;961,3;1207,6;21,9;19,5;22,6;21,2;20,2;19,1;92;84;88;106;7,9;5,4;
2026/03/05;1400 UTC;0;961,6;961,7;961,5;1460,9;23;19,8;23,7;22,3;20,4;19,2;88;80;84;126;7,9;5,2;
2026/03/05;1500 UTC;0;961,6;961,7;961,5;1537,9;23,9;19,7;24,4;23,3;20,4;19;83;77;79;133;7,3;5,2;
2026/03/05;1600 UTC;0;961;961,5;960,8;2259,8;25;19,9;25,8;24,3;20,9;19,2;78;70;75;143;9,8;6,8;
2026/03/05;1700 UTC;0;960,7;960,8;960,6;2511,9;25,4;19,4;26,4;24,7;20,3;18,8;75;64;70;119;9,6;5,4;
2026/03/05;1800 UTC;0;960,7;960,8;960,5;1475,9;24,6;19,8;25,6;23,7;20,3;19,3;81;71;76;127;9,3;6,6;
2026/03/05;1900 UTC;0;960,3;960,5;960,1;2056,6;24,8;19,6;25,7;24,1;20,3;19,1;78;70;74;134;9,6;5,6;
2026/03/05;2000 UTC;0;960,4;960,5;960,2;733;23,4;19;24,3;23;19,4;18,6;82;73;78;127;8,4;5,2;
2026/03/05;2100 UTC;0;960,5;960,7;960,4;282;22,1;19,4;23;21,2;19,8;19,1;92;81;87;133;9,2;6,4;
2026/03/05;2200 UTC;0;960,9;961;960,7;49,8;20,8;19,3;21,2;20,5;19,7;19;94;90;92;123;7,6;5,2;
2026/03/05;2300 UTC;0;960,8;961;960,7;0;20,1;18,9;20,5;19,8;19,3;18,6;95;94;94;115;6,3;4,4;
2026/03/06;0000 UTC;0;961,5;961,8;961;0;19,8;19,2;19,9;19,8;19,6;18,6;98;94;97;107;5,4;3,5;
2026/03/06;0100 UTC;0;962;962;961,9;0;19,9;19,7;20;19,9;19,7;19,6;99;99;99;101;5,6;3,3;
2026/03/06;0200 UTC;0;961,8;962;961,7;0;20;19,9;20,2;19,9;20,2;19,7;100;99;100;105;7,2;4,1;
2026/03/06;0300 UTC;0;961,8;961,9;961,7;0;20,1;20,1;20,2;20,1;20,2;20;100;100;100;104;7,6;4;
2026/03/06;0400 UTC;0;961,8;962;961,7;0;20;19,9;20;19,9;20;19,8;100;100;100;93;6;3,2;
2026/03/06;0500 UTC;0;961,5;961,8;961,1;0;19,9;19,9;20;19,9;19,9;19,8;100;100;100;96;6,3;3,8;
2026/03/06;0600 UTC;0;960,8;961;960,6;0;19,9;19,9;20;19,8;19,9;19,8;100;100;100;90;6,7;3,5;
2026/03/06;0700 UTC;0;960,4;960,7;960,1;0;19,8;19,8;19,8;19,7;19,9;19,7;100;100;100;98;7,8;3,9;
2026/03/06;0800 UTC;0;960,4;960,6;960,2;0;19,9;19,9;19,9;19,8;19,9;19,8;100;100;100;84;5,6;3;
2026/03/06;0900 UTC;0;960,5;960,6;960,3;0;19,8;19,8;19,9;19,8;19,8;19,7;100;100;100;91;7,6;4,1;
2026/03/06;1000 UTC;0;960,8;961;960,6;30,2;19,8;19,7;19,8;19,7;19,8;19,7;100;100;100;103;8;5,2;
2026/03/06;1100 UTC;0;961,2;961,4;961;338,3;20,3;19,8;20,6;19,8;20;19,7;100;96;98;102;9,4;5,6;
2026/03/06;1200 UTC;0;961,4;961,5;961,1;848,3;21,4;19,6;22;20,7;19,9;19,3;96;88;91;102;7,9;4,9;
2026/03/06;1300 UTC;0;961,6;961,9;961,4;2130,1;23,6;19,5;25,2;21,9;20,2;18,9;88;73;79;104;8,7;4,8;
2026/03/06;1400 UTC;0;961,4;961,7;961,1;2077,5;24,4;19,5;25,4;23,8;20,2;19;80;69;75;107;9;5,5;
2026/03/06;1500 UTC;0;960,9;961,2;960,5;2386,7;25;19,5;26,5;23,9;20,4;18,9;77;66;72;107;8,3;4,6;
2026/03/06;1600 UTC;0;960,4;960,5;960,3;1840,9;25;19,1;26,5;24,3;20,7;18,2;74;67;70;105;8;5,2;
2026/03/06;1700 UTC;0;960,2;960,5;959,9;1712,1;25,1;18,9;25,6;24,4;19,5;18;71;67;69;109;8,2;5,2;
2026/03/06;1800 UTC;0;959,7;960;959,4;2020,4;25,8;19,2;27,2;24,9;20,3;18,5;72;63;67;106;8;4,8;
2026/03/06;1900 UTC;0;958,8;959,3;958,4;2202,3;25,8;19,4;26,7;25,1;19,9;18,6;72;65;68;121;10,5;6,9;
2026/03/06;2000 UTC;0;958,2;958,6;957,9;1556,2;25;19,3;25,6;24,5;19,8;19,1;74;69;72;120;11,4;6,6;
2026/03/06;2100 UTC;0;957,9;958,1;957,7;373,1;23;19,4;24,6;22,4;19,7;19,2;87;74;82;121;8,6;5,5;
2026/03/06;2200 UTC;0;958,6;959,1;958,1;55,3;22;19,8;22,4;21,6;19,9;19,6;91;87;89;111;8,8;5,5;
2026/03/06;2300 UTC;0;958,4;958,7;958,1;0;21,2;20,2;21,6;21;20,4;19,9;97;91;95;111;9,9;6;
2026/03/07;0000 UTC;0;958,9;959,1;958,4;0;20,9;20,4;21;20,8;20,5;20,3;98;97;98;124;8,3;5,5;
2026/03/07;0100 UTC;,2;959,4;960;959;0;20,8;20,4;20,9;20,7;20,5;20,3;99;98;98;98;8,2;5;
2026/03/07;0200 UTC;0;959,8;960,2;959,5;0;20,6;20,5;20,7;20,5;20,6;20,4;100;99;99;76;6,4;2,7;
2026/03/07;0300 UTC;,2;959,5;959,7;959,3;0;20,3;20,2;20,5;20,2;20,4;20,1;100;99;99;48;7,4;3,3;
2026/03/07;0400 UTC;,8;958,8;959,2;958,6;0;20,3;20,2;20,3;20,2;20,2;20,1;100;99;100;67;7,8;4,1;
2026/03/07;0500 UTC;,8;958;958,7;957,2;0;20,2;20,2;20,3;20,1;20,2;20;100;100;100;62;8,9;4,6;
2026/03/07;0600 UTC;,4;957;957,4;956,8;0;20;20;20,2;19,9;20,2;19,9;100;100;100;64;7,8;3;
2026/03/07;0700 UTC;,6;956,6;956,9;956,2;0;20;19,9;20;19,9;20;19,9;100;100;100;60;6,5;3,3;
2026/03/07;0800 UTC;0;955,8;956,2;955,6;0;19,9;19,9;20;19,9;19,9;19,7;100;99;100;57;6;2,4;
2026/03/07;0900 UTC;0;955,5;955,8;955,4;0;20;19,8;20;19,9;19,9;19,7;99;99;99;40;4,5;2;
2026/03/07;1000 UTC;0;955,6;955,7;955,4;3;20,1;19,9;20,2;20;20;19,8;99;99;99;221;1,3;,4;
2026/03/07;1100 UTC;0;955,7;955,7;955,6;163;20,2;20,1;20,5;20;20,4;19,9;100;99;100;286;1,7;,8;
2026/03/07;1200 UTC;1;955,8;956,1;955,6;215;20,4;20,3;20,5;20,1;20,5;20,1;100;99;100;229;4,9;2,3;
2026/03/07;1300 UTC;0;956,2;956,3;956,1;247,7;20,3;20,4;20,5;20,1;20,5;20,2;100;100;100;216;5,3;3,1;
2026/03/07;1400 UTC;1,2;956,4;956,5;956,3;430,7;20,2;20,3;20,4;20;20,5;20;100;99;100;229;5,7;2,7;
2026/03/07;1500 UTC;,4;956,3;956,4;956,1;389,7;19,3;19,3;20,3;18,8;20,2;18,8;100;100;100;204;7,1;4,2;
2026/03/07;1600 UTC;,2;956,1;956,3;955,9;1102,9;19,5;19,4;20,6;19;20,4;19;100;98;100;207;6,6;3,7;
2026/03/07;1700 UTC;1,8;956,2;956,5;956;966,5;19,8;19,4;20,6;18,7;20,1;18,6;100;95;98;156;11,6;7,8;
2026/03/07;1800 UTC;0;956,4;956,5;956,2;1675,4;19,5;18,5;20,5;18,4;19,3;17,5;99;91;95;160;10,8;7,5;
2026/03/07;1900 UTC;0;956,2;956,3;956;2488,4;21;17,6;21,4;19,7;18,5;16,8;93;77;83;162;11,5;8,2;
2026/03/07;2000 UTC;0;956;956,1;955,9;1466,7;21;17,3;21,6;20,1;17,9;16,8;85;77;82;155;10,3;6,9;
2026/03/07;2100 UTC;0;956,3;956,5;956;938,5;20,6;17,4;21,7;19,5;18,1;17;89;80;84;136;11,5;8,1;
2026/03/07;2200 UTC;0;956,7;957;956,5;170,1;19;16,9;19,7;18,2;17,7;16,5;92;86;89;159;7,6;5,6;
2026/03/07;2300 UTC;0;957,3;957,7;956,9;0;18;16,6;18,2;17,6;16,8;16,5;95;92;93;149;8,6;5,4;
2026/03/08;0000 UTC;0;958;958,4;957,7;0;17,5;16,8;17,8;17,2;16,9;16,7;98;95;96;147;8,2;6;
2026/03/08;0100 UTC;0;958,7;958,9;958,4;0;17,4;17,1;17,6;17,2;17,3;16,9;99;98;99;147;6,1;4,4;
2026/03/08;0200 UTC;0;959;959,2;958,8;0;17,5;17,5;17,6;17,4;17,6;17,2;100;99;100;148;5,7;3,5;
2026/03/08;0300 UTC;0;959,2;959,3;959,1;0;17,6;17,7;17,7;17,5;17,7;17,6;100;100;100;141;6,3;3,9;
2026/03/08;0400 UTC;0;959,2;959,3;959;0;17,6;17,7;17,7;17,6;17,7;17,7;100;100;100;147;6;4,2;
2026/03/08;0500 UTC;,2;959;959,1;959;0;17,6;17,7;17,7;17,5;17,7;17,6;100;100;100;133;6,8;4,8;
2026/03/08;0600 UTC;0;958,9;959;958,8;0;17,6;17,6;17,6;17,5;17,7;17,5;100;100;100;136;6,4;4,1;
2026/03/08;0700 UTC;,8;958,8;959;958,6;0;17,6;17,6;17,6;17,4;17,7;17,5;100;100;100;121;9,3;5,2;
2026/03/08;0800 UTC;,2;958,8;959,2;958,5;0;17,5;17,5;17,5;17,4;17,6;17,5;100;100;100;124;9,5;5,8;
2026/03/08;0900 UTC;0;959,3;959,6;959,2;0;17,5;17,6;17,6;17,4;17,6;17,5;100;100;100;125;11,6;6,7;
2026/03/08;1000 UTC;0;960;960,5;959,6;30,1;17,4;17,5;17,6;17,3;17,6;17,4;100;100;100;125;8,4;5,5;
2026/03/08;1100 UTC;0;961;961,4;960,5;249,4;17,5;17,6;17,8;17,3;17,9;17,4;100;100;100;133;9,4;6,3;
2026/03/08;1200 UTC;0;961,6;962;961,3;643,4;17,9;17,9;18,1;17,8;18;17,6;100;99;100;130;10,7;7,1;
2026/03/08;1300 UTC;0;962,1;962,3;961,9;954,6;18,7;17,3;19,7;18;18,1;16,5;99;88;93;125;12,7;7,9;
2026/03/08;1400 UTC;0;962,4;962,5;962,2;1467,4;20,1;16,9;21;19,6;17,8;16,2;88;80;84;115;10,6;6,6;
2026/03/08;1500 UTC;0;962,6;962,7;962,4;1465,9;20,7;16,7;21,1;20,2;17,4;16,1;84;75;80;131;8,7;5,3;
2026/03/08;1600 UTC;0;962,4;962,5;962,3;1520,9;21,2;16,9;22,3;20,6;17,9;16,2;82;74;78;135;10,3;6,6;
2026/03/08;1700 UTC;0;962,2;962,4;962,1;1031,3;20,4;16;20,7;19,8;17;15,2;82;74;78;133;12,2;8,2;
2026/03/08;1800 UTC;0;962,3;962,4;962,1;1696,2;21,1;15,5;21,5;20,6;16,7;14,6;76;66;72;118;10,7;6,8;
2026/03/08;1900 UTC;0;961,9;962,1;961,7;1540,7;20,9;15,4;22,3;19,8;16,2;14,9;79;68;73;110;11;6,8;
2026/03/08;2000 UTC;0;961,5;961,7;961,2;1146;20,3;15,2;21,2;19,8;15,9;14,3;78;70;74;116;12,4;8,4;
2026/03/08;2100 UTC;0;961,4;961,7;961,2;955,1;19,9;14,4;20,7;18,8;14,8;13,7;78;68;72;116;10,5;7;
2026/03/08;2200 UTC;0;961,8;962,1;961,6;238,7;18,3;13,8;19,4;17,1;14,3;13,2;82;71;77;117;8,1;5,3;
2026/03/08;2300 UTC;0;962,5;962,9;962,1;0;16,8;13;17,2;16,6;13,3;12,7;83;80;81;119;7,6;5,2;
2026/03/09;0000 UTC;0;963,3;963,8;962,8;0;16,5;14;16,9;16,2;14,3;13,3;90;83;87;129;7,6;5,4;
2026/03/09;0100 UTC;0;964,1;964,5;963,8;0;16,1;14,1;16,2;16;14,3;13,9;91;90;90;127;7,6;5,1;
2026/03/09;0200 UTC;0;964,6;964,7;964,4;0;16;14;16,1;15,9;14,1;13,9;91;90;90;129;9,3;6,2;
2026/03/09;0300 UTC;0;964,7;964,9;964,4;0;15,7;13,8;15,9;15,4;14,1;13,7;92;90;91;125;7,4;4,9;
2026/03/09;0400 UTC;0;964,7;964,9;964;0;15;13,5;15,4;14,6;13,7;13,2;93;92;93;125;6,7;4,9;
2026/03/09;0500 UTC;0;963,9;964;963,7;0;14,7;12,8;14,7;14,5;13,2;12,7;93;90;91;126;7,3;5,2;
2026/03/09;0600 UTC;0;963,6;963,9;963,3;0;14,5;12,6;14,7;14,3;12,7;12,5;91;90;91;118;6,4;3,8;
2026/03/09;0700 UTC;0;963,3;963,7;962,8;0;14,2;12,6;14,4;14;12,8;12,5;94;90;92;105;5,9;4,3;
2026/03/09;0800 UTC;0;962,6;962,9;962,3;0;14,6;12,6;14,7;14,2;12,8;12,3;93;88;90;105;7,8;5,1;
2026/03/09;0900 UTC;0;962,9;963,2;962,6;0;14,5;12,3;14,7;14,4;12,4;12,1;89;87;89;101;8;5,3;
2026/03/09;1000 UTC;0;964;964,7;963,2;22,1;14,7;12,3;14,9;14,4;12,6;12,1;90;86;88;129;5,1;2,4;
2026/03/09;1100 UTC;0;965,1;965,5;964,8;404,8;15,6;13,1;16,3;14,6;13,9;12,5;91;84;88;136;4;3,1;
2026/03/09;1200 UTC;0;965,7;965,8;965,4;652,4;16,8;14;17,4;16,2;14,5;13,5;88;84;86;122;7;4;
2026/03/09;1300 UTC;0;965,9;966,1;965,7;979,2;18;14,5;18,7;17,4;15;14,2;85;78;82;123;8,4;5,1;
2026/03/09;1400 UTC;0;965,8;966,1;965,5;1410,7;19,2;14,7;20,2;18,7;15,4;14,1;80;75;77;120;10,1;6,6;
2026/03/09;1500 UTC;0;965,2;965,5;964,9;2896,9;21,4;15,4;22,3;20,3;16,1;14,7;76;65;70;100;9,4;6,4;
2026/03/09;1600 UTC;0;964,9;965;964,7;2787;22;15,3;22,9;20,5;16,4;14,5;75;60;66;123;11,3;7,6;
2026/03/09;1700 UTC;0;964,9;965;964,8;1108,6;19,7;15,8;20,4;19,5;16,2;15,3;83;76;80;109;10,8;7,3;
2026/03/09;1800 UTC;0;964,7;964,9;964,5;1359,5;20;15,7;20,5;19,2;16,2;15,2;83;76;79;118;9,3;6,4;
2026/03/09;1900 UTC;0;964,5;964,6;964,4;1281,1;19,8;15,6;20,3;19,2;16,3;14,7;81;76;79;126;8,3;5,3;
2026/03/09;2000 UTC;0;964,3;964,5;964,1;430,3;19,1;15,5;20,3;18,1;16,3;15;88;79;82;111;9,2;5,4;
2026/03/09;2100 UTC;0;964,2;964,3;963,8;266,4;17,7;15,5;18;17,4;16,1;15,1;93;85;89;115;10,7;7,4;
2026/03/09;2200 UTC;0;963,8;963,9;963,7;88,6;17,8;15,1;18;17,5;15,4;14,9;87;86;87;112;11,1;7,9;
2026/03/09;2300 UTC;0;963,9;964,1;963,7;0;17;15,2;17,5;16,3;15,8;14,9;98;87;91;113;11,4;7,4;
2026/03/10;0000 UTC;0;964,3;964,7;963,9;0;16,3;15,7;16,4;16,2;15,8;15,5;98;96;97;104;6,7;3,9;
2026/03/10;0100 UTC;0;965;965,1;964,7;0;16,5;15,6;16,6;16,4;15,7;15,4;97;95;96;110;7,4;4,7;
2026/03/10;0200 UTC;0;965,1;965,2;965;0;16,3;15,8;16,5;16,2;15,8;15,7;98;97;98;105;7,7;4,9;
2026/03/10;0300 UTC;0;964,9;965;964,6;0;16,1;15,8;16,2;16,1;16;15,7;99;98;99;105;8,2;5,2;
2026/03/10;0400 UTC;0;964,7;964,9;964,6;0;16,2;15,6;16,3;16,1;15,8;15,3;98;95;97;102;7,8;4,6;
2026/03/10;0500 UTC;,2;964,4;964,6;964,1;0;16,4;15,3;16,5;16,3;15,7;15;97;93;94;100;7,8;5,3;
2026/03/10;0600 UTC;0;963,9;964,1;963,7;0;16,3;16;16,4;16,2;16,2;15,7;100;97;99;109;7,5;4,5;
2026/03/10;0700 UTC;0;963,6;963,6;963,5;0;16,2;16,2;16,3;16,1;16,3;16,1;100;100;100;107;9;5,6;
2026/03/10;0800 UTC;0;963,7;964;963,5;0;16,2;16,3;16,3;16,2;16,3;16,3;100;100;100;114;6,8;4,2;
2026/03/10;0900 UTC;0;964;964,1;963,9;0;16,3;16,4;16,4;16,2;16,5;16,3;100;100;100;103;8,7;5,4;
2026/03/10;1000 UTC;1;964,4;964,6;964;8;16,6;16,6;16,7;16,4;16,8;16,5;100;100;100;109;7,4;4,7;
2026/03/10;1100 UTC;,2;964,8;965,1;964,6;121,2;16,9;16,9;17;16,7;17;16,8;100;100;100;113;9,6;6,2;
2026/03/10;1200 UTC;,4;965,1;965,3;965;345,9;17;17,1;17,2;16,9;17,3;17;100;100;100;113;10,3;6,9;
2026/03/10;1300 UTC;,4;965,2;965,4;965,1;536,2;17,4;17,4;17,7;17,1;17,7;17,2;100;100;100;108;10,3;6,3;
2026/03/10;1400 UTC;,2;965,1;965,3;965;867,3;17,8;17,8;18,1;17,5;18,1;17,6;100;99;100;110;10,6;6,2;
2026/03/10;1500 UTC;,2;964,9;965;964,7;1238,7;18,5;18,3;18,8;18;18,7;17,9;100;99;99;100;10,3;6,2;
2026/03/10;1600 UTC;,6;964,4;964,7;964,1;1008,9;18,8;18,7;19,1;18,7;19;18,5;100;99;99;116;9,3;5,6;
2026/03/10;1700 UTC;,6;964;964,2;963,6;937,8;19,2;19;19,5;18,9;19,4;18,7;100;99;99;115;11,3;6;
2026/03/10;1800 UTC;,2;963,6;963,6;963,5;895,4;19,4;19,2;19,6;19,2;19,6;19;100;99;99;99;8,7;4,8;
2026/03/10;1900 UTC;,4;963,3;963,5;963,1;810,5;19,4;19,2;19,6;19,1;19,5;19;100;99;99;110;8,4;5;
2026/03/10;2000 UTC;,6;962,9;963,1;962,8;430,2;19;18,9;19,4;18,7;19,3;18,7;100;99;100;110;10;6,1;
2026/03/10;2100 UTC;,6;962,8;962,9;962,7;229,1;18,4;18,4;18,8;18,1;18,8;18,1;100;100;100;103;9,9;6,3;
2026/03/10;2200 UTC;,6;962,9;963;962,7;19,5;17,8;17,9;18,1;17,6;18,1;17,7;100;100;100;102;10,6;5,8;
2026/03/10;2300 UTC;,6;963,1;963,2;962,9;0;17,4;17,5;17,6;17,4;17,7;17,4;100;100;100;90;8,2;4,5;
2026/03/11;0000 UTC;,4;963,3;963,5;963,2;0;17,2;17,3;17,4;17;17,4;17,1;100;100;100;72;10,5;7;
2026/03/11;0100 UTC;,2;963,4;963,5;963,3;0;17;17,1;17,1;17;17,1;17;100;100;100;86;10;5,7;
2026/03/11;0200 UTC;0;963,3;963,5;963,1;0;17,1;17,2;17,1;17,1;17,2;17,1;100;100;100;94;8,4;4,8;
2026/03/11;0300 UTC;0;963,2;963,3;963,1;0;17,1;17,1;17,1;17;17,2;17,1;100;100;100;103;6,1;3,9;
2026/03/11;0400 UTC;0;963;963,3;962,8;0;17;17,1;17,1;17;17,2;17,1;100;100;100;75;7,2;4,4;
2026/03/11;0500 UTC;,2;962,5;962,8;962,1;0;17,2;17,3;17,4;17,1;17,4;17,2;100;100;100;76;8;5;
2026/03/11;0600 UTC;0;961,8;962,1;961,6;0;17,5;17,5;17,6;17,4;17,7;17,4;100;100;100;81;7,5;3,8;
2026/03/11;0700 UTC;0;961,4;961,6;961,1;0;17,7;17,7;17,7;17,6;17,8;17,7;100;100;100;75;9,2;5,4;
2026/03/11;0800 UTC;0;961;961,2;960,9;0;17,7;17,7;17,7;17,7;17,8;17,7;100;100;100;96;8,3;4,5;
2026/03/11;0900 UTC;0;961,1;961,3;961;0;17,7;17,7;17,7;17,7;17,8;17,7;100;100;100;98;6,8;4,4;
2026/03/11;1000 UTC;0;961,4;961,6;961,2;10,8;17,8;17,8;17,8;17,7;17,9;17,8;100;100;100;91;8,1;4,7;
2026/03/11;1100 UTC;0;961,7;961,9;961,5;145,9;18;18,1;18,3;17,8;18,3;17,9;100;100;100;89;7,6;4,6;
2026/03/11;1200 UTC;0;962;962,3;961,8;367,5;18,4;18,5;18,8;18,3;18,8;18,4;100;100;100;77;8;4;
2026/03/11;1300 UTC;0;962,2;962,4;962;1129,3;19,6;19,2;20,8;18,8;20,1;18,8;100;92;98;95;5,5;3,1;
2026/03/11;1400 UTC;0;961,9;962,1;961,6;1548,1;21,5;19,4;22,1;20,8;20,5;18,6;93;85;90;98;5,3;3,3;
2026/03/11;1500 UTC;,2;961,4;961,7;961,1;1505,4;22,1;19,5;22,6;21,5;20,3;19;90;84;87;115;5,6;3,6;
2026/03/11;1600 UTC;0;960,9;961,1;960,6;2011;23,3;20;24,3;22,7;21,5;19,2;87;78;84;109;6,5;3,7;
2026/03/11;1700 UTC;0;960,5;960,7;960,3;1706,3;23,9;20,2;25;22,9;21,2;19,6;87;76;82;108;5,1;3,4;
2026/03/11;1800 UTC;0;960;960,3;959,6;1860,5;24;20,3;24,8;23,4;21,1;19,8;87;78;82;98;6;3,4;
2026/03/11;1900 UTC;0;959,2;959,6;959;1521;24,1;20,3;25,2;23,2;21,2;19,8;86;77;81;129;7,5;5;
2026/03/11;2000 UTC;0;959;959,1;958,7;437,3;22;20,3;23;21,6;20,6;20;93;85;91;132;7,4;5,2;
2026/03/11;2100 UTC;0;959,1;959,2;959;496,5;21,5;19,4;21,9;21,1;20,6;18,4;94;84;90;100;8,4;5,4;
2026/03/11;2200 UTC;0;959,1;959,2;958,9;135,9;20,5;18,9;21,2;20,1;19,4;18,5;96;87;92;111;9,2;5,9;
2026/03/11;2300 UTC;0;959,4;959,6;959,1;0;19,9;19,4;20,1;19,7;19,6;19,2;99;96;98;101;7,5;4,8;
2026/03/12;0000 UTC;0;959,7;959,8;959,6;0;19,7;19,5;19,9;19,4;19,7;19,2;99;99;99;88;9;5,5;
2026/03/12;0100 UTC;0;960;960,1;959,8;0;19,3;19;19,4;19,1;19,2;18,7;99;98;99;83;9,6;5,7;
2026/03/12;0200 UTC;0;960;960,2;959,8;0;19,1;18,6;19,1;19,1;18,8;18,5;98;97;98;75;10,6;6,4;
2026/03/12;0300 UTC;0;960,1;960,3;959,9;0;19,1;18,7;19,2;19;19,1;18,5;100;97;98;96;9,3;5,7;
2026/03/12;0400 UTC;0;960,2;960,4;960;0;19,1;19,1;19,2;19;19,2;19;100;100;100;97;9,8;5,5;
2026/03/12;0500 UTC;,2;959,4;960,2;958,5;0;18,7;18,7;19;18,4;19;18,4;100;100;100;36;12,1;6,3;
2026/03/12;0600 UTC;0;958,9;959,5;958,5;0;18,4;18,3;18,5;18,2;18,4;18,1;100;99;100;127;6;2,2;
2026/03/12;0700 UTC;0;959,6;959,7;959,5;0;18,3;18,3;18,4;18,2;18,4;18,3;100;100;100;109;6,3;3,9;
2026/03/12;0800 UTC;,2;959,5;959,7;959,5;0;18,2;18,3;18,3;18,2;18,3;18,3;100;100;100;100;7,5;4;
2026/03/12;0900 UTC;0;959,7;959,9;959,6;0;18,2;18,2;18,3;18;18,4;18,1;100;100;100;73;7,7;4;
2026/03/12;1000 UTC;0;960;960,2;959,8;23;17,6;17,6;18;17,4;18,1;17,3;100;100;100;70;7,1;4,1;
2026/03/12;1100 UTC;0;960,4;960,6;960,2;509,3;17,9;17,3;18,5;17,4;17,6;16,7;100;91;97;75;8,6;4,8;
2026/03/12;1200 UTC;0;960,6;960,6;960,5;1483,5;19,7;17,1;20,6;18,6;17,7;16,6;92;82;87;84;6,4;4;
2026/03/12;1300 UTC;0;960,5;960,6;960,3;1996,3;21,3;17,6;21,9;20,6;18,6;17;85;77;81;79;4;1,8;
2026/03/12;1400 UTC;0;960,5;960,6;960,3;2348,6;23;18,4;24,2;21,7;19,2;17,5;83;72;77;130;7,1;4,8;
2026/03/12;1500 UTC;0;960,5;960,5;960,3;1302,1;22,3;18,2;23,7;21,8;18,7;17,8;84;71;79;137;8,3;5,1;
2026/03/12;1600 UTC;0;960,2;960,4;959,9;1977,4;23;18,5;24,5;21,9;19,9;17,9;81;72;77;132;9,5;6,5;
2026/03/12;1700 UTC;0;959,6;960;959,2;2513,6;23,6;18,5;24,8;21,9;19,3;17,8;81;69;75;130;9,1;6;
2026/03/12;1800 UTC;0;958,7;959,2;958,3;2630,7;24,7;18,5;25,4;23,8;19,3;17,7;73;65;69;141;7,9;4,8;
2026/03/12;1900 UTC;0;958;958,3;957,7;2314,8;24,8;18,3;25,6;24;19,2;17,9;72;64;68;134;9,2;6,1;
2026/03/12;2000 UTC;0;957,7;957,9;957,5;1215;23,4;18,1;24,8;22;18,6;17,6;81;68;73;123;10,8;7;
2026/03/12;2100 UTC;0;958;958,3;957,7;554,4;21,4;16,8;22,4;20,6;17,6;16,3;81;72;77;124;8,7;5,6;
2026/03/12;2200 UTC;0;958,5;958,7;958,2;123,9;20,1;16,3;20,7;19,6;17;15,9;87;76;81;127;8;6;
2026/03/12;2300 UTC;0;959,1;959,4;958,8;0;19,2;17,4;19,6;18,7;17,6;16,9;95;87;91;128;10,1;7;
2026/03/13;0000 UTC;0;959,8;960;959,4;0;18,4;17,8;18,7;18,3;18;17,6;98;95;97;118;6,4;4,7;
2026/03/13;0100 UTC;0;959,7;959,9;959,5;0;18,3;18;18,4;18,1;18,1;17,9;99;98;99;126;9;5,9;
2026/03/13;0200 UTC;0;959,5;959,6;959,3;0;18;17,9;18,1;18;18;17,8;100;99;99;118;6,7;4,9;
2026/03/13;0300 UTC;0;959,2;959,4;959;0;18;17,9;18;17,8;18;17,7;100;99;99;118;7,2;3,8;
2026/03/13;0400 UTC;0;958,8;959;958,6;0;17,8;17,7;18;17,7;17,8;17,6;100;99;99;117;5,8;3,6;
2026/03/13;0500 UTC;0;958,2;958,5;958;0;17,7;17,6;17,8;17,5;17,7;17,4;100;99;99;142;4,8;3,6;
2026/03/13;0600 UTC;0;957,9;958;957,8;0;17,2;17,2;17,5;16,8;17,5;16,8;100;99;100;176;4,4;2,7;
2026/03/13;0700 UTC;0;957,9;958;957,7;0;16,7;16,8;16,8;16,6;16,9;16,7;100;100;100;185;3,4;2,4;
2026/03/13;0800 UTC;0;957,7;957,9;957,6;0;16,6;16,7;16,7;16,5;16,8;16,6;100;100;100;182;6,1;3,1;
2026/03/13;0900 UTC;0;958;958,1;957,8;0;16,6;16,7;16,7;16,5;16,7;16,6;100;100;100;189;3,5;2,4;
2026/03/13;1000 UTC;0;958,1;958,2;958;20,8;16,7;16,8;16,9;16,7;16,9;16,7;100;100;100;181;4,2;3,1;
2026/03/13;1100 UTC;0;958,5;958,7;958,1;177,8;17;17;17,2;16,8;17,3;16,9;100;100;100;183;5,9;3,9;
2026/03/13;1200 UTC;,2;958,9;959,2;958,6;548,1;17,5;17,6;17,9;17,2;18;17,2;100;100;100;192;5,9;2,9;
2026/03/13;1300 UTC;0;959,4;959,6;959,2;1437,1;18,6;17,9;20;17,7;18,9;16,9;100;87;96;192;6,5;3,8;
2026/03/13;1400 UTC;0;959,5;959,6;959,5;2081;20,8;17,2;22;19,3;18,2;16,6;90;74;82;166;5,9;3,2;
2026/03/13;1500 UTC;0;959,2;959,5;958,9;2691,5;22,6;17,3;24,7;21,2;18,2;16,7;79;64;73;159;5,6;3;
2026/03/13;1600 UTC;0;958,6;958,9;958,4;2070,6;23,2;17,9;24,5;21,4;19,5;16,9;82;64;74;139;6,6;3,9;
2026/03/13;1700 UTC;0;958,1;958,4;957,9;2708,4;23,9;18,2;25,2;22,7;19,5;17,3;79;66;72;151;7,1;4,3;
2026/03/13;1800 UTC;0;957,7;957,9;957,4;2507,8;23,4;18,2;24,5;22,1;19,3;17,6;82;68;74;147;8,1;4,8;
2026/03/13;1900 UTC;0;957,2;957,4;957;1604;23,3;18;24,2;21,9;18,8;17,3;82;70;74;159;8,4;6,4;
2026/03/13;2000 UTC;0;957;957,2;956,9;1814,7;23,2;18,1;23,7;21,9;19,2;17,2;84;68;74;144;6,2;3,8;
2026/03/13;2100 UTC;0;957,2;957,3;956,9;623,6;22,2;18;23,3;21,6;18,6;17,6;83;74;79;159;6,7;4,5;
2026/03/13;2200 UTC;0;957,3;957,4;957,2;118,2;20,8;17,4;22,1;20;17,9;16,8;86;78;83;173;6,3;4,5;
2026/03/13;2300 UTC;0;957,4;957,5;957,3;0;19,2;16,5;19,9;18,6;16,8;16,4;89;84;87;165;7,2;5,3;
2026/03/14;0000 UTC;0;957,7;957,9;957,5;0;18,2;16,6;18,6;17,8;17;16,4;96;89;92;165;6,5;4,8;
2026/03/14;0100 UTC;0;957,9;958;957,7;0;17,5;17;17,9;17,3;17,1;16,9;99;96;97;166;4;3,3;
2026/03/14;0200 UTC;0;957,5;957,7;957,2;0;17,1;17,1;17,3;17;17,2;16,9;100;99;100;167;4,2;3,5;
2026/03/14;0300 UTC;0;957,1;957,2;957;0;17,4;17,4;17,6;17,2;17,6;17,2;100;100;100;157;4,7;3,6;
2026/03/14;0400 UTC;0;956,8;957;956,6;0;17,2;17,3;17,3;17,1;17,4;17,2;100;100;100;175;4,5;3,4;
2026/03/14;0500 UTC;0;956,5;956,7;956,3;0;17,1;17,1;17,2;17;17,3;17;100;100;100;195;4,2;2,2;
2026/03/14;0600 UTC;0;956,4;956,5;956,3;0;17,1;17,1;17,2;16,9;17,3;16,9;100;100;100;196;4,7;2,3;
2026/03/14;0700 UTC;0;956,3;956,4;956,2;0;17;17;17,1;16,9;17,2;17;100;100;100;191;2,9;1,8;
2026/03/14;0800 UTC;0;956,1;956,2;956;0;16,9;17;17,1;16,8;17,1;16,8;100;100;100;207;2,5;1,7;
2026/03/14;0900 UTC;,2;956,2;956,4;956;0;17,2;17,3;17,3;17,1;17,3;17,1;100;100;100;193;4,3;2,5;
2026/03/14;1000 UTC;0;956,8;957,1;956,4;33,2;17,2;17,3;17,4;17,1;17,4;17,2;100;100;100;192;2,5;1,6;
2026/03/14;1100 UTC;0;957,2;957,4;957,1;326,8;17,5;17,6;17,9;17,2;18;17,2;100;100;100;203;2,4;1,3;
2026/03/14;1200 UTC;0;957,6;957,7;957,4;873,9;18,2;18,1;19,1;17,5;18,7;17,5;100;97;100;182;3,1;1,8;
2026/03/14;1300 UTC;,2;957,8;957,9;957,6;870,2;18,9;18;19,4;18,4;18,7;17,1;98;91;96;186;3,6;1,9;
2026/03/14;1400 UTC;0;957,7;957,8;957,7;1853,8;20,5;17,8;21,7;19,3;18,5;16,8;96;76;87;205;4,2;2;
2026/03/14;1500 UTC;0;957,5;957,8;957,1;3109,5;22,3;17,9;23,8;21,3;19,3;16,8;88;71;78;161;4;2,1;
2026/03/14;1600 UTC;0;957;957,2;956,6;2730,8;23,4;17,1;25;22,4;19,6;15,6;76;60;68;202;3,9;1,7;
2026/03/14;1700 UTC;0;956,3;956,6;956;3095,4;24,6;16,8;25,7;23,3;18,4;15,6;69;54;61;159;5,6;2,3;
2026/03/14;1800 UTC;0;955,7;955,9;955,4;2051,8;24,9;16,4;25,9;23,7;17,3;15,5;63;52;57;190;4,4;2,5;
2026/03/14;1900 UTC;0;955,2;955,4;955;2255;25,1;16,3;25,7;23,6;17,3;15,4;63;51;56;175;6,7;3,6;
2026/03/14;2000 UTC;0;954,8;955;954,7;1016,1;24,6;16,4;26,2;23,5;17,4;15,7;63;53;59;175;3,6;2,3;
2026/03/14;2100 UTC;0;954,8;955;954,7;624,1;23,6;16,4;24,4;23,1;17,1;15,9;68;60;64;158;4,2;2,7;
2026/03/14;2200 UTC;0;955,2;955,2;955;116,5;21,9;16,6;23,5;20,8;17;16,2;79;64;73;135;5,1;3,8;
2026/03/14;2300 UTC;0;955,2;955,5;955,1;0;20,4;16,6;20,7;19,9;16,7;16,4;84;78;81;125;5,5;3,8;
2026/03/15;0000 UTC;0;955,8;956;955,4;0;19,4;17,5;19,9;19;17,9;16,7;94;84;91;112;5,4;4,1;
2026/03/15;0100 UTC;0;956,1;956,2;955,9;0;18,9;18;19;18,7;18;17,9;96;95;95;103;5,8;4,3;
2026/03/15;0200 UTC;0;956,2;956,4;955,9;0;18,6;18,1;18,7;18,5;18,2;18;98;96;97;102;5,2;3,8;
2026/03/15;0300 UTC;0;956,3;956,4;956,1;0;18,5;18,2;18,6;18,5;18,3;18,1;99;98;99;80;5,1;3,1;
2026/03/15;0400 UTC;0;956,1;956,4;955,8;0;18,4;18,1;18,6;17,8;18,4;17,3;99;97;98;65;5,6;3,5;
2026/03/15;0500 UTC;0;955,3;955,9;954,9;0;17,9;17,5;18;17,7;17,6;17,3;99;97;98;37;6,1;3,9;
2026/03/15;0600 UTC;0;955,1;955,2;954,9;0;17,5;17,5;17,7;17,5;17,6;17,4;100;99;100;66;5;3,1;
2026/03/15;0700 UTC;0;954,8;955;954,4;0;17,5;17,5;17,6;17,4;17,7;17,4;100;100;100;293;5,8;3,8;
2026/03/15;0800 UTC;0;954,5;954,8;954,3;0;17,5;17,6;17,6;17,4;17,7;17,5;100;100;100;179;6,3;4,3;
2026/03/15;0900 UTC;0;954,5;954,6;954,3;0;17,3;17,4;17,5;17,2;17,6;17,3;100;100;100;91;6,9;4,4;
2026/03/15;1000 UTC;0;954,9;955,2;954,7;20,2;17,3;17,4;17,5;17,2;17,5;17,2;100;100;100;195;6,9;4,3;
2026/03/15;1100 UTC;0;955,4;955,5;955,2;434,9;17,6;17,4;18,5;17,2;17,7;17,2;100;95;99;74;4,7;2,9;
2026/03/15;1200 UTC;0;955,9;956,2;955,5;1394,1;19,8;17,7;21,1;18,5;18,2;17,3;94;82;89;290;5,9;3,5;
2026/03/15;1300 UTC;0;956,3;956,4;956,2;2095;22,5;17,8;23,7;21,2;18,5;17,1;83;69;77;292;5,7;3,5;
2026/03/15;1400 UTC;0;956,5;956,7;956,4;2948,9;24,6;17,7;25,3;23,8;18,4;17;71;59;65;288;4,8;2,5;
2026/03/15;1500 UTC;0;956,4;956,6;956,1;3206,8;25,7;17,1;26,3;24,7;18;16,3;62;54;57;216;3,8;1,6;
2026/03/15;1600 UTC;0;956;956,1;955,7;2800,5;26,6;17,1;28,2;25,1;18,4;16;60;47;53;302;5,2;2,9;
2026/03/15;1700 UTC;0;955,7;955,9;955,5;3016,8;27,6;17,4;28,3;26,9;18,4;16,4;53;45;49;130;3,1;1,2;
2026/03/15;1800 UTC;0;955,1;955,5;954,9;2971,6;28,6;17,6;29,2;27,7;18,7;17;51;42;45;164;4,1;1,7;
2026/03/15;1900 UTC;0;954,8;955;954,7;2321,2;29;18,4;29,8;27,8;19,3;17,1;54;41;47;127;7,1;4,3;
2026/03/15;2000 UTC;0;954,9;955;954,8;713,6;26,6;18,2;29;25,6;19,4;17,8;62;50;58;110;5,8;4,1;
2026/03/15;2100 UTC;0;955,1;955,3;955;650;25,3;19,3;26;24,4;19,9;18;75;62;70;108;9,4;5,7;
2026/03/15;2200 UTC;0;955,5;955,8;955,2;100,4;23,1;18,9;24,4;21,9;19,3;18,1;82;74;79;91;9,5;6,5;
2026/03/15;2300 UTC;0;956;956,3;955,7;0;21,1;17,5;21,9;20,5;18,1;17,3;87;80;82;89;9,3;6;
2026/03/16;0000 UTC;0;956,6;957;956,2;0;20,4;18,8;20,5;20,2;19,3;18;94;88;92;73;9,4;5,7;
2026/03/16;0100 UTC;0;957,3;957,5;957,1;0;19,9;18,6;20,2;19,7;18,8;18,4;95;91;93;67;9,6;5,8;
2026/03/16;0200 UTC;0;957,4;957,5;957,3;0;19,7;18,9;19,9;19,6;19,1;18,7;97;95;96;52;9,7;5,3;
2026/03/16;0300 UTC;0;957,2;957,3;957;0;19,9;19,4;20,1;19,9;19,5;19,1;98;96;97;40;10,3;5,7;
2026/03/16;0400 UTC;0;956,8;957,1;956,7;0;20;19,3;20;20;19,4;19,2;97;96;96;41;9,2;4,6;
2026/03/16;0500 UTC;0;956,5;956,8;956,3;0;19,9;19,3;20;19,8;19,4;19,2;97;96;97;45;9,2;5,2;
2026/03/16;0600 UTC;0;956,4;956,5;956,3;0;19,7;19,1;19,8;19,6;19,2;19,1;98;97;97;45;8,9;4,9;
2026/03/16;0700 UTC;0;956,5;956,6;956,3;0;19,7;19,3;19,8;19,6;19,4;19,2;98;98;98;35;9,3;5,7;
2026/03/16;0800 UTC;0;956,6;956,7;956,4;0;19,6;19,3;19,8;19,5;19,4;19,1;98;98;98;37;8,8;5,1;
2026/03/16;0900 UTC;0;956,9;957,1;956,7;0;19,4;19,1;19,5;19,3;19,2;19;99;98;98;28;8,2;5,2;
2026/03/16;1000 UTC;0;957,3;957,7;957,1;20,1;19,4;19;19,4;19,3;19,1;18,9;98;98;98;47;6,6;3,9;
2026/03/16;1100 UTC;,2;958;958,2;957,7;575,6;20,4;19;21,4;19,5;19,5;18,8;98;90;93;39;7;3,7;
2026/03/16;1200 UTC;0;958,2;958,3;958,1;1331,5;22,4;19,3;24,3;21,2;19,6;19;90;75;84;46;7,3;3,5;
2026/03/16;1300 UTC;0;958,5;958,7;958,2;2105,6;25;19,3;26,1;24,4;19,9;18,6;75;65;71;41;7,5;4;
2026/03/16;1400 UTC;0;958,6;958,7;958,5;2762,1;27;19,6;27,9;25,8;20,3;19,1;68;58;63;51;6,6;3,5;
2026/03/16;1500 UTC;0;958,3;958,5;958;3050,9;28,6;19,7;29,6;27,7;20,5;18,9;60;51;56;58;5,8;3;
2026/03/16;1600 UTC;0;957,9;958;957,7;2956,2;30,2;20;30,7;29,7;20,8;19,2;53;45;49;54;6,1;2,8;
2026/03/16;1700 UTC;0;957,7;957,7;957,4;2660;30,5;20,6;31,3;29,8;21,7;19,8;55;47;50;87;5,6;2,2;
2026/03/16;1800 UTC;0;957,1;957,4;956,9;2640,7;31,3;21,2;31,9;30,5;22,1;20,2;53;46;49;87;5,9;2,2;
2026/03/16;1900 UTC;0;956,8;957;956,6;1956,4;31,1;21,6;31,4;30,7;22,2;21;55;49;52;76;6,1;3,1;
2026/03/16;2000 UTC;0;956,6;956,7;956,5;1045,9;29,5;22,1;30,6;28,2;23;20,9;73;52;63;105;8;5,4;
2026/03/16;2100 UTC;0;956,8;957;956,7;408;26,9;22,4;28,2;25,7;22,9;22,1;82;73;78;96;9,1;6,1;
2026/03/16;2200 UTC;0;957,1;957,3;957;56,9;24,8;22,2;25,6;23,9;22,3;22,1;92;83;87;93;9,4;6,5;
2026/03/16;2300 UTC;0;957,5;958,1;957,1;0;23,5;22,4;23,9;23,4;22,6;22,2;96;92;95;76;10,2;6,2;
2026/03/17;0000 UTC;0;958,4;958,6;958;0;23,4;22,4;23,5;23,3;22,5;22,3;95;94;95;70;10,1;5,5;
2026/03/17;0100 UTC;0;958,3;958,6;958,2;0;23,1;22,1;23,3;22,9;22,4;21,9;96;94;95;62;8,3;4,1;
2026/03/17;0200 UTC;0;958,2;958,4;958,1;0;22,7;21,8;22,9;22,5;22,1;21,4;96;94;95;52;8,6;4,5;
2026/03/17;0300 UTC;0;957,9;958,2;957,7;0;22,3;21,2;22,5;22;21,4;21,1;96;94;95;53;7;3,8;
2026/03/17;0400 UTC;0;957,8;957,9;957,5;0;22;21,1;22,1;22;21,3;21;96;95;95;43;8,4;5,3;
2026/03/17;0500 UTC;0;957,5;957,7;957,3;0;22;20,9;22;21,9;21;20,8;95;94;95;42;8,6;4,1;
2026/03/17;0600 UTC;0;957;957,3;956,7;0;21,9;20,9;22;21,8;21,1;20,8;96;94;95;49;7,8;4;
2026/03/17;0700 UTC;0;956,5;956,8;956,3;0;21,7;21,2;21,8;21,6;21,2;21;98;96;97;48;7,5;4,2;
2026/03/17;0800 UTC;0;956,6;956,7;956,5;0;21,7;21,1;21,7;21,6;21,2;21;98;97;97;69;7,6;3,8;
2026/03/17;0900 UTC;0;957;957,5;956,7;0;21,7;21;21,7;21,6;21,1;21;97;97;97;75;5;1,5;
2026/03/17;1000 UTC;0;957,8;958,1;957,5;2,2;21,6;21,1;21,7;21,6;21,2;21;98;97;97;48;3,4;1,6;
2026/03/17;1100 UTC;0;958,2;958,3;958,1;120,3;21,5;21,3;21,7;21,5;21,6;21,1;99;98;99;84;5,8;3,5;
2026/03/17;1200 UTC;0;958,2;958,3;958;432,8;21,9;21,8;22,2;21,7;21,9;21,6;100;98;99;97;6,2;3,9;
2026/03/17;1300 UTC;0;958,2;958,4;958,1;576,8;22,4;22;22,6;22,2;22,1;21,7;99;96;98;81;6,9;4,1;
2026/03/17;1400 UTC;,4;958,6;958,9;958,2;467;22,6;21,8;22,9;22,5;22,4;21,5;98;94;96;69;4,3;2,3;
2026/03/17;1500 UTC;,2;958,2;958,3;957,9;671,2;23;22,1;23,3;22,8;22,6;21,6;97;93;96;62;2,9;1;
2026/03/17;1600 UTC;,2;957,5;957,9;957,3;784,3;23,6;22,7;23,9;23,3;23,1;21,8;97;92;96;83;4,3;2,5;
2026/03/17;1700 UTC;0;957;957,3;956,7;866,8;23,6;22,6;23,9;23,5;23;22,1;96;92;95;55;5,4;3;
2026/03/17;1800 UTC;0;956,5;956,7;956,1;852,7;24;22,5;24,2;23,7;22,9;22,1;95;91;92;54;6,2;2,6;
2026/03/17;1900 UTC;0;956,4;956,6;956,2;754,8;24,2;22,1;24,3;24;22,8;21,5;93;87;89;56;7,1;3,9;
2026/03/17;2000 UTC;0;956,2;956,3;956;472,8;23,5;21,7;24;23,2;22,3;21,3;92;89;91;76;7,1;3,7;
2026/03/17;2100 UTC;0;955,9;956,1;955,8;182,9;22,9;21,5;23,2;22,6;21,6;21,3;95;91;93;66;5,8;2,7;
2026/03/17;2200 UTC;0;956;956,3;955,8;53,5;22,5;21,5;22,6;22,4;21,6;21,4;95;94;95;45;5,8;2,9;
2026/03/17;2300 UTC;0;956,5;956,9;956,3;0;22,3;21,4;22,4;22,2;21,6;21,3;96;95;95;48;6,9;3,7;
2026/03/18;0000 UTC;0;957;957,2;956,8;0;21,9;21,4;22,2;21,8;21,5;21,3;98;96;97;61;9,5;4,4;
2026/03/18;0100 UTC;0;957,1;957,2;956,9;0;21,8;21,3;21,9;21,8;21,5;21,2;98;97;98;53;8;4,4;
2026/03/18;0200 UTC;0;957,5;957,8;957;0;21,8;21,2;21,9;21,8;21,4;21,1;97;96;97;46;6,7;3,4;
2026/03/18;0300 UTC;0;957,5;957,8;957,2;0;21,7;20,9;21,9;21,5;21,1;20,7;97;95;96;32;11,2;5,9;
2026/03/18;0400 UTC;0;957;957,3;956,8;0;21,3;20,4;21,5;21,2;20,7;20,2;97;94;96;65;9,2;5,5;
2026/03/18;0500 UTC;0;956,6;956,9;956,3;0;21,2;20,7;21,3;21,1;20,8;20,5;98;97;97;106;8,7;5,5;
2026/03/18;0600 UTC;0;955,8;956,3;955,4;0;21,1;20,8;21,2;21;20,9;20,6;99;98;99;48;10,8;6;
2026/03/18;0700 UTC;0;955,4;955,5;955,2;0;20,7;20,1;21;20,6;20,6;19,7;98;95;97;38;8,5;5,3;
2026/03/18;0800 UTC;0;955,4;955,6;955,1;0;20,7;19,5;20,9;20,4;19,7;19,3;96;92;94;52;6,7;3,6;
2026/03/18;0900 UTC;0;955,7;955,9;955,5;0;20,5;19,7;20,7;20,4;20;19,4;98;94;96;327;8;5,3;
2026/03/18;1000 UTC;0;956,2;956,6;955,9;25,1;20,2;20,1;20,4;20,2;20,3;20;100;98;99;336;8;5,4;
2026/03/18;1100 UTC;0;956,8;957,1;956,5;230,6;20,7;20,7;21;20,3;20,9;20,3;100;100;100;317;6,6;3,8;
2026/03/18;1200 UTC;0;957,1;957,3;956,9;373,4;21,3;21,1;21,8;21;21,2;20,9;100;97;99;313;5,8;2,9;
2026/03/18;1300 UTC;0;957,3;957,4;957,2;604,8;22,2;21,3;23,1;21,7;21,6;21,1;98;91;96;298;5,2;3,1;
2026/03/18;1400 UTC;0;957,4;957,6;957,3;698,2;23,3;21,4;23,6;23;21,6;21,2;93;88;90;240;4,3;1,9;
2026/03/18;1500 UTC;0;957,5;957,6;957,5;348,1;23;21,4;23,2;22,9;21,7;21,3;93;91;92;245;4,2;1,7;
2026/03/18;1600 UTC;0;957,4;957,6;957,3;740,7;23,4;21,8;24,1;22,7;22;21,6;95;88;92;187;5;2,9;
2026/03/18;1700 UTC;0;957,1;957,4;956,7;1149,7;24,2;22;25,1;23,3;22,6;21,7;93;84;89;201;6,7;3,8;
2026/03/18;1800 UTC;,8;956,7;956,9;956,6;863,4;22,9;22,5;23,5;22,6;23;21,8;99;91;98;209;6,3;3,9;
2026/03/18;1900 UTC;0;957,1;957,4;956,8;302,4;21,5;21,1;23,2;20,3;22,5;20,3;100;95;98;172;11,8;7;
2026/03/18;2000 UTC;0;957,4;957,5;957,2;185,4;20,3;20,4;20,6;20,2;20,6;20,2;100;100;100;169;7,9;5,5;
2026/03/18;2100 UTC;0;957,1;957,3;957;287,1;21;20,8;21,2;20,6;20,9;20,7;100;98;99;179;6,8;4,6;
2026/03/18;2200 UTC;0;957,3;957,4;957,1;49,9;21,1;20,8;21,2;21,1;21;20,6;99;98;98;163;8,9;6,1;
2026/03/18;2300 UTC;0;957,6;958,1;957,3;0;20,9;20,6;21,1;20,6;20,9;20;99;97;99;166;10,1;7;
2026/03/19;0000 UTC;0;958,3;958,6;958;0;20,4;19,9;20,6;20,2;20,1;19,8;98;97;97;158;9,3;6,7;
2026/03/19;0100 UTC;0;958,7;958,8;958,5;0;20,2;20;20,2;20,1;20;19,9;99;98;99;146;9,1;6,5;
2026/03/19;0200 UTC;0;958,7;958,8;958,6;0;20,1;20,1;20,1;20;20,1;19,9;100;99;100;159;8,8;6,7;
2026/03/19;0300 UTC;,2;958,5;958,6;958,4;0;19,8;19,9;20;19,6;20,1;19,6;100;100;100;162;9,9;6,5;
2026/03/19;0400 UTC;,2;958,4;958,5;958,2;0;19,6;19,6;19,6;19,5;19,7;19,6;100;100;100;174;9,8;7;
2026/03/19;0500 UTC;,2;958;958,2;957,9;0;19,4;19,5;19,5;19,3;19,6;19,3;100;100;100;166;8,7;6,3;
2026/03/19;0600 UTC;,4;957,8;958,1;957,6;0;19,2;19,3;19,3;19,1;19,3;19,2;100;100;100;159;8;5,8;
2026/03/19;0700 UTC;0;957,4;957,7;957,2;0;19,1;19,2;19,1;19,1;19,2;19,2;100;100;100;162;8,2;6,1;
2026/03/19;0800 UTC;,2;957,3;957,4;957,2;0;19;19,1;19,1;18,9;19,2;19;100;100;100;161;6,8;4,8;
2026/03/19;0900 UTC;0;957,4;957,6;957,3;0;18,9;18,9;18,9;18,8;19;18,9;100;100;100;151;6,8;4,7;
2026/03/19;1000 UTC;,2;957,6;957,8;957,5;13,8;18,9;19;19;18,9;19;19;100;100;100;158;7,4;4,8;
2026/03/19;1100 UTC;,2;958,1;958,5;957,8;149,6;19;19,1;19,1;18,9;19,2;19;100;100;100;151;6,3;4,4;
2026/03/19;1200 UTC;0;958,5;958,7;958,4;500,6;19,5;19,5;19,9;19,1;19,9;19,2;100;100;100;164;5,8;4,1;
2026/03/19;1300 UTC;0;958,9;959;958,7;715,9;19,8;19,9;20,2;19,6;20,3;19,6;100;100;100;154;5,4;3,7;
2026/03/19;1400 UTC;0;958,8;958,9;958,7;1419,7;20,7;20,7;21,7;20,1;21,5;20,1;100;98;100;154;5;3,5;
2026/03/19;1500 UTC;0;958,6;958,7;958,4;1428,3;21,1;20,8;21,9;20,5;21,3;20,3;100;95;99;120;5;3,2;
2026/03/19;1600 UTC;0;958,2;958,5;957,9;2122,4;22,9;20;24,1;22;20,9;18,6;94;72;86;118;5,5;2,9;
2026/03/19;1700 UTC;0;957,6;958;957,2;3006,6;25,2;19,7;25,9;24,1;21,2;18,3;80;65;72;155;4,2;2;
2026/03/19;1800 UTC;0;956,9;957,2;956,5;2500,8;26,1;19,2;27,1;24,7;20,9;17,7;73;59;66;118;5,2;2,8;
2026/03/19;1900 UTC;0;956,2;956,5;955,9;1682,9;25,9;19,3;26,8;24,7;20,3;18,1;73;58;67;134;7,3;4,6;
2026/03/19;2000 UTC;0;955,9;956;955,7;1445,7;25,4;19,4;26;24,8;19,9;18,8;73;67;70;133;7,1;4,6;
2026/03/19;2100 UTC;0;955,9;955,9;955,7;667,5;23,9;19,6;25,2;22,7;20;19,2;86;72;78;125;7;4,6;
2026/03/19;2200 UTC;0;956,1;956,3;955,9;39,5;21,7;19,6;22,6;21,2;19,8;19,4;92;86;90;106;6,1;3,7;
2026/03/19;2300 UTC;0;956,4;956,6;956,3;0;20,9;19,7;21,1;20,5;19,8;19,5;96;92;94;100;5,9;3,9;
2026/03/20;0000 UTC;0;956,9;957;956,6;0;20,1;19,7;20,5;20;19,8;19,6;99;96;98;100;6,8;4,7;
2026/03/20;0100 UTC;0;957,2;957,3;957;0;19,8;19,6;20;19,6;19,8;19,5;100;99;99;99;7,9;4,7;
2026/03/20;0200 UTC;0;957,4;957,5;957,3;0;19,5;19,6;19,6;19,5;19,6;19,5;100;100;100;88;7,2;4,2;
2026/03/20;0300 UTC;0;957,4;957,5;957,3;0;19,3;19,4;19,5;19,2;19,5;19,3;100;100;100;76;5,8;3,2;
2026/03/20;0400 UTC;0;957,3;957,5;957,2;0;19,2;19,2;19,3;19,1;19,4;19,1;100;100;100;99;5,4;2,8;
2026/03/20;0500 UTC;0;957,1;957,3;956,8;0;19;19;19,1;18,9;19,2;18,9;100;100;100;84;7;3,3;
2026/03/20;0600 UTC;0;956,9;957,1;956,7;0;18,9;18,9;19;18,7;19,1;18,8;100;100;100;74;4,8;2,7;
2026/03/20;0700 UTC;0;956,9;957;956,7;0;18,8;18,9;18,9;18,7;19;18,8;100;100;100;76;5,2;2,6;
2026/03/20;0800 UTC;0;957;957,1;956,9;0;18,9;19;19;18,8;19;18,9;100;100;100;79;5,9;3,1;
2026/03/20;0900 UTC;0;957,1;957,3;957;0;18,7;18,7;18,9;18,5;19;18,5;100;100;100;77;5,8;3,5;
2026/03/20;1000 UTC;0;957,5;957,6;957,2;13,7;18,8;18,7;19;18,6;19;18,5;100;100;100;85;5,9;3;
2026/03/20;1100 UTC;0;957,9;958,1;957,6;248;19,3;19,1;19,6;19;19,3;19;100;98;99;89;6,7;3,7;
2026/03/20;1200 UTC;0;958,4;958,5;958,1;1012,5;20,6;19,1;22,1;19,7;19,3;18,6;98;84;92;91;7,5;4,1;
2026/03/20;1300 UTC;0;958,7;958,8;958,4;1178,9;21,8;18,9;23,1;21,4;19,4;18,4;89;79;86;90;7,1;4,1;
2026/03/20;1400 UTC;0;958,6;958,8;958,5;2452,2;24,2;19,3;25,1;23,2;20,3;18,7;80;70;76;85;7,5;4,2;
2026/03/20;1500 UTC;0;958,1;958,5;957,8;2679,2;25,3;19,6;26,8;23,9;20,4;18,9;78;65;71;102;8,8;4,9;
2026/03/20;1600 UTC;0;957,4;957,8;956,9;3181,3;26,6;19,8;27,7;25,2;20,7;18,7;73;59;66;84;6,9;3,4;
2026/03/20;1700 UTC;0;956,7;957;956,4;3226,4;27,4;20;28;26,5;20,9;18,7;69;59;63;98;7;3,9;
2026/03/20;1800 UTC;0;956,1;956,4;955,8;2616,7;27,2;20,2;27,9;26,2;20,9;19,6;70;61;65;99;9,8;5,8;
2026/03/20;1900 UTC;0;955,6;955,8;955,4;2066,6;26,4;20;27;25,5;20,5;19,6;71;65;68;113;9;5,6;
2026/03/20;2000 UTC;0;955,2;955,5;955;1406,9;25,7;19,9;26,2;24,7;20,2;19,5;76;67;71;101;9,8;5,4;
2026/03/20;2100 UTC;0;955,3;955,5;955,2;599,2;24,2;20,1;24,8;23,2;20,3;19,7;85;75;80;99;8,6;5,3;
2026/03/20;2200 UTC;0;955,6;955,7;955,5;38;22,4;20,5;23,2;21,8;20,6;20,3;93;86;90;96;8,2;4,6;
2026/03/20;2300 UTC;0;955,5;955,9;955,3;0;21,4;20,3;21,8;21,1;20,5;20;96;93;95;82;9,5;5,3;
2026/03/21;0000 UTC;0;956;956,2;955,8;0;21,1;19,7;21,2;20,9;20,1;19,4;95;92;93;75;12,2;7,2;
2026/03/21;0100 UTC;0;956,2;956,4;956;0;20,7;19,3;20,9;20,6;19,4;19,1;93;92;93;75;9,8;5,3;
2026/03/21;0200 UTC;0;956,5;956,7;956,4;0;20,4;19;20,6;20,3;19,2;18,8;93;92;93;68;10,2;5,2;
2026/03/21;0300 UTC;0;956,3;956,5;956,1;0;20,2;18,9;20,3;20,2;19;18,7;94;93;93;66;9,5;5,3;
2026/03/21;0400 UTC;0;955,9;956,2;955,4;0;20,2;18,8;20,2;20,1;18,9;18,7;93;93;93;57;10,9;5,8;
2026/03/21;0500 UTC;0;955,2;955,5;954,9;0;20;18,7;20,1;19,9;18,8;18,6;94;93;93;56;9,8;4,9;
2026/03/21;0600 UTC;0;954,4;955;953,9;0;20;18,5;20,1;20;18,7;18,4;94;92;92;54;11,2;6;
2026/03/21;0700 UTC;0;954;954,2;953,8;0;20,1;18,4;20,1;20,1;18,5;18,3;92;91;92;57;9,8;4,6;
2026/03/21;0800 UTC;0;954,1;954,3;953,8;0;20;18,6;20,1;20;18,7;18,5;93;92;93;49;11,1;4,7;
2026/03/21;0900 UTC;0;954,1;954,3;953,9;0;20;18,7;20;19,9;18,8;18,5;94;93;93;48;9,9;4,9;
2026/03/21;1000 UTC;0;954,1;954,5;953,9;17;19,6;18,9;19,9;19,5;19;18,7;97;94;96;60;8,5;4,9;
2026/03/21;1100 UTC;0;954,5;954,6;954,4;440,5;20,2;19,2;21,2;19,6;19,3;19,1;97;90;95;43;9,7;5,2;
2026/03/21;1200 UTC;0;954,3;954,5;954,2;1330,3;22,1;19,3;23,1;21,2;19,4;19,1;90;82;86;37;11,2;6,1;
2026/03/21;1300 UTC;0;954;954,3;953,8;2090,7;24,1;19,7;25,1;23,1;20;19,3;82;73;78;78;10,2;6,1;
2026/03/21;1400 UTC;0;953,9;954;953,8;2678,5;26,3;20,2;27,5;25,1;21;19,7;74;64;69;185;10,1;5;
2026/03/21;1500 UTC;0;953,8;953,9;953,5;3064;28,3;20,9;29,2;27;21,3;20,2;66;59;63;269;11,1;6,6;
2026/03/21;1600 UTC;0;953,1;953,6;952,7;2732,9;29,6;21,4;30,6;28,8;22,2;21;62;56;59;238;11,1;6,4;
2026/03/21;1700 UTC;0;952,7;953,1;952;1892,9;29,7;21,7;30,1;29,3;22;21,3;62;58;60;185;9,4;5,6;
2026/03/21;1800 UTC;0;952;952,3;951,3;2087,3;31,1;22,2;32;29,9;22,8;21,6;60;52;56;121;9;5,3;
2026/03/21;1900 UTC;0;951,4;951,7;951,2;587,5;30,3;21,9;31;29,5;22,5;21,6;61;55;58;175;7,1;4,1;
2026/03/21;2000 UTC;,4;951,6;952,8;950,7;51,5;28,2;22;29,5;25,3;23;21,5;88;61;69;328;6,2;3,7;
2026/03/21;2100 UTC;2,2;953,4;953,7;952,9;30,4;24,1;22,9;25,3;23;23,1;22,6;99;87;94;309;8,3;5,3;
2026/03/21;2200 UTC;4,4;954,2;955,6;953,6;21,7;22,3;21,9;23;21,8;22,7;21,6;99;96;98;280;9,5;6,1;
2026/03/21;2300 UTC;,4;953,5;953,8;953,2;0;21,5;21,1;21,7;21,4;21,6;20,8;99;97;98;263;9,2;6,5;
2026/03/22;0000 UTC;,2;954,3;954,8;953,7;0;21,8;21,6;22,1;21,5;22,2;20,9;100;96;99;313;10,3;6,7;
2026/03/22;0100 UTC;,2;954,9;955,4;954,6;0;21,9;21,9;22,1;21,4;22,2;21,4;100;100;100;342;11,9;8,3;
2026/03/22;0200 UTC;0;955,8;956,2;955,5;0;21,2;21,2;21,4;21,1;21,4;21,1;100;100;100;331;11,3;6,5;
2026/03/22;0300 UTC;0;956,2;956,4;956,1;0;21,2;21,2;21,2;21,1;21,3;21,2;100;100;100;296;7;4,7;
2026/03/22;0400 UTC;0;956,4;956,6;956,1;0;20,6;20,6;21,1;20,2;21,1;20;100;99;100;276;6,8;3,7;
2026/03/22;0500 UTC;0;956,6;957;956,4;0;20;19,9;20,2;19,9;20,1;19,9;100;99;100;296;6,2;4,1;
2026/03/22;0600 UTC;0;957;957,2;956,8;0;19,7;19,7;19,9;19,6;19,9;19,3;100;99;100;283;4,5;2,3;
2026/03/22;0700 UTC;0;956,6;956,8;956,5;0;19,4;19,1;19,6;19,2;19,3;19;99;98;99;220;4,2;2,6;
2026/03/22;0800 UTC;,2;956,7;956,9;956,5;0;19;19,1;19,2;18,8;19,2;18,9;100;99;100;210;5,9;3,1;
2026/03/22;0900 UTC;0;957,1;957,5;956,6;0;18,4;18,5;18,8;18,1;18,9;18,1;100;100;100;200;7;4,1;
2026/03/22;1000 UTC;0;957,8;958,4;957,6;3,2;17,6;17,6;18;16,4;18,1;16,5;100;100;100;179;8,7;5,7;
2026/03/22;1100 UTC;0;959,1;959,5;958,4;140,4;15,7;15,7;16,4;15,4;16,4;15,4;100;100;100;190;6,4;4;
2026/03/22;1200 UTC;0;959,7;960;959,4;391,6;15,5;15,6;15,8;15,4;15,9;15,5;100;100;100;177;6;4;
2026/03/22;1300 UTC;0;960,2;960,4;960;951,1;16,5;16,2;17,6;15,8;16,8;15,8;100;94;99;163;5,6;4;
2026/03/22;1400 UTC;0;960,2;960,3;960,1;2533,9;19,6;16,5;20,7;17,6;17,4;15,7;94;77;85;162;6,5;4,1;
2026/03/22;1500 UTC;0;960,2;960,3;960,1;2859,4;21,6;17,2;23,3;20,7;18,3;15,9;82;71;78;139;5,8;3,8;
2026/03/22;1600 UTC;0;960,1;960,3;959,7;2632,3;22,4;17,5;23,8;21;18,5;16,5;84;68;75;137;6,5;4,1;
2026/03/22;1700 UTC;0;959,4;959,8;959,1;2477,5;23;17,7;23,9;22,4;19;17;77;69;73;130;6,7;4,8;
2026/03/22;1800 UTC;0;959,2;959,3;959,1;2225,6;23,6;17,9;24,6;22,8;18,8;17,1;76;67;71;134;7,2;4,3;
2026/03/22;1900 UTC;0;958,9;959;958,7;1128,3;22,3;17,5;23,4;21,2;18,3;16,9;81;71;76;116;6,5;4,7;
2026/03/22;2000 UTC;0;958,7;958,8;958,6;803,6;21,5;17,6;22;20,8;17,9;17;85;75;80;114;7;4,7;
2026/03/22;2100 UTC;0;959;959,3;958,6;337,9;20,4;17,4;20,8;20,1;17,8;16,9;87;82;85;109;7,1;4,4;
2026/03/22;2200 UTC;0;959,2;959,5;958,9;41,3;19,5;17,1;20,3;19,1;17,3;16,9;91;84;88;100;8,7;5,6;
2026/03/22;2300 UTC;0;959,5;960,1;959,2;0;18,9;17,5;19,1;18,8;17,7;17,3;94;91;93;81;8,6;4,3;
2026/03/23;0000 UTC;0;960;960,2;959,8;0;18,7;17,4;18,8;18,6;17,5;17,2;94;93;93;90;8,4;4,9;
2026/03/23;0100 UTC;0;960,2;960,6;959,8;0;18,4;17,3;18,6;18,3;17,4;17,3;95;94;95;71;5,8;2,9;
2026/03/23;0200 UTC;0;960,2;960,4;959,8;0;18,4;17,4;18,5;18,4;17,6;17,3;96;95;95;76;6,6;4,1;
2026/03/23;0300 UTC;0;959,5;959,8;959,2;0;18,4;17,8;18,5;18,4;18;17,6;98;96;97;76;8,6;5,7;
2026/03/23;0400 UTC;0;959;959,3;958,4;0;18,4;18,1;18,4;18,4;18,2;18;99;98;98;77;7,6;4,6;
2026/03/23;0500 UTC;0;958,1;958,4;957,8;0;18,5;18,4;18,6;18,4;18,6;18,2;100;99;100;80;7,5;4;
2026/03/23;0600 UTC;0;957,4;957,9;956,6;0;18,8;18,8;18,9;18,6;18,9;18,6;100;100;100;76;7,9;4,8;
2026/03/23;0700 UTC;0;956,4;956,6;956,2;0;19;19,1;19,2;18,9;19,3;18,9;100;100;100;77;8,2;5,2;
2026/03/23;0800 UTC;0;956,5;956,7;956,4;0;19,3;19,4;19,4;19,2;19,5;19,3;100;100;100;54;7,7;3,3;
2026/03/23;0900 UTC;0;956,5;956,8;956,2;0;19,5;19,6;19,6;19,4;19,7;19,5;100;100;100;58;5,5;2,6;
2026/03/23;1000 UTC;0;955,9;956,2;955,6;10,2;19,7;19,8;19,9;19,6;20;19,7;100;100;100;52;7,3;3,5;
2026/03/23;1100 UTC;0;955,7;955,9;955,5;146,4;20,2;20,3;20,6;19,9;20,7;20;100;100;100;40;8;4,4;
2026/03/23;1200 UTC;0;955,5;955,9;955,1;728,5;21;20,9;21,8;20,6;21,1;20,6;100;96;99;43;9,7;5,1;
2026/03/23;1300 UTC;0;954,7;955,1;954,1;1222,1;22,3;20,9;22,8;21,9;21;20,6;95;90;93;80;12;7,4;
2026/03/23;1400 UTC;0;954,1;954,2;953,9;1185,7;22,8;20,8;23,3;22,6;21;20,6;91;87;90;154;12;7;
2026/03/23;1500 UTC;0;953,9;954,1;953,6;1115,5;23,6;21;23,8;23,3;21,2;20,7;89;86;87;287;10,7;5,5;
2026/03/23;1600 UTC;1,2;954,3;954,7;953,7;459,3;23,4;21,4;23,6;22,5;22;21,1;98;87;90;294;6,9;3,7;
2026/03/23;1700 UTC;14,4;954,9;955,4;954,5;76,4;22;21,9;22,5;21,3;22,1;21,3;100;98;100;296;9,2;5,9;
2026/03/23;1800 UTC;5;954,1;955,1;952,9;120,8;20,8;20,8;21,3;20,3;21,4;20,3;100;100;100;281;6,1;3,7;
2026/03/23;1900 UTC;1;952,3;952,9;952;439,8;20,4;20,4;20,8;20,1;20,8;20,1;100;100;100;297;6,8;3,9;
2026/03/23;2000 UTC;0;952,5;952,7;952,3;763,4;21;20,9;21,5;20,7;21,3;20,6;100;98;99;304;5,4;3;
2026/03/23;2100 UTC;0;953,2;953,7;952,6;277,7;21;20,7;21,2;20,9;20,8;20,6;99;98;98;303;5,2;3,5;
2026/03/23;2200 UTC;0;953,2;953,7;952,6;26,2;20,6;20,6;21;20;20,8;20,1;100;98;100;215;5,5;3;
2026/03/23;2300 UTC;,8;953,8;954,2;953,2;0;19,7;19,7;20;18,7;20,1;18,8;100;100;100;180;6,8;4,1;
2026/03/24;0000 UTC;,2;954,1;954,2;953,9;0;18,5;18,6;18,7;18,4;18,8;18,5;100;100;100;140;2,9;1,4;
2026/03/24;0100 UTC;,2;953,9;954;953,7;0;18,3;18,4;18,4;18,2;18,5;18,3;100;100;100;137;2,1;1,4;
2026/03/24;0200 UTC;0;954,3;955;953,7;0;18,2;18,2;18,3;18,1;18,3;18,1;100;100;100;211;6,7;3,7;
2026/03/24;0300 UTC;,8;955,1;955,1;955;0;18;18,1;18,2;18;18,3;18;100;100;100;212;8,4;5;
2026/03/24;0400 UTC;,2;955,3;955,6;955;0;17,8;17,8;18;17,3;18;17,3;100;100;100;197;10,8;6,1;
2026/03/24;0500 UTC;,2;955,6;955,7;955,4;0;17,3;17,4;17,4;17,2;17,4;17,3;100;100;100;194;8,3;4,6;
2026/03/24;0600 UTC;,2;955,7;955,9;955,5;0;16,9;16,9;17,2;16,3;17,3;16,4;100;100;100;189;11,7;6,7;
2026/03/24;0700 UTC;0;956,1;956,5;955,6;0;16;16,1;16,3;15,7;16,4;15,7;100;100;100;201;7,6;4,6;
2026/03/24;0800 UTC;0;956,7;956,9;956,4;0;15,4;15,5;15,6;15,2;15,7;15,3;100;100;100;186;7;4,6;
2026/03/24;0900 UTC;0;957,1;957,5;956,8;0;15;15;15,3;14,9;15,3;14,9;100;100;100;182;7,9;5,2;
2026/03/24;1000 UTC;0;957,7;958,1;957,4;3,5;14,7;14,8;14,9;14,6;14,9;14,7;100;100;100;167;7,8;5,6;
2026/03/24;1100 UTC;0;958,3;958,5;958,1;217,9;14,7;14,8;14,8;14,6;14,9;14,7;100;100;100;167;8;5,2;
2026/03/24;1200 UTC;0;958,9;959,1;958,5;799,3;15,3;15;15,8;14,7;15,6;14,4;100;96;99;196;5,4;3,3;
2026/03/24;1300 UTC;0;959,3;959,6;959,1;2000,4;17,1;14,3;18,1;15,3;15,2;13,7;97;79;86;186;6,5;3,5;
2026/03/24;1400 UTC;0;959,8;960;959,5;2805;19,3;14;20,1;18;15,2;12,5;83;64;74;174;6,3;3,7;
2026/03/24;1500 UTC;0;959,9;960,1;959,7;3197,5;20;13,2;20,7;19,4;14,6;11,6;72;57;66;188;7,9;4,1;
2026/03/24;1600 UTC;0;959,6;959,8;959,5;3374,4;21,1;13,1;21,7;20,5;14,5;11,7;69;52;60;181;5,2;2,8;
2026/03/24;1700 UTC;0;959,4;959,6;959,2;3263,3;21,6;12,7;22,4;20,8;14,1;11,2;61;50;55;141;5,6;2,9;
2026/03/24;1800 UTC;0;958,9;959,2;958,5;2886,9;22,6;12,8;23,2;22,1;14,1;11,1;58;44;51;127;4,2;1,6;
2026/03/24;1900 UTC;0;958,5;958,6;958,4;2293,5;22,5;12,4;22,9;22,1;13,9;11,3;56;46;50;165;5;2,9;
2026/03/24;2000 UTC;0;958,4;958,5;958,3;1523;21,9;12,4;22,4;21,5;13,3;11,7;57;48;53;150;4,5;2,6;
2026/03/24;2100 UTC;0;958,5;958,6;958,4;684,2;20,8;12,1;21,9;19,5;12,9;11,3;62;50;57;139;4,7;3,2;
2026/03/24;2200 UTC;0;958,9;959,1;958,5;43,4;17,5;11,4;19,5;16,7;11,8;10,9;74;60;69;123;6;4,6;
2026/03/24;2300 UTC;0;959,4;959,6;959,1;0;16;10,5;16,6;15,3;11,5;9,7;75;71;73;127;6,7;5,1;
2026/03/25;0000 UTC;0;959,8;960,1;959,5;0;14,9;9,4;15,3;14,6;9,7;9,1;74;71;72;111;6,7;5;
2026/03/25;0100 UTC;0;960,2;960,3;960,1;0;14,6;9,2;14,7;14,5;9,6;8,7;76;70;73;109;6,8;5,3;
2026/03/25;0200 UTC;0;960,2;960,3;960,1;0;14,5;10,4;14,6;14,3;11,1;9,4;83;75;79;104;7,3;5,4;
2026/03/25;0300 UTC;0;960,3;960,5;960,2;0;14,4;11,7;14,5;14,4;11,9;11,2;88;84;86;96;7,6;5,5;
2026/03/25;0400 UTC;0;960,3;960,5;960,2;0;14,4;12;14,5;14,3;12,1;11,9;89;87;88;98;7,2;5,5;
2026/03/25;0500 UTC;0;960,3;960,5;960,1;0;14,3;12,1;14,3;14,2;12,2;12;90;89;89;97;7,3;5,4;
2026/03/25;0600 UTC;0;960,2;960,3;960,1;0;14,3;12,1;14,4;14,2;12,2;12,1;90;89;89;93;6,6;4,7;
2026/03/25;0700 UTC;0;960,1;960,3;959,9;0;14,9;12,3;15,1;14,4;12,5;12,2;89;86;87;98;6,9;5;
2026/03/25;0800 UTC;0;959,8;959,9;959,6;0;15,2;12,5;15,3;15,1;12,6;12,3;87;86;86;97;7,7;5,3;
2026/03/25;0900 UTC;0;960,2;960,5;959,9;0;15,4;12,8;15,6;15,2;13,1;12,5;88;86;87;108;7;5,4;
2026/03/25;1000 UTC;0;960,9;961,4;960,5;,2;15,6;13,1;15,7;15,6;13,3;12,9;88;87;87;127;5,9;3,8;
2026/03/25;1100 UTC;0;961,6;962,1;961,4;92,4;15,5;13,4;15,6;15,3;14;13,2;93;88;90;131;6,6;3,9;
2026/03/25;1200 UTC;0;962,4;962,9;962,1;179;15,3;14,4;15,8;15,2;14,9;14;96;93;95;154;3,5;2,2;
2026/03/25;1300 UTC;,4;963;963,2;962,7;367;15,6;15,1;15,9;15,4;15,6;14,5;99;94;97;166;5,1;3,6;
2026/03/25;1400 UTC;,2;963;963,3;962,8;1319,2;16,8;16;18,2;15,5;17,2;15,2;99;87;96;129;8,2;6,1;
2026/03/25;1500 UTC;0;962,8;963;962,6;1576,5;18,9;15,9;19,6;17,8;16,6;15,3;90;81;85;135;6,8;4,8;
2026/03/25;1600 UTC;0;962,4;962,6;962,1;2437,1;20,7;16;21,8;19,5;16,7;15,4;82;70;77;120;8;5,3;
2026/03/25;1700 UTC;0;961,6;962;961,2;2320,1;21,6;16,3;22,1;21,3;16,9;15,5;75;69;73;117;6,7;4;
2026/03/25;1800 UTC;0;960,7;961,2;960,4;2304,5;22,4;17;22,9;22;17,9;16,3;77;69;73;105;6,6;3,9;
2026/03/25;1900 UTC;0;960,8;960,9;960,5;950,6;21,6;17,1;22,4;20,8;17,7;16,6;81;73;77;134;6,6;4,9;
2026/03/25;2000 UTC;0;960,9;961;960,8;497;20,4;16,8;20,8;19,9;17,4;16,3;86;78;82;128;7,4;5,1;
2026/03/25;2100 UTC;0;961,2;961,4;961;236,5;19,2;16,9;19,8;18,4;17,2;16,4;93;85;88;110;5,6;3,9;
2026/03/25;2200 UTC;0;961,5;961,8;961,2;29,3;18,1;16,6;18,4;18;16,9;16,3;95;90;92;102;3,9;2,6;
2026/03/25;2300 UTC;0;961,8;962,1;961,6;0;17,8;16,9;18;17,6;17,1;16,7;97;94;96;105;6;4;
2026/03/26;0000 UTC;0;962,5;962,8;962,1;0;17,6;17,2;17,7;17,5;17,5;17,1;99;97;98;121;5,7;3,8;
2026/03/26;0100 UTC;,2;962,9;963;962,7;0;17;16,9;17,4;16,7;17,2;16,7;100;99;100;105;7;4,4;
2026/03/26;0200 UTC;0;962,8;962,9;962,8;0;16,6;16,7;16,7;16,5;16,8;16,6;100;100;100;105;7,1;5;
2026/03/26;0300 UTC;0;962,6;962,8;962,5;0;16,4;16,5;16,5;16,3;16,6;16,4;100;100;100;100;6,5;4,2;
2026/03/26;0400 UTC;0;962,5;962,5;962,4;0;16,3;16,3;16,5;16,2;16,6;16,3;100;100;100;101;6,5;5,2;
2026/03/26;0500 UTC;0;962,5;962,5;962,4;0;16,6;16,7;16,8;16,5;16,9;16,5;100;100;100;120;6;4,5;
2026/03/26;0600 UTC;,2;962,2;962,4;962,1;0;16,5;16,5;16,5;16,4;16,6;16,4;100;100;100;129;5,5;4,1;
2026/03/26;0700 UTC;,4;962;962,2;961,8;0;16,6;16,6;16,6;16,5;16,7;16,6;100;100;100;130;6,2;4,6;
2026/03/26;0800 UTC;,2;961,8;961,9;961,7;0;16,6;16,7;16,7;16,6;16,8;16,6;100;100;100;125;6,7;5;
2026/03/26;0900 UTC;0;962;962,2;961,9;0;16,8;16,8;16,8;16,7;16,9;16,8;100;100;100;126;7,3;5,4;
2026/03/26;1000 UTC;0;962,4;962,6;962,1;4,4;16,9;16,9;16,9;16,8;17;16,9;100;100;100;115;7,4;5,3;
2026/03/26;1100 UTC;0;963;963,3;962,6;102,4;17;17,1;17,3;16,9;17,3;16,9;100;100;100;112;7,2;4,7;
2026/03/26;1200 UTC;0;963,5;963,6;963,2;238,3;17,5;17,6;17,7;17,2;17,8;17,3;100;100;100;113;7,7;6,1;
2026/03/26;1300 UTC;0;963,6;963,8;963,5;880,9;18,1;18,1;18,8;17,6;18,8;17,7;100;100;100;113;7,8;6,1;
2026/03/26;1400 UTC;0;963,7;963,8;963,7;1302;19,3;18,7;19,8;18,5;19,1;18,5;100;95;97;120;7;4,8;
2026/03/26;1500 UTC;0;963,6;963,7;963,5;827;19,7;18,7;19,9;19,4;19;18,5;97;94;95;106;6,6;4,8;
2026/03/26;1600 UTC;0;963,4;963,6;963,1;934,6;20;19,1;20,7;19,4;19,4;18,8;97;92;95;117;7,9;5,2;
2026/03/26;1700 UTC;0;962,9;963,1;962,8;986,8;20,8;19,4;21,4;20,6;19,7;19,1;94;91;93;116;6,6;4,8;
2026/03/26;1800 UTC;0;962,5;962,8;962,3;696;20,9;19,6;21,4;20,5;19,9;19,3;96;90;93;125;7,5;4,8;
2026/03/26;1900 UTC;0;962,2;962,4;962;593,1;21;19,7;21,2;20,7;19,9;19,5;95;92;93;125;7,1;4,9;
2026/03/26;2000 UTC;0;961,9;962;961,7;317,7;20,8;19,9;20,9;20,7;20,1;19,8;97;94;96;114;6;4;
2026/03/26;2100 UTC;0;961,6;961,7;961,6;193,7;20,5;20,3;20,8;20,3;20,4;20;100;96;99;115;7,4;4,9;
2026/03/26;2200 UTC;0;961,7;962,1;961,6;9,2;20,2;20,3;20,3;20,1;20,4;20,2;100;100;100;109;6,8;4,5;
2026/03/26;2300 UTC;0;962,2;962,5;962;0;20,1;20,2;20,2;20,1;20,3;20,1;100;100;100;111;6,4;4,6;
2026/03/27;0000 UTC;0;962,7;962,8;962,5;0;20,2;20,2;20,2;20,1;20,3;20,2;100;100;100;100;7,4;5,2;
2026/03/27;0100 UTC;0;962,8;962,8;962,7;0;20,2;20,3;20,3;20,2;20,4;20,2;100;100;100;100;4,6;2,5;
2026/03/27;0200 UTC;,2;962,7;962,8;962,6;0;20,3;20,4;20,4;20,3;20,5;20,3;100;100;100;101;4;2,5;
2026/03/27;0300 UTC;,2;962,5;962,6;962,4;0;20,4;20,5;20,5;20,4;20,5;20,4;100;100;100;98;3,6;2,3;
2026/03/27;0400 UTC;,2;962,6;962,7;962,4;0;20,5;20,6;20,6;20,4;20,6;20,5;100;100;100;99;3,1;2;
2026/03/27;0500 UTC;0;962,2;962,4;962,1;0;20,6;20,7;20,7;20,5;20,8;20,6;100;100;100;99;4,2;2,5;
2026/03/27;0600 UTC;,2;961,9;962,1;961,6;0;20,8;20,9;20,9;20,7;20,9;20,8;100;100;100;90;4;2,6;
2026/03/27;0700 UTC;0;961,7;961,8;961,6;0;21;21,1;21,1;20,9;21,2;20,9;100;100;100;70;3,1;1,9;
2026/03/27;0800 UTC;0;961,7;961,9;961,6;0;21,1;21,2;21,2;21,1;21,3;21,2;100;100;100;61;3,9;1,7;
2026/03/27;0900 UTC;0;962,1;962,3;961,9;0;21,1;21,2;21,2;21,1;21,3;21,2;100;100;100;74;2,9;1,3;
2026/03/27;1000 UTC;0;962,5;962,7;962,3;10,6;21,3;21,3;21,3;21,2;21,4;21,3;100;100;100;82;2,8;1,1;
2026/03/27;1100 UTC;0;962,8;963,1;962,6;182,4;21,5;21,5;21,6;21,3;21,7;21,4;100;100;100;65;4,7;2,1;
2026/03/27;1200 UTC;0;963,3;963,5;963,1;581,6;21,8;21,9;22,1;21,6;22,1;21,7;100;100;100;61;4;2,1;
2026/03/27;1300 UTC;0;963,6;963,6;963,5;1111,7;22,4;22,3;23,2;22,1;22,8;21,7;100;94;99;46;3,8;2;
2026/03/27;1400 UTC;0;963,5;963,6;963,5;2006,8;24,5;22,5;25,7;23,4;23,4;21,8;95;82;90;106;3,4;1,5;
2026/03/27;1500 UTC;0;963,3;963,5;963;2491,2;26,5;23;27,2;25,5;24,2;22,2;91;77;83;121;4;1,6;
2026/03/27;1600 UTC;0;962,7;963;962,4;2935,5;27,9;23,1;29;27;24,3;22,2;84;71;76;141;3,5;1,5;
2026/03/27;1700 UTC;0;962,1;962,4;961,9;2534,1;28,9;23;29,8;27,9;24,4;22,4;76;66;71;306;3,9;1,9;
2026/03/27;1800 UTC;0;961,5;961,9;961,2;2406,7;29,8;24,1;30,7;28,3;25,1;22,3;79;67;72;121;4;2,6;
2026/03/27;1900 UTC;0;961,3;961,5;961,2;836,7;28,3;24,2;29,7;27,5;24,7;23,7;84;72;79;129;5,4;3,9;
2026/03/27;2000 UTC;0;961,6;961,7;961,4;431,1;27;23,9;28,4;26,2;24,3;23,6;88;78;85;118;5,2;3,3;
2026/03/27;2100 UTC;0;961,8;961,9;961,6;215,4;26;23,8;26,4;25,5;24;23,6;91;87;89;107;5,3;3,6;
2026/03/27;2200 UTC;0;961,9;962,1;961,7;28,8;25;23,6;25,5;24,5;23,7;23,5;96;90;93;97;5,5;3,9;
2026/03/27;2300 UTC;0;962,2;962,5;962;0;24,2;23,7;24,5;23,8;23,9;23,4;98;96;97;96;6,8;5;
2026/03/28;0000 UTC;0;962,8;963,1;962,5;0;23,5;23,3;23,8;23,1;23,4;23;100;98;99;75;8,2;5,6;
2026/03/28;0100 UTC;0;963,2;963,3;963,1;0;23;22,8;23,1;23;23;22,6;100;98;99;63;7,6;4,8;
2026/03/28;0200 UTC;0;963,2;963,3;963,2;0;23;22,3;23,2;22,9;22,6;22,1;98;95;96;59;7,4;4;
2026/03/28;0300 UTC;0;963,3;963,4;963,2;0;23,1;22,3;23,3;22,9;22,7;22;98;95;96;37;6,2;4;
2026/03/28;0400 UTC;0;963,2;963,2;963,1;0;23,3;22,5;23,5;23,1;22,7;22,3;97;94;96;38;7,2;4,8;
2026/03/28;0500 UTC;0;963;963,2;962,8;0;23,3;22;23,6;23;22,5;21,7;95;93;94;55;6,4;4,3;
2026/03/28;0600 UTC;0;962,6;962,8;962,4;0;23,9;22,3;24,2;23,6;22,4;22,1;93;90;92;92;7,6;5,5;
2026/03/28;0700 UTC;0;962,3;962,5;962,2;0;23,6;22;24;23,4;22,3;21,9;93;90;92;60;6,6;4;
2026/03/28;0800 UTC;0;962,1;962,3;962;0;24,4;21,4;25,3;23,7;22,1;20,2;91;75;85;29;6,2;3,7;
2026/03/28;0900 UTC;0;962,4;962,7;962,2;0;25;20,5;25,6;24,4;21,2;19,8;84;71;78;57;6,4;4,1;
2026/03/28;1000 UTC;0;963,1;963,5;962,7;10,5;24,1;21;24,4;23,8;21,4;20,7;85;82;84;210;5,6;3,2;
2026/03/28;1100 UTC;0;963,8;964,2;963,4;305,2;23,2;21,3;24;22,8;21,9;20,8;93;84;91;152;2,8;1,7;
2026/03/28;1200 UTC;0;964,4;964,7;964,1;959,2;23,9;22,2;24,6;22,7;22,9;21,5;95;89;91;123;3,6;2,8;
2026/03/28;1300 UTC;0;965;965,1;964,7;1018,4;23,9;22,5;24,4;23,6;23;22;95;90;93;142;3,8;2,3;
2026/03/28;1400 UTC;0;965,1;965,1;964,9;2076,8;25,1;22,8;26,7;23,6;23,4;22,3;95;81;89;139;4,6;2,8;
2026/03/28;1500 UTC;0;964,8;965;964,7;2802,1;27,4;23,5;28,6;26,6;24,4;22,7;85;77;81;120;4,3;2,6;
2026/03/28;1600 UTC;0;964,4;964,7;964,1;2973,6;28,8;24;29,3;28,2;24,7;23,4;79;73;76;130;4;2,6;
2026/03/28;1700 UTC;0;963,8;964,2;963,5;2483,8;29,4;24,4;29,9;28,9;25,1;23,6;79;71;75;110;4,3;2,3;
2026/03/28;1800 UTC;0;963,5;963,7;963,3;1005;28,1;24,3;28,8;27,6;24,9;24;84;78;81;136;4,7;2,8;
2026/03/28;1900 UTC;0;963,3;963,6;963;387,6;26,7;24,1;27,6;26,4;24,3;23,9;89;83;87;123;5,1;3,4;
2026/03/28;2000 UTC;0;963,2;963,4;963;303,2;26;24,1;26,6;25,7;24,3;24;92;87;90;116;4,6;3,5;
2026/03/28;2100 UTC;0;963,3;963,6;963,2;255,5;25,7;23,9;26,2;25;24,1;23,8;94;88;91;126;5,4;4;
2026/03/28;2200 UTC;0;963,4;963,8;963,2;11,9;24,7;23,9;25;24,4;24;23,9;98;95;96;103;4,9;3,5;
2026/03/28;2300 UTC;0;963,8;964;963,7;0;24,3;24;24,4;24,2;24,1;23,9;99;98;98;102;6,3;4,3;
2026/03/29;0000 UTC;0;964,1;964,4;963,8;0;23,9;23,7;24,2;23,7;24;23,2;99;97;99;96;6,7;5;
2026/03/29;0100 UTC;0;964,5;964,7;964,1;0;23,6;23,3;23,8;23,5;23,4;23,2;99;97;98;107;7;4,9;
2026/03/29;0200 UTC;0;964,5;964,7;964,2;0;23,3;23,3;23,5;23,2;23,4;23,2;100;99;100;124;3,3;2,3;
2026/03/29;0300 UTC;0;964,3;964,6;964,1;0;22,7;22,8;23,3;22,3;23,4;22,3;100;100;100;100;6,1;3,7;
2026/03/29;0400 UTC;0;964,4;964,5;964,2;0;22,1;22,2;22,3;21,9;22,3;21,9;100;100;100;74;4;2,4;
2026/03/29;0500 UTC;0;964;964,2;963,6;0;21,7;21,8;21,9;21,5;21,9;21,3;100;99;100;36;5;3,4;
2026/03/29;0600 UTC;0;963,3;963,7;963;0;23,3;19,2;24,6;21,5;21,1;18,5;98;70;80;30;6,4;4,5;
2026/03/29;0700 UTC;0;963;963,1;962,9;0;24,2;19;24,8;23,2;19,7;18,3;82;68;74;116;2,6;1,2;
2026/03/29;0800 UTC;0;963;963,1;962,9;0;22,5;19,8;23,2;21,6;20,9;19,1;96;82;86;234;1,4;,4;
2026/03/29;0900 UTC;0;963,4;963,6;963,1;0;21,5;20,3;21,9;21,2;20,9;19,3;96;88;94;81;1;,6;
2026/03/29;1000 UTC;0;963,7;963,8;963,6;10,2;21,7;20,5;22,1;21,4;20,9;19,9;96;90;94;314;4,6;3,7;
2026/03/29;1100 UTC;0;964,2;964,5;963,8;237,2;23,3;21,3;23,9;22,1;21,7;21;95;86;90;116;1,5;1,2;
2026/03/29;1200 UTC;0;964,4;964,6;964,3;1137,4;25,8;21,7;27,4;23;22,4;21;92;73;80;287;3,4;2;
2026/03/29;1300 UTC;0;964,3;964,4;964,2;1739,9;27,9;22,1;28,5;27,5;22,6;21,4;76;66;71;321;4,8;2,9;
2026/03/29;1400 UTC;0;964,2;964,3;964,1;2200,3;28,7;22,2;30,2;27,5;23,2;21,2;74;59;68;278;4,1;1,7;
2026/03/29;1500 UTC;0;964,1;964,2;963,9;2816,3;30,4;21,6;31,2;29,8;22,7;20,5;62;50;56;235;2,8;1,4;
2026/03/29;1600 UTC;0;963,6;963,9;963,2;1412,6;30,5;22,7;31,6;28,9;24,3;21,7;76;55;61;143;8,1;5;
2026/03/29;1700 UTC;0;963;963,3;962,7;389,4;27,5;24;28,9;25,8;24,3;23,7;92;76;83;134;6,6;4,7;
2026/03/29;1800 UTC;5,4;963,4;964;963;53,1;24,6;24;25,8;23;24,4;22;99;91;97;92;5,1;2,6;
2026/03/29;1900 UTC;0;962,7;963,1;962,4;485,4;23,9;23,7;24,6;22,7;24,5;21,8;100;95;99;138;4,2;2,4;
2026/03/29;2000 UTC;2,2;963,4;964;962,8;53,1;23,9;23,8;24,4;23,6;24,1;23,7;100;98;99;195;3,2;1,8;
2026/03/29;2100 UTC;,8;963,6;963,9;963,3;50,3;23,6;23,7;23,7;23,5;23,8;23,5;100;100;100;67;5,6;3,4;
2026/03/29;2200 UTC;0;963,3;963,8;962,9;3,4;23,4;23,5;23,5;23,2;23,6;23,3;100;100;100;92;5,9;3,5;
2026/03/29;2300 UTC;,2;963,8;964;963,4;0;22,9;23;23,3;22,6;23,4;22,7;100;100;100;117;6,9;4,5;
2026/03/30;0000 UTC;,4;964,1;964,4;963,7;0;22,4;22,4;22,6;22,2;22,7;22,3;100;100;100;93;8,2;4,3;
2026/03/30;0100 UTC;,2;963,8;964,3;963;0;22,1;22,2;22,2;21,9;22,2;22;100;100;100;73;9,7;5,8;
2026/03/30;0200 UTC;0;963,3;963,6;962,9;0;21,8;21,9;21,9;21,7;22;21,7;100;100;100;29;8,4;5,5;
2026/03/30;0300 UTC;0;963,1;963,5;962,8;0;21,6;21,7;21,7;21,5;21,8;21,5;100;100;100;67;4,6;2,7;
2026/03/30;0400 UTC;0;963,5;963,6;963,3;0;21,6;21,7;21,7;21,5;21,8;21,5;100;100;100;45;4,9;2,5;
2026/03/30;0500 UTC;0;962,9;963,2;962,6;0;21,5;21,5;21,6;21,5;21,7;21,4;100;100;100;71;5,6;2,1;
2026/03/30;0600 UTC;0;962,4;962,6;962,1;0;21,5;21,5;21,5;21,3;21,5;21,3;100;100;100;39;4,1;2;
2026/03/30;0700 UTC;,4;962,7;963;962,5;0;21,4;21,5;21,5;21,4;21,6;21,4;100;100;100;137;4,6;2,5;
2026/03/30;0800 UTC;,8;962,4;962,8;962,3;0;21,5;21,6;21,6;21,5;21,6;21,6;100;100;100;112;4,6;2,9;
2026/03/30;0900 UTC;0;962,6;962,9;962,4;0;21,4;21,4;21,5;21,2;21,6;21,3;100;100;100;101;3,3;1,5;
2026/03/30;1000 UTC;0;963;963,1;962,9;5,2;21,4;21,5;21,5;21,2;21,6;21,3;100;100;100;70;4,6;2,7;
2026/03/30;1100 UTC;0;963,3;963,5;963,1;140,8;21,8;21,9;22,1;21,5;22,1;21,6;100;100;100;81;5,6;3,3;
2026/03/30;1200 UTC;0;963,7;963,8;963,5;721,2;22,7;22,7;23,3;22,1;23,3;22,2;100;99;100;84;3,6;2,1;
2026/03/30;1300 UTC;0;963,8;964;963,6;763,4;23,2;22,9;24;22,9;23,4;22,6;100;95;98;78;4,7;2,5;
2026/03/30;1400 UTC;0;963,7;963,9;963,6;927,2;23,8;22,4;24,1;23,7;23,2;21,9;96;90;93;52;4,3;2,3;
2026/03/30;1500 UTC;0;963,7;963,9;963,4;1354,9;24,6;22,7;26,1;23,8;23,7;21,8;95;84;91;91;4,6;2,5;
2026/03/30;1600 UTC;0;963,1;963,5;962,8;1633,9;25,8;22,6;26,8;25;23,6;21,7;90;75;84;106;4,3;2,2;
2026/03/30;1700 UTC;0;962,7;962,9;962,2;1253,2;25,3;22,7;25,5;24,9;23,3;22;91;84;87;85;6,2;3,5;
2026/03/30;1800 UTC;0;961,9;962,2;961,6;1457,3;25,7;22,4;26,6;24,6;23,2;21,7;87;79;84;119;5,7;4,1;
2026/03/30;1900 UTC;2,8;961,6;961,7;961,5;533,3;23,8;22,6;25;22,7;23,2;21,7;99;86;94;112;9,3;5,3;
2026/03/30;2000 UTC;0;961,5;961,6;961,4;623,8;22,7;22,4;23,7;22,3;23,1;21,8;99;96;98;93;7,8;4,1;
2026/03/30;2100 UTC;,2;961,6;961,7;961,3;105,5;21,8;21,8;22,2;21,7;22,1;21,6;100;99;100;92;6;3,5;
2026/03/30;2200 UTC;0;961,3;961,5;961,3;15,3;21,6;21,7;21,7;21,5;21,8;21,6;100;100;100;94;7,5;4,7;
2026/03/30;2300 UTC;0;961,7;962;961,4;0;21,3;21,4;21,5;21,2;21,6;21,3;100;100;100;75;6,2;3,3;
2026/03/31;0000 UTC;0;961,9;962;961,8;0;21,1;21,2;21,2;21;21,2;21;100;100;100;69;5,4;3;
2026/03/31;0100 UTC;0;961,8;961,9;961,6;0;20,9;20,9;21;20,8;21;20,9;100;100;100;80;6,4;3,7;
2026/03/31;0200 UTC;0;961,6;961,6;961,5;0;20,8;20,8;20,8;20,7;20,9;20,8;100;100;100;76;7,4;4,3;
2026/03/31;0300 UTC;0;961,3;961,6;961;0;20,8;20,8;20,8;20,7;20,9;20,8;100;100;100;74;7;3,8;
2026/03/31;0400 UTC;0;961,1;961,2;961;0;20,7;20,8;20,8;20,7;20,8;20,7;100;100;100;69;6,8;3,2;
2026/03/31;0500 UTC;0;960,9;961,1;960,7;0;20,7;20,6;20,7;20,6;20,7;20,6;100;100;100;57;5,8;3,2;
2026/03/31;0600 UTC;0;960,6;960,7;960,4;0;20,7;20,7;20,7;20,6;20,8;20,6;100;100;100;67;5,5;2,4;
2026/03/31;0700 UTC;,2;960,3;960,4;960,2;0;20,6;20,6;20,6;20,5;20,6;20,5;100;100;100;68;7;3;
2026/03/31;0800 UTC;0;960,2;960,3;960,1;0;20,3;20,3;20,5;20,2;20,5;20;100;99;100;60;7,6;3,7;
2026/03/31;0900 UTC;0;960,1;960,2;960;0;20;19,9;20,2;19,7;20,1;19,7;100;99;100;72;7,6;4,5;
2026/03/31;1000 UTC;0;960,3;960,5;960,2;8,7;19,5;19,5;19,7;19,4;19,7;19,3;100;100;100;73;9,3;5,3;
2026/03/31;1100 UTC;0;960,6;960,9;960,3;484,3;19,8;19,3;20,4;19,4;19,5;18,9;100;93;98;77;10,2;6,2;
2026/03/31;1200 UTC;0;961;961,2;960,8;1452,9;21,1;18,9;21,8;20,4;19,3;18,7;93;85;89;74;10,6;5,7;
2026/03/31;1300 UTC;0;961;961,2;960,8;2031,4;22,5;19;23,1;21,8;19,8;18,5;86;79;82;73;13,6;6,3;
2026/03/31;1400 UTC;0;960,7;960,9;960,5;2434,9;23,7;19,3;24,4;23;19,9;18,7;82;74;78;74;9,9;5,1;
2026/03/31;1500 UTC;0;960,4;960,6;960,1;2680,5;24,8;19,8;25,6;23,9;20,8;19,1;79;71;75;70;10;4,9;
2026/03/31;1600 UTC;0;959,9;960,2;959,7;2361,1;25,2;20;26,2;24,5;20,8;19;78;70;74;70;10,2;4,9;
2026/03/31;1700 UTC;0;959,3;959,7;958,9;2658,9;25,8;19,8;26,8;24,7;21,1;18,6;74;66;70;74;9,9;5,4;
2026/03/31;1800 UTC;0;958,7;959;958,6;2000,4;25,2;19,5;26,2;24,4;20,4;19;76;67;72;80;10,2;5,5;
2026/03/31;1900 UTC;0;958,4;958,6;958,2;2059,8;25,8;19,5;26,6;25,3;20,5;18,9;74;63;68;69;8,6;4;
2026/03/31;2000 UTC;0;958,2;958,3;958,1;1359,7;25,1;19,2;25,7;24,8;19,7;18,7;73;69;71;62;8,4;4,2;
2026/03/31;2100 UTC;0;958,2;958,3;958;593,5;23,7;19,2;25;22,9;19,9;18,8;81;70;78;74;10,2;5,2;
2026/03/31;2200 UTC;0;958,4;958,6;958,1;42,5;21,9;19,1;22,9;21,1;19,3;18,8;90;80;86;86;6,5;3,9;
2026/03/31;2300 UTC;0;958,8;959;958,6;0;20,8;19,2;21,1;20,6;19,4;19;93;91;92;74;9,9;5,1;
2026/04/01;0000 UTC;0;959,1;959,2;958,9;0;20,6;19,2;20,7;20,4;19,4;19;95;92;93;77;8,8;5,3;
2026/04/01;0100 UTC;0;959,4;959,5;959;0;20,3;19,2;20,5;20,1;19,4;18,9;95;94;95;76;11;5,8;
2026/04/01;0200 UTC;0;959,4;959,5;959,3;0;19,8;18,7;20,1;19,6;18,9;18,5;96;94;94;71;11,8;5,2;
2026/04/01;0300 UTC;0;959,2;959,4;959;0;19,5;18,6;19,6;19,5;18,7;18,5;96;95;95;73;9,1;5,6;
2026/04/01;0400 UTC;0;958,9;959,1;958,6;0;19,5;18,6;19,5;19,3;18,7;18,4;96;95;95;69;9,9;4,9;
2026/04/01;0500 UTC;0;958,3;958,6;957,9;0;19,2;18,5;19,3;19,1;18,6;18,3;97;95;96;67;11,4;4,6;
2026/04/01;0600 UTC;0;957,8;958;957,6;0;19;18,4;19,1;18,9;18,5;18,2;98;97;97;56;9,6;3,2;
2026/04/01;0700 UTC;0;957,3;957,6;957,2;0;18,8;18,3;18,9;18,7;18,4;18,2;98;97;97;51;6,8;3,3;
2026/04/01;0800 UTC;0;957,2;957,3;957;0;18,6;18,1;18,8;18,4;18,3;18;98;97;98;43;6,8;3,3;
2026/04/01;0900 UTC;0;957,4;957,6;957,2;0;18,2;17,8;18,4;18,1;18,1;17,6;99;97;98;66;5,1;2,8;
2026/04/01;1000 UTC;0;957,7;958;957,4;7;18;18;18,1;17,8;18,1;17,9;100;100;100;86;5,5;2,8;
2026/04/01;1100 UTC;0;958,1;958,2;958;250,1;18,2;18,2;19;17,8;18,6;17,9;100;97;100;94;5,6;3,2;
2026/04/01;1200 UTC;0;958,4;958,6;958,2;1207,6;20,4;18,4;21,3;19;18,8;18,1;97;85;90;93;6,8;4,4;
2026/04/01;1300 UTC;0;958,6;958,7;958,5;2126,6;22,4;18,4;23,4;21,4;19;17,9;87;74;80;101;5,9;3,8;
2026/04/01;1400 UTC;0;958,4;958,6;958,1;2528;23,6;18,4;24,1;23,2;19,1;17,7;78;69;74;101;5,9;3,7;
2026/04/01;1500 UTC;0;958,2;958,3;958;2928,3;24,7;17,8;25,2;24,2;18,8;16,5;72;58;65;72;5,4;2,1;
2026/04/01;1600 UTC;0;957,6;958;957,1;3058,3;25,4;17,2;26;24,8;18,1;15,7;65;51;59;93;4,1;2,1;
2026/04/01;1700 UTC;0;956,9;957,1;956,6;2944,8;26,2;17,5;27;25,4;19,1;16,6;63;50;56;120;3,3;1,4;
2026/04/01;1800 UTC;0;956,2;956,5;955,9;2573,7;26,9;18,2;27,1;26,5;19,3;17,1;62;51;57;141;4,2;2,3;
2026/04/01;1900 UTC;0;955,8;956;955,7;2004,1;26,7;17,8;27;26,3;18,7;16,8;61;51;56;95;3,4;1,6;
2026/04/01;2000 UTC;0;955,7;955,8;955,6;1252,2;26,1;17,9;26,7;25,4;18,4;17,3;62;56;59;135;5,6;4,2;
2026/04/01;2100 UTC;0;956;956,2;955,8;479,3;24,2;17,9;25,4;22,7;18,2;17,4;76;60;69;110;6,2;4,1;
2026/04/01;2200 UTC;0;956,2;956,4;956;13,9;21,6;17,6;22,6;21,1;17,8;17,2;83;76;80;108;7,2;5,4;
2026/04/01;2300 UTC;0;956,6;956,8;956,3;0;20,6;17,2;21;20;17,4;17,2;86;81;83;92;6,9;4,7;
2026/04/02;0000 UTC;0;957,1;957,5;956,8;0;19,7;17,7;20;19,4;18,1;17,3;93;87;90;93;6,6;4,3;
2026/04/02;0100 UTC;0;957,6;957,7;957,5;0;19,2;18,4;19,4;19,2;18,6;18,1;97;94;96;78;6,4;4,3;
2026/04/02;0200 UTC;0;957,8;957,9;957,6;0;19,3;19;19,6;19,2;19,5;18,6;99;97;98;80;5,9;3,3;
2026/04/02;0300 UTC;0;958;958,3;957,8;0;19,6;19,5;19,7;19,4;19,6;19,2;100;99;99;84;4,4;1,9;
2026/04/02;0400 UTC;0;958,2;958,4;957,8;0;19,5;19,4;19,6;19,2;19,5;19,1;100;99;99;52;4,3;2,3;
2026/04/02;0500 UTC;0;957,6;957,8;957,4;0;19,2;19,1;19,2;19;19,2;19;100;99;100;63;5,2;3;
2026/04/02;0600 UTC;0;957,3;957,4;957,1;0;18,8;18,7;19;18,6;18,9;18,4;100;98;99;51;2,2;1,4;
2026/04/02;0700 UTC;0;956,9;957,1;956,7;0;18,5;18,4;18,6;18,4;18,5;18,2;100;99;99;41;3,2;1,9;
2026/04/02;0800 UTC;0;956,4;956,7;956,3;0;19,2;17,9;19,8;18,5;18,4;17,4;99;88;94;33;4;2,7;
2026/04/02;0900 UTC;0;956,5;956,7;956,4;0;19,1;17,7;19,6;18,5;18;17,5;98;90;93;67;4,3;2,7;
2026/04/02;1000 UTC;0;957;957,1;956,8;5,6;18,3;18,1;18,6;18;18,4;17,9;100;98;99;95;3,9;3,2;
2026/04/02;1100 UTC;0;957,3;957,5;957,1;255,8;19,3;18,6;21,4;18;19;18;100;87;97;95;2,5;1,1;
2026/04/02;1200 UTC;0;957,9;958,4;957,4;1079,8;22,6;18,9;23,2;21,5;19,7;18,5;86;77;81;113;4,5;3,1;
2026/04/02;1300 UTC;0;958,5;958,6;958,4;1833,1;23,6;18,7;24,1;22,9;19,4;17,4;81;68;76;109;3,2;1,5;
2026/04/02;1400 UTC;0;958,6;958,6;958,5;2447,1;24,9;19,3;25,6;23,7;20,1;18;77;66;72;132;4,5;2,8;
2026/04/02;1500 UTC;0;958,5;958,7;958,4;2458,3;25,3;19,4;26,6;24,4;20,9;18,4;75;65;70;138;4,3;1,9;
2026/04/02;1600 UTC;0;958,4;958,4;958,2;2817,1;26,1;19,6;27,2;24,5;21,5;18,5;76;60;67;175;4,4;2,1;
2026/04/02;1700 UTC;0;957,9;958,3;957,4;2819,6;26,6;19,5;27,3;25,7;20,6;18,5;68;60;65;178;6,2;3,7;
2026/04/02;1800 UTC;0;957,2;957,4;957;2161,9;26,3;19,2;27;25,5;20,2;18,5;68;61;64;165;5,7;3,8;
2026/04/02;1900 UTC;0;957,2;957,3;957;1896,9;26,4;18,5;27,1;26;19,1;17,9;65;57;61;159;4,9;3;
2026/04/02;2000 UTC;0;957,3;957,5;957,2;1280,9;25,9;18,4;26,6;25,2;19,3;17,9;65;58;62;163;5,4;3,4;
2026/04/02;2100 UTC;0;957,7;957,9;957,5;455,1;24,5;17,9;25,2;23,7;18,5;17,3;69;64;67;171;5,2;3,9;
2026/04/02;2200 UTC;0;958;958,1;957,8;14,8;22,5;17,1;23,7;21,6;17,6;16,2;77;68;73;144;4,6;3,3;
2026/04/02;2300 UTC;0;958,4;958,7;958,1;0;21;17,8;21,7;20,7;19,2;16,3;92;73;84;116;6,8;4,9;
2026/04/03;0000 UTC;0;958,9;959,1;958,7;0;20,5;19,6;20,8;20,3;19,8;19,3;97;93;95;107;8;5,3;
2026/04/03;0100 UTC;0;959,3;959,5;959,1;0;20,1;19,8;20,3;19,9;19,8;19,7;99;97;98;95;6,2;4;
2026/04/03;0200 UTC;0;959,6;959,8;959,4;0;19,9;19,8;20;19,7;19,9;19,5;100;99;99;98;5,9;3,5;
2026/04/03;0300 UTC;0;959,6;959,7;959,4;0;19,5;19,5;19,7;19,4;19,6;19,4;100;99;100;91;5,5;3,1;
2026/04/03;0400 UTC;0;959,4;959,5;959,3;0;19,4;19,5;19,5;19,3;19,6;19,4;100;100;100;75;4,2;2,6;
2026/04/03;0500 UTC;0;959,3;959,5;959,1;0;19;19;19,4;18,7;19,4;18,7;100;100;100;85;4;2,7;
2026/04/03;0600 UTC;0;959,1;959,1;959;0;18,9;18,9;19;18,8;19,1;18,8;100;100;100;89;3,6;2,3;
2026/04/03;0700 UTC;0;958,8;959;958,7;0;18,7;18,8;18,9;18,6;18,9;18,7;100;100;100;87;3,4;2,8;
2026/04/03;0800 UTC;0;958,6;958,9;958,5;0;18,7;18,8;18,8;18,5;18,9;18,6;100;100;100;68;4,2;2,8;
2026/04/03;0900 UTC;0;959;959,2;958,8;0;18,3;18,4;18,5;18,2;18,6;18,2;100;100;100;64;4,2;2,8;
2026/04/03;1000 UTC;0;959,3;959,5;959,1;5,9;18,3;18,4;18,4;18,1;18,5;18,2;100;100;100;77;2,8;1,6;
2026/04/03;1100 UTC;0;959,8;959,9;959,5;125,7;18,5;18,5;19,2;18,3;19,1;18,4;100;100;100;81;4,2;2,8;
2026/04/03;1200 UTC;0;960,2;960,4;959,9;987,7;21,3;19,7;22,9;19,3;20,1;19,2;100;83;92;91;4;2,3;
2026/04/03;1300 UTC;0;960,5;960,6;960,4;2111,5;23,9;19,3;24,3;22,9;20,3;17,6;86;67;77;132;3,1;1,8;
2026/04/03;1400 UTC;0;960,5;960,6;960,2;2426,2;24,8;19;25,4;24,1;20,7;18,2;80;65;71;154;4;2,2;
2026/04/03;1500 UTC;0;960,2;960,3;960,1;2453,9;25,5;19,3;26;25;20,1;18,8;74;65;69;199;3,7;1,8;
2026/04/03;1600 UTC;0;960;960,3;959,9;2420,3;26,4;19,4;27,6;25;20,8;18,6;71;57;65;157;2,8;1,7;
2026/04/03;1700 UTC;0;959,7;960;959,4;2787,4;27,4;19,4;28,4;26,2;20,7;18;65;56;60;205;5,1;2,1;
2026/04/03;1800 UTC;0;959,1;959,5;959;2338,1;27,6;19;28,2;27;20;18;61;53;57;198;5;2,3;
2026/04/03;1900 UTC;0;958,8;959,1;958,6;1811,3;27,7;18,9;28,3;27;20,1;18,2;61;51;56;152;4,8;2,2;
2026/04/03;2000 UTC;0;958,8;959;958,5;718,7;26,2;18,9;27,1;25,2;19,7;18,3;68;56;64;114;5;3,6;
2026/04/03;2100 UTC;0;958,8;959;958,5;135,5;23,9;18,4;25,4;23,2;18,9;18,2;76;66;73;127;4;3,2;
2026/04/03;2200 UTC;0;959,1;959,3;958,9;8,9;22,5;18,7;23,3;21,7;19,7;17,8;90;74;81;105;6;4,3;
2026/04/03;2300 UTC;0;959,7;960,1;959,3;0;21,3;19,9;21,7;21,1;20,2;19,7;95;90;93;112;6,6;5,1;
2026/04/04;0000 UTC;0;960,3;960,6;960;0;20,9;20,3;21,2;20,7;20,4;20,2;98;95;97;104;7,3;4,7;
2026/04/04;0100 UTC;0;960,8;960,9;960,6;0;20,3;20,1;20,6;20,2;20,2;20;100;98;99;95;6,3;4,3;
2026/04/04;0200 UTC;0;960,7;960,9;960,6;0;20,2;20,1;20,3;20;20,2;19,9;100;99;100;73;6,6;3,6;
2026/04/04;0300 UTC;0;960,6;960,8;960,4;0;19,8;19,7;20;19,7;19,9;19,5;99;99;99;55;6;3,7;
2026/04/04;0400 UTC;0;960,5;960,6;960,3;0;19,6;19,4;19,7;19,5;19,5;19,3;99;99;99;35;5,3;2,6;
2026/04/04;0500 UTC;0;960,3;960,7;959,9;0;19,4;18,9;19,6;19,2;19,3;18,3;99;94;98;27;6,6;4,7;
2026/04/04;0600 UTC;0;959,6;959,9;959,4;0;19,2;19;19,6;18,8;19,1;18,8;100;96;99;112;7,3;5,5;
2026/04/04;0700 UTC;0;959,3;959,4;958,9;0;19;18,4;19,4;18,8;18,9;17,4;100;90;97;46;7,4;5,2;
2026/04/04;0800 UTC;0;958,9;959,1;958,7;0;19,1;18,1;19,3;19;18,5;17,5;97;91;95;54;6,2;3,9;
2026/04/04;0900 UTC;0;958,9;959,3;958,6;0;19;18,6;19,1;18,9;19;18,1;100;96;98;324;7,7;4,8;
2026/04/04;1000 UTC;0;959,8;960,1;959,3;9,2;19;19,1;19,2;18,9;19,2;18,9;100;100;100;338;6,6;4,6;
2026/04/04;1100 UTC;0;960;960,2;959,8;330;19,4;19,4;19,9;19,1;19,9;19,2;100;100;100;339;6,8;4,6;
2026/04/04;1200 UTC;0;960,2;960,6;960;649,7;20,2;19,6;21,1;19,7;20;19,3;100;91;97;337;7,1;5,3;
2026/04/04;1300 UTC;0;960,9;961,2;960,5;1638,6;23,4;20;24,5;21,2;20,7;19,4;92;78;83;316;7,7;4,8;
2026/04/04;1400 UTC;0;961,2;961,3;960,7;1202,7;24,1;20,1;24,8;23,6;20,5;19,7;82;76;80;262;4,7;1,7;
2026/04/04;1500 UTC;0;960,9;961,2;960,6;1645,6;25,1;20,3;25,6;24,7;20,7;19,8;79;73;76;274;5,3;2,4;
2026/04/04;1600 UTC;0;961,1;961,3;961;1389,3;25,3;20,2;25,6;24,9;20,6;19,8;77;72;75;228;5,1;2,6;
2026/04/04;1700 UTC;0;960,9;961;960,8;1317,2;24,7;20,7;25,6;24,2;21,2;20,3;83;75;80;186;7;4,2;
2026/04/04;1800 UTC;0;961;961,4;960,7;952,3;23,2;20,3;25,9;21,6;20,9;19,9;95;72;86;178;9,8;5;
2026/04/04;1900 UTC;0;961,4;961,5;961,3;376,2;21,6;19,7;22;20,9;20,3;19,2;94;87;90;183;8,4;5,5;
2026/04/04;2000 UTC;1;961,9;962,3;961,5;88,6;19,7;19,4;20,8;18,8;19,9;18,9;100;95;99;182;11,5;7,4;
2026/04/04;2100 UTC;,2;962,3;962,5;962,1;50,1;18,2;18,3;18,8;17,6;18,9;17,7;100;100;100;182;10,4;7,2;
2026/04/04;2200 UTC;1;962,5;962,8;962,2;2,1;17,2;17,3;17,6;16,8;17,7;16,8;100;100;100;161;11,2;8,3;
2026/04/04;2300 UTC;,6;963,4;964,1;962,6;0;16,3;16,3;16,7;16;16,8;16,1;100;100;100;161;13,3;7,8;
2026/04/05;0000 UTC;0;964,5;965;964,2;0;15,3;15,4;16;14,9;16,1;15;100;100;100;157;13,4;8,2;
2026/04/05;0100 UTC;0;965;965,5;964,7;0;14,8;14,9;15;14,6;15,1;14,6;100;100;100;171;8,9;6,3;
2026/04/05;0200 UTC;,2;965,4;965,6;965,3;0;14,5;14,5;14,6;14,2;14,7;14,3;100;100;100;170;9,2;6,9;
2026/04/05;0300 UTC;,2;965,6;965,8;965,4;0;14,1;14,2;14,3;13,9;14,3;14;100;100;100;164;9,5;6,8;
2026/04/05;0400 UTC;0;965,8;965,9;965,7;0;13,7;13,8;13,9;13,4;14;13,5;100;100;100;175;6,4;4,4;
2026/04/05;0500 UTC;0;965,7;966;965,4;0;13,3;13,3;13,4;13,1;13,5;13,2;100;100;100;176;7,3;5,1;
2026/04/05;0600 UTC;0;965,5;965,6;965,3;0;13;13,1;13,1;13;13,2;13;100;100;100;164;6,2;4,9;
2026/04/05;0700 UTC;0;965,3;965,6;965;0;13;13,1;13,1;13;13,2;13;100;100;100;157;7,8;5,8;
2026/04/05;0800 UTC;0;965,3;965,6;965;0;13,2;13;13,3;13;13,1;12,8;100;97;99;150;7,1;5,3;
2026/04/05;0900 UTC;0;965,8;966,2;965,5;0;13,4;12,8;13,5;13,3;12,9;12,7;98;96;97;158;7,1;5,4;
2026/04/05;1000 UTC;0;966,6;967;966,1;1,4;13,5;12,1;13,6;13,4;12,7;11,5;96;90;93;149;8,4;5,3;
2026/04/05;1100 UTC;0;967,1;967,2;966,9;138,3;13,7;12;14,2;13,5;12,4;11,6;93;89;91;143;8,9;6;
2026/04/05;1200 UTC;0;967,5;967,8;967,2;390,6;14,4;11,8;14,9;14,2;12,3;11,2;90;82;87;139;9;6,1;
2026/04/05;1300 UTC;0;967,7;967,8;967,6;678,3;15,3;11,8;15,5;14,9;12,5;11,3;85;80;83;137;9,3;6,4;
2026/04/05;1400 UTC;0;967,7;967,7;967,5;1324,5;16,6;11,7;17,7;15,5;12,5;11,1;83;69;75;140;9,3;6,4;
2026/04/05;1500 UTC;0;967,3;967,7;966,7;2009;17,9;12;19,5;17,3;13,6;11,1;75;66;70;129;10,8;7,3;
2026/04/05;1600 UTC;0;966,8;966,9;966,6;2269,3;19,2;12,9;19,7;18,7;13,7;12,2;72;66;69;143;10,4;7,4;
2026/04/05;1700 UTC;0;966,6;966,8;966,3;1542,4;19;12,5;19,3;18,6;13,3;12;71;65;68;127;10,5;6,8;
2026/04/05;1800 UTC;0;966,4;966,5;966,2;1331,8;19;12,6;19,2;18,6;13,2;11,8;72;64;68;132;8,6;5,8;
2026/04/05;1900 UTC;0;966,4;966,5;966,2;938;18,4;12,7;18,9;17,8;13,2;12,2;73;68;71;123;8,1;5,8;
2026/04/05;2000 UTC;0;966,3;966,4;966,2;528,6;17,5;12,2;17,8;17,1;12,5;11,8;75;71;73;123;9,7;6,6;
2026/04/05;2100 UTC;0;966,2;966,4;966;135,9;16,7;11,8;17,2;16,2;12,1;11,6;78;73;76;130;8,3;5,9;
2026/04/05;2200 UTC;0;966,1;966,2;966;3,3;15,9;11,7;16,2;15,7;11,9;11,6;81;77;79;120;8,4;5,9;
2026/04/05;2300 UTC;0;966,2;966,5;966;0;15,6;11,3;15,8;15,6;11,7;11;80;77;78;121;8,5;5,8;
2026/04/06;0000 UTC;0;966,5;967;966,1;0;15,4;11,2;15,6;15,3;11,4;11;81;77;79;111;7;4,8;
2026/04/06;0100 UTC;0;966,5;966,7;966,2;0;15,2;11,2;15,3;15,2;11,4;11;80;79;80;121;7,8;5,2;
2026/04/06;0200 UTC;0;966,4;966,8;966,1;0;15,2;11,5;15,3;15;11,7;11,3;83;80;82;102;7,5;4,6;
2026/04/06;0300 UTC;0;966,4;966,5;966,2;0;15;11,6;15,1;14,9;11,8;11,4;84;82;83;87;5,7;3;
2026/04/06;0400 UTC;0;965,9;966,3;965,3;0;14,9;11,7;15,1;14,7;11,8;11,5;86;82;84;102;7,7;5,1;
2026/04/06;0500 UTC;0;965,6;965,8;965,4;0;14,8;12,1;15;14,6;12,4;11,8;88;85;86;79;7,3;3,8;
2026/04/06;0600 UTC;0;965,3;965,7;964,9;0;15,6;12,7;16;15;12,9;12,4;87;84;86;69;7,7;4,3;
2026/04/06;0700 UTC;0;964,5;965;964,1;0;15,9;13,1;16;15,8;13,4;12,9;87;85;86;64;8,8;4,7;
2026/04/06;0800 UTC;0;964;964,2;963,9;0;16;13,5;16,1;15,9;13,7;13,3;88;87;87;71;8,1;4,4;
2026/04/06;0900 UTC;0;964,1;964,3;964;0;16,3;13,6;16,4;16,1;13,9;13,5;88;86;87;76;9,4;5,2;
2026/04/06;1000 UTC;,2;963,5;964;963,3;,1;16,2;14,3;16,4;15,9;14,5;13,9;93;88;90;77;11,8;6,9;
2026/04/06;1100 UTC;0;964,2;964,5;963,7;150;16,6;14,5;17;16,4;14,7;14,3;90;88;89;59;7,7;4;
2026/04/06;1200 UTC;0;964,7;964,9;964,4;446,5;17,5;14,8;18,2;17;15,2;14,5;88;85;87;64;10;4,8;
2026/04/06;1300 UTC;0;965;965,1;964,8;758,1;18,6;15,4;18,9;18,3;15,6;15;85;82;84;74;8,9;5;
2026/04/06;1400 UTC;0;964,8;965,1;964,4;1025,4;19,2;16;20,4;18,7;16,9;15,4;88;79;84;72;12,3;6,6;
2026/04/06;1500 UTC;0;964;964,4;963,5;1273,6;20,4;16,5;21,2;19,9;17,2;16,1;82;79;81;65;11,2;5,5;
2026/04/06;1600 UTC;0;963;963,5;962,3;1228,9;20,9;17,1;21,5;20,4;17,6;16,7;83;77;81;69;12,1;6,6;
2026/04/06;1700 UTC;0;962,3;962,5;962,1;1032,9;21,1;17,7;21,4;20,8;18,1;17,1;86;79;83;85;10,4;4,9;
2026/04/06;1800 UTC;0;962;962,1;961,9;748,4;20,7;18;21;20,5;18,4;17,8;88;85;87;80;9,6;5;
2026/04/06;1900 UTC;0;961,6;962;961;537,9;20,5;18;21;20,1;18,2;17,8;89;85;88;79;10,7;6,3;
2026/04/06;2000 UTC;0;961,1;961,3;960,9;235,4;19,8;17,9;20,1;19,5;18,1;17,8;92;89;91;77;9,7;5,9;
2026/04/06;2100 UTC;0;960,6;960,9;960,4;60,9;19,5;18,2;19,5;19,5;18,4;18;94;92;93;81;10,7;6,2;
2026/04/06;2200 UTC;0;960,9;961,2;960,6;1,9;19,6;18,5;19,7;19,5;18,7;18,4;95;94;94;66;9,8;4,9;
2026/04/06;2300 UTC;0;960,9;961,1;960,5;0;19,7;18,7;19,8;19,6;18,8;18,6;96;95;95;70;11,8;5,7;
2026/04/07;0000 UTC;0;960,9;961,2;960,7;0;19,9;18,9;20;19,8;19;18,7;95;95;95;69;12,8;6,7;
2026/04/07;0100 UTC;0;960,4;961;959,4;0;19,8;19,4;20;19,8;19,6;19,1;99;96;98;84;13;6;
2026/04/07;0200 UTC;0;959,9;960,2;959,2;0;19,8;19,8;19,8;19,8;19,9;19,6;100;99;100;61;11,9;5;
2026/04/07;0300 UTC;,2;959,8;960,1;959,4;0;19,9;19,9;19,9;19,8;19,9;19,8;100;100;100;58;10,6;5,6;
2026/04/07;0400 UTC;0;958,9;959,5;958,6;0;19,9;19,7;19,9;19,9;19,8;19,7;100;99;99;63;10,4;5,7;
2026/04/07;0500 UTC;0;958,5;958,8;958,2;0;19,9;19,8;19,9;19,9;19,9;19,7;100;99;99;39;10;4,9;
2026/04/07;0600 UTC;,6;959;959,3;958,8;0;19,8;19,7;19,9;19,7;19,8;19,7;100;99;100;64;6,2;3,5;
2026/04/07;0700 UTC;1,6;958,5;959,3;957,6;0;19,7;19,8;19,7;19,7;19,8;19,7;100;100;100;63;7,7;4,7;
2026/04/07;0800 UTC;,6;957,3;957,7;956,8;0;19,6;19,7;19,7;19,6;19,7;19,7;100;100;100;66;7,2;3,6;
2026/04/07;0900 UTC;3,8;957,6;957,8;957,4;0;19,5;19,6;19,6;19,5;19,7;19,5;100;100;100;48;5,2;3,1;
2026/04/07;1000 UTC;3,4;956,1;957,5;955,6;0;19,3;19,4;19,5;19,2;19,5;19,3;100;100;100;58;6,9;3,4;
2026/04/07;1100 UTC;,4;955,2;955,6;954,5;76,3;19,3;19,4;19,5;19,3;19,5;19,3;100;100;100;42;11,2;6,3;
2026/04/07;1200 UTC;0;955,7;955,9;955,4;183,1;19,5;19,5;19,5;19,4;19,5;19,3;100;99;100;145;14,2;7,3;
2026/04/07;1300 UTC;,4;956;956,2;955,7;244,1;19,3;19,3;19,4;19,2;19,4;19,2;100;99;100;311;12,6;7,1;
2026/04/07;1400 UTC;0;955,7;956;955,4;397,3;19,3;19,2;19,3;19,2;19,3;19;100;99;100;312;11;6,2;
2026/04/07;1500 UTC;0;954,6;955,3;954,3;567,1;19,4;18,9;19,5;19,2;19,1;18,8;99;97;98;314;12,8;6,6;
2026/04/07;1600 UTC;,4;954,4;954,7;954;397,5;19,1;18,9;19,2;19;19;18,7;100;98;99;317;11,2;5,7;
2026/04/07;1700 UTC;1,2;953,9;954,2;953,8;245,8;19;19;19,1;18,9;19,1;18,9;100;100;100;309;9,5;5,2;
2026/04/07;1800 UTC;4;953;954,1;951,9;254,2;18,8;18,8;18,9;18,7;18,9;18,7;100;100;100;65;9,1;5,4;
2026/04/07;1900 UTC;1;950,8;952;948,3;326,9;18,8;18,8;18,8;18,5;18,9;18,5;100;100;100;43;14,9;6,8;
2026/04/07;2000 UTC;0;949,8;950,5;948;215,2;18,8;18,7;18,9;18,5;18,9;18,4;100;99;99;257;5,1;2,7;
2026/04/07;2100 UTC;0;950;950,3;949,7;66,5;19,1;19;19,2;18,9;19,2;18,9;100;99;100;272;9,6;4,5;
2026/04/07;2200 UTC;0;949,7;949,8;949,4;8,1;19,2;19,2;19,2;19,1;19,2;19,2;100;100;100;300;8,6;4,8;
2026/04/07;2300 UTC;0;949,4;949,7;949,2;0;19,1;19,2;19,1;19,1;19,2;19,2;100;100;100;318;10,7;5,8;
2026/04/08;0000 UTC;,4;949,9;950,1;949,6;0;19,2;19,2;19,2;19;19,3;19;100;100;100;316;10,7;6,9;
2026/04/08;0100 UTC;,2;949,8;950;949,4;0;19;18,9;19;19;19;18,8;100;99;100;313;12,1;8,3;
2026/04/08;0200 UTC;0;949,7;949,9;949,5;0;18,8;18,7;19;18,7;18,9;18,5;100;99;99;307;13;7,5;
2026/04/08;0300 UTC;0;949,7;949,9;949,6;0;18,5;18,3;18,7;18,4;18,5;18;99;98;99;303;12,4;8,4;
2026/04/08;0400 UTC;0;949,6;949,9;949,3;0;18,1;17,8;18,4;17,8;18,1;17,7;100;98;98;297;12,4;7,6;
2026/04/08;0500 UTC;,2;949,2;949,5;949;0;17,6;17,4;17,8;17,3;17,8;16,8;100;97;99;299;13,2;8,5;
2026/04/08;0600 UTC;0;949;949,2;948,7;0;17,2;16,4;17,4;17,1;16,9;16;98;94;96;299;16,5;10,5;
2026/04/08;0700 UTC;0;949;949,2;948,6;0;17;16;17,2;16,9;16,2;15,8;95;94;95;300;14,9;8,9;
2026/04/08;0800 UTC;0;948,8;949,2;948,5;0;16,4;15,8;16,8;16,2;16;15,5;98;96;97;305;17,9;11;
2026/04/08;0900 UTC;0;948,8;949,2;948,4;0;16,3;15,4;16,4;16,2;15,6;15,4;96;95;96;302;15,7;10,2;
2026/04/08;1000 UTC;0;949,5;950;949;,7;16,2;15,5;16,3;16;15,7;15,4;98;95;97;292;16,5;8,6;
2026/04/08;1100 UTC;0;950,6;951,3;949,7;89,7;16,4;15,4;16,5;16,3;15,5;15,3;96;95;95;281;13,8;7,7;
2026/04/08;1200 UTC;0;951,2;951,8;950,6;867,2;17;15,2;17,7;16,3;15,6;14,9;96;86;91;280;15,5;7,7;
2026/04/08;1300 UTC;0;952,1;952,6;951,4;846,7;17,3;15,1;17,7;16,8;15,6;14,7;94;86;89;287;13,7;8;
2026/04/08;1400 UTC;0;952,9;953,4;952,3;987,3;17,3;15,5;17,5;16,9;15,7;15,3;93;89;91;283;11,6;7,3;
2026/04/08;1500 UTC;0;953,7;954,1;953,3;1122,4;17,8;16;18,5;17,2;16,5;15,5;94;86;91;278;11,3;6,1;
2026/04/08;1600 UTC;0;954;954,4;953,7;1335,3;19;15,8;19,9;18,3;16,3;15,2;89;77;84;249;13,2;6,1;
2026/04/08;1700 UTC;0;953,9;954,1;953,7;1813,3;20,2;15,7;21,3;19;16,1;15,1;84;72;77;243;10,9;4,9;
2026/04/08;1800 UTC;,2;954;954,3;953,8;1525,8;19,9;16,1;20,6;19,2;16,8;15,3;86;75;81;247;11,1;5;
2026/04/08;1900 UTC;2;954,4;954,7;954,2;987,7;18,6;17,1;19,3;17,8;17,5;16,8;97;89;93;251;8,3;3,3;
2026/04/08;2000 UTC;,2;954,7;954,9;954,6;925,5;18,8;17,1;19,5;18;17,7;16,4;96;89;92;246;7,3;4;
2026/04/08;2100 UTC;0;955,2;955,6;954,9;179,2;18,2;16,8;18,4;18;17,1;16,5;94;91;93;249;7,9;3,6;
2026/04/08;2200 UTC;0;955,9;956,3;955,5;6,6;17,8;16,7;18,2;17,5;16,8;16,6;96;93;94;251;8,9;3,7;
2026/04/08;2300 UTC;0;956,6;957,1;956,3;0;17,4;16,6;17,6;17,2;16,7;16,5;97;95;96;236;8,4;4,1;
2026/04/09;0000 UTC;2,4;957,6;957,9;957;,1;15,6;15,3;17;15,2;16,3;15;100;94;98;223;7,1;3,1;
2026/04/09;0100 UTC;0;958,1;958,2;957,9;0;15,8;15,7;15,9;15,4;15,9;15,3;100;99;100;207;6,5;4;
2026/04/09;0200 UTC;0;958,1;958,3;957,9;0;15,5;15,6;15,9;15,3;15,9;15,4;100;100;100;206;7,4;4,5;
2026/04/09;0300 UTC;0;958,3;958,4;958,2;0;15,3;15,3;15,4;15,1;15,4;15,2;100;100;100;200;7,1;4,3;
2026/04/09;0400 UTC;0;958,2;958,4;958,1;0;15;15,1;15,1;14,8;15,2;14,8;100;100;100;212;7,9;5;
2026/04/09;0500 UTC;0;958,5;958,6;958,3;0;14,6;14,7;14,8;14,4;14,8;14,5;100;100;100;212;11,1;5,6;
2026/04/09;0600 UTC;0;958,4;958,6;958,3;0;14,3;14,3;14,5;14,2;14,5;14,2;100;100;100;202;8,2;4,4;
2026/04/09;0700 UTC;0;958,5;958,6;958,3;0;14,1;14,1;14,2;13,9;14,2;13,9;100;100;100;206;10,2;6;
2026/04/09;0800 UTC;0;958,8;959,1;958,5;0;13,9;13,9;13,9;13,8;14;13,9;100;100;100;205;8;4,3;
2026/04/09;0900 UTC;0;959,5;959,9;959,1;0;13,8;13,8;13,8;13,7;13,9;13,8;100;100;100;208;8,9;4,4;
2026/04/09;1000 UTC;0;960,4;961;959,9;,9;13,6;13,7;13,7;13,5;13,8;13,6;100;100;100;206;7;3,8;
2026/04/09;1100 UTC;0;961,4;961,9;960,9;121,1;13,6;13,6;13,8;13,5;13,7;13,5;100;98;100;231;6,2;2,9;
2026/04/09;1200 UTC;0;962,2;962,6;961,8;346;14,1;13,5;14,4;13,8;13,8;13,4;98;96;97;223;6,6;3,6;
2026/04/09;1300 UTC;0;962,7;962,9;962,5;713,5;14,9;13,5;15,7;14,4;13,7;13,2;96;88;93;225;6,6;3,6;
2026/04/09;1400 UTC;0;963;963,1;962,8;1702,7;16,6;13,5;17,6;15,7;14,1;12,9;89;78;84;220;6,1;3,3;
2026/04/09;1500 UTC;0;963;963;962,9;2293,9;18;13,3;18,7;17,1;14,2;12,7;82;72;77;213;8,6;3,6;
2026/04/09;1600 UTC;0;962,7;962,9;962,5;2162,9;18,8;13,4;19,7;17,9;14;12,7;76;67;73;220;7,7;3,2;
2026/04/09;1700 UTC;0;962,2;962,5;961,9;2678,5;19,8;12,8;20,5;19;13,4;12;71;61;65;221;6,4;3,3;
2026/04/09;1800 UTC;0;961,7;961,9;961,6;2164,5;20,1;12,3;20,7;19;13;11,3;67;54;61;231;6,2;3,4;
2026/04/09;1900 UTC;0;961,6;961,7;961,5;2035,4;20,5;12,2;20,8;20,3;12,7;11,6;62;55;58;206;7,2;3,3;
2026/04/09;2000 UTC;0;961,7;962;961,6;1074,3;19,7;12,8;20,6;18,5;13,9;11,8;76;58;66;185;6,1;4,1;
2026/04/09;2100 UTC;0;962,1;962,2;961,9;385,6;18;12,8;18,5;17,3;13,4;12,2;76;72;74;188;5,5;3,4;
2026/04/09;2200 UTC;0;962,3;962,5;962,1;5,3;16,5;12,5;17,3;16,1;12,7;12,1;83;75;80;184;4,3;2,7;
2026/04/09;2300 UTC;0;962,7;962,8;962,5;0;15,6;12,4;16,1;15;12,7;12,2;87;82;84;163;4,3;3,3;
2026/04/10;0000 UTC;0;963,2;963,4;962,8;0;14,5;12,5;15;13,9;12,9;12,4;94;87;90;129;5,1;3,8;
2026/04/10;0100 UTC;0;963,4;963,6;963,3;0;14;13;14,2;13,7;13,1;12,8;96;94;95;145;4,3;3;
2026/04/10;0200 UTC;0;963,8;963,9;963,6;0;13,4;12,6;13,7;13,1;12,9;12,4;97;96;96;156;4;3,1;
2026/04/10;0300 UTC;0;963,9;964;963,8;0;13;12,3;13,1;12,9;12,6;11,6;98;93;96;162;3,4;2,8;
2026/04/10;0400 UTC;0;963,9;964;963,8;0;12,9;11,5;13;12,8;11,8;11,3;94;92;93;162;4,3;3,3;
2026/04/10;0500 UTC;0;963,9;963,9;963,8;0;12,4;11,5;12,7;12;11,6;11,3;97;93;95;144;3,6;2,9;
2026/04/10;0600 UTC;0;963,9;964;963,8;0;12,1;11,4;12,4;11,9;11,8;11,1;98;96;97;157;4,2;2,9;
2026/04/10;0700 UTC;0;963,7;963,9;963,5;0;12,5;11,8;12,7;12,2;12,2;11,6;99;96;97;156;3,3;2,8;
2026/04/10;0800 UTC;0;963,7;963,7;963,5;0;12,2;11,7;12,4;12,1;11,9;11,5;98;97;98;208;3,6;2,8;
2026/04/10;0900 UTC;0;964,1;964,4;963,7;0;12,2;12;12,4;12;12,2;11,6;100;98;99;211;3,4;2,4;
2026/04/10;1000 UTC;,2;964,6;965;964,4;2,6;12;12;12,2;11,8;12,2;11,7;100;99;100;242;2,6;1,5;
2026/04/10;1100 UTC;0;965,3;965,8;965;172,3;12,5;12,3;13;12,2;12,5;12,1;100;96;99;243;2,3;1,5;
2026/04/10;1200 UTC;0;966;966,2;965,8;921,9;13,9;12,2;15;13;12,8;11,9;96;87;92;209;2,5;1,4;
2026/04/10;1300 UTC;0;966,3;966,4;966,2;1964,6;16;11,9;17,1;15,1;13,2;10,7;89;71;79;189;3,5;1,8;
2026/04/10;1400 UTC;0;966,4;966,5;966,4;2469,6;17,8;11,6;19;16,7;12,8;10,4;76;61;69;212;4,6;1,9;
2026/04/10;1500 UTC;0;966,3;966,4;966,1;2908,7;18,8;9,3;19,3;18,1;11,3;8;65;46;52;245;6,2;2,4;
2026/04/10;1600 UTC;0;965,9;966,2;965,7;3018,7;19,5;8,9;19,8;18,9;9,9;7,4;53;39;47;227;4,8;2,1;
2026/04/10;1700 UTC;0;965,3;965,7;965;2887;19,9;9,6;20,4;19,4;11,1;8,3;55;42;48;163;5,9;3,2;
2026/04/10;1800 UTC;0;964,8;965;964,6;2502,1;20,2;9,9;20,6;19,8;11,1;8,4;54;42;49;157;6,1;3;
2026/04/10;1900 UTC;0;964,6;964,7;964,5;1903,5;20,4;10,4;21;19,8;11,5;9,5;55;46;50;169;5,5;2,4;
2026/04/10;2000 UTC;0;964,5;964,6;964,5;1134,1;19,7;10,3;20,1;19,1;11,2;9,3;56;50;53;144;5,2;3,4;
2026/04/10;2100 UTC;0;964,5;964,5;964,4;365,3;17,9;9,6;19,2;15,9;10,4;8,6;69;50;58;127;4,8;3,6;
2026/04/10;2200 UTC;0;964,7;965;964,4;2,8;15,3;8,7;15,8;14,9;9,6;8,1;69;63;67;110;4,8;3,8;
2026/04/10;2300 UTC;0;965,2;965,5;965;0;14,8;8,5;15;14,7;11,1;7,1;82;61;68;114;6,9;4,9;
2026/04/11;0000 UTC;0;965,6;965,7;965,4;0;14,3;11,5;14,7;14,1;12,3;11,1;90;82;86;103;6,6;4,7;
2026/04/11;0100 UTC;0;965,6;965,7;965,6;0;14,2;12,7;14,3;14;12,9;12,4;94;91;93;93;7,1;5,4;
2026/04/11;0200 UTC;0;965,7;965,7;965,5;0;14;13,2;14;13,9;13,6;12,9;98;95;96;95;7,3;5,4;
2026/04/11;0300 UTC;0;965,5;965,6;965,5;0;14,1;13,9;14,4;13,9;14,4;13,6;100;98;99;90;7,1;4,6;
2026/04/11;0400 UTC;0;965,5;965,6;965,4;0;14,3;14,4;14,5;14,2;14,5;14,2;100;100;100;93;6,3;4,2;
2026/04/11;0500 UTC;0;965,4;965,4;965,3;0;14,4;14,5;14,6;14,3;14,6;14,3;100;100;100;98;5,1;3,1;
2026/04/11;0600 UTC;0;965,1;965,4;965;0;14,4;14,4;14,6;14,3;14,7;14,3;100;100;100;80;3,9;2,4;
2026/04/11;0700 UTC;0;964,9;965;964,7;0;14,3;14,4;14,4;14,3;14,4;14,3;100;100;100;67;4,4;2,2;
2026/04/11;0800 UTC;0;964,7;964,8;964,6;0;14,1;14,1;14,3;13,8;14,4;13,9;100;100;100;61;5,2;3,1;
2026/04/11;0900 UTC;0;964,7;964,9;964,5;0;13,9;13,9;13,9;13,8;14;13,9;100;100;100;65;6,4;4,1;
2026/04/11;1000 UTC;0;965;965,1;964,8;2,3;13,8;13,9;13,9;13,8;13,9;13,7;100;100;100;61;6,2;3,5;
2026/04/11;1100 UTC;0;965,1;965,2;964,8;150,1;14,4;13,8;15,3;13,8;14,1;13,7;100;93;97;67;6,5;3,3;
2026/04/11;1200 UTC;0;965,3;965,4;965,2;966,1;16,3;14,4;17,3;15,4;14,8;13,9;94;86;90;76;8,2;4,9;
2026/04/11;1300 UTC;0;965,6;965,6;965,4;1893,7;18,4;14,6;19,1;17,3;15;13,8;88;76;81;76;8,3;5,2;
2026/04/11;1400 UTC;0;965,6;965,7;965,4;2585,5;20;15;20,9;19;15,9;14,3;80;72;75;71;7,6;4,1;
2026/04/11;1500 UTC;0;965,4;965,6;965;2724,2;21,5;15,4;22,1;20,9;16,2;14,8;75;65;70;79;8,3;4,7;
2026/04/11;1600 UTC;0;964,6;965,1;964,1;2945,4;22,3;15,8;22,7;21,9;16,4;15,2;71;64;67;82;8,8;4,7;
2026/04/11;1700 UTC;0;963,8;964,2;963,4;2797,3;23,1;15,9;23,3;22,6;16,8;15,2;68;60;64;81;8,4;4,3;
2026/04/11;1800 UTC;0;963,2;963,4;962,9;2428,1;23,2;15,8;23,7;22,9;16,6;15,2;66;61;63;71;8,2;4,8;
2026/04/11;1900 UTC;0;962,9;963;962,8;1823,2;23,3;15,7;23,7;23;16,4;15,2;66;59;62;58;7,3;4,2;
2026/04/11;2000 UTC;0;962,7;962,8;962,6;1084,5;22,9;15,5;23,5;22,3;16,2;14,8;65;60;63;65;7,5;3,7;
2026/04/11;2100 UTC;0;962,8;962,9;962,7;327,5;21,5;14,7;22,7;20,5;15,5;14,1;70;62;66;67;8,8;4,2;
2026/04/11;2200 UTC;0;962,8;962,9;962,6;2,4;19,8;14,6;20,4;19,3;14,9;14,4;77;70;74;71;9,4;5,4;
2026/04/11;2300 UTC;0;962,8;962,9;962,7;0;18,9;15,5;19,3;18,5;16;14,8;87;78;83;71;11;6,2;
2026/04/12;0000 UTC;0;963;963,4;962,7;0;18,3;16,4;18,5;18,1;16,8;16;93;87;91;62;11,1;5,2;
2026/04/12;0100 UTC;0;963,1;963,3;962,8;0;18,3;17,2;18,3;18,2;17,4;16,9;96;93;95;73;10,9;6,1;
2026/04/12;0200 UTC;0;963,1;963,3;962,9;0;18,4;17,5;18,4;18,3;17,6;17,4;96;95;96;54;9,7;4,8;
2026/04/12;0300 UTC;0;963,2;963,6;962,9;0;18,4;17,6;18,6;18,3;17,8;17,3;97;94;96;67;7,5;4,5;
2026/04/12;0400 UTC;,2;962,7;963,1;962,3;0;18,2;17,9;18,4;18,1;18;17,8;99;97;98;58;7,8;4,2;
2026/04/12;0500 UTC;0;962,7;962,9;962,3;0;18,1;18;18,2;18;18,1;17,9;100;99;99;51;6,2;4,1;
2026/04/12;0600 UTC;0;962,2;962,9;961,7;0;18,1;17,6;18,3;18;18;17,3;100;95;98;71;7,6;4,9;
2026/04/12;0700 UTC;0;962;962,5;961,2;0;18,1;17,6;18,2;17,9;17,8;17,3;99;96;98;108;7,3;4,7;
2026/04/12;0800 UTC;0;961,6;962,1;960,5;0;17,9;17,4;18,1;17,7;17,6;17,3;99;96;98;132;9;5,4;
2026/04/12;0900 UTC;0;961,9;962,6;961,7;0;17,9;17,4;18;17,7;17,5;17,3;98;97;98;249;9,6;5,3;
2026/04/12;1000 UTC;0;962;963,3;960,3;0;17,9;17,4;17,9;17,8;17,6;17,4;98;97;98;202;15;6,1;
2026/04/12;1100 UTC;0;963,9;964,1;963,4;48,5;18,1;17,5;18,2;17,9;17,7;17,4;99;96;97;292;6,7;3,9;
2026/04/12;1200 UTC;0;963,8;964;963,7;335,2;18,3;17,2;18,3;18,2;17,5;16,9;96;93;95;82;9,4;5,6;
2026/04/12;1300 UTC;0;963,6;963,8;963,3;698,3;18,3;16,9;19,3;18;17,2;16,7;95;88;93;81;9,4;5,1;
2026/04/12;1400 UTC;0;963,1;963,5;963;2095,7;19,8;16,9;21,3;19,2;17,5;16,7;88;80;85;191;11;6;
2026/04/12;1500 UTC;0;962,8;963,1;962,5;2907,9;22;17,4;22,9;20,9;18,1;16,9;82;72;77;273;9,9;6,2;
2026/04/12;1600 UTC;0;962,3;962,6;962;2719,2;23,1;17,5;23,7;22,6;18;17;75;69;72;293;9,3;5,6;
2026/04/12;1700 UTC;0;961,6;961,9;961,5;1552,5;22,9;17,6;23,6;21,9;18,1;17,2;77;70;74;319;10,4;6,1;
2026/04/12;1800 UTC;0;961,2;961,5;961;1284,9;22,6;17,6;24,3;21,8;18,2;17,1;78;68;75;318;8,1;4,8;
2026/04/12;1900 UTC;0;961,3;961,4;961,1;297,2;20,7;17,4;21,8;20,1;17,5;17,2;87;78;83;317;9,6;5,7;
2026/04/12;2000 UTC;0;961,3;961,4;961,2;330,9;19,9;17,3;20,1;19,8;17,4;17,2;88;86;87;320;8,5;5,1;
2026/04/12;2100 UTC;0;961,4;961,7;961,2;120,2;19,8;17,5;20;19,5;17,6;17,3;91;86;89;318;7,5;4,7;
2026/04/12;2200 UTC;0;961,9;962,2;961,6;2,2;19,4;17,5;19,5;19,4;17,6;17,3;91;90;90;313;7,2;4,5;
2026/04/12;2300 UTC;0;962,5;962,7;962,2;0;19,2;17,5;19,4;18,9;17,8;17,3;94;90;92;327;6,8;4,3;
2026/04/13;0000 UTC;0;962,6;962,7;962,4;0;18,9;17,7;19;18,9;17,8;17,6;95;93;94;330;5,8;3,8;
2026/04/13;0100 UTC;0;962,6;962,7;962,5;0;19;17,6;19,1;18,9;17,8;17,5;94;93;93;320;6,6;4,6;
2026/04/13;0200 UTC;0;962,7;962,8;962,6;0;18,9;17,9;19;18,7;18,1;17,8;96;94;95;326;6,4;4,3;
2026/04/13;0300 UTC;0;962,5;962,6;962,5;0;18,9;17,8;19;18,7;18;17,7;97;94;95;323;6;3;
2026/04/13;0400 UTC;0;962,5;962,6;962,3;0;19,1;17,6;19,1;19;17,8;17,5;94;92;93;335;4,2;3,2;
2026/04/13;0500 UTC;0;962,5;962,6;962,3;0;19;17,4;19,2;18,7;17,6;17,3;93;91;92;329;2,7;2;
2026/04/13;0600 UTC;0;962,4;962,5;962,3;0;19,1;17,6;19,3;18,9;17,7;17,4;94;91;93;334;3,1;2,1;
2026/04/13;0700 UTC;0;962,1;962,4;962;0;19;17,5;19,4;18,7;17,7;17,3;94;90;92;328;2,3;1,6;
2026/04/13;0800 UTC;0;962,2;962,3;962;0;18,4;17,3;18,7;18;17,4;17,1;97;93;95;343;2,2;1,7;
2026/04/13;0900 UTC;0;962,3;962,4;962,2;0;18,8;17,3;19,1;18,4;17,5;17,2;95;91;93;157;1,8;1,5;
2026/04/13;1000 UTC;0;962,6;963;962,3;1,2;18,5;17,5;18,9;18,3;17,8;17,2;97;93;95;196;1,5;,9;
2026/04/13;1100 UTC;0;963;963,1;962,7;133,3;18,8;17,9;19,1;18,6;18,3;17,7;97;95;96;142;2,8;2,2;
2026/04/13;1200 UTC;0;963,5;964;963;467,9;19,3;18,4;19,7;18,9;18,8;18,1;97;94;96;179;2,7;1,7;
2026/04/13;1300 UTC;0;964,2;964,5;964;850,8;20,4;18,4;20,8;19,8;18,9;18;95;87;90;164;4,2;2,6;
2026/04/13;1400 UTC;0;964,5;964,6;964,4;1577,6;21,8;18,5;23,2;20,7;19,5;17,9;90;76;83;121;3,9;2,4;
2026/04/13;1500 UTC;0;964,4;964,5;964,2;2013;23;18,8;24,9;22,3;19,6;18;85;73;79;140;6,1;3,7;
2026/04/13;1600 UTC;0;964,1;964,3;963,8;2167;23,7;18,6;25,2;22,3;19,5;17,9;81;69;75;113;6;3,2;
2026/04/13;1700 UTC;0;963,5;963,8;963,2;2014,7;24,5;18,4;25,6;23,5;19,5;17,1;73;65;70;126;6,7;4,6;
2026/04/13;1800 UTC;0;963,2;963,3;963;1024,2;23,3;18,4;24,5;22,8;18,8;18,1;80;70;75;123;7,5;5;
2026/04/13;1900 UTC;0;963;963,1;962,8;1160,4;23,1;18,4;24,2;22;18,9;18,1;82;70;77;133;9,5;5,6;
2026/04/13;2000 UTC;0;962,6;962,8;962,5;519,8;21,6;18,2;22,1;20,9;18,4;18;87;80;83;121;7,9;5,4;
2026/04/13;2100 UTC;0;962,8;963,1;962,6;174,8;20,6;18,4;20,9;20;18,6;18,2;92;87;89;123;7,5;4,9;
2026/04/13;2200 UTC;0;963;963,1;962,9;1,5;19,5;18,2;20;19,2;18,4;18,1;96;92;94;109;7,9;5,8;
2026/04/13;2300 UTC;0;963,2;963,5;963;0;19;18,3;19,3;18,8;18,4;18,2;97;95;96;109;7,9;5,7;
2026/04/14;0000 UTC;0;963,7;963,8;963,5;0;18,6;18,2;18,8;18,6;18,2;18,1;98;97;98;118;8,8;6;
2026/04/14;0100 UTC;0;964,1;964,3;963,9;0;18,5;18,2;18,6;18,5;18,3;18,1;99;98;98;120;6,4;4,1;
2026/04/14;0200 UTC;0;964,1;964,3;964;0;18,4;18,3;18,6;18,3;18,3;18,2;100;98;99;109;8,4;5,1;
2026/04/14;0300 UTC;0;963,8;964,1;963,6;0;18,2;18,2;18,3;18;18,3;18;100;100;100;99;7,4;4,6;
2026/04/14;0400 UTC;0;963,3;963,8;963;0;18,1;18,1;18,2;18,1;18,2;18,1;100;100;100;96;8,2;4,4;
2026/04/14;0500 UTC;0;962,7;963;962,5;0;18,2;18,2;18,2;18,1;18,2;18,2;100;100;100;93;6,9;4,1;
2026/04/14;0600 UTC;0;962,6;962,7;962,4;0;18,3;18,2;18,4;18,2;18,4;18,1;100;100;100;97;5,7;3,4;
2026/04/14;0700 UTC;0;962,2;962,5;961,9;0;18,6;18,6;18,8;18,4;18,8;18,4;100;100;100;103;7,9;4,6;
2026/04/14;0800 UTC;0;961,8;962,2;961,4;0;18,8;18,9;18,9;18,7;19;18,8;100;100;100;90;8;4,4;
2026/04/14;0900 UTC;0;961,3;961,5;961,2;0;18,7;18,8;18,9;18,3;19;18,4;100;100;100;67;7,8;4;
2026/04/14;1000 UTC;0;961,6;961,9;961,4;1,1;18,2;18,1;18,3;18;18,4;17,8;100;99;100;57;6,4;3,1;
2026/04/14;1100 UTC;0;961,9;962,2;961,8;145,3;18,2;18;18,6;18;18,2;17,8;99;98;99;51;6,8;3,2;
2026/04/14;1200 UTC;0;962,5;962,7;962,2;584,8;19,2;18,3;20,4;18,6;18,7;18,1;98;88;96;51;6,6;3,9;
2026/04/14;1300 UTC;0;962,9;963,1;962,7;1211,5;20,8;18,3;21,8;20,2;18,8;17,8;91;83;87;50;6,5;2,9;
2026/04/14;1400 UTC;0;962,6;962,9;962,3;1964,8;22,8;18,7;23,2;21,9;19,5;18,1;84;76;80;53;7,4;3,6;
2026/04/14;1500 UTC;0;961,8;962,3;961,4;2545,6;24,2;19,2;24,9;22,8;20,4;18,5;81;72;75;81;7,8;3,3;
2026/04/14;1600 UTC;0;961,2;961,4;960,9;2498,1;24,7;19,6;25,5;24;20,3;19;79;70;74;61;5,8;3,1;
2026/04/14;1700 UTC;0;960,2;960,9;959,9;2715,4;25,9;19,9;26,5;25;20,6;19;75;66;70;81;5,3;3,5;
2026/04/14;1800 UTC;0;959,7;959,8;959,5;1009;24,5;19,6;25,3;23,8;20,2;19,1;79;70;76;95;6,5;3,5;
2026/04/14;1900 UTC;0;959,8;959,9;959,7;1452,9;24,8;20,4;25,7;23,9;21,2;19,3;82;75;78;109;7,8;4,7;
2026/04/14;2000 UTC;0;960;960,1;959,9;535,8;23,2;20,2;24;22,2;20,6;19,7;88;82;85;97;7,3;4;
2026/04/14;2100 UTC;0;960,2;960,3;960,1;173,9;21,6;19,2;22,1;21;19,6;18,5;89;87;88;103;7,7;5,1;
2026/04/14;2200 UTC;0;960;960,3;959,7;1,7;20,5;18,7;21;20,2;19,2;18,6;95;88;91;92;9,5;5,7;
2026/04/14;2300 UTC;0;959,6;960;959,4;0;20,5;19,8;20,7;20,2;20,1;19,2;97;95;96;81;10,1;6,3;
2026/04/15;0000 UTC;0;959,7;960;959,4;0;20,7;19,8;20,8;20,5;19,9;19,6;97;95;96;76;11,3;6,4;
2026/04/15;0100 UTC;0;959,5;959,8;959,3;0;20,5;19,5;20,6;20,3;19,8;19,3;96;94;95;77;10,3;5,8;
2026/04/15;0200 UTC;0;959,9;960;959,7;0;20;19,1;20,3;19,7;19,3;18,9;96;95;96;74;8,6;4,8;
2026/04/15;0300 UTC;0;960,2;960,5;959,8;0;19,7;18,9;19,7;19,7;19,1;18,9;97;96;96;80;10,5;5,5;
2026/04/15;0400 UTC;0;960,4;960,5;960,1;0;19,7;19,1;19,7;19,7;19,1;19;97;97;97;81;10,2;5,6;
2026/04/15;0500 UTC;0;960,6;960,8;960,4;0;19,7;19,1;19,8;19,7;19,2;19;97;97;97;79;12,2;6,4;
2026/04/15;0600 UTC;0;960,5;960,8;960,1;0;19,7;19,3;19,8;19,7;19,4;19,2;99;97;98;81;10,2;5,4;
2026/04/15;0700 UTC;0;959,9;960,1;959,6;0;19,6;19,4;19,7;19,6;19,4;19,4;99;99;99;80;10,7;6,1;
2026/04/15;0800 UTC;0;959,7;959,9;959,5;0;19,7;19,3;19,7;19,6;19,4;19,1;99;97;98;75;11,4;6,3;
2026/04/15;0900 UTC;0;959,9;960,1;959,7;0;19,6;19;19,6;19,5;19,1;18,8;97;97;97;73;9,4;5,5;
2026/04/15;1000 UTC;0;960;960,4;959,7;2;19,5;18,7;19,5;19,4;18,9;18,6;97;96;96;67;11,4;4,7;
2026/04/15;1100 UTC;0;960,4;960,6;960,2;127,1;19,5;18,6;19,5;19,4;18,7;18,4;96;95;96;63;8,7;4,4;
2026/04/15;1200 UTC;0;960,5;960,8;960,3;424,9;19,7;18,4;20;19,5;18,6;18,2;95;91;94;59;9,4;4,7;
2026/04/15;1300 UTC;0;960,7;961;960,4;878,3;20,5;18,1;21;20;18,4;17,8;91;85;88;64;9,3;4,4;
2026/04/15;1400 UTC;0;960,7;960,8;960,5;1581,8;21,8;18,1;23,8;20,4;19,4;17,1;89;72;82;42;11,4;5,8;
2026/04/15;1500 UTC;0;960,4;960,6;960;1593,2;22,4;17;22,8;21,5;17,9;16,2;80;68;73;42;10;5,3;
2026/04/15;1600 UTC;0;959,8;960;959,6;1143,2;22,5;16,7;22,7;22,3;17,4;16,2;74;67;71;54;8,4;3,9;
2026/04/15;1700 UTC;0;959,3;959,7;958,7;2032;23,6;17,5;24,9;22,5;18,4;16,4;74;64;70;65;7,8;3,7;
2026/04/15;1800 UTC;0;958,3;958,8;958;1738,9;24,2;17,9;24,9;23,4;18,4;17,3;75;63;69;61;8,4;3,9;
2026/04/15;1900 UTC;0;957,9;958;957,7;1066,4;23,6;18,4;24,1;22,9;19,1;18;78;70;74;76;9,4;5,3;
2026/04/15;2000 UTC;0;957,3;957,6;957,1;662;22,8;18,5;23,1;22,4;18,7;18,2;81;76;78;73;10,8;5,5;
2026/04/15;2100 UTC;0;957,4;957,5;957,2;166,7;21,8;18,5;22,3;21,3;18,7;18,2;85;80;83;71;9,7;5,5;
2026/04/15;2200 UTC;0;957,3;957,5;957,1;,8;21;18,1;21,3;20,6;18,3;18;87;84;86;58;9,6;4,8;
2026/04/15;2300 UTC;0;957,5;957,6;957,1;0;20,3;18,1;20,5;20,1;18,2;18;91;87;89;71;11,1;6,4;
2026/04/16;0000 UTC;0;957,1;957,4;956,9;0;19,9;18,2;20,1;19,7;18,3;18,1;92;91;92;73;11,9;6,8;
2026/04/16;0100 UTC;0;957,2;957,5;957;0;19,5;18,4;19,7;19,3;18,7;18,2;97;93;94;73;13,7;6,5;
2026/04/16;0200 UTC;,2;957,4;957,8;957,2;0;19,2;18,8;19,2;19,1;18,9;18,7;99;97;98;72;11,2;6,3;
2026/04/16;0300 UTC;,4;957,6;957,9;957,4;0;19,4;19;19,5;19,2;19,2;18,8;99;97;98;44;7,5;4,2;
2026/04/16;0400 UTC;,2;957,6;957,8;957,4;0;19,4;19,2;19,5;19,3;19,3;19,1;99;99;99;48;8,5;4,8;
2026/04/16;0500 UTC;,6;957;957,4;956,7;0;19,2;19,2;19,3;19,1;19,2;19,1;100;99;100;61;9,2;4,7;
2026/04/16;0600 UTC;0;956,5;956,8;956,1;0;19;19,1;19,1;19;19,2;19;100;100;100;65;8,8;4,7;
2026/04/16;0700 UTC;0;955,8;956,3;955,4;0;18,9;19;19;18,9;19,1;19;100;100;100;68;9,3;4,6;
2026/04/16;0800 UTC;0;955,4;955,5;955,2;0;19;19;19;18,9;19,1;18,9;100;100;100;58;8,7;4,6;
2026/04/16;0900 UTC;0;955,3;955,5;955,1;0;19;18,9;19;18,9;19;18,8;100;99;100;60;10,8;4,8;
2026/04/16;1000 UTC;,4;955,2;955,4;955;,5;19;19;19;19;19,1;18,9;100;100;100;42;7,9;4,3;
2026/04/16;1100 UTC;2,8;955,5;955,8;955,2;34,5;19,1;19;19,1;19;19,1;18,9;100;100;100;35;10;5,9;
2026/04/16;1200 UTC;1,6;955,7;955,9;955,5;328,7;19,1;18,9;19,2;18,9;19;18,8;100;98;99;45;9,1;5,3;
2026/04/16;1300 UTC;,2;955,8;955,9;955,6;493,3;19,2;19;19,3;19;19,1;18,8;99;98;99;53;8,9;5,1;
2026/04/16;1400 UTC;0;955,6;955,8;955,3;585,6;19,2;18,8;19,6;19;19,2;18,7;99;97;98;60;8,8;5;
2026/04/16;1500 UTC;0;955;955,3;954,7;1048,4;19,6;18,9;20;19,4;19,3;18,7;98;94;96;124;11,8;6;
2026/04/16;1600 UTC;0;954,4;954,8;953,9;1045,5;19,8;18,9;20,3;19,4;19,3;18,7;97;93;96;158;10,5;5,3;
2026/04/16;1700 UTC;0;953,3;953,9;952,8;1208,8;20,6;19,2;21,2;20,1;19,6;19;95;90;93;142;8,7;4,6;
2026/04/16;1800 UTC;0;952,5;952,9;952,3;1233,7;21,5;19,3;22,7;20,9;19,7;19;93;83;89;247;10,5;5,6;
2026/04/16;1900 UTC;0;952,2;952,4;952;676,4;21,5;19,3;22,4;21;19,7;18,9;93;84;89;258;8,8;4,7;
2026/04/16;2000 UTC;0;952;952,1;951,9;461,2;21,8;19,4;22,2;21,2;19,8;18,8;92;85;88;181;6,8;3,6;
2026/04/16;2100 UTC;0;951,9;952;951,8;125,6;20,9;19,5;21,4;20,4;19,7;19,3;95;90;93;101;7,2;3,7;
2026/04/16;2200 UTC;0;952;952,1;951,9;0;20,3;19,7;20,5;20,2;19,8;19,6;98;96;97;320;5,7;3,4;
2026/04/16;2300 UTC;0;952,1;952,3;952;0;20;19,5;20,2;19,8;19,8;19,3;99;97;98;307;6,3;3,3;
2026/04/17;0000 UTC;0;952,4;952,5;952,2;0;19,6;19,1;19,8;19,5;19,3;18,8;98;96;97;322;8,7;5,2;
2026/04/17;0100 UTC;0;952,4;952,5;952,3;0;19,5;19;19,6;19,4;19,1;18,9;99;97;98;324;8,7;5,1;
2026/04/17;0200 UTC;0;952,5;952,6;952,3;0;19,3;19,2;19,4;19,2;19,3;19,1;100;99;100;322;9,8;5,5;
2026/04/17;0300 UTC;,2;952,2;952,4;952;0;19,2;19,2;19,2;19,1;19,2;19,1;100;100;100;316;9,3;5,7;
2026/04/17;0400 UTC;0;952;952,1;951,8;0;19;19;19,1;18,9;19,2;18,8;100;100;100;313;10;6,3;
2026/04/17;0500 UTC;0;952;952,1;951,8;0;18,9;18,9;18,9;18,9;18,9;18,8;100;100;100;315;8,9;5,9;
2026/04/17;0600 UTC;0;951,6;951,8;951,4;0;18,9;18,9;19;18,9;18,9;18,8;100;99;100;316;10,1;6;
2026/04/17;0700 UTC;0;951,2;951,5;950,9;0;18,8;18,7;18,9;18,8;18,8;18,6;99;99;99;314;9,9;6,2;
2026/04/17;0800 UTC;,6;950,9;951;950,7;0;18,7;18,5;18,8;18,6;18,6;18,5;100;99;99;314;9,4;6,3;
2026/04/17;0900 UTC;0;951,4;951,6;951;0;18,5;18,6;18,6;18,5;18,6;18,5;100;100;100;315;9,4;6;
2026/04/17;1000 UTC;,2;951,7;952;951,6;,8;18,4;18,4;18,5;18,3;18,5;18,3;100;100;100;313;7,7;5,3;
2026/04/17;1100 UTC;0;952,2;952,4;952,1;159,4;18,2;18,1;18,4;18,1;18,3;18;100;98;99;312;9,1;6,1;
2026/04/17;1200 UTC;0;952,6;953,1;952,3;415,2;18,5;17,8;18,8;18,4;18,2;17,6;98;95;97;291;10,2;5,5;
2026/04/17;1300 UTC;0;953,2;953,3;953;1333,1;19,2;16,5;20,5;18,4;17,4;15,9;95;79;86;291;10,4;5,8;
2026/04/17;1400 UTC;,2;953,2;953,5;952,9;1643,4;20,4;16,1;20,9;19,7;16,9;15,1;83;75;79;297;9,7;5,8;
2026/04/17;1500 UTC;0;953,3;953,5;953;1208,9;20,1;16,3;20,8;19,6;16,8;15,8;84;78;81;289;7,8;4,2;
2026/04/17;1600 UTC;0;952,6;953;952,4;1597,4;20,8;16,3;21,9;19,7;16,9;15,8;81;72;77;296;11,1;6,1;
2026/04/17;1700 UTC;0;952,3;952,5;952;815,2;19,7;16,1;20,1;19,4;16,3;15,9;84;80;82;296;11,5;6,9;
2026/04/17;1800 UTC;0;952;952,2;951,9;662,5;19,7;16,1;20;19,4;16,3;15,7;84;79;82;291;9,2;5,7;
2026/04/17;1900 UTC;0;952,2;952,3;952;706,5;20,1;16,2;20,5;19,7;16,6;15,8;83;79;81;294;9,6;5,6;
2026/04/17;2000 UTC;0;952,3;952,5;952,1;579,9;20,1;16,2;20,6;19,9;16,4;15,9;82;79;80;302;9,4;6,1;
2026/04/17;2100 UTC;0;952,5;952,7;952,2;128,7;19,5;16,3;20,1;19;16,5;16,1;87;81;84;292;8,6;5,7;
2026/04/17;2200 UTC;0;953;953,3;952,7;,6;18,7;16,5;19;18;17,1;16,3;95;87;89;288;8,8;5,5;
2026/04/17;2300 UTC;0;953,5;953,7;953,3;0;17,9;17,2;18,1;17,8;17,3;17;97;95;96;288;9,5;5,3;
2026/04/18;0000 UTC;0;953,7;953,9;953,5;0;17,9;17,1;18;17,8;17,2;17;97;95;96;281;9,5;5,6;
2026/04/18;0100 UTC;0;954,1;954,3;953,9;0;17,9;17;18;17,8;17,1;16,8;96;94;95;277;8,7;4,3;
2026/04/18;0200 UTC;0;954,1;954,2;953,9;0;17,4;16,8;17,8;17,2;17;16,5;97;96;97;278;8,5;4,3;
2026/04/18;0300 UTC;0;954,2;954,3;953,9;0;17;16,4;17,2;16,8;16,5;16,2;97;96;97;271;8,7;4,1;
2026/04/18;0400 UTC;0;954,2;954,3;954;0;16,5;15,9;16,8;16,3;16,2;15,7;97;96;97;265;8,7;3,6;
2026/04/18;0500 UTC;0;954,3;954,3;954,1;0;16;15,3;16,2;15,9;15,7;14,9;97;95;97;252;9,4;3,4;
2026/04/18;0600 UTC;0;954,2;954,4;954;0;15,8;14,7;15,9;15,7;15;14,4;96;93;95;250;10,3;4,4;
2026/04/18;0700 UTC;0;954;954,1;953,8;0;15,5;14,6;15,9;15,2;14,7;14,4;97;93;96;241;9,1;4,2;
2026/04/18;0800 UTC;0;953,9;954;953,8;0;15,1;14,5;15,2;14,9;14,7;14,4;98;96;97;232;7,8;4,3;
2026/04/18;0900 UTC;0;953,9;954,3;953,7;0;14,9;14,3;15;14,7;14,4;14,2;98;96;97;233;7,6;4,4;
2026/04/18;1000 UTC;0;954,5;954,7;954,3;1,1;14,7;14,2;14,8;14,5;14,3;14,1;98;97;97;222;7,6;4,1;
2026/04/18;1100 UTC;0;954,7;954,9;954,5;76;14,8;14,1;15,4;14,5;14,2;14;98;94;97;224;6,7;3,3;
2026/04/18;1200 UTC;0;955,1;955,5;954,9;1086,3;16,1;13,9;16,9;15,4;14,1;13,6;94;84;89;246;6,6;2,7;
2026/04/18;1300 UTC;0;955,8;956,1;955,5;1862,9;17,8;13,9;18,6;16,8;14,4;13,2;85;76;81;241;5,7;2,8;
2026/04/18;1400 UTC;0;956,1;956,3;956;2389,4;19,4;13,8;20,4;18,3;14,4;13;79;64;72;248;6,3;3,2;
2026/04/18;1500 UTC;0;956,1;956,2;956;2636,9;21,3;13,8;22;20,3;14,5;13,1;68;57;63;240;5,8;2,9;
2026/04/18;1600 UTC;0;955,9;956,1;955,7;2795,3;22,5;14,3;23;21,9;15,1;13,9;63;57;59;231;7,1;3,6;
2026/04/18;1700 UTC;0;955,4;955,7;955,3;2658,8;23,5;14,8;24;22,6;15,5;14,3;61;54;57;245;6,9;2,7;
2026/04/18;1800 UTC;0;955,3;955,4;955,2;2305,2;24,1;15,1;24,6;23,7;15,6;14,4;58;51;55;238;6,3;3,1;
2026/04/18;1900 UTC;0;955,1;955,3;955;1749,3;24,1;14,1;24,5;23,6;15,3;12,9;56;45;50;219;6,5;3,6;
2026/04/18;2000 UTC;0;955,3;955,5;955,1;1036,3;23,6;13,6;24;23,3;14,2;13;53;46;50;231;4,9;2,5;
2026/04/18;2100 UTC;0;955,4;955,5;955,4;277,3;22,6;13,6;23,6;21,4;14,2;13,2;61;49;55;239;4,1;2,4;
2026/04/18;2200 UTC;0;955,8;956;955,5;,5;20,8;13,2;21,4;20,3;13,5;12,9;63;60;62;250;3,2;1,9;
2026/04/18;2300 UTC;0;956,3;956,5;956;0;20,1;13,3;20,4;19,6;13,6;12,9;70;63;66;268;3,2;1,6;
2026/04/19;0000 UTC;0;956,7;957;956,5;0;19,5;14;19,7;19,3;14,1;13,6;74;70;72;271;3,2;1,6;
2026/04/19;0100 UTC;0;957;957,1;956,9;0;19,4;14,3;19,5;19,3;14,4;14,1;75;74;74;256;3,3;1,6;
2026/04/19;0200 UTC;0;957,2;957,3;957,1;0;19,5;14,3;19,6;19,4;14,4;14,3;75;74;74;234;3,3;2,3;
2026/04/19;0300 UTC;0;957,3;957,4;957,2;0;19,1;14,4;19,4;18,9;14,5;14,4;78;75;77;250;2,7;1,7;
2026/04/19;0400 UTC;0;957,1;957,3;957;0;18,8;14,5;19;18,5;14,6;14,4;80;78;79;220;3,7;2,7;
2026/04/19;0500 UTC;0;956,8;956,9;956,8;0;18,7;14,5;18,8;18,5;14,6;14,5;80;79;79;227;3,3;2,4;
2026/04/19;0600 UTC;0;956,7;956,9;956,6;0;18,2;14,5;18,6;17,9;14,5;14,4;83;80;82;205;3,7;2,7;
2026/04/19;0700 UTC;0;956,6;956,8;956,4;0;17,6;14,5;18,2;17;14,6;14,4;88;81;84;216;2,3;1,8;
2026/04/19;0800 UTC;0;956,8;957;956,7;0;17,7;14,5;18;17,1;14,6;14,4;87;83;84;284;1,2;1;
2026/04/19;0900 UTC;0;957,5;957,9;957;0;17,8;14,6;18,2;17,2;14,8;14,5;87;82;84;287;1,1;,7;
2026/04/19;1000 UTC;0;958,3;958,5;957,9;,4;18,3;14,8;18,7;17,9;14,9;14,8;84;81;83;234;1,5;1,1;
2026/04/19;1100 UTC;0;959,1;959,5;958,5;64,6;18,2;14,6;19;17,8;14,8;14,4;85;79;82;286;1,2;,8;
2026/04/19;1200 UTC;0;959,9;960,3;959,5;856,5;19,9;14,6;20,6;19;15;14,2;79;69;74;217;2,4;1,2;
2026/04/19;1300 UTC;0;960,5;960,7;960,4;1648;21;15,2;21,8;20,4;16,1;14,3;74;67;71;196;3;1,8;
2026/04/19;1400 UTC;0;960,7;960,8;960,6;2229,1;22,4;15,8;23;21,8;16,3;15,2;70;63;67;176;5,2;2,8;
2026/04/19;1500 UTC;0;960,6;960,8;960,5;2598,1;23,2;15,4;24,1;22,6;17,3;14,3;66;55;61;180;5;2,5;
2026/04/19;1600 UTC;0;960,3;960,5;960;2759;24;15;24,5;23,6;16,3;14,2;62;51;55;187;4,5;2,6;
2026/04/19;1700 UTC;0;959,7;960;959,4;2615,1;24,7;15,4;25,1;24,1;16,7;14,5;59;49;53;135;4,9;2,2;
2026/04/19;1800 UTC;0;959,2;959,4;959,1;2272,9;25,2;15,1;25,5;25;15,8;14,1;53;45;50;132;3,5;2;
2026/04/19;1900 UTC;0;959;959,1;958,9;1699,1;25,1;15,7;25,5;24,8;16,5;15;56;49;53;137;4,9;3,2;
2026/04/19;2000 UTC;0;959,4;959,7;959,1;992,5;24,3;14,9;24,9;23,8;15,7;14,3;57;50;53;139;4,7;3;
2026/04/19;2100 UTC;0;960;960,3;959,7;241,6;22,5;14,4;23,8;20,8;15,2;13,5;64;53;60;104;2,5;1,9;
2026/04/19;2200 UTC;0;960,5;960,7;960,3;0;20,1;13,9;21;19,5;14,6;13,5;74;63;69;94;4,1;3,4;
2026/04/19;2300 UTC;0;960,9;961,3;960,6;0;19,1;15,6;20,1;18,3;16,1;13,9;89;70;83;78;6,7;4,7;
2026/04/20;0000 UTC;0;961,2;961,3;961,1;0;18;15,7;18,3;17,8;16,2;15,3;90;87;88;65;7,6;4,7;
2026/04/20;0100 UTC;0;961,4;961,6;961,2;0;17,6;15,4;17,7;17,5;15,8;15;91;87;89;67;6,7;4,4;
2026/04/20;0200 UTC;0;961,6;961,8;961,4;0;17,2;15,3;17,5;17;15,6;15,1;93;88;91;60;6,2;3;
2026/04/20;0300 UTC;0;961,5;961,8;961,3;0;17;15;17,1;16,9;15,6;13,1;93;80;90;57;7,9;4,5;
2026/04/20;0400 UTC;0;961,1;961,3;960,9;0;17,2;11,8;17,5;17;13,1;10,7;80;67;73;53;8,8;4,8;
2026/04/20;0500 UTC;0;960,6;961;960,2;0;17,3;10,3;17,5;17,1;11,1;9,6;69;61;65;39;7,6;4,7;
2026/04/20;0600 UTC;0;960,7;960,8;960,5;0;16,8;11;17,1;16,6;11,7;10,4;75;68;71;53;6,5;3,5;
2026/04/20;0700 UTC;0;960,7;960,9;960,6;0;16,4;10,8;16,7;16,1;11,8;9,8;76;67;72;31;4;2,3;
2026/04/20;0800 UTC;0;960,4;960,8;960;0;16,3;11,7;16,5;15,8;13,5;9,9;87;67;77;38;6,1;3,6;
2026/04/20;0900 UTC;0;960,4;960,7;960,2;0;15,9;14,5;16,1;15,2;15;13,5;98;87;93;51;7,6;4,1;
2026/04/20;1000 UTC;0;960,9;961,7;960,5;,3;14,8;14,7;15,2;14,4;15;14,4;100;98;100;75;5,2;2,4;
2026/04/20;1100 UTC;0;962,1;962,3;961,7;145,3;14,7;14,7;15,4;14,3;15,2;14,3;100;99;100;61;4,8;2,4;
2026/04/20;1200 UTC;0;962,4;962,5;962,2;865,1;16,8;15,3;17,7;15,4;15,7;15;99;88;93;78;7,4;4,3;
2026/04/20;1300 UTC;0;962,4;962,7;962,2;1215,4;18;15,6;19;17,6;16;15,4;90;84;88;81;8,7;5,1;
2026/04/20;1400 UTC;0;962,6;962,9;962,4;1970,1;20;16;20,8;19;16,6;15,3;85;75;80;80;7,4;4,1;
2026/04/20;1500 UTC;0;962,3;962,6;962;1889,7;21,1;15,7;21,5;20,6;16,7;15;76;69;73;82;7,7;3,6;
2026/04/20;1600 UTC;0;961,7;961,9;961,4;1807,9;21,8;16,3;22,8;21,1;17,2;15,6;76;66;73;86;6,7;3,4;
2026/04/20;1700 UTC;0;961,3;961,4;961,3;1803,7;22,6;16,4;22,8;22,3;17;15,8;72;66;69;94;5,5;3;
2026/04/20;1800 UTC;0;961,2;961,4;961;1469,3;22,7;16,5;23;22,4;17,1;15,8;71;66;69;87;5,5;2,8;
2026/04/20;1900 UTC;0;961;961,1;960,8;1091,6;22,4;16,6;23;21,9;17,1;15,9;76;66;71;107;6,3;4;
2026/04/20;2000 UTC;0;961,1;961,2;961;454,2;21,3;17,3;21,9;20,6;17,7;16,8;85;76;80;108;6,5;3,5;
2026/04/20;2100 UTC;0;961,1;961,3;960,9;98,5;19,8;17,6;20,6;19,1;17,7;17,5;92;85;89;106;7,5;5;
2026/04/20;2200 UTC;0;961,1;961,3;961;0;19;17,8;19,1;18,8;17,9;17,6;96;92;94;100;8,3;4,9;
2026/04/20;2300 UTC;0;961,6;962;961,4;0;18,5;18;18,8;18,4;18;17,9;98;96;97;95;8;5;
2026/04/21;0000 UTC;0;962;962,1;961,7;0;18,3;18,1;18,4;18,3;18,2;18;99;98;99;98;7,4;5,1;
2026/04/21;0100 UTC;0;962;962,2;961,8;0;18,2;18,1;18,3;18,2;18,2;18;99;99;99;76;8,2;4,7;
2026/04/21;0200 UTC;0;962,3;962,5;962,2;0;18,2;17,9;18,3;18,2;18;17,6;99;97;98;73;7,1;3,5;
2026/04/21;0300 UTC;0;963,2;963,7;962,6;0;18,3;17,5;18,4;18,2;17,6;17,5;97;95;96;69;4,6;1,8;
2026/04/21;0400 UTC;0;963,3;963,8;962,6;0;18;17,5;18,3;17,7;17,7;17,4;100;96;98;176;2,5;1,5;
2026/04/21;0500 UTC;,2;963,3;963,7;962,5;0;17,6;17,6;17,7;17,5;17,7;17,4;100;99;100;68;2;1,1;
2026/04/21;0600 UTC;0;962,3;963,5;961,9;0;17,7;17,8;17,8;17,5;17,9;17,6;100;100;100;85;6,6;4;
2026/04/21;0700 UTC;,2;961,8;962,1;961,4;0;17,8;17,9;17,9;17,8;17,9;17,9;100;100;100;48;6,4;3,6;
2026/04/21;0800 UTC;,8;961,5;962,1;961,1;0;17,8;17,9;17,9;17,8;18;17,8;100;100;100;74;9,3;6,2;
2026/04/21;0900 UTC;,4;961,2;961,6;961;0;18;18,1;18,1;17,9;18,2;18;100;100;100;70;10,2;6;
2026/04/21;1000 UTC;0;961,6;962;961,1;0;18;18,1;18,1;18;18,2;18,1;100;100;100;61;9,7;4,8;
2026/04/21;1100 UTC;,2;961,9;962,3;961,7;42,8;18;18,1;18,1;18;18,1;18,1;100;100;100;60;9,2;5,1;
2026/04/21;1200 UTC;0;962,6;962,7;962,3;228,8;18,2;18,2;18,3;17,9;18,3;18;100;100;100;37;9,9;5,9;
2026/04/21;1300 UTC;,2;962;962,4;961,7;289,8;18,4;18,3;18,8;18,3;18,7;18,2;100;99;100;70;9,6;4,9;
2026/04/21;1400 UTC;0;961,9;962,1;961,7;509,1;18,9;18,6;19,3;18,7;18,8;18,3;100;96;98;58;7,2;3,6;
2026/04/21;1500 UTC;0;962,2;962,3;961,9;925,7;19,7;19;20,4;19,3;19,3;18,6;98;94;96;66;7;2,7;
2026/04/21;1600 UTC;0;961,9;962,1;961,6;1335,5;21,5;19;21,8;20,6;20;18;94;83;88;76;2,7;1,3;
2026/04/21;1700 UTC;0;961,4;961,6;961,2;1304,9;22,5;19,2;23,7;21,4;20;18,4;88;77;84;130;2,5;1,1;
2026/04/21;1800 UTC;0;960,8;961,2;960,6;1655,9;23,7;18,5;24,6;23,2;20,1;17,6;80;67;74;239;3,5;1,5;
2026/04/21;1900 UTC;0;960,5;960,6;960,4;1015,2;23,7;17,9;24,8;23;19,1;17,3;77;63;71;229;4,8;2,6;
2026/04/21;2000 UTC;0;960,4;960,5;960,3;452,8;22,6;18;23,4;21,4;18,7;17,5;87;72;77;129;8;4,5;
2026/04/21;2100 UTC;0;960,5;960,5;960,4;144,8;20,8;18,6;21,3;20,2;18,7;18,4;92;86;89;336;5,2;3,6;
2026/04/21;2200 UTC;0;960,4;960,5;960,3;,3;19,8;18,5;20,2;19,5;18,7;18,4;94;92;93;340;4,2;3,2;
2026/04/21;2300 UTC;0;960,6;960,8;960,4;0;19,5;17,7;19,6;19,1;18,4;17,4;94;89;91;337;2,8;2;
2026/04/22;0000 UTC;0;961;961,1;960,8;0;19,3;17,7;19,6;19,1;17,9;17,3;94;90;92;37;3,8;2,3;
2026/04/22;0100 UTC;0;961,2;961,5;961;0;19,1;17,9;19,5;18,8;18,1;17,6;96;90;94;299;4,3;2,5;
2026/04/22;0200 UTC;0;961,2;961,4;961,1;0;18,8;18,1;18,9;18,5;18,2;18,1;98;96;97;326;3,2;2;
2026/04/22;0300 UTC;0;961;961,3;960,7;0;18,7;18,2;18,8;18,5;18,3;18;99;96;97;300;5,6;3,2;
2026/04/22;0400 UTC;0;960,7;960,8;960,6;0;18,6;18,1;18,9;18,5;18,4;17,8;100;94;98;103;6;3,2;
2026/04/22;0500 UTC;0;961;961,1;960,8;0;18,1;18,1;18,5;17,7;18,4;17,8;100;100;100;320;2,4;1,5;
2026/04/22;0600 UTC;0;960,8;961,1;960,3;0;18,1;18,1;18,2;17,8;18,3;17,9;100;100;100;297;5,2;3,1;
2026/04/22;0700 UTC;0;960,1;960,3;959,8;0;17,9;17,9;18,1;17,6;18,2;17,6;100;100;100;324;7,6;4,4;
2026/04/22;0800 UTC;0;960;960,2;959,8;0;17,4;17,5;17,6;17,3;17,6;17,4;100;100;100;313;5,7;3,1;
2026/04/22;0900 UTC;0;960,2;960,3;960;0;17,3;17,4;17,4;17,3;17,5;17,3;100;100;100;315;7,4;3,7;
2026/04/22;1000 UTC;0;960,5;960,7;960,3;,4;17,2;17,3;17,4;17,1;17,5;17,1;100;100;100;314;5,8;3,7;
2026/04/22;1100 UTC;0;960,8;961;960,7;71;17,8;17,3;18,2;17,2;17,6;17,1;100;95;98;330;4,6;2,6;
2026/04/22;1200 UTC;0;961,3;961,7;961;778,4;19,9;18;20,7;18,2;18,8;17,2;96;85;90;308;4,2;2,2;
2026/04/22;1300 UTC;0;962;962,1;961,7;1099,3;21,5;18,3;22,2;20,3;19,1;17,4;92;79;84;321;3,1;2,1;
2026/04/22;1400 UTC;0;962,1;962,2;962;1756,3;23,4;18,8;24,4;21,8;19,5;18,2;84;73;77;206;4,8;2,3;
2026/04/22;1500 UTC;0;962,3;962,3;962,1;1522,6;23,6;19,1;24,4;23;19,7;18,5;81;75;78;223;6,6;2,6;
2026/04/22;1600 UTC;0;962,2;962,3;962;1801,5;23,8;19,2;24,8;23;20;18,8;80;71;77;219;6;2,3;
2026/04/22;1700 UTC;0;961,9;962,1;961,7;2099,2;23,5;18,9;24,3;22,6;19,9;18,1;81;72;77;244;6,6;2,8;
2026/04/22;1800 UTC;0;961,7;961,8;961,6;2159,6;23,7;18,7;24,4;23,2;19,2;18,3;77;72;75;266;4,4;2,3;
2026/04/22;1900 UTC;0;961,7;961,8;961,6;1193,1;23,1;18,5;24,3;22,1;19;18,1;81;73;77;243;4,2;1,9;
2026/04/22;2000 UTC;0;961,7;961,8;961,6;885,1;23,1;18;23,4;22,6;18,4;17,8;77;72;75;247;3,5;1,5;
2026/04/22;2100 UTC;0;962;962,3;961,7;226,3;22,2;17,9;23,3;21;18,1;17,6;84;73;78;224;3,9;1,3;
2026/04/22;2200 UTC;0;962,6;963;962,3;0;20,3;17,6;21;20;17,8;17,4;87;84;86;241;2,7;1,6;
2026/04/22;2300 UTC;0;963,5;963,7;963;0;19,8;17,4;20;19,7;17,5;17,3;89;87;88;247;2,6;1,4;
2026/04/23;0000 UTC;0;963,9;964,3;963,6;0;19,4;17,6;19,7;19,2;17,7;17,4;92;89;91;214;3,6;2,7;
2026/04/23;0100 UTC;0;964,5;964,7;964,2;0;19;17,5;19,1;18,8;17,6;17,3;94;92;93;212;5,2;2,9;
2026/04/23;0200 UTC;0;964,7;964,8;964,6;0;17,6;16,6;18,8;16,6;17,3;15,4;97;92;95;175;5;3,5;
2026/04/23;0300 UTC;0;964,5;964,6;964,4;0;16,1;14,3;16,6;15,5;15,4;13,6;94;89;91;166;3,6;2,5;
2026/04/23;0400 UTC;0;964,5;964,6;964,3;0;15,2;13;15,6;14,9;13,6;12,5;92;86;89;174;3,4;2,8;
2026/04/23;0500 UTC;0;964,8;965,1;964,5;0;14,9;12,8;15,2;14,7;13;12,7;92;87;89;207;4,6;3,4;
2026/04/23;0600 UTC;0;964,7;965;964,5;0;14,2;13,2;14,6;13,8;13,7;12,8;98;92;95;174;3,3;2,7;
2026/04/23;0700 UTC;0;964,5;964,7;964,4;0;14,1;13,9;14,2;14;14,2;13,7;100;98;99;174;4,2;3,3;
2026/04/23;0800 UTC;0;964,7;964,8;964,6;0;14,1;14,2;14,4;13,8;14,4;13,7;100;100;100;176;3,9;3,1;
2026/04/23;0900 UTC;0;965,2;965,5;964,8;0;14,4;14,5;14,5;14,3;14,6;14,3;100;100;100;179;2,7;2,1;
2026/04/23;1000 UTC;,2;965,5;965,8;965,3;,4;14,4;14,5;14,5;14,3;14,5;14,3;100;100;100;154;4,3;3,3;
2026/04/23;1100 UTC;0;965,6;965,9;965,2;80,2;14,8;14,8;15;14,5;15,1;14,6;100;100;100;130;6,6;4,5;
2026/04/23;1200 UTC;0;965,9;966,3;965,4;231,1;15,1;15,2;15,3;15;15,4;15;100;100;100;124;6,5;4,6;
2026/04/23;1300 UTC;0;966,4;966,7;966;478;15,3;15,4;15,6;15;15,7;15,1;100;100;100;135;5,8;3,8;
2026/04/23;1400 UTC;0;966,6;966,7;966,4;719,2;15,7;15,6;16,1;15,3;16,1;15,1;100;96;99;143;5,1;3,1;
2026/04/23;1500 UTC;0;966,5;966,7;966,3;1016,5;16,7;14,7;17,4;15,9;15,4;13,8;96;84;90;151;5;3,8;
2026/04/23;1600 UTC;0;966;966,5;965,7;780,9;17,1;14,2;17,5;16,6;14,9;13,5;89;83;86;150;5,5;4,1;
2026/04/23;1700 UTC;0;965,2;965,8;964,6;804,2;17,4;14,4;17,7;16,9;14,9;13,9;88;83;85;124;5,8;3,8;
2026/04/23;1800 UTC;0;964,9;965,2;964,6;387,9;16,7;14;17,1;16,4;14,3;13,7;89;84;86;125;5,1;3,8;
2026/04/23;1900 UTC;0;964,7;965;964,3;336,8;16,5;14,1;16,7;16,1;14,5;13,8;89;86;88;126;6,4;4,4;
2026/04/23;2000 UTC;0;964,5;964,8;964,2;234,3;16,1;14;16,2;15,9;14,3;13,8;91;89;90;128;5,9;3,9;
2026/04/23;2100 UTC;0;965;965,3;964,7;77;15,7;14,2;15,9;15,4;14,3;14;94;91;92;96;5,4;3,4;
2026/04/23;2200 UTC;0;965,3;965,5;964,8;0;15,3;14,4;15,5;15,3;14,6;14,3;97;94;96;127;5,5;4,2;
2026/04/23;2300 UTC;0;965,4;965,8;965;0;15,4;14,7;15,5;15,3;14,8;14,6;97;96;97;92;6,9;4,7;
2026/04/24;0000 UTC;0;966,1;966,4;965,6;0;15,3;14,9;15,4;15,2;15;14,8;98;97;98;120;7,7;5,4;
2026/04/24;0100 UTC;0;965,8;966,2;965,4;0;15,3;14,8;15,3;15,1;14,9;14,8;98;97;98;92;6;4;
2026/04/24;0200 UTC;0;965,8;966,2;965,4;0;15,1;14,8;15,1;15,1;14,9;14,8;99;98;99;97;6,6;4,8;
2026/04/24;0300 UTC;0;965,7;966;965,3;0;15,2;14,8;15,5;15;14,9;14,5;99;95;98;105;8,7;4,1;
2026/04/24;0400 UTC;,4;965,5;965,7;965,2;0;15,1;14,8;15,5;15;15;14,6;100;96;98;170;3,6;2,5;
2026/04/24;0500 UTC;1,4;965,3;965,8;964,8;0;14,9;14,9;15;14,8;15;14,9;100;100;100;104;7;4,7;
2026/04/24;0600 UTC;,6;964,8;965;964,3;0;15;15,1;15,1;14,9;15,2;15;100;100;100;79;9;5,9;
2026/04/24;0700 UTC;1,4;963,7;964,3;962,9;0;15;15,1;15,2;14,9;15,2;15;100;100;100;104;6,1;2,7;
2026/04/24;0800 UTC;,8;963,5;963,6;963,3;0;14,8;14,9;15,2;14,6;15,3;14,6;100;100;100;115;6,2;4,2;
2026/04/24;0900 UTC;,4;964,1;964,5;963,4;0;15,2;15,3;15,3;15,1;15,3;15,2;100;100;100;124;7,3;4,5;
2026/04/24;1000 UTC;,2;963,9;964,3;963,3;0;15;15;15,1;14,5;15,2;14,6;100;100;100;66;10,2;6,3;
2026/04/24;1100 UTC;0;963,6;964,1;963;42,5;14,8;14,8;15;14,5;15;14,6;100;100;100;107;7,5;3,5;
2026/04/24;1200 UTC;,4;964;965;963,5;55,3;15,2;15,3;15,4;15;15,4;15,1;100;100;100;197;3;1,1;
2026/04/24;1300 UTC;0;964,4;965,1;963,6;298,4;15,8;15,9;16,2;15,4;16,2;15,4;100;100;100;82;7,8;4;
2026/04/24;1400 UTC;0;963,7;963,8;963,5;410,9;16,3;16,3;16,6;16;16,7;16,1;100;100;100;125;5,6;3,6;
2026/04/24;1500 UTC;0;963,7;963,8;963,5;577,9;16,8;16,8;17,3;16,5;17,3;16,6;100;100;100;115;5,8;3,4;
2026/04/24;1600 UTC;0;963,2;963,7;962,7;821,9;17,6;17,3;18,1;17,2;17,8;16,8;100;95;99;93;6,3;3,4;
2026/04/24;1700 UTC;0;962,3;962,6;961,9;648,6;17,9;17,2;18,1;17,5;17,5;16,9;98;95;97;89;5,7;3,2;
2026/04/24;1800 UTC;0;961,6;962;961,3;634,7;18,4;17,1;18,7;17,9;17,6;16,6;96;92;93;118;5,6;3,8;
2026/04/24;1900 UTC;,4;961,4;961,6;961,1;219,9;17,3;17,1;17,8;17;17,3;16,8;100;96;99;110;8,2;5,6;
2026/04/24;2000 UTC;0;961,4;961,7;960,9;194,1;17;17;17,1;16,9;17,1;16,9;100;100;100;102;5,4;3,1;
2026/04/24;2100 UTC;0;961;961,5;960,7;38,7;16,9;17;17;16,8;17;16,9;100;100;100;101;5,4;3,3;
2026/04/24;2200 UTC;0;960,5;961;959,8;0;16,8;16,8;16,8;16,7;16,9;16,8;100;100;100;113;8,8;5,7;
2026/04/24;2300 UTC;0;960,6;961;959,8;0;16,8;16,8;16,9;16,7;16,9;16,8;100;100;100;114;6,5;4,1;
2026/04/25;0000 UTC;0;960,7;960,9;960,4;0;17;17;17,1;16,9;17,2;16,9;100;100;100;120;5,7;3,6;
2026/04/25;0100 UTC;0;960,9;961,3;960,3;0;17;17,1;17,1;16,9;17,2;16,9;100;100;100;92;5,6;3,3;
2026/04/25;0200 UTC;0;960,6;960,9;960,2;0;16,8;16,9;16,9;16,8;17;16,9;100;100;100;130;4,1;2,9;
2026/04/25;0300 UTC;0;960,3;960,7;960,1;0;17;17;17;16,9;17,1;16,9;100;100;100;153;4,5;3;
2026/04/25;0400 UTC;0;959,8;960,2;959,6;0;17;17,1;17,1;17;17,1;17;100;100;100;151;5,4;3,6;
2026/04/25;0500 UTC;0;959,6;959,8;959,5;0;16,9;17;17;16,8;17,1;16,8;100;100;100;161;5,6;4,2;
2026/04/25;0600 UTC;0;959,3;959,4;959,3;0;16,5;16,6;16,7;16,4;16,8;16,4;100;100;100;166;5,3;3,9;
2026/04/25;0700 UTC;0;959,2;959,4;959;0;16,4;16,4;16,4;16,3;16,5;16,4;100;100;100;173;4,5;3;
2026/04/25;0800 UTC;0;958,8;959;958,6;0;16,4;16,5;16,5;16,4;16,5;16,5;100;100;100;164;5,7;3,9;
2026/04/25;0900 UTC;0;958,8;959;958,6;0;16,2;16,3;16,4;16,1;16,4;16,2;100;100;100;167;5,4;3,8;
2026/04/25;1000 UTC;0;959;959,1;958,9;0;16;16,1;16,1;15,9;16,2;16;100;100;100;158;5,5;3,5;
2026/04/25;1100 UTC;0;959,2;959,3;959;144,1;16;16;16,2;15,8;16,2;15,9;100;100;100;153;4,4;3,2;
2026/04/25;1200 UTC;0;959,6;959,9;959,3;483,2;16,6;16,7;17,2;16,2;17,3;16,2;100;100;100;157;3,7;2;
2026/04/25;1300 UTC;0;960,3;960,4;959,9;687,9;17,1;17,2;17,7;16,6;17,8;16,6;100;100;100;149;3,5;1,9;
2026/04/25;1400 UTC;,2;960,3;960,4;960,2;1321,8;18,2;16,5;18,9;17,6;18,2;15,5;99;84;92;228;2,6;1,4;
2026/04/25;1500 UTC;0;959,9;960,2;959,4;1786;19,7;15,9;20,9;18,9;16,6;15;87;72;81;234;4,2;2,2;
2026/04/25;1600 UTC;0;959,1;959,5;958,7;2425,5;21,1;15,7;21,9;20,5;16,7;14,7;78;67;73;204;4,1;2,2;
2026/04/25;1700 UTC;0;958,2;958,6;957,8;1639;21,2;15,6;22,1;20,6;16,2;14,4;78;64;72;199;3,7;1,8;
2026/04/25;1800 UTC;0;957,5;957,8;957,3;1373,1;21,3;15,5;21,9;20,6;16,2;14,7;77;65;71;212;5,5;2,9;
2026/04/25;1900 UTC;0;957,4;957,5;957,3;1761,7;22;15,8;22,7;21;16,6;15,2;74;66;69;216;5,6;3;
2026/04/25;2000 UTC;0;957,5;957,6;957,4;616;20,5;15,9;21,7;20,1;16,4;15,3;80;69;77;223;3,7;1,9;
2026/04/25;2100 UTC;0;957,5;957,6;957,4;135,6;19,4;16,2;20,1;18,6;16,5;15,9;89;79;84;154;4,4;3,1;
2026/04/25;2200 UTC;0;957,6;957,8;957,4;0;18,2;17;18,6;17,9;17,3;16,5;97;89;94;130;5;3,1;
2026/04/25;2300 UTC;0;957,9;958;957,8;0;17,6;17,1;17,9;17,2;17,4;16,9;99;97;98;85;5,3;3,6;
2026/04/26;0000 UTC;0;957,9;958;957,7;0;16,9;16,9;17,2;16,8;17;16,8;100;99;100;94;5,9;4,1;
2026/04/26;0100 UTC;0;958,2;958,5;957,8;0;16,7;16,8;16,8;16,6;16,8;16,7;100;100;100;96;5,2;3,2;
2026/04/26;0200 UTC;0;957,8;958,2;957,3;0;16,7;16,7;16,7;16,6;16,8;16,7;100;100;100;70;7,4;4,3;
2026/04/26;0300 UTC;0;957,2;957,4;957;0;16,5;16,6;16,6;16,3;16,7;16,4;100;100;100;69;5,4;3,3;
2026/04/26;0400 UTC;0;957,1;957,2;957,1;0;16,5;16,6;16,7;16,4;16,8;16,5;100;100;100;31;5;3,1;
2026/04/26;0500 UTC;0;956,9;957,1;956,6;0;16,7;16,6;16,7;16,6;16,7;16,5;100;99;100;51;5,9;3,8;
2026/04/26;0600 UTC;0;956,3;956,6;956;0;16,3;16,4;16,7;16;16,5;16,1;100;99;100;336;5,1;3,6;
2026/04/26;0700 UTC;0;955,8;956;955,5;0;16,1;16,1;16,3;15,9;16,3;16;100;100;100;334;6,6;4,4;
2026/04/26;0800 UTC;0;955,1;955,5;954,8;0;16,1;16,1;16,2;15,9;16,3;16;100;100;100;331;6,9;4,7;
2026/04/26;0900 UTC;0;954,8;955;954,7;0;15,8;15,8;15,9;15,6;15,9;15,7;100;100;100;325;7,2;4,8;
2026/04/26;1000 UTC;0;955,2;955,4;954,9;0;15,6;15,7;15,7;15,5;15,8;15,6;100;100;100;316;5,6;2,8;
2026/04/26;1100 UTC;0;955,4;955,4;955,3;89;15,5;15,6;15,6;15,5;15,6;15,5;100;100;100;314;5,6;3,6;
2026/04/26;1200 UTC;0;955,5;955,6;955,3;638,7;16,3;16,3;17,1;15,6;16,7;15,6;100;97;100;303;7,3;5,1;
2026/04/26;1300 UTC;0;955,7;955,8;955,5;1400,6;18,3;16,3;19,3;17,2;16,8;16;98;85;90;287;8,2;4,5;
2026/04/26;1400 UTC;0;955,6;955,6;955,4;2220,9;20,2;16,2;21,4;19,4;16,7;15,6;86;74;80;280;8,9;4;
2026/04/26;1500 UTC;0;955;955,4;954,5;2465;21,3;15,9;22,2;20,5;16,9;15,3;78;67;73;293;10,2;5,8;
2026/04/26;1600 UTC;0;954,4;954,7;954;2145,5;21,8;15,2;23;20,9;16,1;14,7;71;61;67;283;7,5;3,5;
2026/04/26;1700 UTC;0;953,6;954;953,4;2117,5;22,3;14,3;23,2;21,4;15,3;13;66;54;60;261;8,9;3,9;
2026/04/26;1800 UTC;0;953,2;953,5;953,1;1259;21,8;13;23,1;21;14,2;12;59;53;56;270;7;3,6;
2026/04/26;1900 UTC;0;953,1;953,3;953;1303,7;22,2;13;22,7;21,2;13,5;12,5;57;51;54;277;10,1;5,1;
2026/04/26;2000 UTC;0;953,3;953,4;953,1;913,2;22;12,5;22,4;21,5;13,1;12,1;55;50;52;271;6,5;3,2;
2026/04/26;2100 UTC;0;953,5;953,7;953,4;187,2;20,5;11,5;21,5;19,3;12,7;11,1;59;51;55;286;6,1;3,7;
2026/04/26;2200 UTC;0;953,7;953,9;953,6;0;18,3;11;19,3;17,8;11,1;10,9;66;59;63;298;7,7;5,3;
2026/04/26;2300 UTC;0;954,3;954,6;953,9;0;17,9;10,9;18,1;17,8;11,1;10,7;66;64;65;293;8,3;5,5;
2026/04/27;0000 UTC;0;955;955,6;954,6;0;17,5;10,7;17,8;17,3;10,9;10,5;67;65;66;276;10,1;5,2;
2026/04/27;0100 UTC;0;955,8;956,1;955,6;0;16,8;10,7;17,5;16,1;11,2;8,7;72;63;70;276;9,7;5,5;
2026/04/27;0200 UTC;0;956,3;956,8;955,9;0;15,5;6,4;16,1;14,8;8,5;5,1;62;49;54;263;10,9;4,6;
2026/04/27;0300 UTC;0;956,8;956,9;956,6;0;13,9;4,3;14,8;13,1;5,2;3,5;55;50;52;247;11,7;4,3;
2026/04/27;0400 UTC;0;956,8;957;956,6;0;12,2;2,9;13,1;11,4;3,6;2,5;56;50;53;249;11,4;4,9;
2026/04/27;0500 UTC;0;956,7;956,8;956,5;0;10,6;2;11,4;9,8;2,4;1,8;61;55;57;262;8,1;3,5;
2026/04/27;0600 UTC;0;956,7;956,8;956,5;0;9,3;1,6;9,9;8,7;1,8;1,5;64;59;62;256;8,7;4,2;
2026/04/27;0700 UTC;0;956,6;956,8;956,4;0;8,3;1,5;8,8;7,6;1,8;1,3;70;63;66;268;8;4;
2026/04/27;0800 UTC;0;956,8;957,2;956,5;0;7,1;,9;7,7;6,4;1,8;,1;71;66;69;273;9,9;4,7;
2026/04/27;0900 UTC;0;957,5;958;957,1;0;6;-,4;6,4;5,7;,1;-,8;70;67;68;273;10,5;5,2;
2026/04/27;1000 UTC;0;958,2;958,5;957,7;,1;5,4;-,6;5,8;5,1;-,4;-,8;72;67;70;278;9,4;5,9;
2026/04/27;1100 UTC;0;958,7;958,9;958,2;62;5,2;-,1;5,6;5;,4;-,5;75;72;74;282;12,6;6,2;
2026/04/27;1200 UTC;0;958,9;959,1;958,6;654,9;6,6;1,2;7,7;5,6;2;,4;74;71;73;282;10,6;5,7;
2026/04/27;1300 UTC;0;959,4;959,8;958,9;1623,6;8,5;2,5;9,7;7,7;3,1;2;72;67;70;283;10,8;5,1;
2026/04/27;1400 UTC;0;959,5;959,7;959,3;2215,4;10;3;10,9;9,2;3,5;2,5;67;62;65;277;10,6;6;
2026/04/27;1500 UTC;0;959,2;959,5;958,8;2605,3;11,9;3,7;12,5;11;4;3,3;63;56;59;274;11;6,3;
2026/04/27;1600 UTC;0;959;959,3;958,8;2770,7;13,4;4,2;14,5;12,5;5;3,7;58;51;54;264;11;4,8;
2026/04/27;1700 UTC;0;958,7;958,9;958,4;2615,6;14,6;4,7;15,4;13,9;5,5;3,8;54;48;51;266;10,3;5,2;
2026/04/27;1800 UTC;0;958,9;959,1;958,5;2242,2;15;4,7;15,4;14,6;5,5;4,1;52;45;49;257;9,6;4,5;
2026/04/27;1900 UTC;0;959,1;959,6;958,7;1656,4;14,9;4,7;15,4;14,5;5,3;4,1;52;46;49;224;8,6;4,8;
2026/04/27;2000 UTC;0;959,9;960,2;959,4;933;14,2;4,9;14,7;13,7;5,4;4,7;56;52;53;249;9,2;4,1;
2026/04/27;2100 UTC;0;960,4;960,9;959,9;175;12,7;5;13,7;11,5;5,2;4,7;68;56;62;269;5,6;2,3;
2026/04/27;2200 UTC;0;961,1;961,5;960,8;0;11;5;11,5;10,4;5,2;4,9;73;68;70;277;5,8;2,8;
2026/04/27;2300 UTC;0;961,7;962,1;961,5;0;10,1;5,1;10,4;9,9;5,2;5;77;73;75;277;5;2,7;
2026/04/28;0000 UTC;0;962,2;962,5;962;0;9,7;5,1;9,9;9,5;5,2;5,1;78;76;77;270;5,8;3,1;
2026/04/28;0100 UTC;0;962,6;962,7;962,5;0;9,4;5;9,5;9,2;5,3;4,6;80;76;78;284;7,5;3,8;
2026/04/28;0200 UTC;0;962,6;962,8;962,5;0;9;5;9,3;8,8;5,1;4,8;81;78;80;284;6,1;3,2;
2026/04/28;0300 UTC;0;962,7;962,8;962,6;0;9;4,7;9,3;8,8;4,9;4,4;80;76;79;249;6;2,5;
2026/04/28;0400 UTC;0;962,6;962,7;962,4;0;8,7;4,5;9,2;8,4;4,6;4,4;81;76;79;250;4,6;2,4;
2026/04/28;0500 UTC;0;962,4;962,5;962,4;0;8,2;4,6;8,6;7,9;4,7;4,5;83;80;82;268;3,6;1,7;
2026/04/28;0600 UTC;0;962,1;962,4;961,8;0;8,4;4,4;8,7;8,1;4,6;4,3;82;79;80;249;4,3;2,4;
2026/04/28;0700 UTC;0;961,7;961,9;961,6;0;8,1;4,4;8,3;7,8;4,6;4,2;84;80;82;280;3,3;1,8;
2026/04/28;0800 UTC;0;961,6;961,7;961,6;0;7,8;4,6;8;7,7;4,6;4,5;85;83;84;278;3;1,7;
2026/04/28;0900 UTC;0;961,8;962,2;961,6;0;7,8;4,5;8,2;7,6;4,5;4,4;84;81;83;243;4,1;2;
2026/04/28;1000 UTC;0;962,5;963;962,2;0;8;4,6;8,2;7,7;4,8;4,5;85;81;83;260;2,7;1,6;
2026/04/28;1100 UTC;0;963,3;963,7;963;56,3;8;4,9;8,7;7,6;5;4,8;86;81;85;256;3;1,4;
2026/04/28;1200 UTC;0;964;964,3;963,7;608,6;9,5;5,3;10,7;8,8;6;5;81;76;79;220;2,8;1,3;
2026/04/28;1300 UTC;0;964,5;964,7;964,3;1563,3;11,5;5,8;12,6;10,6;6,5;5,1;76;67;71;196;4;2,2;
2026/04/28;1400 UTC;0;964,7;964,8;964,6;2140,3;13;6,1;13,8;12,3;7;5,5;69;61;66;235;5,2;2,6;
2026/04/28;1500 UTC;0;964,5;964,8;964,2;2516,8;13,8;5,6;14,6;13,3;6,3;4,9;63;54;59;196;5,3;2,3;
2026/04/28;1600 UTC;0;963,6;964,2;963,1;2632,4;14,9;5,8;16,1;14,4;6,9;4,7;58;48;54;266;4,6;1,9;
2026/04/28;1700 UTC;0;962,5;963,1;961,8;2504,3;15,9;6;16,5;14,8;7;4,6;57;45;50;254;4,4;1,9;
2026/04/28;1800 UTC;0;961,5;961,8;961,3;2133,3;16,6;6,4;17,3;16,1;7,2;5,6;52;45;49;271;5;2,2;
2026/04/28;1900 UTC;0;961,2;961,4;960,9;1575,4;17;6,6;17,5;16,6;7,2;6,1;50;45;48;273;4,5;2,1;
2026/04/28;2000 UTC;0;960,5;960,9;960,4;881,9;16,5;6,6;17,3;15,6;7,3;6;55;47;51;317;6;3,3;
2026/04/28;2100 UTC;0;960,6;960,8;960,3;161,3;14,2;5,8;15,6;12,9;6,7;5,5;63;53;58;320;6,4;3,8;
2026/04/28;2200 UTC;0;961;961,1;960,8;0;12,1;5,6;12,9;11,5;5,9;5,4;71;63;68;324;5,5;4,2;
2026/04/28;2300 UTC;0;961;961,2;960,9;0;11,3;5,3;11,7;10,8;5,6;5;72;68;70;325;6,5;4,2;
2026/04/29;0000 UTC;0;961;961,2;960,8;0;11;5,1;11,5;10,8;5,5;4,9;72;69;70;317;8,5;5,2;
2026/04/29;0100 UTC;0;961,2;961,3;961;0;11,4;5,5;11,7;10,9;5,6;5,3;73;69;70;318;6,6;4,5;
2026/04/29;0200 UTC;0;961,1;961,3;961;0;10,6;5,3;10,9;10,1;5,5;5;76;72;74;320;8,6;5,6;
2026/04/29;0300 UTC;0;961,2;961,4;961;0;11,1;5;11,3;10,6;5,1;4,9;73;68;70;315;7;4,8;
2026/04/29;0400 UTC;0;960,9;961,2;960,6;0;11,1;5,1;11,3;10,9;5,3;5;71;69;70;293;5,2;2,4;
2026/04/29;0500 UTC;0;960,3;960,6;960,1;0;10,5;5,1;11;10,1;5,2;4,9;76;70;73;315;5,1;3,2;
2026/04/29;0600 UTC;0;959,8;960,1;959,5;0;10,3;5;10,5;9,9;5,3;4,7;75;72;74;343;6;4,5;
2026/04/29;0700 UTC;0;959,3;959,5;959,2;0;9,8;4,4;10,1;9,6;4,9;4,1;75;70;73;343;6,3;4,7;
2026/04/29;0800 UTC;0;959,3;959,4;959,2;0;9,8;4,4;11,1;9,4;4,8;4;77;64;73;314;5,6;3,6;
2026/04/29;0900 UTC;0;959,4;959,6;959,2;0;11;4;11,3;10,7;4,2;3,8;67;63;65;306;3,8;2,5;
2026/04/29;1000 UTC;0;959,8;960,1;959,6;0;11,7;3,1;12,1;10,7;3,9;2,6;66;53;57;314;2,1;1,5;
2026/04/29;1100 UTC;0;960,3;960,6;960,1;53,8;13,1;2,2;14,1;12,1;2,8;1,9;53;41;45;239;1,9;1,5;
2026/04/29;1200 UTC;0;961,1;961,5;960,6;572,4;14,8;3,6;15,5;14,1;4,7;2,5;48;40;44;254;1,2;,6;
2026/04/29;1300 UTC;0;961,5;961,6;961,3;1521,6;16,8;5,2;17,6;15,5;6,8;3,5;47;38;42;117;3;1,6;
2026/04/29;1400 UTC;0;961,1;961,3;960,7;2085,9;17,9;6,3;18,6;17,5;7,8;5,3;46;36;42;66;5,3;2,5;
2026/04/29;1500 UTC;0;960,4;960,7;960,2;2456,4;18,8;6,9;19,4;18,4;8,2;5,8;46;36;40;197;4,2;1,6;
2026/04/29;1600 UTC;0;959,8;960,2;959,5;2606,6;20,1;7,8;21,2;19,1;9,4;6,8;44;35;39;180;4,9;2,5;
2026/04/29;1700 UTC;0;959,4;959,6;959,1;2462,5;21,3;9;21,8;20,6;10;8,1;43;36;39;282;5;2,6;
2026/04/29;1800 UTC;0;959;959,1;958,9;2114,3;22;9,5;22,3;21,7;10,1;8,9;41;35;38;302;5,1;2,9;
2026/04/29;1900 UTC;0;958,9;959;958,8;1559,1;22,3;9,8;22,5;22;10,3;9,2;40;35;38;283;3,7;1,4;
2026/04/29;2000 UTC;0;958,8;958,8;958,7;864,6;22;9,9;22,4;21,2;10,5;9,1;43;35;39;321;4,8;3,1;
2026/04/29;2100 UTC;0;958,8;958,9;958,8;146,4;19,4;8,9;21,1;17,5;9,8;8;53;42;48;334;6,2;4,3;
2026/04/29;2200 UTC;0;958,8;959;958,7;0;16,3;7,7;17,4;15,3;8;7,4;61;53;57;341;7,1;5,5;
2026/04/29;2300 UTC;0;959,4;959,8;959;0;14,9;7,3;15,3;14,7;7,5;7,2;63;60;62;346;6,3;4,7;
2026/04/30;0000 UTC;0;960;960,2;959,7;0;15;7,5;15,4;14,7;7,7;7,2;64;60;62;340;7,8;5,6;
2026/04/30;0100 UTC;0;960,3;960,5;960,1;0;14,9;7,9;15;14,7;8,1;7,7;66;64;65;335;7,8;5,9;
2026/04/30;0200 UTC;0;960,8;961,1;960,5;0;14,4;7,9;14,9;13,9;8,2;7,4;70;66;68;328;8,2;5,4;
2026/04/30;0300 UTC;0;960,9;961,1;960,7;0;14,4;7;14,7;14,1;7,3;6,8;66;62;63;325;8,2;6;
2026/04/30;0400 UTC;0;960,8;960,9;960,7;0;14;6,8;14,3;13,5;7;6,6;66;62;64;328;7,5;5,3;
2026/04/30;0500 UTC;0;961;961,2;960,9;0;13,3;6,6;13,6;13;6,8;6,3;68;65;67;335;7,1;5,3;
2026/04/30;0600 UTC;0;961,2;961,3;961,1;0;13,6;6,2;14;13,1;6,5;6,1;66;61;63;328;6,1;4,2;
2026/04/30;0700 UTC;0;961,1;961,2;961;0;14;6,2;14,1;13,8;6,3;6;62;60;61;322;5,4;3,7;
2026/04/30;0800 UTC;0;961,2;961,4;961;0;14,1;6,1;14,3;13,9;6,2;6;61;59;60;320;5,5;3,3;
2026/04/30;0900 UTC;0;961,4;961,5;961,3;0;14,2;6;14,6;13,7;6,2;5,8;62;57;59;315;3,8;2,4;
2026/04/30;1000 UTC;0;961,7;961,9;961,4;0;14,6;5,9;14,9;14,4;6,2;5,8;59;55;57;311;4,1;2,8;
2026/04/30;1100 UTC;0;962,1;962,4;961,9;52,9;14,9;6,1;15,8;14,4;6,6;5,8;58;53;56;315;2,5;1,5;
2026/04/30;1200 UTC;0;962,7;963,1;962,4;547,2;16,6;7,4;17;15,9;8;6,5;56;52;54;248;1,9;1,2;
2026/04/30;1300 UTC;0;963,1;963,2;963;1507,3;18,2;8,7;19,2;17;9,8;7,8;55;50;52;145;2,1;1,3;
2026/04/30;1400 UTC;0;963;963,2;962,9;2055,4;20,2;10,3;21,4;19;11,5;9,2;57;46;51;106;2,6;1,3;
2026/04/30;1500 UTC;0;962,9;963;962,8;2432,9;21,8;10,8;22,7;21,1;11,5;10;48;42;45;287;5,8;2,6;
2026/04/30;1600 UTC;0;962,7;962,9;962,2;2579;22,7;11,3;23,3;22,2;11,9;10,8;46;40;43;269;5,1;2,3;
2026/04/30;1700 UTC;0;961,8;962,3;961,5;2445,7;23,2;11,4;23,8;22,6;12,1;10,7;44;39;41;298;3,5;2,1;
2026/04/30;1800 UTC;0;961,4;961,5;961,4;2098,4;23,7;11,6;24,2;23,1;12,5;10,8;42;37;40;176;4,6;2,4;
2026/04/30;1900 UTC;0;961,4;961,6;961,3;1532,7;24;11,9;24,5;23,5;12,4;11,1;42;37;40;323;4,4;3;
2026/04/30;2000 UTC;0;961,6;961,7;961,5;841,3;23,3;12;23,8;22,8;12,6;11,3;47;39;43;301;3,8;2,2;
2026/04/30;2100 UTC;0;961,8;961,9;961,7;139,8;21;11,4;22,8;18,4;12,2;10,6;68;45;52;101;7,2;4,9;
2026/04/30;2200 UTC;0;962,1;962,2;961,9;0;17,1;11,5;18,3;16,6;11,9;11,3;74;68;72;68;7,4;4,8;
2026/04/30;2300 UTC;0;962,3;962,5;962,1;0;16;10,8;16,6;15,7;11,4;9,6;76;69;74;67;8,8;5,8;
2026/05/01;0000 UTC;0;962,6;962,7;962,4;0;15,8;9,1;15,9;15,7;9,7;8,6;70;64;66;63;9,3;5,1;
2026/05/01;0100 UTC;0;962,6;962,8;962,5;0;15,6;8,9;15,8;15,3;10,9;7,9;78;62;67;64;9,4;5,6;
2026/05/01;0200 UTC;0;962,6;962,8;962,5;0;15,2;12,2;15,3;15,1;12,6;11,1;87;79;85;43;9,7;5,4;
2026/05/01;0300 UTC;0;962,5;962,7;962,1;0;15,6;11,3;15,8;15,1;12,1;10,6;83;76;79;50;8,9;4,5;
2026/05/01;0400 UTC;0;962;962,3;961,7;0;15,6;10,1;15,8;15,4;11,3;9,5;79;69;72;39;11,6;6,3;
2026/05/01;0500 UTC;0;961,4;961,7;961,2;0;15,8;10,5;16;15,6;11;10;76;72;74;36;10,8;6;
2026/05/01;0600 UTC;0;961;961,4;960,6;0;15,6;10,4;15,7;15,3;12,2;9,1;83;68;74;38;10,8;6,4;
2026/05/01;0700 UTC;0;960,4;960,6;960,3;0;15;13,4;15,6;14,8;13,9;12,3;95;83;92;32;11,7;6,1;
2026/05/01;0800 UTC;0;960,4;960,5;960,2;0;15,4;12,5;16;14,9;13,8;11,3;94;77;86;40;8,4;4,7;
2026/05/01;0900 UTC;0;960,4;960,6;960,3;0;15,8;11,4;16;15,6;11,6;11,2;79;76;78;36;9,1;5,8;
2026/05/01;1000 UTC;0;960,5;960,6;960,4;0;16,1;11,4;16,4;15,8;11,7;11,2;79;75;77;38;9,1;5,6;
2026/05/01;1100 UTC;0;959,9;960,5;959,6;53,3;16,3;12,3;16,5;15,9;12,6;11,7;83;78;80;89;12,9;8,7;
2026/05/01;1200 UTC;0;959,9;960,1;959,6;422;16,4;12,8;16,5;16;13,1;12,5;83;81;82;97;12,3;7,4;
2026/05/01;1300 UTC;0;959,9;960,2;959,2;551,5;16,8;13,2;17,4;16,5;13,5;13;84;79;82;66;10,9;6,6;
2026/05/01;1400 UTC;0;960,1;960,4;959,2;286,2;16,9;13,4;17,1;16,8;13,5;13,3;83;81;82;68;12,8;7,9;
2026/05/01;1500 UTC;,2;958,8;960,1;958,1;47,4;16,1;14;16,7;15,8;14,5;13,4;91;84;89;283;6,4;1,8;
2026/05/01;1600 UTC;4,6;960,8;961,3;960,3;19,8;15,3;14,8;16;15,1;14,9;14,5;99;92;97;305;5,2;3;
2026/05/01;1700 UTC;6,2;960,7;961,2;960,3;10,7;15,2;15,2;15,4;15;15,4;14,9;100;99;100;325;5,4;3,5;
2026/05/01;1800 UTC;6,2;959,2;961;957,7;22,5;15,6;15,6;16;15,4;16,1;15,4;100;100;100;38;7,6;4,7;
2026/05/01;1900 UTC;9,2;958,2;959,8;955,5;18,9;15,9;15,9;16,3;15,6;16,4;15,7;100;100;100;37;12,3;6,9;
2026/05/01;2000 UTC;2,6;956,4;957,1;955,3;3,1;16,3;16,3;16,6;15,9;16,7;15,9;100;100;100;78;12,1;8,3;
2026/05/01;2100 UTC;3;956,1;957,2;955,2;0;16,2;16,3;16,4;16;16,4;16,1;100;100;100;164;11,9;7,9;
2026/05/01;2200 UTC;3,2;955,7;957,4;953,8;0;16,1;16,2;16,3;15,9;16,3;16;100;100;100;335;11,9;7,5;
2026/05/01;2300 UTC;5,8;955,6;957;954;0;16,3;16,4;16,4;16,2;16,5;16,3;100;100;100;313;11,9;8,7;
2026/05/02;0000 UTC;7,2;956;957;954,3;0;16,3;16,3;16,3;16,2;16,4;16,3;100;100;100;314;15,4;9;
2026/05/02;0100 UTC;,6;955,8;956,5;955;0;16,5;16,5;16,6;16,4;16,7;16,4;100;100;100;289;13,8;9,1;
2026/05/02;0200 UTC;0;956,2;956,7;955,7;0;16,6;16,7;16,8;16,6;16,8;16,6;100;100;100;327;11,4;7,7;
2026/05/02;0300 UTC;0;956,6;956,9;956,3;0;16,9;16,9;16,9;16,8;17;16,9;100;100;100;333;10,9;7,3;
2026/05/02;0400 UTC;0;956,3;956,5;956,1;0;17,1;17,1;17,2;16,9;17,2;17;100;100;100;326;11;6,9;
2026/05/02;0500 UTC;0;956,2;956,4;955,8;0;17,1;17,1;17,1;17;17,2;17,1;100;100;100;332;12,3;7,9;
2026/05/02;0600 UTC;0;956,3;956,4;956;0;17;17,1;17;16,9;17,1;17;100;100;100;316;9,9;7,1;
2026/05/02;0700 UTC;,2;956,3;956,9;956,1;0;16,8;16,9;16,9;16,8;17;16,9;100;100;100;290;7,7;4;
2026/05/02;0800 UTC;,2;957,2;957,7;956,7;0;16,9;17;17;16,8;17,1;16,9;100;100;100;271;8,6;3,4;
2026/05/02;0900 UTC;1,2;958,3;958,8;957,8;0;16,4;16,5;17;15,9;17,1;16;100;100;100;207;8,4;4,5;
2026/05/02;1000 UTC;0;959;959,5;958,7;0;15,7;15,8;16;15,5;16;15,5;100;100;100;204;6,7;3,8;
2026/05/02;1100 UTC;0;959,6;960;959,3;57,8;15,4;15,4;15,5;15,3;15,6;15,3;100;100;100;216;6,4;4;
2026/05/02;1200 UTC;0;960,8;961,5;959,9;109,2;15,1;15,2;15,3;14,9;15,3;15;100;100;100;201;12,4;7;
2026/05/02;1300 UTC;0;962;962,7;961,4;216,6;14,8;14,8;14,9;14,7;15;14,8;100;100;100;210;9,4;5,8;
2026/05/02;1400 UTC;0;963,5;964,2;962,8;206,2;14;13,9;14,8;13,3;14,8;12,9;100;98;100;197;8,1;4,9;
2026/05/02;1500 UTC;0;964,1;964,3;964;626,3;13,7;12,4;14,1;13,4;12,9;11,8;97;90;93;196;8,6;4,9;
2026/05/02;1600 UTC;0;964,3;964,4;964,2;963,6;14;11,8;14,7;13,5;12,5;11;93;83;89;214;8,3;4,9;
2026/05/02;1700 UTC;0;964,3;964,5;963,7;1718,1;15,2;10,9;15,6;14,7;11,8;10,2;84;74;78;217;9,3;5,2;
2026/05/02;1800 UTC;0;964,4;964,5;964,3;1811;15,6;9,5;16,5;14,6;11,1;8,5;80;62;69;218;9,9;5,1;
2026/05/02;1900 UTC;0;964,7;964,9;964,5;1198,5;15,8;8,5;16,5;14,9;9,5;7,4;68;56;64;206;10,5;6,1;
2026/05/02;2000 UTC;0;965,1;965,6;964,9;790,7;14,8;8;15,2;14,5;8,6;7;70;62;66;214;8,1;4,9;
2026/05/02;2100 UTC;0;966,1;966,6;965,6;135;13,3;5,8;14,6;12,4;7,1;4,8;67;61;62;239;5,8;2,7;
2026/05/02;2200 UTC;0;966,9;967,4;966,6;0;11,7;4,8;12,3;11,2;5,5;4,2;68;63;66;225;5,5;3,3;
2026/05/02;2300 UTC;0;967,8;968,2;967,3;0;10,9;3,8;11,2;10,5;4,3;3,4;66;63;64;229;5,8;3;
2026/05/03;0000 UTC;0;968,6;968,9;968,2;0;9,9;3,6;10,5;9,6;3,8;3,2;70;65;68;224;6;3,2;
2026/05/03;0100 UTC;0;969;969,2;968,8;0;9,2;3;9,6;8,7;3,4;2,7;70;68;69;225;5,2;3,3;
2026/05/03;0200 UTC;0;969,3;969,4;969,2;0;8,5;2,7;8,8;8,1;2,8;2,6;73;70;71;233;5,4;2,9;
2026/05/03;0300 UTC;0;969,3;969,4;969,1;0;7,8;2,6;8,1;7,5;2,8;2,5;75;73;74;228;5,1;3,2;
2026/05/03;0400 UTC;0;969,5;969,6;969,4;0;7,4;2,5;7,5;7,3;2,6;2,4;76;74;75;239;4,9;3;
2026/05/03;0500 UTC;0;969,5;969,7;969,2;0;7;2,6;7,3;6,8;2,7;2,5;80;76;78;224;6;3,3;
2026/05/03;0600 UTC;0;969;969,2;968,8;0;6,4;2,6;6,7;6,2;2,8;2,5;82;80;81;193;5,7;3,7;
2026/05/03;0700 UTC;0;968,6;968,8;968,5;0;6,3;2,5;6,5;6,2;2,6;2,3;82;79;81;203;6,5;4,2;
2026/05/03;0800 UTC;0;968,5;968,6;968,5;0;6,2;2,5;6,4;6,1;2,5;2,4;81;81;81;218;4,9;3,3;
2026/05/03;0900 UTC;0;968,7;968,8;968,6;0;6,2;2,6;6,3;6,1;2,7;2,5;83;81;82;215;5,1;3,7;
2026/05/03;1000 UTC;0;968,8;968,9;968,6;0;6,2;2,7;6,4;5,9;2,8;2,6;84;81;83;231;4,4;2,8;
2026/05/03;1100 UTC;0;968,7;968,8;968,6;53,5;6,7;2,8;7,3;6,4;3;2,6;81;78;80;200;4,5;3;
2026/05/03;1200 UTC;0;968,5;968,7;968,5;520,1;8,3;3;9,5;7,4;3,5;2,7;78;67;73;189;4;2,1;
2026/05/03;1300 UTC;0;968,7;968,9;968,6;1540,7;10,4;3,8;11,4;9,5;4,7;2,9;70;64;67;173;5,3;3,4;
2026/05/03;1400 UTC;0;968,9;969;968,8;2107,8;12,3;5,1;13;11,5;6;4,3;67;59;64;159;4,4;2,4;
2026/05/03;1500 UTC;0;968,7;968,9;968,4;2463,5;13,9;4,8;14,7;13,1;6,4;3,6;64;47;55;112;4,7;2,1;
2026/05/03;1600 UTC;0;968;968,4;967,4;2594,2;15;4,6;15,8;14,2;6,3;3,7;56;44;48;111;2,4;1,1;
2026/05/03;1700 UTC;0;966,9;967,4;966,4;2469,3;16;5,3;16,9;15,3;7,2;3,8;53;42;47;85;3;1,7;
2026/05/03;1800 UTC;0;965,8;966,4;965,5;2108,1;16,7;6,3;16,9;16,5;7,2;4,8;53;41;48;92;4,1;2,4;
2026/05/03;1900 UTC;0;965,3;965,5;965,1;1539,5;16,7;6,5;16,9;16,3;7,5;5,6;54;44;49;55;3,6;1,9;
2026/05/03;2000 UTC;0;964,9;965,1;964,7;836,5;16;6,6;16,7;15;7,4;5,8;60;47;53;72;4,3;2,6;
2026/05/03;2100 UTC;0;964,5;964,8;964,4;98,8;13,6;6,6;14,9;12,1;7,2;6,1;72;57;65;56;5,1;2,8;
2026/05/03;2200 UTC;0;964,6;964,7;964,5;0;11,5;6,2;12;11,1;6,6;5,8;76;71;73;35;3,9;2,5;
2026/05/03;2300 UTC;0;964,5;964,6;964,3;0;10,7;5,8;11,1;10,5;6,4;5,1;79;71;75;36;6,5;3,9;
2026/05/04;0000 UTC;0;964,3;964,5;964;0;10,3;5,7;10,9;9,9;6,4;5,1;82;71;77;41;7,6;4,3;
2026/05/04;0100 UTC;0;964;964,3;963,8;0;9,8;6,1;10;9,6;6,4;6;83;80;82;40;8,1;4,4;
2026/05/04;0200 UTC;0;964,2;964,4;963,9;0;9,2;6;9,6;8,8;6,3;5,8;86;83;84;38;9,3;5,4;
2026/05/04;0300 UTC;0;963,8;964;963,5;0;9,3;6,1;9,6;8,9;6,4;5,5;86;80;84;38;8,7;4,6;
2026/05/04;0400 UTC;0;963,1;963,5;962,9;0;10;6,3;10,2;9,6;6,9;5,5;85;80;82;52;9,3;4;
2026/05/04;0500 UTC;0;963,1;963,3;962,9;0;9,9;7,4;10;9,8;7,7;7;89;85;88;56;9,1;4,3;
2026/05/04;0600 UTC;0;962,2;962,8;961,6;0;10,3;8,2;10,5;9,9;8,5;7,7;90;89;89;41;11,5;6,3;
2026/05/04;0700 UTC;0;961,3;961,8;960,8;0;10,6;8,3;10,7;10,5;8,6;8,2;91;88;89;32;11,9;7,2;
2026/05/04;0800 UTC;0;960,7;960,8;960,5;0;10,7;8,5;10,9;10,6;8,9;8,2;90;88;89;37;12,3;6,5;
2026/05/04;0900 UTC;0;960,7;961;960,2;0;11;8,9;11,4;10,9;9;8,6;91;87;89;37;11,5;7;
2026/05/04;1000 UTC;0;960,1;960,2;959,9;0;11,3;8,9;11,5;11,1;9,1;8,7;90;86;88;26;11,6;7,2;
2026/05/04;1100 UTC;0;960,1;960,4;959,7;49;11,4;8,8;12,5;10,9;9,1;8,5;91;80;87;66;10,8;6;
2026/05/04;1200 UTC;0;960,6;960,9;960,4;500,3;13,5;9,3;14,4;12,6;10,1;8,5;81;77;79;169;9,1;4,5;
2026/05/04;1300 UTC;0;961;961,2;960,8;1542,3;15,1;10,6;16;14,5;11,3;10,1;79;76;78;303;8,4;4,8;
2026/05/04;1400 UTC;0;960,8;960,9;960,7;2065,5;17,1;12;18,2;16;12,8;11,3;77;71;75;327;8,3;5,2;
2026/05/04;1500 UTC;0;961;961,1;960,8;2372,4;19,1;12,9;20;18,1;13,3;12,5;73;65;69;286;6,6;3,3;
2026/05/04;1600 UTC;0;960,7;961;960,1;2518,3;20,7;13,7;21,3;20;14,1;13,1;69;62;65;313;6,6;4,1;
2026/05/04;1700 UTC;0;959,8;960,2;959,5;2152,4;21,2;13,2;21,6;20,6;14;12,6;65;56;60;313;8,1;4,6;
2026/05/04;1800 UTC;0;958,9;959,5;958,4;1488,6;21;13,2;21,5;20,2;13,9;12,5;65;58;61;309;5,9;3,3;
2026/05/04;1900 UTC;0;958,1;958,4;958;1493,4;21,5;14,1;21,7;21,4;14,5;13,6;65;60;63;307;6,5;3;
2026/05/04;2000 UTC;0;958,4;958,8;958,1;785,8;21,2;14,5;21,8;20,6;14,8;14,3;70;63;67;322;5,3;3,1;
2026/05/04;2100 UTC;0;959;959,1;958,7;80,2;19,2;14,4;20,5;18,5;14,6;14,2;79;70;76;314;4,1;2,5;
2026/05/04;2200 UTC;0;959,1;959,4;958,9;0;17,8;14,4;18,5;17,4;14,6;14,3;85;79;83;329;3,7;2,5;
2026/05/04;2300 UTC;0;959,4;959,5;959,1;0;17,5;14,5;17,8;17,4;14,7;14,4;86;84;85;334;6,9;4,4;
2026/05/05;0000 UTC;0;959,6;959,8;959,5;0;17,7;15,2;17,8;17,5;15,4;14,8;89;85;87;329;7,3;5,1;
2026/05/05;0100 UTC;0;959,7;959,8;959,5;0;17,5;15,6;17,6;17,3;15,8;15,3;92;89;91;329;8,8;5,8;
2026/05/05;0200 UTC;0;959,8;959,9;959,6;0;17,3;15,9;17,6;17,1;16;15,8;94;91;93;334;8,7;6,3;
2026/05/05;0300 UTC;0;959,9;960;959,8;0;17,1;16;17,2;17;16,1;15,9;95;94;94;332;9,5;6,6;
2026/05/05;0400 UTC;0;960;960,2;959,8;0;16,9;16,1;17,1;16,8;16,5;16;97;95;96;331;10,1;6,5;
2026/05/05;0500 UTC;0;960,2;960,4;960;0;17,6;16,9;17,8;17,2;17,1;16,5;97;96;96;328;8,9;5,7;
2026/05/05;0600 UTC;0;960,1;960,2;959,8;0;18;17,5;18,2;17,8;17,8;17,1;99;97;98;328;8,1;5,3;
2026/05/05;0700 UTC;0;959,8;960;959,6;0;17,8;17,7;17,9;17,7;17,7;17,6;100;99;99;331;9,6;6,3;
2026/05/05;0800 UTC;0;959,8;960;959,6;0;17,8;17,8;18;17,6;18;17,6;100;100;100;328;9,4;6,4;
2026/05/05;0900 UTC;0;960,1;960,3;959,9;0;18,4;18,2;18,7;18,1;18,3;18;100;98;99;319;10;7,1;
2026/05/05;1000 UTC;0;960,6;960,9;960,3;0;18,3;18,1;18,6;18,1;18,2;18;100;98;99;327;8,2;6,4;
2026/05/05;1100 UTC;0;961,3;961,6;960,9;97,8;18,3;18,3;18,6;18,2;18,5;18,2;100;99;100;330;7,4;5,2;
2026/05/05;1200 UTC;0;961,8;962;961,6;181,8;19;18,8;19,6;18,6;19,1;18,5;99;97;99;329;7,7;5,2;
2026/05/05;1300 UTC;0;962,4;962,8;962,1;827,8;20,5;19,4;21,7;19,6;19,7;19;97;89;94;316;8,4;5,7;
2026/05/05;1400 UTC;0;962,6;962,8;962,4;1668,6;22,9;20;24,5;21,4;20,7;19,6;91;80;86;307;7,2;4;
2026/05/05;1500 UTC;0;962,6;962,8;962,3;1823,9;25;20,8;25,6;24,3;21,1;20,4;81;76;79;306;8,2;4,8;
2026/05/05;1600 UTC;0;962,2;962,5;962;1392,6;25,4;20,9;26;24,9;21,3;20,5;80;74;78;311;6,3;3,3;
2026/05/05;1700 UTC;0;961,6;962;961,3;2069,9;26,6;21,2;27,2;25,3;21,6;20,9;78;69;73;314;7,1;4,4;
2026/05/05;1800 UTC;0;961,1;961,4;960,9;1472,6;26,8;21,2;27,6;26,1;22;20,8;76;69;72;310;6,8;3,4;
2026/05/05;1900 UTC;0;961;961,1;960,9;1154,6;26,8;20,9;27,3;26,1;21,3;20,6;74;68;71;312;5,6;3;
2026/05/05;2000 UTC;0;961,1;961,2;961,1;646;26,4;20,9;26,8;26;21,4;20,5;75;70;72;324;5,7;3;
2026/05/05;2100 UTC;0;961,2;961,4;961,1;94;25;20,8;26,1;23,7;21,3;20,5;84;75;79;339;4,2;2,6;
2026/05/05;2200 UTC;0;961,5;961,6;961,3;0;23,6;20,4;23,7;23,6;20,5;20,3;84;83;84;276;5,5;3,6;
2026/05/05;2300 UTC;0;961,8;962;961,6;0;23,3;20,2;23,6;23,2;20,3;20;85;83;84;76;6;4,5;
2026/05/06;0000 UTC;0;962,1;962,2;962;0;22,7;20;23,2;22,2;20,1;19,9;89;84;86;32;6,6;3,4;
2026/05/06;0100 UTC;0;962,1;962,3;961,8;0;22,3;19,8;22,6;22;19,9;19,6;89;85;87;28;6,6;4,3;
2026/05/06;0200 UTC;0;962,1;962,4;961,7;0;22,7;19,5;22,8;22,3;19,6;19,4;86;83;84;78;6,8;4,7;
2026/05/06;0300 UTC;0;962,1;962,5;961,7;0;22,9;19,1;23,3;22,6;19,4;18,5;84;77;81;64;6,9;4,6;
2026/05/06;0400 UTC;0;962;962,2;961,6;0;22,6;19,1;22,8;22,3;19,2;19;84;81;82;56;6,7;4,4;
2026/05/06;0500 UTC;0;962,4;962,8;962,2;0;21,9;19,1;22,5;21,6;19,2;19;88;83;86;114;7,9;4,9;
2026/05/06;0600 UTC;0;962,3;962,6;962,2;0;21,9;19,2;22;21,8;19,3;19,1;87;86;86;280;7,9;5,1;
2026/05/06;0700 UTC;0;961,4;962,1;960,6;0;21,7;19,2;22;21,4;19,2;19,1;89;86;87;300;9,1;6;
2026/05/06;0800 UTC;0;960,6;960,8;960,3;0;21;19,1;21,4;20,7;19,2;19;92;89;90;335;8,8;6,3;
2026/05/06;0900 UTC;0;960,3;960,7;960,1;0;20,8;19;20,9;20,7;19,2;18,9;93;90;91;332;9,6;6;
2026/05/06;1000 UTC;0;961,2;961,6;960,7;0;20,9;18,9;21;20,8;19;18,8;91;90;90;334;8,8;6,1;
2026/05/06;1100 UTC;0;961,5;961,7;961,3;25,7;21;18,8;21,5;20,9;18,9;18,5;90;86;89;320;12,2;7,4;
2026/05/06;1200 UTC;0;961,5;961,6;961,4;357,5;22,1;18,6;22,3;21,5;19;18;86;80;83;321;7,2;4,3;
2026/05/06;1300 UTC;0;961,7;961,8;961,4;1277,9;23,4;19,3;24,6;22,2;19,7;18,9;84;74;80;316;8,2;4,5;
2026/05/06;1400 UTC;0;961,9;962;961,7;1831,2;25,6;19,9;26,6;24,6;20,5;19,4;76;67;72;311;8,7;4,6;
2026/05/06;1500 UTC;0;961,6;962;961,1;2199,5;26,4;20,1;27;26;20,6;19,6;70;65;68;316;9,2;5,3;
2026/05/06;1600 UTC;0;960,8;961,2;960,3;2281,5;27,4;20,3;27,9;27;20,8;19,8;67;61;64;317;8,6;5,1;
2026/05/06;1700 UTC;0;959,6;960,3;959;2195,8;28,1;20,9;28,4;27,5;21,3;20,3;66;61;64;305;8;4,2;
2026/05/06;1800 UTC;0;958,7;959;958,4;1914,4;28,4;20,8;28,8;28;21,4;20,1;65;58;62;316;9,1;4,9;
2026/05/06;1900 UTC;0;958,3;958,5;958,1;1109,2;27,9;20,4;28,8;27,4;21,1;19,8;66;59;62;296;7,4;3,8;
2026/05/06;2000 UTC;0;957,9;958,1;957,7;454,2;26,8;20,1;27,4;26;20,4;19,9;70;63;67;276;5,4;3,1;
2026/05/06;2100 UTC;0;957,8;957,9;957,7;67,2;25,6;19,9;26;24,8;21,2;19,7;82;69;72;57;4,5;2,3;
2026/05/06;2200 UTC;0;957,9;958;957,8;0;23,2;21,1;24,7;22,6;21,3;20,8;92;82;90;33;7,2;4,4;
2026/05/06;2300 UTC;0;957,8;957,9;957,7;0;22,5;20,3;22,6;22,5;20,8;20;91;87;89;32;8,4;5,1;
2026/05/07;0000 UTC;0;957,7;957,8;957,7;0;22,4;19,9;22,6;22,2;20;19,9;89;87;88;31;8,3;4,9;
2026/05/07;0100 UTC;0;957,7;957,8;957,5;0;22,5;20,1;22,7;22,3;20,1;20;89;87;88;37;9,2;4,6;
2026/05/07;0200 UTC;0;957,3;957,6;956,9;0;22,2;20,2;22,5;21,8;20,2;20,1;92;88;90;101;7,5;4,9;
2026/05/07;0300 UTC;0;956,5;956,9;956;0;21,8;20,1;21,8;21,7;20,2;20,1;92;91;92;149;9,1;5,2;
2026/05/07;0400 UTC;0;955,1;956;954,5;0;21,5;20;21,7;21,4;20,1;19,8;93;91;92;289;9;5,5;
2026/05/07;0500 UTC;0;954,1;954,5;953,8;0;21,5;19,7;21,7;21,3;19,8;19,6;92;90;91;302;9,3;5,5;
2026/05/07;0600 UTC;0;953,5;953,8;953;0;21;19,5;21,3;20,7;19,7;19,2;94;92;93;266;8,3;5,2;
2026/05/07;0700 UTC;0;952,3;953;951,9;0;20,8;18,9;20,9;20,7;19,2;18,4;92;87;90;237;9,4;5,6;
2026/05/07;0800 UTC;0;951,8;952;951,7;0;20,9;18,2;21,1;20,5;18,4;17,9;88;86;87;232;9,1;5,5;
2026/05/07;0900 UTC;0;951,8;951,9;951,6;0;21;17,7;21,3;20,7;18;17,5;86;81;83;166;9,1;5,3;
2026/05/07;1000 UTC;0;951,7;952;951,2;0;21;17,5;21,3;20,6;17,6;17,4;85;81;83;130;9,8;6;
2026/05/07;1100 UTC;0;950,9;951,4;950,5;98,9;20,7;17,6;20,8;20,5;17,7;17,4;85;83;84;126;9,6;5,9;
2026/05/07;1200 UTC;0;950,9;951,2;950,6;312,2;20,9;17,7;21;20,8;17,8;17,6;85;83;84;92;11,6;6,3;
2026/05/07;1300 UTC;0;950,5;950,7;950;670,8;21,6;17,9;22,4;21;18,2;17,6;83;78;81;242;12,1;6,4;
2026/05/07;1400 UTC;0;949,1;949,9;948,6;748;22,7;18,1;23;22,4;18,2;17,9;78;75;77;115;13,4;7,8;
2026/05/07;1500 UTC;0;948,3;948,8;947,8;1058,4;23,3;18,2;24,1;22,8;18,5;17,9;76;71;74;230;13,4;7,7;
2026/05/07;1600 UTC;0;946,8;947,8;946;1683,2;25,4;18,7;26,5;24,1;19,1;18,1;72;61;67;314;15;8,1;
2026/05/07;1700 UTC;0;946,1;946,3;945,8;1547,6;26,9;18,6;27,3;26,5;19,1;18,4;63;56;58;319;14,6;8,5;
2026/05/07;1800 UTC;0;945,6;946,2;945,2;1250,8;27,3;18,7;27,4;27,2;19,2;18,2;60;55;57;320;15,8;8,7;
2026/05/07;1900 UTC;0;945,4;945,6;945,2;1030,5;27,2;19;27,4;27;19,3;18,4;61;57;59;320;14,9;7,4;
2026/05/07;2000 UTC;0;945,6;946,2;945,1;388,5;26,5;18,2;27,2;25,8;18,7;17,7;60;56;58;316;9,8;4,9;
2026/05/07;2100 UTC;0;946,9;947,6;946;27,1;21,8;16,8;26,1;17,2;17,8;15,9;95;57;75;188;7;4,4;
2026/05/07;2200 UTC;0;946,7;947,3;946,4;0;16,6;16,2;17,2;16,5;16,4;16;99;95;98;142;4,4;2,9;
2026/05/07;2300 UTC;1;946,7;947,2;946,4;0;16,6;16,5;16,6;16,5;16,6;16,4;100;99;99;135;4,6;3,3;
2026/05/08;0000 UTC;3,8;946,1;946,6;945,6;0;16,4;16,4;16,6;16,4;16,6;16,4;100;100;100;95;6,2;2,5;
2026/05/08;0100 UTC;12;945,7;948,1;944,3;0;16,3;16,4;16,4;16,3;16,5;16,3;100;100;100;315;8,9;5;
2026/05/08;0200 UTC;3;945,7;948,3;944,6;0;16,8;16,5;17,3;16,4;17,1;16;100;97;99;97;9,9;5,4;
2026/05/08;0300 UTC;1,8;944,7;945,7;944,1;0;16,5;16,3;16,9;16,3;17;16;100;98;99;281;7,8;4,7;
2026/05/08;0400 UTC;2,8;945,5;946,5;944,2;,5;15,4;15,2;17;14,1;17,1;14,1;100;96;99;265;9,6;4;
2026/05/08;0500 UTC;4;947,1;947,9;946,2;0;13,5;13,3;14,2;12,4;14,1;12,2;100;98;99;282;11,2;6,7;
2026/05/08;0600 UTC;1,2;946,7;947,2;945,9;0;12,1;12;12,4;12;12,2;11,8;100;99;99;300;12;7,7;
2026/05/08;0700 UTC;,2;945,8;946,1;945,4;0;11,7;11,5;11,9;11,5;11,9;11,2;100;97;99;299;14,5;8,9;
2026/05/08;0800 UTC;,2;946,9;947,6;946;,3;9,7;9,2;11,5;9,3;11,4;8,6;99;95;98;283;11,6;5,3;
2026/05/08;0900 UTC;0;948,5;949;947,8;0;9,1;8,3;9,4;8,9;8,7;7,7;97;94;96;299;12,1;7,6;
2026/05/08;1000 UTC;0;948,9;949,4;948,2;0;8,7;7,3;8,9;8,5;7,8;6,9;95;92;93;294;13,3;7,8;
2026/05/08;1100 UTC;0;949,1;949,4;948,4;78;8,6;7,2;8,8;8,4;7,4;7;94;92;93;303;13,9;8,8;
2026/05/08;1200 UTC;0;949,7;949,9;949,4;352,3;8,9;7,1;9,2;8,7;7,4;6,8;93;90;91;301;14;8,8;
2026/05/08;1300 UTC;0;950,1;950,5;949,4;459,3;9,1;6,9;9,5;8,9;7,4;6,4;91;84;89;305;14,7;8,7;
2026/05/08;1400 UTC;,2;950,9;951,3;950,3;944,3;9,7;5,9;10,4;9,5;6,7;4,5;86;74;81;297;19;11;
2026/05/08;1500 UTC;0;950,9;951,3;950,5;1757,3;10,4;5,3;11,4;9,8;6,1;4,5;79;69;75;308;17,6;10,6;
2026/05/08;1600 UTC;0;950,8;951;950,3;1825;11,1;3,8;12,2;9,8;5,7;2,4;76;52;64;286;14,2;7,2;
2026/05/08;1700 UTC;0;950,6;950,9;950,3;2495,6;12,6;3,7;13,2;12,2;4,8;2,8;59;52;55;299;14,4;7,8;
2026/05/08;1800 UTC;0;950,2;950,5;949,5;1466,2;12,1;3,6;13,2;11,5;4,2;3,1;61;54;58;304;17,7;10,1;
2026/05/08;1900 UTC;0;950,7;950,9;950,2;1305,2;12;3,2;12,6;11,5;3,7;2,5;60;51;56;306;16,9;11,1;
2026/05/08;2000 UTC;0;951;951,5;950,4;757,7;11,6;2,4;12,2;10,9;2,9;2;58;51;54;296;12,6;7,6;
2026/05/08;2100 UTC;0;952;952,4;951,4;101,7;10,2;1,5;10,9;9,3;2,4;,7;59;54;57;298;13;7,4;
2026/05/08;2200 UTC;0;952,8;953,3;952,4;0;8,6;1,2;9,3;8;1,6;,7;67;57;63;314;6,8;4,5;
2026/05/08;2300 UTC;0;953,6;953,8;953,2;0;7,7;1;8,1;7,5;1,4;,8;68;65;67;301;7,4;4,7;
2026/05/09;0000 UTC;0;954,4;955;953,9;0;7,2;1,3;7,5;6,8;1,5;,9;73;67;71;304;7,7;5;
2026/05/09;0100 UTC;0;955,1;955,4;954,8;0;6,7;1,7;6,8;6,5;2;1,4;77;73;75;304;7;5,2;
2026/05/09;0200 UTC;0;955,5;955,7;955,3;0;6,5;2;6,8;6,2;2,1;1,9;79;76;78;294;9;6,1;
2026/05/09;0300 UTC;0;955,4;955,9;955,1;0;6,7;2,1;6,9;6,6;2,2;2,1;78;76;77;296;10,8;7,2;
2026/05/09;0400 UTC;0;955,8;956;955,6;0;6,5;2,2;6,6;6,3;2,3;2,1;79;78;79;292;9,6;6,5;
2026/05/09;0500 UTC;0;955,9;956,3;955,6;0;6,3;2;6,4;6,1;2,2;1,9;79;78;79;296;13;7,7;
2026/05/09;0600 UTC;0;956,4;956,9;956,1;0;6,2;1,6;6,3;6;1,9;1,4;79;76;77;294;11;7,3;
2026/05/09;0700 UTC;0;957,1;957,3;956,7;0;5,7;1,3;6;5,5;1,5;1,1;79;77;78;305;8,9;6,2;
2026/05/09;0800 UTC;0;957;957,5;956,8;0;5,2;,8;5,5;5;1,1;,5;79;77;78;299;9,3;6,6;
2026/05/09;0900 UTC;0;957,3;957,5;957;0;4,8;,6;5;4,6;,8;,4;80;78;79;313;9,7;7,4;
2026/05/09;1000 UTC;0;957,5;958,3;956,8;0;4,5;-,1;4,7;4,3;,4;-,7;80;73;77;308;11,1;7,9;
2026/05/09;1100 UTC;0;957,9;958;957,7;77,7;4,8;-,9;5;4,5;-,4;-1,2;74;70;71;316;9,7;7,6;
2026/05/09;1200 UTC;0;958,4;958,8;957,9;449,4;5,5;-,3;6,5;5;,1;-,8;74;64;71;315;11,4;7,7;
2026/05/09;1300 UTC;0;958,9;959,2;958,4;928,5;7,1;,3;8,3;6,5;1,3;-,6;69;61;66;317;9;5,5;
2026/05/09;1400 UTC;0;959;959,2;958,7;2038,3;9,8;,7;10,6;8,3;1,1;-,2;63;47;54;310;13,7;7,9;
2026/05/09;1500 UTC;0;958,9;959,2;958,6;2197,4;11,2;,3;11,7;10,4;1,1;-,5;50;42;46;301;14,9;8,9;
2026/05/09;1600 UTC;0;959,1;959,3;958,6;2484,6;12;,6;12,4;11,7;1,8;-,5;48;37;43;286;14,7;7,3;
2026/05/09;1700 UTC;0;959;959,2;958,8;2355,3;12,5;1;12,8;12,2;1,6;,1;45;38;43;290;14;6,8;
2026/05/09;1800 UTC;0;959,3;959,6;959;1989,3;12,1;2,1;12,6;11,7;2,7;1,5;55;45;50;280;10,3;5,8;
2026/05/09;1900 UTC;0;959,7;959,9;959,3;1070,9;10,9;3;11,7;9,8;3,4;2,6;67;55;60;282;10,6;6,1;
2026/05/09;2000 UTC;0;960,4;961;959,9;201,9;9;3,3;9,7;8,6;3,6;2,9;75;67;71;287;10,3;5,1;
2026/05/09;2100 UTC;0;960,9;961,1;960,6;19,1;8,4;3,6;8,6;8,3;3,8;3,4;77;74;76;289;12,1;6,9;
2026/05/09;2200 UTC;0;961;961,4;960,6;0;7,9;4,2;8,4;7,5;4,6;3,8;86;77;81;300;9,5;6,6;
2026/05/09;2300 UTC;0;961,5;961,9;961,1;0;7,2;4,9;7,5;7;5,3;4,6;90;86;88;298;10,6;6,7;
2026/05/10;0000 UTC;0;962,3;962,8;961,9;0;7,3;6,3;7,4;7,2;6,7;5,3;98;90;95;288;9,1;5;
2026/05/10;0100 UTC;0;963,2;963,6;962,7;0;7,2;6,9;7,2;7,1;7;6,8;99;98;99;287;9,5;5,6;
2026/05/10;0200 UTC;,2;963,8;964;963,4;0;7,1;6,9;7,2;7;7;6,8;99;99;99;286;9,9;5,8;
2026/05/10;0300 UTC;,2;963,9;964,2;963,6;0;7;7;7,1;6,9;7;6,9;100;99;100;280;10,1;5,8;
2026/05/10;0400 UTC;0;963,8;964;963,7;0;6,9;6,7;6,9;6,9;6,9;6,6;100;98;99;277;8,9;4,5;
2026/05/10;0500 UTC;,2;963,9;964,3;963,7;0;6,7;6,3;6,9;6,4;6,7;5,7;99;95;98;284;11,2;5,9;
2026/05/10;0600 UTC;0;963,9;964;963,7;0;6,1;5,8;6,4;5,9;6,1;5,6;99;98;98;286;10,5;5,4;
2026/05/10;0700 UTC;0;963,8;963,9;963,5;0;6;5,8;6,2;5,9;5,9;5,7;99;97;99;274;9,1;4,9;
2026/05/10;0800 UTC;0;963,7;963,8;963,4;0;6,1;5;6,2;6;5,7;4,4;98;92;95;255;10,2;4;
2026/05/10;0900 UTC;0;963,7;963,9;963,5;0;5,5;4,7;5,9;5,3;4,8;4,6;98;94;96;283;7,9;4,7;
2026/05/10;1000 UTC;0;964,1;964,4;963,7;0;5,3;4,7;5,4;5,3;4,8;4,6;97;96;97;271;8,9;4,3;
2026/05/10;1100 UTC;0;964,3;964,5;964;78;5,4;4,5;5,6;5,3;4,7;4,3;97;94;95;264;8,4;4,1;
2026/05/10;1200 UTC;0;964,8;965,1;964,4;414,4;5,9;4,2;6,2;5,6;4,4;3,8;94;89;91;251;10,1;4,4;
2026/05/10;1300 UTC;0;965,2;965,4;964,8;611,3;6,5;3,3;6,9;6,2;4;2,4;89;78;84;236;11,3;4,6;
2026/05/10;1400 UTC;,2;965,4;965,5;965,3;1133,7;7,3;2,3;8,1;6,9;2,9;1,8;79;69;75;256;11,2;4,2;
2026/05/10;1500 UTC;0;964,9;965,3;964,4;2102,7;8,5;2,4;9,2;7,9;2,9;1,9;74;66;69;260;11,1;6,1;
2026/05/10;1600 UTC;0;964,2;964,5;963,8;2247,8;9,6;2,4;9,9;9,2;3,1;1,8;68;62;64;277;10,3;6;
2026/05/10;1700 UTC;0;963,2;963,9;962,6;2253,1;10,6;2,8;11,2;9,4;3,4;2;65;58;61;279;9,3;5,5;
2026/05/10;1800 UTC;0;962,8;963;962,4;1993,2;11,3;3,1;11,7;11,1;3,5;2,7;61;56;59;279;9,5;5,6;
2026/05/10;1900 UTC;0;962,9;963,3;962,5;1449,3;11,1;3,2;11,3;10,9;3,7;2,8;64;58;61;290;10,2;5,8;
2026/05/10;2000 UTC;0;963,3;963,7;962,9;754,2;10,7;3,2;11,2;10,1;3,8;2,6;64;60;62;281;9,2;4,9;
2026/05/10;2100 UTC;0;963,8;964,1;963,5;81,9;9,1;2,8;10,1;8,2;3,1;2,5;74;62;68;294;8,2;4,7;
2026/05/10;2200 UTC;0;964,2;964,5;963,9;0;7,7;3;8,2;7,5;3,1;2,9;78;74;76;290;7,3;4,2;
2026/05/10;2300 UTC;0;964,6;964,8;964,4;0;7,4;3;7,5;7,3;3,1;2,9;78;77;78;284;9;5,3;
2026/05/11;0000 UTC;0;965,1;965,4;964,8;0;7,2;2,9;7,4;7,1;3,1;2,7;79;78;79;272;8;3,8;
2026/05/11;0100 UTC;0;965,3;965,5;965,2;0;6,7;2,6;7;6,5;2,9;2,3;80;79;80;272;9,2;3,7;
2026/05/11;0200 UTC;0;964,9;965,3;964,6;0;6,3;2,2;6,5;6,2;2,4;2;80;78;79;286;10,9;5,1;
2026/05/11;0300 UTC;0;964,8;964,9;964,6;0;6;2;6,2;5,9;2,1;1,8;80;79;80;279;8,2;3,9;
2026/05/11;0400 UTC;0;964,6;964,7;964,3;0;5,8;1,8;6;5,8;1,9;1,7;80;79;80;276;8,4;4,1;
2026/05/11;0500 UTC;0;964,4;964,6;964,3;0;5,6;1,8;5,8;5,6;1,9;1,7;81;80;81;283;8,3;4,9;
2026/05/11;0600 UTC;0;963,8;964,4;963,2;0;5,4;1,7;5,6;5,3;1,8;1,6;82;81;82;289;11,2;7,2;
2026/05/11;0700 UTC;0;963,3;963,6;963;0;5,7;1,5;5,9;5,4;1,7;1,4;81;77;79;282;11,6;6,7;
2026/05/11;0800 UTC;0;962,9;963,1;962,7;0;5,8;1,2;5,9;5,7;1,4;1;78;75;77;273;13,1;5,4;
2026/05/11;0900 UTC;0;963,1;963,3;962,8;0;6,2;1;6,3;6;1,1;,9;75;73;74;269;11,9;5,2;
2026/05/11;1000 UTC;0;963,4;963,7;963,1;0;5,6;1,1;6,1;5,3;1,3;,9;80;74;78;271;9,4;4,8;
2026/05/11;1100 UTC;0;963,8;964;963,5;39,5;5;1,4;5,3;4,9;1,5;1,2;83;80;82;277;7,5;4,1;
2026/05/11;1200 UTC;0;964,4;964,5;964,1;340,8;6;1,8;7,2;5,2;2,2;1,5;82;74;79;259;6,2;2,6;
2026/05/11;1300 UTC;0;964,6;964,8;964,5;1441,1;8,5;2,4;9,4;7,3;2,7;2;75;65;70;225;7,9;4;
2026/05/11;1400 UTC;0;964,9;965,1;964,7;1999,7;10;2,6;10,7;9,4;3,1;2,2;67;59;63;228;7,9;3,8;
2026/05/11;1500 UTC;0;964,8;965,1;964,6;2358,6;11,2;3,5;12,3;10,7;4,2;2,8;65;59;61;239;6,9;2,8;
2026/05/11;1600 UTC;0;964,4;964,7;964,1;2486,2;12,5;3,8;12,9;12,2;4,5;3,2;61;53;56;246;7,7;4,4;
2026/05/11;1700 UTC;0;964;964,2;963,9;2358,3;13,5;3,9;13,7;12,9;4,3;3,3;55;48;52;257;8,7;4,2;
2026/05/11;1800 UTC;0;963,8;963,9;963,6;2002;14,2;4,1;14,6;13,7;5;3,4;53;47;50;286;8;4,7;
2026/05/11;1900 UTC;0;963,5;963,6;963,3;1452,5;14,4;4,5;14,8;14,1;5,2;4;53;48;50;286;8,2;4;
2026/05/11;2000 UTC;0;963,7;964;963,4;761,7;13,6;4,1;14,1;13,1;4,5;3,7;55;51;53;286;7,1;3,8;
2026/05/11;2100 UTC;0;964,2;964,3;964;75,7;12;3,8;13,1;10,7;4,2;3,4;64;53;59;295;6,6;3,9;
2026/05/11;2200 UTC;0;964,5;964,6;964,3;0;10;3,1;10,7;9,4;3,3;2,9;68;63;65;302;6,9;4,9;
2026/05/11;2300 UTC;0;964,5;964,6;964,4;0;9,5;2,9;9,7;9,3;3,1;2,9;69;66;67;305;10,1;6,7;
2026/05/12;0000 UTC;0;964,5;964,7;964,3;0;9,4;3,2;9,5;9,2;3,4;2,9;71;68;69;305;10,4;7,2;
2026/05/12;0100 UTC;0;964,4;964,6;964,2;0;9,2;3,2;9,3;9;3,3;3,1;71;70;70;305;10,5;7,7;
2026/05/12;0200 UTC;0;964,4;964,5;964,3;0;9;3,2;9,2;8,9;3,3;3,1;72;70;71;313;9,3;6,4;
2026/05/12;0300 UTC;0;964,4;964,5;964,4;0;8,5;3,4;8,9;8,4;3,7;3,2;76;72;74;316;8;5,4;
2026/05/12;0400 UTC;0;964,2;964,4;963,9;0;8,1;3,5;8,4;7,9;3,6;3,4;78;76;77;314;9,1;6,2;
2026/05/12;0500 UTC;0;963,7;963,9;963,4;0;7,8;3,4;7,9;7,7;3,5;3,3;78;77;78;301;9,2;5,9;
2026/05/12;0600 UTC;0;963,3;963,5;963;0;7,6;3,3;7,8;7,3;3,4;3,2;80;77;79;303;9,4;5,5;
2026/05/12;0700 UTC;0;963,1;963,3;962,8;0;7,6;3,5;7,7;7,5;3,6;3,3;80;79;79;300;8,5;5;
2026/05/12;0800 UTC;0;962,8;962,9;962,6;0;7,7;3,5;7,8;7,5;3,6;3,5;80;78;79;309;9,2;5,9;
2026/05/12;0900 UTC;0;962,6;962,8;962,4;0;7,3;3,2;7,5;7,2;3,5;2,9;80;78;79;317;9;6,3;
2026/05/12;1000 UTC;0;962,4;962,6;962;0;7;2,9;7,2;6,9;3,1;2,9;80;78;80;317;10,9;7,4;
2026/05/12;1100 UTC;0;962,2;962,5;961,9;38;7,6;3;8,1;7,1;3,1;2,9;79;75;77;314;11,6;8,7;
2026/05/12;1200 UTC;0;962,6;962,7;962,5;333,4;9,1;3,5;10,3;8,1;4;3,1;75;68;72;310;12,2;8,3;
2026/05/12;1300 UTC;0;962,6;962,8;962,2;1432,5;11,4;4,2;12,3;10,4;4,5;3,9;68;59;64;312;14,2;8,8;
2026/05/12;1400 UTC;0;962,9;963,2;962,2;1965,7;13,2;4,6;14;12,4;5,4;4,1;60;54;57;316;9,3;5,9;
2026/05/12;1500 UTC;0;962,5;962,9;962,2;2321,7;14,6;4,8;15,2;14;5,4;4,1;56;47;51;304;9,9;6,3;
2026/05/12;1600 UTC;0;961,7;962,4;961;2438,1;16;5,2;16,7;15,3;6,1;4,6;50;43;46;309;9,2;4,7;
2026/05/12;1700 UTC;0;960,5;961,1;960,1;2323,1;16,7;5,9;16,9;16,6;6,3;5,3;48;43;46;304;12,4;7,4;
2026/05/12;1800 UTC;0;960,3;960,5;960,2;1969,1;17,1;6;17,4;16,8;6,5;5,4;47;40;45;292;11,4;6,1;
2026/05/12;1900 UTC;0;960;960,2;959,8;1404,6;17,3;5,8;17,5;17,1;6,3;5,2;44;40;42;295;9,6;5,5;
2026/05/12;2000 UTC;0;959,4;959,8;959,1;740,6;16,5;5;17,1;15,8;5,7;4,7;45;41;43;315;10;6,7;
2026/05/12;2100 UTC;0;959,1;959,2;958,8;83,2;14,6;4,1;15,7;13,7;5;3,6;51;45;47;315;9,6;6,3;
2026/05/12;2200 UTC;0;959,4;959,7;959,1;0;12,9;3,9;13,7;12,3;4,1;3,8;58;51;55;307;8,3;5,2;
2026/05/12;2300 UTC;0;959,7;959,9;959,5;0;11,9;4,2;12,3;11,5;4,4;3,9;64;58;62;316;10,7;7,7;
2026/05/13;0000 UTC;0;959,4;959,8;959,2;0;11,9;4,5;12;11,7;4,6;4,4;64;62;63;315;14;9,8;
2026/05/13;0100 UTC;0;959,4;959,6;959,2;0;11,8;4,6;11,9;11,7;4,8;4,5;65;63;64;308;14,6;9,2;
2026/05/13;0200 UTC;0;960;960,4;959,6;0;11,7;5;11,9;11,4;5,2;4,8;69;65;67;305;12,8;8,6;
2026/05/13;0300 UTC;0;960,8;961,3;959,8;0;11,4;5,5;11,7;10,9;5,6;5,3;73;68;70;290;9,7;3,8;
2026/05/13;0400 UTC;0;961,1;961,2;960,9;0;11;5,6;11,3;10,8;5,8;5,5;74;72;73;290;7;3,2;
2026/05/13;0500 UTC;0;961,3;961,6;961,2;0;10,9;5,8;11,2;10,6;5,9;5,7;76;73;74;297;7,4;4,9;
2026/05/13;0600 UTC;0;961,1;961,3;960,9;0;10,5;5,8;10,6;10,4;5,9;5,8;77;76;77;283;7,5;3,7;
2026/05/13;0700 UTC;0;960,6;961;960,3;0;10,6;6;10,7;10,5;6,1;5,9;77;77;77;290;6,6;4;
2026/05/13;0800 UTC;0;960,1;960,4;959,9;0;11;6,2;11,4;10,6;6,3;6,1;78;74;76;286;8,1;4,5;
2026/05/13;0900 UTC;0;960,1;960,3;959,9;0;11,2;6,2;11,3;10,9;6,2;6,2;76;74;75;296;10,5;6,9;
2026/05/13;1000 UTC;0;960,6;961,2;960,1;0;10,9;6,3;11;10,7;6,5;6,2;78;76;77;272;5,4;2,5;
2026/05/13;1100 UTC;0;961,5;961,9;961,1;42;10,2;6,4;10,7;9,9;6,5;6,3;83;78;81;294;6,9;4,6;
2026/05/13;1200 UTC;0;961,9;962,3;961,7;312,7;10,6;6,6;11,3;9,9;7;6,4;82;78;80;279;6,6;3,5;
2026/05/13;1300 UTC;0;962,5;962,7;962,3;1336;12,4;7,6;13;11,4;8,1;7;78;74;76;220;5,3;2,7;
2026/05/13;1400 UTC;0;962,7;962,9;962,6;1871,1;13,4;8,3;14;13,1;9,1;7,9;77;73;75;193;4,1;2,4;
2026/05/13;1500 UTC;0;962,6;962,9;962,4;2224,3;14,2;9;14,7;13,8;9,5;8,5;76;71;74;198;4,5;2,4;
2026/05/13;1600 UTC;0;962,1;962,5;961,7;2333,8;15,1;9,6;15,8;14,6;10,4;9,3;75;69;72;195;4,7;2;
2026/05/13;1700 UTC;0;961,4;961,7;961,1;2150;16,3;10,1;16,7;15,8;10,9;9,5;73;67;69;220;3,1;1,1;
2026/05/13;1800 UTC;0;961;961,1;960,8;1799,1;17,1;10,2;18,2;16,7;10,9;9,6;70;63;66;305;4;2,1;
2026/05/13;1900 UTC;0;960,7;960,9;960,7;1247,5;18,3;10,5;18,7;18;11;10;64;58;61;305;5,6;3,4;
2026/05/13;2000 UTC;0;960,8;960,9;960,7;609,3;17,7;10,6;18,1;17,2;11;10,4;68;62;65;313;5,2;2,8;
2026/05/13;2100 UTC;0;960,8;961,1;960,6;71,4;15,8;10,3;17,2;14,6;10,8;10;77;67;73;317;6,2;4,8;
2026/05/13;2200 UTC;0;961,3;961,5;961,1;0;13,9;9,9;14,5;13,5;10;9,9;82;77;80;319;5,5;3,9;
2026/05/13;2300 UTC;0;961,6;961,8;961,5;0;13,1;9,8;13,5;12,7;10;9,7;86;82;84;175;2,8;1,5;
2026/05/14;0000 UTC;0;961,9;962,1;961,8;0;12,6;10,2;13;12,1;10,4;9,9;90;85;88;124;2,9;2,1;
2026/05/14;0100 UTC;0;962;962,2;961,5;0;11,7;10,1;12,1;11,4;10,3;9,9;93;90;92;97;3,8;2,9;
2026/05/14;0200 UTC;0;961,4;961,8;961,3;0;11,3;10,1;11,4;11,2;10,2;9,9;95;93;94;91;4,4;3,3;
2026/05/14;0300 UTC;0;962;962,2;961,8;0;10,8;10;11,2;10,5;10,1;9,9;98;95;96;77;4,8;3,2;
2026/05/14;0400 UTC;0;962;962,2;961,9;0;10,4;10,1;10,5;10,3;10,2;10;99;98;98;86;5,2;3,6;
2026/05/14;0500 UTC;0;962,1;962,3;961,9;0;10,2;10,1;10,3;10,1;10,2;10;100;99;99;118;4,3;2,9;
2026/05/14;0600 UTC;0;961,9;962,2;961,7;0;9,8;9,7;10,1;9,6;10;9,4;100;99;99;125;3,4;2,9;
2026/05/14;0700 UTC;0;961,7;961,8;961,6;0;9,4;9,2;9,6;9,2;9,5;8,6;100;97;99;117;4;3,3;
2026/05/14;0800 UTC;0;962;962,3;961,7;0;9;7,8;9,2;8,8;8,5;7,4;97;93;94;147;2,4;2,1;
2026/05/14;0900 UTC;0;962,5;962,8;962,2;0;9;8,5;9;8,9;8,8;7,8;99;94;98;178;2,4;2,1;
2026/05/14;1000 UTC;0;962,7;962,9;962,6;0;8,6;6,8;8,9;8,3;8,8;5,3;99;85;91;138;3,3;2,7;
2026/05/14;1100 UTC;0;963,1;963,2;962,9;58,6;8,3;6,6;8,4;8,3;7,3;5,3;95;85;91;135;2,2;1,7;
2026/05/14;1200 UTC;0;963,5;964,1;963,2;524,7;9,6;7;11;8,3;8;6,1;93;78;87;193;3;1,9;
2026/05/14;1300 UTC;0;964,3;964,5;964,1;1300,8;10,2;7,8;11;9,9;8,4;6,6;92;82;88;191;2,4;1,5;
2026/05/14;1400 UTC;0;964,4;964,6;964,3;1828,6;12,3;7,7;13,3;11,1;8,7;6,7;83;70;77;196;3,5;1,9;
2026/05/14;1500 UTC;0;964,4;964,7;964;1451,2;12,7;7,6;13,5;12,2;8,5;7;79;70;75;170;3,2;1;
2026/05/14;1600 UTC;0;963,6;964;963,3;1829,5;14,2;8,6;14,4;13,6;9,3;7,8;76;68;72;193;3,4;1,9;
2026/05/14;1700 UTC;0;963,3;963,5;963,2;1218,3;14,2;9;14,5;13,9;9,4;8,5;77;71;74;177;4,5;2,1;
2026/05/14;1800 UTC;0;963,1;963,3;962,9;1383,6;14,4;8,6;14,8;14,1;9,3;8,1;76;67;71;188;4,6;2,4;
2026/05/14;1900 UTC;0;963;963,1;962,9;1250;14,2;7,6;14,7;13,8;8,4;6,4;69;63;67;185;6;3,4;
2026/05/14;2000 UTC;0;963,4;963,7;963;527,4;13,1;6,6;13,8;12,2;7,2;6,3;73;64;68;167;4,4;3,1;
2026/05/14;2100 UTC;0;964;964,3;963,6;80,2;11,2;6;12,2;10,2;6,7;5,3;78;71;74;159;3,8;2,5;
2026/05/14;2200 UTC;0;964,6;964,9;964,3;0;9,6;5,5;10,2;9,1;6,3;5,2;86;77;79;153;5,7;4,3;
2026/05/14;2300 UTC;0;965,2;965,5;964,9;0;8,8;6,9;9,1;8,4;7,1;6,3;93;86;90;159;4,4;3,3;
2026/05/15;0000 UTC;0;965,5;965,7;965,3;0;8,2;6,7;8,4;8;7;6,4;93;91;92;156;5,8;4,6;
2026/05/15;0100 UTC;0;965,6;965,8;965,5;0;7,9;6,3;8;7,9;6,5;6,2;92;91;92;154;6,2;4,5;
2026/05/15;0200 UTC;0;965,7;965,8;965,6;0;8,1;6,3;8,3;8;6,5;6,2;91;91;91;155;5,6;4,5;
2026/05/15;0300 UTC;0;965,8;965,8;965,6;0;8;6,6;8,3;7,8;6,8;6,5;95;91;93;147;5,8;4,4;
2026/05/15;0400 UTC;0;965,8;965,9;965,7;0;7,8;7;7,9;7,7;7,3;6,8;98;95;96;130;4,9;4,1;
2026/05/15;0500 UTC;0;965,5;965,7;965,5;0;7,8;7,5;7,8;7,7;7,7;7,3;99;98;99;139;5;3,9;
2026/05/15;0600 UTC;0;965,5;965,6;965,3;0;7,6;7,5;7,8;7,5;7,6;7,3;100;99;99;143;5,4;3,9;
2026/05/15;0700 UTC;0;965,2;965,3;965;0;7,5;7,4;7,6;7,4;7,5;7,3;100;100;100;133;5,2;4,1;
2026/05/15;0800 UTC;0;965;965;964,9;0;7,3;7,3;7,4;7,2;7,4;7,3;100;100;100;133;5;3,8;
2026/05/15;0900 UTC;0;965;965,2;964,9;0;7,2;7,2;7,3;7,1;7,3;7,1;100;100;100;126;5,1;4;
2026/05/15;1000 UTC;0;965,2;965,3;965,2;0;7,1;7,2;7,2;7,1;7,2;7,1;100;100;100;126;5,5;4,2;
2026/05/15;1100 UTC;0;965,5;965,7;965,3;36,3;7,1;7;7,2;7,1;7,1;7;100;100;100;131;3,9;3;
2026/05/15;1200 UTC;0;965,8;965,9;965,7;261,5;8,4;8;10;7,2;8,6;7,1;100;92;98;142;4,2;2,5;
2026/05/15;1300 UTC;0;966;966,1;965,8;1343,8;11,2;8,3;11,9;10;8,7;7,5;92;78;85;114;5;3,2;
2026/05/15;1400 UTC;0;966;966,1;965,8;2092;12,7;7,8;13,1;11,9;8,5;7,2;82;71;76;114;5,1;3,1;
2026/05/15;1500 UTC;0;965,5;965,8;965;2345,8;13,6;7,7;14,1;12,9;8,6;6,8;77;64;71;95;5,2;2,3;
2026/05/15;1600 UTC;0;964,6;965;964,1;2409,2;14,6;7,9;15;14;8,6;7,2;72;63;66;125;6,5;3;
2026/05/15;1700 UTC;0;963,8;964,1;963,4;2284,4;15,2;8;15,5;15;8,6;7,1;68;60;64;89;5,4;2,1;
2026/05/15;1800 UTC;0;963,2;963,4;963;1637,6;15,4;7,9;15,9;14,9;8,9;7;69;56;63;104;4,8;3;
2026/05/15;1900 UTC;0;962,9;963,1;962,7;930,3;14,4;8;15;13,9;8,6;7,6;71;63;68;106;5,3;3,5;
2026/05/15;2000 UTC;0;962,7;962,7;962,6;684,3;14,1;8,1;14,3;13,2;8,6;7,7;74;67;70;112;5,5;3,9;
2026/05/15;2100 UTC;0;962,6;962,7;962,5;71,7;11,8;7,7;13,2;10,6;8;7,4;84;73;80;106;5,7;4,1;
2026/05/15;2200 UTC;0;962,5;962,6;962,3;0;10;7,4;10,5;9,6;7,5;7,3;88;84;87;88;6,8;4,9;
2026/05/15;2300 UTC;0;962,7;963,1;962,3;0;9,4;7,2;9,6;9,1;7,4;7;91;88;89;82;5,9;3,6;
2026/05/16;0000 UTC;0;962,9;963,1;962,8;0;9,1;7,5;9,1;9;7,8;7,3;93;91;92;75;7,9;5,2;
2026/05/16;0100 UTC;0;963,1;963,2;962,9;0;8,7;8;9,1;8,6;8,3;7,7;98;94;96;75;6;3,9;
2026/05/16;0200 UTC;0;963,3;963,5;963;0;8,8;8,4;8,9;8,7;8,5;8,3;98;98;98;70;7;4,7;
2026/05/16;0300 UTC;0;963,2;963,3;963;0;8,9;8,5;9;8,8;8,6;8,3;98;97;98;75;6,9;4,1;
2026/05/16;0400 UTC;0;962,4;963;961,8;0;8,9;8,2;8,9;8,8;8,3;8,2;98;96;97;66;8,4;5,6;
2026/05/16;0500 UTC;0;961,6;962;961,3;0;8,8;8,2;8,8;8,7;8,3;8,1;98;97;97;64;8,1;4,8;
2026/05/16;0600 UTC;0;961,9;962,1;961,4;0;8,5;7,9;8,7;8,2;8,2;7,4;97;96;97;88;3,5;2,1;
2026/05/16;0700 UTC;0;961,4;961,8;960,9;0;8,3;6,7;8,6;8,1;7,4;5,7;96;86;92;57;5,1;3;
2026/05/16;0800 UTC;0;960,9;961;960,7;0;9;6,9;9,3;8,6;8;5,3;94;83;89;66;4,8;2,6;
2026/05/16;0900 UTC;0;961;961,3;960,7;0;9,1;6,8;9,3;8,8;7,1;6,3;91;86;88;81;3;2,1;
2026/05/16;1000 UTC;0;961,4;961,6;961,1;0;8,6;7,1;8,8;8,4;7,6;6,8;96;90;93;94;4;3,4;
2026/05/16;1100 UTC;0;961,6;961,7;961,4;54,9;8,6;7,9;9;8,4;8,2;7,5;98;92;97;74;5,2;3,6;
2026/05/16;1200 UTC;0;961,6;961,9;961,4;503,3;10,9;8,8;12,7;9;9,6;7,5;93;82;90;60;6,5;3,5;
2026/05/16;1300 UTC;0;962,1;962,4;961,8;922,6;12,9;9,7;13,2;12,7;10,4;9,2;86;83;84;63;5,5;2,7;
2026/05/16;1400 UTC;0;962,4;962,5;962,3;795,9;13,8;10,5;13,9;13,3;11,1;10;87;81;84;103;3,8;2,5;
2026/05/16;1500 UTC;0;961,8;962,3;961,4;1254,7;14,5;11,1;15,1;13,8;11,6;10,5;87;78;83;103;6,5;4,5;
2026/05/16;1600 UTC;0;961,1;961,4;961;1216,8;15;11,2;15,3;14,8;11,7;10,8;83;79;81;109;5,6;3,9;
2026/05/16;1700 UTC;0;960,7;961;960,4;1181,5;15,2;11,6;15,8;14,8;12,1;11,1;85;79;82;113;5,1;3,1;
2026/05/16;1800 UTC;0;960,1;960,4;959,8;999,9;15,5;11,7;15,9;15,2;12,1;11,3;84;78;81;119;5;2,3;
2026/05/16;1900 UTC;0;960,2;960,4;960,1;506,1;15;11,9;15,2;14,6;12,2;11,7;87;83;85;116;4,9;3,4;
2026/05/16;2000 UTC;0;960,5;960,7;960,4;142,3;14,3;12;14,7;13,8;12,2;11,8;91;86;89;136;4,9;3,6;
2026/05/16;2100 UTC;0;961;961,1;960,7;6,1;13,4;12,3;13,8;13;12,6;12;98;91;95;131;5,5;4,1;
2026/05/16;2200 UTC;0;961;961,2;960,9;0;12,8;12,6;13;12,6;12,7;12,5;100;98;99;132;7,8;5,6;
2026/05/16;2300 UTC;0;961,7;962,2;961,1;0;12,2;12,1;12,6;11,9;12,5;11,9;100;100;100;124;6,1;4,1;
2026/05/17;0000 UTC;,2;962,4;962,5;962,2;0;11,7;11,8;11,9;11,6;11,9;11,7;100;100;100;136;7,4;5,6;
2026/05/17;0100 UTC;0;962,5;962,8;962,3;0;11,5;11,6;11,6;11,4;11,7;11,5;100;100;100;141;5,6;3,8;
2026/05/17;0200 UTC;0;963;963,2;962,8;0;11,5;11,5;11,5;11,4;11,6;11,5;100;100;100;121;5,3;4,1;
2026/05/17;0300 UTC;0;962,7;963;962,4;0;11,6;11,6;11,6;11,5;11,7;11,6;100;100;100;129;5;3,3;
2026/05/17;0400 UTC;0;962,5;962,8;961,9;0;11,7;11,7;11,7;11,6;11,8;11,7;100;100;100;128;6,5;4,5;
2026/05/17;0500 UTC;0;961,9;962,1;961,7;0;11,7;11,7;11,7;11,6;11,8;11,7;100;100;100;135;5,5;3,8;
2026/05/17;0600 UTC;0;962;962,1;961,9;0;11,7;11,7;11,7;11,6;11,8;11,7;100;100;100;139;3,4;2,6;
2026/05/17;0700 UTC;0;961,7;961,9;961,4;0;11,7;11,8;11,7;11,6;11,8;11,7;100;100;100;124;4,9;3;
2026/05/17;0800 UTC;0;961,6;961,7;961,5;0;11,5;11,6;11,6;11,3;11,7;11,3;100;100;100;165;5,1;3,4;
2026/05/17;0900 UTC;0;961,7;962;961,4;0;11;11;11,3;10,7;11,3;10,8;100;100;100;177;4,4;2,9;
2026/05/17;1000 UTC;0;961,6;962;961;0;10,6;10,7;10,7;10,5;10,8;10,6;100;100;100;143;6,5;4,3;
2026/05/17;1100 UTC;0;961,7;962;961,1;21,3;10,4;10,4;10,6;10,1;10,6;10,2;100;100;100;166;6,3;4,3;
2026/05/17;1200 UTC;0;962,3;962,6;962;166,4;10,2;10,3;10,3;10,1;10,4;10,2;100;100;100;169;6,1;4,6;
2026/05/17;1300 UTC;0;962,9;963,1;962,6;360,7;10,7;10,7;11,2;10,3;11;10,3;100;99;100;162;4,6;3,1;
2026/05/17;1400 UTC;0;963;963,1;962,9;372,5;11,2;10,6;11,5;11,1;10,8;10,5;98;96;97;162;6,7;4,8;
2026/05/17;1500 UTC;0;963;963,1;962,8;650,5;11,9;10,7;12,2;11,5;10,9;10,3;96;92;94;170;8,3;5,7;
2026/05/17;1600 UTC;0;962,6;962,9;962,4;974,7;12,6;9,8;13,4;12,2;10,6;9,3;92;80;86;170;8,7;5,8;
2026/05/17;1700 UTC;0;962,4;962,6;962,2;713,9;12,6;9,9;13,3;12,4;10,3;9,5;89;81;86;167;7,9;6,3;
2026/05/17;1800 UTC;0;962,1;962,2;962;714,3;12,9;9,9;13,2;12,4;10,5;9,7;89;83;85;169;8,8;6,8;
2026/05/17;1900 UTC;0;962,3;962,6;962;698,1;13,1;9,7;13,5;12,8;10,3;8,9;86;78;83;171;7,3;4,5;
2026/05/17;2000 UTC;0;962,6;962,8;962,4;205,9;12,7;9,9;13,2;12,2;10,2;9,4;89;83;86;161;10,3;7,6;
2026/05/17;2100 UTC;0;963,1;963,4;962,6;25,2;11,5;10;12,2;11,1;10,1;9,7;94;89;92;169;10,9;7;
2026/05/17;2200 UTC;0;964;964,4;963,4;0;10,7;9,3;11,1;10,3;9,7;8,7;94;92;93;168;9,8;6,7;
2026/05/17;2300 UTC;0;964,5;964,9;964,2;0;10,1;9;10,3;9,9;9,2;8,7;95;92;94;165;10,1;7,2;
2026/05/18;0000 UTC;0;965,1;965,3;964,9;0;9,6;8,7;9,9;9,2;8,9;8,2;97;92;95;171;9,8;7,1;
2026/05/18;0100 UTC;0;965,4;965,6;965,1;0;9;8,2;9,2;8,7;8,5;7,8;97;95;96;168;10,2;7,5;
2026/05/18;0200 UTC;0;965,9;966,4;965,6;0;8,5;7,3;8,7;8,2;7,9;6,7;97;92;94;172;8,6;5,9;
2026/05/18;0300 UTC;0;966,5;966,6;966,4;0;7,8;6,3;8,2;7,4;6,7;6,1;94;90;92;188;8,7;5,7;
2026/05/18;0400 UTC;0;966,7;966,9;966,6;0;7,2;6,1;7,4;7,1;6,2;6;95;93;94;187;7,8;5;
2026/05/18;0500 UTC;0;966,9;967,1;966,7;0;6,8;5,9;7,1;6,6;6,1;5,7;97;94;95;188;6,7;4,6;
2026/05/18;0600 UTC;0;966,9;967,1;966,8;0;6,3;5,6;6,6;6,1;5,7;5,5;98;95;96;181;6;4,1;
2026/05/18;0700 UTC;0;966,7;966,9;966,5;0;6,1;5,6;6,1;6;5,8;5,3;99;96;97;192;5,3;3,3;
2026/05/18;0800 UTC;0;966,5;966,6;966,3;0;5,9;5;6;5,6;5,5;4,6;98;94;96;176;6;4,5;
2026/05/18;0900 UTC;0;966,8;967;966,7;0;5,4;4,5;5,6;5,2;4,8;4,1;97;94;96;202;5,6;4;
2026/05/18;1000 UTC;0;967,2;967,4;966,9;0;4,8;3,9;5,2;4,5;4,1;3,7;96;95;96;182;6,4;4,6;
2026/05/18;1100 UTC;0;967,8;968,2;967,4;35,2;4,9;3,6;5,3;4,5;3,7;3,5;96;91;93;192;5,4;3,3;
2026/05/18;1200 UTC;0;968,4;968,6;968,2;284,2;5,9;3,8;6,7;5,3;4,2;3,5;91;87;89;202;4,8;2,4;
2026/05/18;1300 UTC;0;968,9;969,1;968,6;1351,3;7,7;4,8;8,9;6,8;5,6;4;87;82;85;189;5,5;3,1;
2026/05/18;1400 UTC;0;969,1;969,2;969;1594,4;9,5;5,8;10,1;8,9;6,3;5,4;84;78;81;198;6;3,3;
2026/05/18;1500 UTC;0;968,9;969,1;968,7;1831;10,9;6,2;12;9,9;6,7;5,8;82;70;76;182;5,7;3,8;
2026/05/18;1600 UTC;0;968,5;968,7;968,3;2207;12,1;6;12,4;11,6;6,6;5;73;64;69;205;5,5;2,6;
2026/05/18;1700 UTC;0;968,1;968,3;967,8;2166,1;12,7;5,6;13,4;12,2;6,5;5;68;61;65;193;4,6;1,8;
2026/05/18;1800 UTC;0;967,7;967,9;967,6;1709,4;12,9;5,3;13,2;12,6;5,9;4,6;65;59;62;172;6;3,8;
2026/05/18;1900 UTC;0;967,5;967,7;967,4;1188,7;12,5;5,1;13,1;11,6;5,6;4,6;69;59;63;182;4,7;2,3;
2026/05/18;2000 UTC;0;967,6;967,7;967,5;709,2;12,3;5,1;13,2;11,6;5,7;4,6;69;59;64;218;3,5;2,4;
2026/05/18;2100 UTC;0;967,8;967,9;967,7;68,5;10,7;5;11,6;9,8;5,6;4,6;78;66;72;158;2,5;1,4;
2026/05/18;2200 UTC;0;968,1;968,3;967,9;0;8,7;5,2;9,8;8;5,5;5,1;86;78;82;151;2,7;2;
2026/05/18;2300 UTC;0;968,4;968,5;968,3;0;8;5,2;8,1;7,9;5,3;5;86;85;86;163;2,6;2,1;
2026/05/19;0000 UTC;0;968,5;968,7;968,4;0;7,7;5,2;8;7,2;5,3;5;90;85;87;137;1,7;1,5;
2026/05/19;0100 UTC;0;968,7;968,8;968,7;0;7,4;5,6;7,6;7,1;5,8;5,3;92;91;91;153;1,8;1,2;
2026/05/19;0200 UTC;0;968,6;968,8;968,5;0;7,2;5,9;7,6;7;6,1;5,8;95;91;93;217;1,8;1,5;
2026/05/19;0300 UTC;0;968,4;968,5;968,3;0;7,8;5,4;8,3;7,2;6;5,1;94;84;88;271;1,4;1,1;
2026/05/19;0400 UTC;0;968,2;968,3;968,1;0;8,1;4,7;8,3;7,7;5,1;4,4;84;82;83;264;2,3;1,4;
2026/05/19;0500 UTC;0;967,9;968,2;967,7;0;7,6;4;7,7;7,5;4,5;3,3;84;79;82;272;3,3;1,6;
2026/05/19;0600 UTC;0;967,5;967,7;967,2;0;7,3;3,3;7,6;7,1;3,5;3,1;81;79;80;308;3,1;1,3;
2026/05/19;0700 UTC;0;967,1;967,2;967,1;0;6,7;3,3;7,1;6,5;3,5;3,2;84;81;83;315;3,3;1,6;
2026/05/19;0800 UTC;0;967;967,1;966,9;0;6,3;3,1;6,5;6;3,3;2,9;85;83;84;315;3,5;2,1;
2026/05/19;0900 UTC;0;966,9;967;966,9;0;6;2,7;6,1;5,8;3;2,6;86;82;84;308;2,9;1,7;
2026/05/19;1000 UTC;0;967;967,2;966,8;0;5,9;2,4;6,1;5,8;2,6;2,3;83;81;82;280;4;2;
2026/05/19;1100 UTC;0;967,4;967,7;967,3;30,1;6;2,4;6,2;5,7;2,7;2,3;83;81;82;268;4,7;1,8;
2026/05/19;1200 UTC;0;967,8;967,9;967,7;244,8;6,9;2,9;7,9;6,2;3,3;2,6;83;75;80;252;4,4;2,2;
2026/05/19;1300 UTC;0;968;968,1;967,9;1323,2;8,9;3,6;9,8;7,9;4,2;3,1;78;69;73;227;4,3;2,1;
2026/05/19;1400 UTC;0;968;968,1;968;1866,4;10,5;4,1;10,9;9,8;4,5;3,8;71;65;68;211;5,6;3,3;
2026/05/19;1500 UTC;0;967,7;968;967,5;2224,2;11,2;3,4;11,8;10,8;4;2,9;66;57;61;217;5,5;2,6;
2026/05/19;1600 UTC;0;967,3;967,6;966,8;2332,7;12,2;4,3;12,5;11,8;4,8;3,7;65;58;60;203;6,1;2,9;
2026/05/19;1700 UTC;0;966,4;966,8;966;2224;13,1;3,5;13,4;12,5;4,7;2,6;61;46;52;258;6,9;3,3;
2026/05/19;1800 UTC;0;965,8;966,1;965,6;1883,4;13,6;2,7;14,2;13,3;3,7;1,6;49;40;45;272;4,9;2,5;
2026/05/19;1900 UTC;0;965,4;965,6;965,3;1325,1;14,1;3;14,3;13,5;3,5;2,4;47;42;45;280;6,9;3,5;
2026/05/19;2000 UTC;0;965,4;965,4;965,2;653,9;13,3;2,9;13,7;12,7;3,3;2,4;53;44;48;279;4,2;2,3;
2026/05/19;2100 UTC;0;965,4;965,6;965,3;66,8;11,4;2,9;12,7;10,2;3,6;2,3;61;53;57;285;4,1;2,6;
2026/05/19;2200 UTC;0;965,9;966,1;965,6;0;9,7;2,2;10,3;9;2,5;2,1;66;60;63;297;4,8;2,6;
2026/05/19;2300 UTC;0;966,2;966,3;966,1;0;8,8;2,3;9;8,5;2,5;2,1;69;66;68;280;5,1;2,6;
2026/05/20;0000 UTC;0;966,2;966,3;966,1;0;9;2,4;9,1;8,8;2,6;2,3;68;66;67;284;5,8;3,5;
2026/05/20;0100 UTC;0;966,2;966,3;966,1;0;8,6;2,2;8,9;8,1;2,3;2,1;70;66;68;291;6,2;3,4;
2026/05/20;0200 UTC;0;966,3;966,5;966,1;0;8,2;2,3;8,5;8;2,5;2,1;72;69;70;287;5,7;3,5;
2026/05/20;0300 UTC;0;966,3;966,4;966,2;0;7,7;2,4;8;7,4;2,5;2,3;75;72;74;288;7,6;4,2;
2026/05/20;0400 UTC;0;966,2;966,4;966,1;0;7,5;2,7;7,8;7,4;2,8;2,5;77;74;76;284;6,2;3,5;
2026/05/20;0500 UTC;0;966,1;966,3;965,9;0;7,2;2,8;7,4;7;2,9;2,7;79;77;78;279;5,9;3,7;
2026/05/20;0600 UTC;0;965,8;966;965,5;0;7,5;3,1;7,7;7,1;3,3;2,9;79;77;78;285;7,4;4,6;
2026/05/20;0700 UTC;0;965,5;965,6;965,4;0;7,5;3,2;7,6;7,3;3,3;3,1;79;78;79;274;7,6;3,6;
2026/05/20;0800 UTC;0;965,1;965,5;964,9;0;7,5;3,4;7,7;7,3;3,4;3,2;81;79;79;274;7,3;3,6;
2026/05/20;0900 UTC;0;965,1;965,2;964,9;0;7,4;3,5;7,5;7,3;3,6;3,4;81;80;81;270;7,6;3,8;
2026/05/20;1000 UTC;0;965,5;965,8;965,2;0;7,8;3,7;8;7,5;3,8;3,6;81;79;79;256;9,6;4,2;
2026/05/20;1100 UTC;0;966,1;966,4;965,9;31,3;7,5;3,8;7,8;7,3;4;3,6;83;79;81;268;5,2;2,4;
2026/05/20;1200 UTC;0;966,5;966,6;966,3;238,5;8,3;4;9,2;7,4;4,1;3,8;83;73;78;245;6,9;3,4;
2026/05/20;1300 UTC;0;966,7;966,8;966,6;1276,3;10,2;4,1;11,1;9,3;4,4;3,9;74;65;70;237;8,4;3,7;
2026/05/20;1400 UTC;0;966,9;967,1;966,7;1812,2;11,9;4,5;12,6;11,1;5,1;4,1;68;60;63;241;9,4;3,8;
2026/05/20;1500 UTC;0;966,9;967,1;966,7;2155,5;12,9;5,2;13,7;12,5;5,8;4,7;63;60;61;239;8,3;3,4;
2026/05/20;1600 UTC;0;966,5;966,7;966,2;2274,1;14,4;5,6;15;13,8;6;5,2;61;54;56;239;8;3,7;
2026/05/20;1700 UTC;0;966,1;966,3;965,9;2150,3;15,2;5,5;15,3;14,9;6,2;5,1;55;50;52;221;9,9;5;
2026/05/20;1800 UTC;0;965,9;966,1;965,7;1823,2;15,2;5,4;15,5;14,9;5,9;4,8;54;47;51;256;7,3;3,4;
2026/05/20;1900 UTC;0;965,9;966;965,7;1297,7;15,3;5;15,5;15,1;5,8;4,4;52;46;49;246;6;3,1;
2026/05/20;2000 UTC;0;966,4;966,7;966;642,6;14,6;5;15,2;13,6;5,4;4,6;57;48;52;217;6,2;4,1;
2026/05/20;2100 UTC;0;967,1;967,5;966,7;66,9;12,5;4,8;13,6;11,6;4,9;4,6;67;56;62;206;5,5;3,4;
2026/05/20;2200 UTC;0;967,7;967,9;967,5;0;10,9;4,9;11,6;10;5;4,8;74;66;70;193;5,6;3,3;
2026/05/20;2300 UTC;0;967,9;968;967,8;0;9,8;4,9;10;9,6;5;4,8;76;74;75;219;5,5;3,6;
2026/05/21;0000 UTC;0;968,3;968,6;968;0;9,5;4,8;9,6;9,3;5,2;4,7;80;75;76;188;8,1;4,1;
2026/05/21;0100 UTC;0;968,7;968,9;968,5;0;8,8;6,7;9,2;8,7;6,9;6;91;84;89;176;8,4;4,9;
2026/05/21;0200 UTC;0;968,9;969;968,8;0;8,6;7;8,7;8,4;7,3;6,6;94;90;92;181;9,6;6,5;
2026/05/21;0300 UTC;0;969,2;969,3;969;0;7,9;5,1;8,3;7,6;6,4;4,5;91;83;86;185;7,1;4,2;
2026/05/21;0400 UTC;0;969,3;969,4;969,1;0;7,6;4,3;7,7;7,6;4,7;3,7;85;81;84;178;8,5;6,2;
2026/05/21;0500 UTC;0;969,1;969,2;969;0;7,4;4;7,6;7,2;4,3;3,7;85;81;83;185;8,6;4,1;
2026/05/21;0600 UTC;0;969,2;969,3;969,2;0;6,7;3,9;7,2;6,2;4,3;3,6;87;85;86;190;7,8;4,5;
2026/05/21;0700 UTC;0;969,4;969,4;969,3;0;5,7;3,5;6,1;5,3;4;3,4;94;87;89;204;4,8;3,1;
2026/05/21;0800 UTC;0;969,3;969,4;969,2;0;5;4,1;5,2;4,8;4,3;4,1;97;94;96;208;4,9;3,4;
2026/05/21;0900 UTC;0;969,3;969,5;969,1;0;4,5;4,1;4,7;4,4;4,3;4;99;97;98;211;5,2;3,4;
2026/05/21;1000 UTC;0;969,7;970;969,4;0;4,2;3,7;4,4;4,1;4;3,3;98;96;97;205;4,8;3,3;
2026/05/21;1100 UTC;0;970,3;970,7;970;36;4,2;2,9;4,3;4,1;3,3;2,5;96;91;94;223;4,4;2,9;
2026/05/21;1200 UTC;0;971,2;971,4;970,8;294,6;5;2,2;5,8;4,3;2,6;2,1;91;82;86;214;3,7;2,3;
2026/05/21;1300 UTC;0;971,4;971,8;971,3;1500,1;6,6;2,5;7,5;5,8;2,9;2,1;83;76;80;201;4,7;2,3;
2026/05/21;1400 UTC;0;971,7;971,8;971,6;1880,2;8,5;3,2;9,4;7,6;4;2,4;77;69;73;184;6,1;3,4;
2026/05/21;1500 UTC;0;971,7;971,8;971,6;1842,2;9,9;3,9;10,6;9,3;4,6;3,3;74;66;70;169;6,9;3,4;
2026/05/21;1600 UTC;0;971,6;971,8;971,4;1200,6;10,3;4;10,7;10;4,3;3,5;71;66;68;185;3,7;1,9;
2026/05/21;1700 UTC;0;971;971,4;970,8;1563,8;11;3,8;11,4;10,5;4,7;3;70;58;64;197;4,2;1,7;
2026/05/21;1800 UTC;0;970,7;970,8;970,7;505,5;10,6;4,4;11,4;10,3;4,9;3,4;73;60;69;176;5,3;2,9;
2026/05/21;1900 UTC;0;970,9;970,9;970,8;518,3;10,6;4,1;10,7;10,3;4,6;3,7;70;65;68;190;3,3;2,1;
2026/05/21;2000 UTC;0;971,1;971,3;970,9;162,9;9,8;4,3;10,3;9,3;4,7;3,9;76;70;72;177;3,9;2,3;
2026/05/21;2100 UTC;0;971,3;971,4;971,2;47,2;8,8;4,7;9,3;8,2;5,1;4,4;83;76;80;178;3,8;2,3;
2026/05/21;2200 UTC;0;971,5;971,6;971,4;0;7,9;4,8;8,2;7,6;5,1;4,7;86;83;85;167;3,9;3;
2026/05/21;2300 UTC;0;971,8;972,2;971,5;0;7,6;4,8;7,8;7,5;4,9;4,6;87;84;86;161;4,5;3,5;
2026/05/22;0000 UTC;0;972,3;972,3;972,2;0;7,7;5,3;7,8;7,5;5,9;4,8;92;85;88;147;4,1;2,8;
2026/05/22;0100 UTC;0;972,2;972,3;972;0;7,5;6,2;7,6;7,5;6,2;5,9;94;92;93;148;5,3;4;
2026/05/22;0200 UTC;0;972,1;972,4;971,9;0;7,5;5,6;7,7;7,1;6;5,4;93;89;91;152;4,1;2,9;
2026/05/22;0300 UTC;0;972,3;972,4;972,1;0;6,7;5,9;7,1;6,4;6,3;5,6;99;93;96;146;4,4;3,1;
2026/05/22;0400 UTC;0;971,9;972,2;971,6;0;6,4;6,1;6,5;6,4;6,3;6,1;99;98;99;137;4,5;3,1;
2026/05/22;0500 UTC;0;971,6;971,7;971,4;0;6,5;6,3;6,5;6,4;6,4;6,3;99;99;99;151;4,5;3,6;
2026/05/22;0600 UTC;0;971,5;971,6;971,4;0;6,4;6,3;6,5;6,3;6,6;6,2;100;99;100;148;5,3;3,8;
2026/05/22;0700 UTC;0;971,3;971,4;971,3;0;6,7;6,7;6,7;6,6;6,8;6,6;100;100;100;159;4,5;3;
2026/05/22;0800 UTC;0;971,5;971,6;971,4;0;6,8;6,8;6,8;6,6;6,9;6,7;100;100;100;161;4;2,5;
2026/05/22;0900 UTC;0;971,7;971,9;971,6;0;6,8;6,9;6,8;6,8;6,9;6,8;100;100;100;159;3,3;2,3;
2026/05/22;1000 UTC;0;972,2;972,4;971,9;0;6,9;7;7,1;6,8;7,1;6,8;100;100;100;171;3,1;2,4;
2026/05/22;1100 UTC;0;972,4;972,5;972,3;24,3;7,3;7,3;7,5;7,1;7,6;7,1;100;100;100;157;4,5;3,2;
2026/05/22;1200 UTC;,2;972,5;972,6;972,4;200,9;7,8;7,8;8,1;7,5;8,2;7,6;100;100;100;162;4,2;2,8;
2026/05/22;1300 UTC;0;972,6;972,7;972,4;460,2;8,6;8,7;9,4;8,1;9,4;8,2;100;100;100;146;6;4,2;
2026/05/22;1400 UTC;0;972,9;973;972,7;748,9;9,7;9,7;10;9,4;10,1;9,5;100;100;100;134;5,7;3,9;
2026/05/22;1500 UTC;0;972,6;972,9;972,3;640,2;10,3;9,9;10,6;10;10,2;9,5;100;95;98;135;6,1;3,5;
2026/05/22;1600 UTC;0;971,9;972,3;971,5;646,2;10,8;9,9;11,1;10,4;10,2;9,6;98;93;95;131;7,4;4,8;
2026/05/22;1700 UTC;0;971,1;971,5;970,7;752,1;11,2;9,9;11,8;10,8;10,3;9,6;96;91;93;132;5,8;3,8;
2026/05/22;1800 UTC;0;970,4;970,7;970;636,6;12;9,5;12,1;11,6;10,1;9,2;91;86;88;128;9,8;5,7;
2026/05/22;1900 UTC;0;970,1;970,3;969,9;541,4;12;9,6;12,2;11,9;9,9;9,3;90;86;88;123;8,3;4,5;
2026/05/22;2000 UTC;0;970,7;971,2;970,3;117,7;11,5;9,4;12,1;11;9,8;9,3;93;87;90;118;6,3;3,9;
2026/05/22;2100 UTC;0;971,2;971,3;971,1;9;10,8;9,9;11;10,5;10,1;9,6;98;93;96;119;6,4;4,2;
2026/05/22;2200 UTC;0;971,2;971,3;971,1;0;10,4;10,1;10,5;10,3;10,2;10;99;98;99;131;6,5;4,8;
2026/05/22;2300 UTC;0;971,5;971,6;971,3;0;10,3;10,3;10,3;10,3;10,3;10,2;100;99;100;133;5,3;3,3;
2026/05/23;0000 UTC;0;971,5;971,7;971,2;0;10,3;10,4;10,3;10,3;10,4;10,3;100;100;100;132;6,5;4,8;
2026/05/23;0100 UTC;,4;971,6;971,7;971,5;0;10,4;10,4;10,4;10,3;10,5;10,4;100;100;100;136;5,2;3,5;
2026/05/23;0200 UTC;0;971,5;971,5;971,4;0;10,5;10,5;10,6;10,4;10,6;10,5;100;100;100;120;4,9;3;
2026/05/23;0300 UTC;,2;971,7;971,8;971,5;0;10,6;10,7;10,7;10,6;10,7;10,6;100;100;100;151;2,9;1,7;
2026/05/23;0400 UTC;,2;971,4;971,8;971,1;0;10,7;10,8;10,7;10,7;10,8;10,7;100;100;100;116;4,8;3,2;
2026/05/23;0500 UTC;,2;970,8;971,1;970,5;0;10,7;10,8;10,8;10,7;10,8;10,7;100;100;100;117;4,8;3,2;
2026/05/23;0600 UTC;,2;970,5;970,6;970,3;0;10,8;10,9;10,9;10,8;10,9;10,8;100;100;100;149;4,4;2,9;
2026/05/23;0700 UTC;,4;970,4;970,5;970,2;0;10,8;10,9;10,9;10,8;10,9;10,8;100;100;100;135;3,1;2,2;
2026/05/23;0800 UTC;,2;970,3;970,4;970,1;0;10,9;11;11;10,8;11;10,9;100;100;100;142;3,1;1,7;
2026/05/23;0900 UTC;,4;970,2;970,4;970,1;0;10,6;10,7;11;10,4;11;10,4;100;100;100;204;2,4;1,8;
2026/05/23;1000 UTC;,4;970,6;970,7;970,5;0;10,3;10,4;10,4;10,3;10,4;10,3;100;100;100;179;2,3;1,9;
2026/05/23;1100 UTC;,2;970,7;970,8;970,6;25,5;10,4;10,4;10,6;10,3;10,7;10,3;100;100;100;149;2,5;2,1;
2026/05/23;1200 UTC;,2;970,8;970,9;970,8;188,3;11;11,1;11,4;10,6;11,5;10,7;100;100;100;118;3,5;2,5;
2026/05/23;1300 UTC;0;970,9;971;970,7;336;11,8;11,8;12,1;11,5;12,1;11,5;100;100;100;99;5;2,9;
2026/05/23;1400 UTC;0;970,8;971;970,5;641,3;12,7;12,7;13,2;12;13,2;12,1;100;100;100;100;4,9;2,8;
2026/05/23;1500 UTC;0;970,4;970,6;970,1;935,6;13,5;13,2;14,5;12,8;13,7;12,8;100;96;99;96;4,6;2,5;
2026/05/23;1600 UTC;0;970;970,1;969,9;914,9;14,5;13;14,8;14,1;13,6;12,3;96;89;93;86;4,5;2,4;
2026/05/23;1700 UTC;,4;969,5;969,9;969;1159,4;14,4;13,1;15,3;13,3;14;12,4;99;87;94;117;5,6;2,8;
2026/05/23;1800 UTC;0;968,8;969;968,6;981,6;14,5;12,7;15;14,1;13,2;12,1;95;86;91;100;6;3,5;
2026/05/23;1900 UTC;,2;968,6;968,7;968,5;697,9;14,5;12,7;14,9;14,1;13,2;12,2;94;88;91;95;4,5;3,1;
2026/05/23;2000 UTC;0;968,5;968,7;968,4;319,8;13,9;12,1;14,7;13,3;12,7;11,5;95;86;91;98;6;3,4;
2026/05/23;2100 UTC;0;968,8;969;968,6;33,3;13,1;12,3;13,3;12,8;12,4;12,1;97;95;96;83;4,4;2,5;
2026/05/23;2200 UTC;0;969,1;969,2;968,9;0;12,5;11,8;12,8;12,2;12,1;11,6;97;96;96;96;5,7;3,5;
2026/05/23;2300 UTC;0;969,2;969,3;969,1;0;12,2;11,8;12,2;12,1;12;11,6;99;97;98;101;5,1;2,9;
2026/05/24;0000 UTC;0;969,2;969,3;969,1;0;12,2;12,2;12,2;12,1;12,3;12;100;99;100;104;6,1;3,2;
2026/05/24;0100 UTC;0;969,3;969,3;969,2;0;12,3;12,3;12,3;12,2;12,4;12,3;100;100;100;111;6,4;3,8;
2026/05/24;0200 UTC;0;969,2;969,3;969,1;0;12,3;12,3;12,3;12,2;12,4;12,3;100;100;100;103;5,4;3,3;
2026/05/24;0300 UTC;0;969,2;969,2;969,1;0;12,1;12,2;12,2;12,1;12,3;12,2;100;100;100;114;6,9;4,3;
2026/05/24;0400 UTC;0;969;969,2;968,7;0;12,1;12,2;12,2;12,1;12,2;12,2;100;100;100;114;6,2;3,4;
2026/05/24;0500 UTC;0;968,5;968,7;968,4;0;12;12,1;12,1;11,9;12,2;11,9;100;100;100;84;4;1,9;
2026/05/24;0600 UTC;0;968;968,4;967,7;0;11,8;11,8;11,9;11,7;11,9;11,7;100;100;100;91;4,3;2,2;
2026/05/24;0700 UTC;0;967,6;967,7;967,5;0;11,7;11,8;11,7;11,7;11,8;11,7;100;100;100;79;5;2,6;
2026/05/24;0800 UTC;0;967,4;967,6;967,2;0;11,6;11,7;11,7;11,6;11,8;11,6;100;100;100;96;4,8;2,7;
2026/05/24;0900 UTC;0;967,3;967,4;967,2;0;11,5;11,6;11,6;11,4;11,7;11,4;100;100;100;116;4,7;3;
2026/05/24;1000 UTC;0;967,5;967,9;967,4;0;11,2;11,3;11,4;11,1;11,4;11,2;100;100;100;129;3,5;2,2;
2026/05/24;1100 UTC;0;968,1;968,2;967,8;32,2;11,2;11,3;11,3;11,1;11,4;11,2;100;100;100;104;3,7;2,4;
2026/05/24;1200 UTC;0;968,2;968,4;968,1;248,5;11,7;11,7;12;11,3;12,1;11,4;100;100;100;110;5,1;3;
2026/05/24;1300 UTC;0;968,6;969,1;968,4;394,9;12,3;12,3;12,6;12;12,7;12,1;100;100;100;132;5,8;3,3;
2026/05/24;1400 UTC;0;969,2;969,4;968,9;424,5;12,8;12,9;13,2;12,6;13,3;12,7;100;100;100;121;4,4;3;
2026/05/24;1500 UTC;0;968,4;968,9;967,8;1333,5;14,1;13,8;15,5;13,2;14,4;13;100;88;98;99;7,2;3;
2026/05/24;1600 UTC;0;967,7;967,9;967,3;1042,4;14,9;12,8;15,8;14,4;13,4;12;93;82;89;78;5,6;3,2;
2026/05/24;1700 UTC;0;967,1;967,4;966,6;1652,4;16,1;12;16,7;15,4;12,9;11;83;74;80;89;8,4;4,3;
2026/05/24;1800 UTC;0;966,6;966,8;966,4;1697,6;16,5;11,6;16,9;16,1;12,3;10,5;79;69;76;96;7,2;3,7;
2026/05/24;1900 UTC;0;966,3;966,6;966;929,9;15,8;11,6;16,3;15,4;12,3;11,2;82;75;79;87;6,8;4,1;
2026/05/24;2000 UTC;0;966,1;966,2;965,9;551,6;15,6;11,9;16,1;14,8;12,5;11,5;85;78;82;101;8,1;4,7;
2026/05/24;2100 UTC;0;966,1;966,3;965,9;35,1;13,8;11,8;14,7;13,1;11,9;11,7;93;85;90;99;5,8;3,9;
2026/05/24;2200 UTC;0;966,3;966,5;966,1;0;12,9;11,7;13,1;12,7;11,8;11,4;95;93;94;73;6,3;3,9;
2026/05/24;2300 UTC;0;966,6;966,7;966,3;0;12,5;11;12,7;12,2;11,4;10,7;94;92;92;85;5,8;3,4;
2026/05/25;0000 UTC;0;966,6;966,9;966,3;0;12,2;11,1;12,2;12,1;11,2;10,9;96;93;95;56;5,4;3;
2026/05/25;0100 UTC;0;966,9;967,1;966,7;0;11,9;11,4;12;11,9;11,5;11,2;98;96;97;70;7,4;4;
2026/05/25;0200 UTC;0;966,9;967;966,8;0;11,8;11,5;11,9;11,6;11,6;11,4;99;98;99;63;6,6;3,3;
2026/05/25;0300 UTC;0;966,9;967,1;966,8;0;11,8;11,4;11,9;11,7;11,5;11,4;99;98;98;60;5,3;3;
2026/05/25;0400 UTC;0;966,6;966,9;966,3;0;12;11,4;12,1;11,9;11,5;11,3;98;96;97;73;6;3,4;
2026/05/25;0500 UTC;0;966,2;966,4;966;0;11,8;11,3;12;11,8;11,4;11,1;98;97;97;65;6,7;3,7;
2026/05/25;0600 UTC;0;966,1;966,3;965,8;0;12,1;11,5;12,2;12;11,6;11,4;98;97;97;75;6;3,5;
2026/05/25;0700 UTC;0;965,7;965,9;965,5;0;11,9;11,6;12;11,9;11,8;11,5;99;98;99;82;6,9;3,1;
2026/05/25;0800 UTC;0;965,6;965,8;965,5;0;12,1;12;12,3;11,9;12,1;11,8;100;99;100;54;4,5;2,4;
2026/05/25;0900 UTC;0;965,4;965,7;965,1;0;12,2;12;12,3;12,2;12,1;12;99;99;99;55;5,6;2,4;
2026/05/25;1000 UTC;0;965,5;965,8;965,2;0;12,4;12,3;12,5;12,2;12,5;12,1;100;99;100;76;6,6;3,9;
2026/05/25;1100 UTC;0;965,7;965,9;965,6;62,7;12,4;12,5;12,5;12,4;12,6;12,4;100;100;100;81;7,3;4,6;
2026/05/25;1200 UTC;0;965,8;966,2;965,5;357,8;13,2;13;13,5;12,5;13,2;12,6;100;98;99;77;11,7;5,7;
2026/05/25;1300 UTC;0;966,5;966,7;966,2;491,2;13,6;13,3;13,8;13,5;13,3;13,1;99;97;98;72;9,4;4,5;
2026/05/25;1400 UTC;0;966,7;966,9;966,3;1184,7;14,9;13,2;15,9;13,8;13,5;12,8;97;85;92;72;10,1;4,6;
2026/05/25;1500 UTC;,2;966;966,4;965,5;1857,4;16,6;13,2;17,4;15,9;13,7;12,9;88;78;83;77;9,9;5,4;
2026/05/25;1600 UTC;0;965,3;965,7;964,9;1367;17,4;13,6;17,7;17;14,3;12,9;85;78;81;81;8,9;5,4;
2026/05/25;1700 UTC;0;965;965,1;964,8;1304,7;17,6;13,4;18,1;17,1;14,1;12,9;82;76;79;64;7,2;3,4;
2026/05/25;1800 UTC;0;964,4;964,8;964,3;832,5;17,1;13,7;17,4;17;14;13,3;85;80;83;73;6,6;3,5;
2026/05/25;1900 UTC;0;964,3;964,5;964,1;498,3;17;13,9;17,3;16,7;14,4;13,4;87;81;84;86;5,7;3;
2026/05/25;2000 UTC;0;964,1;964,3;963,9;167,5;16,3;13,9;16,7;16,1;14,2;13,6;90;85;88;87;5,6;3,2;
2026/05/25;2100 UTC;0;963,9;964,1;963,6;48,8;15,7;14,1;16,1;15,3;14,2;14;94;89;92;96;7,1;4,7;
2026/05/25;2200 UTC;0;963,7;964,2;963,3;0;15,1;14,1;15,3;14,9;14,2;14,1;96;94;95;88;6,4;3,8;
2026/05/25;2300 UTC;0;964,2;964,4;963,9;0;14,8;14;14,9;14,7;14,2;13,9;96;96;96;96;7,1;4,4;
2026/05/26;0000 UTC;0;964,6;964,8;964,3;0;14,6;14;14,7;14,5;14,1;14;98;96;97;85;7,2;4,3;
2026/05/26;0100 UTC;0;965;965,2;964,5;0;14,4;14,2;14,5;14,4;14,3;14,1;99;98;99;44;5,8;3,1;
2026/05/26;0200 UTC;0;964,7;965,1;964,4;0;14,4;14,3;14,4;14,4;14,4;14,2;100;99;99;61;5,6;3,3;
2026/05/26;0300 UTC;0;964,5;964,6;964,3;0;14,4;14,3;14,4;14,3;14,4;14,3;100;100;100;57;3,4;1,7;
2026/05/26;0400 UTC;0;964;964,4;963,6;0;14,4;14,3;14,4;14,4;14,3;14,2;100;99;99;187;3,1;,7;
2026/05/26;0500 UTC;2,2;964;964,4;963,5;0;14,2;14,2;14,4;14,1;14,2;14,1;100;99;100;123;3,4;1,1;
2026/05/26;0600 UTC;1,4;963,5;963,8;962,8;0;14;14,1;14,1;13,9;14,1;14;100;100;100;198;2,8;1,5;
2026/05/26;0700 UTC;,4;963,3;963,5;962,9;0;13,9;14;13,9;13,9;14;13,9;100;100;100;127;2,9;1,8;
2026/05/26;0800 UTC;,2;963,2;963,6;963;0;13,9;13,9;13,9;13,9;14;13,9;100;100;100;139;1,7;1,4;
2026/05/26;0900 UTC;,8;963,2;963,4;963,1;0;13,9;13,9;13,9;13,9;14;13,9;100;100;100;189;2,6;2;
2026/05/26;1000 UTC;3,2;963,7;963,9;963,4;0;13,8;13,9;13,9;13,7;13,9;13,8;100;100;100;193;3,2;2,2;
2026/05/26;1100 UTC;0;964,1;964,4;963,9;19,6;13,8;13,8;13,9;13,7;13,9;13,8;100;100;100;175;3,3;2,3;
2026/05/26;1200 UTC;,2;964,4;964,6;964,4;106,6;13,9;14;14;13,9;14;13,9;100;100;100;182;5,2;3,2;
2026/05/26;1300 UTC;0;964,6;965;964,2;325,5;14,1;14,2;14,2;13,9;14,3;14;100;100;100;184;6,5;3,8;
2026/05/26;1400 UTC;0;965;965,1;964,9;353,7;13,8;13,9;14,1;13,5;14,2;13,5;100;100;100;204;7,1;4;
2026/05/26;1500 UTC;0;964,9;965;964,8;616,9;13,7;13,8;14;13,4;14;13,5;100;100;100;190;6,7;4,1;
2026/05/26;1600 UTC;0;964,6;964,8;964,4;465,2;13,9;14;14,1;13,8;14,2;13,9;100;100;100;173;8,6;5,3;
2026/05/26;1700 UTC;0;964,1;964,4;964;571,6;14,2;14,2;14,4;13,9;14,5;13,9;100;100;100;177;7,3;4,4;
2026/05/26;1800 UTC;0;963,9;964;963,8;963;14,9;14,4;15,7;14,5;14,9;14;100;94;98;187;6,3;3,3;
2026/05/26;1900 UTC;0;963,7;963,8;963,6;821,2;15,7;14,4;16,1;15,5;14,7;14,1;96;91;93;153;7,1;4,3;
2026/05/26;2000 UTC;,2;964,2;964,6;963,8;146;14,5;14;15,6;13,9;14,5;13,7;100;92;97;123;6,2;3,7;
2026/05/26;2100 UTC;0;964,7;965;964,6;22,1;13,6;13,5;13,9;13,3;13,8;13,3;100;99;100;149;5,4;3,8;
2026/05/26;2200 UTC;0;965,3;965,8;965;0;13,3;13,3;13,4;13,1;13,5;13,2;100;100;100;144;6,6;4,5;
2026/05/26;2300 UTC;0;966;966,2;965,8;0;13,1;13,1;13,1;13;13,2;13,1;100;100;100;132;5,6;3,9;
2026/05/27;0000 UTC;0;966,3;966,4;966,2;0;13,1;13,1;13,1;13;13,2;13,1;100;100;100;126;5,1;3,9;
2026/05/27;0100 UTC;0;966,6;966,8;966,5;0;13;13;13,1;12,9;13,1;12,9;100;100;100;141;5,4;3,1;
2026/05/27;0200 UTC;0;966,9;967,1;966,7;0;12,9;12,9;12,9;12,8;13;12,9;100;100;100;154;6,4;3,8;
2026/05/27;0300 UTC;0;967;967,1;967;0;12,8;12,9;12,9;12,8;12,9;12,9;100;100;100;163;6,1;4,5;
2026/05/27;0400 UTC;0;966,9;967;966,8;0;12,7;12,8;12,8;12,7;12,9;12,7;100;100;100;168;4,7;3;
2026/05/27;0500 UTC;0;967;967;966,9;0;12,5;12,6;12,7;12,5;12,7;12,5;100;100;100;166;5;3,7;
2026/05/27;0600 UTC;0;966,9;967;966,8;0;12,4;12,5;12,5;12,3;12,5;12,4;100;100;100;151;6,4;3,7;
2026/05/27;0700 UTC;,2;966,9;967;966,8;0;12,3;12,3;12,3;12,2;12,4;12,3;100;100;100;153;4,1;2,7;
2026/05/27;0800 UTC;0;966,7;966,8;966,6;0;12,2;12,2;12,2;12,1;12,3;12,2;100;100;100;159;3,8;2,7;
2026/05/27;0900 UTC;0;966,8;967;966,8;0;12;12,1;12,1;12;12,1;12;100;100;100;176;4;2,6;
2026/05/27;1000 UTC;0;967;967,2;966,9;0;11,8;11,9;12;11,7;12;11,7;100;100;100;132;4,7;3,1;
2026/05/27;1100 UTC;0;967,4;967,6;967,2;27,2;11,4;11,4;11,7;11,2;11,7;11,3;100;100;100;146;3,2;2,1;
2026/05/27;1200 UTC;0;968,1;968,6;967,6;234,3;11,6;11,7;11,7;11,4;11,8;11,5;100;100;100;210;2,4;1,4;
2026/05/27;1300 UTC;0;968,6;968,8;968,5;460,7;12;12;12,5;11,7;12,5;11,8;100;100;100;163;2,4;1,4;
2026/05/27;1400 UTC;0;968,9;968,9;968,8;1007,2;13,2;13,3;13,5;12,5;13,6;12,5;100;100;100;157;4;2,4;
2026/05/27;1500 UTC;0;968,8;968,9;968,5;1549,4;14,4;13,7;15,3;13,5;14,3;12,3;100;85;96;114;3,9;2,5;
2026/05/27;1600 UTC;0;968,2;968,6;968;1765,3;15,8;12,7;16,1;15,3;13,6;11,9;90;80;84;128;4,2;2,4;
2026/05/27;1700 UTC;0;967,7;968;967,4;1291,9;16,3;12,7;16,9;15,9;13,6;11,6;87;76;82;127;2,9;1,4;
2026/05/27;1800 UTC;0;967,2;967,4;967,1;1270,2;16,8;12,7;17,4;16,4;13,3;12,1;83;76;79;120;5,3;2,8;
2026/05/27;1900 UTC;0;967,2;967,3;967,1;911,3;16,1;12,6;16,3;15,7;13,1;12,1;87;80;83;115;4,8;3,3;
2026/05/27;2000 UTC;0;967,1;967,2;967,1;584,9;15,5;12,5;15,9;15,1;13,1;11,9;88;82;85;141;4,5;2,8;
2026/05/27;2100 UTC;0;967,2;967,4;967,1;38;13,8;12,2;15,1;12,6;12,6;12;97;85;92;124;3,5;2,8;
2026/05/27;2200 UTC;0;967,6;967,7;967,5;0;12,3;12,1;12,6;12,1;12,2;11,9;100;97;99;107;5,5;4;
2026/05/27;2300 UTC;0;967,8;968;967,6;0;12,2;12,2;12,3;12,1;12,4;12,1;100;100;100;119;5,9;4,4;
2026/05/28;0000 UTC;0;968,1;968,2;968;0;11,9;12;12,1;11,8;12,2;11,9;100;100;100;123;5,9;4;
2026/05/28;0100 UTC;0;968;968,1;968;0;11,5;11,6;11,8;11,3;11,8;11,3;100;100;100;118;6,9;4,6;
2026/05/28;0200 UTC;0;968;968,1;967,9;0;11,1;11,1;11,3;11;11,3;11,1;100;100;100;108;6,2;4;
2026/05/28;0300 UTC;0;967,9;968;967,7;0;11;11,1;11,1;11;11,2;11;100;100;100;119;6,7;4,5;
2026/05/28;0400 UTC;0;967,7;968;967,5;0;11;11;11;10,9;11,1;11;100;100;100;114;6,4;4,2;
2026/05/28;0500 UTC;0;967,3;967,5;967,1;0;11;11,1;11,1;10,9;11,2;11;100;100;100;96;4,6;2,4;
2026/05/28;0600 UTC;0;967;967,2;966,8;0;11,2;11,3;11,3;11,1;11,4;11,2;100;100;100;51;3,7;1,7;
2026/05/28;0700 UTC;0;966,7;966,9;966,6;0;11,3;11,3;11,3;11,2;11,4;11,3;100;100;100;94;2,5;1,5;
2026/05/28;0800 UTC;0;966,8;966,9;966,7;0;11,3;11,4;11,3;11,3;11,4;11,3;100;100;100;196;,8;,3;
2026/05/28;0900 UTC;0;966,8;966,9;966,8;0;11,4;11,4;11,4;11,3;11,4;11,4;100;100;100;154;1,5;1,2;
2026/05/28;1000 UTC;0;967;967,1;966,8;0;11,4;11,4;11,4;11,3;11,5;11,3;100;100;100;109;3,1;1,9;
2026/05/28;1100 UTC;0;967,3;967,4;967;21,8;11,2;11,3;11,4;11,2;11,4;11,2;100;100;100;116;4,3;2,5;
2026/05/28;1200 UTC;0;967,5;967,7;967,4;131;11,5;11,6;11,7;11,4;11,7;11,4;100;100;100;105;5,4;3;
2026/05/28;1300 UTC;0;967,9;968,3;967,7;233,1;11,7;11,8;11,8;11,6;11,9;11,7;100;100;100;99;5,7;3,1;
2026/05/28;1400 UTC;,2;968,3;968,4;968,2;562,8;12,2;12,2;12,6;11,9;12,7;11,9;100;100;100;117;4,9;2,6;
2026/05/28;1500 UTC;0;968;968,3;967,8;558,4;12,7;12,5;12,8;12,6;12,9;11,9;100;96;99;100;4,7;2,9;
2026/05/28;1600 UTC;0;967,3;967,8;966,9;704,9;13,2;12;13,5;12,7;12,5;11,4;97;90;94;77;3,5;1,8;
2026/05/28;1700 UTC;0;966,5;966,9;966,1;658,5;13,5;11,2;14;13,3;12,2;10,1;94;84;88;83;3,8;1,5;
2026/05/28;1800 UTC;0;966;966,1;965,8;531;13,8;11,1;14;13,7;11,8;9,6;90;79;86;102;4,7;2,8;
2026/05/28;1900 UTC;0;965,7;965,8;965,6;339,1;13,5;11,2;13,8;13,3;11,7;10;92;81;89;108;4,4;2,8;
2026/05/28;2000 UTC;0;965,9;966,1;965,7;184,4;13,1;10,7;13,4;12,7;11,6;9,8;91;83;88;115;4,6;2,7;
2026/05/28;2100 UTC;0;966,3;966,4;966,1;10,3;12,3;10,1;12,7;11,9;10,5;9,6;91;86;89;99;4,8;2,5;
2026/05/28;2200 UTC;0;966,6;966,8;966,4;0;12;10,6;12;11,9;11,1;9,8;95;90;93;113;4,8;2,8;
2026/05/28;2300 UTC;0;967,1;967,3;966,8;0;11,9;10,9;12;11,7;11,2;10;96;91;95;90;5,7;2,8;
2026/05/29;0000 UTC;0;967,4;967,5;967,2;0;11,6;10,6;11,7;11,6;11;10;97;91;95;111;4,9;3;
2026/05/29;0100 UTC;0;967,2;967,5;966,9;0;11,5;11,2;11,6;11,4;11,3;11,1;99;97;99;111;7,4;4,2;
2026/05/29;0200 UTC;0;967,3;967,5;967;0;11,4;11,2;11,4;11,3;11,3;11,1;99;99;99;88;5,8;3,4;
2026/05/29;0300 UTC;0;967,7;967,8;967,5;0;11,3;11,1;11,3;11,3;11,1;11,1;99;99;99;89;4,2;2,1;
2026/05/29;0400 UTC;0;967,6;967,7;967,5;0;11,3;11,1;11,3;11,2;11,2;10,9;99;98;99;79;4,3;2,7;
2026/05/29;0500 UTC;0;967,4;967,6;967,3;0;11,3;11,2;11,3;11,2;11,3;11;100;99;100;69;4;1,6;
2026/05/29;0600 UTC;0;967,5;967,6;967,3;0;11,3;11,2;11,3;11,2;11,3;11,1;100;99;100;74;4,3;2,5;
2026/05/29;0700 UTC;0;967;967,3;966,6;0;11,3;11,3;11,3;11,3;11,4;11,2;100;99;100;109;5,3;3,1;
2026/05/29;0800 UTC;0;966,8;966,9;966,7;0;11,3;11,3;11,3;11,2;11,4;11,3;100;100;100;109;4,8;3;
2026/05/29;0900 UTC;0;966,7;966,9;966,6;0;11,2;11,3;11,3;11,1;11,4;11,2;100;100;100;90;6,4;3,9;
2026/05/29;1000 UTC;0;966,9;967,1;966,8;0;11,2;11,3;11,3;11,2;11,3;11,2;100;100;100;112;6,6;3,7;
2026/05/29;1100 UTC;0;967,4;967,8;967;15,7;11,2;11,2;11,2;11,2;11,3;11,2;100;100;100;100;4,4;2,3;
2026/05/29;1200 UTC;0;967,8;968,1;967,6;156,1;11,4;11,4;11,6;11,2;11,6;11,2;100;100;100;94;6,4;3,9;
2026/05/29;1300 UTC;0;968,3;968,5;968,1;399,8;11,8;11,8;12,2;11,5;12,3;11,6;100;100;100;96;7,5;4,9;
2026/05/29;1400 UTC;0;968,8;969;968,5;975,9;13,5;12;14,4;12,2;12,7;11,2;100;84;93;93;7,8;4,4;
2026/05/29;1500 UTC;0;968,1;968,7;967,8;932,7;14,2;12,3;15,3;13,8;12,9;11,7;93;86;90;95;7,4;4,6;
2026/05/29;1600 UTC;0;967,5;967,9;967;923;15,3;12,7;15,7;14,8;13;12,3;90;83;87;92;8,3;4,3;
2026/05/29;1700 UTC;0;966,8;967;966,4;556,6;15,3;12,7;15,5;15,1;13,1;12,4;89;85;87;92;8,6;5,2;
2026/05/29;1800 UTC;0;966,2;966,4;965,9;624;15,4;12,9;15,7;15,2;13,3;12,5;89;86;87;103;7,7;4,6;
2026/05/29;1900 UTC;0;965,7;965,9;965,5;358,6;15,1;13;15,3;14,8;13,3;12,6;91;88;90;82;8,3;4,3;
2026/05/29;2000 UTC;0;966;966,4;965,6;105,3;14,5;12,5;14,8;14,1;12,7;12,2;91;89;90;94;6;3,8;
2026/05/29;2100 UTC;0;966,7;966,9;966,3;5,8;13,8;12,1;14,1;13,6;12,3;11,9;93;90;91;78;5,7;3,3;
2026/05/29;2200 UTC;0;966,9;967;966,7;0;13,4;11,8;13,6;13,3;12;11,7;93;91;92;76;5,8;3,5;
2026/05/29;2300 UTC;0;966,9;967;966,8;0;13,2;11,6;13,3;13,2;11,8;11,4;92;91;92;73;6,8;3,8;
2026/05/30;0000 UTC;0;966,9;967,1;966,8;0;13,1;11,6;13,2;13,1;11,7;11,5;93;91;92;74;7,4;4,2;
2026/05/30;0100 UTC;0;966,9;967,2;966,7;0;13,1;11,8;13,1;13;12;11,7;94;93;94;61;8;3,8;
2026/05/30;0200 UTC;0;966,8;967;966,6;0;13;12,2;13,1;13;12,4;12;97;94;96;62;8,4;4,5;
2026/05/30;0300 UTC;0;967,1;967,2;966,8;0;13;12,4;13;13;12,4;12,3;97;97;97;61;6,2;3,8;
2026/05/30;0400 UTC;0;966,9;967;966,5;0;13;12,6;13;13;12,7;12,4;99;97;98;63;7,8;4,5;
2026/05/30;0500 UTC;0;966,7;966,9;966,3;0;13;12,8;13,1;13;12,8;12,8;99;99;99;76;5,6;2,9;
2026/05/30;0600 UTC;0;966,6;966,8;966,2;0;13;12,8;13,1;13;12,8;12,8;99;99;99;75;5,3;3,2;
2026/05/30;0700 UTC;0;966,2;966,3;966,1;0;13;12,8;13;12,9;12,8;12,7;99;99;99;68;4,2;2,3;
2026/05/30;0800 UTC;0;966;966,2;965,9;0;13;12,9;13;13;13;12,9;100;99;100;75;6,3;3;
2026/05/30;0900 UTC;0;966,1;966,2;966;0;13;13;13;13;13,1;13;100;100;100;75;7,1;4,8;
2026/05/30;1000 UTC;0;966,5;966,8;966,1;0;13;13;13;12,9;13,1;13;100;100;100;87;4,2;2,5;
2026/05/30;1100 UTC;0;966,8;967,1;966,7;38,6;13;13,1;13,1;12,9;13,2;13;100;100;100;86;4,5;2,5;
2026/05/30;1200 UTC;0;967,3;967,4;967,2;265,3;13,4;13,5;13,8;13,1;13,7;13,2;100;100;100;107;4,6;3,2;
2026/05/30;1300 UTC;0;967,5;967,8;967,3;485;14;13,5;14,2;13,8;13,8;13,3;100;96;98;90;4,5;2,2;
2026/05/30;1400 UTC;0;967,9;968;967,8;512,1;14,4;13,3;14,9;14,2;13,6;12,8;96;92;95;109;3,2;1,8;
2026/05/30;1500 UTC;0;967,4;967,8;967,1;785,8;15,3;13;15,6;14,9;13,7;12,1;93;84;88;77;3;1;
2026/05/30;1600 UTC;0;966,6;967,1;966,3;1194,9;16,1;12,8;17;15,5;13,7;12,2;88;77;84;117;3,1;1,5;
2026/05/30;1700 UTC;0;965,9;966,3;965,6;1906,2;17,7;12,7;18,6;17;13,7;12;83;69;75;234;2,6;1,1;
2026/05/30;1800 UTC;0;965,4;965,6;965,2;1189,4;18,5;13,1;19,2;17,5;13,8;12,1;81;68;73;158;3,1;2,1;
2026/05/30;1900 UTC;0;965,2;965,3;965,1;517,4;17,1;13,4;17,5;16,9;13,8;13;84;78;82;118;2,7;1,6;
2026/05/30;2000 UTC;0;965,4;965,5;965,3;416,8;17,4;13,5;17,8;17;13,9;12,9;83;77;80;116;3;2;
2026/05/30;2100 UTC;0;965,6;965,6;965,5;26,1;15,5;13,1;16,9;14,5;13,3;12,8;93;82;88;91;3,4;2,5;
2026/05/30;2200 UTC;0;965,6;965,8;965,5;0;14;12,6;14,5;13,8;13,2;11,9;94;90;93;36;3,7;2,4;
2026/05/30;2300 UTC;0;966,1;966,3;965,8;0;14,3;12,4;14,8;13,9;13;12;92;89;91;33;3,3;2,2;
2026/05/31;0000 UTC;0;966;966,2;965,8;0;15;12,8;15,1;14,8;13,2;12,5;91;87;89;66;4,6;3,4;
2026/05/31;0100 UTC;0;966;966,2;965,9;0;14,6;12,9;14,9;14,4;13,1;12,6;93;88;91;40;3,6;2,7;
2026/05/31;0200 UTC;0;965,8;965,9;965,7;0;14,9;12,1;15,1;14,6;12,5;11,6;88;83;86;46;5,8;4,3;
2026/05/31;0300 UTC;0;965,6;965,8;965,5;0;14,6;12,7;15,1;14,2;13,1;11,8;94;83;91;81;4,7;3,2;
2026/05/31;0400 UTC;0;965,5;965,6;965,4;0;14,1;13;14,6;13,9;13,2;12,4;97;89;94;343;6,2;4,1;
2026/05/31;0500 UTC;0;965,4;965,5;965,3;0;13,8;13,4;13,9;13,8;13,6;13,2;99;97;98;339;5,4;3,9;
2026/05/31;0600 UTC;0;965,1;965,3;964,8;0;13,9;13,7;14;13,8;14;13,6;100;99;99;333;5,5;3,7;
2026/05/31;0700 UTC;0;964,8;964,9;964,7;0;14,2;14,1;14,3;14;14,2;14;100;100;100;315;5,4;3;
2026/05/31;0800 UTC;0;964,8;964,9;964,6;0;14,2;14,1;14,2;14,2;14,2;14;100;99;100;318;5,4;3,3;
2026/05/31;0900 UTC;0;964,8;964,9;964,7;0;14,2;14,2;14,2;14,1;14,3;14,2;100;100;100;297;3,3;2;
2026/05/31;1000 UTC;0;965,1;965,5;964,9;0;13,9;14;14,1;13,7;14,2;13,8;100;100;100;304;3,6;2,4;
2026/05/31;1100 UTC;0;965,7;965,9;965,5;31,3;13,5;13,6;13,7;13,4;13,8;13,4;100;100;100;225;3,3;2;
2026/05/31;1200 UTC;0;966,1;966,3;965,9;252;13,4;13,4;13,5;13,4;13,5;13,4;100;100;100;218;4,1;2,2;
2026/05/31;1300 UTC;0;966,6;966,8;966,3;346,8;13,7;13,7;14,3;13,5;13,9;13,5;100;96;100;214;4,4;2,3;
2026/05/31;1400 UTC;0;966,7;966,8;966,6;808,6;14,7;13,5;15;14,3;13,7;13,2;96;92;94;212;4,8;2,6;
2026/05/31;1500 UTC;0;966,4;966,6;966,1;1183,3;15,4;13,3;15,8;14,9;13,7;13;93;87;89;199;4,6;2,6;
2026/05/31;1600 UTC;0;965,7;966,1;965,2;1681,5;15,8;13;16,3;15,2;13,4;12,6;90;82;86;212;5,1;2,8;
2026/05/31;1700 UTC;0;964,9;965,2;964,8;1446,6;16,3;12,6;16,5;16,1;13,1;12,2;84;79;82;185;4,9;3;
2026/05/31;1800 UTC;0;964,7;964,8;964,6;1052;16,2;12,3;16,5;16;12,8;12;83;78;81;212;4,8;2,3;
2026/05/31;1900 UTC;0;964,4;964,6;964,2;819,9;16,3;12,2;16,5;16,1;12,7;11,7;82;77;79;204;4,1;2,4;
2026/05/31;2000 UTC;0;964,3;964,5;964,2;530,1;16,1;12,1;16,5;15,5;12,5;11,8;83;77;80;219;3,4;2,2;
2026/05/31;2100 UTC;0;964,7;965;964,5;20;14,4;12,1;15,5;13,7;12,3;11,9;91;83;88;187;2,8;1,9;
2026/05/31;2200 UTC;0;965,3;965,5;965;0;13,1;12,4;13,7;12,8;12,6;12;99;91;96;154;4,3;3;
2026/05/31;2300 UTC;0;965,7;965,9;965,6;0;12,8;12,6;12,9;12,7;12,7;12,5;99;99;99;123;3,9;2,9;
2026/06/01;0000 UTC;0;966;966,2;965,9;0;12,5;12,3;12,7;12,5;12,5;12,2;99;99;99;139;3,4;2,3;
2026/06/01;0100 UTC;0;966;966,1;965,9;0;12,1;11,8;12,5;11,9;12,2;11,5;99;97;98;143;2,9;2;
2026/06/01;0200 UTC;0;965,8;965,9;965,7;0;12;11,7;12;11,9;11,8;11,6;99;99;99;127;3,2;2,6;
2026/06/01;0300 UTC;0;965,9;966;965,8;0;11,9;11,7;11,9;11,9;11,8;11,6;99;99;99;147;3,4;2,7;
2026/06/01;0400 UTC;0;965,9;966;965,8;0;11,8;11,7;11,9;11,7;11,7;11,6;100;99;100;143;3,9;2,9;
2026/06/01;0500 UTC;0;966;966,1;965,9;0;11,6;11,6;11,7;11,5;11,7;11,6;100;100;100;157;3,5;2,4;
2026/06/01;0600 UTC;0;965,9;966;965,8;0;11,3;11,4;11,5;11,1;11,6;11,2;100;100;100;174;2,7;1,7;
2026/06/01;0700 UTC;0;965,8;965,9;965,8;0;11,1;11,1;11,2;11,1;11,2;11,1;100;100;100;174;3;1,7;
2026/06/01;0800 UTC;0;965,8;966;965,6;0;10,8;10,9;11,1;10,4;11,2;10,4;100;100;100;183;4,9;3,3;
2026/06/01;0900 UTC;;;;;;;;;;;;;;;;;;
2026/06/01;1000 UTC;0;966,7;967;966,4;0;10,2;10,2;10,2;10,1;10,3;10,2;100;100;100;186;3,8;2,5;
2026/06/01;1100 UTC;0;967,2;967,6;967;11,2;10,1;10,2;10,2;10,1;10,2;10,2;100;100;100;151;4,7;3,6;
2026/06/01;1200 UTC;0;967,8;968;967,6;106,5;10,1;10,1;10,2;10;10,2;10,1;100;100;100;159;4,2;3,1;
2026/06/01;1300 UTC;0;968,3;968,6;968;541,9;10,6;10,7;11;10,1;11,1;10,1;100;100;100;181;3,5;1,8;
2026/06/01;1400 UTC;0;968,8;969;968,5;1028,6;11,3;11,3;12;10,7;11,7;10,8;100;97;100;175;4,7;2,3;
2026/06/01;1500 UTC;0;968,9;969;968,7;1138,2;12,6;9,7;13,2;12;11,2;8,8;96;78;86;189;4,5;2,3;
2026/06/01;1600 UTC;0;968,2;968,7;967,7;1594,4;13,7;9;14,4;13,1;9,6;8,3;80;72;76;160;5,2;3,6;
2026/06/01;1700 UTC;0;967,5;967,7;967,3;1094,6;13,8;8,4;14,4;13,2;9,4;7,7;77;69;73;174;3,3;1,6;
2026/06/01;1800 UTC;0;967,1;967,3;967;690,1;13,6;8,2;14;13,4;8,9;7,5;77;70;73;162;6,3;3,8;
2026/06/01;1900 UTC;0;967,4;967,6;967,2;374,2;13;8,3;13,7;12,6;8,8;7,5;79;70;76;163;6,2;4,2;
2026/06/01;2000 UTC;0;967,7;968;967,5;157,9;12,4;8,8;12,5;12,2;9,3;8,4;86;79;82;145;4,5;2,7;
2026/06/01;2100 UTC;0;968,2;968,3;967,9;18;11,9;9,1;12,2;11,6;9,7;8,6;90;83;86;166;5,7;4,1;
2026/06/01;2200 UTC;0;968,5;968,8;968,2;0;11,3;9,7;11,6;11;9,9;9,5;95;90;92;155;6,6;4,3;
2026/06/01;2300 UTC;0;969;969,2;968,8;0;10,9;10,3;11;10,8;10,5;10;99;95;97;136;6,4;4,2;
2026/06/02;0000 UTC;0;969,3;969,4;969,2;0;10,5;10,3;10,8;10,2;10,5;10,1;99;99;99;127;5,7;4,1;
2026/06/02;0100 UTC;0;969,5;969,7;969,4;0;10;9,8;10,3;9,6;10,1;9,4;100;99;99;148;3,1;2,4;
2026/06/02;0200 UTC;0;969,9;970;969,7;0;9,7;9,7;9,9;9,5;10;9,4;100;99;100;156;4,6;3;
2026/06/02;0300 UTC;0;969,9;970;969,8;0;10,1;10,2;10,3;9,9;10,4;9,9;100;100;100;145;4,1;2,6;
2026/06/02;0400 UTC;0;969,5;969,8;969,4;0;10,5;10,6;10,7;10,4;10,7;10,4;100;100;100;141;5,4;3,2;
2026/06/02;0500 UTC;0;969,4;969,5;969,4;0;10,7;10,8;10,8;10,6;10,9;10,7;100;100;100;130;4,5;3;
2026/06/02;0600 UTC;,2;969,3;969,4;969,2;0;10,9;10,9;10,9;10,8;11;10,9;100;100;100;131;6;4;
2026/06/02;0700 UTC;0;969,2;969,3;969,1;0;11;11;11;10,9;11,1;11;100;100;100;116;5,4;3,6;
2026/06/02;0800 UTC;,8;969,2;969,4;969,1;0;11,2;11,2;11,3;11;11,3;11,1;100;100;100;122;6,4;4,4;
2026/06/02;0900 UTC;,4;969,2;969,4;969,1;0;11,4;11,5;11,6;11,3;11,6;11,3;100;100;100;116;8;4,5;
2026/06/02;1000 UTC;,4;969,5;969,9;969,3;0;11,5;11,5;11,6;11,4;11,6;11,4;100;100;100;114;5,8;4,1;
2026/06/02;1100 UTC;,8;970,1;970,4;969,8;11;11,6;11,6;11,7;11,5;11,7;11,5;100;100;100;118;9,3;6,5;
2026/06/02;1200 UTC;,6;971;971,3;970,4;120,3;11,5;11,6;11,6;11,4;11,7;11,5;100;100;100;116;9,5;6,4;
2026/06/02;1300 UTC;,4;971,6;971,8;971,2;290,9;11,7;11,7;11,8;11,6;11,8;11,7;100;100;100;105;9,8;6,5;
2026/06/02;1400 UTC;,6;971,9;972;971,7;487,5;11,9;11,9;12,1;11,8;12,1;11,8;100;100;100;92;9,6;5,4;
2026/06/02;1500 UTC;0;972;972,1;971,8;669,1;12,2;12,2;12,4;12;12,4;12,1;100;100;100;112;8,6;5,5;
2026/06/02;1600 UTC;,2;971,5;972;971;687,8;12,5;12,5;12,7;12,2;12,8;12,2;100;98;100;104;10,1;6,2;
2026/06/02;1700 UTC;0;970,7;971;970,2;939,5;12,9;12,1;13,6;12,6;12,7;11,1;98;89;96;108;9,1;5,5;
2026/06/02;1800 UTC;0;970,3;970,6;970,1;548,9;13,1;11,3;13,3;12,8;11,8;10,8;95;88;91;104;7,2;3,2;
2026/06/02;1900 UTC;0;970,5;970,6;970,3;396;13,1;11,5;13,3;12,8;11,9;11;95;89;92;97;5,5;2,9;
2026/06/02;2000 UTC;0;970,4;970,6;970,2;240,1;13,2;11,3;13,4;12,9;11,7;11,1;92;89;91;106;7,6;4,4;
2026/06/02;2100 UTC;0;970,5;970,7;970,3;14,3;12,3;11,1;12,9;12;11,4;10,8;95;90;94;104;6,9;4,1;
2026/06/02;2200 UTC;0;970,6;970,8;970,4;0;11,9;10,9;12;11,8;11,1;10,9;96;95;95;100;6,1;4,2;
2026/06/02;2300 UTC;0;970,8;971;970,7;0;12,1;11,3;12,1;12;11,7;11;98;95;96;100;5,8;3,5;
2026/06/03;0000 UTC;0;971;971,1;970,9;0;12,1;11,9;12,2;12,1;12,1;11,7;100;98;99;105;4,7;3,1;
2026/06/03;0100 UTC;,4;971;971,2;970,9;0;12,3;12,4;12,6;12,1;12,7;12,1;100;100;100;86;8,7;3,6;
2026/06/03;0200 UTC;,2;971;971,2;970,8;0;12,6;12,7;12,6;12,6;12,7;12,6;100;100;100;85;6,4;3,4;
2026/06/03;0300 UTC;,2;970,9;971,2;970,7;0;12,7;12,8;12,8;12,6;12,9;12,7;100;100;100;82;9,2;4,3;
2026/06/03;0400 UTC;,2;971,3;971,4;971,1;0;12,8;12,9;12,9;12,8;12,9;12,9;100;100;100;80;7;3,7;
2026/06/03;0500 UTC;0;970,9;971,2;970,5;0;12,9;12,9;12,9;12,8;13;12,9;100;100;100;72;9,2;4,4;
2026/06/03;0600 UTC;0;970,3;970,5;970,1;0;12,9;13;13;12,9;13,1;12,9;100;100;100;68;8,1;4,3;
2026/06/03;0700 UTC;,2;970,1;970,4;969,7;0;13,1;13,1;13,2;13;13,2;13;100;100;100;67;7,2;4,2;
2026/06/03;0800 UTC;0;969,7;969,9;969,4;0;13,2;13,2;13,2;13,1;13,3;13,2;100;100;100;67;10,2;5,2;
2026/06/03;0900 UTC;,2;969,6;969,9;969,3;0;13,2;13,2;13,2;13,1;13,3;13,2;100;100;100;72;7,5;3,6;
2026/06/03;1000 UTC;0;969,7;969,9;969,5;0;13,2;13,3;13,2;13,2;13,3;13,2;100;100;100;66;8,5;4,2;
2026/06/03;1100 UTC;,2;970;970,5;969,6;10;13,2;13,2;13,2;13,1;13,3;13,2;100;100;100;75;8,1;4,6;
2026/06/03;1200 UTC;0;970,6;970,7;970,4;185,6;13,3;13,3;13,4;13,2;13,4;13,2;100;100;100;68;7,3;4;
2026/06/03;1300 UTC;0;970,9;971,1;970,4;342,7;13,6;13,3;13,7;13,4;13,4;13;100;98;99;68;8,2;4,3;
2026/06/03;1400 UTC;0;971,3;971,4;971,1;500,4;14,1;13,6;14,3;13,8;13,8;13,4;98;97;98;71;6,8;3,3;
2026/06/03;1500 UTC;0;971,2;971,3;971;449,6;14,4;13,9;14,5;14,3;14;13,7;98;96;97;73;6,1;3,1;
2026/06/03;1600 UTC;0;970,8;971;970,6;544,5;14,6;13,9;15;14,4;14;13,6;98;94;96;66;5,5;2,7;
2026/06/03;1700 UTC;0;970;970,6;969,5;1073,8;15,4;14;16,1;15;14,5;13,6;96;88;93;74;7,8;3,9;
2026/06/03;1800 UTC;0;969,4;969,6;969,2;1562,4;17;13,9;17,5;16;14,4;13,4;90;81;85;62;7;3,3;
2026/06/03;1900 UTC;0;969,2;969,3;969,1;1092,6;17,3;14,2;17,8;16,6;14,9;13,5;88;81;84;77;5,5;3,1;
2026/06/03;2000 UTC;0;969,1;969,4;968,8;533,2;16,8;14;17,6;15,9;14,2;13,8;90;81;86;85;6,4;4;
2026/06/03;2100 UTC;0;969,6;969,9;969,4;27,2;15,1;13,8;15,9;14,4;14;13,7;97;90;94;95;6;4;
2026/06/03;2200 UTC;0;970,1;970,2;969,9;0;14,1;13,7;14,4;13,8;13,9;13,5;99;97;98;83;7,5;4,8;
2026/06/03;2300 UTC;0;970,2;970,4;970,1;0;13,6;13,3;13,8;13,4;13,5;13,2;99;98;99;77;12,1;6,8;
2026/06/04;0000 UTC;0;970,7;971,1;970,4;0;13,6;13,5;13,7;13,5;13,6;13,4;100;99;99;83;10,1;5,7;
2026/06/04;0100 UTC;0;970,9;971,1;970,7;0;13,7;13,7;13,7;13,6;13,7;13,6;100;100;100;76;11,4;6,7;
2026/06/04;0200 UTC;0;971;971,3;970,7;0;13,6;13,7;13,6;13,6;13,7;13,6;100;100;100;68;8,9;4,4;
2026/06/04;0300 UTC;0;971,6;971,8;971,4;0;13,7;13,6;13,7;13,6;13,6;13,4;100;99;99;65;6,5;4,1;
2026/06/04;0400 UTC;0;971,4;971,5;971,1;0;13,5;13,1;13,6;13,5;13,4;13;99;97;98;58;7;4,1;
2026/06/04;0500 UTC;0;971,3;971,5;971,1;0;13,6;13,2;13,6;13,5;13,3;13,2;99;98;98;59;6,9;3,9;
2026/06/04;0600 UTC;0;970,9;971,1;970,7;0;13,4;13,3;13,5;13,3;13,3;13,2;100;98;99;64;7,2;4,4;
2026/06/04;0700 UTC;0;971;971,1;970,8;0;13,3;13,3;13,4;13,2;13,3;13,2;100;100;100;54;7,6;3,9;
2026/06/04;0800 UTC;0;971;971,1;970,8;0;13,1;13,1;13,2;13;13,2;13,1;100;100;100;46;7,3;4;
2026/06/04;0900 UTC;0;970,8;971;970,6;0;13;13,1;13,1;12,9;13,1;13;100;100;100;40;6,7;3,9;
2026/06/04;1000 UTC;0;971,2;971,5;971;0;12,8;12,9;12,9;12,8;13;12,8;100;100;100;29;7,6;4,3;
2026/06/04;1100 UTC;,2;971,6;971,8;971,5;28,4;12,7;12,7;12,9;12,6;12,8;12,6;100;100;100;108;9,3;5,7;
2026/06/04;1200 UTC;0;971,8;972;971,7;221,9;12,8;12,7;13,4;12,5;12,8;12,5;100;96;99;71;6,5;4,3;
2026/06/04;1300 UTC;0;972,1;972,4;971,9;1154,6;14,2;12,6;15,3;13,4;13;12,3;97;87;92;49;7,1;3,4;
2026/06/04;1400 UTC;0;972,3;972,5;972,2;1646,1;16,3;12,6;17;15,3;13,2;12;88;76;81;160;7,6;4;
2026/06/04;1500 UTC;0;972;972,3;971,8;1880,6;17,5;12,5;18;17,1;13;12;79;71;75;47;7,4;4,1;
2026/06/04;1600 UTC;0;971,3;971,8;971;2072,7;18,5;12,7;19,2;17,6;13,7;12;74;66;71;120;5,7;2,3;
2026/06/04;1700 UTC;0;970,7;971,1;970,3;1985,5;19,4;13,1;19,6;19,2;13,9;12,3;73;65;69;47;6,4;3;
2026/06/04;1800 UTC;0;970;970,3;969,8;1666,9;19,6;13,4;19,9;19,2;14,5;12,5;73;65;69;78;5;2,8;
2026/06/04;1900 UTC;0;969,8;969,9;969,6;1151,4;19,1;13,4;19,5;18,8;13,9;13;75;68;72;73;5,7;2,8;
2026/06/04;2000 UTC;0;969,8;970;969,6;444,1;18,1;13,3;18,9;17;13,9;12,6;83;70;76;62;5;2,8;
2026/06/04;2100 UTC;0;969,7;969,7;969,6;16,4;16;13,5;17;15,5;13,7;13,2;90;82;87;64;5,7;3,5;
2026/06/04;2200 UTC;0;969,5;969,6;969,4;0;15,1;13,6;15,5;14,9;13,9;13,5;95;90;93;62;6,4;3,7;
2026/06/04;2300 UTC;0;969,4;969,6;969,4;0;14,8;14,2;15;14,7;14,4;13,9;99;95;97;73;6,6;3,5;
2026/06/05;0000 UTC;0;969,7;969,9;969,6;0;14,5;14,3;14,7;14,4;14,5;14,2;99;99;99;58;5,2;2,6;
2026/06/05;0100 UTC;0;969,6;969,8;969,3;0;14,4;14,2;14,4;14,3;14,3;14,1;100;99;99;57;6,9;2,7;
2026/06/05;0200 UTC;0;969,2;969,4;969;0;14,2;14,2;14,4;14,2;14,4;14;100;99;100;61;6;3,2;
2026/06/05;0300 UTC;0;969;969,2;968,9;0;14,3;14,3;14,4;14,2;14,4;14,1;100;99;100;47;5,6;3;
2026/06/05;0400 UTC;0;968,6;968,9;968,2;0;14,1;14,2;14,2;14,1;14,2;14,1;100;100;100;45;7,9;4,9;
2026/06/05;0500 UTC;0;968,1;968,3;968;0;14;14;14,1;13,8;14,2;13,8;100;100;100;159;7,6;5,4;
2026/06/05;0600 UTC;0;967,9;968;967,8;0;13,8;13,7;14,3;13,6;13,9;13,4;100;95;99;100;7,4;4,6;
2026/06/05;0700 UTC;0;967,8;967,9;967,7;0;14,7;13;15;14,3;13,4;12,9;95;90;92;131;5,8;3,8;
2026/06/05;0800 UTC;0;967,7;967,8;967,6;0;15,1;12,9;15,2;15;13;12,8;90;88;89;275;5,3;3,3;
2026/06/05;0900 UTC;0;967,8;967,8;967,6;0;14,6;12,9;15;14,4;13;12,8;93;89;92;345;5,5;4,1;
2026/06/05;1000 UTC;0;967,8;967,9;967,7;0;14,7;13;14,9;14,5;13,1;12,9;92;91;91;328;7,5;5,2;
2026/06/05;1100 UTC;0;967,8;967,9;967,7;27,1;14,3;12,9;14,6;14;13;12,9;94;92;93;281;7,8;5;
2026/06/05;1200 UTC;0;968,1;968,3;967,9;206,3;14,4;12,9;15;14;13,1;12,8;94;90;93;312;7,5;5;
2026/06/05;1300 UTC;0;968,6;968,7;968,3;1143,8;15,8;13,6;16,8;15;14,4;13;90;87;89;328;7;4,6;
2026/06/05;1400 UTC;0;968,5;968,7;968;1400,2;17,8;14,3;18,5;16,9;14,9;13,8;86;76;82;325;6,4;4;
2026/06/05;1500 UTC;0;967,7;968;967,4;1615,1;18,9;14,1;19,3;18,4;14,7;13,7;80;73;76;316;6,3;3,6;
2026/06/05;1600 UTC;0;967,2;967,5;966,9;1482,5;19,4;14,1;19,5;19,1;14,7;13,5;77;70;73;314;8,1;4,3;
2026/06/05;1700 UTC;0;966,4;966,9;966;1930,7;20,1;14,2;20,8;19,1;14,8;13,7;75;67;70;313;7,9;4;
2026/06/05;1800 UTC;0;965,7;966;965,5;1625,5;21,1;14,7;21,3;20,8;15;14,2;70;66;68;303;6,4;3,5;
2026/06/05;1900 UTC;0;965,4;965,6;965,2;1120,8;20,9;14,6;21,1;20,8;15;14,2;70;67;69;315;4,3;2,9;
2026/06/05;2000 UTC;0;965,1;965,2;965,1;369,1;20,1;14,9;20,9;19,2;15,4;14,5;81;70;74;328;3;1,7;
2026/06/05;2100 UTC;0;965,2;965,3;965,1;34,9;17,9;14,8;19,1;16,9;15,2;14,4;88;80;84;339;4,4;3,5;
2026/06/05;2200 UTC;0;965,2;965,2;965,1;0;16,6;14,3;16,8;16,4;14,4;14,2;90;87;88;335;4,4;3,7;
2026/06/05;2300 UTC;0;965,1;965,2;964,9;0;16,5;14;16,6;16,4;14,4;13,7;90;85;88;341;5,2;4,2;
2026/06/06;0000 UTC;0;964,8;964,9;964,8;0;16,3;13,9;16,5;16,2;14;13,8;89;87;88;282;3,9;1,9;
2026/06/06;0100 UTC;0;964,9;965;964,8;0;16,5;14;16,6;16,4;14,1;13,8;88;86;87;306;1,6;1,3;
2026/06/06;0200 UTC;0;964,8;964,9;964,7;0;16,3;14;16,5;16,1;14,2;13,9;90;87;89;259;1,6;1;
2026/06/06;0300 UTC;0;964,7;964,8;964,6;0;16,5;14;16,7;16,4;14,2;13,9;89;87;88;286;1,6;1,2;
2026/06/06;0400 UTC;0;964,6;964,7;964,3;0;16,7;14,1;16,7;16,6;14,2;14;88;86;87;157;1,6;1,2;
2026/06/06;0500 UTC;0;964,2;964,3;963,9;0;16,5;14,3;16,6;16,4;14,5;14,1;90;88;89;267;1,4;1,2;
2026/06/06;0600 UTC;0;963,8;963,9;963,7;0;16,9;14,3;17,4;16,5;14,5;14,1;89;84;87;326;2;1,4;
2026/06/06;0700 UTC;0;963,4;963,7;963,3;0;16,4;14,3;16,7;16,1;14,3;14,2;91;88;89;313;2,8;2;
2026/06/06;0800 UTC;0;963,2;963,2;963;0;15,8;14,3;16,2;15,4;14,4;14,1;95;90;92;209;1,2;,6;
2026/06/06;0900 UTC;0;962,9;963;962,8;0;14,8;14,2;15,4;14,5;14,4;13,9;100;94;97;121;1,3;1,1;
2026/06/06;1000 UTC;0;962,9;963;962,8;0;14,3;14,1;14,7;13,7;14,7;13,2;100;96;99;106;2,6;2,1;
2026/06/06;1100 UTC;0;963,3;963,7;962,9;40,7;14,1;14,1;14,3;13,7;14,4;13,6;100;100;100;186;1,5;,8;
2026/06/06;1200 UTC;0;963,6;963,8;963,5;293,7;15;15;15,7;14,2;15,7;14,2;100;100;100;111;1,8;1,4;
2026/06/06;1300 UTC;0;963,7;963,8;963,5;895,6;16,6;15,1;17;15,8;15,8;14,4;100;87;93;110;2,4;1,8;
2026/06/06;1400 UTC;0;963,4;963,5;963,3;1479,4;18,1;15,2;18,8;17;15,8;14,5;90;82;85;281;2,8;1,4;
2026/06/06;1500 UTC;0;963,2;963,3;963;1302,3;19;15,6;19,2;18,7;16;15,1;86;80;83;286;3,2;1,3;
2026/06/06;1600 UTC;0;962,6;963;962,1;1202,2;19,1;15,8;19,6;18,9;16,2;15,3;85;81;83;205;3,3;1,4;
2026/06/06;1700 UTC;0;961,9;962,1;961,7;926,7;19;16,1;19,5;18,5;16,4;15,8;87;82;85;171;4,1;2,9;
2026/06/06;1800 UTC;0;961,7;961,8;961,6;830,5;18,7;15,8;18,9;18,6;16,2;15,2;88;82;85;192;4,2;2,4;
2026/06/06;1900 UTC;0;961,7;961,7;961,5;515,7;18,3;15,8;18,6;17,5;16,1;15,4;91;84;87;127;5,2;3,8;
2026/06/06;2000 UTC;0;961,8;961,9;961,6;226,5;16,8;15,5;17,5;16;15,9;15,2;96;92;94;113;3,9;2,4;
2026/06/06;2100 UTC;0;962;962,2;961,8;7;15,5;15,2;15,9;15,3;15,3;15;99;96;98;120;3,2;1,9;
2026/06/06;2200 UTC;0;962,3;962,4;962,1;0;14,8;14,6;15,2;14,3;15;14;99;98;99;139;2,4;1,2;
2026/06/06;2300 UTC;0;962,6;962,7;962,4;0;14,1;14;14,4;14;14,1;13,9;100;99;99;148;2;1,2;
2026/06/07;0000 UTC;0;962,7;962,8;962,6;0;13,9;14;14;13,9;14,1;13,9;100;100;100;135;3,5;2,4;
2026/06/07;0100 UTC;0;962,9;962,9;962,7;0;13,7;13,8;13,9;13,3;14;13,3;100;100;100;121;3,4;2,1;
2026/06/07;0200 UTC;0;962,9;963;962,7;0;13;13;13,3;12,9;13,3;12,9;100;100;100;92;3,6;1,7;
2026/06/07;0300 UTC;0;962,7;962,8;962,6;0;13;13,1;13;13;13,1;13;100;100;100;86;3,9;1,6;
2026/06/07;0400 UTC;0;962,5;962,6;962,4;0;13;13;13;12,8;13,1;12,9;100;100;100;84;3,6;1,6;
2026/06/07;0500 UTC;0;962,6;962,7;962,5;0;12,8;12,8;12,8;12,7;12,9;12,7;100;100;100;80;3,6;2;
2026/06/07;0600 UTC;0;962,5;962,8;962,2;0;12,5;12,5;12,7;12,4;12,7;12,5;100;100;100;134;3,9;2,6;
2026/06/07;0700 UTC;0;962,4;962,7;962,2;0;12,2;12,2;12,4;12;12,5;12,1;100;100;100;114;5,8;3,7;
2026/06/07;0800 UTC;,2;962,2;962,2;962,1;0;11,9;12;12;11,8;12,1;11,9;100;100;100;106;4,9;3,3;
2026/06/07;0900 UTC;0;962,3;962,7;962;0;12;12,1;12,1;12;12,1;12;100;100;100;110;5,5;3,5;
2026/06/07;1000 UTC;0;962,9;963;962,7;0;12;12;12;11,9;12,1;12;100;100;100;113;5,5;3,8;
2026/06/07;1100 UTC;0;963,1;963,5;962,9;9,8;12;12;12,1;11,9;12,1;12;100;100;100;120;5,4;3,3;
2026/06/07;1200 UTC;0;963,6;963,8;963,4;78,4;12,2;12,2;12,3;12,1;12,4;12,1;100;100;100;101;4,5;2,8;
2026/06/07;1300 UTC;0;963,9;964,1;963,7;609,7;12,7;12,8;13,7;12,3;13,8;12,3;100;100;100;74;3,8;2,2;
2026/06/07;1400 UTC;0;964,1;964,2;964;1695;14,5;14;15,5;13,8;14,4;13,4;100;91;97;113;5,2;3,7;
2026/06/07;1500 UTC;0;963,9;964,1;963,8;1383,4;16,2;13,6;16,4;15,6;14,2;13,1;91;85;87;129;8;6;
2026/06/07;1600 UTC;0;963,6;963,9;963,5;694,2;15,9;13,4;16,1;15,5;13,6;13;91;85;88;127;6,2;4;
2026/06/07;1700 UTC;0;963,2;963,6;962,7;360,9;15,2;13,4;15,5;14,9;13,7;13,1;94;88;91;121;6,4;4,3;
2026/06/07;1800 UTC;0;962,8;963;962,7;405,5;14,8;13,1;15;14,7;13,4;12,8;93;90;91;124;5,1;3,2;
2026/06/07;1900 UTC;0;962,9;962,9;962,8;342,3;14,8;12,8;14,9;14,7;13,2;12,5;92;88;90;118;6;4;
2026/06/07;2000 UTC;0;963,4;963,7;962,9;70,6;14,2;12,8;14,6;14;12,9;12,6;94;90;93;102;3,9;2,5;
2026/06/07;2100 UTC;0;963,9;964,3;963,7;8,5;13,8;13;14;13,6;13,2;12,8;98;94;96;98;4,2;2,3;
2026/06/07;2200 UTC;0;964,2;964,3;964,1;0;13,5;13,3;13,6;13,4;13,3;13,2;99;98;99;96;4,7;2,9;
2026/06/07;2300 UTC;0;964,4;964,6;964,2;0;13,4;13,4;13,5;13,4;13,4;13,3;100;99;100;95;5,1;3,1;
2026/06/08;0000 UTC;0;964,6;964,7;964,4;0;13,4;13,4;13,5;13,3;13,4;13,3;100;100;100;109;6,7;3,7;
2026/06/08;0100 UTC;,2;964,4;964,6;964,2;0;13,3;13,3;13,3;13,2;13,4;13,3;100;100;100;105;6,2;3,9;
2026/06/08;0200 UTC;,2;964,5;964,7;964,2;0;13,2;13,2;13,3;13,1;13,3;13,2;100;100;100;100;6,4;4,3;
2026/06/08;0300 UTC;0;964,3;964,5;964;0;13;13,1;13,1;12,9;13,2;13;100;100;100;108;9,3;6,1;
2026/06/08;0400 UTC;0;964,3;964,5;964,2;0;12,9;13;13;12,9;13,1;12,9;100;100;100;109;7,8;4,4;
2026/06/08;0500 UTC;1,2;964,1;964,3;964;0;12,6;12,6;12,8;12,5;12,9;12,5;100;100;100;120;8,3;4,7;
2026/06/08;0600 UTC;3,2;964,2;964,3;964,1;0;12,2;12,3;12,5;12;12,5;12,1;100;100;100;108;7,3;4,7;
2026/06/08;0700 UTC;2,4;964,2;964,3;964,1;0;12,1;12,2;12,2;12;12,2;12,1;100;100;100;110;7,3;4,9;
2026/06/08;0800 UTC;2,6;963,7;964,1;963,3;0;12,1;12,1;12,1;12;12,2;12,1;100;100;100;112;8,8;5,7;
2026/06/08;0900 UTC;,4;962,9;963,3;962,7;0;11,9;11,9;12;11,7;12,1;11,8;100;100;100;110;8,3;5,4;
2026/06/08;1000 UTC;0;962,7;962,9;962,6;0;11,8;11,8;11,8;11,7;11,9;11,8;100;100;100;102;8,8;5,6;
2026/06/08;1100 UTC;0;962,8;963,1;962,7;7,8;11,6;11,7;11,7;11,5;11,8;11,6;100;100;100;94;9,2;5,2;
2026/06/08;1200 UTC;0;963,3;963,5;963,1;56,6;11,6;11,6;11,7;11,5;11,7;11,6;100;100;100;95;7,9;4,4;
2026/06/08;1300 UTC;,4;963,4;963,5;963,3;164,4;11,8;11,9;11,9;11,7;12;11,7;100;100;100;98;8,4;5,4;
2026/06/08;1400 UTC;,2;963,5;963,6;963,2;335;12,2;12,2;12,4;11,9;12,4;12;100;100;100;105;10,3;6,5;
2026/06/08;1500 UTC;,2;963;963,2;962,8;424,1;12,3;12,4;12,4;12,2;12,5;12,2;100;100;100;112;8,6;5,5;
2026/06/08;1600 UTC;2;962,7;963,1;962,1;352,4;12,2;12,3;12,5;12,1;12,5;12,2;100;100;100;93;8,4;5;
2026/06/08;1700 UTC;,4;961,9;962,1;961,7;359,9;12,1;12,1;12,3;12;12,3;11,9;100;100;100;107;6,2;3,3;
2026/06/08;1800 UTC;1,2;961,6;961,8;961,5;283,4;12,5;12,5;12,7;12,1;12,8;12,1;100;100;100;91;3,7;1,2;
2026/06/08;1900 UTC;,2;961,4;961,6;961,2;236,2;12,9;13;13,1;12,7;13,1;12,8;100;100;100;124;4,5;2,3;
2026/06/08;2000 UTC;1;961,4;961,6;961,2;71,6;12,6;12,6;13;12,2;13;12,2;100;100;100;110;6;3,7;
2026/06/08;2100 UTC;,4;961,5;961,7;961,4;2,8;12,1;12,1;12,2;11,9;12,2;11,9;100;100;100;125;7,3;4,9;
2026/06/08;2200 UTC;1;961,8;961,9;961,7;0;11,7;11,8;11,9;11,4;12;11,5;100;100;100;138;6,9;5,1;
2026/06/08;2300 UTC;,2;961,9;962,1;961,7;0;11,1;11,2;11,4;10,9;11,5;11;100;100;100;118;6,5;4,6;
2026/06/09;0000 UTC;0;962;962,1;961,9;0;11;11;11,1;10,9;11,1;11;100;100;100;135;6,3;4;
2026/06/09;0100 UTC;0;962;962,1;961,8;0;11;11,1;11,1;11;11,2;11,1;100;100;100;132;7;5,2;
2026/06/09;0200 UTC;,6;961,9;962;961,8;0;11,2;11,2;11,3;11,1;11,4;11,1;100;100;100;124;4,4;3,3;
2026/06/09;0300 UTC;,2;961,9;962;961,8;0;11,4;11,4;11,4;11,3;11,5;11,3;100;100;100;137;5,5;3,9;
2026/06/09;0400 UTC;1,2;961,8;962;961,8;0;11,4;11,4;11,4;11,3;11,5;11,4;100;100;100;159;4,8;3,2;
2026/06/09;0500 UTC;,8;961,8;961,8;961,7;0;11,3;11,4;11,4;11,2;11,5;11,2;100;100;100;177;5,8;2,9;
2026/06/09;0600 UTC;,2;961,6;961,7;961,4;0;10,9;11;11,2;10,7;11,3;10,8;100;100;100;162;6;4,4;
2026/06/09;0700 UTC;,2;961,4;961,6;961,3;0;10,6;10,7;10,7;10,5;10,8;10,6;100;100;100;168;5,8;3,9;
2026/06/09;0800 UTC;,2;961,3;961,4;961,2;0;10,5;10,6;10,6;10,5;10,6;10,6;100;100;100;170;5,7;4;
2026/06/09;0900 UTC;,4;961,3;961,5;961,2;0;10,6;10,6;10,6;10,5;10,7;10,6;100;100;100;171;6,8;5,1;
2026/06/09;1000 UTC;,2;961,9;962,1;961,5;0;10,4;10,4;10,6;10,2;10,6;10,3;100;100;100;158;5,4;3,9;
2026/06/09;1100 UTC;0;962,6;963;962,1;13,2;10,2;10,3;10,4;10,2;10,4;10,2;100;100;100;176;4,4;2,8;
2026/06/09;1200 UTC;,2;963,2;963,4;962,9;167;10,5;10,5;10,6;10,4;10,7;10,4;100;100;100;177;4,4;3;
2026/06/09;1300 UTC;,2;963,4;963,6;963,3;411,3;10,8;10,8;11;10,6;11,1;10,7;100;100;100;151;5,2;3,3;
2026/06/09;1400 UTC;0;963,8;964;963,5;649,2;11,2;11,2;11,4;11;11,5;11,1;100;100;100;214;4;2;
2026/06/09;1500 UTC;0;963,3;963,6;962,9;1266,3;11,7;11,7;12;11,5;12,1;11,5;100;100;100;201;4,4;2;
2026/06/09;1600 UTC;0;962,5;962,9;962;1592,4;13;11,5;13,9;12;12,3;10,4;100;83;93;185;5,8;3;
2026/06/09;1700 UTC;0;961,7;962;961,6;1509;13,5;10,2;14,1;13,1;11,3;9,4;88;79;84;177;6;3,8;
2026/06/09;1800 UTC;0;961,6;961,7;961,5;1620,5;14,1;9,9;14,9;13,3;11;9;83;72;79;203;5,4;3,2;
2026/06/09;1900 UTC;0;961,7;961,8;961,6;1160,1;14,6;9,6;15;14;10,5;8;81;66;75;215;4,2;2,5;
2026/06/09;2000 UTC;0;961,9;962;961,7;276,1;13,2;9,9;13,9;12,9;10,3;9,4;85;82;83;213;3,4;2,4;
2026/06/09;2100 UTC;0;962;962,2;961,8;28;12,1;9,7;13,1;11,3;9,9;9,5;91;84;88;186;3,7;2,5;
2026/06/09;2200 UTC;0;962,6;962,7;962,2;0;10,9;9,3;11,3;10,5;9,5;9,2;94;91;92;181;4,2;3,2;
2026/06/09;2300 UTC;0;962,8;963;962,6;0;10,3;9,3;10,4;10,1;9,4;9,2;96;94;95;188;3,7;2,6;
2026/06/10;0000 UTC;0;963,3;963,8;963;0;9,8;9,1;10,1;9,4;9,3;8,7;97;95;96;333;2,2;1,4;
2026/06/10;0100 UTC;0;963,6;963,8;963,3;0;9,6;9,1;9,9;9,3;9,3;8,7;99;97;98;173;2,4;2;
2026/06/10;0200 UTC;0;963;963,3;962,9;0;9,5;9,1;9,9;9,4;9,2;9;99;97;98;170;4;3,3;
2026/06/10;0300 UTC;0;963;963,1;962,9;0;9,4;9,3;9,6;9,3;9,5;9,1;100;99;99;162;4,1;2,3;
2026/06/10;0400 UTC;0;962,5;962,8;962,2;0;9,3;9,2;9,6;9,1;9,4;9;100;99;99;142;3,1;2,4;
2026/06/10;0500 UTC;0;962;962,4;961,6;0;9;9;9,1;8,8;9,2;8,8;100;100;100;96;3,9;2,7;
2026/06/10;0600 UTC;0;961,5;961,6;961,4;0;9,3;9,3;9,4;9;9,5;9,1;100;100;100;83;3,5;2,7;
2026/06/10;0700 UTC;0;961,8;962;961,6;0;9;9;9,3;8,5;9,4;8,5;100;100;100;336;2,3;1,8;
2026/06/10;0800 UTC;0;962,1;962,2;962;0;8,4;8,5;8,6;8,3;8,6;8,3;100;100;100;187;1,1;,8;
2026/06/10;0900 UTC;,2;961,8;962,1;961,5;0;8,9;8,9;9;8,6;9,1;8,6;100;100;100;119;3,4;2,6;
2026/06/10;1000 UTC;0;961,8;962;961,5;0;8,9;9;9;8,7;9,1;8,8;100;100;100;95;4,6;3,7;
2026/06/10;1100 UTC;0;962,2;962,5;961,9;40,7;8,8;8,8;8,9;8,7;8,9;8,8;100;100;100;119;4,5;3,6;
2026/06/10;1200 UTC;0;962,6;962,9;962,4;279,8;9,3;8,9;10,1;8,9;9,5;8,3;100;96;98;121;5,9;3,9;
2026/06/10;1300 UTC;0;963;963,3;962,8;741,2;10,4;9,6;10,6;10,1;9,8;9,2;98;95;96;110;6,7;5;
2026/06/10;1400 UTC;5,4;962,7;963;962,6;1280,2;11;10,1;11,7;10,2;10,7;9,6;99;90;95;112;6,6;4,8;
2026/06/10;1500 UTC;0;962,8;962,9;962,6;1701,6;12,6;10,5;14,2;11,5;11,4;9,9;95;81;90;104;5,7;3,2;
2026/06/10;1600 UTC;0;962,3;962,9;961,7;1712,2;14,2;10,2;14,7;13,8;11,1;9,6;84;76;80;122;5,1;2,8;
2026/06/10;1700 UTC;0;961;961,7;960,3;2125,8;14,4;10,1;14,9;13,8;10,8;9,4;83;75;78;87;5,4;3,2;
2026/06/10;1800 UTC;0;960,5;960,7;960,3;1543,1;14,9;10,4;15,6;14;11,2;9,6;83;72;78;63;5,1;2,4;
2026/06/10;1900 UTC;0;960,4;960,6;960,2;1209,8;14,7;10,2;14,8;14,1;10,8;9,8;83;75;78;55;5,1;2,3;
2026/06/10;2000 UTC;0;960,2;960,4;960,1;584,2;14,3;10,4;14,5;13,9;10,9;9,8;83;77;80;88;3,8;2,3;
2026/06/10;2100 UTC;0;960,3;960,7;960,1;25,1;12,4;10,2;13,8;11,5;10,5;9,7;93;82;89;49;4;2;
2026/06/10;2200 UTC;0;961;961,3;960,7;0;11,3;10;11,5;11;10,2;9,9;94;93;93;47;4;2,8;
2026/06/10;2300 UTC;0;961,4;961,6;961,3;0;10,8;9,5;11;10,6;9,8;9,2;94;92;93;54;3,6;2,3;
2026/06/11;0000 UTC;0;961,5;961,6;961,4;0;10,1;9,6;10,6;10;9,8;9,5;99;95;97;85;4;3;
2026/06/11;0100 UTC;0;961,2;961,4;960,9;0;10,1;10,1;10,4;9,9;10,4;9,8;100;99;100;74;6,3;3,7;
2026/06/11;0200 UTC;0;961;961,3;960,8;0;10,5;10,5;10,7;10,3;10,7;10,3;100;100;100;72;5,6;3;
2026/06/11;0300 UTC;0;961,4;961,6;961;0;10,7;10,6;10,8;10,7;10,7;10,5;100;99;99;71;6,9;3,8;
2026/06/11;0400 UTC;0;961;961,4;960,8;0;10,4;9,9;10,7;10,3;10,4;9,6;99;96;97;59;5,5;3;
2026/06/11;0500 UTC;0;961,4;961,5;961,3;0;10,6;9,5;10,6;10,4;9,7;9,1;96;93;95;60;4;1,7;
2026/06/11;0600 UTC;0;961,2;961,4;961,1;0;10,2;9,5;10,4;10;9,7;9,4;98;95;97;74;4,6;2,3;
2026/06/11;0700 UTC;0;961,3;961,5;961,1;0;10,1;9,7;10,1;10;9,7;9,6;98;98;98;99;4,3;2,4;
2026/06/11;0800 UTC;0;961;961,2;960,7;0;9,9;9,7;10;9,8;9,8;9,6;100;98;99;102;5,4;2,9;
2026/06/11;0900 UTC;0;960,9;961,3;960,7;0;10;10;10,2;9,9;10,2;9,7;100;98;100;63;5,5;2,2;
2026/06/11;1000 UTC;0;961,5;961,7;961,3;0;10,3;9,6;10,4;10,2;9,9;9,3;98;95;96;67;5;2,6;
2026/06/11;1100 UTC;0;961,5;961,6;961,4;32,3;10,2;9,7;10,4;10,1;10;9,4;99;96;97;98;6,5;3,6;
2026/06/11;1200 UTC;0;962,4;962,9;961,7;271,2;10,8;10,5;11,4;10,2;11,1;9,9;99;98;99;116;3;1,7;
2026/06/11;1300 UTC;0;962,9;963,3;962,7;464,3;11,7;11,2;12,2;11,4;11,5;11;99;95;98;98;4,4;2,3;
2026/06/11;1400 UTC;0;963,1;963,4;962,9;682,7;12,5;11,3;13,1;12,1;11,8;11;96;92;94;118;5,7;3,6;
2026/06/11;1500 UTC;0;962,7;963;962,4;1056,7;14;11,6;14,3;13,1;12,3;11,2;93;85;88;118;5,7;3,3;
2026/06/11;1600 UTC;0;962,1;962,5;961,6;754,8;14,3;11,6;14,4;14;12;11,2;89;84;86;128;5,9;3,5;
2026/06/11;1700 UTC;0;961;961,5;960,6;930,9;14,7;11,7;15,1;14,2;12,2;11,3;89;81;85;115;5,9;3,7;
2026/06/11;1800 UTC;0;960,6;960,7;960,5;690,7;14,7;11,7;15;14,5;12,1;11,2;87;82;85;115;5;2,8;
2026/06/11;1900 UTC;0;960,4;960,6;960,2;518,2;14,7;11,9;15,2;14,1;12,2;11,6;90;83;86;131;6;4,2;
2026/06/11;2000 UTC;0;960,2;960,3;960;146,4;13,7;12,1;14;13,3;12,3;11,9;94;89;92;135;6,2;4,2;
2026/06/11;2100 UTC;0;960,4;960,7;959,9;8,8;13,2;12,4;13,3;13,1;12,6;12,2;97;95;96;133;6,1;3,5;
2026/06/11;2200 UTC;0;960,8;960,9;960,6;0;13;12,5;13,1;12,9;12,6;12,5;98;97;98;116;5,9;3,6;
2026/06/11;2300 UTC;,4;961;961,1;960,8;0;12,8;12,6;12,9;12,7;12,7;12,5;100;98;99;133;4,2;3,1;
2026/06/12;0000 UTC;0;960,7;961;960,3;0;12,7;12,7;12,7;12,6;12,8;12,6;100;100;100;134;5,7;4;
2026/06/12;0100 UTC;,4;960;960,2;959,8;0;12,5;12,5;12,6;12,4;12,6;12,5;100;100;100;133;6,7;4,5;
2026/06/12;0200 UTC;0;960;960,2;959,8;0;12,5;12,5;12,5;12,4;12,5;12,5;100;100;100;130;7,6;5,2;
2026/06/12;0300 UTC;,2;959,9;960,2;959,7;0;12,5;12,6;12,5;12,5;12,6;12,5;100;100;100;131;8,4;5,7;
2026/06/12;0400 UTC;,4;959,3;959,8;958,6;0;12,5;12,6;12,6;12,5;12,6;12,6;100;100;100;136;9,9;7;
2026/06/12;0500 UTC;,4;958,3;958,6;958,1;0;12,6;12,6;12,6;12,6;12,7;12,6;100;100;100;136;8,3;6,1;
2026/06/12;0600 UTC;,8;957,6;958,2;957,1;0;12,5;12,6;12,6;12,4;12,7;12,5;100;100;100;143;10,9;7,8;
2026/06/12;0700 UTC;,2;956,7;957,2;956,2;0;12,4;12,4;12,4;12,3;12,5;12,4;100;100;100;135;13,6;8,6;
2026/06/12;0800 UTC;2,8;956,1;956,4;955,6;0;12,5;12,6;12,6;12,3;12,6;12,4;100;100;100;136;11,2;7,6;
2026/06/12;0900 UTC;1,4;955,5;955,7;955,3;0;12,5;12,5;12,6;12,1;12,7;12,1;100;100;100;139;15;9,7;
2026/06/12;1000 UTC;,6;955,9;956;955,4;0;11,9;11,9;12,1;11,7;12,1;11,8;100;100;100;133;14;9,3;
2026/06/12;1100 UTC;,8;955,9;956;955,7;2;11,7;11,8;11,8;11,6;11,9;11,6;100;100;100;134;13,7;10,2;
2026/06/12;1200 UTC;1,2;956,1;956,3;955,7;52;11,5;11,6;11,7;11,5;11,7;11,5;100;100;100;135;14;9,2;
2026/06/12;1300 UTC;1;956,4;956,6;956,2;101,3;11,9;11,9;12;11,7;12,1;11,7;100;100;100;139;12,6;8,7;
2026/06/12;1400 UTC;1,2;956,4;956,5;956,2;209,4;12;12,1;12,1;11,9;12,2;12;100;100;100;143;15,4;9,3;
2026/06/12;1500 UTC;,8;956,1;956,4;955,9;232,2;11,8;11,9;12,1;11,4;12,2;11,5;100;100;100;139;15,8;10,6;
2026/06/12;1600 UTC;1;955,8;956;955,6;239,2;11,3;11,3;11,4;11,2;11,5;11,3;100;100;100;150;12,3;8,4;
2026/06/12;1700 UTC;2,6;955,4;955,6;955,2;205,2;10,8;10,9;11,2;10,6;11,3;10,7;100;100;100;160;11,9;8,6;
2026/06/12;1800 UTC;3;955,4;955,5;955,3;82,9;10,4;10,5;10,6;10,2;10,7;10,3;100;100;100;167;9,6;6,9;
2026/06/12;1900 UTC;1,8;955,3;955,5;955,2;83,4;10,4;10,5;10,6;10,3;10,6;10,4;100;100;100;167;11,5;8,4;
2026/06/12;2000 UTC;,6;955,4;955,6;955,2;59,6;10,6;10,7;10,7;10,5;10,8;10,6;100;100;100;166;10;7,1;
2026/06/12;2100 UTC;0;955,8;956,2;955,5;5,3;10,9;11;11,1;10,7;11,1;10,8;100;100;100;168;9,8;6,8;
2026/06/12;2200 UTC;0;956,6;957,1;956,2;0;11,1;11,1;11,2;11;11,2;11;100;100;100;185;8,1;4,8;
2026/06/12;2300 UTC;,4;957,6;958,1;957,1;0;11,1;11,2;11,2;10,8;11,3;10,9;100;100;100;186;9,7;5,5;
2026/06/13;0000 UTC;0;958,4;958,6;958;0;10,7;10,7;10,8;10,4;10,9;10,5;100;100;100;189;8;4,9;
2026/06/13;0100 UTC;0;959;959,3;958,7;0;10,7;10,7;10,8;10,6;10,9;10,7;100;100;100;196;6,5;4;
2026/06/13;0200 UTC;,4;959,4;959,5;959,2;0;11;11;11;10,8;11,1;10,9;100;100;100;205;9,1;4,8;
2026/06/13;0300 UTC;,2;959,4;959,6;959,2;0;11;11,1;11,1;10,9;11,1;11;100;100;100;191;8,7;4,9;
2026/06/13;0400 UTC;0;959,3;959,5;959,2;0;10,8;10,9;10,9;10,6;11;10,6;100;100;100;198;7,5;4,5;
2026/06/13;0500 UTC;0;959,5;959,6;959,3;0;10,5;10,5;10,6;10,2;10,6;10,2;100;100;100;184;8;5,2;
2026/06/13;0600 UTC;0;959,4;959,6;959,2;0;10,1;10,2;10,2;10,1;10,2;10,2;100;100;100;196;6,1;3,4;
2026/06/13;0700 UTC;0;959,5;959,7;959,4;0;10,2;10,3;10,3;10,1;10,3;10,2;100;100;100;202;5,6;2,9;
2026/06/13;0800 UTC;0;959,5;959,7;959,4;0;10,2;10,2;10,3;10,1;10,3;10,2;100;100;100;174;3,6;1,9;
2026/06/13;0900 UTC;0;959,4;959,6;959,2;0;9,9;9,9;10,1;9,7;10,2;9,7;100;100;100;188;3,8;2,1;
2026/06/13;1000 UTC;,2;959,9;960,3;959,6;0;9,4;9,5;9,7;9,3;9,7;9,4;100;100;100;239;3,6;2,4;
2026/06/13;1100 UTC;0;960,7;961,1;960,4;23,9;9,7;9,7;9,8;9,6;9,9;9,6;100;100;100;240;3,6;2,6;
2026/06/13;1200 UTC;0;961,6;962,1;961,1;226,5;10;10;10,4;9,8;10,4;9,9;100;100;100;276;3;1,6;
2026/06/13;1300 UTC;0;962,4;962,7;962;837,8;10,6;10,7;11,3;10,4;11,4;10,5;100;100;100;273;3,4;1,7;
2026/06/13;1400 UTC;0;962,8;963;962,6;1635,2;12;11;12,8;11,3;11,7;9,6;100;85;95;275;4,8;2,2;
2026/06/13;1500 UTC;0;962,8;962,9;962,6;1617,3;13,4;10,1;13,9;12,8;10,9;9,5;91;80;84;244;5,9;2,6;
2026/06/13;1600 UTC;0;962,3;962,7;962;1231,4;13,7;9,3;14,3;13;10,5;8;86;70;78;248;5;2,1;
2026/06/13;1700 UTC;0;961,5;961,9;961,2;1631;15;9,7;16,7;13,6;11,1;8,5;80;66;73;223;5,4;3;
2026/06/13;1800 UTC;0;961,1;961,2;961;872;14,6;9,6;14,9;14,4;10,4;8,8;79;71;75;249;4;1,7;
2026/06/13;1900 UTC;0;961,1;961,2;960,9;569,9;14,6;9,8;15,1;14,4;10,3;9,4;79;72;76;240;3,1;1,6;
2026/06/13;2000 UTC;0;961,3;961,4;961,2;207,6;14,2;10,1;14,5;13,8;10,4;9,5;83;76;80;271;1,9;1;
2026/06/13;2100 UTC;0;961,4;961,5;961,3;20,1;13,4;10;13,8;12,9;10,5;9,5;85;81;83;302;3,2;1,9;
2026/06/13;2200 UTC;0;961,7;962;961,4;0;12,4;9,3;12,8;11,9;9,8;9;87;83;85;243;3,5;1,2;
2026/06/13;2300 UTC;0;962,3;962,5;962,1;0;11,8;9,8;12;11,7;10,1;9,3;92;87;90;238;3,5;2;
2026/06/14;0000 UTC;0;962,4;962,5;962,3;0;11,5;10,3;11,7;11,2;10,4;10,1;96;92;94;203;2,9;1,9;
2026/06/14;0100 UTC;0;962,8;962,9;962,6;0;11;10,5;11,1;11;10,6;10,4;98;96;98;263;1,9;,8;
2026/06/14;0200 UTC;0;962,6;962,8;962,3;0;10,9;10,2;11;10,8;10,6;9,6;98;94;97;278;3,1;1,7;
2026/06/14;0300 UTC;0;962,4;962,5;962,3;0;10,8;9,1;10,8;10,7;9,6;8,8;94;90;92;292;6,1;3,5;
2026/06/14;0400 UTC;0;962,2;962,4;962;0;10,8;8,9;10,9;10,7;9,5;8,4;93;88;90;293;5,2;2,6;
2026/06/14;0500 UTC;0;962,1;962,3;962;0;10,4;9,5;10,7;10,2;9,6;9,1;97;92;95;284;5;3,1;
2026/06/14;0600 UTC;0;962;962,3;961,9;0;9,7;9,3;10,2;9,6;9,5;9,2;99;96;98;281;4,9;2,4;
2026/06/14;0700 UTC;0;962,2;962,5;961,9;0;9,5;9;9,6;9,4;9,4;8,6;99;96;98;244;7,5;3,2;
2026/06/14;0800 UTC;0;962,3;962,5;962;0;9,3;8,5;9,4;9;8,6;8,3;97;96;96;265;4,9;2,5;
2026/06/14;0900 UTC;0;962;962,2;961,7;0;8,7;7,8;9,1;8,3;8,3;7,4;96;94;95;278;6,6;3,7;
2026/06/14;1000 UTC;0;962,7;962,9;962,2;0;8,2;7,1;8,3;8,1;7,5;6,6;97;92;94;273;8,1;3,3;
2026/06/14;1100 UTC;0;963;963,3;962,8;24;8;6,5;8,2;7,9;6,7;6,3;93;92;93;270;5,5;2,4;
2026/06/14;1200 UTC;0;963,7;964;963,2;144,7;8,4;6,5;8,7;8;6,6;6,2;93;88;90;236;8,1;3,7;
2026/06/14;1300 UTC;0;964,4;964,8;964;153,3;8,4;7,2;8,7;7,9;8;6,4;100;89;94;201;8;4,4;
2026/06/14;1400 UTC;,2;965,2;965,4;964,7;275,1;7,8;7,9;7,9;7,6;8;7,7;100;100;100;176;8,3;4,5;
2026/06/14;1500 UTC;0;965,1;965,3;965;685,7;8,1;8,1;8,2;7,8;8,3;7,7;100;97;100;174;7,5;4,2;
2026/06/14;1600 UTC;0;965;965,1;964,8;797,3;8,4;7,7;9,1;8,1;8,2;7,2;99;90;97;184;6,7;4,3;
2026/06/14;1700 UTC;0;964,7;964,9;964,5;733,7;9,1;7,4;9,5;8,6;8,1;6,7;96;86;91;179;8,5;4,6;
2026/06/14;1800 UTC;0;964,6;964,6;964,4;951,1;8,9;7,9;9,2;8,4;8,8;7;100;89;95;173;5,6;3,7;
2026/06/14;1900 UTC;0;964,5;964,8;964,4;668,2;9;6,3;9,3;8,9;6,9;5,9;89;84;86;200;5,5;2,8;
2026/06/14;2000 UTC;0;964,9;965,2;964,7;416,2;8,9;5,7;9,5;8,5;6,4;4,7;89;76;84;217;4,6;2,6;
2026/06/14;2100 UTC;0;965,5;965,8;965,2;47;8,2;5;9;7,6;5,3;4,8;88;79;84;203;2,9;1,9;
2026/06/14;2200 UTC;0;965,9;966,1;965,7;0;7,4;5;7,6;7,2;5,4;4,6;89;86;88;201;2,6;1,8;
2026/06/14;2300 UTC;0;966,3;966,6;966,1;0;6,8;4,3;7,3;6,3;5,1;3,8;90;86;88;159;3,5;2,3;
2026/06/15;0000 UTC;0;966,7;966,8;966,5;0;6;3,8;6,4;5,7;4,3;3,5;91;87;89;168;2,9;2,3;
2026/06/15;0100 UTC;0;966,9;967;966,7;0;5,4;3,5;5,6;5,2;3,9;3,1;92;88;90;172;2,5;2;
2026/06/15;0200 UTC;0;967;967,1;966,9;0;5,6;2,9;5,8;5,3;3,3;2,6;89;84;87;167;3,2;2,7;
2026/06/15;0300 UTC;0;967,2;967,3;967,1;0;5,4;2,8;5,5;5,2;3,1;2,7;89;86;87;195;2,8;2,2;
2026/06/15;0400 UTC;0;967,1;967,4;967;0;5,4;2,7;5,6;5,3;3;2,3;89;84;87;222;2,5;2;
2026/06/15;0500 UTC;0;967,1;967,2;967;0;5,4;3,1;5,5;5,3;3,3;2,9;90;88;89;253;2;1,5;
2026/06/15;0600 UTC;0;966,9;967,1;966,7;0;5,2;2,8;5,4;5;3;2,4;89;86;88;256;2;1,2;
2026/06/15;0700 UTC;0;966,5;966,7;966,3;0;5,2;2;5,4;4,9;2,4;1,3;86;82;84;223;2,6;1,9;
2026/06/15;0800 UTC;0;966,4;966,5;966,3;0;4,7;1,2;4,9;4,5;1,7;,9;84;81;83;203;2,9;2,4;
2026/06/15;0900 UTC;0;966,4;966,6;966,3;0;4,8;,8;5;4,5;1,4;,4;84;77;80;207;3,9;2,6;
2026/06/15;1000 UTC;0;966,8;967;966,5;0;5,1;,4;5,3;5;,6;0;78;75;76;244;1,7;1;
2026/06/15;1100 UTC;0;967,4;967,9;967,1;14,3;4,8;,3;5,3;3,7;1;-,3;86;73;77;212;3,4;1,9;
2026/06/15;1200 UTC;0;967,9;968;967,8;140,3;4,1;1,2;4,9;3,7;1,5;,8;86;82;85;223;2,4;1,1;
2026/06/15;1300 UTC;0;968,1;968,5;968;1101,7;5,5;1,4;5,9;4,9;2,2;,9;82;77;80;229;2,3;1,2;
2026/06/15;1400 UTC;0;968,4;968,6;968,2;1616,7;6,6;1,7;7,5;5,9;2,5;,8;82;67;76;217;3,8;1,6;
2026/06/15;1500 UTC;0;967,8;968,4;967,3;1845,3;7,8;1,8;8,2;7,3;2,4;1,2;74;67;70;212;4;2;
2026/06/15;1600 UTC;0;966,8;967,2;966,2;1779,2;8,2;2,3;8,9;7,8;3,3;1,4;75;66;70;196;4,2;1,8;
2026/06/15;1700 UTC;0;965,6;966,2;965,2;2059,8;9,6;2,6;10,3;8,8;3,5;2;74;59;65;308;4,4;2,7;
2026/06/15;1800 UTC;0;965,1;965,2;965;1693,8;10,6;2,6;10,8;10,3;3,4;2;63;57;60;263;4,3;1,4;
2026/06/15;1900 UTC;0;965,3;965,4;965,1;1178,7;10,7;3,2;10,9;10,5;3,8;2,4;66;59;63;273;3,2;1,7;
2026/06/15;2000 UTC;0;965,2;965,5;965;532,5;10,9;3,5;11,1;10,4;4,2;2,8;67;60;63;263;2,5;1,1;
2026/06/15;2100 UTC;0;965,8;966,2;965,4;28,5;9,3;3,6;10,3;8,3;4,4;2,8;74;67;72;271;1,6;1,1;
2026/06/15;2200 UTC;0;966,2;966,4;966;0;7,8;3;8,3;7,4;3,4;2,6;79;73;76;243;3;1,6;
2026/06/15;2300 UTC;0;966,4;966,6;966,3;0;6,9;2,7;7,4;6,3;3,1;2,3;84;75;79;248;2;,9;
2026/06/16;0000 UTC;0;966,4;966,5;966,2;0;6;2,6;6,2;5,9;3;2,2;85;81;83;266;1,8;1,2;
2026/06/16;0100 UTC;0;966,2;966,5;966;0;5,6;2,2;5,9;5,1;2,5;2;85;82;83;315;4,6;3,3;
2026/06/16;0200 UTC;0;966,1;966,2;965,9;0;5;2,1;5,2;4,9;2,2;2;86;84;85;294;4,4;2,5;
2026/06/16;0300 UTC;0;965,9;966,1;965,8;0;4,8;1,9;5,2;4,5;2,2;1,7;86;84;85;322;5,5;4;
2026/06/16;0400 UTC;0;965,7;965,9;965,5;0;4,6;1,2;4,7;4,6;1,8;,4;86;79;83;320;5,7;3,5;
2026/06/16;0500 UTC;0;965,4;965,6;965,2;0;4,4;0;4,6;4,3;,4;-,3;80;76;78;329;7,1;4,9;
2026/06/16;0600 UTC;0;965,1;965,2;964,9;0;4;,1;4,3;3,9;,6;-,3;83;78;80;335;7,4;5,3;
2026/06/16;0700 UTC;0;964,7;965;964,5;0;4;,5;4,1;3,8;,9;,2;86;81;83;340;6,8;5,2;
2026/06/16;0800 UTC;0;964,6;964,7;964,4;0;3,8;,6;3,9;3,7;,9;,3;85;82;84;338;6,2;4,8;
2026/06/16;0900 UTC;0;964,5;964,7;964,3;0;3,7;,2;3,9;3,6;,8;-,2;85;80;82;332;6,8;4,2;
2026/06/16;1000 UTC;0;964,5;964,7;964,3;0;3,8;-,1;4;3,6;,3;-,4;83;78;81;331;6,7;4,2;
2026/06/16;1100 UTC;0;964,8;965;964,7;13,9;3,9;,1;4,3;3,3;,5;-,4;86;77;81;332;8,4;5,2;
2026/06/16;1200 UTC;0;965,2;965,4;965;138,2;4,5;,9;5,7;3,4;1,2;,4;86;77;82;310;7,6;4,8;
2026/06/16;1300 UTC;0;965,3;965,4;965,2;1102,1;7;1,9;8,1;5,8;2,4;1,2;77;70;75;296;8,7;4,9;
2026/06/16;1400 UTC;0;965,4;965,6;965,2;1616,8;9,3;2,5;10,1;8,1;3;2,1;72;61;66;290;6,5;3,9;
2026/06/16;1500 UTC;0;964,9;965,4;964,5;1963,8;11,1;2,8;11,8;10,1;3,5;2,1;63;55;59;291;6,9;3,7;
2026/06/16;1600 UTC;0;963,9;964,5;963,4;2103,2;12,8;4,1;13,4;11,8;5,1;3,2;59;54;57;300;7,9;4,5;
2026/06/16;1700 UTC;0;963;963,4;962,6;1992,4;13,5;4,2;13,8;13,3;4,7;3,9;56;51;53;313;10,8;6,5;
2026/06/16;1800 UTC;0;962,5;962,7;962,3;1676,9;13,5;4,5;13,8;13,3;5;3,8;58;51;55;313;10;6,4;
2026/06/16;1900 UTC;0;962,7;962,8;962,5;1173,6;13,5;5,1;13,7;13,2;5,6;4,8;60;56;58;313;9,6;5,8;
2026/06/16;2000 UTC;0;962,7;962,9;962,6;549,3;12,7;5,2;13,2;12;5,5;4,9;66;59;62;316;9,4;6;
2026/06/16;2100 UTC;0;962,5;962,6;962,3;32,2;11,3;4,9;12;10,6;5,4;4,3;70;66;68;319;11,2;7,9;
2026/06/16;2200 UTC;0;962,3;962,5;962,1;0;10,4;4;10,6;10,3;4,4;3,6;70;66;68;317;14,8;10,6;
2026/06/16;2300 UTC;0;962,3;962,5;962;0;10,2;3,6;10,4;10;3,7;3,5;68;66;67;316;14,6;10,3;
2026/06/17;0000 UTC;0;962,7;962,9;962,5;0;9,8;3,5;10,1;9,7;3,7;3,2;69;67;68;317;14,7;10,3;
2026/06/17;0100 UTC;0;963,2;963,5;962,8;0;9,3;3,4;9,6;9,1;3,6;3,3;72;68;71;313;12,5;8;
2026/06/17;0200 UTC;0;963,6;963,9;963,3;0;9,2;3,6;9,3;9;3,6;3,5;73;71;72;310;12,7;8;
2026/06/17;0300 UTC;0;963,7;964;963,6;0;8,9;3,7;9;8,8;3,9;3,5;75;73;74;311;10,3;6,3;
2026/06/17;0400 UTC;0;964,3;964,6;963,9;0;8,7;4;9;8,4;4,2;3,8;78;75;77;308;11,3;8,7;
2026/06/17;0500 UTC;0;964,4;964,7;964,1;0;9;4,3;9,4;8,6;4,5;4,2;78;75;76;295;11,1;6,9;
2026/06/17;0600 UTC;0;964,7;964,8;964,5;0;9,4;4,9;9,5;9,2;5,2;4,5;79;76;77;284;9,3;5,3;
2026/06/17;0700 UTC;0;964,9;965,1;964,6;0;9,3;5,4;9,5;9,2;5,7;5,1;82;78;81;274;6,8;3,7;
2026/06/17;0800 UTC;0;965;965,1;964,9;0;9,3;5,9;9,5;9,1;6,1;5,7;85;82;83;255;7,2;2,9;
2026/06/17;0900 UTC;0;965,2;965,4;965;0;8,8;6,1;9,1;8,4;6,2;6;88;85;87;249;5,5;2,8;
2026/06/17;1000 UTC;0;965,9;966,2;965,4;0;8,1;6,1;8,4;7,9;6,2;6;91;89;90;253;5;2,4;
2026/06/17;1100 UTC;0;966,5;966,9;966,1;14,2;7,8;6;7,9;7,7;6,1;5,9;91;91;91;233;4,8;2,7;
2026/06/17;1200 UTC;0;967;967,3;966,7;135,9;7,9;6;8,4;7,7;6;5,9;92;87;90;220;4,4;2,6;
2026/06/17;1300 UTC;0;967,8;968,1;967,4;1115,3;8,9;6,1;9,4;8,4;6,5;5,8;88;84;86;201;7,1;4;
2026/06/17;1400 UTC;0;968,4;968,6;968,1;1566,6;10,1;6,8;10,8;9,4;7,6;6,3;86;81;84;178;7,5;4,2;
2026/06/17;1500 UTC;0;968,6;968,7;968,5;1924,9;11,5;6,8;12,1;10,8;7,9;6,1;85;71;77;177;6,7;4,8;
2026/06/17;1600 UTC;0;968,4;968,7;968,2;2114,5;12,7;6,4;13,3;12,1;6,9;5,2;74;62;68;159;7;4;
2026/06/17;1700 UTC;0;968,3;968,4;968,2;1999,1;13,3;6,4;13,6;13,1;7,3;5,7;70;61;65;185;5;2,6;
2026/06/17;1800 UTC;0;968,2;968,4;968,1;1679,4;13,5;6,1;13,7;13,3;7,3;4,6;70;56;63;176;5,3;3,4;
2026/06/17;1900 UTC;0;968,5;968,7;968,3;1101,4;13,1;5,9;13,5;12,9;6,6;5,4;67;60;64;188;3,9;2,3;
2026/06/17;2000 UTC;0;968,8;969;968,6;503,4;12,3;5,6;12,9;11,4;6,2;5,1;73;62;66;163;4,5;3,1;
2026/06/17;2100 UTC;0;969,2;969,4;969;17,7;10,1;6;11,3;9;6,3;5,6;86;71;79;139;4,3;3,3;
2026/06/17;2200 UTC;0;969,4;969,5;969,3;0;8,4;6,1;9;8,1;6,3;5,8;91;86;88;124;4,7;3,3;
2026/06/17;2300 UTC;0;969,5;969,7;969,5;0;7,9;6,6;8,1;7,7;6,7;6,3;95;91;93;93;4;3;
2026/06/18;0000 UTC;0;969,6;969,7;969,5;0;7,5;6,5;7,7;7,3;6,7;6,4;97;95;95;91;5,4;4,2;
2026/06/18;0100 UTC;0;969,5;969,6;969,4;0;7,1;5,8;7,3;7;6,5;5,5;96;92;93;104;6;4,8;
2026/06/18;0200 UTC;0;969,4;969,5;969,4;0;6,9;5,7;7;6,8;5,8;5,7;95;94;94;91;7,1;5,4;
2026/06/18;0300 UTC;0;969,5;969,6;969,4;0;6,8;5,4;6,9;6,8;5,7;5,2;94;92;93;86;7,6;5,7;
2026/06/18;0400 UTC;0;969,3;969,4;969,1;0;6,9;5,7;6,9;6,8;6,1;5,3;96;92;94;81;6,7;4,6;
2026/06/18;0500 UTC;0;968,9;969,2;968,5;0;7,1;6,6;7,2;6,9;7;5,9;99;95;98;74;8,8;6,2;
2026/06/18;0600 UTC;0;968,4;968,5;968,3;0;7,2;7;7,3;7,1;7,3;6,7;100;98;99;66;7,8;4,6;
2026/06/18;0700 UTC;0;968,1;968,3;967,8;0;7,4;7,5;7,6;7,3;7,6;7,3;100;100;100;49;8;3,6;
2026/06/18;0800 UTC;0;967,8;968,1;967,5;0;7,4;7,4;7,6;7;7,6;7,1;100;100;100;52;6,9;3,8;
2026/06/18;0900 UTC;0;967,6;967,7;967,6;0;6,7;6,8;7,1;6,6;7,1;6,6;100;100;100;59;7,7;3,9;
2026/06/18;1000 UTC;0;967,5;967,6;967,3;0;6,8;6,4;6,9;6,6;6,6;6,1;100;97;98;54;8,7;4,5;
2026/06/18;1100 UTC;0;967,6;967,7;967,5;15,7;7;5,7;7,2;6,6;6,3;5;97;92;94;53;9;5,6;
2026/06/18;1200 UTC;0;967,8;967,9;967,7;196,9;6,9;4,9;7,8;6,5;5,4;4,5;93;84;90;57;10,3;5,6;
2026/06/18;1300 UTC;0;968,1;968,2;967,8;979,1;9,6;3,9;10,9;7,9;4,8;3;84;63;71;56;9,6;5;
2026/06/18;1400 UTC;0;967,9;968,2;967,6;1263,6;11,5;5,8;11,9;10,9;7,2;4,4;77;66;71;57;10,5;4,5;
2026/06/18;1500 UTC;0;967,4;967,7;967,2;1136;12,3;7,8;12,6;11,9;8,4;6,9;80;75;78;56;9,7;4,8;
2026/06/18;1600 UTC;0;966,8;967,5;966,2;982,3;12,7;8,2;12,9;12,6;8,5;7,8;79;75;77;51;12,2;4,4;
2026/06/18;1700 UTC;0;966;966,3;965,7;693;12,8;8,5;13,1;12,5;8,9;8,2;81;76;78;54;7,7;3,6;
2026/06/18;1800 UTC;0;965,2;965,7;964,6;1160,1;13,2;8,9;13,4;12,6;9,3;8,5;82;76;78;68;8,2;4,4;
2026/06/18;1900 UTC;0;964;964,7;963,4;954,2;13,5;9;13,9;12,9;9,7;8,3;81;75;77;60;10;5,5;
2026/06/18;2000 UTC;0;963;963,4;962,5;403,7;12,7;8,1;13,2;12,2;8,4;7,8;80;75;77;47;9,7;5,5;
2026/06/18;2100 UTC;0;961,9;962,5;961,5;28,2;11,6;8,7;12,2;11,3;8,9;8,3;88;80;86;42;13,7;6,5;
2026/06/18;2200 UTC;0;961,7;961,9;961,4;0;11,5;8,8;11,7;11,3;9;8,7;88;86;87;38;11,5;5,7;
2026/06/18;2300 UTC;0;961,1;961,7;960,7;0;11,9;8,9;12,1;11,7;9,5;8,3;88;81;85;37;15,4;7,7;
2026/06/19;0000 UTC;0;960,2;960,9;959,7;0;12,4;7,8;12,4;12,1;8,2;7,7;81;77;77;37;12,3;6,9;
2026/06/19;0100 UTC;0;959,4;959,9;959;0;12,7;7,8;12,9;12,4;8;7,7;77;75;76;36;11,8;7,1;
2026/06/19;0200 UTC;0;958,6;959,3;957,7;0;12,6;8;12,9;12,4;8,3;7,8;79;75;77;36;13,2;7,7;
2026/06/19;0300 UTC;0;958;958,2;957,5;0;12,3;8,3;12,5;11,8;8,4;8,1;83;78;80;50;11,8;7,6;
2026/06/19;0400 UTC;0;957,4;957,8;956,7;0;12,1;8,1;12,6;11,8;8,4;7,7;82;75;80;37;14,6;9;
2026/06/19;0500 UTC;0;959,8;960,8;956,7;0;12,4;8,1;12,9;11,9;8,4;7,5;82;74;79;290;4,9;3,1;
2026/06/19;0600 UTC;0;960,7;961;960,5;0;11,6;8,4;11,9;11,1;8,6;8,2;87;82;84;296;5,1;3,7;
2026/06/19;0700 UTC;,6;960,3;960,6;960;0;10,9;8,7;11,1;10,5;9,2;8,4;94;87;89;314;5,9;3,9;
2026/06/19;0800 UTC;5;958,5;960;955,7;0;10,5;10,1;10,8;10,2;10,6;9,2;100;94;98;316;13,5;8,4;
2026/06/19;0900 UTC;,2;955,7;956,6;954,1;0;10,8;10,6;10,9;10,6;10,7;10,5;100;98;99;325;13,9;8,6;
2026/06/19;1000 UTC;,2;957;957,4;956,3;0;10,4;10,4;10,5;10,3;10,5;10,3;100;100;100;325;12;7,8;
2026/06/19;1100 UTC;0;957,4;958,3;956,9;12,2;10,6;10,6;10,9;10,3;11;10,4;100;100;100;323;12,9;7,8;
2026/06/19;1200 UTC;0;958,5;958,7;958,2;62;11,1;11,1;11,2;10,9;11,3;11;100;100;100;322;11;6,7;
2026/06/19;1300 UTC;0;958,5;958,6;958,3;212,4;11,4;11,4;11,6;11,3;11,6;11,3;100;100;100;325;12,6;6,9;
2026/06/19;1400 UTC;0;958,6;958,8;958,4;349;11,7;11,8;11,8;11,6;11,8;11,7;100;100;100;321;11,4;6,2;
2026/06/19;1500 UTC;0;958,4;958,6;958,1;412,7;12,2;12,2;12,4;11,7;12,4;11,8;100;100;100;317;11,2;7,4;
2026/06/19;1600 UTC;0;958,2;958,4;957,9;255,8;12,4;12,5;12,7;12,3;12,7;12,3;100;100;100;307;10,6;6,5;
2026/06/19;1700 UTC;0;957,7;957,9;957,3;248,5;12,8;12,8;12,9;12,7;12,9;12,7;100;99;100;301;11,8;7,2;
2026/06/19;1800 UTC;,2;957,7;958;957,4;207,1;12,4;12,2;12,9;11,4;12,8;11;100;97;99;273;10,9;4,6;
2026/06/19;1900 UTC;0;958,5;959,4;957,7;109,8;10,5;10,5;11,3;9,5;11,2;9,6;100;99;100;244;8,5;4,7;
2026/06/19;2000 UTC;,2;959,7;960,1;959,1;48,9;9;9;9,5;8,8;9,5;8,7;100;99;100;234;9,3;4,2;
2026/06/19;2100 UTC;0;960,1;960,7;959,7;3,9;8,8;8,3;8,8;8,7;8,6;8,1;99;97;98;235;7,6;4,3;
2026/06/19;2200 UTC;0;960,9;961,6;960,3;0;8,7;8,3;8,7;8,5;8,4;8,1;99;97;98;235;8,5;4,6;
2026/06/19;2300 UTC;0;961,3;961,6;960,8;0;8,5;7,7;8,5;8,4;8,1;7,5;98;95;96;243;7;2,5;
2026/06/20;0000 UTC;0;962,1;962,8;961,4;0;8,5;7,6;8,6;8,4;7,7;7,4;96;94;95;244;5,4;2,2;
2026/06/20;0100 UTC;0;962,7;963;962,4;0;8,3;7,5;8,5;8;7,7;7,4;98;95;96;222;6,2;3,3;
2026/06/20;0200 UTC;0;963;963,3;962,6;0;7,9;7,5;7,9;7,8;7,6;7,4;99;98;98;223;6,6;3,5;
2026/06/20;0300 UTC;0;963,1;963,4;963;0;7,4;7,1;7,8;7,1;7,3;6,9;99;98;98;211;7,3;4,3;
2026/06/20;0400 UTC;0;962,9;963,2;962,8;0;6,6;6,6;7;6,2;6,9;6,2;100;99;100;205;6,7;4,3;
2026/06/20;0500 UTC;0;963;963,1;962,8;0;5,8;5,9;6,2;5,4;6,2;5,5;100;100;100;212;6,7;4,4;
2026/06/20;0600 UTC;0;962,7;963;962,3;0;5,1;5,2;5,4;4,8;5,5;4,9;100;100;100;217;5,2;3,2;
2026/06/20;0700 UTC;0;962,4;962,5;962,3;0;4,6;4,7;4,8;4,4;4,9;4,5;100;100;100;208;5,2;3,4;
2026/06/20;0800 UTC;0;962,2;962,4;962,1;0;4,6;4,6;4,6;4,4;4,7;4,5;100;100;100;214;4,8;2,7;
2026/06/20;0900 UTC;0;962,1;962,5;962;0;4,5;4,5;4,6;4,5;4,5;4,4;100;99;100;216;4,1;2,6;
2026/06/20;1000 UTC;0;962,6;963,1;962,4;0;4,4;4,3;4,5;4,3;4,4;4,3;100;100;100;226;3,4;2,2;
2026/06/20;1100 UTC;,2;963;963,2;962,8;9,6;4,4;4,5;4,6;4,3;4,6;4,4;100;100;100;209;3,5;2,1;
2026/06/20;1200 UTC;0;963,2;963,4;963;134,5;5,1;5,1;5,8;4,6;5,7;4,6;100;100;100;209;2,6;1,7;
2026/06/20;1300 UTC;0;963,7;963,9;963,4;955,1;6,6;5,8;7,3;5,9;6,2;5,3;99;92;96;171;2,8;2;
2026/06/20;1400 UTC;0;964;964,1;963,8;1359,6;7,8;6,4;8,6;7,4;7;5,7;95;89;93;186;4,1;2,4;
2026/06/20;1500 UTC;0;963,5;963,9;963,1;1448,1;9,5;6,3;10;8,6;7,7;5,3;93;78;84;150;2,9;1,7;
2026/06/20;1600 UTC;0;962,4;963,1;961,4;2387,8;10,8;5,4;11,6;9,6;7,3;4;84;63;73;134;4,6;1,8;
2026/06/20;1700 UTC;0;960,5;961,3;960;1995,1;11,5;5,2;12;11;6,3;4,3;74;63;69;116;4,8;2,7;
2026/06/20;1800 UTC;0;960,1;960,2;960;1605,2;11,5;4,6;11,8;11,1;5,6;3,5;69;60;65;156;6,1;3,6;
2026/06/20;1900 UTC;0;960,2;960,5;959,9;935,1;11,3;5,1;11,8;10,4;5,6;4,7;74;66;69;89;4,3;2,6;
2026/06/20;2000 UTC;0;960,7;960,8;960,4;374,3;9,8;4,9;10,4;9,4;5,4;4,3;80;72;76;92;4,6;2,5;
2026/06/20;2100 UTC;0;960,7;960,8;960,5;27,7;7,9;5,1;9,3;6,9;5,5;4,7;92;78;86;118;2,1;1,7;
2026/06/20;2200 UTC;0;960,8;961,2;960,5;0;6,7;5,2;6,8;6,6;5,5;4,8;94;91;93;75;5,7;3,8;
2026/06/20;2300 UTC;0;961,3;961,6;961,2;0;6,7;5,4;6,9;6,5;5,7;4,8;94;92;93;62;5;3,3;
2026/06/21;0000 UTC;0;961,6;961,9;961,4;0;6,5;4,4;6,5;6,4;5,1;3,8;93;87;90;59;5,6;3,5;
2026/06/21;0100 UTC;0;961,7;961,8;961,5;0;6,4;3;6,6;6,3;4,1;2,2;89;79;83;54;5,4;3,4;
2026/06/21;0200 UTC;0;961,3;961,6;960,9;0;6,4;3,5;6,6;6,2;4,1;2,9;88;83;85;46;4,2;2,7;
2026/06/21;0300 UTC;0;961,1;961,4;960,7;0;6,4;3,4;6,7;6,2;3,7;3,2;86;84;85;34;5,5;3,8;
2026/06/21;0400 UTC;0;960,5;960,8;960,3;0;6,5;3,1;6,6;6,3;3,4;2,6;85;81;83;30;6,1;4,3;
2026/06/21;0500 UTC;0;960,5;960,8;960,1;0;6,2;3,2;6,5;5,8;3,4;2,9;87;82;85;31;6,2;4,1;
2026/06/21;0600 UTC;0;960,1;960,3;959,9;0;5,7;3;6,1;5,3;3,2;2,9;88;84;86;45;6;3,6;
2026/06/21;0700 UTC;0;960,2;960,3;960,1;0;6,1;3;6,3;5,5;3,3;2,7;87;83;85;25;5,2;3,5;
2026/06/21;0800 UTC;0;960,3;960,6;960,1;0;6,2;3,4;6,3;6;3,6;3,2;87;84;86;90;5,6;4,1;
2026/06/21;0900 UTC;0;960,6;961;960,2;0;6;3,6;6,2;5,7;3,8;3,4;89;86;88;36;3;1,9;
2026/06/21;1000 UTC;0;961;961,2;960,7;0;6,5;3,5;6,8;6,2;3,7;3,3;87;83;85;156;3,6;2,7;
2026/06/21;1100 UTC;0;961,5;961,6;961,2;27,7;6,6;3,9;6,9;6,5;4,6;3,1;90;83;86;148;3,5;2,5;
2026/06/21;1200 UTC;0;961,7;961,8;961,6;314,9;7,5;4,8;8,5;6,9;5,4;4;88;83;86;326;3,2;2;
2026/06/21;1300 UTC;0;961,9;962,2;961,7;794,9;9,3;5,1;9,7;8,5;5,4;4,4;83;74;79;316;3,8;1,9;
2026/06/21;1400 UTC;0;962,1;962,3;962;1208,1;10,2;5;10,8;9,8;5,6;4,3;78;70;74;313;5,6;3,3;
2026/06/21;1500 UTC;0;961,4;962,1;960,5;1144,1;10,3;4,7;10,7;10,1;5,3;4,2;75;69;72;274;4,3;1,9;
2026/06/21;1600 UTC;0;960,3;960,7;959,6;1810,8;11,4;5;11,8;10,8;5,9;4,5;72;64;68;108;5,7;2,6;
2026/06/21;1700 UTC;0;959,2;959,8;958,8;2255,5;11,9;5,2;13,2;11;6,2;4,3;70;62;67;151;5,4;2,8;
2026/06/21;1800 UTC;0;959,5;959,9;959;695,6;11,3;5,6;12,8;10,7;6,2;5,1;76;62;72;316;4,9;2,4;
2026/06/21;1900 UTC;0;960;960,3;959,8;399,8;10,6;5,5;10,8;10,3;5,9;5;78;72;75;307;3,8;1,9;
2026/06/21;2000 UTC;0;960,4;960,7;960,3;196,2;10,1;5,2;10,3;9,9;5,8;4,6;78;73;76;252;2,3;,9;
2026/06/21;2100 UTC;0;960,2;960,3;960;49,5;9,6;5,2;9,9;9,4;5,9;4,3;81;74;78;199;1,6;1;
2026/06/21;2200 UTC;0;960;960,2;959,8;0;9,1;4,4;9,3;9;5,1;3,9;79;74;76;77;1,3;,8;
2026/06/21;2300 UTC;0;960;960,2;959,9;0;8,5;4,3;9;8;4,8;4;83;76;79;109;2,3;1,8;
2026/06/22;0000 UTC;0;959,6;960;958,6;0;8;5,1;8,1;7,9;5,6;4,3;88;82;85;61;4,5;2,7;
2026/06/22;0100 UTC;0;959,9;960,4;959,5;0;8,2;6,7;8,5;7,9;7,2;5,5;94;88;92;36;6,9;3,5;
2026/06/22;0200 UTC;0;959,8;960;959,7;0;8,6;6,7;8,7;8,3;7,2;6,1;94;87;91;185;2;1,2;
2026/06/22;0300 UTC;0;959,9;960,1;959,7;0;8,4;6,4;8,7;8,1;7,3;5,8;96;86;90;39;6;3,3;
2026/06/22;0400 UTC;,2;959,5;960;959,2;0;8,6;7,7;8,7;8,4;8,1;6,4;98;89;95;43;6,2;3,2;
2026/06/22;0500 UTC;,2;959,1;959,4;958,7;0;8,5;8;8,7;8,4;8,3;7,9;98;97;98;45;6,3;3,1;
2026/06/22;0600 UTC;,4;959,2;960,2;958,5;0;8,6;8,1;8,8;8,1;8,3;7,9;99;96;97;214;3,2;2,1;
2026/06/22;0700 UTC;,2;960,1;960,4;959,6;0;7,6;7,6;8;7,4;7,9;7,5;100;99;100;208;1,8;1,2;
2026/06/22;0800 UTC;,2;959,3;959,8;958,6;0;7,4;7,5;7,5;7,4;7,5;7,4;100;100;100;184;4,2;2,8;
2026/06/22;0900 UTC;,6;958,2;958,7;957,8;0;7,4;7,5;7,5;7,4;7,5;7,5;100;100;100;175;4,6;2,9;
2026/06/22;1000 UTC;1,2;958,7;960,1;957,5;0;7,4;7,4;7,4;7,3;7,5;7,4;100;100;100;142;4,1;2,6;
2026/06/22;1100 UTC;1,8;957,6;958,1;956,7;5,9;7,4;7,4;7,5;7,3;7,5;7,4;100;100;100;175;3,9;2,6;
2026/06/22;1200 UTC;0;957,4;958;957,2;42,6;7,5;7,6;7,6;7,4;7,6;7,5;100;100;100;184;3,6;2,5;
2026/06/22;1300 UTC;1,4;957,8;958,3;957,2;100,5;7,5;7,6;7,6;7,5;7,7;7,5;100;100;100;180;6,4;3,5;
2026/06/22;1400 UTC;0;957,5;957,8;957;160,4;7,4;7,5;7,5;7,4;7,6;7,5;100;100;100;204;5,4;3;
2026/06/22;1500 UTC;,2;956,7;957,3;956,3;218,7;7,3;7,3;7,4;7,1;7,5;7,2;100;100;100;191;4,7;2,8;
2026/06/22;1600 UTC;0;956,1;956,4;955,8;193,2;7,3;7,4;7,4;7,2;7,5;7,2;100;100;100;224;4,9;2,8;
2026/06/22;1700 UTC;,2;955,9;956,2;955,4;223,7;7,5;7,5;7,7;7,3;7,7;7,4;100;100;100;227;6,6;3;
2026/06/22;1800 UTC;0;955,6;955,9;955,3;217;7,6;7,6;7,7;7,5;7,7;7,5;100;100;100;229;7,4;3,4;
2026/06/22;1900 UTC;0;955,8;956,2;955,7;148,3;7,4;7,5;7,6;6,9;7,6;7;100;100;100;219;9,7;6;
2026/06/22;2000 UTC;0;956,5;956,7;956,2;121,1;6,7;6,6;6,9;6,6;7;6,1;100;97;99;246;8;4,3;
2026/06/22;2100 UTC;0;956,9;957,1;956,6;26,8;6,7;6,1;6,8;6,7;6,2;5,7;98;95;97;243;9,1;4;
2026/06/22;2200 UTC;0;957,7;958,3;957,1;0;6,3;5,2;6,7;6;5,7;5;96;93;95;241;7,2;3;
2026/06/22;2300 UTC;0;958,5;958,7;958,3;0;5,6;4,7;6;5,3;5;4,2;96;95;95;265;6;2,9;
2026/06/23;0000 UTC;0;958,8;959;958,6;0;5,5;4,2;5,9;5,3;4,4;4,1;95;92;94;270;8,7;4;
2026/06/23;0100 UTC;,2;959;959,2;958,8;0;5,8;4,3;6,1;5,7;4,9;4;96;90;92;281;10,2;5,6;
2026/06/23;0200 UTC;0;959,5;959,8;959,2;0;5,6;5,2;5,7;5,6;5,4;4,9;99;96;98;288;11;5,6;
2026/06/23;0300 UTC;0;959,6;959,7;959,4;0;5,5;5,3;5,5;5,5;5,4;5,2;100;98;99;287;9;5,7;
2026/06/23;0400 UTC;0;959,3;959,6;959,1;0;5,3;5;5,6;5,1;5,1;4,9;100;97;99;275;9,5;3,8;
2026/06/23;0500 UTC;0;959,1;959,5;958,8;0;4,9;4,7;5,1;4,6;5;4,4;99;99;99;291;9,2;6,1;
2026/06/23;0600 UTC;0;959,4;959,5;959,2;0;4,4;4;4,6;4,1;4,4;3,7;99;98;98;293;10,7;6,9;
2026/06/23;0700 UTC;0;959,6;959,9;959,3;0;4;3,6;4,2;3,9;3,8;3,5;99;98;98;296;10,1;6,7;
2026/06/23;0800 UTC;0;959,8;960;959,6;0;3,7;3,4;3,9;3,6;3,6;3,3;99;98;99;293;8,9;6,2;
2026/06/23;0900 UTC;0;960,1;960,3;959,8;0;3,4;3,4;3,6;3,4;3,5;3,2;100;99;100;294;8,6;5,8;
2026/06/23;1000 UTC;,2;960,5;960,6;960,2;0;3,5;3,5;3,6;3,4;3,5;3,3;100;99;100;278;8,4;4,7;
2026/06/23;1100 UTC;0;960,5;960,6;960,2;14,5;3,3;3;3,5;3,2;3,3;2,7;100;97;99;282;9,9;5,3;
2026/06/23;1200 UTC;0;960,8;961;960,5;138,9;3,5;2,6;4,1;3,2;2,7;2,4;97;93;95;291;10,2;6,2;
2026/06/23;1300 UTC;0;960,9;961;960,5;1137,7;4,7;2,8;5,3;4,1;3;2,6;93;87;90;283;9,4;5,3;
2026/06/23;1400 UTC;0;961;961,2;960,7;1258,1;5,7;2,5;6,2;5,4;3;1,9;88;79;84;268;10,6;4,7;
2026/06/23;1500 UTC;0;961,1;961,3;960,7;1587,7;6,3;1,7;7;5,9;2,8;1;82;70;77;281;11,3;6,7;
2026/06/23;1600 UTC;0;960,9;961;960,7;2165,2;7,6;1,9;8,2;7;2,6;1,1;74;68;71;284;9,3;5,8;
2026/06/23;1700 UTC;0;960,5;960,8;960,2;2008,1;7,7;1,3;8,3;6,9;1,5;1;71;65;68;284;10,3;5,9;
2026/06/23;1800 UTC;0;960,1;960,3;959,9;1716,2;8,4;1,3;8,7;8,3;1,9;,8;67;62;64;287;10,7;6,1;
2026/06/23;1900 UTC;0;960,2;960,5;959,9;1046,8;8,1;1,4;8,5;7,2;1,8;1;72;64;67;274;7,3;3,7;
2026/06/23;2000 UTC;0;961;961,5;960,5;501,5;7,9;1,1;8,5;7,2;1,7;,5;70;63;66;283;7,3;3,8;
2026/06/23;2100 UTC;0;961,7;962;961,4;42,4;6,4;,9;7,2;5,7;1,2;,7;77;68;73;291;6,8;4,7;
2026/06/23;2200 UTC;0;962,3;962,6;962;0;5;,9;5,7;4,6;1;,7;82;75;79;303;8;6,2;
2026/06/23;2300 UTC;0;962,8;963;962,5;0;4,6;,8;4,9;4,4;1;,6;83;79;81;291;7,2;5,1;
2026/06/24;0000 UTC;0;963,1;963,2;963;0;4,8;,6;5;4,4;,7;,6;81;78;79;297;6,9;5,3;
2026/06/24;0100 UTC;0;963;963,2;962,9;0;4,6;,5;4,9;4,2;,6;,4;81;78;79;293;7,1;4,8;
2026/06/24;0200 UTC;0;962,8;962,9;962,7;0;4,5;,4;4,6;4,4;,5;,3;80;79;80;276;6,6;3;
2026/06/24;0300 UTC;0;962,7;962,8;962,6;0;4,8;,1;5;4,6;,3;0;79;75;77;290;6,9;4,4;
2026/06/24;0400 UTC;0;962,9;963;962,8;0;3,8;,3;4,6;3,3;,4;,2;85;78;83;306;7,6;5,9;
2026/06/24;0500 UTC;0;962,9;963;962,8;0;2,5;,2;3,3;1,8;,3;,1;92;85;89;318;6,8;5;
2026/06/24;0600 UTC;0;962,8;962,9;962,7;0;1,5;,3;1,9;1,2;,4;,1;96;91;94;328;6,9;5,4;
2026/06/24;0700 UTC;0;962,7;962,8;962,7;0;1,3;,4;1,5;1,2;,5;,3;96;95;96;329;7,2;6,2;
2026/06/24;0800 UTC;0;962,4;962,7;962,2;0;2;,4;2,4;1,3;,6;,2;96;89;92;323;7,4;5,9;
2026/06/24;0900 UTC;0;962,1;962,2;962;0;2,8;,2;3,3;2,4;,4;0;90;84;87;314;8,4;6,3;
2026/06/24;1000 UTC;0;962,2;962,4;962;0;3,2;0;3,4;3,1;,1;-,1;85;83;84;312;8,2;6,1;
2026/06/24;1100 UTC;0;962,7;963;962,3;11,4;3,7;0;3,9;3,3;,1;-,2;84;80;82;307;8,6;5,8;
2026/06/24;1200 UTC;0;963,2;963,4;963;79,7;4;,6;4,1;3,8;,9;0;86;80;83;310;8,4;5,6;
2026/06/24;1300 UTC;0;963,4;963,6;963,3;454,5;4,5;1;4,8;4,1;1,3;,7;84;81;82;315;9,4;6,8;
2026/06/24;1400 UTC;0;963,5;963,6;963,4;1224,1;5,9;1,7;7,4;4,7;2,2;1,2;84;71;79;309;10,5;6,3;
2026/06/24;1500 UTC;0;963,1;963,4;962,8;2007,5;8,7;2,1;9,6;7,5;2,6;1,6;73;62;67;294;7,3;3,8;
2026/06/24;1600 UTC;0;962,3;962,8;961,7;2043,3;10,2;2,2;10,8;9,6;3;1,6;63;55;60;301;8,7;4,6;
2026/06/24;1700 UTC;0;961,3;961,8;961;1768,7;10,5;2,4;11;10;3,1;2;62;56;59;301;10,8;5,3;
2026/06/24;1800 UTC;0;960,8;961;960,5;1237,5;10,6;2,4;11,3;9,7;3,2;1,9;62;56;59;306;10,6;5,9;
2026/06/24;1900 UTC;0;960,7;960,9;960,4;487,2;9,8;1,8;10,9;9,6;2,1;1,3;62;56;60;304;11;5,5;
2026/06/24;2000 UTC;0;961;961,2;960,7;477,2;9,9;2,3;10,3;9,5;2,7;1,8;65;58;62;308;8,7;5,3;
2026/06/24;2100 UTC;0;961,6;962;961,2;29,8;8,3;2,5;9,4;7,6;2,7;2,2;74;65;71;316;7,3;5,3;
2026/06/24;2200 UTC;0;962,3;962,6;962;0;7,2;2,4;7,7;6,6;2,6;2,2;79;73;76;303;6,1;5;
2026/06/24;2300 UTC;0;962,7;962,9;962,5;0;6,3;2,1;6,6;6;2,3;1,9;80;78;79;309;5,6;4,7;
2026/06/25;0000 UTC;0;963;963,1;962,9;0;5,9;1,7;6,1;5,7;2,1;1,4;81;76;79;304;6,2;4,8;
2026/06/25;0100 UTC;0;963,3;963,7;963;0;5,6;1,7;6;5,5;1,9;1,5;82;78;80;307;6,2;5;
2026/06/25;0200 UTC;0;963,8;964,1;963,6;0;5,3;1,4;5,8;4,9;1,5;1,2;82;78;80;307;6,5;4,8;
2026/06/25;0300 UTC;0;964,3;964,4;964,1;0;5,4;1,2;5,7;5,1;1,5;1;82;77;79;306;5,8;4,5;
2026/06/25;0400 UTC;0;964,5;964,6;964,2;0;4,7;1,4;5,1;4,6;1,6;1,1;85;80;83;317;5,4;4;
2026/06/25;0500 UTC;0;964,3;964,5;964;0;4,9;1,8;5;4,7;2;1,7;86;84;85;305;5,6;4,3;
2026/06/25;0600 UTC;0;964,6;964,7;964,4;0;4,9;1,8;5;4,7;1,9;1,6;85;84;85;295;6,2;4,2;
2026/06/25;0700 UTC;0;965;965,3;964,7;0;4,6;1,7;5,1;4,1;1,9;1,5;89;82;85;311;5,8;5,1;
2026/06/25;0800 UTC;0;965,6;965,9;965,2;0;4,7;2,1;5,3;4,2;2,3;2;89;84;87;320;7,6;5,6;
2026/06/25;0900 UTC;0;966;966,1;965,8;0;4,8;1,9;5,3;4,5;2,3;1,7;86;84;85;322;8,8;6,5;
2026/06/25;1000 UTC;0;966,5;966,9;966,1;0;4,7;1,2;5,5;4,4;1,8;,3;86;74;82;318;9,3;6,6;
2026/06/25;1100 UTC;0;967,2;967,5;966,8;9,8;5,6;,4;5,7;5,4;,6;,2;75;73;74;312;8,5;6,6;
2026/06/25;1200 UTC;0;967,5;967,6;967,4;144,8;6,2;,7;7,5;5,7;1,3;,3;74;69;73;317;9;6,4;
2026/06/25;1300 UTC;0;967,7;967,8;967,6;1035;8,8;2,5;9,8;7,5;3,4;1,3;69;67;68;313;9,5;6,2;
2026/06/25;1400 UTC;0;967,7;967,9;967,5;1558,5;10,6;3,9;11,6;9,8;4,6;3,2;69;63;67;311;10,2;6;
2026/06/25;1500 UTC;0;967,7;967,8;967,5;1903,5;12,3;4,6;12,9;11,7;5;4,2;65;58;62;293;10,1;6,2;
2026/06/25;1600 UTC;0;967,3;967,6;966,8;2078,1;13,1;5,1;13,5;12,6;5,8;4,4;62;58;60;298;12,3;6,7;
2026/06/25;1700 UTC;0;966,4;967;965,9;1976,2;13,8;5,7;14,1;13,4;6,5;5,3;63;57;60;306;10,5;6,2;
2026/06/25;1800 UTC;0;965,5;965,9;965,3;1661,9;13,9;5,8;14;13,7;6,2;5,4;62;57;60;313;9,9;6,4;
2026/06/25;1900 UTC;0;965,5;965,7;965,4;1162,3;13,8;5,6;13,9;13,7;6,3;5,1;62;57;59;318;8;4,1;
2026/06/25;2000 UTC;0;965,8;966,1;965,5;556,4;13,4;5,5;13,9;12,6;6,5;4,5;64;57;61;317;11,6;5,9;
2026/06/25;2100 UTC;0;966,3;966,6;966,1;41,5;11,6;4,7;12,5;10,5;4,9;4,5;72;60;66;325;8,7;4,7;
2026/06/25;2200 UTC;0;966,6;966,7;966,5;0;9,4;5,2;10,5;8,7;5,4;4,9;82;72;79;336;6,7;4,6;
2026/06/25;2300 UTC;0;966,6;966,8;966,5;0;8,6;5,1;8,7;8,6;5,1;5;82;82;82;329;9,2;5,6;
2026/06/26;0000 UTC;0;966,8;966,9;966,6;0;8,8;4,9;8,9;8,5;5;4,8;82;80;81;329;8,8;6;
2026/06/26;0100 UTC;0;966,8;966,9;966,7;0;8,4;4,7;8,7;8,2;4,8;4,7;83;80;82;332;9,1;6,1;
2026/06/26;0200 UTC;0;966,7;967;966,5;0;8;4,6;8,3;7,7;4,7;4,5;85;81;83;329;9,6;6,1;
2026/06/26;0300 UTC;0;966,9;967;966,7;0;8;4,8;8,1;7,8;4,9;4,7;85;83;84;329;10,3;6,4;
2026/06/26;0400 UTC;0;966,7;966,8;966,5;0;7,8;4,8;7,9;7,8;4,9;4,6;85;84;85;323;10;7,2;
2026/06/26;0500 UTC;0;966,6;966,8;966,5;0;7,7;4,6;7,9;7,4;4,7;4,6;86;84;85;323;10,5;6,9;
2026/06/26;0600 UTC;0;966,2;966,5;966;0;7,7;4,3;7,7;7,6;4,6;4,2;85;82;83;323;9,8;6,4;
2026/06/26;0700 UTC;0;966;966,2;965,8;0;7,8;4,1;8,1;7,5;4,2;4;84;80;81;314;9,7;7,5;
2026/06/26;0800 UTC;0;965,6;965,8;965,5;0;7,9;3,9;8;7,7;4;3,7;82;79;80;317;10;7,1;
2026/06/26;0900 UTC;0;965,8;966;965,5;0;7,3;3,7;7,7;7,1;3,8;3,6;83;80;82;318;10,1;6,9;
2026/06/26;1000 UTC;0;966,5;967;966;0;7,2;3,7;7,3;7;3,7;3,6;83;82;83;314;9,3;7;
2026/06/26;1100 UTC;0;967,3;967,5;967;14,1;6,9;3,7;7,2;6,6;3,7;3,5;86;83;84;313;7,9;6;
2026/06/26;1200 UTC;0;967,9;968;967,6;121,1;7,3;4;8,7;6,6;4,6;3,7;86;79;83;314;7,2;4,8;
2026/06/26;1300 UTC;0;968,3;968,8;968;1039,6;10,2;5,3;11,4;8,8;6,2;4,6;79;73;76;299;5,7;3;
2026/06/26;1400 UTC;0;968,7;968,9;968,5;1561,8;12,3;6,3;13;11,5;6,7;5,8;73;66;70;291;7,2;3,9;
2026/06/26;1500 UTC;0;968,5;968,6;968,4;1910,8;13,9;7;14,5;13;7,6;6,3;69;61;66;289;6,3;2,9;
2026/06/26;1600 UTC;0;968,1;968,4;967,7;2053,3;14,8;7,4;15,2;14,4;8;6,9;66;61;63;288;5,3;2,6;
2026/06/26;1700 UTC;0;967,3;967,7;966,9;1967;15,5;7,6;16;15;8,2;6,8;63;58;60;300;4,9;2,6;
2026/06/26;1800 UTC;0;966,8;966,9;966,7;1652,7;15,9;7,6;16,2;15,6;8,1;7;61;55;58;297;4,3;2,1;
2026/06/26;1900 UTC;0;966,7;966,8;966,6;1164,7;16,1;7,6;16,5;15,6;8,1;6,8;60;54;57;310;4,4;2,7;
2026/06/26;2000 UTC;0;966,7;966,8;966,6;562,7;15,3;7,5;15,6;14,8;8,1;7,1;64;58;61;318;3,3;2;
2026/06/26;2100 UTC;0;967,1;967,3;966,9;39;13,2;7,1;14,7;11,7;7,9;6,4;75;64;70;282;3,1;2,2;
2026/06/26;2200 UTC;0;967,5;967,6;967,3;0;11,6;6,2;11,7;11,4;6,8;6;76;72;73;47;4,8;3,8;
2026/06/26;2300 UTC;0;967,9;968,3;967,5;0;11,7;5,9;11,8;11,5;6,1;5,6;72;70;71;28;3,1;2,3;
2026/06/27;0000 UTC;0;968,4;968,5;968,3;0;11,8;5,8;11,9;11,6;6,1;5,4;72;67;70;30;3,8;2,6;
2026/06/27;0100 UTC;0;968,3;968,4;968,2;0;11;6,2;11,5;10,5;6,8;5,4;81;72;76;33;5,8;3,5;
2026/06/27;0200 UTC;0;968,2;968,4;968;0;10,3;5,8;10,5;10,2;6,8;4,9;82;74;77;35;8,8;5,1;
2026/06/27;0300 UTC;0;967,9;968,1;967,8;0;10,1;5,1;10,3;9,9;5,3;5;77;74;75;36;9,2;5,1;
2026/06/27;0400 UTC;0;967,6;967,8;967,5;0;9,8;4,6;10;9,5;5,1;4,2;76;72;74;36;7,9;4,5;
2026/06/27;0500 UTC;0;967,5;967,6;967,3;0;9,7;3,7;9,9;9,5;4,3;3,1;74;68;70;40;8,6;4,3;
2026/06/27;0600 UTC;0;967;967,3;966,9;0;9,5;3;9,6;9,2;3,4;2,7;70;66;68;45;8,1;3,4;
2026/06/27;0700 UTC;0;966,8;967,1;966,5;0;8,7;3,2;9,2;8,2;3,4;3,1;75;70;73;38;6,5;3,8;
2026/06/27;0800 UTC;0;966,3;966,6;966;0;8,4;3,2;8,7;8,2;3,3;3;75;72;74;58;7,3;4,3;
2026/06/27;0900 UTC;0;966,2;966,6;966;0;9;2,8;9,1;8,8;3,1;2,4;71;66;69;49;6,5;3,2;
2026/06/27;1000 UTC;0;966,7;966,9;966,6;0;10,2;2;10,8;9,1;2,4;1,6;66;54;59;29;6,2;4;
2026/06/27;1100 UTC;0;967;967,1;966,9;17,4;10,5;2;10,9;10,1;2,7;1,5;63;54;57;40;4,5;2,9;
2026/06/27;1200 UTC;0;967,1;967,1;967;117,4;11;2,7;12,6;10,1;3,5;1,7;66;54;59;45;5,9;3,2;
2026/06/27;1300 UTC;0;967,2;967,3;967;1072,7;13,9;4,8;14,5;12,7;6;3,3;58;53;54;45;5,9;3,2;
2026/06/27;1400 UTC;0;967,1;967,2;966,7;1583;14,8;7,2;15,8;14,5;8,2;5,4;67;55;62;73;3,9;1,8;
2026/06/27;1500 UTC;0;966,6;966,8;966,4;1915,5;16,3;8,3;16,5;15,9;9,1;7,6;63;56;60;75;5,4;3,1;
2026/06/27;1600 UTC;0;966;966,5;965,6;2042,7;16,9;9;17,5;16,4;9,9;8,3;65;56;61;75;4,5;2,1;
2026/06/27;1700 UTC;0;965,2;965,6;964,8;1965,2;17,2;8,3;17,4;16,9;8,9;7;59;49;55;76;4,2;2,1;
2026/06/27;1800 UTC;0;964,5;964,9;964,1;1667,3;17,3;7,5;17,5;17,2;8,5;6,4;56;46;51;71;4,4;2;
2026/06/27;1900 UTC;0;963,7;964,1;963,4;1171,4;17;8,3;17,5;16,5;9,3;6,7;61;46;57;71;4,4;2,1;
2026/06/27;2000 UTC;0;963,6;963,7;963,5;517,1;15,9;9;16,7;14,4;9,7;8,4;76;60;66;80;4,4;3;
2026/06/27;2100 UTC;0;963,5;963,7;963,4;25;13,1;9,9;14,4;12,7;10,3;9,5;88;76;84;99;6,2;4,3;
2026/06/27;2200 UTC;0;963,6;963,8;963,4;0;12,5;10,5;12,7;12,4;10,6;10,4;91;89;90;64;7,1;4;
2026/06/27;2300 UTC;0;963,4;963,7;963,1;0;12,3;10,6;12,4;12,1;10,8;10,3;93;89;91;69;7,4;4,7;
2026/06/28;0000 UTC;0;963,2;963,4;963;0;12,2;10,1;12,5;12,1;10,5;9,8;92;86;90;56;6,2;2,8;
2026/06/28;0100 UTC;0;963,2;963,4;963,1;0;12,8;10,3;13,2;12,5;10,6;9,9;88;87;87;47;6,6;3,2;
2026/06/28;0200 UTC;0;962,8;963,1;962,5;0;13,4;10,6;13,8;13,2;10,7;10,4;87;83;86;120;4,5;2,5;
2026/06/28;0300 UTC;0;962,5;962,8;962,2;0;14,1;10;14,4;13,8;10,5;9,3;83;75;80;39;7,5;4,3;
2026/06/28;0400 UTC;0;962;962,4;961,4;0;14;9,5;14,5;13,4;10,1;8,9;83;72;77;66;8,7;4,8;
2026/06/28;0500 UTC;0;961,2;961,5;960,7;0;13,8;9,4;14,3;13,5;9,8;9,1;80;74;78;232;8,6;5,4;
2026/06/28;0600 UTC;0;960,3;960,7;959,9;0;13,9;10,1;14,2;13,7;10,6;9,7;83;80;81;313;7,9;5,2;
2026/06/28;0700 UTC;0;959,7;960;959,6;0;13,7;10,9;13,9;13,5;11,2;10,6;88;84;86;335;9,5;6,3;
2026/06/28;0800 UTC;0;959,4;959,8;958,9;0;13,9;11,5;14;13,8;12;11,2;90;87;88;331;8,8;5,6;
2026/06/28;0900 UTC;0;958,9;959;958,4;0;14,1;12,7;14,4;13,7;13,5;12;97;90;93;333;8,5;5,9;
2026/06/28;1000 UTC;,2;959,1;959,5;958,2;0;13,4;13,2;13,7;13,1;13,7;12,8;100;97;99;335;9,2;6;
2026/06/28;1100 UTC;11,2;959,9;960,4;959,3;0;13,6;13,6;13,9;13,5;14;13,5;100;100;100;329;8,1;4,9;
2026/06/28;1200 UTC;10,2;960,6;961;960,1;13,7;14;14,1;14,2;13,9;14,2;14;100;100;100;315;10;5,2;
2026/06/28;1300 UTC;4,6;960,9;961,1;960,5;104,7;14,2;14,3;14,3;14,2;14,3;14,2;100;100;100;319;9,4;5,1;
2026/06/28;1400 UTC;1,6;960,8;961,2;960,3;226,7;14,6;14,6;14,8;14,3;14,8;14,3;100;100;100;316;7,7;5;
2026/06/28;1500 UTC;,2;960,1;960,5;959,7;421,4;15;15,1;15,2;14,8;15,3;14,8;100;100;100;314;10,4;6,7;
2026/06/28;1600 UTC;,8;959,3;959,8;958,3;372,4;15,1;15,1;15,2;15,1;15,3;14,9;100;99;100;324;7,2;4;
2026/06/28;1700 UTC;0;957,7;958,4;956,9;756,8;15,5;15,5;16;15,2;16,1;15,3;100;100;100;319;7,3;4,2;
2026/06/28;1800 UTC;0;957,3;957,7;956,8;513,6;15,9;15,7;16;15,8;16,1;15,5;100;98;99;310;8,6;5,3;
2026/06/28;1900 UTC;0;957,1;957,3;956,9;285,7;15,7;15,4;15,9;15,6;15,7;15,2;99;97;98;313;10;5,7;
2026/06/28;2000 UTC;,4;957,3;958;957;92,7;15,4;15,2;15,6;14,8;15,3;14,8;100;98;99;275;7,6;4,3;
2026/06/28;2100 UTC;,6;958,3;958,4;958;8,6;13,6;13,4;14,8;12,7;14,8;12,1;100;97;99;268;7,4;3,6;
2026/06/28;2200 UTC;0;958,5;958,8;958,2;0;12,3;11;12,6;12,1;11,9;10,4;97;91;94;281;8,9;5,1;
2026/06/28;2300 UTC;0;959,3;960;958,8;0;11,9;10,7;12,1;11,7;10,9;10,3;95;93;94;274;7,9;4,4;
2026/06/29;0000 UTC;0;960,4;960,8;959,9;0;11,6;9,8;11,7;11,6;10,4;9,4;93;89;91;241;7,6;3,1;
2026/06/29;0100 UTC;0;961;961,2;960,8;0;11,2;9,2;11,5;10,8;9,5;8,9;91;89;90;269;5,9;2,7;
2026/06/29;0200 UTC;0;961,7;962;961,2;0;10,5;8,9;10,8;10,4;9;8,7;93;90;92;223;5,2;3;
2026/06/29;0300 UTC;0;962,2;962,4;962;0;9,9;9;10,4;9,3;9,1;8,8;98;93;96;219;4,9;3,1;
2026/06/29;0400 UTC;0;962,8;963;962,4;0;8,9;8,7;9,3;8,5;8,9;8,3;100;98;99;213;4,9;3,3;
2026/06/29;0500 UTC;0;963;963,1;963;0;8;7,9;8,5;7,5;8,3;7,5;100;99;99;207;5,8;3,7;
2026/06/29;0600 UTC;0;962,8;963,1;962,6;0;7,2;7,3;7,5;7,1;7,5;7,1;100;100;100;189;5,5;3,7;
2026/06/29;0700 UTC;0;962,6;962,8;962,4;0;6,9;7;7,1;6,7;7,2;6,7;100;100;100;194;5,4;3,6;
2026/06/29;0800 UTC;0;962,6;962,8;962,5;0;6,4;6,5;6,6;6,3;6,7;6,4;100;100;100;194;6,8;4,6;
2026/06/29;0900 UTC;0;963;963,5;962,6;0;6,5;6,5;6,5;6,4;6,6;6,5;100;100;100;195;6,4;3,9;
2026/06/29;1000 UTC;0;963,9;964,3;963,5;0;6,5;6,5;6,5;6,4;6,5;6,5;100;100;100;181;5,5;3,6;
2026/06/29;1100 UTC;0;964,5;964,7;964,3;24,6;6,2;6,2;6,4;5,9;6,5;6;100;100;100;239;2,6;1,1;
2026/06/29;1200 UTC;0;965,2;965,6;964,7;185,1;5,9;6;6,1;5,8;6,2;5,9;100;100;100;187;4,1;2,3;
2026/06/29;1300 UTC;0;965,9;966,1;965,6;440,9;6,2;6,3;6,5;6;6,6;6,1;100;100;100;266;2,2;,9;
2026/06/29;1400 UTC;0;966,2;966,4;966,1;1573,4;7,6;6,4;8,9;6,4;7,2;5,4;100;85;94;201;1,8;,8;
2026/06/29;1500 UTC;0;966,1;966,2;965,8;1985,3;9,6;5,1;10,2;9;6,6;3,2;88;67;77;191;2;1,2;
2026/06/29;1600 UTC;0;965,3;965,8;964,9;2102,3;10,8;4,6;11,5;10,2;5,9;3,4;77;62;69;205;2,7;,9;
2026/06/29;1700 UTC;0;964,5;964,9;964,1;2003,5;12;4,9;12,8;11,5;6,5;3,8;71;60;65;205;3;1;
2026/06/29;1800 UTC;0;963,8;964;963,6;1708,6;13,6;5,7;14,2;12,8;6,6;4,8;66;57;61;235;2,6;1;
2026/06/29;1900 UTC;0;963,6;963,7;963,5;1205,5;14,1;6,6;14,5;13,7;7,2;5,9;65;59;62;179;2,2;1,2;
2026/06/29;2000 UTC;0;963,9;964;963,6;582,9;12,8;6,5;13,6;11,6;6,9;5,7;76;61;68;176;3,6;2,3;
2026/06/29;2100 UTC;0;964,3;964,6;964;41;10,1;6,7;11,6;8,5;7,1;6,4;92;76;83;122;3,8;2,8;
2026/06/29;2200 UTC;0;964,9;965,2;964,5;0;8;6,7;8,5;7,8;6,9;6,3;95;91;94;108;4,7;3,8;
2026/06/29;2300 UTC;0;965,3;965,5;965,1;0;7,6;6,3;7,8;7,3;6,6;6,1;96;92;94;87;4,7;3,6;
2026/06/30;0000 UTC;0;965,4;965,6;965,2;0;7,3;6,8;7,3;7,2;7;6,6;99;96;98;84;5,5;4,1;
2026/06/30;0100 UTC;0;965,1;965,3;965;0;7,2;6,8;7,3;7,1;7;6,4;99;97;98;87;5;3,8;
2026/06/30;0200 UTC;0;965,4;965,5;965,2;0;6,8;6,3;7,1;6,5;6,5;5,9;98;96;97;98;4,8;3,5;
2026/06/30;0300 UTC;0;965,6;965,7;965,4;0;6,1;5;6,5;5,7;6;3,9;98;91;94;104;3,3;2,4;
2026/06/30;0400 UTC;0;965,3;965,5;965,2;0;5,8;4,6;5,9;5,5;5;3,6;96;90;94;117;3,5;3,1;
2026/06/30;0500 UTC;0;965;965,1;964,8;0;6;5,2;6,1;5,7;5,4;4,7;97;93;96;115;4,4;3,7;
2026/06/30;0600 UTC;,2;964,7;964,9;964,5;0;5,9;4,6;6;5,8;4,9;4,2;96;91;93;95;5,6;4,3;
2026/06/30;0700 UTC;0;964,4;964,5;964,3;0;6;5,7;6,2;5,8;6,1;5;99;96;99;75;6,2;4,6;
2026/06/30;0800 UTC;0;964;964,2;963,8;0;6,2;5,9;6,3;5,8;6,3;5,3;100;97;99;46;5,5;3,4;
2026/06/30;0900 UTC;0;963,7;963,8;963,6;0;5,3;5,3;5,8;5,1;5,3;5,2;100;97;100;69;4,9;3;
2026/06/30;1000 UTC;0;964;964,2;963,7;0;4,8;4,8;5,1;4,4;5,2;4,4;100;100;100;115;3,3;2,6;
2026/06/30;1100 UTC;0;964,3;964,6;964,1;14;4,4;4,5;4,6;4,3;4,7;4,3;100;100;100;99;4,1;2,7;
2026/06/30;1200 UTC;0;964,7;965;964,5;152,8;4,9;4,9;6;4,6;6,1;4,6;100;100;100;87;5,7;3,3;
2026/06/30;1300 UTC;0;965,1;965,4;964,9;1046,5;7,4;7,1;8,2;6,1;7,7;6,2;100;93;98;69;4;2,1;
2026/06/30;1400 UTC;0;965;965,4;964,6;905;7,7;7,2;8,7;7,4;7,9;6,6;99;93;97;109;6,4;4;
2026/06/30;1500 UTC;0;964,5;964,7;964,2;1841,1;9,7;7,2;10,7;8,7;7,7;6,6;92;81;87;95;5,6;3,3;
2026/06/30;1600 UTC;0;963,8;964,2;963,2;1350,8;10,6;7,4;11;10,3;8,2;6,8;89;81;84;103;5;3,1;
2026/06/30;1700 UTC;0;962,8;963,1;962,5;1510,7;11,5;7,9;11,8;11;8,3;7,4;85;79;82;98;5,6;3,1;
2026/06/30;1800 UTC;0;962,5;962,5;962,4;767;11,5;8,3;11,9;11,1;8,8;7,8;87;80;84;84;4,8;2,4;
2026/06/30;1900 UTC;0;962,2;962,5;961,7;376;10,7;8,6;11,1;10,5;8,8;8,3;91;86;90;121;5,3;3,5;
2026/06/30;2000 UTC;0;961,9;962,1;961,6;104,1;10;8,3;10,5;9,4;8,6;8,1;94;90;92;128;4,8;3,5;
2026/06/30;2100 UTC;0;961,7;961,9;961,4;4,7;9,1;8,3;9,4;8,9;8,4;8,1;97;94;96;112;5,2;3,1;
2026/06/30;2200 UTC;0;961,2;961,5;961;0;8,7;8,2;8,9;8,6;8,3;8,1;98;97;98;107;6,4;3,7;
2026/06/30;2300 UTC;0;961,7;962,2;961,1;0;8,6;8,4;8,7;8,6;8,6;8,3;99;99;99;92;3,7;1,9;
2026/07/01;0000 UTC;0;962,3;962,4;962,2;0;8,7;8,6;8,8;8,7;8,7;8,5;100;99;99;99;3,5;2,2;
2026/07/01;0100 UTC;0;962,1;962,4;961,8;0;8,7;8,7;8,8;8,5;8,7;8,6;100;99;100;132;6,2;4,4;
2026/07/01;0200 UTC;0;962;962,2;961,9;0;8,5;8,5;8,6;8,4;8,6;8,5;100;100;100;123;3,3;2,3;
2026/07/01;0300 UTC;0;962;962,1;961,9;0;8,4;8,5;8,5;8,3;8,6;8,4;100;100;100;120;5,1;3,7;
2026/07/01;0400 UTC;0;961,9;962,1;961,7;0;8,4;7,9;8,5;8,3;8,4;7,5;100;95;98;120;4,5;3,4;
2026/07/01;0500 UTC;0;962;962,1;961,7;0;8,7;7,7;8,9;8,5;8,1;7,5;96;94;95;125;4;2,3;
2026/07/01;0600 UTC;0;961,6;961,8;961,5;0;9;8,4;9,1;8,9;8,8;8,1;99;96;97;104;2,2;1,4;
2026/07/01;0700 UTC;0;961,5;961,7;961,3;0;9,3;9,3;9,4;9,1;9,5;8,9;100;99;100;171;1,6;1,1;
2026/07/01;0800 UTC;0;961,2;961,3;961,1;0;9;9;9,2;8,8;9,3;8,9;100;100;100;207;2,4;1,7;
2026/07/01;0900 UTC;0;961,5;961,8;961,3;0;8,8;8,8;8,8;8,7;8,9;8,8;100;100;100;182;2,4;1,7;
2026/07/01;1000 UTC;,2;961,9;962,1;961,7;0;8,8;8,9;9;8,7;9;8,8;100;100;100;145;3,5;2,5;
2026/07/01;1100 UTC;0;962,2;962,6;961,9;10,9;9,3;9,4;9,8;8,9;9,9;9;100;100;100;115;3,8;3;
2026/07/01;1200 UTC;0;962,6;962,8;962,4;142,9;10,1;10,2;10,5;9,8;10,6;9,8;100;100;100;120;5,4;3,6;
2026/07/01;1300 UTC;0;963,1;963,6;962,8;299,2;11;11;11,3;10,5;11,4;10,6;100;100;100;126;6,2;4,2;
2026/07/01;1400 UTC;0;963,8;964,1;963,5;398,7;11,6;11,6;11,9;11,3;11,9;11,3;100;100;100;136;5,8;4,1;
2026/07/01;1500 UTC;,2;963,7;963,9;963,3;794,9;12,3;12,3;12,9;11,9;12,9;11,9;100;100;100;138;6,5;4,4;
2026/07/01;1600 UTC;0;963;963,5;962,5;1158,8;13,1;12,4;14,1;12,6;13;11,8;100;89;96;127;8,4;5,2;
2026/07/01;1700 UTC;0;962,3;962,5;962,1;1521,1;14,2;11,8;14,6;13,9;12,3;11,3;91;84;88;134;7;5,1;
2026/07/01;1800 UTC;0;962,1;962,3;962;896,4;14,2;11,4;14,5;13,9;11,8;11;88;84;86;127;7,4;5;
2026/07/01;1900 UTC;0;961,9;962,3;961,7;717,9;14,4;11,4;14,9;14,1;11,9;10,9;87;83;85;135;6,5;4,5;
2026/07/01;2000 UTC;0;962,2;962,4;962;217,1;13,9;11,5;14,1;13,6;12;11,2;90;86;88;139;6,1;4,7;
2026/07/01;2100 UTC;0;962,9;963,5;962,5;12,8;13,3;11,6;13,6;13,1;11,8;11,5;93;90;92;137;6,5;4;
2026/07/01;2200 UTC;0;963,5;963,7;963,2;0;13,1;12,4;13,1;13;12,8;11,8;99;93;96;154;6,8;4,8;
2026/07/01;2300 UTC;0;964,1;964,5;963,7;0;13;12,8;13;12,9;12,9;12,8;100;99;99;141;8;5,5;
2026/07/02;0000 UTC;0;964,4;964,8;964;0;12,9;12,9;12,9;12,8;13;12,9;100;100;100;147;8,2;5,7;
2026/07/02;0100 UTC;0;964,9;965,3;964,6;0;12,6;12,7;12,8;12,5;12,9;12,5;100;100;100;143;9;5,3;
2026/07/02;0200 UTC;0;965,7;965,9;965,3;0;12,3;12,3;12,5;12,1;12,5;12,2;100;100;100;162;9,2;6,3;
2026/07/02;0300 UTC;,2;966,1;966,3;965,8;0;11,8;11,9;12,1;11,6;12,1;11,7;100;100;100;147;7,8;5;
2026/07/02;0400 UTC;1;966,1;966,2;965,8;0;11,3;11,4;11,6;11,2;11,6;11,2;100;100;100;154;8,3;6;
2026/07/02;0500 UTC;,2;966,3;966,5;965,9;0;11;11,1;11,2;10,9;11,3;10,9;100;100;100;161;9,7;6,5;
2026/07/02;0600 UTC;0;966,4;966,7;966,1;0;10,6;10,6;10,9;10,2;11;10,3;100;100;100;168;8,8;6,4;
2026/07/02;0700 UTC;,2;966,4;966,6;965,9;0;10;10,1;10,2;9,8;10,3;9,8;100;100;100;170;9,1;5,9;
2026/07/02;0800 UTC;0;966,1;966,5;965,9;0;9,3;9,4;9,7;9;9,8;9,1;100;100;100;167;8,6;5,7;
2026/07/02;0900 UTC;0;966,3;966,8;966;0;8,8;8,9;9;8,6;9,1;8,7;100;100;100;176;11,1;6,2;
2026/07/02;1000 UTC;,2;966,8;967,1;966,2;0;8,4;8,4;8,6;8,1;8,7;8,2;100;100;100;172;9,1;6,3;
2026/07/02;1100 UTC;,8;967,2;967,6;966,6;0;8;8,1;8,1;7,9;8,2;7,9;100;100;100;175;9,8;6,9;
2026/07/02;1200 UTC;1;967,7;968;967,4;28;7,8;7,8;7,9;7,7;7,9;7,8;100;100;100;177;11,3;7,4;
2026/07/02;1300 UTC;,6;968,2;968,6;967,9;77,4;7,7;7,8;7,7;7,6;7,8;7,7;100;100;100;176;13,7;8,2;
2026/07/02;1400 UTC;1;968,7;968,9;968,4;139,5;7,6;7,7;7,7;7,6;7,7;7,7;100;100;100;170;11,2;6,8;
2026/07/02;1500 UTC;,4;968,8;969;968,6;191,6;7,5;7,6;7,6;7,4;7,7;7,4;100;100;100;176;12,1;7,7;
2026/07/02;1600 UTC;,4;968,4;968,6;968,1;229,7;7,2;7,2;7,4;6,8;7,5;6,9;100;100;100;178;11,2;7,1;
2026/07/02;1700 UTC;,6;968;968,2;967,7;215,6;6,7;6,7;6,8;6,3;6,9;6,3;100;100;100;182;11,3;6,8;
2026/07/02;1800 UTC;,2;967,7;967,9;967,6;259,8;6,2;6,2;6,3;6,1;6,4;6,2;100;100;100;174;10,6;6,2;
2026/07/02;1900 UTC;,2;967,8;967,9;967,6;160,9;5,9;6;6,1;5,8;6,2;5,8;100;100;100;190;10;5,6;
2026/07/02;2000 UTC;0;968,1;968,4;967,8;57,3;5,5;5,6;5,8;5,3;5,8;5,4;100;100;100;183;9,9;5,9;
2026/07/02;2100 UTC;0;968,5;968,7;968,3;5,3;5,2;5,3;5,3;5,1;5,4;5,1;100;100;100;189;10,2;6;
2026/07/02;2200 UTC;0;968,9;969;968,6;0;4,7;4,8;5,1;4,3;5,1;4,4;100;100;100;188;9;6,2;
2026/07/02;2300 UTC;0;969,2;969,3;969;0;4,2;4,2;4,3;4;4,4;4,1;100;100;100;190;8,8;5,6;
2026/07/03;0000 UTC;0;969,3;969,7;969;0;4;3,6;4;3,8;4,1;3,2;100;96;98;191;9;4,8;
2026/07/03;0100 UTC;0;969,8;969,9;969,7;0;3,5;3,2;3,8;2,9;3,6;2,6;100;97;99;205;8;5,3;
2026/07/03;0200 UTC;0;969,9;970,1;969,8;0;2,5;2;3;2,2;2,6;1,5;98;96;97;208;7,3;4,7;
2026/07/03;0300 UTC;0;970,1;970,2;969,8;0;1,7;,8;2,2;1,3;1,5;,2;97;94;95;206;9,7;5,5;
2026/07/03;0400 UTC;0;970,2;970,3;970,1;0;,9;-,2;1,3;,5;,4;-1,8;97;89;95;217;10,4;5,5;
2026/07/03;0500 UTC;0;970,1;970,3;969,8;0;,2;-2,3;,5;0;-1,8;-2,7;89;86;88;230;10,3;5,2;
2026/07/03;0600 UTC;0;970;970,1;969,8;0;-,3;-2,5;0;-,5;-2,2;-2,7;91;86;89;230;8,9;4,8;
2026/07/03;0700 UTC;0;969,6;969,8;969,4;0;-,4;-2,4;-,3;-,5;-2;-2,6;92;89;90;226;7,3;4,3;
2026/07/03;0800 UTC;0;969,3;969,5;969,2;0;-,4;-1,9;-,3;-,5;-1,8;-2;93;91;92;229;8,2;4,1;
2026/07/03;0900 UTC;0;969,4;969,8;969,2;0;-,4;-1,7;-,3;-,5;-1,6;-1,8;94;93;94;274;5,7;3,4;
2026/07/03;1000 UTC;0;970,1;970,4;969,7;0;-,6;-1,7;-,5;-,7;-1,6;-1,8;95;93;94;287;6,8;4,2;
2026/07/03;1100 UTC;0;970,5;970,7;970,4;14,7;-,6;-1,5;-,4;-,6;-1,3;-1,6;96;95;95;278;6,6;3,3;
2026/07/03;1200 UTC;0;970,5;970,6;970,4;125,1;,1;-1,1;,8;-,4;-,7;-1,4;96;92;94;258;6;3;
2026/07/03;1300 UTC;0;970,6;970,8;970,4;1151,1;1,9;-,2;3;,8;,5;-,7;93;85;89;230;6,9;3,3;
2026/07/03;1400 UTC;0;970,6;970,8;970,5;925,2;3,7;,8;4,2;3,1;1,4;,2;87;83;86;221;10;5,3;
2026/07/03;1500 UTC;0;970,4;970,7;970,2;1026,9;4,7;1,7;5,3;4,3;2,2;1,2;87;82;85;225;9,2;5;
2026/07/03;1600 UTC;0;969,8;970,2;969,3;1247,8;5,8;2,6;6,3;5,1;3,2;1,9;86;82;84;208;9,9;4,8;
2026/07/03;1700 UTC;0;968,7;969,2;968,2;1672,4;6,7;2,9;7,2;6,1;3,3;2,6;84;78;81;207;10,2;6,3;
2026/07/03;1800 UTC;0;968,3;968,4;968,2;1079,8;7,1;3,2;7,5;6,9;3,5;2,8;83;79;80;211;11,8;6,1;
2026/07/03;1900 UTC;0;968,3;968,3;968,1;580,8;6,9;3,5;6,9;6,8;3,7;3,3;84;82;83;225;8,6;4,2;
2026/07/03;2000 UTC;0;968,5;968,9;968,1;286,2;6,9;3,7;7;6,8;4;3,5;86;83;84;225;8,5;3,9;
2026/07/03;2100 UTC;0;969;969,1;968,8;23,2;6,7;4,1;6,8;6,7;4,3;3,8;88;85;87;209;7,8;4,8;
2026/07/03;2200 UTC;0;969,5;969,9;969,1;0;6,5;4,3;6,7;6,5;4,5;4,2;90;88;89;209;9;5,1;
2026/07/03;2300 UTC;0;969,9;970,1;969,8;0;6,4;4,5;6,6;6,4;4,7;4,4;92;89;91;217;6,8;3,8;
2026/07/04;0000 UTC;0;970,1;970,2;969,9;0;6,2;5;6,4;5,8;5,5;4,6;98;91;94;202;10,2;4,7;
2026/07/04;0100 UTC;0;970,1;970,2;970;0;5,7;5,6;5,8;5,7;5,7;5,5;100;99;99;214;6;3,5;
2026/07/04;0200 UTC;0;970,2;970,3;970;0;5,8;5,8;5,8;5,7;5,9;5,7;100;100;100;215;6,6;3,5;
2026/07/04;0300 UTC;0;969,9;970,1;969,8;0;5,8;5,9;5,8;5,8;5,9;5,9;100;100;100;193;7,1;3,9;
2026/07/04;0400 UTC;0;969,9;970;969,7;0;5,7;5,8;5,8;5,6;5,9;5,7;100;100;100;195;6,8;3,5;
2026/07/04;0500 UTC;0;969,9;970;969,8;0;5,5;5,5;5,6;5,3;5,6;5,4;100;100;100;210;5,9;3,4;
2026/07/04;0600 UTC;0;969,8;969,9;969,7;0;5,3;5,3;5,3;5,2;5,4;5,3;100;100;100;230;5,5;2,7;
2026/07/04;0700 UTC;0;969,6;969,7;969,4;0;5,4;5,4;5,4;5,3;5,5;5,3;100;100;100;213;5,1;3;
2026/07/04;0800 UTC;,2;969,2;969,4;969,1;0;5,5;5,5;5,5;5,4;5,6;5,4;100;100;100;204;5,9;3,5;
2026/07/04;0900 UTC;0;968,9;969,1;968,6;0;5,6;5,7;5,7;5,5;5,7;5,6;100;100;100;195;6,8;3,8;
2026/07/04;1000 UTC;,2;968,7;969;968,6;0;5,6;5,6;5,6;5,5;5,7;5,5;100;100;100;188;7;4,6;
2026/07/04;1100 UTC;,2;969,5;970;968,9;12,1;5,4;5,5;5,5;5,3;5,5;5,4;100;100;100;194;5,5;3,2;
2026/07/04;1200 UTC;0;970,1;970,2;969,9;188,7;5,4;5,4;5,5;5,3;5,5;5,4;100;100;100;207;5,6;3,2;
2026/07/04;1300 UTC;0;970,3;970,7;970;449,2;5,7;5,7;6,1;5,4;6,1;5,5;100;100;100;184;5,9;3,4;
2026/07/04;1400 UTC;0;970,8;971;970,6;621,9;6,5;6,5;6,9;6;6,9;6,1;100;100;100;224;3,9;1,7;
2026/07/04;1500 UTC;0;970,5;970,6;970;923,2;7,2;7,2;7,5;6,8;7,6;6,9;100;100;100;187;5,7;3,4;
2026/07/04;1600 UTC;0;969,8;970,1;969,5;805;7,7;7,8;8,1;7,5;8,2;7,6;100;100;100;201;4,5;2,4;
2026/07/04;1700 UTC;0;969,2;969,5;968,7;944,7;8,2;8,3;8,4;7,9;8,4;8;100;100;100;200;3,3;2;
2026/07/04;1800 UTC;0;968,1;968,7;967,7;729,3;8,6;8,6;8,8;8,4;8,8;8,4;100;100;100;156;3,8;2,3;
2026/07/04;1900 UTC;0;967,6;967,9;967,3;370,4;8,6;8,6;8,9;8,5;8,9;8,4;100;100;100;171;4,2;2,7;
2026/07/04;2000 UTC;0;968,1;968,4;967,5;111,5;8,2;8,2;8,5;8;8,4;8;100;100;100;163;4,7;3,5;
2026/07/04;2100 UTC;0;968,1;968,5;967,7;12,8;7,7;7,7;7,9;7,5;8;4,2;100;100;100;146;5,3;3,9;
2026/07/04;2200 UTC;0;968,4;968,6;967,8;0;7,4;7,5;7,5;7,4;7,6;7,5;100;100;100;137;4,4;3;
2026/07/04;2300 UTC;0;968,9;969,3;968,6;0;7,4;7,4;7,4;7,3;7,5;7,4;100;100;100;121;1;,4;
2026/07/05;0000 UTC;0;968,7;968,9;968,5;0;7,3;7,4;7,4;7,3;7,4;7,4;100;100;100;145;1,7;1,2;
2026/07/05;0100 UTC;0;968,3;968,7;967,8;0;7,5;7,5;7,6;7,4;7,7;7,4;100;100;100;131;2,3;1,7;
2026/07/05;0200 UTC;0;968,2;968,4;967,9;0;7,5;7,6;7,6;7,5;7,6;7,5;100;100;100;174;3,7;2,4;
2026/07/05;0300 UTC;0;968,2;968,7;967,7;0;7,5;7,6;7,5;7,4;7,6;7,5;100;100;100;173;4,8;2,9;
2026/07/05;0400 UTC;0;968,4;968,6;968,2;0;7,4;7,5;7,5;7,4;7,5;7,5;100;100;100;157;5,8;4,3;
2026/07/05;0500 UTC;0;968;968,4;967,5;0;7,5;7,6;7,6;7,4;7,6;7,5;100;100;100;124;6,3;4,3;
2026/07/05;0600 UTC;,2;967,5;967,7;967,4;0;7,5;7,5;7,5;7,4;7,6;7,5;100;100;100;139;5,8;4;
2026/07/05;0700 UTC;0;967;967,4;966,8;0;7,3;7,3;7,4;7,1;7,5;7,2;100;100;100;102;4,8;3,4;
2026/07/05;0800 UTC;0;966,6;966,9;966,3;0;6,9;7;7,1;6,7;7,2;6,7;100;100;100;76;2,6;1,2;
2026/07/05;0900 UTC;0;966,5;966,7;966,3;0;6,5;6,6;6,7;6,4;6,7;6,5;100;100;100;59;3,9;2,1;
2026/07/05;1000 UTC;0;966,7;966,9;966,5;0;6,2;6,2;6,4;5,9;6,5;6;100;100;100;98;2,2;1,5;
2026/07/05;1100 UTC;0;966,8;966,9;966,7;18,9;6,4;6,5;6,7;6,1;6,7;6,2;100;100;100;126;4,3;2,7;
2026/07/05;1200 UTC;,2;966,9;967,3;966,6;235,2;6,8;6,9;7,2;6,6;7,3;6,7;100;100;100;117;5,4;4;
2026/07/05;1300 UTC;0;966,8;967,1;966,1;516,8;7,6;7,7;8,4;7,1;8,5;7,2;100;100;100;106;4,6;2,9;
2026/07/05;1400 UTC;0;966,7;966,9;966,5;617,1;8,7;8,8;9,1;8,4;9,1;8,5;100;100;100;93;3,9;2,6;
2026/07/05;1500 UTC;0;966,3;966,8;965,9;847,3;9,6;9,6;10,1;9,1;10,2;9,2;100;100;100;78;5;2,7;
2026/07/05;1600 UTC;0;965,1;965,8;964,4;839;10,2;10,3;10,5;10;10,6;10,1;100;100;100;46;6,6;3,5;
2026/07/05;1700 UTC;0;964,3;964,6;964;330,9;10,1;10,2;10,3;9,9;10,3;10;100;100;100;78;3,6;2;
2026/07/05;1800 UTC;0;964;964,1;963,6;170,6;10,2;10,3;10,3;10,1;10,4;10,2;100;100;100;80;4,2;2;
2026/07/05;1900 UTC;0;964;964,2;963,8;76,7;10,2;10,2;10,2;10,1;10,3;10,2;100;100;100;142;2,2;1,3;
2026/07/05;2000 UTC;0;964,2;964,5;963,7;30,4;10,2;10,2;10,2;10,1;10,3;10,2;100;100;100;95;4,5;2,7;
2026/07/05;2100 UTC;0;963,9;964;963,7;1,5;10;10,1;10,1;10;10,2;10;100;100;100;96;4,1;2,4;
2026/07/05;2200 UTC;0;963,7;963,9;963,4;0;10;10;10;9,9;10,1;10;100;100;100;79;4,3;2,8;
2026/07/05;2300 UTC;0;962,9;963,4;962,4;0;10;10;10;9,9;10;10;100;100;100;72;8,6;4,9;
2026/07/06;0000 UTC;0;963,1;963,5;962,8;0;10;10;10;9,9;10,1;10;100;100;100;107;4,7;2;
2026/07/06;0100 UTC;0;962,7;963,2;962,4;0;10;10,1;10;10;10,1;10,1;100;100;100;90;4,8;1,7;
2026/07/06;0200 UTC;0;962,4;962,5;962,3;0;10;10,1;10;10;10,1;10,1;100;100;100;122;7,6;4,3;
2026/07/06;0300 UTC;0;962,5;962,9;962,3;0;10;10,1;10,1;10;10,1;10,1;100;100;100;336;8,9;6;
2026/07/06;0400 UTC;0;962,3;962,6;962;0;10,1;10,1;10,1;10;10,2;10,1;100;100;100;341;7,3;5,3;
2026/07/06;0500 UTC;0;962;962,1;961,8;0;10,2;10,2;10,2;10,1;10,3;10,2;100;100;100;320;7,3;4,6;
2026/07/06;0600 UTC;0;962,1;962,2;962;0;10,3;10,3;10,3;10,2;10,4;10,3;100;100;100;294;7,6;4,4;
2026/07/06;0700 UTC;0;962;962,2;961,8;0;10,2;10,3;10,3;10,1;10,3;10,2;100;100;100;293;7;4;
2026/07/06;0800 UTC;,2;961,6;962;961;0;9,9;10;10,1;9,8;10,2;9,8;100;100;100;306;7;5;
2026/07/06;0900 UTC;0;961,3;961,6;961;0;9,5;9,6;9,8;9,3;9,8;9,3;100;100;100;270;7,3;3,7;
2026/07/06;1000 UTC;0;961,8;962,1;961,6;0;9;9;9,3;8,6;9,3;8,6;100;100;100;237;7,6;3,8;
2026/07/06;1100 UTC;0;962,4;962,7;962;4,6;8,1;8,1;8,5;7,9;8,6;7,7;100;99;100;251;5,9;2,6;
2026/07/06;1200 UTC;0;963;963,2;962,7;139,8;7,6;7;7,9;7,4;7,7;6,5;99;95;97;258;7,9;3,5;
2026/07/06;1300 UTC;0;963,6;964;963,3;268,4;7,5;6,9;7,7;7,3;7,2;6,5;98;94;97;256;7,4;3,6;
2026/07/06;1400 UTC;0;964,2;964,5;964;411,4;7,9;6,1;8;7,7;6,8;5,5;95;88;91;261;6,7;3,1;
2026/07/06;1500 UTC;0;964,2;964,5;963,9;1286,8;8,5;5,1;9,2;7,8;5,9;4,3;89;78;83;276;8,3;4,6;
2026/07/06;1600 UTC;0;963,7;964;963,3;1711,2;9,3;4,6;9,9;8,6;5,8;3,6;83;69;77;280;9,2;4,1;
2026/07/06;1700 UTC;0;963,3;963,5;963;870,8;8,8;3,6;9,5;8,5;4,2;3;77;71;74;279;7,4;4,1;
2026/07/06;1800 UTC;0;962,8;963;962,7;1048,4;9;3,1;9,6;8,7;3,8;2,4;73;67;71;275;8,1;3;
2026/07/06;1900 UTC;0;962,9;963,2;962,7;610;8,3;2,5;8,8;7,7;3;2;75;69;71;272;8,9;4;
2026/07/06;2000 UTC;0;963,2;963,4;962,9;264,4;7,5;2,6;7,9;7,1;3,1;2,1;79;72;75;280;8,7;4;
2026/07/06;2100 UTC;0;963,6;963,9;963,3;31,4;6,7;2,4;7,1;6,4;2,8;2,1;82;75;78;281;6,4;3;
2026/07/06;2200 UTC;0;964;964,2;963,8;0;6,1;2,5;6,4;5,6;2,6;2,3;85;80;82;282;4,4;2,4;
2026/07/06;2300 UTC;0;964,6;965;964,2;0;5,5;2,4;5,6;5,4;2,7;2,2;86;84;84;273;6,9;3,4;
2026/07/07;0000 UTC;0;965,2;965,4;965;0;5,1;2;5,4;4,9;2,2;1,6;85;83;84;269;7,8;3,9;
2026/07/07;0100 UTC;0;965,4;965,5;965,3;0;4,6;1,7;4,9;4;1,8;1,5;88;83;86;259;7,2;3,1;
2026/07/07;0200 UTC;0;965,4;965,5;965,2;0;3,7;1,4;4;3,4;1,6;1,2;90;88;89;283;8,2;4,5;
2026/07/07;0300 UTC;0;965,1;965,3;964,9;0;3,4;1,5;3,5;3,2;1,7;1,3;92;89;91;285;9,1;5,5;
2026/07/07;0400 UTC;0;964,8;965,1;964,5;0;3,4;1,3;3,6;3,4;1,4;1,3;90;89;89;298;11,3;7,4;
2026/07/07;0500 UTC;0;964,2;964,6;963,8;0;3,4;1,3;3,5;3,4;1,4;1,3;90;89;89;305;11,6;8,2;
2026/07/07;0600 UTC;0;963,8;963,8;963,7;0;3,4;1,2;3,5;3,2;1,3;1,2;90;89;89;311;10,8;8,4;
2026/07/07;0700 UTC;0;963,6;963,8;963,3;0;3,2;1,2;3,3;3,1;1,3;1,2;91;90;90;313;11,1;8,4;
2026/07/07;0800 UTC;0;963,1;963,4;962,7;0;3,2;1,2;3,3;3;1,3;1,2;91;90;90;317;11;8,6;
2026/07/07;0900 UTC;0;963,2;963,4;962,8;0;2,8;1,2;3;2,1;1,3;,9;95;91;92;326;8,3;5,7;
2026/07/07;1000 UTC;0;963,6;964;963,3;0;2,4;1,1;2,7;2,2;1,2;1;95;92;94;317;10,3;7;
2026/07/07;1100 UTC;0;963,9;964,1;963,8;14,7;2,9;1,1;3,1;2,7;1,2;1;92;90;91;302;10,3;6,8;
2026/07/07;1200 UTC;0;964,2;964,4;964;115,2;3,7;1,2;4,7;3;1,4;1;90;83;87;299;9,6;5,9;
2026/07/07;1300 UTC;0;964,4;964,6;964,2;1093,7;5,7;1,1;6,7;4,7;1,5;,4;83;69;77;290;11;7;
2026/07/07;1400 UTC;0;964,2;964,3;964;1636,9;7,4;,6;8,2;6,7;1,1;,2;70;63;66;288;11,8;6;
2026/07/07;1500 UTC;0;964,3;964,5;964,2;1997,8;9,1;1,7;10,1;8,2;2,5;1;65;60;63;287;10,9;5,6;
2026/07/07;1600 UTC;0;964;964,4;963,7;2155,6;10,4;1,9;10,8;9,9;2,8;1,4;63;54;58;278;12,1;6,8;
2026/07/07;1700 UTC;0;963,5;963,9;963;2060,4;11,6;2,4;12,1;10,9;2,9;1,9;57;50;54;282;12;6,1;
2026/07/07;1800 UTC;0;963;963,2;962,8;1763;12,5;2,5;12,8;11,9;3,2;2;54;47;50;279;9,7;4,8;
2026/07/07;1900 UTC;0;962,8;963;962,7;1271,5;12,6;2,4;12,8;12,4;3;1,9;52;47;49;285;8,8;5,1;
2026/07/07;2000 UTC;0;963,1;963,3;962,8;646,7;12,1;2,3;12,4;11,4;2,8;1,8;55;47;51;279;5,8;3,2;
2026/07/07;2100 UTC;0;963,4;963,5;963,2;53,1;10,1;2,2;11,4;9;2,6;2;66;55;61;299;7,3;4,9;
2026/07/07;2200 UTC;0;963,6;963,9;963,4;0;8,8;2,4;8,9;8,6;2,8;2,1;71;66;68;300;8,2;5,5;
2026/07/07;2300 UTC;0;963,9;964;963,8;0;8,5;3,1;8,7;8,2;3,4;2,8;76;71;73;304;8,7;6;
2026/07/08;0000 UTC;0;964,1;964,1;964;0;8,1;3,6;8,3;8,1;3,9;3,4;78;76;77;303;8,5;5,8;
2026/07/08;0100 UTC;0;964,1;964,2;963,8;0;8,1;3,8;8,3;7,8;3,9;3,6;81;77;78;306;9,2;6,4;
2026/07/08;0200 UTC;0;964,4;964,5;964,2;0;7,9;4,1;8;7,6;4,2;3,9;83;80;81;311;9,1;6,7;
2026/07/08;0300 UTC;0;964,3;964,6;963,9;0;7,8;4;8,1;7,5;4,1;3,9;83;80;81;315;8,5;5,8;
2026/07/08;0400 UTC;0;964,4;964,6;964;0;7,4;3,8;7,6;7,3;4;3,6;83;81;82;318;8,2;6,1;
2026/07/08;0500 UTC;0;964;964,2;963,8;0;6,7;3,7;7,3;6,2;3,8;3,6;88;82;85;333;7,6;5,5;
2026/07/08;0600 UTC;0;964;964,2;963,7;0;6,2;3,6;6,6;5,9;3,7;3,3;89;84;87;319;8;5,3;
2026/07/08;0700 UTC;0;963,6;963,9;963,5;0;6,5;3,3;6,7;6,3;3,5;3,2;85;83;84;326;9,8;6,4;
2026/07/08;0800 UTC;0;963,7;963,9;963,5;0;6,5;3;6,8;6,3;3,1;2,9;84;81;82;327;9,4;5,3;
2026/07/08;0900 UTC;0;963,4;963,5;963,2;0;6,5;2,8;6,7;6,3;3;2,7;83;80;82;335;9,2;6,6;
2026/07/08;1000 UTC;0;963,6;963,8;963,4;0;6,3;2,7;6,6;6;2,8;2,6;84;80;82;335;8,9;7;
2026/07/08;1100 UTC;0;964,1;964,4;963,6;20,9;6,3;2,6;6,4;6,1;2,7;2,4;83;80;82;337;10,5;7,6;
2026/07/08;1200 UTC;0;964,5;964,7;964,3;160,1;6,4;2,9;7,2;6;3,3;2,7;84;80;82;343;9,3;7,1;
2026/07/08;1300 UTC;0;965;965,2;964,7;987,2;8,6;4;10,6;7,3;4,8;3,2;80;67;77;329;11,1;6,8;
2026/07/08;1400 UTC;0;965,3;965,5;965,1;1592,3;11,6;4,5;12,5;10,7;5,1;4;68;59;65;322;9,8;6,2;
2026/07/08;1500 UTC;0;965,1;965,5;964,6;1952,6;13,4;4,7;14,1;12,5;5,4;4,1;62;51;57;324;9,6;6,1;
2026/07/08;1600 UTC;0;964,2;964,6;963,9;2117,7;15;4,6;15,8;14,1;5,3;3,9;55;42;48;316;8,7;4,6;
2026/07/08;1700 UTC;0;963,7;964;963,5;2042,6;15,8;4,7;16;15,5;5,2;4;47;40;45;312;8,6;5,3;
2026/07/08;1800 UTC;0;963,1;963,5;962,8;1738;16;4,9;16,2;15,8;5,5;4,3;48;42;44;310;7,2;4,1;
2026/07/08;1900 UTC;0;963,4;963,6;963,1;1257,7;16,1;4,3;16,3;15,9;5,6;3,6;47;39;41;313;6,7;4,4;
2026/07/08;2000 UTC;0;963,6;963,9;963,5;649,4;15,7;4,5;15,9;15,4;5,2;4,1;48;41;44;322;3,7;2,1;
2026/07/08;2100 UTC;0;964,2;964,5;964;51,7;14,5;4,4;15,4;12,8;5,8;3,3;53;46;49;201;2,8;2,3;
2026/07/08;2200 UTC;0;964,1;964,3;964,1;0;12,4;2,9;12,8;12,2;3,5;2,5;54;51;53;188;4,5;3,3;
2026/07/08;2300 UTC;0;963,8;964,3;963,5;0;12,7;1,6;13,1;12,3;2,7;,6;52;39;44;64;5,4;4,3;
2026/07/09;0000 UTC;0;963,7;963,8;963,5;0;13,1;3;13,2;12,8;3,6;,7;53;39;50;29;6,4;4,4;
2026/07/09;0100 UTC;0;963,2;963,4;963;0;12,8;3,7;13,1;12,4;4,2;3,4;59;52;55;29;7,3;4,5;
2026/07/09;0200 UTC;0;963,4;963,7;963,1;0;12,3;3,1;12,5;12;3,8;2,6;58;52;54;29;6,8;4,8;
2026/07/09;0300 UTC;0;963,2;963,4;963;0;11,1;4,1;12,1;10,2;5,1;3,3;74;56;65;61;6,4;4;
2026/07/09;0400 UTC;0;962,7;963;962,4;0;10,6;5,4;10,9;10,2;5,7;5,1;75;73;74;105;9,6;4,8;
2026/07/09;0500 UTC;0;961,9;962,4;961,6;0;11,1;5,2;11,3;10,8;5,8;3,6;75;62;70;317;10,9;7,5;
2026/07/09;0600 UTC;0;961,5;961,7;961,3;0;11,8;1,4;12,4;11,1;3,6;,3;62;40;48;314;10,2;6,8;
2026/07/09;0700 UTC;0;961,4;961,5;961,3;0;12,5;,6;12,9;12;1,1;,1;43;38;41;326;8,7;6;
2026/07/09;0800 UTC;0;960,9;961,3;960,3;0;13,6;2,7;14,5;12,8;3,6;1,2;47;42;45;259;10,3;7,1;
2026/07/09;0900 UTC;0;960,8;961,2;960,3;0;12,8;3,1;13,2;11,9;3,6;2,5;57;47;51;330;8,3;5,9;
2026/07/09;1000 UTC;0;961,2;961,3;960,9;0;12,2;3,6;12,5;11,8;3,7;3,3;59;56;57;340;10;7,3;
2026/07/09;1100 UTC;0;961,4;961,6;961,3;23,2;11,8;3,6;12,1;11,3;3,8;3,4;61;58;59;343;10,2;7,4;
2026/07/09;1200 UTC;0;961,6;961,9;961,4;161;12,4;3,8;12,7;12,2;4,2;3,7;58;56;57;336;11;8,2;
2026/07/09;1300 UTC;0;962;962,1;961,8;991,5;13,2;4,9;14,3;12,4;5,6;4,1;60;55;58;336;11;8;
2026/07/09;1400 UTC;0;962,3;962,4;962,1;1517,9;15,8;5,8;17,6;14,2;6,3;5,1;58;40;50;318;12,1;7,1;
2026/07/09;1500 UTC;0;962,1;962,4;961,9;1623;17,7;6,1;18,4;17;6,5;5,4;45;39;42;318;11,5;7,5;
2026/07/09;1600 UTC;0;961,6;962;961,4;1127,2;16,8;6,3;17,4;16,3;7;5,7;51;44;48;319;7,6;4,6;
2026/07/09;1700 UTC;0;961,1;961,5;960,8;1818,7;18,4;7,5;19;17,4;8,1;6,9;50;41;46;268;4,4;1,6;
2026/07/09;1800 UTC;0;960,1;960,8;959,7;1090,9;18,7;7,7;19,1;18,5;8,5;7;48;41;45;299;5,8;3,7;
2026/07/09;1900 UTC;0;959,4;959,7;959,2;1205,7;19,5;8,4;19,9;18,7;9,2;7,7;48;42;45;299;5,2;2,8;
2026/07/09;2000 UTC;0;959,2;959,3;958,9;591,9;19;9,1;19,7;18,3;9,7;8,6;57;45;51;323;5;2,8;
2026/07/09;2100 UTC;0;959,3;959,6;959;65,6;16,9;9,3;18,2;15,5;9,8;8,8;69;56;62;318;4,2;3,2;
2026/07/09;2200 UTC;0;959,9;960,3;959,6;0;15,2;8,9;15,5;14,9;9,2;8,6;71;66;68;306;5,5;4;
2026/07/09;2300 UTC;0;960,2;960,4;960,1;0;15;9;15,3;14,8;9,3;8,7;72;68;70;301;4,4;2;
2026/07/10;0000 UTC;0;960,6;960,9;960,2;0;15;8,9;15,3;14,7;9,1;8,7;71;68;70;279;4,2;2,4;
2026/07/10;0100 UTC;0;960,6;960,8;960,1;0;14,9;8,9;15,3;14,4;9,3;8,2;71;68;70;311;4,7;2,5;
2026/07/10;0200 UTC;0;960,3;960,4;960,2;0;14,1;8;14,4;13,9;8,5;7,6;72;68;70;322;4;2,6;
2026/07/10;0300 UTC;0;960,3;960,6;959,8;0;13,5;7,8;14;13,3;8,4;7,1;74;68;71;329;4;3;
2026/07/10;0400 UTC;0;959,8;960;959,6;0;14;5,8;14,4;13,3;6,9;5,2;68;55;59;278;3,1;2,1;
2026/07/10;0500 UTC;0;960;960,4;959,7;0;14;5,6;14,4;13,7;6,2;5;62;53;58;246;3,2;2;
2026/07/10;0600 UTC;0;960,2;960,5;959,8;0;13,4;6,1;14,1;12,8;6,9;5,5;70;57;64;252;3,5;1,6;
2026/07/10;0700 UTC;0;959,7;959,8;959,5;0;13,4;5,7;13,6;13,2;5,9;5,3;63;60;61;268;2,5;1,4;
2026/07/10;0800 UTC;0;959,4;959,6;959,2;0;13,6;5,5;13,8;13,4;6;5,3;62;58;59;192;3,2;2;
2026/07/10;0900 UTC;0;959,3;959,5;959,1;0;13;6;13,5;12,6;6,3;5,4;67;60;65;157;5,2;3,9;
2026/07/10;1000 UTC;0;959,5;960,1;958,9;0;12,3;6,4;12,9;11,7;6,9;6;75;66;70;175;3,9;3;
2026/07/10;1100 UTC;0;960,3;960,8;959,7;13,5;11,4;7;11,7;11;7,3;6,7;82;75;78;189;4,8;3;
2026/07/10;1200 UTC;0;960,8;961,1;960,6;155,6;11;7,7;11,7;10,8;8,2;7,2;86;81;83;152;4,6;3,4;
2026/07/10;1300 UTC;0;960,8;961,1;960,6;921,8;13;8,6;14,2;11,8;9,2;8,1;82;72;78;120;3,7;2,9;
2026/07/10;1400 UTC;0;961,2;961,3;961,1;1002,2;14,5;8,8;14,8;14,2;9,2;8,3;74;67;72;115;6,2;3,8;
2026/07/10;1500 UTC;0;960,9;961,2;960,5;1599,6;15,2;8,9;16,2;14,4;9,7;8,2;73;65;68;104;5,4;3,5;
2026/07/10;1600 UTC;0;960;960,5;959,5;2047,9;16,3;9,2;16,5;16;10,2;7,6;69;56;65;121;6,7;4,4;
2026/07/10;1700 UTC;0;959,1;959,5;958,9;1988,6;16,5;8,9;16,6;16,3;9,8;8,3;67;59;62;104;6,8;4,2;
2026/07/10;1800 UTC;0;958,8;958,9;958,7;1438;16,1;7,8;16,6;15,6;8,7;6,8;61;55;59;115;7,4;4,7;
2026/07/10;1900 UTC;0;958,8;959,1;958,6;973,3;15,4;7,9;15,9;14,9;9,3;6,9;72;56;63;115;6,3;4,2;
2026/07/10;2000 UTC;0;959,2;959,7;959;289,2;14,2;9,8;14,9;13,7;10,7;9,1;85;72;78;82;5,7;3,2;
2026/07/10;2100 UTC;0;959,7;959,9;959,5;29,3;13,3;11;13,6;12,8;11,1;10,6;91;85;88;90;6,3;3,9;
2026/07/10;2200 UTC;0;959,4;960,1;959,2;0;12,4;11;12,8;12,1;11,1;10,9;94;91;93;97;7,8;5,3;
2026/07/10;2300 UTC;0;959,9;960,2;959,6;0;11,9;10,9;12,1;11,6;11;10,8;97;94;95;97;7,9;5,5;
2026/07/11;0000 UTC;0;959,8;960,2;959,5;0;11,4;11,1;11,6;11,3;11,2;11;99;97;98;101;7,9;5,1;
2026/07/11;0100 UTC;0;959,8;960,2;959,2;0;11,4;11,3;11,5;11,3;11,5;11,2;100;99;99;84;8,4;4,2;
2026/07/11;0200 UTC;0;959,5;959,9;958,9;0;11,6;11,5;11,7;11,5;11,5;11,4;100;99;99;76;8,7;4,3;
2026/07/11;0300 UTC;0;959,2;959,6;959;0;11,9;11,8;12;11,7;12;11,5;100;99;99;88;8,5;4,4;
2026/07/11;0400 UTC;0;959;959,3;958,8;0;12,2;12,1;12,3;12;12,3;11,9;100;100;100;77;9,4;5,1;
2026/07/11;0500 UTC;0;959,1;959,4;958,7;0;12,2;12,3;12,3;12,2;12,3;12,2;100;100;100;73;8,9;4,3;
2026/07/11;0600 UTC;0;958,5;959;958,1;0;12,2;12,1;12,2;12,1;12,3;12;100;100;100;109;6,4;3,7;
2026/07/11;0700 UTC;2,2;958,3;958,9;957,7;0;12;12,1;12,1;12;12,1;12,1;100;100;100;86;6,9;3,7;
2026/07/11;0800 UTC;2,2;958,2;958,5;957,7;0;12;12,1;12,1;12;12,1;12,1;100;100;100;87;5,7;3,3;
2026/07/11;0900 UTC;0;957,9;958,1;957,6;0;12;12,1;12;12;12,1;12,1;100;100;100;114;4,5;2,7;
2026/07/11;1000 UTC;0;958,2;958,4;957,9;0;11,9;12;12,1;11,8;12,1;11,9;100;100;100;113;6,7;4,2;
2026/07/11;1100 UTC;0;958,5;958,8;958,1;1,9;11,8;11,8;11,8;11,8;11,9;11,8;100;100;100;104;5,2;2,5;
2026/07/11;1200 UTC;0;958,2;958,7;957,9;110,7;11,9;12;12,1;11,8;12,2;11,8;100;100;100;83;7,4;4,2;
2026/07/11;1300 UTC;0;958,6;959,2;958,3;163,4;12,2;12,3;12,3;12,1;12,4;12,2;100;100;100;98;5,3;2,4;
2026/07/11;1400 UTC;0;959,3;960;958,7;224,3;12,5;12,5;12,7;12,3;12,8;12,4;100;100;100;76;5,4;2,8;
2026/07/11;1500 UTC;0;958,8;959;958,6;197,1;12,7;12,8;12,8;12,6;12,8;12,7;100;100;100;139;5,7;4,1;
2026/07/11;1600 UTC;,2;958,6;959,1;958,1;202,1;12,6;12,6;12,7;12,5;12,7;12,5;100;100;100;144;7,2;4,9;
2026/07/11;1700 UTC;,2;958,1;958,2;957,9;473,5;12,6;12,7;12,8;12,4;12,8;12,5;100;100;100;132;10;6,7;
2026/07/11;1800 UTC;,6;958;958,2;957,8;643;12,6;12,7;12,7;12,5;12,8;12,5;100;100;100;124;9,6;6,1;
2026/07/11;1900 UTC;,2;958,3;958,4;958,2;294,3;12,4;12,4;12,7;12,2;12,8;12,2;100;100;100;119;6,4;3,8;
2026/07/11;2000 UTC;,2;958,4;958,7;958,3;133,2;12,1;12,2;12,2;12;12,3;12,1;100;100;100;129;8,2;5,6;
2026/07/11;2100 UTC;0;958,9;959,1;958,7;20,1;11,8;11,9;12;11,8;12;11,8;100;100;100;132;4,8;3;
2026/07/11;2200 UTC;0;959,3;959,5;959,1;0;11,8;11,9;11,8;11,8;11,9;11,8;100;100;100;149;3,8;2,6;
2026/07/11;2300 UTC;,2;959,6;959,7;959,5;0;11,8;11,9;11,8;11,8;11,9;11,8;100;100;100;141;3,7;2,6;
2026/07/12;0000 UTC;0;959,5;959,6;959,4;0;11,7;11,8;11,8;11,7;11,8;11,8;100;100;100;144;4,3;2,5;
2026/07/12;0100 UTC;0;959,3;959,5;959,2;0;11,6;11,7;11,7;11,5;11,8;11,6;100;100;100;274;1;,4;
2026/07/12;0200 UTC;0;959,3;959,5;959,1;0;11,5;11,6;11,6;11,5;11,6;11,6;100;100;100;306;2,8;1,6;
2026/07/12;0300 UTC;0;959,5;959,6;959,4;0;11,5;11,6;11,6;11,5;11,6;11,6;100;100;100;303;3;2,1;
2026/07/12;0400 UTC;0;959,5;959,6;959,4;0;11,6;11,6;11,6;11,5;11,7;11,6;100;100;100;294;5,2;3,2;
2026/07/12;0500 UTC;1;959,3;959,5;959,1;0;11,5;11,6;11,6;11,4;11,7;11,5;100;100;100;274;4,7;2,6;
2026/07/12;0600 UTC;0;959,3;959,4;959,2;0;11,3;11,4;11,4;11,3;11,5;11,3;100;100;100;216;4,9;3;
2026/07/12;0700 UTC;,2;959,4;959,6;959,3;0;11,2;11,2;11,3;11;11,3;11,1;100;100;100;206;10,4;4,1;
2026/07/12;0800 UTC;,4;959,7;959,8;959,5;0;10,6;10,6;11;10,4;11;10,4;100;100;100;194;5,7;3,3;
2026/07/12;0900 UTC;1,2;960,1;960,5;959,8;0;9,7;9,7;10,4;9,3;10,4;9,4;100;100;100;184;7,1;4,4;
2026/07/12;1000 UTC;0;960,8;961;960,4;0;9,1;9,2;9,3;8,9;9,4;9;100;100;100;191;6,1;3,3;
2026/07/12;1100 UTC;0;961,4;961,8;961;2,4;8,1;8,2;8,9;7,5;9;7,6;100;100;100;199;7,7;4;
2026/07/12;1200 UTC;0;961,9;962,1;961,7;120,2;7,6;7,7;7,8;7,5;7,9;7,6;100;100;100;218;6,6;3,6;
2026/07/12;1300 UTC;0;962,5;963;962,1;190,8;7,5;7,5;7,8;7,3;7,9;7,3;100;100;100;227;6,2;2,7;
2026/07/12;1400 UTC;0;963,1;963,2;962,9;433,5;7,1;7;7,4;6,9;7,4;6,7;100;99;99;247;7,6;3,2;
2026/07/12;1500 UTC;0;963,2;963,3;963;843;7,4;6,8;7,9;7;7,1;6,6;99;93;97;247;6,4;3,1;
2026/07/12;1600 UTC;0;962,8;963,1;962,4;903,8;8,2;7;8,6;7,8;7,3;6,6;96;90;94;258;8,1;4,3;
2026/07/12;1700 UTC;0;962,5;962,7;962,3;1016,9;8,6;6,6;8,9;8,4;7,1;5,9;93;86;90;240;10,1;3,8;
2026/07/12;1800 UTC;0;962,7;962,8;962,6;733;8,8;6,6;8,9;8,6;7,2;6;92;86;89;243;7,6;3,9;
2026/07/12;1900 UTC;0;962,9;963;962,7;466,4;9,1;6,9;9,3;9;7,4;6,5;91;87;89;243;5,1;2,4;
2026/07/12;2000 UTC;0;963;963,3;962,8;242,7;9,3;7,4;9,4;9,3;7,8;6,9;93;87;90;264;5,6;2,3;
2026/07/12;2100 UTC;0;963,6;963,9;963,2;19,8;9,2;8,1;9,4;8,7;8,6;7,6;99;91;94;281;5,2;2,9;
2026/07/12;2200 UTC;,2;964;964,4;963,8;0;8,9;8,9;9,1;8,7;9,2;8,6;100;99;100;240;6,1;3;
2026/07/12;2300 UTC;1,2;964,7;965;964,4;0;9,2;9,3;9,3;9,1;9,4;9,2;100;100;100;191;6,7;4,5;
2026/07/13;0000 UTC;0;965,1;965,2;965;0;9,2;9,3;9,3;9,2;9,4;9,3;100;100;100;193;5,8;3,4;
2026/07/13;0100 UTC;1,8;965,4;965,5;965,2;0;9,2;9,3;9,2;9,2;9,3;9,3;100;100;100;206;7,2;4,6;
2026/07/13;0200 UTC;1,2;965,4;965,6;965,3;0;9,2;9,2;9,2;9,1;9,3;9,1;100;100;100;207;7,5;4,9;
2026/07/13;0300 UTC;,6;965,6;965,7;965,5;0;8,9;8,9;9,1;8,7;9,1;8,8;100;100;100;191;7,5;4,7;
2026/07/13;0400 UTC;,8;965,8;965,9;965,5;0;8,6;8,6;8,7;8,2;8,8;8,3;100;100;100;206;9,4;5,2;
2026/07/13;0500 UTC;0;965,8;965,9;965,7;0;8,1;8,1;8,3;7,9;8,3;8;100;100;100;208;8,1;4,5;
2026/07/13;0600 UTC;,2;965,7;965,8;965,5;0;7,8;7,9;8;7,8;8;7,8;100;100;100;194;6,6;3,7;
2026/07/13;0700 UTC;0;965,7;965,8;965,5;0;7,7;7,8;7,8;7,7;7,8;7,8;100;100;100;206;5;2,8;
2026/07/13;0800 UTC;,2;965,6;965,8;965,5;0;7,7;7,8;7,8;7,7;7,8;7,7;100;100;100;208;4,6;2,5;
2026/07/13;0900 UTC;,2;965,5;965,7;965,5;0;7,7;7,8;7,8;7,7;7,8;7,8;100;100;100;204;4,7;2,8;
2026/07/13;1000 UTC;,2;965,9;966,2;965,6;0;7,7;7,8;7,8;7,7;7,8;7,8;100;100;100;207;5,5;3,1;
2026/07/13;1100 UTC;0;966,6;967;966,2;22,8;7,7;7,7;7,8;7,6;7,8;7,6;100;100;100;204;5;2,3;
2026/07/13;1200 UTC;,2;967,5;967,9;967;234,4;7,9;7,9;8,1;7,6;8,1;7,7;100;100;100;209;5,1;3,3;
2026/07/13;1300 UTC;0;968,2;968,5;967,9;564,6;8,4;8,5;8,8;8,1;8,9;8,1;100;100;100;184;5,4;2,7;
2026/07/13;1400 UTC;,2;968,6;968,7;968,5;793,3;9;9,1;9,6;8,8;9,7;8,8;100;100;100;184;3,4;1,7;
2026/07/13;1500 UTC;0;968,5;968,6;968,4;698;9,5;9,5;9,6;9,3;9,6;9,4;100;100;100;184;3;1,6;
2026/07/13;1600 UTC;0;968,2;968,4;967,9;759;9,7;9,8;9,9;9,5;10;9,5;100;100;100;258;1,9;,9;
2026/07/13;1700 UTC;0;967,8;968;967,7;393,4;9,7;9,8;9,8;9,6;9,9;9,6;100;100;100;187;2;1;
2026/07/13;1800 UTC;0;967,5;967,8;967,3;336,7;9,8;9,8;9,9;9,7;10;9,7;100;100;100;118;1,6;,9;
2026/07/13;1900 UTC;0;967,3;967,4;967,2;396,8;10,1;10,2;10,4;9,9;10,5;10;100;100;100;108;2;1,5;
2026/07/13;2000 UTC;0;967,4;967,5;967,2;183,2;10,3;10,3;10,5;10,1;10,5;9,8;100;98;100;70;2,8;1,6;
2026/07/13;2100 UTC;0;967,5;967,8;967,3;42;9,9;9,8;10,2;9,7;9,8;9,7;100;98;99;99;2,6;1,6;
2026/07/13;2200 UTC;0;968;968,1;967,8;0;9,6;9,6;9,7;9,6;9,7;9,6;100;100;100;57;2,3;1,2;
2026/07/13;2300 UTC;0;968,5;968,7;968,2;0;9,4;8,8;9,6;9,3;9,6;8,2;100;95;97;42;4,4;2,2;
2026/07/14;0000 UTC;0;968,8;968,9;968,7;0;9,2;8,2;9,3;9,2;8,6;7,7;97;92;95;50;5,1;2,8;
2026/07/14;0100 UTC;0;968,6;968,7;968,4;0;9,3;7,9;9,3;9,2;8,3;7,6;95;91;93;49;6,7;3,5;
2026/07/14;0200 UTC;0;968,3;968,5;968;0;9;7,6;9,2;8,7;8;7,4;94;91;93;54;9,4;5,3;
2026/07/14;0300 UTC;0;968;968,2;967,8;0;8,7;7,5;8,8;8,6;7,7;7,2;95;93;94;128;7,6;4,5;
2026/07/14;0400 UTC;0;968;968,2;967,8;0;8,7;7,7;8,9;8,5;7,8;7,6;96;94;95;51;7,8;4,5;
2026/07/14;0500 UTC;0;967,6;967,7;967,3;0;8,4;7,6;8,6;8,1;7,8;7,4;97;95;96;38;6,7;3,9;
2026/07/14;0600 UTC;0;967,1;967,4;966,6;0;8,2;7,3;8,7;8;7,4;7,2;97;93;95;44;8,8;4,4;
2026/07/14;0700 UTC;0;966,7;966,8;966,5;0;9;7,3;9,2;8,7;7,4;7,2;93;91;91;39;7,9;4,2;
2026/07/14;0800 UTC;0;966,4;966,7;966;0;9;7,5;9,1;8,9;7,6;7,3;93;91;92;37;8,6;5,1;
2026/07/14;0900 UTC;0;965,8;966;965,6;0;9;7,6;9,1;8,7;7,7;7,5;94;93;93;50;9,1;4,7;
2026/07/14;1000 UTC;0;966,3;966,8;965,9;0;8,7;7,7;8,8;8,5;7,8;7,5;96;94;95;79;8,2;3,9;
2026/07/14;1100 UTC;0;967;967,4;966,8;17,4;8;7,6;8,6;7,5;8;7,1;100;96;98;174;6,3;3,5;
2026/07/14;1200 UTC;0;967,9;968,3;967,4;154,6;8,5;8,4;9,7;7,5;9,1;7,5;100;95;99;47;8;3,9;
2026/07/14;1300 UTC;0;968,1;968,3;967,7;838,1;10,7;8,7;11,6;9,8;9,1;8,3;95;86;90;51;6,8;3,7;
2026/07/14;1400 UTC;0;967,8;967,9;967,6;1656,1;12,3;8,8;13,2;11,7;9,3;8,3;86;75;82;88;8,3;4,3;
2026/07/14;1500 UTC;0;967,5;967,8;967,2;2038,7;13,9;9;14,7;13,1;10,2;8,3;80;70;75;118;7,9;4;
2026/07/14;1600 UTC;0;966,8;967,2;966,3;2199,4;14,7;8,6;15;14,4;9,5;8;73;67;70;184;8,9;4,4;
2026/07/14;1700 UTC;0;965,6;966,3;965,1;1980;14,9;8,7;15,2;14,6;10;8,3;76;66;69;150;7,9;5,1;
2026/07/14;1800 UTC;0;964,8;965,2;964,6;1854,4;15,5;9,2;15,8;15;10,2;8,6;74;66;69;52;6,1;3,4;
2026/07/14;1900 UTC;0;964,3;964,6;964;1282,1;15,7;9,2;15,9;15,5;9,9;8,7;70;65;67;122;5,9;2,7;
2026/07/14;2000 UTC;0;963,8;964;963,7;677,1;15,1;9,3;15,9;14,5;9,8;8,7;75;67;71;100;6,6;3,1;
2026/07/14;2100 UTC;0;963,9;964,1;963,7;79,5;13,4;9,5;14,4;12,4;9,9;9,1;87;74;80;31;5;3;
2026/07/14;2200 UTC;0;964,1;964,2;963,9;0;12,3;10,4;12,4;12,2;10,8;9,8;93;87;91;40;7,7;3,9;
2026/07/14;2300 UTC;0;964,1;964,3;963,9;0;12,1;11,2;12,4;12;11,5;10,8;97;93;95;32;9,3;5,3;
2026/07/15;0000 UTC;0;964,3;964,4;964,1;0;11,6;10,9;12;11,2;11,2;10,4;97;96;96;39;8,1;4,7;
2026/07/15;0100 UTC;0;964,2;964,4;964;0;10,7;10;11,3;10,5;10,4;9,5;98;95;97;107;7,2;4,7;
2026/07/15;0200 UTC;0;963,5;964;963,1;0;10,6;8;10,9;10,3;9,4;6,8;95;80;87;108;8,9;4,5;
2026/07/15;0300 UTC;0;963,4;963,5;963,3;0;10,4;8;10,7;10,1;8,3;7,8;89;86;88;98;6,9;3,3;
2026/07/15;0400 UTC;0;963,3;963,5;963;0;10;7,9;10,4;9,8;8,2;7,6;91;87;89;66;8,1;4,4;
2026/07/15;0500 UTC;0;963;963,2;962,8;0;10,5;8;10,6;10,4;8,2;7,8;89;86;87;138;7,1;3,8;
2026/07/15;0600 UTC;0;963;963,1;962,8;0;10,2;8,3;10,4;10;8,5;8,1;92;89;90;284;9,1;5,2;
2026/07/15;0700 UTC;0;963;963,3;962,7;0;10,5;8,6;10,6;10,2;8,7;8,6;92;90;91;153;8,4;5,3;
2026/07/15;0800 UTC;0;962,9;963,3;962,4;0;10,4;8,4;10,5;10,2;8,6;8,2;91;89;90;323;11,3;7,6;
2026/07/15;0900 UTC;0;962,2;962,4;962;0;9,9;8,1;10,2;9,7;8,3;8;92;90;91;323;11,2;7,4;
2026/07/15;1000 UTC;0;962,5;962,8;962,2;0;9,5;7,9;9,7;9,3;8,1;7,7;92;91;92;339;11,6;7,7;
2026/07/15;1100 UTC;0;962,9;963,1;962,7;14,8;9,2;7,7;9,4;9;7,7;7,6;93;92;92;343;10,9;8,1;
2026/07/15;1200 UTC;0;963,1;963,2;963;127,9;9,8;7,8;10,8;9,2;8,1;7,6;92;86;90;341;11,5;8,2;
2026/07/15;1300 UTC;0;963,2;963,4;963;1163,7;12,1;8,5;13,3;10,9;9,2;8,1;86;79;82;336;11,2;7,6;
2026/07/15;1400 UTC;0;963,4;963,5;963,3;1677,1;14,3;9,3;15,1;13,3;9,6;8,8;80;71;75;332;10,8;7,3;
2026/07/15;1500 UTC;0;963,1;963,3;962,8;2079,3;15,8;9,5;16,3;15,1;9,9;9,2;72;66;69;323;10,1;6,1;
2026/07/15;1600 UTC;0;962,6;962,9;962,3;2133,7;16,9;10,2;17,3;16,4;10,8;9,6;68;64;67;297;7,2;3,8;
2026/07/15;1700 UTC;0;961,7;962,2;961,3;2060,4;17,8;11;18,3;17,3;12,1;10,4;71;64;66;287;6,5;3,8;
2026/07/15;1800 UTC;0;961;961,4;960,6;1837,5;18,5;11,5;18,8;18,2;12,1;11,1;67;62;65;229;7,8;3,9;
2026/07/15;1900 UTC;0;960,5;960,6;960,3;1314,5;18,7;11,5;18,9;18,5;12;10,8;67;61;64;139;5,7;3,2;
2026/07/15;2000 UTC;0;960,3;960,4;960,3;691,6;18,1;11;18,5;17,3;11,5;10,5;69;61;64;83;5,1;2,9;
2026/07/15;2100 UTC;0;960,3;960,4;960,1;78;16,1;10,8;17,3;14,9;11,2;10,6;79;68;74;37;5,3;2,8;
2026/07/15;2200 UTC;0;960,4;960,6;960,3;0;14,8;9,9;14,9;14,6;10,7;9,6;79;74;76;34;7,1;4;
2026/07/15;2300 UTC;0;960,6;960,7;960,4;0;14,4;9,2;14,6;14,2;9,9;9;76;73;74;69;8,5;4,6;
2026/07/16;0000 UTC;0;960,3;960,5;960,1;0;13,8;9,1;14,2;13,6;9,3;8,8;78;74;76;171;11,4;6,2;
2026/07/16;0100 UTC;0;959,9;960,2;959,6;0;14;8,5;14,4;13,7;9;8,3;76;70;72;279;13,2;9,1;
2026/07/16;0200 UTC;0;959,6;959,7;959,3;0;14,7;8,5;14,9;14,4;8,7;8,4;70;68;69;284;14,2;9,2;
2026/07/16;0300 UTC;0;959,4;959,6;959,2;0;14,7;8,5;14,8;14,5;8,6;8,5;70;68;69;320;14;8,9;
2026/07/16;0400 UTC;0;959,2;959,3;959,1;0;14,1;8,5;14,6;13,8;8,5;8,4;73;70;72;326;12,1;8,5;
2026/07/16;0500 UTC;0;959,3;959,4;959,2;0;14,4;8,6;14,8;14;8,8;8,5;73;70;71;326;12,7;7,9;
2026/07/16;0600 UTC;0;959,4;959,5;959,3;0;14,5;8,9;14,8;14,2;9;8,8;73;70;72;330;12,8;8,5;
2026/07/16;0700 UTC;0;959,3;959,5;959;0;14,8;9;15,3;14,5;9,1;8,8;72;68;71;327;12,2;8,1;
2026/07/16;0800 UTC;0;958,6;959;958,4;0;15,8;8,8;16,1;15,3;8,9;8,5;68;62;65;336;11,6;8,3;
2026/07/16;0900 UTC;0;958,4;958,8;958,2;0;15,3;8,9;15,7;14,9;9;8,7;70;65;68;334;12,4;8,3;
2026/07/16;1000 UTC;0;958,8;959;958,6;0;15;8,8;15,3;14,8;9;8,6;70;67;69;341;10,9;7,8;
2026/07/16;1100 UTC;0;959,3;959,6;958,9;48,5;14,8;8,8;15,8;14;9;8,6;74;64;70;338;12,1;7,7;
2026/07/16;1200 UTC;0;959,8;960;959,5;325,5;16;9,3;16,7;14,9;9,7;9;70;64;67;337;12,3;8;
2026/07/16;1300 UTC;0;960,1;960,2;960;913,1;17,6;10,1;19,2;16,7;11;9,6;66;58;63;296;11,5;7,1;
2026/07/16;1400 UTC;0;959,9;960,2;959,7;1313,2;19,9;11,3;20,2;19,3;11,7;10,8;59;54;57;306;10,4;6,7;
2026/07/16;1500 UTC;0;959,3;959,7;958,8;1493,5;20,6;11,9;21,4;20;12,4;11,5;59;53;57;261;10,7;6,9;
2026/07/16;1600 UTC;0;958,3;958,9;957,5;2113,1;22,6;12,9;23,2;21,5;13,6;11,9;54;49;52;308;12,6;6,7;
2026/07/16;1700 UTC;0;957;957,6;956,6;1881,1;23,4;13,7;24;22,5;14,8;13,2;56;49;52;272;10,7;5,9;
2026/07/16;1800 UTC;0;956,3;956,6;955,9;1638,5;23,9;14,4;24,3;23,4;15;13,7;55;51;52;188;8,9;5,6;
2026/07/16;1900 UTC;0;955,5;955,9;955,3;1279,6;23,9;14,5;24,2;23,7;14,9;14,2;55;51;53;144;9,7;5,4;
2026/07/16;2000 UTC;0;955,1;955,4;954,8;552,8;23,3;14,3;23,8;22,6;14,6;13,9;58;52;55;43;8,7;5;
2026/07/16;2100 UTC;0;954,9;955;954,6;39,9;22;13,4;22,6;21,4;14;13,1;61;56;57;35;7,5;4,5;
2026/07/16;2200 UTC;0;954,8;955;954,6;0;21,3;13,2;21,5;21,1;13,6;13;61;59;60;33;10;6,1;
2026/07/16;2300 UTC;0;954,7;954,8;954,6;0;21;13;21,1;20,8;13,1;12,9;61;60;60;33;10,1;5,7;
2026/07/17;0000 UTC;0;954,5;954,7;954,4;0;21,1;13,1;21,2;20,9;13,2;13;61;60;60;37;10;5,8;
2026/07/17;0100 UTC;0;954,2;954,4;953,9;0;20,8;13;21;20,5;13,1;12,9;62;60;61;37;9,5;5,8;
2026/07/17;0200 UTC;0;953,8;954;953,7;0;20,4;12,9;20,5;20,4;13;12,8;63;62;62;51;9,9;5,9;
2026/07/17;0300 UTC;0;953,9;954;953,7;0;20;12,8;20,5;19,4;12,9;12,7;67;62;64;80;10,2;6,1;
2026/07/17;0400 UTC;0;953,8;954;953,6;0;19,5;12,7;19,8;19,3;12,8;12,5;67;64;66;117;11,5;7,3;
2026/07/17;0500 UTC;0;953,4;953,8;953;0;19,7;12,4;19,9;19,7;12,6;12,3;64;63;64;133;12,5;7,6;
2026/07/17;0600 UTC;0;952,8;953;952,5;0;19,5;12,3;19,7;19,4;12,4;12,2;65;63;64;163;11,8;6,7;
2026/07/17;0700 UTC;0;952,4;952,5;952;0;19,3;12,2;19,4;19,2;12,3;12,1;65;64;64;214;10,6;6,5;
2026/07/17;0800 UTC;0;952;952,2;951,8;0;19,5;12,2;19,8;19,2;12,3;12,1;65;62;63;249;11;6,4;
2026/07/17;0900 UTC;0;952;952,2;951,8;0;19,7;12,3;19,8;19,4;12,6;12,2;64;62;63;289;9,3;4,8;
2026/07/17;1000 UTC;0;952,3;952,4;952,1;0;19,5;12,3;19,8;19,3;12,5;12,3;65;63;64;279;10,8;6,4;
2026/07/17;1100 UTC;0;952,5;952,7;952,4;28,6;19,5;12,4;19,7;19,3;12,5;12,3;66;63;65;269;11,6;7,1;
2026/07/17;1200 UTC;0;952,8;953;952,6;284,5;19,4;12,6;19,7;19,3;12,8;12,4;67;65;66;206;12,9;7,4;
2026/07/17;1300 UTC;0;953;953,2;952,8;887,8;20,2;13,4;20,9;19,7;14;12,8;66;65;66;208;11,5;6,6;
2026/07/17;1400 UTC;0;953;953,2;952,6;1248,6;21,6;14,4;22;20,9;14,9;13,9;65;63;64;108;10,4;6,4;
2026/07/17;1500 UTC;0;952,4;952,7;951,7;1475,6;22,8;15,6;23,5;22;16,4;14,9;65;62;64;125;10,1;5,1;
2026/07/17;1600 UTC;0;951;951,7;950,2;1331;24;16,6;24,6;23,5;17,3;16,1;65;60;63;277;12,3;6,7;
2026/07/17;1700 UTC;0;949,4;950,2;948,5;1281;25,1;17,1;25,6;24,7;17,4;16,8;62;58;60;315;15,7;9,4;
2026/07/17;1800 UTC;0;948,1;948,7;947,5;1435,8;26,3;17,7;26,8;25,7;18,2;17,2;59;56;57;311;16,6;9,9;
2026/07/17;1900 UTC;0;947,7;948;947,4;893,2;26,4;18,1;26,7;25,9;18,3;17,8;61;57;59;319;14,3;7,8;
2026/07/17;2000 UTC;0;947,8;948;947,5;274,6;26,2;18;26,5;25,9;18,2;17,9;61;57;59;312;15,8;8,2;
2026/07/17;2100 UTC;0;947,9;948,2;947,6;92,1;26,2;18;26,5;26;18,2;17,8;60;58;59;299;12,7;7;
2026/07/17;2200 UTC;0;948,6;949,1;948;0;25,6;17,9;26;25,1;18;17,7;63;59;61;310;10,2;5,1;
2026/07/17;2300 UTC;0;949,4;949,5;949,1;0;24,6;17,7;25,1;24,3;17,9;17,6;67;63;65;305;8,6;5,1;
2026/07/18;0000 UTC;0;949,7;949,9;949,5;0;24,1;17,5;24,3;23,8;17,7;17,5;68;66;67;309;9,3;5,1;
2026/07/18;0100 UTC;0;950,2;950,5;949,8;0;23,6;17,4;23,8;23,4;17,5;17,4;70;68;69;320;10,6;5,5;
2026/07/18;0200 UTC;0;950,7;950,9;950,4;0;24;17,5;24,1;23,7;17,6;17,4;69;67;68;320;10,7;6,8;
2026/07/18;0300 UTC;0;950,8;950,9;950,4;0;23,8;17,5;24;23,6;17,7;17,5;69;68;69;320;12;6,9;
2026/07/18;0400 UTC;0;950,8;951;950,5;0;23,7;17,5;23,9;23,6;17,6;17,4;70;68;69;319;15,9;7,7;
2026/07/18;0500 UTC;0;950,9;951,1;950,8;0;23,8;17,5;23,9;23,8;17,5;17,5;69;68;68;319;14;8;
2026/07/18;0600 UTC;0;950,4;950,8;949,8;0;23,8;17,5;23,9;23,7;17,6;17,4;69;68;69;321;15,6;8;
2026/07/18;0700 UTC;0;949,9;950,1;949,5;0;23,6;17,4;23,8;23,1;17,5;17,3;71;68;69;318;10,9;6,1;
2026/07/18;0800 UTC;0;949,4;950;948,8;0;22,9;17,2;23,3;22,6;17,4;17,1;73;70;72;310;11,1;6,5;
2026/07/18;0900 UTC;0;949;949,3;948,6;0;22,7;17,1;22,8;22,5;17,2;17;73;71;72;309;14,5;6,6;
2026/07/18;1000 UTC;0;949;949,3;948,7;0;23;17;23,2;22,7;17;16,9;71;69;70;318;18,4;8,7;
2026/07/18;1100 UTC;0;949,2;949,7;948,8;21,6;22,9;17;23,2;22,8;17;16,9;71;69;70;320;12,7;7,2;
2026/07/18;1200 UTC;0;951,1;951,1;951;122,7;23;16,8;23;22,1;17,2;16,8;74;68;68;332;14,3;7,7;
2026/07/18;1300 UTC;0;950,9;951,1;950,7;436,3;23,3;16,9;23,6;22,9;17;16,7;69;66;67;340;16,4;7,7;
2026/07/18;1400 UTC;0;951;951,2;950,8;572,2;23,6;16,8;23,7;23,3;17;16,6;67;65;65;338;14,1;7,6;
2026/07/18;1500 UTC;0;951,4;951,4;951;546,9;23,8;17;23,9;23,6;17,1;16,7;66;64;66;333;13;6,7;
2026/07/18;1600 UTC;0;951,2;951,7;951,2;226,4;19,4;16,9;23,8;19,4;17,3;16,7;86;65;85;173;11,4;1,5;
2026/07/18;1700 UTC;0;950,6;951,1;950,5;433,4;21,3;17,2;21,3;19,7;17,6;16,8;84;78;78;327;4;2,5;
2026/07/18;1800 UTC;0;950;950,6;950;380,7;23,6;17,7;23,6;21,3;17,8;17,2;78;69;69;340;8,6;3,9;
2026/07/18;1900 UTC;0;950,5;950,5;949,8;628,8;24,4;18,4;24,7;23,6;18,5;17,6;70;66;69;337;8,8;2,6;
2026/07/18;2000 UTC;0;951;951;950,4;338,1;19,7;18;24,8;19,7;18,9;18;90;67;90;80;7,2;4,9;
2026/07/18;2100 UTC;0;951,7;951,8;951;18,5;18;16,5;19,7;18;18;16,4;91;90;91;86;9,4;5,4;
2026/07/18;2200 UTC;0;952;952;951,3;0;17,6;16;18;17,6;16,5;15,6;93;87;90;77;10,8;7,8;
2026/07/18;2300 UTC;0;952;952,3;951,6;0;16,6;15,5;17,6;16,6;16,1;15,1;94;86;93;73;11,7;7,4;
2026/07/19;0000 UTC;0;952;952,2;951,9;0;16,5;15,1;16,7;16,5;15,6;15,1;94;91;92;69;12,4;8;
2026/07/19;0100 UTC;0;952;952,4;951,9;0;17,2;14,4;17,2;16,5;15;14,3;90;83;83;51;12,2;6,4;
2026/07/19;0200 UTC;0;951,2;952;951,2;0;18,3;15,1;18,7;17,3;15,3;14,3;83;80;82;16;11,1;6,3;
2026/07/19;0300 UTC;0;950,6;951,2;950,4;0;17,9;15,2;18,2;16,8;15,3;14,7;88;82;84;356;12,4;7,3;
2026/07/19;0400 UTC;0;953,5;953,7;950,6;0;16,3;15,1;18,1;16,3;15,6;15,1;92;85;92;156;11,2;5,1;
2026/07/19;0500 UTC;0;954,1;954,1;953,3;0;15;14,5;16,3;15;15,1;14,5;97;92;97;125;10,5;5,3;
2026/07/19;0600 UTC;,2;953;954,1;953;0;14,4;14,1;15,1;14,4;14,6;14,1;99;95;98;105;10,6;6,4;
2026/07/19;0700 UTC;0;951,6;953;951,5;0;14,5;13,7;14,8;14,3;14,1;13,6;98;93;95;76;14,1;6,5;
2026/07/19;0800 UTC;,2;950,9;951,6;950,8;0;14,1;13,6;14,6;14,1;13,7;13,5;97;93;97;87;12,5;8;
2026/07/19;0900 UTC;3,2;949,9;951,3;949,8;0;13,7;13,7;14,1;13,7;13,7;13,7;100;97;100;77;12,6;9,4;
2026/07/19;1000 UTC;,2;949,3;950,3;949,3;0;13,7;13,7;13,8;13,7;13,8;13,7;100;100;100;77;14,2;7,8;
2026/07/19;1100 UTC;4,8;953;953,2;949,3;0;14,4;14,4;14,4;13,6;14,4;13,6;100;100;100;355;12,9;2,1;
2026/07/19;1200 UTC;5,6;951,9;952,9;951,8;2,1;15,1;15,1;15,2;14,4;15,2;14,4;100;100;100;351;6,4;3,1;
2026/07/19;1300 UTC;6,6;952,8;953,6;951,8;78,6;15,8;15,8;15,9;15,1;15,9;15,1;100;100;100;334;8,5;6,3;
2026/07/19;1400 UTC;4,4;952,1;952,8;952,1;79,3;15,6;15,6;15,8;15,6;15,8;15,6;100;100;100;340;10,2;6,8;
2026/07/19;1500 UTC;1,4;951,1;951,9;950,8;160,9;15,6;15,6;16;15,6;16;15,6;100;100;100;354;10,6;6,2;
2026/07/19;1600 UTC;3,8;951,6;952,3;950,8;104,4;15,5;15,5;15,7;15,4;15,7;15,4;100;100;100;336;11,7;6,1;
2026/07/19;1700 UTC;1,6;952,3;952,4;951;149,7;15,7;15,7;15,8;15,4;15,8;15,4;100;100;100;326;15;8,6;
2026/07/19;1800 UTC;2,4;951,8;952,7;949,8;82,9;15,6;15,5;15,9;15,6;15,9;15,4;100;98;99;309;14,6;7,8;
2026/07/19;1900 UTC;2;951,3;952,1;951,3;91,6;15,5;14,7;15,6;15,4;15,5;14,7;100;95;95;282;11,4;6,1;
2026/07/19;2000 UTC;3,8;951,4;952,1;951,3;24;14,8;14,4;15,5;14,8;15;14,4;98;96;97;316;10,8;7,3;
2026/07/19;2100 UTC;3,8;948,5;951,3;947,2;1,3;15,7;14,6;15,8;14,9;14,7;14,3;98;91;93;357;15,4;10,1;
2026/07/19;2200 UTC;0;950,1;950,2;948,2;0;15,6;15;15,6;15,1;15;14,4;98;93;97;339;15,8;9,5;
2026/07/19;2300 UTC;0;950,9;951,1;947,7;0;15,7;15,2;15,7;15,3;15,2;15;99;96;97;336;15,5;6,4;
2026/07/20;0000 UTC;0;952,1;952,1;950,7;0;15,7;15,4;15,7;15,5;15,4;15,2;99;97;99;315;10,6;3,8;
2026/07/20;0100 UTC;0;953,2;953,2;952,1;0;15,7;15,7;15,8;15,7;15,7;15,4;100;98;100;292;6,1;3,4;
2026/07/20;0200 UTC;0;954,1;954,1;953;0;15,6;15,6;15,8;15,6;15,8;15,6;100;99;100;283;5,2;1,1;
2026/07/20;0300 UTC;0;954;954,2;953,3;0;15,9;15,9;16;15,6;16;15,6;100;100;100;308;4,9;2,1;
2026/07/20;0400 UTC;0;954,6;954,6;953,5;0;15,9;15,9;15,9;15,8;15,9;15,8;100;100;100;319;2,7;1,7;
2026/07/20;0500 UTC;0;954,9;955;954,1;0;16;16;16;15,9;16;15,9;100;100;100;11;3,6;,7;
2026/07/20;0600 UTC;0;954,6;955,1;954,6;0;15,6;15,6;16;15,6;16;15,6;100;100;100;76;4,8;2,5;
2026/07/20;0700 UTC;1,4;954,4;954,8;954,3;0;15,7;15,7;15,7;15,5;15,7;15,5;100;100;100;77;5,6;4;
2026/07/20;0800 UTC;5,4;953,8;954,7;953,6;0;15,6;15,6;15,7;15,5;15,7;15,5;100;100;100;58;5,9;3,1;
2026/07/20;0900 UTC;2,2;953,7;954;953,2;0;15,9;15,9;16;15,6;16;15,6;100;100;100;72;7,6;2,5;
2026/07/20;1000 UTC;0;953,2;953,7;952,3;0;15,8;15,8;15,9;15,7;15,9;15,7;100;100;100;64;9,2;4,1;
2026/07/20;1100 UTC;1,6;955,1;955,1;952,9;0;15,8;15,8;15,9;15,7;15,9;15,7;100;100;100;73;7,6;1,2;
2026/07/20;1200 UTC;3,2;955,2;955,4;954,7;34,4;16;16;16;15,8;16;15,8;100;100;100;66;6,7;1,8;
2026/07/20;1300 UTC;1,6;954,6;955,6;954,5;115,7;16,1;16,1;16,1;16;16,1;16;100;100;100;83;4,8;3,1;
2026/07/20;1400 UTC;0;954,2;955,2;954,2;290,7;16,4;16,4;16,4;16;16,4;16;100;100;100;65;5,5;2,9;
2026/07/20;1500 UTC;1,2;953,7;954,8;953,4;256,9;16,3;16,3;16,4;16,2;16,4;16,2;100;100;100;38;8,5;4,7;
2026/07/20;1600 UTC;5,6;952,9;953,8;952,1;288,7;16,3;16,3;16,6;16,1;16,6;16,1;100;100;100;72;8,6;2,5;
2026/07/20;1700 UTC;2,4;952,6;953,5;952,5;98,5;16,2;16,2;16,4;16,2;16,4;16,2;100;100;100;93;4,8;3;
2026/07/20;1800 UTC;2;952,1;952,6;951,8;125,3;16;16;16,2;16;16,2;16;100;100;100;92;5,7;2,8;
2026/07/20;1900 UTC;9,6;952,3;952,8;951,2;51,1;15,4;15,4;16;15,4;16;15,4;100;100;100;97;6,5;3,1;
2026/07/20;2000 UTC;2,8;952,5;953;952;73,2;15,9;15,9;15,9;15,4;15,9;15,4;100;100;100;5;4,6;1,5;
2026/07/20;2100 UTC;0;952,6;952,9;952,5;54,9;15,9;15,9;16,2;15,9;16,2;15,9;100;100;100;37;4,5;2,6;
2026/07/20;2200 UTC;0;952,9;953;952,6;0;16,5;16,5;16,5;15,9;16,5;15,9;100;100;100;11;6,4;3,4;
2026/07/20;2300 UTC;0;953;953;952,8;0;16,3;16,3;16,5;16,3;16,5;16,3;100;100;100;8;7;3,7;
2026/07/21;0000 UTC;0;953;953,1;952,8;0;16,3;16,3;16,4;16,3;16,4;16,3;100;100;100;352;7,4;4,6;
2026/07/21;0100 UTC;0;953,3;953,4;953;0;16,4;16,4;16,4;16,3;16,4;16,3;100;100;100;350;7,2;4,2;
2026/07/21;0200 UTC;0;953,3;953,6;953,2;0;16,5;16,5;16,7;16,4;16,7;16,4;100;100;100;345;7,5;5;
2026/07/21;0300 UTC;0;953,4;953,5;953,3;0;16,7;16,7;16,8;16,5;16,8;16,5;100;100;100;341;8,3;5,3;
2026/07/21;0400 UTC;,2;953,5;953,6;953,2;0;16,9;16,9;16,9;16,7;16,9;16,7;100;100;100;334;8,2;5;
2026/07/21;0500 UTC;0;953,8;953,8;953,3;0;17,2;17,2;17,2;16,9;17,2;16,9;100;100;100;327;7,5;4,7;
2026/07/21;0600 UTC;0;953,6;954;953,6;0;17,6;17,6;17,6;17,1;17,6;17,1;100;100;100;318;8,7;5,2;
2026/07/21;0700 UTC;0;954;954;953,6;0;17,6;17,6;17,6;17,5;17,6;17,5;100;100;100;315;7,7;4,5;
2026/07/21;0800 UTC;0;953,4;954,1;953,4;0;17,6;17,6;17,6;17,5;17,6;17,5;100;100;100;307;6,9;3,1;
2026/07/21;0900 UTC;0;953,7;953,7;953,3;0;17,4;17,4;17,6;17,4;17,6;17,4;100;100;100;293;5,4;2,7;
2026/07/21;1000 UTC;,2;953,8;953,8;953,5;0;17,2;17,2;17,4;17,2;17,4;17,2;100;100;100;239;4,4;2,1;
2026/07/21;1100 UTC;0;954,5;954,6;953,7;7,2;16,8;16,8;17,3;16,8;17,3;16,8;100;100;100;250;7,4;1,5;
2026/07/21;1200 UTC;0;955,3;955,3;954,5;126,5;16,8;16,8;16,8;16,7;16,8;16,7;100;100;100;268;3,2;1,2;
2026/07/21;1300 UTC;0;956,1;956,1;955,1;200,9;16,8;16,8;16,9;16,8;16,9;16,8;100;100;100;299;4,2;2,9;
2026/07/21;1400 UTC;0;955,5;956,1;955,2;356,7;16,9;16,9;17,1;16,7;17,1;16,7;100;100;100;282;4,8;1,9;
2026/07/21;1500 UTC;0;955,5;956,1;955;239,7;16,7;16,7;17;16,6;17;16,6;100;100;100;248;5,6;1,8;
2026/07/21;1600 UTC;0;953,9;955,5;953,1;260,2;17,1;17,1;17,1;16,7;17,1;16,7;100;100;100;121;4,2;2,1;
2026/07/21;1700 UTC;0;953,3;954,5;953,3;231,5;16,6;16,6;17,3;16,6;17,3;16,6;100;100;100;169;5,9;4;
2026/07/21;1800 UTC;,2;953,2;954;952,8;52,5;15,2;15,2;16,5;15,2;16,5;15,2;100;100;100;174;5,8;3,2;
2026/07/21;1900 UTC;0;953,7;954,3;952,9;46,6;14,8;14,8;15,2;14,8;15,2;14,8;100;100;100;125;5;2,7;
2026/07/21;2000 UTC;0;953,7;953,8;953,2;51,2;14,7;14,7;14,8;14,6;14,8;14,6;100;100;100;141;5,3;2,1;
2026/07/21;2100 UTC;0;954,6;954,8;953,7;31,4;14,5;14,5;14,7;14,4;14,7;14,4;100;100;100;211;3;1,9;
2026/07/21;2200 UTC;0;955;955;954,6;0;14,4;14,4;14,5;14,3;14,5;14,3;100;100;100;199;3,9;2,4;
2026/07/21;2300 UTC;,2;955;955,4;954,9;0;14,1;14,1;14,4;14,1;14,4;14,1;100;100;100;198;6,1;3,4;
2026/07/22;0000 UTC;0;955,2;955,2;954,4;0;14,1;14,1;14,1;14;14,1;14;100;100;100;206;5,9;2,5;
2026/07/22;0100 UTC;0;955,6;955,8;955,4;0;14,1;14,1;14,2;14;14,2;14;100;100;100;199;6,2;3,5;
2026/07/22;0200 UTC;,2;956,5;956,5;955,6;0;14,1;14,1;14,3;14,1;14,3;14,1;100;100;100;180;6,4;4;
2026/07/22;0300 UTC;0;956,6;956,6;956,2;0;14;14;14,1;14;14,1;14;100;100;100;187;6,1;3,4;
2026/07/22;0400 UTC;0;956,4;956,7;956,2;0;13,9;13,9;14;13,9;14;13,9;100;100;100;175;7,6;5,1;
2026/07/22;0500 UTC;0;956,1;956,8;956,1;0;13,5;13,5;13,9;13,5;13,9;13,5;100;100;100;170;7,6;4,9;
2026/07/22;0600 UTC;0;955,9;956,5;955,9;0;13,5;13,5;13,5;13,5;13,5;13,5;100;100;100;159;6,1;3,7;
2026/07/22;0700 UTC;,2;956,2;956,3;955,9;0;13,4;13,4;13,5;13,4;13,5;13,4;100;100;100;169;6,2;4,6;
2026/07/22;0800 UTC;,2;956,5;957,1;955,9;0;13,3;13,3;13,4;13,3;13,4;13,3;100;100;100;173;7,3;4,5;
2026/07/22;0900 UTC;,4;956,5;956,8;956,4;0;13,3;13,3;13,3;13,3;13,3;13,3;100;100;100;160;6,6;4,2;
2026/07/22;1000 UTC;,4;957,3;957,4;956,5;0;13,4;13,4;13,4;13,3;13,4;13,3;100;100;100;153;6,8;4,6;
2026/07/22;1100 UTC;,2;958,2;958,2;957,2;17,6;13,4;13,4;13,4;13,3;13,4;13,3;100;100;100;142;9,1;5,4;
2026/07/22;1200 UTC;,2;958,7;958,7;958,2;143,2;13,5;13,5;13,5;13,4;13,5;13,4;100;100;100;146;9,3;6,5;
2026/07/22;1300 UTC;,6;959,7;959,7;958,7;285,7;13,8;13,8;13,9;13,5;13,9;13,5;100;100;100;142;9,6;6,7;
2026/07/22;1400 UTC;,6;959,9;960,1;959,7;510,3;14;14;14,3;13,8;14,3;13,8;100;100;100;135;10,6;6,9;
2026/07/22;1500 UTC;,6;959,3;960,1;959,3;592,1;13,9;13,9;14,4;13,9;14,4;13,9;100;100;100;135;11,3;7,5;
2026/07/22;1600 UTC;,4;958,5;959,4;958,5;588;13,9;13,9;14,1;13,8;14,1;13,8;100;100;100;143;12,3;8,3;
2026/07/22;1700 UTC;,2;957,7;958,6;957,6;548,7;13,7;13,7;14,2;13,6;14,2;13,6;100;100;100;139;13,2;7,6;
2026/07/22;1800 UTC;,6;957,8;958;957,6;449,5;13,3;13,3;13,7;13,2;13,7;13,2;100;100;100;139;13;8,6;
2026/07/22;1900 UTC;,2;958,4;958,7;957,8;255;12,6;12,6;13,3;12,6;13,3;12,6;100;100;100;132;13,1;9,1;
2026/07/22;2000 UTC;,6;959,2;959,2;958,4;52,7;12,3;12,3;12,6;12,2;12,6;12,2;100;100;100;140;14,3;8,3;
2026/07/22;2100 UTC;1,4;960,3;960,3;959;9,4;11,8;11,8;12,3;11,8;12,3;11,8;100;100;100;157;14,5;8;
2026/07/22;2200 UTC;2,2;960,1;960,6;960;0;11,7;11,7;11,8;11,7;11,8;11,7;100;100;100;143;16,3;10,3;
2026/07/22;2300 UTC;2,4;961,6;962,2;960,1;0;11,2;11,2;11,6;11,2;11,6;11,2;100;100;100;147;17;10;
2026/07/23;0000 UTC;1,6;962,5;962,8;961,7;0;11,1;11,1;11,2;11,1;11,2;11,1;100;100;100;142;14,8;10,3;
2026/07/23;0100 UTC;,8;963,8;963,8;962,6;0;11,2;11,2;11,2;11,1;11,2;11,1;100;100;100;144;16,2;8,5;
2026/07/23;0200 UTC;,6;964,2;964,2;963,6;0;10,9;10,9;11,2;10,9;11,2;10,9;100;100;100;130;12,9;7,1;
2026/07/23;0300 UTC;1,4;963,5;964,4;963,5;0;11;11;11;10,9;11;10,9;100;100;100;115;10,1;6,4;
2026/07/23;0400 UTC;0;963;963,5;962,9;0;11;11;11;11;11;11;100;100;100;120;11,7;6,7;
2026/07/23;0500 UTC;0;963,6;963,9;963;0;11;11;11,1;11;11,1;11;100;100;100;142;10,6;7,5;
2026/07/23;0600 UTC;,2;964,2;964,2;963,5;0;10,6;10,6;11;10,6;11;10,6;100;100;100;162;11,8;7,2;
2026/07/23;0700 UTC;,2;964,5;964,6;964,2;0;10,4;10,4;10,6;10,4;10,6;10,4;100;100;100;148;11,3;7,5;
2026/07/23;0800 UTC;0;964,4;964,5;964,3;0;10,3;10,3;10,4;10,3;10,4;10,3;100;100;100;137;10,5;6,8;
2026/07/23;0900 UTC;0;964,9;964,9;964,4;0;10,3;10,3;10,3;10,2;10,3;10,2;100;100;100;142;9,4;6,2;
2026/07/23;1000 UTC;0;965,6;965,6;965;0;10,3;10,3;10,3;10,3;10,3;10,3;100;100;100;143;9,6;7,2;
2026/07/23;1100 UTC;0;966,2;966,3;965,6;7,3;10,5;10,5;10,5;10,3;10,5;10,3;100;100;100;137;8,7;5,1;
2026/07/23;1200 UTC;0;966,9;966,9;966,2;177,4;10,7;10,7;10,8;10,5;10,8;10,5;100;100;100;128;8,5;4,4;
2026/07/23;1300 UTC;0;966,4;967;965,8;499,6;11,2;11,2;11,3;10,7;11,3;10,7;100;100;100;117;11,8;5,7;
2026/07/23;1400 UTC;0;966,2;966,4;965,9;1355,4;12;11,4;12,8;11;12,4;11;100;95;96;125;11,5;7,3;
2026/07/23;1500 UTC;0;966,1;966,3;966,1;1750,4;13,9;11,9;14;11,3;12,1;10,8;98;86;88;135;10,6;6,6;
2026/07/23;1600 UTC;0;966,3;966,6;966,1;954,9;13,1;11,2;13,8;12,5;11,9;10,8;93;85;88;117;10,8;5;
2026/07/23;1700 UTC;0;965,8;966,4;965,8;1112,4;14;11,5;14,1;12,8;12,1;10,8;92;85;85;100;7,1;4,2;
2026/07/23;1800 UTC;0;965,9;965,9;965,7;837,1;13,3;11,6;14,1;12,9;12,2;10,6;91;84;89;103;6,9;3,9;
2026/07/23;1900 UTC;0;966,1;966,2;965,9;660,5;13;11,4;13,1;12,6;11,7;10,4;93;85;90;101;7,5;3,3;
2026/07/23;2000 UTC;0;966;966,3;965,9;355,7;11,7;10,7;13;11,7;11,5;10,5;97;88;93;114;6,8;4,4;
2026/07/23;2100 UTC;0;965,9;966,1;965,8;143,9;11;10,8;11,7;11;10,9;10,5;99;92;99;119;8,3;4,9;
2026/07/23;2200 UTC;0;966,8;966,8;965,9;0;10,9;10,8;11;10,9;11;10,8;100;99;100;115;6,9;4,1;
2026/07/23;2300 UTC;0;966,7;966,9;966,2;0;10,6;10,6;10,9;10,6;10,8;10,6;100;99;100;108;10,6;5,2;
2026/07/24;0000 UTC;0;966,9;966,9;966,7;0;10,6;10,6;10,6;10,6;10,6;10,6;100;100;100;112;8,2;4,6;
2026/07/24;0100 UTC;0;967,3;967,3;967;0;10,4;10,3;10,6;10,4;10,6;10,3;100;100;100;102;7;4,1;
2026/07/24;0200 UTC;0;966,9;967,3;966,9;0;10,2;10,2;10,4;10,2;10,3;10,1;100;99;100;101;6,9;4;
2026/07/24;0300 UTC;0;966,9;966,9;966,7;0;10,1;10,1;10,2;10,1;10,2;10,1;100;100;100;89;7,7;4,1;
2026/07/24;0400 UTC;0;966,5;966,9;966,5;0;10,1;10,1;10,2;10,1;10,2;10,1;100;100;100;77;7,3;3,3;
2026/07/24;0500 UTC;0;966;966,5;965,9;0;10;10;10,1;10;10,1;10;100;100;100;79;9,1;3,6;
2026/07/24;0600 UTC;0;965,4;966;965,3;0;9,9;9,9;10,1;9,8;10,1;9,8;100;100;100;75;7,8;3,8;
2026/07/24;0700 UTC;0;964,7;965,4;964,6;0;9,8;9,8;9,9;9,8;9,9;9,8;100;100;100;76;8,8;4,9;
2026/07/24;0800 UTC;0;964,4;964,6;964,4;0;9,8;9,8;9,9;9,8;9,9;9,8;100;100;100;75;7,9;3,3;
2026/07/24;0900 UTC;0;964,8;964,8;964,4;0;10,2;10,2;10,2;9,8;10,2;9,8;100;100;100;71;7,4;4,1;
2026/07/24;1000 UTC;0;964,9;965;964,8;0;10,5;10,5;10,5;10,2;10,5;10,2;100;100;100;73;8,3;4;
2026/07/24;1100 UTC;0;965;965;964,8;30,3;10,8;10,8;10,8;10,5;10,8;10,5;100;100;100;70;9,3;5,3;
2026/07/24;1200 UTC;0;965,5;965,6;965;229,4;11,2;11,2;11,2;10,8;11,2;10,8;100;100;100;57;10,2;5,2;
2026/07/24;1300 UTC;0;965,9;965,9;965,5;916,5;13,4;12;13,4;11,1;12;11,1;100;90;91;54;9,2;4,7;
2026/07/24;1400 UTC;0;966,4;966,4;965,8;1287,6;14,4;12,2;14,4;13,5;12,6;11,9;92;86;86;75;10,6;6,4;
2026/07/24;1500 UTC;0;965,7;966,4;965,7;1539,8;15,4;12,7;15,6;14,5;13,4;12,4;88;83;84;71;10,3;4,2;
2026/07/24;1600 UTC;0;964,6;965,7;964,6;1686,9;15,6;12,6;16,2;15,3;13,2;12,4;86;78;82;76;9,2;5,7;
2026/07/24;1700 UTC;0;963,3;964,6;963,3;1158,6;15,4;12,4;16,3;15,4;12,9;12;84;76;82;73;8,8;5,1;
2026/07/24;1800 UTC;0;963,4;963,4;962,9;763,8;15,6;13,3;15,7;15,1;13,3;12,3;87;81;87;59;8,9;3,4;
2026/07/24;1900 UTC;0;964,2;964,2;963,4;288;14,6;13,4;15,6;14,6;13,5;12,9;93;85;93;82;6,5;2,7;
2026/07/24;2000 UTC;0;964;964,2;963,9;177,8;14,1;13,6;14,6;14,1;13,6;13,3;97;93;97;85;6,1;3,5;
2026/07/24;2100 UTC;0;964,6;964,7;963,9;16,5;13,8;13,7;14,1;13,8;13,7;13,5;99;97;99;38;5,1;1,6;
2026/07/24;2200 UTC;0;964;964,6;964;0;13,5;13,5;13,8;13,5;13,7;13,5;100;99;100;83;5,8;3,2;
2026/07/24;2300 UTC;0;963,7;964,6;963,7;0;13,6;13,6;13,7;13,5;13,7;13,5;100;100;100;76;7,3;3,4;
2026/07/25;0000 UTC;0;963,3;963,8;962,8;0;13,5;13,5;13,6;13,5;13,6;13,5;100;100;100;67;8,6;3,7;
2026/07/25;0100 UTC;0;963,4;963,4;962,8;0;13,3;13,3;13,4;13,3;13,4;13,3;100;100;100;41;9,3;3,6;
2026/07/25;0200 UTC;0;964,3;964,4;963,5;0;13,2;13,2;13,4;13,2;13,4;13,2;100;100;100;18;5,3;1,7;
2026/07/25;0300 UTC;0;965;965;964,4;0;13,3;13,3;13,3;13,2;13,3;13,1;100;100;100;311;4,6;1,8;
2026/07/25;0400 UTC;0;964,5;965;964,4;0;13,2;13,2;13,3;13,2;13,3;13,2;100;100;100;285;2,5;1;
2026/07/25;0500 UTC;0;964,3;964,5;964,1;0;12,9;12,9;13,2;12,9;13,2;12,9;100;100;100;252;2,3;,9;
2026/07/25;0600 UTC;0;963,5;964,5;963,5;0;12,6;12,6;13;12,6;13;12,6;100;100;100;314;2,3;1,2;
2026/07/25;0700 UTC;0;963;963,5;963;0;11,4;11,4;12,6;11,3;12,6;11,3;100;100;100;120;3;1,2;
2026/07/25;0800 UTC;,2;963,3;963,3;962,7;0;11,1;11,1;11,4;10,7;11,4;10,7;100;100;100;257;2;1,3;
2026/07/25;0900 UTC;0;963,6;963,6;963,2;0;10,4;10,4;11,1;10,4;11,1;10,4;100;100;100;332;2,8;1,7;
2026/07/25;1000 UTC;0;963,9;963,9;963,5;0;10,6;10,6;10,6;9,8;10,6;9,8;100;100;100;333;4,1;2,4;
2026/07/25;1100 UTC;0;963,9;964;963,8;22,4;12;12;12;10,5;12;10,5;100;100;100;345;3,6;2,5;
2026/07/25;1200 UTC;0;964,4;964,4;963,9;152,1;14,5;14,1;14,5;12;14,1;12;100;96;97;359;3,2;1,4;
2026/07/25;1300 UTC;0;964,6;964,8;964,4;1195,1;17,2;14,7;17,2;14,6;14,9;13,5;97;83;85;0;3;1,7;
2026/07/25;1400 UTC;0;965,2;965,4;964,6;1807,9;18,4;14,8;18,5;17,3;15,6;14;88;78;79;354;3,6;1,6;
2026/07/25;1500 UTC;0;964,5;965,3;964,5;2132,3;19,5;14,2;19,7;18;15,4;13,9;82;70;71;5;3,6;2,1;
2026/07/25;1600 UTC;0;964,1;964,5;964,1;2085,6;20;16,6;20,9;19;16,6;13,5;83;67;81;99;4,2;2,4;
2026/07/25;1700 UTC;0;963,4;964,1;963,4;1436,4;19,3;16;20,5;19;16,6;15,4;83;74;81;94;5;2,9;
2026/07/25;1800 UTC;0;963,4;963,4;963,1;1894,8;20,3;14,3;20,5;19,5;16,2;14,3;79;69;69;35;4,4;1,4;
2026/07/25;1900 UTC;0;963,7;963,7;963;1435,8;19,8;13,2;20,5;19,4;15,1;13,2;73;66;66;345;5;2,5;
2026/07/25;2000 UTC;0;963,4;963,7;963,3;941,6;18,2;15,6;19,7;18,2;15,9;13,1;85;66;85;104;5,1;2,9;
2026/07/25;2100 UTC;0;963,7;963,7;963,4;184,6;15,4;15,3;18,1;15,4;15,6;15,2;99;85;99;90;4,8;3,2;
2026/07/25;2200 UTC;0;963,8;963,9;963,6;0;14,9;14,8;15,4;14,9;15,4;14,8;100;99;99;79;7;4;
2026/07/25;2300 UTC;0;963,7;963,9;963,6;0;14,4;14,3;14,9;14,4;14,8;14,3;100;99;100;56;7,8;3,9;
2026/07/26;0000 UTC;0;963,7;963,8;963,5;0;14,1;14,1;14,4;14;14,4;14;100;100;100;14;7,6;4,5;
2026/07/26;0100 UTC;0;963,4;963,8;963,4;0;13,7;13,7;14,2;13,7;14,2;13,7;100;100;100;13;9,1;5,8;
2026/07/26;0200 UTC;0;963,4;963,5;963,3;0;13,8;13,8;13,8;13,6;13,8;13,6;100;100;100;16;9,5;4,6;
2026/07/26;0300 UTC;0;963,3;963,4;963,2;0;13,5;13,5;13,8;13,5;13,8;13,5;100;100;100;3;9,6;5;
2026/07/26;0400 UTC;0;962,9;963,3;962,7;0;13,4;13,4;13,5;13,4;13,5;13,4;100;100;100;0;10;4,5;
2026/07/26;0500 UTC;0;961,9;962,9;961,8;0;13,4;13,4;13,4;13,3;13,4;13,3;100;100;100;4;9,7;5,3;
2026/07/26;0600 UTC;0;961,6;961,9;961,6;0;13,9;13,7;13,9;13,4;13,7;13,4;100;99;99;352;8,5;5,2;
2026/07/26;0700 UTC;0;961,5;961,7;961,4;0;14,4;13,8;14,4;13,9;13,8;13,6;99;96;96;345;9,5;6,5;
2026/07/26;0800 UTC;0;961,1;961,5;961;0;14,4;14;14,5;14,1;14;13,8;98;96;97;339;10,2;6,3;
2026/07/26;0900 UTC;0;961,7;961,7;961,1;0;14,7;14,2;14,7;14,4;14,2;14;98;96;97;336;8,4;5,3;
2026/07/26;1000 UTC;0;961,8;961,8;961,6;0;15,1;14,5;15,1;14,7;14,5;14,2;97;96;96;329;7,7;6,2;
2026/07/26;1100 UTC;0;962,1;962,2;961,8;26,7;16,1;15,2;16,1;15,2;15,2;14,5;96;94;94;322;8,5;6,4;
2026/07/26;1200 UTC;,4;962,7;962,7;962,1;225,4;16,8;16,2;16,8;15,7;16,3;15,1;99;94;96;316;8,2;5,3;
2026/07/26;1300 UTC;0;963,1;963,1;962,7;302,2;17,5;16,6;17,5;16,7;16,7;16,2;97;94;94;282;7;1,1;
2026/07/26;1400 UTC;0;962,9;963,2;962,8;466,4;16,2;15,9;17,7;15,9;16,8;15,7;99;93;99;196;3,1;1,4;
2026/07/26;1500 UTC;0;962,7;962,9;962,6;407,8;15,9;15,7;16,3;15,9;16,2;15,6;99;97;99;187;3,3;1,7;
2026/07/26;1600 UTC;0;961,7;962,7;961,7;220,5;15,2;15,2;15,9;15,2;15,7;15,1;100;98;100;161;4,7;3,2;
2026/07/26;1700 UTC;0;961,3;961,6;961,1;281,1;15;15;15,4;15;15,4;15;100;100;100;155;5,5;2,5;
2026/07/26;1800 UTC;0;961;961,4;960,8;208,7;15,1;15,1;15,1;14,8;15,1;14,8;100;100;100;131;5,2;2,2;
2026/07/26;1900 UTC;,4;960,5;961,3;960,5;239,2;15,3;15,3;15,4;14,8;15,4;14,8;100;100;100;90;3,8;2;
2026/07/26;2000 UTC;0;960,6;960,7;960,5;232,7;15,2;15,2;15,5;15,1;15,5;15,1;100;100;100;72;3,6;1,8;
2026/07/26;2100 UTC;0;960,4;960,6;960,2;52,2;14,8;14,8;15,2;14,8;15,2;14,8;100;100;100;13;5,6;3,1;
2026/07/26;2200 UTC;0;960,5;960,7;960,4;0;14,9;14,9;15;14,8;15;14,8;100;100;100;7;6,3;3,6;
2026/07/26;2300 UTC;0;961,3;961,4;960,4;0;14,9;14,9;15,2;14,9;15,2;14,9;100;100;100;137;6,8;,4;
2026/07/27;0000 UTC;0;961,5;961,5;961,2;0;14,9;14,9;14,9;14,9;14,9;14,9;100;100;100;172;2,5;1,4;
2026/07/27;0100 UTC;0;962;962;961,3;0;14,9;14,9;14,9;14,9;14,9;14,9;100;100;100;165;2,7;1,8;
2026/07/27;0200 UTC;0;961,7;962;961,7;0;14,8;14,8;14,9;14,8;14,9;14,8;100;100;100;126;3,8;2,6;
2026/07/27;0300 UTC;0;961,1;961,7;961,1;0;14,5;14,5;14,8;14,5;14,8;14,5;100;100;100;118;4,9;3,3;
2026/07/27;0400 UTC;,2;961;961;960,8;0;13,6;13,6;14,5;13,6;14,5;13,6;100;100;100;130;6,1;4,3;
2026/07/27;0500 UTC;,2;961;961,3;961;0;13,1;13,1;13,5;13,1;13,5;13,1;100;100;100;126;6,8;5;
2026/07/27;0600 UTC;0;960,8;961,2;960,8;0;12,6;12,6;13,1;12,6;13,1;12,6;100;100;100;110;6,8;4,3;
2026/07/27;0700 UTC;0;960,2;960,8;960,1;0;12,5;12,5;12,6;12,4;12,6;12,4;100;100;100;76;6,4;3,8;
2026/07/27;0800 UTC;0;959,7;960,2;959,6;0;12,8;12,8;12,8;12,5;12,8;12,5;100;100;100;82;6,3;3,6;
2026/07/27;0900 UTC;0;960;960;959,6;0;12,8;12,8;12,9;12,8;12,9;12,8;100;100;100;76;7,1;3,8;
2026/07/27;1000 UTC;0;960;960,2;959,6;0;13;13;13;12,8;13;12,8;100;100;100;78;7,3;4,4;
2026/07/27;1100 UTC;0;960,5;960,5;960;20,4;13,1;13,1;13,1;12,9;13,1;12,9;100;100;100;63;7,4;4;
2026/07/27;1200 UTC;0;960,3;960,4;960,1;230,5;13,9;13,9;13,9;13,1;13,9;13,1;100;100;100;68;7,8;3,5;
2026/07/27;1300 UTC;0;960,6;960,6;960,2;339;14,5;14,5;14,6;13,9;14,6;13,9;100;100;100;55;7,5;3;
2026/07/27;1400 UTC;0;960;960,5;960;635,2;15,3;15,3;15,3;14,5;15,3;14,5;100;100;100;35;6,9;2,5;
2026/07/27;1500 UTC;0;959;960;958,9;936,8;15,9;15,8;16,1;15,3;16,1;15,3;100;100;100;39;6,4;2,9;
2026/07/27;1600 UTC;0;958;959;958;967;16,2;15,9;16,9;15,8;16,6;15,7;100;95;98;21;7;3,3;
2026/07/27;1700 UTC;0;956,2;957,9;956,2;593,4;16,1;16;16,4;16,1;16,1;15,8;99;97;99;27;9,3;3,1;
2026/07/27;1800 UTC;0;955,8;956,7;955,6;149,1;15,8;15,8;16,1;15,8;15,9;15,8;100;99;100;11;7,1;3,9;
2026/07/27;1900 UTC;1,2;957,9;957,9;955,8;25,6;15,6;15,6;15,8;15,6;15,8;15,6;100;100;100;342;9,8;5,5;
2026/07/27;2000 UTC;5,6;958;958,8;958;13,7;16;16;16;15,6;16;15,6;100;100;100;331;12,3;4,4;
2026/07/27;2100 UTC;,4;957,1;958;956,7;11,2;15,5;15,5;16;15,5;16;15,4;100;99;100;342;5,6;4,2;
2026/07/27;2200 UTC;,6;957,2;957,3;956,7;0;15,8;15,7;15,8;15,4;15,7;15,3;100;99;100;328;7,2;4,2;
2026/07/27;2300 UTC;2;955,2;957,4;955,2;0;16,1;15,9;16,1;15,8;16;15,8;100;99;99;354;9,1;5,8;
2026/07/28;0000 UTC;,6;956,4;957;955,1;0;16;15,8;16,2;15,9;15,9;15,6;100;97;99;350;9,4;6,3;
2026/07/28;0100 UTC;2,6;955;955,9;954,8;0;16,2;15,6;16,5;15,9;15,8;15,6;99;94;96;6;10,5;4,7;
2026/07/28;0200 UTC;0;954,3;955,1;954,3;0;15,9;15,2;16,3;15,7;15,6;15,2;98;95;96;9;9;4,9;
2026/07/28;0300 UTC;4,8;955,1;955,3;953,5;0;15,3;15,3;16,3;15,3;15,3;14,7;100;90;100;356;9,8;2,9;
2026/07/28;0400 UTC;10,8;953,7;954,7;953,6;0;16,2;15,9;17;15,3;16,2;15,3;100;94;99;351;13,6;6,9;
2026/07/28;0500 UTC;,2;954,8;955,4;953,1;0;15,9;15,9;16,7;15,9;16;15,7;100;94;100;308;12,7;1,5;
2026/07/28;0600 UTC;,4;954,6;955;954,1;0;16,1;16,1;16,1;15,8;16,1;15,8;100;100;100;346;6,9;4,1;
2026/07/28;0700 UTC;,2;953,8;954,5;953;0;16,1;16,1;16,1;16;16,1;16;100;100;100;326;10,1;6;
2026/07/28;0800 UTC;0;954,1;954,4;953,4;0;16,4;16,4;16,4;16;16,4;16;100;100;100;315;9,7;6,8;
2026/07/28;0900 UTC;0;954,5;954,5;953,9;0;16,4;16,4;16,4;16,3;16,4;16,3;100;100;100;293;7;3,3;
2026/07/28;1000 UTC;0;955,1;955,2;954,6;0;16,6;16,6;16,6;16,4;16,6;16,4;100;100;100;292;6,3;3,6;
2026/07/28;1100 UTC;0;955,6;955,6;955,1;13,7;16,5;16,5;17;16,5;16,9;16,5;100;99;100;169;5,7;,9;
2026/07/28;1200 UTC;0;956,6;956,8;955,5;83,5;16,8;16,8;16,8;16,5;16,8;16,5;100;100;100;285;2,7;1,2;
2026/07/28;1300 UTC;0;956,8;956,9;956,5;122,5;17;17;17;16,8;17;16,8;100;100;100;285;2;1;
2026/07/28;1400 UTC;0;957,3;957,6;956,8;442,9;17,8;17,5;17,8;17;17,7;17;100;98;99;348;2,9;1,6;
2026/07/28;1500 UTC;0;957;957,5;957;656,7;18,2;17,7;18,2;17,8;17,9;17,4;99;97;97;326;3,6;2;
2026/07/28;1600 UTC;0;956,5;957,1;956,5;389,4;18,1;17,9;18,4;18,1;18;17,6;98;96;98;305;2,8;1,2;
2026/07/28;1700 UTC;0;955,7;956,5;955,6;208,1;17,3;17,3;18,1;17,3;18;17,3;100;98;100;215;4,4;1,6;
2026/07/28;1800 UTC;0;955,7;955,8;955,1;232;17,2;17,2;17,5;17,2;17,5;17,2;100;100;100;266;3,3;,9;
2026/07/28;1900 UTC;0;955,8;957,1;955,7;56,7;16,3;16,3;17,2;16,3;17,2;16,3;100;100;100;172;5,5;2,6;
2026/07/28;2000 UTC;0;957,3;957,7;954,8;77,2;15,4;15,4;16,3;15,4;16,3;15,4;100;100;100;228;5,5;2;
2026/07/28;2100 UTC;,2;956,1;957,3;953,3;2;15,7;15,7;16,8;15,4;16,8;15,4;100;96;100;206;15;5,3;
2026/07/28;2200 UTC;,2;957,7;957,7;955,8;0;14,7;14,7;15,7;14,7;15,7;14,7;100;100;100;193;8,2;2,8;
2026/07/28;2300 UTC;1;956,2;958,2;956,2;0;14,7;14,7;14,7;14,6;14,7;14,6;100;100;100;46;7,1;4,2;
2026/07/29;0000 UTC;1;958,1;958,2;955,9;0;14,5;14,5;15,1;14,3;15,1;14,3;100;100;100;48;7,3;4,2;
2026/07/29;0100 UTC;4,2;959,3;959,3;957,6;0;15,3;14,2;15,9;15;15,8;14,2;100;93;93;7;6,4;2,8;
2026/07/29;0200 UTC;5,8;959,4;960,2;959,3;0;13,8;13,4;15,3;13,8;14,5;13,4;99;93;98;15;6,4;4,2;
2026/07/29;0300 UTC;4,8;960,2;960,3;959,3;0;13,6;13,4;13,9;13,6;13,6;13,2;99;97;99;11;8,1;5,2;
2026/07/29;0400 UTC;4;956,5;960,3;956,4;0;12,7;12,3;13,6;12,7;13,4;12,3;100;98;98;29;13;8,4;
2026/07/29;0500 UTC;0;954,1;956,6;952,4;0;12,9;11,9;13,2;12,6;12,3;11,3;98;88;93;8;20,7;9,5;
2026/07/29;0600 UTC;0;954,5;955;953,6;0;12,5;12,2;12,9;12,5;12,2;11,7;98;93;98;3;13,9;8;
2026/07/29;0700 UTC;0;955,4;955,4;954,3;0;12,2;12,2;12,6;12,2;12,2;12;100;96;100;351;12,4;6,9;
2026/07/29;0800 UTC;0;958,5;958,5;955,6;0;12,1;12;13;12,1;12,3;11,6;100;92;99;231;7,8;2,4;
2026/07/29;0900 UTC;0;958,6;958,6;958,1;0;11,7;11,7;12,1;11,7;12;11,7;100;99;100;166;3,9;2,1;
2026/07/29;1000 UTC;0;957;958,6;956,7;0;11,8;11,8;11,8;11,6;11,8;11,6;100;100;100;118;5,6;4,1;
2026/07/29;1100 UTC;0;958,8;958,8;957;20,9;12,1;12,1;12,1;11,8;12,1;11,8;100;100;100;133;5,9;3,1;
2026/07/29;1200 UTC;0;959,1;959,2;958,8;194,5;12,5;12,5;12,5;12,2;12,5;12,2;100;100;100;123;5,4;4;
2026/07/29;1300 UTC;0;960,1;960,1;959,1;765,9;13,7;13,2;13,7;12,5;13,6;12,5;100;97;97;167;5,6;2;
2026/07/29;1400 UTC;0;960,7;960,7;959,9;1530,2;15;13,3;15,8;13,7;14,3;12,7;97;86;90;173;6;4;
2026/07/29;1500 UTC;0;961,3;961,3;960,7;762,1;14,8;13,5;15,9;14;14,1;13;96;86;92;185;7;4,1;
2026/07/29;1600 UTC;0;961,3;961,4;961,1;709,7;14,5;13,4;14,9;14;13,8;13,3;96;91;93;204;7,2;3,4;
2026/07/29;1700 UTC;0;960,7;961,3;960,7;683,7;14,4;13,5;15,1;13,9;14;13,1;98;91;94;178;5,8;3,6;
2026/07/29;1800 UTC;0;960,9;960,9;960,7;640,6;14,4;13,2;14,6;14,3;13,6;13,1;95;91;93;167;5,9;3,8;
2026/07/29;1900 UTC;0;961,7;961,7;960,9;415;14,1;13,3;14,6;14,1;13,5;12,9;95;91;95;185;5,4;3,5;
2026/07/29;2000 UTC;0;961,6;961,8;961,6;225,7;13,8;13,2;14,1;13,7;13,5;13,1;97;95;97;160;6,1;3,9;
2026/07/29;2100 UTC;0;962,6;962,7;961,6;59,8;13,4;13,2;13,8;13,4;13,4;13,2;99;97;98;143;4,8;3,4;
2026/07/29;2200 UTC;,2;963,6;963,6;962,5;0;13,2;13,2;13,4;13,1;13,3;13,1;100;99;100;160;5,1;2,1;
2026/07/29;2300 UTC;1,2;964,5;964,7;963,6;0;13,2;13,2;13,3;13,2;13,3;13,2;100;100;100;115;3,4;2,3;
2026/07/30;0000 UTC;,6;964,7;964,9;964,5;0;12,5;12,5;13,2;12,5;13,2;12,5;100;100;100;67;6,6;3,3;
2026/07/30;0100 UTC;0;965,1;965,1;964,7;0;12,6;12,6;12,7;12,5;12,7;12,5;100;100;100;95;6,3;3,2;
2026/07/30;0200 UTC;0;965,2;965,5;965,2;0;12,6;12,6;12,7;12,6;12,7;12,6;100;100;100;93;6,1;3,8;
2026/07/30;0300 UTC;0;965,6;965,6;965,1;0;12,5;12,5;12,7;12,4;12,7;12,4;100;100;100;114;7,2;4;
2026/07/30;0400 UTC;0;965,5;965,8;965,5;0;12,5;12,5;12,7;12,5;12,7;12,5;100;100;100;130;6,6;4,7;
2026/07/30;0500 UTC;0;965,7;965,7;965,5;0;12,4;12,4;12,5;12,4;12,5;12,4;100;100;100;120;5,7;3,7;
2026/07/30;0600 UTC;0;966,1;966,1;965,7;0;12,1;12,1;12,4;12,1;12,4;12,1;100;100;100;121;6,8;4,2;
2026/07/30;0700 UTC;0;966,5;966,5;966,1;0;11,7;11,7;12,2;11,7;12,2;11,7;100;100;100;131;7,5;4,4;
2026/07/30;0800 UTC;0;966,6;966,6;966,4;0;11,3;11,3;11,7;11,3;11,7;11,3;100;100;100;124;6,6;4,9;
2026/07/30;0900 UTC;0;966,4;966,7;966,3;0;11,2;11,2;11,3;11,2;11,3;11,2;100;100;100;104;6,9;4,3;
2026/07/30;1000 UTC;0;967,6;967,6;966,5;0;11,2;11,2;11,2;11,1;11,2;11,1;100;100;100;115;7,3;4,3;
2026/07/30;1100 UTC;0;967,9;968,2;967,6;19,8;11,1;11,1;11,2;11,1;11,2;11,1;100;100;100;118;9;5,5;
2026/07/30;1200 UTC;0;968,4;968,4;967,7;141;11,2;11,2;11,2;11,1;11,2;11,1;100;100;100;102;8,8;5,4;
2026/07/30;1300 UTC;0;968,4;968,7;968,4;324,4;11,8;11,8;11,8;11,2;11,8;11,2;100;100;100;80;8,5;3,9;
2026/07/30;1400 UTC;0;969,1;969,1;968,5;711,6;13,1;12,5;13,1;11,8;12,5;11,8;100;96;97;86;7,8;3,5;
2026/07/30;1500 UTC;0;968,7;969,1;968,7;1299,5;14,3;12,7;14,3;13,1;12,9;12;97;88;90;85;7,2;3,2;
2026/07/30;1600 UTC;0;968,6;968,8;968,6;955,7;14,3;12,9;14,6;14;13,4;12,3;94;89;91;85;7,4;3,4;
2026/07/30;1700 UTC;,2;965,8;968,7;965,8;1289,9;15,4;12,7;15,9;14,2;13,6;12,5;93;81;84;46;9,3;5,1;
2026/07/30;1800 UTC;0;966;966,3;965,4;1102,2;15,4;13;15,8;14,7;13,4;12,5;90;81;85;61;10,4;4;
2026/07/30;1900 UTC;0;966,4;966,5;966;489,6;15,1;12,7;15,4;14,9;13,4;12,1;88;83;86;58;9;3,5;
2026/07/30;2000 UTC;0;967;967,1;966,3;341,3;14,5;12,9;15;14,5;13,1;11,9;92;82;90;114;7,4;3,3;
2026/07/30;2100 UTC;0;966,6;967,1;966,6;86,7;13,4;12,7;14,4;13,4;13;12,5;96;90;95;67;8,2;4,3;
2026/07/30;2200 UTC;0;965,8;966,5;965,8;0;13,1;12,9;13,4;13;13;12,7;99;96;99;49;9,7;4,4;
2026/07/30;2300 UTC;0;965,8;966,2;965,7;0;12,6;12,2;13,1;12,6;12,9;12,2;99;97;98;63;11,4;5,8;
2026/07/31;0000 UTC;0;965,8;965,9;965,6;0;12,4;12,2;12,5;12,4;12,3;12;99;98;99;60;11,4;5,7;
2026/07/31;0100 UTC;0;965,9;966,2;965,7;0;12,3;12,3;12,3;12,2;12,3;12,2;100;99;100;57;12,2;6;
2026/07/31;0200 UTC;0;965,8;966;965,7;0;12,4;12,4;12,4;12,3;12,4;12,2;100;100;100;69;12,9;7;
2026/07/31;0300 UTC;0;965,3;965,8;965,2;0;12,8;12,8;12,8;12,4;12,8;12,4;100;100;100;68;15,1;8,5;
2026/07/31;0400 UTC;0;965;965,5;965;0;12,9;12,9;12,9;12,7;12,9;12,7;100;100;100;75;15,2;8,3;
2026/07/31;0500 UTC;0;964,6;965,1;964,6;0;13;13;13,1;12,9;13,1;12,9;100;100;100;56;12,6;6,2;
2026/07/31;0600 UTC;0;964,4;964,8;964,4;0;13,2;13,2;13,2;13;13,2;13;100;100;100;42;12,2;6,2;
2026/07/31;0700 UTC;0;963,8;964,4;963,8;0;13,3;13,3;13,3;13,2;13,3;13,1;100;99;100;50;11;5,1;
2026/07/31;0800 UTC;0;963,4;963,8;963,4;0;13,4;13,4;13,4;13,3;13,4;13,3;100;100;100;47;11,1;5,2;
2026/07/31;0900 UTC;0;963,5;963,5;963,2;0;13,4;13,4;13,4;13,3;13,4;13,3;100;100;100;52;9,5;4,6;
2026/07/31;1000 UTC;0;963,7;963,7;963,3;0;13,3;13,3;13,5;13,3;13,5;13,3;100;100;100;46;9,9;4,6;
2026/07/31;1100 UTC;0;964;964;963,7;36,6;14,1;13,9;14,1;13,3;13,9;13,3;100;99;99;32;9,2;5,5;
2026/07/31;1200 UTC;0;964,4;964,4;964;223,4;15,2;14,3;15,3;14,2;14,3;13,9;98;93;94;18;10;5,3;
2026/07/31;1300 UTC;0;964,1;964,4;964;1180,3;17,4;15;17,4;15,2;15,2;14,2;95;86;86;8;12,6;7;
2026/07/31;1400 UTC;0;964,1;964,3;964,1;1744,2;19,2;15,8;19,2;17,4;16,1;15;86;81;81;3;12,4;6,4;
2026/07/31;1500 UTC;0;963,2;964,1;963,2;2112,2;20,8;17,2;20,9;19;17,2;15,8;83;78;80;10;10,2;5,9;
2026/07/31;1600 UTC;0;962,2;963,2;962,2;2276,9;22,5;18,6;22,5;20,9;18,6;16,9;79;73;78;13;10,3;4,2;
2026/07/31;1700 UTC;0;961,1;962,2;961,1;2196,6;23;17,7;23;22,2;17,9;17,2;76;72;72;14;9,3;5;
2026/07/31;1800 UTC;0;960,6;961,1;960,6;1850,8;22,9;18;23,1;22,9;18;17,5;74;71;74;13;9,7;5,5;
2026/07/31;1900 UTC;0;959,7;960,5;959,7;1395,7;23,1;18,1;23,4;23;18,5;17,7;75;72;74;3;10,3;5,7;
2026/07/31;2000 UTC;0;959,4;959,7;959,4;766,9;22,2;18,4;23,1;22,2;18,5;18;79;73;79;13;10,8;5,2;
2026/07/31;2100 UTC;0;959,4;959,5;959,3;140;20,5;18,3;22,1;20,5;18,5;18,3;87;80;87;13;9,5;5,4;
2026/07/31;2200 UTC;0;959,4;959,6;959,4;0;19,6;18,1;20,6;19,5;18,2;18;92;86;91;20;10,8;6,8;
2026/07/31;2300 UTC;0;959,2;959,4;959,2;0;19,2;17,9;19,8;19,1;18,1;17,9;93;90;92;9;11,6;7,7;
2026/08/01;0000 UTC;0;959,7;959,7;959,2;0;18,6;17;19,2;18,6;17,9;17;94;90;90;358;11,7;6,9;
2026/08/01;0100 UTC;0;959,3;959,7;959,3;0;19,2;16,8;19,2;18,6;17;16,8;89;86;86;6;11,3;7,5;
2026/08/01;0200 UTC;0;959,1;959,3;959;0;19,1;16,9;19,4;18,9;17;16,7;87;85;87;357;11,1;5,8;
2026/08/01;0300 UTC;0;958,4;959;958,4;0;19;16,9;19,4;18,9;17;16,8;88;86;88;358;13,3;7,1;
2026/08/01;0400 UTC;0;957,8;958,4;957,7;0;18,2;16,8;19;18,2;16,9;16,8;92;88;91;351;13,1;7;
2026/08/01;0500 UTC;0;957;957,8;957;0;18,2;16,4;18,5;18,1;16,8;16,4;91;89;89;353;11,3;7,1;
2026/08/01;0600 UTC;0;955,5;957;955,5;0;17,8;15,9;18,2;17,7;16,4;15,9;91;88;89;357;12,9;8,3;
2026/08/01;0700 UTC;0;954,8;955,5;954,7;0;17,4;15,3;17,8;17,4;15,9;15,3;89;86;87;355;14;7,8;
2026/08/01;0800 UTC;0;954,7;955;954,7;0;17;14,6;17,4;16,9;15,3;14,5;89;85;85;348;12,9;7,2;
2026/08/01;0900 UTC;0;954,7;954,9;954,6;0;16,4;14,1;17;16,3;14,5;14,1;87;85;86;346;13;8,2;
2026/08/01;1000 UTC;0;954,4;954,7;954,2;0;17,8;13,6;17,8;16,4;14,1;13,5;86;76;77;351;13,6;8,2;
2026/08/01;1100 UTC;0;954,4;954,9;954,1;41,4;17,6;13,3;17,9;17,1;13,6;13,3;79;75;76;351;14,5;8,6;
2026/08/01;1200 UTC;0;954,3;954,6;954,3;223,1;19,1;13,7;19,1;17,7;13,7;13,3;76;71;71;353;14,5;8,2;
2026/08/01;1300 UTC;0;957,1;957,1;954,3;1268,3;21,2;14,5;21,2;19,1;14,6;13,6;72;65;65;264;12,8;4,7;
2026/08/01;1400 UTC;0;956,7;957,2;956,2;962,4;20,9;15,2;21,6;20,7;15,5;14,5;70;66;70;299;9,1;2,7;
2026/08/01;1500 UTC;0;955,3;956,8;955,2;1855;22,5;15,6;23;21;15,9;15;69;62;65;323;12,4;6;
2026/08/01;1600 UTC;0;955;955,3;954,9;1748,8;23,3;15,6;23,8;22,6;16;15,1;65;60;62;315;12,2;6,7;
2026/08/01;1700 UTC;0;954,5;955,1;954,5;1205,6;22,5;16,3;23,7;22,4;16,7;15,5;68;61;68;294;9,3;3,2;
2026/08/01;1800 UTC;0;955,1;955,1;954,4;290,9;17,3;16,5;22,4;17,3;17,6;15,9;95;67;95;205;7,3;4;
2026/08/01;1900 UTC;0;957,1;957,1;955,2;34,1;14,2;13,9;17,2;14,2;16,5;13,8;100;96;98;232;10,5;5,2;
2026/08/01;2000 UTC;,4;957,4;957,8;956,9;7;13,6;13,6;14,2;13,6;13,9;13,6;100;98;100;220;8,8;5,2;
2026/08/01;2100 UTC;5,2;957,4;957,9;957,3;,7;13,2;13,2;13,6;13,2;13,6;13,2;100;100;100;201;9,7;2,9;
2026/08/01;2200 UTC;2;956,3;957,4;956;0;13,2;13,2;13,3;13,2;13,3;13,2;100;100;100;93;7,3;5;
2026/08/01;2300 UTC;,4;957,8;958,3;956,3;0;13,2;13,2;13,3;13,2;13,3;13,2;100;100;100;333;5,4;1,5;
2026/08/02;0000 UTC;0;959,8;959,8;957,6;0;13,5;13,5;13,6;13,3;13,6;13,3;100;99;100;218;9,8;3,5;
2026/08/02;0100 UTC;0;960,7;960,9;960;0;13,3;13,3;13,4;13,3;13,4;13,3;100;100;100;226;7,4;3,3;
2026/08/02;0200 UTC;,2;961,4;961,5;960,6;0;13,4;13,4;13,4;13,3;13,4;13,3;100;100;100;229;6,7;2,9;
2026/08/02;0300 UTC;,4;961,2;961,7;961,2;0;13,2;13,2;13,4;13,2;13,4;13,2;100;100;100;204;8,4;4,3;
2026/08/02;0400 UTC;0;961,8;961,9;961,2;0;13,2;13,2;13,2;13,2;13,2;13,2;100;100;100;212;6;2,4;
2026/08/02;0500 UTC;0;961,9;961,9;961,4;0;12,3;12,3;13,2;12,3;13,2;12,3;100;100;100;118;3,9;1;
2026/08/02;0600 UTC;0;962,4;962,4;961,9;0;12,3;12,3;12,6;12,1;12,6;12,1;100;100;100;267;2,1;,9;
2026/08/02;0700 UTC;0;962,8;962,8;962,4;0;12,6;12,6;12,6;12,2;12,6;12,2;100;100;100;349;3,3;1,8;
2026/08/02;0800 UTC;0;962,7;962,8;962,6;0;12,7;12,7;12,7;12,5;12,7;12,5;100;100;100;345;2,2;1,2;
2026/08/02;0900 UTC;,4;963;963;962,6;0;12,7;12,7;12,7;12,6;12,7;12,6;100;100;100;261;3,3;1,4;
2026/08/02;1000 UTC;,2;963,8;963,8;963,1;0;12,7;12,7;12,7;12,6;12,7;12,6;100;100;100;311;3,2;1,2;
2026/08/02;1100 UTC;0;963,4;963,9;963,3;40,6;12,5;12,5;12,7;12,3;12,7;12,3;100;100;100;107;4,8;3,7;
2026/08/02;1200 UTC;0;964,3;964,3;963,4;267,8;13,3;13,3;13,4;12,5;13,4;12,5;100;100;100;91;5;2,3;
2026/08/02;1300 UTC;0;965,4;965,4;964,3;353,6;13,7;13,7;13,8;13,3;13,8;13,3;100;100;100;38;4,5;1,2;
2026/08/02;1400 UTC;0;965,1;965,5;965,1;342,4;14,2;14;14,2;13,5;14;13,4;100;98;99;59;3,6;2;
2026/08/02;1500 UTC;0;965,1;965,3;965,1;759,1;15,3;14,4;15,3;14,2;14,8;13,3;99;90;94;70;4,3;1,3;
2026/08/02;1600 UTC;0;964,5;965,1;964,4;521,9;15;13,8;15,2;14,7;14,5;13,7;97;91;92;50;4,8;1,5;
2026/08/02;1700 UTC;0;963,8;964,6;963,6;623,8;15,6;14,3;15,6;15;14,9;13,4;96;90;92;69;5,5;2,9;
2026/08/02;1800 UTC;0;963,2;964;963,1;470,5;15,4;14,5;15,7;15,2;14,7;13,8;95;89;94;67;5,4;2,5;
2026/08/02;1900 UTC;0;962,7;963,2;962,7;528,3;15,6;14,5;16;15,2;14,7;14;95;90;93;76;5,2;3;
2026/08/02;2000 UTC;0;963,3;963,3;962,7;265,4;15;14,4;15,6;15;14,6;14;96;91;96;59;6,9;2,9;
2026/08/02;2100 UTC;0;963,8;963,8;963,3;42,9;14,4;14,2;15;14,4;14,4;14,1;99;95;99;72;6,2;3,2;
2026/08/02;2200 UTC;0;964,3;964,3;963,8;0;13,8;13,8;14,4;13,8;14,2;13,8;100;98;100;90;7,6;3,6;
2026/08/02;2300 UTC;0;964,8;964,8;964,3;0;13,6;13,6;13,8;13,5;13,8;13,5;100;100;100;67;7,8;3;
2026/08/03;0000 UTC;0;964,7;964,9;964,6;0;13,4;13,4;13,6;13,3;13,6;13,3;100;100;100;73;8,4;3,8;
2026/08/03;0100 UTC;0;964,7;965;964,6;0;13,3;13,3;13,5;13,3;13,5;13,1;100;99;100;70;9,8;5;
2026/08/03;0200 UTC;0;964,6;964,7;964,2;0;13,3;13,3;13,3;13,3;13,3;13,1;100;98;100;59;9,3;4,3;
2026/08/03;0300 UTC;0;965;965;964,6;0;13,1;13,1;13,4;13,1;13,4;13,1;100;100;100;67;8,8;4,8;
2026/08/03;0400 UTC;0;964,4;965;964,4;0;13;13;13,1;13;13,1;13;100;100;100;57;7,7;3,3;
2026/08/03;0500 UTC;0;963,9;964,3;963,6;0;12,8;12,8;13;12,7;13;12,7;100;100;100;62;10,7;3,3;
2026/08/03;0600 UTC;0;963,3;963,9;963,1;0;12,8;12,8;12,8;12,7;12,8;12,7;100;100;100;40;7,6;4,3;
2026/08/03;0700 UTC;0;963;963,3;962,9;0;12,7;12,7;12,8;12,7;12,8;12,7;100;100;100;48;7,3;3,4;
2026/08/03;0800 UTC;0;963;963,3;962,9;0;12,8;12,8;12,8;12,7;12,8;12,7;100;100;100;61;7,2;2,1;
2026/08/03;0900 UTC;0;963,2;963,2;963;0;12,9;12,9;13;12,8;13;12,8;100;100;100;37;6,2;2,3;
2026/08/03;1000 UTC;0;963,3;963,5;963,2;0;13;13;13;12,9;13;12,9;100;100;100;61;5,6;2,8;
2026/08/03;1100 UTC;0;963,6;963,7;963,3;37,9;13,3;13,3;13,3;13;13,3;13;100;100;100;32;6;2,8;
2026/08/03;1200 UTC;0;963,5;963,6;963,4;235,6;13,9;13,9;13,9;13,3;13,9;13,3;100;100;100;63;5,2;2,4;
2026/08/03;1300 UTC;0;963,6;963,6;963,5;472,7;14,6;14,6;14,6;13,9;14,6;13,9;100;100;100;41;5,1;2,3;
2026/08/03;1400 UTC;0;963;963,6;963;1561,2;17,5;16,9;17,5;14,7;16,9;14,7;100;96;97;19;4;2,1;
2026/08/03;1500 UTC;0;962,2;962,9;962,1;2418,6;19,9;17,3;20,1;17,6;17,6;16,5;96;81;85;17;7,2;3,6;
2026/08/03;1600 UTC;0;961,1;962,2;961,1;2237,8;21,3;17,9;21,3;19,5;18;16,9;87;79;81;6;8,5;3,9;
2026/08/03;1700 UTC;0;961;961,6;961;2027,6;22;17,8;22;21,3;18,2;17,2;82;75;77;329;8,1;3,8;
2026/08/03;1800 UTC;0;961,1;961,2;960,9;1752;22;18,3;22,2;21,8;18,3;17,3;80;75;80;345;7,8;4,9;
2026/08/03;1900 UTC;0;960,4;961;960,3;879,8;20;17,1;21,9;20;18;17,1;83;76;83;344;8,3;5,2;
2026/08/03;2000 UTC;0;959,9;960,5;959,6;201,3;19;17,1;20;19;17,3;17;89;83;88;344;8,8;5,6;
2026/08/03;2100 UTC;0;960,5;960,5;959,9;38,5;18,7;17,1;19;18,7;17,1;16,9;91;88;91;329;10,6;6,2;
2026/08/03;2200 UTC;0;959,9;960,8;959,9;0;18,2;17,2;19;18,2;17,2;17;94;88;94;340;9,7;7,1;
2026/08/03;2300 UTC;0;959,9;960;959,7;0;17,9;17,1;18,7;17,9;17,2;17,1;95;91;95;340;10,4;7;
2026/08/04;0000 UTC;0;960,7;960,7;959,3;0;18,1;17,2;18,5;17,7;17,3;17,1;97;93;95;347;12;5,9;
2026/08/04;0100 UTC;0;960,4;961,2;960,4;0;17,8;17;17,8;17,3;17,1;17;98;96;96;345;7,2;4,4;
2026/08/04;0200 UTC;0;960,9;961;960,4;0;18;17,1;18,1;17,6;17,2;17;97;94;95;343;9,3;5,4;
2026/08/04;0300 UTC;0;960,1;961;960,1;0;18,3;17;18,3;18;17,2;17;95;92;93;346;10,4;6,5;
2026/08/04;0400 UTC;0;959,2;960,1;959,2;0;18,1;16,9;18,3;17,8;17,1;16,9;95;93;93;344;9,6;5,7;
2026/08/04;0500 UTC;0;960,2;960,2;959,2;0;17,5;16,9;18;17,5;16,9;16,8;97;93;97;337;8,9;5,8;
2026/08/04;0600 UTC;0;960,8;961;960,1;0;17,7;16,9;17,9;17,3;16,9;16,9;97;94;95;278;8,2;2,2;
2026/08/04;0700 UTC;0;960,9;961,9;960,6;0;17;16,9;17,8;17;17;16,8;99;94;99;251;7,5;1,6;
2026/08/04;0800 UTC;0;959,4;960,8;959,4;0;17,2;16,4;17,3;16,9;16,9;16,4;99;95;95;353;4,3;2,8;
2026/08/04;0900 UTC;,4;960,8;960,8;959,3;0;16,6;16,6;17,3;16,4;16,7;16,4;100;95;100;331;8,1;3;
2026/08/04;1000 UTC;,6;961,9;961,9;960,5;0;16,6;16,6;16,7;16,6;16,7;16,6;100;100;100;304;4,5;2,6;
2026/08/04;1100 UTC;0;962;962,4;962;31,7;16,9;16,6;16,9;16,6;16,7;16,5;100;98;98;319;11;7,8;
2026/08/04;1200 UTC;0;961,7;962;961,6;118,5;17,4;16,4;17,4;16,9;16,6;16,3;98;93;94;315;12,6;8,3;
2026/08/04;1300 UTC;,2;961,5;961,8;961,5;203,3;17;16,9;17,4;17;16,9;16,3;99;93;99;339;13;9;
2026/08/04;1400 UTC;0;963,1;963,2;961,3;247,6;17,2;17,1;17,3;16,9;17,1;16,6;100;97;99;209;13,4;1,7;
2026/08/04;1500 UTC;0;962,3;963,2;962,3;422,4;18,4;17,2;18,4;17,2;17,4;16,3;99;90;93;130;4,1;1,7;
2026/08/04;1600 UTC;0;961,2;962,4;961,2;761,2;18,8;17,4;18,9;18,3;17,8;16,3;96;87;92;110;5;2,9;
2026/08/04;1700 UTC;0;960,3;961,2;960,3;1238,9;21;17,8;21;18,8;18,5;16,9;93;82;82;93;4,7;1,7;
2026/08/04;1800 UTC;0;959,6;960,3;959,6;984,6;19,6;17,7;21,3;19,6;18,7;17,3;90;79;89;107;5,2;3,5;
2026/08/04;1900 UTC;0;960,5;960,5;960,1;272,5;18,8;17,6;19;18,7;17,8;17,5;94;91;93;140;3,6;1,9;
2026/08/04;2000 UTC;0;960,9;960,9;960,4;148;18,1;17,8;18,7;18,1;17,8;17,4;98;93;98;141;4,1;2,9;
2026/08/04;2100 UTC;0;961,5;961,5;960,9;16;16,9;16,9;18,1;16,9;17,8;16,9;100;98;100;148;4,8;1,7;
2026/08/04;2200 UTC;0;961,7;961,7;961,3;0;16,5;16,5;16,9;16,5;16,9;16,5;100;100;100;147;3,8;2,5;
2026/08/04;2300 UTC;0;962,2;962,2;961,8;0;16;16;16,5;16;16,5;16;100;100;100;141;4,2;2,3;
2026/08/05;0000 UTC;,2;962,3;962,3;962,1;0;15,8;15,8;16;15,8;16;15,8;100;100;100;116;5,5;3,6;
2026/08/05;0100 UTC;0;962,5;962,6;962,3;0;15,4;15,4;15,8;15,4;15,8;15,4;100;100;100;147;5,6;3,1;
2026/08/05;0200 UTC;,2;962,4;962,6;962,3;0;15,3;15,3;15,4;15,3;15,4;15,3;100;100;100;122;4,4;2,3;
2026/08/05;0300 UTC;0;962;962,4;962;0;15,2;15,2;15,3;15,2;15,3;15,2;100;100;100;85;4;2,4;
2026/08/05;0400 UTC;0;961,8;962;961,7;0;15,4;15,4;15,6;15,2;15,6;15,2;100;100;100;91;5,4;3,1;
2026/08/05;0500 UTC;0;961,1;961,8;961,1;0;15,7;15,7;15,8;15,4;15,8;15,4;100;100;100;85;5,4;3,8;
2026/08/05;0600 UTC;0;960,8;961,1;960,8;0;15,6;15,6;15,7;15,6;15,7;15,6;100;100;100;75;5,4;3;
2026/08/05;0700 UTC;0;960,1;960,8;960,1;0;14,6;14,6;15,6;14,3;15,6;14,3;100;100;100;127;4,4;1,2;
2026/08/05;0800 UTC;0;959,7;960,1;959,7;0;14,2;14,2;14,6;14,2;14,6;14,2;100;100;100;69;4,1;1,7;
2026/08/05;0900 UTC;0;959,7;959,7;959,6;0;14,6;14,6;14,6;14,1;14,6;14,1;100;100;100;43;4,5;1,3;
2026/08/05;1000 UTC;0;960,1;960,1;959,7;0;14,6;14,6;14,8;14,6;14,8;14,6;100;100;100;75;2,5;1;
2026/08/05;1100 UTC;0;960,3;960,4;960;30,7;14,6;14,6;14,7;14,5;14,7;14,5;100;100;100;66;3,6;1,2;
2026/08/05;1200 UTC;0;960,6;960,7;960,3;103,7;15;15;15;14,6;15;14,6;100;100;100;38;3,9;1,9;
2026/08/05;1300 UTC;0;960,6;960,9;960,6;354,8;15,6;15,6;15,8;15;15,8;15;100;100;100;9;5;2,9;
2026/08/05;1400 UTC;0;960;960,6;959,9;1560,8;17,8;16,7;18,3;15,6;17,3;15,6;100;92;93;354;9,9;6,1;
2026/08/05;1500 UTC;0;959,5;960,1;959,5;1542,3;18,7;17,3;18,7;17,9;17,5;16,8;95;90;92;334;9;3,9;
2026/08/05;1600 UTC;0;958,6;959,5;958,6;1792,9;19,5;17,7;20;18,5;17,9;17,1;93;85;89;349;9,3;4,8;
2026/08/05;1700 UTC;0;957,6;958,5;957,6;2012,9;21,1;17,9;21,2;19,3;18,3;17,3;89;82;82;343;8,4;4,9;
2026/08/05;1800 UTC;0;956,9;957,6;956,9;1893,7;21,3;18,3;21,3;20,5;18,3;17,6;85;82;83;344;7,9;4,8;
2026/08/05;1900 UTC;0;956,4;956,9;956,4;1340,8;21,6;18,4;21,6;20,2;18,6;18;88;82;82;332;8,9;4,5;
2026/08/05;2000 UTC;0;957;957;956,3;622,9;19,3;18,4;21,6;19,3;18,7;18,4;95;82;95;330;7,1;2,4;
2026/08/05;2100 UTC;0;957,5;957,5;956,9;35,2;18,9;18,4;19,3;18,9;18,4;18,4;97;95;97;312;4,8;3,2;
2026/08/05;2200 UTC;10,4;957,6;958,4;957,3;,8;16;15,5;19,3;16;18,6;15,4;97;88;97;294;9,1;4,1;
2026/08/05;2300 UTC;,6;957,4;957,8;957,1;0;16,1;15,9;16,5;16;16,3;15,2;100;93;99;330;6,2;3,1;
2026/08/06;0000 UTC;0;956,6;957,4;956,6;0;16,5;15,5;16,6;15,8;16;15,2;100;93;94;351;5,7;3,2;
2026/08/06;0100 UTC;,2;956,6;956,8;956,4;0;16,1;16;17,1;16,1;16,2;15,5;100;91;99;330;6,3;3;
2026/08/06;0200 UTC;0;956,4;956,7;956,2;0;17;16;17,2;16,1;16,1;15,5;100;91;93;357;6;2,7;
2026/08/06;0300 UTC;0;956,9;956,9;956,4;0;16,2;15,9;17;16;16,3;15,7;100;93;98;167;3,5;1,4;
2026/08/06;0400 UTC;,2;956;956,9;956;0;15,8;15,8;16,2;15,8;15,9;15,4;100;96;100;83;2,9;2,3;
2026/08/06;0500 UTC;0;955,4;956;955,4;0;17;16,7;17,1;15,8;16,7;15,1;100;92;98;14;5,7;3,4;
2026/08/06;0600 UTC;0;954;955,4;954;0;16,4;16,4;17;16,4;16,8;16,4;100;98;100;6;6,2;2,5;
2026/08/06;0700 UTC;0;954,4;954,5;953,9;0;15,7;15,7;16,4;15,7;16,4;15,7;100;100;100;335;4,2;2,6;
2026/08/06;0800 UTC;0;953,8;954,4;953,6;0;15,9;15,9;15,9;15,6;15,9;15,6;100;100;100;333;7;4;
2026/08/06;0900 UTC;0;953,5;953,8;953,3;0;16,4;16,4;16,4;15,9;16,4;15,9;100;100;100;339;7,3;4,3;
2026/08/06;1000 UTC;0;953,2;953,6;953,2;0;16,7;16,7;16,7;16,3;16,7;16,3;100;100;100;342;7,7;5,7;
2026/08/06;1100 UTC;0;953,3;953,4;953,2;28;16,7;16,7;16,8;16,7;16,8;16,7;100;100;100;339;9,8;6,2;
2026/08/06;1200 UTC;0;953,5;953,5;953,1;295,2;17;17;17;16,7;17;16,7;100;100;100;336;9,2;5;
2026/08/06;1300 UTC;0;953,4;953,7;953,3;651,2;17,6;17,6;17,6;17,1;17,6;17,1;100;100;100;338;7,8;4,9;
2026/08/06;1400 UTC;0;952,9;953,6;952,9;1027,8;19;19;19;17,6;19;17,6;100;100;100;328;8,2;4,8;
2026/08/06;1500 UTC;0;951,8;952,9;951,8;986,2;19,7;18,9;19,7;18,9;19,2;18,5;100;95;95;336;6,9;3,9;
2026/08/06;1600 UTC;0;949,7;951,8;949,7;2268,1;21,8;18,8;21,8;19,7;19,5;18,4;96;82;83;334;7,9;4,7;
2026/08/06;1700 UTC;0;948,2;949,6;948,2;1846,2;22,6;18,9;22,7;21,3;19,4;18,3;86;79;79;355;9,1;4,7;
2026/08/06;1800 UTC;0;947,8;948,1;947,8;1431;22,1;19;22,4;21,5;19,3;18,5;84;80;83;352;9,9;4,8;
2026/08/06;1900 UTC;0;946,1;947,8;946,1;929,8;21,2;19,2;22,5;21,2;19,4;18,8;89;81;88;3;10,6;5,6;
2026/08/06;2000 UTC;0;944,4;946,1;944,4;205,9;20,7;18,9;21,3;20,7;19,3;18,9;90;87;90;352;10,3;5,8;
2026/08/06;2100 UTC;0;943,4;944,5;942,9;14,1;20,1;18,8;20,7;20,1;18,9;18,6;92;89;92;350;11,6;6,4;
2026/08/06;2200 UTC;19;946,9;948,4;943,3;7,8;13,1;13,1;20,3;12,6;18,9;12,6;100;79;100;272;14,7;4,9;
2026/08/06;2300 UTC;3,4;945,7;947,1;945,6;0;13,5;13,2;13,5;13,1;13,3;13,1;100;98;98;289;11,8;6,9;
2026/08/07;0000 UTC;1;946,1;946,1;943,7;0;13,3;13,2;13,5;13,3;13,3;13,1;100;98;99;301;12,8;7,9;
2026/08/07;0100 UTC;0;947,5;947,5;946,4;0;13,5;13,4;13,5;13,4;13,4;13,3;100;99;99;304;13,1;7,7;
2026/08/07;0200 UTC;,2;947,9;948,1;947,5;0;13,2;12,9;13,5;13,2;13,5;12,9;100;97;98;278;14,6;6,3;
2026/08/07;0300 UTC;,2;949,3;949,3;947,9;0;10,9;9,6;13,2;10,9;12,9;9,5;98;91;91;244;15,4;5,9;
2026/08/07;0400 UTC;0;949,5;949,6;949,3;0;10,8;9,2;11;10,8;9,9;9,1;94;89;90;255;14;6;
2026/08/07;0500 UTC;0;950,1;950,2;949,4;0;10,5;8,5;10,9;10,5;9,5;8,4;92;86;87;247;15,3;6,5;
2026/08/07;0600 UTC;0;951;951;950,1;0;8,8;7,9;10,5;8,8;8,7;7,7;94;86;94;232;15,8;4,9;
2026/08/07;0700 UTC;0;951,7;951,8;950,9;0;7,8;6,4;8,8;7,8;7,9;6,4;95;91;91;245;14;5,6;
2026/08/07;0800 UTC;0;952,6;952,6;951,8;0;7,3;5,8;7,9;7,3;6,9;5,7;97;89;90;243;11,2;5,4;
2026/08/07;0900 UTC;,2;953,9;953,9;952,6;0;6,6;6;7,3;6,6;6,8;5,8;100;90;96;240;12,6;5,6;
2026/08/07;1000 UTC;0;955,4;955,4;953,9;0;6,2;5,5;6,5;6,2;6;5,4;98;92;95;253;14,9;4,4;
2026/08/07;1100 UTC;0;956,3;956,5;955,5;34,3;5,8;5,3;6,2;5,7;5,6;5,3;98;95;97;261;12,7;4,3;
2026/08/07;1200 UTC;0;956,9;957;956,4;298,4;6,4;5,7;6,4;5,8;5,8;4,7;97;90;96;270;9,8;4;
2026/08/07;1300 UTC;0;957,9;957,9;956,9;778,2;7,4;4,5;7,4;6,3;6;4,5;97;82;82;268;8,4;4,1;
2026/08/07;1400 UTC;0;958,3;958,3;957,9;1487,8;7,7;3,1;8,2;7,3;5,3;3,1;85;72;73;260;9,8;4,6;
2026/08/07;1500 UTC;0;958,3;958,4;958,2;1942,8;9,2;2,8;9,7;7,6;4,5;2,5;77;63;64;241;10,7;4,5;
2026/08/07;1600 UTC;0;957,5;958,2;957,4;2604,9;11,1;4,1;11,2;9,3;4,6;2,8;67;61;62;257;9,4;3,8;
2026/08/07;1700 UTC;0;956,8;957,4;956,8;2515,6;11,7;3,5;11,9;10,5;4,8;2,5;65;57;57;265;9,2;3,5;
2026/08/07;1800 UTC;0;956,7;956,9;956,7;2152,8;11,9;3;12,1;11,2;4,2;1,8;60;51;54;243;8,7;3,1;
2026/08/07;1900 UTC;0;956,6;956,6;956,5;1632,3;11,9;3,6;12,2;11,6;3,8;1,2;57;49;56;245;7,8;3;
2026/08/07;2000 UTC;0;956,7;956,7;956,4;938,1;11,1;4;12,2;11,1;4,7;3,3;63;55;62;296;7,5;3,8;
2026/08/07;2100 UTC;0;956,9;957;956,7;181,8;8,5;3,9;11;8,5;4,2;3,4;72;61;72;294;7,1;4;
2026/08/07;2200 UTC;0;956,9;957;956,7;0;6,5;3,9;8,5;6,5;4;3,6;83;72;83;310;5,1;4,1;
2026/08/07;2300 UTC;0;956,9;957,1;956,9;0;6,3;3,5;6,6;6,2;3,8;3,3;83;80;82;300;6,2;4,2;
2026/08/08;0000 UTC;0;956,7;957,1;956,7;0;6,5;3,6;6,9;6,3;3,7;3,4;82;79;82;292;5,2;2,6;
2026/08/08;0100 UTC;0;956,8;956,8;956,5;0;5,7;3,6;6,4;5,7;3,7;3,6;87;82;86;307;4,8;3,4;
2026/08/08;0200 UTC;0;956,4;956,7;956,3;0;5,9;3,6;6,1;5,6;3,7;3,6;87;84;86;278;4,5;1,7;
2026/08/08;0300 UTC;0;956,2;956,5;956,2;0;6;3,6;6;5,7;3,6;3,4;86;84;84;280;2,8;1,1;
2026/08/08;0400 UTC;0;955,9;956,2;955,9;0;6,1;3,8;6,2;5,9;3,9;3,6;86;84;85;210;1,6;1,2;
2026/08/08;0500 UTC;0;955,5;956;955,5;0;4,9;3,8;6,3;4,9;4;3,7;93;85;93;111;2,2;2;
2026/08/08;0600 UTC;0;954,9;955,5;954,9;0;4,6;4,2;4,9;4,4;4,2;3,8;98;94;98;87;3,6;2,7;
2026/08/08;0700 UTC;0;954,1;954,9;954,1;0;4,9;3,9;4,9;4,5;4,3;3,8;97;93;93;84;5;3,6;
2026/08/08;0800 UTC;0;955;955,2;954;0;5,3;4,3;5,3;4,6;4,3;3,7;96;92;93;87;5,4;3,4;
2026/08/08;0900 UTC;0;954,4;955,6;954,4;0;6;4,1;6;5,3;4,4;4;93;87;87;62;6,8;4,3;
2026/08/08;1000 UTC;0;954,1;954,6;954,1;0;6,3;4,2;6,4;6;4,4;3,8;87;84;86;61;7,8;4;
2026/08/08;1100 UTC;0;954,1;954,3;953,9;41,6;7,4;3,8;7,4;6,2;4,3;3,7;87;78;78;60;7,3;2,8;
2026/08/08;1200 UTC;0;;;;;;;;;;;;;;38;8,6;4,2;
2026/08/08;1300 UTC;0;;;;;;;;;;;;;;20;9,9;3,7;
2026/08/08;1400 UTC;0;;;;;;;;;;;;;;24;7,5;2,7;
2026/08/08;1500 UTC;0;;;;;;;;;;;;;;348;8,2;4,8;
2026/08/08;1600 UTC;0;;;;;;;;;;;;;;307;7,7;3,1;
2026/08/08;1700 UTC;0;;;;;;;;;;;;;;273;9,6;4,4;
2026/08/08;1800 UTC;0;;;;;;;;;;;;;;239;9,2;4,2;
2026/08/08;1900 UTC;0;;;;;;;;;;;;;;226;9,7;4,6;
2026/08/08;2000 UTC;0;;;;;;;;;;;;;;248;9,7;3,9;
2026/08/08;2100 UTC;0;;;;;;;;;;;;;;247;11,3;2,4;
2026/08/08;2200 UTC;0;;;;;;;;;;;;;;270;6,3;2,8;
2026/08/08;2300 UTC;0;;;;;;;;;;;;;;286;6,9;4,6;
2026/08/09;0000 UTC;0;;;;;;;;;;;;;;280;7,6;4;
2026/08/09;0100 UTC;0;958;958;957,3;0;8,4;5,9;8,8;8,4;5,9;5,4;84;80;84;267;7,4;3,1;
2026/08/09;0200 UTC;0;959;959;958;0;8;6,1;8,5;8;6,1;5,9;88;84;88;258;9,8;2,8;
2026/08/09;0300 UTC;0;959,8;959,8;959;0;7,1;5,4;8,1;7,1;6,1;5,4;90;87;89;235;6,8;3;
2026/08/09;0400 UTC;0;960,5;960,6;959,8;0;6,1;3,8;7,1;6,1;5,4;3,8;89;83;85;225;6,9;2,9;
2026/08/09;0500 UTC;0;960,5;960,6;960,3;0;5,5;2,9;6,1;5,5;3,8;2,8;85;82;83;213;5,3;3,4;
2026/08/09;0600 UTC;0;960,8;960,9;960,4;0;5,2;2;5,4;5,1;2,9;2;85;80;80;211;5,6;3,9;
2026/08/09;0700 UTC;0;961,5;961,7;960,8;0;4,6;1,5;5,2;4,6;2,1;1,2;81;78;80;231;6,2;3,2;
2026/08/09;0800 UTC;0;962,5;962,5;961,4;0;4,3;1,3;4,6;4,3;1,7;1,3;83;80;81;241;6,2;3,1;
2026/08/09;0900 UTC;0;963,4;963,4;962,5;0;4,4;0;4,5;4,2;1,3;0;81;73;73;234;6,7;3,2;
2026/08/09;1000 UTC;0;964,1;964,1;963,4;0;4,7;-,9;4,8;4,4;0;-1,1;73;66;67;238;5,8;2,8;
2026/08/09;1100 UTC;0;964,6;964,6;964,1;38,3;5,3;-1,1;5,3;4,5;-,8;-1,3;68;63;63;240;6,6;2,9;
2026/08/09;1200 UTC;0;965;965;964,5;378;6,3;,5;6,3;5,3;,5;-1,2;67;62;66;217;7,5;3,1;
2026/08/09;1300 UTC;0;964,9;965,2;964,8;1439,4;7,6;,4;7,6;6,3;1,4;,3;68;60;60;199;7,6;4,4;
2026/08/09;1400 UTC;0;964,8;965,1;964,8;2061,8;9;-,4;9,1;7,6;,9;-,7;61;52;52;196;8,2;3,4;
2026/08/09;1500 UTC;0;964,5;964,8;964,2;2497,9;10,1;,1;10,1;8,7;1,1;-1,1;54;49;50;193;9,4;4,5;
2026/08/09;1600 UTC;0;964,9;965,1;964,5;2631,9;11,2;-,5;11,5;10,1;1,4;-1,4;54;41;44;202;6,5;3,3;
2026/08/09;1700 UTC;0;964,8;965;964,7;2529,1;12;-,1;12,4;11,1;1,5;-1,4;48;39;43;217;6,3;2,7;
2026/08/09;1800 UTC;0;965,2;965,2;964,8;2176,7;12,3;-,8;12,7;11,7;1,1;-2,1;47;37;40;194;6;3,1;
2026/08/09;1900 UTC;0;965,4;965,4;965,2;1630,3;12,4;-1,6;12,6;12,1;,2;-1,9;43;37;38;206;5,6;2,1;
2026/08/09;2000 UTC;0;966,1;966,1;965,4;934,7;12,1;-,5;12,3;11,8;-,3;-2,1;42;37;42;222;4,8;2,1;
2026/08/09;2100 UTC;0;967;967,1;966,1;192,4;10,2;-1,4;12,4;10,2;,3;-2,1;46;38;45;246;5,3;2,1;
2026/08/09;2200 UTC;0;967,9;967,9;967;0;9;-1,2;10,1;8,9;-1,1;-2,6;49;42;49;252;4,2;1,5;
2026/08/09;2300 UTC;0;969;969;967,9;0;8,5;-1;8,9;8,3;-,8;-1,6;52;48;51;249;4,2;2;
2026/08/10;0000 UTC;0;969,6;969,7;969;0;8,3;-,6;8,6;8,2;-,6;-1;54;51;53;233;7;3,5;
2026/08/10;0100 UTC;0;970,2;970,2;969,6;0;8;-,1;8,1;7,8;0;-,5;57;54;57;231;6,4;3,2;
2026/08/10;0200 UTC;0;970,7;970,7;970,2;0;7,2;-,2;8;7,2;,1;-,2;60;56;59;231;5,4;3;
2026/08/10;0300 UTC;0;971,4;971,5;970,7;0;7,1;-,5;7,4;7,1;-,2;-,7;59;56;58;223;5,4;3,6;
2026/08/10;0400 UTC;0;971,7;971,8;971,4;0;6,1;-,3;7,1;6,1;-,3;-,6;64;58;64;219;6;3,5;
2026/08/10;0500 UTC;0;972,2;972,2;971,7;0;4,9;0;6,1;4,9;,1;-,4;70;63;70;197;7,7;4,3;
2026/08/10;0600 UTC;0;972,4;972,4;972,2;0;4,2;,1;4,9;4,2;,2;-,1;75;70;75;205;7,2;4,4;
2026/08/10;0700 UTC;0;972,9;972,9;972,4;0;3,3;,2;4,3;3,3;,2;,1;80;74;80;195;8;4,4;
2026/08/10;0800 UTC;0;973,2;973,2;973;0;3,7;,4;3,8;3,3;,4;0;80;76;79;198;7,1;4,7;
2026/08/10;0900 UTC;0;973,7;973,8;973;0;3,2;,8;3,6;3,1;,8;,3;85;79;85;206;7,9;3,9;
2026/08/10;1000 UTC;0;974,5;974,5;973,6;0;2,9;1,1;3,2;2,8;1,2;,9;88;85;88;205;7,6;3,2;
2026/08/10;1100 UTC;0;975,2;975,2;974,5;60,6;3,2;1,5;3,2;2,7;1,5;1,1;90;88;88;193;5;3,3;
2026/08/10;1200 UTC;0;975,7;975,7;975,3;160,6;4,5;2,2;4,5;3,2;2,2;1,5;89;84;85;201;5;2,8;
2026/08/10;1300 UTC;0;975,7;;;;4,5;2,2;;;;;;;85;179;8;4,9;
2026/08/10;1400 UTC;0;975,7;;;;4,5;2,2;;;;;;;85;179;8,5;4,7;
2026/08/10;1500 UTC;0;976,3;976,7;976,3;2630,5;9,6;3,4;9,7;6,1;3,9;1,1;70;64;65;154;10,9;7,7;
2026/08/10;1600 UTC;0;976;976,4;976;2482;9,6;2,9;10,2;8,8;3,9;2,7;69;60;63;170;10,5;6,1;
2026/08/10;1700 UTC;0;975,1;976;975;2295;9,8;2,9;10,8;9,6;4,1;2,4;66;59;62;143;10,8;7,6;
2026/08/10;1800 UTC;0;974,9;975,1;974,7;1970,2;9,7;3,5;10,6;9,5;4,2;2,8;68;61;66;149;10,5;6,9;
2026/08/10;1900 UTC;0;975,2;975,2;974,7;1527,3;9,1;3;10,6;8,7;4,4;2,9;70;62;66;164;9,3;5,4;
2026/08/10;2000 UTC;0;975,4;975,4;975;625,7;8,2;3,7;9,3;8,2;4,1;3,1;74;66;73;156;8,3;5,4;
2026/08/10;2100 UTC;0;975,8;975,8;975,3;134,2;7;4,3;8,3;7;4,4;3,8;84;74;83;164;7,8;4,9;
2026/08/10;2200 UTC;0;976,8;976,9;975,8;0;6,1;3,8;7;6,1;4,5;3,7;87;83;85;169;7,5;4,7;
2026/08/10;2300 UTC;0;977,4;977,4;976,8;0;4,9;3,5;6;4,9;3,8;3,4;91;85;91;149;7;3,5;
2026/08/11;0000 UTC;0;977,1;977,6;977,1;0;4,4;2,9;4,9;4,4;3,6;2,9;92;89;89;136;7,4;6;
2026/08/11;0100 UTC;0;976,9;977,3;976,9;0;4;2,6;4,5;4;2,8;2,6;91;88;91;135;8,4;5,4;
2026/08/11;0200 UTC;0;976,3;977;976,3;0;3,6;2,4;4;3,6;2,6;2,3;92;91;92;142;8,9;5,1;
2026/08/11;0300 UTC;0;976,4;976,5;976,4;0;3,6;2,1;3,6;3,4;2,3;2,1;92;90;90;136;7,3;5,6;
2026/08/11;0400 UTC;0;976,3;976,5;976,1;0;3,3;2,4;3,7;3,3;2,5;2,1;94;90;94;128;7;5,4;
2026/08/11;0500 UTC;0;975,8;976,3;975,8;0;3,6;3,1;3,6;3,2;3,1;2,5;97;94;97;126;7,4;5,2;
2026/08/11;0600 UTC;0;975,2;976;975,2;0;4,4;3,6;4,4;3,6;3,6;3,1;97;95;95;124;7,3;4,9;
2026/08/11;0700 UTC;0;974,5;975,2;974,5;0;4,8;3,9;4,8;4,4;3,9;3,6;94;93;93;117;8,3;4,8;
2026/08/11;0800 UTC;0;974,4;974,6;974,4;0;4,1;3,6;5;4,1;3,9;3,6;97;92;97;124;7,8;3,6;
2026/08/11;0900 UTC;0;974,5;974,5;974,2;0;3,8;3,7;4,1;3,8;3,7;3,6;99;97;99;125;5,2;3,6;
2026/08/11;1000 UTC;0;974,7;974,7;974,5;0;4,3;4,3;4,3;3,8;4,3;3,6;100;99;100;124;5,2;3,8;
2026/08/11;1100 UTC;0;974,7;;;;4,3;4,3;;;;;;;100;130;6,2;4,5;
2026/08/11;1200 UTC;0;975,2;975,5;974,8;408,5;7,2;6,4;7,2;4,8;6,4;4,8;100;94;94;129;7,3;4,4;
2026/08/11;1300 UTC;0;975;975,3;974,9;752,7;7,9;6,6;7,9;7,2;6,7;6,1;95;91;92;133;10,1;7,1;
2026/08/11;1400 UTC;0;975,1;975,2;974,9;819;9,2;7;9,2;7,9;7,4;6,5;92;86;86;125;10,1;4,8;
2026/08/11;1500 UTC;0;974,5;975,1;974,5;981,8;10;7,2;10,1;9,1;7,5;6,7;87;80;83;104;7,9;4,6;
2026/08/11;1600 UTC;0;973,7;974,6;973,7;1058,2;10,9;7,1;11;10,1;7,6;6,5;83;74;77;101;8,4;4,5;
2026/08/11;1700 UTC;0;972,3;973,7;972,3;1795,4;12,4;7;13,4;11,2;7,8;6,8;77;67;69;107;9,6;6,1;
2026/08/11;1800 UTC;0;972,1;972,5;971,9;1227,9;11,4;7,3;12,5;11,4;7,6;6,6;76;69;76;114;9,7;5,5;
2026/08/11;1900 UTC;0;971,8;972,1;971,7;460,2;10,8;7,7;11,5;10,8;7,8;7,1;82;75;81;109;9;5,3;
2026/08/11;2000 UTC;0;971,6;971,8;971,6;471,9;10,8;7,8;10,8;10,8;7,8;7,5;81;80;81;122;10,4;6,1;
2026/08/11;2100 UTC;0;971,6;;;;10,8;7,8;;;;;;;81;115;9,6;5,9;
2026/08/11;2200 UTC;0;971,6;;;;10,8;7,8;;;;;;;81;122;9,6;6,7;
2026/08/11;2300 UTC;0;971,6;;;;10,8;7,8;;;;;;;81;106;10,3;5,9;
2026/08/12;0000 UTC;0;971,6;;;;10,8;7,8;;;;;;;81;110;10,2;6,5;
2026/08/12;0100 UTC;0;971,3;971,5;970,7;0;8,9;8,8;8,9;8,7;8,8;8,5;99;99;99;104;9,1;4,2;
2026/08/12;0200 UTC;0;970,2;971,4;970,2;0;8,9;8,9;8,9;8,9;8,9;8,7;100;99;100;115;8,9;5,4;
2026/08/12;0300 UTC;0;970,2;970,5;969,9;0;8,9;8,9;8,9;8,9;8,9;8,9;100;100;100;103;11,1;4,6;
2026/08/12;0400 UTC;,8;969;970,2;969;0;8,8;8,8;8,9;8,8;8,9;8,8;100;100;100;102;10,2;6,2;
2026/08/12;0500 UTC;1;968,5;969,1;968,5;0;8,9;8,9;8,9;8,8;8,9;8,8;100;100;100;106;10,3;5,6;
2026/08/12;0600 UTC;2,2;967,6;968,4;967,6;0;9;9;9;8,9;9;8,9;100;100;100;101;9,9;6,1;
2026/08/12;0700 UTC;3,6;966,8;967,8;966,8;0;9;9;9;9;9;9;100;100;100;99;8,8;4,5;
2026/08/12;0800 UTC;1,2;966,3;966,8;966,3;0;9,1;9,1;9,1;9;9,1;9;100;100;100;108;9,5;4,5;
2026/08/12;0900 UTC;,4;966,1;966,2;965;0;9,5;9,5;9,5;9,1;9,5;9,1;100;100;100;110;12,2;4,5;
2026/08/12;1000 UTC;,2;965,8;966,1;965,3;0;9,7;9,7;9,7;9,5;9,7;9,5;100;100;100;102;8,7;4,7;
2026/08/12;1100 UTC;,6;966,5;966,5;965,8;4,3;10;10;10;9,7;10;9,7;100;100;100;89;7,9;3,9;
2026/08/12;1200 UTC;,4;966,6;966,6;966,3;56,9;9,9;9,9;10;9,9;10;9,9;100;100;100;79;9,9;4,9;
2026/08/12;1300 UTC;,4;965,7;966,6;965,6;153,5;10,2;10,2;10,2;9,9;10,2;9,9;100;100;100;95;10,3;5,8;
2026/08/12;1400 UTC;1,2;964,9;966,3;964,9;200,7;10,4;10,4;10,4;10,2;10,4;10,2;100;100;100;94;11,6;6,4;
2026/08/12;1500 UTC;,2;964,1;964,8;964;395,2;10,8;10,8;10,9;10,4;10,9;10,4;100;100;100;89;11,2;6,5;
2026/08/12;1600 UTC;1,2;963,4;964,3;963,4;242,5;11,1;11,1;11,1;10,8;11,1;10,8;100;100;100;88;11,6;5;
2026/08/12;1700 UTC;1,4;962,2;963,4;962,2;254,3;11,1;11,1;11,3;11,1;11,3;11,1;100;100;100;88;11,4;4,6;
2026/08/12;1800 UTC;3,8;961,5;962,5;961,5;187,9;11,1;11,1;11,3;11;11,3;11;100;100;100;101;10,2;6,4;
2026/08/12;1900 UTC;2,6;961,3;961,5;960,8;127;11,1;11,1;11,2;11,1;11,2;11,1;100;100;100;109;10,8;5,8;
2026/08/12;2000 UTC;2,4;961,4;961,4;961,1;44,7;11,2;11,2;11,2;11,1;11,2;11,1;100;100;100;115;8,5;5,6;
2026/08/12;2100 UTC;1,6;960,7;961,6;960,7;9,7;11,2;11,2;11,2;11,2;11,2;11,2;100;100;100;111;10,2;6,8;
2026/08/12;2200 UTC;,4;961,1;961,1;960,6;0;11,3;11,3;11,3;11,2;11,3;11,2;100;100;100;114;10,7;6,6;
2026/08/12;2300 UTC;,8;961,4;961,4;960,9;0;11,5;11,5;11,5;11,3;11,5;11,3;100;100;100;119;10,1;6,7;
2026/08/13;0000 UTC;,4;961,9;962,1;961,3;0;11,7;11,7;11,7;11,5;11,7;11,5;100;100;100;130;9,9;7,1;
2026/08/13;0100 UTC;1;962,3;963;962,2;0;11,5;11,5;11,7;11,5;11,7;11,5;100;100;100;127;10,5;7,1;
2026/08/13;0200 UTC;,2;962,7;963;962,2;0;11,3;11,3;11,5;11,3;11,5;11,3;100;100;100;131;10,4;7,1;
2026/08/13;0300 UTC;,6;963,1;963,2;962,4;0;10,8;10,8;11,3;10,8;11,3;10,8;100;100;100;131;11,9;6,7;
2026/08/13;0400 UTC;,6;962,4;963,6;962,4;0;10,4;10,4;10,8;10,4;10,8;10,4;100;100;100;124;12,6;7,7;
2026/08/13;0500 UTC;,2;962,6;962,6;962;0;10;10;10,4;10;10,4;10;100;100;100;129;12,6;8,8;
2026/08/13;0600 UTC;,4;963,2;963,4;962,6;0;9,8;9,8;10;9,8;10;9,8;100;100;100;142;11,8;6,3;
2026/08/13;0700 UTC;,8;962;963,5;962;0;9,7;9,7;9,7;9,7;9,7;9,7;100;100;100;128;10,5;7,5;
2026/08/13;0800 UTC;,2;962,3;962,5;961,9;0;9,3;9,3;9,6;9,3;9,6;9,3;100;100;100;130;11,2;7,2;
2026/08/13;0900 UTC;,2;962,9;962,9;962;0;9,3;9,3;9,3;9,3;9,3;9,3;100;100;100;137;11,1;6,8;
2026/08/13;1000 UTC;,4;963,3;963,4;962,8;0;9;9;9,3;9;9,3;9;100;100;100;133;11,8;8;
2026/08/13;1100 UTC;,2;964;964,1;963,3;2,5;8,7;8,7;9;8,6;9;8,6;100;100;100;131;10,7;7,2;
2026/08/13;1200 UTC;,6;964,2;964,2;963,8;39,9;8,8;8,8;8,8;8,6;8,8;8,6;100;100;100;128;11,8;8,3;
2026/08/13;1300 UTC;,2;965,1;965,1;964,2;63,3;9;9;9;8,8;9;8,8;100;100;100;135;14,1;6,6;
2026/08/13;1400 UTC;,6;964,9;965,5;964,7;132,1;9,6;9,6;9,6;9;9,6;9;100;100;100;125;11,7;7,1;
2026/08/13;1500 UTC;,6;965;965,1;964,7;170,9;9,8;9,8;9,9;9,6;9,9;9,6;100;100;100;130;13,2;7,1;
2026/08/13;1600 UTC;,4;965,4;965,4;964,6;159,1;9,7;9,7;9,9;9,7;9,9;9,7;100;100;100;136;12;6,6;
2026/08/13;1700 UTC;1,4;964,6;965,6;964,6;149,4;9,7;9,7;9,8;9,5;9,8;9,5;100;100;100;141;10,4;6,8;
2026/08/13;1800 UTC;,2;964,4;964,7;963,8;203,3;9,7;9,7;9,8;9,7;9,8;9,7;100;100;100;135;14;7,8;
2026/08/13;1900 UTC;,2;964,9;964,9;964,2;116;9,8;9,8;9,8;9,6;9,8;9,6;100;100;100;131;13,3;7,6;
2026/08/13;2000 UTC;,8;965,7;965,7;964,9;40,8;9,6;9,6;9,8;9,6;9,8;9,6;100;100;100;134;12,1;7,2;
2026/08/13;2100 UTC;1;966,4;966,4;965,7;19,2;9,1;9,1;9,7;9,1;9,7;9,1;100;100;100;119;13,3;8;
2026/08/13;2200 UTC;1,4;967,3;967,3;966,4;0;8,9;8,9;9,5;8,9;9,5;8,9;100;100;100;136;17,1;8,7;
2026/08/13;2300 UTC;,4;967,8;967,8;967,3;0;8,8;8,8;8,9;8,8;8,9;8,8;100;100;100;122;14,2;6,5;
2026/08/14;0000 UTC;,2;968,2;968,2;967,8;0;8,9;8,9;9;8,8;9;8,8;100;100;100;116;12,3;5,4;
2026/08/14;0100 UTC;0;968,1;968,3;968,1;0;9,1;9,1;9,1;8,9;9,1;8,9;100;100;100;119;9,5;5,4;
2026/08/14;0200 UTC;0;968;968,1;967,9;0;9,3;9,3;9,3;9,1;9,3;9,1;100;100;100;118;9,1;5,3;
2026/08/14;0300 UTC;,2;967,7;968;967,7;0;9,4;9,4;9,5;9,3;9,5;9,3;100;100;100;110;8,2;3,8;
2026/08/14;0400 UTC;0;967,8;967,8;967,6;0;9,6;9,6;9,6;9,4;9,6;9,4;100;100;100;116;7;4,5;
2026/08/14;0500 UTC;0;967,7;968;967,7;0;9,7;9,7;9,7;9,6;9,7;9,6;100;100;100;120;6,5;4,2;
2026/08/14;0600 UTC;,2;967,1;967,7;967,1;0;9,5;9,5;9,7;9,5;9,7;9,5;100;100;100;125;6,5;4,7;
2026/08/14;0700 UTC;,2;966,7;967;966,7;0;9,7;9,7;9,7;9,5;9,7;9,5;100;100;100;116;6,8;4,2;
2026/08/14;0800 UTC;,2;967,1;967,1;966,6;0;10,1;10,1;10,1;9,7;10,1;9,7;100;100;100;118;6,9;3,7;
2026/08/14;0900 UTC;0;967,5;967,5;967;0;10,6;10,6;10,6;10,1;10,6;10,1;100;100;100;107;6,4;3,2;
2026/08/14;1000 UTC;,4;967,7;967,8;967,5;0;11;11;11;10,6;11;10,6;100;100;100;112;8,3;5,3;
2026/08/14;1100 UTC;,6;968,1;968,1;967,7;20,5;10,8;10,8;11;10,7;11;10,7;100;100;100;101;11,4;6,1;
2026/08/14;1200 UTC;0;968,5;968,5;968,1;134,5;10,8;10,8;10,8;10,7;10,8;10,7;100;100;100;101;14,9;9;
2026/08/14;1300 UTC;,2;969;969;968,6;382,9;11,4;11,4;11,4;10,8;11,4;10,8;100;100;100;101;13,1;6,7;
2026/08/14;1400 UTC;,2;968,9;969,2;968,8;622;11,9;11,9;11,9;11,3;11,9;11,3;100;100;100;94;11,9;7,6;
2026/08/14;1500 UTC;,2;969;969,1;968,7;677,9;12,2;12,2;12,3;11,9;12,3;11,9;100;100;100;101;12,3;6,5;
2026/08/14;1600 UTC;,2;968,4;969;968,4;836;12,6;12,6;12,8;12,3;12,8;12,3;100;100;100;103;12;5,4;
2026/08/14;1700 UTC;,4;967,7;968,4;967,6;610,7;12,4;12,4;12,6;12,3;12,6;12,3;100;100;100;96;11,1;6,3;
2026/08/14;1800 UTC;,4;967,3;967,6;967,3;445,5;12,3;12,3;12,4;12,3;12,4;12,3;100;100;100;97;12,3;5,5;
2026/08/14;1900 UTC;,4;966,7;967,2;966,7;399,7;12,1;12,1;12,3;12;12,3;12;100;100;100;93;12,1;6;
2026/08/14;2000 UTC;,4;966,7;966,7;966,5;189;12;12;12,2;12;12,2;12;100;100;100;97;11,2;6,3;
2026/08/14;2100 UTC;,2;966,5;966,7;966,4;66,2;11,7;11,7;12;11,7;12;11,7;100;100;100;90;11,6;5,6;
2026/08/14;2200 UTC;,2;966,2;966,6;966,2;0;11,6;11,6;11,7;11,6;11,7;11,6;100;100;100;93;12,1;6,9;
2026/08/14;2300 UTC;0;966,3;966,5;966,2;0;11,6;11,6;11,6;11,6;11,6;11,6;100;100;100;90;12,6;5,7;
2026/08/15;0000 UTC;,2;966,5;966,6;966,3;0;11,7;11,7;11,7;11,6;11,7;11,6;100;100;100;85;13,4;7,7;
2026/08/15;0100 UTC;,2;966,4;966,6;966,4;0;11,8;11,8;11,8;11,7;11,8;11,7;100;100;100;96;15,9;7,8;
2026/08/15;0200 UTC;0;966,5;966,5;966,2;0;11,9;11,9;11,9;11,8;11,9;11,8;100;100;100;90;15,3;7,3;
2026/08/15;0300 UTC;,4;967,4;967,4;966,5;0;12;12;12;11,9;12;11,9;100;100;100;82;12,3;5;
2026/08/15;0400 UTC;,2;967,1;967,4;967;0;12;12;12;12;12;12;100;100;100;89;9,9;5,3;
2026/08/15;0500 UTC;,6;966,3;967,1;966,3;0;12,2;12,2;12,2;12;12,2;12;100;100;100;90;13,9;7,8;
2026/08/15;0600 UTC;,2;965,8;966,3;965,8;0;12,3;12,3;12,3;12,2;12,3;12,2;100;100;100;84;11,7;6,5;
2026/08/15;0700 UTC;,4;965,3;965,9;965,3;0;12,5;12,5;12,5;12,3;12,5;12,3;100;100;100;77;11,2;6;
2026/08/15;0800 UTC;,2;964,9;965,4;964,9;0;12,6;12,6;12,6;12,5;12,6;12,5;100;100;100;88;12,4;6,2;
2026/08/15;0900 UTC;,2;964,7;964,9;964,6;0;12,8;12,8;12,8;12,6;12,8;12,6;100;100;100;78;13,5;7,4;
2026/08/15;1000 UTC;,2;965;965;964,6;0;12,9;12,9;12,9;12,8;12,9;12,8;100;100;100;70;13,9;5,9;
2026/08/15;1100 UTC;,2;965,4;965,5;965;13,6;13,1;13,1;13,1;12,8;13,1;12,8;100;100;100;73;11,7;5,1;
2026/08/15;1200 UTC;,2;965,5;965,6;965,4;76,7;13,3;13,3;13,3;13,1;13,3;13,1;100;100;100;73;10;5;
2026/08/15;1300 UTC;,2;965,7;965,9;965,5;256,4;13,7;13,7;13,7;13,3;13,7;13,3;100;100;100;68;11,8;5;
2026/08/15;1400 UTC;0;965,6;965,9;965,6;449;14,1;14,1;14,1;13,7;14,1;13,7;100;100;100;76;10,4;6,5;
2026/08/15;1500 UTC;,2;965,2;965,7;965,2;691;14,4;14,4;14,5;14,2;14,5;14,2;100;100;100;76;11,2;6;
2026/08/15;1600 UTC;0;964;965,2;964;964,9;14,9;14,9;15;14,3;15;14,3;100;100;100;73;11,7;6,5;
2026/08/15;1700 UTC;0;963;964;963;1021,2;15,4;15,4;15,5;14,9;15,5;14,9;100;100;100;65;11,4;5,4;
2026/08/15;1800 UTC;0;962,4;963;962,2;775,8;15,8;15,6;15,8;15,4;15,6;15,3;100;98;99;62;11,6;4,9;
2026/08/15;1900 UTC;0;961,7;962,5;961,5;489,5;15,6;15,6;15,8;15,4;15,7;15,4;100;98;100;65;9,9;4,8;
2026/08/15;2000 UTC;0;961;961,7;960,9;220,4;15,2;15,2;15,6;15,2;15,6;15,2;100;100;100;70;12,6;6,3;
2026/08/15;2100 UTC;0;961,2;961,4;960,9;47,1;15,1;15,1;15,2;15,1;15,2;15,1;100;100;100;59;11;5,7;
2026/08/15;2200 UTC;0;961;961,4;961;0;15;15;15,1;15;15,1;15;100;100;100;68;12,2;6,7;
2026/08/15;2300 UTC;0;961,4;961,4;960,9;0;14,9;14,9;15;14,9;15;14,9;100;100;100;68;11,7;6,3;
2026/08/16;0000 UTC;0;961,4;961,5;961,2;0;14,7;14,7;14,9;14,7;14,9;14,7;100;100;100;66;12,3;5;
2026/08/16;0100 UTC;0;961,4;961,5;961,3;0;14,7;14,7;14,7;14,7;14,7;14,7;100;100;100;54;11,3;4,7;
2026/08/16;0200 UTC;0;961,1;961,4;961;0;14,8;14,8;14,8;14,7;14,8;14,7;100;100;100;53;10,5;5,6;
2026/08/16;0300 UTC;0;961,2;961,3;961,1;0;14,9;14,9;14,9;14,8;14,9;14,8;100;100;100;52;9,9;4,5;
2026/08/16;0400 UTC;0;960,7;961,4;960,7;0;15,3;15,3;15,3;14,9;15,3;14,9;100;100;100;35;10,2;6,3;
2026/08/16;0500 UTC;0;960,5;961,1;960,5;0;15,7;15,7;15,8;15,3;15,7;15,3;100;100;100;27;9,6;5,7;
2026/08/16;0600 UTC;,2;960;960,7;959,7;0;16,2;15,8;16,2;15,8;15,8;15,6;100;98;98;28;9,7;5,8;
2026/08/16;0700 UTC;,6;960,8;960,8;959,1;0;16;15,8;16,7;16;16,1;15,8;99;96;99;14;10,5;3,8;
2026/08/16;0800 UTC;11,8;958,8;960,8;958,6;0;16,6;16,4;16,8;15,7;16,5;15,7;100;98;99;14;13;6,6;
2026/08/16;0900 UTC;20,6;959,7;960,4;958,8;0;17,2;17,2;17,2;16,6;17,2;16,4;100;98;100;11;9,3;3,2;
2026/08/16;1000 UTC;2,6;958,5;959,7;958,1;0;16,6;16,6;17,8;16,6;17,8;16,6;100;100;100;63;11,5;5,7;
2026/08/16;1100 UTC;2,4;960,6;960,7;958,3;0;16,5;16,5;17,1;16,5;17;16,5;100;99;100;87;10,8;3,3;
2026/08/16;1200 UTC;6,6;961,1;961,4;959,7;0;16,2;16,2;16,6;16,2;16,6;16,2;100;100;100;85;12,7;5,2;
2026/08/16;1300 UTC;17;961,6;962,7;959,9;20,2;16,3;16,3;16,3;16,3;16,3;16,3;100;100;100;55;11,7;4;
2026/08/16;1400 UTC;8;961,9;962,2;961,5;24,8;16,7;16,7;16,7;16,3;16,7;16,3;100;100;100;41;11,5;6,1;
2026/08/16;1500 UTC;1,2;961,4;962;961,1;155,8;16,7;16,7;17;16,6;16,9;16,6;100;99;100;59;11,8;6,6;
2026/08/16;1600 UTC;3,6;961,2;961,8;960,9;127,8;16,5;16,5;16,7;16,5;16,7;16,5;100;100;100;52;11,8;5,4;
2026/08/16;1700 UTC;2,8;959,2;961,2;959,1;87;16,4;16,4;16,5;16,4;16,5;16,4;100;100;100;60;13,2;7,4;
2026/08/16;1800 UTC;2;959,2;959,9;958,9;69;16,6;16,6;16,6;16,4;16,6;16,4;100;100;100;72;14,4;6,7;
2026/08/16;1900 UTC;4,6;958,3;959,4;958,3;62,2;16,8;16,8;16,8;16,6;16,8;16,6;100;100;100;64;12,9;6,5;
2026/08/16;2000 UTC;,4;957,5;958,3;957,2;206,9;16,5;16,5;16,8;16,5;16,8;16,5;100;100;100;62;14,2;6,4;
2026/08/16;2100 UTC;,2;957,8;957,9;957,3;68,2;16,5;16,5;16,5;16,4;16,5;16,4;100;100;100;41;15;6,1;
2026/08/16;2200 UTC;0;957,7;957,9;957,5;,3;16,5;16,5;16,5;16,5;16,5;16,5;100;100;100;35;12,4;7;
2026/08/16;2300 UTC;0;957,9;958;957,7;0;16,7;16,7;16,7;16,5;16,7;16,5;100;100;100;25;11,6;6,1;
2026/08/17;0000 UTC;0;957,9;958,1;957,9;0;17,3;16,7;17,3;16,7;16,8;16,7;100;96;96;31;11,8;6,9;
2026/08/17;0100 UTC;0;957,7;957,9;957,7;0;17,5;16,6;17,6;17,4;16,7;16,5;96;94;95;18;11,5;6,4;
2026/08/17;0200 UTC;0;957,5;957,7;957,4;0;17,5;16,4;18;17,4;16,6;16,4;95;91;93;5;11;7,8;
2026/08/17;0300 UTC;0;957,6;957,7;957,5;0;18,2;16,5;18,2;17,3;16,5;16,3;94;90;90;360;12,1;8,4;
2026/08/17;0400 UTC;0;957,8;958;957,6;0;18,3;16,9;18,4;17,7;16,9;16,5;94;90;91;354;11,8;8,2;
2026/08/17;0500 UTC;0;957,7;958,1;957,6;0;18,7;17,3;18,7;18,2;17,3;16,9;93;91;92;353;12,6;7,7;
2026/08/17;0600 UTC;0;957,4;958;957,4;0;19;17,5;19;18,6;17,5;17,3;93;91;91;355;12,5;7,9;
2026/08/17;0700 UTC;0;957,8;958,3;957,2;0;18,3;17,5;19,1;18,2;17,6;17,5;96;91;95;336;11,6;3,9;
2026/08/17;0800 UTC;;;;;;;;;;;;;;;;;;
2026/08/17;0900 UTC;;;;;;;;;;;;;;;;;;
2026/08/17;1000 UTC;;;;;;;;;;;;;;;;;;
2026/08/17;1100 UTC;;;;;;;;;;;;;;;;;;
2026/08/17;1200 UTC;;;;;;;;;;;;;;;;;;
2026/08/17;1300 UTC;;;;;;;;;;;;;;;;;;
2026/08/17;1400 UTC;;;;;;;;;;;;;;;;;;
2026/08/17;1500 UTC;;;;;;;;;;;;;;;;;;
2026/08/17;1600 UTC;;;;;;;;;;;;;;;;;;
2026/08/17;1700 UTC;;;;;;;;;;;;;;;;;;
2026/08/17;1800 UTC;;;;;;;;;;;;;;;;;;
2026/08/17;1900 UTC;;;;;;;;;;;;;;;;;;
2026/08/17;2000 UTC;;;;;;;;;;;;;;;;;;
2026/08/17;2100 UTC;;;;;;;;;;;;;;;;;;
2026/08/17;2200 UTC;;;;;;;;;;;;;;;;;;
2026/08/17;2300 UTC;;;;;;;;;;;;;;;;;;
2026/08/18;0000 UTC;;;;;;;;;;;;;;;;;;
2026/08/18;0100 UTC;;;;;;;;;;;;;;;;;;
2026/08/18;0200 UTC;;;;;;;;;;;;;;;;;;
2026/08/18;0300 UTC;;;;;;;;;;;;;;;;;;
2026/08/18;0400 UTC;;;;;;;;;;;;;;;;;;
2026/08/18;0500 UTC;;;;;;;;;;;;;;;;;;
2026/08/18;0600 UTC;;;;;;;;;;;;;;;;;;
2026/08/18;0700 UTC;;;;;;;;;;;;;;;;;;
2026/08/18;0800 UTC;;;;;;;;;;;;;;;;;;
2026/08/18;0900 UTC;;;;;;;;;;;;;;;;;;
2026/08/18;1000 UTC;;;;;;;;;;;;;;;;;;
2026/08/18;1100 UTC;;;;;;;;;;;;;;;;;;
2026/08/18;1200 UTC;;;;;;;;;;;;;;;;;;
2026/08/18;1300 UTC;;;;;;;;;;;;;;;;;;
2026/08/18;1400 UTC;;;;;;;;;;;;;;;;;;
2026/08/18;1500 UTC;;;;;;;;;;;;;;;;;;
2026/08/18;1600 UTC;;;;;;;;;;;;;;;;;;
2026/08/18;1700 UTC;;;;;;;;;;;;;;;;;;
2026/08/18;1800 UTC;;;;;;;;;;;;;;;;;;
2026/08/18;1900 UTC;;;;;;;;;;;;;;;;;;
2026/08/18;2000 UTC;;;;;;;;;;;;;;;;;;
2026/08/18;2100 UTC;;;;;;;;;;;;;;;;;;
2026/08/18;2200 UTC;;;;;;;;;;;;;;;;;;
2026/08/18;2300 UTC;;;;;;;;;;;;;;;;;;
2026/08/19;0000 UTC;;;;;;;;;;;;;;;;;;
2026/08/19;0100 UTC;;;;;;;;;;;;;;;;;;
2026/08/19;0200 UTC;;;;;;;;;;;;;;;;;;
2026/08/19;0300 UTC;;;;;;;;;;;;;;;;;;
2026/08/19;0400 UTC;;;;;;;;;;;;;;;;;;
2026/08/19;0500 UTC;;;;;;;;;;;;;;;;;;
2026/08/19;0600 UTC;;;;;;;;;;;;;;;;;;
2026/08/19;0700 UTC;;;;;;;;;;;;;;;;;;
2026/08/19;0800 UTC;;;;;;;;;;;;;;;;;;
2026/08/19;0900 UTC;;;;;;;;;;;;;;;;;;
2026/08/19;1000 UTC;;;;;;;;;;;;;;;;;;
2026/08/19;1100 UTC;;;;;;;;;;;;;;;;;;
2026/08/19;1200 UTC;;;;;;;;;;;;;;;;;;
2026/08/19;1300 UTC;;;;;;;;;;;;;;;;;;
2026/08/19;1400 UTC;;;;;;;;;;;;;;;;;;
2026/08/19;1500 UTC;;;;;;;;;;;;;;;;;;
2026/08/19;1600 UTC;;;;;;;;;;;;;;;;;;
2026/08/19;1700 UTC;;;;;;;;;;;;;;;;;;
2026/08/19;1800 UTC;;;;;;;;;;;;;;;;;;
2026/08/19;1900 UTC;;;;;;;;;;;;;;;;;;
2026/08/19;2000 UTC;;;;;;;;;;;;;;;;;;
2026/08/19;2100 UTC;;;;;;;;;;;;;;;;;;
2026/08/19;2200 UTC;;;;;;;;;;;;;;;;;;
2026/08/19;2300 UTC;;;;;;;;;;;;;;;;;;
2026/08/20;0000 UTC;;;;;;;;;;;;;;;;;;
2026/08/20;0100 UTC;;;;;;;;;;;;;;;;;;
2026/08/20;0200 UTC;;;;;;;;;;;;;;;;;;
2026/08/20;0300 UTC;;;;;;;;;;;;;;;;;;
2026/08/20;0400 UTC;;;;;;;;;;;;;;;;;;
2026/08/20;0500 UTC;;;;;;;;;;;;;;;;;;
2026/08/20;0600 UTC;;;;;;;;;;;;;;;;;;
2026/08/20;0700 UTC;;;;;;;;;;;;;;;;;;
2026/08/20;0800 UTC;;;;;;;;;;;;;;;;;;
2026/08/20;0900 UTC;;;;;;;;;;;;;;;;;;
2026/08/20;1000 UTC;;;;;;;;;;;;;;;;;;
2026/08/20;1100 UTC;;;;;;;;;;;;;;;;;;
2026/08/20;1200 UTC;;;;;;;;;;;;;;;;;;
2026/08/20;1300 UTC;;;;;;;;;;;;;;;;;;
2026/08/20;1400 UTC;;;;;;;;;;;;;;;;;;
2026/08/20;1500 UTC;;;;;;;;;;;;;;;;;;
2026/08/20;1600 UTC;;;;;;;;;;;;;;;;;;
2026/08/20;1700 UTC;;;;;;;;;;;;;;;;;;
2026/08/20;1800 UTC;;;;;;;;;;;;;;;;;;
2026/08/20;1900 UTC;;;;;;;;;;;;;;;;;;
2026/08/20;2000 UTC;;;;;;;;;;;;;;;;;;
2026/08/20;2100 UTC;;;;;;;;;;;;;;;;;;
2026/08/20;2200 UTC;;;;;;;;;;;;;;;;;;
2026/08/20;2300 UTC;;;;;;;;;;;;;;;;;;
2026/08/21;0000 UTC;;;;;;;;;;;;;;;;;;
2026/08/21;0100 UTC;;;;;;;;;;;;;;;;;;
2026/08/21;0200 UTC;;;;;;;;;;;;;;;;;;
2026/08/21;0300 UTC;;;;;;;;;;;;;;;;;;
2026/08/21;0400 UTC;;;;;;;;;;;;;;;;;;
2026/08/21;0500 UTC;;;;;;;;;;;;;;;;;;
2026/08/21;0600 UTC;;;;;;;;;;;;;;;;;;
2026/08/21;0700 UTC;;;;;;;;;;;;;;;;;;
2026/08/21;0800 UTC;;;;;;;;;;;;;;;;;;
2026/08/21;0900 UTC;;;;;;;;;;;;;;;;;;
2026/08/21;1000 UTC;;;;;;;;;;;;;;;;;;
2026/08/21;1100 UTC;;;;;;;;;;;;;;;;;;
2026/08/21;1200 UTC;;;;;;;;;;;;;;;;;;
2026/08/21;1300 UTC;;;;;;;;;;;;;;;;;;
2026/08/21;1400 UTC;;;;;;;;;;;;;;;;;;
2026/08/21;1500 UTC;;;;;;;;;;;;;;;;;;
2026/08/21;1600 UTC;;;;;;;;;;;;;;;;;;
2026/08/21;1700 UTC;;;;;;;;;;;;;;;;;;
2026/08/21;1800 UTC;;;;;;;;;;;;;;;;;;
2026/08/21;1900 UTC;;;;;;;;;;;;;;;;;;
2026/08/21;2000 UTC;;;;;;;;;;;;;;;;;;
2026/08/21;2100 UTC;;;;;;;;;;;;;;;;;;
2026/08/21;2200 UTC;;;;;;;;;;;;;;;;;;
2026/08/21;2300 UTC;;;;;;;;;;;;;;;;;;
2026/08/22;0000 UTC;;;;;;;;;;;;;;;;;;
2026/08/22;0100 UTC;;;;;;;;;;;;;;;;;;
2026/08/22;0200 UTC;;;;;;;;;;;;;;;;;;
2026/08/22;0300 UTC;;;;;;;;;;;;;;;;;;
2026/08/22;0400 UTC;;;;;;;;;;;;;;;;;;
2026/08/22;0500 UTC;;;;;;;;;;;;;;;;;;
2026/08/22;0600 UTC;;;;;;;;;;;;;;;;;;
2026/08/22;0700 UTC;;;;;;;;;;;;;;;;;;
2026/08/22;0800 UTC;;;;;;;;;;;;;;;;;;
2026/08/22;0900 UTC;;;;;;;;;;;;;;;;;;
2026/08/22;1000 UTC;;;;;;;;;;;;;;;;;;
2026/08/22;1100 UTC;;;;;;;;;;;;;;;;;;
2026/08/22;1200 UTC;;;;;;;;;;;;;;;;;;
2026/08/22;1300 UTC;;;;;;;;;;;;;;;;;;
2026/08/22;1400 UTC;;;;;;;;;;;;;;;;;;
2026/08/22;1500 UTC;;;;;;;;;;;;;;;;;;
2026/08/22;1600 UTC;;;;;;;;;;;;;;;;;;
2026/08/22;1700 UTC;;;;;;;;;;;;;;;;;;
2026/08/22;1800 UTC;;;;;;;;;;;;;;;;;;
2026/08/22;1900 UTC;;;;;;;;;;;;;;;;;;
2026/08/22;2000 UTC;;;;;;;;;;;;;;;;;;
2026/08/22;2100 UTC;;;;;;;;;;;;;;;;;;
2026/08/22;2200 UTC;;;;;;;;;;;;;;;;;;
2026/08/22;2300 UTC;;;;;;;;;;;;;;;;;;
2026/08/23;0000 UTC;;;;;;;;;;;;;;;;;;
2026/08/23;0100 UTC;;;;;;;;;;;;;;;;;;
2026/08/23;0200 UTC;;;;;;;;;;;;;;;;;;
2026/08/23;0300 UTC;;;;;;;;;;;;;;;;;;
2026/08/23;0400 UTC;;;;;;;;;;;;;;;;;;
2026/08/23;0500 UTC;;;;;;;;;;;;;;;;;;
2026/08/23;0600 UTC;;;;;;;;;;;;;;;;;;
2026/08/23;0700 UTC;;;;;;;;;;;;;;;;;;
2026/08/23;0800 UTC;;;;;;;;;;;;;;;;;;
2026/08/23;0900 UTC;;;;;;;;;;;;;;;;;;
2026/08/23;1000 UTC;;;;;;;;;;;;;;;;;;
2026/08/23;1100 UTC;;;;;;;;;;;;;;;;;;
2026/08/23;1200 UTC;;;;;;;;;;;;;;;;;;
2026/08/23;1300 UTC;;;;;;;;;;;;;;;;;;
2026/08/23;1400 UTC;;;;;;;;;;;;;;;;;;
2026/08/23;1500 UTC;;;;;;;;;;;;;;;;;;
2026/08/23;1600 UTC;;;;;;;;;;;;;;;;;;
2026/08/23;1700 UTC;;;;;;;;;;;;;;;;;;
2026/08/23;1800 UTC;;;;;;;;;;;;;;;;;;
2026/08/23;1900 UTC;;;;;;;;;;;;;;;;;;
2026/08/23;2000 UTC;;;;;;;;;;;;;;;;;;
2026/08/23;2100 UTC;;;;;;;;;;;;;;;;;;
2026/08/23;2200 UTC;;;;;;;;;;;;;;;;;;
2026/08/23;2300 UTC;;;;;;;;;;;;;;;;;;
2026/08/24;0000 UTC;;;;;;;;;;;;;;;;;;
2026/08/24;0100 UTC;;;;;;;;;;;;;;;;;;
2026/08/24;0200 UTC;;;;;;;;;;;;;;;;;;
2026/08/24;0300 UTC;;;;;;;;;;;;;;;;;;
2026/08/24;0400 UTC;;;;;;;;;;;;;;;;;;
2026/08/24;0500 UTC;;;;;;;;;;;;;;;;;;
2026/08/24;0600 UTC;;;;;;;;;;;;;;;;;;
2026/08/24;0700 UTC;;;;;;;;;;;;;;;;;;
2026/08/24;0800 UTC;;;;;;;;;;;;;;;;;;
2026/08/24;0900 UTC;;;;;;;;;;;;;;;;;;
2026/08/24;1000 UTC;;;;;;;;;;;;;;;;;;
2026/08/24;1100 UTC;;;;;;;;;;;;;;;;;;
2026/08/24;1200 UTC;;;;;;;;;;;;;;;;;;
2026/08/24;1300 UTC;;;;;;;;;;;;;;;;;;
2026/08/24;1400 UTC;;;;;;;;;;;;;;;;;;
2026/08/24;1500 UTC;;;;;;;;;;;;;;;;;;
2026/08/24;1600 UTC;;;;;;;;;;;;;;;;;;
2026/08/24;1700 UTC;;;;;;;;;;;;;;;;;;
2026/08/24;1800 UTC;;;;;;;;;;;;;;;;;;
2026/08/24;1900 UTC;;;;;;;;;;;;;;;;;;
2026/08/24;2000 UTC;;;;;;;;;;;;;;;;;;
2026/08/24;2100 UTC;;;;;;;;;;;;;;;;;;
2026/08/24;2200 UTC;;;;;;;;;;;;;;;;;;
2026/08/24;2300 UTC;;;;;;;;;;;;;;;;;;
2026/08/25;0000 UTC;;;;;;;;;;;;;;;;;;
2026/08/25;0100 UTC;;;;;;;;;;;;;;;;;;
2026/08/25;0200 UTC;;;;;;;;;;;;;;;;;;
2026/08/25;0300 UTC;;;;;;;;;;;;;;;;;;
2026/08/25;0400 UTC;;;;;;;;;;;;;;;;;;
2026/08/25;0500 UTC;;;;;;;;;;;;;;;;;;
2026/08/25;0600 UTC;;;;;;;;;;;;;;;;;;
2026/08/25;0700 UTC;;;;;;;;;;;;;;;;;;
2026/08/25;0800 UTC;;;;;;;;;;;;;;;;;;
2026/08/25;0900 UTC;;;;;;;;;;;;;;;;;;
2026/08/25;1000 UTC;;;;;;;;;;;;;;;;;;
2026/08/25;1100 UTC;;;;;;;;;;;;;;;;;;
2026/08/25;1200 UTC;;;;;;;;;;;;;;;;;;
2026/08/25;1300 UTC;;;;;;;;;;;;;;;;;;
2026/08/25;1400 UTC;;;;;;;;;;;;;;;;;;
2026/08/25;1500 UTC;;;;;;;;;;;;;;;;;;
2026/08/25;1600 UTC;;;;;;;;;;;;;;;;;;
2026/08/25;1700 UTC;;;;;;;;;;;;;;;;;;
2026/08/25;1800 UTC;;;;;;;;;;;;;;;;;;
2026/08/25;1900 UTC;;;;;;;;;;;;;;;;;;
2026/08/25;2000 UTC;;;;;;;;;;;;;;;;;;
2026/08/25;2100 UTC;;;;;;;;;;;;;;;;;;
2026/08/25;2200 UTC;;;;;;;;;;;;;;;;;;
2026/08/25;2300 UTC;;;;;;;;;;;;;;;;;;
2026/08/26;0000 UTC;;;;;;;;;;;;;;;;;;
2026/08/26;0100 UTC;;;;;;;;;;;;;;;;;;
2026/08/26;0200 UTC;;;;;;;;;;;;;;;;;;
2026/08/26;0300 UTC;;;;;;;;;;;;;;;;;;
2026/08/26;0400 UTC;;;;;;;;;;;;;;;;;;
2026/08/26;0500 UTC;;;;;;;;;;;;;;;;;;
2026/08/26;0600 UTC;;;;;;;;;;;;;;;;;;
2026/08/26;0700 UTC;;;;;;;;;;;;;;;;;;
2026/08/26;0800 UTC;;;;;;;;;;;;;;;;;;
2026/08/26;0900 UTC;;;;;;;;;;;;;;;;;;
2026/08/26;1000 UTC;;;;;;;;;;;;;;;;;;
2026/08/26;1100 UTC;;;;;;;;;;;;;;;;;;
2026/08/26;1200 UTC;;;;;;;;;;;;;;;;;;
2026/08/26;1300 UTC;;;;;;;;;;;;;;;;;;
2026/08/26;1400 UTC;;;;;;;;;;;;;;;;;;
2026/08/26;1500 UTC;;;;;;;;;;;;;;;;;;
2026/08/26;1600 UTC;;;;;;;;;;;;;;;;;;
2026/08/26;1700 UTC;;;;;;;;;;;;;;;;;;
2026/08/26;1800 UTC;;;;;;;;;;;;;;;;;;
2026/08/26;1900 UTC;;;;;;;;;;;;;;;;;;
2026/08/26;2000 UTC;;;;;;;;;;;;;;;;;;
2026/08/26;2100 UTC;;;;;;;;;;;;;;;;;;
2026/08/26;2200 UTC;;;;;;;;;;;;;;;;;;
2026/08/26;2300 UTC;;;;;;;;;;;;;;;;;;
2026/08/27;0000 UTC;;;;;;;;;;;;;;;;;;
2026/08/27;0100 UTC;;;;;;;;;;;;;;;;;;
2026/08/27;0200 UTC;;;;;;;;;;;;;;;;;;
2026/08/27;0300 UTC;;;;;;;;;;;;;;;;;;
2026/08/27;0400 UTC;;;;;;;;;;;;;;;;;;
2026/08/27;0500 UTC;;;;;;;;;;;;;;;;;;
2026/08/27;0600 UTC;;;;;;;;;;;;;;;;;;
2026/08/27;0700 UTC;;;;;;;;;;;;;;;;;;
2026/08/27;0800 UTC;;;;;;;;;;;;;;;;;;
2026/08/27;0900 UTC;;;;;;;;;;;;;;;;;;
2026/08/27;1000 UTC;;;;;;;;;;;;;;;;;;
2026/08/27;1100 UTC;;;;;;;;;;;;;;;;;;
2026/08/27;1200 UTC;;;;;;;;;;;;;;;;;;
2026/08/27;1300 UTC;;;;;;;;;;;;;;;;;;
2026/08/27;1400 UTC;;;;;;;;;;;;;;;;;;
2026/08/27;1500 UTC;;;;;;;;;;;;;;;;;;
2026/08/27;1600 UTC;;;;;;;;;;;;;;;;;;
2026/08/27;1700 UTC;;;;;;;;;;;;;;;;;;
2026/08/27;1800 UTC;;;;;;;;;;;;;;;;;;
2026/08/27;1900 UTC;;;;;;;;;;;;;;;;;;
2026/08/27;2000 UTC;;;;;;;;;;;;;;;;;;
2026/08/27;2100 UTC;;;;;;;;;;;;;;;;;;
2026/08/27;2200 UTC;;;;;;;;;;;;;;;;;;
2026/08/27;2300 UTC;;;;;;;;;;;;;;;;;;
2026/08/28;0000 UTC;;;;;;;;;;;;;;;;;;
2026/08/28;0100 UTC;;;;;;;;;;;;;;;;;;
2026/08/28;0200 UTC;;;;;;;;;;;;;;;;;;
2026/08/28;0300 UTC;;;;;;;;;;;;;;;;;;
2026/08/28;0400 UTC;;;;;;;;;;;;;;;;;;
2026/08/28;0500 UTC;;;;;;;;;;;;;;;;;;
2026/08/28;0600 UTC;;;;;;;;;;;;;;;;;;
2026/08/28;0700 UTC;;;;;;;;;;;;;;;;;;
2026/08/28;0800 UTC;;;;;;;;;;;;;;;;;;
2026/08/28;0900 UTC;;;;;;;;;;;;;;;;;;
2026/08/28;1000 UTC;;;;;;;;;;;;;;;;;;
2026/08/28;1100 UTC;;;;;;;;;;;;;;;;;;
2026/08/28;1200 UTC;;;;;;;;;;;;;;;;;;
2026/08/28;1300 UTC;;;;;;;;;;;;;;;;;;
2026/08/28;1400 UTC;;;;;;;;;;;;;;;;;;
2026/08/28;1500 UTC;;;;;;;;;;;;;;;;;;
2026/08/28;1600 UTC;;;;;;;;;;;;;;;;;;
2026/08/28;1700 UTC;;;;;;;;;;;;;;;;;;
2026/08/28;1800 UTC;;;;;;;;;;;;;;;;;;
2026/08/28;1900 UTC;;;;;;;;;;;;;;;;;;
2026/08/28;2000 UTC;;;;;;;;;;;;;;;;;;
2026/08/28;2100 UTC;;;;;;;;;;;;;;;;;;
2026/08/28;2200 UTC;;;;;;;;;;;;;;;;;;
2026/08/28;2300 UTC;;;;;;;;;;;;;;;;;;
2026/08/29;0000 UTC;;;;;;;;;;;;;;;;;;
2026/08/29;0100 UTC;;;;;;;;;;;;;;;;;;
2026/08/29;0200 UTC;;;;;;;;;;;;;;;;;;
2026/08/29;0300 UTC;;;;;;;;;;;;;;;;;;
2026/08/29;0400 UTC;;;;;;;;;;;;;;;;;;
2026/08/29;0500 UTC;;;;;;;;;;;;;;;;;;
2026/08/29;0600 UTC;;;;;;;;;;;;;;;;;;
2026/08/29;0700 UTC;;;;;;;;;;;;;;;;;;
2026/08/29;0800 UTC;;;;;;;;;;;;;;;;;;
2026/08/29;0900 UTC;;;;;;;;;;;;;;;;;;
2026/08/29;1000 UTC;;;;;;;;;;;;;;;;;;
2026/08/29;1100 UTC;;;;;;;;;;;;;;;;;;
2026/08/29;1200 UTC;;;;;;;;;;;;;;;;;;
2026/08/29;1300 UTC;;;;;;;;;;;;;;;;;;
2026/08/29;1400 UTC;;;;;;;;;;;;;;;;;;
2026/08/29;1500 UTC;;;;;;;;;;;;;;;;;;
2026/08/29;1600 UTC;;;;;;;;;;;;;;;;;;
2026/08/29;1700 UTC;;;;;;;;;;;;;;;;;;
2026/08/29;1800 UTC;;;;;;;;;;;;;;;;;;
2026/08/29;1900 UTC;;;;;;;;;;;;;;;;;;
2026/08/29;2000 UTC;;;;;;;;;;;;;;;;;;
2026/08/29;2100 UTC;;;;;;;;;;;;;;;;;;
2026/08/29;2200 UTC;;;;;;;;;;;;;;;;;;
2026/08/29;2300 UTC;;;;;;;;;;;;;;;;;;
2026/08/30;0000 UTC;;;;;;;;;;;;;;;;;;
2026/08/30;0100 UTC;;;;;;;;;;;;;;;;;;
2026/08/30;0200 UTC;;;;;;;;;;;;;;;;;;
2026/08/30;0300 UTC;;;;;;;;;;;;;;;;;;
2026/08/30;0400 UTC;;;;;;;;;;;;;;;;;;
2026/08/30;0500 UTC;;;;;;;;;;;;;;;;;;
2026/08/30;0600 UTC;;;;;;;;;;;;;;;;;;
2026/08/30;0700 UTC;;;;;;;;;;;;;;;;;;
2026/08/30;0800 UTC;;;;;;;;;;;;;;;;;;
2026/08/30;0900 UTC;;;;;;;;;;;;;;;;;;
2026/08/30;1000 UTC;;;;;;;;;;;;;;;;;;
2026/08/30;1100 UTC;;;;;;;;;;;;;;;;;;
2026/08/30;1200 UTC;;;;;;;;;;;;;;;;;;
2026/08/30;1300 UTC;;;;;;;;;;;;;;;;;;
2026/08/30;1400 UTC;;;;;;;;;;;;;;;;;;
2026/08/30;1500 UTC;;;;;;;;;;;;;;;;;;
2026/08/30;1600 UTC;;;;;;;;;;;;;;;;;;
2026/08/30;1700 UTC;;;;;;;;;;;;;;;;;;
2026/08/30;1800 UTC;;;;;;;;;;;;;;;;;;
2026/08/30;1900 UTC;;;;;;;;;;;;;;;;;;
2026/08/30;2000 UTC;;;;;;;;;;;;;;;;;;
2026/08/30;2100 UTC;;;;;;;;;;;;;;;;;;
2026/08/30;2200 UTC;;;;;;;;;;;;;;;;;;
2026/08/30;2300 UTC;;;;;;;;;;;;;;;;;;
2026/08/31;0000 UTC;;;;;;;;;;;;;;;;;;
2026/08/31;0100 UTC;;;;;;;;;;;;;;;;;;
2026/08/31;0200 UTC;;;;;;;;;;;;;;;;;;
2026/08/31;0300 UTC;;;;;;;;;;;;;;;;;;
2026/08/31;0400 UTC;;;;;;;;;;;;;;;;;;
2026/08/31;0500 UTC;;;;;;;;;;;;;;;;;;
2026/08/31;0600 UTC;;;;;;;;;;;;;;;;;;
2026/08/31;0700 UTC;;;;;;;;;;;;;;;;;;
2026/08/31;0800 UTC;;;;;;;;;;;;;;;;;;
2026/08/31;0900 UTC;;;;;;;;;;;;;;;;;;
2026/08/31;1000 UTC;;;;;;;;;;;;;;;;;;
2026/08/31;1100 UTC;;;;;;;;;;;;;;;;;;
2026/08/31;1200 UTC;;;;;;;;;;;;;;;;;;
2026/08/31;1300 UTC;;;;;;;;;;;;;;;;;;
2026/08/31;1400 UTC;;;;;;;;;;;;;;;;;;
2026/08/31;1500 UTC;;;;;;;;;;;;;;;;;;
2026/08/31;1600 UTC;;;;;;;;;;;;;;;;;;
2026/08/31;1700 UTC;;;;;;;;;;;;;;;;;;
2026/08/31;1800 UTC;;;;;;;;;;;;;;;;;;
2026/08/31;1900 UTC;;;;;;;;;;;;;;;;;;
2026/08/31;2000 UTC;;;;;;;;;;;;;;;;;;
2026/08/31;2100 UTC;;;;;;;;;;;;;;;;;;
2026/08/31;2200 UTC;;;;;;;;;;;;;;;;;;
2026/08/31;2300 UTC;;;;;;;;;;;;;;;;;;
