REGIAO:;S
UF:;RS
ESTACAO:;CAPAO DO LEAO (PELOTAS)
CODIGO (WMO):;A887
LATITUDE:;-31,8025
LONGITUDE:;-52,40722222
ALTITUDE:;13
DATA DE FUNDACAO:;18/07/19
Data;Hora UTC;PRECIPITAÇÃO TOTAL, HORÁRIO (mm);PRESSAO ATMOSFERICA AO NIVEL DA ESTACAO, HORARIA (mB);PRESSÃO ATMOSFERICA MAX.NA HORA ANT. (AUT) (mB);PRESSÃO ATMOSFERICA MIN. NA HORA ANT. (AUT) (mB);RADIACAO GLOBAL (Kj/m²);TEMPERATURA DO AR - BULBO SECO, HORARIA (°C);TEMPERATURA DO PONTO DE ORVALHO (°C);TEMPERATURA MÁXIMA NA HORA ANT. (AUT) (°C);TEMPERATURA MÍNIMA NA HORA ANT. (AUT) (°C);TEMPERATURA ORVALHO MAX. NA HORA ANT. (AUT) (°C);TEMPERATURA ORVALHO MIN. NA HORA ANT. (AUT) (°C);UMIDADE REL. MAX. NA HORA ANT. (AUT) (%);UMIDADE REL. MIN. NA HORA ANT. (AUT) (%);UMIDADE RELATIVA DO AR, HORARIA (%);VENTO, DIREÇÃO HORARIA (gr) (° (gr));VENTO, RAJADA MAXIMA (m/s);VENTO, VELOCIDADE HORARIA (m/s);
2026/01/01;0000 UTC;0;1008,6;1008,6;1008,6;0;25,1;24,1;25,1;25,1;24,1;24,1;95;95;95;;;;
2026/01/01;0100 UTC;0;1008,7;1008,8;1008,6;0;25,3;24;25,5;25,1;24,2;23,6;95;91;94;;;;
2026/01/01;0200 UTC;0;1008,8;1008,9;1008,5;0;24,8;23,4;25,3;24,1;23,8;23,1;95;91;93;;;;
2026/01/01;0300 UTC;0;1008,5;1008,6;1008,4;0;23,9;23,1;24,1;23,7;23,3;23;97;95;96;;;;
2026/01/01;0400 UTC;0;1008,2;1008,4;1007,8;0;23,6;23;23,8;23,3;23,1;22,8;99;96;97;;;;
2026/01/01;0500 UTC;0;1007,3;1007,8;1006,7;0;23,2;23;23,4;22,9;23,1;22,8;100;98;99;;;;
2026/01/01;0600 UTC;0;1006,3;1006,6;1006,1;0;22,7;22,7;23;22,5;22,9;22,5;100;99;100;;;;
2026/01/01;0700 UTC;0;1005,8;1006,2;1005,5;0;22,2;22,3;22,5;21,9;22,5;21,9;100;100;100;;;;
2026/01/01;0800 UTC;0;1005,8;1006;1005,6;0;22,3;22,3;22,4;22;22,4;22,1;100;100;100;;;;
2026/01/01;0900 UTC;0;1006,2;1006,5;1005,9;27,7;21,4;21,4;22;20,6;22;20,6;100;100;100;;;;
2026/01/01;1000 UTC;0;1006,8;1007,3;1006,5;266,4;22,2;22,2;22,5;21,8;22,6;21,8;100;100;100;;;;
2026/01/01;1100 UTC;0;1007,1;1007,3;1007;1168;22,4;22,1;23,5;21,9;22,6;21,8;100;93;98;285;3,2;1,8;
2026/01/01;1200 UTC;0;1006,8;1007,2;1006,4;2117,8;24,8;22,1;25,9;23,7;22,7;21,4;95;78;87;;;;
2026/01/01;1300 UTC;0;1006,2;1006,5;1006;2970,1;26,9;21,9;28,5;25,7;22,7;21,3;82;68;75;;;;
2026/01/01;1400 UTC;0;1006,5;1006,8;1006,2;3524,6;29,5;22,2;30,6;28,5;23,4;21,2;69;54;63;;;;
2026/01/01;1500 UTC;0;1006;1006,3;1005,7;3856,4;31,5;21,9;32,3;30,3;22,8;20,4;62;45;52;;;;
2026/01/01;1600 UTC;0;1005,4;1005,7;1004,9;3938,1;32,3;22,5;33;31,8;23,6;21,7;58;44;51;;;;
2026/01/01;1700 UTC;0;1004,5;1004,8;1004,2;3749,4;33,4;22,4;33,9;32,6;23,7;21,1;52;39;45;;;;
2026/01/01;1800 UTC;0;1003,9;1004,2;1003,6;3437,8;34,3;23;34,7;33,6;24,1;22;49;38;43;;;;
2026/01/01;1900 UTC;0;1003,1;1003,1;1003,1;2522;33,2;23,9;33,2;33,2;23,9;23,9;53;53;53;;;;
2026/01/01;2000 UTC;0;1003,4;1003,4;1003,4;290,9;29,2;22,7;29,2;29,2;22,7;22,7;68;68;68;;;;
2026/01/01;2100 UTC;0;1005;1005;1005;304,1;26,1;22,6;26,1;26,1;22,6;22,6;83;83;83;;;;
2026/01/01;2200 UTC;0;1006,1;1006,1;1006,1;34,7;24,8;21,5;24,8;24,8;21,5;21,5;83;83;83;;;;
2026/01/01;2300 UTC;0;1005,7;1005,7;1005,7;0;24;21,2;24;24;21,2;21,2;86;86;86;;;;
2026/01/02;0000 UTC;0;1006,6;1006,6;1006,6;0;23,3;21,7;23,3;23,3;21,7;21,7;92;92;92;;;;
2026/01/02;0100 UTC;0;1006,5;1006,9;1006,3;0;23,1;21,7;23,4;22,8;22;21,4;94;91;93;;;;
2026/01/02;0200 UTC;0;1006,8;1006,9;1006,7;0;22,3;21,1;22,7;22;21,5;20,5;94;92;94;;;;
2026/01/02;0300 UTC;0;1007;1007,2;1006,9;0;21,6;20,2;22;21,4;20,5;19,8;94;92;93;260;2,1;1,2;
2026/01/02;0400 UTC;0;1006,9;1007,2;1006,5;0;21,3;19,9;21,6;20,9;20,1;19,8;95;91;93;223;2,8;1,9;
2026/01/02;0500 UTC;0;1006,3;1006,6;1005,9;0;20,9;19,9;21;20,7;20;19,7;96;95;95;218;3,5;2;
2026/01/02;0600 UTC;0;1005,8;1006;1005,4;0;20,6;19,8;20,9;20,2;20;19,5;96;95;96;213;2,9;2;
2026/01/02;0700 UTC;0;1005,2;1005,4;1004,9;0;19,9;19,3;20,2;19,7;19,5;19,1;98;96;97;251;1,4;1;
2026/01/02;0800 UTC;0;1005;1005,4;1004,8;0;19,5;18,9;19,7;19,3;19,2;18,7;98;97;97;242;2,3;1,6;
2026/01/02;0900 UTC;0;1005,6;1005,8;1005,3;46;19,3;18,9;19,6;19;19,4;18,5;99;97;98;237;3,1;2,2;
2026/01/02;1000 UTC;0;1006,1;1006,3;1005,8;581,2;20,2;19,4;21,1;19,6;19,7;19,3;99;92;96;257;3,3;2,2;
2026/01/02;1100 UTC;0;1006,6;1007;1006,3;1439,4;22,1;19,8;23;21,1;20,3;19,2;93;83;89;234;3,1;2;
2026/01/02;1200 UTC;0;1007;1007,1;1006,9;1692,3;23,4;19,9;24;23,1;20,5;19,4;86;79;82;;;;
2026/01/02;1300 UTC;0;1006,7;1006,9;1006,6;2796,9;24,7;19,7;25,6;23,7;20,5;18,5;82;66;75;;;;
2026/01/02;1400 UTC;0;1006,7;1006,8;1006,6;3533,4;26,5;18,7;27,2;25,6;19,8;17,3;68;52;61;;;;
2026/01/02;1500 UTC;0;1006,3;1006,7;1006;3865,8;27,4;19,1;28,2;26,8;20,2;17,6;66;53;58;;;;
2026/01/02;1600 UTC;0;1005,7;1006;1005,4;3986,9;28,4;18,7;28,9;27,8;19,9;17,6;59;45;52;;;;
2026/01/02;1700 UTC;0;1005,3;1005,6;1005;3447,3;28,7;18,4;29,5;27,7;19,8;17,4;55;43;48;;;;
2026/01/02;1800 UTC;0;1004,5;1005;1004,1;2089,9;27,8;18,6;28,7;27,2;20,1;17,4;59;48;54;;;;
2026/01/02;1900 UTC;0;1003,9;1004,4;1003,5;2444;27,9;19,4;28,6;27,2;20,7;18,4;63;53;57;;;;
2026/01/02;2000 UTC;0;1003;1003,6;1002,5;2056,1;27,9;19;28,3;27,6;19,6;18,3;59;52;55;;;;
2026/01/02;2100 UTC;0;1002,2;1002,2;1002,2;973,4;27,6;18,7;27,6;27,6;18,7;18,7;55;55;55;;;;
2026/01/02;2200 UTC;0;1001,6;1001,6;1001,6;229,1;26,6;18,9;26,6;26,6;18,9;18,9;62;62;62;;;;
2026/01/02;2300 UTC;0;1002,2;1002,2;1002,2;0;23,7;19,3;23,7;23,7;19,3;19,3;78;78;78;;;;
2026/01/03;0000 UTC;0;1003,4;1003,4;1003,4;0;22;18,2;22;22;18,2;18,2;81;81;81;186;2,1;1,7;
2026/01/03;0100 UTC;0;1003,5;1003,7;1003,4;0;21,5;17,8;21,9;21,3;18,3;17,5;84;79;81;176;1,9;1;
2026/01/03;0200 UTC;0;1003,8;1003,9;1003,6;0;21,3;18,1;21,4;21,2;18,6;17,7;86;83;84;201;2,7;1,5;
2026/01/03;0300 UTC;0;1003,5;1003,7;1003,3;0;21,3;18,6;21,4;21,2;18,9;18,1;88;84;86;209;2,2;1,4;
2026/01/03;0400 UTC;0;1002,8;1003,3;1002,2;0;20,7;18,7;21,1;20,3;19;18,4;91;88;90;256;1,2;,7;
2026/01/03;0500 UTC;0;1002,1;1002,3;1001,8;0;20;18,1;20,3;19,7;18,7;18;93;89;91;283;1,6;1,2;
2026/01/03;0600 UTC;0;1001,9;1002,1;1001,7;0;19,6;18;19,7;19,3;18,3;17,8;94;91;92;230;4,9;3,3;
2026/01/03;0700 UTC;0;1002,1;1002,2;1002,1;0;19,3;18,2;19,4;19,1;18,4;18;95;94;95;257;4,1;2,4;
2026/01/03;0800 UTC;0;1002,2;1002,4;1002;0;18,9;17,9;19,1;18,8;18,1;17,6;96;94;95;271;3,1;2;
2026/01/03;0900 UTC;0;1002,4;1002,6;1002,3;40,6;18,7;17,5;18,9;18,6;17,6;17,2;94;92;94;280;3;1,6;
2026/01/03;1000 UTC;0;1002,8;1003,2;1002,6;495,4;19,7;17,3;21;18,8;17,9;17;92;83;88;261;5,7;3,2;
2026/01/03;1100 UTC;0;1003,7;1004,5;1003,1;1293,8;21,9;16,7;22,5;21;17,7;15,8;84;67;74;241;13,9;8,3;
2026/01/03;1200 UTC;0;1005,6;1006,5;1004,6;1626,7;20,9;14,1;22,6;20;15,3;13,5;71;57;66;215;15,6;9,9;
2026/01/03;1300 UTC;0;1007,4;1008,3;1006,4;1086,2;19,6;13,5;20,1;19,1;14,3;12,3;73;64;70;215;13,2;7,9;
2026/01/03;1400 UTC;0;1008,7;1009,3;1008,2;2055,6;19,9;12,1;20,4;19,5;13;11;66;55;61;214;13,6;8,8;
2026/01/03;1500 UTC;0;1009,7;1010,3;1009;3016;20,6;11,2;21,5;20;12,8;10,1;58;46;53;214;14,3;8,9;
2026/01/03;1600 UTC;0;1010,6;1011;1010,2;3472,4;20,7;10,2;21,4;20,1;11,7;9,4;53;42;47;209;12,6;8,4;
2026/01/03;1700 UTC;0;1011,2;1011,6;1010,4;3624,1;21,1;10,2;21,7;20,5;11;9,4;50;41;45;215;13,2;7,4;
2026/01/03;1800 UTC;0;1011,5;1011,6;1011,1;3114,9;21,3;10,8;22,1;20,8;12,4;9,6;54;42;47;206;12,2;7,2;
2026/01/03;1900 UTC;0;1011,5;1011,7;1011;2615,8;21,3;10,8;21,8;20,4;11,4;10;52;45;47;211;12;7,7;
2026/01/03;2000 UTC;0;1011,5;1011,7;1011,3;1943,5;21,2;10,4;21,7;20,5;11,7;9,7;51;41;46;216;11,7;6,9;
2026/01/03;2100 UTC;0;1011,7;1012;1011,4;1295,8;20,8;10,1;21,2;20,2;10,7;9,1;50;42;46;194;10,7;6,2;
2026/01/03;2200 UTC;0;1012,1;1012,3;1011,8;616,4;19,9;10,1;20,6;19;10,7;9,5;57;46;51;191;6,7;4,2;
2026/01/03;2300 UTC;0;1012,6;1012,8;1012,3;64,9;17,6;10,1;18,9;16,2;10,4;9,7;70;54;62;195;4;2,4;
2026/01/04;0000 UTC;0;1013,2;1013,4;1012,8;0;15,5;10;16,1;15,2;10,6;9,3;75;70;72;192;4,1;2,7;
2026/01/04;0100 UTC;0;1013,7;1013,9;1013,5;0;14,6;9,6;15,2;13,8;10;9,4;79;72;75;241;2,2;1,2;
2026/01/04;0200 UTC;0;1014,1;1014,3;1013,8;0;13,8;9,7;14,1;13,6;10,5;9,4;82;78;80;257;1,9;1,1;
2026/01/04;0300 UTC;0;1014,4;1014,6;1014,2;0;13,4;9,8;13,7;13,1;10,1;9,6;85;80;82;248;3,7;2,4;
2026/01/04;0400 UTC;0;1014,2;1014,4;1014;0;14;9,8;14,3;13,5;10,1;9,6;81;77;79;246;5;2,9;
2026/01/04;0500 UTC;0;1014;1014,2;1013,8;0;14,1;9,9;14,4;13,9;10,1;9,6;80;76;79;245;6,6;3,8;
2026/01/04;0600 UTC;0;1013,9;1014;1013,8;0;13,8;9,1;14,1;13,4;9,7;8,6;78;75;77;238;7,6;4,4;
2026/01/04;0700 UTC;0;1014,2;1014,4;1014;0;13,6;8,3;13,7;13,1;8,8;8,2;76;72;74;249;7,8;4,1;
2026/01/04;0800 UTC;0;1014,5;1014,7;1014,3;0;12,7;8,4;13;12,5;8,6;8,1;81;76;78;253;6,1;3,9;
2026/01/04;0900 UTC;0;1014,7;1014,9;1014,5;38,5;12,5;8,3;12,8;12,3;8,4;8;80;76;79;255;5,9;3,9;
2026/01/04;1000 UTC;0;1015,1;1015,2;1014,9;508,6;13,7;8,2;14,9;12,6;8,5;8;78;67;72;255;8,6;4,9;
2026/01/04;1100 UTC;0;1015,5;1016;1015,1;1348,4;15,9;8,4;16,7;15;8,9;8,2;68;59;63;247;11,1;6,5;
2026/01/04;1200 UTC;0;1016,3;1016,4;1015,9;2279,8;17,5;9,2;18,8;16,7;10,2;8,5;63;56;59;236;10,7;6,6;
2026/01/04;1300 UTC;0;1016,5;1016,8;1016,2;3053,9;18,8;8,9;19,3;18,2;9,7;8,3;56;46;50;237;11,2;8;
2026/01/04;1400 UTC;0;1016,7;1016,9;1016,3;3630,1;19,9;9,6;20,6;19;10,4;8,6;52;44;49;222;12,2;7,6;
2026/01/04;1500 UTC;0;1016,7;1016,9;1016,4;3499,5;20,7;9,5;21,5;19,9;10,6;8,6;49;40;44;227;11,6;7,3;
2026/01/04;1600 UTC;0;1016,8;1016,9;1016,5;2790,3;20,9;9,7;21,6;20,3;11;9;48;40;44;219;11,6;7,2;
2026/01/04;1700 UTC;0;1016,7;1016,9;1016,4;3317,4;21,5;10,6;22,2;20,8;11,9;9,6;50;40;46;210;11,8;7,1;
2026/01/04;1800 UTC;0;1016,9;1017;1016,7;2756,4;21,5;10,4;22,1;20,8;11,4;9,5;50;41;45;214;10,4;7,4;
2026/01/04;1900 UTC;0;1016,6;1016,9;1016,3;2466,9;22,2;10,6;23;21,5;11,7;9,8;45;39;42;214;9,9;5,7;
2026/01/04;2000 UTC;0;1016,4;1016,5;1016,2;1504,4;22;10,8;23;21,4;11,5;10;49;38;44;217;7,6;4,6;
2026/01/04;2100 UTC;0;1016,4;1016,7;1016,2;983,3;21,8;11,3;22,4;21;11,9;10,7;53;43;48;198;6,4;4,3;
2026/01/04;2200 UTC;0;1016,9;1017,1;1016,6;357,3;20,4;11,8;21;19,9;12,2;11,3;62;53;57;180;6,6;3,6;
2026/01/04;2300 UTC;0;1017,4;1017,7;1017,1;73,1;18,5;12,8;19,9;17,1;13,1;12,3;79;62;72;186;3,9;2,2;
2026/01/05;0000 UTC;0;1018;1018,3;1017,7;0;16,3;12,5;17,2;15,9;13;12;83;78;81;215;3,9;2;
2026/01/05;0100 UTC;0;1018,7;1019;1018,3;0;15,3;12,2;15,9;14,9;12,4;12;87;81;84;241;1,2;,8;
2026/01/05;0200 UTC;0;1019;1019,1;1019;0;15,3;11,4;15,6;14,9;12,1;10,7;86;78;80;214;3,9;2,4;
2026/01/05;0300 UTC;0;1018,9;1019,1;1018,8;0;14,8;10,5;15,2;14,2;10,8;10,2;80;76;79;236;4,8;2,5;
2026/01/05;0400 UTC;0;1018,7;1018,9;1018,5;0;13,9;9,8;14,2;13,8;10,2;9,4;81;78;79;251;2,9;2,1;
2026/01/05;0500 UTC;0;1018,2;1018,5;1017,9;0;13,7;9,7;14;13,5;10,2;9,3;83;77;80;263;3;1,8;
2026/01/05;0600 UTC;0;1017,8;1017,9;1017,7;0;13,2;10,3;13,6;12,6;10,6;9,8;90;82;85;257;2,6;1,8;
2026/01/05;0700 UTC;0;1017,7;1017,8;1017,7;0;13,2;10,4;13,4;12,9;10,8;10;88;84;86;258;2,6;1,8;
2026/01/05;0800 UTC;0;1018;1018,4;1017,7;0;12,6;10,1;13,2;12,2;10,4;9,7;90;85;87;252;3,5;2,4;
2026/01/05;0900 UTC;0;1018,5;1018,7;1018,3;33,6;12,5;9,8;12,8;12,2;9,9;9,6;88;85;86;259;3,1;2;
2026/01/05;1000 UTC;0;1019,1;1019,4;1018,6;478,8;14;10,3;15;12,9;10,9;9,9;85;78;82;250;4,1;2,7;
2026/01/05;1100 UTC;0;1019,5;1019,7;1019,3;1321,3;16,4;11,3;17,4;15;11,9;10,8;80;69;75;238;3,9;3;
2026/01/05;1200 UTC;0;1019,8;1020;1019,6;2269,6;18,5;11,7;19,2;17,5;12,5;11,1;73;60;66;258;3,9;1,9;
2026/01/05;1300 UTC;0;1019,9;1020;1019,8;3093,4;19,9;11,7;20,7;19,3;12,5;11,1;63;55;59;98;3,1;1,4;
2026/01/05;1400 UTC;0;1020;1020,1;1019,9;3616,5;21;11,8;21,5;20,6;12,9;10,5;60;48;54;157;4,4;1,4;
2026/01/05;1500 UTC;0;1019,7;1020;1019,5;3964,4;22;12,2;22,7;21,4;13,5;11,1;57;47;51;111;4,6;2,3;
2026/01/05;1600 UTC;0;1019,2;1019,6;1018,9;4086,6;22,8;13,3;23,5;22,1;14,6;12,4;58;48;52;122;7;2,9;
2026/01/05;1700 UTC;0;1018,7;1019;1018,5;3899,8;23,3;13,7;23,8;22,8;14,7;12,8;56;48;52;85;6,4;3,8;
2026/01/05;1800 UTC;0;1018,4;1018,6;1018,2;3603,1;23,9;13,9;24,3;23,4;14,9;13,2;55;46;50;107;6,4;4,1;
2026/01/05;1900 UTC;0;1018;1018,3;1017,7;3047;24,1;12,8;24,4;23,8;14,1;11,9;50;38;44;96;6,7;4,1;
2026/01/05;2000 UTC;0;1017,4;1017,8;1017;2181,2;24,1;11,9;24,4;23,7;12,7;11,3;43;35;39;75;7;4,4;
2026/01/05;2100 UTC;0;1016,9;1017;1016,8;1390,7;23,5;11,9;23,9;23;12,8;11;48;36;42;89;7;4,1;
2026/01/05;2200 UTC;0;1017;1017,1;1016,8;605,9;22,2;13,8;23;21,3;14,5;11,9;65;45;58;85;7;4,3;
2026/01/05;2300 UTC;0;1017,1;1017,2;1017;71,8;20,2;14,5;21,2;19,3;14,8;14,2;77;65;71;88;5,2;3,1;
2026/01/06;0000 UTC;0;1017,2;1017,3;1017;0;18,8;14,6;19,3;18,4;14,8;14,5;81;77;79;92;5,4;2,8;
2026/01/06;0100 UTC;0;1017,5;1017,7;1017,3;0;18,2;14,9;18,5;18,1;15;14,6;85;81;83;82;3,8;2,1;
2026/01/06;0200 UTC;0;1017,6;1017,7;1017,5;0;18,2;14,6;18,5;18;14,9;14,2;84;79;82;66;4,8;2,6;
2026/01/06;0300 UTC;0;1017,3;1017,5;1017;0;18,5;14,2;19;18,2;14,3;14,2;80;76;78;63;5,4;3,3;
2026/01/06;0400 UTC;0;1016,7;1017;1016,4;0;18,4;14,3;19;17,4;14,6;14,2;85;76;80;94;3,6;2;
2026/01/06;0500 UTC;0;1016,1;1016,4;1015,8;0;17;14,5;17,4;16,8;14,6;14,3;89;85;87;22;3,4;2,4;
2026/01/06;0600 UTC;0;1015,6;1015,8;1015,5;0;16,5;14,1;16,9;16,4;14,3;14;89;87;88;22;3;2,3;
2026/01/06;0700 UTC;0;1015,3;1015,4;1015,2;0;16,4;14,1;16,5;16,3;14,2;14;89;88;88;22;2,4;1,8;
2026/01/06;0800 UTC;0;1015,3;1015,4;1015,2;0;16,1;14,1;16,5;15,8;14,2;13,9;92;88;90;22;2,1;1,5;
2026/01/06;0900 UTC;0;1015,5;1015,7;1015,3;34;15,3;14,1;15,8;15;14,4;13,7;96;91;94;100;1,3;,8;
2026/01/06;1000 UTC;0;1015,8;1016;1015,7;514,5;17,2;14,6;18,8;15,3;15,1;14,1;95;80;87;2;1,7;,9;
2026/01/06;1100 UTC;0;1016;1016,1;1015,9;1276,6;20,3;15,4;21,9;18,9;16,4;14,7;80;72;75;41;4,2;2,3;
2026/01/06;1200 UTC;0;1015,8;1015,9;1015,6;2192,1;23,1;16,7;24,2;21,9;17,5;16;72;64;68;46;9,3;5,5;
2026/01/06;1300 UTC;0;1015,5;1015,7;1015,5;2961,4;24,8;17,3;25,6;23,9;18;16,8;67;58;63;52;8;4,9;
2026/01/06;1400 UTC;0;1015,1;1015,6;1014,8;3361,7;25,7;17,6;26,3;24,9;18,4;16,7;62;57;60;42;8;4,6;
2026/01/06;1500 UTC;0;1014,6;1014,9;1014,2;3989,2;26,6;17,9;27,5;26;19,1;17,3;62;52;57;49;6,6;4,2;
2026/01/06;1600 UTC;0;1013,9;1014,2;1013,5;3989,8;27,6;18,2;27,9;27;18,8;17,6;57;50;53;50;8,4;5,1;
2026/01/06;1700 UTC;0;1013,1;1013,5;1012,8;3755,8;28,1;19,1;28,5;27,7;20,3;18,2;60;51;55;60;7,2;4,5;
2026/01/06;1800 UTC;0;1012,4;1012,8;1011,9;3457,6;27,7;19,8;28,3;27,2;20,6;19;64;55;61;91;10,7;6,8;
2026/01/06;1900 UTC;0;1011,7;1012;1011,2;2981,1;27,6;19,4;27,9;27,2;19,9;18,9;63;56;59;85;9;6,2;
2026/01/06;2000 UTC;0;1011,1;1011,4;1010,8;2086,6;27,7;19,2;28,1;27,5;19,6;18,8;60;54;57;75;8,7;5,4;
2026/01/06;2100 UTC;0;1010,7;1010,8;1010,6;1284,7;27,4;18,6;27,8;26,9;19,4;17,7;58;54;56;57;8,1;5,4;
2026/01/06;2200 UTC;0;1010,6;1010,7;1010,6;540;26,1;18,2;26,8;25,3;19,3;17,2;70;53;60;61;8,6;4,6;
2026/01/06;2300 UTC;0;1010,7;1010,8;1010,5;69,3;24,7;19,4;25,3;24,1;19,7;19,1;78;70;74;54;7,9;5;
2026/01/07;0000 UTC;0;1011;1011,2;1010,8;0;23,9;19,9;24,2;23,4;20,1;19,6;83;77;80;31;6,9;4,4;
2026/01/07;0100 UTC;0;1011,3;1011,4;1011,1;0;23;19,7;23,3;22,6;20;19,5;84;83;84;25;5,9;3,8;
2026/01/07;0200 UTC;0;1011,4;1011,5;1011,3;0;22,4;19,6;22,6;22;19,7;19,4;88;84;86;35;5,6;3;
2026/01/07;0300 UTC;0;1011,3;1011,4;1011,1;0;21,8;19,8;22,1;21,5;19,9;19,7;92;88;90;32;4,5;2,9;
2026/01/07;0400 UTC;0;1011;1011,1;1010,7;0;21,2;19,8;21,5;21;19,8;19,7;94;91;93;30;4,8;2,7;
2026/01/07;0500 UTC;0;1010,6;1010,7;1010,4;0;20,6;19,6;20,9;20,5;19,7;19,5;96;93;95;22;3,5;2,7;
2026/01/07;0600 UTC;0;1010,3;1010,4;1010,3;0;20,3;19,5;20,5;20,1;19,7;19,4;97;95;96;26;3,4;2,3;
2026/01/07;0700 UTC;0;1010,3;1010,4;1010,1;0;20,1;19,6;20,3;19,8;19,7;19,3;97;97;97;29;1,7;1,2;
2026/01/07;0800 UTC;0;1010,4;1010,6;1010,3;0;19,7;19,4;19,9;19,4;19,5;19,1;99;98;98;273;1,2;,6;
2026/01/07;0900 UTC;0;1010,9;1011,4;1010,6;39,5;19,1;18,9;19,5;18,8;19,3;18,5;99;98;99;212;,9;,6;
2026/01/07;1000 UTC;0;1011,3;1011,4;1011,2;426,4;20,1;19,4;21;19,2;20;18,9;99;93;97;38;1,5;1,1;
2026/01/07;1100 UTC;0;1011,7;1012;1011,4;1118,7;22,7;20,2;24,9;21;20,9;19,5;94;77;87;60;2;1;
2026/01/07;1200 UTC;0;1011,8;1012;1011,7;1757,7;25,7;20,6;27,1;24,6;21,5;19,7;78;70;75;57;3;1,5;
2026/01/07;1300 UTC;0;1011,6;1011,7;1011,3;2849,4;29;21,3;30,5;27,1;22;20,5;72;55;62;134;4,1;2,1;
2026/01/07;1400 UTC;0;1011,2;1011,4;1011,1;2785,6;31,2;22,1;32;30,1;23,3;21,2;60;48;54;232;5,9;2,6;
2026/01/07;1500 UTC;0;1010,7;1011,2;1010,2;3153,5;32,8;22,4;33,7;31;23,2;21,8;57;43;48;285;8,3;4,2;
2026/01/07;1600 UTC;0;1009,9;1010,3;1009,6;1754,8;32,4;21,8;33,5;31,6;22,5;21,1;55;42;47;241;7,3;4,8;
2026/01/07;1700 UTC;0;1009,9;1010;1009,7;1952,1;31,3;21,5;32,8;30,5;22,6;20,6;57;44;51;;;;
2026/01/07;1800 UTC;,8;1010,2;1010,7;1009,7;719;29,6;21,3;32,4;24,4;22,3;20,6;86;44;59;284;7,2;4,4;
2026/01/07;1900 UTC;1,2;1010,7;1010,9;1010,5;985,6;24,6;20,4;25,8;24,1;22,4;18,5;90;72;79;160;3,5;1,3;
2026/01/07;2000 UTC;0;1010,9;1011,2;1010,5;579,4;26,1;20,9;26,4;25,9;22;19,9;79;68;74;224;13,1;3,9;
2026/01/07;2100 UTC;0;1011,4;1011,4;1011,4;128,1;24,5;16,6;24,5;24,5;16,6;16,6;60;60;60;243;5,4;4,1;
2026/01/07;2200 UTC;0;1010,8;1010,8;1010,8;33,4;23,4;17;23,4;23,4;17;17;68;68;68;244;,9;,5;
2026/01/07;2300 UTC;0;1011,8;1011,8;1011,8;0;22,7;17,2;22,7;22,7;17,2;17,2;72;72;72;24;2,1;1,6;
2026/01/08;0000 UTC;0;1012,9;1012,9;1012,9;0;21,7;18,4;21,7;21,7;18,4;18,4;84;84;84;206;1,7;1,4;
2026/01/08;0100 UTC;;;;;;;;;;;;;;;;;;
2026/01/08;0200 UTC;0;1013,7;1014;1013,1;0;20,6;17,9;21;20,3;18,2;17,5;88;85;86;241;3,8;1,7;
2026/01/08;0300 UTC;0;1013,9;1014;1013,8;0;20,9;17,7;21,3;20,5;18,2;17,4;86;81;84;252;4,2;3,3;
2026/01/08;0400 UTC;0;1013,7;1013,9;1013,7;0;20,6;17,6;20,8;20,4;18,2;17,2;89;83;85;237;4,5;3;
2026/01/08;0500 UTC;0;1014;1014,1;1013,8;0;20,4;18,7;20,5;20,2;18,9;18,2;93;89;92;225;3,9;2,8;
2026/01/08;0600 UTC;0;1013,9;1014;1013,8;0;20,1;18,9;20,4;20;19,1;18,8;95;93;94;220;4,8;3,1;
2026/01/08;0700 UTC;0;1014;1014,2;1013,9;0;20,1;18,9;20,4;19,9;19,1;18,6;95;93;94;211;4,2;2,2;
2026/01/08;0800 UTC;0;1014,4;1014,8;1014,2;0;19,9;18,2;20;19,8;18,6;18;93;91;91;223;3,6;2,1;
2026/01/08;0900 UTC;0;1015;1015,2;1014,8;12;19,8;18;19,8;19,7;18,2;17,9;92;91;91;195;1,9;1,2;
2026/01/08;1000 UTC;0;1015,6;1015,9;1015,2;232,7;20,1;18,1;20,6;19,9;18,4;17,8;92;88;90;225;4;3,1;
2026/01/08;1100 UTC;0;1016,3;1016,6;1015,9;880,3;21,2;18,5;22,3;20,6;19,3;18,2;89;83;87;231;4;2,5;
2026/01/08;1200 UTC;0;1016,8;1016,9;1016,6;1246,9;22,7;19,4;23,3;22,2;19,9;18,7;87;79;83;168;5;2,6;
2026/01/08;1300 UTC;0;1016,9;1017;1016,8;2164,2;24;19,4;24,7;23,4;20,3;18,9;84;72;77;139;7;3,9;
2026/01/08;1400 UTC;0;1016,9;1017,2;1016,6;3488,6;24,9;19,6;25,4;24,3;20,3;18,9;77;69;73;145;7,7;4,6;
2026/01/08;1500 UTC;0;1016,6;1016,8;1016,5;2478,6;25,2;19,1;25,9;24,7;19,9;18,3;72;66;70;135;7,5;3,9;
2026/01/08;1600 UTC;0;1016,7;1016,7;1016,5;1540,4;24,2;19,5;25;23,5;20,3;18,6;80;68;77;133;6,7;4;
2026/01/08;1700 UTC;0;1016,5;1016,7;1016,2;2085,5;24,7;19,3;25,3;24,2;19,8;18,9;76;69;73;116;9,3;5,4;
2026/01/08;1800 UTC;0;1016,2;1016,3;1016,1;1243,9;24;19,2;24,9;23,3;19,6;18,8;80;71;76;126;8;4,8;
2026/01/08;1900 UTC;0;1016;1016,2;1015,8;1234,9;23,9;19,2;24,3;23,2;19,6;18,9;80;75;77;122;7,3;4,3;
2026/01/08;2000 UTC;0;1016,1;1016,2;1015,9;594,2;23,7;19;24,3;23,1;19,3;18,6;79;74;77;124;6,7;4;
2026/01/08;2100 UTC;0;1015,7;1015,9;1015,4;515,7;23,1;18,9;23,4;22,8;19,3;18,7;81;76;79;122;8,9;4,4;
2026/01/08;2200 UTC;0;1016;1016,3;1015,7;123,9;22,6;18,8;23;22,3;19;18,5;83;79;81;114;8,7;3,9;
2026/01/08;2300 UTC;0;1016,7;1017,1;1016,2;6,6;21,8;19,1;22,3;21,2;19,5;18,8;91;82;87;106;5,7;3,8;
2026/01/09;0000 UTC;0;1017,3;1017,7;1017;0;21,4;19,1;21,5;21,3;19,2;18,9;89;88;89;108;5,3;3,2;
2026/01/09;0100 UTC;0;1017,9;1018;1017,6;0;21,4;19,1;21,5;21,3;19,2;18,8;89;87;88;107;7,8;4,4;
2026/01/09;0200 UTC;0;1017,6;1017,9;1017,3;0;21,4;18,9;21,5;21,4;19,1;18,7;89;86;88;102;6,5;4,1;
2026/01/09;0300 UTC;,2;1017,7;1017,8;1017,3;0;21,3;19;21,6;20,8;19,3;18,8;92;86;89;99;6,1;3,8;
2026/01/09;0400 UTC;0;1017,1;1017,3;1016,9;0;21;19;21,1;20,8;19,3;18,7;91;89;90;97;4,8;3;
2026/01/09;0500 UTC;0;1016,7;1017;1016,3;0;21;19,6;21,2;20,8;19,8;19,4;94;91;93;104;5;3,1;
2026/01/09;0600 UTC;0;1016,3;1016,4;1016,1;0;20,7;19,3;20,8;20,6;19,5;19,2;94;93;93;96;4,5;2,7;
2026/01/09;0700 UTC;0;1015,9;1016,1;1015,5;0;21,1;19,4;21,2;20,8;19,5;19,2;93;91;92;109;6,3;3,7;
2026/01/09;0800 UTC;,2;1015,1;1015,5;1014,7;0;21,2;19,3;21,3;21,2;19,4;19,2;91;90;90;98;7;4,4;
2026/01/09;0900 UTC;0;1015,8;1016,2;1015,5;7,2;21,3;19,4;21,4;21,2;19,6;19,3;92;90;90;101;7,5;3,7;
2026/01/09;1000 UTC;0;1016,4;1016,7;1015,9;137,1;21,6;19,5;22;21,2;19,6;19,4;91;87;89;98;7,9;4,9;
2026/01/09;1100 UTC;0;1016,6;1017;1015,9;333,9;22,3;19,4;22,4;22;19,6;19,3;87;84;86;102;8;5,4;
2026/01/09;1200 UTC;0;1016,8;1017;1016,7;334;22,6;19,6;22,8;22,4;19,8;19,4;86;83;85;99;8,6;4,7;
2026/01/09;1300 UTC;0;1016,8;1016,9;1016,6;284,6;22,7;19,7;22,8;22,3;20,2;19,5;89;83;85;107;6,6;3,7;
2026/01/09;1400 UTC;0;1016,6;1016,9;1016,4;398,6;22,7;19,9;23;22,2;20,2;19,7;90;84;86;102;9,7;6,1;
2026/01/09;1500 UTC;0;1016,5;1016,8;1016,2;569,5;22,7;20,1;23,1;22;20,3;19,9;91;84;87;111;9,6;5,7;
2026/01/09;1600 UTC;0;1016,1;1016,4;1015,8;599,1;22,7;20,2;23,3;22,2;20,5;19,8;92;83;88;109;9,4;2,1;
2026/01/09;1700 UTC;0;1015,5;1015,8;1015,1;651,3;23;20,3;23,4;22,8;20,5;20;88;84;86;102;9,5;5,9;
2026/01/09;1800 UTC;0;1015;1015,3;1014,6;455,8;23,4;20,3;23,5;23,3;20,5;20,1;85;84;84;103;10,1;6,1;
2026/01/09;1900 UTC;0;1014,3;1014,7;1013,8;721,2;24;20,7;24,4;23,5;21;20,3;85;82;84;93;11,4;6,6;
2026/01/09;2000 UTC;0;1013,5;1013,9;1013;637,6;24,3;21,2;24,4;24,1;21,4;20,8;86;83;84;93;9,3;6,1;
2026/01/09;2100 UTC;0;1012,7;1013,1;1012,3;317,4;24;21,4;24,2;23,8;21,5;21,3;88;85;87;94;10,8;5,4;
2026/01/09;2200 UTC;0;1012,6;1012,9;1012,3;65,6;23,7;21,5;23,8;23,6;21,8;21,4;91;88;89;89;11,1;5,6;
2026/01/09;2300 UTC;0;1012,2;1012,6;1011,7;2,2;23,6;22,1;23,6;23,5;22,3;21,7;93;91;93;90;8,2;4,9;
2026/01/10;0000 UTC;,4;1012,1;1013,2;1011,4;0;23,6;22,3;23,7;23,4;22,5;22,2;95;92;94;83;6,8;4,4;
2026/01/10;0100 UTC;3,3;1013,1;1013,5;1012,8;0;23,3;22,6;23,4;23,2;22,7;22,5;98;96;97;75;10,1;5,6;
2026/01/10;0200 UTC;4,3;1013;1013,7;1012,5;0;23,1;22,8;23,2;23;22,9;22,7;99;98;98;74;9,2;5;
2026/01/10;0300 UTC;0;1011,6;1012,6;1010,1;0;23,5;23;23,7;23,2;23,1;22,8;99;96;97;72;12,6;7,1;
2026/01/10;0400 UTC;0;1009,3;1010,1;1008,6;,7;23;21,8;23,6;21,5;22,9;19,9;97;88;94;34;13,4;7,7;
2026/01/10;0500 UTC;,2;1009,9;1010,6;1009;0;21,4;20,3;21,6;21,3;20,6;20,1;96;93;94;42;8,9;5,4;
2026/01/10;0600 UTC;0;1008,5;1009,1;1007,9;0;21,4;20,6;21,4;21,3;20,7;20,4;96;95;96;37;9,3;6;
2026/01/10;0700 UTC;0;1007,5;1007,9;1007,3;0;21,5;20,3;21,6;21,4;20,5;19,9;96;92;94;31;7,8;4,3;
2026/01/10;0800 UTC;0;1007,4;1007,5;1007,1;0;21,5;19,9;21,6;21,5;20;19,8;93;91;92;31;7,9;4,3;
2026/01/10;0900 UTC;0;1007,1;1007,4;1006,9;12;21,6;20;21,6;21,5;20;19,9;93;92;92;24;7,6;4,5;
2026/01/10;1000 UTC;0;1007,2;1007,4;1007;297,7;22,1;20,4;22,5;21,6;20,7;20;92;91;91;41;6,3;3,6;
2026/01/10;1100 UTC;0;1007,9;1008,2;1007,5;668,1;22,8;20,8;23,6;22,4;21,4;20,6;92;85;90;204;3,5;1,8;
2026/01/10;1200 UTC;0;1008;1008,2;1007,8;1763,5;24,5;21;25,7;23,6;21,5;20,6;88;77;82;161;6,2;3,3;
2026/01/10;1300 UTC;0;1007,7;1007,9;1007,2;2348,6;26,3;21,3;27,3;25,7;22,1;20,8;79;70;75;303;7,5;3,9;
2026/01/10;1400 UTC;0;1007,1;1007,4;1006,7;2954,5;27,8;21,5;28,4;27,2;22,2;21,1;71;64;68;;;;
2026/01/10;1500 UTC;0;1006,5;1006,7;1006,3;1740,6;28,1;21,6;29;27,7;22,1;21,2;71;64;67;;;;
2026/01/10;1600 UTC;0;1005,8;1006,3;1005,5;3644,4;29,9;22,1;30,8;29,2;23,4;21,1;65;56;61;;;;
2026/01/10;1700 UTC;0;1005,3;1005,6;1005;3097,3;30,6;22,2;31,1;30,1;22,8;21,7;62;55;58;;;;
2026/01/10;1800 UTC;0;1004,7;1005,1;1004,4;2623,4;31,2;22,5;31,7;30,8;23,2;21,9;60;54;57;;;;
2026/01/10;1900 UTC;0;1004,2;1004,5;1004;1721,6;31,4;22,1;32,1;31;22,7;21,5;57;50;53;;;;
2026/01/10;2000 UTC;0;1003,8;1004;1003,6;1231,6;31;21,5;32;30,4;22,1;21,1;57;50;53;;;;
2026/01/10;2100 UTC;0;1003,4;1003,4;1003,4;633,6;29,3;21;29,3;29,3;21;21;58;58;58;;;;
2026/01/10;2200 UTC;0;1003,6;1003,6;1003,6;175,5;28,3;20,5;28,3;28,3;20,5;20,5;61;61;61;;;;
2026/01/10;2300 UTC;0;1004,7;1004,7;1004,7;0;27,2;19,7;27,2;27,2;19,7;19,7;62;62;62;;;;
2026/01/11;0000 UTC;0;1005,2;1005,5;1004,7;,1;26,5;19,8;27,2;25,3;20,1;19,6;74;62;67;;;;
2026/01/11;0100 UTC;0;1005,7;1006;1005,4;0;24,6;19,9;25,1;24,3;20,2;19,5;79;74;77;;;;
2026/01/11;0200 UTC;0;1006;1006,2;1005,8;0;24,5;19,5;24,7;24,1;19,8;19,3;77;74;75;;;;
2026/01/11;0300 UTC;0;1005,8;1006,1;1005,7;0;23,2;19,5;24,1;22,6;19,6;19,2;84;77;81;259;3,6;2;
2026/01/11;0400 UTC;0;1005,6;1005,7;1005,4;0;22,4;19,2;22,7;22,1;19,6;18,9;85;83;84;313;2,4;1,5;
2026/01/11;0500 UTC;1,6;1005,5;1005,8;1005;0;21,4;19,1;22,4;20,5;19,6;18,7;94;82;89;295;5;2,7;
2026/01/11;0600 UTC;0;1004,8;1005;1004,6;0;20,4;18,6;20,6;20,2;19;18,3;93;89;91;299;3,8;2,1;
2026/01/11;0700 UTC;0;1004,5;1004,6;1004,3;0;20,1;18,4;20,4;19,6;18,6;17,9;94;90;92;224;4,7;3,1;
2026/01/11;0800 UTC;0;1004,8;1005,2;1004,6;0;19,1;17,5;19,6;18,5;17,8;17,1;94;91;92;236;2,9;1,7;
2026/01/11;0900 UTC;0;1005,7;1006,2;1005,2;19,8;18,1;16,1;18,6;17,9;17,1;15,2;93;84;90;258;4,4;1,9;
2026/01/11;1000 UTC;0;1006,4;1006,8;1006,1;461;18,9;15,2;19,2;18,4;15,5;15;85;80;82;290;6,3;3,7;
2026/01/11;1100 UTC;0;1007,2;1007,3;1006,8;1255,3;19,9;15,6;20,7;19,2;16,3;15,2;81;75;79;285;6,2;2,9;
2026/01/11;1200 UTC;0;1007,2;1007,3;1007;2116,1;21,7;16,3;22,8;20,7;17,2;15,7;79;67;73;296;7,5;3,8;
2026/01/11;1300 UTC;0;1007;1007,2;1006,8;2937,2;23,4;17;24,5;22,5;18,2;16,2;73;63;68;299;7,1;3,1;
2026/01/11;1400 UTC;0;1006,8;1006,9;1006,5;3606,7;25,2;17,4;25,8;24,6;18,3;16,7;67;58;61;269;9,7;4,8;
2026/01/11;1500 UTC;0;1006,7;1006,8;1006,5;3890;26,1;18,3;26,8;25,5;19,5;17,4;65;58;61;311;8,4;4,3;
2026/01/11;1600 UTC;0;1006,6;1006,7;1006,4;3995,9;26,7;18,6;27,2;26,2;19,3;17,8;64;57;60;297;8,5;4,3;
2026/01/11;1700 UTC;0;1006,7;1006,9;1006,5;2670,6;26,7;19;27,5;25,7;19,9;18,4;66;56;61;265;9,6;5,4;
2026/01/11;1800 UTC;0;1006,7;1006,9;1006,4;2439,5;26;18,7;26,6;25,6;19,3;18,3;66;60;64;271;9,7;5,6;
2026/01/11;1900 UTC;0;1006,5;1006,7;1006,2;2160,3;26,2;18,5;26,9;25,6;19,1;18,1;65;59;62;294;7,7;4,5;
2026/01/11;2000 UTC;0;1006,3;1006,4;1006,1;1372,6;25,1;19,2;25,9;23,8;20,1;18,4;80;63;71;252;8,1;4,1;
2026/01/11;2100 UTC;0;1006,2;1006,3;1006,1;1362,9;25,9;19;26,5;24,5;19,5;18,5;73;62;65;;;;
2026/01/11;2200 UTC;0;1006,5;1006,6;1006,3;490,7;25,8;19,2;26,3;25,2;19,5;19;70;64;67;;;;
2026/01/11;2300 UTC;3,7;1006,9;1007,2;1006,5;19,4;23,4;20,4;25,2;22,2;21,3;19,2;93;70;85;221;5,9;2,9;
2026/01/12;0000 UTC;0;1008;1008;1008;0;21,5;20,3;21,5;21,5;20,3;20,3;94;94;94;269;1;,6;
2026/01/12;0100 UTC;0;1008,4;1008,7;1008,1;0;21,5;20,3;21,8;21,4;20,5;20;95;92;94;230;2,5;1,4;
2026/01/12;0200 UTC;0;1008,9;1009,1;1008,6;0;21,7;20,4;21,9;21,5;20,6;20;95;91;94;220;2;1,3;
2026/01/12;0300 UTC;0;1009,1;1009,2;1009;0;21,6;20,3;21,8;21,4;20,7;19,6;95;91;93;227;2,9;2;
2026/01/12;0400 UTC;0;1009,2;1009,2;1009,1;0;21,3;20,1;21,4;21,2;20,3;19,7;95;91;94;233;2,4;1,6;
2026/01/12;0500 UTC;0;1009;1009,2;1008,9;0;21,2;20;21,3;21,1;20,2;19,8;94;92;94;244;3,8;2,1;
2026/01/12;0600 UTC;0;1009;1009,1;1008,9;0;20,8;19,6;21,2;20,3;19,9;19,2;95;93;94;242;4,3;2,7;
2026/01/12;0700 UTC;0;1009,1;1009,2;1008,9;0;19,9;18,8;20,3;19,6;19,2;18,7;96;94;95;253;2,8;2;
2026/01/12;0800 UTC;0;1009,1;1009,3;1009;0;19,5;18,8;19,8;19,3;19;18,6;97;95;96;254;2,9;1,9;
2026/01/12;0900 UTC;0;1009,7;1010;1009,3;28,6;19,4;18,8;19,7;19,3;19;18,7;97;96;97;257;3,3;2,1;
2026/01/12;1000 UTC;0;1010,6;1011;1010;506,5;20,3;19,1;21,2;19,7;19,7;18,9;96;91;94;261;4;2,5;
2026/01/12;1100 UTC;0;1011,3;1011,6;1011;934,6;21,7;19,8;22;21,3;20,1;19,3;92;87;90;242;5,3;2,7;
2026/01/12;1200 UTC;0;1011,7;1012;1011,5;1681,5;22,6;19,7;23;21,9;20,5;19,4;91;82;86;250;4,8;3,2;
2026/01/12;1300 UTC;0;1012,1;1012,1;1012;1312;23,3;19,2;23,9;23;20;18,6;84;76;80;248;4;2,4;
2026/01/12;1400 UTC;0;1012,2;1012,2;1012,1;1063,3;23,2;19,6;23,9;22,4;20,2;18,8;88;76;82;247;4,1;2,3;
2026/01/12;1500 UTC;0;1012,1;1012,2;1011,9;1908,7;23,8;20,1;24,8;23;21;19,2;89;73;81;224;3,1;1,4;
2026/01/12;1600 UTC;1;1011,7;1011,9;1011,6;1108,5;24,3;20,1;25;23,3;20,6;19,4;86;73;79;188;2,5;1,7;
2026/01/12;1700 UTC;,2;1011,6;1011,7;1011,5;829,5;23;21,1;23,5;22,3;21,8;20,2;96;84;91;109;5,1;2,7;
2026/01/12;1800 UTC;0;1011,3;1011,5;1011,2;1770,9;24,1;20,9;25;23,3;21,6;19,9;91;78;84;226;5,2;3,6;
2026/01/12;1900 UTC;,2;1011,2;1011,3;1011,1;1059,9;23,2;21,3;24,4;22,5;21,9;20,7;96;83;91;219;4,8;2,9;
2026/01/12;2000 UTC;,8;1010,9;1011,1;1010,8;722,9;22,5;21,4;22,7;21,9;21,9;20,8;97;92;95;;;;
2026/01/12;2100 UTC;1,2;1010,9;1011,1;1010,8;383;22,1;21,6;22,3;21,9;21,9;21,2;98;96;97;;;;
2026/01/12;2200 UTC;,2;1010,9;1011,1;1010,9;219,9;22,1;21,4;22,4;21,8;21,7;21;98;95;96;;;;
2026/01/12;2300 UTC;0;1011,1;1011,2;1010,9;30,5;22,1;21,3;22,3;22;21,6;21,1;97;95;96;;;;
2026/01/13;0000 UTC;0;1011,4;1011,7;1011,1;0;21,9;21,4;22;21,9;21,7;21,2;98;97;98;;;;
2026/01/13;0100 UTC;0;1012;1012,2;1011,7;0;21,9;21,6;21,9;21,9;21,6;21,5;98;98;98;;;;
2026/01/13;0200 UTC;0;1012,3;1012,3;1012,1;0;21,8;21,5;21,9;21,8;21,6;21,4;99;98;98;;;;
2026/01/13;0300 UTC;0;1012;1012,2;1011,8;0;21,6;21,4;21,8;21,4;21,6;21,2;99;99;99;247;,9;,6;
2026/01/13;0400 UTC;0;1011,4;1011,7;1011,2;0;21,5;21,4;21,5;21,4;21,5;21,3;100;99;100;;;;
2026/01/13;0500 UTC;0;1010,9;1011,2;1010,7;0;21,4;21,3;21,5;21,1;21,5;21,1;100;100;100;;;;
2026/01/13;0600 UTC;0;1010,7;1010,8;1010,6;0;21,4;21,4;21,4;21,2;21,5;21,2;100;100;100;;;;
2026/01/13;0700 UTC;0;1010,4;1010,6;1010,1;0;21,2;21,2;21,4;21,1;21,5;21,1;100;100;100;;;;
2026/01/13;0800 UTC;0;1010,3;1010,6;1010,1;0;21,1;21;21,2;20,9;21,1;20,9;100;100;100;;;;
2026/01/13;0900 UTC;0;1010,9;1011,2;1010,6;11,8;20,6;20,6;21;20,3;20,9;20,3;100;100;100;242;,8;,6;
2026/01/13;1000 UTC;0;1011,3;1011,7;1011,1;525,8;21,1;21;21,8;20,4;21,6;20,3;100;98;99;234;2;1,4;
2026/01/13;1100 UTC;0;1012;1012,3;1011,6;1451,2;22,8;21,7;24;21,7;22,3;21,3;99;90;95;243;2,2;1,4;
2026/01/13;1200 UTC;0;1012,5;1012,8;1012,3;2444;25,1;21,5;26,5;24;22,4;20,5;90;71;82;;;;
2026/01/13;1300 UTC;0;1013;1013,1;1012,9;3149,9;26,8;20,5;27,2;26,3;21,5;19,5;75;62;68;;;;
2026/01/13;1400 UTC;0;1012,8;1012,9;1012,7;2946,8;27,7;20,5;28,1;27,1;21,3;19,7;70;60;64;;;;
2026/01/13;1500 UTC;0;1012,7;1012,9;1012,5;2487,4;28;20,5;28,8;27,5;21,4;19,9;67;60;63;;;;
2026/01/13;1600 UTC;0;1012,4;1012,6;1012,2;3638,3;28,9;21,3;29,6;28,1;22,5;20,2;71;58;62;;;;
2026/01/13;1700 UTC;0;1012;1012,1;1011,8;2015;28,9;21,6;29,9;28;22,9;20,9;68;58;63;;;;
2026/01/13;1800 UTC;0;1011,5;1011,8;1011,2;1993,7;29;21,8;30;28,5;22,7;21,1;66;60;64;;;;
2026/01/13;1900 UTC;0;1011,1;1011,3;1010,9;1673;29,3;21,7;30;29;23;21,2;66;59;62;;;;
2026/01/13;2000 UTC;0;1010,7;1010,7;1010,7;2082,2;27,2;22,3;27,2;27,2;22,3;22,3;76;76;76;;;;
2026/01/13;2100 UTC;0;1010,8;1010,8;1010,8;313;27,1;22,1;27,1;27,1;22,1;22,1;75;75;75;;;;
2026/01/13;2200 UTC;0;1010,8;1010,8;1010,8;238,6;26,5;22;26,5;26,5;22;22;78;78;78;;;;
2026/01/13;2300 UTC;0;1011,6;1011,6;1011,6;0;24,8;21,9;24,8;24,8;21,9;21,9;86;86;86;;;;
2026/01/14;0000 UTC;0;1012,3;1012,3;1012,3;0;24,1;21,8;24,1;24,1;21,8;21,8;88;88;88;;;;
2026/01/14;0100 UTC;0;1012,7;1012,9;1012,2;0;24,1;22;24,1;24;22,2;21,8;90;89;90;;;;
2026/01/14;0200 UTC;0;1012,8;1012,9;1012,7;0;23,7;22,3;24;23,5;22,4;22,1;94;91;93;;;;
2026/01/14;0300 UTC;0;1012,8;1012,9;1012,6;0;23,5;22,5;23,6;23,4;22,8;22,4;96;94;95;;;;
2026/01/14;0400 UTC;0;1012,5;1012,6;1012,2;0;23,2;22,5;23,4;23,1;22,6;22,4;97;96;96;;;;
2026/01/14;0500 UTC;0;1011,9;1012,3;1011,6;0;23,2;21,9;23,3;23;22,5;21,5;97;91;94;;;;
2026/01/14;0600 UTC;0;1011,6;1011,7;1011,4;0;22,8;21,3;23,1;22,3;21,5;21,1;95;91;93;;;;
2026/01/14;0700 UTC;0;1011,5;1011,6;1011,4;0;22,2;21,6;22,3;22,1;21,7;21,4;98;95;97;;;;
2026/01/14;0800 UTC;0;1011,6;1011,8;1011,4;0;22,2;21,7;22,2;22,1;21,9;21,6;98;98;98;;;;
2026/01/14;0900 UTC;0;1011,8;1011,9;1011,7;13,6;22,1;21,8;22,3;21,9;22,1;21,6;99;98;99;;;;
2026/01/14;1000 UTC;0;1012,1;1012,4;1011,8;427,3;22,8;22,2;23,6;21,9;22,6;21,7;99;94;97;;;;
2026/01/14;1100 UTC;0;1012,9;1013,3;1012,4;1205,2;24,6;22,7;25,5;23,6;23,2;22,2;95;86;90;;;;
2026/01/14;1200 UTC;0;1013,4;1013,4;1013,3;2066,7;26;22,8;26,8;25;23,6;22,1;90;78;84;;;;
2026/01/14;1300 UTC;0;1013,3;1013,3;1013,2;2804,1;27,1;23,2;27,6;26,8;23,9;22,7;84;76;80;;;;
2026/01/14;1400 UTC;0;1013,2;1013,3;1013;3387;28,5;23,4;29,6;27,5;24,4;22,6;82;68;75;;;;
2026/01/14;1500 UTC;0;1012,8;1013,1;1012,5;3833,7;29,7;23,7;30,2;29,3;25;22,6;77;63;70;;;;
2026/01/14;1600 UTC;0;1012,3;1012,5;1012,2;3494,1;30,7;23;31,3;29,9;24,5;22;67;55;62;;;;
2026/01/14;1700 UTC;0;1012,1;1012,1;1012,1;532,8;28,2;22,5;28,2;28,2;22,5;22,5;71;71;71;;;;
2026/01/14;1800 UTC;0;1011,3;1011,3;1011,3;826,1;26,8;22,3;26,8;26,8;22,3;22,3;77;77;77;;;;
2026/01/14;1900 UTC;0;1011,3;1011,3;1011,3;2402,6;27,5;24,1;27,5;27,5;24,1;24,1;83;83;83;;;;
2026/01/14;2000 UTC;0;1010,8;1010,8;1010,8;761,4;27,8;24,1;27,8;27,8;24,1;24,1;81;81;81;;;;
2026/01/14;2100 UTC;0;1010,9;1010,9;1010,9;729,6;27,7;23,8;27,7;27,7;23,8;23,8;80;80;80;;;;
2026/01/14;2200 UTC;0;1011,2;1011,2;1011,2;65,2;26,4;23,2;26,4;26,4;23,2;23,2;84;84;84;;;;
2026/01/14;2300 UTC;0;1010,8;1010,8;1010,8;0;25,6;23,5;25,6;25,6;23,5;23,5;89;89;89;;;;
2026/01/15;0000 UTC;0;1011,3;1011,3;1011,3;0;25,1;23,2;25,1;25,1;23,2;23,2;91;91;91;;;;
2026/01/15;0100 UTC;0;1011,7;1011,7;1011,7;0;24,8;23,4;24,8;24,8;23,4;23,4;93;93;93;;;;
2026/01/15;0200 UTC;,4;1011,8;1011,8;1011,8;3,4;25,3;24;25,3;25,3;24;24;94;94;94;;;;
2026/01/15;0300 UTC;0;1011,5;1011,5;1011,5;0;24,8;23,8;24,8;24,8;23,8;23,8;95;95;95;;;;
2026/01/15;0400 UTC;0;1011;1011;1011;0;25,4;24,2;25,4;25,4;24,2;24,2;94;94;94;;;;
2026/01/15;0500 UTC;0;1010,6;1010,6;1010,6;0;24,7;23,8;24,7;24,7;23,8;23,8;95;95;95;;;;
2026/01/15;0600 UTC;0;1010,3;1010,3;1010,3;0;24,1;23,6;24,1;24,1;23,6;23,6;97;97;97;;;;
2026/01/15;0700 UTC;0;1010;1010;1010;0;23,8;23,4;23,8;23,8;23,4;23,4;98;98;98;;;;
2026/01/15;0800 UTC;0;1010,2;1010,2;1010,2;0;23,3;23;23,3;23,3;23;23;98;98;98;;;;
2026/01/15;0900 UTC;0;1010,7;1010,7;1010,7;248;23,5;23,1;23,5;23,5;23,1;23,1;98;98;98;;;;
2026/01/15;1000 UTC;0;1011,1;1011,1;1011,1;1115;25,2;23,8;25,2;25,2;23,8;23,8;93;93;93;;;;
2026/01/15;1100 UTC;0;1011,3;1011,3;1011,3;764,1;26,2;23;26,2;26,2;23;23;84;84;84;;;;
2026/01/15;1200 UTC;0;1011,2;1011,2;1011,2;2405,3;28,6;23,1;28,6;28,6;23,1;23,1;73;73;73;;;;
2026/01/15;1300 UTC;0;1011,3;1011,3;1011,3;3058,5;30,4;23,5;30,4;30,4;23,5;23,5;65;65;65;;;;
2026/01/15;1400 UTC;0;1011,4;1011,4;1011,4;3886,5;32,5;24,2;32,5;32,5;24,2;24,2;59;59;59;;;;
2026/01/15;1500 UTC;0;1010,8;1010,8;1010,8;4077,9;33,2;23,9;33,2;33,2;23,9;23,9;54;54;54;;;;
2026/01/15;1600 UTC;0;1009,9;1009,9;1009,9;4461,7;35,3;23,5;35,3;35,3;23,5;23,5;41;41;41;;;;
2026/01/15;1700 UTC;0;1009,7;1009,7;1009,7;3823,5;31,9;26,6;31,9;31,9;26,6;26,6;74;74;74;;;;
2026/01/15;1800 UTC;0;1009,1;1009,1;1009,1;3289,3;32,2;26,1;32,2;32,2;26,1;26,1;70;70;70;;;;
2026/01/15;1900 UTC;0;1008,8;1008,8;1008,8;1871,3;32,7;25,5;32,7;32,7;25,5;25,5;64;64;64;;;;
2026/01/15;2000 UTC;0;1008,4;1008,4;1008,4;455,4;30,5;24,3;30,5;30,5;24,3;24,3;69;69;69;;;;
2026/01/15;2100 UTC;0;1008,2;1008,2;1008,2;658;30,8;24,5;30,8;30,8;24,5;24,5;68;68;68;;;;
2026/01/15;2200 UTC;0;1008,5;1008,5;1008,5;230,3;30,5;23,9;30,5;30,5;23,9;23,9;67;67;67;;;;
2026/01/15;2300 UTC;0;1009,6;1009,6;1009,6;0;28,7;24,1;28,7;28,7;24,1;24,1;77;77;77;;;;
2026/01/16;0000 UTC;0;1009,8;1009,8;1009,8;0;28;25;28;28;25;25;85;85;85;;;;
2026/01/16;0100 UTC;0;1009,7;1009,7;1009,7;0;27,3;25,4;27,3;27,3;25,4;25,4;90;90;90;;;;
2026/01/16;0200 UTC;0;1009,8;1009,8;1009,8;0;26,9;25;26,9;26,9;25;25;90;90;90;;;;
2026/01/16;0300 UTC;0;1010,4;1010,4;1010,4;0;26,6;24,7;26,6;26,6;24,7;24,7;91;91;91;;;;
2026/01/16;0400 UTC;0;1010,1;1010,1;1010,1;0;26,5;24,6;26,5;26,5;24,6;24,6;90;90;90;;;;
2026/01/16;0500 UTC;0;1009,6;1009,6;1009,6;0;25,6;24,4;25,6;25,6;24,4;24,4;94;94;94;;;;
2026/01/16;0600 UTC;0;1008,9;1008,9;1008,9;0;25,3;24,1;25,3;25,3;24,1;24,1;94;94;94;;;;
2026/01/16;0700 UTC;0;1008,5;1008,5;1008,5;0;24,8;24,2;24,8;24,8;24,2;24,2;97;97;97;;;;
2026/01/16;0800 UTC;0;1008,5;1008,5;1008,5;0;25;23,2;25;25;23,2;23,2;91;91;91;;;;
2026/01/16;0900 UTC;0;1009,7;1009,7;1009,7;30,9;24,5;21,8;24,5;24,5;21,8;21,8;86;86;86;;;;
2026/01/16;1000 UTC;0;1010,9;1010,9;1010,9;212,8;25,5;21,2;25,5;25,5;21,2;21,2;79;79;79;;;;
2026/01/16;1100 UTC;0;1011,5;1011,5;1011,5;399,2;25,5;21;25,5;25,5;21;21;77;77;77;;;;
2026/01/16;1200 UTC;0;1011,9;1011,9;1011,9;1078,7;25,6;22,5;25,6;25,6;22,5;22,5;84;84;84;;;;
2026/01/16;1300 UTC;0;1011,9;1011,9;1011,9;813,5;27;24,2;27;27;24,2;24,2;86;86;86;;;;
2026/01/16;1400 UTC;0;1012,9;1012,9;1012,9;258,2;25,4;22,3;25,4;25,4;22,3;22,3;84;84;84;;;;
2026/01/16;1500 UTC;0;1013,6;1013,6;1013,6;1002,2;23,6;22,5;23,6;23,6;22,5;22,5;95;95;95;;;;
2026/01/16;1600 UTC;0;1014,3;1014,3;1014,3;445,6;23,9;22,6;23,9;23,9;22,6;22,6;93;93;93;;;;
2026/01/16;1700 UTC;0;1013,6;1013,6;1013,6;366,7;22,5;21,8;22,5;22,5;21,8;21,8;97;97;97;;;;
2026/01/16;1800 UTC;0;1012,5;1012,5;1012,5;526;22,6;22,2;22,6;22,6;22,2;22,2;98;98;98;;;;
2026/01/16;1900 UTC;0;1012,7;1012,7;1012,7;848;24,5;22,6;24,5;24,5;22,6;22,6;91;91;91;;;;
2026/01/16;2000 UTC;0;1013,3;1013,3;1013,3;297,7;24,8;22,8;24,8;24,8;22,8;22,8;90;90;90;;;;
2026/01/16;2100 UTC;0;1012,8;1012,8;1012,8;481,7;25,3;22;25,3;25,3;22;22;84;84;84;;;;
2026/01/16;2200 UTC;0;1012,9;1012,9;1012,9;201,9;24,4;21,1;24,4;24,4;21,1;21,1;83;83;83;;;;
2026/01/16;2300 UTC;0;1013,3;1013,3;1013,3;0;24;22;24;24;22;22;90;90;90;;;;
2026/01/17;0000 UTC;0;1013,6;1013,6;1013,6;0;23,1;21,7;23,1;23,1;21,7;21,7;93;93;93;;;;
2026/01/17;0100 UTC;0;1014,3;1014,3;1014,3;0;22,7;22;22,7;22,7;22;22;96;96;96;;;;
2026/01/17;0200 UTC;0;1014,3;1014,3;1014,3;0;22,1;21,8;22,1;22,1;21,8;21,8;98;98;98;;;;
2026/01/17;0300 UTC;0;1013,8;1013,8;1013,8;0;21,4;21,2;21,4;21,4;21,2;21,2;99;99;99;;;;
2026/01/17;0400 UTC;0;1013,1;1013,1;1013,1;0;20,8;20,7;20,8;20,8;20,7;20,7;99;99;99;;;;
2026/01/17;0500 UTC;0;1012,6;1012,6;1012,6;0;20,3;20,3;20,3;20,3;20,3;20,3;100;100;100;;;;
2026/01/17;0600 UTC;0;1011,8;1011,8;1011,8;0;20;20;20;20;20;20;100;100;100;231;2;1,7;
2026/01/17;0700 UTC;0;1011,7;1011,7;1011,7;0;19,9;19,9;19,9;19,9;19,9;19,9;100;100;100;222;2,7;2,2;
2026/01/17;0800 UTC;0;1012,1;1012,1;1012,1;0;19,9;19,8;19,9;19,9;19,8;19,8;100;100;100;244;2,1;1,4;
2026/01/17;0900 UTC;0;1012,6;1012,6;1012,6;35,2;20,4;20,1;20,4;20,4;20,1;20,1;99;99;99;239;3,8;2,6;
2026/01/17;1000 UTC;0;1012,8;1012,8;1012,8;326,2;21;20,4;21;21;20,4;20,4;97;97;97;248;3;2,2;
2026/01/17;1100 UTC;0;1012,7;1012,7;1012,7;1849,7;23;21,3;23;23;21,3;21,3;91;91;91;200;3;2;
2026/01/17;1200 UTC;0;1012,8;1012,8;1012,8;2624,4;24,9;21,5;24,9;24,9;21,5;21,5;83;83;83;187;4,4;2,5;
2026/01/17;1300 UTC;0;1012,8;1012,8;1012,8;1395,6;25,8;20,7;25,8;25,8;20,7;20,7;74;74;74;182;4,4;2,7;
2026/01/17;1400 UTC;0;1012,7;1012,7;1012,7;1374,8;26,3;20,9;26,3;26,3;20,9;20,9;73;73;73;;;;
2026/01/17;1500 UTC;0;1012,6;1012,6;1012,6;2038;27,2;20,8;27,2;27,2;20,8;20,8;68;68;68;;;;
2026/01/17;1600 UTC;0;1012,2;1012,2;1012,2;1792,9;27,4;20,8;27,4;27,4;20,8;20,8;67;67;67;;;;
2026/01/17;1700 UTC;0;1011,6;1011,6;1011,6;1984,5;27,7;21,4;27,7;27,7;21,4;21,4;68;68;68;;;;
2026/01/17;1800 UTC;0;1011,2;1011,6;1010,7;1848,9;27,8;21,5;28,4;27,5;22,3;20,9;72;65;69;;;;
2026/01/17;1900 UTC;0;1010,3;1010,7;1009,8;2253,5;28,1;21,7;29;27,6;22,8;21;73;63;68;;;;
2026/01/17;2000 UTC;0;1009,5;1009,8;1009,1;1495;27,9;21,6;28,8;27,2;22,1;21,2;74;63;69;;;;
2026/01/17;2100 UTC;0;1008,8;1009,2;1008,4;965,9;27,3;21,7;27,8;27;22,3;21,1;74;68;72;;;;
2026/01/17;2200 UTC;0;1008,3;1008,5;1008,2;568,3;26,8;21,5;27,5;25,9;21,8;21,3;78;70;73;;;;
2026/01/17;2300 UTC;0;1008,4;1008,6;1008,2;54,8;25;21,2;25,9;24,2;21,6;20,9;83;78;81;71;3,3;2,5;
2026/01/18;0000 UTC;0;1008,8;1009;1008,6;0;23,6;20,4;24,2;23;20,9;20,2;87;83;84;;;;
2026/01/18;0100 UTC;0;1009,2;1009,5;1009;0;22,7;20,8;22,9;22,5;20,9;20,5;92;88;90;;;;
2026/01/18;0200 UTC;0;1009,4;1009,6;1009,3;0;22;20,8;22,5;21,6;21,1;20,7;96;92;94;23;1,5;,9;
2026/01/18;0300 UTC;0;1009,4;1009,5;1009,3;0;21,5;20,8;21,7;21,2;21;20,5;97;95;96;233;1,1;,8;
2026/01/18;0400 UTC;0;1009,1;1009,4;1008,9;0;21;20,5;21,2;20,8;20,7;20,4;98;97;98;166;1,9;,8;
2026/01/18;0500 UTC;0;1008,8;1009,1;1008,5;0;20,9;20,6;21;20,8;20,8;20,4;99;98;98;225;2,2;1,4;
2026/01/18;0600 UTC;0;1008,4;1008,5;1008,1;0;21,1;20,8;21,3;20,9;20,9;20,6;99;98;98;240;1,7;1,2;
2026/01/18;0700 UTC;0;1008;1008,2;1007,7;0;21,2;20,9;21,3;21,2;21;20,8;99;98;98;223;2,1;1,6;
2026/01/18;0800 UTC;0;1007,5;1007,7;1007,3;0;21;20,8;21,3;20,7;21;20,5;99;98;99;296;2,5;1,4;
2026/01/18;0900 UTC;0;1007,6;1007,8;1007,4;16,6;20,7;20,6;20,9;20,5;20,8;20,4;100;99;99;233;3,1;2;
2026/01/18;1000 UTC;0;1008,2;1008,9;1007,7;453,2;21,7;21,2;22,4;20,7;21,8;20,5;99;95;98;204;4,8;2,3;
2026/01/18;1100 UTC;0;1009,1;1009,3;1008,8;1140,2;23,5;21,9;24,2;22,4;22,5;21,5;96;88;92;209;3,4;2;
2026/01/18;1200 UTC;0;1009,2;1009,3;1009,1;1970,1;25,4;21,5;26,6;24,2;22,3;21;89;73;80;;;;
2026/01/18;1300 UTC;0;1009,3;1009,5;1009,1;2823,6;26,9;21;27,5;26,1;22;19,8;76;64;71;;;;
2026/01/18;1400 UTC;0;1009,8;1010;1009,6;3419,6;27,6;20;28,1;27,1;21;18,2;69;52;62;;;;
2026/01/18;1500 UTC;0;1010;1010,3;1009,8;3827,2;28,3;19,1;29;27,7;21,1;17,3;66;42;54;;;;
2026/01/18;1600 UTC;0;1010,2;1010,3;1010;3957,9;28,6;19,4;29,1;28,2;20,6;18,1;62;48;54;;;;
2026/01/18;1700 UTC;0;1010,5;1010,7;1010,2;3757,2;28,4;20,7;28,8;27,9;21,8;19,7;66;58;61;;;;
2026/01/18;1800 UTC;0;1010,4;1010,7;1010;2963,8;28,1;20,6;28,5;27,3;21,4;19,9;67;59;63;;;;
2026/01/18;1900 UTC;0;1010,2;1010,5;1009,9;1218,8;26,6;20,3;28,2;25,3;21,2;19,2;74;61;68;;;;
2026/01/18;2000 UTC;0;1010,6;1010,8;1010,4;1015,5;25,3;18,3;26,2;24,9;19,5;16,6;71;56;65;;;;
2026/01/18;2100 UTC;0;1011,1;1011,1;1011,1;288,7;24,6;18,2;24,6;24,6;18,2;18,2;68;68;68;;;;
2026/01/18;2200 UTC;0;1011,8;1011,8;1011,8;126,2;23,1;19,2;23,1;23,1;19,2;19,2;81;81;81;;;;
2026/01/18;2300 UTC;0;1012,9;1012,9;1012,9;0;21,7;18,4;21,7;21,7;18,4;18,4;83;83;83;176;9,5;7;
2026/01/19;0000 UTC;0;1014,2;1014,2;1014,2;0;21,6;16,9;21,6;21,6;16,9;16,9;76;76;76;;;;
2026/01/19;0100 UTC;0;1014,9;1015,7;1014,3;0;21,3;16,1;21,6;21;16,9;15,4;77;71;74;;;;
2026/01/19;0200 UTC;0;1015,9;1016,2;1015,7;0;20,7;14,8;21;20,2;15,5;14,4;73;68;71;198;5,8;3,2;
2026/01/19;0300 UTC;0;1016,4;1016,7;1016,2;0;19,8;14,7;20,2;19,4;15;14,2;77;72;75;217;4,1;2,6;
2026/01/19;0400 UTC;0;1016,7;1016,7;1016,6;0;18,8;14,5;19,4;18;14,7;14,2;83;74;78;235;4,5;2,8;
2026/01/19;0500 UTC;0;1016,4;1016,6;1016,3;0;17,7;14,5;18;17,2;14,8;14,2;85;82;84;231;4,6;2,5;
2026/01/19;0600 UTC;0;1016,1;1016,3;1015,9;0;16,9;13,7;17,2;16,7;14,5;12,5;88;78;84;200;5,6;3,4;
2026/01/19;0700 UTC;0;1015,9;1015,9;1015,8;0;16,4;12,5;16,8;16;12,8;12,2;82;78;80;218;4,8;2,9;
2026/01/19;0800 UTC;0;1016;1016,1;1015,8;0;15,6;11,9;15,9;15,4;12,5;11,4;84;78;82;215;4,4;2,6;
2026/01/19;0900 UTC;0;1016,2;1016,4;1016;8,6;15,1;11,1;15,3;14,5;11,7;10,6;83;77;80;230;4,5;2,5;
2026/01/19;1000 UTC;0;1016,8;1017,1;1016,5;304,3;15,5;11,3;16,6;14,3;12,2;10,8;84;75;79;225;4,2;2,8;
2026/01/19;1100 UTC;0;1017,4;1017,7;1017;916,9;18,3;12,6;19,4;16,6;13,4;12,1;78;64;71;191;7,2;4,8;
2026/01/19;1200 UTC;0;1018;1018,2;1017,7;1714;20,5;12,3;21,4;19,3;13,5;11,1;67;50;59;182;7,6;4,6;
2026/01/19;1300 UTC;0;1018,5;1018,8;1018,1;2547,1;22,2;11,8;23,5;21,3;13,4;10,4;54;41;48;;;;
2026/01/19;1400 UTC;0;1018,8;1019,1;1018,6;2704,3;22,7;13,1;23,1;22,1;14;12,3;59;49;52;;;;
2026/01/19;1500 UTC;0;1019;1019,1;1018,9;2354,9;22,8;13,6;23,8;22,1;15,2;12,7;60;50;54;;;;
2026/01/19;1600 UTC;0;1019;1019,1;1018,8;3492,3;23,4;14,2;24,5;22,7;15,1;13,4;58;46;54;;;;
2026/01/19;1700 UTC;0;1019;1019,2;1018,7;3663,8;23,7;13,7;24,2;22,8;14,5;12,9;54;46;50;;;;
2026/01/19;1800 UTC;0;1018,9;1019,1;1018,6;2654;23,6;13;24,7;22,8;14;12,1;53;42;47;;;;
2026/01/19;1900 UTC;0;1018,5;1018,7;1018,3;2550,2;23,6;12,6;24,5;22,5;14,5;11,7;51;42;45;;;;
2026/01/19;2000 UTC;0;1018,3;1018,5;1018;2488,9;23,8;12,3;24,2;23;13;11,5;46;38;42;;;;
2026/01/19;2100 UTC;0;1018;1018,2;1017,9;1620,6;23,4;12,1;23,7;23,1;13;11,4;48;41;44;;;;
2026/01/19;2200 UTC;0;1017,9;1018,2;1017,8;693,7;22,4;12,8;23,4;21,5;13,3;12,3;57;47;52;;;;
2026/01/19;2300 UTC;0;1018;1018;1017,9;108,2;20,7;13;21,7;19,2;13,3;12,7;69;56;62;139;2,6;1,4;
2026/01/20;0000 UTC;0;1017,9;1018;1017,8;0;18,5;13,6;19,2;18;14,1;13;79;69;75;159;2,1;1,4;
2026/01/20;0100 UTC;0;1018,1;1018,2;1017,9;0;17,4;14,1;17,9;16,8;14,6;13,5;89;79;84;204;1,9;1,5;
2026/01/20;0200 UTC;0;1018,2;1018,3;1018,2;0;16,3;13,7;17,3;15,5;14,4;13,5;90;82;87;327;1,3;,8;
2026/01/20;0300 UTC;0;1018,2;1018,3;1018,1;0;15,6;14;15,8;15,5;14,5;13,6;94;90;92;235;1,7;1,3;
2026/01/20;0400 UTC;0;1017,9;1018,1;1017,7;0;15,7;14,2;15,9;15,5;14,7;13,6;95;90;92;220;2,2;1,4;
2026/01/20;0500 UTC;0;1017,6;1017,8;1017,4;0;15,3;13,5;15,5;15;13,8;13,1;92;89;91;242;2;1,4;
2026/01/20;0600 UTC;0;1017,2;1017,4;1017,1;0;14,8;13,3;15,2;14,6;13,5;12,9;94;90;92;242;2,9;1,9;
2026/01/20;0700 UTC;0;1017,1;1017,2;1017;0;14,9;13,3;15,2;14,7;13,5;13;93;90;92;249;3,5;2,3;
2026/01/20;0800 UTC;0;1017,3;1017,4;1017,1;0;15,2;13,4;15,6;14,9;13,6;13,2;93;89;91;246;4,1;3;
2026/01/20;0900 UTC;0;1017,4;1017,7;1017,3;8,2;15,6;13,4;15,8;15,4;13,6;13;91;88;89;250;5,1;3,8;
2026/01/20;1000 UTC;0;1017,9;1018,1;1017,7;392;15,9;13,3;17,1;15,3;13,9;12,9;89;83;87;236;3,7;3,7;
2026/01/20;1100 UTC;0;1018,5;1018,8;1018,1;1247,5;17,9;14,4;18,6;17,1;15,1;13,7;86;80;83;225;5,1;3,8;
2026/01/20;1200 UTC;0;1019;1019,1;1018,9;2054,5;19,8;15,3;21,1;18,5;16,1;14,7;83;71;78;225;2,4;,4;
2026/01/20;1300 UTC;0;1019,1;1019,2;1019;2298,9;21,9;15,9;23,4;20,6;17;15,1;77;62;70;;;;
2026/01/20;1400 UTC;0;1019,2;1019,4;1019;2482,6;22,3;15,2;23,8;21,2;16,1;14,4;72;54;65;;;;
2026/01/20;1500 UTC;0;1019;1019,1;1018,8;2567,4;23;14,8;23,7;22,3;15,7;14;66;55;59;;;;
2026/01/20;1600 UTC;0;1018,7;1018,9;1018,4;2193,1;23,4;14,6;24,5;22,7;16;13,2;61;52;56;;;;
2026/01/20;1700 UTC;0;1018,4;1018,6;1018,2;2466,9;23,2;15,6;24,1;22,4;17;14,9;66;54;62;;;;
2026/01/20;1800 UTC;0;1018,2;1018,4;1018,1;2550,2;23,2;15;23,9;22,6;15,9;14,2;63;53;59;;;;
2026/01/20;1900 UTC;;;;;;;;;;;;;;;;;;
2026/01/20;2000 UTC;0;1017,5;1017,7;1017,4;983,6;22,4;15,2;23,8;21,8;16;14,5;67;58;64;;;;
2026/01/20;2100 UTC;0;1017,2;1017,4;1017;757,8;21,8;15;22,8;20,9;16,3;13,6;76;54;66;;;;
2026/01/20;2200 UTC;0;1017,2;1017,3;1017;331,5;21,9;13,9;22,9;21,4;14,3;13,6;63;54;60;;;;
2026/01/20;2300 UTC;0;1017,3;1017,3;1017,1;50,4;20,5;13,5;21,3;19,7;14;13,2;68;62;65;104;4,5;2,7;
2026/01/21;0000 UTC;0;1017,4;1017,6;1017,1;0;19,4;13,7;19,7;19,2;13,8;13,4;73;68;71;107;3,6;2,5;
2026/01/21;0100 UTC;0;1017,6;1017,9;1017,5;0;18,7;13,3;19,2;18,3;13,6;13,1;74;72;73;105;3,1;2,2;
2026/01/21;0200 UTC;0;1018;1018,1;1017,9;0;18,5;13;18,7;18,3;13,4;12,8;74;71;73;113;3,2;1,8;
2026/01/21;0300 UTC;0;1018,1;1018,1;1018;0;18,2;13,5;18,7;17,8;13,6;13,3;79;73;76;106;2,6;1,8;
2026/01/21;0400 UTC;0;1018;1018,1;1017,9;0;17,4;13,2;17,8;16,9;13,5;13;81;78;79;119;1,8;1,1;
2026/01/21;0500 UTC;0;1017,6;1017,9;1017,3;0;16,8;13,2;17,1;16,3;13,6;13;86;80;82;93;2,5;1,1;
2026/01/21;0600 UTC;0;1017,2;1017,4;1017;0;15,6;13,5;16,7;15,1;14,2;13,1;94;82;90;245;,8;,6;
2026/01/21;0700 UTC;0;1017;1017,1;1016,9;0;15;13,5;15,1;14,7;13,9;13,1;95;90;93;217;3,2;1,9;
2026/01/21;0800 UTC;0;1017,1;1017,2;1016,9;0;14,9;13,7;15,2;14,7;14;13,2;95;92;94;224;2,7;1,9;
2026/01/21;0900 UTC;0;1017,4;1017,7;1017,2;9,3;14,8;13,8;15,1;14,7;14,1;13,5;96;93;95;244;1,6;1,3;
2026/01/21;1000 UTC;0;1018;1018,3;1017,7;408,8;16;14,6;17,5;14,9;15,3;13,9;95;86;93;258;1,3;1,3;
2026/01/21;1100 UTC;0;1018,5;1018,6;1018,3;1164,1;19,1;15,3;20,7;17,4;16,3;14,6;88;73;81;181;2,2;1,5;
2026/01/21;1200 UTC;0;1018,7;1018,8;1018,6;1986,7;22,4;15,5;23,8;20,8;16,5;14,6;76;57;66;134;2,7;1,6;
2026/01/21;1300 UTC;0;1018,8;1018,9;1018,7;2282,3;23,4;14,6;24,4;22,4;15,7;13,7;62;50;56;;;;
2026/01/21;1400 UTC;0;1018,8;1018,9;1018,8;3341,8;24,3;14,4;24,8;23,9;15,4;13,6;55;46;50;;;;
2026/01/21;1500 UTC;0;1018,7;1018,8;1018,7;3886,3;24,8;14,9;25,6;24;16;14,1;55;47;51;;;;
2026/01/21;1600 UTC;0;1018,5;1018,7;1018,3;3797,7;25,2;15,6;25,6;24,6;16,9;14,8;57;49;52;;;;
2026/01/21;1700 UTC;0;1018,3;1018,4;1018,1;3259,2;25,3;15,5;25,8;24,8;16,3;14,8;55;48;51;;;;
2026/01/21;1800 UTC;0;1017,9;1018,1;1017,6;2104,7;25;14,9;25,4;24,4;15,6;14,3;53;47;50;;;;
2026/01/21;1900 UTC;0;1017,4;1017,6;1017;2118,2;24,8;15,4;25,4;24,3;16,1;14,6;57;50;53;;;;
2026/01/21;2000 UTC;0;1017;1017,1;1016,7;1640,9;24,2;15,6;25,1;23,4;16,1;15;62;53;57;;;;
2026/01/21;2100 UTC;0;1016,8;1016,9;1016,7;707,9;23,2;15,4;23,4;23;15,9;15,1;63;60;61;80;6,1;4,7;
2026/01/21;2200 UTC;0;1016,8;1017;1016,7;574,7;23,3;15,2;23,7;22,8;15,6;14,8;62;57;60;82;7,6;4,5;
2026/01/21;2300 UTC;0;1017;1017,1;1016,9;61,4;21,5;14,7;22,7;20,6;15;14,1;68;60;66;80;5;3,2;
2026/01/22;0000 UTC;0;1017,2;1017,3;1017;0;20,2;14,2;20,6;20;14,6;13,9;72;67;70;70;4,2;2,6;
2026/01/22;0100 UTC;0;1017,4;1017,5;1017,2;0;20,2;15;20,5;20,1;15,3;14,4;76;71;74;69;5,2;2,8;
2026/01/22;0200 UTC;0;1017,5;1017,6;1017,3;0;20,4;15,9;21;20,2;16,6;15,2;80;74;77;77;6,3;3,5;
2026/01/22;0300 UTC;0;1017,4;1017,5;1017,3;0;20,7;17,1;21,1;20,2;17,3;16,6;85;78;82;69;3,1;1,9;
2026/01/22;0400 UTC;0;1017,1;1017,1;1017,1;0;20,5;17;20,5;20,5;17;17;83;83;83;74;4,1;3;
2026/01/22;0500 UTC;0;1016,8;1016,8;1016,8;0;20,2;16,8;20,2;20,2;16,8;16,8;83;83;83;75;5,3;3,2;
2026/01/22;0600 UTC;0;1016,6;1016,6;1016,6;0;20,4;17;20,4;20,4;17;17;83;83;83;84;4,3;3,1;
2026/01/22;0700 UTC;0;1016,7;1016,7;1016,7;0;19,6;16,9;19,6;19,6;16,9;16,9;87;87;87;79;4,6;3,1;
2026/01/22;0800 UTC;0;1016,8;1016,8;1016,8;0;20,2;17,1;20,2;20,2;17,1;17,1;84;84;84;56;3,5;2,5;
2026/01/22;0900 UTC;0;1017,1;1017,1;1017,1;31,5;18,7;17;18,7;18,7;17;17;91;91;91;22;1,5;1,2;
2026/01/22;1000 UTC;0;1017,8;1017,8;1017,8;429,2;19,1;17,6;19,1;19,1;17,6;17,6;93;93;93;193;,7;,6;
2026/01/22;1100 UTC;0;1018,3;1018,3;1018,3;1567,7;22,7;17,9;22,7;22,7;17,9;17,9;76;76;76;36;5,7;4,3;
2026/01/22;1200 UTC;0;1018,2;1018,2;1018,2;2831,3;24,4;17,8;24,4;24,4;17,8;17,8;67;67;67;60;8,6;5,7;
2026/01/22;1300 UTC;0;1018,3;1018,3;1018,3;3769,6;25,4;17,5;25,4;25,4;17,5;17,5;60;60;60;51;8;5,1;
2026/01/22;1400 UTC;0;1018,3;1018,3;1018,3;3122,4;25,5;17,9;25,5;25,5;17,9;17,9;62;62;62;50;7,5;6,1;
2026/01/22;1500 UTC;0;1017,6;1017,6;1017,6;2202,7;25;18;25;25;18;18;65;65;65;94;8,7;6,3;
2026/01/22;1600 UTC;0;1017,6;1017,6;1017,6;3034;25,5;18,5;25,5;25,5;18,5;18,5;65;65;65;76;9,3;7,1;
2026/01/22;1700 UTC;0;1017,5;1017,5;1017,5;1656,1;26,3;19,3;26,3;26,3;19,3;19,3;65;65;65;63;8,1;6,3;
2026/01/22;1800 UTC;0;1016,9;1016,9;1016,9;3441,6;26,5;19;26,5;26,5;19;19;62;62;62;89;8,6;5,8;
2026/01/22;1900 UTC;0;1016,4;1016,4;1016,4;2754,1;26,4;18,5;26,4;26,4;18,5;18,5;61;61;61;85;9,3;6,8;
2026/01/22;2000 UTC;0;1016,4;1016,4;1016,4;1974,7;26;18,4;26;26;18,4;18,4;62;62;62;82;8,8;6,3;
2026/01/22;2100 UTC;0;1016,3;1016,3;1016,3;411,4;24,3;17,6;24,3;24,3;17,6;17,6;67;67;67;71;8,4;5,7;
2026/01/22;2200 UTC;0;1016,6;1016,6;1016,6;180,5;23,8;17,4;23,8;23,8;17,4;17,4;68;68;68;70;7,6;5,3;
2026/01/22;2300 UTC;0;1016,8;1016,8;1016,8;0;22,9;17,3;22,9;22,9;17,3;17,3;72;72;72;61;7,8;5;
2026/01/23;0000 UTC;0;1017,2;1017,2;1017,2;0;22,5;17,4;22,5;22,5;17,4;17,4;75;75;75;62;7,3;4,7;
2026/01/23;0100 UTC;0;1017,3;1017,4;1017,2;0;22,4;17,2;22,5;22,2;17,4;17;76;73;74;63;8,4;5,2;
2026/01/23;0200 UTC;0;1017,4;1017,6;1017,3;0;22;17,3;22,2;21,8;17,5;17;78;75;76;58;5,9;3,9;
2026/01/23;0300 UTC;0;1017,7;1017,8;1017,6;0;21,6;17,1;21,9;21,3;17,3;17;79;76;78;52;5,7;3,6;
2026/01/23;0400 UTC;0;1017,8;1017,9;1017,7;0;21,1;17;21,6;20,8;17,2;16,8;81;78;79;57;4,5;3;
2026/01/23;0500 UTC;0;1017,5;1017,8;1017,2;0;20,6;16,7;20,8;20,4;16,9;16,6;81;80;81;48;4,4;2,7;
2026/01/23;0600 UTC;0;1016,8;1017,2;1016,6;0;19,7;16,7;20,5;18,9;16,8;16,5;89;80;85;50;1,6;,9;
2026/01/23;0700 UTC;0;1016,7;1016,7;1016,5;0;18,2;16,5;18,9;17,9;16,7;16,3;93;89;91;77;2,2;1,2;
2026/01/23;0800 UTC;0;1017;1017,3;1016,7;0;18,4;16,8;18,8;17,4;17,3;16,3;95;90;92;259;1;,7;
2026/01/23;0900 UTC;0;1017,6;1018;1017,3;6,1;17,1;16,4;17,4;16,8;16,5;16,1;97;95;96;247;1,3;1,1;
2026/01/23;1000 UTC;0;1018,3;1018,6;1018;388,2;17,6;16,7;19,2;16,8;17,4;16,1;97;90;95;242;2;1,4;
2026/01/23;1100 UTC;0;1018,8;1019,2;1018,6;1109,7;20,8;17,2;23,2;19,3;17,8;16,8;90;69;82;132;2,4;1;
2026/01/23;1200 UTC;0;1019,3;1019,4;1019,2;1743,1;23,8;17,2;24,8;23,1;17,6;16,5;71;60;67;67;6,4;4;
2026/01/23;1300 UTC;0;1019,2;1019,3;1019,1;2216,7;25;17,1;25,7;24,5;17,6;16,2;65;56;60;78;8,1;4,4;
2026/01/23;1400 UTC;0;1019,3;1019,5;1019,1;2674,9;25,4;17,2;26,4;24,5;17,8;16,5;63;54;59;89;8,8;5,3;
2026/01/23;1500 UTC;0;1019,2;1019,4;1019;3136,9;26;16,9;26,8;25,3;17,8;15,6;58;51;54;82;8,5;5,2;
2026/01/23;1600 UTC;0;1019;1019,2;1018,8;3176,8;26;17,2;26,5;25,3;17,9;15,8;58;51;56;75;9,4;5,7;
2026/01/23;1700 UTC;0;1018,6;1018,9;1018,3;3595,4;26,4;17,7;27;25,6;18,3;17;60;53;56;82;10,6;6,1;
2026/01/23;1800 UTC;0;1018,1;1018,4;1017,7;3522,2;26,4;18,3;26,7;25,8;18,9;17,7;62;57;59;85;10,5;6,4;
2026/01/23;1900 UTC;0;1017,7;1018;1017,5;2857,5;26,4;18,4;27;25,9;19,2;17,8;62;58;60;;;;
2026/01/23;2000 UTC;0;1017,5;1017,7;1017,2;2170,2;26;18,1;26,5;25,4;18,7;17,6;64;58;61;;;;
2026/01/23;2100 UTC;0;1017,3;1017,5;1017,1;1355;25,3;18;25,9;24,8;18,6;17,7;67;61;64;83;9;5,4;
2026/01/23;2200 UTC;0;1017,3;1017,4;1017;335,8;24;17,8;24,7;23,4;18;17,6;71;66;69;78;8,9;5,4;
2026/01/23;2300 UTC;0;1017,3;1017,5;1017,2;61,2;23,2;17,4;23,4;22,8;17,8;17,2;72;70;71;82;8,8;4;
2026/01/24;0000 UTC;0;1017,9;1018,2;1017,5;0;22,7;17,2;22,8;22,5;17,3;17;74;71;73;80;7,4;3,9;
2026/01/24;0100 UTC;0;1018,3;1018,3;1018,1;0;22,2;17,1;22,5;21,7;17,2;16,9;76;72;74;77;6,8;4;
2026/01/24;0200 UTC;0;1018,2;1018,3;1018,1;0;21,4;16,8;21,8;21,1;16,9;16,6;78;75;77;77;6;3,7;
2026/01/24;0300 UTC;0;1017,9;1018,1;1017,6;0;20,9;16,4;21,1;20,7;16,7;16,2;79;76;78;67;6;3,9;
2026/01/24;0400 UTC;0;1017,4;1017,6;1017;0;21,1;16;21,3;21;16,2;15,9;75;74;74;67;5,9;3,7;
2026/01/24;0500 UTC;0;1016,9;1017;1016,8;0;20,4;15,7;20,9;19,9;16;15,6;79;74;76;70;4,1;2,6;
2026/01/24;0600 UTC;0;1016,6;1016,9;1016,3;0;19,7;15,7;20;19,3;16;15,5;82;78;80;43;2,4;1,5;
2026/01/24;0700 UTC;0;1016,2;1016,4;1016,2;0;18,1;15,6;19,2;17,2;16,1;15,3;94;82;88;232;1,3;,9;
2026/01/24;0800 UTC;0;1016,4;1016,6;1016,3;0;17,6;15,9;18,1;17,2;16,5;15,4;93;89;92;243;1,8;1,1;
2026/01/24;0900 UTC;0;1016,7;1016,8;1016,5;3,8;18,1;16,2;18,3;17,9;16,5;16;91;89;90;290;1;,7;
2026/01/24;1000 UTC;0;1016,9;1017,3;1016,7;254,3;18;16,4;19,3;17,7;16,9;16;93;86;92;284;1,5;,7;
2026/01/24;1100 UTC;0;1017,6;1018;1017,3;894,9;20,5;16,6;22,5;19,3;17,1;16,4;87;69;81;166;2,7;1,4;
2026/01/24;1200 UTC;0;1018,1;1018,3;1017,9;1544,7;23;16,8;24,3;22,1;18,1;16,3;72;65;69;51;3,9;2,3;
2026/01/24;1300 UTC;0;1017,7;1018,1;1017,5;2240,8;24,6;17,4;25,4;24,1;18,2;16,4;66;61;64;65;6,6;4,4;
2026/01/24;1400 UTC;0;1017,7;1017,9;1017,6;2826,1;25,6;18,1;26,7;25;19,5;17,4;66;58;63;79;8,1;4,5;
2026/01/24;1500 UTC;0;1017,4;1017,6;1017,1;2376,7;25,5;18,3;26,4;25;19,5;17,9;68;61;64;84;8,4;5,1;
2026/01/24;1600 UTC;0;1017,1;1017,3;1016,9;3431;26,4;18,9;27,4;25,3;19,7;18,1;66;59;63;85;8,9;5,4;
2026/01/24;1700 UTC;0;1016,7;1016,9;1016,3;2981,5;26,9;19,5;27,8;26,1;20,3;18,9;66;60;63;89;8,6;5;
2026/01/24;1800 UTC;0;1016,3;1016,5;1016;3173,5;27,2;19,5;27,6;26,4;20,2;18,9;64;59;61;80;8,7;5,3;
2026/01/24;1900 UTC;0;1015,9;1016,2;1015,7;3002,5;27,5;19,2;27,9;27,2;20,3;18,6;64;55;59;84;7,9;5,1;
2026/01/24;2000 UTC;0;1015,5;1015,7;1015,2;2267,1;26,9;19,4;27,4;26,4;20,1;18,9;69;60;63;85;10,4;6,4;
2026/01/24;2100 UTC;0;1015,3;1015,4;1015,1;1352,7;25,9;19,9;26,6;25,5;20,4;19,5;71;68;70;77;10,1;6,7;
2026/01/24;2200 UTC;0;1015,6;1015,9;1015,3;583,9;25,1;19,7;25,5;24,5;19,9;19,6;76;71;73;74;8,8;5,3;
2026/01/24;2300 UTC;0;1015,8;1016;1015,7;51,6;23,9;19,5;24,5;23,1;19,7;19,3;82;75;78;72;7,3;4,3;
2026/01/25;0000 UTC;0;1016,6;1016,6;1016,6;0;23,4;19,6;23,4;23,4;19,6;19,6;81;81;81;64;6,7;4,3;
2026/01/25;0100 UTC;0;1017;1017,4;1016,7;0;23;19,7;23,2;22,9;19,9;19,6;85;82;83;63;7,1;4,6;
2026/01/25;0200 UTC;0;1017,5;1017,5;1017,4;0;22,7;20;22,9;22,5;20,1;19,8;87;85;86;62;7,8;4,4;
2026/01/25;0300 UTC;0;1017,4;1017,5;1017,3;0;22,4;20,1;22,6;22,1;20,2;20;90;87;89;55;5,6;3,3;
2026/01/25;0400 UTC;0;1017,2;1017,4;1016,9;0;22,1;20;22,3;21,9;20,2;19,9;90;89;89;57;4,9;3,2;
2026/01/25;0500 UTC;0;1016,4;1016,9;1016;0;21,7;19,9;21,9;21,5;19,9;19,8;92;90;91;59;5,4;3;
2026/01/25;0600 UTC;0;1016,1;1016,2;1015,9;0;21,4;19,9;21,7;20,9;20,1;19,8;94;92;93;36;3,8;2,4;
2026/01/25;0700 UTC;0;1016,1;1016,2;1016;0;20,6;19,8;20,9;20,2;19,9;19,6;97;94;96;23;1,9;1,3;
2026/01/25;0800 UTC;0;1016;1016,2;1016;0;20;19,7;20,2;19,8;19,9;19,5;99;97;98;46;2,2;1,4;
2026/01/25;0900 UTC;0;1016,4;1016,6;1016,2;4,5;19,9;19,7;20,1;19,7;20;19,5;100;98;99;30;2,2;1,3;
2026/01/25;1000 UTC;0;1016,9;1017,1;1016,6;345,2;20,2;19,9;21,3;19,4;21;19,1;99;97;99;24;2,3;1,5;
2026/01/25;1100 UTC;0;1017,2;1017,4;1017,1;999,8;22,7;20,7;24,4;21,3;21,1;20,4;97;82;90;40;6;3,6;
2026/01/25;1200 UTC;0;1017,4;1017,5;1017,4;1626,1;25;20,6;26,1;24,2;21,2;19,9;84;69;78;58;8,2;5,4;
2026/01/25;1300 UTC;0;1017,5;1017,6;1017,4;2395,9;26,6;20,2;27,1;25,8;20,7;19,6;71;64;68;41;7,8;5;
2026/01/25;1400 UTC;0;1017,5;1017,7;1017,4;2432,6;27,2;20,5;27,8;25,9;21,2;19,8;70;62;66;59;7,5;4,1;
2026/01/25;1500 UTC;0;1017,5;1017,7;1017,2;1733,2;27;21;28,7;26,4;21,5;20,5;74;63;70;75;7,4;4,2;
2026/01/25;1600 UTC;0;1016,9;1017,2;1016,6;3015,3;27,8;21,6;28,7;26,7;22,4;20,9;73;65;69;80;8,4;5,4;
2026/01/25;1700 UTC;0;1016,5;1016,7;1016,4;3419,4;28,5;21,4;28,8;28,1;22,2;20,6;69;60;64;88;8,1;5,1;
2026/01/25;1800 UTC;0;1016,3;1016,5;1016;3223;29;21;30;28;21,5;20,5;64;55;60;86;8,9;5,6;
2026/01/25;1900 UTC;0;1015,7;1016,1;1015,3;2991,9;28,5;21,5;29,2;28;22;20,7;69;59;65;82;10,9;6,9;
2026/01/25;2000 UTC;0;1015,2;1015,4;1015,1;2170,2;27,8;21,6;28,2;26,9;22;21,2;74;65;69;80;11;6,9;
2026/01/25;2100 UTC;0;1015,3;1015,5;1015,1;871,4;26,5;21,9;27,5;26;22,3;21,6;80;72;77;77;10,5;6,1;
2026/01/25;2200 UTC;0;1015,7;1015,7;1015,7;112,5;25,2;21,2;25,2;25,2;21,2;21,2;80;80;80;68;8,3;5,8;
2026/01/25;2300 UTC;0;1015,8;1015,8;1015,8;0;24,7;21,3;24,7;24,7;21,3;21,3;83;83;83;63;7,1;4,4;
2026/01/26;0000 UTC;0;1016,1;1016,1;1016,1;0;24,3;20,7;24,3;24,3;20,7;20,7;82;82;82;59;11;6,4;
2026/01/26;0100 UTC;0;1016,4;1016,6;1016,2;0;24,2;20,6;24,4;24;20,8;20,5;83;81;82;55;8,8;4,4;
2026/01/26;0200 UTC;0;1016,4;1016,5;1016,3;0;23,7;20,4;24;23,5;20,5;20,3;85;82;83;56;8,7;4,9;
2026/01/26;0300 UTC;0;1016,2;1016,4;1016;0;23,4;20,3;23,6;23,3;20,5;20,1;86;83;84;54;5,9;3,7;
2026/01/26;0400 UTC;0;1015,7;1016;1015,3;0;23,4;20,4;23,5;23,3;20,5;20,3;86;84;85;48;7,6;4;
2026/01/26;0500 UTC;0;1015,1;1015,3;1015;0;23,5;20,2;23,6;23,4;20,3;20;85;82;83;38;6;3,7;
2026/01/26;0600 UTC;0;1015;1015,1;1014,8;0;23,3;20,3;23,6;23;20,4;20,1;86;83;85;41;6,1;3,8;
2026/01/26;0700 UTC;0;1014,7;1014,8;1014,5;0;22,6;20,4;23;22,4;20,5;20,2;90;86;89;44;5,5;3,3;
2026/01/26;0800 UTC;0;1014,8;1015,1;1014,5;0;22,1;20,4;22,4;21,5;20,5;20,3;94;90;92;38;2,4;1,4;
2026/01/26;0900 UTC;0;1015,5;1015,7;1015,2;3,6;21,3;20,2;21,5;21,1;20,3;20;96;94;95;35;2,4;1,8;
2026/01/26;1000 UTC;0;1016,1;1016,4;1015,7;166,1;21,7;20,6;22,8;21,1;21;20,3;96;90;95;64;4;2,5;
2026/01/26;1100 UTC;0;1016,7;1017;1016,4;746,8;24;21;24,9;22,8;21,3;20,7;89;82;85;54;4,9;2,9;
2026/01/26;1200 UTC;0;1016,8;1016,9;1016,6;1445,7;25,4;20,8;26,7;24,4;21,4;20,5;83;71;77;35;6,7;4,4;
2026/01/26;1300 UTC;0;1016,8;1016,9;1016,7;2646,6;27;21,3;27,6;25,8;21,9;20,9;77;69;72;45;7,2;4;
2026/01/26;1400 UTC;0;1016,9;1017;1016,7;2576,5;27,7;21,7;28,6;27,3;22,5;21,2;72;67;70;77;7,2;4,1;
2026/01/26;1500 UTC;0;1016,6;1016,9;1016,3;3525,7;28,4;22,8;29,1;27,6;23,3;21,8;75;66;72;94;8,3;5,7;
2026/01/26;1600 UTC;0;1016,2;1016,3;1015,9;3863,1;28,6;23,1;29,2;28,1;23,8;22,7;75;70;73;90;7,9;5,1;
2026/01/26;1700 UTC;0;1016;1016,2;1015,7;3638,9;29,1;23,1;29,8;28,5;23,8;22,7;73;65;70;90;7,5;4,8;
2026/01/26;1800 UTC;0;1015,2;1015,8;1014,9;3568,5;30;23;30,5;29,6;23,6;22,3;68;60;65;93;8,8;5,6;
2026/01/26;1900 UTC;0;1014,8;1014,9;1014,6;1975,1;29,7;21,5;30,9;29,2;22,9;20,8;61;57;59;80;8,3;4,8;
2026/01/26;2000 UTC;0;1014,6;1014,9;1014,5;1656,1;29,1;21,7;30,1;27,9;22,5;21,2;71;58;63;69;9,4;5,2;
2026/01/26;2100 UTC;0;1014,6;1014,6;1014,6;474,7;27,2;22,4;27,2;27,2;22,4;22,4;76;76;76;51;8,9;6,5;
2026/01/26;2200 UTC;0;1014,7;1014,7;1014,7;282,9;26,5;22,6;26,5;26,5;22,6;22,6;80;80;80;64;7,1;4,8;
2026/01/26;2300 UTC;0;1014,9;1014,9;1014,9;0;25,3;22,6;25,3;25,3;22,6;22,6;86;86;86;67;7;4,7;
2026/01/27;0000 UTC;0;1015,2;1015,2;1015,2;0;24,8;22,4;24,8;24,8;22,4;22,4;88;88;88;57;5,6;4,3;
2026/01/27;0100 UTC;0;1015,4;1015,5;1015,2;0;24,6;22,5;24,8;24,3;22,5;22,4;91;88;89;63;5,7;3,6;
2026/01/27;0200 UTC;0;1015,4;1015,6;1015,2;0;24,2;22,5;24,3;24;22,5;22,4;92;90;91;59;5,2;3,3;
2026/01/27;0300 UTC;0;1015,1;1015,3;1014,9;0;23,8;22,5;24;23,6;22,6;22,4;95;92;93;35;4,7;2,9;
2026/01/27;0400 UTC;0;1014,6;1014,9;1014,3;0;23,8;22,5;24;23,6;22,6;22,4;95;92;93;41;5,1;3,3;
2026/01/27;0500 UTC;0;1014,1;1014,3;1013,7;0;23,7;22,3;24;23,3;22,4;22,1;94;92;93;33;5;3,1;
2026/01/27;0600 UTC;0;1013,5;1013,7;1013,4;0;23,1;22,1;23,3;23;22,2;22;95;94;95;26;5,3;3,2;
2026/01/27;0700 UTC;0;1013,7;1013,9;1013,5;0;23,1;22;23,3;22,8;22,2;21,9;96;93;95;34;4,1;2,8;
2026/01/27;0800 UTC;0;1014;1014,3;1013,8;0;23,2;22;23,3;23,1;22,1;21,9;94;94;94;28;3,2;2;
2026/01/27;0900 UTC;0;1014,4;1014,6;1014,2;3,7;22,8;21,8;23,1;22,6;21,9;21,7;96;94;95;44;2,3;1,6;
2026/01/27;1000 UTC;0;1014,9;1015,2;1014,6;282,1;23,2;21,8;24,1;22,5;22,1;21,6;96;89;93;80;2,1;1,2;
2026/01/27;1100 UTC;0;1015,3;1015,4;1015,1;835,8;24,9;22,1;25,8;24,2;22,4;21,9;90;81;86;69;4;2,7;
2026/01/27;1200 UTC;0;1015,4;1015,5;1015,3;1787,1;26,3;22,1;27;25,5;22,6;21,9;83;76;79;47;3,7;2,4;
2026/01/27;1300 UTC;0;1015,1;1015,3;1014,9;2643,2;27,7;22,4;28,6;27;23,1;21,7;78;68;73;35;3,8;2,7;
2026/01/27;1400 UTC;0;1014,8;1014,9;1014,6;3291,8;29,5;22,8;30,6;28,6;23,8;22,2;71;63;67;;;;
2026/01/27;1500 UTC;0;1014,5;1014,6;1014,3;3709,8;30,6;24;31;30,3;25;23;72;62;67;;;;
2026/01/27;1600 UTC;0;1014,4;1014,5;1014,3;3825;30,5;24,7;31,3;30,1;25,5;24,3;73;67;71;;;;
2026/01/27;1700 UTC;0;1014,1;1014,4;1013,8;3687,6;30,3;24,6;30,8;29,9;25;24,2;74;68;72;;;;
2026/01/27;1800 UTC;0;1013,3;1013,8;1012,7;3346,8;30,5;24,2;30,9;29,9;25,1;23,7;73;64;68;;;;
2026/01/27;1900 UTC;0;1012,1;1012,1;1012,1;2717;30,9;23,1;30,9;30,9;23,1;23,1;61;61;61;;;;
2026/01/27;2000 UTC;0;1012;1012;1012;1198;29,3;22,4;29,3;29,3;22,4;22,4;65;65;65;;;;
2026/01/27;2100 UTC;0;1012,1;1012,1;1012,1;346,4;28,1;22,1;28,1;28,1;22,1;22,1;70;70;70;;;;
2026/01/27;2200 UTC;0;1012;1012;1012;56,7;27,1;22,6;27,1;27,1;22,6;22,6;78;78;78;102;3,8;2;
2026/01/27;2300 UTC;0;1013,1;1013,1;1013,1;0;26,3;23,4;26,3;26,3;23,4;23,4;86;86;86;178;1,6;1,2;
2026/01/28;0000 UTC;0;1013,9;1013,9;1013,9;0;25,4;23,4;25,4;25,4;23,4;23,4;90;90;90;257;2,7;2,2;
2026/01/28;0100 UTC;0;1013,7;1013,8;1013,5;0;24,9;23,3;25,4;24,5;23,5;23,1;93;90;92;171;2,7;1,4;
2026/01/28;0200 UTC;0;1013,7;1013,8;1013,5;0;24,3;23;24,6;24,2;23,2;22,9;94;93;94;89;2,4;1,2;
2026/01/28;0300 UTC;0;1013,5;1013,7;1013,2;0;23,9;23;24,2;23,7;23;22,9;97;94;95;124;1,7;1,2;
2026/01/28;0400 UTC;0;1013;1013,2;1012,9;0;23,4;22,8;23,7;22,8;23,1;22,4;98;96;97;155;2,4;1,6;
2026/01/28;0500 UTC;0;1012,7;1012,9;1012,5;0;23,1;22,9;23,4;22,8;23,2;22,4;99;98;99;105;2;1,4;
2026/01/28;0600 UTC;0;1012,6;1012,7;1012,5;0;23,2;23,1;23,5;22,8;23,3;22,7;100;99;99;200;2,4;1,7;
2026/01/28;0700 UTC;0;1012,4;1012,5;1012,1;0;22,8;22,8;22,9;22,6;22,9;22,6;100;100;100;145;1,7;,6;
2026/01/28;0800 UTC;0;1012,4;1012,5;1012,3;0;22,8;22,7;22,9;22,6;22,9;22,6;100;100;100;240;1,6;1,2;
2026/01/28;0900 UTC;0;1012,7;1013;1012,5;1,6;22,7;22,8;22,8;22,7;22,8;22,7;100;100;100;210;2,9;1,9;
2026/01/28;1000 UTC;0;1013,3;1013,7;1013;115,9;23;23,1;23,4;22,7;23,5;22,8;100;100;100;236;1,9;1,2;
2026/01/28;1100 UTC;0;1013,9;1014;1013,7;300,4;23,7;23,7;24,2;23,3;24,2;23,3;100;100;100;207;2;1,1;
2026/01/28;1200 UTC;0;1014,2;1014,3;1014;732,7;24,8;24,5;25,6;24,1;24,9;24,1;100;96;99;202;1,7;1,1;
2026/01/28;1300 UTC;0;1014,4;1014,6;1014,2;977,8;26,7;24,5;27,7;25,6;25;24,1;96;83;89;138;2,4;1,1;
2026/01/28;1400 UTC;0;1014,6;1014,6;1014,5;1574,6;28,3;24;29,5;27,5;24,6;23,4;84;72;79;136;3,3;1,6;
2026/01/28;1500 UTC;0;1014,5;1014,6;1014,4;3205,8;30,1;23,5;30,8;29,6;24,4;22,9;72;63;67;;;;
2026/01/28;1600 UTC;0;1014,1;1014,4;1013,8;3770,3;30,9;23,9;31,3;30,3;24,9;23,2;70;61;65;;;;
2026/01/28;1700 UTC;0;1013,6;1013,8;1013,4;3481,9;31,1;24;31,4;30,6;24,6;23,3;68;61;65;;;;
2026/01/28;1800 UTC;0;1013,1;1013,4;1012,8;3373,2;31,5;23,9;31,8;31,1;24,5;23,4;65;59;62;;;;
2026/01/28;1900 UTC;0;1012,6;1012,8;1012,3;2822,3;31;23,8;31,5;30,4;24,3;23,3;69;60;64;;;;
2026/01/28;2000 UTC;0;1011,9;1011,9;1011,9;1719,2;29,8;23,3;29,8;29,8;23,3;23,3;68;68;68;;;;
2026/01/28;2100 UTC;0;1012,2;1012,2;1012,2;902,3;28,9;22,2;28,9;28,9;22,2;22,2;66;66;66;;;;
2026/01/28;2200 UTC;0;1013;1013;1013;206;27,4;22,6;27,4;27,4;22,6;22,6;76;76;76;;;;
2026/01/28;2300 UTC;0;1013,2;1013,2;1013,2;0;25,7;22,7;25,7;25,7;22,7;22,7;85;85;85;95;3,8;2,4;
2026/01/29;0000 UTC;0;1013,3;1013,3;1013,3;0;24,7;22,8;24,7;24,7;22,8;22,8;90;90;90;118;2,8;1,6;
2026/01/29;0100 UTC;0;1013,6;1013,9;1013,3;0;24,3;23;24,7;24,1;23,2;22,8;95;91;93;108;3,5;2;
2026/01/29;0200 UTC;0;1013,8;1013,9;1013,7;0;24,3;23,3;24,5;24,1;23,4;23,2;96;94;95;103;3;1,8;
2026/01/29;0300 UTC;0;1013,9;1014,1;1013,8;0;24,1;23,3;24,2;24;23,4;23,2;97;96;96;91;2,4;1,2;
2026/01/29;0400 UTC;0;1013,7;1013,9;1013,4;0;23,9;23,3;24,1;23,8;23,4;23,2;97;96;97;133;2;1,1;
2026/01/29;0500 UTC;0;1013;1013,4;1012,8;0;23,7;23,2;23,9;23,4;23,4;23;98;97;98;179;2,1;1,3;
2026/01/29;0600 UTC;0;1012,9;1013,1;1012,8;0;23,4;23,1;23,5;23,3;23,3;23;99;98;99;123;2,2;1,4;
2026/01/29;0700 UTC;0;1012,8;1012,9;1012,7;0;23,3;23,1;23,5;23,1;23,2;22,9;99;99;99;184;1,8;1,2;
2026/01/29;0800 UTC;0;1012,6;1012,8;1012,5;0;23;22,9;23,2;22,8;23,1;22,6;100;99;99;159;1,7;1,1;
2026/01/29;0900 UTC;0;1012,8;1013;1012,8;3;23;22,9;23,2;22,8;23,1;22,6;100;99;100;174;1,9;1,1;
2026/01/29;1000 UTC;0;1013,2;1013,4;1013;153,5;23;22,9;23,4;22,7;23,4;22,6;100;99;100;160;1,4;,7;
2026/01/29;1100 UTC;0;1013,7;1013,8;1013,4;676,2;24,3;23,9;25,8;23,5;24,4;23,4;100;91;98;134;3,6;2,2;
2026/01/29;1200 UTC;0;1013,9;1014;1013,7;985,2;26,5;23,1;27,4;25,8;24,1;22,5;91;78;83;111;4,9;2,9;
2026/01/29;1300 UTC;0;1013,9;1014;1013,8;1923;27,9;22,9;28,5;27,4;23,6;22,1;79;70;75;90;5;3,3;
2026/01/29;1400 UTC;0;1013,9;1014;1013,8;1582,8;28,1;22,3;28,7;27,6;22,9;21,7;75;66;71;103;4;2,4;
2026/01/29;1500 UTC;0;1013,7;1014;1013,4;2082,7;28,3;22,6;29,2;27,8;23,1;21,8;76;66;72;;;;
2026/01/29;1600 UTC;0;1013,3;1013,5;1013,1;2111,8;28,4;22,7;29,4;27,8;23,5;21,9;76;67;72;;;;
2026/01/29;1700 UTC;0;1012,8;1013,1;1012,6;830;27,6;22,5;28,2;27;23,3;21,8;80;69;75;;;;
2026/01/29;1800 UTC;0;1012,8;1013,2;1012,5;646,1;26,3;21,8;27;25,7;22,7;21,1;82;74;77;;;;
2026/01/29;1900 UTC;0;1012,1;1012,5;1011,7;2303,9;28,6;22,6;30,1;25,9;23,2;22;82;63;70;136;7,5;3,7;
2026/01/29;2000 UTC;0;1011,7;1011,9;1011,3;1252;28,8;22,2;30,2;27,8;23,2;21,6;72;61;67;120;9,7;5;
2026/01/29;2100 UTC;0;1011,9;1011,9;1011,9;650,6;27,5;22,3;27,5;27,5;22,3;22,3;74;74;74;129;6,7;4,4;
2026/01/29;2200 UTC;0;1012,4;1012,4;1012,4;138,3;26;22,2;26;26;22,2;22,2;81;81;81;124;5,8;3,3;
2026/01/29;2300 UTC;0;1012,8;1012,8;1012,8;0;24,9;22,4;24,9;24,9;22,4;22,4;87;87;87;127;2,8;1,6;
2026/01/30;0000 UTC;0;1013,1;1013,1;1013,1;0;24,2;22,4;24,2;24,2;22,4;22,4;91;91;91;115;1,8;1,1;
2026/01/30;0100 UTC;0;1013,3;1013,5;1013,1;0;24,1;22,3;24,3;24;22,4;22,2;92;91;91;96;2,2;1,3;
2026/01/30;0200 UTC;0;1013,5;1013,5;1013,4;0;23,9;22,4;24;23,5;22,5;22,1;93;92;93;100;3,4;2;
2026/01/30;0300 UTC;0;1013,5;1013,7;1013,3;0;23,4;22,1;23,5;23,3;22,1;21,9;94;93;93;109;5;3;
2026/01/30;0400 UTC;0;1012,9;1013,3;1012,5;0;23,2;21,9;23,4;22,8;22;21,6;94;93;93;135;3,1;1,3;
2026/01/30;0500 UTC;0;1012,3;1012,6;1011,9;0;22,3;21,6;22,7;22,1;21,7;21,4;97;94;96;145;2,6;1,7;
2026/01/30;0600 UTC;0;1011,9;1012;1011,8;0;22;21,4;22,1;21,8;21,5;21,2;97;97;97;162;2,7;1,4;
2026/01/30;0700 UTC;0;1011,8;1011,9;1011,7;0;21,6;21,2;21,9;21,4;21,4;21,1;99;97;98;191;2,5;1,4;
2026/01/30;0800 UTC;0;1011,7;1011,8;1011,6;0;21,2;21;21,5;20,9;21,2;20,8;100;99;99;214;2,2;1,4;
2026/01/30;0900 UTC;0;1012;1012,2;1011,8;2,1;20,8;20,7;20,9;20,6;20,9;20,5;100;99;100;217;2,5;1,6;
2026/01/30;1000 UTC;0;1012,5;1012,9;1012,2;264,8;21;20,9;21,8;20,6;21,5;20,5;100;98;99;217;2,4;1,7;
2026/01/30;1100 UTC;0;1013,2;1013,6;1012,9;801,4;23,1;21,9;24,9;21,8;22,3;21,4;98;84;94;166;3,2;1,5;
2026/01/30;1200 UTC;0;1013,8;1013,9;1013,6;554,8;24,5;21,9;25,1;24,1;22,3;21,2;90;83;87;185;4,9;2,4;
2026/01/30;1300 UTC;2,5;1013,6;1013,8;1013,4;727,1;23,9;22;25,3;23,3;22,8;21,3;94;84;90;120;4,2;2;
2026/01/30;1400 UTC;0;1013,3;1013,5;1013,2;2493;26,5;21,4;27,7;25,5;22,6;20,6;83;67;75;112;5,8;3,7;
2026/01/30;1500 UTC;0;1013,2;1013,4;1013,1;1818,5;27,4;20,8;27,9;27;21,6;20,3;71;65;67;124;5,3;3,2;
2026/01/30;1600 UTC;0;1012,9;1013,2;1012,5;1896,5;27,4;20,5;28,1;26,8;21,3;20;71;60;66;119;8;4,3;
2026/01/30;1700 UTC;0;1012,2;1012,6;1011,8;2445,2;28;20,4;28,5;27,3;21;19,6;66;59;62;100;8,9;5,9;
2026/01/30;1800 UTC;0;1012;1012,1;1011,8;2787,5;28,4;20,3;29;27,6;20,9;19,1;63;56;59;105;7,7;4,5;
2026/01/30;1900 UTC;0;1011,5;1011,9;1011,1;1313,4;27,2;20;28;26,5;20,6;19,6;68;61;64;106;7,5;5;
2026/01/30;2000 UTC;0;1011,1;1011,3;1010,9;820,8;26,3;20,1;26,6;25,9;20,5;19,6;73;66;69;113;7,5;4,6;
2026/01/30;2100 UTC;0;1011,4;1011,5;1011,1;333,1;25,4;20,1;25,8;24,9;20,3;19,6;76;71;73;;;;
2026/01/30;2200 UTC;0;1011,3;1011,5;1011,1;219,6;24,2;20,2;24,9;23,9;20,5;19,7;82;76;80;135;6,4;3,4;
2026/01/30;2300 UTC;0;1011,9;1011,9;1011,9;0;22,9;20,2;22,9;22,9;20,2;20,2;87;87;87;154;3;1,9;
2026/01/31;0000 UTC;0;1011,9;1011,9;1011,9;0;22;20,2;22;22;20,2;20,2;91;91;91;179;1,5;,9;
2026/01/31;0100 UTC;0;1011,6;1011,9;1011,4;0;21,9;20,3;22;21,8;20,5;20;93;91;92;124;2,8;1,7;
2026/01/31;0200 UTC;0;1011,1;1011,4;1010,9;0;22;20;22,2;21,9;20,3;19,8;92;88;90;100;2,6;1,4;
2026/01/31;0300 UTC;0;1010,9;1011;1010,7;0;22;20,4;22,1;22;20,5;20,2;92;90;92;119;3,2;1,5;
2026/01/31;0400 UTC;0;1010,5;1010,8;1010,1;0;21,7;20,4;22,1;21,4;20,5;20,1;95;90;93;179;3,5;1,8;
2026/01/31;0500 UTC;0;1009,9;1010,1;1009,8;0;21,1;20,3;21,3;20,9;20,5;20,3;97;95;96;166;3;1,6;
2026/01/31;0600 UTC;0;1009,6;1009,8;1009,4;0;21,2;20,3;21,3;21;20,5;20,1;96;95;96;248;1,3;,9;
2026/01/31;0700 UTC;0;1009,4;1009,5;1009,3;0;20,9;20,2;21,1;20,7;20,3;20,1;98;95;97;237;2,7;1,9;
2026/01/31;0800 UTC;0;1009,4;1009,5;1009,2;0;20,6;20,1;20,8;20,5;20,3;20;98;97;97;246;2,1;1,4;
2026/01/31;0900 UTC;0;1009,4;1009,8;1009,2;,2;20,8;20,3;21,1;20,7;20,6;20,1;98;97;97;148;4,5;1,6;
2026/01/31;1000 UTC;0;1010;1010,2;1009,8;26,4;20,9;19;21,2;20,6;20,6;18,4;97;88;91;218;1,2;,8;
2026/01/31;1100 UTC;0;1010,2;1010,5;1010;263,4;20,7;19,1;20,8;20,6;19,6;18,2;94;87;92;123;3,3;1,8;
2026/01/31;1200 UTC;0;1010,8;1010,9;1010,5;1328,8;22,3;19,1;24,1;20,9;20,4;18;87;79;84;128;3,8;2,5;
2026/01/31;1300 UTC;2,5;1010,6;1010,9;1010,4;1571,6;23,6;20,2;24,9;21,3;20,7;19,8;95;77;83;144;6,1;3;
2026/01/31;1400 UTC;,2;1010,5;1010,7;1010,2;1971,5;22,8;20,2;24;21,4;22,2;18,6;97;75;87;170;6,2;2,5;
2026/01/31;1500 UTC;0;1010;1010,2;1009,7;2699,9;24,7;19,3;25,8;23,5;20,7;18,6;79;65;73;167;5,1;2,7;
2026/01/31;1600 UTC;0;1009,4;1009,7;1009,1;1790,1;25,5;18,4;26,2;25,2;19,2;17,3;70;57;64;169;5,3;2,1;
2026/01/31;1700 UTC;0;1008,9;1009,1;1008,7;3342,7;26,8;18,2;28;25,2;19,8;17,4;65;52;57;;;;
2026/01/31;1800 UTC;0;1008,4;1008,8;1007,8;2921,4;26,6;18,7;27,2;25,4;19,4;18;67;55;60;;;;
2026/01/31;1900 UTC;0;1007,5;1007,9;1007,2;2588,5;26,9;18,2;27,3;26,3;19,4;17,2;62;50;56;;;;
2026/01/31;2000 UTC;0;1006,7;1007,2;1006,4;2024,6;26,8;18,2;27,6;26;19,3;17,2;62;53;57;;;;
2026/01/31;2100 UTC;0;1006,6;1006,7;1006,5;1145;26;18;26,8;24,4;18,6;17,4;68;55;60;;;;
2026/01/31;2200 UTC;0;1006,3;1006,6;1006;403,3;24,1;18,1;24,7;23,4;18,5;17,7;73;65;70;;;;
2026/01/31;2300 UTC;0;1006,4;1006,8;1006,1;58,1;22,7;18,6;23,5;21,9;19,1;18;84;73;79;179;5,1;3;
2026/02/01;0000 UTC;0;1006,9;1006,9;1006,9;0;20,6;18,8;20,6;20,6;18,8;18,8;91;91;91;233;2,4;1,7;
2026/02/01;0100 UTC;0;1007;1007,1;1006,9;0;20,3;18,7;20,5;20,1;19;18,5;93;91;92;255;2,2;1,6;
2026/02/01;0200 UTC;0;1006,9;1007,1;1006,7;0;20,1;18,4;20,2;20;18,5;18,3;93;91;92;266;3,1;2;
2026/02/01;0300 UTC;0;1006,5;1006,7;1006,2;0;19,7;18,3;20;19,5;18,4;18,2;94;92;93;262;3,5;2,4;
2026/02/01;0400 UTC;0;1005,9;1006,2;1005,6;0;19,6;18,1;19,8;19,3;18,3;17,9;93;92;93;251;3,6;2,7;
2026/02/01;0500 UTC;0;1005,3;1005,6;1005;0;19,3;18;19,4;19,2;18;17,9;94;93;93;257;4,8;3;
2026/02/01;0600 UTC;0;1004,6;1005;1004,3;0;19,1;18,2;19,4;19;18,4;17,9;96;94;95;247;5;3,3;
2026/02/01;0700 UTC;0;1004,1;1004,3;1003,9;0;19,2;18,3;19,3;19;18,4;18,2;96;95;96;252;4,8;3,1;
2026/02/01;0800 UTC;0;1003,9;1004,1;1003,8;0;18,9;18,1;19,2;18,9;18,2;18,1;96;95;96;254;6,1;3,7;
2026/02/01;0900 UTC;0;1004,3;1004,7;1003,9;,6;19,2;18,1;19,3;18,9;18,2;18,1;96;94;95;252;5,7;3,7;
2026/02/01;1000 UTC;0;1005;1005,3;1004,7;128,7;19,4;18,3;19,7;19,2;18,5;18,1;95;94;94;251;6,3;3,9;
2026/02/01;1100 UTC;0;1005,5;1005,8;1005,2;1011,3;20,5;18,6;21,3;19,7;19,2;18,3;93;87;91;244;6,7;4,5;
2026/02/01;1200 UTC;0;1006,1;1006,4;1005,8;962,8;21,5;19,3;22,5;20,9;20;18,8;91;86;89;242;8,3;5,5;
2026/02/01;1300 UTC;0;1006,6;1006,8;1006,3;1006;22,2;19,8;22,9;21,9;20,2;19,4;92;85;88;245;6,5;3,7;
2026/02/01;1400 UTC;0;1006,5;1006,8;1006,2;1845,9;24,3;19,5;25;23;20,4;18,4;86;70;76;232;9,8;5,6;
2026/02/01;1500 UTC;0;1006,4;1006,6;1006;2527,7;25,6;18,5;27,1;24,2;19,1;17,8;74;55;65;227;11;7,5;
2026/02/01;1600 UTC;0;1006,1;1006,3;1005,9;2928;26,9;18,6;28;26,1;19,9;17,6;64;52;59;221;10,8;6,6;
2026/02/01;1700 UTC;0;1005,9;1006,1;1005,7;3372,7;27,7;19,2;28,6;27;20,3;18,4;63;52;57;215;11,7;7,3;
2026/02/01;1800 UTC;0;1006;1006,1;1005,6;3085;27,9;19,6;28,5;27,3;20,5;18,9;63;54;59;202;12;5,8;
2026/02/01;1900 UTC;0;1005,8;1005,9;1005,5;2965,6;28,2;19,8;28,7;27,7;20,7;19,2;62;54;58;190;9,4;6,2;
2026/02/01;2000 UTC;0;1005,9;1006;1005,7;2115,1;27,7;19,6;28;27,3;20,7;18,8;64;56;60;202;10;6,1;
2026/02/01;2100 UTC;0;1006,2;1006,5;1005,9;1268,6;27;19,6;27,8;26;20,1;18,6;69;56;63;177;7,1;3,7;
2026/02/01;2200 UTC;0;1006,9;1007,4;1006,5;540,9;26;19,6;26,6;25,1;19,9;19,3;73;65;68;164;5,1;2,7;
2026/02/01;2300 UTC;0;1007,6;1008,1;1007,4;39,9;23,6;19,5;25,1;22,3;19,8;19,2;85;73;80;179;2,9;1,6;
2026/02/02;0000 UTC;0;1008;1008,1;1007,9;0;21,9;19,2;22,3;21,3;19,4;19,1;89;84;87;216;1,8;1,4;
2026/02/02;0100 UTC;0;1007,9;1008,1;1007,7;0;21,1;18,8;21,3;20,5;19,2;18,5;90;88;89;239;2,4;1,6;
2026/02/02;0200 UTC;0;1008,5;1008,8;1008,1;0;20,3;18,4;20,5;20,1;18,7;18,3;91;90;91;250;2,9;1,9;
2026/02/02;0300 UTC;0;1008,6;1008,9;1008,3;0;20,1;18,4;20,3;20;18,7;18,2;93;90;92;227;3,6;2,5;
2026/02/02;0400 UTC;0;1007,7;1008,2;1007;0;19,6;18,3;20;19,2;18,5;18,1;95;92;93;233;2,3;1,5;
2026/02/02;0500 UTC;0;1006,9;1007;1006,8;0;19;18,2;19,3;18,7;18,4;17,8;97;95;96;260;1,9;1,1;
2026/02/02;0600 UTC;0;1007,1;1007,3;1006,8;0;18,8;18;19;18,6;18,1;17,8;97;95;96;256;2;1,5;
2026/02/02;0700 UTC;0;1007,1;1007,3;1007;0;19,6;18,3;20,2;18,9;18,5;17,9;96;91;93;269;2,7;1,7;
2026/02/02;0800 UTC;0;1007,7;1008;1007,3;0;20;18,3;20,2;19,8;18,5;18,1;92;91;92;259;3,2;2;
2026/02/02;0900 UTC;0;1008,1;1008,5;1007,9;,8;19,8;18,2;19,9;19,6;18,5;18;93;91;92;294;2,8;1,5;
2026/02/02;1000 UTC;0;1008,6;1008,7;1008,4;238,4;19,9;18,1;20,9;19,3;18,5;18;94;86;91;253;2,9;1,8;
2026/02/02;1100 UTC;0;1009;1009,3;1008,7;995,6;21,8;18,8;22,8;20,9;19,4;18,3;88;81;85;251;4,4;3;
2026/02/02;1200 UTC;0;1009,4;1009,4;1009,3;1865,2;23,6;19,1;24,3;22,8;19,9;18,3;82;71;77;244;5;3;
2026/02/02;1300 UTC;0;1009,4;1009,6;1009,3;2737,2;25,1;19,1;25,8;24,3;19,7;18,5;75;66;70;243;4,3;2,8;
2026/02/02;1400 UTC;0;1009,5;1009,6;1009,4;3340,3;26,3;19,2;27,1;25,7;20,2;18,1;71;55;64;;;;
2026/02/02;1500 UTC;0;1009,2;1009,5;1008,9;3721,3;27,7;19;28,3;27;19,8;18,2;60;51;56;;;;
2026/02/02;1600 UTC;0;1008,8;1009;1008,4;3796;28,3;18,9;29;27,7;20,3;18,2;61;48;53;;;;
2026/02/02;1700 UTC;0;1008,3;1008,5;1008,2;3787,8;29,7;18,2;30,7;29;19,5;16,5;51;36;42;;;;
2026/02/02;1800 UTC;0;1008;1008,3;1007,7;3662,6;30,7;18,3;31,2;30;19,9;17,3;50;34;38;;;;
2026/02/02;1900 UTC;0;1007,4;1007,7;1007;2969;30,9;19,1;31,9;29,8;20,9;18;54;34;41;;;;
2026/02/02;2000 UTC;0;1006,8;1007,1;1006,7;2220,8;29,7;20,3;30,2;29,2;20,9;19,4;57;48;53;;;;
2026/02/02;2100 UTC;0;1006,9;1006,9;1006,9;710,7;27;20,9;27;27;20,9;20,9;69;69;69;;;;
2026/02/02;2200 UTC;0;1007;1007;1007;215;25,4;20,7;25,4;25,4;20,7;20,7;77;77;77;;;;
2026/02/02;2300 UTC;0;1007,2;1007,2;1007,2;0;23,7;20,7;23,7;23,7;20,7;20,7;85;85;85;81;3;2,1;
2026/02/03;0000 UTC;0;1007,6;1007,6;1007,6;0;22,5;20,6;22,5;22,5;20,6;20,6;90;90;90;82;2,4;1,4;
2026/02/03;0100 UTC;0;1007,8;1007,9;1007,6;0;22,3;20,6;22,4;22,1;20,8;20,4;93;90;92;52;2,4;1,4;
2026/02/03;0200 UTC;0;1007,8;1007,9;1007,6;0;22,9;20,9;23,3;22,3;21,1;20,7;93;89;90;43;5;3;
2026/02/03;0300 UTC;0;1007,6;1007,7;1007,5;0;22,6;21;23,3;22;21,2;20,9;95;89;92;35;3,8;2,1;
2026/02/03;0400 UTC;0;1007,4;1007,6;1007,2;0;21,9;20,9;22,1;21,7;21;20,8;96;94;95;28;4,2;2,9;
2026/02/03;0500 UTC;0;1007;1007,2;1006,7;0;22;20,9;22,1;21,8;21;20,7;95;94;94;61;4;2,5;
2026/02/03;0600 UTC;0;1006,6;1006,8;1006,4;0;21,5;20,7;21,8;21,2;20,9;20,6;97;95;96;19;3,7;2,6;
2026/02/03;0700 UTC;0;1006,4;1006,5;1006,4;0;21,3;20,7;21,4;21,2;20,8;20,6;97;96;97;21;3,8;2,3;
2026/02/03;0800 UTC;0;1006,5;1006,5;1006,4;0;21,1;20,7;21,2;21;20,7;20,6;98;97;98;31;2,9;2,2;
2026/02/03;0900 UTC;0;1006,9;1007,1;1006,6;,6;20,9;20,5;21,1;20,8;20,7;20,4;98;98;98;32;3,2;2,4;
2026/02/03;1000 UTC;0;1007,5;1008;1007,1;277,6;21,2;20,5;22,2;20,7;20,8;20,2;98;93;96;36;2,6;1,6;
2026/02/03;1100 UTC;0;1008,4;1008,7;1008;992,5;23,5;20,8;24,4;22,2;21,4;20,2;93;80;86;185;3,8;2,3;
2026/02/03;1200 UTC;0;1008,8;1008,9;1008,7;1829,9;25,6;20,3;26,7;24,4;20,8;19,9;81;67;74;234;4,3;2,1;
2026/02/03;1300 UTC;0;1008,8;1008,9;1008,7;2664,8;28,2;20,2;29,5;26,7;21,3;19,6;70;57;60;142;4,4;2,6;
2026/02/03;1400 UTC;0;1008,6;1008,7;1008,4;3310,9;30;20,8;31,1;29,3;21,4;20,1;58;48;54;150;3,9;1,5;
2026/02/03;1500 UTC;0;1008,3;1008,5;1008,1;2933,6;31,1;20,4;32,3;30,3;21,4;19,5;56;41;47;;;;
2026/02/03;1600 UTC;0;1007,8;1008,1;1007,4;4009,7;32,1;20,4;32,6;31,4;21,7;19,1;50;33;41;;;;
2026/02/03;1700 UTC;0;1007,1;1007,4;1006,8;2405,2;32,1;20,1;33;31,3;21,3;19,1;47;33;40;;;;
2026/02/03;1800 UTC;0;1006,6;1006,9;1006,3;2077,9;31,8;20,7;32,9;31,1;21,8;20,1;51;38;45;;;;
2026/02/03;1900 UTC;0;1006,2;1006,3;1006;2369,6;32,6;21,2;33,3;31,9;21,8;20,4;46;39;43;;;;
2026/02/03;2000 UTC;0;1005,8;1005,8;1005,8;1737,2;32,1;21,1;32,1;32,1;21,1;21,1;45;45;45;;;;
2026/02/03;2100 UTC;0;1006,5;1006,5;1006,5;866,8;30,4;19,7;30,4;30,4;19,7;19,7;46;46;46;;;;
2026/02/03;2200 UTC;0;1006,8;1006,8;1006,8;168,4;28,7;18,8;28,7;28,7;18,8;18,8;50;50;50;;;;
2026/02/03;2300 UTC;0;1007,5;1007,5;1007,5;0;26,7;19,9;26,7;26,7;19,9;19,9;66;66;66;23;3,5;2,6;
2026/02/04;0000 UTC;0;1008,1;1008,1;1008,1;0;25,2;20,9;25,2;25,2;20,9;20,9;79;79;79;21;4,1;3;
2026/02/04;0100 UTC;0;1008,4;1008,5;1008,2;0;24,7;21,2;25,1;24,2;21,4;20,9;85;79;82;24;4,5;2,8;
2026/02/04;0200 UTC;0;1008,3;1008,4;1008,2;0;24,1;20,6;24,4;23,7;20,9;20,2;83;82;82;30;4,2;3;
2026/02/04;0300 UTC;0;1008,5;1008,6;1008,4;0;23,3;19,9;23,7;22,9;20,2;19,7;84;82;83;25;3,6;2,5;
2026/02/04;0400 UTC;0;1008,4;1008,6;1008,3;0;22,6;19,6;23;22;19,8;19,3;87;84;85;21;3,2;2,3;
2026/02/04;0500 UTC;0;1008,4;1008,4;1008,3;0;22,1;19,2;22,4;21,9;19,4;18,9;86;83;85;90;2,4;1,4;
2026/02/04;0600 UTC;0;1008,1;1008,3;1008;0;21,4;18,9;22;20,7;19;18,7;91;85;87;284;,8;,4;
2026/02/04;0700 UTC;0;1008;1008,1;1007,9;0;20,2;18,8;20,7;19,7;19,1;18,6;95;90;93;172;1,1;,5;
2026/02/04;0800 UTC;0;1008,2;1008,3;1008;0;19,4;18,7;19,7;19;19;18,3;98;96;97;200;2,3;1,1;
2026/02/04;0900 UTC;0;1008,5;1008,6;1008,3;,7;18,9;18,4;19,1;18,5;18,7;18;98;97;98;332;1,6;,9;
2026/02/04;1000 UTC;0;1008,9;1009,2;1008,6;242,8;19,2;18,6;20,5;18,4;19,9;18;99;91;97;294;1,5;,9;
2026/02/04;1100 UTC;0;1009,4;1009,5;1009,2;912,9;22,3;18,7;23,6;20,6;19,6;17,8;92;76;82;39;2,7;1,8;
2026/02/04;1200 UTC;0;1009,7;1009,9;1009,5;1754,3;25,7;18,6;27,5;23,7;19,7;17,5;77;53;65;47;2,8;1,8;
2026/02/04;1300 UTC;0;1010;1010,1;1009,8;2560,6;29;18,7;30,4;27,5;19,4;18,2;57;40;49;65;3,1;1,7;
2026/02/04;1400 UTC;0;1010,1;1010,2;1010;3174,3;31,3;18,9;32;30,3;19,8;18;42;35;38;59;3,5;2,1;
2026/02/04;1500 UTC;0;1010;1010,2;1010;3573,6;32,4;20,3;33;31,8;21,2;19,5;43;36;39;;;;
2026/02/04;1600 UTC;0;1010;1010,1;1009,9;3755,5;33,1;21,3;33,9;32,6;22,2;20,5;45;38;41;;;;
2026/02/04;1700 UTC;0;1010;1010,1;1009,7;3684,4;33,3;21,7;33,8;33,1;22,6;20,6;46;36;42;;;;
2026/02/04;1800 UTC;0;1009,8;1009,9;1009,6;3371,3;33,1;21,1;33,6;32,7;22,2;20,4;46;37;40;;;;
2026/02/04;1900 UTC;0;1009,2;1009,2;1009,2;2508,2;31,7;21,7;31,7;31,7;21,7;21,7;50;50;50;;;;
2026/02/04;2000 UTC;0;1009,5;1009,5;1009,5;1566,5;31;21,6;31;31;21,6;21,6;53;53;53;;;;
2026/02/04;2100 UTC;0;1009,3;1009,3;1009,3;959,8;29,9;21,4;29,9;29,9;21,4;21,4;57;57;57;60;6,3;5;
2026/02/04;2200 UTC;0;1009,7;1009,7;1009,7;155;28,5;21,3;28,5;28,5;21,3;21,3;64;64;64;57;6,4;4,9;
2026/02/04;2300 UTC;0;1010,5;1010,5;1010,5;0;27;21,6;27;27;21,6;21,6;73;73;73;49;7,2;4,9;
2026/02/05;0000 UTC;0;1010,9;1010,9;1010,9;0;26,1;22,3;26,1;26,1;22,3;22,3;81;81;81;54;5,4;3,9;
2026/02/05;0100 UTC;0;1011,2;1011,4;1011;0;26;22,8;26,1;26;23,4;22,2;87;81;84;42;6,7;4,2;
2026/02/05;0200 UTC;0;1011,5;1011,6;1011,4;0;25,9;23,3;26;25,7;23,5;23,2;88;87;87;37;6,9;3,8;
2026/02/05;0300 UTC;0;1011,5;1011,7;1011,3;0;25;23;25,7;24,6;23,3;22,7;91;88;90;34;6;4;
2026/02/05;0400 UTC;0;1011,5;1011,6;1011,4;0;24,2;22,5;24,6;23,9;22,7;22,4;93;90;91;26;4,5;2,9;
2026/02/05;0500 UTC;0;1011,2;1011,4;1011;0;23,6;22,5;23,9;23,3;22,5;22,3;95;93;94;31;3,4;2,2;
2026/02/05;0600 UTC;0;1011;1011,2;1010,9;0;23,3;22,4;23,4;23,2;22,5;22,3;96;95;95;32;3,7;2,2;
2026/02/05;0700 UTC;0;1010,8;1010,9;1010,7;0;22,9;22,2;23,2;22,7;22,4;22,1;97;96;97;26;3,7;2,4;
2026/02/05;0800 UTC;0;1010,9;1011;1010,7;0;22,6;22,1;22,7;22,4;22,2;22;98;97;97;22;2,2;1,4;
2026/02/05;0900 UTC;0;1011,1;1011,2;1011;,6;22,2;22;22,4;22,1;22,1;21,8;99;98;99;33;2,4;1,8;
2026/02/05;1000 UTC;0;1011,5;1011,8;1011,2;243,4;22,6;22,3;23,4;22,2;22,8;22,1;99;97;99;35;2;1;
2026/02/05;1100 UTC;0;1011,7;1012;1011,5;928,1;24,8;22,9;26,3;23,4;23,4;22,6;97;84;91;35;5,4;3,3;
2026/02/05;1200 UTC;0;1012,2;1012,4;1012;1732,7;27;23;28,2;26,2;23,3;22,8;85;74;80;41;6,8;4,8;
2026/02/05;1300 UTC;0;1012,3;1012,5;1012,2;2526;28,4;22,8;29,1;27,3;23,2;22,1;77;67;72;41;7,2;4,2;
2026/02/05;1400 UTC;0;1012,1;1012,3;1012;3218,5;29,9;22,7;30,9;29,2;23,4;22,2;68;60;64;49;6,4;4,1;
2026/02/05;1500 UTC;0;1011,7;1012,1;1011,5;3617,9;31,5;22,6;32,8;30,8;23,3;21,7;61;49;55;60;6,3;3,8;
2026/02/05;1600 UTC;0;1011,3;1011,5;1011;3785,5;33;22,5;33,7;32,1;23,4;21,8;53;43;48;36;7;3,1;
2026/02/05;1700 UTC;0;1010,6;1011;1010,3;3680,1;33,7;22,8;34,3;33,1;23,6;22,3;49;42;45;74;5,6;3,2;
2026/02/05;1800 UTC;0;1010;1010,3;1009,6;3353,1;32,4;25;33,9;31,8;25,5;23,4;66;48;63;85;8,8;5,8;
2026/02/05;1900 UTC;0;1009,3;1009,3;1009,3;2490,5;31,6;23,8;31,6;31,6;23,8;23,8;61;61;61;86;7,5;5,5;
2026/02/05;2000 UTC;0;1009,4;1009,4;1009,4;1695,6;31,1;22,9;31,1;31,1;22,9;22,9;59;59;59;79;8,8;4,8;
2026/02/05;2100 UTC;0;1009,6;1009,6;1009,6;838,7;30,6;20,9;30,6;30,6;20,9;20,9;52;52;52;79;6,3;5,2;
2026/02/05;2200 UTC;0;1010;1010;1010;87,7;29;20,4;29;29;20,4;20,4;57;57;57;51;6,9;4,5;
2026/02/05;2300 UTC;0;1010,5;1010,5;1010,5;0;27;22,9;27;27;22,9;22,9;79;79;79;57;5,8;4;
2026/02/06;0000 UTC;0;1010,5;1010,5;1010,5;0;27,1;23,9;27,1;27,1;23,9;23,9;84;84;84;40;6,5;5,4;
2026/02/06;0100 UTC;0;1010,7;1011;1010,4;0;26,4;23;27;25,9;23,8;22,6;84;82;83;29;8,5;5,5;
2026/02/06;0200 UTC;0;1010,6;1010,8;1010,4;0;25,4;22,6;25,9;25,1;22,7;22,5;88;83;86;32;8,2;5,3;
2026/02/06;0300 UTC;0;1010,4;1010,5;1010,3;0;24,7;22,7;25;24,4;22,8;22,7;92;88;90;29;6;3,8;
2026/02/06;0400 UTC;0;1010;1010,4;1009,8;0;24,1;22,7;24,4;23,9;22,8;22,6;94;92;93;29;5,8;2,7;
2026/02/06;0500 UTC;0;1009,5;1009,9;1009,3;0;23,6;22,5;23,9;23,3;22,6;22,3;95;93;94;26;2,9;1,9;
2026/02/06;0600 UTC;0;1008,9;1009,4;1008,4;0;23,2;22,2;23,4;23,1;22,4;22;96;95;95;21;4,8;3;
2026/02/06;0700 UTC;0;1008,5;1008,6;1008,3;0;22,9;22;23;22,8;22,1;21,9;96;95;95;36;3,2;2,2;
2026/02/06;0800 UTC;0;1008,7;1008,9;1008,6;0;22,7;21,8;22,9;22,3;22;21,6;96;95;96;44;2,5;1,4;
2026/02/06;0900 UTC;0;1009,3;1009,8;1008,8;,3;21,8;21,3;22,3;21,2;21,7;20,8;98;96;97;187;1,9;1,2;
2026/02/06;1000 UTC;0;1010,4;1010,8;1009,8;164,1;21,4;21,2;22,1;21,1;21,8;20,8;100;98;99;216;1,8;1,1;
2026/02/06;1100 UTC;0;1011,2;1011,3;1010,8;900,7;23,5;22,3;24,6;22,1;22,9;21,8;99;86;94;240;2,4;,8;
2026/02/06;1200 UTC;0;1011,3;1011,5;1011;1648;26,1;22,1;28;24,7;22,9;21,6;87;69;80;246;6,9;3,5;
2026/02/06;1300 UTC;0;1011,6;1011,9;1011,4;2356;28,1;22,5;29,2;27,2;23,3;22;75;67;72;239;8,9;5,6;
2026/02/06;1400 UTC;0;1011,9;1012,1;1011,7;2213,9;29,5;23,1;30,2;28,9;23,6;22,6;70;65;68;237;9,2;6,1;
2026/02/06;1500 UTC;0;1011,8;1012;1011,5;2263,4;29,5;23,7;30,2;29;24,2;23,3;74;66;71;206;9;5,3;
2026/02/06;1600 UTC;0;1011,6;1011,9;1011,4;2664,7;29,8;23,9;30,5;28,9;24,5;23,4;75;65;70;183;9,9;5,6;
2026/02/06;1700 UTC;0;1011,9;1012,1;1011,5;1931,7;28,5;23,2;29,5;27,1;24;22,4;78;70;73;180;9,9;5,7;
2026/02/06;1800 UTC;0;1012,1;1012,3;1012;1028,6;26,2;22,1;27,3;25,4;22,7;21,6;82;76;80;165;10,3;5,4;
2026/02/06;1900 UTC;0;1012;1012,1;1011,8;955;25,3;21,2;25,8;24,7;21,6;20,7;81;78;80;168;8,7;4;
2026/02/06;2000 UTC;0;1012,1;1012,2;1011,9;370,3;24,6;20,3;25,3;24,3;20,8;19,8;81;74;79;173;6,6;2,8;
2026/02/06;2100 UTC;0;1012,3;1012,3;1012,3;433,2;24,5;19,6;24,5;24,5;19,6;19,6;75;75;75;160;4,9;3,3;
2026/02/06;2200 UTC;0;1012,7;1012,7;1012,7;39,1;23,5;18,5;23,5;23,5;18,5;18,5;75;75;75;170;3,9;2,7;
2026/02/06;2300 UTC;0;1013,4;1013,4;1013,4;0;22,8;18,6;22,8;22,8;18,6;18,6;79;79;79;182;3,8;2,3;
2026/02/07;0000 UTC;0;1014,7;1014,7;1014,7;0;22,4;18,7;22,4;22,4;18,7;18,7;81;81;81;188;3,1;1,9;
2026/02/07;0100 UTC;0;1014,6;1014,9;1014,5;0;22;18,4;22,3;21,8;18,8;18,1;84;81;82;175;2,9;1,1;
2026/02/07;0200 UTC;0;1015,2;1015,4;1015;0;21,4;18,3;21,8;20,7;18,6;18;88;82;84;190;3,1;2,2;
2026/02/07;0300 UTC;0;1014,8;1015,1;1014,5;0;20,3;18,1;20,8;20;18,4;17,8;90;87;89;185;2,2;1,1;
2026/02/07;0400 UTC;0;1014,8;1015,2;1014,4;0;20,1;17,9;20,3;20;18,4;17,4;91;87;89;204;3;1,9;
2026/02/07;0500 UTC;0;1014,2;1014,7;1013,8;0;19,9;17,8;20;19,8;18,3;17,5;92;88;90;194;2,6;1,4;
2026/02/07;0600 UTC;0;1013,8;1014;1013,5;0;20,1;17,7;20,2;19,9;18,1;17,3;90;87;88;212;1,7;1;
2026/02/07;0700 UTC;0;1013,8;1014;1013,6;0;20;17,8;20,2;19,8;18,3;17,5;91;87;89;221;2,2;1,7;
2026/02/07;0800 UTC;0;1014;1014,2;1013,7;0;19,6;17,8;19,8;19;18;17,6;93;90;91;214;2,7;1,8;
2026/02/07;0900 UTC;0;1014,3;1014,4;1014,2;,2;18,7;17,5;19;18,4;17,7;17,1;94;93;94;186;2,9;1,8;
2026/02/07;1000 UTC;0;1014,8;1015,2;1014,3;106,6;18,5;17;18,7;18,4;17,1;16,9;93;92;93;174;2,6;1,4;
2026/02/07;1100 UTC;0;1015,7;1016;1015,2;915,6;21;17,3;23,1;18,8;18;16,7;92;69;82;152;3;1,3;
2026/02/07;1200 UTC;0;1015,9;1016,2;1015,7;1597,5;24;16;24,7;23,1;17;15,4;69;55;60;101;4,8;2,7;
2026/02/07;1300 UTC;0;1016,3;1016,5;1016,2;1959,1;24,7;15,8;25,5;24,1;16,7;15,3;59;52;56;71;4,7;2,7;
2026/02/07;1400 UTC;0;1016,2;1016,4;1016,1;3130,2;25,6;15,9;26,4;24,5;16,7;15,1;56;46;51;130;4,4;2,3;
2026/02/07;1500 UTC;0;1016,1;1016,2;1015,9;3783;26,8;16,3;27,8;26,1;17,6;15,6;53;40;47;74;5,9;3,7;
2026/02/07;1600 UTC;0;1015,9;1016,1;1015,7;4006,7;27,9;15,4;28,9;27,3;16,3;14,6;43;32;38;91;6,5;4;
2026/02/07;1700 UTC;0;1015,6;1015,7;1015,4;3885,1;28,5;15,7;29;27,8;17;14,9;42;31;36;114;7,4;4,4;
2026/02/07;1800 UTC;0;1015,4;1015,5;1015,2;3477,6;28,4;16,7;28,8;27,9;17,6;15,6;45;36;42;97;8;4,3;
2026/02/07;1900 UTC;0;1015,1;1015,2;1014,9;2975,8;28;16;28,4;27,5;17;15,2;44;35;40;102;6,9;4,4;
2026/02/07;2000 UTC;0;1014,8;1014,9;1014,6;2248,7;27,3;16,3;27,9;26,8;16,8;15,7;48;41;45;105;7,1;4,8;
2026/02/07;2100 UTC;0;1014,7;1014,8;1014,6;1308,7;26,4;16,2;26,9;25,7;16,4;15,9;53;46;49;90;7,3;4,3;
2026/02/07;2200 UTC;0;1015,1;1015,1;1015,1;150,2;23,6;15,9;23,6;23,6;15,9;15,9;61;61;61;76;5,3;2,7;
2026/02/07;2300 UTC;0;1015,1;1015,1;1015,1;0;21,4;15,9;21,4;21,4;15,9;15,9;72;72;72;62;3,2;2,4;
2026/02/08;0000 UTC;0;1015,7;1015,7;1015,7;0;20,6;15,1;20,6;20,6;15,1;15,1;73;73;73;43;1,4;,9;
2026/02/08;0100 UTC;0;1016;1016,1;1015,7;0;20,1;15,1;20,5;19,8;15,3;14,9;77;73;75;23;3,6;2,5;
2026/02/08;0200 UTC;0;1016;1016,1;1016;0;20,2;15,2;20,7;19,8;15,5;15;78;73;75;21;3,9;2,8;
2026/02/08;0300 UTC;0;1015,8;1016;1015,6;0;19,2;15,6;19,8;18,9;15,7;15,4;83;78;82;68;4,5;2,8;
2026/02/08;0400 UTC;0;1015,7;1015,7;1015,6;0;18,8;15,2;19,2;18,6;15,5;15,1;83;81;82;106;4,5;2,9;
2026/02/08;0500 UTC;0;1015,5;1015,6;1015,4;0;18,4;15;18,8;18,2;15,1;14,9;84;82;83;270;3;1,7;
2026/02/08;0600 UTC;0;1015,3;1015,4;1015,2;0;18,1;14,8;18,5;17;15,1;14,6;89;81;83;251;1,1;,7;
2026/02/08;0700 UTC;0;1015,2;1015,3;1015;0;16,3;14,8;17;15,6;15,3;14,4;96;89;93;60;,4;,3;
2026/02/08;0800 UTC;0;1015,1;1015,1;1015;0;15,7;15;15,9;15,4;15,4;14,6;97;95;97;235;,9;,3;
2026/02/08;0900 UTC;0;1015,4;1015,7;1015,1;,1;15,3;14,7;15,7;15;15;14,3;98;95;97;255;1,2;,9;
2026/02/08;1000 UTC;0;1015,7;1015,9;1015,6;259,8;15,9;15,3;17,4;15;16,9;14,4;98;93;97;191;,9;,3;
2026/02/08;1100 UTC;0;1016,1;1016,4;1015,9;934,1;19;15,9;20,7;17,2;16,3;15,6;93;76;85;297;1,5;,6;
2026/02/08;1200 UTC;0;1016,6;1016,8;1016,4;1781,6;22,3;16,3;23,8;20,7;16,9;15,8;78;62;70;210;3,8;2,3;
2026/02/08;1300 UTC;0;1016,8;1016,9;1016,7;2641,4;25;16,8;26,2;23,4;17,4;16,2;65;53;59;40;5,7;3,5;
2026/02/08;1400 UTC;0;1016,6;1016,7;1016,5;3288,7;26,8;16,6;27,5;25,9;17,7;15,9;56;44;49;41;5,8;3,7;
2026/02/08;1500 UTC;0;1016,5;1016,7;1016,2;3681,8;28;17;28,6;27,1;17,8;16,3;51;41;45;87;5,1;3,3;
2026/02/08;1600 UTC;0;1016;1016,2;1015,8;3897,7;28,6;17,8;29,1;28;18,7;16,9;50;41;46;97;6,9;4,5;
2026/02/08;1700 UTC;0;1015,6;1015,8;1015,3;3812,8;28,8;17;29,4;28,3;18,2;15,7;49;32;41;86;6,8;4,8;
2026/02/08;1800 UTC;0;1015,1;1015,4;1014,9;3401,6;28,8;16,5;29,2;28,5;17,7;15,8;44;35;38;80;7,8;4,7;
2026/02/08;1900 UTC;0;1014,7;1014,9;1014,2;2936,2;28,6;16,5;29;27,8;17,3;15,6;46;34;39;78;9;5,7;
2026/02/08;2000 UTC;0;1014,2;1014,4;1014;2215,6;27,7;17,5;28,2;27,1;18,2;16,7;55;43;49;80;8,5;5,5;
2026/02/08;2100 UTC;0;1013,9;1014,1;1013,7;1305,1;27;17,7;27,4;26,5;18,2;17;55;52;54;75;7,9;5,2;
2026/02/08;2200 UTC;0;1013,8;1013,9;1013,7;473;25,8;17,1;26,5;25,1;17,5;16,3;59;53;57;69;7,5;4,6;
2026/02/08;2300 UTC;0;1014,2;1014,2;1014,2;0;23,5;16,5;23,5;23,5;16,5;16,5;65;65;65;60;4,4;3,4;
2026/02/09;0000 UTC;0;1014,7;1014,7;1014,7;0;23,1;16,6;23,1;23,1;16,6;16,6;67;67;67;54;5,2;2,6;
2026/02/09;0100 UTC;0;1014,9;1015;1014,8;0;22,7;16,5;23,1;22,5;16,7;16,4;70;68;69;60;5,8;3,6;
2026/02/09;0200 UTC;0;1014,9;1015;1014,7;0;22,3;16,5;22,5;22;16,7;16,2;72;70;71;53;4,9;3,2;
2026/02/09;0300 UTC;0;1014,5;1014,8;1014,4;0;21,1;16,2;22,1;20,2;16,4;15,9;79;71;76;17;3,5;2,6;
2026/02/09;0400 UTC;0;1014,1;1014,4;1013,9;0;19,7;16,2;20,2;19,4;16,4;16;84;79;83;25;2,6;1,9;
2026/02/09;0500 UTC;0;1013,6;1014;1013,5;0;19,2;16,3;19,4;19;16,6;16;87;83;86;18;2,5;1,9;
2026/02/09;0600 UTC;0;1013,2;1013,4;1013;0;18,8;16,4;19;18,7;16,5;16,2;89;87;88;33;2,9;2;
2026/02/09;0700 UTC;0;1012,9;1013,1;1012,9;0;18,4;16,3;18,8;18,2;16,4;16,1;91;87;89;19;2,8;2;
2026/02/09;0800 UTC;0;1012,8;1013;1012,6;0;17,6;16,1;18,2;17,2;16,3;15,7;95;90;92;32;1,5;1;
2026/02/09;0900 UTC;0;1012,8;1013;1012,6;,1;16,9;15,9;17,3;16,4;16,4;15,5;96;93;95;107;1,6;,8;
2026/02/09;1000 UTC;0;1013;1013,2;1012,7;141,9;16,6;15,7;17,6;16,2;16,5;15,2;97;94;96;234;1,8;1,4;
2026/02/09;1100 UTC;0;1013,2;1013,4;1013,1;809,6;20;17,5;22,6;17,6;19,2;16,4;95;81;88;37;2,4;1,8;
2026/02/09;1200 UTC;0;1013,1;1013,3;1012,9;1388,6;24,9;19,4;26,7;22,8;19,9;19;81;63;73;58;9,4;5,5;
2026/02/09;1300 UTC;0;1013;1013,2;1012,8;1581,5;26;19,3;26,8;25,5;20;18,8;69;63;66;64;10;5,9;
2026/02/09;1400 UTC;0;1013;1013,1;1012,8;2040,9;26,6;19,9;27,8;26,1;20,6;19,5;69;62;67;57;11,1;2,8;
2026/02/09;1500 UTC;0;1012,8;1013;1012,6;2996;27,8;20,3;28,7;26,5;20,7;19,8;68;60;63;52;11,4;6,9;
2026/02/09;1600 UTC;0;1012,3;1012,7;1011,9;3046,7;28,4;20,6;29,5;27,5;21,4;20,1;65;57;61;51;10,1;6,1;
2026/02/09;1700 UTC;0;1011,6;1011,9;1011,4;1898;28,2;20,6;29,4;27,5;21,4;20,2;64;58;62;55;8,7;6;
2026/02/09;1800 UTC;0;1011,1;1011,5;1010,6;2852,2;29,1;21,1;30;28,2;21,6;20,5;63;57;60;62;10,9;6,6;
2026/02/09;1900 UTC;0;1010,4;1010,7;1010,1;2398,7;28,8;21,1;29,3;28,1;21,6;20,6;64;59;62;60;9,9;6,2;
2026/02/09;2000 UTC;0;1009,9;1010,2;1009,6;2119,7;28,4;21,1;29,1;28;21,7;20,5;66;60;64;56;11,5;6,3;
2026/02/09;2100 UTC;0;1009,7;1009,9;1009,3;1013,5;27,7;21,3;28,5;27,1;21,6;21;70;65;68;58;9,8;6,2;
2026/02/09;2200 UTC;0;1009,7;1009,8;1009,5;368,1;26,5;21,8;27,5;25,9;22,1;21,2;81;68;76;66;11,3;5,7;
2026/02/09;2300 UTC;0;1010;1010,4;1009,7;12,1;25,6;21,7;25,8;25,4;22;21,4;82;79;80;63;9,1;6;
2026/02/10;0000 UTC;0;1010,9;1010,9;1010,9;0;25,3;21,8;25,3;25,3;21,8;21,8;83;83;83;51;7,7;5,4;
2026/02/10;0100 UTC;0;1010,8;1010,9;1010,7;0;25,1;21,7;25,3;24,9;21,9;21,7;84;82;83;51;8,6;4,9;
2026/02/10;0200 UTC;0;1011;1011,1;1010,8;0;24,9;21,7;25;24,7;21,9;21,5;85;83;84;39;7,9;4,8;
2026/02/10;0300 UTC;0;1010,6;1010,9;1010,4;0;24,4;21,9;24,7;24,1;22;21,8;89;86;87;36;6,8;3,9;
2026/02/10;0400 UTC;0;1010,3;1010,5;1010,1;0;24;21,9;24,2;24;21,9;21,8;90;88;89;28;4,9;3;
2026/02/10;0500 UTC;0;1009,9;1010,3;1009,5;0;24,1;22,1;24,3;24;22,2;21,9;90;89;90;44;6;3,5;
2026/02/10;0600 UTC;0;1009,4;1009,6;1009;0;24,4;22,2;24,4;24,3;22,3;22,2;90;89;89;42;5,2;3,2;
2026/02/10;0700 UTC;0;1009;1009,2;1008,8;0;24;22,3;24,3;23,7;22,4;22,2;93;90;91;31;4,2;2,6;
2026/02/10;0800 UTC;0;1008,8;1008,9;1008,6;0;23,4;22,2;23,7;23,3;22,3;22,1;95;93;94;35;2,8;2;
2026/02/10;0900 UTC;0;1008,6;1008,7;1008,5;,1;23,3;22,4;23,4;23,2;22,5;22,3;96;95;96;48;2,6;1,7;
2026/02/10;1000 UTC;0;1008,7;1008,9;1008,5;94,4;23,4;22,5;23,5;23,3;22,5;22,4;96;95;96;29;3;2;
2026/02/10;1100 UTC;0;1009;1009,1;1008,8;713,3;24,4;22,9;25,7;23,5;23,2;22,5;95;87;92;41;4,8;3,3;
2026/02/10;1200 UTC;0;1009,1;1009,2;1009;1388,7;26,2;22,9;27,2;25,3;23,3;22,4;88;78;83;44;5,7;3,7;
2026/02/10;1300 UTC;0;1009;1009,1;1008,9;1732,4;27,5;22,7;28,9;26,8;23,1;22,4;79;69;76;56;5;3;
2026/02/10;1400 UTC;0;1008,8;1009;1008,7;2323,3;29,6;23;30,3;28,3;23,5;22,5;72;63;67;57;4,8;3;
2026/02/10;1500 UTC;0;1008,5;1008,7;1008,2;3299,9;31,5;23,4;32,6;30;24,3;22,8;65;55;59;55;5,3;2,9;
2026/02/10;1600 UTC;0;1007,8;1008,2;1007,4;3436,4;32,9;23,7;33,6;31,7;24;23,2;59;50;54;69;5,1;2,9;
2026/02/10;1700 UTC;0;1006,9;1007,4;1006,3;2831,4;33,6;23,8;34,5;31,8;24,8;22,5;65;46;51;96;7,6;4,3;
2026/02/10;1800 UTC;,2;1006,3;1006,5;1006;1905,4;31,3;24,6;33,2;28,3;25,5;22,7;76;61;67;45;9,8;6,2;
2026/02/10;1900 UTC;0;1005,9;1005,9;1005,9;515,9;26,6;23,2;26,6;26,6;23,2;23,2;83;83;83;111;2,9;1,8;
2026/02/10;2000 UTC;0;1005,9;1005,9;1005,9;186,8;25,5;24;25,5;25,5;24;24;93;93;93;266;3,1;1,7;
2026/02/10;2100 UTC;0;1005,4;1005,4;1005,4;860,4;26,7;24,9;26,7;26,7;24,9;24,9;91;91;91;145;2,2;1,5;
2026/02/10;2200 UTC;0;1005,3;1005,3;1005,3;110,8;27,2;24,8;27,2;27,2;24,8;24,8;88;88;88;88;4,4;2,7;
2026/02/10;2300 UTC;0;1005,6;1005,6;1005,6;0;26;24,8;26;26;24,8;24,8;94;94;94;87;3,1;2,3;
2026/02/11;0000 UTC;0;1006;1006;1006;0;26;24,5;26;26;24,5;24,5;93;93;93;39;4,1;3,2;
2026/02/11;0100 UTC;0;1006,2;1006,3;1006,1;0;25,7;24,3;26,2;25,3;24,5;24,2;96;91;93;193;2,2;1,5;
2026/02/11;0200 UTC;0;1006,2;1006,3;1006;0;25,1;24,4;25,4;24,8;24,5;24,2;98;95;97;46;3,3;2,3;
2026/02/11;0300 UTC;0;1006,2;1006,2;1006;0;24,7;24,3;25;24,6;24,4;24,1;98;97;98;188;1,8;,8;
2026/02/11;0400 UTC;0;1006;1006,2;1005,7;0;24,3;23,9;24,7;24;24,2;23,7;99;97;98;30;2,5;1,8;
2026/02/11;0500 UTC;0;1005,3;1005,7;1005,1;0;24;22,9;24,1;23,9;23,7;22,2;98;92;95;23;3,2;2,1;
2026/02/11;0600 UTC;0;1004,7;1005,1;1004,4;0;23,6;22;23,9;23,4;22,2;21,7;93;91;92;26;2,9;2,3;
2026/02/11;0700 UTC;0;1004,5;1004,8;1004,3;0;23,2;21,7;23,4;23,1;21,7;21,6;93;92;93;35;2,2;1,6;
2026/02/11;0800 UTC;0;1005,1;1005,5;1004,7;0;22,6;21,7;23,1;22,1;21,9;21,4;98;93;96;119;1;,7;
2026/02/11;0900 UTC;0;1005,8;1006,3;1005,5;0;22,2;21,7;22,3;22;22;21,5;98;98;98;72;3;1,6;
2026/02/11;1000 UTC;0;1006,7;1007,1;1006,3;183,5;22,5;21,7;23,6;22;22,1;21,5;98;92;96;58;2;1,3;
2026/02/11;1100 UTC;0;1007,4;1007,7;1007,1;865,3;24,8;22,4;26,4;23,6;23;21,9;92;82;88;32;2,6;1,7;
2026/02/11;1200 UTC;,2;1007,9;1008,4;1007,6;1724,7;27,9;22,9;29,1;26,4;23,6;22,4;84;68;75;303;5,5;2,6;
2026/02/11;1300 UTC;0;1008,3;1008,4;1008,2;2543,2;30,7;23,3;32;29,1;24;22,8;72;56;63;289;6,5;3,2;
2026/02/11;1400 UTC;0;1008,3;1008,5;1008,2;3195,9;33,1;23,8;34,4;32,1;24,6;23,2;58;47;53;282;5,4;2,4;
2026/02/11;1500 UTC;0;1008,1;1008,3;1007,9;3605,4;35,6;23,9;36,5;34,4;24,8;22,8;49;31;42;269;9;5;
2026/02/11;1600 UTC;0;1007,8;1008;1007,7;3746,5;36,7;23,6;37,4;36,2;24,2;22,9;38;31;35;277;8,8;4,5;
2026/02/11;1700 UTC;0;1007,6;1007,7;1007,3;3647,3;37,5;23,3;38;36,7;24,4;22,7;34;26;29;254;8,7;5,3;
2026/02/11;1800 UTC;0;1006,9;1006,9;1006,9;3115,7;38;23,2;38;38;23,2;23,2;26;26;26;275;5,4;4,5;
2026/02/11;1900 UTC;0;1006,8;1006,8;1006,8;2495,6;37,7;23,4;37,7;37,7;23,4;23,4;28;28;28;256;2,9;1,5;
2026/02/11;2000 UTC;0;1006,6;1006,6;1006,6;1657,7;37,6;23,7;37,6;37,6;23,7;23,7;31;31;31;217;4,8;3,6;
2026/02/11;2100 UTC;0;1006,9;1006,9;1006,9;874,8;35,9;24;35,9;35,9;24;24;40;40;40;205;3,4;2,5;
2026/02/11;2200 UTC;0;1007,8;1007,8;1007,8;85,7;32,2;23;32,2;32,2;23;23;54;54;54;70;5,5;3,5;
2026/02/11;2300 UTC;0;1008,3;1008,3;1008,3;0;30,5;22,4;30,5;30,5;22,4;22,4;60;60;60;44;4,8;2,4;
2026/02/12;0000 UTC;0;1008,6;1008,6;1008,6;0;29,2;23;29,2;29,2;23;23;69;69;69;50;2,2;1,8;
2026/02/12;0100 UTC;0;1008,8;1009,1;1008,5;0;29,1;22,7;29,4;28,4;23,1;22,3;73;65;68;91;2,4;1,5;
2026/02/12;0200 UTC;0;1009,3;1009,5;1009;0;28,1;24,2;28,4;27,7;24,5;23,1;83;74;81;47;2,1;1,3;
2026/02/12;0300 UTC;0;1009,2;1009,3;1009,2;0;28,3;24,1;28,5;28;24,5;23,5;81;77;79;43;3,4;1,6;
2026/02/12;0400 UTC;0;1009,4;1009,8;1009,1;0;28;24,5;28,6;26,8;24,6;24,2;89;79;83;198;1,7;,8;
2026/02/12;0500 UTC;,4;1009,5;1010,3;1008,5;0;27;25,1;27,6;26,2;25,5;24,6;95;86;90;210;5,9;3,4;
2026/02/12;0600 UTC;,6;1009,6;1010,1;1009;0;25,9;25,1;26,1;25,7;25,2;25;97;95;96;164;3,1;1,8;
2026/02/12;0700 UTC;0;1009;1009,2;1008,8;0;25,4;23,2;25,7;24,7;25;21,9;97;84;89;108;4,6;2,4;
2026/02/12;0800 UTC;0;1008,8;1009;1008,6;0;24,4;21,6;24,7;24,1;22,5;20,8;90;83;86;114;4,3;1,7;
2026/02/12;0900 UTC;0;1008,9;1009,1;1008,7;0;24,8;23;25,4;24,5;23,4;22,5;93;86;91;61;2,6;1,4;
2026/02/12;1000 UTC;0;1009,2;1009,4;1008,9;104,3;25,3;23,1;25,8;25;24,2;22,6;94;86;89;122;3,5;2;
2026/02/12;1100 UTC;0;1009,1;1009,6;1008,7;382,4;26,1;23,6;26,3;25,6;24,5;23;94;84;87;77;5,3;3,2;
2026/02/12;1200 UTC;0;1009,6;1009,9;1009,1;141,9;25,9;23,5;26,1;25,8;24,3;22,6;92;83;88;174;3,1;1,7;
2026/02/12;1300 UTC;0;1010;1010,3;1009,6;276,7;25,6;24,2;26;25,3;24,8;23,4;94;90;93;125;7,2;4,3;
2026/02/12;1400 UTC;20,2;1011,4;1013,2;1010,3;96;24,1;22,8;26,1;20,3;24,8;19,5;97;85;94;217;20,9;10;
2026/02/12;1500 UTC;,6;1011,4;1012,2;1010,1;295,8;20,8;20,1;21,4;20,5;20,5;19,6;98;95;97;207;3;2;
2026/02/12;1600 UTC;0;1011,4;1012,1;1011,1;1252,9;22,3;20,5;22,8;21,4;21,2;19,8;97;87;91;70;2;1;
2026/02/12;1700 UTC;,6;1012,4;1013,3;1011,2;838;23,2;21,1;23,7;22,8;22;20,1;94;86;89;220;4,2;2,5;
2026/02/12;1800 UTC;0;1011,3;1012,2;1010,9;1446,9;24,4;21,7;24,9;23,7;22,5;21,1;91;81;86;246;7,2;4,3;
2026/02/12;1900 UTC;0;1011,6;1012,2;1011,2;434,6;23,2;20,7;24,2;22,4;21,1;20,2;91;83;87;248;5,1;3,5;
2026/02/12;2000 UTC;3,3;1012,9;1013,7;1012,2;153,1;21,3;20,3;22,3;20,7;20,7;19,8;97;90;95;304;5,4;1,9;
2026/02/12;2100 UTC;,2;1011,8;1012,8;1011,1;252,2;20,8;20,2;21,1;20,6;20,5;19,8;97;96;97;31;2,7;2;
2026/02/12;2200 UTC;0;1010,9;1011,3;1010,2;133,2;21;20,2;21,1;20,9;20,4;19,9;97;95;96;191;3,5;1,2;
2026/02/12;2300 UTC;,2;1010,6;1011;1010;,7;20,9;20,1;21;20,8;20,2;19,9;96;95;96;41;2,7;1,5;
2026/02/13;0000 UTC;0;1013,3;1013,3;1013,3;0;21;20,3;21;21;20,3;20,3;97;97;97;239;2,9;2,2;
2026/02/13;0100 UTC;,2;1014,1;1014,8;1013,5;0;20,9;20,5;21;20,7;20,6;20,3;99;97;98;144;2,6;1,7;
2026/02/13;0200 UTC;,2;1012,9;1013,5;1012,5;0;20,8;20,6;20,9;20,7;20,7;20,4;99;98;99;167;4,1;2;
2026/02/13;0300 UTC;0;1013,4;1013,9;1012,8;0;20,6;20,3;20,7;20,6;20,4;20,2;99;98;99;262;4;1,9;
2026/02/13;0400 UTC;0;1012,8;1013,6;1012,2;0;20,6;20,2;20,7;20,5;20,3;20;99;97;98;73;3,6;2,4;
2026/02/13;0500 UTC;0;1012,3;1012,6;1012;0;20,5;20,1;20,7;20,4;20,2;20;98;97;98;266;3,6;2,2;
2026/02/13;0600 UTC;0;1012,3;1012,5;1011,9;0;20,4;19,7;20,5;20,2;20;19,5;98;95;96;224;3,7;2,3;
2026/02/13;0700 UTC;0;1012,3;1012,6;1012;0;20;19,8;20,2;19,9;19,9;19,8;100;98;99;231;5,2;3,6;
2026/02/13;0800 UTC;0;1012,4;1012,5;1012,3;0;19,8;19,7;20;19,7;19,9;19,4;99;99;99;237;2,8;1,8;
2026/02/13;0900 UTC;0;1012,6;1012,8;1012,4;0;19,4;19,2;19,6;19,2;19,4;19,1;100;99;99;242;2,8;2;
2026/02/13;1000 UTC;0;1013,1;1013,4;1012,6;214,7;19,6;19,1;20,4;19,2;19,3;19;100;94;97;243;4,5;3;
2026/02/13;1100 UTC;0;1014,1;1014,7;1013,5;1043,5;21,4;19,6;22,3;20,4;20,1;19,2;94;87;91;226;6,3;4;
2026/02/13;1200 UTC;0;1015;1015,5;1014,7;1630,9;22,9;20;23,9;22,2;20,5;19,4;90;80;85;236;6,2;3,9;
2026/02/13;1300 UTC;0;1015,9;1016,3;1015,5;2525,4;24,8;20,2;25,5;24;20,9;19,6;83;73;77;217;7,8;4,9;
2026/02/13;1400 UTC;0;1016,5;1016,8;1016,2;3012,7;26,1;20,7;26,6;25,4;21,2;20;78;70;73;211;8,3;5,7;
2026/02/13;1500 UTC;0;1016,7;1016,9;1016,5;3090,8;26,9;21,3;27,8;26,4;22,3;20,6;75;68;72;217;9,6;6,4;
2026/02/13;1600 UTC;0;1016,8;1017;1016,7;3448,3;27,6;21,4;28,6;26,8;22,1;20,8;75;65;69;199;9,6;5,6;
2026/02/13;1700 UTC;0;1016,7;1016,8;1016,5;3392,4;28,5;21,4;29,4;27,6;22,4;20,5;70;62;65;196;9,3;5,3;
2026/02/13;1800 UTC;0;1016,6;1016,7;1016,4;2170,3;27,3;21,4;28,1;26,6;22,2;20,8;76;66;71;171;10,2;5,3;
2026/02/13;1900 UTC;0;1016,9;1017,1;1016,6;1891,8;26,8;20,9;28,5;26;22,1;20,5;74;65;71;166;7,2;4,1;
2026/02/13;2000 UTC;0;1016,9;1017,1;1016,7;1166,9;26;20,5;27,1;25;20,9;20,2;76;68;72;152;8,8;5;
2026/02/13;2100 UTC;0;1016,8;1017;1016,5;828,6;25;19,8;25,3;24,3;20,2;19,3;76;72;74;153;9,7;5,5;
2026/02/13;2200 UTC;0;1017,5;1018,1;1017;172,4;23,8;18,9;24,2;23,4;19,2;18,3;76;74;75;148;7,4;3,8;
2026/02/13;2300 UTC;0;1018,4;1018,8;1018,2;2,1;23;18;23,4;22,7;18,5;17,6;76;74;75;155;7,6;3,9;
2026/02/14;0000 UTC;0;1019,7;1019,7;1019,7;0;22,3;16,9;22,3;22,3;16,9;16,9;73;73;73;133;2,8;2,2;
2026/02/14;0100 UTC;0;1020,1;1020,4;1019,7;0;21,9;16,7;22,1;21,7;17,1;16,5;76;73;74;127;4,3;2;
2026/02/14;0200 UTC;0;1020,5;1020,8;1020,1;0;21,7;16,9;22,2;21;17,3;16,4;81;72;76;152;2,8;1,3;
2026/02/14;0300 UTC;0;1020,5;1020,7;1020,3;0;20,7;17,2;21,1;20,2;17,6;16,9;87;79;83;199;2;1,4;
2026/02/14;0400 UTC;0;1020,1;1020,4;1020;0;20;17,3;20,4;19,7;17,7;16,9;89;83;86;239;1,7;1,2;
2026/02/14;0500 UTC;0;1019,4;1020;1018,9;0;19,4;17,5;19,7;19;17,9;17,1;92;88;91;225;2,5;1,6;
2026/02/14;0600 UTC;0;1018,9;1019;1018,7;0;18,6;17,3;18,9;18,4;17,4;17,1;94;92;93;221;2,6;1,8;
2026/02/14;0700 UTC;0;1018,6;1018,8;1018,3;0;18,3;17;18,5;17,9;17,2;16,8;96;92;94;227;2,2;1,7;
2026/02/14;0800 UTC;0;1018,1;1018,3;1018;0;18;16,8;18,2;17,8;17;16,7;95;93;94;193;2,9;1,8;
2026/02/14;0900 UTC;0;1018,8;1019,4;1018,2;0;18,2;16,9;18,4;18,1;17,1;16,7;94;92;93;216;2,1;1,4;
2026/02/14;1000 UTC;0;1019,6;1019,9;1019,4;67,7;18,5;17;18,8;18,3;17,3;16,7;94;91;92;224;2,2;1,5;
2026/02/14;1100 UTC;0;1020,2;1020,4;1019,9;380;19,7;17,7;20,5;18,9;18,3;17,2;93;87;90;191;2,1;1,4;
2026/02/14;1200 UTC;0;1020,5;1020,7;1020,3;1265,7;22,3;18,2;23,5;20,5;19,2;17;89;67;80;114;5,9;3,5;
2026/02/14;1300 UTC;0;1021;1021,3;1020,6;1321,3;23,8;17,1;24,3;23,5;17,6;16,7;70;64;66;111;6,1;3,7;
2026/02/14;1400 UTC;0;1021,1;1021,2;1021;1910,8;24,6;17,3;25,4;24;18;16,6;67;58;63;118;7;4;
2026/02/14;1500 UTC;0;1020,6;1021;1020,2;3612,2;26;17,2;26,5;25,1;18,2;16,4;61;50;56;110;7,6;4,4;
2026/02/14;1600 UTC;0;1020,1;1020,3;1019,8;3871,2;26,4;17;27,2;25,6;18,2;16,3;57;49;53;92;7,1;4,6;
2026/02/14;1700 UTC;0;1019,7;1020;1019,5;3585,7;26,5;16,7;27,2;25,9;17,8;16,2;54;47;51;99;7,7;4,7;
2026/02/14;1800 UTC;0;1019,2;1019,5;1018,8;1999,8;25,6;17,2;27;24,9;18;16,2;62;50;58;90;7,8;4,4;
2026/02/14;1900 UTC;0;1018,4;1018,9;1018,1;1513,5;25,2;17,3;26,5;24,6;18,4;16,9;63;56;61;92;7,2;4,6;
2026/02/14;2000 UTC;0;1018;1018,1;1017,8;1518,8;25,1;17;25,9;24,3;17,8;16,6;63;58;60;72;8,7;5,7;
2026/02/14;2100 UTC;0;1018,1;1018,2;1017,9;1223,2;24,8;16,8;25,4;24,4;17,3;16,5;63;57;60;82;8;5,3;
2026/02/14;2200 UTC;0;1018,2;1018,3;1018,1;371,9;23,5;16,7;24,4;22,9;17;16,3;69;63;66;94;7;4,5;
2026/02/14;2300 UTC;0;1018,2;1018,3;1018,2;11,6;22,1;16,6;22,9;21,4;16,8;16,3;75;69;72;93;5,6;3,5;
2026/02/15;0000 UTC;0;1018,2;1018,3;1018,1;0;21,3;16,4;21,6;21,1;16,8;16,2;78;73;75;76;7,4;3,2;
2026/02/15;0100 UTC;0;1018,3;1018,4;1018;0;21,8;16,6;22,1;21,4;16,7;16,4;76;72;74;72;6;3,7;
2026/02/15;0200 UTC;0;1017,8;1018;1017,6;0;21,2;16,7;21,4;21,1;17;16,5;79;75;77;65;5,2;3,2;
2026/02/15;0300 UTC;0;1017,5;1017,6;1017,2;0;21,3;17,5;21,5;21,3;18;17,1;82;79;81;63;5,4;3,4;
2026/02/15;0400 UTC;0;1016,9;1017,2;1016,7;0;21,4;18,3;21,6;21,1;18,4;18;85;82;84;42;3,5;2,1;
2026/02/15;0500 UTC;0;1016,4;1016,7;1015,8;0;20,3;17,8;21;19,8;18,1;17,7;90;85;88;29;2,2;1,6;
2026/02/15;0600 UTC;0;1015,7;1015,8;1015,3;0;19,9;17,9;20,2;19,7;18;17,8;91;89;90;30;2,6;1,9;
2026/02/15;0700 UTC;0;1015,1;1015,3;1014,9;0;20,2;18,2;20,5;19,9;18,6;17,9;91;89;90;27;3,1;2,1;
2026/02/15;0800 UTC;0;1014,9;1014,9;1014,8;0;21,2;19;22,2;20,5;19,3;18,6;92;85;89;63;5,4;2,8;
2026/02/15;0900 UTC;0;1015,1;1015,3;1014,8;0;22,6;19,5;22,8;22,2;19,7;19,2;85;84;84;69;6;3,4;
2026/02/15;1000 UTC;0;1015,4;1015,5;1015,3;61,2;23,2;19,9;23,4;22,8;20,2;19,7;85;83;84;58;5,9;3,5;
2026/02/15;1100 UTC;0;1015,6;1015,7;1015,4;385,3;23,9;20,5;24,4;23,4;20,8;20,1;84;81;83;58;6;4,1;
2026/02/15;1200 UTC;0;1015,7;1015,8;1015,6;595,4;24,7;20,9;25,1;24,4;21,1;20,7;82;79;81;55;8,9;5,8;
2026/02/15;1300 UTC;0;1015,6;1015,7;1015,5;1228,9;25,8;21,3;26,4;25,1;21,7;21;81;75;78;57;8,7;5,1;
2026/02/15;1400 UTC;0;1015,3;1015,6;1014,9;1783,5;26,8;21,7;27,2;26,3;22,1;21,4;77;73;75;53;9,4;4,9;
2026/02/15;1500 UTC;0;1014,6;1014,9;1014,2;2329,1;27,6;22,2;28,3;27,1;22,8;21,8;75;69;73;61;9,2;5,8;
2026/02/15;1600 UTC;0;1013,8;1014,3;1013,5;1828,5;27,8;22,4;28,2;27,3;22,7;22,1;74;71;73;55;10,3;6,1;
2026/02/15;1700 UTC;0;1013,1;1013,5;1012,6;3419;29;22,7;29,8;28,2;23,2;22,3;72;65;69;45;10,4;7,1;
2026/02/15;1800 UTC;0;1012,4;1012,7;1012,1;2951,7;29,4;23;30,3;28,3;23,7;22,4;72;65;68;55;9,7;5,8;
2026/02/15;1900 UTC;0;1011,9;1012,2;1011,4;2460,8;29,5;23,2;30,2;28,6;23,9;22,7;71;66;69;55;10,4;6,1;
2026/02/15;2000 UTC;0;1011,2;1011,5;1010,8;1978,1;29;23,2;29,8;28,1;23,6;22,9;74;67;71;51;12;7,2;
2026/02/15;2100 UTC;0;1010,8;1011;1010,6;976,2;28,1;23,1;28,7;27,3;23,5;22,9;78;72;75;46;11,3;7,1;
2026/02/15;2200 UTC;0;1010,9;1011,4;1010,6;70,3;26,9;23,1;27,3;26,6;23,3;22,8;83;79;81;59;10,1;6;
2026/02/15;2300 UTC;0;1012;1012;1012;0;25,4;24,1;25,4;25,4;24,1;24,1;94;94;94;46;5,7;3,2;
2026/02/16;0000 UTC;0;1012,1;1012,1;1012,1;0;25,3;24,3;25,3;25,3;24,3;24,3;95;95;95;52;5,2;3,9;
2026/02/16;0100 UTC;0;1012,3;1012,6;1011,9;0;25,2;24,3;25,3;25,1;24,4;24,2;96;95;95;40;7,9;5;
2026/02/16;0200 UTC;0;1012,2;1012,3;1011,8;0;25,1;24,3;25,2;25,1;24,4;24,1;96;95;96;58;5,7;3,8;
2026/02/16;0300 UTC;0;1011,8;1012;1011,5;0;25;23,6;25,2;24,5;24,1;23;95;92;93;26;5,6;3,5;
2026/02/16;0400 UTC;0;1011,4;1011,7;1011;0;24;23;24,6;23,6;23,1;22,9;97;92;95;26;3,9;2,7;
2026/02/16;0500 UTC;0;1010,3;1011;1010;0;23,4;23;23,7;23,3;23,1;22,9;98;97;98;21;5,4;3,3;
2026/02/16;0600 UTC;0;1009,9;1010;1009,8;0;23,3;22,9;23,3;23,2;23;22,9;98;98;98;22;2,7;1,9;
2026/02/16;0700 UTC;0;1009,8;1010,2;1009,5;0;23,2;22,9;23,4;23,1;23,1;22,8;99;98;98;88;1,8;1,3;
2026/02/16;0800 UTC;0;1009,5;1009,7;1009,3;0;22,8;22,7;23,1;22,5;22,8;22,4;99;99;99;51;1,8;,8;
2026/02/16;0900 UTC;0;1010,4;1011,1;1009,7;0;22,8;22,7;22,9;22,5;22,9;22,4;100;99;100;250;2,1;1,3;
2026/02/16;1000 UTC;0;1011,3;1011,6;1011,1;178,7;23,1;23;23,6;22,8;23,4;22,8;100;98;100;306;1,5;,9;
2026/02/16;1100 UTC;0;1011,3;1011,6;1011,2;582,3;24,3;23;24,9;23,4;23,3;22,7;98;90;94;98;2,7;1,3;
2026/02/16;1200 UTC;0;1011,4;1011,7;1011,2;761,6;25,1;22,9;25,6;24,7;23,3;22,6;92;86;89;252;3,6;2;
2026/02/16;1300 UTC;0;1011,7;1012,4;1011,4;1253,1;26,1;22,9;26,6;25,6;23,6;22,1;89;80;84;232;7,3;4,2;
2026/02/16;1400 UTC;0;1012,3;1012,5;1012,2;1839,1;26,9;22,4;27,5;26,2;23,2;21,9;81;74;78;230;5,9;3,7;
2026/02/16;1500 UTC;0;1012,2;1012,4;1011,9;2641,9;28,1;22,4;29;27,2;22,9;21,8;78;67;72;;;;
2026/02/16;1600 UTC;0;1012;1012,2;1011,6;2592,6;28,7;22,2;29,7;28;22,7;21,3;72;61;67;;;;
2026/02/16;1700 UTC;0;1011,5;1011,8;1011,1;2293,1;29,2;22,2;30,1;28,7;22,8;21,8;69;61;65;;;;
2026/02/16;1800 UTC;0;1010,9;1011,2;1010,5;2260,3;29,4;22,3;30,2;28,8;23,1;21,7;68;61;65;;;;
2026/02/16;1900 UTC;0;1010,4;1010,6;1010,2;2736,1;30,2;22,4;30,7;29,6;23,3;21,7;65;58;61;;;;
2026/02/16;2000 UTC;0;1010,5;1010,8;1010,2;2026,3;30;22;30,8;29,7;22,9;21,2;63;57;60;;;;
2026/02/16;2100 UTC;0;1011,1;1011,1;1011,1;767;29;20,7;29;29;20,7;20,7;58;58;58;;;;
2026/02/16;2200 UTC;0;1011,6;1011,6;1011,6;57,1;27,1;20,8;27,1;27,1;20,8;20,8;69;69;69;;;;
2026/02/16;2300 UTC;0;1011,6;1011,6;1011,6;0;24,1;21,9;24,1;24,1;21,9;21,9;89;89;89;147;2,2;1,5;
2026/02/17;0000 UTC;0;1012,4;1012,4;1012,4;0;22,9;21,3;22,9;22,9;21,3;21,3;92;92;92;188;1,8;1;
2026/02/17;0100 UTC;0;1012,7;1012,9;1012,4;0;22,5;21,3;22,8;22,3;21,4;21,1;95;93;94;198;1,6;1;
2026/02/17;0200 UTC;0;1012,9;1013,1;1012,7;0;22,3;21,2;22,5;22,2;21,3;21,1;95;94;94;268;1,1;,6;
2026/02/17;0300 UTC;0;1012,9;1013;1012,6;0;22,2;21,1;22,3;22,1;21,2;21;95;94;95;300;2,2;,8;
2026/02/17;0400 UTC;0;1012,5;1012,6;1012,4;0;21,8;21;22,1;21,6;21,1;20,8;97;95;96;225;1,8;1,2;
2026/02/17;0500 UTC;0;1012,3;1012,6;1012;0;21,3;20,8;21,6;21,1;20,9;20,7;98;96;97;200;2,3;1,6;
2026/02/17;0600 UTC;0;1011,6;1012;1011,4;0;21,1;20,7;21,2;20,9;20,9;20,5;98;98;98;198;2,7;1,8;
2026/02/17;0700 UTC;0;1011,4;1011,5;1011,2;0;21;20,7;21,1;20,9;20,8;20,5;99;98;98;233;2,1;1,5;
2026/02/17;0800 UTC;0;1011,6;1011,8;1011,5;0;21;20,7;21,1;21;20,8;20,7;99;98;99;252;1,4;1;
2026/02/17;0900 UTC;0;1012;1012,1;1011,7;0;21,1;20,9;21,2;21;21,1;20,8;99;99;99;303;1,1;,7;
2026/02/17;1000 UTC;0;1012,4;1012,7;1012,1;50,1;21,3;21,1;21,6;21,2;21,2;21,1;99;98;99;253;2,1;1,4;
2026/02/17;1100 UTC;0;1012,9;1013,1;1012,6;257,5;21,9;21;22,5;21,6;21,3;20,8;98;92;95;237;2,4;1,3;
2026/02/17;1200 UTC;0;1013,4;1013,6;1013,1;888,8;23;21,1;23,7;22,4;21,4;20,7;93;87;91;207;4,8;2,8;
2026/02/17;1300 UTC;0;1013,5;1013,7;1013,3;1193,4;24,2;21,2;24,9;23,6;21,5;20,5;88;79;85;197;3,9;2,1;
2026/02/17;1400 UTC;0;1013,3;1013,3;1013,2;2168,9;26;21,2;27,1;24,7;21,9;20,7;82;71;76;241;3,2;1,5;
2026/02/17;1500 UTC;0;1013,1;1013,3;1012,9;1641,4;27;21,8;27,4;26,6;22,3;21,3;76;72;74;;;;
2026/02/17;1600 UTC;0;1012,8;1013;1012,4;1590,9;27,6;22,2;27,8;27,3;22,7;21,9;75;71;73;;;;
2026/02/17;1700 UTC;0;1012,1;1012,4;1011,6;2603,6;28,7;22,6;29,9;27,8;23,7;22;73;64;69;;;;
2026/02/17;1800 UTC;0;1011,2;1011,5;1010,9;3226,8;30,1;23;30,8;29,7;23,5;22,5;68;61;64;;;;
2026/02/17;1900 UTC;0;1010,9;1011,1;1010,8;2587,7;30,3;22,2;30,8;29,8;22,8;21,5;64;55;59;;;;
2026/02/17;2000 UTC;0;1011;1011,1;1010,8;1800,8;29,9;20,8;30,6;29,3;22,6;19,4;63;47;54;;;;
2026/02/17;2100 UTC;0;1010,9;1011;1010,8;1157,1;29,4;19,7;30;28;21,8;18,5;69;46;52;;;;
2026/02/17;2200 UTC;0;1011,4;1011,4;1011,4;38,4;25,1;20,8;25,1;25,1;20,8;20,8;79;79;79;147;2,2;1,4;
2026/02/17;2300 UTC;0;1011,6;1011,6;1011,6;0;23,7;20,4;23,7;23,7;20,4;20,4;83;83;83;120;1,6;1,1;
2026/02/18;0000 UTC;0;1011,8;1011,8;1011,8;0;22,9;20,7;22,9;22,9;20,7;20,7;89;89;89;156;1,8;1,2;
2026/02/18;0100 UTC;0;1012;1012,1;1011,8;0;22,5;20,4;22,9;22;20,5;20,3;92;87;89;202;1,6;1,1;
2026/02/18;0200 UTC;0;1012,3;1012,5;1012;0;21,5;20,3;22;21;20,5;20;97;92;94;260;1,1;,8;
2026/02/18;0300 UTC;0;1012,5;1012,5;1012,4;0;20,9;20,2;21,1;20,7;20,4;20;98;96;97;247;1,4;1;
2026/02/18;0400 UTC;0;1012,4;1012,5;1012,3;0;20,4;20;20,9;20,2;20,5;19,7;99;97;98;295;1,5;,9;
2026/02/18;0500 UTC;0;1012,1;1012,3;1011,9;0;20,1;19,8;20,3;19,6;20,2;19,2;100;98;99;283;1,5;,9;
2026/02/18;0600 UTC;0;1011,6;1011,9;1011,5;0;20,2;20,1;20,7;19,7;20,5;19,5;100;99;99;243;2,6;1,9;
2026/02/18;0700 UTC;0;1011,5;1011,6;1011,3;0;20,1;20;20,5;20;20,3;19,8;100;99;99;251;3,1;2,2;
2026/02/18;0800 UTC;0;1011,4;1011,7;1011,3;0;19,9;19,8;20,1;19,8;20;19,7;100;99;99;255;3,5;2,5;
2026/02/18;0900 UTC;0;1012;1012,5;1011,7;0;20;20;20,1;19,9;20;19,8;100;100;100;254;3,3;2,1;
2026/02/18;1000 UTC;0;1013;1013,4;1012,6;167,1;20,2;20,1;20,7;20,1;20,5;20;100;99;99;247;3,4;2,4;
2026/02/18;1100 UTC;0;1013,5;1013,8;1013,4;871,1;21,4;20,7;22,1;20,7;21,1;20,3;99;94;97;222;4,2;2,8;
2026/02/18;1200 UTC;0;1013,9;1014;1013,8;1502,6;23,2;21,3;24,6;22,1;21,9;20,8;95;83;91;217;3,7;2,2;
2026/02/18;1300 UTC;0;1014;1014,2;1013,8;2018,3;25,3;21,4;26,5;24,4;22,1;20,4;86;70;80;195;5,2;2;
2026/02/18;1400 UTC;0;1014,2;1014,3;1014,1;2832,2;27;20,3;28,3;26,1;21;19,6;72;59;66;;;;
2026/02/18;1500 UTC;0;1014;1014,2;1013,9;3249,4;28,5;20,4;29,3;27,4;21;19,6;65;53;60;;;;
2026/02/18;1600 UTC;0;1013,5;1013,9;1013,3;3123,6;28,9;20,5;29,9;28,1;21,5;19,5;63;53;58;;;;
2026/02/18;1700 UTC;0;1013,2;1013,4;1013;3772,6;29,4;21,1;29,9;28,8;21,7;20,5;63;53;58;;;;
2026/02/18;1800 UTC;0;1012,9;1013,2;1012,7;3535,2;29,7;20,8;30,2;29,3;21,5;20,2;59;52;55;;;;
2026/02/18;1900 UTC;0;1012,5;1012,7;1012,3;2809,4;29,5;20,9;29,9;29,2;21,7;20,3;61;55;57;;;;
2026/02/18;2000 UTC;0;1012;1012,3;1011,6;2009,3;28,9;20,8;29,4;28,1;21,2;20,2;64;57;60;;;;
2026/02/18;2100 UTC;0;1011,1;1011,1;1011,1;721,3;27;20,7;27;27;20,7;20,7;68;68;68;;;;
2026/02/18;2200 UTC;0;1011,2;1011,2;1011,2;70,5;25,2;20,6;25,2;25,2;20,6;20,6;77;77;77;100;3,8;2,7;
2026/02/18;2300 UTC;0;1011,7;1011,7;1011,7;0;23,3;20,5;23,3;23,3;20,5;20,5;86;86;86;104;2,5;1,7;
2026/02/19;0000 UTC;0;1012,3;1012,3;1012,3;0;22;20;22;22;20;20;90;90;90;109;3,1;2,1;
2026/02/19;0100 UTC;0;1012,2;1012,4;1012,1;0;21,8;19,9;22;21,6;20;19,8;91;89;90;93;4,1;2,7;
2026/02/19;0200 UTC;0;1012,1;1012,3;1011,9;0;21,8;19,9;22,1;21,6;20,1;19,8;92;89;91;84;2,9;1,3;
2026/02/19;0300 UTC;0;1012;1012,2;1011,8;0;21;19,9;21,6;20,4;20,2;19,5;97;92;94;40;1,4;1,1;
2026/02/19;0400 UTC;0;1011,9;1012,1;1011,6;0;20,3;19,8;20,5;20,1;20;19,6;98;97;97;190;2,1;1;
2026/02/19;0500 UTC;0;1011,1;1011,8;1010,7;0;20,5;19,8;20,8;20,3;20,1;19,6;98;95;96;138;2,5;1,6;
2026/02/19;0600 UTC;0;1010,6;1010,7;1010,4;0;20,5;19,8;20,7;20,1;20;19,6;98;96;97;321;2;1,2;
2026/02/19;0700 UTC;0;1009,8;1010,3;1009,5;0;20;19,6;20,2;19,8;19,8;19,3;99;97;98;251;1,6;,9;
2026/02/19;0800 UTC;0;1009,3;1009,7;1009;0;19,8;19,5;19,9;19,6;19,8;19,3;99;98;99;264;1,3;,8;
2026/02/19;0900 UTC;0;1009,6;1009,9;1009,3;0;19,5;19,3;19,7;19,2;19,5;19;100;98;99;190;1,3;,5;
2026/02/19;1000 UTC;0;1009,8;1010,6;1009,2;84,3;19,3;19,1;19,6;18,7;19,5;18,4;100;98;99;188;2,2;1,8;
2026/02/19;1100 UTC;0;1010,7;1010,9;1010,4;619,4;20,1;19,9;21,4;18,8;20,9;18,7;100;96;99;220;1,2;,5;
2026/02/19;1200 UTC;0;1011,2;1011,4;1010,8;1301,4;23,2;20,6;24,6;21,5;21,2;20,1;96;78;87;184;4,4;2;
2026/02/19;1300 UTC;0;1011;1011,4;1010,7;2383,8;25,6;20,4;26,8;24,5;20,9;19,7;81;65;74;41;5,3;3,6;
2026/02/19;1400 UTC;0;1011,3;1011,4;1011,1;2561,7;27,2;19,6;28;26,4;20,5;19,1;67;56;62;;;;
2026/02/19;1500 UTC;0;1010,9;1011,4;1010,6;2826,5;28,3;19,3;28,9;27,7;19,9;18,7;59;51;55;;;;
2026/02/19;1600 UTC;0;1010,5;1010,9;1010,1;2436,5;28,7;19,6;29,1;28,3;20,7;18,5;61;50;54;;;;
2026/02/19;1700 UTC;0;1010,2;1010,3;1009,9;1783;28,3;20,7;28,8;28;21,2;19,7;65;57;62;;;;
2026/02/19;1800 UTC;0;1009,7;1010,3;1009,5;1208,8;27,6;20,4;28,2;27,1;21,1;19,6;66;62;64;;;;
2026/02/19;1900 UTC;0;1009,5;1009,9;1009,2;737,4;26,9;19,4;27,2;26,6;20,1;18,7;65;60;62;;;;
2026/02/19;2000 UTC;0;1010,2;1010,4;1009,7;357,6;26,5;19;26,7;26,5;19,4;18,6;64;60;62;;;;
2026/02/19;2100 UTC;0;1009,7;1010,2;1009,4;339,4;26;20,2;26,7;25,7;20,8;18,9;74;61;71;;;;
2026/02/19;2200 UTC;0;1009,1;1009,4;1008,7;66,8;25,4;19,5;25,7;25,1;19,9;19,2;72;69;71;78;3,8;2,3;
2026/02/19;2300 UTC;0;1008,5;1008,9;1008,3;3,1;24,7;20,1;25,1;24,4;20,6;19,2;81;71;77;89;5,4;2,9;
2026/02/20;0000 UTC;0;1009,8;1009,8;1009,8;0;24,5;20,8;24,5;24,5;20,8;20,8;82;82;82;74;3,5;1,9;
2026/02/20;0100 UTC;0;1010,2;1010,5;1009,8;0;24,3;20,9;24,5;24,1;21;20,8;84;81;83;99;2,8;1,6;
2026/02/20;0200 UTC;0;1010,6;1010,8;1010,4;0;24;20,9;24,2;23,9;21;20,7;85;83;84;118;3,6;2,3;
2026/02/20;0300 UTC;0;1010,9;1011,3;1010,6;0;23,7;21,1;24,3;23,3;21,4;20,6;90;82;87;143;2,6;1,6;
2026/02/20;0400 UTC;0;1011,2;1011,3;1011;0;23,1;21,2;23,3;22,9;21,3;21,1;92;89;91;177;2,7;1,3;
2026/02/20;0500 UTC;,4;1011,3;1011,5;1011,1;,9;21,1;18,3;22,9;19,7;21,1;16,3;92;77;86;90;5,2;1,6;
2026/02/20;0600 UTC;0;1010,8;1011,1;1010,6;0;20,3;17,5;20,5;20;18,2;16,7;91;81;86;312;3,6;1,4;
2026/02/20;0700 UTC;0;1010,4;1010,9;1009,6;0;19,9;18,1;20,1;19,7;18,5;17,5;93;88;91;255;5,1;2,8;
2026/02/20;0800 UTC;0;1010,5;1010,7;1010,3;0;20,1;17,3;20,4;19,7;17,9;17;90;83;86;67;1,6;1,1;
2026/02/20;0900 UTC;0;1010,6;1011;1010,4;0;19,5;18,1;19,7;19,3;18,5;17,6;95;89;93;158;2;1;
2026/02/20;1000 UTC;0;1011,1;1011,3;1011;48;19,9;19,3;20,2;19,4;19,5;18,5;98;95;97;235;5,1;3,5;
2026/02/20;1100 UTC;0;1011,9;1012,2;1011,4;300,6;20,7;19,4;21,2;20,2;19,6;19,2;96;91;93;258;3,6;2,5;
2026/02/20;1200 UTC;0;1012,4;1012,6;1012,1;786,2;22,2;20,2;23,2;21,2;21,2;19,3;91;88;90;221;5,8;3,7;
2026/02/20;1300 UTC;0;1012,8;1013,1;1012,5;1329,9;24,6;21,1;25,1;23,2;21,8;18,1;89;70;83;101;5,5;2,8;
2026/02/20;1400 UTC;0;1013,2;1013,3;1013,1;2156,5;24;19,8;26,9;21,9;21,1;18,4;88;64;79;202;4,9;2,3;
2026/02/20;1500 UTC;0;1012,9;1013,2;1012,6;2560,6;27,3;20,4;28,2;26,6;21,2;19,6;70;62;66;;;;
2026/02/20;1600 UTC;0;1012,7;1012,9;1012,4;3339,3;28,5;20,1;29,5;26,6;21,1;19,2;69;52;58;;;;
2026/02/20;1700 UTC;0;1012,8;1012,9;1012,7;3722,7;29,1;19,8;30;27,8;20,5;18,9;60;48;54;;;;
2026/02/20;1800 UTC;0;1012,8;1012,9;1012,7;2908,5;29;19,4;30,1;27,7;20,3;18,7;56;47;52;;;;
2026/02/20;1900 UTC;0;1012,9;1013;1012,6;2504,2;28,6;19,7;29,3;27,7;20;19,2;61;51;55;;;;
2026/02/20;2000 UTC;0;1012,9;1013;1012,7;1955,9;28,1;19,6;28,7;27,5;20,1;19,1;60;55;58;;;;
2026/02/20;2100 UTC;0;1012,8;1013;1012,7;1214,2;27,2;19,5;28;26,4;20;18,8;68;57;62;;;;
2026/02/20;2200 UTC;0;1013,3;1013,3;1013,3;61,9;24,8;19;24,8;24,8;19;19;71;71;71;;;;
2026/02/20;2300 UTC;0;1013,9;1013,9;1013,9;0;22,6;19,5;22,6;22,6;19,5;19,5;84;84;84;144;2;1,5;
2026/02/21;0000 UTC;0;1014,7;1014,7;1014,7;0;21,1;19,6;21,1;21,1;19,6;19,6;92;92;92;231;2,3;,3;
2026/02/21;0100 UTC;0;1015,1;1015,3;1014,8;0;21,3;19,7;21,6;21;19,9;19,5;93;90;92;227;1,9;,8;
2026/02/21;0200 UTC;0;1015,2;1015,3;1015,2;0;20,7;19,7;21;20,5;19,9;19,6;96;93;95;204;1,3;1,1;
2026/02/21;0300 UTC;0;1015,2;1015,3;1015,1;0;20,4;19,6;20,6;20,2;19,8;19,4;97;95;96;184;2,4;1,6;
2026/02/21;0400 UTC;0;1014,9;1015,1;1014,7;0;20,2;19,6;20,5;20;19,8;19,4;98;96;97;204;2,2;1,5;
2026/02/21;0500 UTC;0;1014,7;1014,9;1014,6;0;19,7;19,3;20;19,5;19,5;19;98;97;98;227;2,5;1,4;
2026/02/21;0600 UTC;0;1014,6;1014,7;1014,5;0;19,4;19;19,5;19,2;19,2;18,7;98;97;98;239;1,9;1,4;
2026/02/21;0700 UTC;0;1014,4;1014,6;1014,3;0;19,2;18,8;19,3;19;19;18,6;99;98;98;242;2,2;1,8;
2026/02/21;0800 UTC;0;1014,7;1014,9;1014,3;0;19;18,7;19,2;18,8;18,9;18,5;99;98;99;265;1,6;1;
2026/02/21;0900 UTC;0;1015,1;1015,4;1014,8;0;19;18,9;19,2;18,9;19,1;18,7;100;99;99;231;1,4;,8;
2026/02/21;1000 UTC;0;1015,7;1015,9;1015,3;144,6;19,2;19;19,8;18,8;19,5;18,7;100;98;99;236;2,1;1,5;
2026/02/21;1100 UTC;0;1016,1;1016,4;1015,9;836,3;20,8;19,8;22,2;19,8;20,5;19,4;98;91;95;226;2,7;1,8;
2026/02/21;1200 UTC;0;1016,7;1017;1016,4;1688,9;23,8;20,5;25,5;22,2;21,2;19,6;91;72;83;224;2,3;1,6;
2026/02/21;1300 UTC;0;1017;1017,2;1016,9;1626,8;25,5;19,9;26,5;25;20,6;19,5;76;67;72;;;;
2026/02/21;1400 UTC;0;1017,2;1017,3;1017,1;2898,8;27,2;19,7;28,4;26,2;20,5;19,1;69;59;62;;;;
2026/02/21;1500 UTC;0;1017;1017,2;1016,6;3185,6;28;19,9;28,8;27,2;20,7;19,1;64;56;60;;;;
2026/02/21;1600 UTC;0;1016,7;1016,8;1016,5;3373,7;28,4;19,8;29,4;27,6;20,9;19,1;61;52;57;;;;
2026/02/21;1700 UTC;0;1016,7;1016,8;1016,6;3624,8;28,9;19,2;29,4;27,8;20;18,5;54;48;51;;;;
2026/02/21;1800 UTC;0;1016,6;1016,7;1016,3;2675,4;28,6;19,5;29,2;27,7;20,2;18,7;57;50;54;;;;
2026/02/21;1900 UTC;0;1016,2;1016,4;1015,6;1441,8;27,1;20,3;28,8;26;20,8;19,6;73;55;66;;;;
2026/02/21;2000 UTC;0;1015,8;1015,9;1015,7;1287,7;27;20,5;28,1;25,3;21;20,2;76;62;68;;;;
2026/02/21;2100 UTC;,8;1015,9;1016;1015,7;298,6;24,4;20,8;25,5;23,9;21,5;20,2;88;75;82;108;5,8;3,4;
2026/02/21;2200 UTC;0;1015,8;1016;1015,7;306,2;24,7;20,6;25,2;24,2;21;20,1;83;74;80;99;6,7;3,9;
2026/02/21;2300 UTC;0;1016,4;1016,4;1016,4;0;23,5;20,1;23,5;23,5;20,1;20,1;83;83;83;104;6;3,7;
2026/02/22;0000 UTC;0;1017;1017;1017;0;22,7;19,7;22,7;22,7;19,7;19,7;85;85;85;100;4,9;3,4;
2026/02/22;0100 UTC;0;1017,1;1017,4;1017;0;22,8;19,7;23;22,7;19,9;19,5;85;84;84;98;4,5;2,9;
2026/02/22;0200 UTC;0;1017,3;1017,4;1017,3;0;23,2;20,3;23,3;23;20,5;19,8;87;84;86;99;4,5;2,9;
2026/02/22;0300 UTC;0;1017,3;1017,4;1017,2;0;22,9;19,9;23,1;22,5;20,3;19,6;86;84;85;101;6,1;3,8;
2026/02/22;0400 UTC;0;1017,2;1017,4;1017;0;22,2;19,3;22,5;21,7;19,6;19,2;87;84;86;96;4,8;2,9;
2026/02/22;0500 UTC;0;1016,9;1017,1;1016,6;0;21,7;19,4;21,9;21,5;19,6;19,2;90;87;89;105;5;3,1;
2026/02/22;0600 UTC;0;1016,6;1016,7;1016,4;0;22,2;19,6;22,3;21,9;19,8;19,5;88;86;87;75;4,1;2,1;
2026/02/22;0700 UTC;,2;1016,2;1016,4;1016,1;,5;22;19,7;22,2;21,8;20,2;19,6;91;87;89;97;6,4;2,7;
2026/02/22;0800 UTC;,2;1016,2;1016,3;1016;0;21,4;19,9;21,9;20,7;20,1;19,3;96;88;92;122;1,2;,5;
2026/02/22;0900 UTC;0;1016,2;1016,3;1016,1;0;20,5;19,6;21;20,2;19,9;19,4;98;94;96;79;3,3;1,9;
2026/02/22;1000 UTC;0;1016,4;1016,6;1016,2;99,7;21,4;19,8;22,2;20,9;20,1;19,6;94;89;92;86;2,9;1,6;
2026/02/22;1100 UTC;0;1016,9;1017,2;1016,6;443,3;23;20,3;23,9;22;20,8;19,8;91;82;86;60;4,8;3,1;
2026/02/22;1200 UTC;0;1017,4;1017,6;1017,2;1395,9;24,9;20,3;25,6;24,2;20,8;19,9;81;74;77;75;9,8;5,9;
2026/02/22;1300 UTC;0;1017,7;1017,8;1017,5;2428,5;26;20,4;26,6;25,3;21;19,8;77;68;72;;;;
2026/02/22;1400 UTC;0;1017,9;1018,1;1017,7;3045,1;26,9;20,4;27,6;26,3;21,5;19,7;73;63;68;;;;
2026/02/22;1500 UTC;0;1017,6;1018;1017,3;3112,1;27,6;20,4;28,4;26,7;21,3;19,9;68;61;64;;;;
2026/02/22;1600 UTC;0;1017;1017,3;1016,6;3603,6;28,2;20,2;28,7;27,8;21,1;19,2;65;56;60;;;;
2026/02/22;1700 UTC;0;1016,7;1016,8;1016,4;3638,8;28,5;20,7;29,1;27,9;21,8;20;64;57;61;;;;
2026/02/22;1800 UTC;0;1016,5;1016,7;1016,1;2557,5;27,7;20,4;28,3;26,8;21,2;19,9;69;59;63;;;;
2026/02/22;1900 UTC;0;1015,8;1016,2;1015,4;2276;27,3;20,8;27,9;26,2;21,3;20,3;71;65;68;;;;
2026/02/22;2000 UTC;0;1015,5;1015,8;1015,1;1705,2;26,5;20,5;27,1;25,9;21;20;74;67;70;;;;
2026/02/22;2100 UTC;0;1015,3;1015,6;1014,8;993,1;25,9;20,2;26,5;25,3;20,7;19,9;74;70;72;;;;
2026/02/22;2200 UTC;0;1014,8;1015,1;1014,5;238,7;25,1;19,6;25,7;24,8;19,9;19,3;74;71;73;;;;
2026/02/22;2300 UTC;0;1014,7;1014,7;1014,7;0;24,5;19,1;24,5;24,5;19,1;19,1;73;73;73;;;;
2026/02/23;0000 UTC;0;1015,2;1015,2;1015,2;0;24,2;20;24,2;24,2;20;20;79;79;79;79;10,4;5,3;
2026/02/23;0100 UTC;0;1015,2;1015,3;1015,1;0;24,1;20,1;24,3;24;20,3;19,9;81;79;80;73;9,2;5,3;
2026/02/23;0200 UTC;0;1015,2;1015,3;1015,1;0;24,3;19,8;24,4;24,1;20,3;19,5;81;76;77;61;7,9;5;
2026/02/23;0300 UTC;0;1015;1015,2;1014,9;0;24;19,7;24,2;23,8;19,8;19,5;79;78;79;59;7;4,7;
2026/02/23;0400 UTC;0;1014,7;1014,9;1014,5;0;23,7;19,4;23,8;23,6;19,6;19,3;79;77;78;64;8,1;4,8;
2026/02/23;0500 UTC;0;1014,3;1014,6;1014,1;0;23,6;19,6;23,7;23,4;19,7;19,5;81;79;80;54;7,3;4,5;
2026/02/23;0600 UTC;0;1013,9;1014,1;1013,8;0;23,3;19,8;23,4;23,1;19,9;19,6;84;81;82;56;6,4;3,7;
2026/02/23;0700 UTC;0;1013,8;1013,9;1013,6;0;23;19,7;23,2;22,8;19,9;19,4;84;83;83;64;6,3;3,8;
2026/02/23;0800 UTC;0;1013,5;1013,7;1013,4;0;22,5;19,3;22,8;22,4;19,5;19,2;85;83;84;55;5,2;3,2;
2026/02/23;0900 UTC;0;1013,5;1013,6;1013,4;0;22,4;19,3;22,5;22,3;19,5;19,1;86;83;84;64;5,7;3,8;
2026/02/23;1000 UTC;0;1013,8;1014;1013,4;120,9;22,6;19,4;23,2;22,3;20;19;85;83;84;36;3,9;2,2;
2026/02/23;1100 UTC;0;1014;1014,1;1013,8;561,6;23,6;20,2;24,1;23,1;20,8;19,7;85;81;83;37;3,9;2,3;
2026/02/23;1200 UTC;0;1014,3;1014,5;1014,2;1489,7;25,7;21;26,7;24,2;21,4;20,5;83;70;76;46;10;6;
2026/02/23;1300 UTC;0;1014,6;1014,7;1014,4;2096,4;27;20,6;27,9;26;21;20,3;74;64;68;41;9,5;5,6;
2026/02/23;1400 UTC;0;1014,4;1014,6;1014,2;2417;27,9;20,9;28,3;27,3;21,3;20,4;67;63;65;;;;
2026/02/23;1500 UTC;0;1013,7;1014,3;1013,3;2875,1;28,5;21,1;29,3;27,6;21,6;20,7;67;59;63;;;;
2026/02/23;1600 UTC;0;1013,2;1013,5;1012,9;2386,9;28,7;20,9;29,6;28,1;21,6;20,5;64;58;61;;;;
2026/02/23;1700 UTC;0;1012,7;1013;1012,2;2636,8;29,2;20,4;29,6;29;21,4;19,6;60;51;56;;;;
2026/02/23;1800 UTC;0;1011,8;1012,2;1011,3;2079,9;28,9;19,6;29,5;28,4;20,1;19;57;50;53;;;;
2026/02/23;1900 UTC;0;1011;1011,3;1010,6;1897,4;27,9;21;28,8;26,8;22,2;19,7;75;56;65;;;;
2026/02/23;2000 UTC;0;1010,4;1010,8;1009,9;1069,7;26,4;22;27,1;25,9;22,3;21,7;82;73;78;;;;
2026/02/23;2100 UTC;0;1010;1010,2;1009,7;377,2;25,8;21,7;26;25,6;22,2;21,3;82;77;80;;;;
2026/02/23;2200 UTC;0;1009,4;1009,4;1009,4;40,2;24,9;21,1;24,9;24,9;21,1;21,1;81;81;81;;;;
2026/02/23;2300 UTC;0;1010,3;1010,3;1010,3;0;24,8;21,3;24,8;24,8;21,3;21,3;82;82;82;;;;
2026/02/24;0000 UTC;0;1010,9;1010,9;1010,9;0;24,5;20,7;24,5;24,5;20,7;20,7;81;81;81;;;;
2026/02/24;0100 UTC;0;1010,8;1011;1010,5;0;24,4;20,8;24,5;24,3;21;20,6;83;80;82;;;;
2026/02/24;0200 UTC;0;1010,1;1010,5;1009,5;0;24,3;21,3;24,4;24,2;21,5;21;86;83;85;;;;
2026/02/24;0300 UTC;0;1010;1010,4;1009,7;0;24,3;21,2;24,4;24,1;21,3;21,1;86;84;85;;;;
2026/02/24;0400 UTC;0;1009,3;1009,7;1008,9;0;24,1;21,3;24,2;24;21,6;21,2;88;85;86;;;;
2026/02/24;0500 UTC;0;1008,6;1008,9;1008,3;0;24,2;21,7;24,3;24,1;21,9;21,5;89;86;88;;;;
2026/02/24;0600 UTC;0;1008,1;1008,4;1007,7;0;24,2;21,4;24,3;24,1;21,6;21,3;87;85;86;;;;
2026/02/24;0700 UTC;0;1007,5;1007,8;1007,3;0;24,3;21,5;24,4;24,3;21,7;21,4;87;86;86;;;;
2026/02/24;0800 UTC;0;1007,3;1007,4;1007,1;0;24;21,6;24,3;23,7;21,7;21,4;89;87;88;;;;
2026/02/24;0900 UTC;0;1007,4;1007,6;1007,3;0;23,5;21,5;23,7;23,3;21,6;21,3;92;89;90;;;;
2026/02/24;1000 UTC;0;1007,8;1008,1;1007,6;54,8;22,9;21,8;23,3;22,7;22;21,6;96;92;94;32;4,1;3,2;
2026/02/24;1100 UTC;5,5;1008,2;1008,5;1008;117,3;23;22;23,2;22,7;22,2;21,9;97;94;95;;;;
2026/02/24;1200 UTC;,8;1008,4;1008,5;1008,3;250,5;22,8;22,1;22,9;22,6;22,3;21,9;97;95;97;;;;
2026/02/24;1300 UTC;4,7;1008,7;1008,8;1008,3;226,4;22,6;21,9;22,9;22,4;22,1;21,7;98;95;96;;;;
2026/02/24;1400 UTC;2,7;1008,6;1008,8;1008,4;403,1;22,3;21,7;22,5;22,1;22,1;21,4;98;95;97;;;;
2026/02/24;1500 UTC;0;1008,1;1008,4;1007,9;1054;23,2;21,8;23,8;22,5;22,3;21,3;95;91;93;;;;
2026/02/24;1600 UTC;5,3;1008,1;1008,2;1007,9;287,9;22,5;21,6;23,6;21,9;21,9;21,4;98;91;96;;;;
2026/02/24;1700 UTC;,4;1007,8;1008;1007,6;592,5;22,3;21,7;22,5;22;21,9;21,5;98;96;97;;;;
2026/02/24;1800 UTC;,4;1007,4;1007,8;1007,2;287,8;22,5;21,7;22,7;22,4;22,1;21,4;97;95;96;;;;
2026/02/24;1900 UTC;,6;1005,9;1007,1;1005,3;319,4;22,4;21,6;22,8;22,2;22,1;21,3;97;95;96;;;;
2026/02/24;2000 UTC;,2;1005;1005,4;1004,6;918,5;23,4;22,1;24,4;22,8;22,7;21,9;96;88;93;;;;
2026/02/24;2100 UTC;0;1004,8;1005;1004,6;798,3;25;22,2;25,4;24,5;22,6;21,7;89;83;86;;;;
2026/02/24;2200 UTC;0;1005,5;1005,7;1005,1;268,9;25;22,3;25,3;24,4;22,7;22;91;85;86;;;;
2026/02/24;2300 UTC;0;1005,3;1005,6;1005;2,8;23,3;22,3;24,3;22,6;22,7;22;97;92;95;;;;
2026/02/25;0000 UTC;0;1005,5;1005,6;1005,3;0;22,2;21,6;22,6;22;22;21,5;98;97;97;42;2,4;1,7;
2026/02/25;0100 UTC;0;1006,1;1006,4;1005,6;0;22,2;21,6;22,2;22;21,7;21,4;98;97;97;25;3,2;2;
2026/02/25;0200 UTC;0;1006,3;1006,5;1006,1;0;22;21,6;22,3;21,8;21,8;21,5;99;97;98;26;2,1;1,6;
2026/02/25;0300 UTC;0;1005,9;1006,2;1005,5;0;22,2;22;22,3;22;22,1;21,8;99;99;99;104;3,2;1,8;
2026/02/25;0400 UTC;0;1005,2;1005,7;1004,9;0;21,9;21,8;22,1;21,7;21,9;21,6;100;99;99;275;2,4;1,2;
2026/02/25;0500 UTC;0;1005,1;1005,3;1004,9;0;21,7;21,6;21,8;21,4;21,7;21,2;100;99;99;254;3;2;
2026/02/25;0600 UTC;0;1004,8;1005,1;1004,6;0;21,6;21,2;21,9;21,1;21,6;20,8;100;97;98;253;4,2;2,6;
2026/02/25;0700 UTC;0;1005,2;1005,3;1005;0;21;20,3;21,2;20,9;20,8;19,7;99;94;97;246;5,7;3,4;
2026/02/25;0800 UTC;0;1005,4;1005,7;1005,2;0;20,6;19,6;21;20,4;19,7;19,4;97;93;95;238;5,3;3,5;
2026/02/25;0900 UTC;0;1006,2;1006,6;1005,7;0;20,7;20,1;20,8;20,4;20,2;19,8;97;97;97;234;5,6;3,5;
2026/02/25;1000 UTC;0;1007;1007,5;1006,6;90,6;20,9;20,3;21,4;20,7;20,7;20,2;98;96;97;243;5,6;3,6;
2026/02/25;1100 UTC;0;1007,8;1008,1;1007,5;426,2;21,8;20,9;22,1;21,4;21,2;20,6;97;94;96;241;6,9;4,3;
2026/02/25;1200 UTC;0;1008,2;1008,5;1008;648,4;22,6;21,1;23,4;22;21,4;20,8;95;88;93;222;9,8;5,9;
2026/02/25;1300 UTC;0;1008,8;1009,3;1008,4;1335,3;23,9;20,9;24,2;23,5;21,5;20,3;88;82;85;216;10,2;6;
2026/02/25;1400 UTC;0;1009,4;1009,6;1009,2;1519,6;23,8;20,6;24,7;23,1;21,7;20,1;90;77;84;;;;
2026/02/25;1500 UTC;0;1009,5;1009,6;1009,3;1848,3;24,3;19,4;25,6;23,7;20,6;18,7;83;71;75;;;;
2026/02/25;1600 UTC;0;1009,6;1009,7;1009,4;1485,1;24;18,5;24,6;23,6;19,2;17,8;78;69;73;;;;
2026/02/25;1700 UTC;0;1009,5;1009,7;1009,3;1892,9;24,2;17,9;24,5;23,8;18,6;17,1;72;64;68;;;;
2026/02/25;1800 UTC;0;1009,4;1009,6;1009,2;1977,1;24,4;17,3;25,1;24;18,1;16,6;70;59;65;;;;
2026/02/25;1900 UTC;0;1009,5;1009,6;1009,3;2578,7;24,8;16,6;25,2;24,4;17,3;16;62;56;59;;;;
2026/02/25;2000 UTC;0;1009,6;1009,7;1009,3;1342;24;15,7;25;23,4;16,5;15,1;61;55;59;;;;
2026/02/25;2100 UTC;0;1009,4;1009,6;1009,2;1103,1;23,6;15,3;24,1;22,9;15,7;14,9;63;56;59;;;;
2026/02/25;2200 UTC;0;1009,4;1009,5;1009,3;289,8;21,6;15,1;22,8;20,2;15,6;14,8;74;63;67;;;;
2026/02/25;2300 UTC;0;1010;1010,2;1009,6;3,4;19;15,2;20,2;18;15,5;14,8;85;73;81;190;4,4;2,5;
2026/02/26;0000 UTC;0;1010,5;1010,7;1010,2;0;17,6;14,5;18;17,3;15;14,1;86;84;85;211;4,6;2,6;
2026/02/26;0100 UTC;0;1010,8;1011;1010,6;0;17,5;14,4;17,6;17,4;14,7;14;86;82;84;195;6;3,6;
2026/02/26;0200 UTC;0;1011;1011,1;1011;0;17,3;13,9;17,6;16,9;14,2;13,7;85;82;83;223;4,1;2,3;
2026/02/26;0300 UTC;0;1011;1011,1;1010,9;0;16,5;13,7;16,9;16,3;14;13,4;87;85;86;230;3,2;2,4;
2026/02/26;0400 UTC;0;1010,8;1010,9;1010,6;0;16,1;13,5;16,3;15,8;13,6;13,4;89;86;87;235;3,3;2,3;
2026/02/26;0500 UTC;0;1010,6;1010,7;1010,5;0;15,8;13,3;15,9;15,6;13,5;13,1;88;87;88;235;4;2,7;
2026/02/26;0600 UTC;0;1010,3;1010,5;1010,1;0;15,5;13,1;15,6;15,3;13,3;12,9;89;88;88;232;3,8;2,7;
2026/02/26;0700 UTC;0;1010;1010,2;1009,9;0;15,3;12,7;15,4;15,2;13;12,3;89;85;87;220;4,8;2,6;
2026/02/26;0800 UTC;0;1010,2;1010,4;1010;0;14,9;12,1;15,3;14,4;12,5;11,9;88;85;86;233;4,2;2,8;
2026/02/26;0900 UTC;0;1010,5;1010,7;1010,3;0;14,9;12;15,1;14,6;12,1;11,9;87;84;86;230;4,8;3,2;
2026/02/26;1000 UTC;0;1011;1011,3;1010,6;100,4;14,7;11,9;15,3;14,3;12,1;11,7;89;83;86;248;3;2;
2026/02/26;1100 UTC;0;1011,6;1012;1011,4;749,9;16,7;12,6;17,9;15,3;13,3;11,8;83;76;79;230;4,5;3,2;
2026/02/26;1200 UTC;0;1012,4;1012,7;1012;1637,9;18,9;13,7;20;17,8;14,2;13;78;68;74;213;5,8;3,2;
2026/02/26;1300 UTC;0;1012,9;1013,1;1012,7;2459,1;21;13,6;22;20,1;14,5;12,8;70;55;63;197;5,4;3,8;
2026/02/26;1400 UTC;0;1013,1;1013,1;1013;3313,9;22,5;13;23,3;21,3;14;12,5;59;47;53;;;;
2026/02/26;1500 UTC;0;1013;1013,1;1012,8;2624,5;22,8;12,9;23,5;22,2;13,8;12,2;54;47;50;;;;
2026/02/26;1600 UTC;0;1012,8;1013;1012,3;3470;23,4;13,4;24,2;22,7;14,3;12,6;54;44;50;;;;
2026/02/26;1700 UTC;0;1012,4;1012,6;1012,2;2982,7;23,8;13,9;24,7;22,9;14,8;13;54;47;50;;;;
2026/02/26;1800 UTC;0;1011,9;1012,3;1011,6;3548,1;24,4;13,8;25,2;23,1;14,9;13,1;53;43;47;;;;
2026/02/26;1900 UTC;0;1011,4;1011,6;1011,2;1683,7;23,3;13,8;24,5;22,4;14,7;13,1;56;48;53;;;;
2026/02/26;2000 UTC;0;1011,2;1011,3;1011,1;1383,1;23,1;13,5;24,4;22,4;14,2;12,9;58;45;52;;;;
2026/02/26;2100 UTC;0;1011,4;1011,6;1011,3;1012,5;22,6;13,9;24,1;20,8;14,4;13,4;64;49;56;;;;
2026/02/26;2200 UTC;0;1011,5;1011,6;1011,4;210;20,3;13,6;20,8;19,4;14;13,3;70;64;66;160;4,1;2,2;
2026/02/26;2300 UTC;0;1011,7;1011,9;1011,6;2,1;18,8;13,5;19,3;18,5;14;13,2;77;70;74;153;3,6;2,1;
2026/02/27;0000 UTC;0;1012,2;1012,5;1011,9;0;18,3;13,1;18,7;17,2;13,3;12,8;81;72;74;169;3,5;1,3;
2026/02/27;0100 UTC;0;1012,6;1012,7;1012,5;0;16,7;12,8;17;16,4;13,3;12,4;83;78;81;158;2;1;
2026/02/27;0200 UTC;0;1012,9;1013;1012,7;0;16,4;12,5;16,6;16,1;12,8;12,2;82;78;81;201;1,7;1,3;
2026/02/27;0300 UTC;0;1013,1;1013,2;1013;0;15,4;13;16,1;15;13,2;12,7;91;83;88;239;1,6;1,4;
2026/02/27;0400 UTC;0;1012,8;1013;1012,6;0;14,6;12,7;15;13,8;12,9;12,3;92;89;91;295;1,2;,5;
2026/02/27;0500 UTC;0;1012,3;1012,6;1012,1;0;13,4;12,5;13,8;13,2;12,7;12,2;97;92;95;249;1,7;1,2;
2026/02/27;0600 UTC;0;1011,9;1012,1;1011,7;0;13,8;12,5;13,9;13,1;13;12,2;97;92;94;242;2,2;1,4;
2026/02/27;0700 UTC;0;1011,6;1011,7;1011,5;0;13,6;12,2;13,9;13,3;12,6;12;94;91;93;244;3,3;2,3;
2026/02/27;0800 UTC;0;1011,6;1011,9;1011,5;0;13,4;12,1;13,5;13,2;12,2;12;94;92;93;253;4,5;3,2;
2026/02/27;0900 UTC;0;1012;1012,4;1011,7;0;13,5;12,2;13,7;13,3;12,3;12,1;94;92;94;252;3,9;2,4;
2026/02/27;1000 UTC;0;1012,7;1013,1;1012,4;100,9;13,7;12,3;14,5;13,4;12,6;12,1;94;90;93;250;3,3;2,2;
2026/02/27;1100 UTC;0;1013,3;1013,5;1013;748,8;15,6;13,1;16,8;14,6;14;12,5;90;82;87;233;4;3;
2026/02/27;1200 UTC;0;1014;1014,3;1013,5;1621,5;18,1;14,1;19,4;16,8;14,7;13,3;84;75;80;230;3,9;,9;
2026/02/27;1300 UTC;0;1014,5;1014,8;1014,2;2478,4;20,6;14,5;21,6;19,4;15,1;13,9;77;63;69;214;5,8;2,9;
2026/02/27;1400 UTC;0;1014,8;1014,8;1014,5;3179,3;22,6;14;23,6;21,5;15;13,1;63;53;57;140;2,5;,8;
2026/02/27;1500 UTC;0;1014,1;1014,6;1013,7;3653,6;23,7;14,5;24,6;22,9;15,7;13,8;58;50;54;79;3,9;2,1;
2026/02/27;1600 UTC;0;1013,6;1013,7;1013,5;3517,8;24,5;14,9;25,5;23,7;15,8;14,3;57;49;52;55;4,2;2,1;
2026/02/27;1700 UTC;0;1013,5;1013,6;1013,5;2735,2;24,7;15,1;25,5;24;15,8;14,5;56;49;52;76;5,4;3,3;
2026/02/27;1800 UTC;0;1013,1;1013,5;1012,8;3421,8;25,5;15,2;26;25;15,8;14,6;53;46;49;96;5,4;3;
2026/02/27;1900 UTC;0;1012,7;1013;1012,5;2661,8;25,5;15,3;26;24,9;16;14,8;54;46;49;57;6;2,6;
2026/02/27;2000 UTC;0;1012,5;1012,5;1012,4;1932,7;25,3;15,9;26,1;24,8;16,3;15,2;57;49;53;102;6,2;4;
2026/02/27;2100 UTC;0;1012,8;1012,9;1012,5;1049,8;24,3;16;24,8;23,7;16,5;15,5;62;56;59;110;6,1;3,7;
2026/02/27;2200 UTC;0;1013;1013,1;1012,8;278,3;22,8;15,9;23,7;21,5;16,2;15,7;72;62;66;108;4,5;2,7;
2026/02/27;2300 UTC;0;1013,3;1013,6;1013;1,8;20,4;15,8;21,4;19,8;16,1;15,3;79;72;77;117;3,2;1,8;
2026/02/28;0000 UTC;0;1013,7;1014;1013,5;0;19,3;15;19,8;19;15,3;14,8;79;77;78;112;3,6;2,2;
2026/02/28;0100 UTC;0;1014,1;1014,2;1014;0;18,9;15;19,1;18,6;15,2;14,8;83;79;81;115;4,2;2,4;
2026/02/28;0200 UTC;0;1014,1;1014,3;1014;0;18,8;15;19,1;18,6;15,1;15;82;80;81;112;3,4;2,3;
2026/02/28;0300 UTC;0;1013,9;1014;1013,8;0;18,1;15;18,6;17,5;15,1;14,9;87;82;85;92;1,2;,5;
2026/02/28;0400 UTC;0;1013,4;1013,7;1013;0;17;14,9;17,5;16,1;15,1;14,7;94;87;90;287;1,2;,6;
2026/02/28;0500 UTC;0;1012,8;1013;1012,7;0;15,8;14,8;16,2;15,4;15,1;14,6;96;93;95;247;1;,7;
2026/02/28;0600 UTC;0;1012,6;1012,7;1012,5;0;15,2;14,6;15,5;15;14,9;14,5;98;96;97;256;,9;,6;
2026/02/28;0700 UTC;0;1012,4;1012,5;1012,3;0;15;14,6;15,1;14,9;14,9;14,5;99;98;98;239;1,5;1,1;
2026/02/28;0800 UTC;0;1012,6;1012,7;1012,5;0;14,8;14,5;14,9;14,6;14,8;14,2;99;98;99;238;1,9;1,2;
2026/02/28;0900 UTC;0;1013;1013,2;1012,7;0;14,8;14,6;14,9;14,6;14,8;14,3;99;99;99;231;2,6;1,8;
2026/02/28;1000 UTC;0;1013,6;1013,9;1013,2;97,6;14,5;14,2;15,3;14,2;14,8;13,9;99;98;99;242;2,6;1,8;
2026/02/28;1100 UTC;0;1014;1014,3;1013,7;732,5;16,5;15,2;17,9;15,3;16,3;14,7;98;90;94;231;1,4;1,4;
2026/02/28;1200 UTC;0;1014,7;1015,1;1014,3;1645;19,8;16,3;22,1;18;16,9;15,7;91;71;82;172;2,3;,8;
2026/02/28;1300 UTC;0;1015,2;1015,2;1015,1;2369,6;23,5;16,1;25;22,2;16,9;14,8;73;50;63;82;5,9;3,7;
2026/02/28;1400 UTC;0;1015,1;1015,3;1015;3135,3;25,3;15;25,8;24,7;15,9;14,2;54;44;49;86;7,3;4,2;
2026/02/28;1500 UTC;0;1014,9;1015,1;1014,7;3335,2;25,7;15,7;26,7;24,6;17;14,7;53;46;50;74;7,4;4,1;
2026/02/28;1600 UTC;0;1014,7;1014,8;1014,6;3312;26;16,1;26,6;25,2;17;15,4;56;47;50;86;6,8;4,4;
2026/02/28;1700 UTC;0;1014,4;1014,7;1014,2;3570,7;26,5;15,6;27,3;26;16,4;14,8;51;38;46;86;5,8;3,6;
2026/02/28;1800 UTC;0;1014;1014,1;1013,8;3330,5;27;15,6;27,4;26,6;16,5;14,8;49;38;43;102;8,3;4,9;
2026/02/28;1900 UTC;0;1013,5;1013,9;1013,3;2727,8;26,8;16,4;27,1;26,3;17,1;15,8;50;45;48;84;6,7;4;
2026/02/28;2000 UTC;0;1013,4;1013,6;1013,2;1974,4;26,2;16,8;27,2;25,7;17,3;16,2;55;48;53;90;7,5;4,7;
2026/02/28;2100 UTC;0;1013,6;1013,7;1013,5;1000,4;25,2;16,5;25,9;24,6;17,1;16,1;59;54;57;92;6,8;4,2;
2026/02/28;2200 UTC;0;1013,7;1013,8;1013,6;279,7;23,7;16,1;24,6;22,1;16,4;15,9;69;58;62;102;4,6;2,8;
2026/02/28;2300 UTC;0;1013,8;1013,9;1013,7;1,4;20,8;15,8;22;20;16,1;15,4;77;70;75;104;4,2;2,8;
2026/03/01;0000 UTC;0;1014,1;1014,5;1013,8;0;19,8;15,5;19,9;19,5;15,7;15,3;81;77;79;95;4;1,8;
2026/03/01;0100 UTC;0;1014,7;1014,8;1014,5;0;19,3;16;19,5;19,1;16,4;15,7;86;81;83;99;3;2;
2026/03/01;0200 UTC;0;1014,8;1015;1014,7;0;19,3;16,7;19,9;19;16,9;16,4;88;85;87;105;4,3;2,6;
2026/03/01;0300 UTC;0;1015;1015,2;1014,9;0;19,3;17;19,8;19;17,2;16,8;89;86;88;109;2,9;1,9;
2026/03/01;0400 UTC;0;1014,4;1014,4;1014,4;0;19,1;17,1;19,1;19,1;17,1;17,1;90;90;90;98;1,7;1,1;
2026/03/01;0500 UTC;0;1013,9;1013,9;1013,9;0;19;16,5;19;19;16,5;16,5;87;87;87;106;1,8;1,1;
2026/03/01;0600 UTC;0;1014,1;1014,1;1014,1;0;17;16,5;17;17;16,5;16,5;97;97;97;238;1,2;1,1;
2026/03/01;0700 UTC;0;1013,9;1013,9;1013,9;0;16,3;15,9;16,3;16,3;15,9;15,9;98;98;98;233;1,6;1,5;
2026/03/01;0800 UTC;0;1013,9;1013,9;1013,9;0;16;15,7;16;16;15,7;15,7;99;99;99;238;,6;,6;
2026/03/01;0900 UTC;0;1014,3;1014,3;1014,3;0;15,1;14,9;15,1;15,1;14,9;14,9;99;99;99;278;,5;,4;
2026/03/01;1000 UTC;0;1014,9;1014,9;1014,9;387,7;16,3;16,2;16,3;16,3;16,2;16,2;99;99;99;252;,9;,9;
2026/03/01;1100 UTC;0;1015,4;1015,4;1015,4;1164,3;19,2;17,3;19,2;19,2;17,3;17,3;91;91;91;209;2,1;1,7;
2026/03/01;1200 UTC;0;1015,6;1015,6;1015,6;2025;23,8;17,2;23,8;23,8;17,2;17,2;67;67;67;99;4,7;3,2;
2026/03/01;1300 UTC;0;1016,2;1016,2;1016,2;3007,5;25,5;16,6;25,5;25,5;16,6;16,6;55;55;55;86;5;2,9;
2026/03/01;1400 UTC;0;1016;1016;1016;3489,1;25,6;15,7;25,6;25,6;15,7;15,7;51;51;51;105;7,2;4,9;
2026/03/01;1500 UTC;0;1015,7;1015,7;1015,7;1664,7;26,3;17,3;26,3;26,3;17,3;17,3;55;55;55;75;6,8;5,1;
2026/03/01;1600 UTC;0;1015,1;1015,1;1015,1;3737,9;26,2;16,5;26,2;26,2;16,5;16,5;52;52;52;100;7,2;5,7;
2026/03/01;1700 UTC;0;1014,7;1014,7;1014,7;3503,8;26,6;16;26,6;26,6;16;16;47;47;47;102;7,9;5,7;
2026/03/01;1800 UTC;0;1014,2;1014,2;1014,2;3055,3;26,2;17,2;26,2;26,2;17,2;17,2;55;55;55;95;7,1;5,4;
2026/03/01;1900 UTC;0;1014;1014;1014;2362,2;26,1;17,1;26,1;26,1;17,1;17,1;55;55;55;77;6,4;5;
2026/03/01;2000 UTC;0;1013,8;1013,8;1013,8;1529,9;25,5;16,6;25,5;25,5;16,6;16,6;56;56;56;78;8,4;5,5;
2026/03/01;2100 UTC;0;1013,7;1013,7;1013,7;621,4;24,4;15,6;24,4;24,4;15,6;15,6;56;56;56;91;7,8;4,8;
2026/03/01;2200 UTC;0;1013,4;1013,4;1013,4;20,4;22,2;15,7;22,2;22,2;15,7;15,7;68;68;68;84;3,9;2,5;
2026/03/01;2300 UTC;0;1013,4;1013,4;1013,4;0;20,4;16,2;20,4;20,4;16,2;16,2;79;79;79;89;3,8;2,5;
2026/03/02;0000 UTC;0;1013,8;1013,8;1013,8;0;20;15,9;20;20;15,9;15,9;79;79;79;96;4,3;2,3;
2026/03/02;0100 UTC;0;1013,8;1013,9;1013,7;0;19,6;15,7;20;19,4;15,9;15,3;81;79;80;99;4,2;2,6;
2026/03/02;0200 UTC;0;1013,5;1013,7;1013,4;0;19,6;15,3;19,8;19,4;15,4;15,2;80;77;79;93;4,8;2,7;
2026/03/02;0300 UTC;0;1013,4;1013,5;1013,3;0;19,3;15,3;19,8;18,9;15,5;15,1;82;77;80;90;3,6;2,1;
2026/03/02;0400 UTC;0;1013,1;1013,3;1012,9;0;19,6;15,5;20,3;18,9;16,1;15,1;82;77;80;86;5,1;2,5;
2026/03/02;0500 UTC;0;1012,8;1013;1012,6;0;20,7;15,8;21;20,3;16,2;15,3;79;72;76;84;6,5;3,9;
2026/03/02;0600 UTC;0;1012,5;1012,7;1012,3;0;20,7;15;20,9;20,4;15,4;14,7;73;69;71;75;6,5;4,1;
2026/03/02;0700 UTC;0;1012,3;1012,5;1012,1;0;20,5;14,4;21;20,2;14,7;14,1;71;68;69;65;5,7;3,3;
2026/03/02;0800 UTC;0;1012,1;1012,2;1012,1;0;20;14,6;20,4;19,3;15;14,2;76;69;73;43;3,3;2,1;
2026/03/02;0900 UTC;0;1012,2;1012,2;1012,1;0;18,5;14,2;19,3;17,8;14,6;14;82;76;78;24;2,7;1,6;
2026/03/02;1000 UTC;0;1012,4;1012,6;1012,2;86,4;17,3;14,3;17,8;17;14,7;14,1;87;82;85;100;1,6;,8;
2026/03/02;1100 UTC;0;1012,9;1013,2;1012,6;680,3;20,2;15,7;22;17,8;16,3;14,7;86;69;77;46;2,8;1,7;
2026/03/02;1200 UTC;0;1013,3;1013,5;1013,2;1568;23,9;16,2;24,8;22,1;17;15,6;71;58;62;57;6,9;4,4;
2026/03/02;1300 UTC;0;1013,5;1013,6;1013,3;2309,4;25,3;16,5;25,7;24,8;16,9;16;59;54;56;63;10,1;6,3;
2026/03/02;1400 UTC;0;1013,5;1013,7;1013,2;2519,4;26;17,2;26,7;25,5;18,2;16,5;59;54;56;64;10,9;6,4;
2026/03/02;1500 UTC;0;1013;1013,3;1012,7;2411,7;26,1;17,6;26,8;25,6;18,1;17,1;60;55;58;48;9,9;6,5;
2026/03/02;1600 UTC;0;1012,5;1012,8;1012,1;2594,3;26,5;18;27;26,1;18,8;17,5;59;55;58;63;10,6;6,8;
2026/03/02;1700 UTC;0;1011,8;1012,1;1011,5;2966,9;27,2;18,7;28,3;26,5;19,7;18;60;53;58;61;10,7;6,5;
2026/03/02;1800 UTC;0;1011,1;1011,5;1010,7;2126,5;26,7;18,8;27,6;26,2;19,8;18,4;63;58;60;72;10,4;6,2;
2026/03/02;1900 UTC;0;1010,6;1010,9;1010,4;1942,6;26,8;18,9;27,4;26,2;19,3;18,5;62;59;61;74;11,7;6,8;
2026/03/02;2000 UTC;0;1010,5;1010,7;1010,4;1287,9;26,4;18,7;27;26,1;19;18,4;63;59;61;70;10,8;6,1;
2026/03/02;2100 UTC;0;1010,5;1010,7;1010,4;731,6;25,7;18,6;26,3;25,2;18,9;18,3;67;62;65;73;11;7;
2026/03/02;2200 UTC;0;1010,7;1010,8;1010,5;137,3;24,9;18,4;25,2;24,6;18,7;18,2;70;66;68;71;10,8;6,4;
2026/03/02;2300 UTC;0;1010,7;1010,9;1010,6;1,6;24,1;18,2;24,6;23,5;18,6;17,9;73;69;71;69;10,8;5,6;
2026/03/03;0000 UTC;0;1011;1011,2;1010,8;0;23,5;18,4;23,7;23,3;18,6;17,9;76;71;74;60;8,2;5,2;
2026/03/03;0100 UTC;0;1011,3;1011,6;1011,1;0;23,1;18,5;23,3;22,7;18,6;18,4;79;75;77;56;8,2;4,4;
2026/03/03;0200 UTC;0;1011,6;1011,7;1011,4;0;22,6;18,6;22,8;22,4;18,8;18,4;82;78;80;46;7,8;4,4;
2026/03/03;0300 UTC;0;1011,6;1011,6;1011,5;0;22,3;18,7;22,4;22,1;18,8;18,7;83;81;82;52;7;4,1;
2026/03/03;0400 UTC;0;1011,3;1011,5;1011,2;0;22,1;18,8;22,4;21,8;18,9;18,8;85;82;83;48;5,2;3,1;
2026/03/03;0500 UTC;0;1011;1011,2;1010,9;0;21,6;18,8;21,8;21,5;19;18,7;87;85;86;60;5,4;3,2;
2026/03/03;0600 UTC;0;1010,9;1011;1010,7;0;21,6;18,7;21,8;21,3;18,8;18,7;87;85;86;61;5,1;3,2;
2026/03/03;0700 UTC;0;1010,9;1011;1010,7;0;21,2;18,8;21,4;20,8;18,9;18,6;91;86;88;40;3,3;1,8;
2026/03/03;0800 UTC;0;1011,1;1011,2;1011;0;20,3;18,9;20,7;20,1;19,1;18,6;94;91;93;36;2,5;1,7;
2026/03/03;0900 UTC;0;1011,3;1011,7;1010,9;0;20,1;19;20,2;20;19,1;18,8;95;94;94;48;2,3;1,3;
2026/03/03;1000 UTC;0;1011,8;1012;1011,5;75;20,5;19,1;21,4;20;19,5;18,8;95;91;93;68;5,8;3,3;
2026/03/03;1100 UTC;0;1011,7;1011,8;1011,6;635,3;22,9;19,8;23,9;21,5;20;19,6;91;80;84;54;8,9;5,5;
2026/03/03;1200 UTC;0;1011,8;1012,1;1011,5;1385,4;24,6;19,9;25,5;24;20,2;19,7;81;72;76;54;10,4;6,4;
2026/03/03;1300 UTC;0;1012,2;1012,4;1011,9;2459,8;26;19,6;26,5;25,6;20,2;19,3;72;66;68;45;10,9;6,9;
2026/03/03;1400 UTC;0;1012,2;1012,4;1012;3016;26,8;19,6;27,2;26,4;20,1;19,2;68;62;64;53;10,9;7,2;
2026/03/03;1500 UTC;0;1011,6;1012;1011,3;3363,7;27,6;20,1;28;27,3;20,6;19,6;64;61;62;61;10,7;6,4;
2026/03/03;1600 UTC;0;1011,1;1011,4;1011;3442,9;28,3;20,5;28,9;27,8;21;20,1;63;59;61;48;9,4;1,7;
2026/03/03;1700 UTC;0;1010,9;1011;1010,6;3381,1;28,9;20,4;29,4;28,6;20,8;20;60;54;57;61;9;6,2;
2026/03/03;1800 UTC;0;1010,5;1010,7;1010,3;3100,7;29,4;20,4;29,8;29,1;21;19,7;58;52;55;55;9,3;5,4;
2026/03/03;1900 UTC;0;1009,9;1010,3;1009,6;2430,2;29,4;19,4;29,8;29;20,4;18,4;54;46;50;60;9,7;6,2;
2026/03/03;2000 UTC;0;1009,7;1009,8;1009,5;1642;28,6;19,4;29,2;28,1;20,2;18,6;59;48;54;60;10,7;6,7;
2026/03/03;2100 UTC;0;1009,7;1009,9;1009,4;609,7;27,2;20,1;28,1;26,4;20,5;19,8;70;60;64;66;9,2;4,8;
2026/03/03;2200 UTC;0;1009,9;1010;1009,7;129;25,7;20,6;26,3;25,2;20,8;20,3;78;71;74;64;8,5;5,5;
2026/03/03;2300 UTC;0;1010,7;1010,7;1010,7;0;24,6;21,7;24,6;24,6;21,7;21,7;85;85;85;51;5,3;3,7;
2026/03/04;0000 UTC;0;1011,4;1011,4;1011,4;0;24,3;21,5;24,3;24,3;21,5;21,5;86;86;86;48;5,1;3,3;
2026/03/04;0100 UTC;0;1011,5;1011,6;1011,4;0;23,9;20,9;24,3;23,6;21,3;20,7;86;83;85;39;6,8;4,6;
2026/03/04;0200 UTC;0;1011,5;1011,6;1011,3;0;23,4;20,7;23,6;23,3;20,8;20,5;87;85;86;40;7,1;4,6;
2026/03/04;0300 UTC;0;1011,6;1011,7;1011,5;0;22,9;20,5;23,3;22,7;20,6;20,4;89;86;88;45;6,2;4;
2026/03/04;0400 UTC;0;1011,5;1011,6;1011,1;0;22,2;20,3;22,8;21,8;20,5;20;92;88;90;37;4,9;3,3;
2026/03/04;0500 UTC;0;1011,1;1011,3;1010,9;0;22;20,1;22,2;21,8;20,3;20;92;90;91;32;4,6;3,2;
2026/03/04;0600 UTC;0;1010,6;1010,9;1010,4;0;21,8;20,1;22;21,5;20,2;19,9;93;91;92;32;5,2;3,5;
2026/03/04;0700 UTC;0;1010,3;1010,5;1010,2;0;21,2;19,9;21,5;20,9;20;19,8;94;92;93;28;4,1;2,6;
2026/03/04;0800 UTC;0;1010,3;1010,6;1010,2;0;21,2;20;21,3;20,9;20,2;19,7;95;94;94;34;5,9;3,7;
2026/03/04;0900 UTC;0;1010,5;1010,7;1010,4;0;21,2;20,1;21,3;21;20,2;20;95;94;95;35;4,3;2,9;
2026/03/04;1000 UTC;0;1011;1011,4;1010,7;67,4;21,3;20,2;21,5;21,1;20,4;20,1;95;94;95;35;4,5;2,7;
2026/03/04;1100 UTC;0;1011,4;1011,5;1011,3;448,1;22,1;20,5;22,8;21,5;20,8;20,3;94;89;92;37;5,8;3,7;
2026/03/04;1200 UTC;0;1011,6;1011,8;1011,4;1409,2;23,9;20,9;24,9;22,9;21,3;20,6;90;80;85;39;7,7;5,6;
2026/03/04;1300 UTC;0;1011,8;1012;1011,7;2218;25,8;21,5;26,5;25;21,9;21,1;81;75;78;45;7,1;5,1;
2026/03/04;1400 UTC;0;1012;1012,1;1011,8;2853,4;27,7;21,9;28,8;26,5;22,3;21,6;77;66;71;38;7,1;5,1;
2026/03/04;1500 UTC;0;1011,8;1012;1011,4;2981,9;28,9;22,4;29,8;28,2;23,1;21,8;70;65;67;;;;
2026/03/04;1600 UTC;0;1011,6;1011,7;1011,4;2875,2;28,3;22,7;29,3;27,5;23,2;22,1;75;65;72;;;;
2026/03/04;1700 UTC;0;1011,4;1011,9;1011,2;1181;27,3;21,7;28,1;26,6;22,7;21,1;74;70;72;;;;
2026/03/04;1800 UTC;11,4;1012,6;1013,5;1011,8;155,7;23,4;20,4;26,5;21,2;22,5;18,9;92;74;85;83;5,4;2,7;
2026/03/04;1900 UTC;9,6;1012,1;1012,5;1011,6;172,2;21,7;20,6;22,2;21,3;21,3;19,6;98;89;94;142;4,3;2,4;
2026/03/04;2000 UTC;,2;1011,7;1012,4;1011,2;584;22,3;21,8;23;21,7;22,5;21,2;98;96;97;202;3,9;2,1;
2026/03/04;2100 UTC;0;1011,6;1011,8;1011,4;348;23,6;22,9;24;23;23,1;22,4;97;95;96;83;3,1;1,8;
2026/03/04;2200 UTC;,2;1011,3;1011,7;1011,1;139,7;23,9;22,6;24,2;23,6;23,2;21,7;96;90;93;70;6;3,6;
2026/03/04;2300 UTC;0;1011,2;1011,5;1011;1,3;23,2;21,4;23,7;22,9;21,7;21,1;93;89;91;54;5,3;3,1;
2026/03/05;0000 UTC;0;1012,2;1012,7;1011,5;0;23,4;21,3;23,6;23,2;21,7;21,1;92;88;89;68;4,8;2,8;
2026/03/05;0100 UTC;0;1013,2;1013,5;1012,8;0;22,9;21,3;23,2;22,8;21,4;21,2;92;91;92;78;3,6;2;
2026/03/05;0200 UTC;0;1013,7;1013,8;1013,5;0;22,7;21,3;22,8;22,6;21,5;21,1;94;92;93;72;2,8;1,9;
2026/03/05;0300 UTC;0;1013,6;1013,7;1013,5;0;23;21,5;23,1;22,8;21,6;21,5;94;92;93;75;3,9;2,4;
2026/03/05;0400 UTC;0;1013,5;1013,7;1013,3;0;23;21,5;23;22,9;21,6;21,3;93;92;92;88;4,1;2,6;
2026/03/05;0500 UTC;0;1013,2;1013,4;1013;0;22,8;21,4;22,9;22,7;21,5;21,3;94;92;93;122;3,3;1,9;
2026/03/05;0600 UTC;0;1013;1013,2;1012,8;0;22,3;21,3;22,7;22;21,5;21,1;95;94;95;106;3;2,1;
2026/03/05;0700 UTC;0;1012,8;1012,9;1012,7;0;22,1;20,9;22,2;22;21,1;20,7;95;93;94;111;3,5;2,3;
2026/03/05;0800 UTC;0;1012,7;1012,8;1012,6;0;22;20,9;22,1;22;21;20,8;95;94;94;104;2,7;1,4;
2026/03/05;0900 UTC;0;1013,1;1013,5;1012,8;0;22;21;22,1;21,8;21,1;21;96;94;95;158;2,5;1,5;
2026/03/05;1000 UTC;0;1013,6;1013,9;1013,3;11,9;21,9;20,9;22;21,8;21;20,9;96;95;95;95;2,1;1,4;
2026/03/05;1100 UTC;0;1014,2;1014,6;1013,9;224,5;22,4;21,2;22,8;22;21,4;21;95;93;94;147;3,2;1,6;
2026/03/05;1200 UTC;0;1014,7;1014,8;1014,6;347,4;23,4;21,2;23,7;22,8;21,5;20,8;93;86;89;125;4,2;2,3;
2026/03/05;1300 UTC;0;1015;1015,2;1014,7;572,6;24,3;21,2;24,5;23,7;21,6;20,9;88;82;85;104;4;2,4;
2026/03/05;1400 UTC;0;1015,3;1015,5;1015,2;470,7;24,5;20,5;24,7;24,4;21,1;20;83;76;80;119;4,3;2,3;
2026/03/05;1500 UTC;0;1015,4;1015,5;1015,2;870,4;25,1;20,6;25,8;24,7;21,1;20,1;79;73;77;120;4,4;2,9;
2026/03/05;1600 UTC;0;1014,9;1015,2;1014,7;2629,8;26,7;20,5;27,7;25,7;21,7;19,7;74;66;69;125;5,8;3,3;
2026/03/05;1700 UTC;0;1014,6;1014,8;1014,4;1343,1;26,6;20,5;26,9;26,3;21,2;20;72;66;70;;;;
2026/03/05;1800 UTC;0;1014,4;1014,6;1014,2;1495,1;26,4;20,8;26,7;26,1;21,3;20,3;75;69;72;;;;
2026/03/05;1900 UTC;0;1014;1014,2;1013,9;2236,8;26,8;20,6;27,5;26,3;21,3;20,1;73;65;69;;;;
2026/03/05;2000 UTC;0;1014,1;1014,2;1013,9;1639,5;26,2;21;26,9;25,6;21,6;20,5;78;69;74;;;;
2026/03/05;2100 UTC;0;1014,2;1014,2;1014,1;867;25,5;21,1;25,9;25;21,4;20,5;81;73;78;;;;
2026/03/05;2200 UTC;0;1014,2;1014,4;1014,1;122,5;24;21,2;25;23,3;21,4;20,9;90;81;86;119;2,2;1,2;
2026/03/05;2300 UTC;0;1014,3;1014,4;1014,2;0;22,8;21,3;23,3;22,4;21,4;21,2;94;90;93;108;2,9;1,9;
2026/03/06;0000 UTC;0;1014,7;1014,9;1014,4;0;22;21,1;22,4;21,8;21,2;21;97;94;95;103;2,5;1,6;
2026/03/06;0100 UTC;0;1015,2;1015,3;1014,9;0;21,8;21,4;21,9;21,7;21,6;21,1;99;97;98;94;3,7;2,2;
2026/03/06;0200 UTC;0;1015,1;1015,3;1015;0;21,7;21,4;21,8;21,4;21,6;21,2;99;98;99;101;2,6;1,6;
2026/03/06;0300 UTC;0;1015,1;1015,2;1015;0;21,9;21,6;22,3;21,4;21,9;21,2;99;98;99;110;3,3;2;
2026/03/06;0400 UTC;0;1015,1;1015,3;1014,8;0;22,8;22,2;23;22,3;22,5;21,9;98;97;97;91;4,1;2,2;
2026/03/06;0500 UTC;0;1014,8;1015;1014,4;0;22,8;22,2;23;22,5;22,5;21,9;98;96;97;98;2,5;1,5;
2026/03/06;0600 UTC;0;1014;1014,4;1013,7;0;22,3;21,9;22,4;22,2;22,1;21,8;99;97;98;104;3,4;2,2;
2026/03/06;0700 UTC;0;1013,9;1014,1;1013,7;0;22,2;21,9;22,3;22,1;22;21,8;99;98;98;105;3,4;1,8;
2026/03/06;0800 UTC;0;1013,7;1013,9;1013,6;0;22,1;21,2;22,3;21,6;21,9;20,6;98;94;96;99;3,1;1,4;
2026/03/06;0900 UTC;0;1014;1014;1013,9;0;21,3;20,6;21,6;21;20,7;20,3;98;95;96;126;2,6;1,5;
2026/03/06;1000 UTC;0;1014,3;1014,7;1013,9;82,7;21;20,5;21,5;20,7;21;20,2;99;97;98;134;2,9;1,7;
2026/03/06;1100 UTC;0;1015;1015,1;1014,7;479,3;22,5;21,5;23,3;21,5;22,1;20,9;97;93;95;109;5,6;3;
2026/03/06;1200 UTC;0;1015,1;1015,3;1015;967,5;24;21,8;24,5;23,3;22,1;21,5;93;86;89;107;6,2;4,3;
2026/03/06;1300 UTC;0;1015,4;1015,6;1015,2;1084,1;25,1;21,5;26,2;24,3;22;21;88;77;82;94;7,1;4,6;
2026/03/06;1400 UTC;0;1015,1;1015,3;1014,9;2384,8;26,5;21;27,1;26;21,7;20,6;78;69;72;105;7,4;4,9;
2026/03/06;1500 UTC;0;1014,7;1014,9;1014,4;3302,1;27,4;21,3;28,3;26,3;22,2;20,7;75;66;69;;;;
2026/03/06;1600 UTC;0;1014;1014,4;1013,7;3416,1;27,3;21,8;28,1;26,5;22,6;21,2;75;70;73;;;;
2026/03/06;1700 UTC;0;1013,9;1014,1;1013,5;3274,2;27,7;21,8;28,2;26,8;22,4;20,9;74;66;71;;;;
2026/03/06;1800 UTC;0;1013,3;1013,5;1012,9;2985,3;28,3;21,3;28,9;27,5;22;20,4;70;61;65;;;;
2026/03/06;1900 UTC;0;1012,7;1013;1012,3;2277,5;27,8;21,3;28,4;27,4;21,9;20,9;70;65;68;;;;
2026/03/06;2000 UTC;0;1012;1012,2;1011,6;1554,2;27,2;21,1;27,6;26,5;21,6;20,6;75;66;70;;;;
2026/03/06;2100 UTC;0;1011,6;1011,8;1011,4;366,6;25,4;21,4;26,4;24,7;21,6;21;84;75;80;114;7;4,4;
2026/03/06;2200 UTC;0;1011,9;1012,4;1011,5;62,2;24,4;21,7;24,7;24,2;21,9;21,5;88;84;87;116;5,3;2,7;
2026/03/06;2300 UTC;0;1012,3;1012,3;1012,3;0;23,8;21,8;23,8;23,8;21,8;21,8;90;90;90;122;6,6;4,6;
2026/03/07;0000 UTC;0;1012,8;1012,8;1012,8;0;23,6;22,1;23,6;23,6;22,1;22,1;92;92;92;115;4,4;2,5;
2026/03/07;0100 UTC;0;1012,8;1013,1;1012,6;0;23,5;22,1;23,6;23,4;22,2;22;94;92;93;103;6,2;3,6;
2026/03/07;0200 UTC;0;1013,1;1013,2;1013;0;23,4;22,2;23,5;23,3;22,2;22,2;94;93;94;87;3,7;2,2;
2026/03/07;0300 UTC;0;1012,6;1013;1012,4;0;23,2;22,2;23,3;23,1;22,3;22,1;96;94;95;93;3,5;1,9;
2026/03/07;0400 UTC;0;1012,1;1012,6;1011,5;0;23,1;22;23,3;23;22,1;21,9;95;93;94;92;3,9;2,3;
2026/03/07;0500 UTC;,8;1011,3;1011,6;1011;2,4;23,3;21,7;23,6;21,4;22,4;19,6;94;87;92;42;9,5;5,1;
2026/03/07;0600 UTC;4,9;1010,3;1011;1009,8;1,3;21,7;21;22,2;21,1;21,9;19,6;99;90;97;86;2,9;1,6;
2026/03/07;0700 UTC;,4;1009,5;1009,8;1009,3;0;22,2;22;22,3;22,2;22,2;21,9;99;99;99;31;2,7;1,9;
2026/03/07;0800 UTC;0;1008,9;1009,3;1008,6;0;22,3;22,2;22,7;22,1;22,6;22;100;99;100;61;2,3;1,4;
2026/03/07;0900 UTC;0;1008,3;1008,6;1008,1;0;22,7;22,5;22,7;22,6;22,6;22,5;100;99;99;51;1,8;,9;
2026/03/07;1000 UTC;0;1008,4;1008,5;1008,3;12,4;22,7;22,6;22,8;22,6;22,6;22,4;99;99;99;233;1,9;1,3;
2026/03/07;1100 UTC;0;1008,4;1008,6;1008,3;144,5;22,7;22,6;22,9;22,6;22,8;22,4;100;99;99;238;3,4;2,5;
2026/03/07;1200 UTC;0;1008,3;1008,6;1008,2;400,8;23,1;22,8;23,3;22,7;23;22,6;99;97;98;244;5,3;4;
2026/03/07;1300 UTC;2;1008,6;1009,1;1008,4;454,1;22,4;21,8;23,3;21,1;22,8;20,6;98;95;97;211;9,9;6;
2026/03/07;1400 UTC;2,9;1009,3;1009,5;1009;509,8;21,2;20,5;21,6;21;20,8;20,2;98;94;96;197;6,2;3,7;
2026/03/07;1500 UTC;1,2;1009,4;1009,5;1009,3;584,4;21,3;20,6;21,5;20,9;21,1;20;98;95;97;162;7,3;3,4;
2026/03/07;1600 UTC;,2;1009,2;1009,3;1009;894,2;21,5;20,2;21,9;20,8;20,9;19,3;98;88;93;146;6,8;3,2;
2026/03/07;1700 UTC;0;1009,5;1009,7;1009,2;869,7;22,2;20,3;22,6;21,8;21,1;19,8;93;87;91;162;8,1;4,5;
2026/03/07;1800 UTC;,2;1009,4;1009,7;1009,1;2515,1;23,5;19,8;24,1;22,5;20,4;19,2;88;78;82;148;8,7;4,5;
2026/03/07;1900 UTC;0;1009,7;1010;1009,4;1986,2;24,1;19,4;25;23,3;20,1;18,6;82;71;76;142;8,8;4,1;
2026/03/07;2000 UTC;0;1009,8;1010;1009,6;1506,3;24,1;18,5;24,7;23,6;19,2;18;76;68;72;;;;
2026/03/07;2100 UTC;0;1010;1010,1;1009,8;866,8;23,8;18,2;24,3;23,5;18,6;17,8;73;69;72;;;;
2026/03/07;2200 UTC;0;1010,3;1010,5;1010;205,5;22,6;18,1;23,6;21,7;18,5;17,8;82;73;77;177;5,4;2,8;
2026/03/07;2300 UTC;0;1010,6;1010,8;1010,5;,1;20,9;18,3;21,7;20;18,4;18,2;91;82;87;186;3,2;2,1;
2026/03/08;0000 UTC;0;1011,2;1011,6;1010,8;0;20;18,6;20,2;19,7;19;18,2;95;91;93;210;3,2;1,8;
2026/03/08;0100 UTC;0;1011,8;1012;1011,6;0;19,6;18,9;20,1;19,4;19;18,9;98;95;97;243;2;1,4;
2026/03/08;0200 UTC;0;1012,1;1012,3;1012;0;19,2;18,8;19,4;18,9;19;18,6;99;98;98;238;1,6;1,2;
2026/03/08;0300 UTC;0;1012,3;1012,4;1012,3;0;18,9;18,6;19;18,8;18,7;18,4;99;97;98;233;3;2,1;
2026/03/08;0400 UTC;0;1012,5;1012,6;1012,4;0;18,6;18,2;18,8;18,5;18,4;18;98;97;98;245;2,4;1,6;
2026/03/08;0500 UTC;0;1012,4;1012,5;1012,3;0;18,6;18,1;18,7;18,4;18,3;17,9;98;97;98;226;2,4;1,7;
2026/03/08;0600 UTC;0;1012,4;1012,5;1012,3;0;18,9;18,5;19,2;18,7;18,8;18,3;98;98;98;200;2;1,4;
2026/03/08;0700 UTC;,4;1012,4;1012,5;1012,2;0;19,5;19,1;19,8;19,2;19,3;18,7;98;97;98;115;2;1,1;
2026/03/08;0800 UTC;0;1012,5;1012,8;1012,3;0;19,6;18,6;19,8;19,4;19,3;18;98;93;95;134;3,4;2;
2026/03/08;0900 UTC;0;1013,1;1013,4;1012,9;0;18,9;17,9;19,5;18,7;18;17,7;96;93;95;160;2,5;1,5;
2026/03/08;1000 UTC;0;1013,8;1014,2;1013,4;64,5;19,4;18;20,2;19;18,1;17,9;95;89;93;124;3,3;2,1;
2026/03/08;1100 UTC;0;1014,7;1015,2;1014,1;650,5;21,2;17,9;22;20,3;18,4;17,6;88;79;84;141;3,9;2,2;
2026/03/08;1200 UTC;0;1015,6;1016;1015,3;1456,8;23;18;23,8;22,1;18,6;17,1;82;69;75;147;4,5;2,5;
2026/03/08;1300 UTC;0;1016,3;1016,6;1015,9;2337,8;24,4;17,4;25,3;23,7;18;16,7;70;59;65;;;;
2026/03/08;1400 UTC;0;1016,5;1016,6;1016,3;1702,9;24,2;17,2;24,9;23,2;17,7;16,7;70;61;65;;;;
2026/03/08;1500 UTC;0;1016,5;1016,7;1016,2;2359,4;24,9;16,4;25,7;24,6;18;15,4;64;53;57;;;;
2026/03/08;1600 UTC;0;1016,6;1016,8;1016,3;1551,3;24,5;16,3;24,9;23,9;17,3;15,6;65;54;59;;;;
2026/03/08;1700 UTC;0;1016,5;1016,6;1016,3;2681;24,6;16,7;25,7;23,5;17,6;16,1;66;55;60;;;;
2026/03/08;1800 UTC;0;1016,3;1016,5;1016,1;2025,1;24,5;16,1;25,4;23,9;16,9;15,6;61;54;58;;;;
2026/03/08;1900 UTC;0;1016,2;1016,3;1015,9;2431,2;24,9;16;25,3;24,2;16,6;15,2;59;52;56;;;;
2026/03/08;2000 UTC;0;1016;1016,3;1015,7;1338;24,1;14,7;25;23,5;16;13,9;57;50;53;;;;
2026/03/08;2100 UTC;0;1015,8;1015,9;1015,5;730;23,3;14,8;24;22,5;15,4;14;64;53;57;;;;
2026/03/08;2200 UTC;0;1016;1016,2;1015,8;176,2;21,9;15;22,6;21;15,6;14,6;69;62;65;128;5,4;3,3;
2026/03/08;2300 UTC;0;1016,4;1016,7;1016,2;0;19,9;14,4;20,9;19,2;14,7;13,9;74;69;72;132;3,7;2;
2026/03/09;0000 UTC;0;1017,3;1018;1016,8;0;18,8;14,1;19,2;18,5;14,3;13,9;79;74;76;137;2,7;1,8;
2026/03/09;0100 UTC;0;1018,3;1018,6;1018;0;18,4;14,5;18,6;18,1;14,7;14,3;83;79;81;139;3,4;1,7;
2026/03/09;0200 UTC;0;1018,7;1018,8;1018,6;0;18;14,4;18,2;17,5;14,6;14,1;83;82;82;148;3,1;2;
2026/03/09;0300 UTC;0;1018,7;1018,8;1018,5;0;17,1;13,7;17,5;16,4;14,1;13,5;86;81;83;166;3,3;1,7;
2026/03/09;0400 UTC;0;1018,6;1018,8;1018,4;0;15,8;13,7;16,4;15,3;14;13,5;93;86;89;171;2,5;1,4;
2026/03/09;0500 UTC;0;1017,9;1018,6;1017,6;0;15,8;13,8;16,4;15,4;14,1;13,5;93;85;90;216;1,5;1,1;
2026/03/09;0600 UTC;0;1017,6;1017,8;1017,2;0;15,1;14;15,4;14,8;14,2;13,8;96;93;95;241;1,2;,7;
2026/03/09;0700 UTC;0;1017,2;1017,3;1017,1;0;14,6;13,8;14,8;14,4;14;13,7;97;95;96;247;1,5;1;
2026/03/09;0800 UTC;0;1016,9;1017,3;1016,5;0;14,3;13,6;14,7;14;13,9;13,4;98;95;97;67;1;,4;
2026/03/09;0900 UTC;0;1017,1;1017,6;1016,7;0;14,1;13,7;14,2;14;13,9;13,5;99;98;98;241;1,6;1,1;
2026/03/09;1000 UTC;0;1018,2;1018,5;1017,7;67,8;14,7;13,9;16;14,1;14,4;13,7;98;92;96;217;2,2;1,8;
2026/03/09;1100 UTC;0;1019,1;1019,6;1018,5;350,5;16,5;14,6;17,3;16;15,5;13,9;92;88;90;217;1,8;1,8;
2026/03/09;1200 UTC;0;1019,9;1020;1019,6;620,8;18,3;15,9;19,8;17,3;17;15,1;91;83;88;95;1,7;,7;
2026/03/09;1300 UTC;0;1020,2;1020,3;1020;705,4;20,4;17,1;21,6;19,9;17,7;16,6;86;76;83;82;5,2;2,7;
2026/03/09;1400 UTC;0;1020,2;1020,3;1020;1209,9;22,2;16,7;22,6;21,7;17,5;16,1;78;69;72;112;9,1;5,6;
2026/03/09;1500 UTC;0;1019,8;1020,1;1019,4;2489,2;23,3;16,4;24,2;22,6;17,4;15,6;70;62;65;99;12;7;
2026/03/09;1600 UTC;0;1019,6;1019,7;1019,4;2590,6;23,7;16;24,7;23;16,8;15,4;64;57;61;;;;
2026/03/09;1700 UTC;0;1019,4;1019,6;1019,2;2965;24,2;16,1;25,2;23,3;16,8;15,6;64;55;60;;;;
2026/03/09;1800 UTC;0;1019,2;1019,4;1018,9;2471,9;24,2;15,8;24,8;23,5;16,4;15,2;60;55;58;;;;
2026/03/09;1900 UTC;0;1018,9;1019,1;1018,6;1187,1;23,5;15,7;24,4;23,2;16,3;15,3;63;57;61;;;;
2026/03/09;2000 UTC;0;1018,7;1018,8;1018,5;625,3;23;15,7;23,4;22,9;16;15,5;65;61;64;;;;
2026/03/09;2100 UTC;0;1018,6;1018,7;1018,5;438;22,6;15,6;23;22,2;16;15,3;67;62;65;;;;
2026/03/09;2200 UTC;0;1018,3;1018,6;1018,1;84,2;21,3;15,3;22,2;20,6;15,6;15,2;73;66;70;101;4,9;2,8;
2026/03/09;2300 UTC;0;1018,3;1018,5;1018,2;0;20,5;15,3;20,9;20,2;15,6;15,1;75;73;74;100;5,6;3,6;
2026/03/10;0000 UTC;0;1018,5;1018,8;1018,3;0;20,8;15,7;20,9;20,6;15,9;15,5;76;73;75;105;5;3,1;
2026/03/10;0100 UTC;0;1019,1;1019,3;1018,9;0;20,6;16;20,7;20,5;16,1;15,7;78;76;77;112;4,6;2,6;
2026/03/10;0200 UTC;0;1019,2;1019,3;1019,1;0;20,5;15,9;20,9;20,2;16,1;15,7;80;75;77;121;4,4;2,4;
2026/03/10;0300 UTC;0;1019,1;1019,2;1019;0;20,5;16;20,8;20,3;16,1;15,9;79;76;78;109;4,9;2,9;
2026/03/10;0400 UTC;0;1018,9;1019;1018,7;0;20,2;15,9;20,4;20,1;16;15,7;79;77;78;114;3,5;2,3;
2026/03/10;0500 UTC;0;1018,5;1018,7;1018,3;,1;20,5;15,9;21;19,9;16,4;15,5;80;73;77;86;9,7;3,8;
2026/03/10;0600 UTC;0;1018,2;1018,4;1018;0;20,1;15,9;20,4;19,8;16,4;15,4;82;75;79;118;6,6;4;
2026/03/10;0700 UTC;0;1017,9;1018;1017,8;0;20,1;16,3;20,4;19,9;16,6;16,2;82;80;81;112;6,1;3,7;
2026/03/10;0800 UTC;0;1018;1018,3;1017,9;0;20,4;16,8;20,7;20,1;17,2;16,4;85;78;82;102;6,6;3,5;
2026/03/10;0900 UTC;0;1018,3;1018,5;1018,2;0;20;17,1;20,2;19,7;17,5;16,6;88;82;86;82;3,5;1,5;
2026/03/10;1000 UTC;0;1018,8;1019,1;1018,4;7,6;20,2;17;20,7;19,8;17,6;16,1;88;78;84;83;5,9;3,5;
2026/03/10;1100 UTC;0;1019,5;1019,8;1019,1;95,8;19,9;17,8;20,2;19,7;18,1;17,4;92;86;89;93;5,7;3,6;
2026/03/10;1200 UTC;0;1019,8;1019,9;1019,7;280,8;20,3;18,2;20,4;19,8;18,5;17,9;91;88;89;101;5,8;3;
2026/03/10;1300 UTC;,2;1020;1020,2;1019,7;311,2;19,9;18,5;20,2;19,7;19,1;18,2;96;90;93;79;7,4;4,4;
2026/03/10;1400 UTC;0;1020;1020,1;1019,6;673,7;20,3;18,8;20,7;20;19,3;18,4;96;89;92;99;8,7;5,4;
2026/03/10;1500 UTC;0;1019,6;1019,9;1019,3;924,7;21;18,5;21,5;20,6;19,3;17,8;93;83;88;90;9,7;5,8;
2026/03/10;1600 UTC;0;1019,2;1019,4;1018,8;649,7;21;18,2;21,2;20,8;18,7;17,9;90;84;86;98;7,8;4,9;
2026/03/10;1700 UTC;,2;1018,5;1018,9;1018,2;935,2;20,9;18,9;21,6;20,3;19,8;18;97;83;90;102;9,1;5,5;
2026/03/10;1800 UTC;1,2;1018,1;1018,3;1017,8;628,3;20,4;19,8;20,6;20,1;20;19,5;98;96;97;91;9,5;5,6;
2026/03/10;1900 UTC;1;1017,9;1018,1;1017,6;370,9;20,2;19,8;20,3;19,9;19,9;19,5;99;98;98;87;9,1;5,6;
2026/03/10;2000 UTC;,4;1017,6;1017,9;1017,4;325,2;20,1;19,5;20,1;19,9;19,7;19,3;98;96;97;99;10,1;5,7;
2026/03/10;2100 UTC;,4;1017,4;1017,6;1017,1;124,8;19,8;19,3;20;19,7;19,6;18,9;98;95;97;86;8,3;4,4;
2026/03/10;2200 UTC;,2;1017,4;1017,6;1017,3;43,7;20;19,2;20;19,9;19,5;18,7;98;94;96;106;5,3;3,1;
2026/03/10;2300 UTC;,4;1017,5;1017,7;1017,3;0;19,9;19,5;20,1;19,7;19,8;19,2;99;97;98;77;7,8;4;
2026/03/11;0000 UTC;,2;1017,7;1017,9;1017,6;0;19,9;19,2;20;19,8;19,6;18,8;98;95;97;70;7,1;4;
2026/03/11;0100 UTC;1,6;1017,7;1017,9;1017,5;0;20;18,9;20,2;19,8;19,1;18,6;96;92;94;89;6,8;3,9;
2026/03/11;0200 UTC;0;1017,5;1017,6;1017,2;0;20,3;18,9;20,4;20,2;19,1;18,7;94;92;93;90;5,9;3,6;
2026/03/11;0300 UTC;0;1017,1;1017,3;1017;0;20,3;19,1;20,5;20,2;19,3;18,9;95;93;94;106;3,4;2,1;
2026/03/11;0400 UTC;0;1016,8;1017,1;1016,6;0;20,7;19,1;21,1;20,2;19,3;18,9;95;89;92;81;5,8;3,1;
2026/03/11;0500 UTC;0;1016,4;1016,6;1016,1;0;21,3;19;21,4;21,1;19,3;18,7;90;87;89;80;6,5;3,7;
2026/03/11;0600 UTC;0;1015,7;1016,1;1015,3;0;21,4;19,3;21,5;21,3;19,4;19,2;90;89;89;82;5,8;3,5;
2026/03/11;0700 UTC;0;1015,3;1015,4;1015,1;0;21,3;19,4;21,5;21,1;19,6;19,2;92;89;90;81;6,1;3,8;
2026/03/11;0800 UTC;0;1015,1;1015,2;1015;0;21,4;19,5;21,5;21,3;19,8;19,4;92;89;91;89;4,7;2,6;
2026/03/11;0900 UTC;0;1015;1015;1014,9;0;21,4;19,5;21,5;21,3;19,7;19,4;92;90;91;86;4,6;2,7;
2026/03/11;1000 UTC;0;1015,2;1015,4;1015;10,3;21,3;19,5;21,5;21,1;19,7;19,3;93;89;91;91;3,8;1,9;
2026/03/11;1100 UTC;0;1015,7;1016;1015,4;166,7;21,7;19,9;22,2;21,1;20,3;19,7;93;90;91;70;3,4;1,8;
2026/03/11;1200 UTC;0;1015,9;1016,1;1015,7;390,2;22,5;20,2;22,9;22,2;20,4;20;90;85;89;78;6,6;3,5;
2026/03/11;1300 UTC;0;1015,8;1015,9;1015,7;469,4;23,1;20,2;23,2;22,9;20,5;19,9;87;84;86;54;5,6;3,6;
2026/03/11;1400 UTC;0;1015,8;1016;1015,6;594,8;23,2;20,1;23,5;22,9;20,4;19,8;87;81;84;81;6,7;4;
2026/03/11;1500 UTC;0;1015,2;1015,5;1015;923,6;23,4;20,5;24,1;22,9;21;20,1;89;82;85;76;7,6;4,3;
2026/03/11;1600 UTC;0;1014,7;1014,9;1014,4;1531,5;24;20,8;25;23,1;21,3;20,4;88;78;84;90;8,5;5,2;
2026/03/11;1700 UTC;0;1014,3;1014,4;1014,1;1652,3;24,6;20,7;24,9;24,3;21,1;20,3;83;78;81;78;8,4;5,3;
2026/03/11;1800 UTC;0;1013,9;1014,1;1013,7;2486,2;25,1;21,1;25,7;24,6;22;20,6;84;77;80;74;7,6;5,3;
2026/03/11;1900 UTC;0;1013,2;1013,7;1012,8;2014,7;25,2;20,8;25,6;25;21,6;20,4;81;77;78;;;;
2026/03/11;2000 UTC;0;1012,7;1012,8;1012,4;1514;24,9;20,9;25,2;24,5;21,3;20,5;83;78;80;;;;
2026/03/11;2100 UTC;0;1012,8;1013,1;1012,5;643,2;23,9;21,1;24,6;23,3;21,3;20,7;90;82;86;;;;
2026/03/11;2200 UTC;0;1013;1013,1;1012,8;79,1;22,6;21;23,2;22,2;21,4;20,9;94;90;92;;;;
2026/03/11;2300 UTC;0;1012,9;1013,2;1012,7;0;22,3;21,1;22,5;22,1;21,3;21;96;93;94;;;;
2026/03/12;0000 UTC;0;1013,5;1013,7;1013,1;0;22,1;21;22,2;21,9;21,3;20,7;96;94;95;;;;
2026/03/12;0100 UTC;0;1013,7;1014,1;1013,6;0;21,9;20,6;22;21,8;20,7;20,5;94;92;93;;;;
2026/03/12;0200 UTC;0;1014,1;1014,5;1013,7;0;21,7;20,1;21,8;21,5;20,5;20;93;91;92;;;;
2026/03/12;0300 UTC;0;1014,1;1014,4;1013,9;0;21,8;20,1;21,9;21,5;20,2;20;92;91;91;;;;
2026/03/12;0400 UTC;0;1013,6;1014,2;1012,7;0;21,5;19,6;21,6;21,4;20;19,2;93;88;90;;;;
2026/03/12;0500 UTC;0;1012,7;1013,4;1011,9;0;21,1;19,3;21,5;20,9;19,5;19,2;92;89;91;;;;
2026/03/12;0600 UTC;0;1013,3;1013,6;1013;0;21,3;19,5;21,4;21,1;19,7;19,3;92;91;91;;;;
2026/03/12;0700 UTC;0;1013,1;1013,2;1013;0;20,6;19,5;21,1;20,5;19,6;19,4;95;91;94;;;;
2026/03/12;0800 UTC;0;1013;1013,1;1013;0;20,3;19,4;20,5;20,1;19,5;19,1;96;95;95;83;1,8;1,3;
2026/03/12;0900 UTC;0;1013,2;1013,4;1013,1;0;20;19,2;20,2;19,9;19,3;19;97;94;96;68;3;1,7;
2026/03/12;1000 UTC;0;1013,6;1014;1013,4;58,7;19,8;18,8;20,1;19,6;19;18,7;96;94;95;;;;
2026/03/12;1100 UTC;0;1014,3;1014,5;1013,9;606,7;20,9;19;21,9;19,9;19,3;18,7;95;84;90;;;;
2026/03/12;1200 UTC;0;1014,6;1014,7;1014,5;1454;22,6;18,6;23,4;21,8;19,3;17,9;86;74;80;;;;
2026/03/12;1300 UTC;0;1014,6;1014,7;1014,5;2154,1;24,1;18,5;25,1;23,1;19,1;18,1;77;68;72;;;;
2026/03/12;1400 UTC;0;1014,8;1014,9;1014,6;1960,8;24,9;18,8;25,4;24,5;19,5;18,3;74;66;70;;;;
2026/03/12;1500 UTC;0;1014,5;1014,9;1014,1;1478,1;24,4;18,7;25,1;23,7;19,6;17,7;79;67;71;;;;
2026/03/12;1600 UTC;0;1013,9;1014,2;1013,5;3197,3;25,5;19;26,6;24,1;19,8;18,4;78;61;68;;;;
2026/03/12;1700 UTC;0;1013,2;1013,5;1012,7;3333,7;26,8;18,7;27,2;26,3;19,4;17,6;63;56;60;;;;
2026/03/12;1800 UTC;0;1012,4;1012,7;1012,1;3059,4;27,1;18,6;27,4;26,7;19,7;18;63;55;58;;;;
2026/03/12;1900 UTC;0;1011,9;1012,1;1011,6;2145,9;26,9;18,4;27,2;26,3;19,3;17,6;63;53;58;;;;
2026/03/12;2000 UTC;0;1011,6;1011,7;1011,5;909;26;18,7;27,3;24,6;19;18,3;72;55;64;;;;
2026/03/12;2100 UTC;0;1011,7;1012;1011,5;760,1;24,5;18,8;24,9;23,8;19,3;18,1;76;66;72;;;;
2026/03/12;2200 UTC;0;1012,2;1012,4;1011,9;118,8;23,1;18,9;24;22,3;19,2;18,6;83;75;79;122;5;2,5;
2026/03/12;2300 UTC;0;1012,7;1013;1012,4;0;21,8;19,3;22,2;21,5;19,7;18,6;90;83;87;126;6,5;3,2;
2026/03/13;0000 UTC;0;1013,2;1013,5;1013;0;21,4;18,6;21,8;21;18,8;18,4;89;83;86;124;5,3;3;
2026/03/13;0100 UTC;0;1013,3;1013,5;1013,2;0;20,5;18,7;21;19,9;18,9;18,4;93;89;91;182;3;2;
2026/03/13;0200 UTC;0;1013,1;1013,2;1012,9;0;19,6;18,4;19,9;19,4;18,9;18,3;96;92;94;137;2,4;1,4;
2026/03/13;0300 UTC;0;1012,7;1012,9;1012,5;0;19,8;18,8;20;19,5;18,9;18,6;96;93;95;122;3,6;1,6;
2026/03/13;0400 UTC;0;1012,1;1012,5;1011,8;0;18,8;18,3;20;18,3;18,6;18;99;93;97;232;2,1;1,6;
2026/03/13;0500 UTC;0;1011,5;1011,9;1011,2;0;18,2;18,1;18,4;18,2;18,3;18;100;99;99;252;3;2,2;
2026/03/13;0600 UTC;0;1011,1;1011,2;1011;0;18,2;18,2;18,3;18,1;18,4;18;100;100;100;257;4,7;3,1;
2026/03/13;0700 UTC;0;1010,8;1011;1010,6;0;18,3;18,3;18,6;18,2;18,4;18,2;100;98;100;226;6,1;4;
2026/03/13;0800 UTC;0;1010,6;1010,8;1010,2;0;19;18,3;19,1;18,7;18,4;18,2;98;96;97;230;5;3;
2026/03/13;0900 UTC;0;1010,8;1011;1010,7;0;18,6;17,9;18,9;18,3;18,2;17,8;98;96;97;237;3,3;2,1;
2026/03/13;1000 UTC;0;1011,2;1011,5;1011;57;18,3;17,7;18,4;18,2;17,8;17,6;98;96;97;249;4,3;2,6;
2026/03/13;1100 UTC;0;1011,6;1011,8;1011,5;646,4;19,2;18,1;20,2;18,4;18,9;17,7;96;92;94;254;3,8;2,6;
2026/03/13;1200 UTC;0;1012;1012,4;1011,7;1433,3;21,2;19,3;22,2;20,3;20;18,7;93;87;90;;;;
2026/03/13;1300 UTC;,2;1012,7;1012,9;1012,4;1762,9;22,6;19,9;23,8;21,7;20,8;18,7;94;76;86;;;;
2026/03/13;1400 UTC;0;1012,7;1012,9;1012,6;2185,3;23,9;19,6;25,1;23,2;20,4;18,8;84;71;79;;;;
2026/03/13;1500 UTC;0;1012,5;1012,6;1012,3;2579,8;25,1;19,2;25,9;24,3;21,4;18,3;86;63;70;;;;
2026/03/13;1600 UTC;,2;1012,1;1012,5;1011,9;1923,4;23,1;20,1;25;22,3;21,1;18,9;92;76;85;;;;
2026/03/13;1700 UTC;0;1011,6;1011,9;1011,3;2510,1;24,2;19,2;25,3;23,5;20,2;18,3;79;69;75;;;;
2026/03/13;1800 UTC;,8;1010,9;1011,3;1010,4;1854,8;24,6;20,1;25,8;23,1;21,1;19,2;88;71;78;;;;
2026/03/13;1900 UTC;0;1010,3;1010,5;1010,1;1994,7;26,3;19,2;27,4;25,1;20;18,4;71;58;64;;;;
2026/03/13;2000 UTC;0;1010,1;1010,2;1009,9;990,3;26;19;26,7;25,2;19,5;18,5;69;60;65;;;;
2026/03/13;2100 UTC;0;1010,3;1010,4;1010,1;709,3;25,4;19,1;26;25;19,6;18,8;73;65;69;;;;
2026/03/13;2200 UTC;0;1010,4;1010,5;1010,4;131,4;23,5;19,1;25,2;22,1;19,2;18,9;85;69;78;;;;
2026/03/13;2300 UTC;0;1010,6;1010,7;1010,4;0;21,4;19;22,1;20,8;19,1;18,8;90;85;88;;;;
2026/03/14;0000 UTC;0;1010,7;1010,8;1010,7;0;20,3;18,8;20,8;19,8;19;18,6;95;90;93;;;;
2026/03/14;0100 UTC;0;1010,8;1010,8;1010,7;0;19,6;18,6;19,8;19,4;18,7;18,4;96;94;95;;;;
2026/03/14;0200 UTC;0;1010,5;1010,8;1010,2;0;19,3;18,4;19,4;19,2;18,5;18,2;96;95;95;;;;
2026/03/14;0300 UTC;0;1010;1010,2;1009,7;0;19;18,4;19,2;18,8;18,5;18,2;98;96;97;;;;
2026/03/14;0400 UTC;0;1009,6;1009,8;1009,4;0;18,8;18,3;18,9;18,7;18,5;18,2;98;97;97;;;;
2026/03/14;0500 UTC;0;1009,2;1009,4;1009;0;18,8;18,4;18,9;18,7;18,5;18,2;98;97;98;;;;
2026/03/14;0600 UTC;0;1009,2;1009,2;1009;0;18,8;18,5;19;18,7;18,7;18,3;99;98;98;;;;
2026/03/14;0700 UTC;0;1009;1009,2;1008,9;0;19;18,8;19,1;19;18,9;18,7;99;98;99;;;;
2026/03/14;0800 UTC;0;1009;1009,2;1008,9;0;19,1;19;19,2;19;19,1;18,8;100;99;100;;;;
2026/03/14;0900 UTC;0;1009,1;1009,3;1008,9;0;19;19;19,4;18,8;19,4;18,7;100;100;100;;;;
2026/03/14;1000 UTC;0;1009,6;1010;1009,2;28,6;19,4;19,4;19,5;19,4;19,5;19,4;100;100;100;;;;
2026/03/14;1100 UTC;0;1010,1;1010,3;1009,9;282,8;19,6;19,7;20;19,4;20,1;19,5;100;100;100;;;;
2026/03/14;1200 UTC;0;1010,6;1010,9;1010,3;661,2;20,1;20,2;20,6;19,8;20,6;19,8;100;99;100;;;;
2026/03/14;1300 UTC;0;1010,8;1010,9;1010,8;1635,6;22;20,2;23,1;20,5;21,1;19,4;99;84;91;;;;
2026/03/14;1400 UTC;0;1010,7;1010,9;1010,5;2541,3;24,1;19,4;25,2;23,2;20,3;18,7;83;69;77;;;;
2026/03/14;1500 UTC;0;1010,5;1010,6;1010,1;2929,3;25,7;19;26,6;24,6;19,9;18,2;76;62;67;;;;
2026/03/14;1600 UTC;0;1009,8;1010,2;1009,5;2833,7;26,6;18,9;27,5;25,4;19,5;18,2;67;56;61;;;;
2026/03/14;1700 UTC;0;1009,1;1009,4;1008,8;3045,8;27,6;18,7;28,4;27;19,1;18;59;51;55;;;;
2026/03/14;1800 UTC;0;1008,5;1008,8;1008,2;2249,8;27,8;18,3;28,8;26,8;19,1;17,5;58;48;53;;;;
2026/03/14;1900 UTC;0;1007,9;1008,1;1007,7;2147,5;28,1;18,6;28,5;27,6;19,1;18,1;56;49;53;;;;
2026/03/14;2000 UTC;0;1007,8;1007,9;1007,6;1628,7;28,2;18,3;28,8;27,7;19;17,8;54;48;51;;;;
2026/03/14;2100 UTC;0;1007,8;1008;1007,5;734,2;27,2;18,5;28,1;26,2;19,9;17,8;69;50;56;;;;
2026/03/14;2200 UTC;0;1008,2;1008,2;1008,2;0;23,2;19,8;23,2;23,2;19,8;19,8;83;83;83;;;;
2026/03/14;2300 UTC;0;1008,2;1008,2;1008,2;0;21,5;19,4;21,5;21,5;19,4;19,4;89;89;89;;;;
2026/03/15;0000 UTC;0;1008,9;1008,9;1008,9;0;20,5;19,3;20,5;20,5;19,3;19,3;94;94;94;;;;
2026/03/15;0100 UTC;0;1009,2;1009,2;1009,2;0;19,6;19;19,6;19,6;19;19;97;97;97;;;;
2026/03/15;0200 UTC;0;1009,1;1009,1;1009,1;0;19,3;18,9;19,3;19,3;18,9;18,9;98;98;98;;;;
2026/03/15;0300 UTC;0;1009,2;1009,2;1009,2;0;19,1;18,9;19,1;19,1;18,9;18,9;99;99;99;;;;
2026/03/15;0400 UTC;0;1008,3;1008,3;1008,3;0;18,7;18,4;18,7;18,7;18,4;18,4;99;99;99;;;;
2026/03/15;0500 UTC;0;1008;1008;1008;0;18,8;18,7;18,8;18,8;18,7;18,7;100;100;100;;;;
2026/03/15;0600 UTC;0;1007,7;1007,7;1007,7;0;19,3;19,1;19,3;19,3;19,1;19,1;99;99;99;;;;
2026/03/15;0700 UTC;0;1007,3;1007,3;1007,3;0;19,2;18,9;19,2;19,2;18,9;18,9;99;99;99;;;;
2026/03/15;0800 UTC;0;1007,3;1007,3;1007,3;0;18,4;18,3;18,4;18,4;18,3;18,3;99;99;99;;;;
2026/03/15;0900 UTC;0;1007,6;1007,6;1007,6;0;18,2;18,2;18,2;18,2;18,2;18,2;100;100;100;;;;
2026/03/15;1000 UTC;0;1008,3;1008,3;1008,3;238,8;17,9;17,8;17,9;17,9;17,8;17,8;100;100;100;216;,8;,7;
2026/03/15;1100 UTC;0;1008,9;1008,9;1008,9;932,1;20,8;20,2;20,8;20,8;20,2;20,2;97;97;97;80;,8;,6;
2026/03/15;1200 UTC;0;1009,3;1009,3;1009,3;1830,6;23,1;19,7;23,1;23,1;19,7;19,7;83;83;83;43;1,9;1,3;
2026/03/15;1300 UTC;0;1009,8;1009,8;1009,8;2524,6;25,1;19,3;25,1;25,1;19,3;19,3;71;71;71;;;;
2026/03/15;1400 UTC;0;1009,6;1009,6;1009,6;3025,9;26,4;19,4;26,4;26,4;19,4;19,4;65;65;65;;;;
2026/03/15;1500 UTC;0;1009,3;1009,3;1009,3;3585,5;28,8;20,5;28,8;28,8;20,5;20,5;59;59;59;;;;
2026/03/15;1600 UTC;0;1008,9;1008,9;1008,9;3469,9;29,1;19,3;29,1;29,1;19,3;19,3;51;51;51;;;;
2026/03/15;1700 UTC;0;1008,8;1008,8;1008,8;3392,5;29,2;21,8;29,2;29,2;21,8;21,8;63;63;63;;;;
2026/03/15;1800 UTC;0;1008,3;1008,3;1008,3;2762,2;29,2;20,6;29,2;29,2;20,6;20,6;57;57;57;;;;
2026/03/15;1900 UTC;0;1008,1;1008,1;1008,1;2019,3;28,8;20,7;28,8;28,8;20,7;20,7;59;59;59;;;;
2026/03/15;2000 UTC;0;1008,2;1008,2;1008,2;1174,6;27,7;20;27,7;27,7;20;20;61;61;61;;;;
2026/03/15;2100 UTC;0;1008,5;1008,5;1008,5;355,2;26,1;20,7;26,1;26,1;20,7;20,7;73;73;73;;;;
2026/03/15;2200 UTC;0;1008,8;1008,8;1008,8;0;24;20,6;24;24;20,6;20,6;83;83;83;;;;
2026/03/15;2300 UTC;0;1009,5;1009,5;1009,5;0;22,7;20,5;22,7;22,7;20,5;20,5;89;89;89;;;;
2026/03/16;0000 UTC;0;1010,3;1010,3;1010,3;0;22,2;20,3;22,2;22,2;20,3;20,3;90;90;90;;;;
2026/03/16;0100 UTC;0;1010,5;1010,6;1010,3;0;22,4;20,3;22,6;22,1;20,5;20,2;91;88;90;;;;
2026/03/16;0200 UTC;0;1010,6;1010,7;1010,4;0;22,4;20,4;22,6;21,9;20,5;20,2;92;88;90;;;;
2026/03/16;0300 UTC;0;1010,4;1010,6;1010,1;0;21,4;20,1;21,9;21,2;20,3;20;95;92;93;;;;
2026/03/16;0400 UTC;0;1010;1010,1;1009,9;0;21,1;20,3;21,2;20,9;20,4;20,2;97;95;96;;;;
2026/03/16;0500 UTC;0;1009,6;1009,9;1009,4;0;20,9;20,4;21;20,8;20,5;20,3;98;97;97;;;;
2026/03/16;0600 UTC;0;1009,5;1009,6;1009,5;0;20,7;20,3;21;20,6;20,5;20,2;99;97;98;;;;
2026/03/16;0700 UTC;0;1009,5;1009,7;1009,4;0;20,8;20,6;20,9;20,6;20,7;20,3;99;99;99;;;;
2026/03/16;0800 UTC;0;1009,8;1010;1009,6;0;21;20,9;21,4;20,8;21,3;20,6;100;99;100;;;;
2026/03/16;0900 UTC;0;1010;1010,3;1009,8;0;21,3;21,2;21,4;21,1;21,3;20,9;100;99;99;;;;
2026/03/16;1000 UTC;0;1010,5;1010,8;1010,3;47,7;21,3;21,2;21,5;21,1;21,4;20,9;100;99;99;;;;
2026/03/16;1100 UTC;0;1011;1011,3;1010,8;451;22,1;21,6;22,7;21,5;21,9;21,3;99;95;97;;;;
2026/03/16;1200 UTC;0;1011,4;1011,6;1011,2;1043,8;23,7;22,3;24,5;22,7;22,8;21,8;96;88;93;;;;
2026/03/16;1300 UTC;0;1011,7;1011,9;1011,5;1766,2;25,6;22,1;26,3;24,6;22,9;21,6;90;79;82;;;;
2026/03/16;1400 UTC;0;1011,9;1012;1011,7;2759,4;27,1;22,3;28,3;26,2;23,1;21,9;82;70;76;;;;
2026/03/16;1500 UTC;0;1011,5;1011,8;1011,1;3150,3;28,8;22,6;29,6;28;23,1;22;74;65;69;;;;
2026/03/16;1600 UTC;0;1010,9;1011,2;1010,6;3177,8;29,2;23,6;29,6;28,9;24,2;22,6;75;66;72;;;;
2026/03/16;1700 UTC;0;1010,6;1010,7;1010,4;2991,7;29,5;24,1;29,9;29,1;24,7;23,6;76;71;73;;;;
2026/03/16;1800 UTC;0;1010,2;1010,6;1009,9;2551,2;30,1;23,8;30,4;29,7;24,4;23;72;63;69;;;;
2026/03/16;1900 UTC;0;1010;1010,1;1009,8;1645,6;29,2;23,5;29,8;28,8;24;22,8;74;68;71;;;;
2026/03/16;2000 UTC;0;1009,9;1009,9;1009,9;857,9;28,3;23,8;28,3;28,3;23,8;23,8;78;78;78;;;;
2026/03/16;2100 UTC;0;1010;1010;1010;188,7;26,7;24,3;26,7;26,7;24,3;24,3;88;88;88;;;;
2026/03/16;2200 UTC;0;1010,4;1010,4;1010,4;0;25,8;23,9;25,8;25,8;23,9;23,9;91;91;91;;;;
2026/03/16;2300 UTC;0;1010,9;1010,9;1010,9;0;25,4;23,9;25,4;25,4;23,9;23,9;92;92;92;;;;
2026/03/17;0000 UTC;0;1011,8;1011,8;1011,8;0;25,4;23,7;25,4;25,4;23,7;23,7;92;92;92;;;;
2026/03/17;0100 UTC;0;1011,4;1011,4;1011,4;0;25,1;23,7;25,1;25,1;23,7;23,7;93;93;93;;;;
2026/03/17;0200 UTC;0;1011,2;1011,2;1011,2;0;25;23,7;25;25;23,7;23,7;94;94;94;;;;
2026/03/17;0300 UTC;0;1010,6;1010,6;1010,6;0;24,8;23,5;24,8;24,8;23,5;23,5;94;94;94;;;;
2026/03/17;0400 UTC;0;1010,5;1010,5;1010,5;0;24,8;23,6;24,8;24,8;23,6;23,6;94;94;94;;;;
2026/03/17;0500 UTC;0;1010,4;1010,4;1010,4;0;24,9;23,6;24,9;24,9;23,6;23,6;94;94;94;;;;
2026/03/17;0600 UTC;0;1009,8;1009,8;1009,8;0;24,7;23,5;24,7;24,7;23,5;23,5;94;94;94;;;;
2026/03/17;0700 UTC;0;1009,6;1009,6;1009,6;0;24,5;23,4;24,5;24,5;23,4;23,4;94;94;94;;;;
2026/03/17;0800 UTC;0;1009,5;1009,5;1009,5;0;24,6;23,2;24,6;24,6;23,2;23,2;93;93;93;;;;
2026/03/17;0900 UTC;0;1010,1;1010,1;1010,1;0;24,6;23,2;24,6;24,6;23,2;23,2;93;93;93;;;;
2026/03/17;1000 UTC;0;1010,9;1010,9;1010,9;10,1;24,4;23,4;24,4;24,4;23,4;23,4;95;95;95;;;;
2026/03/17;1100 UTC;0;1011,5;1011,5;1011,5;154,6;24,7;23,7;24,7;24,7;23,7;23,7;95;95;95;;;;
2026/03/17;1200 UTC;0;1011,2;1011,2;1011,2;328,6;25,2;23,7;25,2;25,2;23,7;23,7;92;92;92;;;;
2026/03/17;1300 UTC;0;1010,9;1010,9;1010,9;816,2;26,1;23,9;26,1;26,1;23,9;23,9;89;89;89;;;;
2026/03/17;1400 UTC;0;1011,2;1011,2;1011,2;1022,3;26,7;23,6;26,7;26,7;23,6;23,6;84;84;84;;;;
2026/03/17;1500 UTC;0;1010,7;1010,7;1010,7;1113,8;27,5;23,6;27,5;27,5;23,6;23,6;80;80;80;;;;
2026/03/17;1600 UTC;0;1010,3;1010,3;1010,3;466,6;25,7;24,7;25,7;25,7;24,7;24,7;95;95;95;;;;
2026/03/17;1700 UTC;0;1009,2;1009,2;1009,2;744,8;25,8;24,3;25,8;25,8;24,3;24,3;93;93;93;;;;
2026/03/17;1800 UTC;0;1009;1009;1009;677,7;26,3;24,4;26,3;26,3;24,4;24,4;91;91;91;;;;
2026/03/17;1900 UTC;0;1008,8;1008,8;1008,8;528;26,2;24,1;26,2;26,2;24,1;24,1;89;89;89;;;;
2026/03/17;2000 UTC;0;1008,8;1008,8;1008,8;453,6;26,4;24,2;26,4;26,4;24,2;24,2;89;89;89;;;;
2026/03/17;2100 UTC;0;1008,5;1008,5;1008,5;160,3;26;23,6;26;26;23,6;23,6;88;88;88;;;;
2026/03/17;2200 UTC;0;1009;1009;1009;0;25,2;23,4;25,2;25,2;23,4;23,4;91;91;91;;;;
2026/03/17;2300 UTC;0;1009,8;1009,8;1009,8;0;24,6;23,1;24,6;24,6;23,1;23,1;93;93;93;;;;
2026/03/18;0000 UTC;0;1009,9;1009,9;1009,9;0;24,7;23,1;24,7;24,7;23,1;23,1;92;92;92;;;;
2026/03/18;0100 UTC;0;1009,8;1009,8;1009,8;0;24,5;23,5;24,5;24,5;23,5;23,5;95;95;95;;;;
2026/03/18;0200 UTC;0;1010,3;1010,3;1010,3;0;24,4;23,2;24,4;24,4;23,2;23,2;94;94;94;;;;
2026/03/18;0300 UTC;0;1010,1;1010,1;1010,1;0;24,3;23,1;24,3;24,3;23,1;23,1;94;94;94;;;;
2026/03/18;0400 UTC;0;1009,6;1009,6;1009,6;0;24,1;23,2;24,1;24,1;23,2;23,2;96;96;96;82;1,9;,7;
2026/03/18;0500 UTC;0;1009;1009;1009;0;23,9;22,9;23,9;23,9;22,9;22,9;95;95;95;;;;
2026/03/18;0600 UTC;0;1008,5;1008,5;1008,5;0;23,2;22,5;23,2;23,2;22,5;22,5;96;96;96;;;;
2026/03/18;0700 UTC;0;1008,2;1008,2;1008,2;0;22,9;21,8;22,9;22,9;21,8;21,8;95;95;95;;;;
2026/03/18;0800 UTC;0;1008,1;1008,1;1008,1;0;22,4;21,8;22,4;22,4;21,8;21,8;97;97;97;;;;
2026/03/18;0900 UTC;0;1008,9;1008,9;1008,9;0;21,9;21,4;21,9;21,9;21,4;21,4;98;98;98;;;;
2026/03/18;1000 UTC;0;1009,5;1009,5;1009,5;201,7;22;21,6;22;22;21,6;21,6;98;98;98;;;;
2026/03/18;1100 UTC;0;1009,6;1009,6;1009,6;1315,9;24,5;22,2;24,5;24,5;22,2;22,2;89;89;89;;;;
2026/03/18;1200 UTC;0;1010,1;1010,1;1010,1;794,4;24,9;22,2;24,9;24,9;22,2;22,2;86;86;86;;;;
2026/03/18;1300 UTC;0;1010,4;1010,4;1010,4;851,4;25,6;22,4;25,6;25,6;22,4;22,4;84;84;84;;;;
2026/03/18;1400 UTC;0;1010,1;1010,1;1010,1;1073,8;25,8;21,9;25,8;25,8;21,9;21,9;81;81;81;;;;
2026/03/18;1500 UTC;0;1010,1;1010,1;1010,1;975;27,4;22,7;27,4;27,4;22,7;22,7;76;76;76;;;;
2026/03/18;1600 UTC;0;1009,7;1009,7;1009,7;2304,7;27,9;22,8;27,9;27,9;22,8;22,8;75;75;75;;;;
2026/03/18;1700 UTC;0;1009,2;1009,2;1009,2;1305,6;29;22,9;29;29;22,9;22,9;69;69;69;;;;
2026/03/18;1800 UTC;0;1009,9;1009,9;1009,9;474,1;24,4;21,2;24,4;24,4;21,2;21,2;84;84;84;207;9,2;5,5;
2026/03/18;1900 UTC;0;1010;1010;1010;295,3;24,6;22,1;24,6;24,6;22,1;22,1;88;88;88;225;5,5;4,3;
2026/03/18;2000 UTC;0;1009,9;1009,9;1009,9;359,9;26;22,1;26;26;22,1;22,1;80;80;80;191;6;3,7;
2026/03/18;2100 UTC;0;1010,2;1010,2;1010,2;92,6;24,5;21,7;24,5;24,5;21,7;21,7;86;86;86;190;5,3;4,4;
2026/03/18;2200 UTC;0;1010,6;1010,6;1010,6;0;23,3;21,3;23,3;23,3;21,3;21,3;90;90;90;209;5,1;2,9;
2026/03/18;2300 UTC;0;1011;1011;1011;0;22,8;21,2;22,8;22,8;21,2;21,2;92;92;92;200;3;2,1;
2026/03/19;0000 UTC;0;1011,8;1011,8;1011,8;0;22,7;21,4;22,7;22,7;21,4;21,4;94;94;94;202;2,7;2,2;
2026/03/19;0100 UTC;0;1011,7;1011,8;1011,6;0;22,7;21,8;22,8;22,6;22,1;21,4;97;94;96;207;4,5;2,6;
2026/03/19;0200 UTC;,2;1011,7;1011,8;1011,6;0;22,4;22;22,6;22,1;22,1;21,9;99;97;98;193;5,6;3,1;
2026/03/19;0300 UTC;,6;1011,7;1011,8;1011,6;0;22,1;22;22,2;21,9;22;21,8;100;99;99;203;3;1,9;
2026/03/19;0400 UTC;,4;1011,5;1011,7;1011,4;0;21,8;21,8;21,9;21,7;21,9;21,7;100;100;100;221;3,8;2,8;
2026/03/19;0500 UTC;0;1011,2;1011,4;1011;0;21,7;21,6;21,8;21,5;21,8;21,4;100;99;100;228;3,8;2,4;
2026/03/19;0600 UTC;0;1010,8;1011;1010,6;0;21,5;21,3;21,6;21,4;21,4;21,2;99;99;99;223;4,9;3,1;
2026/03/19;0700 UTC;0;1010,5;1010,6;1010,4;0;21,2;21,1;21,4;21,2;21,2;21;99;99;99;217;3,8;2,3;
2026/03/19;0800 UTC;0;1010,3;1010,5;1010,2;0;21,1;20,9;21,2;20,9;21,1;20,8;100;99;99;223;3,5;2,5;
2026/03/19;0900 UTC;0;1010,5;1010,6;1010,2;0;21,1;21;21,1;21;21;20,9;100;99;100;233;3,5;2,2;
2026/03/19;1000 UTC;0;1010,7;1011;1010,5;32,5;21,1;21;21,2;21,1;21,1;21;100;99;99;224;4,3;2,6;
2026/03/19;1100 UTC;0;1011,2;1011,5;1010,9;393,5;21,6;21,3;22,1;21,2;21,8;21;99;97;99;217;5,1;3,2;
2026/03/19;1200 UTC;,4;1011,7;1011,8;1011,5;763,1;22,1;21,5;22,6;21,7;22,1;21,3;99;95;97;217;5,1;3,2;
2026/03/19;1300 UTC;0;1011,8;1011,9;1011,7;1570,1;23,6;21,8;24,5;22,5;22,5;21,3;97;85;91;;;;
2026/03/19;1400 UTC;0;1011,8;1011,9;1011,7;1727,7;25;21,5;25,3;24,4;22,4;20,6;88;77;83;;;;
2026/03/19;1500 UTC;0;1011,5;1011,7;1011,4;3213,8;26,8;21,2;27,8;25,4;22,5;20;82;64;72;147;5;3;
2026/03/19;1600 UTC;0;1011,2;1011,4;1010,9;3201,6;28;20,8;29;27,2;21,7;20,1;69;59;64;143;5,6;3,4;
2026/03/19;1700 UTC;0;1010,6;1010,9;1010,3;1871,9;27,9;20,6;28,7;27,4;21,3;20;68;58;64;140;4,4;1,9;
2026/03/19;1800 UTC;0;1009,9;1010,3;1009,6;1796,5;27,8;21;28,8;27;21,9;20;72;61;66;101;6,4;3,4;
2026/03/19;1900 UTC;0;1009,4;1009,6;1009,2;1117,5;26,8;21;27,7;26,2;21,6;20,7;74;68;71;104;6,4;4,3;
2026/03/19;2000 UTC;0;1009,2;1009,2;1009,1;719,1;26,2;20,5;26,6;25,9;21;20,1;73;69;71;90;5,8;3,2;
2026/03/19;2100 UTC;0;1009,1;1009,2;1009;317,5;25,3;20,2;25,8;24,7;20,4;19,9;78;72;74;108;3,5;1,7;
2026/03/19;2200 UTC;0;1009,2;1009,3;1009,1;56;24,1;20,2;24,7;23,5;20,3;20;84;78;81;114;3,6;1,9;
2026/03/19;2300 UTC;0;1009,4;1009,7;1009,3;0;23,2;20,6;23,5;22,8;20,7;20,4;89;84;87;122;3,2;1,8;
2026/03/20;0000 UTC;0;1010,2;1010,2;1010,2;0;21,3;20,1;21,3;21,3;20,1;20,1;94;94;94;98;3,1;2;
2026/03/20;0100 UTC;0;1010,4;1010,5;1010,2;0;21,1;20,2;21,3;20,9;20,3;20,1;97;94;95;86;2,1;1,3;
2026/03/20;0200 UTC;0;1010,5;1010,6;1010,4;0;20,8;20,3;20,9;20,7;20,4;20,2;98;97;97;102;2,3;1,5;
2026/03/20;0300 UTC;0;1010,5;1010,5;1010,5;0;20,7;20,3;20,9;20,5;20,5;20,1;98;97;98;66;1,5;,6;
2026/03/20;0400 UTC;0;1010,5;1010,7;1010,3;0;20,9;20,3;21,1;20,7;20,5;20,2;98;96;97;110;1,3;,9;
2026/03/20;0500 UTC;0;1010,2;1010,4;1010;0;20,3;19,8;21;19,9;20,3;19,6;99;96;98;134;1,4;,6;
2026/03/20;0600 UTC;0;1009,9;1010;1009,8;0;19,9;19,8;20,1;19,7;20;19,6;100;99;99;238;1,3;1;
2026/03/20;0700 UTC;0;1009,9;1010;1009,8;0;20,3;20,2;20,4;20,1;20,4;20;100;100;100;234;1,7;1,2;
2026/03/20;0800 UTC;0;1010;1010,1;1009,9;0;20,5;20,4;20,7;20,3;20,6;20,2;100;99;100;174;1;,5;
2026/03/20;0900 UTC;0;1010;1010,4;1009,8;0;20;19,9;20,3;19,6;20,2;19,5;100;99;100;270;1,4;1,1;
2026/03/20;1000 UTC;0;1010,6;1010,8;1010,4;20,1;19,5;19,5;19,6;19,3;19,6;19,3;100;100;100;235;1,7;,8;
2026/03/20;1100 UTC;0;1011;1011,4;1010,6;549,4;20,1;20,1;21,5;19,4;21,3;19,4;100;99;100;76;,8;,4;
2026/03/20;1200 UTC;0;1011,8;1012,1;1011,5;952,3;22,6;21,3;23,9;21,4;21,7;20,9;99;86;93;13;1,6;1,5;
2026/03/20;1300 UTC;0;1012,1;1012,1;1012;1449,4;24,8;21,2;26,6;23,6;21,8;20,8;88;72;82;;;;
2026/03/20;1400 UTC;0;1012;1012,1;1011,9;2816,2;26,8;21,3;27,4;26,1;22,1;20,7;78;69;73;;;;
2026/03/20;1500 UTC;0;1011,5;1011,9;1011,1;2890,2;27,3;21,2;27,7;26,8;21,7;20,6;73;67;70;;;;
2026/03/20;1600 UTC;0;1010,8;1011,3;1010,4;2899,4;27,5;21,3;28,1;26,8;21,8;20,8;72;65;69;;;;
2026/03/20;1700 UTC;0;1010,1;1010,5;1009,8;2449,2;27,7;21,1;28,3;27,2;21,7;20,6;70;64;67;;;;
2026/03/20;1800 UTC;0;1009,6;1009,9;1009,3;2506,7;28;21,1;28,6;27,5;21,8;20,6;68;62;65;;;;
2026/03/20;1900 UTC;0;1009,1;1009,3;1008,8;2293,2;28;21,1;28,4;27,8;21,5;20,6;67;62;65;;;;
2026/03/20;2000 UTC;0;1008,7;1008,9;1008,4;1012,1;27,2;20,6;28,2;26,5;21,1;20,2;71;63;67;;;;
2026/03/20;2100 UTC;0;1008,7;1008,9;1008,5;281,2;25,9;20,8;26,6;25,3;21;20,4;78;70;74;69;8,1;4,6;
2026/03/20;2200 UTC;0;1009;1009,1;1008,8;25,2;25;20,8;25,3;24,7;21;20,7;80;77;79;71;7,9;4,3;
2026/03/20;2300 UTC;0;1009;1009,1;1008,8;0;24,2;20,6;24,6;24;20,9;20,4;84;80;82;61;8,2;4,9;
2026/03/21;0000 UTC;0;1009,6;1009,6;1009,6;0;23,8;20,6;23,8;23,8;20,6;20,6;84;84;84;65;6,3;4,3;
2026/03/21;0100 UTC;0;1009,6;1009,8;1009,4;0;23,6;20,5;23,7;23,4;20,7;20,3;85;84;85;64;9;5;
2026/03/21;0200 UTC;0;1009,8;1010;1009,5;0;23,3;20,4;23,5;22,9;20,5;20,2;88;84;86;55;6,1;3,5;
2026/03/21;0300 UTC;0;1009,5;1009,8;1009,3;0;23;20,5;23,2;22,9;20,6;20,4;88;86;87;54;6;3,7;
2026/03/21;0400 UTC;0;1009,1;1009,4;1008,8;0;22,8;20,4;23;22,6;20,5;20,3;90;87;88;52;6;3,2;
2026/03/21;0500 UTC;0;1008,6;1008,8;1008,2;0;22,4;20,5;22,7;22;20,8;20,3;93;88;90;48;4,6;3;
2026/03/21;0600 UTC;0;1007,7;1008,2;1007,5;0;23,2;20,7;23,5;22,6;20,8;20,5;90;85;87;54;6,9;4,3;
2026/03/21;0700 UTC;0;1007,2;1007,5;1007,1;0;23,6;20,3;23,7;23,5;20,5;20,1;85;82;84;50;7,2;3,9;
2026/03/21;0800 UTC;0;1007,2;1007,5;1007,1;0;23,6;20,7;23,6;23,5;20,9;20,3;87;83;86;40;5,1;3,4;
2026/03/21;0900 UTC;0;1007,2;1007,3;1007,1;0;23,3;21;23,6;23,1;21,1;20,7;90;86;89;35;5,8;3,9;
2026/03/21;1000 UTC;0;1007,3;1007,5;1007,2;25,4;23,3;21,3;23,4;23,1;21,4;21;91;89;90;46;7;4,3;
2026/03/21;1100 UTC;0;1007,7;1007,8;1007,4;461,3;24,1;21;25,1;23,4;21,5;20,6;89;81;84;46;7,5;4,6;
2026/03/21;1200 UTC;0;1007,6;1007,8;1007,4;968,7;25,1;21,4;25,6;24,6;21,9;21,2;84;79;82;39;10,6;6,7;
2026/03/21;1300 UTC;0;1007,1;1007,5;1006,9;1706,2;26,2;21,9;26,9;25,2;22,4;21,6;83;75;79;45;9,9;6,4;
2026/03/21;1400 UTC;0;1006,8;1006,9;1006,6;2575,3;27,7;22,4;28,4;26,8;22,9;22;77;70;73;51;10,8;6,4;
2026/03/21;1500 UTC;0;1006,5;1006,8;1006,4;2907,1;29,3;23;30,3;28,1;23,6;22,5;73;65;68;;;;
2026/03/21;1600 UTC;0;1005,7;1006,3;1005,2;2554,5;30,4;23,7;30,7;30;24,6;22,9;71;62;67;;;;
2026/03/21;1700 UTC;0;1005,2;1005,4;1004,9;1966;29,7;24,1;30,1;29,2;24,4;23,8;75;69;72;;;;
2026/03/21;1800 UTC;0;1004,6;1004,9;1003,8;1317,2;28,9;23,5;29,3;28,3;24,2;22,8;75;72;73;;;;
2026/03/21;1900 UTC;0;1003,5;1003,8;1003,2;463,1;28;22,7;28,3;27,7;22,9;22,5;75;72;73;50;10,6;6,5;
2026/03/21;2000 UTC;0;1003,3;1004,1;1002,6;152,6;27,3;22,8;27,7;27,2;23,1;22,5;80;75;77;44;9,2;4,8;
2026/03/21;2100 UTC;3,3;1005,4;1006,8;1004;15,1;26,2;23,5;27,1;24,9;24,2;23;95;80;86;246;12,7;4,9;
2026/03/21;2200 UTC;12,9;1007;1007,3;1006,6;8,1;23,5;23,3;24,7;23,3;23,7;23,1;99;95;99;71;4,6;3;
2026/03/21;2300 UTC;0;1006,2;1006,2;1006,2;0;23,4;23,4;23,4;23,4;23,4;23,4;100;100;100;68;3,4;2,5;
2026/03/22;0000 UTC;0;1007,1;1007,1;1007,1;0;23,6;23,6;23,6;23,6;23,6;23,6;100;100;100;23;2,4;2;
2026/03/22;0100 UTC;0;1007,5;1007,7;1007,2;0;23,6;23,5;23,7;23,5;23,6;23,5;100;99;100;154;1;,4;
2026/03/22;0200 UTC;0;1008,1;1008,7;1007,6;0;23,5;23,4;23,6;23,3;23,6;23,2;100;99;100;257;5,2;3,2;
2026/03/22;0300 UTC;0;1008,6;1008,8;1008,5;0;23,5;23,1;23,9;23,3;23,3;22,6;100;94;98;298;3,9;2,1;
2026/03/22;0400 UTC;0;1008,6;1008,8;1008,4;0;23,7;22,4;23,9;23,3;22,7;22,2;94;93;94;265;3,8;2;
2026/03/22;0500 UTC;,2;1008,8;1008,9;1008,6;0;23;21,9;23,3;22,8;22,2;21,7;94;94;94;256;4,7;3,2;
2026/03/22;0600 UTC;0;1009;1009,2;1008,8;0;22,8;21,6;22,9;22,6;21,7;21,2;95;92;94;248;6,9;4,4;
2026/03/22;0700 UTC;0;1009,2;1009,5;1009;0;22,3;20,4;22,8;21,5;21,3;19,2;93;89;91;230;7,9;5,4;
2026/03/22;0800 UTC;0;1009,7;1010,2;1009,5;0;20,5;18,7;21,4;19,6;19,3;18,2;94;89;91;235;6,8;4,6;
2026/03/22;0900 UTC;0;1010,4;1010,8;1010,1;0;18,7;16,9;19,6;18,1;18,2;16,5;93;89;91;228;0;0;
2026/03/22;1000 UTC;0;1011,4;1011,8;1010,8;25,3;17,9;16,5;18,1;17,7;16,6;16,2;93;92;93;236;2,6;,6;
2026/03/22;1100 UTC;0;1012,3;1012,9;1011,7;505,9;18;16,1;18,6;17,7;16,4;15,8;93;88;90;270;,6;0;
2026/03/22;1200 UTC;0;1013,1;1013,4;1012,8;1342,4;19,2;16,6;19,9;18,5;17,2;16;89;84;87;;;;
2026/03/22;1300 UTC;0;1013,8;1014,1;1013,3;2099,6;20,7;17,3;21,5;20,1;18;16,8;87;78;83;;;;
2026/03/22;1400 UTC;0;1014,1;1014,2;1013,8;2499,6;21,7;17,5;22,5;21,3;18,2;16,7;84;74;79;;;;
2026/03/22;1500 UTC;0;1013,9;1014;1013,8;2543,8;22,9;17,9;24,2;22,1;19;16,9;81;68;75;;;;
2026/03/22;1600 UTC;0;1013,8;1014;1013,6;2192,6;24;18;24,9;23,2;19,6;17,3;76;64;70;183;3,4;1,9;
2026/03/22;1700 UTC;0;1013,2;1013,6;1013,1;1623,5;24,7;18,4;25,3;24,4;19,4;17,6;72;65;69;;;;
2026/03/22;1800 UTC;0;1012,8;1013,1;1012,6;1924,2;25;18,5;25,5;24,4;19,1;18;71;64;68;;;;
2026/03/22;1900 UTC;0;1012,6;1012,7;1012,5;899,5;24,3;18,3;25,3;23,9;18,8;17,8;74;64;70;112;5,2;3;
2026/03/22;2000 UTC;0;1012,2;1012,5;1012,1;757,7;24;18,1;24,5;23,6;18,6;17,6;74;67;70;120;5,5;3,2;
2026/03/22;2100 UTC;0;1012,4;1012,5;1012,3;267,8;23,1;18;23,6;22,5;18,3;17,7;78;70;74;116;3,6;2;
2026/03/22;2200 UTC;0;1012,9;1013,1;1012,5;46,3;22;18,3;22,5;21,4;18,6;17,9;86;77;81;129;2,3;1,6;
2026/03/22;2300 UTC;0;1013,1;1013,4;1012,9;0;21,2;18,1;21,4;20,9;18,4;17,7;85;83;84;120;2,7;1,1;
2026/03/23;0000 UTC;0;1013,6;1013,7;1013,4;0;20,4;18;20,9;20,2;18,3;17,9;91;85;88;77;2,2;1,2;
2026/03/23;0100 UTC;0;1013,7;1013,8;1013,4;0;20,7;18,4;21,2;20,2;18,5;18,2;91;86;88;74;4,4;2,6;
2026/03/23;0200 UTC;0;1013,4;1013,8;1013,2;0;21,1;18,6;21,2;21,1;18,7;18,4;88;86;87;85;2,6;1,3;
2026/03/23;0300 UTC;0;1012,7;1012,7;1012,7;0;20,5;19,1;20,5;20,5;19,1;19,1;93;93;93;109;1;,8;
2026/03/23;0400 UTC;0;1011,9;1011,9;1011,9;0;20,9;19,6;20,9;20,9;19,6;19,6;93;93;93;91;1,7;1;
2026/03/23;0500 UTC;0;1011,1;1011,1;1011,1;0;21,1;19,9;21,1;21,1;19,9;19,9;94;94;94;73;1,3;,9;
2026/03/23;0600 UTC;0;1010,1;1010,1;1010,1;0;21;20,1;21;21;20,1;20,1;95;95;95;141;1,4;1,2;
2026/03/23;0700 UTC;0;1009,6;1009,6;1009,6;0;21,5;21;21,5;21,5;21;21;97;97;97;117;2,1;1,6;
2026/03/23;0800 UTC;0;1009,7;1009,7;1009,7;0;22,5;20,9;22,5;22,5;20,9;20,9;92;92;92;75;4,5;3,2;
2026/03/23;0900 UTC;0;1009,4;1009,4;1009,4;0;22,7;20,6;22,7;22,7;20,6;20,6;89;89;89;56;5;3,7;
2026/03/23;1000 UTC;0;1009;1009;1009;48,9;22,4;21,4;22,4;22,4;21,4;21,4;95;95;95;29;3,5;2,7;
2026/03/23;1100 UTC;0;1008,7;1008,7;1008,7;183,7;23;21,9;23;23;21,9;21,9;95;95;95;45;4,9;3,3;
2026/03/23;1200 UTC;0;1008,3;1008,3;1008,3;851;24,3;22,6;24,3;24,3;22,6;22,6;92;92;92;56;5,8;4,6;
2026/03/23;1300 UTC;0;1007,1;1007,1;1007,1;1022,1;25,6;22,8;25,6;25,6;22,8;22,8;86;86;86;39;8,5;6,3;
2026/03/23;1400 UTC;0;1006,7;1006,7;1006,7;1257,2;26,4;23,1;26,4;26,4;23,1;23,1;83;83;83;34;8,4;6,1;
2026/03/23;1500 UTC;0;1006,4;1006,4;1006,4;634,1;26,9;22,9;26,9;26,9;22,9;22,9;80;80;80;13;5,2;3,5;
2026/03/23;1600 UTC;0;1007,2;1007,2;1007,2;192,6;25,2;23,5;25,2;25,2;23,5;23,5;91;91;91;287;3,8;2,7;
2026/03/23;1700 UTC;0;1007,2;1007,2;1007,2;89;23,8;23,6;23,8;23,8;23,6;23,6;99;99;99;273;2,7;1,9;
2026/03/23;1800 UTC;,2;1005,9;1005,9;1005,9;204,8;23,4;23,2;23,4;23,4;23,2;23,2;99;99;99;257;2,9;1,9;
2026/03/23;1900 UTC;0;1004,6;1004,6;1004,6;349,3;23;22,7;23;23;22,7;22,7;99;99;99;300;1,4;,8;
2026/03/23;2000 UTC;0;1005,1;1005,1;1005,1;176,3;22,9;22,1;22,9;22,9;22,1;22,1;96;96;96;316;2,8;1,2;
2026/03/23;2100 UTC;0;1006,2;1006,2;1006,2;41;22,6;22,1;22,6;22,6;22,1;22,1;98;98;98;262;4,5;3,4;
2026/03/23;2200 UTC;0;1005,7;1005,7;1005,7;0;21,2;21,1;21,2;21,2;21,1;21,1;99;99;99;216;5;3,1;
2026/03/23;2300 UTC;0;1006,4;1006,4;1006,4;0;20,6;20,6;20,6;20,6;20,6;20,6;100;100;100;219;3,5;2,5;
2026/03/24;0000 UTC;0;1006,4;1006,4;1006,4;0;20,4;20,3;20,4;20,4;20,3;20,3;100;100;100;187;2,1;1,5;
2026/03/24;0100 UTC;0;1006,2;1006,5;1005,5;0;20,4;20,3;20,4;20,3;20,4;20,3;100;100;100;112;4,5;2,5;
2026/03/24;0200 UTC;,2;1007,4;1008;1005,9;0;20,5;20,4;20,5;20,4;20,5;20,3;100;99;100;236;6,2;3,9;
2026/03/24;0300 UTC;,2;1008,1;1008,3;1007,9;0;20,4;20,2;20,5;20,1;20,3;20;100;99;99;223;7,8;5,2;
2026/03/24;0400 UTC;,2;1008,3;1008,4;1008;0;20;19,7;20,1;19,8;20;19,4;99;98;98;223;9,9;6,3;
2026/03/24;0500 UTC;0;1008,7;1008,9;1008,3;0;19,6;19;19,7;19,5;19,3;18,8;98;96;97;228;6;3,9;
2026/03/24;0600 UTC;0;1008,7;1008,9;1008,6;0;19,3;18,7;19,5;19,2;18,9;18,4;97;96;97;231;7,3;4,8;
2026/03/24;0700 UTC;0;1009,1;1009,3;1008,8;0;18,9;18;19,1;18,6;18,4;17,6;97;94;96;239;7,4;4,7;
2026/03/24;0800 UTC;0;1009,6;1010;1009,2;0;18,4;17,2;18,6;18,2;17,6;16,8;95;93;94;240;6,8;4,5;
2026/03/24;0900 UTC;0;1010,3;1010,8;1009,9;0;17,8;16,7;18,2;17,3;16,9;16,4;95;93;94;234;0;0;
2026/03/24;1000 UTC;0;1011;1011,4;1010,7;18,7;17;16,2;17,3;16,8;16,4;16,1;97;95;96;234;0;0;
2026/03/24;1100 UTC;0;1011,8;1012,1;1011,4;511,2;17,3;16,3;17,8;16,8;16,6;16,1;96;92;95;235;2;,5;
2026/03/24;1200 UTC;0;1012,2;1012,6;1012;1364,8;18,6;16,5;19,4;17,9;17,1;16,1;93;85;90;228;6,5;3,9;
2026/03/24;1300 UTC;,2;1012,9;1013,2;1012,5;2203;20,1;16;20,6;19,3;17,2;14,7;87;71;80;;;;
2026/03/24;1400 UTC;0;1013,4;1013,6;1013,2;2850,4;21,3;14,4;22;20,6;15,9;11,9;76;51;66;;;;
2026/03/24;1500 UTC;0;1013,6;1013,7;1013,5;3226,7;22,3;13,4;22,7;22;15,2;12,1;64;50;56;;;;
2026/03/24;1600 UTC;0;1013,3;1013,5;1013,2;3365,7;23;13,7;23,5;22,5;15,1;12,6;60;48;54;;;;
2026/03/24;1700 UTC;0;1013,1;1013,3;1012,8;3288,5;23,6;13,3;24,1;23;14,5;11,9;55;40;48;;;;
2026/03/24;1800 UTC;0;1012,6;1012,9;1012,4;2942,7;24,1;12,6;24,5;23,7;14,2;11,2;51;35;43;;;;
2026/03/24;1900 UTC;0;1012,3;1012,4;1012,2;2343,6;24,2;11,7;24,4;23,8;13;10,3;44;30;38;;;;
2026/03/24;2000 UTC;0;1012,4;1012,5;1012,3;1544,9;23,9;12;24,1;23,5;13,5;10,8;48;34;41;193;4,8;3,3;
2026/03/24;2100 UTC;0;1012,5;1012,6;1012,3;686;22,6;12,5;23,5;21,5;13,7;11,7;59;42;49;196;4;2,5;
2026/03/24;2200 UTC;0;1012,7;1012,8;1012,6;68,9;19,8;12,6;21,5;18,6;13,5;11,8;69;58;64;180;2,4;,5;
2026/03/24;2300 UTC;0;1013;1013,2;1012,7;0;17,5;11,9;18,7;16,5;12,6;11,5;80;65;72;180;,1;,1;
2026/03/25;0000 UTC;0;1013,5;1013,7;1013,2;0;16,9;12,5;17,2;16,4;13,4;12,1;84;76;78;180;,1;,1;
2026/03/25;0100 UTC;0;1014;1014,1;1013,7;0;15,8;13,7;16,3;15,4;14,2;13,4;91;88;90;180;,1;,1;
2026/03/25;0200 UTC;0;1014,1;1014,2;1014;0;15,7;14;16;15,3;14,1;13,8;93;90;91;180;,1;,1;
2026/03/25;0300 UTC;0;1014,2;1014,3;1014,1;0;14,9;13,8;15,4;14,4;14,1;13,5;96;92;95;180;,1;,1;
2026/03/25;0400 UTC;0;1014,3;1014,4;1014,1;0;14,1;13,5;14,4;13,9;13,6;13,3;98;96;97;180;,1;,1;
2026/03/25;0500 UTC;0;1014,2;1014,3;1014,1;0;13,7;13,4;13,9;13,5;13,6;13,2;99;98;98;180;,1;,1;
2026/03/25;0600 UTC;0;1014,1;1014,2;1014;0;13,5;13,3;13,6;13,3;13,4;13,1;99;99;99;180;,1;,1;
2026/03/25;0700 UTC;0;1014,1;1014,3;1013,9;0;13,4;13,3;13,7;13,2;13,7;13;100;99;99;180;,1;,1;
2026/03/25;0800 UTC;0;1013,9;1014;1013,7;0;13,4;12,9;13,9;13,1;13,3;12,7;99;96;98;180;,1;,1;
2026/03/25;0900 UTC;0;1014,2;1014,5;1013,9;0;14,2;13,3;14,6;13,8;13,7;12,9;96;94;96;180;,1;,1;
2026/03/25;1000 UTC;0;1014,9;1015,3;1014,5;3,3;14,8;13,8;15,1;14,5;14,3;13,5;96;94;95;180;,1;,1;
2026/03/25;1100 UTC;0;1015,7;1015,9;1015,4;95,8;15,4;14,3;15,9;15,1;14,7;14,1;95;94;95;180;,1;,1;
2026/03/25;1200 UTC;0;1016,3;1016,5;1015,8;304,8;16,3;14,9;16,7;15,9;15,3;14,5;94;91;93;180;,1;,1;
2026/03/25;1300 UTC;0;1016,9;1017,2;1016,4;424,6;17,2;15,4;17,8;16,7;15,9;14,7;92;89;91;180;,5;,1;
2026/03/25;1400 UTC;0;1017;1017,2;1016,8;936,3;18,9;16,2;20,1;17,8;17;15,6;90;82;87;180;,4;,4;
2026/03/25;1500 UTC;0;1016,7;1016,9;1016,4;1230,2;20,9;16,9;22;20,2;17,5;16,4;84;75;80;;;;
2026/03/25;1600 UTC;0;1016,3;1016,5;1016,1;2101,4;23,2;15,8;23,9;22,2;17,9;14,2;78;55;63;121;3,4;1,8;
2026/03/25;1700 UTC;0;1015,5;1016,1;1014,9;1492,4;23,7;15,6;23,9;23,6;16,8;14,9;65;57;60;92;4,4;2,5;
2026/03/25;1800 UTC;0;1014,9;1015,1;1014,8;2383,1;24,4;16,4;24,9;23,7;17,1;15,8;65;57;60;120;4,5;2,4;
2026/03/25;1900 UTC;0;1014,9;1015,1;1014,7;1489,1;24,3;16,3;24,8;24,1;17,1;15,7;65;57;60;95;4,6;2,3;
2026/03/25;2000 UTC;0;1014,7;1014,8;1014,6;1025,7;23,9;17,4;24,9;23,3;18,1;16,6;73;61;67;77;4,6;2,9;
2026/03/25;2100 UTC;0;1014,8;1015;1014,5;393;22,6;18,1;23,4;21,7;18,6;17,6;85;72;77;77;5,4;3,1;
2026/03/25;2200 UTC;0;1015,3;1015,5;1015;28,3;21,4;18,6;21,7;21,2;18,8;18,3;88;84;86;58;3,2;2,1;
2026/03/25;2300 UTC;0;1015,6;1015,9;1015,4;0;21,1;18,4;21,2;21;18,7;18,1;88;85;87;87;3,6;2;
2026/03/26;0000 UTC;0;1016,3;1016,7;1015,9;0;20,9;18,3;21;20,8;18,4;18;88;86;87;148;1,6;,9;
2026/03/26;0100 UTC;0;1016,7;1016,9;1016,5;0;20,7;17,6;20,9;20,5;18,5;17,1;89;81;85;89;3,4;2;
2026/03/26;0200 UTC;0;1016,4;1016,5;1016,3;0;20;17,2;20,5;19,8;17,5;17;87;85;86;64;2,3;,9;
2026/03/26;0300 UTC;0;1016,3;1016,5;1016,2;0;20,1;17,8;20,3;19,8;18,3;17,4;92;87;89;214;,8;,6;
2026/03/26;0400 UTC;0;1016,3;1016,4;1016,2;0;19,8;18,1;19,9;19,7;18,3;17,9;92;91;91;195;1,8;1,2;
2026/03/26;0500 UTC;0;1016,3;1016,4;1016,2;0;19,8;18,5;19,9;19,6;18,8;18,2;96;92;94;225;1,5;,8;
2026/03/26;0600 UTC;0;1016;1016,2;1015,9;0;19,6;18,8;19,7;19,6;19;18,7;97;95;96;219;1,4;,7;
2026/03/26;0700 UTC;0;1015,8;1016;1015,7;0;19,6;19;19,7;19,5;19;18,9;97;97;97;323;1;,6;
2026/03/26;0800 UTC;0;1015,7;1015,8;1015,6;0;19,5;19,1;19,6;19,4;19,2;19;99;97;98;300;1,3;,7;
2026/03/26;0900 UTC;0;1015,8;1016;1015,6;0;19,4;19,2;19,5;19,3;19,2;19,1;99;98;99;282;1,3;,8;
2026/03/26;1000 UTC;0;1016,2;1016,5;1016;3,3;19,3;19,2;19,4;19,3;19,3;19,1;99;99;99;230;1,6;1,1;
2026/03/26;1100 UTC;0;1016,9;1017,3;1016,5;189,4;19,6;19,4;19,9;19,4;19,7;19,3;99;99;99;225;3,3;2,1;
2026/03/26;1200 UTC;0;1017,3;1017,4;1017,1;504,2;20,2;19,6;20,8;19,9;19,9;19,3;99;94;97;208;2,7;1,5;
2026/03/26;1300 UTC;0;1017,5;1017,6;1017,3;859,6;21,6;19,7;22,1;20,8;20,1;19,4;95;88;91;158;2,9;1,7;
2026/03/26;1400 UTC;0;1017,6;1017,7;1017,5;716,1;22,4;19,8;22,9;21,7;20,4;19,6;91;84;87;149;2,4;1,6;
2026/03/26;1500 UTC;0;1017,4;1017,6;1017,3;738,8;23,2;20;23,5;22,7;20,4;19,7;87;82;84;;;;
2026/03/26;1600 UTC;0;1017,1;1017,3;1016,9;929,3;23,9;20,2;24,3;23,4;20,6;19,8;84;78;81;;;;
2026/03/26;1700 UTC;0;1016,7;1016,9;1016,6;987,7;24,3;20;24,6;24,1;20,4;19,6;81;76;78;;;;
2026/03/26;1800 UTC;0;1016,2;1016,6;1016,1;525,2;23,9;20,5;24,3;23,6;21;19,9;87;79;83;;;;
2026/03/26;1900 UTC;0;1015,8;1016,1;1015,6;833,9;24,3;20,9;24,8;23,6;21,5;20,7;88;80;83;;;;
2026/03/26;2000 UTC;0;1015,5;1015,6;1015,3;340,6;23,7;21,3;24,4;23,4;21,7;21;91;83;88;;;;
2026/03/26;2100 UTC;0;1015,3;1015,3;1015,2;181,4;23,5;21,3;23,7;23,3;21,5;21,1;90;87;89;;;;
2026/03/26;2200 UTC;0;1015,3;1015,5;1015,2;11,6;23,1;21,3;23,3;22,9;21,4;21,2;92;90;91;;;;
2026/03/26;2300 UTC;0;1015,9;1016,1;1015,5;0;22,7;21,4;22,9;22,4;21,6;21,3;96;92;94;127;4,1;2,2;
2026/03/27;0000 UTC;0;1016,3;1016,5;1016,1;0;22,3;21,6;22,4;22,3;21,6;21,5;97;96;96;114;4,7;2,7;
2026/03/27;0100 UTC;0;1016,3;1016,4;1016,2;0;22,3;21,6;22,5;22,2;21,7;21,6;97;95;96;112;2,9;1,5;
2026/03/27;0200 UTC;0;1016,1;1016,2;1016;0;22,6;21,7;22,7;22,5;21,8;21,6;96;95;96;112;3,1;1,9;
2026/03/27;0300 UTC;0;1015,9;1016;1015,8;0;22,8;22,1;22,8;22,7;22,2;21,8;97;96;97;128;3;1,6;
2026/03/27;0400 UTC;0;1015,7;1015,9;1015,6;0;22,7;22,3;22,8;22,7;22,5;22,2;99;97;98;95;4,2;2,2;
2026/03/27;0500 UTC;0;1015,4;1015,7;1015,2;0;22,8;22,7;22,9;22,7;22,8;22,5;100;99;99;103;2,9;1,5;
2026/03/27;0600 UTC;0;1015,2;1015,4;1015;0;23;22,9;23;22,9;23;22,8;100;100;100;136;2,4;1,3;
2026/03/27;0700 UTC;0;1014,9;1015;1014,7;0;23,1;23,1;23,1;23;23,1;23;100;100;100;144;2;1;
2026/03/27;0800 UTC;0;1014,8;1015;1014,7;0;23,2;23,2;23,3;23,1;23,3;23,1;100;100;100;138;2,2;1,4;
2026/03/27;0900 UTC;0;1015,2;1015,4;1015;0;23,5;23,4;23,5;23,3;23,5;23,3;100;100;100;;;;
2026/03/27;1000 UTC;0;1015,5;1015,7;1015,4;9,8;23,5;23,4;23,5;23,4;23,5;23,4;100;100;100;;;;
2026/03/27;1100 UTC;0;1016;1016,4;1015,7;157,8;23,8;23,8;24,1;23,5;24;23,5;100;99;100;;;;
2026/03/27;1200 UTC;0;1016,5;1016,6;1016,3;494,1;24,7;24;25,5;24,1;24,2;23,7;100;92;97;;;;
2026/03/27;1300 UTC;0;1016,7;1016,7;1016,6;889,9;26;23,8;26,3;25,5;24,1;23,4;92;86;89;39;3,4;2,3;
2026/03/27;1400 UTC;0;1016,7;1016,8;1016,6;948,7;26,8;23,5;27,2;26,3;24;23,2;87;80;84;48;2,7;1,6;
2026/03/27;1500 UTC;0;1016,5;1016,7;1016,2;1493,3;27,6;23,7;28,2;27,2;24,2;23,3;83;76;80;74;4,4;2,5;
2026/03/27;1600 UTC;0;1015,9;1016,2;1015,6;1563,8;28,2;23,8;28,4;28,1;24,4;23,3;81;76;78;88;4,5;2,9;
2026/03/27;1700 UTC;0;1015,3;1015,6;1015,1;2605,7;29,2;24;29,9;28,2;24,5;23,4;79;69;74;102;3,7;2,3;
2026/03/27;1800 UTC;0;1014,9;1015,1;1014,7;1538,7;29,1;24,1;29,5;28,6;24,5;23,7;79;72;75;100;4,4;3,1;
2026/03/27;1900 UTC;0;1014,5;1014,7;1014,3;2012,7;30;24,3;30,4;29,6;24,7;23,7;75;70;72;114;4,1;2,3;
2026/03/27;2000 UTC;0;1014,5;1014,6;1014,3;1288,1;30;24,3;30,4;29,6;24,7;24;73;69;71;97;4,3;2,8;
2026/03/27;2100 UTC;0;1014,7;1014,7;1014,7;183,2;28,3;23,7;28,3;28,3;23,7;23,7;77;77;77;90;3;1,8;
2026/03/27;2200 UTC;0;1014,9;1014,9;1014,9;0;26;23,6;26;26;23,6;23,6;88;88;88;75;3,8;2;
2026/03/27;2300 UTC;0;1015,3;1015,3;1015,3;0;25,1;24,1;25,1;25,1;24,1;24,1;95;95;95;54;1,8;1,3;
2026/03/28;0000 UTC;0;1015,7;1015,7;1015,7;0;24,6;24,1;24,6;24,6;24,1;24,1;97;97;97;160;1,1;,3;
2026/03/28;0100 UTC;0;1016;1016,2;1015,7;0;24,5;24;24,6;24,3;24;23,9;98;97;98;94;1,6;,8;
2026/03/28;0200 UTC;0;1016,1;1016,2;1015,9;0;24,2;24;24,3;24,1;24,2;23,8;99;98;99;63;2,7;1,7;
2026/03/28;0300 UTC;0;1016,1;1016,2;1015,9;0;24,2;24,1;24,6;24,1;24,5;23,9;100;99;99;30;2,4;1,7;
2026/03/28;0400 UTC;0;1015,9;1016;1015,8;0;24,6;24,5;24,6;24,5;24,6;24,4;100;100;100;18;1,4;1;
2026/03/28;0500 UTC;0;1015,8;1015,9;1015,6;0;24,2;24,2;24,5;23,8;24,5;23,8;100;100;100;201;1,9;1,4;
2026/03/28;0600 UTC;0;1015,5;1015,7;1015,3;0;23,8;23,8;23,9;23,7;23,9;23,8;100;100;100;202;1,5;1;
2026/03/28;0700 UTC;0;1015,1;1015,3;1014,9;0;23,7;23,8;23,8;23,6;23,9;23,7;100;100;100;112;,7;,4;
2026/03/28;0800 UTC;0;1015;1015,1;1014,9;0;23,6;23,6;23,6;23,5;23,7;23,5;100;100;100;161;2,2;1,2;
2026/03/28;0900 UTC;0;1015,4;1015,9;1015;0;23,5;23,5;23,5;23,4;23,5;23,5;100;100;100;190;3;1,7;
2026/03/28;1000 UTC;0;1016,2;1016,5;1015,9;5,6;23,6;23,6;23,7;23,4;23,7;23,5;100;100;100;216;2,7;1,6;
2026/03/28;1100 UTC;0;1016,9;1017,3;1016,5;92,5;23,7;23,7;23,9;23,6;23,9;23,7;100;100;100;218;2;1,4;
2026/03/28;1200 UTC;0;1017,5;1017,7;1017,2;320,4;24;24,1;24,2;23,9;24,3;23,9;100;100;100;195;2,9;1,4;
2026/03/28;1300 UTC;0;1018,1;1018,2;1017,8;849,4;24,5;24,4;24,9;24,1;24,7;24,2;100;97;99;130;2,8;1,7;
2026/03/28;1400 UTC;0;1018,2;1018,4;1018,1;669,2;25,3;24,2;25,9;24,9;24,5;24;98;91;95;180;2,6;1,6;
2026/03/28;1500 UTC;0;1018,1;1018,4;1018;885,1;26,2;24,3;26,7;25,9;24,7;24,1;93;87;90;241;2,7;1,6;
2026/03/28;1600 UTC;0;1017,8;1018;1017,5;1011,3;26,9;24,3;27,6;26,5;24,6;23,9;90;83;87;165;3;1,6;
2026/03/28;1700 UTC;0;1017,1;1017,5;1016,6;1718;27,8;24,4;28,6;27;24,8;24,1;88;78;83;221;2,4;1;
2026/03/28;1800 UTC;0;1016,5;1016,8;1016,3;2018,9;29,2;24,8;29,8;28,4;25,1;24,4;82;74;78;209;3,1;1,6;
2026/03/28;1900 UTC;0;1016,2;1016,4;1015,9;1888,7;30,1;25,2;31,1;29,3;26;24,8;80;72;75;260;2,7;,7;
2026/03/28;2000 UTC;0;1015,9;1016;1015,8;908,6;30,5;25,6;31,1;29,7;26;25,3;81;72;76;61;2,1;1,3;
2026/03/28;2100 UTC;0;1016,2;1016,2;1016,2;53,7;27,7;24,5;27,7;27,7;24,5;24,5;84;84;84;87;1,9;1;
2026/03/28;2200 UTC;0;1016,4;1016,4;1016,4;0;26,5;24,8;26,5;26,5;24,8;24,8;91;91;91;107;3,2;2,1;
2026/03/28;2300 UTC;0;1017;1017;1017;0;25,1;24;25,1;25,1;24;24;95;95;95;106;2,3;1,7;
2026/03/29;0000 UTC;0;1017,3;1017,3;1017,3;0;24,4;23,6;24,4;24,4;23,6;23,6;96;96;96;125;5,1;2,6;
2026/03/29;0100 UTC;0;1017,6;1017,8;1017,3;0;24,4;23,6;24,4;24,3;23,7;23,6;97;96;96;100;1,5;,9;
2026/03/29;0200 UTC;0;1017,5;1017,7;1017,4;0;24,3;23,6;24,4;24,2;23,7;23,6;97;96;97;23;1,6;1,2;
2026/03/29;0300 UTC;0;1017,5;1017,6;1017,2;0;24,3;23,6;24,4;24,2;23,7;23,6;97;96;97;92;2;1,4;
2026/03/29;0400 UTC;0;1017,1;1017,3;1017;0;24,2;23,5;24,3;24,1;23,6;23,3;97;95;96;163;1,9;,8;
2026/03/29;0500 UTC;0;1016,9;1017,2;1016,7;0;24,2;23,4;24,3;24,1;23,5;23,3;96;95;96;144;,7;,4;
2026/03/29;0600 UTC;0;1016,5;1016,8;1016,2;0;24,2;23,5;24,3;24;23,6;23,4;97;96;97;216;,9;,5;
2026/03/29;0700 UTC;0;1016,1;1016,2;1015,9;0;24;23,4;24;23,9;23,5;23,3;98;97;97;203;1,4;1;
2026/03/29;0800 UTC;0;1016;1016,1;1015,8;0;24;23,5;24;23,9;23,6;23,4;98;97;98;304;,7;,4;
2026/03/29;0900 UTC;0;1016,1;1016,4;1016;0;23,7;23,4;23,9;23,6;23,5;23,3;99;98;98;201;1,1;,8;
2026/03/29;1000 UTC;0;1016,7;1017;1016,4;8,7;23,8;23,5;23,8;23,7;23,5;23,4;99;98;99;228;1,6;1,3;
2026/03/29;1100 UTC;0;1017,2;1017,4;1016,9;189,6;24,1;23,6;24,4;23,8;23,7;23,5;98;95;98;224;1,5;1;
2026/03/29;1200 UTC;0;1017,2;1017,3;1017,2;681,2;24,9;23,1;25,9;24,4;23,8;22,8;96;87;91;254;1,5;,7;
2026/03/29;1300 UTC;0;1017,3;1017,3;1017,2;1756,9;26,6;23,3;27,6;26;23,7;23;87;79;83;137;2,1;1,1;
2026/03/29;1400 UTC;0;1017,4;1017,6;1017,2;2473,9;28,5;23,8;29,5;27,3;24,4;23,3;81;72;76;158;4,5;2,3;
2026/03/29;1500 UTC;0;1017,4;1017,6;1017,3;2853,3;29,6;24,2;30,6;29;24,6;23,5;76;68;73;152;4,6;2,5;
2026/03/29;1600 UTC;0;1017;1017,3;1016,7;2220,8;30,2;24,5;30,8;29,5;25,2;23,7;76;65;71;130;5;3,2;
2026/03/29;1700 UTC;0;1016,3;1016,8;1015,8;1687,6;29,5;24,4;30,7;28,7;25,4;23,8;78;71;74;134;5,8;3,4;
2026/03/29;1800 UTC;0;1015,9;1016,3;1015,6;1232,4;28,7;23,9;29,4;28,4;24,4;23,6;78;73;76;139;5,4;2,5;
2026/03/29;1900 UTC;0;1015,8;1016,1;1015,5;687,2;27,8;23,8;28,5;27;24,3;23,1;83;77;80;112;6;3;
2026/03/29;2000 UTC;0;1016,2;1016,2;1016,2;124;26,3;24;26,3;26,3;24;24;88;88;88;98;3,2;2,1;
2026/03/29;2100 UTC;0;1016,4;1016,4;1016,4;18,5;25,9;23,9;25,9;25,9;23,9;23,9;90;90;90;71;4,8;3,2;
2026/03/29;2200 UTC;0;1016,8;1016,8;1016,8;0;25,5;23,9;25,5;25,5;23,9;23,9;92;92;92;107;2,6;2;
2026/03/29;2300 UTC;0;1017,2;1017,2;1017,2;0;24,9;24,2;24,9;24,9;24,2;24,2;96;96;96;131;1,7;1,3;
2026/03/30;0000 UTC;0;1017,1;1017,1;1017,1;0;24,5;24;24,5;24,5;24;24;98;98;98;321;1,5;,9;
2026/03/30;0100 UTC;0;1016,6;1017,3;1015,8;0;24,5;24,2;24,8;24,4;24,5;24;99;98;98;47;4,5;2,9;
2026/03/30;0200 UTC;0;1016,1;1016,5;1015,9;0;24,7;24,3;24,9;24,5;24,5;24,1;98;97;98;105;3,1;2,1;
2026/03/30;0300 UTC;0;1016,5;1016,6;1016,4;0;24,6;24,2;24,8;24,5;24,4;24,1;98;98;98;34;3,4;1,9;
2026/03/30;0400 UTC;0;1016,3;1016,5;1016;0;24,7;24,4;24,7;24,6;24,4;24,3;99;98;98;42;2,3;1,5;
2026/03/30;0500 UTC;,2;1015,8;1016;1015,6;0;24,6;24,3;24,7;24,5;24,4;24,3;99;98;99;79;2,8;1,6;
2026/03/30;0600 UTC;0;1015,8;1016;1015,7;0;24,5;24,3;24,6;24,4;24,4;24,2;99;99;99;180;2,3;1,5;
2026/03/30;0700 UTC;0;1015,7;1015,9;1015,3;0;24,4;24,3;24,5;24,3;24,5;24,2;100;99;100;88;3,1;1,9;
2026/03/30;0800 UTC;0;1015,3;1015,4;1015,2;0;24,5;24,4;24,6;24,3;24,5;24,2;100;100;100;101;2,5;1,6;
2026/03/30;0900 UTC;0;1015,4;1015,8;1015,2;0;24,2;24,2;24,3;24,2;24,2;24,1;100;100;100;105;2,3;1,3;
2026/03/30;1000 UTC;0;1016;1016,3;1015,8;1,3;24,1;23,9;24,2;23,9;24,1;23,4;100;98;99;100;2,9;1,4;
2026/03/30;1100 UTC;0;1016,4;1016,6;1016,2;119,8;23,9;23,4;24,2;23,9;23,5;23,3;98;96;98;72;2,1;1,1;
2026/03/30;1200 UTC;0;1016,8;1017;1016,5;538,5;25;22,8;25,4;24,2;23,9;21,9;96;83;89;66;3,1;1,6;
2026/03/30;1300 UTC;0;1017,1;1017,2;1016,9;1380,8;26,5;23,4;26,9;25,4;23,9;22,5;87;82;84;67;3,9;2,7;
2026/03/30;1400 UTC;0;1016,9;1017,2;1016,7;781,8;26,6;23,7;26,9;26,4;24;23,4;87;83;85;94;3,5;2,1;
2026/03/30;1500 UTC;0;1016,9;1017,1;1016,7;950,3;27,1;23,7;27,3;26,9;24,4;23;86;80;83;90;4,2;2,5;
2026/03/30;1600 UTC;0;1016,5;1016,9;1016,2;558,5;25,8;23,9;27;25,1;24,4;23,3;95;83;90;93;5,1;3;
2026/03/30;1700 UTC;,2;1016;1016,3;1015,6;524,1;25,6;24,1;25,9;25,2;24,6;23,3;95;90;93;99;6,7;3,6;
2026/03/30;1800 UTC;0;1015,4;1015,6;1015;1306,5;25,9;23,8;27,1;25,1;24,1;23,3;94;82;89;95;7,3;4,5;
2026/03/30;1900 UTC;0;1015,1;1015,2;1014,9;847,9;26,3;23,1;27,3;25,7;24;22,7;87;80;84;75;7,5;4,7;
2026/03/30;2000 UTC;0;1014,9;1015,1;1014,6;489,2;25,8;23;26,1;25,5;23,3;22,8;88;84;86;82;7,1;4,4;
2026/03/30;2100 UTC;0;1014,7;1014,8;1014,5;380;25,7;22,6;26,1;25,3;22,9;22,3;85;83;84;72;6,4;3,8;
2026/03/30;2200 UTC;0;1014,6;1014,8;1014,4;25,2;24,6;22,4;25,3;23,9;22,6;22,4;92;86;89;98;3,8;1,8;
2026/03/30;2300 UTC;0;1014,9;1015;1014,7;0;23,6;22,5;23,9;23,4;22,6;22,3;96;92;94;72;2,5;1,6;
2026/03/31;0000 UTC;0;1015,1;1015,1;1015,1;0;23,4;22,4;23,4;23,4;22,4;22,4;95;95;95;67;2;1,6;
2026/03/31;0100 UTC;0;1015,1;1015,2;1015;0;23,9;22,6;24;23,5;22,8;22,5;95;93;94;78;4;2,4;
2026/03/31;0200 UTC;0;1014,9;1015;1014,6;0;23,7;22,6;23,8;23,6;22,7;22,6;96;94;95;74;4,1;2,3;
2026/03/31;0300 UTC;0;1014,5;1014,6;1014,3;0;23,6;22,9;23,7;23,6;22,9;22,7;96;96;96;66;2,8;1,5;
2026/03/31;0400 UTC;0;1014,3;1014,4;1014,1;0;23,6;22,8;23,7;23,5;22,9;22,7;96;95;96;82;2,5;1,6;
2026/03/31;0500 UTC;0;1014;1014,2;1013,9;0;23,6;22,8;23,7;23,4;22,8;22,7;97;96;96;77;2,4;1,5;
2026/03/31;0600 UTC;0;1013,7;1013,9;1013,5;0;23,2;22,7;23,5;23;22,8;22,5;98;97;97;70;2,7;1,6;
2026/03/31;0700 UTC;0;1013,4;1013,5;1013,3;0;23;22,5;23,4;22,9;22,8;22,3;98;96;98;36;3,9;2,6;
2026/03/31;0800 UTC;0;1013,3;1013,4;1013,3;0;23,2;22,3;23,4;22,9;22,6;22,1;97;94;95;65;3,9;2,5;
2026/03/31;0900 UTC;0;1013,4;1013,6;1013,3;0;22,7;22,1;22,9;22,6;22,2;21,9;97;97;97;57;3,3;2,2;
2026/03/31;1000 UTC;0;1013,8;1014,1;1013,5;12,8;22,4;21,9;22,6;22,1;22,1;21,7;98;97;98;54;2,5;1,5;
2026/03/31;1100 UTC;0;1014,4;1014,7;1014,1;421,7;23,1;21,7;24,2;22,1;21,9;21,4;98;86;93;62;6,6;4,3;
2026/03/31;1200 UTC;0;1014,8;1015;1014,6;1220,7;25;21,5;25,9;24,3;21,9;21,3;87;77;82;60;10,7;5,9;
2026/03/31;1300 UTC;0;1014,8;1015;1014,5;1888,1;26,2;21,4;26,7;25,5;21,8;21,1;80;73;76;52;10,4;6,8;
2026/03/31;1400 UTC;0;1014,4;1014,7;1014,2;2073;26,7;21,4;27,4;26;21,9;21,1;78;69;74;51;10,9;6,8;
2026/03/31;1500 UTC;0;1014,2;1014,4;1013,9;2627,1;27,5;21,7;28,3;26,8;22,3;21,2;74;68;71;56;10,8;6,2;
2026/03/31;1600 UTC;0;1013,7;1014;1013,3;2079,5;27,6;21,5;28,5;27,1;22,2;21;71;67;70;58;10,4;6,3;
2026/03/31;1700 UTC;0;1012,7;1013,2;1012,4;3003,6;28,1;21,5;28,5;27,3;22,2;21,2;71;64;67;55;14;7,7;
2026/03/31;1800 UTC;0;1012,2;1012,4;1011,9;2684,4;28,2;21,4;28,9;27,5;22,2;21;69;63;66;49;10,7;7;
2026/03/31;1900 UTC;0;1012;1012,2;1011,7;1935,7;27,9;21,2;28,4;27,2;21,8;20,7;71;63;66;70;11,4;7,1;
2026/03/31;2000 UTC;0;1011,7;1011,9;1011,6;1349,4;27,4;21;27,7;27,1;21,4;20,5;71;65;68;70;11,3;6,6;
2026/03/31;2100 UTC;0;1011,8;1012;1011,6;470,1;26,3;20,9;27;25,7;21,3;20,5;76;70;73;67;10,4;6,3;
2026/03/31;2200 UTC;0;1011,8;1012;1011,7;24,8;24,9;20,9;25,6;24,5;21;20,7;82;77;80;72;6,8;4,3;
2026/03/31;2300 UTC;0;1012,3;1012,3;1012,3;0;24,2;20,9;24,2;24,2;20,9;20,9;84;84;84;77;6,6;3,2;
2026/04/01;0000 UTC;0;1012,6;1012,6;1012,6;0;24,1;20,4;24,1;24,1;20,4;20,4;82;82;82;62;7,9;5,1;
2026/04/01;0100 UTC;0;1012,9;1013;1012,6;0;23,7;20,1;24,1;23,3;20,5;19,9;83;81;82;67;5,9;3,7;
2026/04/01;0200 UTC;0;1012,9;1013;1012,8;0;23,2;20,3;23,3;23;20,9;20;88;84;86;67;5,3;3,4;
2026/04/01;0300 UTC;0;1012,7;1013;1012,4;0;23,4;20,3;23,6;23,1;20,9;20;88;84;85;66;7,3;4,1;
2026/04/01;0400 UTC;0;1012,4;1012,5;1012,1;0;22,8;19,9;23,1;22,4;20;19,8;87;84;85;67;5,5;3,4;
2026/04/01;0500 UTC;0;1011,8;1012,1;1011,4;0;22,1;19,9;22,4;21,9;19,9;19,8;90;87;89;54;4,2;2,8;
2026/04/01;0600 UTC;0;1011,1;1011,4;1010,8;0;21,5;19,5;22;21,1;19,8;19,2;91;89;90;59;3;1,7;
2026/04/01;0700 UTC;0;1010,5;1010,8;1010,3;0;20,2;19,1;21,1;19,6;19,3;18,9;98;90;95;154;1,4;1;
2026/04/01;0800 UTC;0;1010,2;1010,5;1010;0;19,1;18,8;19,6;18,7;19,1;18,4;99;97;98;245;1,3;,9;
2026/04/01;0900 UTC;0;1010,7;1011;1010,5;0;18,5;18,4;18,7;18,2;18,6;18,2;100;98;100;231;1,3;1;
2026/04/01;1000 UTC;0;1011;1011,2;1010,7;11,2;18,4;18,4;18,5;18,1;18,6;18,2;100;100;100;214;1,7;1,1;
2026/04/01;1100 UTC;0;1011,4;1011,7;1011,2;437,6;19;19;19,9;18,4;19,8;18,5;100;99;100;239;1,8;1,3;
2026/04/01;1200 UTC;0;1011,9;1012,1;1011,7;916,4;21,2;20,2;22,7;19,9;20,7;19,7;99;87;95;206;2,7;1,6;
2026/04/01;1300 UTC;0;1012,1;1012,1;1012;1818,9;23,7;20,4;24,9;22,6;21;20;90;78;83;242;3,2;1,5;
2026/04/01;1400 UTC;0;1011,8;1012;1011,5;2178,8;25,5;19,7;26,7;24,8;20,7;19,2;79;65;71;116;3,7;2,1;
2026/04/01;1500 UTC;0;1011,4;1011,6;1011,3;2792,9;26,7;19,8;27,2;25,8;20,4;19,3;70;62;65;90;5,5;2,8;
2026/04/01;1600 UTC;0;1010,8;1011,2;1010,4;3093,1;27,5;19,4;28;27,1;20,4;18,7;64;55;59;130;5,5;2,4;
2026/04/01;1700 UTC;0;1010,2;1010,5;1009,8;2757,7;28;19,3;28,4;27,3;20;18,5;60;53;57;113;4,7;2,9;
2026/04/01;1800 UTC;0;1009,5;1009,8;1009,1;2621,8;28,1;19,2;28,4;27,8;20;18,6;59;53;56;131;4,1;2,1;
2026/04/01;1900 UTC;0;1008,9;1009,1;1008,8;2023,4;28,3;19;28,9;28;20,1;18,4;58;50;53;108;4,3;2,7;
2026/04/01;2000 UTC;0;1009,1;1009,2;1008,9;1291,2;27,7;19,7;28,3;27;20,5;18,2;67;50;60;93;5,7;3,2;
2026/04/01;2100 UTC;0;1009,3;1009,4;1009,2;484,8;26,3;20,7;27;25,3;21;20,2;78;66;72;104;3,5;2,1;
2026/04/01;2200 UTC;0;1009,4;1009,6;1009,3;25,5;24;20,9;25,3;23,2;21;20,8;89;78;84;106;4,1;2,6;
2026/04/01;2300 UTC;0;1009,9;1009,9;1009,9;0;22,4;20,8;22,4;22,4;20,8;20,8;92;92;92;141;2,3;1,6;
2026/04/02;0000 UTC;0;1010,3;1010,3;1010,3;0;21,6;20,9;21,6;21,6;20,9;20,9;97;97;97;124;1,4;1;
2026/04/02;0100 UTC;0;1010,6;1010,8;1010,4;0;21,2;20,7;21,5;20,8;21;20,3;99;96;98;106;1,7;,3;
2026/04/02;0200 UTC;0;1010,7;1010,8;1010,6;0;21,2;21,1;21,6;20,9;21,5;20,6;100;98;99;70;2,9;2;
2026/04/02;0300 UTC;0;1010,9;1011,1;1010,6;0;21,2;21;21,6;20,8;21,5;20,7;100;99;99;262;2,3;1,3;
2026/04/02;0400 UTC;0;1010,9;1011,1;1010,8;0;20,9;20,9;21;20,7;21;20,6;100;99;100;243;1,2;,7;
2026/04/02;0500 UTC;0;1010,5;1010,8;1010,2;0;19,9;19,9;20,8;19,5;20,8;19,5;100;100;100;44;1,2;1;
2026/04/02;0600 UTC;0;1010,1;1010,2;1009,9;0;19,4;19,5;19,7;19,2;19,8;19,2;100;100;100;224;1,6;1,1;
2026/04/02;0700 UTC;0;1009,8;1009,9;1009,6;0;19,5;19,5;19,7;19,1;19,7;19,1;100;100;100;219;3,6;2,3;
2026/04/02;0800 UTC;0;1009,3;1009,5;1009,2;0;19,6;19,6;19,8;19,4;19,8;19,4;100;100;100;307;2,1;1,3;
2026/04/02;0900 UTC;0;1009,6;1009,8;1009,4;0;19,6;19,7;19,8;19,4;19,9;19,5;100;100;100;248;3,7;2,2;
2026/04/02;1000 UTC;0;1010;1010,1;1009,7;9,7;19,8;19,8;19,9;19,5;20;19,6;100;100;100;222;3,3;2,4;
2026/04/02;1100 UTC;0;1010,4;1010,7;1010,1;228,9;19,9;20;20,2;19,7;20,3;19,7;100;100;100;228;2,9;2,2;
2026/04/02;1200 UTC;0;1011,1;1011,6;1010,6;474,6;20,6;20,6;20,9;20,2;20,9;20,3;100;100;100;218;4,3;2,9;
2026/04/02;1300 UTC;0;1011,7;1011,9;1011,5;900,2;21,5;21,5;22,1;20,9;22,2;20,9;100;100;100;222;3,6;2,2;
2026/04/02;1400 UTC;0;1011,9;1012,1;1011,6;2063,5;23,3;21,7;25,4;21,9;22,2;21;100;80;92;212;3,3;1,1;
2026/04/02;1500 UTC;0;1011,9;1012,1;1011,7;2632,1;25,8;20,8;26,5;25,1;21,9;19,8;83;69;75;215;3,8;1,4;
2026/04/02;1600 UTC;0;1011,7;1011,9;1011,4;2756,9;27,4;20;28,2;26,1;20,9;19,1;72;55;63;184;3,8;2,3;
2026/04/02;1700 UTC;0;1011,1;1011,5;1010,5;2856,8;28,6;19,6;29,4;27,5;20,3;18,9;59;50;55;234;3,6;2;
2026/04/02;1800 UTC;0;1010,2;1010,5;1010;2628,1;29,5;18,9;30,1;29,2;19,7;18,1;52;44;47;178;3,9;1,9;
2026/04/02;1900 UTC;0;1010,1;1010,3;1010;1963,7;29,1;20,5;30,2;28,2;22;18,4;68;44;57;134;4,6;2,7;
2026/04/02;2000 UTC;0;1010,2;1010,5;1010;1102,4;27,9;21,5;28,7;26,8;22,1;21,1;72;66;68;127;4,9;2,6;
2026/04/02;2100 UTC;0;1010,7;1010,9;1010,4;204,6;26;21,3;26,8;25,3;21,5;21,1;80;72;77;157;4,6;2,6;
2026/04/02;2200 UTC;0;1011;1011,2;1010,9;26,6;24,3;21,2;25,3;23,4;21,4;21;88;80;84;138;3,5;1,7;
2026/04/02;2300 UTC;0;1011,2;1011,6;1011;0;22,8;21;23,4;22,3;21,1;21;94;88;91;154;1,8;,7;
2026/04/03;0000 UTC;0;1011,8;1012,1;1011,5;0;21,9;21,1;22,3;21,7;21,2;21;97;94;96;79;1,1;,6;
2026/04/03;0100 UTC;0;1012,2;1012,3;1012;0;21,4;21,1;21,7;21,1;21,3;20,8;99;97;98;194;,9;,4;
2026/04/03;0200 UTC;0;1012,6;1012,7;1012,4;0;21,3;21;21,5;21,1;21,4;20,8;99;98;99;263;1,6;,9;
2026/04/03;0300 UTC;0;1012,5;1012,7;1012,3;0;21;20,8;21,2;20,8;21;20,6;99;98;99;236;1,6;1,1;
2026/04/03;0400 UTC;0;1012,3;1012,4;1012,2;0;20,8;20,8;21;20,7;21;20,6;100;99;100;240;1,9;1,3;
2026/04/03;0500 UTC;0;1012,3;1012,3;1012,1;0;20,8;20,8;21;20,6;21,1;20,6;100;100;100;235;1,6;1;
2026/04/03;0600 UTC;0;1011,8;1012,1;1011,7;0;20,1;20,2;20,8;19,6;20,9;19,6;100;100;100;276;,8;,5;
2026/04/03;0700 UTC;0;1011,7;1011,8;1011,5;0;19,8;19,9;20;19,7;20,1;19,7;100;100;100;251;1,6;1,2;
2026/04/03;0800 UTC;,2;1011,6;1011,8;1011,5;0;19,7;19,8;20,1;19,4;20,1;19,5;100;100;100;240;,8;,4;
2026/04/03;0900 UTC;0;1012;1012,2;1011,7;0;19,5;19,5;19,7;19,2;19,7;19,3;100;100;100;230;1,6;,8;
2026/04/03;1000 UTC;0;1012,4;1012,8;1012,2;10,6;19,4;19,5;19,6;19,3;19,7;19,3;100;100;100;250;3,3;2,1;
2026/04/03;1100 UTC;0;1013;1013,2;1012,7;105;20,1;20,1;20,5;19,6;20,5;19,7;100;100;100;231;3,3;1,8;
2026/04/03;1200 UTC;0;1013,2;1013,6;1013;665,6;20,9;20,9;21,5;20,4;21,6;20,5;100;100;100;235;2,7;1,8;
2026/04/03;1300 UTC;0;1013,8;1013,9;1013,6;1025,3;21,9;22;22,4;21,3;22,5;21,4;100;99;100;222;3,2;2,2;
2026/04/03;1400 UTC;0;1013,9;1014;1013,6;2042;23,9;21,3;25,6;22;22,4;20,4;99;77;87;243;2,7;1,4;
2026/04/03;1500 UTC;0;1013,5;1013,6;1013,4;2751,4;26,4;21;27,3;25,2;21,7;20,4;79;67;73;243;3;1,5;
2026/04/03;1600 UTC;0;1013,4;1013,6;1013,3;2854,9;27,7;20,6;28,4;26,8;21,4;20;68;60;65;203;3,5;2,2;
2026/04/03;1700 UTC;0;1013;1013,4;1012,6;2418,2;28,4;20,5;29,5;27,4;21,3;20;65;56;60;211;4,3;2,2;
2026/04/03;1800 UTC;0;1012,3;1012,6;1012,1;2540,2;29,4;20,4;29,9;28,9;21;20;59;52;55;205;3;1,3;
2026/04/03;1900 UTC;0;1012,1;1012,1;1011,9;2056,3;29,2;21,1;30;28,1;22,3;19,9;68;53;59;110;6;3,6;
2026/04/03;2000 UTC;0;1011,9;1012,1;1011,7;1190,5;27,7;21,6;28,2;27,3;21,9;21,3;71;67;69;103;5,7;3,8;
2026/04/03;2100 UTC;0;1011,9;1012;1011,8;453,2;26,6;21,5;27,4;25,4;21,8;21,1;81;70;74;95;3,6;2,2;
2026/04/03;2200 UTC;0;1012,3;1012,5;1011,9;15,9;24;21,1;25,4;23,2;21,6;20,7;88;81;85;119;2,6;1,7;
2026/04/03;2300 UTC;0;1012,9;1013,3;1012,5;0;23;20,6;23,4;22,6;20,7;20,4;89;86;88;125;2,8;1,6;
2026/04/04;0000 UTC;0;1013,7;1013,7;1013,7;0;21,5;20,3;21,5;21,5;20,3;20,3;94;94;94;84;1,7;1,3;
2026/04/04;0100 UTC;0;1013,7;1013,9;1013,6;0;21,3;20,3;21,5;21,2;20,5;20,2;96;94;95;51;1,6;1,3;
2026/04/04;0200 UTC;0;1013,7;1013,8;1013,6;0;21,2;20,6;21,4;20,9;20,8;20,2;98;96;97;331;2;1,2;
2026/04/04;0300 UTC;0;1013,4;1013,6;1013,2;0;20,6;20,2;20,9;20,4;20,4;20;99;97;98;194;2;1,1;
2026/04/04;0400 UTC;0;1013,3;1013,5;1013,2;0;20,5;20,3;20,7;20,4;20,5;20,1;99;99;99;114;2,8;1,8;
2026/04/04;0500 UTC;0;1013,2;1013,4;1012,9;0;20,5;20,4;20,7;20,4;20,6;20,2;100;99;99;73;1,7;1;
2026/04/04;0600 UTC;0;1012,4;1012,9;1012,1;0;20,2;20,2;20,4;20,1;20,4;20;100;99;100;135;2,3;1,6;
2026/04/04;0700 UTC;0;1012;1012,2;1011,8;0;20,2;20,3;20,4;20,1;20,4;20,1;100;100;100;325;3,1;1,8;
2026/04/04;0800 UTC;0;1011,8;1011,9;1011,5;0;19,8;19,8;20,4;18,7;20,4;18,6;100;99;100;33;1,4;1;
2026/04/04;0900 UTC;0;1011,5;1012,2;1011,3;0;18,7;18,7;19,2;18,1;19,3;18,2;100;100;100;257;1,4;,8;
2026/04/04;1000 UTC;0;1012,8;1013,2;1012,2;12,6;18,9;19;19,2;18,4;19,2;18,4;100;100;100;225;3,1;2,2;
2026/04/04;1100 UTC;0;1013,2;1013,3;1013;327,7;19,4;19,5;20,1;19,1;20,2;19,1;100;100;100;192;2,6;1,1;
2026/04/04;1200 UTC;0;1013,6;1014;1013,3;575,9;20,6;20,4;21,7;20,1;21,1;20,1;100;96;99;193;2,9;2;
2026/04/04;1300 UTC;0;1014,1;1014,4;1013,9;798,1;22,6;21,1;23,3;21,7;21,4;20,8;97;90;93;216;3,1;2,3;
2026/04/04;1400 UTC;7,6;1014,2;1014,5;1013,7;400,2;22;21,5;23;21,6;22,4;20,8;100;90;98;;;;
2026/04/04;1500 UTC;0;1014,2;1014,5;1014;1101,9;23,3;21,8;24,1;22,2;22,4;21,3;98;88;93;;;;
2026/04/04;1600 UTC;0;1014,5;1014,7;1014,2;1338,9;24,9;22,1;25,9;24;22,6;21,4;92;79;86;;;;
2026/04/04;1700 UTC;0;1014,2;1014,3;1014;1083,2;25,8;21,5;26,3;25,4;22,3;20,9;83;75;78;;;;
2026/04/04;1800 UTC;0;1014,1;1014,3;1013,9;1298,4;26,1;21,2;26,5;25,7;21,9;20,8;78;72;75;;;;
2026/04/04;1900 UTC;0;1014,6;1014,9;1014,3;399,3;24,1;21,2;25,7;22,6;21,6;20,5;95;77;85;179;9,3;4,4;
2026/04/04;2000 UTC;1;1015,1;1015,5;1014,7;196,7;21,8;20,6;23,2;21,3;21,2;19,6;97;89;94;198;9,8;5,5;
2026/04/04;2100 UTC;0;1016;1016,3;1015,4;32,9;20,7;19,2;21,2;20,1;19,9;18,5;94;91;92;198;10,6;6,1;
2026/04/04;2200 UTC;,2;1016,6;1016,9;1016,3;1,3;19,2;18,3;20;18,6;18,8;18;97;93;95;204;8,5;4,9;
2026/04/04;2300 UTC;0;1017,3;1018;1016,8;0;18,3;17,4;18,6;17,9;18,1;17;97;94;96;187;2,6;,7;
2026/04/05;0000 UTC;,2;1018,5;1018,9;1018;0;17,7;16,9;18;17,6;17,2;16,5;97;95;96;180;3,1;1,1;
2026/04/05;0100 UTC;0;1019;1019,3;1018,8;0;18;16,3;18,3;17,7;16,6;15,9;95;88;91;213;8,3;5;
2026/04/05;0200 UTC;0;1019,6;1019,8;1019,3;0;18,1;15,6;18,3;17,9;16;15;89;85;87;202;6,2;2,8;
2026/04/05;0300 UTC;0;1019,5;1019,8;1019,4;0;17,9;14,8;18;17,8;15,5;14,4;88;83;84;180;2,2;,8;
2026/04/05;0400 UTC;0;1019,8;1020;1019,5;0;17,7;14,3;17,8;17,6;14,8;14;85;82;83;180;,3;,1;
2026/04/05;0500 UTC;0;1019,6;1019,7;1019,5;0;17,5;14,4;17,6;17,5;14,6;14,1;85;83;84;;;;
2026/04/05;0600 UTC;0;1019,6;1019,7;1019,5;0;17,5;14,2;17,6;17,5;14,5;14;85;82;84;;;;
2026/04/05;0700 UTC;0;1019,4;1019,6;1019,3;0;17,4;14,4;17,7;17,3;14,7;13,6;87;81;85;;;;
2026/04/05;0800 UTC;0;1019,5;1020;1019,2;0;17,3;14,4;17,4;17,2;14,8;14,1;88;84;86;;;;
2026/04/05;0900 UTC;0;1020,1;1020,3;1019,9;0;17,4;14;17,5;17,3;14,9;13,4;88;79;83;;;;
2026/04/05;1000 UTC;0;1020,8;1021,2;1020,3;4,9;17;13,9;17,2;16,9;14,2;13,7;86;83;84;;;;
2026/04/05;1100 UTC;0;1021,5;1021,6;1021,2;129,8;17,1;13,8;17,3;16,9;14,2;13,2;86;79;84;;;;
2026/04/05;1200 UTC;0;1022;1022,3;1021,6;500,2;17,9;13,6;18,7;17,3;14,2;13,1;82;75;79;208;2,7;,4;
2026/04/05;1300 UTC;0;1022,1;1022,3;1022;683,7;19,3;13,8;20;18,7;14,5;13,2;78;67;73;156;3,1;1,4;
2026/04/05;1400 UTC;0;1022,1;1022,4;1022;1485,4;20,9;13,1;21,7;20;14,5;12;71;52;61;152;3,7;2,1;
2026/04/05;1500 UTC;0;1022,1;1022,4;1021,8;1606,8;21,6;12,9;22;21,2;13,6;12,2;59;53;56;;;;
2026/04/05;1600 UTC;0;1021,6;1021,8;1021,4;1995,3;21,9;12,9;22,3;21,4;14;12,1;61;51;55;;;;
2026/04/05;1700 UTC;0;1021,2;1021,5;1020,9;1746,1;22,1;13;22,4;21,9;13,6;12,4;58;51;54;;;;
2026/04/05;1800 UTC;0;1020,9;1021;1020,8;1486,7;22,2;13;22,5;22;13,7;12,4;57;51;54;;;;
2026/04/05;1900 UTC;0;1021;1021,1;1020,8;938;21,7;12,9;22,2;21,5;13,4;12,3;58;53;56;;;;
2026/04/05;2000 UTC;0;1021;1021,1;1020,9;499,9;21;12,5;21,5;20,7;13,1;11,9;61;53;57;138;5,3;3,5;
2026/04/05;2100 UTC;0;1020,8;1020,9;1020,6;188,2;20,4;12,6;20,7;19,8;13,2;12,3;64;58;61;138;4,4;2,3;
2026/04/05;2200 UTC;0;1020,6;1020,8;1020,5;8,6;19,2;12,8;19,8;18,8;13;12,5;71;64;68;125;0;0;
2026/04/05;2300 UTC;0;1020,7;1020,9;1020,6;0;18,2;12,9;18,8;17,5;13,5;12,5;80;69;73;125;0;0;
2026/04/06;0000 UTC;0;1020,9;1021,2;1020,7;0;17,5;12,8;17,9;17,2;13,2;12,5;80;74;77;123;,7;,1;
2026/04/06;0100 UTC;0;1021,2;1021,3;1020,7;0;17,1;13,1;17,6;16,5;13,4;12,8;84;76;80;;;;
2026/04/06;0200 UTC;0;1020,7;1020,9;1020,4;0;17,1;12,9;17,4;16,6;13;12,7;82;77;79;;;;
2026/04/06;0300 UTC;0;1020,7;1021;1020,4;0;16,9;13,1;17,3;16,5;13,4;12,9;84;79;81;124;,8;,1;
2026/04/06;0400 UTC;0;1020,4;1020,6;1020;0;16,9;13,6;17,2;16,7;13,9;13,1;85;80;83;123;,3;,1;
2026/04/06;0500 UTC;0;1019,7;1020,1;1019,5;0;17,4;13,9;17,6;17,1;14,1;13,8;85;82;83;90;1,3;,4;
2026/04/06;0600 UTC;0;1019,3;1019,5;1019;0;17,7;14;18;17,4;14,2;13,9;84;80;82;76;,8;,3;
2026/04/06;0700 UTC;0;1018,7;1019;1018,5;0;17,9;14,8;19,5;17,2;15,2;14,2;88;78;84;66;4;2,6;
2026/04/06;0800 UTC;0;1018,4;1018,5;1018,3;0;20,1;15,4;20,4;19,5;15,6;15,1;78;75;76;69;4,8;2,9;
2026/04/06;0900 UTC;0;1018,3;1018,5;1018,2;0;20,3;15,6;20,4;19,7;16,2;15,4;82;75;77;73;4,4;2,4;
2026/04/06;1000 UTC;0;1018,1;1018,5;1017,6;1;20,1;16,3;20,7;19,6;16,5;16,1;83;78;81;83;7,8;4,6;
2026/04/06;1100 UTC;0;1018,3;1018,5;1017,8;69,7;20,9;16,7;21,1;20,7;17,2;16,1;81;76;79;72;5,8;3,5;
2026/04/06;1200 UTC;0;1018,8;1019,2;1018,5;425,1;21,9;17,1;22,5;21,1;17,3;16,9;80;72;76;;;;
2026/04/06;1300 UTC;,2;1019,2;1019,3;1019;801,5;23,1;17,1;23,6;22,5;17,5;16,7;73;67;70;;;;
2026/04/06;1400 UTC;0;1019,2;1019,3;1019;775,2;23,6;17,2;23,8;23,4;17,7;16,8;71;66;68;;;;
2026/04/06;1500 UTC;,2;1018,3;1019;1017,7;403,7;22,8;18;23,4;22,3;18,4;17,5;80;71;76;;;;
2026/04/06;1600 UTC;0;1017,3;1017,7;1016,9;454,4;23,3;18;23,7;23,1;18,4;17,8;74;72;73;;;;
2026/04/06;1700 UTC;0;1016,5;1016,9;1016,3;435,8;23,7;18,2;23,8;23,5;18,4;17,8;74;70;72;;;;
2026/04/06;1800 UTC;0;1016,3;1016,4;1016;344,6;23,5;18,2;23,7;23;18,5;17,9;76;72;73;;;;
2026/04/06;1900 UTC;0;1015,9;1016,2;1015,5;241;23;18,3;23,1;22,9;18,6;18,1;77;75;76;;;;
2026/04/06;2000 UTC;0;1015,2;1015,6;1014,9;473,8;23,4;18,7;23,5;23,1;18,9;18,6;78;76;77;;;;
2026/04/06;2100 UTC;0;1014,7;1015;1014,5;108,5;23,1;19,1;23,3;22,9;19,4;18,7;82;77;80;;;;
2026/04/06;2200 UTC;0;1014,8;1015,1;1014,5;1,4;23,1;19,4;23,3;23;19,6;19,2;82;80;81;;;;
2026/04/06;2300 UTC;0;1014,8;1015,1;1014,6;0;23,3;19,6;23,4;23,2;19,8;19,4;82;80;81;;;;
2026/04/07;0000 UTC;0;1015;1015,1;1014,8;0;23,5;19,9;23,6;23,4;20;19,8;83;81;82;;;;
2026/04/07;0100 UTC;0;1014,8;1015;1014,6;0;23,5;20,1;23,5;23,4;20,3;19,9;84;82;83;;;;
2026/04/07;0200 UTC;0;1013,9;1014,7;1013,2;0;23,1;20,5;23,4;22,9;20,8;20,3;89;84;87;;;;
2026/04/07;0300 UTC;0;1013,8;1014,1;1013,6;0;23,1;20,6;23,3;23;20,7;20,5;89;86;87;;;;
2026/04/07;0400 UTC;0;1013;1013,6;1012,5;0;23,5;20,6;23,5;23,3;20,7;20,5;86;85;86;;;;
2026/04/07;0500 UTC;0;1012;1012,6;1011,6;0;23,5;20,8;23,6;23,4;20,9;20,6;87;85;86;;;;
2026/04/07;0600 UTC;0;1012,2;1012,6;1011,8;0;23,4;21;23,6;23,1;21,2;20,9;90;86;88;;;;
2026/04/07;0700 UTC;1,4;1012,1;1012,7;1011,2;,4;22,4;21,4;23,1;22,1;21,5;21,2;97;91;95;;;;
2026/04/07;0800 UTC;,8;1010,8;1011,1;1010,5;0;22,2;21,4;22,2;22,1;21,5;21,4;97;96;96;;;;
2026/04/07;0900 UTC;1;1010,6;1010,9;1010,3;0;22;21,4;22,1;21,9;21,5;21,4;98;96;97;;;;
2026/04/07;1000 UTC;3,1;1010;1010,5;1009,2;,1;21,9;21,5;22;21,8;21,6;21,4;99;98;98;;;;
2026/04/07;1100 UTC;1,2;1008,5;1009,1;1008,2;30,8;22;21,8;22,3;21,8;22;21,6;99;98;99;;;;
2026/04/07;1200 UTC;,2;1008,6;1009,1;1008,2;198,6;22,7;22,1;23;22,4;22,2;22;98;95;97;;;;
2026/04/07;1300 UTC;0;1008,9;1009,2;1008,7;320,2;22,9;21,5;23;22,8;22;21,1;95;91;93;;;;
2026/04/07;1400 UTC;0;1008,5;1008,9;1008,2;449,2;22,7;21;22,9;22,6;21,1;20,8;92;90;91;;;;
2026/04/07;1500 UTC;0;1007,6;1008,4;1007,2;826;23;20,9;23,3;22,7;21,2;20,7;92;87;90;;;;
2026/04/07;1600 UTC;0;1007,4;1007,6;1007,2;967,5;23,7;20,8;24;23,3;21,2;20,4;88;83;85;;;;
2026/04/07;1700 UTC;0;1006,9;1007,3;1006,5;552;23,4;20,7;23,9;22,5;21,1;20,5;92;83;86;;;;
2026/04/07;1800 UTC;3,3;1006,4;1007,1;1005,2;248,7;21,9;21;22,5;21,5;21,2;20,7;98;92;96;50;4,6;2,4;
2026/04/07;1900 UTC;,6;1004,7;1005,4;1003,6;313,6;21,6;21;21,6;21,5;21,2;20,8;98;97;97;47;6,3;3,9;
2026/04/07;2000 UTC;0;1002,8;1003,5;1002;262,2;21,5;20,8;21,7;21,4;20,9;20,6;97;95;96;58;3;1,8;
2026/04/07;2100 UTC;0;1002,8;1003,2;1002,6;34,6;21,4;20,8;21,6;21,3;20,9;20,7;98;96;97;32;5,1;3,3;
2026/04/07;2200 UTC;0;1002,6;1002,9;1002,4;8,5;21,3;20,8;21,4;21,3;20,9;20,8;98;97;98;42;5,2;3,6;
2026/04/07;2300 UTC;0;1002,1;1002,4;1001,9;0;21,3;20,7;21,3;21,2;20,9;20,5;98;97;97;30;5,8;3,4;
2026/04/08;0000 UTC;0;1002;1002,1;1001,8;0;21,3;20,6;21,4;21,2;20,7;20,5;97;96;97;85;6,6;4;
2026/04/08;0100 UTC;0;1001,8;1002;1001,6;0;21;20,4;21,3;20,9;20,7;20,2;97;97;97;51;1,8;,9;
2026/04/08;0200 UTC;0;1001,4;1001,6;1001,2;0;21,3;20,1;21,5;20,9;20,4;19,8;97;91;94;293;4,9;2,2;
2026/04/08;0300 UTC;0;1001,3;1001,5;1001;0;21,5;19,5;21,7;21,4;19,8;19,2;91;88;90;296;7,7;3,6;
2026/04/08;0400 UTC;0;1001,5;1001,7;1001,2;0;21,5;18,9;21,7;21,3;19,2;18,7;88;86;87;288;6,7;3,9;
2026/04/08;0500 UTC;0;1001,2;1001,4;1001,1;0;21,1;18,7;21,3;20,9;18,8;18,4;89;87;88;294;9,3;3,8;
2026/04/08;0600 UTC;0;1001,2;1001,3;1001;0;21;18;21,2;20,9;18,4;17,5;87;82;85;294;7,8;4,1;
2026/04/08;0700 UTC;0;1000,7;1001;1000,5;0;20,6;17;20,9;20,4;17,5;16,8;83;81;82;288;11,5;6;
2026/04/08;0800 UTC;0;1000,6;1000,8;1000,3;0;20,2;16,9;20,6;20;17,2;16,4;84;82;83;292;10,8;5,2;
2026/04/08;0900 UTC;0;1000,3;1000,6;1000;0;20,1;16,3;20,2;20;16,5;16,1;82;80;81;293;12,3;6,5;
2026/04/08;1000 UTC;0;1000,1;1000,4;999,7;5;20,1;16,3;20,3;19,9;16,3;16,2;82;80;81;293;12,4;5,8;
2026/04/08;1100 UTC;0;1000,8;1001,6;999,8;112,8;20,3;16,3;20,5;19,9;16,5;16,2;83;79;80;270;15,8;6,5;
2026/04/08;1200 UTC;0;1001,9;1002,5;1001,2;936,9;21;16;21,8;20;16,2;15,8;81;70;75;272;14,8;7,9;
2026/04/08;1300 UTC;0;1003;1003,9;1002,2;1311,2;22,1;16,2;22,4;21,8;16,5;15,8;72;68;71;272;15,8;7,7;
2026/04/08;1400 UTC;0;1004,2;1004,8;1003,5;950,4;22;16,5;22,3;21,7;17;16,2;73;71;72;;;;
2026/04/08;1500 UTC;0;1005,1;1005,7;1004,6;840,2;21,9;17;22,4;21,4;17,6;16,6;81;72;75;;;;
2026/04/08;1600 UTC;,2;1005,7;1005,9;1005,1;1294,9;21,7;17,8;22,8;20,9;18,7;17,3;86;76;81;259;12,9;7;
2026/04/08;1700 UTC;,2;1005,7;1005,9;1005,2;2046,1;23,2;17,6;24,1;22,2;18,5;17;78;64;72;241;14,7;9,4;
2026/04/08;1800 UTC;0;1005,8;1006,1;1005,2;2235,5;24,3;17,3;24,8;24;17,9;16,9;68;61;65;240;12,6;8,6;
2026/04/08;1900 UTC;0;1006,1;1006,5;1005,7;1459,3;24,2;17,1;24,6;23,7;17,9;16,3;69;60;64;;;;
2026/04/08;2000 UTC;1,4;1006,7;1007,2;1006,3;359,8;23,1;16,9;24,1;20,8;18,4;16,4;88;63;69;232;10,9;5,8;
2026/04/08;2100 UTC;5,1;1007,4;1008;1006,9;216,4;20,3;18,1;21,2;19,9;18,6;17,4;92;82;89;239;11,6;6;
2026/04/08;2200 UTC;0;1008,4;1008,8;1007,9;6,9;19,9;17,3;20,1;19,7;17,6;17;88;84;87;242;6,9;4,6;
2026/04/08;2300 UTC;0;1009,3;1009,7;1008,8;0;19,8;17,3;20,2;19,3;17,5;17;90;84;87;257;5,9;3,8;
2026/04/09;0000 UTC;0;1010;1010,5;1009,7;0;18,9;16,8;19,3;18,5;17,3;16,6;91;89;90;241;5,4;3,6;
2026/04/09;0100 UTC;0;1010,6;1010,8;1010,4;0;18,4;16,6;18,5;18,3;16,6;16,4;92;90;91;244;7;4,8;
2026/04/09;0200 UTC;0;1011;1011,2;1010,8;0;18,2;16,3;18,4;18;16,5;16,1;91;89;90;256;2,4;1,1;
2026/04/09;0300 UTC;0;1011,2;1011,3;1011,1;0;17,7;16;18;17,5;16,1;15,9;92;90;91;270;2,8;,5;
2026/04/09;0400 UTC;0;1011,1;1011,3;1010,9;0;17,4;15,7;17,7;16,9;15,9;15,6;93;90;91;;;;
2026/04/09;0500 UTC;0;1011,6;1011,8;1011,3;0;16,8;15,5;17;16,7;15,6;15,4;94;93;93;;;;
2026/04/09;0600 UTC;0;1011,7;1011,8;1011,6;0;16,6;15,2;16,7;16,5;15,4;15,1;94;92;93;;;;
2026/04/09;0700 UTC;0;1011,6;1011,7;1011,5;0;16,5;15;16,8;16,2;15,1;14,9;94;91;92;;;;
2026/04/09;0800 UTC;0;1011,9;1012,2;1011,6;0;16;14,8;16,3;15,7;14,9;14,7;95;93;94;;;;
2026/04/09;0900 UTC;0;1012,6;1013,1;1012,2;0;15,9;14,7;16,1;15,7;14,8;14,7;95;93;94;;;;
2026/04/09;1000 UTC;0;1013,6;1014;1013,1;6,8;15,9;14,8;16,1;15,8;14,8;14,7;95;93;94;;;;
2026/04/09;1100 UTC;0;1014,5;1015;1014;350,7;16,3;14,9;16,9;15,9;15,2;14,7;95;91;93;;;;
2026/04/09;1200 UTC;0;1015,4;1015,8;1015;1132,7;17,7;15,4;18,4;17;15,8;15,1;92;86;89;274;2,5;,5;
2026/04/09;1300 UTC;0;1016,1;1016,4;1015,7;1675,1;19;15,8;19,5;18,4;16,3;15,3;87;81;84;249;8,9;5,7;
2026/04/09;1400 UTC;0;1016,5;1016,7;1016,3;1522,4;19,9;15,8;21;19,3;16,6;15,4;84;74;79;233;9,3;5,8;
2026/04/09;1500 UTC;0;1016,4;1016,5;1016,2;2830,3;21,6;15,8;22,6;20,5;16,5;15,2;78;64;71;233;8,2;5,4;
2026/04/09;1600 UTC;0;1016,3;1016,4;1015,9;2425,3;22,2;15,1;22,9;21,4;16,1;14;69;58;64;238;9,4;6,4;
2026/04/09;1700 UTC;0;1015,6;1016;1015,3;3313;23,3;15,4;24;22,7;16,8;14,5;67;55;60;248;7,7;5,4;
2026/04/09;1800 UTC;0;1015,3;1015,5;1015;1611,5;22,4;15,8;23,8;21,5;17,2;15;73;62;67;214;8,8;5,1;
2026/04/09;1900 UTC;0;1015,3;1015,4;1015,2;1275,5;22,2;15,5;22,9;21,8;16,2;14,8;71;63;67;206;8,5;5,4;
2026/04/09;2000 UTC;0;1015,4;1015,6;1015,2;929,9;22,1;14,8;22,6;21,5;15,8;14;68;60;64;209;7,9;5,1;
2026/04/09;2100 UTC;0;1015,7;1015,8;1015,6;310,3;20,9;14,2;21,4;19,7;14,6;13,9;72;63;67;196;6,1;3,3;
2026/04/09;2200 UTC;0;1016;1016,1;1015,8;7,7;18,6;13,5;19,6;18;14,1;13,2;78;70;74;;;;
2026/04/09;2300 UTC;0;1016,4;1016,6;1016,1;0;17,2;14;18,1;16,7;14,4;13,5;89;78;84;;;;
2026/04/10;0000 UTC;0;1016,8;1017,1;1016,6;0;16,4;14,1;16,7;15,9;14,5;13,6;90;88;89;;;;
2026/04/10;0100 UTC;0;1017,2;1017,4;1017;0;15,3;13,7;15,8;14,9;13,9;13,3;95;90;92;;;;
2026/04/10;0200 UTC;0;1017,5;1017,6;1017,4;0;15,1;13,1;15,2;14,9;13,4;12,9;92;88;90;;;;
2026/04/10;0300 UTC;0;1017,6;1017,7;1017,6;0;14,8;12,8;15,1;14,6;13,2;12,7;92;88;90;;;;
2026/04/10;0400 UTC;0;1017,6;1017,7;1017,6;0;15;12,6;15,2;14,8;12,7;12,5;89;87;88;;;;
2026/04/10;0500 UTC;0;1017,7;1017,7;1017,6;0;14,7;12,8;14,9;14,6;13;12,6;92;89;90;;;;
2026/04/10;0600 UTC;0;1017,7;1017,8;1017,7;0;14,7;12,9;15;14,4;13;12,8;92;89;91;;;;
2026/04/10;0700 UTC;0;1017,6;1017,8;1017,5;0;14,3;12,9;14,5;14,2;13;12,8;94;92;93;;;;
2026/04/10;0800 UTC;0;1017,6;1017,6;1017,5;0;14;12,8;14,2;13,9;12,9;12,7;95;93;94;;;;
2026/04/10;0900 UTC;0;1017,9;1018,2;1017,6;0;14,1;12,8;14,2;13,9;12,9;12,7;95;93;93;;;;
2026/04/10;1000 UTC;0;1018,6;1018,9;1018,2;6,8;14,1;12,5;14,3;13,8;12,7;12,3;93;92;92;;;;
2026/04/10;1100 UTC;0;1019,3;1019,7;1018,9;378,7;14,8;12,5;15,6;14,1;13;12,3;92;85;89;;;;
2026/04/10;1200 UTC;0;1020;1020,2;1019,7;1176,1;16,6;13,5;17,7;15,7;14,2;12,8;88;79;84;;;;
2026/04/10;1300 UTC;0;1020,5;1020,6;1020,2;1932,6;18,4;14,1;19,1;17,6;15,2;13,6;84;74;79;;;;
2026/04/10;1400 UTC;0;1020,7;1020,8;1020,5;2551,2;19,7;13,9;20,4;18,8;15,4;13,1;81;66;71;234;6,2;;
2026/04/10;1500 UTC;0;1020,5;1020,6;1020,3;2903,1;21,1;12,7;21,8;20,2;14,5;10,9;71;46;58;206;6,3;;
2026/04/10;1600 UTC;0;1020,1;1020,4;1019,8;3053,5;22,2;10,7;22,8;21,6;12,2;9,5;50;36;42;238;5,8;;
2026/04/10;1700 UTC;0;1019,5;1019,9;1019,2;2919,8;22,7;11,3;23,1;22,2;12,5;10,1;48;37;43;251;5,7;;
2026/04/10;1800 UTC;0;1019,1;1019,2;1018,9;2536,1;23,1;10,6;23,7;22,6;12;9,3;47;31;38;;;;
2026/04/10;1900 UTC;0;1018,9;1018,9;1018,8;1983,7;23,1;12,1;23,4;22,8;13,5;10,3;53;35;45;;;;
2026/04/10;2000 UTC;0;1018,8;1018,9;1018,7;1172,3;22,8;12,5;23,1;22,4;13,3;12;52;46;49;;;;
2026/04/10;2100 UTC;0;1018,8;1018,9;1018,7;432,8;21,7;12,6;22,5;20,9;13,1;12;60;48;54;;;;
2026/04/10;2200 UTC;0;1018,9;1019;1018,7;9,4;19,5;13,5;20,8;18,5;13,9;13;77;61;70;179;,4;,1;
2026/04/10;2300 UTC;0;1019,3;1019,5;1019;0;17,6;13,7;18,5;17,1;14,1;13,4;83;76;80;;;;
2026/04/11;0000 UTC;0;1019,7;1019,8;1019,5;0;17,2;13,5;17,5;17;13,8;13;84;79;81;;;;
2026/04/11;0100 UTC;0;1019,8;1019,9;1019,7;0;16,8;13,4;17,1;16,5;13,8;13,1;86;80;83;;;;
2026/04/11;0200 UTC;0;1019,7;1019,9;1019,6;0;15,7;13,8;16,5;14,9;14,1;13,7;96;86;91;;;;
2026/04/11;0300 UTC;0;1019,7;1019,8;1019,6;0;14,5;13,9;15;14,1;14,1;13,7;98;96;97;;;;
2026/04/11;0400 UTC;0;1019,6;1019,6;1019,5;0;13,8;13,5;14,1;13,7;13,7;13,4;99;98;98;;;;
2026/04/11;0500 UTC;0;1019,5;1019,6;1019,4;0;13,3;13,2;13,7;13,1;13,4;13;100;99;99;;;;
2026/04/11;0600 UTC;0;1019,2;1019,4;1019,1;0;12,9;12,8;13,2;12,6;13,1;12,5;100;99;100;;;;
2026/04/11;0700 UTC;0;1019;1019,1;1018,8;0;12,7;12,7;13,1;12,5;13,1;12,4;100;100;100;;;;
2026/04/11;0800 UTC;0;1018,8;1018,9;1018,8;0;12,3;12,4;13,1;11,3;13,1;11,4;100;99;100;;;;
2026/04/11;0900 UTC;0;1018,9;1019,1;1018,8;0;11,4;11,5;11,7;11,2;11,7;11,2;100;100;100;;;;
2026/04/11;1000 UTC;0;1019,3;1019,6;1019,1;6,1;11,2;11,2;11,5;10,9;11,5;10,9;100;100;100;;;;
2026/04/11;1100 UTC;0;1019,5;1019,7;1019,4;424,7;11,9;11,8;12,8;10,9;12,5;10,9;100;98;100;;;;
2026/04/11;1200 UTC;0;1020;1020,1;1019,7;1219;14,4;13,4;16,4;12,9;15,1;12,3;98;92;95;;;;
2026/04/11;1300 UTC;0;1020,2;1020,3;1020,1;1826,1;18,1;15,6;20,2;16,4;16,6;14,6;92;80;87;;;;
2026/04/11;1400 UTC;0;1020,2;1020,3;1020;2464,7;21,6;16,7;22,6;20,3;17,3;16,1;81;70;76;;;;
2026/04/11;1500 UTC;0;1019,7;1019,9;1019,5;2369,8;23,5;16,8;24,4;22,6;17,6;16,3;71;63;67;;;;
2026/04/11;1600 UTC;0;1019;1019,6;1018,5;2789,2;24,3;17,7;25,1;23,3;18,7;16,9;70;64;67;;;;
2026/04/11;1700 UTC;0;1018;1018,5;1017,6;2678,8;25,1;17,9;25,6;24,4;18,5;17,6;66;60;64;;;;
2026/04/11;1800 UTC;0;1017,3;1017,6;1017,1;2327,1;25,6;17,5;26;24,8;18,3;16,4;63;53;59;;;;
2026/04/11;1900 UTC;0;1017,1;1017,2;1016,9;1859,4;25,6;16,5;25,8;25,2;17,2;15,9;58;51;55;;;;
2026/04/11;2000 UTC;0;1016,9;1017;1016,7;1105,4;25,1;16,8;25,3;24,7;17,2;15,9;62;53;59;;;;
2026/04/11;2100 UTC;0;1016,8;1016,9;1016,6;341,8;24;17,2;24,7;23,2;17,5;17;71;62;66;;;;
2026/04/11;2200 UTC;0;1017;1017,1;1016,8;5,7;22,6;18;23,3;22,2;18,5;17,4;82;71;77;;;;
2026/04/11;2300 UTC;0;1017,1;1017,3;1016,9;0;21,8;18,6;22,3;21,4;18,7;18,5;86;81;84;;;;
2026/04/12;0000 UTC;0;1016,9;1017,2;1016,7;0;21,3;18,7;21,4;21,2;18,8;18,6;88;86;87;;;;
2026/04/12;0100 UTC;0;1017,2;1017,4;1017,1;0;21,5;19;21,7;21,3;19,2;18,8;88;87;87;;;;
2026/04/12;0200 UTC;0;1017;1017,3;1016,8;0;21,9;19,2;22;21,7;19,4;19,1;87;86;87;;;;
2026/04/12;0300 UTC;0;1016,8;1017;1016,6;0;21,8;19,4;21,9;21,7;19,5;19,3;88;87;88;;;;
2026/04/12;0400 UTC;0;1016,8;1016,9;1016,6;0;21,4;19,4;21,7;21,1;19,5;19,2;92;88;90;;;;
2026/04/12;0500 UTC;,2;1016,1;1016,6;1015,8;0;21,1;19,6;21,2;21;19,7;19,5;93;92;92;;;;
2026/04/12;0600 UTC;0;1015,9;1016,3;1015,2;0;21,1;19,6;21,2;21;19,7;19,5;93;92;93;;;;
2026/04/12;0700 UTC;0;1015,4;1015,7;1014,9;0;21;19,6;21,2;20,9;19,7;19,5;94;91;93;;;;
2026/04/12;0800 UTC;0;1015;1015,5;1014,6;0;20,8;19,3;20,9;20,5;19,6;19,1;93;92;93;;;;
2026/04/12;0900 UTC;0;1015,6;1016,3;1015,4;0;20;18,9;20,4;19,8;19,1;18,7;95;93;94;;;;
2026/04/12;1000 UTC;0;1016,3;1016,6;1015,6;,5;19,9;18,9;19,9;19,7;19;18,8;96;95;95;;;;
2026/04/12;1100 UTC;0;1017,1;1017,5;1015,6;134,2;20,2;18,8;20,4;19,9;18,9;18,6;95;92;93;;;;
2026/04/12;1200 UTC;0;1017,4;1017,5;1017,3;404,3;20,7;19;21,4;20,4;19,1;18,8;93;88;91;;;;
2026/04/12;1300 UTC;0;1017,2;1017,5;1017,1;1040,9;22,1;19,2;23,3;21,4;19,6;18,7;89;77;85;;;;
2026/04/12;1400 UTC;0;1016,9;1017,2;1016,6;1954;24,1;18;24,9;23,2;19;17,5;78;64;70;;;;
2026/04/12;1500 UTC;0;1016,5;1016,7;1016,2;2687,3;25,3;18,3;25,8;24,3;18,8;17,6;68;63;65;;;;
2026/04/12;1600 UTC;0;1015,8;1016,2;1015,4;1898,3;25,3;18,3;25,8;25;18,8;17,9;67;62;65;;;;
2026/04/12;1700 UTC;0;1014,9;1015,4;1014,5;2519,2;26,8;19,1;27,5;25,7;19,9;18,4;66;57;62;;;;
2026/04/12;1800 UTC;0;1014,1;1014,5;1013,9;835;27;19,3;27,2;26,7;19,6;18,9;63;60;61;;;;
2026/04/12;1900 UTC;0;1014;1014,1;1013,8;660,7;26,3;19,4;26,7;26;19,8;19,2;68;63;66;287;4,6;2,5;
2026/04/12;2000 UTC;0;1014,2;1014,4;1014;190,6;25,6;19,4;26,1;25,1;19,7;19,2;72;66;69;292;4,5;2,3;
2026/04/12;2100 UTC;0;1014,5;1014,8;1014,4;72,7;24,4;19;25;23,9;19,5;18,7;75;71;73;287;4,5;2,4;
2026/04/12;2200 UTC;0;1015,2;1015,4;1014,9;1,4;22,9;19,3;23,9;22,2;19,8;18,7;88;75;82;245;1,7;1,1;
2026/04/12;2300 UTC;,4;1015,7;1015,9;1015,4;0;21,6;20,1;22,2;21,1;20,5;19,6;97;87;92;222;2,2;1,5;
2026/04/13;0000 UTC;0;1015,8;1015,9;1015,8;0;21;20,3;21,1;20,9;20,5;20,3;97;97;97;228;2;1,1;
2026/04/13;0100 UTC;,2;1015,8;1016;1015,7;0;20,8;20,4;21;20,6;20,5;20,3;98;97;98;;;;
2026/04/13;0200 UTC;0;1015,9;1016,1;1015,8;0;20,5;20,3;20,6;20,4;20,4;20,1;99;98;99;;;;
2026/04/13;0300 UTC;0;1015,8;1016,1;1015,6;0;20,6;20,3;20,7;20,6;20,4;20,2;99;98;98;;;;
2026/04/13;0400 UTC;0;1015,6;1015,7;1015,4;0;20,6;20,2;20,7;20,5;20,3;20;98;98;98;;;;
2026/04/13;0500 UTC;0;1015,7;1015,8;1015,4;0;20,3;20;20,5;20;20,1;19,8;99;98;98;;;;
2026/04/13;0600 UTC;0;1015,5;1015,7;1015,2;0;19,8;19,7;20;19,5;19,9;19,4;100;99;99;;;;
2026/04/13;0700 UTC;0;1015,3;1015,4;1015,3;0;19,3;19,3;19,5;19,2;19,4;19,1;100;99;100;;;;
2026/04/13;0800 UTC;0;1015,5;1015,6;1015,4;0;19,2;19,3;19,4;19,2;19,4;19,2;100;100;100;;;;
2026/04/13;0900 UTC;0;1015,6;1015,8;1015,5;0;19,3;19,4;19,5;19,2;19,5;19,2;100;100;100;;;;
2026/04/13;1000 UTC;0;1015,8;1015,9;1015,6;4,9;19,1;19,1;19,5;18,7;19,6;18,7;100;100;100;;;;
2026/04/13;1100 UTC;0;1016,3;1016,7;1015,6;243,5;19,3;19,3;19,9;18,9;19,9;19;100;100;100;;;;
2026/04/13;1200 UTC;0;1017;1017,4;1016,6;514,1;20,3;20,2;20,6;19,9;20,4;19,9;100;98;99;;;;
2026/04/13;1300 UTC;0;1017,9;1018,2;1017,5;619,1;20,6;20,4;20,8;20,4;20,7;20,1;100;98;99;;;;
2026/04/13;1400 UTC;0;1018,3;1018,5;1018,2;691,1;21,3;20,2;22;20,8;20,5;19,7;98;88;94;;;;
2026/04/13;1500 UTC;0;1018,3;1018,4;1018,1;2240,1;23,5;19,8;24,7;22;20,5;19,3;89;74;81;;;;
2026/04/13;1600 UTC;0;1018;1018,2;1017,8;2003,4;25;20,1;25,7;24,2;20,8;19,4;80;71;75;209;4,5;2,8;
2026/04/13;1700 UTC;0;1017,5;1017,8;1017,3;983,2;24,5;20;25,5;24,1;20,8;19,6;80;73;77;132;4,4;1,9;
2026/04/13;1800 UTC;0;1017,1;1017,3;1016,9;921,2;24,5;20;25,5;24,1;20,3;19,7;80;73;78;110;5,1;3,2;
2026/04/13;1900 UTC;0;1016,9;1017,1;1016,7;1315,2;25,1;19,6;25,5;24,8;20,3;19,1;75;70;73;113;5,7;3,4;
2026/04/13;2000 UTC;0;1016,5;1016,7;1016,3;830,5;24,6;19,3;25,6;23,6;19,7;19,1;79;68;74;120;5,7;3,7;
2026/04/13;2100 UTC;0;1016,6;1016,9;1016,4;177,3;22,9;19,4;23,5;22,2;19,7;19,3;86;80;83;121;3,6;2,1;
2026/04/13;2200 UTC;0;1016,9;1016,9;1016,8;3,5;21,4;19,4;22,2;20,8;19,5;19,3;93;86;90;135;3;1,8;
2026/04/13;2300 UTC;0;1017,1;1017,4;1016,9;0;20,4;19,2;20,8;20,2;19,3;19,1;95;93;94;140;2,6;1,7;
2026/04/14;0000 UTC;0;1017,4;1017,6;1017,3;0;20,1;19;20,2;19,9;19,1;19;96;94;95;125;2,1;1,3;
2026/04/14;0100 UTC;0;1017,8;1018;1017,6;0;19,5;18,8;20;18,9;19,1;18,5;98;95;96;;;;
2026/04/14;0200 UTC;0;1017,9;1018;1017,8;0;19;18,8;19,2;18,9;19;18,5;99;98;99;;;;
2026/04/14;0300 UTC;0;1017,6;1017,8;1017,4;0;19,4;19,1;19,7;19,2;19,3;19;99;98;99;;;;
2026/04/14;0400 UTC;0;1017,1;1017,4;1016,8;0;19,4;18,9;19,7;18,9;19,2;18,4;98;97;97;;;;
2026/04/14;0500 UTC;0;1016,6;1016,8;1016,2;0;19,2;18,9;19,4;18,9;19,3;18,5;99;98;99;;;;
2026/04/14;0600 UTC;0;1016,1;1016,2;1016;0;19,2;18,9;19,3;19,1;19;18,9;99;98;99;;;;
2026/04/14;0700 UTC;0;1015,9;1016,1;1015,8;0;18,8;18,7;19,1;18,6;18,9;18,5;100;99;99;;;;
2026/04/14;0800 UTC;0;1015,4;1015,8;1015,1;0;18,7;18,7;19,3;18,5;19,3;18,4;100;100;100;;;;
2026/04/14;0900 UTC;0;1014,9;1015;1014,7;0;19;19;19,4;18,5;19,5;18,5;100;100;100;;;;
2026/04/14;1000 UTC;0;1015,1;1015,5;1014,8;2,3;19,6;19,7;20,1;19;20,2;19;100;100;100;;;;
2026/04/14;1100 UTC;0;1015,4;1015,6;1015,1;240,6;20,9;20,9;21,6;20,2;21,4;20,2;100;99;100;;;;
2026/04/14;1200 UTC;0;1016,1;1016,5;1015,4;737;22,4;21,4;22,9;21,5;21,7;21;99;91;95;;;;
2026/04/14;1300 UTC;0;1016,6;1016,7;1016,4;898,8;23,3;21,3;24,3;22,9;21,7;20,8;92;83;90;;;;
2026/04/14;1400 UTC;0;1016,4;1016,6;1016,1;1066,3;24,2;21;25,2;23,9;21,9;20,5;86;81;84;;;;
2026/04/14;1500 UTC;0;1015,6;1016,1;1015;1038,9;24,9;21,1;25,3;24,5;21,6;20,4;86;77;81;;;;
2026/04/14;1600 UTC;0;1014,9;1015;1014,6;1658,1;25,4;21,4;26;25,1;21,9;20,9;83;77;80;;;;
2026/04/14;1700 UTC;0;1014,1;1014,6;1013,5;2494,6;26,3;20,4;27;25,4;21;19,8;78;65;71;;;;
2026/04/14;1800 UTC;0;1013,2;1013,6;1012,9;2331,3;26,9;20,9;27,2;26,6;21,4;20,2;72;67;70;;;;
2026/04/14;1900 UTC;0;1013,4;1013,5;1013,2;1668,1;26,5;21;26,9;26;22;19,9;79;66;72;;;;
2026/04/14;2000 UTC;0;1013,6;1013,9;1013,3;820;25,6;21,6;26,5;24,8;21,9;21,4;85;76;80;;;;
2026/04/14;2100 UTC;0;1013,8;1013,9;1013,6;151,9;24,2;21,9;24,7;23,8;21,9;21,8;90;85;88;;;;
2026/04/14;2200 UTC;0;1013,6;1013,8;1013,4;2,3;23,6;21,8;23,8;23,2;21,9;21,6;92;90;91;;;;
2026/04/14;2300 UTC;0;1013,4;1013,6;1013,2;0;23,2;21,7;23,3;23,1;21,8;21,6;93;92;93;;;;
2026/04/15;0000 UTC;0;1013,5;1013,7;1013,4;0;23;21,1;23,1;22,8;21,6;20,9;92;89;91;;;;
2026/04/15;0100 UTC;0;1013,2;1013,5;1013;0;22,8;20,9;23;22,7;21,1;20,8;91;89;91;;;;
2026/04/15;0200 UTC;0;1013,6;1014;1013,3;0;22,8;21;22,8;22,7;21,1;20,9;91;91;91;;;;
2026/04/15;0300 UTC;0;1014,1;1014,5;1013,9;0;22,6;20,9;22,7;22,5;21;20,8;92;91;92;;;;
2026/04/15;0400 UTC;0;1014,4;1014,6;1014,1;0;22,6;20,8;22,6;22,5;20,9;20,8;92;91;91;;;;
2026/04/15;0500 UTC;0;1014,7;1014,7;1014,7;0;23;20,8;23;23;20,8;20,8;89;89;89;;;;
2026/04/15;0600 UTC;0;1014,2;1014,2;1014,2;0;23,1;20,9;23,1;23,1;20,9;20,9;89;89;89;;;;
2026/04/15;0700 UTC;0;1013,5;1013,5;1013,5;0;23,1;20,6;23,1;23,1;20,6;20,6;88;88;88;;;;
2026/04/15;0800 UTC;0;1013,8;1013,8;1013,8;0;22,8;20,6;22,8;22,8;20,6;20,6;89;89;89;;;;
2026/04/15;0900 UTC;0;1014,1;1014,1;1014,1;0;22,5;20,6;22,5;22,5;20,6;20,6;90;90;90;;;;
2026/04/15;1000 UTC;0;1014,1;1014,1;1014,1;39,1;22,8;20,8;22,8;22,8;20,8;20,8;90;90;90;;;;
2026/04/15;1100 UTC;0;1014,3;1014,3;1014,3;287,4;23,2;20,7;23,2;23,2;20,7;20,7;88;88;88;;;;
2026/04/15;1200 UTC;0;1014,3;1014,3;1014,3;505,9;23,7;20,6;23,7;23,7;20,6;20,6;85;85;85;;;;
2026/04/15;1300 UTC;0;1014,5;1014,5;1014,5;1487,9;24,5;20,7;24,5;24,5;20,7;20,7;81;81;81;;;;
2026/04/15;1400 UTC;0;1014,1;1014,1;1014,1;2404,9;25,8;20,7;25,8;25,8;20,7;20,7;74;74;74;;;;
2026/04/15;1500 UTC;0;1014;1014;1014;3017,7;26,6;21,1;26,6;26,6;21,1;21,1;73;73;73;;;;
2026/04/15;1600 UTC;0;1013;1013;1013;1382,3;26;20,8;26;26;20,8;20,8;74;74;74;;;;
2026/04/15;1700 UTC;0;1012,5;1012,5;1012,5;1150,2;25,6;20,8;25,6;25,6;20,8;20,8;76;76;76;;;;
2026/04/15;1800 UTC;0;1011,7;1011,7;1011,7;1962,7;26,3;20,4;26,3;26,3;20,4;20,4;70;70;70;;;;
2026/04/15;1900 UTC;0;1011,6;1011,6;1011,6;1128;25,6;20;25,6;25,6;20;20;72;72;72;;;;
2026/04/15;2000 UTC;0;1011,4;1011,4;1011,4;231,3;24,4;21,1;24,4;24,4;21,1;21,1;83;83;83;;;;
2026/04/15;2100 UTC;0;1011,2;1011,2;1011,2;31,4;23,7;20,4;23,7;23,7;20,4;20,4;84;84;84;;;;
2026/04/15;2200 UTC;0;1011;1011;1011;0;23,4;20,1;23,4;23,4;20,1;20,1;84;84;84;;;;
2026/04/15;2300 UTC;0;1011,1;1011,1;1011,1;0;23,3;19,7;23,3;23,3;19,7;19,7;82;82;82;;;;
2026/04/16;0000 UTC;0;1011,1;1011,1;1011,1;0;23,1;20,1;23,1;23,1;20,1;20,1;85;85;85;;;;
2026/04/16;0100 UTC;0;1011,1;1011,1;1011,1;0;23,4;20,3;23,4;23,4;20,3;20,3;84;84;84;;;;
2026/04/16;0200 UTC;0;1011,3;1011,3;1011,3;0;23;20,6;23;23;20,6;20,6;88;88;88;;;;
2026/04/16;0300 UTC;0;1011,1;1011,1;1011,1;0;23,3;20,8;23,3;23,3;20,8;20,8;87;87;87;;;;
2026/04/16;0400 UTC;0;1010,7;1010,7;1010,7;0;23,2;20,9;23,2;23,2;20,9;20,9;88;88;88;;;;
2026/04/16;0500 UTC;0;1010,9;1010,9;1010,9;0;22,3;21,4;22,3;22,3;21,4;21,4;95;95;95;;;;
2026/04/16;0600 UTC;0;1009,7;1009,7;1009,7;0;22;21,1;22;22;21,1;21,1;96;96;96;;;;
2026/04/16;0700 UTC;0;1008,9;1008,9;1008,9;0;22;21,2;22;22;21,2;21,2;96;96;96;51;8,3;5,4;
2026/04/16;0800 UTC;0;1008,7;1008,7;1008,7;0;22,1;21,2;22,1;22,1;21,2;21,2;95;95;95;40;7,6;6,1;
2026/04/16;0900 UTC;0;1008,7;1008,7;1008,7;0;22,3;21,3;22,3;22,3;21,3;21,3;95;95;95;39;7,6;5,3;
2026/04/16;1000 UTC;0;1008,5;1008,5;1008,5;10;22,2;21,3;22,2;22,2;21,3;21,3;96;96;96;44;5,9;4;
2026/04/16;1100 UTC;0;1008,9;1008,9;1008,9;115,1;22,3;21,1;22,3;22,3;21,1;21,1;94;94;94;21;6,7;4,8;
2026/04/16;1200 UTC;0;1009,2;1009,2;1009,2;186,5;21,7;21,2;21,7;21,7;21,2;21,2;97;97;97;34;6,9;4,2;
2026/04/16;1300 UTC;0;1008,9;1008,9;1008,9;457,4;22;21,3;22;22;21,3;21,3;97;97;97;49;6,3;4,5;
2026/04/16;1400 UTC;0;1008,8;1008,8;1008,8;807,7;22,2;20,9;22,2;22,2;20,9;20,9;93;93;93;26;7,2;5,6;
2026/04/16;1500 UTC;0;1008,1;1008,1;1008,1;664,4;21,7;20,9;21,7;21,7;20,9;20,9;96;96;96;25;8,3;5;
2026/04/16;1600 UTC;0;1007,3;1007,3;1007,3;2075,3;23;21;23;23;21;21;90;90;90;38;6,8;4,9;
2026/04/16;1700 UTC;0;1005,8;1005,8;1005,8;2172,2;23,5;21,5;23,5;23,5;21,5;21,5;90;90;90;32;8,1;5,9;
2026/04/16;1800 UTC;0;1005,4;1005,4;1005,4;2295,1;25,3;20,7;25,3;25,3;20,7;20,7;77;77;77;;;;
2026/04/16;1900 UTC;0;1005;1005;1005;383;24,6;20,8;24,6;24,6;20,8;20,8;81;81;81;;;;
2026/04/16;2000 UTC;0;1004,7;1004,7;1004,7;216,6;23,9;21,5;23,9;23,9;21,5;21,5;88;88;88;;;;
2026/04/16;2100 UTC;0;1004,5;1004,5;1004,5;9,9;23,2;21,4;23,2;23,2;21,4;21,4;91;91;91;;;;
2026/04/16;2200 UTC;0;1004,7;1004,7;1004,7;0;22,8;21,2;22,8;22,8;21,2;21,2;92;92;92;34;5,3;3,4;
2026/04/16;2300 UTC;0;1004,9;1004,9;1004,9;0;22,4;21,2;22,4;22,4;21,2;21,2;94;94;94;21;4,5;3,2;
2026/04/17;0000 UTC;0;1005,1;1005,1;1005,1;0;21,7;21;21,7;21,7;21;21;96;96;96;37;4,5;3,2;
2026/04/17;0100 UTC;0;1005,1;1005,1;1005;0;21,7;20,8;21,8;21,6;21;20,7;96;95;96;27;5,2;3,4;
2026/04/17;0200 UTC;0;1004,9;1005;1004,7;0;21,5;20,6;21,7;21,4;20,7;20,6;96;94;96;27;4,6;2,6;
2026/04/17;0300 UTC;0;1004,5;1004,8;1004,2;0;21,6;20,5;21,7;21,2;20,6;20,2;95;94;94;43;3,2;2,1;
2026/04/17;0400 UTC;0;1004,3;1004,3;1004,2;0;21,1;20,1;21,2;20,9;20,2;19,9;96;93;95;241;3,3;1,5;
2026/04/17;0500 UTC;0;1004,1;1004,2;1003,9;0;21,7;19,9;22,1;21,2;20;19,8;94;89;91;307;5,8;2,8;
2026/04/17;0600 UTC;0;1003,8;1004;1003,7;0;22,2;20;22,3;22,1;20,1;19,8;90;88;89;308;5,5;2,2;
2026/04/17;0700 UTC;0;1003,5;1003,7;1003,3;0;22;19,8;22,2;21,9;19,9;19,7;90;88;89;299;2,4;1,1;
2026/04/17;0800 UTC;0;1003,2;1003,4;1003,1;0;21,9;19,7;22;21,8;19,8;19,6;90;88;89;301;4,5;1,8;
2026/04/17;0900 UTC;0;1003,6;1003,9;1003,3;0;21,9;19,6;22,1;21,8;19,7;19,5;89;87;88;264;2,7;1,3;
2026/04/17;1000 UTC;0;1004;1004,3;1003,9;,8;21,9;19,5;22,1;21,8;19,7;19,4;89;87;88;302;4,2;2;
2026/04/17;1100 UTC;0;1004,5;1004,9;1004,2;143,2;22,2;19,2;22,3;22;19,5;18,9;87;83;85;277;4,8;2,3;
2026/04/17;1200 UTC;0;1005,2;1005,6;1004,9;320;22,2;19,1;22,5;21;19,6;18,8;93;82;85;279;7;3,5;
2026/04/17;1300 UTC;0;1005,6;1005,7;1005,4;1480;22,6;18,9;24,6;21,1;19,3;18,2;90;71;82;278;7,8;4,2;
2026/04/17;1400 UTC;0;1005,7;1005,8;1005,4;2322;24,6;18;25,1;24;19,1;17,4;73;65;67;281;8;4,1;
2026/04/17;1500 UTC;0;1005,5;1005,8;1005,2;1898,3;24,8;18,1;25,5;24,2;19,2;17,5;69;64;67;288;9;5,1;
2026/04/17;1600 UTC;0;1004,9;1005,4;1004,5;1537,7;24,5;17,6;25,2;24,1;18,2;17,2;68;61;65;265;9,9;5,7;
2026/04/17;1700 UTC;0;1004,4;1004,6;1004,2;958,6;24,1;17,7;25,1;23,6;18,1;17,4;71;63;68;282;8,6;4,5;
2026/04/17;1800 UTC;0;1004,2;1004,4;1004;669,8;23,7;17,8;23,9;23,4;18;17,5;72;69;71;280;8,9;4,5;
2026/04/17;1900 UTC;0;1004,1;1004,3;1003,7;924,9;23,9;18;24,3;23,5;18,2;17,7;72;69;70;284;7,6;4,5;
2026/04/17;2000 UTC;0;1004,3;1004,5;1004,1;309,3;23,8;18,1;24,2;23;18,4;17,9;77;68;71;270;9,2;3,8;
2026/04/17;2100 UTC;0;1004,5;1005;1004,3;104,1;23,3;18,1;23,5;22;18,8;17,9;84;72;74;280;7,8;4,2;
2026/04/17;2200 UTC;,4;1005,2;1005,5;1004,8;2,4;21;19;21,7;20,3;19,4;18,4;95;84;90;282;5,9;2,7;
2026/04/17;2300 UTC;0;1005,6;1005,8;1005,4;0;20,8;19;21,1;20,3;19,3;18,7;95;88;91;281;5,6;2,5;
2026/04/18;0000 UTC;0;1006;1006,2;1005,8;0;21,2;18,6;21,3;21,1;18,8;18,3;88;86;87;262;5,9;3,5;
2026/04/18;0100 UTC;0;1006,3;1006,4;1006,1;0;20,8;18,6;21,1;20,7;18,7;18,4;90;87;89;276;5,8;3,3;
2026/04/18;0200 UTC;0;1006,4;1006,5;1006,3;0;20,5;18,2;20,7;20,3;18,5;17,9;89;87;88;267;5,6;2,8;
2026/04/18;0300 UTC;0;1006,4;1006,6;1006,2;0;20,1;17,6;20,2;19,9;17,9;17,4;88;87;88;269;6,3;3,5;
2026/04/18;0400 UTC;0;1006,6;1006,7;1006,4;0;19,6;17,2;19,9;19,5;17,4;17;89;87;88;260;7,5;4,5;
2026/04/18;0500 UTC;0;1006,5;1006,5;1006,3;0;19,3;16,6;19,5;19;17;16,3;88;86;87;257;7,8;4,4;
2026/04/18;0600 UTC;0;1006,5;1006,6;1006,2;0;19,2;16,1;19,3;19;16,3;15,9;87;83;85;261;8,6;5,3;
2026/04/18;0700 UTC;0;1006,4;1006,5;1006,2;0;18,8;15,8;19,2;18,4;15,9;15,7;87;83;85;255;8;3,8;
2026/04/18;0800 UTC;0;1006,4;1006,5;1006,2;0;18,1;15,8;18,4;17,8;15,9;15,7;90;87;89;270;2,5;1,4;
2026/04/18;0900 UTC;0;1006,6;1006,8;1006,4;0;17,6;15,7;17,8;17,3;15,7;15,6;91;89;90;270;,9;,5;
2026/04/18;1000 UTC;0;1007,2;1007,4;1006,8;2,2;17,3;15,5;17,4;17,2;15,6;15,4;92;90;91;270;0;0;
2026/04/18;1100 UTC;0;1007,5;1007,7;1007,3;293,3;17,6;15,5;18,3;17,2;15,7;15,3;91;86;89;263;5,6;3,5;
2026/04/18;1200 UTC;0;1007,9;1008,2;1007,6;1035;19,1;15,8;19,9;18,4;16,3;15,6;87;81;84;250;8,4;5,1;
2026/04/18;1300 UTC;0;1008,5;1008,7;1008,2;1747,2;20,3;16,2;20,8;19,9;16,6;15,8;82;77;79;245;8,3;5,2;
2026/04/18;1400 UTC;0;1008,9;1009,1;1008,6;2254,6;21,6;16,6;22,5;20,7;17,2;16,1;79;70;75;255;8,8;5,4;
2026/04/18;1500 UTC;0;1008,8;1009;1008,5;2694;23,4;16,7;24,2;22,5;17,2;16;73;60;67;;;;
2026/04/18;1600 UTC;0;1008,5;1008,7;1008,3;2789,7;25,2;16,6;25,9;24,2;17,1;16;62;54;57;;;;
2026/04/18;1700 UTC;0;1008,1;1008,3;1007,9;2680,9;26,2;17,2;26,7;25,7;17,8;16,7;58;53;55;;;;
2026/04/18;1800 UTC;0;1007,8;1007,9;1007,7;2297,4;26,7;16,9;27;26,2;17,5;16,1;55;46;51;;;;
2026/04/18;1900 UTC;0;1007,7;1007,9;1007,5;1715,1;27;16,6;27,2;26,8;17,1;15,9;50;45;48;;;;
2026/04/18;2000 UTC;0;1007,9;1008;1007,7;978,9;26,6;16,8;27;26,2;17,2;16,4;55;47;51;;;;
2026/04/18;2100 UTC;0;1008;1008,1;1007,9;258,2;25,3;17;26,2;23,9;17,3;16,8;65;54;59;233;3,9;2,7;
2026/04/18;2200 UTC;0;1008,2;1008,5;1008,1;1,5;22,8;16,8;23,9;21,6;17,2;16,6;78;65;70;198;2,6;1,4;
2026/04/18;2300 UTC;0;1008,7;1008,8;1008,5;0;20,5;17,2;21,5;19,7;17,5;17;88;78;83;281;1,9;1;
2026/04/19;0000 UTC;0;1009,1;1009,4;1008,8;0;19,6;17,3;19,8;19,4;17,6;17;90;87;89;255;1,8;,7;
2026/04/19;0100 UTC;0;1009,5;1009,6;1009,3;0;18,4;16,8;19,2;18,1;17,2;16,6;93;90;92;339;1,4;1;
2026/04/19;0200 UTC;0;1009,7;1009,8;1009,5;0;18,7;16,4;19,2;17,9;16,7;16,1;93;86;88;288;2,6;1,1;
2026/04/19;0300 UTC;0;1009,7;1009,8;1009,7;0;17,7;16,1;18,5;17,2;16,3;15,8;94;89;92;272;,9;,1;
2026/04/19;0400 UTC;0;1009,7;1009,8;1009,5;0;16,8;15,9;17,1;16,4;16,2;15,7;97;94;96;297;,7;,1;
2026/04/19;0500 UTC;0;1009,4;1009,6;1009,3;0;16;15,6;16,5;15,7;16;15,3;99;97;98;;;;
2026/04/19;0600 UTC;0;1009,5;1009,6;1009,4;0;15,6;15,4;15,9;15,4;15,6;15,2;99;99;99;;;;
2026/04/19;0700 UTC;0;1009,4;1009,5;1009,3;0;15,1;15;15,4;14,9;15,3;14,8;100;99;100;;;;
2026/04/19;0800 UTC;0;1009,5;1009,8;1009,4;0;14,8;14,8;15;14,6;15;14,6;100;100;100;;;;
2026/04/19;0900 UTC;0;1010,4;1011;1009,8;0;14,6;14,6;14,8;14,2;14,9;14,2;100;100;100;;;;
2026/04/19;1000 UTC;0;1011,3;1011,7;1011;2,1;14,3;14,4;14,5;14;14,5;14,1;100;100;100;;;;
2026/04/19;1100 UTC;0;1012,2;1012,7;1011,7;353,9;14,9;14,9;16,2;14;16;14,1;100;99;100;;;;
2026/04/19;1200 UTC;0;1013,1;1013,5;1012,7;1109,8;18;16,3;20,1;16,1;17,4;15,4;99;86;91;286;2,4;,3;
2026/04/19;1300 UTC;0;1013,8;1014;1013,5;1720,6;21,5;17,6;22,8;20,1;18,4;16,9;86;75;81;;;;
2026/04/19;1400 UTC;0;1014;1014,1;1014;2303,1;23,8;17,9;24,5;23;18,8;17,3;78;64;71;;;;
2026/04/19;1500 UTC;0;1013,9;1014;1013,8;2641,5;25,5;17,9;26,4;24,5;18,6;17,4;67;58;62;;;;
2026/04/19;1600 UTC;0;1013,5;1013,8;1013,2;2722,5;26,6;17,8;27,1;26;18,3;17,2;60;52;56;;;;
2026/04/19;1700 UTC;0;1012,9;1013,2;1012,5;2680,3;27,3;17,7;28;27;18,5;17,1;57;48;52;233;5,8;2,8;
2026/04/19;1800 UTC;0;1012,4;1012,6;1012,2;2254,3;27,7;18,1;28,2;27,2;18,9;17,6;57;48;52;;;;
2026/04/19;1900 UTC;0;1012,4;1012,5;1012,3;1692,5;27,8;16,9;28,3;27,5;18,3;15,5;52;37;45;225;1,8;1;
2026/04/19;2000 UTC;0;1012,6;1012,8;1012,4;965,1;26,6;18,3;28;25,2;19;17,1;68;46;59;;;;
2026/04/19;2100 UTC;0;1013,3;1013,8;1012,8;241,4;23,9;18,3;25,2;22,4;18,4;18;79;66;72;98;3,7;1,9;
2026/04/19;2200 UTC;0;1014;1014,4;1013,7;,1;21;17,8;22,3;20,1;18,2;17,3;86;79;84;86;2,2;1,3;
2026/04/19;2300 UTC;0;1014,5;1014,7;1014,4;0;19,6;17;20,1;19,3;17,4;16,6;88;86;87;74;2,1;1,5;
2026/04/20;0000 UTC;0;1014,7;1014,9;1014,5;0;19,1;16,7;19,5;18,7;16,8;16,6;90;86;88;62;2;1,3;
2026/04/20;0100 UTC;0;1014,8;1015;1014,6;0;18;16,6;18,8;17,4;16,8;16,3;96;89;93;128;1,2;,8;
2026/04/20;0200 UTC;0;1015;1015,1;1014,8;0;17,4;16,5;17,5;17,2;16,8;16,1;97;93;95;;;;
2026/04/20;0300 UTC;0;1015;1015,2;1014,8;0;17,1;16,2;17,4;16,7;16,5;16;97;94;96;;;;
2026/04/20;0400 UTC;0;1014,7;1014,8;1014,4;0;16,8;16,3;17;16,6;16,7;16,1;99;97;98;;;;
2026/04/20;0500 UTC;0;1014,3;1014,6;1013,9;0;16,4;16;16,9;15,6;16,6;15,2;99;98;98;;;;
2026/04/20;0600 UTC;0;1014,3;1014,5;1013,9;0;15,6;15,4;16,1;15,3;16,1;15;100;98;99;;;;
2026/04/20;0700 UTC;0;1014,5;1014,7;1014,4;0;14,7;14,6;15,4;14,2;15,3;14;100;99;99;;;;
2026/04/20;0800 UTC;0;1014,3;1014,5;1014,1;0;13,7;13,7;14,2;13,6;14;13,5;100;99;100;;;;
2026/04/20;0900 UTC;0;1014,5;1014,8;1014,3;0;13,8;13,9;14;13,6;14,1;13,7;100;100;100;;;;
2026/04/20;1000 UTC;0;1014,9;1015,5;1014,6;3,1;13,4;13,5;13,8;13,2;13,8;13,2;100;100;100;;;;
2026/04/20;1100 UTC;0;1015,8;1016,1;1015,5;281,1;14,3;14,4;15,4;13,3;15,4;13,4;100;100;100;;;;
2026/04/20;1200 UTC;0;1016,4;1016,8;1016,1;1287,6;17;16,9;18,5;15,4;17,9;15,5;100;97;99;;;;
2026/04/20;1300 UTC;0;1016,7;1016,8;1016,5;1508,8;20,2;17,9;21,5;18,6;18,8;17,3;97;84;88;;;;
2026/04/20;1400 UTC;0;1016,9;1017,1;1016,7;1822,8;22,3;18,6;23,3;21,5;19,3;18,1;86;76;81;50;2,8;1,9;
2026/04/20;1500 UTC;0;1016,5;1016,8;1016,1;1737,9;23,5;18,5;24,3;22,9;19,2;18,1;79;71;75;;;;
2026/04/20;1600 UTC;0;1015,8;1016,1;1015,3;2183,7;24,3;18,7;24,9;23,9;19,4;18,3;74;70;72;;;;
2026/04/20;1700 UTC;0;1015,2;1015,3;1015;1774,4;24,1;18,4;24,6;23,8;19;17,8;74;69;72;;;;
2026/04/20;1800 UTC;0;1015,2;1015,4;1015;1391,2;24,1;17,9;24,3;24;18,4;17,4;71;66;69;;;;
2026/04/20;1900 UTC;0;1015,1;1015,2;1014,9;1063,3;24;18,2;24,5;23,5;18,5;17,7;75;67;71;;;;
2026/04/20;2000 UTC;0;1015,1;1015,3;1014,9;518,3;23,3;18,6;23,6;22,8;18,9;18,1;81;73;76;;;;
2026/04/20;2100 UTC;0;1014,9;1015,3;1014,8;103,5;22,2;19;22,7;21,7;19,2;18,8;88;81;84;;;;
2026/04/20;2200 UTC;0;1015;1015,2;1014,9;0;21,3;19;21,7;21,2;19,2;18,8;89;88;88;;;;
2026/04/20;2300 UTC;0;1015,6;1015,9;1015,2;0;21,3;19,2;21,3;21,2;19,4;19;91;89;90;;;;
2026/04/21;0000 UTC;0;1015,8;1016;1015,5;0;20,9;19,3;21,2;20,8;19,4;19,3;93;91;92;;;;
2026/04/21;0100 UTC;0;1015,8;1016;1015,5;0;20,7;19,4;20,8;20,5;19,5;19,2;94;93;93;;;;
2026/04/21;0200 UTC;0;1016;1016,1;1015,7;0;20,5;19,5;20,5;20,4;19,5;19,4;96;94;95;;;;
2026/04/21;0300 UTC;0;1016,3;1016,7;1016;0;20,3;19,5;20,6;20;19,6;19,4;97;95;96;;;;
2026/04/21;0400 UTC;0;1017;1017,5;1016,7;0;20,1;19,5;20,2;20;19,7;19,5;98;97;97;;;;
2026/04/21;0500 UTC;0;1016,7;1017,4;1015,9;0;20;19,4;20,3;19,7;19,6;19,3;98;96;97;;;;
2026/04/21;0600 UTC;0;1016,3;1016,9;1015,2;0;19,7;19,4;19,9;19,5;19,5;19,2;99;98;98;;;;
2026/04/21;0700 UTC;,2;1015,1;1015,3;1014,9;0;19,6;19,5;19,8;19,5;19,7;19,3;100;99;99;;;;
2026/04/21;0800 UTC;0;1015,1;1015,4;1014,8;0;20,3;20,1;20,8;19,8;20,4;19,7;99;98;99;;;;
2026/04/21;0900 UTC;,4;1015,1;1015,2;1014,9;0;20,9;20,4;21;20,7;20,5;20,2;98;97;98;;;;
2026/04/21;1000 UTC;,2;1014,9;1015;1014,8;0;21;20,3;21,1;21;20,5;20,2;97;95;96;;;;
2026/04/21;1100 UTC;0;1015,4;1015,8;1014,8;58;21,3;20,1;21,3;21,2;20,2;20;95;94;94;;;;
2026/04/21;1200 UTC;0;1015,9;1016,3;1015,6;139,3;21,5;20,2;21,6;21,3;20,5;20,1;95;93;94;;;;
2026/04/21;1300 UTC;0;1016,3;1016,5;1016;383,9;21,7;20,7;22,4;21,5;21,1;20,4;95;93;95;;;;
2026/04/21;1400 UTC;0;1015,9;1016,1;1015,5;739,4;22,7;20,6;22,9;22,5;20,9;20,2;92;87;89;;;;
2026/04/21;1500 UTC;0;1015,8;1016;1015,5;1069,4;23,4;20,6;23,8;22,8;21;20,3;89;83;86;;;;
2026/04/21;1600 UTC;0;1015,5;1015,9;1014,9;451,7;23,3;20,4;23,6;23,2;20,6;20,1;87;83;85;;;;
2026/04/21;1700 UTC;0;1014,8;1014,9;1014,6;601,6;23,6;20,1;23,7;23,5;20,3;19,9;84;81;83;;;;
2026/04/21;1800 UTC;0;1014,4;1014,6;1014,3;1524,4;24,4;20;25,5;23,6;20,5;19,6;83;70;78;41;3,5;2,7;
2026/04/21;1900 UTC;0;1014,1;1014,3;1013,9;1665,6;25,3;20,1;25,7;24,8;20,6;19,3;77;71;74;83;4,1;2,2;
2026/04/21;2000 UTC;0;1013,8;1014;1013,6;757,1;24,9;20,3;25,2;24,7;20,6;19,9;78;75;77;90;3,8;2,4;
2026/04/21;2100 UTC;0;1013,8;1013,9;1013,7;170,1;23,6;20,4;24,8;22,6;20,7;20,2;89;78;84;89;4,2;2,6;
2026/04/21;2200 UTC;0;1013,7;1013,8;1013,5;,6;21,9;20,6;22,6;21,5;20,7;20,3;96;89;94;93;3,6;2,2;
2026/04/21;2300 UTC;0;1013,9;1014;1013,9;0;21,4;20,7;21,5;21,2;20,8;20,5;97;96;97;55;2,9;2;
2026/04/22;0000 UTC;0;1014;1014,1;1013,9;0;21,3;20,7;21,4;21,1;20,9;20,4;98;96;97;29;3,2;1,7;
2026/04/22;0100 UTC;0;1014,3;1014,5;1014,1;0;21,3;20,9;21,4;21,3;21;20,9;98;98;98;28;3;1,9;
2026/04/22;0200 UTC;0;1014,4;1014,5;1014,3;0;21,1;20,8;21,4;20,9;21;20,6;99;98;99;319;1,5;,8;
2026/04/22;0300 UTC;0;1013,9;1014,3;1013,6;0;20,5;20,4;20,8;20,3;20,7;20,2;100;98;100;27;3,3;2,1;
2026/04/22;0400 UTC;0;1013,9;1014,1;1013,7;0;20,2;20,2;20,4;19,6;20,4;19,5;100;100;100;228;,7;,4;
2026/04/22;0500 UTC;0;1014;1014,1;1013,9;0;19,3;19,3;19,6;18,9;19,7;19;100;100;100;30;2,1;1,5;
2026/04/22;0600 UTC;0;1013,7;1014;1013,5;0;19,4;19,5;19,7;19;19,7;19,1;100;100;100;302;1,6;1;
2026/04/22;0700 UTC;0;1013,3;1013,5;1013,1;0;18,3;18,4;19,2;17,8;19,2;17,9;100;100;100;345;1,5;1,1;
2026/04/22;0800 UTC;0;1013,2;1013,3;1013,1;0;18,6;18,6;18,9;18,3;18,9;18,3;100;100;100;337;1,8;1,2;
2026/04/22;0900 UTC;0;1013,3;1013,3;1013,2;0;18,4;18,4;18,7;17,9;18,8;17,9;100;100;100;319;1,8;1,2;
2026/04/22;1000 UTC;0;1013,6;1013,7;1013,3;1,7;18,1;18,2;18,5;17,6;18,6;17,6;100;100;100;340;1,7;1,2;
2026/04/22;1100 UTC;0;1013,8;1014,1;1013,6;294,7;18,1;18,1;19,4;17,6;19,4;17,6;100;100;100;329;1,6;,8;
2026/04/22;1200 UTC;0;1014,5;1015;1014;1040,8;20,9;19,7;22;19,5;20;19,3;100;89;94;159;1,3;,8;
2026/04/22;1300 UTC;,2;1015,3;1015,4;1015;1697,8;23,3;19,9;24,5;22,1;20,5;19,4;89;78;83;224;5,2;3,1;
2026/04/22;1400 UTC;0;1015,4;1015,5;1015,3;2193,8;25;20,1;25,8;24,4;20,7;19,7;79;72;76;225;5,2;3,6;
2026/04/22;1500 UTC;0;1015,3;1015,4;1015,2;1818,2;26,2;20,7;26,9;25,6;21,1;20,1;75;69;72;250;4,5;3,1;
2026/04/22;1600 UTC;0;1015,1;1015,3;1014,8;1416,8;26,6;20,9;27,2;26;21,4;20,6;74;69;72;;;;
2026/04/22;1700 UTC;0;1014,6;1014,8;1014,4;1574,2;27,1;21;28;25,8;21,9;20,5;77;65;69;214;6,3;4,5;
2026/04/22;1800 UTC;0;1014,6;1014,7;1014,5;1331,2;26,6;21;27,3;25,8;21,5;20,5;77;69;72;234;7,9;4,7;
2026/04/22;1900 UTC;0;1014,5;1014,7;1014,3;1649,3;26,9;20,2;27,4;26,1;20,7;19,6;72;63;66;268;7;4,1;
2026/04/22;2000 UTC;0;1014,7;1014,9;1014,6;905,7;26,6;19,4;27;26,1;20;19;66;63;64;268;5,4;3,1;
2026/04/22;2100 UTC;0;1015;1015,3;1014,8;220,6;25,3;19;26,1;23,9;19,2;18,8;75;64;69;257;3,4;2,3;
2026/04/22;2200 UTC;0;1015,6;1015,9;1015,3;,5;23,2;18,8;23,9;22,5;19;18,8;82;75;78;265;1,9;,8;
2026/04/22;2300 UTC;0;1016,3;1016,6;1015,9;0;21,7;18,8;22,5;21,1;19;18,6;89;82;85;294;2,8;1,6;
2026/04/23;0000 UTC;0;1017,1;1017,5;1016,5;0;21,9;18,7;22,7;20,8;18,9;18,6;89;80;84;230;4,2;2,9;
2026/04/23;0100 UTC;0;1017,7;1018,1;1017,4;0;20;17,9;20,8;19,3;18,6;16,5;91;86;89;238;4;2,7;
2026/04/23;0200 UTC;0;1018,2;1018,3;1018;0;18,8;15,5;19,4;18,4;16,5;14,9;85;82;83;246;2,7;1,2;
2026/04/23;0300 UTC;0;1018;1018,2;1017,9;0;18;15,2;18,6;17,2;15,4;15;91;82;86;270;1,4;,3;
2026/04/23;0400 UTC;0;1018;1018;1018;0;16,4;15,4;16,4;16,4;15,4;15,4;95;95;95;;;;
2026/04/23;0500 UTC;0;1018,8;1018,8;1018,8;0;16;14,8;16;16;14,8;14,8;94;94;94;;;;
2026/04/23;0600 UTC;0;1018,4;1018,4;1018,4;0;16,1;15,3;16,1;16,1;15,3;15,3;96;96;96;;;;
2026/04/23;0700 UTC;0;1018,5;1018,5;1018,5;0;15,9;14,8;15,9;15,9;14,8;14,8;94;94;94;;;;
2026/04/23;0800 UTC;0;1018,8;1018,8;1018,8;0;15,9;14,9;15,9;15,9;14,9;14,9;95;95;95;;;;
2026/04/23;0900 UTC;0;1019,5;1019,5;1019,5;0;15,9;14,7;15,9;15,9;14,7;14,7;94;94;94;;;;
2026/04/23;1000 UTC;0;1020,1;1020,1;1020,1;4,9;15,7;14,7;15,7;15,7;14,7;14,7;95;95;95;;;;
2026/04/23;1100 UTC;0;1019,8;1019,8;1019,8;231;15,8;14,9;15,8;15,8;14,9;14,9;95;95;95;;;;
2026/04/23;1200 UTC;0;1020,7;1020,7;1020,7;664,3;16,8;15,5;16,8;16,8;15,5;15,5;93;93;93;;;;
2026/04/23;1300 UTC;0;1021,2;1021,2;1021,2;907;18,1;15,8;18,1;18,1;15,8;15,8;89;89;89;270;1,5;,7;
2026/04/23;1400 UTC;0;1021;1021;1021;1169,2;19,3;16;19,3;19,3;16;16;83;83;83;189;3,5;2,6;
2026/04/23;1500 UTC;0;1020,8;1020,8;1020,8;1463,9;20,5;14,4;20,5;20,5;14,4;14,4;70;70;70;188;3,2;2,5;
2026/04/23;1600 UTC;0;1020;1020;1020;1325,1;20,8;14,7;20,8;20,8;14,7;14,7;69;69;69;163;1;,5;
2026/04/23;1700 UTC;0;1019,1;1019,1;1019,1;761,8;21;15,6;21;21;15,6;15,6;73;73;73;85;1,8;1,4;
2026/04/23;1800 UTC;0;1019,1;1019,1;1019,1;487,5;21;15,2;21;21;15,2;15,2;71;71;71;80;1,5;1,1;
2026/04/23;1900 UTC;0;1019;1019;1019;652,4;21,2;15,4;21,2;21,2;15,4;15,4;71;71;71;136;1,9;1,3;
2026/04/23;2000 UTC;0;1019,1;1019,1;1019,1;266,6;20,7;15,5;20,7;20,7;15,5;15,5;74;74;74;114;1,4;1;
2026/04/23;2100 UTC;0;1019,2;1019,2;1019,2;0;19;15,6;19;19;15,6;15,6;83;83;83;110;1,7;1,2;
2026/04/23;2200 UTC;0;1019,4;1019,4;1019,4;0;18,4;15,5;18,4;18,4;15,5;15,5;86;86;86;180;,7;,1;
2026/04/23;2300 UTC;0;1019,8;1019,8;1019,8;0;18;15,5;18;18;15,5;15,5;88;88;88;89;0;0;
2026/04/24;0000 UTC;0;1020,3;1020,3;1020,3;0;17,5;15,8;17,5;17,5;15,8;15,8;91;91;91;57;,5;,4;
2026/04/24;0100 UTC;0;1020,1;1020,6;1019,6;0;17,2;15,9;17,5;17,1;16,2;15,6;95;92;93;52;,8;0;
2026/04/24;0200 UTC;0;1019,9;1020,4;1019,6;0;17;15,7;17,2;16,6;15,9;15,6;95;92;94;53;,2;,2;
2026/04/24;0300 UTC;0;1019,9;1020,1;1019,7;0;16,8;15,9;16,9;16,6;16,1;15,7;97;94;96;;;;
2026/04/24;0400 UTC;0;1019,6;1019,9;1019,3;0;16,8;15,8;16,9;16,7;16;15,7;96;95;95;;;;
2026/04/24;0500 UTC;0;1019,3;1019,5;1019,1;0;16,8;15,8;16,9;16,7;15,9;15,6;96;94;95;;;;
2026/04/24;0600 UTC;0;1018,8;1019,1;1018,7;0;16,7;16;16,8;16,6;16,1;15,9;96;96;96;;;;
2026/04/24;0700 UTC;0;1018,3;1018,7;1017,8;0;16,8;16;17,1;16,7;16,3;15,9;97;95;96;;;;
2026/04/24;0800 UTC;,2;1017,9;1018,2;1017,7;0;16,8;16,2;16,8;16,7;16,3;16;98;96;97;;;;
2026/04/24;0900 UTC;0;1017,7;1018;1017,4;0;16,7;16,3;16,8;16,6;16,5;16,2;99;98;98;;;;
2026/04/24;1000 UTC;0;1017,8;1018;1017,4;0;16,9;16,5;17;16,7;16,7;16,4;99;98;98;358;,5;,4;
2026/04/24;1100 UTC;0;1018,1;1018,7;1017,4;20,1;17;16,7;17,2;16,8;16,8;16,6;99;97;98;358;0;0;
2026/04/24;1200 UTC;0;1018,1;1019,3;1017,2;89;17,7;16,7;18,1;17,1;17,1;16,3;98;92;95;185;3,3;1,4;
2026/04/24;1300 UTC;0;1018,3;1018,7;1018;404,4;18,7;17;19,6;18,1;17,3;16,5;94;85;92;196;2,3;,7;
2026/04/24;1400 UTC;0;1018,2;1018,4;1017,8;790,1;20,1;17,1;20,8;19,6;17,7;16,7;88;81;85;72;3,5;2,2;
2026/04/24;1500 UTC;0;1017,7;1018;1017,6;1215,5;21,3;17,5;21,9;20,8;18,1;16,9;83;78;81;74;4,5;2,8;
2026/04/24;1600 UTC;0;1017,2;1017,6;1016,7;1081;21,9;17,8;22,4;21,7;18,4;17,4;82;78;79;;;;
2026/04/24;1700 UTC;0;1016,3;1016,8;1015,9;761,4;22,1;18;22,4;21,9;18,4;17,6;82;77;79;;;;
2026/04/24;1800 UTC;0;1015,7;1015,9;1015,4;651;21,7;18,2;22,2;21,4;18,7;17,9;86;79;83;;;;
2026/04/24;1900 UTC;0;1015,3;1015,5;1015;605;21,7;17,9;22,1;21,3;18,7;17,4;86;77;81;;;;
2026/04/24;2000 UTC;0;1015,1;1015,2;1015;351,7;21,6;17,9;21,9;21,3;18,3;17,3;85;77;81;;;;
2026/04/24;2100 UTC;0;1014,9;1015,1;1014,5;53,7;20,9;18,3;21,3;20,5;18,5;18,1;90;84;87;;;;
2026/04/24;2200 UTC;0;1014,6;1014,9;1014;,1;20,3;18,5;20,5;19,8;18,7;18,3;93;89;91;98;3,6;2,3;
2026/04/24;2300 UTC;0;1014,3;1014,8;1013,9;0;19,7;18,2;19,9;19,6;18,5;18;94;91;92;122;2,5;1,3;
2026/04/25;0000 UTC;0;1014,5;1014,7;1014,1;0;19,5;18,1;19,7;19,4;18,2;18,1;94;92;93;125;2,3;1,2;
2026/04/25;0100 UTC;0;1014,6;1014,8;1014,4;0;19;18,1;19,3;18,7;18,2;18;97;94;96;183;2,3;1,6;
2026/04/25;0200 UTC;0;1014,4;1014,8;1014,2;0;18,6;18,1;18,8;18,3;18,2;17,9;98;97;97;203;2,8;1,8;
2026/04/25;0300 UTC;0;1014;1014,4;1013,6;0;18,3;17,8;18,4;18,2;17,9;17,5;98;97;97;206;2,8;1,6;
2026/04/25;0400 UTC;0;1013,4;1013,6;1013,3;0;18;17,3;18,2;17,7;17,5;17,1;97;96;97;220;4;2,6;
2026/04/25;0500 UTC;0;1013,1;1013,3;1012,9;0;17,6;17,2;17,8;17,5;17,3;17,1;98;97;98;232;2,7;1,5;
2026/04/25;0600 UTC;0;1012,9;1013,1;1012,7;0;17,7;17,3;17,9;17,5;17,4;17,1;99;97;98;237;3,3;2,3;
2026/04/25;0700 UTC;0;1012,6;1012,8;1012,3;0;18,1;17,3;18,2;17,9;17,4;17,3;97;96;96;243;3,9;2,7;
2026/04/25;0800 UTC;0;1012,3;1012,4;1012,2;0;18,1;17,2;18,2;18,1;17,3;17,2;96;95;95;241;2,9;2;
2026/04/25;0900 UTC;0;1012,2;1012,4;1012,1;0;17,9;17;18,2;17,5;17,2;16,7;96;95;95;257;3,3;1,5;
2026/04/25;1000 UTC;0;1012,4;1012,6;1012,3;,7;17,2;16,5;17,5;17;16,7;16,4;97;96;96;270;1,6;0;
2026/04/25;1100 UTC;0;1012,4;1012,7;1012,3;260,6;17,5;16,6;18,2;17,1;17;16,4;97;94;96;253;3,8;2,9;
2026/04/25;1200 UTC;0;1013;1013,3;1012,7;911,2;19,4;17,4;20,5;18,2;17,9;17;94;86;90;239;4;3,1;
2026/04/25;1300 UTC;0;1013,6;1013,7;1013,3;1633,8;21,2;18,2;22,6;20,6;18,6;17,8;88;79;85;;;;
2026/04/25;1400 UTC;0;1013,6;1013,7;1013,4;1837,4;23;18,4;23,9;22,5;19;17,7;81;72;77;191;2,7;1,5;
2026/04/25;1500 UTC;0;1013,2;1013,5;1012,8;1248,9;23,3;18,2;24,3;22,4;19,3;17;84;64;75;226;3,1;2,3;
2026/04/25;1600 UTC;0;1012,5;1012,8;1012;1724,7;23,6;18,2;25;22,7;19,5;17,2;83;63;73;174;3,3;1,8;
2026/04/25;1700 UTC;0;1011,7;1012;1011,3;1380,7;23,7;18,5;24,6;22,8;19,7;16,9;80;63;74;107;5,9;3,3;
2026/04/25;1800 UTC;,4;1011,1;1011,3;1010,9;1299,9;23,1;18,7;24,2;22,4;19,7;18,1;86;73;78;158;4,8;2,5;
2026/04/25;1900 UTC;,8;1011,1;1011,2;1011;889,3;21,7;19,4;22,2;21,1;20,1;18,6;91;83;88;170;4,1;2,5;
2026/04/25;2000 UTC;0;1011,1;1011,2;1011;412,1;21,1;19;21,8;20,5;19,9;18,2;93;85;90;119;2,8;1,5;
2026/04/25;2100 UTC;0;1011;1011,1;1010,9;51,8;20,3;19,1;20,6;20;19,6;18,7;95;92;94;83;2,1;1,1;
2026/04/25;2200 UTC;0;1011;1011,1;1010,9;0;19,9;18,7;20,1;19,8;18,9;18,4;95;93;94;63;1,9;1,3;
2026/04/25;2300 UTC;0;1011,2;1011,4;1011,1;0;19,7;18,2;20;19,6;18,5;17,9;93;90;92;105;1,8;,8;
2026/04/26;0000 UTC;0;1011,3;1011,5;1011,1;0;19,4;18,1;19,7;19,1;18,3;17,9;96;92;93;232;1,2;1;
2026/04/26;0100 UTC;0;1011,5;1011,7;1011,4;0;19,1;18,1;19,2;18,9;18,2;18;96;95;95;235;1,5;1,1;
2026/04/26;0200 UTC;0;1011,3;1011,7;1010,6;0;18,7;18;18,9;18,3;18,2;17,8;97;96;97;64;1,6;1,3;
2026/04/26;0300 UTC;0;1010,6;1010,7;1010,5;0;17,7;17,4;18,3;17,2;17,7;17;100;97;98;291;1,7;1;
2026/04/26;0400 UTC;0;1010,2;1010,5;1010;0;17,1;17;17,5;16,9;17,4;16,8;100;99;100;290;1,1;,7;
2026/04/26;0500 UTC;0;1010;1010,2;1009,7;0;17,5;17,6;17,8;17;17,8;17;100;100;100;308;2,7;1,8;
2026/04/26;0600 UTC;0;1009,3;1009,7;1009,1;0;17,3;17,1;17,8;17,1;17,7;16,8;100;98;99;270;1,3;,4;
2026/04/26;0700 UTC;0;1008,9;1009,1;1008,6;0;17,2;16,9;17,7;16,4;17,4;16,2;99;97;99;236;0;0;
2026/04/26;0800 UTC;0;1008,2;1008,5;1007,9;0;16,3;16,2;16,5;15,9;16,5;15,8;100;99;100;359;,6;0;
2026/04/26;0900 UTC;0;1008,1;1008,2;1008;0;16,1;16,1;16,7;15,7;16,7;15,7;100;99;100;0;,2;,2;
2026/04/26;1000 UTC;0;1008,3;1008,4;1008,2;,6;15,7;15,7;15,8;15,2;15,9;15,3;100;100;100;0;,2;,2;
2026/04/26;1100 UTC;0;1008,4;1008,6;1008,3;245;15,4;15,5;16,5;15,1;16,6;15,2;100;100;100;0;,2;,2;
2026/04/26;1200 UTC;0;1008,6;1008,8;1008,4;957,1;17,8;17,4;19,6;16,5;18,2;16,5;100;90;98;297;3,6;1,7;
2026/04/26;1300 UTC;0;1008,8;1009;1008,8;1606,2;21,3;17,7;22,6;19,8;18,3;17,2;90;74;82;262;4,9;2,8;
2026/04/26;1400 UTC;0;1008,6;1008,8;1008,4;2174,8;23,4;17,2;23,8;22,7;17,9;16,7;76;65;69;267;7,4;4,5;
2026/04/26;1500 UTC;0;1007,9;1008,4;1007,6;2444,5;24,1;17,6;24,8;23,7;18,3;17,1;69;65;67;242;6;3,5;
2026/04/26;1600 UTC;0;1007,2;1007,6;1006,7;1972,3;25,1;17,4;26,1;24,4;18,2;16,2;66;55;61;254;7,2;4,3;
2026/04/26;1700 UTC;0;1006,3;1006,8;1005,8;2311;26,1;16,7;26,8;25,5;18,5;15,6;60;45;53;;;;
2026/04/26;1800 UTC;0;1005,7;1006;1005,5;2054,9;26,2;15,8;26,6;25,3;16,4;15,3;53;45;48;266;7,8;5,1;
2026/04/26;1900 UTC;0;1005,7;1006;1005,5;1560,3;26,3;15,2;27;25,6;16,9;14,1;50;40;45;258;11,5;6,3;
2026/04/26;2000 UTC;0;1006;1006,1;1005,8;751,1;25,3;14,3;25,5;24,9;14,9;14;47;43;45;261;8,3;4,6;
2026/04/26;2100 UTC;0;1006,1;1006,2;1006;196,8;24;13,9;24,9;22,6;14,3;13,4;54;46;49;263;2,8;1,5;
2026/04/26;2200 UTC;0;1006,1;1006,3;1006;0;20,5;13,3;22,5;19,1;13,8;12,7;71;55;64;321;2,2;1,4;
2026/04/26;2300 UTC;0;1006,7;1007,1;1006,3;0;20,2;12,6;21,6;19,2;13,1;12,3;68;55;62;284;5,2;3;
2026/04/27;0000 UTC;0;1007,6;1008,2;1007,1;0;21,4;12,6;21,8;20,7;12,8;12,4;60;53;56;280;5,4;2,9;
2026/04/27;0100 UTC;0;1008,6;1009,1;1008,2;0;20,2;12,8;20,8;19,5;13;12,1;65;60;63;;;;
2026/04/27;0200 UTC;0;1009,6;1010,1;1008,9;0;18,8;11,4;19,5;18,1;12;11;65;60;63;;;;
2026/04/27;0300 UTC;0;1010,2;1010,4;1010;0;16,9;8,1;18;16,2;10,9;6,2;65;50;56;256;11,2;6,1;
2026/04/27;0400 UTC;0;1010,5;1010,6;1010,3;0;15,2;5,7;16,2;14,2;6,3;5;56;49;52;256;7,8;4,2;
2026/04/27;0500 UTC;0;1010,6;1010,6;1010,5;0;13,6;5;14,2;13;5,7;4,5;59;55;57;259;7,3;3,9;
2026/04/27;0600 UTC;0;1010,6;1010,7;1010,5;0;12,5;4,2;13;12,3;4,6;3,6;61;56;58;267;7,1;4,6;
2026/04/27;0700 UTC;0;1010,7;1010,8;1010,5;0;11,6;3;12,3;11,2;3,7;2,1;59;54;57;263;10,9;5,6;
2026/04/27;0800 UTC;0;1010,8;1011,1;1010,6;0;10,7;1,9;11,4;10,2;2,4;1,4;57;54;56;263;9,4;5,1;
2026/04/27;0900 UTC;0;1011,7;1012,1;1011,1;0;9,8;1,1;10,1;9,5;1,6;,8;58;55;56;269;8,4;4,5;
2026/04/27;1000 UTC;0;1012,4;1012,6;1012,1;,6;9,5;1,4;9,7;9,3;1,6;1,1;61;58;60;280;8,6;5,2;
2026/04/27;1100 UTC;0;1012,7;1012,8;1012,4;249;9,5;1,7;9,9;9,3;2,1;1,4;62;60;61;284;8,1;4,8;
2026/04/27;1200 UTC;0;1013;1013,4;1012,7;968,7;10,7;2,7;11,3;10;3,4;2,1;61;59;60;271;11,4;6,3;
2026/04/27;1300 UTC;0;1013,6;1013,9;1013,2;1698,6;11,9;3,8;12,8;11,4;4,5;3,2;61;57;59;265;11,1;6,3;
2026/04/27;1400 UTC;0;1013,7;1013,9;1013,4;2305,3;13,3;4,6;14,1;12,6;5,5;4,1;58;55;57;;;;
2026/04/27;1500 UTC;0;1013,5;1013,7;1013,1;2607,5;14,9;5,6;16;14;6,2;5,1;56;50;54;;;;
2026/04/27;1600 UTC;0;1013,2;1013,5;1012,8;2737,2;16,1;6,3;17,2;15,5;7,2;5,6;53;48;51;;;;
2026/04/27;1700 UTC;0;1012,8;1013,1;1012,6;2630,7;16,9;6,6;17,7;16,3;7,4;6,1;51;47;49;;;;
2026/04/27;1800 UTC;0;1012,9;1013,2;1012,6;2212,2;17,4;7;17,8;17,1;7,5;6,6;50;46;48;;;;
2026/04/27;1900 UTC;0;1013,4;1013,7;1013,1;1613,1;17,3;7,3;17,6;16,9;7,8;6,9;52;48;50;;;;
2026/04/27;2000 UTC;0;1013,9;1014,3;1013,5;864,9;16,6;7,3;17,2;16,2;7,5;7,1;55;51;53;;;;
2026/04/27;2100 UTC;0;1014,5;1014,8;1014,2;193,1;15,4;7;16,2;14,4;7,3;6,8;63;55;58;;;;
2026/04/27;2200 UTC;0;1015,2;1015,7;1014,7;,1;13,3;7;14,4;12,7;7,1;6,9;71;63;68;265;4;2,4;
2026/04/27;2300 UTC;0;1015,9;1016,3;1015,6;0;12,5;6,9;12,9;12,1;7,1;6,7;74;70;72;277;3,4;2;
2026/04/28;0000 UTC;0;1016,4;1016,6;1016,2;0;12,5;6,6;12,8;12,3;6,8;6,5;72;69;70;296;5,2;2,6;
2026/04/28;0100 UTC;0;1016,7;1016,9;1016,5;0;12,3;6,5;12,5;11,8;6,5;6,4;73;70;71;296;5,2;2,3;
2026/04/28;0200 UTC;0;1017;1017,1;1016,8;0;12,1;6,3;12,4;11,9;6,4;6,1;72;69;71;285;4,2;2,3;
2026/04/28;0300 UTC;0;1017,1;1017,1;1017;0;12;6,3;12,3;11,7;6,5;6,1;74;69;72;264;4,7;2,9;
2026/04/28;0400 UTC;0;1016,9;1017,1;1016,7;0;11,8;6,5;12;11,7;6,6;6,4;74;72;73;268;6;2,9;
2026/04/28;0500 UTC;0;1016,7;1016,8;1016,5;0;11,6;6,6;11,8;11,5;6,7;6,5;76;74;75;272;4,5;2,7;
2026/04/28;0600 UTC;0;1016,3;1016,5;1016;0;11,3;6,5;11,5;11;6,6;6,4;77;75;76;271;3,2;1,9;
2026/04/28;0700 UTC;0;1015,8;1016,1;1015,7;0;10,8;6,4;11,2;10,3;6,4;6,3;80;76;78;268;4,8;2,8;
2026/04/28;0800 UTC;0;1015,8;1016;1015,7;0;10,5;6,3;10,6;10,3;6,3;6,2;79;78;79;293;3;1,7;
2026/04/28;0900 UTC;0;1016,3;1016,5;1016;0;10;6,1;10,2;9,7;6,2;6;82;79;81;269;2,9;1,5;
2026/04/28;1000 UTC;0;1016,8;1017,2;1016,5;,4;9,7;6;10,1;8,2;6,1;5,4;87;80;81;307;2,5;1,2;
2026/04/28;1100 UTC;0;1017,6;1018,2;1017,2;237,9;9;6,3;10,6;8,2;7,3;5,7;89;84;87;265;,7;,7;
2026/04/28;1200 UTC;0;1018,7;1019,1;1018,2;924,3;12,3;7,2;13,6;10,6;7,7;6,4;84;69;75;265;,7;,7;
2026/04/28;1300 UTC;0;1019,3;1019,4;1019;1637,1;14,5;7,5;15,2;13,7;7,9;7;70;60;65;;;;
2026/04/28;1400 UTC;0;1019,4;1019,6;1019,2;2227,2;16;7,5;16,9;15,3;8,1;7;61;55;57;;;;
2026/04/28;1500 UTC;0;1019,1;1019,5;1018,7;2519,8;17,2;7,8;17,7;16,7;8,3;7,4;55;50;53;;;;
2026/04/28;1600 UTC;0;1018,2;1018,7;1017,8;2683,7;18;7,8;18,5;17,5;8,6;7,1;53;44;49;;;;
2026/04/28;1700 UTC;0;1017,1;1017,7;1016,4;2561,4;18,8;7,8;19,5;18,1;8,5;7,3;50;40;45;;;;
2026/04/28;1800 UTC;0;1016;1016,4;1015,6;2139,6;19,3;7,7;19,8;18,9;8,3;7,2;46;40;42;;;;
2026/04/28;1900 UTC;0;1015,6;1015,9;1014,9;1551,2;19,6;7,8;19,9;19,4;8,3;7,4;44;39;41;;;;
2026/04/28;2000 UTC;0;1014,8;1014,9;1014,6;813,4;19,4;7,7;19,7;19,2;8,3;7,3;43;40;42;;;;
2026/04/28;2100 UTC;0;1014,6;1014,8;1014,5;169,7;18,3;7,6;19,2;16,6;8,2;7,1;57;42;46;;;;
2026/04/28;2200 UTC;0;1014,9;1015;1014,8;0;14,6;8,4;16,5;13,9;9,4;7,4;76;58;69;;;;
2026/04/28;2300 UTC;0;1015,1;1015,3;1014,7;0;13,7;9,2;14,2;12,6;9,3;9,1;83;75;78;29;1,6;1,1;
2026/04/29;0000 UTC;0;1015,2;1015,4;1015,2;0;12,8;9,4;13,3;12,2;9,6;9,2;85;80;83;339;1,4;,9;
2026/04/29;0100 UTC;0;1015,3;1015,4;1015,2;0;12,8;8;13,1;12,2;9,2;7,2;85;71;76;318;2,1;1,4;
2026/04/29;0200 UTC;0;1015,3;1015,4;1015,1;0;10,7;7,7;12,7;9,8;8,3;7,3;89;76;85;275;1,5;,5;
2026/04/29;0300 UTC;0;1015,3;1015,4;1015,1;0;9,7;7,6;11,2;9,2;8,1;6,8;92;78;90;319;2,4;1,8;
2026/04/29;0400 UTC;0;1015;1015,1;1014,9;0;11,3;6,4;12;10,6;6,7;6,2;80;73;76;327;3,7;2,1;
2026/04/29;0500 UTC;0;1014,6;1014,9;1014,2;0;11,4;6,3;11,6;11,1;6,3;6,2;76;73;74;317;3;2,2;
2026/04/29;0600 UTC;0;1013,7;1014,1;1013,4;0;10,7;6,4;11,9;8,9;6,6;6,2;87;72;79;207;1,3;,6;
2026/04/29;0700 UTC;0;1013,3;1013,5;1013,2;0;7,9;6,4;8,9;7,5;6,6;5,8;95;86;92;200;,6;,3;
2026/04/29;0800 UTC;0;1013,5;1013,6;1013,3;0;7,3;6,4;7,6;7;6,8;6,1;97;94;96;99;,4;,2;
2026/04/29;0900 UTC;0;1013,6;1013,7;1013,5;0;7,2;6,5;7,3;6,9;6,8;6,2;97;96;97;217;1,5;1,2;
2026/04/29;1000 UTC;0;1014;1014,2;1013,8;,1;6,8;6,3;7;6,6;6,7;6;98;96;97;204;,9;,3;
2026/04/29;1100 UTC;0;1014,5;1015;1014,1;262,7;7,3;6,7;8,8;6,6;7,8;6,2;98;94;97;278;8,2;5,8;
2026/04/29;1200 UTC;0;1015,3;1015,8;1015;918,2;11,3;7,8;13,4;8,9;8,9;6,9;94;72;82;0;14,5;12,4;
2026/04/29;1300 UTC;0;1015,8;1015,9;1015,5;1592,6;15,2;8,5;17,3;13,5;9,6;7,9;75;58;66;0;12,4;12,4;
2026/04/29;1400 UTC;0;1015,3;1015,5;1015;2185,7;18,8;8,6;20;17,5;9,6;8;60;43;49;0;,8;,1;
2026/04/29;1500 UTC;0;1014,7;1015;1014,4;2480,3;20,5;8,3;21,1;20;9,1;7,6;46;35;39;;;;
2026/04/29;1600 UTC;0;1014;1014,4;1013,8;2608,3;21,8;8,9;22,2;21;9,9;8,1;43;32;36;;;;
2026/04/29;1700 UTC;0;1013,3;1013,8;1012,9;2501,7;22,6;9,4;23,1;22,2;10,3;8,7;37;31;34;;;;
2026/04/29;1800 UTC;0;1012,8;1012,9;1012,7;2100,7;23,4;10,3;23,9;22,9;11,3;9,4;38;32;34;;;;
2026/04/29;1900 UTC;0;1012,6;1012,8;1012,3;1528,8;23,9;11,1;24,4;23,4;12,2;10,2;41;32;36;94;5;3,9;
2026/04/29;2000 UTC;14,5;1012;1012,2;1011,9;732,5;22,6;11,8;23,3;21,7;12,1;11,4;52;40;46;78;4,5;2,8;
2026/04/29;2100 UTC;0;1012,1;1012,1;1012,1;7,6;18,4;11,7;18,5;18,3;11,8;11,6;67;66;67;43;5,2;3,3;
2026/04/29;2200 UTC;0;1012,1;1012,4;1011,8;0;17,2;11,7;18,3;16,6;12;11;75;68;73;32;4,6;2,6;
2026/04/29;2300 UTC;0;1012,9;1013,4;1012,4;0;16,2;10,9;16,6;15,5;11;10,7;76;72;74;31;2,8;1,5;
2026/04/30;0000 UTC;0;1013,3;1013,6;1013,2;0;15,2;11,1;15,6;14,8;11,2;10,8;82;76;79;20;3,2;2;
2026/04/30;0100 UTC;0;1013,5;1013,8;1013,2;0;14,9;11,2;15,1;14,7;11,3;11,1;83;80;81;331;3,1;2,1;
2026/04/30;0200 UTC;0;1014,1;1014,4;1013,8;0;14,2;10,9;15,1;12,9;11,1;10,6;90;79;84;264;1;,3;
2026/04/30;0300 UTC;0;1014,2;1014,4;1014,1;0;12,2;10,8;12,8;11,7;11,1;10,6;95;90;93;307;1,2;,7;
2026/04/30;0400 UTC;0;1014,2;1014,3;1014,1;0;11,4;10,5;11,8;10,8;10,8;9,8;97;94;96;192;1,7;1;
2026/04/30;0500 UTC;0;1014,4;1014,5;1014,2;0;10,9;10,1;11,1;10,8;10,3;9,7;96;94;96;241;1,4;,9;
2026/04/30;0600 UTC;0;1014,6;1014,6;1014,5;0;10,9;9,8;11,3;10,5;10,3;9,5;97;93;95;264;1,7;1,3;
2026/04/30;0700 UTC;0;1014,5;1014,6;1014,4;0;10,3;9,1;11,3;9,7;9,6;8,7;96;88;94;115;1,2;,9;
2026/04/30;0800 UTC;0;1014,7;1014,9;1014,4;0;9,6;9;9,9;9,4;9,4;8,8;98;96;97;59;,9;,5;
2026/04/30;0900 UTC;0;1014,9;1015,1;1014,8;0;9,4;9;9,6;9,1;9,3;8,7;99;97;98;260;,8;,4;
2026/04/30;1000 UTC;0;1015,3;1015,5;1015;,2;9,3;8,9;9,6;9,1;9;8,6;99;97;98;219;1,5;1,1;
2026/04/30;1100 UTC;0;1015,8;1016,2;1015,4;235,3;10;9,1;11,5;9,5;10,2;8,5;97;94;95;227;1,7;1,1;
2026/04/30;1200 UTC;0;1016,7;1017,1;1016,3;886,6;13,7;10,2;15,7;11,6;11,1;9,6;93;76;82;246;1,1;1,1;
2026/04/30;1300 UTC;0;1017,1;1017,2;1017;1550,7;18,2;11;19,9;15,8;11,5;10,6;77;56;64;262;1,8;,5;
2026/04/30;1400 UTC;0;1017,2;1017,4;1017,1;2148,1;20,6;11,3;21,6;19,7;12,7;10,6;58;51;54;96;2,6;1,5;
2026/04/30;1500 UTC;0;1017,1;1017,3;1016,9;2430,7;22,2;12,3;23;21,5;13,2;11,6;54;48;51;125;2,8;1,2;
2026/04/30;1600 UTC;0;1017,1;1017,2;1016,7;2564,2;23,1;12,9;23,8;22,6;13,7;12,5;52;46;49;144;3,7;1,3;
2026/04/30;1700 UTC;0;1016,2;1016,7;1015,6;2437,2;24;13,1;24,5;23,3;13,9;12,6;50;42;46;104;2,9;1,7;
2026/04/30;1800 UTC;0;1015,4;1015,6;1015,3;2029,6;24,1;13,8;24,4;23,8;14,6;12,9;52;43;48;83;4,7;3,2;
2026/04/30;1900 UTC;0;1015,6;1015,7;1015,4;1477,6;23,9;13,8;24,3;23,7;14,3;13,1;51;47;49;82;4;2,7;
2026/04/30;2000 UTC;0;1015,7;1015,9;1015,5;772,3;23,1;13,4;23,7;22,5;13,8;13;55;49;51;81;4,1;2,5;
2026/04/30;2100 UTC;0;1015,9;1016,1;1015,7;151,2;20,8;13;22,4;19,3;13,5;12,5;66;55;61;74;4,1;2,2;
2026/04/30;2200 UTC;0;1015,8;1016;1015,7;0;17,9;12,5;19,3;16,7;12,7;12,4;80;66;73;74;2,2;1,3;
2026/04/30;2300 UTC;0;1016,2;1016,6;1015,9;0;16,3;13,1;16,8;15,4;13,7;12,8;91;81;84;84;1,7;1,1;
2026/05/01;0000 UTC;0;1016,6;1016,7;1016,5;0;15,4;14,1;16,1;15;14,5;13,6;96;89;93;30;2,4;1,6;
2026/05/01;0100 UTC;0;1016,8;1016,9;1016,7;0;15,6;14,7;16;14,9;15;14,1;97;94;95;;;;
2026/05/01;0200 UTC;0;1016,8;1016,9;1016,6;0;15,8;15;15,9;15,6;15,1;14,9;97;95;96;;;;
2026/05/01;0300 UTC;0;1016,6;1016,7;1016,4;0;14,9;14,3;15,6;14,3;14,9;13,8;98;96;97;;;;
2026/05/01;0400 UTC;0;1016,3;1016,4;1016;0;14,3;14,1;14,5;14;14,3;13,6;99;98;99;;;;
2026/05/01;0500 UTC;0;1015,7;1016;1015,6;0;14,9;14,6;15,2;14,3;15;14,2;99;98;99;;2;;
2026/05/01;0600 UTC;0;1015,4;1015,6;1014,9;0;15;14,8;15,4;14,4;15,1;14,2;99;98;99;;;;
2026/05/01;0700 UTC;,2;1014,6;1014,9;1014,5;0;14,8;14,8;15;14,4;15;14,2;100;99;100;;;;
2026/05/01;0800 UTC;0;1015;1015,2;1014,8;0;14,9;15;15,2;14,6;15,2;14,6;100;100;100;;;;
2026/05/01;0900 UTC;0;1014,9;1015,1;1014,7;0;15,1;15,1;15,4;14,6;15,5;14,7;100;100;100;;;;
2026/05/01;1000 UTC;0;1014,9;1015;1014,8;0;15,3;15,4;16,2;14,5;16,2;14,6;100;100;100;52;4,7;2,3;
2026/05/01;1100 UTC;0;1014,7;1014,9;1014,4;80;17;17;17,2;16,2;17,3;16,3;100;100;100;53;7,4;4,2;
2026/05/01;1200 UTC;0;1014,5;1014,7;1014,3;597,7;17,2;16,9;17,5;17,1;17,2;16,4;100;95;98;78;,7;,7;
2026/05/01;1300 UTC;0;1014,4;1014,7;1014,2;785,8;18,1;16,6;18,4;17,5;17,2;16,3;95;90;93;40;7,5;5,1;
2026/05/01;1400 UTC;0;1014,3;1014,7;1013,8;622,5;18,9;16,4;19,2;18,4;16,7;16,2;91;86;88;30;7,6;4,9;
2026/05/01;1500 UTC;0;1013,3;1013,9;1012,6;238,5;19,3;16,4;19,4;19,2;16,7;16,1;87;84;85;35;6,5;4,2;
2026/05/01;1600 UTC;1,8;1014,4;1015,1;1012,9;27,8;18,6;16,6;19,3;17,9;16,8;16,1;95;84;90;328;2,8;1,1;
2026/05/01;1700 UTC;5,5;1014,7;1014,9;1014,3;24,1;17,5;17;17,8;17,4;17,1;16,8;99;95;97;264;,8;,1;
2026/05/01;1800 UTC;7,3;1013,6;1014,9;1011;36,9;17,2;17;17,4;17;17,1;16,9;100;98;99;259;0;0;
2026/05/01;1900 UTC;,8;1011,6;1012,9;1009,7;94,1;17,2;17,1;17,3;17;17,2;16,9;100;99;100;263;,5;0;
2026/05/01;2000 UTC;0;1009;1010,3;1007,5;19,5;17,5;17,2;17,7;17,3;17,4;17,1;99;98;99;270;2,5;,2;
2026/05/01;2100 UTC;0;1009,2;1010,2;1007,6;6,7;17,9;17,4;18;17,7;17,5;17,3;98;97;98;58;3,5;2,2;
2026/05/01;2200 UTC;,2;1008,8;1010,3;1007,9;0;18;17,6;18,2;17,9;17,8;17,5;99;98;98;43;3,9;2,4;
2026/05/01;2300 UTC;,6;1008,4;1010,2;1006,5;0;18,3;18;18,6;18,1;18,3;17,8;99;98;99;231;5,7;1,8;
2026/05/02;0000 UTC;0;1007,9;1008,7;1007,2;0;19;18;19,1;18,7;18,3;17,9;98;94;95;282;9,3;4,1;
2026/05/02;0100 UTC;0;1008,7;1009,3;1008,1;0;19,2;17,9;19,3;19,1;18;17,8;94;92;93;155;5,7;3,2;
2026/05/02;0200 UTC;0;1009,1;1009,5;1008,5;0;19,4;17,9;19,7;19,2;18;17,8;93;92;92;274;3,6;1,1;
2026/05/02;0300 UTC;0;1009,4;1009,5;1009,2;0;19,3;18,1;19,7;18,6;18,2;17,8;97;92;94;193;2,5;1,5;
2026/05/02;0400 UTC;0;1009,2;1009,3;1009,1;0;18,4;17,9;18,7;18;18;17,6;98;97;98;187;1,4;,8;
2026/05/02;0500 UTC;0;1009,3;1009,5;1009,1;0;17,7;17,5;18,1;17,5;17,7;17,3;99;98;99;187;2,4;,6;
2026/05/02;0600 UTC;0;1009,6;1009,7;1009,4;0;17,6;17,6;17,8;17,5;17,7;17,3;100;99;100;223;3,2;2,2;
2026/05/02;0700 UTC;0;1009,6;1009,8;1009,4;0;18,7;18,4;19,3;17,8;18,8;17,7;100;97;99;269;5,6;3,2;
2026/05/02;0800 UTC;,8;1010,3;1010,8;1009,8;0;19,4;18,7;19,6;19,4;18,9;18,5;98;95;96;235;8,3;5,2;
2026/05/02;0900 UTC;0;1011,2;1011,7;1010,8;0;19;18;19,4;18,6;18,5;17,2;96;93;95;238;8,6;5,6;
2026/05/02;1000 UTC;0;1012,1;1012,5;1011,6;0;18,2;16,9;18,6;18;17,1;16,6;94;92;93;238;8,4;5,7;
2026/05/02;1100 UTC;0;1012,7;1013,6;1012,2;102,2;18;16,4;18,1;17,7;16,7;16,2;93;91;92;236;6,4;,4;
2026/05/02;1200 UTC;0;1014,3;1014,9;1013,5;183,3;17,7;16;17,8;17,7;16,1;15,7;92;90;91;261;1,4;0;
2026/05/02;1300 UTC;0;1015,7;1016,4;1014,6;845,9;17,9;15,1;18,5;17,5;15,9;13,9;90;79;86;264;1;0;
2026/05/02;1400 UTC;0;1017,1;1017,9;1016,4;1691,2;18,2;13,4;18,6;17,7;14,5;12,7;84;71;76;267;2,4;,1;
2026/05/02;1500 UTC;0;1017,9;1018,1;1017,4;1190,7;18;12,4;18,6;17,7;13,6;11,4;77;68;72;;;;
2026/05/02;1600 UTC;0;1018,2;1018,4;1017,7;1751,8;18,1;11,4;18,4;17,7;11,9;10,7;70;63;67;;;;
2026/05/02;1700 UTC;0;1018,4;1018,7;1018;1853,8;18,5;11,1;19,2;18;12,4;10,2;67;57;63;;;;
2026/05/02;1800 UTC;0;1018,5;1018,9;1018,2;1983,1;19,1;9,9;19,4;18,6;11;8,8;59;49;54;;;;
2026/05/02;1900 UTC;0;1019,2;1019,7;1018,6;1522,3;18,4;8,1;18,9;18;9,3;7,3;53;44;48;223;11,3;7,4;
2026/05/02;2000 UTC;0;1019,7;1019,9;1019,4;806,5;17,7;7,5;18;17,1;8;6,8;54;45;49;218;7,9;4,9;
2026/05/02;2100 UTC;0;1020,4;1020,9;1019,8;146,9;15,9;7,1;17,1;14,5;7,7;6,7;64;50;56;218;5,6;3,7;
2026/05/02;2200 UTC;0;1021,4;1021,8;1021;0;13,4;7,3;14,4;13;7,8;6,6;73;65;69;229;4,8;3,4;
2026/05/02;2300 UTC;0;1022,3;1022,8;1021,9;0;12,5;6,3;13;12,1;6,7;5,8;70;67;69;237;5,8;3,5;
2026/05/03;0000 UTC;0;1023;1023,3;1022,8;0;11,5;6,1;12,1;11;6,4;5,7;75;69;73;237;4,7;3,2;
2026/05/03;0100 UTC;0;1023,6;1023,7;1023,3;0;11,1;5,3;11,3;10,9;5,8;4,8;74;68;71;236;6,3;4,4;
2026/05/03;0200 UTC;0;1023,9;1024,1;1023,7;0;11,2;4,8;11,6;10,4;5,1;4,6;73;65;68;261;5,3;3,1;
2026/05/03;0300 UTC;0;1024;1024,2;1023,9;0;10,1;4,7;10,5;9,9;4,9;4,6;75;71;73;251;6,2;3,9;
2026/05/03;0400 UTC;0;1024,2;1024,3;1024,1;0;9,6;4,7;10,1;9;4,9;4,6;79;72;76;252;5,4;3,5;
2026/05/03;0500 UTC;0;1024,1;1024,3;1023,9;0;8,9;4,6;9,1;8,7;4,8;4,5;80;77;78;255;5,8;3,8;
2026/05/03;0600 UTC;0;1023,8;1024;1023,7;0;9,1;4,4;9,2;9;4,6;4,3;78;76;77;253;6;4;
2026/05/03;0700 UTC;0;1023,6;1023,7;1023,5;0;9,2;4,5;9,4;9;4,6;4,3;77;75;77;252;6,1;4;
2026/05/03;0800 UTC;0;1023,4;1023,6;1023,3;0;9,1;4,6;9,4;8,5;4,7;4,4;81;75;77;249;4,9;3,7;
2026/05/03;0900 UTC;0;1023,5;1023,6;1023,4;0;8,3;4,5;8,6;8;4,6;4,4;82;80;81;251;4,7;3,2;
2026/05/03;1000 UTC;0;1023,5;1023,6;1023,4;0;7,9;4,3;8,2;7,7;4,4;4,2;83;81;82;259;4,4;2,9;
2026/05/03;1100 UTC;0;1023,6;1023,7;1023,5;205,4;8,4;4,4;9,4;7,8;4,7;4,2;83;76;80;255;4,6;3,2;
2026/05/03;1200 UTC;0;1023,5;1023,6;1023,3;893,7;10,7;5,1;11,7;9,5;6;4,5;77;69;72;231;6,8;3,8;
2026/05/03;1300 UTC;0;1023,7;1024;1023,4;1605,9;12,5;6,2;13,5;11,7;7;5,6;72;64;69;228;5,9;4,1;
2026/05/03;1400 UTC;0;1024,1;1024,2;1024;2192;14,4;7,1;15,1;13,3;8,2;6,2;71;59;63;235;5,4;3,2;
2026/05/03;1500 UTC;0;1023,9;1024,2;1023,5;2479,1;16,1;7,6;16,8;15,3;9,1;6,5;63;50;57;233;4,7;2,1;
2026/05/03;1600 UTC;0;1023,2;1023,5;1022,7;2609,3;17,3;7,1;17,9;16,7;8,3;6,3;56;44;49;148;2;1,1;
2026/05/03;1700 UTC;0;1022,2;1022,7;1021,6;2320,9;18;7,2;18,4;17,6;8;6,6;52;43;46;241;2,6;1,6;
2026/05/03;1800 UTC;0;1021,1;1021,6;1020,8;2096,1;18,3;7,3;18,8;18;8,1;6,6;48;41;45;98;3,1;1,5;
2026/05/03;1900 UTC;0;1020,4;1020,8;1019,9;1479,1;18,5;6,8;18,8;18,1;7,9;6;48;38;42;49;2,3;1,4;
2026/05/03;2000 UTC;0;1019,9;1020;1019,8;782,1;18,2;7,2;18,9;17,5;8,2;6;53;38;45;83;4,4;2;
2026/05/03;2100 UTC;0;1019,5;1019,8;1019,4;141,9;15,7;7,4;17,4;13,9;7,9;6,6;65;52;58;83;3,4;1,9;
2026/05/03;2200 UTC;0;1019,3;1019,5;1019,1;0;12,9;7,1;13,9;12,2;7,3;6,9;74;65;71;24;2,4;1,8;
2026/05/03;2300 UTC;0;1019,2;1019,4;1019;0;11,7;6,8;12,2;11,3;7,2;6,6;78;74;76;23;;2,4;
2026/05/04;0000 UTC;0;1019,2;1019,3;1019;0;10,8;7;11,4;10,1;7,2;6,8;85;78;81;73;;2,1;
2026/05/04;0100 UTC;0;1019,2;1019,4;1018,9;0;10,4;6,8;11;9,8;6,9;6,6;85;78;82;50;;,9;
2026/05/04;0200 UTC;0;1019,4;1019,5;1019,2;0;9;6,9;9,8;8,6;7,3;6,7;93;85;90;203;;1;
2026/05/04;0300 UTC;0;1019;1019,3;1018,8;0;8,2;6,8;8,7;7,8;7;6,6;95;90;93;163;;1,2;
2026/05/04;0400 UTC;0;1018,6;1018,8;1018,2;0;7,8;6,7;8,3;7,2;7,2;6,5;97;92;95;160;;,7;
2026/05/04;0500 UTC;0;1018,1;1018,2;1017,7;0;7;6,6;7,2;6,7;6,9;6,4;99;97;98;206;;,5;
2026/05/04;0600 UTC;0;1017,3;1017,7;1016,8;0;6,9;6,4;7,3;6,5;6,7;6,1;99;95;98;161;;1,6;
2026/05/04;0700 UTC;0;1016,4;1016,8;1016,1;0;7;6,2;7,3;6,6;6,6;5,8;98;94;96;132;;1,6;
2026/05/04;0800 UTC;0;1016;1016,1;1015,8;0;6,7;6;7,2;6,3;6,5;5,7;98;95;97;93;;,6;
2026/05/04;0900 UTC;0;1015,2;1015,8;1014,8;0;6,2;5,9;7,1;5,9;6,5;5,5;99;96;98;79;;2,2;
2026/05/04;1000 UTC;0;1015,2;1015,4;1015;0;6,3;5,8;7,1;5,9;6,3;5,5;99;95;97;263;;,4;
2026/05/04;1100 UTC;0;1015,2;1015,3;1015;232,9;6,9;6,7;9,2;5,9;8,8;5,6;99;98;99;143;;,7;
2026/05/04;1200 UTC;0;1015,4;1015,5;1015,2;945,8;11,7;9,8;13,4;9,3;11;8,9;98;86;90;;;;
2026/05/04;1300 UTC;0;1015,5;1015,6;1015,3;1519,5;15,5;11,8;17,4;13,4;12,7;10,6;88;75;81;;;;
2026/05/04;1400 UTC;0;1015,3;1015,4;1015,2;2063,5;18,5;11,9;19,6;17,4;13;11,3;77;64;67;;;;
2026/05/04;1500 UTC;0;1015,1;1015,5;1014,9;2475,2;20,6;13,2;21,3;19,6;14,1;12,5;66;61;63;26;5,7;3,7;
2026/05/04;1600 UTC;0;1014,5;1015;1013,9;2497,8;22,1;14,2;23,1;21,3;15,3;13,6;64;57;61;128;4,6;2,4;
2026/05/04;1700 UTC;0;1013,5;1013,9;1012,9;1969,3;23,3;14,9;23,9;22,8;15,5;14,4;62;55;58;167;3,8;2,1;
2026/05/04;1800 UTC;0;1012,3;1012,9;1011,8;1455,1;23,6;15,3;24,3;23,2;16;14,7;62;57;59;66;3,8;2;
2026/05/04;1900 UTC;0;1011,7;1011,9;1011,5;1415,8;24,5;15,9;25,2;24,1;16,5;15,5;61;54;57;79;2,4;,9;
2026/05/04;2000 UTC;0;1011,7;1011,9;1011,5;723,6;23,5;16,3;25,3;21,2;16,9;15,8;74;54;64;103;4,9;3,1;
2026/05/04;2100 UTC;0;1012,1;1012,2;1011,8;92,8;20;15,9;21,2;18,7;16,2;15,8;85;74;80;95;2,8;1,5;
2026/05/04;2200 UTC;0;1012,3;1012,5;1012,1;0;18;15,7;18,7;17,3;15,8;15,6;92;86;88;90;,6;,1;
2026/05/04;2300 UTC;0;1012,5;1012,7;1012,3;0;16,6;15,5;17,3;16;15,7;15,2;97;92;95;;;;
2026/05/05;0000 UTC;0;1012,8;1012,8;1012,7;0;16,7;15,8;17,1;16,1;15,9;15,4;97;94;95;;;;
2026/05/05;0100 UTC;0;1012,9;1013,1;1012,7;0;17,1;15,9;17,5;16,7;16,2;15,6;96;93;94;;;;
2026/05/05;0200 UTC;0;1012,9;1013,1;1012,7;0;17,4;16,1;17,5;17;16,2;15,9;95;93;93;;;;
2026/05/05;0300 UTC;0;1012,9;1013;1012,7;0;16,4;15,7;16,9;15,9;16;15,3;99;94;97;;;;
2026/05/05;0400 UTC;0;1013,2;1013,3;1013;0;15,6;15,3;16,1;15,2;15,8;15;99;97;99;;;;
2026/05/05;0500 UTC;0;1013,5;1013,5;1013,3;0;15,5;15,4;15,6;15,4;15,5;15,3;100;99;99;;;;
2026/05/05;0600 UTC;0;1013,3;1013,4;1013,2;0;15;14,9;15,4;14,5;15,3;14,3;100;99;99;;;;
2026/05/05;0700 UTC;0;1013,1;1013,2;1012,9;0;14,4;14,4;14,5;14,3;14,5;14,3;100;99;100;;;;
2026/05/05;0800 UTC;0;1013,2;1013,4;1013;0;14,7;14,7;14,8;14,4;14,9;14,4;100;100;100;;;;
2026/05/05;0900 UTC;0;1013,4;1013,5;1013,3;0;14,5;14,6;14,7;14,3;14,8;14,3;100;100;100;;;;
2026/05/05;1000 UTC;0;1013,9;1014,1;1013,6;1,2;14,2;14,3;14,3;14,1;14,4;14,2;100;100;100;;;;
2026/05/05;1100 UTC;0;1014,5;1014,8;1014,1;184,2;14,8;14,8;16,1;14,1;16,1;14,2;100;100;100;;;;
2026/05/05;1200 UTC;0;1015,1;1015,4;1014,8;754,9;17,9;16,8;20,1;16,2;17,9;16;100;89;95;71;1,3;,8;
2026/05/05;1300 UTC;0;1015,7;1015,9;1015,3;1009,8;21;17,7;21,8;20,2;18,3;17,1;87;81;84;132;2,1;,8;
2026/05/05;1400 UTC;0;1016,1;1016,2;1015,8;1027,6;22;18,3;22,4;21,8;18,7;18;83;79;81;45;3,2;2,4;
2026/05/05;1500 UTC;0;1015,9;1016,1;1015,7;793,8;21,9;18,6;22,7;21,3;19,2;18,3;87;81;84;59;2,7;1,7;
2026/05/05;1600 UTC;0;1015,4;1015,7;1015,2;567;22,8;19,7;23,2;22,4;20,4;19;86;83;84;189;1,5;,8;
2026/05/05;1700 UTC;0;1014,8;1015,2;1014,4;1117,9;23,9;21;25,4;23,2;22,1;20,2;88;82;85;175;1,8;1,2;
2026/05/05;1800 UTC;0;1014,1;1014,4;1013,9;1979,9;26,3;22,3;27,1;25,6;23,1;21,6;83;75;80;116;4,2;2,5;
2026/05/05;1900 UTC;0;1014,1;1014,2;1013,9;412,5;24,7;21,4;27,2;23,3;22,9;20,3;86;76;83;90;4,4;3;
2026/05/05;2000 UTC;1;1014,2;1014,4;1014;169,5;22,6;20,7;23,3;22,2;21,1;20,3;95;85;90;70;2,8;1,8;
2026/05/05;2100 UTC;1;1014,2;1014,4;1014;36,6;22;21;22,3;21,7;21,3;20,8;96;94;95;57;3,7;1,9;
2026/05/05;2200 UTC;,2;1014,6;1015;1014,3;0;21,7;20,8;21,8;21,6;20,9;20,3;96;93;95;58;3,9;2,1;
2026/05/05;2300 UTC;0;1015,2;1015,4;1014,9;0;21,2;20,2;21,6;21;20,3;20;96;93;95;44;3,3;2,3;
2026/05/06;0000 UTC;0;1015,4;1015,6;1015,2;0;20,6;19,8;21;20,1;20;19,5;97;95;96;79;2,6;1,7;
2026/05/06;0100 UTC;0;1015,7;1015,9;1015,5;0;19,5;19,1;20,1;19,2;19,5;18,9;99;97;98;85;3,6;2,3;
2026/05/06;0200 UTC;0;1015,4;1015,7;1015,1;0;19,3;19,1;19,6;19,2;19,4;18,9;99;99;99;43;3,6;2,3;
2026/05/06;0300 UTC;0;1015,2;1015,6;1014,9;0;19,9;19,6;20;19,6;19,7;19,4;99;98;99;42;3,2;2,1;
2026/05/06;0400 UTC;0;1015,1;1015,3;1014,8;0;20,2;19,8;20,3;20;19,9;19,7;99;98;98;48;3,9;2,7;
2026/05/06;0500 UTC;0;1015,3;1015,6;1015;0;20,1;19,8;20,2;20,1;19,9;19,7;99;98;98;69;3,8;2,3;
2026/05/06;0600 UTC;0;1014,8;1015,1;1014,5;0;19,9;19,7;20,1;19,8;19,8;19,6;99;99;99;131;2,8;1,6;
2026/05/06;0700 UTC;0;1014,2;1015,1;1013,6;0;19,9;19,7;20,1;19,6;19,9;19,5;100;99;99;105;1,6;,8;
2026/05/06;0800 UTC;0;1013,2;1013,9;1012,8;0;19,6;19,5;19,7;19,5;19,7;19,4;100;99;100;42;2,1;1,6;
2026/05/06;0900 UTC;0;1013,1;1013,3;1012,8;0;19,8;19,7;20;19,5;19,8;19,4;100;99;99;54;2,7;1,3;
2026/05/06;1000 UTC;0;1013,3;1013,7;1012,6;0;20,1;19,8;20,4;19,7;19,9;19,5;99;97;98;28;3,5;2,5;
2026/05/06;1100 UTC;0;1013,8;1014,2;1013,5;24,9;20,3;19,9;20,4;20;20;19,6;99;97;98;113;4,6;1,8;
2026/05/06;1200 UTC;0;1014,8;1015,4;1014,2;266,7;20,5;20;21;20,2;20,5;19,7;98;97;98;167;5,5;2,4;
2026/05/06;1300 UTC;0;1015,2;1015,5;1015;824,3;22,6;21;23,8;21,1;21,6;20,5;97;87;92;134;3,6;2,2;
2026/05/06;1400 UTC;0;1015,6;1015,7;1015,4;1536,4;23,8;20,9;24,7;23,4;21,8;20,5;90;79;85;78;6,2;4,3;
2026/05/06;1500 UTC;0;1015,4;1015,6;1015,3;2219,3;24,3;19,9;24,7;23,8;20,6;19,4;81;76;78;66;7,3;5,2;
2026/05/06;1600 UTC;0;1014,5;1015,5;1013,6;2309,8;24,8;19,7;25,3;23,9;20,2;19,4;79;71;75;55;8,2;5,5;
2026/05/06;1700 UTC;0;1013;1013,6;1012,2;1964,9;25,6;19,9;26,1;25,2;20,5;19,4;74;70;72;47;8,5;5,4;
2026/05/06;1800 UTC;0;1011,9;1012,2;1011,5;1275;25,6;20,2;26,5;25;20,9;19,8;76;70;73;38;9,3;6;
2026/05/06;1900 UTC;0;1011,4;1011,6;1011,1;1085,4;24,9;19,7;25,7;24,4;20,1;19,4;77;71;74;39;8,7;5,9;
2026/05/06;2000 UTC;0;1011;1011,2;1010,8;369;23,3;19,4;24,3;22,9;19,7;19,2;84;75;80;39;9,2;5,2;
2026/05/06;2100 UTC;0;1010,8;1010,9;1010,7;86,2;22,6;19,9;23;22,2;20,1;19,7;89;84;86;38;7,6;5;
2026/05/06;2200 UTC;0;1010,7;1010,8;1010,6;0;22,1;20,3;22,2;22;20,5;20;92;89;91;37;7,3;4,5;
2026/05/06;2300 UTC;0;1010,6;1010,8;1010,5;0;21,9;20,5;22;21,8;20,6;20,4;94;92;93;32;6,9;4,5;
2026/05/07;0000 UTC;0;1010,6;1010,7;1010,4;0;21,7;20,6;21,8;21,5;20,7;20,6;96;94;95;38;5,1;3,6;
2026/05/07;0100 UTC;0;1010,4;1010,5;1010,1;0;21,4;20,5;21,5;21,3;20,6;20,4;96;95;96;26;5,8;3,5;
2026/05/07;0200 UTC;0;1009,7;1010,2;1009,3;0;21,1;20,4;21,3;21;20,5;20,3;97;95;96;31;5;3,3;
2026/05/07;0300 UTC;0;1008,6;1009,3;1007,9;0;21,6;20,4;21,9;21,3;20,5;20,3;95;93;94;37;5,9;4,1;
2026/05/07;0400 UTC;0;1007,3;1007,9;1006,8;0;22,2;20,6;22,3;22;20,7;20,5;93;92;92;70;5,6;3,8;
2026/05/07;0500 UTC;0;1006,6;1006,8;1006,4;0;22,2;20,6;22,5;21,6;20,7;20,4;94;91;92;23;3,4;2,4;
2026/05/07;0600 UTC;0;1005,8;1006,4;1005,1;0;21,4;20,3;21,7;21,2;20,5;20,2;95;93;94;31;5,8;4,1;
2026/05/07;0700 UTC;0;1004,7;1005,1;1004,4;0;21,9;20,3;22,1;21,5;20,4;20,1;93;91;92;29;5,8;3,6;
2026/05/07;0800 UTC;0;1004,5;1004,7;1004,3;0;21,2;19,9;21,5;20,9;20,1;19,7;94;93;94;29;5,2;3,5;
2026/05/07;0900 UTC;0;1004,3;1004,5;1004,2;0;20,9;19,5;21;20,8;19,7;19,4;94;92;93;25;5,4;3,7;
2026/05/07;1000 UTC;0;1003,6;1004,2;1003,1;0;21,1;19,3;21,4;20,9;19,4;19,2;92;90;91;19;6,4;4,7;
2026/05/07;1100 UTC;0;1002,8;1003;1002,6;126,2;22,3;19,1;23,9;21,2;19,3;19;90;77;84;48;7,8;4,3;
2026/05/07;1200 UTC;0;1003,1;1003,3;1002,8;508;24,8;19,5;25,1;23,9;19,7;19,3;77;72;73;55;8,3;5;
2026/05/07;1300 UTC;0;1003,1;1003,3;1002,9;654,9;25,4;19,6;25,9;24,9;20;19,4;74;69;71;148;9,3;4;
2026/05/07;1400 UTC;0;1001,9;1002,9;1001,2;606,1;26;19,7;26,1;25,8;20;19,5;70;67;69;59;9,2;5,2;
2026/05/07;1500 UTC;0;1000,8;1001,2;1000,1;507,6;25,8;19,8;26;25,7;20,1;19,5;72;68;70;25;7,2;5,3;
2026/05/07;1600 UTC;0;999,1;1000;998,6;872,6;26,5;20,2;27,1;25,9;20,6;20;71;66;69;31;7;4,7;
2026/05/07;1700 UTC;0;998,3;998,6;998,1;880,3;27,7;20,8;28,5;27,1;21,2;20,3;68;62;66;60;6,2;4;
2026/05/07;1800 UTC;0;997,6;998,1;997,3;872,5;29,3;21,1;30,1;28,5;21,8;20,5;64;53;59;77;7;3,5;
2026/05/07;1900 UTC;0;997;997,3;996,6;694,4;30,2;20,7;30,4;30,1;21,1;20,4;54;51;52;73;9,5;5,4;
2026/05/07;2000 UTC;0;997,4;999,7;996,7;406,6;29,6;20,5;30,4;23,1;21;17,4;71;51;55;269;16,6;7;
2026/05/07;2100 UTC;0;999,9;1000,3;999,4;17,3;20,6;17;22,7;19,8;17,3;16,8;86;73;82;214;11,6;7,4;
2026/05/07;2200 UTC;0;999,7;1000,2;999,1;0;19,3;17;19,7;19,1;17,2;16,9;90;86;89;180;2,9;1,7;
2026/05/07;2300 UTC;1;999,6;1000,5;999,2;0;18,9;17,2;19;18,6;17,7;17;95;90;92;216;2,8;1,2;
2026/05/08;0000 UTC;1;998,4;999,5;997,8;0;18,3;17,7;18,6;18,1;17,9;17,5;97;95;97;70;4,2;2,1;
2026/05/08;0100 UTC;1,8;997,7;999,1;996,6;0;18,5;18,1;18,6;18,5;18,3;18;98;97;98;46;5,6;3,5;
2026/05/08;0200 UTC;9,2;998,8;1001,2;997,1;,2;18,6;18,1;18,7;18,5;18,4;17,9;99;96;98;160;5,1;1,4;
2026/05/08;0300 UTC;1;997,4;998,1;996,8;0;18,4;18,1;18,5;18,4;18,2;18;99;98;98;69;2,8;1;
2026/05/08;0400 UTC;,6;997,1;998,5;996,6;,2;18,4;18,1;18,4;18;18,2;17,5;99;97;98;291;9,4;3,1;
2026/05/08;0500 UTC;2,7;999,3;1000,5;998,1;3,5;16,4;15,5;17,9;15,7;17,2;14,4;97;93;95;;;;
2026/05/08;0600 UTC;,8;999,4;1000,3;998,4;0;15,4;14,2;15,7;15,3;14,5;13,9;95;92;94;;;;
2026/05/08;0700 UTC;,6;999;999,6;998,1;,2;15,1;13,4;15,3;14,6;14;11,9;93;87;92;;;;
2026/05/08;0800 UTC;0;1000,3;1001;999,3;1;13,6;10,6;14,5;13;12;10;88;83;85;;;;
2026/05/08;0900 UTC;0;1001,8;1002,4;1000,8;0;13;9,7;13,1;12,9;10,3;9,3;86;82;83;;;;
2026/05/08;1000 UTC;0;1002,9;1003,1;1002,4;0;12,6;8,6;13;12,2;9,6;7,8;83;78;80;;;;
2026/05/08;1100 UTC;0;1002,9;1003,4;1002,6;149,2;12,2;8;12,6;12;8,3;7,7;80;77;79;;;;
2026/05/08;1200 UTC;0;1003,8;1004,1;1003,3;610,6;13,1;8,5;13,7;12,6;9,1;8,3;80;73;77;;;;
2026/05/08;1300 UTC;0;1004,3;1004,7;1003,9;359,4;13,4;8,2;13,8;13,3;8,7;7,6;76;71;74;;;;
2026/05/08;1400 UTC;0;1004,9;1005,3;1004,3;658,3;13,8;7,9;14,2;13,4;8,4;7,4;74;68;71;;;;
2026/05/08;1500 UTC;0;1005;1005,3;1004,5;1239,6;14,2;7,2;14,7;13,7;8,5;5,9;70;57;65;;;;
2026/05/08;1600 UTC;0;1004,7;1005;1004,4;1651,5;14,8;6,3;15,6;14,4;7,3;5,1;61;52;57;;;;
2026/05/08;1700 UTC;0;1004,4;1004,6;1003,9;1985,7;15,7;5,1;16,1;14,8;6,3;4,3;53;44;47;;;;
2026/05/08;1800 UTC;0;1004,5;1004,9;1004,1;1395,8;15,7;5,4;16,3;15,3;6,4;4,9;53;46;48;281;7,2;4,8;
2026/05/08;1900 UTC;0;1004,9;1005,3;1004,4;1398,2;16,1;4,9;16,8;15,3;5,7;4,2;49;41;44;268;7,1;4,2;
2026/05/08;2000 UTC;0;1005,1;1005,3;1004,9;714,2;15,5;3,8;16,1;14,8;4,7;3,2;44;39;41;283;9,9;5,1;
2026/05/08;2100 UTC;0;1006;1006,4;1005,2;106;14;3,1;14,8;13,2;3,5;2,7;48;42;45;302;6,8;3,2;
2026/05/08;2200 UTC;0;1006,8;1007,1;1006,3;0;12,7;2,7;13,2;12,2;2,9;2,3;53;48;50;296;6,4;3,6;
2026/05/08;2300 UTC;0;1007,6;1007,9;1007,1;0;12,1;2,5;12,6;11,6;2,8;2,3;56;49;52;281;5,1;2,4;
2026/05/09;0000 UTC;0;1008,3;1008,8;1007,8;0;11,3;2,9;11,6;10,7;3;2,6;61;55;58;288;2,9;1,3;
2026/05/09;0100 UTC;0;1009,1;1009,3;1008,8;0;10,7;3,3;10,9;10,5;3,8;2,8;65;61;63;306;6,1;2,6;
2026/05/09;0200 UTC;0;1009,5;1009,7;1009,2;0;10,8;3,8;11;10,6;4;3,7;66;64;65;305;6,7;3,7;
2026/05/09;0300 UTC;0;1009,5;1009,8;1009;0;10,6;3,9;10,9;10,4;4;3,8;67;65;66;288;6,3;3;
2026/05/09;0400 UTC;0;1009,9;1010,2;1009,4;0;10,2;3,9;10,6;9,6;4;3,8;71;66;68;302;4,9;2,3;
2026/05/09;0500 UTC;0;1010,2;1010,6;1010;0;9,8;3,7;10;9,6;3,9;3,6;71;68;70;294;4,7;2,9;
2026/05/09;0600 UTC;0;1010,9;1011,1;1010,6;0;9,3;3,6;9,7;9,1;3,8;3,4;74;69;71;274;4,3;2,4;
2026/05/09;0700 UTC;0;1011,4;1011,7;1011;0;9,4;3,2;9,7;8,9;3,5;3;71;68;69;290;4,4;2,1;
2026/05/09;0800 UTC;0;1011,6;1011,9;1011,5;0;8,2;3,2;8,9;7,6;3,3;3;78;71;75;327;2,7;1,7;
2026/05/09;0900 UTC;0;1011,8;1012;1011,5;0;7,2;3;7,8;6,9;3,2;2,8;81;76;79;322;3,1;1,8;
2026/05/09;1000 UTC;0;1012,1;1012,9;1011,7;0;6,9;2,5;7,1;6,7;3;2,1;81;76;78;311;3,1;2,1;
2026/05/09;1100 UTC;0;1012,7;1013;1012,4;92,5;7,1;1,8;7,3;7;2,1;1,4;76;71;73;331;3,5;2,2;
2026/05/09;1200 UTC;0;1013,1;1013,4;1012,9;607,2;8,4;2,4;9,8;7,3;3,1;2,1;75;63;70;316;5,1;2,7;
2026/05/09;1300 UTC;0;1013,4;1013,6;1013,2;1102,4;10,8;1,9;12,3;9,9;2,3;1,4;62;48;56;327;6,2;2,3;
2026/05/09;1400 UTC;0;1013,7;1014,1;1013,5;1637;13,1;1,6;14,1;12,3;2,7;,8;50;35;43;298;6,7;3,8;
2026/05/09;1500 UTC;0;1013,7;1013,9;1013,4;2437,2;14,7;2;15,3;14;3,1;1,1;40;32;36;289;8,9;5;
2026/05/09;1600 UTC;0;1013,5;1013,7;1013,2;2499,2;15,3;2,5;15,8;14,9;3,5;1,9;39;34;36;293;10,8;5;
2026/05/09;1700 UTC;0;1013,2;1013,5;1012,9;1989;15,7;2,9;16;15,3;3,5;2,3;39;35;36;267;11,6;6,4;
2026/05/09;1800 UTC;0;1013,5;1014;1013,1;1976,5;15;3,6;15,7;14,3;4,4;2,9;50;37;43;277;14;7,2;
2026/05/09;1900 UTC;0;1013,9;1014,2;1013,6;1403,9;14,1;4,7;14,5;13,7;5,2;4,1;56;49;53;265;12,5;6,7;
2026/05/09;2000 UTC;0;1014,6;1015,2;1013,9;552;12,9;5;13,7;12,3;5,4;4,6;65;56;60;263;8,8;4,3;
2026/05/09;2100 UTC;0;1015,3;1015,4;1015,1;70,3;11,9;5,1;12,4;11,3;5,2;4,9;70;63;66;287;7,2;3,2;
2026/05/09;2200 UTC;0;1015,6;1016;1015,3;0;11;5,4;11,3;10,8;5,6;5,2;74;70;72;286;6,9;3,7;
2026/05/09;2300 UTC;0;1016,1;1016,5;1015,7;0;10,8;5,9;11,1;10,5;6,1;5,6;78;74;75;288;7,5;3,5;
2026/05/10;0000 UTC;0;1016,7;1017;1016,4;0;10,8;6,6;11,1;10,5;7;6,1;80;78;79;285;9;5,1;
2026/05/10;0100 UTC;0;1017,5;1018;1017,1;0;11,1;7,1;11,2;11;7,2;6,9;81;79;80;280;7,1;3,4;
2026/05/10;0200 UTC;0;1018,2;1018,5;1017,9;0;10,8;7,1;11,1;10,5;7,2;6,9;83;80;82;285;9,2;4;
2026/05/10;0300 UTC;0;1018,6;1018,8;1018,5;0;10,9;7,1;11,1;10,7;7,3;6,9;82;79;81;261;9,2;5,4;
2026/05/10;0400 UTC;0;1018,3;1018,6;1018;0;10,6;7,2;11;10,1;7,3;7;85;81;83;265;7,6;4,6;
2026/05/10;0500 UTC;0;1018,3;1018,5;1018,1;0;9,9;7,1;10,2;9,7;7,2;7;87;85;86;268;7,6;3,9;
2026/05/10;0600 UTC;0;1018,1;1018,4;1017,8;0;9,6;6,8;9,8;9,4;7;6,4;87;84;86;260;8,5;5,6;
2026/05/10;0700 UTC;0;1018,3;1018,4;1018;0;9,6;6,2;9,8;9,4;6,3;6,1;84;82;83;274;7,7;4,2;
2026/05/10;0800 UTC;0;1018,2;1018,4;1018,1;0;9,2;6;9,5;9;6,1;5,9;85;83;84;281;7,5;3,6;
2026/05/10;0900 UTC;0;1018,4;1018,7;1018,2;0;8,9;5,5;9;8,8;5,9;5,2;85;82;83;273;8,3;4,8;
2026/05/10;1000 UTC;0;1018,8;1019;1018,6;0;8,6;5,3;8,8;8,4;5,3;5,1;84;82;83;271;6,7;3,8;
2026/05/10;1100 UTC;0;1019,1;1019,3;1018,9;167,1;8,8;5,2;9,2;8,4;5,3;5,1;84;79;82;318;10,2;6,7;
2026/05/10;1200 UTC;0;1019,6;1019,8;1019,2;815,1;10;5,1;10,7;9,2;5,3;4,8;79;71;75;317;11,7;8,9;
2026/05/10;1300 UTC;0;1019,8;1020;1019,5;1505,9;11,3;4,8;12;10,8;5,2;4,5;71;64;68;310;12,3;8,7;
2026/05/10;1400 UTC;0;1019,8;1020;1019,4;2174,4;12,4;4,6;13,2;11,7;5,1;3,9;65;57;61;310;11,9;8,2;
2026/05/10;1500 UTC;0;1019,4;1019,9;1018,9;2420,6;13,3;4;13,8;12,9;5;3,5;57;50;54;294;12,5;9,7;
2026/05/10;1600 UTC;0;1018,8;1019,1;1018,4;2395,2;13,8;4,3;14,2;13,2;4,8;3,7;55;50;52;309;11;9,5;
2026/05/10;1700 UTC;0;1017,8;1018,3;1017,2;1955,7;14,3;4,7;14,6;13,9;5,2;4,3;57;50;52;274;6,5;6,5;
2026/05/10;1800 UTC;0;1017,2;1017,4;1016,9;1969,8;14,9;4,7;15,3;14,4;5,1;4,3;52;47;49;303;10,9;10,9;
2026/05/10;1900 UTC;0;1017,3;1017,5;1017;1402,3;15;4,8;15,3;14,7;5,3;4,5;51;48;49;273;9,6;5,2;
2026/05/10;2000 UTC;0;1017,8;1018,1;1017,3;703,5;14,4;4,6;15;13,9;5,3;4,3;53;49;51;275;9;5;
2026/05/10;2100 UTC;0;1018,2;1018,5;1017,7;99,1;13;4,4;13,9;12,2;4,6;4,2;60;53;57;272;6,1;3,2;
2026/05/10;2200 UTC;0;1018,7;1019;1018,4;0;11,7;4,2;12,2;11,1;4,4;4,1;66;60;63;266;4,9;2,7;
2026/05/10;2300 UTC;0;1019,4;1019,6;1019;0;10,5;4,3;11,2;10;4,4;4,1;71;65;69;277;4,7;2,3;
2026/05/11;0000 UTC;0;1019,6;1019,7;1019,5;0;10,3;4;10,5;10,1;4,2;3,7;69;67;68;267;5,6;3,3;
2026/05/11;0100 UTC;0;1019,7;1019,8;1019,5;0;10,2;3,7;10,4;10;3,9;3,6;69;67;67;269;6,4;3,7;
2026/05/11;0200 UTC;0;1019,5;1019,7;1019,2;0;9,8;3,5;10;9,7;3,7;3,4;69;68;68;271;7,4;3,9;
2026/05/11;0300 UTC;0;1019,2;1019,3;1019,1;0;9,7;3,3;9,8;9,5;3,4;3,1;69;67;68;276;6,3;3,2;
2026/05/11;0400 UTC;0;1018,9;1019,2;1018,7;0;9,5;3,1;9,6;9,4;3,2;3;69;67;68;279;5,8;3,3;
2026/05/11;0500 UTC;0;1018,7;1018,9;1018,4;0;9,6;3;9,8;9,4;3,2;2,9;69;67;67;280;6,8;3,8;
2026/05/11;0600 UTC;0;1018,2;1018,4;1017,9;0;9,6;2,9;9,7;9,5;3;2,8;67;66;66;277;8,1;4,4;
2026/05/11;0700 UTC;0;1017,7;1018;1017,5;0;9,5;2,8;9,7;9,3;2,9;2,7;67;66;66;273;8,5;4,4;
2026/05/11;0800 UTC;0;1017,5;1017,6;1017,2;0;9,2;2,8;9,5;8,9;2,9;2,7;70;66;68;270;9,2;4,8;
2026/05/11;0900 UTC;0;1017,6;1017,9;1017,4;0;9;2,7;9,2;8,8;2,8;2,6;70;68;69;265;9;5,1;
2026/05/11;1000 UTC;0;1018;1018,1;1017,8;0;8,7;2,8;8,8;8,5;2,9;2,7;72;70;71;262;7,6;4,9;
2026/05/11;1100 UTC;0;1018,2;1018,5;1017,9;165,2;8,7;2,9;9,2;8,4;3,1;2,8;73;69;71;272;7,7;4,5;
2026/05/11;1200 UTC;0;1018,7;1019,1;1018,3;813,7;10,1;3,5;10,8;9,2;4,2;3;69;65;67;258;8,8;4,7;
2026/05/11;1300 UTC;0;1019,2;1019,4;1019;1502,2;11,4;4,3;12,1;10,9;4,9;3,9;67;63;65;270;10,7;7,6;
2026/05/11;1400 UTC;0;1019,3;1019,6;1019;2085,6;12,8;5,2;13,7;12;5,8;4,6;64;60;62;291;11,1;8,9;
2026/05/11;1500 UTC;0;1019,3;1019,6;1018,6;2388,3;14,5;5,9;15,5;13,4;6,9;5,3;61;49;57;323;9,8;8,1;
2026/05/11;1600 UTC;0;1018,8;1019;1018,5;2456,6;15,8;5,7;16,3;15,3;6,3;5,2;52;47;50;;;;
2026/05/11;1700 UTC;0;1018,3;1018,6;1018;1976,1;16,6;5,9;17,1;16,2;6,5;5,4;50;43;46;;;;
2026/05/11;1800 UTC;0;1018;1018,2;1017,8;1987,9;17,3;6;17,7;16,9;6,6;5,5;46;41;43;;;;
2026/05/11;1900 UTC;0;1018;1018,1;1017,9;1404;17,3;6,6;17,7;17;7,1;6,1;49;43;47;;;;
2026/05/11;2000 UTC;0;1018,1;1018,3;1017,9;699,6;17;6,4;17,2;16,5;6,7;6,1;50;45;47;249;4,1;3,1;
2026/05/11;2100 UTC;0;1018,4;1018,7;1018,2;93,6;15,3;6,2;16,5;14,3;6,6;5,7;58;49;55;288;3,9;1,9;
2026/05/11;2200 UTC;0;1018,8;1019,1;1018,7;0;14,1;5,9;14,4;13,6;6,1;5,6;60;58;59;297;4,3;2,5;
2026/05/11;2300 UTC;0;1019,1;1019,2;1019;0;12,6;5,4;13,6;11,1;5,6;5,3;72;60;64;332;2,3;1,6;
2026/05/12;0000 UTC;0;1019;1019,2;1018,9;0;11,8;5,2;12;11,4;5,6;4,9;70;64;67;310;2,5;1,6;
2026/05/12;0100 UTC;0;1019,1;1019,2;1019;0;10;5,1;11,2;9;5,7;4,8;82;68;75;303;2,9;1,4;
2026/05/12;0200 UTC;0;1019;1019,2;1018,9;0;8,7;4,9;9,9;7,5;5,2;4,5;88;73;81;298;,9;,4;
2026/05/12;0300 UTC;0;1018,8;1019;1018,6;0;7;4,9;7,5;6,5;5,3;4,5;91;87;89;337;1,5;1;
2026/05/12;0400 UTC;0;1018,6;1018,7;1018,4;0;7,4;4,6;8,6;6,5;4,9;4,3;91;79;86;339;1,8;1,3;
2026/05/12;0500 UTC;0;1018,3;1018,5;1018,2;0;7,6;4,5;9,1;6,3;4,8;4,2;91;76;84;294;3,3;1,8;
2026/05/12;0600 UTC;0;1018;1018,2;1017,7;0;8,1;4,5;9,4;6,4;4,8;4,3;92;74;82;259;,8;,5;
2026/05/12;0700 UTC;0;1017,5;1017,8;1017,2;0;6;4,7;6,3;5,6;5,1;4,2;95;92;94;347;2;1,5;
2026/05/12;0800 UTC;0;1017,1;1017,2;1017;0;6,6;4,4;8,5;5,1;5,3;4,1;97;78;89;335;3,5;2,3;
2026/05/12;0900 UTC;0;1016,8;1017;1016,7;0;8,1;4,1;8,9;7,4;4,2;3,9;84;76;80;230;2,2;1,3;
2026/05/12;1000 UTC;0;1016,8;1016,9;1016,7;0;6,8;4;8,1;6;5;3,6;92;79;86;31;2,4;1,8;
2026/05/12;1100 UTC;0;1017;1017,3;1016,7;174,4;6,6;4,7;7,1;6,2;5,2;4,3;93;89;91;67;2,1;1,5;
2026/05/12;1200 UTC;0;1017,3;1017,4;1017,2;809,7;9,8;6,2;12,1;7,1;7,1;5,1;90;69;82;294;11,5;10,6;
2026/05/12;1300 UTC;0;1017,5;1017,6;1017,4;1465,3;12,7;6,8;14,7;11,5;7,9;5,7;75;64;71;180;2,8;2,8;
2026/05/12;1400 UTC;0;1017,4;1017,6;1016,9;2048,1;16,3;6,8;17,1;15;8,2;6,3;66;48;53;180;2,8;2,8;
2026/05/12;1500 UTC;0;1016,6;1017,1;1016;2330,9;17,8;7,1;18,8;17;7,9;6,6;51;41;46;180;2,8;1,1;
2026/05/12;1600 UTC;0;1015,6;1016,1;1015,1;2430,6;19,5;7,8;20,2;18,7;8,5;7;45;38;41;225;1,9;,2;
2026/05/12;1700 UTC;0;1014,5;1015;1014,2;1901,1;20,6;8;21,1;20,1;8,8;7,4;42;34;37;270;2,8;1,4;
2026/05/12;1800 UTC;0;1014;1014,4;1013,5;1959,3;21,2;7,8;21,7;20,9;8,5;7,1;37;29;33;286;9,8;4,3;
2026/05/12;1900 UTC;0;1013,2;1013,5;1012,9;1393,3;21,3;7;21,5;21,1;7,5;6,4;31;26;29;289;8,4;4,6;
2026/05/12;2000 UTC;0;1012,9;1013;1012,8;699,1;20,7;6,5;21,2;20,1;7,1;6,2;32;26;29;292;5,1;2,8;
2026/05/12;2100 UTC;0;1013;1013,2;1012,9;91,2;18,8;5,6;20;17,4;6,4;5,2;41;31;34;266;5;2,2;
2026/05/12;2200 UTC;0;1013,2;1013,3;1013;0;16;5,3;17,1;15,3;5,8;4,7;50;41;47;272;3,6;2,2;
2026/05/12;2300 UTC;0;1013,5;1013,7;1013,3;0;13,9;5,7;16,4;11,1;6,2;5,3;72;48;59;327;1,4;,8;
2026/05/13;0000 UTC;0;1013,6;1013,7;1013,5;0;11,7;5,1;12,6;9,5;5,5;4,9;77;63;67;181;1,9;1;
2026/05/13;0100 UTC;0;1013,7;1013,9;1013,5;0;12,4;5,9;14,7;9,1;6,6;4,9;80;60;68;293;5;2,7;
2026/05/13;0200 UTC;0;1014;1014,3;1013,8;0;14,9;6,8;15,1;14,7;6,9;6,6;60;58;59;291;6;3,3;
2026/05/13;0300 UTC;0;1014,3;1014,4;1014,2;0;14,6;6,9;14,8;14,3;7;6,7;62;60;62;287;5,2;3,2;
2026/05/13;0400 UTC;0;1014,4;1014,6;1014,3;0;14,5;7,1;14,8;14,2;7,2;6,9;65;61;63;261;7,1;4,1;
2026/05/13;0500 UTC;0;1014,6;1014,7;1014,5;0;14,4;7,2;14,6;14,2;7,4;7,1;65;63;64;274;6,6;3,9;
2026/05/13;0600 UTC;0;1014,3;1014,8;1013,9;0;14,9;7,4;15,2;14,6;7,5;7,3;64;61;63;275;7,3;4;
2026/05/13;0700 UTC;0;1013,8;1014;1013,5;0;15,1;7,5;15,3;15;7,6;7,4;63;61;62;277;6,6;4;
2026/05/13;0800 UTC;0;1013,6;1014;1013,5;0;14,6;7,6;15,1;13,6;7,7;7,5;69;63;65;250;6,8;4;
2026/05/13;0900 UTC;0;1014,1;1014,4;1013,9;0;12,8;7,4;13,7;12,4;7,5;7,4;75;69;73;266;4,2;2,7;
2026/05/13;1000 UTC;0;1014,7;1015,1;1014,3;0;11,9;7,3;12,5;11,2;7,4;7,3;81;74;77;253;3,4;2,2;
2026/05/13;1100 UTC;0;1015,5;1016,1;1015,1;138,3;11,5;7,4;12;11,2;7,7;7,2;81;78;79;255;5,8;3,1;
2026/05/13;1200 UTC;0;1016,5;1017;1016,1;721,2;12,9;8;13,6;12;8,4;7,6;78;73;75;233;5,4;4;
2026/05/13;1300 UTC;0;1017,2;1017,4;1017;1356;14;9,2;14,5;13,6;10;8,2;78;73;76;;;;
2026/05/13;1400 UTC;0;1017,4;1017,5;1017,3;1447,2;14,8;10,5;16;14,4;11;10;80;75;78;;;;
2026/05/13;1500 UTC;0;1017,4;1017,6;1017,1;2091,1;16,3;10,6;17;15,4;11,3;10,2;76;68;71;;;;
2026/05/13;1600 UTC;0;1016,7;1017,1;1016,3;2369,9;17,4;10,7;18;16,8;11,3;10,2;71;62;66;;;;
2026/05/13;1700 UTC;0;1015,9;1016,3;1015,5;1820,1;18,2;10,7;18,5;17,6;11,3;10,2;67;60;62;;;;
2026/05/13;1800 UTC;0;1015,2;1015,5;1015;1864,6;18,9;10,9;19,3;18,4;11,3;10,4;62;58;60;;;;
2026/05/13;1900 UTC;0;1015,2;1015,3;1014,9;1299,8;19,2;11;19,4;19;11,4;10,7;61;57;59;;;;
2026/05/13;2000 UTC;0;1015,2;1015,3;1015,1;635,6;18,8;11,1;19,1;18,3;11,4;10,8;64;60;61;;;;
2026/05/13;2100 UTC;0;1015,1;1015,2;1014,9;78,2;17,2;10,9;18,2;15,8;11,4;10,6;75;64;69;196;2,3;1,6;
2026/05/13;2200 UTC;0;1015,5;1015,7;1015,2;0;15;10,5;15,7;14,2;11;10,2;81;74;78;186;2,4;1,2;
2026/05/13;2300 UTC;0;1016;1016,3;1015,7;0;13,2;10,3;14,1;12,3;10,5;10;90;81;86;69;1,8;1;
2026/05/14;0000 UTC;0;1016,4;1016,6;1016,2;0;12,1;10,8;12,5;11,5;11,2;10,5;96;90;93;85;,7;,5;
2026/05/14;0100 UTC;0;1016,3;1016,6;1016;0;11,1;10,6;11,5;10,7;10,9;10,3;98;96;97;304;,6;,6;
2026/05/14;0200 UTC;0;1016,3;1016,6;1016;0;10,6;10,3;10,9;10,3;10,6;10;99;98;99;259;1,6;,9;
2026/05/14;0300 UTC;0;1016,6;1017;1016,2;0;11;10,7;11,5;10,7;11,2;10,3;99;98;98;257;1,3;1,3;
2026/05/14;0400 UTC;0;1016,7;1016,9;1016,4;0;11,4;10,8;11,7;10,9;11,1;10,3;98;96;97;246;1,7;1,4;
2026/05/14;0500 UTC;;;;;;;;;;;;;;;;;;
2026/05/14;0600 UTC;0;1016,6;1016,8;1016,4;0;10,8;9,8;11;10,5;9,9;9,5;95;94;95;245;1,7;1,3;
2026/05/14;0700 UTC;0;1016,3;1016,4;1016,2;0;9,7;9,2;10,4;9,3;9,7;8,9;99;95;97;283;,8;,8;
2026/05/14;0800 UTC;0;1016,8;1017,2;1016,3;0;9,3;9,1;9,7;9,1;9,5;8,8;100;98;99;236;4,2;2,9;
2026/05/14;0900 UTC;0;1017,2;1017,4;1017;0;9,5;8,5;9,7;9,2;9;8,2;99;93;95;256;4,1;2,6;
2026/05/14;1000 UTC;0;1017,7;1018,1;1017,4;0;9,8;8,3;10;9,5;8,4;8,1;94;91;93;243;3,3;2,5;
2026/05/14;1100 UTC;0;1017,8;1018;1017,7;93,9;9,9;8,3;10,1;9,8;8,5;8,1;92;91;92;265;8,2;3,5;
2026/05/14;1200 UTC;0;1018,2;1018,9;1017,8;654,2;10,8;8,5;12;10,2;9,2;8,2;91;82;89;341;10,8;9;
2026/05/14;1300 UTC;0;1019,3;1019,6;1018,9;1455,3;12,7;8,5;13,8;12;9;7,7;83;71;79;349;13,3;11;
2026/05/14;1400 UTC;0;1019,8;1019,9;1019,6;1845,2;14,2;8,4;15;13,5;8,9;7,7;76;67;71;344;12,5;10,3;
2026/05/14;1500 UTC;0;1019,4;1019,8;1019;2100,8;14,8;8,6;15,9;14;9,1;7,8;74;61;69;321;17,6;15,3;
2026/05/14;1600 UTC;0;1018,8;1019,2;1018,3;1807,1;16,2;7,6;16,6;15,7;8,4;6,9;63;53;57;354;19,3;17;
2026/05/14;1700 UTC;0;1018,3;1018,5;1018,2;1442,5;16,6;7,3;17;16,1;7,9;6,6;58;49;54;219;6,8;5;
2026/05/14;1800 UTC;0;1018,2;1018,4;1018,1;1717;16,4;6,8;16,7;15,9;7,4;6,1;56;50;52;212;6,4;4,3;
2026/05/14;1900 UTC;0;1018,2;1018,3;1018,1;1059,5;15,9;5,5;16,2;15,6;6,2;4,9;51;45;48;205;5,4;3,7;
2026/05/14;2000 UTC;0;1018,4;1018,7;1018,2;556;15,4;7,3;15,9;14,7;8;5,8;65;50;60;210;6,6;3,8;
2026/05/14;2100 UTC;0;1019;1019,2;1018,7;60,4;13,5;7,9;14,7;12,5;8,1;7,5;78;64;72;210;3,7;2,3;
2026/05/14;2200 UTC;0;1019,5;1019,8;1019,2;0;11,6;8;12,5;11;8,3;7,7;84;78;82;226;4,1;3;
2026/05/14;2300 UTC;0;1020;1020,2;1019,8;0;10,5;7,7;11,1;9,9;7,9;7,6;89;83;86;271;1,8;1,1;
2026/05/15;0000 UTC;0;1020,3;1020,5;1020,2;0;9,5;8,1;9,9;9,2;8,6;7,8;96;90;93;252;2,1;1,5;
2026/05/15;0100 UTC;0;1020,6;1020,8;1020,5;0;9,9;8,1;10;9,6;8,5;7,9;94;90;91;254;2,2;1,3;
2026/05/15;0200 UTC;0;1020,8;1020,8;1020,7;0;9;7,7;9,8;8,6;7,9;7,3;96;91;94;268;2,1;1,4;
2026/05/15;0300 UTC;0;1020,7;1020,8;1020,6;0;9,5;7,8;9,8;8,9;8;7,6;95;90;91;254;3,4;2,3;
2026/05/15;0400 UTC;0;1020,6;1020,7;1020,5;0;9,3;7,9;9,8;8,9;8,1;7,8;95;91;93;244;2,7;1,8;
2026/05/15;0500 UTC;0;1020,6;1020,7;1020,5;0;8,7;8;9;8,2;8,2;7,5;98;95;96;246;3;1,4;
2026/05/15;0600 UTC;0;1020,4;1020,5;1020,3;0;8,6;8,2;8,7;8,4;8,3;8;98;97;98;255;2,6;1,5;
2026/05/15;0700 UTC;0;1020,1;1020,3;1020;0;7,7;7,4;8,7;7;8,3;6,8;99;97;98;250;1,5;1,2;
2026/05/15;0800 UTC;0;1020;1020,1;1019,9;0;6,6;6,5;7,1;5,9;7;5,8;100;99;100;229;1,4;1,1;
2026/05/15;0900 UTC;0;1020,2;1020,3;1020,1;0;5,7;5,7;6,6;5;6,7;5,1;100;100;100;267;1;,6;
2026/05/15;1000 UTC;0;1020,3;1020,4;1020,2;0;6;6,1;6,8;5,1;6,9;5,2;100;100;100;285;4,9;2,9;
2026/05/15;1100 UTC;0;1020,7;1020,9;1020,3;166;6;6;7,3;4,9;7,4;4,7;100;99;100;342;5,4;3,7;
2026/05/15;1200 UTC;0;1021,1;1021,4;1020,9;809,9;9,1;8,3;10,4;7,5;9,1;7,6;100;93;96;342;8,1;6,8;
2026/05/15;1300 UTC;0;1021,3;1021,4;1021,2;1418,2;11,2;9,4;12,2;10,4;10,2;8,9;94;88;91;347;10,9;8,8;
2026/05/15;1400 UTC;0;1021,4;1021,6;1021,3;2112;13;9,7;13,8;12,1;10,2;9,3;89;79;84;346;13,1;10,8;
2026/05/15;1500 UTC;0;1021;1021,3;1020,6;2322,5;14,7;9,4;15,5;13,6;10,1;8,6;81;68;74;196;17,3;15,4;
2026/05/15;1600 UTC;0;1020;1020,5;1019,6;2780,9;16,6;9,1;17,8;15,2;9,9;8,5;68;55;63;323;19,8;2,1;
2026/05/15;1700 UTC;0;1019,1;1019,6;1018,6;1934;17,2;8,3;17,9;16,7;9,2;7,8;60;53;56;352;,5;,5;
2026/05/15;1800 UTC;0;1018,3;1018,6;1018,2;2087,5;17,7;8,6;18,3;17,1;9,4;8,1;57;52;54;352;0;0;
2026/05/15;1900 UTC;0;1018,1;1018,2;1017,9;737,2;16,6;8,6;18;15,6;9,2;8;65;53;60;81;3,5;2;
2026/05/15;2000 UTC;0;1017,8;1017,9;1017,8;203,4;15,2;8,2;15,6;14,8;8,4;8,1;68;62;65;87;4;1,9;
2026/05/15;2100 UTC;0;1017,7;1017,9;1017,6;71,9;13,8;8,6;14,9;12,3;8,8;8,5;82;68;74;95;2,6;1,6;
2026/05/15;2200 UTC;0;1017,4;1017,6;1017,2;0;11,6;8,9;12,3;11;9,2;8,6;88;82;86;106;3;1,9;
2026/05/15;2300 UTC;0;1017,5;1018;1017,2;0;10,3;8,4;11;10;8,7;8,2;92;89;90;111;2;1,3;
2026/05/16;0000 UTC;0;1017,9;1018;1017,7;0;10;8,2;10,4;9,6;8,4;7,8;94;88;91;67;1,8;1,3;
2026/05/16;0100 UTC;0;1018;1018,1;1017,9;0;9;7,9;9,9;8,2;8,4;7,6;98;92;95;264;,8;,5;
2026/05/16;0200 UTC;0;1018,2;1018,3;1018,1;0;7,7;7,4;8,2;7,4;7,9;7,1;99;97;98;279;1,1;,7;
2026/05/16;0300 UTC;0;1018,2;1018,3;1018;0;7,4;7,2;7,7;7,2;7,6;7;100;99;99;246;1;,7;
2026/05/16;0400 UTC;0;1017,6;1018;1016,9;0;6,5;6,4;7,2;5,6;7,1;5,5;100;99;99;150;1,6;1,2;
2026/05/16;0500 UTC;0;1016,8;1017,1;1016,3;0;5,6;5,6;6,1;5,2;6,1;5,1;100;99;100;84;1;,8;
2026/05/16;0600 UTC;0;1016,6;1016,8;1016,2;0;5,4;5,5;5,7;5;5,7;5,1;100;100;100;241;1,5;1;
2026/05/16;0700 UTC;0;1016,3;1016,6;1015,9;0;5,1;5,1;5,5;4,3;5,5;4,3;100;100;100;83;1,5;,7;
2026/05/16;0800 UTC;0;1015,8;1016;1015,6;0;4,9;5;5,2;4,5;5,2;4,5;100;100;100;231;2;1,7;
2026/05/16;0900 UTC;0;1016;1016,1;1015,9;0;5,1;5,2;5,5;4,6;5,6;4,6;100;100;100;199;1,7;,5;
2026/05/16;1000 UTC;0;1016,4;1016,6;1016,1;0;5,6;5,7;5,9;5,5;5,9;5,5;100;100;100;210;1,7;1,3;
2026/05/16;1100 UTC;0;1016,5;1016,6;1016,3;101,3;5,7;5,8;6,7;5,4;6,8;5,5;100;100;100;93;3,7;,4;
2026/05/16;1200 UTC;0;1016,6;1017;1016,3;378,8;7,3;7,3;7,9;6,8;7,8;6,8;100;99;100;345;4,9;3,5;
2026/05/16;1300 UTC;0;1017,3;1017,6;1017;861,3;9,2;8,6;11;7,9;9,9;7,5;99;93;97;347;8,7;7;
2026/05/16;1400 UTC;0;1017,6;1017,9;1017,5;1229,6;12,3;9,9;13,6;11;10,5;9,5;94;82;88;350;13,5;11,4;
2026/05/16;1500 UTC;0;1017;1017,5;1016,4;2120,7;15,3;10,1;16,9;13,5;10,7;9,6;83;65;74;35;20,3;18,4;
2026/05/16;1600 UTC;0;1016,1;1016,4;1015,9;1285,2;16,7;10,6;17,4;16,4;11,3;9,8;72;67;69;33;21;19,2;
2026/05/16;1700 UTC;0;1015,4;1015,9;1014,9;1210;17,3;11,3;18,2;16,6;11,9;10,9;73;66;70;128;,2;,1;
2026/05/16;1800 UTC;0;1014,9;1015;1014,8;798,7;17,9;12,2;18,6;17,5;12,6;11,5;75;68;71;;;;
2026/05/16;1900 UTC;0;1014,9;1015;1014,7;383,6;17,3;12,4;17,6;16,9;12,7;12,1;77;74;75;;;;
2026/05/16;2000 UTC;0;1015,3;1015,5;1015;119,9;16,5;12;17;16,1;12,2;11,9;80;76;78;;;;
2026/05/16;2100 UTC;0;1015,6;1015,7;1015,5;10,9;15,8;12;16,1;15,5;12,1;11,9;83;79;81;;;;
2026/05/16;2200 UTC;0;1015,9;1016,1;1015,8;0;15,3;12,1;15,5;15,1;12,2;12;85;83;84;;;;
2026/05/16;2300 UTC;0;1016,3;1016,7;1016;0;14,9;12;15,1;14,8;12,1;11,9;86;85;85;;;;
2026/05/17;0000 UTC;0;1016,8;1017,2;1016,7;0;14,6;12;14,8;14,3;12,1;11,9;89;86;87;;;;
2026/05/17;0100 UTC;0;1017,3;1017,5;1017,2;0;14,4;12,1;14,5;14,3;12,2;12;89;88;88;;;;
2026/05/17;0200 UTC;0;1017,5;1017,6;1017,3;0;14,2;12,1;14,4;13,7;12,2;12;92;88;90;;;;
2026/05/17;0300 UTC;0;1017,4;1017,7;1016,9;0;13,7;12,2;13,9;13,5;12,3;12,1;93;92;93;;;;
2026/05/17;0400 UTC;0;1017,2;1017,4;1016,9;0;13,5;12,1;13,6;13,5;12,2;12;93;92;93;;;;
2026/05/17;0500 UTC;0;1016,4;1017;1016;0;13,1;12;13,5;12,6;12,1;11,9;97;93;95;;;;
2026/05/17;0600 UTC;0;1016,5;1016,6;1016,4;0;12,9;12;13,2;12,6;12,1;11,9;97;94;95;;;;
2026/05/17;0700 UTC;0;1016,4;1016,6;1016,2;0;13,2;12;13,2;13,1;12;11,9;94;94;94;;;;
2026/05/17;0800 UTC;0;1016,2;1016,3;1016;0;13,1;12;13,2;13;12,1;11,9;95;94;95;;;;
2026/05/17;0900 UTC;0;1016;1016,5;1015,8;0;12,8;11,8;13,1;12,7;11,9;11,7;95;94;95;;;;
2026/05/17;1000 UTC;0;1016,5;1016,8;1016,1;0;13;11,4;13,2;12,8;11,7;11,3;94;91;92;;;;
2026/05/17;1100 UTC;0;1016,2;1016,6;1016;40,4;12,7;11,5;12,9;12,6;11,5;11,4;95;93;94;;;;
2026/05/17;1200 UTC;0;1016,7;1017,3;1016,4;206;13,3;11,5;13,5;12,9;11,7;11,4;93;90;91;;;;
2026/05/17;1300 UTC;0;1017,6;1017,8;1017,1;342,5;13,5;11,6;13,9;13,3;11,8;11,4;91;89;90;;;;
2026/05/17;1400 UTC;0;1017,8;1017,9;1017,7;515,8;14,1;11,8;14,6;13,8;12,1;11,6;90;86;89;;;;
2026/05/17;1500 UTC;0;1017,8;1017,9;1017,7;637;14,9;12,2;15,6;14,4;12,4;11,9;88;84;87;;;;
2026/05/17;1600 UTC;0;1017,4;1017,8;1017,1;1161,4;16,4;12,2;16,8;15,6;12,6;11,8;84;76;79;;;;
2026/05/17;1700 UTC;0;1016,8;1017,2;1016,6;1029,2;17;12,5;17,7;16,3;13;11,9;81;72;77;;;;
2026/05/17;1800 UTC;0;1016,7;1016,8;1016,5;885,7;17;12,3;17,6;16,2;12,6;11,8;82;71;77;;;;
2026/05/17;1900 UTC;0;1016,8;1017,1;1016,6;356,8;16,8;11,5;17,5;16,6;11,8;11,1;75;71;73;;;;
2026/05/17;2000 UTC;0;1017,5;1017,9;1017;83,7;16;11,4;16,8;15,4;11,8;11;80;72;77;;;;
2026/05/17;2100 UTC;0;1018,3;1018,7;1017,8;29,7;14,5;10,8;15,4;13,5;11,2;10,4;85;78;81;;;;
2026/05/17;2200 UTC;0;1019;1019,5;1018,7;0;13,7;10,2;13,9;13,4;10,5;9,8;85;80;82;;;;
2026/05/17;2300 UTC;0;1019,8;1020,4;1019,3;0;13,5;9,5;13,6;13,3;9,9;9,1;81;79;80;;;;
2026/05/18;0000 UTC;0;1020,4;1020,5;1020,3;0;13;8,7;13,3;12,6;9,3;8,2;80;77;79;;;;
2026/05/18;0100 UTC;0;1020,7;1020,9;1020,4;0;12,1;8;12,5;11,8;8,2;7,8;81;78;79;;;;
2026/05/18;0200 UTC;0;1021,1;1021,3;1020,9;0;11,7;7,8;11,8;11,5;8;7,6;82;80;81;;;;
2026/05/18;0300 UTC;0;1021,5;1021,7;1021,4;0;11,3;7,4;11,5;11,1;7,8;7,1;83;78;80;231;5,7;3,2;
2026/05/18;0400 UTC;0;1021,8;1021,9;1021,7;0;10,6;7,4;11,1;10,3;7,9;6,9;85;83;84;243;6,3;4;
2026/05/18;0500 UTC;0;1021,9;1022,1;1021,8;0;10,1;6,9;10,3;9,7;7;6,8;86;83;84;238;6,3;4,4;
2026/05/18;0600 UTC;0;1021,9;1022;1021,7;0;9,1;6,6;9,7;8,8;6,9;6,4;89;86;88;268;4,4;3;
2026/05/18;0700 UTC;0;1021,8;1022;1021,7;0;8,6;6,2;8,7;8,5;6,4;5,9;89;87;88;254;5,8;4;
2026/05/18;0800 UTC;0;1021,9;1022;1021,7;0;8,4;5,5;8,6;8,2;5,9;5;88;82;85;242;6,7;4,7;
2026/05/18;0900 UTC;0;1022;1022,1;1021,8;0;8;4,7;8,4;7,8;5,1;4,4;85;83;84;241;6,2;4,1;
2026/05/18;1000 UTC;0;1022,4;1022,7;1022,1;0;7,6;4,5;7,9;7,3;4,6;4,4;86;83;85;243;6,7;4,4;
2026/05/18;1100 UTC;0;1022,9;1023,1;1022,7;117,1;7,5;4,5;8,1;7,3;4,7;4,4;86;83;85;245;5,9;3,8;
2026/05/18;1200 UTC;0;1023,5;1023,9;1023,1;697,7;8,9;5,1;9,8;8,1;5,6;4,6;84;79;81;301;7,3;5,5;
2026/05/18;1300 UTC;0;1024,1;1024,4;1023,9;1345,5;10,7;6,3;12;9,8;7;5,6;80;75;78;333;10,7;8;
2026/05/18;1400 UTC;0;1024,4;1024,5;1024,2;1909,1;12,9;7,3;14;11,8;7,9;6,8;76;68;72;334;6,3;6,3;
2026/05/18;1500 UTC;0;1024,2;1024,3;1024;2198,8;14,6;7,6;15,8;13,6;8;7,3;70;60;65;;;;
2026/05/18;1600 UTC;0;1023,8;1024;1023,5;1711,4;15,1;7,5;15,8;14,5;8;7,1;65;59;62;;;;
2026/05/18;1700 UTC;0;1023,4;1023,6;1023,2;1300,6;15,3;7,2;16,2;14,5;7,6;6,7;63;54;59;;;;
2026/05/18;1800 UTC;0;1023,1;1023,3;1022,9;1450,3;15,5;7,2;16,3;15;7,6;7;61;55;59;;;;
2026/05/18;1900 UTC;0;1022,8;1022,9;1022,6;1081;15,6;7,2;16,2;14,9;7,5;6,7;62;55;58;;;;
2026/05/18;2000 UTC;0;1022,8;1022,9;1022,6;620,4;15,3;7,2;15,8;14,6;7,4;6,9;64;56;59;;;;
2026/05/18;2100 UTC;0;1022,9;1023;1022,8;66,9;13,2;7,1;14,6;11,8;7,4;6,9;76;64;70;231;2,7;1,7;
2026/05/18;2200 UTC;0;1023,1;1023,3;1022,9;0;10,7;6,8;11,7;9,7;7;6,6;86;76;80;259;1,6;1;
2026/05/18;2300 UTC;0;1023,3;1023,4;1023,3;0;9;6,9;10;8,4;7,1;6,6;92;84;89;250;1,4;,9;
2026/05/19;0000 UTC;0;1023,4;1023,5;1023,3;0;7,8;6,6;8,4;7,2;7;6,3;96;92;94;322;1,3;,9;
2026/05/19;0100 UTC;0;1023,5;1023,6;1023,5;0;7,2;6,5;7,6;6,7;7,1;6;98;95;96;322;2;1,3;
2026/05/19;0200 UTC;0;1023,6;1023,7;1023,4;0;6,6;5,9;7,2;6,3;6,4;5,5;98;95;96;286;1,4;,7;
2026/05/19;0300 UTC;0;1023,3;1023,5;1023;0;5,7;5,3;6,3;5,2;5,8;4,7;99;97;98;332;1,4;,7;
2026/05/19;0400 UTC;0;1023,1;1023,2;1023;0;5,4;5,2;5,7;4,9;5,5;4,7;99;99;99;194;1;,5;
2026/05/19;0500 UTC;0;1022,8;1023;1022,6;0;5,2;5;5,7;4,7;5,6;4,5;100;98;99;323;2,3;1,4;
2026/05/19;0600 UTC;0;1022,3;1022,6;1022,1;0;6,1;5,2;6,6;5,4;5,7;4,9;99;92;96;310;3,2;2,4;
2026/05/19;0700 UTC;0;1021,9;1022,1;1021,8;0;6,5;4,5;6,9;5,4;5;3,9;93;89;90;267;1,3;,4;
2026/05/19;0800 UTC;0;1021,8;1021,9;1021,8;0;4,6;3,9;5,4;4,4;4,2;3,5;98;94;97;258;1,2;,4;
2026/05/19;0900 UTC;0;1021,8;1021,9;1021,7;0;4,3;4;4,5;4,1;4,3;3,8;99;98;99;274;2,1;1,1;
2026/05/19;1000 UTC;0;1022;1022,1;1021,8;0;5,2;4,2;6,8;4,2;4,7;3,7;99;85;95;269;2,5;1,6;
2026/05/19;1100 UTC;0;1022,4;1022,6;1022,1;126,7;5,8;3,5;7;4,5;4,3;2,2;95;81;88;316;1,2;,6;
2026/05/19;1200 UTC;0;1022,8;1023;1022,6;690,1;8,4;5;10,4;5,7;5,8;4,3;93;74;83;353;10;8,6;
2026/05/19;1300 UTC;0;1023,1;1023,2;1023;1060,5;11,6;5,5;12,7;10,4;6;4,9;76;62;69;343;12,7;10,7;
2026/05/19;1400 UTC;0;1023,2;1023,3;1023,1;1886,9;13,4;5,4;14,2;12,5;6,2;5;66;56;60;344;14,8;11,9;
2026/05/19;1500 UTC;0;1022,8;1023,1;1022,5;2270,3;14,7;5,4;15,3;14;6;4,7;57;50;54;325;14,2;9,8;
2026/05/19;1600 UTC;0;1022,4;1022,7;1021,8;2350,7;15,2;5,7;15,8;14,7;6,3;4,9;54;50;52;;;;
2026/05/19;1700 UTC;0;1021,3;1021,8;1020,9;1924,1;16;5,9;16,4;15,4;6,5;5,4;53;45;50;;;;
2026/05/19;1800 UTC;0;1020,5;1020,9;1020,2;1870,8;16,8;5,2;17,2;16,4;5,6;4,6;46;39;42;;;;
2026/05/19;1900 UTC;0;1020,2;1020,3;1020;1318,6;16,8;4,5;17;16,5;5,5;4,1;43;37;39;255;6,7;4,4;
2026/05/19;2000 UTC;0;1020;1020,1;1019,9;629,8;16,4;4,8;16,7;15,7;5,2;4,5;46;39;42;256;5,2;2,9;
2026/05/19;2100 UTC;0;1020,2;1020,3;1020;68,3;14,1;4,7;15,6;12,4;4,9;4,5;61;45;53;256;2,2;1,6;
2026/05/19;2200 UTC;0;1020,5;1020,6;1020,3;0;12,1;4,3;12,4;11,8;4,6;4;62;59;61;264;2,9;1,9;
2026/05/19;2300 UTC;0;1020,7;1020,7;1020,6;0;11,4;4,1;11,8;10,3;4,2;4;69;62;64;316;3,1;2,3;
2026/05/20;0000 UTC;0;1020,7;1020,8;1020,6;0;9,8;4;10,3;9,2;4,1;4;74;69;71;314;3;2,1;
2026/05/20;0100 UTC;0;1020,8;1020,8;1020,6;0;9,3;3,9;10;8,3;4;3,8;78;70;73;301;3,2;2;
2026/05/20;0200 UTC;0;1020,8;1020,9;1020,8;0;8,9;3,7;9,5;8,3;3,8;3,6;78;71;74;299;3,6;2,2;
2026/05/20;0300 UTC;0;1020,9;1021;1020,8;0;8,3;3,5;8,8;8;3,6;3,5;77;74;76;290;3,7;2,3;
2026/05/20;0400 UTC;0;1020,8;1020,9;1020,7;0;10;3,9;10,5;8,7;4;3,5;74;67;69;273;5,2;3;
2026/05/20;0500 UTC;0;1020,5;1020,8;1020,3;0;10,4;4,1;10,5;10,1;4,3;3,9;70;68;69;267;5,9;3,3;
2026/05/20;0600 UTC;0;1020,2;1020,3;1020;0;10,4;4,4;10,6;10,2;4,6;4,3;72;69;70;265;5,3;3,3;
2026/05/20;0700 UTC;0;1020;1020,1;1019,9;0;10,3;4,5;10,5;10,1;4,6;4,4;72;70;71;265;5,9;3,7;
2026/05/20;0800 UTC;0;1019,6;1019,9;1019,4;0;10,4;4,6;10,7;10,2;4,7;4,5;72;70;71;268;6,6;3,6;
2026/05/20;0900 UTC;0;1019,5;1019,7;1019,3;0;10,5;4,7;10,7;10,1;4,7;4,6;73;70;71;266;6;3,5;
2026/05/20;1000 UTC;0;1019,9;1020,1;1019,6;0;10,1;4,8;10,3;10;4,8;4,7;74;72;73;270;6,9;4;
2026/05/20;1100 UTC;0;1020,3;1020,6;1020;115,1;10,5;4,9;10,9;10,1;5;4,8;74;70;72;265;6,7;4,4;
2026/05/20;1200 UTC;0;1020,8;1020,9;1020,6;680,5;11,8;5,1;12,6;10,9;5,4;4,9;70;64;67;251;7,1;5;
2026/05/20;1300 UTC;0;1021,1;1021,4;1020,8;1314,7;13,4;5,5;14,3;12,7;6,1;5,1;64;58;61;256;9,7;7,5;
2026/05/20;1400 UTC;0;1021,6;1021,8;1021,3;1868,5;14,6;6,2;15;14,1;6,7;5,8;59;57;58;281;12,5;9,6;
2026/05/20;1500 UTC;0;1021,5;1021,8;1021,2;2213;15,6;7,2;16,3;14,8;7,9;6,5;60;56;58;343;14,7;11,3;
2026/05/20;1600 UTC;0;1021,2;1021,4;1021;2320,4;17;8,3;17,5;16,2;9,1;7,6;59;54;57;332;10,8;10,8;
2026/05/20;1700 UTC;0;1020,9;1021,2;1020,7;1816,9;17,2;8,7;17,8;16,7;9,1;8,2;59;55;57;338;14;11,4;
2026/05/20;1800 UTC;0;1020,6;1020,8;1020,4;1770,8;17,2;8,3;17,6;16,8;9;7,6;57;52;55;331;8,3;8,3;
2026/05/20;1900 UTC;0;1020,8;1021,1;1020,5;1253;17,2;7,9;17,5;16,9;8,3;7,5;56;51;53;331;8,3;8,3;
2026/05/20;2000 UTC;0;1021,5;1022,1;1020,9;581,1;16;7,1;16,9;14,8;7,6;6,7;61;53;56;195;8,7;5;
2026/05/20;2100 UTC;0;1022;1022,1;1021,7;58,6;13,7;6,7;14,8;12,8;7;6,2;67;61;65;227;4,2;3,1;
2026/05/20;2200 UTC;0;1022,3;1022,5;1022;0;12;6,2;12,7;11,7;6,3;5,9;72;67;71;231;4,8;3,1;
2026/05/20;2300 UTC;0;1023;1023,4;1022,5;0;11,9;6,8;12,6;11,2;8,1;5,9;85;70;75;222;4,8;2,8;
2026/05/21;0000 UTC;0;1023,6;1023,8;1023,4;0;11,1;8,8;11,3;10,9;9,4;8,1;91;85;89;228;3,4;2,4;
2026/05/21;0100 UTC;0;1024;1024,2;1023,9;0;11,6;9;11,8;11,3;9,4;8,1;90;82;87;231;8,2;4,9;
2026/05/21;0200 UTC;0;1024,3;1024,5;1024,1;0;11,4;8,5;11,5;11,2;9,2;8;90;83;86;226;3,1;3,1;
2026/05/21;0300 UTC;0;1024,5;1024,6;1024,4;0;11;7,6;11,2;10,8;9,1;6,9;90;80;83;235;4,8;3,3;
2026/05/21;0400 UTC;0;1024,5;1024,6;1024,5;0;10,6;6,3;10,8;10,6;6,9;5,9;81;77;78;233;5,8;3,9;
2026/05/21;0500 UTC;0;1024,6;1024,7;1024,5;0;9,6;6;10,5;8,8;6,1;5,9;86;78;82;230;5,1;3,4;
2026/05/21;0600 UTC;0;1024,4;1024,6;1024,3;0;8,3;5,8;8,9;8;6;5,7;89;86;87;234;5,8;3,7;
2026/05/21;0700 UTC;0;1024,5;1024,6;1024,4;0;7,8;5,4;8,1;7,4;5,7;5,1;89;88;88;237;5,2;3,5;
2026/05/21;0800 UTC;0;1024,5;1024,6;1024,5;0;7,2;4,7;7,5;6,9;5,1;4,2;89;86;87;247;4,9;3,1;
2026/05/21;0900 UTC;0;1024,6;1024,7;1024,4;0;6,8;4,1;7;6,6;4,3;4;87;86;86;255;4,5;3;
2026/05/21;1000 UTC;0;1025;1025,2;1024,7;0;6,6;4,1;6,8;6,3;4,1;3,9;88;86;87;252;4,6;3,4;
2026/05/21;1100 UTC;0;1025,5;1025,9;1025,2;106,4;6,7;3,7;7;6,3;3,9;3,6;88;84;85;252;5,6;3,6;
2026/05/21;1200 UTC;0;1026,4;1026,7;1025,9;673,2;8,3;4,2;9,5;7;4,8;3,7;84;75;80;252;7,2;4,3;
2026/05/21;1300 UTC;0;1026,9;1027,2;1026,6;1314,6;10,5;5;11,6;9,5;5,8;4,4;75;70;73;324;9,3;6,6;
2026/05/21;1400 UTC;0;1027,1;1027,4;1026,9;1893,7;12,4;5,9;13,3;11,3;6,3;5,4;71;63;67;324;3,6;3,6;
2026/05/21;1500 UTC;0;1027,3;1027,5;1027,1;2318;14;6,2;14,7;13,2;6,6;5,6;64;57;61;325;4;4;
2026/05/21;1600 UTC;0;1027,1;1027,4;1026,8;1197,9;14,1;6,4;14,6;13,5;6,8;5,9;64;60;62;350;8,2;7,8;
2026/05/21;1700 UTC;0;1026,6;1026,8;1026,4;1191,1;14,4;6,6;14,7;14,1;6,9;6,3;63;60;61;355;7,7;7,7;
2026/05/21;1800 UTC;0;1026,3;1026,4;1026,2;834,2;14,3;6,7;14,8;14;7;6,3;64;59;62;355;7,7;7,7;
2026/05/21;1900 UTC;0;1026,4;1026,5;1026,2;665,6;14,5;6,3;15,1;14,2;7;5,8;62;57;59;246;7,7;5,1;
2026/05/21;2000 UTC;0;1026,6;1026,8;1026,5;186,3;13,6;7;14,2;12,9;7,8;6,3;74;61;67;165;4,6;2,5;
2026/05/21;2100 UTC;0;1026,9;1027;1026,8;21,9;12,4;8;12,9;11,8;8,2;7,7;82;74;78;180;3,9;2,2;
2026/05/21;2200 UTC;0;1027,2;1027,3;1027;0;11,6;8,1;11,8;11,3;8,3;7,8;85;81;82;198;6,6;3,2;
2026/05/21;2300 UTC;0;1027,4;1027,5;1027,2;0;11,5;7,8;11,6;11,3;8,2;7,5;85;80;82;180;2,4;2,4;
2026/05/22;0000 UTC;0;1027,7;1027,8;1027,4;0;10,1;7,7;11,3;9,4;7,9;7,4;91;82;88;244;2,6;1,7;
2026/05/22;0100 UTC;0;1027,9;1028;1027,7;0;9,4;7,5;9,5;9,2;7,7;7,2;92;90;91;257;8;3;
2026/05/22;0200 UTC;0;1027,6;1027,7;1027,5;0;8,9;7,5;9,3;8,5;7,7;7,3;94;91;93;240;2,7;2;
2026/05/22;0300 UTC;0;1027,6;1027,8;1027,5;0;8,4;7,3;8,6;8,2;7,4;7,1;95;94;95;312;6,6;4,7;
2026/05/22;0400 UTC;0;1027,4;1027,7;1027,1;0;8,6;7,5;8,7;8,5;7,6;7,4;95;94;94;343;6,1;5,5;
2026/05/22;0500 UTC;0;1027;1027,1;1027;0;8,8;7,7;8,9;8,6;7,8;7,5;95;94;95;342;6,7;5,9;
2026/05/22;0600 UTC;0;1027;1027,1;1026,8;0;8,5;7,6;8,7;8,4;7,8;7,5;96;95;96;341;6,3;5,5;
2026/05/22;0700 UTC;0;1026,8;1026,9;1026,7;0;8,3;7,6;8,5;8,2;7,7;7,4;97;96;96;337;6,2;5,3;
2026/05/22;0800 UTC;0;1026,9;1027;1026,8;0;8,3;7,6;8,5;8,1;7,8;7,4;97;96;96;333;6,4;4,9;
2026/05/22;0900 UTC;0;1027,2;1027,4;1027;0;8,5;7,8;8,6;8,3;7,9;7,6;97;96;97;338;6,5;5,4;
2026/05/22;1000 UTC;0;1027,7;1028,1;1027,4;0;8,3;7,6;8,5;8,2;7,7;7,4;97;96;96;330;5,5;4,7;
2026/05/22;1100 UTC;0;1028,2;1028,3;1028,1;43,9;8,4;7,6;8,8;8,3;7,8;7,4;96;95;96;331;5,7;4,9;
2026/05/22;1200 UTC;0;1028,3;1028,4;1028,2;451,8;9,3;7,9;10;8,8;8,5;7,6;95;91;93;336;7,4;6,1;
2026/05/22;1300 UTC;0;1028,5;1028,6;1028,2;865,4;10,6;8,5;11,4;9,8;8,8;8;92;86;89;343;9;7,3;
2026/05/22;1400 UTC;0;1028,5;1028,7;1028,4;1223,4;12,6;9,3;13,5;11,3;10;8,7;87;82;84;352;13,5;11,8;
2026/05/22;1500 UTC;0;1028,2;1028,5;1027,9;1127,6;14,5;10,1;15,2;13,5;10,7;9,7;83;75;78;49;16,7;14,1;
2026/05/22;1600 UTC;0;1027,6;1027,9;1027,1;718,3;15,3;9,9;15,8;14,9;10,4;9,4;77;69;73;10;18,2;15,6;
2026/05/22;1700 UTC;0;1026,8;1027,2;1026,5;722,5;15,6;9,6;15,9;15,3;9,9;9,2;72;68;70;7;18,8;17;
2026/05/22;1800 UTC;0;1026,2;1026,5;1026;684,8;15,8;9,8;16,2;15,5;10,2;9,5;72;68;70;11;18,7;15,5;
2026/05/22;1900 UTC;0;1025,8;1026;1025,7;425,5;15,2;10;15,5;15;10,2;9,9;76;72;74;11;16,3;13,1;
2026/05/22;2000 UTC;0;1026,1;1026,6;1025,8;243,9;14,7;10,2;15;14,4;10,4;10;80;75;77;9;16,7;14,1;
2026/05/22;2100 UTC;0;1026,8;1027;1026,6;27,7;14,1;10,6;14,4;13,7;10,7;10,3;85;80;83;8;15,3;14,3;
2026/05/22;2200 UTC;0;1026,9;1027;1026,8;0;13,5;10,8;13,7;13,2;10,9;10,7;88;85;87;50;14,7;13,7;
2026/05/22;2300 UTC;0;1027,1;1027,3;1026,9;0;12,8;10,8;13,1;12,6;10,9;10,7;91;88;90;287;13,6;12,7;
2026/05/23;0000 UTC;0;1027,1;1027,2;1026,9;0;12,7;11,2;12,8;12,6;11,6;10,9;95;91;92;220;13,5;12,3;
2026/05/23;0100 UTC;0;1027,1;1027,3;1026,8;0;12,6;11,6;12,7;12,3;11,7;11,4;95;95;95;106;13,4;12,6;
2026/05/23;0200 UTC;0;1026,9;1027;1026,8;0;12,3;11,5;12,4;12,2;11,6;11,4;97;95;96;356;13,1;12,7;
2026/05/23;0300 UTC;0;1026,9;1027;1026,8;0;12,2;11,6;12,2;12,1;11,8;11,4;98;96;97;354;12,5;11,7;
2026/05/23;0400 UTC;0;1026,8;1027;1026,7;0;12;11,7;12,1;12;11,8;11,6;99;98;98;354;13,5;11,8;
2026/05/23;0500 UTC;,2;1026,5;1026,8;1026,2;0;12;11,9;12,1;12;11,9;11,7;99;99;99;256;12,2;11,6;
2026/05/23;0600 UTC;0;1026;1026,2;1025,8;0;11,9;11,8;12;11,8;11,9;11,7;100;99;100;355;13,4;12,4;
2026/05/23;0700 UTC;0;1025,7;1025,9;1025,6;0;11,9;11,9;12;11,9;11,9;11,8;100;100;100;353;12,4;11,4;
2026/05/23;0800 UTC;,2;1025,6;1025,7;1025,3;0;12,1;12,1;12,3;11,9;12,4;11,9;100;100;100;355;12,7;12,1;
2026/05/23;0900 UTC;,4;1025,4;1025,6;1025,3;0;12,5;12,5;12,6;12,3;12,7;12,4;100;100;100;356;15;13,8;
2026/05/23;1000 UTC;1;1025,8;1026;1025,6;0;12,8;12,9;13,1;12,5;13,2;12,5;100;100;100;357;15,8;14,5;
2026/05/23;1100 UTC;,8;1026;1026,1;1026;17,4;12,8;12,9;13;12,7;13,1;12,8;100;100;100;358;15,6;15,1;
2026/05/23;1200 UTC;,2;1026,1;1026,2;1026;150,9;13,4;13,4;13,7;13;13,8;13,1;100;100;100;326;16;15,2;
2026/05/23;1300 UTC;1,4;1026,1;1026,2;1026;250,8;14,2;14,3;14,8;13,8;14,8;13,8;100;100;100;58;20,3;18,5;
2026/05/23;1400 UTC;0;1026,1;1026,2;1025,9;1004,3;16;15;17,2;14,8;15,8;14,4;100;89;95;12;21,6;17,6;
2026/05/23;1500 UTC;0;1025,8;1026;1025,5;1447,5;17,2;14,5;18;16,6;15,1;14;91;82;87;89;1,2;,1;
2026/05/23;1600 UTC;0;1025,2;1025,4;1025;1539;17,8;14;18,8;17,1;14,7;13,2;86;74;81;90;2,7;,9;
2026/05/23;1700 UTC;0;1024,7;1025;1024,4;2145,5;18,8;13,6;19,1;18,2;14,2;13,1;78;70;74;90;2,4;1;
2026/05/23;1800 UTC;0;1024;1024,4;1023,9;1773,2;18,7;13,3;19,3;18,2;13,7;12,5;78;68;73;86;2,6;,8;
2026/05/23;1900 UTC;0;1023,8;1024;1023,7;1399,6;18,5;13,2;18,8;18,2;13,9;12,4;77;68;74;;;;
2026/05/23;2000 UTC;0;1023,8;1023,9;1023,7;623,9;17,8;13,1;18,7;16,8;13,4;12,5;82;70;76;;;;
2026/05/23;2100 UTC;0;1023,9;1024,1;1023,7;54,4;15,9;13,1;16,8;15,2;13,3;13,1;90;81;86;;;;
2026/05/23;2200 UTC;0;1024,2;1024,4;1024;0;15,1;13,3;15,3;14,7;13,5;13,2;94;90;91;;;;
2026/05/23;2300 UTC;0;1024,4;1024,5;1024,4;0;14,7;13,7;14,8;14,7;13,9;13,4;96;94;95;;;;
2026/05/24;0000 UTC;0;1024,5;1024,5;1024,4;0;14,5;13,9;14,8;14,4;14;13,8;98;96;97;;;;
2026/05/24;0100 UTC;0;1024,4;1024,6;1024,4;0;14,4;14;14,6;14,2;14,1;13,8;98;97;98;;;;
2026/05/24;0200 UTC;0;1024,3;1024,4;1024,2;0;14,2;13,9;14,2;14;14;13,8;99;98;99;;;;
2026/05/24;0300 UTC;0;1024,3;1024,3;1024,2;0;13,9;13,8;14,2;13,7;14,1;13,6;100;99;99;;;;
2026/05/24;0400 UTC;0;1023,9;1024,2;1023,6;0;13,4;13,4;13,7;13,2;13,6;13,1;100;99;100;;;;
2026/05/24;0500 UTC;0;1023,4;1023,6;1023,1;0;12,7;12,7;13,1;12,1;13,2;12,1;100;100;100;;;;
2026/05/24;0600 UTC;0;1023;1023,2;1022,7;0;11,9;11,9;12,1;11,8;12,1;11,8;100;100;100;;;;
2026/05/24;0700 UTC;0;1022,5;1022,7;1022,4;0;11,9;12;12;11,8;12,1;11,9;100;100;100;;;;
2026/05/24;0800 UTC;0;1022,4;1022,5;1022,2;0;11,9;11,9;12,2;11,7;12,3;11,8;100;100;100;;;;
2026/05/24;0900 UTC;0;1022,4;1022,5;1022,3;0;12,2;12,3;12,4;11,9;12,4;12;100;100;100;;;;
2026/05/24;1000 UTC;,2;1022,8;1023;1022,5;0;12;12,1;12,2;11,8;12,3;11,9;100;100;100;;;;
2026/05/24;1100 UTC;0;1023,1;1023,2;1022,9;54,4;12,2;12,2;12,3;12,1;12,4;12,1;100;100;100;;;;
2026/05/24;1200 UTC;0;1023,4;1023,5;1023,2;451;12,1;12,1;12,3;11,9;12,4;12;100;100;100;;;;
2026/05/24;1300 UTC;0;1023,9;1024,2;1023,5;557,1;12,7;12,8;13,3;12,2;13,3;12,3;100;100;100;;;;
2026/05/24;1400 UTC;0;1024;1024,1;1024;1519,2;14,2;14,2;15,6;13,2;15,4;13,2;100;98;100;;;;
2026/05/24;1500 UTC;0;1023,6;1024;1022,7;2022,1;16,7;14,7;18,8;15,2;15,6;13,8;99;75;90;89;4,7;1,4;
2026/05/24;1600 UTC;0;1022,6;1022,9;1022,2;2219,9;19,7;13,7;20,3;18,8;14,6;12,6;77;63;70;60;7,3;4,7;
2026/05/24;1700 UTC;0;1022,1;1022,4;1021,8;1660;20,1;13;20,4;19,6;13,6;12,4;67;61;65;77;7,1;4,6;
2026/05/24;1800 UTC;0;1021,6;1021,9;1021,3;1555,5;19,9;13;20,1;19,6;13,6;12,5;69;63;66;82;7,5;4,8;
2026/05/24;1900 UTC;0;1021,4;1021,6;1021,2;690,8;19,1;12,8;19,6;18,4;13,2;12,4;73;65;69;83;6,2;3,4;
2026/05/24;2000 UTC;0;1021;1021,1;1020,9;295;18,2;12,9;18,6;17,7;13,1;12,7;77;71;74;59;5,1;,6;
2026/05/24;2100 UTC;0;1021;1021,1;1020,8;29,5;16,3;12,8;17,6;15,3;12,9;12,6;86;76;82;57;0;0;
2026/05/24;2200 UTC;0;1021,1;1021,4;1020,8;0;14,9;12,7;15,3;14,3;12,8;12,5;92;86;89;57;0;0;
2026/05/24;2300 UTC;0;1021,5;1021,6;1021,3;0;13,8;12,7;14,3;13,3;12,8;12,6;97;92;94;57;0;0;
2026/05/25;0000 UTC;0;1021,4;1021,4;1021,3;0;13;12,6;13,3;12,8;12,7;12,5;99;97;98;57;0;0;
2026/05/25;0100 UTC;0;1021,7;1021,8;1021,5;0;12,9;12,9;13;12,8;13;12,6;100;99;100;57;0;0;
2026/05/25;0200 UTC;0;1021,8;1021,9;1021,7;0;12,8;12,9;13,1;12,4;13,1;12,5;100;100;100;57;0;0;
2026/05/25;0300 UTC;0;1021,7;1021,9;1021,5;0;12,1;12,1;12,5;11,4;12,5;11,5;100;100;100;57;0;0;
2026/05/25;0400 UTC;0;1021,5;1021,6;1021,3;0;10,6;10,7;11,4;10,2;11,4;10,3;100;100;100;57;0;0;
2026/05/25;0500 UTC;0;1021,1;1021,3;1021;0;10,4;10,4;10,5;10,1;10,6;10,2;100;100;100;57;0;0;
2026/05/25;0600 UTC;0;1021;1021,2;1020,8;0;9,6;9,6;10,3;9,1;10,3;9,1;100;100;100;355;7,7;7,2;
2026/05/25;0700 UTC;0;1020,9;1021;1020,8;0;9,3;9,3;9,5;9,1;9,5;9,1;100;100;100;353;7,2;7;
2026/05/25;0800 UTC;0;1020,6;1020,8;1020,4;0;9,8;9,8;10;9,4;10,1;9,5;100;100;100;352;8,2;7,5;
2026/05/25;0900 UTC;0;1020,4;1020,5;1020,2;0;10,2;10,3;10,5;9,9;10,6;9,9;100;100;100;253;10,3;9,4;
2026/05/25;1000 UTC;0;1020,5;1020,7;1020,2;0;10,8;10,9;11,3;10,5;11,3;10,6;100;100;100;356;10,5;9,9;
2026/05/25;1100 UTC;0;1020,8;1020,9;1020,7;46,2;11,2;11,2;11,4;11,1;11,5;11,1;100;100;100;107;11,4;10,9;
2026/05/25;1200 UTC;0;1021,1;1021,5;1020,9;412;12,4;12,4;13,1;11,5;13,2;11,5;100;100;100;251;14,2;13,6;
2026/05/25;1300 UTC;0;1021,5;1021,9;1021,3;685,1;14,1;14,1;14,9;13,1;14,9;13,2;100;100;100;0;14,3;14,3;
2026/05/25;1400 UTC;0;1021,8;1022;1021,5;1327,2;16,7;15,2;19;14,9;15,7;14,7;100;81;93;75;6;4;
2026/05/25;1500 UTC;0;1021,3;1021,5;1020,9;1366,6;19,3;15;19,6;19;15,4;14,7;81;77;78;76;8,1;5,1;
2026/05/25;1600 UTC;0;1020,4;1020,9;1020;1060,6;19,6;14,9;20,1;19,3;15,3;14,4;79;74;76;72;8,4;5,6;
2026/05/25;1700 UTC;0;1019,9;1020;1019,6;833,9;19,5;14,8;19,7;19,3;15;14,6;77;75;76;86;7,2;4,8;
2026/05/25;1800 UTC;0;1019,3;1019,8;1018,9;903;19,7;14,9;19,9;19,5;15,1;14,7;77;75;76;75;7,5;4,6;
2026/05/25;1900 UTC;0;1019;1019,1;1018,9;635;19,6;15;19,9;19,4;15,1;14,9;79;75;77;80;6,5;3,7;
2026/05/25;2000 UTC;0;1018,8;1019,1;1018,5;213,4;18,9;14,9;19,4;18,4;15;14,8;83;78;80;87;5,1;2,7;
2026/05/25;2100 UTC;0;1018,6;1018,8;1018,4;32,8;17,7;14,8;18,4;17,2;14,9;14,7;88;82;85;90;,4;,2;
2026/05/25;2200 UTC;0;1018,6;1018,8;1018,3;0;16,8;15;17,1;16,7;15,2;14,7;92;88;91;;;;
2026/05/25;2300 UTC;0;1019,1;1019,3;1018,8;0;16,7;15,3;16,8;16,5;15,3;15,2;94;92;93;;;;
2026/05/26;0000 UTC;0;1019,3;1019,5;1019,1;0;16,7;15,4;16,9;16,6;15,5;15,3;94;93;93;;;;
2026/05/26;0100 UTC;0;1019,5;1019,8;1019,3;0;16,7;15,5;16,8;16,5;15,6;15,5;95;94;94;;;;
2026/05/26;0200 UTC;,2;1019,5;1019,8;1019,2;0;16,4;15,7;16,5;16,4;15,9;15,6;98;95;97;;;;
2026/05/26;0300 UTC;0;1019,2;1019,4;1019;0;16,3;15,9;16,4;16,3;16;15,8;98;98;98;;;;
2026/05/26;0400 UTC;0;1018,9;1019,2;1018,8;0;16,3;16;16,3;16,3;16;16;99;98;99;;;;
2026/05/26;0500 UTC;0;1018,5;1018,8;1018,3;0;16,3;16;16,3;16,2;16;15,9;99;98;98;;;;
2026/05/26;0600 UTC;0;1018;1018,4;1017,6;0;16;15,8;16,2;15,8;15,9;15,7;100;99;99;;;;
2026/05/26;0700 UTC;1,8;1017,6;1017,9;1017,5;0;15,8;15,8;15,8;15,7;15,9;15,7;100;100;100;;;;
2026/05/26;0800 UTC;1,8;1017,6;1017,9;1017,4;0;15,8;15,9;15,9;15,8;16;15,9;100;100;100;;;;
2026/05/26;0900 UTC;5,1;1017,8;1018;1017,6;0;15,9;16;16;15,8;16,1;15,8;100;100;100;;;;
2026/05/26;1000 UTC;,2;1018,1;1018,3;1018;0;15,8;15,9;15,9;15,8;15,9;15,9;100;100;100;;;;
2026/05/26;1100 UTC;0;1018,4;1018,8;1018,2;13;15,8;15,9;15,9;15,8;15,9;15,8;100;100;100;;;;
2026/05/26;1200 UTC;0;1018,9;1019,1;1018,7;135,7;16;16;16,3;15,8;16,3;15,9;100;100;100;;;;
2026/05/26;1300 UTC;0;1019;1019,3;1018,8;429,9;16,5;16,4;16,8;16,3;16,6;16,3;100;98;99;;;;
2026/05/26;1400 UTC;0;1019,4;1019,5;1019,2;478,8;17,1;16,2;17,4;16,7;16,6;16;98;94;96;;;;
2026/05/26;1500 UTC;0;1019;1019,2;1018,6;791,4;17,9;16,2;18,4;17,3;16,5;15,9;95;89;91;217;6,9;4,1;
2026/05/26;1600 UTC;0;1018,6;1018,8;1018,4;814,2;18,4;16,3;18,8;18,2;16,8;15,8;91;86;90;197;6,4;3,8;
2026/05/26;1700 UTC;0;1018,4;1018,5;1018,1;909;18,4;15,9;19,3;17,9;16,7;15,6;90;83;87;129;7;3,8;
2026/05/26;1800 UTC;0;1018,4;1018,6;1018,1;606,5;17,9;15,4;18,5;17,6;16;14,9;89;86;87;102;2,8;1,1;
2026/05/26;1900 UTC;0;1018,5;1018,7;1018,4;574,7;17,8;14,3;18,1;17,6;15;13,6;87;78;82;108;4,8;2,1;
2026/05/26;2000 UTC;0;1019;1019,3;1018,7;230,7;17,3;13,8;17,9;16,8;14;13,6;86;79;82;;;;
2026/05/26;2100 UTC;0;1019,5;1019,7;1019,3;47,1;16,9;14,3;17,1;16,7;14,5;13,9;88;85;87;;;;
2026/05/26;2200 UTC;0;1020;1020,4;1019,6;0;16,6;14,7;16,8;16,4;15;14,4;93;88;90;;;;
2026/05/26;2300 UTC;0;1020,7;1020,9;1020,4;0;16,2;14,8;16,4;16;15;14,6;94;92;93;;;;
2026/05/27;0000 UTC;0;1021,1;1021,2;1020,9;0;15,6;14,6;16;15,4;14,8;14,5;96;93;95;;;;
2026/05/27;0100 UTC;0;1021,4;1021,5;1021,2;0;15,4;14,6;15,5;15,3;14,7;14,5;97;96;96;;;;
2026/05/27;0200 UTC;0;1021,6;1021,8;1021,5;0;15;14,4;15,3;14,7;14,6;14,1;97;96;97;;;;
2026/05/27;0300 UTC;0;1021,8;1021,8;1021,7;0;14,5;14;14,7;14,2;14,1;13,9;98;97;98;;;;
2026/05/27;0400 UTC;0;1021,7;1021,8;1021,6;0;14,2;13,8;14,3;14;13,9;13,7;99;98;98;;;;
2026/05/27;0500 UTC;0;1021,8;1022;1021,6;0;13,6;13,4;14;13,4;13,7;13,2;99;99;99;;;;
2026/05/27;0600 UTC;0;1021,8;1022;1021,6;0;13,3;13,3;13,4;13,3;13,4;13,2;100;99;100;;;;
2026/05/27;0700 UTC;0;1021,6;1021,7;1021,4;0;13,2;13,2;13,4;13;13,4;13,1;100;100;100;;;;
2026/05/27;0800 UTC;0;1021,6;1021,7;1021,5;0;12,9;12,9;13,2;12,7;13,3;12,7;100;100;100;;;;
2026/05/27;0900 UTC;0;1021,6;1021,9;1021,5;0;12,6;12,7;12,8;12,5;12,9;12,6;100;100;100;;;;
2026/05/27;1000 UTC;0;1022;1022,1;1021,8;0;12,6;12,6;12,7;12,5;12,7;12,6;100;100;100;;;;
2026/05/27;1100 UTC;0;1022,3;1022,5;1022,1;40,9;12,6;12,6;12,7;12,5;12,7;12,5;100;100;100;;;;
2026/05/27;1200 UTC;0;1022,9;1023,2;1022,5;261,8;12,9;13;13,3;12,6;13,4;12,7;100;100;100;;;;
2026/05/27;1300 UTC;0;1023,5;1023,7;1023,2;493,3;13,6;13,7;14,1;13,3;14,2;13,3;100;100;100;;;;
2026/05/27;1400 UTC;0;1023,9;1023,9;1023,7;749,4;14,4;14,4;14,9;14,1;14,8;14,2;100;98;100;;;;
2026/05/27;1500 UTC;0;1023,7;1023,9;1023,5;1240,7;15,8;14,2;16,9;14,9;14,7;13,5;98;86;92;;;;
2026/05/27;1600 UTC;0;1023,3;1023,5;1023,1;993,5;16,6;14;17,2;16,2;14,7;13,5;90;84;87;;;;
2026/05/27;1700 UTC;0;1022,9;1023,1;1022,7;899,4;16,9;13,9;17,4;16,7;14,4;13,5;88;82;85;;;;
2026/05/27;1800 UTC;0;1022,5;1022,7;1022,3;589,4;17;13,7;17,2;16,8;14,4;13,3;87;82;83;;;;
2026/05/27;1900 UTC;0;1022,3;1022,4;1022,2;533,2;17,1;13,2;17,2;17;13,8;12,8;84;78;81;;;;
2026/05/27;2000 UTC;0;1022,2;1022,4;1022,1;519;16,9;13,2;17,1;16,5;13,6;12,7;84;79;82;;;;
2026/05/27;2100 UTC;0;1022,1;1022,2;1022;45,3;15,3;13;16,5;14,4;13,3;12,8;92;82;88;;;;
2026/05/27;2200 UTC;0;1022,4;1022,7;1022,1;0;13,4;12,7;14,4;12,8;12,9;12,4;98;92;96;;;;
2026/05/27;2300 UTC;0;1022,9;1023,1;1022,7;0;12,5;12,3;12,9;12,1;12,7;12;100;98;99;;;;
2026/05/28;0000 UTC;0;1023,2;1023,4;1023,1;0;12,5;12,5;12,8;12,3;12,8;12,3;100;99;100;;;;
2026/05/28;0100 UTC;0;1023,3;1023,4;1023,1;0;12,1;12,1;12,3;11,9;12,3;11,9;100;100;100;;;;
2026/05/28;0200 UTC;0;1023,2;1023,3;1023,2;0;11,7;11,8;11,9;11,6;11,9;11,7;100;100;100;;;;
2026/05/28;0300 UTC;0;1023,2;1023,3;1023,1;0;11,9;12;12;11,8;12,1;11,9;100;100;100;;;;
2026/05/28;0400 UTC;0;1022,9;1023,1;1022,6;0;12,3;12,3;12,4;12;12,5;12,1;100;100;100;;;;
2026/05/28;0500 UTC;0;1022,3;1022,6;1022,1;0;12,5;12,5;12,6;12,4;12,6;12,5;100;100;100;;;;
2026/05/28;0600 UTC;0;1021,9;1022,2;1021,8;0;12,7;12,8;12,9;12,6;12,9;12,6;100;100;100;;;;
2026/05/28;0700 UTC;0;1021,8;1021,9;1021,8;0;12,9;12,9;13;12,8;13,1;12,8;100;100;100;;;;
2026/05/28;0800 UTC;0;1021,8;1021,9;1021,7;0;13,1;13,1;13,1;13;13,2;13;100;100;100;;;;
2026/05/28;0900 UTC;0;1021,9;1022;1021,7;0;13,2;13,2;13,2;13,1;13,3;13,1;100;100;100;;;;
2026/05/28;1000 UTC;0;1022,2;1022,5;1022;0;13,2;13,2;13,2;13,1;13,3;13,2;100;100;100;;;;
2026/05/28;1100 UTC;0;1022,7;1022,9;1022,5;38,6;13,2;13,2;13,3;13,2;13,3;13,2;100;100;100;;;;
2026/05/28;1200 UTC;0;1022,9;1023;1022,9;237,3;13,4;13,5;13,7;13,3;13,8;13,3;100;100;100;;;;
2026/05/28;1300 UTC;0;1023,2;1023,4;1023;440,6;14,3;13,6;15;13,7;14;12,8;100;90;97;;;;
2026/05/28;1400 UTC;0;1023,5;1023,6;1023,4;801,9;15,6;12,5;16,2;15;13,2;12;90;80;84;;;;
2026/05/28;1500 UTC;0;1023,2;1023,5;1023;785,8;16,5;11,9;17;16,2;12,4;11,2;81;73;77;;;;
2026/05/28;1600 UTC;0;1022,4;1023;1022;849,5;17,1;10,6;17,3;16,8;12;10,1;76;65;68;;;;
2026/05/28;1700 UTC;0;1021,7;1022;1021,2;839,4;17,3;10,6;17,6;17;11;10,3;68;64;67;;;;
2026/05/28;1800 UTC;0;1021;1021,3;1020,8;1567,8;18,2;11,3;19,2;17,3;12,2;10,5;72;58;65;;;;
2026/05/28;1900 UTC;0;1020,7;1020,8;1020,6;538,8;17,5;11,2;17,6;17,4;11,6;10,8;70;66;68;;;;
2026/05/28;2000 UTC;0;1020,8;1021,1;1020,5;270,1;17,1;11,4;17,5;16,3;11,8;10,8;77;67;72;;;;
2026/05/28;2100 UTC;0;1021,2;1021,5;1021;32,3;15,5;11,8;16,3;14,8;12,1;11,5;86;77;81;;;;
2026/05/28;2200 UTC;0;1021,7;1021,8;1021,5;0;15;12,3;15;14,8;12,6;12;89;85;87;;;;
2026/05/28;2300 UTC;0;1022,2;1022,4;1021,8;0;14,8;12,5;14,9;14,7;12,7;12,3;89;88;89;;;;
2026/05/29;0000 UTC;0;1022,6;1022,8;1022,3;0;14,7;12,4;14,8;14,6;12,6;12,3;90;88;89;;;;
2026/05/29;0100 UTC;0;1022,8;1022,9;1022,5;0;14,3;12,4;14,6;13,8;12,6;12,2;92;90;91;;;;
2026/05/29;0200 UTC;0;1022,4;1022,5;1022,3;0;13,1;12;13,8;12,8;12,2;11,9;96;92;94;;;;
2026/05/29;0300 UTC;0;1022,5;1022,7;1022,4;0;12,4;11,7;12,8;12;11,9;11,4;97;96;97;;;;
2026/05/29;0400 UTC;0;1022,6;1022,7;1022,5;0;11,7;11,4;12;11,4;11,8;10,9;99;97;99;;;;
2026/05/29;0500 UTC;0;1022,7;1022,8;1022,6;0;12,2;12;12,4;12;12,3;11,8;99;99;99;;;;
2026/05/29;0600 UTC;0;1022,6;1022,8;1022,4;0;12,2;12;12,3;11,9;12,1;11,6;99;99;99;;;;
2026/05/29;0700 UTC;0;1022,4;1022,5;1022,2;0;11,7;11,6;11,8;11,4;11,7;11,4;100;99;99;;;;
2026/05/29;0800 UTC;0;1022,1;1022,3;1022;0;11,1;11,1;11,5;10,4;11,6;10,5;100;100;100;;;;
2026/05/29;0900 UTC;0;1022,1;1022,3;1021,9;0;10,7;10,8;11,4;10,3;11,4;10,4;100;100;100;;;;
2026/05/29;1000 UTC;0;1022,4;1022,6;1022,2;0;11,7;11,8;12;11,4;12,1;11,4;100;100;100;;;;
2026/05/29;1100 UTC;0;1022,7;1023;1022,5;39,4;12;12;12,2;11,9;12,3;12;100;100;100;;;;
2026/05/29;1200 UTC;0;1023,1;1023,4;1022,8;320;12,7;12,7;13,3;12,1;13,3;12,2;100;100;100;;;;
2026/05/29;1300 UTC;0;1023,7;1023,9;1023,4;397,1;13,8;13,9;14,5;13,3;14,5;13,3;100;100;100;;;;
2026/05/29;1400 UTC;0;1023,7;1023,9;1023,5;1135,1;15,8;14,8;17,7;14,4;15,4;14,3;100;83;95;94;;,2;
2026/05/29;1500 UTC;0;1023,2;1023,8;1022,6;1431;18,6;13,9;19,1;17,8;14,9;13;85;70;77;74;10,6;6,2;
2026/05/29;1600 UTC;0;1022,7;1022,9;1022,5;1814,9;19,4;13;19,7;19,2;13,7;12,5;71;66;68;78;9,5;5,6;
2026/05/29;1700 UTC;0;1021,9;1022,5;1021,5;1340,5;19,2;12,4;19,5;18,8;13,1;11,8;68;62;66;74;9,8;6;
2026/05/29;1800 UTC;0;1021,5;1021,7;1021,2;954,7;19,1;12,1;19,2;19;12,4;11,8;67;63;65;66;8,3;5,5;
2026/05/29;1900 UTC;0;1020,9;1021,2;1020,7;711,7;18,8;12,5;19;18,5;12,8;11,9;71;65;68;72;7,1;4,5;
2026/05/29;2000 UTC;0;1021;1021,2;1020,7;236,3;18;12,8;18,5;17,4;13,2;12,3;78;69;74;57;5,1;,4;
2026/05/29;2100 UTC;0;1021,5;1021,8;1021,2;17,4;17,1;13,1;17,4;16,6;13,2;13;83;78;80;;,4;;
2026/05/29;2200 UTC;0;1021,8;1022,1;1021,5;0;16,2;13,3;16,6;15,9;13,6;13,2;88;83;86;;;;
2026/05/29;2300 UTC;0;1022;1022,1;1021,8;0;15,9;13,7;16;15,9;14;13,5;90;88;89;;;;
2026/05/30;0000 UTC;0;1022;1022,2;1021,8;0;15,6;14;15,9;15,4;14,1;13,9;93;90;92;;;;
2026/05/30;0100 UTC;0;1022,1;1022,1;1021,8;0;15,5;14,2;15,6;15,4;14,3;14,1;94;93;93;;;;
2026/05/30;0200 UTC;0;1022,1;1022,3;1021,8;0;15,8;14,5;16;15,6;14,7;14,4;94;93;94;;;;
2026/05/30;0300 UTC;0;1022,3;1022,5;1022,2;0;16;14,8;16,1;15,9;14,9;14,7;95;93;94;;;;
2026/05/30;0400 UTC;0;1022;1022,2;1021,9;0;15,9;14,9;16;15,8;15;14,9;96;95;95;;;;
2026/05/30;0500 UTC;0;1021,8;1021,9;1021,6;0;15,9;15,1;16,2;15,8;15,2;15;96;95;96;;;;
2026/05/30;0600 UTC;0;1021,5;1021,8;1021,3;0;16,2;15,2;16,3;16,1;15,2;15,1;95;94;95;;;;
2026/05/30;0700 UTC;0;1021,2;1021,3;1021,1;0;16,2;15,3;16,3;16,1;15,5;15,2;96;95;96;;;;
2026/05/30;0800 UTC;0;1021,1;1021,2;1020,9;0;16,1;15,4;16,2;16;15,5;15,4;97;96;97;;;;
2026/05/30;0900 UTC;0;1021,1;1021,4;1020,9;0;16;15,5;16,1;15,9;15,5;15,4;98;97;97;;;;
2026/05/30;1000 UTC;0;1021,4;1021,6;1021,4;0;16;15,4;16;15,9;15,4;15,3;97;97;97;;;;
2026/05/30;1100 UTC;0;1021,8;1022,1;1021,5;32,8;15,9;15,4;16,1;15,9;15,6;15,3;98;97;97;;;;
2026/05/30;1200 UTC;0;1022,2;1022,4;1022,1;230,8;16,3;15,8;16,5;16,1;16;15,5;98;97;98;;;;
2026/05/30;1300 UTC;0;1022,5;1022,6;1022,4;608,2;17,2;15,9;17,9;16,4;16,2;15,3;98;89;93;82;1,7;,8;
2026/05/30;1400 UTC;0;1022,6;1022,7;1022,2;860;18,2;15,8;18,9;17,9;16,2;15,5;90;85;88;111;4,3;2,6;
2026/05/30;1500 UTC;0;1021,8;1022,2;1021,5;1440,9;19,5;15,3;20,3;18,8;16;14,5;86;74;79;39;4,4;2,5;
2026/05/30;1600 UTC;0;1021,2;1021,4;1020,9;1105,2;19,7;14,8;20,2;19,4;15,4;14,1;79;71;75;50;3,7;2,4;
2026/05/30;1700 UTC;0;1020,5;1020,9;1020,1;1645,8;20,5;14,8;21,3;19,5;15,5;14,2;77;65;71;89;3,7;1,4;
2026/05/30;1800 UTC;0;1019,8;1020,1;1019,6;1575,2;20,9;14,6;21,4;20,1;15,2;14,3;72;66;69;82;3,5;1,7;
2026/05/30;1900 UTC;0;1019,6;1019,7;1019,5;484,3;20,2;14,3;20,8;19,8;14,7;13,9;74;67;71;98;1,5;,8;
2026/05/30;2000 UTC;0;1019,6;1019,7;1019,5;298,5;20,3;14,4;20,6;20,1;14,7;14;72;68;70;189;,6;,2;
2026/05/30;2100 UTC;0;1019,8;1019,9;1019,7;49,5;18,2;14,8;20,7;16,8;15,3;14,5;89;69;83;;;;
2026/05/30;2200 UTC;0;1019,8;1020;1019,6;0;16,2;14,8;16,8;15,9;15,1;14,5;95;90;93;;;;
2026/05/30;2300 UTC;0;1020,2;1020,4;1020;0;15,6;14,8;15,9;15,2;15;14,6;97;95;96;;;;
2026/05/31;0000 UTC;0;1020,2;1020,4;1020,1;0;15,2;14,6;15,3;15;14,8;14,5;98;96;97;;;;
2026/05/31;0100 UTC;0;1020,2;1020,3;1020,1;0;15,3;14,8;15,4;15,2;15;14,7;98;97;98;;;;
2026/05/31;0200 UTC;0;1020,1;1020,2;1020;0;15,2;14,9;15,4;15,1;15;14,6;99;98;98;;;;
2026/05/31;0300 UTC;0;1019,9;1020;1019,8;0;15,2;15,1;15,4;15,1;15,2;14,9;100;99;99;;;;
2026/05/31;0400 UTC;0;1019,7;1019,8;1019,5;0;15,2;15;15,3;15,1;15,2;14,7;100;98;99;;;;
2026/05/31;0500 UTC;0;1019,5;1019,6;1019,5;0;15;14,7;15,3;14,8;14,9;14,4;99;98;98;;;;
2026/05/31;0600 UTC;0;1019,4;1019,7;1019,2;0;14,9;14,6;15,1;14,7;14,8;14,5;99;98;99;;;;
2026/05/31;0700 UTC;0;1019,1;1019,2;1019;0;15,1;14,7;15,1;15;14,7;14,6;98;98;98;;;;
2026/05/31;0800 UTC;0;1019,1;1019,2;1019;0;15;14,8;15,1;15;14,9;14,7;99;98;99;;;;
2026/05/31;0900 UTC;0;1019,1;1019,2;1019;0;15;15;15,1;14,9;15;14,9;100;99;100;;;;
2026/05/31;1000 UTC;0;1019,4;1019,7;1019,2;0;14,8;14,9;14,9;14,7;15;14,8;100;100;100;;;;
2026/05/31;1100 UTC;0;1020,1;1020,4;1019,7;19,9;14,8;14,8;14,9;14,7;14,9;14,8;100;100;100;;;;
2026/05/31;1200 UTC;0;1020,7;1020,9;1020,5;99,9;15;15,1;15,1;14,9;15,2;14,9;100;100;100;;;;
2026/05/31;1300 UTC;0;1021;1021,3;1020,8;264,2;15,3;15,3;15,4;15,1;15,4;15,1;100;100;100;;;;
2026/05/31;1400 UTC;0;1021,3;1021,4;1021,2;350,2;15,5;15,6;15,7;15,3;15,7;15,4;100;99;100;;;;
2026/05/31;1500 UTC;0;1021;1021,3;1020,6;773;16,2;15,3;17,4;15,6;15,7;14,4;99;86;95;;;;
2026/05/31;1600 UTC;0;1020,3;1020,6;1020;934,2;17,3;14,4;17,8;17;14,9;13,8;87;82;85;;;;
2026/05/31;1700 UTC;0;1019,7;1020;1019,4;807,7;17,9;14,1;18,4;17,6;14,4;13,6;83;76;81;;;;
2026/05/31;1800 UTC;0;1019,2;1019,5;1018,9;723,9;18,3;13,8;18,5;18,1;14,2;13,4;80;75;77;;;;
2026/05/31;1900 UTC;0;1018,9;1019,1;1018,8;495,3;17,8;13,4;18;17,7;13,8;13,2;80;76;78;;;;
2026/05/31;2000 UTC;0;1018,9;1019;1018,8;318,1;17,4;13,3;17,8;16,9;13,7;12,9;81;77;79;;;;
2026/05/31;2100 UTC;0;1019,2;1019,5;1019;27;16,1;12,9;16,9;15,3;13,1;12,6;87;80;84;;;;
2026/05/31;2200 UTC;0;1019,8;1020;1019,5;0;14,5;12,5;15,3;14,1;12,6;12,3;92;86;90;;;;
2026/05/31;2300 UTC;0;1020,3;1020,5;1020;0;13,4;12,2;14,2;12,5;12,5;11,9;97;91;94;;;;
2026/06/01;0000 UTC;0;1020,7;1020,9;1020,5;0;12,8;12,4;13;12,5;12,8;12;99;97;98;;;;
2026/06/01;0100 UTC;0;1020,8;1020,9;1020,6;0;13;12,6;13,2;12,8;12,7;12,4;98;98;98;;;;
2026/06/01;0200 UTC;0;1020,6;1020,8;1020,5;0;13,3;12,7;13,5;13,2;12,9;12,5;98;95;97;;;;
2026/06/01;0300 UTC;0;1020,8;1020,9;1020,7;0;13,6;12,7;13,7;13,5;12,9;12,5;96;95;95;;;;
2026/06/01;0400 UTC;0;1020,9;1020,9;1020,8;0;13,6;13;13,7;13,5;13;12,9;97;96;97;;;;
2026/06/01;0500 UTC;0;1021;1021,1;1020,8;0;13,6;13,1;13,8;13,5;13,3;13;98;97;97;;;;
2026/06/01;0600 UTC;0;1020,9;1021;1020,7;0;13,6;13,2;13,7;13,4;13,3;12,9;98;97;98;;;;
2026/06/01;0700 UTC;0;1020,8;1020,9;1020,7;0;13,4;12,9;13,5;13,1;13,2;12,4;99;96;98;;;;
2026/06/01;0800 UTC;0;1020,7;1021;1020,6;0;13;12,2;13,1;12,9;12,5;12;97;95;96;;;;
2026/06/01;0900 UTC;;;;;;;;;;;;;;;;;;
2026/06/01;1000 UTC;0;1021,7;1022,1;1021,5;0;12,7;11,4;13,1;12,3;12,4;11;96;92;94;;;;
2026/06/01;1100 UTC;0;1022,4;1022,8;1022,1;22,4;12,3;11,5;12,4;12,3;11,7;11,3;97;95;96;;;;
2026/06/01;1200 UTC;0;1022,9;1023,1;1022,8;220;12,7;11,6;13,1;12,4;11,8;11,4;96;93;95;;;;
2026/06/01;1300 UTC;0;1023,4;1023,8;1023,1;660,4;13,5;11,2;14;13;11,7;10,7;92;85;89;;;;
2026/06/01;1400 UTC;0;1024,1;1024,3;1023,8;955;14,2;11;14,6;13,8;11,4;10,6;87;81;84;;;;
2026/06/01;1500 UTC;0;1024,1;1024,3;1023,8;1961,9;15,4;10,6;15,9;14,5;11,4;9,7;81;70;76;;;;
2026/06/01;1600 UTC;0;1023,3;1023,9;1022,9;1727,3;16,1;10,1;17;15;11,5;9,2;76;65;70;;;;
2026/06/01;1700 UTC;0;1022,7;1022,9;1022,4;838,1;16,3;9,6;17;15,9;10,2;8,7;70;60;66;;;;
2026/06/01;1800 UTC;0;1022,3;1022,5;1022,2;825,9;16,5;9,6;16,9;16,1;10,2;9,1;69;62;65;;;;
2026/06/01;1900 UTC;0;1022,4;1022,6;1022,2;497,3;16,3;10,2;16,6;15,9;10,8;9,6;73;66;70;;;;
2026/06/01;2000 UTC;0;1022,8;1023;1022,5;59,3;15,4;11,1;15,9;15,1;11,6;10,3;82;72;79;;;;
2026/06/01;2100 UTC;0;1023,3;1023,5;1023,1;12,2;14,7;11,5;15,1;13,8;11,7;11,2;87;82;84;;;;
2026/06/01;2200 UTC;0;1023,8;1024,1;1023,5;0;12,9;11,1;13,8;12,4;11,3;11;93;87;91;;;;
2026/06/01;2300 UTC;0;1024,2;1024,3;1024,1;0;12;10,8;12,4;11,4;11,1;10,4;95;93;94;;;;
2026/06/02;0000 UTC;0;1024,3;1024,5;1024,2;0;11,3;10,6;11,5;11,1;11;10,4;98;96;97;;;;
2026/06/02;0100 UTC;0;1024,5;1024,7;1024,4;0;11,7;10,9;12,1;11,4;11,1;10,8;97;94;96;;;;
2026/06/02;0200 UTC;0;1024,9;1025;1024,7;0;12,3;11,3;12,4;12,1;11,7;11;96;94;95;;;;
2026/06/02;0300 UTC;0;1025,1;1025,2;1025;0;12,5;12,1;12,5;12,4;12,4;11,7;99;96;98;;;;
2026/06/02;0400 UTC;,8;1024,9;1025;1024,8;0;12,7;12,7;12,9;12,5;12,9;12,4;100;99;100;;;;
2026/06/02;0500 UTC;,8;1024,8;1024,9;1024,6;0;13,1;13,2;13,5;12,9;13,5;12,9;100;100;100;;;;
2026/06/02;0600 UTC;,2;1024,6;1024,7;1024,5;0;13,6;13,4;13,6;13,5;13,6;13,3;100;99;99;;;;
2026/06/02;0700 UTC;,2;1024,6;1024,7;1024,4;0;13,6;13,2;13,6;13,5;13,3;13,2;99;98;98;;;;
2026/06/02;0800 UTC;0;1024,7;1024,8;1024,6;0;13,7;13,4;13,9;13,5;13,6;13,2;99;98;98;;;;
2026/06/02;0900 UTC;0;1024,7;1024,9;1024,5;0;14;13,5;14,1;13,9;13,7;13,2;99;96;98;;;;
2026/06/02;1000 UTC;0;1025,1;1025,3;1024,9;0;13,9;12,9;14,1;13,6;13,5;12,2;97;92;95;;;;
2026/06/02;1100 UTC;0;1025,8;1026,3;1025,3;37,6;13,7;12,5;13,9;13,5;12,9;12,1;95;91;94;;;;
2026/06/02;1200 UTC;0;1026,6;1027;1026,3;330,2;14,5;13,1;15,1;13,8;13,7;12,8;95;91;93;;;;
2026/06/02;1300 UTC;0;1027,2;1027,5;1027;823,2;15,8;13,2;17;15,1;13,7;12,6;93;81;87;;;;
2026/06/02;1400 UTC;0;1027,6;1027,7;1027,5;1206;17,1;12,2;17,6;16,9;13,5;11,1;82;68;76;;;;
2026/06/02;1500 UTC;0;1027,6;1027,8;1027,4;1449,2;17,6;11,7;18,1;17,2;12,3;10,9;72;68;70;;;;
2026/06/02;1600 UTC;0;1027;1027,4;1026,6;1673,9;18,2;11,4;18,8;17,8;12,3;10,8;71;60;66;;;;
2026/06/02;1700 UTC;0;1026,2;1026,6;1025,9;1708,5;18,6;11,5;18,9;18,2;11,9;10,7;66;61;64;;;;
2026/06/02;1800 UTC;0;1025,7;1025,9;1025,6;1008,2;18,2;11,5;18,6;18;11,9;11;68;64;66;;;;
2026/06/02;1900 UTC;0;1025,6;1025,7;1025,5;536,2;17,9;11,5;18,5;17,7;11,9;11,2;71;64;68;;;;
2026/06/02;2000 UTC;0;1025,7;1025,8;1025,5;171,9;17,4;12;17,8;16,8;12,5;11,4;78;69;73;;;;
2026/06/02;2100 UTC;0;1025,8;1025,9;1025,7;18,4;16,5;12,7;16,8;16,1;13,1;12,5;85;78;81;;;;
2026/06/02;2200 UTC;0;1025,8;1025,9;1025,7;0;15,9;13,3;16,1;15,8;13,5;13,1;88;85;87;;;;
2026/06/02;2300 UTC;0;1026,1;1026,3;1025,8;0;15,8;13,5;15,9;15,6;13,6;13,3;90;88;89;;;;
2026/06/03;0000 UTC;0;1026,4;1026,5;1026,2;0;15,7;13,8;15,8;15,6;14;13,6;92;89;91;;;;
2026/06/03;0100 UTC;0;1026,5;1026,5;1026,4;0;15,6;13,9;15,7;15,5;14;13,8;92;91;92;;;;
2026/06/03;0200 UTC;0;1026,5;1026,7;1026,4;0;15,7;14,2;16,1;15,5;14,4;13,9;93;91;92;;;;
2026/06/03;0300 UTC;0;1026,6;1026,7;1026,5;0;15,7;14,2;16,1;15,4;14,5;13,9;94;91;92;;;;
2026/06/03;0400 UTC;0;1026,7;1026,8;1026,6;0;15,4;14,1;15,5;15,3;14,2;14;94;93;94;;;;
2026/06/03;0500 UTC;0;1026,4;1026,6;1026;0;15,6;14,4;15,8;15,4;14,5;14,2;95;92;94;;;;
2026/06/03;0600 UTC;0;1025,7;1026;1025,4;0;15,5;14,6;15,6;15,4;14,7;14,4;96;95;95;;;;
2026/06/03;0700 UTC;0;1025,3;1025,6;1025;0;15,6;14,7;15,8;15,4;14,8;14,5;96;95;95;;;;
2026/06/03;0800 UTC;0;1025;1025,3;1024,8;0;15,5;14,7;15,7;15,4;14,9;14,5;96;95;96;;;;
2026/06/03;0900 UTC;0;1025,1;1025,3;1024,7;0;15,7;15;15,8;15,6;15,1;14,9;97;96;97;;;;
2026/06/03;1000 UTC;0;1025;1025,2;1024,8;0;15,9;15,3;15,9;15,7;15,4;15,1;97;97;97;;;;
2026/06/03;1100 UTC;0;1025,6;1025,9;1025,2;30,9;15,8;15,4;15,9;15,8;15,5;15,3;98;97;98;;;;
2026/06/03;1200 UTC;0;1026,1;1026,3;1025,9;265,5;16,4;15,4;16,7;15,9;15,6;15,4;98;93;95;;;;
2026/06/03;1300 UTC;0;1026,4;1026,6;1026,2;624,9;17,4;15,4;17,9;16,8;15,7;15;94;86;90;90;2,8;,6;
2026/06/03;1400 UTC;0;1026,6;1026,7;1026,3;1057;18,5;15,3;18,8;18;15,6;15,1;86;82;84;90;2,7;1,3;
2026/06/03;1500 UTC;0;1026,3;1026,4;1026,2;1138,4;18,7;15,3;19,8;18;15,9;14,5;87;74;83;49;9,3;5,9;
2026/06/03;1600 UTC;0;1025,8;1026,2;1025,5;1067,8;19,1;14,6;19,9;18,7;15;14,1;80;73;78;58;9,1;5,7;
2026/06/03;1700 UTC;0;1025,2;1025,5;1024,9;1426,5;19,9;14,8;20,8;18,9;15,3;14,3;79;71;74;63;9,2;5,5;
2026/06/03;1800 UTC;0;1024,6;1024,9;1024,4;1594,7;20,5;14,9;20,8;20,1;15,4;14,6;75;70;72;67;8,6;5,5;
2026/06/03;1900 UTC;0;1024,4;1024,6;1024,3;840,3;19,9;15;20,4;19,3;15,7;14,4;82;71;75;86;7,4;4,5;
2026/06/03;2000 UTC;0;1024,4;1024,7;1024,1;411,9;19,1;15,4;19,4;18,8;15,7;14,4;83;78;82;70;6;3,7;
2026/06/03;2100 UTC;0;1024,9;1025,1;1024,7;38,2;17,8;14,9;18,9;17;15,6;13,9;92;77;86;90;1,2;,2;
2026/06/03;2200 UTC;0;1025,2;1025,3;1025,1;0;16,9;15,5;17,1;16,8;15,6;15,5;94;92;93;90;0;0;
2026/06/03;2300 UTC;0;1025,6;1025,9;1025,2;0;16,8;15,6;16,9;16,7;15,7;15,5;95;94;94;90;0;0;
2026/06/04;0000 UTC;0;1026,2;1026,4;1025,9;0;16,6;15,6;16,8;16,6;15,7;15,5;95;94;95;90;0;0;
2026/06/04;0100 UTC;0;1026,3;1026,4;1026,1;0;16,7;15,5;16,8;16,6;15,6;15,5;95;94;94;90;0;0;
2026/06/04;0200 UTC;0;1026,4;1026,5;1026,3;0;16,7;15,6;16,9;16,7;15,7;15,5;94;94;94;90;0;0;
2026/06/04;0300 UTC;0;1026,7;1026,7;1026,5;0;17,2;15,9;17,3;16,9;16;15,7;94;93;93;90;1,9;,2;
2026/06/04;0400 UTC;0;1026,5;1026,6;1026,3;0;17,3;16;17,4;17,2;16,1;16;94;93;93;90;2,2;,8;
2026/06/04;0500 UTC;0;1026,3;1026,5;1026,2;0;17,3;16,2;17,4;17,1;16,5;16;97;93;95;90;,2;0;
2026/06/04;0600 UTC;0;1026,1;1026,2;1025,9;0;17,1;16,4;17,1;17;16,4;16,3;97;96;97;90;0;0;
2026/06/04;0700 UTC;0;1026,1;1026,2;1025,9;0;17,1;16,2;17,2;17;16,3;16;96;94;95;90;,1;,1;
2026/06/04;0800 UTC;0;1026,1;1026,2;1025,8;0;17,2;15,7;17,2;17,1;16;15,2;95;90;92;90;1;0;
2026/06/04;0900 UTC;0;1025,9;1026,2;1025,7;0;17,1;15,4;17,3;17;15,7;15,1;94;90;91;90;0;0;
2026/06/04;1000 UTC;0;1026,2;1026,2;1026;0;16,7;15,3;17;16,2;15,7;15;96;91;93;90;0;0;
2026/06/04;1100 UTC;0;1026,6;1026,8;1026,2;60,8;15,9;15,2;16,2;15,7;15,4;15;98;95;97;90;0;0;
2026/06/04;1200 UTC;0;1027;1027,2;1026,8;393,7;16,4;15,5;16,9;15,9;15,7;15,3;98;93;95;90;0;0;
2026/06/04;1300 UTC;0;1027,3;1027,5;1027,1;700,2;17,4;15,3;17,8;16,8;15,7;15;93;86;89;90;2,5;,8;
2026/06/04;1400 UTC;0;1027,6;1027,8;1027,4;1085,6;18,4;15,2;19,3;17,7;15,9;14,8;88;80;84;46;5,2;3,5;
2026/06/04;1500 UTC;0;1027,3;1027,6;1027;1770,2;20;15,4;20,7;19,3;16;14,9;79;74;77;60;5,7;3,7;
2026/06/04;1600 UTC;0;1026,4;1027;1026,1;2033,5;21;15,5;21,5;20,2;16;15;77;70;73;58;6;3,7;
2026/06/04;1700 UTC;0;1025,8;1026,1;1025,4;1630,3;21,3;15,3;21,7;20,8;15,7;15;73;68;70;56;6,2;3,9;
2026/06/04;1800 UTC;0;1025,1;1025,4;1024,9;1451,9;21,5;15,6;21,8;20,8;16,1;15,2;74;68;70;44;6,2;3,9;
2026/06/04;1900 UTC;0;1024,7;1024,9;1024,4;910,1;20,9;15,6;21,2;20,5;16;15,2;76;71;73;57;7;4,7;
2026/06/04;2000 UTC;0;1024,6;1024,7;1024,3;473,8;20,4;15,4;21;19,4;15,6;15,2;81;71;75;53;5,7;3,7;
2026/06/04;2100 UTC;0;1024,2;1024,4;1024,1;19,6;18,5;15,1;19,4;17,7;15,6;14,7;86;80;83;56;4,3;2,4;
2026/06/04;2200 UTC;0;1024,2;1024,3;1024;0;17,7;15,9;18;17,5;16,2;14,8;94;86;91;55;6;3,9;
2026/06/04;2300 UTC;0;1024,4;1024,6;1024,2;0;17,1;16,1;17,5;16,9;16,2;16;97;93;95;47;,2;,2;
2026/06/05;0000 UTC;0;1024,4;1024,5;1024,2;0;17,1;16,5;17,3;16,9;16,6;16,2;97;97;97;52;1,9;,3;
2026/06/05;0100 UTC;0;1024,4;1024,5;1024,1;0;17,4;16,7;17,5;17,2;16,8;16,6;97;96;97;29;7,2;3,7;
2026/06/05;0200 UTC;0;1024,1;1024,2;1024;0;17,5;16,5;17,5;17,4;16,6;16,3;96;95;95;30;6,4;3,5;
2026/06/05;0300 UTC;0;1023,8;1024,1;1023,6;0;17,4;16,2;17,4;17,3;16,3;16,2;95;94;94;17;1,6;,3;
2026/06/05;0400 UTC;0;1023,4;1023,6;1023,1;0;17,2;16,1;17,3;17,1;16,3;15,8;95;93;94;0;2,1;,5;
2026/06/05;0500 UTC;0;1022,9;1023,1;1022,7;0;17;15,8;17,3;16,7;16;15,6;95;93;94;0;0;0;
2026/06/05;0600 UTC;0;1022,7;1022,8;1022,4;0;16,1;15,2;16,6;15,6;15,6;14,9;97;94;95;0;0;0;
2026/06/05;0700 UTC;0;1022,4;1022,5;1022,3;0;15,3;14,9;15,7;14,7;15,2;14,4;99;97;98;0;0;0;
2026/06/05;0800 UTC;0;1022,3;1022,4;1022,2;0;14,2;14,1;14,8;13,7;14,6;13,6;100;99;99;0;0;0;
2026/06/05;0900 UTC;0;1022,3;1022,6;1022,2;0;13,9;14;14,2;13,7;14,3;13,7;100;100;100;0;0;0;
2026/06/05;1000 UTC;0;1022,7;1022,8;1022,6;0;14,3;14,3;14,4;14,2;14,5;14,3;100;100;100;0;0;0;
2026/06/05;1100 UTC;0;1022,7;1022,8;1022,6;16,4;14,7;14,7;15,1;14,4;15,1;14,5;100;100;100;0;0;0;
2026/06/05;1200 UTC;0;1022,9;1023,2;1022,7;138,3;15,1;15,1;15,1;15;15,2;15;100;100;100;0;0;0;
2026/06/05;1300 UTC;0;1023,4;1023,5;1023,2;364,3;15,2;15,2;15,4;15;15,5;15;100;100;100;0;0;0;
2026/06/05;1400 UTC;0;1023,2;1023,5;1022,6;728,7;15,6;15,5;15,9;15,4;15,8;15,3;100;97;99;0;0;0;
2026/06/05;1500 UTC;0;1022,1;1022,6;1021,8;1530;17,5;15,3;19,2;16;15,8;15;97;81;89;115;3,5;1,7;
2026/06/05;1600 UTC;0;1021,6;1021,8;1021,3;1591,5;19,8;15,6;20,3;19,2;16,2;15,1;82;77;79;234;2,5;1,3;
2026/06/05;1700 UTC;0;1020,8;1021,3;1020,3;1607,6;20,9;16,2;21,9;20;16,7;15,6;80;72;77;254;1,8;,8;
2026/06/05;1800 UTC;0;1019,8;1020,3;1019,6;1559,5;22,5;16,5;23,2;21,6;16,9;16,2;76;67;70;65;2,2;1;
2026/06/05;1900 UTC;0;1019,4;1019,6;1019,2;1083,6;22,7;16,8;23,3;21,8;17,3;16,4;75;67;70;83;3,6;2,4;
2026/06/05;2000 UTC;0;1019,2;1019,3;1019,1;383,7;20,8;16,8;21,8;19,2;17,1;16,3;86;76;80;97;3,8;2,5;
2026/06/05;2100 UTC;0;1019,1;1019,2;1019;29,2;17,9;16;19,2;17;16,4;15,8;94;86;90;90;1;0;
2026/06/05;2200 UTC;0;1019;1019,1;1018,9;0;16,4;15,6;17;16;15,7;15,4;98;94;96;90;0;0;
2026/06/05;2300 UTC;0;1019,1;1019,2;1019;0;15,9;15,6;16,1;15,5;15,7;15,2;99;98;98;90;0;0;
2026/06/06;0000 UTC;0;1018,8;1019;1018,6;0;15,3;15,1;15,5;14,8;15,3;14,6;100;99;99;90;0;0;
2026/06/06;0100 UTC;0;1018,9;1019;1018,8;0;14,9;14,9;15,2;14,7;15,2;14,6;100;100;100;90;0;0;
2026/06/06;0200 UTC;0;1018,8;1019;1018,7;0;15,1;15,2;15,6;14,7;15,7;14,7;100;100;100;90;0;0;
2026/06/06;0300 UTC;0;1018,8;1018,8;1018,7;0;15,6;15,7;15,7;15,3;15,8;15,4;100;100;100;90;0;0;
2026/06/06;0400 UTC;0;1018,7;1018,9;1018,6;0;15,2;15,2;15,6;14,7;15,7;14,7;100;100;100;90;0;0;
2026/06/06;0500 UTC;0;1018,2;1018,6;1018;0;14,6;14,7;14,7;14,6;14,7;14,6;100;100;100;90;0;0;
2026/06/06;0600 UTC;0;1018,1;1018,3;1018;0;14,4;14,5;14,6;14,3;14,6;14,4;100;100;100;90;0;0;
2026/06/06;0700 UTC;0;1017,8;1018;1017,5;0;14,4;14,4;14,4;14,3;14,5;14,4;100;100;100;90;0;0;
2026/06/06;0800 UTC;0;1017,5;1017,6;1017,3;0;14,5;14,6;14,6;14,4;14,6;14,5;100;100;100;90;0;0;
2026/06/06;0900 UTC;0;1017,2;1017,3;1017;0;14,5;14,6;14,6;14,4;14,6;14,5;100;100;100;90;0;0;
2026/06/06;1000 UTC;0;1017,4;1017,6;1017,3;0;14,3;14,4;14,5;14,2;14,5;14,3;100;100;100;90;0;0;
2026/06/06;1100 UTC;,2;1017,8;1017,9;1017,6;17,6;14,2;14,3;14,3;14,1;14,4;14,1;100;100;100;90;0;0;
2026/06/06;1200 UTC;0;1018,1;1018,2;1017,9;139,7;14,1;14,1;14,2;13,9;14,3;14;100;100;100;90;0;0;
2026/06/06;1300 UTC;0;1018,1;1018,2;1018;274;14,2;14,3;14,5;14,1;14,6;14,1;100;100;100;90;0;0;
2026/06/06;1400 UTC;0;1018;1018,2;1017,9;448,7;14,5;14,5;14,7;14,3;14,7;14,4;100;100;100;90;0;0;
2026/06/06;1500 UTC;0;1017,9;1018,1;1017,6;535,6;14,7;14,7;14,9;14,4;15;14,5;100;100;100;90;0;0;
2026/06/06;1600 UTC;0;1017,3;1017,6;1017,1;499,7;14,9;14,8;15,4;14,6;15,1;14,6;100;98;100;90;0;0;
2026/06/06;1700 UTC;0;1016,7;1017,1;1016,6;602,6;15,7;14,4;15,9;15,2;14,9;14,1;98;91;94;90;0;0;
2026/06/06;1800 UTC;0;1016,5;1016,6;1016,3;404,5;15,6;14,3;16;15,4;14,6;14,1;95;91;93;90;0;0;
2026/06/06;1900 UTC;0;1016,4;1016,5;1016,2;332,2;15,7;14,2;15,9;15,4;14,5;13,9;94;91;92;90;0;0;
2026/06/06;2000 UTC;0;1016,3;1016,5;1016,2;179,9;16,1;14,4;16,2;15,8;14,6;14,2;93;90;91;90;0;0;
2026/06/06;2100 UTC;0;1016,4;1016,6;1016,2;15;15,9;14,3;16,1;15,8;14,5;14,1;93;91;92;90;0;0;
2026/06/06;2200 UTC;0;1016,7;1016,9;1016,5;0;15,6;14,2;15,8;15,5;14,4;14;94;92;93;90;0;0;
2026/06/06;2300 UTC;0;1017,2;1017,5;1016,8;0;15,5;14,2;15,6;15,4;14,3;13,8;94;92;93;90;0;0;
2026/06/07;0000 UTC;0;1017,4;1017,5;1017,3;0;15,4;14,3;15,4;15,3;14,4;14,2;95;94;95;90;0;0;
2026/06/07;0100 UTC;0;1017,4;1017,4;1017,3;0;15,2;14,3;15,3;15,2;14,4;14,2;96;95;95;90;0;0;
2026/06/07;0200 UTC;0;1017,4;1017,4;1017,3;0;15,2;14,3;15,3;15,2;14,4;14,3;96;95;95;90;0;0;
2026/06/07;0300 UTC;0;1017,3;1017,4;1017,1;0;15,3;14,4;15,3;15,2;14,5;14,3;96;95;96;90;0;0;
2026/06/07;0400 UTC;0;1017,2;1017,3;1017,1;0;15,3;14,5;15,4;15,3;14,6;14,4;96;95;96;90;0;0;
2026/06/07;0500 UTC;0;1017,4;1017,5;1017,2;0;15,3;14,6;15,4;15,2;14,7;14,4;97;96;96;90;0;0;
2026/06/07;0600 UTC;0;1017,4;1017,4;1017,3;0;15,3;14,7;15,4;15,2;14,7;14,5;97;96;97;90;0;0;
2026/06/07;0700 UTC;0;1017,1;1017,3;1016,9;0;15,3;14,7;15,4;15,3;14,7;14,6;97;96;97;90;0;0;
2026/06/07;0800 UTC;0;1016,8;1017;1016,7;0;15,2;14,7;15,3;15,2;14,8;14,6;98;97;97;90;0;0;
2026/06/07;0900 UTC;0;1016,8;1017,1;1016,6;0;15;14,7;15,1;15;14,8;14,6;98;98;98;90;0;0;
2026/06/07;1000 UTC;0;1017,5;1017,7;1017,1;0;15,1;14,6;15,1;15;14,7;14,5;98;98;98;90;0;0;
2026/06/07;1100 UTC;0;1017,6;1017,9;1017,5;97,2;14,6;14,3;15;14,3;14,5;14,1;99;98;99;90;0;0;
2026/06/07;1200 UTC;0;1018,1;1018,3;1017,9;543,3;15,2;14,5;15,8;14,5;14,7;14,2;99;92;96;90;0;0;
2026/06/07;1300 UTC;0;1018,4;1018,6;1018,2;1110,7;16,8;14,1;17,5;15,8;14,7;13,7;93;82;87;90;0;0;
2026/06/07;1400 UTC;0;1019,1;1019,4;1018,7;1174;17,6;13,6;18,3;17,2;14,2;13,1;83;77;80;256;0;0;
2026/06/07;1500 UTC;0;1019,1;1019,3;1018,9;1059,3;17,5;13,7;17,7;17,3;14,1;13,2;83;79;81;270;,8;,2;
2026/06/07;1600 UTC;0;1018,4;1018,9;1018,1;1235,1;17,9;14;18,1;17,6;14,4;13,6;83;78;81;123;1,8;,6;
2026/06/07;1700 UTC;0;1017,9;1018,2;1017,5;572,5;17,9;14,3;18,1;17,6;14,7;14;84;81;82;109;3,1;1,6;
2026/06/07;1800 UTC;0;1017,6;1017,7;1017,3;362;17,8;14,6;18;17,7;14,9;14,3;86;82;84;105;2,6;1,1;
2026/06/07;1900 UTC;0;1017,5;1017,8;1017,4;539,8;18,1;14,9;18,9;17,6;15,2;14,7;88;80;84;107;5,8;4;
2026/06/07;2000 UTC;0;1017,8;1018,2;1017,5;136,4;17,4;15,1;17,9;17,2;15,4;14,9;90;85;88;90;0;0;
2026/06/07;2100 UTC;0;1018,4;1018,6;1018,2;7;17;15;17,2;16,7;15,4;14,7;92;89;90;90;0;0;
2026/06/07;2200 UTC;0;1018,9;1019,2;1018,6;0;16,4;14,6;16,7;16,2;14,7;14,5;92;90;91;90;0;0;
2026/06/07;2300 UTC;0;1019,2;1019,4;1019;0;16,1;14,7;16,2;16;14,8;14,6;94;92;93;90;0;0;
2026/06/08;0000 UTC;0;1019,5;1019,7;1019,4;0;15,9;14,7;16;15,8;14,8;14,6;94;94;94;90;0;0;
2026/06/08;0100 UTC;0;1019,4;1019,6;1019,1;0;15,8;14,7;15,9;15,7;14,8;14,7;95;94;95;90;0;0;
2026/06/08;0200 UTC;0;1019,2;1019,4;1019;0;15,8;14,4;15,9;15,7;14,7;14,1;94;92;93;90;0;0;
2026/06/08;0300 UTC;0;1019,3;1019,4;1019,2;0;15,3;14,1;15,7;15,1;14,2;13,9;95;92;94;90;0;0;
2026/06/08;0400 UTC;0;1019,3;1019,5;1019,2;0;15;13,7;15,1;14,7;13,9;13,6;95;93;94;90;0;0;
2026/06/08;0500 UTC;0;1019,2;1019,4;1019;0;14,7;13,5;14,9;14,5;13,7;13,4;95;93;94;90;0;0;
2026/06/08;0600 UTC;0;1018,9;1019,2;1018,8;0;14,6;13,5;14,7;14,4;13,7;13,4;96;94;95;90;0;0;
2026/06/08;0700 UTC;,4;1019,1;1019,2;1019;0;14,4;13,7;14,6;14,1;13,8;13,3;98;94;96;90;0;0;
2026/06/08;0800 UTC;1;1018,8;1019,1;1018,5;0;14;13,7;14,1;13,9;13,9;13,6;99;98;98;90;0;0;
2026/06/08;0900 UTC;1,4;1018,2;1018,5;1018;0;13,8;13,5;13,9;13,7;13,6;13,4;99;98;99;90;0;0;
2026/06/08;1000 UTC;,4;1017,9;1018,1;1017,7;0;13,7;13,3;13,8;13,7;13,4;13,2;99;97;98;90;0;0;
2026/06/08;1100 UTC;,2;1017,7;1017,9;1017,6;10,9;13,8;13,3;14;13,7;13,4;13,3;98;97;98;90;0;0;
2026/06/08;1200 UTC;0;1018,1;1018,2;1017,9;135,2;14,4;13,6;14,7;14;13,7;13,4;97;95;96;90;0;0;
2026/06/08;1300 UTC;0;1018,5;1018,7;1018,3;309,6;15,1;13,9;15,7;14,7;14,2;13,5;95;89;94;90;0;0;
2026/06/08;1400 UTC;0;1018,7;1018,9;1018,6;513,6;16,1;13,7;16,3;15,7;14;13,3;91;86;88;90;0;0;
2026/06/08;1500 UTC;0;1018,2;1018,6;1017,9;558,9;16,4;14,2;16,5;16,3;14,6;13,7;91;87;89;90;0;0;
2026/06/08;1600 UTC;,6;1017,4;1017,9;1016,8;427,5;16,3;14,1;16,5;16;14,6;13,6;93;86;89;90;0;0;
2026/06/08;1700 UTC;1,4;1016,5;1016,8;1016,3;310,3;15,8;14,5;16;15,3;14,7;14,1;95;93;94;90;0;0;
2026/06/08;1800 UTC;3,9;1016,4;1016,9;1016,1;457,9;15,1;14,4;15,3;14,8;14,8;13,8;98;95;97;90;0;0;
2026/06/08;1900 UTC;,4;1016,4;1016,6;1016,3;327,4;14,5;13,4;14,8;14,2;14;12,9;96;93;95;90;0;0;
2026/06/08;2000 UTC;,2;1016,4;1016,6;1016,3;161,7;14,3;13,3;14,4;14,1;13,7;12,9;97;94;95;90;0;0;
2026/06/08;2100 UTC;0;1016,4;1016,6;1016,3;14,6;14,1;13,5;14,2;14;13,9;13;98;95;97;90;0;0;
2026/06/08;2200 UTC;,2;1016,6;1016,7;1016,4;0;14,1;13,8;14,1;14;14;13,7;99;98;99;90;0;0;
2026/06/08;2300 UTC;0;1016,6;1016,8;1016,4;0;13,9;13,5;14;13,8;13,8;13,3;99;97;98;90;0;0;
2026/06/09;0000 UTC;0;1016,8;1016,9;1016,7;0;13,9;13,3;14;13,9;13,6;13,1;98;96;97;90;0;0;
2026/06/09;0100 UTC;0;1016,7;1017;1016,6;0;13,9;13,7;13,9;13,8;13,8;13,5;100;98;99;90;0;0;
2026/06/09;0200 UTC;0;1016,6;1016,7;1016,5;0;13,9;13,9;14;13,9;13,9;13,8;100;99;100;90;0;0;
2026/06/09;0300 UTC;0;1016,5;1016,6;1016,4;0;13,9;13,8;14;13,7;13,9;13,4;100;98;99;90;0;0;
2026/06/09;0400 UTC;,4;1016,3;1016,5;1016,2;0;13,5;13,2;13,7;13,3;13,4;13,1;99;98;99;90;0;0;
2026/06/09;0500 UTC;3,5;1016,2;1016,4;1016,1;0;13,2;13,2;13,3;13,2;13,3;13;100;99;100;90;0;0;
2026/06/09;0600 UTC;1,4;1016;1016,1;1015,9;0;13,2;13,3;13,2;13,2;13,3;13,2;100;100;100;90;0;0;
2026/06/09;0700 UTC;1;1015,8;1016;1015,7;0;13,2;13,3;13,3;13,2;13,3;13,2;100;100;100;90;0;0;
2026/06/09;0800 UTC;,4;1015,8;1015,9;1015,8;0;13,3;13,3;13,3;13,1;13,4;13;100;99;100;90;0;0;
2026/06/09;0900 UTC;,8;1015,9;1016;1015,8;0;13,2;13,1;13,3;13,2;13,2;13;100;99;99;90;0;0;
2026/06/09;1000 UTC;0;1016,4;1016,7;1016;0;13,3;13,2;13,4;13,1;13,4;12,8;100;99;100;90;0;0;
2026/06/09;1100 UTC;0;1017;1017,4;1016,7;17;13,2;12,8;13,3;13,1;13;12,7;99;98;98;90;0;0;
2026/06/09;1200 UTC;0;1017,7;1017,9;1017,4;216,1;13,6;13,3;13,9;13,3;13,5;12,9;99;98;98;90;0;0;
2026/06/09;1300 UTC;0;1017,8;1017,9;1017,6;871,5;14,4;13,4;15;13,7;13,9;13;98;91;95;90;0;0;
2026/06/09;1400 UTC;0;1018,1;1018,3;1017,9;1205,1;15,4;13,1;16,1;14,9;13,7;12,2;93;82;88;90;0;0;
2026/06/09;1500 UTC;0;1017,8;1018,1;1017,2;1369,9;15,9;12,7;16,9;15,1;13,5;12,1;91;79;84;90;0;0;
2026/06/09;1600 UTC;0;1017;1017,3;1016,7;1687,3;16,7;12,1;17,5;15,7;13;11,4;82;73;77;90;0;0;
2026/06/09;1700 UTC;0;1016,2;1016,7;1015,8;1516,6;17,2;12;17,5;16,3;12,8;11;79;69;74;90;0;0;
2026/06/09;1800 UTC;0;1016;1016,1;1015,9;1426,6;17,3;12;18;16,5;12,6;11,5;78;69;74;90;,4;,4;
2026/06/09;1900 UTC;0;1016,1;1016,3;1015,8;1097,1;17,1;11,9;17,5;16,6;12,4;11,1;77;72;74;90;,4;,4;
2026/06/09;2000 UTC;0;1016,3;1016,4;1016,1;461,9;16,2;11,9;17,3;15,7;12,7;11,4;81;75;79;90;,4;,4;
2026/06/09;2100 UTC;0;1016,6;1016,8;1016,3;33,3;14,7;11,4;15,7;13,8;11,7;11,1;88;79;84;90;,4;,4;
2026/06/09;2200 UTC;0;1017;1017,3;1016,8;0;13,2;11,1;13,7;12,7;11,3;10,8;91;87;89;90;,4;,4;
2026/06/09;2300 UTC;0;1017,2;1017,3;1017;0;12,3;10,7;12,7;12;10,9;10,6;93;90;92;90;,4;,4;
2026/06/10;0000 UTC;0;1017,5;1017,8;1017,2;0;11,4;10,6;12;11,1;10,8;10,4;98;93;96;90;,4;,4;
2026/06/10;0100 UTC;0;1018,2;1018,5;1017,7;0;11,4;10,8;11,9;11;11;10,6;98;95;97;90;,4;,4;
2026/06/10;0200 UTC;0;1018;1018,2;1017,7;0;11,9;11,2;12,2;11,8;11,5;11;97;95;96;90;,4;,4;
2026/06/10;0300 UTC;0;1017,5;1017,7;1017,2;0;11,2;10,6;11,9;10,8;11;10,4;98;95;97;90;,4;,4;
2026/06/10;0400 UTC;0;1017,1;1017,2;1016,7;0;10,9;10,5;11,1;10,7;10,7;10,2;99;97;98;90;,4;,4;
2026/06/10;0500 UTC;0;1016,6;1016,9;1016,2;0;9,9;9,7;10,6;9,3;10,2;9,1;100;97;99;269;10,9;9,6;
2026/06/10;0600 UTC;0;1016,2;1016,3;1016;0;9,6;9,5;9,7;9,5;9,6;9,4;100;99;100;354;11,5;9,5;
2026/06/10;0700 UTC;0;1016,2;1016,7;1015,9;0;9,2;9,1;9,7;8,8;9,6;8,7;100;99;100;352;9,8;8,8;
2026/06/10;0800 UTC;0;1016,7;1016,9;1016,6;0;9,7;9,8;10,2;9,2;10,3;9,3;100;100;100;348;9,2;8;
2026/06/10;0900 UTC;0;1016,8;1017;1016,5;0;9,6;9,7;9,9;8,9;9,9;8,9;100;100;100;353;6,1;5,5;
2026/06/10;1000 UTC;,2;1017;1017,3;1016,6;0;9,4;9,5;9,6;8,9;9,7;8,9;100;100;100;354;8,1;7,3;
2026/06/10;1100 UTC;0;1017,2;1017,7;1017;56,5;9;9,1;9,7;8,6;9,7;8,7;100;100;100;350;5,6;4,2;
2026/06/10;1200 UTC;0;1017,9;1018,1;1017,7;228,6;9,6;9,7;10,1;9;10,1;9,1;100;100;100;351;8,9;7,8;
2026/06/10;1300 UTC;0;1018,2;1018,3;1017,9;540,2;10,6;10,6;11,3;9,9;11,4;10;100;100;100;329;11,8;10,2;
2026/06/10;1400 UTC;0;1018;1018,3;1017,8;773,3;11,6;11,6;12;11,1;12,1;11,2;100;100;100;44;12,2;11,3;
2026/06/10;1500 UTC;0;1018,1;1018,2;1017,8;1230,9;12,7;12,3;13,6;12;13;11,4;100;91;98;292;15,6;13,7;
2026/06/10;1600 UTC;0;1017,7;1018,3;1016,9;1427,7;14,7;11,5;15,6;13,7;12,1;11,2;91;79;84;231;19,7;18,3;
2026/06/10;1700 UTC;0;1016;1016,8;1015,4;1724,1;16,3;11,4;17,1;15,3;11,9;10,8;80;70;75;0;23,1;5,7;
2026/06/10;1800 UTC;0;1015,3;1015,5;1015,2;1387,7;17;11,4;17,9;16;12;10,9;77;67;72;0;,7;,1;
2026/06/10;1900 UTC;0;1015,2;1015,3;1015;1260,6;17,7;11,6;18,3;17,1;12,3;11,1;74;67;70;90;0;0;
2026/06/10;2000 UTC;0;1015,1;1015,3;1014,9;451,5;16,8;11,9;17,2;16;12,4;11,6;80;73;75;90;0;0;
2026/06/10;2100 UTC;0;1015;1015,2;1014,9;33,3;15;11,9;16,1;13,9;12;11,7;89;79;85;90;0;0;
2026/06/10;2200 UTC;0;1015,6;1016,1;1015,2;0;13;11,6;13,9;12,3;11,9;11,4;97;89;93;90;0;0;
2026/06/10;2300 UTC;0;1016,2;1016,4;1016;0;12,2;11,7;12,8;11,7;12,1;11,2;99;96;98;90;0;0;
2026/06/11;0000 UTC;0;1016,4;1016,5;1016,2;0;12,8;11,9;12,9;12,6;12,1;11,8;97;95;95;90;0;0;
2026/06/11;0100 UTC;0;1016;1016,3;1015,7;0;11,9;11,5;12,4;11,5;11,8;11,3;99;96;98;90;0;0;
2026/06/11;0200 UTC;0;1015,8;1016,1;1015,7;0;11,2;11,1;11,6;10,7;11,6;10,7;100;99;100;90;0;0;
2026/06/11;0300 UTC;0;1016,2;1016,4;1016;0;10,4;10,4;11,3;9,6;11,3;9,7;100;100;100;90;0;0;
2026/06/11;0400 UTC;0;1015,8;1016,1;1015,5;0;9,4;9,4;10,4;8,7;10,4;8,8;100;100;100;349;12,5;11,2;
2026/06/11;0500 UTC;0;1016,2;1016,5;1015,7;0;10,4;10,5;10,7;10,2;10,8;10,2;100;100;100;357;11,4;10,5;
2026/06/11;0600 UTC;0;1016,4;1016,5;1016,3;0;11;11,1;11,3;10,7;11,4;10,8;100;100;100;353;9,7;9,1;
2026/06/11;0700 UTC;0;1016,3;1016,5;1016,1;0;10,6;10,6;11;10,3;11;10,3;100;100;100;354;9,6;8,6;
2026/06/11;0800 UTC;0;1016;1016,2;1015,7;0;10,6;10,7;10,8;10,4;10,9;10,4;100;100;100;351;8,3;7,8;
2026/06/11;0900 UTC;0;1015,7;1015,8;1015,5;0;10,4;10,4;10,5;10,3;10,6;10,3;100;100;100;352;8,7;7,8;
2026/06/11;1000 UTC;0;1016,5;1016,8;1015,9;0;10,3;10,3;10,4;10,2;10,4;10,2;100;100;100;357;10,2;9,8;
2026/06/11;1100 UTC;0;1016,9;1017,1;1016,7;22,7;10,6;10,7;10,9;10,4;10,9;10,4;100;100;100;354;10,1;8,8;
2026/06/11;1200 UTC;0;1017,3;1017,6;1017;336,4;11,4;11,5;12,1;10,8;12,2;10,9;100;100;100;350;11,6;10,6;
2026/06/11;1300 UTC;0;1017,8;1018,3;1017,6;658,9;12,8;12,9;13,3;12,2;13,4;12,2;100;100;100;352;14,2;13,2;
2026/06/11;1400 UTC;0;1018,3;1018,4;1017,9;1096;14;13,8;14,7;13,2;14,2;13,3;100;95;99;348;15,9;14,5;
2026/06/11;1500 UTC;0;1017,7;1017,9;1017,5;1068;15,3;13,9;15,9;14,5;14,4;13,4;96;90;93;282;19,1;17,6;
2026/06/11;1600 UTC;0;1017;1017,5;1016,6;944,2;16,6;13,8;17,1;15,8;14,3;13,3;91;81;86;0;0;0;
2026/06/11;1700 UTC;0;1015,8;1016,6;1015,4;767,9;17,3;13,4;17,6;17;13,9;13;83;79;80;0;,1;,1;
2026/06/11;1800 UTC;0;1015,3;1015,5;1015,2;760,1;17,7;13,5;18;17,3;14;13,3;82;78;79;180;1,9;,3;
2026/06/11;1900 UTC;0;1015,1;1015,3;1014,8;480;17,6;13,8;17,9;17,2;14,3;13,3;85;77;81;135;0;0;
2026/06/11;2000 UTC;0;1015;1015,1;1015;184,3;16,7;14,1;17,3;16,2;14,4;13,8;89;83;87;135;0;0;
2026/06/11;2100 UTC;0;1015;1015,1;1014,9;19,8;15,7;14,2;16,2;15,4;14,3;14;95;90;92;135;0;0;
2026/06/11;2200 UTC;0;1015,1;1015,3;1015;0;15,1;14,1;15,4;14,8;14,3;14,1;97;94;95;135;0;0;
2026/06/11;2300 UTC;0;1015,5;1015,6;1015,3;0;14,6;14,1;14,8;14,5;14,2;14;98;97;97;135;0;0;
2026/06/12;0000 UTC;0;1015,5;1015,6;1015,3;0;14,5;14,2;14,6;14,3;14,3;14;99;98;99;135;0;0;
2026/06/12;0100 UTC;0;1014,9;1015,3;1014,6;0;14,3;14,2;14,4;14,1;14,3;14,1;100;99;100;135;0;0;
2026/06/12;0200 UTC;0;1014,8;1015;1014,6;0;14;14;14,1;13,9;14,1;13,9;100;100;100;135;0;0;
2026/06/12;0300 UTC;0;1014,7;1014,9;1014,6;0;14;14,1;14,1;14;14,1;14;100;100;100;135;0;0;
2026/06/12;0400 UTC;0;1014,4;1014,8;1014,1;0;14;14,1;14,1;14;14,1;14,1;100;100;100;135;0;0;
2026/06/12;0500 UTC;,8;1013,5;1014,1;1012,9;0;14,2;14,3;14,5;14;14,6;14,1;100;100;100;135;0;0;
2026/06/12;0600 UTC;,2;1012,6;1012,9;1012,2;0;14,7;14,8;14,8;14,5;14,9;14,6;100;100;100;135;0;0;
2026/06/12;0700 UTC;,8;1012;1012,2;1011,5;0;14,9;14,8;14,9;14,9;14,9;14,7;100;99;100;135;0;0;
2026/06/12;0800 UTC;,2;1011,2;1011,6;1010,8;0;14,8;14,5;14,9;14,8;14,7;14,5;99;98;99;135;0;0;
2026/06/12;0900 UTC;2,7;1010,8;1011,1;1010,6;0;14,7;14,4;14,9;14,4;14,6;14,2;99;98;98;135;0;0;
2026/06/12;1000 UTC;3,7;1010,9;1011,1;1010,8;0;14,3;14,1;14,4;14,2;14,2;14;100;99;99;135;0;0;
2026/06/12;1100 UTC;2,9;1011,1;1011,2;1011;1,2;14,3;14,2;14,4;14,2;14,4;14,1;100;99;100;135;0;0;
2026/06/12;1200 UTC;3,1;1011,2;1011,3;1011;27,4;14,6;14,5;14,7;14,4;14,6;14,3;100;99;99;135;0;0;
2026/06/12;1300 UTC;5,3;1011,2;1011,3;1011,1;59,1;14,5;14,3;14,7;14,5;14,6;14,1;99;98;99;135;0;0;
2026/06/12;1400 UTC;5,7;1011,5;1011,7;1011,3;107,5;14,5;14,3;14,7;14,4;14,6;14,1;99;98;99;135;0;0;
2026/06/12;1500 UTC;6,1;1011,4;1011,5;1011,2;150,4;14;13,5;14,4;13,7;14,2;13,1;99;96;97;135;0;0;
2026/06/12;1600 UTC;5,7;1010,9;1011,2;1010,6;139,9;13,3;12,7;13,7;13,1;13,3;12,3;98;96;97;135;0;0;
2026/06/12;1700 UTC;2,9;1010,2;1010,6;1009,8;168,1;13,1;12,7;13,3;13;13,1;12,3;99;96;98;135;0;0;
2026/06/12;1800 UTC;2,5;1009,8;1009,9;1009,7;163,9;13,4;13,3;13,6;13,3;13,5;13;100;99;99;135;0;0;
2026/06/12;1900 UTC;2,2;1009,9;1010;1009,7;106,1;13,5;13,3;13,7;13,4;13,6;13,1;99;98;99;135;0;0;
2026/06/12;2000 UTC;1;1009,9;1010;1009,7;60,3;13,9;13,7;14;13,7;13,8;13,5;99;99;99;135;0;0;
2026/06/12;2100 UTC;0;1010,1;1010,4;1009,8;16,3;14,1;13,8;14,2;14;13,9;13,7;99;98;99;135;0;0;
2026/06/12;2200 UTC;0;1010,8;1011,2;1010,4;0;14,2;13,4;14,3;14,1;13,7;12,9;98;94;96;135;0;0;
2026/06/12;2300 UTC;0;1011,7;1012,2;1011,2;0;13,8;12;14,2;13,6;12,9;11,7;94;90;91;135;0;0;
2026/06/13;0000 UTC;0;1012,5;1012,8;1012,1;0;13,2;11,8;13,6;12,9;12,1;11,5;94;90;93;135;0;0;
2026/06/13;0100 UTC;0;1013;1013,3;1012,8;0;13;12,4;13,3;12,9;12,5;12,2;98;94;97;135;0;0;
2026/06/13;0200 UTC;0;1013,5;1013,7;1013,2;0;13,1;12,7;13,7;12,9;13,1;12,4;98;97;98;135;0;0;
2026/06/13;0300 UTC;0;1013,7;1013,8;1013,5;0;13,6;13,1;13,8;13,3;13,2;13;99;97;98;135;0;0;
2026/06/13;0400 UTC;0;1013,6;1013,7;1013,4;0;13,1;13;13,3;12,7;13,2;12,6;100;99;100;135;0;0;
2026/06/13;0500 UTC;0;1013,7;1013,8;1013,5;0;12,5;12,3;12,7;12,1;12,6;12;100;99;99;135;0;0;
2026/06/13;0600 UTC;0;1013,5;1013,6;1013,4;0;12;11,9;12,5;11,8;12,4;11,7;100;99;100;135;0;0;
2026/06/13;0700 UTC;0;1013,7;1013,9;1013,4;0;12,9;12,8;13;12,5;12,9;12,5;100;99;99;135;0;0;
2026/06/13;0800 UTC;0;1013,9;1014,1;1013,7;0;12,9;12,5;13;12,8;12,7;12,4;99;98;98;135;0;0;
2026/06/13;0900 UTC;0;1013,7;1013,9;1013,5;0;12,2;12;12,7;11,9;12,4;11,8;100;98;99;135;0;0;
2026/06/13;1000 UTC;0;1014,2;1014,7;1013,9;0;12,9;12,5;13,1;12,3;12,6;12,2;100;97;98;135;0;0;
2026/06/13;1100 UTC;0;1015;1015,4;1014,6;26,7;13,1;12,6;13,1;13;12,6;12,4;98;97;97;135;0;0;
2026/06/13;1200 UTC;0;1015,7;1016;1015,4;472,1;13,1;12,2;13,7;12,7;12,5;12,1;97;93;96;135;0;0;
2026/06/13;1300 UTC;0;1016,6;1017;1016;1083,4;14,7;12,5;15,4;13,7;12,9;12;93;84;89;135;0;0;
2026/06/13;1400 UTC;0;1017,2;1017,4;1017;1297,5;15,5;12,1;16,2;15,1;13;11,6;87;79;83;135;0;0;
2026/06/13;1500 UTC;0;1017,3;1017,4;1017,1;2160,8;16,7;12,4;17,8;16,1;13;11,9;84;73;78;135;0;0;
2026/06/13;1600 UTC;0;1016,8;1017,3;1016,3;2036;17,7;11,6;18,7;17,1;12,8;10,7;77;64;69;134;2,7;0;
2026/06/13;1700 UTC;0;1015,9;1016,3;1015,6;926,3;17,3;11,1;18,1;17;11,8;10,4;73;65;69;134;2;2;
2026/06/13;1800 UTC;0;1015,4;1015,6;1015,3;1503,7;18,1;11,5;18,8;17,3;12,7;10,2;71;62;67;249;3,9;1,4;
2026/06/13;1900 UTC;0;1015,4;1015,5;1015,3;918,7;17,9;11,9;18,8;17,4;12,5;11,5;74;64;70;238;2;,5;
2026/06/13;2000 UTC;0;1015,5;1015,6;1015,4;245,4;17,1;12;17,6;16,6;12,7;11,3;80;70;74;;;;
2026/06/13;2100 UTC;0;1015,6;1015,7;1015,5;18,2;16,1;12,5;16,6;15,4;13,3;12;89;77;82;;;;
2026/06/13;2200 UTC;0;1015,8;1016,1;1015,5;0;14,5;12,6;15,4;13,9;13,5;11,7;94;84;91;;;;
2026/06/13;2300 UTC;0;1016,6;1016,8;1016,1;0;14,7;11,6;15;14,3;11,9;11,3;87;81;84;;;;
2026/06/14;0000 UTC;0;1016,8;1017;1016,7;0;14,1;11,5;14,4;13,7;11,7;11,4;89;85;87;;;;
2026/06/14;0100 UTC;0;1017,1;1017,2;1016,9;0;13,5;11,4;13,7;13,4;11,6;11,2;90;89;89;;;;
2026/06/14;0200 UTC;0;1017;1017,2;1016,9;0;13,5;10,9;13,6;13,3;11,5;10,5;90;85;87;;;;
2026/06/14;0300 UTC;0;1016,8;1016,9;1016,7;0;13,4;10,2;13,6;13,2;10,6;9,9;85;83;84;;;;
2026/06/14;0400 UTC;0;1016,7;1016,9;1016,6;0;13;10,3;13,3;12,8;10,8;9,8;90;83;87;;;;
2026/06/14;0500 UTC;0;1016,5;1016,7;1016,3;0;12,7;10,6;13;12,4;10,7;10,3;91;87;89;;;;
2026/06/14;0600 UTC;0;1016,5;1016,7;1016,3;0;12,9;10,3;13;12,6;10,4;10,1;89;86;87;;;;
2026/06/14;0700 UTC;0;1016,9;1017,3;1016,6;0;12,5;10,5;12,6;12,3;10,7;10,4;92;89;90;;;;
2026/06/14;0800 UTC;0;1016,9;1017,4;1016,4;0;12,4;9,9;12,5;12,2;10,5;9,3;90;85;88;;;;
2026/06/14;0900 UTC;0;1016,7;1016,9;1016,5;0;11,8;9,3;12,2;11,3;9,5;9,2;91;86;88;;;;
2026/06/14;1000 UTC;0;1017,2;1017,5;1016,8;0;11,5;8,8;11,8;11,3;9,5;8,3;91;83;86;;;;
2026/06/14;1100 UTC;0;1017,6;1018;1017,2;29;11,6;7,9;11,8;11,5;8,2;7,6;83;80;81;;;;
2026/06/14;1200 UTC;0;1018,5;1019;1017,9;75,4;11,4;8,4;11,6;11,1;9,2;7,8;90;81;85;;;;
2026/06/14;1300 UTC;0;1019,6;1020,2;1019;163,4;10,8;9,8;11,3;10,5;10,2;9,2;98;90;95;329;7,1;4,6;
2026/06/14;1400 UTC;,4;1020,4;1020,6;1020,2;579,6;10,9;9,9;11,8;10,4;10,4;9,2;98;88;95;331;7,5;4,1;
2026/06/14;1500 UTC;,2;1020,3;1020,5;1020,1;1111,4;12,5;9;12,8;11,6;10,2;8,1;91;77;82;347;4;4;
2026/06/14;1600 UTC;0;1020,1;1020,2;1019,9;916,1;12,7;8,1;13;12,4;9,1;7;83;70;77;328;3,9;3,4;
2026/06/14;1700 UTC;0;1019,8;1020;1019,5;947,1;12,9;6,9;13,5;12,6;7,7;6,5;74;67;70;321;3;3;
2026/06/14;1800 UTC;0;1019,6;1019,7;1019,3;739,2;13,1;7;13,5;12,8;7,5;6,5;73;65;70;321;3;3;
2026/06/14;1900 UTC;0;1019,7;1019,9;1019,6;711,6;13;6,7;13,7;12,8;7,6;6;74;63;68;321;3;3;
2026/06/14;2000 UTC;0;1020,1;1020,4;1019,9;599,9;13,1;6;13,5;12,5;6,8;4,6;68;57;65;321;3;3;
2026/06/14;2100 UTC;0;1020,8;1021,1;1020,4;55,9;11,6;6;12,5;10,7;6,9;5,5;76;65;72;321;3;3;
2026/06/14;2200 UTC;0;1021;1021,2;1020,9;0;9,9;5,4;10,6;8,9;5,9;5,1;83;74;78;249;6,5;3,2;
2026/06/14;2300 UTC;0;1021,5;1021,7;1021,2;0;9;5;9,2;8,7;5,2;4,7;81;79;80;269;7,2;2,9;
2026/06/15;0000 UTC;0;1021,9;1022;1021,7;0;8,1;5,1;8,7;7,5;5,5;4,8;88;81;85;241;2,4;1,8;
2026/06/15;0100 UTC;0;1022;1022,3;1021,9;0;7,1;5;7,6;6,4;5,3;4,8;93;86;90;258;1,5;1,1;
2026/06/15;0200 UTC;0;1022,3;1022,4;1022,2;0;6,6;4,9;6,9;6,3;5,2;4,7;95;89;92;260;1,8;1,2;
2026/06/15;0300 UTC;0;1022,4;1022,5;1022,3;0;6,1;4,6;6,7;5,3;4,9;4,3;96;90;92;275;1,3;,9;
2026/06/15;0400 UTC;0;1022,4;1022,6;1022,2;0;4,7;4,2;5,3;4,4;4,5;4;99;96;98;306;2;1,1;
2026/06/15;0500 UTC;0;1022,3;1022,4;1022,1;0;4,4;4,1;4,6;4,2;4,3;3,8;99;98;98;320;2,3;1,7;
2026/06/15;0600 UTC;0;1022,2;1022,4;1021,9;0;4,1;3,6;4,5;3,5;4;3,2;99;95;98;229;,5;,2;
2026/06/15;0700 UTC;0;1021,9;1022,1;1021,8;0;3,2;3,1;3,5;2,9;3,2;2,9;100;99;99;332;1,2;,7;
2026/06/15;0800 UTC;0;1021,8;1022;1021,7;0;2,9;2,9;3,1;2,7;3,1;2,8;100;100;100;315;1,6;,6;
2026/06/15;0900 UTC;0;1021,9;1022,1;1021,8;0;2,8;2,8;2,9;2,5;3;2,6;100;100;100;238;1,9;1,4;
2026/06/15;1000 UTC;0;1022,3;1022,7;1022;0;3,3;3,1;3,5;2,5;3,5;2;100;97;99;250;1,9;1;
2026/06/15;1100 UTC;0;1023,1;1023,4;1022,8;53,8;4;2,9;4,7;2,5;3,4;2;100;89;94;250;3,4;1,9;
2026/06/15;1200 UTC;0;1023,6;1023,7;1023,3;512,1;5,7;3;6,7;4,7;4,1;2,5;89;84;86;275;3,2;1,3;
2026/06/15;1300 UTC;0;1023,9;1024,1;1023,7;1100,2;7,8;4,9;8,6;6,8;5,7;3,8;87;84;85;311;4,7;3,6;
2026/06/15;1400 UTC;0;1024,2;1024,3;1024,1;1681,5;9,4;5,3;10,2;8,6;6,2;3,9;85;69;80;335;6,9;5,4;
2026/06/15;1500 UTC;0;1023,7;1024,2;1023,2;1977,6;10,3;4,3;10,7;9,9;5,6;3,5;76;65;70;333;8,3;5,8;
2026/06/15;1600 UTC;0;1022,6;1023,2;1021,9;2121,7;11,1;3,9;11,7;10,6;5,2;3,1;71;59;64;343;11,8;8,4;
2026/06/15;1700 UTC;0;1021,5;1021,9;1021;1883,5;11,9;4;12,3;11,4;4,9;3,4;65;57;61;285;10,5;6,6;
2026/06/15;1800 UTC;0;1021;1021,2;1020,9;1591,9;12,4;3,9;12,8;11,6;4,9;3,4;62;55;57;348;12;10,2;
2026/06/15;1900 UTC;0;1021,1;1021,2;1020,9;1151,1;12,6;4,1;12,8;12,4;4,6;3,4;60;54;57;351;13,2;10,6;
2026/06/15;2000 UTC;0;1021;1021,1;1020,9;516,1;12,4;4,2;12,7;12,1;4,7;3,5;63;55;59;355;11,4;10,6;
2026/06/15;2100 UTC;0;1021,3;1021,4;1021;28,7;10;4,7;12,1;8,3;5,4;4;83;60;74;250;1,1;,7;
2026/06/15;2200 UTC;0;1021,4;1021,5;1021,3;0;7,7;5,2;8,2;7,4;6,2;4,8;90;83;87;235;1,8;1,5;
2026/06/15;2300 UTC;0;1021,5;1021,6;1021,4;0;7,1;4,7;7,7;6,5;5,1;4,5;92;84;88;315;2,1;1,5;
2026/06/16;0000 UTC;0;1021,5;1021,7;1021,5;0;5,9;4,8;6,6;5,2;5;4,4;97;91;94;281;1,7;1,1;
2026/06/16;0100 UTC;0;1021,3;1021,6;1021,2;0;5,6;3,9;5,9;5,2;4,7;3,4;97;87;91;312;3,1;2,2;
2026/06/16;0200 UTC;0;1021,3;1021,4;1021,3;0;5,4;3,2;5,8;4,3;3,4;2,8;94;87;89;338;2;1,3;
2026/06/16;0300 UTC;0;1021,1;1021,4;1020,8;0;5,6;3,2;6,4;4,1;3,6;2,9;96;84;88;331;2,9;1,6;
2026/06/16;0400 UTC;0;1020,9;1021;1020,7;0;5,8;3;6,1;5,4;3,3;2,6;88;84;86;336;3,4;2;
2026/06/16;0500 UTC;0;1020,5;1020,7;1020,3;0;4,6;2,6;5,4;3,8;3,1;2;95;86;90;336;4,3;3,3;
2026/06/16;0600 UTC;0;1020,3;1020,5;1020,2;0;4,4;2,2;5,2;2,9;2,4;1,7;96;86;89;293;1,6;,8;
2026/06/16;0700 UTC;0;1019,9;1020,2;1019,8;0;2,5;2,1;2,9;2,2;2,2;1,9;99;96;98;263;,7;,4;
2026/06/16;0800 UTC;0;1019,9;1020,1;1019,6;0;2,1;2;2,3;1,8;2,2;1,7;100;99;99;306;1,1;,6;
2026/06/16;0900 UTC;0;1019,6;1019,8;1019,4;0;1,5;1,6;1,9;1,3;1,9;1,3;100;100;100;188;1,7;,7;
2026/06/16;1000 UTC;0;1019,6;1019,8;1019,4;0;2;1,7;3,6;1,2;2,2;1,3;100;89;98;341;3,8;2,7;
2026/06/16;1100 UTC;0;1019,9;1020,2;1019,6;50,8;2,8;1;3,6;2,1;1,4;,4;95;88;91;181;1,1;,7;
2026/06/16;1200 UTC;0;1020,3;1020,4;1020,1;539,8;3,6;2,2;5,2;2,3;2,8;1,2;96;88;93;255;,6;,3;
2026/06/16;1300 UTC;0;1020,5;1020,6;1020,3;1139,7;7,8;3,7;10,7;5,3;4,8;2,6;87;68;80;302;11;8,8;
2026/06/16;1400 UTC;0;1020,3;1020,5;1020,2;1696,2;12,1;4,5;13,5;10,7;5,2;3,8;70;56;62;281;5,4;5,4;
2026/06/16;1500 UTC;0;1019,8;1020,2;1019,3;1994,8;14,1;4,9;15;13,3;5,7;4;59;49;54;270;5,4;5,4;
2026/06/16;1600 UTC;0;1018,6;1019,2;1017,8;2094,4;15,6;5,4;16,3;15;6,3;4,6;52;46;49;270;5,4;5,4;
2026/06/16;1700 UTC;0;1017,3;1017,8;1016,9;1841,1;16,9;6,2;17,6;16,1;6,8;5,5;49;44;47;270;5,4;5,4;
2026/06/16;1800 UTC;0;1017;1017,1;1016,8;1558,2;17,6;6,6;18;17,2;7,1;6;47;43;45;270;5,4;5,4;
2026/06/16;1900 UTC;0;1016,8;1017;1016,7;1133,6;17,9;7,2;18,2;17,7;7,6;6,7;49;44;47;270;5,4;5,4;
2026/06/16;2000 UTC;0;1016,9;1017;1016,7;513,8;17,4;7,4;17,8;16,8;7,7;7,1;52;47;50;270;5,4;5,4;
2026/06/16;2100 UTC;0;1016,7;1016,8;1016,6;30,8;15,1;7;16,8;13,9;7,2;6,6;64;52;59;331;3,2;2;
2026/06/16;2200 UTC;0;1016,6;1016,7;1016,5;0;13;6,5;13,8;12,1;6,6;6,3;71;64;68;310;2,6;1,2;
2026/06/16;2300 UTC;0;1016,8;1017;1016,6;0;12,4;5,9;13,6;11,1;6,4;5,3;75;59;68;288;5,2;2,4;
2026/06/17;0000 UTC;0;1016,8;1016,9;1016,7;0;13,8;4,8;14;13,5;5,4;4,6;59;54;55;295;7,2;4,8;
2026/06/17;0100 UTC;0;1017;1017,1;1016,9;0;13,5;4,7;13,7;13,3;4,8;4,6;57;55;56;290;7,9;4,5;
2026/06/17;0200 UTC;0;1017,2;1017,5;1016,9;0;13,4;4,9;13,6;13,1;5,1;4,8;59;56;57;290;7,3;3,9;
2026/06/17;0300 UTC;0;1017,8;1018,2;1017,4;0;13,4;5,1;13,7;12,7;5,3;5;62;57;58;251;6,4;3,3;
2026/06/17;0400 UTC;0;1018,3;1018,4;1018,1;0;12;5,1;12,9;11,6;5,3;4,9;67;62;66;266;5,1;3;
2026/06/17;0500 UTC;0;1018,4;1018,5;1018,2;0;12,4;5,5;12,7;11,9;5,8;5,2;67;64;65;272;7,2;4,1;
2026/06/17;0600 UTC;0;1018,4;1018,6;1018,3;0;12,5;6;12,7;12,3;6,3;5,7;69;66;68;266;7,6;4,6;
2026/06/17;0700 UTC;0;1018,7;1019,1;1018,5;0;12,3;6,3;12,6;11,8;6,4;6,2;73;69;70;266;7;4,7;
2026/06/17;0800 UTC;0;1019;1019,2;1018,9;0;11,4;6,4;11,8;11,1;6,6;6,3;77;73;75;266;7,4;4,3;
2026/06/17;0900 UTC;0;1019,4;1019,8;1019,1;0;11;6,7;11,2;10,8;6,8;6,6;80;77;79;267;5,7;3,5;
2026/06/17;1000 UTC;0;1020,2;1020,5;1019,8;0;10,6;6,9;10,9;10,3;7;6,8;83;80;82;263;5,3;3,2;
2026/06/17;1100 UTC;0;1021,1;1021,6;1020,5;44,5;10,1;6,9;10,3;10;7;6,8;85;83;84;265;5,7;3,1;
2026/06/17;1200 UTC;0;1021,9;1022,4;1021,5;516,1;10,6;7;11,3;10,1;7,4;6,8;84;80;82;255;7,8;5,8;
2026/06/17;1300 UTC;0;1022,8;1023,3;1022,2;1089,2;11,9;7,7;12,4;11,3;8,1;7,4;81;78;79;274;9,9;7,5;
2026/06/17;1400 UTC;0;1023,6;1023,8;1023,3;1684,7;13,1;8,8;13,9;12,4;9,8;8;80;77;79;300;10,5;7,5;
2026/06/17;1500 UTC;0;1023,8;1023,9;1023,6;1998;14,4;9,7;14,9;13,9;10;9,2;79;74;76;287;6,4;6,2;
2026/06/17;1600 UTC;0;1023,7;1023,9;1023,6;2099,6;15,2;9,7;15,7;14,7;10,1;9;75;69;72;270;6,2;6,2;
2026/06/17;1700 UTC;0;1023,5;1023,7;1023,4;1925,5;15,9;9,8;16,2;15,6;10,7;9,3;73;67;70;270;6,2;6,2;
2026/06/17;1800 UTC;0;1023,5;1023,6;1023,4;1571,3;16,2;9,7;16,5;15,8;10,3;9,2;71;65;68;270;6,2;6,2;
2026/06/17;1900 UTC;0;1023,8;1024;1023,6;1116,6;15,9;9,2;16,3;15,6;10,1;8,6;70;64;67;230;5,6;5,6;
2026/06/17;2000 UTC;0;1024,2;1024,4;1023,9;407,5;14,9;8,7;15,6;13,9;9,3;8,3;73;65;69;220;4,2;2,8;
2026/06/17;2100 UTC;0;1024,5;1024,6;1024,3;17,1;12,6;8,3;13,9;11,5;8,9;7,7;82;73;78;232;3;2,1;
2026/06/17;2200 UTC;0;1024,7;1024,8;1024,5;0;11,1;7,3;11,5;10,7;7,7;7,1;82;80;81;202;3,4;2,1;
2026/06/17;2300 UTC;0;1024,7;1024,8;1024,6;0;9,8;7,3;10,8;8,6;7,5;7,2;94;82;88;203;1;,6;
2026/06/18;0000 UTC;0;1025;1025,1;1024,8;0;7,7;7,2;8,6;7,3;7,5;6,9;99;94;97;275;1,1;,6;
2026/06/18;0100 UTC;0;1024,9;1025,1;1024,8;0;6,8;6,6;7,3;6,4;7;6,3;100;98;99;322;2,7;1,3;
2026/06/18;0200 UTC;0;1025,1;1025,2;1024,9;0;6,6;6,4;7,1;6,3;7,1;6,1;100;98;99;187;1,2;,9;
2026/06/18;0300 UTC;0;1025,1;1025,3;1025;0;5,6;5,5;6,4;5,2;6,3;5,1;100;99;100;336;2;1,2;
2026/06/18;0400 UTC;0;1024,9;1025;1024,6;0;5,2;5,1;5,3;5;5,3;5;100;100;100;316;2;1;
2026/06/18;0500 UTC;0;1024,5;1024,6;1024,2;0;4,7;4,8;5,5;4,2;5,5;4,2;100;100;100;318;2,9;1,8;
2026/06/18;0600 UTC;0;1024;1024,2;1023,8;0;5,4;5,2;5,6;4,9;5,6;4,7;100;98;99;335;2,2;1,3;
2026/06/18;0700 UTC;0;1023,8;1024;1023,5;0;5,1;5,1;5,8;4,7;5,8;4,4;100;99;100;233;1,1;,6;
2026/06/18;0800 UTC;0;1023,5;1023,7;1023,3;0;4,7;4,6;5,8;4,2;5,8;4,2;100;99;100;223;1,1;,7;
2026/06/18;0900 UTC;0;1023,3;1023,5;1023,2;0;4,3;4,4;4,5;4,1;4,6;4,1;100;100;100;273;1,7;,9;
2026/06/18;1000 UTC;0;1023,2;1023,4;1023,2;0;3,7;3,8;4,2;3,4;4,3;3,4;100;100;100;240;,8;,3;
2026/06/18;1100 UTC;0;1023,6;1023,8;1023,3;50,4;3,8;3,9;4,4;3,4;4,5;3,5;100;100;100;24;1,1;,4;
2026/06/18;1200 UTC;0;1023,8;1023,9;1023,8;572,2;6,5;6,5;8,1;4,4;7,8;4,5;100;98;100;37;4,1;1,2;
2026/06/18;1300 UTC;0;1024;1024,4;1023,7;1132,3;9,6;8,7;10,8;8,2;9,5;7,9;98;93;96;103;11,6;10,4;
2026/06/18;1400 UTC;0;1024;1024,3;1023,5;974,2;11,3;10,8;12,6;10,5;11,9;9,6;99;93;97;11;16,3;14,9;
2026/06/18;1500 UTC;0;1023;1023,5;1022,8;1538,4;14,1;10,9;15,1;12,8;11,8;10,1;95;76;84;9;19,8;18,5;
2026/06/18;1600 UTC;0;1022,5;1022,9;1021,6;1244,7;15,8;10,9;16,2;15,2;11,3;10,5;78;74;76;8;22,8;;
2026/06/18;1700 UTC;0;1021,4;1021,6;1020,9;874,2;16,4;10,7;16,6;16,1;11;10,4;74;70;72;9;22,7;;
2026/06/18;1800 UTC;0;1020,5;1020,8;1019,9;635;16;10,7;16,2;15,8;11,1;10,3;75;72;73;9;22,4;;
2026/06/18;1900 UTC;0;1019,5;1020;1018,8;939,4;16,3;11;16,7;15,8;11,3;10,4;77;69;73;12;20,8;;
2026/06/18;2000 UTC;0;1018,4;1019;1018;430,5;16,1;10,3;16,8;15,4;10,6;10;76;67;71;9;22,4;;
2026/06/18;2100 UTC;0;1017,2;1017,9;1016,5;35,3;14,8;11;15,4;14,5;11,5;10,5;85;76;81;13;18,9;17,1;
2026/06/18;2200 UTC;0;1016,6;1017;1016,2;0;14,6;11,6;14,9;14,4;11,7;11,4;86;84;85;7;17,5;17,3;
2026/06/18;2300 UTC;0;1016,4;1016,9;1015,9;0;14,4;11,4;14,5;14,2;11,5;11,3;86;84;85;7;22,2;;
2026/06/19;0000 UTC;0;1015,7;1016,3;1015,2;0;14,3;11,7;14,4;14,2;11,8;11,5;88;86;87;10;17,6;17,2;
2026/06/19;0100 UTC;0;1014,7;1015,2;1014,2;0;14,2;11,9;14,4;14;12;11,8;89;87;88;10;21,6;19,3;
2026/06/19;0200 UTC;0;1014;1014,5;1013,2;0;14,3;12,1;14,4;14,2;12,2;12;90;89;89;10;22,6;19,4;
2026/06/19;0300 UTC;0;1012,9;1013,1;1012,5;0;14,5;12,4;14,6;14,4;12,7;12,2;91;89;90;8;22,6;;
2026/06/19;0400 UTC;0;1012,7;1013,1;1012,1;0;14,6;12,9;14,7;14,5;13;12,7;92;91;91;6;22,1;;
2026/06/19;0500 UTC;0;1014,3;1015,6;1012,3;0;14,5;12,3;14,6;14,4;12,8;11,5;92;85;89;356;18,6;17,1;
2026/06/19;0600 UTC;0;1015;1015,4;1014,6;0;14,1;11,3;14,5;13,6;11,5;11,1;88;85;86;306;18;16,2;
2026/06/19;0700 UTC;0;1014,6;1015;1014,1;0;13,5;10,4;13,8;13;11;10;87;83;85;341;15,8;14,9;
2026/06/19;0800 UTC;2,4;1013,5;1014,3;1011,6;0;12,3;11,2;13;11,9;11,6;10,6;98;88;94;10;15,7;13,9;
2026/06/19;0900 UTC;1,2;1010,8;1011,4;1010,1;0;12,5;11,7;13,1;11,9;11,7;11,5;98;92;96;8;20,3;17,3;
2026/06/19;1000 UTC;0;1011,4;1012;1010,9;0;13,1;11,8;13,2;12,9;11,9;11,7;95;93;94;4;17,2;15,8;
2026/06/19;1100 UTC;0;1012,3;1012,6;1012;25,6;12,4;11,7;12,9;12;11,9;11,5;99;95;97;19;15;14,4;
2026/06/19;1200 UTC;0;1012,7;1012,8;1012,5;253,9;12,7;12,3;13,5;12,2;12,8;11,9;99;97;98;145;17,6;15,6;
2026/06/19;1300 UTC;0;1012,6;1012,7;1012,4;325,7;14,5;12,9;15,6;13,5;13,5;12,5;97;87;92;68;21,9;;
2026/06/19;1400 UTC;0;1012,7;1013;1012,5;1011;16,4;13,1;17,2;15,6;13,8;12,8;88;81;83;0;,2;0;
2026/06/19;1500 UTC;0;1012,3;1012,6;1012;730,5;17,2;13,2;17,4;16,9;13,6;13;82;79;80;0;0;0;
2026/06/19;1600 UTC;0;1012;1012,2;1011,7;424,4;17;13,2;17;16,8;13,4;13;82;80;81;0;0;0;
2026/06/19;1700 UTC;0;1011,6;1011,8;1011,5;283,8;16,7;13,2;16,9;16,5;13,3;13;84;81;82;0;0;0;
2026/06/19;1800 UTC;0;1011,9;1012,1;1011,6;179,3;15,5;12,7;16,5;15;13,4;12;88;83;86;0;0;0;
2026/06/19;1900 UTC;0;1012,8;1013,4;1011,9;175,3;13,7;10,8;15;12,9;12;9,9;86;84;85;0;0;0;
2026/06/19;2000 UTC;0;1013,9;1014,5;1013,4;214;13,1;9,4;13,2;13;9,9;9,2;84;80;82;0;0;0;
2026/06/19;2100 UTC;0;1014,5;1015;1014;14,5;12,7;9,7;13;12,5;9,8;9,5;86;83;85;0;0;0;
2026/06/19;2200 UTC;0;1015;1015,4;1014,7;0;12,6;9,4;12,7;12,4;9,6;9,4;86;84;84;0;0;0;
2026/06/19;2300 UTC;0;1015,7;1016,2;1015,1;0;12,4;9,1;12,5;12,4;9,5;8,8;85;82;84;0;0;0;
2026/06/20;0000 UTC;0;1016,3;1016,7;1015,6;0;12,2;8,9;12,4;12;9,1;8,5;84;82;83;0;0;0;
2026/06/20;0100 UTC;0;1017,2;1017,4;1016,6;0;11,9;8,7;12,1;11,7;8,8;8,5;85;83;84;0;2,7;1,4;
2026/06/20;0200 UTC;0;1017,6;1017,9;1017,4;0;11,3;8,4;11,7;10,8;8,7;7,9;87;84;86;253;8,4;5,4;
2026/06/20;0300 UTC;0;1017,9;1018,1;1017,8;0;10,4;7,6;10,8;9,9;7,9;7,3;87;85;86;245;6;4;
2026/06/20;0400 UTC;0;1018;1018,1;1017,8;0;9,2;7;9,9;8,5;7,3;6,8;92;86;89;251;4,5;3,3;
2026/06/20;0500 UTC;0;1018,1;1018,3;1017,9;0;8;6,3;8,5;7,6;6,8;5,8;93;90;92;253;4,3;2,9;
2026/06/20;0600 UTC;0;1017,9;1018,3;1017,5;0;7,7;5,7;8;7,5;5,8;5,5;91;88;90;253;5,5;3,5;
2026/06/20;0700 UTC;0;1017,5;1017,6;1017,4;0;7,7;5,5;8,1;7,4;5,6;5,4;90;87;89;251;5;3,2;
2026/06/20;0800 UTC;0;1017,2;1017,4;1017,1;0;7,6;5,4;7,9;7,3;5,5;5,2;90;88;89;247;6,3;3,5;
2026/06/20;0900 UTC;0;1017,1;1017,2;1016,9;0;6,8;5;7,2;6,5;5,2;4,8;93;90;91;246;4,9;2,9;
2026/06/20;1000 UTC;0;1017,6;1017,8;1017,2;0;6,1;4,8;6,6;5,9;5;4,7;95;91;93;264;3,8;2,2;
2026/06/20;1100 UTC;0;1018;1018,2;1017,8;19,6;5,6;4,5;6,1;4,8;4,8;3,8;97;93;94;293;1,9;,9;
2026/06/20;1200 UTC;0;1018,4;1018,8;1017,8;553,5;6,8;5,3;8,6;4,8;5,8;4,2;98;85;93;345;8,2;6,5;
2026/06/20;1300 UTC;0;1019,1;1019,5;1018,7;1132,7;9,7;6,2;10,4;8,7;6,9;5,7;87;80;83;271;7,6;4,7;
2026/06/20;1400 UTC;0;1019,5;1019,6;1019,3;1695,3;10,9;6,8;11,6;10,4;7,4;6,3;82;77;80;335;10,2;8;
2026/06/20;1500 UTC;0;1019;1019,4;1018,5;2021,3;12,2;7,3;12,8;11,5;8,2;6,6;79;72;76;240;8;6,2;
2026/06/20;1600 UTC;0;1017,9;1018,5;1017,1;1837;13,4;6,7;14,1;12,9;8;5,4;74;57;67;202;4;2,4;
2026/06/20;1700 UTC;0;1016,1;1017,1;1015,4;1931,9;14,2;5,8;14,9;12,9;7;5,1;64;54;58;136;3,8;2,1;
2026/06/20;1800 UTC;0;1015,5;1015,7;1015,5;1191;14,2;6;15,5;13,3;7;5,1;65;53;59;161;3,3;1,7;
2026/06/20;1900 UTC;0;1015,4;1015,7;1015,2;1181,8;14,6;6;15,6;13,6;6,8;5;65;51;57;135;4,8;2,3;
2026/06/20;2000 UTC;0;1016;1016,2;1015,7;218,3;12,6;6,9;13,5;12,1;7,2;6,6;74;66;71;85;3,6;2,2;
2026/06/20;2100 UTC;0;1015,8;1016,2;1015,5;19,7;11,1;7,1;12,1;10,1;7,8;6,9;88;74;80;189;1,8;1,3;
2026/06/20;2200 UTC;0;1015,9;1016,2;1015,5;0;9,1;7,3;10,1;8,7;7,8;7,1;93;88;91;102;1,8;1,4;
2026/06/20;2300 UTC;0;1016,4;1016,6;1016,2;0;8,4;6,9;8,9;7,7;7,2;6,6;95;91;93;191;2;1,4;
2026/06/21;0000 UTC;0;1016,7;1016,9;1016,4;0;7,7;6,8;8,1;7;7,2;6,5;97;94;95;312;1,4;1;
2026/06/21;0100 UTC;0;1016,7;1016,8;1016,5;0;7;6,5;7,3;6,8;6,8;6;98;93;97;316;2,6;2;
2026/06/21;0200 UTC;0;1016,4;1016,7;1016,1;0;6,4;5,4;7,4;5,6;6;5,1;98;93;95;270;1,2;,6;
2026/06/21;0300 UTC;0;1016;1016,3;1015,9;0;5,2;5;5,8;4,5;5,6;4,4;100;98;99;92;1,9;1,5;
2026/06/21;0400 UTC;0;1015,6;1016;1015,3;0;3,8;3,8;4,5;3,4;4,4;3,3;100;99;100;10;1,8;1;
2026/06/21;0500 UTC;0;1015,6;1015,9;1015,3;0;4,4;4,4;5,4;3,5;5,3;3,6;100;99;100;327;3,3;1,3;
2026/06/21;0600 UTC;0;1015,4;1015,6;1015,1;0;4;3,8;5,1;3,2;4,8;3,1;100;98;99;128;1,2;1;
2026/06/21;0700 UTC;0;1015,5;1015,7;1015,2;0;3,3;3,3;3,8;3;3,8;3;100;99;100;244;2,6;1;
2026/06/21;0800 UTC;0;1015,7;1015,9;1015,5;0;3,2;3,3;3,4;2,8;3,5;2,8;100;100;100;192;1,4;,7;
2026/06/21;0900 UTC;0;1016;1016,3;1015,7;0;2,5;2,6;2,8;2,2;2,8;2,3;100;100;100;235;1,8;,7;
2026/06/21;1000 UTC;0;1016,4;1016,9;1016,1;0;1,9;1,9;2,2;1,6;2,3;1,6;100;100;100;236;1,4;1;
2026/06/21;1100 UTC;0;1017;1017,2;1016,8;46,1;1,9;1,9;2,3;1,6;2,3;1,7;100;100;100;52;1;,8;
2026/06/21;1200 UTC;0;1017,3;1017,5;1016,9;483,4;3,8;3,7;5,2;2,3;4,9;2,3;100;99;100;257;,7;,3;
2026/06/21;1300 UTC;0;1017,5;1017,6;1017,4;1123,3;6,8;5,4;8,5;5,2;6,3;4,8;99;88;93;341;7;4,1;
2026/06/21;1400 UTC;0;1017,6;1017,8;1017,4;1360,7;10;6,8;10,9;8,6;7,5;5,9;88;80;84;247;9,3;8,6;
2026/06/21;1500 UTC;0;1017;1017,5;1016,2;1497,8;12,3;7,2;12,7;11;7,8;6,5;82;70;75;9;13,8;12,4;
2026/06/21;1600 UTC;0;1015,8;1016,2;1015,4;1830;13,4;6,6;14,2;12,8;7,4;5,9;72;59;66;7;16,4;15;
2026/06/21;1700 UTC;0;1014,7;1015,3;1014,3;1320,6;14,1;6,2;14,6;13,8;6,9;5,4;64;56;61;90;2,4;2,4;
2026/06/21;1800 UTC;0;1014,6;1014,9;1014,3;682,4;14;6,1;14,2;13,9;7,2;5,7;66;58;60;173;2,1;1,5;
2026/06/21;1900 UTC;0;1015,1;1015,3;1015;495,2;14;6,7;14,3;13,4;7,9;6;72;60;64;126;2,5;1,7;
2026/06/21;2000 UTC;0;1015,5;1015,8;1015,2;236,7;12,9;7,6;13,4;12,3;7,9;7,4;76;71;73;95;2,7;1,7;
2026/06/21;2100 UTC;0;1015,4;1015,7;1015,2;24,9;11,8;7,4;12,3;11,3;7,7;7,2;81;76;78;115;3,1;1,6;
2026/06/21;2200 UTC;0;1015,2;1015,4;1015;0;11;7,4;11,3;10,5;7,5;7,3;84;81;82;75;2,5;1,4;
2026/06/21;2300 UTC;0;1015,3;1015,4;1015;0;9,7;7,3;10,5;8,9;7,6;7;93;84;88;184;2,5;1,4;
2026/06/22;0000 UTC;0;1014,6;1015,2;1013,8;0;8,8;7,3;9,2;8,5;7,8;7;95;90;92;203;2,3;,9;
2026/06/22;0100 UTC;0;1015;1015,3;1014,5;0;9,1;7,6;9,3;9;7,9;7,3;94;91;93;221;1,3;,8;
2026/06/22;0200 UTC;0;1015;1015,3;1014,5;0;9,1;7,9;9,3;8,9;8,1;7,7;95;93;94;204;1,2;,4;
2026/06/22;0300 UTC;0;1015,1;1015,3;1014,9;0;9;8,1;9,3;8,9;8,3;7,9;97;94;96;333;1,4;,8;
2026/06/22;0400 UTC;0;1014,9;1015,2;1014,4;0;9,3;8,3;9,5;9;8,5;8,1;96;94;95;167;2,5;1,2;
2026/06/22;0500 UTC;0;1014,5;1014,7;1014,1;0;8,9;8,2;9,1;8,8;8,5;8;97;95;96;220;1,9;1,3;
2026/06/22;0600 UTC;,6;1014,4;1015,3;1013,9;0;9,1;8,3;9,2;9;8,6;8;97;95;96;258;5,8;3,2;
2026/06/22;0700 UTC;2,2;1015,3;1015,7;1014,7;0;9,2;8,8;9,3;9,1;9;8,6;99;97;98;339;6,2;4,8;
2026/06/22;0800 UTC;1;1014,7;1015,3;1013,9;0;9;8,8;9,1;8,9;8,9;8,8;99;99;99;337;6,4;5;
2026/06/22;0900 UTC;,8;1013,5;1014,4;1012,8;0;9;8,9;9;8,9;9;8,8;100;99;100;346;6,6;5,6;
2026/06/22;1000 UTC;2,4;1013,4;1015;1012,5;0;9,1;9,1;9,3;9;9,3;8,9;100;100;100;352;10,4;8,9;
2026/06/22;1100 UTC;2,7;1013;1015,1;1011,8;2,4;9,2;9,2;9,3;9;9,3;9,1;100;100;100;345;7,2;6,1;
2026/06/22;1200 UTC;,4;1012,6;1013,2;1012,2;88,4;9,3;9,4;9,5;9,1;9,5;9,2;100;100;100;341;7,6;6,5;
2026/06/22;1300 UTC;1,2;1012,9;1013,4;1012,2;146,7;9,6;9,7;9,8;9,5;9,8;9,6;100;100;100;347;7,7;6,5;
2026/06/22;1400 UTC;0;1012,3;1012,7;1011,7;408,3;10,1;9,8;10,5;9,8;10;9,6;100;96;99;340;8,7;7,4;
2026/06/22;1500 UTC;0;1011,5;1012,4;1010,8;407;10,6;9,7;10,9;10,5;10;9,3;96;94;95;342;9,2;8;
2026/06/22;1600 UTC;0;1010,4;1010,7;1010,1;470,8;11,3;9,7;11,5;10,9;10;9,3;95;89;92;347;11,1;9,4;
2026/06/22;1700 UTC;,2;1010,5;1010,7;1010,2;342,9;11,1;9,6;11,5;10,8;10,2;8,5;96;88;92;338;9,7;8,1;
2026/06/22;1800 UTC;,4;1010,3;1010,5;1010;280,8;10,6;9,2;10,9;10,4;9,7;8,6;96;90;93;330;9;7;
2026/06/22;1900 UTC;0;1010,5;1010,7;1010,3;115,1;10,3;8,8;10,4;10,1;9,4;8,4;95;90;93;326;8,8;7,1;
2026/06/22;2000 UTC;0;1010,9;1011,3;1010,3;95,9;10,2;8,7;10,3;10,1;8,9;8,4;93;91;92;337;9,6;7,9;
2026/06/22;2100 UTC;0;1011,5;1011,8;1011,3;18,9;10;7,5;10,5;9,4;8,8;6,3;92;81;88;292;7,2;5,2;
2026/06/22;2200 UTC;0;1012;1012,5;1011,7;0;8,7;6,3;9,4;8,1;6,7;6,1;91;86;88;255;5,3;3,7;
2026/06/22;2300 UTC;0;1012,8;1012,9;1012,5;0;8,1;5,8;8,2;8;6,2;5,5;90;87;88;274;4,5;2,8;
2026/06/23;0000 UTC;0;1013;1013,2;1012,8;0;8,4;5,2;8,8;8,1;5,5;5;87;82;84;273;5,5;3,3;
2026/06/23;0100 UTC;0;1013,1;1013,4;1012,9;0;9,3;5,5;9,4;9;5,6;5,3;82;80;81;276;7,3;4;
2026/06/23;0200 UTC;0;1013,6;1013,8;1013,3;0;9,2;6;9,4;9,1;6,4;5,3;86;80;84;272;8,6;4,5;
2026/06/23;0300 UTC;0;1013,9;1014;1013,8;0;9,2;6,4;9,4;8,9;6,6;6,2;88;84;86;268;6,2;3,5;
2026/06/23;0400 UTC;0;1013,7;1013,9;1013,4;0;8,9;6,3;9;8,6;6,4;6,2;88;87;87;275;6,2;3,5;
2026/06/23;0500 UTC;0;1013,5;1013,6;1013,3;0;8,4;6;8,6;8,2;6,2;5,8;89;87;88;269;5,5;3,4;
2026/06/23;0600 UTC;0;1013,9;1014,1;1013,6;0;8,2;5,4;8,4;8,1;5,8;5;87;84;86;283;5,8;3,5;
2026/06/23;0700 UTC;0;1014,1;1014,4;1013,9;0;7,8;4,8;8,1;7,5;5;4,6;85;84;85;283;5;2,8;
2026/06/23;0800 UTC;0;1014,5;1014,6;1014,4;0;7,4;4,4;7,5;7,1;4,6;4,2;86;85;85;298;5,9;3,2;
2026/06/23;0900 UTC;0;1014,8;1015,1;1014,5;0;7;4,1;7,2;6,8;4,2;3,9;86;84;85;275;6,8;3,5;
2026/06/23;1000 UTC;0;1015,5;1015,9;1015,1;0;6,7;3,8;6,9;6,5;3,9;3,7;86;85;86;283;6,4;3,7;
2026/06/23;1100 UTC;0;1015,9;1016;1015,7;40,2;6,3;3,6;6,5;6,2;3,7;3,5;87;86;86;271;6,5;3,4;
2026/06/23;1200 UTC;0;1015,8;1015,9;1015,7;506,1;6,9;3,7;7,6;6,4;3,9;3,5;86;80;84;272;7,4;4,2;
2026/06/23;1300 UTC;0;1016;1016,2;1015,8;1126,7;8,3;3,7;9,1;7,6;4,1;3,4;80;72;77;267;9,3;4,8;
2026/06/23;1400 UTC;0;1016,2;1016,3;1016;1700,3;9,7;3,3;10,2;9,1;3,8;2,8;73;65;68;263;11,3;5,8;
2026/06/23;1500 UTC;0;1016,3;1016,5;1016,1;1332,5;10;3,2;10,4;9,8;4,1;2,8;68;63;66;257;9,6;5,4;
2026/06/23;1600 UTC;0;1016;1016,2;1015,4;1403;10,6;3;11,1;10,1;4;2,2;67;58;62;260;10,3;6,3;
2026/06/23;1700 UTC;0;1015,6;1016;1015,3;1695,2;11,3;3,1;12;10,4;4;2,4;63;55;59;264;9,3;5,6;
2026/06/23;1800 UTC;0;1015,3;1015,5;1014,9;1635,8;12;3,1;12,5;11,6;3,7;2,5;59;52;55;253;10,3;6,1;
2026/06/23;1900 UTC;0;1015,3;1015,5;1015,1;1136,2;12,1;2,8;12,4;11,5;3,3;2,2;58;51;54;267;8,7;4,4;
2026/06/23;2000 UTC;0;1015,8;1016,3;1015,4;495;11,6;2,6;11,9;10,9;3,1;2,3;58;53;55;275;6,6;2,6;
2026/06/23;2100 UTC;0;1016,6;1016,9;1016,3;39,8;10,1;2,5;11;9,5;2,7;2,3;65;57;62;346;10,7;8,6;
2026/06/23;2200 UTC;0;1017,2;1017,7;1016,9;0;9,8;2,3;9,9;9,4;2,4;2,1;65;61;63;343;10,2;7,9;
2026/06/23;2300 UTC;0;1017,8;1018;1017,7;0;9;2,1;9,4;8,4;2,3;2;69;64;66;346;9,8;8;
2026/06/24;0000 UTC;0;1018,2;1018,3;1018;0;8,1;2;8,6;6,9;2,1;1,8;75;67;69;112;8,9;,5;
2026/06/24;0100 UTC;0;1018,2;1018,4;1017,9;0;6,1;2,2;6,7;5,8;2,2;1,9;82;76;80;270;1,3;,6;
2026/06/24;0200 UTC;0;1017,9;1018;1017,7;0;6,7;1,9;7,5;5,8;2,2;1,6;82;71;76;270;2,6;,8;
2026/06/24;0300 UTC;0;1017,7;1017,8;1017,5;0;6,3;1,7;7,6;5,6;1,8;1,5;81;70;77;270;1,4;,6;
2026/06/24;0400 UTC;0;1017,5;1017,7;1017,3;0;6,5;1,6;6,7;6,2;1,8;1,4;77;75;76;270;1,6;,6;
2026/06/24;0500 UTC;0;1017,7;1017,9;1017,5;0;5;1,5;6,3;4,3;1,6;1,3;86;76;82;224;1,8;,8;
2026/06/24;0600 UTC;0;1017,6;1017,8;1017,5;0;5,2;1,3;5,4;5;1,5;1,2;82;79;81;196;1,2;,6;
2026/06/24;0700 UTC;0;1017,5;1017,6;1017,5;0;5,2;1,2;5,4;5,1;1,3;1;81;78;80;0;1,8;,8;
2026/06/24;0800 UTC;0;1017,5;1017,6;1017,3;0;5,8;1;5,9;5,5;1,1;1;78;76;76;0;1,8;,8;
2026/06/24;0900 UTC;0;1017,2;1017,3;1017,1;0;5,6;1,1;5,8;5,4;1,2;1;78;76;77;0;2;1;
2026/06/24;1000 UTC;0;1017,3;1017,5;1017,2;0;6,2;1;7;5,8;1,2;,9;76;71;74;100;1,7;,7;
2026/06/24;1100 UTC;0;1017,8;1018,2;1017,5;28,1;7,1;1,3;7,2;6,9;1,6;1,1;72;70;71;270;1,5;,6;
2026/06/24;1200 UTC;0;1018,4;1018,7;1018,1;204,6;7,6;1,7;8,1;7,2;2,1;1,3;72;69;70;274;2,6;,8;
2026/06/24;1300 UTC;0;1018,6;1018,7;1018,5;699,8;8,8;2,4;10;8,1;3;1,8;70;64;68;287;7;2,7;
2026/06/24;1400 UTC;0;1018,7;1018,8;1018,6;1252,6;10,8;3,3;11,4;10;3,9;2,8;66;60;62;302;4,6;2,4;
2026/06/24;1500 UTC;0;1018,3;1018,7;1017,8;1482,6;11,9;3,8;13,3;11,2;4,3;3,2;64;51;60;266;6,6;3,5;
2026/06/24;1600 UTC;0;1017,3;1017,8;1016,7;2110,5;13,3;3,2;13,6;13;3,8;2,7;52;46;50;265;8,6;3,7;
2026/06/24;1700 UTC;0;1016,3;1016,7;1015,9;1794,4;14;3,7;14,6;13,4;4,7;3;52;46;49;256;6,2;3,7;
2026/06/24;1800 UTC;0;1015,8;1016;1015,6;1552,7;14,7;4;15,3;14,2;4,8;3,5;50;44;46;287;4,3;2,8;
2026/06/24;1900 UTC;0;1015,6;1015,9;1015,4;930,5;14,4;4;15;13,8;4,7;3,3;51;44;48;270;1,4;1,4;
2026/06/24;2000 UTC;0;1016;1016,2;1015,8;478,4;14,1;4,2;14,8;13,8;4,6;3,8;52;47;50;270;1,4;1,4;
2026/06/24;2100 UTC;0;1016,6;1017;1016,2;27,5;12,2;3,5;13,7;11,1;3,8;2,8;62;49;57;270;1,7;1,7;
2026/06/24;2200 UTC;0;1017,3;1017,6;1017;0;10,2;3;11,6;9,5;3,7;2,5;68;57;64;270;3,8;2,1;
2026/06/24;2300 UTC;0;1017,6;1017,7;1017,5;0;8,6;2,9;9,4;7,8;3,3;2,5;78;67;71;356;11,1;9,6;
2026/06/25;0000 UTC;0;1017,9;1018,1;1017,7;0;8,3;2,8;8,8;7,7;2,9;2,6;76;69;73;318;10,4;5,3;
2026/06/25;0100 UTC;0;1018,2;1018,7;1018;0;7,5;2,9;7,8;7,2;3;2,8;79;76;77;346;9,8;1,1;
2026/06/25;0200 UTC;0;1018,8;1019,1;1018,6;0;7,3;2,8;7,4;7,2;3;2,7;79;77;78;0;1,8;,6;
2026/06/25;0300 UTC;0;1019,3;1019,4;1019,1;0;6,7;2,7;7,3;6,1;2,8;2,6;82;77;80;0;1,4;,5;
2026/06/25;0400 UTC;0;1019,4;1019,5;1019,2;0;6,4;2,8;6,9;6;2,8;2,6;84;79;82;0;1,9;,8;
2026/06/25;0500 UTC;0;1019,4;1019,6;1019,3;0;7,1;2,8;7,4;6,9;2,8;2,7;79;77;78;241;1,4;,5;
2026/06/25;0600 UTC;0;1019,8;1019,9;1019,6;0;7,5;2,9;7,8;7,1;3;2,7;79;75;77;270;1,1;,5;
2026/06/25;0700 UTC;0;1020,2;1020,7;1019,9;0;5,8;3;7,1;4,5;3,5;2,5;94;79;86;144;,9;,4;
2026/06/25;0800 UTC;0;1020,8;1021,1;1020,7;0;5,6;3,1;6,5;4,5;3,4;2,6;92;83;88;0;1,4;,7;
2026/06/25;0900 UTC;0;1021,4;1021,7;1021,1;0;6,6;2,9;6,8;6,1;3,1;2,7;84;81;82;0;1;,4;
2026/06/25;1000 UTC;0;1022,2;1022,5;1021,7;0;4,4;2,8;6;3,6;3,1;2,4;97;84;92;100;1;,4;
2026/06/25;1100 UTC;0;1022,9;1023,1;1022,6;11,5;4,2;3,1;5,2;3,6;3,6;2,8;98;88;95;0;1,2;,6;
2026/06/25;1200 UTC;0;1023,1;1023,2;1023;463,8;6,4;3,5;8,3;4,9;4,1;2,8;90;78;86;0;1,1;,5;
2026/06/25;1300 UTC;0;1023,1;1023,3;1023;1088,8;9,1;4,7;10,6;8,3;5,6;4,2;84;71;78;212;3,4;1,8;
2026/06/25;1400 UTC;0;1023,3;1023,4;1023,2;1643,9;12;4,6;13,4;10,6;5,3;4;72;58;63;297;2,2;1,4;
2026/06/25;1500 UTC;0;1023,1;1023,2;1022,8;1949,1;14,7;5,8;15,7;13,4;6,6;4,9;60;52;56;281;3,2;2,3;
2026/06/25;1600 UTC;0;1022,5;1022,9;1021,8;2032;16,2;6,1;16,9;15,6;6,8;5,5;55;46;49;263;4,5;2,9;
2026/06/25;1700 UTC;0;1021,3;1021,9;1020,6;1884,6;17,1;6,6;17,6;16,4;7,5;5,4;50;44;47;287;4,1;2,5;
2026/06/25;1800 UTC;0;1020,2;1020,6;1019,9;1505,1;17,7;7,1;18;17,5;7,6;6,7;48;45;47;300;3,8;2,3;
2026/06/25;1900 UTC;0;1020,1;1020,3;1019,9;1133,8;17,8;7,3;18,1;17,6;7,9;7;50;46;47;300;1,5;1,5;
2026/06/25;2000 UTC;0;1020,3;1020,6;1020,2;515,8;17,2;7,5;17,5;16,6;7,8;7,2;55;49;51;300;1,5;1,5;
2026/06/25;2100 UTC;0;1020,8;1021,1;1020,6;38,3;14,9;7;16,5;14;7,5;6,4;63;55;61;300;1,5;1,5;
2026/06/25;2200 UTC;0;1021;1021,1;1020,9;0;12,7;6,3;14;11,4;6,5;6,1;74;62;68;300;1,5;1,5;
2026/06/25;2300 UTC;0;1021,1;1021,3;1020,9;0;11;6,3;11,3;10,7;6,5;6,1;79;74;76;300;1,5;1,5;
2026/06/26;0000 UTC;0;1021,4;1021,6;1021,3;0;10,3;6,4;10,8;9,6;6,5;6,2;83;78;80;300;2,4;1,5;
2026/06/26;0100 UTC;0;1021,3;1021,5;1021,1;0;9,6;6;9,9;9,2;6,3;5,7;84;80;82;44;12,2;10,6;
2026/06/26;0200 UTC;0;1021,1;1021,2;1021;0;9,3;5,7;9,9;9;5,8;5,5;83;78;82;25;12,8;10,9;
2026/06/26;0300 UTC;0;1021,3;1021,4;1021,3;0;9,1;5,5;9,9;8,7;5,6;5,4;84;78;82;16;11,9;9,6;
2026/06/26;0400 UTC;0;1021,2;1021,3;1021,1;0;9,9;5,5;10,4;8,8;5,6;5,4;83;76;78;19;12,4;11,3;
2026/06/26;0500 UTC;0;1021;1021,2;1020,7;0;9,9;5,5;10,3;9,6;5,6;5,5;80;76;78;167;13,2;11,4;
2026/06/26;0600 UTC;0;1020,5;1020,7;1020,4;0;10,5;5,5;11;10,1;5,6;5,4;77;72;75;319;13,7;11,8;
2026/06/26;0700 UTC;0;1020,6;1020,9;1020,4;0;10,4;5,5;11;8,5;5,7;5,4;86;72;76;327;6,3;3,9;
2026/06/26;0800 UTC;0;1020,7;1020,8;1020,6;0;7,4;5,4;8,4;7;5,6;5,3;92;86;90;323;4,9;1,6;
2026/06/26;0900 UTC;0;1021;1021,6;1020,7;0;7,4;5;7,8;7;5,3;4,8;92;86;88;339;6,4;4;
2026/06/26;1000 UTC;0;1021,9;1022,3;1021,6;0;7,1;4,9;7,8;6,5;5,1;4,6;93;84;89;351;8,4;6,7;
2026/06/26;1100 UTC;0;1022,8;1023,1;1022,4;42,1;6,5;4,9;7,6;5,8;5,3;4,4;96;86;92;308;7,1;3;
2026/06/26;1200 UTC;0;1023,3;1023,6;1023,1;487,6;8;5,7;10,1;6,3;7,1;4,8;94;78;89;357;9,3;8,1;
2026/06/26;1300 UTC;0;1023,9;1024,2;1023,6;1052,6;11,5;5,9;12,3;10,2;6,5;5,6;78;68;72;302;12,7;11;
2026/06/26;1400 UTC;0;1024,1;1024,2;1024;1614,6;12,9;6,5;13,7;12,2;7,1;5,9;71;65;68;348;14,4;12,3;
2026/06/26;1500 UTC;0;1023,9;1024,1;1023,6;1920,3;14,6;7,4;15,5;13,6;8,4;6,9;68;61;64;34;18,9;12,5;
2026/06/26;1600 UTC;0;1023,3;1023,6;1022,9;2030,2;16,1;8,3;16,9;15,2;8,8;7,7;66;57;61;126;1,7;,7;
2026/06/26;1700 UTC;0;1022,5;1022,8;1022;1850;17,2;8,8;18,6;16,6;9,7;8,2;62;55;58;93;1,3;1;
2026/06/26;1800 UTC;0;1021,9;1022,1;1021,7;1488;17,7;9,3;18,4;17,1;10,1;8,9;62;54;58;327;,9;,9;
2026/06/26;1900 UTC;0;1021,8;1021,9;1021,7;1073,7;16,6;9,1;17,4;16,1;9,5;8,7;65;59;63;327;,9;,9;
2026/06/26;2000 UTC;0;1021,9;1022;1021,8;502,9;15,2;8,9;16;14,5;9,2;8,6;73;64;69;327;,9;,9;
2026/06/26;2100 UTC;0;1022,1;1022,3;1021,8;40,9;12,9;8,9;14,4;11,5;9,1;8,6;86;73;80;327;,9;,9;
2026/06/26;2200 UTC;0;1022,6;1022,9;1022,4;0;10,9;9,1;11,4;10,3;9,4;8,8;95;87;91;327;,9;,9;
2026/06/26;2300 UTC;0;1023,2;1023,6;1022,8;0;9,7;8,7;10,3;8,7;9,3;8;97;93;95;50;9,3;7,2;
2026/06/27;0000 UTC;0;1023,6;1023,7;1023,5;0;8,6;8,3;8,9;8,3;8,8;8;100;97;99;9;12,1;10,3;
2026/06/27;0100 UTC;0;1023,6;1023,6;1023,5;0;9,1;9;9,5;8,8;9,6;8,6;100;99;100;9;10,7;9,5;
2026/06/27;0200 UTC;0;1023,4;1023,5;1023,3;0;9,1;9;9,3;8,7;9,4;8,6;100;99;100;8;11;9,6;
2026/06/27;0300 UTC;0;1023,4;1023,4;1023,3;0;8,1;8,1;8,9;7;8,8;7;100;99;100;62;8,2;7,7;
2026/06/27;0400 UTC;0;1023,2;1023,3;1023,1;0;6,8;6,8;7,3;6;7,4;6,1;100;100;100;66;6,8;,3;
2026/06/27;0500 UTC;0;1022,9;1023,2;1022,7;0;5,3;5,4;6;4,8;6;4,8;100;100;100;9;1,1;,3;
2026/06/27;0600 UTC;0;1022,6;1022,8;1022,4;0;4,5;4,6;4,9;4,3;4,9;4,4;100;100;100;228;,8;,3;
2026/06/27;0700 UTC;0;1022,1;1022,4;1022;0;4,1;4,1;4,5;3,5;4,5;3,6;100;100;100;265;1,4;,5;
2026/06/27;0800 UTC;0;1021,8;1022;1021,6;0;3,5;3,6;3,7;3,2;3,8;3,3;100;100;100;254;1;,5;
2026/06/27;0900 UTC;0;1021,9;1022;1021,7;0;3,1;3,1;3,7;2,6;3,8;2,7;100;100;100;235;2,2;1,7;
2026/06/27;1000 UTC;0;1022,3;1022,5;1022;0;2,9;3;3,1;2,8;3,1;2,8;100;100;100;266;1,6;,5;
2026/06/27;1100 UTC;0;1022,5;1022,6;1022,4;36,7;3;3;3,1;2,6;3,2;2,7;100;100;100;19;3,6;,8;
2026/06/27;1200 UTC;0;1022,6;1022,7;1022,6;631,1;3,8;3,9;5,8;2,6;5,8;2,7;100;100;100;120;1;,3;
2026/06/27;1300 UTC;,2;1022,8;1023,1;1022,6;1060,8;6,9;6,8;7,9;5,8;7,7;5,8;100;99;100;90;,7;,3;
2026/06/27;1400 UTC;0;1022,9;1023,1;1022,8;1674;9,5;7,8;11,4;7,9;8,4;7,3;99;81;91;7;11,1;10,1;
2026/06/27;1500 UTC;0;1022,4;1022,8;1021,9;1980,3;13,5;8,3;14,9;11,5;9;7,5;83;68;74;6;17,8;15,9;
2026/06/27;1600 UTC;0;1021,4;1021,9;1021;2079,5;15,9;9,8;16,8;14,8;10,8;8,7;71;67;69;6;21,6;20;
2026/06/27;1700 UTC;0;1020,6;1021;1020,2;1888,7;17,1;10,7;17,5;16,7;11,3;10,2;70;65;68;7;20,5;;
2026/06/27;1800 UTC;0;1019,7;1020,2;1019,3;1487,1;17,7;11,2;18;17,4;11,6;10,8;69;65;67;9;21,3;0;
2026/06/27;1900 UTC;0;1019,1;1019,3;1018,8;1135,7;17,6;11,2;18;17,3;11,7;10,8;70;65;68;9;0;0;
2026/06/27;2000 UTC;0;1018,8;1018,9;1018,6;529,4;16,7;11,1;17,3;16,1;11,4;10,8;74;70;72;9;0;0;
2026/06/27;2100 UTC;0;1018,6;1018,7;1018,4;43,5;14,6;10,7;16;13,2;10,9;10,6;87;74;81;9;0;0;
2026/06/27;2200 UTC;0;1018,5;1018,7;1018,2;0;12,6;10,7;13,2;12,2;10,9;10,4;93;87;90;9;0;0;
2026/06/27;2300 UTC;0;1018,4;1018,6;1018,2;0;12,8;11;13;12,6;11,1;10,8;92;90;91;9;0;0;
2026/06/28;0000 UTC;0;1018,1;1018,3;1018;0;12,9;11,6;13,1;12,8;11,9;11,1;95;91;94;9;0;0;
2026/06/28;0100 UTC;0;1018,1;1018,4;1017,9;0;13,1;12;13,2;13;12,2;11,9;95;94;95;9;0;0;
2026/06/28;0200 UTC;0;1017,7;1017,9;1017,4;0;13,2;12,2;13,4;13;12,5;12;96;95;95;9;0;0;
2026/06/28;0300 UTC;0;1017,1;1017,4;1016,9;0;13,2;12,5;13,3;13,1;12,7;12,1;97;95;96;9;0;0;
2026/06/28;0400 UTC;0;1016,7;1017,1;1016,4;0;13,6;12,7;14;13,2;12,9;12,6;97;93;96;9;0;0;
2026/06/28;0500 UTC;0;1015,8;1016,4;1015,3;0;13,9;11,9;14;13,5;12,6;11,3;93;88;90;9;0;0;
2026/06/28;0600 UTC;0;1015;1015,4;1014,5;0;13,4;11,5;13,6;13,4;11,8;11,3;92;89;90;9;0;0;
2026/06/28;0700 UTC;0;1014,3;1014,7;1013,9;0;13,5;11,5;13,6;13,4;11,6;11,5;91;89;90;9;0;0;
2026/06/28;0800 UTC;0;1014;1014,4;1013,7;0;13,2;11,6;13,3;13;11,8;11,4;94;91;92;9;0;0;
2026/06/28;0900 UTC;0;1013,3;1013,8;1013;0;12,7;11,8;12,9;12,6;12;11,8;96;95;96;9;0;0;
2026/06/28;1000 UTC;,2;1013,7;1014,1;1013,3;0;12,6;12,1;12,7;12,6;12,3;12;99;96;98;9;0;0;
2026/06/28;1100 UTC;1,2;1014,3;1014,8;1013,9;1,6;12,7;12,5;12,7;12,6;12,6;12,3;100;99;99;9;0;0;
2026/06/28;1200 UTC;,4;1014,9;1015,1;1014,4;23,3;12,7;12,6;12,8;12,6;12,7;12,5;100;99;100;9;0;0;
2026/06/28;1300 UTC;2,5;1015;1015,3;1014,7;58,1;12,9;12,9;13;12,8;13;12,7;100;100;100;9;0;0;
2026/06/28;1400 UTC;2,2;1015;1015,3;1014,4;104,2;13,4;13,4;13,9;13;13,9;13;100;100;100;9;0;0;
2026/06/28;1500 UTC;2,2;1014,2;1014,5;1013,8;303,4;14,1;14,2;14,8;13,8;14,8;13,8;100;100;100;9;0;0;
2026/06/28;1600 UTC;,2;1013;1013,7;1012,3;292,3;14,9;14,9;15,2;14,7;15,3;14,7;100;100;100;9;0;0;
2026/06/28;1700 UTC;,2;1011,3;1012,3;1010,5;589,9;16;16;17,3;15,2;17;15,2;100;99;100;6;1,4;,2;
2026/06/28;1800 UTC;0;1010,8;1011,2;1010,6;848,8;18,4;17;18,7;17,4;17,4;16,8;99;91;93;250;5;3,1;
2026/06/28;1900 UTC;0;1010,6;1010,8;1010,4;566,5;18,3;16,7;18,5;18,2;17;16,3;93;89;92;267;4,2;2,6;
2026/06/28;2000 UTC;0;1011,1;1011,6;1010,6;86,4;17,2;15,7;18,4;16,5;16,6;15,2;94;90;92;251;,5;0;
2026/06/28;2100 UTC;0;1011,9;1012,1;1011,6;17,7;16,1;14,5;16,5;15,8;15,3;14,2;94;91;92;251;0;0;
2026/06/28;2200 UTC;0;1012,3;1012,6;1012;0;15,4;13,9;15,8;15,1;14,3;13,1;94;89;92;251;0;0;
2026/06/28;2300 UTC;0;1013;1013,5;1012,6;0;14,9;12,4;15,2;14,5;13,1;11,9;90;86;87;251;0;0;
2026/06/29;0000 UTC;0;1014,2;1014,6;1013,6;0;14,5;11,4;14,8;14,1;11,9;11;86;83;85;251;0;0;
2026/06/29;0100 UTC;0;1015;1015,5;1014,6;0;13,7;10,9;14,1;13,6;11,1;10,6;87;84;86;251;0;0;
2026/06/29;0200 UTC;0;1015,9;1016,4;1015,4;0;13;10,3;13,7;12,3;10,7;9,9;88;84;87;254;,3;,3;
2026/06/29;0300 UTC;0;1016,7;1017,1;1016,3;0;11,6;9,6;12,2;11;10;9,2;91;89;90;254;,3;,3;
2026/06/29;0400 UTC;0;1017,4;1017,7;1017,1;0;10,5;8,7;10,9;10;9,2;8,1;92;90;91;303;8,7;4,8;
2026/06/29;0500 UTC;0;1017,8;1018;1017,7;0;9,6;8;10;9,4;8,2;7,9;93;91;92;330;7,5;6,1;
2026/06/29;0600 UTC;0;1017,8;1017,9;1017,7;0;9,5;7,7;9,9;9,3;7,9;7,5;92;90;91;336;6,9;5,9;
2026/06/29;0700 UTC;0;1017,6;1017,7;1017,6;0;9,5;7,6;9,6;9,2;7,8;7,3;91;89;90;341;8,2;7;
2026/06/29;0800 UTC;0;1017,7;1017,8;1017,4;0;8,9;7,2;9,3;8,6;7,3;7,1;93;90;92;305;7;5,2;
2026/06/29;0900 UTC;0;1017,9;1018,3;1017,5;0;8,1;7;8,8;7,7;7,3;6,8;96;92;94;308;5,1;1,5;
2026/06/29;1000 UTC;0;1018,7;1019,2;1018,3;0;7,7;6,9;7,9;7,6;7;6,7;96;95;96;310;4,6;1,3;
2026/06/29;1100 UTC;0;1019,3;1019,7;1019,2;42,4;7,1;6,4;7,6;6,8;6,7;6,1;97;95;96;270;1,3;,4;
2026/06/29;1200 UTC;0;1020,3;1020,8;1019,7;317,9;7,7;6,6;8,5;6,9;7,1;6,3;97;92;94;262;10,1;8,9;
2026/06/29;1300 UTC;0;1021,2;1021,6;1020,7;541,6;9,1;7,4;10;8,6;8;7;94;87;92;343;7,9;6,1;
2026/06/29;1400 UTC;0;1021,8;1022;1021,6;873,3;10;7,4;10,6;9,5;8;6,8;90;83;87;350;9,9;7,5;
2026/06/29;1500 UTC;0;1021,7;1021,9;1021,5;1089,2;10,8;7,4;11,4;10,2;8,3;6,9;86;79;83;324;9,7;8,2;
2026/06/29;1600 UTC;0;1021;1021,6;1020,3;1860,2;12;7,3;12,8;11,2;8;6,6;82;70;76;220;12,7;8,5;
2026/06/29;1700 UTC;0;1020,1;1020,3;1019,7;1794,8;13,3;7,4;13,9;12,8;8,1;6,9;75;67;71;0;,4;,4;
2026/06/29;1800 UTC;0;1019,5;1019,7;1019,4;1531,7;14,3;7,2;14,9;13,9;7,8;6,8;69;61;64;0;,4;,4;
2026/06/29;1900 UTC;0;1019,3;1019,4;1019,2;1179,2;14,6;7,5;15;14,2;8,2;6,9;68;60;64;0;,4;,4;
2026/06/29;2000 UTC;0;1019,5;1019,5;1019,3;561;13,9;7,1;14,3;13,4;8;6,4;70;64;66;0;,4;,4;
2026/06/29;2100 UTC;0;1019,6;1020;1019,4;41,9;11,7;7,1;13,4;9,9;8,3;6,6;92;67;77;0;,4;,4;
2026/06/29;2200 UTC;0;1020,1;1020,3;1020;0;8,8;7,4;9,8;8,4;8,3;7;96;90;93;2;9,8;4,3;
2026/06/29;2300 UTC;0;1020,5;1020,7;1020,3;0;8,3;7,2;8,8;7,4;7,6;6,6;98;93;95;348;10,2;8,4;
2026/06/30;0000 UTC;0;1020,8;1020,9;1020,7;0;8,1;7,6;8,5;7,4;8;7;98;97;98;355;8,7;7,3;
2026/06/30;0100 UTC;0;1020,5;1020,6;1020,4;0;6,8;6,7;7,5;6,4;7,2;6,2;100;99;99;292;6,9;1,7;
2026/06/30;0200 UTC;0;1020,7;1020,9;1020,4;0;6,1;6,1;6,6;5,4;6,7;5,5;100;100;100;270;1;,5;
2026/06/30;0300 UTC;0;1020,8;1020,9;1020,8;0;6;6;6,1;5,8;6,2;5,8;100;100;100;270;1;,4;
2026/06/30;0400 UTC;0;1020,7;1020,9;1020,5;0;5,9;5,9;6,1;5,6;6,1;5,5;100;100;100;261;,6;,3;
2026/06/30;0500 UTC;0;1020,5;1020,7;1020,3;0;5,3;5,3;5,8;4;5,9;3,9;100;99;100;207;,7;,3;
2026/06/30;0600 UTC;0;1020,2;1020,3;1020;0;3,5;3,6;4;3,2;3,9;3,3;100;100;100;313;,6;,3;
2026/06/30;0700 UTC;0;1020;1020,1;1019,8;0;3,5;3,6;3,8;3,2;3,8;3,3;100;100;100;284;,8;,3;
2026/06/30;0800 UTC;0;1019,8;1019,9;1019,6;0;2,9;3;3,3;2,6;3,3;2,7;100;100;100;238;1,2;,5;
2026/06/30;0900 UTC;0;1019,6;1019,7;1019,5;0;2,6;2,7;2,9;2,3;2,9;2,4;100;100;100;239;1,9;,6;
2026/06/30;1000 UTC;0;1019,7;1019,9;1019,6;0;2;2,1;2,6;1,7;2,6;1,8;100;100;100;306;1,3;,7;
2026/06/30;1100 UTC;0;1020,1;1020,4;1019,8;29,1;1,8;1,9;2;1,6;2,1;1,7;100;100;100;248;1,4;,8;
2026/06/30;1200 UTC;,2;1020,5;1020,7;1020,3;470,3;3,1;3,2;4,4;2;4,5;2,1;100;100;100;228;1,4;,7;
2026/06/30;1300 UTC;0;1020,9;1021,4;1020,4;1118,1;5,7;5,6;7,4;4;6,9;4;100;97;99;271;,9;,4;
2026/06/30;1400 UTC;0;1021;1021,4;1020,6;1724,6;8,9;7,2;10,3;7,4;8;6,7;97;86;91;229;10;6,7;
2026/06/30;1500 UTC;0;1020,4;1020,7;1020,1;2043,8;11,5;7,7;12,8;10,4;8,5;7;87;75;81;331;12,8;11,2;
2026/06/30;1600 UTC;0;1019,7;1020,1;1019,1;2078,9;13;7,8;13,7;12,4;8,4;7,3;79;71;74;205;13,8;11,1;
2026/06/30;1700 UTC;0;1018,7;1019,1;1018,2;1487,6;13,3;8;13,9;13,1;8,5;7,5;76;69;73;9;14,7;12,9;
2026/06/30;1800 UTC;0;1017,9;1018,3;1017,7;894,1;13,9;7,8;14,3;13,7;8,9;6,9;75;64;70;9;16,6;14,8;
2026/06/30;1900 UTC;0;1017,8;1017,9;1017,6;391,6;13,7;7,3;13,9;13,5;7,9;6,9;72;65;68;6;15,4;14,6;
2026/06/30;2000 UTC;0;1017,4;1017,6;1017,1;224,1;13,4;8,6;13,7;13,1;9,1;7,7;79;71;76;4;14,4;13,7;
2026/06/30;2100 UTC;0;1017;1017,3;1016,8;17,3;12,7;9,2;13,1;12,4;9,4;9;84;79;83;4;13,7;13,1;
2026/06/30;2200 UTC;0;1016,7;1017;1016,5;0;12,2;9,3;12,4;12;9,4;9,1;87;83;85;4;12,9;12,4;
2026/06/30;2300 UTC;0;1016,6;1016,9;1016,3;0;11,8;9,6;12;11,7;10;9,4;91;87;89;308;12,5;12,1;
2026/07/01;0000 UTC;0;1017,3;1017,5;1016,9;0;11,9;9,8;12;11,8;10;9,6;91;88;89;356;12,9;11,8;
2026/07/01;0100 UTC;0;1017,2;1017,4;1017;0;11,8;9,9;12;11,7;10,2;9,7;91;89;90;356;12,9;11,8;
2026/07/01;0200 UTC;0;1017;1017;1016,8;0;11,5;9,9;11,8;10,9;10,2;9,5;93;90;92;352;10,7;10,2;
2026/07/01;0300 UTC;0;1017,1;1017,2;1016,9;0;11;9,6;11,2;10,8;9,8;9,5;94;92;93;352;10,7;10,2;
2026/07/01;0400 UTC;0;1016,9;1017;1016,8;0;11,1;9,8;11,3;10,9;10;9,6;94;92;93;349;10,5;9,8;
2026/07/01;0500 UTC;0;1016,7;1016,9;1016,6;0;11,4;9,9;11,4;11,3;10,1;9,7;93;92;92;350;10,9;10;
2026/07/01;0600 UTC;0;1016,4;1016,6;1016,2;0;11,4;10;11,5;11,4;10,1;10;93;93;93;347;11;9,7;
2026/07/01;0700 UTC;0;1016,4;1016,5;1016,2;0;11,3;10,3;11,4;11,1;10,5;10,1;97;93;95;343;9,9;8,6;
2026/07/01;0800 UTC;0;1016,4;1016,5;1016,2;0;11;10,8;11,1;10,9;11,1;10,5;100;97;99;349;9,6;9;
2026/07/01;0900 UTC;0;1016,4;1016,7;1016,1;0;11,2;11,2;11,3;11;11,4;11;100;100;100;351;11,3;10,6;
2026/07/01;1000 UTC;0;1016,8;1017;1016,7;0;11,5;11,5;11,5;11,3;11,6;11,4;100;100;100;355;11,8;11,3;
2026/07/01;1100 UTC;0;1017,2;1017,2;1017;14,2;11,6;11,7;11,7;11,5;11,7;11,6;100;100;100;356;12;11,2;
2026/07/01;1200 UTC;0;1017,7;1018,1;1017,2;93,3;11,9;11,9;12,1;11,7;12,1;11,7;100;100;100;355;12,2;11,4;
2026/07/01;1300 UTC;0;1018,3;1018,6;1018,1;377,7;12,6;12,7;13,3;12,1;13,3;12,1;100;100;100;356;14,1;12,9;
2026/07/01;1400 UTC;0;1018,6;1018,9;1018,5;616,8;14;13,7;15,2;13,2;14;13,2;100;92;98;80;18,8;17;
2026/07/01;1500 UTC;0;1018,8;1019;1018,5;563,9;15,9;13,5;16,4;15,2;13,8;13,3;92;85;88;4;20,3;19;
2026/07/01;1600 UTC;0;1017,9;1018,5;1017,4;1250,6;17;13,5;18;16,3;14;13,1;86;77;82;178;1,9;,2;
2026/07/01;1700 UTC;0;1017,1;1017,4;1016,7;1546,1;18,1;13,4;18,9;17,4;13,9;12,7;81;70;77;141;4,7;1,2;
2026/07/01;1800 UTC;0;1016,9;1017,2;1016,6;1428,6;18,6;13,1;19,3;18,2;13,7;12,6;75;70;72;143;4,8;1,4;
2026/07/01;1900 UTC;0;1016,9;1017,2;1016,7;968,7;18;14;19,3;17,1;14,6;13;87;72;80;109;0;0;
2026/07/01;2000 UTC;0;1017,1;1017,4;1016,8;325,6;16,8;14,3;17,4;16,2;14,5;14;91;83;88;109;0;0;
2026/07/01;2100 UTC;0;1017,7;1018,2;1017,3;9,5;16;14,3;16,2;15,8;14,4;14,2;92;91;91;109;0;0;
2026/07/01;2200 UTC;0;1018,3;1018,8;1017,9;0;15,5;14,1;15,8;15,2;14,2;14;94;92;93;109;0;0;
2026/07/01;2300 UTC;0;1018,8;1019,1;1018,6;0;14,8;13,8;15,2;14,5;14;13,6;96;94;95;109;0;0;
2026/07/02;0000 UTC;0;1019,6;1019,9;1019,2;0;14,5;13,6;14,6;14,4;13,7;13,5;96;95;96;109;0;0;
2026/07/02;0100 UTC;0;1020;1020,2;1019,5;0;14,3;13,5;14,4;14,3;13,6;13,4;97;96;96;109;0;0;
2026/07/02;0200 UTC;0;1020,7;1021,2;1020;0;14,2;13,1;14,3;13,9;13,4;12,8;95;94;95;109;0;0;
2026/07/02;0300 UTC;0;1021,1;1021,3;1020,9;0;13,7;12,6;13,9;13,5;12,8;12,5;95;94;95;109;0;0;
2026/07/02;0400 UTC;0;1021,2;1021,4;1021,1;0;13,5;12,5;13,5;13,5;12,6;12,3;95;94;95;109;0;0;
2026/07/02;0500 UTC;0;1021,5;1021,8;1021,3;0;13,4;12,2;13,5;13,3;12,4;11,9;94;93;94;109;0;0;
2026/07/02;0600 UTC;0;1021,6;1022;1021,3;0;13,1;11,6;13,3;12,9;11,9;11,5;93;92;93;109;0;0;
2026/07/02;0700 UTC;0;1021,6;1021,9;1021,1;0;12,7;11,4;12,9;12,5;11,6;11,2;94;93;93;109;0;0;
2026/07/02;0800 UTC;0;1021,4;1021,6;1021;0;12,4;11,2;12,5;12,3;11,3;11,1;95;94;94;109;0;0;
2026/07/02;0900 UTC;0;1021,8;1022,1;1021,4;0;12,2;11;12,3;11,8;11,1;10,9;97;93;94;90;3;1,9;
2026/07/02;1000 UTC;0;1022;1022,3;1021,6;0;11,6;11,3;11,8;11,5;11,4;11,1;100;97;99;345;9,9;8,2;
2026/07/02;1100 UTC;,4;1022,4;1023,1;1021,9;1,4;11,4;11,3;11,5;11,2;11,4;11,1;100;99;99;311;8,8;7;
2026/07/02;1200 UTC;,8;1023,2;1023,7;1022,8;32,7;11;10,9;11,2;10,8;11,2;10,7;100;99;99;301;8,3;6,3;
2026/07/02;1300 UTC;1;1023,7;1024,1;1023,4;136,1;10,9;10,7;10,9;10,8;10,8;10,5;99;98;99;314;7,8;5,3;
2026/07/02;1400 UTC;,6;1024,2;1024,4;1024;240,7;11;10,6;11,1;10,9;10,7;10,5;99;98;98;322;8,1;6;
2026/07/02;1500 UTC;0;1024,3;1024,5;1024;365,4;11,1;10,3;11,2;11;10,7;10;98;95;96;318;7,3;5,7;
2026/07/02;1600 UTC;0;1024,1;1024,5;1023,7;305,6;10,8;9,7;11,1;10,5;10,2;9,2;96;93;95;294;7,6;5,7;
2026/07/02;1700 UTC;,4;1023,6;1023,9;1023,3;358;10,3;9,1;10,5;10,2;9,3;8,7;95;92;94;293;8;5,7;
2026/07/02;1800 UTC;0;1023,4;1023,5;1023,1;280,6;10;8,9;10,2;9,7;9,2;8,6;96;93;94;291;8,4;5;
2026/07/02;1900 UTC;,4;1023,4;1023,7;1023;202,6;9,5;8,6;9,7;9,2;8,9;7,9;97;93;96;272;8,1;5,1;
2026/07/02;2000 UTC;,2;1023,8;1024,1;1023,5;149,6;9,2;7,9;9,3;9,2;8,3;7;95;89;93;278;6,4;4;
2026/07/02;2100 UTC;0;1024,3;1024,5;1024;18,4;8,9;6,3;9,2;8,6;7,5;5,5;91;84;87;281;5,8;4,4;
2026/07/02;2200 UTC;0;1024,6;1024,9;1024,4;0;8,5;5,1;8,6;8,4;5,7;4,8;85;82;83;325;6,4;4,7;
2026/07/02;2300 UTC;0;1025,1;1025,2;1024,8;0;8,4;4,7;8,5;8,2;5,3;4,2;85;79;81;329;5,8;4,7;
2026/07/03;0000 UTC;0;1025,2;1025,4;1025;0;8,1;4,6;8,2;8;4,8;4,2;84;81;82;309;3;1;
2026/07/03;0100 UTC;0;1025,4;1025,6;1025,3;0;7,1;3;7,9;6,3;4,5;2;83;78;80;270;2,1;,5;
2026/07/03;0200 UTC;0;1025,7;1025,9;1025,4;0;5,9;1,7;6,3;5,6;2,1;1,2;80;78;79;270;2,5;,7;
2026/07/03;0300 UTC;0;1025,8;1025,9;1025,6;0;5,3;,8;5,7;4,9;1,3;,4;79;76;78;182;2,4;,4;
2026/07/03;0400 UTC;0;1025,8;1026;1025,5;0;4,4;,4;4,9;3,9;,7;-,4;81;78;80;269;8,6;,5;
2026/07/03;0500 UTC;0;1025,9;1026;1025,8;0;3,3;-,3;4;2,8;0;-,8;84;78;82;270;2,4;1,1;
2026/07/03;0600 UTC;0;1025,7;1025,9;1025,6;0;2,7;-,9;2,9;2,6;-,6;-1,1;83;81;82;270;2,4;1,2;
2026/07/03;0700 UTC;0;1025,3;1025,6;1025;0;2,5;-1,1;2,6;2,3;-,8;-1,2;84;81;82;256;7,7;4,8;
2026/07/03;0800 UTC;0;1024,9;1025,2;1024,7;0;2,5;-,6;2,7;2,3;-,4;-,9;85;84;85;268;7,5;2,8;
2026/07/03;0900 UTC;0;1024,6;1024,7;1024,4;0;2,8;-,5;3;2,6;-,4;-,6;84;82;83;270;2,5;,6;
2026/07/03;1000 UTC;0;1024,9;1025,1;1024,6;0;2,9;-,4;3,2;2,7;-,3;-,5;84;82;83;270;2,4;,8;
2026/07/03;1100 UTC;0;1025,3;1025,4;1025;39,6;3,4;-,2;3,9;3,1;0;-,3;83;80;82;270;2,2;,7;
2026/07/03;1200 UTC;0;1025,3;1025,5;1025;499,7;4,4;,1;4,9;3,9;,5;-,1;80;77;79;269;8,6;1,3;
2026/07/03;1300 UTC;0;1025,6;1025,8;1025,1;892,7;5,8;1;6,5;5;1,8;,3;77;74;76;272;8,2;,7;
2026/07/03;1400 UTC;0;1025,7;1025,8;1025,3;1380;7,3;2,2;8,3;6,5;3,2;1,5;76;73;75;274;6,7;,4;
2026/07/03;1500 UTC;0;1025,5;1025,7;1025,1;1417,5;8,7;3,4;9,1;8,3;3,9;2,8;76;71;74;305;12,4;1,3;
2026/07/03;1600 UTC;0;1025;1025,6;1024,4;1576,9;9,2;4;9,8;8,7;4,6;3,5;76;71;74;290;10,7;3,8;
2026/07/03;1700 UTC;0;1024,1;1024,6;1023,5;1513,3;10;4,5;10,6;9,6;5;4;74;69;72;286;11,9;7,9;
2026/07/03;1800 UTC;0;1023,5;1023,9;1023,2;1190,4;10,5;4,8;11;9,9;5,2;4,4;74;70;72;297;12;8,5;
2026/07/03;1900 UTC;0;1023,2;1023,4;1022,9;1154,5;11,1;5,3;11,5;10,8;5,9;4,9;72;69;71;304;11,5;6,6;
2026/07/03;2000 UTC;0;1023,5;1023,8;1023,1;505,9;11;5,7;11,3;10,5;6;5,5;78;72;74;311;9,6;6,4;
2026/07/03;2100 UTC;0;1024,1;1024,3;1023,6;49,8;10,1;5,8;10,4;10;6;5,7;80;77;79;307;8,7;6,7;
2026/07/03;2200 UTC;0;1024,6;1025,1;1024,1;0;9,8;5,9;9,9;9,8;6;5,8;81;79;80;320;8,5;6,6;
2026/07/03;2300 UTC;0;1025,1;1025,3;1024,9;0;9,8;6;9,9;9,8;6,1;5,8;81;80;81;319;9,4;7;
2026/07/04;0000 UTC;0;1025,2;1025,4;1024,9;0;9,8;6,1;9,9;9,7;6,5;5,9;84;80;82;305;8,7;6,2;
2026/07/04;0100 UTC;0;1025,2;1025,3;1025;0;9,6;6,7;9,6;9,6;6,9;6,5;86;84;85;304;7,8;5,7;
2026/07/04;0200 UTC;0;1025,4;1025,6;1025,2;0;9,6;6,9;9,6;9,6;7;6,8;87;86;86;317;7,8;6,3;
2026/07/04;0300 UTC;0;1025,2;1025,4;1024,9;0;9,4;6,9;9,6;9,3;7;6,8;88;86;88;317;7,4;5,6;
2026/07/04;0400 UTC;0;1025,1;1025,2;1024,9;0;9,3;6,9;9,3;9,2;7,1;6,9;89;88;88;326;7,9;6,1;
2026/07/04;0500 UTC;0;1025,1;1025,2;1024,9;0;9,2;7,3;9,4;9,1;7,4;7;91;88;90;328;7,3;5,9;
2026/07/04;0600 UTC;0;1025,1;1025,2;1025;0;8,9;7,7;9,1;8,6;8,2;7,3;98;91;94;332;9,3;7,8;
2026/07/04;0700 UTC;0;1025;1025,1;1024,8;0;8,8;8;8,9;8,6;8,1;7,8;98;95;96;330;8,7;6,1;
2026/07/04;0800 UTC;0;1024,7;1024,9;1024,5;0;8,6;8,2;8,9;8,5;8,5;7,8;100;95;98;328;8,2;6,9;
2026/07/04;0900 UTC;0;1024,5;1024,6;1024,2;0;8,5;8,5;8,6;8,5;8,6;8,5;100;99;100;323;8,9;6,3;
2026/07/04;1000 UTC;0;1024,4;1024,6;1024,2;0;8,6;8,6;8,7;8,6;8,7;8,5;100;100;100;326;6,8;5,5;
2026/07/04;1100 UTC;,2;1025;1025,5;1024,6;16;8,6;8,6;8,7;8,5;8,7;8,5;100;100;100;317;8,2;6,5;
2026/07/04;1200 UTC;0;1025,5;1025,7;1025,3;193,4;8,6;8,6;8,8;8,5;8,8;8,4;100;100;100;319;7,5;6;
2026/07/04;1300 UTC;0;1026,1;1026,5;1025,8;354,3;9;8,9;9,2;8,8;9;8,7;100;98;99;314;7,1;5,5;
2026/07/04;1400 UTC;0;1026,4;1026,5;1026,1;627,9;9,4;8,8;9,6;9,2;9,1;8,4;98;95;97;313;7;5;
2026/07/04;1500 UTC;0;1026,1;1026,4;1025,7;791,9;9,7;8,7;10;9,4;9;8,3;96;92;95;325;6,7;5;
2026/07/04;1600 UTC;0;1025,4;1025,8;1024,9;810,6;10,3;8,7;10,5;9,8;9,2;8,3;95;90;92;328;7,9;6,1;
2026/07/04;1700 UTC;0;1024,6;1024,9;1024,4;676,3;10,5;8,9;10,8;10,4;9,4;8,5;94;90;92;338;9,7;7,5;
2026/07/04;1800 UTC;0;1023,9;1024,4;1023,4;662,4;10,5;9,5;10,7;10,4;10;8,9;97;92;95;343;10,5;8,3;
2026/07/04;1900 UTC;0;1023,3;1023,5;1023;459;10,5;9,9;10,6;10,3;10,2;9,6;98;96;97;348;10;8,7;
2026/07/04;2000 UTC;0;1023,5;1023,9;1022,9;201,3;10,5;10;10,6;10,4;10,2;9,8;98;97;97;347;11;9,4;
2026/07/04;2100 UTC;0;1023,8;1023,9;1023,5;19,6;10,4;9,9;10,5;10,3;9,9;9,8;97;97;97;352;10;9,1;
2026/07/04;2200 UTC;0;1023,8;1024,1;1023,3;0;10,3;9,9;10,4;10,1;9,9;9,8;99;97;98;352;9,5;8,4;
2026/07/04;2300 UTC;0;1024,1;1024,6;1023,7;0;10;9,8;10,1;10;9,8;9,7;99;98;99;351;9,6;8,5;
2026/07/05;0000 UTC;0;1024,2;1024,5;1024;0;10,2;9,9;10,3;10,1;10;9,8;99;98;99;353;10,2;9,3;
2026/07/05;0100 UTC;0;1023,9;1024,3;1023,5;0;10,4;10,2;10,4;10,4;10,3;10,1;99;98;99;352;9,8;8,8;
2026/07/05;0200 UTC;0;1023,6;1024,2;1023,3;0;10,4;10,4;10,5;10,3;10,4;10,3;100;99;100;345;9,1;8,2;
2026/07/05;0300 UTC;0;1024,2;1024,6;1024;0;10,3;10,4;10,4;10,3;10,4;10,3;100;100;100;300;8,2;7,2;
2026/07/05;0400 UTC;0;1023,9;1024,1;1023,8;0;10,3;10,3;10,3;10,1;10,4;10,1;100;100;100;338;8,9;7,8;
2026/07/05;0500 UTC;0;1023,6;1023,9;1023,4;0;10;10,1;10,1;10;10,2;10;100;100;100;356;10;9,4;
2026/07/05;0600 UTC;0;1023;1023,5;1022,6;0;9,9;10;10;9,8;10,1;9,9;100;100;100;344;9,8;9,1;
2026/07/05;0700 UTC;,2;1022,7;1022,9;1022,5;0;9,9;9,9;9,9;9,8;10;9,9;100;100;100;353;9,7;8,9;
2026/07/05;0800 UTC;0;1022,3;1022,6;1021,9;0;9,9;9,9;9,9;9,8;10;9,8;100;100;100;355;9,2;8,6;
2026/07/05;0900 UTC;,2;1022;1022,2;1021,9;0;9,8;9,8;9,8;9,8;9,9;9,8;100;100;100;355;9,2;8,7;
2026/07/05;1000 UTC;0;1022,4;1022,6;1022,2;0;9,8;9,8;9,8;9,7;9,9;9,8;100;100;100;352;8,7;8;
2026/07/05;1100 UTC;0;1022,6;1022,8;1022,4;17,4;9,7;9,7;9,7;9,6;9,8;9,6;100;100;100;352;8,2;7,4;
2026/07/05;1200 UTC;0;1022,8;1022,9;1022,7;236,1;9,7;9,8;9,9;9,6;10;9,7;100;100;100;345;8,5;7,6;
2026/07/05;1300 UTC;0;1022,6;1023,1;1022,4;626,9;10;10,1;10,2;9,8;10,3;9,8;100;100;100;228;10,6;9;
2026/07/05;1400 UTC;0;1022,3;1023,2;1021,8;1236,7;11;10,5;11,9;10,1;11,6;10,1;100;93;98;7;12,9;11,6;
2026/07/05;1500 UTC;0;1022,1;1022,4;1021,8;889,4;11,7;10,6;12,2;11,2;10,9;10,3;97;92;95;275;14,2;12,7;
2026/07/05;1600 UTC;0;1020,8;1022;1020;1303,7;12,8;10,8;13,4;12,1;11,3;10,4;93;87;90;6;16,2;15;
2026/07/05;1700 UTC;0;1019,9;1020,5;1019,2;1018,8;13,7;11;14,3;12,9;11,9;10,6;90;84;86;5;17,9;16,4;
2026/07/05;1800 UTC;0;1019,2;1019,5;1018,9;290,5;13,8;11,3;13,9;13,6;11,6;10,9;89;86;87;49;17,6;16,7;
2026/07/05;1900 UTC;0;1019,4;1019,6;1019,2;111,6;13,4;11,5;13,6;13,3;11,6;11,4;91;89;90;357;15,4;14,7;
2026/07/05;2000 UTC;0;1019,4;1019,5;1019,2;55,3;13,2;11,5;13,3;13,1;11,7;11,4;93;90;92;17;14,5;14,1;
2026/07/05;2100 UTC;0;1019,2;1019,4;1019,1;3,3;12,9;11,8;13,1;12,8;12;11,6;96;93;95;165;14,3;14,1;
2026/07/05;2200 UTC;0;1018,9;1019,2;1018,5;0;12,7;12;12,8;12,6;12,1;12;97;96;96;3;14,2;13,6;
2026/07/05;2300 UTC;0;1018,3;1018,5;1018,1;0;12,4;11,9;12,6;12,3;12,1;11,9;98;97;97;5;14,2;13,5;
2026/07/06;0000 UTC;0;1018,1;1018,3;1017,8;0;12,4;11,8;12,4;12,3;11,9;11,8;98;97;97;7;16,1;15;
2026/07/06;0100 UTC;,2;1017,6;1017,8;1017,4;0;12,4;11,7;12,4;12,2;11,8;11,7;97;97;97;34;15,2;14,4;
2026/07/06;0200 UTC;0;1017,4;1017,6;1017,2;0;12,2;11,7;12,3;12,1;11,7;11,6;98;97;97;110;14,7;13,2;
2026/07/06;0300 UTC;0;1017,5;1017,7;1017,3;0;12;11,7;12,1;12;11,8;11,7;99;98;98;6;14,7;13,7;
2026/07/06;0400 UTC;,4;1017,1;1017,6;1016,8;0;12;11,8;12;11,9;11,8;11,7;99;99;99;177;14,2;13;
2026/07/06;0500 UTC;0;1016,9;1017,2;1016,7;0;12;11,9;12;12;12;11,8;100;99;100;352;12,6;11,8;
2026/07/06;0600 UTC;,2;1016,9;1017,1;1016,6;0;12,1;11,9;12,2;12;12,1;11,9;100;99;99;356;13,4;12,6;
2026/07/06;0700 UTC;0;1016,5;1016,7;1016,4;0;12,2;11,8;12,4;12,1;11,9;11,7;99;97;98;352;13,9;12,4;
2026/07/06;0800 UTC;0;1016,2;1016,5;1015,9;0;12,5;11,6;12,7;12,3;11,8;11,3;97;93;95;354;15,4;13,6;
2026/07/06;0900 UTC;0;1015,9;1016,2;1015,7;0;12,6;11,2;12,7;12,4;11,4;11,1;94;92;93;352;13,9;12,4;
2026/07/06;1000 UTC;0;1016,5;1017;1016,2;0;12,1;10,7;12,5;11,6;11,2;9,9;94;91;93;332;11,2;9,3;
2026/07/06;1100 UTC;0;1017,2;1017,7;1016,8;9,1;11,2;9,5;11,6;11,1;10;9,2;92;90;91;344;10,6;9,5;
2026/07/06;1200 UTC;0;1017,8;1018,2;1017,6;140,9;10,7;8,4;11,1;10,6;9,3;7,8;91;86;88;339;10,1;8,7;
2026/07/06;1300 UTC;0;1018,5;1019;1018,1;829,2;11,2;8,1;11,9;10,7;8,4;7,8;87;80;84;334;10,9;9,2;
2026/07/06;1400 UTC;0;1019;1019,2;1018,7;1524;12,2;7,5;12,7;11,7;8,3;6,9;81;72;77;324;8,4;8,1;
2026/07/06;1500 UTC;0;1019;1019,2;1018,8;1938,5;13,1;7;13,7;12,3;7,9;5,9;76;62;70;322;11;8,8;
2026/07/06;1600 UTC;0;1018,6;1018,9;1018,2;1766,3;13,1;5,8;14,1;12,5;7,2;4,7;68;56;63;295;11,4;8,2;
2026/07/06;1700 UTC;0;1018,2;1018,5;1017,9;1154;12,8;4,9;14;12,2;5,6;4,1;66;52;60;264;7,8;5;
2026/07/06;1800 UTC;0;1017,9;1018;1017,6;1092;12,4;4,6;13;12;5,3;4;66;59;61;271;8,8;4,6;
2026/07/06;1900 UTC;0;1017,9;1018,1;1017,7;656;11,8;4,2;12,6;11,5;4,8;3,9;64;57;62;265;4,6;4,6;
2026/07/06;2000 UTC;0;1018,2;1018,5;1018;174,5;11,2;4,1;11,5;10,8;4,3;3,8;67;63;65;284;10,2;6,7;
2026/07/06;2100 UTC;0;1018,8;1019,1;1018,3;21,9;10,2;4,4;10,8;9,8;5,1;4,1;73;67;71;338;9;7,3;
2026/07/06;2200 UTC;0;1019,3;1019,6;1019;0;9,6;4;9,8;9,4;4,6;3,7;74;70;72;337;9,7;7,1;
2026/07/06;2300 UTC;0;1020;1020,4;1019,5;0;9,1;4,4;9,4;8,9;4,7;3,9;79;73;77;330;8,4;6;
2026/07/07;0000 UTC;0;1020,6;1020,8;1020,3;0;8,8;3,4;8,9;8,7;4,7;2,4;79;68;73;331;10;7,7;
2026/07/07;0100 UTC;0;1020,9;1021;1020,8;0;8,4;2,6;8,7;7,9;2,9;2;72;69;71;277;8,4;1,2;
2026/07/07;0200 UTC;0;1020,8;1020,9;1020,7;0;7,3;2;7,8;6,9;2,2;1,8;75;72;73;270;2,1;,9;
2026/07/07;0300 UTC;0;1020,6;1020,7;1020,5;0;6,8;2;7;6,6;2,1;1,9;77;75;76;270;1,8;,9;
2026/07/07;0400 UTC;0;1020,3;1020,4;1019,9;0;6;2,2;6,8;5,2;2,3;2,1;85;77;81;270;1,7;,7;
2026/07/07;0500 UTC;0;1019,5;1019,9;1019;0;4,9;2;5,2;4,6;2,1;1,8;87;84;85;341;3,4;1,7;
2026/07/07;0600 UTC;0;1018,9;1019;1018,8;0;4,5;1,9;5,2;4,2;2,2;1,8;89;85;87;99;2,8;,6;
2026/07/07;0700 UTC;0;1018,7;1018,9;1018,4;0;6,3;2,3;7,1;5,3;2,5;2,2;85;76;80;0;2,4;,9;
2026/07/07;0800 UTC;0;1018,1;1018,5;1017,8;0;7,3;2,3;7,5;7;2,4;2,2;76;74;75;127;2;,7;
2026/07/07;0900 UTC;0;1017,9;1018;1017,7;0;7,3;2,3;7,4;7,1;2,4;2,2;76;74;75;270;1,8;,8;
2026/07/07;1000 UTC;0;1018,5;1019;1018;0;6,9;2,2;7,1;6,6;2,2;2,1;78;75;76;270;2;,9;
2026/07/07;1100 UTC;0;1018,9;1019;1018,8;39,6;7,1;2,1;7,3;6,9;2,1;2;76;74;75;270;2,1;1;
2026/07/07;1200 UTC;0;1018,9;1019;1018,9;511,8;7,9;2,2;8,6;7,3;2,6;2;73;69;72;331;9,3;3,2;
2026/07/07;1300 UTC;0;1019,3;1019,7;1019;1155,7;9,3;2,4;9,8;8,6;2,8;2;70;62;66;323;11;7,4;
2026/07/07;1400 UTC;0;1019,5;1019,7;1019,2;1736,3;10,5;2,7;11,5;9,7;3,4;2,3;66;56;61;324;12;8,5;
2026/07/07;1500 UTC;0;1019,3;1019,4;1019,1;2110,8;12,2;2,3;13,1;11,5;3;1,6;56;46;51;316;12;8,9;
2026/07/07;1600 UTC;0;1018,9;1019,3;1018,6;2201,8;13,5;2,3;14,2;13;3,2;1,7;47;43;44;321;10,5;9,7;
2026/07/07;1700 UTC;0;1018,4;1018,7;1017,9;2059,6;14,5;3,2;14,8;13,9;3,7;2,5;46;41;44;327;8,9;8,9;
2026/07/07;1800 UTC;0;1017,9;1018,1;1017,6;1577,3;15,1;3,5;15,5;14,8;4,1;2,9;44;39;42;327;8,9;8,9;
2026/07/07;1900 UTC;0;1017,5;1017,7;1017,3;1251,1;15,3;3,6;15,6;15;4,1;3,3;45;40;42;327;8,9;8,9;
2026/07/07;2000 UTC;0;1017,7;1017,9;1017,5;599,4;14,9;4,2;15,1;14,3;4,5;3,6;51;42;46;327;8,9;8,9;
2026/07/07;2100 UTC;0;1017,9;1017,9;1017,7;60;13,1;4,3;14,3;12,2;4,4;4,2;60;50;56;327;8,9;8,9;
2026/07/07;2200 UTC;0;1018,2;1018,5;1017,9;0;12,1;4,1;12,4;11,7;4,2;4;62;58;60;327;8,9;8,9;
2026/07/07;2300 UTC;0;1018,6;1018,9;1018,3;0;10,5;4;11,6;8,6;4,6;3,8;79;62;67;357;10,6;8,9;
2026/07/08;0000 UTC;0;1018,7;1018,9;1018,5;0;7,8;4,2;8,5;6,6;4,8;3,8;87;77;82;8;10,2;5,4;
2026/07/08;0100 UTC;0;1018,8;1019;1018,5;0;6,3;4,4;6,6;6;4,8;4;92;87;90;345;9,7;7,9;
2026/07/08;0200 UTC;0;1018,9;1019;1018,8;0;6,3;4,4;6,5;5,8;5,1;3,9;94;88;91;4;10,6;7,6;
2026/07/08;0300 UTC;0;1018,9;1019,1;1018,7;0;6;4;7;5,4;4,5;3,4;94;84;90;354;9,5;7,9;
2026/07/08;0400 UTC;0;1018,7;1018,9;1018,2;0;7;3,8;7,5;6,6;4;3,6;86;81;84;32;9,5;1,6;
2026/07/08;0500 UTC;0;1018,4;1018,5;1018,2;0;9;4,6;9,6;7,3;4,8;4;84;76;78;353;11,4;9,9;
2026/07/08;0600 UTC;0;1018,4;1018,6;1017,8;0;7,1;4,7;9,5;6,2;5,2;4,2;93;76;88;354;10,9;9,4;
2026/07/08;0700 UTC;0;1017,8;1017,9;1017,6;0;8,4;4,6;9,4;6,5;5,3;4,3;90;76;81;120;8,7;2,4;
2026/07/08;0800 UTC;0;1017,8;1018;1017,6;0;8;4,4;9,8;5,6;4,9;3,9;94;73;82;348;11,8;10,2;
2026/07/08;0900 UTC;0;1017,6;1017,7;1017,4;0;8;4,1;9,2;6,8;4,3;3,5;86;75;81;297;11,1;8,7;
2026/07/08;1000 UTC;0;1018,1;1018,5;1017,6;0;5,8;4;6,8;5,1;4,3;3,4;94;86;91;105;8;2;
2026/07/08;1100 UTC;0;1018,6;1019;1018,2;29,6;5,3;4,3;5,4;5,1;4,5;4,1;96;94;95;6;9,1;1,6;
2026/07/08;1200 UTC;0;1019,1;1019,4;1018,8;470,9;8,3;4,8;11,3;5,5;5,5;4,3;95;68;82;256;11,6;10,6;
2026/07/08;1300 UTC;0;1019,8;1020,3;1019,5;1099,3;12,2;6,5;13,5;11,2;7,2;5,2;80;61;71;357;13,9;13;
2026/07/08;1400 UTC;0;1020,2;1020,3;1019,9;1660,9;14,6;6,6;16,2;13,5;7,5;6;67;52;60;276;19,8;17,5;
2026/07/08;1500 UTC;0;1019,7;1020;1019,4;2034;17,1;6,4;17,9;16,2;7;5,8;52;42;46;336;23,1;;
2026/07/08;1600 UTC;0;1019,1;1019,5;1018,7;2093,8;18,5;6,9;19,2;17,9;7,6;6,5;46;38;42;271;1,1;,4;
2026/07/08;1700 UTC;0;1018,3;1018,8;1017,9;1988,8;19,5;7,2;20,3;18,6;8,2;6,6;42;35;38;250;3,1;,9;
2026/07/08;1800 UTC;0;1017,7;1017,9;1017,5;1263,2;19,7;7,1;20,1;19,4;7,8;6,3;42;34;37;249;1,9;,9;
2026/07/08;1900 UTC;0;1018;1018,1;1017,7;920,6;19,3;7,9;20,4;18;9,2;6,6;54;33;43;90;,9;,9;
2026/07/08;2000 UTC;0;1018,4;1018,9;1018;454,8;17,3;8,5;18;16,6;8,8;8,2;61;53;56;90;,9;,9;
2026/07/08;2100 UTC;0;1018,5;1018,9;1018,2;68,4;14,7;7,9;16,6;12,9;8,8;7,6;74;60;66;90;,9;,9;
2026/07/08;2200 UTC;0;1018,7;1018,9;1018,3;0;11,7;6,8;12,9;10,6;7,6;6,5;81;74;76;90;,9;,9;
2026/07/08;2300 UTC;0;1018,8;1019;1018,6;0;10;7,1;10,6;9,5;7,3;6,8;88;81;85;75;9,9;2,8;
2026/07/09;0000 UTC;0;1018,6;1018,7;1018,3;0;8,9;7,3;9,5;8,4;7,7;7;95;89;92;13;8,7;7,6;
2026/07/09;0100 UTC;0;1018,2;1018,4;1018,1;0;8,5;7,7;8,8;8,2;8;7,4;97;93;96;9;7,6;6,7;
2026/07/09;0200 UTC;0;1018;1018,2;1017,8;0;8,1;7,7;8,6;7,8;8,1;7,4;99;96;98;7;11,3;9,6;
2026/07/09;0300 UTC;0;1017,8;1018;1017,7;0;8,7;7,9;8,8;8,5;8,2;7,6;99;94;96;4;9,9;9;
2026/07/09;0400 UTC;0;1017,4;1017,7;1017;0;8,2;8,1;8,5;7,7;8,2;7,6;100;98;99;8;9,8;8,1;
2026/07/09;0500 UTC;0;1016,9;1017;1016,7;0;7,7;7,7;7,7;7,5;7,8;7,5;100;100;100;5;9,2;8,2;
2026/07/09;0600 UTC;0;1016,7;1016,9;1016,6;0;7,4;7,2;7,6;7,1;7,6;6,7;100;97;99;11;8,6;7,7;
2026/07/09;0700 UTC;0;1016,3;1016,6;1015,8;0;6,8;6,2;7,4;6,3;6,7;5,9;98;96;97;90;1,6;,8;
2026/07/09;0800 UTC;0;1015,5;1015,8;1015,3;0;7,2;6,4;8;6,2;6,9;5,9;99;92;96;9;9,8;8,7;
2026/07/09;0900 UTC;0;1015,7;1016,1;1015,3;0;7,2;6,1;7,9;6,7;6,2;5,9;96;91;94;255;6,1;,2;
2026/07/09;1000 UTC;0;1016,1;1016,3;1015,9;0;6,3;5,9;6,7;5,9;6,2;5,6;99;96;98;72;,9;,3;
2026/07/09;1100 UTC;0;1016,2;1016,3;1016;52,6;6,6;6,3;7,9;5,9;6,7;5,6;100;94;98;0;7,4;,8;
2026/07/09;1200 UTC;0;1016,2;1016,3;1016,1;512,1;8,8;6,9;9,9;7,9;7,4;6,5;93;85;90;7;11,3;10,1;
2026/07/09;1300 UTC;0;1016,5;1016,8;1016,3;900,5;11,1;7,8;13,2;9,6;8,4;7,2;91;74;84;110;14,6;13,4;
2026/07/09;1400 UTC;0;1017,1;1017,4;1016,8;1625,5;14,8;8,3;16,4;13,3;8,8;7,5;74;61;68;229;20,9;18,4;
2026/07/09;1500 UTC;0;1016,5;1017;1016,1;1765,2;17,8;8,9;18,5;16,5;9,7;8,5;64;51;56;90;,9;,6;
2026/07/09;1600 UTC;0;1016;1016,3;1015,6;1753,3;19,1;10,1;19,8;18,2;11,3;8,9;61;52;55;211;4,3;1,6;
2026/07/09;1700 UTC;0;1015;1015,6;1014,5;2031,1;20,3;10,5;21,2;19,5;11,4;9,7;57;46;51;258;2,8;1,4;
2026/07/09;1800 UTC;0;1013,9;1014,5;1013,3;1557,4;22;11;22,6;21,3;12;10,4;51;41;45;255;3,8;2;
2026/07/09;1900 UTC;0;1013,2;1013,4;1013,1;1140,5;22,2;10,5;22,6;21,3;11,5;9,4;50;35;41;228;3,6;2;
2026/07/09;2000 UTC;0;1012,8;1013,1;1012,5;419,4;20,9;11,3;21,2;20,4;12,6;10,5;61;48;52;175;1,2;,5;
2026/07/09;2100 UTC;0;1013,2;1013,4;1012,8;46,6;18,1;11,4;20,1;17;13,1;10,5;72;60;67;78;1;,2;
2026/07/09;2200 UTC;0;1013,4;1013,6;1013,2;0;15,6;11,4;17;14,7;11,5;11,3;83;72;79;78;,2;,2;
2026/07/09;2300 UTC;0;1014;1014,3;1013,7;0;14;11,3;14,7;13,6;11,6;11;88;83;86;78;,2;,2;
2026/07/10;0000 UTC;0;1014,4;1014,6;1014,2;0;13,7;11,4;14,3;13,2;11,9;11,2;92;85;88;78;,2;,2;
2026/07/10;0100 UTC;0;1014,3;1014,6;1014,1;0;14,3;11;14,7;13,8;11,9;10,1;90;78;84;78;,2;,2;
2026/07/10;0200 UTC;0;1014;1014,2;1013,8;0;14,2;9,9;14,7;13,3;10,6;9,2;83;74;78;78;,2;,2;
2026/07/10;0300 UTC;0;1014;1014,1;1013,8;0;12,5;9,5;14,7;11,7;9,9;9,2;91;73;85;78;,2;,2;
2026/07/10;0400 UTC;0;1014,3;1014,5;1014;0;11,3;9,2;11,9;10,9;9,5;9;92;86;89;78;,2;,2;
2026/07/10;0500 UTC;0;1013,8;1014,1;1013,6;0;10,9;8,9;11,5;10,3;9,1;8,7;93;86;90;78;,2;,2;
2026/07/10;0600 UTC;0;1014;1014,3;1013,8;0;11,1;8,7;12,6;10;9,2;8;94;81;88;78;,2;,2;
2026/07/10;0700 UTC;0;1014;1014,1;1013,9;0;10,4;8,8;10,8;9,9;9,2;8,5;95;90;92;351;9,8;7,9;
2026/07/10;0800 UTC;0;1013,7;1013,9;1013,6;0;10,8;9,1;11,1;10,5;9,3;8,8;92;90;91;352;11,4;10,1;
2026/07/10;0900 UTC;0;1013,9;1014,1;1013,7;0;11,6;9,1;12;10,8;9,3;8,9;93;85;88;275;10,7;9,2;
2026/07/10;1000 UTC;0;1014;1014,2;1013,9;0;10,7;9,3;10,8;10,3;9,5;9,1;94;93;93;352;9,5;8,9;
2026/07/10;1100 UTC;0;1014,7;1015,5;1014,1;13,6;10,3;9;10,8;10,1;9,2;8,8;95;91;93;346;10,6;9,3;
2026/07/10;1200 UTC;0;1015,4;1015,6;1015,3;395,8;11,5;9,1;12,4;10,8;9,5;8,8;91;84;88;356;13,7;12,6;
2026/07/10;1300 UTC;0;1015,6;1016,1;1015,1;890;13,4;9,8;13,9;12,5;10,3;9,2;85;79;82;354;15,9;14,1;
2026/07/10;1400 UTC;0;1016;1016,1;1015,9;1491,3;15,2;9,3;16,5;14;10,2;7,8;80;57;70;132;20,6;18,2;
2026/07/10;1500 UTC;0;1015,8;1016;1015,6;1901,7;17,3;8,3;18;16,4;9,5;7,4;61;49;55;0;,3;,3;
2026/07/10;1600 UTC;0;1015;1015,5;1014,4;2013,1;17,9;9,8;18,9;17,3;11,7;8,3;65;55;60;0;2,1;,3;
2026/07/10;1700 UTC;0;1014,1;1014,5;1013,7;1675,9;18,4;11,9;18,9;17,8;12,4;11;71;61;67;0;1,2;,2;
2026/07/10;1800 UTC;0;1013,7;1014;1013,5;1283,1;18,4;11,8;18,7;18,2;12,1;11,5;69;65;67;0;1,7;,2;
2026/07/10;1900 UTC;0;1013,9;1014,1;1013,7;845,3;18;11,6;19,1;17,1;12,2;11;71;65;68;0;0;0;
2026/07/10;2000 UTC;0;1013,9;1014,2;1013,7;276,8;16,5;11,4;17;16;11,8;11;79;70;74;0;0;0;
2026/07/10;2100 UTC;0;1014,6;1014,8;1014,2;30,8;15,5;12,1;16;14,8;12,3;11,9;87;79;83;0;0;0;
2026/07/10;2200 UTC;0;1014,7;1014,9;1014,5;0;14,2;12,3;14,8;14;12,6;12,2;93;87;91;0;0;0;
2026/07/10;2300 UTC;0;1014,9;1015;1014,7;0;13,6;12,7;14;13,5;12,9;12,4;97;93;95;0;0;0;
2026/07/11;0000 UTC;0;1014,9;1015,2;1014,6;0;13,6;13;13,7;13,5;13,1;12,9;98;97;97;0;0;0;
2026/07/11;0100 UTC;0;1014,7;1015,2;1014,2;0;13,8;12,7;13,9;13,7;13;12,4;96;92;95;0;0;0;
2026/07/11;0200 UTC;0;1014,3;1014,6;1014,1;0;14,1;12,2;14,2;13,9;12,4;12,1;92;90;91;0;0;0;
2026/07/11;0300 UTC;0;1014,1;1014,3;1013,9;0;14,2;12,2;14,3;14,1;12,2;12,1;91;89;90;0;0;0;
2026/07/11;0400 UTC;0;1014,1;1014,5;1013,8;0;14,1;12;14,2;14;12,1;12;90;89;90;0;0;0;
2026/07/11;0500 UTC;0;1014,1;1014,4;1013,9;0;14,1;12,1;14,2;13,8;12,2;12;92;89;90;0;0;0;
2026/07/11;0600 UTC;0;1013,8;1014,3;1013,3;0;13,7;12,2;13,8;13,6;12,2;12,1;93;92;92;0;0;0;
2026/07/11;0700 UTC;0;1013,2;1013,5;1012,8;0;13,7;12,1;13,8;13,6;12,2;12,1;93;91;92;0;0;0;
2026/07/11;0800 UTC;0;1013,2;1013,5;1012,8;0;13,6;12,2;13,7;13,6;12,2;12,1;93;92;93;0;0;0;
2026/07/11;0900 UTC;0;1012,9;1013,1;1012,7;0;13,8;12,2;13,8;13,6;12,4;12,1;93;92;92;0;0;0;
2026/07/11;1000 UTC;0;1013,3;1013,5;1013;0;13,6;12,2;13,8;13,3;12,6;12;97;91;93;0;0;0;
2026/07/11;1100 UTC;0;1013,2;1013,4;1012,8;7,4;13,1;12,8;13,3;13,1;12,9;12,6;99;97;98;0;0;0;
2026/07/11;1200 UTC;,2;1013,4;1013,7;1012,8;67,2;13,4;13,3;13,7;13,1;13,7;13;100;99;100;0;0;0;
2026/07/11;1300 UTC;,2;1013,7;1013,9;1013,4;172;13,9;13,8;14;13,8;14;13,7;100;100;100;0;0;0;
2026/07/11;1400 UTC;0;1014,3;1014,5;1013,8;199,8;14,1;14;14,2;14;14,2;13,9;100;99;100;0;0;0;
2026/07/11;1500 UTC;,2;1014,2;1014,6;1013,9;206,4;13,9;13,8;14,1;13,9;13,9;13,7;100;99;99;0;0;0;
2026/07/11;1600 UTC;,6;1013,8;1014,2;1013,4;240,9;14;13,9;14,2;13,9;14,1;13,8;100;99;100;0;0;0;
2026/07/11;1700 UTC;,2;1013,1;1013,5;1012,9;569,7;14,5;14;14,7;14,1;14,3;13,7;99;96;97;0;0;0;
2026/07/11;1800 UTC;0;1012,9;1013;1012,7;713,2;15,1;13,6;15,3;14,7;14,3;13,1;97;90;93;0;0;0;
2026/07/11;1900 UTC;0;1013;1013,2;1012,8;345,3;15;13,5;15,2;14,8;13,9;13,1;95;90;92;0;0;0;
2026/07/11;2000 UTC;0;1013,1;1013,3;1012,9;232,4;14,7;13,6;14,8;14,6;13,8;13,5;96;94;95;0;0;0;
2026/07/11;2100 UTC;0;1013,5;1013,7;1013,3;27,1;14,5;13,7;14,6;14,3;13,8;13,6;97;95;96;0;0;0;
2026/07/11;2200 UTC;,2;1013,9;1014,3;1013,7;0;14,1;13,6;14,3;14;13,8;13,6;98;97;98;0;0;0;
2026/07/11;2300 UTC;,4;1014,3;1014,4;1014,1;0;13,9;13,7;14;13,8;13,7;13,6;99;98;99;0;0;0;
2026/07/12;0000 UTC;0;1014;1014,2;1013,8;0;13,5;13,4;13,8;13;13,7;13;100;99;100;0;0;0;
2026/07/12;0100 UTC;0;1013,8;1014,1;1013,6;0;13,1;13,1;13,2;12,9;13,2;12,9;100;100;100;0;0;0;
2026/07/12;0200 UTC;0;1013,7;1014;1013,4;0;12,9;13;13,1;12,8;13,1;12,9;100;100;100;0;0;0;
2026/07/12;0300 UTC;0;1013,9;1014;1013,8;0;13;13;13,1;12,8;13,1;12,9;100;100;100;0;0;0;
2026/07/12;0400 UTC;0;1013,8;1014,1;1013,7;0;13,1;13,2;13,2;13,1;13,3;13,1;100;100;100;0;0;0;
2026/07/12;0500 UTC;1,4;1013,9;1014,1;1013,7;1,2;13,1;13;13,3;12,1;13,3;11,3;100;96;99;0;0;0;
2026/07/12;0600 UTC;2,4;1013,8;1014,1;1013,7;,1;12,2;11,9;12,3;12,1;12,1;11,2;99;95;98;0;0;0;
2026/07/12;0700 UTC;2,5;1014,1;1014,4;1013,8;0;12,3;12,2;12,4;12,1;12,4;12,1;100;99;100;0;0;0;
2026/07/12;0800 UTC;0;1014,6;1014,8;1014,4;,1;12,2;11,6;12,4;11,7;12,2;10,7;99;95;97;0;0;0;
2026/07/12;0900 UTC;0;1015,1;1015,5;1014,7;,2;11;10;11,6;10,7;10,8;9,4;96;94;95;85;7,3;2,5;
2026/07/12;1000 UTC;,2;1015,8;1016,1;1015,4;0;10,4;9;10,7;10,2;9,5;8,5;95;91;93;326;7,4;6,2;
2026/07/12;1100 UTC;0;1016,4;1016,6;1016,1;17,7;10,4;8,7;10,5;10,3;8,8;8,3;92;90;91;339;9,9;8,3;
2026/07/12;1200 UTC;0;1016,8;1017,2;1016,5;144,2;10,7;7,7;10,9;10,3;8,4;7,1;90;81;85;327;8,1;6,6;
2026/07/12;1300 UTC;0;1017,5;1017,8;1017,2;326,9;10,7;8,1;10,9;10,5;8,4;7,6;89;85;87;347;11;9,5;
2026/07/12;1400 UTC;0;1017,8;1018;1017,6;600,8;11,3;7,9;11,8;10,9;8,4;7,6;85;80;83;324;10,8;8;
2026/07/12;1500 UTC;0;1017,9;1018;1017,7;980,4;11,7;8,3;12,1;11,2;9,3;7,7;91;80;83;332;11;9,1;
2026/07/12;1600 UTC;0;1017,6;1017,7;1017,3;1252,6;12;8,8;12,9;11,2;9,5;8;90;77;84;326;11,8;9,4;
2026/07/12;1700 UTC;0;1017,4;1017,5;1017,2;867,8;12,4;8,2;12,8;12,1;8,7;7,6;82;75;79;333;11,3;8,2;
2026/07/12;1800 UTC;0;1017,6;1017,7;1017,4;541;12,6;8;12,9;12,2;8,5;7,6;80;74;77;337;12,5;10,1;
2026/07/12;1900 UTC;0;1017,7;1017,8;1017,5;471;12,7;7,9;13,1;12,3;8,3;7,5;79;73;76;340;13,1;10,9;
2026/07/12;2000 UTC;0;1017,9;1018,1;1017,6;214,8;12,7;8,4;12,9;12,5;9,1;7,7;83;74;78;353;12,4;11,4;
2026/07/12;2100 UTC;0;1018,5;1018,7;1018,1;19,3;12,2;9,5;12,6;11,7;10,4;8,9;93;82;87;346;11,6;11;
2026/07/12;2200 UTC;1,2;1019,1;1019,5;1018,7;0;11,4;10,7;11,7;11,1;11,1;10,2;99;93;96;121;12,4;10,4;
2026/07/12;2300 UTC;0;1019,6;1020;1019,2;0;10,7;10,6;11,1;10,2;11;10,2;100;99;100;357;11,2;10,2;
2026/07/13;0000 UTC;0;1020,2;1020,3;1020;0;10,8;10,8;11;10,3;11;10,4;100;100;100;354;11,4;10,7;
2026/07/13;0100 UTC;0;1020,4;1020,4;1020,3;0;11,1;11,1;11,1;11;11,1;11,1;100;100;100;354;11,1;10,5;
2026/07/13;0200 UTC;0;1020,4;1020,6;1020,4;0;11,4;11,3;11,7;11,1;11,5;11,1;100;99;99;340;10,8;8,8;
2026/07/13;0300 UTC;0;1020,7;1020,9;1020,4;0;11,6;11,2;11,7;11,3;11,4;10,8;99;97;98;337;9,2;7,6;
2026/07/13;0400 UTC;,2;1020,9;1021;1020,8;0;11,2;10,9;11,3;10,9;11,1;10,5;100;98;99;326;9,2;6,6;
2026/07/13;0500 UTC;0;1020,9;1021;1020,8;0;10,9;10,3;11;10,8;10,5;10,2;98;96;97;336;9,1;7,5;
2026/07/13;0600 UTC;0;1020,8;1020,9;1020,7;0;10,8;10,6;10,8;10,7;10,6;10,5;99;99;99;343;9,9;8,6;
2026/07/13;0700 UTC;0;1020,8;1020,9;1020,7;0;10,7;10,4;10,7;10,7;10,6;10,3;100;98;99;347;9,5;8,6;
2026/07/13;0800 UTC;0;1020,7;1020,8;1020,6;0;10,6;10,7;10,7;10,6;10,7;10,6;100;100;100;347;10,2;8,9;
2026/07/13;0900 UTC;0;1020,7;1020,8;1020,5;0;10,6;10,6;10,6;10,5;10,7;10,6;100;100;100;341;9,8;8,3;
2026/07/13;1000 UTC;0;1021,1;1021,3;1020,8;0;10,5;10,5;10,6;10,5;10,6;10,4;100;100;100;347;10,9;9,1;
2026/07/13;1100 UTC;0;1022;1022,4;1021,3;18,7;10,5;10,6;10,5;10,5;10,6;10,5;100;100;100;342;9,6;8,5;
2026/07/13;1200 UTC;0;1022,9;1023,3;1022,4;252;10,8;10,8;11,1;10,5;11,1;10,6;100;100;100;348;10,5;9,5;
2026/07/13;1300 UTC;0;1023,6;1024;1023,3;514,4;11,3;11,2;11,7;11;11,6;11;100;98;99;349;11,7;10,4;
2026/07/13;1400 UTC;0;1024,1;1024,2;1023,9;872,3;12;11,2;12,4;11,5;11,7;10,8;99;94;96;349;12,1;10,4;
2026/07/13;1500 UTC;0;1024;1024,2;1023,6;1707,5;13,3;11;14,3;12,4;12;10,2;95;82;88;354;15,2;12,7;
2026/07/13;1600 UTC;0;1023,4;1023,7;1023,1;1766,2;14,7;10,9;15,6;13,4;11,6;10;86;76;81;250;20,2;18,3;
2026/07/13;1700 UTC;0;1022,9;1023,1;1022,7;1061,5;15,4;10,9;15,6;15;11,5;10,4;81;76;78;196;19,9;18,5;
2026/07/13;1800 UTC;0;1022,5;1022,7;1022,3;608;15,4;10,7;15,7;15;11,2;10,1;78;74;76;105;20,7;19,5;
2026/07/13;1900 UTC;0;1022,4;1022,5;1022,3;469,8;15,2;10,6;15,3;15;11;10,3;80;76;77;352;19,9;18,9;
2026/07/13;2000 UTC;,2;1022,6;1022,7;1022,5;361,1;15;10,5;15,3;14,7;10,8;10,3;80;75;78;31;19,3;18,5;
2026/07/13;2100 UTC;0;1022,6;1022,8;1022,5;95,4;14;10,6;14,9;13;10,7;10,3;88;77;83;249;17,1;15,8;
2026/07/13;2200 UTC;0;1022,9;1023,3;1022,7;0;12,4;10,2;13;11,9;10,6;10;91;87;89;321;15,8;14,6;
2026/07/13;2300 UTC;0;1023,6;1023,8;1023,3;0;10,8;9,7;12;9,9;10,1;9,4;98;90;95;8;12,2;10,7;
2026/07/14;0000 UTC;0;1023,9;1024;1023,7;0;9,7;9,6;9,9;9,5;9,7;9,3;100;98;99;129;11,7;11;
2026/07/14;0100 UTC;0;1024;1024,2;1023,8;0;9,5;9,5;9,7;9,3;9,7;9,2;100;100;100;94;11,3;10,1;
2026/07/14;0200 UTC;0;1023,5;1023,8;1023,3;0;9,2;9,3;9,6;8,9;9,6;9;100;100;100;7;9,7;8,7;
2026/07/14;0300 UTC;0;1023,4;1023,6;1023,2;0;9,3;9,4;9,8;9,1;9,8;9,1;100;100;100;62;11,8;10,7;
2026/07/14;0400 UTC;0;1023,5;1023,7;1023,3;0;10,2;10,2;10,6;9,7;10,6;9,8;100;100;100;307;11,3;10,1;
2026/07/14;0500 UTC;0;1023,2;1023,3;1023;0;9,8;9,8;10,2;9,1;10,3;9;100;99;100;11;11,9;11,1;
2026/07/14;0600 UTC;0;1022,6;1023;1022,3;0;9;9;9,4;8,6;9,5;8,7;100;100;100;9;10;9,2;
2026/07/14;0700 UTC;0;1022,4;1022,6;1022,2;0;8,7;8,8;9,1;8,4;9,1;8,4;100;100;100;9;9,1;8,1;
2026/07/14;0800 UTC;0;1021,8;1022,1;1021,5;0;8,8;8,9;9,1;8,4;9,2;8,5;100;100;100;6;10,1;8,9;
2026/07/14;0900 UTC;0;1021,5;1021,6;1021,4;0;8,9;8,9;9;8,7;9;8,8;100;100;100;7;9,5;8,7;
2026/07/14;1000 UTC;0;1022;1022,3;1021,5;0;9;9,1;9,4;8,7;9,5;8,7;100;100;100;19;10,9;8,9;
2026/07/14;1100 UTC;0;1022,9;1023,6;1022,3;18,1;8,7;8,7;9,1;8,4;9,1;8,5;100;100;100;6;6,2;5,5;
2026/07/14;1200 UTC;0;1023,7;1024,1;1023,1;394,8;9,1;9,2;9,8;8,5;9,9;8,5;100;100;100;10;9,1;7,9;
2026/07/14;1300 UTC;0;1023,8;1024;1023,6;1078,5;11;10,7;12,1;9,8;11,2;9,9;100;92;98;11;15,6;14;
2026/07/14;1400 UTC;0;1023,7;1023,9;1023,6;1310,9;11,9;10,4;12,5;11,3;10,9;9,8;95;89;93;10;15,3;14,2;
2026/07/14;1500 UTC;0;1023,2;1023,6;1022,7;2039,8;13,3;10,6;14,5;12,2;11,3;10,1;92;82;87;9;14,7;14,7;
2026/07/14;1600 UTC;0;1022,2;1022,8;1021,5;2180,3;15,8;11,5;17,1;14,5;12;10,7;85;73;79;8;14,7;14,7;
2026/07/14;1700 UTC;0;1020,8;1021,5;1020,3;2017,4;17,4;11,8;17,9;16,8;12,4;11,3;75;69;72;8;,8;,1;
2026/07/14;1800 UTC;0;1020,1;1020,4;1019,6;1635,6;18,1;12,3;18,4;17,6;13;11,9;75;69;71;0;2,4;,3;
2026/07/14;1900 UTC;0;1019,3;1019,6;1019;1164;17,8;12,8;18;17,5;13,1;12,6;78;73;75;0;0;0;
2026/07/14;2000 UTC;0;1018,7;1019;1018,4;671,1;16,7;12,5;17,5;16,4;13;12,2;81;78;79;0;0;0;
2026/07/14;2100 UTC;0;1018,7;1018,8;1018,5;115,6;15,5;12,2;16,4;14,5;12,4;12;88;79;84;0;0;0;
2026/07/14;2200 UTC;0;1018,8;1019;1018,6;0;13,7;11,9;14,5;13,2;12;11,8;94;88;91;0;0;0;
2026/07/14;2300 UTC;0;1019;1019,1;1018,6;0;13,2;11,8;13,4;12,9;12;11,6;94;92;93;0;0;0;
2026/07/15;0000 UTC;0;1019,3;1019,4;1019,1;0;12,5;11,5;12,9;12,1;11,7;11,3;96;94;95;0;0;0;
2026/07/15;0100 UTC;0;1019,1;1019,3;1018,7;0;11,8;11,2;12,2;11,5;11,3;11;98;96;97;0;0;0;
2026/07/15;0200 UTC;0;1018,6;1018,8;1018,5;0;11,3;10,8;11,5;11;11;10,5;98;97;98;0;0;0;
2026/07/15;0300 UTC;0;1018,5;1018,7;1018,4;0;10,7;10,5;11;10,1;10,8;10,1;100;98;99;0;0;0;
2026/07/15;0400 UTC;0;1018,3;1018,5;1018,2;0;9,9;9,9;10,1;9,6;10,1;9,6;100;100;100;0;0;0;
2026/07/15;0500 UTC;0;1018,1;1018,4;1017,9;0;9,5;9,5;9,9;8,9;10;8,9;100;100;100;4;10;9;
2026/07/15;0600 UTC;,2;1018;1018,1;1017,8;0;8,4;8,5;9,1;8,1;9,1;8,2;100;100;100;8;7,2;6,7;
2026/07/15;0700 UTC;0;1018,2;1018,4;1018;0;8,7;8,7;9,1;8,2;9,2;8,2;100;100;100;8;8,4;7,6;
2026/07/15;0800 UTC;0;1017,7;1018,2;1017,3;0;8,7;8,7;9,1;7,7;9,2;7,7;100;100;100;9;8;6,7;
2026/07/15;0900 UTC;0;1017,5;1017,6;1017,3;0;7,4;7,4;7,6;7,2;7,7;7,2;100;100;100;0;1,6;,4;
2026/07/15;1000 UTC;0;1017,7;1017,9;1017,4;0;7,5;7,5;7,8;7,3;7,9;7,3;100;100;100;0;1,1;,5;
2026/07/15;1100 UTC;0;1018;1018,1;1017,9;35,8;7,4;7,5;7,9;7,2;7,9;7,2;100;100;100;0;1,4;,7;
2026/07/15;1200 UTC;0;;;;;;;;;;;;;;5;11;8,7;
2026/07/15;1300 UTC;2,4;1018,6;1018,6;1018,2;1222,7;14,6;11,3;14,6;;11,4;;100;23;81;322;12;1,7;
2026/07/15;1400 UTC;2;1018,4;1018,6;1018,4;1777,4;16,5;11,4;16,5;14,6;11,9;10,8;80;71;72;182;1,9;1,7;
2026/07/15;1500 UTC;0;1017,4;1018,4;1017,4;1888,6;18,4;12,8;18,4;16,3;12,8;11,4;74;68;70;189;1,9;1,7;
2026/07/15;1600 UTC;0;1016,4;1017,4;1016,4;2219,8;20,8;12,6;20,8;18,4;13,3;11,6;71;57;59;184;2;1,7;
2026/07/15;1700 UTC;0;1015,5;1016,4;1015,5;2330;22;12,2;22,1;20,6;13,1;11,3;59;50;54;192;11,3;1,6;
2026/07/15;1800 UTC;0;1014,8;1015,5;1014,8;1740,4;22;11,7;22,5;21,7;12,3;11,3;54;50;52;181;5,6;1,6;
2026/07/15;1900 UTC;0;1014,5;1014,8;1014,4;1268;21,9;11,3;22,1;21,7;12,3;11,2;54;51;51;189;7,3;1,5;
2026/07/15;2000 UTC;0;1014,5;1014,5;1014,4;670,7;20,3;12,4;21,9;20,3;13,2;11,3;62;51;61;184;5,2;1,7;
2026/07/15;2100 UTC;0;1014,4;1014,5;1014,3;77,4;16,2;13,2;20,2;16,2;13,7;12,1;82;60;82;89;1,9;1,8;
2026/07/15;2200 UTC;0;1014,7;1014,7;1014,4;0;14,5;12,3;16,2;14,5;13,2;12,3;87;82;87;143;2;1,7;
2026/07/15;2300 UTC;0;1014,9;1014,9;1014,7;0;13,2;11,9;14,4;13,2;12,4;11,9;92;87;92;189;2;1,8;
2026/07/16;0000 UTC;0;1014,7;1015;1014,7;0;12,6;11,6;13,2;12,6;11,9;11,6;94;91;93;186;2;1,7;
2026/07/16;0100 UTC;0;1014,6;1014,7;1014,6;0;12,4;11,5;12,7;12,3;11,7;11,4;95;93;94;181;2;1,8;
2026/07/16;0200 UTC;0;1014,4;1014,6;1014,3;0;12,3;11,3;12,4;12;11,6;11,1;95;93;94;34;1,9;1,7;
2026/07/16;0300 UTC;0;1014;1014,4;1014;0;12,1;10,9;12,6;12;11,3;10,9;93;90;92;6;1,7;1,7;
2026/07/16;0400 UTC;0;1014,1;1014,1;1013,9;0;11,3;10,5;12,1;11,3;10,9;10,5;95;91;95;33;1,9;1,8;
2026/07/16;0500 UTC;0;1014,1;1014,2;1014,1;0;9,8;9,5;11,3;9,8;10,6;9,4;98;95;98;311;1,9;1,8;
2026/07/16;0600 UTC;0;1013,7;1014,1;1013,7;0;10,8;10,2;10,8;9,8;10,2;9,4;99;96;96;308;1,8;1,8;
2026/07/16;0700 UTC;0;1012,8;1013,7;1012,8;0;11;10,2;11;10,5;10,3;9,9;97;95;95;340;1,9;1,7;
2026/07/16;0800 UTC;0;1012,3;1012,8;1012,2;0;12,1;10,5;12,4;11,1;10,7;10,3;94;89;90;242;2;1,7;
2026/07/16;0900 UTC;0;1012,4;1012,7;1011,9;0;11,6;10,5;12,2;11,6;10,7;10,4;93;89;93;221;2;1,8;
2026/07/16;1000 UTC;0;1012,9;1013;1012,4;0;11,5;10,5;11,8;11,5;10,6;10,4;93;92;93;209;2;1,6;
2026/07/16;1100 UTC;0;1013,1;1013,1;1012,8;75,8;12,6;11,1;12,6;11,2;11,1;10,3;95;90;91;328;2;1,7;
2026/07/16;1200 UTC;0;1013,5;1013,5;1013,1;425,3;14,8;12,5;14,8;12,7;12,5;11,2;91;83;86;264;2;1,7;
2026/07/16;1300 UTC;0;1013,4;1013,6;1013,4;680;16,9;13,4;16,9;14,9;13,4;12,2;86;79;80;82;1,6;1,8;
2026/07/16;1400 UTC;0;1012,9;1013,4;1012,9;998,2;18,9;14,2;18,9;17;14,2;13,2;80;72;74;182;1,8;1,7;
2026/07/16;1500 UTC;0;1012,1;1012,9;1012,1;1724,8;22,8;15,5;22,8;19;16;14,2;75;63;64;34;1,8;1,7;
2026/07/16;1600 UTC;0;1011;1012,1;1011;2351,9;24,8;15,4;25,2;22,8;16,4;15,4;65;56;56;30;1,9;1,7;
2026/07/16;1700 UTC;0;1009,9;1010,9;1009,9;2013,6;25;17,1;25,2;24,5;17,2;15,7;63;56;62;353;1,6;1,8;
2026/07/16;1800 UTC;0;1009;1009,8;1009;1397,7;26;15,1;27,5;25,1;17,7;14,8;62;48;51;298;1,5;1,8;
2026/07/16;1900 UTC;0;1008,2;1008,9;1008,2;601;21;15,9;25,9;21;17,4;14,9;73;51;73;315;1,8;1,4;
2026/07/16;2000 UTC;0;1007,6;1008,2;1007,6;527,4;20,1;15,8;20,8;19,3;15,9;15,3;78;73;76;318;1,8;1,5;
2026/07/16;2100 UTC;0;1007,4;1007,6;1007,4;86,8;18,7;15,9;20,1;18,7;16;15,7;84;76;84;172;1,8;1,6;
2026/07/16;2200 UTC;0;1007,2;1007,4;1007,2;0;17,3;15,5;18,6;17,3;15,9;15,4;89;84;89;100;1,8;1,8;
2026/07/16;2300 UTC;0;1007,4;1007,4;1007,1;0;19,7;16,8;19,7;17,2;16,8;15,4;90;84;84;22;1,5;1,8;
2026/07/17;0000 UTC;0;1007,2;1007,4;1007,1;0;20,4;16;20,4;19,7;16,8;15,9;84;76;76;356;1,5;1,8;
2026/07/17;0100 UTC;0;1006,9;1007,2;1006,9;0;19,8;15,5;20,4;19,8;15,9;15,5;76;75;76;152;2;1,8;
2026/07/17;0200 UTC;0;1006,7;1006,8;1006,6;0;19,6;15,5;19,9;19,4;15,5;15,3;78;75;77;137;1,7;1,8;
2026/07/17;0300 UTC;0;1006,7;1006,8;1006,7;0;19,5;15,5;19,7;19,4;15,6;15,4;79;77;78;60;1,9;1,7;
2026/07/17;0400 UTC;0;1006,6;1006,8;1006,6;0;19,3;15,6;19,9;19,3;15,6;15,4;79;76;79;239;1,9;1,8;
2026/07/17;0500 UTC;0;1006,3;1006,5;1006,3;0;18,4;15,2;19,4;18,4;15,6;15,1;81;76;81;314;1,8;1,6;
2026/07/17;0600 UTC;0;1005,6;1006,3;1005,6;0;18,9;14,9;18,9;18,3;15,2;14,9;82;78;78;172;1,8;1,8;
2026/07/17;0700 UTC;0;1005,2;1005,6;1005,2;0;18,9;14,5;19;18,4;14,9;14,5;79;75;76;169;1,5;1,8;
2026/07/17;0800 UTC;0;1005,1;1005,2;1005,1;0;18,7;14,3;19,2;18,4;14,5;14,2;76;73;75;186;1,9;1,8;
2026/07/17;0900 UTC;0;1005,3;1005,3;1005;0;18,4;14,3;18,9;18,4;14,4;14,2;77;74;77;209;1,8;1,7;
2026/07/17;1000 UTC;0;1005,5;1005,5;1005,2;0;19,4;14,1;19,6;18,2;14,4;14;78;70;71;184;1,9;1,7;
2026/07/17;1100 UTC;0;1005,8;1005,9;1005,5;32,6;19,3;14;19,4;19,2;14,2;13,9;72;71;71;186;1,9;1,7;
2026/07/17;1200 UTC;0;1006,1;1006,1;1005,8;366,4;20,3;14,4;20,3;19,3;14,5;13,9;72;69;69;183;1,9;1,7;
2026/07/17;1300 UTC;0;1006,3;1006,4;1006,1;741,4;21,7;14,9;21,9;20,2;15,1;14,3;70;64;65;185;1,9;1,7;
2026/07/17;1400 UTC;0;1006;1006,4;1006;788;23,9;15,1;23,9;21,7;15,6;14,6;66;58;58;162;1,9;1,7;
2026/07/17;1500 UTC;0;1004,6;1006;1004,6;1706,2;26,4;15,6;26,9;24;16,1;15,1;59;50;52;176;1,9;1,7;
2026/07/17;1600 UTC;0;1003,1;1004,6;1003,1;1216,6;25,7;16,9;26,3;25,7;17,2;15,7;59;53;59;198;1,9;1,7;
2026/07/17;1700 UTC;0;1001,5;1003,1;1001,5;1225,7;26,7;18;26,9;25,6;18,2;17,1;61;57;59;175;1,8;1,7;
2026/07/17;1800 UTC;0;1000,7;1001,5;1000,6;1182,8;27,4;19,4;27,5;26,7;19,4;18;63;59;62;254;1,8;1,7;
2026/07/17;1900 UTC;0;1000,7;1000,7;1000,4;1258,3;29,2;18,7;29,5;27,4;19,6;18,3;62;51;53;183;1,9;1,3;
2026/07/17;2000 UTC;0;1000,6;1000,8;1000,6;331,2;28,3;18,8;29,1;28,3;18,8;18,3;57;53;57;189;2,9;1,7;
2026/07/17;2100 UTC;0;1000,8;1000,8;1000,5;101,4;24,8;19;28,2;24,8;19,4;18,9;70;57;70;297;1,7;1,8;
2026/07/17;2200 UTC;0;1001,5;1001,5;1000,8;0;22,4;18,6;24,8;22,4;19,2;18,6;79;71;79;315;1,8;1,6;
2026/07/17;2300 UTC;0;1001,7;1001,7;1001,4;0;22,7;18,2;22,7;22,3;18,6;18,2;80;76;76;209;1,8;1,7;
2026/07/18;0000 UTC;0;1002,3;1002,3;1001,7;0;22,1;17,9;22,8;22,1;18,2;17,8;77;75;77;323;1,9;1,7;
2026/07/18;0100 UTC;0;1002,6;1002,6;1002,2;0;22,7;17,7;22,9;22,2;17,8;17,6;76;73;73;180;1,9;1,7;
2026/07/18;0200 UTC;0;1002,5;1002,8;1002,5;0;21,8;17,7;22,7;21,8;17,7;17,6;77;73;77;233;1,9;1,7;
2026/07/18;0300 UTC;0;1002,9;1002,9;1002,6;0;22,1;17,7;22,1;21,4;17,7;17,6;79;76;76;186;1,9;1,7;
2026/07/18;0400 UTC;0;1003,4;1003,4;1002,9;0;21,7;17,8;22,3;21,7;17,9;17,7;79;75;79;190;1,9;1,7;
2026/07/18;0500 UTC;0;1003,2;1003,5;1003,2;0;21,5;18;21,7;21,3;18;17,9;81;79;81;187;1,9;1,7;
2026/07/18;0600 UTC;0;1002,8;1003,2;1002,8;0;21,5;18,1;22,1;21,3;18,1;18;82;78;81;353;1,9;1,7;
2026/07/18;0700 UTC;0;1002,4;1002,8;1002,2;0;21,5;18,1;21,6;21;18,1;18;83;81;81;11;1,5;1,7;
2026/07/18;0800 UTC;0;1001,1;1002,3;1001,1;0;22;18,2;22;21,5;18,2;18,1;81;79;79;292;1,5;1,8;
2026/07/18;0900 UTC;0;1001,3;1001,3;1001;0;22,8;18,2;23;22;18,2;18,1;79;74;75;187;1,9;1,7;
2026/07/18;1000 UTC;0;1001,7;1001,7;1001,2;0;22,5;18,1;23;22,4;18,2;18,1;77;74;76;185;1,9;1,7;
2026/07/18;1100 UTC;0;1001,5;1001,7;1001,1;24,3;22,7;18,1;22,8;22,5;18,2;18;76;75;75;182;1,9;1,7;
2026/07/18;1200 UTC;0;1002,1;1002,3;1001,6;200,2;22,5;18,4;22,7;22,5;18,5;18;78;75;78;184;1,9;1,7;
2026/07/18;1300 UTC;0;1003,7;1004,5;1002,1;69,1;20,9;16,8;23,1;20,9;18,8;16,4;81;67;77;30;6,7;2,4;
2026/07/18;1400 UTC;0;1003,5;1003,8;1003,3;290,4;20,5;17,2;20,9;20,2;17,5;16,8;83;78;81;282;5;,9;
2026/07/18;1500 UTC;0;1004,2;1004,2;1003,5;188,2;20,5;17,1;20,8;20,5;17,5;16,9;82;79;81;17;3,7;2,6;
2026/07/18;1600 UTC;0;1003,3;1004,2;1003,3;171,2;19,9;18,2;20,5;19,8;18,2;17,2;90;81;90;29;4,2;1,6;
2026/07/18;1700 UTC;0;1002,2;1003,4;1002,2;282,7;20,1;18,3;20,3;19,9;18,6;17,9;91;86;89;25;8,5;1,8;
2026/07/18;1800 UTC;0;1002,8;1002,9;1002,1;587,8;21,1;18,2;21,2;20,2;18,8;17,8;89;82;83;327;5,2;1,7;
2026/07/18;1900 UTC;0;1003,1;1003,1;1002,6;106,4;20,4;18,5;21,1;20,4;18,5;18;89;83;89;313;1,9;1,7;
2026/07/18;2000 UTC;0;1003,5;1003,5;1003,1;44,4;19,6;18;20,4;19,6;18,6;18;92;89;91;164;1,8;1,8;
2026/07/18;2100 UTC;0;1004,4;1004,4;1003,3;21,4;19,2;17,7;19,7;19,2;18,2;17,6;91;89;91;306;3,4;2;
2026/07/18;2200 UTC;0;1004,3;1004,8;1003,8;0;18,7;17,6;19,2;18,5;17,8;17,4;95;91;93;163;3,4;1,7;
2026/07/18;2300 UTC;0;1004,3;1004,4;1003,9;0;18,1;16,9;18,7;18;17,6;16,8;93;92;92;185;2;1,7;
2026/07/19;0000 UTC;0;1004,5;1004,6;1004;0;18,1;16,2;18,4;18;16,8;16,2;92;88;89;243;1,9;1,7;
2026/07/19;0100 UTC;0;1003,9;1005;1003,9;0;17,7;16;18,2;17,7;16,2;16;89;88;89;187;1,9;1,7;
2026/07/19;0200 UTC;0;1002,9;1004,2;1002,7;0;17,8;15,6;17,9;17,6;16;15,6;90;87;87;211;1,9;1,7;
2026/07/19;0300 UTC;0;1005,6;1005,7;1003;0;17,9;15,8;17,9;17,5;15,8;15,6;89;86;88;29;2;1;
2026/07/19;0400 UTC;0;1006,2;1006,9;1005,7;0;17,7;15,2;18,3;17,3;15,8;15;90;81;85;333;2;1,6;
2026/07/19;0500 UTC;0;1006,2;1007,1;1006,1;0;17,7;15;17,8;17,3;15,2;14,9;87;83;84;325;2,4;1,7;
2026/07/19;0600 UTC;0;1005,8;1006,4;1005,8;0;17,4;14,9;17,8;17,4;15;14,8;85;83;85;309;2;1,8;
2026/07/19;0700 UTC;0;1004;1005,7;1004;0;16,6;14,7;17,4;16,6;14,9;14,6;88;85;88;32;1,8;1,7;
2026/07/19;0800 UTC;0;1003,5;1004,4;1003,5;0;16,6;14,7;17,1;16,6;14,7;14,5;89;85;89;186;1,9;1,8;
2026/07/19;0900 UTC;,2;1002,9;1003,5;1002,9;0;16,6;14,9;16,9;16,5;14,9;14,5;90;86;90;192;2;1,7;
2026/07/19;1000 UTC;0;1002,7;1003,3;1002,7;0;16,9;15,2;17,5;16,6;15,2;14,6;90;84;90;239;1,9;1,7;
2026/07/19;1100 UTC;,2;1005,2;1005,2;1002,5;0;16,7;15,2;17,1;16,7;15,2;14,9;91;87;91;168;8,1;1,1;
2026/07/19;1200 UTC;5,7;1004,5;1006,6;1004,5;9,2;15,8;15,7;16,7;15,8;15,7;15,2;99;91;99;0;4,1;1,4;
2026/07/19;1300 UTC;6,5;1005,4;1006,4;1004,2;62,3;15,9;15,9;15,9;15,8;15,9;15,7;100;99;100;167;12,8;1,2;
2026/07/19;1400 UTC;2,2;1004,1;1005,3;1004,1;151,3;16,1;16,1;16,1;15,9;16,1;15,9;100;100;100;311;5,1;1,8;
2026/07/19;1500 UTC;,8;1002,8;1004,4;1002,8;177,7;16,3;16,3;16,3;16,1;16,3;16,1;100;100;100;136;2;1,8;
2026/07/19;1600 UTC;3,1;1003,2;1004,3;1002,3;140,9;16,6;16,6;16,6;16,3;16,6;16,3;100;100;100;162;9,6;1,7;
2026/07/19;1700 UTC;,4;1002,4;1003,6;1001,7;349,4;18,5;17,8;18,5;16,6;17,9;16,6;100;96;96;194;4,1;,9;
2026/07/19;1800 UTC;2,2;1001,6;1003,5;1000,9;143,3;19;17,3;19,3;18,5;17,9;16,9;96;88;90;342;6,5;1;
2026/07/19;1900 UTC;1;1003,4;1003,6;1001,6;101;18,9;16,5;19,1;18,8;17,3;16,3;90;85;86;340;6,9;2,2;
2026/07/19;2000 UTC;1;1002,7;1003,4;1002,4;68,7;18,3;16,2;18,9;18,3;16,5;15,9;88;85;88;152;7,4;2,1;
2026/07/19;2100 UTC;,8;999,4;1002,5;999,4;8,4;18,2;15,9;19;17,6;16,2;15,4;91;80;87;190;5,5;1,2;
2026/07/19;2200 UTC;0;1003,3;1003,3;998,2;0;18,8;15,7;18,8;18;16;15,6;88;82;82;25;4,5;,6;
2026/07/19;2300 UTC;0;1004;1004,1;1002,9;0;18,6;15,7;19,3;17,9;16;15,5;88;80;83;92;7,7;,7;
2026/07/20;0000 UTC;0;1005;1005;1003,8;0;18,6;16;19,2;18,6;16;15,6;85;80;85;222;9,2;3,4;
2026/07/20;0100 UTC;0;1006;1006;1004,9;0;18,4;16,1;18,4;18;16,2;15,8;89;85;86;17;8,4;3;
2026/07/20;0200 UTC;0;1005,9;1006;1005,7;0;18,5;16,4;18,6;18,1;16,5;15,9;89;86;88;307;8,3;1,5;
2026/07/20;0300 UTC;0;1006,4;1006,6;1005,9;0;18,2;16,6;18,5;18,2;16,6;16,4;91;87;91;348;9,7;1,5;
2026/07/20;0400 UTC;0;1006,7;1006,7;1006,2;0;17,5;17;18;17,5;17;16,7;96;94;96;350;9,6;1,5;
2026/07/20;0500 UTC;0;1007,5;1007,8;1006,7;0;17,4;16,9;17,5;17,4;17;16,9;97;97;97;28;4;1,2;
2026/07/20;0600 UTC;0;1007,2;1007,8;1007,2;0;17,2;16,8;17,4;17,2;16,9;16,8;98;97;98;185;2,5;1,7;
2026/07/20;0700 UTC;0;1007,9;1007,9;1007,3;0;17,2;16,9;17,2;17,2;16,9;16,8;98;98;98;302;4,1;1,5;
2026/07/20;0800 UTC;,4;1006,7;1007,8;1006,5;0;17;16,8;17,2;17;16,9;16,7;99;98;99;325;2;1,8;
2026/07/20;0900 UTC;0;1006,7;1006,9;1006,2;0;16,9;16,8;17;16,8;16,8;16,7;99;99;99;309;2;1,7;
2026/07/20;1000 UTC;,4;1006,5;1007,5;1006,4;0;16,4;16,4;16,9;16,4;16,8;16,4;100;99;100;0;2,2;1,5;
2026/07/20;1100 UTC;9;1008;1008;1006,5;0;16,6;16,6;16,7;16,4;16,6;16,4;100;100;100;311;3,4;1,6;
2026/07/20;1200 UTC;12;1009,1;1009,1;1007,6;9,4;16,1;16,1;16,7;16,1;16,7;16,1;100;100;100;181;2,8;1,1;
2026/07/20;1300 UTC;6,7;1008,5;1009,4;1008,5;40,8;16,5;16,5;16,5;16,1;16,5;16,1;100;100;100;313;4,7;1,6;
2026/07/20;1400 UTC;1;1008,1;1008,4;1007,1;322,5;17;17;17;16,5;17;16,5;100;100;100;283;1,9;1,7;
2026/07/20;1500 UTC;,8;1007,3;1008;1007,3;178;17;16,9;17,1;17;17;16,9;100;99;99;256;1,8;1,7;
2026/07/20;1600 UTC;5,5;1006,7;1008,1;1005,4;171,1;16,7;16,6;17,2;16,7;17,2;16,6;100;99;99;275;2,7;1,5;
2026/07/20;1700 UTC;3,1;1005,7;1007;1005,7;101,1;16,7;16,7;16,8;16,6;16,8;16,6;100;100;100;260;2;1;
2026/07/20;1800 UTC;4,1;1005,4;1005,8;1005;163,3;16,9;16,9;16,9;16,7;16,9;16,7;100;100;100;320;1,8;1,5;
2026/07/20;1900 UTC;2;1004,9;1005,4;1004,8;107;16,6;16,6;16,9;16,5;16,9;16,5;100;100;100;294;1,8;1,6;
2026/07/20;2000 UTC;3,3;1005,1;1006;1005;101,3;16,6;16,6;16,8;16,6;16,8;16,6;100;100;100;305;2;1,7;
2026/07/20;2100 UTC;,2;1005,5;1005,9;1005,2;16,4;16,6;16,6;16,7;16,6;16,7;16,6;100;100;100;302;4;1,7;
2026/07/20;2200 UTC;0;1005,8;1005,8;1005,4;0;16,7;16,7;16,7;16,6;16,7;16,6;100;100;100;189;2;1,8;
2026/07/20;2300 UTC;0;1005,6;1005,9;1005,4;0;16,6;16,6;16,8;16,6;16,8;16,6;100;100;100;181;2;1,7;
2026/07/21;0000 UTC;0;1005,9;1006;1005,5;0;16,8;16,8;16,8;16,6;16,8;16,6;100;100;100;320;2;1,7;
2026/07/21;0100 UTC;0;1006,2;1006,2;1005,9;0;17;17;17;16,9;17;16,9;100;100;100;350;2;1,6;
2026/07/21;0200 UTC;0;1006;1006,2;1005,9;0;17,1;17,1;17,1;17;17,1;17;100;100;100;179;2;1,7;
2026/07/21;0300 UTC;0;1006;1006,1;1005,8;0;16,9;16,9;17,1;16,9;17,1;16,9;100;100;100;182;7,9;1,8;
2026/07/21;0400 UTC;,2;1006;1006;1005,7;0;16,4;16,4;16,6;16,4;16,6;16,4;100;100;100;143;8,4;,9;
2026/07/21;0500 UTC;0;1006;1006,1;1005,8;0;16,3;16,3;16,4;16,3;16,4;16,3;100;100;100;5;4,8;1,1;
2026/07/21;0600 UTC;0;1006,4;1006,4;1005,8;0;16,4;16,4;16,5;16,3;16,5;16,3;100;100;100;18;20,7;1,7;
2026/07/21;0700 UTC;0;1006,2;1006,4;1006,2;0;16,5;16,5;16,5;16,4;16,5;16,4;100;100;100;299;4,2;1,3;
2026/07/21;0800 UTC;0;1005,6;1006,4;1005,6;0;16,4;16,4;16,6;16,4;16,6;16,4;100;100;100;28;6,1;1,8;
2026/07/21;0900 UTC;0;1005,8;1006,1;1005,4;0;16,2;16,2;16,4;15,8;16,4;15,8;100;100;100;26;8,6;1,8;
2026/07/21;1000 UTC;0;1006;1006,5;1005,7;0;16,5;16,5;16,5;16,1;16,5;16,1;100;100;100;26;3,1;1,9;
2026/07/21;1100 UTC;0;1007;1007;1006;15,7;16,4;16,4;16,5;16,4;16,5;16,4;100;100;100;28;3;1,9;
2026/07/21;1200 UTC;0;1007,8;1007,8;1006,9;166,6;16,6;16,6;16,6;16,4;16,6;16,4;100;100;100;50;9,1;3;
2026/07/21;1300 UTC;0;1008,4;1008,5;1007,7;292,7;17,2;17,2;17,2;16,6;17,2;16,6;100;100;100;31;7,7;1,2;
2026/07/21;1400 UTC;0;1008,6;1008,7;1008,3;476,2;17,2;16,9;17,7;17,2;17,6;16,9;100;98;98;27;3,6;1,9;
2026/07/21;1500 UTC;0;1008,4;1008,8;1008,2;276,9;16,4;16,4;17,1;16,4;16,9;16,4;100;99;100;26;3,4;1,8;
2026/07/21;1600 UTC;0;1006,1;1008,8;1006,1;224;16,2;16,2;16,3;15,9;16,3;15,9;100;100;100;29;2;1,6;
2026/07/21;1700 UTC;0;1007,1;1007,7;1006,1;255,3;16,7;16,1;16,8;16,2;16,2;15,9;100;95;96;28;3,8;2;
2026/07/21;1800 UTC;0;1006,5;1007;1006,2;100,9;16,6;16,1;16,7;16,5;16,2;16;97;96;97;29;3,4;1,8;
2026/07/21;1900 UTC;0;1006,5;1006,9;1006,3;139;16,7;16;16,9;16,6;16,4;16;97;96;96;27;2,1;1,6;
2026/07/21;2000 UTC;0;1007;1007,1;1006,5;59,5;16,6;16,3;16,8;16,6;16,3;15,9;98;95;98;25;2;1,9;
2026/07/21;2100 UTC;0;1007,7;1007,7;1006,8;22,7;16;16;16,6;16;16,3;16;100;98;100;25;3;1,9;
2026/07/21;2200 UTC;0;1007,7;1007,9;1007,6;0;15,9;15,9;16,1;15,9;16,1;15,9;100;100;100;33;3,5;2,3;
2026/07/21;2300 UTC;0;1008,3;1008,4;1007,6;0;16,1;16;16,1;15,9;16;15,9;100;99;99;48;2,8;,6;
2026/07/22;0000 UTC;0;1008;1008,3;1007,5;0;16,2;16,1;16,2;16,1;16,1;16;100;99;100;29;3,7;2,2;
2026/07/22;0100 UTC;0;1008,8;1009;1008,2;0;15,6;15,6;16;15,6;16;15,6;100;100;100;26;4,2;1,9;
2026/07/22;0200 UTC;0;1009,6;1009,6;1008,8;0;15,7;15,7;15,7;15,6;15,7;15,6;100;100;100;23;3,5;2;
2026/07/22;0300 UTC;,2;1009,7;1009,9;1009,6;0;15,5;15,5;15,7;15,5;15,7;15,5;100;100;100;12;3,7;1,8;
2026/07/22;0400 UTC;,2;1009,4;1009,9;1009,3;0;15,3;15,3;15,3;15,3;15,3;15,3;100;100;100;25;3,6;2;
2026/07/22;0500 UTC;0;1009,7;1010;1009,4;0;15,4;15,4;15,5;15,3;15,5;15,3;100;100;100;27;3;2;
2026/07/22;0600 UTC;0;1009,4;1009,6;1009,2;0;15,3;15,3;15,4;15,3;15,4;15,3;100;100;100;26;2,8;1,9;
2026/07/22;0700 UTC;,2;1009,9;1009,9;1009,3;0;15,5;15,5;15,5;15,3;15,5;15,3;100;100;100;28;3,6;1,5;
2026/07/22;0800 UTC;,2;1010;1010,3;1009,8;0;15,4;15,4;15,5;15,4;15,5;15,4;100;100;100;31;1,9;1,1;
2026/07/22;0900 UTC;,4;1009,5;1010,3;1009,5;0;15,3;15,3;15,4;15,3;15,4;15,3;100;100;100;9;1,9;1,6;
2026/07/22;1000 UTC;,4;1011;1011,1;1009,5;0;15,2;15,2;15,3;15,2;15,3;15,2;100;100;100;13;2,2;1,7;
2026/07/22;1100 UTC;,2;1012,1;1012,1;1011;15,9;15,4;15,4;15,4;15,2;15,4;15,2;100;100;100;312;2,2;1,8;
2026/07/22;1200 UTC;0;1012,7;1012,7;1012,1;149;15,8;15,6;15,8;15,4;15,6;15,4;100;99;99;315;2;,8;
2026/07/22;1300 UTC;,2;1013,6;1013,6;1012,7;265,9;15,9;15,5;15,9;15,6;15,6;15,4;99;97;97;313;1,9;1,5;
2026/07/22;1400 UTC;0;1013,9;1014,1;1013,6;480,2;16,4;15,4;16,4;15,9;15,7;15,3;97;94;94;317;1,9;1,8;
2026/07/22;1500 UTC;0;1013,7;1014,1;1013,7;765,8;17,1;15,5;17,1;16,4;15,8;15;95;89;90;332;1,9;1,7;
2026/07/22;1600 UTC;0;1012,9;1013,8;1012,9;796,8;16,9;14,5;17,2;16,9;15,1;14,4;88;85;85;307;1,8;1,8;
2026/07/22;1700 UTC;0;1011,9;1012,9;1011,9;774,1;16,8;14;17,1;16,7;14,8;14;87;83;84;306;1,8;1,8;
2026/07/22;1800 UTC;0;1012,1;1012,2;1011,8;889,4;17,2;14;17,3;16,8;14,3;13,7;85;80;82;311;1,8;1,8;
2026/07/22;1900 UTC;0;1013,2;1013,2;1012,1;390,5;16,4;13,5;17,1;16,4;14;13,2;83;80;83;311;1,9;1,8;
2026/07/22;2000 UTC;0;1013,9;1013,9;1013,2;95,1;15,9;13,6;16,4;15,9;13,8;13,3;87;82;86;12;1,9;1,5;
2026/07/22;2100 UTC;0;1014,5;1014,5;1013,7;19,1;15,3;13,7;15,9;15,3;13,7;13,3;90;85;90;25;1,9;1,1;
2026/07/22;2200 UTC;1,6;1015,8;1015,8;1014,5;,2;14,4;13,8;15,3;14,4;13,8;13,4;96;89;96;17;1,9;1,4;
2026/07/22;2300 UTC;2,4;1016;1016,4;1015,8;0;14,2;13,7;14,4;14,2;13,8;13,7;97;96;97;183;4,2;1,4;
2026/07/23;0000 UTC;1,4;1018;1018;1016;0;14,3;13,5;14,3;14,2;13,8;13,4;97;95;95;16;2,6;1,5;
2026/07/23;0100 UTC;3,1;1017,6;1018;1017,6;0;13,6;13,3;14,2;13,6;13,6;13,3;98;95;98;18;2;1,6;
2026/07/23;0200 UTC;1,4;1017,8;1018,1;1017,6;0;13,5;13,3;13,6;13,5;13,3;13,2;99;98;99;186;2;1,7;
2026/07/23;0300 UTC;0;1018,4;1018,4;1017,9;0;13,4;13,3;13,6;13,4;13,4;13,3;99;99;99;206;9,5;4,4;
2026/07/23;0400 UTC;0;1018,3;1018,4;1018,2;0;13,3;13,2;13,4;13,2;13,3;13,2;100;99;100;28;2;1,6;
2026/07/23;0500 UTC;0;1018,3;1018,6;1018,1;0;13,5;12,6;13,5;13,3;13,2;12,6;99;95;95;27;2,6;1,7;
2026/07/23;0600 UTC;0;1018,3;1018,4;1018,1;0;13,2;12,3;13,5;13,2;12,7;12,3;95;94;95;32;1,9;1,1;
2026/07/23;0700 UTC;0;1018,9;1018,9;1018,2;0;12,8;11,8;13,3;12,7;12,3;11,7;95;92;94;27;2;1,7;
2026/07/23;0800 UTC;0;1018,9;1019,1;1018,8;0;13;12,1;13,1;12,8;12,1;11,7;94;92;94;29;2;1,3;
2026/07/23;0900 UTC;0;1019,3;1019,4;1018,9;0;13;12,2;13,1;12,8;12,4;12;96;94;95;27;2;1,9;
2026/07/23;1000 UTC;0;1020;1020,1;1019,3;0;12,4;11,9;13,1;12,4;12,3;11,9;97;93;97;34;2,9;2;
2026/07/23;1100 UTC;0;1020,7;1020,7;1020;57,1;11,7;11,4;12,3;11,6;11,9;11,3;98;97;98;39;3;2,3;
2026/07/23;1200 UTC;0;1021,3;1021,3;1020,7;641,2;13,6;12,4;13,6;11,7;12,5;11,3;98;92;92;28;2,8;1,8;
2026/07/23;1300 UTC;,2;1021,4;1021,5;1021,3;1273,9;15,5;12,5;15,5;13,6;13,2;12,4;94;82;82;7;1,9;1,4;
2026/07/23;1400 UTC;0;1021;1021,5;1020,8;1549,7;16,6;12,3;16,7;15,4;13,5;12,2;86;76;76;311;1,9;1,7;
2026/07/23;1500 UTC;0;1021;1021,1;1020,8;2218,3;17,3;12,5;17,7;16,6;12,9;12;78;71;73;310;1,8;1,7;
2026/07/23;1600 UTC;0;1020,7;1021;1020,7;2150,9;18,2;12,2;18,4;16,6;13,3;11,9;75;68;68;312;1,8;1,7;
2026/07/23;1700 UTC;0;1020,5;1020,8;1020,5;2396,8;17,5;11,7;18,3;17,2;12,6;11,1;71;64;69;313;1,8;1,6;
2026/07/23;1800 UTC;0;1020,5;1020,5;1020,3;1025,6;16,7;12;17,5;16,5;12,2;11,2;75;67;74;312;1,8;1,7;
2026/07/23;1900 UTC;0;1020,6;1020,6;1020,5;889,1;16,8;11,4;17,6;16,2;11,9;10,6;74;66;71;313;1,8;1,6;
2026/07/23;2000 UTC;0;1020,8;1020,9;1020,6;535,5;15,7;11,8;16,7;15,7;11,8;11,2;78;71;78;311;1,8;1,7;
2026/07/23;2100 UTC;0;1020,8;1021;1020,7;82,4;14,2;11,7;15,6;14,2;11,9;11,6;85;78;85;312;1,8;1,7;
2026/07/23;2200 UTC;0;1021,1;1021,1;1020,6;0;13,5;11,4;14,2;13,5;11,7;11,4;88;85;87;312;1,8;1,8;
2026/07/23;2300 UTC;0;1021,3;1021,5;1021,1;0;12,6;11,1;13,4;12,6;11,4;11,1;91;87;91;310;1,8;1,8;
2026/07/24;0000 UTC;0;1021,4;1021,4;1020,9;0;12,7;11;12,8;12,5;11,2;11;91;89;89;310;1,8;1,8;
2026/07/24;0100 UTC;0;1021,8;1021,8;1021,5;0;11,7;10,6;12,5;11,7;11;10,6;93;91;93;354;2;1,7;
2026/07/24;0200 UTC;0;1021,6;1021,8;1021,6;0;10,4;10,1;11,7;10,3;10,6;10;98;93;98;314;2,5;1,5;
2026/07/24;0300 UTC;0;1021,5;1021,7;1021,4;0;9,9;9,8;10,3;9,9;10,1;9,8;100;98;99;26;8,6;2;
2026/07/24;0400 UTC;0;1020,9;1021,5;1020,9;0;9,5;9,5;9,9;9,5;9,9;9,5;100;100;100;132;6;1,7;
2026/07/24;0500 UTC;0;1020,6;1020,9;1020,5;0;9,2;9,2;9,5;9;9,5;9;100;100;100;212;14,2;3,7;
2026/07/24;0600 UTC;0;1019,8;1020,6;1019,8;0;9,1;9,1;9,5;9,1;9,5;9,1;100;100;100;241;9,8;4,9;
2026/07/24;0700 UTC;0;1019,6;1019,8;1019,4;0;9,3;9,3;9,3;8,9;9,3;8,9;100;100;100;322;9,9;1,9;
2026/07/24;0800 UTC;0;1019,2;1019,6;1018,9;0;8,7;8,7;9,5;8,7;9,5;8,7;100;100;100;35;3,9;1,1;
2026/07/24;0900 UTC;0;1019,2;1019,2;1019,1;0;8,8;8,8;9;8,6;9;8,6;100;100;100;28;2,6;1,6;
2026/07/24;1000 UTC;0;1019,5;1019,6;1019,2;0;8,5;8,5;8,9;8,5;8,9;8,5;100;100;100;335;2,4;,7;
2026/07/24;1100 UTC;0;1019,6;1019,7;1019,5;74;8,9;8,9;8,9;8,2;8,9;8,2;100;100;100;182;9,5;1,6;
2026/07/24;1200 UTC;0;1020,2;1020,2;1019,6;595,6;11,5;11,5;11,5;9;11,5;9;100;100;100;33;8,9;1,3;
2026/07/24;1300 UTC;0;1020,7;1020,7;1020,1;1200,6;14,9;13,2;14,9;11,5;13,5;11,5;100;89;90;171;12;1,7;
2026/07/24;1400 UTC;0;1020,8;1020,8;1020,6;1527;17,6;14,1;17,6;15;14,4;13,2;90;79;80;296;2;1,8;
2026/07/24;1500 UTC;0;1020,4;1020,9;1020,4;881,7;18;14,3;18;17,5;14,5;13,9;81;79;79;71;1,8;1,7;
2026/07/24;1600 UTC;0;1019,1;1020,4;1019,1;1619,5;19,2;14,4;19,5;17,9;14,9;14;81;72;74;219;1,7;1,7;
2026/07/24;1700 UTC;0;1018,1;1019,1;1018,1;1332;18,5;13,6;19,7;18,5;14,4;13,2;74;68;73;28;1,6;1,7;
2026/07/24;1800 UTC;0;1017,6;1018,1;1016,9;766,8;18,2;14,5;18,6;18,2;14,6;13,5;79;72;79;125;1,6;1,7;
2026/07/24;1900 UTC;0;1018,2;1018,3;1017,6;252,8;18;14,4;18,2;17,9;14,8;14,1;82;78;79;165;1,7;1,7;
2026/07/24;2000 UTC;0;1018,2;1018,4;1018;148,2;17,7;14,6;18;17,7;14,6;14,2;82;78;82;232;1,7;1,7;
2026/07/24;2100 UTC;0;1018,3;1018,4;1018,1;33,7;16,9;14,7;17,7;16,9;14,9;14,6;87;82;87;256;1,7;1,6;
2026/07/24;2200 UTC;0;1018;1018,5;1018;0;16,4;14,8;16,9;16,3;14,8;14,6;90;87;90;257;1,5;1,7;
2026/07/24;2300 UTC;0;1018,1;1018,4;1017,7;0;16;14,9;16,4;16;14,9;14,8;93;90;93;141;1,5;1,8;
2026/07/25;0000 UTC;0;1018,2;1018,2;1015,9;0;16,1;14,9;16,2;16;14,9;14,9;93;92;93;192;2;1,7;
2026/07/25;0100 UTC;0;1017,5;1017,8;1017,3;0;15,8;14,6;16,2;15,8;14,9;14,6;93;92;93;276;1,7;1,7;
2026/07/25;0200 UTC;0;1018;1018;1017,5;0;15,5;14,7;15,8;15,4;14,7;14,6;95;93;95;185;2;1,6;
2026/07/25;0300 UTC;0;1018,8;1018,8;1018;0;15,8;14,9;15,8;15,6;14,9;14,8;95;94;94;151;10,7;2,1;
2026/07/25;0400 UTC;0;1018,2;1018,7;1018,2;0;15,7;14,9;15,9;15,7;14,9;14,8;95;93;95;337;9,1;1,8;
2026/07/25;0500 UTC;0;1018,2;1018,3;1018,1;0;15,2;14,7;15,7;15,1;15;14,6;97;95;97;324;2;1,6;
2026/07/25;0600 UTC;0;1016,9;1018,2;1016,9;0;15,2;14,8;15,3;15,2;14,8;14,7;97;96;97;290;2;1,7;
2026/07/25;0700 UTC;0;1016,5;1017,1;1016,4;0;14,5;14,3;15,2;14,5;14,8;14,3;99;98;99;317;2;1,8;
2026/07/25;0800 UTC;0;1016,6;1016,9;1016,5;0;13,9;13,9;14,5;13,4;14,4;13,3;100;99;100;31;10,4;4,4;
2026/07/25;0900 UTC;0;1017,2;1017,3;1016,6;0;12,5;12,5;13,8;12,3;13,8;12,3;100;100;100;283;9,7;3,4;
2026/07/25;1000 UTC;0;1017,5;1017,5;1017,1;0;11,7;11,7;12,4;11,4;12,4;11,4;100;100;100;310;10,9;1,5;
2026/07/25;1100 UTC;0;1017,9;1018;1017,5;74,3;12,2;12,2;12,3;11,7;12,3;11,7;100;100;100;170;7;1,8;
2026/07/25;1200 UTC;0;1018,4;1018,4;1017,9;598,9;13,9;13,8;14,3;12,2;14,3;12,2;100;99;99;192;7,5;,9;
2026/07/25;1300 UTC;0;1018,8;1018,9;1018,4;1208,1;15,2;14,4;15,2;13,8;14,5;13,7;99;94;95;29;2,7;1,5;
2026/07/25;1400 UTC;0;1019,7;1019,7;1018,9;1992,3;15,9;14,3;16,4;15,2;14,9;14,3;95;88;90;26;3,2;2;
2026/07/25;1500 UTC;0;1018,9;1019,7;1018,8;2310,4;17,3;14,8;17,3;15,6;15,4;14,2;94;85;85;28;3;1,7;
2026/07/25;1600 UTC;0;1018,2;1019;1018,2;2005,6;17,2;14,8;17,8;17,1;15,4;14,3;89;83;86;317;3,4;1,9;
2026/07/25;1700 UTC;0;1017,5;1018,1;1017,5;1848;17,9;15,1;18,2;17,3;15,4;14,4;86;81;84;332;2;1,8;
2026/07/25;1800 UTC;0;1017,6;1017,6;1017,3;959,6;17,6;15,5;18,2;17,5;15,6;14,8;87;81;87;31;1,9;1,4;
2026/07/25;1900 UTC;0;1017,5;1017,7;1017,4;668,6;18,5;15,1;18,5;17,6;15,7;15;87;81;81;314;2;1,4;
2026/07/25;2000 UTC;0;1017,5;1017,6;1017,3;737;17,5;14,8;19;17,5;15,4;14,7;84;78;84;336;1,8;1,4;
2026/07/25;2100 UTC;0;1017,4;1017,6;1017,4;185,4;16,1;14,6;17,7;16,1;14,8;14,6;91;83;91;33;1,8;1,7;
2026/07/25;2200 UTC;0;1017,5;1017,6;1017,4;0;15;14,3;16,1;15;14,7;14,3;96;91;96;299;1,8;1,8;
2026/07/25;2300 UTC;0;1017,1;1017,5;1017,1;0;14,5;14,2;15,1;14,5;14,4;14,2;98;96;98;67;1,6;1,8;
2026/07/26;0000 UTC;0;1017,6;1017,6;1017,2;0;15,1;15;15,1;14,5;15;14,2;100;98;100;268;1,8;1,8;
2026/07/26;0100 UTC;0;1017,5;1017,6;1017,4;0;15,5;15,2;15,5;15,1;15,3;15,1;100;98;98;185;1,9;1,7;
2026/07/26;0200 UTC;0;1017,4;1017,6;1017;0;15;14,8;15,5;15;15,3;14,6;99;97;99;260;1,9;1,7;
2026/07/26;0300 UTC;0;1017;1017,4;1017;0;15,4;14,8;15,4;15;14,8;14,7;99;96;96;170;1,9;1,7;
2026/07/26;0400 UTC;0;1016,8;1017;1016,7;0;15,3;14,8;15,4;15,3;14,8;14,7;97;96;97;196;2;1,7;
2026/07/26;0500 UTC;0;1015,6;1016,8;1015,6;0;14,9;14,6;15,3;14,9;14,8;14,6;98;97;98;317;2;1,7;
2026/07/26;0600 UTC;0;1015;1015,6;1015;0;14,6;14,4;14,9;14,6;14,6;14,3;98;98;98;183;2;1,7;
2026/07/26;0700 UTC;0;1014,9;1015,1;1014,8;0;14,5;14,3;14,7;14,4;14,4;14,2;99;98;99;186;2;1,3;
2026/07/26;0800 UTC;0;1014,6;1014,9;1014,5;0;14,3;14,2;14,5;14,2;14,4;14,1;99;99;99;191;2;1,7;
2026/07/26;0900 UTC;0;1015,1;1015,1;1014,6;0;14,1;14,1;14,3;14;14,1;13,9;100;99;100;28;2;1,3;
2026/07/26;1000 UTC;0;1015,2;1015,3;1015;0;14,4;14,4;14,5;14,1;14,5;14,1;100;100;100;310;2;1,8;
2026/07/26;1100 UTC;0;1015,7;1015,8;1015,1;35,7;14,6;14,6;14,6;14,4;14,6;14,4;100;100;100;18;3;1,7;
2026/07/26;1200 UTC;0;1016,3;1016,5;1015,8;254,6;15,2;14,9;15,2;14,6;15;14,6;100;99;99;27;2;1,8;
2026/07/26;1300 UTC;0;1016,8;1016,8;1016,3;426,4;16,3;15,3;16,3;15,2;15,3;14,9;99;94;94;17;8,2;2,3;
2026/07/26;1400 UTC;0;1016,5;1016,8;1016,5;836,9;17;15,7;18;16,3;15,9;15,2;94;86;92;29;3,6;2;
2026/07/26;1500 UTC;0;1016,4;1016,5;1016,3;374;16,6;15,4;17,5;16,6;16,1;15,4;94;89;93;26;2;1,8;
2026/07/26;1600 UTC;0;1015,1;1016,4;1015,1;282,8;16,8;15,6;16,8;16,4;15,6;15,3;94;92;93;76;9,1;2,2;
2026/07/26;1700 UTC;0;1014,6;1015,1;1014,4;832,9;18,4;16,1;18,4;16,9;16,3;15,5;93;87;87;15;11;1,3;
2026/07/26;1800 UTC;0;1014,2;1014,8;1014,2;481,8;18,3;15,9;18,5;17,9;16,4;15,8;91;85;86;176;5,6;1,7;
2026/07/26;1900 UTC;0;1014;1014,2;1013,9;387,8;18,4;16,2;18,5;18,3;16,4;16;88;85;87;132;10,2;,9;
2026/07/26;2000 UTC;0;1013,8;1014;1013,6;185,9;17,9;16,3;18,4;17,9;16,5;16,1;90;87;90;149;11,7;1,1;
2026/07/26;2100 UTC;0;1014;1014;1013,4;44;17,5;16,3;17,9;17,5;16,4;16,3;93;90;93;145;11,6;,6;
2026/07/26;2200 UTC;0;1014,4;1014,4;1013,8;0;16,7;16,2;17,5;16,7;16,4;16,2;97;93;97;322;12,3;1,6;
2026/07/26;2300 UTC;0;1015;1015;1014,4;0;16,8;16,3;16,8;16,5;16,5;16,1;98;97;97;27;2,3;1,8;
2026/07/27;0000 UTC;0;1014,8;1015;1014,8;0;16,1;15,3;16,8;16,1;16,4;15,2;97;94;95;22;2;1,4;
2026/07/27;0100 UTC;0;1015,6;1015,6;1015,1;0;15,5;14,8;16;15,5;15,2;14,8;96;95;95;30;2;1,2;
2026/07/27;0200 UTC;0;1015,7;1015,8;1015,5;0;14,9;14,7;15,6;14,9;14,9;14,7;99;95;99;354;2;1,6;
2026/07/27;0300 UTC;0;1015,1;1015,8;1015,1;0;14,4;14,3;14,9;14,4;14,8;14,3;100;99;99;312;1,9;1,7;
2026/07/27;0400 UTC;0;1015,2;1015,2;1014,9;0;14,7;14,3;14,7;14,4;14,4;14,3;99;98;98;314;1,8;1,6;
2026/07/27;0500 UTC;0;1015,1;1015,3;1015;0;14,6;14,5;14,7;14,6;14,5;14,3;99;98;99;315;1,9;1,6;
2026/07/27;0600 UTC;0;1014,6;1015,1;1014,6;0;14,6;14,6;14,6;14,6;14,6;14,5;100;99;100;177;2;1,7;
2026/07/27;0700 UTC;0;1013,8;1014,6;1013,8;0;14,5;14,5;14,6;14,5;14,6;14,5;100;100;100;185;2;1,6;
2026/07/27;0800 UTC;0;1013,5;1013,8;1013,2;0;14,6;14,6;14,6;14,5;14,6;14,5;100;100;100;185;4,3;1,3;
2026/07/27;0900 UTC;0;1013,4;1013,6;1013,2;0;14,6;14,6;14,6;14,6;14,6;14,6;100;100;100;185;2;1,8;
2026/07/27;1000 UTC;0;1013,6;1014;1013,4;0;14,7;14,6;14,7;14,6;14,7;14,6;100;100;100;185;8,8;1,8;
2026/07/27;1100 UTC;0;1014,2;1014,2;1013,6;26,8;14,9;14,8;14,9;14,7;14,8;14,6;100;99;99;149;9,9;1,2;
2026/07/27;1200 UTC;0;1014,3;1014,3;1013,7;231,5;15,5;15,1;15,5;14,9;15,3;14,8;99;97;97;320;6,9;1,6;
2026/07/27;1300 UTC;0;1014;1014,5;1013,9;345,3;16,4;15,2;16,4;15,5;15,4;15,1;97;93;93;102;2;1,7;
2026/07/27;1400 UTC;0;1013,4;1014;1013,4;855,7;17,8;15,7;17,8;16,4;15,8;15,2;94;87;88;210;1,9;1,8;
2026/07/27;1500 UTC;0;1012,3;1013,5;1012,3;958;18,1;16,1;18,2;17,6;16,1;15,4;89;87;88;136;1,9;1,7;
2026/07/27;1600 UTC;0;1011,3;1012,4;1011,2;1478,4;19,1;16,8;19,3;18,1;16,8;15,9;89;84;87;203;1,9;1,7;
2026/07/27;1700 UTC;0;1009,7;1011,4;1009,7;833;18,9;17;19,6;18,9;17,2;16,5;88;85;88;15;1,9;1,7;
2026/07/27;1800 UTC;0;1009,1;1009,9;1009,1;169,2;18,3;17;19;18,3;17,1;16,9;92;88;92;310;1,9;1,7;
2026/07/27;1900 UTC;0;1009,5;1009,5;1009;59,1;18;17,2;18,3;18;17,2;17;95;92;95;185;1,9;1,7;
2026/07/27;2000 UTC;3,3;1011;1011,2;1009,5;11,4;17,7;17,5;18,1;17,7;17,5;17,1;98;95;98;42;6,9;1,2;
2026/07/27;2100 UTC;1,6;1008,8;1011;1008,7;5,8;18,1;17,5;18,2;17,7;17,8;17,5;99;96;96;189;9,2;1,7;
2026/07/27;2200 UTC;0;1008,9;1009,2;1008,8;0;17,6;17,3;18,1;17,4;17,5;17,2;99;96;98;34;3,4;1,2;
2026/07/27;2300 UTC;0;1007,7;1009,1;1006,9;0;17,4;16,9;17,8;17,4;17,3;16,8;99;94;96;209;11,4;1,7;
2026/07/28;0000 UTC;0;1006,7;1008,7;1006,7;0;17,7;16,8;17,8;17,3;16,9;16,6;97;93;95;181;13,6;1,7;
2026/07/28;0100 UTC;1,4;1006,9;1007;1006;0;18,2;17,2;18,2;17,6;17,2;16,9;97;94;94;201;7,8;1,3;
2026/07/28;0200 UTC;2,2;1007,2;1008;1006,5;0;18,4;17,7;18,7;18,3;17,7;17,2;96;92;96;191;9,5;1,5;
2026/07/28;0300 UTC;1,8;1006,6;1007,5;1006,2;0;17,9;17,6;18,4;17,8;17,7;17,5;98;96;98;11;11,9;2;
2026/07/28;0400 UTC;5,3;1006,5;1007,3;1006,4;0;17,7;17,4;17,9;17,7;17,6;17,4;99;98;98;313;11,9;1,6;
2026/07/28;0500 UTC;18,2;1006,3;1009,8;1006,3;0;17,5;17,2;18;17,5;17,5;17,2;99;97;99;222;2,7;1,7;
2026/07/28;0600 UTC;,4;1007,4;1007,9;1004,5;0;18,2;17,2;18,3;17,5;17,3;17;99;92;94;183;6;1;
2026/07/28;0700 UTC;0;1006,5;1007,3;1003,6;0;17,8;17,4;18,2;17,8;17,4;17,1;97;94;97;30;8,4;1,4;
2026/07/28;0800 UTC;0;1007;1007,1;1006,5;0;17,4;17,3;17,8;17,4;17,4;17,3;99;98;99;316;2,6;1,7;
2026/07/28;0900 UTC;0;1007;1007;1006,6;0;17,3;17,3;17,4;17,3;17,4;17,3;100;99;100;32;2;1,4;
2026/07/28;1000 UTC;0;1007,8;1007,8;1007,1;0;17,2;17,2;17,3;17,1;17,3;17,1;100;100;100;321;10;1;
2026/07/28;1100 UTC;0;1008,1;1008,3;1007,8;35,5;17,1;17,1;17,2;17,1;17,2;17,1;100;100;100;15;4;1,6;
2026/07/28;1200 UTC;0;1009,3;1009,7;1007,9;398,8;17,9;17,9;17,9;17,1;17,9;17,1;100;100;100;96;9,1;2,3;
2026/07/28;1300 UTC;0;1009,2;1009,5;1009;670,2;19,1;18,3;19,1;17,8;18,3;17,7;99;95;95;18;7,3;1,2;
2026/07/28;1400 UTC;0;1010;1010,2;1009,2;682;19,7;18,6;19,9;19,2;18,9;18,3;96;93;93;26;3,5;1,9;
2026/07/28;1500 UTC;0;1010;1010,4;1009,9;1363,5;20,2;18,7;21;19,7;19,3;18,4;94;86;91;26;3,9;1,9;
2026/07/28;1600 UTC;0;1009,5;1010;1009,5;912,9;18,8;18;20,5;18,8;19;18;96;89;96;26;4,7;1,8;
2026/07/28;1700 UTC;0;1008,8;1009,5;1008,7;361,1;17,1;16,8;18,7;17,1;18;16,8;99;96;99;26;3,3;1,8;
2026/07/28;1800 UTC;0;1008,5;1008,9;1008,5;320,6;17,2;16,6;17,3;17;16,9;16,6;99;96;97;25;3,9;1,9;
2026/07/28;1900 UTC;0;1009,8;1009,9;1008,5;92,7;16,3;16,2;17,2;16,3;16,9;16,2;99;97;99;29;2,5;1,3;
2026/07/28;2000 UTC;0;1010,2;1010,6;1008,9;43,8;15,6;15,6;16,3;15,6;16,2;15,6;100;99;100;356;2;1,5;
2026/07/28;2100 UTC;0;1009,4;1010,4;1008,5;9,5;15,4;15,3;15,6;15,4;15,6;15,3;100;99;99;312;2,7;1,7;
2026/07/28;2200 UTC;0;1010;1011,1;1008,8;0;15,2;15;15,4;15;15,2;14,8;99;98;99;156;3,4;1,7;
2026/07/28;2300 UTC;,2;1010,6;1011,2;1008,7;0;15,2;15;15,3;15,1;15,1;14,8;99;97;99;177;3,2;1,6;
2026/07/29;0000 UTC;1,2;1008,6;1010,5;1008,6;0;15,1;15;15,2;15;15,1;14,8;100;99;99;188;2,7;1,4;
2026/07/29;0100 UTC;1;1010,8;1010,8;1008,6;0;15,5;15,3;15,5;15,1;15,3;15;99;98;99;173;9,9;1,5;
2026/07/29;0200 UTC;1,6;1012,4;1012,7;1010,8;0;15,9;15,6;16,3;15,5;15,9;15,3;99;97;98;9;6,4;1,9;
2026/07/29;0300 UTC;1;1012,7;1013;1012,4;0;15,4;15,3;15,9;15,4;15,6;15,3;99;98;99;134;8,7;1,3;
2026/07/29;0400 UTC;1,6;1007,6;1012,7;1007,2;,1;15,8;14,5;15,8;15,3;15,5;14,4;100;92;92;163;2;1,6;
2026/07/29;0500 UTC;0;1007,8;1007,8;1003,2;0;16,4;13,3;16,4;15,6;14,5;13,3;93;82;82;189;3,1;1,3;
2026/07/29;0600 UTC;0;1008,5;1008,5;1006,8;0;16,5;12,9;16,5;16;13,5;12,9;84;79;79;6;4,8;1,4;
2026/07/29;0700 UTC;0;1010;1010,2;1008,7;0;15,1;13,9;16,5;15,1;13,9;13;93;80;93;28;3,3;1,5;
2026/07/29;0800 UTC;0;1011,1;1011,1;1010;0;14,8;14,2;15,1;14,8;14,2;13,9;96;92;96;29;2;1,8;
2026/07/29;0900 UTC;0;1011,5;1011,6;1011,1;0;13,9;13,8;14,8;13,9;14,3;13,7;99;96;99;27;2,7;1,9;
2026/07/29;1000 UTC;0;1010,9;1011,7;1010,8;0;14,1;14,1;14,1;13,7;14,1;13,6;100;99;100;304;2;2;
2026/07/29;1100 UTC;0;1012,1;1012,1;1010,8;31,8;14,6;14,6;14,6;14,1;14,6;14,1;100;100;100;28;2;1,4;
2026/07/29;1200 UTC;0;1012,9;1012,9;1012,1;254,2;15,1;15,1;15,1;14,6;15,1;14,6;100;100;100;315;2;1,7;
2026/07/29;1300 UTC;0;1013,7;1013,7;1012,8;654;16,4;15,6;16,4;15,1;15,7;15,1;100;95;95;31;8,7;1,4;
2026/07/29;1400 UTC;0;1014,5;1014,6;1013,7;1865,5;17,4;15,8;18,8;16,4;16;14,8;95;79;90;29;6,6;2,1;
2026/07/29;1500 UTC;0;1015;1015,2;1014,5;1423,2;17;15,2;18,3;17;15,8;14,8;90;83;89;26;4,4;1,8;
2026/07/29;1600 UTC;0;1014,7;1015,2;1014,6;1064,7;17,7;14,6;17,7;16,6;15,4;14,3;91;81;82;26;4,2;2;
2026/07/29;1700 UTC;0;1014,5;1014,7;1014,5;675,5;16,9;15,2;17,7;16,9;15,3;14,6;90;82;90;26;4;1,9;
2026/07/29;1800 UTC;0;1014,5;1014,6;1014,4;574,6;17,3;15,2;17,3;16,7;15,3;14,8;90;86;88;27;3,5;1,8;
2026/07/29;1900 UTC;0;1015,3;1015,3;1014,5;342;16,6;15,5;17,4;16,5;15,8;14,9;95;85;93;30;3;1,2;
2026/07/29;2000 UTC;,4;1015,7;1015,9;1015,3;212;16;15,8;16,7;16;15,9;15,5;98;92;98;28;2;1,6;
2026/07/29;2100 UTC;,4;1016,4;1016,4;1015,6;43,1;16;15,9;16,1;15,9;15,9;15,7;99;98;99;313;2;1,8;
2026/07/29;2200 UTC;0;1017,3;1017,3;1016,3;0;15,8;15,5;16;15,8;15,9;15,5;99;98;98;317;1,8;1,9;
2026/07/29;2300 UTC;0;1018,4;1018,4;1017,3;0;15,4;15;15,8;15,4;15,5;15;98;97;97;308;1,8;1,9;
2026/07/30;0000 UTC;0;1018,7;1018,8;1018,4;0;14,7;14,3;15,4;14,7;15;14,3;97;97;97;313;1,9;1,7;
2026/07/30;0100 UTC;0;1019,2;1019,2;1018,8;0;14,5;14,3;14,6;14,3;14,4;14;99;97;99;23;2;1,5;
2026/07/30;0200 UTC;0;1019,5;1019,6;1019,2;0;14,8;14,7;14,8;14,5;14,7;14,3;99;99;99;26;2;1,9;
2026/07/30;0300 UTC;0;1019,9;1019,9;1019,6;0;14,7;14,3;14,8;14,7;14,7;14,3;99;97;97;327;2;1,6;
2026/07/30;0400 UTC;0;1019,7;1020,1;1019,7;0;14,1;13,7;14,8;14,1;14,4;13,7;98;97;98;30;2;1,2;
2026/07/30;0500 UTC;0;1020;1020,1;1019,6;0;13,8;13,6;14,1;13,7;13,7;13,5;99;98;99;29;2;1,3;
2026/07/30;0600 UTC;0;1020,5;1020,5;1020;0;13,8;13,6;13,8;13,7;13,6;13,5;99;99;99;29;2;1,2;
2026/07/30;0700 UTC;0;1020,9;1020,9;1020,5;0;13,9;13,6;13,9;13,8;13,7;13,6;99;98;98;8;2;1,6;
2026/07/30;0800 UTC;0;1020,9;1021,1;1020,8;0;13,8;13,5;13,9;13,8;13,7;13,5;99;98;98;313;2;1,9;
2026/07/30;0900 UTC;0;1021,3;1021,3;1020,8;0;13,5;13,2;13,8;13,5;13,5;13,2;98;97;98;22;2;1,6;
2026/07/30;1000 UTC;0;1022,2;1022,2;1021,1;0;13,1;13,1;13,5;13;13,3;12,9;100;98;100;22;2;1,5;
2026/07/30;1100 UTC;0;1022,7;1022,7;1022,2;48,2;12,8;12,8;13,1;12,3;13,1;12,3;100;100;100;323;2;1,8;
2026/07/30;1200 UTC;0;1023,1;1023,1;1022,6;420,7;14,6;13,7;14,6;12,9;13,9;12,9;100;94;95;311;2;1,8;
2026/07/30;1300 UTC;0;1023,1;1023,2;1023;1309,4;16,2;12,7;16,2;14,7;14,1;12,6;94;79;80;314;1,8;1,6;
2026/07/30;1400 UTC;,2;1023,5;1023,7;1023,1;1805,4;17;12,7;17;16,1;13,5;12,6;82;76;76;288;1,7;1,7;
2026/07/30;1500 UTC;0;1023,5;1023,9;1023,5;1947,9;17,2;13,2;17,7;16,9;13,8;12,5;80;75;77;304;1,7;1,6;
2026/07/30;1600 UTC;0;1023;1023,5;1023;1526;17,7;13,8;18,2;17;14,2;13,2;81;76;78;223;1,8;1,7;
2026/07/30;1700 UTC;0;1021;1023;1020,7;1488,8;18,5;14;18,5;17,3;14,5;13,5;81;75;75;72;1,7;1,7;
2026/07/30;1800 UTC;0;1020,7;1021;1020,6;1554,7;18,5;14,5;19,1;18;14,8;13,7;79;73;78;315;1,7;1,4;
2026/07/30;1900 UTC;0;1020,9;1020,9;1020,7;877,5;17,7;14;18,6;17,6;14,5;13,9;81;76;79;326;1,7;1,5;
2026/07/30;2000 UTC;0;1021,3;1021,4;1020,9;450,8;17,4;14,1;17,9;17,4;14,1;13,8;81;77;81;76;1,7;1,6;
2026/07/30;2100 UTC;0;1020,8;1021,4;1020,7;116,1;16,3;13,7;17,4;16,3;14,1;13,7;85;80;85;288;1,7;1,7;
2026/07/30;2200 UTC;0;1020,1;1020,8;1020,1;0;15,8;13,8;16,4;15,8;13,8;13,5;88;83;88;330;1,5;1,7;
2026/07/30;2300 UTC;0;1020,4;1020,6;1020;0;15,7;13,6;15,9;15,7;13,8;13,6;89;86;87;343;1,5;1,8;
2026/07/31;0000 UTC;0;1020,7;1021;1020,3;0;15,5;13,8;15,7;15,5;13,8;13,5;90;87;90;336;1,5;1,8;
2026/07/31;0100 UTC;0;1020,8;1021,1;1020,6;0;15,3;13,9;15,5;15,1;13,9;13,8;92;90;91;339;1,4;1,7;
2026/07/31;0200 UTC;0;1020,8;1021;1020,7;0;15,4;14;15,6;15,4;14;13,9;91;90;91;33;1,4;1,7;
2026/07/31;0300 UTC;0;1020,3;1020,8;1020,3;0;15,5;14,3;15,5;15,3;14,3;14;93;92;93;17;1,4;1,7;
2026/07/31;0400 UTC;0;1019,7;1020,3;1019,7;0;15,7;14,5;15,7;15,5;14,5;14,3;93;93;93;99;1,4;1,7;
2026/07/31;0500 UTC;0;1019,1;1019,7;1019;0;16;15;16;15,7;15;14,6;94;93;94;276;1,4;1,7;
2026/07/31;0600 UTC;0;1018,6;1019,1;1018,6;0;16,6;15,4;16,6;16;15,4;15;94;92;93;238;1,6;1,7;
2026/07/31;0700 UTC;0;1018,3;1018,7;1018,2;0;16,8;15,5;16,8;16,6;15,6;15,4;93;92;92;349;1,6;1,7;
2026/07/31;0800 UTC;0;1017,8;1018,3;1017,7;0;17;15,6;17;16,8;15,6;15,4;92;91;92;86;1,6;1,7;
2026/07/31;0900 UTC;0;1017,4;1017,9;1017,2;0;17,2;15,6;17,2;17;15,7;15,5;92;90;91;68;1,8;1,7;
2026/07/31;1000 UTC;0;1017,9;1017,9;1017,4;0;17,1;15,8;17,2;17,1;15,8;15,6;92;90;92;294;1,4;1,7;
2026/07/31;1100 UTC;0;1018;1018,1;1017,9;24,1;17,2;16;17,2;17,1;16;15,8;93;92;92;49;1,5;1,7;
2026/07/31;1200 UTC;0;1018,3;1018,3;1017,9;175,1;17,4;15,9;17,4;17,2;16;15,8;93;91;91;118;1,6;1,7;
2026/07/31;1300 UTC;0;1018,3;1018,4;1018,2;620,9;18,6;16,2;18,6;17,4;16,3;15,8;92;86;86;127;1,8;1,7;
2026/07/31;1400 UTC;0;1018;1018,4;1018;1645,8;20;16,7;20;18,4;16,9;16,2;88;81;81;184;1,9;1,7;
2026/07/31;1500 UTC;0;1017;1018;1017;2154,1;21,2;17,3;21,2;20,1;17,5;16,6;82;79;79;319;1,6;1,7;
2026/07/31;1600 UTC;0;1015,6;1016,9;1015,6;2285,3;21,7;17,8;22;21,1;18,1;17,2;80;77;79;198;1,6;1,7;
2026/07/31;1700 UTC;0;1014,4;1015,6;1014,4;1839,1;22,1;18,1;22,1;21,5;18,2;17,7;80;77;78;177;1,6;1,7;
2026/07/31;1800 UTC;0;1013,7;1014,4;1013,6;1824,5;22,3;17,7;22,4;22;18,3;17,7;78;75;75;307;1,6;1,7;
2026/07/31;1900 UTC;0;1012,8;1013,7;1012,8;1362,9;21,5;17,6;22,2;21,4;18,1;17,5;80;75;79;104;1,5;1,7;
2026/07/31;2000 UTC;0;1012,5;1012,8;1012,5;733,7;20,8;17,6;21,4;20,8;17,8;17,5;82;79;82;17;1,5;1,7;
2026/07/31;2100 UTC;0;1012,5;1012,6;1012,4;146,7;19,6;17,1;20,8;19,6;17,5;17,1;86;81;86;5;1,4;1,7;
2026/07/31;2200 UTC;0;1012,4;1012,5;1012,2;0;19;17,1;19,6;19;17,2;17;89;86;89;12;1,6;1,7;
2026/07/31;2300 UTC;0;1012,4;1012,5;1012,2;0;18,5;17;19;18,5;17,1;17;91;89;91;354;1,8;1,7;
2026/08/01;0000 UTC;0;1012,5;1012,7;1012,4;0;18,2;17;18,5;18,2;17;17;93;91;93;289;1,6;1,7;
2026/08/01;0100 UTC;0;1012;1012,5;1012;0;18;17;18,2;17,9;17;16,9;94;93;94;331;1,5;1,7;
2026/08/01;0200 UTC;0;1011,7;1012;1011,7;0;17,7;16,9;18;17,7;17;16,9;95;94;95;228;1,9;1,7;
2026/08/01;0300 UTC;0;1011,3;1011,7;1011,3;0;17,5;16,9;17,7;17,5;16,9;16,8;96;95;96;7;1,9;1,7;
2026/08/01;0400 UTC;0;1010;1011;1010;0;17,4;16,9;17,6;17,4;16,9;16,8;97;96;96;184;1,9;1,7;
2026/08/01;0500 UTC;0;1009,4;1010;1009,4;0;17,1;16,7;17,5;17,1;16,9;16,7;98;96;97;180;1,9;1,7;
2026/08/01;0600 UTC;0;1007,5;1009,3;1007,5;0;17,1;16,6;17,1;17;16,7;16,6;98;97;97;135;1,9;1,7;
2026/08/01;0700 UTC;0;1007,5;1007,7;1007,3;0;16,8;16,3;17,4;16,8;16,7;16,2;97;96;97;14;2;1,7;
2026/08/01;0800 UTC;0;1007;1007,5;1006,9;0;16,6;16,1;16,9;16,6;16,4;16,1;98;97;97;211;2;1,7;
2026/08/01;0900 UTC;0;1006,7;1007;1006,5;0;16,7;15,9;16,8;16,5;16,1;15,9;97;95;95;246;1,9;1,7;
2026/08/01;1000 UTC;0;1006,3;1006,6;1006,3;0;17,3;15,5;17,6;16,7;15,9;15,5;95;88;89;230;1,8;1,7;
2026/08/01;1100 UTC;0;1007;1007;1006,3;88,9;17,7;15,5;17,7;17,2;15,5;15,3;90;87;87;330;2;1,8;
2026/08/01;1200 UTC;0;1006,7;1007;1006,5;640,6;19,2;15,9;19,2;17,7;16,1;15,3;87;81;81;59;1,5;1,7;
2026/08/01;1300 UTC;0;1008,9;1009,4;1006,9;1305,9;23;16,3;23,1;19,3;17,4;15,7;82;65;66;21;4,9;1,5;
2026/08/01;1400 UTC;0;1008,8;1009,1;1008,5;1364,2;25,7;17,6;25,7;23;18,1;15,9;70;61;61;13;3,7;1,3;
2026/08/01;1500 UTC;0;1007,6;1009;1007,5;2183,7;27;17,1;27;25,5;18;16,2;61;53;55;54;5,6;1,7;
2026/08/01;1600 UTC;0;1007,6;1007,6;1007,2;1753,8;26,1;19;27,4;26,1;19;16,2;65;52;65;19;5,3;1;
2026/08/01;1700 UTC;0;1007,1;1007,5;1006,8;1503,7;20,1;16,9;24,5;20;18,8;16,8;84;70;82;28;4,8;2,2;
2026/08/01;1800 UTC;0;1007,8;1007,8;1007;575,4;18,5;16,2;20,3;18,5;17,2;16;87;81;87;31;4,8;2,7;
2026/08/01;1900 UTC;0;1009,1;1009,1;1007,8;151,6;17,4;15,6;18,5;17,4;16,3;15,5;89;86;89;21;4,8;2,7;
2026/08/01;2000 UTC;,2;1010,1;1010,3;1009,1;16,3;16,4;15,6;17,4;16,4;15,9;15,6;96;90;95;53;4,7;1,1;
2026/08/01;2100 UTC;3,3;1009,9;1010,8;1009,8;3,7;15,9;15,6;16,5;15,9;15,8;15,6;98;95;98;177;3,9;1,2;
2026/08/01;2200 UTC;1,8;1009,3;1010;1007,9;0;15,7;15,5;15,9;15,7;15,6;15,5;99;98;99;326;16,2;1,7;
2026/08/01;2300 UTC;,6;1010,2;1010,6;1009,3;0;15,8;15,6;15,8;15,7;15,6;15,5;99;99;99;162;10,4;1,2;
2026/08/02;0000 UTC;0;1012,7;1012,7;1009,7;0;16,1;15,5;16,2;15,8;15,6;15,5;99;95;96;30;6,7;2,2;
2026/08/02;0100 UTC;0;1014;1014;1012,3;0;16,1;15,5;16,2;16,1;15,6;15,5;96;95;96;37;4,1;2,4;
2026/08/02;0200 UTC;1;1014,6;1014,6;1013,8;0;15,8;15,7;16,1;15,8;15,7;15,6;99;96;99;28;4,2;1,6;
2026/08/02;0300 UTC;1;1014,8;1014,8;1014,5;0;15,8;15,7;15,8;15,8;15,7;15,7;99;99;99;314;3,6;,9;
2026/08/02;0400 UTC;0;1014,8;1014,9;1014,6;0;15,4;15,3;15,8;15,4;15,6;15,3;100;99;100;105;2,8;,7;
2026/08/02;0500 UTC;,2;1015;1015;1014,5;0;14,8;14,8;15,5;14,8;15,4;14,8;100;99;100;133;12,4;2,9;
2026/08/02;0600 UTC;0;1015,8;1015,8;1015;0;15,3;15,3;15,4;14,7;15,4;14,7;100;100;100;166;10,2;,6;
2026/08/02;0700 UTC;0;1015,8;1015,9;1015,7;0;15,7;15,1;15,7;15,3;15,3;15,1;100;96;96;29;2,4;1,1;
2026/08/02;0800 UTC;0;1016;1016,1;1015,8;0;15,7;15,3;15,7;15,7;15,3;15,1;97;96;97;105;2,2;,6;
2026/08/02;0900 UTC;0;1016,2;1016,2;1016;0;15,5;15,1;15,7;15,5;15,3;15,1;98;97;97;54;2,1;,6;
2026/08/02;1000 UTC;,2;1017,3;1017,3;1016,2;,1;14,4;14,3;15,5;14,4;15,2;14,3;99;97;99;309;2,1;1,8;
2026/08/02;1100 UTC;0;1017,8;1017,9;1017,4;30,3;14,1;13,8;14,3;14;14,2;13,7;99;98;98;313;1,8;1,6;
2026/08/02;1200 UTC;0;1017,8;1018,3;1017,7;325;14,9;14,1;14,9;14,1;14,2;13,8;98;95;95;313;1,8;1,7;
2026/08/02;1300 UTC;0;1019,3;1019,3;1017,8;967,2;15,8;14,2;16,2;14,9;14,5;14;96;88;90;346;2;1,7;
2026/08/02;1400 UTC;0;1019,6;1019,6;1019,2;894,1;16,6;14,5;16,7;15,9;14,9;14,1;91;86;87;356;9,7;2;
2026/08/02;1500 UTC;0;1019,2;1019,8;1019,2;374,2;16,7;14,4;16,7;16,5;14,8;14,3;89;86;86;155;6,5;1;
2026/08/02;1600 UTC;0;1018,7;1019,2;1018,7;370;16,7;14,7;16,8;16,6;15;14,4;89;86;88;313;9,2;1,9;
2026/08/02;1700 UTC;0;1018;1018,7;1017,9;689,7;17,6;14,6;17,6;16,7;15,2;14,3;89;82;82;309;1,9;1,7;
2026/08/02;1800 UTC;0;1017,4;1018;1017,3;858;17,3;15;17,9;17,2;15,3;14,6;89;82;86;311;1,8;1,5;
2026/08/02;1900 UTC;0;1017;1017,4;1017;664,6;17;15,2;17,3;16,9;15,3;14,5;89;85;89;313;1,8;1,5;
2026/08/02;2000 UTC;0;1017,5;1017,5;1016,9;347,9;16,4;14,4;17;16,4;15,1;14,3;89;87;88;138;1,7;1,7;
2026/08/02;2100 UTC;0;1018,1;1018,1;1017,5;55,2;15,8;14,4;16,4;15,8;14,5;14,3;91;88;91;103;1,9;1,7;
2026/08/02;2200 UTC;0;1018,6;1018,7;1018,1;0;15,7;14,6;15,8;15,7;14,6;14,3;93;91;93;310;1,8;1,5;
2026/08/02;2300 UTC;0;1019,2;1019,2;1018,5;0;15,2;14,4;15,7;15,2;14,6;14,3;95;93;95;319;1,8;1,5;
2026/08/03;0000 UTC;0;1019,2;1019,2;1018,9;0;15,3;14,6;15,3;15,2;14,6;14,4;96;95;95;73;1,8;1,7;
2026/08/03;0100 UTC;0;1018,8;1019,4;1018,5;0;15,4;14,6;15,4;15,3;14,6;14,5;95;94;94;319;1,8;1,8;
2026/08/03;0200 UTC;0;1019,1;1019,4;1018,8;0;15,6;14,5;15,7;15,4;14,6;14,4;94;93;93;146;1,7;1,7;
2026/08/03;0300 UTC;0;1019,3;1019,3;1018,9;0;15,7;14,4;15,7;15,6;14,5;14,3;93;92;92;72;1,7;1,7;
2026/08/03;0400 UTC;0;1018,1;1019,3;1018;0;15,7;14,5;15,8;15,7;14,5;14,4;92;92;92;282;1,5;1,7;
2026/08/03;0500 UTC;0;1017,7;1018,3;1017,7;0;15,9;14,7;15,9;15,7;14,7;14,4;93;91;93;247;1,8;1,7;
2026/08/03;0600 UTC;0;1017,6;1017,8;1017,6;0;15,6;14,7;16;15,6;14,8;14,6;94;92;94;273;1,7;1,7;
2026/08/03;0700 UTC;0;1017,4;1017,7;1017,2;0;15,8;14,9;15,8;15,5;15;14,7;96;94;95;144;1,7;1,7;
2026/08/03;0800 UTC;0;1017;1017,4;1017;0;15,9;15,1;15,9;15,8;15,1;14,9;95;94;95;48;1,6;1,8;
2026/08/03;0900 UTC;0;1017;1017;1016,8;0;15,9;15,8;15,9;15,8;15,8;15,2;99;95;99;49;1,7;1,8;
2026/08/03;1000 UTC;0;1017,3;1017,3;1017;0;16,1;16;16,1;15,9;16;15,8;100;99;100;300;2;1,8;
2026/08/03;1100 UTC;0;1017,2;1017,4;1017;15,6;16,3;16,3;16,3;16,1;16,3;16;100;100;100;221;1,5;1,7;
2026/08/03;1200 UTC;0;1017,2;1017,5;1017,2;86,7;16,9;16,5;16,9;16,3;16,5;16,3;100;97;97;209;2;1,7;
2026/08/03;1300 UTC;0;1017,3;1017,4;1017,1;231,7;17,3;16,7;17,3;16,9;16,7;16,5;98;96;96;181;1,9;1,7;
2026/08/03;1400 UTC;0;1016,5;1017,3;1016,5;532,5;18,1;16,9;18,1;17,4;17;16,7;96;93;93;190;1,9;1,7;
2026/08/03;1500 UTC;0;1015,4;1016,5;1015,4;907,2;18,8;17,4;18,8;18,1;17,4;16,9;94;91;92;219;1,9;1,7;
2026/08/03;1600 UTC;0;1014,8;1015,5;1014,7;1184,1;19,5;17,6;19,5;18,7;17,7;17,1;91;88;89;47;1,8;1,7;
2026/08/03;1700 UTC;0;1014,3;1014,8;1014,2;1544,8;21;17,9;21,1;19,5;18,5;17,5;89;81;83;214;2;1,7;
2026/08/03;1800 UTC;0;1013,5;1014,3;1013,5;1461,9;22,2;18,9;22,3;21;18,9;17,8;85;78;81;51;1,7;1,6;
2026/08/03;1900 UTC;0;1012,8;1013,5;1012,8;926,3;21,4;19;22,5;21,4;19,3;18,7;86;80;86;290;1,9;1,7;
2026/08/03;2000 UTC;0;1012;1012,9;1012;279,7;19,9;18,6;21,4;19,9;18,9;18,4;92;86;92;143;1,6;1,7;
2026/08/03;2100 UTC;0;1013;1013,2;1012;35,9;18,8;18,2;19,9;18,8;18,7;18,1;96;92;96;312;2;1,8;
2026/08/03;2200 UTC;0;1012,7;1013,5;1012,7;0;18,6;18,1;18,8;18,6;18,2;18;97;96;97;50;1,8;1,7;
2026/08/03;2300 UTC;0;1013;1013,1;1012,4;0;19,6;18,9;19,6;18,6;18,9;18,1;97;95;96;193;2,8;1,7;
2026/08/04;0000 UTC;0;1013,3;1013,3;1012,9;0;19,6;18,8;19,6;19,5;18,9;18,7;96;95;95;253;1,7;1,8;
2026/08/04;0100 UTC;0;1013,2;1014,1;1013,2;0;19,1;18,7;19,6;19,1;18,8;18,6;98;94;98;313;9,8;1,8;
2026/08/04;0200 UTC;,2;1013,6;1013,7;1013,2;0;18,7;18,5;19,1;18,7;18,8;18,5;99;98;99;327;1,8;1,5;
2026/08/04;0300 UTC;0;1012,7;1013,6;1012,7;0;18,5;18,5;18,7;18,4;18,5;18,3;100;99;100;229;2;1,8;
2026/08/04;0400 UTC;0;1012,3;1012,7;1012,3;0;18;18;18,5;18;18,5;18;100;100;100;349;1,8;1,7;
2026/08/04;0500 UTC;0;1013,4;1013,4;1012,3;0;18,2;18,2;18,2;17,8;18,2;17,8;100;100;100;25;2,4;1,8;
2026/08/04;0600 UTC;,4;1013,4;1013,6;1013,2;0;18,1;18,1;18,2;18;18,2;18;100;100;100;54;8,6;3;
2026/08/04;0700 UTC;,2;1013,4;1014,1;1013,2;0;18,1;18,1;18,1;17,6;18,1;17,6;100;100;100;83;7,8;2,5;
2026/08/04;0800 UTC;0;1011;1013,4;1011;0;18,1;18,1;18,2;18,1;18,2;18,1;100;100;100;146;7,8;1,8;
2026/08/04;0900 UTC;0;1012,8;1012,8;1010,9;0;17,8;17,8;18,2;17,8;18,2;17,8;100;100;100;319;9,2;1,7;
2026/08/04;1000 UTC;0;1013,8;1013,8;1012,7;0;17,6;17,6;17,9;17,4;17,9;17,4;100;100;100;28;8,2;1,7;
2026/08/04;1100 UTC;0;1013,4;1014;1013,3;8,8;17,8;17,8;18;17,5;18;17,5;100;100;100;183;10;1,4;
2026/08/04;1200 UTC;0;1014,3;1014,4;1013,2;107,1;18,3;18;18,3;17,8;18;17,8;100;98;98;311;6,3;1,8;
2026/08/04;1300 UTC;0;1015,6;1015,6;1014,1;307,4;18,6;18,3;18,7;18,3;18,5;18;99;98;99;320;1,9;1,8;
2026/08/04;1400 UTC;0;1015,9;1016;1015,6;583,8;20,1;19,2;20,1;18,6;19,2;18,3;99;94;95;30;2;1,6;
2026/08/04;1500 UTC;0;1015,2;1015,9;1015,2;936,7;21,2;19,1;21,2;20,1;19,4;18,7;94;86;88;30;2;1,2;
2026/08/04;1600 UTC;0;1014,6;1015,2;1014,6;1003,2;19,2;18,1;21,4;19,1;19,4;18,1;94;86;94;26;1,9;1,8;
2026/08/04;1700 UTC;0;1013,6;1014,6;1013,6;1043,8;19,5;17,9;19,8;19,2;18,5;17,9;94;90;91;27;2,5;1,8;
2026/08/04;1800 UTC;0;1013,1;1013,6;1013,1;755,4;19,6;17,7;19,9;19,4;18,3;17,6;91;88;89;28;1,9;1,6;
2026/08/04;1900 UTC;0;1013,7;1013,7;1013,1;381,7;19,3;17,4;19,6;19,3;17,9;17,4;90;89;89;25;3,7;1,9;
2026/08/04;2000 UTC;0;1014,2;1014,2;1013,6;234,6;18,9;17,6;19,3;18,9;17,9;17,4;93;89;92;30;3,4;2,1;
2026/08/04;2100 UTC;0;1014,3;1014,3;1014;70,5;18,1;17,3;18,9;18,1;17,6;17,3;95;92;95;35;3,4;2,1;
2026/08/04;2200 UTC;0;1015;1015;1014,3;0;17,8;17,1;18,1;17,8;17,3;17;96;95;95;26;2,9;1,9;
2026/08/04;2300 UTC;0;1015,7;1015,7;1015;0;17;16,7;17,8;17;17,1;16,7;99;95;99;26;3;1,9;
2026/08/05;0000 UTC;0;1015,8;1015,8;1015,6;0;16,8;16,6;17;16,7;16,8;16,5;99;99;99;29;2,7;1,9;
2026/08/05;0100 UTC;,2;1015,5;1015,9;1015,5;0;16,5;16,4;16,8;16,5;16,6;16,4;100;99;100;26;2,2;1,9;
2026/08/05;0200 UTC;,2;1015,5;1015,7;1015,4;0;16,2;16,2;16,5;16,2;16,4;16,2;100;100;100;71;5;1,7;
2026/08/05;0300 UTC;0;1015,6;1015,6;1015,4;0;15,8;15,8;16,2;15,8;16,1;15,8;100;100;100;26;5,5;1,9;
2026/08/05;0400 UTC;0;1015;1015,5;1015;0;15,8;15,8;16;15,8;16;15,8;100;100;100;27;2;1,5;
2026/08/05;0500 UTC;0;1014,8;1015,2;1014,8;0;15,8;15,8;15,9;15,8;15,9;15,8;100;100;100;28;2,1;1,6;
2026/08/05;0600 UTC;0;1014,4;1014,8;1014,3;0;15,3;15,3;15,8;15,3;15,8;15,3;100;100;100;7;2;1,7;
2026/08/05;0700 UTC;0;1013,4;1014,4;1013,4;0;15,3;15,3;15,3;15,2;15,3;15,2;100;100;100;100;1,8;1,7;
2026/08/05;0800 UTC;0;1013,2;1013,4;1013,1;0;15,4;15,4;15,4;15,2;15,4;15,2;100;100;100;182;2;1,7;
2026/08/05;0900 UTC;0;1013,3;1013,3;1013,1;0;15,4;15,4;15,5;15,3;15,5;15,3;100;100;100;306;2;1,8;
2026/08/05;1000 UTC;0;1013,8;1013,8;1013,3;0;15,4;15,4;15,5;15,3;15,5;15,3;100;100;100;280;2,7;1,7;
2026/08/05;1100 UTC;0;1013,8;1013,9;1013,7;20,8;15,4;15,4;15,5;15,4;15,5;15,4;100;100;100;281;2;1,8;
2026/08/05;1200 UTC;0;1014,1;1014,1;1013,7;78,7;15,7;15,7;15,7;15,4;15,7;15,4;100;100;100;151;2;1;
2026/08/05;1300 UTC;0;1013,9;1014,2;1013,9;423,1;16,3;16,3;16,4;15,7;16,4;15,7;100;100;100;337;2;1,7;
2026/08/05;1400 UTC;0;1013,5;1013,9;1013,5;541;17;16,5;17,1;16,3;16,7;16,2;100;97;97;70;1,8;1,8;
2026/08/05;1500 UTC;0;1012,7;1013,5;1012,7;720,1;18,1;16,8;18,2;17;17;16,5;97;92;92;328;1,9;1,7;
2026/08/05;1600 UTC;0;1011,7;1012,7;1011,7;1101,4;19,5;17,4;19,7;18,1;17,8;16,7;93;86;87;103;1,9;1,7;
2026/08/05;1700 UTC;0;1010,5;1011,7;1010,4;1108,8;20,9;18,1;20,9;19,5;18,3;17,3;89;84;84;200;2;1,7;
2026/08/05;1800 UTC;0;1009,5;1010,7;1009,5;1313,5;21,9;18,4;22;20,3;18,8;17,9;87;81;81;291;1,9;1,7;
2026/08/05;1900 UTC;0;1009;1009,7;1008,9;1090;21,5;18,8;22,3;21,4;19;18,4;86;79;85;82;1,7;1,7;
2026/08/05;2000 UTC;0;1009,3;1009,3;1008,8;342,1;19,1;18;22;19,1;19,2;18;94;84;94;314;1,8;1,5;
2026/08/05;2100 UTC;,2;1009,9;1010;1009,2;20,8;17,8;17,6;19,1;17,8;18;17,6;99;94;99;309;1,9;1,9;
2026/08/05;2200 UTC;4,3;1009,6;1010,9;1009,6;0;17,5;17,5;17,8;17,5;17,7;17,5;100;99;100;324;3,4;1,7;
2026/08/05;2300 UTC;,4;1010,1;1010,1;1009,3;0;17,7;17,7;17,8;17,5;17,8;17,5;100;100;100;55;8;2,4;
2026/08/06;0000 UTC;0;1009,3;1010,1;1009;0;17,4;17,4;17,7;17,4;17,7;17,4;100;100;100;33;7,9;1,1;
2026/08/06;0100 UTC;0;1009,7;1009,7;1008,6;0;17,2;17,2;17,4;17,2;17,4;17,2;100;100;100;53;7,5;1,6;
2026/08/06;0200 UTC;0;1009,4;1009,9;1009,1;0;17,1;17,1;17,3;17,1;17,3;17,1;100;100;100;337;2;1,6;
2026/08/06;0300 UTC;0;1009,2;1009,5;1009;0;17,2;17,2;17,3;17,1;17,3;17,1;100;100;100;58;5,7;1,5;
2026/08/06;0400 UTC;0;1008,3;1009,3;1008,3;0;17,5;17,5;17,5;17,2;17,5;17,2;100;100;100;184;5,7;1,6;
2026/08/06;0500 UTC;0;1007,7;1008,3;1007,7;0;17,2;17,2;17,5;17,2;17,5;17,2;100;100;100;183;16,3;2,3;
2026/08/06;0600 UTC;0;1007;1007,8;1007;0;16,7;16,7;17,1;16,7;17,1;16,7;100;100;100;28;9,5;1,6;
2026/08/06;0700 UTC;0;1006,6;1006,9;1006,4;0;16,1;16,1;16,7;16,1;16,7;16,1;100;100;100;26;2;1,9;
2026/08/06;0800 UTC;0;1006,1;1006,6;1006;0;16,3;16,3;16,3;16,1;16,3;16,1;100;100;100;192;5,4;1,6;
2026/08/06;0900 UTC;,2;1005,8;1006,2;1005,8;0;16;16;16,3;16;16,3;16;100;100;100;303;14,6;1,6;
2026/08/06;1000 UTC;0;1006,3;1006,5;1005,8;0;16,2;16,2;16,2;16;16,2;16;100;100;100;337;5,5;1,7;
2026/08/06;1100 UTC;0;1006,3;1006,4;1006;43,6;16,5;16,5;16,5;16,2;16,5;16,2;100;100;100;24;2;1,2;
2026/08/06;1200 UTC;0;1006,1;1006,3;1006;184;17;17;17;16,4;17;16,4;100;100;100;176;2;1,8;
2026/08/06;1300 UTC;0;1005,9;1006,2;1005,9;757,9;17,9;17,9;18;17;18;17;100;100;100;179;9,3;1,4;
2026/08/06;1400 UTC;0;1005,1;1005,9;1005,1;1362,1;20,1;19,8;20,1;17,9;19,8;17,9;100;98;98;195;2;1,7;
2026/08/06;1500 UTC;0;1004;1005,1;1003,9;1557;22,1;19,9;22,1;19,9;20;19,2;97;86;88;182;6,8;1,5;
2026/08/06;1600 UTC;0;1001,9;1003,9;1001,9;2328,3;23,9;20,3;24,5;22,2;21,3;19,8;89;78;80;186;6,3;1,6;
2026/08/06;1700 UTC;0;999,7;1001,8;999,7;2022,8;26;20,4;26;23,9;20,8;19,7;82;70;71;182;5,2;1,7;
2026/08/06;1800 UTC;0;999,6;999,9;999,5;1273,1;25,2;20,1;26;25;20,5;18,9;74;69;73;183;4,1;1,7;
2026/08/06;1900 UTC;0;997,6;999,6;997,6;924,5;25,1;19,9;26;25,1;20,3;19,4;74;68;73;184;3,1;1,7;
2026/08/06;2000 UTC;0;996,1;997,6;996,1;208,6;24,2;20,1;25,1;24,2;20,2;19,7;78;73;78;173;1,9;1,7;
2026/08/06;2100 UTC;,8;994,1;996;993,8;5,8;23,3;20,5;24,3;23,3;20,5;19,8;84;76;84;183;1,9;1,6;
2026/08/06;2200 UTC;27,4;999;999;994,1;12,3;15,6;15,3;23;15,5;20,7;15,1;99;76;98;165;7,4;1,2;
2026/08/06;2300 UTC;4,3;997,5;999,8;997,5;0;15,5;15,3;15,6;15,5;15,3;15,1;99;97;99;9;7,9;2,5;
2026/08/07;0000 UTC;,4;998,1;998,4;996;0;15,6;15,2;15,6;15,4;15,3;15,1;99;97;97;80;13,1;2,4;
2026/08/07;0100 UTC;,2;999,4;999,4;997,8;0;16,8;14,7;16,8;15,6;15,2;14,6;97;87;88;275;7,1;,8;
2026/08/07;0200 UTC;0;999,7;999,8;999,3;0;16,8;14,7;16,9;16,7;14,9;14,6;89;87;87;77;2,7;,7;
2026/08/07;0300 UTC;0;1000,9;1001;999,7;,6;15,1;12,4;17;15,1;14,7;12,1;87;80;84;146;4,1;1,2;
2026/08/07;0400 UTC;0;1001,9;1001,9;1001,1;0;14,4;10,9;14,9;14,4;12;10,8;83;79;80;2;5;2,1;
2026/08/07;0500 UTC;0;1002,7;1002,7;1001,8;,1;13,1;9;14,4;13,1;11;8,8;82;73;76;23;6,1;2,8;
2026/08/07;0600 UTC;0;1003,7;1003,7;1002,7;0;12;9,2;13,1;12;9,2;8,5;83;76;83;36;6;3;
2026/08/07;0700 UTC;0;1004,6;1004,6;1003,6;0;11,8;8,4;12;11,7;9,2;8,3;83;79;80;54;4,7;1,9;
2026/08/07;0800 UTC;0;1005,5;1005,6;1004,6;0;11,3;8,1;11,8;11,3;8,5;7,5;81;75;81;19;4,9;2,5;
2026/08/07;0900 UTC;0;1007;1007;1005,6;0;10,7;7,8;11,4;10,7;8,1;7,5;83;79;82;39;6,6;2,7;
2026/08/07;1000 UTC;0;1008,4;1008,4;1006,9;0;10,1;7,6;10,8;10,1;8;7,1;86;79;84;36;4;1,5;
2026/08/07;1100 UTC;0;1009,4;1009,4;1008,4;81,7;10,4;7;10,4;10,1;7,6;6,8;85;79;80;190;3,4;,6;
2026/08/07;1200 UTC;0;1010,3;1010,3;1009,4;509,2;11,1;6,9;11,1;10,4;7,1;6,5;80;74;75;26;2,8;1,1;
2026/08/07;1300 UTC;0;1011,1;1011,1;1010,3;1460,4;11,8;5,7;11,9;11,2;7;5,5;75;65;66;51;5,3;1,8;
2026/08/07;1400 UTC;0;1011,6;1011,7;1011,1;1517,5;12,1;4,5;12,6;11,6;6,1;4,5;68;59;60;309;4,6;1,9;
2026/08/07;1500 UTC;0;1012;1012;1011,6;1924,6;12,1;3,8;13,1;11,6;5,6;3,8;63;54;57;71;4,8;1,9;
2026/08/07;1600 UTC;0;1011,3;1012,1;1011,3;2440;13,2;4,7;13,5;12,1;5,9;3,8;61;53;56;265;5,9;1,1;
2026/08/07;1700 UTC;0;1010,7;1011,4;1010,6;2220,9;13,6;5;14;13,2;5,3;3,7;58;52;56;36;5,4;2,2;
2026/08/07;1800 UTC;0;1010,3;1010,7;1010,2;2180,7;14;3,7;14,2;13,6;5,5;3,7;58;50;50;329;5,2;1,7;
2026/08/07;1900 UTC;0;1010,2;1010,5;1010,2;1558,6;14,2;4;14,5;13,9;5,4;3,7;55;50;50;156;4,8;,8;
2026/08/07;2000 UTC;0;1010,2;1010,3;1010,1;914;13,7;4,3;14,3;13,7;5,1;3,4;55;49;53;88;4,3;,9;
2026/08/07;2100 UTC;0;1010,5;1010,5;1010,2;203,7;11,5;5,8;13,7;11,5;6;4;68;52;68;27;2,3;,4;
2026/08/07;2200 UTC;0;1010,5;1010,6;1010,3;0;10,1;6,4;11,4;10,1;6,5;5,6;78;67;78;146;1,5;,7;
2026/08/07;2300 UTC;0;1010,7;1010,8;1010,5;0;9;6,6;10,2;9;6,6;5,9;85;76;85;161;3,1;,8;
2026/08/08;0000 UTC;0;1010,6;1010,8;1010,5;0;8,6;6;9;7,6;7;6;94;84;84;210;10,5;2,5;
2026/08/08;0100 UTC;0;1010,6;1010,6;1010,4;0;7,3;6,1;8,9;7,3;6,4;5,9;92;82;92;196;10;,8;
2026/08/08;0200 UTC;0;1010,5;1010,6;1010,3;0;7,3;6;8,2;7;6,3;5,8;93;86;92;102;14;4;
2026/08/08;0300 UTC;0;1010,1;1010,5;1010;0;6,5;6;7,4;6,5;6,1;5,8;96;90;96;64;11,9;2,7;
2026/08/08;0400 UTC;0;1010;1010,2;1010;0;5,7;5,5;6,1;5,7;5,8;5,5;99;98;99;62;12,6;,6;
2026/08/08;0500 UTC;0;1009,6;1010;1009,5;0;5,5;5;5,9;5,4;5,6;5;99;96;97;186;10,1;3,1;
2026/08/08;0600 UTC;0;1008,6;1009,6;1008,6;0;5;4,7;5,5;5;5,2;4,6;98;97;98;64;9,6;2,7;
2026/08/08;0700 UTC;0;1008,6;1008,8;1008,3;0;5,1;4,8;5,7;5,1;5,1;4,5;98;95;98;333;10,2;,9;
2026/08/08;0800 UTC;0;1008,5;1008,6;1008,4;0;4,8;4,7;5,2;4,7;4,9;4,4;99;98;99;188;8,9;1,5;
2026/08/08;0900 UTC;0;1008,9;1009,2;1008,5;0;5,1;4,7;5,3;4,7;5,2;4,6;100;97;97;132;10,3;1,5;
2026/08/08;1000 UTC;0;1008,7;1008,9;1008,4;0;5,7;5,3;5,7;5,1;5,4;4,7;99;97;98;141;9,9;1,4;
2026/08/08;1100 UTC;0;1008,2;1008,7;1008,2;83,2;6,3;6;6,3;5,6;6;5,3;99;98;98;31;10,3;1,6;
2026/08/08;1200 UTC;0;1007,9;1008,6;1007;304,4;8,4;7,2;8,4;6,3;7,3;6;98;93;93;89;11,5;2,2;
2026/08/08;1300 UTC;0;1008,1;1008,1;1007,6;427,6;9,7;7,8;9,7;8,3;8;6,9;93;87;88;40;10,1;1,2;
2026/08/08;1400 UTC;0;1006,5;1008,1;1006,5;681,7;11,1;8,2;11,1;9,8;8,5;7,5;90;80;82;201;11,8;1,2;
2026/08/08;1500 UTC;0;1006;1006,8;1006;1172,2;13,3;9,6;13,3;11,2;9,6;8;83;76;78;101;9,8;1,9;
2026/08/08;1600 UTC;0;1005,1;1006;1005,1;1340,7;14,9;10,1;14,9;13,4;10,4;9,2;80;72;73;90;7,2;,8;
2026/08/08;1700 UTC;0;1004,8;1005,2;1004,5;1967,9;15,4;9,9;16,1;14,8;11,3;9,7;77;68;70;27;9,6;2,4;
2026/08/08;1800 UTC;0;1004,9;1005;1004,7;1935,3;15,2;8;16,2;15;10,7;7,7;74;60;62;26;4,6;2,5;
2026/08/08;1900 UTC;0;1005,4;1005,5;1004,7;1338,4;15,4;8,1;16,1;15,3;8,8;7,2;64;57;62;29;5,8;2,4;
2026/08/08;2000 UTC;0;1006,6;1006,6;1005,4;554,7;14,5;7,9;15,5;14,5;8,8;7,2;66;59;64;29;6,6;2,4;
2026/08/08;2100 UTC;0;1007,4;1007,4;1006,6;182,6;12,6;8,3;14,6;12,6;8,4;7,6;75;63;75;27;3,1;2;
2026/08/08;2200 UTC;0;1008,1;1008,1;1007,4;,2;11,2;8,1;12,6;11,2;8,3;7,8;81;74;81;57;2,8;,5;
2026/08/08;2300 UTC;0;1009,3;1009,3;1008,1;0;11,7;7;12;11;8,2;6,7;82;70;73;275;6,4;1,7;
2026/08/09;0000 UTC;0;1010,2;1010,3;1009,3;0;11,8;7,1;11,8;10,7;7,2;6,8;79;72;73;128;6,4;,6;
2026/08/09;0100 UTC;0;1011,3;1011,3;1010,4;0;12;7,6;12,4;11,8;7,7;7;75;70;74;344;3,6;1,6;
2026/08/09;0200 UTC;0;1012,6;1012,6;1011,3;0;10,3;7,6;12;10,3;7,8;7,6;83;74;83;317;3,2;,7;
2026/08/09;0300 UTC;0;1013,7;1013,7;1012,6;0;9,3;6;10,3;9,1;7,6;6;86;78;80;355;4,4;1,9;
2026/08/09;0400 UTC;0;1014,2;1014,2;1013,7;0;8,9;4,5;9,3;8,8;6,1;4,5;82;74;74;26;3,4;2,3;
2026/08/09;0500 UTC;0;1014,4;1014,5;1014,2;0;7,5;4,3;8,9;7,5;4,6;4,1;81;73;80;7;3,9;1,2;
2026/08/09;0600 UTC;0;1014,9;1014,9;1014,3;0;6,9;3,6;7,4;6,7;4,2;3,5;83;78;80;323;7,3;1,9;
2026/08/09;0700 UTC;0;1015,7;1015,7;1014,8;0;6,8;3,1;7,2;6,7;3,6;3,1;80;76;77;64;2,4;,5;
2026/08/09;0800 UTC;0;1016,3;1016,3;1015,7;0;6,9;2,3;6,9;6,2;3,2;2,3;78;73;73;109;2,4;,6;
2026/08/09;0900 UTC;0;1017,4;1017,4;1016,4;0;7,2;1,9;7,3;6,8;2,4;1,7;73;68;69;198;2,3;,5;
2026/08/09;1000 UTC;0;1018,2;1018,2;1017,4;0;6,2;1,7;7,2;5,9;1,9;1,6;75;68;73;97;3,5;,6;
2026/08/09;1100 UTC;0;1018,9;1018,9;1018,2;152,9;7,7;1,8;7,7;6,2;2,2;1,5;73;66;66;39;1,5;,5;
2026/08/09;1200 UTC;0;1019,4;1019,4;1019;828,4;9,2;2,8;9,2;7,7;3;1,8;69;64;64;225;2,8;1,1;
2026/08/09;1300 UTC;0;1019,6;1019,6;1019,3;1573,9;11,1;2,8;11,1;9,3;3,9;2,3;67;55;56;38;4,9;1,8;
2026/08/09;1400 UTC;0;1019,3;1019,6;1019,3;2140,9;12;3;12,2;11,2;3,5;,8;59;47;54;27;5,1;2,3;
2026/08/09;1500 UTC;0;1019,1;1019,3;1019;2503,4;13,7;2;13,7;11,9;4,5;1,7;58;44;45;26;5,5;2,1;
2026/08/09;1600 UTC;0;1019,1;1019,3;1018,9;2585,4;14,1;3,1;14,1;13,3;3,3;,5;49;41;48;25;4,6;1,7;
2026/08/09;1700 UTC;0;1019,1;1019,2;1018,9;2380,5;14,4;2,8;14,8;13,9;3,5;,9;49;40;46;27;4,9;1,8;
2026/08/09;1800 UTC;0;1019,6;1019,6;1019,1;2216,7;14,8;2,1;15;14,3;3,5;1,3;47;40;42;29;4,9;2,2;
2026/08/09;1900 UTC;0;1019,8;1019,8;1019,6;1619,7;14,9;2,4;15,1;14,6;4;1,6;48;41;43;26;4,9;2;
2026/08/09;2000 UTC;0;1020,4;1020,4;1019,8;940,3;14,4;3,6;15;14,4;4,1;1,8;50;42;48;27;3,6;1,9;
2026/08/09;2100 UTC;0;1021,1;1021,1;1020,5;214,9;11,5;5,4;14,4;11,5;6;2,7;68;46;66;107;2,1;,7;
2026/08/09;2200 UTC;0;1021,9;1021,9;1021;0;9,3;5,5;11,4;9,2;7,5;4,8;86;64;77;101;2;,7;
2026/08/09;2300 UTC;0;1023;1023;1021,9;0;8,5;5,8;9,3;8,5;6,1;5,2;84;76;83;8;1,2;,7;
2026/08/10;0000 UTC;0;1023,8;1023,8;1023;0;7,1;5,9;8,5;7,1;6,2;5,6;93;82;93;94;4,9;,8;
2026/08/10;0100 UTC;0;1024,3;1024,3;1023,8;0;8,7;3,5;8,7;6,9;5,9;3,5;93;70;70;220;,8;,6;
2026/08/10;0200 UTC;0;1025;1025;1024,3;0;8,7;2,7;9,2;8,6;3,5;2,4;69;64;66;3;1,5;,6;
2026/08/10;0300 UTC;0;1025,5;1025,6;1025,1;0;8,1;2,9;8,6;8,1;3;2,3;70;65;70;9;2,1;,7;
2026/08/10;0400 UTC;0;1026,3;1026,3;1025,6;0;7,8;2,6;8,6;7,5;2,9;2,1;71;64;70;27;4;2,3;
2026/08/10;0500 UTC;0;1026,7;1026,7;1026,3;0;7,3;3,1;7,9;7,2;3,2;2,4;76;69;75;51;4,2;2,7;
2026/08/10;0600 UTC;0;1027,1;1027,2;1026,7;0;6,3;2,7;7,3;6,2;3,3;2,7;79;74;78;358;3,7;,8;
2026/08/10;0700 UTC;0;1027,8;1027,8;1027,1;0;5,8;2,8;6,3;5,8;2,8;2,6;80;77;80;307;1,9;,9;
2026/08/10;0800 UTC;0;1028,2;1028,2;1027,8;0;5,8;2,9;6,3;5,8;3,1;2,8;82;79;82;356;3,4;,9;
2026/08/10;0900 UTC;0;1028,7;1028,7;1028,1;0;5,3;2,9;5,8;5,2;3;2,9;85;82;84;336;2,5;1,1;
2026/08/10;1000 UTC;0;1029,4;1029,4;1028,7;0;5,2;3,1;5,4;5,2;3,1;2,9;86;84;86;326;1,9;,9;
2026/08/10;1100 UTC;0;1030,1;1030,1;1029,4;159,5;6,4;3,6;6,4;5,2;3,6;3,1;86;82;82;41;3,8;2,5;
2026/08/10;1200 UTC;0;1031;1031;1030,1;843,3;8;4,9;8;6,4;4,9;3,6;83;80;80;12;3,9;2,2;
2026/08/10;1300 UTC;0;1032,2;1032,2;1031,1;1524,7;10;6,3;10;8,1;6,3;4,8;82;76;77;33;5,1;2,3;
2026/08/10;1400 UTC;0;1032,4;1032,5;1032,2;2084,9;11,1;6,3;11,5;10,1;6,9;5,4;77;71;73;28;5,2;2;
2026/08/10;1500 UTC;0;1031,9;1032,3;1031,9;1796,7;12,1;6,9;12,1;10,9;6,9;5,7;74;68;71;28;3,4;1,7;
2026/08/10;1600 UTC;0;1031,5;1031,9;1031,5;2060,3;13;5,6;13,2;11,7;6,8;5,4;69;60;61;27;2,1;1,4;
2026/08/10;1700 UTC;0;1030,6;1031,5;1030,6;2146,2;13,2;5,6;13,4;12,1;6,4;5,2;65;59;60;29;5,2;1,5;
2026/08/10;1800 UTC;0;1030,2;1030,6;1030,2;1292,9;13,3;6,1;13,4;12,6;7,1;5,3;67;60;62;28;1,9;1,6;
2026/08/10;1900 UTC;0;1030,5;1030,5;1030,1;879,3;12,1;5,7;13,5;12,1;6,8;5,5;66;59;65;16;2,1;1,6;
2026/08/10;2000 UTC;0;1030,9;1031;1030,5;335,2;10,6;4,3;12,1;10,6;5,7;4,3;69;63;65;342;1,9;1,8;
2026/08/10;2100 UTC;0;1031,6;1031,6;1030,9;124,8;9,5;4,2;10,5;9,5;4,4;3,8;70;64;70;17;1,9;1,4;
2026/08/10;2200 UTC;0;1032,4;1032,4;1031,6;0;8,7;4,8;9,5;8,6;5;4,1;78;69;77;28;2;1,3;
2026/08/10;2300 UTC;0;1033;1033;1032,4;0;8,4;5;8,8;8,4;5;4,5;79;75;79;27;2;1,8;
2026/08/11;0000 UTC;0;1033;1033,1;1032,8;0;8,2;5,4;8,4;8;5,6;4,9;84;79;83;74;2,5;1,1;
2026/08/11;0100 UTC;0;1032,4;1033,3;1032,4;0;7,5;5,1;8;7,4;5,6;5;88;82;85;25;2,9;1,9;
2026/08/11;0200 UTC;0;1032,2;1032,6;1032,2;0;6,9;5,3;7,7;6,6;5,3;4,9;91;83;89;28;2,2;2;
2026/08/11;0300 UTC;0;1032,2;1032,2;1032,1;0;6,9;5,4;7,1;6,8;5,4;5,2;91;89;90;26;2,2;1,9;
2026/08/11;0400 UTC;0;1032;1032,1;1031,7;0;6,3;5,3;6,8;6,2;5,5;5,2;94;90;94;27;2,3;1,9;
2026/08/11;0500 UTC;0;1031,3;1032;1031,3;0;6,7;5,8;6,7;6,2;5,8;5,2;95;93;94;30;2,6;2;
2026/08/11;0600 UTC;0;1030,7;1031,4;1030,7;0;6,9;6;7,4;6,7;6,4;5,9;94;92;94;138;2,4;,6;
2026/08/11;0700 UTC;0;1030,2;1030,8;1030,2;0;5,5;5,2;6,8;5,4;6;5,1;99;94;98;139;2,9;1;
2026/08/11;0800 UTC;0;1030;1030,3;1030;0;5,9;5,9;5,9;5,1;5,9;4,9;100;98;100;31;2,5;2;
2026/08/11;0900 UTC;0;1029,9;1030;1029,7;0;5,5;5,4;6,2;5,4;6;5,3;99;98;99;34;3,2;1,9;
2026/08/11;1000 UTC;0;1030,2;1030,2;1029,9;0;5,3;5,3;5,5;5,3;5,5;5,2;100;99;100;20;3,4;1,9;
2026/08/11;1100 UTC;0;1030,6;1030,6;1030,1;179,2;6,4;6,3;6,4;5,3;6,3;5,3;100;99;99;183;3,3;1,1;
2026/08/11;1200 UTC;0;1031,1;1031,1;1030,6;786,3;8,9;7,7;8,9;6,5;7,7;6,3;99;92;92;8;5,2;2,4;
2026/08/11;1300 UTC;0;1031,1;1031,2;1030,8;1238,6;12,1;8,9;12,1;8,9;9,3;7,6;92;81;81;27;10,2;1,5;
2026/08/11;1400 UTC;0;1030,7;1031;1030,7;1469,9;13,6;9,2;13,6;12,1;9,6;8,4;82;73;74;311;1,9;1,7;
2026/08/11;1500 UTC;0;1030,2;1030,8;1030,2;2305,1;14,6;8,3;14,9;13,6;9,3;7,5;75;63;66;312;1,8;1,7;
2026/08/11;1600 UTC;0;1029,2;1030,1;1029,2;2263,9;15,1;8,1;15,5;14,2;8,9;7,7;68;62;63;314;1,9;1,5;
2026/08/11;1700 UTC;0;1028,1;1029,2;1028,1;2393,7;15,8;9;15,9;14,5;9,6;8;68;61;64;311;1,8;1,6;
2026/08/11;1800 UTC;0;1027,4;1028,1;1027,3;2043,3;15,3;8,6;15,8;15,2;9,4;8,3;67;62;64;311;1,8;1,6;
2026/08/11;1900 UTC;0;1027;1027,7;1027;1157,4;14,1;8,7;15,6;13,9;8,9;8,1;70;63;70;311;1,8;1,7;
2026/08/11;2000 UTC;0;1026,8;1027;1026,7;537,2;13,3;8,9;14,3;13,3;9,1;8,3;75;68;75;311;1,9;1,7;
2026/08/11;2100 UTC;0;1026,7;1026,8;1026,6;59,1;12,6;9,5;13,3;12,6;9,5;9;82;75;82;310;1,8;1,7;
2026/08/11;2200 UTC;0;1026,6;1026,7;1026,5;0;12,3;9,7;12,6;12,3;9,8;9,5;84;82;84;312;1,8;1,7;
2026/08/11;2300 UTC;0;1026,6;1026,7;1026,6;0;12,4;9,4;12,4;12,3;9,8;9,2;84;81;82;313;1,8;1,6;
2026/08/12;0000 UTC;0;1026,4;1026,6;1026,1;0;12,4;9,5;12,5;12,4;9,6;9,2;83;81;83;314;1,8;1,6;
2026/08/12;0100 UTC;0;1026,1;1026,3;1026,1;0;12,5;9,9;12,5;12,4;10;9,4;85;81;84;311;1,8;1,6;
2026/08/12;0200 UTC;0;1025,7;1026,2;1025,6;0;12,4;10;12,6;12,4;10;9,5;85;82;85;312;1,8;1,5;
2026/08/12;0300 UTC;0;1025,4;1025,6;1025,3;0;12,4;9,8;12,5;12,3;10,2;9,7;86;84;84;313;1,8;1,6;
2026/08/12;0400 UTC;0;1024,6;1025,4;1024,6;0;12,6;10;12,6;12,4;10;9,8;85;84;84;314;1,8;1,6;
2026/08/12;0500 UTC;0;1023,8;1024,5;1023,8;0;12,6;9,4;12,7;12,6;10;9,2;84;79;80;317;1,8;1,5;
2026/08/12;0600 UTC;0;1023;1023,8;1023;0;12,6;9,4;12,7;12,6;9,5;9,2;81;80;81;312;1,8;1,7;
2026/08/12;0700 UTC;0;1022,4;1023;1022,1;0;12,7;9,9;12,7;12,6;9,9;9,4;83;81;83;313;1,8;1,6;
2026/08/12;0800 UTC;0;1021,5;1022,4;1021,3;0;12,7;10,3;12,7;12,7;10,3;9,9;85;83;85;314;1,8;1,5;
2026/08/12;0900 UTC;0;1021;1021,5;1020,6;0;12,9;10,6;12,9;12,7;10,6;10,2;86;85;86;312;1,8;1,7;
2026/08/12;1000 UTC;0;1021,1;1021,1;1020,6;0;13;11,1;13;12,9;11,1;10,6;89;86;88;312;1,8;1,7;
2026/08/12;1100 UTC;0;1021;1021,3;1020,9;10,2;13,3;11,2;13,3;13;11,4;11,1;89;87;87;318;1,8;1,5;
2026/08/12;1200 UTC;0;1021,6;1021,7;1021;75,4;13,4;11,7;13,5;13,3;11,7;11,2;89;87;89;313;1,8;1,7;
2026/08/12;1300 UTC;0;1020,7;1021,8;1020,7;181,4;13,7;12,3;13,7;13,5;12,4;11,7;92;89;92;325;1,8;1,4;
2026/08/12;1400 UTC;0;1020,7;1020,8;1020,4;312;14,4;12,3;14,4;13,6;12,3;12;92;87;87;330;1,8;1,5;
2026/08/12;1500 UTC;0;1019,2;1020,7;1019,2;610,6;14,9;12,2;14,9;14,4;12,8;12,2;89;84;84;312;1,8;1,6;
2026/08/12;1600 UTC;0;1018,5;1019,2;1018,4;425,4;14,2;12,9;15,2;14,2;12,9;12,1;92;83;92;149;1,7;1,7;
2026/08/12;1700 UTC;,8;1017,3;1018,4;1017,3;364,8;14;13,4;14,2;14;13,4;12,9;96;92;96;328;1,8;1,4;
2026/08/12;1800 UTC;1,6;1016,8;1017,5;1016,8;292,9;13,9;13,7;14;13,8;13,7;13,4;99;96;99;310;1,8;1,6;
2026/08/12;1900 UTC;1,6;1016;1016,8;1015,8;184,9;13,7;13,7;13,9;13,7;13,7;13,6;100;99;100;43;1,8;,8;
2026/08/12;2000 UTC;1,6;1015,9;1015,9;1015,7;126,4;13,7;13,6;13,8;13,7;13,7;13,6;100;99;100;44;3,5;,9;
2026/08/12;2100 UTC;1,6;1015,5;1016;1015,5;21,1;13,6;13,6;13,7;13,5;13,6;13,5;100;100;100;315;1,8;1,5;
2026/08/12;2200 UTC;,6;1015,5;1015,8;1015,3;0;13,6;13,6;13,6;13,5;13,6;13,5;100;100;100;312;2;1,7;
2026/08/12;2300 UTC;1,2;1015,7;1016,4;1015,5;0;13,4;13,4;13,6;13,4;13,6;13,3;100;100;100;310;1,8;1,7;
2026/08/13;0000 UTC;1;1016,7;1016,9;1015,7;0;13;13;13,4;13;13,4;13;100;100;100;317;1,9;1,9;
2026/08/13;0100 UTC;,4;1017,6;1017,6;1016,4;0;12,8;12,7;13;12,8;13;12,7;100;99;99;312;3,5;1,8;
2026/08/13;0200 UTC;,2;1017,1;1017,6;1017,1;0;12,6;12,4;12,8;12,6;12,7;12,4;99;99;99;140;2,6;,9;
2026/08/13;0300 UTC;,2;1017,7;1018;1016,9;0;12,5;12,3;12,8;12,5;12,5;12,3;99;98;99;310;2,2;1,8;
2026/08/13;0400 UTC;,6;1017,6;1017,9;1017,6;0;12;11,9;12,5;12;12,4;11,9;99;99;99;310;3,3;1,8;
2026/08/13;0500 UTC;0;1017,1;1017,8;1017;0;12;11,8;12,1;11,9;11,9;11,6;99;98;98;309;2;1,8;
2026/08/13;0600 UTC;,6;1017,6;1017,9;1017,1;0;11,7;11,6;12,1;11,7;11,8;11,6;99;98;99;315;1,8;1,8;
2026/08/13;0700 UTC;1;1017,2;1018;1017,2;0;11,5;11,4;11,7;11,5;11,6;11,4;99;99;99;311;2;1,7;
2026/08/13;0800 UTC;,6;1017,1;1017,3;1017,1;0;11,4;11,1;11,6;11,4;11,5;11,1;99;98;98;316;1,9;1,7;
2026/08/13;0900 UTC;1,2;1017,4;1017,6;1017,1;,1;10,9;10,8;11,4;10,8;11,1;10,4;99;96;99;309;1,9;1,8;
2026/08/13;1000 UTC;,8;1018,3;1018,3;1017,5;0;11;10,9;11,1;11;11,1;10,9;100;99;100;14;2;1,5;
2026/08/13;1100 UTC;,4;1019,1;1019,1;1018,2;6,9;10,9;10,7;10,9;10,9;10,9;10,7;100;99;99;25;2,2;1,9;
2026/08/13;1200 UTC;,6;1019,6;1019,6;1019,1;50,5;11,9;11,9;11,9;10,9;11,9;10,7;100;99;100;316;2;1,8;
2026/08/13;1300 UTC;,6;1019,8;1019,9;1019,6;89,7;12;12;12,1;11,9;12;11,9;100;100;100;329;2;1,8;
2026/08/13;1400 UTC;1;1020,6;1020,6;1019,8;110,4;12,2;12,1;12,3;12;12,1;11,9;100;99;99;317;2;1,8;
2026/08/13;1500 UTC;1,2;1020,2;1020,6;1019,9;191,7;12;11,5;12,3;12;12,1;11,5;99;97;97;312;2;1,8;
2026/08/13;1600 UTC;1,2;1019,8;1020,2;1019,7;205,5;12;11,5;12;11,9;11,6;11,4;98;96;97;311;1,9;1,8;
2026/08/13;1700 UTC;1,6;1020,2;1020,3;1019,7;202;12,1;11,6;12,1;11,9;11,7;11,4;97;96;97;259;1,9;1,8;
2026/08/13;1800 UTC;,6;1019,4;1020,3;1019,4;239,3;12,1;11,6;12,2;12;11,9;11,6;98;97;97;309;1,9;1,7;
2026/08/13;1900 UTC;,4;1020,2;1020,2;1018,5;351,1;12,3;11,7;12,4;12;12;11,6;98;96;96;130;1,9;,8;
2026/08/13;2000 UTC;,2;1020,9;1020,9;1020,1;125,2;11,9;11,4;12,4;11,9;11,7;11,1;97;93;97;211;2;,9;
2026/08/13;2100 UTC;,2;1021,8;1021,8;1021;26,1;12;11,4;12;11,8;11,7;11,2;98;96;96;310;2,8;1,8;
2026/08/13;2200 UTC;0;1022,4;1022,4;1021,8;0;12,2;11,3;12,2;12;11,4;11,3;96;94;94;311;1,8;1,8;
2026/08/13;2300 UTC;0;1022,8;1022,8;1022,4;0;12,1;11,4;12,3;12;11,4;11,2;96;93;96;312;1,8;1,8;
2026/08/14;0000 UTC;0;1023,4;1023,5;1022,7;0;11,8;11,4;12,1;11,8;11,4;11,2;97;95;97;309;1,8;1,9;
2026/08/14;0100 UTC;,2;1023,2;1023,4;1023,2;0;11,6;11,6;11,8;11,6;11,6;11,4;100;98;100;16;2;1,5;
2026/08/14;0200 UTC;0;1022,9;1023,2;1022,9;0;11,6;11,6;11,6;11,6;11,6;11,5;100;100;100;9;1,9;1,7;
2026/08/14;0300 UTC;0;1022,6;1022,9;1022,5;0;11,6;11,6;11,6;11,5;11,6;11,5;100;100;100;27;2;1,7;
2026/08/14;0400 UTC;0;1022,7;1022,8;1022,6;0;11,7;11,7;11,7;11,6;11,7;11,6;100;100;100;28;2;1,8;
2026/08/14;0500 UTC;,2;1022,5;1022,8;1022,5;0;11,9;11,9;11,9;11,7;11,9;11,7;100;100;100;28;2;1,6;
2026/08/14;0600 UTC;,4;1022,1;1022,5;1022,1;0;12,3;12,3;12,4;12;12,4;12;100;100;100;312;2;1,9;
2026/08/14;0700 UTC;,4;1021,7;1022,1;1021,7;0;12,6;12,6;12,6;12,3;12,6;12,3;100;100;100;205;1,8;1,5;
2026/08/14;0800 UTC;0;1021,9;1021,9;1021,6;0;12,8;12,8;12,8;12,6;12,8;12,6;100;100;100;312;1,8;1,5;
2026/08/14;0900 UTC;0;1022,3;1022,3;1021,8;0;12,9;12,8;12,9;12,8;12,8;12,8;100;99;99;312;1,8;1,6;
2026/08/14;1000 UTC;0;1022,9;1023;1022,3;0;13;12,7;13;12,9;12,8;12,7;99;98;98;323;1,8;1,6;
2026/08/14;1100 UTC;0;1023,2;1023,2;1022,9;49;13,5;12,6;13,5;13;12,7;12,6;98;95;95;319;1,8;1,5;
2026/08/14;1200 UTC;0;1023,8;1023,8;1023,2;196,9;14,3;12,7;14,3;13,5;12,8;12,6;95;90;90;319;1,8;1,5;
2026/08/14;1300 UTC;0;1024,1;1024,2;1023,8;544,3;15,3;12,7;15,3;14,3;12,8;12,3;90;84;85;334;1,7;1,5;
2026/08/14;1400 UTC;0;1024,2;1024,4;1024,1;739,4;15,6;12,8;15,7;15,3;13;12,4;85;82;83;315;1,8;1,6;
2026/08/14;1500 UTC;0;1024,4;1024,4;1024;1085,1;16,2;12,9;16,2;15,4;13,7;12,7;90;80;81;303;1,7;1,6;
2026/08/14;1600 UTC;0;1023,3;1024,4;1023,3;1174,3;16,5;12,6;16,6;16,1;13,1;12,5;81;77;77;308;1,7;1,5;
2026/08/14;1700 UTC;0;1022,4;1023,7;1022,4;968,1;17;12,2;17,1;16,5;13;12,2;80;74;74;132;1,8;1,6;
2026/08/14;1800 UTC;0;1022,1;1022,5;1022,1;1033,2;17;12,5;17,2;17;13;12,3;77;74;75;134;1,6;1,6;
2026/08/14;1900 UTC;0;1021,8;1022,1;1021,8;689,2;16,5;12,8;17,1;16,5;12,9;12;79;73;79;57;1,7;1,7;
2026/08/14;2000 UTC;0;1021,9;1021,9;1021,7;261,1;15,9;12,9;16,5;15,9;13;12,6;83;78;83;250;1,6;1,6;
2026/08/14;2100 UTC;0;1021,5;1022;1021,5;39,4;15,6;12,9;15,9;15,6;13,1;12,9;85;83;84;311;1,7;1,5;
2026/08/14;2200 UTC;0;1021,5;1021,6;1021,4;,4;15,3;13,2;15,6;15,3;13,2;12,9;88;84;87;334;1,7;1,4;
2026/08/14;2300 UTC;0;1021,1;1021,6;1021,1;0;15,2;13,1;15,4;15,2;13,2;13,1;88;87;87;95;1,7;1,5;
2026/08/15;0000 UTC;0;1021,8;1021,8;1021,1;0;15,5;13,3;15,5;15,1;13,3;13,1;88;87;87;340;1,7;1,6;
2026/08/15;0100 UTC;0;1021,6;1022;1021,6;0;15,4;13,4;15,5;15,4;13,5;13,3;88;87;88;292;1,7;1,6;
2026/08/15;0200 UTC;0;1021,8;1021,8;1021,6;0;15,7;13,3;15,7;15,3;13,4;13,2;88;85;85;80;1,7;1,6;
2026/08/15;0300 UTC;0;1022,1;1022,1;1021,6;0;15,6;13,2;15,7;15,6;13,3;13,2;86;85;86;42;1,7;1,7;
2026/08/15;0400 UTC;0;1022,1;1022,3;1022,1;0;15,7;13,3;15,7;15,6;13,3;13,2;86;85;86;358;1,7;1,6;
2026/08/15;0500 UTC;0;1021,6;1022,1;1021,6;0;15,7;13,5;15,7;15,7;13,5;13,3;87;86;87;329;1,7;1,5;
2026/08/15;0600 UTC;0;1020,9;1021,6;1020,9;0;15,5;13,9;15,7;15,5;13,9;13,5;90;87;90;351;1,8;1,5;
2026/08/15;0700 UTC;0;1020,3;1020,9;1020,3;0;15,7;13,9;15,7;15,5;14;13,8;90;89;89;105;1,7;1,6;
2026/08/15;0800 UTC;0;1020;1020,4;1020;0;15,7;14;15,7;15,6;14;13,9;90;89;89;33;1,6;1,7;
2026/08/15;0900 UTC;0;1019,6;1020;1019,5;0;15,6;14,1;15,8;15,6;14,1;13,9;91;89;91;108;1,7;1,7;
2026/08/15;1000 UTC;0;1019,4;1019,6;1019,3;0;15,9;14,2;15,9;15,6;14,2;14,1;91;90;90;76;1,4;1,7;
2026/08/15;1100 UTC;0;1020,1;1020,1;1019,4;25,8;16,1;14,2;16,2;15,9;14,3;14,1;90;87;88;143;1,4;1,7;
2026/08/15;1200 UTC;0;1020,6;1020,6;1020,1;101,1;15,6;14,7;16,1;15,6;14,7;14,2;95;89;94;190;1,5;1,7;
2026/08/15;1300 UTC;0;1020,7;1020,7;1020,6;199,5;16,1;14,4;16,1;15,6;14,7;14,3;94;89;89;218;1,4;1,7;
2026/08/15;1400 UTC;0;1020,7;1020,7;1020,6;249,6;16,7;14,3;16,7;16,1;14,5;14,2;90;85;86;353;1,8;1,7;
2026/08/15;1500 UTC;0;1019,9;1020,7;1019,9;530,5;17,1;14,4;17,1;16,7;14,6;14,2;86;84;84;119;1,5;1,7;
2026/08/15;1600 UTC;,2;1018,7;1019,9;1018,7;602,8;16,8;15;17,1;16,8;15;14,4;89;84;89;330;1,5;1,7;
2026/08/15;1700 UTC;0;1017,4;1018,7;1017,4;801,8;17,4;15,4;17,5;16,8;15,4;15;90;87;88;304;1,4;1,7;
2026/08/15;1800 UTC;0;1016,7;1017,6;1016,7;488,3;17;15,9;17,3;17;15,9;15,3;93;88;93;66;1,4;1,7;
2026/08/15;1900 UTC;0;1016,3;1016,7;1016,2;339,8;16,7;16,1;17,1;16,7;16,2;15,8;97;92;96;48;1,7;1,6;
2026/08/15;2000 UTC;0;1015,5;1016,3;1015,3;202,5;16,9;16,1;17;16,7;16,3;16,1;97;95;95;235;1,7;1,7;
2026/08/15;2100 UTC;0;1015,6;1015,6;1015,1;29;16,9;16,2;17,1;16,9;16,2;16;96;94;96;46;1,4;1,7;
2026/08/15;2200 UTC;0;1015,5;1015,8;1015,5;0;16,7;16,3;16,9;16,7;16,3;16,2;97;95;97;327;1,6;1,7;
2026/08/15;2300 UTC;0;1015,6;1015,6;1015,3;0;17;16,1;17;16,7;16,3;16,1;97;94;95;297;1,7;1,7;
2026/08/16;0000 UTC;0;1015,5;1015,8;1015,4;0;17,2;16,1;17,2;17;16,1;16;95;93;93;147;1,7;1,7;
2026/08/16;0100 UTC;0;1015,5;1015,7;1015,2;0;17,1;16,2;17,2;17;16,2;16,1;94;93;94;327;1,4;1,7;
2026/08/16;0200 UTC;0;1015,3;1015,7;1015,2;0;17,1;16,4;17,2;17;16,4;16,2;96;95;96;83;1,7;1,7;
2026/08/16;0300 UTC;0;1015,2;1015,3;1014,8;0;17,1;16,5;17,1;17;16,5;16,4;97;96;97;232;1,4;1,7;
2026/08/16;0400 UTC;0;1014,9;1015,1;1014,9;0;17,1;16,8;17,1;17;16,8;16,6;98;97;98;69;1,6;1,7;
2026/08/16;0500 UTC;0;1014,6;1014,9;1014,6;0;17,4;16,9;17,4;17,1;16,9;16,7;98;97;97;264;1,7;1,7;
2026/08/16;0600 UTC;0;1013,7;1014,6;1013,7;0;17,5;16,9;17,5;17,4;16,9;16,9;97;97;97;304;1,4;1,7;
2026/08/16;0700 UTC;0;1012,4;1013,7;1012,4;0;17,2;16,8;17,5;17,2;16,9;16,8;98;97;98;293;1,7;1,7;
2026/08/16;0800 UTC;,8;1012,6;1013,4;1012,1;0;17,1;17;17,3;17,1;17;16,8;99;98;99;264;1,8;1,7;
2026/08/16;0900 UTC;1,4;1012,7;1013;1011,6;0;17,3;17,1;17,4;17,1;17,2;16,9;99;98;99;191;3,4;1,7;
2026/08/16;1000 UTC;1,2;1012,4;1012,6;1011,5;0;17,4;17,2;17,4;17,1;17,2;17;99;99;99;200;1,9;1,7;
2026/08/16;1100 UTC;7,3;1012,7;1013,9;1012,3;1,2;16,6;16,6;17,4;16,6;17,4;16,6;100;99;100;306;2,1;1,6;
2026/08/16;1200 UTC;6,9;1014,2;1014,3;1012,4;1,6;17,1;17,1;17,1;16,6;17,1;16,6;100;100;100;60;1,8;1,7;
2026/08/16;1300 UTC;4,5;1013,6;1014,8;1013,3;10,3;17,2;17,2;17,3;17,1;17,3;17,1;100;100;100;121;1,9;1,6;
2026/08/16;1400 UTC;3,5;1014,9;1015,1;1013,1;46,7;18;18;18;17,2;18;17,2;100;100;100;186;4,2;1,5;
2026/08/16;1500 UTC;9,6;1013,9;1015,6;1013,9;64,2;18,6;18,4;18,6;18;18,4;18;100;99;99;195;3,8;1,7;
2026/08/16;1600 UTC;3,3;1014,6;1015;1013,9;151;18,8;18,5;18,9;18,6;18,5;18,3;98;96;98;189;5,5;1,7;
2026/08/16;1700 UTC;6,3;1013,5;1014,6;1013,4;83,2;18,6;18,4;18,8;18,5;18,5;18,3;99;98;99;202;3,1;1,7;
2026/08/16;1800 UTC;4,5;1013,1;1013,8;1013;87,5;18,6;18,3;18,8;18,6;18,4;18,3;99;97;98;217;2,6;1,7;
2026/08/16;1900 UTC;3,9;1012,4;1013,4;1011,8;71;18,2;17,7;18,6;18,1;18,3;17,7;98;97;97;169;1,8;1,7;
2026/08/16;2000 UTC;1,2;1010,8;1012,5;1010,1;126,6;18;17,4;18,2;18;17,7;17,4;97;96;96;170;1,6;1,7;
2026/08/16;2100 UTC;0;1012,2;1012,2;1010,9;15,5;17,8;17,4;18;17,8;17,4;17,2;98;96;98;158;1,6;1,7;
2026/08/16;2200 UTC;,8;1012,2;1012,4;1012;,5;17,7;17,6;17,8;17,6;17,6;17,4;100;98;100;167;1,4;1,7;
2026/08/16;2300 UTC;0;1011,6;1012,3;1011,5;0;17,6;17,6;17,8;17,6;17,7;17,6;100;99;100;354;1,3;1,7;
2026/08/17;0000 UTC;0;1011,5;1011,6;1011,4;0;17,5;17,5;17,6;17,5;17,6;17,5;100;100;100;154;1,4;1,7;
2026/08/17;0100 UTC;0;1011,4;1011,6;1011,4;0;17,4;17,4;17,5;17,4;17,5;17,4;100;100;100;313;1,5;1,7;
2026/08/17;0200 UTC;0;1011;1011,3;1010,9;0;17,4;17,4;17,5;17,4;17,5;17,4;100;100;100;273;1,5;1,7;
2026/08/17;0300 UTC;0;1010,8;1011,2;1010,8;0;17,3;17,3;17,4;17,3;17,4;17,3;100;100;100;231;1,8;1,7;
2026/08/17;0400 UTC;0;1010,9;1011;1010,8;0;17,3;17,3;17,3;17,2;17,3;17,2;100;100;100;171;1,9;1,7;
2026/08/17;0500 UTC;0;1010,7;1010,9;1010,6;0;17,3;17,3;17,3;17,3;17,3;17,3;100;100;100;267;2;1,7;
2026/08/17;0600 UTC;,6;1010,6;1011;1010,5;0;17,3;17,3;17,3;17,3;17,3;17,3;100;100;100;113;2;1,7;
2026/08/17;0700 UTC;10,6;1012,5;1013,1;1009,9;0;17,9;17,9;17,9;17,1;17,9;17,1;100;100;100;209;5,4;1,5;
2026/08/17;0800 UTC;4,3;1008,7;1012,5;1008,7;,2;19,3;19;19,3;18,5;19,3;18,5;100;98;98;182;8,2;1,7;
2026/08/17;0900 UTC;0;1008,4;1009;1008,3;,3;18,2;18,1;19,3;18,2;19,1;18,1;99;98;99;187;3,1;1,7;
2026/08/17;1000 UTC;0;1009,5;1009,5;1008,4;0;17,9;17,8;18,2;17,9;18,1;17,7;100;99;99;163;2;1,7;
2026/08/17;1100 UTC;0;1011,8;1011,8;1009,5;6,1;17,7;17,7;17,8;17,7;17,7;17,6;100;99;100;28;1,9;1,6;
2026/08/17;1200 UTC;4,5;1015,1;1015,1;1011,8;19,2;18,3;18,3;18,3;17,7;18,3;17,7;100;99;100;28;3,2;2,2;
2026/08/17;1300 UTC;8,6;1015,7;1015,7;1014,4;55,3;18,1;18,1;18,3;18,1;18,3;18;100;100;100;28;4,9;1,5;
2026/08/17;1400 UTC;4,5;1014,9;1015,8;1014,9;125,9;18,4;18,4;18,4;18,1;18,4;18,1;100;100;100;345;12,2;1,7;
2026/08/17;1500 UTC;,4;1014,2;1014,8;1014;206,8;18,6;18,6;18,7;18,4;18,7;18,4;100;100;100;283;1,8;1,7;
2026/08/17;1600 UTC;1,4;1014,6;1014,7;1014,2;126,6;18,5;18,5;18,6;18,5;18,6;18,5;100;100;100;12;2;1,5;
2026/08/17;1700 UTC;1,4;1012,9;1014,8;1012,9;148,7;18,5;18,5;18,5;18,4;18,5;18,4;100;100;100;242;2;1,7;
2026/08/17;1800 UTC;0;1011,7;1012,9;1011,7;308,9;18,5;18,5;18,7;18,4;18,7;18,4;100;100;100;59;1,7;1,7;
2026/08/17;1900 UTC;0;1012,5;1012,5;1011,7;255,5;18,5;18,1;18,5;18,2;18,5;17,9;100;97;97;186;1,9;1,7;
2026/08/17;2000 UTC;0;1012,1;1012,7;1012,1;467,5;19;17,6;19,1;18,6;18,2;17,6;97;92;92;239;1,9;1,7;
2026/08/17;2100 UTC;0;1012;1012,2;1011,8;164,9;18,6;17,6;19,1;18,6;17,7;17,6;94;91;94;184;1,9;1,7;
2026/08/17;2200 UTC;0;1012,2;1012,2;1011,8;,7;18,4;17,4;18,6;18,4;17,7;17,4;95;93;94;187;1,9;1,7;
2026/08/17;2300 UTC;0;1012,7;1012,7;1012,1;0;18;17,1;18,4;18;17,4;17,1;95;93;94;182;2;1,7;
2026/08/18;0000 UTC;0;1013,2;1013,3;1012,6;0;17,1;16,9;18;16,8;17,1;16,5;99;95;99;314;2;1,9;
2026/08/18;0100 UTC;0;1013,5;1013,5;1012,9;0;17,4;17,2;17,5;17,2;17,3;16,9;99;97;99;326;1,9;1,7;
2026/08/18;0200 UTC;0;1013,3;1013,9;1013;0;17,4;17,2;17,6;17,4;17,4;17,2;99;98;99;336;2;1,8;
2026/08/18;0300 UTC;,2;1012,5;1013,2;1012,3;0;17,1;17,1;17,4;17,1;17,2;17;100;99;100;309;2;1,8;
2026/08/18;0400 UTC;0;1013,7;1014;1012,5;0;16,9;16,8;17,1;16,9;17;16,8;100;100;100;29;1,9;1,2;
2026/08/18;0500 UTC;4,5;1014,3;1015,6;1012,6;,1;17,2;17;17,3;16,9;17;16,8;100;97;99;0;4,2;1,7;
2026/08/18;0600 UTC;,4;1015;1015,2;1013,9;0;17,5;17,5;17,5;17,1;17,5;17;100;99;100;41;9,3;1;
2026/08/18;0700 UTC;1,8;1012,1;1015;1012,1;0;17,4;17,4;17,5;17,3;17,5;17,3;100;100;100;148;6,5;1,7;
2026/08/18;0800 UTC;0;1012,3;1013,2;1012,1;0;17,8;17,3;18,2;17,5;17,5;17,2;100;95;97;160;2,6;1,8;
2026/08/18;0900 UTC;1;1013,2;1014,1;1012,3;0;17,5;17,3;17,9;17,5;17,4;17,3;99;96;99;194;7,7;1,7;
2026/08/18;1000 UTC;,2;1014,3;1014,5;1012,8;0;17,4;17,2;17,5;17,3;17,3;17,1;99;98;99;167;7,5;1,5;
2026/08/18;1100 UTC;19,8;1014,7;1014,8;1013,5;2,4;17,3;17,3;17,4;17,3;17,3;17,2;100;99;100;180;7;1,3;
2026/08/18;1200 UTC;5,7;1015,2;1015,7;1014,2;33,2;17,4;17,4;17,4;17,2;17,4;17,2;100;100;100;190;8,9;1,7;
2026/08/18;1300 UTC;0;1014,9;1016,2;1014,9;359,2;18;17,9;18,1;17,4;18;17,4;100;99;99;317;5,2;1,8;
2026/08/18;1400 UTC;1,8;1015,8;1015,8;1014,8;368,5;18,5;18,2;18,5;18,1;18,3;17,9;99;99;99;191;1,9;1,7;
2026/08/18;1500 UTC;0;1015,9;1016;1014,7;618,1;19;18,6;19,2;18,5;18,8;18,2;99;97;97;178;3,2;1,6;
2026/08/18;1600 UTC;5,7;1014,4;1016,5;1014;477,7;19,5;19,4;19,5;18,4;19,4;18,3;100;97;99;16;6,7;1,8;
2026/08/18;1700 UTC;0;1014,2;1014,4;1014;1026,1;19,7;19,1;20;19,5;19,7;19;99;96;96;193;3,4;1,5;
2026/08/18;1800 UTC;,8;1013,7;1014,3;1013,5;256,9;19,1;18,8;19,7;19;19,2;18,8;99;96;99;340;2;1,7;
2026/08/18;1900 UTC;,2;1014,2;1014,2;1013,4;412,3;19;18,8;19,1;18,9;19;18,7;99;98;99;24;1,9;1,4;
2026/08/18;2000 UTC;0;1014,9;1014,9;1013,7;136,4;17,6;17,5;19,1;17,6;18,9;17,5;99;98;99;30;2;1,4;
2026/08/18;2100 UTC;2,2;1015,4;1016,1;1014,9;12,7;16,4;16,4;17,6;16,4;17,4;16,4;100;99;100;27;1,9;1;
2026/08/18;2200 UTC;1;1017,6;1018;1015,5;,9;15,6;15,6;16,4;15,6;16,4;15,5;100;100;100;26;3,1;1,9;
2026/08/18;2300 UTC;5,7;1017;1017,4;1016,3;0;15;15;15,6;15;15,5;15;100;100;100;265;2;1,5;
2026/08/19;0000 UTC;0;1017,3;1017,3;1016,2;0;14,9;14,9;15;14,9;15;14,8;100;100;100;17;1,9;1,5;
2026/08/19;0100 UTC;0;1018,5;1018,8;1017,2;0;14,6;14,5;14,9;14,6;14,8;14,5;100;99;100;27;2;1,3;
2026/08/19;0200 UTC;,4;1018,7;1018,8;1018,4;0;14,4;14,4;14,6;14,4;14,6;14,4;100;100;100;314;1,9;,9;
2026/08/19;0300 UTC;,2;1018,4;1019,2;1018,4;0;14,3;14,3;14,4;14,2;14,4;14,2;100;100;100;314;1,9;,9;
2026/08/19;0400 UTC;,2;1018,7;1018,7;1018,5;0;14,1;14,1;14,3;14,1;14,3;14,1;100;100;100;314;1;,9;
2026/08/19;0500 UTC;0;1018,7;1018,7;1018,4;0;14,1;14,1;14,2;14,1;14,2;14,1;100;100;100;314;1;,9;
2026/08/19;0600 UTC;,2;1018,5;1018,8;1018,4;0;13,8;13,8;14,3;13,8;14,3;13,8;100;100;100;313;1,9;,9;
2026/08/19;0700 UTC;0;1018,6;1018,9;1018,2;,1;13,5;13,5;13,8;13,5;13,8;13,5;100;100;100;314;1,9;,9;
2026/08/19;0800 UTC;0;1018,6;1018,8;1018,3;0;13,3;13,3;13,6;13,3;13,6;13,3;100;100;100;28;2;1,6;
2026/08/19;0900 UTC;,2;1019,4;1019,4;1018,4;0;13,4;13,4;13,5;13,3;13,5;13,3;100;100;100;28;2;1,2;
2026/08/19;1000 UTC;0;1020,6;1020,6;1019,3;0;13,2;13,2;13,4;13,2;13,4;13,2;100;100;100;16;2;1,7;
2026/08/19;1100 UTC;0;1021;1021;1020,5;46,3;13,3;13,3;13,3;13,2;13,3;13,2;100;100;100;332;2;1,8;
2026/08/19;1200 UTC;0;1021,5;1021,5;1021;129;13,4;13,4;13,5;13,3;13,5;13,3;100;100;100;335;1,9;1,8;
2026/08/19;1300 UTC;0;1021,9;1022;1021,5;261,5;13,6;13,4;13,7;13,4;13,7;13,4;100;98;98;345;2;1,9;
2026/08/19;1400 UTC;0;1021,9;1021,9;1021,6;414,6;13,9;13,8;14;13,7;13,9;13,5;99;98;99;333;1,9;1,8;
2026/08/19;1500 UTC;,2;1021,7;1021,9;1021,7;334,8;13,9;13,8;14;13,9;14;13,8;100;99;100;311;1,9;1,7;
2026/08/19;1600 UTC;0;1020,8;1021,7;1020,8;553,6;14;13,8;14,2;13,8;14,1;13,8;100;99;99;312;1,9;1,7;
2026/08/19;1700 UTC;0;1020,3;1020,9;1020,2;428,7;13,8;13,5;14,3;13,8;14,2;13,4;100;97;98;312;1,8;1,7;
2026/08/19;1800 UTC;,2;1020,1;1020,3;1020;429,6;13,9;13,5;14;13,7;13,7;13,3;99;97;97;311;1,8;1,8;
2026/08/19;1900 UTC;0;1020,2;1020,4;1020,1;362,7;13,9;13,5;14,1;13,8;13,7;13,3;98;96;97;311;1,9;1,8;
2026/08/19;2000 UTC;0;1020,2;1020,4;1020,1;140,1;13,7;13,5;14;13,7;13,7;13,5;99;97;99;311;1,9;1,8;
2026/08/19;2100 UTC;,6;1019,3;1020,3;1019,2;28,5;13,7;13,7;13,8;13,7;13,7;13,5;100;99;100;313;1,8;1,6;
2026/08/19;2200 UTC;,2;1019,7;1019,9;1019,1;0;14;14;14;13,7;14;13,7;100;100;100;311;1,8;1,8;
2026/08/19;2300 UTC;0;1019,5;1019,7;1019,4;0;14,3;14,2;14,3;14;14,2;14;100;99;99;309;1,8;1,9;
2026/08/20;0000 UTC;1,8;1020,3;1020,4;1019,3;0;14,4;14,3;14,4;14,2;14,3;14;100;99;100;232;2;1,7;
2026/08/20;0100 UTC;3,1;1019,5;1020,3;1019,5;0;14,3;14,3;14,4;14,3;14,3;14,3;100;100;100;257;7,9;1,7;
2026/08/20;0200 UTC;;;;;;;;;;;;;;;;;;
2026/08/20;0300 UTC;;;;;;;;;;;;;;;;;;
2026/08/20;0400 UTC;;;;;;;;;;;;;;;;;;
2026/08/20;0500 UTC;;;;;;;;;;;;;;;;;;
2026/08/20;0600 UTC;;;;;;;;;;;;;;;;;;
2026/08/20;0700 UTC;;;;;;;;;;;;;;;;;;
2026/08/20;0800 UTC;;;;;;;;;;;;;;;;;;
2026/08/20;0900 UTC;;;;;;;;;;;;;;;;;;
2026/08/20;1000 UTC;;;;;;;;;;;;;;;;;;
2026/08/20;1100 UTC;;;;;;;;;;;;;;;;;;
2026/08/20;1200 UTC;;;;;;;;;;;;;;;;;;
2026/08/20;1300 UTC;;;;;;;;;;;;;;;;;;
2026/08/20;1400 UTC;;;;;;;;;;;;;;;;;;
2026/08/20;1500 UTC;;;;;;;;;;;;;;;;;;
2026/08/20;1600 UTC;;;;;;;;;;;;;;;;;;
2026/08/20;1700 UTC;;;;;;;;;;;;;;;;;;
2026/08/20;1800 UTC;;;;;;;;;;;;;;;;;;
2026/08/20;1900 UTC;;;;;;;;;;;;;;;;;;
2026/08/20;2000 UTC;;;;;;;;;;;;;;;;;;
2026/08/20;2100 UTC;;;;;;;;;;;;;;;;;;
2026/08/20;2200 UTC;;;;;;;;;;;;;;;;;;
2026/08/20;2300 UTC;;;;;;;;;;;;;;;;;;
2026/08/21;0000 UTC;;;;;;;;;;;;;;;;;;
2026/08/21;0100 UTC;;;;;;;;;;;;;;;;;;
2026/08/21;0200 UTC;;;;;;;;;;;;;;;;;;
2026/08/21;0300 UTC;;;;;;;;;;;;;;;;;;
2026/08/21;0400 UTC;;;;;;;;;;;;;;;;;;
2026/08/21;0500 UTC;;;;;;;;;;;;;;;;;;
2026/08/21;0600 UTC;;;;;;;;;;;;;;;;;;
2026/08/21;0700 UTC;;;;;;;;;;;;;;;;;;
2026/08/21;0800 UTC;;;;;;;;;;;;;;;;;;
2026/08/21;0900 UTC;;;;;;;;;;;;;;;;;;
2026/08/21;1000 UTC;;;;;;;;;;;;;;;;;;
2026/08/21;1100 UTC;;;;;;;;;;;;;;;;;;
2026/08/21;1200 UTC;;;;;;;;;;;;;;;;;;
2026/08/21;1300 UTC;;;;;;;;;;;;;;;;;;
2026/08/21;1400 UTC;;;;;;;;;;;;;;;;;;
2026/08/21;1500 UTC;;;;;;;;;;;;;;;;;;
2026/08/21;1600 UTC;;;;;;;;;;;;;;;;;;
2026/08/21;1700 UTC;;;;;;;;;;;;;;;;;;
2026/08/21;1800 UTC;;;;;;;;;;;;;;;;;;
2026/08/21;1900 UTC;;;;;;;;;;;;;;;;;;
2026/08/21;2000 UTC;;;;;;;;;;;;;;;;;;
2026/08/21;2100 UTC;;;;;;;;;;;;;;;;;;
2026/08/21;2200 UTC;;;;;;;;;;;;;;;;;;
2026/08/21;2300 UTC;;;;;;;;;;;;;;;;;;
2026/08/22;0000 UTC;;;;;;;;;;;;;;;;;;
2026/08/22;0100 UTC;;;;;;;;;;;;;;;;;;
2026/08/22;0200 UTC;;;;;;;;;;;;;;;;;;
2026/08/22;0300 UTC;;;;;;;;;;;;;;;;;;
2026/08/22;0400 UTC;;;;;;;;;;;;;;;;;;
2026/08/22;0500 UTC;;;;;;;;;;;;;;;;;;
2026/08/22;0600 UTC;;;;;;;;;;;;;;;;;;
2026/08/22;0700 UTC;;;;;;;;;;;;;;;;;;
2026/08/22;0800 UTC;;;;;;;;;;;;;;;;;;
2026/08/22;0900 UTC;;;;;;;;;;;;;;;;;;
2026/08/22;1000 UTC;;;;;;;;;;;;;;;;;;
2026/08/22;1100 UTC;;;;;;;;;;;;;;;;;;
2026/08/22;1200 UTC;;;;;;;;;;;;;;;;;;
2026/08/22;1300 UTC;;;;;;;;;;;;;;;;;;
2026/08/22;1400 UTC;;;;;;;;;;;;;;;;;;
2026/08/22;1500 UTC;;;;;;;;;;;;;;;;;;
2026/08/22;1600 UTC;;;;;;;;;;;;;;;;;;
2026/08/22;1700 UTC;;;;;;;;;;;;;;;;;;
2026/08/22;1800 UTC;;;;;;;;;;;;;;;;;;
2026/08/22;1900 UTC;;;;;;;;;;;;;;;;;;
2026/08/22;2000 UTC;;;;;;;;;;;;;;;;;;
2026/08/22;2100 UTC;;;;;;;;;;;;;;;;;;
2026/08/22;2200 UTC;;;;;;;;;;;;;;;;;;
2026/08/22;2300 UTC;;;;;;;;;;;;;;;;;;
2026/08/23;0000 UTC;;;;;;;;;;;;;;;;;;
2026/08/23;0100 UTC;;;;;;;;;;;;;;;;;;
2026/08/23;0200 UTC;;;;;;;;;;;;;;;;;;
2026/08/23;0300 UTC;;;;;;;;;;;;;;;;;;
2026/08/23;0400 UTC;;;;;;;;;;;;;;;;;;
2026/08/23;0500 UTC;;;;;;;;;;;;;;;;;;
2026/08/23;0600 UTC;;;;;;;;;;;;;;;;;;
2026/08/23;0700 UTC;;;;;;;;;;;;;;;;;;
2026/08/23;0800 UTC;;;;;;;;;;;;;;;;;;
2026/08/23;0900 UTC;;;;;;;;;;;;;;;;;;
2026/08/23;1000 UTC;;;;;;;;;;;;;;;;;;
2026/08/23;1100 UTC;;;;;;;;;;;;;;;;;;
2026/08/23;1200 UTC;;;;;;;;;;;;;;;;;;
2026/08/23;1300 UTC;;;;;;;;;;;;;;;;;;
2026/08/23;1400 UTC;;;;;;;;;;;;;;;;;;
2026/08/23;1500 UTC;;;;;;;;;;;;;;;;;;
2026/08/23;1600 UTC;;;;;;;;;;;;;;;;;;
2026/08/23;1700 UTC;;;;;;;;;;;;;;;;;;
2026/08/23;1800 UTC;;;;;;;;;;;;;;;;;;
2026/08/23;1900 UTC;;;;;;;;;;;;;;;;;;
2026/08/23;2000 UTC;;;;;;;;;;;;;;;;;;
2026/08/23;2100 UTC;;;;;;;;;;;;;;;;;;
2026/08/23;2200 UTC;;;;;;;;;;;;;;;;;;
2026/08/23;2300 UTC;;;;;;;;;;;;;;;;;;
2026/08/24;0000 UTC;;;;;;;;;;;;;;;;;;
2026/08/24;0100 UTC;;;;;;;;;;;;;;;;;;
2026/08/24;0200 UTC;;;;;;;;;;;;;;;;;;
2026/08/24;0300 UTC;;;;;;;;;;;;;;;;;;
2026/08/24;0400 UTC;;;;;;;;;;;;;;;;;;
2026/08/24;0500 UTC;;;;;;;;;;;;;;;;;;
2026/08/24;0600 UTC;;;;;;;;;;;;;;;;;;
2026/08/24;0700 UTC;;;;;;;;;;;;;;;;;;
2026/08/24;0800 UTC;;;;;;;;;;;;;;;;;;
2026/08/24;0900 UTC;;;;;;;;;;;;;;;;;;
2026/08/24;1000 UTC;;;;;;;;;;;;;;;;;;
2026/08/24;1100 UTC;;;;;;;;;;;;;;;;;;
2026/08/24;1200 UTC;;;;;;;;;;;;;;;;;;
2026/08/24;1300 UTC;;;;;;;;;;;;;;;;;;
2026/08/24;1400 UTC;;;;;;;;;;;;;;;;;;
2026/08/24;1500 UTC;;;;;;;;;;;;;;;;;;
2026/08/24;1600 UTC;;;;;;;;;;;;;;;;;;
2026/08/24;1700 UTC;;;;;;;;;;;;;;;;;;
2026/08/24;1800 UTC;;;;;;;;;;;;;;;;;;
2026/08/24;1900 UTC;;;;;;;;;;;;;;;;;;
2026/08/24;2000 UTC;;;;;;;;;;;;;;;;;;
2026/08/24;2100 UTC;;;;;;;;;;;;;;;;;;
2026/08/24;2200 UTC;;;;;;;;;;;;;;;;;;
2026/08/24;2300 UTC;;;;;;;;;;;;;;;;;;
2026/08/25;0000 UTC;;;;;;;;;;;;;;;;;;
2026/08/25;0100 UTC;;;;;;;;;;;;;;;;;;
2026/08/25;0200 UTC;;;;;;;;;;;;;;;;;;
2026/08/25;0300 UTC;;;;;;;;;;;;;;;;;;
2026/08/25;0400 UTC;;;;;;;;;;;;;;;;;;
2026/08/25;0500 UTC;;;;;;;;;;;;;;;;;;
2026/08/25;0600 UTC;;;;;;;;;;;;;;;;;;
2026/08/25;0700 UTC;;;;;;;;;;;;;;;;;;
2026/08/25;0800 UTC;;;;;;;;;;;;;;;;;;
2026/08/25;0900 UTC;;;;;;;;;;;;;;;;;;
2026/08/25;1000 UTC;;;;;;;;;;;;;;;;;;
2026/08/25;1100 UTC;;;;;;;;;;;;;;;;;;
2026/08/25;1200 UTC;;;;;;;;;;;;;;;;;;
2026/08/25;1300 UTC;;;;;;;;;;;;;;;;;;
2026/08/25;1400 UTC;;;;;;;;;;;;;;;;;;
2026/08/25;1500 UTC;;;;;;;;;;;;;;;;;;
2026/08/25;1600 UTC;;;;;;;;;;;;;;;;;;
2026/08/25;1700 UTC;;;;;;;;;;;;;;;;;;
2026/08/25;1800 UTC;;;;;;;;;;;;;;;;;;
2026/08/25;1900 UTC;;;;;;;;;;;;;;;;;;
2026/08/25;2000 UTC;;;;;;;;;;;;;;;;;;
2026/08/25;2100 UTC;;;;;;;;;;;;;;;;;;
2026/08/25;2200 UTC;;;;;;;;;;;;;;;;;;
2026/08/25;2300 UTC;;;;;;;;;;;;;;;;;;
2026/08/26;0000 UTC;;;;;;;;;;;;;;;;;;
2026/08/26;0100 UTC;;;;;;;;;;;;;;;;;;
2026/08/26;0200 UTC;;;;;;;;;;;;;;;;;;
2026/08/26;0300 UTC;;;;;;;;;;;;;;;;;;
2026/08/26;0400 UTC;;;;;;;;;;;;;;;;;;
2026/08/26;0500 UTC;;;;;;;;;;;;;;;;;;
2026/08/26;0600 UTC;;;;;;;;;;;;;;;;;;
2026/08/26;0700 UTC;;;;;;;;;;;;;;;;;;
2026/08/26;0800 UTC;;;;;;;;;;;;;;;;;;
2026/08/26;0900 UTC;;;;;;;;;;;;;;;;;;
2026/08/26;1000 UTC;;;;;;;;;;;;;;;;;;
2026/08/26;1100 UTC;;;;;;;;;;;;;;;;;;
2026/08/26;1200 UTC;;;;;;;;;;;;;;;;;;
2026/08/26;1300 UTC;;;;;;;;;;;;;;;;;;
2026/08/26;1400 UTC;;;;;;;;;;;;;;;;;;
2026/08/26;1500 UTC;;;;;;;;;;;;;;;;;;
2026/08/26;1600 UTC;;;;;;;;;;;;;;;;;;
2026/08/26;1700 UTC;;;;;;;;;;;;;;;;;;
2026/08/26;1800 UTC;;;;;;;;;;;;;;;;;;
2026/08/26;1900 UTC;;;;;;;;;;;;;;;;;;
2026/08/26;2000 UTC;;;;;;;;;;;;;;;;;;
2026/08/26;2100 UTC;;;;;;;;;;;;;;;;;;
2026/08/26;2200 UTC;;;;;;;;;;;;;;;;;;
2026/08/26;2300 UTC;;;;;;;;;;;;;;;;;;
2026/08/27;0000 UTC;;;;;;;;;;;;;;;;;;
2026/08/27;0100 UTC;;;;;;;;;;;;;;;;;;
2026/08/27;0200 UTC;;;;;;;;;;;;;;;;;;
2026/08/27;0300 UTC;;;;;;;;;;;;;;;;;;
2026/08/27;0400 UTC;;;;;;;;;;;;;;;;;;
2026/08/27;0500 UTC;;;;;;;;;;;;;;;;;;
2026/08/27;0600 UTC;;;;;;;;;;;;;;;;;;
2026/08/27;0700 UTC;;;;;;;;;;;;;;;;;;
2026/08/27;0800 UTC;;;;;;;;;;;;;;;;;;
2026/08/27;0900 UTC;;;;;;;;;;;;;;;;;;
2026/08/27;1000 UTC;;;;;;;;;;;;;;;;;;
2026/08/27;1100 UTC;;;;;;;;;;;;;;;;;;
2026/08/27;1200 UTC;;;;;;;;;;;;;;;;;;
2026/08/27;1300 UTC;;;;;;;;;;;;;;;;;;
2026/08/27;1400 UTC;;;;;;;;;;;;;;;;;;
2026/08/27;1500 UTC;;;;;;;;;;;;;;;;;;
2026/08/27;1600 UTC;;;;;;;;;;;;;;;;;;
2026/08/27;1700 UTC;;;;;;;;;;;;;;;;;;
2026/08/27;1800 UTC;;;;;;;;;;;;;;;;;;
2026/08/27;1900 UTC;;;;;;;;;;;;;;;;;;
2026/08/27;2000 UTC;;;;;;;;;;;;;;;;;;
2026/08/27;2100 UTC;;;;;;;;;;;;;;;;;;
2026/08/27;2200 UTC;;;;;;;;;;;;;;;;;;
2026/08/27;2300 UTC;;;;;;;;;;;;;;;;;;
2026/08/28;0000 UTC;;;;;;;;;;;;;;;;;;
2026/08/28;0100 UTC;;;;;;;;;;;;;;;;;;
2026/08/28;0200 UTC;;;;;;;;;;;;;;;;;;
2026/08/28;0300 UTC;;;;;;;;;;;;;;;;;;
2026/08/28;0400 UTC;;;;;;;;;;;;;;;;;;
2026/08/28;0500 UTC;;;;;;;;;;;;;;;;;;
2026/08/28;0600 UTC;;;;;;;;;;;;;;;;;;
2026/08/28;0700 UTC;;;;;;;;;;;;;;;;;;
2026/08/28;0800 UTC;;;;;;;;;;;;;;;;;;
2026/08/28;0900 UTC;;;;;;;;;;;;;;;;;;
2026/08/28;1000 UTC;;;;;;;;;;;;;;;;;;
2026/08/28;1100 UTC;;;;;;;;;;;;;;;;;;
2026/08/28;1200 UTC;;;;;;;;;;;;;;;;;;
2026/08/28;1300 UTC;;;;;;;;;;;;;;;;;;
2026/08/28;1400 UTC;;;;;;;;;;;;;;;;;;
2026/08/28;1500 UTC;;;;;;;;;;;;;;;;;;
2026/08/28;1600 UTC;;;;;;;;;;;;;;;;;;
2026/08/28;1700 UTC;;;;;;;;;;;;;;;;;;
2026/08/28;1800 UTC;;;;;;;;;;;;;;;;;;
2026/08/28;1900 UTC;;;;;;;;;;;;;;;;;;
2026/08/28;2000 UTC;;;;;;;;;;;;;;;;;;
2026/08/28;2100 UTC;;;;;;;;;;;;;;;;;;
2026/08/28;2200 UTC;;;;;;;;;;;;;;;;;;
2026/08/28;2300 UTC;;;;;;;;;;;;;;;;;;
2026/08/29;0000 UTC;;;;;;;;;;;;;;;;;;
2026/08/29;0100 UTC;;;;;;;;;;;;;;;;;;
2026/08/29;0200 UTC;;;;;;;;;;;;;;;;;;
2026/08/29;0300 UTC;;;;;;;;;;;;;;;;;;
2026/08/29;0400 UTC;;;;;;;;;;;;;;;;;;
2026/08/29;0500 UTC;;;;;;;;;;;;;;;;;;
2026/08/29;0600 UTC;;;;;;;;;;;;;;;;;;
2026/08/29;0700 UTC;;;;;;;;;;;;;;;;;;
2026/08/29;0800 UTC;;;;;;;;;;;;;;;;;;
2026/08/29;0900 UTC;;;;;;;;;;;;;;;;;;
2026/08/29;1000 UTC;;;;;;;;;;;;;;;;;;
2026/08/29;1100 UTC;;;;;;;;;;;;;;;;;;
2026/08/29;1200 UTC;;;;;;;;;;;;;;;;;;
2026/08/29;1300 UTC;;;;;;;;;;;;;;;;;;
2026/08/29;1400 UTC;;;;;;;;;;;;;;;;;;
2026/08/29;1500 UTC;;;;;;;;;;;;;;;;;;
2026/08/29;1600 UTC;;;;;;;;;;;;;;;;;;
2026/08/29;1700 UTC;;;;;;;;;;;;;;;;;;
2026/08/29;1800 UTC;;;;;;;;;;;;;;;;;;
2026/08/29;1900 UTC;;;;;;;;;;;;;;;;;;
2026/08/29;2000 UTC;;;;;;;;;;;;;;;;;;
2026/08/29;2100 UTC;;;;;;;;;;;;;;;;;;
2026/08/29;2200 UTC;;;;;;;;;;;;;;;;;;
2026/08/29;2300 UTC;;;;;;;;;;;;;;;;;;
2026/08/30;0000 UTC;;;;;;;;;;;;;;;;;;
2026/08/30;0100 UTC;;;;;;;;;;;;;;;;;;
2026/08/30;0200 UTC;;;;;;;;;;;;;;;;;;
2026/08/30;0300 UTC;;;;;;;;;;;;;;;;;;
2026/08/30;0400 UTC;;;;;;;;;;;;;;;;;;
2026/08/30;0500 UTC;;;;;;;;;;;;;;;;;;
2026/08/30;0600 UTC;;;;;;;;;;;;;;;;;;
2026/08/30;0700 UTC;;;;;;;;;;;;;;;;;;
2026/08/30;0800 UTC;;;;;;;;;;;;;;;;;;
2026/08/30;0900 UTC;;;;;;;;;;;;;;;;;;
2026/08/30;1000 UTC;;;;;;;;;;;;;;;;;;
2026/08/30;1100 UTC;;;;;;;;;;;;;;;;;;
2026/08/30;1200 UTC;;;;;;;;;;;;;;;;;;
2026/08/30;1300 UTC;;;;;;;;;;;;;;;;;;
2026/08/30;1400 UTC;;;;;;;;;;;;;;;;;;
2026/08/30;1500 UTC;;;;;;;;;;;;;;;;;;
2026/08/30;1600 UTC;;;;;;;;;;;;;;;;;;
2026/08/30;1700 UTC;;;;;;;;;;;;;;;;;;
2026/08/30;1800 UTC;;;;;;;;;;;;;;;;;;
2026/08/30;1900 UTC;;;;;;;;;;;;;;;;;;
2026/08/30;2000 UTC;;;;;;;;;;;;;;;;;;
2026/08/30;2100 UTC;;;;;;;;;;;;;;;;;;
2026/08/30;2200 UTC;;;;;;;;;;;;;;;;;;
2026/08/30;2300 UTC;;;;;;;;;;;;;;;;;;
2026/08/31;0000 UTC;;;;;;;;;;;;;;;;;;
2026/08/31;0100 UTC;;;;;;;;;;;;;;;;;;
2026/08/31;0200 UTC;;;;;;;;;;;;;;;;;;
2026/08/31;0300 UTC;;;;;;;;;;;;;;;;;;
2026/08/31;0400 UTC;;;;;;;;;;;;;;;;;;
2026/08/31;0500 UTC;;;;;;;;;;;;;;;;;;
2026/08/31;0600 UTC;;;;;;;;;;;;;;;;;;
2026/08/31;0700 UTC;;;;;;;;;;;;;;;;;;
2026/08/31;0800 UTC;;;;;;;;;;;;;;;;;;
2026/08/31;0900 UTC;;;;;;;;;;;;;;;;;;
2026/08/31;1000 UTC;;;;;;;;;;;;;;;;;;
2026/08/31;1100 UTC;;;;;;;;;;;;;;;;;;
2026/08/31;1200 UTC;;;;;;;;;;;;;;;;;;
2026/08/31;1300 UTC;;;;;;;;;;;;;;;;;;
2026/08/31;1400 UTC;;;;;;;;;;;;;;;;;;
2026/08/31;1500 UTC;;;;;;;;;;;;;;;;;;
2026/08/31;1600 UTC;;;;;;;;;;;;;;;;;;
2026/08/31;1700 UTC;;;;;;;;;;;;;;;;;;
2026/08/31;1800 UTC;;;;;;;;;;;;;;;;;;
2026/08/31;1900 UTC;;;;;;;;;;;;;;;;;;
2026/08/31;2000 UTC;;;;;;;;;;;;;;;;;;
2026/08/31;2100 UTC;;;;;;;;;;;;;;;;;;
2026/08/31;2200 UTC;;;;;;;;;;;;;;;;;;
2026/08/31;2300 UTC;;;;;;;;;;;;;;;;;;
