REGIAO:;S
UF:;RS
ESTACAO:;SANTA VITORIA DO PALMAR - BARRA DO CHUI
CODIGO (WMO):;A899
LATITUDE:;-33,74222221
LONGITUDE:;-53,37222221
ALTITUDE:;7,41
DATA DE FUNDACAO:;08/03/08
Data;Hora UTC;PRECIPITAÇÃO TOTAL, HORÁRIO (mm);PRESSAO ATMOSFERICA AO NIVEL DA ESTACAO, HORARIA (mB);PRESSÃO ATMOSFERICA MAX.NA HORA ANT. (AUT) (mB);PRESSÃO ATMOSFERICA MIN. NA HORA ANT. (AUT) (mB);RADIACAO GLOBAL (Kj/m²);TEMPERATURA DO AR - BULBO SECO, HORARIA (°C);TEMPERATURA DO PONTO DE ORVALHO (°C);TEMPERATURA MÁXIMA NA HORA ANT. (AUT) (°C);TEMPERATURA MÍNIMA NA HORA ANT. (AUT) (°C);TEMPERATURA ORVALHO MAX. NA HORA ANT. (AUT) (°C);TEMPERATURA ORVALHO MIN. NA HORA ANT. (AUT) (°C);UMIDADE REL. MAX. NA HORA ANT. (AUT) (%);UMIDADE REL. MIN. NA HORA ANT. (AUT) (%);UMIDADE RELATIVA DO AR, HORARIA (%);VENTO, DIREÇÃO HORARIA (gr) (° (gr));VENTO, RAJADA MAXIMA (m/s);VENTO, VELOCIDADE HORARIA (m/s);
2026/01/01;0000 UTC;0;1008,1;1008,1;1008,1;0;27,1;18;27,1;27,1;18;18;54;54;54;295;5,3;3,7;
2026/01/01;0100 UTC;0;1008,3;1008,3;1008,2;0;27;16,8;27,3;26,6;17,9;16,2;53;47;49;309;6,8;4,1;
2026/01/01;0200 UTC;0;1008,3;1008,6;1008,1;0;26,3;19,4;26,9;25,3;20,5;17,3;76;52;65;315;7;4,2;
2026/01/01;0300 UTC;0;1009,1;1009,6;1008,3;0;26,1;20,7;26,8;25,1;21,2;20;79;69;73;311;4,7;3,4;
2026/01/01;0400 UTC;0;1009,3;1009,6;1009;0;26,5;17,8;26,8;26,3;20,9;15,2;72;43;56;285;2,9;1,7;
2026/01/01;0500 UTC;0;1008,5;1009;1008,1;0;25,6;15,2;26,5;25,3;15,7;14,6;51;44;48;317;3,8;2,9;
2026/01/01;0600 UTC;0;1007,6;1008;1007,2;0;25,6;17,3;25,7;25,4;19,6;15,7;71;51;59;319;5,4;3,5;
2026/01/01;0700 UTC;0;1006,8;1007,3;1006,5;0;25,3;20,5;25,5;25;21,3;19,8;81;72;76;325;3,9;2,5;
2026/01/01;0800 UTC;0;1006,2;1006,6;1005,9;0;24,8;22;25;24,6;22,4;21,3;88;82;86;312;4,2;2,1;
2026/01/01;0900 UTC;0;1006,1;1006,2;1006;32,9;24,4;22,4;24,6;24,3;22,6;22,2;91;88;90;328;4,9;3,6;
2026/01/01;1000 UTC;0;1006,8;1008;1006,1;297,8;24,6;21,7;26;24,3;22,6;19,3;91;67;85;221;7,6;4,7;
2026/01/01;1100 UTC;0;1007,9;1008,1;1007,6;1250,9;27;19,7;28,1;26;21,1;18,5;69;60;63;198;4,4;3,3;
2026/01/01;1200 UTC;0;1007,5;1007,7;1007,2;1796,6;28,6;22,1;29,1;27,7;22,6;21,2;72;63;67;193;8,1;6;
2026/01/01;1300 UTC;0;1007,6;1007,9;1007,4;2721,3;29;22,8;30,1;27,2;23,5;22,2;76;65;69;175;10,3;8,5;
2026/01/01;1400 UTC;0;1008;1008,1;1007,9;2703,7;28,1;22,3;29,3;26,9;23;21,9;76;67;71;157;10,3;8,7;
2026/01/01;1500 UTC;0;1008,1;1008,2;1008,1;2953;28;21,9;28,6;27,4;22,3;21,4;72;66;70;151;9,4;7,9;
2026/01/01;1600 UTC;0;1008;1008,2;1007,9;3444,9;28;21,5;28,8;27;22,3;20,5;72;64;67;158;10,9;9,1;
2026/01/01;1700 UTC;0;1008,2;1008,3;1008,1;3106,4;27,3;20;28,3;26,2;20,8;19,4;67;61;64;156;10,4;8,7;
2026/01/01;1800 UTC;0;1008,3;1008,4;1008,2;3343,3;27,5;19,4;28,3;26,9;20,4;18,3;65;53;59;157;10,1;7,8;
2026/01/01;1900 UTC;0;1008;1008,3;1007,5;2978,5;26,9;18,4;27,7;26,1;18,8;17,8;62;54;58;158;12,5;10,2;
2026/01/01;2000 UTC;0;1007,6;1007,8;1007,4;2330,4;25,8;18,1;26,4;25,2;18,8;17,5;64;58;61;153;10,8;9,1;
2026/01/01;2100 UTC;0;1007,5;1007,7;1007,3;1394,5;24,6;17,6;25,3;23,8;18,2;17;69;62;65;145;10,7;8,3;
2026/01/01;2200 UTC;0;1007,9;1008,3;1007,5;549,2;23,4;17;24,1;22,8;18,1;16,2;70;66;68;130;8,7;6,6;
2026/01/01;2300 UTC;0;1007,9;1008,2;1007,8;122,4;22,5;16,3;23,2;21,9;16,7;15,9;73;65;69;129;7;5,6;
2026/01/02;0000 UTC;0;1007,8;1008,1;1007,6;0;21,8;15,8;22;21,4;16,5;15,2;73;68;70;116;6,3;4,6;
2026/01/02;0100 UTC;0;1008,4;1008,7;1008,1;0;21,3;15,4;21,4;21,3;15,9;14,9;73;68;70;122;6,3;4,7;
2026/01/02;0200 UTC;0;1009;1009,1;1008,7;0;21;15,3;21,3;20,7;15,7;15;73;70;72;111;4,8;3,4;
2026/01/02;0300 UTC;0;1009,1;1009,2;1008,9;0;20,3;15;20,8;19,3;15,3;14,4;76;72;73;122;2,1;1,1;
2026/01/02;0400 UTC;0;1008,7;1008,9;1008,4;0;18,1;14,3;19,2;17,1;14,6;14;85;75;81;311;2,8;2,5;
2026/01/02;0500 UTC;0;1008,2;1008,4;1007,8;0;16,6;14,2;17,1;16,3;14,4;14,1;89;86;88;295;3,2;2,3;
2026/01/02;0600 UTC;0;1007,5;1007,8;1007,4;0;16,2;14,3;16,3;16;14,5;14,1;92;89;91;271;3,3;2,5;
2026/01/02;0700 UTC;0;1007,1;1007,5;1006,8;0;16,1;14,2;16,4;15,8;14,4;13,9;92;89;91;301;2,9;2,2;
2026/01/02;0800 UTC;0;1006,8;1007;1006,7;0;15,7;14;15,9;15,5;14,2;13,8;92;90;91;264;3,7;2,5;
2026/01/02;0900 UTC;0;1007,4;1007,5;1007,1;44,6;15,6;14;15,9;15,5;14,1;13,8;93;91;92;270;3,3;2,2;
2026/01/02;1000 UTC;0;1007,7;1007,8;1007,5;565,9;17;14,3;18,4;15,9;14,8;14,1;91;81;87;285;3,6;2,2;
2026/01/02;1100 UTC;0;1007,8;1007,9;1007,5;1322,8;20,1;15,5;21,5;18,6;16,4;14,8;82;72;77;263;6,2;3,3;
2026/01/02;1200 UTC;0;1007,9;1008,1;1007,5;2155,5;23,2;16,2;25,3;21,6;16,6;15,1;74;50;65;212;8,7;5;
2026/01/02;1300 UTC;0;1008;1008,2;1007,9;2923,2;26,3;16,4;27,9;25;18,4;14,7;56;44;51;188;8,1;6,8;
2026/01/02;1400 UTC;0;1007,8;1008,1;1007,5;2739,1;27,4;18,3;28,5;26,3;18,9;17,5;58;50;54;169;6,9;4,9;
2026/01/02;1500 UTC;0;1007,2;1007,5;1006,9;3427,7;28,3;18,7;28,7;27,8;19,3;18;54;49;52;170;8,6;7;
2026/01/02;1600 UTC;0;1006,8;1007,1;1006,4;2826,8;27,5;18,6;29;25,7;19,1;17,9;63;50;55;167;9,1;7,3;
2026/01/02;1700 UTC;3,4;1006,6;1007,1;1006,1;1489,8;23,4;19,1;27,6;20,7;20,5;18,2;94;57;78;162;11;9,2;
2026/01/02;1800 UTC;0;1006,4;1006,8;1006;2709;22,9;18,6;24,2;21,7;19,8;17,7;89;69;79;160;10,5;7,9;
2026/01/02;1900 UTC;0;1005,9;1006,2;1005,6;1645,8;23;17,7;24,5;22,2;18,7;17,1;79;68;74;166;11,9;9,2;
2026/01/02;2000 UTC;0;1005,4;1005,7;1005;1646,3;22,7;16,6;23,3;22;17,5;15,4;77;62;69;177;10,5;8,8;
2026/01/02;2100 UTC;0;1005;1005,2;1004,9;1555,4;22,7;14,8;23,5;22;15,9;13,3;66;55;60;167;11,1;8,4;
2026/01/02;2200 UTC;0;1004,9;1005,1;1004,7;667,8;21,3;13;22,3;20,5;14;12,1;63;56;58;166;10,1;8,2;
2026/01/02;2300 UTC;0;1005,2;1005,4;1005;110,3;19,9;11,3;20,6;19,3;12,4;10;61;53;57;168;10,6;7,8;
2026/01/03;0000 UTC;0;1004,8;1005,1;1004,5;0;19,1;10,7;19,3;18,8;11,2;10,1;61;55;58;137;6,1;4,4;
2026/01/03;0100 UTC;0;1004,3;1004,6;1004;0;18,3;9,7;18,7;18;10,6;9,2;61;54;57;125;4,1;2,3;
2026/01/03;0200 UTC;0;1004,9;1005,2;1004,6;0;18,3;9,8;18,6;17,5;10,6;9,4;62;55;58;170;4,9;2,5;
2026/01/03;0300 UTC;0;1005,1;1005,3;1004,9;0;14,6;9,3;17,1;14,3;9,9;9,1;75;64;73;280;4;3,1;
2026/01/03;0400 UTC;0;1004,8;1005,1;1004,4;0;13,8;8,9;14,3;13,1;9,4;8,5;78;74;76;296;4,4;3,2;
2026/01/03;0500 UTC;0;1004;1004,4;1003,6;0;13;8,2;13,3;12,9;8,4;8,1;77;74;76;310;4,5;3,2;
2026/01/03;0600 UTC;0;1003;1003,8;1002,2;0;12,9;8,4;13,1;12,7;8,5;8,2;79;76;77;313;5,7;3,9;
2026/01/03;0700 UTC;0;1002,2;1002,4;1001,9;0;14,1;8,7;14,5;13,2;9,1;8,3;76;72;73;310;6,4;4;
2026/01/03;0800 UTC;0;1003,6;1004,9;1002,1;0;15,9;10,2;17,5;14,5;13,4;9;80;66;72;197;19,4;15;
2026/01/03;0900 UTC;0;1005,1;1006,1;1004,4;2,1;16,8;12,8;17,4;16,5;14,2;11,4;85;74;80;189;20,7;15,1;
2026/01/03;1000 UTC;0;1006,5;1006,9;1006;109,6;16,9;11,2;17,2;16,6;12,1;10,3;77;67;72;189;21,6;16,2;
2026/01/03;1100 UTC;0;1007,6;1008,3;1006,9;940,7;17,7;10;18,5;17,1;11,1;8,3;70;51;62;189;21,2;16;
2026/01/03;1200 UTC;0;1008,8;1009,5;1007,9;2025,2;18,6;9,4;19,4;17,9;10,5;8,4;60;47;54;187;21,2;16,4;
2026/01/03;1300 UTC;0;1009,7;1010,2;1009,2;2983,5;19,6;9,4;20;19,1;11,1;8,5;55;45;49;188;18,8;14,6;
2026/01/03;1400 UTC;0;1010,6;1011,2;1010,1;2476;19,7;10,4;21,1;18,4;12,1;9,3;59;48;53;190;18,6;14,5;
2026/01/03;1500 UTC;0;1011,7;1012,1;1011,2;2524,4;19,8;10,3;20,8;18,9;11,6;8,2;60;41;52;196;18,1;14,2;
2026/01/03;1600 UTC;0;1012,4;1012,8;1012;3928,8;21,2;10,6;21,7;19,8;11,6;9,3;52;42;47;188;17,7;14,1;
2026/01/03;1700 UTC;0;1012,8;1013;1012,5;4044;21,7;11,2;22,1;21,2;12,1;10,2;54;42;47;187;18,2;13,8;
2026/01/03;1800 UTC;0;1013,3;1013,6;1012,9;3719,9;21,8;10,4;22,1;21,4;11,9;9,2;50;37;43;191;16,5;13,2;
2026/01/03;1900 UTC;0;1013,7;1014;1013,5;2775,6;21,1;9,8;22,1;20;10,8;8,3;50;34;44;190;17,6;13,2;
2026/01/03;2000 UTC;0;1013,9;1014,1;1013,7;1784,1;20,2;10;21,2;19,4;11,2;9;59;43;49;192;16,3;12,3;
2026/01/03;2100 UTC;0;1013,8;1013,9;1013,6;1000,7;19,4;10;20,7;18,7;10,9;8,6;59;47;53;197;15,2;11,5;
2026/01/03;2200 UTC;0;1014,2;1014,5;1013,8;451,5;18,3;9,8;19,8;17,6;11,5;7,8;68;50;58;206;15,1;10,6;
2026/01/03;2300 UTC;0;1014,4;1014,6;1014;102,8;17,3;9;18;16,8;10,5;8,2;65;52;58;221;12,3;7,9;
2026/01/04;0000 UTC;0;1014,8;1015,2;1014,2;0;16;8,1;16,9;15,1;8,8;7,8;66;57;60;243;7,1;4,8;
2026/01/04;0100 UTC;0;1015,5;1015,7;1015,2;0;15;8,8;15,8;14,6;9,4;8,4;71;67;69;231;9,8;4,9;
2026/01/04;0200 UTC;0;1015,7;1016;1015,5;0;14,3;9,1;15,6;13,7;9,3;8,8;76;68;74;240;7,5;4,8;
2026/01/04;0300 UTC;0;1015,7;1016;1015,5;0;13,6;9;14,1;13,1;9,2;8,8;80;75;77;254;7,3;3,7;
2026/01/04;0400 UTC;0;1015,3;1015,6;1015,1;0;13,4;8,8;13,5;13,1;9,2;8,4;80;74;77;242;8,1;4,9;
2026/01/04;0500 UTC;0;1014,9;1015,1;1014,8;0;13,9;9,4;14,6;13,3;10,5;9;80;76;78;249;7,9;4,3;
2026/01/04;0600 UTC;0;1015;1015,2;1014,7;0;13;8,8;13,7;11,7;9,3;8,2;86;76;79;270;7;4,4;
2026/01/04;0700 UTC;0;1015,1;1015,2;1015;0;11,8;8,9;12,1;11,5;9,1;8,7;87;83;86;255;7,7;3,8;
2026/01/04;0800 UTC;0;1015,2;1015,3;1015;0;11,4;8,1;12,1;11,1;8,7;7,8;85;82;83;267;7,8;4,8;
2026/01/04;0900 UTC;0;1015,4;1015,6;1015,3;15,7;11,5;8,3;11,8;11,2;8,6;7,7;85;82;84;269;7,1;4,6;
2026/01/04;1000 UTC;0;1016;1016,4;1015,5;221,2;11,5;7,6;12,5;11,2;7,8;7,4;83;76;80;269;7,1;4,8;
2026/01/04;1100 UTC;0;1016,6;1017,1;1016,4;572,9;13,7;8;14,9;12,6;8,9;7,6;76;69;72;258;6,6;3,8;
2026/01/04;1200 UTC;0;1017,1;1017,2;1016,9;1824,1;16,4;8,7;18,4;14,6;9,7;8;68;53;61;230;9,5;6,2;
2026/01/04;1300 UTC;0;1017,2;1017,4;1016,9;2552,2;19,1;8,7;20,1;18,1;9,8;7,6;54;43;48;221;14,7;8,5;
2026/01/04;1400 UTC;0;1017,5;1017,7;1017,3;2198,9;19,8;10,1;21,9;18,2;11,6;8,3;57;46;51;206;14,1;9,2;
2026/01/04;1500 UTC;0;1017,5;1017,8;1017,4;3067,3;21,4;11,7;22,4;19,9;12,8;9,3;58;42;52;187;15,8;12,3;
2026/01/04;1600 UTC;0;1017,7;1017,9;1017,5;3252,2;21,8;12,1;22,8;20,8;13;11,1;55;48;51;188;15,9;12,5;
2026/01/04;1700 UTC;0;1018;1018,2;1017,7;2934,8;21,7;12,4;22,6;20,8;13,4;11,5;57;50;54;184;15,3;12,4;
2026/01/04;1800 UTC;0;1018,1;1018,2;1017,9;3191,2;21,9;12,6;22,7;20,6;13,4;11,7;60;51;54;185;15,4;11,9;
2026/01/04;1900 UTC;0;1018;1018,1;1017,8;3097,7;22,1;12,7;22,7;21,6;13,2;12,2;56;50;53;185;17,8;13,6;
2026/01/04;2000 UTC;0;1018,2;1018,3;1018;2352,9;21,2;12,5;21,8;20,6;13,2;11,6;59;52;56;188;18,2;14,6;
2026/01/04;2100 UTC;0;1018,4;1018,8;1018;1554,3;20,1;11,3;20,6;19,6;12,5;10,3;60;53;56;189;19,8;14;
2026/01/04;2200 UTC;0;1018,9;1019,1;1018,7;729,9;19,2;10;19,7;18,5;11,1;9,2;58;51;54;189;15,8;11,6;
2026/01/04;2300 UTC;0;1019,2;1019,5;1019;110,1;17,9;9,5;18,5;17,4;10,4;8,2;65;52;58;188;14,8;10,3;
2026/01/05;0000 UTC;0;1019,7;1020;1019,4;0;17,1;9,3;17,7;16,4;11;8,5;66;58;61;233;7,6;4,8;
2026/01/05;0100 UTC;0;1020,2;1020,4;1019,9;0;15,3;8,5;16,4;14,8;8,6;8,3;69;61;66;251;6,2;3,7;
2026/01/05;0200 UTC;0;1020,3;1020,4;1020,2;0;14,3;8,5;14,8;13,8;8,6;8,2;72;69;71;255;5,1;3,3;
2026/01/05;0300 UTC;0;1020,2;1020,3;1020,1;0;13,3;8,2;13,7;13,1;8,4;8,1;76;72;75;260;5,1;3;
2026/01/05;0400 UTC;0;1019,9;1020,1;1019,6;0;12,6;8,2;13,1;12,4;8,5;8;78;76;78;248;6,2;3,5;
2026/01/05;0500 UTC;0;1019,4;1019,7;1019,2;0;13,5;8,5;13,9;13,2;8,6;8,3;77;73;75;235;5;3,3;
2026/01/05;0600 UTC;0;1019,2;1019,3;1019,1;0;13,1;8,6;13,7;12,1;8,9;8,3;83;75;78;252;6,1;3,5;
2026/01/05;0700 UTC;0;1019,1;1019,2;1018,9;0;11,9;8,6;12,8;11,1;8,9;8,2;86;80;83;248;5,4;3,1;
2026/01/05;0800 UTC;0;1019,2;1019,5;1019;0;11;8,4;11,5;10,5;8,7;8,1;88;84;87;282;4,8;3,7;
2026/01/05;0900 UTC;0;1019,5;1019,6;1019,3;37,2;10,5;8,1;10,9;10,3;8,3;7,9;89;86;88;287;4;2,8;
2026/01/05;1000 UTC;0;1020;1020,3;1019,6;553,6;11,8;8,3;13,5;10,6;9;7,9;87;77;83;270;4,4;2,7;
2026/01/05;1100 UTC;0;1020,4;1020,5;1020,3;1360,2;15,6;9,9;17,5;13,6;11,1;9;77;65;72;236;4,1;2,1;
2026/01/05;1200 UTC;0;1020,8;1021;1020,5;2180,2;19,6;11,5;21,9;17,5;12,4;10,7;67;51;59;190;3,7;2,6;
2026/01/05;1300 UTC;0;1021;1021,1;1020,8;2709,3;22,6;12,6;23,4;21,2;13,5;11,7;54;48;50;166;5,4;3,8;
2026/01/05;1400 UTC;0;1021,1;1021,2;1021;3349,4;23,4;13,1;24;22,8;13,6;12,1;51;45;48;145;5,2;4,2;
2026/01/05;1500 UTC;0;1021,1;1021,2;1021;3533,8;23,5;12,8;23,9;23,1;13,3;12,4;49;44;47;135;6,1;4,6;
2026/01/05;1600 UTC;0;1020,8;1021,1;1020,5;4024,2;23,7;13,1;24,1;23,3;13,6;12,7;50;45;47;132;6,3;5;
2026/01/05;1700 UTC;0;1020,4;1020,5;1020,1;3948,6;24;13,4;24,5;23,6;13,8;12,7;49;45;47;121;6,2;4,9;
2026/01/05;1800 UTC;0;1020;1020,2;1019,7;3649,1;24,3;13,7;24,5;23,8;14;13,3;49;44;47;95;7,7;4,9;
2026/01/05;1900 UTC;0;1019,4;1019,7;1019,1;3075,3;23,8;13,7;24,4;23,2;14,1;13,2;52;47;50;86;7,3;5,3;
2026/01/05;2000 UTC;0;1018,9;1019,1;1018,6;2380,9;22,9;13,5;23,7;22,3;14,1;12,9;56;51;53;74;7,7;5,5;
2026/01/05;2100 UTC;0;1018,3;1018,6;1018,2;1547,7;22;13,2;22,4;21,6;13,7;12,7;60;53;56;66;8,7;5,7;
2026/01/05;2200 UTC;0;1018,3;1018,3;1018,2;727,3;21,3;13,5;21,8;20,8;14;13,1;65;57;61;56;7,8;5,6;
2026/01/05;2300 UTC;0;1018,3;1018,3;1018,2;118,4;20,3;13,8;20,8;19,7;14,2;13,4;70;64;67;36;6,9;4,2;
2026/01/06;0000 UTC;0;1018,3;1018,4;1018,2;0;19,3;13,3;19,6;19,1;13,4;13,1;71;69;70;32;6,5;4;
2026/01/06;0100 UTC;0;1018,5;1018,6;1018,4;0;18,9;13,2;19;18,8;13,2;13,2;72;71;72;27;6,9;4,5;
2026/01/06;0200 UTC;0;1018,5;1018,5;1018,4;0;18,6;13,2;18,9;18,4;13,2;13;74;72;73;26;8,4;4,5;
2026/01/06;0300 UTC;0;1018,2;1018,5;1018;0;17,8;13;18,3;17,1;13,2;12,9;79;74;76;76;5,5;3,3;
2026/01/06;0400 UTC;0;1017,8;1018;1017,6;0;16,7;12,9;17,1;16,5;12,9;12,8;82;79;81;117;4,9;3,3;
2026/01/06;0500 UTC;0;1017,4;1017,6;1017,3;0;16,3;12,9;16,5;16;13;12,8;85;82;83;203;5,2;3,5;
2026/01/06;0600 UTC;0;1017;1017,2;1016,8;0;16,4;13,1;16,6;16,1;13,2;13;85;82;83;178;5,2;3,7;
2026/01/06;0700 UTC;0;1016,9;1017;1016,8;0;16,7;12,8;16,9;16,5;13;12,7;82;79;80;174;5,5;3,4;
2026/01/06;0800 UTC;0;1017,1;1017,3;1017;0;16,6;13;17;16;13,1;12,8;85;80;82;217;3,6;2,6;
2026/01/06;0900 UTC;0;1017,4;1017,5;1017,3;32,1;15,9;13,2;16,2;15,8;13,4;13;87;85;86;251;3,6;2,7;
2026/01/06;1000 UTC;0;1017,4;1017,6;1017,3;525,4;17,7;14;19,5;16,3;14,5;13,5;86;75;81;61;4,6;2,9;
2026/01/06;1100 UTC;0;1017,7;1017,8;1017,5;1341,2;20,9;14,4;22,2;19,5;14,9;14;75;63;68;230;7,5;4,3;
2026/01/06;1200 UTC;0;1017,6;1017,8;1017,2;2189,2;23;14,7;23,6;22,1;15,2;13,9;64;53;59;81;9,3;6,1;
2026/01/06;1300 UTC;0;1017,2;1017,4;1016,9;2359;24,1;14,7;24,7;23,5;15,1;14,1;55;50;53;177;8,7;5,6;
2026/01/06;1400 UTC;0;1016,8;1017,1;1016,5;3436,9;25,8;15,3;26,7;24,5;15,7;14,8;51;42;47;73;8,8;5,1;
2026/01/06;1500 UTC;0;1016,4;1016,6;1016,1;3095;26,4;15,7;27,7;25,5;17,6;14,5;56;40;46;63;10;5,6;
2026/01/06;1600 UTC;0;1015,8;1016,3;1015,4;3725,4;26,1;17,4;26,6;25,1;18,1;16,7;60;52;56;75;10,2;7,7;
2026/01/06;1700 UTC;0;1015;1015,4;1014,6;3857,6;26,2;17,7;26,5;25,5;18,3;17,2;61;55;58;69;11,6;8,7;
2026/01/06;1800 UTC;0;1014,3;1014,7;1013,9;3627;25,9;18,3;26,4;25,5;18,7;17,7;65;59;62;71;12,8;8,7;
2026/01/06;1900 UTC;0;1013,7;1014;1013,3;3033,3;25,5;18,6;26;24,7;19;18,3;69;62;66;68;13;9,5;
2026/01/06;2000 UTC;0;1013,1;1013,4;1012,7;2288;24,9;19;25,3;24,5;19,6;18,6;73;69;71;59;12,7;9,2;
2026/01/06;2100 UTC;0;1012,4;1012,7;1012,1;1431,8;24,2;19,1;24,6;23,8;19,6;18,8;78;72;75;57;12,4;8,7;
2026/01/06;2200 UTC;0;1012,3;1012,4;1012,2;699,9;23,6;19,2;24;23;19,6;18,9;82;75;78;52;11,1;7,7;
2026/01/06;2300 UTC;0;1012,1;1012,3;1012;81,7;22,7;19,2;23;22,4;19,7;18,9;84;81;83;39;11,4;6,2;
2026/01/07;0000 UTC;0;1012,1;1012,3;1012;0;22,1;19,2;22,3;22;19,2;19;86;83;85;40;8,3;5,3;
2026/01/07;0100 UTC;0;1012,4;1012,5;1012,3;0;21,9;19,3;22;21,8;19,4;19,2;88;86;87;36;6,6;4,2;
2026/01/07;0200 UTC;0;1012,4;1012,4;1012,3;0;21,5;19,5;21,5;21,4;19,6;19,5;91;90;90;28;5,6;3,5;
2026/01/07;0300 UTC;0;1012,2;1012,3;1012,1;0;21,2;19,6;21,3;21,1;19,8;19,5;93;91;92;36;5,6;3;
2026/01/07;0400 UTC;0;1012,2;1012,3;1012;0;21,3;19,9;21,5;21,1;20;19,7;93;92;93;27;6,1;3,3;
2026/01/07;0500 UTC;0;1011,8;1012;1011,4;0;21,3;19,9;21,5;21,2;20;19,9;94;92;93;22;5,1;3,2;
2026/01/07;0600 UTC;0;1011,2;1011,4;1011;0;21,1;19,8;21,2;20,9;20;19,6;94;94;94;212;5,1;2,7;
2026/01/07;0700 UTC;0;1010,9;1011,1;1010,8;0;20,5;19,5;20,8;20,3;19,7;19,3;96;94;95;66;4,7;2,7;
2026/01/07;0800 UTC;0;1011;1011,1;1010,9;0;20,5;19,6;20,7;20,3;19,8;19,4;96;95;96;335;5,6;3,7;
2026/01/07;0900 UTC;0;1011;1011,1;1010,9;34,8;20,5;19,7;20,6;20,4;19,7;19,6;96;96;96;340;5,7;3,9;
2026/01/07;1000 UTC;0;1011,1;1011,4;1010,8;459,6;20,9;19,7;21,7;20,5;19,8;19,5;96;91;94;328;5,7;3,8;
2026/01/07;1100 UTC;0;1011,6;1011,8;1011,4;1245,2;22,9;19,9;24,2;21,7;20,4;19,7;90;79;85;325;6,9;4,9;
2026/01/07;1200 UTC;0;1011,8;1012;1011,6;2001,6;25,7;19,8;27,1;24,3;20,5;18,7;78;59;70;320;7,5;5,4;
2026/01/07;1300 UTC;0;1011,4;1011,6;1011,3;2404,9;29,1;18,6;30,1;27,1;19,1;17,9;60;43;48;329;9;5,8;
2026/01/07;1400 UTC;0;1011,4;1011,6;1011;3068,7;31,1;19,7;32,8;30;20,9;19;46;39;43;318;10,3;5,1;
2026/01/07;1500 UTC;0;1011,1;1011,3;1011;2104,1;31,8;18,6;32,6;31,3;20,5;17,8;41;30;34;284;9,4;5,8;
2026/01/07;1600 UTC;0;1010,8;1011,4;1010,3;2319,7;31,9;18,5;34,4;31,2;20,5;17,6;37;29;33;265;8,1;4,3;
2026/01/07;1700 UTC;0;1010,6;1011,4;1010,1;1386,1;31,5;18,5;33,8;30,3;20,1;17,5;38;31;35;248;10,8;6,2;
2026/01/07;1800 UTC;0;1011,4;1011,8;1010,9;795,3;28,5;16,4;30,3;27,9;17,9;15,4;44;37;40;240;10,4;6,1;
2026/01/07;1900 UTC;0;1011,1;1011,8;1010,8;1824,2;28,8;18;29,5;28,1;19,2;16,6;51;42;46;206;7,4;5,6;
2026/01/07;2000 UTC;0;1011,6;1012;1011,2;2452;28,2;20,8;29,5;27,1;21,5;18,4;68;52;63;181;12,1;10;
2026/01/07;2100 UTC;0;1011,5;1012,1;1011,1;1576,5;26;19,8;27;24,7;20,4;18,9;72;67;69;188;16,1;13,2;
2026/01/07;2200 UTC;0;1012,5;1012,7;1012;510,1;23,5;18,9;24,5;22,9;19,3;18,4;81;72;77;181;15,1;12,3;
2026/01/07;2300 UTC;0;1013,2;1013,8;1012,7;107,2;22,3;19;22,8;22,1;19,2;18,7;85;81;83;184;15,3;12;
2026/01/08;0000 UTC;0;1014,5;1015,1;1013,7;0;21,8;18,1;22,1;21,6;18,9;17,5;84;79;82;179;15,2;11,2;
2026/01/08;0100 UTC;;;;;;;;;;;;;;;;;;
2026/01/08;0200 UTC;0;1016,4;1016,7;1016;0;20,5;17,1;20,8;20,3;17,7;16,4;85;80;83;170;15,4;12,7;
2026/01/08;0300 UTC;0;1016,8;1017;1016,6;0;20,1;16,7;20,3;20,1;17,1;16,3;84;81;83;170;15;12,2;
2026/01/08;0400 UTC;0;1016,6;1016,8;1016,3;0;20;16,6;20,2;19,8;16,9;16,2;85;80;83;172;14,9;12,2;
2026/01/08;0500 UTC;0;1016,7;1016,9;1016,3;0;19,7;16,3;19,8;19,5;16,9;15,7;86;80;83;170;15;11,5;
2026/01/08;0600 UTC;0;1016,3;1016,5;1016,1;0;19,7;15,9;19,8;19,6;16,3;15,6;83;80;81;169;14,1;11,4;
2026/01/08;0700 UTC;0;1016,6;1017,1;1016,2;0;19,7;15,5;19,8;19,6;15,8;15,1;81;77;79;164;13,1;9,9;
2026/01/08;0800 UTC;0;1017,3;1017,5;1017;0;19,6;14,9;19,7;19,5;15,4;14,6;79;75;77;156;13,5;10,6;
2026/01/08;0900 UTC;0;1017,8;1018,3;1017,4;8,2;19,7;14,9;19,8;19,6;15,2;14,6;78;75;76;154;14;11,1;
2026/01/08;1000 UTC;0;1018,5;1018,9;1018,2;115,2;20;14,8;20,2;19,7;15,4;14,3;77;71;74;148;12,7;10;
2026/01/08;1100 UTC;0;1019,2;1019,7;1018,9;406,6;20,3;14,5;20,7;20,1;14,9;14,1;73;68;71;145;13,1;10,6;
2026/01/08;1200 UTC;0;1019,7;1019,9;1019,5;1468;21,3;14,5;22,3;20,8;15,2;14,1;70;63;66;137;11,7;9,6;
2026/01/08;1300 UTC;0;1020,2;1020,6;1019,9;1434,4;21,8;14,6;22,5;21,5;15,4;14,1;67;60;64;140;10,1;8,1;
2026/01/08;1400 UTC;0;1020,4;1020,6;1020,1;2493,8;23,1;15;24,4;21,7;15,7;14,4;66;53;60;124;9,6;7,5;
2026/01/08;1500 UTC;0;1020,1;1020,2;1019,9;2214,7;23,6;15,2;24,7;22,8;16,3;14,5;62;54;58;118;9;6,5;
2026/01/08;1600 UTC;0;1020,3;1020,5;1020;1628,3;23,4;15,3;24,6;22,4;16,1;14,6;67;54;59;118;11;8;
2026/01/08;1700 UTC;0;1019,8;1020,1;1019,6;1611,9;22,7;15,1;23,9;22,2;15,9;14,5;66;58;62;110;10,2;7,9;
2026/01/08;1800 UTC;0;1019,8;1020,1;1019,6;1442,6;22,5;14,6;23,9;22,1;15,4;14,1;63;57;60;106;8,8;6,7;
2026/01/08;1900 UTC;0;1020,1;1020,5;1019,5;2603;24,1;14,8;24,8;23,2;15,5;14,2;57;51;54;105;9,1;6,4;
2026/01/08;2000 UTC;0;1020;1020,3;1019,4;2411,6;24;14,8;24,7;23,1;15,4;14,1;59;51;54;108;10,5;7,6;
2026/01/08;2100 UTC;0;1019,6;1019,8;1019,4;1512,9;22,9;14,5;23,4;22,3;15,1;14,2;62;55;58;113;10,1;7,5;
2026/01/08;2200 UTC;0;1019,9;1020,2;1019,6;573,3;21,4;14,5;22,3;20,6;15;14,2;70;61;66;110;10,2;7,5;
2026/01/08;2300 UTC;0;1020,2;1020,4;1020,1;59,1;20,3;14,2;20,5;20,2;14,5;13,8;71;67;69;118;11;8,7;
2026/01/09;0000 UTC;0;1020,7;1021,1;1020,3;0;20,3;14,1;20,4;20,1;14,5;13,8;72;68;69;110;12;7,4;
2026/01/09;0100 UTC;0;1021,2;1021,3;1021;0;20,1;14,1;20,2;19,9;14,4;13,7;72;69;70;103;9,4;7,3;
2026/01/09;0200 UTC;0;1021,1;1021,2;1020,9;0;20;14,3;20,2;19,9;14,8;13,8;73;69;71;101;9,4;7;
2026/01/09;0300 UTC;0;1021;1021,2;1020,8;0;20,3;14,9;20,5;20;15,3;14,5;74;72;73;98;8,9;6,6;
2026/01/09;0400 UTC;0;1020,4;1020,8;1020,1;0;20,5;15,4;20,5;20,4;15,8;15,1;77;73;75;98;9,7;7,2;
2026/01/09;0500 UTC;0;1019,8;1020,1;1019,5;0;20,4;15,7;20,5;20,3;16,2;15,2;79;74;77;104;9,9;7,4;
2026/01/09;0600 UTC;0;1019,3;1019,6;1018,9;0;20,4;16;20,5;20,4;16,4;15,7;79;77;78;104;9,9;7,6;
2026/01/09;0700 UTC;0;1018,6;1019,1;1017,8;0;20,4;16,3;20,5;20,3;16,5;16;80;78;79;102;11,3;8,5;
2026/01/09;0800 UTC;0;1017,9;1018,7;1017,5;0;20,6;16,6;20,8;20,5;17,1;16,3;82;79;80;100;10,7;7,5;
2026/01/09;0900 UTC;0;1018,8;1019,1;1018,5;12,6;21;16,3;21;20,7;17,3;15,5;82;72;77;65;9,4;6,4;
2026/01/09;1000 UTC;0;1019,3;1019,6;1018,9;291,8;21,3;16,1;21,8;21;16,5;15,5;76;69;74;63;9,6;6,5;
2026/01/09;1100 UTC;0;1019,9;1020,4;1019,4;899,6;22,1;16,4;22,4;21,6;16,9;15,9;73;69;71;67;10,7;7,2;
2026/01/09;1200 UTC;0;1020,5;1020,7;1020,2;820,4;22,1;15,9;22,2;21,9;16,3;15,3;71;66;69;56;9,4;6,1;
2026/01/09;1300 UTC;0;1020;1020,4;1019,6;765,1;22;15,5;22,5;21,8;16,3;15;70;66;67;61;10,7;7,2;
2026/01/09;1400 UTC;0;1019,9;1020,1;1019,8;1134,4;22,4;16,2;22,9;22,1;16,5;15,7;72;66;69;67;11,1;7,8;
2026/01/09;1500 UTC;0;1019,7;1020,1;1019,5;1451,1;22,7;16;23,2;22,3;16,5;15,5;69;63;67;71;11,1;8,1;
2026/01/09;1600 UTC;0;1019,7;1020;1019,5;1170,3;22,3;15,8;22,7;22;16,3;15,4;70;65;67;67;11,3;7,8;
2026/01/09;1700 UTC;0;1019,3;1019,7;1018,8;1390;22,4;15,6;23;21,9;16,2;15,2;70;63;66;78;12,1;8,7;
2026/01/09;1800 UTC;0;1018,6;1018,7;1018,5;1488,4;22,6;15,7;23;21,8;16,1;15,2;69;63;66;79;11,9;8,5;
2026/01/09;1900 UTC;0;1018,2;1018,7;1017,7;1064,4;22,1;15,6;22,4;21,7;16,2;15,1;69;65;67;85;13,2;9,3;
2026/01/09;2000 UTC;0;1017,6;1017,8;1017,3;539,6;21,7;15,5;22,1;21,4;15,9;15;72;66;69;76;11,9;9;
2026/01/09;2100 UTC;0;1016,7;1017,3;1016;546,2;21,7;15,7;21,9;21,5;15,9;15,4;72;68;70;94;13,2;10,2;
2026/01/09;2200 UTC;0;1016,3;1016,7;1015,7;138,5;21,4;16,6;21,6;21,3;17,4;15,9;80;72;76;82;11,2;8,2;
2026/01/09;2300 UTC;0;1016,6;1016,8;1016,3;7,5;21,2;17,9;21,4;20,8;18,7;17,1;89;79;84;89;12,9;8,7;
2026/01/10;0000 UTC;1;1016,6;1016,9;1016,2;0;20,8;19;21;20,7;19,6;18,4;94;88;91;94;11,9;8,9;
2026/01/10;0100 UTC;1,4;1016,4;1016,6;1016,3;0;20,6;19,7;20,8;20,5;19,8;19,4;96;94;95;89;13;9,5;
2026/01/10;0200 UTC;7,4;1016,1;1016,4;1015,7;,4;20,5;19,7;20,7;20;20;19,4;97;95;96;91;13,3;10,2;
2026/01/10;0300 UTC;4,2;1014,9;1015,6;1014,1;,1;20,4;20;20,8;20,2;20,4;19,6;98;97;98;102;14,3;10,8;
2026/01/10;0400 UTC;1,2;1013,2;1014,2;1012,2;0;20,9;20,6;21;20,7;20,7;20,3;99;98;98;96;16,2;11,5;
2026/01/10;0500 UTC;5,2;1011,7;1012,4;1010,9;0;21,1;20,8;21,2;20,9;21;20,6;99;98;99;96;15;10,9;
2026/01/10;0600 UTC;4,2;1010,2;1010,9;1009,3;0;21,6;21,4;21,9;21,2;21,7;21;99;99;99;71;15,1;10,7;
2026/01/10;0700 UTC;,2;1008,3;1009,3;1007,5;0;22;21,7;22;21,9;21,7;21,6;99;98;98;74;15;11,4;
2026/01/10;0800 UTC;0;1007,4;1007,6;1007;0;22,3;21,4;22,5;22;21,6;20,4;98;91;96;46;15,4;9,7;
2026/01/10;0900 UTC;0;1007,4;1007,6;1007,3;,6;22,2;20,6;22,3;22,2;20,8;20,4;93;91;92;38;10,8;6,8;
2026/01/10;1000 UTC;,2;1007,4;1007,6;1007,1;18,4;22,4;21;22,5;22,2;21,1;20,8;94;92;93;31;12,8;6,6;
2026/01/10;1100 UTC;0;1007,5;1007,6;1007,3;128,9;22,1;20,8;22,3;22;21,1;20,5;95;92;93;60;9,2;5,4;
2026/01/10;1200 UTC;0;1007,2;1007,4;1006,9;803,4;22,9;20,7;23,9;22,1;21,2;20,3;92;85;89;103;9,7;5,4;
2026/01/10;1300 UTC;0;1006,3;1006,9;1006;2252,2;25;21;26,2;23,8;21,5;20,7;86;75;80;270;11;6;
2026/01/10;1400 UTC;0;1005,5;1006,1;1005,2;2445,2;26,4;20,9;27,4;25,8;21,5;20,4;76;67;72;331;12,9;7,9;
2026/01/10;1500 UTC;0;1004,7;1005,2;1004,2;3251,2;27,5;20,9;28,1;26,7;21,5;20,6;71;64;67;321;13,9;8,8;
2026/01/10;1600 UTC;0;1004;1004,5;1003,7;3936,1;28,3;21;28,7;27,7;21,5;20,5;67;60;64;325;12,9;8,2;
2026/01/10;1700 UTC;0;1003,3;1003,7;1002,9;3755,6;29,1;21,6;29,7;28,4;22,2;21;65;60;62;326;16,7;9,9;
2026/01/10;1800 UTC;0;1002,8;1003,2;1002,4;3611,8;29,7;22;30,2;29,2;22,6;21,6;64;59;62;327;15,6;9,4;
2026/01/10;1900 UTC;0;1002,8;1003,1;1002,6;2611,3;29,8;20,9;30,4;28,8;22,4;19,9;62;50;55;306;15;7,4;
2026/01/10;2000 UTC;0;1003;1003,2;1002,7;2192,2;29,2;19,3;30,1;28,3;20,4;18,8;54;47;51;291;11,6;6,9;
2026/01/10;2100 UTC;0;1003,3;1003,4;1003;1580,2;27,8;18,2;28,8;27,1;19,3;17,6;54;51;52;287;10,1;6,1;
2026/01/10;2200 UTC;0;1003,4;1003,7;1003,1;709,3;25,6;17,1;27,1;23,8;17,9;16,1;62;53;58;284;10,3;6,5;
2026/01/10;2300 UTC;0;1003,8;1004;1003,6;153,6;22,6;15,7;23,7;21,5;16,1;15,5;70;62;66;302;8,2;4,9;
2026/01/11;0000 UTC;0;1004,2;1004,5;1004,1;0;20,8;15,5;21,4;20,2;15,6;15,4;76;71;73;317;8,6;5,6;
2026/01/11;0100 UTC;0;1004,4;1004,5;1004,2;0;19,7;15,1;20,2;19,2;15,5;14,7;78;76;77;315;11,2;6,7;
2026/01/11;0200 UTC;0;1004,1;1004,3;1003,7;0;18,5;14,6;19,2;18,2;14,8;14,5;82;78;80;320;9,7;5,9;
2026/01/11;0300 UTC;0;1003,8;1003,9;1003,6;0;18,2;14,6;18,3;18,1;14,7;14,4;82;81;82;318;10;5,7;
2026/01/11;0400 UTC;0;1003,6;1003,7;1003,4;0;18,4;15;18,5;18,3;15,3;14,7;85;81;83;322;11;6,4;
2026/01/11;0500 UTC;0;1003,5;1003,6;1003,3;0;18,3;15,5;18,4;18,1;15,9;15,3;89;85;86;328;7,6;4,2;
2026/01/11;0600 UTC;0;1003,2;1003,4;1002,9;,1;17,9;16,3;18,1;17,5;16,7;15,9;96;89;92;327;8,6;5,1;
2026/01/11;0700 UTC;0;1003;1003,2;1002,9;0;17,6;16,8;17,7;17,5;16,8;16,7;96;95;96;333;7,1;4,5;
2026/01/11;0800 UTC;,4;1003,2;1003,3;1003,1;0;17,7;17,1;17,8;17,6;17,2;16,8;97;96;97;333;7,6;4,9;
2026/01/11;0900 UTC;0;1003,5;1003,6;1003,3;11,6;17,8;17,2;17,9;17,7;17,4;17,1;98;97;97;331;7,3;4,3;
2026/01/11;1000 UTC;0;1003,9;1004,2;1003,6;116,4;18,1;17,6;18,4;17,8;17,9;17,4;98;97;97;326;7,6;4,3;
2026/01/11;1100 UTC;0;1004,3;1004,6;1004,1;383,7;18,7;18,1;19,1;18,5;18,5;17,9;97;97;97;317;6;3,5;
2026/01/11;1200 UTC;,6;1004,7;1004,9;1004,6;829,4;19,5;18,7;19,8;19,1;19;18,3;97;95;96;289;3,7;2,4;
2026/01/11;1300 UTC;0;1005,1;1005,4;1004,8;1101,5;20,4;19;21,8;19,7;20,1;18,5;96;90;93;191;4,6;3,3;
2026/01/11;1400 UTC;0;1005,6;1005,8;1005,3;1901,9;22,9;20;23,7;21,7;20,6;19,1;90;81;85;179;7,8;6,1;
2026/01/11;1500 UTC;0;1006;1006,3;1005,7;1761,6;23,1;19,4;23,8;22,4;20,3;18,6;85;78;82;178;9,2;7,7;
2026/01/11;1600 UTC;0;1006,5;1006,7;1006,3;2909,9;24,6;19,5;25,7;23,4;20,2;18,8;81;71;75;176;9,1;7,6;
2026/01/11;1700 UTC;0;1006,8;1007;1006,7;2688,3;25,1;19,8;26,7;23,1;20,6;19;82;65;73;183;9;7,7;
2026/01/11;1800 UTC;0;1007,1;1007,2;1007;3420,4;26,7;19,7;27,6;25,8;20,4;19,3;69;62;65;184;9,5;8,1;
2026/01/11;1900 UTC;0;1007,3;1007,4;1007,1;3024,1;26,7;19,5;27,1;26,1;20;19,1;67;62;64;184;8,7;7,4;
2026/01/11;2000 UTC;0;1007,4;1007,5;1007,3;2344,5;26,2;19,4;27;25,5;19,9;19;70;63;66;179;10,2;8,2;
2026/01/11;2100 UTC;0;1007,6;1007,8;1007,4;1527,9;25,1;19;25,6;24,4;19,5;18,5;72;68;70;175;9,9;8,2;
2026/01/11;2200 UTC;0;1008,1;1008,3;1007,8;562,9;23,6;18,4;24,5;22,3;18,9;18;80;70;74;178;8,9;7,5;
2026/01/11;2300 UTC;0;1008,6;1008,8;1008,2;39,2;22,2;18,7;22,3;22,1;19,1;18,1;84;79;82;169;8,8;7,2;
2026/01/12;0000 UTC;0;1009,1;1009,4;1008,7;0;22,1;19;22,2;21,9;19,3;18,5;86;82;84;166;7,5;6,1;
2026/01/12;0100 UTC;0;1010;1010,3;1009,5;0;21,9;18,9;22;21,7;19,2;18,7;86;84;85;147;6,2;4,9;
2026/01/12;0200 UTC;0;1010,4;1010,5;1010,3;0;21,6;18,7;21,7;21,5;19;18,4;86;84;85;152;6,1;5,1;
2026/01/12;0300 UTC;0;1010,6;1010,6;1010,5;0;21,4;18,3;21,6;21,4;18,6;18;85;83;84;152;5,8;4,8;
2026/01/12;0400 UTC;0;1010,5;1010,6;1010,4;0;21,3;18,3;21,5;21,2;18,5;18;86;83;85;159;5,5;4,1;
2026/01/12;0500 UTC;0;1010,5;1010,6;1010,4;0;21;18,2;21,2;20,9;18,5;17,9;87;85;86;172;4,8;3,6;
2026/01/12;0600 UTC;0;1010,5;1010,5;1010,4;0;20,9;18,3;21;20,7;18,5;18,1;88;86;87;163;4,8;3,6;
2026/01/12;0700 UTC;0;1010,6;1010,6;1010,5;0;21,1;18,4;21,2;20,9;18,7;18,2;88;86;87;156;5,4;4,2;
2026/01/12;0800 UTC;0;1010,8;1011,2;1010,6;0;21;18,5;21,1;20,9;18,6;18,2;88;86;87;154;4,3;3,5;
2026/01/12;0900 UTC;0;1011,6;1011,8;1011,2;29,7;19,6;17,4;21;18,3;18,5;16,5;95;84;89;248;2,8;1,5;
2026/01/12;1000 UTC;0;1012,2;1012,6;1011,8;367,7;20,7;18,8;22,9;19,3;19,4;18;95;81;90;150;4,5;3,7;
2026/01/12;1100 UTC;0;1013;1013,3;1012,6;1214,2;23,7;19,2;24,5;22,9;19,5;18,9;80;73;78;153;5,2;4,4;
2026/01/12;1200 UTC;0;1013,5;1013,8;1013,2;1987,9;25,2;19,6;25,9;24,4;20,1;19,2;75;69;72;161;5,6;4,2;
2026/01/12;1300 UTC;0;1013,9;1014;1013,8;2859,2;26;19,9;26,4;25,6;20,2;19,7;71;68;69;131;5,1;4,3;
2026/01/12;1400 UTC;0;1013,9;1013,9;1013,8;3333,8;26,4;20;26,7;26;20,4;19,7;70;66;68;138;5;4,3;
2026/01/12;1500 UTC;0;1013,9;1014,1;1013,8;3262,2;27,1;20,3;27,6;26,4;20,7;19,9;68;63;66;146;4,9;3,8;
2026/01/12;1600 UTC;0;1014;1014,1;1013,8;3898;27,5;20,4;28;27,2;20,8;19,8;66;62;64;148;5,7;4,6;
2026/01/12;1700 UTC;0;1013,6;1013,8;1013,5;3878,8;27,5;20,2;27,9;27;20,6;19,9;66;61;64;144;6,1;5,1;
2026/01/12;1800 UTC;0;1013,4;1013,5;1013,2;3523;26,7;20;27,1;26,5;20,3;19,7;68;64;66;139;7,3;5,7;
2026/01/12;1900 UTC;0;1013,1;1013,2;1013,1;3051,8;26,4;19,9;26,6;26;20,2;19,6;69;65;68;135;6,4;5,5;
2026/01/12;2000 UTC;0;1012,9;1013,1;1012,6;2349,9;26;19,9;26,4;25,6;20,4;19,6;72;68;70;147;6,7;5,5;
2026/01/12;2100 UTC;0;1012,7;1012,8;1012,6;1550;25,5;20;25,8;25,3;20,4;19,7;75;71;73;122;7,2;5,7;
2026/01/12;2200 UTC;0;1013;1013,1;1012,8;724,6;24,8;20,1;25,4;24,2;20,4;19,7;81;73;76;130;6,6;5,7;
2026/01/12;2300 UTC;0;1013,2;1013,3;1013,1;116,6;23,5;20,1;24,2;22,9;20,4;19,5;86;80;83;120;7,2;6,1;
2026/01/13;0000 UTC;0;1013,5;1013,7;1013,3;0;22,7;20,4;22,9;22,6;20,7;20;90;86;88;117;7,3;6;
2026/01/13;0100 UTC;0;1014;1014,2;1013,6;0;22,8;21;22,9;22,7;21,3;20,6;92;90;91;126;7,7;6,4;
2026/01/13;0200 UTC;0;1013,9;1014,2;1013,8;0;22,8;21,1;22,8;22,7;21,4;20,9;93;91;92;122;8,2;6,8;
2026/01/13;0300 UTC;0;1013,8;1013,9;1013,6;0;22,7;21,4;22,9;22,5;21,6;21;94;93;93;104;7,4;5,7;
2026/01/13;0400 UTC;0;1013,5;1013,8;1013,2;0;22,3;20,4;22,4;22,2;20,9;20;93;89;91;98;7;5,2;
2026/01/13;0500 UTC;0;1012,9;1013,2;1012,7;0;22,3;20,6;22,5;22,2;20,9;20,3;92;90;91;97;7,7;5,5;
2026/01/13;0600 UTC;0;1012,6;1012,8;1012,5;0;22,3;20,6;22,5;22,2;20,9;20,2;92;90;92;77;7,5;5,4;
2026/01/13;0700 UTC;0;1012,5;1012,6;1012,3;0;22,4;20,4;22,6;22,2;20,7;19,9;91;89;90;70;6,4;4,4;
2026/01/13;0800 UTC;0;1012,2;1012,3;1012;0;22,2;20,2;22,3;22,1;20,4;19,8;91;88;90;62;6,5;4,4;
2026/01/13;0900 UTC;0;1012,5;1012,9;1012;21,2;21,7;19,7;22,2;21,6;19,8;19,6;91;88;90;28;3,5;2,4;
2026/01/13;1000 UTC;0;1013,2;1013,6;1012,9;383,4;22;19,6;23;21,6;19,7;19,5;90;83;88;52;3,3;2;
2026/01/13;1100 UTC;0;1014,1;1014,5;1013,6;1343,6;24,5;20,3;25,9;23,1;21;19,6;83;74;79;89;4,1;2,7;
2026/01/13;1200 UTC;0;1014,6;1014,8;1014,5;2129,2;26,6;21,3;27,1;26;21,6;20,9;75;72;73;95;5,2;4,1;
2026/01/13;1300 UTC;0;1014,7;1014,9;1014,5;2807,8;27,4;21,9;28,1;26,8;22,4;21,4;75;69;72;107;6,1;5;
2026/01/13;1400 UTC;0;1015;1015,2;1014,9;3327,9;27,8;22;28,4;27,2;22,5;21,6;74;69;71;107;5,4;4,3;
2026/01/13;1500 UTC;0;1015,1;1015,2;1015;3214,2;28,6;22,3;28,9;28,1;22,8;21,8;72;65;69;120;7,3;5,7;
2026/01/13;1600 UTC;0;1014,7;1015;1014,4;3827;28,5;22,6;28,9;28,1;22,9;22,4;72;69;71;118;6,7;5,4;
2026/01/13;1700 UTC;0;1014,2;1014,4;1014;3831,4;28,9;22,5;29,3;28,5;22,9;22,2;70;66;68;108;6,8;5,2;
2026/01/13;1800 UTC;0;1013,9;1014,1;1013,8;3464,7;28,7;22,4;29,2;28;22,7;22;71;65;68;125;6,8;5,5;
2026/01/13;1900 UTC;0;1013,6;1014;1013,2;2995,4;28,2;22,3;28,5;27,9;22,5;21,9;72;69;70;117;6,6;5,2;
2026/01/13;2000 UTC;0;1013,3;1013,4;1013,2;2311,4;27,4;22,1;28,1;26,6;22,4;21,8;78;70;73;131;8,2;7;
2026/01/13;2100 UTC;0;1013,1;1013,4;1012,9;1420,7;26,4;21,9;26,6;25,8;22,5;21,6;80;76;78;122;8,4;6,8;
2026/01/13;2200 UTC;0;1013,1;1013,3;1012,9;614,3;25,4;21,8;26,2;24,4;22,2;21,6;86;79;82;120;8,7;7;
2026/01/13;2300 UTC;0;1013,1;1013,4;1013;54,2;24,1;21,7;24,4;23,8;22;21,4;90;86;88;124;8,1;6,8;
2026/01/14;0000 UTC;0;1013,8;1013,9;1013,4;0;23,7;22,1;23,9;23,5;22,3;21,9;94;90;92;139;7,6;6,1;
2026/01/14;0100 UTC;0;1014;1014,3;1013,8;0;23,4;22,1;23,6;23,2;22,3;21,7;94;92;93;113;7,3;5,7;
2026/01/14;0200 UTC;0;1014;1014,3;1013,8;0;23,1;21,9;23,3;23;22;21,7;95;93;94;96;7;5,4;
2026/01/14;0300 UTC;0;1014,1;1014,3;1013,9;0;22,9;21,8;23;22,9;21,9;21,7;95;94;94;88;4,7;3,3;
2026/01/14;0400 UTC;0;1014,3;1014,4;1014,3;0;23;21,7;23,1;22,9;21,8;21,6;95;93;94;64;3,5;2,1;
2026/01/14;0500 UTC;0;1014;1014,3;1013,8;0;23;21,5;23,1;22,8;21,6;21,5;93;92;93;246;1,3;,8;
2026/01/14;0600 UTC;0;1013,3;1013,8;1012,9;0;22,7;21,5;22,8;22,7;21,5;21,4;94;93;94;274;,9;,5;
2026/01/14;0700 UTC;0;1013,2;1013,5;1012,9;0;22,6;21,6;22,7;22,5;21,6;21,5;96;94;95;274;2,5;1,3;
2026/01/14;0800 UTC;0;1013,4;1013,5;1013,2;0;22,4;21,6;22,5;22,2;21,7;21,5;96;96;96;308;2,6;1,8;
2026/01/14;0900 UTC;0;1013,5;1013,7;1013,2;4,4;22,3;20,9;22,5;22,1;21,5;20,4;96;90;93;266;3,2;1,6;
2026/01/14;1000 UTC;0;1014;1014,2;1013,7;96,9;22,6;20,6;22,7;22,4;20,9;20,4;92;89;90;245;3,7;2;
2026/01/14;1100 UTC;0;1014,6;1014,9;1014,3;343,9;22,8;20,5;22,9;22,7;20,8;20,3;90;87;88;251;4,1;2,2;
2026/01/14;1200 UTC;0;1014,9;1015;1014,8;619,5;23,3;20,4;23,6;22,9;20,6;20,2;88;84;86;235;5;2,4;
2026/01/14;1300 UTC;0;1014,8;1014,8;1014,7;1433,9;24,6;20,6;26,3;23,6;21,7;20,3;85;74;80;212;5,1;2,5;
2026/01/14;1400 UTC;0;1014,8;1014,9;1014,7;3056,6;27,9;21,8;28,8;26,3;22,1;21,3;76;65;69;147;5,8;4,7;
2026/01/14;1500 UTC;0;1014,7;1014,8;1014,6;3123,6;27,7;21,6;28,1;27,4;21,9;21,3;72;68;70;139;7,4;6,2;
2026/01/14;1600 UTC;0;1014,6;1014,7;1014,5;3825,4;27,5;21,4;28,1;27,1;21,8;21;72;67;70;131;6,9;6;
2026/01/14;1700 UTC;0;1014,3;1014,5;1014,1;3835,8;27,6;21,7;27,9;27,4;22;21,3;72;68;70;132;7,8;6,7;
2026/01/14;1800 UTC;0;1014;1014,1;1013,8;3456,8;28;21,9;28,6;27,4;22,2;21,7;73;67;70;118;5,6;4,3;
2026/01/14;1900 UTC;0;1013,5;1013,8;1013,2;2985,9;28,5;22,1;28,8;28,2;22,4;21,7;70;66;68;104;6,5;4,9;
2026/01/14;2000 UTC;0;1012,9;1013,2;1012,5;2305,8;27,6;22;28,2;27,1;22,2;21,8;74;69;72;100;7;5,3;
2026/01/14;2100 UTC;0;1012,4;1012,6;1012,2;1470,3;26,6;21,9;27,1;25,8;22,1;21,7;80;73;76;99;7,6;5,9;
2026/01/14;2200 UTC;0;1012,3;1012,4;1012,2;581,4;25,1;21,9;25,9;24,3;22,1;21,6;87;79;84;87;7;5,5;
2026/01/14;2300 UTC;0;1012,5;1012,6;1012,3;67,1;23,8;21,6;24,2;23,5;21,8;21,4;91;87;89;77;7;5,3;
2026/01/15;0000 UTC;0;1012,6;1012,7;1012,5;0;23,5;21,8;23,6;23,5;21,9;21,6;92;91;91;74;7,4;5,5;
2026/01/15;0100 UTC;0;1012,8;1012,9;1012,7;0;23,5;21,7;23,6;23,4;22;21,5;92;91;91;61;7;5;
2026/01/15;0200 UTC;0;1012,8;1013;1012,7;0;23,6;21,5;23,8;23,4;21,9;21,1;92;88;90;32;5,9;3,8;
2026/01/15;0300 UTC;0;1012,7;1013;1012,6;0;22,9;21,1;23,4;22,5;21,3;21;92;89;91;31;5,5;3,4;
2026/01/15;0400 UTC;0;1012,5;1012,6;1012,3;0;22,4;20,9;22,6;22;21;20,8;94;92;93;31;3,4;2,2;
2026/01/15;0500 UTC;0;1012,1;1012,3;1012;0;21,6;20,6;22;21,3;20,9;20,5;96;94;95;314;2,6;1,7;
2026/01/15;0600 UTC;0;1011,8;1012;1011,6;0;21,5;20,8;21,6;21,3;21;20,6;97;96;97;43;3,4;2,3;
2026/01/15;0700 UTC;0;1011,7;1011,8;1011,6;0;22,3;21,6;22,6;21,6;21,8;21;97;96;97;28;2,7;1,5;
2026/01/15;0800 UTC;0;1011,6;1011,7;1011,5;0;22;21,4;22,4;21,7;21,6;21,2;98;96;97;15;2,7;2;
2026/01/15;0900 UTC;0;1011,8;1011,9;1011,6;44,8;22,4;22;22,9;21,8;22,4;21,3;98;97;98;112;3,6;2,3;
2026/01/15;1000 UTC;0;1011,8;1011,9;1011,7;363,2;23,5;22,8;24;22,9;23,2;22,4;97;96;97;82;4,1;2,5;
2026/01/15;1100 UTC;0;1012;1012,2;1011,9;844,6;24,9;23,5;26;24;24;23,2;96;88;93;78;5,2;3,1;
2026/01/15;1200 UTC;0;1012;1012,1;1011,9;1981,6;27,7;23,2;28,6;25,6;23,9;22,8;89;72;78;308;6,6;4;
2026/01/15;1300 UTC;0;1011,8;1011,9;1011,7;2690,4;29,6;23,4;30,4;28,7;24;23;74;65;69;318;7,3;4,3;
2026/01/15;1400 UTC;0;1011,9;1012;1011,7;2911,2;30,8;23,7;31,5;29,8;24,2;23,1;69;60;65;317;8,1;5,3;
2026/01/15;1500 UTC;0;1011,6;1011,8;1011,2;3088;32,4;23,3;33,6;31,3;24,2;22,1;63;43;54;322;7,7;4,7;
2026/01/15;1600 UTC;0;1011;1011,3;1010,4;3880,4;33,6;23,8;34,3;33;24,5;22,6;54;44;51;320;9,3;4,9;
2026/01/15;1700 UTC;0;1010;1010,4;1009,6;3837,1;34,5;23,7;35,4;33,7;24,7;22,8;52;39;46;307;8,7;5,4;
2026/01/15;1800 UTC;0;1009,3;1009,7;1008,8;3460,2;35,5;23,3;36,4;34,9;23,8;22,6;43;35;39;254;8,3;4,5;
2026/01/15;1900 UTC;0;1009,2;1009,3;1008,9;1215,5;31,6;22,7;35,5;29,4;25,1;21,5;67;38;56;324;8,1;5;
2026/01/15;2000 UTC;10,8;1009,7;1011,1;1009;618,7;26,7;21,3;29,5;23,3;22,3;19,7;89;62;73;70;5,2;3,5;
2026/01/15;2100 UTC;5,8;1009,2;1010,1;1008,5;579;24,7;21,3;25,3;23,2;22,2;20,4;90;76;83;307;11,9;5,6;
2026/01/15;2200 UTC;,2;1009,3;1009,8;1009,1;479,2;24,1;22;25;23;22,7;20,8;93;85;90;45;5,3;3,4;
2026/01/15;2300 UTC;0;1009,9;1010,1;1009,8;100,4;24,7;22;25,2;24,4;22,5;21,2;89;83;86;33;8,8;5;
2026/01/16;0000 UTC;0;1010,2;1010,4;1010;0;24,4;21,9;24,6;24,1;22,3;21,2;90;84;88;35;6,8;4,7;
2026/01/16;0100 UTC;,6;1010,5;1010,8;1010,2;,9;24,2;21,8;24,8;23,9;22;21,6;90;84;88;28;6;3,8;
2026/01/16;0200 UTC;0;1010,6;1010,8;1010,5;0;24;21,9;24,1;23,9;22,1;21,7;91;89;90;23;6,1;4;
2026/01/16;0300 UTC;0;1010,8;1011,5;1010,5;0;24;22,2;24,2;23,8;22,5;22;92;90;91;233;8,5;4,3;
2026/01/16;0400 UTC;0;1011,5;1011,8;1011,3;0;24,1;22,4;24,5;23,8;22,6;21,9;94;87;91;178;6,7;5,3;
2026/01/16;0500 UTC;0;1011;1011,3;1010,7;0;23,7;22,7;23,9;23,6;23;22,4;95;93;95;149;6,3;5,1;
2026/01/16;0600 UTC;0;1010,6;1010,9;1010,3;0;23,6;22,5;23,7;23,5;22,7;22,4;95;94;95;187;6,4;4,5;
2026/01/16;0700 UTC;0;1010,7;1010,9;1010,5;0;23,3;22,3;23,6;23,2;22,5;22,1;95;94;95;189;8,1;6,3;
2026/01/16;0800 UTC;0;1010,8;1011,3;1010,5;0;23,2;22,1;23,3;23;22,2;21,9;95;94;95;188;10;7,7;
2026/01/16;0900 UTC;0;1011,9;1012,5;1011,3;2,9;23,3;21,8;23,4;23,1;22,2;21,2;94;90;93;179;11,2;9,1;
2026/01/16;1000 UTC;0;1013,2;1013,9;1012,5;125,1;23,4;21,3;23,4;23,3;21,7;20,8;91;88;90;177;15,2;12;
2026/01/16;1100 UTC;0;1014,4;1014,7;1013,9;365;23,2;20,8;23,6;23,1;21,3;20,5;89;86;88;171;13,4;10,2;
2026/01/16;1200 UTC;0;1014,8;1015;1014,6;1500,3;23,9;20,5;24,9;23;20,9;20,2;87;79;83;169;12,6;10,1;
2026/01/16;1300 UTC;0;1015;1015,2;1014,8;2374,6;24,9;20,9;25,5;24,3;21,4;20,4;84;78;80;165;11,4;9,5;
2026/01/16;1400 UTC;0;1015,3;1015,6;1015;3090,5;26;20,1;26,5;25,4;21,3;19;80;63;70;167;10,2;8,4;
2026/01/16;1500 UTC;0;1015,9;1016,1;1015,6;3101,1;26,9;18,8;27,4;26,4;19,8;17,9;65;54;59;163;10,4;7,8;
2026/01/16;1600 UTC;0;1016,1;1016,3;1015,8;3978,2;27,1;18,6;27,3;26,9;19,4;17,8;62;54;57;156;9,9;8,1;
2026/01/16;1700 UTC;0;1016,1;1016,2;1015,9;3923,1;27,1;18,8;27,3;26,9;19,3;18,1;62;54;58;152;9,2;7,4;
2026/01/16;1800 UTC;0;1016,2;1016,4;1016;3557,3;27;19,1;27,2;26,7;19,6;18,6;64;57;61;153;8,6;7,2;
2026/01/16;1900 UTC;0;1016,1;1016,2;1015,9;3055,5;26,5;18,8;26,8;26,3;19,5;18,2;65;58;61;160;8,8;7;
2026/01/16;2000 UTC;0;1016;1016,1;1015,9;2350,8;26,1;18,3;26,7;25,4;19;17,8;65;59;61;156;8,5;7;
2026/01/16;2100 UTC;0;1016;1016,2;1015,9;1524,3;25,2;18;25,6;24,6;18,5;17,7;68;62;64;160;8,3;7;
2026/01/16;2200 UTC;0;1015,8;1015,9;1015,6;701,2;23,8;17,5;24,6;23,2;18,3;16,9;71;65;68;155;8,4;6,6;
2026/01/16;2300 UTC;0;1015,9;1016;1015,7;102,7;22,5;17;23,2;22,1;17,7;16,5;76;70;72;151;7,4;5,8;
2026/01/17;0000 UTC;0;1016;1016,3;1015,9;0;21,9;16,5;22,1;21,7;17,2;16;76;71;73;136;6;4,8;
2026/01/17;0100 UTC;0;1016,4;1016,5;1016,3;0;21,5;16;21,8;21,2;16,5;15,6;75;71;73;126;6;4,2;
2026/01/17;0200 UTC;0;1016,3;1016,5;1016,2;0;21,3;15,7;21,6;21,1;16,2;15;74;69;72;121;6,2;4,3;
2026/01/17;0300 UTC;0;1016,2;1016,5;1015,9;0;20,8;15;21,1;20,7;15,4;14,7;73;69;71;100;5,4;4,1;
2026/01/17;0400 UTC;0;1015,7;1015,9;1015,4;0;20,6;15;20,8;20,5;15,3;14,6;73;70;72;103;5,2;3,4;
2026/01/17;0500 UTC;0;1015,2;1015,4;1015;0;20,4;15;20,6;20,3;15,3;14,7;75;71;73;104;4,4;2,9;
2026/01/17;0600 UTC;0;1014,7;1015;1014,5;0;20,3;15,5;20,4;20,2;15,9;15,2;78;74;76;103;4,3;3,1;
2026/01/17;0700 UTC;0;1014,5;1014,6;1014,4;0;20,1;15,5;20,4;18,5;15,9;14,4;80;76;77;179;4,1;1,4;
2026/01/17;0800 UTC;0;1014,7;1014,7;1014,5;0;16,2;14,2;18,3;15,6;14,4;14,1;93;80;90;297;2;1,3;
2026/01/17;0900 UTC;0;1014,6;1014,7;1014,5;13,7;15,3;14,1;15,5;15,1;14,4;13,9;95;93;94;295;2;1,5;
2026/01/17;1000 UTC;0;1014,5;1014,7;1014,4;421,5;16,8;15;18,6;15,5;15,6;14,4;94;85;91;286;2,2;1,6;
2026/01/17;1100 UTC;0;1014,6;1014,7;1014,5;1214,9;20,9;16,5;23,1;18,7;17,4;15,6;85;71;78;177;1,9;,9;
2026/01/17;1200 UTC;0;1014,7;1014,8;1014,6;1987;24,2;17,2;24,9;23,2;17,9;16,4;72;60;65;97;3,1;2,1;
2026/01/17;1300 UTC;0;1014,7;1014,8;1014,6;2808,9;25,3;17,5;26;24,4;18,3;17;64;59;61;102;4,6;3,3;
2026/01/17;1400 UTC;0;1014,7;1014,8;1014,6;3342,6;26,1;18,2;26,5;25,6;18,7;17,7;63;58;60;92;5,9;4,4;
2026/01/17;1500 UTC;0;1014,4;1014,6;1014,2;3316,7;26,6;18,6;27;26,2;19,2;18,1;62;58;60;84;6,2;4,7;
2026/01/17;1600 UTC;0;1014;1014,3;1013,7;3973,3;26,9;19,1;27,4;26,6;19,7;18,6;63;59;61;90;7;5,3;
2026/01/17;1700 UTC;0;1013,4;1013,8;1013;3916,3;27,1;19,3;27,6;26,6;19,8;18,8;63;59;61;77;7,6;5,2;
2026/01/17;1800 UTC;0;1012,7;1013,1;1012,3;3545,8;26,8;19,3;27,1;26,5;19,7;18,8;64;60;62;75;7,8;5,6;
2026/01/17;1900 UTC;0;1011,9;1012,3;1011,4;3049,8;26,8;19,5;27,1;26,4;19,9;19,1;65;61;63;73;7,6;5,7;
2026/01/17;2000 UTC;0;1010,9;1011,4;1010,5;2334,4;26,3;19,4;26,7;25,8;19,9;18,9;68;63;65;72;8,1;6,3;
2026/01/17;2100 UTC;0;1010;1010,4;1009,5;1521,6;25,5;19,2;25,9;25;19,5;18,6;71;66;68;61;8,8;6,3;
2026/01/17;2200 UTC;0;1009,6;1009,7;1009,5;701,6;24,8;18,8;25,2;24,4;19,2;18,4;72;67;70;57;7,6;5,4;
2026/01/17;2300 UTC;0;1009,7;1009,9;1009,5;102,4;23,9;18,1;24,4;23,6;18,6;17,5;73;70;71;55;7,4;4,7;
2026/01/18;0000 UTC;0;1009,9;1010,1;1009,8;0;23,4;17,3;23,6;23;17,7;16,6;71;68;69;33;5,5;3,5;
2026/01/18;0100 UTC;0;1010,4;1010,6;1010,1;0;22,5;16;22,8;22,3;16,7;15,7;69;66;68;22;5,3;3,3;
2026/01/18;0200 UTC;0;1010,6;1010,7;1010,4;0;22;16,2;22,3;21,1;16,6;15,6;77;67;71;78;4,7;3,2;
2026/01/18;0300 UTC;0;1010,6;1010,8;1010,4;0;20,5;16,4;21,1;20,1;16,5;16,4;82;77;80;32;2,8;1,7;
2026/01/18;0400 UTC;0;1010,9;1011;1010,8;0;20;16,6;20,5;19,3;17,3;16,2;86;81;83;102;1,6;1,3;
2026/01/18;0500 UTC;0;1010,5;1010,9;1010;0;19,6;17;20,7;18,8;17,7;16,3;90;84;87;19;2,5;2;
2026/01/18;0600 UTC;0;1009,7;1010,1;1009,4;0;19;17;19,2;18,8;17,2;16,9;91;89;90;234;3,1;2,4;
2026/01/18;0700 UTC;0;1009,2;1009,4;1009;0;18,7;16,9;18,9;18,6;17,1;16,8;92;90;91;348;2,8;2,2;
2026/01/18;0800 UTC;0;1009,1;1009,3;1009,1;0;18,6;17,2;18,8;18,4;17,5;16,9;95;92;93;304;1,7;1,2;
2026/01/18;0900 UTC;0;1010;1010,5;1009,3;4,6;20,2;19,3;21,8;18,3;20,9;17,1;99;94;96;168;5;2,6;
2026/01/18;1000 UTC;0;1010,8;1011,1;1010,5;140,9;21,5;20,1;22;21,3;20,8;19,7;95;92;93;262;2,4;1,3;
2026/01/18;1100 UTC;0;1011,2;1011,6;1011;911,6;23,6;21;25,5;21,7;21,6;20,1;92;80;87;189;6,1;4,3;
2026/01/18;1200 UTC;0;1011,9;1012,2;1011,6;1529,9;26;21,1;27;24,4;21,7;19,8;84;66;76;170;8,4;7,2;
2026/01/18;1300 UTC;0;1012,3;1012,5;1012,1;1836,2;26,1;20,4;26,7;25,4;21,1;19,6;77;65;72;160;11,1;8,8;
2026/01/18;1400 UTC;0;1012,7;1013,2;1012,3;2865,5;26,1;19,8;26,9;25;20,5;19;75;62;68;162;12,2;9,9;
2026/01/18;1500 UTC;0;1013,4;1013,8;1013,1;3047,4;26,8;18,4;27,5;26,1;19,1;17,6;63;53;58;158;11,7;9;
2026/01/18;1600 UTC;0;1013,8;1014,2;1013,5;1677,9;24,7;18,8;26;24,1;19,6;18,1;76;65;71;166;13,5;11,1;
2026/01/18;1700 UTC;0;1014,5;1014,8;1014;3261,4;25,7;18,7;26,5;24,6;19,2;17,9;70;61;65;172;13,3;10,6;
2026/01/18;1800 UTC;0;1014,8;1015;1014,5;911,8;23,2;17,5;24,4;22,3;18,6;16,8;75;67;72;172;16,7;13,7;
2026/01/18;1900 UTC;0;1014,8;1015;1014,5;763,7;22,2;16,2;22,6;22;16,9;15,3;73;64;70;169;17,8;14,5;
2026/01/18;2000 UTC;0;1014,9;1015,1;1014,6;1443,4;22,6;15,1;23,1;22,2;15,7;14,1;66;57;62;165;17,2;13,5;
2026/01/18;2100 UTC;0;1015,3;1015,7;1015,1;1523,6;22,6;13,9;23,1;22;14,9;13,1;62;52;57;161;16,9;13;
2026/01/18;2200 UTC;0;1016;1016,2;1015,6;559;21,6;14,1;22,3;21,1;15;13,3;66;60;62;164;16,5;12,8;
2026/01/18;2300 UTC;0;1016,5;1017;1016,1;96,9;20,8;13,4;21,1;20,5;14,1;12,8;67;60;63;165;16;13;
2026/01/19;0000 UTC;0;1017,4;1018;1016,9;0;20,6;12,6;20,7;20,4;13,6;11,9;65;57;60;163;17,6;13,3;
2026/01/19;0100 UTC;0;1018,4;1018,8;1017,9;0;20,2;11,9;20,4;20,1;12,6;10,8;62;53;58;168;15,6;11,9;
2026/01/19;0200 UTC;0;1019,2;1019,7;1018,7;0;20;11,3;20,2;19,9;12,3;9,9;61;49;56;168;15,1;10,5;
2026/01/19;0300 UTC;0;1019,9;1020,1;1019,6;0;19,7;11,5;19,9;19,6;12,2;10,5;62;53;59;171;13,9;10,6;
2026/01/19;0400 UTC;0;1020;1020,1;1019,8;0;19,6;11,6;19,7;19,5;12,2;11;63;57;60;169;13,3;9,8;
2026/01/19;0500 UTC;0;1019,6;1019,8;1019,4;0;19,3;11,5;19,5;19,1;12,3;10,9;65;58;61;170;12,1;9,8;
2026/01/19;0600 UTC;0;1019,3;1019,5;1019,2;0;18,9;12;19,1;18,7;12,7;11,2;69;61;66;176;12;9,4;
2026/01/19;0700 UTC;0;1019,1;1019,3;1018,9;0;18,5;11,9;18,7;18,3;12,3;11,5;69;65;67;181;12,8;9,4;
2026/01/19;0800 UTC;0;1019;1019,3;1018,8;0;18,4;11,6;18,5;18,2;12,2;11;69;63;66;176;11,6;9;
2026/01/19;0900 UTC;0;1019,3;1019,5;1019,2;5,9;18,3;11,4;18,4;18,3;12;10,9;68;63;66;176;11,9;8,6;
2026/01/19;1000 UTC;0;1019,7;1020;1019,5;262,9;18,8;11,9;19,4;18,3;12,4;11,4;68;63;65;176;10,9;8,7;
2026/01/19;1100 UTC;0;1020,2;1020,6;1019,8;1102,4;20,3;12,6;21,2;19,4;13,5;11,9;65;57;61;172;13;9,4;
2026/01/19;1200 UTC;0;1020,9;1021,3;1020,6;1610,1;21,2;13;21,8;20,5;13,7;12,4;64;56;59;169;12,4;10,1;
2026/01/19;1300 UTC;0;1021,4;1021,7;1021,1;1743,1;21,5;13,1;22,2;20,7;13,8;12,4;62;53;58;173;11,7;9,2;
2026/01/19;1400 UTC;0;1021,8;1022;1021,7;2359,4;22,9;13,8;24,2;21,7;14,7;13;60;49;55;174;11,7;8,4;
2026/01/19;1500 UTC;0;1021,9;1022;1021,8;2951;23;13,4;24,1;21,4;13,9;12,8;61;46;52;153;12,1;9,4;
2026/01/19;1600 UTC;0;1022;1022,2;1021,7;3871,8;23,9;13,1;24,7;22,8;13,9;12;50;41;46;154;10,8;8,1;
2026/01/19;1700 UTC;0;1022,1;1022,2;1021,7;3976,1;24,3;13,1;25;23,8;14,3;12,4;49;41;44;148;9,4;7,5;
2026/01/19;1800 UTC;0;1021,8;1021,9;1021,6;3663,4;23,9;12,7;24,2;23,6;13,3;11,9;48;40;44;143;9,3;7,4;
2026/01/19;1900 UTC;0;1021,3;1021,6;1021;3134,2;23,8;13,3;24,3;23,4;13,8;12,7;51;44;48;145;8,7;7,1;
2026/01/19;2000 UTC;0;1020,7;1021;1020,3;2408,3;23,4;13,6;23,7;23;14,3;13;55;48;51;155;8,4;7;
2026/01/19;2100 UTC;0;1020,3;1020,4;1020,1;1507,4;22,5;13,7;23,1;21,4;14,5;13,1;62;50;56;142;8;6,1;
2026/01/19;2200 UTC;0;1020,3;1020,4;1020,1;569,3;21,5;13,6;21,9;21,1;14,3;13;63;57;61;131;7,6;5,8;
2026/01/19;2300 UTC;0;1020,3;1020,3;1020,2;92,7;20,6;12,4;21,3;20,2;13,9;11,7;64;56;59;108;6,5;4,7;
2026/01/20;0000 UTC;0;1020,3;1020,3;1020,2;0;20;12;20,2;19,9;13,4;11,1;67;56;60;116;7,1;4,9;
2026/01/20;0100 UTC;0;1020,2;1020,3;1020,2;0;20,1;13;20,7;19,9;14;12;67;60;65;112;6,4;5,1;
2026/01/20;0200 UTC;0;1020,4;1020,5;1020,2;0;20,8;13,2;21;20,7;14,2;12,3;66;58;62;89;7,4;4,9;
2026/01/20;0300 UTC;0;1020,5;1020,6;1020,4;0;20,5;12,4;20,7;20,4;13,1;11,8;63;56;59;78;6,5;4,5;
2026/01/20;0400 UTC;0;1020,5;1020,6;1020,3;0;20;12,2;20,4;18;12,8;11,6;68;58;61;272;3,9;1,8;
2026/01/20;0500 UTC;0;1020,3;1020,4;1020,2;0;16,6;11,6;17,9;15,9;11,9;11,4;80;69;75;291;2,8;2,2;
2026/01/20;0600 UTC;0;1020;1020,2;1019,7;0;16,3;11,9;16,5;16;12;11,7;80;77;78;279;2,9;2,3;
2026/01/20;0700 UTC;0;1019,6;1019,8;1019,5;0;16,1;12;16,3;15,8;12,6;11,7;82;78;80;260;2,6;1,6;
2026/01/20;0800 UTC;0;1019,6;1019,8;1019,5;0;16,7;13,7;17,2;16,2;14,5;12,7;87;82;85;254;4;2,4;
2026/01/20;0900 UTC;0;1019,9;1020;1019,8;9,1;17;14,2;17,2;16,9;14,4;14;87;85;86;263;3,1;2;
2026/01/20;1000 UTC;0;1020,3;1020,5;1020;179,2;17,4;14,1;18,1;16,9;14,2;13,9;87;80;83;237;4;2,7;
2026/01/20;1100 UTC;0;1020,6;1020,7;1020,4;403,5;19,2;14,8;20,3;18,1;15,3;14,2;81;73;78;194;7,2;5,5;
2026/01/20;1200 UTC;0;1021,1;1021,4;1020,7;436,8;19,8;15,8;20,3;19;16,5;14,6;86;73;80;130;8,4;6,9;
2026/01/20;1300 UTC;,2;1021,6;1021,7;1021,4;510,9;18,6;16,4;19,1;18,3;17;15,5;93;85;89;151;6,3;4,9;
2026/01/20;1400 UTC;0;1021,7;1021,8;1021,6;974,1;18,7;15,9;19,4;18,2;16,8;14,9;90;78;86;278;2,8;1,2;
2026/01/20;1500 UTC;,4;1021,8;1021,9;1021,7;826,6;19,6;15,5;20,2;18,2;16,4;14,3;87;73;79;191;4,4;3,3;
2026/01/20;1600 UTC;,4;1021,5;1021,8;1021,2;1436,9;18,6;16;19,7;17,7;16,8;15,2;92;83;87;94;3,8;2,7;
2026/01/20;1700 UTC;0;1021;1021,2;1020,6;1417,4;20;15,5;20,5;19,5;16,6;13,8;85;67;78;55;5,4;3,1;
2026/01/20;1800 UTC;0;1020,3;1020,6;1020,2;1565,4;21,4;15,4;21,8;20,6;16,9;14,4;76;65;70;129;9,1;7,3;
2026/01/20;1900 UTC;0;1019,9;1020,2;1019,7;1489,1;21,3;16,2;21,7;20,9;16,8;15,3;77;71;75;100;8,4;6,3;
2026/01/20;2000 UTC;0;1019,6;1019,8;1019,5;1428;21,8;15;24;21;16,1;14,2;74;58;66;90;6,9;5,2;
2026/01/20;2100 UTC;0;1019,4;1019,6;1019,4;1420,2;22,3;15,7;23,6;21,3;16,5;14,8;71;59;67;104;8,2;5,9;
2026/01/20;2200 UTC;0;1019,3;1019,4;1019,2;466,1;21,2;14,5;21,9;20,8;15,5;13,9;71;62;67;93;7,9;6,4;
2026/01/20;2300 UTC;0;1019,2;1019,3;1019;116,6;20,7;13,8;21,5;20,3;14,3;12,9;68;62;65;83;7;5,2;
2026/01/21;0000 UTC;0;1019,3;1019,6;1019;0;20,3;13;20,4;20,2;13,6;12,4;67;61;64;87;6,7;4,4;
2026/01/21;0100 UTC;0;1019,7;1019,8;1019,6;0;20,2;12,8;20,4;20,1;13,3;12,3;65;61;63;87;6,3;4,4;
2026/01/21;0200 UTC;0;1019,9;1020;1019,8;0;20,1;12,8;20,2;20;13,4;12,4;67;62;63;77;6,5;4,2;
2026/01/21;0300 UTC;0;1020;1020,1;1019,9;0;20,2;13;20,3;20,1;13,5;12,6;66;63;64;73;6;4,2;
2026/01/21;0400 UTC;0;1020,1;1020,2;1019,9;0;19,4;12,8;20,3;18,3;13,4;12,6;71;63;67;58;3,6;2,3;
2026/01/21;0500 UTC;0;1019,7;1019,9;1019,5;0;17,7;12,5;18,3;17;12,6;12,4;77;72;74;140;3,4;2,3;
2026/01/21;0600 UTC;0;1019,3;1019,5;1019,1;0;16,7;12,4;17;16,4;12,5;12,2;79;77;78;343;2,8;2,2;
2026/01/21;0700 UTC;0;1019,1;1019,3;1019,1;0;16,1;12;16,4;15,9;12,2;11,8;80;79;79;335;2,8;2,4;
2026/01/21;0800 UTC;0;1019,4;1019,5;1019,3;0;15,6;11,7;16,1;15,4;11,8;11,6;82;79;81;326;2,9;2,7;
2026/01/21;0900 UTC;0;1019,6;1019,8;1019,5;6;15,2;11,7;15,6;14,7;11,8;11,6;85;81;83;311;2,9;2,8;
2026/01/21;1000 UTC;0;1020,1;1020,3;1019,8;251;15,7;12,2;16,7;14,8;12,6;11,8;85;79;82;309;3;2,6;
2026/01/21;1100 UTC;0;1020,4;1020,5;1020,3;645,1;18,1;13,2;20,1;16,7;14,1;12,5;79;68;75;334;2,1;1,3;
2026/01/21;1200 UTC;0;1020,6;1020,8;1020,5;2038;22,7;14,1;24,5;20;15;13,3;70;50;57;71;4,1;2,5;
2026/01/21;1300 UTC;0;1020,8;1020,9;1020,7;2829,4;24,8;14,8;25,9;24;15,7;13,9;53;47;50;93;5;3,7;
2026/01/21;1400 UTC;0;1020,9;1020,9;1020,8;3358,2;25,5;15,1;26,5;24,8;15,7;14,4;51;43;48;94;5;3,4;
2026/01/21;1500 UTC;0;1020,9;1021;1020,8;3395,9;26,3;15,3;27;25,5;16,1;14,5;48;42;45;109;5,7;4,4;
2026/01/21;1600 UTC;0;1020,8;1020,9;1020,6;3937,7;26,5;15,5;26,9;25,9;16,2;15;48;42;45;104;6,8;4,9;
2026/01/21;1700 UTC;0;1020,6;1020,7;1020,5;3930,8;26,6;15,6;27,1;26,1;16,2;15,1;48;43;45;96;6,7;5;
2026/01/21;1800 UTC;0;1020,2;1020,5;1020;3611,8;26,2;15,2;26,7;25,9;15,9;14,8;48;41;45;92;7;5,2;
2026/01/21;1900 UTC;;;;;;;;;;;;;;;;;;
2026/01/21;2000 UTC;0;1019,5;1019,7;1019,3;2393;25;15;25,6;24,6;15,8;14,6;53;48;50;92;8,1;6,3;
2026/01/21;2100 UTC;0;1019,2;1019,3;1019,1;1551,6;24,2;14,4;24,7;23,9;15;13,8;54;48;51;80;8,4;5,2;
2026/01/21;2200 UTC;0;1019,3;1019,4;1019,1;738,5;23,1;14,3;23,9;22,7;15,7;13,7;65;51;56;76;8;5,8;
2026/01/21;2300 UTC;0;1019,2;1019,3;1019,1;136,4;22;15,2;22,6;21,5;16,1;14,3;69;62;66;70;9,6;6,8;
2026/01/22;0000 UTC;0;1019,3;1019,4;1019,1;0;21,5;15;21,6;21,4;15,9;14,1;72;63;68;71;9,8;6,8;
2026/01/22;0100 UTC;0;1019,5;1019,7;1019,3;0;21,7;15,4;21,7;21,5;16;14,9;72;66;69;64;10;7;
2026/01/22;0200 UTC;0;1019,7;1019,8;1019,6;0;21,6;15,5;21,7;21,5;15,9;14,9;71;67;69;58;9,9;6,6;
2026/01/22;0300 UTC;0;1019,8;1019,9;1019,6;0;21,5;15,9;21,8;21,4;16,8;15,1;75;68;72;76;9,4;6,9;
2026/01/22;0400 UTC;0;1019,5;1019,7;1019,4;,4;20,1;16,3;21,6;19,8;17;15,9;83;76;81;56;6,5;3,6;
2026/01/22;0500 UTC;0;1019,3;1019,4;1019,2;0;19,9;16;20,1;19,4;16,3;15,5;82;80;81;53;4,3;2,3;
2026/01/22;0600 UTC;,2;1018,9;1019,3;1018,7;0;19,8;15,7;20;19,4;16;15,3;81;78;79;175;4,5;2,6;
2026/01/22;0700 UTC;0;1018,8;1018,9;1018,7;0;19,5;15,4;19,6;19,3;15,8;15,1;82;78;80;171;3,4;2;
2026/01/22;0800 UTC;0;1019,2;1019,4;1018,9;0;19,6;15;19,8;19,4;15,2;14,6;78;74;77;263;4,7;2,7;
2026/01/22;0900 UTC;0;1019,4;1019,6;1019,3;4;19,6;14,5;19,8;19,5;14,7;14,3;75;73;74;81;5,1;2,8;
2026/01/22;1000 UTC;0;1019,9;1020,2;1019,6;189,1;19,7;14,3;19,9;19,5;14,5;14,2;74;72;73;62;4,7;2,8;
2026/01/22;1100 UTC;0;1020,3;1020,5;1020,1;632,1;20,9;14,6;21,9;19,7;14,9;14,3;74;65;69;35;6,1;3,7;
2026/01/22;1200 UTC;0;1020,7;1020,9;1020,4;1446,5;22,8;14,8;24,3;22;15,6;14,1;65;53;60;55;9,3;6,4;
2026/01/22;1300 UTC;0;1021;1021,1;1020,9;2838;24,8;15,8;25,5;24,3;16,4;15,1;58;51;55;70;10;7;
2026/01/22;1400 UTC;0;1020,9;1021;1020,7;3328,6;25,4;15,9;25,8;25,1;16,6;15,4;55;50;52;67;9,1;6,8;
2026/01/22;1500 UTC;0;1020,8;1020,9;1020,7;3335,3;25,9;16,1;26,2;25,5;16,6;15,5;54;49;51;74;9,4;6,4;
2026/01/22;1600 UTC;0;1020,6;1020,7;1020,6;3684;26,3;16,5;26,7;25,7;17,3;15,8;55;47;51;75;9,1;6,5;
2026/01/22;1700 UTC;0;1020,4;1020,7;1020,2;4064,3;26,6;17,5;27;26,2;18,1;16,9;57;52;54;80;9,7;7,2;
2026/01/22;1800 UTC;0;1020,1;1020,3;1019,7;1698,1;24,8;17,2;26,7;24,2;18;16,6;65;54;62;80;9,4;6,9;
2026/01/22;1900 UTC;0;1019,4;1019,8;1019;2745,2;25,5;17,7;26,1;24,6;18,1;17,2;65;57;61;78;10,1;7,4;
2026/01/22;2000 UTC;0;1018,9;1019,1;1018,7;2460,6;25,5;17,7;26;25;18,2;17,3;64;57;61;79;10,6;7,6;
2026/01/22;2100 UTC;0;1018,6;1018,8;1018,3;1219,1;24,3;17,6;25,5;23,8;18,3;17,1;70;62;66;72;11;8,3;
2026/01/22;2200 UTC;0;1018,4;1018,5;1018,1;640,1;23,7;17,3;24,3;23,3;18,1;16,5;71;66;68;53;11,3;7,8;
2026/01/22;2300 UTC;0;1018,3;1018,4;1018,1;97;22,8;16,5;23,3;22,4;17,4;15,9;71;66;68;40;11,1;6,8;
2026/01/23;0000 UTC;0;1018,6;1019;1018,3;0;22,2;15,9;22,4;22;16,1;15,7;69;68;69;35;8,6;5,6;
2026/01/23;0100 UTC;0;1019,4;1019,7;1018,9;0;21,9;15,9;22,1;21,8;16;15,8;71;69;70;31;8,3;4,8;
2026/01/23;0200 UTC;0;1019,9;1020,1;1019,7;0;21,7;15,7;21,9;21,6;15,9;15,5;71;70;70;32;6,3;4,1;
2026/01/23;0300 UTC;0;1020,1;1020,2;1020;0;21,3;15,6;21,5;20,9;15,7;15,5;73;70;72;45;5,4;3,3;
2026/01/23;0400 UTC;0;1019,9;1020,2;1019,7;0;20,9;15,7;20,9;20,8;15,9;15,6;75;73;74;33;6,7;4,2;
2026/01/23;0500 UTC;0;1019,4;1019,8;1019,2;0;20,7;16,1;20,9;20,6;16,1;15,9;78;75;77;38;5,6;3,5;
2026/01/23;0600 UTC;0;1019,1;1019,2;1018,9;0;19,9;16;20,5;18,9;16,1;15,8;85;78;81;344;3,2;2,4;
2026/01/23;0700 UTC;0;1019,2;1019,3;1019,1;0;18,4;15,6;18,9;17,7;15,8;15,2;89;84;86;326;1,9;1,6;
2026/01/23;0800 UTC;0;1019,6;1019,9;1019,3;0;18;15,5;18,2;17,8;15,7;15,2;89;86;88;12;2,7;2,1;
2026/01/23;0900 UTC;0;1019,8;1019,9;1019,7;4,4;18,6;15,9;18,9;18,1;16;15,5;88;85;86;25;3,6;2,8;
2026/01/23;1000 UTC;0;1020,1;1020,4;1019,8;182,6;19;16,1;19,5;18,9;16,5;15,9;86;85;85;228;3,3;2,1;
2026/01/23;1100 UTC;0;1020,5;1020,7;1020,4;1109,9;22;16,7;23,5;19,6;17,2;15,9;85;63;73;37;8,3;4,8;
2026/01/23;1200 UTC;0;1020,8;1020,9;1020,6;2182,2;24,7;16,5;25,8;23,5;16,9;16;63;54;59;60;9,2;6,1;
2026/01/23;1300 UTC;0;1021,1;1021,4;1020,8;3130,4;26;17;26,4;25,4;17,7;16,4;59;51;55;68;9,8;6,9;
2026/01/23;1400 UTC;0;1021,5;1021,6;1021,3;3453,3;26,4;16,9;26,7;26;17,3;16,5;55;50;52;64;9,3;6,9;
2026/01/23;1500 UTC;0;1021,2;1021,4;1021;3361,3;26,4;16,9;26,8;26,1;17,4;16,4;55;50;53;61;10,1;7,4;
2026/01/23;1600 UTC;0;1020,9;1021,3;1020,7;3931,1;26,6;16,8;27,2;26,2;17,4;16,2;54;48;51;66;10,2;6,8;
2026/01/23;1700 UTC;0;1020,7;1020,8;1020,5;3919,7;26,8;17;27,1;26,4;17,7;16,6;54;48;51;69;10,1;6,8;
2026/01/23;1800 UTC;0;1020,6;1020,7;1020,5;3592,9;26,6;17;27,1;26,2;17,7;16,5;55;48;52;71;9,1;6,8;
2026/01/23;1900 UTC;0;1020,3;1020,5;1020,1;3105,9;26,4;16,9;26,6;25,9;17,6;16,1;56;49;53;69;9,3;7,4;
2026/01/23;2000 UTC;0;1019,9;1020,2;1019,7;2373,9;25,9;17;26,3;25,4;17,6;16,6;58;53;56;69;10,3;7,3;
2026/01/23;2100 UTC;0;1019,4;1019,7;1019,2;1538,3;24,9;17;25,4;24,3;17,5;16,4;65;56;61;58;10,9;7,6;
2026/01/23;2200 UTC;0;1019,3;1019,5;1019,1;700,5;23,8;17,3;24,2;23,3;17,7;16,9;70;64;67;56;10,8;6,8;
2026/01/23;2300 UTC;0;1019,4;1019,5;1019,2;98,2;22,8;16,9;23,3;22,5;17,4;16,3;73;68;71;50;9,8;6,3;
2026/01/24;0000 UTC;0;1019,5;1019,6;1019,4;0;22,4;16,8;22,5;22,2;17,1;16,4;74;70;72;48;9,5;6,3;
2026/01/24;0100 UTC;0;1019,8;1019,9;1019,6;0;22,2;16,3;22,3;22,1;16,7;15,7;72;68;71;53;9,7;6,9;
2026/01/24;0200 UTC;0;1019,7;1019,9;1019,4;0;22;15,7;22,2;21,7;16,3;15,3;70;67;69;46;9,4;5,7;
2026/01/24;0300 UTC;0;1019,5;1019,7;1019,3;0;21,6;15,3;22;21,3;15,8;15;70;67;69;39;8,4;5,6;
2026/01/24;0400 UTC;0;1019,5;1019,6;1019,4;0;20,9;14,9;21,7;20,3;15,4;14,7;72;68;70;45;6,2;3,4;
2026/01/24;0500 UTC;0;1019,4;1019,6;1019,1;0;19,9;14,6;20,4;19,7;14,7;14,4;74;71;73;36;5,8;3,5;
2026/01/24;0600 UTC;0;1019;1019,1;1018,8;0;19,7;14,6;19,8;19,4;14,6;14,5;76;74;74;22;5,7;3,8;
2026/01/24;0700 UTC;0;1018,5;1018,8;1018,3;0;19,7;14,3;19,9;19,5;14,5;14,1;75;71;73;21;5,8;3,6;
2026/01/24;0800 UTC;0;1018,4;1018,5;1018,3;0;19,4;14,1;19,9;19,1;14,2;14;75;71;73;47;5,2;3,2;
2026/01/24;0900 UTC;0;1018,7;1019;1018,5;4,7;18,2;13,9;19,2;17,6;14;13,8;81;74;78;339;2,9;2,4;
2026/01/24;1000 UTC;0;1019;1019,2;1018,8;267,2;17,9;14;19,6;17,4;14,6;13,7;83;75;81;338;2,7;1,8;
2026/01/24;1100 UTC;0;1019,6;1019,8;1019,2;1119,5;21,7;14,9;22,9;19,7;15,4;14,6;75;59;66;52;5,3;3,3;
2026/01/24;1200 UTC;0;1019,7;1019,9;1019,6;2040,6;24;14,9;25,2;23;15,6;14,4;59;51;54;57;7,6;4,8;
2026/01/24;1300 UTC;0;1019,5;1019,7;1019,4;2608;25,1;15,2;26,1;24,1;16,3;14,5;53;47;51;63;8,1;5;
2026/01/24;1400 UTC;0;1019,6;1019,8;1019,5;3199,6;26,2;16,2;26,8;25,3;17;15,4;53;47;50;72;8,4;6;
2026/01/24;1500 UTC;0;1019,3;1019,5;1019,1;3348,1;26,4;16,6;27;26;17,4;16,1;53;49;51;75;9,2;6,8;
2026/01/24;1600 UTC;0;1019,1;1019,2;1018,9;3917,6;26,6;17;27;26,2;17,5;16,5;53;49;52;73;10;7,3;
2026/01/24;1700 UTC;0;1018,6;1018,9;1018,3;3919;26,4;17;26,8;26,2;17,5;16,5;56;51;53;70;10,8;8,2;
2026/01/24;1800 UTC;0;1018,4;1018,7;1018,1;3594,2;26,3;17,2;26,7;26,1;17,8;16,6;58;52;54;70;11,1;8,5;
2026/01/24;1900 UTC;0;1017,9;1018,1;1017,6;3098,9;26,3;17,3;26,6;25,9;17,8;17;58;53;55;69;11,3;7,8;
2026/01/24;2000 UTC;0;1017,5;1017,8;1017,4;2382,1;25,8;17,5;26,2;25,4;17,9;17,1;60;56;58;63;10,5;7,2;
2026/01/24;2100 UTC;0;1017,2;1017,3;1017,1;1553;25,1;17,6;25,6;24,7;18,2;17,1;67;59;63;60;9,8;7,1;
2026/01/24;2200 UTC;0;1017,5;1017,8;1017,3;708,7;24,3;17,3;24,7;23,8;17,9;16,6;69;61;65;54;9,7;6,3;
2026/01/24;2300 UTC;0;1017,8;1017,9;1017,7;92,5;23,4;18;23,8;23,1;18,6;17,3;76;68;73;51;8,9;6,2;
2026/01/25;0000 UTC;0;1018,1;1018,5;1017,8;0;23;18;23,2;22,7;18,4;17,6;77;73;75;33;8,8;4,5;
2026/01/25;0100 UTC;0;1018,7;1018,8;1018,5;0;22,3;17,6;22,6;22;17,7;17,4;78;75;76;28;6,6;4,1;
2026/01/25;0200 UTC;0;1018,9;1019,1;1018,8;0;21,8;17,6;22;21,6;17,7;17,5;80;78;79;28;6,6;4,2;
2026/01/25;0300 UTC;0;1019,1;1019,2;1018,9;0;21,5;17,6;21,7;21,3;17,8;17,5;83;79;81;29;5,3;3,6;
2026/01/25;0400 UTC;0;1018,8;1019;1018,5;0;21,4;18,2;21,4;21,3;18,4;17,9;86;83;84;29;5,2;3,1;
2026/01/25;0500 UTC;0;1018,3;1018,5;1018;0;21,3;18,6;21,4;21,3;18,7;18,4;87;85;86;29;5,4;3,5;
2026/01/25;0600 UTC;0;1018;1018,1;1017,9;0;20,9;18,7;21,4;20,2;18,8;18,5;92;86;89;85;2,9;1,9;
2026/01/25;0700 UTC;0;1017,7;1017,9;1017,6;0;20;18,6;20,2;19,8;18,8;18,4;94;92;93;117;4,2;2,6;
2026/01/25;0800 UTC;0;1017,6;1017,8;1017,5;0;19,9;18,5;20;19,8;18,6;18,3;94;93;93;61;5;3,2;
2026/01/25;0900 UTC;0;1017,7;1018,1;1017,5;3,5;19,9;18,3;19,9;19,8;18,4;18,2;93;92;92;139;4,1;2,6;
2026/01/25;1000 UTC;0;1018,3;1018,5;1018,1;326,9;20,6;18,5;21,9;19,8;19;18,2;92;85;90;63;4,4;2,7;
2026/01/25;1100 UTC;0;1018,8;1019;1018,5;1050;23,1;19,3;24,3;22;19,6;19;85;75;81;28;8,4;5,3;
2026/01/25;1200 UTC;0;1019,1;1019,3;1018,9;1952,2;25,2;19,2;26,3;24,2;19,7;18,8;75;63;70;116;8,7;5,3;
2026/01/25;1300 UTC;0;1019,3;1019,4;1019,2;2239,9;26,4;18,6;27,1;25,6;19,4;17,8;67;56;61;34;8,8;5,2;
2026/01/25;1400 UTC;0;1019,3;1019,5;1019,2;2234;26,3;20,2;28,4;25,1;20,9;18,4;76;53;70;58;11,1;7,7;
2026/01/25;1500 UTC;0;1019,3;1019,4;1019,1;3113,1;26,5;20,8;27,6;25,1;21,3;20,2;77;67;72;65;12;7,7;
2026/01/25;1600 UTC;0;1019;1019,3;1018,7;3592,9;26,9;20,9;27,4;25,6;21,2;20,3;75;68;70;65;12,4;7,9;
2026/01/25;1700 UTC;0;1018,6;1018,8;1018,3;3792,5;27,1;21;27,6;26,7;21,4;20,6;71;67;69;64;12,4;8;
2026/01/25;1800 UTC;0;1018,1;1018,3;1018;3566;27;20,9;27,5;26,3;21,1;20,5;72;67;69;62;12,4;8,7;
2026/01/25;1900 UTC;0;1017,9;1018,1;1017,8;3029,6;26,5;20,6;26,8;26,1;21;20,3;73;69;70;59;12,6;8,7;
2026/01/25;2000 UTC;0;1017,8;1017,9;1017,6;2350;26;20,4;26,3;25,7;20,8;20,1;74;70;72;58;12,2;8,9;
2026/01/25;2100 UTC;0;1017,5;1017,6;1017,2;1493,7;25,4;20,3;25,9;24,8;20,5;19,8;76;71;74;53;12,5;8,2;
2026/01/25;2200 UTC;0;1017,4;1017,5;1017,3;666,3;24,5;20;25,1;23,8;20,5;19,6;80;75;77;53;12,2;8,3;
2026/01/25;2300 UTC;0;1017,5;1017,6;1017,4;43;23,7;19,8;23,9;23,5;20,2;19,4;83;79;81;48;11,7;6,8;
2026/01/26;0000 UTC;0;1017,8;1018;1017,6;0;23,4;19,5;23,6;23,2;19,9;19,2;82;80;81;37;9,9;6,7;
2026/01/26;0100 UTC;0;1018,1;1018,2;1018;0;23,1;19,5;23,2;22,9;19,6;19,3;83;81;82;35;8,6;5,1;
2026/01/26;0200 UTC;0;1018,1;1018,2;1017,8;0;22,7;19,6;22,9;22,6;19,7;19,5;86;83;84;32;7,9;4,6;
2026/01/26;0300 UTC;0;1017,7;1017,8;1017,4;0;22,6;19,7;22,7;22,5;19,7;19,6;86;85;85;36;9,7;5,6;
2026/01/26;0400 UTC;0;1017,4;1017,6;1017,2;0;22,4;19,7;22,7;22,2;19,9;19,6;88;85;87;33;6,2;3,7;
2026/01/26;0500 UTC;0;1016,9;1017,2;1016,6;0;22,2;19,9;22,3;22,1;20;19,9;89;88;89;29;6,7;3,9;
2026/01/26;0600 UTC;0;1016,6;1016,7;1016,4;0;22;20,2;22,2;21,8;20,2;20;92;89;91;28;5,2;2,7;
2026/01/26;0700 UTC;0;1016,6;1016,7;1016,5;0;21,6;20;21,8;21,4;20,2;19,9;93;91;92;29;3,5;2,2;
2026/01/26;0800 UTC;0;1016,7;1016,9;1016,5;0;21,4;19,9;21,5;21,4;20;19,8;93;92;93;26;4,9;3;
2026/01/26;0900 UTC;0;1017,1;1017,5;1016,8;1,6;21,3;19,6;21,4;21,1;19,8;19,4;92;91;92;29;4,4;2,8;
2026/01/26;1000 UTC;0;1017,7;1017,9;1017,5;167,3;21,5;19,4;22;21,2;19,5;19,3;91;86;89;23;5,6;3,5;
2026/01/26;1100 UTC;0;1017,8;1018,1;1017,6;517,6;22,8;19,3;23,3;22,1;19,5;19,2;86;80;83;62;7,7;4;
2026/01/26;1200 UTC;0;1018,1;1018,3;1017,9;1624,4;25;19,4;26;23,3;19,7;18,9;80;66;72;31;8,3;5,8;
2026/01/26;1300 UTC;0;1018,5;1018,7;1018,3;2456,2;27,3;19,9;28,3;26;20,9;19,3;67;61;63;64;9,4;5,7;
2026/01/26;1400 UTC;0;1018,3;1018,5;1018,1;2999,3;27,7;20,8;28,5;26,8;21,2;20,3;68;62;66;69;9,8;7,3;
2026/01/26;1500 UTC;0;1018,1;1018,3;1017,8;3285,2;27,7;21,4;28,2;27,1;22,1;20,5;72;62;68;69;10,8;7,7;
2026/01/26;1600 UTC;0;1017,6;1017,9;1017,2;3767,1;28;21,9;28,3;27,4;22,4;21,3;72;68;70;68;11,7;7,6;
2026/01/26;1700 UTC;0;1017,2;1017,5;1016,9;3833,1;28;22;28,3;27,7;22,5;21,7;72;69;70;63;12,3;8,3;
2026/01/26;1800 UTC;0;1016,7;1017;1016,6;3515,8;27,9;22,1;28,3;27,4;22,3;21,7;73;69;71;60;13;9,3;
2026/01/26;1900 UTC;0;1016,6;1016,7;1016,5;3011,8;27,5;22;27,8;27,2;22,2;21,8;75;71;73;57;12,8;8,7;
2026/01/26;2000 UTC;0;1016,1;1016,5;1015,8;2301,2;27;22,1;27,4;26,6;22,3;21,9;77;74;75;57;12,4;8,8;
2026/01/26;2100 UTC;0;1015,6;1015,8;1015,4;1479,8;26,3;22,1;26,7;26;22,5;21,7;82;76;79;54;12,2;7,5;
2026/01/26;2200 UTC;0;1015,7;1015,8;1015,5;655,6;25,5;22,2;26;25,1;22,4;22,1;86;82;84;51;11,2;7,6;
2026/01/26;2300 UTC;0;1015,9;1016;1015,8;81,3;24,7;22,1;25,1;24,4;22,4;21,7;89;86;87;39;9;5,5;
2026/01/27;0000 UTC;0;1016,1;1016,4;1015,9;0;24,2;21,5;24,4;24;21,7;21,4;88;86;87;37;8,3;4,7;
2026/01/27;0100 UTC;0;1016,4;1016,5;1016,3;0;23,8;21,7;24;23,6;21,7;21,5;90;88;89;34;9;5,1;
2026/01/27;0200 UTC;0;1016,3;1016,4;1016,3;0;23,5;21,6;23,7;23,4;21,8;21,5;92;89;90;28;7,3;4,4;
2026/01/27;0300 UTC;0;1016,3;1016,5;1016,2;0;23,3;21,8;23,4;23,2;21,9;21,7;93;92;92;35;6,5;3,7;
2026/01/27;0400 UTC;0;1016;1016,2;1015,7;0;23,1;21,6;23,3;22,9;21,7;21,5;93;92;92;28;6;3,2;
2026/01/27;0500 UTC;0;1015,6;1015,8;1015,3;0;22,7;21,4;22,9;22,5;21,5;21,2;94;93;93;28;4,6;2,8;
2026/01/27;0600 UTC;0;1015,4;1015,6;1015,3;0;22,3;21,1;22,5;22,2;21,3;20,9;94;94;94;98;3,9;2,4;
2026/01/27;0700 UTC;0;1015,6;1015,8;1015,5;0;22;20,9;22,2;21,9;21;20,9;95;94;94;61;3,7;2,4;
2026/01/27;0800 UTC;0;1015,9;1016,1;1015,8;0;21,7;20,7;21,9;21,4;20,9;20,6;96;95;95;96;3,8;2,2;
2026/01/27;0900 UTC;0;1016,2;1016,3;1016,1;4;21,3;20,5;21,4;21,2;20,6;20,4;96;96;96;64;3,1;2,1;
2026/01/27;1000 UTC;0;1016,4;1016,5;1016,2;252,5;21,7;20,7;22,4;21,2;21,1;20,4;96;93;95;35;3,2;2;
2026/01/27;1100 UTC;0;1016,5;1016,5;1016,3;989,5;23,7;21,2;25,1;22,4;21,5;21;93;81;88;38;8;4;
2026/01/27;1200 UTC;0;1016,4;1016,6;1016,2;1824,1;26,1;21,3;27,6;25;21,7;21;80;69;76;132;4,7;2,9;
2026/01/27;1300 UTC;0;1016,1;1016,3;1016;2579,1;28,3;21,8;29,2;27,5;23;21,2;74;63;68;76;6,5;3,7;
2026/01/27;1400 UTC;0;1015,9;1016;1015,7;3147,6;28;22,6;28,6;27,7;22,9;22,4;75;71;73;66;8,3;5,5;
2026/01/27;1500 UTC;0;1015,6;1015,8;1015,5;3166,8;28,1;22,8;28,6;27,9;23,1;22,6;75;71;73;61;9,2;6,1;
2026/01/27;1600 UTC;0;1015,4;1015,6;1015,1;3694,5;28,3;23;28,7;27,8;23,2;22,7;76;72;74;66;9,8;6,7;
2026/01/27;1700 UTC;0;1014,7;1015,2;1014,2;3716,3;28,1;23;28,6;27,4;23,2;22,7;77;72;74;61;11,6;8,1;
2026/01/27;1800 UTC;0;1014,1;1014,7;1013,9;1812,1;26,7;22,8;28,4;24,9;23,2;22,4;88;73;80;65;9,9;7;
2026/01/27;1900 UTC;0;1014,9;1015,8;1014,4;64;24,7;22,5;24,9;24,5;22,6;21,7;90;85;89;192;7,3;4,2;
2026/01/27;2000 UTC;3,4;1015,2;1015,9;1014,2;105,4;24,3;22,6;25,1;23,7;23,1;21,4;96;82;92;87;8,4;6,3;
2026/01/27;2100 UTC;,4;1013,7;1014,2;1013,4;479,9;23,9;23,1;24,1;23,8;23,2;22,9;96;95;96;88;6,1;4,7;
2026/01/27;2200 UTC;0;1014,3;1014,4;1014;321,8;24,1;23;24,3;24;23,1;22,9;96;93;95;41;7,1;4,8;
2026/01/27;2300 UTC;0;1014,4;1014,6;1014,3;66,2;24;22,6;24,2;23,8;23;22,4;94;92;93;37;5,2;3;
2026/01/28;0000 UTC;0;1014,6;1014,8;1014,3;0;23,8;22,5;23,9;23,6;22,8;22,3;96;93;94;66;4,3;2,9;
2026/01/28;0100 UTC;0;1015,3;1015,8;1014,9;0;23,7;23;23,8;23,7;23,2;22,9;97;96;97;78;3,2;2;
2026/01/28;0200 UTC;0;1015,9;1016;1015,7;0;23,7;23,2;23,9;23,6;23,3;23;97;97;97;65;3,8;2,5;
2026/01/28;0300 UTC;0;1016,1;1016,2;1015,9;0;23,6;23;23,7;23,5;23,1;22,9;97;97;97;25;2,1;1,3;
2026/01/28;0400 UTC;0;1015,9;1016,1;1015,5;0;23,3;22,8;23,5;23,1;22,9;22,6;98;97;98;60;2,3;1,4;
2026/01/28;0500 UTC;0;1015,4;1015,6;1015,2;0;22,9;22,5;23,1;22,8;22,6;22,3;98;98;98;93;1,8;1,4;
2026/01/28;0600 UTC;0;1014,9;1015,2;1014,7;0;22,8;22,5;23;22,7;22,6;22,3;98;98;98;98;3,2;2,4;
2026/01/28;0700 UTC;0;1014,8;1014,9;1014,7;0;22,8;22,5;22,9;22,7;22,6;22,3;99;98;98;88;2;1,5;
2026/01/28;0800 UTC;0;1015;1015,2;1014,9;0;22,5;22,2;22,6;22,2;22,4;21,9;99;98;99;114;2,8;2,1;
2026/01/28;0900 UTC;0;1015,4;1015,8;1015,1;2,6;23;22,7;23,1;22,7;22,9;22,4;99;99;99;128;4,4;3,7;
2026/01/28;1000 UTC;,2;1016;1016,1;1015,8;217,4;23,3;22,9;23,9;23;23,5;22,7;99;98;98;129;4,5;3,8;
2026/01/28;1100 UTC;0;1016,2;1016,5;1016,1;1003,3;24,3;23,4;25,1;23,8;23,6;23,2;98;92;96;131;4,8;4;
2026/01/28;1200 UTC;0;1016,5;1016,6;1016,3;1988,4;25,7;23,4;26,2;25;23,6;23,2;92;86;88;132;5,1;4,6;
2026/01/28;1300 UTC;0;1016,7;1016,9;1016,4;2488,7;26,6;23,5;27,4;26,1;23,7;23;87;80;84;124;5,7;4,6;
2026/01/28;1400 UTC;0;1017,1;1017,3;1016,9;2901,4;27,8;23,6;28,8;26,7;24,1;23,3;84;75;79;117;5,6;4,2;
2026/01/28;1500 UTC;0;1017,2;1017,2;1017,1;3283,6;28,8;23,7;29,3;28,4;24;23,3;77;71;74;117;5,8;4,6;
2026/01/28;1600 UTC;0;1017;1017,2;1016,9;3764,2;28,9;23,4;29,3;28,3;23,9;23;75;70;72;121;5,1;4,2;
2026/01/28;1700 UTC;0;1016,8;1016,9;1016,6;3766,1;29;23,2;29,5;28,5;23,7;22,8;74;68;71;126;5,2;4,3;
2026/01/28;1800 UTC;0;1016,5;1016,6;1016,2;3172,2;28,8;23;29,4;28,2;23,5;22,6;75;69;71;126;5,5;4,7;
2026/01/28;1900 UTC;0;1015,8;1016,1;1015,5;2407,4;28;22,9;29;26,3;23,2;22,5;81;69;75;136;6,6;5,5;
2026/01/28;2000 UTC;0;1015,2;1015,5;1015;2219,8;28,3;23;28,8;26,2;23,3;22,4;82;71;74;112;6,8;5,3;
2026/01/28;2100 UTC;0;1014,8;1015;1014,7;1435,7;27,6;22,8;28,2;27;23,1;22,6;79;74;76;104;6,7;5,3;
2026/01/28;2200 UTC;0;1014,9;1015,1;1014,7;543,6;26,3;22,7;27;25,4;22,8;22,5;86;79;82;117;6,1;4,8;
2026/01/28;2300 UTC;0;1015,6;1015,8;1015,2;34,8;24,9;22,4;25,3;24,6;22,8;22,2;89;86;88;110;5,7;4,5;
2026/01/29;0000 UTC;0;1015,7;1015,9;1015,5;0;24,7;22,8;24,9;24,6;23;22,4;91;89;90;121;6,5;5,3;
2026/01/29;0100 UTC;0;1016,2;1016,4;1015,9;0;24,6;22,6;24,9;24,4;23;22,4;91;90;90;112;6,2;4,9;
2026/01/29;0200 UTC;0;1016,3;1016,5;1016,1;0;24,4;22,7;24,5;24,3;22,9;22,6;93;91;92;103;6,8;4,9;
2026/01/29;0300 UTC;0;1016,4;1016,5;1016,2;0;24,2;22,8;24,4;24,1;23,1;22,6;93;92;93;83;5,4;3,7;
2026/01/29;0400 UTC;0;1016,2;1016,2;1016,2;0;23,8;22,5;23,8;23,8;22,5;22,5;94;94;94;93;2,6;2,3;
2026/01/29;0500 UTC;0;1015,6;1015,6;1015,6;0;24,2;23,2;24,2;24,2;23,2;23,2;95;95;95;94;4,8;3,6;
2026/01/29;0600 UTC;0;1015,6;1015,6;1015,6;0;23,8;22,8;23,8;23,8;22,8;22,8;95;95;95;21;3,1;1,8;
2026/01/29;0700 UTC;0;1015,3;1015,3;1015,3;0;23,9;23,2;23,9;23,9;23,2;23,2;96;96;96;83;4,2;2,9;
2026/01/29;0800 UTC;0;1015,1;1015,1;1015,1;0;23,5;22,6;23,5;23,5;22,6;22,6;95;95;95;75;4,4;3,4;
2026/01/29;0900 UTC;0;1015,6;1015,6;1015,6;23,9;23,5;22,6;23,5;23,5;22,6;22,6;96;96;96;93;4;3,3;
2026/01/29;1000 UTC;0;1016,2;1016,2;1016,2;278,9;24,2;22,7;24,2;24,2;22,7;22,7;93;93;93;102;3,9;3,3;
2026/01/29;1100 UTC;0;1016,5;1016,5;1016,5;1437,6;26,3;22,7;26,3;26,3;22,7;22,7;82;82;82;115;4,9;4,1;
2026/01/29;1200 UTC;0;1016,8;1016,8;1016,8;2372,7;27,2;23,1;27,2;27,2;23,1;23,1;79;79;79;105;5,4;3,7;
2026/01/29;1300 UTC;0;1016,8;1016,8;1016,8;2945,1;28,7;23;28,7;28,7;23;23;72;72;72;97;4,5;3,7;
2026/01/29;1400 UTC;0;1016,5;1016,5;1016,5;3454,6;29,6;22,8;29,6;29,6;22,8;22,8;66;66;66;107;6,4;5,6;
2026/01/29;1500 UTC;0;1016,2;1016,2;1016,2;3778,7;29,5;22,8;29,5;29,5;22,8;22,8;67;67;67;103;6,9;4,9;
2026/01/29;1600 UTC;0;1016,2;1016,2;1016,2;3849,6;29,7;23,2;29,7;29,7;23,2;23,2;68;68;68;118;6,3;5;
2026/01/29;1700 UTC;0;1016,3;1016,3;1016,3;3797,5;29,1;22,6;29,1;29,1;22,6;22,6;67;67;67;123;7,1;6,4;
2026/01/29;1800 UTC;0;1015,9;1015,9;1015,9;3251,1;28,5;22,5;28,5;28,5;22,5;22,5;70;70;70;132;8,8;8,2;
2026/01/29;1900 UTC;0;1015,4;1015,4;1015,4;2646,7;28,6;22;28,6;28,6;22;22;67;67;67;123;8,2;6,8;
2026/01/29;2000 UTC;0;1015;1015;1015;1863,8;27,7;21,9;27,7;27,7;21,9;21,9;71;71;71;111;7,2;6,5;
2026/01/29;2100 UTC;0;1015;1015;1015;696;26,1;21,4;26,1;26,1;21,4;21,4;77;77;77;126;8,4;7,3;
2026/01/29;2200 UTC;0;1015,1;1015,1;1015,1;275,6;25,4;20,5;25,4;25,4;20,5;20,5;75;75;75;124;9,1;7,8;
2026/01/29;2300 UTC;0;1015,6;1015,6;1015,6;0;24,3;20,1;24,3;24,3;20,1;20,1;79;79;79;114;7;6,1;
2026/01/30;0000 UTC;0;1015,7;1015,7;1015,7;0;24,1;20,4;24,1;24,1;20,4;20,4;81;81;81;115;7,1;5,8;
2026/01/30;0100 UTC;0;1015,8;1016;1015,7;0;24;20,4;24,1;24;20,9;20,1;84;80;82;113;7,7;5,6;
2026/01/30;0200 UTC;0;1015,9;1016,2;1015,7;0;24;20,3;24,1;23,8;20,8;19,9;84;80;82;109;7,6;6;
2026/01/30;0300 UTC;0;1016,1;1016,2;1015,8;0;23,8;20,3;24;23,7;20,6;19,8;84;81;82;95;7,8;6,2;
2026/01/30;0400 UTC;0;1015,7;1015,9;1015,5;0;23,8;20,6;23,9;23,6;20,9;20,3;85;82;84;98;6,9;5,5;
2026/01/30;0500 UTC;0;1015,2;1015,5;1014,9;0;23,7;20,5;23,8;23,6;20,8;20,2;85;83;84;101;7,4;5,8;
2026/01/30;0600 UTC;0;1014,7;1015;1014,5;0;23,8;20,4;23,9;23,6;20,8;20,2;85;82;83;107;7,1;6,1;
2026/01/30;0700 UTC;0;1014,3;1014,5;1014,2;0;23,6;20,8;23,6;23,5;21,1;20,5;88;85;86;111;8,4;6,3;
2026/01/30;0800 UTC;0;1014,4;1014,6;1014,2;0;23,6;20,5;23,7;23,6;20,8;20,3;85;84;85;107;7,9;6,1;
2026/01/30;0900 UTC;0;1014,7;1015;1014,6;1,5;23,6;20,6;23,7;23,5;20,8;20,4;86;84;85;111;8,6;6,8;
2026/01/30;1000 UTC;0;1015,3;1015,7;1015;135,5;23,7;20,6;23,9;23,6;20,9;20,4;86;84;85;116;8,3;6,5;
2026/01/30;1100 UTC;0;1016,2;1016,4;1015,7;654,6;24,4;20,8;25,7;23,9;21,1;20,5;85;76;82;123;8,5;7,2;
2026/01/30;1200 UTC;0;1016,4;1016,7;1016,1;1832,4;25,9;21;26,5;25,2;21,3;20,7;80;72;76;120;9,2;7,3;
2026/01/30;1300 UTC;0;1016,5;1016,7;1016,3;1438,3;25,7;20,8;26;25,2;21,2;20,5;77;73;76;130;9,6;8;
2026/01/30;1400 UTC;0;1016,3;1016,4;1016,1;2685,8;26,3;20,9;27,7;25;21,6;20,4;80;67;73;142;10,3;8,5;
2026/01/30;1500 UTC;0;1016,4;1016,6;1016,2;1834,6;25,9;20,5;27,7;25,3;21,1;20,1;77;67;73;140;10,7;8,9;
2026/01/30;1600 UTC;0;1016,3;1016,5;1016;2143,2;25,7;20,1;26,5;25,2;20,8;19,6;75;69;72;142;11,2;8,9;
2026/01/30;1700 UTC;0;1015,9;1016,2;1015,5;2624,8;26,2;19,8;27,2;25,7;20,4;19;72;63;68;133;10,2;8,9;
2026/01/30;1800 UTC;0;1015,6;1015,7;1015,3;2089,5;25,8;20,3;27,4;23,9;21,2;19,7;85;63;72;114;10,7;8,2;
2026/01/30;1900 UTC;0;1015,1;1015,4;1014,7;1059,4;24,9;19,7;26;24,2;20,5;19;76;71;74;108;11,5;9;
2026/01/30;2000 UTC;0;1014,6;1014,8;1014,4;652,1;24;18,9;24,5;23,6;19,7;18;76;72;74;102;9,6;7,4;
2026/01/30;2100 UTC;0;1014,5;1014,6;1014,4;930,6;24,2;18,5;25,2;23,7;19;18;75;67;72;103;9,8;7,1;
2026/01/30;2200 UTC;0;1014,5;1014,7;1014,2;226,5;23,2;17,6;23,7;22,8;18,2;17;74;71;72;109;9,4;7,2;
2026/01/30;2300 UTC;0;1014,3;1014,5;1014,1;54,1;22,5;16,9;22,8;22,3;17,6;16,4;76;69;72;107;9,5;7,4;
2026/01/31;0000 UTC;0;1014,5;1014,6;1014,3;0;22,3;16,8;22,4;22,1;17,3;16,4;75;71;73;107;9,8;7,1;
2026/01/31;0100 UTC;0;1014,5;1014,6;1014,3;0;22,2;16,6;22,3;22,1;17,3;16,1;75;69;72;104;9,6;7,6;
2026/01/31;0200 UTC;0;1014,4;1014,5;1014,3;0;22,4;16,8;22,4;22,3;17,3;16,4;75;70;72;109;9,7;7,7;
2026/01/31;0300 UTC;0;1014,2;1014,3;1014;0;22,5;17;22,6;22,3;17,4;16,7;75;71;73;92;8,2;5,7;
2026/01/31;0400 UTC;0;1013,8;1014,1;1013,4;0;22,4;17,3;22,6;22,3;17,8;16,5;77;71;74;112;8,2;6,5;
2026/01/31;0500 UTC;0;1013,1;1013,5;1012,9;0;22,5;17,8;22,7;22,4;18,3;17,6;78;75;77;105;8,9;6,5;
2026/01/31;0600 UTC;0;1012,8;1012,9;1012,6;0;22,3;18,1;22,7;22,1;18,6;17,3;81;75;79;87;7,9;6;
2026/01/31;0700 UTC;0;1012,5;1012,7;1012,4;0;22,2;17,6;22,4;22,2;18,1;16,9;79;74;77;96;6,3;4,1;
2026/01/31;0800 UTC;0;1012,4;1012,4;1012,2;0;21,7;17,9;22,3;21,1;18,4;17;86;75;81;111;4,5;3,2;
2026/01/31;0900 UTC;0;1012,5;1012,6;1012,4;0;21;18,6;21,4;20,8;19,2;18,3;89;86;88;331;3,3;2,1;
2026/01/31;1000 UTC;0;1012,8;1013;1012,6;104,8;21,8;18,5;22,4;20,8;18,8;18;90;79;83;119;8,2;6,3;
2026/01/31;1100 UTC;0;1013;1013,1;1012,9;373,2;22,7;18,8;22,8;22,4;19,2;18,2;83;78;81;81;5,4;4;
2026/01/31;1200 UTC;0;1013,1;1013,2;1013;1669,5;24,2;19,1;25,4;22,7;19,5;18,7;81;69;74;82;4,6;3,3;
2026/01/31;1300 UTC;0;1013,1;1013,1;1013;2518,6;26;19,2;26,9;25,2;19,7;18,6;72;61;66;126;4,1;3,1;
2026/01/31;1400 UTC;0;1013;1013,1;1012,9;2129,7;25,7;18,8;26,6;24,7;19,3;18,4;70;61;65;110;5,7;4,3;
2026/01/31;1500 UTC;0;1012,7;1013;1012,3;2121,2;25,7;18,7;26,4;25,2;19,2;18,2;68;63;65;93;5,7;3,9;
2026/01/31;1600 UTC;0;1012,2;1012,3;1012,1;3242,4;26,7;19,3;29,3;25,6;20,7;18,5;67;56;63;123;4,3;3,1;
2026/01/31;1700 UTC;0;1012;1012,1;1011,6;2718,2;26,7;19,2;28,9;25,5;20,5;18,2;67;56;62;111;5,4;3,2;
2026/01/31;1800 UTC;0;1011,4;1011,7;1011;2832,2;27,1;19,5;28,2;26,2;20,3;18,6;66;59;62;125;7;5,5;
2026/01/31;1900 UTC;0;1010,5;1011;1010,1;1986,2;25,8;19,1;26,8;25,4;19,7;18,3;70;64;67;134;7,8;6,4;
2026/01/31;2000 UTC;0;1009,9;1010,1;1009,7;1669,3;25,3;18,8;25,8;24,9;19,6;18,1;70;65;67;128;8,5;6,8;
2026/01/31;2100 UTC;0;1009,5;1009,8;1009,3;1337,7;25,2;18,9;25,5;25;19,6;18,5;71;66;68;122;9,4;7,1;
2026/01/31;2200 UTC;0;1009,3;1009,5;1009,1;642;24,4;18,6;25,2;23,3;19,1;18,2;76;67;71;130;9,2;7,9;
2026/01/31;2300 UTC;0;1009,3;1009,4;1009,1;53,6;23,2;18,7;23,4;22,9;19,2;18,3;80;75;77;131;9,6;7,8;
2026/02/01;0000 UTC;0;1009,2;1009,4;1009,1;0;22,8;18,7;22,9;22,7;19,2;18,2;82;77;79;132;8,8;7,4;
2026/02/01;0100 UTC;0;1009,5;1009,6;1009,4;0;22,8;18,9;22,9;22,7;19,4;18,3;83;78;80;140;8,3;7;
2026/02/01;0200 UTC;0;1009,3;1009,5;1009;0;22,7;18,7;22,9;22,6;19,1;18,3;81;78;80;144;9,3;7,6;
2026/02/01;0300 UTC;0;1008,9;1009;1008,7;0;22,6;18,7;22,7;22,5;19,2;18,1;82;78;80;137;9,3;8;
2026/02/01;0400 UTC;0;1008,5;1008,8;1008,3;0;22,6;18,6;22,7;22,5;18,9;18,3;81;78;80;148;9;7,5;
2026/02/01;0500 UTC;0;1007,9;1008,3;1007,6;0;22,5;18,5;22,7;22,3;18,9;18,2;82;78;80;157;9,3;7;
2026/02/01;0600 UTC;0;1007,3;1007,6;1007,1;0;22,4;18,4;22,4;22,3;18,8;18;82;78;80;156;8,6;7,1;
2026/02/01;0700 UTC;0;1006,9;1007,1;1006,7;0;22,4;18,1;22,5;22,2;18,5;17,5;81;77;79;163;9;7,1;
2026/02/01;0800 UTC;0;1006,5;1006,7;1006,4;0;22,4;18,5;22,6;22,2;18,9;18,2;82;79;80;159;10;7,7;
2026/02/01;0900 UTC;0;1006,7;1007;1006,4;,4;22,4;18,2;22,5;22,3;18,5;17,8;80;77;79;163;10,1;8,3;
2026/02/01;1000 UTC;0;1007,3;1007,7;1006,9;101,5;22,6;18,5;22,8;22,4;18,9;18,1;81;77;80;166;9,7;7,7;
2026/02/01;1100 UTC;0;1008;1008,2;1007,6;737,9;23,6;18,8;24,6;22,7;19,5;18;80;72;76;164;9,2;6,3;
2026/02/01;1200 UTC;0;1008,5;1008,7;1008,2;1525,5;25,5;19,2;26,1;24,6;19,8;18,6;73;66;69;178;10,7;7,5;
2026/02/01;1300 UTC;0;1008,8;1008,9;1008,5;1803,2;25,1;19,7;26,7;23,5;20,1;19,2;81;65;73;179;8,9;7;
2026/02/01;1400 UTC;0;1008,9;1009,1;1008,8;3200,9;28;20,3;28,6;26,6;20,9;19,9;69;58;62;180;9,3;8;
2026/02/01;1500 UTC;0;1009;1009,1;1008,9;3171,1;28,5;20,4;28,8;28,1;20,9;20;62;58;60;182;10,1;8,3;
2026/02/01;1600 UTC;0;1008,8;1009;1008,7;3800,8;28,6;20,5;28,8;28,4;20,9;20,1;62;56;59;177;9,6;7,9;
2026/02/01;1700 UTC;0;1008,9;1009,1;1008,6;3730,9;28,5;20,4;28,8;28,1;20,8;20;63;57;60;172;10,6;8,9;
2026/02/01;1800 UTC;0;1008,7;1008,9;1008,5;3477,7;28,4;20,1;28,8;28;20,6;19,7;61;56;58;174;10,3;8,6;
2026/02/01;1900 UTC;0;1008,7;1008,9;1008,6;2883,6;28;20,1;28,5;27,3;20,7;19,8;65;57;60;173;10,2;8,7;
2026/02/01;2000 UTC;0;1008,6;1008,9;1008,5;2216,4;27;19,8;27,5;26,1;20,3;19,1;68;59;64;167;10,9;8,7;
2026/02/01;2100 UTC;0;1008,6;1008,8;1008,5;1413,6;26;19,1;26,7;25,4;19,6;18,8;69;63;66;167;9,2;7,5;
2026/02/01;2200 UTC;0;1008,7;1009;1008,5;623;24,7;18,9;25,4;24,1;19,5;18,3;74;67;71;164;10,7;8,4;
2026/02/01;2300 UTC;0;1009,1;1009,3;1009;61,8;23,6;18,8;24,1;23,3;19,1;18,3;79;73;76;157;10,6;9,1;
2026/02/02;0000 UTC;0;1009,2;1009,6;1009;0;23,2;18,5;23,3;23,1;19,1;18;79;74;77;149;10,8;9;
2026/02/02;0100 UTC;0;1009,8;1010,1;1009,5;0;23,1;17,9;23,2;23;18,6;17,4;77;72;74;144;9,1;7,6;
2026/02/02;0200 UTC;0;1010,2;1010,3;1010;0;22,8;17,5;23;22,7;18,1;17;76;71;73;157;8,1;6,5;
2026/02/02;0300 UTC;0;1010,4;1010,6;1010,2;0;22,6;17,1;22,8;22,3;17,9;16,5;75;71;73;154;6,5;5,1;
2026/02/02;0400 UTC;0;1010,1;1010,4;1009,7;0;22,3;16,1;22,4;22,1;16,8;15,5;72;66;69;147;5,7;4,5;
2026/02/02;0500 UTC;0;1009,2;1009,7;1008,8;0;22,2;16,5;22,3;22;17,1;15,6;75;67;71;142;5,8;4,6;
2026/02/02;0600 UTC;0;1008,6;1008,8;1008,4;0;22;16,5;22,1;21,9;17;16,1;75;70;73;139;6,7;5,3;
2026/02/02;0700 UTC;0;1008,4;1008,5;1008,2;0;21,8;16,4;22;21,6;16,8;15,9;75;71;73;142;6,5;5;
2026/02/02;0800 UTC;0;1008,6;1008,8;1008,4;0;21,5;16;21,7;21,3;16,5;15,4;75;70;72;149;4,5;3,2;
2026/02/02;0900 UTC;0;1009,2;1009,6;1008,8;1,2;19,1;15;21,3;16,8;16;14,3;89;72;79;296;3,4;2,4;
2026/02/02;1000 UTC;0;1010,1;1010,6;1009,7;203,1;17,1;14,7;18,3;16,7;15,2;14,5;90;84;88;298;3,3;1,9;
2026/02/02;1100 UTC;0;1010,9;1011,1;1010,6;940;19,8;15,5;21,8;18,4;16,2;15;84;72;79;294;3,2;1,7;
2026/02/02;1200 UTC;0;1011;1011,1;1010,9;1869,4;23,3;16,4;24,7;21,9;16,8;16;71;59;65;217;2,7;1,1;
2026/02/02;1300 UTC;0;1010,9;1010,9;1010,8;2673,5;26,4;17,4;27,2;24,8;18,1;16,4;59;50;55;131;4,3;3,3;
2026/02/02;1400 UTC;0;1010,9;1011;1010,8;3181,1;27;17,6;27,7;26,4;18;17,1;56;49;53;129;4,6;3,7;
2026/02/02;1500 UTC;0;1010,4;1010,8;1010,1;3230,6;27,7;17,8;28,1;27,2;18,4;17,3;53;49;51;132;6,1;5,1;
2026/02/02;1600 UTC;0;1009,9;1010,1;1009,7;3848,3;28,5;18,3;29;27,4;18,8;17,4;52;46;49;100;5,9;4,4;
2026/02/02;1700 UTC;0;1009,5;1009,8;1009,3;3801,3;28,8;18,9;29,5;28,1;19,5;18,2;54;47;50;101;5,9;4,7;
2026/02/02;1800 UTC;0;1009,2;1009,4;1008,9;3486,7;28,4;18,8;29,1;27,8;19,3;18,4;55;50;52;91;7,1;5,8;
2026/02/02;1900 UTC;0;1008,5;1008,9;1008,2;2998,9;27,9;18,8;28,2;27,5;19,3;18,5;58;53;55;83;7,1;5,1;
2026/02/02;2000 UTC;0;1008,1;1008,2;1007,9;2250,3;26,8;18,5;28;26,3;19;17,8;61;54;58;67;7,7;5,6;
2026/02/02;2100 UTC;0;1007,8;1008;1007,6;1490,4;25,8;18,2;26,3;25,4;18,7;17,7;66;58;62;60;8,7;5,9;
2026/02/02;2200 UTC;0;1007,7;1007,8;1007,7;623,4;24,8;18,4;25,5;24,2;18,8;17,7;70;65;68;53;8,3;5,5;
2026/02/02;2300 UTC;0;1007,7;1007,8;1007,7;51,7;23,6;18,1;24,2;23,3;18,6;17,8;74;70;72;35;6,8;4,3;
2026/02/03;0000 UTC;0;1007,8;1007,9;1007,6;0;22,8;18,2;23,3;22,4;18,3;18,1;79;74;77;31;5,8;3,4;
2026/02/03;0100 UTC;0;1008;1008,2;1007,9;0;22,1;18,1;22,4;21,6;18,2;18,1;83;78;80;26;3,8;2,4;
2026/02/03;0200 UTC;0;1007,9;1008;1007,8;0;21,2;18,2;21,6;20,8;18,3;18,1;87;83;85;141;3,8;2,3;
2026/02/03;0300 UTC;0;1008;1008,1;1007,9;0;21,1;18,7;21,3;20,8;19,1;18,3;89;87;88;105;6,4;3,4;
2026/02/03;0400 UTC;0;1007,9;1008;1007,7;0;21,3;19,3;21,4;21,2;19,6;19;91;89;90;195;5,8;3,5;
2026/02/03;0500 UTC;0;1007,7;1007,8;1007,6;0;21,3;19,7;21,5;21,1;19,8;19,6;93;91;92;109;4,4;2,6;
2026/02/03;0600 UTC;0;1007,4;1007,6;1007,3;0;21,1;19,8;21,2;21;19,9;19,6;94;93;93;99;4,2;2,4;
2026/02/03;0700 UTC;0;1007,3;1007,4;1007,2;0;21;19,7;21,2;20,8;20;19,5;94;93;94;161;4,2;2,6;
2026/02/03;0800 UTC;0;1007,4;1007,5;1007,3;0;21,3;20,2;21,3;21,1;20,4;19,9;95;94;95;271;5;3,2;
2026/02/03;0900 UTC;0;1007,8;1008;1007,5;,5;21,3;20,4;21,4;21,3;20,5;20,3;96;95;95;316;4,2;2,8;
2026/02/03;1000 UTC;0;1008,3;1008,5;1008;188,2;21,5;20,5;22,2;21,3;20,8;20,4;96;93;95;333;4;2,6;
2026/02/03;1100 UTC;0;1008,7;1008,9;1008,4;1006,3;23,6;21,1;24,6;22,2;21,6;20,8;93;84;88;331;7;4,6;
2026/02/03;1200 UTC;0;1008,8;1008,9;1008,7;1824,8;25,8;21,2;26,9;24,7;21,8;20,5;84;68;77;321;8,9;5,5;
2026/02/03;1300 UTC;0;1008,9;1009;1008,7;2580,1;27,9;20,7;29,2;26,8;21,2;20,4;69;56;64;308;8;4,8;
2026/02/03;1400 UTC;0;1008,6;1008,8;1008,2;3002,3;30,3;20,9;32,1;28,9;21,4;20,2;59;47;53;311;7,1;4,2;
2026/02/03;1500 UTC;0;1008,2;1008,3;1008;3222;32,3;21,1;33,4;31,3;21,6;20,7;48;40;44;295;7,4;4,1;
2026/02/03;1600 UTC;0;1007,8;1008,1;1007,5;3728,8;33,7;21,6;34,5;32,7;22,4;20,9;43;36;39;301;5,9;3,3;
2026/02/03;1700 UTC;0;1007,3;1007,6;1007,1;2526,2;32,6;23,1;35,2;30,7;25,1;20,6;62;35;53;98;5,9;4,2;
2026/02/03;1800 UTC;0;1006,8;1007,1;1006,5;3130,5;31,3;23,6;32,5;30,2;24,4;22,8;68;56;61;57;8;5,8;
2026/02/03;1900 UTC;0;1006,2;1006,5;1006;2376,2;29,9;23,2;31;27,9;23,7;22,9;76;61;67;58;8,4;5,5;
2026/02/03;2000 UTC;;;;;;;;;;;;;;;;;;
2026/02/03;2100 UTC;0;1006,4;1006,5;1006,2;1130,2;28;23,1;28,9;27,3;23,4;22,9;79;72;76;57;6,8;4,6;
2026/02/03;2200 UTC;0;1006,8;1007,3;1006,4;559,5;26,8;23;27,5;26;23,1;22,7;84;78;81;56;5,6;3,7;
2026/02/03;2300 UTC;0;1007,8;1008,2;1007,4;34,2;25,8;22,5;26;25,4;22,8;22,2;85;82;83;56;5;3,3;
2026/02/04;0000 UTC;0;1008,4;1008,5;1008,2;0;25,5;22,4;25,6;25,3;22,6;22,2;86;83;85;46;4,9;3,3;
2026/02/04;0100 UTC;0;1008,7;1009,1;1008,5;0;25,4;22,1;25,5;25,3;22,5;21,7;86;81;83;80;3;1,8;
2026/02/04;0200 UTC;0;1009;1009,1;1008,9;0;25,8;21,2;26;25,5;21,8;20,6;81;73;77;269;5,5;3,7;
2026/02/04;0300 UTC;0;1009,1;1009,5;1008,8;0;25,9;19,9;26,1;25,8;20,6;19,5;73;68;70;328;5,8;3,8;
2026/02/04;0400 UTC;0;1009,2;1009,2;1009,2;0;25,3;21,1;25,3;25,3;21,1;21,1;79;79;79;282;4,9;4;
2026/02/04;0500 UTC;0;1008,8;1008,8;1008,8;0;24,9;21;24,9;24,9;21;21;81;81;81;334;4,8;3,3;
2026/02/04;0600 UTC;0;1008,7;1008,7;1008,7;0;24,4;20,6;24,4;24,4;20,6;20,6;81;81;81;335;4,6;3,4;
2026/02/04;0700 UTC;0;1008,8;1008,8;1008,8;0;23,8;19,4;23,8;23,8;19,4;19,4;78;78;78;327;4;3,1;
2026/02/04;0800 UTC;0;1008,9;1008,9;1008,9;0;23;19,1;23;23;19,1;19,1;80;80;80;331;3,4;2,6;
2026/02/04;0900 UTC;0;1009,6;1009,6;1009,6;11,3;22,5;18,8;22,5;22,5;18,8;18,8;81;81;81;329;,8;,6;
2026/02/04;1000 UTC;0;1010,1;1010,1;1010,1;646,6;24,2;20,9;24,2;24,2;20,9;20,9;83;83;83;195;1,3;1;
2026/02/04;1100 UTC;0;1010,7;1010,7;1010,7;1362,2;26,1;20,8;26,1;26,1;20,8;20,8;74;74;74;148;1;,9;
2026/02/04;1200 UTC;0;1010,8;1010,8;1010,8;2123,8;28;22,7;28;28;22,7;22,7;73;73;73;85;3,3;2,8;
2026/02/04;1300 UTC;0;1010,9;1010,9;1010,9;2855,6;29;22,9;29;29;22,9;22,9;70;70;70;99;3,8;3,2;
2026/02/04;1400 UTC;0;1010,7;1010,7;1010,7;2340,2;29,6;22,7;29,6;29,6;22,7;22,7;66;66;66;90;5,2;4,1;
2026/02/04;1500 UTC;0;1010,9;1010,9;1010,9;3677,5;30,1;23,2;30,1;30,1;23,2;23,2;65;65;65;91;5,7;4,5;
2026/02/04;1600 UTC;0;1010,8;1010,8;1010,8;3750,8;30,1;22,9;30,1;30,1;22,9;22,9;64;64;64;79;6,7;5,3;
2026/02/04;1700 UTC;0;1010,6;1010,6;1010,6;3597,1;30,1;23,9;30,1;30,1;23,9;23,9;69;69;69;70;6,7;4,5;
2026/02/04;1800 UTC;0;1010,7;1010,7;1010,7;3139,2;30,5;23,8;30,5;30,5;23,8;23,8;66;66;66;111;6;5;
2026/02/04;1900 UTC;0;1010,5;1010,5;1010,5;2588,1;30,3;24;30,3;30,3;24;24;69;69;69;107;6,4;5;
2026/02/04;2000 UTC;0;1010,5;1010,5;1010,5;1810,6;29;23,4;29;29;23,4;23,4;72;72;72;96;6,7;5,4;
2026/02/04;2100 UTC;0;1010,9;1010,9;1010,9;922,2;27,5;23,1;27,5;27,5;23,1;23,1;78;78;78;80;5,2;4,3;
2026/02/04;2200 UTC;0;1011,6;1011,6;1011,6;235,5;26,5;22,5;26,5;26,5;22,5;22,5;80;80;80;76;4,8;3,7;
2026/02/04;2300 UTC;0;1012;1012;1012;0;25,4;22,7;25,4;25,4;22,7;22,7;86;86;86;65;5,2;4;
2026/02/05;0000 UTC;0;1013;1013;1013;0;25;22,9;25;25;22,9;22,9;89;89;89;69;5,1;3,8;
2026/02/05;0100 UTC;0;1013,2;1013,4;1013;0;25;22,8;25,1;24,9;23,3;22,5;91;88;89;51;5,5;3,7;
2026/02/05;0200 UTC;0;1013,3;1013,3;1013,2;0;24,3;22;25;23,8;23,2;20,5;91;84;88;52;4,2;2,6;
2026/02/05;0300 UTC;0;1013,1;1013,2;1013;0;23,9;21,5;24;23,8;22,5;20,3;93;83;88;34;5,2;3,5;
2026/02/05;0400 UTC;0;1012,9;1013,1;1012,9;0;23,8;22,7;23,9;23,7;22,9;22,4;96;93;95;31;4,4;2,8;
2026/02/05;0500 UTC;0;1012,6;1012,9;1012,2;0;23,6;22,9;23,7;23,5;23;22,8;97;96;96;39;5;3,2;
2026/02/05;0600 UTC;0;1012,1;1012,2;1011,9;0;23,5;22,9;23,6;23,3;23;22,7;97;97;97;39;3,5;2,2;
2026/02/05;0700 UTC;0;1012;1012,2;1011,8;0;22,9;22,4;23,3;22,6;22,7;22,1;98;97;98;30;2,9;2;
2026/02/05;0800 UTC;0;1011,7;1011,9;1011,6;0;22,7;22,2;22,9;22,6;22,4;22,1;98;97;97;170;4,6;3,1;
2026/02/05;0900 UTC;0;1011,8;1011,9;1011,7;,5;23,1;22,3;23,3;22,8;22,5;22,2;97;96;96;132;5,3;3,3;
2026/02/05;1000 UTC;0;1012,1;1012,3;1011,9;182,5;23,5;22,8;24;23,3;23,1;22,5;96;95;96;273;5,5;3,5;
2026/02/05;1100 UTC;0;1012,4;1012,5;1012,3;919,5;24,9;23,3;25,8;24;23,8;23,1;96;88;92;236;7,8;4,5;
2026/02/05;1200 UTC;0;1012,5;1012,7;1012,2;1468,5;26,5;23,1;28,1;25,2;23,5;22,7;89;73;83;261;9,2;5;
2026/02/05;1300 UTC;0;1012,2;1012,4;1011,9;2474;29,4;22,1;30,8;27,9;22,8;20,8;75;50;63;273;9,7;6;
2026/02/05;1400 UTC;0;1012,1;1012,2;1011,9;2903;32;20,2;33;30,8;21,2;19;51;31;41;333;9,8;5,8;
2026/02/05;1500 UTC;0;1012;1012,1;1011,8;2989;33,8;20,7;35,5;32,8;21,8;19,4;39;30;35;316;7,6;3,8;
2026/02/05;1600 UTC;0;1011,7;1012;1011,1;3099,2;34,1;21,3;35,1;33,2;22,6;20,2;39;34;36;179;8,4;4,2;
2026/02/05;1700 UTC;0;1010,7;1011,1;1010,5;989,5;30,5;22,4;34,6;26,4;23,3;20,9;85;35;60;59;8,7;6,2;
2026/02/05;1800 UTC;0;1011,4;1012,8;1010,6;88,9;25,8;22,6;26,5;24,9;23,5;20,2;90;70;84;201;14;10,4;
2026/02/05;1900 UTC;1;1012,7;1013,1;1011,7;160,8;23,9;21,6;24,9;23,3;22,4;20,5;93;78;88;169;3,3;1,6;
2026/02/05;2000 UTC;5,2;1011,3;1012,6;1010,7;299,2;23,8;22,4;24,2;23,2;22,7;22,1;95;92;93;188;8,4;3,7;
2026/02/05;2100 UTC;0;1010,6;1011,2;1010,2;537,7;24;23;25,1;23,2;23,7;22,3;97;93;95;43;4,5;2,3;
2026/02/05;2200 UTC;0;1011;1011,2;1010,5;538,1;25,3;23,8;25,6;25,1;24,1;23,4;93;90;92;50;2,7;1,4;
2026/02/05;2300 UTC;0;1011,5;1011,8;1011,1;43,7;24,7;23,8;25,2;24,4;24,1;23,6;96;93;95;98;3;1,7;
2026/02/06;0000 UTC;0;1011,5;1011,7;1011,4;0;24,3;23,5;24,4;23,9;23,8;22,5;97;93;96;35;3,9;2,7;
2026/02/06;0100 UTC;0;1011,5;1011,6;1011,4;0;24;21,7;24,1;23,9;22,5;21,4;92;87;89;225;2;1,1;
2026/02/06;0200 UTC;0;1011,4;1011,5;1011,3;0;23,8;22,2;23,9;23,8;22,5;21,9;93;90;92;331;2;1,4;
2026/02/06;0300 UTC;0;1011,5;1011,6;1011,4;0;23,7;22,5;23,8;23,6;22,5;22,4;94;93;94;298;2,7;1,8;
2026/02/06;0400 UTC;0;1011,5;1011,7;1011,3;0;23,7;22,3;23,8;23,4;22,5;22,2;95;93;93;220;3,6;2,3;
2026/02/06;0500 UTC;0;1011,1;1011,4;1011;0;23,1;21,7;23,5;22,7;22,4;21,3;95;92;93;234;2,6;1,6;
2026/02/06;0600 UTC;0;1010,9;1011,2;1010,6;0;23;21,4;23,4;22,7;21,6;21,2;93;90;92;225;4,7;2,9;
2026/02/06;0700 UTC;0;1010,7;1010,9;1010,6;0;23,5;21,7;23,6;23,4;22,1;21,4;93;90;91;194;9,5;7,5;
2026/02/06;0800 UTC;0;1011;1011,3;1010,8;0;23,2;21,8;23,6;23;22,1;21,6;93;92;93;193;9,8;7,3;
2026/02/06;0900 UTC;0;1011,8;1012,4;1011,4;,3;23;21,4;23,1;22,8;21,7;20,7;93;89;92;173;11,9;9,7;
2026/02/06;1000 UTC;0;1012,6;1012,9;1012,4;140;23,1;20,5;23,4;23;20,9;20;89;85;87;169;10,3;8,2;
2026/02/06;1100 UTC;;;;;;;;;;;;;;;;;;
2026/02/06;1200 UTC;0;1014,2;1014,6;1013,7;918,7;23,4;19,5;23,6;23;20,1;18,6;85;76;81;169;12,8;10,6;
2026/02/06;1300 UTC;0;1014,8;1015,3;1014,4;1105,8;23,4;18,6;23,8;23,1;19,1;18,1;79;72;76;172;11,9;9,7;
2026/02/06;1400 UTC;0;1015,5;1015,9;1015,2;957;23,2;17,9;23,6;23;18,4;17,4;75;71;73;175;10,8;8,9;
2026/02/06;1500 UTC;0;1015,7;1015,9;1015,4;1834,4;24,1;18,1;25,9;23,1;19;17,6;74;64;70;173;8,6;6,7;
2026/02/06;1600 UTC;0;1015,3;1015,5;1015,1;2529,8;26;18,7;26,9;25,1;19,3;18;67;61;64;175;9,8;7,9;
2026/02/06;1700 UTC;0;1014,9;1015,1;1014,7;2853,9;25,9;18,3;27,3;25,3;19,4;17,8;67;57;62;165;9;7;
2026/02/06;1800 UTC;0;1014,9;1015;1014,8;2980,3;26,3;18,4;26,8;25,8;19,3;17,7;66;58;61;172;9,5;7,3;
2026/02/06;1900 UTC;0;1014,8;1015;1014,6;2729,6;25,8;17,7;26,4;25,2;18,5;17;62;57;60;172;11;8,6;
2026/02/06;2000 UTC;0;1014,8;1014,9;1014,6;2092,7;24,8;16,2;25,8;24,3;17,3;14,9;60;51;57;169;13;9,8;
2026/02/06;2100 UTC;0;1014,8;1014,9;1014,6;1443,7;23,9;15,6;24,6;23,3;16,5;15;61;55;58;172;13,5;10,8;
2026/02/06;2200 UTC;0;1015;1015,2;1014,7;598;22,7;14,9;23,3;22,2;15,5;14,4;64;57;61;169;12,1;9,6;
2026/02/06;2300 UTC;0;1015,5;1015,8;1015,2;56,1;21,7;14,7;22,2;21,4;15,3;14,2;68;62;65;161;11,8;8,9;
2026/02/07;0000 UTC;0;1016;1016,3;1015,7;0;21,5;14,7;21,6;21,4;15,3;14,2;70;64;66;153;10,7;8,7;
2026/02/07;0100 UTC;0;1016,4;1016,7;1016,2;0;21,4;14,8;21,5;21,2;15,4;14,3;70;65;67;150;9,9;7,9;
2026/02/07;0200 UTC;0;1016,7;1016,9;1016,6;0;21,3;14,7;21,4;21,2;15,4;14,1;70;64;67;141;9,5;7,6;
2026/02/07;0300 UTC;0;1017;1017,1;1016,9;0;21;14,5;21,3;20,7;15;13,8;69;65;67;117;6,3;4,7;
2026/02/07;0400 UTC;0;1017;1017,1;1016,9;0;20,7;14,2;21;20,6;14,9;13,8;69;66;67;115;5,7;4,2;
2026/02/07;0500 UTC;0;1016,6;1016,9;1016,3;0;20,5;14;20,7;20,3;14,5;13,5;70;65;68;77;4,9;3,2;
2026/02/07;0600 UTC;0;1016;1016,2;1015,9;0;17,3;13,2;20,4;16,2;13,7;13,1;85;66;80;300;3,5;2,7;
2026/02/07;0700 UTC;0;1015,9;1016;1015,8;0;15,8;12,9;16,3;15,4;13,2;12,6;87;84;86;284;3,9;2,9;
2026/02/07;0800 UTC;0;1015,9;1016;1015,8;0;15,1;12,4;15,4;14,9;12,7;12,3;87;86;87;298;3,7;2,7;
2026/02/07;0900 UTC;0;1016,2;1016,3;1016;,1;14,6;12,2;14,8;14,2;12,4;12,1;90;87;88;303;3,3;2,6;
2026/02/07;1000 UTC;0;1016,7;1017,2;1016,2;183,1;14,8;12,4;15,9;14,2;12,8;12,1;90;84;88;260;4,3;3;
2026/02/07;1100 UTC;0;1017,4;1017,6;1017,2;961,3;17,3;13,3;19;16;14,3;12,8;84;75;80;265;4,4;2,4;
2026/02/07;1200 UTC;0;1017,7;1017,9;1017,6;1809,3;21,1;14,8;22,9;19;15,6;14,2;76;60;69;318;6,2;4;
2026/02/07;1300 UTC;0;1017,9;1018;1017,7;2594,3;23,9;15,2;25,1;22,9;15,8;14,7;61;51;56;294;6,2;3,7;
2026/02/07;1400 UTC;0;1017,9;1018;1017,7;2958,7;25,7;15,4;27,1;24,7;16,2;14,7;55;41;48;286;6,2;3,7;
2026/02/07;1500 UTC;0;1017,6;1017,8;1017,4;3401,1;27,4;15,1;28,4;26,5;16,3;13,7;43;28;38;276;6,4;2,9;
2026/02/07;1600 UTC;0;1017,2;1017,5;1017,1;3642,4;29,3;15,5;31,4;28;17,7;14,2;43;26;31;153;6,9;4,3;
2026/02/07;1700 UTC;0;1016,7;1017,1;1016,4;3617,3;29,6;17,2;30,7;28,8;18,3;15,5;43;29;38;127;6,2;4,7;
2026/02/07;1800 UTC;0;1016,1;1016,5;1015,8;3356,3;29,8;17,7;31,1;27,8;19,4;16,4;46;34;39;95;6,3;4,6;
2026/02/07;1900 UTC;0;1016,1;1016,2;1015,9;2912;29;17,7;29,8;28,1;18,4;16,6;50;37;43;156;9,2;7,4;
2026/02/07;2000 UTC;0;1015,9;1016;1015,7;2206,9;26,9;17,5;28;26,1;18,2;16,5;60;47;53;154;8,6;7,8;
2026/02/07;2100 UTC;0;1015,8;1015,8;1015,7;1385,1;25,5;18,2;26,1;24,8;18,6;17,5;68;58;63;148;7,4;6,4;
2026/02/07;2200 UTC;0;1015,9;1016,1;1015,7;569,1;24,5;17,8;24,8;24;18,3;17,2;69;63;67;134;5,6;4,8;
2026/02/07;2300 UTC;0;1016,3;1016,5;1016;46;23,2;17,7;23,9;22,6;18;17,1;74;69;72;122;4,8;3,7;
2026/02/08;0000 UTC;0;1016,6;1016,8;1016,4;0;22,3;16,9;22,6;22;17,2;16,5;75;72;73;107;3,4;2,6;
2026/02/08;0100 UTC;0;1017,1;1017,3;1016,8;0;21,7;16,7;22,1;20,7;17,1;16,1;77;74;75;89;2,5;1,5;
2026/02/08;0200 UTC;0;1017,3;1017,5;1017,3;0;19,5;15,9;20,7;18,5;16,3;15,5;86;77;82;299;1,3;,9;
2026/02/08;0300 UTC;0;1017,5;1017,6;1017,4;0;18,5;15,7;18,7;18,1;16;15,3;87;85;86;240;1,4;1,2;
2026/02/08;0400 UTC;0;1017,6;1017,6;1017,5;0;17,7;15,5;18,1;17,4;16,2;14,8;91;87;89;325;3,4;2,8;
2026/02/08;0500 UTC;0;1017,3;1017,5;1017;0;18,1;16,2;18,2;17,9;16,4;16;91;90;90;318;3,3;2,6;
2026/02/08;0600 UTC;0;1016,7;1017;1016,6;0;18;15,6;18,2;17,7;16,2;14,9;90;86;88;312;2,6;2,4;
2026/02/08;0700 UTC;0;1016,5;1016,6;1016,4;0;17,1;14,5;17,8;16,5;14,9;14;89;85;87;325;3,1;2,5;
2026/02/08;0800 UTC;0;1016,6;1016,7;1016,4;0;16,8;14,6;17;16,5;14,9;14,2;92;87;89;296;2,6;2;
2026/02/08;0900 UTC;0;1016,8;1017;1016,7;,1;16,4;14,9;16,5;16,1;15,1;14,4;93;91;92;308;2,4;2,2;
2026/02/08;1000 UTC;0;1017,1;1017,3;1016,9;180,5;16,7;15;18,2;16,1;16,1;14,5;93;90;92;338;2,5;1,9;
2026/02/08;1100 UTC;0;1017,5;1017,8;1017,3;941,1;20,5;16,4;23;18,2;17,1;15,5;89;68;80;158;1,1;,8;
2026/02/08;1200 UTC;0;1017,9;1018;1017,8;1765,2;24,2;16,9;25,1;23,1;17,6;16,4;70;60;64;152;2,7;2;
2026/02/08;1300 UTC;0;1018,2;1018,4;1018;2543,3;25,8;17,9;26,6;25,2;18,4;17,2;62;58;60;131;3,8;3;
2026/02/08;1400 UTC;0;1018,2;1018,3;1018;2841,3;26,6;18,2;27,2;26,2;18,5;17,8;60;55;58;130;5,2;4,3;
2026/02/08;1500 UTC;0;1017,8;1018;1017,7;3402,9;27,7;18,6;28,4;27;19;18,3;58;50;55;113;5,6;4,4;
2026/02/08;1600 UTC;0;1017,5;1017,8;1017,2;3799,6;28,3;18,8;28,6;27,7;19,2;18,3;54;50;52;100;7;5,3;
2026/02/08;1700 UTC;0;1017;1017,2;1016,7;3754;28,3;19;28,7;27,9;19,4;18,5;57;51;53;96;7,6;6;
2026/02/08;1800 UTC;0;1016,5;1016,8;1016,3;3437,4;28,2;18,6;28,6;28;19,2;18,1;54;50;52;98;7,4;5,8;
2026/02/08;1900 UTC;0;1016,2;1016,4;1016,1;2912,9;27,7;18,6;28,2;27,2;19,3;18;58;50;55;85;8,1;6;
2026/02/08;2000 UTC;0;1015,7;1016,1;1015,4;2224,8;26,8;17,8;27,4;26,4;18,4;17,3;58;53;55;78;9,3;6,8;
2026/02/08;2100 UTC;0;1015,3;1015,4;1015,2;1404,4;25,9;17,5;26,5;25,4;18,1;16,9;60;55;58;73;9;6,6;
2026/02/08;2200 UTC;0;1015,2;1015,4;1015;577,6;24,9;17,3;25,4;24,3;17,9;16,7;65;59;62;71;9,2;7,1;
2026/02/08;2300 UTC;0;1015,4;1015,5;1015,3;40,4;23,8;16,9;24,3;23,6;17,5;16,5;68;64;65;65;9;6,4;
2026/02/09;0000 UTC;0;1015,4;1015,5;1015,3;0;23,6;16,8;23,7;23,5;17,4;16,4;69;64;66;55;9,9;6,8;
2026/02/09;0100 UTC;0;1015,6;1015,8;1015,5;0;23,3;16,4;23,6;22,7;17,2;15,9;68;64;65;27;7,4;4;
2026/02/09;0200 UTC;0;1015,8;1015,9;1015,7;0;22,2;15,6;22,6;22;16;15,3;70;66;67;25;7,7;4,3;
2026/02/09;0300 UTC;0;1015,5;1015,7;1015,3;0;21,8;16,7;22;21,4;17,2;16;79;70;74;31;4,7;2,9;
2026/02/09;0400 UTC;0;1015,3;1015,5;1015,2;0;20,5;17,1;21,4;19,8;17,3;16,8;85;79;83;38;3,2;2,1;
2026/02/09;0500 UTC;0;1015,1;1015,2;1015;0;19,8;16,2;19,8;19,7;16,8;15,8;85;80;82;38;4,3;2,9;
2026/02/09;0600 UTC;0;1014,9;1015;1014,7;0;19,9;15,7;20,2;19,6;15,8;15,6;80;77;79;32;3,8;2,4;
2026/02/09;0700 UTC;0;1014,6;1014,9;1014,5;0;19,7;15,8;19,9;19,4;15,9;15,7;82;80;81;26;3,4;2,4;
2026/02/09;0800 UTC;0;1014,8;1015;1014,5;0;18,9;15,7;19,4;18,5;15,9;15,5;85;82;84;15;3,1;2,3;
2026/02/09;0900 UTC;0;1015;1015,3;1014,7;0;18,1;15,4;18,5;17,8;15,6;15,2;87;85;86;344;2,6;1,8;
2026/02/09;1000 UTC;0;1015;1015,3;1014,9;157,8;18,4;15,3;19,8;17,7;15,6;15,1;88;79;85;34;2,6;1,8;
2026/02/09;1100 UTC;0;1015,4;1015,7;1015;921,5;21,9;16,2;23,6;19,8;16,7;15,6;79;64;71;44;4,8;2,8;
2026/02/09;1200 UTC;0;1015,3;1015,5;1015,1;1789,6;24,6;16,5;25,6;23,6;17;16,2;65;55;60;47;8,3;5;
2026/02/09;1300 UTC;0;1015,4;1015,6;1015,2;2746,1;26,6;17,8;27,5;25,3;19,1;16;61;51;56;65;8,5;6,1;
2026/02/09;1400 UTC;0;1015,5;1015,7;1015,3;2047,6;26,5;18,4;27,7;25,1;19;17,6;66;54;59;73;9,4;6,6;
2026/02/09;1500 UTC;0;1015,3;1015,5;1015,1;3565,2;27,6;18,6;28,3;27,1;19,3;18,1;59;53;55;75;9,1;6,7;
2026/02/09;1600 UTC;0;1014,9;1015,1;1014,5;3875,5;28,1;19;28,5;27,6;19,8;18,2;58;52;54;73;9,8;7,3;
2026/02/09;1700 UTC;0;1014,3;1014,6;1013,9;2846,4;26,9;18,6;27,6;26,2;19,3;18;64;54;58;71;10,1;7,7;
2026/02/09;1800 UTC;0;1013,7;1014,2;1013,2;2831;26,8;19,2;27,9;26,1;20,1;18,8;66;58;62;68;10,8;7,8;
2026/02/09;1900 UTC;0;1013,1;1013,5;1012,7;2926,3;27,2;19,8;27,6;26,8;20,3;19,4;66;60;63;70;10,8;7,9;
2026/02/09;2000 UTC;0;1012,7;1012,8;1012,4;2085,4;26,5;19,9;26,9;25,8;20,2;19,6;70;64;67;68;11,2;8,4;
2026/02/09;2100 UTC;0;1012,3;1012,6;1012;1379,6;25,9;20,2;26,6;25,2;20,5;19,9;76;68;72;60;11;7,7;
2026/02/09;2200 UTC;0;1011,8;1011,9;1011,8;535,7;24,9;19,9;25,4;24,3;20,4;19,5;77;73;75;50;11,3;7,6;
2026/02/09;2300 UTC;0;1012,3;1012,9;1011,8;30;24,1;19,4;24,3;23,9;19,8;19,2;77;76;77;39;8;5;
2026/02/10;0000 UTC;0;1013;1013,3;1012,6;0;23,8;19,2;24;23,7;19,4;19;77;76;77;37;7,2;4,4;
2026/02/10;0100 UTC;0;1013,4;1013,5;1013,2;0;23,7;19,1;23,8;23,6;19,3;19;78;76;77;39;7;4,4;
2026/02/10;0200 UTC;0;1013,2;1013,3;1013;0;23,7;19,8;23,8;23,6;20;19,3;81;78;80;37;7,7;4,5;
2026/02/10;0300 UTC;0;1013;1013,2;1012,7;0;23,6;20;23,7;23,5;20,3;19,9;84;81;82;37;7,2;4,6;
2026/02/10;0400 UTC;0;1012,6;1012,7;1012,3;0;23,4;20,7;23,5;23,4;21,1;20,3;88;84;86;33;6,2;4;
2026/02/10;0500 UTC;0;1012;1012,4;1011,7;0;23,2;21,2;23,4;23;21,3;21;91;88;90;32;5,8;3,9;
2026/02/10;0600 UTC;0;1011,3;1011,6;1011,2;0;22,7;21,2;23;22,3;21,3;21;94;91;93;98;3,1;1,2;
2026/02/10;0700 UTC;0;1010,9;1011,2;1010,7;0;22;20,8;22,3;21,9;21;20,6;94;93;94;29;4,7;3;
2026/02/10;0800 UTC;0;1010,6;1010,7;1010,5;0;22;20,6;22,1;21,9;20,6;20,5;93;92;93;76;5;2,8;
2026/02/10;0900 UTC;0;1010,6;1010,6;1010,5;0;22;20,6;22,1;21,9;20,7;20,5;93;92;93;102;4,3;3;
2026/02/10;1000 UTC;0;1010,8;1011;1010,6;153,1;22,1;20,8;22,7;21,9;21,2;20,6;94;92;93;88;3,1;1,6;
2026/02/10;1100 UTC;0;1011,1;1011,2;1010,9;867,2;24,2;21,4;25,6;22,7;21,8;21,1;92;80;86;40;4,3;2,5;
2026/02/10;1200 UTC;0;1011,2;1011,3;1011;995,3;25,7;22;26,5;25,3;22,6;21,4;83;79;82;120;3,6;2,4;
2026/02/10;1300 UTC;0;1010,9;1011;1010,8;2516,1;27,7;23;29,2;26,4;23,6;22,4;81;71;76;128;4,5;3,3;
2026/02/10;1400 UTC;0;1010,8;1011;1010,5;2551,5;29;23,4;30;28,1;23,9;22,9;76;69;72;101;5,1;3,7;
2026/02/10;1500 UTC;0;1010,2;1010,5;1010;3338;29,3;23,7;30,2;28,6;24,1;23,5;75;68;72;102;6,5;4,8;
2026/02/10;1600 UTC;0;1009,7;1010;1009,5;3282,9;28,8;23,6;29,6;27,6;24;23,2;79;71;74;89;7;5,4;
2026/02/10;1700 UTC;0;1009,1;1009,5;1008,9;3640,6;29,6;23,9;30,3;29;24,3;23,5;75;69;71;83;6,7;4,8;
2026/02/10;1800 UTC;0;1008,6;1008,9;1008,3;3344,5;29,4;23,9;29,7;29,2;24;23,7;74;71;72;87;6,8;5;
2026/02/10;1900 UTC;0;1008,1;1008,3;1007,8;2811,1;29,2;23,8;29,5;28,6;24;23,6;76;72;73;87;6,2;4,7;
2026/02/10;2000 UTC;0;1007,7;1007,8;1007,6;2091,4;28,4;23,7;29,1;27,8;23,9;23,5;79;73;76;82;6,4;4,4;
2026/02/10;2100 UTC;0;1007,6;1007,7;1007,5;1283,5;27,6;23,6;28;27;23,8;23,5;83;78;80;80;6,2;4,2;
2026/02/10;2200 UTC;0;1007,6;1007,7;1007,5;499,5;26,2;23,5;27;25,5;23,6;23,5;90;83;87;78;5,5;3,8;
2026/02/10;2300 UTC;0;1007,6;1007,7;1007,4;38,7;24,9;23,6;25,4;24,7;23,7;23,5;95;90;94;52;6,3;4,2;
2026/02/11;0000 UTC;0;1007,5;1007,6;1007,4;0;24,5;23,7;24,6;24,4;23,7;23,5;96;95;96;40;6,4;4;
2026/02/11;0100 UTC;0;1007,5;1007,7;1007,4;0;24,4;23,2;24,4;24,3;23,5;23;95;93;94;38;4,4;2,6;
2026/02/11;0200 UTC;0;1007,6;1007,7;1007,3;0;24,1;22,9;24,3;23,9;23;22,8;95;93;94;35;4,3;2,8;
2026/02/11;0300 UTC;0;1006,9;1007,3;1006,5;0;23,9;22,8;23,9;23,7;22,9;22,7;95;95;95;25;4,7;2,9;
2026/02/11;0400 UTC;0;1006,4;1006,5;1006,2;0;23,8;22,8;23,9;23,7;22,8;22,7;95;94;95;28;3,2;2;
2026/02/11;0500 UTC;0;1005,6;1006,2;1005,3;0;23,6;22,8;23,7;23,5;23;22,7;97;95;96;28;3,3;2;
2026/02/11;0600 UTC;0;1005,4;1005,5;1005,4;0;23,2;22,6;23,6;22,9;23;22,3;97;97;97;319;2,5;1,7;
2026/02/11;0700 UTC;0;1005,3;1005,4;1005;0;22,6;22,1;22,8;22,5;22,3;21,9;97;97;97;237;3,3;2,3;
2026/02/11;0800 UTC;0;1005,2;1005,5;1005;0;22,7;22,1;23,3;22,5;22,6;21,8;97;96;97;341;5,6;3,8;
2026/02/11;0900 UTC;0;1005,5;1005,8;1005,2;0;23,6;23;23,8;23,3;23,3;22,6;97;96;97;337;5,8;3,6;
2026/02/11;1000 UTC;0;1006,2;1006,6;1005,8;151,8;24;23,5;24,2;23,8;23,6;23,3;98;97;97;325;5,6;3,9;
2026/02/11;1100 UTC;0;1007;1007,4;1006,6;874,7;25;23,3;26,4;24,2;23,7;22,3;97;80;92;319;6,6;4,1;
2026/02/11;1200 UTC;0;1007,8;1008,2;1007,4;1682,4;28,1;21,7;29,9;26,4;22,6;21,4;79;57;68;289;5,8;3,4;
2026/02/11;1300 UTC;0;1008,1;1008,3;1008;2473,4;31,8;21,9;32,9;29,9;22,6;21,3;58;45;51;292;9,1;5,7;
2026/02/11;1400 UTC;0;1008,5;1008,7;1008,2;2716,6;33,5;22;34,3;32,8;22,9;21,1;48;36;43;286;9,5;5,8;
2026/02/11;1500 UTC;0;1008,2;1008,3;1008;3403,2;34,8;21,8;35,7;33,9;22,7;20,7;40;31;35;255;9,7;5,2;
2026/02/11;1600 UTC;0;1007,9;1008,2;1007,7;3747,4;36,3;22,4;37,4;35,3;23,4;21,7;33;28;30;279;11,5;6,8;
2026/02/11;1700 UTC;0;1007,9;1008,5;1007,6;2827,3;35,6;22,4;37,6;31;23,8;21,5;60;26;34;183;17,6;10,6;
2026/02/11;1800 UTC;0;1008,9;1009,1;1008,5;3094,8;29,9;22,6;31;29,1;23;22,2;67;60;64;174;11,3;8,3;
2026/02/11;1900 UTC;0;1009;1009,3;1008,8;2686,8;29;21,8;29,8;28,5;22,5;21,3;66;62;64;171;12,4;9;
2026/02/11;2000 UTC;0;1009,3;1009,5;1009,2;2022,9;27,9;21,3;28,5;27,5;21,7;20,7;68;65;67;174;11,5;9,2;
2026/02/11;2100 UTC;0;1009,5;1009,7;1009,4;1236,2;26,7;21,1;27,5;25,9;21,3;20,7;76;66;72;169;10,4;8,7;
2026/02/11;2200 UTC;0;1010,1;1010,7;1009,5;492,6;25,2;20,7;25,9;24,4;21,1;20,3;80;75;78;166;10,6;8,4;
2026/02/11;2300 UTC;0;1011;1011,2;1010,6;26,4;23,9;20,6;24,3;23,6;20,9;20,2;85;80;83;152;10,6;8,9;
2026/02/12;0000 UTC;0;1011,7;1011,7;1011,7;0;23,5;20,3;23,5;23,5;20,3;20,3;84;84;84;146;10,7;9,2;
2026/02/12;0100 UTC;0;1012;1012,4;1011,8;0;23,6;20,3;23,6;23,5;20,5;20,1;85;83;84;135;11,3;9,1;
2026/02/12;0200 UTC;0;1012,5;1012,9;1011,9;0;23,5;20,3;23,6;23,3;20,6;20;86;83;84;143;9,1;7,3;
2026/02/12;0300 UTC;7,4;1014,2;1017;1011,6;3,3;22,4;19,8;23,5;19,9;20,5;17,9;94;84;87;139;11,7;8,1;
2026/02/12;0400 UTC;1,8;1014,2;1014,9;1013,6;1,5;19,9;18;20,5;19;18,7;16,9;93;88;91;136;10,6;8,9;
2026/02/12;0500 UTC;,2;1013,5;1014,2;1012,4;0;21;17,7;21,8;20,5;18,5;16,3;90;74;83;150;11,4;8,8;
2026/02/12;0600 UTC;0;1013,1;1013,4;1012,6;0;21,3;15,2;21,7;20,9;17,1;14;79;62;69;139;10,9;9,5;
2026/02/12;0700 UTC;,8;1013;1015,2;1012,2;,7;21,7;16,8;22,3;20,4;18,1;13,9;87;63;75;183;16,3;12,1;
2026/02/12;0800 UTC;6,2;1013,5;1016;1011,5;2,4;19,1;17,6;20,3;18,6;18,1;17,1;95;88;93;109;14,4;10,7;
2026/02/12;0900 UTC;1,8;1010,7;1012,8;1009,6;,4;19,3;17,7;20;18,6;18,5;17;94;90;92;84;16,6;11;
2026/02/12;1000 UTC;0;1011,7;1012,1;1011,1;26,5;20,2;18,4;20,6;19,9;18,8;17,7;93;86;91;102;13,2;9,7;
2026/02/12;1100 UTC;0;1011,5;1013,1;1010,8;45;21,2;18,3;21,8;20,6;19,1;17,6;88;82;85;143;13,6;10,5;
2026/02/12;1200 UTC;8,6;1014,4;1015,4;1013,2;19,7;20,4;19,1;21,8;19,6;19,5;18,5;97;86;93;190;12;7,4;
2026/02/12;1300 UTC;10,8;1014,6;1015;1013,8;79,2;19,8;19,4;20;19,6;19,8;19,1;99;97;98;95;11,1;8,4;
2026/02/12;1400 UTC;3,6;1012,6;1013,8;1011,3;274,8;20,3;20,1;21,1;19,8;20,9;19,5;99;98;99;106;11,4;8;
2026/02/12;1500 UTC;0;1013,4;1014,3;1013;918,3;21,4;20,8;22;21,2;21,1;20,1;99;92;97;67;8,9;5,9;
2026/02/12;1600 UTC;0;1013,1;1013,3;1012,8;1373,5;22,5;20,2;22,8;22;20,6;19,8;93;86;89;68;7,8;5,3;
2026/02/12;1700 UTC;0;1012,5;1013;1012,2;1080,6;22,8;19,8;23;22,6;20,3;19,5;87;83;85;79;9,6;6,8;
2026/02/12;1800 UTC;0;1012,7;1013,3;1012,3;563,2;22,9;20,3;23,3;22,6;20,6;19,9;88;85;87;66;4,7;3,1;
2026/02/12;1900 UTC;0;1012,8;1013,5;1011,7;432,9;23;20,4;23,3;22,8;21,1;20,1;89;85;87;35;4;2,2;
2026/02/12;2000 UTC;0;1011,4;1011,9;1011;552,5;23,6;21,2;23,8;23,2;21,5;20,7;89;86;88;208;1,7;,9;
2026/02/12;2100 UTC;0;1011,6;1012;1011,1;316,5;23,6;21,2;23,9;23,3;21,5;20,8;90;86;88;173;3,8;2,8;
2026/02/12;2200 UTC;0;1011,6;1011,8;1011,2;161,8;23;21,1;23,5;22,7;21,5;20,8;91;90;90;211;2,6;1,4;
2026/02/12;2300 UTC;0;1011,8;1012,1;1011,6;10,7;22,2;20,7;22,7;21,9;20,9;20,6;94;91;92;278;2,4;1,5;
2026/02/13;0000 UTC;0;1012,7;1013,2;1012,1;0;21,6;20,6;21,9;21,4;20,7;20,4;95;94;95;250;2,6;1,9;
2026/02/13;0100 UTC;0;1013,2;1013,4;1013;0;21,3;20,4;21,4;21;20,5;20,2;96;95;95;248;2,4;1,7;
2026/02/13;0200 UTC;0;1013,5;1013,8;1013,3;0;20,8;20;21,1;20,5;20,3;19,8;97;96;96;294;2,8;2;
2026/02/13;0300 UTC;0;1014,1;1014,4;1013,8;0;20,4;19,9;20,6;20,2;20;19,7;98;97;97;302;2,9;1,9;
2026/02/13;0400 UTC;0;1014,1;1014,3;1014;0;20;19,5;20,2;19,8;19,7;19,4;98;98;98;290;3,1;2,2;
2026/02/13;0500 UTC;0;1014,2;1014,3;1014,1;0;19,9;19,5;20;19,9;19,6;19,5;98;98;98;304;2,9;2,1;
2026/02/13;0600 UTC;0;1013,9;1014,1;1013,8;0;19,7;19,2;19,9;19,4;19,5;19;98;98;98;302;3,2;2,4;
2026/02/13;0700 UTC;0;1013,9;1014;1013,7;0;19,4;19,1;19,6;19,3;19,2;19;98;98;98;290;4,8;3;
2026/02/13;0800 UTC;0;1014,1;1014,3;1013,9;0;19,6;19,1;19,7;19,5;19,2;19;98;97;98;278;4,8;3,2;
2026/02/13;0900 UTC;0;1014,5;1014,7;1014,3;0;19,9;19,3;20,2;19,6;19,5;19,1;97;97;97;260;4;2,3;
2026/02/13;1000 UTC;0;1015,1;1015,6;1014,7;53,1;20,3;19,7;20,7;20,2;20,1;19,5;97;97;97;242;4,1;2,5;
2026/02/13;1100 UTC;0;1016;1016,5;1015,6;531,1;21,8;20,7;22,6;20,7;21,3;20;97;93;95;199;9;7,1;
2026/02/13;1200 UTC;0;1017,1;1017,8;1016,6;888,2;23,1;20,2;23,6;22,6;21,4;19,3;93;79;85;169;11,6;9,1;
2026/02/13;1300 UTC;0;1018,3;1018,9;1017,7;2246,7;24,8;19,6;25,6;23,6;20;19;81;70;74;171;11,3;9,3;
2026/02/13;1400 UTC;0;1019,3;1019,6;1018,8;2551,2;25,4;19,5;25,8;24,6;20;19,2;75;68;70;168;11,9;9,5;
2026/02/13;1500 UTC;0;1020;1020,4;1019,5;3353;25,8;19,3;26,1;25,3;19,9;18,7;70;64;67;164;11,3;8,8;
2026/02/13;1600 UTC;;;;;;;;;;;;;;;;;;
2026/02/13;1700 UTC;0;1020,4;1020,6;1020,2;3176,3;25,8;17,7;26,3;25;18,5;16,9;64;55;60;165;10,2;8,5;
2026/02/13;1800 UTC;0;1020,5;1020,6;1020,3;2719,3;25,4;17,2;26,1;24,7;18,2;16,5;62;56;59;169;11,5;9,1;
2026/02/13;1900 UTC;0;1020,4;1020,6;1020,2;2316,3;24,4;16,3;25;23,8;17,4;15,5;63;57;59;168;11,7;9,6;
2026/02/13;2000 UTC;0;1020,7;1021,1;1020,5;1996,4;23,7;15,5;24,6;22,7;16,4;14,3;63;56;59;165;11,5;8,8;
2026/02/13;2100 UTC;0;1021,1;1021,2;1020,8;731,5;21,9;14,7;22,9;21,2;15,2;14,2;69;58;64;156;12,1;10,1;
2026/02/13;2200 UTC;0;1021,1;1021,4;1020,8;257,6;20,8;14,5;21,3;20,5;15,1;14;71;66;68;158;11,7;8,7;
2026/02/13;2300 UTC;0;1021,2;1021,4;1021,1;15,9;20,3;14,3;20,5;20,1;15;13,5;74;67;70;154;13,6;10,5;
2026/02/14;0000 UTC;0;1021,6;1022,1;1021,3;0;20,1;13,9;20,2;20;14,7;13,3;72;66;69;154;11,9;9,3;
2026/02/14;0100 UTC;0;1022,6;1023;1022,2;0;20,1;13,6;20,2;20;14,3;13;71;65;68;145;11,6;8,8;
2026/02/14;0200 UTC;0;1023,1;1023,2;1022,9;0;20,1;13,3;20,2;19,9;14;12,7;70;63;66;139;9,9;7,4;
2026/02/14;0300 UTC;0;1023,1;1023,3;1023;0;19,9;13,3;20;19,8;14,1;12,4;71;63;67;135;9,9;7,9;
2026/02/14;0400 UTC;0;1023,2;1023,3;1023;0;19,5;12,9;19,7;19,3;13,6;12,2;70;64;67;121;7,7;5,9;
2026/02/14;0500 UTC;0;1023;1023,1;1022,6;0;19,2;12,3;19,4;19;13;11,9;69;63;65;123;6,5;4,7;
2026/02/14;0600 UTC;0;1022,3;1022,6;1022;0;18,8;12,1;19,2;18,5;13;11,7;69;64;66;110;5,4;3,6;
2026/02/14;0700 UTC;0;1021,9;1022;1021,7;0;18,8;12,1;19;18,5;12,6;11,7;69;65;67;140;4,8;3;
2026/02/14;0800 UTC;0;1021,7;1021,8;1021,6;0;18,7;12,2;18,8;18,5;12,6;11,8;69;66;68;153;5,3;3;
2026/02/14;0900 UTC;0;1022;1022,3;1021,8;0;18,6;12,2;19;17,2;12,7;11,3;75;66;68;149;4,9;3,4;
2026/02/14;1000 UTC;0;1022,3;1022,4;1022,2;140,9;19,4;12,8;20,4;18,6;13,7;12,2;70;63;67;146;6,2;4,5;
2026/02/14;1100 UTC;0;1022,4;1022,5;1022,2;866,4;21,2;13,3;21,8;20,4;13,7;12,9;65;57;61;149;6,6;5;
2026/02/14;1200 UTC;0;1022,8;1023;1022,5;1718,4;22,4;13,7;23;21,8;14,4;13,1;59;53;56;142;6,8;5,6;
2026/02/14;1300 UTC;0;1023,1;1023,5;1022,9;2512,4;23,6;14,7;24,4;22,9;15,4;13,6;60;52;55;119;6;4,5;
2026/02/14;1400 UTC;0;1023,6;1023,8;1023,5;2593,2;24,9;15,3;25,6;24,2;16;14,6;54;48;52;107;5;3,4;
2026/02/14;1500 UTC;0;1023,3;1023,6;1023,1;3564,5;25,7;15,8;26,1;25,3;16,3;14,9;53;47;50;96;5,5;3,6;
2026/02/14;1600 UTC;0;1022,8;1023,1;1022,4;3767,9;25,7;15,7;26;25,4;16,3;15;53;46;50;84;6,3;4,4;
2026/02/14;1700 UTC;0;1022;1022,4;1021,7;3718;25,7;16;26,2;25,3;16,6;15,2;55;47;51;82;7,1;5;
2026/02/14;1800 UTC;0;1021,5;1021,7;1021,2;3424,3;25,6;15,8;26;25,1;16,2;15,4;54;48;51;67;7,8;5,1;
2026/02/14;1900 UTC;0;1021;1021,3;1020,8;2900,5;24,9;15,7;25,7;24,5;16,3;15,2;57;51;54;78;8,5;6,2;
2026/02/14;2000 UTC;0;1020,4;1020,8;1020,1;2169,1;24,4;15,2;24,7;24,1;15,9;14,7;57;52;54;70;8,6;5,9;
2026/02/14;2100 UTC;0;1019,9;1020,1;1019,7;1334,9;23,7;14,7;24,1;23,3;15,3;14,2;60;52;55;69;7,8;5,5;
2026/02/14;2200 UTC;0;1019,7;1019,8;1019,6;537,8;22,7;14,8;23,3;22;15,4;14,2;66;55;61;65;9,3;6,8;
2026/02/14;2300 UTC;0;1019,7;1019,8;1019,5;33,8;21,7;14,8;22;21,6;15,2;14,4;68;62;65;54;8,7;5,9;
2026/02/15;0000 UTC;0;1019,7;1019,7;1019,6;0;21,6;14,9;21,7;21,2;15,5;14,4;70;65;67;35;7,5;4,6;
2026/02/15;0100 UTC;0;1019,9;1020;1019,6;0;21,1;14,4;21,3;21;14,5;14,3;67;66;66;35;7,8;4,5;
2026/02/15;0200 UTC;0;1019,5;1019,6;1019,4;0;21,1;14,3;21,3;20,7;14,7;14,1;68;65;66;25;6,4;4;
2026/02/15;0300 UTC;0;1019,1;1019,4;1018,9;0;20,2;14,4;20,7;19,3;14,8;14,1;77;67;71;56;4,4;2,7;
2026/02/15;0400 UTC;0;1019;1019,2;1018,8;0;19;14,9;19,5;18,6;14,9;14,8;82;77;79;42;3,8;2,1;
2026/02/15;0500 UTC;0;1018,6;1018,9;1018,3;0;19,3;15;19,8;18,6;15,1;14,9;82;76;78;32;4,6;2,7;
2026/02/15;0600 UTC;0;1017,8;1018,3;1017,3;0;20;15;20,1;19,8;15,2;14,9;77;74;75;29;6,3;3,7;
2026/02/15;0700 UTC;0;1017,1;1017,3;1016,9;0;19,8;15,1;20,1;19,3;15,3;14,9;80;74;77;24;4,2;2,5;
2026/02/15;0800 UTC;0;1016,8;1017;1016,7;0;19,7;15,1;19,9;19,3;15,4;14,9;80;75;77;27;5,7;3,4;
2026/02/15;0900 UTC;0;1016,7;1016,8;1016,6;0;20,2;15,3;20,4;19,8;15,6;15;77;75;76;32;6,6;4,5;
2026/02/15;1000 UTC;0;1016,8;1017;1016,7;123,8;20,7;15,9;21,4;20,2;16,2;15,7;78;74;76;27;7,1;4,3;
2026/02/15;1100 UTC;0;1017;1017;1016,9;819,2;22,6;16,8;23,7;21,4;17,6;16,3;74;68;71;34;7,4;4,5;
2026/02/15;1200 UTC;0;1016,9;1017;1016,8;1272,4;24,2;18,2;25,2;23,7;18,9;17,6;73;67;70;57;9,7;5,8;
2026/02/15;1300 UTC;0;1016,7;1016,8;1016,6;1736,5;25,2;18,8;26,9;24,5;19,4;18,5;71;61;68;34;10;6,4;
2026/02/15;1400 UTC;0;1016,6;1016,8;1016,2;1803,1;26,4;19,3;27,1;25,7;19,9;18,8;66;62;64;41;9,8;5,5;
2026/02/15;1500 UTC;0;1015,7;1016,1;1015,3;1965,9;26,9;19,9;27,6;26,3;21,4;19,4;72;62;65;53;11;6,2;
2026/02/15;1600 UTC;0;1015;1015,4;1014,6;2120,9;26,6;20,7;27,1;25,9;21,6;19,9;77;66;71;59;11;8,1;
2026/02/15;1700 UTC;0;1014,4;1014,6;1014;1668,4;25,7;21,3;26,5;25;21,8;21,1;81;74;78;54;11,6;7,3;
2026/02/15;1800 UTC;0;1013,5;1014;1013,2;1390,2;25,5;21,5;26,6;24,6;21,9;21,3;84;75;80;56;12,8;8,5;
2026/02/15;1900 UTC;0;1013;1013,4;1012,4;707,4;24,7;21,6;24,9;24,6;21,8;21,4;86;83;84;54;12,1;8,4;
2026/02/15;2000 UTC;0;1012,8;1013,1;1012,2;281,9;24,5;21,8;24,7;24,3;21,9;21,6;88;85;86;46;10,4;7;
2026/02/15;2100 UTC;0;1012,8;1013,2;1012,1;272,8;24,2;22,1;24,4;23,9;22,2;21,8;91;88;89;50;9,9;6,9;
2026/02/15;2200 UTC;,2;1011,8;1012,6;1011,1;43,3;23,9;21,9;24;23,8;22,2;21,7;91;89;90;39;13,6;8,2;
2026/02/15;2300 UTC;0;1010,4;1011,1;1009,8;,8;23,8;21,7;24;23,7;21,7;21,6;90;88;89;34;14,2;8,5;
2026/02/16;0000 UTC;0;1010,9;1012,4;1009,8;0;23,9;21,7;24;23,6;22;20,7;90;86;89;205;12,2;7,7;
2026/02/16;0100 UTC;0;1012,9;1013,1;1012,5;0;22,8;20,3;23,5;22,4;20,7;19,9;89;86;87;146;5,8;2,7;
2026/02/16;0200 UTC;0;1012,7;1013,1;1012,5;0;22;19,7;22,4;21,7;19,9;19,5;90;88;89;320;6,5;3,3;
2026/02/16;0300 UTC;0;1012,9;1013,1;1012,6;0;21,9;20,5;23;21,6;21,8;19,8;94;90;93;309;6,5;3,8;
2026/02/16;0400 UTC;0;1012,2;1012,6;1011,8;0;23,7;22,2;23,9;23,1;22,4;21,8;94;92;92;329;8,3;4,6;
2026/02/16;0500 UTC;0;1011,2;1011,8;1010,2;0;24;22,8;24,2;23,9;23,2;22,4;95;93;94;329;9,2;5,7;
2026/02/16;0600 UTC;0;1010,5;1011;1009,7;0;24,1;23,2;24,2;23,9;23,2;23;96;95;95;314;7,8;5;
2026/02/16;0700 UTC;0;1010,3;1010,6;1010;0;23,6;22,8;23,9;23,4;23;22,6;96;95;96;306;6,8;4,1;
2026/02/16;0800 UTC;0;1010,9;1011,2;1010,3;0;23,1;22,3;23,4;22,8;22,6;22;96;96;96;271;5,6;2,6;
2026/02/16;0900 UTC;0;1011;1011,2;1010,8;0;22,5;21,8;22,8;22,3;22;21,7;97;96;97;270;3,3;2,1;
2026/02/16;1000 UTC;0;1011,6;1012;1011,2;42,8;22,1;21,6;22,3;22;21,8;21,5;98;97;98;273;4,6;3,2;
2026/02/16;1100 UTC;0;1012,4;1012,7;1012;430,9;22,2;21,6;22,8;22;21,9;21,4;98;95;97;255;4,5;2,6;
2026/02/16;1200 UTC;0;1013;1013,2;1012,7;1477,1;23,9;21,2;25,3;23;21,8;20,5;94;81;87;208;7;5,2;
2026/02/16;1300 UTC;0;1013;1013,2;1012,7;2433,2;25,9;21,2;26,8;25,1;21,6;20,8;81;72;77;202;8,6;6,9;
2026/02/16;1400 UTC;0;1013;1013,3;1012,8;2511,2;27,4;21,9;27,8;26,6;22,3;21,2;75;71;73;185;11,9;9,7;
2026/02/16;1500 UTC;0;1013,2;1013,4;1013;3467,3;27,6;21,7;27,9;27,3;22,2;21,2;74;67;71;185;11,4;9,1;
2026/02/16;1600 UTC;0;1013,1;1013,2;1013;3700,3;27,5;21,2;27,8;27,2;21,5;20,9;70;67;69;183;12;9,8;
2026/02/16;1700 UTC;0;1013,1;1013,3;1013;3650,6;27,5;20,9;27,8;27,4;21,3;20,7;69;65;67;186;12,1;9,4;
2026/02/16;1800 UTC;0;1013,1;1013,4;1012,9;3342,9;27,6;20,9;28,1;27,3;21,5;20,5;69;64;66;188;11,1;9,1;
2026/02/16;1900 UTC;0;1013;1013,2;1012,8;2853,8;27,4;20,7;27,8;27;21,1;20,4;68;65;66;183;10,3;8,6;
2026/02/16;2000 UTC;0;1012,8;1012,9;1012,6;2136,7;26,7;20,3;27,1;26,2;20,7;20;71;66;68;185;10,4;8,4;
2026/02/16;2100 UTC;0;1012,8;1013,1;1012,5;1085,6;25,1;19,8;26,3;24,2;20,4;19,5;78;70;74;187;10,5;8,1;
2026/02/16;2200 UTC;0;1013;1013,1;1012,9;423,6;24;19,7;25,1;23,1;19,9;19,4;84;73;78;189;9,3;7,4;
2026/02/16;2300 UTC;0;1013;1013,1;1012,9;14,9;22,8;19,7;23;22,6;19,9;19,4;86;83;85;200;7,6;5,9;
2026/02/17;0000 UTC;0;1013,3;1013,6;1013,1;0;22,4;18,6;22,8;22,1;19,5;18,1;83;79;81;238;5,3;3,1;
2026/02/17;0100 UTC;0;1013,6;1013,8;1013,4;0;22,1;18,5;22,3;21,9;19,2;18,1;85;81;82;218;7,8;4,8;
2026/02/17;0200 UTC;0;1013,7;1013,9;1013,5;0;21,7;18,6;22;21,5;18,7;18,5;86;83;84;227;5,4;3,7;
2026/02/17;0300 UTC;0;1013,8;1013,9;1013,6;0;22,2;19,3;22,6;21,8;19,7;18,8;86;84;85;210;7,9;6;
2026/02/17;0400 UTC;0;1013,6;1014;1013,3;0;22;19,3;22,4;21,8;19,6;19;89;85;86;218;7,4;4,1;
2026/02/17;0500 UTC;0;1013,6;1013,7;1013,4;0;20,9;19,1;21,8;20,2;19,5;18,9;94;88;91;273;3,3;2,1;
2026/02/17;0600 UTC;0;1013,3;1013,5;1013;0;20,2;18,9;20,3;20,1;19,1;18,8;94;93;94;304;3,8;2,5;
2026/02/17;0700 UTC;0;1012,8;1013;1012,6;0;20,4;18,9;20,5;20,3;19;18,8;93;93;93;276;4,2;2,9;
2026/02/17;0800 UTC;0;1012,6;1012,9;1012,4;0;20,2;18,9;20,5;19,9;19,1;18,8;95;93;94;285;3,5;2,1;
2026/02/17;0900 UTC;0;1013,1;1013,2;1012,9;0;19,8;18,9;20;19,5;19,4;18,7;97;95;96;244;4,6;2,7;
2026/02/17;1000 UTC;0;1013,6;1014;1013,2;134,4;21;20,4;22,2;20;21,5;19,5;97;96;97;191;5,9;4,8;
2026/02/17;1100 UTC;0;1014,4;1014,6;1014;880,8;23,4;21,8;24,8;22,2;22;21,4;96;83;92;154;3,4;2,7;
2026/02/17;1200 UTC;0;1014,8;1014,9;1014,5;1658,3;25,9;21,8;26,5;24,8;22;21,3;84;77;80;147;4,4;3,3;
2026/02/17;1300 UTC;0;1014,6;1014,8;1014,6;2464,7;26,3;21,9;26,9;26,1;22,2;21,7;80;75;78;134;4,2;3,6;
2026/02/17;1400 UTC;0;1014,6;1014,7;1014,6;2519,6;27,5;21,9;28,2;26,7;22,2;21,5;76;68;72;160;4,1;3,1;
2026/02/17;1500 UTC;0;1014,6;1014,7;1014,5;3514,8;28,2;21,9;28,9;27,9;22,5;21,5;70;66;69;164;4,4;3,2;
2026/02/17;1600 UTC;0;1014,7;1014,7;1014,6;3676,1;28,3;22;28,8;28;22,4;21,7;71;66;68;156;6,4;5,3;
2026/02/17;1700 UTC;0;1014,4;1014,6;1014,3;3678,2;28;21,8;28,3;27,7;22,2;21,4;70;67;69;149;6,6;5,6;
2026/02/17;1800 UTC;0;1014;1014,3;1013,5;3278,1;27,7;21,7;28,3;26,9;22,2;21,4;76;67;70;142;7,9;6,8;
2026/02/17;1900 UTC;0;1013,3;1013,5;1013,1;2833,7;26,9;21,8;27,3;26,7;22,2;21,4;77;72;75;130;7,4;6,2;
2026/02/17;2000 UTC;0;1013,2;1013,3;1013;2120,2;26,7;21,9;27,2;26,1;22,3;21,3;79;72;76;126;9,1;7,7;
2026/02/17;2100 UTC;0;1013,3;1013,4;1013,2;1082,7;26;21;26,4;25,5;21,5;20,5;78;73;75;121;7,2;5,8;
2026/02/17;2200 UTC;0;1013,5;1013,7;1013,3;469,1;25,3;20,3;25,9;24,3;20,8;19,8;79;73;75;109;5,8;4,7;
2026/02/17;2300 UTC;0;1013,5;1013,7;1013,3;21,3;23,8;20,1;24,3;23,6;20,8;19,7;85;78;82;113;7,6;5,7;
2026/02/18;0000 UTC;0;1013,7;1014,1;1013,4;0;23,6;21;23,7;23,5;21,6;20,4;90;84;87;117;8,5;6,7;
2026/02/18;0100 UTC;0;1014,3;1014,7;1014,2;0;23,5;21,3;23,6;23,4;21,6;20,9;91;87;89;97;8,4;6,4;
2026/02/18;0200 UTC;0;1014,6;1014,7;1014,5;0;23,3;21,4;23,5;23,1;21,6;21,1;91;89;90;88;7,1;5,5;
2026/02/18;0300 UTC;0;1014,4;1014,6;1014,2;0;23,4;20,7;23,5;23,2;21,5;18,5;90;77;86;99;9,8;7,6;
2026/02/18;0400 UTC;0;1014,3;1014,4;1014,1;0;23,3;20,3;23,7;23;20,6;19,4;87;80;85;97;8,7;6,4;
2026/02/18;0500 UTC;0;1014,1;1014,2;1013,9;0;23;20,5;23,1;22,9;20,7;20,2;88;86;87;93;7,4;5,7;
2026/02/18;0600 UTC;0;1013,7;1014;1013,4;0;22,9;20,5;23;22,8;20,7;20,3;89;87;88;84;7,4;5,3;
2026/02/18;0700 UTC;0;1013,5;1013,6;1013,4;0;22,8;20,2;22,9;22,7;20,4;20,1;88;87;87;77;5,2;3,5;
2026/02/18;0800 UTC;0;1014;1014,2;1013,6;0;22,3;19,9;22,7;21,2;20,3;19,2;91;88;88;284;1,7;1,2;
2026/02/18;0900 UTC;0;1014,6;1015,1;1014,3;0;20,2;18,9;21,2;19,9;19,4;18,7;95;91;93;253;1,7;,6;
2026/02/18;1000 UTC;0;1015,3;1015,4;1015,1;147,9;20,4;19,3;21,7;19,8;20,5;18,7;96;94;95;85;3;1,6;
2026/02/18;1100 UTC;0;1015,5;1015,7;1015,2;818,8;24;21,1;25,4;21,7;21,4;20,5;95;79;85;100;3,8;2,9;
2026/02/18;1200 UTC;0;1016;1016,2;1015,8;1663,9;25,8;21,1;26,5;25,4;21,5;20,8;79;73;76;111;4,4;3,4;
2026/02/18;1300 UTC;0;1015,9;1016,1;1015,7;2456,4;26,9;21,2;27,4;26,6;21,5;20,8;74;68;72;89;4,8;3,7;
2026/02/18;1400 UTC;0;1016,1;1016,2;1015,9;2552;27,8;21,1;28,5;27;21,5;20,6;71;63;67;109;4,4;3,2;
2026/02/18;1500 UTC;0;1016;1016,3;1015,7;3517,4;28,4;21,4;28,6;28,1;21,8;21,1;67;64;65;108;5,8;4,5;
2026/02/18;1600 UTC;0;1015,5;1015,8;1015,4;3734,2;28,6;21,5;29;28,3;22;21,2;66;62;64;98;6,9;5,5;
2026/02/18;1700 UTC;0;1015,2;1015,5;1015;3678;28,3;21,4;28,7;28;21,8;21;67;63;65;91;7,6;5,8;
2026/02/18;1800 UTC;0;1014,8;1015,1;1014,6;3361,8;28,2;21,3;28,5;27,9;21,6;21;68;63;66;83;6,8;5,1;
2026/02/18;1900 UTC;0;1014,4;1014,6;1014,1;2825,3;27,7;21;28,2;27,4;21,5;20,5;68;63;66;80;8,2;5,2;
2026/02/18;2000 UTC;0;1014,2;1014,3;1013,9;2082,6;27,1;20,7;27,5;26,7;21,3;20,5;70;65;68;79;7,1;4,9;
2026/02/18;2100 UTC;0;1013,7;1013,9;1013,4;1261,9;26,1;20,2;26,9;25,6;20,7;19,9;74;68;71;66;7,5;5;
2026/02/18;2200 UTC;0;1013;1013,4;1012,7;456,5;25;20,4;25,6;24,3;20,7;20;80;74;77;74;7,8;5,9;
2026/02/18;2300 UTC;0;1012,7;1012,9;1012,6;16,3;23,9;20,1;24,3;23,8;20,5;19,6;83;79;81;72;8,2;5,9;
2026/02/19;0000 UTC;0;1013,1;1013,3;1012,8;0;23,8;20;23,8;23,6;20,3;19,8;82;80;81;62;7,8;5,4;
2026/02/19;0100 UTC;0;1013;1013,1;1012,8;0;23,7;19,8;23,8;23,6;20,2;19,5;82;79;80;55;7,7;5,1;
2026/02/19;0200 UTC;0;1013,4;1013,7;1013,1;0;23,4;19,7;23,7;23,1;19,8;19,4;83;79;81;33;7,3;3,8;
2026/02/19;0300 UTC;0;1013,5;1013,8;1013,2;0;22,7;19,4;23,1;22,5;19,5;19,3;84;82;83;34;6;3,9;
2026/02/19;0400 UTC;0;1013;1013,3;1012,7;0;22,5;19,1;22,6;22,5;19,3;19;84;82;83;31;5,8;3,5;
2026/02/19;0500 UTC;0;1012,4;1012,8;1012,1;0;22,3;18,9;22,6;22;19;18,9;85;82;83;68;5,5;3,3;
2026/02/19;0600 UTC;0;1012;1012,3;1011,7;0;21,5;19;22;21;19;18,9;89;85;88;344;3,4;1,9;
2026/02/19;0700 UTC;0;1011,6;1011,9;1011,3;0;20,6;18,8;21;20,3;18,9;18,7;92;89;91;334;2,3;1,4;
2026/02/19;0800 UTC;0;1011,5;1011,7;1011,3;0;20,3;18,8;20,4;20,2;18,9;18,8;93;92;93;23;2,7;2,1;
2026/02/19;0900 UTC;0;1011,3;1011,6;1010,8;0;20,6;18,9;20,9;20,4;19,1;18,8;92;90;92;35;3,1;2,3;
2026/02/19;1000 UTC;0;1011,1;1011,7;1010,7;57,9;21,2;19,1;21,5;20,9;19,3;19;91;89;90;30;4,2;2,5;
2026/02/19;1100 UTC;0;1012;1012,2;1011,6;319;22,1;19,6;22,7;21,5;20;19,3;89;86;87;51;2;1,3;
2026/02/19;1200 UTC;0;1012,2;1013,1;1011,9;503,4;23,4;20,2;23,9;22,7;20,4;19,9;86;82;84;109;3,1;1,9;
2026/02/19;1300 UTC;0;1013;1013,2;1012,8;1108,7;24,6;20,3;25,3;23,9;20,6;20;83;73;78;81;5,7;3,9;
2026/02/19;1400 UTC;0;1012,5;1013;1012,1;1690,9;25,8;20;26,2;25,4;20,7;19,1;75;65;71;100;6,6;3,6;
2026/02/19;1500 UTC;0;1012,1;1012,3;1011,8;2291,7;26,9;19,6;27,6;26,1;21;18,3;69;59;64;100;4,4;2,3;
2026/02/19;1600 UTC;0;1012;1012,1;1011,8;1664,4;27,1;20,9;27,8;26,1;21,7;20,1;71;67;69;69;5,9;4,1;
2026/02/19;1700 UTC;0;1011,9;1012;1011,8;1165,6;26;20,7;26,4;25,6;21,2;20,1;78;69;74;66;6,5;4,2;
2026/02/19;1800 UTC;0;1011,6;1011,9;1011,3;1333,6;25,9;21,1;26,2;25,6;21,4;20,8;78;75;76;68;6,8;5;
2026/02/19;1900 UTC;0;1011,3;1011,5;1011,2;608,4;25,2;21,2;26,1;24,7;21,5;21;84;76;80;74;6,2;4,2;
2026/02/19;2000 UTC;5,2;1011,6;1011,7;1011,3;284,9;21,9;19,3;24,7;21,1;21,4;18;91;77;87;50;3,9;2,4;
2026/02/19;2100 UTC;0;1011,5;1011,7;1011,4;192,1;22;19,5;22,8;21,1;21,1;18,1;92;84;88;45;5,5;2,9;
2026/02/19;2200 UTC;0;1011,5;1011,6;1011,4;106,5;22,4;20,9;22,7;22,1;21,4;20,3;94;91;92;52;3,1;2;
2026/02/19;2300 UTC;0;1011,4;1011,6;1011,2;1,3;22,6;21,2;22,9;22,2;21,6;20,4;94;91;93;79;6,7;4,9;
2026/02/20;0000 UTC;0;1012,4;1012,9;1011,3;0;22,7;21,1;22,9;22,3;21,6;20,5;94;91;92;92;5,5;4,2;
2026/02/20;0100 UTC;2,2;1013,8;1014,8;1013;,3;21,8;20,3;22,5;20,9;20,8;20;96;91;93;276;6,7;3,5;
2026/02/20;0200 UTC;5,2;1014,5;1014,7;1014,2;,1;20,3;19,6;20,9;19,8;20,1;19,2;97;96;97;284;4,6;2,3;
2026/02/20;0300 UTC;0;1014,2;1014,6;1013,4;0;19,2;18,5;19,7;19;19,1;18,3;97;96;97;243;3,7;2,9;
2026/02/20;0400 UTC;,2;1012,3;1013,7;1011,1;0;19,3;18,4;20,4;19;19,6;18;97;94;95;178;11;6;
2026/02/20;0500 UTC;,2;1013,4;1013,7;1013,2;0;21,2;20,1;21,6;20,3;20,3;19,4;96;93;95;151;5,6;3,7;
2026/02/20;0600 UTC;0;1013,2;1013,4;1012,9;0;21,5;20,2;21,6;21,5;20,3;20,1;94;93;93;156;4,6;3,9;
2026/02/20;0700 UTC;0;1012,9;1013;1012,8;0;20,3;19,1;21,5;19,2;20,2;18,3;96;93;94;237;3,7;2,2;
2026/02/20;0800 UTC;0;1013,2;1013,6;1012,9;0;19,4;18,8;20,1;19;19,6;18,4;98;96;97;266;4,8;2,9;
2026/02/20;0900 UTC;0;1014;1014,4;1013,6;0;19,2;18,8;19,4;19;19;18,6;98;98;98;262;4;2,7;
2026/02/20;1000 UTC;0;1014,5;1014,8;1014,3;107,4;19,2;18,8;19,7;19;19,2;18,6;98;97;98;248;4,6;3,1;
2026/02/20;1100 UTC;0;1014,9;1015;1014,7;844;20,7;19,8;21,9;19,7;20,5;19,2;97;92;95;211;3,5;1,5;
2026/02/20;1200 UTC;0;1015,4;1015,6;1015;1606,4;22,7;20,6;23,7;21,9;21,3;20,2;92;86;90;201;5,3;3,9;
2026/02/20;1300 UTC;0;1015,6;1015,7;1015,5;2194,3;24,8;21,6;25,7;23,3;22,5;20,5;89;79;84;181;9,9;8;
2026/02/20;1400 UTC;0;1015,8;1016;1015,7;2564,6;26;21,5;26,6;25,6;22;21,2;80;74;77;179;10,3;8,5;
2026/02/20;1500 UTC;0;1015,9;1016;1015,7;3295,6;26,6;21,3;27,3;25,8;21,7;20,5;76;71;73;175;9,9;7,7;
2026/02/20;1600 UTC;0;1015,8;1015,9;1015,6;3540,1;27;21,1;27,3;26,1;21,7;20,3;74;68;71;174;8,9;7,6;
2026/02/20;1700 UTC;0;1015,8;1015,9;1015,7;3627,4;27,3;21,2;27,6;27;21,7;20,7;72;66;69;165;8,1;6,6;
2026/02/20;1800 UTC;0;1015,9;1016;1015,8;2993,6;27;20,8;28,1;25,4;21,5;19,8;73;66;69;163;9,2;7,3;
2026/02/20;1900 UTC;0;1015,9;1016;1015,6;2678,3;26;20,1;26,7;25,3;20,6;19,7;73;68;70;149;8,9;7,1;
2026/02/20;2000 UTC;0;1015,6;1015,7;1015,5;2038,9;25,3;19,6;25,7;25;20,1;19,1;73;70;71;152;8,7;7,4;
2026/02/20;2100 UTC;0;1015,6;1015,7;1015,5;1205;24,6;19,1;25;24,1;19,7;18,7;75;71;73;144;9,5;7,7;
2026/02/20;2200 UTC;0;1015,6;1015,6;1015,4;437,3;23,7;18,1;24,1;23,3;18,8;17,2;74;69;72;145;10,1;8,4;
2026/02/20;2300 UTC;0;1015,9;1016,2;1015,5;15,9;23;17;23,4;22,9;18,1;16,1;74;66;70;143;10,6;8,9;
2026/02/21;0000 UTC;0;1016,7;1017,3;1016,2;0;22,7;16,5;22,9;22,6;16,9;16,2;71;67;69;133;10;8,3;
2026/02/21;0100 UTC;0;1017,6;1017,8;1017,4;0;22,5;16,4;22,6;22,3;17,1;15,5;73;66;69;124;8,8;7;
2026/02/21;0200 UTC;0;1017,8;1018;1017,7;0;22,2;16,1;22,4;21,9;17;15,3;73;65;70;113;7,6;5,8;
2026/02/21;0300 UTC;0;1018;1018,1;1018;0;21,9;15,8;22;21,8;16,2;15,4;72;68;70;110;7,5;5,8;
2026/02/21;0400 UTC;0;1018;1018,1;1017,7;0;21,6;15,3;21,9;21,5;15,7;14,9;71;67;68;111;7,3;4,9;
2026/02/21;0500 UTC;0;1017,6;1017,8;1017,4;0;21,6;15,3;21,7;21,4;15,8;14,9;71;67;69;106;6,6;4,8;
2026/02/21;0600 UTC;0;1017,6;1017,8;1017,4;0;21,3;15,2;21,5;21,1;15,6;14,9;71;69;70;109;5,2;3,4;
2026/02/21;0700 UTC;0;1017,6;1017,8;1017,4;0;20,8;15,2;21,1;20,6;15,5;14,8;73;69;72;98;4,1;2,8;
2026/02/21;0800 UTC;0;1017,4;1017,4;1017,3;0;20,7;15,2;21;20,5;15,6;14,8;73;71;72;110;5,9;3,8;
2026/02/21;0900 UTC;0;1017,5;1017,6;1017,3;0;20,9;15,2;21;20,8;15,5;14,8;73;70;71;112;5,6;4,3;
2026/02/21;1000 UTC;0;1018;1018,4;1017,6;103,2;21,2;15,4;22;20,8;15,8;14,7;73;69;71;103;5,5;4,1;
2026/02/21;1100 UTC;0;1018,9;1019,2;1018,4;790,7;23;16,3;23,9;22,1;16,6;15,9;71;62;66;111;5,2;3,9;
2026/02/21;1200 UTC;0;1019,5;1019,6;1019,2;1640;24,6;16,8;25,4;23,9;17,4;16,2;64;58;61;111;5,2;3,9;
2026/02/21;1300 UTC;0;1019,8;1020,1;1019,6;2178,6;25,4;17,5;26,1;24,6;18,1;17;66;58;61;127;5,8;4,7;
2026/02/21;1400 UTC;0;1020,2;1020,3;1020,1;2582;26;17,9;26,4;25,5;18,4;17,5;62;57;59;130;6,4;5,4;
2026/02/21;1500 UTC;0;1020,2;1020,4;1020;3505,3;26,6;17,8;27,1;26,1;18,4;17,3;60;52;56;124;7;5;
2026/02/21;1600 UTC;0;1020;1020,1;1019,9;3712,9;27,2;18;27,5;26,6;18,5;17,4;56;51;54;110;6,2;4,7;
2026/02/21;1700 UTC;0;1020,1;1020,3;1020;3652,3;27,5;18,4;27,8;27,2;18,7;17,8;57;52;54;109;7,1;5,5;
2026/02/21;1800 UTC;0;1020;1020,2;1019,8;3331,5;27,3;18,3;27,6;27,1;18,6;17,9;57;52;55;110;7,5;5,8;
2026/02/21;1900 UTC;0;1019,7;1019,9;1019,5;2816,5;27;18,3;27,3;26,6;18,9;17,6;59;54;56;100;7,2;5,8;
2026/02/21;2000 UTC;0;1019,3;1019,5;1019,2;2152,3;26,3;17,9;26,7;26;18,4;17,4;60;56;58;98;6,8;5;
2026/02/21;2100 UTC;0;1019,3;1019,3;1019,2;972,4;25,1;17,5;26,2;24;17,9;16,8;67;57;62;94;7,1;5,1;
2026/02/21;2200 UTC;0;1019,2;1019,3;1019,1;206,9;23,7;18;24,4;23,1;18,6;17,5;74;69;72;97;9,6;7,3;
2026/02/21;2300 UTC;0;1019,3;1019,5;1019,2;9,2;22,8;17,5;23,1;22,6;18;17,2;75;72;73;94;9,4;7,1;
2026/02/22;0000 UTC;0;1019,6;1019,9;1019,4;0;22,5;17;22,6;22,4;17,6;16,3;75;69;72;98;10,1;7,3;
2026/02/22;0100 UTC;0;1020,2;1020,3;1020;0;22,4;16,3;22,4;22,3;16,9;15,6;73;67;70;92;8,8;6,6;
2026/02/22;0200 UTC;0;1020,1;1020,2;1019,9;0;22,6;16,5;22,7;22,4;16,9;16;72;67;70;88;9,4;6,7;
2026/02/22;0300 UTC;0;1020;1020,1;1019,9;0;22,7;16,7;22,8;22,5;17,1;16,2;72;67;70;78;10,4;7,4;
2026/02/22;0400 UTC;0;1019,9;1020,1;1019,7;0;22,5;16,4;22,7;22,5;16,9;15,7;72;66;69;71;9;6,4;
2026/02/22;0500 UTC;0;1019,5;1019,7;1019,3;0;22,8;17,2;23;22,6;17,8;16,6;74;70;72;74;10,2;7,1;
2026/02/22;0600 UTC;0;1019,3;1019,4;1019,1;0;22,7;16,6;22,8;22,6;17,2;15,5;72;64;70;62;9,5;5,8;
2026/02/22;0700 UTC;0;1019;1019,1;1018,8;0;22,7;17;22,7;22,6;17,5;16,5;74;69;72;62;7,9;5,7;
2026/02/22;0800 UTC;0;1018,9;1019;1018,8;0;22,6;17,2;22,8;21,8;17,5;16,8;75;71;73;32;5,6;2,4;
2026/02/22;0900 UTC;0;1019,1;1019,4;1018,9;0;22,2;17,1;22,6;21,8;17,6;16,6;76;72;74;58;6,8;4,1;
2026/02/22;1000 UTC;0;1019,4;1019,6;1019,3;139,6;23;18,1;23,5;22,5;18,6;17,3;78;74;76;76;7,9;5,8;
2026/02/22;1100 UTC;0;1019,7;1019,9;1019,6;769,6;24,1;19;24,6;23,5;19,7;18,4;76;73;75;92;7,6;5,9;
2026/02/22;1200 UTC;0;1020,2;1020,4;1019,9;998,9;24,6;19,7;25,2;24,2;20,4;19,2;78;73;75;73;7,5;5,5;
2026/02/22;1300 UTC;0;1020,6;1020,7;1020,3;1627,9;25,5;20,1;26,2;24,7;20,4;19,5;75;69;73;82;6,7;4,9;
2026/02/22;1400 UTC;0;1020,7;1020,8;1020,6;2531,2;27;20,4;27,8;26,4;21,3;19,8;70;64;67;74;7,7;5,7;
2026/02/22;1500 UTC;0;1020,5;1020,8;1020,3;2537,8;27;20,2;28,4;25,9;21;19,5;70;61;66;77;7,9;6;
2026/02/22;1600 UTC;0;1020;1020,3;1019,8;2033,4;26,2;20,1;27,3;25,8;21,1;19,2;73;66;70;81;8,3;5,9;
2026/02/22;1700 UTC;0;1019,5;1019,8;1019,3;3619,9;27,6;20,8;27,9;27,2;21,4;20;70;63;66;80;9,6;6,8;
2026/02/22;1800 UTC;0;1019,2;1019,4;1018,9;3319,6;27;20,5;27,5;26,5;21,2;19,9;73;64;67;70;11;7,8;
2026/02/22;1900 UTC;0;1018,7;1018,9;1018,4;2759,5;26,2;20,5;26,5;25,5;20,9;20;74;69;72;70;12,5;9,6;
2026/02/22;2000 UTC;0;1018,2;1018,5;1018;2041,9;25,2;20,4;25,5;24,7;20,9;20,1;79;73;76;78;13,1;9,8;
2026/02/22;2100 UTC;0;1018;1018,1;1017,8;1013,1;24,1;20,2;24,8;23,8;20,5;20;82;78;80;84;12;8,7;
2026/02/22;2200 UTC;0;1017,6;1017,9;1017,3;354,8;23,1;20,3;23,9;22,6;20,6;20,1;89;82;86;95;12,4;9,5;
2026/02/22;2300 UTC;0;1017,4;1017,5;1017,3;13;23,4;19,4;23,7;22,6;20,8;18,6;89;75;80;59;12,6;8,5;
2026/02/23;0000 UTC;0;1017,5;1017,8;1017,4;0;23,6;18,8;23,7;23,6;19,4;18,5;79;74;76;60;14,6;8,9;
2026/02/23;0100 UTC;0;1018;1018,2;1017,7;0;23,5;18,6;23,6;23,5;19,4;18;79;72;75;61;12,7;8,7;
2026/02/23;0200 UTC;0;1018,1;1018,3;1018;0;23,6;18,5;23,7;23,5;19,1;17,9;77;72;75;55;13,1;8,7;
2026/02/23;0300 UTC;0;1017,9;1018,1;1017,7;0;23,5;18,4;23,6;23,4;18,8;18,1;76;73;74;58;11,5;7,9;
2026/02/23;0400 UTC;0;1017,4;1017,8;1017,1;0;23,6;18,8;23,6;23,5;19,3;18,3;79;74;76;55;10,3;6,6;
2026/02/23;0500 UTC;0;1016,8;1017,1;1016,6;0;23,5;19,1;23,6;23,4;19,6;18,7;80;76;78;56;10,2;6,2;
2026/02/23;0600 UTC;0;1016,5;1016,7;1016,2;0;23,2;18,8;23,5;23,1;19,6;18,5;81;76;78;57;8,4;5,7;
2026/02/23;0700 UTC;0;1016,1;1016,3;1015,9;0;23,4;19,6;23,4;23,3;20,3;18,9;85;77;81;64;8,6;5,8;
2026/02/23;0800 UTC;0;1015,8;1015,9;1015,7;0;23,5;20,5;23,8;23,3;21;19,9;86;82;85;60;8,7;5,8;
2026/02/23;0900 UTC;0;1016;1016,1;1015,9;0;23,4;20,6;23,7;23,2;21,2;20,4;89;85;86;55;9,4;5,9;
2026/02/23;1000 UTC;,2;1016,3;1016,5;1016,1;95,5;23,2;20,7;23,4;22,8;21,2;20,3;91;86;88;61;8,8;5,4;
2026/02/23;1100 UTC;,8;1016,5;1016,7;1016,4;363,5;23;21;23,4;22,8;21,4;20,4;92;88;90;48;6,9;4,7;
2026/02/23;1200 UTC;,2;1016,6;1016,7;1016,5;982,3;23,5;20,9;24,7;22,8;21,4;20,4;89;82;87;56;8;5,3;
2026/02/23;1300 UTC;0;1016,4;1016,6;1016,3;2005,6;25,2;21,5;26,3;24,4;22,2;20,8;85;78;81;68;7,6;5,3;
2026/02/23;1400 UTC;0;1016,3;1016,4;1016,1;2095,8;26,1;21,9;26,9;25,1;22,8;21,3;84;75;79;76;9,6;7;
2026/02/23;1500 UTC;0;1015,6;1016,1;1015,2;3484,4;26,8;22,3;27,1;25,7;22,6;22;83;75;78;78;10,1;7,5;
2026/02/23;1600 UTC;0;1015,1;1015,3;1014,7;3682,5;27,2;22,4;27,5;26,9;22,9;21,9;79;73;76;76;10,1;7,3;
2026/02/23;1700 UTC;0;1014,5;1014,8;1014,2;2633,8;26,5;22,1;27,3;25,9;22,4;21,8;80;74;78;68;12,5;9;
2026/02/23;1800 UTC;0;1013,8;1014,2;1013,5;1771;25,9;21,8;26,1;25,4;22,3;21,1;82;77;79;56;14;9,8;
2026/02/23;1900 UTC;0;1013;1013,5;1012,6;1371,8;25,4;21,3;25,7;24,7;21,8;20,9;83;78;80;54;13,9;9,7;
2026/02/23;2000 UTC;0;1012,3;1012,7;1012,1;948,8;24,7;21,1;24,9;24,5;21,6;20,7;84;80;82;49;13,8;8,8;
2026/02/23;2100 UTC;0;1012;1012,3;1011,8;634,6;24,6;20,8;24,9;24,4;21,3;20,5;83;78;81;52;13;9;
2026/02/23;2200 UTC;0;1012;1012,2;1011,9;403,8;24,6;20,3;25,1;24,3;20,7;19,9;80;77;78;35;12,4;7,3;
2026/02/23;2300 UTC;0;1012,2;1012,4;1012;6,8;24;20;24,3;23,6;20,3;19,6;83;79;80;38;10,4;6,8;
2026/02/24;0000 UTC;0;1012,2;1012,3;1012,1;0;23,8;19,8;23,9;23,8;20;19,6;81;79;80;36;10;6,4;
2026/02/24;0100 UTC;0;1012,3;1012,4;1012,1;0;23,7;20;23,8;23,4;20,2;19,7;84;80;82;34;10,1;5,9;
2026/02/24;0200 UTC;0;1012;1012,2;1011,6;0;23,2;20,4;23,4;23;20,5;20,2;87;84;86;34;7,6;4,7;
2026/02/24;0300 UTC;0;1011,3;1011,6;1011;0;23,2;20,3;23,4;23;20,4;20,2;87;84;86;33;10,8;5,8;
2026/02/24;0400 UTC;0;1010,8;1011,1;1010,5;0;23,3;20,5;23,5;23,1;20,7;20,3;88;85;86;33;7,7;4,1;
2026/02/24;0500 UTC;0;1010,2;1010,4;1009,9;0;23;20,6;23,1;23;20,7;20,5;89;87;88;25;6,9;4,5;
2026/02/24;0600 UTC;0;1009,8;1010;1009,7;0;23;20,8;23,1;22,9;20,8;20,7;89;88;89;27;7,3;4,6;
2026/02/24;0700 UTC;0;1009,5;1009,9;1009,2;0;22,9;20,7;22,9;22,8;20,8;20,7;90;89;89;50;7,5;4,2;
2026/02/24;0800 UTC;0;1008,7;1009,2;1008,3;0;22,8;20,7;22,8;22,7;20,7;20,6;90;89;89;25;7,3;4,4;
2026/02/24;0900 UTC;0;1008,3;1008,5;1008,2;0;23;20,8;23,1;22,8;20,9;20,7;90;89;89;29;7,8;4,9;
2026/02/24;1000 UTC;0;1008,9;1009;1008,6;87,1;23;20,9;23,2;23;21;20,8;90;88;89;43;6,9;3,5;
2026/02/24;1100 UTC;0;1008,9;1009;1008,7;706;24,1;21,2;24,9;23,3;21,5;20,9;88;82;85;40;9,4;5,4;
2026/02/24;1200 UTC;0;1008,7;1008,8;1008,6;1275,4;25,5;21,5;26;24,9;21,8;21,3;83;78;80;124;9,5;5,9;
2026/02/24;1300 UTC;0;1008,7;1008,9;1008,5;1741;26,3;21,8;27,3;25;22,5;21,3;82;74;78;243;8,2;5,1;
2026/02/24;1400 UTC;0;1008,5;1008,8;1008,2;1297,5;27,4;21,6;28,2;26,6;22,2;21,2;76;68;71;326;7,3;4,2;
2026/02/24;1500 UTC;0;1007,8;1008,2;1007,2;2346,2;28,4;21,7;29,1;27,3;22,2;21,2;72;61;67;314;8,1;5;
2026/02/24;1600 UTC;0;1006,9;1007,2;1006,7;3380,2;29,3;22;30;28,4;22,5;21,5;66;60;63;165;8,6;4,8;
2026/02/24;1700 UTC;0;1006,7;1006,8;1006,6;3406,7;30,2;22,3;30,8;29,6;22,7;21,7;64;55;60;307;8,3;4,6;
2026/02/24;1800 UTC;0;1005,8;1006,7;1005;2911,7;30,8;22,5;31,5;30,3;23;21,8;61;56;58;64;9,5;4,9;
2026/02/24;1900 UTC;0;1005;1005,2;1004,6;663,2;29,4;21,9;31,2;28,6;22,6;21,5;66;57;62;78;7,2;4,2;
2026/02/24;2000 UTC;0;1005,4;1005,7;1005,1;76,6;26;20,9;28,6;22,7;22,4;19,5;88;66;74;151;13,7;10,8;
2026/02/24;2100 UTC;38;1006,4;1007,6;1005,6;399,6;21,3;20,4;22,7;20,5;21,2;19,6;98;87;95;38;3,8;2,4;
2026/02/24;2200 UTC;,2;1006,6;1007,8;1005,9;74;21,3;20,6;21,5;21,1;21,1;20,3;98;95;97;134;6;3,5;
2026/02/24;2300 UTC;1,2;1007;1008;1006,4;,3;20,9;20,1;21,4;20,7;20,6;19,9;97;95;96;38;3;2;
2026/02/25;0000 UTC;0;1006,5;1007;1006,3;0;21,2;20,1;21,7;20,8;20,3;19,8;97;92;94;27;5,4;3,6;
2026/02/25;0100 UTC;0;1007,4;1007,7;1006,9;0;21;20;21,5;20,7;20,2;19,8;96;94;95;308;2,6;1,6;
2026/02/25;0200 UTC;0;1007,9;1008;1007,7;0;20,3;19,7;20,6;20,2;19,9;19,6;98;96;97;276;4,7;3;
2026/02/25;0300 UTC;0;1007,9;1008,1;1007,7;0;20,3;19,8;20,4;20,2;19,9;19,7;98;97;98;271;5;3,5;
2026/02/25;0400 UTC;0;1007,6;1007,7;1007,5;0;20,5;19,9;20,9;20,2;20,3;19,6;97;96;97;241;6,9;3,9;
2026/02/25;0500 UTC;,2;1007,5;1007,6;1007,3;0;20,9;19,8;21,1;20,7;20,2;19,6;97;93;94;227;6,9;4,3;
2026/02/25;0600 UTC;0;1007,5;1007,6;1007,2;0;21,4;20,1;21,7;21;20,5;19,6;94;93;93;203;13;10,3;
2026/02/25;0700 UTC;0;1007,5;1007,7;1007,3;0;21,7;20,3;21,8;21,5;20,5;20;94;91;93;200;16,4;12,2;
2026/02/25;0800 UTC;0;1007,9;1008,3;1007,6;0;21,3;19,9;21,6;21,1;20,3;19,4;94;91;93;198;14,9;12,1;
2026/02/25;0900 UTC;0;1008,7;1009,2;1008,3;0;20,8;19,1;21,1;20,6;19,8;17,9;94;87;91;180;17;13;
2026/02/25;1000 UTC;0;1009,7;1010,1;1009,2;14,1;20,4;17,4;20,6;20,2;18,1;16,8;88;83;85;175;16,3;13,4;
2026/02/25;1100 UTC;0;1010,5;1010,9;1010,1;180,9;20,4;17;20,6;20,2;17,3;16,6;85;82;83;171;15,8;12,8;
2026/02/25;1200 UTC;0;1011,1;1011,3;1010,8;505,8;20,6;17,1;21;20,3;17,5;16,6;85;79;82;177;14,8;11,6;
2026/02/25;1300 UTC;0;1011,8;1012,3;1011,3;1632,9;21,9;16,3;22,6;21;17,1;15,7;81;68;72;175;13,5;10,7;
2026/02/25;1400 UTC;0;1012,4;1012,6;1012,2;1855;22,8;16,2;23,3;22;16,6;15,6;71;62;67;179;12,8;10;
2026/02/25;1500 UTC;0;1012,4;1012,6;1012,3;3373,4;23,6;16,2;24;23;16,9;15,5;66;60;63;178;12,1;9,7;
2026/02/25;1600 UTC;0;1012,4;1012,6;1012,2;3563,2;23,9;16,1;24,2;23,4;16,7;15,7;64;59;61;180;11,5;9,3;
2026/02/25;1700 UTC;0;1012,4;1012,5;1012,2;3595,7;24,3;16,7;24,7;23,6;17,3;16,3;65;60;62;175;13,4;10,8;
2026/02/25;1800 UTC;0;1012,2;1012,3;1012;3311,1;23,6;16,3;23,9;23,3;16,8;15,9;66;62;64;176;12,2;9,9;
2026/02/25;1900 UTC;0;1012,1;1012,2;1011,9;2740,2;23,3;15,9;23,6;22,9;16,5;15,6;65;62;63;177;12,2;10;
2026/02/25;2000 UTC;0;1012,1;1012,2;1011,9;2009,4;22,6;15,6;23,3;22,1;16,1;15,1;69;61;65;176;11,2;9,5;
2026/02/25;2100 UTC;0;1012,1;1012,2;1012;1130,9;21,8;15,3;22,2;21,3;15,9;14,9;72;64;67;180;11,7;9,2;
2026/02/25;2200 UTC;0;1012;1012;1011,8;323,4;20,5;14,9;21,3;19,9;15,3;14,5;75;66;72;182;11,1;9,1;
2026/02/25;2300 UTC;0;1012;1012,3;1011,9;6,2;19,8;14,9;20;19,6;15,4;14,5;78;74;76;181;11;9;
2026/02/26;0000 UTC;0;1012,5;1012,7;1012,1;0;19,8;15,1;20;19,6;15,7;14,7;79;74;76;176;11,6;9,1;
2026/02/26;0100 UTC;0;1012,7;1012,8;1012,6;0;19,9;14,3;19,9;19,8;15;13,5;76;68;72;175;12;9,3;
2026/02/26;0200 UTC;0;1012,8;1012,8;1012,7;0;19,6;13,9;19,9;19,3;14,6;13,1;76;67;72;175;12,1;9,9;
2026/02/26;0300 UTC;0;1012,7;1012,8;1012,6;0;19,2;13,5;19,4;19;14,1;12,8;74;68;72;171;11,4;9,1;
2026/02/26;0400 UTC;0;1012,6;1012,7;1012,6;0;19;13,3;19,2;18,8;14,1;12,2;75;66;71;177;9,5;7,6;
2026/02/26;0500 UTC;0;1012,4;1012,6;1012,3;0;18,8;13,2;18,9;18,7;13,9;12,4;75;68;72;163;9,4;6,8;
2026/02/26;0600 UTC;0;1012,1;1012,3;1012;0;18,8;13,1;18,9;18,6;13,7;12,6;75;69;72;159;9,4;7,4;
2026/02/26;0700 UTC;0;1012;1012,1;1012;0;18,6;12,9;18,8;18,4;13,5;12,4;74;69;71;168;8,2;6,5;
2026/02/26;0800 UTC;0;1012,2;1012,3;1012;0;18,5;12,5;18,6;18,3;12,9;12;72;68;70;165;7,1;4,9;
2026/02/26;0900 UTC;0;1012,4;1012,7;1012,2;0;17,4;12,3;18,4;15,5;12,9;11,9;84;70;75;236;2,8;1,1;
2026/02/26;1000 UTC;0;1013,1;1013,4;1012,8;15,1;14,7;12,3;15,5;14,4;12,5;12,2;90;84;88;277;4;2,6;
2026/02/26;1100 UTC;0;1013,7;1013,9;1013,4;96,8;15,1;13,2;15,6;14,5;14;12,5;92;89;90;270;4,2;2,5;
2026/02/26;1200 UTC;0;1014,2;1014,3;1013,9;607,6;17,1;14,5;19;15,6;14,9;13,9;92;75;87;223;3,4;1,4;
2026/02/26;1300 UTC;0;1014,4;1014,6;1014,3;881,6;20;13,7;21,7;19,1;14,7;13,1;78;61;68;173;6,9;4,9;
2026/02/26;1400 UTC;0;1014,8;1014,9;1014,5;1192,5;21;13,9;22;20,2;14,5;13,2;70;61;64;202;5,5;3,5;
2026/02/26;1500 UTC;0;1014,8;1014,9;1014,7;2378,9;23,1;15;24,5;21,1;16,1;13,3;67;54;59;204;7,2;4,8;
2026/02/26;1600 UTC;0;1014,7;1015;1014,5;1844,6;22,1;14,3;25,3;20,1;16;13,1;70;49;61;178;7,9;5,8;
2026/02/26;1700 UTC;0;1014,4;1014,5;1014,1;3516;24,4;15,1;25,5;23,4;15,8;14,3;60;46;53;158;8;6,8;
2026/02/26;1800 UTC;0;1013,9;1014,2;1013,7;3301,9;23,4;15,2;23,7;22,7;15,6;14,7;63;56;59;162;7,3;5,8;
2026/02/26;1900 UTC;0;1013,4;1013,7;1013,3;2731;23,1;15;23,7;22,5;15,4;14,6;62;56;59;160;8,1;5,7;
2026/02/26;2000 UTC;0;1013,2;1013,3;1013,1;2012,6;22,7;14,2;23,1;22,3;15;13,7;61;54;58;165;8,1;5,9;
2026/02/26;2100 UTC;0;1013,1;1013,3;1012,9;1146,7;21,3;13,9;22,5;20,7;14,7;13;66;59;63;156;6,8;5,5;
2026/02/26;2200 UTC;0;1013,1;1013,3;1013;343,7;20,2;13,6;21;19,5;14,1;13,2;72;62;67;144;7,2;5,8;
2026/02/26;2300 UTC;0;1013,3;1013,6;1013,2;5,6;19,2;13,3;19,5;19,1;13,9;12,9;73;68;70;147;7,3;5,7;
2026/02/27;0000 UTC;0;1013,9;1014,1;1013,5;0;19,2;14;19,4;19;14,3;13,7;76;72;74;134;8,2;6,2;
2026/02/27;0100 UTC;0;1014,4;1014,5;1014,2;0;18,9;14;19,1;18,8;14,5;13,6;77;73;75;134;7,1;5,6;
2026/02/27;0200 UTC;0;1014,7;1014,9;1014,5;0;18,8;13,8;19;18,7;14,2;13,5;76;73;75;137;5,9;4,7;
2026/02/27;0300 UTC;0;1014,9;1015,1;1014,8;0;18,7;13,6;18,8;18,5;13,9;13,2;76;73;75;135;5,8;4,6;
2026/02/27;0400 UTC;0;1014,7;1014,9;1014,4;0;18,4;13,3;18,6;18,1;13,7;12,9;76;73;75;128;6,1;4,7;
2026/02/27;0500 UTC;0;1014,3;1014,4;1014,2;0;18;12,9;18,3;17,8;13,4;12,5;76;73;74;139;5;3,5;
2026/02/27;0600 UTC;0;1014,1;1014,2;1014;0;17,6;12,6;17,9;17,3;13;12,3;77;73;75;131;3,9;2,3;
2026/02/27;0700 UTC;0;1014;1014,2;1013,9;0;16,4;12,3;17,7;14,6;12,6;12;89;73;79;276;2,2;1,6;
2026/02/27;0800 UTC;0;1013,8;1014;1013,7;0;14;12,3;14,6;13,6;12,4;12,2;93;89;91;295;1,9;1,3;
2026/02/27;0900 UTC;0;1014,2;1014,7;1013,9;0;13,7;12,4;13,8;13,4;12,5;12,1;94;93;93;258;1,8;1,1;
2026/02/27;1000 UTC;0;1014,7;1014,9;1014,6;87;13,8;12,4;15,2;13,3;13;12;94;89;93;226;3,1;1,9;
2026/02/27;1100 UTC;0;1015,2;1015,9;1014,8;493,4;17,5;12,7;19,3;15,2;13,8;11,9;89;67;76;202;4,9;2;
2026/02/27;1200 UTC;0;1015,9;1016,1;1015,8;1136,8;19,4;13;20,5;18,4;14,1;12,2;76;61;68;134;3,9;2,9;
2026/02/27;1300 UTC;0;1016,3;1016,7;1015,9;2223,3;21,6;13,4;22,8;20,5;14,3;12,8;64;53;59;115;4,8;2,9;
2026/02/27;1400 UTC;0;1016,7;1016,8;1016,6;2066,1;22,1;13,5;22,8;21,5;14,1;12,9;61;53;57;123;4;2,7;
2026/02/27;1500 UTC;0;1016,6;1016,7;1016,3;3562,2;23;13,9;23,6;22,3;14,6;13;59;51;54;130;4,8;3,8;
2026/02/27;1600 UTC;0;1016,1;1016,3;1016;2967,3;22,9;14,1;23,7;21,8;14,9;13,2;61;52;56;136;5,2;3,4;
2026/02/27;1700 UTC;0;1016;1016,2;1015,9;3150,9;22,9;14,4;23,5;22,2;15;14;61;54;58;133;5,8;4,2;
2026/02/27;1800 UTC;0;1015,8;1015,9;1015,5;3258,6;23,3;14,7;23,7;22,9;15,2;14,3;59;55;57;133;6,1;4,4;
2026/02/27;1900 UTC;0;1015,5;1015,6;1015,3;2593,6;23;14,8;23,9;22,3;15,5;14,3;62;55;59;131;7;5,3;
2026/02/27;2000 UTC;0;1015,4;1015,6;1015,2;1999,5;22,9;14,8;23,3;22,6;15,2;14,3;61;57;60;113;6,7;4,3;
2026/02/27;2100 UTC;0;1015,4;1015,6;1015,3;1138;22,4;14,6;23;21,9;15;14,2;65;58;61;107;7,9;4,6;
2026/02/27;2200 UTC;0;1015,5;1015,6;1015,3;344,3;21;14,2;21,8;20,2;14,8;13,8;70;64;66;96;6,5;4,5;
2026/02/27;2300 UTC;0;1015,6;1015,7;1015,5;4,9;19,9;14,3;20,2;19,8;14,5;13,9;74;69;72;85;7;4,7;
2026/02/28;0000 UTC;0;1015,9;1016,1;1015,6;0;19,9;14,4;20;19,8;14,7;14,1;74;71;72;90;6,6;4,8;
2026/02/28;0100 UTC;0;1016,2;1016,2;1016,1;0;20;14,6;20,1;19,8;14,9;14,2;74;71;73;86;7,2;5;
2026/02/28;0200 UTC;0;1016,1;1016,2;1015,9;0;20,1;14,4;20,3;20;14,9;13,8;74;68;71;71;6,6;4,4;
2026/02/28;0300 UTC;0;1015,9;1016;1015,7;0;20,2;13,7;20,3;20,1;14,1;13,4;70;66;68;68;7,3;5,1;
2026/02/28;0400 UTC;0;1015,5;1015,7;1015,2;0;20,1;13,7;20,3;19,5;14;13,3;71;65;68;65;7,3;4,3;
2026/02/28;0500 UTC;0;1015,1;1015,3;1014,9;0;20,1;13,7;20,3;19,9;14;13,3;70;66;68;63;6,8;4,3;
2026/02/28;0600 UTC;0;1014,9;1015;1014,8;0;19,9;13,7;20,1;19,4;14,1;13,4;70;67;69;61;5,6;2,8;
2026/02/28;0700 UTC;0;1015;1015,1;1014,9;0;19,4;13,7;20,2;18,9;14,6;13,3;74;69;71;70;6;4;
2026/02/28;0800 UTC;0;1014,9;1015;1014,8;0;20,1;14,3;20,3;19,9;14,5;14;73;69;71;81;5,6;4;
2026/02/28;0900 UTC;0;1015,2;1015,4;1015;0;19,8;14,2;20,3;18,3;14,6;13,8;78;69;72;121;4,2;2,3;
2026/02/28;1000 UTC;0;1015,8;1016,1;1015,4;80,8;17,5;13,7;18,5;17,2;14;13,6;83;77;81;348;2,5;2,1;
2026/02/28;1100 UTC;0;1016,5;1017;1016,1;463,5;19,6;14,7;20,7;17,8;15,5;14;81;71;75;306;1,3;,9;
2026/02/28;1200 UTC;0;1017,1;1017,4;1016,9;1331,1;22,3;15,6;24,2;20,5;16,4;14,8;76;58;67;85;5;3,3;
2026/02/28;1300 UTC;0;1017,3;1017,4;1017,2;2372,6;24,7;16,1;25,1;24,2;16,5;15,7;60;54;57;84;6,5;4,6;
2026/02/28;1400 UTC;0;1017,2;1017,3;1017,2;2481,8;25,5;16,3;26,2;25;16,9;15,6;57;48;54;80;5,8;4,1;
2026/02/28;1500 UTC;;;;;;;;;;;;;;;;;;
2026/02/28;1600 UTC;0;1017;1017,1;1016,9;3650,7;26,2;16,9;26,5;26;17,3;16,5;56;51;53;88;6,9;5,2;
2026/02/28;1700 UTC;0;1016,8;1017;1016,6;3578,7;26,2;16,8;26,4;25,9;17,3;16,4;55;51;53;95;7,2;5,5;
2026/02/28;1800 UTC;0;1016,5;1016,7;1016,2;3237,4;26;17;26,4;25,7;17,7;16,5;58;53;55;93;7,7;5,8;
2026/02/28;1900 UTC;0;1016,1;1016,3;1016;2689;25,6;17,2;25,9;25,3;17,6;17;61;56;58;92;7,4;5,6;
2026/02/28;2000 UTC;0;1015,9;1016,1;1015,8;1972,2;25;16,9;25,6;24,7;17,5;16,3;61;57;59;89;6,9;5,4;
2026/02/28;2100 UTC;0;1015,7;1015,8;1015,6;1116,5;24,1;16,5;24,7;23,4;17;16,1;66;60;62;76;7,8;5,5;
2026/02/28;2200 UTC;0;1015,5;1015,6;1015,5;334,1;22,8;16,1;23,4;22,2;16,4;15,5;69;63;66;74;8,1;5,8;
2026/02/28;2300 UTC;0;1016;1016,3;1015,6;4,1;21,9;15,5;22,2;21,8;16;15,1;71;66;68;71;6,9;5,2;
2026/03/01;0000 UTC;0;1016,6;1016,9;1016,3;0;21,7;15,6;21,8;21,7;15,9;15,1;71;67;69;65;7;4,7;
2026/03/01;0100 UTC;0;1017,1;1017,3;1016,9;0;21,5;15,3;21,8;20,7;15,7;14,6;70;67;69;27;5,2;3;
2026/03/01;0200 UTC;0;1016,9;1017,1;1016,8;0;20,6;14,6;20,9;20,3;14,7;14,4;71;69;70;28;5,2;3,6;
2026/03/01;0300 UTC;0;1017;1017,1;1016,8;0;20,1;14,2;20,3;19,7;14,4;14;72;69;70;42;3;1,7;
2026/03/01;0400 UTC;0;1017,1;1017,1;1017;0;19,2;14,3;19,7;18,8;14,7;14,1;78;72;76;305;3,2;2,2;
2026/03/01;0500 UTC;0;1016,7;1017,1;1016,3;0;18,7;14,6;19;18,4;14,8;14,4;80;77;79;26;4,1;2,7;
2026/03/01;0600 UTC;0;1016,3;1016,4;1016,2;0;18,3;14,4;18,7;17,6;14,7;14,2;83;79;81;214;3,8;2,5;
2026/03/01;0700 UTC;0;1016,1;1016,2;1016;0;17,7;14,2;18,2;17,4;14,3;14;84;81;82;326;2,8;2,3;
2026/03/01;0800 UTC;0;1016,3;1016,4;1016,2;0;16,8;14,1;17,4;16,6;14,3;13,8;88;83;86;326;3;2,6;
2026/03/01;0900 UTC;0;1016,5;1016,9;1016,2;0;16,6;14;17,1;15,9;14,9;13,3;90;84;87;209;1,2;,9;
2026/03/01;1000 UTC;0;1017,1;1017,6;1016,9;37,5;14,8;13,4;16;14,4;13,9;12,8;95;89;93;41;,9;,7;
2026/03/01;1100 UTC;0;1017,9;1018;1017,6;613,2;17,7;15,4;21,5;14,7;16,8;13,7;96;73;88;108;1,3;,8;
2026/03/01;1200 UTC;0;1018,1;1018,2;1018;1561,4;23;16,4;24,3;21,5;17,2;15,4;74;59;67;85;5,6;4,2;
2026/03/01;1300 UTC;0;1018,4;1018,5;1018,2;2339,7;25,1;16,2;25,7;24,3;16,9;15,5;60;53;56;93;4,3;3,2;
2026/03/01;1400 UTC;0;1018,4;1018,5;1018,2;2460,4;25,8;17,1;26,4;25,4;17,7;16,6;58;54;57;86;6,8;4,9;
2026/03/01;1500 UTC;0;1018;1018,3;1017,8;3443,4;26,1;17,3;26,5;25,7;17,9;16,7;59;54;56;91;6,8;5,3;
2026/03/01;1600 UTC;0;1017,7;1017,9;1017,6;3650,2;26,3;17,3;26,7;25,7;17,9;16,9;59;51;55;90;7,2;5,7;
2026/03/01;1700 UTC;0;1017,4;1017,6;1017,3;3578,6;26,2;17,5;26,7;25,9;18;16,9;59;53;56;85;7,6;5,8;
2026/03/01;1800 UTC;0;1016,9;1017,2;1016,6;3248,7;25,9;16,9;26,3;25,4;17,6;16,2;57;53;55;76;8,1;5,9;
2026/03/01;1900 UTC;0;1016,4;1016,7;1016,3;2708,5;25,4;16,5;25,9;25;17,2;16;59;53;56;66;8,7;5,8;
2026/03/01;2000 UTC;0;1016,1;1016,3;1016;1984,1;24,9;16,8;25,3;24,5;17,3;16,2;63;56;60;72;8,8;6;
2026/03/01;2100 UTC;0;1016,1;1016,3;1016,1;1143,6;24;16,4;24,5;23,4;16,9;15,9;65;59;62;76;8,3;6,2;
2026/03/01;2200 UTC;0;1016;1016,1;1015,8;329;22,7;15,7;23,4;22,1;16,4;14,8;68;63;65;71;8;6,1;
2026/03/01;2300 UTC;0;1015,7;1015,9;1015,5;3,5;21,8;15,6;22;21,7;16;15;71;65;69;68;9,5;6,4;
2026/03/02;0000 UTC;0;1015,6;1015,8;1015,4;0;21,8;15,6;21,8;21,7;16,2;15;72;67;69;62;9,4;6;
2026/03/02;0100 UTC;0;1015,8;1015,9;1015,6;0;21,9;16,1;22;21,7;16,5;15,7;73;70;71;62;10,2;6,9;
2026/03/02;0200 UTC;0;1015,8;1016;1015,7;0;21,8;15,8;21,9;21,8;16,6;14,6;74;64;70;56;9,7;6,2;
2026/03/02;0300 UTC;0;1015,7;1015,8;1015,5;0;21,7;15,2;21,9;21,5;16;14,4;71;63;67;53;8;5,6;
2026/03/02;0400 UTC;0;1015,4;1015,6;1015,3;0;21,2;14,5;21,6;20,8;15,5;13,9;70;65;66;37;7;4,3;
2026/03/02;0500 UTC;0;1015,2;1015,4;1015;0;21,3;14,6;21,5;21;15,2;14;70;65;67;36;8;4,8;
2026/03/02;0600 UTC;0;1014,9;1015,2;1014,7;0;20,9;13,9;21,2;20,6;14,6;13,6;67;64;65;38;8,9;4,9;
2026/03/02;0700 UTC;0;1014,6;1014,8;1014,5;0;21;13,7;21,4;20,7;14,6;13,3;67;62;64;46;9,5;5,6;
2026/03/02;0800 UTC;0;1014,4;1014,5;1014,3;0;20,7;13,5;21,5;20,4;14,5;13,2;67;63;64;43;8,7;5;
2026/03/02;0900 UTC;0;1014,5;1014,7;1014,4;0;20,8;13,6;21,4;20,5;14,7;13,3;67;63;64;29;6,2;4,2;
2026/03/02;1000 UTC;0;1014,9;1015,2;1014,6;47,5;21;13,6;21,2;20,9;13,8;13,4;64;61;63;30;5,1;2,9;
2026/03/02;1100 UTC;0;1015,5;1015,7;1015,1;508,7;21,8;14,7;22,7;21;15,4;13,8;67;62;64;45;4,4;2,1;
2026/03/02;1200 UTC;0;1015,8;1016;1015,7;1475,6;23,7;16;24,8;22,1;17,3;14,6;64;59;61;68;8,4;6;
2026/03/02;1300 UTC;0;1016,2;1016,3;1016;2413,9;25,1;17,3;25,6;24,6;17,7;16,8;64;59;61;71;9,4;6,3;
2026/03/02;1400 UTC;0;1016;1016,3;1015,8;2282,5;25,4;17,3;25,6;25,2;18;16,9;62;57;59;69;10,5;7,5;
2026/03/02;1500 UTC;0;1015,4;1015,8;1015,1;3431;25,6;17,3;26;25,4;17,7;16,5;61;55;58;69;11,5;7,9;
2026/03/02;1600 UTC;0;1014,8;1015,2;1014,5;3630;25,9;17,9;26,3;25,5;18,4;17,2;63;58;60;66;11,8;7,2;
2026/03/02;1700 UTC;0;1014,1;1014,5;1013,6;3563,5;26,3;18,4;26,7;26;19,3;17,7;66;57;60;65;12,6;7,9;
2026/03/02;1800 UTC;0;1013,2;1013,7;1012,7;3252,7;25,8;18,9;26,1;25,4;19,3;18,5;67;64;66;63;13,1;9;
2026/03/02;1900 UTC;0;1012,5;1012,7;1012,3;2685,6;25,5;18,3;25,8;25,3;18,9;17,7;66;62;64;57;13,1;9,1;
2026/03/02;2000 UTC;0;1012,5;1012,6;1012,4;1960;24,9;18,7;25,4;24,4;19,1;18,1;71;63;69;59;14,3;9,5;
2026/03/02;2100 UTC;0;1012,6;1012,7;1012,4;1061,8;24,2;18,6;24,5;23,7;18,9;18,2;76;69;72;59;13,8;9,3;
2026/03/02;2200 UTC;0;1012,2;1012,4;1012;266,4;23,4;18,5;23,8;23,1;18,9;18,1;77;73;75;49;13,8;8,5;
2026/03/02;2300 UTC;0;1012,4;1012,7;1012;3,1;23;18,3;23,1;22,8;18,6;18;78;75;77;39;11,1;6,4;
2026/03/03;0000 UTC;0;1012,7;1012,9;1012,6;0;22,9;18,3;22,9;22,8;18,5;18,2;78;77;77;39;10,3;6,5;
2026/03/03;0100 UTC;0;1013;1013,2;1012,9;0;22,9;18,1;22,9;22,8;18,6;17,7;78;74;76;38;10,6;6,2;
2026/03/03;0200 UTC;0;1013,1;1013,2;1013;0;22,8;18,9;22,9;22,7;19,1;18,5;81;79;80;40;10,4;6,5;
2026/03/03;0300 UTC;0;1013;1013,1;1012,8;0;22,6;18,2;22,7;22,4;18,5;17,8;79;76;78;33;9,9;5,9;
2026/03/03;0400 UTC;0;1012,9;1013,1;1012,8;0;22,3;17,6;22,5;22,2;17,7;17,6;77;76;76;35;9,6;5,5;
2026/03/03;0500 UTC;0;1012,8;1013;1012,6;0;22,3;18;22,4;22,2;18,5;17,6;81;77;79;35;8,6;5,1;
2026/03/03;0600 UTC;0;1012,8;1012,9;1012,6;0;22,2;18,3;22,3;22,1;18,5;18,1;82;80;81;28;7,3;4,5;
2026/03/03;0700 UTC;0;1012,6;1012,7;1012,5;0;21,9;18,4;22,1;21,8;18,7;18,2;84;81;83;31;6,2;3,9;
2026/03/03;0800 UTC;0;1012,9;1013,1;1012,7;0;21,3;18,6;21,8;20,8;18,7;18,5;89;84;87;27;3,9;2,5;
2026/03/03;0900 UTC;0;1012,9;1013,1;1012,7;0;20,8;18,8;20,9;20,7;18,9;18,7;90;89;90;28;5,7;3;
2026/03/03;1000 UTC;0;1013,4;1013,6;1013,1;52,9;20,9;18,8;21,3;20,6;18,9;18,7;91;88;89;28;5,5;3,6;
2026/03/03;1100 UTC;0;1013,3;1013,5;1013,1;626,3;22,3;19,4;23,3;21,4;20;18,9;87;81;86;46;7,9;4,6;
2026/03/03;1200 UTC;0;1013,3;1013,4;1013,1;1388,3;24,4;19,1;25,1;23,4;19,6;18,8;81;69;73;36;11,5;6,6;
2026/03/03;1300 UTC;0;1013,8;1014;1013,2;2231;25,7;18,8;26,6;24,9;19,3;18;70;59;65;28;11,6;6,6;
2026/03/03;1400 UTC;0;1013,8;1014;1013,5;1853,1;26,9;19;27,6;26,5;19,5;18,5;62;58;60;44;11,3;6,5;
2026/03/03;1500 UTC;0;1013,5;1013,7;1013,4;3250,1;27,4;20;28;27;21;19;69;57;63;67;10,7;6,4;
2026/03/03;1600 UTC;0;1013;1013,4;1012,7;3567,9;27,3;20,8;27,5;27;21,2;20,5;69;66;68;67;10,5;7,2;
2026/03/03;1700 UTC;0;1012,3;1012,7;1011,9;3478,9;26,8;20,6;27,3;26,5;20,9;20,2;70;67;69;62;12,7;8,4;
2026/03/03;1800 UTC;0;1011,8;1012;1011,5;3164,9;26,5;20,7;26,8;26,4;21;20,3;72;69;71;59;13;9,1;
2026/03/03;1900 UTC;0;1011,3;1011,7;1011,1;2185,6;26;20,5;26,6;25,4;20,8;20,2;75;70;73;54;12,3;8;
2026/03/03;2000 UTC;0;1011,5;1011,5;1011,3;1510,8;25,6;20,3;26,2;24,8;20,7;19,9;76;70;74;56;11,9;8;
2026/03/03;2100 UTC;0;1011,5;1011,7;1011,4;543,6;24,6;19,9;24,9;24,4;20,2;19,5;77;75;76;51;10;6,7;
2026/03/03;2200 UTC;0;1011,7;1011,8;1011,5;133,4;24,1;20;24,4;23,9;20,3;19,7;82;77;80;48;8,5;5,6;
2026/03/03;2300 UTC;0;1011,8;1012;1011,6;,4;23,7;20,6;23,9;23,7;20,9;20,2;86;81;84;52;9,6;6,1;
2026/03/04;0000 UTC;0;1012,1;1012,3;1011,9;0;23,6;20,8;23,7;23,5;21;20,7;87;85;86;47;8,9;6,3;
2026/03/04;0100 UTC;0;1012,3;1013;1011,9;0;23,5;20,8;23,6;23,5;21,1;20,2;88;84;87;32;8,4;5,3;
2026/03/04;0200 UTC;0;1013,2;1013,4;1013;0;23,5;20;23,7;23,3;20,1;19,9;84;82;82;30;7;4,1;
2026/03/04;0300 UTC;0;1012,8;1013,2;1012,5;0;23,1;20,1;23,3;23;20,2;20;86;84;85;33;7,2;4,4;
2026/03/04;0400 UTC;0;1012,4;1012,6;1012,1;0;23,2;20,1;23,4;23,1;20,2;20;86;84;85;35;6,8;4,3;
2026/03/04;0500 UTC;0;1012,1;1012,3;1011,9;0;23,2;19,8;23,3;23,1;20;19,6;84;82;83;32;7;4;
2026/03/04;0600 UTC;0;1012;1012,2;1011,8;0;23;19,8;23,1;22,9;19,8;19,7;84;83;84;33;5,4;3,4;
2026/03/04;0700 UTC;0;1011,9;1012;1011,8;0;22,8;19,8;22,9;22,7;19,9;19,8;86;84;85;29;4,7;3,2;
2026/03/04;0800 UTC;0;1011,8;1011,9;1011,7;0;22,6;19,9;22,8;22,4;19,9;19,8;88;85;86;26;6,2;3,9;
2026/03/04;0900 UTC;0;1012;1012,3;1011,7;0;22,3;19,9;22,4;22,2;20;19,8;88;87;88;26;5,8;3,7;
2026/03/04;1000 UTC;0;1012,7;1013;1012,3;66,6;22,2;20,1;22,5;22,2;20,4;19,9;90;88;89;43;5,7;3,5;
2026/03/04;1100 UTC;0;1013;1013,3;1012,8;605,6;23,5;20,9;24,3;22,5;21,2;20,5;90;82;87;46;8,3;5,2;
2026/03/04;1200 UTC;0;1013,2;1013,6;1013;475,6;24;20,7;24,2;23,8;21;20,4;85;82;84;53;9;6;
2026/03/04;1300 UTC;0;1014,6;1015,5;1013,6;260;24,1;20,6;24,2;23,9;21;20,2;85;81;83;328;5,5;3;
2026/03/04;1400 UTC;2,6;1015,7;1016;1015,5;152;22,4;20,4;24;21,1;20,9;20,1;96;82;90;283;3,7;1,7;
2026/03/04;1500 UTC;2;1015,5;1015,8;1014,9;224;21,1;20,3;21,4;20,8;20,8;19,9;97;95;96;108;3,6;1,9;
2026/03/04;1600 UTC;1,8;1014,7;1014,9;1014,4;307,6;20,7;19,7;21;20,5;20,2;19,4;96;94;95;35;5,7;3,3;
2026/03/04;1700 UTC;2,2;1014,4;1014,7;1013,8;306,2;20,7;19,8;21;20,5;20,1;19,5;96;95;95;62;6,6;4,1;
2026/03/04;1800 UTC;1;1013,7;1014;1013,4;297;21,5;20,9;22;20,7;21,3;20;97;96;97;69;9,4;7;
2026/03/04;1900 UTC;1;1013,4;1013,7;1013;436,9;22,1;21,2;22,5;21,8;21,7;21;97;95;96;62;6,6;4,3;
2026/03/04;2000 UTC;,2;1014;1014,3;1013,7;398,6;22,5;21,4;22,7;22,2;21,8;20,9;96;93;95;88;5;3,4;
2026/03/04;2100 UTC;,2;1014,4;1014,7;1014,3;63,1;22,3;21,2;22,4;22,2;21,4;21;95;94;95;98;5,3;4,1;
2026/03/04;2200 UTC;,2;1014,8;1015;1014,6;25,6;22,4;21,6;22,5;22,3;21,8;21,4;96;95;96;128;5,5;4,5;
2026/03/04;2300 UTC;2;1015,5;1015,8;1015;1,7;21,3;20,2;22,5;20,6;21,8;19,5;97;92;95;97;7,7;5,7;
2026/03/05;0000 UTC;0;1015,8;1016,1;1015,6;,1;20,4;18,6;20,9;19,9;19,6;18;95;86;91;60;4,8;3;
2026/03/05;0100 UTC;0;1016,2;1016,5;1016;,1;22,4;20,3;22,7;20,9;21,6;16,3;95;71;90;130;7,2;6,1;
2026/03/05;0200 UTC;0;1016,5;1016,7;1016,4;1,3;22,6;20,2;22,8;21,7;21,6;17,4;95;78;88;110;8,3;6,5;
2026/03/05;0300 UTC;0;1016,5;1016,6;1016,4;0;22,7;20,9;22,9;22,5;21,2;20,4;92;89;91;109;7,2;5,6;
2026/03/05;0400 UTC;0;1016,6;1016,8;1016,2;0;22,8;20,9;22,9;22,7;21,1;20,6;91;90;91;114;6,6;4,8;
2026/03/05;0500 UTC;0;1016,3;1016,3;1016,2;0;22,7;21,2;22,8;22,6;21,4;21;94;91;93;100;5,3;3,8;
2026/03/05;0600 UTC;0;1016,3;1016,4;1016,2;0;22,5;20,7;22,6;22,1;21,5;18,8;94;83;91;69;9,3;6,7;
2026/03/05;0700 UTC;0;1016,1;1016,3;1016;0;22;18,3;22,3;21,6;19,5;16,7;87;72;82;51;5,7;3,3;
2026/03/05;0800 UTC;0;1015,6;1016;1015,4;0;22,3;18;22,6;22,1;19,1;17;85;72;79;93;3,8;2,6;
2026/03/05;0900 UTC;0;1016,1;1016,6;1015,6;0;22,3;19,5;22,6;22,1;20,2;19;88;84;86;131;4,8;3,9;
2026/03/05;1000 UTC;0;1016,8;1017,2;1016,6;25,6;22,4;20;22,7;22,2;20,8;19,2;91;84;88;165;7,6;6,1;
2026/03/05;1100 UTC;0;1017,3;1017,5;1017,1;327,5;22,9;21,3;23,2;22,6;21,5;20,7;93;91;92;148;8,5;6,9;
2026/03/05;1200 UTC;0;1017,6;1017,8;1017,3;1349,7;23,7;21,3;24,1;23,1;21,5;21;91;85;88;137;10,5;9,2;
2026/03/05;1300 UTC;0;1017,9;1018,1;1017,8;2206,4;24,5;21,4;24,9;24,1;21,6;21,1;86;82;84;133;9,4;8,2;
2026/03/05;1400 UTC;0;1018,1;1018,2;1018;946,2;25;21,5;25,3;24,8;21,9;21,2;84;81;82;130;10,4;8,9;
2026/03/05;1500 UTC;0;1018,1;1018,3;1017,9;3272,4;25,3;21,7;25,5;25,1;22;21,3;83;81;82;137;9,2;7,7;
2026/03/05;1600 UTC;0;1018;1018,1;1017,9;3456,8;25,8;22,2;26,1;25,4;22,6;21,8;83;80;82;149;8,9;7,3;
2026/03/05;1700 UTC;0;1017,9;1018;1017,8;3407,9;26;22;26,3;25,7;22,6;21,1;83;75;80;131;8,4;7,1;
2026/03/05;1800 UTC;0;1017,9;1018,1;1017,7;3099,9;26,1;21,5;26,3;25,8;22,2;20,9;82;74;77;138;8,8;6,9;
2026/03/05;1900 UTC;0;1017,4;1017,7;1017,1;2555,2;25,8;21;26,1;25,6;21,5;20,5;78;74;76;120;8,7;6,9;
2026/03/05;2000 UTC;0;1017,1;1017,2;1017;1839,1;25,7;21,3;26,2;25,2;21,6;20,9;81;76;78;103;9,2;7,1;
2026/03/05;2100 UTC;0;1017,2;1017,3;1017,1;1010,2;24,8;20,9;25,3;24;21,2;20,6;85;78;80;108;7,3;5,8;
2026/03/05;2200 UTC;0;1017,2;1017,5;1017;265,9;23,5;20,7;24,1;22,8;21;20,4;89;84;86;91;6,4;5,2;
2026/03/05;2300 UTC;0;1017,5;1017,5;1017,4;1,1;22,5;20,3;22,8;22,3;20,5;20,1;90;88;89;100;6;4,5;
2026/03/06;0000 UTC;0;1018;1018,2;1017,5;0;22,5;20,3;22,6;22,4;20,5;20,1;90;88;89;109;6,6;5,1;
2026/03/06;0100 UTC;0;1018,4;1018,6;1018;0;22,4;20,3;22,5;22,3;20,4;20;90;88;89;104;6,1;4,4;
2026/03/06;0200 UTC;0;1018,6;1018,7;1018,5;0;22,4;20,5;22,5;22,3;20,9;20,3;92;90;91;121;6;4,7;
2026/03/06;0300 UTC;0;1018,6;1018,7;1018,4;0;22,5;20,5;22,6;22,4;21,1;19,9;93;87;90;123;7,4;6;
2026/03/06;0400 UTC;0;1018,4;1018,5;1018;0;22,6;20,5;22,6;22,5;20,8;20,2;91;88;90;120;7,7;6,3;
2026/03/06;0500 UTC;0;1017,9;1018,1;1017,6;0;22,5;21;22,6;22,5;21,2;20,7;93;91;92;126;7,9;6,6;
2026/03/06;0600 UTC;0;1017,5;1017,7;1017,2;0;22,5;20,8;22,6;22,4;21,2;20,5;93;90;91;118;7;5,2;
2026/03/06;0700 UTC;0;1017;1017,2;1016,9;0;22,5;20,1;22,6;22,3;20,6;19,7;90;87;88;106;7,1;5,4;
2026/03/06;0800 UTC;0;1016,9;1017,2;1016,7;0;22,4;19,8;22,5;22,3;20,1;19,5;88;86;87;98;7,8;6,1;
2026/03/06;0900 UTC;0;1017,3;1017,6;1017,1;0;22,4;19,8;22,5;22,4;20,1;19,5;88;85;87;102;8,3;6;
2026/03/06;1000 UTC;0;1017,7;1017,8;1017,5;38,5;22,4;19,8;22,8;22,3;20;19,5;88;85;87;99;9;6,7;
2026/03/06;1100 UTC;0;1017,8;1018;1017,6;637,4;23,4;19,6;24;22,8;20;19,3;86;78;81;93;8,1;6,2;
2026/03/06;1200 UTC;0;1018,2;1018,6;1018;1434,4;24,5;19,7;25,1;24,1;20,1;19,5;79;72;76;96;7,9;6,3;
2026/03/06;1300 UTC;0;1018,4;1018,5;1018,2;1874,9;25;19,9;25,6;24,4;20,3;19,4;77;70;74;92;8,7;6,7;
2026/03/06;1400 UTC;0;1018,4;1018,5;1018,2;1388,4;26;20,1;26,6;25,5;20,7;19,7;73;68;71;93;8,7;6,9;
2026/03/06;1500 UTC;0;1018,2;1018,4;1017,8;2149,1;25,7;19,9;26,3;25,4;20,4;19,5;73;69;71;99;8,4;6,3;
2026/03/06;1600 UTC;0;1017,5;1017,9;1017,2;2921;26,2;19,9;27,3;25,5;20,4;19,5;73;63;69;94;8,6;6,7;
2026/03/06;1700 UTC;0;1017,5;1017,7;1017,2;3130,8;26,7;19,7;27,4;26;20,6;19;67;63;65;95;8,7;6,6;
2026/03/06;1800 UTC;0;1016,9;1017,3;1016,7;1919,8;25,7;19,4;26,1;25,2;19,7;19,1;72;66;69;95;9,1;7;
2026/03/06;1900 UTC;0;1016,4;1016,7;1016;2180;25,8;19,4;26,3;25,1;20;19;70;66;68;101;9,4;6,9;
2026/03/06;2000 UTC;0;1016,1;1016,2;1015,8;1301,7;24,9;19;25,8;23,9;19,5;18,6;75;67;71;93;8,5;7,1;
2026/03/06;2100 UTC;0;1015,8;1016,2;1015,4;498,8;23,8;19;24;23,7;19,3;18,7;77;74;76;114;10,8;8,1;
2026/03/06;2200 UTC;0;1015,4;1015,6;1015,1;161,7;23,2;18,9;23,7;23;20;18,6;85;76;78;108;11,4;8,6;
2026/03/06;2300 UTC;0;1015,7;1015,8;1015,5;,1;22,9;19,9;23,1;22,7;20,4;19,6;88;84;85;128;13,8;11,5;
2026/03/07;0000 UTC;0;1016,1;1016,5;1015,7;0;22,3;20,2;22,7;21,8;20,6;19,5;91;87;89;132;14,3;11,8;
2026/03/07;0100 UTC;0;1016;1016,2;1015,9;0;22;20,1;22,3;21,7;20,5;19,8;92;89;91;125;13,5;10;
2026/03/07;0200 UTC;2,2;1015,8;1016,1;1015,4;,9;21,9;20,6;22,1;21,6;21,2;20;97;90;93;105;13,1;8,8;
2026/03/07;0300 UTC;,2;1015,8;1016,1;1015,5;0;21,7;20,8;21,8;21,6;21,1;20,5;97;94;95;107;10,9;8,4;
2026/03/07;0400 UTC;0;1015,6;1016;1015,2;0;21,9;21;22,1;21,8;21,2;20,8;96;94;95;108;10,3;7,9;
2026/03/07;0500 UTC;,4;1015;1015,3;1014,6;0;21,7;20,8;21,8;21,6;21;20,6;96;95;95;114;10,3;7,3;
2026/03/07;0600 UTC;2,4;1014,2;1014,6;1013,9;,9;21,5;20,7;21,7;20,8;21;19,9;97;95;96;114;10,1;7,8;
2026/03/07;0700 UTC;1,6;1013,7;1014;1013,6;,8;21,2;20,4;21,6;20,8;21;20;97;95;96;128;12,6;10,7;
2026/03/07;0800 UTC;1,4;1013,5;1013,7;1013,1;,4;21,2;20,2;21,5;20,8;20,7;19,5;96;93;95;131;14;12;
2026/03/07;0900 UTC;2;1013,5;1013,7;1013,2;2,1;20,7;19,8;21,5;19,6;20,8;18,7;97;94;96;88;11;7;
2026/03/07;1000 UTC;,8;1013,5;1013,8;1013,2;8,5;19,7;19;19,9;19,4;19,3;18,6;97;96;97;85;8,3;6,3;
2026/03/07;1100 UTC;,6;1013,6;1013,7;1013,3;93,5;19,9;19;20,1;19,7;19,3;18,8;97;95;96;96;9,7;7,4;
2026/03/07;1200 UTC;,4;1013,7;1014;1013,5;255,5;20,2;19,1;20,6;19,9;19,4;18,7;96;92;95;100;10,1;7,6;
2026/03/07;1300 UTC;0;1013,4;1013,6;1013,3;576,4;20,8;18,9;21,1;20,2;19,5;18,5;93;87;91;111;10,1;7,3;
2026/03/07;1400 UTC;0;1013,3;1013,6;1012,9;1067;21,6;19,1;22,4;21,1;19,8;18,6;89;85;88;117;9,1;6,7;
2026/03/07;1500 UTC;0;1013,1;1013,4;1012,9;1259;22,4;19,3;22,5;22,1;19,7;18,9;87;82;84;129;10,1;8,3;
2026/03/07;1600 UTC;0;1013,4;1013,6;1013,2;1225,2;22,6;19,2;22,9;22,3;19,6;18,9;86;80;83;141;8,5;7;
2026/03/07;1700 UTC;0;1013,6;1013,8;1013,5;903,3;21,7;19,3;22,4;21,2;20;18,3;91;81;88;139;9,5;6,2;
2026/03/07;1800 UTC;,6;1013,5;1013,7;1013,3;1280,9;22;19,5;22,9;20,4;20,1;18,5;94;83;88;154;10,7;6,9;
2026/03/07;1900 UTC;,6;1013,4;1013,5;1013,1;958,4;21,2;19,9;21,7;20,6;20,4;19,3;96;90;93;143;12,8;10;
2026/03/07;2000 UTC;0;1013,4;1013,5;1013,1;1118,6;22;19,3;22,3;21,6;19,8;18,7;91;83;87;133;15,3;12,8;
2026/03/07;2100 UTC;0;1013,6;1013,8;1013,2;486,3;21,4;19,3;22,1;20,7;19,8;18,7;94;83;90;144;13,1;8,6;
2026/03/07;2200 UTC;0;1013,6;1013,9;1013,3;142,1;22;18,5;22,2;21,1;19;18;89;80;83;133;15,3;12,4;
2026/03/07;2300 UTC;0;1013,8;1014,2;1013,6;,9;21,9;18,2;22,1;21,8;18,9;17,7;85;79;82;125;14,3;11,7;
2026/03/08;0000 UTC;0;1014,4;1014,7;1014,2;0;21,7;18,3;22;21;18,8;17,4;89;78;83;130;14,2;11,2;
2026/03/08;0100 UTC;,2;1014,9;1015,2;1014,6;,1;21,4;18,4;21,9;20,9;19,1;17,6;90;80;85;128;14,7;12,3;
2026/03/08;0200 UTC;0;1015,3;1015,5;1015,1;0;21,5;18;21,7;20,9;18,7;17,4;88;79;83;131;14,3;11,5;
2026/03/08;0300 UTC;,4;1015,5;1015,7;1015,3;1,7;20,8;18;21,4;20,3;18,7;17,2;91;81;86;124;14,5;10,5;
2026/03/08;0400 UTC;0;1015,5;1015,6;1015,3;0;21,4;17,3;21,5;21,1;17,9;16,8;82;77;80;127;13,8;10,6;
2026/03/08;0500 UTC;0;1015,4;1015,6;1015,2;0;21,4;17,1;21,5;21,3;17,7;16,6;82;76;79;124;13,7;11;
2026/03/08;0600 UTC;0;1015,4;1015,6;1015,2;0;21,2;16,5;21,3;21,1;17;16;79;75;76;120;12,5;10;
2026/03/08;0700 UTC;0;1015,2;1015,4;1015;0;21,1;16;21,2;20,9;16,5;15,5;77;73;75;126;13,3;10,7;
2026/03/08;0800 UTC;0;1015,4;1015,6;1015,2;0;20,8;15,3;21;20,7;16,1;14,8;76;70;73;120;13,8;10,2;
2026/03/08;0900 UTC;0;1016,1;1016,6;1015,6;0;20,6;15;20,7;20,5;15,8;14,5;75;69;72;115;12;8,9;
2026/03/08;1000 UTC;0;1017,1;1017,6;1016,6;34,4;20,7;14,5;20,8;20,5;14,9;14;72;66;69;115;10,9;7,9;
2026/03/08;1100 UTC;0;1018;1018,6;1017,5;384,2;21,1;14;21,8;20,8;14,8;13,3;69;59;65;114;10;7,6;
2026/03/08;1200 UTC;0;1019;1019,4;1018,5;1332,3;22,2;14,7;22,9;21,1;15,5;13,7;67;60;63;122;10,4;7,9;
2026/03/08;1300 UTC;0;1019,6;1019,8;1019,3;2252,8;23,3;15,2;23,7;22,8;15,9;14,6;64;54;59;112;11,1;7,6;
2026/03/08;1400 UTC;0;1019,6;1019,7;1019,4;937,8;23,9;15;24,4;23,6;15,7;14,4;58;53;55;113;9,3;7;
2026/03/08;1500 UTC;0;1019,5;1019,6;1019,4;3406,7;24,4;15,7;24,8;24,2;16,6;14,6;59;51;56;124;9,7;7,1;
2026/03/08;1600 UTC;0;1019,5;1019,8;1019,3;3204,7;24,2;16,2;24,7;23,6;16,8;15,6;63;56;60;130;11,3;8,6;
2026/03/08;1700 UTC;0;1019,2;1019,3;1019;3485,7;24,6;15,7;24,9;24,2;16,6;14,9;61;52;56;115;10,5;7,9;
2026/03/08;1800 UTC;0;1019,1;1019,2;1019;3144,5;24,4;15,8;24,9;23,8;16,5;15,1;60;52;57;126;12,4;9,8;
2026/03/08;1900 UTC;0;1018,9;1019,1;1018,6;2440;23,9;15,9;24,4;22,7;17;15,3;68;56;60;124;13;10,1;
2026/03/08;2000 UTC;0;1018,7;1018,9;1018,5;1660,4;23,1;15,3;23,6;22,3;16;14,6;66;56;61;119;12,7;9,6;
2026/03/08;2100 UTC;0;1018,8;1019;1018,7;688,6;22,1;14,5;22,9;21,7;15,1;14;66;59;62;116;12,5;9,1;
2026/03/08;2200 UTC;0;1019;1019,3;1018,8;175,6;21,3;14,4;21,9;21;15;13,7;69;61;65;120;13,3;10,1;
2026/03/08;2300 UTC;0;1019,4;1019,8;1019;0;21;14,3;21,1;20,9;15;13,7;70;64;67;119;11,6;9,3;
2026/03/09;0000 UTC;0;1020;1020,5;1019,6;0;21;14;21;20,9;14,6;13,5;68;63;65;118;10,8;8,5;
2026/03/09;0100 UTC;0;1021;1021,1;1020,6;0;21,1;14,1;21,3;20,9;15;13,1;69;61;65;111;11;8;
2026/03/09;0200 UTC;0;1021,2;1021,4;1021,1;0;20,9;13,4;21;20,8;14,2;12,8;66;59;62;99;9,5;6,6;
2026/03/09;0300 UTC;0;1021;1021,2;1020,8;0;20,7;13,1;20,9;20,6;13,5;12,6;64;59;62;84;7,8;5,2;
2026/03/09;0400 UTC;0;1021,2;1021,3;1021,1;0;20,9;13,2;21;20,9;13,6;12,8;63;59;61;76;7,1;4,5;
2026/03/09;0500 UTC;0;1020,9;1021,1;1020,7;0;20,9;13,3;21;20,8;13,8;12,8;65;60;62;83;7;4,7;
2026/03/09;0600 UTC;0;1020,3;1020,7;1019,9;0;20,6;14,3;20,9;19,8;16;13,2;80;61;69;130;12,6;10,7;
2026/03/09;0700 UTC;0;1020,1;1020,2;1020;0;19,5;15,3;19,9;19;16,2;14,7;85;74;79;150;5,1;3,7;
2026/03/09;0800 UTC;,2;1020,1;1020,2;1020;0;19,7;14,4;20,2;18,7;16,2;13,3;86;66;74;123;11,2;8,3;
2026/03/09;0900 UTC;0;1020,6;1021,1;1020,2;0;20,3;14;20,5;20,1;15;13,3;73;66;69;119;11,2;8,4;
2026/03/09;1000 UTC;0;1021,2;1021,5;1021;25;20,2;13,2;20,3;20,1;13,9;12,7;68;63;65;119;10,9;8,3;
2026/03/09;1100 UTC;0;1021,8;1022;1021,5;259,2;20,4;13,4;20,6;20,3;13,9;12,8;67;62;65;117;11,3;9;
2026/03/09;1200 UTC;0;1022,1;1022,4;1021,7;719,6;20,9;13,3;21,5;20,6;13,8;13;65;59;62;106;10;7,4;
2026/03/09;1300 UTC;0;1022,9;1023,2;1022,3;1998,2;22,6;13,8;24;21,5;14,8;13,1;61;53;56;105;9,4;7;
2026/03/09;1400 UTC;0;1023,3;1023,4;1023;1244,9;23,9;14,7;24,8;23;15,6;13,8;58;51;54;107;8,8;6,3;
2026/03/09;1500 UTC;0;1023,1;1023,3;1022,9;3287,6;24,5;15;25,5;23,1;15,6;14,4;59;46;52;95;7,6;5,5;
2026/03/09;1600 UTC;0;1022,8;1022,9;1022,7;2575,7;24,2;14,3;25,3;23,2;15,2;13,7;56;45;50;97;8,9;6,4;
2026/03/09;1700 UTC;0;1022,5;1022,7;1022,2;3138,3;24,3;14,7;25,1;23,1;15,8;13,5;56;47;52;103;9,5;7,2;
2026/03/09;1800 UTC;0;1022,1;1022,3;1021,8;2014,1;23,2;14,8;24,5;22,1;15,7;14,1;62;54;58;103;11,3;7,8;
2026/03/09;1900 UTC;0;1021,8;1021,9;1021,7;2530,3;23,5;14,6;23,9;22,8;15,1;14,2;59;54;56;101;9,9;7;
2026/03/09;2000 UTC;0;1021,9;1021,9;1021,7;1406,1;22,5;14,6;23,1;21,6;15,5;13,7;65;56;60;105;10,8;7,7;
2026/03/09;2100 UTC;0;1021,7;1021,8;1021,5;513,6;21,3;14,3;21,9;20,7;14,9;13,9;68;63;65;98;10,5;7,8;
2026/03/09;2200 UTC;0;1021,5;1021,6;1021,4;198;20,7;13,9;21,1;20,3;14,4;13,3;68;64;66;103;10,7;7,7;
2026/03/09;2300 UTC;0;1021,4;1021,6;1021,2;,2;20,3;13,7;20,4;20,2;14,3;13,3;70;65;67;102;10,8;7,7;
2026/03/10;0000 UTC;0;1021,7;1022;1021,5;0;20,3;13,4;20,4;20,2;14;12,6;68;62;65;91;10;7,5;
2026/03/10;0100 UTC;0;1022,1;1022,3;1022;0;20,2;13;20,3;20;13,4;12,5;66;62;64;89;9,2;6,1;
2026/03/10;0200 UTC;0;1022,1;1022,4;1022;0;20,1;12,9;20,3;20;13,8;12,5;68;62;64;90;9,3;7,1;
2026/03/10;0300 UTC;0;1022,1;1022,2;1021,9;0;20,5;12,5;20,6;20,1;13,3;11,5;64;57;60;98;9,9;7,1;
2026/03/10;0400 UTC;0;1022,1;1022,2;1021,9;0;20,1;12,3;20,3;20;13;11,7;64;58;61;92;10,5;8,2;
2026/03/10;0500 UTC;0;1021,8;1022,1;1021,4;0;20,2;11,6;20,5;19,8;12,6;10,6;61;54;57;95;7,5;5,8;
2026/03/10;0600 UTC;0;1021,2;1021,4;1021;0;19,7;11,1;19,9;19,6;11,9;10,4;61;53;57;88;6,8;4,7;
2026/03/10;0700 UTC;0;1021;1021,1;1020,9;0;19,7;12,2;19,9;19,6;12,7;11,7;65;60;62;63;5,4;3,6;
2026/03/10;0800 UTC;0;1021;1021,1;1020,9;0;20;12,4;20,2;19,8;13;11,9;64;59;62;78;7,8;5,3;
2026/03/10;0900 UTC;0;1021,2;1021,5;1021;0;20,2;13,4;20,2;20;14;12,5;69;62;66;78;9;5,8;
2026/03/10;1000 UTC;0;1021,7;1022,1;1021,5;34,7;20,4;14;20,6;20,2;14,4;13,4;70;66;68;84;9,4;6,5;
2026/03/10;1100 UTC;0;1022,4;1022,7;1022;570;21,3;14,3;22;20,6;14,8;13,9;68;61;65;86;8,9;6,5;
2026/03/10;1200 UTC;0;1022,9;1023,1;1022,7;927,2;22;14,1;22,7;21,5;14,6;13,7;64;57;60;83;7,9;5,8;
2026/03/10;1300 UTC;0;1023,1;1023,2;1023;1376;22,7;14,4;24,4;21,8;15,4;13,6;62;51;59;82;8;5,6;
2026/03/10;1400 UTC;0;1023;1023,1;1022,8;1579,9;24,5;15;25,3;23,6;15,6;14,3;56;49;53;83;9;6;
2026/03/10;1500 UTC;0;1022,8;1022,9;1022,4;2690,9;24,5;15,4;25,2;23,7;16;14,7;60;49;54;80;8,1;5,6;
2026/03/10;1600 UTC;0;1022,2;1022,4;1022,1;2709,3;24,8;15,4;25,2;24,3;16,2;14,8;57;50;53;77;7,7;5,5;
2026/03/10;1700 UTC;0;1022;1022,2;1021,8;1907;24,2;15;24,7;23,9;15,9;14,3;58;51;54;84;7,5;5,4;
2026/03/10;1800 UTC;0;1021,7;1021,8;1021,6;1891,8;24,3;15,6;24,6;24;16,2;14,9;59;53;56;89;7,2;5;
2026/03/10;1900 UTC;0;1021,4;1021,7;1021;1964,7;24,4;16,2;25,4;23,7;17,2;15,5;64;55;59;88;7,4;5,4;
2026/03/10;2000 UTC;0;1021;1021,1;1020,8;1412,7;23,9;16,5;25,3;22,9;17,2;16;67;58;63;82;7,9;5,5;
2026/03/10;2100 UTC;0;1020,6;1020,8;1020,4;469,6;22,7;16,6;23,4;22,2;17,1;15,9;73;66;69;87;10,2;7,2;
2026/03/10;2200 UTC;0;1020,5;1020,7;1020,4;71,4;22;16,2;22,2;21,8;16,9;15,5;74;68;71;80;8,3;5,8;
2026/03/10;2300 UTC;0;1020,6;1020,9;1020,4;0;21,9;16,5;22;21,8;16,9;16,1;75;71;73;76;8,3;5,7;
2026/03/11;0000 UTC;0;1021;1021,2;1020,8;,1;20,5;16,6;21,8;20;16,6;16,4;83;73;80;34;3,8;2,3;
2026/03/11;0100 UTC;0;1021;1021,1;1020,9;0;20,1;17,1;20,7;20;17,4;16,6;86;82;85;58;8,3;5,3;
2026/03/11;0200 UTC;0;1021;1021,1;1020,8;0;20,5;17,4;20,8;19,5;18,1;16,8;91;81;85;75;12,8;8,4;
2026/03/11;0300 UTC;0;1020,9;1021,2;1020,7;0;19,9;17,5;20,5;19,2;17,8;16,9;92;85;88;72;12,3;8,1;
2026/03/11;0400 UTC;,2;1020,5;1020,9;1020,2;,3;19,8;17,7;20,2;19,4;18,3;16,9;91;86;89;88;9,4;6,7;
2026/03/11;0500 UTC;0;1020;1020,2;1019,7;,1;20;17,9;20,5;19,6;18,5;17,2;93;85;90;84;10,4;7,3;
2026/03/11;0600 UTC;0;1019,3;1019,7;1019,2;0;20,7;17,5;21;20,5;18,3;16,8;88;80;84;62;9,2;6,8;
2026/03/11;0700 UTC;0;1019,1;1019,2;1019;0;21,1;17,1;21,3;20,9;17,7;16,5;82;76;80;70;8,9;6,3;
2026/03/11;0800 UTC;0;1018,8;1019;1018,6;0;20,3;17,1;20,8;20;17,6;16,2;87;81;84;57;10;6,9;
2026/03/11;0900 UTC;0;1018,7;1018,8;1018,6;0;19,9;17,5;20,8;19,1;18,4;16,6;92;80;88;85;10,6;7,2;
2026/03/11;1000 UTC;0;1018,8;1019;1018,7;22,5;21;17,4;21,3;20,8;18,3;16,5;86;78;82;86;10,2;7,1;
2026/03/11;1100 UTC;0;1019,1;1019,3;1018,9;236,6;21,6;17,7;21,9;21,3;18;17,4;82;79;80;87;10,3;7,4;
2026/03/11;1200 UTC;3,8;1019,6;1019,8;1019,2;101,9;20,3;18,6;21,9;19,3;19,2;17,5;96;80;91;56;8,1;5,3;
2026/03/11;1300 UTC;7,8;1019,8;1020;1019,6;58;19,5;18,8;19,9;19,1;19,3;18,4;97;95;97;53;8;4,3;
2026/03/11;1400 UTC;6;1019,9;1020;1019,6;141,8;19,4;18,9;19,7;19;19,3;18,4;98;97;97;88;10,2;7,2;
2026/03/11;1500 UTC;8,4;1019,3;1019,7;1018,9;437,9;19,9;19,4;20,4;19;20;18,2;98;95;97;93;13,8;10,4;
2026/03/11;1600 UTC;2;1018,9;1019,1;1018,7;371,5;19,7;19,1;20,2;19,2;19,8;18,4;98;95;97;80;12,1;8,7;
2026/03/11;1700 UTC;,4;1018,5;1018,9;1018,2;898,4;20,5;19,2;20,8;20;19,5;18,8;95;92;93;97;12,6;9,9;
2026/03/11;1800 UTC;,2;1018;1018,3;1017,5;796,3;20,9;19,2;21,1;20,7;19,6;18,8;93;89;91;105;13,5;10,2;
2026/03/11;1900 UTC;1;1017,3;1017,6;1016,9;705,7;21,1;19,1;21,5;20,7;19,6;18,7;94;87;90;109;13,6;10,2;
2026/03/11;2000 UTC;0;1017;1017,2;1016,8;662,4;20,9;19,5;21,3;20,6;19,7;19,2;95;91;93;116;14,4;10,5;
2026/03/11;2100 UTC;,8;1017;1017,1;1016,9;372,6;21;19,6;21,3;20,5;19,9;19,4;96;92;93;118;14,8;11,4;
2026/03/11;2200 UTC;,8;1017,2;1017,3;1017;59;20,2;19,4;20,5;19,9;19,8;19;97;95;96;103;13;9,7;
2026/03/11;2300 UTC;,2;1017,3;1017,6;1017;0;20,2;19,3;20,5;20;19,6;18,8;96;94;95;109;13,8;10,4;
2026/03/12;0000 UTC;;;;;;;;;;;;;;;;;;
2026/03/12;0100 UTC;0;1017,2;1017,5;1017;0;21;19;21,6;20,4;19,5;17,8;91;87;90;55;11;7,5;
2026/03/12;0200 UTC;0;1017;1017,3;1016,8;0;21,6;19,1;21,7;21,5;19,3;18,9;89;86;88;58;10,5;6,6;
2026/03/12;0300 UTC;0;1017,6;1017,8;1017,2;0;21,6;18,8;21,8;21,5;19,4;18,3;88;84;86;92;9,7;7,6;
2026/03/12;0400 UTC;0;1017,6;1017,8;1017,4;0;21,7;19,4;21,8;21,4;19,6;19;90;87;89;99;10,1;7,3;
2026/03/12;0500 UTC;0;1017,4;1017,6;1017;0;21,5;19,4;21,6;21,4;19,6;19,2;90;89;89;104;10,6;7,9;
2026/03/12;0600 UTC;0;1016,6;1017,1;1016,3;0;21,5;19,3;21,5;21,4;19,4;19,1;90;89;89;100;10,8;7,8;
2026/03/12;0700 UTC;0;1016,6;1016,8;1016,3;0;21,5;19,2;21,6;21,4;19,4;19;89;88;88;111;10,2;7,7;
2026/03/12;0800 UTC;0;1016,4;1016,7;1016,1;0;21,5;19,2;21,7;21,1;19,6;18,7;90;85;89;80;11,1;7,8;
2026/03/12;0900 UTC;,8;1016,9;1017;1016,7;,1;20,3;18,8;21,1;19,7;19,3;18,1;95;91;93;94;9,8;7,4;
2026/03/12;1000 UTC;2;1017,3;1017,5;1017,1;5,9;19,7;18,7;20,2;19,3;19,3;18;96;94;95;78;9,4;6,7;
2026/03/12;1100 UTC;1;1017,6;1017,7;1017,5;258,7;20,4;19,5;21,1;19,9;20;18,8;96;94;96;83;4,8;3,6;
2026/03/12;1200 UTC;0;1017,7;1017,7;1017,6;1233,3;22,2;20,2;22,9;21,2;20,6;19,9;94;87;90;106;6,2;4,7;
2026/03/12;1300 UTC;0;1017,6;1017,8;1017,4;1638,2;22,9;19,7;24;21,8;20,6;18;88;74;84;81;8,1;5,2;
2026/03/12;1400 UTC;0;1017,5;1017,6;1017,4;960,4;24,4;19,9;24,9;23,8;20,5;19,2;79;76;78;118;7,2;5,6;
2026/03/12;1500 UTC;,2;1017,6;1017,7;1017,4;3183,9;24,7;20,1;25,2;24,4;20,9;19,5;80;75;77;120;9,3;7;
2026/03/12;1600 UTC;0;1017,3;1017,5;1016,9;3050,1;25;20,4;25,5;24,2;20,8;20;81;75;77;119;10,1;8,3;
2026/03/12;1700 UTC;0;1016,9;1017,1;1016,6;3264,6;25,4;20,5;25,6;25,1;20,9;20,1;78;74;76;119;10;8;
2026/03/12;1800 UTC;0;1016,4;1016,6;1016,1;2636,5;24,8;20,3;25,4;23,5;20,7;19,5;82;74;77;98;9,5;6,3;
2026/03/12;1900 UTC;0;1015,9;1016,1;1015,6;2314,4;24,4;19,8;24,8;23,9;20,2;19,3;80;75;77;111;9,4;6,8;
2026/03/12;2000 UTC;0;1015,6;1015,8;1015,5;1453,2;23,1;19,4;24,3;22,3;20,1;18,3;88;76;81;110;10,4;8;
2026/03/12;2100 UTC;0;1015,5;1015,6;1015,3;879,5;22,6;18,9;22,9;22;19,3;18,2;84;79;81;101;9,4;7;
2026/03/12;2200 UTC;0;1015,5;1015,5;1015,3;182,3;21,9;19;22,3;21,7;19,3;18,4;88;82;85;109;9,6;7,7;
2026/03/12;2300 UTC;0;1015,7;1015,9;1015,4;0;21,5;18,9;21,8;21,3;19,4;18,6;88;86;87;100;9,4;7,1;
2026/03/13;0000 UTC;0;1016,2;1016,4;1015,9;0;21,4;18,6;21,7;21,2;19,1;18,2;88;84;86;93;9;6,3;
2026/03/13;0100 UTC;0;1016,3;1016,4;1016,2;0;21,2;18,5;21,4;20,8;19;17,7;89;84;86;93;8,8;6,8;
2026/03/13;0200 UTC;0;1016,2;1016,2;1016,1;0;21,4;18,2;21,5;21,3;18,7;17,6;86;81;84;86;8,7;6,2;
2026/03/13;0300 UTC;0;1016,1;1016,3;1015,8;0;21,4;18,1;21,5;21,2;18,5;17,7;85;82;83;86;9,7;6,3;
2026/03/13;0400 UTC;0;1015,6;1015,8;1015,3;0;21,3;17,5;21,5;21,1;17,9;17,2;83;79;81;84;8,1;6,2;
2026/03/13;0500 UTC;0;1015,1;1015,4;1014,9;0;21,1;17,4;21,2;20,8;18;16,8;84;79;82;92;7,3;5,6;
2026/03/13;0600 UTC;0;1014,6;1015;1014,3;0;20,8;17,3;20,9;20,7;17,6;16,8;84;80;82;110;6,9;5,4;
2026/03/13;0700 UTC;0;1014,2;1014,4;1014,1;0;20,9;17,7;20,9;20,8;18;17,4;86;83;84;122;6,6;5;
2026/03/13;0800 UTC;0;1014,1;1014,1;1014;0;20,8;18,1;21,2;20,7;18,4;17,8;88;85;86;118;6,7;5,3;
2026/03/13;0900 UTC;0;1013,8;1014,1;1013,7;0;20,8;18,3;21;20,7;18,6;18;88;86;87;127;8,2;6,5;
2026/03/13;1000 UTC;0;1014;1014,2;1013,8;28,6;21;17,7;21,3;20,8;18,4;17,1;87;81;83;129;8,5;7,3;
2026/03/13;1100 UTC;0;1014,5;1015;1014,2;551,5;21,9;18;22,5;21,3;18,4;17,7;84;77;81;126;7,7;5,9;
2026/03/13;1200 UTC;0;1015,2;1015,3;1015;1373,7;23,1;18,2;23,5;22,5;18,7;17,9;79;74;76;131;6,2;5,3;
2026/03/13;1300 UTC;0;1015,4;1015,6;1015,2;1862,6;23,9;18,6;24,3;23,5;19,3;18,2;76;71;74;139;7,2;5,7;
2026/03/13;1400 UTC;;;;;;;;;;;;;;;;;;
2026/03/13;1500 UTC;0;1015,1;1015,3;1015;3186,8;24,8;19,3;25;24,5;19,7;19,1;75;70;73;140;7,2;6,1;
2026/03/13;1600 UTC;0;1014,9;1015,1;1014,5;3370,4;25,5;19,7;25,9;25;20,2;19,1;73;69;71;146;6,3;5;
2026/03/13;1700 UTC;0;1014,3;1014,5;1014,1;3186,2;25,4;19,6;25,7;25;20;19,1;73;69;71;149;6,4;5,2;
2026/03/13;1800 UTC;0;1013,8;1014,2;1013,7;2956,5;25,5;19,4;26,2;25;19,8;18,9;73;67;70;160;6,8;5,3;
2026/03/13;1900 UTC;0;1013,6;1013,8;1013,3;2261,7;25,3;19,4;25,7;24,6;20;18,7;74;69;71;158;7,5;6;
2026/03/13;2000 UTC;0;1013,2;1013,4;1013;1311,3;24,3;19,4;25,1;23,6;19,9;18,9;79;72;75;155;7,8;6,2;
2026/03/13;2100 UTC;0;1013;1013,2;1012,8;642,3;23,3;19,2;24;22,6;19,8;18,8;83;77;79;159;6,8;5,4;
2026/03/13;2200 UTC;0;1012,9;1013;1012,7;123,1;22,4;19;22,6;22,2;19,3;18,7;84;82;83;155;7,3;5,8;
2026/03/13;2300 UTC;0;1012,6;1012,7;1012,5;,1;22,2;19;22,4;22,1;19,4;18,4;86;82;84;137;8;6,8;
2026/03/14;0000 UTC;;;;;;;;;;;;;;;;;;
2026/03/14;0100 UTC;0;1013,2;1013,3;1013,1;0;21,9;19;22,1;21,6;19,6;18,4;88;84;86;123;6,4;5;
2026/03/14;0200 UTC;0;1012,8;1013,2;1012,5;0;21,7;19,1;21,8;21,5;19,7;18,6;90;84;87;121;6,9;5,4;
2026/03/14;0300 UTC;0;1012,6;1012,6;1012,4;0;21,5;19,2;21,8;21,2;19,8;18,5;91;86;89;132;6,2;5,2;
2026/03/14;0400 UTC;0;1012,2;1012,4;1011,9;0;21,6;19,1;21,8;21,2;19,4;18,5;89;86;87;126;7;6,1;
2026/03/14;0500 UTC;0;1011,9;1012,1;1011,6;0;21,6;19,4;21,7;21,5;19,7;19,1;90;88;89;136;6,2;5,3;
2026/03/14;0600 UTC;0;1011,7;1011,8;1011,6;0;21,6;19,3;21,7;21,5;19,6;18,9;90;86;89;138;6;4,8;
2026/03/14;0700 UTC;0;1011,4;1011,7;1011,2;0;21,6;19;21,8;21,6;19,2;18,7;88;85;87;147;6,7;5,5;
2026/03/14;0800 UTC;0;1011,1;1011,3;1011;0;21,6;19,1;21,8;21,5;19,3;18,8;88;86;87;152;7,4;6,4;
2026/03/14;0900 UTC;0;1011,1;1011,3;1010,9;0;21,6;19,1;21,7;21,4;19,4;18,7;89;86;87;155;7,4;6,3;
2026/03/14;1000 UTC;0;1011,3;1011,5;1011,1;28,7;21,6;19;21,7;21,5;19,3;18,6;88;85;87;153;7;6;
2026/03/14;1100 UTC;0;1011,7;1012,1;1011,5;502,5;22,3;19,1;23;21,7;19,5;18,8;87;80;84;151;6,5;5,4;
2026/03/14;1200 UTC;0;1012,3;1012,4;1012,1;1238,6;23,4;19,4;24;22,6;20;18,9;83;77;80;144;5,9;4,8;
2026/03/14;1300 UTC;0;1012,4;1012,6;1012,2;1775,9;24,4;19,9;25,2;23,9;20,5;19,5;79;75;77;153;5,6;4,7;
2026/03/14;1400 UTC;0;1012,5;1012,6;1012,4;1192,9;25,1;20,1;25,8;24,3;20,6;19,5;78;73;75;150;5,7;4,2;
2026/03/14;1500 UTC;0;1012,4;1012,6;1012,2;3105,2;25,8;20,4;26,2;25,6;20,8;19,9;75;70;73;157;5,4;4,6;
2026/03/14;1600 UTC;0;1011,9;1012,2;1011,6;3338,9;26;20,3;26,3;25,6;20,6;19,8;73;70;71;152;5,4;4,5;
2026/03/14;1700 UTC;0;1011,3;1011,7;1010,9;3280,7;25,9;20,3;26,2;25,6;20,6;19,9;74;70;72;151;6,1;4,9;
2026/03/14;1800 UTC;0;1010,4;1010,9;1010,1;2948,2;25,5;20,2;25,9;25,1;20,5;19,8;76;71;74;142;5,9;4,7;
2026/03/14;1900 UTC;0;1010,2;1010,3;1010;2359,7;25,1;20,1;25,3;24,7;20,4;19,8;77;73;75;148;6,1;4,7;
2026/03/14;2000 UTC;0;1009,8;1010,2;1009,5;1593,8;24,3;20,1;24,9;23,9;20,5;19,5;82;76;79;143;6,8;5,6;
2026/03/14;2100 UTC;0;1009,7;1009,9;1009,4;850,9;23,6;19,6;24;23;20;19,3;82;78;80;141;6,5;5,3;
2026/03/14;2200 UTC;0;1010;1010,2;1009,8;58,8;22,6;19,5;23;22,4;19,9;19,2;86;83;85;138;6,2;5;
2026/03/14;2300 UTC;0;1009,9;1010;1009,8;0;22,3;19,5;22,4;22,2;19,8;19,2;88;85;86;131;6;5,1;
2026/03/15;0000 UTC;0;1010,1;1010,3;1009,9;0;22,2;19,5;22,3;22,1;19,7;19,2;87;85;86;129;5,9;4,9;
2026/03/15;0100 UTC;0;1010,4;1010,6;1010,3;0;21,9;19,3;22,3;21,6;19,8;19,1;88;86;87;126;3,6;2,7;
2026/03/15;0200 UTC;0;1010,4;1010,6;1010,3;0;21,7;19,4;21,9;21,5;19,6;19,2;89;88;88;122;4,3;3,2;
2026/03/15;0300 UTC;0;1010,3;1010,5;1010,1;0;21,7;19,4;21,8;21,6;19,5;19,2;89;88;89;97;2,2;1,4;
2026/03/15;0400 UTC;0;1009,8;1010,1;1009,4;0;20,6;18,9;21,6;19,8;19,5;18,5;94;89;91;217;1,1;,5;
2026/03/15;0500 UTC;0;1009,3;1009,4;1009,1;0;19,1;18,1;19,7;18,7;18,6;17,8;96;94;95;84;1,2;,6;
2026/03/15;0600 UTC;0;1008,8;1009,1;1008,5;0;18,5;17,8;18,8;18,2;18,1;17,5;97;95;97;317;2,1;1,7;
2026/03/15;0700 UTC;0;1008,5;1008,6;1008,4;0;18,4;17,9;18,6;18,3;18,2;17,6;98;96;98;325;2,9;2,7;
2026/03/15;0800 UTC;0;1008,5;1008,7;1008,3;0;18,5;18,1;18,7;18,4;18,3;18;99;98;98;302;3;2,2;
2026/03/15;0900 UTC;0;1008,9;1009,2;1008,6;0;18;17,8;18,4;17,7;18,1;17,4;99;98;99;302;2,6;2;
2026/03/15;1000 UTC;0;1009,4;1009,6;1009,2;23,8;17,8;17,5;17,9;17,6;17,7;17,3;99;99;99;292;2;1,5;
2026/03/15;1100 UTC;0;1009,8;1009,9;1009,6;508,2;19;18,6;20,5;17,6;20,1;17,3;99;98;98;309;1,5;1,1;
2026/03/15;1200 UTC;0;1010,2;1010,3;1010;1217;21,2;20,3;21,8;20,5;20,6;19,9;98;91;96;314;2,8;1,4;
2026/03/15;1300 UTC;0;1010,6;1010,9;1010,3;1800,7;23,4;19,4;24,6;21,8;20,3;18,5;91;73;80;293;3,5;2,3;
2026/03/15;1400 UTC;0;1011;1011,1;1010,9;1156,7;25,1;19,9;26,1;24,1;21,2;18,8;77;70;74;117;4;2,9;
2026/03/15;1500 UTC;0;1010,8;1011;1010,5;3176,3;26,4;21;26,9;25,8;21,4;20,3;76;69;73;110;4,2;3,3;
2026/03/15;1600 UTC;0;1010,4;1010,6;1010,3;3338,2;27,1;21,1;27,4;26,7;21,5;20,6;72;67;70;96;4,6;3,2;
2026/03/15;1700 UTC;0;1010,4;1010,5;1010,2;3298,6;27,1;21;27,6;26,6;21,5;20,6;73;67;69;83;5,8;4;
2026/03/15;1800 UTC;0;1010,2;1010,4;1010;2949,2;26,8;21;27,3;26,5;21,4;20,6;73;69;71;77;6,5;4,4;
2026/03/15;1900 UTC;0;1009,7;1010;1009,6;2383,2;26,4;20,8;26,8;25,8;21,2;20,3;74;70;72;68;6,2;4,7;
2026/03/15;2000 UTC;0;1009,6;1009,7;1009,4;1657,7;25,7;20,2;26;25,3;20,6;19,9;75;71;73;62;7,7;5,1;
2026/03/15;2100 UTC;0;1009,6;1009,7;1009,4;837,2;24,8;20,1;25,4;24,2;20,5;19,8;80;74;77;60;8;5,8;
2026/03/15;2200 UTC;0;1009,7;1009,8;1009,6;152,1;23,7;19,9;24,2;23,1;20,2;19,7;83;79;81;35;7,3;3,9;
2026/03/15;2300 UTC;0;1010,2;1010,6;1009,8;0;22,7;19,6;23,1;22,4;19,7;19,5;86;83;85;31;6,2;3,3;
2026/03/16;0000 UTC;0;1010,8;1011;1010,6;0;22,3;19,8;22,4;22,1;19,9;19,7;89;86;88;30;6,2;3,9;
2026/03/16;0100 UTC;0;1011,1;1011,2;1010,9;0;22,1;19,9;22,2;22;20;19,8;90;88;89;29;6,4;3,7;
2026/03/16;0200 UTC;0;1011,2;1011,3;1011;0;21,9;20;22,1;21,8;20,1;19,9;91;89;90;30;6;3,8;
2026/03/16;0300 UTC;0;1011,2;1011,3;1011,1;0;21,7;20;21,8;21,6;20;19,9;92;91;91;26;6,9;4,5;
2026/03/16;0400 UTC;0;1011,2;1011,3;1011,1;0;21,4;20,2;21,6;21,2;20,3;20;95;92;94;24;4,4;3;
2026/03/16;0500 UTC;0;1011,1;1011,3;1010,9;0;21;20,1;21,2;20,8;20,2;20;96;95;96;24;4,3;2,7;
2026/03/16;0600 UTC;0;1010,8;1010,9;1010,7;0;21;20,1;21,1;20,9;20,3;20;96;95;96;23;5,1;2,8;
2026/03/16;0700 UTC;0;1010,9;1011,1;1010,7;0;20,6;19,7;20,9;20,3;19,9;19,4;96;95;95;23;2,7;2,1;
2026/03/16;0800 UTC;0;1011,1;1011,2;1011;0;20,3;19,7;20,6;20,1;20;19,4;97;96;97;33;4,5;3;
2026/03/16;0900 UTC;0;1011,1;1011,5;1010,9;0;20,8;20,1;21;20,6;20,3;19,9;97;96;97;34;5,1;3,2;
2026/03/16;1000 UTC;0;1011,9;1012,2;1011,5;13,9;20,7;20,1;21;20,5;20,3;19,9;97;96;97;32;3,9;2,6;
2026/03/16;1100 UTC;0;1012,4;1012,6;1012,2;359,7;21,6;20,8;22,8;20,8;21,3;20,3;97;92;96;31;4,6;2,7;
2026/03/16;1200 UTC;0;1012,7;1012,8;1012,4;1337,3;24;21,1;25,1;22,8;21,5;20,9;92;80;85;28;8,2;4,5;
2026/03/16;1300 UTC;0;1012,9;1013;1012,7;1644,9;25,5;21,1;25,8;25,2;21,6;20,7;81;76;78;110;8,6;5,2;
2026/03/16;1400 UTC;0;1013,1;1013,3;1012,9;1301,3;26,2;21,2;27,5;25,1;21,7;20,9;80;70;75;111;7,8;5;
2026/03/16;1500 UTC;0;1013,3;1013,4;1013,1;2578,7;27,6;21,5;28,4;27;22,1;21,2;73;66;70;97;7,3;4,6;
2026/03/16;1600 UTC;0;1012,9;1013,1;1012,6;2970,8;27,9;22,2;28,9;27,3;23;21,3;78;65;71;72;8,2;5,6;
2026/03/16;1700 UTC;0;1012,5;1012,7;1012,2;3031,3;27;22,8;27,5;26,8;23,1;22,6;81;76;79;65;9;5,7;
2026/03/16;1800 UTC;0;1012;1012,2;1011,8;2819,6;26,7;22,7;27;26,4;23;22,4;82;79;80;67;9,7;6,6;
2026/03/16;1900 UTC;0;1011,8;1011,9;1011,7;2209,4;26,1;22,5;26,7;25,7;22,8;22,2;84;80;82;59;10,3;7,5;
2026/03/16;2000 UTC;0;1011,8;1011,9;1011,7;1159,1;25,2;22,4;25,9;24,8;22,6;22,2;88;82;86;56;9,5;6,4;
2026/03/16;2100 UTC;0;1011,7;1011,7;1011,6;677,3;24,8;22,4;25,3;24,2;22,5;22,3;91;86;88;52;9,6;6,1;
2026/03/16;2200 UTC;0;1011,8;1012;1011,6;71,1;24;22,5;24,2;23,9;22,6;22,5;93;92;92;48;8,7;5,7;
2026/03/16;2300 UTC;0;1012;1012,1;1011,9;0;23,8;22,6;23,9;23,8;22,7;22,6;94;93;94;52;9,2;6,1;
2026/03/17;0000 UTC;0;1012,4;1012,8;1012,1;0;23,9;22,7;24;23,8;22,8;22,6;94;94;94;45;9,9;5,6;
2026/03/17;0100 UTC;0;1012,9;1013,1;1012,7;0;24;22,8;24;24;22,8;22,8;94;94;94;45;9,9;5,7;
2026/03/17;0200 UTC;0;1013;1013,1;1012,9;0;24;22,5;24;24;22,8;22,3;94;91;93;32;8,7;5,1;
2026/03/17;0300 UTC;0;1012,9;1013;1012,9;0;23,8;22;24;23,7;22,2;21,9;91;90;91;36;8,8;5,1;
2026/03/17;0400 UTC;0;1012,7;1012,9;1012,3;0;23,8;22,1;23,9;23,7;22,2;21,9;92;91;91;41;8,6;4,9;
2026/03/17;0500 UTC;0;1012;1012,3;1011,9;0;24;22,6;24,2;23,9;23,1;22,2;95;91;93;44;6,7;4,3;
2026/03/17;0600 UTC;0;1011,8;1012;1011,7;0;24;23;24;23,9;23,1;22,8;95;94;95;34;7,1;4,2;
2026/03/17;0700 UTC;0;1011,7;1011,7;1011,5;0;24;22,7;24,1;24;22,8;22,6;94;93;93;38;5,2;3,3;
2026/03/17;0800 UTC;0;1011,4;1011,5;1011,3;0;24;22,7;24,1;24;22,7;22,6;93;93;93;37;6,4;4,1;
2026/03/17;0900 UTC;0;1011,4;1011,5;1011,3;0;24;22,7;24,1;23,8;22,8;22,7;95;93;94;34;6;3,8;
2026/03/17;1000 UTC;0;1011,6;1011,7;1011,4;15,3;23,9;22,8;24,1;23,8;22,8;22,8;95;94;94;32;7,4;4,4;
2026/03/17;1100 UTC;0;1011,7;1011,8;1011,6;151,7;24,3;22,8;24,5;24;22,8;22,7;94;91;92;30;8,2;5;
2026/03/17;1200 UTC;0;1011,8;1011,9;1011,7;306,5;24,6;22,7;24,8;24,5;22,7;22,6;91;89;90;27;8,7;5;
2026/03/17;1300 UTC;0;1011,8;1011,8;1011,6;485,3;25,1;22,7;25,4;24,9;22,8;22,6;89;87;88;40;7,2;4,7;
2026/03/17;1400 UTC;0;1011,4;1011,7;1011,1;919,5;26;22,9;26,5;25,4;23,2;22,7;87;82;84;44;9,3;5,2;
2026/03/17;1500 UTC;0;1010,9;1011,1;1010,6;2232,2;27,8;23;29;26,4;23,6;22,6;82;71;76;142;10,9;6,8;
2026/03/17;1600 UTC;0;1010,5;1010,6;1010,3;1824,6;28,1;22,9;29;27,6;23,5;22,6;76;70;74;83;10,1;6,4;
2026/03/17;1700 UTC;0;1010,4;1010,5;1010,2;942;27,5;22,6;27,9;26,8;22,9;22,3;79;73;76;106;7,9;4,9;
2026/03/17;1800 UTC;0;1010,2;1010,3;1010;514,6;26,8;22,6;26,8;26,7;22,9;22,4;80;78;79;93;6,1;3,8;
2026/03/17;1900 UTC;0;1010;1010,1;1009,9;496,7;26,4;23;26,8;26,2;23,6;22,6;87;80;83;42;6,4;3,4;
2026/03/17;2000 UTC;,2;1009,9;1010,1;1009,8;207,6;25,5;23,5;26,2;24,6;24;23,1;95;86;90;67;6,5;4,7;
2026/03/17;2100 UTC;0;1009,6;1009,8;1009,4;182,3;24,3;23,6;24,6;24,2;23,6;23,4;96;95;96;50;9,5;5,9;
2026/03/17;2200 UTC;0;1009,9;1010,1;1009,7;24,6;24,3;23,5;24,4;24,2;23,6;23,4;96;96;96;48;6,5;4,1;
2026/03/17;2300 UTC;0;1010,3;1010,5;1010;0;24,6;23,4;24,6;24,4;23,6;23,3;96;93;94;67;4,4;3,1;
2026/03/18;0000 UTC;0;1010,9;1011,4;1010,5;0;24,3;23,5;24,5;24,2;23,5;23,4;96;95;96;79;2,7;1,9;
2026/03/18;0100 UTC;0;1011,9;1012,2;1011,4;0;24,1;23,5;24,2;24;23,5;23,5;97;96;97;151;3,9;3,2;
2026/03/18;0200 UTC;0;1012,4;1012,7;1012;0;23,7;23,2;24,1;23,1;23,5;22,6;98;97;97;177;8,2;6;
2026/03/18;0300 UTC;,8;1012,2;1012,6;1011,9;0;23,2;22,8;23,4;23,1;23;22,6;98;97;98;138;5,5;4,4;
2026/03/18;0400 UTC;1,2;1011,8;1012,1;1011,2;,1;23,2;22,9;23,4;23;23,1;22,7;99;98;98;124;9;7;
2026/03/18;0500 UTC;,2;1009,5;1011,1;1008,3;0;23,5;23,2;23,7;23,1;23,4;22,8;99;99;99;54;10,8;7;
2026/03/18;0600 UTC;0;1009;1009,6;1008,2;0;23,6;23,4;23,7;23,6;23,5;23,3;99;98;99;301;2,8;1,5;
2026/03/18;0700 UTC;0;1010;1010,4;1009,5;0;23,3;22,9;23,6;23,1;23,3;22,7;98;98;98;329;2,9;2;
2026/03/18;0800 UTC;0;1010,7;1011,1;1010,3;0;23;22,6;23,1;22,9;22,7;22,4;98;98;98;218;2,8;2,1;
2026/03/18;0900 UTC;0;1011;1011,1;1010,9;0;23,2;22,8;23,3;23,1;22,9;22,7;98;98;98;224;2,6;1,4;
2026/03/18;1000 UTC;,4;1011,4;1011,7;1011,1;30,1;22,9;22,5;23,1;22,7;22,7;22,2;98;98;98;206;8,4;6,8;
2026/03/18;1100 UTC;14;1011,9;1012,3;1011,7;75,5;22,7;22,3;22,9;22,6;22,6;22,1;99;97;98;176;9,6;8,1;
2026/03/18;1200 UTC;29,6;1012,6;1013;1012;15,9;22,5;22,4;22,8;22,2;22,6;22,1;100;99;99;177;10,1;8,3;
2026/03/18;1300 UTC;,6;1012,9;1013,3;1012,8;50,6;22,3;22,2;22,5;22,2;22,5;22,1;100;100;100;170;12,8;9,7;
2026/03/18;1400 UTC;,2;1013,6;1013,9;1013,3;234,5;22,3;22,1;22,6;22,1;22,3;22;100;98;99;169;12,3;8,8;
2026/03/18;1500 UTC;0;1013,6;1013,7;1013,4;958,6;22,9;22,1;23,5;22,4;22,5;21,8;98;94;96;169;11,6;8,7;
2026/03/18;1600 UTC;,2;1013,8;1013,9;1013,7;864,7;22,8;21,8;23,1;22,6;22,1;21,6;96;93;95;168;12,1;9,2;
2026/03/18;1700 UTC;0;1013,5;1013,7;1013,1;1852,1;23,7;21,3;24,8;22,9;22;20,9;93;83;88;173;15,1;11,7;
2026/03/18;1800 UTC;0;1012,9;1013,2;1012,6;1984,7;24,2;21,1;24,8;23,1;21,7;20,6;88;82;84;173;17,9;13,6;
2026/03/18;1900 UTC;0;1013;1013,1;1012,8;1874,9;24,1;20,5;24,6;23,6;21;19,9;86;79;82;170;15;12,1;
2026/03/18;2000 UTC;0;1013,2;1013,5;1012,8;1164,9;23,7;19,9;24,4;23,3;20,6;19,5;84;78;81;170;14,4;12,1;
2026/03/18;2100 UTC;0;1013,3;1013,5;1013,2;437,7;23;19,4;23,4;22,7;19,8;18,8;83;80;82;170;12,7;10,6;
2026/03/18;2200 UTC;0;1013,4;1013,5;1013,2;88,5;22,5;18,9;22,8;22,3;19,3;18,3;83;80;82;169;12,8;10,1;
2026/03/18;2300 UTC;0;1014;1014,3;1013,5;0;22,3;18,4;22,4;22,2;19;18;83;78;80;168;11,6;9,1;
2026/03/19;0000 UTC;0;1014,5;1014,6;1014,3;0;22,1;19,2;22,5;21,9;19,8;18,1;89;79;85;177;11,5;9,5;
2026/03/19;0100 UTC;0;1014,6;1014,8;1014,5;0;21,9;19,2;22,1;21,8;19,5;18,7;88;84;86;173;11;8,5;
2026/03/19;0200 UTC;0;1014,6;1014,8;1014,3;0;21,9;18,6;22,2;21,7;19,2;17,4;86;77;84;155;10,2;8,7;
2026/03/19;0300 UTC;0;1014,3;1014,4;1014,1;0;21,9;17,7;22,1;21,8;18,2;17;81;76;79;158;8,7;7,6;
2026/03/19;0400 UTC;0;1014,1;1014,2;1014;0;21,7;17,5;21,9;21,6;17,8;17,1;81;76;79;156;8,6;7,3;
2026/03/19;0500 UTC;0;1014;1014,2;1013,7;0;21,6;17,6;21,8;21,5;18;17,2;82;78;80;161;8,9;7,2;
2026/03/19;0600 UTC;0;1013,4;1013,7;1013;0;21,5;17,5;21,7;21,4;18,2;16,9;83;77;80;159;8,7;7,2;
2026/03/19;0700 UTC;0;1013;1013,1;1012,8;0;21,4;17,4;21,5;21,2;17,9;16,7;83;77;80;165;7,6;6;
2026/03/19;0800 UTC;0;1012,9;1012,9;1012,8;0;21,3;17,7;21,5;21,2;18,5;17,1;86;79;82;171;8,4;6,8;
2026/03/19;0900 UTC;0;1012,9;1013;1012,8;0;21,4;18,4;21,5;21,3;18,8;18;87;83;85;170;9,5;7,9;
2026/03/19;1000 UTC;0;1013;1013,2;1012,9;18,5;21,6;18,9;21,8;21,4;19,2;18,5;89;84;86;162;9,7;8;
2026/03/19;1100 UTC;0;1013,4;1013,6;1013,2;255,7;22;19,3;22,4;21,7;19,7;18,8;89;84;86;158;9,5;7,8;
2026/03/19;1200 UTC;0;1013,7;1013,9;1013,6;1254,7;23,1;19,6;23,5;22,4;20,1;19,2;85;80;82;145;9,2;8;
2026/03/19;1300 UTC;0;1014;1014,1;1013,8;1755,8;23,8;20;24,2;23,4;20,4;19,5;85;79;81;149;8,9;7,3;
2026/03/19;1400 UTC;0;1014;1014,1;1013,9;1287,5;24,8;20,2;25,7;24;20,8;19,6;81;73;77;157;9,4;7,8;
2026/03/19;1500 UTC;0;1014;1014,1;1013,7;2291,1;24,9;20,4;26;23,9;21;20;82;73;78;174;7,7;6,5;
2026/03/19;1600 UTC;0;1013,7;1013,9;1013,5;2780,6;25,7;20,8;26,5;25,2;21,2;20,3;78;72;76;164;8;6,6;
2026/03/19;1700 UTC;0;1013,2;1013,5;1012,9;2951,8;26,2;21,2;26,7;25,7;21,6;20,8;77;72;75;169;8,2;6,5;
2026/03/19;1800 UTC;0;1012,6;1012,8;1012,3;2442,4;25,8;21,1;26,9;24,2;21,7;20,5;82;72;77;155;7,2;6,2;
2026/03/19;1900 UTC;0;1012;1012,3;1011,7;2061,3;25,1;20,8;25,5;24,6;21,3;20,5;81;77;79;155;7,2;6,2;
2026/03/19;2000 UTC;0;1011,7;1011,8;1011,6;1588,2;24,6;20,7;24,9;24,4;21;20,4;82;78;80;157;7,1;6,2;
2026/03/19;2100 UTC;0;1011,5;1011,7;1011,3;723,2;23,8;20,7;24,4;23,2;20,9;20,4;88;81;85;145;6,8;5,5;
2026/03/19;2200 UTC;0;1011,3;1011,4;1011,2;103;22,9;21;23,3;22,6;21,3;20,8;93;88;91;141;6,4;5,3;
2026/03/19;2300 UTC;0;1011,2;1011,4;1011,1;0;22,6;21,4;22,7;22,5;21,6;21,1;95;92;94;132;6,8;5,7;
2026/03/20;0000 UTC;0;1011,7;1012,1;1011,3;0;22,6;21,4;22,7;22,5;21,6;21,3;95;93;94;112;5,8;4,4;
2026/03/20;0100 UTC;0;1012,2;1012,4;1012;0;22,6;21,6;22,7;22,6;21,7;21,4;95;94;95;85;6,2;4,5;
2026/03/20;0200 UTC;0;1012,2;1012,3;1012,2;0;22,7;21,3;22,9;22,6;21,6;21,1;95;91;93;82;7,4;5,5;
2026/03/20;0300 UTC;0;1012,5;1012,6;1012,3;0;22,8;20,9;22,9;22,7;21,2;20,8;92;90;91;66;7,5;5;
2026/03/20;0400 UTC;0;1012,5;1012,6;1012,4;0;22,7;20,8;22,8;22,6;20,9;20,4;91;89;90;67;7,5;5,3;
2026/03/20;0500 UTC;0;1012,5;1012,6;1012,4;0;22,5;20,3;22,6;22,3;20,6;19,7;90;87;89;70;6,4;4,4;
2026/03/20;0600 UTC;0;1012,3;1012,5;1012,2;0;22,3;19,7;22,4;22,2;19,9;19,5;88;86;87;67;6,1;4,5;
2026/03/20;0700 UTC;0;1012,1;1012,2;1011,9;0;22,2;19,6;22,3;22,1;19,7;19,4;87;86;87;72;5,9;4,5;
2026/03/20;0800 UTC;0;1011,9;1012,1;1011,8;0;22,1;19,6;22,2;22,1;19,8;19,4;89;86;87;69;6,4;4,2;
2026/03/20;0900 UTC;0;1012;1012,2;1011,8;0;22,2;20;22,3;22,1;20,2;19,7;90;88;89;71;6,1;4,4;
2026/03/20;1000 UTC;0;1012,6;1012,9;1012,2;9,9;22,2;20,2;22,4;22,1;20,4;19,9;90;89;90;70;4,7;3,5;
2026/03/20;1100 UTC;0;1013,2;1013,6;1012,9;255,3;22,8;20,6;23,4;22,3;20,9;20,3;91;87;89;72;5,8;3,8;
2026/03/20;1200 UTC;0;1013,8;1014;1013,6;793,9;23,8;20,9;24,2;23,1;21,2;20,6;89;83;85;67;6,6;4,4;
2026/03/20;1300 UTC;0;1014;1014,2;1013,9;1460,6;24,7;21;25,6;24,3;21,3;20,5;84;78;81;72;8,2;6,1;
2026/03/20;1400 UTC;0;1013,9;1014,1;1013,8;1427,8;25,7;21,1;26;25,1;21,5;20,8;80;74;77;68;8,4;5,7;
2026/03/20;1500 UTC;0;1013,5;1013,8;1013,2;2586,4;25,8;21,1;26,4;25,1;21,5;20,9;81;74;77;65;9,3;6,2;
2026/03/20;1600 UTC;0;1012,9;1013,2;1012,6;3334;26;21;26,3;25,6;21,5;20,4;79;73;75;58;9,8;7,1;
2026/03/20;1700 UTC;0;1012,1;1012,6;1011,7;2987,3;25,8;20,7;26,3;24,9;21,2;20,2;79;72;75;63;10,3;6,9;
2026/03/20;1800 UTC;0;1011,7;1011,9;1011,4;2884,6;25,9;20,7;26,3;25,6;21;20,4;76;72;74;58;9,9;6,8;
2026/03/20;1900 UTC;0;1011;1011,4;1010,7;2321,5;25,4;20,7;25,7;25,1;21,1;20,2;79;75;76;57;10,6;7,5;
2026/03/20;2000 UTC;0;1010,7;1010,8;1010,5;1553,1;25;20,8;25,3;24,5;21,2;20,5;81;78;79;56;10,4;7,1;
2026/03/20;2100 UTC;0;1010,7;1010,8;1010,6;580,4;24,1;20,6;24,5;23,7;21;20,4;84;80;83;52;9,7;6,5;
2026/03/20;2200 UTC;0;1010,6;1010,7;1010,5;49,6;23,4;20,7;23,6;23,3;21,1;20,3;88;84;86;56;10,5;7,1;
2026/03/20;2300 UTC;0;1010,5;1010,7;1010,4;0;23,3;21,1;23,4;23,2;21,3;20,9;90;88;89;57;10,3;7;
2026/03/21;0000 UTC;0;1010,7;1011;1010,6;0;23,4;21,4;23,5;23,3;21,6;21;91;88;90;58;12,7;8,5;
2026/03/21;0100 UTC;0;1010,9;1011,1;1010,5;0;23,5;21,6;23,6;23,5;21,7;21,4;91;89;90;49;11,1;7,2;
2026/03/21;0200 UTC;0;1010,8;1011,3;1010,5;0;23,5;21,3;23,6;23,4;21,6;20,8;90;87;89;35;7,9;4,9;
2026/03/21;0300 UTC;0;1011,2;1011,4;1011;0;23,1;20,5;23,4;22,9;20,9;20,3;88;86;87;34;7,9;4,8;
2026/03/21;0400 UTC;0;1011,2;1011,4;1010,6;0;22,7;20;22,8;22,5;20,3;19,8;87;86;87;39;8,5;5,1;
2026/03/21;0500 UTC;0;1009,9;1010,5;1009,4;0;22,7;19,7;22,8;22,5;19,8;19,6;86;84;85;37;8,9;5,4;
2026/03/21;0600 UTC;0;1009,1;1009,3;1008,7;0;22,3;19,6;22,5;22,2;19,6;19,5;87;85;86;31;7,5;4,5;
2026/03/21;0700 UTC;0;1008,5;1008,8;1008,2;0;22,1;19,4;22,3;21,9;19,6;19,3;87;86;87;29;7,5;4,4;
2026/03/21;0800 UTC;0;1008,5;1008,7;1008,3;0;21,9;19,3;22,1;21,6;19,4;19,2;89;86;87;36;5,6;3,8;
2026/03/21;0900 UTC;0;1008,6;1008,7;1008,4;0;21,8;19,4;21,9;21,6;19,5;19,3;90;87;88;36;6,3;4,3;
2026/03/21;1000 UTC;0;1008,8;1009;1008,6;14,6;22;19,2;22,2;21,9;19,3;19,1;87;85;86;33;7,7;4,5;
2026/03/21;1100 UTC;0;1008,4;1008,7;1008,3;308,9;22,6;19,4;23,1;22,2;19,6;19,2;85;83;84;33;8,3;4,7;
2026/03/21;1200 UTC;0;1007,8;1008,2;1007,4;729,9;23,7;19,8;24,1;23,1;20,2;19,5;82;78;81;29;11,8;6,2;
2026/03/21;1300 UTC;0;1006,9;1007,3;1006,4;1353,7;25;19,6;26;24,1;20,2;19,2;78;70;73;32;13,9;9,4;
2026/03/21;1400 UTC;0;1006,8;1007,3;1006,3;1429,9;26;20,3;26,6;25,4;20,6;19,9;74;70;72;33;14,4;9;
2026/03/21;1500 UTC;0;1006,5;1006,7;1006,2;1636,3;25,9;20,6;26,4;25,5;20,9;20,3;75;71;74;36;13,7;8,1;
2026/03/21;1600 UTC;0;1005,4;1006,2;1004,7;1199,9;25,8;21,1;26;25,7;21,5;20,8;79;75;76;38;14,9;8,6;
2026/03/21;1700 UTC;0;1004,7;1004,9;1004,3;859;25,6;21,6;25,9;25,4;21,9;21,4;82;78;80;33;13,7;7,5;
2026/03/21;1800 UTC;1,6;1004,6;1004,8;1004,4;263,7;24,7;22,2;25,3;24,1;22,6;21,8;92;82;88;27;12,4;7,6;
2026/03/21;1900 UTC;1,2;1004,1;1004,6;1003,5;659,2;24,3;23;24,8;24;23,5;22,6;95;92;94;77;8,6;4,2;
2026/03/21;2000 UTC;0;1004,7;1005,2;1004,1;750,1;24,9;23,3;25,4;24,6;23,6;23;93;89;92;83;8,1;5,3;
2026/03/21;2100 UTC;0;1002,7;1004,1;1002,1;726,3;25,1;23,2;25,4;24,8;23,5;22,9;92;88;90;56;11,6;7,2;
2026/03/21;2200 UTC;0;1003,9;1005,3;1002,4;101,6;24,6;22,8;25,1;24,4;22,9;22,7;92;89;91;247;8,3;3,8;
2026/03/21;2300 UTC;,8;1006,2;1006,8;1005,3;,6;24,3;22,9;24,4;24,1;23,4;22,6;96;91;93;313;6,3;3,7;
2026/03/22;0000 UTC;0;1007,3;1007,8;1006,8;0;24;22,8;24,2;23,7;23,4;22,1;96;92;94;318;4,2;2,6;
2026/03/22;0100 UTC;0;1008,4;1008,8;1007,8;0;23;21;23,7;22,3;21,8;20,6;92;88;90;276;3,8;2,3;
2026/03/22;0200 UTC;0;1009,1;1009,5;1008,7;0;21,6;19,8;22,3;21,1;20,6;18,6;93;87;91;248;6,7;4,2;
2026/03/22;0300 UTC;0;1009,6;1009,9;1009,4;0;20,6;18,4;21,2;20,1;18,5;18,3;91;86;89;270;5,6;3,6;
2026/03/22;0400 UTC;0;1010,2;1010,5;1009,9;0;19,3;17,5;20,1;19;18,3;16,4;92;87;91;230;9;5,5;
2026/03/22;0500 UTC;0;1010,8;1011;1010,5;0;18,6;15,6;19,1;17,8;16,4;14,9;89;81;85;243;6,1;3,4;
2026/03/22;0600 UTC;0;1010,8;1011;1010,7;0;17,4;15,1;17,8;16,9;15,5;14,6;90;88;89;244;6,5;3,5;
2026/03/22;0700 UTC;0;1011,1;1011,3;1011;0;16,3;14,3;16,9;15,9;14,6;13,9;91;88;90;256;5;2,9;
2026/03/22;0800 UTC;0;1011,4;1011,8;1011,2;0;15,5;13,9;15,9;15,1;14;13,7;94;90;92;267;4;2,6;
2026/03/22;0900 UTC;0;1012;1012,4;1011,8;0;14,7;13,6;15,1;14,4;13,9;13,2;95;94;94;265;4,7;2,7;
2026/03/22;1000 UTC;0;1012,9;1013,4;1012,4;13;14;12,9;14,4;13,8;13,2;12,7;95;94;95;278;4,5;3,3;
2026/03/22;1100 UTC;0;1013,9;1014,4;1013,4;492,9;14,5;12,9;15,5;13,8;13,4;12,7;95;88;92;274;5,1;3,3;
2026/03/22;1200 UTC;0;1014,7;1014,9;1014,4;1308;17,2;13,8;18,4;15,6;14,3;13,4;89;78;83;244;6,2;3,3;
2026/03/22;1300 UTC;0;1015;1015,2;1014,9;1643,7;19,8;14,7;20,9;18,4;15,6;13,9;78;70;74;204;7;5,1;
2026/03/22;1400 UTC;0;1015,3;1015,5;1015,1;1986,8;22,4;15,9;23,5;20,7;16,6;14,7;76;61;67;188;7,6;5,8;
2026/03/22;1500 UTC;0;1015,4;1015,6;1015,3;3115,2;23,9;16,6;24,4;23,6;17,2;15,9;65;60;63;180;7,2;5,5;
2026/03/22;1600 UTC;0;1015,6;1015,8;1015,3;3286,3;24,7;17;25,3;24,4;17,6;16,5;64;58;61;178;6,4;4,6;
2026/03/22;1700 UTC;0;1015,3;1015,5;1015;3189,2;25,4;17,4;26;24,8;18,2;17;63;58;60;170;6,6;5,2;
2026/03/22;1800 UTC;0;1014,8;1015,1;1014,6;2869;24,6;17,3;24,9;24,1;17,7;16,9;65;60;63;171;7,2;5,7;
2026/03/22;1900 UTC;0;1014,3;1014,6;1014,2;2308,4;24,1;17,3;24,6;23,4;17,8;16,9;70;63;66;167;7,7;6,3;
2026/03/22;2000 UTC;0;1014,3;1014,4;1014,1;1560,5;22,9;15,9;23,4;22,2;17,4;14,6;70;61;65;125;6;4,8;
2026/03/22;2100 UTC;0;1014,4;1014,5;1014,3;616,8;22,1;15,3;22,8;21,3;15,9;14,6;71;63;66;123;7,5;5,2;
2026/03/22;2200 UTC;0;1014,6;1014,7;1014,4;71,9;21;15,1;21,3;20,7;15,5;14,6;73;67;70;112;6,7;4,9;
2026/03/22;2300 UTC;0;1014,8;1015,4;1014,6;0;20,8;15,1;20,9;20,6;15,6;14,4;74;68;72;91;6,4;4,8;
2026/03/23;0000 UTC;0;1015,4;1015,6;1015,1;0;21,1;14,8;21,3;20,8;15,5;14,2;72;65;68;72;7,4;5,5;
2026/03/23;0100 UTC;0;1015,5;1015,7;1015,4;0;21,2;14,9;21,3;21,1;15,4;14,5;71;66;69;78;5,2;4,2;
2026/03/23;0200 UTC;0;1015,4;1015,6;1015,1;0;21,3;15,5;21,4;21,1;16,2;15,1;74;68;71;68;6,7;4,7;
2026/03/23;0300 UTC;0;1015,2;1015,5;1014,8;0;21,5;15,1;21,5;21,4;15,5;14,7;71;66;68;63;5,4;3,5;
2026/03/23;0400 UTC;0;1014,6;1014,8;1014,4;0;21,6;15,1;21,7;21,5;15,7;14,4;71;64;67;73;5,3;3,6;
2026/03/23;0500 UTC;0;1014,3;1014,7;1013,8;0;21,4;15,6;21,5;21,2;16;15,2;73;69;71;65;4,8;3,1;
2026/03/23;0600 UTC;0;1013,4;1013,9;1012,9;0;21,5;15,9;21,6;21,4;16,4;15,6;74;70;72;60;6,1;4,1;
2026/03/23;0700 UTC;,4;1012,7;1013,1;1012,1;0;21,1;16,5;21,6;20,1;17,3;15,9;84;72;77;89;6,1;4,5;
2026/03/23;0800 UTC;,2;1012,4;1012,6;1012,1;0;20,5;17,6;20,9;20,1;18,3;16,8;88;83;86;134;6,3;5,1;
2026/03/23;0900 UTC;0;1011,7;1012,6;1010,7;0;20,8;17,3;21;20,5;18,3;16,7;87;80;83;104;9,8;7,7;
2026/03/23;1000 UTC;5;1011;1011,7;1010,4;1,8;20,5;17,9;21,2;20;18,5;17;92;79;87;79;9,3;7;
2026/03/23;1100 UTC;3,2;1011,5;1012,5;1011,1;33,5;20,1;18,8;20,2;19,9;19,2;18,3;95;91;94;67;10,9;6,6;
2026/03/23;1200 UTC;,4;1012,4;1012,8;1011,8;144,9;20,2;18,9;20,4;19,9;19,2;18,6;94;93;93;86;10,3;7,6;
2026/03/23;1300 UTC;,4;1011,6;1011,9;1011,3;394;20,4;19,3;20,6;20,2;19,7;18,8;95;93;94;79;8,2;5,8;
2026/03/23;1400 UTC;1,6;1012;1012,5;1011,4;211,2;20,2;18,7;20,5;19,8;19,2;18;94;90;92;81;8,6;5,6;
2026/03/23;1500 UTC;5;1011,8;1012,3;1011;226,9;19,7;18,7;20,2;19,1;19,5;17,8;96;93;95;85;10,7;8,1;
2026/03/23;1600 UTC;2,8;1010,5;1011,1;1009,8;409,9;18,7;17,5;19,3;18,4;18,5;17;96;91;94;108;10,2;8;
2026/03/23;1700 UTC;,8;1009,5;1009,8;1009;740,9;19,5;18,4;20,2;18,7;18,8;17,6;96;92;94;113;9,8;7;
2026/03/23;1800 UTC;0;1009;1009,3;1008,8;668,1;20,2;18,2;20,4;19,8;18,8;17,7;93;88;90;139;9,2;7,6;
2026/03/23;1900 UTC;0;1009;1009,1;1008,8;627,5;20,2;18,1;20,6;19,8;18,5;17,6;92;87;89;157;8,2;6,4;
2026/03/23;2000 UTC;0;1009,1;1009,3;1008,5;311,9;20,4;18,3;20,6;20,2;18,9;17,8;92;86;89;184;6,8;5,1;
2026/03/23;2100 UTC;0;1006,7;1008,5;1005,1;195,9;20,3;18,3;20,4;20,1;18,5;18;91;89;90;71;7,6;4,6;
2026/03/23;2200 UTC;0;1006;1007;1005,3;32,9;20,4;18,2;20,6;20,2;18,7;17,9;92;87;89;253;3,3;,8;
2026/03/23;2300 UTC;0;1007,7;1008,4;1006,5;0;19,7;18,2;20,2;19,2;18,8;17,5;94;91;92;236;8,2;5,3;
2026/03/24;0000 UTC;,2;1008,8;1009,2;1008,4;0;19,4;17,5;19,5;19,3;17,7;17,4;91;90;91;230;6,7;3,9;
2026/03/24;0100 UTC;0;1009,5;1009,6;1009,3;0;19,2;17,7;19,5;18,9;17,8;17,7;94;91;92;239;5,6;3,5;
2026/03/24;0200 UTC;0;1009,8;1010;1009,5;0;18,7;17,7;18,9;18,3;17,8;17,5;96;94;95;256;4,6;2,4;
2026/03/24;0300 UTC;0;1010;1010,2;1009,9;0;17,7;17;18,3;17,1;17,5;16,4;97;96;96;284;3,8;2,2;
2026/03/24;0400 UTC;0;1010,3;1010,5;1010,1;0;16,6;15,8;17,1;16,2;16,4;15,2;97;95;96;267;5,9;3,9;
2026/03/24;0500 UTC;0;1010,7;1010,9;1010,4;0;15,9;14,9;16,2;15,6;15,2;14,6;95;94;95;279;6;4;
2026/03/24;0600 UTC;0;1010,9;1011,1;1010,7;0;15,2;14,4;15,6;14,9;14,6;14,2;97;95;96;279;5,4;3,6;
2026/03/24;0700 UTC;0;1010,8;1011;1010,7;0;14,7;14,1;14,9;14,5;14,3;13,9;97;97;97;270;5,8;3,7;
2026/03/24;0800 UTC;0;1010,8;1011;1010,7;0;14,3;13,9;14,5;14,2;14;13,7;98;97;98;270;5,5;4;
2026/03/24;0900 UTC;0;1011;1011,2;1010,9;0;13,9;13,2;14,3;13,5;13,8;12,6;98;95;97;276;5;3,6;
2026/03/24;1000 UTC;0;1011,5;1011,9;1011,2;10,5;13,3;12,1;13,5;13,2;12,6;11,6;95;92;94;274;5,8;3,8;
2026/03/24;1100 UTC;0;1012,2;1012,6;1011,9;381,3;13,8;11,4;15;13,2;11,8;10,5;92;79;88;263;6,8;3,6;
2026/03/24;1200 UTC;0;1013;1013,5;1012,6;1303,7;16,1;11,1;17,4;15,1;11,9;10,2;78;69;75;252;6,8;4;
2026/03/24;1300 UTC;0;1013,7;1013,9;1013,5;1650,1;18,6;12;19,7;17,5;13,3;11,1;71;63;67;238;6,4;3,6;
2026/03/24;1400 UTC;0;1014;1014,2;1013,8;2688,7;20,3;12,4;20,9;19,4;13,6;11,8;68;55;61;214;8,2;5,4;
2026/03/24;1500 UTC;0;1014,4;1014,6;1014,3;3212,9;22,3;13,6;23,7;21,1;15,1;12,3;61;52;57;187;7,8;5,1;
2026/03/24;1600 UTC;0;1014,3;1014,5;1014,2;3292,5;23,4;14,4;23,8;23,1;15,1;13,8;58;53;55;174;6,7;4,8;
2026/03/24;1700 UTC;0;1014,3;1014,4;1014,2;3188,1;23,6;14,7;24;22,8;15,2;14;60;53;56;168;6,1;4;
2026/03/24;1800 UTC;0;1014,1;1014,2;1013,8;2825,7;22,9;14,4;23,6;21,9;14,9;13,8;62;54;58;157;5,9;4,6;
2026/03/24;1900 UTC;0;1013,9;1013,9;1013,8;2246,3;22,2;14,1;23,1;21,4;14,7;13,5;62;55;59;156;5;4;
2026/03/24;2000 UTC;0;1013,9;1013,9;1013,8;1493,4;21,2;13,6;22,1;20,6;14,2;13;65;58;62;146;5,7;4,1;
2026/03/24;2100 UTC;0;1014;1014;1013,9;676,9;20,3;13,1;20,9;19,9;13,6;12,5;66;61;64;160;4,8;3,6;
2026/03/24;2200 UTC;0;1014,1;1014,2;1014;77,9;19,2;12,7;20;18,7;13,3;12,5;71;63;68;156;5,1;3,9;
2026/03/24;2300 UTC;0;1014,3;1014,5;1014,1;0;18,6;12,6;18,9;18;13,1;12,3;72;68;70;118;4,1;2,9;
2026/03/25;0000 UTC;0;1014,7;1014,9;1014,5;0;17,9;12,3;18,1;17,8;12,6;12;73;71;72;95;3,8;2,5;
2026/03/25;0100 UTC;0;1015,1;1015,2;1015;0;18,1;12,3;18,5;17,9;12,5;12;73;69;71;94;4;2,9;
2026/03/25;0200 UTC;0;1015,2;1015,3;1015,1;0;16,8;12,3;18,1;15,2;12,7;12,1;86;70;78;208;2,5;2;
2026/03/25;0300 UTC;0;1015,3;1015,5;1015,2;0;15,3;12,7;15,5;15,1;12,8;12,5;88;85;87;354;2,8;2,4;
2026/03/25;0400 UTC;0;1015,7;1015,8;1015,5;0;15;12,4;15,3;14,8;12,6;12,3;88;86;87;341;2,8;2,4;
2026/03/25;0500 UTC;0;1015,8;1015,9;1015,7;0;14,6;12,2;14,9;14,4;12,3;12,1;89;86;88;333;3,2;2,9;
2026/03/25;0600 UTC;0;1015,8;1015,9;1015,7;0;14,3;12,2;14,5;14,1;12,4;12;90;89;90;331;2,7;2,3;
2026/03/25;0700 UTC;0;1016;1016,1;1015,9;0;14,1;12,1;14,4;13,8;12,3;11,8;91;88;90;321;3,3;3;
2026/03/25;0800 UTC;0;1016,2;1016,4;1015,9;0;13,9;12;14,1;13,5;12,2;11,7;92;89;91;309;3,1;2,8;
2026/03/25;0900 UTC;0;1016,7;1017;1016,4;0;13,7;12;13,9;13,5;12,2;11,8;93;91;92;313;3,3;3,1;
2026/03/25;1000 UTC;0;1017,3;1017,6;1017;10,8;13,7;11,9;14;13,5;12,1;11,8;92;90;91;301;3,2;2,4;
2026/03/25;1100 UTC;0;1017,7;1018;1017,6;454,2;15,3;12,7;17;13,6;13,4;12;93;81;87;290;3,4;2,4;
2026/03/25;1200 UTC;0;1018,3;1018,4;1018;1273,3;18,3;13,8;19,8;17;14,5;13,3;83;70;78;267;2,8;1,7;
2026/03/25;1300 UTC;0;1018,5;1018,6;1018,3;1593;20,7;14,4;21,3;19,8;15,1;13,7;72;63;69;309;2,3;1,4;
2026/03/25;1400 UTC;0;1018,6;1018,7;1018,6;2743,9;22,9;15,2;23,9;21,1;16,2;13,9;66;54;62;177;3;2;
2026/03/25;1500 UTC;0;1018,5;1018,7;1018,3;3088;23,5;15,2;24,1;23;16;14,5;63;55;58;133;3,7;2,4;
2026/03/25;1600 UTC;0;1018,1;1018,3;1017,7;3246,8;23,4;15,2;23,8;23;15,8;14,4;62;56;59;111;4,5;3,3;
2026/03/25;1700 UTC;0;1017,4;1017,7;1017,1;3171,5;23,9;15,9;24,2;23,6;16,3;15,3;62;57;60;92;5,2;3,6;
2026/03/25;1800 UTC;0;1016,9;1017,2;1016,4;2830,2;23,7;15,8;24,1;23,1;16,4;15,3;64;58;60;72;6;4,4;
2026/03/25;1900 UTC;0;1016,8;1017;1016,5;2251,5;23,5;15,8;23,9;23,1;16,2;15,3;65;59;61;90;5,8;4,2;
2026/03/25;2000 UTC;0;1016,7;1016,8;1016,6;1494,1;23;15,7;23,4;22,5;16,1;15,4;67;60;64;88;5,3;3,9;
2026/03/25;2100 UTC;0;1016,8;1016,9;1016,7;674,6;21,9;15,3;22,6;21,2;16;14,5;70;65;67;79;4,9;3,5;
2026/03/25;2200 UTC;0;1017,1;1017,3;1016,8;75,6;20,4;14,8;21,1;20,1;15,1;14,3;74;69;72;71;5,3;3,9;
2026/03/25;2300 UTC;0;1017,6;1017,9;1017,3;0;19,7;14,4;20,1;18,9;14,7;14,2;77;71;74;26;3,5;2,5;
2026/03/26;0000 UTC;0;1018,1;1018,4;1017,8;0;18,3;14,3;18,8;17,9;14,4;14,1;82;77;80;24;3,8;2,7;
2026/03/26;0100 UTC;0;1018,5;1018,6;1018,4;0;17,9;14,3;18,3;17,7;14,4;14,1;83;80;82;34;4,4;2,9;
2026/03/26;0200 UTC;0;1018,6;1018,7;1018,5;0;17,4;14,2;18,1;16,9;14,4;14,1;86;81;84;26;3,1;2,4;
2026/03/26;0300 UTC;0;1018,4;1018,5;1018,3;0;16,7;14,2;16,9;16,4;14,3;14;89;86;88;23;3,2;2,7;
2026/03/26;0400 UTC;0;1018,4;1018,5;1018,3;0;16,4;14,2;16,5;16,1;14,4;13,9;90;88;89;347;3,2;2,4;
2026/03/26;0500 UTC;0;1018,3;1018,4;1018,1;0;16;13,9;16,2;15,4;14,1;13,3;91;89;90;338;2,2;1,9;
2026/03/26;0600 UTC;0;1018;1018,1;1017,9;0;14,7;13,4;15,4;14,2;13,8;13;95;91;93;300;2;1,6;
2026/03/26;0700 UTC;0;1017,9;1018;1017,8;0;14,8;13,7;15,2;14,2;13,9;13,2;96;93;94;265;3,4;2,6;
2026/03/26;0800 UTC;0;1017,9;1018;1017,8;0;14,9;13,7;15,4;14,4;14,1;13,2;96;92;94;229;2,6;2,1;
2026/03/26;0900 UTC;0;1018,1;1018,4;1017,9;0;15,5;14;16,3;14,6;14,3;13,6;95;90;92;220;3,4;2,9;
2026/03/26;1000 UTC;0;1018,6;1018,8;1018,4;9,9;15,8;14,4;16,3;15;15,2;13,9;97;89;93;201;2,2;,8;
2026/03/26;1100 UTC;0;1019;1019,5;1018,8;420,5;18,5;15,8;20,8;15,5;16,2;14,6;98;76;86;116;4,2;3,3;
2026/03/26;1200 UTC;0;1019,5;1019,6;1019,4;1227,1;21,7;16,3;22,5;20,9;16,6;15,8;77;68;73;117;5;3,8;
2026/03/26;1300 UTC;0;1019,7;1019,8;1019,6;1596,2;23,2;16,6;24;22,5;17,2;16;69;64;67;115;4,8;3,7;
2026/03/26;1400 UTC;0;1019,8;1019,9;1019,7;2619,3;23,9;17,3;24,2;23,7;17,8;16,7;70;64;67;123;6,3;4,4;
2026/03/26;1500 UTC;0;1019,7;1019,8;1019,6;3017,6;24,6;17,8;24,9;24,1;18,2;17,4;68;63;66;121;5,3;4,2;
2026/03/26;1600 UTC;0;1019,6;1019,7;1019,3;3188,4;24,7;18;25;24,3;18,4;17,7;68;65;67;121;5,7;4,5;
2026/03/26;1700 UTC;0;1019,2;1019,4;1019;3097,2;25;18,4;25,4;24,7;18,9;17,8;69;65;67;112;5,6;4,3;
2026/03/26;1800 UTC;0;1018,8;1019;1018,4;2756,7;25;18,7;25,2;24,7;19;18,4;70;66;68;110;5,8;4,3;
2026/03/26;1900 UTC;0;1018,3;1018,5;1018,1;2210,4;24,8;18,8;25,1;24,5;19,3;18,5;72;67;70;107;6;4,7;
2026/03/26;2000 UTC;0;1018,1;1018,2;1017,9;1325,8;24,1;18,8;24,7;23,7;19,1;18,5;75;70;73;111;6,5;5;
2026/03/26;2100 UTC;0;1017,9;1017,9;1017,7;651,8;23,2;18,6;23,9;22,6;18,9;18,4;80;74;77;111;5,9;4,6;
2026/03/26;2200 UTC;0;1017,8;1017,8;1017,7;59,2;21,8;18,5;22,6;21,5;18,7;18,2;85;80;83;106;6;4,7;
2026/03/26;2300 UTC;0;1018,1;1018,4;1017,7;0;21,5;18,1;21,6;21,4;18,4;17,8;84;82;83;88;3,9;2,8;
2026/03/27;0000 UTC;0;1018,5;1018,7;1018,4;0;21,7;18,7;21,9;21,5;19,1;18,2;86;83;85;88;4,7;3,4;
2026/03/27;0100 UTC;0;1018,6;1018,7;1018,6;0;22;19,2;22,2;21,9;19,7;18,9;88;85;86;99;5,3;3,9;
2026/03/27;0200 UTC;0;1018,6;1018,8;1018,4;0;22,2;19,5;22,3;22;19,8;19,2;88;85;87;82;6,1;4,2;
2026/03/27;0300 UTC;0;1018,3;1018,4;1018,2;0;22,3;19,5;22,4;22,1;19,8;19,4;88;86;86;85;5,7;4,4;
2026/03/27;0400 UTC;0;1018,2;1018,3;1018,1;0;21,8;19,9;22,2;21,6;20,1;19,7;91;88;90;97;6,5;4,4;
2026/03/27;0500 UTC;0;1017,9;1018,1;1017,8;0;21,9;19,9;22;21,8;20,3;19,4;92;87;90;75;6,5;4,6;
2026/03/27;0600 UTC;0;1017,7;1017,9;1017,4;0;22,2;19,6;22,3;22,1;19,7;19,4;88;86;87;82;6;4,1;
2026/03/27;0700 UTC;0;1017,4;1017,5;1017,2;0;22,1;19,7;22,2;22,1;19,9;19,4;89;87;88;78;4,7;3,5;
2026/03/27;0800 UTC;0;1017,2;1017,3;1017,1;0;22,2;19,5;22,3;22,1;19,8;19,3;88;86;86;83;5,3;4;
2026/03/27;0900 UTC;0;1017,2;1017,3;1017,1;0;22,3;19,8;22,4;22,2;20,1;19,6;88;87;87;86;6,4;4,6;
2026/03/27;1000 UTC;0;1017,5;1017,7;1017,3;8;22,4;20,3;22,4;22,3;20,5;19,9;91;88;89;75;6,2;4,2;
2026/03/27;1100 UTC;0;1017,9;1018,2;1017,7;204,2;22,7;20,7;22,9;22,3;21;20,4;91;90;90;78;5,6;4,2;
2026/03/27;1200 UTC;0;1018,6;1018,8;1018,2;439,8;23,1;21,2;23,3;22,8;21,4;21;92;90;91;90;4,5;3,7;
2026/03/27;1300 UTC;0;1018,8;1018,9;1018,8;655;23,2;21,9;24;22,9;22,4;21,4;95;90;93;99;4,2;3;
2026/03/27;1400 UTC;0;1018,8;1018,9;1018,7;1053,7;24,2;22;24,8;23,9;22,4;21,8;90;86;89;104;3,6;2,7;
2026/03/27;1500 UTC;0;1018,5;1018,7;1018,3;1214,7;24,9;22,1;25,2;24,6;22,3;21,9;88;85;86;104;3,5;2,4;
2026/03/27;1600 UTC;0;1018;1018,3;1017,6;1571,4;25,4;22,1;26,2;25;22,6;21,8;86;80;84;109;5,2;4;
2026/03/27;1700 UTC;0;1017,4;1017,6;1017,2;2655,4;26,6;22,6;27,3;25,5;23;22,1;84;77;80;106;5,5;4,2;
2026/03/27;1800 UTC;0;1017;1017,2;1016,8;2200,9;26,2;22,5;26,9;25,4;22,9;22,1;84;79;81;114;5,8;4,6;
2026/03/27;1900 UTC;0;1016,8;1016,9;1016,6;2062,8;26,3;22,3;26,7;25,2;22,6;21,8;84;79;80;108;6,9;5,8;
2026/03/27;2000 UTC;0;1016,6;1016,7;1016,5;947,8;25,1;22,1;26;24,6;22,3;21,9;88;81;85;93;6,3;4,4;
2026/03/27;2100 UTC;0;1016,5;1016,6;1016,5;258,2;24,1;22,1;24,6;23,7;22,3;21,9;92;88;90;99;6,1;4,4;
2026/03/27;2200 UTC;0;1016,8;1016,9;1016,6;20,1;23,5;22,1;23,7;23,4;22,2;22;94;92;93;93;5,3;4;
2026/03/27;2300 UTC;0;1017,1;1017,5;1016,8;0;23,5;22,3;23,5;23,4;22,4;22,1;95;94;94;93;5;3,7;
2026/03/28;0000 UTC;0;1017,5;1017,7;1017,4;0;23,3;22,4;23,4;23,2;22,6;22,3;96;95;96;92;5,8;4,5;
2026/03/28;0100 UTC;0;1018;1018,2;1017,7;0;23,4;22,7;23,4;23,2;22,8;22,6;97;96;97;112;4,8;3,5;
2026/03/28;0200 UTC;0;1018,1;1018,2;1018;0;23,2;22,6;23,2;23,2;22,8;22,5;98;97;97;103;6,4;4,9;
2026/03/28;0300 UTC;0;1018,1;1018,2;1017,9;0;23,2;22,8;23,2;23,1;22,8;22,7;98;98;98;111;5,8;4,4;
2026/03/28;0400 UTC;0;1018,1;1018,2;1018;0;23,1;22,8;23,1;23;22,8;22,7;99;98;98;103;4,8;3,3;
2026/03/28;0500 UTC;0;1017,9;1018,1;1017,8;0;23,1;22,9;23,1;23,1;23;22,8;99;99;99;79;4,1;3;
2026/03/28;0600 UTC;0;1017,6;1017,9;1017,4;0;23,1;23;23,2;23,1;23,1;22,9;99;99;99;66;3,2;2,1;
2026/03/28;0700 UTC;0;1017,5;1017,7;1017,4;0;23,2;23,1;23,2;23,2;23,1;23;99;99;99;134;1,9;1,5;
2026/03/28;0800 UTC;0;1017,7;1017,8;1017,6;0;23,1;23;23,2;23,1;23,1;23;100;99;100;160;2,5;1,8;
2026/03/28;0900 UTC;0;1017,8;1018;1017,6;0;23;23;23,1;23;23;22,9;100;100;100;168;2,3;1,8;
2026/03/28;1000 UTC;0;1018,1;1018,5;1017,8;3,1;23,1;23;23,1;23;23,1;23;100;100;100;156;3,3;2,6;
2026/03/28;1100 UTC;0;1018,6;1018,8;1018,3;186,3;23,3;23,2;23,5;23,1;23,4;23;100;99;100;134;1,9;1,5;
2026/03/28;1200 UTC;0;1018,8;1019,2;1018,7;562,6;23,7;23,5;24;23,4;23,8;23,3;100;99;99;113;3,8;2,8;
2026/03/28;1300 UTC;0;1019,3;1019,6;1019,1;1024,3;24,2;23,8;24,4;23,9;24,1;23,6;99;97;98;61;3,9;2,7;
2026/03/28;1400 UTC;0;1019,5;1019,6;1019,3;1554,9;24,5;23,7;25,2;24,1;24,4;23,3;98;92;96;69;4,1;2,8;
2026/03/28;1500 UTC;0;1019,6;1019,9;1019,3;1750,6;25,7;23,6;26,2;25,1;24,1;23,4;94;87;90;130;4,8;4,2;
2026/03/28;1600 UTC;0;1019,7;1020;1019,4;714,2;24,6;23,5;25;24,3;23,6;23,3;95;92;94;150;6,6;4,9;
2026/03/28;1700 UTC;0;1019,2;1019,5;1019;962,7;24,4;23,4;24,6;24,2;23,6;23,3;96;94;95;130;5,4;4,6;
2026/03/28;1800 UTC;0;1018,9;1019,1;1018,7;862,6;24,6;23,5;24,9;24,4;23,6;23,3;95;92;94;121;6,9;4,9;
2026/03/28;1900 UTC;0;1018,6;1018,8;1018,3;406,2;24,3;23,1;24,7;24,2;23,3;23;94;92;94;124;6,3;4,9;
2026/03/28;2000 UTC;0;1018,5;1018,7;1018,3;213,2;24;22,8;24,2;23,9;23;22,7;94;94;94;109;5,9;4,6;
2026/03/28;2100 UTC;0;1018,6;1019,1;1017,9;112,7;23,8;22,8;24;23,7;22,8;22,7;95;94;95;82;5,3;2,9;
2026/03/28;2200 UTC;0;1018,5;1018,9;1018;20,7;23,6;22,7;23,7;23,5;22,8;22,6;96;95;95;109;5,4;4,1;
2026/03/28;2300 UTC;0;1018,5;1018,9;1018,3;0;23,5;22,8;23,5;23,5;22,8;22,7;97;96;96;93;5,6;4,5;
2026/03/29;0000 UTC;0;1019;1019,1;1018,9;0;23,5;22,9;23,5;23,5;22,9;22,8;97;97;97;48;5,5;3,6;
2026/03/29;0100 UTC;0;1019;1019,1;1018,9;0;23,5;22,9;23,6;23,5;23;22,8;97;96;97;72;4,5;2,8;
2026/03/29;0200 UTC;0;1019;1019,3;1018,9;0;23,5;22,9;23,6;23,4;22,9;22,8;97;96;97;70;3,2;2,2;
2026/03/29;0300 UTC;0;1018,9;1019;1018,8;0;23,4;22,9;23,4;23,3;22,9;22,8;98;97;97;61;3,7;2,6;
2026/03/29;0400 UTC;0;1019,1;1019,3;1018,9;0;23,2;22,8;23,3;23;22,9;22,6;98;98;98;31;2,3;1,7;
2026/03/29;0500 UTC;0;1018,9;1019,2;1018,3;0;23,1;22,7;23,2;22,9;22,9;22,6;99;98;98;53;2,1;1,2;
2026/03/29;0600 UTC;0;1018,1;1018,3;1017,9;0;22,9;22,6;23,2;22,7;22,9;22,4;99;98;99;34;2,1;1,2;
2026/03/29;0700 UTC;0;1017,8;1018;1017,7;0;23,1;22,9;23,2;22,8;23;22,6;99;99;99;48;1,6;,7;
2026/03/29;0800 UTC;0;1017,7;1017,8;1017,6;0;23,2;23,1;23,3;23,1;23,1;23;99;99;99;55;1,2;,6;
2026/03/29;0900 UTC;0;1018,1;1018,5;1017,8;0;23,3;23,2;23,4;23,2;23,3;23,1;100;99;99;129;2,4;1,6;
2026/03/29;1000 UTC;0;1018,5;1018,7;1018,3;3;23,4;23,3;23,5;23,2;23,4;23,1;100;99;100;126;4,7;3,6;
2026/03/29;1100 UTC;0;1018,7;1018,9;1018,4;125;23,3;23,2;23,5;23,2;23,4;23,1;100;99;100;105;3,1;2,1;
2026/03/29;1200 UTC;0;1018,9;1019,1;1018,8;315,4;23,6;23,5;23,7;23,5;23,6;23,3;100;99;99;91;3,5;2,5;
2026/03/29;1300 UTC;0;1019,2;1019,3;1019,1;522,8;23,9;23,7;24,2;23,6;23,9;23,5;99;98;99;82;3,8;2,7;
2026/03/29;1400 UTC;0;1019,4;1019,5;1019,3;804,5;24,3;23,8;24,4;24,2;24,1;23,7;99;97;98;90;4,2;3,2;
2026/03/29;1500 UTC;0;1019,4;1019,6;1019,1;626,6;24,4;23,7;24,6;24,2;23,9;23,6;97;95;97;79;4,6;3,1;
2026/03/29;1600 UTC;0;1019;1019,2;1018,7;373,2;24,3;23,6;24,6;24,1;23,7;23,5;97;95;97;96;6;4,7;
2026/03/29;1700 UTC;0;1018,7;1018,8;1018,5;208;24;23,5;24,1;23,9;23,5;23,4;98;97;97;102;6,5;4,8;
2026/03/29;1800 UTC;0;1017,9;1018,4;1017,6;512,7;24;23,6;24,2;23,9;23,7;23,4;98;97;98;104;8;6,3;
2026/03/29;1900 UTC;0;1018;1018,4;1017,8;309,7;23,8;23,4;24;23,7;23,5;23,3;98;98;98;89;7,6;5,6;
2026/03/29;2000 UTC;1,6;1018;1018,3;1017,6;81,7;23,5;23,2;23,7;23,4;23,3;23,2;99;98;98;75;6,5;4,8;
2026/03/29;2100 UTC;0;1017,8;1018,1;1017,5;37,2;23,4;23,1;23,4;23,4;23,2;23,1;99;99;99;72;5,3;4;
2026/03/29;2200 UTC;1,8;1018,1;1018,5;1017,3;,8;23,3;23;23,4;23,2;23,1;23;99;99;99;47;7,1;4,9;
2026/03/29;2300 UTC;0;1017,7;1018,4;1017,2;0;23,3;23;23,3;23,2;23,1;22,9;99;98;99;80;5,2;3,7;
2026/03/30;0000 UTC;0;1018,5;1018,7;1018,2;0;23,3;23,1;23,4;23,3;23,1;23,1;99;99;99;72;5,5;4;
2026/03/30;0100 UTC;0;1018,7;1018,8;1018,5;0;23,3;23,1;23,4;23,2;23,1;23;99;99;99;66;5,4;3,8;
2026/03/30;0200 UTC;,2;1018,7;1018,8;1018,5;0;23,2;23;23,2;23,2;23;23;99;99;99;105;5,7;4;
2026/03/30;0300 UTC;0;1018,8;1018,9;1018,7;0;23,1;23;23,2;23,1;23;23;99;99;99;86;6,1;4,2;
2026/03/30;0400 UTC;0;1018,6;1018,9;1018,3;0;22,6;22,4;23,1;22,3;23;21,9;99;98;99;75;7,8;5,7;
2026/03/30;0500 UTC;0;1018,2;1018,4;1017,8;0;22,4;21,6;22,5;22,3;21,9;21,2;98;94;96;41;6,3;4;
2026/03/30;0600 UTC;0;1017,8;1018,1;1017,5;0;22,4;21,5;22,5;22,3;21,7;21,2;96;94;95;63;5,9;3,5;
2026/03/30;0700 UTC;0;1017,6;1017,7;1017,4;0;22,6;21,9;22,6;22,4;22,1;21,6;97;96;97;52;3,9;2,4;
2026/03/30;0800 UTC;0;1017,5;1017,6;1017,4;0;22,6;22,1;22,7;22,6;22,2;22,1;98;97;97;63;4;2,6;
2026/03/30;0900 UTC;0;1017,4;1017,8;1017,3;0;22,5;22,1;22,6;22,5;22,2;22;98;98;98;91;4;3;
2026/03/30;1000 UTC;0;1018,1;1018,3;1017,8;1,7;22,7;22,2;22,7;22,6;22,3;22,2;98;98;98;104;3,8;2,8;
2026/03/30;1100 UTC;0;1018,5;1018,8;1018,2;90,6;22,8;22,4;23;22,7;22,5;22,3;98;98;98;85;4,3;2,9;
2026/03/30;1200 UTC;0;1019;1019,2;1018,7;305,8;23,3;22,8;23,6;23;23;22,5;98;97;97;93;4,5;3,2;
2026/03/30;1300 UTC;0;1019,2;1019,3;1019;661,1;23,8;23;24,4;23,5;23,4;22,8;97;94;96;74;4,7;3,4;
2026/03/30;1400 UTC;0;1018,9;1019,1;1018,8;2036,6;25,7;23,5;26,2;24,6;24;23,2;94;86;89;82;6,5;4,7;
2026/03/30;1500 UTC;0;1019;1019;1018,9;1953,8;25,6;23,1;26;25,2;23,6;22,8;89;85;88;70;7,8;5,9;
2026/03/30;1600 UTC;0;1018,7;1019;1018,3;1974,8;25,5;22,9;25,9;25,3;23,1;22,7;88;85;87;60;8,5;6;
2026/03/30;1700 UTC;0;1018,1;1018,4;1017,7;2466,7;25,8;22,9;26,2;25,4;23,4;22,6;88;83;86;64;8,2;5,2;
2026/03/30;1800 UTC;0;1017,5;1017,8;1017,3;2577,7;26;22,8;26,3;25,7;23,2;22,5;86;82;84;69;7,4;5,4;
2026/03/30;1900 UTC;0;1017,2;1017,3;1017,1;1819,3;25,8;22,7;26,2;25,1;23,1;22,4;87;82;84;78;6,2;4,3;
2026/03/30;2000 UTC;0;1016,8;1017,1;1016,7;960,5;24,8;22,5;25,1;24,3;22,7;22,3;90;87;88;71;6,5;4,8;
2026/03/30;2100 UTC;0;1016,6;1016,7;1016,5;466;24,3;22,6;25;23,6;22,7;22,5;95;88;92;68;6,8;5;
2026/03/30;2200 UTC;0;1016,6;1016,7;1016,5;22,9;23,4;22,7;23,6;23,3;22,7;22,5;96;95;96;61;7,1;4,4;
2026/03/30;2300 UTC;0;1016,9;1017;1016,7;0;23,1;22,5;23,3;23;22,6;22,3;97;96;97;69;6,8;5,2;
2026/03/31;0000 UTC;0;1017;1017,1;1016,9;0;23,1;22,5;23,2;23;22,5;22,4;97;97;97;63;6,3;4,4;
2026/03/31;0100 UTC;0;1016,9;1017;1016,8;0;23,1;22,5;23,1;23;22,6;22,4;98;97;97;57;6,1;4;
2026/03/31;0200 UTC;0;1017;1017,1;1016,9;0;23,2;22,6;23,2;23;22,6;22,4;97;97;97;54;5,6;3,6;
2026/03/31;0300 UTC;0;1016,8;1017;1016,6;0;23,2;22,5;23,2;23,2;22,6;22,5;97;97;97;53;6,1;4;
2026/03/31;0400 UTC;0;1016,6;1016,7;1016,5;0;23,1;22,4;23,2;23,1;22,5;22,3;97;96;97;48;5,2;3,5;
2026/03/31;0500 UTC;0;1016,3;1016,5;1016,1;0;22,8;22;23,1;22,7;22,4;21,5;97;94;96;41;5,6;3,8;
2026/03/31;0600 UTC;0;1016;1016,1;1015,8;0;22,8;22;22,8;22,6;22,1;21,5;97;94;96;37;4,3;3;
2026/03/31;0700 UTC;0;1015,6;1015,8;1015,6;0;22,5;22;22,7;22,4;22,1;21,9;98;97;97;40;2,9;1,8;
2026/03/31;0800 UTC;0;1015,5;1015,7;1015,4;0;22,6;22,2;22,7;22,5;22,4;22,1;98;98;98;64;4,2;2,5;
2026/03/31;0900 UTC;0;1015,4;1015,5;1015,4;0;22,7;22,4;22,7;22,6;22,4;22,3;99;98;99;57;4,2;2,9;
2026/03/31;1000 UTC;0;1015,7;1015,9;1015,4;7,8;22,6;22,3;22,7;22,6;22,4;22,3;99;98;99;42;4,2;3;
2026/03/31;1100 UTC;0;1015,9;1016,1;1015,7;252,7;23;22,7;23,4;22,7;23;22,4;98;98;98;54;4,8;2,9;
2026/03/31;1200 UTC;0;1016,2;1016,3;1016;926,7;24;23;24,7;23,4;23,4;22,8;98;92;95;60;6,1;4,3;
2026/03/31;1300 UTC;0;1016,4;1016,5;1016,2;1356,8;25;23;25,4;24,6;23,3;22,7;92;88;90;60;8,3;5,8;
2026/03/31;1400 UTC;0;1016,1;1016,3;1015,9;1789,1;25,3;22,9;25,8;24,9;23,2;22,5;90;85;88;61;8,3;6,1;
2026/03/31;1500 UTC;0;1015,8;1015,9;1015,7;2079,1;25,3;22,8;26,4;24,7;23,5;22,4;91;81;87;55;10,3;6,5;
2026/03/31;1600 UTC;0;1015,4;1015,7;1015,1;2018,9;25,6;22,4;26,4;24,9;22,8;22,1;87;82;84;58;9,1;6,4;
2026/03/31;1700 UTC;0;1014,7;1015,1;1014,5;2573,6;25,9;22,5;26,2;25,4;22,7;22,3;85;82;83;59;10,5;7,5;
2026/03/31;1800 UTC;0;1014,2;1014,5;1014;2157,9;25,8;22,3;26,1;25,1;22,7;22;86;80;83;57;10,6;7,2;
2026/03/31;1900 UTC;0;1013,9;1014,1;1013,9;1575,1;25,5;21,9;26,1;25,1;22,2;21,7;84;80;82;56;11,2;7,8;
2026/03/31;2000 UTC;0;1013,8;1013,9;1013,7;1049,7;25;21,7;25,4;24,3;21,9;21,6;87;81;84;51;10,1;6,9;
2026/03/31;2100 UTC;0;1013,7;1013,8;1013,6;463,2;24,5;21,7;24,9;24,1;21,8;21,5;89;84;86;50;10,8;6,7;
2026/03/31;2200 UTC;0;1013,8;1013,9;1013,5;34,5;23,8;21,7;24,1;23,6;21,9;21,5;90;89;90;44;8,5;5,2;
2026/03/31;2300 UTC;0;1013,9;1014;1013,9;0;23,6;21,2;23,6;23,5;21,5;21,1;89;88;88;38;7,9;5,2;
2026/04/01;0000 UTC;0;1014,2;1014,4;1014;0;23,3;21,3;23,5;23,2;21,4;21,2;90;89;90;38;7,4;5,1;
2026/04/01;0100 UTC;0;1014,5;1014,6;1014,3;0;23,3;21,2;23,3;23,2;21,3;21,2;90;89;90;41;8,9;5,3;
2026/04/01;0200 UTC;0;1014,7;1014,8;1014,5;0;23,1;21,3;23,2;22,9;21,4;21;91;90;91;36;8,2;4,9;
2026/04/01;0300 UTC;0;1014,7;1014,8;1014,4;0;22,8;20,8;22,9;22,6;21;20,7;91;90;90;31;6,8;4,2;
2026/04/01;0400 UTC;0;1014,1;1014,4;1013,6;0;22,4;20,6;22,6;22,3;20,7;20,4;91;90;91;31;7,3;4,3;
2026/04/01;0500 UTC;0;1013,3;1013,6;1012,9;0;22,2;20,3;22,4;22,1;20,4;20,2;91;90;90;27;6,6;4,2;
2026/04/01;0600 UTC;0;1012,7;1013,1;1012,4;0;21,8;20,2;22,1;21,4;20,3;20,1;93;91;92;30;5,3;3,3;
2026/04/01;0700 UTC;0;1012,6;1012,8;1012,4;0;21;19,8;21,4;20,4;20,1;19,5;96;93;94;276;2,4;1,8;
2026/04/01;0800 UTC;0;1013;1013,3;1012,8;0;20;19,2;20,4;19,2;19,6;18,5;98;96;96;227;1,6;,9;
2026/04/01;0900 UTC;0;1013,4;1013,5;1013,3;0;19,3;18,8;20,3;18,5;20,1;17,9;100;97;98;56;2,8;2,3;
2026/04/01;1000 UTC;0;1013,5;1013,7;1013,3;7,6;20;19,5;20,3;19,5;19,9;18,9;98;97;97;57;2,4;1,8;
2026/04/01;1100 UTC;0;1013,8;1013,9;1013,8;336,3;21,4;20,5;22,7;19,9;21,2;19,2;98;90;95;81;5,5;4,2;
2026/04/01;1200 UTC;0;1014,1;1014,2;1013,8;1099,1;24,1;20,8;25,1;22,8;21,2;20,6;90;79;84;97;3,8;2,6;
2026/04/01;1300 UTC;0;1013,9;1014,1;1013,8;1604,7;25,4;21;26;25,1;21,5;20,7;80;75;78;83;5,3;3,3;
2026/04/01;1400 UTC;0;1013,9;1014,2;1013,6;2486,7;26,1;20,6;26,4;25,7;21,2;19,9;76;69;73;83;4,6;3,3;
2026/04/01;1500 UTC;0;1013,5;1013,7;1013,2;2883,4;26,4;20,5;26,9;25,8;21,3;19,9;74;68;70;73;5,2;3,5;
2026/04/01;1600 UTC;0;1013;1013,2;1012,5;3053,9;26,7;20,6;27,2;26,3;21,2;20,2;72;67;70;92;5,1;3,7;
2026/04/01;1700 UTC;0;1012,3;1012,5;1012,1;2490,3;26,2;20,6;27;24,9;21,1;20,1;76;69;72;89;5,6;4,3;
2026/04/01;1800 UTC;0;1011,9;1012,2;1011,7;2572,6;26,7;20,8;26,9;26,3;21,2;20,5;73;69;71;102;5,7;4,3;
2026/04/01;1900 UTC;0;1011,7;1011,7;1011,6;2016,1;26,2;20,7;26,6;25,9;21;20,4;75;70;73;104;6,2;4,6;
2026/04/01;2000 UTC;0;1011,7;1011,8;1011,5;1285,9;25,5;20,9;26;25,1;21,1;20,7;80;74;77;116;6;4,7;
2026/04/01;2100 UTC;0;1011,6;1011,6;1011,5;466,2;24,2;20,7;25,1;23,5;21;20,5;86;79;82;112;6;4,4;
2026/04/01;2200 UTC;0;1011,4;1011,6;1011,3;32,2;23;20,9;23,5;22,7;21;20,6;91;86;89;107;6,6;5;
2026/04/01;2300 UTC;0;1011,5;1011,7;1011,3;0;22,8;21;22,8;22,7;21,3;20,8;92;90;91;98;7,7;5,9;
2026/04/02;0000 UTC;0;1011,7;1011,8;1011,6;0;22,7;21,2;22,8;22,6;21,3;21;93;92;92;98;6,4;4,8;
2026/04/02;0100 UTC;0;1012,1;1012,3;1011,9;0;22,5;21;22,6;22,4;21,1;20,9;93;92;93;89;5,1;3,9;
2026/04/02;0200 UTC;0;1012,4;1012,5;1012,3;0;22,3;21;22,4;22,1;21,1;20,9;94;93;93;90;3,6;2,8;
2026/04/02;0300 UTC;0;1012,2;1012,3;1012,2;0;22,2;21,2;22,4;22,1;21,4;20,9;95;94;95;75;5,3;4;
2026/04/02;0400 UTC;0;1012,2;1012,4;1012;0;22,3;21,2;22,4;22,3;21,3;21,2;95;94;95;75;4,2;2,9;
2026/04/02;0500 UTC;0;1012,2;1012,3;1012,1;0;22,2;21,1;22,3;21,9;21,3;20,9;95;95;95;82;2,4;1,9;
2026/04/02;0600 UTC;0;1012;1012,1;1011,8;0;20,7;19,9;21,9;19,6;20,9;19,1;97;94;96;301;2,9;2;
2026/04/02;0700 UTC;0;1011,7;1011,8;1011,7;0;19,3;19;19,6;19,1;19,2;18,8;99;97;99;275;4;2,3;
2026/04/02;0800 UTC;0;1011,6;1011,7;1011,6;0;19,3;19,2;19,5;19,2;19,4;19;100;99;99;272;3,2;2,1;
2026/04/02;0900 UTC;0;1011,8;1012;1011,7;0;19,6;19,5;19,7;19,5;19,6;19,4;100;100;100;280;1,7;1,1;
2026/04/02;1000 UTC;0;1012,1;1012,2;1012;4,6;19,6;19,6;19,8;19,5;19,8;19,5;100;100;100;237;2,9;1,7;
2026/04/02;1100 UTC;0;1012,2;1012,3;1012;264,3;20,4;20,3;21,8;19,8;21,6;19,7;100;99;99;196;1,5;1,1;
2026/04/02;1200 UTC;0;1012,8;1013,4;1012,1;1033,1;22,5;21,9;23,1;21,9;22,5;21,4;99;94;97;198;4,7;3,6;
2026/04/02;1300 UTC;0;1013,5;1013,8;1013;1198,8;23,5;21,6;23,9;22,7;22,1;21,3;95;87;91;182;5,1;4;
2026/04/02;1400 UTC;0;1013,8;1014;1013,6;2342,4;25,4;21,7;26,3;23,8;22,1;21,1;88;77;81;183;4,9;4,1;
2026/04/02;1500 UTC;0;1013,7;1014,1;1013,5;2455,1;25,6;21,6;26,7;24,5;22,2;21,1;85;76;80;159;4,2;3,1;
2026/04/02;1600 UTC;0;1013,3;1013,5;1013,1;2843,1;25,3;21,6;26,6;24,1;22,1;20,9;87;76;82;166;4,4;3,5;
2026/04/02;1700 UTC;0;1012,9;1013,4;1012,5;2412,5;25;21,4;26,4;24,1;22;21,1;86;77;82;129;5,8;5,1;
2026/04/02;1800 UTC;0;1012,4;1012,6;1012,2;1913,7;24,5;21,4;25,1;24,2;21,6;21,1;86;82;84;141;5,5;4,6;
2026/04/02;1900 UTC;0;1012,6;1012,7;1012,4;1413,9;24,3;21,1;24,9;24;21,5;20,7;86;81;84;139;5,8;4,8;
2026/04/02;2000 UTC;0;1012,7;1012,8;1012,6;1044,3;24,1;20,6;24,4;23,7;20,9;20,3;85;80;83;127;5,5;4,7;
2026/04/02;2100 UTC;0;1012,6;1012,7;1012,5;523,5;23,9;20,3;24,4;23,2;20,6;19,6;83;80;82;115;4,6;3,7;
2026/04/02;2200 UTC;0;1012,8;1012,9;1012,6;29,4;22,6;19,9;23,2;22,2;20,1;19,7;89;84;87;122;4,6;3,7;
2026/04/02;2300 UTC;0;1013,2;1013,5;1012,9;0;22;19,8;22,2;21,9;20;19,5;90;88;89;111;3,8;2,7;
2026/04/03;0000 UTC;0;1013,6;1013,7;1013,5;0;21,7;19,8;21,9;21,5;19,9;19,7;91;90;90;94;2,4;2;
2026/04/03;0100 UTC;0;1013,9;1014;1013,7;0;21,3;19,6;21,5;20,8;19,9;19,1;92;91;92;116;2,2;1,8;
2026/04/03;0200 UTC;0;1014;1014,2;1013,9;0;21;19,5;21,4;20,3;19,9;18,7;94;91;93;101;2,9;1,8;
2026/04/03;0300 UTC;0;1014;1014,1;1013,9;0;21,3;19,5;21,7;20,6;19,8;18,8;92;90;91;86;1,7;,9;
2026/04/03;0400 UTC;0;1013,8;1014;1013,7;0;20,6;19,2;21;20;19,7;18,6;95;92;93;113;2,6;1,5;
2026/04/03;0500 UTC;0;1013,8;1013,9;1013,6;0;19,6;18,7;20,5;19,2;19,2;18,5;97;93;95;334;2,1;1,8;
2026/04/03;0600 UTC;0;1013,3;1013,6;1013;0;19,3;18,7;19,5;19,2;18,9;18,6;98;97;97;311;2,5;2,3;
2026/04/03;0700 UTC;0;1013;1013;1012,9;0;19,2;18,8;19,3;19,1;18,9;18,6;98;98;98;302;2,4;1,4;
2026/04/03;0800 UTC;0;1013,1;1013,3;1012,9;0;19,3;19;19,5;19,2;19,3;18,8;99;98;98;308;2,4;1,8;
2026/04/03;0900 UTC;0;1013,5;1013,6;1013,3;0;19,4;19,1;19,5;19,3;19,2;19;99;99;99;296;2;1,4;
2026/04/03;1000 UTC;0;1014;1014,3;1013,7;3,4;19,4;19,1;19,4;19,3;19,2;19;99;99;99;292;3,1;2,2;
2026/04/03;1100 UTC;0;1014,4;1014,6;1014,2;208,7;19,6;19,3;20,3;19,3;20;19;99;99;99;289;1,9;1,1;
2026/04/03;1200 UTC;0;1014,9;1015,1;1014,5;746,1;20,8;20,4;21,9;20,4;21,1;20,1;99;96;98;273;2,2;1,5;
2026/04/03;1300 UTC;0;1015,3;1015,5;1015;1494,3;22,9;20,8;23,8;22;21,5;20,1;96;83;89;268;3,6;2,2;
2026/04/03;1400 UTC;0;1015,5;1015,6;1015,3;2205,2;25;20,4;26,5;23,6;21,3;19;85;70;77;237;3,7;2,1;
2026/04/03;1500 UTC;0;1015,1;1015,5;1014,7;2663,1;25,9;21,2;26,4;25,4;21,9;19,6;80;71;77;132;4,1;3,3;
2026/04/03;1600 UTC;0;1014,6;1014,7;1014,5;2797,7;25,9;21;26,4;25,6;21,4;20,8;78;73;76;126;3,6;2,7;
2026/04/03;1700 UTC;0;1014,1;1014,6;1013,7;2532,9;26,1;21,2;26,6;25,7;21,6;20,7;78;73;75;87;4,4;3;
2026/04/03;1800 UTC;0;1013,4;1013,9;1013,2;2383,7;26,2;21,4;27;25,5;22;21;79;73;76;65;5,7;4,2;
2026/04/03;1900 UTC;0;1013,1;1013,2;1013,1;1978,9;25,8;21;26,2;25,6;21,4;20,6;77;74;76;69;6;4,4;
2026/04/03;2000 UTC;0;1013,3;1013,4;1013,2;1270,2;25,5;20,9;26,1;25;21,2;20,6;80;74;77;69;5,5;4;
2026/04/03;2100 UTC;0;1013,4;1013,4;1013,3;480;24,5;20,6;25;23,8;20,8;20,4;84;79;81;63;5,5;4,1;
2026/04/03;2200 UTC;0;1013,5;1013,7;1013,4;25,6;23,4;20,4;23,9;23;20,6;20,2;86;83;85;40;4,6;2,5;
2026/04/03;2300 UTC;0;1013,6;1013,7;1013,5;0;22,8;20,1;23,1;22,4;20,4;20;88;86;87;32;4,5;2,9;
2026/04/04;0000 UTC;0;1013,9;1014;1013,7;0;22,2;20;22,4;22;20,1;19,9;91;88;89;32;4,9;3;
2026/04/04;0100 UTC;0;1014,2;1014,3;1014,1;0;21,9;20;22;21,8;20;19,9;91;90;90;28;4,2;2,7;
2026/04/04;0200 UTC;0;1014;1014,2;1013,9;0;21,8;19,9;21,9;21,8;20,1;19,7;91;89;90;21;4,1;2,9;
2026/04/04;0300 UTC;0;1013,8;1014,1;1013,4;0;21,4;19,6;21,8;20,9;19,7;19,6;93;89;91;152;4,7;3,1;
2026/04/04;0400 UTC;0;1013,7;1013,9;1013,3;0;21,1;19,5;21,3;20,9;19,6;19,4;93;91;92;343;3,8;2,1;
2026/04/04;0500 UTC;0;1013,5;1013,8;1013,3;0;21,1;19,5;21,2;21;19,6;19,3;92;90;92;324;5,3;3,3;
2026/04/04;0600 UTC;0;1013,6;1013,9;1013,3;0;21,4;19,9;21,9;21,1;20,6;19,3;94;90;92;331;4,8;3;
2026/04/04;0700 UTC;0;1013,3;1013,6;1013,1;0;22;21;22,1;21,9;21,3;20,6;97;94;95;318;5,1;3,6;
2026/04/04;0800 UTC;0;1013,3;1013,5;1013;0;21,8;21,2;22;21,7;21,3;21,1;98;96;97;301;4,1;2,5;
2026/04/04;0900 UTC;0;1014,2;1014,5;1013,1;0;21,3;20;21,7;21;21,1;18,5;97;86;93;201;10,2;7,6;
2026/04/04;1000 UTC;0;1014,7;1014,9;1014,5;,9;21,1;18,4;21,2;21;18,7;18,1;88;85;86;187;7,7;6,4;
2026/04/04;1100 UTC;0;1014,8;1015,5;1014,5;119,1;21,2;19;21,4;21;20;18,1;93;85;89;200;11,1;8,7;
2026/04/04;1200 UTC;0;1015,4;1015,7;1015,2;308,6;21,9;19,8;22,4;21,3;20,3;19,2;94;85;89;177;15,6;12,6;
2026/04/04;1300 UTC;0;1015,9;1016,2;1015,7;533,8;21,8;18,8;22,2;21,4;19,4;18,4;87;84;85;175;15,2;12,7;
2026/04/04;1400 UTC;0;1016,8;1017,2;1016,1;364,5;21,2;18,1;21,5;21;18,6;17,7;86;83;84;177;14,8;12;
2026/04/04;1500 UTC;,2;1017,7;1018,3;1017;311,1;20,3;17,1;21,2;19,2;18,2;16,4;89;81;84;187;16,1;12,8;
2026/04/04;1600 UTC;0;1018,3;1018,6;1018;422,3;19,5;15,8;19,6;19,2;16,6;15,2;87;79;81;184;16,4;12,5;
2026/04/04;1700 UTC;0;1018,8;1019,1;1018,5;577,8;19,3;14,7;19,7;18,8;15,6;13,7;80;73;77;183;15,8;12,6;
2026/04/04;1800 UTC;0;1018,8;1018,9;1018,7;685,5;19,2;14;19,5;18,8;14,8;13,1;79;69;74;179;16,6;12,9;
2026/04/04;1900 UTC;0;1019,2;1019,5;1018,7;453,1;19;13,5;19,2;18,8;14;12,9;75;69;72;183;16,1;13,4;
2026/04/04;2000 UTC;0;1019,6;1019,8;1019,3;189,4;18,5;12,8;18,9;18,4;13,3;12;74;68;71;179;17,6;13,1;
2026/04/04;2100 UTC;0;1020;1020,3;1019,5;110,5;18,2;12;18,4;18;12,8;11,3;73;66;69;179;16;12,9;
2026/04/04;2200 UTC;0;1020,2;1020,5;1019,9;12,8;17,8;11;18,1;17,5;12;9,6;70;60;66;173;17,1;13,3;
2026/04/04;2300 UTC;0;1020,8;1021,1;1020,3;0;17,6;10,4;17,8;17,5;11,3;9,5;69;60;64;170;17,1;12,6;
2026/04/05;0000 UTC;0;1021,6;1021,9;1021;0;17,3;9,6;17,6;17,1;10,8;8,3;67;56;61;173;18,8;11,5;
2026/04/05;0100 UTC;0;1022;1022,4;1021,6;0;17,4;9,7;17,7;17,3;10,9;9;67;58;61;178;14;10,9;
2026/04/05;0200 UTC;0;1022,4;1022,6;1022,3;0;17,5;9,9;17,7;17,4;10,6;9,2;65;59;62;162;13,8;10,5;
2026/04/05;0300 UTC;0;1022,5;1022,6;1022,3;0;17,6;10,3;17,8;17,4;11,7;9,1;70;58;63;176;12,8;9,4;
2026/04/05;0400 UTC;0;1022,3;1022,4;1022,2;0;17,8;10,9;18;17,6;11,7;10,3;70;62;66;167;13,2;10,5;
2026/04/05;0500 UTC;0;1022,4;1022,5;1022,2;0;17,6;10,9;17,8;17,4;11,6;10,4;70;64;67;167;13,2;9,7;
2026/04/05;0600 UTC;0;1022,4;1022,5;1022,2;0;17,6;10,9;17,7;17,4;11,4;10,5;69;64;67;169;14,5;9,8;
2026/04/05;0700 UTC;0;1022,1;1022,3;1022;0;17,5;10,6;17,7;17,4;11,4;10;70;62;65;170;13;9,5;
2026/04/05;0800 UTC;0;1022,2;1022,7;1021,9;0;17,3;10,1;17,5;17,1;10,9;9,4;67;61;64;170;12;8,9;
2026/04/05;0900 UTC;0;1023,1;1023,5;1022,7;0;17,1;9,8;17,3;17;10,3;9,3;66;61;63;169;11;8,4;
2026/04/05;1000 UTC;0;1023,5;1023,7;1023,4;5,6;16,9;9,3;17;16,7;10;8,9;65;60;62;172;11,1;8,4;
2026/04/05;1100 UTC;0;1023,9;1024,2;1023,6;259,2;17,2;9,3;17,8;16,8;10;8,5;65;58;60;171;9,8;7;
2026/04/05;1200 UTC;0;1024,5;1024,8;1024,2;708,4;18;9,8;18,8;17,4;10,6;9,1;63;56;59;170;7,6;5,6;
2026/04/05;1300 UTC;0;1024,9;1025,2;1024,7;1523,8;19,7;10,9;21;19;11,7;10,4;60;52;56;166;7,1;5,1;
2026/04/05;1400 UTC;0;1025;1025,1;1024,8;1915,8;20,5;11,2;21;20;11,8;10,6;57;51;54;177;8,4;6,2;
2026/04/05;1500 UTC;0;1024,8;1025;1024,6;2366,3;21;11,7;21,3;20,3;12,3;11;56;52;54;171;7,8;6;
2026/04/05;1600 UTC;0;1024,7;1024,9;1024,5;2863,5;21,6;12,2;22,1;21,2;12,9;11,6;57;51;53;171;8,6;6,8;
2026/04/05;1700 UTC;0;1024,4;1024,6;1024,2;2858,5;21,8;12,5;22,2;21,5;13,1;12;58;52;54;169;8,4;6,4;
2026/04/05;1800 UTC;0;1023,9;1024,2;1023,8;1981,4;20,9;12,4;21,6;20,3;12,9;11,9;60;55;58;170;8,7;6,3;
2026/04/05;1900 UTC;0;1023,8;1024;1023,6;1835,6;21;12,7;21,7;20,2;13,2;12,2;62;55;58;175;8,6;7;
2026/04/05;2000 UTC;0;1023,8;1024;1023,6;691,7;19,6;12,1;20,1;19,1;12,6;10,9;66;59;63;163;8,8;6,5;
2026/04/05;2100 UTC;0;1023,4;1023,8;1023,1;258,8;18,8;10,8;19,1;18,7;11,5;10,3;64;58;60;138;8,4;6,7;
2026/04/05;2200 UTC;0;1023;1023,1;1022,8;18,9;18,4;10,4;18,7;18,3;11;9,7;63;57;60;132;7,8;5,9;
2026/04/05;2300 UTC;0;1022,9;1023;1022,8;0;18,4;10,4;18,7;18,2;11;9,6;63;57;60;129;8,7;7,5;
2026/04/06;0000 UTC;0;1023;1023,2;1022,8;0;18,7;10,2;18,9;18,5;10,8;9,4;61;54;58;102;8,9;6,8;
2026/04/06;0100 UTC;0;1023,1;1023,4;1022,8;0;19,2;10,9;19,3;19;11,6;10,4;62;56;59;87;8,8;6,7;
2026/04/06;0200 UTC;0;1023;1023,3;1022,7;0;19,2;11,4;19,3;19;12;10,7;64;57;61;93;10,4;7,5;
2026/04/06;0300 UTC;0;1022,9;1023;1022,7;0;19,2;11,5;19,4;19,1;12;10,9;63;59;61;84;9,1;6,3;
2026/04/06;0400 UTC;0;1022,4;1022,7;1022,2;0;19,4;12,2;19,5;19,2;12,9;11,6;67;61;64;82;8,8;6,3;
2026/04/06;0500 UTC;0;1022,1;1022,2;1021,9;0;19,6;12,3;19,7;19,4;12,9;11,9;68;61;63;69;9,6;6,3;
2026/04/06;0600 UTC;0;1021,8;1022,1;1021,6;0;19,7;12,6;19,8;19,6;13,3;11,9;68;61;65;74;9,8;6,5;
2026/04/06;0700 UTC;0;1021,4;1021,7;1021;0;20;13,2;20,2;19,8;13,7;12,8;69;63;66;58;8,9;6;
2026/04/06;0800 UTC;0;1020,9;1021,4;1020,5;0;20,1;13,5;20,2;19,6;14,2;12,8;70;63;67;67;9,5;6,5;
2026/04/06;0900 UTC;0;1020,6;1020,8;1020,4;0;20,4;14,3;20,5;20,2;15;13,7;72;66;70;57;9,2;5,4;
2026/04/06;1000 UTC;0;1020,6;1020,7;1020,5;,1;19,2;14,2;20,6;18,6;14,7;14;78;67;75;47;8,3;4,5;
2026/04/06;1100 UTC;0;1020,9;1021,2;1020,6;73,9;20,3;14,8;20,8;19,9;15,3;14,2;75;70;72;66;9;6,2;
2026/04/06;1200 UTC;0;1021,3;1021,5;1021;301;21,2;15,2;21,4;20,8;15,7;14,7;73;67;70;50;9,2;5,7;
2026/04/06;1300 UTC;0;1021,6;1021,7;1021,3;533;21,6;15,8;21,8;21,4;16,6;15,3;75;68;71;48;7,8;5,4;
2026/04/06;1400 UTC;0;1021,6;1021,8;1021,5;487;21,5;16,9;21,7;21,2;17,3;16,4;80;74;77;66;9,3;6,5;
2026/04/06;1500 UTC;0;1021,1;1021,5;1020,7;550,3;21,6;16,9;21,8;21,4;17,7;16,1;80;73;76;62;10;6,4;
2026/04/06;1600 UTC;0;1019,9;1020,7;1019,3;455;21,3;16,8;21,5;21;17,3;16,3;80;74;78;84;10,2;7,1;
2026/04/06;1700 UTC;0;1018,6;1019,4;1018,1;512;21,8;17,5;22,1;21,4;17,9;17;80;77;79;76;10,6;7,6;
2026/04/06;1800 UTC;0;1018;1018,2;1017,8;263,3;21,9;18;22;21,9;18,3;17,6;82;79;80;69;12,4;8,4;
2026/04/06;1900 UTC;0;1018,1;1018,3;1017,8;176,8;21,5;17,3;22,1;21,1;18,1;16,9;81;77;79;54;10,7;6,9;
2026/04/06;2000 UTC;0;1017,9;1018,3;1017,4;136,9;21,9;17,4;22,3;21,4;17,9;16,9;81;75;78;61;12,2;8,2;
2026/04/06;2100 UTC;0;1017,7;1017,9;1017,3;54,6;22;17,4;22,2;21,9;18;16,9;81;74;77;54;10,8;7;
2026/04/06;2200 UTC;0;1017,5;1017,7;1017,1;2,5;21,8;18,3;21,9;21,7;18,5;18;84;80;83;59;11,7;8,2;
2026/04/06;2300 UTC;0;1017,4;1017,6;1017;0;21,9;18,4;22;21,8;18,7;18,2;84;81;82;58;10,9;7,4;
2026/04/07;0000 UTC;0;1017,5;1017,6;1017,4;0;22,1;18,2;22,1;22;18,7;17,7;83;78;81;61;10;7,1;
2026/04/07;0100 UTC;,8;1017,4;1017,8;1017,1;0;21,3;18,8;22,1;20,9;19,3;18,4;92;83;87;51;10,4;6,4;
2026/04/07;0200 UTC;1,2;1016,9;1017,3;1016,5;0;21;19,4;21,1;20,8;19,6;19;93;91;92;39;10,5;5,6;
2026/04/07;0300 UTC;1,2;1016,5;1016,9;1015,9;0;20,9;19,6;21,1;20,8;20,1;19,4;96;92;94;52;10,2;7,1;
2026/04/07;0400 UTC;1;1016;1016,2;1015,8;,1;21;20,1;21,1;20,8;20,3;19,9;96;95;96;40;9,1;5,7;
2026/04/07;0500 UTC;6,4;1015,6;1015,9;1015,3;,1;20,8;20,1;20,9;20,6;20,5;19,9;98;95;97;60;8,2;5,8;
2026/04/07;0600 UTC;4,6;1014,7;1015,3;1013,9;0;20,9;20,6;21;20,8;20,7;20,5;99;98;98;51;8,4;5,6;
2026/04/07;0700 UTC;2;1013,3;1013,9;1012,6;0;21,1;20,8;21,2;21;20,9;20,8;99;99;99;50;10,7;6,9;
2026/04/07;0800 UTC;2;1011,9;1012,6;1011,2;0;21,3;20,9;21,4;21,2;21;20,9;99;98;98;58;12;8,5;
2026/04/07;0900 UTC;0;1010,8;1011,3;1010,2;0;21,4;20,9;21,5;21,3;20,9;20,8;98;97;97;57;14,2;9,4;
2026/04/07;1000 UTC;0;1010;1010,3;1009,7;1;21,8;21,1;22;21,5;21,2;20,9;97;95;97;32;10,6;6,4;
2026/04/07;1100 UTC;0;1010,2;1010,4;1010,1;149,4;22,2;21;22,4;22;21,1;20,9;95;93;94;36;8,3;5;
2026/04/07;1200 UTC;0;1010,1;1010,2;1009,8;180,9;22,7;21,2;22,8;22,4;21,3;21,1;94;92;93;31;8,8;5,6;
2026/04/07;1300 UTC;0;1009,7;1009,9;1009,5;350,5;23,1;21,4;23,4;22,8;21,5;21,3;92;91;91;29;9;5,4;
2026/04/07;1400 UTC;0;1009,2;1009,5;1008,6;585,6;23,5;21,6;24,1;23,2;21,8;21,4;92;88;90;76;8,4;5,4;
2026/04/07;1500 UTC;0;1007,9;1008,7;1007,1;2108,5;25,1;21,6;26;24,1;22;21,1;88;77;82;71;9,2;5,3;
2026/04/07;1600 UTC;0;1006,7;1007,1;1006,4;1679,6;25,9;21,1;26,3;25,5;21,8;20,5;80;72;76;327;7;3,8;
2026/04/07;1700 UTC;0;1006,1;1006,5;1005,5;948;25,1;20,6;26,1;24,7;21,4;20,3;80;73;77;328;7;3,9;
2026/04/07;1800 UTC;0;1005,1;1005,6;1004,8;651,1;24,7;20,9;25,1;24,1;21,1;20,7;84;79;81;319;6,1;3,7;
2026/04/07;1900 UTC;0;1004,2;1004,7;1003,9;730,9;24,7;21,1;25;24,1;21,4;20,8;84;81;82;280;6,2;3,4;
2026/04/07;2000 UTC;0;1003,6;1003,9;1003,3;289,7;24,5;21,2;24,8;24,3;21,5;21;84;82;83;304;4,6;2,8;
2026/04/07;2100 UTC;0;1002,9;1003,3;1002,4;150,2;24,1;20,8;24,4;23,2;21,3;20,3;88;81;84;337;4,1;1,9;
2026/04/07;2200 UTC;0;1002,4;1002,6;1002,1;,3;22,8;21,1;23,2;22,4;21,4;20,7;94;88;92;319;4,6;2,4;
2026/04/07;2300 UTC;,2;1002,2;1002,4;1002;0;22,1;20,9;22,4;21,7;20,9;20,8;95;92;94;319;3,4;2;
2026/04/08;0000 UTC;,2;1001,8;1002,1;1001,6;0;21,6;20,9;21,7;21,6;21;20,8;97;96;96;325;4;2,6;
2026/04/08;0100 UTC;2;1001,4;1001,6;1001,1;,1;21,3;20,8;21,6;20,7;21;20,2;98;97;97;278;6;3,7;
2026/04/08;0200 UTC;1,4;1000,8;1001,2;1000,4;,1;20,2;19,9;20,6;20,1;20,2;19,8;98;98;98;297;4,3;2,5;
2026/04/08;0300 UTC;,2;999,8;1000,3;999,4;0;20;19,6;20,1;19,9;19,8;19,5;98;98;98;307;5,2;3,4;
2026/04/08;0400 UTC;,4;998,9;999,3;998,6;0;19,8;19,4;19,9;19,8;19,5;19,3;98;98;98;307;5,8;3,6;
2026/04/08;0500 UTC;0;998,2;998,6;997,9;0;19,7;19,2;19,8;19,5;19,3;18,9;98;97;97;312;7,9;4,9;
2026/04/08;0600 UTC;0;997,4;997,9;996,8;0;19,4;18,8;19,5;19,2;18,8;18,7;98;96;97;312;8,5;4,7;
2026/04/08;0700 UTC;0;996,4;996,8;995,8;0;18,9;18,6;19,2;18,8;18,7;18,4;98;98;98;306;8,8;4,4;
2026/04/08;0800 UTC;,2;995,6;995,9;995,5;0;18,8;18,5;18,8;18,8;18,5;18,4;99;98;99;302;6,9;4;
2026/04/08;0900 UTC;,6;995,4;995,7;995,2;0;18,9;18,6;19;18,8;18,8;18,5;99;99;99;273;8,7;4,8;
2026/04/08;1000 UTC;4,4;995,9;996,6;995,4;1,8;19;18,6;19,3;18,5;19;17,6;99;96;98;203;34;24,8;
2026/04/08;1100 UTC;,2;997,7;999,3;995,7;52,9;18,8;17,7;19,3;18,5;18,1;17,1;97;92;95;222;25,4;12,7;
2026/04/08;1200 UTC;0;1000,5;1001,7;999,3;194,2;19,3;17,1;19,5;18,7;17,5;16,8;92;87;89;223;17,7;10,4;
2026/04/08;1300 UTC;0;1002,1;1002,8;1001,6;521,1;20;17,3;20,4;19,3;17,7;17;90;83;87;207;23,3;16,5;
2026/04/08;1400 UTC;0;1003,5;1004,3;1002,7;775;20,1;16,6;20,4;19,8;17,4;16;85;80;82;223;18,3;10,8;
2026/04/08;1500 UTC;0;1004,6;1005,1;1004,1;1293,9;20,8;16,8;21,4;19,8;17,2;16,5;84;77;80;214;18,4;12,9;
2026/04/08;1600 UTC;0;1005,3;1005,7;1004,9;2454,6;22;16,6;22,5;21,4;17,1;16,1;78;68;73;213;20,2;15,1;
2026/04/08;1700 UTC;0;1005,8;1006,7;1005,2;2396;22,4;16,7;22,8;20,7;17,7;16;85;68;71;209;19,8;15;
2026/04/08;1800 UTC;,4;1006,6;1006,8;1006,2;1919;20,9;17,5;21,9;19,4;18,4;16,7;91;75;83;205;17,9;14,1;
2026/04/08;1900 UTC;0;1007;1007,4;1006,6;1524,1;21,6;17,1;22,1;21,3;17,6;16,2;80;73;78;208;18,2;14,3;
2026/04/08;2000 UTC;0;1007,8;1008,2;1007,4;1049,3;21,5;16,8;21,7;21,2;17,1;16,3;78;74;76;201;17,7;12,7;
2026/04/08;2100 UTC;0;1008,6;1009,1;1007,8;367;20,8;16,6;21,2;20,3;17;16,1;81;75;79;208;15,9;12,4;
2026/04/08;2200 UTC;0;1009,7;1010,3;1009;10,6;20;16,3;20,3;19,6;16,8;15,6;84;80;82;221;10,2;6,7;
2026/04/08;2300 UTC;0;1010,6;1010,9;1010,1;0;19,4;15,6;19,6;19,1;15,7;15,5;83;80;81;222;10,2;6,1;
2026/04/09;0000 UTC;0;1011,2;1011,6;1010,8;0;18,8;15,6;19,1;18,4;15,7;15,5;86;82;84;230;8,8;4,9;
2026/04/09;0100 UTC;0;1011,8;1012;1011,6;0;17,9;15,5;18,5;17,5;15,5;15,4;89;85;88;242;7,8;4,8;
2026/04/09;0200 UTC;0;1012,2;1012,4;1012;0;17;15,3;17,5;16,5;15,4;15,1;93;90;91;257;7,1;4,3;
2026/04/09;0300 UTC;0;1012,4;1012,5;1012,2;0;16,3;15;16,5;16,1;15,1;14,9;94;93;94;244;7;4,3;
2026/04/09;0400 UTC;0;1012,4;1012,6;1012,2;0;16,2;14,9;16,5;15,9;15;14,7;94;93;93;255;6,2;3,8;
2026/04/09;0500 UTC;0;1012,9;1013;1012,5;0;15,9;14,8;16;15,8;15;14,7;95;94;95;253;6,3;3,9;
2026/04/09;0600 UTC;0;1012,9;1013;1012,8;0;15,6;14,7;15,9;15,4;14,8;14,6;96;95;95;246;6,2;3,8;
2026/04/09;0700 UTC;0;1012,9;1013;1012,9;0;15,3;14,5;15,6;15,1;14,8;14,4;97;96;96;260;5,9;2,9;
2026/04/09;0800 UTC;0;1013;1013,3;1012,9;0;15,3;14,6;15,5;15;14,8;14,4;97;96;97;270;5,5;3,6;
2026/04/09;0900 UTC;0;1013,7;1014,1;1013,3;0;15;14,4;15,2;14,8;14,5;14,1;97;96;97;268;5,2;2,7;
2026/04/09;1000 UTC;0;1014,4;1014,8;1014;2,3;14,5;13,9;14,7;14,2;14,2;13,6;98;97;97;273;4,3;2,9;
2026/04/09;1100 UTC;0;1015,2;1015,6;1014,8;192,7;14,3;13,8;15,4;14;14,7;13,5;98;96;97;254;5,5;3,2;
2026/04/09;1200 UTC;0;1016,2;1016,5;1015,7;890;16,7;15,1;18;15,5;15,5;14,8;96;87;92;248;5,4;3,4;
2026/04/09;1300 UTC;0;1016,8;1017;1016,5;1509,1;19,3;15,3;20,2;18,1;16,1;14,8;87;75;80;210;9,3;7,3;
2026/04/09;1400 UTC;0;1017,3;1017,4;1017;2158,6;20,9;15,5;21,9;20,1;16;14,9;76;68;73;190;10,2;8,5;
2026/04/09;1500 UTC;0;1017,5;1017,7;1017,4;2738;22;15,7;22,3;21,8;16,2;15,2;72;66;68;188;12,4;9,6;
2026/04/09;1600 UTC;0;1017,6;1017,8;1017,4;2807,5;22;15,1;22,3;21,4;15,8;14,5;69;63;66;185;12,2;9,8;
2026/04/09;1700 UTC;0;1017,4;1017,6;1017,2;2751,3;22,1;14,8;22,2;22;15,4;14,2;67;60;63;185;11,6;9,5;
2026/04/09;1800 UTC;0;1017,1;1017,3;1017;2469,3;21,9;14,6;22,1;21,6;15,3;13,7;67;60;63;184;11,9;9,9;
2026/04/09;1900 UTC;0;1017,1;1017,2;1016,9;1881,5;21,3;14;21,7;21,1;14,7;13,4;66;59;63;186;11,7;9,4;
2026/04/09;2000 UTC;0;1017,3;1017,5;1017,2;1151,5;20,6;13,8;21;20,1;14,3;13,3;70;62;66;186;11,9;8,9;
2026/04/09;2100 UTC;0;1017,5;1017,6;1017,4;390,2;19,5;13,6;20,2;18,8;14,2;13,1;73;67;70;188;11,2;9;
2026/04/09;2200 UTC;0;1017,6;1017,7;1017,5;10,9;18,4;13,2;18,7;18,1;13,7;12,8;77;71;74;190;11;8,9;
2026/04/09;2300 UTC;0;1017,9;1018,1;1017,7;0;18,1;13,3;18,2;18;13,9;12,8;79;74;76;187;10,7;8,5;
2026/04/10;0000 UTC;0;1018,3;1018,4;1018,1;0;18;13;18,1;17,9;13,7;12,5;78;73;75;186;10,5;8,6;
2026/04/10;0100 UTC;0;1018,5;1018,7;1018,3;0;17,8;12,9;18;17,7;13,4;12,5;77;74;75;183;9,7;7,7;
2026/04/10;0200 UTC;0;1018,7;1018,8;1018,6;0;17,6;12,8;17,8;17,5;13,2;12,5;78;74;76;191;9,2;6,5;
2026/04/10;0300 UTC;0;1018,9;1019;1018,8;0;14,3;11,4;17,3;13,3;12,2;11,3;91;74;86;277;3,7;2,6;
2026/04/10;0400 UTC;0;1019,2;1019,3;1019;0;13;11,4;13,3;12,7;11,6;11,3;94;91;92;275;4,2;2,6;
2026/04/10;0500 UTC;0;1019,2;1019,3;1019,2;0;12,3;11,1;12,6;12;11,4;10,9;95;93;94;281;4,2;3,1;
2026/04/10;0600 UTC;0;1019,2;1019,3;1019;0;11,9;10,9;12,1;11,8;11,1;10,8;95;94;95;272;3,8;2,6;
2026/04/10;0700 UTC;0;1018,8;1019;1018,6;0;11,8;10,8;11,9;11,5;10,9;10,5;96;95;95;282;5;3,4;
2026/04/10;0800 UTC;0;1018,7;1018,9;1018,5;0;11,5;10,7;11,6;11,3;10,8;10,4;96;95;96;282;5,4;3,8;
2026/04/10;0900 UTC;0;1019,2;1019,7;1018,8;0;11,3;10,4;11,5;11;10,7;10,1;96;95;95;285;5,8;3,9;
2026/04/10;1000 UTC;0;1020;1020,4;1019,7;2,1;10,9;10;11;10,8;10,1;9,9;96;95;96;285;5,1;3,7;
2026/04/10;1100 UTC;0;1020,8;1021,1;1020,4;321,8;11,3;10,2;12,2;10,8;10,6;9,9;96;92;94;287;4,1;2,7;
2026/04/10;1200 UTC;0;1021,3;1021,5;1021,1;983,4;14;11,3;15,9;12,2;12,2;10,6;92;81;87;272;4,4;2,6;
2026/04/10;1300 UTC;0;1021,7;1021,8;1021,5;1591,4;17,3;12,2;18,7;15,9;12,8;11,5;81;66;74;245;4,5;3,1;
2026/04/10;1400 UTC;0;1021,7;1021,8;1021,6;2297;19,2;11,9;20,1;18,5;12,7;11;68;57;63;239;5,2;3;
2026/04/10;1500 UTC;0;1021,6;1021,7;1021,4;2717,8;20,2;11,9;20,6;19,7;12,5;11;63;52;59;250;5,8;3,1;
2026/04/10;1600 UTC;0;1021,3;1021,5;1021,1;2962,7;20,9;11,8;21,5;20,4;13,4;10,7;61;49;54;251;6,6;3,8;
2026/04/10;1700 UTC;0;1020,8;1021,2;1020,5;2809;21,5;11,6;22;20,9;12,4;10,8;56;45;51;280;5,1;2,1;
2026/04/10;1800 UTC;0;1020,3;1020,5;1020,2;2444,2;22;11,4;22,3;21,7;12,2;10,6;52;43;47;285;5,4;3;
2026/04/10;1900 UTC;0;1020,2;1020,3;1020,1;1904,6;22,1;10,8;22,7;21,8;11,6;10,1;47;41;43;235;3,2;1,4;
2026/04/10;2000 UTC;0;1020,1;1020,2;1020;1158,9;21,9;11,1;22,9;20,3;13;10,1;62;40;46;125;5,9;4,3;
2026/04/10;2100 UTC;0;1020,2;1020,3;1020,1;412,5;19,4;12,2;20,3;18,4;12,7;11,4;67;60;64;110;5;3,6;
2026/04/10;2200 UTC;0;1020,3;1020,5;1020,1;10,8;17,7;11,3;18,4;17,4;11,8;10,9;70;66;68;115;5,5;4,2;
2026/04/10;2300 UTC;0;1020,7;1020,8;1020,4;0;17,4;11,4;17,5;17,3;11,8;11,1;72;68;70;102;4,9;3,6;
2026/04/11;0000 UTC;0;1021;1021,1;1020,9;0;17,4;11;17,6;17,3;11,3;10,7;70;65;68;89;5,3;3,7;
2026/04/11;0100 UTC;0;1021,1;1021,2;1020,9;0;17,7;10,8;17,8;17,5;11,3;10,3;68;63;66;74;5;3,7;
2026/04/11;0200 UTC;0;1021;1021,1;1020,9;0;16,7;10,8;17,7;15,1;11,5;10,3;76;66;70;139;3;2,1;
2026/04/11;0300 UTC;0;1021,1;1021,1;1021;0;14,5;10,7;15,1;14,1;10,9;10,3;84;76;81;319;3,4;2,7;
2026/04/11;0400 UTC;0;1021,2;1021,3;1021,1;0;13,9;10,7;14,1;13,9;10,9;10,5;84;83;84;347;2,8;2,4;
2026/04/11;0500 UTC;0;1021,3;1021,4;1021,2;0;13,5;10,5;13,9;13;10,8;10,2;87;83;85;353;2,5;2,2;
2026/04/11;0600 UTC;0;1021,1;1021,3;1020,9;0;13;10,3;13,3;12,3;10,6;9,3;87;84;86;338;2,1;1,8;
2026/04/11;0700 UTC;0;1020,7;1020,9;1020,5;0;11,8;9,7;12,6;11;10,2;9,1;93;87;89;272;2,1;1;
2026/04/11;0800 UTC;0;1020,5;1020,5;1020,4;0;10,8;9,3;11,4;10,2;9,9;8,7;95;91;93;332;1,2;1;
2026/04/11;0900 UTC;0;1020,6;1020,8;1020,5;0;10,1;8,9;10,4;9,6;9,4;8,4;96;93;94;220;1,8;1,6;
2026/04/11;1000 UTC;0;1021,1;1021,3;1020,8;1,6;10,5;9,4;11,3;10;10,1;8,7;95;93;94;331;2,7;2,1;
2026/04/11;1100 UTC;0;1021,5;1021,6;1021,2;292,3;12,4;10,8;14,6;11,2;12,9;9,4;93;91;92;292;1,2;,9;
2026/04/11;1200 UTC;0;1021,9;1022,1;1021,7;880,9;16,6;13,7;18,6;14,7;14,8;13,1;92;80;85;196;1;,5;
2026/04/11;1300 UTC;0;1022;1022,1;1022;1327,6;20,2;15;21,2;18,7;15,6;14,4;81;70;74;168;2,4;1,9;
2026/04/11;1400 UTC;0;1021,9;1022;1021,8;2241,9;21,2;15,3;21,9;20,3;15,8;14,9;74;68;71;141;3,5;2,4;
2026/04/11;1500 UTC;0;1021,8;1022;1021,5;2254,6;21,8;15,7;22,5;21,1;16,4;15,2;73;67;70;134;3,8;3,2;
2026/04/11;1600 UTC;0;1021,2;1021,6;1020,7;2822,6;22;16,1;22,2;21,6;16,6;15,7;73;68;71;129;5,5;4,8;
2026/04/11;1700 UTC;0;1020,2;1020,7;1019,8;2726,2;22,3;17,3;23,9;21,9;18,6;16,2;79;71;75;101;6;4,5;
2026/04/11;1800 UTC;0;1019,5;1019,8;1019,3;2282,1;23,4;18,1;24;22,8;18,7;17,8;77;72;74;84;7,8;5,3;
2026/04/11;1900 UTC;0;1019,2;1019,3;1019,1;1845,6;22,9;17,9;23,2;22,6;18,2;17,8;77;73;75;75;6,8;4,9;
2026/04/11;2000 UTC;0;1018,9;1019,2;1018,7;1127,1;22,3;17,8;22,7;21,8;18,1;17,6;79;76;78;71;7,7;5,4;
2026/04/11;2100 UTC;0;1018,6;1018,7;1018,6;385,4;21,4;17,7;21,8;20,9;17,8;17,5;84;79;82;58;7,1;5,2;
2026/04/11;2200 UTC;0;1018,6;1018,8;1018,4;8;20,7;17,6;20,9;20,5;18,2;17,3;88;83;85;56;7,2;4,9;
2026/04/11;2300 UTC;0;1018,5;1018,6;1018,3;0;20,6;18,3;20,6;20,6;18,4;18,2;89;88;89;63;8,4;5,5;
2026/04/12;0000 UTC;0;1018,7;1018,8;1018,4;0;20,6;18,5;20,7;20,6;18,9;18,3;91;88;89;48;6,3;4,1;
2026/04/12;0100 UTC;0;1018,3;1018,5;1018,1;0;20,7;19;20,9;20,7;19,2;18,4;93;88;91;38;9,8;5,3;
2026/04/12;0200 UTC;0;1018,2;1018,3;1017,9;0;20,8;18,5;20,8;20,7;18,7;18,3;90;87;89;35;8,5;5,5;
2026/04/12;0300 UTC;0;1018,1;1018,3;1017,9;0;20,8;18,7;20,9;20,7;18,8;18,6;90;89;90;29;8,6;4,9;
2026/04/12;0400 UTC;0;1017,9;1018;1017,7;0;21,1;18,6;21,2;20,9;18,7;18,5;89;87;88;32;9,2;5,4;
2026/04/12;0500 UTC;0;1017,6;1017,8;1017,4;0;21,2;18,7;21,3;21,2;18,8;18,6;88;86;87;29;9;5,5;
2026/04/12;0600 UTC;,4;1017,4;1017,7;1017;0;20,6;19,1;21,2;20,4;19,2;18,9;94;89;92;33;6,7;4;
2026/04/12;0700 UTC;0;1016,6;1017,1;1016,2;0;20,4;19,1;20,4;20,3;19,2;19,1;94;93;94;27;6,3;4,1;
2026/04/12;0800 UTC;0;1015,9;1016,3;1015,7;0;20,4;19,1;20,5;20,3;19,2;19;94;93;94;36;8,1;4,8;
2026/04/12;0900 UTC;0;1015,9;1016,1;1015,7;0;20,2;19;20,5;19,7;19,2;18,5;95;93;94;31;9,4;5,5;
2026/04/12;1000 UTC;0;1016;1016,1;1015,9;0;19,7;18,3;19,9;19,5;18,5;18,1;94;91;93;42;8,1;4,7;
2026/04/12;1100 UTC;0;1016;1016,2;1015,9;51,5;20,2;19;20,5;19,9;19,5;18,4;95;92;94;61;6,8;3,9;
2026/04/12;1200 UTC;,4;1016,3;1016,5;1016,1;111,2;20,6;19,8;20,8;20,5;20;19,5;97;95;96;248;7,6;4,3;
2026/04/12;1300 UTC;0;1016,6;1016,6;1016,5;293,1;21;20,1;21,1;20,8;20,2;20;96;95;96;335;7,8;4,8;
2026/04/12;1400 UTC;0;1016,4;1016,6;1016,2;544,1;21,2;20;21,5;21;20,2;19,7;96;92;94;326;9,6;5,9;
2026/04/12;1500 UTC;0;1016,2;1016,3;1016,1;1232,6;21,8;20,1;22,5;21,4;20,5;19,8;93;89;91;330;7,6;4,9;
2026/04/12;1600 UTC;0;1016,1;1016,3;1015,9;1384,1;22,9;20,2;23,5;22,5;20,6;19,9;89;84;87;335;9,9;5,6;
2026/04/12;1700 UTC;0;1015,5;1016;1015;1275,2;22,7;20,1;23,4;22,1;20,7;19,7;90;84;87;329;8,3;4,9;
2026/04/12;1800 UTC;0;1014,9;1015,1;1014,8;1345,5;23,6;20,1;24,3;23;20,6;19,8;85;79;83;320;6,7;4,5;
2026/04/12;1900 UTC;0;1014,7;1014,9;1014,5;1355,8;24,2;20;24,7;23,8;20,5;19,7;82;77;79;321;5,8;3,9;
2026/04/12;2000 UTC;0;1014,8;1014,9;1014,6;967,3;23,7;19,7;24,1;23,4;20,1;19,4;82;78;80;335;6,1;4,2;
2026/04/12;2100 UTC;0;1015;1015,2;1014,8;323,8;23;19,6;23,5;22,3;19,8;19,4;88;80;83;317;4,9;2,7;
2026/04/12;2200 UTC;0;1015,3;1015,5;1015,1;5,5;21,6;19,7;22,3;20,9;19,8;19,6;93;88;91;333;3;2;
2026/04/12;2300 UTC;0;1015,9;1016,4;1015,5;0;20,7;19,7;21;20,4;20,1;19,4;96;93;95;231;5,3;3,2;
2026/04/13;0000 UTC;0;1016,6;1016,8;1016,4;0;20,6;19,5;21;20,4;20;19,3;95;94;94;173;6,4;5,2;
2026/04/13;0100 UTC;0;1016,9;1017,1;1016,8;0;20,4;19,4;20,5;20,3;19,4;19,3;95;94;95;138;4,7;3,7;
2026/04/13;0200 UTC;;;;;;;;;;;;;;;;;;
2026/04/13;0300 UTC;0;1017,5;1017,6;1017,3;0;19,9;19,2;20;19,7;19,4;19;97;96;96;172;4,2;3,5;
2026/04/13;0400 UTC;0;1017,5;1017,7;1017,4;0;19,7;19,1;20;19,5;19,4;18,9;97;97;97;165;4,8;3,5;
2026/04/13;0500 UTC;0;1017,6;1017,7;1017,1;0;19,3;18,7;19,5;19,2;18,9;18,6;97;97;97;166;4,4;3,2;
2026/04/13;0600 UTC;0;1017,1;1017,3;1017;0;19;18,4;19,3;18,9;18,7;18,2;97;97;97;158;3,1;2,6;
2026/04/13;0700 UTC;0;1017,1;1017,2;1017;0;18,8;18,2;18,9;18,7;18,3;18;97;97;97;174;4,8;3,8;
2026/04/13;0800 UTC;0;1017,1;1017,4;1017;0;18,6;18;18,8;18,5;18,3;17,8;97;97;97;176;3,8;3,4;
2026/04/13;0900 UTC;0;1017,5;1017,6;1017,3;0;18,2;17,7;18,5;17,6;17,9;16,9;98;96;97;174;4,2;3,5;
2026/04/13;1000 UTC;0;1017,9;1018,1;1017,6;1,6;18,5;18;18,6;18,4;18,1;17,8;97;97;97;175;5;4;
2026/04/13;1100 UTC;0;1018,3;1018,6;1018;361,3;19,1;18,3;19,6;18,6;18,5;18;97;94;96;166;5,4;4,3;
2026/04/13;1200 UTC;0;1019,1;1019,5;1018,6;794,7;20,5;18,7;21,4;19,6;18,9;18,5;94;86;91;165;5,2;4;
2026/04/13;1300 UTC;0;1019,7;1019,8;1019,5;1547;21,7;18,7;22;21,4;18,9;18,4;87;82;85;144;5,4;4,5;
2026/04/13;1400 UTC;0;1020;1020,2;1019,9;2239,1;22,2;18,7;22,7;21,9;19;18,4;84;80;82;152;5,5;4,6;
2026/04/13;1500 UTC;0;1020,3;1020,5;1020,1;2588,8;23,4;19,1;23,7;22,8;19,4;18,9;82;77;79;157;6;4,8;
2026/04/13;1600 UTC;0;1020,2;1020,3;1020;2655;23,1;18,8;23,6;22,8;19,2;18,2;81;76;78;141;6,1;4,9;
2026/04/13;1700 UTC;0;1020;1020,3;1019,6;2614;22,7;18,2;23,2;22,2;18,8;17,7;81;76;77;132;6,1;5,3;
2026/04/13;1800 UTC;0;1019,5;1019,7;1019,4;2369,2;22,9;18;23,3;22,4;18,3;17,6;78;73;76;111;5,2;4;
2026/04/13;1900 UTC;0;1019,6;1019,7;1019,5;1760,8;22,9;18,1;23,3;22,6;18,5;17,9;78;74;76;108;4,6;3,7;
2026/04/13;2000 UTC;0;1019,4;1019,7;1019,3;1013,9;22,1;18,3;22,6;21,7;18,6;18;84;78;81;118;4,9;4;
2026/04/13;2100 UTC;0;1019,4;1019,5;1019,3;246,4;20,8;18,5;21,7;20,3;18,6;18,3;91;84;88;126;5,1;4,2;
2026/04/13;2200 UTC;0;1019,3;1019,4;1019,2;5,9;19,9;18,5;20,2;19,7;18,7;18,3;94;91;93;125;5,2;4,5;
2026/04/13;2300 UTC;0;1019,4;1019,7;1019,2;0;19,7;18,6;19,8;19,6;18,7;18,6;95;94;95;107;5,1;3,9;
2026/04/14;0000 UTC;0;1019,8;1019,9;1019,6;0;19,6;18,7;19,7;19,5;18,8;18,5;96;95;95;114;6,1;4,7;
2026/04/14;0100 UTC;0;1019,4;1019,6;1019,2;0;19,6;18,8;19,7;19,6;18,8;18,7;96;95;96;106;7,6;5,8;
2026/04/14;0200 UTC;0;1019,2;1019,4;1018,9;0;19,6;18,7;19,7;19,5;18,8;18,5;96;95;95;94;6,4;4,7;
2026/04/14;0300 UTC;0;1018,9;1019;1018,7;0;19,6;17,9;19,7;19,3;18,4;17,6;95;90;92;81;5,1;3,7;
2026/04/14;0400 UTC;0;1018,7;1018,8;1018,6;0;19,6;17,8;19,7;19,6;18;17,6;92;90;91;84;5,8;4,1;
2026/04/14;0500 UTC;,2;1018,9;1019;1018,6;0;19,8;17,7;20;19,6;18;17,4;92;87;89;64;6,6;4,8;
2026/04/14;0600 UTC;0;1018,3;1018,8;1018;0;19,9;17,5;20;19,7;17,7;17,3;89;86;88;65;6,9;4,5;
2026/04/14;0700 UTC;0;1018;1018,1;1017,9;0;19,7;17,3;19,9;19,4;17,7;16,7;89;85;88;30;5,3;2,8;
2026/04/14;0800 UTC;0;1017,6;1017,9;1017,1;0;19,3;16,4;19,5;19;17;16,3;89;84;86;46;6,2;3,4;
2026/04/14;0900 UTC;0;1017,3;1017,4;1017,2;0;19,3;17,2;20;18,7;17,5;16,9;92;87;89;27;3,8;2,3;
2026/04/14;1000 UTC;0;1017,7;1017,9;1017,4;1,2;18,7;17;18,9;18,5;17,2;16,9;93;91;92;70;2,7;1,9;
2026/04/14;1100 UTC;0;1017,9;1018;1017,8;265,8;19,4;17,9;20,7;18,7;18,9;17,3;94;91;93;55;4;2,8;
2026/04/14;1200 UTC;0;1018,1;1018,3;1017,9;832,5;21,8;19,3;22,4;20,8;19,5;19;91;85;87;60;5,1;3,8;
2026/04/14;1300 UTC;0;1018,4;1018,5;1018,3;1213,3;22,5;19,4;23,2;22,2;19,8;19,2;86;82;85;59;5,4;3,5;
2026/04/14;1400 UTC;0;1018,3;1018,4;1018;953,5;22,2;19,6;22,6;21,9;20;19,2;88;86;87;66;4,9;3,3;
2026/04/14;1500 UTC;0;1017,9;1018,1;1017,7;1094,1;22,6;19,9;23;22,4;20;19,6;88;84;87;69;5,6;4,2;
2026/04/14;1600 UTC;0;1017;1017,7;1016,6;1328,6;22,9;20,2;23,3;22,4;20,5;19,9;88;85;87;68;6,8;4,6;
2026/04/14;1700 UTC;0;1016,2;1016,7;1015,9;1138,7;22,9;20,3;23,1;22,7;20,5;20,2;88;86;87;68;6,9;4,9;
2026/04/14;1800 UTC;0;1015,8;1016;1015,7;653;22,5;20,3;22,8;22,4;20,5;20,2;90;88;89;70;6,8;4,9;
2026/04/14;1900 UTC;0;1015,9;1016;1015,7;570;22,4;20,4;22,5;22,2;20,5;20,3;91;89;90;67;8,5;5,6;
2026/04/14;2000 UTC;0;1016;1016,1;1015,8;366,5;22,1;20,5;22,2;22,1;20,6;20,4;92;91;92;76;6,8;4,6;
2026/04/14;2100 UTC;0;1015,9;1016,1;1015,8;125,7;21,9;20,6;22,1;21,8;20,6;20,5;94;92;93;68;7,3;5,6;
2026/04/14;2200 UTC;0;1015,7;1016,1;1015,3;2,4;21,7;20,6;21,8;21,5;20,7;20,6;96;94;95;81;8,4;6,2;
2026/04/14;2300 UTC;0;1015,5;1015,8;1015,2;0;21,5;20,7;21,6;21,5;20,7;20,6;96;96;96;71;8,2;6,2;
2026/04/15;0000 UTC;0;1015,7;1015,8;1015,5;0;21,6;20,7;21,6;21,6;20,8;20,6;96;95;95;72;9,1;6,9;
2026/04/15;0100 UTC;0;1015,7;1016,1;1015,6;0;21,7;20,5;21,8;21,6;20,6;20,5;95;94;94;73;8,7;6,6;
2026/04/15;0200 UTC;0;1016,1;1016,2;1016;0;21,8;20,6;21,8;21,8;20,7;20,5;94;94;94;78;8,6;6;
2026/04/15;0300 UTC;0;1016,3;1016,7;1015,9;0;21,9;20,8;21,9;21,8;20,9;20,7;95;94;95;64;7,8;4,9;
2026/04/15;0400 UTC;0;1016,8;1017;1016,6;0;22;20,9;22;21,9;21;20,8;95;94;95;61;7,6;5,3;
2026/04/15;0500 UTC;0;1016,8;1017;1016,6;0;22;20,9;22;21,9;21;20,8;95;94;95;57;6,9;4,8;
2026/04/15;0600 UTC;0;1016,6;1016,9;1016,3;0;22;21,1;22;22;21,2;21;96;95;95;60;7,5;5,3;
2026/04/15;0700 UTC;0;1016,2;1016,3;1016;0;22;21,2;22;21,9;21,2;21,1;97;96;96;54;7,4;4,4;
2026/04/15;0800 UTC;0;1015,8;1016;1015,7;0;21,9;21,2;21,9;21,9;21,3;21,2;97;97;97;51;7,8;4,3;
2026/04/15;0900 UTC;0;1015,8;1016;1015,6;0;21,9;21,2;22;21,9;21,3;21,2;97;96;97;53;7,9;5,3;
2026/04/15;1000 UTC;0;1015,9;1016;1015,7;2;22,1;21,3;22,2;22;21,3;21,3;96;96;96;48;8,7;5,3;
2026/04/15;1100 UTC;0;1016;1016,1;1015,9;128,8;22,3;21,4;22,4;22,2;21,5;21,3;96;95;96;44;7,5;4,3;
2026/04/15;1200 UTC;0;1016,3;1016,6;1016,1;386,7;22,8;21,3;23,3;22,4;21,5;21;95;88;93;44;8,6;5,4;
2026/04/15;1300 UTC;0;1016,4;1016,6;1016,3;883,9;23,6;21;24;23,4;21,3;20,8;89;85;87;56;9,1;6,3;
2026/04/15;1400 UTC;0;1016,5;1016,7;1016,3;1092,8;23,4;21,3;23,9;23,2;21,4;21,1;90;87;89;55;8,5;5,4;
2026/04/15;1500 UTC;0;1016,3;1016,7;1016,1;1552,4;24;21,2;24,4;23,8;21,6;20,7;88;82;86;70;8,9;6,6;
2026/04/15;1600 UTC;0;1015,9;1016,1;1015,6;1420,6;23,8;21,4;24,3;23,5;21,5;21,3;89;86;88;70;8,7;6,3;
2026/04/15;1700 UTC;0;1015,3;1015,7;1014,8;1742,9;24;21,4;24,2;23,7;21,5;21,2;88;86;87;67;9,4;6,7;
2026/04/15;1800 UTC;0;1014,5;1014,9;1014,2;1114,2;23,5;21,2;24;23,1;21,4;21;90;87;88;70;9,4;6,9;
2026/04/15;1900 UTC;0;1014,1;1014,3;1013,9;411;22,8;21,1;23,1;22,5;21,1;21;93;90;92;69;9,9;7,4;
2026/04/15;2000 UTC;0;1013,7;1014;1013,4;290,9;22,5;21;22,5;22,4;21,1;20,8;93;92;93;70;11,7;8,6;
2026/04/15;2100 UTC;0;1013,3;1013,4;1013,2;110,6;22,4;20,8;22,5;22,3;20,9;20,8;93;92;92;69;11,5;8,6;
2026/04/15;2200 UTC;0;1012,9;1013,2;1012,6;1,3;22,3;20,6;22,4;22,3;20,8;20,5;92;91;92;69;13,2;9,4;
2026/04/15;2300 UTC;0;1013,3;1013,5;1013;0;22,4;20,6;22,4;22,3;20,7;20,5;92;91;91;62;12,2;8,3;
2026/04/16;0000 UTC;0;1013,3;1013,5;1013,1;0;22,4;20,7;22,5;22,4;20,8;20,7;92;91;92;62;13,4;8,9;
2026/04/16;0100 UTC;0;1013,5;1013,7;1012,9;0;22,5;20,7;22,5;22,4;20,8;20,7;92;91;91;56;12,2;8;
2026/04/16;0200 UTC;0;1013,7;1013,8;1013,5;0;22,5;20,7;22,6;22,5;20,8;20,6;91;91;91;55;12,4;7,1;
2026/04/16;0300 UTC;0;1013,5;1013,9;1013,1;0;22,5;20,5;22,6;22,5;20,7;20,5;91;90;90;56;12,2;7,9;
2026/04/16;0400 UTC;0;1012,7;1013,1;1012,5;0;22,4;20,6;22,5;22,2;20,7;20,5;93;90;91;54;12,5;7,7;
2026/04/16;0500 UTC;0;1012,6;1012,8;1012,3;0;22,2;20,6;22,2;22,2;20,7;20,5;93;92;92;57;11;7,6;
2026/04/16;0600 UTC;0;1012,1;1012,4;1011,7;0;22,1;20,8;22,2;22;20,9;20,7;94;92;93;56;11,3;6,5;
2026/04/16;0700 UTC;,4;1011;1011,7;1010,5;0;21,9;20,8;22,1;21,9;20,8;20,7;95;93;94;49;11,8;7,8;
2026/04/16;0800 UTC;2,2;1010,1;1010,4;1009,9;0;22;20,8;22,2;21,7;21;20,6;96;93;94;43;11,3;6,8;
2026/04/16;0900 UTC;1;1009,7;1010;1009,4;0;21,9;21;22,1;21,7;21,1;20,9;96;94;96;44;13,8;7,8;
2026/04/16;1000 UTC;,4;1009,4;1009,6;1009,2;,3;22;20,9;22,1;21,9;21;20,8;95;94;95;44;12,9;8,3;
2026/04/16;1100 UTC;0;1009,4;1009,8;1009,3;10,9;22;21;22;21,9;21,1;20,9;95;95;95;36;10,5;6;
2026/04/16;1200 UTC;16,2;1009,9;1010,1;1009,8;35,1;21,6;21;22;21,5;21,1;20,9;98;96;97;41;11,3;7;
2026/04/16;1300 UTC;6,8;1009,6;1010;1009,2;92,4;21,4;20,9;21,7;20,8;21,2;20,1;98;96;98;31;7,2;4,3;
2026/04/16;1400 UTC;,4;1008,9;1009,2;1008,5;277,1;21,8;20,8;22;21,5;21,3;20,6;98;94;95;28;10;6;
2026/04/16;1500 UTC;,2;1008,3;1008,6;1007,9;521,7;22,2;20,8;22,4;22;21;20,6;94;91;93;28;10,2;5,5;
2026/04/16;1600 UTC;3,6;1007,5;1008;1006,9;285,6;21,8;21;22,2;21,6;21,2;20,9;97;94;96;37;8;5,2;
2026/04/16;1700 UTC;11,8;1006,2;1006,9;1005,6;322,4;21,7;21,2;21,9;21,5;21,4;21;98;97;97;212;8,5;4,7;
2026/04/16;1800 UTC;3,6;1005,4;1005,7;1005,1;586,7;22,2;21,5;22,6;21,5;21,8;20,9;98;95;97;89;9;5,1;
2026/04/16;1900 UTC;,2;1005;1005,1;1004,8;1134,2;22,5;20,9;22,9;22,4;21,7;20;96;87;92;177;8,1;4,4;
2026/04/16;2000 UTC;0;1004,7;1005;1004,4;621,1;22,4;20,5;22,6;22,2;20,8;20,1;92;88;91;62;9,4;4,8;
2026/04/16;2100 UTC;0;1004,3;1004,4;1004,2;179,5;22,2;20,7;22,3;21,9;20,8;20,4;94;91;93;76;5,1;3,5;
2026/04/16;2200 UTC;0;1004,1;1004,2;1004;2,3;21,9;20,7;21,9;21,8;20,7;20,6;95;94;94;33;7,4;4,5;
2026/04/16;2300 UTC;0;1004,2;1004,4;1004,1;0;21,7;20,6;21,9;21,6;20,8;20,4;95;94;94;86;6,1;3,5;
2026/04/17;0000 UTC;0;1004,1;1004,4;1004;0;21,5;20,4;21,6;21,3;20,6;20,1;95;94;95;44;5,9;3,7;
2026/04/17;0100 UTC;0;1004,1;1004,2;1004;0;21,4;20,3;21,6;21,3;20,4;20,1;95;93;94;229;5,5;3,2;
2026/04/17;0200 UTC;0;1004,2;1004,3;1004,1;0;21,4;20,5;21,5;21,3;20,6;20,4;96;95;96;253;5,7;3,6;
2026/04/17;0300 UTC;0;1004;1004,1;1003,8;0;21,4;20,7;21,5;21,4;20,8;20,6;97;96;96;299;4,4;2,8;
2026/04/17;0400 UTC;,4;1003,5;1003,8;1003,2;0;21,5;21;21,5;21,5;21,1;20,8;98;97;97;324;4,9;3;
2026/04/17;0500 UTC;0;1003;1003,2;1002,8;0;21,2;20,6;21,5;20,8;21;20,2;98;97;97;314;4,5;3,3;
2026/04/17;0600 UTC;,2;1002,7;1002,8;1002,5;0;20,8;20,3;20,8;20,8;20,4;20,2;98;97;98;317;5,4;3;
2026/04/17;0700 UTC;0;1002,4;1002,6;1002,3;0;20,7;20,3;20,8;20,6;20,4;20,2;98;98;98;312;4,6;2,8;
2026/04/17;0800 UTC;0;1002,4;1002,5;1002,3;0;20,5;20;20,6;20,3;20,2;19,8;98;97;98;313;5,4;3,4;
2026/04/17;0900 UTC;0;1002,7;1002,9;1002,4;0;20,3;19,7;20,3;20,3;19,8;19,6;97;96;97;312;5,7;3,2;
2026/04/17;1000 UTC;0;1003;1003,1;1002,9;,5;20,2;19,2;20,3;20;19,6;18,8;96;94;95;313;4,8;3,1;
2026/04/17;1100 UTC;0;1003,3;1003,6;1003,1;112,4;19,9;18,6;20;19,8;18,8;18,3;94;91;93;304;5,7;3,4;
2026/04/17;1200 UTC;0;1003,8;1003,9;1003,5;335,4;19,8;18,5;20;19,4;18,7;18,1;96;91;94;313;6,5;4;
2026/04/17;1300 UTC;0;1004;1004,1;1003,9;578,8;19,6;18,8;19,9;19,4;19,1;18,6;97;95;96;307;6,3;3,7;
2026/04/17;1400 UTC;0;1004;1004,2;1003,8;625,4;20,2;19;20,8;19,9;19,3;18,8;95;92;94;301;6,1;3,6;
2026/04/17;1500 UTC;0;1003,6;1004;1003,2;1218,9;21,6;19,3;23,1;20,8;19,8;19;92;83;88;284;6,3;3,2;
2026/04/17;1600 UTC;0;1003,1;1003,3;1002,9;1423,5;22,6;19,9;23,1;21,8;20,6;19,2;92;81;87;261;8,5;4,8;
2026/04/17;1700 UTC;,2;1002,8;1003,1;1002,6;1431,7;22,7;20,7;23,9;21,6;21,4;19,9;94;83;90;177;5,6;3,7;
2026/04/17;1800 UTC;1,8;1002,9;1003,2;1002,7;458,9;21,3;20,3;23,3;20,7;21;19,7;97;88;95;218;11,5;7,5;
2026/04/17;1900 UTC;0;1003,4;1003,6;1003,2;618;21,5;19,1;22,3;20,7;19,8;18,5;95;82;88;228;7,5;4,9;
2026/04/17;2000 UTC;0;1003,8;1004;1003,5;519,6;22,3;18,3;22,7;22,2;19;17,6;84;76;80;233;9;5,7;
2026/04/17;2100 UTC;0;1004,2;1004,5;1003,8;192,1;21,7;17,5;22,6;21,1;18,2;17;80;76;79;237;11,9;6;
2026/04/17;2200 UTC;0;1004,5;1004,6;1004,4;1,2;20,8;17;21,1;20,4;17,2;16,8;83;80;81;253;8,9;4,9;
2026/04/17;2300 UTC;0;1004,8;1005,2;1004,5;0;19,9;17,3;20,4;19,6;17,5;16,9;89;83;87;262;7,3;4,6;
2026/04/18;0000 UTC;0;1005,1;1005,2;1004,9;0;19,7;17;19,9;19,1;17,5;16,5;92;83;87;257;8,5;5,3;
2026/04/18;0100 UTC;0;1005,3;1005,6;1005,1;0;19,5;16,9;19,8;19,1;17,5;16,6;92;84;87;240;10,9;6,3;
2026/04/18;0200 UTC;0;1005,8;1006,1;1005,6;0;19,6;16,6;19,7;19,5;16,6;16,5;85;84;85;240;10,5;6,2;
2026/04/18;0300 UTC;0;1006,3;1006,6;1006,1;0;19,4;16,5;19,5;19,4;16,6;16,4;86;85;85;245;10,6;5,7;
2026/04/18;0400 UTC;0;1006,5;1006,7;1006,3;0;19,2;16,5;19,4;19,1;16,7;16,4;88;85;87;239;8,6;5,6;
2026/04/18;0500 UTC;0;1006,6;1006,7;1006,4;0;18,7;16,4;19,1;18,4;16,5;16,2;89;87;88;239;7,8;5,1;
2026/04/18;0600 UTC;0;1006,8;1007;1006,5;0;17,5;16;18,5;16,6;16,3;15,6;95;89;92;267;6,3;4;
2026/04/18;0700 UTC;0;1006,9;1007;1006,7;0;16,8;15,9;16,9;16,6;16,1;15,7;96;95;96;268;6,4;4,2;
2026/04/18;0800 UTC;0;1006,9;1006,9;1006,8;0;16,3;15,6;16,6;16,1;15,8;15,5;97;96;97;271;6;4,1;
2026/04/18;0900 UTC;0;1007,1;1007,4;1006,8;0;16,1;15,5;16,2;16;15,6;15,4;98;97;97;269;6,3;4,1;
2026/04/18;1000 UTC;0;1007,5;1007,6;1007,3;,6;16;15,5;16,1;16;15,6;15,4;98;97;98;274;6,1;4,1;
2026/04/18;1100 UTC;0;1007,8;1008;1007,5;231,6;16,2;15,5;16,7;15,9;15,7;15,4;98;95;97;270;6,2;3,9;
2026/04/18;1200 UTC;0;1008,3;1008,7;1008;754;17,6;16,1;18,6;16,7;16,5;15,7;95;88;92;265;6,7;4;
2026/04/18;1300 UTC;0;1008,8;1008,9;1008,6;1423,3;19,9;16,7;20,8;18,6;17,3;16,2;89;82;84;249;8,3;4,3;
2026/04/18;1400 UTC;0;1009,1;1009,4;1008,8;1667,1;21,2;17,3;22,3;20,3;17,8;16,9;84;74;80;228;7,9;4,9;
2026/04/18;1500 UTC;0;1009,3;1009,4;1009,2;2207,5;23,2;17,5;24,2;22,2;18,1;16,9;77;66;72;229;7,3;4,6;
2026/04/18;1600 UTC;0;1009,1;1009,3;1008,9;1887,9;23,9;17,7;24,6;23,2;18,7;16,9;75;65;69;200;7,2;5,1;
2026/04/18;1700 UTC;0;1008,7;1009;1008,5;1955,9;24,5;18,9;26;23,1;20,1;18,1;78;68;72;193;6,2;3,7;
2026/04/18;1800 UTC;0;1008,4;1008,6;1008,2;1866,9;25;19,7;26,1;24,1;20,6;19,3;78;68;74;169;7;5,4;
2026/04/18;1900 UTC;0;1008,3;1008,5;1008,1;1666,9;24,1;19,4;24,6;23,8;19,7;19,2;79;74;77;182;6,2;5,1;
2026/04/18;2000 UTC;0;1008,6;1008,7;1008,5;888,5;23,3;19,1;24,3;22,5;19,5;18,9;83;76;79;186;5,9;4,6;
2026/04/18;2100 UTC;0;1008,8;1008,9;1008,7;266,8;22;18,9;22,8;21;19,1;18,7;88;81;84;192;5,6;4,3;
2026/04/18;2200 UTC;0;1009,1;1009,4;1008,9;1,6;20,6;18,7;21;20,4;18,9;18,5;92;89;91;196;5,3;4,3;
2026/04/18;2300 UTC;0;1009,7;1009,8;1009,3;0;20,3;18,6;20,5;20,1;18,8;18,4;92;91;92;206;5;3,6;
2026/04/19;0000 UTC;0;1010;1010,1;1009,8;0;20,2;18,1;20,4;20;18,5;17,9;92;88;89;215;3,9;2,6;
2026/04/19;0100 UTC;0;1010,2;1010,5;1010,1;0;19,1;17,2;20;18,4;18;16,4;93;90;91;231;3,1;2,2;
2026/04/19;0200 UTC;0;1010,6;1010,7;1010,5;0;17,8;15,7;18,2;17,3;16,3;14,8;91;88;90;242;3;2,2;
2026/04/19;0300 UTC;0;1010,6;1010,7;1010,5;0;17,1;14,1;17,5;16,7;14,7;13,7;87;83;85;235;3,2;2,4;
2026/04/19;0400 UTC;0;1010,5;1010,7;1010,4;0;16,9;14;17,2;16,6;14,3;13,8;88;83;85;262;2,6;2,1;
2026/04/19;0500 UTC;0;1010,8;1010,9;1010,6;0;16,4;14,8;16,8;15,9;15,3;14,3;96;88;92;300;3;2,3;
2026/04/19;0600 UTC;0;1010,7;1010,9;1010,5;0;16;15,5;16,4;15,8;15,8;15,3;98;96;97;284;3,2;2,5;
2026/04/19;0700 UTC;0;1010,6;1010,8;1010,5;0;16;15,3;16,2;15,7;15,7;14,6;98;95;97;287;4,1;3,2;
2026/04/19;0800 UTC;0;1010,9;1011,1;1010,7;0;15,4;13,9;15,6;15,1;14,6;13,7;95;92;93;302;3,6;2,7;
2026/04/19;0900 UTC;0;1011,6;1012,1;1011,1;0;15,3;13,3;15,7;15;13,7;13,1;93;87;90;294;4,6;3,3;
2026/04/19;1000 UTC;0;1012,6;1012,9;1012,2;,4;15,6;13,6;15,8;15,3;13,9;13,2;91;88;90;283;5;3,5;
2026/04/19;1100 UTC;0;1013,2;1013,6;1012,9;231,5;15,7;13,8;16,2;15,3;14,1;13,3;93;86;91;288;4,6;3,1;
2026/04/19;1200 UTC;0;1013,8;1014,1;1013,5;777,6;17,8;14,3;19,6;16,2;16;13,2;85;81;83;286;5,1;3,3;
2026/04/19;1300 UTC;0;1014,4;1014,5;1014,1;1541,5;20,9;16,6;22;19,6;17,5;16,1;83;74;79;281;5,3;3,2;
2026/04/19;1400 UTC;0;1014,2;1014,3;1014;2130,4;23,6;17,8;25;21,9;18,7;16,8;79;66;71;261;3,8;2;
2026/04/19;1500 UTC;0;1014,1;1014,2;1014,1;2487,4;25,4;18,4;26;24,9;19,4;17,9;70;61;65;261;5;2,6;
2026/04/19;1600 UTC;0;1014;1014,2;1013,8;2620,1;26,3;18,5;27,9;25,6;20,3;17,5;66;58;61;183;4;2,5;
2026/04/19;1700 UTC;0;1013,8;1013,9;1013,7;2155,1;26,1;20;27,9;25,3;20,7;19,4;73;61;69;149;3,9;3;
2026/04/19;1800 UTC;0;1013,6;1013,8;1013,5;2199;25,5;19,8;26;25,1;20,2;19,3;75;68;72;133;3,7;3,1;
2026/04/19;1900 UTC;0;1013,6;1013,8;1013,5;1644,6;24,8;19,7;25;24,3;20;19,4;77;73;75;128;4,2;3,6;
2026/04/19;2000 UTC;0;1014;1014,2;1013,7;829,7;23,7;18,8;24,3;23,1;19,4;18,4;78;73;76;120;4,5;3,7;
2026/04/19;2100 UTC;0;1014,7;1015;1014,2;261,2;22,6;18,9;23,2;21,5;19,1;18,7;86;78;81;108;2,6;2,1;
2026/04/19;2200 UTC;0;1015,2;1015,4;1015;,8;20,8;18,6;21,4;20,6;18,8;18,4;90;86;89;94;3,8;3,1;
2026/04/19;2300 UTC;0;1015,4;1015,5;1015,3;0;20,7;18,3;21;20,6;18,4;18;89;85;88;61;4;2,7;
2026/04/20;0000 UTC;0;1015,4;1015,6;1015,3;0;20,7;17,7;21;20,3;18,1;17,4;86;84;85;34;3,7;2,4;
2026/04/20;0100 UTC;0;1015,4;1015,7;1015,3;0;20,5;17;20,8;19,9;17,5;16,6;85;81;83;24;3,6;2,6;
2026/04/20;0200 UTC;0;1015,9;1016;1015,7;0;19,2;16,7;19,9;18,5;16,9;16,4;91;83;88;215;3,1;2,4;
2026/04/20;0300 UTC;0;1016,2;1016,3;1015,9;0;18,2;16,4;18,5;18,1;16,7;16,1;92;89;91;349;2,9;2,4;
2026/04/20;0400 UTC;0;1016,2;1016,3;1016;0;17,9;16,1;18,1;17,6;16,2;15,8;93;89;91;329;3;2,5;
2026/04/20;0500 UTC;0;1016,2;1016,3;1016,1;0;17,2;15,9;17,5;16,5;16,2;15,5;96;93;94;313;1,7;1,2;
2026/04/20;0600 UTC;0;1016,3;1016,4;1016;0;16,4;15,7;17,1;15,9;16,5;15;98;95;96;312;2;1,7;
2026/04/20;0700 UTC;0;1016;1016,3;1015,8;0;16,5;15,9;16,8;16,1;16,2;15,5;98;96;97;181;1,9;1,5;
2026/04/20;0800 UTC;0;1015,4;1015,8;1015,1;0;17,2;15,6;17,6;16,8;16,2;14,8;97;86;92;302;3,9;3;
2026/04/20;0900 UTC;0;1015,8;1016,3;1015,5;0;17,9;15;18,1;17,6;15,1;14,9;87;85;86;324;1,8;1,4;
2026/04/20;1000 UTC;0;1016,3;1016,6;1016;,2;17,6;15,4;18;17,2;15,8;15,1;91;86;89;220;1,1;,4;
2026/04/20;1100 UTC;0;1017;1017,4;1016,6;127,9;17,4;16;18,2;16,9;16,4;15,4;94;91;93;310;2,5;1,9;
2026/04/20;1200 UTC;0;1017,6;1017,9;1017,4;269,8;18,7;16,2;19;18,2;16,7;15,7;91;85;87;322;1,8;1,4;
2026/04/20;1300 UTC;0;1017,9;1018,2;1017,7;257,9;19,3;16,8;19,7;18,9;17,5;16,4;89;85;88;296;1,6;,7;
2026/04/20;1400 UTC;0;1018,4;1018,7;1018,2;274,1;20;17,4;20,4;19,7;17,9;16,8;88;85;87;142;2,3;1,9;
2026/04/20;1500 UTC;0;1018,4;1018,4;1018,2;445,9;20,8;18,8;21,2;20,2;19,6;17,8;92;88;90;108;3,6;2,8;
2026/04/20;1600 UTC;0;1017,8;1018,2;1017,4;492;21,2;19,6;21,3;21,1;19,9;19,4;93;91;92;96;5,6;4,2;
2026/04/20;1700 UTC;0;1017,2;1017,5;1017,1;850,7;21,6;19,4;22,1;21,1;19,6;19,1;92;86;89;91;6,2;4,8;
2026/04/20;1800 UTC;0;1017,1;1017,3;1017;628,2;21,7;19,3;22,2;21,4;19,5;19,1;90;85;88;97;6,4;4,7;
2026/04/20;1900 UTC;0;1017,1;1017,3;1016,9;406;21,3;19,3;21,5;21,1;19,6;19,1;91;89;90;92;7,1;5,3;
2026/04/20;2000 UTC;0;1017,3;1017,5;1017,1;332,9;21,3;19;21,5;21,1;19,5;18,8;90;88;89;91;6,8;4,6;
2026/04/20;2100 UTC;0;1017,4;1017,5;1017,2;97,9;20,8;18,9;21;20,6;19;18,8;92;89;91;98;5,6;4,2;
2026/04/20;2200 UTC;0;1017,2;1017,3;1017,1;0;20,6;19;20,7;20,5;19;18,9;92;91;92;90;5,6;4,3;
2026/04/20;2300 UTC;0;1017,7;1017,8;1017,2;0;20,5;19,1;20,5;20,5;19,2;19;94;92;93;87;4,7;3,2;
2026/04/21;0000 UTC;0;1017,7;1017,8;1017,6;0;20,5;19,4;20,6;20,5;19,5;19,2;95;94;94;108;5,7;4,4;
2026/04/21;0100 UTC;0;1018;1018,3;1017,5;0;20,6;19,5;20,6;20,5;19,7;19,3;95;94;94;92;3,8;2,9;
2026/04/21;0200 UTC;0;1018,3;1018,4;1018,1;0;20,7;20;20,7;20,6;20,1;19,7;97;95;96;107;4,5;3,3;
2026/04/21;0300 UTC;0;1018,3;1018,5;1018,2;0;20,7;20,2;20,7;20,7;20,2;20,1;97;97;97;106;3,9;3;
2026/04/21;0400 UTC;0;1018,2;1018,3;1018,1;0;20,7;20,2;20,8;20,7;20,3;20,2;98;97;97;74;3,8;2,7;
2026/04/21;0500 UTC;0;1018,1;1018,3;1018;0;20,6;19,9;20,8;20,3;20,2;19,3;97;95;97;28;4,9;2,8;
2026/04/21;0600 UTC;,8;1018;1018,2;1017,6;0;20;18,7;20,3;19,5;19,3;18,5;95;93;94;37;3,6;2;
2026/04/21;0700 UTC;1,2;1017,4;1017,6;1017,1;0;18,6;16,9;19,5;18,2;18,5;15,9;95;88;91;45;3,9;2,8;
2026/04/21;0800 UTC;1,2;1017;1017,2;1016,9;0;18,9;17,1;19,1;18,3;17,7;16,3;93;89;91;37;5,1;3,3;
2026/04/21;0900 UTC;2,2;1017,4;1017,6;1017,2;0;19,6;18,7;19,8;19,2;19;17,7;97;92;95;90;5,8;4,5;
2026/04/21;1000 UTC;,2;1017,7;1017,9;1017,4;0;19,1;18,1;19,7;18,7;19,1;17,4;97;93;95;106;5,8;4,4;
2026/04/21;1100 UTC;0;1018,1;1018,2;1017,9;36;19,3;18;19,8;18,7;18,8;17,2;95;92;94;78;5,7;3,8;
2026/04/21;1200 UTC;,4;1018,2;1018,4;1018;335,6;19,6;18,3;20;19,4;18,8;16,8;95;85;93;62;6,8;4,6;
2026/04/21;1300 UTC;,2;1017,9;1018,1;1017,7;608,1;20,2;18,1;20,5;20;18,6;17,3;91;86;90;57;8,8;5,8;
2026/04/21;1400 UTC;0;1018,1;1018,3;1018;874;21;19,1;21,6;20,5;19,6;18,6;92;89;91;79;6,8;4,9;
2026/04/21;1500 UTC;0;1017,9;1018,1;1017,8;1689;22,4;19,1;23,3;21,3;20,3;18,3;90;78;83;63;7,4;4,7;
2026/04/21;1600 UTC;0;1017,6;1017,8;1017;1542,2;22,6;18,6;23,1;22,3;19,2;18,2;84;77;80;55;6,5;4,3;
2026/04/21;1700 UTC;0;1016,7;1017;1016,3;1374,4;22,6;19;23,3;22,2;19,6;18,4;85;77;82;62;7,7;4,9;
2026/04/21;1800 UTC;0;1016,2;1016,3;1016,1;1038,4;22,4;18,8;23,2;21,5;19,3;18,1;87;77;82;73;9;6,5;
2026/04/21;1900 UTC;0;1016;1016,1;1015,8;1264,2;22,2;19,4;23,1;21,5;19,9;18,9;88;82;86;76;7,9;5,8;
2026/04/21;2000 UTC;0;1015,7;1015,8;1015,5;372,8;21,4;19,6;21,7;21,2;19,8;19,3;93;88;91;80;8,2;5,7;
2026/04/21;2100 UTC;0;1015,4;1015,6;1015,2;90,5;21,1;19,9;21,3;21;20;19,7;95;93;94;72;6,7;4,9;
2026/04/21;2200 UTC;0;1015,1;1015,2;1014,9;,6;20,9;19,8;21;20,8;20,1;19,3;95;92;94;43;5,6;3,4;
2026/04/21;2300 UTC;0;1015,3;1015,5;1015;0;21,1;19,7;21,2;20,9;20,2;19,3;95;92;93;45;6,1;3,9;
2026/04/22;0000 UTC;0;1015;1015,1;1014,8;0;21;20,1;21,2;21;20,2;20,1;96;95;96;31;5,5;3,2;
2026/04/22;0100 UTC;0;1014,8;1015,1;1014,7;0;21,1;20,2;21,2;21,1;20,2;20,1;96;95;95;31;5,7;3,3;
2026/04/22;0200 UTC;0;1014,8;1015;1014,7;0;21,2;20,3;21,3;21,1;20,4;20,2;96;95;96;55;5,1;2,8;
2026/04/22;0300 UTC;0;1014,6;1014,7;1014,5;0;21,1;20,4;21,2;21;20,4;20,3;96;96;96;180;4,1;2,2;
2026/04/22;0400 UTC;0;1014,3;1014,5;1014,1;0;21,1;20,3;21,3;20,7;20,4;20;96;96;96;317;4,8;2,7;
2026/04/22;0500 UTC;0;1014;1014,2;1013,8;0;20,6;20;20,7;20,5;20,1;19,9;97;97;97;336;6,1;3,8;
2026/04/22;0600 UTC;0;1013,7;1014;1013,4;0;20,5;19,9;20,6;20,4;20;19,8;97;97;97;336;5,7;3,5;
2026/04/22;0700 UTC;0;1013,2;1013,4;1013;0;20,4;19,8;20,4;20,3;19,8;19,7;98;97;97;331;4,7;2,9;
2026/04/22;0800 UTC;0;1013;1013,1;1013;0;20,2;19,8;20,3;20,1;19,9;19,7;98;97;98;325;5,7;4,2;
2026/04/22;0900 UTC;0;1013,1;1013,3;1013;0;20,1;19,7;20,1;20;19,8;19,6;98;98;98;323;5,7;4;
2026/04/22;1000 UTC;0;1013,7;1014,1;1013,3;0;19,9;19,5;20;19,8;19,7;19,3;98;98;98;293;5;3,1;
2026/04/22;1100 UTC;0;1014,5;1014,8;1014,1;120,5;19,7;19,2;20,1;19,6;19,5;19,1;98;97;97;278;5,7;2,9;
2026/04/22;1200 UTC;0;1015,1;1015,4;1014,8;655,7;20,9;19,4;22;20,1;19,6;19;97;86;93;275;6,6;3,6;
2026/04/22;1300 UTC;0;1015,6;1015,7;1015,4;1132,5;21,9;19,1;22,6;21,6;19,4;18,8;87;83;86;276;5,7;3,4;
2026/04/22;1400 UTC;0;1015,7;1015,9;1015,5;1416,1;22,8;18,8;23,5;22,2;19,2;18,2;83;77;80;272;6,2;4;
2026/04/22;1500 UTC;0;1015,8;1015,9;1015,6;2221,1;23,6;18,1;24,5;22,2;18,8;17,2;81;68;72;246;8,4;5,1;
2026/04/22;1600 UTC;0;1015,6;1015,8;1015,3;2614,2;24;16,8;24,4;23,6;18,3;15,3;72;57;64;249;9,1;6;
2026/04/22;1700 UTC;0;1015,1;1015,4;1014,9;2540,4;24,2;15,6;24,7;23,9;16,3;15,2;60;54;57;258;7,8;4,5;
2026/04/22;1800 UTC;0;1015,4;1015,6;1015,1;2235,2;24,2;14,4;24,7;23,9;15,2;13,8;54;48;51;252;8,7;4,6;
2026/04/22;1900 UTC;0;1015,6;1015,8;1015,4;1668,8;23,6;14,1;24,1;23,1;14,7;13,4;55;49;52;225;8,1;5;
2026/04/22;2000 UTC;0;1015,9;1016,2;1015,7;770,7;22,1;15,4;23,2;20,6;16,8;13,4;78;51;66;175;7,6;6,3;
2026/04/22;2100 UTC;0;1016,7;1017,1;1016,2;239,5;20,1;15,6;20,8;19,2;16;15,2;81;76;78;179;7,2;6;
2026/04/22;2200 UTC;0;1017,6;1018,1;1017,1;,4;18,9;14,6;19,4;18,3;15,6;13,3;83;74;79;234;4,5;2,6;
2026/04/22;2300 UTC;0;1018,5;1018,8;1018,1;0;17,1;13,2;18,3;16,1;13,4;13,1;85;75;80;264;3;2;
2026/04/23;0000 UTC;0;1019;1019,2;1018,8;0;16;13,1;16,2;15,8;13,3;13;87;85;86;242;4;2,5;
2026/04/23;0100 UTC;0;1019,2;1019,6;1019;0;16,6;13,7;17,4;15,9;14,4;13,3;88;83;85;227;6,3;3,5;
2026/04/23;0200 UTC;0;1019,7;1019,9;1019,5;0;15,8;12,8;16,3;15,2;13,4;12,4;86;84;85;243;4,4;2,9;
2026/04/23;0300 UTC;0;1019,5;1019,8;1019,2;0;14,6;12,4;15,2;14,4;12,5;12,3;90;86;89;248;4,6;3,3;
2026/04/23;0400 UTC;0;1019,6;1019,8;1019,4;0;13,9;12,2;14,4;13,6;12,4;11,9;93;90;92;291;4,5;3,1;
2026/04/23;0500 UTC;0;1019,8;1019,8;1019,6;0;13,3;11,7;13,6;13,1;11,9;11,5;93;92;92;292;4,8;3,4;
2026/04/23;0600 UTC;0;1020,1;1020,3;1019,7;0;13,2;11,5;13,3;13,1;11,6;11,4;93;91;92;277;5;3,5;
2026/04/23;0700 UTC;0;1020,1;1020,5;1020;0;12,8;11,4;13,1;12,6;11,6;11,3;94;92;93;278;5,7;3,7;
2026/04/23;0800 UTC;0;1020,1;1020,3;1019,9;0;12,5;11,3;12,7;12,3;11,4;11,2;95;93;94;277;5;3,4;
2026/04/23;0900 UTC;0;1020,6;1020,8;1020,3;0;12,6;11,5;12,8;12,4;11,6;11,4;95;94;94;280;5,4;3,5;
2026/04/23;1000 UTC;0;1020,8;1021;1020,6;0;13;11,7;13,5;12,8;12;11,5;94;92;93;256;4,8;3,1;
2026/04/23;1100 UTC;0;1021,1;1021,3;1020,9;114;13,5;12,1;14,2;13,2;12,7;11,8;94;92;93;246;4,2;2,7;
2026/04/23;1200 UTC;0;1021,7;1022,1;1021,3;401,8;15;13,2;15,4;14,3;13,4;12,7;92;90;91;272;3,3;2,1;
2026/04/23;1300 UTC;0;1022,1;1022,2;1022;1330,1;17,5;14,4;18,7;15,5;15;13,4;90;80;84;219;3,2;1,8;
2026/04/23;1400 UTC;0;1021,9;1022;1021,7;1414,9;19,6;15;20,7;18,7;15,9;14,4;82;73;77;196;3,7;3;
2026/04/23;1500 UTC;0;1021,9;1022;1021,8;1671,8;21;15,5;21,8;19,9;16;14,7;77;68;72;180;3,6;2,5;
2026/04/23;1600 UTC;0;1021,7;1021,9;1021,4;2325,3;22,2;15,3;22,9;21,5;16,3;14,3;71;62;66;134;3,1;1,9;
2026/04/23;1700 UTC;0;1021,2;1021,5;1020,8;2419,7;21,7;14,8;22,1;21,4;15,4;14,3;68;62;66;138;3,8;2,5;
2026/04/23;1800 UTC;0;1020,8;1021;1020,6;1490,5;21,2;14,4;21,8;20,7;15,4;13,6;69;64;66;121;2,6;1,9;
2026/04/23;1900 UTC;0;1020,5;1020,7;1020,4;840,2;20,5;14,3;21;20,1;14,8;13,9;72;66;69;104;2,5;1,3;
2026/04/23;2000 UTC;0;1020,7;1020,8;1020,5;497,2;19,9;14;20,6;19,3;14,5;13,6;74;67;70;94;1,9;1,3;
2026/04/23;2100 UTC;0;1020,9;1021;1020,7;110,7;18,8;13,6;19,3;18,4;14;13,3;76;72;74;82;1,7;1,3;
2026/04/23;2200 UTC;0;1021,1;1021,4;1020,9;0;17,7;13,3;18,4;17,4;13,5;13,1;80;75;78;109;2,7;2,1;
2026/04/23;2300 UTC;0;1021,5;1021,7;1021,4;0;17,7;13,6;17,9;17,5;13,9;13,4;81;78;80;113;3,5;2,7;
2026/04/24;0000 UTC;0;1021,9;1022,1;1021,6;0;17,3;13,6;17,9;16,4;13,9;13,3;86;77;81;78;3,2;2,2;
2026/04/24;0100 UTC;0;1021,8;1022;1021,7;0;18;13,7;18,3;17,1;14;13,4;82;77;79;79;3,8;2,7;
2026/04/24;0200 UTC;0;1022;1022,2;1021,7;0;17,3;13,7;18,4;16,1;14;13,5;88;77;82;102;2,5;2;
2026/04/24;0300 UTC;0;1021,9;1022,1;1021,6;0;16;13,9;16,2;15,8;14;13,7;91;88;89;95;2,3;1,7;
2026/04/24;0400 UTC;0;1021,3;1021,6;1021;0;15,2;13,6;15,8;14,5;13,9;13,2;94;90;92;53;1,6;1;
2026/04/24;0500 UTC;0;1021;1021,1;1020,7;0;14,9;13,5;15,6;14,2;14,3;12,9;96;89;93;39;3,3;1,4;
2026/04/24;0600 UTC;0;1020,7;1021,1;1020,4;0;15,6;13,3;16;15,1;13,5;13;91;85;88;24;4,1;2,6;
2026/04/24;0700 UTC;0;1020,4;1020,6;1020,2;0;15,6;13;16,1;15,3;13,3;12,8;88;85;87;38;3,4;2;
2026/04/24;0800 UTC;0;1020,1;1020,2;1019,8;0;15,5;12,9;15,9;15,1;13,2;12,6;89;85;87;25;3;2,1;
2026/04/24;0900 UTC;0;1020;1020,3;1019,8;0;15,1;12,8;15,5;14,5;13,2;12,3;91;86;88;60;2,9;1,7;
2026/04/24;1000 UTC;0;1020,2;1020,3;1020,1;0;16,3;14;17,8;14,4;15;12,1;93;84;88;100;4,7;3,3;
2026/04/24;1100 UTC;0;1020,4;1020,5;1020,2;91,3;18,4;15,1;18,9;17,8;15,5;14,8;85;82;83;96;5,7;4,2;
2026/04/24;1200 UTC;0;1020,7;1020,8;1020,5;585,8;19,8;15,8;20,7;18,9;16,4;15,4;83;76;80;96;6;4,4;
2026/04/24;1300 UTC;0;1020,9;1021;1020,7;1267,4;21,1;16,2;22,3;20,3;16,9;15,7;80;71;76;97;5,8;4,4;
2026/04/24;1400 UTC;0;1020,6;1021,1;1020,3;1824,2;22,3;16,7;22,6;22,1;17,2;16,3;74;70;72;93;5,9;4,6;
2026/04/24;1500 UTC;0;1020,3;1020,4;1020,2;2239;22,9;17;23,3;22,1;17,5;16,4;74;67;71;99;5,5;4,1;
2026/04/24;1600 UTC;0;1019,7;1020,1;1019,1;2599,2;23,4;17,2;23,6;23,1;17,7;16,9;71;67;69;90;6,4;4,7;
2026/04/24;1700 UTC;0;1018,3;1019,1;1017,8;2462,8;23,2;17,4;23,4;23;18;17;73;69;71;90;7,3;5,4;
2026/04/24;1800 UTC;0;1017,7;1017,9;1017,4;2143,7;23;17,2;23,3;22,4;17,6;16,7;73;69;71;71;7,9;6,1;
2026/04/24;1900 UTC;0;1017,5;1017,7;1017,4;1519,5;22,5;17;23,2;21,8;17,4;16,6;77;70;73;80;6,8;4,9;
2026/04/24;2000 UTC;0;1017,2;1017,4;1017,1;755,9;21,9;17,1;22,5;21,2;17,4;16,8;80;72;76;76;7,4;5,1;
2026/04/24;2100 UTC;0;1017,1;1017,3;1017;260,6;21;17,3;21,4;20,6;17,7;17;84;79;82;76;6,7;4,5;
2026/04/24;2200 UTC;0;1017,1;1017,2;1017;,7;20,5;17,5;20,7;20,3;17,8;17,2;87;83;85;91;6;4,6;
2026/04/24;2300 UTC;0;1016,9;1017,1;1016,8;0;20,3;17,8;20,5;20,2;18;17,7;88;86;88;109;6,5;5;
2026/04/25;0000 UTC;;;;;;;;;;;;;;;;;;
2026/04/25;0100 UTC;0;1017,2;1017,3;1017,1;0;20;18,3;20,1;19,9;18,5;18,1;93;90;91;115;5;3,8;
2026/04/25;0200 UTC;0;1017,3;1017,4;1017,2;0;20,3;18,7;20,4;20;18,8;18,4;93;92;92;93;4,6;3,4;
2026/04/25;0300 UTC;0;1016,8;1017,2;1016,5;0;20,2;18,7;20,4;20,1;18,8;18,6;93;92;93;88;5;3,8;
2026/04/25;0400 UTC;0;1016,3;1016,5;1016,1;0;19,9;18,6;20,2;19,6;18,7;18,2;94;93;94;99;3,7;2,9;
2026/04/25;0500 UTC;0;1015,9;1016,1;1015,6;0;19,5;18,4;19,6;19,3;18,5;18,2;95;93;94;101;4,1;3;
2026/04/25;0600 UTC;0;1015,3;1015,7;1014,9;0;19,3;18,2;19,4;19,2;18,3;18,2;95;95;95;85;4,1;3;
2026/04/25;0700 UTC;0;1014,7;1014,8;1014,6;0;19,2;18,2;19,3;19,1;18,3;17,9;95;94;95;79;3,8;2,8;
2026/04/25;0800 UTC;0;1014,4;1014,6;1014,2;0;19,2;17,4;19,3;19,1;17,9;17,2;94;90;91;74;3,8;2,8;
2026/04/25;0900 UTC;0;1014,3;1014,5;1014,1;0;19,2;17,1;19,3;18,4;17,3;16,3;91;88;90;56;4,1;1,4;
2026/04/25;1000 UTC;0;1014,6;1014,7;1014,5;0;17,4;16,2;18,3;16,8;16,6;15,9;96;89;94;247;2,1;1,5;
2026/04/25;1100 UTC;0;1014,9;1015;1014,7;190,5;17;16,3;18,1;16,3;17,3;15,4;97;95;96;246;1,2;,9;
2026/04/25;1200 UTC;0;1015,3;1015,6;1015;701,6;19,6;17,9;21;18,1;18,3;17,3;96;84;91;208;1,8;1,3;
2026/04/25;1300 UTC;0;1015,6;1015,8;1015,5;1513,4;22,4;18,3;23,2;21;18,8;17,9;84;75;79;159;3,4;2,6;
2026/04/25;1400 UTC;0;1015,5;1015,7;1015,3;2088;23,1;18;23,3;22,9;18,5;17,5;76;72;75;145;3,5;3;
2026/04/25;1500 UTC;0;1015,2;1015,3;1015,1;2398,2;23,1;17,7;23,3;22,7;18,1;17,3;75;71;73;131;3,6;2,8;
2026/04/25;1600 UTC;0;1014,7;1015,1;1014,3;2468,2;23,1;17,6;23,3;22,8;18;17,2;74;70;72;130;4,4;3,5;
2026/04/25;1700 UTC;0;1013,8;1014,3;1013,4;2396,5;23,3;17,6;23,8;22,9;18;17,1;74;68;71;106;3,8;2,8;
2026/04/25;1800 UTC;0;1013,1;1013,3;1012,9;2103,6;23,4;17,4;23,8;23;18;16,9;72;67;70;114;4,4;3,3;
2026/04/25;1900 UTC;0;1012,9;1013,1;1012,8;1270,9;22,7;16,9;23,2;21,3;17,4;16,1;76;69;71;104;3,9;2,9;
2026/04/25;2000 UTC;0;1012,7;1012,8;1012,6;462,1;21,4;16,1;21,9;20,9;16,5;15,6;76;71;73;84;4,5;3,5;
2026/04/25;2100 UTC;0;1012,4;1012,7;1012,2;134,7;20,6;15,9;20,9;20,2;16,1;15,7;79;74;76;84;5;3,6;
2026/04/25;2200 UTC;0;1012,4;1012,5;1012,2;0;20,1;15,9;20,3;20;16,1;15,7;80;77;79;70;5,2;3,9;
2026/04/25;2300 UTC;0;1012,6;1012,6;1012,4;0;20,3;15,6;20,4;20,3;16;15,2;78;75;76;58;5,6;3,8;
2026/04/26;0000 UTC;;;;;;;;;;;;;;;;;;
2026/04/26;0100 UTC;0;1012,3;1012,5;1012,1;0;19,3;15,9;19,7;18,7;16,1;15,7;87;80;83;91;3,9;2,2;
2026/04/26;0200 UTC;0;1012,2;1012,4;1012;0;18,7;16,3;18,8;18,5;16,4;16,1;89;87;88;100;3,4;2,2;
2026/04/26;0300 UTC;0;1011,9;1012,3;1011,5;0;18,1;16,4;18,5;17,7;16,4;16,3;93;89;92;339;2,5;1,9;
2026/04/26;0400 UTC;0;1011,3;1011,6;1011;0;17,7;16,5;17,8;17,6;16,7;16,3;95;93;94;345;1,9;1,6;
2026/04/26;0500 UTC;0;1010,7;1011;1010,4;0;17,7;16,8;17,8;17,6;17;16,6;96;95;95;244;3,2;2,1;
2026/04/26;0600 UTC;0;1010,2;1010,4;1010;0;17,8;16,9;17,8;17,7;17;16,7;96;95;96;336;4,2;2,7;
2026/04/26;0700 UTC;0;1009,9;1010,1;1009,5;0;18;17,3;18,1;17,8;17,5;16,9;97;95;97;303;4,3;2,5;
2026/04/26;0800 UTC;0;1009,3;1009,5;1009;0;17,5;17;17,9;17;17,4;16,6;98;97;98;315;4;2,5;
2026/04/26;0900 UTC;0;1008,9;1009,1;1008,8;0;16,9;16,5;17;16,7;16,6;16,4;99;98;98;315;4,6;3;
2026/04/26;1000 UTC;0;1008,8;1008,9;1008,7;,1;16,4;16,2;16,7;16,1;16,5;15,9;99;99;99;312;3,5;2,2;
2026/04/26;1100 UTC;,2;1008,6;1008,7;1008,4;172;16;15,8;16,2;15,9;15,9;15,7;99;98;99;321;4,4;3,2;
2026/04/26;1200 UTC;0;1008,7;1008,8;1008,5;669,2;17;16,3;17,9;16,2;16,6;15,9;98;93;96;299;6,4;3,4;
2026/04/26;1300 UTC;0;1008,6;1008,7;1008,3;1514,9;18,8;16,3;19,5;18;16,7;16;92;84;88;297;6,4;4,1;
2026/04/26;1400 UTC;0;1008,4;1008,6;1008,2;2111,2;20,3;16,4;21,1;19,5;16,8;15,9;84;75;80;284;6,3;3,6;
2026/04/26;1500 UTC;0;1008;1008,3;1007,6;2395,5;21,1;15,9;21,9;20,4;16,5;15,4;79;68;74;283;6,2;4,4;
2026/04/26;1600 UTC;0;1007;1007,6;1006,3;2272,6;22,5;15,6;23,4;21,9;16,1;14,8;69;60;65;285;8;4,2;
2026/04/26;1700 UTC;0;1005,6;1006,3;1005,1;2406,3;23,4;15,1;24;23;16,1;14,6;62;54;58;298;10;6,1;
2026/04/26;1800 UTC;0;1004,8;1005,3;1004,4;1888,6;23,6;14;24,1;22,6;14,8;13,4;55;49;52;303;11,7;7;
2026/04/26;1900 UTC;,6;1004,2;1004,6;1003,7;938,1;23,1;13,8;24;20,7;14,6;13,3;69;48;54;287;9,8;4,7;
2026/04/26;2000 UTC;1;1004,5;1004,9;1004,2;461,9;18;14,4;20,3;15,9;15,7;12,9;86;73;82;253;6,5;3,3;
2026/04/26;2100 UTC;0;1005,3;1005,8;1004,4;113,6;17,7;12,4;18,9;16,2;15,4;10,6;83;65;74;249;9,6;5,5;
2026/04/26;2200 UTC;0;1006,3;1006,8;1005,8;,2;15,7;11,1;16,1;15,2;11,5;10,7;79;74;77;238;8;4,7;
2026/04/26;2300 UTC;0;1007,2;1007,6;1006,8;0;14,7;9,2;15,2;13,8;10,7;8,2;78;69;73;263;8;4,2;
2026/04/27;0000 UTC;0;1008;1008,4;1007,6;0;13,4;7,8;13,7;13;9,2;6,3;79;66;72;262;8,3;5,3;
2026/04/27;0100 UTC;0;1008,9;1009,2;1008,5;0;12,5;5,6;12,9;12;6,4;5;68;63;65;263;10;5,8;
2026/04/27;0200 UTC;0;1009,2;1009,5;1008,7;0;11,6;4,7;11,9;11,1;5,1;4,3;67;64;66;274;8,6;5,4;
2026/04/27;0300 UTC;0;1009,4;1009,5;1009,2;0;10,8;4;11,1;10,4;4,3;3,6;67;65;66;282;9,2;5,3;
2026/04/27;0400 UTC;0;1009,2;1009,5;1009;0;10;3,3;10,4;9,7;3,7;3;67;65;66;284;8,7;5,4;
2026/04/27;0500 UTC;0;1009,2;1009,4;1008,8;0;9,3;2,7;9,7;9;3;2,4;68;66;67;293;9;5,5;
2026/04/27;0600 UTC;0;1008,8;1009,1;1008,6;0;8,9;2,3;9,1;8,7;2,4;2,2;68;66;67;295;9,1;5,4;
2026/04/27;0700 UTC;0;1008,4;1008,9;1007,9;0;8,6;2,7;8,8;8,4;3,2;2,3;72;68;70;304;9,9;5,8;
2026/04/27;0800 UTC;0;1008;1008,3;1007,8;0;8,9;3,5;9;8,8;3,9;3,2;75;72;73;307;11,2;5,6;
2026/04/27;0900 UTC;0;1008,5;1008,6;1008,3;0;9,2;4,2;9,3;8,9;4,7;3,9;77;74;75;303;10,8;6,1;
2026/04/27;1000 UTC;0;1008,7;1008,9;1008,5;0;9,5;5,1;9,9;9,2;5,7;4,7;79;77;78;299;9,8;5,9;
2026/04/27;1100 UTC;0;1009,2;1009,6;1008,7;155,7;10,8;6,1;11,5;10;6,5;5,7;79;75;77;284;11,1;5,9;
2026/04/27;1200 UTC;0;1009,9;1010,5;1009,4;626,5;12,2;6,7;12,5;11,5;7;6,4;74;71;72;271;13,8;7,4;
2026/04/27;1300 UTC;0;1010,5;1010,8;1010,2;1138,9;12,9;7,3;13,6;12,3;7,8;6,9;74;70;72;278;11,7;7,4;
2026/04/27;1400 UTC;0;1011;1011,5;1010,6;1516,5;14,1;8;15;13,5;8,4;7,6;72;66;70;257;15;8,2;
2026/04/27;1500 UTC;0;1011,5;1011,9;1011,2;2026,2;15,1;8,4;15,7;14,7;8,8;7,9;68;64;66;261;15,8;8,1;
2026/04/27;1600 UTC;0;1011,8;1012,1;1011,5;1524,9;15,2;8,8;15,9;14,7;9,3;8,3;70;65;68;266;12,3;6,9;
2026/04/27;1700 UTC;0;1011,7;1012;1011,5;872,2;15,5;9,1;15,9;15,1;9,4;8,9;69;67;68;265;13,4;7,1;
2026/04/27;1800 UTC;0;1011,8;1012,1;1011,4;1637,9;16,5;9,5;17,1;15,6;10,1;9,1;68;63;65;263;16,5;7,9;
2026/04/27;1900 UTC;0;1012,4;1012,8;1011,8;1446,3;16,6;9,7;17,1;16,3;10,1;9,4;67;64;65;263;12,7;7,9;
2026/04/27;2000 UTC;0;1013,1;1013,5;1012,6;704,5;16,2;9,6;16,5;15,9;9,9;9,5;69;66;67;252;11,1;5,9;
2026/04/27;2100 UTC;0;1013,6;1014;1013,1;186,4;15,2;9,6;15,9;14,4;9,8;9,4;77;68;72;272;5,8;3,4;
2026/04/27;2200 UTC;0;1014,5;1015;1014,1;0;14,4;9,6;14,6;14,3;9,9;9,3;78;73;76;278;6,8;3,6;
2026/04/27;2300 UTC;0;1015,2;1015,6;1015;0;14;8,9;14,5;13,3;9,5;8,5;76;74;75;277;7,5;4,6;
2026/04/28;0000 UTC;0;1015,7;1016;1015,5;0;12,9;8,3;13,3;12,5;8,5;8,1;79;76;77;269;7,4;4,6;
2026/04/28;0100 UTC;0;1016,2;1016,5;1015,9;0;12;8;12,4;11,5;8,1;7,8;82;78;80;286;5,3;3,3;
2026/04/28;0200 UTC;0;1016,4;1016,4;1016,3;0;11,3;7,7;11,5;10,9;7,9;7,6;83;81;82;286;6,1;3,9;
2026/04/28;0300 UTC;0;1016,5;1016,6;1016,3;0;10,6;7,5;10,9;10,3;7,6;7,4;86;83;84;295;5,9;3,7;
2026/04/28;0400 UTC;0;1016,7;1016,8;1016,5;0;9,7;7,4;10,4;9,2;7,5;7,3;91;85;89;301;5,5;3,8;
2026/04/28;0500 UTC;0;1016,8;1016,9;1016,6;0;9,1;7,5;9,3;8,8;7,5;7,4;93;90;92;302;4,8;3,4;
2026/04/28;0600 UTC;0;1016,4;1016,6;1016,3;0;9;7,4;9,1;8,8;7,6;7,3;93;92;92;300;5,1;3,5;
2026/04/28;0700 UTC;0;1016,3;1016,3;1016,1;0;8,7;7,3;8,9;8,5;7,4;7,2;94;92;93;301;5,4;4;
2026/04/28;0800 UTC;0;1016,4;1016,6;1016,3;0;8,3;7,1;8,5;8,2;7,2;6,8;94;93;94;299;5,1;3,3;
2026/04/28;0900 UTC;0;1016,7;1017;1016,6;0;8,4;6,7;8,6;8,1;6,9;6,5;93;90;92;295;5,1;3,4;
2026/04/28;1000 UTC;0;1017,2;1017,5;1016,9;0;8,2;6,3;8,5;7,9;6,5;6,1;91;90;91;296;5,9;3,6;
2026/04/28;1100 UTC;0;1017,9;1018,3;1017,5;160,9;8,4;6;9,2;7,9;6,1;6;91;84;88;284;6,5;4;
2026/04/28;1200 UTC;0;1018,6;1018,9;1018,3;662,4;10,3;6,6;11,7;9,2;7,7;6;84;77;81;288;5,8;3,3;
2026/04/28;1300 UTC;0;1018,9;1019;1018,8;1443,5;12,3;7,2;13,2;11,6;7,6;6,8;79;70;74;272;5,7;3,6;
2026/04/28;1400 UTC;0;1018,8;1019,1;1018,6;2075,8;14,8;7,9;16;13,4;8,7;7,2;71;59;66;259;5,9;3,4;
2026/04/28;1500 UTC;0;1018,5;1018,7;1018,2;2401,6;16,4;7,3;17,2;15,7;8,1;6,4;60;50;54;257;7,2;4,3;
2026/04/28;1600 UTC;0;1017,8;1018,2;1017,3;2531,5;17;7,3;17,9;16,6;8,6;6,4;56;46;51;265;7,7;3,9;
2026/04/28;1700 UTC;0;1016,9;1017,3;1016,4;2106,2;17,5;7;18,1;17;8,1;5,7;53;41;47;291;7,4;4,4;
2026/04/28;1800 UTC;0;1016;1016,4;1015,5;1919,2;17,6;5,9;18,2;17,2;6,5;5,3;45;38;41;269;6,2;4,1;
2026/04/28;1900 UTC;0;1015,5;1015,7;1015,3;1480,4;17,6;5,9;17,9;17,3;6,5;5,3;45;39;42;267;5,9;3,4;
2026/04/28;2000 UTC;0;1015;1015,4;1014,7;539,7;16,5;6;17,5;16,2;6,7;5,5;53;44;47;276;2,9;1,4;
2026/04/28;2100 UTC;0;1015;1015,2;1014,8;189,2;15,4;5,6;16,3;14,1;7,1;5,1;56;47;51;306;3,5;2,5;
2026/04/28;2200 UTC;0;1015;1015,1;1014,8;0;13,3;5;14,1;12,4;5,3;4,7;65;55;59;320;3;2,1;
2026/04/28;2300 UTC;0;1015,4;1015,5;1015,1;0;11,9;4,4;12,3;11,7;5,2;4;65;61;62;310;3,5;2,7;
2026/04/29;0000 UTC;0;1015,5;1015,6;1015,4;0;11,3;4,3;11,8;11;4,5;4;67;62;65;316;3,9;3,1;
2026/04/29;0100 UTC;0;1015,5;1015,7;1015,4;0;11,1;4,7;11,3;10,9;4,8;4,5;69;66;68;318;4,2;2,9;
2026/04/29;0200 UTC;0;1015,5;1015,7;1015,4;0;11,7;4,2;12,2;11;4,7;3,7;68;58;62;313;4,8;3,5;
2026/04/29;0300 UTC;0;1015,4;1015,7;1015,1;0;11,2;4,2;11,6;10,6;4,5;4;69;62;65;321;4,6;3,5;
2026/04/29;0400 UTC;0;1014,9;1015,1;1014,6;0;10,4;4,1;10,6;10,3;4,5;3,9;70;67;68;323;5,4;4,2;
2026/04/29;0500 UTC;0;1014,5;1014,6;1014,3;0;10,6;3,3;11,1;10,2;4;2,9;69;59;63;324;5,4;4;
2026/04/29;0600 UTC;0;1014,1;1014,3;1013,9;0;10,7;3,1;11,1;10,5;3,3;2,9;64;59;62;319;4,5;3,5;
2026/04/29;0700 UTC;0;1013,8;1014;1013,6;0;11;3,6;11,7;10,1;4,6;3,1;72;58;63;319;4,3;3,3;
2026/04/29;0800 UTC;0;1013,5;1013,7;1013,5;0;10,7;4,8;11,3;10,2;5,2;4,5;74;67;70;317;5,3;4;
2026/04/29;0900 UTC;0;1013,6;1013,7;1013,5;0;10,6;4,9;11,1;10,3;5,3;4,5;73;70;71;321;6,1;4,4;
2026/04/29;1000 UTC;0;1013,8;1013,9;1013,6;0;10,7;4,8;11,1;10,2;5;4,7;73;69;71;324;5,7;4,5;
2026/04/29;1100 UTC;0;1014;1014,3;1013,8;158,6;11,4;5,3;12,2;10,4;6,3;4,7;72;67;70;316;6,4;4,7;
2026/04/29;1200 UTC;0;1014,5;1014,7;1014,3;649,4;13,3;6,6;14,5;12,2;7,5;6,1;71;61;66;317;6,7;4,7;
2026/04/29;1300 UTC;0;1014,7;1014,8;1014,4;1502,7;15,7;7,6;16,8;14,6;8,3;7;65;55;59;316;7,4;4,5;
2026/04/29;1400 UTC;0;1014,4;1014,6;1014,2;2057,8;17,4;8;18,2;16,9;8,8;7,5;56;50;53;311;7,3;4,7;
2026/04/29;1500 UTC;0;1014;1014,4;1013,5;2290,9;19;9,2;19,7;18,1;9,7;8,7;56;46;51;308;8,4;5,1;
2026/04/29;1600 UTC;0;1013,1;1013,6;1012,6;2129,4;20,2;9,8;20,9;19,6;10,8;8,9;50;46;48;327;8,9;5,5;
2026/04/29;1700 UTC;0;1012,4;1012,6;1012,1;1558;20,5;10,4;21,1;20,1;11;9,5;52;46;50;326;7,7;4,9;
2026/04/29;1800 UTC;0;1011,8;1012,1;1011,6;1761,1;21,3;10,3;21,9;20,6;10,8;9,6;50;42;45;322;9,6;6;
2026/04/29;1900 UTC;0;1011,8;1012,1;1011,4;883,8;20,9;10,4;21,6;20,1;10,8;9,9;51;43;48;336;8,5;5,4;
2026/04/29;2000 UTC;0;1011,4;1011,6;1011,1;332,5;19,9;10,6;20,2;19,5;11,1;10;58;49;53;333;7,6;4,8;
2026/04/29;2100 UTC;0;1011,7;1012;1011,3;99,4;19;11,4;19,5;18,3;11,5;11,1;65;58;62;318;6;4,2;
2026/04/29;2200 UTC;0;1012,1;1012,2;1011,9;1;17,7;10,8;18,3;17,1;11,4;10,2;66;65;65;320;5,2;3,6;
2026/04/29;2300 UTC;0;1012,5;1013;1012,1;0;17;10,1;17,2;16,8;10,3;9,9;66;64;65;318;5,2;3,7;
2026/04/30;0000 UTC;0;1013,5;1013,8;1013;0;16,7;9,9;17;16,5;10,1;9,7;67;64;66;311;7,3;3,7;
2026/04/30;0100 UTC;0;1014,1;1014,3;1013,8;0;16,3;9,6;16,6;15,5;9,8;9,5;70;65;67;315;5,7;4;
2026/04/30;0200 UTC;0;1014,4;1014,5;1014,2;0;15,2;9,4;15,6;14,7;9,5;9,2;73;69;71;310;4,9;3,6;
2026/04/30;0300 UTC;0;1014,7;1014,8;1014,4;0;14,4;9;14,7;14,2;9,2;8,9;74;71;73;288;6,2;4;
2026/04/30;0400 UTC;0;1015;1015,2;1014,8;0;13,7;8,6;14,5;12,8;8,9;8,4;78;72;75;306;5;3,8;
2026/04/30;0500 UTC;0;1015,2;1015,3;1014,9;0;12,4;8,5;12,8;12;8,6;8,4;82;79;81;302;4,5;3,4;
2026/04/30;0600 UTC;0;1015,5;1015,6;1015,3;0;11,9;8,3;12,1;11,8;8,4;8,1;83;81;82;300;4,6;3,4;
2026/04/30;0700 UTC;0;1015,4;1015,5;1015,3;0;11,8;8,1;12,1;11,6;8,2;8;83;80;81;293;4,7;3,4;
2026/04/30;0800 UTC;0;1015,6;1015,6;1015,4;0;11,2;7,9;11,6;11;8;7,8;84;82;83;292;4,2;2,9;
2026/04/30;0900 UTC;0;1015,7;1015,9;1015,6;0;10,8;7,9;11,1;10,5;7,9;7,8;86;84;85;299;3,7;2,7;
2026/04/30;1000 UTC;0;1016,1;1016,5;1015,9;0;10,3;7,9;10,6;10,1;8;7,7;89;86;88;288;4,5;3,5;
2026/04/30;1100 UTC;0;1016,7;1017;1016,5;148,4;10,6;8,1;11,3;10,2;8,5;7,9;89;86;88;298;4,2;2,8;
2026/04/30;1200 UTC;0;1017,1;1017,3;1016,9;647;13,2;9,3;14,9;11,4;10,5;8,5;85;77;81;309;3,1;2,1;
2026/04/30;1300 UTC;0;1017,6;1017,8;1017,2;1492,4;16,9;11,5;18,5;14,9;12,4;10,3;78;68;73;290;2,1;1,3;
2026/04/30;1400 UTC;0;1018,1;1018,3;1017,8;2025,7;19,8;12,8;20,8;18,6;14,6;11,5;71;56;65;149;3,4;2,3;
2026/04/30;1500 UTC;0;1018,1;1018,2;1017,9;2354,1;20,2;14,1;20,8;19,9;14,8;13,7;72;67;70;136;3,8;3,2;
2026/04/30;1600 UTC;0;1017,6;1017,9;1017,3;2450,6;20,7;14,3;21,3;20,1;14,9;13,7;70;65;68;112;3,9;2,9;
2026/04/30;1700 UTC;0;1017,1;1017,3;1016,9;2380,6;21,4;14,3;21,7;21,1;14,9;13,3;67;60;65;86;4,8;3,3;
2026/04/30;1800 UTC;0;1016,8;1017;1016,6;1992,1;21,2;14,4;21,5;21;14,9;13,6;68;62;66;88;5,5;4,1;
2026/04/30;1900 UTC;0;1016,8;1016,9;1016,6;1477;21,1;14,1;21,3;20,8;14,4;13,5;68;62;65;79;5,4;3,5;
2026/04/30;2000 UTC;0;1016,8;1016,9;1016,7;638,6;20,2;14,1;20,8;19,4;14,4;13,8;74;66;70;73;6;4,3;
2026/04/30;2100 UTC;0;1016,5;1016,7;1016,3;163,7;19;13,9;19,4;18,5;14,4;13,5;77;72;74;52;6,4;4;
2026/04/30;2200 UTC;0;1016,7;1016,8;1016,5;0;17,9;13,4;18,5;17,5;13,6;13,1;79;74;77;31;5,4;3,7;
2026/04/30;2300 UTC;0;1017;1017,3;1016,8;0;17,3;13,2;17,5;17,2;13,3;12,9;80;78;79;29;5,6;3,5;
2026/05/01;0000 UTC;0;1017,1;1017,3;1017;0;17,1;12,5;17,3;17;13;12,1;79;75;77;28;6,5;4,1;
2026/05/01;0100 UTC;0;1016,9;1017;1016,8;0;16,9;12,2;17,2;16,6;12,6;11,9;79;74;77;27;6,5;4,3;
2026/05/01;0200 UTC;0;1017,1;1017,2;1017;0;16,8;12,4;16,9;16,5;12,6;12,3;79;77;78;36;6,4;3,9;
2026/05/01;0300 UTC;0;1017,2;1017,2;1017,1;0;15,9;12,2;16,5;15,6;12,3;12,1;83;79;81;27;5,1;3,3;
2026/05/01;0400 UTC;0;1017,3;1017,4;1017,2;0;15,8;12,4;16,1;15,6;12,6;12,3;84;82;83;26;4,6;3,2;
2026/05/01;0500 UTC;0;1017,2;1017,3;1017;0;15,4;12,7;16,1;15;13,3;12,4;89;84;87;23;5,3;3,5;
2026/05/01;0600 UTC;0;1016,9;1017;1016,8;0;16,2;13,6;16,4;16,1;13,8;13,3;89;86;87;25;5,2;3,4;
2026/05/01;0700 UTC;0;1016,5;1016,8;1016,3;0;16;14;16,1;16;14,4;13,8;92;88;90;24;4,5;3;
2026/05/01;0800 UTC;0;1016,3;1016,6;1016,1;0;15,4;14,2;16,1;14,7;14,5;13,8;96;92;94;322;3;2,2;
2026/05/01;0900 UTC;0;1016,5;1016,6;1016,5;0;14,7;14;14,9;14,5;14,1;13,8;97;96;96;144;2,8;2,2;
2026/05/01;1000 UTC;0;1016,3;1016,5;1016,1;0;14,7;14,2;15;14,3;14,6;13,7;98;97;98;19;4,2;2,9;
2026/05/01;1100 UTC;0;1015,7;1016,1;1015,3;138,7;15,8;14,9;16,5;15;15,2;14,5;98;93;96;35;5,6;3,9;
2026/05/01;1200 UTC;0;1014,9;1015,4;1014,3;579,1;17,9;16,1;18,7;16,6;16,6;15,2;93;89;91;42;8,9;6,1;
2026/05/01;1300 UTC;0;1014,4;1014,8;1014;871;19,3;16,9;19,8;18,7;17,3;16,5;89;87;88;39;7,5;4,7;
2026/05/01;1400 UTC;0;1014,5;1014,9;1014,1;715,5;20,1;17,5;20,3;19,8;17,7;17,2;88;86;87;72;9,3;5,5;
2026/05/01;1500 UTC;0;1014,1;1014,9;1013,2;496;20,3;17,6;20,3;20,2;17,7;17,5;87;86;87;95;7,6;4,5;
2026/05/01;1600 UTC;0;1012,9;1013,7;1012,1;433,1;20,1;17,3;20,3;19,9;17,7;16,8;87;85;86;256;8,2;4,3;
2026/05/01;1700 UTC;0;1012,3;1012,8;1011,7;628,4;20;16,8;20,1;19,9;17,1;16,6;85;83;84;260;7,5;4,6;
2026/05/01;1800 UTC;0;1011;1011,7;1010;889,5;20,3;16,2;20,6;20,1;16,5;15,9;82;77;79;172;7,8;4,6;
2026/05/01;1900 UTC;0;1010,2;1010,3;1009,9;1269,8;21,4;16,4;21,9;20,5;16,6;16;78;72;75;324;7;4,5;
2026/05/01;2000 UTC;0;1010;1010,2;1009,8;519,2;20,7;16;21,8;20;16,3;15,8;80;72;77;324;5,5;2,7;
2026/05/01;2100 UTC;0;1010,1;1010,4;1009,9;142,4;19,7;15,9;20,5;19,1;16,1;15,8;84;78;81;331;4,4;2,5;
2026/05/01;2200 UTC;0;1010,1;1010,3;1009,9;0;18,8;15,8;19,1;18,5;15,9;15,8;87;84;85;292;2,4;1,2;
2026/05/01;2300 UTC;0;1010,4;1010,6;1010,1;0;18,4;16,1;18,5;18;16,5;15,9;92;87;89;115;3,7;2,5;
2026/05/02;0000 UTC;0;1010,2;1010,4;1009,9;0;17,9;16,8;18;17,8;16,9;16,5;96;93;95;272;,8;,3;
2026/05/02;0100 UTC;,2;1010,1;1010,2;1009,9;0;17,7;17;17,8;17,6;17;16,9;97;96;97;280;3,7;2,1;
2026/05/02;0200 UTC;,2;1010,3;1010,5;1010,2;0;17,4;17;17,6;17,4;17;16,9;98;97;98;252;3,8;2,4;
2026/05/02;0300 UTC;,2;1010,2;1010,3;1010,1;0;17,3;17;17,4;17,2;17,1;17;99;98;99;267;4,4;2,7;
2026/05/02;0400 UTC;0;1010,3;1010,4;1010,1;0;17,1;16,9;17,2;17,1;17;16,9;99;99;99;260;5,4;2,9;
2026/05/02;0500 UTC;0;1010,4;1010,5;1010,2;0;16,7;16,5;17,1;16,4;16,9;16,2;99;99;99;266;6,1;3,8;
2026/05/02;0600 UTC;0;1010,8;1011,3;1010,3;0;15,9;15,7;16,4;15,6;16,2;15,5;100;99;99;269;7,5;4,3;
2026/05/02;0700 UTC;0;1011,6;1012,1;1011,3;0;15,7;15,6;15,8;15,6;15,7;15,5;100;99;99;253;6,9;3,9;
2026/05/02;0800 UTC;0;1012;1012,3;1011,5;0;16,2;15,6;16,7;15,8;15,8;15,5;99;94;97;229;8,5;4,7;
2026/05/02;0900 UTC;,2;1012,6;1013,7;1011,8;0;16,9;14,1;17,2;16,5;15,9;12,5;94;80;86;193;19,8;15,7;
2026/05/02;1000 UTC;0;1014,1;1014,7;1013,4;0;16,6;12,3;16,7;16,4;13,1;11,7;82;76;79;188;18,1;14,6;
2026/05/02;1100 UTC;0;1015,4;1016,2;1014,7;76,4;16,5;11,2;16,7;16,3;12;10,4;77;70;74;208;17,4;10,1;
2026/05/02;1200 UTC;0;1016,7;1017,3;1016;340,1;16;9,6;16,6;15,4;10,8;8,6;72;62;68;222;11,1;6,5;
2026/05/02;1300 UTC;0;1017,6;1018;1017,1;1462,5;17;9;17,4;16,5;9,8;8,1;64;55;60;222;13;8,3;
2026/05/02;1400 UTC;0;1018,4;1018,9;1017,9;1960,8;17,1;7,6;17,4;16,8;9,3;6;60;44;53;218;17,9;11;
2026/05/02;1500 UTC;0;1019,1;1019,5;1018,7;2345,4;17,2;6,1;17,5;16,7;7,8;5,2;52;40;44;212;18,3;10,7;
2026/05/02;1600 UTC;0;1019,4;1019,7;1019,1;2409,2;17;5,3;17,4;16,7;6,5;4,6;49;38;41;225;15,6;9,9;
2026/05/02;1700 UTC;0;1019,6;1019,8;1019,3;2336,8;17,1;5,6;17,5;16,5;6,9;4,4;50;37;43;226;17,5;11;
2026/05/02;1800 UTC;0;1019,9;1020,3;1019,5;2025,8;16,9;5;17,2;16,7;5,8;4,3;45;36;41;227;15,1;8,8;
2026/05/02;1900 UTC;0;1020,5;1020,8;1020;1368,1;16,3;5,1;16,7;15,6;5,6;4,7;47;41;44;233;13,2;6,9;
2026/05/02;2000 UTC;0;1021,1;1021,4;1020,7;488,1;15,4;5,3;16,1;14,9;6,1;4,8;55;46;50;223;12,1;6,5;
2026/05/02;2100 UTC;0;1021,6;1022;1021,2;153,5;14,1;5,6;14,9;13,3;6,1;5,5;62;53;58;230;8,2;5;
2026/05/02;2200 UTC;0;1022,5;1023;1022;0;12,5;5,3;13,2;11,8;5,6;5,1;67;62;64;233;8;4,6;
2026/05/02;2300 UTC;0;1023,3;1023,5;1023;0;11,4;5,3;11,8;10,9;5,4;5,1;72;67;70;247;6,9;4,1;
2026/05/03;0000 UTC;0;1023,7;1023,9;1023,5;0;10,6;5,3;11;10,4;5,5;5,2;75;71;74;253;8,5;4,6;
2026/05/03;0100 UTC;0;1023,9;1024,2;1023,7;0;10;5,6;10,3;9,6;5,7;5,4;80;76;78;272;5,7;3,8;
2026/05/03;0200 UTC;0;1024,3;1024,6;1024,1;0;9,2;5,3;9,6;8,8;5,6;5,1;82;79;80;269;7,2;4,5;
2026/05/03;0300 UTC;0;1024,6;1024,8;1024,4;0;8,6;5;8,8;8,3;5,2;4,8;84;81;82;272;7,5;5;
2026/05/03;0400 UTC;0;1024,5;1024,6;1024,3;0;8,2;4,9;8,5;7,9;4,9;4,8;85;82;83;275;7,5;4,7;
2026/05/03;0500 UTC;0;1024,6;1024,6;1024,4;0;8;4,9;8,2;7,9;4,9;4,8;85;83;84;279;6,8;4,4;
2026/05/03;0600 UTC;0;1024,3;1024,5;1024,2;0;7,9;4,9;8,1;7,7;5,1;4,8;86;84;85;272;7,6;4,9;
2026/05/03;0700 UTC;0;1024;1024,2;1023,9;0;7,5;4,6;7,8;7,2;4,9;4,4;87;84;86;282;7,7;5,1;
2026/05/03;0800 UTC;0;1024,1;1024,2;1024;0;7;4,2;7,2;6,8;4,4;4;86;85;86;287;8;4,9;
2026/05/03;0900 UTC;0;1024;1024,2;1023,8;0;6,9;4,1;7,2;6,7;4,2;4;87;85;86;280;8,4;5,3;
2026/05/03;1000 UTC;0;1023,9;1024;1023,8;0;6,5;4;6,7;6,3;4,1;4;88;87;88;279;7,1;4,8;
2026/05/03;1100 UTC;0;1024;1024,3;1023,8;112,9;6,1;3,9;6,4;5,9;4,1;3,8;90;87;89;286;7,1;4,8;
2026/05/03;1200 UTC;0;1024,4;1024,6;1024,2;661,6;8,1;4,3;10,1;6,5;5;3,9;87;72;81;278;6,3;4,1;
2026/05/03;1300 UTC;0;1024,6;1024,8;1024,4;1466,7;11,6;5,8;13,7;10,1;6,9;4,8;76;63;71;253;5,4;3,1;
2026/05/03;1400 UTC;0;1024,8;1024,9;1024,6;2028;15;6,7;16,2;13,7;7,7;5,9;64;54;59;241;5,3;3,1;
2026/05/03;1500 UTC;0;1024,3;1024,7;1023,9;2377,9;16,5;6,8;17,2;16;7,7;5,4;56;43;51;225;5,8;2,9;
2026/05/03;1600 UTC;0;1023,5;1023,9;1023,1;2453,6;17,4;6,9;18,3;16,9;8,4;5,6;53;42;47;269;5,2;2,5;
2026/05/03;1700 UTC;0;1022,4;1023,1;1021,7;2365;17,5;6,6;18,1;17,1;8;6;51;42;45;212;4,2;1,4;
2026/05/03;1800 UTC;0;1021,5;1021,8;1021,1;2013,1;17,9;7,2;18,2;17,5;8,5;6;54;41;47;96;3,4;2,1;
2026/05/03;1900 UTC;0;1021,1;1021,2;1021;1453,7;17,5;7,1;17,9;17,2;8,5;6,3;54;44;48;304;4,2;2,3;
2026/05/03;2000 UTC;0;1020,5;1021;1020,1;728,3;16,6;6,2;17,2;15,5;6,9;5,8;52;46;48;326;4,3;2,7;
2026/05/03;2100 UTC;0;1020,1;1020,3;1020;112,5;14,5;5,8;15,5;13,3;6,3;5,5;62;51;57;303;2;1,5;
2026/05/03;2200 UTC;0;1019,9;1020,2;1019,7;0;11,9;5,8;13,2;10,9;6,2;5,3;72;62;70;356;2,1;1,9;
2026/05/03;2300 UTC;0;1020,2;1020,4;1020;0;10,7;5;11,2;10,1;5,5;4,5;73;69;72;237;3,9;2,9;
2026/05/04;0000 UTC;0;1020,1;1020,2;1019,7;0;9,8;4,5;10,2;9,4;4,6;4,3;75;72;73;54;4,3;3,3;
2026/05/04;0100 UTC;0;1019,6;1019,8;1019,6;0;9,7;4,2;10;9,3;4,3;4,2;75;71;73;157;4,4;3,4;
2026/05/04;0200 UTC;0;1019,6;1019,7;1019,3;0;9;4,4;9,3;8,8;4,5;4,3;78;75;77;246;4,4;3,3;
2026/05/04;0300 UTC;0;1018,9;1019,2;1018,6;0;9,2;4,6;10,2;8,7;5;4,4;79;74;77;117;5,3;3,6;
2026/05/04;0400 UTC;0;1018,6;1018,9;1018,4;0;10,7;6;11,3;10,3;6,8;5;79;73;76;196;6,5;3,7;
2026/05/04;0500 UTC;0;1018,1;1018,5;1017,6;0;11,5;7,3;11,7;11,2;7,7;6,9;81;78;79;222;6,7;4,2;
2026/05/04;0600 UTC;0;1017,4;1017,7;1017,1;0;11,6;7,7;11,8;11,5;7,8;7,5;81;79;80;300;6,8;4,3;
2026/05/04;0700 UTC;0;1016,6;1017,1;1016,3;0;11,6;7,5;11,7;11,6;7,6;7,4;80;79;79;305;7,2;4,3;
2026/05/04;0800 UTC;0;1015,9;1016,4;1015,6;0;11,1;7,4;11,5;10,9;7,5;7,3;83;79;82;337;7,3;4,3;
2026/05/04;0900 UTC;0;1015,8;1015,9;1015,7;0;11;7,5;11,1;10,9;7,5;7,4;83;81;82;338;7,6;5,1;
2026/05/04;1000 UTC;0;1015,9;1016,1;1015,7;0;11;7,3;11,3;10,8;7,4;7,2;82;80;81;265;5,7;3,6;
2026/05/04;1100 UTC;0;1016;1016,1;1015,9;76,1;11,1;7,6;11,6;10,8;8,1;7,2;83;81;82;326;5,8;3,9;
2026/05/04;1200 UTC;0;1015,9;1016;1015,8;564,7;12,7;8,8;13,6;11,5;9,5;8,1;84;79;81;316;7,4;4,5;
2026/05/04;1300 UTC;0;1016,1;1016,3;1016;1203,2;14,3;9,9;15,4;13,5;10,6;9,4;80;75;78;319;8,1;4,8;
2026/05/04;1400 UTC;0;1016,1;1016,3;1016;1829,2;16,2;10,7;17,5;15,1;11,5;10,2;77;68;73;329;8,8;4,9;
2026/05/04;1500 UTC;0;1016;1016,1;1015,8;2140,5;18,1;11;19,1;17,4;11,4;10,6;69;60;65;320;6,7;4,3;
2026/05/04;1600 UTC;0;1015;1015,7;1014,5;2217,7;18,7;10,2;19,4;18,2;11,2;9,4;60;53;58;306;6,6;4,1;
2026/05/04;1700 UTC;0;1014,1;1014,7;1013,7;2366;19;10,7;19,5;18,4;11,3;10,1;61;56;58;294;5;3,1;
2026/05/04;1800 UTC;0;1013,7;1014;1013,1;1970,3;19,8;11,1;20,2;19,2;11,6;10,6;60;53;56;107;4,1;2,1;
2026/05/04;1900 UTC;0;1012,7;1013;1012,5;1435,2;20,1;10,7;20,3;19,8;11,4;10;58;49;53;178;4,2;2;
2026/05/04;2000 UTC;0;1012,6;1012,8;1012,5;598,9;19,8;11,1;20,5;19,1;12,8;10,1;64;51;56;151;2,6;1;
2026/05/04;2100 UTC;0;1012,4;1012,7;1012,1;98,4;17,7;10,5;19,2;16,2;10,9;10,3;71;58;64;237;2,4;,8;
2026/05/04;2200 UTC;0;1012,9;1013,3;1012,7;0;14,1;10,2;16,1;12,9;10,7;9,7;86;72;81;47;1,8;1,3;
2026/05/04;2300 UTC;0;1013,2;1013,4;1013;0;13,9;10,9;14,4;12,8;11,6;9,9;88;82;85;27;4,4;3,2;
2026/05/05;0000 UTC;0;1013,4;1013,6;1013,1;0;14;11,6;14,4;13,9;11,7;11,4;89;86;88;26;2,4;1,8;
2026/05/05;0100 UTC;0;1013,8;1013,9;1013,5;0;13,6;11,5;13,9;13,4;11,7;11,3;91;88;89;163;3,2;2,6;
2026/05/05;0200 UTC;0;1014;1014,1;1013,9;0;13,6;11,6;13,7;13,3;11,8;11,3;91;89;90;320;3,5;2,7;
2026/05/05;0300 UTC;0;1014,2;1014,3;1014;0;13,9;10,9;14,3;13,5;11,2;10,8;88;83;85;336;3,3;2,3;
2026/05/05;0400 UTC;0;1013,8;1014,1;1013,2;0;14,2;11,3;14,5;14;12;10,9;88;83;86;339;4,1;3,1;
2026/05/05;0500 UTC;0;1013,2;1013,3;1013,1;0;14,7;12,4;15;14,4;12,5;12;90;87;88;332;4,1;3;
2026/05/05;0600 UTC;0;1013,1;1013,4;1012,8;0;14,5;12,8;14,9;14,2;13,2;12,3;92;90;91;319;4,3;3;
2026/05/05;0700 UTC;0;1013,3;1013,5;1013,1;0;15;13,3;15,2;14,6;13,6;12,7;93;89;92;315;6,2;4,5;
2026/05/05;0800 UTC;0;1013,6;1013,9;1013,3;0;14,5;12,1;15,1;13,7;12,7;11,8;90;86;88;310;3,4;2,5;
2026/05/05;0900 UTC;0;1013,8;1014;1013,7;0;13,3;11,6;13,7;13;11,8;11,4;92;90;91;305;3;2;
2026/05/05;1000 UTC;0;1014,5;1015;1013,9;0;12,8;11,2;13;12,6;11,4;11;93;92;92;311;3,4;2,4;
2026/05/05;1100 UTC;0;1015,1;1015,3;1014,9;104;13,6;11,3;14,6;12,8;11,6;11,2;92;85;89;306;3,7;2;
2026/05/05;1200 UTC;0;1015,6;1015,9;1015,2;585,4;15,9;12,2;17,1;14,6;13,1;11,5;85;78;81;272;2,2;1,1;
2026/05/05;1300 UTC;0;1016,1;1016,4;1015,8;1339,3;18,7;13,6;19,4;17,3;14,1;12,7;78;71;74;194;1,8;1,2;
2026/05/05;1400 UTC;0;1016,5;1016,8;1016,3;1696,3;19,3;14;19,8;18,8;14,6;13,3;76;71;74;135;2,5;1,6;
2026/05/05;1500 UTC;0;1016,6;1016,9;1016,4;2091,6;20,8;14,5;21,5;19,1;15,3;13,6;77;63;68;81;3,3;2,2;
2026/05/05;1600 UTC;0;1016,2;1016,4;1015,8;1247,9;21,7;15;22,2;21,1;16,3;13,7;71;63;67;88;2,4;1,6;
2026/05/05;1700 UTC;0;1015,5;1015,7;1015,3;1921,9;22,6;16,5;23,3;22,1;17,1;15,5;75;65;69;107;3,2;2,4;
2026/05/05;1800 UTC;0;1015,6;1015,8;1015,3;1095,4;21,8;16,9;22,6;21,1;17,9;16,2;77;73;76;94;3,3;2;
2026/05/05;1900 UTC;0;1015,5;1015,6;1015,4;923,5;21,5;15,6;22,3;20,8;16,9;13,3;75;61;71;40;5,1;3,1;
2026/05/05;2000 UTC;0;1015,4;1015,6;1015,2;511,3;21,3;13,7;22,3;20,7;14,2;13,2;66;57;62;32;2,7;1,3;
2026/05/05;2100 UTC;0;1015,6;1015,7;1015,3;78,4;20,5;15,5;21,2;19,4;16,2;14,2;83;66;75;58;3,2;2,2;
2026/05/05;2200 UTC;0;1015,6;1015,8;1015,4;0;19,5;16;19,9;19,1;16,7;15,2;88;77;83;64;2,6;1,8;
2026/05/05;2300 UTC;0;1015,9;1016,1;1015,7;0;19,2;15,7;19,6;18,8;16,7;14,1;88;73;82;68;2,8;1,6;
2026/05/06;0000 UTC;0;1015,9;1016;1015,7;0;19;14,5;19,2;18,8;15,3;14;82;75;78;63;2,9;2;
2026/05/06;0100 UTC;0;1015,7;1016;1015,4;0;18,9;14,9;19,1;18,7;15;14,7;81;78;80;22;3,4;2,2;
2026/05/06;0200 UTC;0;1015,8;1016,2;1015,4;0;19,1;15,9;19,9;18,6;17,2;14,9;87;81;84;61;6,2;2,9;
2026/05/06;0300 UTC;0;1015,7;1016,3;1015,5;0;19,4;17,4;19,9;19;17,7;17,2;92;87;90;57;2,6;1,7;
2026/05/06;0400 UTC;,4;1015,9;1016,6;1015,1;0;19,2;18;19,3;18,9;18,4;17,6;96;92;94;135;4,9;2,3;
2026/05/06;0500 UTC;,6;1015,6;1016,4;1015;0;19,1;18,6;19,4;19;19;18,2;98;96;97;52;4,2;1,6;
2026/05/06;0600 UTC;2;1015,4;1015,9;1014,8;0;19,3;18,9;19,4;19,1;19;18,7;98;98;98;89;4,4;2,4;
2026/05/06;0700 UTC;0;1015,5;1015,9;1015,2;0;19,5;19;19,6;19,3;19,1;18,7;98;97;98;51;3,1;2,2;
2026/05/06;0800 UTC;0;1015;1015,2;1014,5;0;19,1;18,6;19,3;18,9;18,8;18,3;98;97;97;145;6,6;5,1;
2026/05/06;0900 UTC;0;1015,2;1015,6;1014,8;0;19;18,5;19;18,9;18,6;18,3;98;97;98;84;5,3;4;
2026/05/06;1000 UTC;,2;1015;1015,8;1014,6;0;18,8;18,2;19,1;18,7;18,4;17,9;97;94;97;218;13,1;5,5;
2026/05/06;1100 UTC;0;1015,2;1015,5;1014,9;46,4;19,7;17,8;19,9;19,2;18,3;17,6;95;89;91;52;5,9;4,1;
2026/05/06;1200 UTC;0;1015,4;1015,6;1015,2;281,8;20;18,4;20,4;19,4;18,6;18,3;95;90;92;210;6,3;4;
2026/05/06;1300 UTC;0;1015,3;1015,5;1015,1;370,5;21;18,7;21,9;20,4;18,9;18,5;91;85;88;334;5,6;3,8;
2026/05/06;1400 UTC;0;1015;1015,3;1014,9;586;22,5;19,2;23,1;21,6;19,8;18,7;86;82;84;177;2,2;1,3;
2026/05/06;1500 UTC;0;1014,4;1014,9;1013,9;743,4;21,5;19;21,9;21,2;19,5;18,6;89;87;88;126;1,5;,5;
2026/05/06;1600 UTC;0;1013,4;1013,8;1012,8;1020,2;22,8;19,6;25,6;21,2;20,6;18,6;89;73;84;123;8;4,7;
2026/05/06;1700 UTC;0;1012,4;1012,8;1011,7;2215,7;26,8;20,9;27,8;25,5;21,8;20,2;76;65;70;117;6,4;3,9;
2026/05/06;1800 UTC;0;1011,3;1011,7;1011,1;1749,7;23,5;19,6;27,6;22;21,3;19,1;87;66;81;54;5,7;3,5;
2026/05/06;1900 UTC;0;1011,1;1011,2;1011;1196;23,4;20;26,7;22,4;21,7;19,2;88;71;83;57;5;3,3;
2026/05/06;2000 UTC;0;1010,7;1011;1010,4;596,2;21,8;19,4;22,5;21,3;19,9;19,1;91;85;88;42;5,2;2,9;
2026/05/06;2100 UTC;0;1010,5;1010,5;1010,4;79,1;21;19,3;22,6;20,2;20,3;18,9;96;86;92;56;5,2;3,5;
2026/05/06;2200 UTC;0;1010,2;1010,4;1010,1;0;21,3;19,8;22,1;20;20,1;19,1;97;89;92;34;4,3;2,7;
2026/05/06;2300 UTC;0;1010;1010,2;1009,8;0;22,3;19,9;22,7;21,9;20;19,8;90;85;88;69;8,6;4,9;
2026/05/07;0000 UTC;0;1009,6;1009,9;1009,1;0;23;19,4;23,1;22,7;19,8;19,2;85;81;82;113;9,3;6;
2026/05/07;0100 UTC;0;1008,5;1009,1;1008;0;22,8;19,3;23;22,4;19,5;19,2;85;81;82;53;10,9;6,9;
2026/05/07;0200 UTC;0;1007,3;1008;1006,4;0;21,9;19,5;22,4;21,3;19,5;19,5;91;85;88;70;10,5;6,4;
2026/05/07;0300 UTC;0;1005,6;1006,3;1005;0;21,2;19,7;21,4;21,2;19,9;19,5;93;91;92;114;10,7;5,7;
2026/05/07;0400 UTC;0;1004,5;1004,9;1004,2;0;21,8;20;22;21,5;20,1;19,9;92;90;91;41;8,6;5,7;
2026/05/07;0500 UTC;0;1004,5;1004,7;1004,1;0;22,6;20,1;22,8;22;20,2;20,1;91;86;88;62;8,9;5,7;
2026/05/07;0600 UTC;0;1003,7;1004,1;1003,1;0;23,3;20,1;24;22,8;20,2;20;86;81;84;151;9,3;5,9;
2026/05/07;0700 UTC;,2;1002,8;1003,4;1002,4;,4;23,5;20,4;24;22,9;20,6;20,2;88;81;85;237;8,4;5,3;
2026/05/07;0800 UTC;0;1001,7;1002,5;1001,1;0;24;20,1;24,2;23,9;20,3;20;81;79;80;261;10,4;6,1;
2026/05/07;0900 UTC;0;1000,7;1001,1;1000,5;0;24,2;19,9;24,5;24,1;20;19,8;80;76;79;328;10,4;6,5;
2026/05/07;1000 UTC;0;1000,7;1003,5;1000,3;,1;24,5;19,7;24,8;23,5;19,8;17,6;77;70;76;297;16,5;5,8;
2026/05/07;1100 UTC;11,2;1003,6;1004,5;1001,2;10,1;17,8;16,6;22,3;17;16,9;16,1;99;72;94;162;7,5;5,5;
2026/05/07;1200 UTC;6,4;1004,3;1004,8;1003,9;2,8;17,3;17,1;17,4;17,2;17,3;16,8;99;98;99;121;5,3;4,1;
2026/05/07;1300 UTC;5,6;1004,2;1004,7;1003,3;19,3;17,3;17,2;17,4;17,2;17,3;17;99;99;99;108;9,8;7,5;
2026/05/07;1400 UTC;2,2;1003,3;1004,9;1002,6;27,3;17,4;17,2;17,5;17,2;17,3;17,1;99;99;99;76;9,3;5,5;
2026/05/07;1500 UTC;1,8;1003,9;1005,4;1002,8;35;17,4;17,3;17,5;17,4;17,4;17,2;99;99;99;102;8,9;6,8;
2026/05/07;1600 UTC;8,2;1001,9;1002,9;1000,7;10,3;17,5;17,4;17,5;17,4;17,4;17,3;100;99;99;97;9,2;6,5;
2026/05/07;1700 UTC;15,6;1002,1;1003,5;1000,6;11,8;17,6;17,6;17,7;17,5;17,7;17,4;100;100;100;129;8,6;5,9;
2026/05/07;1800 UTC;2,4;1001;1001,7;1000,3;17,5;17,6;17,5;17,7;17,4;17,6;17,3;100;100;100;69;8;5,6;
2026/05/07;1900 UTC;4,4;1000,2;1001,2;999,5;24,5;17,4;17,4;17,5;17,2;17,4;17,2;100;100;100;62;10;6,3;
2026/05/07;2000 UTC;2,8;999,8;1000;999,3;10,1;17,3;17,3;17,6;17,2;17,6;17,2;100;100;100;43;7,1;4,7;
2026/05/07;2100 UTC;3;998,9;999,8;998,3;,4;17,3;17,3;17,4;17,3;17,4;17,2;100;99;100;56;9,8;6,7;
2026/05/07;2200 UTC;5;998,5;999,1;998;0;17,4;17,2;17,5;17,3;17,4;17,1;100;99;99;30;8,2;4;
2026/05/07;2300 UTC;1,4;998,1;998,9;995,9;0;17,3;17,2;17,5;17,2;17,4;17,1;100;99;99;146;6,3;2,6;
2026/05/08;0000 UTC;0;998;998,4;997,6;0;17,3;17,1;17,3;17,2;17,2;17,1;99;99;99;198;4,8;2,9;
2026/05/08;0100 UTC;1,4;998,4;998,8;998;,6;17,2;17;17,4;16,4;17,2;16,2;99;99;99;262;10,4;5,3;
2026/05/08;0200 UTC;0;997,7;998,7;996,8;,1;16,1;16;16,4;16,1;16,2;15,9;99;99;99;260;4,7;2,4;
2026/05/08;0300 UTC;0;997,3;997,6;996,7;0;16,2;16;16,2;16,1;16,1;15,9;99;99;99;275;3,6;2;
2026/05/08;0400 UTC;1,2;997,8;998,6;997;,2;16,1;16;16,2;15,8;16,1;15,4;99;98;99;284;7,2;4,2;
2026/05/08;0500 UTC;3;998,2;998,6;997,6;3;14,3;13,7;15,8;13,1;15,3;12,3;98;96;97;270;9,8;5,6;
2026/05/08;0600 UTC;1,2;998,4;998,9;997,6;0;13,1;12,3;13,1;12,9;12,4;12;96;95;96;287;11,5;5,9;
2026/05/08;0700 UTC;,2;998,3;998,8;997,7;0;12,5;11,5;12,9;12,3;12,1;11,1;96;94;95;286;8,9;5,2;
2026/05/08;0800 UTC;0;997,4;997,7;997,2;0;12;10,8;12,3;11,9;11,1;10,6;94;93;94;297;9,1;5;
2026/05/08;0900 UTC;0;998;998,4;997,5;0;12,1;10,2;12,3;12;10,7;9,9;93;88;90;303;9,7;5,9;
2026/05/08;1000 UTC;0;998,5;998,7;998,1;0;12;9,7;12,2;11,8;10,1;9,4;90;87;89;303;10,9;6,2;
2026/05/08;1100 UTC;0;999,5;1000,3;998,6;72,6;11,7;9,6;11,9;11,5;9,8;9,3;91;87;90;304;10,9;6,8;
2026/05/08;1200 UTC;0;1000,4;1000,6;1000,2;361,8;11,9;9,2;12,2;11,8;9,4;8,8;87;85;86;299;13,7;7,5;
2026/05/08;1300 UTC;0;1000,6;1001;1000,2;534,5;12,3;9;12,5;12;9,3;8,7;86;82;83;290;12;5;
2026/05/08;1400 UTC;0;1001,2;1001,5;1000,8;671,8;12,3;8,2;12,6;12;9,2;7,2;85;74;79;288;11,4;7,7;
2026/05/08;1500 UTC;0;1001,4;1001,7;1001;1286,3;12,6;7,7;13,4;12,3;8,4;7;78;72;75;291;15,2;7,2;
2026/05/08;1600 UTC;0;1001,8;1002,2;1001,3;752,7;12,2;7;12,4;11,9;7,5;6,5;76;72;74;297;14;7,4;
2026/05/08;1700 UTC;,2;1001,9;1002,1;1001,5;1090,2;12,3;6,7;13,4;11,7;7,5;6,4;76;67;72;291;13,7;7,9;
2026/05/08;1800 UTC;0;1002,1;1002,6;1001,8;737;12,3;6,9;13,3;11,7;7,4;6,6;76;68;73;297;11,5;7,5;
2026/05/08;1900 UTC;0;1003,1;1003,5;1002,5;231,7;11,4;6,4;11,7;11,2;6,7;6,1;77;73;75;292;10,7;6,7;
2026/05/08;2000 UTC;0;1003,6;1003,7;1003,2;119,8;10,9;6,3;11,2;10,7;6,6;6;79;76;77;294;10,1;6,1;
2026/05/08;2100 UTC;0;1003,7;1003,9;1003,5;30,5;10,7;5,9;10,8;10,5;6,3;5,6;78;75;76;296;10,2;5,5;
2026/05/08;2200 UTC;0;1004,9;1005,6;1003,9;0;10,4;6;10,5;10,3;6,2;5,7;79;76;78;303;12,3;6,1;
2026/05/08;2300 UTC;0;1005,6;1005,7;1005,4;0;10,6;6;10,7;10,4;6,1;5,9;78;76;77;310;9,5;5,8;
2026/05/09;0000 UTC;0;1006,1;1006,7;1005,7;0;10,8;6,2;10,9;10,7;6,4;6;78;77;77;311;9,8;5,4;
2026/05/09;0100 UTC;0;1006,9;1007;1006,7;0;10,9;6,1;11,1;10,9;6,4;5,6;78;73;76;303;10,9;6,4;
2026/05/09;0200 UTC;0;1007,1;1007,2;1006,8;0;10,7;5,4;10,9;10,6;5,7;5;75;72;74;304;10,2;6,6;
2026/05/09;0300 UTC;0;1007,2;1007,3;1007;0;10,2;4,8;10,6;9,8;5,1;4,5;74;72;73;303;9,4;5,9;
2026/05/09;0400 UTC;0;1007,4;1007,7;1007,1;0;9,5;3,9;9,8;9,2;4,5;3,4;74;70;72;292;8,6;5,1;
2026/05/09;0500 UTC;0;1008;1008,4;1007,6;0;9;3,1;9,3;8,6;3,5;3;72;70;71;298;8,5;5;
2026/05/09;0600 UTC;0;1008,5;1008,8;1008,1;0;8,4;2,9;8,6;8,2;3,1;2,5;74;72;72;297;9,3;5,9;
2026/05/09;0700 UTC;0;1008,8;1009,1;1008,5;0;8;2,3;8,3;7,6;2,5;2,2;73;71;72;298;9,2;5,4;
2026/05/09;0800 UTC;0;1008,8;1009;1008,6;0;7,6;1,7;7,7;7,4;2,2;1;73;67;70;305;8,9;5,6;
2026/05/09;0900 UTC;0;1008,9;1009,2;1008,7;0;7,1;1,3;7,5;6,8;1,6;1,1;74;69;71;309;7,8;4,5;
2026/05/09;1000 UTC;0;1010,1;1010,7;1009,3;0;6,7;1,4;6,9;6,6;1,6;1,2;75;72;74;312;11,8;6,1;
2026/05/09;1100 UTC;0;1010,5;1010,7;1010,2;61,4;7;1;7,5;6,7;1,5;,5;74;66;70;301;9,3;5,3;
2026/05/09;1200 UTC;0;1010,5;1010,8;1010,1;596,2;7,9;,9;8,6;7,5;1,3;,5;67;62;65;306;10,1;6,1;
2026/05/09;1300 UTC;0;1010,5;1010,8;1010,2;1395,1;9,4;1,2;10;8,6;1,7;,7;62;57;59;290;11,2;6,6;
2026/05/09;1400 UTC;0;1010,5;1010,8;1010,2;1953,8;10,3;2,4;10,8;9,9;3,2;1,6;63;58;60;291;12,4;7,9;
2026/05/09;1500 UTC;0;1010,4;1010,7;1010,1;1984,2;11,4;4,1;12,1;10,7;5,3;3,1;69;61;64;277;14,6;8,6;
2026/05/09;1600 UTC;0;1010,5;1010,9;1010,2;2434,8;12,6;6;13,2;12;6,6;5,1;69;65;67;286;14,1;7,7;
2026/05/09;1700 UTC;0;1010,6;1011;1010,2;2270,9;13,2;6,8;13,9;12,3;7,5;6,1;70;65;68;280;12,4;7,3;
2026/05/09;1800 UTC;0;1011,4;1011,6;1010,9;815,1;13,3;7,3;14;13,1;7,8;6,8;72;66;70;275;12;6,5;
2026/05/09;1900 UTC;0;1011,9;1012,3;1011,5;581,4;13,4;7,7;13,6;13,1;8,3;7,3;74;70;71;271;11;5,2;
2026/05/09;2000 UTC;0;1012,2;1012,4;1012,1;571,9;13,4;8,4;13,8;12,6;8,9;7,9;77;74;75;279;8,9;5,6;
2026/05/09;2100 UTC;0;1012,5;1012,8;1012,2;32,9;12,2;8,6;12,5;12;8,9;8;84;77;82;262;10,3;5,6;
2026/05/09;2200 UTC;0;1013,2;1013,7;1012,9;0;11,7;8;12,1;11,2;8,4;7,7;85;79;81;272;6,8;4,2;
2026/05/09;2300 UTC;0;1014,3;1015;1013,6;0;10,8;7,8;11,2;10,4;8,1;7,6;86;83;85;272;8,4;5,2;
2026/05/10;0000 UTC;;;;;;;;;;;;;;;;;;
2026/05/10;0100 UTC;0;1016;1016,5;1015,5;0;9,8;7,2;10,1;9,5;7,5;7;88;86;87;284;8,3;5,1;
2026/05/10;0200 UTC;0;1016,7;1017,1;1016,4;0;9,6;6,9;9,7;9,3;7,2;6,5;89;85;87;279;8;4,5;
2026/05/10;0300 UTC;0;1017,2;1017,6;1017;0;8,9;6,1;9,2;8,6;6,6;5,7;87;84;86;284;9,3;4,9;
2026/05/10;0400 UTC;0;1017,5;1017,7;1017,4;0;8,7;6,1;8,9;8,5;6,3;5,7;89;86;87;284;8;5;
2026/05/10;0500 UTC;0;1017,6;1017,7;1017,4;0;8,5;6;8,6;8,3;6,3;5,8;89;86;87;286;8,9;4,8;
2026/05/10;0600 UTC;0;1017,3;1017,5;1016,8;0;8,6;5,7;8,8;8,3;5,9;5,6;88;85;86;285;9,9;5,9;
2026/05/10;0700 UTC;0;1016,8;1016,9;1016,6;0;8,4;5,6;8,6;8,1;5,8;5,5;88;85;86;292;9,5;5,3;
2026/05/10;0800 UTC;;;;;;;;;;;;;;;;;;
2026/05/10;0900 UTC;0;1016,9;1017;1016,6;0;8,1;5,8;8,2;8;5,9;5,7;89;88;88;284;9,7;5,3;
2026/05/10;1000 UTC;0;1017,2;1017,6;1016,8;0;8,2;5,6;8,3;8,2;5,7;5,5;88;86;87;283;9,4;5,5;
2026/05/10;1100 UTC;0;1017,9;1018,3;1017,5;55,8;8,3;5,5;8,4;8,1;5,6;5,4;87;85;86;281;9,6;5,6;
2026/05/10;1200 UTC;0;1018,5;1018,7;1018,2;534;8,7;5,1;9,4;8,1;5,5;5;87;79;82;285;10,6;6;
2026/05/10;1300 UTC;0;1018,7;1018,9;1018,5;1369,2;10;5,3;10,7;9,4;5,8;5,1;79;73;77;271;10,9;7;
2026/05/10;1400 UTC;0;1018,7;1018,9;1018,2;1847,2;11,2;5,4;11,8;10,6;5,9;4,9;75;68;71;272;10,6;6,3;
2026/05/10;1500 UTC;0;1018,3;1018,7;1017,8;1979,6;11,8;5;12,5;11;5,8;4,5;71;62;66;276;11,5;6,4;
2026/05/10;1600 UTC;0;1017,6;1018,1;1017,1;2379;13;5;13,5;12,3;5,7;4,5;63;58;60;264;12,3;7,5;
2026/05/10;1700 UTC;0;1017;1017,4;1016,4;2174,4;13,6;5,1;14,2;12,9;6,2;4,6;61;55;58;275;12,7;7,5;
2026/05/10;1800 UTC;;;;;;;;;;;;;;;;;;
2026/05/10;1900 UTC;0;1016,9;1017,2;1016,5;1262,8;13,2;4,7;13,8;12,5;5,4;4;61;56;57;268;11,2;6,5;
2026/05/10;2000 UTC;0;1017,3;1017,5;1017;577,6;12,9;4,6;13,3;12,2;4,9;4,3;63;55;59;262;8,8;5,2;
2026/05/10;2100 UTC;0;1017,8;1018,1;1017,4;51,8;11,4;4,9;12,1;10,7;5,2;4,7;70;63;67;268;6,3;3,9;
2026/05/10;2200 UTC;0;1018,3;1018,6;1018;0;10,5;4,6;10,8;10,1;4,8;4,3;72;70;71;274;5,7;3,7;
2026/05/10;2300 UTC;0;1018,6;1018,7;1018,5;0;9,7;3,8;10;9,4;4,3;3,3;72;70;71;278;7,2;4,4;
2026/05/11;0000 UTC;0;1018,8;1019;1018,5;0;9,3;3,2;9,6;9;3,4;2,9;71;67;70;280;6,6;4,5;
2026/05/11;0100 UTC;0;1018,8;1019;1018,7;0;8,8;3,2;9,1;8,6;3,3;3,1;73;71;72;288;7,6;4,5;
2026/05/11;0200 UTC;0;1018,6;1018,7;1018,5;0;8,5;3,2;8,8;8,2;3,3;3,1;76;72;73;298;8,3;4,7;
2026/05/11;0300 UTC;0;1018,3;1018,7;1018;0;8,1;3,3;8,2;7,9;3,3;3,2;77;75;76;294;8,3;5;
2026/05/11;0400 UTC;0;1017,9;1018,1;1017,8;0;7,8;3,4;8,1;7,6;3,5;3,3;80;76;78;285;8,3;4,8;
2026/05/11;0500 UTC;0;1017,7;1018;1017,5;0;7,8;3,5;8;7,6;3,6;3,5;80;77;79;275;9,1;5,7;
2026/05/11;0600 UTC;0;1017,3;1017,6;1017,1;0;7,3;3,6;7,6;7,2;3,6;3,5;82;80;81;267;7,4;5,1;
2026/05/11;0700 UTC;0;1017,1;1017,3;1017;0;7,1;3,7;7,3;7;3,7;3,6;83;82;83;275;8,1;5,1;
2026/05/11;0800 UTC;0;1017,3;1017,5;1017,2;0;6,8;3,7;7;6,7;3,9;3,6;86;84;85;278;9,2;5,3;
2026/05/11;0900 UTC;0;1017,5;1017,6;1017,4;0;6,8;4,1;6,8;6,7;4,3;3,9;88;85;87;274;8,8;5,4;
2026/05/11;1000 UTC;0;1017,8;1018;1017,5;0;6,8;4,6;6,9;6,7;4,8;4,3;90;88;89;271;7,7;4,8;
2026/05/11;1100 UTC;0;1018,3;1018,5;1018;47,4;7,1;4,9;7,6;6,7;5;4,8;91;87;89;268;8,7;5,6;
2026/05/11;1200 UTC;0;1018,7;1018,8;1018,5;596,8;8,5;5,3;9,5;7,7;5,8;5;87;81;84;260;9,2;5,2;
2026/05/11;1300 UTC;0;1018,8;1019,1;1018,7;1371,4;10,8;6,3;11,6;9,5;6,8;5,7;81;75;78;258;8,8;5,1;
2026/05/11;1400 UTC;0;1019,1;1019,2;1018,9;1921,3;12,5;7,3;13,9;11,4;8,2;6,6;77;69;74;251;9;4,9;
2026/05/11;1500 UTC;0;1019;1019,3;1018,8;2202,7;14,4;8,3;15,2;13,8;8,8;7,9;72;65;70;254;8,7;5,3;
2026/05/11;1600 UTC;0;1018,7;1019;1018,5;2323,6;15,5;8;15,9;15,2;8,7;7,2;66;58;62;258;8,2;5,1;
2026/05/11;1700 UTC;0;1018,1;1018,5;1017,8;2209,8;15,8;8,3;16,3;15,3;8,8;7,9;65;59;63;275;7,5;4,2;
2026/05/11;1800 UTC;0;1017,8;1017,9;1017,6;1818,5;16;8,1;16,5;15,6;9,1;7,7;65;58;61;281;7,2;4,3;
2026/05/11;1900 UTC;0;1017,9;1018,1;1017,8;1317,1;16;8;16,2;15,7;8,3;7,5;62;58;60;270;6,6;3,7;
2026/05/11;2000 UTC;0;1018,2;1018,3;1018;647,2;15,4;7,5;15,9;14,8;8;7;63;59;60;264;6,1;3,1;
2026/05/11;2100 UTC;0;1018,1;1018,2;1018;63,6;13,5;7,1;14,7;12,5;7,2;6,9;73;61;68;298;3,9;2,4;
2026/05/11;2200 UTC;0;1018,3;1018,5;1018,1;0;12,2;6,6;12,5;11,9;7;6,4;73;70;72;308;4,6;3,2;
2026/05/11;2300 UTC;0;1018,6;1018,8;1018,4;0;11,8;6,2;12;11,1;6,6;5,9;75;70;72;319;5;3,1;
2026/05/12;0000 UTC;0;1018,7;1018,8;1018,6;0;11,2;6,4;11,4;10,9;6,5;6,2;78;75;76;299;5;3;
2026/05/12;0100 UTC;0;1018,6;1018,7;1018,5;0;11,4;6,3;11,7;11;6,5;6,1;77;73;75;301;6,7;4,1;
2026/05/12;0200 UTC;0;1018,5;1018,7;1018,3;0;10,7;5,9;11;10,5;6,2;5,5;77;74;76;303;4,8;2,9;
2026/05/12;0300 UTC;0;1018,2;1018,4;1018,1;0;10;5,5;10,5;9,7;5,6;5,3;79;75;78;309;6,5;4;
2026/05/12;0400 UTC;0;1017,8;1018,2;1017,4;0;9,6;5,3;9,9;9,3;5,4;5,2;80;77;78;320;7;3,8;
2026/05/12;0500 UTC;0;1017,2;1017,4;1016,8;0;9,6;5,1;9,8;9,4;5,2;5;79;76;78;316;8,1;5,7;
2026/05/12;0600 UTC;0;1016,4;1016,8;1016,1;0;9,1;4,9;9,4;8,9;5;4,8;80;78;79;313;6,6;4,5;
2026/05/12;0700 UTC;0;1015,9;1016,3;1015,7;0;9,2;4,8;9,4;9;4,8;4,7;79;77;78;309;8,8;5,7;
2026/05/12;0800 UTC;0;1015,7;1015,9;1015,3;0;8,8;4,8;9,2;8,5;4,8;4,7;82;78;80;311;11,4;6,5;
2026/05/12;0900 UTC;0;1015,5;1015,6;1015,2;0;8,7;4,8;9,1;8,4;4,9;4,7;83;78;80;306;8,2;5,2;
2026/05/12;1000 UTC;0;1015,5;1015,6;1015,4;0;8,5;4,8;8,7;8,4;4,9;4,7;83;81;82;302;7,6;4;
2026/05/12;1100 UTC;0;1015,5;1015,5;1015,5;98,1;9,4;4,8;9,4;9,4;4,8;4,8;77;77;77;307;7,1;4,4;
2026/05/12;1200 UTC;0;1015,6;1015,8;1015,3;577,8;10,5;5,1;11,6;9,4;5,5;4,8;77;69;73;301;10,2;5,9;
2026/05/12;1300 UTC;0;1015,5;1015,8;1015,1;1377,1;12,5;5,9;13,3;11,7;6,3;5,5;69;64;67;303;11,9;7,7;
2026/05/12;1400 UTC;0;1015,1;1015,3;1014,6;1905,8;14,3;6,9;15,2;13,3;7,5;6,1;65;61;63;302;11,5;6,9;
2026/05/12;1500 UTC;0;1014,9;1015,2;1014,4;2233,6;16;8;16,7;15,2;9;7,4;62;58;60;297;12,2;6,5;
2026/05/12;1600 UTC;0;1013,9;1014,5;1013,4;2292,2;17,4;9;18,7;16,5;10,1;8,3;60;55;58;294;13;6,5;
2026/05/12;1700 UTC;0;1012,9;1013,4;1012,5;2191,4;19;9,7;19,5;18,5;10,1;9,3;57;51;54;287;9,1;5,7;
2026/05/12;1800 UTC;0;1012,4;1012,7;1012;1851,7;19,6;10;19,9;19,4;10,4;9,7;54;50;52;294;9,4;5,7;
2026/05/12;1900 UTC;0;1011,8;1012;1011,6;1316,5;19,7;10,1;19,9;19,6;10,5;9,8;53;50;52;290;8,2;5,1;
2026/05/12;2000 UTC;0;1012;1012,1;1011,8;618,3;19,2;10,1;19,7;18,6;10,3;9,8;58;52;54;297;6,6;3,8;
2026/05/12;2100 UTC;0;1011,9;1012;1011,8;57,2;17,3;10,1;18,5;16,5;10,3;9,8;67;59;64;305;5,8;3,7;
2026/05/12;2200 UTC;0;1012,2;1012,6;1011,9;0;15,8;9,7;16,5;15,2;9,8;9,6;72;67;70;298;6,3;3,7;
2026/05/12;2300 UTC;0;1012,8;1013,1;1012,4;0;15;9,4;15,5;14,5;9,6;9,2;75;69;72;282;5;3,3;
2026/05/13;0000 UTC;0;1013,2;1013,4;1013;0;14,7;9,3;14,9;14,5;9,4;9,2;75;72;73;289;7,1;4,2;
2026/05/13;0100 UTC;0;1013,7;1014,1;1013,3;0;13,8;9,2;14,7;12,8;9,5;9,1;83;73;77;241;5,8;3,4;
2026/05/13;0200 UTC;0;1014,3;1014,6;1014,1;0;12,7;9,8;13;12,3;10,2;9,3;90;83;86;241;5,4;3,2;
2026/05/13;0300 UTC;0;1014,7;1014,8;1014,5;0;11,7;10;12,3;11,2;10,2;9,8;93;90;91;255;4,4;2,7;
2026/05/13;0400 UTC;0;1015,1;1015,2;1014,9;0;11,1;9,8;11,3;10,8;10;9,5;94;93;93;252;5,3;2,9;
2026/05/13;0500 UTC;0;1015,4;1015,6;1015,2;0;10,7;9,6;10,8;10,5;9,8;9,4;95;94;95;251;5;3;
2026/05/13;0600 UTC;0;1015,2;1015,5;1015;0;11;9,1;11,4;10,6;9,6;8,7;94;88;91;255;3,8;2,3;
2026/05/13;0700 UTC;0;1015;1015,1;1014,9;0;9,8;8,9;10,6;9,5;9,2;8,7;97;91;96;283;4,5;3,1;
2026/05/13;0800 UTC;0;1015,3;1015,4;1015;0;9,7;8,9;9,9;9,3;9,1;8,7;97;95;96;280;4,5;3,2;
2026/05/13;0900 UTC;0;1015,7;1016;1015,3;0;9,5;8,7;9,9;9,2;8,9;8,5;97;95;96;276;5;3,6;
2026/05/13;1000 UTC;0;1016,1;1016,3;1015,8;0;9,1;8,5;9,2;8,9;8,7;8,4;98;97;97;272;5,3;3,2;
2026/05/13;1100 UTC;0;1016,6;1017;1016,3;57,4;8,9;8,4;9,2;8,7;8,6;8,1;98;96;97;264;6,1;3,2;
2026/05/13;1200 UTC;0;1017,2;1017,5;1016,9;583,7;10,1;8,3;11,5;9,2;8,5;7,8;96;83;91;246;7,5;4;
2026/05/13;1300 UTC;0;1017,7;1018;1017,4;1273,2;12,7;8,1;14;11,5;8,7;7,8;83;71;77;240;5,9;3,4;
2026/05/13;1400 UTC;0;1017,9;1018;1017,7;1866,2;14,4;8,4;15,1;13,8;8,9;8;73;66;70;228;6,6;3,9;
2026/05/13;1500 UTC;0;1017,6;1017,7;1017,5;2233,8;15,4;8,5;15,9;14,8;9,3;6,8;70;56;66;259;6;3,5;
2026/05/13;1600 UTC;0;1017,2;1017,6;1016,8;2284,8;16,1;7,2;16,4;15,6;8,1;6,4;60;52;55;245;6,8;3,6;
2026/05/13;1700 UTC;0;1016,5;1016,9;1016,3;2211,8;16,4;6,9;16,7;15,9;7,9;6,2;58;49;52;237;7,5;4;
2026/05/13;1800 UTC;0;1016,3;1016,5;1016,2;1817,2;16,5;6,2;16,8;15,9;7,1;4,8;53;41;49;264;6;3,3;
2026/05/13;1900 UTC;0;1016,4;1016,5;1016,2;1098,2;15,9;6,7;16,5;15,4;7,3;6,1;56;52;54;274;5,1;2,6;
2026/05/13;2000 UTC;0;1016,6;1016,7;1016,4;350,1;14,4;6,4;15,6;13,9;6,8;5,9;63;55;60;293;3,7;2,2;
2026/05/13;2100 UTC;0;1017;1017,1;1016,8;62;13,5;7,1;13,9;13;9,2;6,3;79;62;68;179;7,9;5,9;
2026/05/13;2200 UTC;0;1017,2;1017,5;1017;0;13,1;9;13,5;12,9;9,2;8,7;81;77;79;186;7,5;6,2;
2026/05/13;2300 UTC;0;1017,6;1017,9;1017,3;0;12,9;7,5;13,2;12,2;9;6,5;80;69;73;238;4,7;2,8;
2026/05/14;0000 UTC;0;1017,8;1018;1017,6;0;11,7;6,3;12,1;11,1;6,5;6,2;76;71;73;279;2,7;1,4;
2026/05/14;0100 UTC;0;1017,8;1018;1017,6;0;10,6;6,3;11;10,3;6,5;5,8;81;75;78;230;4,8;3;
2026/05/14;0200 UTC;0;1018,1;1018,5;1017,8;0;10,1;5,7;10,8;9,5;5,8;5,5;81;74;78;236;5,1;3,4;
2026/05/14;0300 UTC;0;1018,2;1018,3;1018;0;9,5;5,7;10,1;9,2;5,9;5,2;82;79;81;241;4,4;2,5;
2026/05/14;0400 UTC;0;1017,9;1018,2;1017,7;0;9,3;4,8;9,5;9,2;5,1;4,6;79;76;77;283;3,9;2,8;
2026/05/14;0500 UTC;0;1018,1;1018,3;1017,9;0;9,3;4,7;9,5;9,1;5;4,6;79;75;77;294;5,2;2,9;
2026/05/14;0600 UTC;0;1018;1018,2;1017,8;0;9;5,1;9,1;8,9;5,3;4,8;82;79;80;280;5,1;3,3;
2026/05/14;0700 UTC;0;1018,1;1018,3;1017,9;0;9;5,4;9;8,9;5,6;5,2;83;81;82;279;5,2;3,3;
2026/05/14;0800 UTC;0;1017,8;1018;1017,7;0;9;5,5;9;8,9;5,6;5,4;84;82;83;276;5,2;3,6;
2026/05/14;0900 UTC;0;1018;1018,1;1017,9;0;9;5,7;9,1;8,9;5,8;5,5;84;83;83;276;5;3,1;
2026/05/14;1000 UTC;0;1018,4;1018,9;1018;0;9,1;5,8;9,3;8,9;6;5,7;85;82;84;280;4,8;3,4;
2026/05/14;1100 UTC;0;1019,2;1019,5;1018,8;59;8,8;5,9;9;8,7;6;5,8;86;85;85;281;5;3,1;
2026/05/14;1200 UTC;0;1019,9;1020,1;1019,5;418,4;9,9;6,3;10,9;9;6,8;6;85;78;82;241;4,5;2,7;
2026/05/14;1300 UTC;0;1020,3;1020,4;1020,1;713,5;11,5;7,1;12,5;10,9;7,8;6,7;80;76;78;228;5;2,8;
2026/05/14;1400 UTC;0;1020,5;1020,6;1020,4;1055,1;13,2;8,5;13,4;12,6;9;7,8;79;74;77;210;5,6;4,2;
2026/05/14;1500 UTC;0;1020,6;1020,7;1020,5;1267,6;14,2;9,3;15,9;13,2;10,7;8,6;80;69;76;198;4,7;3,1;
2026/05/14;1600 UTC;0;1020,4;1020,6;1020,1;1375,5;15,7;10,1;16,2;15;11;8,8;76;68;72;180;6,3;5,2;
2026/05/14;1700 UTC;0;1020,2;1020,2;1020,1;626,9;14,7;9,9;15,2;14,4;10,6;9,3;81;72;76;183;6,9;5,4;
2026/05/14;1800 UTC;0;1020,1;1020,3;1020;994,3;15,3;9,1;15,9;14,8;9,5;8,7;72;66;69;182;6,2;5,2;
2026/05/14;1900 UTC;0;1020,2;1020,3;1020,1;1124,6;15,8;9,4;17;14,8;9,8;8,8;72;62;68;182;7,7;6,3;
2026/05/14;2000 UTC;0;1020,2;1020,4;1020,1;458,1;14,4;9,1;15,2;13,9;9,7;8,6;78;71;74;181;7,8;6,1;
2026/05/14;2100 UTC;0;1020,5;1020,6;1020,3;51,2;13,3;8,7;14;13;9,1;8,3;80;74;77;192;7,8;6,3;
2026/05/14;2200 UTC;0;1020,8;1021;1020,5;0;13,3;8,5;13,5;12,6;9,2;7,9;78;75;76;225;7,5;4,2;
2026/05/14;2300 UTC;0;1021,2;1021,4;1021;0;11,4;7,4;12,6;10,3;7,9;7,1;84;77;80;255;4,9;2,5;
2026/05/15;0000 UTC;0;1021,5;1021,7;1021,3;0;10,2;7;10,7;9,3;7,2;6,8;88;82;84;287;4;2,8;
2026/05/15;0100 UTC;0;1021,9;1022,1;1021,6;0;9,4;7,2;9,8;8,9;7,5;6,9;91;88;89;271;4,3;2,4;
2026/05/15;0200 UTC;0;1022,2;1022,3;1022;0;9,3;7,5;9,7;8,8;7,9;7,1;93;89;91;251;4,7;2,5;
2026/05/15;0300 UTC;0;1022,2;1022,3;1022,2;0;10,9;7,7;12,1;9,3;8,7;6,7;92;73;84;256;4,1;2,3;
2026/05/15;0400 UTC;0;1022,3;1022,3;1022,2;0;8,7;7,5;9,3;8,3;7,6;7,2;96;90;94;276;3,4;2,4;
2026/05/15;0500 UTC;0;1022,1;1022,2;1022;0;8,2;7,6;8,4;8;7,8;7,4;97;96;97;280;3,1;2,3;
2026/05/15;0600 UTC;0;1022;1022;1021,9;0;7,7;7,3;8;7,6;7,5;7,1;98;97;98;280;4,8;3,3;
2026/05/15;0700 UTC;0;1021,7;1021,9;1021,5;0;7,3;7;7,7;7,1;7,3;6,7;98;98;98;282;4,7;3,6;
2026/05/15;0800 UTC;0;1021,4;1021,5;1021,3;0;6,8;6,4;7,1;6,6;6,7;6,1;98;98;98;280;4,7;3,5;
2026/05/15;0900 UTC;0;1021,5;1021,8;1021,3;0;6,3;5,8;6,7;5,8;6,2;5,4;98;98;98;294;5,5;3,6;
2026/05/15;1000 UTC;0;1022,1;1022,2;1021,8;0;6,1;5,7;6,2;5,9;5,8;5,6;98;98;98;281;4,8;3,5;
2026/05/15;1100 UTC;0;1022,4;1022,5;1022,2;38,5;6,4;5,9;6,9;6,2;6,2;5,7;98;96;97;285;3,1;2,3;
2026/05/15;1200 UTC;0;1022,7;1022,9;1022,5;0;8,2;6,8;9,7;7;7,6;6,1;96;89;93;278;3,4;2,3;
2026/05/15;1300 UTC;0;1022,9;1022,9;1022,8;1243,1;11,4;8,3;12,9;9,8;9,3;7,5;89;78;84;247;3,4;1,9;
2026/05/15;1400 UTC;0;1022,8;1022,9;1022,7;1920;13,8;8,6;15;12,7;9,1;7,9;79;66;74;240;3,2;1,7;
2026/05/15;1500 UTC;0;1022,3;1022,7;1021,8;1971,6;15,4;8,8;17,5;14;10,5;7,5;72;61;67;170;3,2;2,1;
2026/05/15;1600 UTC;0;1021,4;1021,8;1020,9;1396,6;15,6;9,1;18,1;13,8;10,4;8,4;74;59;68;147;3,1;2,3;
2026/05/15;1700 UTC;0;1020,5;1020,9;1020;2048,5;15,8;8,8;16,8;15,1;9,6;8,2;69;62;65;128;3,9;3,2;
2026/05/15;1800 UTC;0;1019,9;1020,1;1019,7;1809,5;15,8;8,8;16,2;15,4;9,1;8,4;68;62;65;102;3,9;3;
2026/05/15;1900 UTC;0;1019,6;1019,8;1019,5;1282,3;15,6;8,7;16,2;15,3;9,1;8,4;69;62;66;84;4,4;3;
2026/05/15;2000 UTC;0;1019,4;1019,6;1019,3;543,7;14,4;8,2;15,3;13,7;9;8;73;66;69;59;4,1;2,8;
2026/05/15;2100 UTC;0;1019,4;1019,5;1019,3;38,9;12,7;8,4;13,7;11,9;8,6;8,2;82;74;78;32;3,3;2,3;
2026/05/15;2200 UTC;0;1019,2;1019,3;1019,1;0;11,1;8,1;11,9;10,1;8,3;7;89;82;85;28;2,1;1,6;
2026/05/15;2300 UTC;0;1019,5;1019,6;1019,2;0;9,7;7,7;10,1;9,2;8;7,4;92;88;90;329;2,6;2,4;
2026/05/16;0000 UTC;0;1019,7;1019,8;1019,6;0;9,2;7,5;9,4;8,9;7,8;7,2;93;90;92;353;2,4;2,1;
2026/05/16;0100 UTC;0;1019,6;1019,7;1019,4;0;9;7,4;9,3;8,8;7,8;7,1;93;90;92;340;2,8;2,5;
2026/05/16;0200 UTC;0;1019,4;1019,7;1019,1;0;8,8;7,3;9,1;8,5;7,6;7,1;94;92;93;352;3,1;2,8;
2026/05/16;0300 UTC;0;1019,3;1019,4;1019,1;0;8,5;7,3;8,7;8,4;7,6;7,2;95;93;94;331;3,2;2,8;
2026/05/16;0400 UTC;0;1018,9;1019,3;1018,4;0;8,3;7,3;8,5;7,9;7,5;7;97;94;95;340;2,6;2,4;
2026/05/16;0500 UTC;0;1018,6;1018,8;1018,4;0;8;7,3;8,4;7,7;7,6;6,9;97;95;96;319;2,7;2,5;
2026/05/16;0600 UTC;0;1018,4;1018,5;1018,2;0;7,6;7,1;8,2;7;7,8;6,4;99;96;97;316;2,9;2,4;
2026/05/16;0700 UTC;0;1018,1;1018,2;1018;0;7,7;7,3;8;7,3;7,7;6,8;99;97;98;331;2,7;2,4;
2026/05/16;0800 UTC;0;1017,8;1018;1017,5;0;7,8;7,5;8,2;7,4;7,9;7;99;97;99;340;2,6;2,1;
2026/05/16;0900 UTC;0;1017,3;1017,5;1017;0;7,8;7,5;8;7,5;7,8;7,2;100;99;99;343;2,8;2,2;
2026/05/16;1000 UTC;0;1017,5;1017,9;1017,1;0;7,4;7,3;8;7;7,9;6,8;100;98;99;320;3,4;2,9;
2026/05/16;1100 UTC;0;1018,2;1018,7;1017,8;44,4;7,5;7,3;8,6;6,7;8,2;6,5;100;98;99;308;3,4;2,5;
2026/05/16;1200 UTC;0;1019,2;1019,4;1018,7;424,9;8,6;8,1;9,4;7,9;8,9;7,4;98;96;97;287;4;2;
2026/05/16;1300 UTC;0;1019,4;1019,5;1019,3;689,4;8,9;8,5;9,8;8,4;9,6;7,8;99;97;98;281;2,4;1,1;
2026/05/16;1400 UTC;0;1019;1019,2;1018,9;854,1;10,3;10;11;9,8;10,6;9,5;99;97;98;293;1,3;,6;
2026/05/16;1500 UTC;0;1018,8;1019,2;1018,6;1927,5;13,3;11,8;15,1;11,1;12,6;10,6;98;82;92;175;2,9;2,2;
2026/05/16;1600 UTC;0;1018,3;1018,6;1018;1580,5;14,9;11,6;15,8;14,2;12,2;11,1;87;79;83;175;2,4;1,4;
2026/05/16;1700 UTC;0;1018;1018,4;1017,6;1541,5;15,8;11,2;17;14,9;12,1;9,2;84;62;77;164;3;1,8;
2026/05/16;1800 UTC;0;1017,4;1017,7;1017,1;1364,7;15,5;10,9;16,4;14,7;11,5;10,5;81;73;77;124;2,6;1,8;
2026/05/16;1900 UTC;0;1017,4;1017,6;1017,3;956,4;15,6;10,4;16,6;14,7;11;10,1;78;69;74;125;3,5;2,9;
2026/05/16;2000 UTC;0;1017,5;1017,9;1017,2;518,5;14,7;10,1;15;14,2;10,5;9,4;80;73;77;123;3,6;2,6;
2026/05/16;2100 UTC;0;1017,9;1018,1;1017,8;34,3;13;8,6;14,3;12,4;9,5;7,8;81;76;78;129;3;2,2;
2026/05/16;2200 UTC;0;1018,2;1018,4;1018;0;12,4;8,2;13,2;11,6;8,9;7,7;82;77;79;153;4,5;3,5;
2026/05/16;2300 UTC;0;1018,8;1019,3;1018,3;0;13,1;8,8;13,3;13;9;8,5;80;77;78;179;3,5;3;
2026/05/17;0000 UTC;0;1018,7;1019,3;1017,8;0;13,3;9,4;13,8;12,9;10,1;8,9;82;79;81;138;7,3;5,6;
2026/05/17;0100 UTC;0;1019,4;1019,8;1018,4;0;12,6;9,6;13,8;11,3;10,3;9,2;89;81;85;314;3,1;2,4;
2026/05/17;0200 UTC;0;1019,6;1019,8;1019,1;0;11,2;9,1;11,3;11,1;9,2;9,1;90;89;90;273;2,6;1,2;
2026/05/17;0300 UTC;0;1019,3;1019,7;1019,1;0;11,6;9,7;12,3;11,1;10,5;9,1;92;90;90;254;2,9;1,5;
2026/05/17;0400 UTC;0;1019,4;1019,6;1019,2;0;11,7;10,3;12,2;11,4;10,9;10;95;92;93;252;4;2,1;
2026/05/17;0500 UTC;0;1019,4;1019,6;1019,2;0;11,8;10,5;12,4;11,1;10,9;10;95;92;93;313;2,7;1,5;
2026/05/17;0600 UTC;0;1018,7;1019,2;1018,2;0;11,1;10,2;11,3;11;10,5;10;96;95;95;207;3,6;2,9;
2026/05/17;0700 UTC;0;1018,5;1018,8;1018,1;0;12,1;11;12,6;11,4;11,5;10,5;96;93;94;263;3,8;1,8;
2026/05/17;0800 UTC;0;1018,6;1018,7;1018,5;0;11,4;10,3;12;11,1;10,7;10,1;96;94;95;253;5,1;2,9;
2026/05/17;0900 UTC;0;1018,5;1018,7;1018,4;0;11,3;10,3;11,5;11,2;10,5;10,2;95;95;95;250;4,8;3,1;
2026/05/17;1000 UTC;0;1018,8;1019,1;1018,6;0;11,3;10,4;11,3;11,2;10,5;10,4;97;95;96;268;3,3;1,9;
2026/05/17;1100 UTC;0;1019,2;1019,4;1019;9,3;11,2;10,6;11,6;11,2;11,1;10,5;98;97;97;263;2,9;,9;
2026/05/17;1200 UTC;0;1019,3;1019,4;1019,2;75,4;13,6;11,3;14,2;11,7;12,2;10,9;97;84;89;177;10,1;8,4;
2026/05/17;1300 UTC;0;1019,5;1019,7;1019,3;281,8;14,3;10,8;14,4;14,2;11;10,4;84;80;83;181;11,3;9,3;
2026/05/17;1400 UTC;0;1019,9;1020,2;1019,7;601,1;14,5;10,3;14,7;14,3;10,6;10;81;77;79;179;11,4;9,3;
2026/05/17;1500 UTC;0;1020,1;1020,3;1019,9;942,2;14,9;10,1;15,8;14,5;10,8;9,8;79;72;76;182;11,6;9,6;
2026/05/17;1600 UTC;0;1020;1020,2;1019,8;867,4;14,6;9,5;15,1;14,1;10;8,8;78;71;74;189;12;9,7;
2026/05/17;1700 UTC;0;1019,7;1019,9;1019,6;715,9;14,1;8,9;14,9;13,6;9,3;8,4;77;72;74;192;13,6;10,8;
2026/05/17;1800 UTC;0;1020;1020,3;1019,8;753;13,7;8,3;13,8;13,4;8,8;7,6;75;71;73;188;13,7;10,6;
2026/05/17;1900 UTC;0;1020,2;1020,3;1020;1024,3;13,7;7,6;14,5;13,1;8,4;6,7;73;65;69;196;13,6;10,8;
2026/05/17;2000 UTC;0;1020,4;1020,6;1020,3;327,8;12,8;7,2;13,6;12,4;8,1;6,6;75;68;72;196;12,8;10,4;
2026/05/17;2100 UTC;0;1020,9;1021,4;1020,5;43,1;12,2;6,5;12,4;11,9;7,6;5,1;76;65;72;198;11,8;9,5;
2026/05/17;2200 UTC;0;1021,6;1021,8;1021,4;0;11,3;5,6;12;10,7;6,7;5,1;74;69;72;212;9,3;5,6;
2026/05/17;2300 UTC;0;1021,9;1022,2;1021,6;0;11,7;6,1;11,9;10,7;6,9;5,8;77;70;72;181;12,6;9,4;
2026/05/18;0000 UTC;0;1022,6;1022,8;1022,1;0;10,8;5,3;11,9;8,5;6,3;4,7;81;66;72;251;5,4;3,4;
2026/05/18;0100 UTC;0;1022,9;1023,1;1022,8;0;8,2;4,9;8,5;7,9;5,1;4,8;85;82;84;234;5,7;3,7;
2026/05/18;0200 UTC;0;1023,3;1023,8;1023;0;8,5;4,8;8,9;8,2;5;4,4;82;80;81;255;7;3,7;
2026/05/18;0300 UTC;0;1023,9;1024;1023,8;0;8,4;4,3;8,6;8,2;4,6;4,2;81;79;80;258;6,2;3,9;
2026/05/18;0400 UTC;0;1023,9;1024,1;1023,8;0;8,3;5;8,5;8,1;5,2;4,6;85;80;83;263;6,5;3,7;
2026/05/18;0500 UTC;0;1023,9;1024;1023,7;0;8,4;5;8,5;7,9;5,2;4,9;85;83;83;265;6,8;4,3;
2026/05/18;0600 UTC;0;1023,5;1023,8;1023,3;0;7,5;5,5;7,9;7,2;5,9;4,9;93;85;90;272;6,2;3,9;
2026/05/18;0700 UTC;0;1023,2;1023,4;1023,1;0;7,2;5,5;7,4;7;5,6;5,4;92;91;92;279;6,3;4,3;
2026/05/18;0800 UTC;0;1023,4;1023,5;1023,2;0;7,6;5,7;7,8;7,4;5,9;5,5;91;90;91;289;5,2;3,6;
2026/05/18;0900 UTC;0;1023,5;1023,7;1023,4;0;7,8;5,8;7,9;7,8;5,9;5,7;91;89;90;275;5,5;3,6;
2026/05/18;1000 UTC;0;1023,7;1024;1023,5;0;7,3;5,4;7,8;7;5,7;5,2;92;89;91;289;5,8;3,7;
2026/05/18;1100 UTC;0;1024,3;1024,5;1024;48;6,8;5,2;7,1;6,7;5,3;5,2;92;91;92;292;5,4;3,6;
2026/05/18;1200 UTC;0;1024,8;1025,1;1024,5;320,4;7,5;5,5;8,1;7,1;5,9;5,2;90;89;90;269;4;2,1;
2026/05/18;1300 UTC;0;1025,2;1025,3;1025,1;764,1;9,1;6;10,3;8,1;6,4;5,7;89;80;84;266;3,9;2,6;
2026/05/18;1400 UTC;0;1025,4;1025,5;1025,3;1016,4;11,3;6,8;12,4;10,4;7,7;6,1;80;75;78;263;4,5;2,6;
2026/05/18;1500 UTC;0;1025,2;1025,4;1025;1325,3;13,4;7,8;14,6;12,4;8,6;7,3;76;67;72;249;4,4;2,6;
2026/05/18;1600 UTC;0;1024,7;1025;1024,4;1833,4;15,8;8,6;17;14,5;9,8;7,7;68;61;64;191;4,6;3,3;
2026/05/18;1700 UTC;0;1024,2;1024,4;1023,9;929;15,8;7,9;16,9;15;9,4;6,2;66;50;61;235;4,2;2,3;
2026/05/18;1800 UTC;0;1023,7;1024;1023,4;737,3;15,4;6,9;17,2;14,8;8,6;5,9;64;52;58;211;4,5;2,9;
2026/05/18;1900 UTC;0;1023,4;1023,5;1023,3;1368,4;16,8;6,7;18,3;15,4;8,7;5,8;56;45;50;290;4,1;2,5;
2026/05/18;2000 UTC;0;1023,4;1023,5;1023,3;621,1;15,4;6;16,2;14,7;6,5;5,7;57;49;53;283;3,3;2;
2026/05/18;2100 UTC;0;1023,5;1023,7;1023,4;44,1;12,9;5,5;14,6;11,5;5,9;5,2;69;56;63;297;3,3;2,3;
2026/05/18;2200 UTC;0;1023,8;1023,9;1023,6;0;11,4;4,6;12;10,8;5,2;4,2;71;63;66;269;3,4;2,4;
2026/05/18;2300 UTC;0;1024;1024,1;1023,9;0;10,5;5,1;11,5;9,8;7;4,1;84;64;73;237;3,4;2,5;
2026/05/19;0000 UTC;0;1024,1;1024,2;1024;0;10,2;7,3;10,9;9,6;7,8;6,9;88;83;86;246;2,6;2;
2026/05/19;0100 UTC;0;1024,1;1024,2;1024;0;9,1;6,5;9,6;7,6;7;5,8;91;85;87;293;3;2,1;
2026/05/19;0200 UTC;0;1024,1;1024,2;1024;0;7,3;5,8;7,6;6,9;6,1;5,4;93;91;92;300;2,6;2,1;
2026/05/19;0300 UTC;0;1023,9;1024,1;1023,7;0;7,1;5,7;7,4;6,7;5,9;5,3;94;92;93;312;3,3;2,8;
2026/05/19;0400 UTC;0;1023,5;1023,7;1023,4;0;7,3;4,5;7,7;6,9;5,8;3,7;94;82;86;294;4,2;2,9;
2026/05/19;0500 UTC;0;1023,4;1023,4;1023,3;0;6,6;3,5;7,1;6,1;3,8;3,3;86;83;84;306;4,9;3,6;
2026/05/19;0600 UTC;0;1023,2;1023,3;1023;0;5,7;3,4;6,1;5,3;3,5;3,3;90;86;89;307;4,5;3,2;
2026/05/19;0700 UTC;0;1022,8;1023;1022,6;0;5,1;3,1;5,3;4,8;3,3;3;92;89;90;304;4,2;3,3;
2026/05/19;0800 UTC;0;1022,6;1022,7;1022,4;0;5,1;2,8;5,5;4,6;3,1;2,5;91;86;89;291;5,4;3,2;
2026/05/19;0900 UTC;0;1022,5;1022,7;1022,4;0;5,3;2,5;5,5;5,1;2,7;2,4;88;85;86;283;6,7;4,1;
2026/05/19;1000 UTC;0;1022,7;1022,9;1022,5;0;5,3;2,2;5,5;5,2;2,4;2,1;86;83;85;294;5,7;3,9;
2026/05/19;1100 UTC;0;1023;1023,1;1022,7;29,9;5,4;2;5,8;5,2;2,2;1,8;85;80;83;296;5,4;3,7;
2026/05/19;1200 UTC;0;1023,1;1023,2;1023;439;6,9;2,5;8,3;5,8;3,5;1,8;80;75;78;282;6,2;3,9;
2026/05/19;1300 UTC;0;1023,2;1023,3;1023,1;1277,4;9,2;3,7;10;8,3;4,2;3,3;76;70;73;279;6,8;4,2;
2026/05/19;1400 UTC;0;1023,2;1023,3;1023,1;1796,9;11,4;4,6;12,3;10;5,1;3,8;71;62;66;261;8,1;4,9;
2026/05/19;1500 UTC;0;1022,7;1023,1;1022,2;2130,7;13,4;5,6;14,2;12,4;6,4;4,9;64;58;61;260;9,4;5,3;
2026/05/19;1600 UTC;0;1021,7;1022,3;1021,1;2227,8;14,8;5,8;15,7;14,1;6,4;5,3;60;51;55;251;9,4;5,3;
2026/05/19;1700 UTC;0;1020,9;1021,2;1020,6;2123,9;15,3;5,9;15,6;15;6,4;5,3;55;50;53;259;10,5;6,3;
2026/05/19;1800 UTC;0;1020,3;1020,6;1020;1775,7;15,8;6,2;16,3;15,4;6,7;5,6;54;49;52;256;9;5,7;
2026/05/19;1900 UTC;0;1020,1;1020,2;1020;1262,4;16;5,8;16,2;15,8;6,4;5,3;52;46;49;260;8;4,1;
2026/05/19;2000 UTC;0;1020,3;1020,3;1020,2;600,8;15,3;5,6;15,9;14,5;5,9;5,3;55;48;51;256;6,1;3,4;
2026/05/19;2100 UTC;0;1020,3;1020,4;1020,2;34,5;12,9;5,7;14,5;11,7;5,8;5,5;69;55;64;289;4,3;2,5;
2026/05/19;2200 UTC;0;1020,4;1020,5;1020,3;0;11,9;5,1;12,1;11,6;5,5;4,8;69;64;66;291;4,4;3;
2026/05/19;2300 UTC;0;1020,6;1020,8;1020,6;0;11,4;4,8;11,9;11,1;4,9;4,8;68;65;67;282;4,9;3,1;
2026/05/20;0000 UTC;0;1020,5;1020,6;1020,4;0;11,3;4,7;11,5;11,1;4,8;4,6;68;66;67;282;5,8;3,8;
2026/05/20;0100 UTC;0;1020,7;1020,8;1020,5;0;10,9;4,6;11,2;10,6;4,7;4,5;70;67;68;279;6,4;4,1;
2026/05/20;0200 UTC;0;1020,7;1020,8;1020,5;0;10,8;4,5;11,1;10,3;4,5;4,4;71;67;68;284;6,4;4,2;
2026/05/20;0300 UTC;0;1020,5;1020,7;1020,4;0;9,9;4,5;10,3;9,7;4,5;4,4;73;71;73;292;6,4;3,9;
2026/05/20;0400 UTC;0;1020,4;1020,5;1020,3;0;9,3;4,2;9,7;8,8;4,3;4,1;77;73;75;294;6,1;4,1;
2026/05/20;0500 UTC;0;1020,3;1020,4;1020,1;0;8,8;4,1;9,2;7,6;4,2;4;82;74;77;304;6,2;4,4;
2026/05/20;0600 UTC;0;1020,1;1020,3;1019,9;0;7;4,1;7,6;6,7;4,1;3,9;87;82;85;292;6;4,2;
2026/05/20;0700 UTC;0;1019,9;1020;1019,8;0;7,8;3,9;8,1;7,5;4;3,9;82;79;81;283;7,2;4,9;
2026/05/20;0800 UTC;0;1019,7;1020;1019,5;0;7,7;3,9;8;7,3;4;3,9;83;80;81;284;6,8;4,7;
2026/05/20;0900 UTC;0;1019,7;1020,1;1019,4;0;7,1;3,8;7,3;6,9;3,9;3,8;85;83;84;277;7,4;5;
2026/05/20;1000 UTC;0;1020,3;1020,6;1019,9;0;6,6;3,8;6,9;6,4;3,8;3,7;87;85;86;281;7,4;5,4;
2026/05/20;1100 UTC;0;1020,8;1021,3;1020,6;42,8;6,8;3,9;7;6,4;4;3,8;87;85;86;277;7,1;4,7;
2026/05/20;1200 UTC;0;1021,6;1021,8;1021,2;438,1;7,6;4,5;8,6;7;5,2;4;85;83;85;279;6,5;4,1;
2026/05/20;1300 UTC;0;1022,1;1022,3;1021,8;1164,9;10,1;6,4;11,5;8,6;7,4;5,3;83;79;81;253;6;3,3;
2026/05/20;1400 UTC;0;1022,3;1022,4;1022,1;1719;12,8;7,7;13,9;11,6;8,5;7,1;79;70;75;263;6,3;3,3;
2026/05/20;1500 UTC;0;1022,2;1022,3;1022;1685,5;14,4;8,1;14,9;13,8;8,6;7,7;73;65;69;241;6,7;4;
2026/05/20;1600 UTC;0;1022,4;1022,5;1022,1;614,1;13,4;8,7;14;12,4;9,7;7,5;86;67;76;207;11,7;8,7;
2026/05/20;1700 UTC;0;1022,3;1022,5;1022,1;858;13,4;9,1;14;12,6;9,8;8,5;85;73;78;202;11,4;8,7;
2026/05/20;1800 UTC;0;1022,5;1022,7;1022,3;587,9;12,7;9,8;13,5;12,2;10,7;8,1;92;74;86;207;13,8;9,1;
2026/05/20;1900 UTC;0;1022,5;1022,7;1022,4;658,8;13,5;8;14;13,1;9;7,5;76;69;72;193;13,4;10,6;
2026/05/20;2000 UTC;0;1023;1023,4;1022,8;456;13,2;7,8;13,5;12,8;8,3;7,2;75;70;73;192;15,1;11,9;
2026/05/20;2100 UTC;0;1023,8;1024,3;1023,4;45,9;12,4;6,8;12,7;12,2;7,6;5,7;75;68;72;206;14,4;11,1;
2026/05/20;2200 UTC;0;1024,7;1024,9;1024,2;0;11,5;5,2;12,1;10,8;6,3;4,8;72;67;69;238;7,3;4,2;
2026/05/20;2300 UTC;0;1025;1025,2;1024,8;0;10,7;5,3;10,8;10,5;5,7;5,2;76;72;73;231;7,3;4,4;
2026/05/21;0000 UTC;0;1025,4;1025,6;1025,1;0;10,4;5,3;10,5;10,3;5,5;5,1;76;73;74;247;6,8;3,7;
2026/05/21;0100 UTC;0;1025,6;1025,8;1025,3;0;10,7;5,6;11,8;10;6,6;5,2;78;68;74;189;16,4;12,1;
2026/05/21;0200 UTC;0;1025,4;1025,6;1025,3;0;11,7;4,9;12;10,9;6;3,9;72;60;66;201;13,6;8,8;
2026/05/21;0300 UTC;0;1025,6;1025,9;1025,4;0;11,7;5,2;11,9;11,4;6,3;3,8;72;62;68;193;15,6;12;
2026/05/21;0400 UTC;0;1026;1026,2;1025,8;0;11,2;3,7;11,4;10,8;4,7;2,7;67;59;63;219;12;6;
2026/05/21;0500 UTC;0;1026;1026,1;1025,9;0;9,5;3,2;10,8;8,2;3,8;2,7;78;60;68;264;4,8;3;
2026/05/21;0600 UTC;0;1026,1;1026,2;1026;0;8,5;3,2;8,8;8,2;3,7;2,8;77;71;73;240;6;3,5;
2026/05/21;0700 UTC;0;1026;1026,1;1025,8;0;8,5;3,3;8,7;8,4;3,5;3;74;72;74;266;5,7;3,7;
2026/05/21;0800 UTC;0;1026,1;1026,3;1025,9;0;8,5;3,1;8,7;8,3;3,3;2,9;75;71;73;253;5,9;3,6;
2026/05/21;0900 UTC;0;1026,5;1026,7;1026,3;0;8,4;3,8;8,7;8,1;4,3;3,2;81;73;77;251;6,5;3,9;
2026/05/21;1000 UTC;0;1027;1027,3;1026,7;0;7,8;4,5;8,4;7,1;5,3;3,7;88;76;83;265;5,1;3,3;
2026/05/21;1100 UTC;0;1027,5;1027,8;1027,2;30,7;7,2;4,8;7,4;6,9;5;4,5;89;86;88;250;6,1;3,9;
2026/05/21;1200 UTC;0;1028,1;1028,3;1027,8;287,2;8,5;5,4;9,1;7,5;5,9;4,7;87;83;85;234;6,1;3,8;
2026/05/21;1300 UTC;0;1028,2;1028,3;1028,1;1128,8;11,1;6,4;12,3;9;7;5,8;84;71;77;210;8;6;
2026/05/21;1400 UTC;0;1028,4;1028,7;1028,2;1574,3;13,3;7,3;14,7;12,4;8,2;6,4;74;63;70;192;7,7;6;
2026/05/21;1500 UTC;0;1028,7;1028,9;1028,5;2054,8;15;7;15,7;14,2;7,6;6,3;65;56;60;184;9,3;6,7;
2026/05/21;1600 UTC;0;1028,9;1029;1028,8;1803,3;15,4;7,2;16,2;14,3;8,1;6,5;63;56;59;192;7,4;5,5;
2026/05/21;1700 UTC;0;1028,7;1028,9;1028,5;2106,1;15,5;7,5;16;14,3;8,1;6,4;63;57;60;185;8;6,5;
2026/05/21;1800 UTC;0;1028,4;1028,6;1028,2;1632,7;15,3;7,4;15,9;14,6;8,1;6,8;63;59;61;186;8,3;6,9;
2026/05/21;1900 UTC;0;1028,3;1028,4;1028,1;1181,9;14,6;7,3;15,1;13,7;7,9;6,7;67;61;64;182;8,9;7,5;
2026/05/21;2000 UTC;0;1028,4;1028,6;1028,2;559;13,4;6,7;13,9;12,7;7,2;6,1;70;63;66;187;8,7;6,8;
2026/05/21;2100 UTC;0;1028,6;1028,7;1028,5;34,1;11,8;6,3;12,7;11,3;6,8;6;75;68;73;186;7,6;5,7;
2026/05/21;2200 UTC;0;1029;1029,3;1028,7;0;11,2;6;11,3;11,1;6,3;5,8;75;73;74;185;6,7;5,1;
2026/05/21;2300 UTC;0;1029,6;1029,7;1029,3;0;10,9;5,8;11,1;10,1;6,1;5,2;76;73;74;219;5,1;2,2;
2026/05/22;0000 UTC;0;1029,8;1029,9;1029,7;0;9,3;5,4;10,2;8,8;5,8;5,1;82;76;80;232;4,2;3;
2026/05/22;0100 UTC;0;1029,8;1029,9;1029,7;0;9,9;5,8;10,2;9,5;6,3;5,5;83;78;80;236;4,1;2,7;
2026/05/22;0200 UTC;0;1029,9;1029,9;1029,7;0;9,5;5,4;9,8;9,3;5,6;5,1;81;79;79;235;4,5;3,3;
2026/05/22;0300 UTC;0;1029,7;1029,7;1029,6;0;9,1;5;9,4;8,8;5,5;4,6;80;79;79;236;4,8;3,3;
2026/05/22;0400 UTC;0;1029,4;1029,6;1029,3;0;8;4,9;9,4;7,3;5,4;4,5;87;80;84;240;4,5;3,2;
2026/05/22;0500 UTC;0;1029,4;1029,5;1029,3;0;6,6;4,2;7,5;6,4;4,7;4;89;86;88;258;4,3;3,1;
2026/05/22;0600 UTC;0;1029,3;1029,5;1029;0;7,2;4,5;7,8;6,4;4,8;4;89;85;87;241;4,8;3,3;
2026/05/22;0700 UTC;0;1028,8;1029;1028,7;0;7,4;4,6;7,5;7,2;4,7;4,5;87;86;86;242;4,2;3;
2026/05/22;0800 UTC;0;1029;1029,2;1028,8;0;6,6;4,5;7,3;6,2;4,8;4,2;92;87;89;265;3,6;2,2;
2026/05/22;0900 UTC;0;1029,2;1029,5;1029,1;0;6,2;4,6;6,5;5,8;4,8;4,4;93;91;92;268;3,9;2,4;
2026/05/22;1000 UTC;0;1029,9;1030,2;1029,5;0;5,6;4,2;5,9;5,4;4,5;4;94;93;93;267;3,1;2,2;
2026/05/22;1100 UTC;0;1030,4;1030,6;1030,2;28,4;6;4,5;6,3;5,4;4,8;4,2;94;91;93;260;4,2;2,7;
2026/05/22;1200 UTC;0;1030,7;1030,8;1030,6;442,3;7,7;5;9,8;6,3;5,6;4,5;91;77;86;227;4,1;2,5;
2026/05/22;1300 UTC;0;1030,9;1031;1030,8;1214,9;11,3;6,4;12,5;9,9;7,5;5,2;77;74;75;207;6;4,8;
2026/05/22;1400 UTC;0;1031;1031;1030,9;1560,1;13,1;7,8;14,1;12,2;8,4;7,2;77;69;73;202;5,4;4,6;
2026/05/22;1500 UTC;0;1030,5;1030,9;1030,2;1824,6;15;8,4;15,4;13,6;8,8;7,8;72;65;67;178;6;4,9;
2026/05/22;1600 UTC;0;1030;1030,2;1029,8;1702,2;15,3;8,5;16,2;13,9;9,1;7,7;72;62;66;175;6;5,1;
2026/05/22;1700 UTC;0;1029,6;1029,8;1029,3;1919,6;16;8,6;16,5;14,9;9,1;8,1;67;60;63;174;5,1;4,2;
2026/05/22;1800 UTC;0;1029,2;1029,4;1029,1;1701,7;15,8;8,2;16,3;15,2;8,6;7,8;66;60;62;174;5,3;4;
2026/05/22;1900 UTC;0;1029;1029,1;1028,8;1143,3;14,8;7,9;15,8;14,3;8,2;7,6;69;62;65;170;5;3,9;
2026/05/22;2000 UTC;0;1028,8;1029;1028,6;550,5;13,6;7,5;14,3;12,8;7,8;7,2;73;67;70;163;6;4,7;
2026/05/22;2100 UTC;0;1028,8;1028,9;1028,7;34,1;12,1;7,3;12,8;11,7;7,7;6,9;79;72;76;166;6,4;5,2;
2026/05/22;2200 UTC;0;1029;1029,2;1028,8;0;11,8;7,4;11,9;11,7;7,8;7,2;80;77;78;160;6,6;5,1;
2026/05/22;2300 UTC;0;1029,6;1029,9;1029,2;0;11,8;7,6;11,9;11,6;8;7,2;81;78;79;154;5,6;4,5;
2026/05/23;0000 UTC;0;1030;1030;1029,9;0;11,9;7,7;12,1;11,7;8,1;7,4;81;78;79;153;5,3;4,5;
2026/05/23;0100 UTC;0;1030;1030,1;1029,8;0;12,1;8;12,3;11,9;8,3;7,8;81;78;80;152;6,6;5,6;
2026/05/23;0200 UTC;0;1029,7;1029,8;1029,5;0;12,3;8,2;12,4;12,2;8,5;7,9;80;78;79;162;6,1;4,6;
2026/05/23;0300 UTC;0;1029,4;1029,5;1029,3;0;12;8,2;12,3;11,8;8,5;7,8;83;78;81;158;6,2;5,1;
2026/05/23;0400 UTC;0;1029,2;1029,4;1029;0;12;8,4;12,1;11,9;8,7;8,2;83;81;82;161;6;4,8;
2026/05/23;0500 UTC;0;1028,9;1029,1;1028,8;0;12,2;9;12,3;11,9;9,4;8,5;85;83;84;161;6;5;
2026/05/23;0600 UTC;0;1028,9;1029;1028,8;0;12,3;9,5;12,4;12,3;9,7;9,2;87;85;86;161;5,8;4,5;
2026/05/23;0700 UTC;0;1028,7;1028,9;1028,6;0;12,5;9,6;12,6;12,4;9,7;9,4;87;84;85;161;6,1;4,7;
2026/05/23;0800 UTC;0;1028,4;1028,6;1028,3;0;12,6;9,7;12,7;12,5;9,9;9,4;87;84;85;157;6,7;5,5;
2026/05/23;0900 UTC;0;1028,3;1028,4;1028,2;0;12,4;9,7;12,6;12,3;9,9;9,5;87;85;86;171;6,1;5,1;
2026/05/23;1000 UTC;0;1028,6;1028,7;1028,4;0;12,4;9,8;12,7;12,3;10;9,5;87;86;87;171;7,3;5,8;
2026/05/23;1100 UTC;0;1028,5;1028,6;1028,4;14,9;12,8;9,8;12,9;12,6;10,1;9,6;86;84;85;160;7;5,6;
2026/05/23;1200 UTC;0;1028,7;1028,8;1028,6;211,4;13,3;10,4;13,6;13;10,7;10,1;86;84;85;156;7,2;6,2;
2026/05/23;1300 UTC;0;1028,8;1029;1028,8;480,9;13,9;10,7;14,1;13,6;10,9;10,4;85;83;84;155;7;6;
2026/05/23;1400 UTC;0;1029;1029,1;1028,9;679,4;14,5;11;15,4;14;11,6;10,6;84;79;82;157;5,2;4,2;
2026/05/23;1500 UTC;0;1028,6;1029;1028,4;1501,1;16;11,4;17,1;15,2;11,9;11;80;73;77;158;6,2;5,1;
2026/05/23;1600 UTC;0;1028,1;1028,4;1027,8;1799,3;16,4;11,7;17,3;15,7;12,4;11,2;78;74;76;157;5,9;4,9;
2026/05/23;1700 UTC;0;1027,5;1027,8;1027,1;1599;16,6;12;17,6;16,1;12,4;11,6;79;72;77;159;5,5;4,3;
2026/05/23;1800 UTC;0;1026,7;1027,1;1026,5;1093,2;15,9;12,1;16,6;15,3;12,3;11,9;83;77;81;154;6,3;5,3;
2026/05/23;1900 UTC;0;1026,5;1026,6;1026,3;506,3;15;12,1;15,3;14,6;12,3;11,9;87;83;85;152;5,9;5;
2026/05/23;2000 UTC;0;1026,4;1026,5;1026,4;269,9;14,6;12,2;14,7;14,4;12,4;12;90;87;88;153;5,7;4,7;
2026/05/23;2100 UTC;0;1026,6;1026,7;1026,4;29,4;14,2;12,4;14,4;14,1;12,5;12,2;92;90;91;155;5,4;4,7;
2026/05/23;2200 UTC;0;1026,7;1026,8;1026,7;0;14,1;12,6;14,2;14,1;12,7;12,5;93;92;92;157;5,1;4,3;
2026/05/23;2300 UTC;0;1026,9;1027;1026,7;0;13,9;12,7;14,2;13,7;12,7;12,6;95;93;94;161;3,6;2,8;
2026/05/24;0000 UTC;0;1026,8;1026,9;1026,7;0;13,5;12,6;13,7;13,2;12,8;12,4;96;95;96;171;3;2,5;
2026/05/24;0100 UTC;0;1026,8;1026,9;1026,6;0;13,4;12,8;13,7;13,2;13,3;12,5;98;96;97;149;3,1;2,2;
2026/05/24;0200 UTC;0;1026,5;1026,6;1026,4;0;13,3;12,9;13,6;13;13,2;12,7;99;98;98;145;2,2;1,8;
2026/05/24;0300 UTC;0;1026,4;1026,5;1026,3;0;11,9;11,7;13;11,3;12,7;11;100;97;99;185;1,2;,8;
2026/05/24;0400 UTC;0;1026,2;1026,4;1025,8;0;13;12,8;13,5;12,5;13,3;12,3;100;99;99;144;3,2;2,6;
2026/05/24;0500 UTC;0;1025,8;1025,8;1025,7;0;13,4;13,3;13,7;13,3;13,7;13,1;100;99;99;147;3,8;3,2;
2026/05/24;0600 UTC;0;1025,4;1025,7;1025,2;0;13,8;13,6;13,9;13,3;13,9;13,2;100;99;99;123;3,4;2,6;
2026/05/24;0700 UTC;0;1025;1025,2;1024,7;0;12,7;12,6;13,3;12,3;13,2;12,2;100;99;100;165;1,8;1,5;
2026/05/24;0800 UTC;0;1024,7;1024,8;1024,6;0;12,4;12,4;12,8;12;12,8;11,9;100;99;100;187;1,6;1,2;
2026/05/24;0900 UTC;0;1024,9;1025;1024,7;0;12,9;12,9;13,5;12,3;13,5;12,3;100;100;100;190;3,2;2;
2026/05/24;1000 UTC;0;1024,9;1025,1;1024,8;0;13,1;13;13,5;12,7;13,5;12,7;100;100;100;182;2,2;1,4;
2026/05/24;1100 UTC;0;1025,3;1025,5;1025,1;34,6;13,4;13,4;13,9;12,8;13,8;12,7;100;100;100;142;1,8;1,4;
2026/05/24;1200 UTC;0;1025,5;1025,7;1025,3;309,6;14,3;14,3;14,7;13,9;14,6;13,8;100;99;100;178;2;1;
2026/05/24;1300 UTC;0;1025,6;1025,8;1025,6;630,5;14,8;14,6;15,1;14,5;15;14,3;100;98;99;158;1,8;1,1;
2026/05/24;1400 UTC;0;1025,6;1025,8;1025,3;1409,2;15,5;15;15,9;15;15,3;14,7;99;95;98;116;3,6;2,5;
2026/05/24;1500 UTC;0;1025,1;1025,3;1024,9;2056,2;16,6;14,4;17,1;15,7;15,1;13,7;96;84;89;92;3,4;2,5;
2026/05/24;1600 UTC;0;1024,8;1025;1024,6;2088,4;17,5;14;17,9;16,9;14,3;13,7;85;80;82;111;3,1;2;
2026/05/24;1700 UTC;0;1024,5;1024,8;1024,2;1990,3;17,3;13,7;18;17;14,1;13,4;84;79;82;131;3,3;2,7;
2026/05/24;1800 UTC;0;1023,9;1024,2;1023,6;1666,1;16,9;13,6;17,1;16,8;13,7;13,4;84;82;83;125;3,6;2,9;
2026/05/24;1900 UTC;0;1023,5;1023,7;1023,4;1136,2;17;13,7;17,2;16,7;13,9;13,6;85;83;83;96;4,4;3,3;
2026/05/24;2000 UTC;0;1023,4;1023,5;1023,3;469;16;13,6;16,7;15;13,7;13,5;93;85;88;106;3,5;2,7;
2026/05/24;2100 UTC;0;1023,3;1023,4;1023,3;24;14,3;13,4;14,9;14;13,5;13,3;97;93;96;81;3,2;2,4;
2026/05/24;2200 UTC;0;1023,2;1023,3;1023,1;0;14,1;13,7;14,2;14;13,9;13,5;98;97;98;89;4,8;3,4;
2026/05/24;2300 UTC;0;1023,3;1023,3;1023,2;0;14,2;13,9;14,3;14,2;14;13,8;98;98;98;57;3,3;2,3;
2026/05/25;0000 UTC;0;1023,3;1023,5;1023,2;0;14,2;13,8;14,3;14,1;14;13,8;98;98;98;65;4,3;3;
2026/05/25;0100 UTC;0;1023,3;1023,6;1023,1;0;14,2;13,8;14,3;14;14;13,4;98;97;98;45;3,4;2,4;
2026/05/25;0200 UTC;0;1023,5;1023,6;1023,4;0;13,8;13,3;13,9;13,6;13,4;13,2;98;97;98;47;3,4;1,9;
2026/05/25;0300 UTC;0;1023,6;1023,7;1023,5;0;13,1;12,8;13,7;12,6;13,3;12,4;99;98;98;25;2,7;2;
2026/05/25;0400 UTC;0;1023,5;1023,6;1023,4;0;12,7;12,5;12,8;12,6;12,7;12,4;100;99;99;88;2,9;2,3;
2026/05/25;0500 UTC;,2;1023,5;1023,5;1023,4;0;12,4;12,2;12,7;12;12,5;11,8;99;99;99;288;2,3;1,7;
2026/05/25;0600 UTC;0;1023,1;1023,4;1022,9;0;11,7;11,6;12,1;11,3;12;11,1;100;98;99;17;3,3;2,7;
2026/05/25;0700 UTC;0;1022,7;1022,9;1022,5;0;12,3;12;12,5;11,8;12,4;11,6;99;99;99;36;3;2;
2026/05/25;0800 UTC;0;1022,5;1022,6;1022,4;0;12,2;12;12,4;11,5;12,3;11,3;99;98;99;38;2,4;1,8;
2026/05/25;0900 UTC;0;1022,4;1022,5;1022,2;0;11,4;11,3;12;10,3;12;10,2;100;99;100;26;2,2;1,6;
2026/05/25;1000 UTC;0;1022,7;1022,9;1022,4;0;11,9;11,9;12,1;11,1;12,2;11,1;100;100;100;23;3,1;2,5;
2026/05/25;1100 UTC;0;1023,2;1023,3;1023;30,2;12,4;12,3;12,8;12;12,6;12;100;99;100;25;2,3;1,7;
2026/05/25;1200 UTC;,2;1023,5;1023,7;1023,3;325,1;13,8;13,5;15,1;12,8;14,7;12,6;99;97;99;77;1,2;,6;
2026/05/25;1300 UTC;0;1023,9;1024,1;1023,7;1008,5;15,1;14,4;15,8;14,4;14,8;13,9;98;93;96;121;1,6;1,1;
2026/05/25;1400 UTC;0;1024;1024,3;1023,8;1442,5;16;14,2;16,4;15,4;14,7;13,8;93;88;91;98;1,9;1;
2026/05/25;1500 UTC;0;1024;1024,2;1023,6;1820,1;17;14;17,6;16,4;14,5;13,3;88;81;85;122;3,5;2,6;
2026/05/25;1600 UTC;0;1023,1;1023,6;1022,8;1626,3;17,4;14,3;18,1;16,6;14,7;13,8;88;82;84;91;3,1;2,2;
2026/05/25;1700 UTC;0;1022,5;1023;1022;718,8;16,5;14;16,9;16,4;14,3;13,9;89;86;87;86;3,5;2,4;
2026/05/25;1800 UTC;0;1021,9;1022,1;1021,6;620;16,4;14;16,7;16,2;14,2;13,8;89;86;88;80;4,1;2,6;
2026/05/25;1900 UTC;0;1021,8;1021,9;1021,7;276,7;15,9;13,8;16,2;15,7;13,9;13,7;91;88;90;74;3,3;1,6;
2026/05/25;2000 UTC;0;1021,8;1021,9;1021,7;134,6;15,6;13,8;15,7;15,3;13,9;13,7;92;91;91;91;3,6;2,5;
2026/05/25;2100 UTC;0;1021,7;1021,9;1021,4;17,1;15,1;14;15,3;14,8;14,1;13,8;96;92;94;115;4,8;3,6;
2026/05/25;2200 UTC;0;1021,5;1021,7;1021,3;0;14,7;14;14,8;14,6;14,1;13,9;96;96;96;73;2,7;1,9;
2026/05/25;2300 UTC;0;1021,7;1022;1021,5;0;14,5;13,7;14,8;14,2;14;13,5;97;96;96;93;,8;,4;
2026/05/26;0000 UTC;0;1022;1022,1;1021,9;0;14,4;13,8;14,6;14,1;14;13,4;97;97;97;77;3,2;2,2;
2026/05/26;0100 UTC;0;1022,1;1022,3;1021,8;0;14,5;14;14,7;14,3;14,2;13,7;98;97;97;71;3,1;2;
2026/05/26;0200 UTC;0;1022,1;1022,3;1021,7;0;14,7;14,1;14,8;14,6;14,2;14,1;97;97;97;61;4;2;
2026/05/26;0300 UTC;,2;1022,1;1022,1;1021,9;0;14,9;14,1;15;14,8;14,3;14;97;96;96;64;4;2,5;
2026/05/26;0400 UTC;,2;1021,6;1021,9;1021,4;0;15;14,4;15,2;14,8;14,5;14,3;98;96;97;118;2;1,7;
2026/05/26;0500 UTC;0;1021,4;1021,4;1021,2;0;14,7;14,3;14,8;14,6;14,5;14,2;98;98;98;125;2,2;1,6;
2026/05/26;0600 UTC;,6;1021,1;1021,2;1020,9;0;14,8;14,5;15;14,6;14,7;14,3;99;98;99;76;2,5;1,6;
2026/05/26;0700 UTC;,2;1020,7;1020,9;1020,6;0;15;14,7;15;14,9;14,7;14,6;99;99;99;175;2,8;1,9;
2026/05/26;0800 UTC;0;1020,7;1020,8;1020,6;0;14,9;14,7;15;14,8;14,8;14,6;99;99;99;166;5,6;4,2;
2026/05/26;0900 UTC;1;1020,7;1020,8;1020,6;0;14,9;14,7;15;14,8;14,8;14,6;99;99;99;155;10,5;7,7;
2026/05/26;1000 UTC;,6;1021;1021,2;1020,7;0;14,6;14,4;14,9;14,3;14,7;14,1;99;99;99;157;10,1;8,1;
2026/05/26;1100 UTC;,2;1021,3;1021,5;1021,2;11,5;14,6;14,4;14,9;14,4;14,6;14,2;99;99;99;145;8,6;7,1;
2026/05/26;1200 UTC;0;1021,7;1022;1021,4;238,5;15,1;14,7;15,3;14,9;14,9;14,6;99;98;98;158;6,4;5,2;
2026/05/26;1300 UTC;0;1022,2;1022,4;1022;271,5;15,2;14,8;15,3;15,2;14,9;14,7;98;97;98;132;7;5,9;
2026/05/26;1400 UTC;0;1022,7;1023;1022,3;456,8;15,5;14,7;15,8;15,3;14,8;14,5;97;95;96;168;6,1;4,9;
2026/05/26;1500 UTC;0;1022,8;1022,9;1022,5;882,9;16,4;15;16,7;15,9;15,3;14,8;95;92;93;167;5,6;4,3;
2026/05/26;1600 UTC;0;1022,3;1022,5;1022,2;1649,1;17,5;15,1;18,6;16,7;16;14,5;92;84;88;154;5,6;4,7;
2026/05/26;1700 UTC;0;1022;1022,2;1021,7;1217,8;17,3;14,8;17,5;16,9;15;14,6;89;86;88;175;5,5;4,7;
2026/05/26;1800 UTC;0;1021,7;1021,7;1021,6;872,3;17;14,6;17,5;16,6;15,2;14,4;89;88;88;188;6,4;5,4;
2026/05/26;1900 UTC;0;1021,6;1021,8;1021,5;1210,4;17,6;14,5;18,2;17;15,1;14,1;87;83;85;186;8,5;6,6;
2026/05/26;2000 UTC;0;1022;1022,2;1021,8;344,5;15,5;14,1;16,8;15;14,3;13,9;95;86;93;191;8,4;6,8;
2026/05/26;2100 UTC;0;1022,4;1022,5;1022,2;31,7;14,6;13,9;15;14,5;13,9;13,8;97;95;96;198;8,6;6,6;
2026/05/26;2200 UTC;0;1022,6;1022,7;1022,5;0;14,3;13,9;14,5;14,3;14;13,9;98;97;98;199;8,2;6,5;
2026/05/26;2300 UTC;0;1022,9;1023,1;1022,6;0;14,5;14,2;14,6;14,4;14,2;14;98;98;98;194;9,8;7,5;
2026/05/27;0000 UTC;0;1023,3;1023,4;1023,1;0;14,3;14;14,5;14,2;14,2;13,9;98;98;98;196;8,4;6,8;
2026/05/27;0100 UTC;0;1023,6;1023,6;1023,4;0;14,1;13,8;14,2;14;13,9;13,7;99;98;98;186;6,4;5,3;
2026/05/27;0200 UTC;0;1023,8;1023,9;1023,6;0;14,1;13,8;14,3;14;14,1;13,7;99;99;99;187;7,6;6,4;
2026/05/27;0300 UTC;0;1024,1;1024,2;1023,9;0;14,2;14;14,3;14,2;14,1;14;99;99;99;186;7,6;6,2;
2026/05/27;0400 UTC;0;1024;1024,2;1023,9;0;14,2;14;14,3;14,2;14,1;13,9;99;99;99;189;7,7;6,2;
2026/05/27;0500 UTC;0;1024;1024,1;1023,9;0;14,2;14;14,3;14,2;14;13,9;99;98;99;186;7,6;6,1;
2026/05/27;0600 UTC;0;1023,8;1024;1023,6;0;14,1;13,7;14,2;14;13,9;13,6;98;98;98;202;6,5;5,5;
2026/05/27;0700 UTC;0;1023,6;1023,7;1023,5;0;13,9;13,5;14;13,7;13,6;13,3;98;98;98;201;6,6;5,5;
2026/05/27;0800 UTC;0;1023,5;1023,5;1023,4;0;12,8;12,5;13,8;12,3;13,5;12,1;100;98;98;215;4,7;3;
2026/05/27;0900 UTC;0;1023,4;1023,5;1023,3;0;12,9;12,7;13,3;12,6;13,2;12,4;100;99;99;224;5,4;3,3;
2026/05/27;1000 UTC;0;1023,7;1023,9;1023,5;0;11,9;11,7;12,7;11,4;12,5;11,2;100;99;99;215;3,1;2;
2026/05/27;1100 UTC;0;1024,1;1024,3;1023,8;39,4;13;12,9;13,4;11,5;13,3;11,4;100;99;100;192;6,3;5,3;
2026/05/27;1200 UTC;0;1024,5;1024,8;1024,3;281,8;13,7;13,4;13,9;13,4;13,6;13,2;99;98;98;196;8;6,6;
2026/05/27;1300 UTC;0;1025,1;1025,4;1024,8;396,2;14;13,2;14,4;13,7;13,5;12,9;98;94;96;192;8,8;7;
2026/05/27;1400 UTC;0;1025,6;1025,8;1025,3;1195,8;15,3;13;16,1;14,3;13,4;12,7;93;85;89;195;7,6;6,2;
2026/05/27;1500 UTC;0;1025,7;1025,8;1025,6;1167;15,9;13,2;17;15,3;14,1;13;89;82;87;190;7,2;5,7;
2026/05/27;1600 UTC;0;1025,3;1025,6;1024,9;999,5;16;13,1;16,3;15,8;13,4;12,7;87;85;85;186;5,4;4,3;
2026/05/27;1700 UTC;0;1024,5;1024,9;1024,2;849,2;15,9;13;16,2;15,5;13,2;12,8;88;83;85;176;5,2;4,1;
2026/05/27;1800 UTC;0;1024;1024,2;1023,8;620,3;15,4;12,9;15,6;15,2;13,1;12,6;88;87;87;173;4,7;3,1;
2026/05/27;1900 UTC;0;1023,9;1024,1;1023,8;393,4;14,8;12,7;15,1;14,7;12,9;12,6;91;87;90;173;3,7;3;
2026/05/27;2000 UTC;0;1024;1024,2;1023,9;174,8;14,7;12,7;14,9;14,4;13;12,6;92;89;90;167;5,1;3,9;
2026/05/27;2100 UTC;0;1024,3;1024,5;1024,2;15,1;14,2;12,6;14,4;14;12,7;12,4;92;92;92;173;5,9;5;
2026/05/27;2200 UTC;0;1024,7;1025;1024,4;0;14;12,2;14;13,9;12,4;11,8;92;89;91;174;7,4;6,2;
2026/05/27;2300 UTC;0;1025;1025;1024,8;0;14;11,9;14;13,9;12;11,7;90;89;90;164;6,7;5,1;
2026/05/28;0000 UTC;0;1024,9;1025;1024,8;0;13,9;11,9;14;13,8;12;11,8;90;89;90;164;4,9;3,7;
2026/05/28;0100 UTC;0;1024,8;1024,9;1024,6;0;13,5;11,6;13,8;13,3;11,8;11,4;91;90;91;166;4;3;
2026/05/28;0200 UTC;0;1024,6;1024,8;1024,4;0;12,9;11,3;13,2;12,7;11,5;11,1;93;91;92;143;3,5;2,8;
2026/05/28;0300 UTC;0;1024,3;1024,5;1024,1;0;11,4;10,2;12,8;9,8;11,4;8,6;96;92;94;74;2;1;
2026/05/28;0400 UTC;0;1024;1024,3;1023,7;0;8,9;8,2;10,1;8,2;9,1;7,7;98;94;97;107;1,5;1;
2026/05/28;0500 UTC;0;1023,8;1023,9;1023,7;0;10;9,7;11,5;8,3;11,2;7,9;100;98;99;169;3,6;2,9;
2026/05/28;0600 UTC;0;1023,7;1023,8;1023,6;0;11,9;11,5;11,9;11,5;11,7;11,3;99;98;98;161;3,3;2,5;
2026/05/28;0700 UTC;0;1023,6;1023,7;1023,4;0;10,1;9,7;11,9;8,7;11,5;8,2;98;96;98;198;2,2;1,7;
2026/05/28;0800 UTC;0;1023,7;1023,8;1023,5;0;8,7;8,4;9,3;7,9;9,1;7,4;100;97;98;156;3,5;2,7;
2026/05/28;0900 UTC;0;1023,8;1024,1;1023,6;0;8,4;8,1;8,8;7,9;8,5;7,6;99;98;99;243;1,3;,9;
2026/05/28;1000 UTC;0;1024,1;1024,2;1024;0;9,1;8,9;9,5;8,8;9,3;8,5;99;98;99;319;4;2,6;
2026/05/28;1100 UTC;0;1024,4;1024,6;1024,2;11,5;9,5;9,4;10;9;9,9;8,8;99;99;99;312;2,5;1,7;
2026/05/28;1200 UTC;0;1024,7;1024,7;1024,6;125,3;10,6;10,4;11,2;10;11,1;9,9;99;99;99;301;1,7;1,2;
2026/05/28;1300 UTC;0;1025;1025,3;1024,7;348,2;12;11,8;12,7;11,2;12,5;11,1;99;99;99;289;1,2;,6;
2026/05/28;1400 UTC;0;1025,3;1025,4;1025,2;531,7;13,1;12,7;13,9;12,7;13,2;12,4;99;96;98;200;1,5;,9;
2026/05/28;1500 UTC;0;1025;1025,3;1024,8;977,6;14,9;12,5;15,4;13,9;13,5;11,5;96;81;88;147;3,5;2,7;
2026/05/28;1600 UTC;0;1024,5;1024,8;1024,2;814,3;15,2;11,7;15,5;15;12,1;11,1;84;80;83;149;3,9;3,1;
2026/05/28;1700 UTC;0;1023,9;1024,2;1023,4;540,2;14,8;10,4;15,1;14,7;11,3;9,8;81;75;78;155;4;3,1;
2026/05/28;1800 UTC;0;1023,2;1023,5;1023,1;466,6;14,6;10;14,8;14,4;10,5;9,4;79;75;77;145;4,4;3,5;
2026/05/28;1900 UTC;0;1023,2;1023,3;1023,1;302;14,3;9,9;14,4;14;10,4;9,3;80;76;78;148;5,5;4,5;
2026/05/28;2000 UTC;0;1023,4;1023,5;1023,3;145,8;13,9;9,3;14,1;13,6;9,7;8,8;78;76;77;156;6,3;5,1;
2026/05/28;2100 UTC;0;1023,4;1023,5;1023,3;15,1;13,5;9,1;13,7;13,2;9,4;8,7;81;76;78;169;6,1;4,5;
2026/05/28;2200 UTC;0;1023,8;1024,1;1023,5;0;13,4;8,9;13,5;13,1;9,3;8,3;80;75;78;145;6,5;3,8;
2026/05/28;2300 UTC;0;1024,3;1024,4;1024,1;0;13,2;8,5;13,3;13;9;8,2;78;75;77;130;4,3;2,6;
2026/05/29;0000 UTC;0;1024,4;1024,4;1024,3;0;13,1;8,8;13,3;12,5;9,2;8,5;81;77;79;125;5;3,9;
2026/05/29;0100 UTC;0;1024,5;1024,7;1024,3;0;12,1;8,6;12,4;11,6;9;8,3;85;81;83;123;3,2;2;
2026/05/29;0200 UTC;0;1024,7;1024,8;1024,7;0;11,2;8,4;12,4;9,7;9,1;7,7;93;83;86;324;,8;,6;
2026/05/29;0300 UTC;0;1024,9;1025,1;1024,8;0;9,2;8,2;9,8;8,7;8,9;7,7;96;93;95;278;1,9;1,7;
2026/05/29;0400 UTC;0;1025,1;1025,1;1025;0;10,5;9,1;10,9;9,8;9,1;8,9;96;90;93;281;2,6;2,1;
2026/05/29;0500 UTC;0;1025,1;1025,2;1025;0;11;9;11,1;11;9,1;8,9;90;89;90;221;1,8;1,2;
2026/05/29;0600 UTC;0;1024,9;1025;1024,8;0;10,8;8,9;11,2;10,4;9,2;8,5;92;89;90;246;2,2;1,4;
2026/05/29;0700 UTC;0;1024,6;1024,9;1024,3;0;11,9;10;12,8;11,2;10,5;9,2;92;89;90;172;5,3;4,6;
2026/05/29;0800 UTC;0;1024,3;1024,3;1024,2;0;13;10,9;13,2;12,8;11,5;10,4;91;88;90;179;5,4;4,5;
2026/05/29;0900 UTC;0;1024,2;1024,3;1024,1;0;13,4;12;13,5;13,2;12,2;11,5;93;91;93;173;4,2;3,4;
2026/05/29;1000 UTC;0;1024,4;1024,6;1024,2;0;13,6;12,4;13,8;13,5;12,7;12,2;94;93;94;145;5,8;4,6;
2026/05/29;1100 UTC;0;1024,9;1025,3;1024,6;30,1;13,9;12,7;14;13,8;12,9;12,6;95;94;94;137;6,7;5,3;
2026/05/29;1200 UTC;0;1025,2;1025,3;1025,1;317,1;14,3;13,1;14,7;14;13,4;12,8;94;93;94;152;4,4;3,4;
2026/05/29;1300 UTC;0;1025,6;1025,8;1025,3;365,9;14,9;13,4;15,2;14,7;13,5;13,4;94;91;93;134;4,8;3,9;
2026/05/29;1400 UTC;0;1025,5;1025,6;1025,3;1525,3;16,1;13,4;16,6;15,2;13,6;13;91;84;86;122;4,9;3,5;
2026/05/29;1500 UTC;0;1025,4;1025,6;1024,9;1805,9;17,1;13,8;17,4;16,7;13,9;13,5;85;82;83;112;5,8;4,1;
2026/05/29;1600 UTC;0;1024,8;1025;1024,7;1714,9;17,1;13,9;17,4;16,9;14,2;13,7;85;83;84;96;5,6;4;
2026/05/29;1700 UTC;0;1024,6;1024,8;1024,5;1234,5;16,8;14;17,3;16,3;14,2;13,7;89;83;86;74;4,3;3;
2026/05/29;1800 UTC;0;1024,3;1024,5;1024,1;697,9;16;14,1;16,6;15,8;14,2;13,9;92;87;90;66;5,6;4;
2026/05/29;1900 UTC;0;1023,7;1024,1;1023,5;471,5;15,6;14;15,7;15,5;14,2;13,8;92;92;92;76;6,4;4,7;
2026/05/29;2000 UTC;0;1023,5;1023,5;1023,4;174,9;15,3;13,7;15,5;15,1;13,8;13,6;93;92;92;85;6,8;5,1;
2026/05/29;2100 UTC;0;1023,7;1023,9;1023,4;32,6;15;13,6;15,1;14,9;13,7;13,6;94;93;93;80;7,1;5,3;
2026/05/29;2200 UTC;0;1024,1;1024,5;1023,9;0;14,9;13,6;15;14,8;13,7;13,5;94;93;93;84;6,9;4,8;
2026/05/29;2300 UTC;0;1024,4;1024,5;1024,3;0;14,9;13,8;15,1;14,9;14;13,7;94;94;94;75;7,2;5,3;
2026/05/30;0000 UTC;0;1024,5;1024,6;1024,3;0;15,2;14;15,2;15,1;14,1;13,9;94;94;94;67;6,6;4,5;
2026/05/30;0100 UTC;0;1024,7;1024,8;1024,6;0;15,2;13,8;15,2;15,1;14;13,7;94;93;93;59;6;4,4;
2026/05/30;0200 UTC;0;1024,7;1024,8;1024,6;0;15,1;13,9;15,2;15;14;13,7;94;93;94;51;5;3,2;
2026/05/30;0300 UTC;0;1024,8;1025;1024,6;0;15,1;13,7;15,1;15;13,8;13,7;93;93;93;51;4,8;3;
2026/05/30;0400 UTC;0;1024,6;1024,7;1024,3;0;14,9;13,7;15,1;14,9;13,8;13,6;94;93;94;52;4,2;2,8;
2026/05/30;0500 UTC;0;1024,2;1024,3;1024;0;14,9;13,8;14,9;14,8;13,8;13,7;95;94;94;44;3,7;2,6;
2026/05/30;0600 UTC;0;1024;1024,1;1023,8;0;14,9;13,9;15;14,8;14;13,7;95;94;95;60;4,4;3,3;
2026/05/30;0700 UTC;0;1023,7;1023,9;1023,5;0;14,9;13,9;14,9;14,8;14;13,9;96;95;95;43;4,2;2,7;
2026/05/30;0800 UTC;0;1023,6;1023,7;1023,5;0;14,9;13,8;14,9;14,8;13,9;13,8;96;95;95;62;3,7;2,3;
2026/05/30;0900 UTC;0;1023,5;1023,7;1023,5;0;14,7;13,9;14,8;14,7;14;13,9;96;96;96;78;4,2;2,7;
2026/05/30;1000 UTC;0;1023,9;1024,1;1023,7;0;14,7;13,9;14,8;14,7;14;13,9;96;96;96;63;3,2;2;
2026/05/30;1100 UTC;0;1024,3;1024,6;1024,1;24,4;14,8;13,9;14,8;14,7;14;13,7;96;95;95;36;2,6;1,6;
2026/05/30;1200 UTC;0;1024,6;1024,7;1024,5;394,7;15,3;14,2;16,7;14,8;15;13,9;95;89;94;71;4,5;2,6;
2026/05/30;1300 UTC;0;1024,5;1024,6;1024,4;1171,4;17;14,3;17,5;16,2;14,6;13,8;89;84;86;53;4,8;3,1;
2026/05/30;1400 UTC;0;1024,6;1024,8;1024,4;1018,9;16,8;14,4;17,1;16,6;14,6;14,1;89;85;88;65;5,7;3,2;
2026/05/30;1500 UTC;0;1024,5;1024,7;1024,2;863,9;16,9;14,3;17,7;16,6;14,6;13,7;89;81;87;49;5,1;2,8;
2026/05/30;1600 UTC;0;1023,6;1024,2;1023,3;1601,6;17,5;14,4;18,2;17;15,1;14;87;81;84;74;5,5;3,5;
2026/05/30;1700 UTC;0;1023,1;1023,5;1022,6;1023,1;16,7;14,1;17,1;16,5;14,6;13,2;89;83;87;66;5,1;3,6;
2026/05/30;1800 UTC;0;1022,5;1022,7;1022,1;855,3;16,6;14,1;17,1;16,2;14,4;13,6;91;83;87;60;6;4,3;
2026/05/30;1900 UTC;0;1022;1022,1;1021,8;473,1;16,1;14,3;16,3;15,6;14,7;14,1;94;90;91;52;6,7;3,9;
2026/05/30;2000 UTC;0;1021,8;1021,9;1021,7;276,4;15,5;14,2;15,6;15,4;14,3;13,9;94;92;93;58;5,7;3,5;
2026/05/30;2100 UTC;0;1022,1;1022,2;1022;43,5;15,2;14,2;15,5;14,8;14,3;14,1;97;94;95;54;3,3;2,2;
2026/05/30;2200 UTC;0;1022;1022,2;1021,9;0;14,9;14,4;15;14,9;14,5;14,3;97;97;97;53;3,3;2,2;
2026/05/30;2300 UTC;0;1022;1022,2;1021,9;0;14,7;14,2;15;14,5;14,5;14;98;97;97;33;3,2;1,8;
2026/05/31;0000 UTC;0;1022;1022,2;1021,9;0;14,4;14;14,5;14,3;14,1;13,8;98;97;98;30;2,1;1,5;
2026/05/31;0100 UTC;0;1022,1;1022,2;1021,9;0;14,4;14;14,5;14,2;14,1;13,8;98;98;98;225;1,4;1;
2026/05/31;0200 UTC;0;1021,7;1022;1021,5;0;13,7;13,4;14,2;13,4;13,8;13;99;98;98;320;2,1;1,2;
2026/05/31;0300 UTC;0;1021,6;1021,6;1021,5;0;13,6;13,4;13,7;13,5;13,5;13,3;99;99;99;235;2,3;1,5;
2026/05/31;0400 UTC;0;1021,5;1021,6;1021,5;0;13,5;13,4;13,6;13,4;13,5;13,3;100;99;100;237;2,4;1,5;
2026/05/31;0500 UTC;,2;1021,6;1021,7;1021,5;0;13,4;13,4;13,5;13,4;13,5;13,3;100;100;100;283;1,8;1,2;
2026/05/31;0600 UTC;0;1021,3;1021,5;1021,1;0;13,3;13,3;13,4;13,2;13,4;13,2;100;100;100;248;1,8;1,1;
2026/05/31;0700 UTC;0;1021;1021,2;1020,9;0;13,4;13,4;13,5;13;13,5;13;100;100;100;226;3,6;2,2;
2026/05/31;0800 UTC;0;1020,8;1020,9;1020,7;0;13,1;13,2;13,3;12,9;13,3;12,9;100;100;100;242;3,4;2;
2026/05/31;0900 UTC;0;1020,9;1021;1020,7;0;13,4;13,4;13,5;13,3;13,5;13,3;100;100;100;276;1,9;1,2;
2026/05/31;1000 UTC;0;1021,3;1021,6;1021;0;13,5;13,5;13,6;13,5;13,6;13,5;100;100;100;225;3;1,9;
2026/05/31;1100 UTC;0;1021,7;1022;1021,6;13,2;13,6;13,7;13,7;13,6;13,8;13,6;100;100;100;214;2,6;1,9;
2026/05/31;1200 UTC;0;1022,1;1022,2;1022;91,1;13,9;13,9;14,1;13,7;14,1;13,7;100;100;100;197;6,3;4,8;
2026/05/31;1300 UTC;0;1022,4;1022,8;1022,2;210,1;13,8;13,7;14,1;13,7;14;13,5;100;99;100;212;5,2;3,8;
2026/05/31;1400 UTC;0;1022,9;1023;1022,8;389,5;13,7;13,2;13,9;13,5;13,5;12,9;99;95;98;217;4,8;2,9;
2026/05/31;1500 UTC;0;1022,7;1022,8;1022,5;542,1;13,9;12,1;14,5;13,6;12,8;11,5;95;87;91;197;4,6;3,3;
2026/05/31;1600 UTC;0;1022;1022,5;1021,6;403,6;14,2;11,6;14,5;14;12,2;11,3;88;86;87;224;5,6;2,6;
2026/05/31;1700 UTC;0;1021,4;1021,6;1021,3;320,1;14,1;11,7;14,3;13,8;11,9;11,4;90;86;88;241;3,6;1,9;
2026/05/31;1800 UTC;0;1021,1;1021,3;1020,9;307,4;14,1;11,7;14,4;13,8;11,9;11,5;90;86;88;229;3;1,9;
2026/05/31;1900 UTC;0;1021;1021;1020,9;198,3;14,1;12;14,4;13,9;12,1;11,7;90;87;89;206;4,9;3,1;
2026/05/31;2000 UTC;0;1021;1021,1;1020,9;65,8;13,6;11,6;14,1;13,1;12,1;11,1;91;89;90;190;7;5,9;
2026/05/31;2100 UTC;0;1021,3;1021,5;1021,1;3,5;13;10,9;13,1;12,9;11,2;10,4;91;88;89;188;7,8;6,5;
2026/05/31;2200 UTC;0;1021,8;1022;1021,5;0;12,9;10;12,9;12,8;10,5;9,5;88;83;86;204;7;5,6;
2026/05/31;2300 UTC;0;1022,1;1022,1;1021,9;0;12,8;9,2;12,9;12,8;9,7;8,8;84;80;82;210;6,2;4,3;
2026/06/01;0000 UTC;0;1022,2;1022,3;1022;0;11,3;8,6;12,7;10,6;8,8;8,5;90;80;86;284;3,6;2,4;
2026/06/01;0100 UTC;0;1022,3;1022,4;1022,2;0;10,3;8,4;10,6;10;8,5;8,2;91;89;90;262;3,4;2,1;
2026/06/01;0200 UTC;0;1022,3;1022,3;1022,2;0;10,8;8,5;10,9;10,6;8,6;8,4;89;88;88;268;3,1;1,9;
2026/06/01;0300 UTC;0;1022,4;1022,7;1022,2;0;10,5;8,6;10,8;10,2;8,8;8,4;93;89;90;271;3,4;2,1;
2026/06/01;0400 UTC;0;1022,5;1022,6;1022,4;0;9,7;8,4;10,2;9,1;8,8;7,9;94;93;93;278;3,7;2,7;
2026/06/01;0500 UTC;0;1022,6;1022,7;1022,4;0;8,7;7,8;9,1;8,5;8;7,7;96;94;96;281;4,9;3,4;
2026/06/01;0600 UTC;0;1022,6;1022,7;1022,5;0;8,8;8,1;9;8,6;8,3;7,8;97;96;97;274;5;3,4;
2026/06/01;0700 UTC;0;1022,5;1022,6;1022,3;0;9,2;8,4;9,6;9;8,7;8,3;96;95;96;287;4,6;3,1;
2026/06/01;0800 UTC;0;1022,4;1022,6;1022,2;0;10,1;8,8;10,4;9,6;9;8,6;95;93;94;275;5;3,3;
2026/06/01;0900 UTC;0;1022,6;1022,7;1022,5;0;10,2;9;10,4;10,1;9,1;9;95;93;94;286;4,8;3,5;
2026/06/01;1000 UTC;0;1022,9;1023;1022,7;0;10,1;9,1;10,1;10;9,1;9;96;95;95;283;4,8;3,2;
2026/06/01;1100 UTC;0;1023,4;1023,8;1023,1;17,8;9,8;9,1;10;9,5;9,2;8,8;97;96;96;273;4,5;2,9;
2026/06/01;1200 UTC;0;1024,4;1024,8;1023,7;320,2;10,2;9,5;11,4;9,4;10,6;8,8;97;95;96;241;4,4;2,5;
2026/06/01;1300 UTC;0;1025,2;1025,5;1024,8;745;12,7;10,6;14,3;11,5;10,9;10,4;96;81;89;215;6,6;4,5;
2026/06/01;1400 UTC;0;1025,5;1025,6;1025,4;1363,1;14,9;10;15,5;14,3;11;9,2;82;71;76;196;8,5;6,7;
2026/06/01;1500 UTC;0;1025,6;1025,7;1025,5;1482;15,3;9,9;16,3;14,5;10,6;9,1;77;70;73;192;7,5;6;
2026/06/01;1600 UTC;0;1025,5;1025,8;1025,1;1835;16,1;11;16,6;15,4;11,7;10,1;77;71;74;187;9,6;7,6;
2026/06/01;1700 UTC;0;1024,8;1025,1;1024,6;1599,2;16,3;11,3;16,7;16;11,7;11;77;73;75;182;8,5;6,6;
2026/06/01;1800 UTC;0;1024,6;1024,7;1024,5;1516,5;16,7;11,6;17;16,3;12;11,2;77;72;75;186;9,1;7,5;
2026/06/01;1900 UTC;0;1024,7;1024,8;1024,5;885,1;15,7;11,7;16,4;15,3;12;11,5;82;77;80;189;8;6,5;
2026/06/01;2000 UTC;0;1024,7;1024,9;1024,6;399,5;15;11,9;15,6;14,2;12,2;11,7;89;81;85;183;8,8;7,1;
2026/06/01;2100 UTC;0;1025,3;1025,7;1024,8;31,1;14;12,3;14,2;13,8;12,5;12;93;89;92;184;8,6;7,2;
2026/06/01;2200 UTC;0;1025,7;1025,8;1025,5;0;13,8;12,6;13,9;13,7;12,7;12,5;95;93;94;175;6,6;5,4;
2026/06/01;2300 UTC;0;1026;1026,3;1025,7;0;13,7;12,1;13,9;13,6;12,6;11,6;94;89;92;168;5,8;4,8;
2026/06/02;0000 UTC;0;1026,4;1026,5;1026,3;0;13,9;11,6;14,1;13,7;11,8;11,4;89;87;88;171;6;5,2;
2026/06/02;0100 UTC;0;1026,8;1027;1026,5;0;13,7;11,5;13,9;13,7;11,7;11,4;89;89;89;166;5,6;4,6;
2026/06/02;0200 UTC;0;1026,9;1027;1026,7;0;13,9;11,7;14,1;13,8;11,9;11,6;89;88;89;154;6,8;5,8;
2026/06/02;0300 UTC;0;1027;1027,2;1026,8;0;14,1;12;14,2;14;12,1;11,9;91;88;89;151;6,1;5,1;
2026/06/02;0400 UTC;0;1027,1;1027,2;1027;0;14;12,2;14;13,9;12,3;12,1;92;91;91;141;5,7;4,9;
2026/06/02;0500 UTC;0;1027,1;1027,2;1027;0;14;12,4;14;13,9;12,7;12,2;93;91;92;131;5,9;4,8;
2026/06/02;0600 UTC;0;1027,3;1027,4;1027,1;0;13,8;12,6;13,9;13,6;12,8;12,3;95;93;94;121;5,1;4,1;
2026/06/02;0700 UTC;0;1027,1;1027,2;1027;0;13,4;12,2;13,6;13,2;12,3;12,1;95;93;94;95;3,9;2,8;
2026/06/02;0800 UTC;0;1027,1;1027,2;1027;0;12,6;11,7;13,2;10,6;12,2;9,6;96;93;95;94;1,9;,9;
2026/06/02;0900 UTC;0;1027,2;1027,3;1027,1;0;9,8;9,1;10,6;9,1;9,8;8,5;98;95;97;72;,8;,5;
2026/06/02;1000 UTC;0;1027,5;1027,8;1027,3;0;9;8,7;9,7;8,4;9,6;8;100;97;98;131;1,4;,5;
2026/06/02;1100 UTC;0;1028,2;1028,7;1027,8;42;8,5;8,3;9;7,9;9;7,5;100;98;99;132;2,6;1;
2026/06/02;1200 UTC;0;1028,9;1029,2;1028,6;403,6;11,8;11,3;14,1;8,7;13,1;8,3;99;93;98;123;4,1;3,4;
2026/06/02;1300 UTC;0;1029,6;1029,9;1029,2;1040,8;15,2;12,6;15,9;14,1;12,7;12,5;93;84;87;116;4,4;3,3;
2026/06/02;1400 UTC;0;1030;1030,2;1029,9;1612,7;16,6;12,7;17,2;15,9;13;12,5;84;76;80;99;4,3;3,1;
2026/06/02;1500 UTC;0;1029,9;1030;1029,6;1899;17,3;12,5;17,8;16,9;12,9;12,1;78;75;76;101;4,1;2,8;
2026/06/02;1600 UTC;0;1029,5;1029,8;1029,2;2016,7;17,6;12,4;18,1;17,2;12,9;11,6;76;71;74;96;4,1;3;
2026/06/02;1700 UTC;0;1029;1029,3;1028,6;1828,1;17,3;11,9;17,5;17;12,1;11,5;75;72;73;88;5,2;3,6;
2026/06/02;1800 UTC;0;1028,5;1028,7;1028,4;1308,4;16,8;12,1;17,2;16,3;12,3;11,8;80;74;76;72;4,8;3,5;
2026/06/02;1900 UTC;0;1028,2;1028,4;1028;682,2;15,7;12,1;16,2;15,5;12,3;12;84;79;82;81;4,4;2,9;
2026/06/02;2000 UTC;0;1028,1;1028,2;1027,9;309,2;15;12;15,4;14,6;12,2;11,6;86;83;85;84;3,9;3;
2026/06/02;2100 UTC;0;1028,3;1028,5;1028,2;31,7;14,2;11,3;14,6;14,1;11,7;11;86;84;85;81;5,4;4;
2026/06/02;2200 UTC;0;1028,6;1028,9;1028,4;0;14,1;11,1;14,1;14;11,3;11;86;85;85;80;5,2;3,7;
2026/06/02;2300 UTC;0;1028,9;1028,9;1028,8;0;14;11,4;14,1;13,9;11,7;11,1;89;86;87;77;5,1;3,9;
2026/06/03;0000 UTC;0;1028,8;1028,9;1028,7;0;14,2;11,6;14,4;14,1;11,8;11,4;88;86;87;81;6,4;4,7;
2026/06/03;0100 UTC;0;1029;1029,2;1028,8;0;14,3;11,7;14,4;14,2;11,8;11,5;88;86;87;81;6,2;4,7;
2026/06/03;0200 UTC;0;1029,3;1029,5;1029,2;0;14,3;11,7;14,4;14,3;11,8;11,6;88;87;87;73;5,5;4,2;
2026/06/03;0300 UTC;0;1029,4;1029,5;1029,3;0;14,3;11,9;14,4;14,2;12,1;11,7;88;87;88;81;6,6;4,7;
2026/06/03;0400 UTC;0;1029,1;1029,4;1028,9;0;14,4;12,3;14,6;14,2;12,4;12,1;90;88;90;89;7,1;4,8;
2026/06/03;0500 UTC;0;1028,6;1028,9;1028,2;0;14,5;12,4;14,6;14,4;12,5;12,2;91;89;89;84;7,7;4,7;
2026/06/03;0600 UTC;0;1028,3;1028,5;1028,1;0;14,4;12,7;14,4;14,3;12,9;12,5;93;90;91;87;6,2;4,3;
2026/06/03;0700 UTC;0;1028,3;1028,4;1028,2;0;14,5;13;14,6;14,3;13;12,9;93;92;92;96;6,2;4,7;
2026/06/03;0800 UTC;0;1027,7;1028,2;1027,4;0;14,6;13;14,6;14,5;13,1;12,9;93;92;92;87;6,4;4,6;
2026/06/03;0900 UTC;0;1027,7;1027,9;1027,5;0;14,7;13,2;14,8;14,6;13,4;13,1;93;92;93;95;6,7;5,1;
2026/06/03;1000 UTC;0;1028,1;1028,3;1027,8;0;14,8;13,5;14,8;14,8;13,6;13,4;94;93;94;103;6,3;4,8;
2026/06/03;1100 UTC;0;1028,5;1028,7;1028,3;10,3;14,9;13,7;15;14,8;13,8;13,6;95;94;94;105;7,4;5,4;
2026/06/03;1200 UTC;0;1028,9;1029,1;1028,7;172,8;15,1;14;15,3;15;14,2;13,8;95;94;94;95;6,4;5;
2026/06/03;1300 UTC;0;1028,8;1029;1028,7;775,9;16;14,2;16,6;15,3;14,5;14;95;89;91;92;7,6;5,7;
2026/06/03;1400 UTC;0;1029,3;1029,4;1029;794,3;16,5;14,4;16,8;16;14,6;14,2;91;88;89;71;5,9;4,1;
2026/06/03;1500 UTC;0;1029,1;1029,3;1028,8;1102,5;16,8;14,5;17;16,6;14,6;14,3;90;87;88;59;6;4,7;
2026/06/03;1600 UTC;0;1028,5;1028,8;1028,1;1233,3;17,2;14,6;18;16,9;15,2;14,4;88;83;87;69;5,1;3,4;
2026/06/03;1700 UTC;0;1027,7;1028,1;1027,4;1345,7;17,4;14,4;18,3;16,4;14,9;14,1;91;81;85;57;6;4,1;
2026/06/03;1800 UTC;0;1027,2;1027,4;1027,1;794,6;16,7;14,5;17,2;16,3;14,7;14,3;91;87;89;66;7,8;4,7;
2026/06/03;1900 UTC;0;1027;1027,2;1026,9;658,7;16,6;14,5;17,1;16;14,8;14,3;94;87;90;70;8,3;6;
2026/06/03;2000 UTC;,2;1027,2;1027,3;1027;157,8;15,7;15,1;16;15,7;15,2;14,8;98;94;97;63;8,1;5,5;
2026/06/03;2100 UTC;0;1027,4;1027,5;1027,3;17,9;15,6;15,2;15,7;15,5;15,2;15,1;98;98;98;59;8;5,5;
2026/06/03;2200 UTC;0;1027,7;1027,9;1027,5;0;15,7;15,2;15,7;15,6;15,3;15,2;98;98;98;54;8,1;5,4;
2026/06/03;2300 UTC;0;1028;1028,1;1027,8;0;15,7;15,3;15,7;15,7;15,4;15,3;98;98;98;64;9,8;6,7;
2026/06/04;0000 UTC;0;1028,1;1028,2;1027,9;0;15,7;15,4;15,7;15,6;15,5;15,3;99;98;99;55;10,5;7;
2026/06/04;0100 UTC;0;1028,3;1028,4;1028,2;0;15,8;15,6;15,9;15,7;15,6;15,5;99;98;99;41;10;6,8;
2026/06/04;0200 UTC;0;1028,4;1028,5;1028,3;0;15,9;15,6;16;15,9;15,7;15,5;99;98;98;44;9,9;5,6;
2026/06/04;0300 UTC;,2;1028,3;1028,5;1028,2;0;15,9;15,7;15,9;15,9;15,7;15,6;99;99;99;44;9,4;5,7;
2026/06/04;0400 UTC;0;1028,2;1028,3;1028,1;0;16;15,7;16;15,9;15,8;15,7;99;98;99;39;9,1;5,8;
2026/06/04;0500 UTC;,2;1028,3;1028,4;1028,1;0;16;15,6;16;15,9;15,7;15,6;99;98;98;40;9,7;5,4;
2026/06/04;0600 UTC;,2;1028,3;1028,5;1028,2;0;15,9;15,6;16;15,8;15,7;15,5;99;98;98;38;7,9;4,9;
2026/06/04;0700 UTC;0;1027,9;1028,3;1027,6;0;15,9;15,7;16;15,8;15,8;15,5;99;98;99;42;7,5;4,8;
2026/06/04;0800 UTC;0;1027,5;1027,7;1027,1;0;16;15,7;16,1;15,9;15,8;15,6;99;98;98;42;7,4;4;
2026/06/04;0900 UTC;,2;1027,2;1027,5;1027;0;16;15,7;16,1;15,9;15,8;15,5;99;98;98;45;6,2;3,9;
2026/06/04;1000 UTC;0;1027,4;1027,6;1027,3;0;16;15,7;16,1;15,9;15,8;15,5;98;98;98;41;7,1;4,5;
2026/06/04;1100 UTC;0;1027,7;1028;1027,4;9,6;16,2;15,8;16,3;16,1;15,9;15,7;98;98;98;28;7,8;3,5;
2026/06/04;1200 UTC;0;1028,1;1028,3;1028;110,8;16,5;15,9;16,8;16,3;16,1;15,9;98;96;97;37;5,2;2,9;
2026/06/04;1300 UTC;0;1028,2;1028,3;1028;509,6;17,3;16;17,8;16,8;16,1;15,6;96;89;93;45;8;4,2;
2026/06/04;1400 UTC;0;1028,3;1028,4;1028,1;904;18,3;15,7;18,7;17,8;16;15,3;90;84;87;62;9,1;5,3;
2026/06/04;1500 UTC;0;1028;1028,2;1027,7;999;19;15,5;19,4;18,6;15,8;15,1;85;80;83;59;8,6;5,2;
2026/06/04;1600 UTC;0;1027,4;1027,7;1027;838,4;19,2;15,4;19,4;18,9;15,9;15,1;84;79;81;44;8,3;4,9;
2026/06/04;1700 UTC;0;1026,5;1027;1025,9;728,9;19,5;15,4;20,2;19,1;15,8;15,2;82;77;80;38;6,1;3,5;
2026/06/04;1800 UTC;0;1025,7;1026;1025,5;956,1;18;15,6;20,4;17,2;15,8;15,2;92;76;88;58;6,6;4,6;
2026/06/04;1900 UTC;0;1025,5;1025,6;1025,4;557,5;17,2;15,6;17,7;17;15,8;15,4;92;90;92;54;5,6;3,9;
2026/06/04;2000 UTC;0;1025,4;1025,5;1025,2;281,1;16,8;15,6;17,1;16,4;15,6;15,5;96;92;94;48;7,8;4,7;
2026/06/04;2100 UTC;0;1025,5;1025,6;1025,2;32,9;15,8;15,4;16,4;15,5;15,7;15,2;99;96;98;56;5;3,5;
2026/06/04;2200 UTC;0;1025,5;1025,6;1025,2;0;15,6;15,5;15,7;15,5;15,6;15,3;99;99;99;33;4,9;3,3;
2026/06/04;2300 UTC;0;1025,2;1025,3;1025,1;0;16;15,8;16,1;15,7;15,9;15,6;99;99;99;26;6,1;3,3;
2026/06/05;0000 UTC;0;1025,4;1025,6;1025,3;0;16;15,8;16,1;15,7;16;15,6;99;99;99;39;3,9;2,7;
2026/06/05;0100 UTC;0;1025,2;1025,4;1025;0;15,5;15,4;15,7;15,4;15,6;15,2;99;99;99;30;4,5;2,5;
2026/06/05;0200 UTC;0;1025,2;1025,4;1025,1;0;15,4;15,1;15,7;15,1;15,4;14,9;99;98;99;51;2,3;1,7;
2026/06/05;0300 UTC;0;1025,4;1025,5;1025,3;0;15,5;15,3;15,9;15;15,8;14,8;100;99;99;133;5,9;3,1;
2026/06/05;0400 UTC;0;1024,9;1025,2;1024,7;0;16;15,9;16,1;15,9;16;15,8;100;99;99;38;4,7;3,2;
2026/06/05;0500 UTC;0;1024,5;1024,7;1024,4;0;16,1;15,9;16,2;15,9;16;15,8;99;99;99;99;6;3,2;
2026/06/05;0600 UTC;0;1024,4;1024,5;1024,3;0;16,2;15,9;16,2;16,2;16;15,8;99;98;99;302;4,6;3,1;
2026/06/05;0700 UTC;0;1024,3;1024,5;1024,1;0;16,1;15,6;16,2;15,8;15,8;15,3;98;97;98;322;3,8;2,5;
2026/06/05;0800 UTC;0;1023,7;1024,1;1023,3;0;15,8;15,3;15,8;15,7;15,3;15,2;98;97;97;80;4,2;2,5;
2026/06/05;0900 UTC;0;1023,4;1023,5;1023,2;0;15,7;15,2;15,7;15,6;15,2;15;98;97;97;199;4;2,6;
2026/06/05;1000 UTC;0;1023,2;1023,3;1023,1;0;15,6;14,9;15,6;15,5;15;14,8;97;96;97;313;3,9;1,9;
2026/06/05;1100 UTC;0;1023,4;1023,7;1023,2;10,7;15,4;14,7;15,5;15,2;14,8;14,7;97;97;97;308;3,2;1,9;
2026/06/05;1200 UTC;0;1023,7;1023,9;1023,6;147,9;15,3;14,8;15,3;15,2;14,9;14,7;98;97;98;319;4,4;2,7;
2026/06/05;1300 UTC;0;1023,7;1023,9;1023,5;276,5;15,6;15,1;15,9;15,3;15,4;14,8;98;97;98;277;4;2,3;
2026/06/05;1400 UTC;0;1023,7;1023,9;1023,4;519,4;16,4;15,4;17;15,9;15,6;15,1;97;92;95;315;3,2;1,7;
2026/06/05;1500 UTC;0;1023,7;1023,9;1023,3;628,8;17,4;15,2;17,7;17;15,4;14,9;92;87;89;308;3,3;2,1;
2026/06/05;1600 UTC;0;1022,9;1023,3;1022,2;1225,1;18;15,1;18,6;17,5;15,6;14,8;88;83;85;257;3,7;1,5;
2026/06/05;1700 UTC;0;1021,7;1022,2;1021,4;1737,7;19,3;15,4;20;18,4;15,9;15;85;78;81;70;4,7;3,1;
2026/06/05;1800 UTC;0;1021,3;1021,4;1021,1;1166,8;18,3;15,4;18,8;17,7;16;15;89;82;86;88;3,1;2,2;
2026/06/05;1900 UTC;0;1021;1021,2;1020,9;810,2;17,8;15,4;18,8;17,3;16;15,2;90;84;88;142;2,4;1,8;
2026/06/05;2000 UTC;0;1020,8;1020,9;1020,7;232,5;16,9;15,4;17,3;16,6;15,5;15,3;94;90;92;159;1,5;1;
2026/06/05;2100 UTC;0;1020,8;1020,9;1020,6;23,2;16,3;15;16,7;16;15,3;14,9;95;93;94;172;1,1;,8;
2026/06/05;2200 UTC;0;1020,4;1020,7;1020,1;0;15,7;14,8;16;15,5;15;14,7;97;95;96;93;2;1,4;
2026/06/05;2300 UTC;0;1020,3;1020,5;1020;0;15,6;15,1;15,7;15,4;15,3;14,8;98;97;98;132;3,7;3;
2026/06/06;0000 UTC;0;1020,4;1020,5;1020,2;0;15,5;15,3;15,7;15,2;15,4;15;99;98;99;127;4,6;3,9;
2026/06/06;0100 UTC;0;1020,6;1020,8;1020,4;0;15;14,9;15,4;14,6;15,3;14,6;100;99;99;140;4,7;3,2;
2026/06/06;0200 UTC;0;1020,9;1021;1020,7;0;14,5;14,5;14,6;14,5;14,6;14,4;100;100;100;127;4,1;3,1;
2026/06/06;0300 UTC;0;1020,8;1020,9;1020,7;0;14,4;14,4;14,5;14,3;14,5;14,3;100;100;100;121;3,2;2,1;
2026/06/06;0400 UTC;0;1020,8;1021;1020,6;0;14,4;14,5;14,5;14,3;14,6;14,3;100;100;100;142;4,2;3,3;
2026/06/06;0500 UTC;0;1020,2;1020,6;1019,9;0;14,3;14,3;14,6;14;14,6;14,1;100;100;100;98;3,5;2,3;
2026/06/06;0600 UTC;0;1019,7;1019,9;1019,5;0;14,1;14,1;14,1;14;14,2;14;100;100;100;48;1,6;,6;
2026/06/06;0700 UTC;0;1019,3;1019,5;1019,1;0;13,9;14;14,1;13,8;14,1;13,9;100;100;100;294;1,8;,8;
2026/06/06;0800 UTC;0;1018,9;1019,1;1018,7;0;13,8;13,9;13,9;13,7;13,9;13,8;100;100;100;282;1,5;1;
2026/06/06;0900 UTC;0;1018,9;1019;1018,8;0;13,8;13,9;13,9;13,8;14;13,9;100;100;100;234;2,1;1;
2026/06/06;1000 UTC;0;1018,7;1018,9;1018,6;0;13,7;13,8;13,8;13,6;13,9;13,6;100;100;100;229;1,6;,8;
2026/06/06;1100 UTC;0;1019,1;1019,4;1018,7;7,5;13,6;13,7;13,6;13,5;13,7;13,6;100;100;100;263;2,2;1;
2026/06/06;1200 UTC;0;1019,6;1019,7;1019,3;154,7;13,7;13,7;14;13,5;14;13,6;100;100;100;286;3;1,4;
2026/06/06;1300 UTC;0;1019,5;1019,6;1019,3;376,3;13,9;13,9;14;13,7;14,1;13,6;100;100;100;234;3,2;1,6;
2026/06/06;1400 UTC;0;1019,6;1019,7;1019,4;673,7;14,3;14,2;14,6;13,9;14,6;13,9;100;99;100;293;2,4;1,3;
2026/06/06;1500 UTC;0;1019,3;1019,5;1019,1;911,5;15,1;14,9;15,7;14,5;15,4;14,4;100;97;99;268;3;1,8;
2026/06/06;1600 UTC;0;1018,6;1019,1;1018,3;970,6;16,3;15;16,9;15,6;15,4;14,7;97;89;94;277;2,5;1,3;
2026/06/06;1700 UTC;0;1017,8;1018,2;1017,3;1019;17,7;15;18,6;16,9;15,4;14,6;90;83;87;196;2,2;1,4;
2026/06/06;1800 UTC;0;1017,4;1017,5;1017,3;1474,7;17,8;15,2;18,6;17,3;15,5;14,9;89;84;87;131;2,1;1,7;
2026/06/06;1900 UTC;0;1017,6;1017,7;1017,5;806,2;17,4;15,1;18;16,9;15,4;15;91;85;88;125;3,5;3;
2026/06/06;2000 UTC;0;1017,7;1017,8;1017,5;368,1;16,5;14,9;16,9;16,1;15,1;14,6;93;91;92;109;3,8;2,1;
2026/06/06;2100 UTC;0;1017,9;1018,1;1017,8;24,6;15,1;14,2;16,1;14,6;14,6;13,9;97;93;96;111;3,3;2,6;
2026/06/06;2200 UTC;0;1018,1;1018,3;1018;0;14,4;14;14,6;14,2;14,1;13,9;98;97;98;93;2,7;1,6;
2026/06/06;2300 UTC;0;1018,2;1018,3;1018;0;13,8;13,6;14,2;13,4;13,9;13,2;99;98;99;27;2,6;1,7;
2026/06/07;0000 UTC;0;1018,2;1018,3;1018;0;13,4;13,3;13,6;13,3;13,6;13,2;100;99;100;76;2,6;1,9;
2026/06/07;0100 UTC;0;1018,4;1018,4;1018,3;0;13,4;13,4;13,5;13,4;13,5;13,3;100;100;100;42;2;1,3;
2026/06/07;0200 UTC;0;1018,7;1019;1018,4;0;13,1;13,1;13,4;12,6;13,4;12,6;100;100;100;317;1,9;1,3;
2026/06/07;0300 UTC;0;1019;1019,1;1018,8;0;12;12;12,5;11,7;12,5;11,7;100;100;100;316;3;2,2;
2026/06/07;0400 UTC;0;1019,1;1019,2;1019;0;11,8;11,8;11,9;11,8;11,9;11,8;100;100;100;302;2,2;1,4;
2026/06/07;0500 UTC;0;1019,1;1019,2;1019;0;12,2;12,2;12,3;11,9;12,4;12;100;100;100;314;2,5;2,1;
2026/06/07;0600 UTC;0;1019;1019,2;1018,7;0;12,4;12,4;12,4;12,3;12,4;12,4;100;100;100;311;3,4;2,2;
2026/06/07;0700 UTC;0;1018,7;1018,8;1018,5;0;12,5;12,6;12,7;12,4;12,8;12,4;100;100;100;285;2,8;2;
2026/06/07;0800 UTC;0;1018,5;1018,6;1018,4;0;13,1;13,2;13,5;12,7;13,5;12,8;100;100;100;228;3;2;
2026/06/07;0900 UTC;,2;1018,6;1018,8;1018,5;0;13,9;13,9;14,1;13,5;14,1;13,5;100;100;100;230;2,3;1,4;
2026/06/07;1000 UTC;0;1018,9;1019;1018,8;0;14,7;14,7;15,1;14,1;15,1;14,1;100;100;100;167;4;2,5;
2026/06/07;1100 UTC;0;1019,3;1019,7;1018,9;6,3;15,1;15,1;15,2;15;15,2;15;100;100;100;140;5,4;4,5;
2026/06/07;1200 UTC;0;1019,8;1019,9;1019,6;171,3;15,3;15,1;15,5;15,2;15,2;15;100;98;99;132;6,3;5,2;
2026/06/07;1300 UTC;0;1020,1;1020,4;1019,8;484;15,7;14,8;16;15,4;15,1;14,6;98;93;96;115;6,3;4,6;
2026/06/07;1400 UTC;0;1020,7;1020,8;1020,4;613,4;16,3;14,5;16,7;16;14,7;14,3;93;89;91;105;5,4;3,9;
2026/06/07;1500 UTC;0;1020,8;1020,9;1020,8;762,6;17;14,7;17,2;16,7;14,9;14,5;90;87;89;107;4,2;3,1;
2026/06/07;1600 UTC;0;1020,5;1020,8;1020,3;768,7;17,1;14,6;17,3;16,6;14,9;14,3;89;86;88;123;3,9;3,2;
2026/06/07;1700 UTC;0;1020,3;1020,4;1020;485,8;16,4;14,3;16,6;16,3;14,5;14,1;90;89;89;124;3,8;3,2;
2026/06/07;1800 UTC;0;1020;1020,1;1019,9;444,7;16,2;14,1;16,4;16,1;14,4;14;90;89;90;129;4,9;4,3;
2026/06/07;1900 UTC;0;1019,9;1020;1019,8;458,2;16,2;14,2;16,4;16;14,3;14,1;91;89;90;133;4,9;4,2;
2026/06/07;2000 UTC;0;1020,2;1020,5;1019,9;225,2;15,7;13,8;16;15,5;14,1;13,5;91;90;90;133;5,5;4,6;
2026/06/07;2100 UTC;0;1020,7;1020,9;1020,5;26,6;15,2;13,4;15,5;15,1;13,7;13,1;92;90;91;140;6,4;5,5;
2026/06/07;2200 UTC;0;1021;1021,3;1020,8;0;15;13,4;15,2;14,8;13,7;13,1;93;91;92;131;5,6;4,9;
2026/06/07;2300 UTC;0;1021,6;1021,8;1021,3;0;14,7;12,7;14,9;14,6;13,2;12,4;92;89;90;125;4,8;4,1;
2026/06/08;0000 UTC;0;1021,8;1021,9;1021,6;0;14,7;12,6;14,8;14,6;12,8;12,5;90;89;90;117;5,4;4,1;
2026/06/08;0100 UTC;0;1021,4;1021,7;1021,4;0;14,5;12,3;14,6;14,5;12,6;12;90;87;89;119;5,8;4,8;
2026/06/08;0200 UTC;0;1021,5;1021,6;1021,4;0;14,6;12,1;14,9;14,5;12,5;11,9;88;86;87;127;6,9;5,9;
2026/06/08;0300 UTC;0;1021,7;1021,8;1021,6;0;14,7;12,5;14,9;14,5;12,9;12,1;91;87;89;124;6,5;5,4;
2026/06/08;0400 UTC;0;1021,8;1021,9;1021,7;0;14,5;12;14,6;14,4;12,3;11,4;89;85;87;119;6,1;4,9;
2026/06/08;0500 UTC;0;1021,7;1021,8;1021,6;0;14,5;11,7;14,6;14,4;12;11,4;87;85;86;121;6;5;
2026/06/08;0600 UTC;0;1021,5;1021,6;1021,2;0;14,6;12,3;14,6;14,5;12,7;11,9;91;87;89;119;5,5;4,5;
2026/06/08;0700 UTC;0;1020,8;1021,2;1020,6;0;14,5;12,7;14,6;14,4;12,8;12,5;92;90;91;119;5,9;4,8;
2026/06/08;0800 UTC;0;1020,4;1020,6;1020,3;0;14,3;12,6;14,5;14,2;12,8;12,5;92;91;92;105;5,1;3,7;
2026/06/08;0900 UTC;0;1020,5;1020,6;1020,4;0;14,2;12,7;14,2;14,1;12,8;12,6;93;92;93;104;5,4;4,2;
2026/06/08;1000 UTC;0;1020,6;1020,7;1020,4;0;14,1;12,9;14,2;14,1;13,2;12,6;95;92;94;116;5,1;4;
2026/06/08;1100 UTC;0;1020,6;1020,7;1020,5;6,5;14,4;13,3;14,6;14,1;13,4;13,1;96;93;94;109;6,6;4,8;
2026/06/08;1200 UTC;0;1020,7;1020,9;1020,5;152,6;14,9;13,5;15,2;14,6;13,8;13,2;94;92;93;98;7,4;5,3;
2026/06/08;1300 UTC;0;1021,1;1021,5;1020,9;445,4;15,3;13,2;15,5;15;13,7;12,8;93;87;89;91;6,6;5,3;
2026/06/08;1400 UTC;0;1021,5;1021,6;1021,5;512,7;15,6;13,3;15,7;15,4;13,5;13,1;89;88;88;88;5,3;4;
2026/06/08;1500 UTC;0;1021,3;1021,5;1021,1;331,3;15,4;13;15,6;15,3;13,2;12,9;89;87;88;93;4,8;3,4;
2026/06/08;1600 UTC;0;1020,7;1021,1;1020,1;371;15,4;13,1;15,7;15;13,4;12,8;91;87;89;100;6;4,3;
2026/06/08;1700 UTC;0;1019,7;1020,1;1019,3;400,9;15,3;12,8;15,5;15;13;12,6;90;86;88;110;5,7;3,9;
2026/06/08;1800 UTC;0;1019,2;1019,4;1019;251;15,4;12,5;15,5;15,2;13;12,2;87;84;86;87;3,8;2,8;
2026/06/08;1900 UTC;0;1019,1;1019,1;1019;79,5;15,1;12,6;15,3;14,7;13;12;91;84;87;94;4,6;3,4;
2026/06/08;2000 UTC;0;1019,1;1019,3;1019;37,9;14,5;12,8;14,7;14,4;13;12,4;92;90;91;120;4,8;4;
2026/06/08;2100 UTC;,4;1019,3;1019,4;1019,2;2,6;14,5;13,1;14,6;14,2;13,5;12,7;95;91;93;132;5,8;4,9;
2026/06/08;2200 UTC;,6;1019,6;1019,7;1019,4;0;14,2;13,2;14,3;14;13,5;12,9;96;94;95;137;5,8;5,1;
2026/06/08;2300 UTC;,8;1019,9;1020;1019,7;0;13,8;12,9;14;13,7;13,1;12,7;96;95;95;129;5,7;4,8;
2026/06/09;0000 UTC;,4;1020;1020,1;1020;0;13,6;12,5;13,7;13,5;12,7;12,2;95;93;95;113;4,9;3,9;
2026/06/09;0100 UTC;0;1020;1020,1;1019,9;0;13,6;12,2;13,7;13,4;12,5;12;94;93;93;114;4;3,1;
2026/06/09;0200 UTC;,2;1019,9;1020;1019,8;0;13,7;12,6;13,9;13,6;12,7;12,4;95;94;94;137;3,8;3,2;
2026/06/09;0300 UTC;0;1019,6;1019,8;1019,4;0;14,2;12,7;14,4;13,9;13;12,1;94;91;92;154;4,7;4,2;
2026/06/09;0400 UTC;0;1019,3;1019,5;1019,1;0;14,2;12,7;14,3;14,2;12,8;12,6;93;91;92;154;6,2;5,4;
2026/06/09;0500 UTC;0;1018,8;1019,1;1018,5;0;14,4;12,9;14,4;14,3;13;12,6;93;91;92;158;7,3;6,1;
2026/06/09;0600 UTC;0;1018,5;1018,6;1018,3;0;14,2;12,8;14,3;14;12,9;12,6;93;92;93;161;6,6;5,2;
2026/06/09;0700 UTC;0;1018,5;1018,6;1018,4;0;13,9;12,4;14;13,7;12,6;12,3;93;92;93;166;6,1;4,8;
2026/06/09;0800 UTC;0;1018,2;1018,5;1017,9;0;13,6;12,4;13,7;13,5;12,6;12,2;95;93;94;181;7,3;6;
2026/06/09;0900 UTC;0;1017,9;1018,2;1017,8;0;13,6;12,5;13,7;13,5;12,7;12,4;95;95;95;174;7,2;6,3;
2026/06/09;1000 UTC;0;1018,5;1018,8;1018,1;0;13,5;12;13,7;13,4;12,7;11,7;95;91;93;176;7;6;
2026/06/09;1100 UTC;0;1019,1;1019,5;1018,8;22,4;10,7;9,8;13,5;10;12;9,4;98;90;95;259;4,3;2,7;
2026/06/09;1200 UTC;0;1019,6;1019,7;1019,4;303,8;10,5;10,1;11,3;9,9;11;9,6;99;98;98;243;3,8;2,4;
2026/06/09;1300 UTC;0;1019,8;1020,1;1019,6;979,5;12,5;12;13,7;11,4;13;11,1;98;95;97;245;3,8;2,4;
2026/06/09;1400 UTC;0;1019,9;1020,1;1019,7;1546,6;14,7;12,7;15,3;13,6;13,2;12,2;96;85;90;210;6,1;5,2;
2026/06/09;1500 UTC;0;1019,5;1019,7;1019,2;1876,9;15,6;12,7;15,9;15,2;13,1;12,4;87;83;85;205;7,4;6;
2026/06/09;1600 UTC;0;1018,8;1019,3;1018,3;1961,7;16,4;12,7;17;15,8;13,1;12,2;84;77;81;190;8,6;7,5;
2026/06/09;1700 UTC;0;1018,2;1018,3;1018,1;1832;16,9;12,7;17,1;16,8;13;12,5;80;78;79;191;8,4;6,9;
2026/06/09;1800 UTC;0;1018;1018,2;1017,9;1552,4;16,6;12,3;16,9;16,3;12,8;11,9;80;77;78;186;8,6;7,1;
2026/06/09;1900 UTC;0;1018;1018,1;1017,9;1084,4;16,2;11,8;16,6;16;12,4;11,4;80;77;78;183;8;6,8;
2026/06/09;2000 UTC;0;1017,8;1018;1017,5;480,4;15,2;11,4;15,9;14,6;11,7;11,1;83;78;81;178;7,9;6,9;
2026/06/09;2100 UTC;0;1018,2;1018,5;1017,8;35,4;13,9;11,2;14,6;13,5;11,4;11;89;83;87;179;8,1;6,7;
2026/06/09;2200 UTC;0;1018,7;1018,9;1018,4;0;13,4;11,2;13,5;13,3;11,4;11,1;90;89;89;179;7,2;6,1;
2026/06/09;2300 UTC;0;1018,6;1018,9;1018,4;0;13,3;11,1;13,3;13,2;11,2;11;90;89;89;179;8,1;6,4;
2026/06/10;0000 UTC;0;1019;1019;1018,8;0;13;10,8;13,2;12,9;11,1;10,4;90;87;89;192;6,6;5,3;
2026/06/10;0100 UTC;0;1019;1019,1;1018,9;0;11;9,6;12,9;10,2;10,2;9,5;97;86;93;276;3,6;2,7;
2026/06/10;0200 UTC;0;1018,8;1019,1;1018,6;0;10;9,4;10,2;9,6;9,7;9,1;98;97;97;294;3,2;2,2;
2026/06/10;0300 UTC;0;1018,6;1018,8;1018,4;0;9,7;9,3;9,8;9,5;9,5;9,1;99;98;98;249;3,4;2,2;
2026/06/10;0400 UTC;0;1018,4;1018,6;1018,3;0;9,9;9,6;10,1;9,6;9,9;9,3;99;98;98;244;3,7;2,5;
2026/06/10;0500 UTC;0;1017,9;1018,2;1017,5;0;9,4;9;9,8;8,9;9,5;8,6;99;98;98;239;2,4;1,4;
2026/06/10;0600 UTC;0;1017,6;1017,7;1017,5;0;8,5;8,2;8,9;7,9;8,7;7,6;99;98;99;246;2,1;1,5;
2026/06/10;0700 UTC;0;1017,7;1017,8;1017,6;0;8,5;8,4;8,9;8,1;8,8;7,8;100;99;99;270;3,8;2,6;
2026/06/10;0800 UTC;0;1017,8;1017,9;1017,7;0;8,4;8,3;8,6;8,2;8,5;8,1;100;99;100;274;3,7;2,6;
2026/06/10;0900 UTC;0;1018,2;1018,6;1017,7;0;7,9;7,8;8,2;7,3;8,2;7,2;100;99;100;286;4,2;3,2;
2026/06/10;1000 UTC;,2;1018,7;1018,8;1018,6;0;7,1;7;7,4;7;7,3;6,9;100;99;100;305;3,5;2,7;
2026/06/10;1100 UTC;0;1018,9;1019,1;1018,7;16,6;7,2;7,2;7,4;7;7,4;7;100;100;100;307;3,7;2,7;
2026/06/10;1200 UTC;0;1018,9;1019,2;1018,5;306,7;8,5;8,3;9,4;7,4;9,1;7,3;100;98;99;317;2,4;1,9;
2026/06/10;1300 UTC;0;1019;1019,8;1018,5;980,3;11,5;10,8;12,7;9,4;11,5;9;99;92;97;223;2,6;1,8;
2026/06/10;1400 UTC;0;1019,4;1019,9;1018,9;1501,4;13,8;11,1;14,9;12,9;11,7;10,7;93;81;87;154;2;1,3;
2026/06/10;1500 UTC;0;1018,7;1018,9;1018,5;1844,9;15;11,3;15,3;14,6;11,8;10,8;83;80;81;146;2,7;1,6;
2026/06/10;1600 UTC;0;1018,2;1018,4;1017,8;1972,3;15,1;11,4;15,5;14,7;11,8;10,9;83;79;82;122;2,8;2;
2026/06/10;1700 UTC;0;1017,5;1017,8;1017,2;1859;15,5;11,5;15,7;15,2;11,9;11;83;78;80;141;4,2;3;
2026/06/10;1800 UTC;0;1016,8;1017,3;1016,5;1564,7;15,2;11;15,6;15;11,5;10,8;81;78;79;125;4,4;3,3;
2026/06/10;1900 UTC;0;1016,6;1016,7;1016,5;1081,4;15;10,8;15,2;14,9;11,2;10,7;81;78;79;109;4,1;3,2;
2026/06/10;2000 UTC;0;1016,8;1017,1;1016,5;396,8;14,2;10,5;15;13,7;10,9;10,3;84;79;82;116;3,5;2,6;
2026/06/10;2100 UTC;0;1017;1017,1;1016,9;35,3;12,8;10,3;13,7;12,4;10,4;10,2;90;83;87;95;3,2;2,4;
2026/06/10;2200 UTC;0;1017,1;1017,4;1016,9;0;12,4;10,3;12,5;12,3;10,5;10,2;90;89;90;92;3,5;2,8;
2026/06/10;2300 UTC;0;1017,5;1017,7;1017,4;0;12,6;10,5;13,1;12,4;10,7;10,3;91;87;89;73;4,2;3,2;
2026/06/11;0000 UTC;0;1017,9;1018,3;1017,6;0;12,6;10,3;13,3;11,6;10,6;10;93;86;89;342;3;2,2;
2026/06/11;0100 UTC;0;1017,5;1018,3;1017;0;11,5;10,1;11,7;11,2;10,3;9,9;94;92;93;31;4;2,4;
2026/06/11;0200 UTC;0;1017,4;1017,6;1017,2;0;11,2;9,9;11,7;10,8;10,1;9,6;95;92;93;33;2,5;2,1;
2026/06/11;0300 UTC;0;1017,7;1018;1017,3;0;9,9;9;11;9,2;10;8,5;97;94;95;163;1,2;,9;
2026/06/11;0400 UTC;0;1018,2;1018,5;1017,9;0;9,8;9,3;10,4;8,9;10;8,2;98;96;98;282;3,5;2,7;
2026/06/11;0500 UTC;0;1018,5;1018,7;1018,2;0;10;9,5;10,4;9,8;9,9;9,3;98;97;98;259;2,1;,6;
2026/06/11;0600 UTC;0;1018;1018,3;1017,4;0;9,9;9,4;10,4;9,7;10,2;9,3;99;97;98;75;2;1,5;
2026/06/11;0700 UTC;0;1017,5;1017,7;1017,4;0;10,8;10,5;11,6;10,4;11,3;9,9;99;97;98;305;1,8;1,2;
2026/06/11;0800 UTC;0;1017,5;1017,7;1017,3;0;9,8;9,5;10,6;9,4;10,2;9,1;99;98;98;348;2,3;2;
2026/06/11;0900 UTC;0;1017,8;1018,2;1017,4;0;9,6;9,3;10;9;9,8;8,6;100;98;99;289;3,1;2,4;
2026/06/11;1000 UTC;0;1018,3;1018,7;1018,2;0;9,6;9,4;10;9,2;9,8;8,9;100;99;99;276;3,3;1,6;
2026/06/11;1100 UTC;0;1019;1019,3;1018,7;6,6;10,5;10,3;10,8;9,4;10,6;9,3;100;99;99;261;2,8;1,6;
2026/06/11;1200 UTC;0;1019,2;1019,3;1019,1;209,9;11,2;11;11,9;10,7;11,6;10,6;99;98;99;223;1,8;,8;
2026/06/11;1300 UTC;;;;;;;;;;;;;;;;;;
2026/06/11;1400 UTC;0;1020;1020,2;1019,9;677,4;13,9;12,2;14,8;13;12,6;11,9;95;87;92;190;1;,7;
2026/06/11;1500 UTC;0;1019,6;1020;1019,3;1570,7;16,2;12,6;17,8;14,8;13,2;11,8;87;76;82;178;2,5;1,8;
2026/06/11;1600 UTC;0;1018,9;1019,4;1018,4;1259,9;17,3;12,8;18,5;15,9;13,6;12,4;83;73;78;164;3,3;2,6;
2026/06/11;1700 UTC;0;1018;1018,4;1017,6;900,7;15,9;12,6;16,3;15,6;12,9;12,4;85;81;83;134;4,2;3,3;
2026/06/11;1800 UTC;0;1017,6;1017,7;1017,4;433,5;15,1;12,5;16;14,9;12,7;12,3;89;83;87;119;4,5;3,3;
2026/06/11;1900 UTC;0;1017,3;1017,6;1017;218,5;14,7;12,3;14,9;14,6;12,5;12,1;89;87;88;112;4,4;3,1;
2026/06/11;2000 UTC;0;1017,1;1017,3;1017;193,2;14,5;12,1;14,9;14,1;12,3;11,8;89;86;88;108;3,4;2,5;
2026/06/11;2100 UTC;0;1017,3;1017,5;1017,2;14,5;14;11,9;14,1;13,9;12,1;11,7;91;88;90;156;3,6;2,9;
2026/06/11;2200 UTC;0;1017,3;1017,5;1017;0;13,9;12,1;14;13,8;12,2;11,9;91;90;91;136;4;3,4;
2026/06/11;2300 UTC;0;1017,6;1017,9;1017,4;0;14,1;12,1;14,2;14;12,4;11,7;91;88;90;116;4,1;3;
2026/06/12;0000 UTC;0;1017,8;1017,9;1017,7;0;14,2;11,8;14,3;14,1;12,1;11,5;89;87;88;140;4,7;3,9;
2026/06/12;0100 UTC;0;1017,9;1018;1017,8;0;14,2;11,8;14,3;14,2;12;11,7;89;87;88;137;4,2;3,3;
2026/06/12;0200 UTC;0;1017,6;1017,7;1017,4;0;14,1;12;14,2;14,1;12,2;11,8;90;88;89;126;4,6;3,8;
2026/06/12;0300 UTC;0;1017,5;1017,8;1017,2;0;14,2;11,9;14,3;14,1;12,2;11,7;90;88;89;130;4,2;3,1;
2026/06/12;0400 UTC;0;1017,3;1017,4;1017,1;0;14,3;12;14,4;14,2;12,3;11,8;89;87;88;144;4,7;3,9;
2026/06/12;0500 UTC;0;1016,9;1017,2;1016,6;0;14,3;12,3;14,4;14,1;12,5;12,1;91;89;90;111;3,8;2,9;
2026/06/12;0600 UTC;0;1016,2;1016,6;1015,7;0;14,2;12,3;14,3;14,1;12,6;12,1;92;90;91;132;4,4;3,5;
2026/06/12;0700 UTC;0;1015,3;1015,7;1015,1;0;14,3;12,6;14,5;14,2;12,8;12,3;93;90;92;153;6;5;
2026/06/12;0800 UTC;0;1014,7;1015;1014,6;0;14,2;12,5;14,4;14,1;12,7;12,2;92;90;91;155;7,6;6,3;
2026/06/12;0900 UTC;0;1014,7;1014,9;1014,6;0;14,2;12;14,3;14,1;12,4;11,6;91;87;89;154;7,7;6,5;
2026/06/12;1000 UTC;0;1014,8;1015,1;1014,6;0;14,3;11,9;14,3;14,2;12,2;11,6;90;87;88;145;7,3;5,9;
2026/06/12;1100 UTC;0;1015,2;1015,4;1015,1;4;14,3;11,9;14,4;14,2;12,2;11,6;89;87;88;142;7,1;6;
2026/06/12;1200 UTC;0;1015,3;1015,5;1015,1;138,2;14,4;11,8;14,6;14,2;12,2;11,3;89;84;87;141;7,6;6,2;
2026/06/12;1300 UTC;0;1015,3;1015,6;1015,2;669,5;15,1;12;16,1;14,6;12,5;11,7;87;81;84;154;7;6,2;
2026/06/12;1400 UTC;0;1015,5;1015,7;1015,3;869,5;15,7;12,5;16,1;15,4;12,8;12,2;85;82;84;150;7,8;6,6;
2026/06/12;1500 UTC;0;1015,2;1015,4;1014,8;553,3;15,5;12,5;15,9;15,2;12,8;12,3;86;82;85;162;8,5;7,1;
2026/06/12;1600 UTC;0;1014,7;1014,9;1014,3;539,1;15,5;12,7;15,6;15,2;13;12,5;88;85;86;165;8;6,3;
2026/06/12;1700 UTC;0;1013,9;1014,3;1013,6;1322,1;16,6;13,1;17,5;15,4;13,6;12,7;87;79;83;176;8,1;6,5;
2026/06/12;1800 UTC;0;1013,4;1013,6;1013,2;589,1;15,4;12,8;15,9;15,1;13;12,6;88;85;87;171;7,3;5,7;
2026/06/12;1900 UTC;0;1013,3;1013,3;1013,1;300,5;15,2;12,9;15,7;15;13;12,7;90;86;89;164;7,3;5,9;
2026/06/12;2000 UTC;0;1013,4;1013,6;1013,2;88,9;14,8;13;14,9;14,6;13,2;12,8;93;90;91;128;6,3;4,6;
2026/06/12;2100 UTC;0;1013,7;1014;1013,5;6,4;14,6;12,9;14,7;14,5;13,4;12,6;94;91;92;176;6,7;5,8;
2026/06/12;2200 UTC;0;1014,3;1014,6;1014;0;14,3;12,7;14,5;14,2;12,8;12,5;93;91;92;188;6,9;5,9;
2026/06/12;2300 UTC;0;1015;1015,4;1014,6;0;14,4;12,8;14,5;14,4;12,9;12,7;92;91;92;187;7,5;6,3;
2026/06/13;0000 UTC;0;1015,5;1015,6;1015,4;0;14,3;12,5;14,4;14,1;12,8;12,4;92;91;91;187;7,9;6,7;
2026/06/13;0100 UTC;0;1015,5;1015,6;1015,4;0;14,1;12,2;14,1;14;12,4;12,1;91;90;91;193;7,6;6,2;
2026/06/13;0200 UTC;0;1015,7;1015,9;1015,5;0;14,1;12,2;14,2;14;12,3;12;91;90;90;198;7,7;6;
2026/06/13;0300 UTC;0;1015,6;1015,8;1015,4;0;13,8;12,3;14,1;13,6;12,4;12,1;94;90;92;184;5,4;4,5;
2026/06/13;0400 UTC;0;1015,4;1015,6;1015,3;0;13,3;12,1;13,7;12,2;12,4;11,2;95;94;94;252;3,8;2,5;
2026/06/13;0500 UTC;0;1015,4;1015,6;1015,2;0;11,8;11,1;12,3;10,9;11,5;10,4;98;95;97;234;2,6;1,8;
2026/06/13;0600 UTC;0;1015,3;1015,4;1015,2;0;10,5;10,2;10,9;10,3;10,6;9,9;99;97;98;238;4;2,8;
2026/06/13;0700 UTC;0;1015,3;1015,4;1015,1;0;10,7;10,6;11;10,5;10,8;10,4;99;99;99;251;2,6;1,6;
2026/06/13;0800 UTC;0;1015,1;1015,2;1015;0;10;9,9;10,5;9,4;10,4;9,3;100;99;100;302;2,2;1;
2026/06/13;0900 UTC;0;1015;1015,5;1014,8;0;8,8;8,8;9,4;8,6;9,3;8,6;100;100;100;267;1,7;1;
2026/06/13;1000 UTC;0;1015,9;1016,3;1015,4;0;8,7;8,7;8,9;8,1;8,9;8,1;100;100;100;279;3,6;1,8;
2026/06/13;1100 UTC;0;1016,6;1017;1016,3;53,5;7,8;7,9;8,2;7,5;8,2;7,6;100;100;100;294;4,9;3,2;
2026/06/13;1200 UTC;0;1017;1017,1;1016,9;351;8,6;8,5;8,9;8,2;8,8;8,1;100;99;99;287;5,8;3,7;
2026/06/13;1300 UTC;0;1017,3;1017,6;1017;640,1;10,1;9,9;10,9;9;10,7;8,9;100;99;99;289;4,8;3,1;
2026/06/13;1400 UTC;0;1017,9;1018,1;1017,6;957;11,9;11,2;13;10,9;11,8;10,7;99;90;96;267;5,3;3,7;
2026/06/13;1500 UTC;0;1017,8;1018,1;1017,5;1136,9;13,8;10,7;14,7;13;11,1;10,3;91;79;85;263;4,7;2,9;
2026/06/13;1600 UTC;0;1017,2;1017,5;1016,8;1486,9;15,1;10,6;16,1;14,4;11;10,1;81;73;77;251;7,1;3,9;
2026/06/13;1700 UTC;0;1016,5;1016,8;1016,1;1682,4;16,4;10,4;17,2;15,7;11;9,9;73;65;70;282;7;3,8;
2026/06/13;1800 UTC;0;1016,2;1016,2;1016,1;1457,3;17;10,4;17,5;15,9;11,6;9,7;73;63;67;216;5,9;2,7;
2026/06/13;1900 UTC;0;1016,3;1016,4;1016,2;649;15,8;11,7;17;14,3;12;11,3;86;74;79;172;6,2;5,1;
2026/06/13;2000 UTC;0;1016,5;1016,6;1016,4;335,8;14,4;11,3;14,9;14,1;11,7;10,8;87;81;84;179;5,6;4,5;
2026/06/13;2100 UTC;0;1016,6;1016,9;1016,5;26,1;13,6;10,4;14,2;13,4;10,8;10,2;85;83;84;191;5,5;4,3;
2026/06/13;2200 UTC;0;1016,8;1016,9;1016,6;0;13,5;10,2;13,6;13,4;10,4;9,9;85;82;84;218;2,1;1,2;
2026/06/13;2300 UTC;0;1017,1;1017,4;1016,8;0;12,8;10,3;13,5;12,3;10,4;10,2;90;84;87;298;2,3;1,6;
2026/06/14;0000 UTC;0;1017,4;1017,5;1017,3;0;12,2;10,3;12,3;12,1;10,5;10,2;91;90;91;317;3,1;2,3;
2026/06/14;0100 UTC;0;1017,4;1017,6;1017,2;0;11,9;9,5;12,2;11,4;10,3;9;91;86;88;311;3;2,4;
2026/06/14;0200 UTC;0;1017,3;1017,4;1017,2;0;11,2;9,2;11,4;11,1;9,4;9,1;90;88;90;291;4;2,6;
2026/06/14;0300 UTC;0;1016,8;1017,3;1016,5;0;11,2;9,1;11,3;11;9,3;8,8;90;88;89;316;4,6;2,8;
2026/06/14;0400 UTC;0;1016,8;1017;1016,6;0;10,6;8,8;10,9;10,5;9,1;8,2;91;89;91;279;5,5;3,3;
2026/06/14;0500 UTC;0;1017,2;1017,3;1017;0;10,3;8,2;10,5;10,2;8,3;8,1;90;88;89;278;5,4;3,7;
2026/06/14;0600 UTC;0;1017,3;1017,6;1017,1;0;10,3;8,5;10,5;10,2;8,8;8,3;92;90;91;247;6,5;4,2;
2026/06/14;0700 UTC;,2;1017,2;1017,6;1016,9;0;10,6;9,5;11;10,4;10,1;8,9;96;92;95;188;15,9;12;
2026/06/14;0800 UTC;,4;1017,5;1017,9;1017,3;0;10,5;8,8;10,8;10,2;9,3;8,4;94;89;92;188;14,9;12,2;
2026/06/14;0900 UTC;,8;1018,2;1018,7;1017,8;,2;10,2;8,7;10,6;9,6;9,4;7,8;95;91;93;199;16,5;12,2;
2026/06/14;1000 UTC;0;1018,9;1019,2;1018,6;0;10;7,5;10,3;9,7;8,4;6,9;93;84;88;185;12,9;10,1;
2026/06/14;1100 UTC;0;1019,8;1020,3;1019,2;12,7;9,6;6,9;10,5;8,7;7,1;6,4;92;80;86;250;5,9;3,9;
2026/06/14;1200 UTC;0;1020,7;1021;1020,3;236,6;8,7;7,2;9;8,5;7,4;6,8;94;91;92;252;6,6;4,3;
2026/06/14;1300 UTC;0;1021,3;1021,6;1020,9;890,5;9,6;6,9;10,6;8,7;7,3;6,6;91;83;86;241;6,4;3,9;
2026/06/14;1400 UTC;0;1021,8;1021,9;1021,5;1400,1;11,3;6,8;11,9;10,6;7,7;5,9;82;72;77;214;9,8;6,2;
2026/06/14;1500 UTC;0;1021,8;1021,9;1021,6;1643,7;12,3;6;13,1;11,8;6,9;5,4;74;64;68;206;10,5;6,7;
2026/06/14;1600 UTC;0;1021,5;1021,8;1021,2;1313,1;12,5;5,2;13,3;11,8;6,4;4,2;71;57;64;205;11,9;8,5;
2026/06/14;1700 UTC;0;1021,1;1021,3;1021;1549,4;13,3;5,4;14,2;12,4;6,6;4,2;66;56;61;186;11;8,8;
2026/06/14;1800 UTC;0;1020,9;1021,1;1020,8;1580;13,5;5;13,8;13;5,9;3,7;63;52;57;189;9,4;7,4;
2026/06/14;1900 UTC;0;1021;1021,1;1020,9;866,9;12,7;4,5;13,5;11,7;5,6;3,6;63;55;59;190;9,2;6,6;
2026/06/14;2000 UTC;0;1021,2;1021,4;1021;342,7;11,8;4;12,1;11,5;4,4;3,4;63;58;61;193;8,3;6,2;
2026/06/14;2100 UTC;0;1021,6;1021,9;1021,3;29,5;10,7;3,2;11,5;9,7;4;2,4;64;58;62;243;5,1;2,7;
2026/06/14;2200 UTC;0;1022,2;1022,5;1021,9;0;9,2;2,3;9,8;8,1;2,5;2,2;71;63;65;257;3,7;2,4;
2026/06/14;2300 UTC;0;1022,8;1023,1;1022,5;0;7,6;2,6;8,1;7,2;3,3;2,3;79;72;75;276;4,7;2,8;
2026/06/15;0000 UTC;0;1023,2;1023,3;1023;0;7,9;4;8,3;7,6;4,6;3,3;83;78;81;280;4,2;2,5;
2026/06/15;0100 UTC;0;1023,3;1023,4;1023,1;0;7,9;4,4;8,2;7,5;4,7;4,1;85;80;82;277;4,3;2,7;
2026/06/15;0200 UTC;0;1023,3;1023,4;1023,1;0;6,5;3,9;7,4;5,9;4,3;3,6;89;84;87;264;3,9;2,4;
2026/06/15;0300 UTC;0;1023,6;1023,7;1023,4;0;6;3,6;6,3;5,5;3,8;3,1;89;87;88;276;3,6;2,6;
2026/06/15;0400 UTC;0;1023,7;1023,8;1023,6;0;5,2;3,1;5,6;4,9;3,4;2,7;90;89;90;273;4,2;2,6;
2026/06/15;0500 UTC;0;1023,8;1023,9;1023,7;0;4,4;2,3;4,9;3,8;2,7;1,8;91;89;90;280;3,8;2,8;
2026/06/15;0600 UTC;0;1023,7;1023,8;1023,5;0;3,5;1,5;3,8;3,2;1,9;1,3;91;89;90;283;3,9;2,9;
2026/06/15;0700 UTC;0;1023,3;1023,4;1023,2;0;3;1,2;3,2;2,8;1,4;1,1;92;91;91;277;4,2;3;
2026/06/15;0800 UTC;0;1023,1;1023,2;1023;0;2,5;1,1;2,8;2,1;1,2;,8;94;92;93;276;4,2;2,9;
2026/06/15;0900 UTC;0;1023;1023,1;1023;0;2,2;,6;2,4;2;,9;,2;94;89;92;283;5,8;4,3;
2026/06/15;1000 UTC;0;1023,2;1023,5;1023;0;2,3;,1;2,5;2,1;,3;-,1;90;88;89;279;6,4;4,7;
2026/06/15;1100 UTC;0;1023,7;1023,9;1023,4;17,4;2,3;,1;2,4;2,2;,2;0;90;88;89;280;6,3;4,3;
2026/06/15;1200 UTC;0;1023,7;1023,8;1023,6;343,7;3,3;-,3;4;2,5;,1;-,7;88;77;82;291;6,4;3,9;
2026/06/15;1300 UTC;0;1024;1024,3;1023,7;1021;5,9;,1;7,3;4,1;1;-,5;78;65;71;278;6,9;3,9;
2026/06/15;1400 UTC;0;1024,3;1024,4;1024,2;1542,4;8,1;1,2;8,8;7,3;2;,4;68;63;66;277;6,4;4,1;
2026/06/15;1500 UTC;0;1023,7;1024,1;1023,2;1825,5;9,7;2,5;10,4;8,9;3,2;2;67;61;64;266;5,7;3,1;
2026/06/15;1600 UTC;0;1022,8;1023,3;1022,3;1880,6;10,7;3;11,5;9,5;3,5;2,3;66;57;61;249;5,4;2,9;
2026/06/15;1700 UTC;0;1021,9;1022,3;1021,6;1888,2;11,7;3,2;12;11,5;3,8;2,7;60;55;57;276;6,1;3,3;
2026/06/15;1800 UTC;0;1021,4;1021,7;1021,3;1612,2;12;3,2;12,4;11,7;3,9;2,7;60;52;56;275;5,5;3;
2026/06/15;1900 UTC;0;1021,2;1021,4;1021,1;1120,8;12,3;3,3;12,5;12,1;3,8;2,7;57;52;55;267;5,4;2,9;
2026/06/15;2000 UTC;0;1021,4;1021,5;1021,3;507,2;11,5;3;12,3;10,7;3,3;2,6;62;53;57;266;3,9;2,1;
2026/06/15;2100 UTC;0;1021,4;1021,5;1021,3;40,9;9,1;3,1;10,6;7,9;3,4;2,8;75;63;70;324;3,2;2,4;
2026/06/15;2200 UTC;0;1021,2;1021,3;1021,1;0;7,3;2,7;7,8;7,1;2,8;2,5;78;75;77;330;3,7;2,5;
2026/06/15;2300 UTC;0;1021,2;1021,3;1021,1;0;7,4;2,8;7,7;7;3;2,6;79;76;77;316;4,4;2,9;
2026/06/16;0000 UTC;0;1021,4;1021,6;1021,2;0;6,9;2,5;7,4;6,5;2,6;2,2;79;76;78;313;4,7;3,4;
2026/06/16;0100 UTC;0;1021,5;1021,6;1021,4;0;6,8;1,9;7;6,5;2,2;1,6;78;73;75;306;6;4;
2026/06/16;0200 UTC;0;1021,2;1021,4;1020,7;0;6,6;1,7;7;6,3;1,9;1,5;77;74;75;305;8,9;5,4;
2026/06/16;0300 UTC;0;1020,7;1020,9;1020,4;0;6,8;1,7;7;6;1,9;1,5;77;73;75;306;7;5,1;
2026/06/16;0400 UTC;0;1020,5;1020,6;1020,3;0;5,9;1,3;6,4;5,3;1,5;1,1;79;75;77;317;7,2;4,3;
2026/06/16;0500 UTC;0;1020,4;1020,6;1020,3;0;5,1;1;5,5;4,6;1,2;,9;83;77;80;297;6,7;4,3;
2026/06/16;0600 UTC;0;1020,3;1020,7;1020;0;5,3;,7;5,5;5;,9;,5;79;76;77;297;7;4,7;
2026/06/16;0700 UTC;0;1019,7;1020,1;1019,5;0;4,1;,5;5;3,6;,6;,5;84;78;82;317;7,1;5,1;
2026/06/16;0800 UTC;0;1019,3;1019,5;1019;0;3,8;,4;3,9;3,6;,6;,3;84;82;83;313;6,2;4,8;
2026/06/16;0900 UTC;0;1019;1019,2;1018,7;0;4,1;,4;4,3;3,8;,5;,4;83;80;82;313;8,3;5,5;
2026/06/16;1000 UTC;0;1019;1019,1;1018,8;0;3,9;,5;4,4;3,6;,9;,3;84;81;83;311;8,2;5,9;
2026/06/16;1100 UTC;0;1019;1019,1;1018,9;16,5;4,3;1;4,7;4;1,2;,7;85;81;84;313;8,9;5,8;
2026/06/16;1200 UTC;0;1019;1019,1;1018,9;390,6;5,9;1,9;7,2;4,7;2,6;1,1;82;76;80;316;8,8;6,2;
2026/06/16;1300 UTC;0;1019;1019,2;1018,8;1018,7;8,1;3,2;9,3;7,2;3,9;2,5;77;72;75;310;8,7;5,7;
2026/06/16;1400 UTC;0;1018,8;1018,9;1018,6;1539;10,3;4,3;11,4;9,4;5,2;3,8;73;67;70;306;9,5;5,5;
2026/06/16;1500 UTC;0;1018,2;1018,7;1017,8;1845,8;12,3;5,1;13,2;11,3;5,5;4,7;69;60;64;304;9,4;5,8;
2026/06/16;1600 UTC;0;1017,3;1017,8;1016,9;1977,8;14,1;5,9;15;13,2;6,4;5,3;62;55;59;305;8,6;5,9;
2026/06/16;1700 UTC;0;1016,6;1017;1016,2;1857,4;15,5;6;16;14,8;6,6;5,6;56;50;53;306;9,8;6,5;
2026/06/16;1800 UTC;0;1015,6;1016,1;1015,1;1580,8;16,2;6,6;16,5;15,8;7,1;6;54;50;52;301;10,1;6,4;
2026/06/16;1900 UTC;0;1015,1;1015,4;1014,7;1101,4;16,1;6,5;16,4;15,9;7,1;6,1;54;50;52;300;12,6;6,5;
2026/06/16;2000 UTC;0;1015,2;1015,3;1014,9;495,8;15,9;6,5;16;15,4;6,7;6,2;56;51;53;315;8;5;
2026/06/16;2100 UTC;0;1015,1;1015,2;1015;42,9;14,5;6,3;15,3;13,7;6,6;5,7;61;56;59;317;8,2;4,6;
2026/06/16;2200 UTC;0;1015,1;1015,2;1014,9;0;13,4;5,8;13,9;12,9;6,1;5,5;64;59;62;308;11,1;6,4;
2026/06/16;2300 UTC;0;1015,5;1015,8;1015,2;0;13,1;6,4;13,4;12,8;6,6;6,1;69;64;66;308;11,2;6,5;
2026/06/17;0000 UTC;0;1016,2;1016,6;1015,9;0;12,2;6,3;12,9;11,7;6,5;6,1;72;68;70;301;8,6;5,5;
2026/06/17;0100 UTC;0;1016,8;1017,1;1016,6;0;11,5;6,3;11,8;11,2;6,5;6,1;76;72;74;300;7,2;4,7;
2026/06/17;0200 UTC;0;1017,2;1017,5;1016,9;0;10,8;6,8;11,2;10,7;7,5;6,3;83;76;80;291;8,1;5,2;
2026/06/17;0300 UTC;0;1017,8;1018,2;1017,4;0;11,1;8,1;11,2;10,9;8,5;7,6;87;83;85;283;8,2;5,1;
2026/06/17;0400 UTC;0;1018,3;1018,5;1018,1;0;10,8;8,5;11,1;10,3;8,6;8,3;91;87;89;279;8,1;4,6;
2026/06/17;0500 UTC;0;1018,7;1019;1018,4;0;9,8;8,2;10,3;9,4;8,4;8,1;94;91;92;276;6,5;4,6;
2026/06/17;0600 UTC;0;1019,1;1019,3;1018,9;0;9,2;7,9;9,5;8,7;8,2;7,5;95;93;94;272;5,5;3,6;
2026/06/17;0700 UTC;0;1019,4;1019,7;1019,2;0;8,2;7,1;8,7;8;7,5;6,8;95;94;95;258;5,6;3,3;
2026/06/17;0800 UTC;0;1019,9;1020,1;1019,6;0;8,5;7;8,9;8,1;7,2;6,6;95;91;92;252;5,5;3,6;
2026/06/17;0900 UTC;0;1020,6;1021,3;1020,1;0;8,2;6,9;8,8;7,6;7,5;6,3;96;92;93;237;5,9;4;
2026/06/17;1000 UTC;0;1021,5;1022;1021,2;0;9,9;8,1;11,2;8,6;9,4;7,1;94;87;91;206;10,3;7;
2026/06/17;1100 UTC;0;1022,5;1022,9;1022;15;10,2;7,6;11,3;9,7;8,6;7,3;88;84;87;247;5,4;3,4;
2026/06/17;1200 UTC;0;1023,3;1023,8;1022,9;364,1;9,9;7,1;10,6;9,5;7,4;7;88;84;86;247;4,4;2,6;
2026/06/17;1300 UTC;0;1024,3;1024,7;1023,8;1010,2;12,2;6,9;13,4;10,7;7,8;5,7;84;62;73;187;11,5;9;
2026/06/17;1400 UTC;0;1025;1025,2;1024,7;1557,8;13,7;7,3;14;13,4;7,8;6,4;70;64;68;188;11;8,9;
2026/06/17;1500 UTC;0;1025,3;1025,4;1025,1;1882,7;14,4;7,1;14,6;13,9;7,6;6,4;67;59;64;184;9,6;7,8;
2026/06/17;1600 UTC;0;1025,4;1025,5;1025,3;2028,6;14,6;6,9;14,8;14,3;7,5;6,4;64;59;61;190;10,2;8,6;
2026/06/17;1700 UTC;0;1025,3;1025,5;1025,1;1896,2;14,6;7;14,8;14,3;7,6;6,6;64;60;62;193;8,4;6,6;
2026/06/17;1800 UTC;0;1025,3;1025,4;1025,2;1599,2;14,5;7,4;14,7;14,3;7,8;7;66;63;64;186;8;6,3;
2026/06/17;1900 UTC;0;1025,4;1025,6;1025,3;1095,7;14,2;7,6;14,6;13,8;8;7,3;70;64;67;184;7,5;6,5;
2026/06/17;2000 UTC;0;1025,4;1025,7;1025,2;436,2;13;7,6;13,7;12,4;7,8;7,5;76;69;73;179;7,5;6;
2026/06/17;2100 UTC;0;1025,8;1026;1025,5;47,9;11,5;7,2;12,4;11;7,5;6,9;81;75;79;174;5,6;4,8;
2026/06/17;2200 UTC;0;1025,9;1026;1025,7;0;11;7,3;11,1;10,9;7,5;7,2;83;81;82;165;5,3;4,4;
2026/06/17;2300 UTC;0;1026,2;1026,5;1026;0;11;7,3;11,1;10,9;7,6;6,9;83;80;81;158;4,7;3,6;
2026/06/18;0000 UTC;0;1026,4;1026,5;1026,3;0;11,1;7,2;11,2;9,4;7,8;4,8;83;76;81;150;3,8;2,9;
2026/06/18;0100 UTC;0;1026,2;1026,3;1026,1;0;10,4;7,1;11,3;7,3;8,2;4,1;93;80;84;126;5,1;4,2;
2026/06/18;0200 UTC;0;1026;1026,2;1025,8;0;11;7,4;11,1;10,8;7,9;7,1;84;81;82;101;5,2;3,6;
2026/06/18;0300 UTC;0;1026;1026,1;1025,8;0;11,1;7,5;11,5;10,9;7,8;7,3;83;80;82;85;5,5;4,1;
2026/06/18;0400 UTC;0;1025,8;1026,1;1025,3;0;11,6;7,6;11,7;11,4;8;7,3;82;79;80;75;5,7;4,3;
2026/06/18;0500 UTC;0;1025,3;1025,5;1025,1;0;11,4;7,9;11,9;10,4;8,3;7,5;86;80;82;33;5,2;2,9;
2026/06/18;0600 UTC;0;1025;1025,1;1024,9;0;8,8;6,8;10,4;7,9;7,7;6,1;94;86;90;15;3,6;3;
2026/06/18;0700 UTC;0;1024,7;1024,9;1024,5;0;8,1;6,9;8,3;7,9;7,3;6,6;95;93;94;129;3,9;3,1;
2026/06/18;0800 UTC;0;1024,4;1024,6;1024;0;7,8;7;8,1;7,5;7,2;6,8;97;94;96;116;4,2;3,2;
2026/06/18;0900 UTC;0;1024,1;1024,2;1023,9;0;7,9;7,3;8,1;7,7;7,6;7,1;98;97;97;94;3,6;3,1;
2026/06/18;1000 UTC;0;1024,5;1024,7;1024,2;0;8,1;7,6;8,3;7,9;7,8;7,3;98;97;97;166;4,4;3,4;
2026/06/18;1100 UTC;0;1024,6;1024,8;1024,4;25,3;7,6;7,1;8,2;7,2;7,6;6,8;98;97;98;80;4,4;3,3;
2026/06/18;1200 UTC;0;1024,7;1024,9;1024,4;367,3;9,4;8,8;10,4;8;9,5;7,6;98;95;97;76;3,3;2,2;
2026/06/18;1300 UTC;0;1024,8;1024,9;1024,5;984,7;12,2;10,2;13,4;10,4;10,6;9,3;95;85;90;40;6,2;3,8;
2026/06/18;1400 UTC;0;1024,4;1024,6;1024,2;1312,5;14,2;9,9;14,9;13,4;10,4;9,3;85;72;78;24;9,7;5,6;
2026/06/18;1500 UTC;0;1023,8;1024,2;1023,6;1332,2;15,3;9,4;15,7;14,9;9,9;8,9;74;67;70;29;8,2;5;
2026/06/18;1600 UTC;0;1023;1023,6;1022,2;794,3;15,2;9,4;15,4;15,1;9,8;9,2;73;69;71;33;7,8;4,8;
2026/06/18;1700 UTC;0;1021,6;1022,2;1021,2;739,7;15,3;9,6;15,6;15,1;9,9;9,4;73;69;71;29;7,8;4,9;
2026/06/18;1800 UTC;0;1020,6;1021,2;1019,6;667,3;15,5;9,4;15,5;15,4;9,7;9,2;71;69;70;33;7,5;4,9;
2026/06/18;1900 UTC;0;1018,9;1019,6;1018,5;610,8;15,4;9,6;15,5;15,3;9,9;9,3;72;69;71;27;10,8;6,3;
2026/06/18;2000 UTC;0;1017,8;1018,5;1017,3;296,6;14,9;9,6;15,6;14,4;9,8;9,5;76;70;74;29;9,5;6,2;
2026/06/18;2100 UTC;0;1017,3;1017,8;1016,8;12,9;14,2;9,8;14,4;13,9;10;9,7;80;76;78;31;9,5;5,7;
2026/06/18;2200 UTC;0;1016,9;1017,4;1016,6;0;13,8;10,3;14;13,6;10,5;10;83;80;82;31;9,5;5,2;
2026/06/18;2300 UTC;0;1016,4;1017,2;1015,9;0;14;11,1;14,1;14;11,5;10,5;87;83;85;33;9,6;5,2;
2026/06/19;0000 UTC;0;1015,8;1016,5;1015,4;0;14,1;11,3;14,3;14;11,5;11;87;84;86;30;10,1;5,8;
2026/06/19;0100 UTC;0;1014,9;1015,4;1014,6;0;14,2;10,9;14,3;14,1;11;10,9;84;83;84;35;9,3;6;
2026/06/19;0200 UTC;0;1014,5;1014,7;1014,4;0;14,2;10,9;14,4;14;10,9;10,8;84;82;83;90;9,4;5,7;
2026/06/19;0300 UTC;0;1014,9;1015,4;1014,6;0;13,9;10,9;14;13,7;11,1;10,8;87;84;85;291;6,9;4,5;
2026/06/19;0400 UTC;0;1015,6;1016,2;1015;0;13,5;11,3;13,8;13,3;11,5;11,1;91;87;89;245;9,6;5,3;
2026/06/19;0500 UTC;0;1015;1015,2;1014,7;0;13,5;11,4;13,6;13,4;11,6;11;91;87;89;328;8,3;5;
2026/06/19;0600 UTC;,8;1014,2;1015;1013,3;,2;13,3;10,6;13,5;12,5;10,9;10,2;92;84;86;228;5,7;3,4;
2026/06/19;0700 UTC;2,2;1012,1;1013,2;1011,3;0;12,1;11,1;12,4;11,9;11,4;10,8;96;92;95;35;4,3;2,7;
2026/06/19;0800 UTC;,2;1011,5;1011,8;1011,2;0;11,9;11,2;12,1;11,9;11,3;11,1;97;96;96;333;2;1,5;
2026/06/19;0900 UTC;1;1011,3;1011,5;1011;0;11,8;11,3;11,9;11,7;11,4;11,2;98;97;97;288;5,7;3,5;
2026/06/19;1000 UTC;,8;1011,4;1011,6;1011,2;0;11,7;11,4;11,8;11,7;11,4;11,3;98;98;98;299;6,8;4,2;
2026/06/19;1100 UTC;0;1011,3;1011,4;1011,1;1,6;11,9;11,5;12;11,8;11,6;11,4;98;98;98;321;7,2;4,2;
2026/06/19;1200 UTC;0;1011,1;1011,4;1010,9;45,3;12,1;11,7;12,3;12;11,8;11,6;98;97;98;323;8;5;
2026/06/19;1300 UTC;0;1011,7;1012;1011,2;94,3;12,4;11,7;12,5;12,3;11,8;11,7;97;96;97;306;8;4,4;
2026/06/19;1400 UTC;0;1012,1;1012,3;1011,9;295,3;12,8;11,7;13,1;12,5;11,8;11,6;96;93;95;284;7,4;4,4;
2026/06/19;1500 UTC;0;1012,2;1012,3;1012;410,7;13,2;11,4;13,5;13;11,7;11,1;93;90;91;272;6,4;3,5;
2026/06/19;1600 UTC;0;1012,2;1012,4;1012;352,1;13,2;11;13,4;13,1;11,3;10,8;90;88;89;261;8;4,5;
2026/06/19;1700 UTC;,2;1012,3;1012,6;1012;303,3;12,8;10,1;13,1;12,4;10,6;9,7;88;85;86;264;10;4,7;
2026/06/19;1800 UTC;0;1012,9;1013,2;1012,4;386,1;13;9,8;13,3;12,6;10,1;9,6;87;82;84;260;7,7;4,2;
2026/06/19;1900 UTC;0;1013,2;1013,6;1012,9;425,4;13,4;9,7;13,8;13,1;10,1;9,4;84;80;82;258;7,7;4,3;
2026/06/19;2000 UTC;0;1014;1014,5;1013,5;155;13,1;9,8;13,3;12,9;10,1;7,8;86;75;83;222;13;7,1;
2026/06/19;2100 UTC;0;1014,9;1015,4;1014,4;22,9;12,5;7,4;12,9;11,8;8,3;6,8;77;73;74;230;10,8;6,3;
2026/06/19;2200 UTC;0;1016,1;1016,6;1015,4;0;10,9;6,2;11,8;9,8;6,8;6;81;74;77;244;6,8;4,1;
2026/06/19;2300 UTC;0;1016,7;1016,8;1016,4;0;9,7;5,6;10;9,3;6;5,3;81;78;79;245;6,9;4,3;
2026/06/20;0000 UTC;0;1016,9;1017,2;1016,6;0;8,7;5,3;9,3;8,1;5,4;5,2;86;80;83;251;6,2;3,7;
2026/06/20;0100 UTC;0;1017,5;1017,9;1017,2;0;7,5;5,3;8,1;7;5,5;5,2;91;86;89;279;4,5;3,3;
2026/06/20;0200 UTC;0;1017,8;1018;1017,7;0;6,6;5,1;7;6,4;5,3;4,9;93;91;92;288;5,8;3,4;
2026/06/20;0300 UTC;0;1018,1;1018,3;1017,8;0;6,8;5,3;7;6,5;5,6;5,1;93;92;93;287;5,5;3,5;
2026/06/20;0400 UTC;0;1018,6;1018,8;1018,2;0;6,8;5,4;7;6,6;5,5;5,2;94;92;93;294;6,4;4,1;
2026/06/20;0500 UTC;0;1018,8;1018,9;1018,7;0;5,9;4,9;6,6;5,4;5,3;4,6;97;94;95;307;5;3,7;
2026/06/20;0600 UTC;0;1018,8;1018,9;1018,7;0;5,4;4,8;5,6;5,2;5,1;4,5;98;96;97;297;6,4;3,9;
2026/06/20;0700 UTC;0;1018,7;1018,8;1018,5;0;5,8;5,2;6;5,5;5,5;4,9;98;97;97;286;6,8;4;
2026/06/20;0800 UTC;0;1018,2;1018,6;1018;0;5,7;5,1;6;5,4;5,4;4,7;97;96;97;304;5,1;3,4;
2026/06/20;0900 UTC;0;1018,2;1018,3;1018;0;5,5;4,9;5,7;5,3;5,1;4,6;97;96;97;280;6,6;4,3;
2026/06/20;1000 UTC;0;1018,5;1018,9;1018,3;0;4,9;4,3;5,3;4,5;4,6;4;98;96;97;285;6,3;4,2;
2026/06/20;1100 UTC;0;1019;1019,2;1018,8;15,7;4,5;4;4,6;4,4;4,2;3,9;98;97;98;292;6,4;4,2;
2026/06/20;1200 UTC;0;1019,5;1019,7;1019,1;321,2;5,2;4,3;6,2;4,5;4,9;4;97;94;96;295;5,5;3,7;
2026/06/20;1300 UTC;0;1019,6;1020;1019,4;919,5;7,9;5,9;9,8;6,2;6,7;4,9;94;85;90;297;3,4;2,4;
2026/06/20;1400 UTC;0;1019,9;1020;1019,8;1503,9;11,4;7,4;12,6;9,9;7,9;6,7;85;75;80;281;2,8;1,6;
2026/06/20;1500 UTC;0;1019,6;1019,8;1019,3;1829,9;14;8,1;15,9;12,6;9,4;7;76;66;70;170;3;2,3;
2026/06/20;1600 UTC;0;1018,7;1019,2;1018,2;1590,5;14,3;8,2;15,7;12,7;9,4;7;73;66;69;145;3,2;2,5;
2026/06/20;1700 UTC;0;1017,9;1018,2;1017,5;1734,6;13,6;7,5;14,3;12;8,1;6,9;76;67;70;121;3,5;2,8;
2026/06/20;1800 UTC;0;1017,1;1017,5;1016,8;1571,4;13,8;7,4;14,1;13,4;7,8;6,9;70;65;68;122;3,9;3,4;
2026/06/20;1900 UTC;0;1016,5;1016,8;1016,4;1008,4;13,2;7,1;13,7;12,8;7,6;6,7;73;67;69;109;4,1;2,9;
2026/06/20;2000 UTC;0;1016,4;1016,5;1016,3;327,3;12,2;6,6;13,3;11,6;7,2;6,2;75;67;72;75;3,2;2,2;
2026/06/20;2100 UTC;0;1016,5;1016,7;1016,4;59;11,2;6,4;11,9;10,2;6,7;6,1;83;72;76;96;2,3;1,7;
2026/06/20;2200 UTC;0;1017;1017,3;1016,8;0;9,4;6,5;10,2;8,6;6,8;6,1;87;83;85;345;3;2,5;
2026/06/20;2300 UTC;0;1017,5;1017,6;1017,3;0;8,4;5,7;8,7;8;6,2;5,3;88;85;87;223;3,7;2,9;
2026/06/21;0000 UTC;0;1017,5;1017,6;1017,2;0;8;5,8;8,2;7,8;6,1;5,3;90;87;89;294;4,1;3,1;
2026/06/21;0100 UTC;0;1017,3;1017,4;1017,1;0;7,6;5,8;7,7;7,3;5,9;5,5;92;90;91;301;4,4;3,2;
2026/06/21;0200 UTC;0;1016,8;1017,2;1016,6;0;7,5;5,7;7,7;7,2;6;5,3;92;90;91;342;3;2,5;
2026/06/21;0300 UTC;0;1017,1;1017,3;1016,9;0;7,1;5,4;7,2;7,1;5,5;5,2;92;91;91;340;3;2,5;
2026/06/21;0400 UTC;0;1017,3;1017,4;1017,2;0;7,1;5,3;7,3;6,8;5,5;5,1;93;91;91;337;3;2,6;
2026/06/21;0500 UTC;0;1017;1017,3;1016,7;0;7;4,6;7,2;6,9;5,2;4;92;85;88;348;3,1;2,8;
2026/06/21;0600 UTC;0;1017,1;1017,4;1016,6;0;6,8;3,6;7,1;6,2;4;3,2;86;82;84;296;4;2,7;
2026/06/21;0700 UTC;0;1017,4;1017,6;1017,3;0;6,4;4,3;6,6;6,2;5,2;3,5;93;86;89;296;3,4;2,2;
2026/06/21;0800 UTC;0;1017,1;1017,4;1016,9;0;6,2;5,1;6,7;5,7;5,4;4,7;95;93;94;255;1,8;1,3;
2026/06/21;0900 UTC;0;1017,3;1017,5;1017;0;5,5;4,8;5,7;5,5;5;4,6;97;95;96;293;1,1;,4;
2026/06/21;1000 UTC;0;1017,7;1018;1017,4;0;4,9;4,2;5,5;4,6;4,8;4;97;96;97;296;2;1;
2026/06/21;1100 UTC;0;1018,1;1018,4;1017,7;8,7;4,5;4;4,9;4,1;4,5;3,5;98;97;98;18;3,8;2,9;
2026/06/21;1200 UTC;0;1018,1;1018,3;1017,7;192,6;5,5;4,9;6,8;4,8;5,9;4,3;98;96;97;252;3,7;2,6;
2026/06/21;1300 UTC;0;1018,4;1018,6;1018,2;417,1;8,2;7;9,3;6,8;7,9;5,9;96;93;94;177;3,8;2,4;
2026/06/21;1400 UTC;0;1018,2;1018,4;1018;687,5;9,9;7,8;10,7;9,3;8,2;7,5;93;85;90;307;3,6;2,2;
2026/06/21;1500 UTC;0;1017,9;1018,2;1017,6;1105,9;11,7;7,7;12,3;10,8;8,2;7,2;85;77;80;299;3,3;2;
2026/06/21;1600 UTC;0;1017,3;1017,9;1016,9;1366,2;12,4;7,8;12,8;11,9;8,5;7,3;80;73;77;261;2,7;1,3;
2026/06/21;1700 UTC;0;1016,6;1017;1016,4;1066,9;13,2;7,5;13,4;12,9;9;6,4;78;67;72;124;3,1;1,4;
2026/06/21;1800 UTC;0;1016,2;1016,6;1015,8;834,5;13,1;8,9;13,5;12,8;9,2;8,5;81;76;79;156;3,5;2,4;
2026/06/21;1900 UTC;0;1016,1;1016,4;1015,8;629,1;13,1;8,6;13,4;12,7;9,2;7,8;81;74;78;97;1,9;1,1;
2026/06/21;2000 UTC;0;1016,7;1017;1016,3;220,6;12,2;8,7;12,9;11,7;9;8,4;84;79;82;106;1,9;1,3;
2026/06/21;2100 UTC;0;1017,1;1017,4;1016,9;18,6;11,5;8,5;11,7;11,3;8,7;8,3;86;84;85;81;2,7;1,8;
2026/06/21;2200 UTC;0;1017,3;1017,4;1017;0;10,9;8,3;11,3;10,6;8,4;8,2;88;85;87;87;2,9;1,9;
2026/06/21;2300 UTC;0;1017,3;1017,5;1017;0;10,1;7,7;10,6;9,3;8,2;7,2;91;88;88;247;2,3;1,8;
2026/06/22;0000 UTC;0;1017,2;1017,4;1016,9;0;8,8;7,2;9,3;8,2;7,6;6,6;93;91;92;336;2,1;1,7;
2026/06/22;0100 UTC;0;1016,8;1017,2;1016,6;0;7,7;6,2;8,4;7,1;6,8;5,7;94;91;93;163;1;,8;
2026/06/22;0200 UTC;0;1016,8;1017;1016,6;0;7,6;6,1;8;7,1;6,4;5,6;94;90;92;304;2;1,4;
2026/06/22;0300 UTC;0;1016,8;1017,1;1016,5;0;8,5;6,9;8,9;7,9;7,3;6,4;93;91;92;295;2,7;1,9;
2026/06/22;0400 UTC;0;1016,4;1017,1;1016,1;0;8,8;7,4;8,9;8,6;7,6;7,2;94;92;93;275;2,1;1,7;
2026/06/22;0500 UTC;0;1016,7;1017,1;1016,3;0;8,1;7,1;8,6;7,8;7,4;6,9;97;93;95;303;3;2;
2026/06/22;0600 UTC;0;1017;1017,5;1016,7;0;7,9;7,3;8,1;7,7;7,4;7,1;97;96;97;243;4,2;2,5;
2026/06/22;0700 UTC;0;1017,1;1018;1016,6;0;7,5;7;7,7;7,3;7,2;6,8;98;97;97;295;4;2,7;
2026/06/22;0800 UTC;0;1017,1;1017,6;1016,6;0;7,5;7;7,7;7,4;7,2;6,8;98;97;97;287;3,1;2;
2026/06/22;0900 UTC;0;1016,4;1017;1015,1;0;7,8;7,1;7,9;7,6;7,3;7;97;97;97;227;3,1;1,8;
2026/06/22;1000 UTC;0;1014,8;1015,2;1014,3;0;7,7;6,5;7,9;7,5;7,1;6;97;91;94;282;2,8;1,6;
2026/06/22;1100 UTC;0;1015;1015,7;1014,4;,5;7,9;5,9;8;7,7;6;5,7;91;88;90;301;3,8;2,4;
2026/06/22;1200 UTC;0;1015,2;1016,3;1014,2;140,8;8;6,3;8,7;7,6;7,1;5,7;93;89;92;230;3,9;2,4;
2026/06/22;1300 UTC;0;1014,5;1015;1014;328,2;9,6;7,8;10,7;8,7;8,4;7,1;92;87;91;221;5,4;3,6;
2026/06/22;1400 UTC;0;1014,2;1014,4;1013,9;444,5;11,2;8,2;11,4;10,7;8,4;8;87;83;85;240;4;2,1;
2026/06/22;1500 UTC;0;1014;1014,1;1013,8;317,6;11;8,4;11,2;10,5;8,6;8,2;90;85;87;285;3,7;2,2;
2026/06/22;1600 UTC;,4;1013,5;1013,8;1013,2;272,6;10;7,7;10,5;9,3;8,8;6,2;92;82;88;243;6,3;4,3;
2026/06/22;1700 UTC;1,8;1012,9;1013,3;1012,4;257,9;9,4;8,5;9,5;9,2;8,9;7;97;89;95;278;6,2;2,9;
2026/06/22;1800 UTC;0;1012,3;1012,4;1012,2;288,8;9,6;8,9;9,7;9,5;9;8,8;97;96;96;310;4,6;2,7;
2026/06/22;1900 UTC;,2;1012,3;1012,6;1012,1;235,9;9,8;9;10;9,6;9,2;8,8;96;95;96;288;6;3,5;
2026/06/22;2000 UTC;,4;1012,4;1012,7;1012,1;94,5;9,5;8,6;9,7;9,4;8,9;8,2;96;94;95;283;7,2;4,4;
2026/06/22;2100 UTC;0;1012,2;1012,3;1012,1;14,4;9,5;7,9;9,7;9,4;8,1;7,8;93;91;92;276;5;3,4;
2026/06/22;2200 UTC;0;1012,2;1012,5;1012;0;9,5;7,9;9,6;9,4;8;7,7;93;91;92;277;6,2;4;
2026/06/22;2300 UTC;0;1012,6;1012,8;1012,5;0;9,3;8,1;9,4;9,2;8,2;8;95;93;94;269;6,1;3,9;
2026/06/23;0000 UTC;0;1012,8;1012,8;1012,7;0;8,9;7,6;9,3;8,4;8;7,1;94;93;93;274;6,5;4,2;
2026/06/23;0100 UTC;0;1013;1013,1;1012,8;0;8;6,8;8,4;7,5;7,1;6,6;95;94;94;276;7,3;4,3;
2026/06/23;0200 UTC;0;1013,2;1013,3;1013;0;7,4;6,5;7,6;7,4;6,6;6,3;96;94;95;265;7,2;4,8;
2026/06/23;0300 UTC;0;1013,3;1013,4;1013,1;0;7,6;6,2;7,8;7,4;6,4;6;94;92;93;273;7,6;4,5;
2026/06/23;0400 UTC;0;1013;1013,3;1012,8;0;7,1;5,8;7,4;6,7;6;5,4;94;93;93;278;7,4;4,7;
2026/06/23;0500 UTC;0;1012,8;1012,9;1012,7;0;6,5;5,3;6,7;6,3;5,4;5,1;94;93;94;274;8,4;5;
2026/06/23;0600 UTC;0;1012,8;1012,9;1012,7;0;6,3;4,9;6,5;6,1;5,1;4,6;93;92;93;277;8,5;5,2;
2026/06/23;0700 UTC;0;1012,9;1013,1;1012,6;0;5,9;4,5;6,1;5,7;4,7;4,3;94;92;93;279;8,7;4,9;
2026/06/23;0800 UTC;0;1013;1013,2;1012,8;0;5,4;4;5,8;5;4,3;3,6;93;92;93;294;6,4;4;
2026/06/23;0900 UTC;0;1013;1013,2;1012,9;0;4,9;3,5;5;4,8;3,7;3,4;94;92;93;300;8,5;4,5;
2026/06/23;1000 UTC;0;1013,7;1014;1013,2;0;4,9;3,2;5,1;4,7;3,4;2,9;93;91;91;308;8;4,9;
2026/06/23;1100 UTC;0;1014,5;1014,9;1014;11,8;4,7;2,6;4,8;4,6;2,9;2,4;90;89;90;313;9,1;5;
2026/06/23;1200 UTC;0;1015;1015,2;1014,7;399,4;5,3;2,6;6,1;4,6;3;2,4;89;84;87;302;8,3;5,1;
2026/06/23;1300 UTC;0;1015;1015,1;1014,8;1029,2;7,2;3,4;8,1;6,2;3,8;2,9;84;78;81;289;9,7;5,3;
2026/06/23;1400 UTC;0;1015;1015,2;1014,7;1541,2;9;4;9,6;8,2;4,4;3,6;78;71;75;283;12,1;7;
2026/06/23;1500 UTC;0;1014,7;1015;1014,4;1675,8;10,1;4,2;10,7;9,5;5,1;3,7;74;67;70;268;12,7;7,9;
2026/06/23;1600 UTC;0;1014,4;1014,6;1014,2;1292,1;10,5;3,8;11,2;10,2;4,5;3,3;71;63;66;261;11,3;6,2;
2026/06/23;1700 UTC;0;1014,1;1014,2;1013,8;1153,2;10,7;3,8;11,3;10,1;4,4;3,2;70;63;66;261;11,5;6,8;
2026/06/23;1800 UTC;0;1014,1;1014,4;1013,9;1051,8;10,9;3,6;11,5;10,2;4,1;3,1;67;61;64;252;10,5;6,3;
2026/06/23;1900 UTC;0;1014,5;1014,6;1014,2;565,9;10,4;3,4;10,9;10,2;4;3;68;62;65;245;9,8;5,6;
2026/06/23;2000 UTC;0;1014,8;1015,2;1014,4;211,2;9,8;3,4;10,7;9,2;3,6;3,3;71;64;68;281;5,4;3,3;
2026/06/23;2100 UTC;0;1015,3;1015,7;1015,2;27,1;9,3;2,8;9,8;8,3;3,7;2,1;71;65;67;284;5,9;3,1;
2026/06/23;2200 UTC;0;1016,1;1016,5;1015,6;0;7,8;1,8;8,4;6,8;2,1;1,7;75;67;70;284;3,7;2,3;
2026/06/23;2300 UTC;0;1016,9;1017,4;1016,5;0;6,5;1,8;6,9;6,1;1,9;1,7;79;75;76;318;5;3,3;
2026/06/24;0000 UTC;0;1017,7;1017,9;1017,4;0;6,2;1,7;6,5;6;1,9;1,6;79;76;78;305;4,7;3,2;
2026/06/24;0100 UTC;0;1017,9;1018;1017,9;0;5,8;1,4;6,3;5,3;1,6;1,3;81;75;78;307;4,4;3,3;
2026/06/24;0200 UTC;0;1018;1018,1;1017,9;0;5,3;1,2;5,7;5;1,4;1,1;81;78;80;307;5,4;3,8;
2026/06/24;0300 UTC;0;1018;1018,2;1017,8;0;4,8;1;5,1;4,4;1,1;,9;83;80;81;308;5,4;3,8;
2026/06/24;0400 UTC;0;1017,5;1017,7;1017,3;0;4,5;,8;4,6;4,3;,9;,7;82;81;82;302;5,8;3,9;
2026/06/24;0500 UTC;0;1017,1;1017,3;1017;0;4,1;,7;4,5;3,8;,9;,6;84;81;83;304;5,7;3,8;
2026/06/24;0600 UTC;0;1016,9;1017,1;1016,7;0;3,9;,7;4,1;3,7;,8;,6;85;83;84;296;5,8;3,7;
2026/06/24;0700 UTC;0;1016,6;1016,9;1016,5;0;3,9;,6;4,1;3,2;,7;,3;86;83;84;308;6,6;4,6;
2026/06/24;0800 UTC;0;1016,6;1016,9;1016,3;0;3,4;,4;4,1;2,9;,5;,3;87;82;85;283;5,6;3,8;
2026/06/24;0900 UTC;0;1016,6;1017;1016,4;0;3,6;,3;3,8;3,3;,4;,1;85;82;83;297;6,2;3,7;
2026/06/24;1000 UTC;0;1017,4;1017,9;1016,9;0;3,1;,1;3,9;1,9;,3;-,1;90;82;85;317;6,5;4,6;
2026/06/24;1100 UTC;0;1017,9;1018,1;1017,8;10,2;2,2;-,1;2,5;1,8;,1;-,2;91;87;89;313;6;4,3;
2026/06/24;1200 UTC;0;1018,2;1018,2;1018,1;361,9;3,2;0;4,6;2,5;,4;-,3;87;79;84;308;5,5;3,8;
2026/06/24;1300 UTC;0;1018,2;1018,3;1018,1;1001,2;5,7;1,1;6,9;4,6;1,8;,4;80;73;77;307;6,7;4,6;
2026/06/24;1400 UTC;0;1018,2;1018,3;1018,1;1532,1;8;2,4;9,3;6,9;3,5;1,5;75;69;72;292;5,9;3,6;
2026/06/24;1500 UTC;0;1017,9;1018,2;1017,6;1839,8;10,3;3,7;11,2;9,4;4,3;3,3;71;61;67;295;6,1;3,9;
2026/06/24;1600 UTC;0;1017,1;1017,6;1016,6;1990,6;11,8;3,6;12,4;11;4,2;3,1;63;55;59;299;9,2;4,7;
2026/06/24;1700 UTC;0;1016,4;1016,7;1016;1766,3;12,4;3,2;12,7;11,7;4;2,5;57;52;54;272;8;4,8;
2026/06/24;1800 UTC;0;1016;1016,1;1015,9;1568,3;12,5;3,5;12,9;12;4,2;3;58;53;55;294;9;4,7;
2026/06/24;1900 UTC;0;1016;1016,1;1015,8;1017,3;12,3;3,9;13,4;11,2;4,5;3,4;63;52;58;266;5,8;3,3;
2026/06/24;2000 UTC;0;1016,3;1016,8;1016;321,8;11,1;3,6;12,1;10,3;3,8;3,3;68;57;62;280;4,5;2,5;
2026/06/24;2100 UTC;0;1017;1017,2;1016,8;18,6;9,3;3,4;10,3;8,1;3,8;3,1;75;67;71;265;3,5;2;
2026/06/24;2200 UTC;0;1017,4;1017,8;1016,9;0;7,5;2,9;8,1;6,9;3,1;2,7;80;75;77;284;3,8;2,7;
2026/06/24;2300 UTC;0;1018;1018,4;1017,8;0;6,3;2,8;6,8;5,8;2,9;2,7;85;80;82;294;3,6;2,6;
2026/06/25;0000 UTC;0;1018,8;1019;1018,3;0;5,9;2,7;6,3;5,6;2,7;2,5;85;82;84;290;3,3;2,4;
2026/06/25;0100 UTC;0;1019,2;1019,5;1018,9;0;6,1;2,8;6,3;5,9;3;2,6;85;82;84;301;3,2;2,1;
2026/06/25;0200 UTC;0;1019,3;1019,6;1019,1;0;6,5;2,8;6,7;6,3;2,9;2,6;83;80;82;290;2,7;1,7;
2026/06/25;0300 UTC;0;1019,3;1019,6;1019,1;0;5,6;2,5;6,4;4,8;2,6;2,2;87;81;84;309;3,4;2,8;
2026/06/25;0400 UTC;0;1019,7;1019,9;1019,5;0;4,9;2,2;5,1;4,6;2,5;2;88;86;87;308;4,3;3,1;
2026/06/25;0500 UTC;0;1020;1020,2;1019,9;0;4,9;2,2;5,4;4,4;2,5;2;88;85;87;313;4,8;3,4;
2026/06/25;0600 UTC;0;1020,4;1020,6;1020,2;0;4,8;2,4;5,3;4,4;2,5;2,1;89;86;88;312;4,6;3,1;
2026/06/25;0700 UTC;0;1020,7;1021;1020,5;0;4,2;2,2;4,5;4;2,3;2;90;89;90;311;4,3;3,4;
2026/06/25;0800 UTC;0;1021;1021,3;1020,9;0;3,8;2;3,9;3,7;2,2;1,9;92;90;91;312;5,1;3,9;
2026/06/25;0900 UTC;0;1021,3;1021,6;1021,1;0;3;1,7;3,7;2,7;2,1;1,5;95;92;94;318;4,2;3,3;
2026/06/25;1000 UTC;0;1021,7;1021,9;1021,5;0;3,4;2,2;4;2,9;2,6;1,9;95;93;94;328;4,4;3,2;
2026/06/25;1100 UTC;0;1022,1;1022,4;1021,7;7,7;4,6;2,6;5,2;4;2,7;2,5;93;88;90;315;4,3;3;
2026/06/25;1200 UTC;0;1022,5;1022,6;1022,3;289,1;6;2,9;6,9;5,2;3,3;2,7;87;81;84;320;6,8;4,4;
2026/06/25;1300 UTC;0;1022,6;1022,7;1022,4;902,7;8,2;3,8;9,1;6,9;4,2;3,2;82;74;78;317;7,5;5,1;
2026/06/25;1400 UTC;0;1022,4;1022,7;1022,1;1383,8;10,4;4,4;11,6;9,2;4,9;3,8;76;65;70;320;8,6;5,2;
2026/06/25;1500 UTC;0;1021,6;1022,3;1021,2;1342,1;11,9;4,9;12,7;11;5,6;4,2;69;61;65;331;8;4,9;
2026/06/25;1600 UTC;0;1020,6;1021,1;1020,4;1574,9;12,5;5,2;13,6;11,8;6;4,6;66;59;63;325;9,8;6;
2026/06/25;1700 UTC;0;1019,9;1020,3;1019,6;1507,9;13,3;5,6;14;12,5;6,1;4,9;64;58;61;332;7,7;5;
2026/06/25;1800 UTC;0;1019,3;1019,7;1019,1;860,1;13,2;5,5;14,3;12,7;5,8;5,1;65;56;61;328;8,4;4,6;
2026/06/25;1900 UTC;0;1018,7;1019,1;1018,3;967,6;14,7;5,7;15,2;14;6,3;5,3;58;52;55;318;7,4;4,5;
2026/06/25;2000 UTC;0;1018,2;1018,3;1018,1;199,2;14;5,4;14,1;13,9;5,6;5,3;59;56;57;333;7,6;4,5;
2026/06/25;2100 UTC;0;1018,2;1018,3;1018,1;20,2;13,7;5,7;13,9;13,6;6;5,5;62;58;60;335;6,3;3,7;
2026/06/25;2200 UTC;0;1018;1018,3;1017,9;,1;13,4;6,8;13,9;13,2;7,1;6;69;61;67;334;7,9;4,5;
2026/06/25;2300 UTC;0;1018,3;1018,6;1017,9;0;13;7;13,3;12,3;7,3;6,8;74;68;70;316;7;4,2;
2026/06/26;0000 UTC;0;1018,9;1019,2;1018,5;0;12,1;7,1;12,3;11,8;7,2;7;77;74;75;304;6;3,4;
2026/06/26;0100 UTC;0;1019,7;1020,1;1019,2;0;11,1;6,5;11,7;9,8;7,1;6;81;74;77;242;8,1;4,1;
2026/06/26;0200 UTC;0;1020,5;1020,8;1020,1;0;8,5;5,8;9,8;7,5;6,1;5,6;91;81;87;288;3,1;2,3;
2026/06/26;0300 UTC;0;1020,9;1021,2;1020,7;0;6,8;4,8;7,6;6,3;5,7;3,9;91;88;90;303;3,8;2,6;
2026/06/26;0400 UTC;0;1021,3;1021,5;1021,2;0;6,2;3,4;6,5;6;3,8;3,1;87;84;86;303;5,2;3,3;
2026/06/26;0500 UTC;0;1021,5;1021,6;1021,4;0;5,7;3,2;6,2;5,3;3,3;2,9;89;84;87;313;4,7;3,6;
2026/06/26;0600 UTC;0;1021,4;1021,6;1021,3;0;4,8;3;5,3;4,4;3,1;2,9;93;89;91;314;5,4;4;
2026/06/26;0700 UTC;0;1021,6;1021,8;1021,4;0;4,3;2,9;4,6;4,1;3,1;2,7;94;92;93;315;5,2;3,8;
2026/06/26;0800 UTC;0;1021,6;1021,8;1021,5;0;3,7;2,5;4,1;3,5;2,8;2,3;94;93;94;310;5,4;3,9;
2026/06/26;0900 UTC;0;1021,8;1022,1;1021,6;0;3,2;2,1;3,5;2,9;2,4;1,9;95;94;95;317;5,4;4,3;
2026/06/26;1000 UTC;0;1022,6;1023;1022,2;0;2,9;2;3;2,7;2,2;1,8;96;95;96;315;5,4;4,1;
2026/06/26;1100 UTC;0;1023,3;1023,6;1022,9;13,2;2,8;2;3;2,7;2,1;1,9;96;95;96;305;5,2;3,9;
2026/06/26;1200 UTC;0;1023,9;1024,2;1023,6;388,8;4,2;2,7;5,3;3;3,1;2,1;96;89;92;291;4,9;3,3;
2026/06/26;1300 UTC;0;1024,4;1024,8;1024,1;1021,2;6,4;3,7;7,6;5,3;4,7;3,1;89;83;86;295;4,9;3,3;
2026/06/26;1400 UTC;0;1024,9;1025,1;1024,7;1545,7;9,1;4,9;10,7;7,7;5,8;4,3;84;71;79;293;3,6;2,3;
2026/06/26;1500 UTC;0;1024,6;1024,8;1024,4;1861,3;11,6;4,8;12,4;10,5;5,5;4,2;74;60;66;225;3,5;1,8;
2026/06/26;1600 UTC;0;1024,2;1024,4;1023,9;1993,5;13,4;5,7;14,1;12,3;6,7;4,2;65;58;61;147;3,3;2,3;
2026/06/26;1700 UTC;0;1023,6;1023,9;1023,4;1875;12,4;5,6;13,3;11,9;6;5;68;63;66;129;3,9;3,2;
2026/06/26;1800 UTC;0;1023,4;1023,6;1023,3;1597,4;12,1;5,3;12,5;11,8;5,7;4,9;67;64;66;111;3,3;2,5;
2026/06/26;1900 UTC;0;1023,4;1023,5;1023,3;1126,7;12,3;5,5;12,6;11,9;5,8;5,2;68;63;66;99;3,3;2,5;
2026/06/26;2000 UTC;0;1023,5;1023,6;1023,4;512,5;11,7;5,5;12,3;10,7;5,9;5,1;73;66;69;63;3,6;2,8;
2026/06/26;2100 UTC;0;1023,7;1023,9;1023,4;48,3;9,8;5,2;10,7;8,8;5,4;5,1;82;73;77;34;4;2,9;
2026/06/26;2200 UTC;0;1023,8;1024,1;1023,6;0;8,4;5;8,8;7,7;5,1;4,8;86;81;83;15;3,2;2,5;
2026/06/26;2300 UTC;0;1024,5;1024,7;1024,2;0;7,6;4,8;8;7,3;5,1;4,6;87;84;86;18;3,8;3,1;
2026/06/27;0000 UTC;0;1024,5;1024,6;1024,3;0;7,5;4,9;7,7;7,2;5,3;4,6;88;87;87;18;4,2;3,2;
2026/06/27;0100 UTC;0;1024,3;1024,5;1024,1;0;7,6;5,3;7,8;7,4;5,5;5,1;89;87;88;17;3,8;2,9;
2026/06/27;0200 UTC;0;1024,4;1024,6;1024,3;0;7,2;5,1;7,5;6,6;5,3;4,9;92;88;89;63;3,5;2,8;
2026/06/27;0300 UTC;0;1024,6;1024,7;1024,4;0;6,4;5;6,6;6,2;5,2;4,8;94;92;93;345;3,8;2,6;
2026/06/27;0400 UTC;0;1024,6;1024,6;1024,5;0;6,1;4,9;6,3;5,9;5,1;4,6;95;93;94;337;2,6;2;
2026/06/27;0500 UTC;0;1024,3;1024,6;1024,2;0;5,7;4,7;6;5,5;5;4,5;96;94;95;331;3,3;2,6;
2026/06/27;0600 UTC;0;1024;1024,3;1023,7;0;5,7;4,8;5,9;5,5;4,9;4,4;96;95;95;340;3,3;2,7;
2026/06/27;0700 UTC;0;1023,6;1023,7;1023,3;0;6,3;5,5;6,6;5,8;5,9;4,9;97;95;96;342;3,9;3;
2026/06/27;0800 UTC;0;1023,1;1023,3;1023;0;6,5;6;6,6;6,3;6,3;5,7;98;97;97;345;2,3;1,7;
2026/06/27;0900 UTC;0;1023;1023,1;1022,9;0;6,3;6;6,5;6;6,3;5,5;99;97;98;352;3;2,5;
2026/06/27;1000 UTC;0;1023,3;1023,6;1023,1;0;6,5;6,4;7,2;6,2;7,1;6;100;99;99;334;3,2;2,3;
2026/06/27;1100 UTC;0;1023,7;1023,9;1023,4;16,2;7,3;7,2;7,5;6,9;7,4;6,8;100;99;100;326;1,9;1,4;
2026/06/27;1200 UTC;0;1024;1024,1;1023,8;232,2;6,8;6,7;6,9;6,7;6,8;6,6;100;99;99;261;2,5;1,7;
2026/06/27;1300 UTC;0;1024;1024,1;1023,9;566,9;7,3;7,2;8,2;6,8;8,1;6,7;100;99;99;289;2,7;1,7;
2026/06/27;1400 UTC;0;1024,1;1024,2;1024;1349,9;9,8;9,5;11,3;8,3;10,8;8,1;99;97;98;284;3,4;1,6;
2026/06/27;1500 UTC;0;1023,9;1024,1;1023,6;1798,3;12;10,6;12,5;11,4;11,7;9,5;97;90;93;127;3,8;3,2;
2026/06/27;1600 UTC;0;1023,1;1023,6;1022,5;1687;11,7;9,7;12,4;11,3;10,1;9,2;92;87;90;129;2,9;2,2;
2026/06/27;1700 UTC;0;1022,1;1022,5;1021,7;1631,8;12,2;10;13,2;11,3;10,7;9,4;91;87;89;157;1,8;1,2;
2026/06/27;1800 UTC;0;1021,3;1021,7;1021;1595,7;14,2;10,4;14,9;13,3;10,9;10,1;87;78;81;65;6;4,2;
2026/06/27;1900 UTC;0;1020,7;1021;1020,4;1123,8;13,8;10,7;14,2;13,4;11,2;10,1;89;80;84;58;7,9;5,8;
2026/06/27;2000 UTC;0;1020,5;1020,5;1020,3;518,8;13,1;11,1;13,4;12,7;11,2;10,9;92;88;90;55;6,5;4,8;
2026/06/27;2100 UTC;0;1020,2;1020,3;1020;50,3;12,3;11,2;12,7;12,1;11,4;11;96;92;95;40;6,7;4,1;
2026/06/27;2200 UTC;0;1020,3;1020,7;1020,1;0;11,8;11,2;12,1;11,6;11,4;11;98;96;97;35;4,7;3,2;
2026/06/27;2300 UTC;0;1020,8;1020,9;1020,7;0;11,4;11;11,6;11,1;11,3;10,7;99;97;98;47;3,5;2,5;
2026/06/28;0000 UTC;0;1020,6;1020,8;1020;0;11,7;11,5;11,8;11,5;11,7;11,3;99;99;99;61;4;2,6;
2026/06/28;0100 UTC;0;1019,8;1020;1019,6;0;12;11,8;12,2;11,7;12;11,5;99;98;99;53;3,7;2,2;
2026/06/28;0200 UTC;0;1019,7;1019,8;1019,6;0;12,1;11,7;12,3;11,9;11,9;11,5;99;97;98;34;3,6;2;
2026/06/28;0300 UTC;,2;1019;1019,5;1018,6;0;12,3;11,8;12,5;12,1;12;11,6;98;97;98;57;3,2;2,3;
2026/06/28;0400 UTC;0;1018,3;1018,6;1017,9;0;12,6;12,1;12,7;12,5;12,2;12;98;97;97;65;3,6;2,3;
2026/06/28;0500 UTC;0;1017,6;1018;1017,1;0;12,8;12,2;12,8;12,7;12,3;12,2;97;97;97;70;1,6;1,2;
2026/06/28;0600 UTC;0;1017;1017,2;1016,8;0;12,7;12,2;12,8;12,5;12,4;11,9;98;97;98;88;1,3;,8;
2026/06/28;0700 UTC;0;1016,7;1017;1016,2;0;12,8;12,4;12,9;12,7;12,6;12,3;98;98;98;51;2,3;1,6;
2026/06/28;0800 UTC;0;1015,5;1016,2;1015;0;12,6;12,2;12,9;12,5;12,5;12,1;98;98;98;64;1,9;1,2;
2026/06/28;0900 UTC;0;1015,2;1015,4;1015;0;12,6;12,2;12,6;12,6;12,2;12,1;98;98;98;26;1,4;1;
2026/06/28;1000 UTC;0;1015,3;1015,4;1015,1;0;12,4;12,1;12,6;12,3;12,2;11,9;98;98;98;219;2,4;1,4;
2026/06/28;1100 UTC;0;1015;1015,4;1014,7;3,4;12,5;12,2;12,6;12,3;12,3;11,9;99;98;99;212;5,3;3,8;
2026/06/28;1200 UTC;0;1016;1016,4;1015,5;50,5;12,7;12,4;12,7;12,5;12,5;12,3;99;99;99;197;3,1;1,7;
2026/06/28;1300 UTC;0;1016,2;1016,4;1015,9;287;12,9;12,6;13,3;12,7;13,1;12,4;99;99;99;241;,7;,4;
2026/06/28;1400 UTC;0;1015,5;1016,1;1014,8;752,3;13,9;13,4;14,7;13,3;14,2;13;99;97;98;188;3,6;2,7;
2026/06/28;1500 UTC;0;1014,5;1014,8;1014,4;501,8;13,6;13;13,8;13,2;13,3;12,6;98;96;97;209;2,6;1,6;
2026/06/28;1600 UTC;0;1014;1014,5;1013,5;471,3;13,3;12,6;13,7;13,1;12,9;12,5;98;94;96;265;4,4;2,5;
2026/06/28;1700 UTC;0;1012,7;1013,5;1012,3;431,9;13,9;12,5;14,1;13,7;12,6;12,3;94;92;93;246;3,8;2,2;
2026/06/28;1800 UTC;0;1012,4;1012,5;1012,4;330;14,3;12,1;14,4;14;12,4;12;92;88;89;289;4,9;2,8;
2026/06/28;1900 UTC;0;1012,4;1012,6;1012,3;243,1;14,3;12,2;14,5;14,2;12,3;12;90;89;89;261;5,4;3,1;
2026/06/28;2000 UTC;0;1012,6;1013,1;1012,3;128,3;14,5;12,3;14,6;14,5;12,6;12;90;87;89;238;5,8;3,2;
2026/06/28;2100 UTC;0;1013,4;1013,8;1013;13,1;14;11,2;14,6;13,1;12;10,3;87;84;86;205;13;10,2;
2026/06/28;2200 UTC;0;1014,4;1014,8;1013,9;0;12,7;9,9;13,1;12,5;10,6;9;88;83;86;221;10,4;7;
2026/06/28;2300 UTC;0;1014,9;1015,1;1014,5;0;12,4;9,3;12,5;12,3;9,6;8,6;86;80;84;204;12,1;9,9;
2026/06/29;0000 UTC;0;1015,3;1015,7;1014,9;0;11,6;9,1;12,3;10,7;9,8;8,8;90;86;88;245;6,6;3,4;
2026/06/29;0100 UTC;0;1016,1;1016,4;1015,7;0;10,3;8,9;10,6;10,1;9,1;8,6;95;91;93;229;8,5;4,9;
2026/06/29;0200 UTC;0;1016,7;1017,2;1016,2;0;9,8;8,3;10,3;9,1;8,5;8;94;91;92;253;6;3,2;
2026/06/29;0300 UTC;0;1017,7;1018,4;1017,2;0;8,5;7,5;9,1;8;8;6,9;96;94;95;289;6,1;3,2;
2026/06/29;0400 UTC;0;1018,7;1019;1018,4;0;8;6,7;8,1;7,8;6,9;6,5;95;93;94;274;5,8;3,9;
2026/06/29;0500 UTC;0;1018,9;1019;1018,8;0;7,3;6,1;7,8;6,9;6,5;5,9;95;93;94;275;5,4;3,7;
2026/06/29;0600 UTC;0;1019;1019;1018,8;0;6,4;5,5;6,9;5,8;5,8;5,1;97;95;96;273;4,9;3,2;
2026/06/29;0700 UTC;0;1019,4;1019,7;1019;0;5,5;4,9;5,8;5;5,2;4,6;98;97;97;285;5,5;4,1;
2026/06/29;0800 UTC;0;1019,6;1019,7;1019,5;0;4,8;4,5;5,1;4,7;4,6;4,3;99;98;98;274;4,9;3,5;
2026/06/29;0900 UTC;0;1019,6;1019,7;1019,4;0;4,6;4,3;4,8;4,4;4,5;4,1;99;98;99;268;5,1;2,8;
2026/06/29;1000 UTC;0;1020;1020,5;1019,5;0;4,2;3,9;4,5;3,5;4,3;3,3;99;99;99;299;4,7;3,4;
2026/06/29;1100 UTC;0;1020,8;1021,1;1020,5;16,1;3,3;3,1;3,5;3,1;3,3;2,9;100;99;99;292;5,7;4,1;
2026/06/29;1200 UTC;0;1021,3;1021,4;1021,1;454,2;4;3,7;5,1;3,4;4,7;3,1;99;98;98;300;5,6;3,8;
2026/06/29;1300 UTC;0;1021,5;1021,9;1021,2;796,1;6,2;5,5;6,7;5,1;6,2;4,7;98;96;97;287;6,3;4,2;
2026/06/29;1400 UTC;0;1021,7;1021,9;1021,6;0;7,5;6,9;8,6;6,7;7,9;6,2;98;95;97;289;5,8;3,7;
2026/06/29;1500 UTC;0;1021,7;1021,8;1021,6;1920,3;9,3;7,8;10,2;8,3;8,1;7,4;96;88;92;267;5,9;3,3;
2026/06/29;1600 UTC;0;1021,3;1021,6;1020,8;2048,9;10,8;8;12,2;9,8;8,6;7,3;91;78;86;284;4,3;3;
2026/06/29;1700 UTC;0;1020,6;1020,8;1020,2;1911,7;12,9;7,8;13,7;12,2;8,3;7,3;79;70;74;307;5;3,2;
2026/06/29;1800 UTC;0;1020,2;1020,3;1020;1303,5;13;7;13,9;12;7,9;6,3;74;66;70;309;4,9;3,2;
2026/06/29;1900 UTC;0;1020,3;1020,4;1020,1;621,3;12,1;6,8;12,3;11,9;7,2;6,3;75;72;74;307;4;2,1;
2026/06/29;2000 UTC;0;1020,3;1020,4;1020,2;259,5;11,5;6,2;11,9;11;6,6;5,7;75;71;73;307;4,1;2,6;
2026/06/29;2100 UTC;0;1020,3;1020,5;1020,1;26,8;10,5;6;11;9,9;6,7;5,7;84;73;77;323;3,3;2,3;
2026/06/29;2200 UTC;0;1020,7;1020,9;1020,6;0;9,5;6,7;9,8;9,3;6,9;6,4;87;84;86;323;3,8;2,9;
2026/06/29;2300 UTC;0;1021,1;1021,4;1020,8;0;9,1;6,7;9,3;9;6,8;6,5;89;86;88;317;4,6;3,6;
2026/06/30;0000 UTC;0;1021,6;1021,7;1021,4;0;9,4;6,2;9,7;9,1;6,6;5,7;87;81;84;290;4,2;2,9;
2026/06/30;0100 UTC;0;1021,7;1021,8;1021,6;0;9;5,2;9,5;8,6;6,1;4,4;87;75;81;292;5,1;3,5;
2026/06/30;0200 UTC;0;1021,7;1021,9;1021,6;0;9;4,4;9,3;8,8;4,5;4,3;78;75;77;288;5,3;3,5;
2026/06/30;0300 UTC;0;1021,8;1021,9;1021,6;0;8,5;4,5;9,1;7,9;4,6;4,5;83;77;80;275;5,1;3,1;
2026/06/30;0400 UTC;0;1021,8;1021,9;1021,7;0;7,3;4,6;7,9;6,7;4,9;4,5;90;83;87;265;4,7;2,9;
2026/06/30;0500 UTC;0;1021,7;1021,8;1021,6;0;6,6;4,8;6,9;6,4;4,9;4,7;92;90;91;277;4,5;3,2;
2026/06/30;0600 UTC;0;1021,7;1021,8;1021,7;0;6;4,6;6,4;5,2;4,8;4,1;95;92;93;302;3,4;2,4;
2026/06/30;0700 UTC;0;1021,7;1021,8;1021,5;0;4,8;4;5,2;4,4;4,2;3,7;97;95;96;307;3;2,6;
2026/06/30;0800 UTC;0;1021,4;1021,5;1021,2;0;4,8;4,3;5;4,4;4,5;3,9;98;97;98;278;3,3;2,7;
2026/06/30;0900 UTC;0;1021,1;1021,2;1021,1;0;4,2;3,8;4,7;3,6;4,3;3,3;99;98;98;286;3,1;2,3;
2026/06/30;1000 UTC;0;1021,2;1021,3;1021,1;0;3,6;3,3;3,9;3;3,7;2,7;99;98;99;241;2,5;1,9;
2026/06/30;1100 UTC;0;1021,5;1021,7;1021,3;12,7;2,4;2,1;3,3;1,6;3,1;1,2;100;98;99;218;2;1,5;
2026/06/30;1200 UTC;0;1021,8;1021,9;1021,7;324,4;4,9;4,6;7,7;2;7,3;1,8;100;98;98;217;1,8;,8;
2026/06/30;1300 UTC;0;1022,2;1022,4;1021,9;936,2;9,6;8,7;11,5;7,8;9,9;7,3;98;92;96;156;3,7;2,8;
2026/06/30;1400 UTC;0;1022,2;1022,4;1022,1;1501,6;12,2;8,9;12,5;11,6;9,9;8;92;78;84;136;5;4,1;
2026/06/30;1500 UTC;0;1022;1022,1;1021,8;1859,2;12,8;8,2;13,1;12,5;8,4;8;79;75;77;133;4,8;4,2;
2026/06/30;1600 UTC;0;1021,6;1021,9;1021,1;2012,6;13,3;8,2;13,5;13,1;8,5;7,7;77;72;75;127;5,1;4;
2026/06/30;1700 UTC;0;1020,8;1021,1;1020,6;1903,1;13,6;8;13,9;13,2;8,4;7,8;74;70;72;117;4;3,1;
2026/06/30;1800 UTC;0;1020,3;1020,6;1020;1637,2;14;7,4;14,2;13,6;8;7,1;71;65;67;93;5,7;4,1;
2026/06/30;1900 UTC;0;1019,5;1020;1019,2;1137,2;13,3;7,3;13,7;12,9;7,6;6,8;72;68;70;93;5,8;4,5;
2026/06/30;2000 UTC;0;1019,2;1019,3;1019,1;521,6;12,4;6,7;13;11,8;7,2;6,2;73;70;71;89;5,8;4,2;
2026/06/30;2100 UTC;0;1019,2;1019,3;1019,1;51,2;11,1;5,9;11,8;10,7;6,5;5,5;77;72;74;83;5,4;4;
2026/06/30;2200 UTC;0;1018,8;1019,1;1018,7;0;10,8;5,9;10,9;10,7;6,2;5,6;77;74;75;85;7;4,7;
2026/06/30;2300 UTC;0;1018,8;1018,9;1018,7;0;10,8;6,1;10,9;10,6;6,4;5,7;78;74;77;113;6,3;5;
2026/07/01;0000 UTC;0;1019,7;1020,2;1018,8;0;10,4;6,4;10,8;9,1;6,9;5,8;84;78;80;115;3,1;2,4;
2026/07/01;0100 UTC;0;1019,9;1020;1019,8;0;9,4;6,9;9,7;8,7;7,4;5,9;89;86;88;126;3,1;2,5;
2026/07/01;0200 UTC;0;1019,7;1019,9;1019,5;0;8,7;6,8;9,9;6,8;8,3;4,6;97;86;90;125;3,5;2,5;
2026/07/01;0300 UTC;0;1020;1020,1;1019,9;0;9,5;7,8;10,6;7,3;8,9;5;95;87;91;155;4,1;3,3;
2026/07/01;0400 UTC;0;1020;1020,1;1019,9;0;11;8,9;11,2;10,5;9,1;8,7;91;89;90;162;5,3;4,1;
2026/07/01;0500 UTC;0;1019,8;1020;1019,6;0;11,1;8,7;11,2;10,9;9;8,5;89;88;88;158;5,3;4,5;
2026/07/01;0600 UTC;0;1019,4;1019,7;1019;0;11,2;8,9;11,5;10,8;9,3;8,6;89;88;89;148;5,2;4,4;
2026/07/01;0700 UTC;0;1018,7;1019;1018,5;0;11,4;9,4;11,5;11,3;9,5;9,2;91;89;90;141;6,3;5,3;
2026/07/01;0800 UTC;0;1018,5;1018,7;1018,3;0;11,2;9,3;11,4;11,1;9,4;9,1;91;90;90;150;7,3;5,8;
2026/07/01;0900 UTC;0;1018,6;1019,1;1018,3;0;11,3;9,5;11,6;11,2;9,6;9,3;91;90;91;151;5,8;4,8;
2026/07/01;1000 UTC;0;1019,4;1019,7;1019,1;0;11,7;9,8;11,8;11,6;9,9;9,6;91;90;90;157;6,2;5,3;
2026/07/01;1100 UTC;0;1020;1020,2;1019,7;9;11,9;10;11,9;11,8;10,2;9,8;91;90;91;158;6,8;5,8;
2026/07/01;1200 UTC;0;1020,6;1021,1;1020,1;135,1;12,1;10,4;12,4;11,9;10,6;10,2;92;91;91;171;6,3;5,1;
2026/07/01;1300 UTC;0;1021,5;1021,9;1021,1;444,6;12,8;10,6;13;12,4;10,8;10,5;91;88;89;177;7,4;6,3;
2026/07/01;1400 UTC;0;1021,9;1022,2;1021,7;770,8;13,5;10,7;13,9;13;11,1;10,6;88;84;86;178;7,1;6;
2026/07/01;1500 UTC;0;1021,8;1022,1;1021,5;1252,2;14,4;10,8;15,5;13,7;11,2;10,5;85;76;82;177;7,8;6,3;
2026/07/01;1600 UTC;0;1021,1;1021,5;1020,9;2305;16,7;11,2;17,4;15,6;11,7;10,8;76;70;73;189;6,8;5,8;
2026/07/01;1700 UTC;0;1020,8;1020,9;1020,4;1023,4;14,5;10,6;15,8;13,9;10,9;10,1;82;76;81;185;9,3;7,3;
2026/07/01;1800 UTC;0;1020,4;1020,5;1020,2;880,2;13,9;10,1;14,8;13,5;10,4;9,7;83;77;81;182;9,7;7,7;
2026/07/01;1900 UTC;0;1020,7;1021;1020,3;396,2;13,2;9,5;14,1;12,4;10;8,8;84;79;82;177;10,1;8,5;
2026/07/01;2000 UTC;0;1021,3;1021,7;1021;110,2;12,3;8,9;12,5;12,2;9,2;8,6;84;82;83;177;10,1;7,9;
2026/07/01;2100 UTC;0;1022;1022,3;1021,7;8,3;12,1;8,2;12,2;12,1;8,7;7,6;83;77;80;172;11,2;9,7;
2026/07/01;2200 UTC;0;1022,5;1023;1021,9;0;12,2;8;12,3;12,2;8,5;7,7;81;78;79;159;8,3;6,6;
2026/07/01;2300 UTC;0;1023,2;1023,4;1022,9;0;12,2;8,2;12,3;12,1;8,6;7,7;82;78;80;171;10,8;8,6;
2026/07/02;0000 UTC;0;1023,9;1024,1;1023,4;0;12;7,6;12,2;11,9;8,1;7,2;80;77;78;168;10,7;8,8;
2026/07/02;0100 UTC;0;1024,2;1024,6;1023,9;0;11,7;8;11,9;11,6;8,5;7,6;84;79;82;177;12,3;9,7;
2026/07/02;0200 UTC;0;1024,8;1025,1;1024,5;0;11,6;7,9;11,7;11,5;8,4;7,6;84;80;82;175;11,5;9,9;
2026/07/02;0300 UTC;0;1025,3;1025,5;1025,1;0;11,7;7,8;11,8;11,6;8,2;7,4;82;78;80;174;10,7;9;
2026/07/02;0400 UTC;0;1024,9;1025,1;1024,6;0;11,6;7,8;11,7;11,5;8;7,4;82;80;81;173;11,5;9,6;
2026/07/02;0500 UTC;0;1025,3;1025,5;1024,7;0;11,5;7,4;11,5;11,5;7,8;7,2;81;79;80;177;10,9;9;
2026/07/02;0600 UTC;0;1025,3;1025,5;1025;0;11,4;8;11,6;11,1;8,5;7,1;85;78;83;180;13;11,1;
2026/07/02;0700 UTC;0;1025,3;1025,5;1025,1;0;10,9;7,8;11,1;10,7;8,3;7,3;86;83;84;182;13,1;10,8;
2026/07/02;0800 UTC;0;1025,5;1025,7;1025,3;0;10,6;7,2;10,8;10,4;7,7;6,8;85;82;83;181;13,2;10,8;
2026/07/02;0900 UTC;0;1025,8;1026,1;1025,4;0;10,3;6,8;10,4;10,2;7,1;6,5;83;81;82;184;12,7;10,2;
2026/07/02;1000 UTC;0;1026;1026,1;1025,7;0;10,1;6,4;10,2;10;6,7;6,1;83;80;81;187;15,1;12,2;
2026/07/02;1100 UTC;0;1026,2;1026,8;1025,6;3,7;9,9;5,9;10;9,8;6,7;5,2;83;77;80;187;14,6;11,4;
2026/07/02;1200 UTC;0;1027;1027,2;1026,7;126,4;9,6;4,9;9,9;9,3;5,5;4,3;79;73;77;187;13,9;11;
2026/07/02;1300 UTC;0;1027,4;1027,7;1027,1;491,8;10;4,6;10,2;9,8;5;4,2;75;71;73;190;14,2;11,5;
2026/07/02;1400 UTC;0;1028;1028,2;1027,7;1208,3;10,8;4,5;11,8;10,1;5,1;3,6;75;64;69;191;14,5;11,9;
2026/07/02;1500 UTC;0;1028,1;1028,3;1027,7;1656,3;11;3,9;11,9;10,1;4,7;3,3;71;61;65;191;15;12;
2026/07/02;1600 UTC;0;1027,4;1027,8;1027,1;2044;10,8;3,3;11,1;10,3;4,2;2,2;66;58;62;198;16,1;12,5;
2026/07/02;1700 UTC;0;1026,9;1027,2;1026,6;1929,1;10,7;3;11,3;10,2;3,9;2,1;66;58;61;196;15,2;12,2;
2026/07/02;1800 UTC;0;1026,4;1026,7;1026,2;1427,4;10,2;2,3;10,9;9,6;3,2;1,5;66;57;61;200;14,8;11,6;
2026/07/02;1900 UTC;0;1026,3;1026,4;1026,1;808,6;9,7;1,9;10,1;9,4;2,7;1,1;65;58;61;197;13,1;10,5;
2026/07/02;2000 UTC;0;1026,4;1026,8;1026,1;188,7;8,8;,6;9,3;8,4;1,7;-,2;63;57;59;219;12,1;7,7;
2026/07/02;2100 UTC;0;1026,8;1026,9;1026,6;13,9;8,2;0;8,4;8,1;,3;-,3;61;57;59;223;10,8;7;
2026/07/02;2200 UTC;0;1027;1027,3;1026,7;0;7,8;-,2;8,1;7,3;,4;-,6;64;57;60;226;11,2;7;
2026/07/02;2300 UTC;0;1027,4;1027,6;1027,2;0;6,6;0;7,3;5,5;,4;-,4;71;63;67;233;10,1;6,2;
2026/07/03;0000 UTC;0;1027,6;1027,7;1027,4;0;4,6;-,7;5,5;3,8;-,4;-,9;77;70;73;250;7,8;4,6;
2026/07/03;0100 UTC;0;1027,5;1027,7;1027,4;0;3,2;-1;3,8;2,4;-,7;-1,2;82;77;79;265;6,6;4,1;
2026/07/03;0200 UTC;0;;1027,6;1027,5;0;1,8;-1,3;2,3;1,5;-1;-1,5;86;82;84;254;7,4;4,9;
2026/07/03;0300 UTC;0;1027,4;1027,6;1026,8;0;1,7;-,9;2;1,1;-,7;-1;90;85;87;269;5,9;3,8;
2026/07/03;0400 UTC;0;1026,9;1027,2;1026,5;0;,9;-,7;1,1;,8;-,4;-,9;94;90;92;274;7,7;4,8;
2026/07/03;0500 UTC;0;1026,1;1026,5;1025,7;0;1,2;,1;1,7;,8;,5;-,4;95;94;94;272;8,6;5,5;
2026/07/03;0600 UTC;0;1025,6;1025,7;1025,3;0;1,6;,5;1,8;1,5;,7;,4;95;94;95;273;9,7;5,7;
2026/07/03;0700 UTC;0;1025,2;1025,4;1024,8;0;1,9;,5;2,1;1,8;,7;,3;94;92;93;272;10,7;6,1;
2026/07/03;0800 UTC;0;1024,3;1024,9;1023,8;0;2,4;,7;2,5;2,1;1;,5;92;91;92;279;9,5;5,9;
2026/07/03;0900 UTC;0;1023,7;1023,9;1023,6;0;2,5;1,1;2,9;2,3;1,6;,9;94;92;93;278;9,8;6;
2026/07/03;1000 UTC;,4;1023,9;1024,2;1023,7;0;3,8;2,3;4,3;3;3,1;1,6;94;92;93;255;10,8;5,8;
2026/07/03;1100 UTC;1,4;1024,3;1024,5;1024;4,6;5,3;4,5;6,8;4,2;6,2;3,1;98;95;96;232;10,5;6,8;
2026/07/03;1200 UTC;0;1024,7;1025;1024,3;137,3;7,2;6,5;7,6;6,8;6,9;6,1;97;96;97;250;8,9;5,3;
2026/07/03;1300 UTC;0;1025,2;1025,6;1024,8;335;7,9;7,2;8,3;7,6;7,6;6,9;97;96;97;236;9,2;5,6;
2026/07/03;1400 UTC;,2;1025,6;1025,8;1025,3;1048,8;9,3;7,9;10,5;8,3;8,4;7,5;96;87;93;225;10,7;7,3;
2026/07/03;1500 UTC;0;1025,6;1025,8;1025,4;1411,5;10,9;7,7;11,2;10,5;8,1;7,4;87;81;84;213;12,4;9,1;
2026/07/03;1600 UTC;0;1025,4;1025,7;1025;964,2;11,5;7,5;11,9;11,1;8;7,1;84;77;80;215;11,4;8,5;
2026/07/03;1700 UTC;0;1025,1;1025,2;1025;589,5;11,4;7,3;11,6;10,9;7,6;7,1;83;78;80;228;10,9;6,7;
2026/07/03;1800 UTC;0;1025,2;1025,3;1025,1;435,2;11,1;7,8;11,5;10,7;8,3;7,2;86;79;83;224;10,6;5,8;
2026/07/03;1900 UTC;,6;1025,5;1025,7;1025,3;349,9;10,4;8,9;11;10,1;9,4;8;96;85;92;235;9,5;5,9;
2026/07/03;2000 UTC;,2;1025,9;1026,1;1025,6;243,5;10,2;9,4;10,3;10;9,6;9,3;97;95;96;222;9;6;
2026/07/03;2100 UTC;0;1026,3;1026,5;1026,1;38,6;10,1;9,2;10,3;9,9;9,3;9,1;96;95;95;228;8,2;5,5;
2026/07/03;2200 UTC;0;1026,6;1026,8;1026,4;0;10;9,1;10,1;9,8;9,3;8,8;96;95;96;217;9,9;6,9;
2026/07/03;2300 UTC;0;1026,8;1027;1026,5;0;9,7;8,6;9,8;9,4;8,8;8,4;95;94;95;237;7;4,6;
2026/07/04;0000 UTC;0;1027,1;1027,2;1027;0;9,3;8,5;9,4;9,1;8,7;8,4;97;95;96;233;6,7;4,1;
2026/07/04;0100 UTC;0;1027;1027,1;1026,7;0;9,6;9,1;10,1;9,3;9,5;8,7;98;97;97;213;8,1;6;
2026/07/04;0200 UTC;,2;1026,5;1026,7;1026,4;0;10,3;9,7;10,5;10,1;9,8;9,5;97;96;97;195;12,4;9,3;
2026/07/04;0300 UTC;0;1026,6;1026,6;1026,5;0;10,5;9,7;10,6;10,3;9,9;9,6;97;96;96;194;11,7;9;
2026/07/04;0400 UTC;0;1026,6;1026,7;1026,5;0;10,4;9,2;10,6;10,2;9,7;8,8;96;92;94;206;10,8;7,7;
2026/07/04;0500 UTC;0;1026,8;1026,9;1026,6;0;10,1;8,4;10,4;9,8;8,8;8;92;91;91;221;8,8;5,8;
2026/07/04;0600 UTC;0;1026,8;1026,9;1026,6;0;9,7;7,8;9,8;9,4;8,1;7,2;92;88;90;219;8,7;5,5;
2026/07/04;0700 UTC;0;1026,5;1026,7;1026,3;0;9;7,5;9,3;8,9;7,8;7,1;94;89;92;210;10,8;8,2;
2026/07/04;0800 UTC;0;1026,2;1026,3;1026;0;8,7;7,2;9;8,2;7,7;6,5;94;91;93;233;6,9;4,5;
2026/07/04;0900 UTC;0;1026,3;1026,4;1026,1;0;7,4;6,2;8,2;6,9;6,5;5,9;96;91;94;247;5,6;3,7;
2026/07/04;1000 UTC;0;1026,2;1026,3;1026;0;6,7;6;6,9;6,3;6,2;5,6;97;96;96;235;6,5;4,1;
2026/07/04;1100 UTC;0;1026,5;1027;1026,1;7;7,3;6,5;7,7;6,8;6,8;6,1;97;96;96;242;5,4;3,3;
2026/07/04;1200 UTC;0;1027,1;1027,2;1026,9;198,4;8,1;6,8;8,9;7,6;6,9;6,7;96;90;94;219;6,4;4,5;
2026/07/04;1300 UTC;0;1027,4;1027,7;1027,2;669,2;9,6;6,9;10,3;8,9;7,4;6,6;90;84;86;210;8,8;6,8;
2026/07/04;1400 UTC;0;1027,7;1027,9;1027,4;1410;11,1;7,7;11,9;10,2;8,2;7,2;86;80;83;201;10,5;8,7;
2026/07/04;1500 UTC;0;1027,7;1027,9;1027,3;1848,4;12,1;8,4;12,6;11,6;9;7,9;83;80;81;194;10;8;
2026/07/04;1600 UTC;0;1026,7;1027,2;1026,1;1862,1;13;8,9;13,4;12,5;9,5;8,6;82;77;79;183;9,1;7,9;
2026/07/04;1700 UTC;0;1025,7;1026,1;1025,5;1615;12,5;8,7;13,3;11,4;9,2;8,1;86;77;81;175;10,5;8,8;
2026/07/04;1800 UTC;0;1025,3;1025,8;1024,9;1494,2;12,3;8,6;12,8;11,6;9;8,1;85;79;82;174;10,5;8,6;
2026/07/04;1900 UTC;0;1024,8;1025,1;1024,6;455,8;11,1;9;12,2;10,8;9,4;8,6;92;82;89;180;9,6;8;
2026/07/04;2000 UTC;0;1024,9;1025,1;1024,8;162,3;10,8;9,5;10,9;10,6;9,7;9,3;95;93;94;182;9,2;6,8;
2026/07/04;2100 UTC;0;1025;1025,2;1024,7;10;10,5;9,5;10,7;10,3;9,7;9,3;95;94;95;184;8,5;6,6;
2026/07/04;2200 UTC;0;1025,7;1026,3;1025,2;0;10,3;9,4;10,5;10;9,5;9,2;97;95;96;201;7,8;6,2;
2026/07/04;2300 UTC;0;1025,7;1026,2;1025,3;0;10;9,4;10,2;9,8;9,7;9,1;97;97;97;185;7;5,7;
2026/07/05;0000 UTC;0;1026,1;1026,3;1026;0;10,1;9,6;10,2;10;9,8;9,5;98;97;98;187;6,7;5,2;
2026/07/05;0100 UTC;0;1026;1026,3;1025,6;0;10,3;9,9;10,4;10,2;10,1;9,8;98;98;98;180;6,2;5,2;
2026/07/05;0200 UTC;0;1025,7;1025,9;1025,5;0;10,3;10;10,4;10,1;10,1;9,7;99;98;98;176;6,2;4,7;
2026/07/05;0300 UTC;0;1025,7;1025,8;1025,6;0;10,3;9,9;10,4;10,1;10,1;9,7;98;98;98;173;5,6;4,1;
2026/07/05;0400 UTC;0;1025,4;1025,7;1025,2;0;10,1;9,8;10,2;10;9,9;9,6;99;98;98;178;6,2;4,4;
2026/07/05;0500 UTC;0;1025,3;1025,4;1025,2;0;10,3;10;10,4;10,2;10,2;9,9;99;98;99;182;5,2;3,9;
2026/07/05;0600 UTC;0;1025;1025,2;1024,8;0;10,4;10,1;10,6;10,3;10,4;10;99;98;99;185;6,4;5;
2026/07/05;0700 UTC;0;1024,6;1024,8;1024,4;0;10,4;10,2;10,5;10,3;10,4;10;99;99;99;183;5,2;4;
2026/07/05;0800 UTC;0;1024,2;1024,5;1023,9;0;10,4;10,3;10,5;10,4;10,4;10,2;99;99;99;157;5,3;4,2;
2026/07/05;0900 UTC;0;1023,9;1024;1023,7;0;10,4;10,3;10,5;10,4;10,4;10,3;100;99;99;156;5,4;4,3;
2026/07/05;1000 UTC;0;1023,8;1024,1;1023,6;0;10,4;10,4;10,6;10,3;10,5;10,2;100;99;100;138;5,4;3,9;
2026/07/05;1100 UTC;0;1024,6;1024,8;1024,1;4,7;10,6;10,5;10,7;10,5;10,7;10,4;100;100;100;130;3,5;1,7;
2026/07/05;1200 UTC;0;1024,5;1024,7;1024;123,7;10,9;10,8;11,1;10,7;11;10,7;100;99;100;147;4,8;3,7;
2026/07/05;1300 UTC;0;1024,3;1024,4;1024;351,4;11,2;10,9;11,4;11;11,1;10,7;99;98;99;138;4,2;3,2;
2026/07/05;1400 UTC;0;1024,4;1024,6;1024,1;741,1;11,3;10,9;11,9;10,9;11,4;10,5;99;97;98;172;3,1;2,3;
2026/07/05;1500 UTC;0;1023,9;1024,2;1023,2;1290;12,3;11,4;12,8;11,8;11,8;10,7;98;93;95;177;5,4;4,4;
2026/07/05;1600 UTC;0;1022,8;1023,2;1022,5;1414,3;12,8;11;13,2;12,2;11,5;10,4;94;89;91;166;5,2;4,2;
2026/07/05;1700 UTC;0;1022;1022,5;1021,7;852,1;12,3;10,7;13,1;11,9;11,2;10,3;93;89;92;164;4,6;3,6;
2026/07/05;1800 UTC;0;1021,6;1021,8;1021,4;602,4;12,2;10,7;12,4;12;10,9;10,5;93;92;93;160;4;3,3;
2026/07/05;1900 UTC;0;1021,4;1021,5;1021,3;353,6;12,2;10,7;12,4;11,8;11;10,5;95;92;93;182;3,4;2,5;
2026/07/05;2000 UTC;0;1021,2;1021,5;1020,9;84;11,6;10,7;11,8;11,4;10,8;10,6;97;95;96;157;2,7;1,9;
2026/07/05;2100 UTC;,2;1020,7;1020,9;1020,4;5,7;11,4;10,9;11,4;11,3;11;10,7;98;97;98;162;4;3,2;
2026/07/05;2200 UTC;0;1020,2;1020,4;1020;0;11,5;11,2;11,6;11,3;11,4;11;99;98;99;152;4;3,2;
2026/07/05;2300 UTC;0;1019,6;1020;1019,3;0;11,6;11,5;11,7;11,6;11,6;11,4;99;99;99;152;3,3;2,8;
2026/07/06;0000 UTC;0;1019,3;1019,5;1018,9;0;11,8;11,7;11,9;11,7;11,8;11,6;100;99;99;113;3,2;2;
2026/07/06;0100 UTC;,2;1018,8;1019,1;1018,6;0;12;11,9;12,1;11,9;12;11,8;100;99;99;27;1,4;,7;
2026/07/06;0200 UTC;,4;1018,5;1018,6;1018,3;0;12,1;12;12,3;12;12,2;11,9;100;99;99;334;2,3;1,5;
2026/07/06;0300 UTC;,4;1018,2;1018,5;1018;0;12,3;12,2;12,3;12,3;12,2;12,2;100;99;99;321;4,1;2,5;
2026/07/06;0400 UTC;1,2;1017,9;1018,1;1017,6;,1;11,7;11,6;12,3;11,2;12,2;11,1;99;99;99;273;4,4;2,4;
2026/07/06;0500 UTC;,2;1017,5;1017,6;1017,1;0;11,1;11;11,2;11,1;11,1;11;100;99;100;285;4,8;3;
2026/07/06;0600 UTC;0;1017;1017,2;1016,8;0;11;10,8;11,1;10,8;11;10,6;100;99;99;278;7,8;4;
2026/07/06;0700 UTC;0;1016,9;1017,1;1016,8;0;10,2;9,9;10,8;9,4;10,6;9;99;98;99;285;7,3;3,7;
2026/07/06;0800 UTC;0;1016,7;1017;1016,5;0;9,5;9;9,6;9,4;9,1;8,9;98;97;98;277;8,9;5,1;
2026/07/06;0900 UTC;0;1016,7;1016,8;1016,5;0;9,3;8,2;9,6;8,6;8,9;7,2;96;92;94;265;6,8;4,2;
2026/07/06;1000 UTC;0;1016,7;1016,9;1016,5;0;8,2;7,1;8,6;7,9;7,3;6,9;95;93;94;282;5,8;3,7;
2026/07/06;1100 UTC;0;1017,2;1017,4;1016,8;12,3;7,8;6,9;8;7,6;7,1;6,7;96;95;96;281;6,5;4,1;
2026/07/06;1200 UTC;0;1017,6;1017,8;1017,3;273,6;8,6;7,1;9,1;8;7,2;7;95;90;92;279;8,9;5;
2026/07/06;1300 UTC;0;1018;1018,1;1017,7;446,2;9,2;7;9,4;9;7,3;6,7;90;86;89;274;9,9;5,2;
2026/07/06;1400 UTC;0;1018,3;1018,5;1018;1394;10,3;6,3;11,4;9,5;6,9;5,3;87;72;80;266;10,5;6,3;
2026/07/06;1500 UTC;0;1018,5;1018,6;1018,2;798,4;10,2;5,6;10,5;9,7;6,2;5;80;74;77;270;10,1;5,8;
2026/07/06;1600 UTC;0;1018,2;1018,5;1017,8;464,1;9,7;5,4;10,1;9,4;5,8;5;82;76;78;274;7,8;4;
2026/07/06;1700 UTC;0;1017,7;1017,9;1017,4;739;10,3;5,2;10,7;9,9;5,8;4,8;78;73;75;270;9,5;5,8;
2026/07/06;1800 UTC;0;1017,5;1017,6;1017,3;612,4;10,1;4,7;10,5;9,7;5,3;4;75;69;73;275;8,3;5,2;
2026/07/06;1900 UTC;0;1017,5;1017,8;1017,2;457,9;10;4,4;11,1;9,5;4,7;4;75;67;72;271;8,2;4,7;
2026/07/06;2000 UTC;0;1017,7;1017,8;1017,5;103,2;9,3;4,6;9,5;8,9;4,9;4,4;78;75;77;275;7,1;4,3;
2026/07/06;2100 UTC;0;1018,1;1018,3;1017,8;11,4;8,7;4,7;9;8,4;4,9;4,5;82;79;80;273;7;4,2;
2026/07/06;2200 UTC;0;1018,6;1018,9;1018,3;0;8,4;4,7;8,4;8,3;4,9;4,6;83;81;82;275;6,2;3,7;
2026/07/06;2300 UTC;0;1019,3;1019,7;1019;0;8,2;5;8,3;7,8;5,5;4,9;88;83;84;276;7,2;4,1;
2026/07/07;0000 UTC;0;1019,9;1020,1;1019,6;0;7,7;5,2;7,8;7,6;5,5;4,6;89;85;88;287;7;4;
2026/07/07;0100 UTC;0;1019,7;1019,9;1019,6;0;7,6;4,4;7,7;7,3;4,6;4,4;85;83;84;303;6,3;3,8;
2026/07/07;0200 UTC;0;1019,6;1019,7;1019,4;0;6,9;3,9;7,4;6,4;4,4;3,3;86;84;85;301;9,2;5,3;
2026/07/07;0300 UTC;0;1019,3;1019,6;1019;0;5,9;3;6,3;5,5;3,3;2,8;87;85;86;300;6,6;4;
2026/07/07;0400 UTC;0;1019,1;1019,3;1019;0;5,2;2,5;5,5;4,8;2,8;2,3;87;86;87;299;5,7;3,5;
2026/07/07;0500 UTC;0;1019;1019,1;1018,7;0;4,5;2,3;4,9;4,1;2,4;2,2;91;87;89;313;5,5;3,6;
2026/07/07;0600 UTC;0;1018,9;1019;1018,8;0;3,9;2,3;4,1;3,6;2,4;2,2;93;91;92;311;6;3,8;
2026/07/07;0700 UTC;0;1018,6;1019;1018,2;0;3,3;2,1;3,6;3;2,2;1,9;95;93;94;318;4,3;3,3;
2026/07/07;0800 UTC;0;1017,8;1018,2;1017,5;0;3,1;2,2;3,3;3;2,4;2;96;95;95;311;4,4;3,3;
2026/07/07;0900 UTC;0;1017,9;1018,1;1017,6;0;3,3;2,4;3,6;2,9;2,7;1,9;96;94;95;303;4,1;3,1;
2026/07/07;1000 UTC;0;1018,1;1018,2;1018;0;3;2,1;3,2;2,6;2,3;1,7;96;95;96;305;6,5;4,4;
2026/07/07;1100 UTC;0;1018,2;1018,5;1018,1;11,9;2,9;1,9;3,2;2,7;2,1;1,8;96;95;95;298;5,5;3,7;
2026/07/07;1200 UTC;0;1018,7;1018,9;1018,5;335,2;3,2;2;3,9;2,7;2,4;1,7;95;92;94;298;6,3;3,8;
2026/07/07;1300 UTC;0;1019,1;1019,2;1018,8;1265,4;4,9;2,9;5,9;3,9;3,5;2,3;92;87;90;298;7;4,9;
2026/07/07;1400 UTC;0;1019,3;1019,5;1019,1;1498,5;7;3,7;7,9;6;4,3;3,3;88;79;84;295;8,1;4,9;
2026/07/07;1500 UTC;0;1019,1;1019,3;1018,8;1887,7;9;3,8;9,8;7,8;4,4;3,3;81;68;74;274;9,1;5,8;
2026/07/07;1600 UTC;0;1018,3;1019;1017,7;2076,3;10,8;3,3;12,3;9,9;4,2;2,7;67;58;63;279;9,3;4,9;
2026/07/07;1700 UTC;0;1017,4;1017,8;1017,1;1975,9;12,5;3,4;12,8;12,1;4,1;2,4;59;49;54;283;10,2;6,2;
2026/07/07;1800 UTC;0;1017,1;1017,2;1017;1635,7;13;2,9;13,4;12,5;3,5;2,2;52;47;50;276;8,9;5,4;
2026/07/07;1900 UTC;0;1017,1;1017,3;1016,8;1209,7;13,4;2,8;13,6;13,3;3,3;2,3;49;44;47;269;8,1;4,5;
2026/07/07;2000 UTC;0;1017,3;1017,6;1017,1;638,4;13,1;3;13,3;12,5;3,3;2,6;52;47;49;286;5;3,1;
2026/07/07;2100 UTC;0;1017,7;1017,9;1017,6;68,4;11,3;2,6;12,5;10,2;3;2,3;61;52;57;297;4,8;2,4;
2026/07/07;2200 UTC;0;1017,8;1017,9;1017,7;0;9,7;2,4;10,2;9,3;2,5;2,3;66;61;64;307;4,6;3,4;
2026/07/07;2300 UTC;0;1018;1018,1;1017,8;0;9,3;2,7;9,6;9,1;3;2,5;68;66;67;322;4,8;3,5;
2026/07/08;0000 UTC;0;1018;1018,2;1017,8;0;10,3;3,2;10,7;9,5;3,8;2,9;67;62;65;319;6,2;4,4;
2026/07/08;0100 UTC;0;1018,2;1018,4;1018;0;10,5;3,6;10,7;10,3;3,8;3,3;66;64;65;316;6,7;4,6;
2026/07/08;0200 UTC;0;1018,1;1018,3;1017,9;0;10,3;3,5;11;9,6;3,6;3,4;69;62;66;325;6;4;
2026/07/08;0300 UTC;0;1018,1;1018,4;1017,9;0;9,2;3,4;9,6;9,1;3,4;3,3;71;69;71;316;6,5;4,6;
2026/07/08;0400 UTC;0;1018,1;1018,3;1017,8;0;9,2;3,5;9,5;8,8;3,6;3,3;73;70;71;324;6,9;5,1;
2026/07/08;0500 UTC;0;1017,8;1018;1017,6;0;9,3;3,6;9,5;9,1;3,7;3,5;72;71;72;317;7,6;4,9;
2026/07/08;0600 UTC;0;1017,9;1018,1;1017,6;0;9,2;3,5;9,8;8,9;3,7;3,5;73;69;72;309;8,8;5,4;
2026/07/08;0700 UTC;0;1017,4;1017,8;1017,1;0;9,1;3,5;9,8;8,7;3,6;3,4;74;69;72;305;9,3;5,4;
2026/07/08;0800 UTC;0;1017,2;1017,5;1017;0;8,5;3,4;8,8;8,1;3,5;3,2;75;73;74;317;6,8;4,2;
2026/07/08;0900 UTC;0;1017,5;1017,8;1017,3;0;7,8;3,2;8,2;7,3;3,4;3,1;80;75;77;313;7,6;4,3;
2026/07/08;1000 UTC;0;1018,1;1018,4;1017,8;0;7,8;3,2;8,3;7,3;3,4;3;79;75;77;308;7,3;4,2;
2026/07/08;1100 UTC;0;1018,7;1019,2;1018,3;10;7,4;3,2;8,4;6,7;3,3;3;82;74;79;309;6,6;4,2;
2026/07/08;1200 UTC;0;1019,5;1019,6;1019,2;333,1;8,2;3,3;9,2;7,5;3,7;3,1;78;72;76;316;7,9;4,6;
2026/07/08;1300 UTC;0;1019,6;1019,8;1019,4;993,1;10,2;4,1;11,2;9,1;4,6;3,7;73;66;70;311;8;5,1;
2026/07/08;1400 UTC;0;1020,3;1020,7;1019,8;1399,8;12,2;5,1;13,3;11,2;5,8;4,5;68;61;64;301;7,7;4,5;
2026/07/08;1500 UTC;0;1019,8;1020,5;1019,3;1865;14,4;5,8;15,4;13,3;6,6;5,2;61;53;57;305;9,2;5,5;
2026/07/08;1600 UTC;0;1019;1019,5;1018,7;1625,5;15,2;6,4;16,3;14,5;7,3;5,7;59;53;56;300;7,7;4,7;
2026/07/08;1700 UTC;0;1018,7;1018,8;1018,5;1984,5;17,1;7;18;16,4;7,6;6,4;54;45;49;280;5,9;3,5;
2026/07/08;1800 UTC;0;1018,4;1018,6;1018;1397,9;17,4;7,2;18,2;16,7;7,9;6,8;53;45;49;295;6;3,9;
2026/07/08;1900 UTC;0;1017,8;1018,1;1017,6;524,7;16,4;7,2;16,7;16;7,7;6,8;56;52;54;312;7,1;4,9;
2026/07/08;2000 UTC;0;1018;1018,1;1017,7;224,9;15,8;7,2;16;15,6;7,6;6,7;60;55;57;319;7,7;5,5;
2026/07/08;2100 UTC;0;1018;1018,1;1017,8;46,6;14,8;6,9;15,6;13,8;7;6,6;64;56;60;322;6,7;4,8;
2026/07/08;2200 UTC;0;1018;1018,3;1017,7;0;13,2;6,4;13,8;12,8;6,7;6,1;67;64;66;324;6,1;4,6;
2026/07/08;2300 UTC;0;1018;1018,2;1017,8;0;12,4;5,9;12,8;12,2;6,1;5,7;68;67;67;329;5,9;4,2;
2026/07/09;0000 UTC;0;1018;1018,2;1017,7;0;12,1;5,7;12,4;12;5,8;5,6;68;67;68;331;6,4;4,2;
2026/07/09;0100 UTC;0;1017,7;1017,8;1017,6;0;11,7;5,5;12;11,5;5,6;5,4;70;67;69;324;6,8;4,7;
2026/07/09;0200 UTC;0;1017,7;1017,9;1017,6;0;11,9;5,6;12,2;11,3;5,7;5,4;72;66;68;323;6,1;4,2;
2026/07/09;0300 UTC;0;1017,7;1017,9;1017,5;0;11,1;5,7;11,3;10,8;5,8;5,6;74;72;73;330;6,1;4,4;
2026/07/09;0400 UTC;0;1017,3;1017,5;1017,1;0;10,6;5,6;10,8;10,3;6;5,4;78;73;75;331;6,7;4,6;
2026/07/09;0500 UTC;0;1017,3;1017,4;1017,1;0;10,2;6,2;10,4;10;6,4;6;82;78;80;333;6,4;4,7;
2026/07/09;0600 UTC;0;1017;1017,2;1016,8;0;9,8;6,2;10;9,6;6,4;6;83;81;82;331;6,2;4,4;
2026/07/09;0700 UTC;0;1016,6;1016,9;1016,1;0;9,6;5,9;9,8;9,4;6,1;5,8;82;80;82;343;6,7;4,5;
2026/07/09;0800 UTC;0;1016,2;1016,3;1016,1;0;10;5,8;10,1;9,8;5,8;5,7;80;78;79;317;5,5;4,1;
2026/07/09;0900 UTC;0;1016,1;1016,2;1015,9;0;9,7;6;9,9;9,3;6,3;5,9;85;80;82;326;4,1;3;
2026/07/09;1000 UTC;0;1016,7;1016,9;1016,3;0;9,2;6,7;9,4;9;7,3;6,3;91;85;88;322;6,6;5;
2026/07/09;1100 UTC;0;1016,6;1016,9;1016,3;11,5;8,9;7,3;9,2;8,5;7,5;7,1;93;91;92;327;6,8;5,1;
2026/07/09;1200 UTC;0;1016,6;1016,9;1016,3;223,3;9,4;7,4;10,1;8,8;7,6;7,3;93;87;90;323;5,3;3,5;
2026/07/09;1300 UTC;0;1017,9;1018,5;1016,9;693,5;10,9;8;12,1;10,1;8,7;7,4;87;80;86;272;3,3;1,7;
2026/07/09;1400 UTC;0;1018,2;1018,4;1017,9;836,1;12,2;7,9;13;11,7;8,6;7,5;80;75;78;236;2,4;,9;
2026/07/09;1500 UTC;0;1017,7;1018,2;1017,1;1682,6;14,9;8;16,6;12,7;8,8;6,9;79;53;65;295;4,5;2,4;
2026/07/09;1600 UTC;0;1016,8;1017,1;1016;1504,2;16,4;8;17;16;10;7;66;53;58;157;3,3;1,2;
2026/07/09;1700 UTC;0;1015,2;1016;1014,4;1792,6;16,1;9,2;17,6;15,2;10;7,5;70;52;66;106;3,3;1,3;
2026/07/09;1800 UTC;0;1014,2;1014,6;1013,9;1226,7;15;9,9;16,2;14,2;10,4;9,3;78;71;74;74;2,8;1,5;
2026/07/09;1900 UTC;0;1014,1;1014,2;1013,9;502,1;14,1;10,2;14,6;13,7;10,7;9,8;83;78;81;207;1;,5;
2026/07/09;2000 UTC;0;1013,9;1014,1;1013,7;299,3;14,4;10,7;15,4;13,6;11;10,4;85;77;81;313;1,6;1,1;
2026/07/09;2100 UTC;0;1014,2;1014,3;1013,9;24;14,6;9,9;14,7;14,3;10,5;9,2;80;73;76;336;3,1;2,2;
2026/07/09;2200 UTC;0;1014,3;1014,7;1014;0;13,9;8,9;14,4;13,4;9,2;8,5;76;74;75;295;2,8;1,7;
2026/07/09;2300 UTC;0;1015;1015,4;1014,6;0;13,2;8,7;14;12,7;9;8,5;80;74;78;230;3,5;2,3;
2026/07/10;0000 UTC;0;1015,8;1016,1;1015,4;0;13,4;9,5;14;13,1;9,9;8,9;84;74;80;199;4,2;3;
2026/07/10;0100 UTC;0;1015,7;1015,8;1015,5;0;12,4;9,4;13;11,5;9,6;9;88;83;85;169;3,4;2,5;
2026/07/10;0200 UTC;0;1015,8;1016,1;1015,6;0;11,2;9;11,8;10,8;9,2;8,8;91;86;89;210;2,9;2,1;
2026/07/10;0300 UTC;0;1015,9;1016,1;1015,7;0;11,9;9,1;12;11,7;9,4;9;88;85;86;202;3,6;3;
2026/07/10;0400 UTC;0;1016;1016,1;1015,9;0;11,6;9,4;11,7;11,5;9,6;9,2;90;88;89;201;4,5;3,4;
2026/07/10;0500 UTC;0;1015,7;1015,9;1015,6;0;11,4;9,7;11,6;11,3;10;9,3;93;89;91;190;4,1;3,4;
2026/07/10;0600 UTC;0;1015,7;1015,8;1015,5;0;11,2;10;11,3;11,1;10,1;10;95;93;94;191;4,6;3,7;
2026/07/10;0700 UTC;0;1015,6;1015,7;1015,4;0;11,2;10,3;11,2;11,1;10,4;10,1;96;95;96;190;4,7;3,2;
2026/07/10;0800 UTC;0;1015,4;1015,6;1015,3;0;11,1;10,4;11,1;11;10,5;10,3;97;96;97;188;4,6;4;
2026/07/10;0900 UTC;0;1015,5;1015,7;1015,1;0;11,1;10,5;11,1;11;10,5;10,4;97;97;97;172;4,3;3,2;
2026/07/10;1000 UTC;0;1015,6;1016,2;1015,3;0;11;10,5;11;10,9;10,6;10,4;98;97;98;184;4,8;3,8;
2026/07/10;1100 UTC;0;1017;1017,3;1016,3;11,1;11;10,7;11,1;10,9;10,8;10,5;98;98;98;174;4,4;3,8;
2026/07/10;1200 UTC;0;1017,2;1017,4;1017;176;11,2;10,9;11,5;10,9;11,1;10,6;98;98;98;180;2;1,2;
2026/07/10;1300 UTC;0;1017,5;1017,8;1017;646,6;12,1;11,6;13,2;11,5;12,4;11,1;98;96;97;186;2,8;2,1;
2026/07/10;1400 UTC;0;1017,6;1017,9;1017,4;1466,3;13,9;12;15,5;13;12,5;11,6;96;82;91;177;4;2,7;
2026/07/10;1500 UTC;0;1017,4;1017,9;1016,9;1497,8;14,9;11,5;15,5;14,3;11,9;11,2;86;80;83;155;3,2;2,5;
2026/07/10;1600 UTC;0;1016,6;1016,9;1016,3;1174,3;14,3;11,6;15;13,9;12,1;11,2;88;83;86;139;3,3;2,3;
2026/07/10;1700 UTC;0;1016,2;1016,3;1016,1;600,1;13,6;11,6;14,2;13,4;11,9;11,4;91;87;90;113;3,4;2,5;
2026/07/10;1800 UTC;0;1016,4;1016,6;1016,2;313,1;13,6;11,8;13,8;13,4;12;11,7;92;90;91;84;2,6;1,7;
2026/07/10;1900 UTC;0;1016,4;1016,6;1016,3;127,9;13,1;11,7;13,4;12,9;11,7;11,5;93;91;93;96;4,9;3,6;
2026/07/10;2000 UTC;0;1016,5;1016,7;1016,4;49,2;12,7;11,2;12,9;12,6;11,6;10,9;93;92;93;103;5,8;4,1;
2026/07/10;2100 UTC;0;1017;1017,1;1016,8;4,6;12,5;10,8;12,6;12,4;10,9;10,7;92;91;92;77;4;2,9;
2026/07/10;2200 UTC;0;1016,8;1017,1;1016,5;0;12,5;10,8;12,5;12,4;10,8;10,7;92;91;92;78;5,1;3,6;
2026/07/10;2300 UTC;0;1017,2;1017,4;1016,9;0;12,4;10,8;12,4;12,3;10,8;10,6;92;91;92;46;4,3;3;
2026/07/11;0000 UTC;0;1017,2;1017,3;1016,9;0;12,3;10,7;12,3;12,2;10,8;10,6;93;91;92;67;5;3,8;
2026/07/11;0100 UTC;0;1016,2;1016,8;1015,5;0;12,2;10,7;12,3;12,1;10,8;10,6;93;92;93;70;7,1;5,2;
2026/07/11;0200 UTC;0;1016,4;1016,8;1015,7;0;12,5;10,6;12,6;12,2;10,7;10,4;92;89;91;46;6,2;3,5;
2026/07/11;0300 UTC;0;1016,5;1016,8;1016,3;0;12,4;10,8;12,6;12,3;10,8;10,6;93;90;92;52;4,5;3,1;
2026/07/11;0400 UTC;0;1016,5;1016,7;1016,4;0;12,3;10,7;12,3;12,2;10,8;10,5;93;91;92;55;4,3;2,7;
2026/07/11;0500 UTC;0;1017;1017,5;1016,5;0;12,3;10,4;12,4;12,2;10,6;10,3;92;90;91;61;3,1;2,1;
2026/07/11;0600 UTC;0;1017,4;1017,7;1017,2;0;12,2;10,7;12,2;12;10,8;10,5;94;91;93;61;2,6;1,7;
2026/07/11;0700 UTC;0;1016,8;1017,2;1016,1;0;12,1;10,8;12,2;12;10,8;10,5;94;92;93;75;5,3;3,8;
2026/07/11;0800 UTC;0;1015,7;1016;1015,3;0;12;10,5;12,2;12;10,5;10,4;92;92;92;81;5,6;4;
2026/07/11;0900 UTC;0;1015,5;1015,8;1015,2;0;12,2;10,4;12,3;12,1;10,5;10,4;92;91;91;72;5,7;4;
2026/07/11;1000 UTC;0;1015,3;1015,6;1015,2;0;12,2;10,4;12,3;12,2;10,5;10,3;92;90;91;89;5,4;4,1;
2026/07/11;1100 UTC;0;1016;1016,4;1015,6;3,5;12,3;10,6;12,4;12,2;10,7;10,5;92;91;92;68;5,4;3,7;
2026/07/11;1200 UTC;0;1016,8;1017,2;1016,4;49;12,4;10,9;12,4;12,3;11,1;10,6;94;91;93;97;3,2;1,8;
2026/07/11;1300 UTC;0;1017,1;1017,4;1016,9;338,4;12,7;11,3;13;12,3;11,6;11,1;94;92;93;74;2,8;1,7;
2026/07/11;1400 UTC;0;1017,3;1017,4;1017;872,7;13,4;11,3;14,6;12,9;11,6;10,9;92;82;89;49;5,5;3,2;
2026/07/11;1500 UTC;0;1016,8;1017;1016,7;1668,2;14,9;10,9;15,4;14,5;11,2;10,6;83;77;80;52;7,5;4,9;
2026/07/11;1600 UTC;0;1016,2;1016,6;1015,5;1529,7;15;11,1;16,1;14,3;11,7;10,7;84;77;81;48;7,5;4,1;
2026/07/11;1700 UTC;0;1015,5;1015,6;1015,3;1366,6;15,1;10,7;15,4;14,7;11;10,4;80;77;78;58;6,8;4,6;
2026/07/11;1800 UTC;0;1015,3;1015,5;1014,9;655,1;14,7;10,9;15,2;14,3;11,2;10,7;84;78;81;54;5,5;3,5;
2026/07/11;1900 UTC;0;1015;1015,1;1014,9;360,4;14,5;11,2;15,4;14;11,5;11;86;79;84;63;4,7;2,6;
2026/07/11;2000 UTC;0;1015,1;1015,3;1015;113,7;13,9;11,5;14,9;13,6;11,8;11,2;90;82;88;133;2,7;1,6;
2026/07/11;2100 UTC;0;1015,1;1015,3;1014,9;11,9;14,6;11,7;14,8;14,2;12,1;11,5;89;84;85;332;3,7;2,2;
2026/07/11;2200 UTC;,2;1014,9;1015,1;1014,8;0;13,7;12,5;14,3;13,2;12,5;12,2;96;89;94;340;1,9;1,2;
2026/07/11;2300 UTC;0;1015,1;1015,4;1014,9;0;12,9;12,1;13,2;12,6;12,5;11,7;97;96;96;314;3,7;2,5;
2026/07/12;0000 UTC;0;1015,3;1015,5;1015,2;0;12,9;12;13,1;12,6;12,2;11,7;96;95;95;309;4,7;3;
2026/07/12;0100 UTC;0;1015,1;1015,2;1015;0;13;12;13,1;12,8;12,2;11,9;95;95;95;304;4,2;2,5;
2026/07/12;0200 UTC;0;1015,2;1015,5;1015;0;12,9;11,9;13;12,7;12;11,8;96;95;95;266;6,4;3,9;
2026/07/12;0300 UTC;0;1015,6;1015,7;1015,4;0;12,2;11,3;13;11,7;12;10,8;96;94;95;208;7,7;6,1;
2026/07/12;0400 UTC;0;1015,6;1015,8;1015,5;0;11,3;10,6;11,7;10,7;10,9;9,5;97;94;96;246;6,6;3,8;
2026/07/12;0500 UTC;0;1015,6;1015,7;1015,5;0;10,6;8,9;10,7;10,5;9,4;8,8;94;91;92;233;4,4;2,5;
2026/07/12;0600 UTC;0;1015,5;1015,7;1015,3;0;10,4;8,4;10,5;10,3;8,8;8,2;91;89;90;264;4,3;2,2;
2026/07/12;0700 UTC;0;1015,3;1015,5;1015,2;0;10,4;8,4;10,5;10,3;8,5;8,2;91;89;90;257;5,6;2,9;
2026/07/12;0800 UTC;0;1015,4;1015,5;1015,2;0;10,3;8,7;10,5;10,2;8,9;8,4;94;90;92;270;3,1;1,7;
2026/07/12;0900 UTC;,2;1015,7;1016,1;1015,4;0;10,1;9,1;10,3;10;9,5;8,9;97;94;95;251;3,4;2,1;
2026/07/12;1000 UTC;0;1016,1;1016,4;1015,9;0;9,9;9,3;10;9,8;9,3;9,2;97;97;97;243;4,2;2,7;
2026/07/12;1100 UTC;0;1016,6;1017;1016,3;5,1;9,8;9,1;9,8;9,8;9,2;9;97;96;97;247;4,9;3;
2026/07/12;1200 UTC;0;1017,3;1017,6;1017;86,5;9,9;9;10,1;9,8;9,1;8,9;96;95;96;252;3,7;1,8;
2026/07/12;1300 UTC;0;1017,9;1018,3;1017,6;281,7;10,5;9,1;11;10,1;9,3;9;95;91;93;245;5,1;3,2;
2026/07/12;1400 UTC;;;;;;;;;;;;;;;;;;
2026/07/12;1500 UTC;0;1018,5;1018,6;1018,4;699,6;12,2;9,4;13,1;11,7;9,9;8,9;89;81;86;240;3,4;1,6;
2026/07/12;1600 UTC;0;1018,3;1018,4;1018,2;856,3;13,5;9,9;14,5;13,1;11,2;9,1;85;80;82;187;3,3;2,7;
2026/07/12;1700 UTC;0;1018,1;1018,3;1018,1;1497,9;15,4;11;16,3;14,6;11,5;10,3;83;73;78;176;4,1;3,5;
2026/07/12;1800 UTC;0;1018,3;1018,5;1018,1;1642,1;15,8;10,8;16,3;15,5;11,2;10,5;77;73;75;185;6,2;5,1;
2026/07/12;1900 UTC;0;1018,7;1019,1;1018,4;1015,5;14,5;10,5;15,4;13,4;10,9;9,8;86;76;80;188;5,3;4;
2026/07/12;2000 UTC;0;1019,3;1019,6;1019,1;231;12,6;10,5;13,3;12,1;10,8;10,1;92;86;89;187;6,2;4,8;
2026/07/12;2100 UTC;0;1019,7;1020;1019,5;19,8;12,1;10,9;12,3;11,9;11;10,7;94;92;94;190;8,8;7,2;
2026/07/12;2200 UTC;0;1020,3;1020,7;1020;0;11,9;10,8;11,9;11,6;10,8;10,7;95;94;94;195;8,6;7;
2026/07/12;2300 UTC;0;1021,2;1021,6;1020,7;0;11;10,3;11,7;10,4;10,7;9,9;98;95;96;205;10,3;7,5;
2026/07/13;0000 UTC;0;1021,7;1021,9;1021,6;0;10,8;10,1;11;10,4;10,4;9,9;98;96;97;197;10;7,4;
2026/07/13;0100 UTC;0;1022,1;1022,3;1021,9;0;11,3;10,8;11,4;11,1;11;10,5;98;97;98;196;9,9;7,9;
2026/07/13;0200 UTC;0;1022,3;1022,5;1022,1;0;11,3;11;11,4;11,2;11,2;11;99;98;99;197;10,1;7,6;
2026/07/13;0300 UTC;0;1022,5;1022,7;1022,3;0;11,4;11,2;11,5;11,2;11,4;11;99;99;99;195;9,6;8;
2026/07/13;0400 UTC;0;1022,5;1022,6;1022,4;0;11,5;11,4;11,6;11,4;11,5;11,3;100;99;100;197;7,8;6,3;
2026/07/13;0500 UTC;0;1022,6;1022,7;1022,5;0;11,6;11,6;11,8;11,6;11,7;11,5;100;100;100;197;6,9;5,6;
2026/07/13;0600 UTC;,6;1022,6;1022,6;1022,5;0;11,8;11,8;11,8;11,8;11,8;11,7;100;100;100;179;6;4,2;
2026/07/13;0700 UTC;,2;1022,4;1022,5;1022,3;0;11,7;11,7;11,8;11,7;11,8;11,7;100;100;100;196;6,5;5,1;
2026/07/13;0800 UTC;0;1022,2;1022,4;1022;0;11,7;11,7;11,7;11,6;11,7;11,6;100;100;100;199;7,6;6,1;
2026/07/13;0900 UTC;0;1022,1;1022,3;1021,9;0;11,5;11,5;11,6;11,4;11,6;11,4;100;100;100;197;7,6;5,8;
2026/07/13;1000 UTC;0;1022,8;1023,4;1022,3;0;11,1;11,1;11,3;10,9;11,3;11;100;100;100;188;8,7;7,2;
2026/07/13;1100 UTC;0;1023,9;1024,3;1023,3;7;10,9;10,9;11;10,8;11;10,8;100;100;100;192;7,4;6,2;
2026/07/13;1200 UTC;0;1024,4;1024,7;1024,1;121,8;11;11;11;10,9;11;10,9;100;100;100;198;7,1;5,7;
2026/07/13;1300 UTC;0;1024,9;1025,1;1024,6;451,1;11,4;11,3;12;11;11,9;11;100;100;100;181;5,8;4,9;
2026/07/13;1400 UTC;,2;1025,2;1025,4;1025,1;754,5;12,1;12;12,4;11,8;12,3;11,7;100;99;99;191;5,5;4,1;
2026/07/13;1500 UTC;0;1025,7;1025,8;1025,4;1303,8;12,6;12,3;13,2;11,8;12,9;11,4;99;96;98;181;5,3;4,6;
2026/07/13;1600 UTC;0;1025,1;1025,5;1024,8;1297,1;12,8;12,2;13,4;12,2;12,8;11,5;98;94;97;191;5;3,8;
2026/07/13;1700 UTC;0;1024,4;1024,7;1024,1;1458,1;13,1;11,9;13,7;12,1;12,5;11;97;90;94;168;4,3;3,4;
2026/07/13;1800 UTC;0;1023,9;1024,1;1023,7;1326,8;13;11,2;13,5;12,5;11,8;10,7;93;89;91;151;4,7;3,9;
2026/07/13;1900 UTC;0;1023,7;1023,9;1023,5;793,8;11,8;10,7;12,5;11,4;11;10,5;96;92;95;133;3,6;2,9;
2026/07/13;2000 UTC;0;1023,6;1023,7;1023,5;383;11,1;10,4;11,4;10,7;10,7;10,2;98;96;97;116;3,1;2,3;
2026/07/13;2100 UTC;0;1024;1024,1;1023,7;37,4;10,5;10,1;10,7;10,2;10,3;9,9;99;98;98;93;2,2;1,5;
2026/07/13;2200 UTC;0;1024,3;1024,4;1024,1;0;10,1;9,9;10,2;9,9;10;9,8;99;99;99;77;2,6;1,7;
2026/07/13;2300 UTC;0;1024,6;1024,8;1024,4;0;9,9;9,8;10;9,8;9,9;9,7;100;99;99;59;3,8;2,6;
2026/07/14;0000 UTC;0;1024,7;1024,8;1024,5;0;9,7;9,7;9,8;9,5;9,7;9,5;100;100;100;32;2,6;1,3;
2026/07/14;0100 UTC;0;1024,3;1024,6;1023,9;0;9,4;9,5;9,7;9,3;9,7;9,3;100;100;100;33;3,3;2,2;
2026/07/14;0200 UTC;0;1023,9;1023,9;1023,8;0;9,6;9,7;9,8;9,4;9,9;9,4;100;100;100;279;3,7;2,4;
2026/07/14;0300 UTC;0;1024;1024,3;1023,8;0;9,1;9,1;9,5;8,7;9,5;8,7;100;100;100;249;2,5;1;
2026/07/14;0400 UTC;0;1024,1;1024,3;1023,8;0;9;9,1;9,5;8,7;9,6;8,7;100;100;100;165;1,7;,6;
2026/07/14;0500 UTC;0;1023,6;1023,9;1023,2;0;10,2;10,2;10,6;9,6;10,6;9,6;100;100;100;98;3,7;2;
2026/07/14;0600 UTC;0;1023;1023,3;1022,8;0;10,7;10,7;10,9;10,4;10,9;10,3;100;99;100;100;3,8;2,4;
2026/07/14;0700 UTC;0;1022,8;1023;1022,4;0;10;9,9;10,4;9,7;10,3;9,6;100;99;99;245;4,5;2,7;
2026/07/14;0800 UTC;0;1022,7;1022,9;1022,5;0;9,4;9,3;9,7;9,1;9,6;9;100;99;100;306;4,6;3;
2026/07/14;0900 UTC;0;1023,2;1024,1;1022,6;0;9,2;8,9;9,4;8,9;9,2;8,5;99;98;99;313;3,2;1,9;
2026/07/14;1000 UTC;0;1023,6;1024;1023,3;0;8,8;8,5;8,9;8,7;8,6;8,3;99;98;98;335;4;2,7;
2026/07/14;1100 UTC;0;1023,8;1024,2;1023,3;26,4;8,6;8,3;8,7;8,5;8,4;8,1;98;98;98;337;3,5;2,1;
2026/07/14;1200 UTC;0;1024,2;1024,5;1023,9;302,6;9,3;8,8;10,1;8,5;9,3;8,1;98;96;97;332;2,3;1,5;
2026/07/14;1300 UTC;0;1024,2;1024,4;1024;943;11,2;9,7;12,3;10,1;10,1;9,3;96;89;93;312;4,4;2,7;
2026/07/14;1400 UTC;,2;1024;1024,2;1023,6;1503,9;13,3;10;14,5;12,2;10,4;9,7;89;78;84;312;5,8;3,6;
2026/07/14;1500 UTC;0;1023,5;1023,7;1023,3;1953,4;15,2;10,1;16;14,4;10,7;9,8;79;70;74;298;9,3;5,8;
2026/07/14;1600 UTC;0;1022,8;1023,4;1022,3;2060;16,3;10,4;16,9;15,6;11;9,8;73;68;71;221;8;5;
2026/07/14;1700 UTC;0;1021,4;1022,3;1020,7;2028,2;15,6;10,8;17,5;14,4;11,5;10,4;84;66;76;58;6,5;4,3;
2026/07/14;1800 UTC;0;1020,1;1020,7;1019,4;1677,2;14,2;11,2;14,8;13,9;11,5;10,8;87;81;85;58;8,4;5,1;
2026/07/14;1900 UTC;0;1019,4;1019,6;1019,3;1168,5;14,8;11,4;17,4;14,1;11,6;10,9;87;68;83;193;6;3,5;
2026/07/14;2000 UTC;0;1019,1;1019,4;1018,8;592;16,9;10,9;17,4;16,4;11,2;10,7;72;68;70;259;5,6;3,1;
2026/07/14;2100 UTC;0;1019;1019,2;1018,7;83,9;15,1;10,9;16,4;13,8;11,1;10,7;84;73;79;24;3,8;2,5;
2026/07/14;2200 UTC;0;1019,3;1019,7;1019;0;13,1;10,6;13,8;12,4;10,8;10,4;92;85;87;47;4;2,8;
2026/07/14;2300 UTC;0;1019,7;1019,9;1019,5;0;12,1;10,4;12,4;11,9;10,8;10,2;93;91;92;26;5,6;3,9;
2026/07/15;0000 UTC;0;1019,3;1019,6;1019;0;12,4;10,4;12,6;12,2;10,6;10,2;91;89;90;38;6,2;3,7;
2026/07/15;0100 UTC;0;1019,3;1019,5;1019,1;0;12,2;10,3;12,5;11,8;10,5;10;91;89;90;92;5,6;3,6;
2026/07/15;0200 UTC;0;1019,1;1019,5;1018,9;0;11,8;10;12,1;11,6;10,1;9,9;92;90;91;100;7;4,8;
2026/07/15;0300 UTC;0;1019;1019,2;1018,9;0;12,3;10,5;12,6;12;10,9;10;92;90;91;232;7,1;4,6;
2026/07/15;0400 UTC;0;1018,9;1019,2;1018,8;0;12,4;10,8;12,5;12,1;10,9;10,6;93;91;92;228;6,3;3,8;
2026/07/15;0500 UTC;0;1018,9;1019;1018,8;0;11,7;10,4;12,4;11,2;10,7;10,2;96;91;94;112;4,9;2,9;
2026/07/15;0600 UTC;0;1018,4;1018,9;1017,7;0;11,2;10,3;11,4;10,8;10,5;10;96;95;96;216;5,3;3,1;
2026/07/15;0700 UTC;0;1017,9;1018,2;1017,6;0;10,6;9,6;10,8;10,4;10;9,3;96;95;95;282;2;1;
2026/07/15;0800 UTC;0;1017,9;1018,1;1017,5;0;10,1;9,1;10,5;9,7;9,5;8,6;96;94;95;33;2,1;1,2;
2026/07/15;0900 UTC;0;1017,5;1017,7;1017,4;0;9,3;8,6;9,7;8,9;8,9;8,2;97;95;97;337;4;2,6;
2026/07/15;1000 UTC;0;1017,8;1017,9;1017,6;0;9,7;8,4;9,9;9,4;8,9;8,1;97;92;93;342;4,4;3,2;
2026/07/15;1100 UTC;0;1017,6;1017,8;1017,4;18,2;10,2;8,3;10,8;9,8;8,4;8,1;92;88;90;322;6;3,8;
2026/07/15;1200 UTC;0;1017,6;1017,9;1017,4;293,5;11,7;9;12,7;10,9;9,6;8,4;88;84;87;254;5,6;3,2;
2026/07/15;1300 UTC;0;1018,1;1018,3;1017,8;975,1;13,6;9,9;14,2;12,7;10,4;9,6;85;80;82;244;6,3;3,9;
2026/07/15;1400 UTC;0;1018,2;1018,3;1018,1;1505,2;15,1;10,6;16,2;13,7;11,1;10,2;83;72;78;260;6,4;4,1;
2026/07/15;1500 UTC;0;1017,9;1018,2;1017,4;1926,1;17,2;11;18;16,1;11,6;10,7;74;65;69;298;7,8;4,9;
2026/07/15;1600 UTC;0;1016,9;1017,4;1016,3;1820,9;18,6;11,2;19,2;17,9;11,5;10,7;67;60;63;258;7;4,5;
2026/07/15;1700 UTC;0;1015,8;1016,3;1015,2;2043,1;20,2;11,6;21;19,1;12,3;11;63;54;57;264;7,4;4,5;
2026/07/15;1800 UTC;0;1015,1;1015,3;1014,9;1525,2;20,1;11,5;20,6;19,5;12,2;11,2;60;53;57;302;6,8;4,6;
2026/07/15;1900 UTC;0;1015;1015,1;1014,9;1011,1;19,6;11,8;20,1;19,3;12,3;11,5;63;59;61;293;5,6;3,4;
2026/07/15;2000 UTC;0;1014,9;1015;1014,8;372,3;17,4;11,7;19,2;14,3;12;11,4;87;63;72;54;3,6;2,9;
2026/07/15;2100 UTC;0;1014,7;1014,8;1014,6;61,2;13,9;11,9;14,2;13,6;12,1;11,7;91;87;90;40;3,9;2,7;
2026/07/15;2200 UTC;0;1014,7;1014,9;1014,6;0;14,1;11,7;14,6;13,4;12,1;11,2;91;84;88;39;3,7;2;
2026/07/15;2300 UTC;0;1015;1015,1;1014,9;0;12,6;11,5;13,4;12,4;11,7;11,2;96;90;95;31;4,7;3,2;
2026/07/16;0000 UTC;0;1014,4;1014,9;1013,6;0;13,1;11,2;14,3;12,6;11,4;11,1;94;84;91;28;7,1;4,1;
2026/07/16;0100 UTC;0;1014;1014,3;1013,8;0;13,6;11,1;14,3;13,4;11,3;11;89;84;88;109;6,8;3,8;
2026/07/16;0200 UTC;0;1014;1014,1;1013,9;0;13,7;11,1;14;13,5;11,2;11;88;85;87;34;5,6;3,5;
2026/07/16;0300 UTC;0;1014,1;1014,2;1014;0;13,8;10,9;13,9;13,5;11;10,9;87;85;86;34;5;3,3;
2026/07/16;0400 UTC;0;1013,9;1014;1013,8;0;14,2;10,9;14,7;13,5;11;10,8;87;81;84;135;7,1;4,6;
2026/07/16;0500 UTC;0;1013,5;1013,8;1013,3;0;14,9;10,7;15,1;14,7;10,9;10,5;81;77;79;127;7,2;4,7;
2026/07/16;0600 UTC;0;1013,2;1013,4;1012,9;0;15,3;10,4;15,5;15,1;10,6;10,3;77;74;76;246;9,3;5,7;
2026/07/16;0700 UTC;0;1012,5;1012,9;1012,1;0;15,2;10,2;15,3;15,1;10,3;10,1;76;74;75;292;9,4;5,8;
2026/07/16;0800 UTC;0;1012,1;1012,3;1011,7;0;15,3;10,2;15,4;15,2;10,3;10,2;75;74;75;313;7,9;4,8;
2026/07/16;0900 UTC;0;1011,7;1011,8;1011,6;0;15,6;10,2;15,8;15,4;10,3;10,2;74;72;73;336;7,3;5;
2026/07/16;1000 UTC;0;1012;1012,5;1011,8;0;15,4;10,2;15,5;15,4;10,3;10,2;75;73;74;337;6;3,6;
2026/07/16;1100 UTC;0;1012,7;1012,9;1012,5;12,1;15,3;10,4;15,4;15,2;10,5;10,3;77;74;75;210;3,4;1,9;
2026/07/16;1200 UTC;0;1012,8;1013;1012,6;222,4;15,5;10,7;15,9;15,1;11;10,5;78;74;76;334;3,6;2,3;
2026/07/16;1300 UTC;0;1012,6;1012,9;1012,3;740,1;16,5;11,1;17,5;15,8;11,8;10,7;76;69;73;143;4;2,4;
2026/07/16;1400 UTC;0;1012;1012,4;1011,8;1023,6;18,3;11,8;19,6;17,2;12,4;11,3;72;61;68;79;7,7;5;
2026/07/16;1500 UTC;0;1011,6;1011,9;1011,3;951;18,6;12,4;19,5;15,5;13,1;11,8;83;63;69;52;5,2;3,8;
2026/07/16;1600 UTC;0;1010,7;1011,3;1010;386,1;15;12,2;15,5;14,7;12,5;11,9;88;83;86;46;3,4;2,4;
2026/07/16;1700 UTC;0;1009,8;1010,2;1009;165,5;14,8;12,4;15,2;14,5;12,7;12,2;89;86;88;171;1,8;,4;
2026/07/16;1800 UTC;0;1008,8;1009,3;1008,1;62,3;14,4;12,2;14,8;14,1;12,6;12,1;90;88;89;62;3,3;2,2;
2026/07/16;1900 UTC;13,6;1009,7;1011;1008,4;5,7;15,1;13,9;15,6;14,1;14,7;12,1;97;89;94;117;4,6;3;
2026/07/16;2000 UTC;6;1007,6;1008,7;1007,6;47,9;13,9;13,6;14,4;13,9;14,2;13,6;99;98;98;63;6,2;4,1;
2026/07/16;2100 UTC;0;1006,5;1007,9;1006,5;16,5;14,2;13,9;14,7;13,9;14,5;13,7;99;98;98;53;7,9;5,5;
2026/07/16;2200 UTC;4;1008;1008,3;1006,5;,1;14,2;14,1;14,4;13,9;14,3;13,7;99;98;99;113;7;4,5;
2026/07/16;2300 UTC;0;1007,3;1008,2;1007,3;0;13,6;13,5;14,2;13,5;14,1;13,4;99;99;99;61;8,8;6;
2026/07/17;0000 UTC;0;1006,5;1007,5;1006,5;,2;14,7;12,9;15,4;13,6;14,9;12,9;100;89;89;61;12,5;7,6;
2026/07/17;0100 UTC;0;1006;1006,6;1006;0;14,4;12,5;15;14,4;12,9;12,5;89;87;88;46;10,1;6,5;
2026/07/17;0200 UTC;0;1006,1;1006,3;1006;0;15,2;12,7;15,2;14,4;12,7;12,5;88;85;85;38;10,9;6,4;
2026/07/17;0300 UTC;0;1005,7;1006,1;1005,7;0;15;13,1;15,3;14,9;13,1;12,7;89;85;89;34;8,1;3,1;
2026/07/17;0400 UTC;0;1004,8;1005,7;1004,8;0;17,9;14,7;17,9;14,3;14,7;13;93;82;82;14;6,2;4,3;
2026/07/17;0500 UTC;0;1004,4;1004,8;1004,4;0;21,1;15;21,1;17,9;15,1;14,7;82;68;68;4;8,6;5,4;
2026/07/17;0600 UTC;0;1003,8;1004,3;1003,8;0;21,2;14,7;21,6;21,1;15,1;14,7;68;65;66;1;9,8;5,7;
2026/07/17;0700 UTC;0;1003,6;1003,8;1003,6;0;20,5;14,6;21,2;20,5;14,8;14,5;69;66;69;359;10;5,7;
2026/07/17;0800 UTC;0;1003,3;1003,6;1003,2;0;20;14,5;20,5;19,9;14,6;14,4;71;69;71;1;9,7;4,9;
2026/07/17;0900 UTC;0;1003,4;1003,4;1003,2;0;20,2;14,5;20,2;19,9;14,5;14,4;71;70;70;360;10;5,2;
2026/07/17;1000 UTC;0;1003,1;1003,3;1003;0;20,3;14,4;20,3;20;14,5;14,3;70;69;69;359;10;5,7;
2026/07/17;1100 UTC;0;1003;1003,2;1003;11,5;20,9;14,6;20,9;20,1;14,7;14,4;71;67;67;357;9,6;6,3;
2026/07/17;1200 UTC;0;1003,1;1003,2;1003;241;21,5;14,8;21,5;20,9;14,9;14,5;68;65;65;1;11,6;6,9;
2026/07/17;1300 UTC;0;1002,7;1003,1;1002,7;680,6;22,1;15,6;22,2;21,6;15,6;14,8;67;64;66;358;12,3;5,9;
2026/07/17;1400 UTC;0;1002,5;1002,7;1002,5;904,7;24,2;16,3;24,2;22,3;16,5;15,6;66;61;62;357;13;6,8;
2026/07/17;1500 UTC;0;1001,7;1002,5;1001,7;1536,6;26,4;17;26,4;24,2;17,4;16,4;63;56;56;356;13,9;7,2;
2026/07/17;1600 UTC;0;1000,5;1001,6;1000,4;1591,9;26,4;17,5;27;26,1;17,8;17,1;60;56;58;354;15,9;8;
2026/07/17;1700 UTC;0;999;1000,4;999;1864,6;26,9;18,1;27,2;26,2;18,2;17,4;60;57;59;358;13;8,2;
2026/07/17;1800 UTC;0;998,7;999,1;998,7;1172,9;26,4;18,6;27;26,3;18,6;18;62;58;62;356;12,3;5,9;
2026/07/17;1900 UTC;0;998,4;998,7;998,4;1176,1;27,4;19;27,9;26,3;19,2;18,5;63;58;60;348;10,4;6;
2026/07/17;2000 UTC;0;998,3;998,4;998,2;361,9;26,2;19,1;27,4;26,2;19,1;18,8;65;60;65;349;10,2;5,9;
2026/07/17;2100 UTC;0;998,8;998,8;998,3;68,1;25,9;19,1;26,4;25,9;19,1;19;66;64;66;351;10,2;4,5;
2026/07/17;2200 UTC;0;999,5;999,5;998,7;4,1;18,1;15,8;25,9;18,1;19;15,3;86;64;86;59;7,9;4,6;
2026/07/17;2300 UTC;0;1000,4;1000,4;999,5;,2;17,9;16,5;18,1;16,8;16,5;15,1;92;86;92;34;5,5;2,4;
2026/07/18;0000 UTC;0;1001;1001;1000,3;0;24,3;18,8;24,5;18,3;18,8;16,3;90;71;71;353;5,3;2,7;
2026/07/18;0100 UTC;0;1001,5;1001,5;1001,1;0;24,5;18,8;24,7;24,3;18,8;18,7;71;70;71;355;5,5;3,4;
2026/07/18;0200 UTC;0;1001,8;1001,8;1001,4;0;24,2;18,8;24,6;23,3;18,8;18,5;76;70;72;353;5,5;3,2;
2026/07/18;0300 UTC;0;1002;1002,1;1001,7;0;23,9;19;24,3;23,9;19,1;18,8;75;72;74;352;6;3;
2026/07/18;0400 UTC;0;1002,1;1002,2;1001,9;0;24,2;19,4;24,3;23,8;19,4;19;75;73;75;346;5,5;2,3;
2026/07/18;0500 UTC;0;1001,9;1002,2;1001,8;0;24,3;19,7;24,3;23,9;19,7;19,3;76;74;75;349;5,2;2,7;
2026/07/18;0600 UTC;0;1001,1;1001,9;1000,9;0;23;20;24,6;23;20,1;19,6;83;74;83;6;5,7;3,4;
2026/07/18;0700 UTC;0;1000,1;1001,2;1000,1;0;21,9;19,4;22,9;21,9;20;19,4;86;83;86;9;5,2;2,6;
2026/07/18;0800 UTC;0;999,4;1000;998,6;,3;22;19,1;22;19,4;19,4;16,6;92;80;84;2;8,5;4,9;
2026/07/18;0900 UTC;8;998,6;1000,1;997,8;4,8;20,2;18,9;22;19,9;19,9;18,3;92;84;92;342;14,6;6,1;
2026/07/18;1000 UTC;7;998,8;999,6;998,3;,5;20,1;19,2;21,1;20,1;19,6;18,9;95;89;95;16;10,8;3,6;
2026/07/18;1100 UTC;7,2;1000,4;1002,9;998,2;,2;19,5;19;20;19,4;19,1;18,7;97;95;97;230;10,6;2,8;
2026/07/18;1200 UTC;4,6;1002,5;1003,4;1000,3;7,4;18,6;18,2;19,5;18,6;18,9;18,2;98;96;97;336;6,6;3,7;
2026/07/18;1300 UTC;2,6;1000,2;1002,4;998,4;116,1;18,4;17,7;18,6;18,2;18,2;17,7;98;96;96;322;9,9;5,4;
2026/07/18;1400 UTC;0;1000,8;1001,8;999,3;63,4;19,4;16,8;19,9;18,4;17,8;16,8;96;83;85;216;15,1;9,5;
2026/07/18;1500 UTC;0;1000,1;1001,6;998,6;71,9;16,5;15,5;19,2;16,2;16,6;15,3;95;85;94;70;15,1;3,3;
2026/07/18;1600 UTC;0;1001,1;1001,2;999,9;82,7;17,5;16,5;17,5;16,4;16,5;15,4;95;93;94;330;6,8;4,6;
2026/07/18;1700 UTC;0;1001,6;1002;999,1;87,8;17,8;16,9;18,2;17,6;16,9;16,5;94;90;94;295;7,7;3,4;
2026/07/18;1800 UTC;0;1002,6;1002,6;998;45,6;17,6;17,1;17,8;17,2;17,1;16,5;97;94;97;353;7,9;4,8;
2026/07/18;1900 UTC;0;1002,8;1003,4;999,2;40,8;17,7;17;17,9;17,7;17,2;17;97;95;96;303;9,5;4,1;
2026/07/18;2000 UTC;0;1002,1;1002,9;999,4;8,4;17,3;16,8;17,7;16,7;17;16,1;98;96;97;329;8;4,3;
2026/07/18;2100 UTC;0;1003;1003,5;1001,1;6,2;17,2;16,4;17,4;17,2;16,8;16,4;97;95;95;318;8,4;2,7;
2026/07/18;2200 UTC;0;1003,5;1004,7;1001;0;16,9;16,1;17,2;16,8;16,5;16;96;94;95;44;7,2;1,1;
2026/07/18;2300 UTC;1;1004,7;1005,6;1003,2;0;16,9;16,2;17,1;16,9;16,4;16,1;96;95;95;4;7,3;3,8;
2026/07/19;0000 UTC;,2;1006,1;1006,1;1003,9;0;16,8;16,2;16,9;16,7;16,2;16;96;95;96;344;7,1;3,9;
2026/07/19;0100 UTC;2,4;1005;1006,6;1005;0;16,3;15,7;16,8;16,3;16,1;15,7;96;95;96;248;6,9;3;
2026/07/19;0200 UTC;1;1005,9;1007,1;1005,2;0;16,1;15,8;16,4;16,1;16;15,7;98;97;98;2;5,1;2,8;
2026/07/19;0300 UTC;,6;1007,6;1007,8;1005,8;0;15,4;15,1;16,1;15,4;15,8;15,1;99;98;98;52;4,9;2,9;
2026/07/19;0400 UTC;2,6;1005,2;1008;1005,2;,2;14,5;14,3;15,5;14,2;15,3;14;100;98;99;50;7,5;4,4;
2026/07/19;0500 UTC;2;1005,4;1006,4;1005,1;,2;15,6;15,5;15,6;14,2;15,5;14,1;100;99;99;34;8,8;5,8;
2026/07/19;0600 UTC;1,8;1004,3;1005,4;1004,1;0;16,2;15,4;16,3;15,7;15,5;15,3;99;94;95;22;12,4;7,2;
2026/07/19;0700 UTC;1,2;1002;1004,9;1001,9;0;16,2;15,1;16,2;16;15,4;15,1;95;93;93;32;13,6;8,3;
2026/07/19;0800 UTC;1,8;1003,2;1003,6;1002;,1;16,2;15,1;16,3;16,1;15,1;14,9;94;92;93;45;13,4;6,1;
2026/07/19;0900 UTC;3,8;1004,6;1004,9;1003,3;0;16;15,6;16,4;16;15,6;15,2;97;93;97;358;10,3;5,4;
2026/07/19;1000 UTC;5,2;1004,4;1005,4;1003,9;0;15,9;15,6;16;15,9;15,6;15,5;98;97;98;14;8,5;4,2;
2026/07/19;1100 UTC;5,8;1004,4;;;;15,9;15,6;;;;;;;98;5;9,9;5,7;
2026/07/19;1200 UTC;4,6;1004,5;1005,1;1004,5;24,4;16,2;16,1;16,2;16,1;16,1;16;99;99;99;349;9,1;3,5;
2026/07/19;1300 UTC;2,8;1004,5;1004,8;1003,1;63,3;16,4;16,3;16,5;16,2;16,4;16,1;100;99;99;12;10,1;5,1;
2026/07/19;1400 UTC;5,2;1004,8;1005,4;1004,5;116,3;16,4;16,3;16,4;16,3;16,3;16,2;99;99;99;7;8,9;4,7;
2026/07/19;1500 UTC;,6;1003,2;1004,8;1003;305,1;16,1;16,1;16,5;15,7;16,4;15,5;100;98;99;32;7;3;
2026/07/19;1600 UTC;1,6;1003,2;1003,8;1003,1;337,1;16,8;16,7;17,2;16,2;17,1;16,1;100;98;99;38;4;2;
2026/07/19;1700 UTC;0;1002,2;1003,1;1001,8;329,4;15,9;15,8;17;15,8;16,9;15,7;100;99;99;76;3,6;,9;
2026/07/19;1800 UTC;0;1001,8;1002,2;1001,3;253,7;16,7;16,7;16,7;15,7;16,7;15,6;100;99;100;347;3,4;2,2;
2026/07/19;1900 UTC;0;1000,9;1002;1000,9;208,7;16,7;16,6;16,9;16,7;16,8;16,6;100;99;99;356;4,9;2,9;
2026/07/19;2000 UTC;0;1001,5;1001,6;1000,5;172,4;16,7;16,5;16,8;16,7;16,6;16,5;99;99;99;345;4,7;2;
2026/07/19;2100 UTC;0;1001,6;1001,8;1001,5;52,2;16,3;16,1;16,7;16,3;16,5;16,1;99;99;99;268;3,3;1,6;
2026/07/19;2200 UTC;0;1002,9;1002,9;1001,6;0;15,3;15,1;16,3;15;16;14,9;100;98;99;212;3,1;,9;
2026/07/19;2300 UTC;0;1004,6;1004,7;1002,9;0;15,4;15,4;15,4;14,5;15,4;14,4;100;99;100;305;2,2;1,6;
2026/07/20;0000 UTC;0;1005,6;1006,2;1004,7;0;15,7;15,6;15,8;15,5;15,7;15,4;100;99;100;248;2,9;1,2;
2026/07/20;0100 UTC;0;1006,4;1006,4;1005,1;0;14,7;14,6;15,6;14,6;15,6;14,5;100;99;99;190;3;1,9;
2026/07/20;0200 UTC;0;1007,2;1007,2;1004,8;0;13,8;13,8;14,6;13,7;14,5;13,7;100;99;100;179;10,2;6,5;
2026/07/20;0300 UTC;0;1008,2;1008,3;1007,3;0;13,3;13,3;13,8;13,3;13,8;13,3;100;100;100;194;8;6,2;
2026/07/20;0400 UTC;0;1007,5;1008,5;1007,5;0;13,2;13,2;13,3;13,1;13,3;13,1;100;100;100;187;7,6;4,3;
2026/07/20;0500 UTC;0;1009,4;1009,6;1007,4;0;13,2;13,2;13,2;13,1;13,2;13,1;100;100;100;192;5,9;2,5;
2026/07/20;0600 UTC;,2;1009,8;1009,8;1009,4;0;13,2;13,2;13,2;13,1;13,2;13,1;100;100;100;180;5,2;4,1;
2026/07/20;0700 UTC;0;1010,1;1010,2;1009,6;0;13,3;13,3;13,3;13,2;13,3;13,2;100;100;100;171;6;3,5;
2026/07/20;0800 UTC;0;1009,1;1010,1;1008,8;0;13,4;13,4;13,4;13,2;13,4;13,2;100;100;100;140;7,6;5,8;
2026/07/20;0900 UTC;0;1009,5;1009,7;1009;0;13,5;13,5;13,5;13,4;13,5;13,4;100;100;100;131;7,1;5,3;
2026/07/20;1000 UTC;0;1007,9;1009,7;1007,9;0;13,3;13,3;13,5;13,3;13,5;13,3;100;100;100;140;8,8;7,6;
2026/07/20;1100 UTC;0;1009,7;1009,8;1007,8;,6;13,5;13,5;13,5;13,3;13,5;13,3;100;100;100;128;9,6;6,7;
2026/07/20;1200 UTC;0;1009,4;1009,6;1009,4;18,4;13,5;13,5;13,5;13,4;13,5;13,4;100;100;100;114;8,4;4,9;
2026/07/20;1300 UTC;,2;1011,4;1011,4;1010,8;99,7;13,6;13,6;13,7;13,6;13,7;13,6;100;100;100;115;6,6;3,8;
2026/07/20;1400 UTC;0;1010,5;1011,4;1010,5;173,8;13,8;13,8;13,8;13,6;13,8;13,6;100;100;100;126;6,5;4,9;
2026/07/20;1500 UTC;1,8;1009,3;1010,5;1009,3;321,2;14,2;14,1;14,2;13,5;14,1;13,5;100;100;100;119;10;7,5;
2026/07/20;1600 UTC;,8;1009,6;1009,7;1008,8;318,8;14,1;14,1;14,2;14;14,2;13,9;100;100;100;110;9;4,7;
2026/07/20;1700 UTC;1;1008,5;1009,5;1008,3;337,7;14;14;14,3;13,9;14,3;13,9;100;100;100;125;6;2,9;
2026/07/20;1800 UTC;1,8;1008,7;1008,8;1007,9;148,3;13,7;13,7;14,1;13,7;14,1;13,7;100;100;100;176;8,3;6,3;
2026/07/20;1900 UTC;2;1007,7;1009;1007,4;149,9;13,6;13,6;13,8;13,6;13,8;13,6;100;100;100;134;11,1;8,3;
2026/07/20;2000 UTC;,2;1008,4;1008,4;1007,7;171,1;13,9;13,9;14;13,6;14;13,6;100;100;100;117;10,2;7,8;
2026/07/20;2100 UTC;0;1009,1;1009,3;1008,4;27,4;13,7;13,7;13,9;13,7;13,9;13,7;100;100;100;110;10,2;8,2;
2026/07/20;2200 UTC;,4;1008,6;1009,4;1008,6;0;13,8;13,8;13,9;13,7;13,9;13,7;100;100;100;120;12,7;10;
2026/07/20;2300 UTC;0;1008,7;1009,2;1008,6;0;13,7;13,7;13,7;13,7;13,7;13,7;100;100;100;111;13,5;9,1;
2026/07/21;0000 UTC;0;1008,4;1008,8;1008,2;0;13,8;13,8;13,8;13,7;13,8;13,7;100;100;100;94;12,4;8,6;
2026/07/21;0100 UTC;0;1007,8;1008,4;1007,5;0;13,9;13,9;13,9;13,8;13,9;13,8;100;100;100;72;11;8;
2026/07/21;0200 UTC;0;1008,7;1008,7;1007,5;0;13,8;13,8;13,9;13,8;13,9;13,8;100;100;100;68;10,6;3,5;
2026/07/21;0300 UTC;0;1008,6;1009,1;1008,3;0;13,9;13,9;13,9;13,8;13,9;13,8;100;100;100;68;5,3;2,7;
2026/07/21;0400 UTC;0;1008,2;1008,8;1008,1;0;13,9;13,9;14;13,9;14;13,9;100;100;100;135;3,6;1,6;
2026/07/21;0500 UTC;0;1008,6;1009,1;1007,9;0;13,9;13,9;14;13,7;14;13,7;100;100;100;187;5,7;2,5;
2026/07/21;0600 UTC;,4;1008,3;1008,7;1008,3;0;13,7;13,7;13,9;13,7;13,9;13,7;100;100;100;189;6,3;5,5;
2026/07/21;0700 UTC;,2;1008,6;1008,7;1008;0;13,5;13,5;13,7;13,4;13,7;13,4;100;100;100;183;7;5;
2026/07/21;0800 UTC;,4;1008,6;1008,8;1008,4;0;13,6;13,6;13,6;13,5;13,6;13,5;100;100;100;181;6;3;
2026/07/21;0900 UTC;,2;1009,4;1009,7;1008,2;0;13,7;13,7;13,7;13,6;13,7;13,6;100;100;100;213;4,5;2,9;
2026/07/21;1000 UTC;,2;1008,5;1009,4;1008,1;0;13,5;13,5;13,7;13,5;13,7;13,5;100;100;100;201;7,5;5,7;
2026/07/21;1100 UTC;0;1008,8;1008,9;1008,1;7,4;13,6;13,6;13,6;13,5;13,6;13,5;100;100;100;201;6,9;4;
2026/07/21;1200 UTC;0;1008,3;1008,7;1008,3;62;13,7;13,7;13,7;13,6;13,7;13,6;100;100;100;215;5;2,3;
2026/07/21;1300 UTC;0;1009,8;1009,8;1009,2;286,1;14,2;14,2;14,2;13,9;14,2;13,9;100;100;100;196;5;2,7;
2026/07/21;1400 UTC;,2;1010,9;1010,9;1009,9;455,9;14,3;14,3;14,6;14,2;14,6;14,2;100;100;100;197;4,6;2,3;
2026/07/21;1500 UTC;0;1010,3;1011,1;1010,3;608,2;14,8;14,8;14,8;14,2;14,8;14,2;100;100;100;208;4,9;2,3;
2026/07/21;1600 UTC;0;1010;1010,2;1009,8;881,1;14,6;14,6;15,7;14,6;15,7;14,5;100;99;100;207;4,9;3,7;
2026/07/21;1700 UTC;0;1009,6;1010;1009;612,2;14,7;14,7;15,2;14,5;15,2;14,5;100;99;100;202;5,3;1,9;
2026/07/21;1800 UTC;0;1008,8;1009,5;1008,8;462,7;14,6;14,6;15;14,6;15;14,6;100;100;100;190;4,8;3,6;
2026/07/21;1900 UTC;0;1008,7;1009;1008,5;482,7;14,4;14,4;14,7;14,4;14,7;14,4;100;100;100;175;5,9;5;
2026/07/21;2000 UTC;0;1009,2;1009,4;1008,7;300,5;14,2;14,2;14,4;14,2;14,4;14,2;100;100;100;173;6,8;5,3;
2026/07/21;2100 UTC;0;1010,2;1010,2;1009,2;43,1;13,9;13,9;14,2;13,9;14,2;13,9;100;100;100;165;6,7;5,2;
2026/07/21;2200 UTC;0;1011,2;1011,3;1010,1;0;13,9;13,9;13,9;13,9;13,9;13,9;100;100;100;169;6,6;4,4;
2026/07/21;2300 UTC;0;1010,6;1011,1;1010,5;0;13,7;13,7;14;13,7;14;13,7;100;100;100;160;6,2;4,6;
2026/07/22;0000 UTC;0;1011,6;1011,8;1010,6;0;13,8;13,8;13,9;13,7;13,9;13,7;100;100;100;181;5,5;3,8;
2026/07/22;0100 UTC;,2;1011,6;1011,9;1011,4;0;13,8;13,8;13,8;13,7;13,8;13,7;100;100;100;181;5,6;4,6;
2026/07/22;0200 UTC;,2;1012,5;1012,5;1011,6;0;13,8;13,8;13,8;13,8;13,8;13,8;100;100;100;164;6,3;4,6;
2026/07/22;0300 UTC;,2;1012,9;1012,9;1012,3;0;13,7;13,7;13,8;13,7;13,8;13,7;100;100;100;167;7;5;
2026/07/22;0400 UTC;0;1013,5;1013,6;1012,6;0;13,7;13,7;13,8;13,7;13,8;13,7;100;100;100;165;6,6;5,2;
2026/07/22;0500 UTC;0;1013,1;1013,5;1013;0;13,8;13,8;13,8;13,7;13,8;13,7;100;100;100;152;9;7,4;
2026/07/22;0600 UTC;0;1012,8;1013,3;1012,3;0;13,8;13,8;13,8;13,7;13,8;13,7;100;100;100;147;10,2;7,4;
2026/07/22;0700 UTC;0;1012,4;1012,9;1012,2;0;13,4;13,4;13,8;13,4;13,8;13,4;100;100;100;144;8,2;5;
2026/07/22;0800 UTC;0;1013,4;1013,6;1012,5;0;13,4;13,4;13,4;13,1;13,4;13,1;100;100;100;152;5,7;3,2;
2026/07/22;0900 UTC;0;1014,3;1014,3;1013,4;0;13,3;13,3;13,4;13,3;13,4;13,3;100;100;100;187;4,5;3,1;
2026/07/22;1000 UTC;0;1015,2;1015,3;1014,3;0;13,2;13,2;13,3;13,2;13,3;13,2;100;100;100;188;6,6;5,5;
2026/07/22;1100 UTC;0;1015,6;1015,7;1015,1;4,4;13,1;13,1;13,2;13,1;13,2;13,1;100;100;100;176;8,7;7,1;
2026/07/22;1200 UTC;0;1015,6;1015,7;1015,6;72,6;13,1;13,1;13,1;13,1;13,1;13,1;100;100;100;159;8;5,5;
2026/07/22;1300 UTC;,2;1017,5;1017,5;1016,5;827,6;14,4;14;14,4;13,6;14;13,3;98;97;97;168;6,6;4,2;
2026/07/22;1400 UTC;0;1017,7;1017,7;1017,4;997;14,8;13,7;15,5;14,5;14,7;13,7;97;93;93;173;6,5;5,5;
2026/07/22;1500 UTC;0;1017,7;1017,8;1017,6;1335,9;15,3;13,5;16;14,8;14,2;13,5;93;88;89;179;7,9;6,8;
2026/07/22;1600 UTC;0;1016,4;1017,7;1016,4;1033,3;15,7;13,5;15,7;14,6;13,6;13;91;87;87;169;9,6;7,2;
2026/07/22;1700 UTC;0;1015,8;1016,4;1015,7;1365;14,4;12,6;16,2;14,4;13,8;12,5;89;85;89;159;10,2;8,8;
2026/07/22;1800 UTC;0;1016,7;1016,7;1015,7;890,6;14,2;12,4;15,1;14,2;12,8;12,4;89;85;89;160;11,5;8,2;
2026/07/22;1900 UTC;0;1017,3;1017,3;1016,7;563,4;14,1;12;14,6;14,1;12,6;12;90;86;87;158;10,5;9;
2026/07/22;2000 UTC;0;1018,4;1018,4;1017,3;391,5;13,9;11,5;14,4;13,9;12;11,5;88;85;85;157;11,1;8,9;
2026/07/22;2100 UTC;0;1019,1;1019,1;1018,5;94,1;13,6;11,6;14;13,6;11,8;11,5;88;85;88;151;10,3;8,1;
2026/07/22;2200 UTC;0;1019;1019,1;1018,8;0;13,4;11,7;13,6;13,4;11,8;11,4;89;87;89;153;11,3;8,8;
2026/07/22;2300 UTC;0;1018,9;1019,3;1018,9;0;13,4;11,9;13,5;13,4;11,9;11,7;91;89;91;140;11,4;9,4;
2026/07/23;0000 UTC;0;1019,4;1019,4;1018,9;0;13,1;11,9;13,4;13,1;12,1;11,8;93;91;92;145;10,8;7,5;
2026/07/23;0100 UTC;0;1020,2;1020,2;1019,3;0;13;11,8;13,1;13;11,9;11,7;93;92;93;158;10,3;8;
2026/07/23;0200 UTC;0;1021,8;1021,8;1020,2;0;13;11,7;13;12,8;11,9;11,6;93;91;92;149;10,3;8,1;
2026/07/23;0300 UTC;0;1022,2;1022,2;1021,6;0;12,8;11,7;13;12,8;11,9;11,7;94;92;93;144;10,8;8,3;
2026/07/23;0400 UTC;0;1022,1;1022,3;1022;0;12,9;11,1;12,9;12,7;11,8;10,8;93;88;89;142;12,7;9,1;
2026/07/23;0500 UTC;0;1022;1022,2;1021,9;0;12,7;11,3;12,9;12,6;11,4;11,1;92;89;91;143;12,5;7,3;
2026/07/23;0600 UTC;0;1022,1;1022,1;1021,8;0;12,5;11,7;12,7;12,5;11,7;11,2;95;91;95;145;9,5;6;
2026/07/23;0700 UTC;0;1022;1022,3;1022;0;12,4;11,6;12,5;12,4;11,7;11,6;96;95;95;145;8,3;6,4;
2026/07/23;0800 UTC;0;1021,7;1022;1021,7;0;12,3;11,2;12,3;12,2;11,6;11,2;95;93;93;145;7,4;5,4;
2026/07/23;0900 UTC;0;1021,8;1021,8;1021,6;0;12,1;11;12,3;12,1;11,2;10,9;93;93;93;158;7,3;6;
2026/07/23;1000 UTC;0;1022,7;1022,7;1021,8;0;12,2;10,9;12,2;12,1;11;10,8;93;91;92;154;7,6;6;
2026/07/23;1100 UTC;0;1023,4;1023,4;1022,7;14,8;12,2;11;12,2;12,1;11,1;10,8;93;91;92;155;6,9;4,9;
2026/07/23;1200 UTC;0;1023,4;;;;12,2;11;;;;;;;92;155;6,2;4,5;
2026/07/23;1300 UTC;0;1024,1;1024,1;1023,7;1101,3;14,4;11,8;14,4;14,1;11,8;11,5;85;84;84;146;5,6;4,3;
2026/07/23;1400 UTC;0;1024,2;1024,4;1024,1;1614,4;14,7;11,8;14,9;14,4;12;11,6;85;82;83;146;6,8;5,5;
2026/07/23;1500 UTC;0;1024,2;1024,2;1024;1958,3;14,7;11,5;14,9;14,6;12;11,5;84;81;81;144;7,7;6,4;
2026/07/23;1600 UTC;0;1023,3;1024,2;1023,3;2179,5;14,5;11,2;14,9;14,5;11,8;11,1;82;79;80;140;8,3;6,8;
2026/07/23;1700 UTC;0;1022,9;1023,3;1022,8;2090,4;14,7;11,4;14,7;14,5;11,5;10,9;81;79;81;134;8,3;6,1;
2026/07/23;1800 UTC;0;1022,9;1022,9;1022,8;1800,5;14,8;11,1;15;14,5;11,3;10,8;80;77;79;125;7,4;4,5;
2026/07/23;1900 UTC;0;1022,9;1022,9;1022,8;1146,7;14,7;10,9;14,8;14,3;11,2;10,5;80;77;78;119;6,3;4,2;
2026/07/23;2000 UTC;0;1023,2;1023,2;1022,8;668,6;13,3;10,2;14,8;13,3;11,2;10,2;82;77;81;122;7,2;5,7;
2026/07/23;2100 UTC;0;1023,6;1023,6;1023,2;125,6;12,9;10,2;13,5;12,9;10,5;10;84;81;84;124;7,4;5,2;
2026/07/23;2200 UTC;0;1023,5;1023,7;1023,5;0;12,6;10;13;12,6;10,3;9,9;85;82;85;107;7;5,2;
2026/07/23;2300 UTC;0;1023,8;1023,9;1023,3;0;12,3;10,2;12,6;12,3;10,2;9,9;87;84;87;97;7,5;4,2;
2026/07/24;0000 UTC;0;1023,6;1023,9;1023,4;0;12,4;10,4;12,5;12,2;10,4;10,1;88;87;88;96;8;5,9;
2026/07/24;0100 UTC;0;1023,3;1023,7;1023,3;0;12,4;10,1;12,4;12,3;10,2;9,8;86;84;86;86;8,1;5,2;
2026/07/24;0200 UTC;0;1023,3;1023,4;1023,1;0;12,4;10;12,5;12,3;10,2;10;87;85;85;77;7,6;5;
2026/07/24;0300 UTC;0;1023,3;1023,5;1023,3;0;12,3;10;12,5;12,3;10;9,7;86;84;86;58;7,5;4;
2026/07/24;0400 UTC;0;1022,6;1023,3;1022,6;0;12,3;9,9;12,3;12,2;10,2;9,9;87;85;85;68;7,2;4,7;
2026/07/24;0500 UTC;0;1022,5;1022,6;1022,4;0;12,4;9,5;12,5;12,3;10,1;9,4;86;82;82;56;8;5,3;
2026/07/24;0600 UTC;0;1022,4;1022,5;1022,3;0;12,3;9,3;12,4;12,2;9,6;9,3;84;81;82;54;7,4;3,9;
2026/07/24;0700 UTC;0;1022,1;1022,4;1022;0;12,2;9,7;12,3;12,1;9,7;9,3;85;82;85;61;6,6;4,5;
2026/07/24;0800 UTC;0;1021,7;1022,1;1021,7;0;12,2;10;12,2;12,1;10;9,7;87;85;86;61;6,1;3,8;
2026/07/24;0900 UTC;0;1021,7;1022,1;1021,7;0;12,1;10,2;12,2;12;10,2;9,9;89;86;88;62;5,2;3,6;
2026/07/24;1000 UTC;0;1021,6;1021,8;1021,5;0;12,3;10,2;12,3;12,1;10,3;10,1;88;87;87;70;6,4;5;
2026/07/24;1100 UTC;0;1021,7;1021,7;1021,6;,5;12,4;10,4;12,4;12,4;10,5;10,3;88;87;88;62;6,4;3,8;
2026/07/24;1200 UTC;0;1021,7;;;;12,4;10,4;;;;;;;88;56;5,6;2,4;
2026/07/24;1300 UTC;0;1023,5;1023,5;1022,2;812,9;14,2;12;14,6;14;12;11,6;87;83;87;59;4,4;2,5;
2026/07/24;1400 UTC;0;1023,5;1023,6;1023,3;939,5;14,8;12,3;14,8;14,2;12,3;11,8;86;83;85;68;5,3;3,1;
2026/07/24;1500 UTC;0;1023;1023,5;1023;1218,9;15,8;12,8;15,8;14,7;12,8;12;85;80;82;76;5;2;
2026/07/24;1600 UTC;0;1022,1;1023;1022,1;1305;15,5;12,7;16,3;15,3;13;11,8;83;78;83;89;3,8;2,5;
2026/07/24;1700 UTC;0;1021;1022;1021;1047,9;15,1;12,6;15,7;15;12,8;12,3;85;81;85;75;4,9;2,8;
2026/07/24;1800 UTC;0;1021;1021,1;1020,6;606,3;14,7;12,7;15,1;14,6;12,8;12,5;89;85;88;67;4,9;1,5;
2026/07/24;1900 UTC;0;1020;1021;1020;233,8;14,4;12,7;14,7;14,2;12,8;12,6;91;88;89;41;5,6;3,6;
2026/07/24;2000 UTC;0;1020,1;1020,4;1019,4;184,5;14,1;13,2;14,4;14,1;13,2;12,7;94;89;94;121;7,8;2;
2026/07/24;2100 UTC;0;1019,7;1020,1;1019,7;42;13,6;13;14,1;13,6;13,2;13;96;94;96;57;3,7;2,4;
2026/07/24;2200 UTC;0;1020,4;1020,4;1019,6;0;13,6;13,1;13,7;13,5;13,1;13;97;96;97;60;4,3;2,1;
2026/07/24;2300 UTC;0;1020,5;1020,5;1020,2;0;13,3;12,9;13,6;13,3;13,2;12,9;97;97;97;65;3,6;1,4;
2026/07/25;0000 UTC;0;1020,5;1020,6;1020,3;0;12,9;12,7;13,3;12,9;12,9;12,6;99;97;99;49;2,7;1,5;
2026/07/25;0100 UTC;0;1020,8;1020,9;1020,6;0;12;11,9;12,8;11,3;12,5;11;99;98;99;94;1,3;,8;
2026/07/25;0200 UTC;0;1020,8;1021;1020,7;0;12,7;12,5;12,8;12;12,7;11,8;100;99;99;54;2,1;1,6;
2026/07/25;0300 UTC;0;1020,3;1020,8;1020,3;0;13,2;13,1;13,2;12,6;13,1;12,5;100;99;99;25;3,1;2;
2026/07/25;0400 UTC;0;1019,8;1020,3;1019,6;0;13,4;13,3;13,4;13,2;13,4;13,1;100;99;100;15;3,1;,8;
2026/07/25;0500 UTC;0;1019,5;1019,8;1019,1;0;12,9;12,8;13,4;12,9;13,3;12,8;100;99;100;38;3,6;1,8;
2026/07/25;0600 UTC;0;1019,4;1019,6;1018,9;0;13;13;13;12,8;13;12,7;100;100;100;68;2,6;1;
2026/07/25;0700 UTC;0;1019;1019,7;1019;0;13,3;13,3;13,3;13;13,3;13;100;100;100;58;2;1,4;
2026/07/25;0800 UTC;0;1018,4;1019;1018,4;0;13,4;13,3;13,4;13,3;13,4;13,3;100;100;100;44;2,5;1,5;
2026/07/25;0900 UTC;0;1018,3;1018,6;1018,2;0;13,1;13,1;13,3;13,1;13,3;13,1;100;100;100;55;2,3;,8;
2026/07/25;1000 UTC;0;1018,7;1018,7;1018,3;0;11,3;11,3;13,1;11,3;13,1;11,3;100;100;100;40;1,5;1,1;
2026/07/25;1100 UTC;0;1019,3;1019,3;1018,7;14,9;12,6;12,6;12,6;11;12,6;11;100;100;100;228;1,4;,9;
2026/07/25;1200 UTC;0;1019,4;1019,4;1019,3;68,6;12,6;12,6;12,7;12,6;12,7;12,6;100;100;100;209;2,5;2;
2026/07/25;1300 UTC;0;1020,8;1020,8;1020,1;420,3;13,8;13,8;13,9;13,4;13,9;13,3;100;100;100;191;4,4;3;
2026/07/25;1400 UTC;0;1020,9;1021,3;1020,8;550,4;14,4;14,4;14,4;13,8;14,4;13,8;100;99;100;184;5,1;4,1;
2026/07/25;1500 UTC;0;1020,6;1020,9;1020,3;708;14,1;14;14,7;14;14,6;13,9;100;99;100;184;5,2;3,2;
2026/07/25;1600 UTC;0;1019,4;1020,5;1019,4;817,7;14,3;14,2;14,6;14,1;14,4;14;100;98;99;146;4,1;2;
2026/07/25;1700 UTC;0;1019,4;1019,5;1019,1;822,3;14,8;14,5;14,8;14,2;14,5;13,9;99;97;98;191;2,6;1,8;
2026/07/25;1800 UTC;0;1018,6;1019,4;1018,5;1078;15,2;14,1;15,6;14,4;14,6;13,9;98;92;93;153;2,5;1,5;
2026/07/25;1900 UTC;0;1017,8;1018,5;1017,8;922,3;14,2;13,3;15,3;14,2;14,2;13,2;94;91;94;93;2,1;1,4;
2026/07/25;2000 UTC;0;1017,9;1018;1017,6;405,3;13;12,7;14,2;13;13,3;12,7;98;94;98;63;3,6;1,6;
2026/07/25;2100 UTC;0;1018;1018,3;1017,9;52,5;13,3;13,2;13,3;12,9;13,2;12,6;99;98;99;48;3,3;1,4;
2026/07/25;2200 UTC;0;1018,2;1018,3;1017,9;0;14;13,9;14;13,4;13,9;13,2;99;99;99;14;3;1,5;
2026/07/25;2300 UTC;0;1018;1018,2;1018;0;14;13,9;14,1;13,9;14;13,7;99;99;99;50;3;1,7;
2026/07/26;0000 UTC;0;1018,1;1018,2;1017,9;0;13,1;12,9;14;13,1;13,9;12,9;99;99;99;335;2,4;1,1;
2026/07/26;0100 UTC;0;1017,6;1018,2;1017,6;0;13,2;12,8;13,2;12,9;12,9;12,6;99;97;97;347;3,6;2,4;
2026/07/26;0200 UTC;0;1017,7;1017,7;1017,5;0;14;12,9;14;13,2;13;12,8;98;93;93;350;5;2,7;
2026/07/26;0300 UTC;0;1017;1017,6;1017;0;14,6;13,5;14,6;14;13,5;12,9;93;92;93;360;5,9;3,4;
2026/07/26;0400 UTC;0;1016,5;1016,9;1016,3;0;15,1;14,1;15,2;14,7;14,1;13,6;94;92;94;353;7,3;3,9;
2026/07/26;0500 UTC;0;1017,3;1017,3;1016,6;0;14,8;13,9;15,3;14,8;14,3;13,8;94;93;94;209;5,5;1,6;
2026/07/26;0600 UTC;0;1017,3;1017,7;1017,2;0;14,5;14;14,9;14,5;14,1;13,9;97;94;97;328;3,6;1,4;
2026/07/26;0700 UTC;0;1017,6;1017,7;1017,2;0;14,5;14,1;14,5;14,3;14,1;13,9;98;97;98;233;2,7;1,2;
2026/07/26;0800 UTC;0;1016,9;1017,6;1016,9;0;14,1;13,8;14,5;14,1;14,1;13,8;98;97;98;165;3,1;1,6;
2026/07/26;0900 UTC;0;1016,9;1016,9;1016,6;0;13,8;13,6;14,1;13,8;13,8;13,6;98;98;98;110;3,6;2;
2026/07/26;1000 UTC;0;1017,3;1017,4;1016,9;0;13,8;13,6;13,9;13,8;13,7;13,6;99;98;99;109;2,9;2,1;
2026/07/26;1100 UTC;0;1017,7;1017,7;1017,3;8,4;13,9;13,7;13,9;13,8;13,7;13,6;99;99;99;139;2,8;2,1;
2026/07/26;1200 UTC;0;1017,8;1017,8;1017,8;41,9;13,9;13,7;13,9;13,9;13,7;13,7;99;99;99;56;3,4;1;
2026/07/26;1300 UTC;0;1018,7;1018,9;1018,1;243;14,7;14,1;14,7;14,2;14,1;13,6;97;96;96;167;1,8;1;
2026/07/26;1400 UTC;0;1018;1018,7;1017,7;560,3;15,1;14,1;15,3;14,6;14,4;13,8;96;93;94;146;2,8;1,8;
2026/07/26;1500 UTC;0;1017,1;1018,3;1017,1;2050,4;17,4;14,5;17,5;15;14,6;13,8;94;80;83;117;2,8;1,8;
2026/07/26;1600 UTC;0;1017;1017,3;1017;1952,7;17,1;13,8;18,8;17,1;15;13,8;83;77;81;201;3,8;2,5;
2026/07/26;1700 UTC;0;1016,4;1017;1016,4;2090,1;18,4;13,8;18,9;17;14,8;13,8;83;74;75;192;5;4;
2026/07/26;1800 UTC;0;1016,2;1016,5;1016,2;1598;17,9;13,4;18,7;17,6;14,3;13,3;77;74;75;183;6,4;4,2;
2026/07/26;1900 UTC;0;1015,9;1016,2;1015,9;910,6;16,7;12,7;18;16,7;13,5;12,7;78;74;77;174;4,7;3,4;
2026/07/26;2000 UTC;0;1016,1;1016,2;1015,9;420,7;14,8;12,3;16,6;14,8;12,8;12,2;85;78;85;171;5,7;4,5;
2026/07/26;2100 UTC;0;1016,6;1016,7;1016;93,5;13,7;12,2;14,8;13,7;12,5;12,2;91;85;91;178;4,6;3,8;
2026/07/26;2200 UTC;0;1016,7;1016,9;1016,4;0;13,5;12,4;13,6;13,4;12,4;12,1;93;91;93;179;5,3;4;
2026/07/26;2300 UTC;0;1016,7;1016,8;1016,5;0;13,8;12,6;13,8;13,5;12,6;12,3;93;91;92;153;5,2;4,4;
2026/07/27;0000 UTC;0;1018,2;1018,2;1016,7;0;13,6;12,6;13,8;13,6;12,7;12,6;94;93;94;177;5,3;3,4;
2026/07/27;0100 UTC;0;1017,4;1018,3;1017,4;0;13,2;12,5;13,7;13,1;12,6;12,3;96;93;96;151;4,9;4;
2026/07/27;0200 UTC;0;1016,9;1017,4;1016,6;0;12,9;12,4;13,2;12,9;12,6;12,4;97;96;97;132;6,3;4,2;
2026/07/27;0300 UTC;0;1017,1;1017,1;1016,7;0;12,5;12;12,9;12,5;12,4;12;97;97;97;108;5,3;2,9;
2026/07/27;0400 UTC;0;1016,6;1017,4;1016,5;0;12,4;12;12,6;12,3;12,2;11,8;97;97;97;113;3,4;1,7;
2026/07/27;0500 UTC;0;1015,9;1016,6;1015,9;0;12,2;11,8;12,4;11,7;11,9;11,3;98;97;98;83;2,4;1,7;
2026/07/27;0600 UTC;0;1015,5;1015,9;1015,5;0;11,6;11,3;12,2;11,5;11,9;11,1;98;96;98;32;2,9;1,4;
2026/07/27;0700 UTC;0;1014,9;1015,7;1014,7;0;12,3;12,1;12,3;11,4;12,1;11,1;99;97;99;82;3,2;1,9;
2026/07/27;0800 UTC;0;1015,4;1015,6;1014,9;0;12,6;12,4;12,7;11,7;12,5;11,4;99;98;99;95;3,3;2,1;
2026/07/27;0900 UTC;0;1015,1;1015,5;1014,9;0;13;12,9;13;12;12,9;11,7;100;98;99;94;3,3;1,9;
2026/07/27;1000 UTC;0;1015,5;1015,5;1014,8;0;13;12,9;13;12,6;12,9;12,4;99;98;99;76;3,6;1,6;
2026/07/27;1100 UTC;0;1015,7;1015,9;1015,4;12,7;12,7;12,6;13;12,5;12,9;12,3;99;99;99;22;3;1,2;
2026/07/27;1200 UTC;0;1015,7;;;;12,7;12,6;;;;;;;99;54;5;3,4;
2026/07/27;1300 UTC;0;1015,2;1015,4;1015,2;290,6;13,9;13,6;14;13,3;13,8;13;98;98;98;68;5;3,1;
2026/07/27;1400 UTC;0;1014,8;1015,1;1014,7;416,5;14,5;13,9;14,5;13,9;14;13,6;98;96;97;60;4,6;2,9;
2026/07/27;1500 UTC;0;1013,7;1014,8;1013,7;709,6;15,2;14;15,3;14,3;14,2;13,7;97;92;93;56;5,7;3,5;
2026/07/27;1600 UTC;0;1012,4;1013,7;1012,4;674,4;15,1;14;15,4;15;14,1;13,8;93;91;93;50;6,8;4,2;
2026/07/27;1700 UTC;0;1010,7;1012,4;1010,7;423,2;15,3;14,4;15,4;15,1;14,4;13,9;94;93;94;54;6,4;4,1;
2026/07/27;1800 UTC;0;1009,7;1010,6;1009,4;490;15,2;14,4;15,4;15,1;14,4;14,2;95;93;95;49;6,4;4;
2026/07/27;1900 UTC;0;1009,1;1009,7;1009,1;302,8;16,3;15;16,3;15,2;15;14,4;96;92;92;26;8,6;4,5;
2026/07/27;2000 UTC;0;1009,3;1009,4;1008,8;116;16,3;15,2;16,4;16,3;15,2;15;93;92;93;17;8,2;5;
2026/07/27;2100 UTC;0;1008,7;1009,3;1008,6;23,1;16,4;15,4;16,5;16,3;15,4;15,2;94;93;94;14;8,3;4,5;
2026/07/27;2200 UTC;0;1007,7;1008,7;1007,5;0;16,7;15,7;16,7;16,3;15,7;15,4;95;94;94;360;8,9;4,9;
2026/07/27;2300 UTC;0;1007,4;1007,7;1006,9;0;17,2;16,2;17,2;16,7;16,2;15,7;94;94;94;346;8,2;2,9;
2026/07/28;0000 UTC;0;1007,6;1007,6;1007,2;0;17;16,2;17,4;17;16,4;16,1;95;93;95;266;5,7;1,3;
2026/07/28;0100 UTC;0;1007,6;1007,6;1007,3;0;15,3;14,7;16,9;15,3;16,2;14,7;97;95;96;177;3;1,6;
2026/07/28;0200 UTC;0;1008,2;1008,3;1007,5;0;14,7;14,4;15,2;14,7;14,6;14,3;98;96;98;20;2,1;,8;
2026/07/28;0300 UTC;0;1008,2;1008,3;1007,8;0;14,3;14;14,7;14,3;14,4;14;98;98;98;53;2,6;1,6;
2026/07/28;0400 UTC;0;1008,4;1008,4;1008,1;0;14,8;14,6;14,8;14,3;14,6;14;99;98;99;347;2,6;1,4;
2026/07/28;0500 UTC;0;1007,6;1008,4;1007,6;0;14,8;14,6;15;14,8;14,8;14,6;99;98;98;181;2,4;,9;
2026/07/28;0600 UTC;0;1007,3;1007,8;1007,3;0;14,3;14;14,9;14,3;14,7;14;99;98;98;194;2,8;1,6;
2026/07/28;0700 UTC;0;1007,9;1007,9;1007,4;0;14,4;14,3;14,4;14,1;14,3;13,9;99;98;99;274;2,2;1,3;
2026/07/28;0800 UTC;0;1007,7;1007,9;1007,5;0;14,7;14,6;14,7;14,4;14,6;14,3;99;99;99;244;2,1;1;
2026/07/28;0900 UTC;0;1008,8;1008,8;1007,7;0;14,9;14,8;15;14,7;14,9;14,6;100;99;100;263;3,7;2,1;
2026/07/28;1000 UTC;0;1009,5;1009,6;1008,9;0;14,8;14,8;15;14,8;15;14,8;100;100;100;200;4,9;3,4;
2026/07/28;1100 UTC;0;1009,9;1009,9;1009,4;0;14,5;14,5;14,7;14,4;14,7;14,3;100;99;100;217;4,9;2,6;
2026/07/28;1200 UTC;0;1010,5;1010,6;1010,4;267,8;14,5;14,5;14,5;14,5;14,5;14,5;100;100;100;181;7;5,7;
2026/07/28;1300 UTC;0;1011,6;1011,7;1010,5;429,2;14,5;14,3;14,7;14,3;14,6;14,2;100;99;99;189;7,5;5,9;
2026/07/28;1400 UTC;0;1012,5;1012,7;1011,7;448;14,6;13,9;14,6;14,3;14,3;13,9;99;96;96;210;7,4;3,4;
2026/07/28;1500 UTC;0;1012,4;1012,8;1012,4;569;16;14;16,1;14,5;14,2;13,4;96;88;88;181;5;3,9;
2026/07/28;1600 UTC;0;1012,4;1012,5;1012,3;804,6;16,5;14,2;16,6;16;14,3;13,9;88;85;86;192;4,6;2,3;
2026/07/28;1700 UTC;0;1011;1012,4;1011;970,7;16,7;14,1;17;16,1;14,3;13,6;88;83;85;170;4;3,1;
2026/07/28;1800 UTC;0;1011,5;1011,5;1010,8;559,7;14,7;13,7;16,7;14,7;14,2;13,6;93;84;93;127;6,5;3;
2026/07/28;1900 UTC;0;1010,8;1012,2;1010,8;277,9;14,3;13,5;14,8;14,2;13,8;13,5;95;93;95;149;5,8;4,4;
2026/07/28;2000 UTC;0;1011,2;1011,2;1010,8;167,8;13,8;13,3;14,3;13,8;13,6;13,2;96;95;96;142;6,6;4;
2026/07/28;2100 UTC;0;1011;1011,2;1010,6;30,7;13,4;13;13,9;13,4;13,3;13;98;96;98;155;7,7;5,7;
2026/07/28;2200 UTC;0;1011;1011,1;1010,4;0;13,3;13,1;13,4;13,3;13,2;13;99;98;99;164;8,2;5,2;
2026/07/28;2300 UTC;0;1011,9;1012;1011;0;13,3;13,2;13,4;13,3;13,3;13,1;99;99;99;160;6,5;4,1;
2026/07/29;0000 UTC;0;1011,8;1012,1;1011,2;0;13,1;13;13,3;13,1;13,2;13;100;99;99;147;5,4;3,3;
2026/07/29;0100 UTC;0;1012,5;1012,6;1011,9;0;13;13;13,1;12,9;13,1;12,9;100;100;100;114;5;3,1;
2026/07/29;0200 UTC;0;1012,3;1013;1012,3;0;12,9;12,9;13;12,9;13;12,9;100;100;100;98;5,6;3,6;
2026/07/29;0300 UTC;0;1012,4;1012,7;1010,6;0;13;13;13;12,9;13;12,9;100;100;100;124;9;6,6;
2026/07/29;0400 UTC;0;1013,1;1013,4;1012,4;0;12,5;12,5;13;12,4;13;12,4;100;100;100;145;9;6,6;
2026/07/29;0500 UTC;0;1014;1014;1013,1;0;12,8;12,8;12,8;12,5;12,8;12,5;100;100;100;159;8,4;5,4;
2026/07/29;0600 UTC;,4;1013,1;1014;1013,1;0;12,8;12,8;12,9;12,8;12,9;12,8;100;100;100;172;8;6,8;
2026/07/29;0700 UTC;,2;1014;1014;1013,1;0;12,9;12,9;12,9;12,8;12,9;12,8;100;100;100;180;8;6,3;
2026/07/29;0800 UTC;,2;1013,7;1014;1013,4;0;12,9;12,9;12,9;12,8;12,9;12,8;100;100;100;177;8;5,8;
2026/07/29;0900 UTC;0;1013,2;1013,9;1013,2;0;13;13;13;12,9;13;12,9;100;100;100;166;7,5;5,5;
2026/07/29;1000 UTC;0;1014,1;1014,2;1013,2;0;13,2;13,1;13,2;13;13,1;13;100;100;100;163;9;6,4;
2026/07/29;1100 UTC;0;1014,6;1014,6;1014,1;18,1;13,1;12,9;13,2;13,1;13,1;12,9;100;99;99;161;9,7;7;
2026/07/29;1200 UTC;0;1014,9;1014,9;1014,6;99,2;13,1;12,9;13,1;13,1;13;12,9;99;99;99;173;10;8,4;
2026/07/29;1300 UTC;0;1017,7;1017,7;1016,3;118,3;13,2;12,5;13,2;13,2;12,6;12,5;96;96;96;177;10;7,6;
2026/07/29;1400 UTC;0;1017,9;1018,1;1017,7;177,1;13,3;12,5;13,4;13,1;12,6;12,4;96;94;95;171;10,6;8,2;
2026/07/29;1500 UTC;0;1018;1018,2;1017,9;364,5;13,3;12,3;13,3;13,1;12,6;12,3;96;94;94;161;10,6;7,5;
2026/07/29;1600 UTC;0;1017,8;1017,9;1017,6;618,3;14;12,4;14;13,3;12,5;12,1;94;90;90;149;9,3;6,7;
2026/07/29;1700 UTC;0;1017,7;1017,9;1017,7;642,3;14,3;12,8;14,3;14;12,8;12,4;91;89;91;168;8,1;5,5;
2026/07/29;1800 UTC;0;1017,8;1017,8;1017,6;573,1;14,2;12,4;14,4;14;12,9;12,3;91;88;89;158;6,8;4,3;
2026/07/29;1900 UTC;0;1018,1;1018,4;1017,8;920,9;15,3;12,2;15,4;14,2;12,9;12,1;89;82;82;168;6,8;5,8;
2026/07/29;2000 UTC;0;1019,5;1019,5;1018;668,9;13,3;11,6;15,2;13,3;12,2;11,5;89;82;89;175;7,5;5,7;
2026/07/29;2100 UTC;0;1019,3;1020,1;1019,3;56,5;12,6;11,7;13,3;12,6;11,8;11,5;94;89;94;160;6,2;4,7;
2026/07/29;2200 UTC;0;1019,4;1019,4;1018,9;0;12,8;11,8;12,8;12,6;11,8;11,6;95;94;94;144;6,1;4,5;
2026/07/29;2300 UTC;0;1020,5;1020,6;1019,5;0;12,7;12;12,8;12,6;12;11,7;95;94;95;159;5,2;4,3;
2026/07/30;0000 UTC;0;1021,5;1021,5;1020,5;0;12,2;11,5;12,7;12,2;12;11,5;96;95;95;174;5,2;4;
2026/07/30;0100 UTC;0;1022,1;1022,1;1021,5;0;11,9;11,3;12,2;11,9;11,5;11,2;96;95;96;183;4,2;3,2;
2026/07/30;0200 UTC;0;1022,3;1022,4;1022,1;0;12,2;11,7;12,2;11,8;11,7;11,2;97;96;96;172;6,7;5,6;
2026/07/30;0300 UTC;0;1022;1022,4;1022;0;11,9;11,3;12,3;11,9;11,7;11,2;96;96;96;173;7,3;4,1;
2026/07/30;0400 UTC;0;1022,5;1022,6;1021,8;0;12;11,4;12,1;11,9;11,4;11,3;96;96;96;160;5;3,5;
2026/07/30;0500 UTC;0;1023,3;1023,3;1022,4;0;11,9;11,4;12,1;11,9;11,5;11,3;97;96;97;163;4,8;3,5;
2026/07/30;0600 UTC;0;1022,7;1023,3;1022,7;0;12,1;11,6;12,2;11,8;11,7;11,2;97;97;97;148;4,8;3,9;
2026/07/30;0700 UTC;0;1022,6;1022,9;1022,5;0;12,2;11,7;12,3;12;11,8;11,5;97;96;97;149;5,6;4;
2026/07/30;0800 UTC;,2;1022,7;1022,7;1022,3;0;12,2;11,6;12,3;12,1;11,7;11,6;97;96;96;140;5,1;3,9;
2026/07/30;0900 UTC;0;1023,4;1023,4;1022,8;0;12,2;11,6;12,2;12,1;11,7;11,5;97;96;96;142;4,7;3,9;
2026/07/30;1000 UTC;0;1023,4;1023,6;1023,3;0;11,6;11,2;12,2;11,5;11,6;11,1;97;96;97;120;4,7;3;
2026/07/30;1100 UTC;0;1023,4;1023,4;1023,3;0;11,7;11,4;11,7;11,6;11,4;11,2;98;97;98;114;4,4;3,1;
2026/07/30;1200 UTC;0;1024,7;1024,8;1024,1;823,3;13,7;12,4;13,7;12,2;12,5;11;93;92;92;107;4,7;3,2;
2026/07/30;1300 UTC;0;1025;1025,2;1024,7;1194,2;14,9;12,5;14,9;13,7;12,8;12,3;92;85;85;97;5,2;3,7;
2026/07/30;1400 UTC;0;1025,6;1025,6;1025;1745,4;15,6;12,3;15,9;14,8;13;12,3;86;80;81;96;5,2;3,3;
2026/07/30;1500 UTC;0;1024,5;1025,5;1024,5;2105,3;16;12,6;16;15,2;12,8;12,2;83;80;81;83;5,7;3,9;
2026/07/30;1600 UTC;0;1024,3;1024,6;1024,2;2263;15,9;12,8;16,2;15,4;13,1;12,4;84;79;82;76;6;4;
2026/07/30;1700 UTC;0;1023,9;1024,3;1023,7;2158,7;16;12,9;16,4;15,8;13,1;12,5;82;79;82;80;5,8;3,8;
2026/07/30;1800 UTC;0;1023,7;1023,9;1023,7;1891,8;16,2;12,8;16,5;16;13,2;12,6;82;79;81;83;5,1;3,4;
2026/07/30;1900 UTC;0;1023,3;1023,8;1023,3;1403,6;15,1;12,6;16,2;15;12,8;12,3;85;80;85;72;6,1;4,8;
2026/07/30;2000 UTC;0;1022,9;1023,3;1022,9;752;14,5;12,8;15,2;14,5;12,8;12,5;90;84;90;78;6,6;4,2;
2026/07/30;2100 UTC;0;1022,1;1022,9;1022,1;86,4;13,5;12,8;14,5;13,5;12,8;12,7;96;90;96;62;6,7;4,6;
2026/07/30;2200 UTC;0;1022,2;1022,2;1021,9;0;13,4;12,7;13,5;13,4;12,8;12,7;96;95;95;59;7;4,9;
2026/07/30;2300 UTC;0;1022,8;1022,8;1022,3;0;13,4;12,5;13,4;13,4;12,7;12,4;95;94;94;68;7,3;4,5;
2026/07/31;0000 UTC;0;1022,8;1022,8;1022,6;0;13,6;12,5;13,6;13,4;12,5;12,4;94;93;93;60;7,7;5,6;
2026/07/31;0100 UTC;0;1022,3;1022,8;1022,1;0;13,6;12,4;13,6;13,5;12,5;12,4;93;92;93;68;9,8;6,5;
2026/07/31;0200 UTC;0;1022,4;1022,4;1022,1;0;13,6;12,5;13,7;13,6;12,5;12,4;93;92;93;64;9,3;5,7;
2026/07/31;0300 UTC;0;1022;1022,4;1022;0;13,7;12,7;13,7;13,6;12,7;12,5;94;93;93;52;9,4;5,7;
2026/07/31;0400 UTC;0;1021,1;1022;1021,1;0;13,7;12,8;13,7;13,7;12,8;12,6;94;93;94;45;9,9;5,9;
2026/07/31;0500 UTC;0;1020,5;1021,2;1020,5;0;13,8;12,8;13,8;13,7;12,9;12,8;95;94;94;41;9,6;5,8;
2026/07/31;0600 UTC;0;1019,8;1020,6;1019,8;0;14,2;12,9;14,2;13,8;12,9;12,8;94;92;92;42;10,5;6,1;
2026/07/31;0700 UTC;0;1019,5;1019,8;1019,4;0;14,3;13,2;14,3;13,9;13,2;12,9;95;92;93;36;9,3;5,6;
2026/07/31;0800 UTC;0;1019,1;1019,5;1019;0;14,9;13,5;14,9;14,3;13,6;13,2;93;92;92;35;10,4;5,7;
2026/07/31;0900 UTC;0;1018,7;1019,2;1018,7;0;15,3;14,1;15,3;14,9;14,1;13,6;92;91;92;37;10,9;6,2;
2026/07/31;1000 UTC;0;1018,6;1019,1;1018,6;0;15,8;14,5;15,8;15,3;14,5;14,1;92;92;92;35;10,9;5,9;
2026/07/31;1100 UTC;0;1018,2;1018,6;1018,2;19,2;16;14,6;16;15,8;14,6;14,5;92;91;92;34;12,4;7;
2026/07/31;1200 UTC;0;1018,2;1018,2;1018,2;94,3;16;14,6;16;16;14,6;14,6;92;91;91;31;12,2;6,8;
2026/07/31;1300 UTC;0;1018,5;1018,6;1018,3;491;17,2;15,4;17,2;16,3;15,4;14,5;89;89;89;24;13,8;7,1;
2026/07/31;1400 UTC;0;1017,8;1018,7;1017,8;591,3;17,8;15,5;17,8;17,2;15,6;15,4;89;87;87;25;12,9;6,8;
2026/07/31;1500 UTC;0;1016,4;1017,8;1016,4;1101,2;18,7;16;18,9;17,7;16,1;15,6;88;83;84;32;11,8;6,3;
2026/07/31;1600 UTC;0;1015,4;1016,4;1015,4;1892,8;19,3;16,3;19,9;18,5;16,4;15,8;85;79;83;29;12,7;7,3;
2026/07/31;1700 UTC;0;1013,9;1015,3;1013,9;1445,6;19,7;16,6;19,8;19,2;16,6;16,1;83;81;82;31;12,4;6,6;
2026/07/31;1800 UTC;0;1012,8;1013,8;1012,8;1794,6;20,5;17;20,8;19,7;17;16,5;82;78;80;31;11,9;6,4;
2026/07/31;1900 UTC;0;1012,1;1012,8;1012,1;1421,7;20,4;16,9;20,8;20,3;17,1;16,7;81;78;81;34;10,7;6,5;
2026/07/31;2000 UTC;0;1011,3;1012,1;1011,3;639,2;18,7;16,1;20,3;18,7;17;16,1;86;80;85;28;11,5;7,2;
2026/07/31;2100 UTC;0;1011;1011,3;1010,9;96,5;17,7;16,2;18,7;17,7;16,2;16,1;91;85;91;31;12;5,7;
2026/07/31;2200 UTC;0;1010,4;1010,9;1010,4;0;17,4;16;17,7;17,3;16,2;16;92;91;91;28;11,5;7,5;
2026/07/31;2300 UTC;0;1010,4;1010,7;1010,4;0;17,3;15,9;17,5;17,3;16;15,9;91;91;91;23;12,1;6,4;
2026/08/01;0000 UTC;0;1010,5;1010,6;1010,3;0;17,6;15,9;17,6;17,3;15,9;15,9;91;90;90;14;10,6;5,7;
2026/08/01;0100 UTC;0;1009,6;1010,6;1009,6;0;18;16,3;18;17,6;16,3;15,9;91;90;90;12;8,9;6,1;
2026/08/01;0200 UTC;0;1008,7;1009,6;1008,7;0;18,1;16,5;18,2;18;16,5;16,3;90;90;90;13;11,2;6,7;
2026/08/01;0300 UTC;0;1007,2;1008,7;1007,2;0;18,2;16,8;18,2;18,1;16,8;16,6;92;90;91;4;13,9;7,8;
2026/08/01;0400 UTC;0;1006,5;1007,2;1006,3;0;18,5;16,9;18,5;18,2;16,9;16,8;92;90;90;6;13,9;8,4;
2026/08/01;0500 UTC;0;1006,5;1006,5;1006,3;0;18,6;16,9;18,7;18,5;17;16,9;91;90;90;359;13,9;7,3;
2026/08/01;0600 UTC;0;1005,9;1006,5;1005,8;0;18,6;16,8;18,7;18,5;16,9;16,8;90;89;89;358;11,2;6,7;
2026/08/01;0700 UTC;0;1005,2;1005,9;1004,9;0;18,6;16,8;18,7;18,5;16,8;16,7;90;89;89;2;11,1;5,8;
2026/08/01;0800 UTC;0;1005,2;1006,2;1005,1;0;18,6;16,7;18,7;18,5;16,8;16,7;89;88;89;343;8,8;4,2;
2026/08/01;0900 UTC;0;1009,3;1009,7;1006,3;1,4;17,3;15,5;18,8;17,3;16,8;15,5;91;88;90;200;20,4;10,8;
2026/08/01;1000 UTC;,2;1009,4;1009,7;1009,1;1,7;15,3;14,6;17,1;15,3;15,3;14,5;95;88;95;181;18,8;8,7;
2026/08/01;1100 UTC;,8;1010;1010,3;1009,1;1,3;14,9;14,5;15,3;14,9;14,6;14,4;98;95;98;193;12,5;5,7;
2026/08/01;1200 UTC;,2;1009,7;1010,3;1009,1;21,9;14,8;14,5;15,1;14,6;14,8;14,2;98;97;98;161;9,8;5,2;
2026/08/01;1300 UTC;1,6;1010,6;1012,2;1009,7;77,6;15,4;15,1;15,5;14,8;15,1;14,4;98;97;98;228;9,4;3,1;
2026/08/01;1400 UTC;1;1009,8;1011,3;1009,1;194,6;15,7;15,2;15,9;15,4;15,4;15,2;98;97;97;205;7,8;4;
2026/08/01;1500 UTC;,4;1010,5;1011,1;1009,6;249,5;16,2;15,5;16,2;15,7;15,7;15,2;97;95;95;239;4,9;3;
2026/08/01;1600 UTC;,2;1008,7;1010,5;1008,7;331,2;16,6;15,8;16,6;16,2;15,8;15,5;96;95;95;209;5,6;1;
2026/08/01;1700 UTC;,2;1008,5;1008,7;1008,3;387,5;16,4;15,9;16,8;16,4;16,1;15,8;97;95;96;292;6,5;2,7;
2026/08/01;1800 UTC;,8;1009,8;1009,8;1008,4;228,4;16,4;16;16,4;16,3;16;15,8;98;97;98;260;6,2;3,8;
2026/08/01;1900 UTC;1;1009,8;1010,1;1009,5;126,9;16;15,7;16,4;16;16;15,7;98;98;98;302;6;2,8;
2026/08/01;2000 UTC;,6;1009,2;1009,8;1008,6;79,1;16;15,7;16;16;15,7;15,7;98;98;98;306;4,9;1,4;
2026/08/01;2100 UTC;0;1011,3;1011,3;1009,2;33,7;15,1;15;16;14,7;15,7;14,5;99;98;99;222;7;4,8;
2026/08/01;2200 UTC;,2;1012,4;1012,4;1011,4;,3;15,8;15,5;15,9;15,1;15,7;15;100;97;98;242;9,1;4,2;
2026/08/01;2300 UTC;,2;1013,4;1013,4;1012,4;0;15,9;15,4;15,9;15,8;15,6;15,4;98;97;97;236;7;4,3;
2026/08/02;0000 UTC;,2;1013,7;1014;1013,4;,1;15,1;14,5;16;15,1;15,5;14,5;97;96;97;211;7,2;3,6;
2026/08/02;0100 UTC;0;1014,4;1014,4;1013,3;,6;14,2;13,8;15,6;14,2;15,3;13,8;98;97;98;204;12,3;8,4;
2026/08/02;0200 UTC;0;1015;1015;1014,4;0;13,2;12,9;14,1;13,2;13,8;12,9;98;97;98;192;10,7;7,6;
2026/08/02;0300 UTC;0;1015,9;1015,9;1015;0;12,9;12,5;13,2;12,8;13;12,4;98;98;98;209;11;6,9;
2026/08/02;0400 UTC;0;1015,9;1016;1015,8;0;12,7;12,3;13;12,7;12,6;12,3;98;97;98;188;11,6;8,2;
2026/08/02;0500 UTC;0;1016,6;1016,6;1015,8;0;12,6;12,2;12,8;12,6;12,4;12,2;98;98;98;182;9,6;6,7;
2026/08/02;0600 UTC;0;1017,4;1017,4;1016,7;0;12,4;12;12,7;12,4;12,3;12;98;97;97;190;7,9;5,7;
2026/08/02;0700 UTC;0;1017,3;1017,5;1017,2;0;11,9;11,1;12,4;11,9;12;11;97;95;95;184;7,1;4,4;
2026/08/02;0800 UTC;0;1017,7;1017,7;1017,3;0;11,9;10,2;12,1;11,7;11,1;10;95;88;89;193;7,4;3,3;
2026/08/02;0900 UTC;0;1017,3;1017,7;1017,1;0;11,6;9,9;11,9;11,6;10,2;9,4;89;87;89;118;5,1;1,9;
2026/08/02;1000 UTC;0;1017,9;1017,9;1017,4;0;11,6;9,6;11,9;11,6;10,2;9,4;90;86;88;115;4,1;1,2;
2026/08/02;1100 UTC;0;1019,5;1019,5;1017,9;23,7;11,9;10,3;11,9;11,6;10,3;9,4;90;86;90;253;2,9;,7;
2026/08/02;1200 UTC;0;1019,7;1019,7;1019,5;128,7;11,9;10,1;11,9;11,8;10,4;10,1;90;89;89;197;3,8;1,8;
2026/08/02;1300 UTC;0;1020,6;1020,9;1020,6;1476,9;13,7;9,9;14,7;13,7;10,3;9,9;78;75;78;138;4;3;
2026/08/02;1400 UTC;0;1021,2;1021,2;1020,3;1829,9;14,7;9,8;14,7;13,7;10,9;9,6;79;72;73;86;5,4;1,5;
2026/08/02;1500 UTC;0;1021,1;1021,4;1020,7;1865,4;15,1;11;15,3;14,4;11;10,1;79;72;76;86;3,8;2,7;
2026/08/02;1600 UTC;0;1020;1021,1;1020;1644,1;14,8;10,8;15,4;14,6;11,5;10,5;79;74;77;117;4,3;3,1;
2026/08/02;1700 UTC;0;1019,1;1020;1019,1;1729;14,9;11,3;15,3;14,5;11,5;10,9;80;76;79;111;5,3;3,9;
2026/08/02;1800 UTC;0;1018,6;1019,2;1018,5;1258,3;14;11,1;14,9;14;11,4;11;83;78;83;105;6,8;4,6;
2026/08/02;1900 UTC;,2;1019,5;1019,5;1018,5;761,1;13,4;11,2;14;13,4;11,5;11,1;87;83;87;90;7,3;4,7;
2026/08/02;2000 UTC;0;1019,8;1019,9;1019,4;270;13,1;11,2;13,4;13,1;11,3;11;88;86;88;61;5,7;4;
2026/08/02;2100 UTC;0;1019,6;1020;1019,4;71,6;12,9;11,3;13,1;12,9;11,3;10,9;90;87;90;70;6,1;4,4;
2026/08/02;2200 UTC;0;1019,9;1020,1;1019,6;0;12,9;11,2;13,1;12,9;11,5;11;90;88;90;54;7,2;4,5;
2026/08/02;2300 UTC;0;1020,6;1020,6;1019,8;0;12,7;11,4;13;12,7;11,6;11,2;91;90;91;67;7,8;4,4;
2026/08/03;0000 UTC;0;1020,8;1021;1020,3;0;12,8;11,7;12,8;12,7;11,7;11,4;93;91;93;62;6,7;4,5;
2026/08/03;0100 UTC;0;1020,8;1021;1020,5;0;12,5;11,9;12,8;12,5;11,9;11,7;96;93;96;33;7,3;3,2;
2026/08/03;0200 UTC;0;1021,3;1021,3;1020,8;0;12,5;11,6;12,5;12,2;11,9;11,4;96;94;94;34;5,9;1,3;
2026/08/03;0300 UTC;0;1020,8;1021,3;1020,6;0;12,8;12,2;12,8;12,5;12,2;11,6;96;94;96;64;5;2,3;
2026/08/03;0400 UTC;0;1021;1021;1020,7;0;13,2;12,7;13,2;12,8;12,7;12,2;97;96;97;61;5,8;3,4;
2026/08/03;0500 UTC;0;1020;1021;1020;0;13,1;12,9;13,3;13,1;12,9;12,7;99;97;99;49;6,6;4,4;
2026/08/03;0600 UTC;0;1019,1;1020,1;1019,1;0;13,1;13;13,1;13,1;13;12,9;99;99;99;69;7,6;5,3;
2026/08/03;0700 UTC;0;1019,2;1019,5;1019,1;0;13,2;13;13,2;13,1;13;13;99;99;99;65;7,8;4,4;
2026/08/03;0800 UTC;0;1019,1;1019,4;1019;0;13,2;13,1;13,2;13,1;13,1;13;100;99;100;55;7,1;3,8;
2026/08/03;0900 UTC;,2;1018,9;1019,2;1018,8;0;13,3;13,2;13,3;13,2;13,2;13,1;100;100;100;49;6,3;3,7;
2026/08/03;1000 UTC;0;1018,9;1019;1018,7;0;13,5;13,4;13,5;13,3;13,5;13,2;100;100;100;18;5,4;1,8;
2026/08/03;1100 UTC;0;1019;1019;1018,6;23,7;13,7;13,6;13,7;13,5;13,6;13,4;100;99;99;31;4,8;2,1;
2026/08/03;1200 UTC;0;1019;1019;1018,9;108,7;13,9;13,8;13,9;13,7;13,8;13,6;99;99;99;74;4,5;3,2;
2026/08/03;1300 UTC;0;1019,2;1019,3;1018,8;299,4;14,1;14;14,1;14;14;13,9;99;99;99;75;5,5;2,3;
2026/08/03;1400 UTC;0;1019,1;1019,4;1019,1;472,1;14,5;14,4;14,5;14,1;14,4;14;99;99;99;101;3,8;2,8;
2026/08/03;1500 UTC;0;1017,8;1019,1;1017,8;650,6;14,7;14,5;14,8;14,4;14,7;14,3;99;99;99;103;5,3;3,8;
2026/08/03;1600 UTC;0;1016,7;1017,7;1016,7;689,1;14,9;14,7;14,9;14,5;14,7;14,3;99;99;99;97;5,9;4,3;
2026/08/03;1700 UTC;0;1016,2;1016,8;1016,1;613,9;14,8;14,6;15;14,7;14,8;14,5;99;99;99;80;5,5;3;
2026/08/03;1800 UTC;0;1015,9;1016,1;1015,4;458,3;14,7;14,6;15;14,6;14,9;14,4;99;99;99;100;4,4;1,8;
2026/08/03;1900 UTC;,2;1015,9;1016,2;1015,9;212,1;14,4;14,3;14,8;14,4;14,7;14,3;100;99;100;126;3,8;2,6;
2026/08/03;2000 UTC;0;1015,3;1015,9;1015,3;146,8;14,6;14,6;14,6;14,4;14,6;14,4;100;100;100;114;5,6;3,6;
2026/08/03;2100 UTC;0;1015,3;1015,4;1014,8;28,3;14,2;14,2;14,6;14,2;14,6;14,2;100;100;100;73;6,5;1,8;
2026/08/03;2200 UTC;0;1015,4;1015,6;1014,8;0;14,4;14,4;14,4;14,2;14,4;14,2;100;100;100;66;4;2,3;
2026/08/03;2300 UTC;0;1013,9;1015,5;1013,9;0;14,3;14,3;14,5;14,3;14,5;14,3;100;100;100;71;5,1;3,6;
2026/08/04;0000 UTC;0;1014,4;1014,4;1013,7;0;14,3;14,3;14,4;14,2;14,4;14,2;100;100;100;193;4,8;1,1;
2026/08/04;0100 UTC;,8;1015,2;1015,2;1013,6;0;14,2;14,2;14,3;14,2;14,3;14,2;100;100;100;209;4,6;2,9;
2026/08/04;0200 UTC;2,4;1014,1;1015,5;1014;0;14,2;14,2;14,2;14,1;14,2;14,1;100;100;100;96;5,6;4,2;
2026/08/04;0300 UTC;8,2;1015,5;1015,8;1014,1;0;14,3;14,3;14,3;14,2;14,3;14,2;100;100;100;170;6,1;4,1;
2026/08/04;0400 UTC;6,4;1013,2;1015,4;1011;0;15,6;15,6;15,7;14,3;15,7;14,3;100;100;100;18;15;4,7;
2026/08/04;0500 UTC;0;1012,9;1013,5;1012,5;0;16,3;16,3;16,3;15,7;16,3;15,7;100;100;100;12;8,9;3,2;
2026/08/04;0600 UTC;0;1013,6;1013,8;1013;0;15,6;15,6;16,4;15,6;16,4;15,6;100;100;100;201;4,6;,9;
2026/08/04;0700 UTC;0;1012,4;1013,6;1012,4;0;14,9;14,9;15,5;14,9;15,5;14,9;100;100;100;204;2;1,4;
2026/08/04;0800 UTC;0;1013,2;1013,3;1012,2;0;15,1;15,1;15,1;14,7;15,1;14,7;100;100;100;213;5,2;3,5;
2026/08/04;0900 UTC;0;1014;1014;1013,1;0;14,9;14,9;15,1;14,6;15,1;14,6;100;100;100;213;4,9;3;
2026/08/04;1000 UTC;,2;1015;1015;1014;0;14,5;14,5;15;14,5;15;14,5;100;100;100;214;4,6;1;
2026/08/04;1100 UTC;0;1015,3;1015,3;1015;0;14,7;14,7;14,8;14,5;14,8;14,5;100;100;100;252;3,5;1,9;
2026/08/04;1200 UTC;,2;1016;1016;1016;342,5;14,8;14,8;14,8;14,8;14,8;14,8;100;100;100;234;5,4;2,5;
2026/08/04;1300 UTC;0;1016,7;1016,7;1016;509;15,5;15,5;15,5;15,1;15,5;15;100;99;100;207;7,7;4,8;
2026/08/04;1400 UTC;0;1016,7;1016,8;1016,5;645,4;16;15,8;16;15,2;15,8;15,1;100;98;98;210;7;3,3;
2026/08/04;1500 UTC;0;1016,8;1017;1016,6;1051,6;16,4;15,8;16,5;15,9;16,2;15,4;99;96;97;203;6,6;4,8;
2026/08/04;1600 UTC;0;1016,2;1016,8;1016,2;833,4;15,2;14,7;16,4;15,2;15,8;14,7;97;96;97;197;9,1;6,7;
2026/08/04;1700 UTC;0;1015,4;1016,2;1015,2;908,1;15,6;14,8;15,8;15,1;15,2;14,7;97;95;95;195;7,4;4,9;
2026/08/04;1800 UTC;0;1015,3;1015,4;1015,1;1235,3;16,2;14,7;16,6;15,5;15,4;14,6;96;90;91;196;6,3;2,8;
2026/08/04;1900 UTC;0;1015,3;1015,3;1015,2;994,2;16;14,4;16,8;16;15,2;14,4;92;88;90;186;4,9;4,1;
2026/08/04;2000 UTC;0;1016,1;1016,1;1015,3;419;15;14,1;16;15;14,5;14,1;95;90;95;179;4,5;3,4;
2026/08/04;2100 UTC;0;1016,9;1016,9;1016,1;56,9;14,2;13,8;15;14,2;14,1;13,8;98;94;98;180;7,8;5,2;
2026/08/04;2200 UTC;0;1017;1017,1;1016,9;1,3;14,2;14;14,2;14,2;14;13,8;99;98;99;190;6;4,4;
2026/08/04;2300 UTC;0;1017,7;1017,7;1017;0;14,1;14;14,2;14,1;14,1;14;99;99;99;197;4,9;3,5;
2026/08/05;0000 UTC;0;1017,9;1017,9;1017,7;0;14;13,9;14,1;14;14;13,9;99;99;99;201;4,3;2,7;
2026/08/05;0100 UTC;0;1017,9;1017,9;1017,7;0;13,8;13,7;14;13,8;13,8;13,7;99;99;99;194;3,6;1,8;
2026/08/05;0200 UTC;0;1017,6;1017,9;1017,5;0;13,7;13,5;13,9;13,7;13,7;13,5;99;99;99;176;2,3;1,6;
2026/08/05;0300 UTC;0;1017,2;1017,7;1017,2;0;13,6;13,5;13,8;13,6;13,6;13,5;99;99;99;167;2,9;2,2;
2026/08/05;0400 UTC;0;1016,4;1017,2;1016,4;0;13,9;13,7;13,9;13,6;13,7;13,5;99;98;98;129;6;4,4;
2026/08/05;0500 UTC;0;1016,7;1017;1016,3;0;13,9;13,4;14;13,9;13,7;13,4;98;97;97;96;6,2;3,6;
2026/08/05;0600 UTC;0;1015,8;1016,7;1015,8;0;13,7;13,3;13,9;13,7;13,5;13,3;98;97;98;109;6;4,2;
2026/08/05;0700 UTC;0;1014,9;1015,8;1014,9;0;13,5;13,3;13,7;13,5;13,4;13,2;99;98;99;99;6,4;5,2;
2026/08/05;0800 UTC;0;1015,1;1015,2;1014,9;0;13,5;13,4;13,5;13,4;13,4;13,3;99;99;99;54;6,4;2,3;
2026/08/05;0900 UTC;0;1014,8;1015,1;1014,6;0;13,6;13,5;13,7;13,5;13,6;13,4;100;99;100;51;6,4;4;
2026/08/05;1000 UTC;0;1015,4;1015,5;1014,7;0;13,6;13,6;13,6;13,5;13,6;13,5;100;100;100;57;6,5;3;
2026/08/05;1100 UTC;0;1015;1015,4;1015;42,6;13,6;13,6;13,7;13,5;13,7;13,5;100;100;100;52;5,6;3,6;
2026/08/05;1200 UTC;0;1015;1015;1014,9;250,1;13,7;13,7;13,7;13,6;13,7;13,6;100;100;100;63;6;2,9;
2026/08/05;1300 UTC;0;1015,3;1015,5;1015,3;509,7;14,3;14,3;14,4;14,2;14,4;14,2;100;100;100;70;5,7;3,2;
2026/08/05;1400 UTC;0;1015;1015,4;1014,6;1023,8;15;14,7;15,4;14,3;15,1;14,2;100;97;98;69;6,3;3,8;
2026/08/05;1500 UTC;0;1013,6;1015;1013,5;1317,3;14,9;14,3;15,6;14,9;15;14,2;98;94;96;55;8;4,5;
2026/08/05;1600 UTC;0;1012,7;1013,8;1012,7;625,6;15,1;14,7;15,1;14,6;14,7;14,2;98;96;98;56;6,9;4,8;
2026/08/05;1700 UTC;0;1011,5;1012,7;1011,5;514,5;15;14,6;15,1;14,9;14,8;14,5;98;97;97;52;6,1;3,3;
2026/08/05;1800 UTC;0;1012,2;1012,2;1011;172,2;14,8;14,5;15,5;14,8;15,2;14,4;99;97;98;77;5,1;1,3;
2026/08/05;1900 UTC;2;1010,8;1012,2;1010,7;8,2;16,2;16,1;16,3;14,8;16,1;14,5;100;97;99;0;4,9;2,8;
2026/08/05;2000 UTC;,2;1010,1;1010,7;1009,7;287,6;16,5;16,3;16,7;16,2;16,5;16;99;99;99;336;6;3,5;
2026/08/05;2100 UTC;0;1009,6;1010,2;1009,6;93,8;16;15,8;16,5;16;16,3;15,8;99;99;99;16;7,6;2;
2026/08/05;2200 UTC;0;1010,1;1010,1;1009,1;,1;15,1;15;16;14,8;15,8;14,6;99;98;99;357;2,9;1;
2026/08/05;2300 UTC;0;1010,6;1010,7;1010,1;0;15,9;15,8;15,9;15,1;15,8;15;100;99;100;316;2,7;1,7;
2026/08/06;0000 UTC;0;1010,4;1010,6;1010,3;0;16,3;16,3;16,3;15,9;16,3;15,8;100;100;100;332;4,8;2,4;
2026/08/06;0100 UTC;0;1009,9;1010,4;1009,9;0;16,5;16,4;16,5;16,3;16,4;16,3;100;100;100;330;4,4;2,4;
2026/08/06;0200 UTC;0;1010;1010,1;1009,8;0;16,7;16,6;16,7;16,5;16,6;16,4;100;100;100;323;3,7;1,6;
2026/08/06;0300 UTC;0;1009,5;1010,1;1009,5;0;16,1;16;16,7;16,1;16,6;16;100;99;99;34;2,6;1,8;
2026/08/06;0400 UTC;0;1009,3;1009,6;1009;0;16,3;16,3;16,3;15,7;16,3;15,6;100;99;100;347;3,4;2,2;
2026/08/06;0500 UTC;0;1008,6;1009,3;1008,6;0;16,6;16,6;16,6;16,4;16,6;16,4;100;100;100;0;3,4;1,8;
2026/08/06;0600 UTC;0;1008,3;1008,7;1008,3;0;15,6;15,6;16,6;15,6;16,6;15,6;100;99;100;339;2,1;,4;
2026/08/06;0700 UTC;0;1007,7;1008,3;1007,7;0;16,3;16,3;16,4;15,6;16,4;15,6;100;99;100;334;2;1,1;
2026/08/06;0800 UTC;0;1006,7;1007,7;1006,7;0;16,3;16,3;16,4;16,3;16,4;16,3;100;100;100;342;4,1;2,5;
2026/08/06;0900 UTC;0;1006,1;1006,7;1006,1;0;15,8;15,8;16,3;15,8;16,3;15,8;100;100;100;351;3,8;2,9;
2026/08/06;1000 UTC;0;1006,4;1006,4;1006,1;0;15,5;15,5;15,8;15,5;15,8;15,5;100;100;100;348;3,5;2,5;
2026/08/06;1100 UTC;0;1006,7;1006,7;1006,3;201,8;15,4;15,4;15,4;15,4;15,4;15,4;100;100;100;323;4;2,2;
2026/08/06;1200 UTC;0;1006,1;1006,7;1006;335,8;16,7;16,7;16,8;15,4;16,8;15,4;100;100;100;351;4,6;2,6;
2026/08/06;1300 UTC;0;1005,5;1006,1;1005,5;807,6;18,4;17,9;18,4;16,7;18;16,7;100;97;97;346;4;2,5;
2026/08/06;1400 UTC;0;1004,4;1005,5;1004,4;1626,4;20,6;17,5;20,7;18,3;18,2;16,7;98;80;82;344;7;3,7;
2026/08/06;1500 UTC;0;1003,1;1004,4;1003,1;1498;21,6;17,9;21,6;20,5;18,1;17;84;77;80;0;6,2;2,8;
2026/08/06;1600 UTC;0;1001,2;1003,2;1001,2;1271,6;21,8;17,7;21,9;21,2;18,3;17,4;81;76;77;13;6,9;4,4;
2026/08/06;1700 UTC;,2;1000,2;1001,1;1000,2;1283,2;22,1;18,6;22,6;21,8;18,6;17,6;81;74;81;359;8,2;4,7;
2026/08/06;1800 UTC;0;997,8;1000,1;997,8;847,3;22,3;19,1;22,3;22;19,3;18,5;84;80;82;16;6,9;4,1;
2026/08/06;1900 UTC;0;995,3;997,7;995,3;549,4;17,6;16,7;22,4;17,3;19,2;15,9;95;77;94;45;7,4;4,9;
2026/08/06;2000 UTC;17;998,4;998,6;994,6;64,8;14,4;13,9;18,9;14,4;18,5;13,8;99;85;97;242;21,9;3,6;
2026/08/06;2100 UTC;9,2;996,1;998,5;996;0;14,4;14,3;14,4;14,1;14,3;13,9;100;97;100;27;6,7;2,7;
2026/08/06;2200 UTC;1;994;996;993,7;0;14,5;14,5;14,7;14,4;14,6;14,3;100;100;100;300;5;1,9;
2026/08/06;2300 UTC;0;995,1;996,2;994;0;15;14,8;15;14,5;14,9;14,5;100;99;99;288;8,4;4,9;
2026/08/07;0000 UTC;0;995,4;995,4;995,1;0;15,3;14,5;15,3;15;14,9;14,5;99;96;96;280;8;4,6;
2026/08/07;0100 UTC;,6;997;997;995,4;2,3;13,9;13;15,5;13,9;14,6;13;95;93;95;267;14,3;8,8;
2026/08/07;0200 UTC;,2;998,2;998,2;997;,9;12,8;11;13,8;12,8;12,9;10,9;95;89;89;256;15,8;8;
2026/08/07;0300 UTC;0;999,9;1000;998,1;,3;11,2;9;12,9;11,2;11,4;9;91;86;86;230;20,6;12,5;
2026/08/07;0400 UTC;,2;1001,3;1001,4;999,9;0;10,3;8,6;11,3;10,3;9,1;8,5;90;85;90;229;21,3;9,9;
2026/08/07;0500 UTC;0;1002,3;1002,3;1001,3;0;10,2;8;10,4;10,2;8,7;8;91;87;87;233;17,8;9,5;
2026/08/07;0600 UTC;0;1003,2;1003,2;1002,2;0;9,7;8,2;10,3;9,7;8,3;7,8;90;86;90;237;15,8;7,5;
2026/08/07;0700 UTC;0;1004;1004;1003,1;,1;9,2;7,9;9,9;9,2;8,2;7,4;92;85;92;233;16,1;8,5;
2026/08/07;0800 UTC;,2;1005,4;1005,4;1004;0;9;7,4;9,2;8,9;8;7;93;86;90;240;14,9;7,7;
2026/08/07;0900 UTC;0;1006,2;1006,2;1005,3;0;8,9;6,2;9;8,7;7,4;6,2;91;83;84;243;14,7;6,4;
2026/08/07;1000 UTC;0;1007,6;1007,6;1006,3;0;8,8;5,8;8,9;8,6;6,2;5,7;84;81;81;248;10,7;5,4;
2026/08/07;1100 UTC;0;1008,9;1008,9;1008,2;105;8,3;5,8;8,5;8,3;5,8;5,7;84;83;84;257;9,4;4,5;
2026/08/07;1200 UTC;0;1009,7;1009,8;1008,9;531,1;9,8;5,3;9,8;8,3;6;5;84;73;74;244;9,8;5,7;
2026/08/07;1300 UTC;0;1010,5;1010,5;1009,7;1314,8;10,4;5,8;10,7;9,8;6,1;5,1;75;71;73;256;11;5,9;
2026/08/07;1400 UTC;0;1010,7;1010,7;1010,5;1330,6;11,6;6,1;11,6;9,9;6,4;5,5;76;68;69;251;10,2;5,4;
2026/08/07;1500 UTC;0;1010,8;1010,9;1010,7;2063,1;12,3;4,9;12,5;11,4;6,2;4,7;69;60;61;248;12,1;6;
2026/08/07;1600 UTC;0;1010,6;1010,9;1010,6;2332,6;13,2;5,6;13,2;11,7;6,3;4,9;65;58;60;254;12,3;5,8;
2026/08/07;1700 UTC;0;1010,3;1010,6;1010,3;2171,7;13;5,4;13,6;12,6;6,3;4,7;63;56;60;263;11,1;5,6;
2026/08/07;1800 UTC;0;1010;1010,3;1010;1955,7;13;4,9;13,5;12,4;5,7;4,4;61;55;58;268;10;5,7;
2026/08/07;1900 UTC;0;1010,3;1010,4;1010;1673;13,2;5;13,9;12,9;5,8;4,1;59;52;58;270;10,7;5;
2026/08/07;2000 UTC;0;1010,4;1010,4;1010,2;834,6;12,5;5,3;13,4;11,9;5,8;4,3;64;54;62;273;9,6;3,8;
2026/08/07;2100 UTC;0;1010,6;1010,6;1010,3;171,5;10,5;4,5;12,4;10,5;5,3;4,1;66;61;66;287;7,6;3,5;
2026/08/07;2200 UTC;0;1010,6;1010,6;1010,4;,3;9;5;10,5;9;5,1;4,5;76;67;76;293;5;2,4;
2026/08/07;2300 UTC;0;1010,9;1010,9;1010,5;0;8,5;5,1;9;8,3;5,3;5,1;80;76;79;304;4,1;2,4;
2026/08/08;0000 UTC;0;1010,7;1010,9;1010,7;0;7,4;5,2;8,5;7,4;5,2;5;86;79;86;316;4;1,9;
2026/08/08;0100 UTC;0;1010,8;1010,8;1010,4;0;6,4;4,9;7,4;6,4;5,2;4,7;90;86;90;326;3,4;2,2;
2026/08/08;0200 UTC;0;1010,8;1010,9;1010,7;0;7;4,7;7,2;6,4;5,1;4,7;90;85;85;305;4,4;3;
2026/08/08;0300 UTC;0;1010,9;1011,3;1010,8;0;6,5;4,8;7;6,3;5;4,7;90;85;89;300;4,4;3;
2026/08/08;0400 UTC;0;1010,3;1010,8;1010,3;0;5,3;4,4;6,5;5,3;4,9;4,4;94;89;94;326;4;1,6;
2026/08/08;0500 UTC;0;1010,1;1010,4;1009,9;0;5,1;4,6;5,3;4,8;4,7;4,1;97;94;96;340;3,8;2,5;
2026/08/08;0600 UTC;0;1008,8;1010,1;1008,8;0;5;4,4;5,3;4,9;4,7;4,2;96;95;96;349;2,9;2,5;
2026/08/08;0700 UTC;0;1008,3;1009;1008,3;0;4,3;3,7;5,1;4,3;4,5;3,7;97;94;96;356;3,1;2,4;
2026/08/08;0800 UTC;0;1008,1;1008,3;1007,9;0;5,7;4,6;5,7;4,1;4,6;3,6;97;92;92;338;5,3;3,6;
2026/08/08;0900 UTC;0;1008,5;1008,5;1008,1;0;6,4;5,1;6,4;5,8;5,1;4,5;92;89;91;325;4,8;2,7;
2026/08/08;1000 UTC;0;1008,1;1008,7;1008,1;0;6,1;5,4;6,6;6,1;5,6;5,1;95;92;95;360;5,2;1,5;
2026/08/08;1100 UTC;0;1008,6;1008,6;1007,9;14,7;6,8;6,4;6,8;5,9;6,4;5,3;97;95;97;350;3,4;2,5;
2026/08/08;1200 UTC;0;1008,5;1008,6;1008;190,7;8,9;6,8;8,9;6,8;7,2;6,4;97;87;87;339;6,4;3,8;
2026/08/08;1300 UTC;0;1009,1;1009,5;1008,4;484,7;10,4;7,8;10,4;8,9;8,3;6,7;87;83;84;307;7;3,3;
2026/08/08;1400 UTC;0;1008,6;1009,5;1008,6;1234,9;11,6;6,4;11,7;10,4;8,3;6,3;84;71;71;318;9,3;5,8;
2026/08/08;1500 UTC;0;1007,8;1008,6;1007,8;2118,6;12,6;6,2;13,2;11,4;7,3;6,1;72;63;65;310;9,6;5,8;
2026/08/08;1600 UTC;0;1006,7;1007,9;1006,7;1958,8;13,7;7,4;13,8;12,6;7,5;6,2;71;63;66;304;9,4;5,5;
2026/08/08;1700 UTC;0;1006;1006,8;1006;1674;14,3;7,5;14,9;13,3;8;7;69;60;63;275;8,7;4,8;
2026/08/08;1800 UTC;0;1005,8;1006,1;1005,7;1803,5;14,9;7,7;15,3;14,3;8,8;7,2;65;60;62;280;9,9;5;
2026/08/08;1900 UTC;0;1006,1;1006,3;1005,8;1217,9;14,8;7,9;15,3;13,6;8,8;7,5;70;61;63;258;11,3;5,7;
2026/08/08;2000 UTC;0;1006,7;1006,7;1005,3;869,2;14,1;7,9;14,8;14,1;8,3;7,2;67;61;66;265;8;5,1;
2026/08/08;2100 UTC;0;1007,8;1007,8;1006,7;150,2;12,6;7,2;14,1;12,5;8,2;7;73;66;70;261;10,2;5,4;
2026/08/08;2200 UTC;0;1008,9;1008,9;1007,8;,6;11;5,2;12,5;11;7,1;4,9;70;66;68;248;9,6;5;
2026/08/08;2300 UTC;0;1010,6;1010,6;1009;0;9,5;4,3;10,9;9,5;5,2;4,1;70;67;70;241;8,3;4,3;
2026/08/09;0000 UTC;0;1011,8;1011,8;1010,6;0;7,5;3,9;9,4;7,5;4,3;3,8;78;70;78;267;5,6;2,6;
2026/08/09;0100 UTC;0;1013;1013;1011,9;0;7,1;3,5;7,4;6,7;4,1;3,5;83;78;78;258;6;3;
2026/08/09;0200 UTC;0;1013,9;1013,9;1013;0;6,2;3,8;7,6;6,2;3,9;3,3;85;74;85;279;6,8;2,4;
2026/08/09;0300 UTC;0;1014,1;1014,1;1013,9;0;5,6;3,1;6,2;5,6;3,8;3,1;85;83;84;283;3,9;2,4;
2026/08/09;0400 UTC;0;1014,4;1014,5;1014,2;0;5,9;3;6;5,6;3,1;2,9;84;81;81;274;4,6;3;
2026/08/09;0500 UTC;0;1014,7;1014,9;1014,4;0;5,1;2,8;5,9;5,1;3,1;2,8;85;82;85;296;4,6;2,3;
2026/08/09;0600 UTC;0;1014,8;1014,8;1014,7;0;4,7;2,7;5,1;4,7;2,9;2,7;88;86;87;306;4,8;3,4;
2026/08/09;0700 UTC;0;1015,7;1015,7;1014,9;0;4,5;2,9;4,6;4,3;3;2,7;91;88;90;312;6,4;4,2;
2026/08/09;0800 UTC;0;1016,1;1016,1;1015,5;0;4,4;2,4;4,6;4,3;2,9;2,4;90;87;87;301;6;3,8;
2026/08/09;0900 UTC;0;1016,8;1016,8;1016;0;4,4;2,2;4,4;4,1;2,4;2,2;87;86;86;305;7,8;5;
2026/08/09;1000 UTC;0;1017,8;1017,8;1016,8;0;4,3;1,9;4,6;4,3;2,2;1,9;86;84;84;300;7,5;4;
2026/08/09;1100 UTC;0;1018,6;1018,6;1017,8;51,6;4,6;1,9;4,6;4;1,9;1,7;85;82;82;295;6,3;3,8;
2026/08/09;1200 UTC;0;1019,3;1019,3;1018,6;575;7;2,5;7;4,7;2,6;1,9;82;73;73;279;6,3;3,8;
2026/08/09;1300 UTC;0;1019,8;1019,9;1019,3;1410,5;8,8;2,9;9,1;7;3,8;2,4;75;66;67;273;7,6;3,6;
2026/08/09;1400 UTC;0;1020;1020;1019,8;1994,1;11,1;3,8;11,1;8,7;4,2;2,9;68;61;61;263;8,5;4,9;
2026/08/09;1500 UTC;0;1019,6;1019,9;1019,6;2381,7;12,7;3,7;12,8;11;4,7;3,4;63;53;54;253;9,5;6,2;
2026/08/09;1600 UTC;0;1019,1;1019,7;1019,1;2544,6;13,4;1,9;13,7;12,5;4,5;1,6;56;44;45;256;11,7;6,9;
2026/08/09;1700 UTC;0;1019,3;1019,3;1019,1;2411;14,4;2,9;14,5;13,4;3,6;1,7;49;43;46;262;12;5,8;
2026/08/09;1800 UTC;0;1019,6;1019,6;1019,1;2119,3;14,9;1,1;15,1;14,1;3,6;,5;48;37;39;256;10,6;6,2;
2026/08/09;1900 UTC;0;1020;1020;1019,6;1593,3;14,6;1;15,2;14,6;2,3;-,3;42;36;39;248;12,3;6,4;
2026/08/09;2000 UTC;0;1020,8;1020,8;1020;820;13,6;2,1;14,7;13,6;2,4;1;45;40;45;256;10,5;5;
2026/08/09;2100 UTC;0;1021,7;1021,7;1020,8;179,1;11,8;2,4;13,5;11,8;2,6;2;52;46;52;252;10,1;4,2;
2026/08/09;2200 UTC;0;1022,7;1022,7;1021,7;,5;10,7;,9;11,7;10,7;2,7;,7;55;49;51;242;8,1;5,2;
2026/08/09;2300 UTC;0;1023,8;1023,8;1022,7;0;9,5;1,2;10,7;9,5;1,5;,8;56;51;56;232;8,1;4,7;
2026/08/10;0000 UTC;0;1024,8;1024,8;1023,9;0;8,4;1,7;9,5;8,4;1,8;1,2;63;56;63;227;8,1;4,2;
2026/08/10;0100 UTC;0;1025,7;1025,7;1025;0;7,6;1,5;8,3;7,6;2,1;1,3;66;63;65;229;6,7;4;
2026/08/10;0200 UTC;0;1026,3;1026,3;1025,7;0;7,6;1,7;7,7;7,4;1,7;1,2;67;63;66;233;8,5;5,1;
2026/08/10;0300 UTC;0;1026,8;1026,8;1026,3;0;7,1;2,8;7,6;7,1;2,8;1,7;74;66;74;247;10,2;5,3;
2026/08/10;0400 UTC;0;1027,3;1027,3;1026,9;0;6,7;3,6;7,1;6,6;3,6;2,7;81;74;81;232;8,6;4,9;
2026/08/10;0500 UTC;0;1027,9;1027,9;1027,3;0;8,2;5,8;8,2;6,6;5,8;3,6;85;81;85;216;11,2;7,2;
2026/08/10;0600 UTC;0;1028,4;1028,4;1027,8;0;7,7;4,4;8,4;7,5;5,6;4,4;83;80;80;225;13;6,2;
2026/08/10;0700 UTC;0;1028,4;1028,4;1028,3;0;7,9;4,4;7,9;7,7;4,4;4,2;80;78;78;222;10,7;5,9;
2026/08/10;0800 UTC;0;1029,1;1029,1;1028,7;0;6,7;4,3;7,5;6,6;4,6;4,3;85;82;85;233;8,3;5;
2026/08/10;0900 UTC;0;1029,9;1029,9;1029,1;0;6,3;4,1;6,7;6,1;4,3;3,9;86;84;85;233;8,3;4,5;
2026/08/10;1000 UTC;0;1030,7;1030,8;1029,9;0;5,9;3,7;6,3;5,9;4;3,7;87;85;86;232;6,7;4;
2026/08/10;1100 UTC;0;1031,3;1031,3;1030,7;70,9;7,8;4,6;7,8;5,9;4,8;3,7;86;80;80;218;9,4;6,1;
2026/08/10;1200 UTC;0;1032,3;1032,3;1031,3;560,4;9,5;5,7;9,6;7,9;6,2;4,6;82;77;77;201;13,6;9,4;
2026/08/10;1300 UTC;0;1033,1;1033,1;1032,3;961;9,9;5,6;10,4;9,2;6,3;5,3;79;72;75;202;13;9,9;
2026/08/10;1400 UTC;0;1034;1034;1033;1681,1;11,9;3,9;11,9;9,8;5,9;2,8;76;55;58;187;14,8;9,6;
2026/08/10;1500 UTC;0;1033,7;1034;1033,6;2350,1;12,5;3,9;12,6;11,9;4,8;3,4;61;55;56;184;12,1;9,1;
2026/08/10;1600 UTC;0;1033,6;1033,7;1033,5;2211;11,3;4,2;13,2;11,3;5,4;3,8;64;56;62;187;13;9,9;
2026/08/10;1700 UTC;0;1033,7;1033,9;1033,5;2096,6;12,7;4,7;12,7;11,4;5,1;3,3;64;55;58;181;12,6;8,3;
2026/08/10;1800 UTC;0;1033,4;1033,6;1033,4;1643,6;12;4,6;12,6;10,9;5,2;3,7;62;57;61;185;12,5;8,9;
2026/08/10;1900 UTC;0;1033;1033,5;1033;1183,4;10,9;5,1;12;10,7;5,3;4;68;60;67;182;12,7;9,2;
2026/08/10;2000 UTC;0;1033,4;1033,5;1032,9;509;9,5;3,4;10,8;9,5;5,3;3,4;70;64;66;188;12,3;9;
2026/08/10;2100 UTC;0;1032,9;1033,3;1032,8;106,5;8,9;4,2;9,4;8,8;4,4;3,5;74;68;72;177;12,7;10,1;
2026/08/10;2200 UTC;0;1033,3;1033,4;1032,8;0;8,7;4,5;9;8,7;4,8;4,1;76;72;75;177;14;9,4;
2026/08/10;2300 UTC;0;1034;1034;1033,3;0;8,4;4;8,7;8,4;4,6;3,7;75;72;74;181;11,7;7,6;
2026/08/11;0000 UTC;0;1034,2;1034,3;1033,9;0;8,4;4,4;8,5;8,3;4,6;3,6;77;72;76;175;9,3;7;
2026/08/11;0100 UTC;0;1034,9;1034,9;1034,4;0;8,2;4,5;8,4;8,2;4,7;4,1;78;75;77;174;8;5,9;
2026/08/11;0200 UTC;0;1034,7;1034,9;1034,6;0;8,4;4,7;8,4;8,2;5;4,3;80;76;78;169;7,7;5,2;
2026/08/11;0300 UTC;0;1034,5;1034,8;1034,5;0;5,9;3,8;8,5;5,9;5;3,7;87;77;87;228;6,6;1,6;
2026/08/11;0400 UTC;0;1034,1;1034,6;1034;0;8,1;5,1;8,1;5,3;5,4;3,7;93;81;81;170;6,7;5,7;
2026/08/11;0500 UTC;0;1033,7;1034,2;1033,7;0;8,5;5,2;8,5;8,1;5,5;5;83;80;80;170;7,7;6,2;
2026/08/11;0600 UTC;0;1033;1033,7;1033;0;8,4;5,6;8,6;8,3;5,6;5,2;83;80;83;175;7,8;6,4;
2026/08/11;0700 UTC;0;1032,8;1033;1032,8;0;8,4;5,7;8,4;8,4;5,7;5,4;83;81;83;171;8,9;7;
2026/08/11;0800 UTC;0;1032,5;1032,6;1032,4;0;8,5;5,7;8,6;8,4;5,9;5,5;84;81;83;172;8,9;7;
2026/08/11;0900 UTC;0;1032,3;1032,7;1032,3;0;8,7;6,1;8,7;8,4;6,2;5,6;85;82;84;167;9;7;
2026/08/11;1000 UTC;0;1032,9;1032,9;1032,3;0;8,8;6,2;8,8;8,6;6,4;5,9;85;82;84;158;9;7,1;
2026/08/11;1100 UTC;0;1032,9;1033;1032,7;81,5;9,2;6,2;9,3;8,7;6,5;5,9;85;81;82;152;8,8;6,9;
2026/08/11;1200 UTC;0;1033,6;1033,6;1033;586,7;10,8;6,5;10,8;9,2;6,8;5,9;82;74;75;160;8,4;6,4;
2026/08/11;1300 UTC;0;1033,4;1033,6;1033,2;1465,7;11,5;6,5;11,5;10,8;6,9;6,3;75;71;71;153;7,5;6,2;
2026/08/11;1400 UTC;0;1033,5;1033,6;1033,3;1981,4;12,2;6,7;12,2;11,4;7,3;6,3;74;69;69;157;7,4;6,3;
2026/08/11;1500 UTC;0;1033,4;1033,6;1033,4;2348,3;13;7,5;13,2;12,2;7,9;6,9;72;67;69;161;7,3;5,7;
2026/08/11;1600 UTC;0;1032,5;1033,4;1032,5;2445,7;12,3;7,2;13,3;12,3;7,8;6,9;72;67;71;154;7,6;6,2;
2026/08/11;1700 UTC;0;1031,2;1032,5;1031,2;2400,2;12,1;7,2;12,7;11,9;7,6;6,8;74;69;72;149;8,7;6,8;
2026/08/11;1800 UTC;0;1030,5;1031,2;1030,4;1991,6;11,5;7,3;12,3;11,3;7,6;7;77;71;75;152;8,8;6,7;
2026/08/11;1900 UTC;0;1030,5;1030,6;1030,3;1452,8;11,4;7,3;11,7;11;7,7;6,9;77;74;76;158;8;6,4;
2026/08/11;2000 UTC;0;1029,8;1030,5;1029,8;776,8;10,2;7,2;11,4;10,2;7,6;6,7;82;76;81;152;8,4;7,1;
2026/08/11;2100 UTC;0;1029,8;1029,9;1029,6;198,2;9,6;6,8;10,2;9,6;7,2;6,7;84;81;83;147;8,6;6,4;
2026/08/11;2200 UTC;0;1029,7;1030;1029,7;,3;9,8;6,9;9,8;9,5;7;6,6;84;81;82;135;8,4;7;
2026/08/11;2300 UTC;0;1029,7;1029,8;1029,5;0;10;7,2;10;9,8;7,5;6,6;84;80;83;129;9,4;7,7;
2026/08/12;0000 UTC;0;1029,2;1029,8;1029,2;0;9,9;7,5;10,1;9,8;7,9;7;87;82;85;125;9,1;7,3;
2026/08/12;0100 UTC;0;1028,6;1029,1;1028,6;0;10;8;10;9,8;8;7,2;87;84;87;126;9;7,4;
2026/08/12;0200 UTC;0;1028,1;1028,6;1028;0;9,9;7,9;10,1;9,9;8,1;7,5;88;85;87;127;9,5;7,8;
2026/08/12;0300 UTC;0;1028,3;1028,5;1028,1;0;10,2;8;10,2;9,9;8,1;7,5;88;85;86;122;9,2;7;
2026/08/12;0400 UTC;0;1027,7;1028,4;1027,6;0;10,2;8;10,3;10,2;8,3;7,9;88;85;86;111;9;5,8;
2026/08/12;0500 UTC;0;1027,1;1027,8;1027;0;10,4;8;10,4;10,2;8,2;7,8;87;85;85;99;7,9;5,8;
2026/08/12;0600 UTC;0;1026;1027,3;1026;0;10,5;8,4;10,5;10,4;8,5;7,9;87;85;87;118;8,1;6,4;
2026/08/12;0700 UTC;0;1025,1;1026;1025,1;0;10,5;8,4;10,6;10,4;8,4;8;87;85;87;102;8,5;5,6;
2026/08/12;0800 UTC;0;1024,9;1025,4;1024,9;0;10,6;8,3;10,6;10,4;8,4;8;87;85;86;109;8,6;6,1;
2026/08/12;0900 UTC;0;1024,3;1025;1024,1;0;10,6;8,5;10,6;10,5;8,7;8,2;88;86;87;106;8,7;6,1;
2026/08/12;1000 UTC;0;1024,4;1024,4;1024,3;0;10,6;8,8;10,6;10,6;8,8;8,6;88;87;88;117;8,7;6,8;
2026/08/12;1100 UTC;0;1023,8;1023,9;1023,4;52,5;11;9;11;10,8;9;8,6;88;86;88;112;9,1;6,4;
2026/08/12;1200 UTC;0;1024,7;1024,9;1023,8;223,2;11,4;9;11,6;10,9;9,2;8,9;88;85;85;114;8,7;5,2;
2026/08/12;1300 UTC;0;1024;1024,6;1024;535,2;12;9,2;12,2;11,4;9,4;8,9;86;83;83;117;8,9;6,6;
2026/08/12;1400 UTC;0;1024,1;1024,5;1023,8;1161,8;13,5;9,7;13,5;11,8;10;9,1;85;78;78;114;9,1;5,3;
2026/08/12;1500 UTC;0;1023,6;1024,3;1023,6;2019,7;14;9,9;14,2;13,1;10,1;9,4;80;75;76;120;8,1;6,7;
2026/08/12;1600 UTC;0;1022,6;1023,6;1022,6;2394,9;14,1;9,6;14,5;13,5;10,2;9,5;79;73;74;122;8,8;7;
2026/08/12;1700 UTC;0;1021,4;1022,5;1021,3;1521,2;12,4;9,5;14,1;12,4;9,9;9,4;84;75;82;128;9,8;7,9;
2026/08/12;1800 UTC;0;1020,5;1021,4;1020,5;574,2;11,9;9,5;12,7;11,9;9,8;9,3;86;81;86;133;10;8,4;
2026/08/12;1900 UTC;0;1019,8;1020,7;1019,8;554,7;12;9,5;12,4;11,9;9,7;9,3;86;82;85;135;11,6;9,8;
2026/08/12;2000 UTC;0;1019,8;1020,1;1019,8;134;11,7;9,3;11,9;11,7;9,7;9,3;87;85;85;138;11,6;9,7;
2026/08/12;2100 UTC;0;1020,2;1020,2;1019,7;18,9;11,7;9,5;11,7;11,5;9,9;9,2;89;85;86;132;11,6;8,7;
2026/08/12;2200 UTC;0;1020;1020,2;1019,8;0;11,6;9,7;11,7;11,6;9,9;9,4;89;86;88;134;11;9;
2026/08/12;2300 UTC;0;1021,4;1021,6;1019,9;0;11,6;9,3;11,7;11,6;9,7;9,2;88;85;86;140;12,2;8,9;
2026/08/13;0000 UTC;0;1021,5;1021,6;1020,6;0;11,7;9,6;11,7;11,6;9,6;9,2;87;85;87;143;10,9;8,7;
2026/08/13;0100 UTC;0;1021,6;1022,3;1021,4;0;11,5;9;11,7;11,5;9,5;8,9;86;84;85;141;12,4;10,4;
2026/08/13;0200 UTC;0;1021,4;1021,8;1021,2;0;11,5;9,1;11,6;11,5;9,3;8,7;86;83;85;146;13;9,5;
2026/08/13;0300 UTC;0;1021,3;1021,5;1021,2;0;11,5;8,4;11,6;11,5;9,2;8,4;85;81;81;143;13,6;10,4;
2026/08/13;0400 UTC;0;1021,2;1021,4;1021,1;0;11,5;8,6;11,6;11,4;8,9;8,5;84;82;82;142;13,1;10;
2026/08/13;0500 UTC;0;1021,3;1021,3;1020,7;0;11,5;8,6;11,6;11,4;8,9;8,1;84;80;82;145;13,5;9,8;
2026/08/13;0600 UTC;0;1021;1021,5;1021;0;11,2;8,8;11,5;11,2;9;8,6;85;82;85;149;12,4;9,8;
2026/08/13;0700 UTC;0;1021;1021,1;1020,8;0;11,2;8,8;11,2;11,1;9;8,4;87;83;85;145;12,6;9,8;
2026/08/13;0800 UTC;0;1020,7;1021;1020,4;0;11;8,6;11,2;11;8,8;8,3;85;83;85;147;12,4;9,4;
2026/08/13;0900 UTC;0;1020,7;1020,8;1020,5;0;11;8,6;11;10,9;8,8;8,3;86;84;85;148;12,4;9,5;
2026/08/13;1000 UTC;0;1021,6;1021,6;1020,7;0;11;8,5;11,1;11;8,7;8,3;85;83;85;152;12,7;9,3;
2026/08/13;1100 UTC;0;1022,1;1022,1;1021,5;38,3;11,3;8,9;11,3;11;8,9;8,5;86;84;85;148;10,9;7,9;
2026/08/13;1200 UTC;0;1022,1;;;;11,3;8,9;;;;;;;85;155;9,5;6,3;
2026/08/13;1300 UTC;0;1023,6;1023,6;1023;662,8;12,6;9,9;12,6;11,7;9,9;9,1;85;82;83;158;8,2;6,2;
2026/08/13;1400 UTC;0;1023,7;1023,7;1023,6;508,3;12,3;9,8;12,8;12,2;9,9;9,7;85;82;85;159;7,9;6,5;
2026/08/13;1500 UTC;0;1024;1024;1023,7;645,5;12,7;10,2;13;12,2;10,2;9,7;85;82;85;147;8,1;5,3;
2026/08/13;1600 UTC;0;1023,9;1024,3;1023,9;493,4;12,5;10,3;12,8;12,5;10,6;10,2;87;85;86;156;6,5;5,5;
2026/08/13;1700 UTC;0;1023,4;1023,8;1023,1;253,9;12,1;10,2;12,5;12,1;10,3;9,5;88;84;88;145;6,7;3,7;
2026/08/13;1800 UTC;0;1023,7;1023,8;1023,4;156;11,8;10,6;12,1;11,8;10,6;10,1;92;88;92;147;5,4;4,5;
2026/08/13;1900 UTC;1;1024,1;1024,1;1023,6;200,2;11,1;10,4;11,8;11,1;10,8;10,3;95;93;95;113;7,7;5,5;
2026/08/13;2000 UTC;0;1024,4;1024,4;1024,1;120,6;11,1;10,3;11,1;10,7;10,5;10,2;97;95;95;118;9;4,1;
2026/08/13;2100 UTC;0;1025;1025;1024,4;38,4;11,5;10,1;11,5;11,1;10,3;10,1;95;91;92;129;5,9;4,9;
2026/08/13;2200 UTC;0;1025,4;1025,4;1025;0;11,5;9,6;11,5;11,4;10,2;9,6;92;88;88;121;6,6;5,3;
2026/08/13;2300 UTC;,2;1025,6;1025,6;1025,3;0;11,7;9,5;11,7;11,5;10,1;9,5;90;86;86;125;9,2;7;
2026/08/14;0000 UTC;0;1025,9;1026;1025,6;0;11,7;9,9;11,8;11,6;10;9,6;90;86;89;123;8,5;5,6;
2026/08/14;0100 UTC;0;1026,3;1026,3;1025,9;0;11,8;10,1;11,8;11,7;10,1;9,8;89;88;89;116;7,8;6;
2026/08/14;0200 UTC;0;1026,1;1026,3;1026,1;0;11,7;10,3;11,8;11,7;10,5;10;92;89;92;129;8,2;6,3;
2026/08/14;0300 UTC;0;1026,2;1026,2;1026;0;11,9;9,6;11,9;11,7;10,3;9,6;91;86;86;111;9;6,5;
2026/08/14;0400 UTC;0;1026,1;1026,3;1026;0;12;9,6;12,1;11,9;9,6;9,4;85;84;85;106;10;6,4;
2026/08/14;0500 UTC;0;1025,8;1026,1;1025,8;0;12;9,5;12;12;9,7;9,5;85;85;85;108;8,8;6,5;
2026/08/14;0600 UTC;0;1025,4;1025,8;1025,4;0;12,1;9,6;12,1;12;9,6;9,4;85;84;85;104;10,3;6,7;
2026/08/14;0700 UTC;0;1025,2;1025,4;1025,2;0;12;9,7;12,1;12;9,7;9,6;86;85;86;101;9;6,7;
2026/08/14;0800 UTC;0;1025,3;1025,3;1025,1;0;12;9,9;12;12;9,9;9,7;87;86;87;108;9,2;6,8;
2026/08/14;0900 UTC;0;1025,8;1025,8;1025,3;0;12;10,1;12;12;10,1;9,9;88;87;88;101;8,5;5,7;
2026/08/14;1000 UTC;0;1026,2;1026,2;1025,8;0;12;10,4;12,1;12;10,4;10,1;90;88;90;104;7,9;5,5;
2026/08/14;1100 UTC;0;1026,5;1026,5;1026,3;64,9;12,3;10,5;12,3;12;10,5;10,4;90;89;89;102;9;6,7;
2026/08/14;1200 UTC;0;1026,6;1026,6;1026,5;270,9;12,5;10,6;12,5;12,3;10,6;10,5;89;88;88;99;9,2;6,5;
2026/08/14;1300 UTC;0;1027,4;1027,4;1027;1186,3;14;11,1;14,2;13;11,3;10,1;83;82;83;85;9,2;5,9;
2026/08/14;1400 UTC;0;1027,5;1027,6;1027,4;1722,5;15;11,3;15;13,7;11,4;11;84;78;79;71;8,1;5,7;
2026/08/14;1500 UTC;0;1027,2;1027,5;1027,2;2288,5;15,3;11,4;15,7;14,6;11,6;11,2;81;76;77;73;8,7;6,1;
2026/08/14;1600 UTC;0;1026,6;1027,2;1026,6;2505,9;15,5;11,8;15,7;15,2;12;11,4;80;77;79;81;8;5;
2026/08/14;1700 UTC;0;1025,9;1026,6;1025,8;2378,7;15,5;11,9;15,7;15,4;12;11,7;80;78;79;86;7,9;5,1;
2026/08/14;1800 UTC;0;1025,3;1025,9;1025,3;2085,6;14,9;11,8;15,6;14,9;12,1;11,7;81;78;81;92;8,3;6,6;
2026/08/14;1900 UTC;0;1024,7;1025,3;1024,7;872,3;13,1;11,3;14,9;13,1;11,8;11,3;89;82;89;88;8,7;6,1;
2026/08/14;2000 UTC;0;1024,5;1024,7;1024,4;654;13,8;11,2;14,2;13,1;11,4;11,2;89;82;84;79;7,7;5,1;
2026/08/14;2100 UTC;0;1024,6;1024,7;1024,4;237,1;12,6;10,8;13,8;12,6;11,2;10,8;89;85;89;59;7,3;5,3;
2026/08/14;2200 UTC;0;1024,9;1024,9;1024,6;,8;12,5;10,6;12,6;12,4;10,9;10,6;90;88;88;64;7;4,2;
2026/08/14;2300 UTC;0;1024,9;1025;1024,7;0;12,6;10,7;12,7;12,5;10,7;10,6;89;87;88;77;8,1;5,4;
2026/08/15;0000 UTC;0;1025,3;1025,3;1024,9;0;12,3;10,8;12,8;12,3;10,8;10,6;90;87;90;86;7,4;4,7;
2026/08/15;0100 UTC;0;1025,6;1025,7;1025,3;0;12,3;11;12,3;12,1;11;10,7;92;91;92;93;6,6;5,4;
2026/08/15;0200 UTC;0;1025,4;1025,7;1025,4;0;12,3;10,9;12,5;12,3;11;10,9;92;90;91;87;7,5;5,7;
2026/08/15;0300 UTC;0;1025,2;1025,4;1025,1;0;12,7;10,9;12,7;12,3;11;10,8;91;89;89;83;9,6;6,4;
2026/08/15;0400 UTC;0;1024,9;1025,2;1024,9;0;12,9;11,2;12,9;12,7;11,2;10,9;90;88;90;84;8,4;5,8;
2026/08/15;0500 UTC;0;1024,4;1024,9;1024,4;0;12,9;11,2;13;12,9;11,3;11,2;90;89;90;85;8,8;6,1;
2026/08/15;0600 UTC;0;1024;1024,4;1024;0;13,1;11,3;13,1;12,9;11,3;11,2;90;88;89;74;9;6,7;
2026/08/15;0700 UTC;0;1023,4;1024;1023,3;0;13,1;11,4;13,1;13;11,4;11,3;90;89;90;72;10;7,1;
2026/08/15;0800 UTC;0;1022,7;1023,5;1022,7;0;12,9;11,5;13,1;12,9;11,5;11,4;91;90;91;68;10,2;6,7;
2026/08/15;0900 UTC;0;1022,5;1022,8;1022,4;0;13,1;11,5;13,1;12,9;11,6;11,5;91;90;90;72;10,4;7,6;
2026/08/15;1000 UTC;0;1022,4;1022,6;1022,3;0;13,2;11,2;13,2;13,1;11,5;11,2;90;88;88;73;11,1;8,1;
2026/08/15;1100 UTC;0;1023,2;1023,2;1022,4;30,5;13,3;11,5;13,3;13,1;11,5;11,3;89;88;89;68;10,5;6,5;
2026/08/15;1200 UTC;0;1023,2;1023,3;1023,1;196,2;13,4;11,7;13,4;13,3;11,7;11,5;90;89;89;72;10,8;8,3;
2026/08/15;1300 UTC;0;1023,2;;;;13,4;11,7;;;;;;;89;59;12,4;7,3;
2026/08/15;1400 UTC;0;1022,8;1022,9;1022,7;736,1;14;12,2;14,3;13,6;12,3;12;90;87;89;57;10,4;6,1;
2026/08/15;1500 UTC;0;1022,4;1022,8;1022,4;833,6;14,5;12,5;14,5;14;12,5;12,2;89;87;88;54;9,9;6,3;
2026/08/15;1600 UTC;0;1020,8;1022,3;1020,8;1252,2;14,7;12,5;15,1;14,6;12,8;12,4;87;85;87;54;9,7;6,1;
2026/08/15;1700 UTC;0;1020;1020,8;1019,9;971,1;14,6;12,7;15,2;14,6;12,8;12,6;88;85;88;49;11;5,7;
2026/08/15;1800 UTC;0;1018,8;1020;1018,8;488,8;14,1;12,7;14,7;14,1;12,8;12,6;91;88;91;50;8,5;5,2;
2026/08/15;1900 UTC;0;1017,7;1018,8;1017,7;421,9;14,1;12,7;14,4;14;12,8;12,6;92;90;91;49;10,4;6,2;
2026/08/15;2000 UTC;0;1017,9;1017,9;1017,6;175,9;13,7;12,7;14,1;13,7;12,7;12,6;93;91;93;46;9,6;5;
2026/08/15;2100 UTC;0;1016,9;1017,9;1016,9;37;13,5;12,6;13,9;13,5;12,8;12,6;95;93;95;55;9;6;
2026/08/15;2200 UTC;0;1017,3;1017,4;1016,9;,1;13,9;13,1;14,5;13,5;13,5;12,7;95;93;95;50;10,5;5,8;
2026/08/15;2300 UTC;0;1017,3;1017,6;1017,3;0;14,8;14,4;14,8;13,9;14,5;13,1;99;94;98;42;11,5;6,4;
2026/08/16;0000 UTC;0;1017,4;1017,4;1017,2;,4;14,2;14,1;14,7;13,9;14,2;13,7;99;97;99;49;9,8;6,5;
2026/08/16;0100 UTC;0;1017;1017,3;1017;0;13,8;13,7;14,4;13,8;14,2;13,7;99;99;99;47;10,4;6,4;
2026/08/16;0200 UTC;0;1016,5;1017;1016,3;0;14,1;13,9;14,2;13,6;14;13,5;99;98;99;48;10,9;6,5;
2026/08/16;0300 UTC;0;1016;1016,6;1016;0;15,7;15,1;15,7;14,2;15,1;13,9;99;96;96;35;16;8;
2026/08/16;0400 UTC;0;1016,1;1016,6;1015,9;0;15,7;15,2;15,8;15,7;15,2;15,1;97;96;97;29;14,1;7,1;
2026/08/16;0500 UTC;0;1016,1;1016,1;1015,9;0;15,5;15,2;15,7;15,5;15,2;15,2;98;97;98;28;12,5;6,8;
2026/08/16;0600 UTC;0;1015,3;1016,1;1015,2;0;15,4;15,2;15,5;15,4;15,3;15,2;99;98;99;27;11,1;6;
2026/08/16;0700 UTC;0;1014,9;1015,3;1014,8;0;15,4;15,3;15,4;15,4;15,3;15,2;99;99;99;27;8,6;4,5;
2026/08/16;0800 UTC;0;1013,7;1014,8;1013,7;1,3;14,3;14,3;15,4;13,9;15,3;13,8;100;98;100;45;8,5;4,1;
2026/08/16;0900 UTC;0;1013,7;1013,8;1013,1;,2;15,4;15,4;15,4;14;15,4;14;100;99;100;22;7,7;4,8;
2026/08/16;1000 UTC;0;1014,4;1014,6;1013,6;0;15,7;15,7;15,7;15,4;15,7;15,4;100;100;100;5;9,6;5,3;
2026/08/16;1100 UTC;0;1013,1;1014,4;1012,6;24,3;15;15;15,8;14,6;15,8;14,5;100;99;100;32;7,9;3,5;
2026/08/16;1200 UTC;0;1013,1;;;;15;15;;;;;;;100;53;6;4;
2026/08/16;1300 UTC;0;1012,6;1012,8;1012,4;411;16,5;16,4;16,5;15,5;16,5;15,5;100;100;100;10;9,9;5,1;
2026/08/16;1400 UTC;,8;1013,2;1013,3;1011,6;293,2;17,4;17,3;17,4;16,5;17,3;16,5;100;99;99;357;11;6,1;
2026/08/16;1500 UTC;4,4;1012;1013,1;1012;91,1;17,4;17,2;17,5;17,4;17,3;17,2;99;99;99;7;11,3;4;
2026/08/16;1600 UTC;5,6;1011,9;1012,4;1011,9;120,7;18,3;18;18,3;17,3;18;17,1;99;98;98;350;13,6;8,7;
2026/08/16;1700 UTC;5;1010,8;1012,2;1010,7;103;18,3;18;18,3;18,2;18;17,8;98;98;98;12;13,4;7;
2026/08/16;1800 UTC;,6;1009,7;1010,8;1009,7;206,9;18,9;18,1;18,9;18,4;18,2;18;98;96;96;14;15,2;9,1;
2026/08/16;1900 UTC;0;1010,1;1010,1;1008,9;325,2;18,8;18;18,9;18,8;18,2;17,9;96;94;95;12;17;8,8;
2026/08/16;2000 UTC;5,8;1010,3;1011;1009,9;52,3;18,2;17,7;18,8;18,2;18;17,7;97;94;97;6;15,7;8,6;
2026/08/16;2100 UTC;2,6;1010,4;1011;1010,1;25,5;17,9;17,4;18,2;17,9;17,7;17,4;97;97;97;6;15,1;9,3;
2026/08/16;2200 UTC;5;1011;1011,1;1009,8;0;17,8;17,2;18;17,8;17,4;17,2;97;96;96;10;15,5;9,1;
2026/08/16;2300 UTC;,4;1011,6;1011,8;1010,7;,1;17,6;16,6;17,9;17,6;17,2;16,6;96;92;94;20;19,3;8,6;
2026/08/17;0000 UTC;0;1011,9;1012;1011,5;0;17,7;16,5;17,7;17,6;16,6;16,5;94;93;93;17;15,6;7,2;
2026/08/17;0100 UTC;0;1011,5;1012,2;1011,4;0;18;16,5;18;17,8;16,5;16,4;92;91;91;16;15,3;7,3;
2026/08/17;0200 UTC;0;1011,5;1012,1;1011,4;0;18,1;17;18,2;18;17;16,5;93;91;93;7;13;6,9;
2026/08/17;0300 UTC;0;1012,4;1012,4;1011,4;0;17,8;17,1;18,1;17,8;17,1;17;95;93;95;341;12,8;5,1;
2026/08/17;0400 UTC;0;1012,8;1012,8;1012,3;0;17,7;17,2;17,8;17,7;17,2;17,1;97;95;97;334;8,1;2,9;
2026/08/17;0500 UTC;0;1013,1;1013,1;1012,8;0;17,1;16,8;17,7;17,1;17,2;16,8;98;97;98;338;4,3;2,3;
2026/08/17;0600 UTC;0;1012,5;1013,1;1012,5;0;17,2;17,1;17,2;17,1;17,1;16,8;99;98;99;355;4,9;3,3;
2026/08/17;0700 UTC;0;1011,4;1012,5;1011,3;0;15,7;15,5;17,2;15,7;17,1;15,5;100;98;98;170;5,1;1,3;
2026/08/17;0800 UTC;0;1011,5;1012;1011,3;1,1;13,3;13,2;15,6;13,3;15,3;13,2;100;98;100;182;7,6;5,1;
2026/08/17;0900 UTC;0;1012,3;1012,3;1011,5;0;13,1;13,1;13,3;13,1;13,2;13,1;100;100;100;191;7,2;5,8;
2026/08/17;1000 UTC;2,8;1012,3;;;;13,1;13,1;;;;;;;100;199;8,9;7;
2026/08/17;1100 UTC;3;1014,4;1014,4;1012,6;,4;12,8;12,8;13;12,8;13;12,8;100;100;100;197;10;7,5;
2026/08/17;1200 UTC;4,8;1014,9;1014,9;1013,4;21,4;12,7;12,7;12,8;12,7;12,8;12,7;100;100;100;196;9,6;7,6;
2026/08/17;1300 UTC;1,2;1015,5;1015,7;1014,6;70,3;12,8;12,8;12,8;12,7;12,8;12,7;100;100;100;194;10,6;7,5;
2026/08/17;1400 UTC;1,4;1015,2;1015,5;1014,4;95,8;12,7;12,7;12,8;12,7;12,8;12,7;100;100;100;188;11,2;8,7;
2026/08/17;1500 UTC;3,8;1015,8;1016,2;1014,6;71,7;12,8;12,8;12,8;12,6;12,8;12,6;100;100;100;185;11,6;5,9;
2026/08/17;1600 UTC;3,6;1015,3;1016,1;1014,7;102,2;13;13;13;12,7;13;12,7;100;100;100;179;7,6;4,4;
2026/08/17;1700 UTC;1;1014;1015,3;1013,4;224,6;13;13;13,1;13;13,1;13;100;100;100;186;8;5;
2026/08/17;1800 UTC;,6;1013,4;1013,9;1012,6;124,6;12,9;12,9;12,9;12,8;12,9;12,8;100;100;100;187;6,8;5,2;
2026/08/17;1900 UTC;5;1014,6;1014,6;1013,5;40,8;12,8;12,8;12,9;12,8;12,9;12,8;100;100;100;198;7,9;6,4;
2026/08/17;2000 UTC;7,4;1013,9;1014,7;1013,1;10,6;12,8;12,8;12,8;12,7;12,8;12,7;100;100;100;179;8,6;6,4;
2026/08/17;2100 UTC;4,4;1014,7;1014,8;1013,4;5,7;12,8;12,8;12,9;12,7;12,9;12,7;100;100;100;191;10,5;8,2;
2026/08/17;2200 UTC;5,2;1016,2;1016,2;1014,8;0;13,1;13,1;13,1;12,8;13,1;12,8;100;100;100;178;10,3;6,8;
2026/08/17;2300 UTC;3,2;1016,3;1016,5;1015,7;0;13,2;13,2;13,2;13,1;13,2;13,1;100;100;100;168;9,4;7,1;
2026/08/18;0000 UTC;2,8;1015,9;1016,5;1014,3;0;13,2;13,2;13,2;13,1;13,2;13,1;100;100;100;136;11,3;7,4;
2026/08/18;0100 UTC;3,2;1017,4;1017,6;1016;0;13,2;13,2;13,3;13,2;13,3;13,2;100;100;100;193;7,6;6,2;
2026/08/18;0200 UTC;4,4;1015,3;1017,8;1015,2;0;12,7;12,7;13,2;12,5;13,2;12,5;100;100;100;137;9,8;7,9;
2026/08/18;0300 UTC;,4;1016,2;1016,7;1015,5;0;13,2;13,2;13,2;12,7;13,2;12,7;100;100;100;139;11,8;7,6;
2026/08/18;0400 UTC;,2;1015,9;1016,7;1015,7;0;13;13;13,2;13;13,2;13;100;100;100;149;9,1;7,6;
2026/08/18;0500 UTC;1,6;1015,7;1016,5;1015,7;0;13,1;13,1;13,2;13;13,2;13;100;100;100;136;9,2;5,7;
2026/08/18;0600 UTC;2;1015,2;1015,8;1015;0;12,7;12,7;13,2;12,7;13,2;12,7;100;100;100;182;8;6;
2026/08/18;0700 UTC;1,6;1016,1;1016,1;1014,9;0;12,5;12,5;12,7;12,4;12,7;12,4;100;100;100;171;10,1;8,5;
2026/08/18;0800 UTC;3,4;1015,8;1016,2;1015,8;0;12,9;12,9;13;12,6;13;12,6;100;100;100;157;12,3;10,5;
2026/08/18;0900 UTC;2;1015,1;1015,9;1014,9;0;12,8;12,8;12,9;12,7;12,9;12,7;100;100;100;146;12,4;9,7;
2026/08/18;1000 UTC;2,2;1017,3;1017,4;1015,2;0;12,7;12,7;12,8;12,7;12,8;12,7;100;100;100;168;10,5;7,2;
2026/08/18;1100 UTC;,4;1017,8;1017,8;1016,7;9,2;12,5;12,5;12,7;12,5;12,7;12,5;100;100;100;169;9,1;7,6;
2026/08/18;1200 UTC;0;1015,5;1018,1;1015,5;39,5;12,3;12,3;12,5;12,3;12,5;12,3;100;100;100;157;14,2;7,4;
2026/08/18;1300 UTC;,6;1015,5;;;;12,3;12,3;;;;;;;100;167;13,3;6,6;
2026/08/18;1400 UTC;1,6;1019,2;1020,1;1018,2;187,3;12,2;12,2;12,4;12,2;12,4;12,2;100;100;100;155;10,1;8,6;
2026/08/18;1500 UTC;1,4;1019;1020,5;1018,9;243,7;12,2;12,2;12,3;12,2;12,3;12,2;100;100;100;154;11,2;9,5;
2026/08/18;1600 UTC;1,2;1019,2;1019,4;1018,8;298;12,2;12,2;12,3;12,1;12,3;12,1;100;100;100;165;12,1;9,4;
2026/08/18;1700 UTC;,4;1019,2;1019,3;1017,3;238,9;11,9;11,9;12,2;11,8;12,2;11,8;100;100;100;169;14,4;9,8;
2026/08/18;1800 UTC;,8;1019,2;1019,2;1017,8;371,5;11,9;11,9;12,1;11,9;12,1;11,9;100;100;100;162;14;9,7;
2026/08/18;1900 UTC;,6;1018,7;1019,4;1018,1;298,1;12;12;12,1;11,9;12,1;11,9;100;100;100;149;14,4;10,3;
2026/08/18;2000 UTC;,2;1020,2;1020,7;1018,7;90,3;11,9;11,9;11,9;11,7;11,9;11,7;100;100;100;160;12,4;5,6;
2026/08/18;2100 UTC;,6;1019,4;1020,1;1018,8;76,9;11,8;11,8;12;11,8;12;11,8;100;100;100;163;10,5;7,5;
2026/08/18;2200 UTC;0;1020,6;1020,6;1018,6;,3;11,6;11,5;11,8;11,6;11,8;11,5;100;99;99;174;10,9;7,1;
2026/08/18;2300 UTC;0;1020,8;1020,9;1020,5;0;11,5;11,3;11,6;11,5;11,5;11,3;99;98;98;170;9,8;7,5;
2026/08/19;0000 UTC;0;1020,9;1021;1020,6;0;11,3;10,9;11,6;11,3;11,3;10,9;98;97;97;168;9,6;7,4;
2026/08/19;0100 UTC;0;1020,9;1021,3;1020,7;0;11,4;10,8;11,5;11,3;10,9;10,7;97;95;96;171;9,4;7,5;
2026/08/19;0200 UTC;0;1020,9;1021,3;1020,7;0;11,5;10,6;11,5;11,4;10,8;10,6;96;94;94;153;9,5;7,7;
2026/08/19;0300 UTC;0;1021,7;1021,9;1020,8;0;11,7;10,7;11,7;11,5;10,8;10,5;95;94;94;156;9,7;6;
2026/08/19;0400 UTC;0;1021,8;1022,1;1021,6;0;11,3;10,5;11,7;11,3;10,8;10,4;95;94;95;171;8,2;6,8;
2026/08/19;0500 UTC;0;1021,8;1022;1021,5;0;11,4;10,6;11,4;11,3;10,6;10,3;95;94;94;169;7,3;6,1;
2026/08/19;0600 UTC;0;1021,4;1021,9;1021,3;0;11,2;10,3;11,5;11,2;10,6;10,3;95;94;94;162;7,7;5,9;
2026/08/19;0700 UTC;0;1021;1021,6;1021;0;11,1;10,3;11,2;11,1;10,4;10,3;95;94;95;172;7,4;6,3;
2026/08/19;0800 UTC;0;1020,9;1021,1;1020,6;0;11;10,2;11,1;10,9;10,4;10,1;95;94;95;170;8,2;6,8;
2026/08/19;0900 UTC;0;1021,7;1021,7;1020,8;0;11;10,2;11,1;10,9;10,3;10,1;95;94;95;170;8,6;6,3;
2026/08/19;1000 UTC;0;1022,8;1022,8;1021,8;0;10,9;10,2;11,1;10,8;10,3;10;95;94;95;176;6,4;4,9;
2026/08/19;1100 UTC;0;1023,4;1023,4;1022,7;30,3;11,1;10,4;11,1;10,9;10,4;10,2;96;95;95;177;6,3;5,3;
2026/08/19;1200 UTC;0;1023,4;;;;11,1;10,4;;;;;;;95;173;7,1;5,7;
2026/08/19;1300 UTC;0;1023,9;1024,3;1023,8;463;12,3;10,8;12,3;11,3;10,8;10;92;91;91;162;7,9;6,3;
2026/08/19;1400 UTC;0;1024,3;1024,4;1023,9;932,2;12,5;10,8;12,9;12,3;11,1;10,7;91;88;89;157;8,1;6,1;
2026/08/19;1500 UTC;0;1023,7;1024,4;1023,7;856,6;12,8;11;12,8;12,4;11,1;10,6;90;88;89;147;7,8;5,8;
2026/08/19;1600 UTC;0;1022,9;1023,7;1022,9;899,6;12,6;10,7;13,1;12,2;11,1;10,5;90;87;88;144;7,2;5,5;
2026/08/19;1700 UTC;0;1022,5;1023;1022,5;1374,1;13;10,9;14,2;12,6;11,7;10,6;89;82;88;141;6,3;4,3;
2026/08/19;1800 UTC;0;1022,3;1022,5;1021,9;511,6;12,3;10,7;13;12,2;11;10,5;91;86;90;131;5,6;3;
2026/08/19;1900 UTC;0;1022,2;1022,3;1022,1;255,3;12,4;10,9;12,4;12,2;11;10,5;91;90;91;121;3,4;1,9;
2026/08/19;2000 UTC;0;1021,5;1022,3;1021,2;147,8;12,3;11,2;12,4;12,2;11,2;10,8;93;90;93;124;5,1;4,1;
2026/08/19;2100 UTC;0;1021,9;1022,2;1021,4;46,4;12,1;11,1;12,3;12;11,2;10,9;94;92;94;104;4,8;2,6;
2026/08/19;2200 UTC;0;1022;1022;1021,8;0;12,1;11,4;12,1;12;11,4;11,1;96;94;96;92;3,7;2,3;
2026/08/19;2300 UTC;0;1021,7;1022;1021,6;0;12,1;11,5;12,2;12,1;11,5;11,4;96;95;96;87;3,6;2,1;
2026/08/20;0000 UTC;0;1020,9;1021,7;1020,9;0;12,1;11,6;12,2;12,1;11,7;11,5;97;96;97;103;3,7;2,2;
2026/08/20;0100 UTC;0;1021,4;1021,4;1021;0;12,3;11,7;12,3;12,1;11,7;11,6;97;96;96;66;3,3;2,1;
2026/08/20;0200 UTC;,2;1020,7;1021,4;1020,7;0;12,3;11,9;12,4;12,3;11,9;11,7;97;96;97;73;4,1;2,2;
2026/08/20;0300 UTC;,2;1019,7;1020,8;1019,7;0;11,8;11,6;12,3;11,8;12,1;11,6;99;97;99;93;6,4;4;
2026/08/20;0400 UTC;,2;1019,1;1019,8;1019,1;0;11,5;11,3;11,8;11,5;11,7;11,3;99;99;99;111;5,4;3,4;
2026/08/20;0500 UTC;,2;1017,7;1019,1;1017,7;0;11,5;11,4;11,5;11,5;11,4;11,3;99;99;99;125;6,3;5,3;
2026/08/20;0600 UTC;,6;1017,5;1017,9;1017,5;0;11,9;11,9;11,9;11,3;11,9;11,1;100;99;100;125;6,3;4,5;
2026/08/20;0700 UTC;,8;1016,3;1017,5;1016,3;0;12;12;12;11,9;12;11,8;100;100;100;128;6,3;5,1;
2026/08/20;0800 UTC;1,2;1014,9;1016,3;1014,9;0;12;12;12;12;12;12;100;100;100;118;8,1;6,3;
2026/08/20;0900 UTC;2,4;1015,2;1015,2;1014,7;0;12,2;12,2;12,2;12;12,2;12;100;100;100;115;8,1;5,5;
2026/08/20;1000 UTC;4,2;1014,6;1015,3;1014,6;0;12,3;12,3;12,3;12,2;12,3;12,2;100;100;100;122;8,2;6,7;
2026/08/20;1100 UTC;3;1014,2;1014,8;1014,2;33,6;12,4;12,4;12,5;12,3;12,5;12,3;100;100;100;125;8,6;6,9;
2026/08/20;1200 UTC;3,6;1014,1;1014,3;1014,1;62,2;12,5;12,5;12,5;12,4;12,5;12,4;100;100;100;126;9,5;7,5;
2026/08/20;1300 UTC;2,8;1014,1;;;;12,5;12,5;;;;;;;100;130;10,3;7,5;
2026/08/20;1400 UTC;5;1010,4;1013,1;1010,4;223,3;13;13;13;12,6;13;12,6;100;100;100;124;10,9;8,7;
2026/08/20;1500 UTC;,2;1009,2;1010,4;1009,2;182,5;13;13;13,1;12,9;13,1;12,9;100;100;100;122;11;7,1;
2026/08/20;1600 UTC;1;1007,8;1009,2;1007,8;117,4;13,2;13,2;13,2;13;13,2;13;100;100;100;105;9,3;5,5;
2026/08/20;1700 UTC;2,8;1005,9;1007,7;1005,9;347,6;13,7;13,7;13,7;13,2;13,7;13,2;100;100;100;74;8,3;5,5;
2026/08/20;1800 UTC;,2;1004,9;1005,8;1004,9;392,6;13,9;13,9;13,9;13,5;13,9;13,5;100;100;100;38;7,8;3,4;
2026/08/20;1900 UTC;,8;1004,2;1004,8;1004,2;263,5;13,9;13,9;14,2;13,7;14,2;13,7;100;100;100;198;5,6;1,6;
2026/08/20;2000 UTC;,4;1004,3;1004,5;1004;218,1;14,4;14,4;14,4;13,7;14,4;13,7;100;100;100;271;2,8;1,5;
2026/08/20;2100 UTC;,2;1004,2;1004,4;1004,2;48,7;13,2;13,2;14,3;13,2;14,3;13,2;100;100;100;247;5,3;3,6;
2026/08/20;2200 UTC;,2;1005,4;1005,4;1004,2;,4;12,6;12,6;13,1;12,6;13,1;12,6;100;100;100;216;11,3;7,9;
2026/08/20;2300 UTC;1,6;1006,4;1006,4;1005,4;,1;12;12;12,7;12;12,7;12;100;100;100;207;15,6;12,5;
2026/08/21;0000 UTC;4;1008,4;1008,4;1006,3;2,6;10,1;9,4;12;9,9;12;9;100;94;95;207;21,3;16,2;
2026/08/21;0100 UTC;2,2;1009,1;1009,1;1008,6;1,5;10,2;8,8;10,2;9,4;9;6,9;94;84;91;236;17,6;6,4;
2026/08/21;0200 UTC;,2;1009,7;1009,7;1009,1;0;10,3;8,8;10,5;10,2;8,9;8,5;91;88;91;239;9,8;4,7;
2026/08/21;0300 UTC;0;1010;1010;1009,7;0;10,6;8,6;10,6;10,3;8,8;7,9;90;84;87;225;11,4;6,7;
2026/08/21;0400 UTC;0;1010,8;1010,8;1010;0;11,2;9,5;11,2;10,6;9,6;8,6;90;87;89;214;15,7;8,8;
2026/08/21;0500 UTC;0;1011,3;1011,3;1010,7;0;10,7;9,2;11,3;10,7;9,6;9;91;87;91;220;19;7,3;
2026/08/21;0600 UTC;0;1011,8;1011,8;1011,3;0;11;9,1;11;10,7;9,3;9;91;88;88;208;14,6;11;
2026/08/21;0700 UTC;0;1012,3;1012,3;1011,6;0;10,6;8,2;11;10,6;9,2;7,8;89;83;85;203;17,8;13,9;
2026/08/21;0800 UTC;0;1013,7;1013,7;1012,3;0;9,7;7;10,6;9,7;8,4;7;86;82;83;217;18,1;6,6;
2026/08/21;0900 UTC;0;1014,9;1014,9;1013,7;0;9,4;6;9,9;9,4;7,1;5,9;83;79;79;220;13,9;7,6;
2026/08/21;1000 UTC;0;1016;1016;1014,9;0;8,8;4,6;9,4;8,8;6,1;4,6;82;75;75;218;16,6;9,3;
2026/08/21;1100 UTC;0;1016;;;;8,8;4,6;;;;;;;75;220;13,4;8,3;
2026/08/21;1200 UTC;0;1018,1;1018,1;1016,7;454;9,2;3,3;9,3;8,4;4,6;3,2;75;66;67;217;12,6;7,5;
2026/08/21;1300 UTC;0;1019;1019;1018,1;855,1;9,4;3,8;10,1;9,1;4,4;2,9;71;64;68;212;14,2;9,5;
2026/08/21;1400 UTC;0;1019,4;1019,4;1018,9;1035,2;10;4,1;10,3;9,4;4,9;2,9;73;62;67;202;14,7;11,1;
2026/08/21;1500 UTC;0;1019,6;1019,7;1019,2;1579,6;10,7;4,5;10,7;9,6;4,7;2,7;69;60;66;208;15,2;9,7;
2026/08/21;1600 UTC;0;1019,8;1019,9;1019,5;1387,5;10,4;3,3;10,7;9,7;4,8;2,8;69;61;62;212;14,7;10,1;
2026/08/21;1700 UTC;0;1019,7;1019,9;1019,7;1129,3;10;3,8;10,8;9,9;4,6;2,6;69;59;65;208;14,4;9,1;
2026/08/21;1800 UTC;0;1020,3;1020,4;1019,7;1420,8;9,8;2;11;9,8;4,1;1,1;67;53;58;212;15,1;10,6;
2026/08/21;1900 UTC;0;1021;1021;1020,3;1505,1;10,5;2,3;10,8;9,6;3,3;,4;61;52;57;210;15,8;11;
2026/08/21;2000 UTC;0;1021,9;1021,9;1021;904,4;9,5;2;10,5;9,4;2,2;-1,4;59;45;59;219;16;8,5;
2026/08/21;2100 UTC;0;1022,2;1022,2;1021,8;189;8,4;,6;9,6;8,4;2,9;,3;65;56;58;223;14;7,3;
2026/08/21;2200 UTC;0;1022,7;1022,7;1022,2;2,3;7,8;1,2;8,7;7,8;2,2;,4;64;56;63;224;13,5;5,5;
2026/08/21;2300 UTC;0;1023,3;1023,3;1022,7;0;7,5;2,6;7,7;7,4;2,6;1;71;63;71;233;8,2;4,1;
2026/08/22;0000 UTC;0;1023,8;1023,8;1023,3;0;6,7;3,9;7,5;6,7;3,9;2,6;82;71;82;245;7,4;3,7;
2026/08/22;0100 UTC;0;1023,8;1023,8;1023,7;0;6,2;3,6;6,8;6,1;3,9;3,4;84;81;84;259;5,8;3,3;
2026/08/22;0200 UTC;0;1024;1024,2;1023,8;0;5,8;4,1;6,2;5,7;4,1;3,6;89;84;89;267;6,1;3,3;
2026/08/22;0300 UTC;0;1023,9;1024;1023,9;0;5,7;4;5,8;5,6;4,2;4;90;88;89;261;5,8;3,6;
2026/08/22;0400 UTC;0;1023,4;1023,9;1023,4;0;5,3;4;5,8;5,3;4,1;3,9;92;89;91;269;6,2;3,4;
2026/08/22;0500 UTC;0;1023,5;1023,7;1023,4;0;5;4;5,4;5;4,1;4;94;91;94;264;7,1;3,6;
2026/08/22;0600 UTC;0;1023;1023,5;1023;0;4,8;3,7;5;4,8;4;3,7;94;93;93;273;7,2;3,5;
2026/08/22;0700 UTC;0;1022,8;1023;1022,8;0;4,4;3,9;4,8;4,3;3,9;3,7;97;93;97;283;6,5;4;
2026/08/22;0800 UTC;0;1022,7;1022,8;1022,6;0;4,4;3,9;4,5;4,3;4;3,8;97;97;97;275;6,6;4,3;
2026/08/22;0900 UTC;0;1022,9;1022,9;1022,7;0;4,2;3,8;4,4;4,2;4;3,7;97;97;97;276;6,2;3,9;
2026/08/22;1000 UTC;0;1023,1;1023,1;1022,8;0;4,2;3,7;4,3;4,1;3,8;3,5;97;96;96;272;7,2;3,9;
2026/08/22;1100 UTC;0;1023,2;1023,2;1023;199,8;5,3;4,1;5,3;4,2;4,1;3,6;96;92;92;274;6,9;4,2;
2026/08/22;1200 UTC;0;1023,6;1023,6;1023,2;779;7,1;4,6;7,1;5,3;4,7;4,1;92;84;84;266;7,6;4,3;
2026/08/22;1300 UTC;0;1023,8;1023,8;1023,6;1452,4;8,7;4,2;8,7;7,1;5,3;4,2;85;73;73;253;10,5;6,1;
2026/08/22;1400 UTC;0;1023,4;1023,8;1023,3;2173,8;9,7;4,3;9,8;8,6;4,7;3,5;76;67;69;260;12;4,7;
2026/08/22;1500 UTC;0;1023;1023,4;1023;2560,1;10,6;3,7;10,7;9,4;4,7;3,4;70;61;62;271;10,6;6,3;
2026/08/22;1600 UTC;0;1022,2;1023,1;1022,2;2216,1;11,9;4,6;11,9;9,7;4,6;2,6;64;58;61;264;11,3;5,3;
2026/08/22;1700 UTC;0;1021,2;1022,2;1021,2;2678,2;11,9;3,3;12,2;11,2;4,3;2,7;60;54;56;262;11,6;5,9;
2026/08/22;1800 UTC;0;1020,5;1021,2;1020,5;2110,3;11,6;3,2;12,3;11,3;3,8;2;59;51;56;249;13;6,8;
2026/08/22;1900 UTC;0;1020,4;1020,5;1020,3;1593,4;11,9;3,1;12,3;11,2;3,5;2,3;57;50;55;256;12,1;5,5;
2026/08/22;2000 UTC;0;1020,3;1020,5;1020,2;634;11,1;2,7;12;10,9;3,6;2,4;59;53;56;249;11;5,8;
2026/08/22;2100 UTC;0;1020,6;1020,6;1020,2;317,5;10,3;2,9;11,4;10,3;3,4;2,6;60;54;60;255;9,6;4,5;
2026/08/22;2200 UTC;0;1021;1021;1020,6;3,5;9,4;3,2;10,3;9,3;3,5;2,8;67;60;65;247;8,7;3,9;
2026/08/22;2300 UTC;0;1021,7;1021,7;1021;0;8,2;3,2;9,4;8,2;3,8;2,8;71;65;71;245;7,2;3,8;
2026/08/23;0000 UTC;0;1021,8;1021,8;1021,6;0;6,4;3,4;8,2;6,3;3,5;3,1;82;71;81;292;5,6;2,7;
2026/08/23;0100 UTC;0;1021,8;1021,9;1021,8;0;6,9;3,2;6,9;6;3,5;3,2;84;77;77;286;5,5;3,4;
2026/08/23;0200 UTC;0;1021,3;1021,8;1021,3;0;7,3;2,8;7,3;6,8;3,2;2,6;77;72;73;286;6,7;4,1;
2026/08/23;0300 UTC;0;1021,3;1021,4;1021,2;0;7,4;2,6;7,5;7,3;2,7;2,4;73;70;72;292;7,1;4,2;
2026/08/23;0400 UTC;0;1021,3;1021,4;1021,2;0;7,2;2,6;7,3;7,1;3;2,6;75;72;73;281;6,7;4,1;
2026/08/23;0500 UTC;0;1021,4;1021,4;1021,2;0;7,1;2,6;7,5;7,1;2,7;2,2;73;69;73;275;8,1;4,5;
2026/08/23;0600 UTC;0;1021,5;1021,5;1021,3;0;6,4;3;7,1;6,4;3;2,6;79;74;79;272;7,4;4,4;
2026/08/23;0700 UTC;0;1021,4;1021,5;1021,4;0;6,1;3,1;6,4;6,1;3,1;3;81;79;81;276;6,7;4;
2026/08/23;0800 UTC;0;1021,5;1021,6;1021,4;0;5,8;3,2;6;5,6;3,2;2,9;84;81;83;267;6,2;4;
2026/08/23;0900 UTC;0;1022,1;1022,1;1021,4;0;4,9;3;5,8;4,9;3,1;3;88;82;88;272;6,5;3,7;
2026/08/23;1000 UTC;0;1023;1023;1022,1;0;5,4;3,4;5,4;4,8;3,4;3;88;87;87;268;6,2;3,7;
2026/08/23;1100 UTC;0;1023,4;1023,4;1023;158,7;6,2;4,1;6,2;5,4;4,1;3,4;89;86;86;266;6,4;3,4;
2026/08/23;1200 UTC;0;1024,3;1024,3;1023,4;597,4;7,7;5,8;7,7;6,2;5,8;4;89;85;88;239;7,1;4;
2026/08/23;1300 UTC;0;1024,7;1024,7;1024,2;888,3;9,1;6,4;9,5;7,6;6,8;5,8;90;80;83;198;8,8;7,1;
2026/08/23;1400 UTC;0;1025,4;1025,4;1024,7;986,1;8,7;6,1;10;8,3;6,4;4,4;85;72;84;196;12,8;8,4;
2026/08/23;1500 UTC;0;1025,3;1025,5;1025,3;1793,3;10,1;4,7;11,3;8,8;5,8;4,4;81;65;69;189;12,6;9,2;
2026/08/23;1600 UTC;0;1024,8;1025,3;1024,8;1710,2;10,9;4;11,2;9,2;5,3;3,4;73;60;63;194;13,1;8,4;
2026/08/23;1700 UTC;0;1024,3;1024,8;1024,3;1793,9;10,8;4,3;11,4;10,5;4,6;3,5;66;60;64;188;12,1;7,7;
2026/08/23;1800 UTC;0;1024,5;1024,5;1024,2;1548,1;10,4;4,2;12,1;10,3;4,9;2,5;69;54;65;186;12,3;9;
2026/08/23;1900 UTC;0;1024,8;1024,9;1024,5;1690,2;10,3;4;11,3;10,1;5,7;3,8;72;63;65;186;13,4;9,1;
2026/08/23;2000 UTC;0;1025,2;1025,3;1024,8;881,8;9,2;3,9;10,6;9,2;5,3;3,7;71;63;70;186;11,7;8,1;
2026/08/23;2100 UTC;0;1025,5;1025,6;1025;213,7;8,3;3,8;9,1;8,3;4,4;3,7;75;70;73;188;10,7;8;
2026/08/23;2200 UTC;0;1026;1026;1025,5;3,3;7,8;3,6;8,2;7,8;4,7;3,3;79;72;75;191;11,3;8,7;
2026/08/23;2300 UTC;0;1026,4;1026,4;1026;0;7,9;3,1;7,9;7,7;4,7;2,8;80;71;72;195;11,2;8,3;
2026/08/24;0000 UTC;0;1026,5;1026,5;1026,3;0;7,6;3,5;8;7,4;4,9;2,9;83;70;75;197;12,2;9;
2026/08/24;0100 UTC;0;1026,5;1026,6;1026,3;0;7,3;3,9;7,8;7,3;4,5;1,9;81;67;79;202;12,2;9,8;
2026/08/24;0200 UTC;0;1026,5;1026,6;1026,4;0;7,4;3,1;7,5;7,2;4;2,5;80;71;74;203;11,8;8,6;
2026/08/24;0300 UTC;0;1026,8;1026,9;1026,5;0;6,9;2,9;7,5;6,9;4,1;2;80;69;75;217;11,5;5,7;
2026/08/24;0400 UTC;0;1026,9;1027;1026,7;0;6,2;1,9;6,8;6;3;1,9;79;72;74;221;8,5;5,2;
2026/08/24;0500 UTC;0;1027;1027,1;1026,8;0;5,1;2,3;6,2;5,1;2,5;1,5;83;73;82;237;5,9;3,2;
2026/08/24;0600 UTC;0;1027;1027;1026,8;0;5,6;3,1;5,6;5,1;3,1;2,3;85;82;84;240;6;3,3;
2026/08/24;0700 UTC;0;1026,5;1026,8;1026,3;0;6;3,6;6,1;5,8;3,6;3,2;85;83;85;245;6,3;2,9;
2026/08/24;0800 UTC;0;1026,7;1026,7;1025,8;0;5,8;3,6;6;5,8;3,8;3,6;87;85;86;253;4,6;2,6;
2026/08/24;0900 UTC;0;1026,8;1027,1;1026,6;0;5,9;3;5,9;5,8;3,6;3;86;81;81;246;4,7;1,8;
2026/08/24;1000 UTC;0;1027;1027;1026,6;0;6;2,8;6;5,8;3,3;2,7;83;79;80;235;4;2,2;
2026/08/24;1100 UTC;0;1027,5;1027,5;1027;92,4;6,6;3,2;6,6;6;3,2;2,7;81;78;79;243;4,4;2,6;
2026/08/24;1200 UTC;0;1027,9;1027,9;1027,5;279,5;7,5;3,7;7,5;6,6;3,9;3,2;81;76;77;233;4,8;2,5;
2026/08/24;1300 UTC;0;1028,1;1028,1;1027,9;777,1;8,8;3,6;8,9;7,4;4,2;3,2;77;69;70;209;6,5;3,9;
2026/08/24;1400 UTC;0;1028,3;1028,5;1028;852,4;9,6;3,9;9,9;8,9;4,1;3,3;71;64;68;174;6,9;4,8;
2026/08/24;1500 UTC;0;1028,1;1028,4;1028,1;934,3;9,7;4,1;10,2;9,4;4,7;3,6;69;66;68;170;6,7;4,5;
2026/08/24;1600 UTC;0;1027,3;1028,1;1027,3;1222,2;10,5;4,4;10,9;9,7;5,1;4,1;69;64;66;175;6,1;3,4;
2026/08/24;1700 UTC;0;1026,5;1027,2;1026,5;991,4;10,2;4,2;10,5;9,7;4,7;3,7;68;64;66;176;6,2;4,3;
2026/08/24;1800 UTC;0;1026,1;1026,5;1026,1;1034,8;9,8;4,1;10,5;9,8;4,6;3,8;69;64;67;175;5,9;4,3;
2026/08/24;1900 UTC;0;1025,7;1026,1;1025,7;818,5;9,8;3,9;9,9;9,7;4,5;3,7;70;65;67;178;6,6;4,7;
2026/08/24;2000 UTC;0;1025,2;1025,7;1025,1;508,8;8,7;3,6;9,8;8,7;4,2;3,4;72;64;70;167;6,8;5,3;
2026/08/24;2100 UTC;0;1025,5;1025,5;1025;164;7,8;3,1;8,7;7,8;3,6;2,5;73;69;72;182;8;5,8;
2026/08/24;2200 UTC;0;1025,6;1025,6;1025,3;3,1;7,3;3,2;7,8;7,2;3,3;2,5;76;70;75;173;6,8;4,7;
2026/08/24;2300 UTC;0;1025,9;1025,9;1025,5;0;7;2,7;7,3;6,9;3,2;2,5;75;73;74;160;6,2;3,9;
2026/08/25;0000 UTC;0;1025,8;1025,9;1025,5;0;6,9;3,2;7;6,7;3,5;2,6;79;74;77;152;5,2;3,4;
2026/08/25;0100 UTC;0;1025,9;1026;1025,6;0;5,2;2,5;7;5,2;3,7;2,5;83;77;83;135;4,4;1,7;
2026/08/25;0200 UTC;0;1025,7;1026;1025,6;0;4,2;2,9;5;3,8;3,2;2,3;93;84;92;89;3,9;,9;
2026/08/25;0300 UTC;0;1025,6;1025,8;1025,5;0;3,9;2,5;4,1;3,8;3;2,5;94;91;91;289;2,2;1,5;
2026/08/25;0400 UTC;0;1025,4;1025,7;1025,4;0;4,5;2,9;4,5;3,8;3;2,5;92;90;90;257;2,9;2;
2026/08/25;0500 UTC;0;1024,9;1025,5;1024,9;0;4,5;3,1;4,9;4,3;3,3;2,9;91;89;91;286;2,6;1,5;
2026/08/25;0600 UTC;0;1024,1;1024,9;1024,1;0;3,5;2,8;4,3;3,5;3,2;2,6;95;92;95;266;2,1;1;
2026/08/25;0700 UTC;0;1023,8;1024,1;1023,7;0;4,6;3,9;4,6;3,5;4;2,8;96;95;95;303;2,6;2;
2026/08/25;0800 UTC;0;1023,2;1023,7;1023,2;0;5,1;4,4;5,1;4,6;4,4;3,8;95;94;95;274;2,8;1,6;
2026/08/25;0900 UTC;0;1023,7;1023,9;1023;0;5,5;4,7;5,5;5,1;4,7;4,4;96;95;95;231;3,1;1,4;
2026/08/25;1000 UTC;0;1023,9;1023,9;1023,4;0;5,5;4,8;5,5;5,5;4,8;4,7;95;94;95;305;2,1;,6;
2026/08/25;1100 UTC;0;1024;1024,1;1023,1;146,1;6,9;5,9;6,9;5,6;5,9;4,9;95;93;93;288;2,1;,4;
2026/08/25;1200 UTC;0;1024,1;1024,4;1024;277;8,2;6,2;8,3;6,9;6,4;5,9;93;87;87;112;1;,5;
2026/08/25;1300 UTC;0;1024,3;1024,3;1023,4;695,8;9,9;5,5;10,2;8,2;6,8;5,4;88;73;74;67;3,8;1,2;
2026/08/25;1400 UTC;0;1024,3;1024,7;1023,3;977,5;11,7;6,4;11,9;9,7;7,2;5,3;77;69;70;138;4,3;1,9;
2026/08/25;1500 UTC;0;1022,9;1024,5;1022,9;1441,4;12,4;7,2;12,4;11,1;7,5;6,3;75;68;70;97;4,3;3,1;
2026/08/25;1600 UTC;0;1022,8;1023,1;1022,7;2045,5;12,9;7,3;13,2;12,3;7,6;6,5;71;65;69;109;4,9;3,4;
2026/08/25;1700 UTC;0;1022;1022,8;1022;1282,9;11,6;7,1;13,2;11,2;7,6;6,8;77;67;74;124;5,4;4,2;
2026/08/25;1800 UTC;0;1021,2;1022,1;1021,2;1164;11,7;7,7;11,8;11,2;7,8;6,9;79;73;76;121;5,9;4,5;
2026/08/25;1900 UTC;0;1020,5;1021,2;1020,5;1177,3;11,3;7,7;12,2;11,1;7,9;7,3;79;74;78;114;6,2;4,6;
2026/08/25;2000 UTC;0;1020,5;1020,5;1020,2;1023,9;10,8;7,3;11,7;10,7;7,8;7,2;81;75;79;104;6,7;5,1;
2026/08/25;2100 UTC;0;1020,5;1020,7;1020,2;322,8;9,5;7,6;10,8;9,5;7,6;7,3;88;79;88;102;7;4,9;
2026/08/25;2200 UTC;0;1020,9;1021,1;1020,5;2,5;9,8;6,7;9,9;9,4;7,6;6,6;88;81;81;77;6,7;4,2;
2026/08/25;2300 UTC;0;1021,2;1021,3;1020,9;0;9,6;7,5;9,8;9,6;7,5;6,7;87;81;87;75;6,4;3,9;
2026/08/26;0000 UTC;0;1020,2;1021,2;1020,2;0;9,4;7,9;9,6;9,3;8;7,5;91;87;91;79;5,9;4,3;
2026/08/26;0100 UTC;0;1020,2;1020,4;1020;0;9,6;8,4;9,6;9,4;8,4;8;93;91;92;78;6;3,9;
2026/08/26;0200 UTC;0;1020,7;1020,7;1019,9;0;10;8,9;10;9,6;9;8,4;94;92;93;79;5,8;3,3;
2026/08/26;0300 UTC;0;1020,2;1020,9;1020,1;0;10,2;9,2;10,2;9,9;9,3;8,9;94;93;94;70;4,9;3,1;
2026/08/26;0400 UTC;0;1018,9;1020,2;1018,9;0;10,5;9,6;10,5;10,2;9,6;9,2;94;94;94;69;5,9;4,2;
2026/08/26;0500 UTC;0;1019,3;1019,3;1018,8;0;10,2;9,4;10,5;10,2;9,7;9,4;95;94;95;22;6,1;1,8;
2026/08/26;0600 UTC;0;1018,4;1019,5;1018,4;0;9;8,6;10,1;9;9,3;8,6;97;95;97;333;2,6;1,3;
2026/08/26;0700 UTC;0;1017,2;1018,4;1017,2;0;9,2;8,9;9,2;8,8;8,9;8,4;99;97;98;41;3,3;2;
2026/08/26;0800 UTC;0;1016,8;1017,2;1016,5;0;10,4;9,9;10,4;9,3;9,9;9;99;97;97;48;4,1;2,3;
2026/08/26;0900 UTC;0;1017,4;1017,4;1016,8;0;10,2;9,8;10,5;10,1;10;9,5;97;96;97;51;4,6;1,9;
2026/08/26;1000 UTC;0;1017,4;;;;10,2;9,8;;;;;;;97;72;4,1;2,3;
2026/08/26;1100 UTC;0;1017,2;1017,9;1017,2;124,5;11,2;10,7;11,2;10,5;10,7;10;97;96;96;59;4,1;2,8;
2026/08/26;1200 UTC;0;1017,5;1018,1;1017,2;397,2;12,6;11,5;12,6;11,3;11,6;10,7;96;93;93;60;4,6;2,7;
2026/08/26;1300 UTC;0;1016,8;1017,5;1016,8;1502,4;14;11,3;14,1;12,5;11,8;11,3;93;84;84;54;6;4,1;
2026/08/26;1400 UTC;0;1016,4;1017;1016,4;2188,3;14,8;11,6;14,8;13,9;11,8;11,3;85;81;81;57;7,2;4,6;
2026/08/26;1500 UTC;0;1015,3;1016,4;1015,2;1780;14,5;11,4;15,2;13,7;11,8;11,2;85;79;82;53;8,9;5,5;
2026/08/26;1600 UTC;0;1014,4;1015,4;1014,2;1804,2;14,4;11,4;14,7;14,3;11,6;11,3;83;80;83;54;9,1;5,7;
2026/08/26;1700 UTC;0;1013,6;1014,4;1013,6;1249,5;15,4;12;15,4;13,7;12;11,3;86;80;80;68;8,1;5,2;
2026/08/26;1800 UTC;0;1013,1;1013,5;1013;1277,5;14,2;11,7;15,5;14;12;11,6;86;79;85;58;8,2;5,7;
2026/08/26;1900 UTC;0;1011,3;1013;1011,3;929;13,5;11,7;14,5;13,5;11,8;11,6;89;84;89;51;8,5;5,7;
2026/08/26;2000 UTC;0;1011,5;1011,6;1011,1;874;14,1;12,1;14,2;13,6;12,2;11,8;89;87;88;48;9;5,5;
2026/08/26;2100 UTC;0;1011,2;1011,5;1011,2;178,6;13,5;12,3;14;13,4;12,3;12,1;93;88;93;43;8,4;5,6;
2026/08/26;2200 UTC;0;1010,9;1011,6;1010,9;1,9;13,1;12,3;13,5;13,1;12,6;12,2;95;93;95;45;7,7;5;
2026/08/26;2300 UTC;0;1011,1;1011,2;1010,8;0;14,1;13,6;14,1;13,1;13,6;12,3;97;95;96;29;9,2;5,7;
2026/08/27;0000 UTC;0;1010,5;1011,4;1010,5;0;14,1;13,8;14,2;14,1;13,8;13,6;98;96;98;32;9,8;5,7;
2026/08/27;0100 UTC;0;1011,1;1011,1;1010,1;0;14;13,4;14;13,9;13,7;13,4;98;96;96;25;9,9;4,5;
2026/08/27;0200 UTC;0;1010,8;1011,2;1010,5;0;13,8;13,5;14;13,8;13,5;13,4;98;96;98;27;10,1;4,6;
2026/08/27;0300 UTC;0;1009,9;1010,8;1009,8;0;13,8;13,7;13,8;13,7;13,7;13,5;99;98;99;27;9,6;5,2;
2026/08/27;0400 UTC;0;1009,8;1010,3;1009,6;0;14;14;14;13,8;14;13,7;100;99;100;21;9,9;5,1;
2026/08/27;0500 UTC;0;1008,9;1010,2;1008,8;0;14,3;14,3;14,3;14;14,3;14;100;100;100;22;8,2;4,9;
2026/08/27;0600 UTC;0;1008,6;1008,9;1008;0;14,5;14,5;14,5;14,3;14,5;14,3;100;100;100;18;9,1;3,7;
2026/08/27;0700 UTC;0;1007,4;1008,6;1007,1;,1;14,4;14,4;14,5;13,8;14,5;13,8;100;100;100;20;6;2,9;
2026/08/27;0800 UTC;0;1007;1007,8;1007;0;14,7;14,7;14,7;14,4;14,7;14,4;100;100;100;24;6,2;3;
2026/08/27;0900 UTC;0;1005,4;1007;1005,3;,4;14,2;14,2;14,7;13,4;14,7;13,4;100;99;100;38;5,2;3,6;
2026/08/27;1000 UTC;0;1004,9;1006,1;1004,9;0;14,2;14,2;14,3;14,2;14,3;14,2;100;100;100;32;6,7;4;
2026/08/27;1100 UTC;2,6;1004,9;1006,5;1004,4;,9;15,1;15,1;15,2;14,2;15,2;14,2;100;100;100;30;7,4;4,3;
2026/08/27;1200 UTC;0;1005,9;1006,2;1004,9;12,2;13,1;13,1;15,2;13,1;15,2;13,1;100;99;100;160;6,2;1,6;
2026/08/27;1300 UTC;0;1005,9;;;;13,1;13,1;;;;;;;100;75;4,8;2,2;
2026/08/27;1400 UTC;0;1005,5;1006;1005,4;179,8;12,5;12,5;12,5;12,5;12,5;12,5;100;100;100;136;7,1;5,5;
2026/08/27;1500 UTC;16,8;1006,1;1007,7;1005,4;56,5;12,7;12,7;12,7;12,5;12,7;12,5;100;100;100;86;9;5,4;
2026/08/27;1600 UTC;6,4;1002,5;1008,3;1002,5;18,9;12,5;12,5;12,8;12,5;12,8;12,5;100;100;100;92;12,3;5,7;
2026/08/27;1700 UTC;,2;1002,2;1003,4;1000,7;514,7;14,5;14,5;14,5;12,4;14,5;12,4;100;99;100;43;14,4;4,9;
2026/08/27;1800 UTC;,2;1003,6;1004,5;1002,2;396,6;14,1;14,1;15,4;13,9;15,4;13,9;100;99;100;144;11,1;1,8;
2026/08/27;1900 UTC;1;1005,8;1005,8;1002,9;89;13,9;13,9;14,7;13,8;14,7;13,8;100;100;100;207;9,2;6,8;
2026/08/27;2000 UTC;6,8;999,5;1006,4;997,3;16,1;12,7;12,7;14;12,7;14;12,7;100;100;100;103;16,1;8,4;
2026/08/27;2100 UTC;,2;1004;1004;999,4;105,2;13,4;13,4;13,6;12,7;13,6;12,7;100;100;100;283;13,1;,9;
2026/08/27;2200 UTC;0;1004,2;1006,2;1004,1;5,1;13,5;13,5;13,7;13,2;13,7;13,2;100;100;100;294;5,2;1,5;
2026/08/27;2300 UTC;0;1007,4;1007,4;1004,2;0;12,6;12,6;13,5;12,6;13,5;12,6;100;100;100;202;9,1;7,5;
2026/08/28;0000 UTC;,2;1007,7;1008,3;1006,3;0;12,1;12,1;12,7;12,1;12,7;12,1;100;100;100;185;10,7;7,4;
2026/08/28;0100 UTC;,4;1008,2;1009,1;1006,4;0;11,9;11,9;12,1;11,8;12,1;11,8;100;100;100;190;9,4;5,9;
2026/08/28;0200 UTC;0;1006,1;1008,1;1006,1;0;12;12;12;11,9;12;11,9;100;100;100;131;8,7;5,5;
2026/08/28;0300 UTC;0;1006,3;1007,9;1004,9;0;11,8;11,8;12;11,8;12;11,8;100;100;100;177;13,8;11,2;
2026/08/28;0400 UTC;0;1007,4;1008,7;1006,6;0;11,5;11,5;11,8;11,5;11,8;11,5;100;100;100;180;12,9;7,8;
2026/08/28;0500 UTC;0;1007,9;1008;1007,2;0;11,5;11,5;11,5;11,5;11,5;11,5;100;100;100;169;8,4;6,4;
2026/08/28;0600 UTC;0;1009;1009,2;1007,7;0;11,5;11,5;11,6;11,5;11,6;11,5;100;100;100;178;8,5;6,2;
2026/08/28;0700 UTC;0;1008;1009,3;1008;0;11,6;11,6;11,6;11,5;11,6;11,5;100;100;100;171;7,4;5,4;
2026/08/28;0800 UTC;0;1007,4;1007,9;1006;0;11,6;11,6;11,6;11,6;11,6;11,6;100;100;100;167;12;8,3;
2026/08/28;0900 UTC;0;1008;1008,3;1007,2;0;11,5;11,5;11,6;11,5;11,6;11,5;100;100;100;158;10,9;7,6;
2026/08/28;1000 UTC;0;1008,1;1008,4;1007,1;0;11,3;11,3;11,6;11,3;11,6;11,3;100;100;100;154;10,6;8,9;
2026/08/28;1100 UTC;0;1008,1;1009,6;1007,8;36,1;11,4;11,4;11,4;11,3;11,4;11,3;100;100;100;151;10,3;8;
2026/08/28;1200 UTC;0;1009,4;1009,9;1007,9;101,5;11,5;11,5;11,6;11,4;11,6;11,4;100;100;100;104;8,6;4,5;
2026/08/28;1300 UTC;0;1009,4;;;;11,5;11,5;;;;;;;100;154;6,2;4,9;
2026/08/28;1400 UTC;0;1009,4;1010;1008,3;471,3;12,3;12,1;12,4;12;12,3;11,9;99;99;99;158;7,2;5,8;
2026/08/28;1500 UTC;0;1009,4;1010,9;1009,2;450,5;12,2;12;12,5;12,2;12,3;12;99;98;99;156;6,8;5,9;
2026/08/28;1600 UTC;0;1008,9;1009,5;1008,7;839,6;13,4;12,5;13,6;12,1;12,9;11,8;99;94;94;167;7,4;4,3;
2026/08/28;1700 UTC;0;1008,9;1008,9;1007,8;890,2;13,3;12,5;13,5;12,6;12,5;11,8;96;92;95;162;5,8;3,2;
2026/08/28;1800 UTC;0;1008,4;1008,9;1008,1;316,2;12,5;11,8;13,3;12,5;12,4;11,8;96;94;96;180;7,8;6,1;
2026/08/28;1900 UTC;,2;1008,4;1008,9;1007,6;227,2;12,5;12;12,6;12,4;12,1;11,8;97;96;97;178;7,4;5,7;
2026/08/28;2000 UTC;,8;1009,6;1009,6;1008,5;197,3;12,2;12;12,5;12,2;12,1;11,9;98;97;98;184;7,6;6,2;
2026/08/28;2100 UTC;,2;1010,1;1010,2;1009,5;125;11,9;11,7;12,2;11,9;12;11,7;99;98;99;186;7,6;5,1;
2026/08/28;2200 UTC;0;1011;1011;1010,1;3,1;11,8;11,7;11,9;11,8;11,7;11,6;99;99;99;183;7,7;6;
2026/08/28;2300 UTC;0;1012;1012;1011;0;11,8;11,6;11,9;11,8;11,7;11,6;99;99;99;195;9;6,9;
2026/08/29;0000 UTC;0;1012,5;1012,6;1012;0;11,6;11,5;11,8;11,6;11,7;11,5;99;99;99;192;9;7;
2026/08/29;0100 UTC;0;1012,4;1012,7;1012,4;0;11,5;11,4;11,6;11,5;11,5;11,4;99;99;99;182;9;5,3;
2026/08/29;0200 UTC;0;1012,2;1012,6;1012,1;0;11,1;11,1;11,5;11,1;11,3;11;100;99;100;178;7,3;5,9;
2026/08/29;0300 UTC;0;1013,3;1013,3;1012,1;0;11;11;11,2;10,9;11,1;10,9;100;100;100;185;7;4,1;
2026/08/29;0400 UTC;0;1013,4;1013,6;1012,6;0;10,9;10,9;11;10,9;11;10,9;100;100;100;191;5,5;4,1;
2026/08/29;0500 UTC;0;1012,8;1013,5;1012,5;0;11,3;11,3;11,3;10,7;11,3;10,7;100;100;100;174;4,5;3,7;
2026/08/29;0600 UTC;0;1013;1013,2;1012,6;0;11,6;11,6;11,6;11,2;11,6;11,2;100;100;100;189;6,4;5,4;
2026/08/29;0700 UTC;0;1012,8;1013;1012,4;0;11,5;11,5;11,6;11,3;11,6;11,3;100;100;100;192;6,2;4,6;
2026/08/29;0800 UTC;0;1013,2;1013,8;1012,9;0;11,4;11,3;11,5;11,4;11,5;11,3;100;100;100;204;6,8;4,6;
2026/08/29;0900 UTC;0;1013,7;1014,1;1013,2;0;10,9;10,8;11,4;10,9;11,3;10,8;100;99;100;195;7;4,8;
2026/08/29;1000 UTC;0;1014,3;1014,5;1013,7;0;10,9;10,9;10,9;10,8;10,9;10,7;100;100;100;187;7,4;6;
2026/08/29;1100 UTC;,2;1014,2;1014,3;1013,9;71;11,2;11,2;11,2;10,8;11,2;10,8;100;100;100;184;7,6;6,4;
2026/08/29;1200 UTC;0;1014,2;;;;11,2;11,2;;;;;;;100;183;8,8;7,3;
2026/08/29;1300 UTC;0;1015,6;1015,6;1014,2;496,6;11,8;11,7;12;11,5;11,9;11,4;100;99;100;191;9;7;
2026/08/29;1400 UTC;0;1016,9;1017;1015,7;864,3;12,5;12,3;12,8;11,8;12,6;11,8;100;97;98;199;7,2;2,8;
2026/08/29;1500 UTC;0;1017;1017;1016,4;1511,8;13;11,9;13,8;12,3;13;11,9;98;92;93;203;4,2;3,6;
2026/08/29;1600 UTC;0;1016,2;1017;1016,2;1539,2;13,1;11,9;13,6;12,5;12,6;11,5;96;91;92;195;4,4;3,6;
2026/08/29;1700 UTC;0;1015,7;1016,2;1015,7;1544,7;13,3;12,3;13,4;12,3;12,4;11,4;96;91;94;195;6,4;4,9;
2026/08/29;1800 UTC;0;1015,4;1015,8;1015,3;1816,6;15,7;12,9;15,7;13,3;13,2;12,1;94;83;83;181;5,8;3,8;
2026/08/29;1900 UTC;0;1015,2;1015,5;1015,2;1796,8;14,9;12,1;15,9;14,9;12,9;12,1;84;81;83;176;5,7;4,9;
2026/08/29;2000 UTC;0;1015,4;1015,4;1015,1;1103,8;13,7;11,8;14,9;13,7;12,2;11,8;88;84;88;175;6,1;5;
2026/08/29;2100 UTC;0;1015,7;1015,7;1015,3;369;12;11;13,7;12;11,8;11;93;88;93;170;6;3,3;
2026/08/29;2200 UTC;0;1016,2;1016,2;1015,7;3,6;11,5;11,2;12;11,5;11,2;10,9;98;94;98;177;6,1;5,3;
2026/08/29;2300 UTC;0;1017,3;1017,3;1016,2;0;11,5;11,3;11,5;11,4;11,3;11,1;99;98;99;173;6;4,5;
2026/08/30;0000 UTC;0;1018,2;1018,2;1017,3;0;11,3;11,2;11,4;11,2;11,3;11,1;99;99;99;152;5,1;3,2;
2026/08/30;0100 UTC;0;1018,6;1018,6;1018,3;0;11,2;11,1;11,3;11,2;11,2;11,1;100;99;100;160;4,1;2,9;
2026/08/30;0200 UTC;0;1018,6;1018,8;1018,5;0;11,1;11,1;11,3;11,1;11,3;11,1;100;100;100;135;4;3,2;
2026/08/30;0300 UTC;0;1018,9;1018,9;1018,6;0;11;10,9;11,2;11;11,2;10,9;100;100;100;134;4,2;3,1;
2026/08/30;0400 UTC;0;1018,5;1018,9;1018,4;0;11;11;11,1;10,9;11,1;10,9;100;100;100;132;4,5;3,8;
2026/08/30;0500 UTC;0;1018,2;1018,5;1018,2;0;10,7;10,7;11;10,7;11;10,7;100;100;100;128;5;3,7;
2026/08/30;0600 UTC;,2;1018,2;1018,4;1018,2;0;10,3;10,3;10,9;10,3;10,9;10,2;100;100;100;115;4,3;2,6;
2026/08/30;0700 UTC;0;1018,4;1018,5;1018,2;0;9,7;9,7;10,3;9,7;10,2;9,7;100;100;100;113;3;1,9;
2026/08/30;0800 UTC;0;1018,6;1018,7;1018,4;0;7,1;7,1;9,7;7,1;9,7;7,1;100;100;100;122;2,1;,5;
2026/08/30;0900 UTC;0;1018,8;1018,8;1018,3;0;8,3;8,3;8,9;6,8;8,9;6,8;100;100;100;107;2;1;
2026/08/30;1000 UTC;0;1019,3;1019,3;1018,8;3,2;6,4;6,4;8,9;6,4;8,9;6,4;100;100;100;82;1,8;1;
2026/08/30;1100 UTC;0;1020,1;1020,1;1019,2;153,8;9,3;9,3;9,3;6,4;9,3;6,4;100;100;100;129;1,8;1,1;
2026/08/30;1200 UTC;0;1020,5;1020,8;1020,1;586,4;12,3;12,1;12,5;9,4;12,4;9,4;100;99;99;136;2;1,6;
2026/08/30;1300 UTC;0;1020,4;1020,7;1020,4;936;12,5;12;12,7;11,8;12,6;11,7;100;97;97;89;2,4;1,7;
2026/08/30;1400 UTC;0;1020,5;1020,6;1020,4;1441,9;13,7;12,4;14,3;12,3;13,3;11,9;98;92;92;100;3,2;2,2;
2026/08/30;1500 UTC;0;1019,8;1020,6;1019,8;2034,8;14,7;12,3;15;13,3;13,1;11,9;93;85;86;70;4,2;3;
2026/08/30;1600 UTC;0;1019,4;1019,8;1019,4;2744,8;16;13;16,2;14,6;13,3;12,2;88;80;83;77;4,8;3;
2026/08/30;1700 UTC;0;1018,8;1019,4;1018,8;2691,1;16,2;13;16,6;15,7;13,5;12,5;84;78;81;91;4,4;3,2;
2026/08/30;1800 UTC;0;1018,7;1018,8;1018,7;2451,6;15,8;13;16,3;15,6;13,2;12,6;84;81;84;87;5;3,2;
2026/08/30;1900 UTC;0;1018,5;1018,8;1018,5;1832,3;15,3;12,8;16;14,9;13,2;12,4;86;82;85;75;5,2;3,3;
2026/08/30;2000 UTC;0;1018,5;1018,5;1018,2;1076,2;14,3;12,4;15,3;14,1;12,8;12,2;89;84;88;72;5,7;3,7;
2026/08/30;2100 UTC;0;1018,5;1018,7;1018,5;349,4;13;12,2;14,4;13;12,6;12,2;95;88;95;67;5;3,3;
2026/08/30;2200 UTC;0;1018,6;1018,7;1018,5;10,1;12,5;12,1;13;12,5;12,2;12,1;97;95;97;63;5,4;3,5;
2026/08/30;2300 UTC;0;1018,8;1018,8;1018,5;0;12,5;11,9;12,6;12,5;12,2;11,9;97;97;97;55;5,3;3,2;
2026/08/31;0000 UTC;0;1018,4;1018,8;1018,4;0;12,6;11,8;12,6;12,3;12;11,8;97;95;95;50;5,3;3,6;
2026/08/31;0100 UTC;0;1018,8;1018,9;1018,4;0;12,5;11,6;12,7;12,5;11,8;11,6;95;93;94;43;5,8;3,2;
2026/08/31;0200 UTC;0;1019,1;1019,3;1018,8;0;12,4;11,6;12,5;12,3;11,7;11,5;95;94;95;49;4,9;3,1;
2026/08/31;0300 UTC;0;1018,7;1019,2;1018,7;0;12;11,5;12,4;12;11,7;11,4;97;95;97;59;4,5;3,2;
2026/08/31;0400 UTC;0;1018,8;1018,8;1018,7;0;12,2;11,7;12,3;12;11,7;11,5;97;96;97;52;4,3;3;
2026/08/31;0500 UTC;,2;1018,4;1018,9;1018,4;0;12;11,7;12,2;12;11,8;11,6;98;97;98;57;4,3;2,9;
2026/08/31;0600 UTC;0;1017,4;1018,4;1017,4;0;12,4;12,1;12,4;11,9;12,2;11,6;99;98;98;48;5,4;3,4;
2026/08/31;0700 UTC;0;1017;1017,4;1017;0;12,6;12,1;12,7;12,1;12,3;11,8;98;96;97;26;5,8;3,8;
2026/08/31;0800 UTC;0;1017,1;1017,1;1016,9;0;12,3;11,9;12,9;12,3;12,3;11,8;97;95;97;54;6,7;3,3;
2026/08/31;0900 UTC;0;1017,3;1017,3;1017;0;11,9;11,6;12,3;11,8;11,8;11,4;98;97;98;46;4,4;2,5;
2026/08/31;1000 UTC;0;1017,3;1017,6;1017,3;1,8;11,9;11,6;11,9;11,7;11,6;11,4;98;98;98;69;4,9;3,4;
2026/08/31;1100 UTC;0;1017,1;1017,3;1016,8;302,4;13,4;12,1;13,4;11,9;12,1;11,6;98;92;92;80;6,8;5;
2026/08/31;1200 UTC;0;1017,3;1017,3;1017,2;764,7;13,8;12,3;13,8;13,4;12,3;12,1;92;91;91;93;6,7;4,7;
2026/08/31;1300 UTC;0;1017,6;1017,7;1017,5;1955,3;15,6;12,9;15,6;15,3;12,9;12,7;85;83;84;96;6;4,4;
2026/08/31;1400 UTC;,2;1017,9;1017,9;1017,4;2348,6;16,3;13;16,5;15,6;13,1;12,7;84;79;81;86;6;4,3;
2026/08/31;1500 UTC;0;1017,3;1018;1017,3;2731,7;16,9;12,9;16,9;16,2;13,1;12,6;81;77;77;86;7,3;4,7;
2026/08/31;1600 UTC;0;1016,9;1017,5;1016,9;2856,4;16,7;12,7;17,1;16,6;13,1;12,7;79;76;78;92;6,7;5,1;
2026/08/31;1700 UTC;0;1016,2;1017,1;1016,2;2743,4;16,9;13,1;17,4;16,4;13,3;12,6;80;76;78;108;7;5,4;
2026/08/31;1800 UTC;0;1015,4;1016,2;1015,4;2414,4;16,3;12,9;17;16,3;13,1;12,8;80;78;80;96;8;6;
2026/08/31;1900 UTC;0;1015,9;1015,9;1015,4;1831,8;15,9;12,7;16,3;15,9;12,9;12,6;82;79;81;90;8,1;4,8;
2026/08/31;2000 UTC;0;1016,1;1016,1;1015,8;1113,1;14,9;12,5;15,9;14,9;12,8;12,5;86;81;86;85;6,9;4,9;
2026/08/31;2100 UTC;0;1016,3;1016,3;1016;337,5;13,4;12,3;14,9;13,4;12,5;12,3;93;85;93;92;6,6;4;
2026/08/31;2200 UTC;0;1016,6;1016,6;1016,1;4,8;12,7;12,2;13,4;12,7;12,3;12,2;96;93;96;105;5,2;2,9;
2026/08/31;2300 UTC;0;1017,1;1017,1;1016,6;0;12,3;11,9;12,7;12,3;12,2;11,9;97;96;97;103;3,6;1,4;
