REGIAO:;S
UF:;RS
ESTACAO:;PINHEIRO MACHADO
CODIGO (WMO):;B823
LATITUDE:;-31,57472221
LONGITUDE:;-53,38833333
ALTITUDE:;419
DATA DE FUNDACAO:;17/09/25
Data;Hora UTC;PRECIPITAÇÃO TOTAL, HORÁRIO (mm);PRESSAO ATMOSFERICA AO NIVEL DA ESTACAO, HORARIA (mB);PRESSÃO ATMOSFERICA MAX.NA HORA ANT. (AUT) (mB);PRESSÃO ATMOSFERICA MIN. NA HORA ANT. (AUT) (mB);RADIACAO GLOBAL (Kj/m²);TEMPERATURA DO AR - BULBO SECO, HORARIA (°C);TEMPERATURA DO PONTO DE ORVALHO (°C);TEMPERATURA MÁXIMA NA HORA ANT. (AUT) (°C);TEMPERATURA MÍNIMA NA HORA ANT. (AUT) (°C);TEMPERATURA ORVALHO MAX. NA HORA ANT. (AUT) (°C);TEMPERATURA ORVALHO MIN. NA HORA ANT. (AUT) (°C);UMIDADE REL. MAX. NA HORA ANT. (AUT) (%);UMIDADE REL. MIN. NA HORA ANT. (AUT) (%);UMIDADE RELATIVA DO AR, HORARIA (%);VENTO, DIREÇÃO HORARIA (gr) (° (gr));VENTO, RAJADA MAXIMA (m/s);VENTO, VELOCIDADE HORARIA (m/s);
2026/01/01;0000 UTC;0;960,5;960,6;960,3;0;23,4;15,5;25,4;22,6;16,2;15,1;64;52;61;54;3;1,8;
2026/01/01;0100 UTC;0;960,8;961,1;960,6;0;22,8;15,9;23,1;22,4;17;15,3;71;62;66;65;3,7;2,1;
2026/01/01;0200 UTC;0;961,2;961,4;961;0;21,9;17,2;22,7;21,3;17,4;16,5;79;71;76;64;3,1;2,1;
2026/01/01;0300 UTC;0;961;961,2;960,9;0;19,3;16,7;21,5;17,9;17,4;16,4;94;78;87;308;1,2;,8;
2026/01/01;0400 UTC;0;960,7;960,9;960,4;0;18,1;16,8;18,6;17,7;17,4;16,5;96;92;94;255;1,4;,6;
2026/01/01;0500 UTC;0;960,1;960,4;959,5;0;18,5;18,1;20;17,5;19,9;16,6;100;94;98;249;2;1,1;
2026/01/01;0600 UTC;0;959,3;959,5;959;0;19,5;19,4;20,1;18,9;20,1;18,7;100;99;100;202;,9;,5;
2026/01/01;0700 UTC;0;958,8;959;958,6;0;19,1;19;19,4;18,8;19,4;18,7;100;100;100;226;1,2;,6;
2026/01/01;0800 UTC;0;958,7;958,8;958,6;0;19,4;19,3;19,8;19,1;19,8;19;100;100;100;309;2,4;1,2;
2026/01/01;0900 UTC;0;959,1;959,4;958,8;23,3;19,8;19,8;19,9;19,7;19,9;19,7;100;100;100;273;2,7;1,3;
2026/01/01;1000 UTC;0;959,5;959,6;959,3;448,1;20,9;20;22,8;19,7;20,3;19,7;100;87;96;268;3,8;2,1;
2026/01/01;1100 UTC;0;959,9;960;959,6;1217,5;23,7;20,3;24,7;22,8;20,7;19,9;87;77;83;269;5,6;2,3;
2026/01/01;1200 UTC;0;959,5;959,8;959,3;2267,3;25,7;19,7;26,6;24,7;20,4;18,8;78;61;70;255;4,1;2;
2026/01/01;1300 UTC;0;959,5;959,7;959,3;2955,7;27,6;19,3;28,1;26,7;20;18,3;65;52;59;262;5,2;2,9;
2026/01/01;1400 UTC;0;959,4;959,5;959,3;3537,5;29;18,8;29,9;28;19,4;17,8;54;45;49;273;6,7;3,7;
2026/01/01;1500 UTC;0;959,1;959,3;958,7;3891,3;30,2;18,6;30,8;29,4;19,4;17,8;49;35;42;226;6,7;2,9;
2026/01/01;1600 UTC;0;958,4;958,7;958,1;3978,6;31;18,5;31,4;30,5;19,7;17,7;42;32;38;227;5,8;3,3;
2026/01/01;1700 UTC;0;957,8;958,1;957,5;3860,6;31,9;18,8;32,6;31,2;19,6;17,9;39;31;34;243;5,5;2,8;
2026/01/01;1800 UTC;0;957,3;957,6;956,9;3527;32,6;19,3;32,9;32,1;20;18,5;37;31;34;238;5,9;2,8;
2026/01/01;1900 UTC;0;956,6;956,9;956,1;2942,9;32,9;20;33,3;32,6;20,8;19,5;39;34;36;231;5,9;3;
2026/01/01;2000 UTC;0;955,8;955,8;955,8;1229,1;26,7;19,8;26,7;26,7;19,8;19,8;65;65;65;146;13,4;9;
2026/01/01;2100 UTC;;;;;;;;;;;;;;;;;;
2026/01/01;2200 UTC;4,5;958,1;959,9;956,6;64;23,7;18,7;26,4;20,2;20,4;17,3;96;57;75;199;11,6;3,9;
2026/01/01;2300 UTC;,4;958;959,5;957,4;139,5;21;19,7;21,3;20,2;20,6;18,8;98;88;94;58;4,9;2;
2026/01/02;0000 UTC;0;958;958,3;957,5;0;20,6;19,8;20,9;20,4;20;19,4;98;92;96;157;2,6;1,1;
2026/01/02;0100 UTC;0;959;959,5;958,5;0;20,4;19,9;20,6;20,3;20,2;19,6;99;96;98;112;4,6;2,4;
2026/01/02;0200 UTC;0;959,5;959,6;959,4;0;20;19,7;20,3;19,8;20;19,6;99;98;99;103;3,8;2,2;
2026/01/02;0300 UTC;0;959,6;959,8;959,5;0;19,8;19,3;20;19,4;19,7;18,7;99;96;98;107;4,5;2,5;
2026/01/02;0400 UTC;0;959,2;959,7;958,8;0;19,4;19;19,4;19,3;19,1;18,8;99;97;98;96;4,4;2,3;
2026/01/02;0500 UTC;0;958,6;959;958,4;0;19,1;18,7;19,4;18,6;19;18,3;99;97;98;118;2,2;1,3;
2026/01/02;0600 UTC;0;958,3;958,5;958;0;18,4;18,3;18,6;18,2;18,4;18,2;100;99;100;114;3,7;2,3;
2026/01/02;0700 UTC;0;957,9;958;957,8;0;18,2;18,1;18,3;17,9;18,3;17,7;100;99;100;88;3,6;2;
2026/01/02;0800 UTC;0;957,8;957,9;957,8;0;17,8;17,6;17,9;17,6;17,8;17,5;100;99;99;83;1,9;1,1;
2026/01/02;0900 UTC;0;958;958,2;957,8;17,9;17,5;17,4;17,7;17,2;17,6;17,2;100;100;100;277;2,5;1,5;
2026/01/02;1000 UTC;0;958,4;958,7;958,2;305,4;17,1;17,1;17,3;17;17,3;17;100;100;100;316;1,2;,6;
2026/01/02;1100 UTC;0;959;959,2;958,8;1192,3;19,1;17,7;21,8;17,3;18,5;16,4;100;74;93;251;1,4;,7;
2026/01/02;1200 UTC;0;959;959,1;959;2176,5;23,5;16,2;24,4;21,9;18,4;14,5;82;58;64;198;4,2;2,5;
2026/01/02;1300 UTC;0;959;959,1;958,9;2985;24,6;16,9;25,2;24,2;18;16,1;68;56;62;171;5,6;3,2;
2026/01/02;1400 UTC;0;959,1;959,2;958,9;3588,5;25,7;15,2;26,5;24,8;17,3;13,4;61;36;47;195;7,3;3,7;
2026/01/02;1500 UTC;0;958,6;959;958,1;3915,3;26,6;15,9;27;26,2;16,9;14,6;52;41;47;181;6,2;3,2;
2026/01/02;1600 UTC;0;958,1;958,2;958;4012,9;27,2;16,1;28,1;26,4;17,2;15,3;51;39;45;244;5,1;2,4;
2026/01/02;1700 UTC;0;957,8;958,2;957,3;3752,5;28,2;16;28,5;27,8;16,9;15,2;44;35;39;243;6,6;2,8;
2026/01/02;1800 UTC;0;956,9;957,3;956,5;3227,4;28;16,6;28,7;27,5;18,2;15,9;51;40;43;218;6,7;3,6;
2026/01/02;1900 UTC;0;956,2;956,5;956;2926,9;28,1;17,1;28,5;27,8;17,6;16,6;47;43;45;210;6,7;3,8;
2026/01/02;2000 UTC;0;955,4;956,1;955;2234,2;28,2;17,2;28,6;27,8;18;16,8;49;43;45;245;5,8;2,9;
2026/01/02;2100 UTC;0;954,8;954,8;954,8;1036,6;27,5;16,5;27,5;27,5;16,5;16,5;45;45;45;212;5,5;3,5;
2026/01/02;2200 UTC;0;954,8;954,8;954,8;261,5;26;15,9;26;26;15,9;15,9;49;49;49;216;4,8;2,5;
2026/01/02;2300 UTC;0;954,8;954,8;954,8;0;23;16,2;23;23;16,2;16,2;66;66;66;261;1,5;,7;
2026/01/03;0000 UTC;0;955;955,2;954,8;0;22,2;16,1;23,2;21,6;16,8;15,5;73;63;69;245;2,6;1,2;
2026/01/03;0100 UTC;0;955,8;956;955,3;0;20,6;15,9;23,5;19,2;16,1;15,7;84;62;77;140;5,4;2,8;
2026/01/03;0200 UTC;0;956,3;956,5;956,1;0;18,6;16,1;19,2;18,1;16,7;15,9;93;84;88;91;4,8;2,1;
2026/01/03;0300 UTC;0;956,2;956,3;956;0;17,7;16,7;18,1;17,4;16,8;16,7;97;93;95;70;2,6;1,3;
2026/01/03;0400 UTC;0;955,6;956;955,2;0;17,3;16,6;17,4;17,2;16,8;16,4;97;96;97;70;1,9;1;
2026/01/03;0500 UTC;0;955,2;955,3;955;0;17,3;16,5;17,4;17,2;16,6;16,4;96;95;96;305;1,6;,9;
2026/01/03;0600 UTC;0;954,8;955;954,7;0;17,1;16,2;17,9;16,5;16,7;16;99;90;96;250;2;,9;
2026/01/03;0700 UTC;0;954,9;955,1;954,8;0;19,2;15,6;19,8;17,9;15,8;15,5;90;79;82;263;3,4;1,6;
2026/01/03;0800 UTC;0;955,5;955,7;955,1;0;18,2;15,8;19,8;17,2;16,2;15,5;95;78;88;237;4;2;
2026/01/03;0900 UTC;0;956;956,2;955,8;19,4;16,9;16,4;17,2;16,8;16,6;16;99;95;98;253;4,3;2,1;
2026/01/03;1000 UTC;0;956,4;956,8;956,1;406,1;17,6;16,4;18,5;17;16,7;15,7;98;86;94;240;6,6;3,2;
2026/01/03;1100 UTC;0;957,3;957,7;956,9;1324,6;19;14,5;19,4;18,5;15,8;13,5;86;70;77;216;10,9;5,6;
2026/01/03;1200 UTC;0;958,4;959,4;957,6;1597;18,7;12,3;19,9;17;13,6;10,5;70;66;68;178;12;6,8;
2026/01/03;1300 UTC;0;959,9;960,5;959,3;2445;17,1;10,1;17,7;16,5;10,8;9,2;70;59;65;170;11,4;5,5;
2026/01/03;1400 UTC;0;960,9;961,3;960,5;3031,7;17,4;9,6;18,2;16,5;10,5;9,1;68;57;61;180;11,8;7;
2026/01/03;1500 UTC;0;961,7;962,2;961,1;3959,9;18,1;8,8;18,6;17,4;9,8;7,5;59;47;54;180;10,6;6,1;
2026/01/03;1600 UTC;0;962,3;962,7;962;2896,3;18,3;8;19,2;17,7;8,8;7,4;52;46;49;161;10,5;4,2;
2026/01/03;1700 UTC;0;962,8;963;962,6;3469,4;18,7;7,7;19,7;17,9;8,7;6,9;51;39;45;177;10,6;6,2;
2026/01/03;1800 UTC;0;962,8;962,9;962,5;3776,8;19,5;6,6;20;19;7,4;5,7;41;31;35;189;9,8;5,3;
2026/01/03;1900 UTC;0;962,9;963;962,7;3105,2;20,1;7,3;20,4;19,7;8,1;6,7;39;33;36;183;10,2;5,6;
2026/01/03;2000 UTC;0;963;963,1;962,8;2417,2;20,1;7;20,5;19,6;7,7;6,4;38;31;35;181;8,4;3,9;
2026/01/03;2100 UTC;0;963;963,2;962,9;1527,8;19,7;6,5;20,3;19,4;7,1;6,2;37;32;34;176;8,5;4,9;
2026/01/03;2200 UTC;0;963,3;963,5;963,1;660,6;18,9;6,3;19,6;18,1;6,6;6;41;33;37;164;4,9;2,7;
2026/01/03;2300 UTC;0;963,8;964,1;963,5;48,1;17;6,1;18,1;16,1;6,7;5,8;50;40;46;155;4,5;2,3;
2026/01/04;0000 UTC;0;964,5;964,9;964,1;0;15,3;6,1;16,1;14,5;6,7;5,8;61;49;54;145;3;1,4;
2026/01/04;0100 UTC;0;965,2;965,4;965;0;13,8;6,3;14,6;13,1;6,7;5,8;67;58;62;129;2,8;1,4;
2026/01/04;0200 UTC;0;965,7;966;965,5;0;12,9;6,5;13,1;12,5;7,1;6,3;73;66;68;144;2,2;1,2;
2026/01/04;0300 UTC;0;966,1;966,3;965,9;0;12,2;6,7;12,5;11,9;7,1;6,4;75;70;72;157;2,5;1,3;
2026/01/04;0400 UTC;0;966,1;966,2;966;0;12,2;6,4;12,5;11,8;6,8;6,2;73;69;71;187;3,4;1,6;
2026/01/04;0500 UTC;0;965,9;966,1;965,8;0;11,3;6,1;11,8;10,8;6,3;5,8;76;71;74;185;2,4;1,3;
2026/01/04;0600 UTC;0;965,9;966;965,8;0;10,9;5,7;11,1;10,6;6;5,6;76;73;74;194;3,2;1,6;
2026/01/04;0700 UTC;0;966,2;966,4;966;0;10,6;5,6;10,7;10,4;5,7;5,5;76;74;75;192;4,1;2;
2026/01/04;0800 UTC;0;966,5;966,8;966,3;0;10,3;5,6;10,5;10,1;5,7;5,5;78;75;76;208;3,2;1,8;
2026/01/04;0900 UTC;0;966,9;967;966,8;14,9;10;5,7;10,3;9,4;6,2;5,5;84;77;78;263;1,8;,7;
2026/01/04;1000 UTC;0;967,2;967,3;967;348,8;10,3;6;11,3;9,2;6,4;5,7;85;75;79;248;4,3;2,1;
2026/01/04;1100 UTC;0;967,5;967,9;967,2;1375,7;12,5;6,8;13,4;11,3;7,6;6,3;76;67;71;228;5,7;3,1;
2026/01/04;1200 UTC;0;968,2;968,4;967,9;2197,9;14,2;6,7;14,7;13,4;7,1;6,2;68;59;63;207;8,5;4,8;
2026/01/04;1300 UTC;0;968,4;968,6;968,3;2225;15;6,8;16,1;14,5;7,5;6,3;62;54;59;204;9;5,1;
2026/01/04;1400 UTC;0;968,4;968,6;968,3;2996,9;16,5;7,1;17,1;15,6;7,7;6,4;57;49;53;214;7,7;4,4;
2026/01/04;1500 UTC;0;968,4;968,6;968,3;2380,1;16,8;7,1;17,5;16,1;7,8;6,4;55;46;51;207;9,8;5,1;
2026/01/04;1600 UTC;0;968,4;968,5;968,1;3059;17,9;7,3;18,5;17,1;7,9;6,9;50;45;47;189;10,7;5,3;
2026/01/04;1700 UTC;0;968,3;968,5;968,2;3644,4;18,9;7,8;19,7;17,8;8,9;7,3;49;40;45;201;10,4;5,3;
2026/01/04;1800 UTC;0;968,3;968,4;968,2;3062,8;19,6;8;20,2;19;9,1;7,3;46;39;42;192;9,4;3,7;
2026/01/04;1900 UTC;0;968;968,3;967,7;2053,7;19,7;8,2;20,9;19,2;9,3;7,6;47;40;43;176;7,1;3,9;
2026/01/04;2000 UTC;0;967,7;967,8;967,6;1156;19,7;8,5;20,7;19,2;9,4;8,1;47;39;44;171;7,4;3;
2026/01/04;2100 UTC;0;967,7;967,9;967,6;679,8;19,4;8,7;19,5;19,2;9,1;8,3;49;44;46;175;6;2,8;
2026/01/04;2200 UTC;0;968,1;968,2;967,9;530,1;19,4;8,8;19,8;19,2;9,3;8,4;49;45;47;174;6,4;3,9;
2026/01/04;2300 UTC;0;968,3;968,5;968,2;84;18,2;8,8;19,2;17,1;9,1;8,6;59;48;53;166;3,1;1,9;
2026/01/05;0000 UTC;0;968,7;969;968,4;0;16;8,9;17,1;14,6;10,3;8,5;78;58;65;110;5,3;2,3;
2026/01/05;0100 UTC;0;969,6;970;969,1;0;14,1;10,7;14,6;13,6;10,8;10,4;86;79;83;117;3,8;2,2;
2026/01/05;0200 UTC;0;970,1;970,1;970;0;13,4;10,6;13,6;13,1;10,8;10,5;87;86;86;128;5,6;2,6;
2026/01/05;0300 UTC;0;970,2;970,3;970;0;12,7;9,9;13,1;12,3;10,6;9;88;83;86;129;4,4;2,1;
2026/01/05;0400 UTC;0;970,1;970,3;969,9;0;11,6;8,5;12,3;11,2;9;7,9;85;83;84;132;2,8;1,4;
2026/01/05;0500 UTC;0;969,6;969,9;969,2;0;11,4;7,5;11,5;11,2;7,9;7,1;83;79;81;128;3;1,9;
2026/01/05;0600 UTC;0;969,2;969,2;969;0;10,8;7;11,3;10,3;7,3;6,7;83;79;81;126;2;1,3;
2026/01/05;0700 UTC;0;969,2;969,2;969,1;0;9,8;7;10,4;8,7;7,3;6,6;93;81;86;295;,8;,4;
2026/01/05;0800 UTC;0;969,3;969,5;969,2;0;8,9;7,6;9,6;8,5;7,9;7,3;96;89;94;148;1,7;1,2;
2026/01/05;0900 UTC;0;969,6;969,9;969,4;14,5;10;7,4;10,4;9,5;7,7;7,2;90;85;87;155;2,4;1,5;
2026/01/05;1000 UTC;0;970;970,1;969,9;347,5;11,5;7,7;12,7;10,4;8,4;7,3;85;76;81;129;3;1,7;
2026/01/05;1100 UTC;0;970,3;970,5;970,1;1336,7;13,8;8,6;14,9;12,7;9,1;8;79;67;74;87;3,6;1,8;
2026/01/05;1200 UTC;0;970,5;970,6;970,4;2239,4;15,6;8,5;16,5;14,9;9,2;7,9;69;59;64;135;2,8;1,1;
2026/01/05;1300 UTC;0;970,4;970,5;970,3;3017,5;17,3;7,9;18,5;16,5;9,5;6,4;64;39;53;186;3,7;1,8;
2026/01/05;1400 UTC;0;970,5;970,6;970,4;3618,6;18,9;8,3;19,9;18,1;9,7;7,2;54;41;47;154;2,9;1,2;
2026/01/05;1500 UTC;0;970,3;970,5;970;3966,6;20,3;8,5;20,6;20;9,5;7,7;48;36;41;189;2,8;1,1;
2026/01/05;1600 UTC;0;969,7;970;969,4;4072,1;21,1;9;21,7;20,4;10,6;8,1;46;36;39;126;3,9;2;
2026/01/05;1700 UTC;0;969,1;969,4;968,8;3968,6;22,3;9,8;23,1;21,7;11,1;9;44;35;38;155;3,7;1,7;
2026/01/05;1800 UTC;0;968,7;968,8;968,5;3658,9;23,3;10,6;24,1;22,6;11,5;9,8;41;33;36;93;3,7;1,7;
2026/01/05;1900 UTC;0;968,1;968,5;967,7;3067,7;23,7;10,8;24,4;23;11,8;9,8;40;33;36;129;4,1;2;
2026/01/05;2000 UTC;0;967,2;967,7;966,9;2352,7;23,8;10,9;24,4;23,5;12;10;40;32;35;63;4,4;2,4;
2026/01/05;2100 UTC;0;966,8;966,9;966,7;1494,4;23,5;10;24;22,9;10,7;9,1;36;30;33;68;5,5;2;
2026/01/05;2200 UTC;0;966,9;966,9;966,8;651,4;22,7;9,6;23,3;21,8;10;9,3;39;31;35;83;4,2;2,5;
2026/01/05;2300 UTC;0;967,1;967,3;966,9;48;19,8;11,1;21,8;18,4;11,5;9,6;65;40;56;80;5,5;2,5;
2026/01/06;0000 UTC;0;967,5;967,9;967,3;0;17,6;11,4;18,3;16,9;11,5;11,2;72;64;69;72;5,5;2,5;
2026/01/06;0100 UTC;0;968,1;968,2;967,9;0;16,2;11,2;16,9;15,5;11,4;11,1;78;72;75;67;5,5;2,3;
2026/01/06;0200 UTC;0;968,2;968,3;968,1;0;15,2;11,1;15,5;14,9;11,4;10,9;82;78;80;70;5,8;3,2;
2026/01/06;0300 UTC;0;968,2;968,3;967,9;0;14,5;11,5;14,9;14,1;11,6;11,3;87;82;85;57;4,7;2,7;
2026/01/06;0400 UTC;0;967,6;968;967,3;0;13,8;11,6;14,1;13,6;11,8;11,5;91;87;89;57;4,2;2,4;
2026/01/06;0500 UTC;0;967;967,3;966,7;0;13,6;12;13,7;13,5;12,2;11,8;93;90;92;52;4,5;2,1;
2026/01/06;0600 UTC;0;966,5;966,7;966,4;0;13,3;12,3;13,5;13,1;12,4;12,1;96;93;95;58;3;1,5;
2026/01/06;0700 UTC;0;966,4;966,4;966,3;0;13;12,3;13,1;12,9;12,4;12,2;97;96;97;50;2,8;1,6;
2026/01/06;0800 UTC;0;966,4;966,5;966,3;0;12,3;11,7;12,9;11,7;12,4;11,1;98;96;97;223;2,3;,5;
2026/01/06;0900 UTC;0;966,6;966,8;966,4;12,6;11,9;11,7;12,6;11,4;12,5;10,9;100;97;99;75;1,7;,7;
2026/01/06;1000 UTC;0;966,9;967;966,8;323,8;13,8;12,6;15,4;12,4;13,1;11,9;98;87;94;55;4,8;2;
2026/01/06;1100 UTC;0;966,9;967,1;966,7;1544,6;16,6;13,3;17,5;15,5;13,7;12,8;88;80;84;54;5,8;3,5;
2026/01/06;1200 UTC;0;966,7;966,8;966,6;2205,9;18,7;13,9;19,9;17,4;14,6;13,5;81;71;76;108;5,2;2,3;
2026/01/06;1300 UTC;0;966,4;966,6;966,3;2958,8;21,3;14,4;22,4;20;15,2;13,9;73;60;66;194;4,7;2,5;
2026/01/06;1400 UTC;0;966,1;966,3;965,9;3548,9;22,8;14,9;23,5;21,9;15,9;14;66;56;60;102;5,1;2,6;
2026/01/06;1500 UTC;0;965,7;965,9;965,4;3369,4;23,9;15,4;24,6;23,3;16,3;14,7;62;54;57;209;5,4;1,5;
2026/01/06;1600 UTC;0;965,1;965,4;964,8;3890,6;25,3;15,4;26,4;24;16,3;14,4;59;40;50;306;5,6;3,2;
2026/01/06;1700 UTC;0;964,5;964,8;964,1;3967,4;26,4;15,2;26,8;25,8;16,3;14,5;49;40;44;244;6,6;3,4;
2026/01/06;1800 UTC;0;963,8;964,1;963,3;3437;27;15,7;27,8;26,4;16,5;14,9;49;37;44;303;6;3;
2026/01/06;1900 UTC;0;963,1;963,4;962,6;3015;27,8;16;28,3;27,1;16,9;14,6;45;36;41;287;5,7;2,7;
2026/01/06;2000 UTC;0;962,4;962,7;962,1;2329,4;28,2;15,9;28,5;27,8;16,6;15,1;41;35;38;259;4,7;2,6;
2026/01/06;2100 UTC;0;962;962,1;961,9;1446,5;28;16,1;28,6;27,6;16,5;15,8;43;37;40;271;4,8;2,5;
2026/01/06;2200 UTC;0;962;962;961,9;592,4;27,3;16,3;27,9;26,5;16,9;15,8;52;41;45;237;1,9;,8;
2026/01/06;2300 UTC;0;962,2;962,5;962;44,2;24,3;15,9;26,4;22,3;16,6;15,3;67;50;58;310;1;,5;
2026/01/07;0000 UTC;0;962,5;962,7;962,4;0;21,4;15,4;22,2;20,9;15,9;15;74;67;70;292;,9;,4;
2026/01/07;0100 UTC;0;962,8;962,8;962,7;0;20,7;14,8;21,2;20,1;15,5;14,4;75;66;71;312;1,7;1;
2026/01/07;0200 UTC;0;962,9;963,1;962,8;0;20;14,3;21,2;19,2;15;14;77;66;72;119;1,8;,5;
2026/01/07;0300 UTC;0;963,1;963,2;963;0;17,7;14,4;19,2;17;14,6;14,2;87;76;83;290;1,7;1;
2026/01/07;0400 UTC;0;963,2;963,3;963,1;0;16,9;15;17,7;16,3;15,9;14,5;94;87;91;308;1,5;,6;
2026/01/07;0500 UTC;0;962,9;963,1;962,8;0;18;16,1;18,5;17,5;16,3;15,6;93;88;91;317;2,5;1,3;
2026/01/07;0600 UTC;0;962,6;962,8;962,6;0;18,3;16,3;18,5;18,1;16,5;16,1;92;88;90;316;1,5;,8;
2026/01/07;0700 UTC;0;962,7;962,8;962,6;0;17,9;16,4;18,3;17,7;16,6;16;94;90;92;319;2;1,3;
2026/01/07;0800 UTC;0;963;963,2;962,8;0;17,9;16,4;18,1;17,7;16,5;16,2;94;91;92;327;2,7;1,8;
2026/01/07;0900 UTC;0;963,3;963,5;963;14,9;18,1;16,4;18,3;17,8;16,5;16,3;93;90;92;327;2,4;1,6;
2026/01/07;1000 UTC;0;963,5;963,8;963,3;300,5;19,8;16,7;21,4;18,3;17,3;16,4;91;79;85;324;3,6;1,9;
2026/01/07;1100 UTC;0;964,1;964,2;963,8;1229;22,5;17,2;23,4;21,4;17,5;16,9;80;69;73;323;6,2;4;
2026/01/07;1200 UTC;0;964,1;964,2;964;2051,3;24,7;18,4;25,8;23,5;19,2;17,5;71;65;69;318;5,8;3,6;
2026/01/07;1300 UTC;0;963,9;964;963,8;2849,5;27,1;19,3;28,5;25,8;20;18,6;66;56;61;311;6,4;3,6;
2026/01/07;1400 UTC;0;963,8;964;963,6;2511,4;28,7;19,6;29,4;28,1;20,2;19,2;58;49;55;270;6,1;3,4;
2026/01/07;1500 UTC;,2;963,5;964,2;963,2;3106,2;28,3;19,2;30,3;24,9;21,1;16,8;72;46;55;275;9,3;4,9;
2026/01/07;1600 UTC;0;962,8;963,2;962,2;3443,1;30;19,2;30,6;29,4;19,8;18,8;49;42;46;258;9,1;4,2;
2026/01/07;1700 UTC;0;962,4;962,7;962,1;2632,1;30;18,8;30,9;29,4;20,1;17,7;48;40;44;261;8;4,4;
2026/01/07;1800 UTC;0;962,8;963,1;962,3;1353,6;28,8;19,2;30,3;26,6;19,6;18,4;62;42;52;198;9,9;5,4;
2026/01/07;1900 UTC;1,4;964;965;963,1;342,7;23,7;17,5;26,6;20,2;19;16,2;87;58;69;203;9,8;5,6;
2026/01/07;2000 UTC;,6;964,6;965,4;963,6;126,5;20,2;17,5;20,7;19,2;17,9;16,6;89;84;87;227;11,7;4,7;
2026/01/07;2100 UTC;2;964,2;965,5;963,4;142,4;18,6;16,9;19,1;18,1;17,5;16,5;96;87;92;323;7,2;4,1;
2026/01/07;2200 UTC;0;963,2;963,5;962,8;516,7;19,6;16,3;20,3;18,6;17,4;15,5;92;76;83;310;6,7;3,5;
2026/01/07;2300 UTC;0;962,8;962,9;962,6;139,7;19,3;16;20,2;18,8;16,3;15,5;87;78;83;315;5,3;2,9;
2026/01/08;0000 UTC;0;964,2;964,2;964,2;0;19,7;15,1;19,7;19,7;15,1;15,1;77;77;77;315;2,4;1,9;
2026/01/08;0100 UTC;0;965;965,7;964,2;0;18,8;15,5;19,8;17,8;16,1;14,8;91;75;84;229;2,1;1;
2026/01/08;0200 UTC;0;966,3;966,7;965,8;0;17,5;15,7;18,1;17;16,1;15,3;95;86;91;99;1,2;,8;
2026/01/08;0300 UTC;0;966,4;966,6;966,2;0;16,5;15,7;17,2;16;16;15,3;98;92;96;97;2,6;1,4;
2026/01/08;0400 UTC;0;966,1;966,4;966;0;17,4;15,4;17,6;17,1;15,6;15,2;93;89;90;165;3,5;1,4;
2026/01/08;0500 UTC;0;966,1;966,2;966;0;17;15,7;17,3;16,9;16,4;15,3;96;91;93;145;2,8;1,3;
2026/01/08;0600 UTC;0;965,9;966,1;965,8;0;17,4;16,9;17,5;17,3;17,4;16,3;99;95;98;139;7,4;3,1;
2026/01/08;0700 UTC;0;965,9;966;965,7;0;17,2;16,8;17,4;17;17,2;16,3;99;97;98;153;8,7;4,3;
2026/01/08;0800 UTC;0;966,2;966,6;965,9;0;16,9;16,4;17;16,8;16,5;16,3;98;97;98;143;6,5;3,5;
2026/01/08;0900 UTC;0;966,9;967,1;966,6;6,4;16,7;16,2;16,8;16,7;16,4;16;98;97;97;146;6,2;3,1;
2026/01/08;1000 UTC;0;967,4;967,9;967,1;125;16,9;16,4;17,1;16,7;16,6;16,2;98;97;98;134;5,1;3;
2026/01/08;1100 UTC;0;968,1;968,4;967,8;648,7;17,7;16,6;18,2;17,2;16,8;16,5;97;92;94;144;5,8;3,4;
2026/01/08;1200 UTC;0;968,5;968,7;968,2;1222,8;19,1;16,8;19,6;18,2;17,2;16,4;93;85;88;121;5,9;2,6;
2026/01/08;1300 UTC;0;968,6;968,7;968,2;1409,8;20,2;16,5;20,9;19,5;17;16;88;78;81;108;6,1;3,7;
2026/01/08;1400 UTC;0;968,2;968,4;968;1630,7;20,8;17;22;20;17,7;16,5;87;74;81;124;4,8;3,1;
2026/01/08;1500 UTC;0;967,9;968;967,7;2018,6;22,1;17,2;22,8;21,6;17,9;16,6;80;71;75;141;6,3;3,7;
2026/01/08;1600 UTC;0;967,9;968;967,7;1790;22,4;17,5;23,1;21,5;18,1;16,9;80;72;76;118;4,7;3;
2026/01/08;1700 UTC;0;967,5;968;967,2;2137,5;22,3;17,7;23;21,6;18,5;17,1;82;73;77;121;6,9;3,7;
2026/01/08;1800 UTC;0;967,2;967,5;967;2387,7;22,8;17,9;23,8;21,8;18,8;17,2;79;71;75;111;6,6;3,6;
2026/01/08;1900 UTC;0;967;967,2;966,8;2241,8;23,1;17,9;23,9;21,5;18,7;17,3;82;70;74;127;9;4,8;
2026/01/08;2000 UTC;0;966,9;967,1;966,6;1255,6;21,6;17,7;22,3;21,1;18,2;17,3;82;77;81;121;8,6;4,8;
2026/01/08;2100 UTC;0;966,7;966,9;966,5;380,6;20,2;17,6;21,1;19,4;17,8;17,5;91;82;87;112;8,8;4,8;
2026/01/08;2200 UTC;0;967,1;967,6;966,7;176;19,3;17,6;19,5;18,9;17,9;17,3;94;90;92;105;7,8;4;
2026/01/08;2300 UTC;0;967,9;968,2;967,5;14,8;18,8;17,3;18,9;18,7;17,5;17,2;94;91;92;101;8;4,2;
2026/01/09;0000 UTC;0;968,2;968,6;968;0;18,5;17,7;18,7;18,3;17,8;17,5;98;94;96;103;6,3;3,6;
2026/01/09;0100 UTC;0;968,6;968,8;968,3;0;18,3;17,8;18,4;18,3;17,9;17,8;98;97;98;102;7,6;4,2;
2026/01/09;0200 UTC;0;968,7;969;968,4;0;18,2;17,8;18,3;18,2;17,9;17,8;99;98;98;86;7,6;3,9;
2026/01/09;0300 UTC;0;968,7;968,9;968,6;0;18,2;17,9;18,2;18,2;18;17,9;99;98;99;88;5,3;2,8;
2026/01/09;0400 UTC;0;968,3;968,6;968,2;0;18,2;17,9;18,2;18,2;18;17,8;99;98;98;89;6,1;3,5;
2026/01/09;0500 UTC;,2;967,8;968,2;967,6;0;18,2;18;18,2;18,1;18,1;18;100;99;99;82;7,1;3,2;
2026/01/09;0600 UTC;0;967,2;967,6;966,9;0;18,2;17,9;18,2;18,1;18;17,9;99;99;99;87;6,1;3,2;
2026/01/09;0700 UTC;0;966,3;966,9;965,8;0;18,1;17,9;18,1;18,1;18;17,8;99;99;99;80;8,2;3,7;
2026/01/09;0800 UTC;0;966,3;966,5;966;0;18,2;17,8;18,3;18,1;17,9;17,6;99;97;98;81;7,8;4,4;
2026/01/09;0900 UTC;0;967;967,3;966,6;3,9;18,3;17,8;18,4;18,3;17,9;17,7;98;97;97;77;7,3;3,9;
2026/01/09;1000 UTC;0;967,1;967,4;966,8;106,9;18,6;17,9;18,8;18,4;18,1;17,8;97;96;97;83;6,6;3,3;
2026/01/09;1100 UTC;0;967,7;967,9;967,4;240,4;19,1;18,2;19,3;18,8;18,3;18,1;97;94;96;76;8,2;4,4;
2026/01/09;1200 UTC;0;967,8;967,9;967,6;621;19,5;18,4;20,2;18,9;18,7;18,3;98;91;95;89;6,7;3,5;
2026/01/09;1300 UTC;0;967,6;967,8;967,5;725;20,2;18,4;20,4;20;18,7;18,1;92;89;91;82;8,8;3,6;
2026/01/09;1400 UTC;0;967,5;967,7;967,1;726,5;20,5;18,6;21;19,9;19;18,3;95;87;91;83;7,8;4,2;
2026/01/09;1500 UTC;0;967,2;967,4;967;563,9;20;19,2;20,1;19,9;19,4;19;97;95;96;105;7,5;4,1;
2026/01/09;1600 UTC;0;966,9;967,2;966,6;447,5;19,8;19,3;19,9;19,7;19,4;19,2;98;97;97;102;7,8;4,7;
2026/01/09;1700 UTC;,4;966,4;966,7;966,2;564,4;19,9;19,4;20;19,8;19,6;19,2;98;97;97;79;8,2;4,3;
2026/01/09;1800 UTC;,8;965,8;966,6;965,2;347,1;19,9;19,7;20;19,9;19,7;19,6;99;98;99;89;8,6;4,3;
2026/01/09;1900 UTC;0;964,9;965,3;964,7;442,8;20;19,7;20;19,9;19,8;19,6;99;98;98;82;7,8;3,7;
2026/01/09;2000 UTC;,2;964,5;964,9;963,9;206,9;19,8;19,8;19,9;19,7;19,9;19,6;100;99;100;88;8,6;4,1;
2026/01/09;2100 UTC;,2;963,5;963,9;963,3;115,4;20,1;20;20,1;19,9;20,1;19,9;100;100;100;78;8,2;4,3;
2026/01/09;2200 UTC;,4;963,2;963,9;962,7;10,3;20,2;20,2;20,4;20,1;20,3;20,1;100;100;100;74;7,6;4;
2026/01/09;2300 UTC;2;963,2;963,7;962,8;0;20,4;20,4;20,5;20,4;20,4;20,3;100;100;100;74;7,2;3,7;
2026/01/10;0000 UTC;9,7;964,4;965;963,6;0;20,6;20,5;20,7;20,5;20,6;20,4;100;99;100;84;7,1;4;
2026/01/10;0100 UTC;2;963,3;964,3;962,7;0;20,7;20,5;20,8;20,5;20,6;20,1;100;98;99;67;8,5;4;
2026/01/10;0200 UTC;,4;963;963,5;962,4;0;20,7;20,6;20,8;20,5;20,8;20,1;100;98;100;61;9;4,7;
2026/01/10;0300 UTC;4,9;962,7;963,2;962,3;0;20,8;20,7;20,8;20,8;20,8;20,7;100;99;100;54;7,4;3,3;
2026/01/10;0400 UTC;,4;961,7;962,7;961;0;20,8;20,8;20,9;20,8;20,9;20,7;100;99;100;57;7;3,9;
2026/01/10;0500 UTC;0;960,7;961;960,4;0;20,8;20,8;20,9;20,7;20,9;20,6;100;100;100;149;4,8;1,7;
2026/01/10;0600 UTC;0;960;960,5;959,4;0;20,2;19,8;20,7;19,7;20,6;19,3;100;97;98;247;6,1;2,9;
2026/01/10;0700 UTC;0;959,2;959,5;959,1;0;19,6;19,1;19,7;19,5;19,3;19;98;97;98;266;7;3,3;
2026/01/10;0800 UTC;0;959,3;959,5;959,1;0;19,6;19,3;19,7;19,6;19,3;19,2;98;98;98;279;8,1;3,6;
2026/01/10;0900 UTC;0;959,4;959,6;959,3;2,5;19,7;19,3;19,7;19,6;19,4;19,3;99;98;98;296;8,6;3,9;
2026/01/10;1000 UTC;0;959,5;959,6;959,4;47,4;19,7;19,3;19,8;19,6;19,4;19,2;99;98;98;322;9,3;4,7;
2026/01/10;1100 UTC;,2;959,4;959,6;959,3;530,5;20,3;19,4;20,8;19,8;19,5;19,3;98;93;96;328;8,7;5,3;
2026/01/10;1200 UTC;0;959,7;959,9;959,6;1270,8;21,4;19,4;22;20,9;19,7;19,1;93;86;90;322;7,5;5,2;
2026/01/10;1300 UTC;0;959,5;959,7;959,2;1156,1;21,8;19,5;22,4;21,5;19,8;19,2;90;85;88;322;10,2;6,6;
2026/01/10;1400 UTC;0;959,1;959,4;958,6;2254,8;23,3;20;24,4;22,5;20,7;19,6;88;76;83;319;11,6;6,5;
2026/01/10;1500 UTC;0;958,7;959;958,4;2058,9;24,4;19,5;25,3;23,7;20;19;80;70;76;293;9,9;6;
2026/01/10;1600 UTC;0;958,2;958,5;957,9;2880,7;25,6;19,3;26,2;25,2;19,9;18,7;72;65;68;298;10,3;5,6;
2026/01/10;1700 UTC;0;958,1;958,3;957,9;2688,3;25,9;19,5;26,5;25,3;20;19,1;72;63;68;307;10,4;5,8;
2026/01/10;1800 UTC;0;958,1;958,3;957,8;1676,3;25,3;18,9;26;25,1;19,4;18,5;71;65;68;298;11,2;5,8;
2026/01/10;1900 UTC;0;957,8;958,1;957,3;1651,1;25,6;19;26,5;25;19,7;18,5;71;64;67;295;9,6;4,8;
2026/01/10;2000 UTC;0;957,2;957,4;957;1528,5;25,2;19,2;26,1;24,4;20;18,5;74;66;70;287;8,4;4,5;
2026/01/10;2100 UTC;0;957;957,1;956,8;513,9;23,9;18,6;24,3;23,7;19,1;18,3;76;72;73;283;7,7;3,7;
2026/01/10;2200 UTC;0;956,9;957,2;956,6;184,5;22,8;18,7;23,7;21,8;19,1;18,3;86;73;80;247;9,8;3,3;
2026/01/10;2300 UTC;0;957,6;957,8;957,2;21,8;21,1;18,9;21,7;20,8;19,2;18,7;92;86;89;255;4;1,9;
2026/01/11;0000 UTC;0;958;958,2;957,9;0;20,7;18,8;20,8;20,6;19;18,7;91;90;90;272;4,4;1,9;
2026/01/11;0100 UTC;0;958,6;958,8;958,2;0;20,3;18,6;20,6;19,6;19,1;17,6;94;88;91;218;5,8;2,1;
2026/01/11;0200 UTC;0;958,8;958,9;958,7;0;19,2;17,4;19,6;18,7;17,7;17;92;90;91;222;5,2;2,8;
2026/01/11;0300 UTC;,2;958,8;958,9;958,6;0;18,2;16,8;18,7;17,5;17,1;15,9;96;90;93;251;5,1;2,3;
2026/01/11;0400 UTC;0;958,5;958,8;958,3;0;16,8;15,5;17,5;16,3;16;14,9;95;92;93;247;5;2,1;
2026/01/11;0500 UTC;0;958,2;958,4;957,8;0;15,9;14,7;16,3;15,6;15;14,3;95;92;94;260;6;3,7;
2026/01/11;0600 UTC;0;957,6;957,8;957,5;0;15,4;13,7;15,6;15;14,3;13,3;93;90;91;280;5,5;2,9;
2026/01/11;0700 UTC;0;957,5;957,6;957,3;0;15,1;13,5;15,2;15;13,8;13,2;93;91;92;272;7,2;4;
2026/01/11;0800 UTC;0;957,5;957,8;957,2;0;15;14;15,2;14,8;14,2;13,8;96;93;95;256;6;2,7;
2026/01/11;0900 UTC;0;958,1;958,5;957,8;9,3;14,9;14;15;14,9;14,1;13,9;96;95;95;273;8;4,6;
2026/01/11;1000 UTC;0;959;959,4;958,6;183,5;15,1;14;15,2;15;14,2;13,9;96;93;95;281;9;4,9;
2026/01/11;1100 UTC;0;959,6;959,7;959,4;748,7;15,7;14,1;16;15,2;14,4;13,8;94;90;92;282;8,6;5,1;
2026/01/11;1200 UTC;0;959,6;959,8;959,5;1097,5;16,1;14,7;16,7;15,6;15,3;14,2;95;90;93;278;7,8;4,1;
2026/01/11;1300 UTC;0;959,7;959,9;959,6;1059,6;17,1;15,2;17,5;16,7;15,5;14,8;92;89;91;283;7,6;3,7;
2026/01/11;1400 UTC;0;959,8;959,9;959,6;1460;18,2;15,7;18,5;17,5;16;15,2;90;85;87;290;7,6;4;
2026/01/11;1500 UTC;0;959,6;959,7;959,4;1744,7;19,1;16,2;19,6;18,3;16,6;15,8;89;83;86;284;7,9;4,6;
2026/01/11;1600 UTC;0;959,8;959,9;959,7;942;18,8;16,5;19,4;18,3;17;15,9;91;83;88;284;7,2;4;
2026/01/11;1700 UTC;0;959,9;960;959,8;1023,2;19,1;17;19,8;18,5;17,7;16,6;93;84;90;272;6,9;3,4;
2026/01/11;1800 UTC;0;959,7;959,8;959,5;2016,9;20,9;17,3;21,7;19,8;17,9;16,9;91;78;82;290;7;3,8;
2026/01/11;1900 UTC;0;959,3;959,6;959,2;1818,8;22,4;17,9;22,9;21,4;18,4;17,3;81;74;78;273;5,7;2,4;
2026/01/11;2000 UTC;2,6;959,2;959,6;958,9;890,1;21,7;18,5;22,5;19,9;19,8;17,7;94;77;84;255;7,9;2,7;
2026/01/11;2100 UTC;0;959,3;959,5;959,1;1342,3;21,4;19,2;22,4;19,9;20;18,6;96;83;89;277;5,1;3,2;
2026/01/11;2200 UTC;0;959,5;959,8;959,2;119,9;20,7;18,9;21,9;19,7;19,3;18,7;97;84;91;240;6;2,9;
2026/01/11;2300 UTC;,2;960,1;960,3;959,8;56,2;19,7;19,1;19,8;19,6;19,2;18,9;98;96;97;218;4,8;2,2;
2026/01/12;0000 UTC;0;960,6;960,9;960,3;0;19,6;18,8;19,6;19,5;18,9;18,8;97;96;96;214;4,8;2,6;
2026/01/12;0100 UTC;0;961,1;961,4;960,8;0;19,3;18,9;19,5;19,1;19;18,8;99;97;98;203;5,1;3;
2026/01/12;0200 UTC;0;961,6;961,7;961,4;0;19;18,5;19,1;18,9;18,8;18,3;98;97;97;197;4,8;2,5;
2026/01/12;0300 UTC;0;961,8;961,9;961,7;0;19;18,3;19;18,9;18,5;18;98;95;97;183;5,1;3,1;
2026/01/12;0400 UTC;0;961,7;961,8;961,6;0;18,8;18,2;18,9;18,7;18,3;17,9;98;95;97;179;4,4;2,1;
2026/01/12;0500 UTC;0;961,5;961,6;961,4;0;18,6;18,2;18,7;18,4;18,3;18;98;97;98;180;4,7;2,9;
2026/01/12;0600 UTC;0;961,5;961,5;961,4;0;18,3;17,7;18,4;18,2;18,1;17,5;98;96;97;178;2,7;1,3;
2026/01/12;0700 UTC;0;961,4;961,5;961,3;0;18,1;17,6;18,2;18;17,7;17,5;98;96;97;177;2,2;1;
2026/01/12;0800 UTC;0;961,6;961,8;961,5;0;17,7;17,3;17,9;17,5;17,5;17,1;99;97;98;164;2,7;1,2;
2026/01/12;0900 UTC;0;962;962,4;961,8;7,9;17,4;17,3;17,5;17,3;17,4;17;100;99;99;153;2,3;1;
2026/01/12;1000 UTC;0;963;963,4;962,4;122,4;17,5;17,2;17,7;17,3;17,4;17,1;99;98;99;105;1,2;,7;
2026/01/12;1100 UTC;0;963,6;963,8;963,4;579,7;18,1;17,4;18,4;17,8;17,9;17;98;93;96;131;3,2;2;
2026/01/12;1200 UTC;0;963,8;963,9;963,8;1371,8;19,3;17,4;20,2;18,3;18,1;16,8;97;85;91;157;5,4;2,9;
2026/01/12;1300 UTC;0;964,1;964,3;963,9;1405,5;20;17,1;20,3;19,3;17,9;16,4;92;81;86;146;4,9;2,6;
2026/01/12;1400 UTC;0;964,2;964,3;964,1;2229,4;21,1;16,8;22;20,5;17,7;16,2;84;73;79;151;5,3;2,8;
2026/01/12;1500 UTC;0;964,1;964,2;963,9;2677;22,2;16,8;22,8;21,7;17,4;15,8;77;67;73;171;5,8;3,2;
2026/01/12;1600 UTC;0;963,9;964;963,7;1775,6;22,3;16,8;22,6;22;17,6;16,1;77;69;72;151;4,7;3;
2026/01/12;1700 UTC;0;963,7;963,9;963,6;2707,6;23,1;16,9;24,1;22,4;17,7;16,3;74;64;69;189;4,7;2,6;
2026/01/12;1800 UTC;0;963,3;963,6;963,1;2698,9;24;17,2;24,6;23,7;18,1;16,2;70;62;66;146;4,9;2,4;
2026/01/12;1900 UTC;0;962,9;963,1;962,6;2168,6;24,4;17,6;25,3;23,7;18,6;16,9;71;61;66;130;4,3;2,2;
2026/01/12;2000 UTC;0;962,4;962,6;962,3;2002,6;24,9;17,7;25,5;24,1;18,3;17,2;68;59;64;181;5,7;2,4;
2026/01/12;2100 UTC;0;962,3;962,4;962,2;1646,5;25,5;17,6;26;24,7;18,2;16,9;65;58;61;155;5,3;2,5;
2026/01/12;2200 UTC;0;962,7;962,9;962,4;314,5;23,7;18,4;25,4;22,5;19,1;17,7;83;62;73;82;4;1,7;
2026/01/12;2300 UTC;0;963,1;963,4;963;59,2;21,7;19;22,4;20,9;19,4;18,8;91;83;87;112;2,4;1,2;
2026/01/13;0000 UTC;0;963,5;963,6;963,4;0;20,5;18,8;20,9;20;19;18,7;93;91;92;134;2,4;1,3;
2026/01/13;0100 UTC;0;963,8;964,1;963,6;0;19,6;18,6;20;19,3;18,7;18,5;96;93;95;128;2,6;1,6;
2026/01/13;0200 UTC;0;964,3;964,5;964,1;0;19,3;18,6;19,4;19,2;18,7;18,4;97;96;96;77;3,3;1,7;
2026/01/13;0300 UTC;0;964,3;964,5;964,1;0;19,2;18,7;19,3;19,1;18,9;18,6;98;97;98;71;3,8;2,2;
2026/01/13;0400 UTC;0;963,7;964,1;963,4;0;18,9;18,7;19,1;18,6;18,9;18,4;99;98;99;56;2,4;1,1;
2026/01/13;0500 UTC;0;963,1;963,3;962,9;0;18,4;18,3;18,5;18,2;18,4;18,2;100;99;100;216;1,2;,7;
2026/01/13;0600 UTC;0;962,6;962,9;962,5;0;17,7;17,7;18,2;17;18,2;17;100;100;100;219;,5;,2;
2026/01/13;0700 UTC;0;962,6;962,7;962,5;0;17,1;17,1;17,5;16,8;17,5;16,8;100;100;100;77;1;,5;
2026/01/13;0800 UTC;0;962,5;962,7;962,5;0;17,6;17,5;17,7;17,3;17,7;17,2;100;100;100;126;1,5;,5;
2026/01/13;0900 UTC;0;962,9;963,2;962,7;4,7;16,9;16,9;17,5;16,4;17,4;16,4;100;100;100;96;1,7;,6;
2026/01/13;1000 UTC;0;963,5;963,8;963,2;203,9;17,7;17,7;18,3;17,2;18,2;17,2;100;100;100;227;1,2;,5;
2026/01/13;1100 UTC;0;963,9;964;963,7;999,2;19,3;19;20,5;18,3;19,6;18,3;100;92;98;270;3,7;1,6;
2026/01/13;1200 UTC;0;964,2;964,4;963,9;1404,2;21,9;19;22,8;20,6;19,6;18,5;93;81;86;132;3,3;1,2;
2026/01/13;1300 UTC;0;964,5;964,7;964,4;1384,7;22,7;18,8;23,2;22,2;19,4;18,3;84;76;81;52;2,8;1,6;
2026/01/13;1400 UTC;0;964,6;964,7;964,5;2981,4;24,8;18,8;26,2;23,1;19,5;18;79;62;70;268;4,8;2,3;
2026/01/13;1500 UTC;0;964,6;964,7;964,5;1845;25,4;18,3;26,6;24,8;19,3;17,1;69;59;64;302;5,7;3,1;
2026/01/13;1600 UTC;0;964,3;964,5;964;3828,4;27,1;18,6;27,7;26,5;19,7;17,6;63;51;58;237;6,8;2,5;
2026/01/13;1700 UTC;0;963,9;964,2;963,6;3346,4;26,9;19,6;27,5;26;20,7;18,5;72;55;64;222;4,7;2,5;
2026/01/13;1800 UTC;0;963,5;963,6;963,3;3392,3;27,4;19,4;28;26,6;20,2;18,8;65;56;60;191;6;2,9;
2026/01/13;1900 UTC;0;963,1;963,3;963;2844,8;28,2;19;28,9;27,6;19,9;18,5;61;51;54;226;5,6;3,2;
2026/01/13;2000 UTC;0;962,8;963;962,6;2287,4;28,3;18,9;28,8;27,6;19,8;18,3;57;49;53;232;4,6;2,2;
2026/01/13;2100 UTC;0;962,6;962,7;962,5;1420,2;28;18,7;28,6;27,6;19,4;18;58;50;54;215;2,9;1,4;
2026/01/13;2200 UTC;0;962,7;962,7;962,7;292,8;26,3;18,8;26,3;26,3;18,8;18,8;62;62;62;154;4,1;3;
2026/01/13;2300 UTC;0;963,5;963,5;963,5;0;23,6;19,7;23,6;23,6;19,7;19,7;80;80;80;105;2,8;1,8;
2026/01/14;0000 UTC;0;964,4;964,4;964,4;0;22,4;20,7;22,4;22,4;20,7;20,7;92;92;92;78;3,3;2;
2026/01/14;0100 UTC;0;964,9;965,3;964,4;0;22;20,7;22,3;21,7;20,7;20,6;95;92;94;93;4;1,8;
2026/01/14;0200 UTC;0;965,2;965,3;965,1;0;21,5;20,6;21,7;21,3;20,7;20,5;96;95;96;92;3,6;1,7;
2026/01/14;0300 UTC;0;965,2;965,3;965;0;20,9;20,4;21,3;20,6;20,6;20,3;99;96;97;51;2,8;1,3;
2026/01/14;0400 UTC;0;964,6;965;964,5;0;20,4;20,2;20,6;20,2;20,4;20,1;100;99;99;75;1,9;1;
2026/01/14;0500 UTC;0;964,5;964,6;964,3;0;19,6;19,5;20,2;19,2;20,2;19;100;99;99;129;,7;,3;
2026/01/14;0600 UTC;0;964,2;964,4;964,1;0;19,3;19,2;19,8;19;19,8;18,8;100;99;100;223;,8;,4;
2026/01/14;0700 UTC;0;964,1;964,3;964;0;19,3;19,2;19,9;18,7;19,9;18,6;100;99;100;317;1,4;,7;
2026/01/14;0800 UTC;0;964,2;964,3;964,1;0;18,7;18,7;19;18,5;19;18,4;100;99;100;276;,8;,4;
2026/01/14;0900 UTC;0;964,3;964,4;964,2;6,8;18,7;18,6;19;18,4;19;18,3;100;100;100;175;,9;,5;
2026/01/14;1000 UTC;0;964,7;965;964,4;175,7;19,7;19,6;20,8;18,9;20,4;18,9;100;98;100;324;1,6;1;
2026/01/14;1100 UTC;0;965,5;965,7;965;1180,8;22,6;20,5;23,9;20,8;21;20,3;98;84;90;318;4,2;2,3;
2026/01/14;1200 UTC;0;965,5;965,7;965,3;2034,9;25;20,5;26,1;23,9;21;20;83;73;78;312;3,8;2,3;
2026/01/14;1300 UTC;0;965,3;965,3;965,1;2908,9;26,9;20,4;28,1;25,9;21,2;19,4;75;58;67;309;5,7;2,6;
2026/01/14;1400 UTC;0;965,2;965,3;965,1;2252,9;27,4;19,5;28,4;26,7;20,4;18,5;65;53;60;298;4,6;2;
2026/01/14;1500 UTC;0;964,9;965,1;964,8;3101,1;28,4;19,3;29;27,9;20,7;18,2;60;50;54;284;5,6;2;
2026/01/14;1600 UTC;0;964,6;964,8;964,4;3466,7;29,2;19,5;29,7;28,1;20,2;18,7;56;48;51;302;6,5;3,5;
2026/01/14;1700 UTC;0;964,2;964,4;964;3669,9;29,7;19,8;30,3;29,2;20,7;18,9;56;45;50;269;3,4;1,9;
2026/01/14;1800 UTC;0;963,7;964;963,5;3225,2;30,1;20,2;31,1;29,6;21,5;19,4;57;45;50;163;4,2;2,3;
2026/01/14;1900 UTC;0;963,2;963,5;962,9;2267,5;30,1;20,1;31,2;29,3;21,1;19,4;58;45;50;255;4,8;2,3;
2026/01/14;2000 UTC;0;962,3;962,3;962,3;1806,8;29,9;19,7;29,9;29,9;19,7;19,7;49;49;49;160;4,2;3,2;
2026/01/14;2100 UTC;0;962,3;962,3;962,3;818,6;28,3;22,2;28,3;28,3;22,2;22,2;70;70;70;115;3,8;1,6;
2026/01/14;2200 UTC;0;962,7;963;962,3;267,1;25,5;21,5;28,3;23,9;22,2;20,8;91;68;80;92;5,8;2,7;
2026/01/14;2300 UTC;0;962,9;963;962,8;44;23,7;22;23,9;23,2;22,2;21,7;95;90;92;52;2,6;1,5;
2026/01/15;0000 UTC;0;963,1;963,3;962,8;0;23,1;22,1;23,3;22,9;22,2;21,6;96;92;95;78;5,1;2,5;
2026/01/15;0100 UTC;0;963,5;963,7;963,2;0;22,7;22;22,9;22,5;22,1;21,9;97;96;97;59;5,2;2,7;
2026/01/15;0200 UTC;0;963,7;963,8;963,7;0;22,2;21,8;22,5;22;21,9;21,7;99;97;98;57;5,3;2,4;
2026/01/15;0300 UTC;0;963,6;963,7;963,5;0;21,8;21,6;21,9;21,6;21,7;21,5;99;99;99;51;4,4;2,5;
2026/01/15;0400 UTC;0;963,5;963,6;963,4;0;21,5;21,3;21,6;21,3;21,5;21,2;99;99;99;52;4,3;2,3;
2026/01/15;0500 UTC;0;963,2;963,4;963;0;21,1;21,1;21,4;21;21,3;20,9;100;99;100;192;1,6;,5;
2026/01/15;0600 UTC;0;962,9;963,1;962,7;0;20,7;20,7;21;20,5;21;20,5;100;100;100;228;,8;,3;
2026/01/15;0700 UTC;0;962,7;962,7;962,6;0;20,5;20,5;20,6;20,3;20,6;20,3;100;100;100;307;1,3;,7;
2026/01/15;0800 UTC;0;962,8;962,9;962,7;0;20,4;20,4;20,8;19,9;20,8;19,9;100;100;100;324;2,8;1,6;
2026/01/15;0900 UTC;,2;963;963,2;962,9;9;20,7;20,7;20,9;20,4;20,9;20,4;100;100;100;73;2;,7;
2026/01/15;1000 UTC;0;963,4;963,6;963,1;175,2;20,7;20,6;21,4;20,4;21,3;20,4;100;99;100;246;2,8;1,5;
2026/01/15;1100 UTC;0;963,8;963,9;963,7;1169,9;23,4;21,3;24,8;21,5;21,7;20,8;99;81;89;318;5,9;3;
2026/01/15;1200 UTC;0;963,8;963,9;963,7;2002,2;26,2;21;27,4;24,8;21,5;20,4;81;67;74;322;5,9;3,8;
2026/01/15;1300 UTC;0;963,8;963,9;963,6;2784,8;28;20,7;28,7;27,4;21,2;20,3;68;60;64;312;7,8;4,7;
2026/01/15;1400 UTC;0;964;964;963,9;3384,3;29,7;21,3;30,6;28,5;22,1;20,8;63;52;58;313;7,2;4,8;
2026/01/15;1500 UTC;0;963,8;964,1;963,4;3235,2;30,6;21,1;31,3;30,1;21,9;19,9;57;44;52;317;7,6;3,9;
2026/01/15;1600 UTC;0;963,1;963,4;962,8;4108,5;32;20,6;32,6;30,9;21,7;19,6;49;38;43;308;7,9;4,3;
2026/01/15;1700 UTC;0;962,5;962,9;962,2;3412,2;32,4;20,7;33;31,9;21,7;20;46;37;42;283;7,2;3,8;
2026/01/15;1800 UTC;0;962,1;962,3;961,8;3103,2;32,5;20,4;33;31,8;21;19,8;43;36;39;295;7;3,8;
2026/01/15;1900 UTC;0;961,6;961,6;961,6;2666,6;32,9;20,8;32,9;32,9;20,8;20,8;39;39;39;284;4,9;3,4;
2026/01/15;2000 UTC;0;961,2;961,2;961,2;826,9;31,9;20,2;31,9;31,9;20,2;20,2;42;42;42;262;3,9;3;
2026/01/15;2100 UTC;0;961,2;961,4;961;1187,2;31,6;20,4;32,1;31;21;19,8;47;40;44;260;5,4;3;
2026/01/15;2200 UTC;0;961,5;961,8;961,4;374,6;30,3;20,5;31,2;29;20,8;20,2;56;47;51;251;2,7;1,2;
2026/01/15;2300 UTC;0;962;962,3;961,7;38,3;28,5;20;29;27,8;20,4;19,6;60;56;57;245;1,6;,9;
2026/01/16;0000 UTC;0;962,4;962,5;962,3;0;27,4;19,6;28,4;26,1;20,1;18,9;69;56;61;156;2,6;1,7;
2026/01/16;0100 UTC;0;962,3;962,6;962,2;0;26,4;19,7;26,8;25,8;20;19,5;70;64;66;167;2,2;1,1;
2026/01/16;0200 UTC;0;963;963,4;962,6;0;24,7;19,9;26,5;23,3;20,5;19,5;84;66;76;241;1,4;,7;
2026/01/16;0300 UTC;0;963,7;963,9;963,5;0;23,2;19,5;24;22,5;20;18,8;87;75;82;235;1,2;,6;
2026/01/16;0400 UTC;0;963,5;963,8;963,2;0;23,2;19,4;23,9;22,7;19,9;18,7;85;75;81;196;,8;,5;
2026/01/16;0500 UTC;0;963;963,3;962,6;0;23,8;18,5;25,5;22,7;19,4;17,8;82;64;74;246;,8;,4;
2026/01/16;0600 UTC;0;962,4;962,5;962,2;0;22,4;18,8;22,8;22,1;19,3;18,2;85;78;82;159;1,4;,5;
2026/01/16;0700 UTC;0;961,9;962,3;961,6;0;24;18;24,5;22,8;18,6;17,8;79;68;70;167;3,1;2,1;
2026/01/16;0800 UTC;0;961,9;962,3;961,5;0;24;17,4;24,4;23,7;18,3;16,8;72;63;67;184;2,6;1,6;
2026/01/16;0900 UTC;0;962,9;963,2;962,4;1,3;24,2;17;24,5;23,6;17,3;16,7;67;62;64;184;2,8;1,5;
2026/01/16;1000 UTC;0;963,4;963,7;963,1;89,3;23,9;17,2;24;23,6;17,4;16,8;68;65;66;151;2,6;1,8;
2026/01/16;1100 UTC;0;964;964,5;963,6;199;24,1;17,5;24,6;23,8;18,2;17,2;71;64;67;160;3;1,8;
2026/01/16;1200 UTC;0;964,6;965,1;964,4;635,5;24,7;18,2;25,3;23,4;18,9;17,6;76;64;68;186;7,6;5,3;
2026/01/16;1300 UTC;0;965;965,2;964,8;573,9;22,9;19,7;23,3;22,5;20,5;18,8;90;77;84;164;9,8;5,2;
2026/01/16;1400 UTC;0;965,5;966;965,1;601,1;22,5;20,3;22,7;22,1;20,6;20,1;90;88;89;168;9,5;5,5;
2026/01/16;1500 UTC;1,6;966,1;966,3;965,9;618,8;21,9;20,4;22,5;21,4;20,9;20,1;98;88;93;153;8,3;4,3;
2026/01/16;1600 UTC;1;966,1;966,2;965,8;386,2;21,1;20,8;21,4;20,9;20,9;20,6;99;97;98;140;3,8;1,7;
2026/01/16;1700 UTC;3;965,7;966,1;965,2;934,5;21,3;20,7;21,9;20,7;21,3;20,4;99;94;97;137;7,1;3,6;
2026/01/16;1800 UTC;0;965,2;965,5;964,8;1499,1;21,8;20,2;22,8;21,4;20,7;19,4;96;87;92;148;7,6;4,4;
2026/01/16;1900 UTC;0;965,5;965,7;965;686,4;22,6;20,2;23;22,4;20,8;19,9;92;85;88;92;3,6;1,7;
2026/01/16;2000 UTC;0;965,4;965,5;965,1;552,2;22,4;20,5;22,7;22,1;20,9;20,2;92;89;91;120;4,5;2,5;
2026/01/16;2100 UTC;0;965;965,1;964,7;668,4;22,7;20,4;23,1;22,3;20,7;20;91;85;88;139;6,3;3,4;
2026/01/16;2200 UTC;0;965,1;965,3;964,9;286,5;22,4;20,2;22,8;22,1;20,4;20,1;91;87;89;144;6,9;3,8;
2026/01/16;2300 UTC;0;965,5;965,8;965,3;105,3;21,8;20;22,1;21,5;20,3;19,5;92;90;91;131;5,9;3,1;
2026/01/17;0000 UTC;0;965,9;966,2;965,6;0;20,9;19,4;21,4;20,4;19,5;19,4;95;90;93;140;4,2;2,4;
2026/01/17;0100 UTC;0;966,4;966,5;966,2;0;20,4;19,3;20,5;20,2;19,6;19;96;94;95;122;4,4;2,5;
2026/01/17;0200 UTC;0;966,4;966,5;966,3;0;19,9;19,2;20,2;19,7;19,3;19,1;98;95;96;112;4,9;2,6;
2026/01/17;0300 UTC;0;966,2;966,4;965,9;0;19,8;19,5;19,9;19,7;19,6;19,3;99;98;98;98;5,2;2,4;
2026/01/17;0400 UTC;0;965,7;966;965,6;0;19,7;19,5;19,9;19,5;19,6;19,3;99;98;99;82;4,9;2,5;
2026/01/17;0500 UTC;0;965,3;965,6;964,8;0;19,5;19,2;19,5;19,5;19,3;19,1;99;98;99;96;4,3;2,2;
2026/01/17;0600 UTC;0;964,4;964,8;964,1;0;19,5;19,1;19,6;19,4;19,2;19;99;98;98;113;3,4;2,1;
2026/01/17;0700 UTC;0;964;964,1;963,9;0;19,3;19,1;19,4;19,3;19,3;19;100;99;99;106;3,6;1,9;
2026/01/17;0800 UTC;0;964,2;964,5;964;0;19,2;19,2;19,3;19,2;19,3;19,2;100;100;100;77;3,3;1,6;
2026/01/17;0900 UTC;0;964,6;964,8;964,4;1,2;19,2;19,2;19,2;19,1;19,2;19,1;;;;126;3,8;2,3;
2026/01/17;1000 UTC;0;964,7;964,8;964,6;102,9;19;19;19,1;19;19,1;18,9;100;100;100;115;4,3;2,5;
2026/01/17;1100 UTC;0;964,6;964,7;964,5;426,6;19,2;19,2;19,5;19;19,3;19;100;99;100;113;5,1;2,4;
2026/01/17;1200 UTC;0;964,8;964,9;964,7;672,8;20;19;20,6;19,5;19,3;18,7;98;90;95;88;4;2,1;
2026/01/17;1300 UTC;0;964,6;964,7;964,5;1107,8;21,2;19;21,8;20,7;19,4;18,7;92;85;89;80;4,7;2,3;
2026/01/17;1400 UTC;0;964,7;964,9;964,5;2169,4;22,7;19;23,8;21,8;19,6;18,5;86;74;81;79;3,6;1,6;
2026/01/17;1500 UTC;0;964,7;964,8;964,5;1626,5;23,2;19,2;23,7;22,7;19,7;18,5;84;76;80;52;3,6;2,2;
2026/01/17;1600 UTC;0;964,3;964,5;964,1;1745,4;24,3;19,3;25;23,3;20,1;18,8;81;72;75;74;2,8;1,4;
2026/01/17;1700 UTC;0;963,8;964,1;963,4;1789,5;24,9;19,6;25,4;24,5;20,3;19;77;70;73;45;3,5;1,7;
2026/01/17;1800 UTC;0;963,1;963,3;962,7;1954,2;25,7;19,9;26,3;25;20,6;19,2;75;67;71;58;4,2;1,8;
2026/01/17;1900 UTC;0;962,3;962,7;962;1560,6;25,6;20,3;26;25,3;21,1;19,6;77;71;73;66;4,5;2;
2026/01/17;2000 UTC;0;961,5;962;961;1173,6;25,5;20,6;26,6;25;21,4;20,1;79;70;75;77;5,3;2,2;
2026/01/17;2100 UTC;0;960,5;961;960,2;1284,4;25,9;20,5;26,8;24,9;21;20;78;68;73;95;5,2;2,1;
2026/01/17;2200 UTC;0;960,4;960,5;960,2;365,3;24,6;20,5;26,1;24,1;20,9;20,3;83;72;80;82;3,9;2,1;
2026/01/17;2300 UTC;0;960,4;960,5;960,3;51,1;23,3;20,2;24,3;22,6;20,4;20,1;88;80;84;86;3,6;1,4;
2026/01/18;0000 UTC;0;960,7;961,2;960,4;0;22;20,2;22,6;21,7;20,3;20,2;93;88;91;68;2,6;1,1;
2026/01/18;0100 UTC;0;961,5;961,8;961,2;0;21,6;20,3;21,7;21,3;20,4;20,3;95;93;94;72;2,9;1,7;
2026/01/18;0200 UTC;0;961,8;961,9;961,7;0;21;20,3;21,3;20,7;20,4;20,3;98;95;97;57;2,5;1,5;
2026/01/18;0300 UTC;0;961,9;962;961,8;0;20,6;20,4;20,7;20,6;20,4;20,3;99;98;99;53;2,4;1,3;
2026/01/18;0400 UTC;0;961,3;961,3;961,3;0;20,3;20,1;20,3;20,3;20,1;20,1;99;99;99;115;1,6;,7;
2026/01/18;0500 UTC;0;961,1;961,1;961,1;0;20,2;20,2;20,2;20,2;20,2;20,2;100;100;100;57;1,2;,9;
2026/01/18;0600 UTC;0;960,8;960,8;960,8;0;20,2;20,1;20,2;20,2;20,1;20,1;100;100;100;130;1,2;1;
2026/01/18;0700 UTC;0;960,1;960,1;960,1;0;20,1;19,9;20,1;20,1;19,9;19,9;99;99;99;139;1,4;1,1;
2026/01/18;0800 UTC;0;960,2;960,2;960,2;0;19,8;19,7;19,8;19,8;19,7;19,7;99;99;99;64;1,3;1;
2026/01/18;0900 UTC;;;;;;;;;;;;;;;;;;
2026/01/18;1000 UTC;0;961,1;961,3;960,7;248,3;19,9;19,6;21,1;19,2;20,2;18,9;100;95;99;149;2;,6;
2026/01/18;1100 UTC;0;961,5;961,6;961,3;1208,5;22,7;20,3;23,8;21,2;21,1;19,6;95;79;88;208;2,7;1;
2026/01/18;1200 UTC;0;961,6;961,6;961,5;2048,2;24,5;19,8;25,4;23,7;20,6;18,6;82;66;77;182;4,7;2,7;
2026/01/18;1300 UTC;0;961,6;961,6;961,5;2845,7;26;18,2;26,8;25,3;19,5;17;70;52;61;145;4,5;2,3;
2026/01/18;1400 UTC;0;961,7;961,9;961,6;3474,2;27,2;17,1;27,6;26,6;18,1;15,9;55;43;49;156;7,1;3,2;
2026/01/18;1500 UTC;0;962;962,2;961,7;3895,1;28;17,3;28,4;27,5;19,1;15,7;56;40;47;144;8;3,9;
2026/01/18;1600 UTC;0;962,1;962,3;962;3906,9;28,1;18;28,5;27,5;19,4;17;57;44;50;152;7,1;4,1;
2026/01/18;1700 UTC;0;962,2;962,3;962;3763,2;28,1;18,8;28,6;27,2;20;18,1;59;48;53;135;8,6;4,1;
2026/01/18;1800 UTC;0;962;962,2;961,8;3082,8;27,7;18,3;28,2;27;19,3;17,5;58;48;53;138;9,2;4,6;
2026/01/18;1900 UTC;0;961,9;962,6;961,5;2109,6;26,2;17,9;27,9;20,1;18,8;16,6;83;50;59;153;15,3;8,6;
2026/01/18;2000 UTC;0;962,7;963;962,2;1036,4;21;17,5;22,2;19,7;19;15,5;88;75;83;137;8,6;4,5;
2026/01/18;2100 UTC;0;962,9;963,1;962,6;1168,6;22,3;17,8;22,8;21,6;18,6;17;81;74;78;145;9,9;5,1;
2026/01/18;2200 UTC;0;963,6;964;963,1;257,3;20,5;17,3;21,7;19,5;17,6;17;91;77;84;139;8,8;4,8;
2026/01/18;2300 UTC;0;964,5;965;963,9;20,7;18,9;16;19,4;18,4;17,3;15,8;89;84;86;136;9,7;5,9;
2026/01/19;0000 UTC;0;965,8;966,5;965;0;17,8;16,5;18,4;17,4;17;16;96;88;93;142;10;5;
2026/01/19;0100 UTC;0;967;967,6;966,5;0;17,3;15,8;17,3;17,2;16,3;15,1;95;89;92;144;7;3,9;
2026/01/19;0200 UTC;0;967,9;968,2;967,6;0;17;14,1;17,2;16,3;15,1;13,3;90;84;86;142;7,9;3,9;
2026/01/19;0300 UTC;0;968,6;968,8;968,2;0;15,8;12,8;16,3;15,2;13,2;12,5;88;82;85;154;5,6;2,6;
2026/01/19;0400 UTC;0;968,7;968,8;968,6;0;14,7;12,3;15,1;14,3;12,7;12;89;87;88;148;4,2;2,4;
2026/01/19;0500 UTC;0;968,3;968,6;968,1;0;13,9;12;14,3;13,5;12,1;11,7;92;89;90;147;4,2;2,1;
2026/01/19;0600 UTC;0;967,8;968,1;967,7;0;13,2;11,6;13,5;12,9;11,8;11,4;93;91;92;141;4,1;2,1;
2026/01/19;0700 UTC;0;967,6;967,7;967,5;0;12,7;11,3;12,8;12,5;11,5;11;94;93;93;144;4,4;2,2;
2026/01/19;0800 UTC;0;967,7;967,9;967,5;0;12,3;10,4;12,5;12,1;11;9,5;93;87;90;145;4,1;1,9;
2026/01/19;0900 UTC;0;968;968,1;967,8;3,4;11,6;9,1;12,1;11,1;9,5;8,7;89;86;88;140;2,5;1,3;
2026/01/19;1000 UTC;0;968,4;968,7;968,1;205,4;11,7;8,6;12,8;11,1;9;8,3;88;80;84;134;4,2;1,7;
2026/01/19;1100 UTC;0;969;969,3;968,7;1221,2;14,1;9,2;15,4;12,9;9,9;8,6;80;71;75;144;6,7;3,7;
2026/01/19;1200 UTC;0;969,5;969,7;969,2;2126,5;16,5;9,9;17,3;15,4;10,7;9,5;73;64;67;153;8,2;4,5;
2026/01/19;1300 UTC;0;969,9;970,2;969,7;2470,7;17,8;10,3;18,9;17,1;11;9,7;68;54;62;135;9,1;4,6;
2026/01/19;1400 UTC;0;970,2;970,3;970;3367,3;19,5;9,2;20,4;18,2;10,9;8,1;57;41;49;113;10,2;5;
2026/01/19;1500 UTC;0;970,1;970,3;970;3565,8;20,3;10,5;21;19,6;11,7;9,3;55;46;51;118;8,8;4,9;
2026/01/19;1600 UTC;0;970;970,1;969,8;3874,2;21,1;11,4;21,8;20,4;13;10,5;58;46;51;123;9,5;4,8;
2026/01/19;1700 UTC;0;969,9;970;969,7;2094,8;20,6;11,7;21,9;19,9;12,7;10,7;60;46;56;116;8;4;
2026/01/19;1800 UTC;0;969,7;969,9;969,6;2120,4;20,5;11,8;22,1;19,8;13;11,1;61;52;56;119;9,1;4,5;
2026/01/19;1900 UTC;0;969,5;969,7;969,3;2303,7;20,9;11,3;22,2;20,1;12,1;10,5;57;46;52;125;7,6;4,3;
2026/01/19;2000 UTC;0;969;969,3;968,8;2328,1;20,7;11,5;21,5;20;12,1;10,6;59;50;54;113;7,6;4,2;
2026/01/19;2100 UTC;0;968,9;969;968,7;1264,5;19,7;10,6;20,9;19;12;10;58;50;55;129;7;4;
2026/01/19;2200 UTC;0;968,8;968,9;968,7;653,9;19;10,2;19,7;18,1;10,8;9,5;58;54;56;124;6,7;3,6;
2026/01/19;2300 UTC;0;969,1;969,2;968,9;50,9;16,8;9,3;18;15,8;9,8;8,9;66;58;62;130;2,4;1,2;
2026/01/20;0000 UTC;0;969,3;969,4;969,2;0;15,2;8,7;15,7;14,7;9;8,6;71;66;68;125;3,8;2,2;
2026/01/20;0100 UTC;0;969,5;969,7;969,3;0;15,1;9,5;15,3;14,6;9,8;8,9;73;71;72;94;5,2;2,3;
2026/01/20;0200 UTC;0;969,6;969,8;969,5;0;14,6;9,8;15,1;14,3;10;9,7;78;73;76;89;4,1;2;
2026/01/20;0300 UTC;0;969,7;969,9;969,5;0;13,6;10;14,4;12,3;10,2;9,8;89;78;82;86;2,2;,9;
2026/01/20;0400 UTC;0;969,6;969,8;969,3;0;13,7;10,2;14,4;12,6;10,3;9,9;88;79;82;115;3;1,8;
2026/01/20;0500 UTC;0;969,1;969,3;968,9;0;13,7;10,2;14,2;13,2;10,3;10,1;85;80;82;144;2,8;1,7;
2026/01/20;0600 UTC;0;968,9;968,9;968,8;0;12,7;10,2;13,2;12,1;10,5;10,1;92;85;88;144;1,9;1,2;
2026/01/20;0700 UTC;0;968,9;969;968,9;0;13;10,2;13,4;12,1;10,4;10,1;91;84;86;142;2,6;1,7;
2026/01/20;0800 UTC;0;969;969,1;969;0;12,8;10,3;13,4;12,5;10,5;10,2;90;84;87;156;2,8;1,9;
2026/01/20;0900 UTC;0;969,3;969,4;969,1;3;12,5;10,3;13;12,2;10,5;10,2;91;86;89;152;2,7;2;
2026/01/20;1000 UTC;0;969,6;969,9;969,4;199,7;13,5;10,6;14,9;12,8;11,1;10,2;89;80;85;162;2,7;1,7;
2026/01/20;1100 UTC;0;970;970,1;969,8;1162,2;16,3;11,5;17,5;15;12,1;11;81;70;76;118;3,2;2;
2026/01/20;1200 UTC;0;970,2;970,2;970,1;2062,6;18,4;11,7;19,1;17,5;12,3;11,3;72;63;67;125;5,1;2,8;
2026/01/20;1300 UTC;0;970,1;970,2;970;2926,8;20,2;11,1;20,7;19,2;12,2;10,2;64;49;55;102;5,5;3,1;
2026/01/20;1400 UTC;0;969,9;970,1;969,7;3253,3;20,8;11,1;21,4;19,8;12,1;10,1;57;47;52;98;5,3;3;
2026/01/20;1500 UTC;0;969,8;969,9;969,6;2928,7;21,2;11,2;21,6;20,7;11,8;10,5;53;46;50;107;5,3;2,2;
2026/01/20;1600 UTC;0;969,4;969,6;969,1;2928;21,6;11,6;22,3;21,1;12,7;10,8;56;47;50;84;5,6;3;
2026/01/20;1700 UTC;0;968,9;969,1;968,7;3186,8;22,5;12,1;23,1;21,7;12,9;11,1;52;42;48;134;5,7;2,8;
2026/01/20;1800 UTC;0;968,5;968,7;968,3;1543,9;21,9;13;23,3;21,3;14,7;11,9;61;50;56;94;6,8;4;
2026/01/20;1900 UTC;;;;;;;;;;;;;;;;;;
2026/01/20;2000 UTC;0;967,7;967,9;967,4;2246,2;22,5;13,6;23,2;21,8;14,2;12,5;60;49;55;103;7,2;4;
2026/01/20;2100 UTC;0;967,5;967,7;967,3;1468;21,4;13,5;22,6;20;14,4;12,9;67;56;61;87;7,7;3,7;
2026/01/20;2200 UTC;0;967,8;967,9;967,6;631;20,1;13;20,6;19,4;13,6;12,5;66;63;65;95;7,5;3,9;
2026/01/20;2300 UTC;0;968,1;968,2;967,9;52,9;18,2;12,8;19,3;17,3;13,2;12,4;79;66;73;85;5,4;2,6;
2026/01/21;0000 UTC;0;968,3;968,5;968,1;0;16,7;12,8;17,2;16,2;13;12,7;84;78;81;91;5,5;2,5;
2026/01/21;0100 UTC;0;968,7;969;968,5;0;15,9;12,6;16,2;15,6;12,8;12,4;85;83;84;76;4,4;2;
2026/01/21;0200 UTC;0;969;969,1;968,9;0;15,7;12,1;15,7;15,6;12,3;11,9;84;81;82;89;4,8;2,6;
2026/01/21;0300 UTC;0;969,3;969,4;969;0;15,1;11,8;15,6;14,5;12,1;11,5;85;82;83;62;2,6;1,1;
2026/01/21;0400 UTC;0;969,3;969,4;969,1;0;14,3;11,4;14,5;14,1;11,5;11,4;86;85;85;79;2,7;1,3;
2026/01/21;0500 UTC;0;969;969,2;968,7;0;14;11,4;14,3;13,8;11,5;11,4;88;86;87;78;4,2;2,1;
2026/01/21;0600 UTC;0;968,6;968,7;968,3;0;13,6;11,4;14,3;13,2;11,5;11,3;91;86;89;76;2,8;1,3;
2026/01/21;0700 UTC;0;968,3;968,4;968,3;0;13,5;11,4;13,6;13,4;11,5;11,3;90;89;90;72;2;1,2;
2026/01/21;0800 UTC;0;968,4;968,6;968,3;0;13,5;11,1;13,6;13,4;11,3;10,9;89;87;88;63;2,2;1,2;
2026/01/21;0900 UTC;0;968,8;968,9;968,6;2,6;13,6;10,8;13,7;13,4;10,9;10,8;87;86;86;62;2,6;1,6;
2026/01/21;1000 UTC;0;969,1;969,3;968,9;190,9;14,1;11;15,3;13,5;11,5;10,8;87;80;85;72;3,2;1,7;
2026/01/21;1100 UTC;0;969,5;969,6;969,3;1146,2;17;11,9;18,3;15,4;12,5;11,3;80;69;75;78;5,9;2,4;
2026/01/21;1200 UTC;0;969,7;969,8;969,6;2053,2;18,8;12,1;19,4;18,3;12,6;11,7;69;64;67;71;7,3;3,3;
2026/01/21;1300 UTC;0;969,6;969,7;969,5;2869,1;19,8;12,6;20,6;19,3;13,7;12,3;67;59;64;69;8;3,7;
2026/01/21;1400 UTC;0;969,5;969,7;969,4;3628,7;21,2;12,9;21,8;20,4;13,9;11,9;62;55;58;68;7,3;3,9;
2026/01/21;1500 UTC;0;969,2;969,4;969;3291,3;22,1;13,2;22,8;21,4;14,3;12,5;60;49;55;98;7;3,7;
2026/01/21;1600 UTC;0;968,9;969;968,7;2928,1;22,7;13,6;23,4;22,1;14,6;12,9;57;51;54;95;6,6;3,3;
2026/01/21;1700 UTC;0;968,6;968,8;968,3;2533,9;22,8;13,5;23,8;22;14,2;12,7;57;50;53;99;8;4;
2026/01/21;1800 UTC;0;968;968,4;967,7;3513,1;23,9;14;24,8;23;15,4;13,4;55;46;50;97;8,3;4,2;
2026/01/21;1900 UTC;0;967,4;967,7;967,1;2630,5;23,9;13,9;25,3;23,1;15,3;13;53;46;50;99;5,9;3,1;
2026/01/21;2000 UTC;0;967,2;967,3;967;1386,7;22,9;13,7;24,6;21,7;14,6;13,2;59;48;54;89;7,4;3,8;
2026/01/21;2100 UTC;0;967,3;967,3;967,2;1066,1;22,1;14;22,2;22,1;14,1;14;60;59;60;83;7,3;4,7;
2026/01/21;2200 UTC;0;967,2;967,4;967;708,2;21,5;14,2;22,1;20,7;14,4;14;67;61;64;95;8,3;3,6;
2026/01/21;2300 UTC;0;967,6;967,9;967,4;45,8;19,5;13,8;20,6;18,7;14;13,5;74;67;71;83;7,2;3,3;
2026/01/22;0000 UTC;0;968,1;968,3;967,8;0;18;13,5;18,7;17,5;13,6;13,3;79;74;77;74;5,6;2,7;
2026/01/22;0100 UTC;0;968,3;968,4;968,1;0;17,1;13,1;17,3;16,8;13,3;12,9;81;79;80;74;5,6;2,8;
2026/01/22;0200 UTC;0;968,5;968,6;968,3;0;16,7;12,9;16,8;16,5;12,9;12,8;82;81;81;68;5,2;2,4;
2026/01/22;0300 UTC;0;968,5;968,5;968,4;0;16,2;13;16,5;15,8;13,1;12,9;86;82;84;66;4,8;2,3;
2026/01/22;0400 UTC;0;968,4;968,4;968,3;0;15,7;13,4;15,9;15,6;13,6;13,2;90;87;88;66;5,1;2,3;
2026/01/22;0500 UTC;0;968,2;968,4;968,1;0;15,5;13,7;15,7;15,2;13,9;13,6;94;89;91;64;3,5;2;
2026/01/22;0600 UTC;0;968,1;968,1;967,9;0;15;13,9;15,2;14,7;14,1;13,9;96;93;95;67;3,1;1,8;
2026/01/22;0700 UTC;0;967,7;967,8;967,6;0;14,9;14,3;15,1;14,7;14,6;13,9;98;96;97;61;3,3;1,9;
2026/01/22;0800 UTC;0;968;968,2;967,8;0;15;14,7;15,1;14,8;14,8;14,5;99;98;98;63;3;1,4;
2026/01/22;0900 UTC;0;968,1;968,2;968,1;2,7;14,6;14,5;14,8;14,5;14,6;14,5;100;99;100;65;2,8;1,6;
2026/01/22;1000 UTC;0;968,7;969;968,2;188,8;15,3;15,2;16,2;14,6;15,7;14,6;100;98;100;67;5;2,4;
2026/01/22;1100 UTC;0;969,1;969,3;968,8;1100,6;17,1;15,8;18,2;16,2;16,1;15,5;98;88;93;54;5,9;3,1;
2026/01/22;1200 UTC;0;969,2;969,3;969;2061;19,2;15,6;20,4;18,3;16;15,2;88;75;82;57;6,8;3,4;
2026/01/22;1300 UTC;0;969;969;968,7;2770,1;21,5;15,7;22,2;20,4;16,2;15,2;77;66;71;65;8,5;3,7;
2026/01/22;1400 UTC;0;968,9;969;968,7;3417;23,3;16,1;24,2;22,4;16,7;15,5;69;59;64;101;7,4;2,9;
2026/01/22;1500 UTC;0;968,5;968,8;968,3;3631,5;24,5;16,1;25,3;23,8;16,8;15,2;62;53;58;69;6,3;3,2;
2026/01/22;1600 UTC;0;968,3;968,4;968,1;3492,9;25,3;16,1;26,1;24,6;17,5;15,4;59;48;54;81;5,4;2,7;
2026/01/22;1700 UTC;0;968;968,2;967,8;3575;26,2;16,4;27,3;25,5;18,1;15,4;58;47;51;71;5,2;2,3;
2026/01/22;1800 UTC;0;967,5;967,9;967,1;3180,2;26,5;16,4;27,5;25,3;17,7;15,3;54;46;50;77;5,4;2,8;
2026/01/22;1900 UTC;0;966,8;967,1;966,5;3134,3;27,3;16,8;27,8;26,9;17,6;16,2;53;44;47;71;5,2;2,9;
2026/01/22;2000 UTC;0;966,4;966,5;966,3;1721,6;26,6;16,8;27,7;25,5;18;15,7;57;43;51;96;5,8;3,1;
2026/01/22;2100 UTC;0;966,3;966,4;966,2;1540,7;26,1;17,7;27,2;25,1;18,2;17,4;63;53;58;73;7,6;4,3;
2026/01/22;2200 UTC;0;966,5;966,7;966,4;628,1;24,3;17,4;25;23,2;17,7;17,1;70;63;66;77;7,7;3,8;
2026/01/22;2300 UTC;0;966,9;967,1;966,7;54;21,8;16,7;23,2;20,8;17,1;16,3;77;70;75;69;7,8;4;
2026/01/23;0000 UTC;0;967,5;967,8;967,2;0;20,2;16,1;20,8;19,6;16,3;15,8;81;77;79;64;8,2;3,7;
2026/01/23;0100 UTC;0;968,1;968,3;967,7;0;19,3;15,3;19,6;18,9;15,7;15;81;79;80;54;8,6;4,4;
2026/01/23;0200 UTC;0;968,5;968,7;968,3;0;18,4;15;18,9;18;15,1;14,9;85;81;83;54;6,9;4;
2026/01/23;0300 UTC;0;968,8;968,9;968,7;0;17,7;15,1;18;17,5;15,2;15;88;85;87;51;6,4;3,3;
2026/01/23;0400 UTC;0;968,9;969;968,7;0;17,2;15,2;17,5;17,1;15,2;15,1;90;88;90;51;6;3;
2026/01/23;0500 UTC;0;968,7;968,9;968,5;0;16,9;15,2;17,1;16,7;15,3;15,1;93;90;91;53;5,2;2,9;
2026/01/23;0600 UTC;0;968,4;968,5;968,1;0;16,5;15,3;16,7;16,3;15,4;15,2;95;93;94;53;4,4;2,2;
2026/01/23;0700 UTC;0;968,2;968,3;968;0;15,9;15,1;16,4;15,4;15,3;14,8;98;95;96;72;3,2;1,2;
2026/01/23;0800 UTC;0;968,3;968,5;968,2;0;15,4;15,1;15,6;15,2;15,3;14,7;99;97;99;49;3,7;2,1;
2026/01/23;0900 UTC;0;969;969,4;968,6;2,5;15,5;15,2;15,6;15,4;15,4;15,1;99;98;99;56;3,4;1,4;
2026/01/23;1000 UTC;0;969,6;969,8;969,4;205,5;15,8;15,5;16,4;15,4;15,8;15,2;99;97;99;48;3,8;2,2;
2026/01/23;1100 UTC;0;969,9;970;969,7;1190,7;17,8;16,1;19;16,4;16,4;15,8;97;85;92;51;6;3,5;
2026/01/23;1200 UTC;0;970,1;970,2;970;1960,2;20;16,3;20,8;19,1;17;16;87;77;82;68;6,9;3,6;
2026/01/23;1300 UTC;0;970,1;970,3;970;2580,1;21,3;16;22,2;20,7;16,6;15,4;79;67;74;53;7,1;4,1;
2026/01/23;1400 UTC;0;970;970,1;969,8;2720,6;22,7;15,5;23,7;21,9;16,1;14,7;70;58;64;63;7,4;3,4;
2026/01/23;1500 UTC;0;969,8;969,9;969,6;2689,2;23,6;15,8;24,7;23,1;16,6;14,9;65;57;61;59;6,4;2,9;
2026/01/23;1600 UTC;0;969,5;969,8;969,2;3338,8;24,6;15,9;25,4;23,7;16,6;15,1;61;49;56;70;6,2;4;
2026/01/23;1700 UTC;0;968,9;969,2;968,6;3535,3;25,6;16,3;26,6;24,5;17,2;15,7;58;50;53;61;6,9;3,4;
2026/01/23;1800 UTC;0;968,4;968,6;968,2;2969,5;25,9;16,4;26,5;24,8;17,4;15,9;57;49;53;70;6,8;3,7;
2026/01/23;1900 UTC;0;968,2;968,4;968;2512,1;25,9;16,8;27;25;17,8;16,1;58;51;54;67;6,6;3,2;
2026/01/23;2000 UTC;0;967,7;968;967,4;2485;26,2;16,9;26,9;25,4;17,6;16,4;58;49;53;68;6,4;3,5;
2026/01/23;2100 UTC;0;967,5;967,6;967,4;1595,3;25,6;16,6;26,1;25,1;17;16,3;58;53;55;65;7,6;3,8;
2026/01/23;2200 UTC;0;967,5;967,6;967,5;645,5;24;16,4;25;22,9;16,6;16,1;68;57;62;61;6,6;3,1;
2026/01/23;2300 UTC;0;967,8;968,1;967,6;49,7;21,5;16,4;22,8;20,5;16,5;16,3;79;68;75;72;6,3;3,1;
2026/01/24;0000 UTC;0;968,3;968,6;968,1;0;19,7;16,4;20,5;19;16,5;16,3;87;79;83;64;5,4;3;
2026/01/24;0100 UTC;0;968,8;969;968,5;0;18,5;16,4;18,9;18,1;16,4;16,3;91;87;89;59;5,4;3,2;
2026/01/24;0200 UTC;0;968,9;969;968,8;0;17,7;16,2;18,1;17,3;16,3;16;94;91;92;64;5,5;2,8;
2026/01/24;0300 UTC;0;968,8;969;968,7;0;17,1;15,8;17,3;16,6;16;15,6;95;93;94;65;4,2;2,2;
2026/01/24;0400 UTC;0;968,8;968,8;968,6;0;16,3;15,4;16,6;16,1;15,6;15,3;96;95;96;68;3,8;1,9;
2026/01/24;0500 UTC;0;968,5;968,6;968,4;0;15,8;15,2;16,1;15,6;15,3;15;98;96;97;67;3,5;1,7;
2026/01/24;0600 UTC;0;968,1;968,4;967,8;0;15,6;15;15,7;15,3;15,2;14,8;98;96;97;57;3;1,8;
2026/01/24;0700 UTC;0;967,7;967,8;967,6;0;15;14,7;15,3;14,9;14,9;14,5;99;98;99;74;3,4;1,6;
2026/01/24;0800 UTC;0;968;968,1;967,8;0;14,9;14,6;14,9;14,8;14,7;14,4;99;98;99;59;2,5;1,3;
2026/01/24;0900 UTC;0;968;968,1;967,9;2,1;14,7;14,3;14,8;14,5;14,4;14,2;99;98;98;65;3,2;1,5;
2026/01/24;1000 UTC;0;968,3;968,6;968,1;195,4;14,8;14,4;15,8;14,4;14,9;14,1;99;95;98;58;3,4;1,8;
2026/01/24;1100 UTC;0;968,8;969,2;968,6;1089,1;17,3;15;18,6;15,8;15,5;14,7;95;82;89;69;5;2,5;
2026/01/24;1200 UTC;0;969;969,2;968,6;1971,4;19,5;15,2;20,1;18,5;15,7;14,9;83;75;79;56;8;4,2;
2026/01/24;1300 UTC;0;968,5;968,7;968,4;2781,9;21,2;15,7;22,1;20,2;16,2;15,4;77;69;72;57;7,4;3,3;
2026/01/24;1400 UTC;0;968,4;968,5;968,3;3276,8;23;16,2;24,2;21,8;16,8;15,8;72;60;66;55;7,2;3;
2026/01/24;1500 UTC;0;968,2;968,4;968,1;3311,2;24,7;16,4;25,5;23,9;17,1;15,5;65;52;58;117;5,6;3,1;
2026/01/24;1600 UTC;0;967,9;968,1;967,7;4093,3;26;16,6;26,6;25,1;17,7;15,9;57;50;53;94;7,2;3;
2026/01/24;1700 UTC;0;967,5;967,7;967,1;3640;26,7;16,9;27,4;25,9;17,4;16,2;54;48;51;60;5,5;3;
2026/01/24;1800 UTC;0;967;967,2;966,7;3478,8;27,5;17,2;28,1;27;18,4;16,7;53;45;48;147;5,6;2;
2026/01/24;1900 UTC;0;966,4;966,7;966;3025,1;28,1;17,4;28,9;27,2;18,7;16,6;52;43;46;85;5,8;1,4;
2026/01/24;2000 UTC;0;965,8;966;965,6;2402,7;28,5;17,6;29,1;28;18,5;17;49;43;45;84;5;3;
2026/01/24;2100 UTC;0;965,6;965,8;965,5;1311,1;28;17,5;28,8;27,3;18,1;16,8;54;44;48;90;7,3;4,1;
2026/01/24;2200 UTC;0;965,9;966,2;965,6;602,6;26,2;18,3;27,3;24,8;18,5;17,9;66;53;60;80;6,2;3,4;
2026/01/24;2300 UTC;0;966,4;966,8;966,2;38,9;23,3;17,8;24,7;22,2;18,1;17,4;76;67;72;84;6,1;3,3;
2026/01/25;0000 UTC;0;967,3;967,6;966,8;0;21,3;17,3;22,2;20,6;17,5;17,3;84;76;80;71;5,7;3,4;
2026/01/25;0100 UTC;0;968,1;968,4;967,6;0;20;17,7;20,5;19,6;18,1;17,4;92;84;89;69;4,8;2,9;
2026/01/25;0200 UTC;0;968,5;968,7;968,4;0;19,4;18,3;19,6;19,3;18,5;18,1;96;92;94;60;6,3;3,4;
2026/01/25;0300 UTC;0;968,6;968,7;968,4;0;19,2;18,3;19,4;18,9;18,5;18;96;95;96;56;6,6;3,4;
2026/01/25;0400 UTC;0;968,2;968,5;967,9;0;18,6;17,8;18,9;18,4;18;17,7;97;95;96;44;6,2;2,8;
2026/01/25;0500 UTC;0;967,9;968;967,8;0;17,9;17,4;18,3;17,4;17,7;17,1;99;97;98;120;2,5;1,1;
2026/01/25;0600 UTC;0;967,7;967,9;967,5;0;17,5;17,4;17,7;17,4;17,6;17,3;100;99;99;161;3,9;1,2;
2026/01/25;0700 UTC;0;967,4;967,6;967,3;0;17,3;17,2;17,6;16,9;17,5;16,8;100;99;100;234;1,9;,7;
2026/01/25;0800 UTC;0;967,4;967,7;967,2;0;16,7;16,7;16,9;16,5;16,9;16,5;100;99;100;234;2,4;,8;
2026/01/25;0900 UTC;0;967,8;968;967,6;1,7;16,5;16,6;16,8;16,1;16,8;16,1;100;100;100;233;2;,7;
2026/01/25;1000 UTC;0;968,3;968,5;968;226,2;16,7;16,8;17,4;16;17,5;16;100;100;100;172;2,7;,9;
2026/01/25;1100 UTC;0;968,6;968,8;968,5;1015,1;18,6;17,9;19,8;17,5;18,2;17,5;100;90;97;56;4,2;1,9;
2026/01/25;1200 UTC;0;968,9;969;968,7;1918,6;21,2;18,2;22,1;19,8;18,7;17,9;92;80;85;55;5,2;2,5;
2026/01/25;1300 UTC;0;969;969,1;968,9;2710,8;23,5;18,5;24,6;22,1;19,2;17,5;84;67;75;66;4,9;2,6;
2026/01/25;1400 UTC;0;969;969,1;968,9;3233,4;25,4;17,9;26,2;24,4;19,1;17,1;72;56;63;71;5,2;2,4;
2026/01/25;1500 UTC;0;968,7;969;968,4;4035;26,9;17,6;27,7;26;18,4;16,7;58;49;53;255;4,4;2,1;
2026/01/25;1600 UTC;0;968,3;968,5;968,1;3782,5;27,5;17,7;28,1;26,8;18,6;16,8;54;48;51;128;5,2;2;
2026/01/25;1700 UTC;0;967,8;968,1;967,7;3989,6;28,3;18;28,9;27,7;19;17,4;54;45;48;141;5,2;2,8;
2026/01/25;1800 UTC;0;967,2;967,7;966,8;3316,4;29;18,1;29,6;28,1;18,8;17,3;50;42;46;97;5,2;2,2;
2026/01/25;1900 UTC;0;966,5;966,8;966,1;2956,1;29,4;18,3;29,8;29;18,9;17,6;48;41;44;122;4,3;1,9;
2026/01/25;2000 UTC;0;966;966,2;965,8;2126,7;29,7;18;30,1;29,1;18,5;17,5;47;39;42;103;4,1;2,4;
2026/01/25;2100 UTC;0;965,7;965,9;965,7;1431,6;29,5;17,7;29,8;29,3;18,1;17,4;43;39;41;95;5,8;3,2;
2026/01/25;2200 UTC;0;965,9;966,2;965,7;611,9;27,5;19,9;29,3;26,1;20,3;17,5;69;41;62;96;6,9;3,6;
2026/01/25;2300 UTC;0;966,5;966,7;966,2;45,7;24,6;19,8;26;23,6;19,9;19,7;81;69;76;88;6,7;3,6;
2026/01/26;0000 UTC;0;967;967,2;966,7;0;22,8;20,1;23,5;22,3;20,3;19,8;90;82;86;80;6,6;3,4;
2026/01/26;0100 UTC;0;967,4;967,5;967,2;0;22;20,4;22,2;21,9;20,4;20,2;93;91;92;58;7,1;3,6;
2026/01/26;0200 UTC;0;967,4;967,5;967,2;0;21,8;19,6;22;21,6;20,2;19,3;91;88;89;56;7;3,6;
2026/01/26;0300 UTC;0;967,3;967,4;967,2;0;21,3;19,4;21,5;21,1;19,6;18,9;91;89;90;55;6,2;2,7;
2026/01/26;0400 UTC;0;967;967,2;966,6;0;20,7;18,8;21,1;20,3;18,9;18,7;92;88;90;61;4,5;2,1;
2026/01/26;0500 UTC;0;966,4;966,6;966,1;0;19,8;18,6;20,3;19,4;18,8;18,4;95;92;94;52;5,6;3,1;
2026/01/26;0600 UTC;0;966,1;966,2;965,9;0;19,1;18,4;19,5;18,7;18,5;18,2;98;95;97;65;3,8;1,7;
2026/01/26;0700 UTC;0;966,1;966,3;966;0;18,4;18,1;18,8;18,2;18,3;17,8;99;98;98;57;3,7;1,9;
2026/01/26;0800 UTC;0;966,4;966,7;966,1;0;18,2;18;18,3;18;18,1;17,7;99;99;99;75;3,8;1,6;
2026/01/26;0900 UTC;0;966,9;967,1;966,7;2,8;17,9;17,7;18,1;17,6;18;17,5;100;99;99;49;3,5;1,8;
2026/01/26;1000 UTC;0;967,6;968;967,1;236,8;18,1;18;18,8;17,7;18,4;17,6;100;98;100;46;4,2;2,3;
2026/01/26;1100 UTC;0;968,1;968,2;967,9;1030;20;18,6;20,9;18,9;19;18,4;98;88;93;57;5,1;3;
2026/01/26;1200 UTC;0;968,1;968,2;968,1;1924,6;21,9;18,8;23,6;21;19,7;18,4;88;78;84;69;5,2;2,5;
2026/01/26;1300 UTC;0;968,1;968,3;968;2693,5;24,1;19,3;25,3;23,3;20,2;18,8;80;72;76;72;4,8;2,5;
2026/01/26;1400 UTC;0;968,3;968,3;968,2;3183,5;26,7;20,4;28,2;25,2;21;19,7;77;63;69;78;5,3;2,3;
2026/01/26;1500 UTC;0;967,8;968,2;967,4;3722,9;29,1;21;30,2;28,2;21,7;20,4;65;52;59;142;4,5;2,1;
2026/01/26;1600 UTC;0;967,4;967,4;967,2;3111,3;30,7;20,4;31,8;29,5;21,6;19,5;58;43;48;85;4,1;1,4;
2026/01/26;1700 UTC;0;966,9;967,4;966,6;2952;31,2;20,2;32,1;30,4;21;19,6;51;41;45;91;4,1;2,1;
2026/01/26;1800 UTC;0;966,3;966,6;966,1;2238,4;31,5;20,7;32,6;30,6;21,7;19,9;52;42;46;70;3,5;1,2;
2026/01/26;1900 UTC;0;966,1;966,2;966;1187,5;30,6;20,4;31,1;30,3;21;20;52;45;49;93;2,9;1,5;
2026/01/26;2000 UTC;0;965,6;966;965,2;1786,2;30,9;21,2;31,5;30,5;22,4;20,2;55;49;51;112;6;3,4;
2026/01/26;2100 UTC;0;965,4;965,4;965,3;1393,6;30,4;22,8;31,2;29,4;23,2;22,1;68;55;62;101;6,2;3,2;
2026/01/26;2200 UTC;0;965,9;965,9;965,9;165,8;26,9;21,9;26,9;26,9;21,9;21,9;75;75;75;86;2,3;,7;
2026/01/26;2300 UTC;0;966,5;966,5;966,5;0;24,9;19,6;24,9;24,9;19,6;19,6;73;73;73;86;5,6;2,7;
2026/01/27;0000 UTC;0;966,9;966,9;966,9;0;23,6;19,3;23,6;23,6;19,3;19,3;79;79;79;71;3,7;2,8;
2026/01/27;0100 UTC;0;967;967,2;966,9;0;23,2;19,4;23,5;22,7;19,5;19,3;84;79;81;54;4,5;2,1;
2026/01/27;0200 UTC;0;967;967,1;966,9;0;22,5;19,3;22,7;22,3;19,5;19,2;85;83;84;53;4,5;2,1;
2026/01/27;0300 UTC;0;966,8;966,9;966,6;0;21,4;19,1;22,3;20,5;19,2;18,9;92;85;89;241;1,3;,6;
2026/01/27;0400 UTC;0;966,3;966,6;966,2;0;20,2;19;20,4;19,8;19,1;18,8;96;92;94;261;1,7;,6;
2026/01/27;0500 UTC;0;965,9;966,1;965,7;0;19,6;18,9;19,8;19,5;19,1;18,6;98;95;97;151;1,9;,7;
2026/01/27;0600 UTC;0;965,8;966;965,6;0;19,4;18,9;19,7;19,1;19,3;18,6;99;96;98;321;2,2;1,4;
2026/01/27;0700 UTC;0;965,9;966;965,8;0;19,1;18,6;19,4;18,8;19,1;18,2;99;97;98;195;1,5;,7;
2026/01/27;0800 UTC;0;966,3;966,6;966;0;18,6;18,1;19;18,3;18,7;17,8;98;97;98;322;1,6;1,1;
2026/01/27;0900 UTC;0;966,7;966,9;966,5;1,3;18,3;18;18,5;18,2;18,3;17,7;99;97;98;119;1,4;,4;
2026/01/27;1000 UTC;0;967,1;967,3;966,9;202,7;18,9;18,4;20,2;18,4;19,1;18;99;92;98;158;1,6;,5;
2026/01/27;1100 UTC;0;967,2;967,3;967,2;977,9;23,4;18,9;25,6;20,4;19,9;18,2;92;66;78;329;2,4;1,4;
2026/01/27;1200 UTC;0;967,1;967,3;966,9;1821,4;27,3;19,1;28,6;25,7;19,9;18,4;69;50;59;326;5;3,2;
2026/01/27;1300 UTC;0;966,9;966,9;966,8;2616,3;29,7;19,1;30,6;28,7;19,8;18,3;52;42;47;162;4,9;2,5;
2026/01/27;1400 UTC;0;966,8;966,8;966,6;3230,7;31,3;20,1;32,2;30,5;20,8;19,1;48;41;44;282;5;2,3;
2026/01/27;1500 UTC;0;966,5;966,7;966,2;3339,9;32,2;20,4;32,9;31,4;21,3;19,6;45;38;41;222;4;1,8;
2026/01/27;1600 UTC;0;966;966,3;965,9;2983,7;32,6;20,9;33,3;32;22;20,4;45;38;41;294;3,8;2;
2026/01/27;1700 UTC;0;965,8;966;965,4;2316,2;32,1;21;33,1;31,8;21,6;20,3;48;40;44;247;3;1,3;
2026/01/27;1800 UTC;0;964,8;965,4;964,3;3250,5;33,4;21,4;34,6;32,6;22,5;20,5;43;36;40;131;4,5;1,6;
2026/01/27;1900 UTC;0;964,1;964,3;964;931;31,9;20,8;32,9;31,2;21,8;20;52;39;45;58;3,8;1,8;
2026/01/27;2000 UTC;0;963,7;964;963,3;1398,2;31,5;21,2;32,6;31;22,1;20,8;52;44;49;68;3,5;2,1;
2026/01/27;2100 UTC;0;963,5;963,5;963,5;323,8;30,6;20,4;30,6;30,6;20,4;20,4;49;49;49;78;3;2;
2026/01/27;2200 UTC;0;965,4;965,4;965,4;28,2;23,7;19,7;23,7;23,7;19,7;19,7;80;80;80;152;10,8;7,2;
2026/01/27;2300 UTC;0;965,9;965,9;965,9;0;22;20,2;22;22;20,2;20,2;91;91;91;173;4,8;3,6;
2026/01/28;0000 UTC;0;966,6;966,6;966,6;0;21,9;20,3;21,9;21,9;20,3;20,3;92;92;92;305;1,7;1,5;
2026/01/28;0100 UTC;,2;966,3;966,6;966;0;21,3;20,5;21,7;21,1;20,6;20,3;97;93;96;126;1,8;,6;
2026/01/28;0200 UTC;0;966;966,2;965,9;0;21;20,3;21,1;20,7;20,6;20,1;98;95;96;75;2,1;1,2;
2026/01/28;0300 UTC;0;965,8;965,9;965,6;0;20,8;20;21,1;20,7;20,1;19,8;97;94;96;106;2,6;,8;
2026/01/28;0400 UTC;0;965,5;965,7;965,3;0;20,2;19,7;20,7;19,9;20,2;19,3;99;95;97;320;1,6;1;
2026/01/28;0500 UTC;0;965,3;965,4;965;0;19,6;19,3;20;19,4;19,7;18,9;99;97;98;307;,8;,4;
2026/01/28;0600 UTC;0;964,9;965;964,8;0;20;19,8;20,5;19,3;20,4;19,1;100;97;99;222;1,2;,5;
2026/01/28;0700 UTC;0;964,7;964,9;964,5;0;20,5;19,8;20,8;20;20,1;19,6;99;94;96;64;,5;,2;
2026/01/28;0800 UTC;0;964,6;964,8;964,5;0;20,2;19,6;20,5;19,9;20;19,3;98;95;97;192;,6;,3;
2026/01/28;0900 UTC;0;965,1;965,6;964,7;,3;20,7;19,4;21,1;20;19,6;19,2;98;91;93;57;,8;,6;
2026/01/28;1000 UTC;0;965,8;966;965,5;119,3;20,7;19,9;21,3;20,3;20,4;19,5;97;95;96;170;1,7;,9;
2026/01/28;1100 UTC;0;966,1;966,2;966;487,7;21,8;20,6;22,3;21,3;21,3;20,1;95;93;94;124;2,5;1,3;
2026/01/28;1200 UTC;0;966,4;966,4;966,2;945,5;22,6;21,4;23,3;22,2;21,8;21;96;92;94;111;4;1,9;
2026/01/28;1300 UTC;0;966,5;966,6;966,3;2411,8;24,9;21,9;26;23,4;22,5;21,4;93;78;85;117;4,1;2,5;
2026/01/28;1400 UTC;0;966,6;966,7;966,6;3212;26,6;22,2;27,3;25,8;22,8;21,6;85;74;78;107;4,8;2,8;
2026/01/28;1500 UTC;0;966,6;966,7;966,4;3418,5;27,6;21,9;28,7;27;23,2;21,4;75;66;72;130;5;2,9;
2026/01/28;1600 UTC;0;966,2;966,4;965,9;3181,1;28,9;21,9;29,7;28,2;22,9;20,7;68;61;65;108;4,6;2,3;
2026/01/28;1700 UTC;0;965,6;965,9;965,1;3762,8;30,4;21,7;30,9;29,8;22,7;20,4;64;49;57;125;5,9;2,4;
2026/01/28;1800 UTC;0;964,8;965,1;964,4;3251,2;31;21,8;31,6;30,6;22,6;21,1;57;50;54;83;3,9;1,7;
2026/01/28;1900 UTC;0;964,2;964,4;963,8;2493,1;31,2;21,8;32;30,2;22,6;21,1;57;50;53;106;6,2;3,2;
2026/01/28;2000 UTC;0;963,4;963,7;963,1;1616,1;30,8;21,7;32;29,6;22,5;21,1;58;50;55;132;6;3,5;
2026/01/28;2100 UTC;0;963,7;963,9;963,4;1344,9;30,2;21,1;30,6;29,6;21,7;20,4;58;51;54;105;7,2;3,6;
2026/01/28;2200 UTC;0;964;964,2;963,9;498;27,6;20,7;30;25,6;22,4;19,5;72;52;65;113;6,8;3,5;
2026/01/28;2300 UTC;0;965;965;965;0;25,8;21,6;25,8;25,8;21,6;21,6;79;79;79;89;5;2,6;
2026/01/29;0000 UTC;0;965,5;965,5;965,5;0;24,2;21,2;24,2;24,2;21,2;21,2;85;85;85;88;2,2;1,1;
2026/01/29;0100 UTC;0;965,7;965,9;965,4;0;23,7;21;24,2;23,4;21,2;20,8;87;85;86;104;4,3;2,3;
2026/01/29;0200 UTC;0;966;966,2;965,9;0;22,7;20,7;23,3;22,3;20,8;20,7;92;88;90;93;4,9;2,5;
2026/01/29;0300 UTC;0;966,3;966,4;966,1;0;22;21;22,3;21,9;21,2;20,7;96;92;95;90;3,1;1,6;
2026/01/29;0400 UTC;0;965,8;966,1;965,5;0;21,9;21,3;22;21,8;21,4;21,2;97;96;97;91;4,3;2,3;
2026/01/29;0500 UTC;0;965,4;965,6;965,3;0;21,6;21,1;21,8;21,3;21,2;21;98;96;98;78;4,3;1,8;
2026/01/29;0600 UTC;0;965,3;965,4;965,1;0;21,2;21;21,3;21,1;21,1;20,9;99;98;99;99;2,9;1,6;
2026/01/29;0700 UTC;0;965,2;965,3;965;0;21,1;20,8;21,2;21,1;20,9;20,7;99;98;98;81;1,8;,9;
2026/01/29;0800 UTC;0;964,9;965,3;964,8;0;20,9;20,6;21,1;20,8;20,7;20,6;99;98;99;102;3,4;1,8;
2026/01/29;0900 UTC;0;965,4;965,8;965,2;3,9;21;20,6;21,2;20,8;20,7;20,5;99;97;98;181;2,2;1,2;
2026/01/29;1000 UTC;0;965,8;966,1;965,5;96,4;21,1;20,5;21,2;21;20,7;20,4;98;96;97;138;2,9;1,5;
2026/01/29;1100 UTC;0;966,4;966,6;966,2;273,4;21,4;20,6;21,8;21,1;20,8;20,3;98;93;96;72;1,5;,9;
2026/01/29;1200 UTC;0;966,3;966,6;966,1;630,4;22,1;20,5;22,8;21,8;20,8;20,2;95;87;92;103;4,3;2,6;
2026/01/29;1300 UTC;0;966,1;966,2;965,9;1217,4;23,5;20,2;24,1;22,8;20,6;19,7;88;79;83;63;3,6;2;
2026/01/29;1400 UTC;0;966,1;966,2;966;1603,5;24,8;20,3;25,2;24,2;20,9;19,9;81;75;77;62;4,5;2,5;
2026/01/29;1500 UTC;;;;;;;;;;;;;;;;;;
2026/01/29;1600 UTC;0;965,3;965,7;964,8;2370;26,7;20,3;27,9;26;21,1;19,5;74;60;68;122;6,1;3,2;
2026/01/29;1700 UTC;0;964,5;964,9;964,1;3588,8;28,4;20,2;29,5;27,5;21,3;19,4;64;54;59;117;5,2;3;
2026/01/29;1800 UTC;0;963,9;964,1;963,6;2898,6;29,2;20,5;30;27,2;21,4;19,6;68;52;56;128;8,5;4,8;
2026/01/29;1900 UTC;0;964;964,3;963,6;2153;26,1;21;27,7;24,4;22;20,4;88;66;74;109;8,6;5,2;
2026/01/29;2000 UTC;,2;963,6;963,7;963,5;2103,1;26,9;20,5;27,6;26;21;19,8;74;63;68;107;8,3;4,3;
2026/01/29;2100 UTC;0;963,4;963,6;963,1;1189;26,2;19,8;27,2;25,4;20,1;19,4;71;63;68;105;9,2;4,5;
2026/01/29;2200 UTC;0;963,8;964,2;963,5;493,2;25,1;20;25,7;24,6;20,3;19,4;78;71;74;112;6,4;3,6;
2026/01/29;2300 UTC;0;964,5;964,7;964,2;64,9;23,8;20,1;24,6;23;20,4;19,8;86;78;82;95;6;3,5;
2026/01/30;0000 UTC;0;965;965,2;964,7;0;22,5;20,2;22,9;22,1;20,4;20,1;91;86;89;99;7,2;3,5;
2026/01/30;0100 UTC;0;965,4;965,5;965,2;0;21,9;20,4;22;21,8;20,4;20,3;93;92;92;102;6,9;3;
2026/01/30;0200 UTC;0;965,5;965,7;965,4;0;21,7;20,3;21,9;21,5;20,4;20,3;94;93;93;93;5,7;2,8;
2026/01/30;0300 UTC;0;965,7;965,9;965,4;0;21,4;20,3;21,5;21,2;20,4;20,1;95;94;95;83;5,2;2,5;
2026/01/30;0400 UTC;0;965,2;965,5;964,7;0;21;20;21,2;20,8;20,2;19,9;96;94;95;84;5,8;2,9;
2026/01/30;0500 UTC;0;964,4;964,7;964,2;0;20,7;19,9;20,8;20,5;19,9;19,7;96;95;96;97;5,6;2,8;
2026/01/30;0600 UTC;0;964,4;964,5;964,2;0;20,5;19,8;20,7;20,4;19,9;19,8;97;96;97;98;3,3;1,9;
2026/01/30;0700 UTC;0;964,2;964,3;964;0;20,3;19,7;20,4;20;19,9;19,4;97;97;97;109;5,4;2,8;
2026/01/30;0800 UTC;0;964,1;964,2;964;0;20;19,5;20,1;19,8;19,6;19,4;98;97;98;121;3,5;2,1;
2026/01/30;0900 UTC;0;964,5;964,7;964,2;,2;19,8;19,4;19,8;19,7;19,5;19,3;98;98;98;106;4;2;
2026/01/30;1000 UTC;0;964,9;965,3;964,6;138,1;19,8;19,2;20,1;19,7;19,3;19,1;98;95;97;107;4,2;2,2;
2026/01/30;1100 UTC;0;965,6;965,7;965,3;722,4;21;19,2;21,9;20,1;19,4;18,9;96;85;91;107;5,5;2,8;
2026/01/30;1200 UTC;0;965,8;965,9;965,7;1425,6;22,6;18,8;23;21,8;19,2;18,4;87;77;81;129;4,9;2,7;
2026/01/30;1300 UTC;0;965,7;965,8;965,6;1954,8;23,7;18,8;24,7;22,6;19,2;18;81;69;75;110;5,3;3,3;
2026/01/30;1400 UTC;0;965,5;965,7;965,2;3321,3;25,4;18,6;26,2;24,6;19,3;17,6;70;60;66;128;6,1;3,5;
2026/01/30;1500 UTC;0;965,2;965,3;965;1858,8;25,5;18,7;26,5;24,9;19,3;18;69;62;66;138;4,8;2;
2026/01/30;1600 UTC;,6;964,8;964,9;964,6;2008,6;24,8;19,4;27,7;21,8;20,7;17,9;93;55;73;156;7,4;4,6;
2026/01/30;1700 UTC;0;964,6;965;964,2;1209,5;22,6;20,4;23,2;21,9;21,2;19,4;94;81;89;148;5,3;2,8;
2026/01/30;1800 UTC;0;964;964,2;963,6;835,7;23,4;19,1;24;23,1;19,9;18,1;84;71;78;132;4,9;2,8;
2026/01/30;1900 UTC;0;963,3;963,6;962,9;1398,2;24,6;18,8;25,1;24,1;19,3;18;73;68;71;112;5,4;3,3;
2026/01/30;2000 UTC;0;962,9;963,1;962,7;1682,8;24,2;19;26;22,1;19,5;18,3;85;65;74;141;9,3;5,3;
2026/01/30;2100 UTC;0;963,3;963,6;963;536,8;20,9;18,8;22,1;20,3;19,1;18,4;91;84;90;117;8,3;4,8;
2026/01/30;2200 UTC;0;963,5;963,8;963,4;255,4;20,4;18,6;20,7;19,9;19,2;17;93;86;91;110;8,3;4,9;
2026/01/30;2300 UTC;0;963,6;963,7;963,5;26,5;19,7;17,6;19,8;19,6;19,2;15,4;97;78;90;111;6;3,6;
2026/01/31;0000 UTC;0;963,5;963,7;963,3;0;20;19,1;20;19,8;19,3;19;97;95;96;110;5,8;3,2;
2026/01/31;0100 UTC;0;963,2;963,6;963;0;19,8;18,9;20;19,7;19,1;18,7;96;95;95;83;7,8;3,5;
2026/01/31;0200 UTC;0;963,3;963,4;963,2;0;19,7;18,6;19,7;19,6;18,9;18,3;96;94;95;116;5,3;3;
2026/01/31;0300 UTC;0;963,2;963,4;963;0;19,2;18,3;19,6;19;18,5;18,3;97;94;96;100;6,3;3;
2026/01/31;0400 UTC;0;962,9;963,1;962,7;0;19,1;18,3;19,2;18,9;18,4;18,2;97;96;96;108;5,5;2,8;
2026/01/31;0500 UTC;0;962,4;962,7;962,2;0;18,9;18,4;19;18,8;18,5;18,3;98;97;97;108;4,2;2,2;
2026/01/31;0600 UTC;0;962,2;962,3;962,1;0;18,9;18,5;19;18,8;18,7;18,3;98;97;98;96;4,8;2,6;
2026/01/31;0700 UTC;0;962,1;962,3;961,9;0;19;18,5;19;18,9;18,6;18,4;98;98;98;109;4,5;2,4;
2026/01/31;0800 UTC;0;962;962,1;961,9;0;18,9;18,5;18,9;18,9;18,5;18,4;98;98;98;128;4,5;2,5;
2026/01/31;0900 UTC;0;962;962,1;961,9;,1;18,9;18,6;19;18,8;18,7;18,4;99;97;98;125;3,4;1,9;
2026/01/31;1000 UTC;0;962,2;962,5;962;106,8;19;18,5;19,2;18,8;18,6;18,4;98;96;97;134;3,9;1,9;
2026/01/31;1100 UTC;0;962,6;962,7;962,5;451,3;19,7;18,6;20;19,2;18,8;18,4;96;92;95;134;5,2;2,2;
2026/01/31;1200 UTC;0;962,7;962,8;962,5;1287,3;21,1;18,1;22,4;19,9;18,7;17,5;93;76;85;107;6,8;3,8;
2026/01/31;1300 UTC;0;962,5;962,6;962,4;2211,3;22,7;17,5;23,5;21,7;18,3;16,8;80;69;74;128;6;2,7;
2026/01/31;1400 UTC;1;962,4;962,6;962,1;2167,7;22,2;17,9;24;19,9;20,1;16,2;95;65;78;148;5,7;3,2;
2026/01/31;1500 UTC;0;962;962,3;961,5;2114,8;22,4;18;23,7;21,6;19,5;17,4;84;69;78;109;4,2;1,8;
2026/01/31;1600 UTC;,8;961,6;961,7;961,5;2824,4;23,6;17,7;24,8;20,6;18,8;16,8;86;61;70;110;7,1;4,1;
2026/01/31;1700 UTC;1,6;961,1;961,6;960,6;3395,4;21,8;18,3;24,1;19,4;19,8;17;94;68;82;64;4,4;2;
2026/01/31;1800 UTC;0;960,4;960,6;960,2;3180,8;24,4;17,8;25;23,3;18,8;16,8;75;60;67;94;6,2;3,9;
2026/01/31;1900 UTC;3,9;960,5;961,2;960,1;1405,4;19,8;17,5;24,2;18,1;19,2;16,3;97;66;89;107;6;2,8;
2026/01/31;2000 UTC;0;959,8;960,3;959,3;819,7;20,1;17,2;20,3;19,7;18;16,4;90;81;85;135;2,9;1,8;
2026/01/31;2100 UTC;0;959;959,4;958,6;842,1;20,9;16,3;21,2;20,4;17,6;15,3;86;71;77;133;3;1,6;
2026/01/31;2200 UTC;0;958,8;959;958,6;600,1;21,5;15,9;21,8;21,2;16,6;14,8;76;66;72;168;2,8;1,4;
2026/01/31;2300 UTC;0;959;959,2;958,8;31,9;20,1;16,7;21,1;19,4;17,2;16,1;89;75;83;164;2,1;1,1;
2026/02/01;0000 UTC;0;959,5;959,7;959,2;0;19;17,1;19,3;18,6;17,3;17;94;89;91;141;2,7;1,3;
2026/02/01;0100 UTC;0;959,9;960;959,6;0;18,2;16,7;18,7;17,6;17,1;16,5;95;91;92;137;1,4;,8;
2026/02/01;0200 UTC;0;959,8;960;959,4;0;17,6;16,6;17,8;17,3;16,7;16,5;96;94;95;144;1,7;1;
2026/02/01;0300 UTC;0;959,4;959,5;959,3;0;17,3;16,7;17,4;17,1;16,9;16,5;98;96;97;174;1,8;,9;
2026/02/01;0400 UTC;0;959;959,4;958,7;0;17,2;16,8;17,4;17,2;17;16,7;99;97;98;179;2,1;1,3;
2026/02/01;0500 UTC;0;958,3;958,7;958,1;0;17,4;17;17,5;17,2;17,2;16,7;99;97;98;205;2,7;1,6;
2026/02/01;0600 UTC;0;957,8;958,1;957,6;0;17,5;17,3;17,6;17,4;17,4;17,1;99;98;99;192;4,3;2,3;
2026/02/01;0700 UTC;0;957,5;957,7;957,4;0;17,1;16,9;17,4;16,8;17,1;16,7;99;98;99;200;3,6;1,9;
2026/02/01;0800 UTC;0;957,4;957,6;957,3;0;16,8;16,8;16,9;16,7;17;16,7;100;100;100;209;4,2;2,4;
2026/02/01;0900 UTC;0;957,8;958,1;957,5;,2;17;17;17;16,9;17,1;17;100;100;100;192;5,8;3;
2026/02/01;1000 UTC;0;958,5;958,9;958,1;94;16,9;17;17,1;16,8;17,2;16,8;100;100;100;200;5;2,7;
2026/02/01;1100 UTC;0;959,1;959,6;958,8;523;17,6;17,4;18,2;17,1;17,5;17,2;100;95;99;183;7,2;3,5;
2026/02/01;1200 UTC;0;959,9;960,1;959,6;1053,5;18,7;17;19,4;18,1;17,3;16,7;95;87;92;197;6,8;4,2;
2026/02/01;1300 UTC;0;960,2;960,3;960;1973,5;20,4;16,9;21,2;19,4;17,6;16,5;88;78;83;223;5,7;2,8;
2026/02/01;1400 UTC;0;960,1;960,3;959,8;2635,7;21,8;16,1;22,7;20,7;17;15,4;81;66;72;197;7;3,8;
2026/02/01;1500 UTC;0;959,7;960;959,5;3565,3;23,6;16,5;24,4;22,9;17,6;15,9;69;61;65;207;7,6;4,3;
2026/02/01;1600 UTC;0;959,4;959,6;959,2;3433,2;24,4;16,3;25,5;23,3;17,2;15,6;66;53;59;194;7,4;4,4;
2026/02/01;1700 UTC;0;959,1;959,3;958,9;2888,9;25,1;16,7;26,4;23,7;17,8;15,7;67;48;58;176;7,8;4,1;
2026/02/01;1800 UTC;0;959;959,2;958,7;2452,2;25,7;16,8;26,3;24,9;18;16,1;61;52;56;191;7,8;2,9;
2026/02/01;1900 UTC;0;958,7;958,8;958,6;1557,1;25,1;17,2;26,2;24,1;18,1;16,5;67;52;61;206;5,5;2,8;
2026/02/01;2000 UTC;0;958,4;958,6;958,3;2306,4;26,7;16,8;27,2;25,6;17,4;16,4;56;47;50;168;7,3;4,2;
2026/02/01;2100 UTC;0;958,6;958,8;958,3;1158;26;17,6;27,2;25,3;17,8;17,1;62;52;58;155;5,9;2,9;
2026/02/01;2200 UTC;0;959,2;959,6;958,8;454,4;25;17,2;25,8;24,3;17,8;16,8;63;58;61;146;5;2,9;
2026/02/01;2300 UTC;0;959,8;960,3;959,5;37,5;22,6;18,1;24,3;21,4;18,5;16,7;85;63;78;97;3;1,5;
2026/02/02;0000 UTC;0;960,3;960,4;960,1;0;20,8;18,5;21,4;20,3;18,7;18,3;90;86;88;123;3,8;2;
2026/02/02;0100 UTC;0;960,7;961;960,4;0;19,7;18,2;20,2;19,2;18,3;17,9;94;90;92;99;3,4;1,4;
2026/02/02;0200 UTC;0;961;961,2;960,8;0;18,9;17,7;19,2;18,5;17,9;17,4;95;93;94;128;3,5;1,6;
2026/02/02;0300 UTC;0;960,5;960,8;960,2;0;18,4;17,5;18,5;18,3;17,6;17,5;96;95;96;116;4;2,3;
2026/02/02;0400 UTC;0;960;960,2;959,9;0;18,1;17,6;18,3;17,9;17,6;17,5;98;96;97;98;2,6;1;
2026/02/02;0500 UTC;0;960,2;960,4;959,9;0;17,7;17,5;18;17,4;17,7;17,2;99;98;99;78;1,9;1,3;
2026/02/02;0600 UTC;0;959,9;960;959,7;0;17,5;17,3;17,6;17;17,5;16,6;100;98;99;83;1,1;,4;
2026/02/02;0700 UTC;0;960,1;960,5;959,9;0;16,2;16;17;15,7;16,6;15,6;100;98;99;334;1,4;,9;
2026/02/02;0800 UTC;0;960,5;960,8;960,4;0;16,1;16,1;16,3;15,7;16,4;15,6;100;99;100;259;1,2;,4;
2026/02/02;0900 UTC;0;960,9;961;960,8;,1;15,9;15,9;16,2;15,5;16,2;15,5;100;100;100;189;,5;,2;
2026/02/02;1000 UTC;0;961,2;961,3;961;187,1;15,6;15,7;16,9;15,1;17;15,2;100;100;100;257;1,6;,7;
2026/02/02;1100 UTC;,2;961,5;961,7;961,3;1246,7;18,3;17,6;19,5;17;18;17,1;100;89;97;242;3,4;2;
2026/02/02;1200 UTC;0;961,5;961,6;961,5;1838,5;20,8;17,3;22,3;19,5;18,6;16,5;93;73;83;123;2,4;1,3;
2026/02/02;1300 UTC;0;961,5;961,6;961,3;2617,2;23,8;16,6;24,8;22,3;17,6;16;74;59;64;179;3,1;1,1;
2026/02/02;1400 UTC;0;961,5;961,6;961,3;2976,1;25,3;16,8;26,3;24,5;17,8;15,9;63;53;58;257;4,7;2,1;
2026/02/02;1500 UTC;0;961,2;961,4;961;3224,8;26,2;17,1;26,8;24,8;18;16,2;59;50;55;244;3,7;1,4;
2026/02/02;1600 UTC;0;960,7;961;960,4;3097,1;27;17,1;28;25,7;17,9;16,4;60;44;50;225;5,2;2,3;
2026/02/02;1700 UTC;0;960,3;960,5;960,2;2204,7;27,4;16,9;28;26,8;17,8;16,2;52;44;47;234;3,2;1,5;
2026/02/02;1800 UTC;0;960;960,2;959,6;1909,2;27,9;16,9;28,5;27;17,8;16,1;51;40;45;265;2,9;1,3;
2026/02/02;1900 UTC;0;959,3;959,6;959;1711,5;28,3;16,5;28,9;27,7;17,2;15,9;47;38;41;270;3,9;1,7;
2026/02/02;2000 UTC;0;958,8;959;958,7;1627,3;28,7;16,8;29,2;28,3;17,7;16,2;44;37;40;152;3;1;
2026/02/02;2100 UTC;0;958,7;958,7;958,6;648,2;27,3;17,2;28,3;26,6;18,2;15,8;58;40;49;54;2,7;1,7;
2026/02/02;2200 UTC;0;958,8;959;958,6;329,1;25,9;18,2;26,6;25;18,6;17,8;65;57;61;49;2,2;1;
2026/02/02;2300 UTC;0;959,1;959,2;959;38,4;24,1;17,7;25;23,2;18,1;17,1;71;65;68;64;2,8;1,4;
2026/02/03;0000 UTC;0;959,2;959,5;959;0;21,8;17,5;23,3;20,5;17,9;17;86;69;78;206;,8;,2;
2026/02/03;0100 UTC;0;959,8;960;959,5;0;21,1;17,4;21,9;20,6;17,8;17;85;76;81;62;3,3;1,8;
2026/02/03;0200 UTC;0;960;960,1;959,9;0;20,1;18;20,9;19,3;18,5;17,7;95;85;90;125;2,4;1,1;
2026/02/03;0300 UTC;0;960,2;960,2;960,1;0;19;18;19,7;18,3;18,5;17,4;97;93;95;307;1,7;,9;
2026/02/03;0400 UTC;0;960,1;960,2;959,9;0;18,1;17,5;18,3;17,8;18;17,2;99;96;97;320;1,3;,8;
2026/02/03;0500 UTC;0;959,6;959,9;959,4;0;18;17,7;18,4;17,6;18,3;17,2;100;97;99;302;2;,9;
2026/02/03;0600 UTC;0;959,3;959,4;959,1;0;18,2;17,9;18,4;17,9;18,1;17,6;99;98;98;57;1,6;,8;
2026/02/03;0700 UTC;0;959,1;959,2;959;0;18,1;17,9;18,3;17,9;18,1;17,5;100;98;99;90;2;,8;
2026/02/03;0800 UTC;0;959,2;959,4;959,1;0;17,9;17,7;18;17,5;18;17,4;100;98;99;169;2,4;1,1;
2026/02/03;0900 UTC;0;959,6;959,9;959,3;0;17,9;17,7;18,2;17,7;18;17,4;100;98;99;132;3,2;1,2;
2026/02/03;1000 UTC;0;960,3;960,7;959,9;186,8;18,2;17,8;19,4;17,8;18,4;17,3;99;95;98;290;2,8;1,4;
2026/02/03;1100 UTC;0;961,1;961,3;960,8;1457,8;20,7;18,9;22;19,4;19,4;18,4;95;86;91;308;4,4;2,3;
2026/02/03;1200 UTC;0;961,4;961,5;961,3;1777,4;23,5;19;24,9;22;19,7;18,4;88;68;77;318;5,8;3,2;
2026/02/03;1300 UTC;0;961,3;961,4;961,2;2632,8;25,7;18,9;27;24,8;19,4;18,2;71;57;66;310;5;2,9;
2026/02/03;1400 UTC;0;961,1;961,3;960,9;3487,4;27,9;18,5;29,3;26,6;19,7;17,1;60;40;53;225;4,4;2,3;
2026/02/03;1500 UTC;0;960,8;961;960,7;2495,6;28,1;16,9;28,8;27,3;18,6;14,9;53;30;44;239;3,5;1,2;
2026/02/03;1600 UTC;0;960,3;960,7;959,9;3194,6;29;17,7;29,6;28,1;18,7;17,1;48;38;43;186;3,2;1,6;
2026/02/03;1700 UTC;0;959,7;960;959,4;3859,5;30,1;17,6;31;28,7;18,5;17;42;34;37;219;3,5;1,5;
2026/02/03;1800 UTC;0;959;959,3;958,6;3700,5;30,9;17,7;31,4;30,3;18,6;17;38;31;34;192;5;1,9;
2026/02/03;1900 UTC;0;958,5;958,7;958,3;3058,3;31,5;17,6;32,3;30,9;18,4;17;33;28;31;176;5,4;2,3;
2026/02/03;2000 UTC;0;958,2;958,5;958,1;1670,7;30,9;17,6;31,7;29,9;18,2;16,9;37;31;33;170;4,1;2,4;
2026/02/03;2100 UTC;0;958,3;958,4;958,2;1405,7;30,9;17,9;31,4;30,5;18,5;17,4;37;33;35;114;2,3;1,1;
2026/02/03;2200 UTC;0;958,6;958,8;958,3;537;30,2;17,8;30,8;29,3;18,2;17,1;41;35;38;70;2,7;1,3;
2026/02/03;2300 UTC;0;959,9;959,9;959,9;0;25,8;15,9;25,8;25,8;15,9;15,9;50;50;50;73;1,6;1,2;
2026/02/04;0000 UTC;0;960,5;960,5;960,5;0;24,6;15,7;24,6;24,6;15,7;15,7;55;55;55;67;2;1,7;
2026/02/04;0100 UTC;0;960,8;961;960,6;0;22,8;16;24,6;21;16,7;15,3;76;55;66;179;,9;,4;
2026/02/04;0200 UTC;0;961;961,2;960,8;0;21,2;16,4;21,7;20,6;16,9;15,5;80;70;76;235;1,9;,7;
2026/02/04;0300 UTC;0;961,4;961,5;961,2;0;20,4;16,5;21,8;19,6;16,9;15,9;84;73;80;305;1,8;1;
2026/02/04;0400 UTC;0;961,4;961,5;961,3;0;19,9;16,4;20,7;19,3;16,7;15,9;85;80;82;192;2,1;1,1;
2026/02/04;0500 UTC;0;961,3;961,4;961;0;20,3;16,9;20,7;19,8;17,1;16,7;86;81;83;30;1,9;1,1;
2026/02/04;0600 UTC;0;961;961,1;960,8;0;19,9;17,1;20,4;19,2;17,3;17;90;84;86;202;1,9;,9;
2026/02/04;0700 UTC;0;961;961,1;960,8;0;19,1;17,2;19,6;18,5;17,3;17,1;93;88;91;288;1,5;,9;
2026/02/04;0800 UTC;0;961,1;961,2;960,9;0;19,2;17,3;19,9;18,4;17,4;17,1;94;87;90;132;1,6;,8;
2026/02/04;0900 UTC;0;961,4;961,7;961,2;0;19;17,3;19,2;18,8;17,5;17,2;93;91;92;307;2;1,1;
2026/02/04;1000 UTC;0;961,8;961,9;961,7;171,6;19,8;17,5;20,6;19,2;17,7;17,4;91;85;88;318;1,3;,7;
2026/02/04;1100 UTC;0;962;962,2;961,9;913;23,4;18,3;25,2;20,7;19;17,4;84;65;74;309;4,2;1,7;
2026/02/04;1200 UTC;0;962,3;962,4;962,1;1769,3;26;18,7;27,1;25;19,4;17,9;68;60;63;323;4,2;2,6;
2026/02/04;1300 UTC;0;962,4;962,5;962,4;2547,3;28,5;19,4;29,9;27;20,4;18,5;61;44;54;283;2,4;1,3;
2026/02/04;1400 UTC;0;962,3;962,4;962,2;3170,8;30,7;18,9;31,5;29,7;19,8;17,7;46;38;41;200;2,5;1,2;
2026/02/04;1500 UTC;0;962,2;962,2;962,1;3703,8;31,8;19,7;32,6;31,3;20,6;19,1;46;37;39;144;3,6;1,6;
2026/02/04;1600 UTC;0;962,1;962,1;962;2236,2;31,9;19,7;32,9;31,1;20,6;18,9;44;36;39;157;2,7;,8;
2026/02/04;1700 UTC;0;962;962,2;961,9;929;31,1;19,7;32,6;30,4;20,4;19,3;48;37;43;154;3,4;1,9;
2026/02/04;1800 UTC;0;961,8;962;961,5;1067,2;31;19,8;31,4;30,7;20,6;19,3;49;41;44;124;3,1;1,8;
2026/02/04;1900 UTC;0;961,2;961,4;961;1555,5;31,3;20,3;31,8;30,5;20,8;19,9;48;42;45;115;5,1;2,6;
2026/02/04;2000 UTC;0;961;961,1;960,9;704,4;30,3;19,9;31,1;29,9;20,7;19,4;52;46;48;77;3,1;1,7;
2026/02/04;2100 UTC;0;960,9;961;960,8;1375,2;30,9;20,2;31,3;30,5;20,6;20;48;45;47;77;5,6;2,9;
2026/02/04;2200 UTC;0;961,5;961,5;961,5;173,8;28;18,4;28;28;18,4;18,4;52;52;52;64;4,4;2,7;
2026/02/04;2300 UTC;0;962,4;962,4;962,4;0;25,5;17,6;25,5;25,5;17,6;17,6;61;61;61;80;3,6;1,7;
2026/02/05;0000 UTC;0;963;963;963;0;24,4;17,1;24,4;24,4;17,1;17,1;64;64;64;52;4,6;2,5;
2026/02/05;0100 UTC;0;963,2;963,4;963;0;23,9;17;24,4;23,6;17,3;16,9;67;64;65;55;4,7;2;
2026/02/05;0200 UTC;0;963,5;963,6;963,4;0;22,1;16,9;23,5;21;17,3;16,6;81;67;74;286;1,3;,7;
2026/02/05;0300 UTC;0;963,7;963,7;963,6;0;21,1;17,1;21,6;20,6;17,3;16,7;83;77;80;317;1,8;1,3;
2026/02/05;0400 UTC;0;963,6;963,7;963,4;0;21;17,7;21,3;20,7;18,1;17,3;86;81;84;311;1,7;1;
2026/02/05;0500 UTC;0;963,4;963,5;963,3;0;19,9;17,9;20,8;19,4;18,2;17,8;93;86;90;302;,8;,5;
2026/02/05;0600 UTC;0;963,2;963,3;963,1;0;19;18,1;19,4;18,7;18,3;17,9;97;93;95;322;1,4;1;
2026/02/05;0700 UTC;0;963,1;963,2;963;0;18,7;18,2;18,9;18,4;18,7;17,9;99;96;98;323;1,1;,9;
2026/02/05;0800 UTC;0;963,1;963,2;962,9;0;18,6;18,4;18,9;18,4;18,9;18;100;98;99;318;1,4;1;
2026/02/05;0900 UTC;0;963,3;963,6;963,1;0;18,6;18,4;18,8;18,3;18,8;17,8;100;98;99;312;1,5;,9;
2026/02/05;1000 UTC;0;963,6;963,8;963,4;184,1;18,5;18,3;19,3;18,2;19,1;17,8;100;97;99;299;1,6;,9;
2026/02/05;1100 UTC;0;963,9;964,1;963,6;992,4;21,4;19,5;23;19,3;20,1;19;99;83;91;155;2,3;1,2;
2026/02/05;1200 UTC;0;964,2;964,4;964;1758,2;24,6;19,6;26,1;23,1;20,3;18,8;84;64;75;244;4;2;
2026/02/05;1300 UTC;0;964,2;964,3;964,1;2548,8;27,1;18,9;28,4;26;19,9;17,9;68;50;59;262;4,8;2,3;
2026/02/05;1400 UTC;0;964,3;964,4;964;3185,3;29,2;18,5;30;28,2;19,3;17,6;54;42;47;184;5,1;2,4;
2026/02/05;1500 UTC;0;963,7;964;963,4;3607,9;31,2;19,3;32,4;29,9;20,3;18,3;50;36;40;213;3,6;1,7;
2026/02/05;1600 UTC;0;963,2;963,5;963,1;3758,1;32,4;19,6;32,9;31,9;20,3;18,9;41;33;36;211;3,8;1,6;
2026/02/05;1700 UTC;0;962,7;963,1;962,3;3694,5;33,3;20,2;34,1;32,7;20,9;19,6;37;33;35;194;4,9;2,1;
2026/02/05;1800 UTC;0;962;962,3;961,8;3450,1;33,7;20,5;34,4;32,9;21,1;19,9;37;31;34;287;4,6;2,3;
2026/02/05;1900 UTC;0;961,4;961,8;961,1;2884,6;34,4;20,6;35;33,9;21,1;19,8;34;28;31;106;4,3;1,6;
2026/02/05;2000 UTC;0;961,2;961,3;961;2160,4;34,6;20,5;35,3;34,2;21,5;20;32;28;30;127;4,4;2,1;
2026/02/05;2100 UTC;0;961;961;961;674,2;34,3;20,2;34,3;34,3;20,2;20,2;30;30;30;217;1,4;1;
2026/02/05;2200 UTC;0;961,6;961,6;961,6;126,3;31;19,8;31;31;19,8;19,8;44;44;44;67;3,2;2;
2026/02/05;2300 UTC;0;962,2;962,2;962,2;0;28;18,4;28;28;18,4;18,4;52;52;52;57;2,8;2,1;
2026/02/06;0000 UTC;0;962,7;962,7;962,7;0;26,1;20,9;26,1;26,1;20,9;20,9;74;74;74;51;4,8;2,3;
2026/02/06;0100 UTC;0;962,9;963,2;962,7;0;25,4;21,1;26;24,6;21,1;20,9;82;75;78;195;3,5;1;
2026/02/06;0200 UTC;0;963;963,2;962,7;0;23,7;20,7;24,6;22,7;21;20,4;89;82;85;206;1,1;,6;
2026/02/06;0300 UTC;0;962,7;962,8;962,5;0;23,1;20,2;23,4;22,8;20,5;20;89;84;85;277;2,9;1,3;
2026/02/06;0400 UTC;0;962,5;962,6;962,3;0;22,6;19,9;23,1;21,9;20,1;19,6;88;85;86;317;2,2;1,2;
2026/02/06;0500 UTC;0;962;962,3;961,8;0;21,3;19,6;21,9;20,8;19,9;19,4;94;89;92;235;1,7;1;
2026/02/06;0600 UTC;0;961,4;961,8;961,2;0;20,8;19,7;20,9;20,6;20;19,4;96;93;95;217;2,4;1,1;
2026/02/06;0700 UTC;0;961,4;961,5;961,3;0;21;20;21,4;20,6;20,2;19,7;97;93;95;227;1,8;1,2;
2026/02/06;0800 UTC;0;961,7;961,9;961,5;0;20,7;20,2;21,2;20,3;20,8;19,7;99;96;98;320;3,8;2,2;
2026/02/06;0900 UTC;0;962,4;962,9;961,9;0;21;20,8;21,2;20,9;21;20,7;100;98;99;311;4;2,4;
2026/02/06;1000 UTC;0;963;963,2;962,8;113,4;21,1;20,8;21,4;21;20,9;20,7;100;97;99;295;1,6;1;
2026/02/06;1100 UTC;0;963,6;964;963,2;617,7;22,3;20,5;23,9;21,4;20,9;19,9;97;82;91;257;4,9;1,9;
2026/02/06;1200 UTC;0;964,1;964,3;963,7;1714,4;25,2;19,9;26,5;23,8;20,5;19,1;82;67;73;221;4,3;2;
2026/02/06;1300 UTC;0;964,5;964,8;964,1;1739,9;26,6;19,7;27,1;26;20,2;19,3;69;62;65;225;5,9;2,9;
2026/02/06;1400 UTC;0;964,5;964,7;964,2;2751,3;27,9;20,1;28,9;27,1;20,9;19,7;65;56;61;194;5,4;2,4;
2026/02/06;1500 UTC;0;964,2;964,4;964;2910,7;29,2;20,7;30;28,3;21,2;20,3;64;54;58;180;6,6;3,4;
2026/02/06;1600 UTC;0;964,2;964,4;964;2985;28,6;22,1;29,9;27,9;22,8;20,8;71;56;67;147;7;4,1;
2026/02/06;1700 UTC;0;964;964,2;963,8;3136,5;28,5;21,9;29,5;27,5;22,7;21,3;73;63;67;146;8,2;5;
2026/02/06;1800 UTC;0;963,8;964;963,7;2415,7;26,8;21,5;27,9;24,8;22,2;20,7;80;71;74;141;9,3;5,3;
2026/02/06;1900 UTC;0;964;964,1;963,8;811,9;23,7;20,3;24,5;22,9;20,7;20,1;87;81;83;135;9,5;4,6;
2026/02/06;2000 UTC;0;964,1;964,4;964;361,9;22,3;20,1;23;21,7;20,3;19,6;91;86;89;135;6,6;3,8;
2026/02/06;2100 UTC;0;964,1;964,4;963,9;202,1;21,5;19,5;21,8;21,1;19,7;19,3;91;89;90;129;7,1;4;
2026/02/06;2200 UTC;0;964,3;964,6;963,9;96,4;21,2;18,7;21,3;21,1;19,3;17,7;91;83;87;132;7,4;4,2;
2026/02/06;2300 UTC;0;965;965,4;964,4;12,3;21;17,7;21,2;20,8;17,9;17,4;85;83;84;110;6,7;3,6;
2026/02/07;0000 UTC;0;965,7;966,1;965,3;0;20,5;17;20,8;20,1;17,4;16,6;84;81;82;125;8,1;4,2;
2026/02/07;0100 UTC;0;966,6;966,9;966;0;19,8;16,5;20;19,5;16,7;16,2;85;82;83;102;8,6;4,2;
2026/02/07;0200 UTC;0;966,4;966,6;966,3;0;19;16,3;19,5;18,5;16,4;15,8;88;84;86;111;5,8;3,5;
2026/02/07;0300 UTC;0;966,5;966,8;966,4;0;18,2;15,5;18,5;18;15,8;15,1;87;85;87;104;5,4;2,5;
2026/02/07;0400 UTC;0;966,7;967,1;966,3;0;17,7;14,8;18;17,6;15,1;14,7;86;85;86;118;5,5;3,1;
2026/02/07;0500 UTC;0;966,1;966,3;965,9;0;17,6;14,2;17,6;17,5;14,7;13,4;86;79;83;132;5,6;3;
2026/02/07;0600 UTC;0;965,7;966;965,5;0;17,4;12,4;17,6;17,2;13,5;12;80;74;75;115;4,8;2,9;
2026/02/07;0700 UTC;0;965,5;965,6;965,3;0;17,7;12,6;17,9;17,4;13,4;12,1;80;71;75;72;4,4;2,2;
2026/02/07;0800 UTC;0;965,9;966,2;965,5;0;17,1;13,8;17,4;16,9;14,2;13,4;86;80;83;106;4;1,9;
2026/02/07;0900 UTC;0;966;966,3;965,7;0;16,6;14,1;17,1;16,2;14,2;13,8;88;85;87;112;2,9;1,6;
2026/02/07;1000 UTC;0;966,7;967,3;966,3;157,1;16,2;13,9;16,7;16;14,2;13,8;90;88;89;129;3,5;2;
2026/02/07;1100 UTC;0;967,6;967,9;967,4;819,8;18,1;14,7;19;16,7;15,1;14,2;88;79;83;113;5,8;3,3;
2026/02/07;1200 UTC;0;967,7;967,8;967,6;1499,3;19,9;14,7;20,8;19;15,1;14,4;79;69;74;100;5,5;3,5;
2026/02/07;1300 UTC;0;967,8;967,9;967,7;2641,7;21,8;15,1;22,9;20,7;15,7;14,8;71;60;66;102;4,8;2,4;
2026/02/07;1400 UTC;0;967,6;967,8;967,5;3290,6;23,4;15;24,2;22,8;15,6;14,2;62;53;58;104;6,7;3,2;
2026/02/07;1500 UTC;0;967,7;967,7;967,5;3801,4;24,8;13,8;25,8;24,1;15,1;12,5;54;35;45;148;7,1;3,6;
2026/02/07;1600 UTC;0;967,4;967,7;967,1;3963,8;25,7;12,3;26,8;25;13,7;10,9;42;24;33;132;5,8;2,9;
2026/02/07;1700 UTC;0;966,8;967,1;966,5;3908,9;26,7;12,5;27,3;26,2;13,5;11,2;33;24;29;123;6,3;3,7;
2026/02/07;1800 UTC;0;966,5;966,6;966,2;3607;26,8;13,1;27,2;26,3;13,9;12,2;35;26;31;130;7,5;4,1;
2026/02/07;1900 UTC;0;966;966,3;965,7;3022,5;27;13;27,4;26,6;13,7;12,5;33;28;30;113;6,6;3,6;
2026/02/07;2000 UTC;0;965,5;965,7;965,3;2209,3;26,9;13,5;27,2;26,3;14;12,8;36;28;33;112;6,5;3,7;
2026/02/07;2100 UTC;0;965,3;965,4;965,2;1379,1;26,3;13,5;26,8;25,6;14,2;13,2;39;33;36;108;7,9;4,5;
2026/02/07;2200 UTC;0;965,7;965,9;965,4;508,9;24,7;12,8;25,6;23,5;13,4;12,1;44;37;41;100;6,3;2,7;
2026/02/07;2300 UTC;0;966,2;966,6;965,9;19,8;22;11,6;23,4;20,9;12,1;11,4;54;43;48;87;5,3;2,5;
2026/02/08;0000 UTC;0;966,9;967,2;966,5;0;20;11,9;20,9;19;12,4;11,6;67;54;60;65;4,2;2,1;
2026/02/08;0100 UTC;0;967,5;967,7;967,2;0;18,1;12,7;19;17,5;13,1;12,4;78;68;73;50;4,1;2,2;
2026/02/08;0200 UTC;0;967,8;967,8;967,7;0;16,8;13,1;17,5;15,6;13,3;12,8;86;78;82;205;2,2;,8;
2026/02/08;0300 UTC;0;967,8;967,8;967,7;0;15,3;13,2;15,7;14,9;13,5;12,8;92;86;89;305;2,1;,9;
2026/02/08;0400 UTC;0;967,7;967,8;967,6;0;15,2;13,3;15,7;14,9;13,5;12,9;93;87;90;233;1,5;,6;
2026/02/08;0500 UTC;0;967,4;967,7;967,2;0;14,8;13,4;15,1;14,5;13,6;13,1;94;92;93;275;2,2;,8;
2026/02/08;0600 UTC;0;967;967,2;966,9;0;15;13,6;15,3;14,7;13,8;13,4;95;91;93;191;2,1;,7;
2026/02/08;0700 UTC;0;966,8;967;966,6;0;14,5;13,4;14,9;14,2;13,7;12,8;96;93;95;287;1,7;,8;
2026/02/08;0800 UTC;0;966,7;966,7;966,6;0;14,6;13,5;14,8;14,3;13,7;13,1;96;93;95;263;2;,8;
2026/02/08;0900 UTC;0;966,8;967;966,7;0;13,9;13,1;14,6;13,3;13,8;12,5;98;93;96;280;1,6;,6;
2026/02/08;1000 UTC;0;967,2;967,6;967;175,1;13,4;13;14,1;13,1;13,6;12,6;99;96;98;339;2,2;1,3;
2026/02/08;1100 UTC;0;967,7;967,8;967,6;904,3;17;14,3;18,7;14,3;15,4;13,6;97;81;87;275;3;1,6;
2026/02/08;1200 UTC;0;967,8;967,9;967,7;2237,1;20,2;14,5;21,8;18,8;15,5;13,3;82;58;72;183;5,4;2;
2026/02/08;1300 UTC;0;967,8;968;967,7;2667,1;23,1;13,5;24,1;21,8;14,3;12,4;61;44;52;131;5,4;2,7;
2026/02/08;1400 UTC;0;967,9;968;967,8;3323,8;24,7;13,2;26;23,8;14,4;12,4;47;38;42;159;5,6;2,7;
2026/02/08;1500 UTC;0;967,6;967,9;967,3;3766,4;26,1;13,5;27,2;25,1;14,2;12,8;43;34;37;89;6,7;2,8;
2026/02/08;1600 UTC;0;967,1;967,3;966,9;3888,4;27,1;13,9;27,6;26,6;14,8;13,2;39;31;34;90;6,7;3,5;
2026/02/08;1700 UTC;0;966,4;966,9;966;3659,5;27,6;14,4;28,1;26,7;14,8;13,6;38;30;34;102;7,1;3,8;
2026/02/08;1800 UTC;0;965,7;966;965,4;3480,2;28,2;14,5;28,8;27,7;15,1;13,9;34;29;31;104;6,5;3,1;
2026/02/08;1900 UTC;0;965,2;965,4;964,9;2926,7;28,3;14,6;28,8;27,9;15,3;14,1;34;29;31;84;6,5;3,3;
2026/02/08;2000 UTC;0;964,8;965;964,6;2191,7;28,1;14,9;28,5;27,6;15,4;14,3;36;31;34;93;7,2;3,2;
2026/02/08;2100 UTC;0;964,3;964,6;964,2;1353,1;27,2;14,9;28;26,4;15,2;14,6;42;34;38;104;7,1;4;
2026/02/08;2200 UTC;0;964,4;964,6;964,2;495,8;25,3;13,9;26,4;24;14,8;12,7;44;41;43;83;6,7;3,2;
2026/02/08;2300 UTC;0;965;965,2;964,7;21;22,6;12,7;23,9;21,5;13;12,4;58;44;51;78;6,2;2,5;
2026/02/09;0000 UTC;0;965,5;965,8;965,2;0;20,8;13,2;21,5;20,1;13,7;13;68;58;62;76;5,5;2,4;
2026/02/09;0100 UTC;0;966;966,2;965,8;0;19,5;14,6;20,1;19;15,1;13,8;80;69;76;63;5,2;3;
2026/02/09;0200 UTC;0;966,1;966,2;966;0;18,7;15,1;19;18,4;15,2;14,9;83;80;82;51;6,2;3;
2026/02/09;0300 UTC;0;965,9;966;965,8;0;18;14,6;18,4;17,1;14,9;14,4;87;82;83;107;4;1;
2026/02/09;0400 UTC;0;965,7;965,8;965,5;0;16,5;14,2;17;16;14,4;13,9;91;87;88;69;2,4;1,1;
2026/02/09;0500 UTC;0;965,2;965,5;965,1;0;16;14,1;16,4;15,2;14,2;13,7;93;89;91;178;2,3;,6;
2026/02/09;0600 UTC;0;964,8;965,1;964,6;0;15,3;14,2;15,8;15,1;14,6;13,8;96;93;95;52;3,9;1,9;
2026/02/09;0700 UTC;0;964,5;964,7;964,3;0;15,5;14,4;15,8;15,1;14,5;14,2;97;93;95;61;3,2;1,4;
2026/02/09;0800 UTC;0;964,3;964,6;964,1;0;15,5;14,6;15,7;15,2;14,7;14,5;96;95;95;74;3,6;2;
2026/02/09;0900 UTC;0;964,2;964,6;964,1;0;15,9;14,9;16,2;15,5;15;14,6;96;94;95;80;4,1;2,2;
2026/02/09;1000 UTC;0;964,7;964,7;964,6;155,1;16,5;15,2;17,2;16,2;15,7;15;94;92;94;75;4,8;2,6;
2026/02/09;1100 UTC;0;964,5;964,8;964,3;913,3;18,3;16;19,1;17,2;16,5;15,7;92;86;89;55;5,8;2,9;
2026/02/09;1200 UTC;0;964,4;964,6;964,1;1724,5;20,3;16,6;21,3;19,3;17,1;16,4;86;78;82;64;8,7;3,3;
2026/02/09;1300 UTC;0;964,2;964,4;964,1;2125,7;22,2;17,2;23,4;20,9;17,7;16,8;81;70;75;56;7,4;3,7;
2026/02/09;1400 UTC;0;964,3;964,5;964,2;2930;24,6;17,7;25,7;23,1;18,1;17,2;72;61;65;55;8,4;3,6;
2026/02/09;1500 UTC;0;963,9;964,2;963,4;3488,5;26,5;18,4;27,8;25,6;18,8;17,9;64;54;59;56;7,8;3,5;
2026/02/09;1600 UTC;0;963,2;963,5;963;2673,5;27,9;18,6;28,6;26,8;19,3;17,9;59;50;54;73;5,9;3,2;
2026/02/09;1700 UTC;0;962,4;962,9;961,9;2840,4;28,9;17,8;30;27,6;18,6;17,2;53;39;45;220;4,8;2,3;
2026/02/09;1800 UTC;0;961,8;962;961,4;2539,1;29,9;17,5;31,5;28,9;18,4;16,7;44;33;38;300;6,1;2,6;
2026/02/09;1900 UTC;0;961,1;961,4;960,7;1809,3;29,9;17,3;31;29,3;18,5;16,6;39;35;37;210;3,3;1,7;
2026/02/09;2000 UTC;0;960,6;960,8;960,3;1245,1;29,6;17,6;30,8;29;19,1;17;44;35;40;77;2,6;1,6;
2026/02/09;2100 UTC;0;960,3;960,4;960,2;1423,4;29,4;19,6;30,9;28,2;20;19;59;41;51;85;6,2;3,1;
2026/02/09;2200 UTC;0;960,5;961;960,3;390,1;27,3;19,9;28,2;26,1;20,2;19,4;67;58;63;81;5,1;3,1;
2026/02/09;2300 UTC;0;961,3;961,6;960,9;13,1;25,2;19,6;26,1;24,3;19,9;19,4;77;66;72;72;5,4;2,7;
2026/02/10;0000 UTC;0;961,8;962;961,6;0;23,8;19,6;24,3;23,6;19,7;19,5;79;77;79;54;6,8;3,4;
2026/02/10;0100 UTC;0;962,2;962,4;962;0;23,1;19,7;23,7;22,5;19,9;19,6;87;79;83;55;6,2;2,8;
2026/02/10;0200 UTC;0;962,4;962,6;962,2;0;22,1;19,9;22,5;21,6;19,9;19,9;91;87;89;53;5,2;2,6;
2026/02/10;0300 UTC;0;962,2;962,2;962,2;0;20,8;19,9;20,8;20,8;19,9;19,9;95;95;95;74;2;1,2;
2026/02/10;0400 UTC;0;962,1;962,1;962,1;0;20,4;19,8;20,4;20,4;19,8;19,8;97;97;97;61;2,8;1,1;
2026/02/10;0500 UTC;0;961,9;961,9;961,9;0;20,4;19,7;20,4;20,4;19,7;19,7;97;97;97;63;2;1,1;
2026/02/10;0600 UTC;0;961,3;961,3;961,3;0;20,2;19,7;20,2;20,2;19,7;19,7;97;97;97;166;1;,4;
2026/02/10;0700 UTC;0;960,9;960,9;960,9;0;20,1;19,7;20,1;20,1;19,7;19,7;98;98;98;224;1,2;,7;
2026/02/10;0800 UTC;0;960,8;960,8;960,8;0;20;19,6;20;20;19,6;19,6;98;98;98;190;,9;,6;
2026/02/10;0900 UTC;0;960,9;960,9;960,9;0;19,9;19,5;19,9;19,9;19,5;19,5;98;98;98;200;,6;,4;
2026/02/10;1000 UTC;0;961,2;961,2;961,2;206,1;20,5;19,9;20,5;20,5;19,9;19,9;97;97;97;309;,6;,5;
2026/02/10;1100 UTC;0;961,3;961,3;961,3;761,7;22,4;19,8;22,4;22,4;19,8;19,8;87;87;87;230;2,5;1,6;
2026/02/10;1200 UTC;0;961,2;961,2;961,2;525,8;23,4;19,9;23,4;23,4;19,9;19,9;83;83;83;84;2,1;1,3;
2026/02/10;1300 UTC;0;961,3;961,3;961,3;1632,2;25,8;20,4;25,8;25,8;20,4;20,4;73;73;73;331;5,3;4,6;
2026/02/10;1400 UTC;0;961,1;961,1;961,1;3539,9;28,8;21;28,8;28,8;21;21;61;61;61;112;3,9;3;
2026/02/10;1500 UTC;0;960,7;960,7;960,7;3788,7;30,2;21,6;30,2;30,2;21,6;21,6;57;57;57;280;3;2,1;
2026/02/10;1600 UTC;0;959,9;959,9;959,9;877,5;30;21,2;30;30;21,2;21,2;56;56;56;315;3,1;2,2;
2026/02/10;1700 UTC;0;959,4;959,4;959,4;1314,9;30,1;21,6;30,1;30,1;21,6;21,6;58;58;58;312;2,9;1,8;
2026/02/10;1800 UTC;0;959,2;959,2;959,2;819;26,9;21,2;26,9;26,9;21,2;21,2;72;72;72;317;5,6;3,9;
2026/02/10;1900 UTC;0;958,5;958,5;958,5;2579,9;28,4;20,9;28,4;28,4;20,9;20,9;63;63;63;328;6,7;4,6;
2026/02/10;2000 UTC;0;958,2;958,2;958,2;1883,4;28,7;19,9;28,7;28,7;19,9;19,9;56;56;56;317;5,6;3,3;
2026/02/10;2100 UTC;0;957,8;957,8;957,8;771,1;29,5;20,6;29,5;29,5;20,6;20,6;55;55;55;336;3,4;2,5;
2026/02/10;2200 UTC;0;958,3;958,3;958,3;103,3;28;20,7;28;28;20,7;20,7;64;64;64;328;2,5;1,5;
2026/02/10;2300 UTC;0;958,8;958,8;958,8;0;25,8;20,3;25,8;25,8;20,3;20,3;72;72;72;204;1,1;,8;
2026/02/11;0000 UTC;0;959,2;959,2;959,2;0;24,4;20,6;24,4;24,4;20,6;20,6;81;81;81;317;1;,7;
2026/02/11;0100 UTC;0;959,4;959,5;959,2;0;24,6;20,9;25,2;24;21,1;20,6;84;79;82;313;3,6;1,6;
2026/02/11;0200 UTC;0;959,4;959,5;959,4;0;24,3;21;24,8;23,5;21,2;20,8;88;80;84;326;2,5;1,6;
2026/02/11;0300 UTC;0;959,4;959,4;959,3;0;23,8;21,3;24,2;23,4;21,4;21,2;89;86;88;233;2,8;1,2;
2026/02/11;0400 UTC;0;959,3;959,4;959,1;0;23;21,2;23,5;22,7;21,3;21,1;92;89;91;42;2,6;1,4;
2026/02/11;0500 UTC;0;958,6;959,1;958,4;0;23;21,2;23,3;22,6;21,3;20,9;93;89;91;100;4,1;1,5;
2026/02/11;0600 UTC;0;958,1;958,4;958;0;22,6;21;22,9;22,2;21,2;20,7;93;91;92;325;4,4;2,6;
2026/02/11;0700 UTC;0;958,3;958,4;958,1;0;22,2;20,8;22,9;21,5;20,9;20,5;96;90;93;321;2,1;1,1;
2026/02/11;0800 UTC;0;958,7;959;958,3;0;21,7;20,7;21,8;21,5;20,8;20,6;96;94;95;322;4,7;2,7;
2026/02/11;0900 UTC;0;959,3;959,8;958,9;0;21,6;20,5;21,8;21,4;20,6;20,4;95;94;95;325;4,4;2,3;
2026/02/11;1000 UTC;0;960,1;960,5;959,8;140,8;21,4;20,4;21,7;21,3;20,5;20,4;96;94;95;269;6;3;
2026/02/11;1100 UTC;0;960,8;961;960,4;878,4;22,4;20,4;23,4;21,7;20,6;20,3;93;85;90;326;8,1;4,9;
2026/02/11;1200 UTC;0;961,4;961,6;961;1758,9;24,6;20,6;26,1;23,3;21,2;20,3;86;72;80;324;7;4,2;
2026/02/11;1300 UTC;0;961,6;961,7;961,5;2548,8;27,9;21,2;29,4;26,1;21,8;20,7;73;60;66;288;6,6;3,6;
2026/02/11;1400 UTC;0;961,7;961,9;961,4;3178;30,6;21,7;32,6;29,3;22;21,3;62;46;55;293;7;3,6;
2026/02/11;1500 UTC;0;961,4;961,6;961,2;3414,6;33,2;21,2;34,1;32,3;22;20,4;48;34;40;295;10,3;5,2;
2026/02/11;1600 UTC;0;961,1;961,4;960,7;2756,6;33,7;21;34,8;32,6;22;19,8;40;34;37;272;9,8;4,1;
2026/02/11;1700 UTC;0;960,8;960,9;960,6;2214,6;33,8;21,1;35,1;32,7;22,1;20,2;40;33;37;280;6;3,1;
2026/02/11;1800 UTC;0;960,7;960,8;960,5;2161,4;33,2;21,6;34,2;32,3;22,5;20,3;46;37;42;293;6,5;2,5;
2026/02/11;1900 UTC;0;960,5;960,7;960,2;2318,6;33,4;22;34,8;32,6;22,9;21,2;46;39;43;284;6;3,6;
2026/02/11;2000 UTC;0;960,1;960,3;959,9;1812,2;34,3;22;34,7;33,6;22,5;21,5;41;36;39;268;5,5;2,6;
2026/02/11;2100 UTC;0;960,2;960,2;960,2;780,6;33,8;21,5;33,8;33,8;21,5;21,5;39;39;39;253;3,9;2,2;
2026/02/11;2200 UTC;0;960,6;960,6;960,6;47,4;32,2;20,9;32,2;32,2;20,9;20,9;43;43;43;231;1,8;1;
2026/02/11;2300 UTC;0;961,4;961,4;961,4;0;27,4;19,8;27,4;27,4;19,8;19,8;62;62;62;42;,3;,2;
2026/02/12;0000 UTC;0;961,1;961,1;961,1;0;27,5;19,3;27,5;27,5;19,3;19,3;59;59;59;114;,6;,5;
2026/02/12;0100 UTC;0;961,5;962,1;961,1;0;27,6;19,3;28,3;26,8;20,3;18,8;65;54;59;144;5,2;2,7;
2026/02/12;0200 UTC;0;962,3;962,5;962,1;0;25,8;19,9;26,8;25;21,1;18,9;81;62;70;158;4,8;2,7;
2026/02/12;0300 UTC;12,2;962,9;965,1;962,2;4,8;24,3;21,3;25,2;21,5;22;20,2;94;81;85;203;13,5;4,5;
2026/02/12;0400 UTC;0;963;963,6;962,4;,1;21,3;20,5;21,8;20,9;21,3;19,5;98;90;96;174;8,3;4,8;
2026/02/12;0500 UTC;0;962,8;963,3;962,5;0;21,3;20,8;21,6;20,9;21,3;20,1;99;96;98;146;4,8;2,7;
2026/02/12;0600 UTC;0;962,3;962,4;962,1;0;21,4;21,1;21,6;21,2;21,3;20,7;99;98;98;108;2,8;1,6;
2026/02/12;0700 UTC;0;962;962,3;961,6;0;21;20,7;21,2;20,8;20,8;20,5;99;98;98;70;1,7;1;
2026/02/12;0800 UTC;0;961,5;961,7;961,4;0;20,6;20,4;20,8;20,3;20,6;20,1;100;99;99;59;2,7;1,4;
2026/02/12;0900 UTC;0;961,9;962,3;961,7;0;20,5;20,6;20,6;20,4;20,7;20,5;100;100;100;120;2,1;,9;
2026/02/12;1000 UTC;0;961,7;962,2;961,2;85,5;21;21;21,3;20,6;21,4;20,7;100;100;100;257;2;,8;
2026/02/12;1100 UTC;0;961,3;962;961;182,3;21,7;21,6;22,2;21,3;21,9;21,4;100;98;100;123;3,5;2;
2026/02/12;1200 UTC;0;962;962,2;961,8;105,5;22,4;21,9;22,7;22,2;22,1;21,8;98;96;98;158;3,4;1,2;
2026/02/12;1300 UTC;11,6;964,5;964,8;962;23;19,5;18,5;22,5;18,7;22,1;18,1;98;81;95;214;8,6;3,7;
2026/02/12;1400 UTC;,6;963,9;964,5;963,4;632,8;19,6;18,2;20,5;18,9;19,2;17,8;96;91;93;170;9,6;4,9;
2026/02/12;1500 UTC;0;963,5;963,9;963,1;1260,8;20,4;18,9;20,9;20,1;19,4;18,4;96;89;93;174;5,9;3;
2026/02/12;1600 UTC;2,2;964,6;965,5;963,9;283,5;19,7;18,6;20,6;19,2;19;18;97;90;95;182;6,5;3,4;
2026/02/12;1700 UTC;2,6;964,3;965,8;963,7;242,2;19,3;18;19,6;18,9;18,3;17,7;97;91;93;248;6,5;2,4;
2026/02/12;1800 UTC;2,2;964,6;965,8;964,2;633,1;19;18,1;19,4;18,5;18,4;17,6;98;93;96;224;5,8;3;
2026/02/12;1900 UTC;,4;964,7;965,7;964;276,7;19,2;18,2;19,3;19;18,5;17,9;97;93;95;296;3,6;1,8;
2026/02/12;2000 UTC;,6;965,1;965,8;964,4;358;18,9;18,4;19;18,8;18,8;18,1;99;96;98;295;4,5;2,7;
2026/02/12;2100 UTC;0;963,8;964,6;963,5;326,5;19,1;18,6;19,2;19;18,8;18,4;99;97;98;291;2,9;1,2;
2026/02/12;2200 UTC;0;962,7;963,5;962,1;99,7;19,3;18,9;19,6;19,2;19,2;18,4;99;96;98;203;1,7;,6;
2026/02/12;2300 UTC;0;962,8;963,8;962;3,3;19;18,7;19,2;18,9;19;18;100;96;98;233;2,2;,8;
2026/02/13;0000 UTC;0;964,6;965,4;964;0;19,2;18,1;19,6;18,9;18,5;17,4;98;90;95;151;4,8;2,3;
2026/02/13;0100 UTC;,2;964,5;965,5;964;0;18,6;18,4;18,9;18,4;18,5;18,3;100;98;99;158;6,6;2,2;
2026/02/13;0200 UTC;0;965,8;966,3;965,1;0;18,9;18,2;19,1;18,6;18,6;17,9;100;94;97;174;4,8;2,9;
2026/02/13;0300 UTC;0;965,8;966,1;965,3;0;18,5;18,4;18,7;18,3;18,5;18,3;100;98;99;69;3,1;1,2;
2026/02/13;0400 UTC;0;965,2;965,5;964,8;0;18,2;18,3;18,3;18,2;18,4;18,2;100;100;100;116;3,6;1,5;
2026/02/13;0500 UTC;0;965,2;965,5;964,9;0;18,1;18,2;18,3;18;18,3;18,1;100;100;100;305;2,7;1,1;
2026/02/13;0600 UTC;0;965,2;965,9;965;0;17,9;17,9;18,1;17,7;18,1;17,7;100;99;100;241;1,3;,7;
2026/02/13;0700 UTC;0;965;965,1;964,9;0;17,6;17,4;17,9;17,2;17,8;17;100;98;99;227;1,7;1;
2026/02/13;0800 UTC;0;965,1;965,2;965;0;17,6;17;17,8;17,1;17,3;16,7;100;96;97;217;1,9;1,1;
2026/02/13;0900 UTC;0;965,1;965,4;964,8;0;17,7;17;18;17,3;17,2;16,7;98;95;96;226;3,2;1,7;
2026/02/13;1000 UTC;0;965,8;966,2;965,4;154,3;18,2;17,1;18,5;17,9;17,3;16,9;96;93;94;210;3,5;2;
2026/02/13;1100 UTC;0;966,5;967,1;966,1;565,1;18,9;17,7;19,4;18,5;18,1;17,3;97;91;94;200;6,6;3,6;
2026/02/13;1200 UTC;0;967,5;967,8;967,1;1728,5;20,3;18,1;21,5;18,8;18,5;17,8;96;82;89;180;5,8;3,5;
2026/02/13;1300 UTC;0;968,1;968,4;967,8;2474,3;22,7;18,2;23,9;21,5;19,2;17,8;83;73;78;168;6,6;3,6;
2026/02/13;1400 UTC;0;968,7;969;968,3;2966,4;24;18,9;24,8;23,1;19,9;18,1;80;70;74;156;6,8;3,9;
2026/02/13;1500 UTC;0;969;969,1;968,9;3453,5;25;18,9;25,8;24,3;19,7;18,2;76;65;69;164;8,7;4,5;
2026/02/13;1600 UTC;0;968,8;969;968,6;3212,3;25,7;19,1;26,3;24,9;19,7;18,5;71;63;67;147;9,6;4,5;
2026/02/13;1700 UTC;0;968,8;969,1;968,7;2734,4;25,8;19,3;26,7;24,9;20;18,7;72;62;68;145;7,4;4,4;
2026/02/13;1800 UTC;0;968,4;968,7;968,1;3142,1;26,3;19,4;26,9;25,2;20,2;18,4;71;61;66;132;7,7;4,3;
2026/02/13;1900 UTC;0;968,2;968,4;968,1;2499,3;25,8;19,5;26,8;24,9;20,3;18,9;72;66;69;146;7,8;4,7;
2026/02/13;2000 UTC;0;968;968,3;967,7;1411,7;24,9;18,9;26,1;23,9;19,6;18,2;73;65;70;130;9;4,8;
2026/02/13;2100 UTC;0;968;968,3;967,6;1075,1;24;18,2;25,3;22,7;18,9;17,5;76;66;71;131;8;4,4;
2026/02/13;2200 UTC;0;968,7;969,4;968,3;423,5;22,3;17,8;23,3;21;18,2;17,5;84;74;78;118;7,8;3,9;
2026/02/13;2300 UTC;0;969,7;970;969,3;8,9;20,3;17,4;21;19,8;17,6;17,2;88;83;85;108;7,7;4,7;
2026/02/14;0000 UTC;0;970,4;971,1;969,9;0;19,4;16,9;19,8;19,3;17,2;16,5;89;86;87;105;8,6;4,3;
2026/02/14;0100 UTC;0;971,6;972;971,1;0;19;15,8;19,3;18,6;16,3;15,5;85;83;84;104;6,9;3,5;
2026/02/14;0200 UTC;0;972;972,3;971,8;0;18,5;15,3;18,6;18,3;15,5;15,1;85;83;84;89;5,6;3,2;
2026/02/14;0300 UTC;0;972,2;972,3;972;0;18,2;15,3;18,3;18,1;15,4;15,1;86;85;86;94;6,6;3;
2026/02/14;0400 UTC;0;971,8;972,2;971,4;0;17,8;15,3;18,1;17,6;15,4;15,1;89;85;87;118;5,1;3;
2026/02/14;0500 UTC;0;970,9;971,4;970,5;0;17,3;15,4;17,6;16,8;15,5;15,3;93;89;91;121;4,5;2,4;
2026/02/14;0600 UTC;0;970,5;970,8;970,2;0;16,5;15,3;16,8;16,3;15,5;15,1;95;93;94;120;4,5;2,3;
2026/02/14;0700 UTC;0;970;970,4;969,7;0;16,3;15,1;16,4;16,1;15,2;15;95;93;94;117;6,4;3,4;
2026/02/14;0800 UTC;0;969,9;970,2;969,7;0;16,2;14,9;16,4;16;15,1;14,8;94;93;94;135;5,3;2,6;
2026/02/14;0900 UTC;0;970,6;970,8;970,3;0;16;14,8;16,3;15,9;14,8;14,7;94;92;94;110;5,2;3;
2026/02/14;1000 UTC;0;971;971,2;970,8;134,6;16,6;14,8;16,9;16,4;14,9;14,7;92;90;91;116;5,5;2,7;
2026/02/14;1100 UTC;0;971,5;971,8;971,2;782,7;17,8;14,9;18,3;17;15,1;14,7;89;83;85;118;6,8;4,2;
2026/02/14;1200 UTC;0;972;972;971,8;1095,2;19,1;15,3;19,9;18,4;15,7;14,9;83;78;81;94;7,3;3,9;
2026/02/14;1300 UTC;0;972;972,1;971,9;2145,4;20,7;15,8;21,6;20,1;16,5;15,4;79;71;75;103;7,3;3,9;
2026/02/14;1400 UTC;0;972;972,1;971,8;2923;22,3;15,9;23,1;21,2;17,2;15,1;77;60;68;95;8;4,5;
2026/02/14;1500 UTC;0;971,4;971,8;971;3762,8;23,6;15,4;24,1;22,4;16,4;14,2;66;54;59;69;6,9;3,8;
2026/02/14;1600 UTC;0;970,8;971,1;970,5;3620;24,2;15,8;25,1;23,6;16,8;15,1;61;55;58;77;8;3,8;
2026/02/14;1700 UTC;0;970,2;970,4;970;3027,6;24,5;16,1;25,1;23,9;17;15,6;62;55;58;75;6,7;3,4;
2026/02/14;1800 UTC;0;969,6;970;969,1;2779,3;24,8;16,1;25,7;24;17;15,4;61;51;57;93;7,4;4,1;
2026/02/14;1900 UTC;0;968,7;969,1;968,3;2523,6;25,2;16,4;26;24,4;17;15,5;59;53;56;91;6,5;3,5;
2026/02/14;2000 UTC;0;968,2;968,4;968,1;2100,2;25;16,4;25,6;24,3;17;16;60;54;57;85;7,7;4,1;
2026/02/14;2100 UTC;0;968,2;968,3;968,2;1295,2;24,1;16;24,5;23,8;16,5;15,7;61;58;59;91;6,5;3,3;
2026/02/14;2200 UTC;0;968,3;968,5;968,1;389,5;22,4;15,7;23,8;21,3;15,9;15,4;72;59;66;75;7,3;3,4;
2026/02/14;2300 UTC;0;968,9;969,2;968,4;15,5;19,8;15,3;21,2;18,9;15,7;15;80;72;78;76;7;3,2;
2026/02/15;0000 UTC;0;969,1;969,2;969;0;18,3;14,9;18,9;17,7;15;14,9;86;80;83;71;4,7;2,1;
2026/02/15;0100 UTC;0;968,9;969;968,8;0;17,9;15;18,2;17,6;15,1;14,9;87;84;86;59;6,3;3,3;
2026/02/15;0200 UTC;0;968,7;968,9;968,4;0;18;15;18,1;17,7;15,2;14,9;88;84;85;60;4,4;2;
2026/02/15;0300 UTC;0;968,4;968,5;968,1;0;18,2;15,4;18,4;17,7;15,5;15,2;88;85;86;56;6;2,9;
2026/02/15;0400 UTC;0;967,9;968,2;967,7;0;18,1;15,3;18,4;17,9;15,4;15,2;87;85;86;53;6,1;3,2;
2026/02/15;0500 UTC;0;967,4;967,7;967,1;0;17,7;15,5;17,9;17,6;15,7;15,2;91;87;89;56;6,2;3,2;
2026/02/15;0600 UTC;0;966,7;967,1;966,3;0;17,4;15,9;17,6;17,3;16,2;15,7;94;91;93;53;6,8;3,6;
2026/02/15;0700 UTC;0;966;966,3;965,7;0;17,3;16,6;17,4;17,2;16,8;16,2;98;94;96;49;5,2;2,8;
2026/02/15;0800 UTC;0;965,8;966;965,7;0;17,2;16,9;17,3;17,1;17;16,7;99;98;98;76;2,8;1,1;
2026/02/15;0900 UTC;0;966,2;966,6;965,9;0;17,6;17,4;17,9;17,2;17,6;17;99;99;99;84;3,5;1;
2026/02/15;1000 UTC;0;966,6;966,8;966,5;69,4;18,4;17,9;19,1;18;18,3;17,7;99;96;98;62;4,8;2,1;
2026/02/15;1100 UTC;0;966,7;966,9;966,5;424,4;19,9;18,6;20,7;19,1;19;18,2;96;91;94;75;6,5;2,8;
2026/02/15;1200 UTC;0;966,8;966,9;966,6;1390,5;22,2;19,2;23,9;20,7;19,8;18,9;91;77;85;97;8,1;3,1;
2026/02/15;1300 UTC;0;966,7;966,9;966,6;2361,6;24,7;19,6;25,8;23,7;20,4;19,2;80;69;74;155;8,7;2,5;
2026/02/15;1400 UTC;0;966,4;966,6;966;3102;26,5;19,9;27,4;25,4;20,9;19,3;73;64;67;167;5,8;2,5;
2026/02/15;1500 UTC;0;965,7;966,1;965,3;3334,1;27,4;20,6;28,5;26,5;22,1;19,8;69;62;66;233;7,5;3,8;
2026/02/15;1600 UTC;0;964,9;965,3;964,7;3276,1;28,2;21,1;28,7;27,7;21,7;20,6;68;62;65;206;6,6;2,7;
2026/02/15;1700 UTC;0;964,3;964,8;963,9;2854,6;28,5;21,4;29,9;27,7;22,5;20,8;68;60;65;282;5,2;3;
2026/02/15;1800 UTC;0;963,6;963,9;963,4;3064,1;29,5;21,8;30,4;28,6;22,5;21,1;66;59;62;210;4,4;2,1;
2026/02/15;1900 UTC;0;963;963,4;962,4;2228,2;29,6;21,8;30,4;28,8;22,7;21,3;65;58;61;210;4;2;
2026/02/15;2000 UTC;0;962,2;962,4;962;868,8;28,7;21,7;29,7;27,9;22,2;21,2;71;59;65;191;3,4;,8;
2026/02/15;2100 UTC;10,6;962,6;962,9;962,2;227,8;25,3;21,7;27,9;22,7;23,3;18,3;96;68;82;190;3,2;1,6;
2026/02/15;2200 UTC;0;963,1;963,6;962,8;237;23,4;21,9;23,9;22,8;22,8;20,2;97;85;93;71;3,3;1,6;
2026/02/15;2300 UTC;0;963,5;963,7;963,3;11,6;22,6;21,8;23,3;22,1;22,7;21,5;98;94;96;137;3;1,9;
2026/02/16;0000 UTC;0;963,9;964,2;963,5;0;21,8;21,3;22,1;21,4;21,5;21,2;99;97;98;51;3,1;1,7;
2026/02/16;0100 UTC;0;964,6;964,9;964,2;0;21,3;21,2;21,4;21,1;21,3;21,1;100;99;100;218;1,3;,7;
2026/02/16;0200 UTC;0;965;965,1;964,7;0;21,3;21,1;21,4;21,1;21,2;21;100;98;99;169;2,6;1,2;
2026/02/16;0300 UTC;0;964,5;964,5;964,5;0;21,1;21,1;21,1;21,1;21,1;21,1;100;100;100;305;,8;,6;
2026/02/16;0400 UTC;0;963,5;963,5;963,5;0;21,2;21,2;21,2;21,2;21,2;21,2;100;100;100;225;2,5;1,4;
2026/02/16;0500 UTC;0;963,3;963,3;963,3;0;21,5;21,6;21,5;21,5;21,6;21,6;100;100;100;313;5,1;3,7;
2026/02/16;0600 UTC;0;962,7;962,7;962,7;0;21,7;21,8;21,7;21,7;21,8;21,8;100;100;100;333;5,3;3,3;
2026/02/16;0700 UTC;0;962;962;962;0;21,6;21,7;21,6;21,6;21,7;21,7;100;100;100;321;4,1;2,8;
2026/02/16;0800 UTC;0;963,3;963,3;963,3;0;21,8;21,8;21,8;21,8;21,8;21,8;100;100;100;260;5,7;2,8;
2026/02/16;0900 UTC;0;963,9;963,9;963,9;0;21,6;21,6;21,6;21,6;21,6;21,6;100;100;100;225;5,3;2,9;
2026/02/16;1000 UTC;0;963,5;963,5;963,5;45,9;21,7;20,6;21,7;21,7;20,6;20,6;95;95;95;225;3,4;1,9;
2026/02/16;1100 UTC;0;964;964;964;225,1;22,1;20,4;22,1;22,1;20,4;20,4;91;91;91;254;2,1;,8;
2026/02/16;1200 UTC;0;964,1;964,1;964,1;943,3;21,9;20,9;21,9;21,9;20,9;20,9;95;95;95;202;4,4;3,6;
2026/02/16;1300 UTC;0;964,3;964,3;964,3;2859,4;25;21,9;25;25;21,9;21,9;84;84;84;292;1,8;1,4;
2026/02/16;1400 UTC;0;964,7;964,7;964,7;3385,2;27,4;20,9;27,4;27,4;20,9;20,9;68;68;68;211;3,1;1,9;
2026/02/16;1500 UTC;0;964,5;964,5;964,5;3980,2;27,4;20,9;27,4;27,4;20,9;20,9;67;67;67;227;2,8;1,9;
2026/02/16;1600 UTC;0;963,9;963,9;963,9;4058,3;28,4;20,9;28,4;28,4;20,9;20,9;63;63;63;211;4,8;2,9;
2026/02/16;1700 UTC;0;963,7;963,7;963,7;3885,8;28,7;20,4;28,7;28,7;20,4;20,4;58;58;58;211;4,7;2,9;
2026/02/16;1800 UTC;0;962,8;962,8;962,8;1249,4;28,9;20,7;28,9;28,9;20,7;20,7;59;59;59;189;5,2;3,5;
2026/02/16;1900 UTC;0;962,8;962,8;962,8;2467,3;28,5;20;28,5;28,5;20;20;58;58;58;186;7,2;4,7;
2026/02/16;2000 UTC;0;963;963;963;1735,7;29;19,7;29;29;19,7;19,7;53;53;53;198;5;3,6;
2026/02/16;2100 UTC;0;963,3;963,3;963,3;871,6;29;19,3;29;29;19,3;19,3;51;51;51;227;4,1;2,2;
2026/02/16;2200 UTC;0;963,4;963,4;963,4;60,7;25,8;21;25,8;25,8;21;21;76;76;76;131;4;2,7;
2026/02/16;2300 UTC;0;964,3;964,3;964,3;0;24,1;20,5;24,1;24,1;20,5;20,5;82;82;82;86;1,2;,8;
2026/02/17;0000 UTC;0;965;965;965;0;22,9;20,5;22,9;22,9;20,5;20,5;88;88;88;69;2,1;1,4;
2026/02/17;0100 UTC;0;965,1;965,4;964,8;0;22,4;20,5;22,8;21,8;20,7;20,3;94;88;90;58;2;1,2;
2026/02/17;0200 UTC;0;965,3;965,5;965,1;0;21,3;20,5;21,8;20,9;20,6;20,4;98;94;96;72;3,3;1,8;
2026/02/17;0300 UTC;0;965,2;965,3;965,1;0;20,8;20,3;20,9;20,6;20,4;20,2;98;97;98;75;2,8;1,1;
2026/02/17;0400 UTC;0;965,2;965,4;965;0;20,3;20,1;20,6;20;20,3;19,8;100;98;99;161;1,1;,4;
2026/02/17;0500 UTC;0;964,5;965;963,9;0;20,2;20,1;20,4;19,9;20,3;19,7;100;99;99;303;,8;,5;
2026/02/17;0600 UTC;0;963,8;964;963,6;0;20,3;20;20,4;20;20,2;19,9;100;97;99;102;1,9;1;
2026/02/17;0700 UTC;0;963,8;963,9;963,6;0;20,4;19,9;20,5;20,4;20;19,8;98;97;97;102;1,6;,9;
2026/02/17;0800 UTC;0;964;964,1;963,8;0;20,3;19,8;20,4;20,2;19,9;19,6;98;97;97;43;1,5;1;
2026/02/17;0900 UTC;0;964,3;964,6;964;0;20,1;19,7;20,2;19,9;19,8;19,4;98;97;98;70;1,8;,7;
2026/02/17;1000 UTC;0;964,8;964,8;964,7;73,3;19,9;19,4;20;19,8;19,6;19,2;98;97;98;60;1,9;1;
2026/02/17;1100 UTC;0;964,9;965,1;964,8;626,7;20,6;19,5;21,2;19,8;19,9;19,1;97;91;94;57;3;1,9;
2026/02/17;1200 UTC;0;965,3;965,4;965;1247,2;22,3;20,1;23,2;21,2;20,7;19,6;93;85;89;133;3,8;2,1;
2026/02/17;1300 UTC;0;965,3;965,3;965;2194,9;24,4;20,9;25,4;23,3;22,1;20,1;87;79;83;63;3,6;1,6;
2026/02/17;1400 UTC;0;965,1;965,2;965;3006,6;25,8;21,6;27;24,9;22,4;21,1;83;73;79;120;3,5;1,6;
2026/02/17;1500 UTC;0;964,9;965,2;964,6;2825,4;27;22;27,9;26,1;22,8;21,4;81;71;75;118;4,5;2,5;
2026/02/17;1600 UTC;0;964,4;964,7;964,1;2661,3;27,9;22,4;28,6;27,3;23,2;21,6;78;67;72;169;6,5;3,2;
2026/02/17;1700 UTC;0;963,8;964,2;963,5;2215,4;28,4;22,1;29,3;27,5;23,3;21,5;72;63;68;147;6,1;3,6;
2026/02/17;1800 UTC;0;963,4;963,6;963;1236,9;28;21,7;28,9;27,5;22,3;21,2;72;66;69;124;4,8;2,4;
2026/02/17;1900 UTC;0;963,2;963,4;963;661,6;27,4;21,8;27,7;26,3;23;21,3;82;68;72;54;5,3;2,2;
2026/02/17;2000 UTC;,2;963,4;963,6;963,2;994,7;25,9;23;26,8;25,2;23,7;22,5;91;81;86;60;4;1,9;
2026/02/17;2100 UTC;0;963,3;963,4;963,2;508,3;24,8;22,9;25,2;24,5;23,6;22,3;92;89;91;55;3;1,6;
2026/02/17;2200 UTC;0;963,4;963,6;963,2;145;24;22,5;24,5;23,8;22,7;22,2;94;88;92;97;3,9;2;
2026/02/17;2300 UTC;0;963,2;963,4;963;28;23,6;21,2;24;23;22,2;20,2;91;86;88;92;4,6;2,1;
2026/02/18;0000 UTC;0;963,7;964,1;963,3;0;22,5;19,7;23;21,9;20,2;19,2;87;85;86;117;4,3;2,3;
2026/02/18;0100 UTC;0;964,4;964,8;964;0;21,5;19,2;21,8;21;19,5;18,9;93;86;89;100;3,1;1,3;
2026/02/18;0200 UTC;0;964,9;965;964,8;0;20,7;19,7;21;20,4;19,7;19,5;96;93;95;86;3,7;2;
2026/02/18;0300 UTC;0;964,9;964,9;964,8;0;20,2;19,4;20,4;19,8;19,6;19,2;97;96;96;72;3,7;1,4;
2026/02/18;0400 UTC;0;964,8;964,9;964,7;0;19,4;18,8;19,8;19,3;19,2;18,4;97;96;97;93;2,4;1,3;
2026/02/18;0500 UTC;0;964,6;964,7;964,3;0;19,2;18,5;19,2;19,1;19,1;18,2;99;95;97;97;4,4;2,1;
2026/02/18;0600 UTC;0;964,2;964,3;964;0;19,2;19;19,4;19,1;19,1;18,8;100;98;99;97;5,8;3;
2026/02/18;0700 UTC;0;964;964;963,9;0;19;18,8;19,2;18,8;18,9;18,7;99;98;99;102;3,2;1,4;
2026/02/18;0800 UTC;0;964,1;964,3;963,9;0;18,8;18,8;18,8;18,8;18,8;18,6;100;99;100;62;2,6;1,2;
2026/02/18;0900 UTC;0;964,6;965,1;964,3;0;18,5;18,6;18,7;18,3;18,8;18,4;100;100;100;89;1,6;,8;
2026/02/18;1000 UTC;0;965,4;965,6;965,2;56,3;18,4;18,5;18,5;18,3;18,6;18,4;100;100;100;69;2,4;1,1;
2026/02/18;1100 UTC;0;965,9;966,2;965,6;432,9;18,9;19;19,6;18,5;19,5;18,6;100;100;100;58;3,8;1,9;
2026/02/18;1200 UTC;0;966,2;966,3;966;1541,6;20,9;19,2;22,3;19,7;19,9;18,3;100;81;92;85;4,4;2,3;
2026/02/18;1300 UTC;0;966;966,1;965,9;2483,9;22,8;18,7;23,6;22,1;19,2;18,2;85;74;80;60;4,6;2,1;
2026/02/18;1400 UTC;0;966,2;966,3;966;3086,4;24,3;18,8;25,3;23,2;19,8;18,2;79;66;72;91;4,3;1,7;
2026/02/18;1500 UTC;0;966;966,3;965,7;3563,9;25,9;18,6;26,7;25,1;19,5;17,8;71;57;63;134;4,4;1,6;
2026/02/18;1600 UTC;0;965,5;965,7;965,3;3801,1;26,7;18,7;27,3;26,1;20,1;17,7;68;55;60;71;5;2,1;
2026/02/18;1700 UTC;0;965,2;965,4;964,9;3536,6;27,2;18,5;27,8;26,8;20;17,8;65;53;57;108;5,8;2,5;
2026/02/18;1800 UTC;0;964,7;965;964,5;3136;27,9;18,6;28,4;27,6;19,5;17,7;58;50;53;115;5,3;1,6;
2026/02/18;1900 UTC;0;964,2;964,6;963,9;2573,7;28,1;18,3;28,5;27,8;19,2;17,5;55;47;51;109;5,3;2,9;
2026/02/18;2000 UTC;0;963,6;963,9;963,3;1737,6;27,8;18,2;28,3;27,3;18,8;17,5;55;50;52;84;4,8;2,2;
2026/02/18;2100 UTC;0;963,1;963,2;962,9;1068,2;27,1;18,1;27,8;26,5;18,9;17,5;57;53;55;86;5,2;2,4;
2026/02/18;2200 UTC;0;962,9;963,1;962,8;304,1;25,8;17,4;26,4;24,8;17,7;17;65;54;58;100;3,8;1,8;
2026/02/18;2300 UTC;0;963,1;963,5;963;10,7;23,6;18,1;24,7;22,7;18,3;17,7;78;65;73;98;4,2;2;
2026/02/19;0000 UTC;0;963,8;964,3;963,4;0;22,1;18,5;22,7;21,6;18,7;18,3;85;78;82;91;4,5;2,4;
2026/02/19;0100 UTC;0;964,2;964,4;964,1;0;20,9;18,8;21,5;20,3;18,9;18,7;93;86;89;67;4;1,9;
2026/02/19;0200 UTC;0;964;964,1;963,9;0;20;19,2;20,3;19,8;19,4;18,9;98;93;96;56;4,4;2,8;
2026/02/19;0300 UTC;0;964,1;964,2;964;0;19,7;19,4;19,9;19,5;19,4;19,3;99;98;99;47;4,6;2,1;
2026/02/19;0400 UTC;0;964,1;964,3;963,8;0;19,4;19,3;19,5;19,4;19,5;19,2;100;99;100;58;5,2;2,9;
2026/02/19;0500 UTC;0;963,3;963,8;962,9;0;19,4;19,3;19,7;19,1;19,5;19;100;99;99;46;4,8;2,2;
2026/02/19;0600 UTC;0;962,6;963;962,2;0;18,7;18,7;19,1;18,4;19;18,5;100;100;100;228;3,5;1;
2026/02/19;0700 UTC;0;961,8;962,3;961,5;0;18,3;18,4;18,4;18,1;18,5;18,2;100;100;100;91;2,2;,9;
2026/02/19;0800 UTC;0;961,6;962;961,3;0;18;18,1;18,2;17,8;18,2;17,9;100;100;100;189;1,3;,4;
2026/02/19;0900 UTC;,2;961,6;962;961,4;0;17,9;17,9;18,2;17,6;18,3;17,7;100;100;100;208;3,5;1,4;
2026/02/19;1000 UTC;0;962,7;963,4;961,9;66,1;18,4;18,4;18,6;18,2;18,6;18,3;100;100;100;240;3,9;1,8;
2026/02/19;1100 UTC;0;962,9;963;962,8;480;19;18,6;19,5;18,6;18,8;18,4;100;95;98;258;4,6;1,9;
2026/02/19;1200 UTC;0;962,9;963;962,7;1113,8;20,2;18,6;21,1;19,4;18,9;18,3;96;87;92;92;3,5;2;
2026/02/19;1300 UTC;0;963,1;963,4;962,6;2111,8;22,3;18,6;23,5;21,1;19,4;17,9;89;72;81;329;6,1;3,7;
2026/02/19;1400 UTC;0;963,4;963,5;963,1;2599,4;24,3;18,1;25,2;23,4;19,1;17;75;64;69;267;4,2;2;
2026/02/19;1500 UTC;0;962,8;963,1;962,5;2640,3;25,3;18,4;25,7;24,9;19;17,6;67;62;65;327;5,5;3,5;
2026/02/19;1600 UTC;0;962,4;962,6;962,3;2126;25,3;18,6;25,7;24,9;19,2;18,1;71;63;66;122;4,3;1,6;
2026/02/19;1700 UTC;0;962;962,3;961,7;885,2;24,8;18,6;25,4;24,3;19,2;18,1;73;67;69;85;3,2;1,7;
2026/02/19;1800 UTC;0;961,9;962,1;961,8;347,9;23,9;18,7;24,3;23,2;20;18,1;83;69;74;56;1,9;1,2;
2026/02/19;1900 UTC;1;963;963,6;962,1;185,8;22,5;20;23,3;21,5;20,5;19;93;79;87;292;3,8;1,7;
2026/02/19;2000 UTC;,8;962,2;963;961,5;272,8;21,2;20,1;21,5;20,9;20,5;19,5;97;91;94;66;2;,9;
2026/02/19;2100 UTC;0;961,7;962,2;961,1;211,1;20,9;20;21,1;20,7;20,5;19,4;97;93;95;125;1,4;,9;
2026/02/19;2200 UTC;0;960,4;961,3;959,8;118,1;20,8;20;21;20,7;20,3;19,7;97;94;96;92;4,3;1,5;
2026/02/19;2300 UTC;0;961,3;962,1;960,5;10,7;20,7;20,1;20,8;20,6;20,3;19,9;98;96;97;145;1,4;,7;
2026/02/20;0000 UTC;0;962,1;962,4;962;0;20,9;20,4;21;20,8;20,5;20,2;98;96;97;182;2,5;1,6;
2026/02/20;0100 UTC;0;962,5;962,6;962,3;0;20,8;20,2;21;20,7;20,3;20,1;97;96;97;161;2,5;1,4;
2026/02/20;0200 UTC;0;962,9;963,2;962,5;0;20,7;20,3;20,8;20,6;20,5;20;100;96;98;124;3,6;2,4;
2026/02/20;0300 UTC;,6;963,6;963,7;963,3;0;20,5;20,3;20,7;20,3;20,7;19,7;100;97;99;179;3;2;
2026/02/20;0400 UTC;,2;963,8;964;963,7;,1;19,5;19,2;20,2;18,6;20;18,3;100;97;98;154;6,1;3,6;
2026/02/20;0500 UTC;,2;963,8;964;963,6;0;18,3;18,1;18,6;18,1;18,4;17,9;100;99;99;143;6;3;
2026/02/20;0600 UTC;1,8;964,1;964,3;963,9;,1;17,5;17,2;18,2;16,9;18,1;16,5;100;96;99;133;7,5;3,8;
2026/02/20;0700 UTC;4,9;964,1;964,5;962,8;0;17,1;16,8;17,3;16,9;17,1;16,4;100;98;99;65;5,3;2,8;
2026/02/20;0800 UTC;1,2;962,3;963,3;961,2;0;16,7;16,2;16,9;16,6;16,8;15,9;100;96;98;94;4,9;2,4;
2026/02/20;0900 UTC;0;961,9;963,4;961,4;0;16,6;16,5;16,8;16,5;16,7;16,2;100;98;100;188;4,4;2,3;
2026/02/20;1000 UTC;0;964,2;964,5;963,4;54,7;16,7;16,3;16,8;16,7;16,5;16,1;99;97;98;159;4,3;2,4;
2026/02/20;1100 UTC;0;964,4;964,6;964,3;331,9;17,2;16,8;17,8;16,8;17,3;16,3;98;97;98;159;4,8;2,5;
2026/02/20;1200 UTC;0;964,9;965,1;964,6;1128,2;18,8;17,7;20,2;17,8;18,7;17,3;98;91;95;152;6,1;3,4;
2026/02/20;1300 UTC;0;965,5;965,7;965,2;1414,1;20;18,5;21,2;19,3;18,9;18,3;96;87;93;138;7;3,3;
2026/02/20;1400 UTC;0;965,7;965,9;965,5;2322,3;21,5;18,7;22,4;20,4;19,3;18,2;92;80;86;155;7,4;4;
2026/02/20;1500 UTC;0;965,3;965,6;965;2607,6;22,6;18,5;23,2;21,9;19,2;17,8;82;76;79;143;6,2;3,9;
2026/02/20;1600 UTC;0;965;965,1;964,9;2408,5;23,7;18,9;25,1;22,8;19,6;18,2;81;66;76;120;5,7;3,2;
2026/02/20;1700 UTC;0;964,9;965,1;964,7;3691,9;25,2;18,9;26,4;23,2;19,6;18;81;62;68;113;6,7;3,2;
2026/02/20;1800 UTC;,2;964,8;964,9;964,6;1571;24,1;19,4;26,5;22,9;20,7;18,7;83;63;76;100;7,3;3,6;
2026/02/20;1900 UTC;0;964,7;964,9;964,6;1373,1;24,3;18,8;25,3;23,5;19,8;18,1;80;69;72;110;5,6;3,1;
2026/02/20;2000 UTC;0;964,5;964,6;964,4;1368,6;24,8;18,7;25,6;24,2;19,3;18;75;66;70;125;8,2;4,4;
2026/02/20;2100 UTC;0;964,5;964,6;964,3;843,9;23,9;18,4;25,5;22,9;19,2;17,8;79;67;73;122;8,3;5;
2026/02/20;2200 UTC;0;964,7;965,1;964,5;373,9;23,1;17,8;24,1;22,2;18,5;17,4;76;68;73;114;7,4;3,5;
2026/02/20;2300 UTC;0;965,4;965,7;965,1;8,3;21,2;18;22,2;20,4;18,2;17,6;88;77;84;129;4,3;2;
2026/02/21;0000 UTC;0;966,3;966,8;965,8;0;20;17,9;20,4;19,7;18,1;17,7;91;88;90;120;4,1;2,6;
2026/02/21;0100 UTC;0;967,2;967,5;966,9;0;19,3;17,9;19,6;19;17,9;17,8;94;91;93;94;4,6;2,4;
2026/02/21;0200 UTC;0;967,2;967,4;967,2;0;18,9;17,9;19,1;18,7;18;17,8;96;94;95;109;5;2,6;
2026/02/21;0300 UTC;0;967,1;967,2;967,1;0;18,7;18;18,7;18,6;18,1;17,8;97;96;97;106;4,6;2,4;
2026/02/21;0400 UTC;0;967,1;967,2;967;0;18,8;18,1;18,9;18,7;18,1;18;97;96;97;108;5;2,8;
2026/02/21;0500 UTC;0;967;967,1;966,9;0;18,5;18,1;18,7;18,4;18,2;18;98;97;98;99;5;2,6;
2026/02/21;0600 UTC;0;966,8;966,9;966,7;0;18,3;18,1;18,5;17,9;18,2;17,7;99;98;99;159;2,4;1,3;
2026/02/21;0700 UTC;0;966,7;966,9;966,6;0;17,8;17,8;17,9;17,7;18;17,6;100;99;100;114;2;,8;
2026/02/21;0800 UTC;0;966,9;967;966,8;0;17,8;17,8;18;17,5;18,1;17,6;100;100;100;153;2,7;1,7;
2026/02/21;0900 UTC;0;967,2;967,5;966,9;0;17,8;17,9;18;17,6;18;17,7;100;100;100;136;2,6;1,6;
2026/02/21;1000 UTC;0;967,7;967,8;967,5;44,3;18,1;18,2;18,6;18;18,6;18;100;100;100;108;4,2;2,3;
2026/02/21;1100 UTC;0;968;968,2;967,8;442,2;19,1;19,1;19,4;18,6;19,4;18,7;100;99;100;81;5,5;2,8;
2026/02/21;1200 UTC;0;968,4;968,6;968,2;1164;20,2;18,9;21,6;19,4;19,5;18,3;99;84;93;87;6,4;3,1;
2026/02/21;1300 UTC;0;968,7;968,9;968,5;2013,3;22,2;18;23,2;21,7;19;17,3;85;72;79;94;6,5;3,8;
2026/02/21;1400 UTC;0;968,9;969;968,8;2833,2;23,7;18;24,7;22,5;18,9;17,4;79;64;71;85;6,6;2,7;
2026/02/21;1500 UTC;0;968,6;968,8;968,3;2755,6;24,3;17,8;25,7;23,2;18,8;17,2;72;62;67;96;7,5;4,1;
2026/02/21;1600 UTC;0;968,2;968,4;968,1;3012,8;25,3;17,9;25,9;24,2;18,8;17,2;67;58;63;108;6,5;3,6;
2026/02/21;1700 UTC;0;968;968,2;967,9;2684,3;26,2;17,8;27;25;18,7;17,2;64;55;58;88;6,1;3;
2026/02/21;1800 UTC;0;967,7;968;967,3;2635;26,5;18;27,5;25,5;18,8;17,1;62;53;58;90;6,9;3,1;
2026/02/21;1900 UTC;0;967;967,3;966,7;2153,4;26,4;18,5;27,3;25,2;19,4;17,5;67;54;60;102;7,7;4;
2026/02/21;2000 UTC;0;966,9;967;966,6;1723,4;25,7;19,5;27,1;24;20,2;17,9;79;57;69;114;7,5;4,2;
2026/02/21;2100 UTC;0;967;967,1;966,8;643,4;24;19,4;24,7;23,4;20;18,6;80;73;77;106;9,2;4,8;
2026/02/21;2200 UTC;0;966,9;967,2;966,7;284;22,9;18,9;23,7;21,6;19,4;18,4;89;74;80;117;7,3;4;
2026/02/21;2300 UTC;0;967,4;967,8;967,1;8;20,9;19,3;21,6;20,5;19,4;19,1;94;89;92;110;6,7;4,1;
2026/02/22;0000 UTC;0;968,1;968,4;967,8;0;20,4;19,3;20,5;20,3;19,4;19,2;95;94;94;102;6,7;3,3;
2026/02/22;0100 UTC;0;968,5;968,7;968,4;0;20,1;19,1;20,3;19,8;19,4;18,9;96;95;95;89;6,8;3,6;
2026/02/22;0200 UTC;0;968,8;968,9;968,6;0;19,8;18,8;19,9;19,8;18,9;18,6;96;94;95;91;7;3,9;
2026/02/22;0300 UTC;0;968,8;968,9;968,7;0;19,7;18,5;19,8;19,6;18,8;18,3;95;93;94;67;7,6;3,5;
2026/02/22;0400 UTC;0;968,7;968,9;968,5;0;19,6;18,8;19,7;19,5;18,9;18,7;97;95;96;70;7,4;3,8;
2026/02/22;0500 UTC;0;968,4;968,6;968,2;0;19,6;18,8;19,7;19,4;19;18,6;97;96;96;73;7,1;3,6;
2026/02/22;0600 UTC;0;968,2;968,3;968,1;0;19;18,6;19,4;18,9;18,7;18,6;99;96;98;71;6,2;3,1;
2026/02/22;0700 UTC;0;967,9;968,1;967,7;0;18,7;18,5;19;18,6;18,7;18,4;99;98;99;65;5,6;2,6;
2026/02/22;0800 UTC;0;967,7;967,8;967,4;0;18,6;18,6;18,7;18,5;18,6;18,5;100;99;100;82;5,9;2,7;
2026/02/22;0900 UTC;0;967,7;967,9;967,4;0;18,4;18,2;18,5;18,1;18,5;17,9;100;99;99;80;4,4;2,1;
2026/02/22;1000 UTC;0;968;968,2;967,9;76,9;18,1;18;18,3;18,1;18,2;17,9;100;99;100;81;5,3;2,3;
2026/02/22;1100 UTC;0;968,5;968,8;968,1;814,9;19,2;18,1;20,2;18,3;18,3;17,8;99;88;94;54;6;2,8;
2026/02/22;1200 UTC;0;968,8;969;968,7;1530,7;21,1;18;21,8;20,3;18,4;17,6;89;80;84;59;8;3,8;
2026/02/22;1300 UTC;0;969,1;969,5;968,8;2117,6;22,2;17,7;22,9;21,2;18,2;17,2;83;73;78;66;8,1;4,5;
2026/02/22;1400 UTC;0;969,1;969,4;968,8;2686,2;23,7;17,9;25;22,6;18,3;17,1;77;65;71;70;7;3,5;
2026/02/22;1500 UTC;0;968,5;968,9;968,1;3353,4;25,1;17,8;25,8;24,4;18,5;17,3;69;59;63;75;8,6;4,2;
2026/02/22;1600 UTC;0;967,9;968,2;967,7;3782,9;26,2;17,8;27;25,5;18,7;17,3;62;54;58;73;7,5;4,4;
2026/02/22;1700 UTC;0;967,5;967,7;967,2;3453,4;26,9;18;27,6;26;18,7;17,4;61;52;56;90;7,5;4,4;
2026/02/22;1800 UTC;0;967;967,3;966,6;2914,7;27,2;18,6;28,1;26,3;19,7;17,7;63;52;57;93;7,9;4;
2026/02/22;1900 UTC;0;966,3;966,7;966,1;2644,1;26,9;19;27,6;26,2;19,7;18,4;64;56;60;88;8,9;4,4;
2026/02/22;2000 UTC;0;965,8;966,1;965,5;1998,7;26,5;18,8;27;25,8;19,4;18;64;58;61;80;10,1;4,7;
2026/02/22;2100 UTC;0;965,3;965,5;965,1;1140,3;25,4;18,5;26;24,4;19,1;18,1;69;61;65;86;9,6;4,8;
2026/02/22;2200 UTC;0;965,3;965,5;965;314,2;23,4;18,3;24,7;22,1;18,6;17,9;81;66;74;78;9;4,5;
2026/02/22;2300 UTC;0;965,7;966;965,5;7,5;21,6;18,4;22,1;21,4;18,6;18,3;85;82;84;83;8,3;4;
2026/02/23;0000 UTC;0;966,2;966,4;966;0;21,1;18,5;21,4;20,7;18,6;18,2;88;85;87;74;7,4;3,8;
2026/02/23;0100 UTC;0;966,5;966,8;966,4;0;20;18;20,6;19,6;18,1;17,9;91;88;90;65;7,2;3,4;
2026/02/23;0200 UTC;0;966,7;966,8;966,5;0;19,6;17,8;19,8;19,4;17,9;17,7;92;90;91;60;7,7;4;
2026/02/23;0300 UTC;0;966,4;966,6;966,2;0;19,2;17,7;19,4;19,1;17,8;17,5;93;91;92;59;7,5;4,1;
2026/02/23;0400 UTC;0;966,2;966,3;966;0;19,1;17,4;19,3;18,9;17,5;17,3;92;90;91;58;7,8;3,7;
2026/02/23;0500 UTC;0;965,6;966;965,3;0;18,9;17,4;18,9;18,8;17,4;17,3;93;92;93;57;8,3;4,2;
2026/02/23;0600 UTC;0;965,3;965,4;965,1;0;18,7;17,4;18,8;18,6;17,5;17,4;94;93;93;57;7,8;3,3;
2026/02/23;0700 UTC;0;965,1;965,4;964,8;0;18,6;17,5;18,7;18,5;17,6;17,5;95;94;94;51;7,4;3,8;
2026/02/23;0800 UTC;0;964,8;965;964,7;0;18,5;17,7;18,6;18,4;17,7;17,6;96;95;96;58;6,8;3,8;
2026/02/23;0900 UTC;0;964,7;964,8;964,6;0;18,5;17,7;18,5;18,4;17,8;17,7;97;96;96;48;6,6;3,5;
2026/02/23;1000 UTC;0;964,9;965,1;964,7;70,9;18,5;17,9;18,8;18,4;18;17,8;97;96;97;52;5,2;2,8;
2026/02/23;1100 UTC;0;965,3;965,5;965,1;795;19,9;18,1;20,9;18,8;18,3;18;96;86;91;57;6,2;3,5;
2026/02/23;1200 UTC;0;965,5;965,7;965,4;1120,3;21,6;18,2;22,3;20,9;18,5;17,9;86;79;83;62;7,1;3,1;
2026/02/23;1300 UTC;0;965,4;965,6;965,3;1767,8;23,2;18,1;23,9;22,4;18,5;17,7;80;69;74;58;8,1;3,7;
2026/02/23;1400 UTC;0;965,3;965,6;965;2324;24,6;17,7;25,2;23,7;18,2;17,4;72;63;66;55;7,8;4;
2026/02/23;1500 UTC;0;964,8;965;964,6;3044,9;25,8;18;26,5;25,1;18,8;17,4;64;58;61;62;8,7;4,5;
2026/02/23;1600 UTC;0;964,2;964,6;963,8;3110,2;26,6;18,2;27,2;25,9;18,9;17,6;61;55;58;63;7,5;3,8;
2026/02/23;1700 UTC;0;963,3;963,7;963;2871,5;27,1;18,6;27,7;26,6;19,3;17,9;60;55;57;64;8,8;4,6;
2026/02/23;1800 UTC;0;962,4;962,9;961,9;2887,4;27,8;19,2;28,5;27,3;20,2;18,7;61;54;57;59;7,9;4,2;
2026/02/23;1900 UTC;0;961,4;961,9;961,1;1683,7;27,3;19,2;27,9;26,7;19,6;18,7;64;55;60;77;7,7;4;
2026/02/23;2000 UTC;0;960,9;961,2;960,6;820;26;18,6;26,6;25,4;19,3;17,7;64;61;63;73;8,6;3,7;
2026/02/23;2100 UTC;0;961,3;961,4;961,1;398,1;25;17,2;25,4;24,7;17,8;16,3;64;58;61;60;6,9;3,4;
2026/02/23;2200 UTC;0;961,1;961,4;960,9;151,6;24,1;16,8;24,7;23,4;17,5;16,2;70;58;64;78;5,7;2,7;
2026/02/23;2300 UTC;0;961,5;962;961,2;13,6;22,6;17,6;23,3;22,2;17,9;17,4;78;70;75;53;6,6;3,4;
2026/02/24;0000 UTC;0;962,2;962,3;962;0;21,9;17,7;22,3;21,6;17,9;17,5;80;77;79;56;6,2;3,8;
2026/02/24;0100 UTC;0;962,2;962,4;962;0;21,6;17,9;21,8;21,3;18,1;17,7;84;80;82;56;8,7;3,4;
2026/02/24;0200 UTC;0;961,7;962;961,5;0;21,1;18,3;21,3;20,9;18,5;18,1;88;84;86;62;5,9;3,2;
2026/02/24;0300 UTC;0;961,4;961,6;961,2;0;20,7;18,6;20,9;20,5;18,8;18,5;91;88;90;57;5,4;2,4;
2026/02/24;0400 UTC;0;961;961,2;960,6;0;20,5;19;20,6;20,4;19,1;18,8;94;91;92;57;5,4;2,6;
2026/02/24;0500 UTC;0;960,3;960,7;959,9;0;20,3;19,2;20,4;20,2;19,2;19,1;95;94;94;50;5;2,4;
2026/02/24;0600 UTC;0;959,9;960,1;959,7;0;20;19,2;20,2;19,8;19,3;19,2;97;95;96;248;2,3;,9;
2026/02/24;0700 UTC;0;959,7;959,9;959,6;0;19,8;19,3;19,8;19,7;19,3;19,2;98;97;98;310;1,7;,9;
2026/02/24;0800 UTC;0;959,6;959,8;959,6;0;19,9;19,4;20,1;19,7;19,6;19,3;98;97;98;280;3,1;1,4;
2026/02/24;0900 UTC;0;959,5;959,6;959,5;0;19,9;19,6;20,1;19,7;19,6;19,5;99;97;99;245;3,5;1,5;
2026/02/24;1000 UTC;0;959,6;959,8;959,4;39,5;19,6;19,4;19,8;19,4;19,5;19,3;99;99;99;133;1,8;,8;
2026/02/24;1100 UTC;0;960,1;960,4;959,7;503,6;20,2;19,8;21,1;19,4;20,4;19,3;100;94;98;253;4,6;2,2;
2026/02/24;1200 UTC;0;960,4;960,5;960,3;971,6;22,2;20;23,1;21,1;20,3;19,7;94;85;89;280;5,7;3;
2026/02/24;1300 UTC;0;960,4;960,5;960,3;1546,6;23,8;19,9;24,6;23,1;20,4;19,6;84;77;80;320;6,6;4,1;
2026/02/24;1400 UTC;0;960,4;960,6;960,3;729,6;23,2;20,7;23,8;22,8;21,1;20,3;91;83;87;320;5,1;2,9;
2026/02/24;1500 UTC;0;960,1;960,3;959,6;2299,9;24,3;20,7;26,2;23,2;21,9;20,3;87;75;82;297;5,4;2,9;
2026/02/24;1600 UTC;0;959,6;960;959,2;1160,3;24,9;20,9;26;23,4;21,5;20,5;86;76;80;314;6,1;3,5;
2026/02/24;1700 UTC;,6;959,8;960,3;959;92,8;22,1;20,4;23,4;20,3;21,1;19,2;95;86;92;232;6;2,5;
2026/02/24;1800 UTC;,2;958,7;959;958,6;769;20,2;19,4;21;19,9;20,1;18,9;97;90;96;156;3,8;2;
2026/02/24;1900 UTC;0;958,3;958,7;957,8;2302,6;23;19,9;25,6;21,1;20,8;19,2;93;71;84;300;4,7;2,6;
2026/02/24;2000 UTC;0;957,6;957,9;957,3;1792,7;24,7;19,3;25,7;23,7;20,8;18,7;76;69;73;314;5,6;2,8;
2026/02/24;2100 UTC;0;957,6;957,8;957,3;1032,9;23,9;19,1;24,6;23,1;19,7;18,4;82;69;76;319;5,9;3,1;
2026/02/24;2200 UTC;0;957,9;958,2;957,7;281,5;23;20;23,4;22,5;20,3;19,6;89;81;85;326;4,6;2,7;
2026/02/24;2300 UTC;0;957,9;958,1;957,6;5,3;22,1;20,3;22,5;21,7;20,4;20,2;92;89;91;314;3;1,4;
2026/02/25;0000 UTC;0;958;958,3;957,9;0;21,8;20,3;21,9;21,7;20,4;20,1;93;92;92;322;4,4;2,4;
2026/02/25;0100 UTC;0;958,8;959,3;958,3;0;21,7;20,6;21,9;21,6;20,7;20,4;95;93;94;305;3,2;1,7;
2026/02/25;0200 UTC;0;959,2;959,4;958,9;0;21,6;20,8;21,7;21,5;20,8;20,7;96;95;96;315;4,2;1,9;
2026/02/25;0300 UTC;0;959,2;959,6;958,8;0;21,3;20,6;21,8;21;20,8;19,9;99;92;96;158;4,5;2,4;
2026/02/25;0400 UTC;0;958,5;959,3;958,3;0;20,9;20;21,4;20,6;20,4;19,5;99;91;96;309;4,4;2;
2026/02/25;0500 UTC;0;958,2;958,4;958;0;20,7;20,6;20,7;20,6;20,7;20,4;100;99;99;313;3,2;1,8;
2026/02/25;0600 UTC;0;958,2;958,5;958;0;20,4;20,1;20,7;20;20,6;19,8;99;98;99;252;4,2;1,8;
2026/02/25;0700 UTC;0;958,5;958,6;958,4;0;20,2;19,7;20,3;20,1;19,8;19,6;98;97;97;193;3,9;2,1;
2026/02/25;0800 UTC;0;958,7;959,2;958,5;0;20;19,6;20,2;19,7;19,7;19,1;99;97;98;177;8,1;4,2;
2026/02/25;0900 UTC;0;959,4;959,8;959,2;0;19,2;18,5;19,7;19,1;19,1;18,3;97;96;96;175;8,5;5;
2026/02/25;1000 UTC;0;960,3;960,7;959,8;28,4;19,1;18,2;19,1;19,1;18,3;18,1;96;95;95;173;6,9;3,9;
2026/02/25;1100 UTC;0;961,1;961,3;960,7;117,9;19;18;19,1;18,8;18,2;17,8;96;95;95;172;9,1;4,9;
2026/02/25;1200 UTC;0;961,6;962;961,3;245,8;18,8;17,9;18,9;18,7;18,2;17,8;97;94;95;175;7,6;4,2;
2026/02/25;1300 UTC;0;962,3;962,5;961,9;631;19,2;18;19,9;18,7;18,4;17,4;98;89;94;175;8,7;4,9;
2026/02/25;1400 UTC;0;962,6;962,8;962,4;1148,7;20;17,6;20,5;19,4;18,1;17,2;93;83;88;177;9,3;5,7;
2026/02/25;1500 UTC;0;962,5;962,7;962,3;1219,4;20,2;17,2;20,8;19,6;18;16,7;92;81;85;176;7,6;4,4;
2026/02/25;1600 UTC;0;962,5;962,7;962,3;1381,5;20,2;16,7;21,3;18,9;17,3;16,2;89;75;83;155;7,6;4,3;
2026/02/25;1700 UTC;0;962,4;962,7;962,3;1492,3;20,1;16,5;20,7;18,9;17;16,1;87;78;82;176;6,8;3,9;
2026/02/25;1800 UTC;0;962;962,3;961,8;1883,5;21,2;16,6;22,2;20,6;17,5;16,1;82;71;77;162;5,6;2,5;
2026/02/25;1900 UTC;0;961,6;961,8;961,5;1820,3;22,3;16,4;22,8;21,5;17,1;15,3;75;64;71;165;5,7;3,1;
2026/02/25;2000 UTC;0;961,5;961,5;961,4;1671,9;22,7;15,6;23,4;22;16,3;14,9;68;61;64;161;6,1;3,7;
2026/02/25;2100 UTC;0;961,3;961,4;961,2;906,5;22,2;14,9;22,9;21,8;15,3;14,6;66;59;63;151;5,8;3,6;
2026/02/25;2200 UTC;0;961,3;961,4;961,2;272,6;20,8;15,3;22,1;19,5;15,7;14,9;80;67;73;134;4,5;2,5;
2026/02/25;2300 UTC;0;961,7;961,9;961,4;4;18,4;14,9;19,4;17,5;15,3;14,5;85;79;83;128;3,8;1,7;
2026/02/26;0000 UTC;0;962,3;962,7;961,9;0;16,9;14,5;17,4;16,4;14,7;14,3;91;85;88;129;5,2;2,2;
2026/02/26;0100 UTC;0;962,8;962,9;962,7;0;16,2;14,4;16,4;16;14,6;14,2;91;90;91;120;4,7;2,3;
2026/02/26;0200 UTC;0;963;963,1;962,9;0;16;14,1;16,1;15,9;14,3;13,7;91;89;90;125;6;3,2;
2026/02/26;0300 UTC;0;962,9;963;962,8;0;15,7;13,5;16;15,1;13,8;13,3;91;88;89;131;4,7;2,6;
2026/02/26;0400 UTC;0;963;963;962,9;0;14,6;13,2;15,1;14,2;13,3;13,1;95;91;93;145;1,7;,8;
2026/02/26;0500 UTC;0;962,8;963;962,6;0;14,2;13,3;14,4;13,8;13,5;13;96;95;95;147;2,7;1,1;
2026/02/26;0600 UTC;0;962,4;962,6;962,3;0;13,3;12,7;13,8;13;13,1;12,4;98;96;97;143;2,4;1,3;
2026/02/26;0700 UTC;0;962,2;962,3;962,2;0;12,9;12;13,1;12,7;12,5;11,7;97;94;96;143;2,1;1;
2026/02/26;0800 UTC;0;962,4;962,6;962,3;0;12,6;11,8;12,8;12,2;11,8;11,6;97;95;96;160;1,7;,9;
2026/02/26;0900 UTC;0;962,7;963;962,5;0;12,4;11,8;12,7;12,1;12;11,3;98;96;97;180;1,4;,6;
2026/02/26;1000 UTC;0;963,3;963,6;962,9;45;11,9;11,4;12,3;11,5;12;11;99;96;98;182;2,3;,9;
2026/02/26;1100 UTC;0;963,8;964,1;963,6;677;13,9;11,8;15,1;12,4;12,3;11,5;98;84;89;177;3,2;1,9;
2026/02/26;1200 UTC;0;964,3;964,5;964,1;1614,3;16;12,1;17;15,2;12,6;11,5;85;75;80;147;4,4;2,7;
2026/02/26;1300 UTC;0;964,7;964,8;964,5;1962,7;17,5;11,6;19,1;16,7;12,8;10,9;78;63;71;137;5,4;2,6;
2026/02/26;1400 UTC;0;964,9;965;964,8;2906,1;18,9;11,5;19,5;18,2;12,4;10,9;67;59;63;150;6,1;3,3;
2026/02/26;1500 UTC;0;964,8;964,9;964,6;2531,6;19,3;11,5;20,2;18,4;12,1;10,8;65;57;61;170;6,4;2,7;
2026/02/26;1600 UTC;0;964,4;964,6;964,2;2259,9;19,8;11,5;20,6;19,1;12,1;10,9;63;52;59;151;5,9;3,5;
2026/02/26;1700 UTC;0;964;964,3;963,7;3134,3;20,4;11,7;21,6;19,8;12,6;10,9;61;48;56;151;7,6;2,8;
2026/02/26;1800 UTC;0;963,4;963,7;963,1;2340,4;21;12,2;21,5;20,4;12,7;11,6;59;52;56;125;5,4;3,1;
2026/02/26;1900 UTC;0;962,9;963,1;962,7;1994,5;21;12,2;21,9;20,4;12,9;11,6;60;50;56;148;5,1;2,1;
2026/02/26;2000 UTC;0;962,6;962,8;962,5;2301,7;21,6;12,7;22;20,7;13,4;12;58;51;55;156;6,3;3,3;
2026/02/26;2100 UTC;0;962,7;962,8;962,6;969,6;20,6;12,3;21,6;19,9;13;12;63;53;59;127;5,2;2,5;
2026/02/26;2200 UTC;0;962,7;962,9;962,6;236,1;18,9;12,2;19,8;17,8;12,4;11,9;72;61;66;106;4,7;2,1;
2026/02/26;2300 UTC;0;963,2;963,6;962,9;3,1;16,9;11,9;17,7;16,1;12,3;11,7;79;72;75;124;3,3;1,6;
2026/02/27;0000 UTC;0;963,8;964,2;963,6;0;15,7;11,5;16,1;15,5;11,9;10,9;80;77;79;100;5;1,9;
2026/02/27;0100 UTC;0;964,3;964,5;964,2;0;15;10,7;15,4;14,7;11;10,2;81;76;79;114;2,6;1,4;
2026/02/27;0200 UTC;0;964,7;964,8;964,6;0;14,5;10,2;15;13,9;10,5;10;83;76;78;130;3,3;1,8;
2026/02/27;0300 UTC;0;964,8;964,9;964,7;0;13,1;10,7;13,9;12,5;10,9;10,4;92;83;88;93;2,4;,8;
2026/02/27;0400 UTC;0;964,3;964,7;964,2;0;12,2;10,7;12,7;11,8;10,9;10,1;94;89;92;71;2,5;,9;
2026/02/27;0500 UTC;0;964,2;964,4;964;0;11,2;10,5;11,8;10,6;11,4;9,8;99;93;96;58;2;1,2;
2026/02/27;0600 UTC;0;963,7;964;963,5;0;12,2;10,9;12,7;11,8;11,2;10,7;97;90;93;85;3,1;1,2;
2026/02/27;0700 UTC;0;963,5;963,6;963,3;0;12,6;10,7;12,8;12,4;10,9;10,6;92;90;91;119;3;1,6;
2026/02/27;0800 UTC;0;963,6;963,8;963,4;0;12,9;10,9;13;12,7;11;10,7;91;89;90;104;3,5;1,9;
2026/02/27;0900 UTC;0;964;964,3;963,6;0;12,5;10,9;13,2;12;11;10,7;95;89;92;142;2,4;1,5;
2026/02/27;1000 UTC;0;964,4;964,8;964,3;40,4;12;11;12,5;11,9;11,1;10,9;95;93;95;149;1,7;1;
2026/02/27;1100 UTC;0;965,2;965,6;964,8;701,2;14,3;11,3;16,3;12,5;12,2;11;93;77;85;130;1,8;1;
2026/02/27;1200 UTC;0;965,8;966,2;965,6;1559,7;17;11,7;17,9;16,2;12,3;11,2;78;68;73;150;4;2;
2026/02/27;1300 UTC;0;965,9;966,2;965,5;2468,7;18,5;12;19,3;17,6;12,7;11,5;73;63;67;90;6,8;3,5;
2026/02/27;1400 UTC;0;965,5;965,6;965,4;3156,2;20,2;11,6;21;19,2;12,5;10,9;66;50;57;127;6,3;3;
2026/02/27;1500 UTC;0;965,2;965,5;965;3593,6;21,4;11,5;21,9;20,5;12,7;10,1;59;44;51;116;5,2;2,8;
2026/02/27;1600 UTC;0;964,9;965,1;964,7;3747,8;22,2;12,3;22,7;21,7;13,3;11,3;55;45;50;130;5,7;2,6;
2026/02/27;1700 UTC;0;964,6;964,8;964,3;3667,1;23,1;12,3;23,9;22,5;13,6;11,1;52;41;46;114;5,2;2,3;
2026/02/27;1800 UTC;0;964,1;964,3;963,9;3351,1;23,7;12,4;24;23,4;13,6;11,2;51;37;43;85;5,1;2,7;
2026/02/27;1900 UTC;0;963,7;963,9;963,5;2779,1;24;12,6;24,6;23,6;13,4;11,4;47;37;43;125;5,8;2,7;
2026/02/27;2000 UTC;0;963,5;963,6;963,3;1982,4;24,1;13,3;24,5;23,7;14;12,6;49;42;46;88;6;2,5;
2026/02/27;2100 UTC;0;963,8;963,9;963,6;1096,4;23,5;13,4;24,1;23;13,8;13;52;47;49;115;5,7;3;
2026/02/27;2200 UTC;0;964,1;964,3;963,9;255,4;21,8;12,9;22,9;20,5;13,4;12,6;61;51;55;132;3,5;2,1;
2026/02/27;2300 UTC;0;964,6;964,8;964,3;2,9;19,3;13,3;20,4;18,4;13,9;12,7;77;62;70;111;4,7;2,7;
2026/02/28;0000 UTC;0;965;965,4;964,8;0;17,8;13,9;18,4;17,3;14,1;13,7;82;78;80;120;4,9;2,6;
2026/02/28;0100 UTC;0;965,6;965,7;965,5;0;16,9;14;17,3;16,6;14,2;13,8;88;82;85;93;5;2,4;
2026/02/28;0200 UTC;0;965,7;965,8;965,7;0;16,4;14,1;16,6;16,2;14,2;14,1;89;88;89;86;4,1;2,4;
2026/02/28;0300 UTC;0;965,6;965,8;965,4;0;15,8;14;16,2;15,6;14,1;13,9;92;89;91;78;4,4;2,1;
2026/02/28;0400 UTC;0;965;965,4;964,6;0;15,2;13,8;15,6;14,8;14;13,7;95;91;93;67;3,5;1,7;
2026/02/28;0500 UTC;0;964,4;964,5;964,3;0;14,6;13,8;14,9;14,4;13,9;13,7;97;95;96;61;3,3;1,8;
2026/02/28;0600 UTC;0;964,3;964,4;964,1;0;14,3;13,8;14,4;14,2;13,9;13,7;98;97;98;59;3,4;2,1;
2026/02/28;0700 UTC;0;964,3;964,4;964,3;0;14,1;13,7;14,3;14;13,9;13,6;99;98;98;67;2,7;1,7;
2026/02/28;0800 UTC;0;964,4;964,5;964,3;0;14;13,7;14,1;13,9;13,8;13,6;99;98;98;69;2,6;1,6;
2026/02/28;0900 UTC;0;964,5;964,9;964,3;0;13,6;13,2;14,2;12,6;13,8;12,1;99;96;98;109;1;,4;
2026/02/28;1000 UTC;0;965,2;965,4;964,9;40,1;13,5;13,4;14,1;12,8;13,8;12,6;100;99;99;64;2,5;1,4;
2026/02/28;1100 UTC;0;965,6;965,9;965,4;678,2;15,5;14,2;16,9;14,2;14,5;13,9;98;87;93;56;3,8;1,9;
2026/02/28;1200 UTC;0;966,2;966,5;965,9;1581,4;18,4;14,4;19,7;17;15;13,8;88;71;80;63;5,9;3,4;
2026/02/28;1300 UTC;0;966,5;966,6;966,4;2258,6;20,4;13,8;21,1;19,6;14,4;13;74;61;67;78;7,4;3,4;
2026/02/28;1400 UTC;0;966,3;966,4;966,2;3167,2;21,8;13,8;22,8;20,9;14,6;12,8;64;58;60;75;6,2;3,3;
2026/02/28;1500 UTC;0;966,1;966,2;965,9;3373,8;22,7;14,7;23,6;22;15,5;13,9;63;56;60;71;6,1;2,8;
2026/02/28;1600 UTC;0;965,7;965,9;965,5;3697,8;23,9;14,6;24,6;23,1;15,3;13,7;59;50;54;90;6,8;3,1;
2026/02/28;1700 UTC;0;965,5;965,7;965,2;2858,9;24,3;14,6;25,4;23,3;16,3;13,7;57;47;52;97;6,5;3,6;
2026/02/28;1800 UTC;0;965;965,3;964,8;2845,4;25;14,7;25,8;24,1;15,8;14,1;53;45;49;73;5,8;2,3;
2026/02/28;1900 UTC;0;964,5;964,8;964,2;2340,7;25,1;14,7;25,8;24,3;15,4;14;52;45;48;89;6,3;3,6;
2026/02/28;2000 UTC;0;964,2;964,3;964;1844,5;25;14,6;25,5;24,5;15,4;14,3;52;46;48;93;6,6;3,2;
2026/02/28;2100 UTC;0;964,3;964,5;964;1048;24,5;14,4;25,1;23,9;14,8;14;52;47;50;94;5,8;3,1;
2026/02/28;2200 UTC;0;964,5;964,6;964,4;226,7;22,6;13,3;23,9;21,4;14,2;12,6;57;51;54;103;5;2,9;
2026/02/28;2300 UTC;0;964,9;965,2;964,6;3,4;20,3;13,4;21,3;19,5;13,7;12,7;70;57;65;94;5,5;2,9;
2026/03/01;0000 UTC;0;965,6;966;965,2;0;18,7;13,4;19,4;18,2;13,8;13,3;78;70;74;93;5,2;2,7;
2026/03/01;0100 UTC;0;966,3;966,5;966,1;0;17,7;14,2;18,1;17,5;14,3;13,9;84;79;82;85;4,8;2,9;
2026/03/01;0200 UTC;0;966,5;966,6;966,5;0;17,2;14,4;17,5;16,9;14,5;14,3;88;84;86;81;4,9;2,2;
2026/03/01;0300 UTC;0;966,6;966,7;966,5;0;16,7;14,5;16,9;16,5;14,6;14,4;91;88;89;62;4,1;2,1;
2026/03/01;0400 UTC;0;966,4;966,5;966,3;0;15,7;14,4;16,5;15,4;14,6;14,2;96;91;94;73;2,2;1,3;
2026/03/01;0500 UTC;0;966,1;966,4;965,9;0;15,4;14,6;15,5;15,3;14,7;14,5;96;95;96;65;3,1;1,6;
2026/03/01;0600 UTC;0;965,7;965,8;965,6;0;15,6;14,7;15,8;15,3;14,8;14,5;97;94;95;76;4;2;
2026/03/01;0700 UTC;0;965,7;965,8;965,5;0;15,3;14,7;15,5;15,1;14,9;14,4;98;96;97;69;2,8;1,7;
2026/03/01;0800 UTC;0;965,5;965,6;965,4;0;15,5;14,9;15,6;15,3;15;14,7;98;97;97;81;3,5;1,6;
2026/03/01;0900 UTC;0;965,8;965,8;965,6;0;15,1;14,6;15,6;14,6;14,9;14,3;99;96;98;62;3,5;1,9;
2026/03/01;1000 UTC;0;966,2;966,5;965,8;36,3;14,5;14,3;14,9;14,1;14,9;13,9;100;98;99;63;2,2;1,3;
2026/03/01;1100 UTC;0;966,6;966,8;966,5;679,3;16,7;15,5;18,2;15;15,9;15;100;87;94;70;5,1;2,4;
2026/03/01;1200 UTC;0;967;967,2;966,8;1606,9;19,2;15,5;20,2;18,3;16,1;15,2;88;77;82;70;7,2;4,1;
2026/03/01;1300 UTC;0;967,3;967,5;967,2;2331,5;21;15,4;21,8;20,1;15,9;14,9;77;67;72;82;7;4;
2026/03/01;1400 UTC;0;967,4;967,5;967,2;2017,9;21,6;14,7;22,2;21;15,4;14,1;69;61;65;82;6,6;3,9;
2026/03/01;1500 UTC;0;966,9;967,2;966,6;3168,3;23,1;14,9;24,1;21,7;15,6;14,4;64;53;59;78;7,8;3,9;
2026/03/01;1600 UTC;0;966,4;966,8;966,1;3035;23,9;14,8;24,6;22,8;15,5;14,2;60;51;55;78;6,9;4,2;
2026/03/01;1700 UTC;0;965,9;966,1;965,6;2694,8;24,5;15;25,2;23,9;15,6;14,5;56;50;53;99;9,2;4,5;
2026/03/01;1800 UTC;0;965,3;965,6;964,9;3216,1;25,1;14,9;25,5;24,1;15,6;14,2;54;46;49;79;8,2;4,1;
2026/03/01;1900 UTC;0;964,7;965;964,5;2750,2;25,5;14,8;25,9;25,2;15,5;14;50;42;46;79;7,3;3,5;
2026/03/01;2000 UTC;0;964,5;964,6;964,3;1950,1;25,4;14,9;25,9;24,8;15,3;14,4;50;45;47;80;7,8;3,8;
2026/03/01;2100 UTC;0;964,2;964,3;964,1;1100,5;24,3;14,2;24,9;23,6;14,9;13,6;51;46;49;80;6,8;4;
2026/03/01;2200 UTC;0;964,2;964,3;964,1;252,2;22,3;13,8;23,6;21,1;14;13,5;65;50;57;81;6,8;3,7;
2026/03/01;2300 UTC;0;964,3;964,4;964,3;2;19,9;14,4;21;18,9;14,6;14,1;77;65;72;81;6,6;2,9;
2026/03/02;0000 UTC;0;964,7;965;964,5;0;18,3;14;18,9;17,9;14,3;13,6;79;77;78;82;6;3,1;
2026/03/02;0100 UTC;0;965,1;965,2;964,9;0;17,6;13,5;17,9;17,3;13,6;13,4;81;79;80;86;6,2;3,1;
2026/03/02;0200 UTC;0;964,9;965;964,8;0;17;14,1;17,3;16,6;14,5;13,5;89;81;85;75;7;3,3;
2026/03/02;0300 UTC;0;964,8;964,9;964,7;0;16,5;14,5;16,6;16,2;14,6;14,5;91;90;90;81;5;2,6;
2026/03/02;0400 UTC;0;964,5;964,7;964,3;0;16;14,4;16,2;15,7;14,6;14,4;94;91;92;64;5,3;2,8;
2026/03/02;0500 UTC;0;964,1;964,3;964;0;15,7;14,5;15,9;15,3;14,5;14,4;96;93;94;55;4,8;2,6;
2026/03/02;0600 UTC;0;963,9;964;963,9;0;15,1;14,4;15,3;14,8;14,5;14,2;97;96;97;58;4,2;1,8;
2026/03/02;0700 UTC;0;963,8;963,9;963,7;0;14,9;13,9;15,1;14,6;14,3;13,5;97;94;95;57;3,5;1,9;
2026/03/02;0800 UTC;0;963,7;963,8;963,6;0;14,5;13,4;14,7;14,2;13,5;13,3;96;94;95;53;3,4;1,9;
2026/03/02;0900 UTC;0;963,6;963,8;963,5;0;14,3;13,1;14,5;14,1;13,4;12,9;96;93;94;54;4,4;2,2;
2026/03/02;1000 UTC;0;963,9;964;963,7;33,5;14;12,9;14,4;13,8;13,1;12,7;95;93;95;58;4,9;2,7;
2026/03/02;1100 UTC;0;964,2;964,4;963,9;665,6;16,1;13,6;17,7;14,4;14,2;13,1;93;82;88;56;5,6;3;
2026/03/02;1200 UTC;0;964,3;964,4;964,2;1580,2;18,8;14,4;19,8;17,8;15;14,1;83;75;78;65;8,9;4,6;
2026/03/02;1300 UTC;0;964,4;964,5;964,3;2399,8;20,5;15,1;21,5;19,8;15,7;14,6;75;70;73;60;7,7;4,3;
2026/03/02;1400 UTC;0;964,2;964,4;964,1;3005,5;22,9;16,4;24,3;21,5;17,3;15,6;72;62;68;63;7,6;4,1;
2026/03/02;1500 UTC;0;963,7;964,1;963,3;3462,3;24,8;17,2;25,8;23,6;17,8;16,4;65;58;62;71;9,1;4,1;
2026/03/02;1600 UTC;0;963,1;963,4;962,7;3595,9;25,6;17,6;26,5;24,9;18,5;17,1;63;58;60;66;9,2;4,9;
2026/03/02;1700 UTC;0;962,4;962,8;962,1;2868,8;25,9;18;26,7;25,2;18,4;17,5;64;58;60;84;8,6;4,9;
2026/03/02;1800 UTC;0;961,8;962,1;961,4;3078,8;26,5;18,4;27,1;26;18,8;17,9;62;58;60;72;7,9;4,6;
2026/03/02;1900 UTC;0;961,2;961,4;961;2434,9;26,5;18,4;27;25,9;18,9;18;61;58;59;76;8,8;4,5;
2026/03/02;2000 UTC;0;961,1;961,2;960,9;1811,1;26,4;18,4;27,1;25,9;18,9;18,1;62;58;60;58;8;4,7;
2026/03/02;2100 UTC;0;961,1;961,2;961;1049,5;25,6;18,1;26,1;24,9;18,4;17,9;66;60;63;71;7,5;4,1;
2026/03/02;2200 UTC;0;961,3;961,4;961,1;254,8;23,8;17,7;24,9;22,7;18;17,4;74;66;70;74;7;3,8;
2026/03/02;2300 UTC;0;961,6;961,9;961,4;1,8;21,6;17,4;22,6;20,9;17,6;16,9;80;74;79;65;6,6;3,1;
2026/03/03;0000 UTC;0;962,2;962,5;961,9;0;20,4;16,9;20,8;20,2;16,9;16,8;83;80;82;59;7,3;4,1;
2026/03/03;0100 UTC;0;962,6;962,8;962,5;0;19,8;16,8;20,1;19,6;16,9;16,8;86;84;85;60;8;3,9;
2026/03/03;0200 UTC;0;962,9;963;962,8;0;19,3;16,9;19,6;19;16,9;16,8;89;87;88;52;7;4,1;
2026/03/03;0300 UTC;0;963;963,1;962,8;0;18,7;16,7;18,9;18,5;16,8;16,7;91;89;90;52;7,3;3,7;
2026/03/03;0400 UTC;0;962,6;962,8;962,4;0;18,3;16,7;18,5;18,2;16,7;16,7;93;91;92;56;6,3;3,2;
2026/03/03;0500 UTC;0;962,3;962,4;962,2;0;18,1;16,7;18,2;17,9;16,8;16,7;94;92;93;52;4,8;2,5;
2026/03/03;0600 UTC;0;962,5;962,5;962,3;0;17,7;16,7;17,9;17,5;16,8;16,6;96;94;95;59;6,8;3,2;
2026/03/03;0700 UTC;0;962,4;962,5;962,2;0;17,7;16,5;17,7;17,6;16,6;16,5;95;94;94;54;5,8;3;
2026/03/03;0800 UTC;0;962,3;962,4;962,2;0;17,6;16,7;17,7;17,5;16,9;16,5;97;94;96;52;5,5;3;
2026/03/03;0900 UTC;0;962,6;962,7;962,4;0;17,4;16,9;17,5;17,2;17;16,8;98;97;98;56;4,7;2,1;
2026/03/03;1000 UTC;0;962,8;962,9;962,7;35,1;17,2;16,8;17,5;17,1;16,9;16,8;99;97;98;53;5,8;2,9;
2026/03/03;1100 UTC;0;962,8;963,1;962,6;639,2;18,5;16,8;19,8;17,6;17;16,7;97;86;91;65;6,1;2,7;
2026/03/03;1200 UTC;0;963,1;963,4;963;1568,6;21;17,1;22;19,9;17,6;16,9;86;76;80;92;5,9;2,4;
2026/03/03;1300 UTC;0;963,4;963,6;963,2;2236;23,3;17,9;25,1;22,1;19;17,3;78;69;73;81;5,6;2,4;
2026/03/03;1400 UTC;0;963,3;963,6;963;2960,2;26,5;19;28;25;19,9;18,5;69;56;63;138;5,4;2,2;
2026/03/03;1500 UTC;0;962,8;963,1;962,4;3334,1;28,2;19,7;29,2;27,2;20,5;19;61;54;58;71;6,5;3,1;
2026/03/03;1600 UTC;0;962,2;962,5;962;3488,4;30;20,4;31;28,8;21,4;19,8;56;48;52;94;5,9;2,2;
2026/03/03;1700 UTC;0;961,9;962;961,8;3181,1;31;20,6;32,5;30,3;21,5;20,1;50;41;48;234;5,7;2,6;
2026/03/03;1800 UTC;0;961,4;961,7;961;2748,1;32,1;20,9;33;31,3;21,7;20,2;47;40;44;291;6,8;3,1;
2026/03/03;1900 UTC;0;960,7;961,1;960,4;2102,5;31,7;20,9;32,5;30,8;21,4;20,3;49;43;46;268;5,7;2,9;
2026/03/03;2000 UTC;0;960,6;960,8;960,4;866,7;30,8;20,8;31;29,6;21,3;20,3;58;48;50;140;4,9;1,6;
2026/03/03;2100 UTC;0;960,9;961;960,8;520,3;28,5;21;29,5;27,8;21,4;20,6;64;58;62;86;5,9;2,8;
2026/03/03;2200 UTC;0;961,1;961,4;960,7;161,1;26,6;20,4;27,8;25,1;20,7;19,8;74;64;69;91;5,1;2,6;
2026/03/03;2300 UTC;0;961,8;962,2;961,5;,4;24,1;19,2;25,1;23,5;19,8;18,7;76;74;75;70;6,5;3,2;
2026/03/04;0000 UTC;0;962,7;962,9;962,2;0;23;18,5;23,5;22,6;18,7;18,4;79;76;78;52;4,8;2,6;
2026/03/04;0100 UTC;0;962,9;963,1;962,6;0;22,2;18,2;22,5;21,7;18,5;17,8;81;80;80;51;4,2;2;
2026/03/04;0200 UTC;0;963,1;963,3;962,9;0;20,9;17,8;21,7;20,1;17,9;17,7;88;81;85;53;2,8;1;
2026/03/04;0300 UTC;0;963;963,2;962,7;0;20,3;17,7;20,6;20,1;17,8;17,5;89;85;87;52;4,5;2,6;
2026/03/04;0400 UTC;0;962,7;962,9;962,5;0;20,4;17,5;20,6;20,1;17,6;17,4;86;84;85;52;5,4;2,4;
2026/03/04;0500 UTC;0;962,7;962,9;962,5;0;19,5;17,3;20,1;18,7;17,4;17,2;92;86;89;252;1,3;,5;
2026/03/04;0600 UTC;0;962,5;962,7;962,3;0;18,8;17,1;19,2;18,5;17,2;16,9;93;89;91;87;3,5;1,3;
2026/03/04;0700 UTC;0;962,1;962,3;961,9;0;18,9;17;19,3;18,6;17,1;16,9;92;89;90;135;3,2;,7;
2026/03/04;0800 UTC;0;962,1;962,2;961,9;0;19,2;16,9;19,4;18,9;17;16,8;90;87;89;128;2,6;,5;
2026/03/04;0900 UTC;0;962,3;962,5;962,1;0;18,9;16,8;19;18,7;17,1;16,7;91;89;90;270;1,1;,6;
2026/03/04;1000 UTC;0;962,8;963;962,5;22;18,8;16,3;19,2;18,4;16,6;16,1;90;85;88;191;1,3;,4;
2026/03/04;1100 UTC;0;963,1;963,1;963;573,2;20,6;16,4;22,3;18,5;16,9;16,1;88;73;79;291;3,1;1,8;
2026/03/04;1200 UTC;0;963,1;963,2;963,1;1381;24;17,7;25,9;22,3;18,8;16,6;73;62;68;167;6,4;2,4;
2026/03/04;1300 UTC;0;963,4;963,6;963,1;1863,4;26,9;19,1;27,6;26,1;19,6;18,4;63;59;61;310;6,2;3,9;
2026/03/04;1400 UTC;0;963,8;964;963,6;2126,3;27,4;19,8;28,9;26,1;20,6;19,1;67;57;62;304;5,8;3,4;
2026/03/04;1500 UTC;0;964,3;964,6;963,9;707;26;19,5;28,2;24,2;20,3;18,9;75;60;67;188;8,4;4,6;
2026/03/04;1600 UTC;0;964,5;964,7;964,3;2512,4;24,8;19,4;25,9;23,7;20,5;18,8;81;68;73;168;8,7;5,5;
2026/03/04;1700 UTC;0;964,1;964,3;963,9;2950,3;26;19,6;26,9;25,1;20,1;19,2;71;64;68;167;8,4;5;
2026/03/04;1800 UTC;0;964,1;964,5;963,8;1110,6;24,6;19,5;25,3;24;19,9;19,2;78;70;75;139;7,2;3,5;
2026/03/04;1900 UTC;0;963,5;964,1;963,1;1172,8;24,3;19,3;25,1;23,7;19,6;18,9;78;71;75;106;6,6;4,2;
2026/03/04;2000 UTC;0;963,3;963,4;963,2;1690,6;25,4;19,8;25,9;24,9;20,6;19,4;78;69;72;81;6,9;3,9;
2026/03/04;2100 UTC;0;963,4;963,5;963,2;678,3;23,6;20,4;25;22,9;20,8;20;88;78;84;65;6,1;3,1;
2026/03/04;2200 UTC;0;963,1;963,3;963;210,6;22,4;19,6;23,3;21,4;20,5;18,8;87;84;86;65;5,4;1,9;
2026/03/04;2300 UTC;0;963,4;964;963,2;,1;20,8;18,5;21,4;20,6;18,8;18,2;90;87;89;116;3,3;2;
2026/03/05;0000 UTC;0;964,6;965,2;964;0;20;18,2;20,6;19,5;18,3;18;93;88;91;127;3,1;1,9;
2026/03/05;0100 UTC;0;965,4;965,5;965,2;0;19,5;18,4;19,6;19,4;18,6;18,2;95;93;94;122;3;1,8;
2026/03/05;0200 UTC;0;965,5;965,6;965,3;0;19,4;18,7;19,8;19,1;19,2;18,5;98;95;97;99;4,5;2,4;
2026/03/05;0300 UTC;0;965,6;965,7;965,3;0;20,1;19,5;20,2;19,8;19,7;19,2;97;97;97;84;4,7;2,5;
2026/03/05;0400 UTC;0;965,4;965,6;965,3;0;20;19,7;20,2;19,8;19,7;19,6;99;97;98;91;4;2,3;
2026/03/05;0500 UTC;0;965,1;965,3;964,9;0;19,8;19,6;19,9;19,7;19,7;19,4;99;98;99;80;4,8;2,2;
2026/03/05;0600 UTC;0;964,9;964,9;964,8;0;19,7;19,4;19,8;19,7;19,5;19,3;99;98;98;85;5,5;2,9;
2026/03/05;0700 UTC;0;964,8;964,9;964,7;0;19,6;19,4;19,7;19,6;19,5;19,3;99;99;99;85;5,4;3,1;
2026/03/05;0800 UTC;0;964,8;965;964,6;0;19,8;19,5;19,9;19,7;19,6;19,4;99;98;99;88;5,8;2,9;
2026/03/05;0900 UTC;0;965;965,1;964,9;0;19,9;19,5;19,9;19,8;19,6;19,5;99;98;98;83;6,3;2,4;
2026/03/05;1000 UTC;0;965,5;965,8;965,1;22,9;19,9;19,6;19,9;19,8;19,6;19,5;99;98;99;78;5,7;2,8;
2026/03/05;1100 UTC;0;966,1;966,4;965,8;141,1;20,2;19,5;20,4;19,9;19,6;19,4;98;95;97;81;5,2;2,6;
2026/03/05;1200 UTC;0;966,5;966,6;966,4;431,3;20,7;19,4;21,2;20,4;19,6;19,2;95;90;94;85;6,2;2,9;
2026/03/05;1300 UTC;0;966,9;967,1;966,6;906,1;21,8;19,2;22,2;21,3;19,7;18,7;91;83;87;100;6,4;3,5;
2026/03/05;1400 UTC;0;967;967,1;966,9;2629,7;23,8;18,8;25,1;22,1;19,4;18,2;84;70;75;82;7,2;4;
2026/03/05;1500 UTC;0;966,7;967;966,4;2787,6;24,8;18,7;25,8;23,9;19,4;18,2;74;65;70;96;7,1;4;
2026/03/05;1600 UTC;0;966,1;966,4;965,8;3374,7;25,9;18,8;26,7;25,2;19,7;18,2;67;61;64;94;7,3;4,4;
2026/03/05;1700 UTC;0;965,8;965,9;965,6;3500;26,9;18,6;27,5;26,5;19,3;18;63;54;58;89;7,9;4,5;
2026/03/05;1800 UTC;0;965,6;965,7;965,3;2487,8;26,7;18,7;27,5;25,7;19,6;18,2;64;56;60;102;8,2;4,5;
2026/03/05;1900 UTC;0;965,4;965,5;965,2;1952,6;26,3;18,6;27,1;25,5;19,1;18,1;65;59;61;102;8,5;4,5;
2026/03/05;2000 UTC;0;965,3;965,4;965,2;1698,7;26,2;18,3;26,8;25,2;18,9;17,8;63;58;61;107;8,2;4,1;
2026/03/05;2100 UTC;0;965,3;965,4;965,1;808,4;25;18,3;26,3;24,2;18,6;17,8;71;62;66;111;8;4,5;
2026/03/05;2200 UTC;0;965,8;966;965,4;140;22,8;18,9;24,1;21,8;19,2;18,4;84;71;80;107;7,4;4,4;
2026/03/05;2300 UTC;0;966,2;966,5;966;,3;21,5;18,5;21,8;21;18,6;18,4;87;83;85;103;5,8;3;
2026/03/06;0000 UTC;0;966,6;966,9;966,5;0;20,6;18,5;21;20,2;18,5;18,4;91;87;89;96;5,3;2,2;
2026/03/06;0100 UTC;0;967,1;967,3;966,9;0;19,9;18,5;20,2;19,7;18,6;18,4;95;91;93;107;4,5;2,4;
2026/03/06;0200 UTC;0;967,2;967,3;967,1;0;19,3;18,6;19,6;19,2;18,9;18,4;99;95;97;96;4,2;2,2;
2026/03/06;0300 UTC;0;967,2;967,2;967;0;19,2;19;19,3;19;19,1;18,8;99;99;99;100;4,1;2,4;
2026/03/06;0400 UTC;0;967,2;967,4;967;0;19,4;19,2;19,5;19,2;19,4;19,1;100;99;99;75;4,5;2,2;
2026/03/06;0500 UTC;0;966,6;967;966,2;0;19,6;19,5;19,7;19,6;19,5;19,4;100;99;99;89;6,6;3,4;
2026/03/06;0600 UTC;0;966,2;966,4;965,8;0;19,6;19,5;19,6;19,5;19,6;19,4;100;99;100;74;5,5;2,5;
2026/03/06;0700 UTC;0;965,7;965,9;965,5;0;19,6;19,5;19,6;19,5;19,6;19,4;100;99;100;81;5,3;2,9;
2026/03/06;0800 UTC;0;965,5;965,7;965,4;0;19,5;19,5;19,6;19,4;19,6;19,4;100;100;100;72;6,7;3;
2026/03/06;0900 UTC;0;965,7;965,9;965,4;0;19,4;19,4;19,5;19,4;19,5;19,4;100;100;100;80;5,6;3;
2026/03/06;1000 UTC;0;966,1;966,3;965,9;14;19,5;19,4;19,8;19,4;19,6;19,2;99;99;99;94;4,8;2,3;
2026/03/06;1100 UTC;0;966,4;966,5;966,3;185,5;20;19,9;20,3;19,8;20;19,6;100;98;99;72;8,5;3,9;
2026/03/06;1200 UTC;0;966,7;967;966,4;694,9;20,8;19,6;21,4;20,3;20;19,3;98;89;94;80;6,6;3,8;
2026/03/06;1300 UTC;0;966,9;967;966,7;1356,5;22,5;19,2;23,2;21,5;19,5;18,7;89;79;83;83;7,1;3,9;
2026/03/06;1400 UTC;0;966,6;966,9;966,3;1571,1;23,4;19,3;24,4;22,4;19,6;18,8;85;73;79;85;7,6;4,1;
2026/03/06;1500 UTC;0;965,9;966,3;965,5;2153,6;24,7;19,4;25,3;23,7;20,1;19;78;69;73;87;7,4;4,2;
2026/03/06;1600 UTC;0;965,6;965,7;965,4;2058,2;25,4;19,4;26,2;24,5;20;18,7;73;66;70;87;6,9;4;
2026/03/06;1700 UTC;0;965,3;965,5;965,1;2144,9;25,6;19,6;26,7;25;20,2;19,2;74;66;70;97;8,6;4,5;
2026/03/06;1800 UTC;0;964,7;965,1;964,2;2072,1;25,8;19,6;26,6;25,2;20,1;19,1;72;66;69;96;8,1;4,2;
2026/03/06;1900 UTC;0;964;964,3;963,6;2046;26,3;19,4;27;25,7;20;18,9;69;62;65;87;7,3;3,8;
2026/03/06;2000 UTC;0;963,2;963,6;962,9;1215,5;25,9;19,3;26,9;25;19,8;18,9;71;62;67;99;8,2;4,3;
2026/03/06;2100 UTC;0;963;963,1;962,9;522,1;24,2;19,5;25;23,4;19,8;18,8;82;69;77;101;7,8;4,2;
2026/03/06;2200 UTC;0;963,5;963,8;962,9;106,6;22,9;19,5;23,3;22,5;19,7;19,3;84;81;83;101;6,4;3,4;
2026/03/06;2300 UTC;0;963,6;964;963,3;0;22,1;19,5;22,5;21,6;19,6;19,4;90;85;87;102;7,5;4;
2026/03/07;0000 UTC;0;964,2;964,4;963,7;0;21,3;19,5;21,5;21,1;19,6;19,5;92;90;91;102;7,8;4,2;
2026/03/07;0100 UTC;0;964,7;965,3;964,1;0;21;19,8;21,1;20,8;20,1;19,6;97;92;94;83;6,8;3,1;
2026/03/07;0200 UTC;,8;965,1;965,3;964,9;0;20,5;20,1;20,8;20,4;20,2;20,1;99;97;98;79;5,6;2,7;
2026/03/07;0300 UTC;1,4;964,3;964,9;963,8;0;20,4;20,3;20,4;20,4;20,3;20,2;99;99;99;79;5,6;2,9;
2026/03/07;0400 UTC;,2;963,8;964,3;963,4;0;20,4;20,2;20,4;20,3;20,3;20;99;99;99;68;5;2,5;
2026/03/07;0500 UTC;,6;963;963,4;962,7;0;20,2;20;20,3;20,1;20,2;19,8;100;99;99;64;4,9;2,7;
2026/03/07;0600 UTC;0;962,5;962,8;962,1;0;20,1;19,8;20,1;19,9;19,9;19,7;99;98;99;63;4,1;2;
2026/03/07;0700 UTC;,2;961,8;962;961,4;0;19,9;19,7;19,9;19,8;19,8;19,7;100;99;99;65;4,1;2;
2026/03/07;0800 UTC;0;961,1;961,4;960,9;0;19,7;19,6;19,8;19,6;19,7;19,5;100;99;100;63;2,8;1,2;
2026/03/07;0900 UTC;0;961;961,2;960,9;0;19,7;19,7;19,8;19,7;19,8;19,6;100;100;100;53;2;,9;
2026/03/07;1000 UTC;0;961,2;961,4;961,1;7,1;19,8;19,8;19,9;19,7;19,9;19,7;100;100;100;156;1,4;,7;
2026/03/07;1100 UTC;,2;961,4;961,5;961,4;123;20;20;20,2;19,9;20,2;19,9;100;99;100;174;2;1,3;
2026/03/07;1200 UTC;0;961,8;962;961,6;187,1;20,3;20,1;20,4;20,2;20,2;19,9;99;98;99;221;3,5;,9;
2026/03/07;1300 UTC;2,4;962;962,3;961,8;375;20,3;19,4;20,4;20,1;20,1;18,7;99;92;96;187;4,7;2,1;
2026/03/07;1400 UTC;3;962,6;962,8;962,4;200,6;19,1;18,7;20,1;18;19,7;17,7;100;96;98;153;7,4;3,6;
2026/03/07;1500 UTC;1;962,2;962,5;962;523,5;18,2;18;18,6;18;18,5;17,8;100;99;99;166;6,6;3,7;
2026/03/07;1600 UTC;,6;962,4;962,7;962,1;655,4;18,6;18,3;19,1;18,3;18,9;18;99;98;99;169;7,6;3,6;
2026/03/07;1700 UTC;,4;962,5;962,6;962,4;1574,7;19,5;19,1;20,3;19;19,7;18,6;99;94;98;124;7,2;3,6;
2026/03/07;1800 UTC;0;962,3;962,6;961,9;2284,9;21,2;18,7;22,3;20,1;19,5;17,7;95;78;87;127;7,6;4,1;
2026/03/07;1900 UTC;0;961,8;962;961,3;2030,5;22,6;17,7;23,4;22,1;18,7;16,5;82;69;76;121;9;5;
2026/03/07;2000 UTC;,2;961,6;961,8;961,5;1616,5;22,5;16,4;22,8;21,8;17,1;15,7;75;65;69;125;7,7;4;
2026/03/07;2100 UTC;0;961,9;962,1;961,6;786,1;21,5;16,4;22,3;20,5;17,1;16;79;70;74;124;8,1;5,1;
2026/03/07;2200 UTC;0;962,3;962,6;962;165,1;19,5;16,9;20,6;18,3;17,6;16,1;94;78;87;148;5,1;2,9;
2026/03/07;2300 UTC;0;962,8;963,3;962,5;,3;18,3;17,5;18,4;18,1;17,7;17,1;97;94;96;131;5,8;2,7;
2026/03/08;0000 UTC;0;963,6;963,9;963,3;0;18,3;17,5;18,4;18;17,7;17,3;97;95;96;113;6,8;3,2;
2026/03/08;0100 UTC;0;964,3;964,7;964;0;17,9;17,6;18;17,6;17,8;17,1;99;97;98;121;6,2;3,3;
2026/03/08;0200 UTC;0;964,7;964,8;964,7;0;17,5;17,1;17,6;17,4;17,2;17;98;98;98;125;4,1;2,3;
2026/03/08;0300 UTC;0;964,8;964,9;964,6;0;17,3;17;17,4;17,1;17,1;16,9;99;98;99;123;3,6;2;
2026/03/08;0400 UTC;0;964,8;964,9;964,6;0;17,2;17,1;17,3;17,1;17,2;17;100;99;100;139;3,1;1,7;
2026/03/08;0500 UTC;0;964,5;964,6;964,4;0;17,3;17,3;17,5;17,2;17,5;17,2;100;99;100;106;4,9;2,9;
2026/03/08;0600 UTC;0;964,4;964,6;964,3;0;17,5;17,2;17,6;17,5;17,3;17,1;99;98;99;97;4,9;2,5;
2026/03/08;0700 UTC;0;964,2;964,3;964,2;0;17,5;17,3;17,6;17,5;17,5;17,2;100;99;99;100;4,6;2,4;
2026/03/08;0800 UTC;0;964,3;964,5;964,2;0;17,5;17,4;17,6;17,5;17,5;17,3;100;99;99;101;6,3;3,8;
2026/03/08;0900 UTC;0;964,8;965,1;964,5;0;17,5;17,2;17,6;17,3;17,3;16,9;99;98;98;101;6;3,6;
2026/03/08;1000 UTC;0;965,5;965,9;965,1;36,1;17,5;17;17,7;17,3;17,2;16,8;98;97;98;102;7,7;3,8;
2026/03/08;1100 UTC;0;966,4;966,8;965,9;425,7;18;17;18,2;17,7;17,1;16,8;97;94;95;102;8,6;4,5;
2026/03/08;1200 UTC;0;967,1;967,3;966,8;775,7;18,7;17;19,1;18,3;17,3;16,5;94;87;91;103;8,5;4,4;
2026/03/08;1300 UTC;0;967,6;967,8;967,3;1367,9;20;16,3;20,6;19;17,5;15,7;88;78;82;111;7,1;3,5;
2026/03/08;1400 UTC;0;967,9;968;967,8;1125,2;20,4;16,1;21,1;20;16,5;15,7;82;74;78;107;7,2;4,1;
2026/03/08;1500 UTC;0;967,8;968;967,7;1783,4;21,7;15,7;22,3;20,9;16,6;14,8;77;65;70;111;8,9;4,9;
2026/03/08;1600 UTC;0;967,4;967,7;967,1;2141,5;22,1;15,7;23,4;21,5;16,6;14,9;72;64;68;116;8,5;4,7;
2026/03/08;1700 UTC;0;967,5;967,6;967,3;1589,4;22;15,5;22,7;21,1;16,4;14,4;70;66;67;100;8,8;5,1;
2026/03/08;1800 UTC;0;967,3;967,5;967,1;1739,4;21,9;15,2;22,6;21,3;16;14,7;69;62;66;97;8,3;4,6;
2026/03/08;1900 UTC;0;966,9;967,1;966,7;1596,9;21,7;15,4;22,4;21,2;16;14,8;71;65;69;93;9,4;5;
2026/03/08;2000 UTC;0;966,6;966,7;966,4;1104,3;21,4;15,1;22,1;21,1;15,8;14,3;71;65;68;97;9;4,3;
2026/03/08;2100 UTC;0;966,4;966,6;966,3;702,9;21;14;21,4;20,4;14,7;13,3;68;62;65;109;8,9;5,3;
2026/03/08;2200 UTC;0;966,8;967,3;966,3;167;19,4;12,5;20,8;18,5;13,2;11,8;67;62;65;101;6,6;3,7;
2026/03/08;2300 UTC;0;967,7;968;967,3;0;17,6;11,8;18,4;17,2;12;11,6;74;66;71;101;6,2;3,3;
2026/03/09;0000 UTC;0;968,7;969,2;968;0;16,8;12,8;17,2;16,5;13,1;12,1;83;75;80;106;6,5;3,7;
2026/03/09;0100 UTC;0;969,5;969,7;969,1;0;16,3;12,6;16,5;16;13;12,4;83;81;82;111;6,3;3,5;
2026/03/09;0200 UTC;0;969,9;970;969,7;0;15,6;12,6;16;15,3;12,9;12,4;87;83;85;112;6,2;3,7;
2026/03/09;0300 UTC;0;970,1;970,3;969,9;0;15,5;13,1;15,6;15,4;13,2;12,9;89;87;88;107;7;4;
2026/03/09;0400 UTC;0;969,8;970,1;969,4;0;15,3;12,6;15,4;15,2;12,9;12,5;88;86;87;109;7,2;4;
2026/03/09;0500 UTC;0;969,5;969,8;969,3;0;15;12,4;15,2;14,6;12,5;12,3;89;86;87;119;4,1;2;
2026/03/09;0600 UTC;0;968,9;969,5;968,1;0;14,5;12,2;14,7;14,2;12,4;12,1;90;87;89;88;6,7;3,3;
2026/03/09;0700 UTC;0;968;968,3;967,5;0;14,5;12,1;14,6;14,4;12,3;11,9;89;87;88;77;6,6;3;
2026/03/09;0800 UTC;0;967,7;967,9;967,5;0;14,4;11,9;14,5;14,3;12,1;11,8;89;87;88;88;6;3,5;
2026/03/09;0900 UTC;0;968,6;969,2;967,8;0;14,2;11,8;14,5;14;11,9;11,6;89;86;88;114;5,4;2,4;
2026/03/09;1000 UTC;0;969,7;970,1;969,2;21,1;14,6;11,6;15;14,2;11,7;11,5;87;83;85;107;5,8;3,2;
2026/03/09;1100 UTC;0;970,3;970,6;970;246,2;15,7;11,9;16,4;15;12,2;11,6;83;78;81;90;7;3,5;
2026/03/09;1200 UTC;0;970,9;971,1;970,6;712,5;16,6;12,5;18,3;16,2;13,2;12,2;81;73;79;98;6,7;3,5;
2026/03/09;1300 UTC;0;971,1;971,2;971;1650,2;18,8;13,6;19,6;18;14,1;12,9;76;71;74;95;9,7;5;
2026/03/09;1400 UTC;0;971;971,3;970,8;2064,7;20,1;14,1;20,5;19,5;14,6;13,5;73;67;70;90;8,9;4,9;
2026/03/09;1500 UTC;0;970,4;970,8;970,2;2879,1;21;14,4;22,1;20,4;15;13,9;70;62;67;91;8,8;4,7;
2026/03/09;1600 UTC;0;970,1;970,3;969,9;2031,6;21,5;14,5;22,3;20,8;15;14;68;60;65;94;9,3;4,1;
2026/03/09;1700 UTC;0;969,9;970,1;969,8;1886;21,8;15;23,2;20,8;16,3;14,2;72;60;66;93;6,7;3,9;
2026/03/09;1800 UTC;0;969,7;969,9;969,5;1908,6;22;15,6;23,5;19,9;16,6;15,2;77;62;68;84;7,9;4,1;
2026/03/09;1900 UTC;0;969,6;969,7;969,5;915,6;20,1;15,2;20,5;19,7;15,7;14,8;79;73;75;76;8,6;4,2;
2026/03/09;2000 UTC;0;969,5;969,5;969,4;724,1;20,2;14,7;20,4;19,5;15,1;14,2;78;69;73;77;8,2;3,7;
2026/03/09;2100 UTC;0;969,3;969,4;969;555;19,3;15;19,7;18,9;15,3;14,5;82;75;79;85;7,5;4,2;
2026/03/09;2200 UTC;0;969;969,1;968,9;198,3;18,7;14,6;19,5;18;14,7;14,4;83;76;79;88;8,1;3,7;
2026/03/09;2300 UTC;0;969,3;969,4;969,1;,2;17,8;14,3;18;17,5;14,6;14,1;83;81;83;80;7,7;3,5;
2026/03/10;0000 UTC;0;969,7;970,1;969,4;0;17,4;14,2;17,6;17,3;14,3;14,1;85;83;84;77;7,7;3,7;
2026/03/10;0100 UTC;0;970,2;970,3;970,1;0;17,6;14,3;17,7;17,5;14,4;14,2;84;83;84;83;5,8;2,6;
2026/03/10;0200 UTC;0;970,1;970,2;970;0;17,4;14,4;17,6;17,4;14,5;14,3;85;84;85;89;5,4;3,1;
2026/03/10;0300 UTC;0;970,1;970,3;970;0;17,4;14,4;17,4;17,3;14,4;14,3;86;84;85;78;5;2,6;
2026/03/10;0400 UTC;0;970,1;970,3;969,9;0;17,2;14,6;17,3;17,1;14,7;14,4;88;86;87;87;5,8;3,3;
2026/03/10;0500 UTC;0;969,6;970;969,2;0;17,1;14,7;17,1;17,1;14,8;14,7;89;88;88;88;5,4;2,6;
2026/03/10;0600 UTC;0;969,1;969,2;968,9;0;17,1;14,7;17,2;17,1;14,8;14,6;89;87;88;84;6,3;3,3;
2026/03/10;0700 UTC;0;969;969,1;968,8;0;17;14,7;17,2;16,9;14,8;14,6;89;87;88;90;5,7;2,9;
2026/03/10;0800 UTC;0;969,1;969,2;969;0;16,9;14,7;16,9;16,8;14,9;14,7;91;89;89;90;7,1;3,4;
2026/03/10;0900 UTC;0;969,3;969,4;969,2;0;16,4;15,5;16,8;16,2;15,9;14,9;99;91;96;94;6,4;3,6;
2026/03/10;1000 UTC;0;969,7;970,1;969,4;6,7;16,3;16;16,4;16,2;16,1;15,9;99;98;98;99;6,5;3,8;
2026/03/10;1100 UTC;0;970,3;970,6;970,1;88,8;16,5;16,2;16,7;16,4;16,4;16,1;99;98;99;88;7,7;3,5;
2026/03/10;1200 UTC;0;970,7;970,9;970,6;205,9;16,9;16,6;17;16,7;16,8;16,3;99;97;98;94;6,8;3,5;
2026/03/10;1300 UTC;0;970,8;970,9;970,7;382,4;17,2;16,9;17,4;17;17;16,8;99;98;99;88;6,8;4;
2026/03/10;1400 UTC;,2;970,8;971;970,5;867,8;17,5;17;18,2;17,3;17,5;16,7;98;95;97;83;8,8;4,5;
2026/03/10;1500 UTC;0;970,4;970,6;970,1;1500,5;18,4;17,3;18,8;18,2;17,7;17;97;91;94;97;9,6;4,9;
2026/03/10;1600 UTC;0;969,7;970,1;969,5;1856,6;19,1;17,7;19,5;18,8;18,4;17,3;96;90;93;93;8,6;4,6;
2026/03/10;1700 UTC;0;969,5;969,7;969,3;1401,4;19,3;17,5;20;18,9;17,8;17,2;94;87;91;102;7,6;4,4;
2026/03/10;1800 UTC;0;969,2;969,4;969;999,3;19,5;17,5;20;19,2;17,8;17,3;93;88;90;104;7,4;4,6;
2026/03/10;1900 UTC;0;968,8;969,1;968,5;888,9;19,3;17,6;19,9;19,1;18;17,2;93;88;91;107;8,3;4,4;
2026/03/10;2000 UTC;0;968,4;968,6;968,3;688,1;19,3;17,7;20;18,7;18,1;17,4;97;87;92;121;7,3;3,9;
2026/03/10;2100 UTC;0;968,3;968,4;968,2;336,5;18,7;17,9;18,8;18,3;18,1;17,8;98;95;96;101;7,3;4,2;
2026/03/10;2200 UTC;0;968,3;968,4;968,3;38,8;18,1;17,9;18,3;18;18;17,8;99;98;99;104;7;3,7;
2026/03/10;2300 UTC;,6;968,4;968,6;968,3;0;17,9;17,8;18;17,7;17,9;17,7;100;99;99;103;7,2;4,2;
2026/03/11;0000 UTC;,2;968,5;968,8;968,3;0;17,6;17,6;17,7;17,6;17,7;17,6;100;100;100;99;7,7;4,2;
2026/03/11;0100 UTC;,4;968,8;969;968,6;0;17,5;17,5;17,6;17,5;17,6;17,5;100;100;100;89;7,9;4;
2026/03/11;0200 UTC;0;968,7;969;968,5;0;17,3;17,3;17,5;17,2;17,5;17,3;100;100;100;66;6,1;2,8;
2026/03/11;0300 UTC;,4;968,7;968,8;968,4;0;17,3;17,3;17,3;17,2;17,4;17,3;100;100;100;63;6,8;3,1;
2026/03/11;0400 UTC;0;968,2;968,4;968,1;0;17,3;17,3;17,3;17,3;17,4;17,3;100;100;100;72;5,5;2,7;
2026/03/11;0500 UTC;0;967,7;968,1;967,5;0;17,3;17,3;17,3;17,3;17,3;17,2;100;100;100;70;7,3;3,1;
2026/03/11;0600 UTC;0;967,3;967,5;967,1;0;17,4;17,3;17,4;17,3;17,4;17,2;100;99;100;65;4,5;2,6;
2026/03/11;0700 UTC;0;966,9;967,1;966,6;0;17,4;17,4;17,4;17,3;17,4;17,3;100;100;100;65;5,2;2,6;
2026/03/11;0800 UTC;0;966,5;966,6;966,3;0;17,5;17,5;17,7;17,3;17,7;17,3;100;100;100;77;4,2;2,3;
2026/03/11;0900 UTC;0;966,5;966,6;966,5;0;17,8;17,8;17,9;17,7;17,9;17,7;100;100;100;82;5,3;2,9;
2026/03/11;1000 UTC;0;966,7;966,9;966,6;3,2;17,9;17,9;18;17,9;18;17,8;100;100;100;84;4,8;2,1;
2026/03/11;1100 UTC;0;967,2;967,5;967;93,8;18,1;18,1;18,2;18;18,1;18;100;99;100;86;4,6;2,7;
2026/03/11;1200 UTC;0;967,6;967,7;967,4;380,2;18,5;18,3;19;18,2;18,5;18,1;99;96;99;76;6;3;
2026/03/11;1300 UTC;0;967,5;967,7;967,4;700,5;19,5;18,4;20;19,1;18,5;18,2;97;91;94;65;4,9;2,5;
2026/03/11;1400 UTC;0;967,2;967,5;966,9;1483;20,8;18,3;21,7;20;19,1;17,7;92;82;88;63;4,8;2,7;
2026/03/11;1500 UTC;0;966,6;966,9;966,3;1647,4;21,8;18,4;23,2;21,1;19,3;18;87;77;83;77;4,4;1,9;
2026/03/11;1600 UTC;0;966,1;966,3;965,9;1732;23;18,7;23,5;22,8;19,4;18,1;82;75;78;95;3,4;1,5;
2026/03/11;1700 UTC;0;965,7;965,9;965,5;2725,5;24,2;19,2;25,1;22,9;20,4;18,7;80;69;75;132;4,2;2,1;
2026/03/11;1800 UTC;0;965;965,4;964,6;2538,6;25,1;19,3;26;24,4;20,1;18,7;75;66;71;164;4,6;2,2;
2026/03/11;1900 UTC;0;964,3;964,6;964;1400,9;24,7;19,3;25,5;24,2;19,8;18,8;77;69;73;121;5,4;3;
2026/03/11;2000 UTC;0;963,8;964;963,6;1490,3;25,2;19,3;26;24;20,2;18,7;78;66;71;110;6,3;3,5;
2026/03/11;2100 UTC;0;963,9;964;963,7;679,8;24;19,5;24,4;23,6;19,9;19,2;81;75;77;87;5,1;2,6;
2026/03/11;2200 UTC;0;964,1;964,3;963,9;119,4;22,6;19,7;23,7;21,7;20,1;19,4;90;78;85;84;4,5;2,2;
2026/03/11;2300 UTC;0;964,4;964,6;964,2;0;21,2;19,7;21,7;20,7;19,9;19,4;94;90;93;70;6,2;2,3;
2026/03/12;0000 UTC;0;965,1;965,3;964,6;0;20,4;19;20,6;20,2;19,3;18,9;94;92;93;89;5,7;2,8;
2026/03/12;0100 UTC;0;965,3;965,5;965,2;0;19,9;18,9;20,2;19,8;19;18,8;95;94;95;78;4,8;2,3;
2026/03/12;0200 UTC;0;965,5;965,6;965,4;0;20;19;20;19,9;19,1;18,9;96;95;95;73;3,4;1,8;
2026/03/12;0300 UTC;0;965,5;965,6;965,4;0;19,6;18,9;19,9;19,4;19;18,8;98;96;97;57;4;2,3;
2026/03/12;0400 UTC;0;965,6;965,7;965,5;0;19,4;18,5;19,5;19,2;18,8;18,4;97;95;96;93;4,7;2,2;
2026/03/12;0500 UTC;0;965,2;965,7;964,8;0;19,1;17,9;19,4;18,8;18,5;17,7;96;94;94;76;2,9;1,6;
2026/03/12;0600 UTC;0;964,6;964,8;964,5;0;18,6;17,9;18,8;18,4;18,1;17,8;98;95;96;75;2,5;1,3;
2026/03/12;0700 UTC;0;964,7;964,7;964,7;0;18,8;18,1;19,1;18,6;18,2;18;97;95;96;116;3,8;2,1;
2026/03/12;0800 UTC;0;964,8;964,9;964,7;0;18,7;18,4;18,8;18,6;18,6;18,2;100;97;99;91;5,2;2,6;
2026/03/12;0900 UTC;0;965;965,2;964,9;0;18,6;18,6;18,6;18,5;18,6;18,6;100;100;100;81;4,8;2;
2026/03/12;1000 UTC;0;965,4;965,7;965,2;20,1;18,4;18,3;18,5;18,3;18,5;18,2;100;99;99;57;5,6;2,7;
2026/03/12;1100 UTC;0;965,9;966,1;965,6;239;18,8;18,1;19,4;18,5;18,2;18;98;94;97;59;4,4;2;
2026/03/12;1200 UTC;0;966;966,1;965,9;1249,4;20,6;17,9;21,8;19,4;18,5;17,3;94;80;86;51;5,9;2,9;
2026/03/12;1300 UTC;0;965,8;966;965,6;2107,2;22;18;22,9;21;18,4;17,5;85;75;80;71;5,5;2,8;
2026/03/12;1400 UTC;0;965,9;966;965,7;1870,8;22,8;18,1;23,7;22,2;18,7;17,5;81;73;77;116;5,4;3,2;
2026/03/12;1500 UTC;0;965,8;966;965,7;1734,6;22,7;17,7;23,9;21,7;18,4;17,1;78;70;75;123;7,9;4,4;
2026/03/12;1600 UTC;0;965,6;965,8;965,3;2614,6;23,2;17,6;24,1;22;18,3;17,1;77;68;72;128;7,1;4;
2026/03/12;1700 UTC;0;965;965,3;964,5;2856,9;23,4;17,5;24,2;22,2;18;16,9;76;66;70;111;7,3;4;
2026/03/12;1800 UTC;0;964,1;964,5;963,7;3078,3;24,8;17,4;25,4;23,9;18;17;68;59;63;115;6,3;2,8;
2026/03/12;1900 UTC;0;963,3;963,7;963;2510,1;25,3;17,3;25,8;24,8;17,7;16,8;63;58;60;111;6,5;3,5;
2026/03/12;2000 UTC;0;963;963,2;962,8;1637,4;24,1;17;25,6;22,7;17,4;16,5;70;58;65;147;7,8;4,5;
2026/03/12;2100 UTC;0;963,4;963,7;963,2;848,4;22,3;16,9;23,1;21,4;17,4;16,6;77;70;73;134;8,4;3,9;
2026/03/12;2200 UTC;0;963,8;964,1;963,7;110,8;20,5;16,8;21,9;19,6;17,1;16,6;86;76;82;135;7,2;3,3;
2026/03/12;2300 UTC;0;964,4;964,8;964;0;19,6;17,3;19,7;19,6;17,6;16,9;90;86;88;111;6,5;3,3;
2026/03/13;0000 UTC;0;965,1;965,3;964,7;0;19,2;17,7;19,6;18,9;17,9;17,5;94;91;93;106;7;3,5;
2026/03/13;0100 UTC;0;965,1;965,2;964,9;0;18,8;17,6;19;18,6;17,7;17,4;94;93;94;112;7,5;4,1;
2026/03/13;0200 UTC;0;964,9;964,9;964,8;0;18,4;17,3;18,5;18,4;17,5;17,2;95;94;94;99;5,2;3;
2026/03/13;0300 UTC;0;964,7;964,8;964,6;0;18,1;16,9;18,4;17,9;17,3;16,8;95;93;94;96;5,3;2,9;
2026/03/13;0400 UTC;0;964,4;964,6;964,1;0;17,9;16,7;18;17,6;16,8;16,5;96;94;94;91;3,9;1,7;
2026/03/13;0500 UTC;0;963,9;964,1;963,7;0;17,6;17,1;17,6;17,5;17,3;16,8;99;96;98;90;3,8;2;
2026/03/13;0600 UTC;0;963,8;964;963,6;0;17,5;17,1;17,5;17,3;17,3;16,9;99;98;98;104;2,7;1,5;
2026/03/13;0700 UTC;0;963,5;963,6;963,3;0;17,1;16,9;17,3;16,8;17;16,6;99;98;99;156;1,9;1;
2026/03/13;0800 UTC;0;963,3;963,4;963,2;0;16,9;16,8;16,9;16,8;16,9;16,6;100;99;100;130;2,5;1,2;
2026/03/13;0900 UTC;0;963,5;963,6;963,4;0;16,8;16,6;16,9;16,7;16,8;16,5;100;99;99;136;3,6;1,7;
2026/03/13;1000 UTC;0;963,8;964;963,6;20,5;16,7;16,5;16,8;16,7;16,6;16,4;99;99;99;147;4;2,1;
2026/03/13;1100 UTC;0;964,2;964,5;964;335,9;17,2;16,6;17,8;16,7;16,9;16,4;99;94;97;158;5,2;2,5;
2026/03/13;1200 UTC;0;964,7;964,9;964,4;1160,3;18,7;16,5;19,7;17,8;17;15,8;95;82;89;159;6,4;3,3;
2026/03/13;1300 UTC;0;965;965,1;964,9;2074,5;20,4;16,2;21,6;19,6;16,8;15,8;83;72;79;148;7,6;3,6;
2026/03/13;1400 UTC;0;965,1;965,3;965;1938,6;21;16,8;22,1;20,3;17,6;16,2;83;73;79;174;6,1;4;
2026/03/13;1500 UTC;0;964,7;965,1;964,3;2841,1;22,2;16,9;23,9;20,8;17,8;16,4;80;66;74;139;6,9;3;
2026/03/13;1600 UTC;0;964;964,3;963,8;2782,3;23,4;17,2;24,3;22,5;17,9;16,4;75;63;69;166;8,1;4,7;
2026/03/13;1700 UTC;0;963,7;963,9;963,4;3358,4;24;17,4;25,3;23,1;17,9;16,6;72;60;67;138;5,6;2,7;
2026/03/13;1800 UTC;0;962,9;963,4;962,6;2756,4;24,8;17,1;25,6;23,6;18;15,5;68;57;62;118;5,6;3,2;
2026/03/13;1900 UTC;0;962,3;962,6;962;2569;25,5;17,2;26,2;24,3;18,2;16,2;66;54;59;126;6,2;4;
2026/03/13;2000 UTC;0;962,2;962,3;962;1234,8;24,4;16,8;25,2;23,4;17,5;16,4;66;58;62;146;7,6;3,9;
2026/03/13;2100 UTC;0;962,5;962,6;962,3;718,5;23,5;16,4;24,1;22,8;16,8;16,1;68;61;64;141;6,4;3,5;
2026/03/13;2200 UTC;0;962,7;962,8;962,6;133,5;21,8;16,6;22,9;20,7;16,8;16,4;79;68;74;143;3,8;2,1;
2026/03/13;2300 UTC;0;962,8;963;962,7;0;19,9;16,6;20,6;19,1;16,7;16,4;88;79;83;133;3,4;1,9;
2026/03/14;0000 UTC;0;963,2;963,3;963;0;18,5;16,7;19,1;18,2;16,7;16,6;92;88;91;140;3,6;1,9;
2026/03/14;0100 UTC;0;963,4;963,5;963,3;0;17,7;16,8;18,2;17,5;17;16,6;97;93;95;133;2,5;1,4;
2026/03/14;0200 UTC;0;963;963,3;962,6;0;17,4;16,9;17,7;17;17;16,7;98;96;97;117;2,8;1,1;
2026/03/14;0300 UTC;0;962,6;962,7;962,4;0;17,1;16,9;17,3;16,7;17,3;16,4;100;98;99;131;4,1;2,3;
2026/03/14;0400 UTC;0;962,4;962,5;962,2;0;17,3;17,2;17,3;17,2;17,3;17;100;99;100;134;4,3;2,7;
2026/03/14;0500 UTC;0;962,1;962,3;961,9;0;17,4;16,9;17,6;17,2;17,1;16,8;99;97;98;144;5;2,3;
2026/03/14;0600 UTC;0;961,8;961,9;961,6;0;17,3;17;17,5;17,2;17,1;16,9;99;97;98;124;4,5;2,7;
2026/03/14;0700 UTC;0;961,9;961,9;961,7;0;17,1;16,9;17,2;17,1;17;16,7;99;98;99;153;3;1,9;
2026/03/14;0800 UTC;0;961,7;962;961,5;0;17,2;17,1;17,2;17,1;17,2;16,9;100;99;100;157;3,6;1,8;
2026/03/14;0900 UTC;,2;961,9;962,3;961,6;0;17,2;17,2;17,3;17,1;17,3;17,1;100;100;100;173;2,6;1,5;
2026/03/14;1000 UTC;,2;962,3;962,5;962,2;16,4;17,3;17,2;17,4;17,1;17,4;17,1;100;100;100;144;2,6;1,4;
2026/03/14;1100 UTC;0;962,7;963;962,5;310,2;17,6;17,5;18,2;17,4;18,1;17,3;100;98;99;141;1,4;,6;
2026/03/14;1200 UTC;0;963,1;963,2;962,9;688,7;18,6;17,3;19,1;18;17,9;16,4;99;87;94;136;4;1,6;
2026/03/14;1300 UTC;0;963,2;963,4;963,1;1248,5;19,7;16,8;20,3;19,1;17,6;16;92;79;86;146;4,2;2;
2026/03/14;1400 UTC;0;963,3;963,6;963;1590,3;20,7;16,4;21,4;20;17;15,7;84;74;79;135;3;1,1;
2026/03/14;1500 UTC;0;962,9;963,2;962,7;2976,3;22,6;16,6;24;21,5;17,5;15,9;80;63;70;148;3,8;2,3;
2026/03/14;1600 UTC;0;962,3;962,7;961,8;2708,2;23,6;16,3;24,9;22,4;17,1;15,8;70;55;64;200;4,5;2,3;
2026/03/14;1700 UTC;0;961,5;961,8;961,2;2568,6;24,8;16,6;26,1;23,4;17,8;15,8;65;54;59;187;5,1;1,5;
2026/03/14;1800 UTC;0;960,8;961,2;960,5;2628,9;25,6;16,4;26,5;24,6;17,2;15,5;59;49;54;142;5,5;2,5;
2026/03/14;1900 UTC;0;960,2;960,5;960;2386,8;26,1;16,6;26,8;25;17,5;16;57;49;53;137;4,2;1,9;
2026/03/14;2000 UTC;0;959,8;960;959,6;1594,4;26;16,4;26,7;25,2;17,3;15,8;56;49;52;149;4,1;2,3;
2026/03/14;2100 UTC;0;959,9;960,2;959,6;974,3;25,6;16,5;26,2;25,1;16,9;15,9;57;52;55;97;4,8;2,7;
2026/03/14;2200 UTC;0;960,1;960,3;960;160,7;23,6;16,5;25,3;22;17;16,2;72;56;64;118;3,5;1,7;
2026/03/14;2300 UTC;0;960,4;960,8;960,2;0;21,3;16,4;21,9;20,8;16,6;16,3;79;72;76;134;3,5;1,7;
2026/03/15;0000 UTC;0;961;961,3;960,7;0;20,5;17;20,8;20;17,6;16,5;88;79;83;124;3,6;1,8;
2026/03/15;0100 UTC;0;961,3;961,5;961;0;19,5;17,9;19,9;19,1;18;17,6;93;88;92;90;2,1;1;
2026/03/15;0200 UTC;0;961,7;961,9;961,4;0;18,6;17,6;19,1;18,2;17,7;17,3;97;93;95;127;2,4;1,1;
2026/03/15;0300 UTC;0;961,6;962;961,4;0;18,5;17,7;18,8;18,1;17,8;17,5;97;95;96;74;2,6;1,3;
2026/03/15;0400 UTC;0;961;961,4;960,6;0;17,9;17,5;18,1;17,6;17,6;17,4;99;97;98;60;2,8;1,1;
2026/03/15;0500 UTC;0;960,5;960,7;960,4;0;17,4;17,2;17,6;17;17,5;16,7;100;98;99;274;1,9;,9;
2026/03/15;0600 UTC;0;960,4;960,7;960;0;17,4;17,4;17,6;17,2;17,7;17,2;100;99;100;280;2,9;1,4;
2026/03/15;0700 UTC;0;959,9;960,2;959,6;0;17,4;17,4;17,6;17,3;17,6;17,4;100;100;100;230;2,7;1,2;
2026/03/15;0800 UTC;0;959,7;959,9;959,5;0;17,2;17,3;17,3;16,9;17,4;17;100;100;100;165;1,5;,5;
2026/03/15;0900 UTC;0;959,7;959,8;959,6;0;16,3;16,3;16,9;15,6;17;15,6;100;100;100;311;1,2;,6;
2026/03/15;1000 UTC;0;960,3;960,6;959,8;20,3;16;16;16,4;15,4;16,5;15,5;100;100;100;215;1,3;,7;
2026/03/15;1100 UTC;0;960,9;961;960,6;357,3;16,4;16,5;17,2;15,8;17,3;15,9;100;100;100;291;1,6;,8;
2026/03/15;1200 UTC;0;961,2;961,5;960,9;1245;18,4;17,9;20,2;17,2;18,5;17,3;100;91;98;223;3,6;1,9;
2026/03/15;1300 UTC;0;961,6;961,7;961,5;2191,7;22,5;17,9;24,4;20,3;18,5;17,4;91;65;77;298;5,4;2,8;
2026/03/15;1400 UTC;0;961,7;961,8;961,5;2653,9;24,8;17,3;25,8;24,1;18;16,7;68;57;63;240;4,5;2,1;
2026/03/15;1500 UTC;0;961,3;961,5;961,1;2934,5;26,1;16,8;27;25,1;17,6;16,2;61;47;54;223;4,3;1,1;
2026/03/15;1600 UTC;0;961;961,2;960,8;3471,3;27,6;16,7;28,6;27;17,7;16;50;42;46;154;4,6;2;
2026/03/15;1700 UTC;0;960,5;960,8;960,3;3313,3;28,5;17;29,4;27,5;17,8;16,3;47;38;42;240;5,2;2,2;
2026/03/15;1800 UTC;0;960;960,2;959,8;2993,3;29,3;17,6;30;28,6;18,6;16,9;44;39;41;270;4,4;1,5;
2026/03/15;1900 UTC;0;959,6;959,8;959,5;2400,9;29,8;18;30,6;29,1;18,6;17,5;43;38;41;185;3,4;1,7;
2026/03/15;2000 UTC;0;959,4;959,5;959,3;1323,9;29,3;18;30,3;27,4;19,1;17,4;54;40;44;80;6,1;3,1;
2026/03/15;2100 UTC;0;959,8;960;959,5;786,3;27,5;18,3;28,5;26,6;18,9;17,9;57;51;54;83;4,8;2,4;
2026/03/15;2200 UTC;0;960,3;960,6;960;148;25,7;17,8;26,9;24,5;18,2;17,6;66;56;61;92;4,6;2,4;
2026/03/15;2300 UTC;0;960,8;961,1;960,6;0;23,3;18,3;24,5;22,4;18,8;17,8;82;66;75;66;4,5;2,3;
2026/03/16;0000 UTC;0;961,5;961,9;961,2;0;21,9;18,6;22,4;21,3;18,8;18,2;84;82;83;74;5,9;3,3;
2026/03/16;0100 UTC;0;962,2;962,4;961,9;0;20,7;17,8;21,3;20,3;18,2;17,6;86;84;85;65;5,2;2,6;
2026/03/16;0200 UTC;0;962,4;962,5;962,3;0;20;17,6;20,3;19,6;17,7;17,5;90;86;88;57;5,9;3;
2026/03/16;0300 UTC;0;962,2;962,4;962;0;19,3;17,9;19,7;19;18,1;17,7;95;90;93;57;3,7;1,7;
2026/03/16;0400 UTC;0;961,8;961,8;961,8;0;18,1;17,9;18,1;18,1;17,9;17,9;99;99;99;53;2;1,5;
2026/03/16;0500 UTC;0;961,5;961,5;961,5;0;18;17,8;18;18;17,8;17,8;99;99;99;306;1,4;,6;
2026/03/16;0600 UTC;0;961,8;961,8;961,8;0;17,8;17,9;17,8;17,8;17,9;17,9;100;100;100;303;,8;,6;
2026/03/16;0700 UTC;0;961,6;961,6;961,6;0;17,8;17,8;17,8;17,8;17,8;17,8;100;100;100;314;1,6;1,2;
2026/03/16;0800 UTC;0;961,8;961,8;961,8;0;17,5;17,6;17,5;17,5;17,6;17,6;100;100;100;329;,8;,6;
2026/03/16;0900 UTC;0;962,2;962,2;962,2;0;17,3;17,4;17,3;17,3;17,4;17,4;100;100;100;241;,6;,3;
2026/03/16;1000 UTC;0;962,7;962,7;962,7;130,6;17,5;17,6;17,5;17,5;17,6;17,6;100;100;100;327;1,2;,7;
2026/03/16;1100 UTC;0;963;963;963;407,2;18,9;19;18,9;18,9;19;19;100;100;100;140;2,6;1,2;
2026/03/16;1200 UTC;0;963,3;963,3;963,3;1509,5;20,8;20,5;20,8;20,8;20,5;20,5;99;99;99;90;3,3;1,6;
2026/03/16;1300 UTC;0;963,4;963,4;963,4;2500,6;26,9;20,2;26,9;26,9;20,2;20,2;67;67;67;255;4;2,2;
2026/03/16;1400 UTC;0;963,4;963,4;963,4;3027,2;29,4;19,5;29,4;29,4;19,5;19,5;50;50;50;200;5,2;3,2;
2026/03/16;1500 UTC;0;962,7;962,7;962,7;3149,3;30,8;19,8;30,8;30,8;19,8;19,8;45;45;45;87;4,9;3;
2026/03/16;1600 UTC;0;962,2;962,2;962,2;3449,5;32,5;20,5;32,5;32,5;20,5;20,5;40;40;40;241;3,9;2,7;
2026/03/16;1700 UTC;0;961,9;961,9;961,9;2449,5;32,4;20,9;32,4;32,4;20,9;20,9;42;42;42;46;3,8;1,9;
2026/03/16;1800 UTC;0;961,6;961,6;961,6;2549,6;32,5;21;32,5;32,5;21;21;42;42;42;65;3,7;2,5;
2026/03/16;1900 UTC;0;961,1;961,1;961,1;2137,6;33,2;20,9;33,2;33,2;20,9;20,9;39;39;39;79;3,4;2,3;
2026/03/16;2000 UTC;0;961,1;961,1;961,1;637,1;30,8;21,4;30,8;30,8;21,4;21,4;53;53;53;80;5,3;2,9;
2026/03/16;2100 UTC;0;961,6;961,6;961,6;236,5;28,3;21,5;28,3;28,3;21,5;21,5;66;66;66;84;3,9;2,1;
2026/03/16;2200 UTC;0;962;962;962;0;26,1;23,1;26,1;26,1;23,1;23,1;85;85;85;75;4,2;1,5;
2026/03/16;2300 UTC;0;962,9;962,9;962,9;0;25;22,6;25;25;22,6;22,6;88;88;88;54;3,9;2;
2026/03/17;0000 UTC;0;963,3;963,3;963,3;0;24;22,3;24;24;22,3;22,3;91;91;91;54;4,1;3,1;
2026/03/17;0100 UTC;0;963,2;963,3;963,1;0;23,8;22,3;24;23,5;22,3;22,3;94;92;93;87;5,4;1,6;
2026/03/17;0200 UTC;0;963;963,2;962,8;0;23,3;22,3;23,4;23,1;22,4;22,3;96;94;95;158;4,8;1,4;
2026/03/17;0300 UTC;0;963;963,2;962,8;0;22,9;22,3;23,1;22,7;22,3;22,1;98;96;97;106;3,7;1,8;
2026/03/17;0400 UTC;0;962,8;962,9;962,5;0;22,5;21,9;22,7;22,4;22,1;21,7;98;96;97;49;4,2;2;
2026/03/17;0500 UTC;0;962,5;962,6;962,4;0;22,4;21,4;22,4;22,4;21,7;21,2;96;94;95;60;5,2;3;
2026/03/17;0600 UTC;0;962,2;962,4;962,1;0;22,1;21,1;22,3;21,9;21,2;21;96;94;95;56;3,4;1,8;
2026/03/17;0700 UTC;0;961,9;962;961,9;0;21,6;21;21,9;21,4;21,1;21;98;96;97;185;1,6;,5;
2026/03/17;0800 UTC;,2;961,8;962,1;961,7;0;21,4;21,1;21,5;21,3;21,2;21;99;98;99;321;1,4;,8;
2026/03/17;0900 UTC;,2;962,3;962,5;962,1;0;21,2;21,1;21,4;21,2;21,2;21;99;99;99;55;4;2,1;
2026/03/17;1000 UTC;0;962,6;962,8;962,4;1;21,2;21;21,2;21,1;21,1;21;99;99;99;55;3,7;2,1;
2026/03/17;1100 UTC;,2;963;963,2;962,8;50,7;21,2;21,1;21,3;21,2;21,2;21;100;99;99;58;4,9;2,4;
2026/03/17;1200 UTC;0;963,3;963,8;962,9;178,7;21,4;21,3;21,6;21,3;21,4;21,2;100;99;99;82;3,3;1,5;
2026/03/17;1300 UTC;0;963,5;963,9;962,8;428,1;21,9;21,5;22,4;21,6;21,7;20,7;99;92;98;77;4;2,3;
2026/03/17;1400 UTC;,2;962,9;963,4;962,7;514,5;22,6;21;23;22,2;21,5;20,5;97;88;92;102;5,1;1,9;
2026/03/17;1500 UTC;0;963,1;963,5;962,6;629,9;22,6;21,9;23,3;22,2;22,1;21,6;98;92;96;53;4,3;2,5;
2026/03/17;1600 UTC;0;961,9;962,5;961,5;1900;24,6;21,7;25,7;23,2;22,5;20,8;94;76;86;110;6,2;2,9;
2026/03/17;1700 UTC;0;961,3;961,6;961,1;1370,8;25,7;20,7;26,1;25,5;21,7;20;81;71;75;148;5,6;1,9;
2026/03/17;1800 UTC;0;961,1;961,3;961;1412,8;25,8;21,2;26,4;25,3;21,9;20,2;80;73;77;183;5,2;2,1;
2026/03/17;1900 UTC;0;960,8;961,1;960,5;1767;26,8;21,4;27,9;26,2;22,1;21;76;70;73;165;7,2;2,5;
2026/03/17;2000 UTC;0;960,5;960,6;960,2;841,1;25,9;21,3;26,6;25,2;21,7;21;81;75;77;157;7,3;2,2;
2026/03/17;2100 UTC;0;960,3;960,7;960;360,5;24,7;20,4;25,3;23,7;21,2;19,8;80;76;78;199;5,5;2,2;
2026/03/17;2200 UTC;0;960,6;960,9;960,5;25,3;22,9;19,9;23,7;22,4;20,2;19,7;89;80;85;306;5,9;2,8;
2026/03/17;2300 UTC;0;961,2;961,4;961;0;22;20,3;22,3;21,8;20,5;20,1;94;89;92;276;4,4;2,1;
2026/03/18;0000 UTC;0;961,7;962;961,4;0;21,6;20,5;21,8;21,4;20,5;20,5;95;94;94;189;4,8;1,7;
2026/03/18;0100 UTC;0;962,2;962,7;961,9;0;21,5;20,4;21,7;21,4;20,5;20,3;95;94;94;261;4,8;1,6;
2026/03/18;0200 UTC;,2;962,9;963;962,7;0;21,7;20,8;21,8;21,6;21,3;20,4;98;94;96;191;2,4;1,1;
2026/03/18;0300 UTC;0;962,4;962,6;962,1;0;21,7;21,5;21,7;21,6;21,7;21,3;100;98;99;179;2,4;,9;
2026/03/18;0400 UTC;,2;962,1;962,5;961,9;0;21,9;21,8;22;21,7;21,9;21,7;100;99;100;160;4,4;1,6;
2026/03/18;0500 UTC;0;961,6;962;961;0;21,8;21,6;21,9;21,6;21,8;21,5;99;99;99;175;4,1;1,4;
2026/03/18;0600 UTC;0;960,9;961,1;960,5;0;21,7;21,6;21,8;21,6;21,7;21,5;100;99;99;240;3,9;1,4;
2026/03/18;0700 UTC;0;960,6;960,8;960,5;0;21,5;21,3;21,7;21,4;21,5;21,2;99;98;99;215;3,2;1,3;
2026/03/18;0800 UTC;0;960,6;960,8;960,6;0;21,4;21,2;21,5;21,4;21,3;21,1;99;99;99;134;2,5;1;
2026/03/18;0900 UTC;0;961;961,4;960,6;0;21,1;21;21,4;21;21,2;20,9;100;99;100;322;4,5;2,3;
2026/03/18;1000 UTC;0;961,7;962;961,4;5,8;21,1;21;21,3;21;21,2;20,9;100;99;100;321;5,3;3,3;
2026/03/18;1100 UTC;0;962,3;962,5;962;68;21,3;21,3;21,4;21,3;21,5;21,1;100;99;100;315;4,6;2,5;
2026/03/18;1200 UTC;,2;962,5;962,5;962,4;239,3;21,7;21,7;22,1;21,4;21,9;21,5;100;98;100;303;4,6;2,5;
2026/03/18;1300 UTC;0;962,6;962,8;962,4;437,6;22,4;21,8;22,7;22,1;22;21,6;99;95;97;257;4;1,7;
2026/03/18;1400 UTC;0;962,9;963;962,7;589,8;23;21,7;23,6;22,5;22;21,5;97;90;94;220;4,5;1,6;
2026/03/18;1500 UTC;0;963;963,1;962,9;677,6;23,3;21,6;23,9;23;21,8;21,4;94;88;91;211;7,4;3;
2026/03/18;1600 UTC;0;962,8;963,1;962,7;1533,6;24,6;21,6;25,9;23,4;22,1;21,1;92;78;85;190;7,2;4,1;
2026/03/18;1700 UTC;0;962,7;963;962,3;1712,8;23,8;21,5;25,5;22,6;22,2;21;94;78;88;180;7;3,9;
2026/03/18;1800 UTC;0;962,4;962,8;962,2;1468,7;24,5;20,8;26,3;21,9;21,5;20,5;94;73;81;153;9,3;4,3;
2026/03/18;1900 UTC;0;962,8;962,9;962,7;664,8;22,2;21;22,6;21,7;21,3;20,7;97;91;94;150;7,7;4,2;
2026/03/18;2000 UTC;0;962,9;963;962,7;740,4;22,7;20,4;23;22,3;20,8;20,1;93;87;89;151;7,5;3,9;
2026/03/18;2100 UTC;0;962,9;963,1;962,8;189;21,8;20,5;22,8;21,2;20,8;20,1;98;87;93;151;7,5;4,2;
2026/03/18;2200 UTC;0;963,2;963,4;963,1;69,4;21,2;20,2;21,4;20,9;20,8;19,6;97;93;95;159;7,8;3,3;
2026/03/18;2300 UTC;0;963,5;963,8;963,4;0;20,6;20;20,9;20,4;20,1;19,9;98;95;97;157;8,4;3,9;
2026/03/19;0000 UTC;0;964;964,3;963,8;0;20,3;20;20,4;20,2;20,1;19,8;98;98;98;151;8;4,5;
2026/03/19;0100 UTC;,2;964,4;964,5;964,3;0;20;20;20,2;19,9;20,1;19,9;100;99;100;149;7,6;3,7;
2026/03/19;0200 UTC;,2;964,5;964,5;964,4;0;19,7;19,7;19,9;19,4;20;19,5;100;100;100;154;8,5;3,7;
2026/03/19;0300 UTC;,2;964,4;964,5;964,3;0;19,2;19,3;19,4;19;19,5;19;100;100;100;146;7,6;4,1;
2026/03/19;0400 UTC;0;964,2;964,3;964,1;0;18,9;18,9;19;18,8;19;18,9;100;100;100;151;7;4;
2026/03/19;0500 UTC;,2;963,9;964,1;963,8;0;18,7;18,8;18,8;18,5;18,9;18,6;100;100;100;149;6,3;3,4;
2026/03/19;0600 UTC;0;963,6;963,9;963,3;0;18,3;18,4;18,5;18,1;18,6;18,2;100;100;100;146;8,2;4,4;
2026/03/19;0700 UTC;0;963;963,3;962,8;0;18;18,1;18,1;17,9;18,2;18;100;100;100;147;7;3,5;
2026/03/19;0800 UTC;0;962,9;963,1;962,7;0;17,8;17,9;17,9;17,8;18;17,9;100;100;100;154;7,2;3,2;
2026/03/19;0900 UTC;0;963,2;963,2;963,1;0;17,8;17,9;17,9;17,8;17,9;17,9;100;100;100;150;5,7;3;
2026/03/19;1000 UTC;0;963,3;963,5;963,1;7,7;17,8;17,9;17,9;17,8;18;17,9;100;100;100;144;5,9;2,7;
2026/03/19;1100 UTC;,2;963,7;964,1;963,4;147,8;18;18,1;18,2;17,9;18,2;18;100;100;100;148;6,1;3,2;
2026/03/19;1200 UTC;0;964,3;964,4;964,1;327,8;18,3;18,4;18,5;18,1;18,6;18,2;100;100;100;138;4,9;2,5;
2026/03/19;1300 UTC;0;964,4;964,5;964,2;728,5;18,9;18,9;19,4;18,4;19,4;18,5;100;99;100;139;5,8;3,1;
2026/03/19;1400 UTC;0;964,3;964,4;964,2;1128,6;19,8;19,4;20,6;19,4;19,9;19,1;100;94;98;139;4,1;2,4;
2026/03/19;1500 UTC;0;964;964,2;963,8;1498,4;21,4;19,3;22,3;20,7;19,9;18,7;94;83;89;88;4,8;2,3;
2026/03/19;1600 UTC;0;963,6;963,8;963,4;2574,6;23,5;18,6;24,7;22,3;19,7;17,1;85;64;75;98;4,7;2,1;
2026/03/19;1700 UTC;0;963;963,4;962,6;2329,1;24,7;18,1;25,7;23,6;19,1;17,1;75;62;67;104;5,2;2,2;
2026/03/19;1800 UTC;0;962,2;962,6;961,8;2713,2;26;17,9;27;25;19,1;17,1;64;54;59;134;4,8;2,8;
2026/03/19;1900 UTC;0;961,4;961,8;961,1;2014,5;26,3;17,9;27,2;25,3;18,7;17,5;64;53;58;119;5;2,6;
2026/03/19;2000 UTC;0;961,1;961,2;961,1;1344,7;26;17,9;26,9;24,8;18,5;17,5;66;54;60;96;7,4;4,2;
2026/03/19;2100 UTC;0;961,1;961,2;961;561,2;24,8;17,7;25,5;23,9;18,2;17,1;67;59;65;109;6,1;3,7;
2026/03/19;2200 UTC;0;961,4;961,5;961,2;97,3;23;17,9;24,4;21,8;18,1;17,7;82;67;75;110;3,4;1,8;
2026/03/19;2300 UTC;0;961,5;961,7;961,4;0;21,1;18,3;21,7;20,5;18,4;18,1;89;82;86;108;5,4;2,9;
2026/03/20;0000 UTC;0;962;962,2;961,7;0;20,1;18,3;20,5;19,7;18,4;18,3;93;89;91;101;4,6;2,1;
2026/03/20;0100 UTC;0;962,3;962,4;962,2;0;19,7;18,6;19,8;19,6;18,8;18,4;96;94;95;88;5,4;2,7;
2026/03/20;0200 UTC;0;962,6;962,7;962,4;0;19,7;19,1;19,8;19,6;19,4;18,8;98;96;97;64;3,9;1,7;
2026/03/20;0300 UTC;0;962,6;962,7;962,5;0;19,9;19,4;20;19,8;19,5;19,2;98;97;97;62;5,5;2,6;
2026/03/20;0400 UTC;0;962,4;962,6;962,3;0;19,6;19,1;19,8;19,4;19,3;19;98;97;98;55;6,2;2,9;
2026/03/20;0500 UTC;0;962,3;962,5;962,2;0;19,3;18,7;19,4;19,2;19;18,5;98;96;97;67;4,5;2,2;
2026/03/20;0600 UTC;0;962,3;962,4;962,1;0;19,1;18,7;19,2;19;18,8;18,5;98;97;98;67;3,7;1,7;
2026/03/20;0700 UTC;0;962,2;962,3;962;0;18,8;18,5;19,1;18,5;18,7;18,3;100;98;99;62;2,9;1,5;
2026/03/20;0800 UTC;0;962,2;962,3;962,1;0;18,7;18,5;18,8;18,6;18,6;18,3;100;98;99;52;4;1,7;
2026/03/20;0900 UTC;0;962,5;962,7;962,3;0;18,5;18,4;18,6;18,5;18,5;18,3;100;98;99;62;4;1,8;
2026/03/20;1000 UTC;0;962,7;963;962,5;5,3;18,3;18,4;18,5;18,1;18,5;18,2;100;100;100;61;3;1,7;
2026/03/20;1100 UTC;0;963,1;963,2;963;241,9;18,4;18,5;18,8;18,2;18,8;18,2;100;100;100;69;5,4;2,3;
2026/03/20;1200 UTC;0;963,6;963,8;963,2;827,2;19,5;18,5;20,8;18,8;18,9;18,2;100;88;95;67;6;2,9;
2026/03/20;1300 UTC;0;963,8;964;963,7;1381;21,4;18,2;22,1;20,9;18,5;18;88;80;84;68;6,9;3,4;
2026/03/20;1400 UTC;0;963,8;964;963,5;1510,5;22,5;18,5;23,7;21,8;19;18;83;76;80;61;6;2,9;
2026/03/20;1500 UTC;0;963,1;963,5;962,7;2711,9;24,7;18,8;25,8;23,7;19,4;18,3;76;66;71;81;8,2;3,6;
2026/03/20;1600 UTC;0;962,3;962,7;961,8;2935,7;26,1;18,9;27,6;25,2;19,6;18,5;70;58;64;88;8,1;3,9;
2026/03/20;1700 UTC;0;961,5;961,7;961,1;2550,3;27,3;19,1;28,8;26,4;20;18,4;62;56;59;86;7,2;3;
2026/03/20;1800 UTC;0;960,7;961,2;960,3;2861,9;28,4;19,2;29,2;27,5;19,9;18,5;58;50;54;64;8,6;3,6;
2026/03/20;1900 UTC;0;960,1;960,4;959,9;1776,5;28,3;18,9;29,1;27,6;19,5;18,5;57;49;53;76;7,9;3,8;
2026/03/20;2000 UTC;0;959,7;959,9;959,6;1342,5;28,1;19,2;28,6;27,3;19,7;18,6;60;51;56;72;7,2;3,6;
2026/03/20;2100 UTC;0;959,9;960,2;959,7;434,8;26,3;19,4;27,4;25,1;19,7;19,3;71;61;66;79;6,4;3;
2026/03/20;2200 UTC;0;960;960,2;959,9;74,1;24,1;19,3;25;23;19,4;19,2;81;72;76;68;7;2,8;
2026/03/20;2300 UTC;0;960,1;960,4;960;0;22,2;19,6;23;21,6;20,1;19,2;92;81;87;73;6,8;3,3;
2026/03/21;0000 UTC;0;960,5;960,8;960,4;0;21,5;20,4;21,6;21,3;20,4;20,2;95;93;94;62;8,1;3,9;
2026/03/21;0100 UTC;0;960,9;961,1;960,6;0;21,2;19,8;21,4;21;20,3;19,3;95;92;93;55;7,9;4,8;
2026/03/21;0200 UTC;0;961,1;961,2;960,9;0;20,9;19,2;21;20,7;19,3;19;92;91;91;57;7,9;4,3;
2026/03/21;0300 UTC;0;960,9;961,1;960,7;0;20,6;18,8;20,7;20,4;19;18,6;91;91;91;55;8,4;3,9;
2026/03/21;0400 UTC;0;960,5;960,8;960,3;0;20,2;18,5;20,4;20;18,6;18,5;93;91;91;59;7;3,1;
2026/03/21;0500 UTC;0;959,9;960,4;959,5;0;19,7;18,4;20;19,4;18,5;18,4;95;93;94;53;6,2;3;
2026/03/21;0600 UTC;0;959,2;959,6;958,8;0;19,5;18,3;19,6;19,4;18,4;18,3;95;94;94;59;7,3;3,3;
2026/03/21;0700 UTC;0;958,6;958,9;958,4;0;19,6;18,3;19,6;19,5;18,3;18,2;94;93;94;97;6,4;2,4;
2026/03/21;0800 UTC;0;958,8;958,9;958,6;0;19,5;18,4;19,6;19,4;18,4;18,3;95;94;95;93;6,3;2,1;
2026/03/21;0900 UTC;0;958,8;959;958,6;0;19,3;18,2;19,5;18,9;18,3;18,1;97;93;95;90;5,2;1,7;
2026/03/21;1000 UTC;0;959,1;959,2;958,9;14,8;18,5;18,2;18,8;18,3;18,2;18;99;97;98;100;3,9;1,3;
2026/03/21;1100 UTC;0;959,2;959,3;959,1;504,6;19,2;18,4;20,5;18,3;18,9;18,1;99;92;96;125;5,1;2;
2026/03/21;1200 UTC;0;959,1;959,3;958,8;1301,8;22;19,1;23,7;20,5;19,5;18,8;92;79;86;161;6,7;3;
2026/03/21;1300 UTC;0;958,8;958,9;958,5;2075,1;25,2;19,7;26,4;23,8;20,2;19,4;79;68;73;194;6,5;2,9;
2026/03/21;1400 UTC;0;958,5;958,7;958,3;2724,2;27,8;20,4;29,2;26,6;20,8;20;69;57;63;274;8,8;4,9;
2026/03/21;1500 UTC;0;958,3;958,5;958,1;2720,5;29,1;20,8;29,9;28,5;21,4;20,3;60;56;58;296;9,1;5,2;
2026/03/21;1600 UTC;0;957,7;958,1;957,4;1890,7;29,6;21,2;30;29;21,5;20,8;60;57;58;297;9,1;3,6;
2026/03/21;1700 UTC;0;957;957,6;956,4;2577,9;31,4;21,9;32,7;30;22,5;21,2;58;48;52;300;10,8;6;
2026/03/21;1800 UTC;0;956,4;956,9;955,8;801,7;30,6;21,6;31,8;29,9;21,8;21,4;58;50;55;309;8,5;3,7;
2026/03/21;1900 UTC;0;956,2;956,4;955,9;85,3;29,3;21,7;29,9;28,4;22;21,6;68;58;62;330;5,7;3,5;
2026/03/21;2000 UTC;20,1;958;959;956,3;80,9;24;22,2;28,3;21,8;23,1;21,6;100;68;91;264;5;2,3;
2026/03/21;2100 UTC;1,2;958,1;958,6;957,6;124,9;21,9;21,9;22;21,7;22,1;21,7;100;100;100;276;4;2,4;
2026/03/21;2200 UTC;,4;957,8;958,1;957,7;51,9;21,6;21,6;21,7;21,4;21,8;21,5;100;100;100;194;3,3;1,4;
2026/03/21;2300 UTC;0;958,7;959,2;958;0;21,5;21,5;21,5;21,4;21,5;21,4;100;100;100;316;4,1;2,2;
2026/03/22;0000 UTC;0;960;960,6;959,3;0;21,5;21,4;21,5;21,4;21,5;21,3;100;100;100;318;6;3,4;
2026/03/22;0100 UTC;0;960,9;961,5;960,5;0;21,4;21,2;21,5;21,3;21,4;20,9;100;97;99;257;6,6;3;
2026/03/22;0200 UTC;0;961,8;962,1;961,4;0;21,2;20,7;21,3;21,1;20,9;20,6;98;97;98;267;3,9;1,6;
2026/03/22;0300 UTC;0;962;962,3;961,8;0;20,9;20,2;21,1;20,7;20,6;20;98;95;97;229;4,3;1,9;
2026/03/22;0400 UTC;0;961,9;962,1;961,6;0;20,4;19,7;20,7;19,9;20,2;19,2;97;96;96;221;3,5;1,5;
2026/03/22;0500 UTC;0;962,3;962,3;962,3;0;19,3;18,8;19,3;19,3;18,8;18,8;98;98;98;234;2,6;1,3;
2026/03/22;0600 UTC;0;962,2;962,2;962,2;0;18,6;18,1;18,6;18,6;18,1;18,1;97;97;97;238;1,8;1;
2026/03/22;0700 UTC;0;962,4;962,4;962,4;0;18,3;18;18,3;18,3;18;18;98;98;98;207;3,8;2,1;
2026/03/22;0800 UTC;0;962,4;962,4;962,4;0;18,1;17,9;18,1;18,1;17,9;17,9;99;99;99;173;3,8;1,9;
2026/03/22;0900 UTC;0;963,3;963,3;963,3;0;17;16,9;17;17;16,9;16,9;100;100;100;157;2,8;1,6;
2026/03/22;1000 UTC;0;964;964;964;65,1;14,9;14,6;14,9;14,9;14,6;14,6;99;99;99;172;5,6;3,2;
2026/03/22;1100 UTC;0;965,1;965,1;965,1;967,4;15,6;13,7;15,6;15,6;13,7;13,7;91;91;91;175;7;3,9;
2026/03/22;1200 UTC;0;965,2;965,2;965,2;2262,7;17;13,5;17;17;13,5;13,5;83;83;83;165;6;4,1;
2026/03/22;1300 UTC;0;965,5;965,5;965,5;2515,5;19;13,8;19;19;13,8;13,8;74;74;74;152;3,8;2,7;
2026/03/22;1400 UTC;0;965,2;965,2;965,2;3042,4;20,4;14,6;20,4;20,4;14,6;14,6;71;71;71;93;4,3;3,2;
2026/03/22;1500 UTC;0;965,2;965,2;965,2;3320,4;22,3;15,4;22,3;22,3;15,4;15,4;65;65;65;119;4,9;1,6;
2026/03/22;1600 UTC;0;964,8;964,8;964,8;2404,6;23,4;16,4;23,4;23,4;16,4;16,4;65;65;65;69;4;2,9;
2026/03/22;1700 UTC;0;964,4;964,4;964,4;3462,9;23,4;16,5;23,4;23,4;16,5;16,5;66;66;66;70;4,5;2,5;
2026/03/22;1800 UTC;0;964;964;964;3144,3;23,3;16,5;23,3;23,3;16,5;16,5;66;66;66;58;2,7;2;
2026/03/22;1900 UTC;0;963,9;963,9;963,9;895,6;22,6;16,7;22,6;22,6;16,7;16,7;70;70;70;81;5,4;3,7;
2026/03/22;2000 UTC;0;963,7;963,7;963,7;459,2;21,9;16,6;21,9;21,9;16,6;16,6;74;74;74;75;4,5;2,5;
2026/03/22;2100 UTC;0;963,9;963,9;963,9;172,1;21,1;16,7;21,1;21,1;16,7;16,7;78;78;78;89;4,9;2,7;
2026/03/22;2200 UTC;0;964,2;964,2;964,2;0;20;17,1;20;20;17,1;17,1;85;85;85;98;5;2,6;
2026/03/22;2300 UTC;0;964,7;964,7;964,7;0;19,4;17,1;19,4;19,4;17,1;17,1;89;89;89;82;6;3,3;
2026/03/23;0000 UTC;0;965,1;965,1;965,1;0;18,8;17;18,8;18,8;17;17;91;91;91;66;5,6;3;
2026/03/23;0100 UTC;0;965,2;965,4;965;0;18,7;17,2;18,8;18,6;17,3;17;94;91;92;70;6,6;3,1;
2026/03/23;0200 UTC;0;965;965,4;964,5;0;18,5;17,4;18,6;18,4;17,5;17,3;95;94;94;66;6;3,1;
2026/03/23;0300 UTC;0;964,7;964,9;964,2;0;18,4;17,5;18,5;18,4;17,5;17,4;95;95;95;55;5,7;3,1;
2026/03/23;0400 UTC;0;964;964,3;963,7;0;18,4;17,5;18,5;18,3;17,6;17,5;97;95;96;69;5,4;2,2;
2026/03/23;0500 UTC;0;963,1;963,8;962,5;0;18,3;17,6;18,3;18,3;17,7;17,6;97;96;97;57;5,8;3,3;
2026/03/23;0600 UTC;,2;962,2;962,6;961,7;0;18,2;17,9;18,3;18,1;18;17,7;99;97;98;60;5,3;2,7;
2026/03/23;0700 UTC;0;961,7;961,7;961,6;0;18,2;18,2;18,4;18,1;18,5;18;100;99;100;73;5,6;2,9;
2026/03/23;0800 UTC;0;961,6;961,7;961,5;0;18,5;18,6;18,6;18,4;18,7;18,5;100;100;100;53;5,9;3,3;
2026/03/23;0900 UTC;0;961,2;961,5;960,9;0;18,7;18,8;18,8;18,6;18,9;18,7;100;100;100;62;5,4;2,8;
2026/03/23;1000 UTC;0;960,8;961;960,5;4,1;18,9;19;19,2;18,8;19,3;18,9;100;100;100;143;5,1;1,5;
2026/03/23;1100 UTC;0;960,6;960,7;960,5;133,1;19,8;19,9;20,2;19,2;20,2;19,3;100;100;100;166;6,1;2,2;
2026/03/23;1200 UTC;0;960,1;960,6;959,7;376,6;20,5;20,6;20,7;20,2;20,8;20,3;100;100;100;177;6,4;2,9;
2026/03/23;1300 UTC;0;959,4;959,8;959;337,6;21;20,8;21,5;20,7;20,9;20,7;100;97;99;249;8,3;2,9;
2026/03/23;1400 UTC;,2;959,3;959,4;959;340,7;21,8;20,7;21,9;21,5;20,8;20,4;96;93;95;325;7;4,3;
2026/03/23;1500 UTC;7,5;960,4;961,1;959,4;170,8;20,6;20,1;21,7;18,9;21;18,7;99;95;97;209;5,8;3,3;
2026/03/23;1600 UTC;3,5;960,3;960,6;959,8;119,7;19;19;19,1;18,9;19,2;18,8;100;99;100;266;2,1;,9;
2026/03/23;1700 UTC;5,1;960,3;960,6;960;62,5;19;19;19,1;18,7;19,2;18,7;100;100;100;271;3;1,5;
2026/03/23;1800 UTC;2;958,9;960;958,3;356,9;18,9;18,9;19,4;18,6;19,5;18,6;100;100;100;128;1,4;,6;
2026/03/23;1900 UTC;0;958;958,4;957,4;867,2;20;19,7;20,5;19,4;20;19,4;100;96;99;166;2,4;1,5;
2026/03/23;2000 UTC;0;957,9;958,5;957,5;552,3;20,8;20;21;20,5;20,4;19,7;97;95;96;255;1,6;,8;
2026/03/23;2100 UTC;,2;958,7;958,9;958,6;190,3;20,8;20,2;21,1;20,3;20,4;20;99;95;97;184;3,6;2;
2026/03/23;2200 UTC;1;958,8;958,9;958,7;10,2;19,7;19,6;20,3;18,7;20,1;18,7;100;99;100;158;6,7;3,5;
2026/03/23;2300 UTC;,2;959,2;959,4;958,9;0;18,5;18,5;18,7;18,3;18,7;18,4;100;100;100;107;2,9;1,2;
2026/03/24;0000 UTC;0;958,9;959,2;958,7;0;18,2;18,2;18,3;18,1;18,4;18,2;100;100;100;55;4,2;2;
2026/03/24;0100 UTC;0;959,7;960,4;959;0;18,2;18,3;18,4;18,1;18,4;18,2;100;100;100;203;6,1;3,5;
2026/03/24;0200 UTC;,2;960,8;961;960,4;0;18,1;18,2;18,2;18,1;18,3;18,2;100;100;100;201;5,5;3,2;
2026/03/24;0300 UTC;,6;961;961,2;960,9;0;17,9;18;18,2;17,6;18,3;17,7;100;100;100;192;8,1;4,4;
2026/03/24;0400 UTC;,2;961,2;961,4;961;0;17,4;17,4;17,6;17,2;17,6;17,1;100;100;100;183;7,1;4,2;
2026/03/24;0500 UTC;0;961,5;961,7;961,4;0;17,1;17;17,2;16,9;17,1;16,7;100;99;100;180;9,4;5,7;
2026/03/24;0600 UTC;0;961,7;961,8;961,5;0;16,4;15,7;16,9;15,7;16,8;14,8;99;94;96;186;8,4;4,3;
2026/03/24;0700 UTC;0;961,7;961,9;961,5;0;15,6;14,6;15,7;15,4;14,8;14,3;96;94;95;188;6,7;4;
2026/03/24;0800 UTC;0;962,2;962,4;961,8;0;15;14,1;15,4;14,7;14,3;14;97;94;95;184;5,7;3,4;
2026/03/24;0900 UTC;0;962,7;962,9;962,3;0;14,4;14;14,7;14,1;14,1;13,8;99;97;98;177;5;2,7;
2026/03/24;1000 UTC;0;963,3;963,8;962,9;9,4;13,9;13,8;14;13,8;13,9;13,7;100;99;100;179;3,1;1,3;
2026/03/24;1100 UTC;0;964,1;964,4;963,8;208,4;13,9;13,9;14,1;13,8;14;13,8;100;99;100;178;4,5;2,2;
2026/03/24;1200 UTC;0;964,6;964,9;964,4;1108,7;15,1;13,3;16,2;14;14;12,4;99;85;91;172;3,6;2;
2026/03/24;1300 UTC;0;965,1;965,3;964,9;2185,1;17,1;13;17,8;16,3;14,2;11,5;88;68;79;169;4,6;2,9;
2026/03/24;1400 UTC;0;965,3;965,5;965,2;2901;18,4;10,9;19,1;17,6;12,9;9;75;52;62;173;5,9;3,6;
2026/03/24;1500 UTC;0;965,4;965,6;965,1;3299,3;19,7;10,7;20,3;19;12,2;9,7;61;48;55;139;5,5;2,4;
2026/03/24;1600 UTC;0;964,9;965,1;964,8;3440,7;20,9;11,2;21,4;20,3;12,5;10,1;56;46;51;177;5,2;2,2;
2026/03/24;1700 UTC;0;964,7;965;964,5;3337,3;21,6;10,5;22,1;20,9;11,6;9,6;51;40;45;180;5,8;1,9;
2026/03/24;1800 UTC;0;964,2;964,5;963,8;2978;22,3;10,4;22,9;21,8;11,4;9,5;46;36;41;117;4,2;2;
2026/03/24;1900 UTC;0;963,7;963,8;963,6;2374,1;22,8;10,9;23,3;22,4;11,8;10,2;45;37;41;92;4,1;1,7;
2026/03/24;2000 UTC;0;963,5;963,6;963,5;1572,5;22,7;11;23,2;22,3;11,9;10,2;46;37;41;142;3,9;2,1;
2026/03/24;2100 UTC;0;963,6;963,7;963,5;730,9;22;11,3;22,5;21;11,9;10,7;52;43;47;104;4,2;2,3;
2026/03/24;2200 UTC;0;964;964,3;963,7;76,5;19,1;11,3;20,9;17,8;11,6;10,8;66;51;61;101;3,4;1,8;
2026/03/24;2300 UTC;0;964,4;964,6;964,2;0;16,8;10,3;17,7;15,9;10,8;9,8;73;64;68;130;4,9;2,6;
2026/03/25;0000 UTC;0;965;965,4;964,6;0;15;10,2;15,8;13,7;10,8;9,6;85;73;76;217;1,8;,7;
2026/03/25;0100 UTC;0;965,5;965,6;965,4;0;13,2;9,8;13,8;12,9;10,6;9,2;87;77;83;88;3,4;1,7;
2026/03/25;0200 UTC;0;965,5;965,6;965,4;0;13,8;8,8;14;13,7;9,2;8,5;77;73;75;91;3,2;1,7;
2026/03/25;0300 UTC;0;965,7;965,8;965,6;0;13,6;9,4;13,7;13,4;10,3;8,3;84;74;79;94;4,2;2;
2026/03/25;0400 UTC;0;965,7;965,8;965,5;0;13,4;10,6;13,5;13,3;10,8;10,2;87;84;86;85;4;2,1;
2026/03/25;0500 UTC;0;965,6;965,7;965,5;0;12,9;10,9;13,3;12,5;11,1;10,8;92;87;90;70;3,2;1,6;
2026/03/25;0600 UTC;0;965,7;965,8;965,6;0;12,7;11,3;13;12,6;11,6;10,9;94;92;93;74;2,7;1,5;
2026/03/25;0700 UTC;0;965,6;965,8;965,2;0;13;11,6;13,5;12,6;11,7;11,4;94;91;93;72;3,6;1,8;
2026/03/25;0800 UTC;0;965,3;965,6;965,1;0;13,2;11,6;13,5;13,1;11,9;11,5;93;90;92;81;2,8;1,1;
2026/03/25;0900 UTC;0;965,8;966,1;965,5;0;14,3;12;14,7;13,5;12,2;11,8;91;87;89;116;3,4;1,5;
2026/03/25;1000 UTC;0;966,6;966,8;966,1;6,1;14,8;12,2;15,1;14,5;12,5;11,9;88;86;87;119;3,1;2;
2026/03/25;1100 UTC;0;967,2;967,5;966,8;157,5;15,1;12,7;15,6;14,8;13,2;12,3;90;87;88;100;1,9;1;
2026/03/25;1200 UTC;0;968;968,4;967,6;539,4;16,4;13,1;16,9;15,7;13,6;12,7;88;79;83;77;4,6;2,1;
2026/03/25;1300 UTC;0;968,5;968,6;968,3;1081,7;17,6;13,3;18,7;16,8;13,9;12,8;82;73;79;87;5,1;3;
2026/03/25;1400 UTC;0;968,2;968,3;968,1;1897,6;19,2;13,8;19,8;18,6;14,4;13,3;76;69;73;85;5,8;2,5;
2026/03/25;1500 UTC;0;968;968,2;967,9;2227,1;20,4;14,2;21,4;19,7;15;13,5;72;64;69;87;4,5;2,1;
2026/03/25;1600 UTC;0;967,6;968;967;1822,3;20,7;14,5;21,4;20,2;15,3;14,1;73;64;69;63;5,5;3;
2026/03/25;1700 UTC;0;966,5;967;966,1;2678,9;21,8;15,4;22,5;20,9;16,4;14;73;62;68;68;4,6;2,3;
2026/03/25;1800 UTC;0;966,2;966,4;966;2664,1;23,3;16;24,2;22,2;16,9;15,4;69;60;64;109;5,4;2,7;
2026/03/25;1900 UTC;0;966,1;966,2;966;1167,7;22,4;15,9;23;22,1;16,3;15,4;70;65;67;112;5;3,1;
2026/03/25;2000 UTC;0;966;966,2;965,8;956,8;21,7;15,8;22,2;21,3;16,2;15,5;73;67;70;91;4,8;2,5;
2026/03/25;2100 UTC;0;966,3;966,4;966,2;396,9;20,8;15,7;21,3;20,3;15,9;15,4;77;71;74;74;4,8;2;
2026/03/25;2200 UTC;0;966,7;967,2;966,3;71,4;19,9;15,5;20,7;19,6;15,7;15,2;80;74;78;104;3;1,5;
2026/03/25;2300 UTC;0;967,5;967,6;967,2;0;19,5;15,3;19,6;19,4;15,6;15;80;78;79;88;3,8;1,9;
2026/03/26;0000 UTC;0;967,6;967,8;967,5;0;19,1;15,1;19,4;18,7;15,3;14,9;83;78;80;72;2,6;1,4;
2026/03/26;0100 UTC;0;967,8;967,9;967,7;0;18,4;15,4;18,6;18,2;15,7;15,2;87;83;85;95;3,6;1,8;
2026/03/26;0200 UTC;0;968,2;968,3;967,9;0;18;16;18,2;17,8;16,6;15,6;94;87;90;87;3,7;1,8;
2026/03/26;0300 UTC;0;968,1;968,2;967,9;0;17,7;16,9;17,8;17,6;17,1;16,6;97;94;96;64;2,8;1,2;
2026/03/26;0400 UTC;0;968,1;968,1;968;0;17,5;17,1;17,6;17,2;17,2;17;99;97;98;78;2,5;1,2;
2026/03/26;0500 UTC;0;967,8;968;967,7;0;17,2;16,8;17,2;17,1;17;16,6;99;98;98;86;5,8;2,7;
2026/03/26;0600 UTC;0;967,7;967,8;967,6;0;17;16,6;17,1;16,9;16,6;16,5;98;97;98;76;3;1,3;
2026/03/26;0700 UTC;0;967,4;967,6;967,3;0;16,9;16,2;16,9;16,9;16,5;15,9;98;95;96;98;3,5;1,5;
2026/03/26;0800 UTC;0;967,3;967,3;967,2;0;16,9;16;17;16,7;16,1;15,9;96;95;95;79;3,6;2;
2026/03/26;0900 UTC;0;967,3;967,6;967,2;0;16,7;16;16,8;16,7;16,2;15,9;97;96;96;75;3,8;1,4;
2026/03/26;1000 UTC;0;968;968,4;967,7;3,8;16,9;16,6;17;16,7;16,9;16,2;100;97;99;96;3,3;1,6;
2026/03/26;1100 UTC;0;968,6;968,8;968,3;114,2;17,2;17,2;17,4;17;17,4;16,9;100;100;100;88;4,2;2,1;
2026/03/26;1200 UTC;0;968,8;969;968,5;357,3;17,7;17,4;18,1;17,4;17,5;17,3;100;97;99;90;5,8;2,7;
2026/03/26;1300 UTC;0;969,2;969,3;969;754,5;18,9;17,4;19,5;18,2;17,6;17,1;96;89;92;76;4,3;2,4;
2026/03/26;1400 UTC;0;969,2;969,3;969,2;756,2;19,4;17,8;19,6;19,2;18,3;17,4;95;89;92;91;5,5;2,5;
2026/03/26;1500 UTC;0;969;969,2;968,8;1287,3;20,1;18,1;21,1;19,3;18,5;17,8;95;84;90;92;5,9;3,2;
2026/03/26;1600 UTC;0;968,7;968,9;968,4;1420,5;21,2;18,4;21,6;20,8;18,9;18;88;85;86;89;6;3,6;
2026/03/26;1700 UTC;0;968,3;968,5;968,1;1094,3;21,1;18,6;21,5;20,9;18,9;18,4;90;85;88;82;6,6;2,8;
2026/03/26;1800 UTC;0;967,8;968,1;967,5;915,9;21,2;18,9;21,7;21;19,3;18,7;90;87;89;84;5,7;2,3;
2026/03/26;1900 UTC;0;967,4;967,6;967,2;676,9;21,2;19,2;21,6;20,9;19,4;19;92;87;90;74;6;3,3;
2026/03/26;2000 UTC;0;967,1;967,3;967;360,8;21;19,3;21,3;20,8;19,5;19,1;93;89;92;83;5,7;3;
2026/03/26;2100 UTC;0;967;967,1;966,9;101;20,5;19,6;20,8;20,3;19,7;19,4;97;93;95;83;4,2;1,9;
2026/03/26;2200 UTC;0;967,1;967,2;966,9;14,7;20,5;19,6;20,5;20,3;19,8;19,5;96;95;96;84;4,4;2,2;
2026/03/26;2300 UTC;0;967,5;967,8;967,2;0;20,4;19,8;20,5;20,2;20;19,7;99;96;97;72;5,1;2,2;
2026/03/27;0000 UTC;0;967,9;968;967,8;0;20,1;20,1;20,2;20,1;20,2;20;100;99;100;76;4,8;2,3;
2026/03/27;0100 UTC;0;967,9;968;967,8;0;20,1;20,2;20,2;20,1;20,2;20,2;100;100;100;78;5,7;2,4;
2026/03/27;0200 UTC;0;967,9;968;967,8;0;20,2;20,3;20,2;20,2;20,3;20,2;100;100;100;73;4,5;2,2;
2026/03/27;0300 UTC;0;967,7;967,8;967,7;0;20,2;20,3;20,2;20,2;20,3;20,2;100;100;100;65;4,8;2,1;
2026/03/27;0400 UTC;0;967,7;967,8;967,6;0;20,2;20,3;20,3;20,2;20,4;20,2;100;100;100;61;4,7;2,2;
2026/03/27;0500 UTC;0;967,4;967,6;967,2;0;20,3;20,4;20,3;20,3;20,4;20,3;100;100;100;58;4;2,1;
2026/03/27;0600 UTC;0;967,1;967,3;966,9;0;20,4;20,4;20,4;20,3;20,5;20,4;100;100;100;66;3,6;1,9;
2026/03/27;0700 UTC;0;966,9;967;966,9;0;20,5;20,5;20,5;20,4;20,6;20,5;100;100;100;66;3,4;1,6;
2026/03/27;0800 UTC;0;967;967,2;966,9;0;20,6;20,6;20,7;20,5;20,7;20,6;100;100;100;76;3;1,5;
2026/03/27;0900 UTC;0;967,3;967,5;967,2;0;20,8;20,8;20,8;20,7;20,9;20,7;100;100;100;45;3,9;1,9;
2026/03/27;1000 UTC;0;967,7;967,8;967,5;5,8;20,8;20,9;20,9;20,8;20,9;20,9;100;100;100;54;3,3;1,8;
2026/03/27;1100 UTC;0;968,1;968,3;967,8;165,1;21,1;21,1;21,3;20,9;21,3;20,9;100;100;100;61;4;2,2;
2026/03/27;1200 UTC;0;968,6;968,7;968,3;550;21,6;21,6;21,9;21,3;22;21,3;100;100;100;134;3,4;1,2;
2026/03/27;1300 UTC;0;968,7;968,8;968,7;992,7;22,1;22;22,8;21,7;22,5;21,7;100;96;99;159;4;1,8;
2026/03/27;1400 UTC;0;968,7;968,8;968,6;2337,2;24,3;22,2;25,7;22,8;22,9;21,9;97;83;90;96;3,9;2,3;
2026/03/27;1500 UTC;0;968,3;968,7;968;2730,9;26,6;22,5;28,1;25,2;23,3;22;88;73;80;155;4;1,6;
2026/03/27;1600 UTC;0;967,7;968;967,4;2019,2;28,3;23;29,3;27,8;23,6;22,6;78;68;74;170;3,6;1,7;
2026/03/27;1700 UTC;0;967,1;967,4;966,9;2102,1;29,3;23,2;30,2;28,7;24,2;22,5;74;63;69;124;1,8;,7;
2026/03/27;1800 UTC;0;966,7;966,9;966,5;1519,5;29,4;23,2;30;28,9;24,2;22,3;73;62;69;163;5,2;3;
2026/03/27;1900 UTC;0;966,4;966,5;966,4;884,7;28,8;23,6;29,8;28,2;24;23,3;78;69;74;116;3,4;2;
2026/03/27;2000 UTC;0;966,6;966,7;966,5;449,7;28,2;23,7;28,5;27,8;24;23,4;80;75;77;90;4,2;1,8;
2026/03/27;2100 UTC;0;966,7;966,9;966,5;171,2;27,3;23,6;27,9;26,6;23,9;23,5;85;79;82;118;3;1,8;
2026/03/27;2200 UTC;0;967;967,2;966,9;30,7;25,9;23,3;26,6;25,2;23,7;23;89;85;87;114;3;1,6;
2026/03/27;2300 UTC;0;967,3;967,6;967,1;0;24,8;22,7;25,2;24,2;23;22,7;92;88;90;73;2,3;1,3;
2026/03/28;0000 UTC;0;967,8;967,9;967,6;0;24;22,5;24,2;23,7;22,6;22,5;94;92;93;62;2,8;1,8;
2026/03/28;0100 UTC;0;968,2;968,4;968;0;23,6;22,9;23,7;23,5;23,2;22,6;98;95;97;57;3,8;2,2;
2026/03/28;0200 UTC;0;968,4;968,6;968,4;0;23,4;23,3;23,6;23,3;23,3;23,2;100;98;99;75;3,8;1,9;
2026/03/28;0300 UTC;0;968,5;968,6;968,5;0;23,1;23,1;23,4;23;23,3;23;100;100;100;300;2,2;1;
2026/03/28;0400 UTC;0;968,5;968,6;968,5;0;23,2;23,3;23,3;23;23,4;23;100;100;100;84;2,3;1,1;
2026/03/28;0500 UTC;0;968,3;968,6;968,1;0;23,2;23,2;23,2;23,1;23,3;23,2;100;100;100;259;2,2;,9;
2026/03/28;0600 UTC;0;967,9;968,1;967,7;0;22,9;23;23,1;22,6;23,2;22,6;100;100;100;184;1;,6;
2026/03/28;0700 UTC;0;967,5;967,7;967,4;0;22,3;22,4;22,6;22,2;22,6;22,3;100;100;100;311;1,4;,9;
2026/03/28;0800 UTC;0;967,3;967,4;967,2;0;22,1;22,1;22,2;21,8;22,3;21,9;100;100;100;181;1,5;,5;
2026/03/28;0900 UTC;0;967,6;968,1;967,3;0;22;22,1;22,2;21,7;22,2;21,7;100;100;100;82;1,2;,7;
2026/03/28;1000 UTC;0;968,4;968,7;968,1;10;21,7;21,8;22,2;21,4;22,2;21,5;100;100;100;72;1,2;,7;
2026/03/28;1100 UTC;0;969;969,3;968,7;355,8;22;22;22,2;21,3;22,3;21,4;100;100;100;151;2,8;1,6;
2026/03/28;1200 UTC;0;969,6;970;969,2;905,3;22,8;22,6;23,5;22;23,1;22;100;97;99;119;3,5;1,8;
2026/03/28;1300 UTC;0;970,3;970,4;970;1479,5;24,4;22,9;25,7;23,5;23,4;22,5;97;88;92;114;4,1;2,2;
2026/03/28;1400 UTC;0;970,2;970,3;970,1;2331,1;26,7;23,3;28,1;25,6;24;22,7;88;77;83;95;3,8;1,7;
2026/03/28;1500 UTC;0;969,9;970,3;969,6;2765,7;28,6;23,6;29,2;27,9;24,4;22,5;80;71;75;68;3,3;1,9;
2026/03/28;1600 UTC;0;969,5;969,7;969,3;2432,2;29,1;23,8;29,7;28,5;24,5;23,1;77;69;73;79;3,5;1,6;
2026/03/28;1700 UTC;0;968,8;969,3;968,5;2115,4;29,3;23,8;29,9;28,5;24,8;23;78;69;72;88;4,9;2,3;
2026/03/28;1800 UTC;0;968,5;968,8;968,3;448,4;27,4;23,8;28,4;26,6;24;23,5;86;77;82;120;3;1,2;
2026/03/28;1900 UTC;0;968,4;968,6;968,2;620,8;26,6;23,7;26,8;26,5;24,1;23,4;88;84;86;103;3,8;2,1;
2026/03/28;2000 UTC;0;968,4;968,7;968,2;567,7;26,6;23,4;26,9;26,3;23,7;23,2;86;82;84;79;2,9;1,6;
2026/03/28;2100 UTC;0;968,6;968,8;968,3;185,1;25,7;23,2;26,2;25,2;23,5;22,9;90;85;87;75;3,5;1,7;
2026/03/28;2200 UTC;0;968,6;968,8;968,2;11,1;24,8;23,3;25,2;24,6;23,4;23,1;93;90;92;73;2,8;1,2;
2026/03/28;2300 UTC;0;968,9;969,5;968,7;0;24,4;23,2;24,6;24,2;23,3;23,1;95;93;94;95;2,8;1,5;
2026/03/29;0000 UTC;0;969,4;969,5;969,3;0;24,2;23,4;24,3;24;23,6;23,2;97;95;96;85;4,7;2,9;
2026/03/29;0100 UTC;0;969,8;970;969,5;0;24,2;23,6;24,2;24,1;23,7;23,5;98;96;97;107;4,3;2,6;
2026/03/29;0200 UTC;0;969,7;969,8;969,6;0;24;23,9;24,1;23,8;23,9;23,7;100;98;99;77;4,8;2,3;
2026/03/29;0300 UTC;0;969,7;969,8;969,5;0;23,5;23,5;23,8;23,3;23,9;23,3;100;100;100;66;4,2;2,1;
2026/03/29;0400 UTC;0;969,6;969,7;969,5;0;23;22,9;23,4;22,6;23,3;22,6;100;100;100;60;4,2;2,3;
2026/03/29;0500 UTC;0;969,2;969,5;968,9;0;22,4;22,5;22,6;22,3;22,6;22,4;100;100;100;59;2,5;1,2;
2026/03/29;0600 UTC;0;968,7;968,9;968,5;0;22,1;22,2;22,3;21,9;22,4;22;100;100;100;167;2,4;1,2;
2026/03/29;0700 UTC;0;968,3;968,5;968,2;0;21,8;21,9;21,9;21,7;22;21,7;100;100;100;162;1,9;,7;
2026/03/29;0800 UTC;0;968,3;968,6;968,1;0;21,4;21,5;21,7;21,2;21,7;21,3;100;100;100;74;1,4;,8;
2026/03/29;0900 UTC;0;968,7;969;968,6;0;21,2;21,2;21,3;21,1;21,3;21,2;100;100;100;189;1,5;,8;
2026/03/29;1000 UTC;0;969;969,2;968,8;6,3;21,3;21,4;21,3;21,3;21,4;21,3;100;100;100;320;1,3;,8;
2026/03/29;1100 UTC;,2;969,5;969,8;969,2;369,5;21,7;21,8;22,7;21,2;22,7;21,3;100;100;100;54;1,6;,8;
2026/03/29;1200 UTC;0;969,8;969,9;969,7;1152;23,5;23;25,4;22,6;23,6;22,6;100;86;97;155;2,8;1,5;
2026/03/29;1300 UTC;0;969,7;969,9;969,6;1827,7;27,3;22,5;28,4;25,5;23,2;21,8;87;70;76;241;4,3;2,5;
2026/03/29;1400 UTC;0;969,6;969,7;969,4;2240;29,2;23,2;30,2;27,8;23,7;22,6;76;64;70;313;5,1;2,8;
2026/03/29;1500 UTC;0;969,3;969,4;969,1;2690,9;30,8;23,7;31,5;30,2;24,3;23;69;60;64;295;4,1;2,2;
2026/03/29;1600 UTC;0;968,7;969,1;968,2;2483,3;31,4;23,8;32;30,7;24,8;22,9;67;59;62;293;6,2;3,1;
2026/03/29;1700 UTC;0;967,7;968,2;967,4;2235,2;31,3;23,6;32,3;28,3;24,5;22,2;69;58;62;141;9,2;3,7;
2026/03/29;1800 UTC;3,5;968;968,5;967,6;269,8;24;21,6;27,9;22,5;22,3;20,8;98;70;88;136;5,7;2,6;
2026/03/29;1900 UTC;19,9;968,7;969,3;967,9;74,4;22,3;22;22,6;22,1;22,2;21,6;100;96;98;120;2,9;1;
2026/03/29;2000 UTC;4,3;968,3;969,2;967,5;112,8;21,7;21,5;22,3;21,3;22,3;20,8;100;97;99;77;1,8;,9;
2026/03/29;2100 UTC;,2;968,1;968,4;967,6;185,8;22,1;22;22,4;21,8;22,4;21,8;100;99;100;82;2,1;,7;
2026/03/29;2200 UTC;0;968,5;968,8;968,2;42;21,8;21,8;22;21,6;22,1;21,7;100;100;100;52;3,6;1,8;
2026/03/29;2300 UTC;0;969;969,2;968,8;0;21,7;21,7;22,2;21,5;22,1;21,5;100;99;100;92;4,8;2,3;
2026/03/30;0000 UTC;1;969,5;969,7;969,2;0;22,4;22,5;22,6;22,2;22,6;22,1;100;100;100;73;3,5;1,6;
2026/03/30;0100 UTC;0;968,8;969,4;968,5;0;22,2;22,3;22,5;22;22,6;22,1;100;100;100;68;4,7;1,9;
2026/03/30;0200 UTC;0;968,6;968,7;968,4;0;22;22,1;22;22;22,1;22;100;100;100;123;2,8;1,2;
2026/03/30;0300 UTC;0;968,4;968,5;968,3;0;22,1;22,1;22,1;22;22,2;22,1;100;100;100;237;3,9;1,8;
2026/03/30;0400 UTC;0;968,6;968,8;968,4;0;22,1;22,1;22,1;22;22,2;22;100;100;100;187;2,5;1;
2026/03/30;0500 UTC;0;968,3;968,5;968;0;21,9;21,9;22;21,7;22;21,8;100;100;100;262;3,7;1,9;
2026/03/30;0600 UTC;0;967,8;968,1;967,6;0;21,6;21,6;21,7;21,4;21,8;21,5;100;100;100;126;4;1,9;
2026/03/30;0700 UTC;0;967,7;968;967,5;0;21,4;21,5;21,6;21,3;21,6;21,3;100;100;100;176;2;,5;
2026/03/30;0800 UTC;0;967,7;967,8;967,5;0;21,3;21,4;21,4;21,3;21,5;21,3;100;100;100;79;3,5;1,9;
2026/03/30;0900 UTC;0;967,9;968;967,8;0;21,3;21,4;21,4;21,3;21,5;21,3;100;100;100;56;3,4;1,6;
2026/03/30;1000 UTC;0;968,1;968,3;968;2,9;21,3;21,4;21,3;21,3;21,4;21,4;100;100;100;55;2,9;1,3;
2026/03/30;1100 UTC;0;968,5;968,8;968,3;179,3;21,5;21,5;21,6;21,3;21,7;21,4;100;100;100;47;3,4;1,7;
2026/03/30;1200 UTC;0;969,1;969,3;968,8;207,9;21,7;21,8;21,9;21,6;22;21,7;100;100;100;83;3,1;1;
2026/03/30;1300 UTC;0;969;969,4;968,7;547,7;22,2;22,2;22,4;21,9;22,4;22;100;100;100;101;3,3;1,2;
2026/03/30;1400 UTC;,4;969,3;969,5;969,2;217,6;22,4;22,4;22,5;22,3;22,5;22,2;100;99;100;86;2,5;1,3;
2026/03/30;1500 UTC;,6;969,1;969,3;968,9;1185,7;23,3;22,8;24,7;22,5;23,5;22,4;100;89;97;100;4,6;1,8;
2026/03/30;1600 UTC;0;968,3;968,8;967,7;1824,9;25,2;22,6;25,7;24,6;23,7;21,6;94;81;87;98;2,9;1,4;
2026/03/30;1700 UTC;0;967,7;967,9;967,5;1218,5;25,3;22,1;25,9;24,8;22,9;21,2;89;78;84;69;4,7;2,4;
2026/03/30;1800 UTC;0;967,4;967,6;966,9;465,9;24,7;22,6;25;24,6;23;22,1;92;86;89;88;3,4;1,4;
2026/03/30;1900 UTC;0;966,5;966,9;966,1;1177,8;25,6;22,4;27;24,7;23;21,6;91;75;84;91;5,7;2,6;
2026/03/30;2000 UTC;0;966,2;966,3;966,1;936,8;25,5;22,3;26,3;24,9;22,6;21,6;88;78;84;62;5,4;3;
2026/03/30;2100 UTC;0;966,4;966,5;966,1;294,6;24,4;22,6;25,9;23,6;22,8;22,3;96;83;91;87;4,3;1,8;
2026/03/30;2200 UTC;0;966,6;966,8;966,4;6,5;23,2;22,2;23,6;22,9;22,5;22;96;94;95;81;5,2;2,7;
2026/03/30;2300 UTC;0;966,6;966,8;966,4;0;22,2;21,6;22,9;21,7;22,2;21,2;98;96;97;72;6,6;3;
2026/03/31;0000 UTC;0;966,8;966,9;966,7;0;21,6;21,3;21,7;21,5;21,4;21,2;99;98;98;66;5,8;3;
2026/03/31;0100 UTC;0;966,8;966,9;966,7;0;21,6;21,4;21,7;21,5;21,5;21,3;99;99;99;64;6,1;2,5;
2026/03/31;0200 UTC;0;966,7;966,9;966,6;0;21,3;21,2;21,5;21,1;21,3;21;100;99;99;66;5,1;2,6;
2026/03/31;0300 UTC;0;966,5;966,7;966,4;0;21;20,8;21,1;21;21;20,7;100;98;99;59;6,7;3,1;
2026/03/31;0400 UTC;0;966,4;966,5;966,3;0;20,9;20,6;21;20,7;20,7;20,4;99;98;98;53;3,9;1,9;
2026/03/31;0500 UTC;0;966,1;966,3;966;0;20,6;20,5;20,6;20,5;20,6;20,4;100;99;100;55;4,8;2,3;
2026/03/31;0600 UTC;0;965,8;966;965,5;0;20,4;20,4;20,5;20,2;20,5;20,2;100;100;100;50;4;1,8;
2026/03/31;0700 UTC;0;965,3;965,5;965,1;0;20,3;20,3;20,3;20,1;20,4;20,2;100;100;100;54;4,7;2,3;
2026/03/31;0800 UTC;0;965,2;965,3;965,1;0;20,3;20,4;20,4;20,2;20,5;20,3;100;100;100;73;4;2,1;
2026/03/31;0900 UTC;0;965,3;965,5;965,2;0;20,1;20,2;20,2;20;20,3;20,1;100;100;100;85;4,8;2,2;
2026/03/31;1000 UTC;0;965,7;965,8;965,5;6,6;20,1;20,2;20,1;20;20,2;20,1;100;100;100;70;5,5;2,4;
2026/03/31;1100 UTC;0;965,9;966;965,8;314,6;20,2;20,1;20,7;20;20,2;19,9;100;96;99;63;4,9;2,6;
2026/03/31;1200 UTC;0;966,2;966,3;966;1236,6;21,5;19,4;21,9;20,8;19,9;18,9;95;85;90;54;7,9;4,7;
2026/03/31;1300 UTC;0;966,1;966,3;965,8;1818,4;22,6;19,2;23,7;21,8;19,5;18,9;88;77;83;62;7,4;3,9;
2026/03/31;1400 UTC;0;965,6;965,8;965,4;2600,2;24,5;18,8;25,2;23,7;19,5;18;79;66;71;53;8,7;4,1;
2026/03/31;1500 UTC;0;965,4;965,6;965,1;3002,7;25,8;18,9;26,3;25,2;19,6;18,3;70;63;66;76;7;3,4;
2026/03/31;1600 UTC;0;964,8;965,2;964,4;3272,7;26,7;19,3;27,4;26;20,6;18,4;67;60;63;113;6,4;2,7;
2026/03/31;1700 UTC;0;964;964,4;963,6;3006,9;27,4;19,5;27,9;26,7;20,4;18,9;65;57;61;60;6,6;3,5;
2026/03/31;1800 UTC;0;963,4;963,6;963,2;2190,1;27,2;19,4;27,8;26,5;19,9;18,9;65;58;61;62;6,9;3,8;
2026/03/31;1900 UTC;0;963,1;963,3;962,9;1809;27,1;19,6;27,7;26,7;20,4;19;65;59;62;67;6,3;3,5;
2026/03/31;2000 UTC;0;963;963,1;962,9;1148,7;26,6;19,2;27,2;26;19,7;18,9;67;60;63;68;7,2;3,3;
2026/03/31;2100 UTC;0;963,1;963,1;962,9;484,5;25,5;19;26,4;24,7;19,4;18,8;72;64;68;63;4,1;2,1;
2026/03/31;2200 UTC;0;963,1;963,4;963;33,6;23,4;19;24,6;22,6;19,2;18,9;82;72;78;73;4,6;1,9;
2026/03/31;2300 UTC;0;963,5;963,7;963,3;0;21,9;19,2;22,5;21,3;19,2;19;89;82;86;74;5,5;2,7;
2026/04/01;0000 UTC;0;964;964,3;963,7;0;20,7;19,1;21,3;20,3;19,2;19,1;94;89;92;69;4,5;2,4;
2026/04/01;0100 UTC;0;964,5;964,6;964,3;0;20,2;19,1;20,3;19,8;19,2;19;96;94;95;61;4,7;2,4;
2026/04/01;0200 UTC;0;964,5;964,6;964,4;0;19,6;19;19,8;19,5;19,1;18,9;98;96;97;60;5,6;2,8;
2026/04/01;0300 UTC;0;964,5;964,6;964,4;0;19,4;19,2;19,7;19,3;19,3;19,1;100;97;99;59;5,8;3,3;
2026/04/01;0400 UTC;0;964,3;964,4;964,1;0;19,2;18,5;19,4;19;19,1;17,9;99;94;96;56;6,2;3,6;
2026/04/01;0500 UTC;0;963,4;963,4;963,4;0;18,5;17,8;18,5;18,5;17,8;17,8;97;97;97;34;3,8;2,7;
2026/04/01;0600 UTC;0;962,8;962,8;962,8;0;18,2;17,6;18,2;18,2;17,6;17,6;97;97;97;54;5,2;3,8;
2026/04/01;0700 UTC;0;962,4;962,4;962,4;0;17,6;17,4;17,6;17,6;17,4;17,4;99;99;99;81;1,9;1;
2026/04/01;0800 UTC;0;962,5;962,5;962,5;0;17,5;17,4;17,5;17,5;17,4;17,4;100;100;100;54;1,9;1,1;
2026/04/01;0900 UTC;0;962,9;962,9;962,9;0;17,7;17,2;17,7;17,7;17,2;17,2;97;97;97;67;2,9;2,1;
2026/04/01;1000 UTC;0;963,2;963,2;963,2;46,1;17,3;17,2;17,3;17,3;17,2;17,2;100;100;100;70;3,4;2,1;
2026/04/01;1100 UTC;0;963,5;963,5;963,5;865,5;19,2;18;19,2;19,2;18;18;94;94;94;58;2,5;1,4;
2026/04/01;1200 UTC;0;963,8;963,8;963,8;1662;21;17,3;21;21;17,3;17,3;82;82;82;55;6;2,8;
2026/04/01;1300 UTC;0;963,7;963,7;963,7;2352;22,3;18;22,3;22,3;18;18;79;79;79;55;5;2,7;
2026/04/01;1400 UTC;0;963,5;963,5;963,5;2869,6;23,6;16,2;23,6;23,6;16,2;16,2;63;63;63;57;5,9;3,7;
2026/04/01;1500 UTC;0;963,1;963,1;963,1;3097;25,3;19,2;25,3;25,3;19,2;19,2;69;69;69;39;4,8;2;
2026/04/01;1600 UTC;0;962,6;962,6;962,6;3087;26,1;18,3;26,1;26,1;18,3;18,3;61;61;61;118;2,5;1;
2026/04/01;1700 UTC;0;961,6;961,6;961,6;2864,8;26,8;18,1;26,8;26,8;18,1;18,1;57;57;57;43;2,5;1,6;
2026/04/01;1800 UTC;0;960,9;960,9;960,9;2478,3;27,2;18,6;27,2;27,2;18,6;18,6;57;57;57;102;2,6;1,5;
2026/04/01;1900 UTC;0;960,8;960,8;960,8;1838,6;27,6;18,6;27,6;27,6;18,6;18,6;55;55;55;111;2,7;1,6;
2026/04/01;2000 UTC;0;960,9;960,9;960,9;894,8;26,5;18,6;26,5;26,5;18,6;18,6;61;61;61;124;3,8;2,3;
2026/04/01;2100 UTC;0;961,1;961,1;961,1;178,5;24,5;17,5;24,5;24,5;17,5;17,5;65;65;65;102;3,6;1,6;
2026/04/01;2200 UTC;0;961,4;961,4;961,4;0;22;17,2;22;22;17,2;17,2;76;76;76;143;1,9;1,2;
2026/04/01;2300 UTC;0;962,2;962,2;962,2;0;20,8;18;20,8;20,8;18;18;86;86;86;134;2,3;1,5;
2026/04/02;0000 UTC;0;962,5;962,5;962,5;0;20,3;18,9;20,3;20,3;18,9;18,9;93;93;93;100;3,6;1,9;
2026/04/02;0100 UTC;0;962,8;963,1;962,5;0;20;19;20,3;19,8;19,1;18,9;97;93;95;83;4,8;2,3;
2026/04/02;0200 UTC;0;963,3;963,7;963;0;19,6;19,1;19,7;19,5;19,3;19;98;97;98;75;3,3;1,5;
2026/04/02;0300 UTC;0;963,6;963,7;963,3;0;19,4;19,1;19,5;19,1;19,2;19;100;98;99;74;4,5;2,3;
2026/04/02;0400 UTC;0;963,3;963,4;963,2;0;18,9;18,9;19,1;18,7;19;18,6;100;99;100;56;2,2;1,2;
2026/04/02;0500 UTC;0;963,2;963,4;962,9;0;19,1;19,2;19,1;18,9;19,2;19;100;100;100;51;3,2;1,6;
2026/04/02;0600 UTC;0;962,6;962,8;962,3;0;18,8;18,9;19;18,6;19,1;18,7;100;100;100;130;2,6;1,1;
2026/04/02;0700 UTC;0;962,2;962,3;961,9;0;18,2;18,3;18,6;17,7;18,6;17,7;100;100;100;71;1,2;,7;
2026/04/02;0800 UTC;0;961,9;962;961,8;0;17,1;17,1;17,7;16,7;17,7;16,8;100;100;100;281;,6;,2;
2026/04/02;0900 UTC;0;962;962,1;961,9;0;16,8;16,8;17,2;16,5;17,3;16,6;100;100;100;220;,6;,4;
2026/04/02;1000 UTC;0;962,2;962,3;962,1;6,2;17,1;17,2;17,5;16,5;17,6;16,6;100;100;100;124;,3;,2;
2026/04/02;1100 UTC;0;962,5;963;962,3;356,7;18,5;18,6;20,6;17;20,7;17,1;100;100;100;209;,5;,1;
2026/04/02;1200 UTC;0;963,3;963,6;963;1222,3;21;19,9;22;20;20,8;19,3;100;87;94;116;2,6;1,6;
2026/04/02;1300 UTC;,2;963,7;963,8;963,5;1806,7;23,1;19,9;24,1;22;20,4;19,4;89;79;84;48;4,8;2,2;
2026/04/02;1400 UTC;0;963,9;964,1;963,5;2458,6;24,1;19,4;24,9;23,4;19,9;18,7;82;72;76;166;3,5;1,2;
2026/04/02;1500 UTC;0;963,8;964;963,6;2290,8;25,3;19,4;26,6;24,5;20,6;18,5;74;62;71;201;4,2;1,4;
2026/04/02;1600 UTC;0;963,6;963,8;963,4;2275,6;26;19,2;26,6;25,1;20,2;18,3;71;60;66;145;5;2,1;
2026/04/02;1700 UTC;0;963;963,4;962,7;1911,3;26;19;26,7;25,3;19,9;18,1;71;60;65;141;3,1;1,1;
2026/04/02;1800 UTC;0;962,4;962,7;962,2;1872;26,6;19;27,6;25,8;20,6;18,1;70;57;62;94;2,9;1,4;
2026/04/02;1900 UTC;0;962,3;962,4;962,2;1388,5;26,8;18,4;27,6;25,9;19,4;17,8;65;53;58;158;3,7;1,7;
2026/04/02;2000 UTC;0;962,5;962,6;962,3;1306,9;27,1;18,9;27,6;26,7;19,7;18;62;53;59;109;4,5;2,6;
2026/04/02;2100 UTC;0;962,8;963;962,5;595,7;26;18,9;26,8;24,7;19,3;18,5;70;59;64;122;3,4;1,9;
2026/04/02;2200 UTC;0;963,2;963,5;963;23,9;23,5;18,5;24,7;22,7;19,1;17,8;76;71;75;150;3,6;1,8;
2026/04/02;2300 UTC;0;963,7;963,8;963,5;0;21,7;18;22,7;21;19,1;17,5;90;76;81;108;4,4;2;
2026/04/03;0000 UTC;0;964;964,3;963,8;0;21;19,2;21,2;20,5;19,3;19,1;94;90;91;129;2,9;1,6;
2026/04/03;0100 UTC;0;964,8;965,1;964,4;0;20,4;19,5;20,5;20,1;19,6;19,2;97;94;96;88;2,4;1,2;
2026/04/03;0200 UTC;0;965;965,1;964,9;0;20;19,7;20,1;19,9;19,9;19,6;99;97;98;90;3,2;1,7;
2026/04/03;0300 UTC;0;964,9;965;964,8;0;20;19,8;20,1;19,8;20;19,6;99;99;99;96;3,2;1,7;
2026/04/03;0400 UTC;0;964,9;965,1;964,7;0;19,8;19,6;19,8;19,7;19,7;19,4;100;98;99;79;4;2;
2026/04/03;0500 UTC;0;964,7;964,9;964,6;0;19,6;19,2;19,8;19,4;19,4;19,1;99;98;98;68;2,3;1,3;
2026/04/03;0600 UTC;0;964,4;964,7;964,3;0;19,2;19;19,4;18,8;19,3;18,5;99;98;99;277;1,5;,5;
2026/04/03;0700 UTC;0;964,1;964,3;963,9;0;18,2;18,1;18,7;17,8;18,6;17,7;100;99;99;158;1,1;,3;
2026/04/03;0800 UTC;0;964,1;964,2;964;0;18;18;18,2;17,7;18,3;17,8;100;100;100;144;,6;,2;
2026/04/03;0900 UTC;0;964,4;964,5;964,2;0;17,9;18;18,4;17,6;18,5;17,7;100;100;100;72;,8;,5;
2026/04/03;1000 UTC;0;964,7;964,8;964,5;10,6;18,3;18,4;18,6;17,8;18,6;17,8;100;100;100;51;1,4;,7;
2026/04/03;1100 UTC;0;965;965,1;964,8;442,2;19,1;19,1;20;18,1;20,1;18,2;100;99;100;175;2,1;,7;
2026/04/03;1200 UTC;0;965,5;965,8;965,1;906;20,4;19,1;22,2;19,3;20,1;18;99;80;93;77;2,4;1,2;
2026/04/03;1300 UTC;0;965,8;965,9;965,8;1802,8;23,2;18,5;24,3;22;19,3;17,9;85;70;76;65;3,5;1,7;
2026/04/03;1400 UTC;0;965,8;965,9;965,6;2513,7;24,9;18,2;25,7;24,2;19,4;17,5;74;62;67;148;2,7;1,1;
2026/04/03;1500 UTC;0;965,5;965,7;965,4;2851,3;26,2;18,9;27;24,9;19,8;18,2;69;58;64;296;3;1,3;
2026/04/03;1600 UTC;0;965,3;965,5;965,2;3018,7;27,2;18,9;27,8;26,1;19,9;18;61;55;58;252;4;2;
2026/04/03;1700 UTC;0;964,9;965,3;964,5;3056,4;27,7;18,6;28,2;26,8;19,9;17,9;61;50;55;181;4,5;2,7;
2026/04/03;1800 UTC;0;964,3;964,6;964;2756,3;28,2;18,4;29;27,6;19,8;17,7;58;46;51;143;3,4;1,5;
2026/04/03;1900 UTC;0;964;964,1;964;1951,6;28,3;18,2;28,9;27,8;19,3;17,8;53;48;50;194;3,5;2,2;
2026/04/03;2000 UTC;0;963,6;963,9;963,4;1263,6;28,5;17,9;29;27,9;18,9;17,4;51;46;47;245;2;1;
2026/04/03;2100 UTC;0;963,7;963,9;963,6;504,4;27,3;18,1;28,5;25,7;19,1;17,2;67;46;54;104;4,3;2,1;
2026/04/03;2200 UTC;0;964,3;964,7;963,9;17,6;24,2;18,7;25,6;23,1;19,2;18,5;77;67;73;119;2,2;1,1;
2026/04/03;2300 UTC;0;965,1;965,5;964,7;0;22,6;18,3;23;22,1;18,5;18,1;82;77;79;150;3,6;2,3;
2026/04/04;0000 UTC;0;965,7;965,9;965,4;0;21,4;18,9;22,1;20,9;19,4;18,5;92;82;88;135;4,1;2,2;
2026/04/04;0100 UTC;0;965,9;966;965,8;0;20,6;19,7;20,9;20,5;20,1;19,3;98;92;96;78;3,9;2;
2026/04/04;0200 UTC;0;965,8;966,1;965,5;0;20,5;20,2;20,6;20,4;20,3;20,1;99;98;99;51;5,2;2,9;
2026/04/04;0300 UTC;0;965,8;966;965,6;0;20,4;20,3;20,5;20,2;20,4;20,2;100;99;99;44;3,7;1,9;
2026/04/04;0400 UTC;0;965,6;965,8;965,5;0;19,9;20;20,2;19,8;20,2;19,8;100;100;100;114;3,2;1,3;
2026/04/04;0500 UTC;0;965,4;965,7;965,1;0;19,6;19,7;19,8;19,5;19,8;19,6;100;100;100;224;4,4;1,7;
2026/04/04;0600 UTC;0;965;965,2;964,8;0;19,4;19,5;19,6;19,3;19,7;19,4;100;100;100;176;3,4;1,3;
2026/04/04;0700 UTC;0;964,6;964,8;964,2;0;19,7;19,7;19,7;19,6;19,8;19,7;100;100;100;184;4,2;1,6;
2026/04/04;0800 UTC;0;964,2;964,3;964;0;19,6;19,7;19,7;19,6;19,8;19,7;100;100;100;296;3,5;1,9;
2026/04/04;0900 UTC;0;964,7;965,2;964,2;0;19,5;19,6;19,6;19,5;19,7;19,5;100;100;100;293;3,8;1,9;
2026/04/04;1000 UTC;0;965,4;965,6;965,1;17,2;19,6;19,6;19,7;19,5;19,7;19,4;100;99;100;110;2,1;1,1;
2026/04/04;1100 UTC;0;965,4;965,6;965,4;204;19,7;19,6;20,1;19,5;19,7;19,4;100;98;99;325;3;1,6;
2026/04/04;1200 UTC;0;966,1;966,4;965,6;715,7;21,6;19,7;22,1;20,1;20,2;19,4;98;86;91;325;5,4;2,6;
2026/04/04;1300 UTC;0;966,5;966,8;966;687,5;22,5;20,1;23,2;22,1;20,8;19,6;90;85;88;315;2,7;1,7;
2026/04/04;1400 UTC;0;966,6;966,8;966,4;1379;23,9;20,4;24,5;23,1;20,9;20,1;87;79;83;272;5,6;3,2;
2026/04/04;1500 UTC;0;966,6;966,8;966,4;1385;24,4;20,3;24,9;24,1;20,8;19,9;82;77;80;231;5,7;2,8;
2026/04/04;1600 UTC;0;966,8;966,9;966,7;1534,9;24,7;20,1;25,3;24,3;20,8;19,8;80;73;77;216;6,2;3,2;
2026/04/04;1700 UTC;0;966,8;966,9;966,6;1395,3;24,2;19,8;25,3;22,5;20,4;19,3;85;72;78;173;9,3;5,1;
2026/04/04;1800 UTC;0;967,2;967,3;966,9;300,4;21,4;19,1;22,4;20,8;19,6;18,8;92;85;88;167;9,2;5,3;
2026/04/04;1900 UTC;0;967,4;967,6;967;414,5;20,4;18,5;20,9;19,7;19,1;17,7;93;88;90;166;10,5;5,6;
2026/04/04;2000 UTC;0;967,8;968,2;967,4;187,3;18,3;17,1;19,7;17,4;17,8;16,2;96;90;94;157;11,4;4,3;
2026/04/04;2100 UTC;0;968,2;968,5;968;72,4;16,7;15,6;17,6;15,9;16,4;14,9;96;93;95;155;9,7;5,7;
2026/04/04;2200 UTC;0;968,7;969;968,2;3,2;15,5;14,7;15,9;15,3;14,9;14,3;97;95;96;152;9,2;4,9;
2026/04/04;2300 UTC;0;969,7;970,2;969;0;14,9;13,8;15,2;14,5;14,2;13,4;96;93;94;153;9,3;5;
2026/04/05;0000 UTC;0;970,3;970,6;970,1;0;14,2;13,3;14,5;14,1;13,6;13,1;97;95;96;150;8,5;5;
2026/04/05;0100 UTC;0;970,9;971,2;970,6;0;14,2;12,8;14,2;14,1;13,2;12,5;95;92;93;151;9,2;4,8;
2026/04/05;0200 UTC;0;971,2;971,4;970,9;0;14;12;14,1;13,9;12,6;11,4;92;87;90;154;9,1;4,5;
2026/04/05;0300 UTC;0;971,5;971,7;971,3;0;13,9;10,9;14;13,7;11,4;10,5;87;84;85;152;7,9;4,2;
2026/04/05;0400 UTC;0;971,3;971,5;971;0;13,6;10,4;13,7;13,4;10,6;10,2;85;83;84;154;7,5;3,8;
2026/04/05;0500 UTC;0;971,3;971,5;971;0;13,4;10,2;13,5;13,3;10,3;10,1;85;83;84;140;6,4;3,5;
2026/04/05;0600 UTC;0;971,1;971,2;971;0;13,3;10,1;13,3;13,2;10,2;10;85;83;84;148;7,4;3,7;
2026/04/05;0700 UTC;0;971;971,1;970,8;0;13,3;10,1;13,3;13,2;10,3;10;86;83;84;146;5,3;2,8;
2026/04/05;0800 UTC;0;971,1;971,4;970,8;0;13;10,3;13,2;12,9;10,4;10,2;87;85;86;145;4,4;2,4;
2026/04/05;0900 UTC;0;971,7;972;971,3;0;13,2;10,3;13,2;13,1;10,5;10,1;87;85;86;136;5,8;2,1;
2026/04/05;1000 UTC;0;972,4;972,8;972;3,1;13,2;10,6;13,2;13,1;11;10,4;89;86;87;128;3,3;1,8;
2026/04/05;1100 UTC;0;972,6;973;972,4;172,2;13,7;10,7;14,1;13,2;10,9;10,3;88;81;85;132;5,2;2,8;
2026/04/05;1200 UTC;0;973;973,2;972,8;317,8;14,7;10,1;15,1;14,1;10,5;9,6;82;74;77;114;7;3,6;
2026/04/05;1300 UTC;0;973,1;973,2;973;870,1;16;9,8;17;15,2;10,5;9,4;76;64;69;113;8,5;4,1;
2026/04/05;1400 UTC;0;973,2;973,3;973;1431,9;17,2;9,5;17,5;16,9;10,2;9,1;64;60;62;113;8,6;4,3;
2026/04/05;1500 UTC;0;972,6;973;972,2;1699,6;17,8;10,4;18,4;17,4;11,4;9,8;66;61;63;102;7,5;4,3;
2026/04/05;1600 UTC;0;972,2;972,4;972;1977,6;18,7;11,6;19;18,2;12;11,2;69;62;64;117;7,6;4,5;
2026/04/05;1700 UTC;0;971,9;972;971,8;2090,2;19,5;12,2;19,9;19;12,7;11,8;66;61;63;111;7,2;4,3;
2026/04/05;1800 UTC;0;971,7;971,9;971,6;1409;19,2;11,9;19,6;19;12,4;11,5;66;61;63;110;7;3,7;
2026/04/05;1900 UTC;0;971,5;971,7;971,4;854,1;18,9;11,7;19,5;18,5;12;11,4;67;61;64;85;7;3,3;
2026/04/05;2000 UTC;0;971,5;971,7;971,4;310,7;18,3;11,4;18,5;18;11,9;11,2;67;64;66;97;6,7;3,2;
2026/04/05;2100 UTC;0;971,3;971,5;971,1;141,3;17,7;11;17,9;17,4;11,4;10,8;69;65;67;106;5,8;3,2;
2026/04/05;2200 UTC;0;971,2;971,4;971,1;7,5;16,8;10,6;17,4;16,3;11;10,3;71;67;69;97;5,8;3,3;
2026/04/05;2300 UTC;0;971,3;971,6;970,7;0;16;10,3;16,3;15,7;10,5;10,2;74;70;72;103;7;3,8;
2026/04/06;0000 UTC;0;971,7;971,9;971,4;0;15,4;10;15,7;15,1;10,5;9,7;75;72;73;95;6,7;3,6;
2026/04/06;0100 UTC;0;971,8;972;971,5;0;14,9;9,7;15;14,8;9,9;9,5;75;73;74;94;6,2;3,4;
2026/04/06;0200 UTC;0;971,7;971,9;971,3;0;14,8;10,2;14,9;14,6;10,5;9,9;79;75;77;75;6,2;3,3;
2026/04/06;0300 UTC;0;971,6;971,8;971,5;0;14,5;10,5;14,6;14,3;10,7;10,4;81;79;80;91;4,8;2,6;
2026/04/06;0400 UTC;0;970,9;971,6;970,6;0;14,4;10,8;14,5;14,2;10,9;10,6;84;81;82;80;6,1;3;
2026/04/06;0500 UTC;0;970,9;971,1;970,6;0;14,2;11,2;14,4;14;11,4;10,9;86;83;85;59;5,2;2,7;
2026/04/06;0600 UTC;0;970,2;970,6;969,8;0;14,6;11,5;14,9;14,2;11,7;11,4;86;84;84;58;6;3,2;
2026/04/06;0700 UTC;0;969,6;969,8;969,4;0;14,9;12;15;14,9;12,2;11,7;87;84;85;57;5,5;2,7;
2026/04/06;0800 UTC;0;969,4;969,5;969;0;15,1;12,5;15,6;14,7;12,8;12,2;88;86;87;73;6,3;3,8;
2026/04/06;0900 UTC;0;968,7;969,1;968,1;0;15,6;13,1;15,7;15,4;13,3;12,9;89;86;88;71;6;3,1;
2026/04/06;1000 UTC;0;969;969,1;968,9;,6;15,4;13,4;15,5;15,3;13,5;13,3;91;89;90;57;6,5;3,6;
2026/04/06;1100 UTC;0;969,5;969,8;969,1;85,1;15,8;13,8;16,1;15,4;14;13,5;91;89;90;52;5,6;2,9;
2026/04/06;1200 UTC;0;969,8;969,9;969,6;177,7;16,5;14,4;16,7;16,1;15;14;93;88;90;62;7,2;4;
2026/04/06;1300 UTC;,2;969,7;969,9;969,6;464,9;16,5;15,3;16,9;16,2;15,5;15;95;93;94;53;7,1;3,9;
2026/04/06;1400 UTC;0;969,7;969,9;969,5;1033,7;18;15,8;19;16,9;16,3;15,4;93;85;89;57;7,5;4,2;
2026/04/06;1500 UTC;0;969,2;969,6;968,7;596,8;18,9;16,4;19,1;18,7;16,7;16;90;85;87;57;6,8;3,2;
2026/04/06;1600 UTC;1;968,4;968,9;967,9;497,3;18,9;17,2;19,2;18,4;17,6;16,7;96;89;91;64;6,5;3,4;
2026/04/06;1700 UTC;1,8;967,2;967,8;966,8;515,3;18,4;18,1;18,8;18,2;18,6;17,6;99;97;99;59;7,1;3,6;
2026/04/06;1800 UTC;0;966,6;966,8;966,4;501,2;19,1;18,5;19,8;18,8;18,7;18,4;99;94;97;58;6,7;3,8;
2026/04/06;1900 UTC;0;966,3;966,5;965,9;842,5;20,4;19;20,6;19,9;19,2;18,7;95;91;93;60;8,2;4;
2026/04/06;2000 UTC;0;965,6;965,9;965,3;436,4;20,3;18,8;20,6;20;19,2;18,6;94;91;92;63;7,6;4;
2026/04/06;2100 UTC;0;965,5;965,8;965,2;121,9;19,8;18,6;20;19,6;18,8;18,3;94;93;94;58;7,7;4;
2026/04/06;2200 UTC;0;965,7;966,1;965,2;2,9;19,5;18,4;19,7;19,4;18,4;18,3;95;93;95;63;7,1;3,9;
2026/04/06;2300 UTC;0;965,6;965,8;965,4;0;19,4;18,5;19,5;19,4;18,6;18,4;96;95;95;64;7,8;4,3;
2026/04/07;0000 UTC;0;965,8;966;965,6;0;19,6;18,7;19,7;19,5;18,7;18,6;95;95;95;60;6,8;3,6;
2026/04/07;0100 UTC;,2;965;966,2;964,1;0;19,6;18,8;19,8;19,3;19;18,6;99;94;96;70;7,3;3,5;
2026/04/07;0200 UTC;0;965,1;965,5;964,5;0;19,5;19,2;19,7;19,3;19,4;19;99;99;99;62;6,6;3,7;
2026/04/07;0300 UTC;0;964,8;965,4;964,2;0;19,8;19,6;19,9;19,7;19,7;19,4;99;99;99;57;6,8;3,7;
2026/04/07;0400 UTC;0;964;964,4;963,6;0;20;19,7;20,1;19,9;19,8;19,7;99;98;98;51;6,1;3,4;
2026/04/07;0500 UTC;1,4;964,2;964,7;963,6;0;20;19,9;20;19,9;20;19,8;100;99;100;314;3,8;2,2;
2026/04/07;0600 UTC;3;963,9;964,7;963,2;0;19,9;19,9;20;19,7;20;19,8;100;100;100;188;4,1;1,9;
2026/04/07;0700 UTC;,4;962,7;963,2;962,2;0;19,7;19,7;19,7;19,6;19,8;19,7;100;100;100;135;3,4;1,2;
2026/04/07;0800 UTC;1,2;961,9;962,2;961,7;0;19,6;19,6;19,6;19,5;19,7;19,6;100;100;100;184;4,8;2,2;
2026/04/07;0900 UTC;2,6;960,9;961,7;959,6;0;19,5;19,6;19,6;19,4;19,7;19,4;100;100;100;53;10,8;4,6;
2026/04/07;1000 UTC;,8;959;959,5;958;,9;19,5;19,6;19,6;19,4;19,6;19,5;100;100;100;64;7,8;3,6;
2026/04/07;1100 UTC;0;960,3;960,9;959,3;72;19,5;19,2;19,6;19,4;19,5;19;100;98;99;227;7;2,7;
2026/04/07;1200 UTC;0;961;961,1;960,8;137,4;19,9;19,5;20;19,7;19,7;19,2;99;98;98;293;6,8;3,1;
2026/04/07;1300 UTC;0;961,3;961,4;960,9;321,4;20;19,7;20,1;19,9;19,9;19,6;99;98;99;326;10,9;5,9;
2026/04/07;1400 UTC;0;961,1;961,4;960,4;535;20,3;19,6;20,4;20,1;19,8;19,5;98;96;96;322;9,1;5,8;
2026/04/07;1500 UTC;0;959,9;960,3;959,6;394,1;20,2;19,3;20,3;20,1;19,5;19,1;96;95;96;324;9,3;5,2;
2026/04/07;1600 UTC;,2;959,3;959,7;959;359,1;19,7;19,2;20,1;19,5;19,3;19;99;95;97;321;7,8;4,2;
2026/04/07;1700 UTC;1,2;958,6;959;957,8;201,7;19,4;19,2;19,6;19,3;19,3;19,1;100;99;99;217;5,8;2,5;
2026/04/07;1800 UTC;4,5;957;957,9;955,9;237,2;19,1;19,1;19,3;18,9;19,2;18,8;100;99;100;131;4,7;1,5;
2026/04/07;1900 UTC;0;955,8;956;955,6;327,8;19,1;19;19,3;19;19,4;18,8;100;99;100;288;4,9;2,1;
2026/04/07;2000 UTC;2;955,6;956;955,1;177,8;18,9;18,8;19,2;18,7;19;18,7;100;99;99;300;2,9;1,6;
2026/04/07;2100 UTC;1,6;955;955,1;954,9;63,4;18,7;18,8;18,8;18,7;18,8;18,7;100;100;100;327;3,1;1,9;
2026/04/07;2200 UTC;2;954,9;955;954,8;5,6;18,8;18,9;18,9;18,8;19;18,8;100;100;100;280;2,9;1,7;
2026/04/07;2300 UTC;,2;954,7;954,9;954,6;0;18,9;18,9;19;18,8;19,1;18,8;100;100;100;302;6,6;3,6;
2026/04/08;0000 UTC;,8;955,1;955,2;954,7;0;19;18,9;19,1;18,6;19,1;18,4;100;98;99;274;8,4;4,4;
2026/04/08;0100 UTC;,2;955,2;955,3;955,2;0;18,6;18,6;18,7;18,5;18,7;18,4;100;99;100;277;8,7;4,8;
2026/04/08;0200 UTC;,8;955,4;955,6;955,2;0;18,6;18,6;18,7;18,2;18,8;18,2;100;99;100;265;9,2;5,3;
2026/04/08;0300 UTC;3;955,6;955,8;955,5;0;18,1;18,1;18,3;18;18,2;17,9;100;99;100;273;7,8;4,3;
2026/04/08;0400 UTC;,4;955,3;955,6;955,1;0;17,9;17,5;18;17,7;17,9;17,1;99;97;98;280;9,5;5;
2026/04/08;0500 UTC;0;954,8;955,2;954,4;0;17,6;16,7;17,7;17,3;17,1;16,1;98;94;96;278;12,8;7,2;
2026/04/08;0600 UTC;0;955;955,3;954,4;0;17,1;16,4;17,3;16,8;16,6;15,9;98;94;96;273;11,9;6,3;
2026/04/08;0700 UTC;,4;955;955,3;954,7;0;16,5;16;16,8;16,2;16,2;15,7;98;95;98;277;12,6;7,1;
2026/04/08;0800 UTC;,2;954,6;954,8;954,4;0;16,2;15,8;16,3;16,1;16;15,6;100;97;98;282;14,5;7,6;
2026/04/08;0900 UTC;1,2;955,1;955,6;954,5;0;16,1;15,9;16,2;16,1;16;15,9;99;99;99;276;13,5;6,8;
2026/04/08;1000 UTC;1,6;956,1;956,7;955,5;1,4;16,2;15,9;16,2;16,1;16;15,7;99;98;99;258;13,5;5,7;
2026/04/08;1100 UTC;,6;957,1;957,6;956,5;107,1;16,3;15,6;16,5;16,2;15,8;15,3;98;94;97;266;11,6;6,1;
2026/04/08;1200 UTC;0;958,1;958,6;957,7;152,5;16,5;15,4;16,6;16,3;15,6;15,2;96;93;95;256;10,4;5,1;
2026/04/08;1300 UTC;0;958,9;959,2;958,5;246,1;16,7;15,6;16,9;16,5;16;15,4;96;93;94;256;11,3;5,6;
2026/04/08;1400 UTC;,6;959,5;959,9;959,1;675,2;16,9;16,2;17,3;16,7;16,6;15,9;97;95;96;253;9,3;5,1;
2026/04/08;1500 UTC;,8;960,1;960,3;959,7;1254,4;17,8;16,7;18,3;17,3;17,1;16,5;97;91;95;228;10,6;4,3;
2026/04/08;1600 UTC;,8;960,2;960,4;960;1732,9;18,9;16,8;19,5;18,2;17,4;16,2;94;84;89;250;9,5;3,9;
2026/04/08;1700 UTC;2;960,1;960,4;960;1717,7;19,1;17,1;20;18,1;17,8;16,7;97;85;90;221;13,4;5;
2026/04/08;1800 UTC;,4;960,2;960,3;960,1;1569,8;19;17,4;19,9;18,1;18;16,8;96;84;92;217;8,6;3,9;
2026/04/08;1900 UTC;0;960,2;960,4;960,1;1270;20;17,1;20,6;19,6;17,8;16,5;89;81;85;249;7,5;3,7;
2026/04/08;2000 UTC;0;960,4;960,7;960,2;918;20,4;16,6;21;20,1;17,3;16;84;78;81;237;9,5;4,7;
2026/04/08;2100 UTC;0;961,1;961,5;960,5;289,9;19,5;16,2;20,2;18,5;16,5;15,9;88;80;84;236;8,9;3,8;
2026/04/08;2200 UTC;,4;961,9;962,3;961,5;9,9;18,1;16,2;18,5;17,6;16,5;16;94;88;90;234;6,8;2,9;
2026/04/08;2300 UTC;0;962,6;962,9;962,2;0;17;16;17,6;16,8;16,6;15,6;97;92;95;224;4,1;1,7;
2026/04/09;0000 UTC;,6;963,5;963,9;962,9;,5;16,9;16,2;17,3;16,3;16,7;15,5;97;94;97;198;5,8;3;
2026/04/09;0100 UTC;0;963,9;964,1;963,8;0;16,4;15,8;16,7;16,1;16;15,7;98;97;97;206;3,5;1,6;
2026/04/09;0200 UTC;0;964,2;964,4;964;0;15,9;15,5;16,1;15,7;15,8;15,2;98;97;98;202;5;2,5;
2026/04/09;0300 UTC;0;964,4;964,4;964,3;0;15,4;15;15,7;15,2;15,2;14,8;98;97;98;210;3;1,7;
2026/04/09;0400 UTC;,2;964,4;964,5;964,2;0;15,1;14,8;15,2;14,9;14,9;14,7;99;98;98;214;4,3;1,7;
2026/04/09;0500 UTC;0;964,5;964,7;964,4;0;14,8;14,5;15;14,6;14,8;14,3;99;98;99;203;6,4;3,4;
2026/04/09;0600 UTC;0;964,5;964,6;964,4;0;14,4;14,1;14,6;14,2;14,3;14;99;98;99;207;6,5;4,1;
2026/04/09;0700 UTC;0;964,3;964,4;964,2;0;14,2;13,8;14,2;14,1;14;13,5;99;97;98;196;8,8;5,3;
2026/04/09;0800 UTC;0;964,6;964,9;964,3;0;14;13,4;14,1;14;13,5;13,2;97;96;97;200;8,7;5;
2026/04/09;0900 UTC;0;965,4;965,8;964,9;0;13,9;13,3;14;13,8;13,5;13,2;98;96;97;193;6,6;3,9;
2026/04/09;1000 UTC;0;966,3;966,7;965,8;2;14;13,2;14,1;13,9;13,3;13,1;97;95;96;199;6,7;3,8;
2026/04/09;1100 UTC;0;967,3;967,8;966,7;194,3;14;13,3;14,3;13,9;13,5;13;97;94;96;215;6;2,7;
2026/04/09;1200 UTC;0;968,2;968,5;967,8;658,5;14,6;13,3;15,2;14,3;13,6;12,8;96;90;94;220;5;2,1;
2026/04/09;1300 UTC;0;968,7;968,9;968,5;1567,5;15,6;13,1;16,5;15;13,7;12,5;93;83;87;222;5,2;2,4;
2026/04/09;1400 UTC;0;969;969,1;968,8;2177,1;16,7;12,9;17,3;15,8;13,8;12,2;86;76;81;211;5,9;2,8;
2026/04/09;1500 UTC;0;969;969,1;968,8;2442,1;17,5;13;18,3;17,2;13,8;12,3;81;72;77;206;6,1;3,2;
2026/04/09;1600 UTC;0;968,7;968,8;968,4;2279,8;18;12,9;18,9;17,4;13,9;12,4;80;69;75;222;6,2;2,4;
2026/04/09;1700 UTC;0;967,9;968,4;967,6;3014,2;19,6;13;20,3;18,6;13,7;11,6;74;58;67;222;6,6;3,7;
2026/04/09;1800 UTC;0;967,5;967,6;967,4;1880,1;19,8;12,7;20,7;19;13,8;12;69;59;64;205;7,1;4,1;
2026/04/09;1900 UTC;0;967,4;967,5;967,3;1672,8;19,9;12,3;20,7;19,3;13;11,5;65;59;62;205;7,6;3,3;
2026/04/09;2000 UTC;0;967,4;967,5;967,3;1195,2;20,1;11,8;20,4;19,8;12,4;11,3;62;56;59;208;5,8;3,2;
2026/04/09;2100 UTC;0;967,6;967,7;967,5;359,9;19,1;12,1;20,4;18;12,5;11,7;71;57;65;197;4,7;2,7;
2026/04/09;2200 UTC;0;967,8;967,9;967,7;10,4;16,7;12,4;17,9;15,8;12,9;12;83;71;78;182;2,4;1,4;
2026/04/09;2300 UTC;0;968,2;968,4;967,9;0;14,7;12,3;16;13,9;12,6;11,5;93;78;88;181;1,2;,7;
2026/04/10;0000 UTC;0;968,5;968,7;968,4;0;14,1;12,1;14,3;13,8;12,7;11,8;95;88;90;164;2,4;1,2;
2026/04/10;0100 UTC;0;968,9;969,3;968,7;0;14;11,8;14,5;13,7;12,1;11,5;92;85;89;126;3,1;1,7;
2026/04/10;0200 UTC;0;969,3;969,5;969,2;0;13,3;11,9;13,9;12,7;12,1;11,6;95;88;93;84;1,5;,9;
2026/04/10;0300 UTC;0;969,4;969,5;969,4;0;12,7;12,3;12,9;12,5;12,6;11,9;99;96;98;94;1,4;,8;
2026/04/10;0400 UTC;0;969,4;969,5;969,4;0;12,3;12,1;12,7;11,9;12,5;11,6;100;98;99;157;1,9;1,1;
2026/04/10;0500 UTC;0;969,5;969,5;969,4;0;11,5;11,5;12,1;11,2;12;11,1;100;99;100;114;1;,8;
2026/04/10;0600 UTC;0;969,5;969,6;969,4;0;11,6;11,7;12,1;11,3;12,2;11,4;100;100;100;150;2,4;1,6;
2026/04/10;0700 UTC;0;969,3;969,5;969,2;0;12;12;12,3;11,8;12,3;11,7;100;100;100;149;1,9;1,3;
2026/04/10;0800 UTC;0;969,3;969,4;969,2;0;11,8;11,9;12,1;11,6;12,2;11,6;100;100;100;155;2,2;1,6;
2026/04/10;0900 UTC;0;969,7;970;969,4;0;11,2;11,1;11,9;10,3;11,9;10,3;100;99;100;205;,5;,3;
2026/04/10;1000 UTC;0;970,2;970,5;970,1;2,5;10,3;10,3;10,5;10;10,6;10,1;100;100;100;137;1,2;,8;
2026/04/10;1100 UTC;0;970,9;971,3;970,5;345,3;11,5;11,5;13,4;10,2;13,2;10,3;100;99;100;227;,5;,3;
2026/04/10;1200 UTC;0;971,6;971,7;971,3;1136,9;15,2;12;16,1;13,4;14,2;10,4;99;73;84;127;2,3;1,3;
2026/04/10;1300 UTC;0;971,8;971,9;971,7;1919,6;17;10,8;18,5;15,9;11,9;9,7;79;60;69;131;2,4;1,3;
2026/04/10;1400 UTC;0;971,9;972;971,8;2564,5;18,5;10,6;19,2;17,7;11,6;9,4;68;54;60;167;5,4;3;
2026/04/10;1500 UTC;0;971,8;971,9;971,6;2761,4;19,2;10,3;19,8;18,8;11,4;9,4;61;52;55;161;4,2;1,9;
2026/04/10;1600 UTC;0;971,3;971,6;971;3258,5;19,8;10,3;20,4;19,4;11,3;9,6;58;47;52;171;5,4;2,3;
2026/04/10;1700 UTC;0;970,6;971;970,2;2935,1;20,7;10,4;21;20,3;11,7;9,5;54;44;49;134;3,9;2,1;
2026/04/10;1800 UTC;0;970;970,2;969,9;2548,6;20,9;10,6;21,3;20,4;11,7;9,9;55;44;48;185;3,2;1,7;
2026/04/10;1900 UTC;0;969,8;969,9;969,6;1960,1;21;10,9;21,3;20,7;11,8;10,2;53;47;49;101;3,1;1,5;
2026/04/10;2000 UTC;0;969,7;969,8;969,6;1192,2;20,9;10,8;21,4;20,5;11,6;10,2;53;47;50;134;3;1,4;
2026/04/10;2100 UTC;0;969,6;969,7;969,5;418,5;19,9;10,9;21,1;18,5;11,6;10,3;62;48;55;88;4;1,7;
2026/04/10;2200 UTC;0;969,9;970,1;969,7;7,2;17,1;10,3;18,4;16,4;10,9;9,9;68;62;66;92;3,7;1,8;
2026/04/10;2300 UTC;0;970,3;970,6;970;0;15,9;10,1;16,4;15,4;10,4;9,8;75;68;71;101;5,8;3,2;
2026/04/11;0000 UTC;0;970,8;970,9;970,6;0;14,8;10;15,4;14,2;10,3;9,7;78;74;76;77;4;1,8;
2026/04/11;0100 UTC;0;971;971,2;970,9;0;13;9,7;13,8;12,3;9,9;9,5;86;81;83;53;2,3;1,1;
2026/04/11;0200 UTC;0;971,1;971,1;970,9;0;12,7;9,2;12,8;12,3;9,5;9;86;82;83;65;2,7;1,5;
2026/04/11;0300 UTC;0;970,8;970,9;970,7;0;12,6;10,1;12,9;12,2;10,4;9,3;91;83;88;63;2,7;1,6;
2026/04/11;0400 UTC;0;970,9;971;970,7;0;12,5;11,3;12,7;12,1;11,9;10,4;96;91;94;61;3,5;1,6;
2026/04/11;0500 UTC;0;970,9;971;970,7;0;12;11,5;12,6;11,2;12,1;10,7;100;95;98;77;2;,6;
2026/04/11;0600 UTC;0;970,7;970,9;970,5;0;12,7;12,6;13,2;12,2;13,2;12,1;100;99;100;62;2,6;1,3;
2026/04/11;0700 UTC;0;970,3;970,5;970;0;13,5;13,5;13,5;13,2;13,6;13,3;100;100;100;66;3;1,5;
2026/04/11;0800 UTC;0;970;970;969,9;0;13,7;13,7;13,7;13,5;13,8;13,6;100;100;100;61;3,2;1,8;
2026/04/11;0900 UTC;0;970;970,3;969,8;0;13,5;13,6;13,7;13,4;13,8;13,5;100;100;100;63;3,5;1,6;
2026/04/11;1000 UTC;0;970,2;970,4;970;2,4;13,2;13,3;13,4;13;13,5;13,1;100;100;100;55;4,2;1,7;
2026/04/11;1100 UTC;0;970,4;970,5;970,3;196,2;12,8;12,9;13;12,7;13,1;12,8;100;100;100;61;3,2;1,4;
2026/04/11;1200 UTC;0;970,7;970,9;970,5;1119,5;14,5;14,2;16;13,1;15;13,1;100;89;98;57;6,2;3,2;
2026/04/11;1300 UTC;0;970,8;971;970,7;1919,5;17,6;13,5;18,7;16,1;14,1;13;89;72;79;66;6,4;3,1;
2026/04/11;1400 UTC;0;970,8;971;970,6;2503,2;19,4;13,8;20,6;18,5;15,4;13,1;75;70;72;72;6,3;2,3;
2026/04/11;1500 UTC;0;970,3;970,6;970;2868,2;21,2;15;22,1;20,4;15,9;14,1;71;66;69;64;6;3;
2026/04/11;1600 UTC;0;969,4;969,9;968,9;3011,1;22,9;15,4;23,4;22;15,9;14,7;68;59;63;58;9,3;4,2;
2026/04/11;1700 UTC;0;968,6;969;968,2;2830,2;23,7;15,6;24,2;23,2;16,5;15,2;64;57;60;76;7,5;3,2;
2026/04/11;1800 UTC;0;968;968,2;967,8;2483,9;24,4;16;24,8;23,7;16,9;15,2;61;56;58;69;6,2;3,1;
2026/04/11;1900 UTC;0;967,7;967,9;967,5;1881,5;24,5;16,1;24,8;24,3;16,6;15,4;60;55;58;70;7,5;3,3;
2026/04/11;2000 UTC;0;967,4;967,5;967,4;1110,5;24,2;16;24,5;23,9;16,4;15,7;61;57;59;100;6;2,4;
2026/04/11;2100 UTC;0;967,5;967,6;967,3;330,4;22,8;15,9;23,8;21,7;16,3;15,7;71;61;65;59;3,7;1,5;
2026/04/11;2200 UTC;0;967,6;967,7;967,4;9;20,8;15,3;21,7;20,1;15,9;15;74;71;73;57;4,8;2,8;
2026/04/11;2300 UTC;0;967,5;967,6;967,3;0;19,4;14,9;20,1;19;15,1;14,7;80;75;77;52;5,8;3;
2026/04/12;0000 UTC;0;967,8;968,1;967,6;0;19,5;15;19,7;19,3;15,2;14,7;80;75;77;64;5,7;2,7;
2026/04/12;0100 UTC;,2;968,1;968,3;967,9;0;18,8;15,5;19,3;17,7;16,2;15,2;92;80;84;48;4,6;2,3;
2026/04/12;0200 UTC;1;968,7;968,8;968,3;0;17,5;16,8;17,7;17,4;17,2;16,3;99;93;97;136;2,5;,8;
2026/04/12;0300 UTC;,4;968,2;968,5;967,8;0;17,3;17,2;17,4;17,3;17,3;17,1;100;99;99;53;3,6;1,7;
2026/04/12;0400 UTC;0;968,1;968,1;967,8;0;17,5;17,5;17,6;17,3;17,6;17,3;100;100;100;208;2,4;,6;
2026/04/12;0500 UTC;2;967,9;968,2;967,4;0;17,6;17,7;17,7;17,6;17,7;17,6;100;100;100;185;3,2;1,2;
2026/04/12;0600 UTC;0;967,4;967,7;967;0;17,8;17,8;17,9;17,7;17,9;17,7;100;100;100;308;4,4;2,6;
2026/04/12;0700 UTC;0;966,6;967;966,4;0;17,9;17,9;17,9;17,8;18;17,8;100;100;100;188;2,9;1,4;
2026/04/12;0800 UTC;0;966,7;967,1;966,3;0;17,9;17,9;18;17,8;18;17,9;100;100;100;81;2,6;,8;
2026/04/12;0900 UTC;0;967,3;968;966,7;0;18;18,1;18,3;17,9;18,4;17,9;100;100;100;219;5,1;2,4;
2026/04/12;1000 UTC;,2;967,8;968,2;967,2;,1;18,4;18,3;18,4;18,3;18,4;18,2;100;99;100;291;5,3;3,2;
2026/04/12;1100 UTC;0;968,4;968,6;968;32,6;18,4;18,4;18,5;18,4;18,4;18,3;100;99;100;258;5,1;2,3;
2026/04/12;1200 UTC;0;968,5;968,7;968,1;204,7;18,6;18,5;18,7;18,5;18,6;18,4;100;99;100;164;4,1;1,4;
2026/04/12;1300 UTC;0;968,3;968,5;968;301,6;18,8;18,6;19;18,6;18,8;18,5;100;98;99;176;6,2;2;
2026/04/12;1400 UTC;0;968,4;968,7;968,1;763,7;19,7;18,7;20,3;19;19;18,4;98;91;95;302;7;3,4;
2026/04/12;1500 UTC;0;968,3;968,7;968;1266,1;20,5;18,3;20,9;20,1;18,8;18;92;87;89;285;6,8;3,6;
2026/04/12;1600 UTC;0;967,8;968;967,5;733,8;20,8;18,2;21;20,5;18,6;17,9;89;85;87;321;8,9;4,7;
2026/04/12;1700 UTC;0;967,3;967,6;966,8;535;20,7;18,3;20,8;20,6;18,7;17,7;90;84;88;322;9,5;5,4;
2026/04/12;1800 UTC;0;966,6;966,8;966,5;702,1;20,6;17,9;21,1;20,1;18,1;17,7;90;84;86;324;8,4;4,8;
2026/04/12;1900 UTC;,2;966,6;966,7;966,6;334,1;19,3;18,4;20;18,8;18,8;17,9;99;90;96;324;6,8;3,6;
2026/04/12;2000 UTC;,2;966,6;966,8;966,6;181;18,8;18,6;18,8;18,7;18,8;18,5;100;99;99;320;5,4;2,4;
2026/04/12;2100 UTC;,4;966,9;967,2;966,6;31,4;18,7;18,7;18,8;18,5;18,8;18,6;100;100;100;321;4,7;2,6;
2026/04/12;2200 UTC;,8;967,3;967,5;967,1;,2;18,5;18,5;18,5;18,4;18,6;18,5;100;100;100;323;3,7;2,4;
2026/04/12;2300 UTC;0;967,6;967,7;967,5;0;18,4;18,5;18,4;18,4;18,5;18,4;100;100;100;274;2,9;1,2;
2026/04/13;0000 UTC;0;967,9;968;967,7;0;18,4;18,5;18,4;18,4;18,5;18,4;100;100;100;311;2,7;1,8;
2026/04/13;0100 UTC;,2;968;968,1;967,9;0;18,4;18,5;18,5;18,4;18,5;18,5;100;100;100;330;2,4;1,3;
2026/04/13;0200 UTC;0;968,1;968,1;968;0;18,5;18,5;18,5;18,4;18,6;18,5;100;100;100;295;2,5;,9;
2026/04/13;0300 UTC;0;968;968,1;967,8;0;18,5;18,5;18,5;18,4;18,6;18,5;100;100;100;106;1,2;,7;
2026/04/13;0400 UTC;0;967,8;967,9;967,8;0;18,4;18,5;18,5;18,3;18,6;18,3;100;100;100;319;,7;,3;
2026/04/13;0500 UTC;0;967,9;968;967,7;0;18,4;18,5;18,4;18,4;18,5;18,4;100;100;100;229;,9;,5;
2026/04/13;0600 UTC;0;967,7;967,8;967,5;0;18,3;18,4;18,4;18,2;18,5;18,3;100;100;100;248;1;,3;
2026/04/13;0700 UTC;0;967,5;967,6;967,3;0;17,8;17,9;18,2;17,4;18,3;17,5;100;100;100;255;1,9;,9;
2026/04/13;0800 UTC;0;967,6;967,6;967,5;0;17,5;17,6;17,8;17,1;17,9;17,1;100;100;100;181;1,3;,8;
2026/04/13;0900 UTC;0;967,6;967,9;967,4;0;17,4;17,5;17,6;17,2;17,7;17,2;100;100;100;161;1,1;,7;
2026/04/13;1000 UTC;0;967,9;968;967,8;2;17,6;17,7;17,9;17;18;17,1;100;100;100;127;2,6;1,7;
2026/04/13;1100 UTC;0;968,4;968,7;968;89,7;17,7;17,8;18;17,6;18,1;17,7;100;100;100;101;2,6;1,4;
2026/04/13;1200 UTC;0;969;969,5;968,7;453;18,3;18,3;18,6;18;18,7;18,1;100;100;100;86;3,3;1,5;
2026/04/13;1300 UTC;0;969,7;969,8;969,5;743;18,9;18,5;19,4;18,4;18,9;18,3;100;95;98;92;3,4;2;
2026/04/13;1400 UTC;0;969,9;970;969,8;966,2;19,6;18,3;20;19,4;18,9;18;97;90;93;67;3,6;1,6;
2026/04/13;1500 UTC;0;970;970,1;969,9;772,1;19,6;18,2;19,9;19,4;18,6;17,7;95;90;93;71;2,9;1,6;
2026/04/13;1600 UTC;0;969,8;970,1;969,6;1702,6;21;18;22,7;19,8;18,7;17,3;93;76;85;98;4,8;2,3;
2026/04/13;1700 UTC;0;969,1;969,5;968,9;1919,1;22,7;18,1;23,5;21,9;19;17,3;82;70;77;130;5;2,8;
2026/04/13;1800 UTC;0;968,7;968,9;968,4;1528,6;22,6;18,1;23,4;22,1;18,4;17,8;81;73;78;131;5,4;3,3;
2026/04/13;1900 UTC;0;968,1;968,4;967,8;972,9;22,7;17,7;23,4;22,2;18,2;17;77;73;75;104;5,6;3,1;
2026/04/13;2000 UTC;0;967,9;968;967,7;752,1;22,6;17,5;23,2;22;18;17;77;72;74;109;6;3;
2026/04/13;2100 UTC;0;968,1;968,3;967,8;224,1;21,7;18,1;22,4;20,8;18,5;17,4;88;77;82;118;5;2,5;
2026/04/13;2200 UTC;0;968,2;968,3;968;6,9;20,2;18,6;20,8;19,8;18,7;18,4;94;89;92;109;5,6;3,1;
2026/04/13;2300 UTC;0;968,6;968,9;968,3;0;19,5;18,4;19,8;19,3;18,5;18,4;95;94;95;107;7,1;3,9;
2026/04/14;0000 UTC;0;969,1;969,3;968,8;0;19,2;18,2;19,3;19;18,4;18;96;95;95;100;6,5;3,5;
2026/04/14;0100 UTC;0;969,4;969,5;969,2;0;18,9;18,1;19;18,8;18,2;18;97;95;96;90;6,6;3,2;
2026/04/14;0200 UTC;0;969,2;969,4;969;0;18,6;17,9;18,8;18,4;18,1;17,8;97;96;97;88;7,1;3,5;
2026/04/14;0300 UTC;0;968,8;969,1;968,5;0;18,3;17,7;18,4;18,1;17,8;17,6;98;97;97;73;6,8;3,2;
2026/04/14;0400 UTC;0;968,3;968,6;968;0;18,1;17,6;18,2;18,1;17,7;17,4;98;97;97;70;7,6;3,9;
2026/04/14;0500 UTC;0;968;968,2;967,9;0;18,1;17,4;18,1;18;17,5;17,2;97;96;97;66;6,5;3,1;
2026/04/14;0600 UTC;0;968;968,2;967,9;0;17,9;17,5;18;17,9;17,7;17,4;99;97;98;62;5,5;2,6;
2026/04/14;0700 UTC;0;967,7;968;967,4;0;17,9;17,8;18;17,8;17,9;17,6;100;99;99;74;4,5;2,2;
2026/04/14;0800 UTC;0;966,9;967,3;966,6;0;17,8;17,7;18;17,7;17,9;17,5;100;99;100;69;4,3;2,2;
2026/04/14;0900 UTC;0;966,6;966,9;966,5;0;18,2;18,2;18,4;17,8;18,4;17,9;100;100;100;60;5,7;2,7;
2026/04/14;1000 UTC;0;966,8;967;966,5;,9;18,5;18,5;18,6;18,4;18,6;18,4;100;100;100;58;5,1;2,7;
2026/04/14;1100 UTC;0;967,1;967,5;966,8;146;18,7;18,8;18,9;18,6;18,9;18,6;100;99;100;67;5,7;2,5;
2026/04/14;1200 UTC;0;967,7;968;967,4;627,7;19,5;18,4;20;18,9;18,7;18;99;91;94;97;6,8;2,4;
2026/04/14;1300 UTC;0;967,9;968,1;967,6;1602,7;21;18;21,9;19,7;18,8;17,7;92;81;85;85;6,9;2,8;
2026/04/14;1400 UTC;0;967,5;967,9;966,9;2153,9;22,7;18,4;23,6;21,8;19;18;84;73;79;104;7,3;3,3;
2026/04/14;1500 UTC;0;966,6;966,9;966,3;2367,7;24;18,5;24,6;23,5;19;18;77;69;72;191;6,8;2;
2026/04/14;1600 UTC;0;966;966,4;965,5;2462,2;24,8;18,8;25,6;24;19,5;18,3;75;67;70;124;5,2;2,4;
2026/04/14;1700 UTC;0;965,2;965,5;964,7;2627,4;25,6;19,3;26;25,2;19,8;18,8;71;64;68;55;6,6;3,4;
2026/04/14;1800 UTC;0;964,6;964,8;964,3;2409,6;26,3;19,4;26,8;25,8;20,3;18,9;70;62;66;105;4;2;
2026/04/14;1900 UTC;0;964,6;964,7;964,5;1396,2;25,6;19,4;26,1;25,1;19,7;19;72;66;69;60;5,9;2,9;
2026/04/14;2000 UTC;0;964,9;965,1;964,6;668,2;24,4;19,5;25,1;23,7;19,7;19,3;79;72;76;66;5,1;2,8;
2026/04/14;2100 UTC;0;965;965,1;964,8;196,2;23,2;19,7;23,7;22,8;19,8;19,6;85;80;82;78;4,8;2,4;
2026/04/14;2200 UTC;0;964,6;964,8;964,4;8,2;21,8;19,8;22,7;21;20;19,5;92;86;90;71;5,1;2,4;
2026/04/14;2300 UTC;0;964,8;965,1;964,4;0;20,4;19,1;21;20;19,5;18,6;94;93;93;71;5,5;3,3;
2026/04/15;0000 UTC;0;964,7;964,8;964,6;0;20;18,9;20,2;19,8;19,4;18,6;96;93;95;57;7,3;2,9;
2026/04/15;0100 UTC;0;964,7;964,9;964,6;0;20,3;19,6;20,4;20,1;19,7;19,4;97;96;96;58;5,4;2,5;
2026/04/15;0200 UTC;0;964,8;965,2;964,6;0;20,1;19,5;20,3;19,8;19,5;19,4;98;96;97;55;5,2;2,2;
2026/04/15;0300 UTC;0;965,4;965,6;965,1;0;19,7;19,4;19,9;19,7;19,5;19,4;99;98;99;66;5,1;2,4;
2026/04/15;0400 UTC;0;965,4;965,7;965,3;0;19,5;19,2;19,8;19,4;19,4;19,1;99;98;99;60;5,5;2,7;
2026/04/15;0500 UTC;0;965,7;965,9;965,5;0;19,4;19;19,4;19,4;19,1;18,9;99;97;98;65;6,1;3,5;
2026/04/15;0600 UTC;0;965,3;965,7;965,1;0;19,5;18,9;19,5;19,4;19;18,9;98;97;97;67;6,5;2,9;
2026/04/15;0700 UTC;0;964,8;965,1;964,7;0;19,6;19;19,7;19,5;19;18,9;97;96;97;60;6,6;3,6;
2026/04/15;0800 UTC;0;964,7;964,8;964,5;0;19,7;19,1;19,8;19,7;19,2;19;97;96;97;67;5,9;2,7;
2026/04/15;0900 UTC;0;964,9;965;964,7;0;19,9;19,3;20;19,7;19,3;19,2;97;96;97;58;5,4;2,9;
2026/04/15;1000 UTC;0;965,2;965,4;965;1,8;19,8;19;20;19,6;19,2;18,9;96;96;96;53;5,8;2,9;
2026/04/15;1100 UTC;0;965,4;965,6;965,3;86,6;19,5;18,7;19,6;19,5;18,9;18,7;96;95;96;57;5,8;2,9;
2026/04/15;1200 UTC;0;965,5;965,9;965,3;406,2;19,9;18,7;20,2;19,6;18,8;18,7;95;93;94;70;6,8;2,4;
2026/04/15;1300 UTC;0;965,7;965,9;965,4;947,1;20,9;18,5;21,7;20,2;18,8;18,1;92;83;88;82;7,9;2,5;
2026/04/15;1400 UTC;0;965,5;965,7;965,3;909,1;21,6;18,1;21,9;21,3;18,4;17,6;85;79;83;88;7,3;2,5;
2026/04/15;1500 UTC;0;965,2;965,7;964,7;963,3;22,1;17,1;22,3;21,8;18;16,6;81;72;75;65;6,4;2,9;
2026/04/15;1600 UTC;0;964,4;964,8;964;1575,1;22,9;17,2;23,5;22,4;17,8;16,9;76;68;71;59;8,2;4,7;
2026/04/15;1700 UTC;0;963,6;964;963,2;2578,4;24,2;17,7;25,2;23,5;18,6;17,2;70;63;67;111;8,5;3,2;
2026/04/15;1800 UTC;0;962,9;963,2;962,2;1367,7;24,3;17,9;25;23,8;18,4;17,5;70;64;68;60;8,1;4,4;
2026/04/15;1900 UTC;0;962,1;962,3;961,9;1132,9;24,1;17,9;24,6;23,7;18,2;17,5;71;66;69;55;7,9;4,2;
2026/04/15;2000 UTC;0;962,2;962,4;962;543,6;23,4;17,4;23,8;22,9;17,6;17,1;73;67;70;69;7,1;3,3;
2026/04/15;2100 UTC;0;962;962,1;961,9;146;22,5;17,8;22,9;22,2;18,2;17,3;80;72;76;64;6,8;3,6;
2026/04/15;2200 UTC;0;961,7;961,9;961,5;,7;22;18,3;22,2;21,7;18,4;18,2;84;80;81;61;7,2;4,1;
2026/04/15;2300 UTC;,2;962;962,2;961,7;0;21,3;18,7;21,7;20,5;19;18,4;93;84;87;64;6,5;2,9;
2026/04/16;0000 UTC;,4;962,1;962,3;961,9;0;20;19;20,4;19,7;19,1;18,9;97;93;95;63;4,8;2,7;
2026/04/16;0100 UTC;,6;962,2;962,4;962,1;0;19,4;18,9;19,6;19,2;19;18,9;99;97;98;66;5,6;2,8;
2026/04/16;0200 UTC;1,4;962,7;962,9;962,4;0;19,2;19;19,2;19;19;18,9;100;99;99;55;5,9;2,8;
2026/04/16;0300 UTC;1;962,6;962,8;962,2;0;19;19;19;19;19;19;100;100;100;55;6,1;3,3;
2026/04/16;0400 UTC;,2;962;962,2;961,9;0;19,1;19,1;19,2;19;19,2;19;100;100;100;65;6;2,9;
2026/04/16;0500 UTC;0;961,7;961,9;961,5;0;19,2;19,3;19,3;19,2;19,3;19,2;100;100;100;60;6;3,3;
2026/04/16;0600 UTC;0;961,3;961,7;960,9;0;19,3;19,3;19,3;19,2;19,3;19,3;100;100;100;54;5,3;2,8;
2026/04/16;0700 UTC;0;960,6;961;960,1;0;19,2;19,2;19,2;19,1;19,3;19,2;100;100;100;58;4;2;
2026/04/16;0800 UTC;,2;960,1;960,3;960;0;19,1;19,2;19,1;19,1;19,2;19,1;100;100;100;89;4;1,9;
2026/04/16;0900 UTC;,2;960,2;960,4;960;0;19;19,1;19,1;19;19,1;19;100;100;100;91;3,4;1,6;
2026/04/16;1000 UTC;0;960,2;960,3;960;0;18,9;19;19;18,9;19;18,9;100;100;100;129;2,5;1;
2026/04/16;1100 UTC;0;960,4;960,6;960,2;32,5;18,9;19;19;18,8;19,1;18,9;100;100;100;210;5,9;1,6;
2026/04/16;1200 UTC;,2;960,5;960,6;960,3;219,3;19,2;19,1;19,3;19;19,2;19;100;99;100;194;6,1;2;
2026/04/16;1300 UTC;,2;960,4;960,5;960,3;225,1;19,4;19,1;19,5;19,3;19,2;19;99;98;98;173;4,8;2,1;
2026/04/16;1400 UTC;,4;960,2;960,3;960;240,9;19,5;19,2;19,8;19,5;19,5;19,1;99;98;98;226;6,4;2,2;
2026/04/16;1500 UTC;,4;959,8;960;959,4;468;19,7;19,4;20,1;19,6;19,7;19,3;99;98;98;286;6,8;3,1;
2026/04/16;1600 UTC;0;959;959,4;958,6;1037,3;20,6;19,6;21,1;20,1;20;19,1;98;91;95;299;8,2;3,7;
2026/04/16;1700 UTC;,6;958,1;958,7;957,6;695,4;20,3;19,5;20,5;20,1;19,8;19,1;97;93;96;296;7,4;3,7;
2026/04/16;1800 UTC;,2;957,3;957,6;957,1;1432,1;21,3;19,8;21,9;20,4;20,6;19,4;97;89;93;328;8;5,1;
2026/04/16;1900 UTC;,4;957,1;957,3;956,9;661,5;20,7;20,1;21;20,5;20,6;19,8;98;95;97;311;6;3,7;
2026/04/16;2000 UTC;0;956,9;957;956,7;473,5;20,9;19,9;21,1;20,7;20,2;19,5;96;93;95;329;7,3;4;
2026/04/16;2100 UTC;,4;956,8;956,9;956,7;122;20,5;19,6;21;20;19,8;19,4;97;93;96;321;7,8;4,2;
2026/04/16;2200 UTC;0;956,8;957;956,7;4;19,7;19,1;20;19,6;19,4;19;98;96;97;331;6,2;3,9;
2026/04/16;2300 UTC;0;956,9;957;956,8;0;19,6;19,2;19,7;19,6;19,4;19,2;99;98;98;325;6,7;4,2;
2026/04/17;0000 UTC;,2;957,1;957,1;957;0;19,6;19,4;19,7;19,5;19,5;19,4;100;99;99;322;6,3;3,6;
2026/04/17;0100 UTC;1,4;957,2;957,4;957,1;0;19,6;19,6;19,6;19,6;19,6;19,5;100;99;100;311;6;3,2;
2026/04/17;0200 UTC;,4;957,4;957,5;957,3;0;19,5;19,3;19,6;19,4;19,6;19,2;100;99;99;295;7,5;3,4;
2026/04/17;0300 UTC;,8;957,4;957,5;957,3;0;19,4;19,3;19,6;19,3;19,4;19,1;99;99;99;292;6,7;3,4;
2026/04/17;0400 UTC;1;957,3;957,4;957,2;0;19,3;19,1;19,3;19,3;19,2;19;99;99;99;288;6,5;2,7;
2026/04/17;0500 UTC;0;957,2;957,3;957,1;0;19,3;19,1;19,3;19,3;19,2;19,1;99;99;99;302;5,4;2,6;
2026/04/17;0600 UTC;,4;956,9;957,1;956,7;0;19,2;19,1;19,3;19,1;19,2;19;100;99;99;312;5,2;3;
2026/04/17;0700 UTC;,2;956,5;956,7;956,2;0;19,1;18,9;19,1;19;19;18,7;100;99;99;294;6,9;3,7;
2026/04/17;0800 UTC;0;956,3;956,5;956,2;0;18,8;18,5;19;18,7;18,8;18,4;99;98;99;280;6,4;3,1;
2026/04/17;0900 UTC;0;956,7;956,9;956,4;0;18,6;18,2;18,7;18,4;18,4;17,9;99;97;98;286;8;4,1;
2026/04/17;1000 UTC;,2;957,2;957,5;956,8;0;18,3;17,9;18,4;18,2;18,1;17,8;99;97;98;280;8,9;5;
2026/04/17;1100 UTC;,6;957,8;958,3;957,4;23,7;18,1;17,6;18,3;18;18;17,2;99;96;98;272;7,8;3,6;
2026/04/17;1200 UTC;0;958,5;958,7;958,2;178,1;17,9;17;18;17,8;17,3;16,6;97;93;95;260;8,4;4;
2026/04/17;1300 UTC;0;958,8;959;958,7;482,7;18;17,1;18,3;17,8;17,4;16,8;97;94;95;281;8,4;4,4;
2026/04/17;1400 UTC;0;959;959,1;958,8;1113,4;18,7;16,8;19,3;18,1;17,3;16,3;96;87;90;278;7,6;4,7;
2026/04/17;1500 UTC;0;958,7;959;958,5;853,6;18,7;17;19,2;18,4;17,6;16,7;94;89;92;280;8,3;4,4;
2026/04/17;1600 UTC;0;958,5;958,7;958,4;902,8;18,9;16,6;19,6;18,2;17,4;16,2;93;86;89;268;8,5;4,4;
2026/04/17;1700 UTC;0;958,2;958,4;957,9;897,8;18,7;16,8;19,3;18,3;17,2;16,2;94;84;90;272;6,5;3,3;
2026/04/17;1800 UTC;0;957,8;957,9;957,7;1038;19,6;16,9;20,1;19,1;17,6;16,4;90;83;87;266;8,2;3,9;
2026/04/17;1900 UTC;0;957,8;958;957,7;814,3;20;16,9;20,2;19,8;17,1;16,6;86;83;84;277;8,1;4;
2026/04/17;2000 UTC;0;958,1;958,2;957,9;562,3;19,1;17,4;20;18,4;17,9;16,9;97;85;91;277;7,2;3,6;
2026/04/17;2100 UTC;,4;958,2;958,6;958;133,2;18,5;17,8;18,8;18,3;18;17,4;98;93;96;255;5,8;2,8;
2026/04/17;2200 UTC;,2;958,7;959;958,4;3,8;18,2;17,7;18,3;18,1;18;17,4;99;97;98;261;6;2,7;
2026/04/17;2300 UTC;0;959,1;959,3;958,9;0;18,2;17,9;18,3;18,1;18;17,7;99;98;98;254;5,3;2,5;
2026/04/18;0000 UTC;,2;959,5;959,7;959,4;0;18,1;17,6;18,2;18,1;17,7;17,5;98;97;97;240;5,9;2,5;
2026/04/18;0100 UTC;0;959,8;959,9;959,7;0;17,7;17,2;18,1;17,3;17,6;16,9;98;97;98;253;4;1,8;
2026/04/18;0200 UTC;0;960;960,2;959,9;0;17,2;16,8;17,3;17,1;16,9;16,6;98;97;98;238;4,7;2,4;
2026/04/18;0300 UTC;0;960,1;960,2;960;0;17;16,5;17,2;16,7;16,9;16,2;98;97;98;225;5,9;1,7;
2026/04/18;0400 UTC;0;960,2;960,3;959,9;0;16,3;15,7;16,7;16,1;16,1;15,4;97;96;97;232;6,5;2,9;
2026/04/18;0500 UTC;0;960,1;960,2;960;0;15,8;15,2;16,1;15,7;15,4;15,1;97;96;97;233;6,1;2,8;
2026/04/18;0600 UTC;0;960,1;960,2;959,9;0;15,7;15,1;15,8;15,6;15,2;15;97;97;97;221;6,3;2,8;
2026/04/18;0700 UTC;0;959,9;960;959,7;0;15,5;15,2;15,6;15,3;15,2;15;99;97;99;218;6,1;2,7;
2026/04/18;0800 UTC;0;959,9;960;959,7;0;15,1;14,9;15,3;14,9;15,1;14,7;99;99;99;214;4,6;2,2;
2026/04/18;0900 UTC;0;960,2;960,4;959,9;0;14,9;14,7;14,9;14,8;14,8;14,7;100;99;99;224;5,1;2,1;
2026/04/18;1000 UTC;,2;960,4;960,5;960,3;,9;14,7;14,5;14,9;14,4;14,7;14,3;99;99;99;224;4,9;2,1;
2026/04/18;1100 UTC;0;960,6;960,7;960,4;267,4;14,6;14,4;15,2;14,3;14,6;14,3;100;97;99;225;5,7;2,7;
2026/04/18;1200 UTC;0;961;961,6;960,6;1060,1;15,7;14,6;16,2;15,2;15,1;14,5;97;92;95;232;5,7;3,2;
2026/04/18;1300 UTC;0;961,8;961,9;961,6;1689,3;16,7;14,7;17,5;16,2;15,3;14,3;94;85;90;233;6,9;3,6;
2026/04/18;1400 UTC;0;962;962,2;961,8;2362,3;18,1;14,9;18,8;17,5;15,4;14,1;88;76;84;232;7;3,6;
2026/04/18;1500 UTC;0;962,1;962,2;962;2701;19,8;15;20,7;18,9;15,8;13,9;80;73;76;237;5,4;2,8;
2026/04/18;1600 UTC;0;961,8;962;961,6;2809,6;21,3;16,1;22,2;20,5;17;15,2;78;70;74;226;6,6;2,9;
2026/04/18;1700 UTC;0;961,3;961,7;960,9;2685,4;22,4;16,1;23,2;21,9;16,9;15,6;73;63;69;233;5,2;2,4;
2026/04/18;1800 UTC;0;960,9;961;960,8;2320;23,6;16,2;23,9;23,1;17;15,4;67;59;63;246;5,1;2,2;
2026/04/18;1900 UTC;0;960,7;960,8;960,6;1738,4;23,9;15,6;24,1;23,7;16,5;14,7;63;53;58;226;5,6;2,8;
2026/04/18;2000 UTC;0;960,9;961;960,8;985,3;24;15,1;24,1;23,6;15,6;14,4;59;52;56;228;5,2;2,2;
2026/04/18;2100 UTC;0;960,9;961;960,8;301,2;22,9;15,4;23,7;21,7;15,7;15,2;69;58;63;227;3;1,5;
2026/04/18;2200 UTC;0;961,2;961,5;961;1,5;20,6;15,4;21,7;19,7;15,9;14,9;78;69;74;234;2,2;1,2;
2026/04/18;2300 UTC;0;961,7;961,9;961,5;0;19,7;15;19,9;19,5;15,3;14,9;78;75;76;213;2,2;1,2;
2026/04/19;0000 UTC;0;962,1;962,3;961,9;0;18,5;15,1;19,6;16,9;15,4;14,9;92;77;83;200;1,7;1;
2026/04/19;0100 UTC;0;962,3;962,5;962,2;0;17,1;15,1;17,7;16,1;15,3;14,9;96;86;90;199;2,1;1,4;
2026/04/19;0200 UTC;0;962,7;962,8;962,5;0;16,2;15,2;16,9;15,8;15,3;15;97;91;95;208;,8;,6;
2026/04/19;0300 UTC;0;962,7;962,8;962,6;0;16,2;15,1;16,7;15,7;15,4;14,8;98;90;94;207;1,4;1;
2026/04/19;0400 UTC;0;962,5;962,6;962,4;0;16,1;14,6;16,9;15,2;15,1;14,2;97;87;92;225;2,1;,5;
2026/04/19;0500 UTC;0;962,3;962,4;962,2;0;14,8;14,3;15,2;14,6;14,6;14,1;99;95;97;196;1,4;,9;
2026/04/19;0600 UTC;0;962,2;962,3;962;0;15,3;14,3;16,1;14,4;14,7;13,9;100;91;95;178;,8;,5;
2026/04/19;0700 UTC;0;962,1;962,2;962;0;14,9;14,1;15,8;14,1;14,9;13,8;100;93;96;196;1,5;,9;
2026/04/19;0800 UTC;0;962,2;962,6;962,1;0;14,8;14,3;15,5;14,3;14,7;13,8;100;94;97;190;1,4;,7;
2026/04/19;0900 UTC;0;963;963,2;962,6;0;14,3;14,2;14,7;14;14,4;13,9;100;97;99;168;1;,6;
2026/04/19;1000 UTC;0;963,7;964,3;963,2;,7;14,6;14,3;15,8;14,1;14,6;14,1;100;93;98;169;2,3;1,8;
2026/04/19;1100 UTC;0;964,8;965,1;964,4;261,4;15,9;15;17,9;14,9;16,9;14;98;93;95;131;,8;,3;
2026/04/19;1200 UTC;0;965,5;965,9;965,1;1048,9;19,6;15,3;20,6;18;16,8;14,4;93;72;79;213;2,5;1,4;
2026/04/19;1300 UTC;0;966;966,1;965,9;1626,3;21,5;15,3;22;20,6;16,9;14,6;80;65;69;193;2,9;1,4;
2026/04/19;1400 UTC;0;966;966,1;966;2303,3;22,6;15,3;23,2;22;16;14,5;69;57;64;183;2,8;1,2;
2026/04/19;1500 UTC;0;965,9;966,1;965,6;2650,7;23,6;15,2;24,2;23,1;15,9;14,2;63;51;58;192;3,5;1,6;
2026/04/19;1600 UTC;0;965,5;965,7;965,1;2766;24,6;15,5;25,1;24,1;16,6;14,4;60;50;54;126;4,2;2,1;
2026/04/19;1700 UTC;0;964,8;965,1;964,6;2650,7;24,9;15;25,6;24,5;16;14,3;57;46;50;172;3,8;2,3;
2026/04/19;1800 UTC;0;964,4;964,6;964,1;2295,9;25,7;15;26,3;24,9;16,3;13,9;52;40;47;137;4;1,3;
2026/04/19;1900 UTC;0;964,2;964,4;964;1709,2;25,7;15,5;26,1;25,4;16,6;14,7;53;45;49;129;3,1;1,8;
2026/04/19;2000 UTC;0;964,7;965,1;964,4;957,5;25,4;15,4;25,7;25,1;16,2;14,8;53;47;50;103;2,4;1,2;
2026/04/19;2100 UTC;0;965,1;965,3;965;249,3;23,9;15,7;25,4;22,2;16,5;14,9;64;49;59;84;2,5;1,3;
2026/04/19;2200 UTC;0;965,6;965,7;965,3;,2;21,3;14,7;22,2;20,7;15,1;14,2;69;64;67;76;3;1,7;
2026/04/19;2300 UTC;0;965,9;966,1;965,5;0;21;14,2;21,2;20,5;14,4;14;69;64;66;102;5;2,5;
2026/04/20;0000 UTC;0;966,2;966,3;966;0;19,5;14,8;20,5;18,4;15,1;14,2;82;69;76;67;4,6;1,8;
2026/04/20;0100 UTC;0;966,4;966,6;966,3;0;17,5;15,1;18,3;17,2;15,5;14,8;91;83;88;66;3,2;1,8;
2026/04/20;0200 UTC;0;966,9;967;966,7;0;16,7;15,5;17,1;16,4;15,6;15,4;96;92;94;57;2,9;1,6;
2026/04/20;0300 UTC;0;966,5;966,8;965,9;0;16,2;15,5;16,4;15,8;15,6;15,4;98;96;97;58;5,3;3,1;
2026/04/20;0400 UTC;0;966,2;966,4;966;0;15,5;15;15,8;15,3;15,4;14,8;98;97;98;54;3,4;2;
2026/04/20;0500 UTC;0;966,3;966,5;965,9;0;14,5;14,1;15,4;13,8;14,9;13,5;100;96;98;90;1,7;,6;
2026/04/20;0600 UTC;0;966,3;966,5;966,2;0;13,8;13,7;14,3;13,2;14,3;13,1;100;98;100;269;,7;,3;
2026/04/20;0700 UTC;0;966;966,4;965,7;0;13,1;13;13,5;12,9;13,6;12,7;100;99;100;258;1,2;,4;
2026/04/20;0800 UTC;0;965,6;965,8;965,3;0;13,5;13,3;13,9;12,8;13,7;12,7;100;97;99;68;1,3;,6;
2026/04/20;0900 UTC;0;966,1;966,3;965,6;0;13,5;12,3;13,9;12,9;13;11,4;97;88;94;70;2,2;1,2;
2026/04/20;1000 UTC;0;966,7;967;966,2;,7;13,5;11,2;14,4;12;11,5;10,7;94;84;88;71;1,6;,6;
2026/04/20;1100 UTC;0;967;967,1;966,9;311,6;13,7;11,7;15,6;12;12,6;11;96;83;90;68;3,1;1,7;
2026/04/20;1200 UTC;0;967,2;967,3;967,1;597,1;15,5;12,8;15,8;15,2;13,5;12,2;91;83;86;49;4,6;2,6;
2026/04/20;1300 UTC;0;967,6;967,9;967,2;1625,2;16,9;14;18,1;15,3;14,7;13,3;91;78;86;53;6,3;3,4;
2026/04/20;1400 UTC;0;967,6;967,8;967,4;1605,5;18,4;13,5;19,3;17,9;14,3;13;79;72;76;61;5,9;3;
2026/04/20;1500 UTC;0;967,3;967,4;967,1;2063,6;20,1;14,8;20,6;19,3;15,8;13,6;77;68;74;63;5,7;3,1;
2026/04/20;1600 UTC;0;966,9;967,3;966,5;1782,8;21,2;15,7;21,9;20,5;16,5;15,1;76;70;73;79;5,9;2,6;
2026/04/20;1700 UTC;0;966,5;966,6;966,4;1735,6;22,3;15,9;23;21,9;16,7;15,2;73;63;68;64;5;3;
2026/04/20;1800 UTC;0;966,2;966,6;965,9;1492,6;23,1;15,9;23,7;22,6;16,5;15,3;69;60;64;79;5,3;2,8;
2026/04/20;1900 UTC;0;966,2;966,3;966,1;1022,7;22,9;16,2;23,1;22,4;17;15,5;72;63;67;106;4,8;3;
2026/04/20;2000 UTC;0;966,2;966,3;966,1;481,2;21,7;16,5;22,3;21,2;16,8;16,2;77;70;74;86;4,8;2,6;
2026/04/20;2100 UTC;0;966,1;966,2;966,1;139,7;20,5;16,8;21,1;19,9;17;16,5;84;77;81;90;5,5;2,5;
2026/04/20;2200 UTC;0;966,4;966,7;966,1;,2;19,4;17;19,9;18,9;17,1;16,8;90;85;88;92;6,5;3;
2026/04/20;2300 UTC;0;967,2;967,4;966,7;0;18,6;17;18,9;18,4;17,2;16,9;94;90;92;77;4,5;2,2;
2026/04/21;0000 UTC;0;967,4;967,6;967,2;0;18,4;17,5;18,5;18,3;17,6;17,2;97;94;95;68;5,2;2,6;
2026/04/21;0100 UTC;0;967,7;967,9;967,5;0;18,2;17,7;18,3;18,1;17,7;17,6;98;97;97;72;4,6;2,4;
2026/04/21;0200 UTC;0;968,2;968,4;967,9;0;18,1;17,7;18,2;18;17,8;17,7;99;98;98;106;3,3;1,7;
2026/04/21;0300 UTC;0;968,8;969;968,2;0;18;17,8;18,1;17,9;17,8;17,7;100;99;99;88;2,2;,9;
2026/04/21;0400 UTC;1,2;968,6;968,9;968,3;0;17,9;17,9;17,9;17,8;17,9;17,8;100;100;100;56;3,8;1,8;
2026/04/21;0500 UTC;,4;967,9;968,3;967,4;0;17,8;17,8;17,9;17,7;17,9;17,7;100;100;100;69;3,7;1,8;
2026/04/21;0600 UTC;,2;966,9;967,4;966,5;0;17,6;17,7;17,7;17,6;17,7;17,7;100;100;100;59;4,7;1,9;
2026/04/21;0700 UTC;,4;966,8;967;966,5;0;17,6;17,6;17,6;17,5;17,7;17,6;100;100;100;55;6,5;3,2;
2026/04/21;0800 UTC;0;966,4;966,6;966,2;0;17,4;17,5;17,5;17,3;17,6;17,3;100;100;100;62;3,8;1,5;
2026/04/21;0900 UTC;0;966,5;966,6;966,5;0;17,2;17,2;17,3;17;17,3;16,8;100;99;100;54;4;2,2;
2026/04/21;1000 UTC;0;966,7;966,9;966,5;0;17;16,7;17;17;16,8;16,6;99;98;99;223;3,2;,9;
2026/04/21;1100 UTC;0;967,1;967,5;966,9;44,7;17,1;17;17,3;17;17,4;16,7;100;99;100;88;2,5;,9;
2026/04/21;1200 UTC;,2;967,8;967,9;967,5;262,5;17,8;17,8;18,2;17,3;18,1;17,4;100;99;100;62;3,3;1,7;
2026/04/21;1300 UTC;0;967,5;967,6;967,4;1099,6;19,2;18,4;20,3;18,2;19,1;18;99;90;96;73;4,8;2,4;
2026/04/21;1400 UTC;0;967,5;967,6;967,4;1687,2;20,8;18,5;21,3;19,8;19,1;18,1;94;85;89;114;3,2;1,4;
2026/04/21;1500 UTC;0;967,4;967,6;967,2;1355,5;22,1;18,9;23;21,1;19,8;18,1;89;79;84;170;3,1;1;
2026/04/21;1600 UTC;0;967,1;967,3;967;1132,5;22,7;18,2;23;22,5;19,2;17,7;83;74;77;297;4,1;2;
2026/04/21;1700 UTC;0;966,7;967;966,4;1053,6;23;17,9;23,2;22,7;18,9;17,3;80;71;75;181;1;,5;
2026/04/21;1800 UTC;0;966,1;966,4;966;910,7;23,1;18,2;24,5;22,6;19,3;17,4;80;70;76;183;2,7;1,5;
2026/04/21;1900 UTC;0;965,9;966;965,7;690,3;22,2;18,2;22,7;21,9;19;17,1;85;72;80;71;2,8;,9;
2026/04/21;2000 UTC;0;965,7;965,7;965,6;675,7;23;18,1;23,6;22,5;18,7;17,7;80;73;75;93;1,9;,8;
2026/04/21;2100 UTC;0;965,7;965,8;965,6;122,4;22,2;18,7;23;21,3;19,4;18,2;89;77;83;45;1,5;,9;
2026/04/21;2200 UTC;0;965,6;965,8;965,5;,4;21,1;19,2;21,4;20,8;19,5;18,8;93;87;90;67;2,8;1,5;
2026/04/21;2300 UTC;0;965,9;966;965,8;0;20,4;18,9;20,8;20,1;19,2;18,8;94;91;93;62;2,1;1,2;
2026/04/22;0000 UTC;0;966,3;966,5;966;0;19,7;18,9;20,1;19,1;19,1;18,6;98;94;96;190;1,3;,6;
2026/04/22;0100 UTC;0;966,6;966,7;966,4;0;18,8;18,5;19,1;18,5;18,7;18,3;99;98;98;114;1,6;,8;
2026/04/22;0200 UTC;0;966,5;966,7;966,2;0;18,4;18,2;18,6;18,3;18,5;18;99;99;99;308;2;1,2;
2026/04/22;0300 UTC;0;966,2;966,4;966,1;0;18,2;18;18,4;17,9;18,1;17,6;99;98;99;332;3,1;1,6;
2026/04/22;0400 UTC;0;966,4;966,5;966,2;0;18;17,9;18,2;17,9;18,1;17,8;100;99;99;269;3,4;1,7;
2026/04/22;0500 UTC;0;966,3;966,3;966,2;0;18,1;18;18,2;18,1;18;17,9;99;99;99;198;4,1;2,2;
2026/04/22;0600 UTC;0;;;;0;;;;;;;;;;320;2,8;1,6;
2026/04/22;0700 UTC;0;;;;0;;;;;;;;;;320;5,2;3;
2026/04/22;0800 UTC;0;;;;0;;;;;;;;;;314;3,9;2,1;
2026/04/22;0900 UTC;0;;;;0;;;;;;;;;;303;2,8;1,4;
2026/04/22;1000 UTC;0;;;;,3;;;;;;;;;;279;1,6;,7;
2026/04/22;1100 UTC;0;;;;139,2;;;;;;;;;;289;1,2;,7;
2026/04/22;1200 UTC;0;;;;988,5;;;;;;;;;;252;5,4;2,5;
2026/04/22;1300 UTC;0;;;;694;;;;;;;;;;238;6,7;3,1;
2026/04/22;1400 UTC;0;;;;531,2;;;;;;;;;;226;4,7;2,5;
2026/04/22;1500 UTC;0;;;;668,1;;;;;;;;;;231;6,1;2,9;
2026/04/22;1600 UTC;0;;;;741,1;;;;;;;;;;222;5,8;2,9;
2026/04/22;1700 UTC;0;;;;903,6;;;;;;;;;;224;4,8;2,4;
2026/04/22;1800 UTC;0;;;;1239,5;;;;;;;;;;230;5,2;2,2;
2026/04/22;1900 UTC;0;;;;1055,7;;;;;;;;;;256;3,8;1,9;
2026/04/22;2000 UTC;0;;;;881,5;;;;;;;;;;242;4,3;2,3;
2026/04/22;2100 UTC;0;;;;237,3;;;;;;;;;;226;3,1;1,2;
2026/04/22;2200 UTC;0;;;;,6;;;;;;;;;;216;2,1;1;
2026/04/22;2300 UTC;0;;;;0;;;;;;;;;;194;3,9;2,3;
2026/04/23;0000 UTC;0;;;;0;;;;;;;;;;174;1,5;,5;
2026/04/23;0100 UTC;0;;;;0;;;;;;;;;;153;2,3;1,4;
2026/04/23;0200 UTC;0;;;;0;;;;;;;;;;151;4,2;2,8;
2026/04/23;0300 UTC;0;;;;0;;;;;;;;;;151;3,2;1,7;
2026/04/23;0400 UTC;0;;;;0;;;;;;;;;;175;3,9;1,9;
2026/04/23;0500 UTC;0;;;;0;;;;;;;;;;109;,9;,7;
2026/04/23;0600 UTC;0;;;;0;;;;;;;;;;172;2,1;1,3;
2026/04/23;0700 UTC;0;;;;0;;;;;;;;;;181;3,8;2,9;
2026/04/23;0800 UTC;0;;;;0;;;;;;;;;;177;2,1;1,6;
2026/04/23;0900 UTC;0;;;;0;;;;;;;;;;76;1,3;,6;
2026/04/23;1000 UTC;0;;;;,2;;;;;;;;;;106;2,6;1,8;
2026/04/23;1100 UTC;0;;;;236,5;;;;;;;;;;194;1,8;,5;
2026/04/23;1200 UTC;0;;;;532,3;;;;;;;;;;119;2;,9;
2026/04/23;1300 UTC;0;;;;663,1;;;;;;;;;;141;3;1,8;
2026/04/23;1400 UTC;0;;;;1156,8;;;;;;;;;;104;4;2,7;
2026/04/23;1500 UTC;0;;;;1183,2;;;;;;;;;;129;3,5;2,7;
2026/04/23;1600 UTC;0;;;;928,8;;;;;;;;;;99;4,1;2,7;
2026/04/23;1700 UTC;0;;;;868,9;;;;;;;;;;91;5,4;3,4;
2026/04/23;1800 UTC;0;;;;591,1;;;;;;;;;;96;4;2,8;
2026/04/23;1900 UTC;0;;;;792,2;;;;;;;;;;104;4,4;2,5;
2026/04/23;2000 UTC;0;;;;136,5;;;;;;;;;;107;3,2;2,3;
2026/04/23;2100 UTC;0;;;;0;;;;;;;;;;124;1,9;1,3;
2026/04/23;2200 UTC;0;;;;0;;;;;;;;;;91;2,9;1,7;
2026/04/23;2300 UTC;0;;;;0;;;;;;;;;;101;2,5;1,9;
2026/04/24;0000 UTC;0;;;;0;;;;;;;;;;119;2,1;1,3;
2026/04/24;0100 UTC;0;;;;0;;;;;;;;;;74;3,2;1,8;
2026/04/24;0200 UTC;0;;;;0;;;;;;;;;;187;2,8;,5;
2026/04/24;0300 UTC;0;;;;0;;;;;;;;;;155;2,9;2,2;
2026/04/24;0400 UTC;0;;;;0;;;;;;;;;;48;3,3;2,3;
2026/04/24;0500 UTC;0;;;;0;;;;;;;;;;64;4;2,5;
2026/04/24;0600 UTC;0;;;;0;;;;;;;;;;166;3,2;2,1;
2026/04/24;0700 UTC;0;;;;0;;;;;;;;;;88;1,8;1,4;
2026/04/24;0800 UTC;0;;;;0;;;;;;;;;;72;3,1;2,4;
2026/04/24;0900 UTC;0;;;;0;;;;;;;;;;119;2,7;1,9;
2026/04/24;1000 UTC;0;;;;0;;;;;;;;;;73;4,3;1,6;
2026/04/24;1100 UTC;0;;;;86,8;;;;;;;;;;67;4,4;2,6;
2026/04/24;1200 UTC;0;;;;501,2;;;;;;;;;;134;1,6;1;
2026/04/24;1300 UTC;0;;;;599,8;;;;;;;;;;72;2,9;1,6;
2026/04/24;1400 UTC;0;;;;867,1;;;;;;;;;;86;4,4;3,2;
2026/04/24;1500 UTC;0;;;;703,3;;;;;;;;;;108;5;3,9;
2026/04/24;1600 UTC;0;;;;657,3;;;;;;;;;;65;5,4;2,6;
2026/04/24;1700 UTC;0;;;;747,6;;;;;;;;;;82;3,8;1,7;
2026/04/24;1800 UTC;0;;;;1575,5;;;;;;;;;;56;4;2,4;
2026/04/24;1900 UTC;0;;;;416,5;;;;;;;;;;66;4,2;2,1;
2026/04/24;2000 UTC;0;;;;141,3;;;;;;;;;;99;3,1;2,2;
2026/04/24;2100 UTC;0;;;;,7;;;;;;;;;;96;3,5;2,5;
2026/04/24;2200 UTC;0;;;;0;;;;;;;;;;49;2,5;2;
2026/04/24;2300 UTC;0;;;;0;;;;;;;;;;68;1,8;1,1;
2026/04/25;0000 UTC;0;;;;0;;;;;;;;;;111;2,5;1,8;
2026/04/25;0100 UTC;0;;;;0;;;;;;;;;;122;2,6;2,1;
2026/04/25;0200 UTC;0;;;;0;;;;;;;;;;149;2,7;1,8;
2026/04/25;0300 UTC;0;;;;0;;;;;;;;;;141;2,3;1,4;
2026/04/25;0400 UTC;0;;;;0;;;;;;;;;;121;2,2;1,5;
2026/04/25;0500 UTC;0;;;;0;;;;;;;;;;103;2,3;1,3;
2026/04/25;0600 UTC;0;;;;0;;;;;;;;;;122;3;1,6;
2026/04/25;0700 UTC;0;;;;0;;;;;;;;;;143;2,5;1,7;
2026/04/25;0800 UTC;0;;;;0;;;;;;;;;;109;1,8;1;
2026/04/25;0900 UTC;0;;;;0;;;;;;;;;;147;2,8;1,3;
2026/04/25;1000 UTC;0;;;;5,7;;;;;;;;;;113;2,4;1,3;
2026/04/25;1100 UTC;0;;;;597,7;;;;;;;;;;156;1,9;1,3;
2026/04/25;1200 UTC;0;;;;979,8;;;;;;;;;;95;2,9;2,1;
2026/04/25;1300 UTC;0;;;;670,1;;;;;;;;;;99;1,6;1;
2026/04/25;1400 UTC;0;;;;1453,1;;;;;;;;;;67;1,6;,8;
2026/04/25;1500 UTC;0;;;;748,3;;;;;;;;;;189;2,2;1,6;
2026/04/25;1600 UTC;0;;;;473,9;;;;;;;;;;170;2,6;1,6;
2026/04/25;1700 UTC;0;;;;687,5;;;;;;;;;;138;2,5;1,6;
2026/04/25;1800 UTC;0;;;;619,5;;;;;;;;;;176;2,6;1,8;
2026/04/25;1900 UTC;0;;;;736,8;;;;;;;;;;187;3,2;1,9;
2026/04/25;2000 UTC;0;;;;149,9;;;;;;;;;;181;3,2;1,9;
2026/04/25;2100 UTC;0;;;;6,7;;;;;;;;;;149;2,6;1,9;
2026/04/25;2200 UTC;0;;;;0;;;;;;;;;;133;1;,6;
2026/04/25;2300 UTC;0;;;;0;;;;;;;;;;324;1,2;1,1;
2026/04/26;0000 UTC;0;;;;0;;;;;;;;;;110;2,7;1,5;
2026/04/26;0100 UTC;0;;;;0;;;;;;;;;;76;1,6;,5;
2026/04/26;0200 UTC;0;;;;0;;;;;;;;;;76;2,8;1;
2026/04/26;0300 UTC;0;;;;0;;;;;;;;;;151;,5;,2;
2026/04/26;0400 UTC;0;;;;0;;;;;;;;;;330;1,2;1;
2026/04/26;0500 UTC;0;;;;0;;;;;;;;;;319;1,8;,9;
2026/04/26;0600 UTC;0;;;;0;;;;;;;;;;325;2,7;1,9;
2026/04/26;0700 UTC;0;;;;0;;;;;;;;;;327;3;1,7;
2026/04/26;0800 UTC;0;;;;0;;;;;;;;;;324;4,3;3,2;
2026/04/26;0900 UTC;0;;;;0;;;;;;;;;;327;3,5;2,9;
2026/04/26;1000 UTC;0;;;;2,5;;;;;;;;;;314;2,1;1,3;
2026/04/26;1100 UTC;0;;;;510,9;;;;;;;;;;291;4,7;2,6;
2026/04/26;1200 UTC;0;;;;1173,4;;;;;;;;;;288;5,5;3,2;
2026/04/26;1300 UTC;0;;;;1978;;;;;;;;;;274;6,2;3,6;
2026/04/26;1400 UTC;0;;;;1881,8;;;;;;;;;;261;6,2;4,5;
2026/04/26;1500 UTC;0;;;;2958,1;;;;;;;;;;268;7,1;4,9;
2026/04/26;1600 UTC;0;;;;774,4;;;;;;;;;;255;6,8;3,7;
2026/04/26;1700 UTC;0;;;;557,3;;;;;;;;;;252;8,1;5,5;
2026/04/26;1800 UTC;0;;;;1371,4;;;;;;;;;;249;7,8;5,3;
2026/04/26;1900 UTC;0;;;;1298,3;;;;;;;;;;253;7,7;5,1;
2026/04/26;2000 UTC;0;;;;538,7;;;;;;;;;;265;5,2;2,2;
2026/04/26;2100 UTC;0;;;;4;;;;;;;;;;279;4,2;2,6;
2026/04/26;2200 UTC;0;;;;0;;;;;;;;;;264;5,1;2,7;
2026/04/26;2300 UTC;0;;;;0;;;;;;;;;;237;7,1;3,8;
2026/04/27;0000 UTC;0;;;;0;;;;;;;;;;254;7,3;4,6;
2026/04/27;0100 UTC;0;;;;0;;;;;;;;;;245;7,4;4,4;
2026/04/27;0200 UTC;0;;;;0;;;;;;;;;;247;8,3;4,3;
2026/04/27;0300 UTC;0;;;;0;;;;;;;;;;244;5,7;2,3;
2026/04/27;0400 UTC;0;;;;0;;;;;;;;;;216;4,4;1,9;
2026/04/27;0500 UTC;0;;;;0;;;;;;;;;;244;5,7;2,9;
2026/04/27;0600 UTC;0;;;;0;;;;;;;;;;232;5;3,1;
2026/04/27;0700 UTC;0;;;;0;;;;;;;;;;245;5,8;3,7;
2026/04/27;0800 UTC;0;;;;0;;;;;;;;;;270;5,6;3,7;
2026/04/27;0900 UTC;0;;;;0;;;;;;;;;;251;6,5;4,1;
2026/04/27;1000 UTC;0;;;;9,1;;;;;;;;;;264;7,1;4,8;
2026/04/27;1100 UTC;0;;;;738,7;;;;;;;;;;270;8,6;6,3;
2026/04/27;1200 UTC;0;;;;1108;;;;;;;;;;267;10,1;6;
2026/04/27;1300 UTC;0;;;;2099,2;;;;;;;;;;262;9,4;6,5;
2026/04/27;1400 UTC;0;;;;2558,2;;;;;;;;;;274;9,7;6,9;
2026/04/27;1500 UTC;0;;;;2760,3;;;;;;;;;;267;11,2;8;
2026/04/27;1600 UTC;0;;;;2734,4;;;;;;;;;;282;9,5;5,7;
2026/04/27;1700 UTC;0;;;;2479,5;;;;;;;;;;252;8,5;4,2;
2026/04/27;1800 UTC;0;;;;1962,9;;;;;;;;;;237;8,2;5,7;
2026/04/27;1900 UTC;0;;;;1176,8;;;;;;;;;;217;6,2;1,8;
2026/04/27;2000 UTC;0;;;;528,9;;;;;;;;;;235;4,6;2,6;
2026/04/27;2100 UTC;0;;;;2,1;;;;;;;;;;220;4,8;3,5;
2026/04/27;2200 UTC;0;;;;0;;;;;;;;;;206;3,2;1,7;
2026/04/27;2300 UTC;0;;;;0;;;;;;;;;;253;2,6;1;
2026/04/28;0000 UTC;0;;;;0;;;;;;;;;;265;2,3;1,6;
2026/04/28;0100 UTC;0;;;;0;;;;;;;;;;259;2,7;,9;
2026/04/28;0200 UTC;0;;;;0;;;;;;;;;;242;3,4;2,4;
2026/04/28;0300 UTC;0;;;;0;;;;;;;;;;226;3;1,1;
2026/04/28;0400 UTC;0;;;;0;;;;;;;;;;214;2,3;1,3;
2026/04/28;0500 UTC;0;;;;0;;;;;;;;;;238;3,5;1,6;
2026/04/28;0600 UTC;0;;;;0;;;;;;;;;;260;1,8;1,3;
2026/04/28;0700 UTC;0;;;;0;;;;;;;;;;243;3;1,7;
2026/04/28;0800 UTC;0;;;;0;;;;;;;;;;231;2,1;1,3;
2026/04/28;0900 UTC;0;;;;0;;;;;;;;;;202;1,2;1;
2026/04/28;1000 UTC;0;;;;0;;;;;;;;;;215;1,2;1,1;
2026/04/28;1100 UTC;0;;;;686,6;;;;;;;;;;228;2,6;1,7;
2026/04/28;1200 UTC;0;;;;1303;;;;;;;;;;206;3,4;2,5;
2026/04/28;1300 UTC;0;;;;2143;;;;;;;;;;270;4,8;3,1;
2026/04/28;1400 UTC;0;;;;2429,8;;;;;;;;;;241;4,1;2,9;
2026/04/28;1500 UTC;0;;;;2636,6;;;;;;;;;;219;6,8;4,3;
2026/04/28;1600 UTC;0;;;;2594,5;;;;;;;;;;263;2,9;1,5;
2026/04/28;1700 UTC;0;;;;2386,6;;;;;;;;;;312;4,5;3,4;
2026/04/28;1800 UTC;0;;;;1896,7;;;;;;;;;;265;4,3;1,9;
2026/04/28;1900 UTC;0;;;;1133,1;;;;;;;;;;304;4;2,3;
2026/04/28;2000 UTC;0;;;;494;;;;;;;;;;315;2,9;1,9;
2026/04/28;2100 UTC;0;;;;0;;;;;;;;;;282;1,2;,9;
2026/04/28;2200 UTC;0;;;;0;;;;;;;;;;317;2,6;1,7;
2026/04/28;2300 UTC;0;;;;0;;;;;;;;;;299;2,1;1,3;
2026/04/29;0000 UTC;0;;;;0;;;;;;;;;;290;1,5;1,1;
2026/04/29;0100 UTC;0;;;;0;;;;;;;;;;300;2,4;1,7;
2026/04/29;0200 UTC;0;;;;0;;;;;;;;;;293;2;1,4;
2026/04/29;0300 UTC;0;;;;0;;;;;;;;;;284;2;1,5;
2026/04/29;0400 UTC;0;;;;0;;;;;;;;;;287;1,4;,8;
2026/04/29;0500 UTC;0;;;;0;;;;;;;;;;290;1,3;,9;
2026/04/29;0600 UTC;0;;;;0;;;;;;;;;;260;2,2;1,7;
2026/04/29;0700 UTC;0;;;;0;;;;;;;;;;267;1,7;1,4;
2026/04/29;0800 UTC;0;;;;0;;;;;;;;;;278;2;1,6;
2026/04/29;0900 UTC;0;;;;0;;;;;;;;;;207;,8;,4;
2026/04/29;1000 UTC;0;;;;0;;;;;;;;;;232;2,7;1,4;
2026/04/29;1100 UTC;0;;;;535;;;;;;;;;;295;1,7;,5;
2026/04/29;1200 UTC;0;;;;1274,6;;;;;;;;;;275;,6;,3;
2026/04/29;1300 UTC;0;;;;1621,2;;;;;;;;;;232;2,8;1,5;
2026/04/29;1400 UTC;0;;;;2181,3;;;;;;;;;;222;3,6;1,5;
2026/04/29;1500 UTC;0;;;;2507;;;;;;;;;;313;5,2;2,4;
2026/04/29;1600 UTC;0;;;;2609,8;;;;;;;;;;309;4,4;2,8;
2026/04/29;1700 UTC;0;;;;2480,4;;;;;;;;;;281;4,1;2,3;
2026/04/29;1800 UTC;0;;;;2119,1;;;;;;;;;;305;5,2;3,1;
2026/04/29;1900 UTC;0;;;;1522,7;;;;;;;;;;321;5,2;2,7;
2026/04/29;2000 UTC;0;;;;793,7;;;;;;;;;;324;4,3;2,5;
2026/04/29;2100 UTC;0;;;;155,1;;;;;;;;;;319;2,3;1,3;
2026/04/29;2200 UTC;0;;;;0;;;;;;;;;;318;1,6;,8;
2026/04/29;2300 UTC;0;;;;0;;;;;;;;;;294;2,2;1,4;
2026/04/30;0000 UTC;;;;;;;;;;;;;;;;;;
2026/04/30;0100 UTC;0;;;;0;;;;;;;;;;296;2,1;1,3;
2026/04/30;0200 UTC;0;;;;0;;;;;;;;;;298;1,9;1;
2026/04/30;0300 UTC;0;;;;0;;;;;;;;;;265;1,6;,7;
2026/04/30;0400 UTC;0;;;;0;;;;;;;;;;271;1,9;1;
2026/04/30;0500 UTC;0;;;;0;;;;;;;;;;275;2;1,1;
2026/04/30;0600 UTC;0;;;;0;;;;;;;;;;286;2;1,4;
2026/04/30;0700 UTC;0;966,6;966,7;966,5;0;10,4;7;11,3;9,7;7,7;6,2;88;77;83;297;1,3;,8;
2026/04/30;0800 UTC;0;966,8;966,9;966,7;0;9,9;7;10,7;9,4;7,5;6,5;89;79;86;189;,7;,4;
2026/04/30;0900 UTC;0;966,9;967;966,8;0;9,5;7,1;9,8;9,2;7,4;6,9;91;85;88;256;,7;,3;
2026/04/30;1000 UTC;0;967,1;967,4;967;0;9,6;6,9;9,7;9,4;7,1;6,7;88;85;86;256;,8;,6;
2026/04/30;1100 UTC;0;967,6;968;967,4;194,5;10,5;7,2;12,3;9,7;8,8;6,7;86;77;84;295;,4;,1;
2026/04/30;1200 UTC;0;968,1;968,2;968;875,8;16;10,3;19,1;12,4;12,1;7,8;85;58;72;73;,9;,3;
2026/04/30;1300 UTC;0;968,3;968,4;968,2;1587,3;19,1;10;19,7;18,5;12;8,6;67;48;54;127;2,3;1,2;
2026/04/30;1400 UTC;0;968,3;968,3;968,2;2155,6;19,8;9,8;20,6;19,1;11,5;9;58;45;50;85;3,1;1,6;
2026/04/30;1500 UTC;0;968,4;968,5;968,3;2481,5;21;10,4;22,1;20,2;11,6;9,1;51;43;47;213;4,8;1,8;
2026/04/30;1600 UTC;0;967,9;968,3;967,5;2600,7;22,5;10,6;23,1;22;11,6;10;45;35;41;238;4,5;2,1;
2026/04/30;1700 UTC;0;967,1;967,5;966,9;2480,7;23,1;10,7;23,6;22,7;11,8;9,9;41;35;38;324;5,2;3,3;
2026/04/30;1800 UTC;0;966,8;967;966,7;2118,9;23,4;10,8;23,7;23,2;11,5;10,2;40;34;37;282;3,4;1,8;
2026/04/30;1900 UTC;0;966,8;966,9;966,7;1513,3;23,5;11,3;23,8;23,3;11,6;10,6;41;36;39;305;2,7;1,4;
2026/04/30;2000 UTC;0;966,8;966,9;966,7;794;23,6;11,5;24,3;22,6;12,3;11,1;46;37;40;61;2,1;1,1;
2026/04/30;2100 UTC;0;966,8;967;966,7;174,8;21,1;11,4;22,6;18,1;13;10,4;62;44;52;28;1,7;,8;
2026/04/30;2200 UTC;0;967,1;967,3;966,9;0;16,2;10,3;18;15,4;11,6;9,8;76;63;71;55;1;,6;
2026/04/30;2300 UTC;0;967,3;967,4;967,1;0;16,1;9,9;17,2;15;10,8;9,4;77;62;69;63;3,7;1,9;
2026/05/01;0000 UTC;0;967,4;967,5;967,3;0;15,1;10,6;16,4;14,5;10,9;10;82;71;77;67;3,7;2,1;
2026/05/01;0100 UTC;0;967,7;967,8;967,6;0;14;10,9;14,5;13,7;11;10,6;86;82;84;69;3,9;2,5;
2026/05/01;0200 UTC;0;967,7;967,9;967,6;0;13,1;10,6;14;11,9;10,8;10,1;92;84;87;83;3,2;,9;
2026/05/01;0300 UTC;0;967,4;967,7;967,2;0;11,9;10,1;12,2;11,6;10,4;9,6;94;87;91;86;3,3;1,1;
2026/05/01;0400 UTC;0;967;967,2;966,8;0;11,9;9,1;12,3;11,5;9,7;8,6;88;84;86;94;2,8;1;
2026/05/01;0500 UTC;0;966,7;966,8;966,3;0;11,7;9,7;12;11,4;10,7;8,6;94;85;90;80;3,4;1,5;
2026/05/01;0600 UTC;0;966,2;966,3;966,1;0;12,4;10,7;12,9;11,9;10,9;10,7;94;89;92;136;5;1,1;
2026/05/01;0700 UTC;0;965,9;966,1;965,8;0;12;10,6;12,6;11,3;10,8;10,3;96;90;93;270;1,7;,9;
2026/05/01;0800 UTC;0;965,8;965,9;965,6;0;11,4;10,3;11,7;11,3;10,7;9,8;97;92;94;278;2;,8;
2026/05/01;0900 UTC;0;965,6;965,7;965,5;0;10,2;9,5;11,2;9,7;9,9;9,1;99;92;96;300;2,3;,6;
2026/05/01;1000 UTC;0;965,4;965,7;965,1;0;10,3;9,6;10,9;9,9;10,3;8,8;99;94;97;213;1,5;,6;
2026/05/01;1100 UTC;0;965,2;965,5;964,9;293,2;10,8;9,7;13,1;9,4;10,9;8,5;99;87;94;240;2,4;1;
2026/05/01;1200 UTC;0;965,1;965,3;964,8;490,2;13,6;11,3;14,5;13,1;12;10,5;91;87;89;238;2,6;1,2;
2026/05/01;1300 UTC;0;965,1;965,4;964,7;400,7;15,2;12,7;16;14,5;13,2;11,9;89;85;87;225;4,2;1,6;
2026/05/01;1400 UTC;0;965;965,5;964,5;222,9;16,3;13,1;16,4;16,1;13,3;13;85;83;84;280;4,7;1,9;
2026/05/01;1500 UTC;4,3;965,6;966,6;964,9;21;15,3;14,1;16,2;14,8;14,6;13,2;99;85;94;213;4,5;1,7;
2026/05/01;1600 UTC;12,4;966,4;967;965,9;12;14,9;14,9;15,3;14,8;15,4;14,6;100;99;100;218;4,5;2;
2026/05/01;1700 UTC;9,5;965,3;967,1;962,3;41;15,6;15,7;16,3;15,3;16,4;15,3;100;100;100;149;5,8;1,8;
2026/05/01;1800 UTC;4,5;963,6;964,8;961,3;47,7;15,7;15,8;16;15,5;16,1;15,5;100;100;100;62;8,2;4,1;
2026/05/01;1900 UTC;2,2;962,2;962,7;961,5;25,5;15,4;15,5;15,7;15,3;15,7;15,3;100;100;100;262;3,8;1,7;
2026/05/01;2000 UTC;,6;961,2;962,6;959,9;13;16,3;16,3;16,8;15,7;16,9;15,7;100;100;100;256;8,6;4,3;
2026/05/01;2100 UTC;6,3;961,2;963,4;960,2;1,7;16,8;16,9;17;16,7;17,1;16,8;100;100;100;305;4,6;2,2;
2026/05/01;2200 UTC;1,4;961,4;962,6;959,9;0;16,8;16,9;17;16,6;17,1;16,7;100;100;100;244;5,9;2,8;
2026/05/01;2300 UTC;2;961,1;962;960,6;0;16,6;16,7;16,8;16,3;16,9;16,4;100;100;100;311;6,9;3,9;
2026/05/02;0000 UTC;0;961,8;962,1;961,6;0;16,2;16,3;16,4;16,2;16,4;16,2;100;100;100;241;5,3;2,2;
2026/05/02;0100 UTC;0;962,1;962,3;961,9;0;16,6;16,7;16,8;16,4;16,9;16,4;100;100;100;319;6;3,4;
2026/05/02;0200 UTC;0;962,3;962,8;961,7;0;16,9;17;17;16,8;17,1;16,8;100;100;100;317;8,5;4,3;
2026/05/02;0300 UTC;0;962,5;962,7;962,2;0;17,2;17,2;17,2;17,1;17,3;17,1;100;100;100;321;7,3;3,9;
2026/05/02;0400 UTC;0;962,3;962,5;962,2;0;17,2;17,3;17,3;17,2;17,3;17,3;100;100;100;325;6,4;4;
2026/05/02;0500 UTC;,4;962,4;962,6;962;0;17,3;17,3;17,3;17,3;17,4;17,3;100;100;100;317;5,5;3,1;
2026/05/02;0600 UTC;1,6;962,7;962,9;962,6;0;17,3;17,4;17,4;17,3;17,5;17,4;100;100;100;255;4,8;1,8;
2026/05/02;0700 UTC;,6;962,8;963,2;962,6;0;17,3;17,4;17,5;17;17,5;17,1;100;100;100;223;8,2;3,9;
2026/05/02;0800 UTC;0;963,6;964;963,1;,1;16,4;16,4;16,9;16,2;17;16,1;100;99;100;204;8,2;3,9;
2026/05/02;0900 UTC;,2;964,3;964,6;963,8;0;16,1;15,9;16,2;16;16;15,7;99;98;99;210;7,2;4,2;
2026/05/02;1000 UTC;0;964,9;965,2;964,6;0;15,7;15,4;16;15,4;15,7;15;99;98;98;210;4,8;2;
2026/05/02;1100 UTC;0;965,5;966,3;964,8;58,7;15,3;14,8;15,6;15,1;15;14,7;99;96;98;191;8,6;4,3;
2026/05/02;1200 UTC;0;967,1;967,9;966,3;68,4;15,4;14,9;15,6;15;15;14,7;99;96;97;175;8,4;4,9;
2026/05/02;1300 UTC;,2;968,4;969,1;967,9;220,3;15,1;14,8;15,2;14,5;15;13,9;99;96;98;181;8,7;4,1;
2026/05/02;1400 UTC;,2;969,7;970,2;969,1;696;13,9;13,1;14,4;13,6;13,8;12,5;99;91;96;176;8,1;4,8;
2026/05/02;1500 UTC;0;970,2;970,4;970;976,3;14,2;12,2;14,9;14;12,7;11,7;93;87;90;187;7,9;3,8;
2026/05/02;1600 UTC;0;970,1;970,3;969,9;1553;15,5;11,6;16,9;14,8;12,6;10,3;87;70;81;203;6,8;3,7;
2026/05/02;1700 UTC;0;970,4;970,6;970,2;2026,5;16,4;9,3;17;15,9;10,9;7,9;73;56;65;206;9,6;5,1;
2026/05/02;1800 UTC;0;970,6;970,7;970,4;2175,2;16,7;7,8;16,9;16,3;9,3;5,6;63;47;55;221;9,6;4,3;
2026/05/02;1900 UTC;0;970,9;971,1;970,7;1558;15,7;5,5;16,3;15,3;6,3;5;53;44;49;198;8,3;4,8;
2026/05/02;2000 UTC;0;971,2;971,6;970,9;810,2;15,1;5,7;15,3;14,8;6,2;5,3;56;51;53;216;5,8;2,5;
2026/05/02;2100 UTC;0;972;972,5;971,6;177,2;13,5;4,4;14,7;12,2;5,5;3,6;58;50;55;218;5,2;2,2;
2026/05/02;2200 UTC;0;972,9;973,3;972,5;0;11,4;3;12,1;10,8;3,6;2,6;60;56;58;226;5;2,3;
2026/05/02;2300 UTC;0;973,9;974,3;973,4;0;10,2;3;10,8;9,8;3,2;2,7;66;60;64;219;4,2;1,7;
2026/05/03;0000 UTC;0;974,6;974,8;974,3;0;9,4;2,6;9,9;8,9;3;2,3;68;65;66;220;3;1,2;
2026/05/03;0100 UTC;0;975;975,2;974,8;0;8,6;2,3;8,9;8,4;2,6;2,2;70;67;69;200;3,9;2,3;
2026/05/03;0200 UTC;0;975,2;975,3;975,2;0;8,1;2,3;8,6;7,8;2,7;2,2;74;68;71;207;3,9;1,9;
2026/05/03;0300 UTC;0;975,2;975,3;975,1;0;7,8;2,3;8;7,7;2,5;2,2;74;71;72;197;4,2;2,4;
2026/05/03;0400 UTC;0;975,2;975,3;975,1;0;7,3;2,5;7,7;7;2,6;2,3;78;73;76;185;5,1;2,7;
2026/05/03;0500 UTC;0;975;975,1;974,8;0;6,7;2,4;7,1;6,4;2,7;2;80;76;78;186;4,2;2,6;
2026/05/03;0600 UTC;0;974,7;974,9;974,6;0;6,7;2,1;6,9;6,5;2,3;2;79;76;77;194;4,4;2,5;
2026/05/03;0700 UTC;0;974,5;974,6;974,4;0;6,9;2,2;7,1;6,8;2,4;2,1;78;75;76;186;4,8;2,7;
2026/05/03;0800 UTC;0;974,3;974,4;974,2;0;6,4;2,4;6,9;6,1;2,6;2,3;82;77;80;195;3,9;2,5;
2026/05/03;0900 UTC;0;974,3;974,4;974,2;0;6,5;2,5;6,6;6,3;2,6;2,4;81;79;80;199;4;2,6;
2026/05/03;1000 UTC;0;974,4;974,5;974,3;0;5,9;2,8;6,6;5;3,2;2,6;91;80;85;184;3;1,7;
2026/05/03;1100 UTC;0;974,1;974,3;973,9;205,3;5,6;3,4;7,1;4,6;4;3;96;80;89;170;2,8;1,5;
2026/05/03;1200 UTC;0;973,9;974;973,7;906,7;8,6;3,6;9,9;7,2;4,4;2,9;79;71;75;153;4,5;2,1;
2026/05/03;1300 UTC;0;974,2;974,5;973,9;1637,6;10,6;4;11,4;9,9;4,6;3,3;73;60;67;137;4,7;2,5;
2026/05/03;1400 UTC;0;974,4;974,5;974,3;2197,8;12,5;4,4;13,8;11,1;5,6;3,5;65;52;60;99;4,3;2;
2026/05/03;1500 UTC;0;974,1;974,3;973,9;2539,5;14,4;4,6;15,1;13,5;5,6;3,6;59;45;51;103;3,6;1,3;
2026/05/03;1600 UTC;0;973,4;973,9;972,9;2649,6;14,9;4,6;15,4;14,4;5,3;3,7;53;45;49;155;4,2;2;
2026/05/03;1700 UTC;0;972,3;972,9;971,6;2517,2;15,6;4,9;16,3;15;6,2;4,2;52;42;47;197;3,4;1,3;
2026/05/03;1800 UTC;0;971,1;971,6;970,7;2157,1;16,3;5,3;16,9;15,8;6,6;4;51;40;45;154;3,2;1,4;
2026/05/03;1900 UTC;0;970,6;970,7;970,3;1537,2;16,4;5,4;16,7;16,1;6,4;4,7;49;42;45;133;2,9;1,3;
2026/05/03;2000 UTC;0;970;970,3;969,8;809,6;16;5,3;16,4;15,6;6;4,8;51;43;47;65;3,4;1,7;
2026/05/03;2100 UTC;0;969,7;969,8;969,6;168,7;14,3;5,6;15,5;12,6;6;5,1;64;50;57;78;3;1,8;
2026/05/03;2200 UTC;0;969,6;969,7;969,6;0;10,4;5,9;12,6;8,9;6,7;4,9;88;63;77;107;,8;,3;
2026/05/03;2300 UTC;0;969,6;969,7;969,5;0;8,9;5,7;9,5;8;6,3;5,2;90;79;84;174;1;,3;
2026/05/04;0000 UTC;0;969,5;969,6;969,3;0;7,7;5,5;8;7,3;6,2;4,9;94;85;89;223;2,7;,6;
2026/05/04;0100 UTC;0;969,5;969,6;969,3;0;7,4;5;8;7;5,3;4,8;90;85;88;227;1,9;,7;
2026/05/04;0200 UTC;0;969,5;969,6;969,2;0;6,8;4,9;7,6;6;5;4,7;95;86;90;220;1,5;,4;
2026/05/04;0300 UTC;0;969,2;969,4;969;0;5,9;4,8;6,3;5,4;5,4;4,3;97;93;94;195;2,1;,7;
2026/05/04;0400 UTC;0;968,9;969,2;968,7;0;5,7;5;6,3;5;5,7;4,3;99;94;96;309;1,8;1;
2026/05/04;0500 UTC;0;968,4;968,8;968,2;0;5;4,9;5,1;4,7;5,2;4,4;100;99;100;311;2,8;1,3;
2026/05/04;0600 UTC;0;967,9;968,2;967,5;0;5;5,1;5,5;4,8;5,5;4,8;100;100;100;321;1,5;,8;
2026/05/04;0700 UTC;0;967,1;967,5;966,8;0;5,2;5,2;5,3;4,8;5,4;4,9;100;100;100;324;1,8;1,1;
2026/05/04;0800 UTC;0;966,6;966,6;966,6;0;5,2;5,2;5,2;5,1;5,2;5,2;100;100;100;338;1,4;1;
2026/05/04;0900 UTC;0;966,1;966,6;965,9;0;5,1;5,2;5,6;4,5;5,6;4,6;100;100;100;53;1,8;,9;
2026/05/04;1000 UTC;0;966;966,1;966;0;6,1;6,1;6,8;5,6;6,8;5,7;100;100;100;317;2,1;1,2;
2026/05/04;1100 UTC;0;966,1;966,2;965,9;150,9;6,3;6,3;8,4;5,3;8,4;5,3;100;100;100;328;3,6;2,4;
2026/05/04;1200 UTC;0;966,4;966,5;966,1;880,6;10,6;8,8;12,6;8,5;9,7;8,3;100;83;91;199;5,6;2,7;
2026/05/04;1300 UTC;0;966,3;966,4;966;1707,3;14,4;10,6;16,2;12,6;11,9;9,3;86;75;81;233;6,8;3,5;
2026/05/04;1400 UTC;0;966,4;966,7;966,1;2040,9;16,8;11,2;17,2;16,2;11,8;10,8;76;69;72;324;6,4;4,2;
2026/05/04;1500 UTC;0;966,6;966,8;966,3;2442,6;17,8;11,3;18,8;17,2;12,1;10,8;71;65;67;316;4,9;3,1;
2026/05/04;1600 UTC;0;966;966,3;965,6;2463,9;19,6;12,4;20,2;18,9;13,1;11,8;68;60;64;257;3,7;2;
2026/05/04;1700 UTC;0;965,2;965,6;964,6;1882,1;20,6;12,4;21,2;20,1;13,8;11,6;66;54;59;304;3,8;2,2;
2026/05/04;1800 UTC;0;964,1;964,7;963,5;1862,4;21,1;12,6;21,7;20,2;13,5;12;62;53;57;317;6,5;3,3;
2026/05/04;1900 UTC;0;963,5;963,7;963,3;1446,3;21,6;12,7;21,8;21,4;13,5;12,2;59;52;56;318;5,1;2,7;
2026/05/04;2000 UTC;0;963,7;963,8;963,6;774,3;21,5;12,9;21,8;21,2;13,5;12,4;61;54;57;317;5,5;2,1;
2026/05/04;2100 UTC;0;963,9;964;963,8;168,6;19,6;13,7;21,3;17,6;14,3;13,2;81;60;71;26;1,8;1,1;
2026/05/04;2200 UTC;;;;;;;;;;;;;;;;;;
2026/05/04;2300 UTC;0;964,6;964,8;964,4;0;16,5;14;17;16,1;14,5;13,7;91;83;87;220;2,1;,8;
2026/05/05;0000 UTC;0;964,9;965,1;964,8;0;16;14,3;16,6;15,6;14,9;13,9;93;89;92;325;3,2;1,9;
2026/05/05;0100 UTC;0;965,2;965,4;965;0;16,9;15,2;17;16,7;15,5;14,9;93;90;92;329;5,2;2,9;
2026/05/05;0200 UTC;0;965,3;965,4;965,2;0;17,2;15,7;17,5;16,9;15,8;15,5;93;91;92;317;6,5;4;
2026/05/05;0300 UTC;0;965,5;965,7;965,3;0;17;15,7;17,2;16,7;15,8;15,7;95;93;94;326;4,9;2,9;
2026/05/05;0400 UTC;0;965,8;965,9;965,6;0;16,6;15,8;16,7;16,5;16,1;15,7;97;95;96;330;4;1,7;
2026/05/05;0500 UTC;0;965,9;966;965,8;0;17;16,5;17,1;16,7;16,6;16,1;98;97;98;308;3,5;1,6;
2026/05/05;0600 UTC;0;965,7;965,9;965,5;0;17,3;17;17,6;17;17,4;16,6;99;98;98;325;4,6;2,5;
2026/05/05;0700 UTC;0;965,4;965,6;965,2;0;17,6;17,6;17,7;17,6;17,7;17,5;100;99;100;312;5,8;3,4;
2026/05/05;0800 UTC;0;965,3;965,5;965,1;0;17,5;17,6;17,6;17,5;17,7;17,6;100;100;100;329;6,1;3,5;
2026/05/05;0900 UTC;0;965,6;965,8;965,5;0;17,5;17,6;17,6;17,5;17,7;17,6;100;100;100;322;4,2;2,6;
2026/05/05;1000 UTC;0;966;966,4;965,8;0;17,7;17,7;17,8;17,6;17,9;17,7;100;100;100;326;4,7;2,3;
2026/05/05;1100 UTC;5,9;966,8;967,1;966,4;10,9;18,1;18,1;18,2;17,8;18,3;17,9;100;100;100;324;3,7;2,4;
2026/05/05;1200 UTC;0;967,4;967,8;966,9;96,6;18,2;18,3;18,3;18,2;18,3;18,2;100;100;100;328;2,5;1,7;
2026/05/05;1300 UTC;0;967,9;968;967,7;702,7;18,8;18,9;20;18,2;20;18,3;100;100;100;330;4,6;2,5;
2026/05/05;1400 UTC;0;968,1;968,2;967,9;1541,1;20,9;20,4;22;19,8;20,9;19,9;100;91;97;319;5,1;2,9;
2026/05/05;1500 UTC;0;967,9;968,1;967,6;2117,9;23,2;20,7;24,5;22;21,6;20,3;93;82;87;318;6,8;4;
2026/05/05;1600 UTC;0;967,4;967,6;967,1;1668,6;25;21,3;25,9;24,1;22;20,7;85;78;82;304;7;3,3;
2026/05/05;1700 UTC;0;966,8;967,2;966,6;1030,4;25,4;21,4;26,1;24,8;21,9;21,1;84;76;80;321;3,6;1,9;
2026/05/05;1800 UTC;0;966,4;966,6;966,1;1307,1;26,1;21,5;26,9;25,3;22,3;21;81;72;77;292;5;2,7;
2026/05/05;1900 UTC;0;966,2;966,4;966;678,2;25,8;21,2;27,3;24,9;21,8;20,6;82;69;77;292;3,8;1,8;
2026/05/05;2000 UTC;0;966,3;966,3;966,2;605,3;26,6;21;27;26;21,6;20,5;75;68;72;295;3;1,2;
2026/05/05;2100 UTC;0;966,3;966,4;966,2;78,7;24,4;21;26,6;22,2;21,5;20,6;93;71;83;35;,9;,6;
2026/05/05;2200 UTC;0;966,6;966,8;966,4;0;21,3;20,4;22,1;20,7;20,7;20,1;98;92;95;177;,4;,1;
2026/05/05;2300 UTC;0;967;967,1;966,8;0;20,4;19,8;20,8;20;20,2;19,5;99;96;97;190;,4;,1;
2026/05/06;0000 UTC;0;967,2;967,4;967,1;0;20,1;19,7;20,8;19,9;20,1;19,4;99;96;98;47;1,5;,9;
2026/05/06;0100 UTC;,6;967;967,3;966,7;0;21,1;20;21,4;20,5;20,3;19,7;98;93;95;269;1,8;,8;
2026/05/06;0200 UTC;,8;967,3;967,7;966,7;0;20,6;20,3;20,9;20,2;20,7;20;100;98;99;260;1,9;1,1;
2026/05/06;0300 UTC;0;967,1;967,6;966,8;0;20,1;20,1;20,4;19,7;20,4;19,7;100;99;100;211;2;,8;
2026/05/06;0400 UTC;0;967,8;968,6;967,1;0;20,2;20;20,7;19,8;20,1;19,9;100;96;99;158;6;3,2;
2026/05/06;0500 UTC;0;968,1;968,5;968;0;20,1;19,6;20,8;19,6;19,9;19,4;100;95;98;294;1,5;,5;
2026/05/06;0600 UTC;0;967,9;968,5;967,5;0;20,2;19,6;20,5;19,9;19,8;19,3;99;95;97;206;3,5;1,5;
2026/05/06;0700 UTC;0;966,8;967,6;966;0;20,6;19,5;20,8;20,3;19,6;19,3;96;93;95;322;5,9;3,1;
2026/05/06;0800 UTC;0;966,2;966,6;965,8;0;21;19,5;21,2;20,7;19,6;19,5;94;92;93;324;5,7;3,4;
2026/05/06;0900 UTC;0;966;966,7;965,6;0;20,7;19,5;21;20,6;19,6;19,5;95;93;94;320;6;3,6;
2026/05/06;1000 UTC;0;967;967,3;966,5;0;20,8;19,4;21;20,7;19,5;19,3;94;92;93;324;6,1;3,8;
2026/05/06;1100 UTC;0;966,8;967;966,6;65,3;20,5;19,3;20,7;20,4;19,3;19,2;95;93;94;325;5,9;3,4;
2026/05/06;1200 UTC;0;966,5;966,8;966,2;582,7;21;19,4;22,2;20,4;19,6;19,3;95;87;92;325;7,6;4,9;
2026/05/06;1300 UTC;0;966,8;966,9;966,6;1362,3;23,2;19,8;24;22,2;20,3;19,5;88;81;83;317;6;3;
2026/05/06;1400 UTC;0;966,9;967,4;966,5;1944,6;25,2;20,3;26,2;24;21,1;19,8;81;71;75;292;6,4;3,4;
2026/05/06;1500 UTC;0;966,8;967;966,4;2248,5;26,6;20,7;27,6;25,9;21,4;20,2;74;66;71;315;8,3;4,2;
2026/05/06;1600 UTC;0;965,5;966,3;964,8;2355;27,8;21;28,3;27,5;21,6;20,6;69;64;66;318;9,2;4,8;
2026/05/06;1700 UTC;0;964,2;964,8;963,6;2309,1;28,5;20,8;28,9;28;21,7;20;67;56;62;311;10,6;5,9;
2026/05/06;1800 UTC;0;963,3;963,6;963,1;1869,1;28,9;19,9;29,2;28,5;20,5;19,3;60;53;55;314;10,4;6;
2026/05/06;1900 UTC;0;962,8;963,2;962,5;1416,2;28,7;20,3;29;28,5;20,8;19,6;62;53;58;319;7,8;4,4;
2026/05/06;2000 UTC;0;962,4;962,5;962,3;546,8;27,5;19,9;28,7;26,3;20,7;19,3;66;58;62;322;5,1;2,5;
2026/05/06;2100 UTC;0;962,5;962,7;962,5;88,8;25,6;19,7;26,3;24,8;20;19,2;76;66;71;304;4,4;2;
2026/05/06;2200 UTC;0;962,6;962,7;962,6;0;23,9;19,9;24,7;23,5;20,2;19,7;83;76;80;308;4,6;2,2;
2026/05/06;2300 UTC;0;962,5;962,6;962,4;0;23,1;20,3;23,5;22,6;20,4;20,2;88;84;86;319;3,9;1,6;
2026/05/07;0000 UTC;0;962,6;962,7;962,6;0;22,4;20;22,7;22,2;20,2;19,9;89;87;88;311;3,2;1,7;
2026/05/07;0100 UTC;0;962,6;962,7;962,4;0;22;20;22,2;21,9;20;19,8;90;89;90;300;2,8;1,1;
2026/05/07;0200 UTC;0;962;962,4;961,7;0;21,8;19,9;22,1;21,6;20;19,7;91;89;90;302;4,1;1,9;
2026/05/07;0300 UTC;0;961,4;961,7;960,8;0;21,7;19,9;21,9;21,4;20;19,9;92;90;91;325;4;2,3;
2026/05/07;0400 UTC;0;960,1;960,8;959,3;0;21,7;19,8;21,9;21,4;19,9;19,8;92;90;91;324;7,1;4,4;
2026/05/07;0500 UTC;0;958,9;959,2;958,4;0;21,4;19,7;21,6;21,2;19,8;19,5;92;91;91;319;8,1;4,9;
2026/05/07;0600 UTC;0;957,8;958,4;957;0;21,6;19,4;21,8;21,4;19,5;19,2;91;87;89;312;9,3;5,3;
2026/05/07;0700 UTC;0;956,3;956,9;956;0;21,9;18,9;22;21,7;19,2;18,7;87;84;85;314;11;5,6;
2026/05/07;0800 UTC;0;956,2;956,4;956;0;21,9;18,4;22;21,7;18,7;18,2;84;81;83;301;7,8;4,5;
2026/05/07;0900 UTC;0;956,3;956,5;956,2;0;21,8;18,1;21,9;21,6;18,2;17,9;82;81;82;293;8,3;3,4;
2026/05/07;1000 UTC;0;955,8;956,4;954,9;0;22,1;17,9;22,3;21,7;18;17,7;81;77;79;287;9,8;5;
2026/05/07;1100 UTC;0;955,2;955,5;954,9;119,4;22,3;17,6;22,5;22,1;17,7;17,5;78;75;77;317;9,2;4,9;
2026/05/07;1200 UTC;0;955,2;955,3;955;284,8;22,2;17,6;22,3;22,1;17,7;17,5;78;76;77;291;8,1;4,2;
2026/05/07;1300 UTC;0;954,5;955,3;953,5;264,2;22,3;17,5;22,6;22,1;17,7;17,4;77;74;76;258;7,7;3,8;
2026/05/07;1400 UTC;0;953,5;953,7;953,4;344,5;22,7;17,5;22,8;22,5;17,7;17,3;75;73;74;296;8,2;4,1;
2026/05/07;1500 UTC;0;953;953,6;952,2;619,9;22,9;17,9;24;22,6;18,3;17,6;76;71;75;306;9,5;5,5;
2026/05/07;1600 UTC;0;951,6;952,1;951,1;1246,3;25;18,6;26;24;19,2;18,1;71;63;68;323;11,3;6,5;
2026/05/07;1700 UTC;0;950,8;951,3;950;635,2;26,3;18,3;26,6;26;18,8;18,1;64;59;60;327;14;8,1;
2026/05/07;1800 UTC;0;950;950,5;949,3;548,8;26,5;18,1;26,7;26,1;18,3;17,9;60;56;58;326;13;7,6;
2026/05/07;1900 UTC;1,2;950,2;952,3;949,3;245,2;25;17,6;26,8;18,9;18,2;16,3;90;56;63;218;10,4;5,3;
2026/05/07;2000 UTC;2,2;952,4;952,9;951,7;37,3;17,3;16,3;18,8;16,7;17;16;98;91;95;178;8,3;4,5;
2026/05/07;2100 UTC;1;951,7;952,2;951,4;6;16,5;16,3;16,7;16,4;16,4;16,2;100;98;99;166;6,2;3,6;
2026/05/07;2200 UTC;3,2;952;953,1;951,5;0;16,4;16,4;16,5;16,3;16,5;16,3;100;99;100;151;3,6;1,9;
2026/05/07;2300 UTC;4,3;950,6;952,2;949,4;0;16,3;16,4;16,4;16,2;16,5;16,3;100;100;100;227;3;1,1;
2026/05/08;0000 UTC;11;950,2;950,9;949,6;0;16,2;16,3;16,3;16,1;16,4;16,2;100;100;100;220;3,9;1;
2026/05/08;0100 UTC;11;951,1;952,3;948,9;0;16,6;16,7;17,1;16,1;17,1;16,2;100;100;100;241;4,8;1,8;
2026/05/08;0200 UTC;1,4;950,8;951,5;947,8;2,1;15,5;15,4;17,1;14,5;17,1;14,4;100;97;100;213;8,6;4;
2026/05/08;0300 UTC;1,4;951,5;952,1;950,9;0;14,3;14,3;14,5;14,3;14,5;14,1;100;99;100;251;5,5;2,3;
2026/05/08;0400 UTC;1,6;952,4;952,7;952,1;,4;13,5;13,1;14,3;12,5;14,3;11,9;100;96;98;242;11,4;4,5;
2026/05/08;0500 UTC;2,4;953,3;953,9;952,9;0;12,4;12;12,6;12,3;12,3;11,8;99;97;98;280;7,8;4,2;
2026/05/08;0600 UTC;1,2;952,7;953,1;952,2;1,2;11,7;11,2;12,3;10,1;12,1;9,6;99;96;98;267;11,4;5,6;
2026/05/08;0700 UTC;0;952,2;952,6;951,6;0;9,9;9,1;10,1;9,8;9,6;8,7;98;94;96;269;11,3;5,9;
2026/05/08;0800 UTC;,2;952,7;952,9;952,3;0;9,6;8,2;9,9;9,1;8,8;7,5;95;91;93;263;12;6,2;
2026/05/08;0900 UTC;0;953,2;953,9;952,7;0;9,1;7,7;9,3;9;7,9;7,5;94;92;93;274;10,4;5,2;
2026/05/08;1000 UTC;0;954,3;954,6;954;0;9,1;7,8;9,2;9;8;7,6;95;92;93;289;11,4;5,7;
2026/05/08;1100 UTC;0;954,7;954,9;954,4;41,8;9;7,6;9,1;8,9;7,8;7,3;94;92;93;292;10,8;5,2;
2026/05/08;1200 UTC;0;955,1;955,4;954,8;182;9;6,8;9,3;8,9;7,3;6;92;84;89;277;13,2;6;
2026/05/08;1300 UTC;0;955,8;956,5;955;441,6;9,1;6,1;9,4;8,6;6,7;5,3;88;83;85;278;12,5;7,3;
2026/05/08;1400 UTC;0;956,5;956,9;956;1238,7;9,4;5,4;10,3;8,5;5,9;4,9;85;76;80;285;12,4;7,2;
2026/05/08;1500 UTC;0;956,6;956,9;956,1;2029,4;10,9;4,5;11,9;9,9;5,8;3;77;58;68;282;13,3;6,8;
2026/05/08;1600 UTC;0;956,6;956,9;956,2;2030,4;11,5;3,7;12,3;11;4,9;3;66;58;61;280;15,4;7;
2026/05/08;1700 UTC;0;956,2;956,5;955,6;1936,5;12;3,2;12,8;11,3;4,4;2,4;60;51;56;283;14,7;7,1;
2026/05/08;1800 UTC;0;956,2;956,4;955,7;2080,4;12,2;2,1;12,4;11,9;3;1,5;54;47;49;285;16,9;8,3;
2026/05/08;1900 UTC;0;956,6;956,8;956,4;1142,5;11,8;1,3;12,1;11,4;1,7;1;50;46;48;284;14,9;7;
2026/05/08;2000 UTC;0;956,8;957,5;956,4;748,4;11,2;,8;11,6;10,7;1,9;-,3;52;44;48;281;10,8;5,5;
2026/05/08;2100 UTC;0;957,6;958,2;957,2;123,5;9,8;1,3;10,6;9;2,1;,2;65;48;57;281;7,1;4;
2026/05/08;2200 UTC;0;958,4;958,8;958;0;8,6;2,3;9,1;8,2;2,8;1,8;73;64;68;286;6,9;3,2;
2026/05/08;2300 UTC;0;959,1;959,3;958,8;0;8;3;8,3;7,8;3,2;2,7;77;72;75;289;7,1;3,7;
2026/05/09;0000 UTC;0;959,7;960,2;959,3;0;7,5;3,2;7,7;7,4;3,3;3,1;79;77;78;291;7,8;3,9;
2026/05/09;0100 UTC;0;960,4;960,9;960,1;0;7,1;3,2;7,5;7;3,3;3,1;82;78;80;297;7,2;3;
2026/05/09;0200 UTC;0;960,9;961,1;960,7;0;6,9;3;7,1;6,7;3,2;2,8;81;79;80;299;7,1;3,6;
2026/05/09;0300 UTC;0;961,1;961,5;961;0;6,7;2,8;6,8;6,6;2,9;2,6;82;80;80;297;6,4;3,5;
2026/05/09;0400 UTC;0;961,5;961,6;961,4;0;6,5;2,5;6,7;6,4;2,7;2,3;81;79;80;289;7,4;4;
2026/05/09;0500 UTC;0;961,7;962;961,4;0;6,3;2,2;6,5;6,1;2,4;1,9;81;78;79;281;8,4;5;
2026/05/09;0600 UTC;0;962,2;962,6;961,7;0;6,2;1,8;6,5;6;2;1,7;79;76;78;275;7;4,2;
2026/05/09;0700 UTC;0;962,6;962,8;962,3;0;5,9;1,4;6,1;5,7;1,8;1,1;79;76;78;265;6,5;3,3;
2026/05/09;0800 UTC;0;962,4;962,8;962,1;0;5,4;,7;5,7;5,2;1,3;-,2;80;73;77;271;6;3;
2026/05/09;0900 UTC;0;962,4;962,7;962,1;0;5;-,3;5,4;4,5;0;-,5;76;72;73;293;4,6;2,2;
2026/05/09;1000 UTC;0;963,3;963,7;962,7;0;5;-1;5,5;4,4;-,2;-1,5;77;65;70;273;5,9;3,3;
2026/05/09;1100 UTC;0;963,3;963,7;963;77,8;5,5;-1,5;5,9;5,2;-1,1;-1,9;68;62;65;281;7,4;3;
2026/05/09;1200 UTC;0;963,2;963,4;963,1;491,9;6,6;-1,4;7,5;5,9;-,6;-1,9;62;57;60;300;7;3,5;
2026/05/09;1300 UTC;0;963,9;964,2;963,3;876,5;7,9;-,6;9,2;7,4;,8;-1,3;60;55;57;301;9,3;5,1;
2026/05/09;1400 UTC;0;964,3;964,9;964;1443,7;9,4;0;10;8,9;1;-,7;58;46;53;294;11,7;5,9;
2026/05/09;1500 UTC;0;964,9;965,5;964,5;2244,8;10,2;,2;10,9;9,7;1;-,8;54;47;50;285;12,4;6,3;
2026/05/09;1600 UTC;0;965,5;965,7;965,2;2408,5;10;1,2;10,6;9,4;1,8;,4;59;52;56;273;12,6;6,1;
2026/05/09;1700 UTC;0;965,7;966;965,2;1736,3;9,6;2,2;10,5;8,8;2,7;1,3;69;57;63;278;11,1;5,4;
2026/05/09;1800 UTC;0;965,8;965,9;965,6;1073,4;9;3,1;9,2;8,6;3,7;2,7;74;68;71;277;10,5;5,4;
2026/05/09;1900 UTC;0;965,9;966,1;965,7;586,2;8,6;3,9;8,8;8,3;4,3;3,4;79;73;76;267;9;4,8;
2026/05/09;2000 UTC;0;966,2;966,6;965,8;264,6;8,3;4,9;8,6;8;5,6;4,2;88;79;83;272;6,8;3,3;
2026/05/09;2100 UTC;0;966,7;966,8;966,5;40,9;8;5,9;8,3;7,7;6,5;5,4;94;86;90;282;8;4,6;
2026/05/09;2200 UTC;,2;966,9;967,1;966,5;0;7,6;6,8;7,7;7,5;7,2;6,3;98;93;96;270;9,3;4,6;
2026/05/09;2300 UTC;,2;967,5;968;967;0;7,7;7,2;7,8;7,6;7,4;6,9;99;96;98;265;8,8;4,2;
2026/05/10;0000 UTC;,2;968,2;968,5;967,9;0;7,6;6,9;7,7;7,6;7,1;6,7;98;95;96;251;8;3,7;
2026/05/10;0100 UTC;0;968,9;969,3;968,5;0;7,5;7,1;7,6;7,4;7,2;6,8;99;96;98;266;10,2;4,4;
2026/05/10;0200 UTC;,2;969,6;969,9;969,2;0;7,4;7,1;7,4;7,3;7,2;7;99;98;99;266;7,8;3,9;
2026/05/10;0300 UTC;,8;970,1;970,3;969,8;0;7,3;6,9;7,3;7,2;7,1;6,8;99;97;98;261;7,2;4;
2026/05/10;0400 UTC;,4;970,2;970,3;970,1;0;7,1;6,6;7,2;6,9;7;6,3;99;96;98;256;6,9;3,1;
2026/05/10;0500 UTC;0;970,3;970,5;970,1;0;7;6,4;7;6,9;6,5;6,1;98;96;97;254;7;3,3;
2026/05/10;0600 UTC;0;970,1;970,4;969,8;0;6,9;6;7;6,8;6,3;5,7;97;94;95;247;7,1;3,3;
2026/05/10;0700 UTC;1,2;970;970,1;969,9;0;6,6;5,9;6,9;6,3;6,4;5,4;98;96;97;242;8,1;3,7;
2026/05/10;0800 UTC;,2;969,8;970,1;969,7;0;6,4;5,6;6,6;6,3;5,8;5,3;97;95;96;250;7,2;3,3;
2026/05/10;0900 UTC;0;969,7;969,8;969,5;0;6,3;5,3;6,4;6,3;5,5;5;95;94;95;245;8,2;3,7;
2026/05/10;1000 UTC;0;970;970,3;969,6;0;6,2;5;6,3;6;5,4;4,6;96;93;94;247;8,6;3,7;
2026/05/10;1100 UTC;0;970,5;970,9;970,2;68,4;5,9;4,8;6;5,8;5;4,3;95;92;94;252;9;4,1;
2026/05/10;1200 UTC;0;971,1;971,3;970,8;571,2;6,3;4,8;6,9;5,9;5;4,4;95;88;92;244;8,5;4,3;
2026/05/10;1300 UTC;0;971,3;971,4;971,1;897,7;7,1;4,4;7,3;6,9;5;3,9;89;83;86;241;8,3;3,8;
2026/05/10;1400 UTC;0;971,3;971,4;971,1;1346,3;7,9;3,7;8,5;7,4;4,3;2,7;84;72;79;233;10,1;4;
2026/05/10;1500 UTC;0;970,9;971,4;970,5;2329,9;9,2;2,7;10;8,3;3,6;1,9;74;62;68;256;10,1;5,7;
2026/05/10;1600 UTC;0;970,3;970,7;969,8;2408,3;10;2,9;10,7;9,2;3,8;2,5;69;61;65;267;9,8;5;
2026/05/10;1700 UTC;0;969,4;969,8;969;2008,9;10,1;3;10,9;9,5;3,5;2,3;68;59;64;262;10,5;5,3;
2026/05/10;1800 UTC;0;968,9;969,2;968,6;1966,7;10,5;3,3;11;9,9;3,9;2,4;66;60;64;278;10,4;5,5;
2026/05/10;1900 UTC;0;969,1;969,3;968,7;1278,4;10,5;3,4;10,8;10,1;3,9;3,2;67;62;65;262;8,8;4,6;
2026/05/10;2000 UTC;0;969,3;969,7;969;639,2;10,3;3,5;10,7;9,5;3,8;3,2;70;63;66;269;8,9;4,4;
2026/05/10;2100 UTC;0;969,7;969,9;969,4;61,4;9,1;3,3;9,5;8,7;3,5;3,1;73;69;71;270;7,2;4;
2026/05/10;2200 UTC;0;970,1;970,4;969,9;0;8,2;3,3;8,7;7,7;3,4;3,1;78;72;76;261;5,7;2,8;
2026/05/10;2300 UTC;0;970,6;970,8;970,4;0;7,3;3;7,7;7,1;3,3;2,7;80;77;79;254;6;3,1;
2026/05/11;0000 UTC;0;971;971,2;970,8;0;7;2,7;7,3;6,9;2,8;2,5;79;77;78;247;7,2;3,2;
2026/05/11;0100 UTC;0;971,1;971,2;971;0;6,7;2,4;6,9;6,4;2,6;2,3;80;78;79;251;6,8;3,2;
2026/05/11;0200 UTC;0;970,9;971,1;970,7;0;6,3;2,3;6,4;6,2;2,5;2,2;81;80;80;260;6,8;3,5;
2026/05/11;0300 UTC;0;970,6;970,8;970,3;0;6,2;2,1;6,4;6;2,2;2;80;79;80;259;7,9;3,8;
2026/05/11;0400 UTC;0;970,3;970,5;970,1;0;5,9;2;6;5,8;2,2;2;81;80;81;260;6,6;3,5;
2026/05/11;0500 UTC;0;970,3;970,5;970,2;0;5,6;2,2;5,8;5,2;2,3;2,1;85;81;83;256;6,9;3,1;
2026/05/11;0600 UTC;0;970;970,3;969,8;0;5,2;2,2;5,3;5,1;2,3;2,1;86;85;85;263;6,2;3,5;
2026/05/11;0700 UTC;0;969,5;969,8;969,2;0;5,2;1,9;5,3;5;2,1;1,7;85;82;83;259;6,9;3,9;
2026/05/11;0800 UTC;0;969,1;969,2;968,9;0;5;1,6;5,2;4,7;1,7;1,5;84;82;83;243;5,8;3,1;
2026/05/11;0900 UTC;0;969,3;969,4;969,2;0;4,6;1,5;4,7;4,5;1,6;1,5;85;84;85;237;6,4;3,3;
2026/05/11;1000 UTC;0;969,5;969,7;969,3;0;4,2;1,6;4,5;3,9;1,6;1,5;89;85;87;240;7,8;3,2;
2026/05/11;1100 UTC;0;969,8;969,9;969,7;134;4;1,7;4,8;3,7;1,9;1,6;90;85;88;237;6,7;2,7;
2026/05/11;1200 UTC;0;970,2;970,6;969,8;814,8;5,7;2,3;6,8;4,8;3;1,7;85;80;83;248;4,7;2,4;
2026/05/11;1300 UTC;0;970,7;970,7;970,6;1519,1;7,6;3;8,6;6,7;4,2;2,6;80;74;77;235;6,7;3,5;
2026/05/11;1400 UTC;0;971;971,2;970,7;2074,2;9,5;4;10,2;8,5;4,6;3,4;76;69;72;247;6,8;3,1;
2026/05/11;1500 UTC;0;970,9;971,1;970,6;2410,2;11,1;4;11,9;10,3;4,7;3,4;71;59;64;226;7,9;3,8;
2026/05/11;1600 UTC;0;970,4;970,6;970,3;2520,2;11,9;4;12,6;11,6;4,8;3,5;63;58;60;240;6,8;3;
2026/05/11;1700 UTC;0;970;970,3;969,8;2383,8;12,8;4,4;13,3;12,4;5,1;3,7;62;54;58;240;7,2;3,3;
2026/05/11;1800 UTC;0;969,7;969,9;969,4;2016;13,3;4,1;13,7;13;4,7;3,2;58;49;54;266;6;3,3;
2026/05/11;1900 UTC;0;969,6;969,7;969,4;1401,4;13,6;4,2;13,9;13,4;4,7;3,8;55;51;53;273;6,5;3,5;
2026/05/11;2000 UTC;0;969,7;969,8;969,6;706,3;13,3;4,3;13,6;13;4,7;3,9;57;53;55;269;7,2;3,7;
2026/05/11;2100 UTC;0;970;970,1;969,8;107,8;11,9;4;13;10,7;4,3;3,7;65;55;60;278;4,1;2,4;
2026/05/11;2200 UTC;0;970,2;970,3;970,1;0;10,4;3,6;10,7;10,1;3,8;3,5;68;65;66;288;5,7;2,9;
2026/05/11;2300 UTC;0;970,4;970,5;970,2;0;10,4;3,3;10,6;9,7;3,6;3,1;68;63;65;289;5,4;2,8;
2026/05/12;0000 UTC;0;970,4;970,5;970,3;0;8,6;3,3;9,7;7,6;3,9;3;79;68;74;305;3;1,3;
2026/05/12;0100 UTC;0;970,4;970,5;970,3;0;8,8;3,4;9,5;7,9;3,7;3,3;79;70;73;300;4,1;1,6;
2026/05/12;0200 UTC;0;970,4;970,5;970,3;0;9;3,5;9,2;8,7;3,7;3,4;74;72;73;291;4,5;2,2;
2026/05/12;0300 UTC;0;970,1;970,3;969,9;0;9,4;3,6;9,6;9;3,8;3,4;73;70;71;278;7,3;3,1;
2026/05/12;0400 UTC;0;969,8;970;969,6;0;9;3,5;9,5;8,4;3,6;3,4;75;70;73;284;6,6;3,7;
2026/05/12;0500 UTC;0;969,4;969,6;969,1;0;9,1;3,5;9,4;8,8;3,6;3,4;73;71;72;276;8,8;4,6;
2026/05/12;0600 UTC;0;968,8;969,1;968,5;0;9,2;3,6;9,4;9;3,6;3,5;73;71;72;275;8,1;5,2;
2026/05/12;0700 UTC;0;968,4;968,7;968,2;0;9,1;3,5;9,3;8,9;3,6;3,3;73;71;72;281;9,2;5,2;
2026/05/12;0800 UTC;0;968,2;968,3;968;0;8,9;3,2;9,1;8,7;3,4;3;72;71;71;280;8,3;4,3;
2026/05/12;0900 UTC;0;968,3;968,5;968,2;0;8,6;3;9;8,2;3,1;2,9;74;70;72;291;6;3,2;
2026/05/12;1000 UTC;0;968,4;968,6;968,2;0;7,2;2,9;8,2;6,3;3;2,8;83;74;78;322;4,6;2;
2026/05/12;1100 UTC;0;968,5;968,8;968,3;127,5;5,8;2,8;8,7;4,5;3,2;2,5;92;72;85;295;6,6;3,4;
2026/05/12;1200 UTC;0;968,8;969;968,7;791,1;9,5;3,4;10,2;8,8;3,9;3,1;72;67;69;292;10;4,4;
2026/05/12;1300 UTC;0;969;969,1;968,8;1472;11,1;4,3;11,7;10,3;4,9;3,6;68;64;66;275;8,9;5,2;
2026/05/12;1400 UTC;0;968,9;969,1;968,6;2028;12,4;5;13,4;11,6;5,9;4,4;65;60;63;280;9,5;5,2;
2026/05/12;1500 UTC;0;968,5;968,7;968,2;2363,3;14,3;5,7;15;13,5;6,4;5,2;63;51;57;270;8,6;5,2;
2026/05/12;1600 UTC;0;967,6;968,1;967,1;2482,8;15,6;5,5;16,3;14,8;6,1;4,8;53;45;50;276;9,5;5;
2026/05/12;1700 UTC;0;966,6;967;966,2;2348,3;16,6;5,4;17,5;15,9;6,5;4,7;49;38;44;288;10,2;5,5;
2026/05/12;1800 UTC;0;966,2;966,4;965,9;1991,8;17,1;5,3;17,5;16,8;5,8;4,6;44;37;41;282;9,6;5,6;
2026/05/12;1900 UTC;0;965,6;965,9;965,2;1388,4;16,6;5,6;16,8;16,3;6,1;4,9;48;40;45;278;8,9;5,2;
2026/05/12;2000 UTC;0;965;965,3;964,9;698,7;15,9;5,9;16,3;15,3;6,2;5,5;54;47;50;288;7,9;4,2;
2026/05/12;2100 UTC;0;965;965,1;964,8;105,6;14,1;6,3;15,3;13,1;6,5;6;65;54;61;292;6,4;3,4;
2026/05/12;2200 UTC;0;965;965,2;964,8;0;12,6;6;13,1;12;6,1;5,9;70;65;67;303;4,9;2,6;
2026/05/12;2300 UTC;0;965,3;965,5;965,1;0;12,2;6;12,4;12;6,1;5,9;70;68;69;289;7,5;4,3;
2026/05/13;0000 UTC;0;965,3;965,4;965,1;0;12;5,8;12,2;11,8;6;5,6;71;67;69;281;8,9;5,4;
2026/05/13;0100 UTC;0;965,4;965,7;965,2;0;12;5,7;12,2;11,8;5,8;5,6;70;67;69;278;8,4;4,7;
2026/05/13;0200 UTC;0;965,8;966,2;965,5;0;11,9;5,9;12;11,7;6;5,8;71;70;70;266;8,9;4,8;
2026/05/13;0300 UTC;0;966,4;966,6;966,1;0;11,5;5,9;11,7;11,4;6;5,9;72;71;72;264;8,2;3,7;
2026/05/13;0400 UTC;0;966,6;966,9;966,4;0;11,1;6;11,6;10,3;6,1;6;79;72;75;248;5,4;2,4;
2026/05/13;0500 UTC;0;966,9;967,1;966,7;0;10;6;10,2;9,8;6,1;6;81;79;80;241;4,6;1,8;
2026/05/13;0600 UTC;0;966,7;967;966,4;0;9,9;6,1;10,1;9,7;6,2;6;82;80;81;255;5,3;2;
2026/05/13;0700 UTC;0;966,1;966,5;965,8;0;10,4;6,3;10,5;10,1;6,3;6,2;81;79;79;251;5;1,9;
2026/05/13;0800 UTC;0;965,8;965,8;965,6;0;10,3;6,3;10,6;10;6,3;6,2;81;78;80;250;5,6;2,2;
2026/05/13;0900 UTC;0;965,7;966;965,6;0;10,2;6,2;10,4;9,9;6,3;6,2;81;79;80;248;5,4;2,1;
2026/05/13;1000 UTC;0;966,4;966,7;966;0;9,4;6,2;9,9;9;6,2;6,1;86;81;84;234;5;2,6;
2026/05/13;1100 UTC;0;967;967,3;966,7;112,4;9,1;6,3;9,8;8,9;6,5;6,1;87;83;86;256;5,4;2,5;
2026/05/13;1200 UTC;0;967,5;968,1;967,2;735,5;10,7;6,8;11,2;9,8;7,2;6,4;83;79;81;222;4,9;2,1;
2026/05/13;1300 UTC;0;968,2;968,3;968;1406,7;11,6;7,4;12,4;11,2;7,9;7;80;77;79;;4,5;2,4;
2026/05/13;1400 UTC;0;968,4;968,5;968,2;1739,3;12,8;8,2;14;11,9;9,2;7,5;80;73;77;;3,2;1,4;
2026/05/13;1500 UTC;0;968,2;968,4;968;2258,4;14,4;8,9;15,3;13,3;9,7;8,2;78;68;72;;2,3;1,1;
2026/05/13;1600 UTC;0;967,7;968;967,3;2361,3;16,1;9,7;16,8;15,3;10,2;9;71;65;68;;3,3;1,7;
2026/05/13;1700 UTC;0;966,9;967,3;966,7;2235,2;17;10,1;17,4;16,5;10,6;9,6;68;62;65;;4,4;2,1;
2026/05/13;1800 UTC;0;966,5;966,7;966,3;1882,4;17,5;10;18;16,7;10,5;9,5;67;58;63;;4,7;2;
2026/05/13;1900 UTC;0;966,3;966,5;966,2;1316,2;17,8;9,9;18,3;17,6;10,5;9,1;63;56;60;;4,7;2,4;
2026/05/13;2000 UTC;0;966,4;966,6;966,3;646,4;17,3;9,9;18;16,7;10,4;9,6;67;61;63;;3,8;2,1;
2026/05/13;2100 UTC;0;966,5;966,7;966,4;73,4;15,4;9,9;16,8;14,2;10,3;9,7;78;66;73;;2,4;1,1;
2026/05/13;2200 UTC;0;967;967,3;966,7;0;13,9;9,8;14,4;13,2;9,9;9,7;83;77;79;;2,3;1,1;
2026/05/13;2300 UTC;0;967,2;967,4;967,1;0;13;9,9;13,3;12,8;9,9;9,8;86;82;84;;2,7;1,7;
2026/05/14;0000 UTC;0;967,5;967,6;967,4;0;12,3;10;13;11,7;10;9,9;92;85;89;;1,8;1,2;
2026/05/14;0100 UTC;0;967,2;967,7;966,9;0;10,9;9,6;11,8;9,6;10;9;97;90;94;121;1,6;,9;
2026/05/14;0200 UTC;0;967,3;967,6;966,9;0;10,5;9,5;11,4;9,2;10,2;8,7;100;92;95;137;2,7;1,5;
2026/05/14;0300 UTC;0;967,7;967,9;967,4;0;10,1;9,2;11,2;9,6;9,6;8,6;98;92;96;111;2,4;1,5;
2026/05/14;0400 UTC;0;967,8;967,9;967,7;0;9,6;8,6;9,9;9,3;9,2;8;97;93;95;143;2,5;1,4;
2026/05/14;0500 UTC;0;967,7;967,8;967,6;0;9,3;7,5;9,5;9;8,1;7;94;89;91;117;2,2;1,2;
2026/05/14;0600 UTC;0;967,4;967,7;967,2;0;8,9;6,1;9;8,8;7,1;5,3;90;82;86;108;2,3;1,1;
2026/05/14;0700 UTC;0;967,4;967,5;967,3;0;8,5;5,8;9;7,9;6,4;5,3;93;81;86;109;1,9;,7;
2026/05/14;0800 UTC;0;967,8;968;967,4;0;8,5;6,3;9,1;7,6;7,1;5,9;94;84;89;81;1,9;,7;
2026/05/14;0900 UTC;0;968;968,1;967,8;0;8,9;6,1;9,1;8,6;7,3;5,4;93;82;86;152;2,7;1,3;
2026/05/14;1000 UTC;0;968,2;968,5;968;0;8;5,8;8,6;7,3;6,1;5,5;93;86;89;130;1,7;,9;
2026/05/14;1100 UTC;0;968,5;968,9;968,3;81,7;7,6;5,8;8,6;7;6,3;5,5;94;86;91;129;2,3;1;
2026/05/14;1200 UTC;0;969,3;969,6;968,9;436,7;8,9;6,3;9,6;8,6;7,4;5,6;90;84;87;145;2,7;1,6;
2026/05/14;1300 UTC;0;969,8;970,1;969,5;1140,5;11,6;7,3;12,9;9,8;8,3;6,7;88;73;78;265;1,3;,6;
2026/05/14;1400 UTC;0;970,3;970,4;970,1;1688,9;12,9;7,4;14;11,8;8,5;6,6;77;65;72;150;5;2,7;
2026/05/14;1500 UTC;0;969,8;970,1;969,5;1770,6;13,3;7,5;14,3;12,7;8,1;6,8;74;66;71;159;3,2;1,4;
2026/05/14;1600 UTC;0;969,3;969,6;969;1496,7;13,7;6,9;14,1;12,8;7,8;6,1;73;61;66;167;3,2;1,6;
2026/05/14;1700 UTC;0;969;969,4;968,7;1620,1;14,1;6,4;14,6;13,8;7;5,8;64;58;61;160;3,7;1,9;
2026/05/14;1800 UTC;0;968,7;968,9;968,6;1877,3;15,1;6,5;16;14,2;7,2;5,7;62;52;57;154;5,2;3;
2026/05/14;1900 UTC;0;968,7;968,9;968,5;999,9;14,3;5,1;15,2;13,7;6,6;3,8;59;50;54;159;4,8;2,5;
2026/05/14;2000 UTC;0;969,1;969,4;968,9;386,8;12,8;4,2;13,8;12,1;4,8;3,7;64;51;57;142;3,7;1,8;
2026/05/14;2100 UTC;0;969,6;969,7;969,4;73,5;11,3;4,6;12,1;10,3;5,4;4,1;75;60;67;158;3,7;1,9;
2026/05/14;2200 UTC;0;970,1;970,5;969,7;0;9,5;5,8;10,3;8,8;6,2;5,4;86;76;81;138;2,7;1,4;
2026/05/14;2300 UTC;0;970,8;971;970,5;0;8,5;6,4;9;8,1;6,7;6,1;93;86;89;125;2,5;1,2;
2026/05/15;0000 UTC;0;971,1;971,2;971;0;7,8;6,9;8,1;7,8;7,2;6,6;97;93;95;122;1,9;1,3;
2026/05/15;0100 UTC;0;971,3;971,4;971,1;0;7,7;6,9;8,1;7,5;7;6,7;97;93;96;122;1,9;1;
2026/05/15;0200 UTC;0;971,3;971,5;971,3;0;7,8;6,7;8;7,6;6,8;6,6;96;93;95;148;2,5;1,5;
2026/05/15;0300 UTC;0;971,3;971,5;971,2;0;7,2;6,5;7,6;6,9;6,7;6,4;98;95;97;117;2;1;
2026/05/15;0400 UTC;0;971,3;971,5;971,2;0;6,7;6,4;6,9;6,5;6,8;6;100;97;99;119;1,9;1,1;
2026/05/15;0500 UTC;0;971,2;971,3;971;0;7,3;7,2;7,5;6,7;7,5;6,5;100;99;100;110;3,4;1,9;
2026/05/15;0600 UTC;0;971;971,1;970,8;0;7,4;7,3;7,5;7,2;7,5;7,1;100;99;100;115;3,9;1,9;
2026/05/15;0700 UTC;0;970,8;970,9;970,7;0;7,2;6,9;7,4;7;7,2;6,3;100;94;99;103;5,2;2,6;
2026/05/15;0800 UTC;0;970,5;970,7;970,4;0;7,4;6;7,5;7,3;6,3;5,7;94;91;93;102;3;1,6;
2026/05/15;0900 UTC;0;970,5;970,7;970,5;0;7,3;5,6;7,6;6,8;5,7;5,5;94;90;92;113;3,5;1,8;
2026/05/15;1000 UTC;0;970,7;970,8;970,7;0;6,3;5,6;6,8;6,1;5,9;5,4;99;94;97;126;2,7;1,7;
2026/05/15;1100 UTC;;;;;;;;;;;;;;;;;;
2026/05/15;1200 UTC;0;971,4;971,5;971,2;810;0;0;;;;;;;;0;3,7;2,1;
2026/05/15;1300 UTC;0;971,6;971,6;971,5;1500,2;10,4;7,7;11,3;9,9;8,3;6,9;91;79;86;125;4,4;2,6;
2026/05/15;1400 UTC;0;971,6;971,7;971,4;1932,9;12,1;6,8;12,6;11,1;7,9;5,8;82;67;73;76;4,8;2,7;
2026/05/15;1500 UTC;0;971;971,4;970,6;2319;13,4;6,7;13,9;12,6;7,9;5,7;73;61;66;73;4,5;2,4;
2026/05/15;1600 UTC;0;970,1;970,5;969,7;2465,3;14,5;7,1;15;13,7;8;5,7;68;54;63;120;4;1,4;
2026/05/15;1700 UTC;0;969,1;969,7;968,7;2296,9;15,1;6,5;15,7;14,7;7,4;5,6;61;52;57;87;4,5;1,9;
2026/05/15;1800 UTC;0;968,5;968,7;968,4;1928,7;15,5;6,9;15,9;15,2;7,9;6,4;61;54;57;72;5;2,3;
2026/05/15;1900 UTC;0;968,3;968,4;968,1;1328,7;15,3;6,3;15,7;15;7,1;5,7;58;53;55;73;4;2;
2026/05/15;2000 UTC;0;967,9;968,1;967,8;644;14,8;6,6;15,2;14,3;7,5;5,7;66;53;59;76;4,4;2;
2026/05/15;2100 UTC;0;967,8;967,9;967,7;89,8;12,8;7,2;14,3;11,4;7,5;7;79;64;72;95;3,5;2;
2026/05/15;2200 UTC;0;967,9;968;967,7;0;10,3;7;11,3;9,2;7,2;6,8;89;79;83;77;2;1,4;
2026/05/15;2300 UTC;0;968;968,1;967,9;0;9,6;6,9;9,7;9,4;7;6,8;87;86;87;99;3,9;1,6;
2026/05/16;0000 UTC;0;968,2;968,4;968;0;9,2;6,8;9,7;8,6;6,8;6,7;90;86;88;60;2,8;1,2;
2026/05/16;0100 UTC;0;968,6;968,8;968,3;0;8,1;6,8;8,5;7,9;7;6,6;95;91;93;81;2,6;1,6;
2026/05/16;0200 UTC;0;968,8;968,8;968,7;0;8,1;6,9;8,3;8;7;6,8;95;93;94;80;3,1;1,8;
2026/05/16;0300 UTC;0;968,5;968,8;967,9;0;7,5;6,6;8,2;6,6;7;5,5;99;94;96;77;3;1,6;
2026/05/16;0400 UTC;0;967,7;968,1;967,2;0;6,9;6,8;7,2;6,6;7,1;6,4;100;99;99;71;4,3;2,2;
2026/05/16;0500 UTC;0;967,4;967,6;967,3;0;6,8;6,7;7,1;6,6;6,9;6,6;100;99;100;79;2;1,1;
2026/05/16;0600 UTC;0;967,4;967,7;966,9;0;0;6;;;6,8;5,5;100;99;100;111;1,2;,5;
2026/05/16;0700 UTC;0;966,7;967;966,5;0;6,1;6,2;6,7;5,5;6,7;5,6;100;100;100;164;1,5;,3;
2026/05/16;0800 UTC;0;966,8;967;966,6;0;6,6;6,7;7,2;5,7;7,2;5,7;100;100;100;122;1,6;,8;
2026/05/16;0900 UTC;0;966,5;966,7;966,3;0;6,8;6,8;7,1;6,5;7,1;6,5;100;100;100;117;1,3;,6;
2026/05/16;1000 UTC;0;966,8;967;966,6;0;6;6;6,6;5,6;6,6;5,6;100;99;100;174;1,1;,4;
2026/05/16;1100 UTC;0;966,8;966,9;966,6;44,9;6,1;6,2;7;5,3;7;5,4;100;100;100;76;1,2;,5;
2026/05/16;1200 UTC;0;967,2;967,5;966,9;389,5;7,5;7,6;8,8;6,7;8,9;6,8;100;100;100;261;1,7;,6;
2026/05/16;1300 UTC;0;967,8;968;967,5;944,8;10,9;9,9;11,9;8,9;10,7;8,9;100;91;95;123;2,2;,8;
2026/05/16;1400 UTC;0;967,8;968;967,7;798,2;11,9;10,3;12,4;11,5;10,7;9,9;94;89;92;79;3,9;1,6;
2026/05/16;1500 UTC;0;967,3;967,7;966,9;808,7;12,7;10,6;12,9;12,3;11;10,4;92;88;90;67;3,8;1,6;
2026/05/16;1600 UTC;0;966,8;966,9;966,5;800,2;13,4;10,8;13,7;12,9;11,1;10,4;90;84;87;67;4,3;2,2;
2026/05/16;1700 UTC;0;966;966,5;965,7;953;14,2;10,9;14,7;13,6;11,2;10,6;86;81;84;75;4,4;1,9;
2026/05/16;1800 UTC;0;965,7;965,8;965,6;619,6;14,5;10,8;14,8;14,3;11,4;10,4;85;79;82;60;2,8;1,6;
2026/05/16;1900 UTC;0;965,8;965,9;965,6;637,4;15,1;11;15,4;14,8;11,7;10,5;82;77;80;126;4,1;2,4;
2026/05/16;2000 UTC;0;966;966,3;965,8;352,2;14,2;10,8;15;13,6;11;10,5;85;80;83;125;5,3;3;
2026/05/16;2100 UTC;0;966,2;966,3;966,1;87,2;12,9;10,3;13,6;11,8;10,6;10,1;92;84;87;126;4,3;2,5;
2026/05/16;2200 UTC;0;966,6;966,8;966,3;0;11,6;10,3;11,8;11,4;10,5;10,1;95;92;94;125;5,4;3,1;
2026/05/16;2300 UTC;0;967,3;967,6;966,8;0;11,7;10,5;11,8;11,6;10,7;10,4;95;93;94;117;4,7;2,6;
2026/05/17;0000 UTC;0;968;968,2;967,6;0;11,6;10,1;11,7;11,5;10,4;9,8;93;91;92;125;4,6;2,6;
2026/05/17;0100 UTC;0;968,2;968,6;968;0;11,4;9,5;11,6;11,2;9,8;9,2;91;90;91;125;4,3;2,4;
2026/05/17;0200 UTC;0;968,4;968,6;968,1;0;11,1;9,5;11,2;11;9,8;9,3;94;90;92;71;3,9;2,1;
2026/05/17;0300 UTC;0;968,4;968,5;968,1;0;11,1;10;11,1;11;10,1;9,8;95;94;95;90;4;2,1;
2026/05/17;0400 UTC;0;967,8;968,2;967,5;0;11,2;10,4;11,2;11,1;10,7;10,1;98;95;96;82;3,5;1,6;
2026/05/17;0500 UTC;0;967,8;968;967,7;0;11,2;10,7;11,3;11;10,9;10,7;98;98;98;102;2,9;1,3;
2026/05/17;0600 UTC;0;967,6;967,7;967,4;0;11;10,9;11;10,9;11;10,7;100;98;100;92;3,4;1,7;
2026/05/17;0700 UTC;0;967,4;967,5;967,4;0;11,1;11,1;11,1;11;11,1;11;100;100;100;129;4;2,2;
2026/05/17;0800 UTC;0;967,4;967,5;967,3;0;10,8;10,8;11,1;10,6;11,1;10,7;100;100;100;151;3,9;2,4;
2026/05/17;0900 UTC;0;967,3;967,5;967,1;0;10,5;10,6;10,6;10,4;10,7;10,5;100;100;100;134;4,5;2,7;
2026/05/17;1000 UTC;0;967,1;967,3;967;0;10,2;10,2;10,4;10;10,5;9,8;100;99;100;152;5,3;3,1;
2026/05/17;1100 UTC;0;967,4;967,7;967,1;19,3;10,1;9,2;10,2;10;9,8;8,4;99;91;95;141;3,8;2,2;
2026/05/17;1200 UTC;0;968,1;968,4;967,7;355,7;10,7;8,4;11;10,1;8,7;8,2;91;87;89;149;6,6;3,3;
2026/05/17;1300 UTC;0;968,7;968,9;968,4;509,6;11;8,9;11,2;10,8;9,4;8,4;92;88;90;155;5,2;2,9;
2026/05/17;1400 UTC;0;968,9;969;968,8;970,5;12;9,7;12,9;11,1;9,9;9,4;92;84;89;149;6;3,6;
2026/05/17;1500 UTC;0;968,9;969,1;968,7;904;12,6;9,2;13,2;12,2;9,7;8;87;75;83;140;6,5;3,5;
2026/05/17;1600 UTC;0;968,5;968,9;968,2;1591,8;13,4;8,7;14,2;13;9,5;7,9;80;73;77;150;8,9;4,7;
2026/05/17;1700 UTC;0;968,1;968,3;967,9;1741;14,2;8,6;14,5;13,8;9,1;8,1;74;69;72;123;6,7;3,6;
2026/05/17;1800 UTC;0;967,8;967,9;967,6;1734,8;15;9;15,5;14,4;9,5;8,3;75;68;70;142;7,9;4,2;
2026/05/17;1900 UTC;0;968;968,4;967,8;512,5;13,9;9,4;14,5;13,4;9,8;8,9;82;73;77;153;6,8;3,3;
2026/05/17;2000 UTC;0;968,6;968,7;968,4;175,1;12,9;9,5;13,4;12,5;9,8;9;86;81;83;157;6,1;3,5;
2026/05/17;2100 UTC;0;969,3;969,5;968,8;28,1;12,2;9,9;12,5;11,8;10,1;9,7;90;86;89;163;8,4;3,6;
2026/05/17;2200 UTC;0;969,8;970,2;969,4;0;11,4;9,8;11,8;11;10,1;9,5;94;90;92;156;7,8;3;
2026/05/17;2300 UTC;0;970,7;971;970,2;0;10,4;9,4;11;9,9;9,8;8,9;97;94;95;158;7,2;3,6;
2026/05/18;0000 UTC;0;971,3;971,5;970,9;0;9,9;8,8;10;9,8;8,9;8,7;95;94;95;161;7,4;3,2;
2026/05/18;0100 UTC;0;971,4;971,7;971,3;0;9,4;8,7;9,7;9,4;8,9;8,3;97;95;96;166;6,4;3,4;
2026/05/18;0200 UTC;0;972,1;972,3;971,7;0;9,2;7,2;9,4;8,8;8,4;6,5;95;88;90;176;5,7;3,2;
2026/05/18;0300 UTC;0;972,6;972,7;972,3;0;8,5;6,3;8,8;8,1;6,6;5,9;90;88;89;173;6,7;3,9;
2026/05/18;0400 UTC;0;972,7;972,9;972,6;0;7,7;5,5;8,1;7,3;6;4,7;91;87;89;162;4,9;2,2;
2026/05/18;0500 UTC;0;972,9;973,1;972,7;0;7,1;4,7;7,3;6,9;4,8;4,5;89;87;88;165;3,7;1,8;
2026/05/18;0600 UTC;0;973;973,1;972,8;0;6,5;4,2;6,9;6,1;4,7;3,7;90;87;88;175;3,8;2,1;
2026/05/18;0700 UTC;0;972,7;972,9;972,5;0;6,1;3,8;6,3;5,8;4;3,6;90;86;89;158;2,5;1,3;
2026/05/18;0800 UTC;0;972,6;972,7;972,5;0;5,7;3,5;5,8;5,3;3,8;3,2;90;88;89;177;3,7;2,3;
2026/05/18;0900 UTC;0;972,8;973;972,6;0;4,8;3,2;5,3;4,3;3,3;3;95;90;92;177;2,1;,9;
2026/05/18;1000 UTC;0;973,1;973,5;972,8;0;4,1;3,2;4,9;3,7;3,5;2,8;98;90;95;190;2,7;1,4;
2026/05/18;1100 UTC;0;973,8;974,1;973,5;103,3;5,1;2,9;5,7;4,7;3,1;2,8;91;86;89;209;2,3;1;
2026/05/18;1200 UTC;0;974,3;974,6;974,1;703,1;6,6;3,3;7,8;5,7;4,1;2,9;87;81;83;191;3,4;2,1;
2026/05/18;1300 UTC;0;974,8;974,9;974,6;1375,7;8,8;4,5;9,5;7,8;5;3,8;83;75;79;183;5,7;3,5;
2026/05/18;1400 UTC;0;975;975,1;974,9;1985,9;10,4;5,1;11,4;9,5;5,9;4,7;78;69;73;187;6,8;3,5;
2026/05/18;1500 UTC;0;974,8;975;974,6;2365,3;11,5;5,1;12,9;10,9;5,7;4,1;72;63;68;169;4,9;1,6;
2026/05/18;1600 UTC;0;974,4;974,6;974,1;2288,6;12,4;4,7;13,1;11,5;5,7;3,9;66;56;62;182;5,3;2,4;
2026/05/18;1700 UTC;0;974;974,2;973,8;2189,3;13,1;4,5;14,4;12;5,5;3,6;62;52;57;176;5,4;2,8;
2026/05/18;1800 UTC;0;973,6;973,8;973,4;1896,9;13,5;4,2;14,5;12,9;5,6;3,5;57;50;53;215;4,6;1,8;
2026/05/18;1900 UTC;0;973,3;973,5;973,3;1472,8;13,4;4,1;14,2;12,4;4,8;3,5;58;51;53;194;4,3;1,9;
2026/05/18;2000 UTC;0;973,3;973,4;973,2;760,9;12,9;4,1;13,6;11,9;4,9;3,6;61;51;56;180;4,7;3,3;
2026/05/18;2100 UTC;0;973,4;973,5;973,3;68;11,2;3,9;11,9;10,2;4,3;3,7;70;60;63;220;2,2;,9;
2026/05/18;2200 UTC;0;973,7;973,9;973,5;0;9,9;3,9;10,4;9;4,3;3,8;76;67;70;216;1,8;,8;
2026/05/18;2300 UTC;0;974;974,1;973,9;0;8,5;3,8;8,9;8,1;4,4;3,4;80;74;77;235;2;,8;
2026/05/19;0000 UTC;0;974,2;974,4;974,1;0;8,3;3,5;8,4;8;4,2;3,3;80;75;76;230;2,4;1,4;
2026/05/19;0100 UTC;0;974,3;974,4;974,2;0;8,3;3,3;8,5;8,2;3,4;3,2;76;74;75;216;2,5;1,2;
2026/05/19;0200 UTC;0;974,2;974,3;974,1;0;8,3;3,2;8,6;8,2;3,4;3,1;75;73;74;203;3,2;1,9;
2026/05/19;0300 UTC;0;974;974,1;973,9;0;8;3,1;8,1;7,8;3,2;3;77;74;76;210;3,5;1,6;
2026/05/19;0400 UTC;0;973,8;973,9;973,7;0;7,9;2,9;8;7,8;3;2,8;76;74;75;215;4,6;1,8;
2026/05/19;0500 UTC;0;973,5;973,8;973,3;0;7,3;2,9;7,9;7,1;3,1;2,7;80;74;78;211;3,6;1,7;
2026/05/19;0600 UTC;0;973,1;973,3;972,8;0;7,1;3,1;7,2;7;3,1;3;80;79;80;216;3,4;1,6;
2026/05/19;0700 UTC;0;972,7;972,8;972,7;0;6,6;3;7,1;6;3;2,9;85;80;82;230;2,2;,9;
2026/05/19;0800 UTC;0;972,7;972,8;972,6;0;5,7;3;6;5,2;3,2;2,8;90;85;86;225;2,4;1,2;
2026/05/19;0900 UTC;0;972,5;972,7;972,4;0;5,6;2,6;5,9;4,9;2,8;2,5;89;84;85;238;2,2;1,1;
2026/05/19;1000 UTC;0;972,7;972,9;972,4;0;4,7;2,4;5,5;4;2,6;2,1;93;84;88;236;2,9;1,4;
2026/05/19;1100 UTC;0;973,1;973,2;972,9;103,2;5;2,3;6,2;4,3;2,6;2,1;91;81;87;243;3;1,5;
2026/05/19;1200 UTC;0;973,4;973,6;973,2;713,7;6,9;2,5;7,7;6,2;2,9;2,2;81;75;78;235;4,2;2,2;
2026/05/19;1300 UTC;0;973,6;973,8;973,5;1398,4;8,6;2,9;9,5;7,8;3,3;2,6;75;66;72;219;6,7;3,1;
2026/05/19;1400 UTC;0;973,9;974;973,7;1944,7;10,1;2,9;10,7;9,4;3,3;2,5;68;61;64;217;8,7;3,6;
2026/05/19;1500 UTC;0;973,7;974;973,4;2277,1;10,9;3;11,8;10,3;3,8;2,6;64;57;61;221;7,1;4,1;
2026/05/19;1600 UTC;0;973,1;973,5;972,8;2375;11,9;3;12,4;11;3,9;2,5;60;52;55;241;7,3;3,4;
2026/05/19;1700 UTC;0;972,3;972,8;972;2250,4;12,6;3,2;13,3;12,2;3,8;2,4;56;48;53;257;6,5;3,2;
2026/05/19;1800 UTC;0;971,6;972;971,4;1888,2;13,2;3,4;13,9;12,7;4,3;2,8;53;47;51;276;6,1;3,3;
2026/05/19;1900 UTC;0;971,3;971,5;971,2;1305,1;13,3;2,6;13,7;13,1;3,5;1,8;50;41;46;248;5,9;3,1;
2026/05/19;2000 UTC;0;971,2;971,4;971,1;629,2;12,9;3,4;13,3;12,4;3,7;3,2;54;50;53;257;5,4;2,3;
2026/05/19;2100 UTC;0;971,2;971,3;971,1;78,8;11;3,3;12,4;9,4;3,7;3,1;70;54;61;275;2,6;1;
2026/05/19;2200 UTC;0;971,6;971,8;971,3;0;8,4;3,4;9,3;7,2;3,9;3,1;83;69;75;248;1,2;,5;
2026/05/19;2300 UTC;0;971,9;972;971,8;0;7,7;2,9;8,4;7;3,4;2,5;82;72;76;239;2,7;1,4;
2026/05/20;0000 UTC;0;971,9;972;971,9;0;8;2,5;8,3;7,9;2,6;2,5;73;72;73;246;3,4;1,6;
2026/05/20;0100 UTC;0;971,9;972;971,9;0;7,7;2,6;7,9;7,5;2,7;2,5;76;73;75;236;3,3;1,5;
2026/05/20;0200 UTC;0;972,1;972,2;972;0;7,3;2,8;7,7;7;2,8;2,7;79;75;77;251;3,6;1,4;
2026/05/20;0300 UTC;0;972,1;972,2;972,1;0;7,6;3;7,7;7,2;3,1;2,8;79;76;77;240;3,9;1,6;
2026/05/20;0400 UTC;0;972,1;972,2;972;0;6,7;3;7,1;6,5;3,1;2,9;82;80;82;242;4,6;2,5;
2026/05/20;0500 UTC;0;971,9;972;971,8;0;6,6;3,1;6,8;6,4;3,2;3;83;82;82;239;4,5;2,2;
2026/05/20;0600 UTC;0;971,7;971,9;971,6;0;6,6;3,3;6,8;6,5;3,4;3,2;84;83;83;243;4,4;1,5;
2026/05/20;0700 UTC;0;971,5;971,7;971,2;0;6,9;3,5;7,2;6,7;3,5;3,3;84;81;83;253;5;2,2;
2026/05/20;0800 UTC;0;971,2;971,3;971;0;6,1;3,3;6,7;5,4;3,5;3,1;89;84;86;248;3,3;1,3;
2026/05/20;0900 UTC;0;971,2;971,3;971,1;0;5,5;3,3;5,7;5,4;3,3;3,2;89;88;89;238;3,5;1,7;
2026/05/20;1000 UTC;0;971,7;972;971,3;0;5,5;3,4;5,6;5,2;3,4;3,2;91;89;89;237;4,1;2;
2026/05/20;1100 UTC;0;972,2;972,4;972;97,2;5,4;3,5;6,1;5,1;3,6;3,3;92;87;90;244;4,8;2,6;
2026/05/20;1200 UTC;0;972,5;972,6;972,4;680,7;7,2;4,1;8,5;6,1;4,7;3,6;88;79;84;246;5,5;2,4;
2026/05/20;1300 UTC;0;972,7;972,9;972,5;1338,3;9,5;4,7;10,5;8,6;5,2;4,2;80;71;76;238;7,8;3;
2026/05/20;1400 UTC;0;973;973,1;972,8;1871,1;11,2;5;11,9;10,3;5,5;4,7;73;65;69;230;7,3;3,7;
2026/05/20;1500 UTC;0;973;973,1;972,7;2191,6;12,6;5,3;13,2;11,9;5,8;4,8;67;60;64;243;7;3,1;
2026/05/20;1600 UTC;0;972,6;972,8;972,4;2300,6;13,9;5,8;14,4;13,2;6,7;5,1;62;57;59;241;7,4;3,9;
2026/05/20;1700 UTC;0;972,2;972,5;972;2179,9;14,7;6,2;15,2;14,1;7;5,7;61;53;58;240;7;4,1;
2026/05/20;1800 UTC;0;971,9;972,1;971,7;1829,8;15,3;5,3;15,6;15;6,1;4,1;55;43;50;216;7,7;3,6;
2026/05/20;1900 UTC;0;971,9;972,2;971,7;1266,3;15,1;4,8;15,5;14,7;5,6;3,4;52;42;49;222;5,9;2,5;
2026/05/20;2000 UTC;0;972,5;972,8;972,1;613,8;14,4;4,5;15;13,6;5,7;3,3;54;48;51;208;6,4;3,4;
2026/05/20;2100 UTC;0;973,1;973,4;972,8;80,9;12,4;3,9;13,6;11,4;4,4;3,2;65;48;57;194;4,6;1,9;
2026/05/20;2200 UTC;0;973,5;973,9;973,4;0;10,3;4,4;11,4;9,5;4,6;4,3;74;65;70;212;3,1;1,2;
2026/05/20;2300 UTC;0;973,9;974,1;973,8;0;9,7;4,7;10;9,3;4,9;4,6;77;73;75;223;3,7;1,4;
2026/05/21;0000 UTC;0;974,3;974,4;974,1;0;10;5;10,1;9,9;5,2;4,8;76;74;75;198;4;2;
2026/05/21;0100 UTC;0;974,7;974,9;974,4;0;9,7;5,8;9,9;9,5;6,4;5,2;85;77;81;173;5;2,6;
2026/05/21;0200 UTC;0;974,9;975,1;974,8;0;9,2;7;9,5;9,1;7,2;6,4;91;85;89;177;6,1;3,1;
2026/05/21;0300 UTC;0;975,2;975,5;975;0;8,2;6,3;9,1;7;7;5,4;94;87;90;164;8,1;3,5;
2026/05/21;0400 UTC;0;975,3;975,4;975,3;0;7,2;4,9;7,3;7;5,2;4,7;91;87;88;175;4,9;2,4;
2026/05/21;0500 UTC;0;975,2;975,4;975,1;0;7;4,6;7,2;6,6;4,8;4,3;89;88;88;186;3;1,6;
2026/05/21;0600 UTC;0;975,4;975,6;975,3;0;6,3;4,3;6,6;5,9;4,4;4,2;92;89;90;204;3,2;1,7;
2026/05/21;0700 UTC;0;975,4;975,6;975,3;0;5,6;4;5,9;5,4;4,3;3,6;93;91;92;186;4,2;2;
2026/05/21;0800 UTC;0;975,2;975,3;974,9;0;5,1;3,1;5,3;4,8;3,5;2,6;92;89;90;0;3,4;1,7;
2026/05/21;0900 UTC;0;975,2;975,4;975;0;4,8;2,2;5;4,2;2,7;1,9;89;86;87;186;3,1;1,5;
2026/05/21;1000 UTC;0;975,6;976;975,3;0;3,9;2;4,3;3,7;2,1;1,8;92;88;90;192;2,8;1,2;
2026/05/21;1100 UTC;0;976,5;977;976;97,5;3,1;1,8;3,9;2,2;2,4;1,2;97;90;94;236;2,2;1;
2026/05/21;1200 UTC;0;977,1;977,2;977;706,3;5,5;2;6,4;4;2,3;1,6;91;78;83;195;4,8;2,5;
2026/05/21;1300 UTC;0;977,3;977,5;976,9;0;7,4;1,9;8,2;6,5;2,5;1,6;79;68;72;185;5,7;3,3;
2026/05/21;1400 UTC;0;977,6;977,7;977,5;1899,8;9,2;2,1;10,2;8,2;2,8;1,5;69;61;65;154;6,4;2,9;
2026/05/21;1500 UTC;0;977,5;977,6;977,4;2121;10,5;2,5;11,5;9,5;3,3;1,8;64;55;60;152;5,4;2,9;
2026/05/21;1600 UTC;0;977,3;977,5;977;2189,3;11,1;2,5;12,4;10,1;3,4;1,9;62;52;57;97;3,8;1,7;
2026/05/21;1700 UTC;0;976,7;977;976,5;1498,2;11,2;2,7;12,6;10,5;3,8;1,7;61;53;57;164;5;2,7;
2026/05/21;1800 UTC;0;976,4;976,6;976,3;1026,6;10,9;2,7;11,4;10,5;3,2;2,1;62;57;59;200;4,6;1,6;
2026/05/21;1900 UTC;0;976,6;976,7;976,5;901,1;11;2,5;11,6;10,6;3;2;60;55;58;114;3,2;1,7;
2026/05/21;2000 UTC;0;976,9;977;976,6;313,9;10,4;2,7;11,5;9,9;3,2;2;64;54;61;115;4;2;
2026/05/21;2100 UTC;0;977;977,2;976,9;24,9;9,6;2,9;9,9;9,3;3,4;2,1;70;62;66;136;3,2;1,5;
2026/05/21;2200 UTC;0;977,1;977,2;977,1;0;9,1;3,2;9,4;8,9;3,9;2,4;75;66;71;139;2,1;1,1;
2026/05/21;2300 UTC;0;977,6;977,9;977,2;0;8,8;2,9;8,8;8,7;3,9;1,9;76;66;71;139;1,7;,7;
2026/05/22;0000 UTC;0;977,9;978;977,8;0;8,1;4;8,8;7,4;4,2;3,8;84;75;79;155;2,5;1,5;
2026/05/22;0100 UTC;0;977,9;977,9;977,6;0;6,5;4;7,3;6,1;4,2;3,8;89;84;88;124;2,8;1,5;
2026/05/22;0200 UTC;0;977,8;978;977,6;0;6,6;3,9;7,2;6,2;4,6;3,4;89;85;87;123;1,6;,9;
2026/05/22;0300 UTC;0;977,8;978;977,6;0;7,6;5,2;7,9;7,2;5,8;4,5;90;86;88;107;4,1;2;
2026/05/22;0400 UTC;0;977,5;977,6;977,4;0;7,4;5,9;7,9;6,7;6,1;5,8;96;90;93;129;2,4;1,4;
2026/05/22;0500 UTC;0;977,4;977,6;977,3;0;6,3;5,7;6,7;6;5,9;5,5;98;96;97;159;2,3;1,3;
2026/05/22;0600 UTC;0;977,3;977,4;977,2;0;5,8;5,6;6;5,6;5,7;5,5;100;98;99;166;2,4;1,4;
2026/05/22;0700 UTC;0;977,2;977,3;977,1;0;5,7;5,8;5,8;5,6;5,9;5,7;100;100;100;155;2,1;1,3;
2026/05/22;0800 UTC;0;977,3;977,4;977,2;0;5,7;5,8;6;5,5;6;5,6;100;100;100;148;2,9;1,8;
2026/05/22;0900 UTC;0;977,5;977,7;977,3;0;6;6,1;6,1;5,9;6,2;6;100;100;100;152;3;1,8;
2026/05/22;1000 UTC;0;977,8;978;977,6;0;5,6;5,7;6;5,3;6,1;5,3;100;100;100;150;3,3;1,8;
2026/05/22;1100 UTC;0;978,1;978,2;978;92,8;5,6;5,6;5,8;5,2;5,9;5,3;100;100;100;154;3;1,7;
2026/05/22;1200 UTC;0;978,2;978,3;978,1;645,5;6,5;6,5;7,3;5,9;7,2;5,9;100;98;100;149;5,3;2,8;
2026/05/22;1300 UTC;0;978,3;978,5;978,2;791,6;7,9;7,2;8,5;7,2;7,7;6,8;99;95;96;146;4,3;2;
2026/05/22;1400 UTC;0;978,5;978,5;978,4;884,5;9,3;7,7;10,4;8,4;8,1;7,3;96;86;92;115;4,5;2,1;
2026/05/22;1500 UTC;0;978,3;978,5;978;877,7;10,4;7,6;10,7;10;8,2;7,1;90;83;86;88;4,7;2,2;
2026/05/22;1600 UTC;0;977,6;977,9;977,2;1411,4;11,2;8,1;11,9;10,6;8,9;7,4;88;81;84;110;5,8;3,7;
2026/05/22;1700 UTC;0;976,8;977,3;976,4;1805,2;11,9;8,5;12,5;11,3;9,9;7,8;90;78;83;108;5,6;3,1;
2026/05/22;1800 UTC;0;976,1;976,4;975,7;572,4;11,4;8,2;11,7;11,3;8,6;7,8;85;81;84;111;6,8;3,4;
2026/05/22;1900 UTC;0;975,8;976,1;975,7;631,9;11,9;8,3;12,3;11,4;8,5;8;85;80;82;97;5,4;2,8;
2026/05/22;2000 UTC;0;976,3;976,5;976;226,7;11,8;8,4;12,1;11,4;8,8;8,1;87;80;83;85;4,9;2,4;
2026/05/22;2100 UTC;0;976,6;976,8;976,5;23,1;11,1;9;11,5;10,8;9,2;8,9;92;87;90;121;6;2,2;
2026/05/22;2200 UTC;0;976,9;977,2;976,7;0;10,5;9,2;10,8;10,3;9,3;9,1;95;92;93;126;5,6;2,9;
2026/05/22;2300 UTC;0;977;977,1;976,8;0;10,3;9,4;10,4;10,2;9,5;9,3;96;95;95;116;6,2;3,3;
2026/05/23;0000 UTC;0;977,1;977,3;976,9;0;10,1;9,5;10,2;9,9;9,7;9,4;98;96;97;107;7,5;3,3;
2026/05/23;0100 UTC;0;977,3;977,4;977,1;0;9,8;9,6;9,9;9,6;9,6;9,5;100;99;99;112;6,3;3,3;
2026/05/23;0200 UTC;0;977,2;977,4;977;0;9,5;9,6;9,6;9,5;9,6;9,6;100;100;100;103;6,2;3;
2026/05/23;0300 UTC;0;977,3;977,4;977,1;0;9,5;9,6;9,6;9,5;9,7;9,6;100;100;100;100;4,2;2,1;
2026/05/23;0400 UTC;,2;976,8;977,2;976,5;0;9,7;9,8;9,8;9,6;9,8;9,7;100;100;100;100;5,2;2,7;
2026/05/23;0500 UTC;0;976,5;976,6;976,4;0;9,8;9,8;9,8;9,7;9,9;9,8;100;100;100;111;5,5;2,9;
2026/05/23;0600 UTC;0;976,3;976,4;976,1;0;9,8;9,9;9,9;9,8;10;9,8;100;100;100;116;5,2;2,7;
2026/05/23;0700 UTC;0;976,1;976,2;976;0;9,9;10;10;9,9;10;9,9;100;100;100;116;4,8;3,1;
2026/05/23;0800 UTC;0;975,9;976;975,7;0;9,9;10;10;9,9;10;10;100;100;100;129;5,3;3;
2026/05/23;0900 UTC;0;976,1;976,2;975,8;0;10;10;10;9,9;10,1;10;100;100;100;136;4,4;2,4;
2026/05/23;1000 UTC;0;976,3;976,4;976,2;0;10;10,1;10,1;9,9;10,1;10;100;100;100;149;3,8;1,9;
2026/05/23;1100 UTC;0;976,4;976,5;976,3;25,6;10;10;10,1;9,9;10,1;10;100;100;100;145;3,9;1,8;
2026/05/23;1200 UTC;,2;976,5;976,6;976,4;205,2;10,4;10,5;10,8;10,1;10,9;10,1;100;100;100;123;4,5;2,3;
2026/05/23;1300 UTC;0;976,6;976,6;976,5;506,8;11,2;11,3;11,6;10,8;11,7;10,9;100;100;100;110;4,5;2,6;
2026/05/23;1400 UTC;0;976,5;976,6;976,3;697,6;11,9;12;12,5;11,5;12,4;11,6;100;100;100;109;5,1;2,9;
2026/05/23;1500 UTC;0;976;976,3;975,8;904,3;12,6;12,2;12,9;12,3;12,6;11,8;100;95;98;88;5,6;3;
2026/05/23;1600 UTC;,2;975,8;975,9;975,6;857,8;13;12,2;13,3;12,8;12,5;11,9;98;94;96;70;4,7;2;
2026/05/23;1700 UTC;0;975;975,5;974,5;1508,7;14,4;12,3;14,9;13,4;13,5;11,6;97;85;90;85;5,3;3,1;
2026/05/23;1800 UTC;0;974,3;974,5;974,1;1358,8;15,3;11,9;16,3;14,5;12,6;11,4;88;77;83;110;4,2;2,7;
2026/05/23;1900 UTC;0;974;974,1;973,8;996,7;15,8;11,5;16,4;14,8;12,1;11;84;74;78;81;4,3;2,1;
2026/05/23;2000 UTC;0;973,9;974;973,7;475,6;15,2;11,4;15,9;14,3;11,8;10,9;86;76;81;77;4,6;2,1;
2026/05/23;2100 UTC;0;974,3;974,5;974;38,3;13,8;12;14,3;13,2;12,2;11,7;94;87;91;103;3,2;1,8;
2026/05/23;2200 UTC;0;974,5;974,6;974,4;0;13,1;12,5;13,3;13;12,6;12,1;98;94;97;99;4,3;2,4;
2026/05/23;2300 UTC;0;974,6;974,8;974,5;0;12,9;12,2;13,1;12,7;12,6;12;98;96;97;90;3,7;2,1;
2026/05/24;0000 UTC;0;974,8;975;974,7;0;12,4;11,8;12,7;12,2;12,1;11,6;97;97;97;81;5,1;1,7;
2026/05/24;0100 UTC;0;975;975,1;974,9;0;12,1;11,6;12,2;12,1;11,8;11,4;98;96;97;98;4,2;1,8;
2026/05/24;0200 UTC;0;974,8;974,9;974,8;0;12,1;12;12,2;12;12,2;11,7;100;98;99;97;5,4;2,7;
2026/05/24;0300 UTC;0;974,9;974,9;974,7;0;12,2;12,2;12,2;12,1;12,3;12,2;100;100;100;102;5;2,4;
2026/05/24;0400 UTC;,2;974,4;974,7;974,2;0;12,1;12,1;12,2;12;12,2;12;100;100;100;76;5,3;2,3;
2026/05/24;0500 UTC;0;974;974,2;973,9;0;12,1;12,2;12,1;12,1;12,2;12,1;100;100;100;78;5,2;2,6;
2026/05/24;0600 UTC;0;973,7;974;973,5;0;11,9;11,9;12,1;11,6;12,2;11,6;100;100;100;59;3,7;1,9;
2026/05/24;0700 UTC;0;973,2;973,5;973;0;11,4;11,4;11,6;11,2;11,6;11,2;100;100;100;66;3,6;1,6;
2026/05/24;0800 UTC;0;973;973,1;972,8;0;11,3;11,3;11,4;11,2;11,4;11,2;100;100;100;69;4,8;2;
2026/05/24;0900 UTC;0;972,8;973;972,7;0;11,3;11,3;11,3;11,2;11,4;11,2;100;100;100;76;6,7;3,1;
2026/05/24;1000 UTC;0;973,2;973,5;973;0;11,4;11,3;11,5;11,3;11,4;11,2;99;99;99;78;5,1;2,3;
2026/05/24;1100 UTC;0;973,5;973,6;973,3;26,8;11,5;11,4;11,6;11,5;11,5;11,3;100;99;99;72;5,5;2,8;
2026/05/24;1200 UTC;0;973,9;974,3;973,6;234,2;11,6;11,3;11,7;11,5;11,4;11,2;99;98;98;76;5,1;2,8;
2026/05/24;1300 UTC;0;974,4;974,6;974,3;356,7;12,1;11,7;12,2;11,7;12;11,3;99;97;98;82;5,7;3,1;
2026/05/24;1400 UTC;0;974,3;974,5;974,1;901,3;13,2;12;14;12,3;12,4;11,6;99;89;94;81;7,4;3,6;
2026/05/24;1500 UTC;0;974;974,2;973,4;1860,6;14,8;11,5;16;13,8;12;10,9;90;76;83;58;8,1;3,8;
2026/05/24;1600 UTC;0;973,1;973,5;972,8;1433,2;15,3;11,5;16,5;14,6;11,9;11;85;74;81;64;6,1;3,8;
2026/05/24;1700 UTC;0;972,6;972,9;972,5;806,6;15,7;11,4;16,6;15,4;11,8;11;81;73;78;58;4,8;2,7;
2026/05/24;1800 UTC;0;972,2;972,5;971,9;716,2;16,1;11,3;16,7;15,7;11,7;10,9;78;72;76;76;5,7;2,8;
2026/05/24;1900 UTC;0;971,6;971,9;971,4;562,4;16,5;11,1;16,7;16,3;11,5;10,6;76;70;73;71;5,7;2,7;
2026/05/24;2000 UTC;0;971,4;971,5;971,2;399,1;16,2;11,4;16,5;15,9;11,8;10,7;78;71;76;73;5,6;2,7;
2026/05/24;2100 UTC;0;971,4;971,5;971,3;89,2;15,4;11,4;15,9;14,7;11,5;11,1;84;77;80;84;4;2,1;
2026/05/24;2200 UTC;0;971,6;971,9;971,4;0;14,3;11,6;14,7;13,9;11,7;11,4;88;83;86;72;5,3;2,2;
2026/05/24;2300 UTC;0;971,7;971,9;971,5;0;13,7;11,3;13,9;13,5;11,4;11,2;89;87;88;60;5,4;2,9;
2026/05/25;0000 UTC;0;972,1;972,3;971,9;0;12,9;11,1;13,6;12,4;11,3;11;93;88;91;64;3,3;1,5;
2026/05/25;0100 UTC;0;972,5;972,6;972,3;0;11,9;10,8;12,4;11,7;11;10,7;95;93;95;80;3,4;1,6;
2026/05/25;0200 UTC;0;972,4;972,5;972,2;0;11,3;10,7;11,7;11;10,8;10,5;98;95;97;71;3,8;1,7;
2026/05/25;0300 UTC;0;972,4;972,4;972,2;0;10,7;10,5;11;10,5;10,5;10,3;100;98;99;76;2,6;1,5;
2026/05/25;0400 UTC;0;972;972,2;971,7;0;10,5;10,5;10,6;10,4;10,6;10,4;100;99;100;72;2,8;1,6;
2026/05/25;0500 UTC;0;971,8;971,9;971,6;0;10,5;10,6;10,7;10,4;10,8;10,4;100;100;100;71;4,2;1,6;
2026/05/25;0600 UTC;0;971,5;971,9;971,2;0;10,5;10,5;10,7;10,5;10,7;10,4;100;100;100;72;4,5;2,1;
2026/05/25;0700 UTC;0;971,2;971,4;971,1;0;10,4;10,3;10,7;10,1;10,6;10;100;99;99;83;3,1;1,7;
2026/05/25;0800 UTC;0;971,1;971,3;970,7;0;10,4;10,4;10,6;10,3;10,5;10,3;100;100;100;67;3,1;1,7;
2026/05/25;0900 UTC;0;970,8;970,9;970,7;0;10,8;10,8;11;10,3;11;10,3;100;100;100;65;4,6;2,2;
2026/05/25;1000 UTC;0;970,8;971;970,7;0;11;10,9;11,2;10,9;11,1;10,7;100;99;99;55;4,4;2,1;
2026/05/25;1100 UTC;,2;970,9;971,1;970,7;95,9;11;11;11,5;10,8;11,6;10,7;100;100;100;60;5,4;2,7;
2026/05/25;1200 UTC;0;971,5;972;971,1;332,9;11,9;12;12,4;11,6;12,5;11,6;100;100;100;56;5,3;2,8;
2026/05/25;1300 UTC;0;972,1;972,3;971,9;625,1;12,8;12,7;13,6;12,4;13,1;12,4;100;97;100;62;5,6;2,5;
2026/05/25;1400 UTC;0;972;972,1;971,7;1145,2;14,5;13;15,5;13,6;13,3;12,8;98;86;93;56;6,3;3,4;
2026/05/25;1500 UTC;0;971,3;971,7;971;1470,5;15,9;12,9;16,8;15,2;13,2;12,6;88;81;85;59;7,4;3,8;
2026/05/25;1600 UTC;0;970,7;971;970,5;1477;17;13;17,5;16,4;13,3;12,5;82;78;80;74;6,6;3,2;
2026/05/25;1700 UTC;0;970,2;970,5;969,8;940,8;17,3;13,3;17,7;17,1;13,6;12,9;81;78;80;82;6,2;3,1;
2026/05/25;1800 UTC;0;969,8;970;969,6;669,5;17,3;13,4;17,6;17,1;13,7;13,2;82;78;80;78;5,4;2,8;
2026/05/25;1900 UTC;0;969,7;969,9;969,6;363,6;17,1;13,4;17,4;16,9;13,5;13,2;83;79;81;77;5,1;2,8;
2026/05/25;2000 UTC;0;969,3;969,7;969,1;155,4;16,7;13,6;16,9;16,4;13,8;13,4;87;83;84;66;4,6;1,9;
2026/05/25;2100 UTC;0;969,1;969,3;968,9;17,5;16;14;16,4;15,6;14,2;13,8;93;87;90;81;3,1;1,3;
2026/05/25;2200 UTC;0;969,6;969,9;969,2;0;15,5;14,3;15,6;15,3;14,4;14,1;96;93;94;124;3,3;1,7;
2026/05/25;2300 UTC;0;969,9;970,1;969,8;0;15,1;14,4;15,3;15,1;14,5;14,2;97;96;96;92;3,6;1,7;
2026/05/26;0000 UTC;0;970;970,5;969,8;0;14,9;14,2;15,1;14,8;14,3;14,2;97;96;96;80;4;1,8;
2026/05/26;0100 UTC;0;970,7;970,9;970,5;0;14,6;14,2;14,8;14,5;14,3;14,2;99;97;98;88;3,1;1,4;
2026/05/26;0200 UTC;0;970,5;970,7;970,3;0;14,4;14,2;14,5;14,4;14,3;14,1;99;99;99;85;3;1,6;
2026/05/26;0300 UTC;,4;970,2;970,4;970,1;0;14,2;14,1;14,4;13,8;14,2;13,9;100;99;100;123;2,5;1,5;
2026/05/26;0400 UTC;0;969,9;970,2;969,6;0;13,8;13,9;13,8;13,8;13,9;13,8;100;100;100;163;2,7;1,6;
2026/05/26;0500 UTC;,2;969,7;969,8;969,6;0;13,8;13,9;13,9;13,8;13,9;13,9;100;100;100;130;2;1,4;
2026/05/26;0600 UTC;1,2;969,3;969,6;969,1;0;13,8;13,9;13,9;13,8;13,9;13,9;100;100;100;85;1,1;,5;
2026/05/26;0700 UTC;,2;968,9;969,1;968,8;0;13,4;13,4;13,8;12,9;13,9;13;100;100;100;164;3,5;1,8;
2026/05/26;0800 UTC;0;969,1;969,3;968,8;0;13,6;13,7;13,7;13,4;13,8;13,3;100;99;100;177;4;2,7;
2026/05/26;0900 UTC;0;969,2;969,3;969,1;0;13,6;13,7;13,7;13,5;13,8;13,6;100;100;100;182;2,8;1,4;
2026/05/26;1000 UTC;,2;969,4;969,7;969,1;0;13,5;13,6;13,5;13,4;13,6;13,5;100;100;100;199;2;1,2;
2026/05/26;1100 UTC;0;970,1;970,3;969,7;21,8;13,4;13,5;13,4;13,3;13,5;13,4;100;100;100;184;4,5;2,5;
2026/05/26;1200 UTC;0;970,4;970,6;970,2;146,1;13,4;13,5;13,5;13,3;13,6;13,3;100;100;100;179;6,5;3,4;
2026/05/26;1300 UTC;0;970,7;970,9;970,5;272,2;13,3;13,3;13,4;13,2;13,5;13,3;100;100;100;172;6,5;2,9;
2026/05/26;1400 UTC;0;971;971,1;970,9;510,6;13,5;13,4;14;13,2;13,6;13,2;100;97;99;165;6,4;3;
2026/05/26;1500 UTC;0;970,9;971;970,7;1097,6;14,8;13,6;15,5;14,1;14,1;13,2;98;89;94;179;5,9;3,5;
2026/05/26;1600 UTC;0;970,6;970,7;970,4;1203,2;15,7;13,5;16,1;15,3;13,8;13;92;86;89;163;6,4;3,7;
2026/05/26;1700 UTC;0;970,2;970,5;970;1187,9;15,9;13,2;16,6;15,5;13,6;12,9;90;83;87;169;6,4;3,8;
2026/05/26;1800 UTC;0;969,9;970,1;969,7;1047,9;16,3;13,4;17,2;15,1;14,2;13;95;79;86;133;5,9;3,5;
2026/05/26;1900 UTC;0;970;970,2;969,8;433,5;15;14;15,4;14,8;14,3;13,5;97;91;95;129;6,7;3;
2026/05/26;2000 UTC;0;970,4;970,6;970,2;116,9;14,8;13,4;15,1;14,6;13,9;13,2;94;92;93;114;5,5;2,9;
2026/05/26;2100 UTC;0;970,8;971,2;970,7;36,3;14,1;13,1;14,6;13,6;13,3;12,9;97;93;95;129;3,4;1,9;
2026/05/26;2200 UTC;0;971,3;971,4;971,2;0;13,6;13,1;13,7;13,6;13,2;12,9;98;97;97;135;4,3;2,1;
2026/05/26;2300 UTC;0;971,7;971,9;971,4;0;13,6;13,5;13,6;13,6;13,6;13,2;100;98;99;124;4,2;2;
2026/05/27;0000 UTC;0;972;972,1;971,9;0;13,7;13,5;13,7;13,5;13,6;13,4;100;99;99;119;3,8;1,9;
2026/05/27;0100 UTC;,4;972,3;972,6;972,1;0;13,5;13,5;13,5;13,5;13,6;13,5;100;100;100;124;3,3;1,7;
2026/05/27;0200 UTC;,2;972,8;973;972,6;0;13,3;13,4;13,5;13,2;13,6;13,2;100;100;100;129;4;2;
2026/05/27;0300 UTC;,2;973;973;972,9;0;13;13,1;13,2;12,9;13,2;12,9;100;100;100;125;5,1;2,8;
2026/05/27;0400 UTC;0;972,7;972,9;972,6;0;12,6;12,7;12,9;12,3;12,9;12,3;100;100;100;129;3,8;1,8;
2026/05/27;0500 UTC;0;972,8;972,9;972,6;0;12,2;12,2;12,3;12;12,4;12,1;100;100;100;130;3,4;1,6;
2026/05/27;0600 UTC;0;972,8;972,9;972,6;0;11,8;11,9;12;11,7;12,1;11,8;100;100;100;117;3,2;1,8;
2026/05/27;0700 UTC;0;972,6;972,8;972,5;0;11,4;11,5;11,7;11,3;11,8;11,4;100;100;100;145;3,1;1,7;
2026/05/27;0800 UTC;0;972,7;972,8;972,5;0;11,4;11,5;11,4;11,3;11,5;11,4;100;100;100;145;3;1,6;
2026/05/27;0900 UTC;0;972,5;972,6;972,4;0;11,4;11,5;11,5;11,4;11,5;11,5;100;100;100;151;3,1;1,6;
2026/05/27;1000 UTC;0;972,9;973,2;972,6;0;11,5;11,6;11,6;11,4;11,6;11,5;100;100;100;169;3,3;2,2;
2026/05/27;1100 UTC;0;973,3;973,4;973,2;40,7;11,5;11,6;11,6;11,4;11,7;11,4;100;100;100;146;4;2,1;
2026/05/27;1200 UTC;0;973,7;973,9;973,4;251,2;11,5;11,6;11,8;11,3;11,9;11,4;100;100;100;79;2,2;1,2;
2026/05/27;1300 UTC;0;974,2;974,5;973,9;565;12;12;12,3;11,7;12,4;11,8;100;100;100;84;4,6;2,5;
2026/05/27;1400 UTC;0;974,7;974,8;974,5;836,9;12,5;12,3;13,2;11,9;12,6;12;100;95;99;70;3,4;1,7;
2026/05/27;1500 UTC;0;974,6;974,8;974,5;1083,3;13,6;11,7;14,2;13,2;12,3;11,2;95;86;90;115;1,8;,8;
2026/05/27;1600 UTC;0;974,1;974,5;973,9;1397,4;14,8;11;15,1;14,3;11,9;10,4;88;78;81;78;3;1,3;
2026/05/27;1700 UTC;0;973,5;973,9;973;1158,7;15,3;10,6;16;14,7;11,2;10;80;72;76;85;3,4;1,3;
2026/05/27;1800 UTC;0;972,7;973;972,6;1791,6;16,9;10,5;17,6;16,1;11,1;9,8;73;64;68;101;3,9;1,9;
2026/05/27;1900 UTC;0;972,7;972,8;972,6;750,7;16,3;11,3;17,6;15,7;11,9;10,3;80;65;75;96;3,8;1,8;
2026/05/27;2000 UTC;0;972,7;972,7;972,6;553,6;15,7;11,6;16,4;15,1;11,9;11,2;83;76;80;89;4,5;2,4;
2026/05/27;2100 UTC;0;972,8;973;972,7;64,3;13,9;11,4;15,1;12,8;11,7;11,1;92;83;88;104;2,1;1,2;
2026/05/27;2200 UTC;0;973,1;973,3;972,9;0;12,3;11;12,7;11,8;11,2;10,9;96;92;94;139;2,3;1,4;
2026/05/27;2300 UTC;0;973,5;973,6;973,3;0;11,7;11,5;11,9;11,5;11,9;10,8;100;96;99;96;4;2,1;
2026/05/28;0000 UTC;0;973,4;973,5;973,4;0;11,8;11,8;11,9;11,5;12;11,6;100;100;100;88;4,9;1,8;
2026/05/28;0100 UTC;0;973,6;973,7;973,5;0;11,6;11,6;11,6;11,5;11,7;11,6;100;100;100;73;4;2,1;
2026/05/28;0200 UTC;0;973,6;973,7;973,4;0;11,5;11,6;11,6;11,4;11,7;11,5;100;100;100;107;5,6;3,1;
2026/05/28;0300 UTC;0;973,6;973,7;973,3;0;11,3;11,4;11,4;11,3;11,5;11,3;100;100;100;98;5,5;3;
2026/05/28;0400 UTC;0;973,2;973,4;972,9;0;11,2;11,2;11,3;11,1;11,3;11,1;100;100;100;82;5,5;2,2;
2026/05/28;0500 UTC;0;972,9;973,1;972,8;0;11,1;11,2;11,2;11;11,2;11,1;100;100;100;68;3,8;1,9;
2026/05/28;0600 UTC;,2;972,6;972,8;972,4;0;10,9;11;11;10,7;11,1;10,8;100;100;100;67;5,3;1,7;
2026/05/28;0700 UTC;0;972,6;972,7;972,4;0;10,6;10,7;10,7;10,6;10,8;10,6;100;100;100;71;2;,9;
2026/05/28;0800 UTC;,2;972,5;972,6;972,3;0;10,6;10,7;10,7;10,6;10,7;10,7;100;100;100;63;2,7;1,3;
2026/05/28;0900 UTC;0;972,3;972,4;972,2;0;10,7;10,7;10,7;10,6;10,7;10,7;100;100;100;125;2;1,2;
2026/05/28;1000 UTC;0;972,4;972,6;972,3;0;10,5;10,5;10,7;10;10,7;10,1;100;100;100;67;,9;,4;
2026/05/28;1100 UTC;0;972,8;972,9;972,6;42;10,4;10,5;10,6;10;10,7;10,1;100;100;100;113;1,4;,8;
2026/05/28;1200 UTC;0;973;973,2;972,8;186,4;10,9;10,9;11,1;10,6;11,2;10,7;100;100;100;117;3,7;2,1;
2026/05/28;1300 UTC;0;973,6;973,9;973,2;299,6;11,3;11,3;11,6;11;11,5;11,1;100;99;100;78;3,4;1,3;
2026/05/28;1400 UTC;0;973,9;974;973,9;458,1;11,7;11,2;12;11,5;11,4;11;99;96;97;64;3,9;1,8;
2026/05/28;1500 UTC;0;973,7;974;973,3;988,3;12,5;11,1;13,5;12;11,6;10,5;97;85;93;64;4,5;2,1;
2026/05/28;1600 UTC;0;972,7;973,3;972,2;1567,4;14,2;10,6;15,2;13,4;11,4;10,1;88;76;82;67;4,8;2,7;
2026/05/28;1700 UTC;0;971,9;972,2;971,5;1046,7;14,5;10,2;15,3;14,1;10,9;9,7;81;75;78;67;3,7;1,9;
2026/05/28;1800 UTC;0;971,3;971,5;971,1;863,8;14,6;9,9;14,8;14,4;10,4;9,4;79;74;77;74;4,3;2,2;
2026/05/28;1900 UTC;0;971,1;971,2;971;553,7;14,4;9,6;14,8;14,1;10,1;9,2;80;74;76;71;5,9;2;
2026/05/28;2000 UTC;0;971,3;971,5;971,2;175,7;13,8;9,8;14,2;13,5;10,3;9,2;82;75;80;82;4,3;2,2;
2026/05/28;2100 UTC;0;971,6;971,8;971,4;27,2;13,2;9,7;13,5;12,9;10;9,4;84;80;83;84;4;2;
2026/05/28;2200 UTC;0;972,1;972,2;971,8;0;12,7;9,4;12,9;12,5;9,8;9,1;85;82;84;89;4,7;2,3;
2026/05/28;2300 UTC;0;972,2;972,3;972,2;0;12,2;9,1;12,5;11,7;9,3;8,9;86;83;84;90;5,8;2,9;
2026/05/29;0000 UTC;0;972,5;972,8;972,2;0;11,2;8,7;11,7;10,5;9,6;8,3;96;85;87;105;4,7;2,7;
2026/05/29;0100 UTC;0;972,7;973,1;972,4;0;10,8;10,5;10,9;10,6;10,6;10,1;99;97;99;106;3,2;1,4;
2026/05/29;0200 UTC;0;973;973,2;972,8;0;11,1;10,5;11,3;10,8;10,7;9,9;99;93;97;70;3,4;1,8;
2026/05/29;0300 UTC;0;973,1;973,2;973;0;11,3;9,9;11,4;11,3;10,2;9,7;94;92;93;54;4,1;2;
2026/05/29;0400 UTC;0;973;973,1;972,9;0;11,3;9,8;11,4;11,3;10,1;9,4;94;90;93;69;4,1;2,1;
2026/05/29;0500 UTC;0;972,9;973,1;972,8;0;11,4;9,5;11,5;11,4;10,2;8,8;94;87;90;65;4,8;1,9;
2026/05/29;0600 UTC;0;972,8;973,1;972,5;0;11,1;9,5;11,4;10,9;10;9,2;94;90;92;91;5,7;2,9;
2026/05/29;0700 UTC;0;972,3;972,5;972,1;0;10,5;9,6;10,8;10,3;9,7;9,5;97;94;96;74;4;2,3;
2026/05/29;0800 UTC;0;972,2;972,3;972,1;0;10;9,6;10,2;9,8;9,8;9,4;99;97;98;58;3,3;1,7;
2026/05/29;0900 UTC;0;972,2;972,2;972,1;0;9,7;9,6;10,2;9,4;10,3;9,3;100;98;99;80;6,3;3,2;
2026/05/29;1000 UTC;0;972,2;972,5;972;0;10,3;10,3;10,4;10,2;10,4;10,3;100;100;100;66;6,6;3;
2026/05/29;1100 UTC;0;973;973,5;972,4;7,1;10,5;10,6;10,8;10,3;10,8;10,4;100;100;100;70;4,8;2,5;
2026/05/29;1200 UTC;0;973,5;974;973,3;145,1;10,9;11;11,1;10,8;11,1;10,8;100;100;100;88;5,5;3;
2026/05/29;1300 UTC;0;973,8;974,1;973,6;411;11,7;11,3;12,1;11,1;11,6;11,1;100;96;98;72;6,5;3,5;
2026/05/29;1400 UTC;0;974,2;974,5;974;335,5;12,2;11,4;12,4;12,1;11,6;11,3;97;95;96;73;6,3;2,7;
2026/05/29;1500 UTC;0;973,6;974;973,3;570,9;12,7;11,5;13,5;12,2;11,6;11,2;97;89;94;62;6,9;3,9;
2026/05/29;1600 UTC;0;972,8;973,3;972,3;1014;14;11,4;14,8;13,5;11,7;11,2;90;84;87;61;8,4;3,5;
2026/05/29;1700 UTC;0;972,3;972,5;971,8;883,6;15;11,5;15,3;14,7;11,7;11,2;84;81;82;57;6,7;3,6;
2026/05/29;1800 UTC;0;971,4;971,9;971;864;15,9;11,6;16,2;15,3;11,9;11,3;82;76;79;66;6,6;3,2;
2026/05/29;1900 UTC;0;971,1;971,3;971;405,5;15,7;12;16;15,5;12,2;11,7;83;78;81;73;6,1;2,9;
2026/05/29;2000 UTC;0;971,4;971,6;971,1;148,8;15,2;12,2;15,6;14,8;12,4;12;88;83;85;79;6,2;2,9;
2026/05/29;2100 UTC;0;971,8;972;971,5;15,6;14,4;12,2;14,8;14,1;12,4;12,2;90;87;89;72;5,7;2,6;
2026/05/29;2200 UTC;0;971,9;972,4;971,7;0;13,9;12;14,1;13,7;12,2;11,8;91;90;90;65;5,7;2,6;
2026/05/29;2300 UTC;0;972,2;972,4;971,9;0;13,6;11,7;13,8;13,4;11,8;11,6;91;90;90;65;6;2,7;
2026/05/30;0000 UTC;0;972,2;972,3;972,1;0;13,2;11,5;13,4;13,1;11,6;11,4;92;91;92;68;4,9;2,6;
2026/05/30;0100 UTC;0;972,3;972,5;972,1;0;13,1;11,3;13,2;13,1;11,4;11,2;91;90;91;61;4,7;2,2;
2026/05/30;0200 UTC;0;972,7;972,8;972,6;0;13,1;11,4;13,1;13;11,4;11,3;92;91;92;69;4,5;2,1;
2026/05/30;0300 UTC;0;972,7;972,8;972,6;0;13;11,5;13,1;13;11,6;11,4;93;92;92;78;4,8;2,1;
2026/05/30;0400 UTC;0;972,4;972,6;972,2;0;12,7;11,6;13;12,6;11,7;11,6;96;93;94;63;4,2;2,3;
2026/05/30;0500 UTC;0;972,2;972,3;972,2;0;12,7;11,9;12,7;12,6;12;11,7;97;96;96;70;4,8;2,2;
2026/05/30;0600 UTC;0;972;972,3;971,8;0;12,6;12;12,6;12,4;12,1;11,9;98;97;97;65;3,2;1,6;
2026/05/30;0700 UTC;0;971,7;971,8;971,5;0;12,4;12,2;12,5;12,3;12,3;12;99;98;99;57;3,6;1,6;
2026/05/30;0800 UTC;0;971,6;971,7;971,5;0;12,6;12,4;12,7;12,5;12,5;12,3;99;99;99;80;3,3;1,5;
2026/05/30;0900 UTC;0;971,8;972;971,6;0;12,6;12,4;12,7;12,5;12,5;12,3;100;99;99;62;2,7;1,5;
2026/05/30;1000 UTC;0;972,1;972,3;972;0;12,4;12,4;12,5;12,4;12,5;12,3;100;100;100;55;3,2;1,6;
2026/05/30;1100 UTC;0;972,4;972,6;972,3;25,9;12,5;12,6;12,7;12,4;12,8;12,5;100;100;100;67;3,3;1,8;
2026/05/30;1200 UTC;0;972,8;973;972,6;183,7;13;12,8;13,3;12,7;12,9;12,7;100;97;99;49;3,5;1,8;
2026/05/30;1300 UTC;0;973,2;973,5;973;568;13,7;12,8;14,8;13,2;13;12,5;97;90;95;79;3,1;1,5;
2026/05/30;1400 UTC;0;973,3;973,5;973,1;1148,8;15,2;12,7;15,8;14,6;13,4;12,4;91;85;88;74;4,8;2,3;
2026/05/30;1500 UTC;0;972,7;973,1;972,4;1916,6;16,8;12,6;17,6;15,5;13;12;85;74;79;96;3,5;1,7;
2026/05/30;1600 UTC;0;972,1;972,3;971,8;2109,2;18,1;12,2;19;17,3;12,8;11,7;76;66;71;181;4,1;2;
2026/05/30;1700 UTC;0;971,4;971,8;971,1;1305,5;18,6;12,1;19,4;18,1;13;11,6;70;65;68;287;2,6;1,3;
2026/05/30;1800 UTC;0;970,9;971,1;970,7;515,1;18,1;12,1;18,3;17,9;13,2;11,4;75;66;70;147;1,4;,6;
2026/05/30;1900 UTC;0;970,6;970,8;970,6;449,6;17,7;12,9;18,5;17,4;13,3;12,5;79;72;76;138;3,6;2,2;
2026/05/30;2000 UTC;0;970,9;971;970,8;86,4;17;13,2;17,4;16,7;13,5;12,9;84;77;81;121;2,3;1,2;
2026/05/30;2100 UTC;0;971;971;970,9;10,6;16,3;13,4;16,7;15,9;13,6;13,3;88;84;86;144;1,8;1,1;
2026/05/30;2200 UTC;0;971,1;971,4;970,9;0;15;13,4;15,9;14,3;13,7;13;96;88;92;98;1,2;,7;
2026/05/30;2300 UTC;0;971,5;971,6;971,4;0;15,1;13,2;15,3;14,7;13,3;13,1;93;89;91;68;1,6;1,1;
2026/05/31;0000 UTC;0;971,5;971,6;971,3;0;14,6;13;14,9;14,2;13,2;12,7;94;90;92;138;2;,7;
2026/05/31;0100 UTC;0;971,5;971,6;971,4;0;13,6;12,8;14,1;13,2;13;12,6;98;94;96;84;,3;,1;
2026/05/31;0200 UTC;0;971,5;971,6;971,4;0;13,2;12,8;13,5;12,5;13,2;12,1;99;98;98;241;,9;,5;
2026/05/31;0300 UTC;0;971,5;971,5;971,4;0;12,9;12,8;13,2;12,6;13,1;12,4;100;99;99;236;1;,6;
2026/05/31;0400 UTC;0;971,3;971,4;971,2;0;13;12,9;13,1;12,6;13;12,4;100;99;99;290;1,2;,7;
2026/05/31;0500 UTC;0;971,2;971,3;971;0;12,9;12,8;13,4;12,6;13,1;12,5;100;97;99;313;3,4;1,3;
2026/05/31;0600 UTC;0;970,9;971,1;970,6;0;13,5;12,8;13,6;13,4;12,9;12,6;97;95;96;303;1;,5;
2026/05/31;0700 UTC;0;970,6;970,7;970,5;0;13;12,7;13,4;12,7;13,1;12,3;100;97;98;238;2,7;1,3;
2026/05/31;0800 UTC;0;970,6;970,7;970,5;0;13,1;12,8;13,3;12,5;13;12,4;100;98;99;221;3,7;1,5;
2026/05/31;0900 UTC;0;970,5;970,6;970,4;0;12,3;12,4;12,8;12,2;12,8;12,3;100;99;100;189;3,3;1,7;
2026/05/31;1000 UTC;0;970,9;971,1;970,5;0;12,1;12,2;12,3;12,1;12,3;12,1;100;100;100;227;3,3;1,5;
2026/05/31;1100 UTC;0;971,4;971,7;971,1;25,7;12,3;12,4;12,4;12,2;12,4;12,3;100;100;100;226;4;1,6;
2026/05/31;1200 UTC;0;971,9;972,2;971,7;98,1;12,3;12,4;12,4;12,2;12,5;12,2;100;100;100;208;4;2,2;
2026/05/31;1300 UTC;0;972,4;972,6;972,1;384,8;12,7;12,7;13;12,4;12,9;12,5;100;98;100;215;3,6;1,8;
2026/05/31;1400 UTC;0;972,6;972,7;972,3;1086,3;14;11,9;15,3;12,9;12,5;11,3;98;81;90;213;4,1;2,3;
2026/05/31;1500 UTC;0;972,1;972,3;971,9;1399;15,3;11,2;15,7;14,9;11,7;10,7;82;76;80;217;4,2;2,2;
2026/05/31;1600 UTC;0;971,6;971,9;971,1;2135,3;15,8;10,9;16,2;15,1;11,5;10,3;80;72;76;228;5,4;2,7;
2026/05/31;1700 UTC;0;971;971,1;970,9;2103,8;16,1;11;16,4;15,8;11,4;10,5;76;72;74;242;5,4;2,7;
2026/05/31;1800 UTC;0;970,6;970,9;970,2;1728,8;16,2;11;16,7;15,4;11,5;10,7;77;70;74;248;4;2,3;
2026/05/31;1900 UTC;0;970,2;970,2;970,1;1174,7;15,8;10,7;16,4;15,2;11;10,4;77;72;74;249;3,7;2,2;
2026/05/31;2000 UTC;0;970,3;970,4;970,1;533,5;15,1;10,6;15,6;14,5;10,9;10,4;80;75;78;241;3,9;1,8;
2026/05/31;2100 UTC;0;970,5;970,7;970,3;53,8;13,6;10,5;14,5;12,9;10,6;10,4;88;80;85;213;3,3;1,6;
2026/05/31;2200 UTC;0;971;971,3;970,8;0;12,6;10,4;12,9;12,5;10,5;10,3;89;88;89;206;2,9;1,8;
2026/05/31;2300 UTC;0;971,5;971,6;971,3;0;12,2;10,2;12,5;11,9;10,3;10,1;92;89;90;210;2,1;1,3;
2026/06/01;0000 UTC;0;971,7;971,8;971,5;0;11,8;10,3;12,2;11,4;10,7;10,1;96;90;93;205;3,4;2,2;
2026/06/01;0100 UTC;0;971,6;971,8;971,4;0;11,3;10,6;11,6;11,1;10,7;10,5;97;96;96;177;4,4;2,5;
2026/06/01;0200 UTC;0;971,4;971,6;971,4;0;10,8;10,6;11,3;10,6;10,7;10,5;100;97;99;151;4,7;3,1;
2026/06/01;0300 UTC;0;971,5;971,6;971,4;0;10,8;10,8;10,9;10,6;11;10,7;100;100;100;156;4,6;2,7;
2026/06/01;0400 UTC;0;971,6;971,7;971,5;0;10,9;11;11;10,8;11,1;10,9;100;100;100;159;3,9;2,1;
2026/06/01;0500 UTC;0;971,7;971,9;971,6;0;11,2;11,2;11,3;10,9;11,4;10,9;100;100;100;155;3,7;2,1;
2026/06/01;0600 UTC;0;971,7;971,8;971,6;0;10,6;10,7;10,9;10,6;10,9;10,6;100;100;100;151;3,4;1,8;
2026/06/01;0700 UTC;0;971,6;971,8;971,5;0;10,3;10,4;10,6;10,1;10,6;10,2;100;100;100;149;4;2,3;
2026/06/01;0800 UTC;0;971,8;971,9;971,6;0;10;10;10,1;9,9;10,2;10;100;100;100;161;3,8;2,1;
2026/06/01;0900 UTC;;;;;;;;;;;;;;;;;;
2026/06/01;1000 UTC;0;972,3;972,5;972;0;9,9;10;9,9;9,8;10;9,9;100;100;100;141;3,9;2,5;
2026/06/01;1100 UTC;0;972,9;973,2;972,5;8,5;9,8;9,8;9,9;9,7;9,9;9,8;100;100;100;134;3,2;1,8;
2026/06/01;1200 UTC;0;973,4;973,6;973,2;204,2;9,9;9,9;10;9,8;10,1;9,7;100;99;100;113;3,1;1,5;
2026/06/01;1300 UTC;0;974;974,5;973,6;558,3;10,5;9,5;11,1;10;9,9;8,8;99;89;95;113;3,4;1,9;
2026/06/01;1400 UTC;0;974,7;974,8;974,4;880,2;11,6;9,2;12;11;9,6;8,7;91;84;88;131;3,4;2,1;
2026/06/01;1500 UTC;0;974,6;974,8;974,3;1083,5;12,5;9;13,3;12;9,5;8,4;87;77;83;111;3,3;1,6;
2026/06/01;1600 UTC;0;973,9;974,3;973,5;1218,9;13,6;7,8;14;13,3;9,1;6,8;78;65;71;143;5,4;2,8;
2026/06/01;1700 UTC;0;973,2;973,6;972,9;1396,9;14;7,1;15,3;13,4;8,1;6,1;69;59;65;140;4,4;1,9;
2026/06/01;1800 UTC;0;972,9;973,1;972,8;759,8;14;6,9;15,1;13,5;7,6;6,3;69;60;64;143;5,4;3,1;
2026/06/01;1900 UTC;0;973,2;973,3;973,1;325;13,3;7,5;13,6;12,9;8,2;6,8;76;67;71;142;5,2;2,8;
2026/06/01;2000 UTC;0;973,4;973,6;973,2;141,4;12,6;8,1;13;12,2;8,5;7,6;82;74;77;150;4,6;2,5;
2026/06/01;2100 UTC;0;973,7;973,9;973,6;20,8;11,9;8,9;12,1;11,6;9,4;8,3;89;81;85;130;3,2;1,9;
2026/06/01;2200 UTC;0;974,2;974,5;974;0;11,5;9,5;11,7;11,4;9,7;9,4;91;89;90;133;3,6;1,9;
2026/06/01;2300 UTC;0;974,7;974,8;974,5;0;11,3;9,8;11,4;11,3;10;9,6;93;91;92;120;3,8;1,7;
2026/06/02;0000 UTC;0;974,9;975,2;974,7;0;11,2;10,1;11,3;11,1;10,3;9,9;96;93;95;120;4,1;2,3;
2026/06/02;0100 UTC;0;975,4;975,5;975,2;0;10,4;9,3;11;9,9;9,7;9,1;97;93;94;111;2,3;1;
2026/06/02;0200 UTC;0;975,5;975,6;975,3;0;9,6;9,2;9,9;9,4;9,6;9;99;97;98;93;3,7;1,7;
2026/06/02;0300 UTC;0;975,4;975,6;975,3;0;9,7;9,7;10,2;9,5;10,2;9,3;100;99;100;90;4,2;1,8;
2026/06/02;0400 UTC;0;975,3;975,5;975,1;0;10,5;10,3;10,6;10,3;10,4;10,3;100;98;99;126;3,4;1,5;
2026/06/02;0500 UTC;,2;975,1;975,3;975;0;10,8;10,7;10,8;10,6;10,9;10,4;100;99;100;93;4,5;2;
2026/06/02;0600 UTC;0;975,1;975,2;974,9;0;10,8;10,8;10,9;10,7;10,9;10,8;100;100;100;95;3,1;1,3;
2026/06/02;0700 UTC;,2;975;975,1;974,9;0;10,9;10,9;11;10,7;11,1;10,8;100;100;100;86;3,1;1,4;
2026/06/02;0800 UTC;,2;974,9;975,1;974,8;0;11,1;11,1;11,1;11;11,2;11,1;100;100;100;98;5,2;2,5;
2026/06/02;0900 UTC;0;975;975,1;974,8;0;11,1;11,2;11,2;11,1;11,3;11,2;100;100;100;90;6,2;2,8;
2026/06/02;1000 UTC;,2;975,1;975,4;974,9;0;11,3;11,4;11,4;11,2;11,5;11,3;100;100;100;96;5,5;3;
2026/06/02;1100 UTC;,2;975,8;976,5;975,4;23,3;11,4;11,5;11,4;11,4;11,5;11,4;100;100;100;90;6;2,9;
2026/06/02;1200 UTC;0;976,8;977;976,4;179,5;11,5;11,6;11,7;11,4;11,7;11,5;100;100;100;80;6,6;3,5;
2026/06/02;1300 UTC;,2;977,1;977,3;976,9;367,5;11,7;11,8;11,9;11,6;11,9;11,7;100;100;100;85;7,5;4;
2026/06/02;1400 UTC;,2;977,4;977,7;977,2;695,2;12,3;11,9;12,9;11,9;12,3;11,7;100;95;98;80;8,6;3,9;
2026/06/02;1500 UTC;0;977,5;977,8;977,1;1103,9;13,3;11,8;14,2;12,8;12,3;11,5;96;88;93;71;7,5;3,7;
2026/06/02;1600 UTC;0;976,8;977,1;976,3;1153,6;13,7;11,9;14,3;13,3;12,5;11,5;94;88;91;69;8,3;4,1;
2026/06/02;1700 UTC;0;976,1;976,4;975,8;1072,2;14;12;14,9;13,3;12,8;11,5;95;85;90;75;7,9;3,3;
2026/06/02;1800 UTC;0;976;976,2;975,8;729,8;13,8;12,2;14,1;13,5;12,6;11,5;95;88;92;85;6,8;3,8;
2026/06/02;1900 UTC;0;975,6;975,9;975,4;461,2;13,8;11,4;13,9;13,6;11,9;10,7;91;84;88;79;6,4;3,1;
2026/06/02;2000 UTC;0;975,9;976,1;975,6;201;13,5;10,7;13,8;13,1;11;10,3;89;83;86;87;6,8;2,7;
2026/06/02;2100 UTC;0;976,2;976,3;976,1;26,1;12,9;10,9;13,1;12,7;11,1;10,8;91;90;90;84;4,5;2,2;
2026/06/02;2200 UTC;0;976,1;976,3;976;0;12,3;10,7;12,6;12,1;10,8;10,7;93;91;92;88;5;2,5;
2026/06/02;2300 UTC;0;976,2;976,3;976,1;0;12,2;10,9;12,3;12;11;10,8;95;93;94;85;4,5;2,3;
2026/06/03;0000 UTC;0;976,4;976,6;976,3;0;12,2;11;12,3;12;11,1;10,9;95;93;94;78;4,5;2,2;
2026/06/03;0100 UTC;0;976,3;976,4;976,2;0;12,2;11,5;12,2;12,1;11,7;11,1;98;95;96;84;5,3;3;
2026/06/03;0200 UTC;0;976,4;976,6;976,3;0;12,3;12,1;12,4;12,2;12,5;11,7;100;98;99;69;7,6;3,1;
2026/06/03;0300 UTC;0;976,7;976,9;976,5;0;12,5;12,6;12,6;12,4;12,6;12,5;100;100;100;75;7,2;2,9;
2026/06/03;0400 UTC;0;976,5;976,9;976,2;0;12,5;12,6;12,6;12,5;12,6;12,6;100;100;100;67;6;3;
2026/06/03;0500 UTC;0;976,3;976,5;976;0;12,6;12,7;12,7;12,6;12,8;12,6;100;100;100;60;6,2;3;
2026/06/03;0600 UTC;0;975,7;976,1;975,4;0;12,7;12,7;12,7;12,7;12,8;12,7;100;100;100;60;6,2;3,2;
2026/06/03;0700 UTC;0;975,5;975,7;975,3;0;12,7;12,8;12,7;12,6;12,8;12,7;100;100;100;57;6;3;
2026/06/03;0800 UTC;0;975,2;975,5;974,7;0;12,7;12,8;12,8;12,7;12,8;12,8;100;100;100;55;5,2;2,7;
2026/06/03;0900 UTC;0;975;975,3;974,6;0;12,7;12,8;12,7;12,7;12,8;12,7;100;100;100;61;4,8;2,3;
2026/06/03;1000 UTC;0;975;975,5;974,8;0;12,7;12,8;12,9;12,7;12,9;12,8;100;100;100;61;5,2;2,6;
2026/06/03;1100 UTC;0;975,6;975,8;975,4;28,8;12,9;12,9;12,9;12,8;13;12,9;100;100;100;68;5,4;2,4;
2026/06/03;1200 UTC;0;976;976,1;975,8;261,8;13,2;13,2;13,6;12,9;13,5;13;100;99;100;74;6,6;3,4;
2026/06/03;1300 UTC;,2;976,4;976,7;976,1;669,5;14,2;13,4;14,6;13,6;13,8;13;99;92;96;74;6,7;3;
2026/06/03;1400 UTC;0;976,7;976,8;976,6;932,6;15;12,9;15,3;14,6;13,3;12,6;94;87;89;73;7,8;3,5;
2026/06/03;1500 UTC;0;976,6;976,8;976,4;789,6;15,3;12,8;15,7;15,1;13,1;12,6;89;85;88;66;5,4;2,7;
2026/06/03;1600 UTC;0;976;976,4;975,5;1146,5;16,1;12,9;16,6;15,6;13,4;12,4;86;82;84;66;5,4;3;
2026/06/03;1700 UTC;0;975,1;975,4;974,9;1254,8;16,7;12,8;17,2;16,3;13,3;12,3;84;78;81;62;6,5;3,4;
2026/06/03;1800 UTC;0;974,8;975;974,5;1154,1;17;12,9;17,5;16,8;13,2;12,6;81;77;79;55;6,6;3,2;
2026/06/03;1900 UTC;0;974,6;974,7;974,5;606,2;16,6;13;17,4;16,4;13,3;12,8;84;78;82;68;4,5;1,8;
2026/06/03;2000 UTC;0;974,8;975;974,7;341,7;16,6;13,5;16,9;16,4;13,8;13,3;87;83;85;81;3,4;1,8;
2026/06/03;2100 UTC;0;975,2;975,4;975;68,9;15,8;13,6;16,6;15,3;13,7;13,5;92;84;89;92;3,3;1,7;
2026/06/03;2200 UTC;0;975,6;975,6;975,4;0;15;13,6;15,2;14,9;13,7;13,6;94;92;93;55;2,9;1,3;
2026/06/03;2300 UTC;0;975,9;976;975,6;0;14,5;13,6;14,8;14,2;13,8;13,5;97;95;95;60;2,9;1,1;
2026/06/04;0000 UTC;0;976,4;976,6;976,1;0;14,1;13,6;14,2;13,9;13,7;13,6;99;97;97;74;3,8;1,9;
2026/06/04;0100 UTC;0;976,4;976,6;976,3;0;13,4;13,3;13,9;13,1;13,6;13,1;100;99;99;69;3,2;1,5;
2026/06/04;0200 UTC;0;976,6;976,7;976,5;0;13,3;13,2;13,4;13,1;13,4;12,9;100;99;100;52;6,2;3,8;
2026/06/04;0300 UTC;0;976,8;976,9;976,6;0;13,1;12,9;13,1;13;12,9;12,8;99;99;99;55;5,3;2,6;
2026/06/04;0400 UTC;0;976,8;977;976,8;0;13,2;12,8;13,3;13,1;12,9;12,8;99;97;98;52;5,6;2,7;
2026/06/04;0500 UTC;0;976,8;977;976,6;0;13,2;12,8;13,3;13,1;12,8;12,7;99;97;98;49;3,6;1,6;
2026/06/04;0600 UTC;0;976,5;976,7;976,4;0;13;12,8;13;12,9;12,8;12,6;99;98;99;50;4,1;2,2;
2026/06/04;0700 UTC;0;976,6;976,7;976,5;0;12,8;12,5;12,9;12,3;12,6;12,2;99;98;99;210;2,2;1;
2026/06/04;0800 UTC;0;976,4;976,6;976,1;0;12,1;12,2;12,3;12;12,3;12,1;100;100;100;67;3,3;1,7;
2026/06/04;0900 UTC;0;976,1;976,3;976;0;12,1;12,2;12,2;12;12,2;12,1;100;100;100;156;2,8;,8;
2026/06/04;1000 UTC;0;976,5;976,7;976,2;0;12;12;12,1;11,9;12,1;12;100;100;100;182;2,7;1,4;
2026/06/04;1100 UTC;0;977;977,2;976,7;19;12,2;12,3;12,4;12;12,5;12,1;100;100;100;202;3,7;1,1;
2026/06/04;1200 UTC;0;977,3;977,5;977,1;156,7;12,7;12,7;12,9;12,4;13;12,5;100;100;100;155;3,9;1,8;
2026/06/04;1300 UTC;0;977,6;977,7;977,4;795,4;13,9;13,1;15,7;12,9;13,5;12,6;100;85;96;299;4,2;2,3;
2026/06/04;1400 UTC;0;977,7;977,8;977,5;1632,9;16,7;12,7;18;15,8;13,4;12,3;85;74;80;168;4,5;1,9;
2026/06/04;1500 UTC;0;977,2;977,6;976,9;2017,6;18,4;13;19,4;17,6;13,5;12,6;77;68;73;149;4,2;2,1;
2026/06/04;1600 UTC;0;976,6;977;976,3;2063,6;19,7;13,2;20,3;19,1;13,6;12,7;71;63;68;160;4;1,9;
2026/06/04;1700 UTC;0;975,8;976,2;975,4;1907,4;20,3;13,2;20,6;20,1;13,6;12,6;67;61;64;113;5,1;2,3;
2026/06/04;1800 UTC;0;975,1;975,4;975;1670,6;20,8;13,1;21,2;20,4;13,6;12,6;63;59;61;97;4,4;2;
2026/06/04;1900 UTC;0;974,9;975;974,8;1092,1;20,8;12,9;21,1;20,5;13,4;12,6;64;58;61;81;3,9;1,8;
2026/06/04;2000 UTC;0;974,8;974,8;974,7;347,1;19,2;13;20,5;17,7;13,2;12,6;77;62;69;70;2,6;1,3;
2026/06/04;2100 UTC;0;974,9;975;974,8;35,4;16,3;12,8;17,6;15,1;13,1;12,6;87;77;83;136;1,9;,6;
2026/06/04;2200 UTC;0;974,9;975;974,8;0;14,4;12,6;15;13,8;12,8;12,3;95;89;91;150;2;,4;
2026/06/04;2300 UTC;0;975;975,2;974,9;0;13,8;12,4;14,1;13,2;12,7;12;94;91;93;133;1,7;,4;
2026/06/05;0000 UTC;0;975,1;975,2;975;0;12,9;12,1;13,2;12,4;12,3;11,6;98;94;96;67;1,7;1;
2026/06/05;0100 UTC;0;975;975,2;974,8;0;12,3;11,8;13;11,9;12,2;11,4;100;95;97;160;1,3;,3;
2026/06/05;0200 UTC;0;974,8;974,9;974,7;0;12,1;12;12,5;11,8;12,6;11,6;100;99;100;181;1;,3;
2026/06/05;0300 UTC;0;974,6;974,7;974,4;0;11,6;11,6;12,5;11;12,6;11,1;100;100;100;277;1,8;,5;
2026/06/05;0400 UTC;0;974,3;974,4;974,1;0;12,4;12,5;12,6;11,8;12,7;11,9;100;100;100;137;2,6;1;
2026/06/05;0500 UTC;0;973,9;974,1;973,8;0;12,4;12,4;12,6;12;12,7;12,1;100;100;100;159;1,8;,8;
2026/06/05;0600 UTC;0;973,8;974;973,5;0;11,9;12;12;11,6;12,1;11,7;100;100;100;283;2,2;1,4;
2026/06/05;0700 UTC;0;973,5;973,6;973,5;0;10,9;10,9;11,6;9,9;11,7;10;100;100;100;158;,7;,4;
2026/06/05;0800 UTC;0;973,5;973,6;973,4;0;9,6;9,7;10,2;9,2;10,2;9,3;100;100;100;286;,6;,3;
2026/06/05;0900 UTC;0;973,2;973,4;973,1;0;10,9;11;11,5;10,3;11,6;10,4;100;100;100;171;1,2;,5;
2026/06/05;1000 UTC;0;973,2;973,3;973,1;0;11,2;11,2;11,7;10,7;11,8;10,7;100;100;100;114;,9;,6;
2026/06/05;1100 UTC;0;973,5;973,6;973,3;47;10,9;11;11,8;10,6;11,9;10,7;100;100;100;52;1,6;,5;
2026/06/05;1200 UTC;0;973,7;973,9;973,5;753,3;13,4;13,5;14,8;11,9;14,9;12;100;100;100;326;2,3;1,1;
2026/06/05;1300 UTC;0;974,1;974,2;973,9;996,6;15,8;14,6;16,7;14,7;15;14,1;100;87;94;327;4,4;2,6;
2026/06/05;1400 UTC;0;973,7;974,2;973,5;1432,8;17,3;14;17,7;16,6;14,9;13,4;90;78;84;306;5,8;3,3;
2026/06/05;1500 UTC;0;973,4;973,5;973,2;1584,6;17,8;13,4;18,1;17,6;13,8;13;80;76;78;318;6,6;3,8;
2026/06/05;1600 UTC;0;972,9;973,3;972,3;1933,3;18,9;13,7;20,1;17,7;14,2;13,3;79;69;74;305;4,8;2,7;
2026/06/05;1700 UTC;0;971,7;972,3;971,4;1971,7;20,8;14,1;21,5;20,1;14,4;13,6;71;61;67;298;4,3;2;
2026/06/05;1800 UTC;0;971;971,4;970,8;1644,4;21,5;14,1;21,8;21,2;14,5;13,7;66;60;63;289;4,1;1,4;
2026/06/05;1900 UTC;0;970,7;970,8;970,6;1086,3;21,7;14,3;21,9;21,2;14,5;13,8;66;60;63;300;2;1;
2026/06/05;2000 UTC;0;970,7;970,8;970,6;468,8;21,2;14,4;21,7;20,2;14,7;14;72;62;66;291;2,1;,9;
2026/06/05;2100 UTC;0;970,7;970,7;970,6;35,2;18,2;15;20,1;16,9;15,3;14,7;90;73;84;249;1,2;,4;
2026/06/05;2200 UTC;0;970,7;970,8;970,5;0;16,4;14,7;17;15,4;15;14,1;94;89;92;306;1,1;,8;
2026/06/05;2300 UTC;0;970,5;970,8;970,4;0;15,4;14,5;15,7;14,9;14,9;14,1;97;94;95;67;,8;,3;
2026/06/06;0000 UTC;0;970,4;970,6;970,2;0;14,7;14,2;15,1;14,2;14,7;13,5;99;95;97;189;1,5;,6;
2026/06/06;0100 UTC;0;970,5;970,7;970,3;0;14,8;14,5;15,6;14,2;15,5;13,4;100;96;98;133;2;1,3;
2026/06/06;0200 UTC;0;970,3;970,6;970,1;0;15;14,8;15,3;14,4;15,1;14,1;100;98;99;325;1,2;,8;
2026/06/06;0300 UTC;0;970,4;970,6;970,3;0;14,8;14,7;15,1;14,3;15,1;14,1;100;99;100;96;1,6;,8;
2026/06/06;0400 UTC;0;970,1;970,3;970;0;14,6;14,5;15,2;14,1;15,2;14;100;99;99;244;1,3;,7;
2026/06/06;0500 UTC;0;969,9;970,1;969,7;0;14,3;14,2;14,5;13,9;14,6;13,9;100;99;100;209;,5;,4;
2026/06/06;0600 UTC;0;969,5;969,7;969,3;0;14;14,1;14,3;13,6;14,3;13,6;100;100;100;257;,7;,4;
2026/06/06;0700 UTC;0;969,1;969,3;968,9;0;13,6;13,7;13,9;13,4;13,9;13,4;100;100;100;327;1,3;,7;
2026/06/06;0800 UTC;0;968,6;968,9;968,3;0;13,6;13,7;14,3;13,3;14,3;13,3;100;100;100;268;,6;,5;
2026/06/06;0900 UTC;0;968,4;968,5;968,3;0;14;14;14,5;13,2;14,5;13,3;100;99;100;147;2,7;1,8;
2026/06/06;1000 UTC;0;968,4;968,8;968,2;0;13,4;13,4;14,4;12,3;14,3;12,3;100;99;100;249;,6;,3;
2026/06/06;1100 UTC;0;969,1;969,2;968,8;57,3;12,3;12,4;12,8;11,9;12,8;12;100;100;100;164;,6;,3;
2026/06/06;1200 UTC;0;969,2;969,2;969,1;414,7;13,3;13,3;14,6;12,6;14,6;12,7;100;100;100;177;,6;,1;
2026/06/06;1300 UTC;0;969,1;969,3;969;890,9;15,4;15;16,4;14,5;15,6;14,6;100;92;98;74;1,9;1,2;
2026/06/06;1400 UTC;0;969,1;969,2;969;1419,2;17,2;15,2;18;16,4;15,6;14,8;94;86;90;291;2;1,2;
2026/06/06;1500 UTC;0;968,9;969,1;968,6;1047,2;18,8;15,6;19,3;18;16,1;15,2;89;80;84;312;3,2;2;
2026/06/06;1600 UTC;0;968,1;968,6;967,6;1183,6;19,3;15,4;19,5;19;15,7;15,2;83;79;81;243;3,4;1,5;
2026/06/06;1700 UTC;0;967,5;967,7;967,3;1067,7;19,5;15,5;19,9;19;16;15,1;85;77;80;131;3,6;2,2;
2026/06/06;1800 UTC;0;967,3;967,4;967,2;520,5;18,8;15,4;19,1;18,5;16,1;14,4;87;77;83;168;4,3;2,7;
2026/06/06;1900 UTC;0;967,2;967,4;967;870;19,3;14,9;19,9;18,8;15,4;14,4;82;75;78;144;4,1;2,3;
2026/06/06;2000 UTC;0;967,2;967,4;967,1;208,5;17,9;15,4;18,7;17;15,8;15;93;82;87;133;3,5;2,3;
2026/06/06;2100 UTC;0;967,5;967,7;967,4;35,6;15,9;15,2;16,9;15,4;15,5;15;98;93;97;124;2;,9;
2026/06/06;2200 UTC;0;967,9;968,1;967,7;0;15,1;14,9;15,4;14,8;15;14,7;100;98;99;96;2,5;1,3;
2026/06/06;2300 UTC;0;968,1;968,2;968;0;14,3;14,3;14,8;13,9;14,7;14;100;100;100;71;3;1,3;
2026/06/07;0000 UTC;0;968,4;968,5;968,1;0;13,4;13,5;13,9;13,1;14;13,2;100;100;100;43;2;1,1;
2026/06/07;0100 UTC;0;968,4;968,4;968,3;0;12,8;12,8;13,1;12,6;13,2;12,7;100;100;100;47;2,2;1,1;
2026/06/07;0200 UTC;0;968,3;968,4;968,2;0;12,7;12,8;12,8;12,6;12,8;12,7;100;100;100;70;3,3;2;
2026/06/07;0300 UTC;0;968,2;968,3;968;0;12,5;12,5;12,6;12,3;12,7;12,4;100;100;100;57;3,7;1,5;
2026/06/07;0400 UTC;0;968;968,1;967,9;0;12,5;12,5;12,5;12,4;12,6;12,5;100;100;100;131;2,8;1,2;
2026/06/07;0500 UTC;0;968,1;968,2;968;0;12,4;12,4;12,4;12,3;12,5;12,3;100;100;100;53;4,3;2,2;
2026/06/07;0600 UTC;0;968,1;968,2;968;0;12,3;12,4;12,3;12,3;12,4;12,3;100;100;100;81;4,2;2,3;
2026/06/07;0700 UTC;0;967,9;968,1;967,7;0;12,2;12,2;12,3;12;12,4;12;100;100;100;89;4,4;2,1;
2026/06/07;0800 UTC;0;967,7;967,8;967,6;0;11,9;12;12;11,8;12,1;11,9;100;100;100;85;4,1;2,3;
2026/06/07;0900 UTC;0;968,1;968,3;967,8;0;11,8;11,9;11,9;11,8;12;11,9;100;100;100;57;3,4;1,8;
2026/06/07;1000 UTC;0;968,3;968,5;968;0;11,7;11,8;11,9;11,7;11,9;11,7;100;100;100;90;4;1,8;
2026/06/07;1100 UTC;0;968,8;968,9;968,5;15;11,8;11,9;11,9;11,8;11,9;11,9;100;100;100;87;5,1;2,5;
2026/06/07;1200 UTC;0;969,1;969,4;968,9;100,6;12;12;12,1;11,8;12,2;11,9;100;100;100;77;5,7;2,7;
2026/06/07;1300 UTC;0;969,4;969,7;969,1;230;12,3;12,3;12,6;12,1;12,6;12,1;100;100;100;94;5,4;2,5;
2026/06/07;1400 UTC;0;969,8;969,9;969,6;786,3;13,2;13;14,1;12,6;13,5;12,5;100;92;98;86;5,7;3,1;
2026/06/07;1500 UTC;0;969,5;969,7;969,3;1196,3;15,5;12,6;16,7;14,2;13,2;12,2;92;79;86;75;5,3;2,7;
2026/06/07;1600 UTC;,2;969;969,3;968,6;949;16,2;12,5;16,6;15,7;12,9;12,2;84;79;82;68;6,4;3,2;
2026/06/07;1700 UTC;0;968,3;968,7;968;999,1;16,5;12,7;17,2;16,3;13,2;12,2;83;78;81;102;6,7;3,5;
2026/06/07;1800 UTC;0;968,1;968,2;968;640,9;16,3;12,9;16,7;15,9;13,1;12,4;85;81;83;101;5,8;3;
2026/06/07;1900 UTC;0;968,3;968,4;968,1;295,6;15,5;12,7;15,9;15,2;13;12,5;88;84;86;103;6;3,4;
2026/06/07;2000 UTC;0;968,7;968,9;968,4;181,5;15;12,8;15,2;14,7;13;12,6;91;87;89;79;5,3;1,7;
2026/06/07;2100 UTC;0;969,1;969,4;968,8;26,7;14,3;12,9;14,7;14;12,9;12,7;93;91;93;84;4,4;2,1;
2026/06/07;2200 UTC;0;969,4;969,7;969,3;0;13,7;12,8;14;13,5;13;12,7;97;93;96;93;4;2,2;
2026/06/07;2300 UTC;0;969,6;969,8;969,5;0;13,5;12,9;13,6;13,3;13;12,8;98;96;97;72;4,2;2,2;
2026/06/08;0000 UTC;0;969,8;970;969,7;0;13,5;13,1;13,5;13,4;13,1;13;98;98;98;71;5,8;2,7;
2026/06/08;0100 UTC;0;969,9;970;969,7;0;13,6;13,1;13,6;13,5;13,2;13;98;97;98;81;5,9;2,6;
2026/06/08;0200 UTC;0;969,8;970;969,7;0;13,5;13;13,6;13,5;13;12,9;98;97;97;82;5,9;2,9;
2026/06/08;0300 UTC;,6;969,8;969,9;969,7;0;13,4;13;13,5;13,3;13,2;12,9;99;97;98;87;5,8;2,8;
2026/06/08;0400 UTC;1,8;969,9;970;969,8;0;13,2;13,1;13,3;13,1;13,2;13,1;100;99;100;95;4,9;2,2;
2026/06/08;0500 UTC;2,2;970;970,1;969,9;0;13;13;13,1;12,9;13,1;12,9;100;100;100;73;4,8;2,5;
2026/06/08;0600 UTC;3,2;970,1;970,2;969,9;0;12,8;12,8;12,9;12,7;12,9;12,7;100;100;100;81;5;2,5;
2026/06/08;0700 UTC;2,4;969,7;970;969,4;0;12,3;12,3;12,7;11,8;12,7;11,7;100;99;100;68;5;2,4;
2026/06/08;0800 UTC;,4;969;969,4;968,6;0;11,7;11,7;11,8;11,7;11,8;11,6;100;99;100;73;4;2,3;
2026/06/08;0900 UTC;,2;968,2;968,6;968,1;0;11,8;11,9;11,9;11,7;12;11,7;100;100;100;67;6,5;3;
2026/06/08;1000 UTC;0;968,3;968,5;968,1;0;11,9;12;11,9;11,9;12;11,9;100;100;100;73;6;2,8;
2026/06/08;1100 UTC;,2;968,5;968,6;968,4;3,2;11,8;11,9;11,9;11,8;11,9;11,8;100;100;100;80;5,6;2,8;
2026/06/08;1200 UTC;,8;968,8;969;968,6;41,9;11,7;11,8;11,8;11,7;11,9;11,7;100;100;100;79;5,2;2,8;
2026/06/08;1300 UTC;,6;969;969,2;968,9;133,5;11,7;11,8;11,8;11,7;11,9;11,8;100;100;100;74;6,6;3;
2026/06/08;1400 UTC;2,6;969,2;969,3;969,1;226,6;11,9;12;12;11,8;12,1;11,9;100;100;100;74;5,5;3,1;
2026/06/08;1500 UTC;,6;969;969,2;968,7;357,4;12,1;12,2;12,3;12;12,4;12;100;100;100;88;7;3,5;
2026/06/08;1600 UTC;,2;968,2;968,7;967,7;484,9;12,5;12,5;12,8;12,3;12,8;12,2;100;99;100;87;6,2;3,3;
2026/06/08;1700 UTC;1,8;967,6;967,7;967,3;285,2;12,6;12,5;12,7;12,5;12,7;12,3;100;99;100;94;4,8;2,7;
2026/06/08;1800 UTC;2,2;967,2;967,3;967,1;358,3;12,7;12,6;12,8;12,6;12,7;12,5;100;99;100;81;4,5;1,7;
2026/06/08;1900 UTC;,2;967,1;967,3;967;258,1;12,7;12,7;12,9;12,4;12,9;12,3;100;99;100;80;5,5;2,7;
2026/06/08;2000 UTC;,2;967,1;967,1;967;92,8;12,3;12,3;12,4;12,2;12,4;12,2;100;99;100;77;3,9;1,9;
2026/06/08;2100 UTC;,2;967,1;967,3;967;6,2;12,1;12,2;12,3;11,4;12,4;11,5;100;100;100;93;6,9;3,6;
2026/06/08;2200 UTC;,8;967,4;967,5;967,3;0;11,1;11,2;11,4;10,9;11,5;10,9;100;100;100;85;6,7;3,4;
2026/06/08;2300 UTC;,2;967,6;967,8;967,3;0;10,9;10,9;10,9;10,8;10,9;10,9;100;100;100;88;6,4;3,3;
2026/06/09;0000 UTC;,2;967,8;967,9;967,7;0;10,9;11;11;10,8;11,1;10,8;100;100;100;99;5,1;2,6;
2026/06/09;0100 UTC;2,2;967,6;967,7;967,6;0;11,1;11,1;11,1;11;11,2;11,1;100;100;100;115;3,5;1,8;
2026/06/09;0200 UTC;1,6;967,8;967,9;967,7;0;10,9;10,9;11,1;10,7;11,1;10,8;100;100;100;123;3,9;2,1;
2026/06/09;0300 UTC;1;967,9;968;967,8;0;10,6;10,7;10,8;10,6;10,8;10,6;100;100;100;144;3,2;1,8;
2026/06/09;0400 UTC;1,2;967,9;968;967,8;0;10,6;10,7;10,7;10,5;10,7;10,6;100;100;100;142;2,8;1,5;
2026/06/09;0500 UTC;,2;967,7;967,8;967,6;0;10,5;10,5;10,5;10,4;10,6;10,5;100;100;100;135;3,1;1,6;
2026/06/09;0600 UTC;0;967,5;967,6;967,3;0;10,6;10,7;10,7;10,5;10,7;10,5;100;100;100;133;5,1;2,5;
2026/06/09;0700 UTC;,2;967,3;967,4;967,2;0;10,5;10,5;10,6;10,4;10,6;10,5;100;100;100;149;3,3;1,7;
2026/06/09;0800 UTC;0;967,3;967,5;967;0;10,6;10,7;10,7;10,5;10,8;10,6;100;100;100;125;3;1,5;
2026/06/09;0900 UTC;0;967,3;967,4;967,1;0;10,7;10,8;10,7;10,6;10,8;10,7;100;100;100;151;2,8;1,4;
2026/06/09;1000 UTC;0;967,7;968,2;967,3;0;10,7;10,7;10,7;10,6;10,8;10,7;100;100;100;164;4,9;2,4;
2026/06/09;1100 UTC;0;968,5;969;968;13,1;10,7;10,7;10,7;10,7;10,8;10,7;100;100;100;152;4,5;2,3;
2026/06/09;1200 UTC;0;969,1;969,3;968,9;198,8;10,7;10,7;10,8;10,6;10,8;10,7;100;100;100;146;5,6;3,2;
2026/06/09;1300 UTC;0;969,4;969,8;969;535,4;10,8;10,6;11;10,6;10,9;10;100;97;99;172;4,5;2,5;
2026/06/09;1400 UTC;0;969,7;969,9;969,3;1397;11,9;10,2;13,4;10,6;10,9;9,5;98;84;91;153;4,7;2,5;
2026/06/09;1500 UTC;0;969;969,3;968,7;1801;13,3;9,7;14;12,6;10,9;9,1;90;77;82;147;3,8;2;
2026/06/09;1600 UTC;0;968,2;968,7;967,8;2024,8;14,2;9,4;14,9;13,4;10,4;8,7;82;71;76;129;4,6;2,4;
2026/06/09;1700 UTC;0;967,6;967,8;967,4;1961,4;15;9,5;15,9;14,4;10,4;8,5;79;67;72;150;4,3;2,3;
2026/06/09;1800 UTC;0;967,4;967,5;967,2;1650,2;15,3;9,4;16,2;14,2;10,9;8,4;79;66;70;155;4,7;2,4;
2026/06/09;1900 UTC;0;967,4;967,5;967,3;738;14,5;9,5;15,7;13,9;10,5;8,7;80;69;75;179;3,3;1,5;
2026/06/09;2000 UTC;0;967,4;967,6;967,3;550,3;14,2;9,8;15,1;13,5;10,3;9,3;81;73;78;149;4,9;2,3;
2026/06/09;2100 UTC;0;967,7;968;967,5;21,2;12,3;9,3;13,4;11,7;9,4;9,1;87;80;85;165;3,3;2,1;
2026/06/09;2200 UTC;0;968,2;968,3;968;0;11,2;9;11,8;10,7;9,1;8,7;91;85;89;153;4,2;2,4;
2026/06/09;2300 UTC;0;968,6;968,9;968,2;0;10,4;8,9;10,7;10,1;9,1;8,7;94;90;92;174;2,4;1,5;
2026/06/10;0000 UTC;0;969,1;969,2;968,9;0;9,3;8,4;10,1;8,3;9;8;99;93;96;153;,5;,2;
2026/06/10;0100 UTC;0;969,1;969,2;968,9;0;8;8;8,4;7,6;8,5;7,6;100;98;100;148;2,1;1,2;
2026/06/10;0200 UTC;0;968,6;968,9;968,4;0;9,1;8,8;9,4;8,5;9,2;8,5;100;97;98;161;2,4;1,5;
2026/06/10;0300 UTC;0;968,6;968,8;968,5;0;8,7;8,5;9;8;8,7;7,8;100;98;99;80;1,1;,5;
2026/06/10;0400 UTC;0;967,9;968,4;967,5;0;8,3;8,3;8,7;8;8,7;7,8;100;98;100;148;2;1,1;
2026/06/10;0500 UTC;0;967,5;967,7;967,3;0;7,9;7,9;8,3;7,3;8,4;7,3;100;99;100;255;,6;,3;
2026/06/10;0600 UTC;0;967,5;967,7;967,3;0;7,1;7,2;7,7;6,9;7,8;7;100;100;100;274;1;,6;
2026/06/10;0700 UTC;0;967,7;967,8;967,6;0;7,1;7,2;7,2;7;7,3;7;100;100;100;165;,3;,1;
2026/06/10;0800 UTC;0;967,6;967,8;967,2;0;7,1;7,1;7,5;6,5;7,5;6,6;100;100;100;32;1,5;,8;
2026/06/10;0900 UTC;0;967;967,3;966,8;0;7;7;7,8;6,4;7,8;6,5;100;100;100;120;1,2;,6;
2026/06/10;1000 UTC;,2;967,5;967,8;967,2;0;6,6;6,7;7,1;6,3;7,1;6,3;100;100;100;193;,6;,3;
2026/06/10;1100 UTC;0;967,9;968;967,7;30,8;6,7;6,8;8,3;6,3;8,4;6,3;100;100;100;106;3,1;1,9;
2026/06/10;1200 UTC;0;968;968,3;967,8;405,5;9,1;9,1;9,8;8,4;9,8;8,4;100;100;100;218;1,8;,8;
2026/06/10;1300 UTC;0;968,4;968,5;968,2;625;9,4;9,4;10;9;10,1;9;100;100;100;76;4,5;2,1;
2026/06/10;1400 UTC;0;968,3;968,5;968,2;914,6;10,3;10,3;10,7;10,1;10,5;10;100;98;99;53;4;2,2;
2026/06/10;1500 UTC;0;968,7;968,9;968,5;1145,4;10,9;9,7;11,9;10,3;10,3;9,1;98;87;94;61;5,1;2;
2026/06/10;1600 UTC;0;967,9;968,4;967,3;1436,1;11,7;9,2;12,2;11,5;9,8;8,6;89;85;87;80;5;2,1;
2026/06/10;1700 UTC;0;966,7;967,3;966,4;1767;12,5;9,2;13,5;11,7;9,6;8,7;88;77;83;74;4,2;2,3;
2026/06/10;1800 UTC;0;966,1;966,3;965,9;1697,8;14,1;9,5;14,6;13,4;10;9;81;74;77;66;4,8;2,4;
2026/06/10;1900 UTC;0;965,6;965,9;965,4;1157,7;14,7;9,7;15,1;14,2;10,3;9,4;78;72;75;110;4,3;1,6;
2026/06/10;2000 UTC;0;965,4;965,5;965,3;496,9;14,8;9,5;15,1;14,1;9,8;9,3;77;72;74;57;4,2;2;
2026/06/10;2100 UTC;0;965,7;966,2;965,5;36;12,8;9,8;14,1;11,8;10,2;9,6;91;78;85;167;1,1;,4;
2026/06/10;2200 UTC;0;966,5;966,8;966,2;0;11,4;9,8;12,1;10,5;10,2;9,3;97;89;92;81;1,5;,8;
2026/06/10;2300 UTC;0;966,8;966,9;966,7;0;10,4;9,7;10,7;10,2;10;9,4;98;95;97;83;2,4;1,4;
2026/06/11;0000 UTC;0;966,9;967;966,8;0;10,1;9,6;10,5;9,9;9,7;9,1;98;95;97;87;3,3;1,9;
2026/06/11;0100 UTC;0;966,5;966,9;966,3;0;10;9,5;10,2;9,6;9,7;9,2;98;97;98;63;2,4;1,5;
2026/06/11;0200 UTC;0;966,2;966,4;966,1;0;9;8,8;9,5;8,1;9,2;8;100;98;99;73;2,3;,9;
2026/06/11;0300 UTC;0;966,8;967,1;966,4;0;8,3;8,3;8,6;7,7;8,6;7,6;100;99;100;98;3;1,1;
2026/06/11;0400 UTC;0;966,9;967;966,8;0;8,5;8,6;8,6;8,4;8,7;8,4;100;100;100;112;2,5;,8;
2026/06/11;0500 UTC;0;967;967,1;966,9;0;9,3;9,3;9,5;8,6;9,6;8,7;100;100;100;218;3,1;,8;
2026/06/11;0600 UTC;0;966,9;967,2;966,7;0;9,7;9,7;9,8;9,5;9,8;9,6;100;100;100;65;2,6;1,4;
2026/06/11;0700 UTC;0;966,6;966,8;966,5;0;9,6;9,5;9,8;9,4;9,8;9,3;100;99;99;64;3,1;1,7;
2026/06/11;0800 UTC;0;966,5;966,7;966,3;0;9,6;9,4;9,8;9,5;9,5;9,2;100;97;99;79;3,9;2;
2026/06/11;0900 UTC;0;966,5;966,7;966,2;0;9,4;9;9,7;9,2;9,2;8,8;99;97;98;79;3,4;1,7;
2026/06/11;1000 UTC;0;966,8;967,1;966,6;0;9,4;9,2;9,5;9,2;9,3;9;99;98;99;53;5,4;2,9;
2026/06/11;1100 UTC;0;967,6;968,2;966,9;25,5;9,6;9,1;9,8;9,5;9,2;9,1;99;96;98;85;3,1;1,1;
2026/06/11;1200 UTC;0;968,1;968,3;967,9;260,4;10,1;9,1;10,5;9,8;9,4;9;96;94;95;87;5;2,5;
2026/06/11;1300 UTC;0;968,7;969,1;968,2;664,2;11;9,2;11,5;10,5;9,6;8,8;94;87;91;65;4,3;2,6;
2026/06/11;1400 UTC;0;968,8;969,1;968,5;910,2;12,1;9,1;12,5;11,5;9,7;8,8;88;82;85;63;6,1;2,9;
2026/06/11;1500 UTC;0;968,5;968,8;968,1;738,9;12,6;9,2;12,8;12,4;9,7;8,9;85;82;83;60;4,2;2,5;
2026/06/11;1600 UTC;0;967,7;968,1;967,1;662;12,9;9,7;13,3;12,7;10;9,4;86;81;84;77;5,8;2,9;
2026/06/11;1700 UTC;0;967;967,1;966,6;513,1;13,1;10;13,5;12,8;10,3;9,5;87;81;84;72;3,5;1,8;
2026/06/11;1800 UTC;0;966,5;966,6;966,2;488;13,4;10,2;13,7;13,3;10,5;9,8;86;81;84;103;3,3;1,9;
2026/06/11;1900 UTC;0;966,1;966,3;965,9;290,9;13,3;10,3;13,4;13,2;10,7;9,9;88;83;85;115;3,2;1,7;
2026/06/11;2000 UTC;0;966,1;966,3;965,9;103,5;13;10,9;13,2;12,7;11,1;10,5;92;87;89;154;3,8;1,8;
2026/06/11;2100 UTC;0;966,3;966,5;965,9;4,7;12,5;11,4;12,7;12,3;11,6;11,1;96;92;94;105;2,4;1;
2026/06/11;2200 UTC;0;966,4;966,6;966,3;0;12,1;11,5;12,2;12;11,6;11,5;98;97;97;59;2;1,1;
2026/06/11;2300 UTC;1,2;966,7;966,9;966,4;0;12;11,9;12;12;12;11,7;100;98;99;86;3,3;1,9;
2026/06/12;0000 UTC;1,6;966,1;966,4;965,8;0;11,9;12;12;11,9;12;11,9;100;100;100;113;4,7;2,6;
2026/06/12;0100 UTC;2;965,9;966;965,8;0;11,9;12;12;11,9;12,1;11,9;100;100;100;119;4,1;2,6;
2026/06/12;0200 UTC;1,2;965,8;965,9;965,6;0;12;12,1;12;12;12,1;12,1;100;100;100;118;5,1;2,7;
2026/06/12;0300 UTC;1,2;965,9;966;965,6;0;12,1;12,2;12,1;12;12,2;12,1;100;100;100;94;4,7;2,3;
2026/06/12;0400 UTC;,6;965,2;965,5;964,9;0;12,2;12,2;12,2;12,1;12,3;12,2;100;100;100;125;5,6;3,1;
2026/06/12;0500 UTC;1;964,4;964,8;964;0;12,2;12,2;12,2;12,1;12,3;12,2;100;100;100;135;6,2;3,1;
2026/06/12;0600 UTC;,4;963,4;963,9;963,1;0;12;12,1;12,1;11,9;12,1;12;100;100;100;117;6,8;3,9;
2026/06/12;0700 UTC;0;962,8;963,2;962,4;0;11,8;11,9;11,9;11,7;12;11,8;100;100;100;126;8,4;4,5;
2026/06/12;0800 UTC;,2;962,1;962,4;961,8;0;11,7;11,7;11,7;11,7;11,8;11,6;100;99;100;129;9,3;4,8;
2026/06/12;0900 UTC;,8;961,7;961,9;961,5;0;11,7;11,6;11,8;11,7;11,7;11,5;100;99;100;134;8,1;5;
2026/06/12;1000 UTC;,2;961,9;962,1;961,6;0;11,6;11,5;11,8;11,5;11,7;11,3;100;99;99;128;8,4;5,1;
2026/06/12;1100 UTC;,8;962;962,2;961,8;2,9;11,8;11,8;11,9;11,7;11,9;11,6;100;100;100;129;9,3;5,3;
2026/06/12;1200 UTC;,6;962,4;962,6;962,1;55,2;11,9;11,9;12;11,9;11,9;11,8;100;100;100;132;8,3;4,3;
2026/06/12;1300 UTC;,4;962,7;963;962,4;136,1;11,7;11,6;11,9;11,7;11,9;11,4;100;99;99;123;8,1;4,8;
2026/06/12;1400 UTC;1,4;963;963,1;962,8;290;12;11,8;12,1;11,8;12;11,6;100;98;99;131;9,3;4,8;
2026/06/12;1500 UTC;1,6;963;963,1;962,7;274,3;11,9;11,6;12;11,8;11,8;11,3;99;98;99;136;7,5;3,9;
2026/06/12;1600 UTC;1,6;962,9;963,1;962,8;317,3;11,7;11,4;11,9;11,6;11,6;11,2;99;98;98;130;7,8;4;
2026/06/12;1700 UTC;,2;962,4;962,8;962;365,1;11,7;11,6;11,9;11,6;11,9;11,2;100;98;99;137;5,9;3;
2026/06/12;1800 UTC;0;961,9;962,1;961,8;353,2;11,7;11,6;11,9;11,5;11,9;11,2;100;99;99;126;5,8;3,2;
2026/06/12;1900 UTC;,4;961,8;962;961,7;198;11,7;11,5;11,9;11,5;11,8;11,3;100;99;99;119;5,8;2,9;
2026/06/12;2000 UTC;,2;961,8;962,2;961,6;207,6;11,5;11,1;11,5;11,4;11,2;10,9;99;97;98;164;5,5;3,2;
2026/06/12;2100 UTC;0;962,5;962,9;962,2;46,1;11,5;11,3;11,6;11,5;11,5;11,1;100;98;99;174;6,4;3,3;
2026/06/12;2200 UTC;0;963,4;963,9;962,9;0;11,6;11,4;11,7;11,5;11,5;11,3;100;98;99;176;5,2;2,7;
2026/06/12;2300 UTC;0;964,3;964,6;963,9;0;11,7;11,5;11,7;11,7;11,5;11,4;99;99;99;197;3,8;2,4;
2026/06/13;0000 UTC;0;964,9;965,2;964,6;0;11,7;11,5;11,7;11,7;11,6;11,5;100;99;99;209;4,1;2,3;
2026/06/13;0100 UTC;0;965,4;965,5;965,2;0;11,7;11,6;11,8;11,7;11,7;11,4;99;99;99;198;6;3,2;
2026/06/13;0200 UTC;0;965,6;965,7;965,4;0;11,8;11,5;11,8;11,8;11,7;11,2;99;97;99;184;5,5;3,4;
2026/06/13;0300 UTC;0;965,5;965,7;965,4;0;11,6;11,3;11,8;11,5;11,5;11,1;100;97;98;197;4,8;2,6;
2026/06/13;0400 UTC;0;965,4;965,5;965,2;0;11,4;11,4;11,5;11,3;11,4;11,3;100;99;100;174;2,6;1,4;
2026/06/13;0500 UTC;0;965,7;965,8;965,3;0;11,3;11,3;11,3;11,3;11,4;11,1;100;99;100;218;3,4;1,5;
2026/06/13;0600 UTC;0;965,6;965,7;965,5;0;11,3;11;11,4;11,2;11,2;10,9;99;98;99;228;1,7;,9;
2026/06/13;0700 UTC;0;965,4;965,5;965,3;0;11,4;10,7;11,5;11,4;10,9;10,5;98;95;96;195;3;1,5;
2026/06/13;0800 UTC;0;965,3;965,5;965,1;0;11,3;10,6;11,4;11,1;10,6;10,5;97;95;96;199;2;,9;
2026/06/13;0900 UTC;0;965,3;965,5;965,1;0;10,6;10,3;11;9,9;10,6;9,8;100;97;99;148;1,1;,4;
2026/06/13;1000 UTC;0;965,8;966,2;965,4;0;9,7;9,7;10,3;9,3;10,3;9,2;100;99;100;227;2;1,3;
2026/06/13;1100 UTC;0;966,6;967,1;966,2;59,5;9,9;10;10,2;9,8;10,3;9,8;100;100;100;268;1,8;,7;
2026/06/13;1200 UTC;0;967,6;968;967,1;224,8;10,6;10,7;11,1;10,2;11,2;10,3;100;100;100;273;3,7;1,9;
2026/06/13;1300 UTC;0;968,3;968,6;968,1;622,4;11,8;11,3;12,3;11,1;11,6;10,8;100;93;97;241;3,8;2,1;
2026/06/13;1400 UTC;0;968,6;968,6;968,6;1361,5;13,3;10,9;14,2;12,3;11,5;10,1;94;80;88;248;5,7;2,7;
2026/06/13;1500 UTC;0;968,5;968,7;968,4;861,5;13,6;10,4;13,8;13,3;11;10;87;81;84;249;5,3;2,4;
2026/06/13;1600 UTC;0;968;968,5;967,6;1113,5;14,1;9,6;14,9;13,5;10,7;8,8;83;70;78;239;5;2,4;
2026/06/13;1700 UTC;0;967,4;967,6;967;1358,5;14,6;9,3;15,5;13,8;9,9;8,6;79;67;74;247;6;2,4;
2026/06/13;1800 UTC;0;966,8;967;966,7;853,1;14,5;9,5;15;14,3;10,2;9,1;79;71;75;226;6;2,8;
2026/06/13;1900 UTC;0;966,9;967,1;966,7;646,4;14,6;9,4;15,5;13,9;10,6;8,6;83;69;74;248;6,3;2,7;
2026/06/13;2000 UTC;0;967;967,1;966,9;155,8;13,3;10,9;13,9;12,9;11,1;10,5;91;83;88;239;6,2;2,1;
2026/06/13;2100 UTC;0;967,1;967,3;967;26,3;12,4;10,7;12,9;11,7;11,1;10,1;93;90;92;236;4,2;2,1;
2026/06/13;2200 UTC;0;967,5;967,8;967,2;0;11,2;10,2;11,7;10,8;10,3;10;96;92;95;216;4,2;2,2;
2026/06/13;2300 UTC;0;968;968,1;967,8;0;10,6;10,1;10,8;10,5;10,2;10,1;98;96;98;239;2,2;,7;
2026/06/14;0000 UTC;0;968,1;968,3;967,9;0;11;9,7;11,3;10,5;10,2;9,2;98;89;93;230;2,5;1,1;
2026/06/14;0100 UTC;0;968,4;968,5;968,3;0;11;10;11,2;10,9;10,2;9,8;96;94;95;253;2,3;1;
2026/06/14;0200 UTC;0;968,3;968,4;968,2;0;10,9;9,8;11;10,8;9,9;9,7;96;93;94;254;3,3;1,3;
2026/06/14;0300 UTC;0;968,3;968,4;968,2;0;10,4;9,7;10,8;10,1;9,9;9,5;98;96;97;262;3,4;1,6;
2026/06/14;0400 UTC;0;968,2;968,4;968,1;0;10,2;9,6;10,3;9,9;9,8;9,1;98;96;97;260;6,2;3,4;
2026/06/14;0500 UTC;0;968;968,2;967,8;0;9,6;8,9;9,9;9,3;9,2;8,5;97;96;96;264;5,5;2,3;
2026/06/14;0600 UTC;0;968;968,1;967,8;0;9,3;8,7;9,4;9,2;9;8,1;99;94;97;268;7,9;4,2;
2026/06/14;0700 UTC;0;968,1;968,3;967,9;0;8,9;8,1;9,2;8,7;8,2;7,8;97;94;96;275;7,3;3,8;
2026/06/14;0800 UTC;0;968,1;968,3;967,9;0;8,4;7,6;8,7;8,2;7,8;7,5;98;95;96;258;3,9;1,9;
2026/06/14;0900 UTC;0;968,1;968,5;967,7;0;7,9;7,4;8,2;7,7;7,7;7,1;98;97;97;252;4,4;1,6;
2026/06/14;1000 UTC;0;968,5;968,6;968,4;0;8,1;6,8;8,5;7,7;7,1;6,6;97;91;94;251;5;2;
2026/06/14;1100 UTC;0;968,9;969,3;968,5;16,6;8,6;6,7;8,8;8,5;7,1;6,5;92;90;91;235;7,1;3;
2026/06/14;1200 UTC;,2;969,7;970,2;969,2;71,6;8,3;7,5;8,6;8,1;7,9;7;99;92;96;213;6,6;3;
2026/06/14;1300 UTC;,2;970,7;971,1;970,1;160,3;7,4;7,3;8,1;6,9;8;6,7;100;98;99;170;7,6;3,7;
2026/06/14;1400 UTC;0;971,3;971,5;971,1;583,1;7,3;6,8;8,2;6,9;7,2;6,5;99;94;97;171;6,6;3,6;
2026/06/14;1500 UTC;0;971,2;971,4;971;1172,5;8,7;6,5;9,5;8,2;7;6,1;94;85;89;165;8,2;4;
2026/06/14;1600 UTC;0;970,9;971,2;970,7;1412,3;9,6;6;10,5;8,9;7;5,4;89;76;82;169;6,7;4;
2026/06/14;1700 UTC;0;970,7;970,9;970,4;1027,9;9,6;4,9;10,5;9,3;5,9;4,3;83;73;77;177;6;3,3;
2026/06/14;1800 UTC;0;970,4;970,5;970,2;1266,3;10,1;4,6;10,9;9,6;5,5;3,6;77;65;72;166;6,8;3,7;
2026/06/14;1900 UTC;0;970,4;970,5;970,3;777,9;10,2;3,8;10,9;9,8;4,7;2,8;73;62;68;176;6,1;3,3;
2026/06/14;2000 UTC;0;970,7;971;970,5;462,4;9,9;3,3;10,2;9,6;4,1;2,3;73;61;67;176;5,4;2,5;
2026/06/14;2100 UTC;0;971,3;971,6;971;38,3;8,6;4,5;9,6;8,2;5,2;4;84;72;79;157;2,1;,9;
2026/06/14;2200 UTC;0;971,6;971,7;971,5;0;7,7;4,3;8,4;6,3;4,8;3,9;90;79;83;145;1,5;,7;
2026/06/14;2300 UTC;0;972,1;972,4;971,6;0;5,9;4,2;6,7;5,2;4,7;3,5;96;85;91;167;1,5;,9;
2026/06/15;0000 UTC;0;972,4;972,6;972,3;0;4,7;4,2;5,3;4,4;4,5;3,9;99;94;98;195;1;,7;
2026/06/15;0100 UTC;0;972,6;972,7;972,5;0;4,4;4,1;4,9;4,1;4,6;3,8;100;97;98;175;,7;,5;
2026/06/15;0200 UTC;0;972,8;973;972,6;0;4;3,7;4,2;3,8;4;3,3;99;97;98;157;1,4;,9;
2026/06/15;0300 UTC;0;973;973,1;972,9;0;3,6;3,1;3,9;3,3;3,3;2,7;99;97;98;186;1,2;,7;
2026/06/15;0400 UTC;0;973;973,1;972,9;0;3,4;2,8;3,7;3,2;3,2;2,6;99;96;97;187;1,2;,9;
2026/06/15;0500 UTC;0;972,8;972,9;972,6;0;2,9;2,4;3,3;2,5;2,7;2,1;99;96;97;184;,8;,6;
2026/06/15;0600 UTC;0;972,5;972,7;972,3;0;2,4;2,2;2,6;2,3;2,5;2;100;99;99;219;1,2;,4;
2026/06/15;0700 UTC;0;972,1;972,3;972;0;2,4;2;2,9;2,2;2,5;1,6;100;94;98;213;1;,7;
2026/06/15;0800 UTC;0;972,2;972,3;972;0;3,4;1,2;4,4;2,4;2;,5;97;80;89;222;2,1;1,2;
2026/06/15;0900 UTC;0;972,3;972,4;972,1;0;3,6;,8;4;2,7;1,2;,6;92;83;86;208;1,6;,9;
2026/06/15;1000 UTC;0;972,6;973;972,2;0;2,6;1,4;3,9;1,5;2,2;,9;99;88;94;216;1,9;1;
2026/06/15;1100 UTC;0;973,3;973,6;973;23,9;2,7;1,7;3,1;2,4;2;1,5;96;93;95;175;1,7;1,2;
2026/06/15;1200 UTC;0;973,6;973,7;973,4;540,6;4,3;1,8;5,3;2,9;2,1;1;96;79;87;170;3,3;2,2;
2026/06/15;1300 UTC;0;973,9;974,3;973,6;1200,6;6;1,4;6,7;5,3;2;,8;84;72;77;173;3,5;2,2;
2026/06/15;1400 UTC;0;974,2;974,3;974;1610,2;7,3;1,5;7,9;6,7;2,2;,9;76;66;71;175;3,6;1,8;
2026/06/15;1500 UTC;0;973,5;974,2;973;2025,2;8,2;1,7;8,9;7,6;2,4;1;72;64;67;233;3,6;1,3;
2026/06/15;1600 UTC;0;972,5;973;971,8;2101,9;9,1;2,1;9,7;8,3;2,8;1,2;71;59;65;246;4,2;1,9;
2026/06/15;1700 UTC;0;971,5;971,9;971,1;2021,5;9,8;2;10,6;9,3;3,4;1,4;65;58;61;253;3,8;1,6;
2026/06/15;1800 UTC;0;971,2;971,3;971,1;1708,1;10,1;2,1;10,5;9,8;2,8;1,5;62;57;60;258;4,5;2;
2026/06/15;1900 UTC;0;971,2;971,4;971,1;1166,7;9,9;1,7;10,3;9,6;2,5;1,1;63;55;59;256;3;1,6;
2026/06/15;2000 UTC;0;971,3;971,6;971,2;526,5;9,4;2,5;9,8;9,1;2,8;1,9;68;61;65;257;3,5;1,4;
2026/06/15;2100 UTC;0;971,8;971,9;971,6;51,5;7,9;2,6;9,1;7;2,8;2,3;78;67;74;233;2,6;1,1;
2026/06/15;2200 UTC;0;972;972,2;971,9;0;6;2,8;7;4,2;3,1;2,4;93;77;84;297;1;,6;
2026/06/15;2300 UTC;0;972,1;972,3;971,9;0;5;2,5;5,8;3,8;3,3;2,1;96;82;87;284;2;1;
2026/06/16;0000 UTC;0;972,1;972,2;971,9;0;4,3;2,1;5,2;3,2;2,6;1,5;96;82;89;270;2,3;1,6;
2026/06/16;0100 UTC;0;971,9;972,1;971,7;0;4,1;1,6;5,5;2,7;1,9;1,4;94;80;87;305;1,9;1,1;
2026/06/16;0200 UTC;0;971,8;971,9;971,6;0;2,6;1,7;4,4;2,1;2,4;1,1;99;84;96;293;2,9;1,8;
2026/06/16;0300 UTC;0;971,7;971,9;971,5;0;3,6;1,2;4,4;2,6;1,8;1;95;83;88;313;2,1;1,4;
2026/06/16;0400 UTC;0;971,3;971,4;971,1;0;3,1;1,3;3,8;2,6;1,5;1;94;89;91;305;2,6;1,9;
2026/06/16;0500 UTC;0;971,1;971,2;970,9;0;3;1,1;3,5;2,4;1,4;,8;93;88;90;320;2,2;1,5;
2026/06/16;0600 UTC;0;971;971,1;970,7;0;2,1;1,1;3;1,5;1,9;,7;99;90;95;308;3;1,8;
2026/06/16;0700 UTC;0;970,5;970,7;970,4;0;2,8;,9;3,1;2,4;1,1;,5;93;88;91;301;2,6;1,8;
2026/06/16;0800 UTC;0;970,4;970,5;970,3;0;3,8;,7;5,4;2,9;,9;,3;90;75;84;267;6,5;2,9;
2026/06/16;0900 UTC;0;970,2;970,4;970;0;5,3;,5;5,5;5,1;,7;,4;78;75;76;264;5;2,8;
2026/06/16;1000 UTC;0;970,2;970,5;970;0;5,2;,4;5,4;5,1;,6;,2;77;74;76;256;6;3,1;
2026/06/16;1100 UTC;0;970,6;971;970,4;19;5,3;,5;5,5;5,1;1;,3;78;74;76;251;5,5;2,4;
2026/06/16;1200 UTC;0;971,2;971,3;971;511,5;6,2;1,2;6,8;5,6;1,7;,9;77;74;75;272;5,7;3,3;
2026/06/16;1300 UTC;0;971,2;971,2;971,1;1170;7,7;2,2;8,7;6,8;2,7;1,7;76;67;73;283;7,2;3,7;
2026/06/16;1400 UTC;0;971,3;971,5;971,2;1684,7;9,3;2,2;10,1;8,8;3,1;1,5;68;62;64;269;6;3,4;
2026/06/16;1500 UTC;0;970,7;971,2;970,2;2012,4;10,8;2,8;11,5;10,1;3,6;2,4;65;56;60;281;8,1;4,7;
2026/06/16;1600 UTC;0;969,8;970,3;969,4;2114,7;12,2;3,4;12,9;11,2;4,2;2,6;59;51;56;282;8;4,2;
2026/06/16;1700 UTC;0;969,1;969,5;968,6;1999;13,3;3,1;14;12,8;3,8;2,5;51;46;49;291;8,1;4,2;
2026/06/16;1800 UTC;0;968,5;968,6;968,3;1692,9;14,2;3,2;14,7;13,8;4;2,7;48;42;45;278;7,4;4,6;
2026/06/16;1900 UTC;0;968,5;968,6;968,4;1159,4;14,4;3,7;14,6;14,2;4,1;3,2;48;44;46;281;8,2;3,9;
2026/06/16;2000 UTC;0;968,6;968,7;968,4;529,5;13,9;3,9;14,2;13,2;4,2;3,6;54;47;50;295;6,4;3;
2026/06/16;2100 UTC;0;968,7;968,9;968,4;52,8;11,9;3,1;13,2;10,9;3,8;2,6;59;52;56;290;6,8;3,6;
2026/06/16;2200 UTC;0;968,9;969;968,8;0;10,4;3;10,9;9,9;3,1;2,7;66;59;63;297;6,3;3,8;
2026/06/16;2300 UTC;0;969;969,1;968,7;0;9,9;3,5;10,1;9,8;3,7;3,1;69;67;68;297;8,8;5,3;
2026/06/17;0000 UTC;0;969,1;969,4;968,8;0;9,9;3,9;10,2;9,5;4;3,7;71;68;70;293;8,1;3,9;
2026/06/17;0100 UTC;0;969,5;969,6;969,3;0;9,7;3,6;9,9;9,5;3,8;3,5;71;68;70;280;7,9;4,2;
2026/06/17;0200 UTC;0;969,8;970;969,5;0;9,5;3,6;9,9;9,3;3,7;3,6;72;68;71;281;7,1;3,9;
2026/06/17;0300 UTC;0;970;970,4;969,8;0;9,3;4;9,4;9,2;4,3;3,7;76;71;73;272;7,3;3,7;
2026/06/17;0400 UTC;0;970,4;970,5;970,3;0;8,9;4,4;9,2;8,7;4,5;4,3;79;75;77;267;5,9;3,2;
2026/06/17;0500 UTC;0;970,7;970,9;970,5;0;8,9;4,6;9,1;8,7;4,8;4,5;80;78;79;262;7,1;3,2;
2026/06/17;0600 UTC;0;970,9;971,1;970,8;0;8,8;4,9;9;8,6;5;4,8;82;79;81;245;5,5;2,4;
2026/06/17;0700 UTC;0;971;971,1;970,9;0;8,3;5,1;8,5;8,1;5,2;5;85;82;84;250;5;2,3;
2026/06/17;0800 UTC;0;971;971,1;970,9;0;8;5,3;8,2;7,8;5,5;5,2;88;85;87;244;5,8;2,6;
2026/06/17;0900 UTC;0;971,2;971,6;970,9;0;7,2;5,4;7,8;6,9;5,5;5,2;93;88;91;242;4,4;2;
2026/06/17;1000 UTC;0;971,9;972,3;971,6;0;6,6;5,4;6,9;6,5;5,5;5,3;95;93;94;237;4,3;2;
2026/06/17;1100 UTC;0;972,6;972,8;972,3;21,7;6,2;5,3;6,5;6;5,5;5,2;97;95;96;223;3,7;1,8;
2026/06/17;1200 UTC;0;973;973,2;972,8;544,3;7,2;5,7;8,1;6,3;6;5,5;96;88;92;220;4;1,9;
2026/06/17;1300 UTC;0;973,7;974,2;973,2;1158,5;9,1;5,7;10;8,2;6,1;5,4;88;79;83;181;7,2;3,5;
2026/06/17;1400 UTC;0;974,3;974,6;974,1;1674,1;10,6;6,2;11,3;9,8;6,6;5,9;82;73;78;152;6,5;3,6;
2026/06/17;1500 UTC;0;974,6;974,6;974,4;2025,7;12;5,8;13;11,1;6,4;4,7;75;60;69;140;6,3;2,9;
2026/06/17;1600 UTC;0;974,4;974,6;974,1;2139,7;13,2;5,3;13,6;12,7;5,8;4,7;65;55;60;154;5,5;2,8;
2026/06/17;1700 UTC;0;974,1;974,3;973,9;2014,6;14,2;5,1;14,6;13,7;5,8;4,4;58;51;54;157;4,9;2,5;
2026/06/17;1800 UTC;0;973,9;974,1;973,8;1708,2;14,4;5,5;14,8;14,1;6,1;4,9;58;52;55;136;4,7;2,5;
2026/06/17;1900 UTC;0;974,2;974,3;974,1;1078,3;14,6;5,6;14,9;14,2;6,2;5,2;57;53;55;147;4;2,1;
2026/06/17;2000 UTC;0;974,4;974,6;974,2;397,7;13,5;5,3;14,2;12,2;5,7;5,1;65;55;59;117;2,8;1,7;
2026/06/17;2100 UTC;0;974,7;974,9;974,5;31,8;11,2;5,1;12,2;10,5;5,5;4,8;72;65;70;103;3,4;2,3;
2026/06/17;2200 UTC;0;974,9;975;974,9;0;10;5,1;10,5;9,5;5,6;4,7;80;71;76;98;4;2,2;
2026/06/17;2300 UTC;0;975,1;975,4;974,9;0;7,9;5,2;9,5;7,1;5,5;4,8;91;80;87;66;1,9;1,1;
2026/06/18;0000 UTC;0;975,2;975,3;975;0;6,9;5,4;7,3;6,2;5,7;5;95;90;92;53;1,9;1,1;
2026/06/18;0100 UTC;0;975,1;975,1;975;0;6,2;5,5;6,4;6;5,6;5,1;97;95;96;80;2,3;1,4;
2026/06/18;0200 UTC;0;975;975,1;974,9;0;5,9;5;6,1;5,6;5,5;4,3;97;93;96;72;2,6;1,6;
2026/06/18;0300 UTC;0;975;975,1;974,9;0;5,2;4,1;5,8;4,4;4,4;3,3;98;92;94;62;2;1,3;
2026/06/18;0400 UTC;0;974,8;975;974,6;0;4,4;3,7;5;4,1;4,1;3;98;93;96;75;3,1;1,2;
2026/06/18;0500 UTC;0;974,3;974,6;974;0;4,7;4,2;5;4,1;4,5;3,4;98;96;97;64;4;2,4;
2026/06/18;0600 UTC;0;974;974,1;973,8;0;4,3;4,1;4,6;4,1;4,2;3,9;100;98;99;60;3,6;1,5;
2026/06/18;0700 UTC;0;973,6;973,8;973,4;0;4,2;4,1;4,6;3,6;4,6;3,3;100;98;99;56;3,9;1,8;
2026/06/18;0800 UTC;0;973,2;973,4;973;0;4;4;4,4;3,7;4,3;3,7;100;99;100;87;2,6;,8;
2026/06/18;0900 UTC;0;973;973,2;972,7;0;3,8;3,8;3,9;3,5;4;3,6;100;100;100;71;3,1;1;
2026/06/18;1000 UTC;0;972,8;972,9;972,7;0;4,2;4,2;4,4;3,6;4,5;3,6;100;100;100;72;4;1,8;
2026/06/18;1100 UTC;0;973;973,2;972,7;45,1;4,5;4,6;5,2;3,6;5,3;3,6;100;100;100;58;4;2,2;
2026/06/18;1200 UTC;0;973,4;973,5;973,2;372,5;5,5;5,5;6;5;6,1;5;100;100;100;193;2,4;1;
2026/06/18;1300 UTC;0;973,5;973,6;973,4;736,8;7,1;6,3;8,5;6,1;6,8;5,7;100;89;96;132;3,6;1,3;
2026/06/18;1400 UTC;0;973,3;973,5;973;1355;10;5,8;11,1;8,6;6,6;4,8;88;69;79;164;6,4;2,7;
2026/06/18;1500 UTC;0;972,7;973,1;972,3;1317,3;11,8;5,2;12,2;11,1;5,6;4,6;71;63;67;71;8,3;4;
2026/06/18;1600 UTC;0;972;972,4;971,6;727,2;12,1;5,9;12,3;11,9;6,3;5,4;70;67;69;140;6,2;2,3;
2026/06/18;1700 UTC;0;970,9;971,7;970,4;1016,7;12,8;6,5;13,6;12,3;7,1;6;70;65;68;88;8,1;3,2;
2026/06/18;1800 UTC;0;969,9;970,5;969,3;973,6;13,4;7;14;13,2;7,7;6,4;71;65;68;110;6,1;2,3;
2026/06/18;1900 UTC;0;968,6;969,3;968,2;939,2;14,4;7,3;14,9;13,7;7,7;6,7;69;61;65;79;6,1;2,7;
2026/06/18;2000 UTC;0;967,5;968,2;967;320,9;13,4;7,2;13,9;12,6;7,5;7;73;66;69;78;7,9;2,9;
2026/06/18;2100 UTC;0;967,1;967,5;966,8;21,3;11,9;7,9;12,6;11,6;8,3;7,3;84;73;80;229;3,1;1,4;
2026/06/18;2200 UTC;0;966,7;967,3;965,9;0;11,2;8,3;11,5;10,6;8,4;8,2;89;84;85;126;5,4;1,4;
2026/06/18;2300 UTC;0;965,4;965,8;965,1;0;10,8;8,5;11,4;10,6;8,6;8,1;90;84;88;106;6,4;2,4;
2026/06/19;0000 UTC;0;965,3;965,6;965;0;11,6;7,6;11,6;11,4;8,1;7,3;84;79;80;180;6,4;2,4;
2026/06/19;0100 UTC;0;964,8;965,3;964,1;0;11,3;7,3;11,5;11,1;7,4;7,2;81;79;80;148;4,5;1,6;
2026/06/19;0200 UTC;0;963,4;964,1;963;0;10,9;7,4;11,1;10,5;7,6;7,2;85;81;83;176;5,4;2,1;
2026/06/19;0300 UTC;0;963,3;963,5;962,9;0;11,2;7,7;11,4;10,9;8;7,4;83;82;83;235;4,8;1,9;
2026/06/19;0400 UTC;0;965,7;967;963;0;11,4;7,9;11,8;11,1;8,1;7,7;84;81;83;240;6,6;3,3;
2026/06/19;0500 UTC;0;966,5;966,8;966;0;10,6;8;11,1;10,5;8,2;7,8;88;84;87;247;4;2;
2026/06/19;0600 UTC;2,8;966,1;966,7;965,7;0;10,2;8,7;10,5;9,7;9,3;8,1;98;88;93;323;4,5;2,5;
2026/06/19;0700 UTC;3,5;964,6;965,6;963,3;0;9,7;9,7;10,3;9,5;10,3;9,4;100;98;100;309;6,4;3,9;
2026/06/19;0800 UTC;,6;962,2;963,3;961,5;0;10,5;10,5;10,7;10,2;10,7;10,2;100;100;100;325;9,3;5;
2026/06/19;0900 UTC;0;962,5;963;962,1;0;10,6;10,6;10,7;10,5;10,7;10,5;100;100;100;326;9,8;5,8;
2026/06/19;1000 UTC;0;963,1;963,4;962,7;0;11;10,8;11,3;10,6;10,9;10,7;100;98;99;320;9,3;6,1;
2026/06/19;1100 UTC;0;963,5;963,8;963,3;3,4;11,5;11,1;11,6;11,3;11,2;10,9;98;98;98;323;8,3;4,9;
2026/06/19;1200 UTC;0;963,9;964,2;963,7;32;11,4;11,3;11,5;11,4;11,5;11,2;100;99;100;323;7,1;4,4;
2026/06/19;1300 UTC;,2;964,2;964,4;963,9;75,3;11,7;11,7;12;11,4;12,1;11,5;100;100;100;311;7,4;3,1;
2026/06/19;1400 UTC;0;964,3;964,6;964,1;261,3;12,3;12,3;12,5;12;12,5;12,1;100;100;100;306;6,4;3,6;
2026/06/19;1500 UTC;0;964,3;964,6;964;174,5;12,8;12,4;12,9;12,5;12,5;12,2;100;96;98;279;8;4,5;
2026/06/19;1600 UTC;,2;964,3;964,6;964,2;136,8;12,3;11,9;12,9;11;12,3;10,7;99;96;98;246;10,3;4,4;
2026/06/19;1700 UTC;,4;964,4;964,6;964,2;287,7;10,5;10,4;11;10;10,7;10,1;100;98;99;254;9,8;4,9;
2026/06/19;1800 UTC;0;964,6;965;964,1;126,2;9,4;9,4;10;8,9;10;9;100;100;100;229;10,9;3,8;
2026/06/19;1900 UTC;0;965,3;965,6;965;117,7;9;8,8;9,1;8,9;9,1;8,3;100;96;99;230;8,5;3,9;
2026/06/19;2000 UTC;0;965,7;966,2;965,5;54,2;9,1;8,2;9,2;8,9;8,4;8;97;94;96;232;9;4,2;
2026/06/19;2100 UTC;,2;966,1;966,5;965,5;5,7;8,8;8,3;9;8,7;8,4;8,2;98;97;97;207;8,2;4,3;
2026/06/19;2200 UTC;0;966,7;967,1;966,2;0;8,5;8;8,7;8,2;8,3;7,8;98;97;97;226;6,1;2,6;
2026/06/19;2300 UTC;0;967,3;967,8;966,9;0;8,1;7,7;8,3;8;7,8;7,6;99;97;98;226;7,2;2,7;
2026/06/20;0000 UTC;0;968,3;968,6;967,4;0;8,2;7,7;8,3;8,1;7,8;7,6;98;97;97;227;5;2,3;
2026/06/20;0100 UTC;0;968,7;968,9;968,4;0;7,9;7,5;8,1;7,7;7,7;7,1;98;97;98;234;3,2;1,5;
2026/06/20;0200 UTC;0;969,1;969,4;968,8;0;7,1;6,7;7,7;6,6;7,1;6,3;99;97;98;208;3,1;1,1;
2026/06/20;0300 UTC;0;969,2;969,3;969;0;6,5;5,8;6,6;6,2;6,4;5,2;99;95;97;199;4,8;2,4;
2026/06/20;0400 UTC;0;969,1;969,3;968,9;0;5,9;5,2;6,2;5,6;5,4;5;97;95;96;204;4,3;2,4;
2026/06/20;0500 UTC;0;969,2;969,3;968,9;0;5,3;4,7;5,6;5,1;5;4,4;97;96;97;213;2,8;1,7;
2026/06/20;0600 UTC;0;968,9;969,3;968,7;0;5,1;4,2;5,3;4,5;4,4;3,3;97;94;96;205;2,8;1,2;
2026/06/20;0700 UTC;0;968,6;968,7;968,5;0;4,4;3,9;4,6;3,9;4,2;3,2;99;95;97;211;2,4;,8;
2026/06/20;0800 UTC;0;;;;0;4,6;3,8;4,7;4,1;4,1;3,4;98;95;96;0;3,2;2,1;
2026/06/20;0900 UTC;0;968;968;968;0;4,6;3,7;4,6;4,6;3,7;3,7;96;95;95;188;3,8;2,2;
2026/06/20;1000 UTC;0;968,3;968,4;968;0;4,5;3,5;4,6;4,1;3,7;3,3;97;95;95;186;3,1;1,7;
2026/06/20;1100 UTC;0;968,6;968,8;968,4;16,1;3,4;2,9;4,7;2,4;3,9;2,2;99;95;97;50;,7;,4;
2026/06/20;1200 UTC;0;969;969,2;968,7;446,5;4,9;3,9;6,7;2,7;5;2,5;100;87;95;129;2,3;,9;
2026/06/20;1300 UTC;0;969,5;969,7;969,2;891,5;7,2;4,9;7,8;6,6;5,5;4,6;91;86;89;183;2,7;1,8;
2026/06/20;1400 UTC;0;969,7;969,8;969,7;1431,4;8,6;5,3;9,3;7,8;6;4,3;90;75;84;151;4,5;2,4;
2026/06/20;1500 UTC;0;969,1;969,6;968,5;2405,1;9,9;4,7;10,7;9,1;5,7;3,8;80;67;74;101;4;2,1;
2026/06/20;1600 UTC;0;967,7;968,4;967,1;2140,9;11,3;4,3;11,9;10,6;4,9;3,3;71;59;65;120;3,8;1,4;
2026/06/20;1700 UTC;0;966,5;967,1;965,9;1796,1;11,6;4,3;12,2;10,9;5,3;3,5;69;59;63;158;4,2;1,9;
2026/06/20;1800 UTC;0;965,6;965,9;965,4;1715,5;12,1;3,9;12,6;11,6;4,6;3,2;63;55;59;102;3,8;1,9;
2026/06/20;1900 UTC;0;965,5;965,8;965,4;1199,3;12,3;4,4;12,7;11,8;5,2;3,7;64;58;61;78;3,7;1,9;
2026/06/20;2000 UTC;0;966;966,4;965,8;609;11,7;4,4;12,5;10,5;5;4;69;59;64;82;3,6;1,7;
2026/06/20;2100 UTC;0;966,5;966,7;966,4;31,9;9;4,4;10,5;8,2;4,7;4;80;70;77;83;3,6;1,7;
2026/06/20;2200 UTC;0;966,5;966,6;966,3;0;7,9;3,8;8,2;7,7;4,1;3,6;81;77;79;106;2,8;1,5;
2026/06/20;2300 UTC;0;966,8;967,2;966,5;0;5,9;4;7,7;4,9;4,3;3,7;96;80;90;48;2,2;1,5;
2026/06/21;0000 UTC;0;967,3;967,5;967,2;0;5,3;3,9;6;4,6;4,5;3,7;98;89;93;72;1,1;,5;
2026/06/21;0100 UTC;0;967,1;967,3;966,8;0;5,4;3,9;6;4,5;4,5;3,2;96;90;92;52;1,5;,4;
2026/06/21;0200 UTC;0;967,1;967,3;966,7;0;3,8;3,3;4,8;3,1;4,2;2,7;100;94;97;72;,6;,4;
2026/06/21;0300 UTC;0;966,4;966,8;966;0;3,2;3,1;4;2,4;4,1;2,2;100;98;99;139;1;,3;
2026/06/21;0400 UTC;0;966,1;966,3;966;0;3,4;3,5;4;2,7;4,1;2,7;100;100;100;247;1;,4;
2026/06/21;0500 UTC;0;965,8;966,2;965,5;0;3,3;3,3;3,7;2,8;3,8;2,8;100;100;100;271;1,8;,6;
2026/06/21;0600 UTC;0;966;966,2;965,7;0;2,9;2,8;3,3;2,5;3,3;2,3;100;98;99;217;1,8;1;
2026/06/21;0700 UTC;0;966,2;966,5;966;0;2,3;2,1;2,8;1,9;2,6;1,6;100;98;99;228;1,3;,6;
2026/06/21;0800 UTC;0;966,1;966,3;966;0;2,3;2,4;2,7;2,2;2,7;2,1;100;100;100;183;,7;,5;
2026/06/21;0900 UTC;0;966,3;966,5;966,1;0;2,5;2,5;2,6;2,2;2,7;2,2;100;100;100;136;,5;,2;
2026/06/21;1000 UTC;0;966,8;967,2;966,4;0;2,2;2,2;2,6;1,9;2,6;2;100;100;100;155;,5;,2;
2026/06/21;1100 UTC;0;967,3;967,4;967,2;33,2;2,4;2,5;3;1,9;3;2;100;100;100;222;,4;,2;
2026/06/21;1200 UTC;0;967,3;967,5;967,2;444,2;5;5;7,2;3;7,3;3,1;100;100;100;57;1;,5;
2026/06/21;1300 UTC;0;967,5;967,8;967,3;836,6;8;5,8;9,4;7,1;7,3;4,5;100;80;89;92;1,4;,7;
2026/06/21;1400 UTC;0;967,6;967,9;966,9;1304,4;9,2;5,9;9,8;8,8;6,4;5,2;88;80;84;51;4,2;2,1;
2026/06/21;1500 UTC;0;966,7;967;966,2;1511,9;10,2;5,7;10,7;9,8;6,7;4,4;84;71;78;207;4,2;2,1;
2026/06/21;1600 UTC;0;965,5;966,3;964,9;1234,2;10,7;5,6;11,1;10,1;6;5,2;78;72;75;283;4,4;2,1;
2026/06/21;1700 UTC;0;965,3;965,4;965,2;1087,8;11;5,2;11,5;10,7;5,6;4,5;73;68;71;304;3;1,7;
2026/06/21;1800 UTC;0;965,5;965,6;965,2;869,5;11,2;5,4;11,7;11,1;6;4,7;74;66;71;313;4,3;2,1;
2026/06/21;1900 UTC;0;965,5;965,7;965,4;693,1;11,3;4,7;12,2;11,1;5,6;4,3;71;63;67;283;3,8;1,7;
2026/06/21;2000 UTC;0;965,7;965,9;965,4;307,3;10,8;5,1;11,1;10,3;5,9;4,7;78;68;72;58;1,6;,9;
2026/06/21;2100 UTC;0;965,4;965,6;965,3;41,3;9,3;5,3;10,2;8,7;6,4;4,8;84;77;80;75;2,9;1,3;
2026/06/21;2200 UTC;0;965,5;965,8;965,4;0;8;4,9;8,7;7,6;5,4;4,5;89;80;84;151;3,1;2;
2026/06/21;2300 UTC;0;965,3;965,9;964,6;0;7,5;6,1;8,1;7,1;6,5;5,5;95;89;93;93;4,6;1,7;
2026/06/22;0000 UTC;0;965,3;965,8;964,8;0;7,8;6,3;8,2;7,4;6,5;6,2;95;90;93;144;2,6;1,2;
2026/06/22;0100 UTC;0;965,6;966;965,1;0;7,3;6,5;7,4;7,2;6,6;6,4;97;95;96;168;1,7;,8;
2026/06/22;0200 UTC;0;965,4;965,9;965,2;0;7,3;6,6;7,5;7,2;6,7;6,4;97;96;96;171;1,8;,8;
2026/06/22;0300 UTC;0;965,6;965,9;965,2;0;7,4;6,7;7,6;7,3;6,8;6,6;97;95;96;196;1,2;,4;
2026/06/22;0400 UTC;0;965,1;965,7;964,8;0;7,3;6,5;7,5;7,2;6,7;6,2;97;93;96;134;2,1;1,2;
2026/06/22;0500 UTC;0;965,1;965,9;964,7;0;7,6;6,4;7,7;7,5;6,7;6;96;92;94;145;2,8;1;
2026/06/22;0600 UTC;,6;965,8;966,3;965,2;0;7,4;6,9;7,5;7,2;7;6,6;99;96;98;125;2,5;1,2;
2026/06/22;0700 UTC;1,4;966,1;966,7;965,3;0;7,2;7,1;7,3;7;7,2;7;100;99;99;141;3,2;1,9;
2026/06/22;0800 UTC;,8;964,9;965,8;964,3;0;6,9;7;7,1;6,8;7,1;6,9;100;100;100;146;4,3;2,5;
2026/06/22;0900 UTC;,6;964;964,6;963,5;0;6,8;6,9;6,9;6,8;6,9;6,8;100;100;100;86;2,6;1,1;
2026/06/22;1000 UTC;,6;964,1;964,9;963,6;0;6,9;6,9;6,9;6,8;7;6,9;100;100;100;91;3;1,2;
2026/06/22;1100 UTC;,2;963,6;964,2;963,1;1;6,9;7;6,9;6,8;7;6,9;100;100;100;110;2,7;1,6;
2026/06/22;1200 UTC;,4;963,7;964,3;962,9;33,9;6,9;6,9;7;6,8;7;6,9;100;100;100;101;3,2;1,6;
2026/06/22;1300 UTC;,2;963,7;964;963,1;186,4;7;7;7,1;6,9;7,2;7;100;100;100;147;2,7;1,5;
2026/06/22;1400 UTC;,2;963,9;964,2;963,3;277;7,2;7,2;7,5;7;7,3;6,9;100;98;100;168;3,2;1,8;
2026/06/22;1500 UTC;0;962,7;963,3;962,4;778,4;8,2;7,4;8,5;7,5;7,9;7;98;94;96;190;5,6;2,9;
2026/06/22;1600 UTC;0;962,6;962,8;962,5;258;7,9;7,1;8,1;7,8;7,4;6,7;97;95;96;220;5,3;1,9;
2026/06/22;1700 UTC;0;962,3;962,6;962;310,1;8,1;7,3;8,3;7,9;7,6;7;97;95;96;224;4,3;1,8;
2026/06/22;1800 UTC;0;962,3;962,4;962;323,6;7,8;6,6;8,3;7,6;7,5;6;96;92;94;232;5,8;2,4;
2026/06/22;1900 UTC;0;962,5;962,7;962,4;336,6;7,8;6,1;8;7,7;6,6;5,6;94;89;91;236;6,1;2,6;
2026/06/22;2000 UTC;0;962,9;963,3;962,6;362,8;8,1;4,8;8,5;7,5;6,4;3;92;73;83;220;8,6;3,7;
2026/06/22;2100 UTC;0;963,6;963,8;963,3;41,3;7;4,1;7,5;6,6;4,5;3,3;90;79;86;228;5,4;2,2;
2026/06/22;2200 UTC;0;964,1;964,3;963,8;0;6,6;4,2;6,7;6,4;4,6;4;90;87;88;238;5,9;2,4;
2026/06/22;2300 UTC;0;964,5;965;964,3;0;6,2;4,6;6,4;6;5;4,2;95;89;92;243;4,4;2,3;
2026/06/23;0000 UTC;0;965,1;965,3;964,8;0;6;5,2;6,2;5,9;5,6;5;97;94;96;257;5,4;2,3;
2026/06/23;0100 UTC;0;965,4;965,5;965,2;0;6,2;5,6;6,3;6,2;5,7;5,5;97;96;97;254;5,6;2,8;
2026/06/23;0200 UTC;0;965,7;965,9;965,5;0;6,4;5,6;6,5;6,2;5,7;5,5;97;96;96;263;6,8;3,8;
2026/06/23;0300 UTC;0;965,8;966;965,7;0;6;5,3;6,3;5,7;5,6;5;97;96;96;257;7,6;3,6;
2026/06/23;0400 UTC;0;965,4;965,7;965;0;5,2;4,7;5,7;4,7;5;4,4;98;96;97;245;6,4;3,2;
2026/06/23;0500 UTC;0;965,3;965,6;965,1;0;4,4;4;4,7;4,2;4,4;3,7;98;96;98;253;6,6;3,2;
2026/06/23;0600 UTC;0;965,7;965,8;965,6;0;4,1;3,4;4,4;3,8;3,7;3,2;97;96;96;253;5,5;2,6;
2026/06/23;0700 UTC;0;965,8;965,9;965,8;0;3,7;3,3;3,9;3,7;3,4;3,2;98;97;98;257;5,4;2,4;
2026/06/23;0800 UTC;0;966;966,1;965,9;0;3,9;3,6;4;3,8;3,8;3,4;99;98;99;271;7,4;3,5;
2026/06/23;0900 UTC;0;966,3;966,6;966;0;3,8;3,6;4;3,6;3,9;3,3;99;98;99;264;7,1;3,8;
2026/06/23;1000 UTC;0;966,7;966,8;966,4;0;3,4;3,1;3,6;3,4;3,3;2,9;98;98;98;257;6,2;2,6;
2026/06/23;1100 UTC;0;966,9;967,1;966,8;26;3,5;2,9;3,6;3,4;3;2,9;98;97;97;270;5,9;3,4;
2026/06/23;1200 UTC;0;967;967,2;966,8;434,5;3,9;2,8;4,2;3,6;3,1;2,4;97;92;95;243;6,7;3,2;
2026/06/23;1300 UTC;0;967;967,2;966,8;918,2;4,7;2,5;5,1;4,2;3;2;92;84;89;245;7,2;3,4;
2026/06/23;1400 UTC;0;967,4;967,6;967,1;1161,4;5,6;1,8;6,7;5,1;2,5;1,4;85;77;81;242;8,7;3,8;
2026/06/23;1500 UTC;0;967,5;967,7;967,3;1030,2;6,1;1,1;6,8;5,9;1,8;,7;78;73;75;252;9,1;4,6;
2026/06/23;1600 UTC;0;967,4;967,6;967,1;1456,9;6,9;1,3;7,4;6,4;2;,8;74;70;72;246;8;4,2;
2026/06/23;1700 UTC;0;966,7;967,1;966,4;2120,1;8,2;1,8;8,9;6,7;2,4;1,1;75;63;68;257;8,2;4,1;
2026/06/23;1800 UTC;0;966,4;966,6;966,1;1511,1;8,5;1,3;9,2;7,7;2;,8;67;61;64;241;9,7;4,5;
2026/06/23;1900 UTC;0;966,4;966,6;966,1;702,7;8,2;1,1;8,8;7,8;1,8;,5;66;63;64;260;7,1;3,9;
2026/06/23;2000 UTC;0;966,9;967,4;966,5;291,6;8;1,1;8,4;7,7;1,6;,8;68;64;66;268;7,7;3,4;
2026/06/23;2100 UTC;0;967,6;967,9;967,4;48,3;7,3;,8;7,7;6,7;1,1;,6;70;65;67;261;5,4;2,4;
2026/06/23;2200 UTC;0;968,1;968,4;967,8;0;5,9;,8;6,6;5,4;1;,7;77;71;75;271;4;1,2;
2026/06/23;2300 UTC;0;968,7;968,9;968,4;0;4,8;,9;5,5;4,2;1,2;,8;84;77;80;273;2,7;1,4;
2026/06/24;0000 UTC;0;969;969,2;968,8;0;4,7;,9;4,9;4,5;1,1;,7;83;80;81;251;2,9;1,1;
2026/06/24;0100 UTC;0;968,9;969,2;968,7;0;4,6;,9;5;4,2;1;,8;83;79;81;247;3,1;1,2;
2026/06/24;0200 UTC;0;968,7;968,7;968,6;0;4;,6;4,2;3,5;,8;,3;84;82;83;247;2,4;1;
2026/06/24;0300 UTC;0;968,5;968,7;968,4;0;3,4;,4;3,6;3,3;,5;,3;86;84;85;255;3,4;1,4;
2026/06/24;0400 UTC;0;968,5;968,5;968,4;0;2,5;,3;3,5;1,2;,5;,1;96;84;89;321;1,6;,6;
2026/06/24;0500 UTC;0;968,5;968,6;968,5;0;,8;,4;1,3;,5;1,1;,1;100;96;98;309;2,5;1,1;
2026/06/24;0600 UTC;0;968,6;968,6;968,5;0;1,3;,3;1,5;1,2;,6;,1;97;93;95;308;3;1,4;
2026/06/24;0700 UTC;0;968,5;968,6;968,4;0;1,7;,2;1,9;1,4;,3;,1;94;91;92;305;3,2;1,1;
2026/06/24;0800 UTC;0;968,2;968,5;968;0;1,9;,3;2,1;1,8;,3;,2;92;91;92;306;3,4;1,8;
2026/06/24;0900 UTC;0;968;968,1;967,9;0;2,1;,2;2,6;2;,3;,1;92;87;90;311;3,8;2;
2026/06/24;1000 UTC;0;968;968,1;967,8;0;2,8;0;3,2;2,6;,1;-,2;87;83;86;317;5,1;2,4;
2026/06/24;1100 UTC;0;968,5;968,7;968,1;15,5;3,7;,2;4;3,2;,7;-,1;84;82;82;302;4,8;2,3;
2026/06/24;1200 UTC;0;968,9;969,1;968,7;219,1;4,4;,9;4,7;4;1,5;,5;84;81;82;289;4,9;2,8;
2026/06/24;1300 UTC;0;969,1;969,2;969;580,8;5,1;1,3;6,2;4,6;2;1;83;75;81;291;6;3,2;
2026/06/24;1400 UTC;0;969,2;969,3;968,9;1072,2;7;1,8;8,5;6;2,4;1,3;78;66;74;286;5,4;2,2;
2026/06/24;1500 UTC;0;968,7;968,9;968,3;1918,1;9,4;1,8;10,4;8,4;2,5;1,3;66;56;62;279;6,7;3,5;
2026/06/24;1600 UTC;0;967,9;968,4;967,2;2027,5;10,6;2,1;11,2;10,2;2,9;1,5;61;52;57;301;9;4,9;
2026/06/24;1700 UTC;0;966,9;967,3;966,6;1591,5;11;1,8;11,7;10,1;2,3;1,3;58;50;54;269;8;3,5;
2026/06/24;1800 UTC;0;966,4;966,6;966,2;1583;11;1,5;11,5;10,3;2;1;56;49;52;287;10,8;6,1;
2026/06/24;1900 UTC;0;966,4;966,7;966,2;1077,8;10,7;1,2;11,3;10,4;1,7;,7;56;49;53;279;8,4;4,2;
2026/06/24;2000 UTC;0;966,7;967,1;966,5;492,6;9,9;1,5;10,6;9,3;1,9;1,1;61;55;58;268;7;3,5;
2026/06/24;2100 UTC;0;967,3;967,7;967,1;57,2;8,4;1,9;9,6;7,3;2;1,7;73;61;68;277;2,9;1,5;
2026/06/24;2200 UTC;0;968;968,2;967,7;0;6,7;1,8;7,3;5,7;2,1;1,7;81;73;75;282;2;1,1;
2026/06/24;2300 UTC;0;968,4;968,5;968,2;0;5;2,1;5,7;4,6;2,5;1,8;89;81;85;275;1,7;1,1;
2026/06/25;0000 UTC;0;968,6;968,7;968,4;0;4,6;2,1;5;4,3;2,5;1,8;90;84;88;296;1,4;,8;
2026/06/25;0100 UTC;0;969,1;969,4;968,8;0;5,7;1,5;6,6;4,5;2,3;1,1;89;74;79;261;2,3;1;
2026/06/25;0200 UTC;0;969,7;969,9;969,4;0;6,4;1,6;6,6;6,1;2;1,4;79;74;76;245;2,1;1;
2026/06/25;0300 UTC;0;970,1;970,1;969,9;0;5,5;2;6,3;4,4;2,4;1,6;90;77;82;262;1,4;,4;
2026/06/25;0400 UTC;0;970;970,1;969,8;0;4,2;2,6;4,5;4;3;2,2;93;89;92;271;,7;,3;
2026/06/25;0500 UTC;0;970,2;970,5;970;0;4,1;2,8;4,4;3,5;3,2;2,4;95;92;93;127;,9;,4;
2026/06/25;0600 UTC;0;970,5;970,7;970,5;0;2,9;2,2;3,4;2,2;2,6;1,6;97;94;96;210;,7;,4;
2026/06/25;0700 UTC;0;970,6;970,8;970,5;0;2;1,7;2,2;1,8;1,9;1,4;100;97;99;249;1,2;,5;
2026/06/25;0800 UTC;0;971,3;971,7;970,7;0;2,1;2,1;2,2;1,9;2,3;1,8;100;100;100;330;2;1,1;
2026/06/25;0900 UTC;0;971,9;972,2;971,7;0;2;2;2,1;1,8;2,2;1,8;100;100;100;57;2,2;1,1;
2026/06/25;1000 UTC;0;972,4;972,9;972;0;2,2;1,9;2,5;2;2,4;1,4;100;97;98;35;1,7;1;
2026/06/25;1100 UTC;0;973;973,1;972,9;13,3;1,7;1,3;2,1;1,3;1,8;1;99;97;98;27;1,1;,6;
2026/06/25;1200 UTC;0;973,3;973,4;973,2;517,1;4;2,2;6,7;1,5;3,4;1,2;99;77;91;319;4,7;2,5;
2026/06/25;1300 UTC;0;973,4;973,6;973,2;1096,7;7,9;2,5;8,7;6,8;2,9;2;77;70;73;315;7,2;3,7;
2026/06/25;1400 UTC;0;973,6;973,7;973,4;1621,6;9,9;3,7;11,1;8,7;4,7;2,7;72;66;69;299;7,8;3,9;
2026/06/25;1500 UTC;0;973,7;973,8;973,4;1893,7;11,9;5;12,9;11;5,8;4,2;68;63;65;293;7,8;4,2;
2026/06/25;1600 UTC;0;973;973,5;972,3;2060,7;13,4;5,7;14;12,6;6,2;5,3;65;58;61;302;10,2;5;
2026/06/25;1700 UTC;0;971,6;972,4;971;1970,1;14,1;5,6;14,7;13,6;6,1;5;61;54;58;301;7,1;4;
2026/06/25;1800 UTC;0;971;971,2;970,8;1672,9;14,6;5,5;15;14,2;6,2;4,9;58;53;55;300;10,2;4,7;
2026/06/25;1900 UTC;0;971,1;971,3;970,9;1070,2;14,4;5,1;14,7;13,9;5,5;4,7;56;50;54;303;7,8;4,2;
2026/06/25;2000 UTC;0;971,4;971,7;971,1;528,5;13,9;5,1;14,4;13,2;5,5;4,7;59;54;56;306;8,8;3,9;
2026/06/25;2100 UTC;0;971,8;971,9;971,7;61;12,1;4,9;13,2;10,9;5,1;4,7;70;60;64;321;5,7;3;
2026/06/25;2200 UTC;0;971,9;972;971,8;0;10,2;4,8;10,9;9,6;4,9;4,8;76;70;73;322;4,4;2,9;
2026/06/25;2300 UTC;0;972,2;972,3;972;0;9,3;4,8;9,6;9;4,9;4,7;79;76;77;322;5,1;3,6;
2026/06/26;0000 UTC;0;972,3;972,4;972,1;0;8,7;4,6;9,1;8,2;4,7;4,5;82;78;79;326;5,7;3,8;
2026/06/26;0100 UTC;0;972,3;972,3;972,2;0;8;4,6;8,3;7,8;4,6;4,5;84;82;83;321;7,4;4,7;
2026/06/26;0200 UTC;0;972,3;972,4;972,1;0;8,2;4,6;8,4;8,1;4,7;4,5;83;81;82;321;9;4,4;
2026/06/26;0300 UTC;0;972,5;972,5;972,4;0;7,6;4,4;8,2;7,3;4,5;4,3;85;82;84;325;6,4;4,3;
2026/06/26;0400 UTC;0;972,3;972,4;972,2;0;7,4;4,2;7,4;7,2;4,3;4,2;85;84;84;322;6,3;3,8;
2026/06/26;0500 UTC;0;972,2;972,3;972;0;7;4,1;7,3;6,6;4,2;4;87;84;86;324;5,3;3,3;
2026/06/26;0600 UTC;0;971,9;972;971,7;0;6,5;3,9;6,8;6,1;4,1;3,8;89;86;87;314;4,2;2,3;
2026/06/26;0700 UTC;0;971,6;971,8;971,4;0;6,5;3,8;7,4;6,1;3,9;3,8;89;82;87;308;6;3,4;
2026/06/26;0800 UTC;0;971,4;971,5;971,3;0;7,5;3,9;7,8;7,2;3,9;3,8;83;80;82;290;5,7;3,1;
2026/06/26;0900 UTC;0;971,5;971,9;971,3;0;6,8;3,8;7,1;6,3;3,8;3,7;87;83;85;295;3,8;1,2;
2026/06/26;1000 UTC;0;972,4;972,9;971,9;0;5,4;3,6;6,4;4,3;3,8;3,4;96;86;91;137;1,1;,4;
2026/06/26;1100 UTC;0;973,1;973,3;972,9;18;4;3,4;4,3;3,7;3,7;3,2;98;96;97;282;2,3;,8;
2026/06/26;1200 UTC;0;973,6;973,7;973,3;500,3;6,1;4;8,9;3,9;4,5;3,5;98;77;89;177;1,2;,3;
2026/06/26;1300 UTC;0;974;974,3;973,7;1090,4;9,6;5,3;10,7;8,7;6;4,5;81;75;78;299;4,6;2,6;
2026/06/26;1400 UTC;0;974,3;974,4;974,2;1628,9;11,9;6,3;12,9;10,7;6,8;5,6;76;67;72;299;5,4;3;
2026/06/26;1500 UTC;0;974,2;974,4;974;1955;13,4;6,5;13,8;12,9;7;6,2;68;63;65;274;5,7;3,2;
2026/06/26;1600 UTC;0;973,7;974;973,3;2075,1;14;6,7;14,6;13,6;7,2;6,3;67;61;63;260;5,4;2,4;
2026/06/26;1700 UTC;0;972,8;973,3;972,4;1981,7;14,8;6,9;15,2;14,4;7,4;6,5;64;58;60;286;4,8;2,8;
2026/06/26;1800 UTC;0;972,3;972,4;972,2;1633,7;15,4;7,4;16,1;14,8;8,2;6,9;63;57;60;292;3,4;1,5;
2026/06/26;1900 UTC;0;972,2;972,3;972;1065,4;15,6;7,5;16,1;14,8;8;6,9;63;56;59;128;3,1;1,6;
2026/06/26;2000 UTC;0;972,2;972,3;972;554,3;15,2;7,5;15,6;14,8;7,9;7,3;64;60;61;122;1,6;,7;
2026/06/26;2100 UTC;0;972,7;972,9;972,3;54;12,7;7,6;14,9;10,8;8,3;7,1;83;63;75;71;1,3;,5;
2026/06/26;2200 UTC;0;973;973,3;972,9;0;9,4;7;10,7;8,7;7,2;6,8;91;83;88;231;1,3;,6;
2026/06/26;2300 UTC;;;;;;;;;;;;;;;;;;
2026/06/27;0000 UTC;0;973,9;974;973,8;0;7,4;6,2;8,1;6,9;6,6;6;96;91;94;145;1,2;,3;
2026/06/27;0100 UTC;0;973,9;974;973,7;0;6,5;5,8;7,2;6,2;6;5,5;98;94;96;143;,7;,3;
2026/06/27;0200 UTC;0;973,6;973,8;973,5;0;6,9;5,7;7,2;6,4;6,3;5,4;98;91;94;139;1,3;,5;
2026/06/27;0300 UTC;0;973,6;973,7;973,5;0;7,5;5,5;8,1;7,1;5,8;5,2;92;87;90;192;1,7;,5;
2026/06/27;0400 UTC;0;973,4;973,5;973,3;0;5,9;4,8;7,1;4,8;5,9;4;99;91;94;268;1,1;,6;
2026/06/27;0500 UTC;0;973,3;973,4;973,2;0;4,8;4,7;5,4;4,2;5,4;4;100;98;99;314;1,6;,7;
2026/06/27;0600 UTC;0;973;973,4;972,7;0;4,9;4,9;5,7;4,1;5,7;4,2;100;100;100;112;1,7;,7;
2026/06/27;0700 UTC;0;972,5;972,7;972,3;0;5,4;5,5;5,9;4,9;6;5;100;98;100;194;2,6;1,3;
2026/06/27;0800 UTC;0;972,2;972,4;972;0;4,7;4,6;5,5;4,2;5,1;4,2;100;98;99;36;1,1;,7;
2026/06/27;0900 UTC;0;972,1;972,2;972;0;4,2;4,2;4,6;3,7;4,6;3,7;100;100;100;50;,7;,4;
2026/06/27;1000 UTC;0;972,5;972,6;972,2;0;4,1;4;4,3;3,8;4,3;3,7;100;99;100;37;1,4;,7;
2026/06/27;1100 UTC;0;972,7;972,8;972,5;26,6;4,1;3,9;4,6;3,7;4,6;3,6;100;98;99;116;1,1;,4;
2026/06/27;1200 UTC;0;972,7;972,8;972,7;601,5;6,8;5,9;9,2;4,2;7,6;3,9;99;88;95;263;,6;,3;
2026/06/27;1300 UTC;0;972,8;973;972,6;1244;11,2;6,1;12,9;9,3;7,6;4,6;88;62;74;156;2,1;,7;
2026/06/27;1400 UTC;0;972,8;973;972,5;1625,6;13,3;4,8;14,4;12,1;5,8;4,1;67;50;58;57;4,3;2,1;
2026/06/27;1500 UTC;0;972,2;972,5;972;1968;15,5;5,7;16,3;14,4;6,6;4,6;54;48;51;221;3,8;2,1;
2026/06/27;1600 UTC;0;971,5;971,9;971;2081,9;16,6;6,3;17,2;16;7,2;5,7;52;46;48;101;4,6;1,9;
2026/06/27;1700 UTC;0;970,6;971;970,2;1968,3;17,5;7,1;17,8;17,1;7,9;6,4;51;46;48;79;4,1;2;
2026/06/27;1800 UTC;0;969,8;970,2;969,5;1674,5;18;7,8;18,4;17,8;8,5;7,1;53;46;49;72;4,9;2,6;
2026/06/27;1900 UTC;0;969,1;969,5;968,7;1149,5;17,9;8,3;18,2;17,7;8,7;7,9;54;50;52;92;4,2;1,7;
2026/06/27;2000 UTC;0;968,9;969;968,7;482,9;17,1;8,1;18;15,5;8,7;7,4;60;51;55;66;3,9;1,9;
2026/06/27;2100 UTC;0;968,9;969,1;968,6;26,9;14,3;8;15,4;13,6;8,7;7,3;76;60;68;69;1,9;,9;
2026/06/27;2200 UTC;0;968,8;968,9;968,3;0;13,5;9;13,7;13,2;9,3;8,8;80;75;77;73;3,5;1,7;
2026/06/27;2300 UTC;0;968,8;969;968,7;0;13;9,1;13,2;12,9;9,4;8,9;82;79;80;59;4,2;2,2;
2026/06/28;0000 UTC;0;968,8;969;968,3;0;12,8;9,5;12,9;12,7;9,6;9,4;84;82;83;64;3,4;1,8;
2026/06/28;0100 UTC;0;968,6;968,7;968,5;0;12,4;9,8;12,7;12,3;10;9,5;88;84;87;55;3,4;1,9;
2026/06/28;0200 UTC;0;968,1;968,5;967,8;0;11,8;9,9;12,3;11;10;9,5;93;88;91;122;2,6;1;
2026/06/28;0300 UTC;0;967,9;968;967,7;0;11;10;11,4;10,7;10,4;9,6;96;93;95;215;2,6;,7;
2026/06/28;0400 UTC;0;967,4;967,8;967,2;0;11;10,2;11,4;10,7;10,5;9,9;98;95;96;327;4;1,8;
2026/06/28;0500 UTC;0;967,1;967,4;966,6;0;12,5;10,5;13;11,5;10,7;10,3;95;87;90;247;2,4;1,3;
2026/06/28;0600 UTC;0;966,2;966,6;965,9;0;13,1;10,6;13,4;12,9;10,8;10,5;88;87;87;304;2,4;1,5;
2026/06/28;0700 UTC;0;965,8;966;965,2;0;13,6;11,2;13,8;13,3;11,6;10,9;89;87;88;324;4;1,9;
2026/06/28;0800 UTC;0;965,2;965,4;964,9;0;13,6;11,4;13,7;13,4;11,5;11,2;90;87;89;324;5,2;2,9;
2026/06/28;0900 UTC;0;964,8;965,1;964,3;0;13,2;12,2;13,6;12,9;12,5;11,4;98;89;95;324;3,7;2;
2026/06/28;1000 UTC;,2;964,9;965,2;964,7;0;13,4;13,2;13,6;13;13,4;12,6;99;98;99;216;2;,9;
2026/06/28;1100 UTC;,2;965,8;966,3;965,2;,5;13,3;13,1;13,5;13;13,4;12,7;99;98;99;321;4,9;2,9;
2026/06/28;1200 UTC;,4;966,6;966,8;966,2;12,6;12,7;12,7;12,9;12,6;12,8;12,6;100;99;100;310;5,5;3;
2026/06/28;1300 UTC;,4;966,6;966,8;966,4;135,9;13,3;13,4;13,9;12,8;14;12,8;100;100;100;305;3,9;2;
2026/06/28;1400 UTC;0;966,5;966,7;966,2;141,9;13,9;14;14,1;13,8;14,1;13,8;100;100;100;309;4,4;2,2;
2026/06/28;1500 UTC;0;965,9;966,5;965,6;183,6;14,2;14,3;14,5;13,9;14,6;14;100;100;100;294;3,8;2;
2026/06/28;1600 UTC;0;964,4;965,5;963,6;420,6;14,7;14,8;15;14,5;15;14,6;100;100;100;307;4,1;2,4;
2026/06/28;1700 UTC;,2;963,9;964,2;963,6;206,3;14,7;14,6;15;14,2;14,9;14,1;100;99;99;262;6,2;2,7;
2026/06/28;1800 UTC;,4;963,5;963,8;963,3;192,5;13,6;13,6;14,2;13,2;14,2;13;100;99;100;251;5;2,2;
2026/06/28;1900 UTC;0;963,4;963,7;963,2;217;13;12,6;13,2;12,8;13,1;11,9;100;95;98;254;7;3,3;
2026/06/28;2000 UTC;0;964;964,2;963,7;239,8;13,2;12,2;13,6;13;12,4;11,6;97;90;95;266;6,2;2,9;
2026/06/28;2100 UTC;0;964,4;964,6;964,1;85,4;13;11,2;13,6;12,7;11,8;10,3;92;88;91;249;4;2;
2026/06/28;2200 UTC;0;964,7;964,9;964,6;0;12,4;9,7;12,7;12,2;10,2;9,4;88;85;86;221;4,5;1,7;
2026/06/28;2300 UTC;0;965,4;965,9;964,9;0;11,8;9,2;12,2;11,6;9,4;8,9;88;86;87;221;7,5;3,6;
2026/06/29;0000 UTC;0;966,1;966,3;965,9;0;11,2;8,2;11,8;10,5;8,8;7,9;89;84;85;223;9;3,9;
2026/06/29;0100 UTC;0;966,7;967,1;966,3;0;10;8,6;10,5;9,7;8,7;8,5;95;90;93;215;7;3,4;
2026/06/29;0200 UTC;0;967,6;967,8;967,1;0;9,5;8,6;9,7;9,2;8,7;8,5;97;95;96;209;6,2;3,5;
2026/06/29;0300 UTC;0;968,2;968,6;967,8;0;8,9;8,4;9,1;8,4;8,6;8,1;99;97;98;220;4,5;2,1;
2026/06/29;0400 UTC;0;968,8;969;968,6;0;8,1;8,1;8,4;8;8,2;8,1;100;99;100;214;1,8;,6;
2026/06/29;0500 UTC;0;969;969,1;968,9;0;7,8;7,9;8;7,5;8,1;7,6;100;100;100;199;3;1,5;
2026/06/29;0600 UTC;0;968,8;969,1;968,6;0;7,2;7,3;7,5;7;7,5;7;100;100;100;201;3,7;1,9;
2026/06/29;0700 UTC;0;968,9;969;968,8;0;7,1;7,2;7,3;6,9;7,4;7;100;100;100;196;4,4;2,5;
2026/06/29;0800 UTC;0;969,1;969,3;969;0;6,6;6,6;6,9;6,1;7;6,2;100;100;100;216;3,7;2;
2026/06/29;0900 UTC;0;969,4;969,6;969,2;0;6,1;6,2;6,2;6,1;6,3;6,1;100;100;100;188;4,3;2,7;
2026/06/29;1000 UTC;,2;969,5;969,6;969,4;0;6;6,1;6,2;5,7;6,2;5,7;100;100;100;176;6,6;3,8;
2026/06/29;1100 UTC;0;969,9;970,4;969,3;12,4;5,8;5,9;5,9;5,7;6;5,8;100;100;100;186;4,8;2,8;
2026/06/29;1200 UTC;0;970,9;971,3;970,4;190,6;5,8;5,9;6;5,6;6,1;5,7;100;100;100;192;2;,9;
2026/06/29;1300 UTC;0;971,8;972,1;971,4;489,1;5,8;5,9;6;5,7;6,1;5,7;100;100;100;307;3;1,5;
2026/06/29;1400 UTC;0;972,1;972,3;971,9;1104;6,8;6,2;7,7;5,9;6,8;5,7;100;92;97;282;2,4;1;
2026/06/29;1500 UTC;0;972;972,2;971,6;1825,5;8,9;5,6;9,9;7,5;6,4;4,6;93;77;84;247;3,8;2,1;
2026/06/29;1600 UTC;0;971,1;971,7;970,5;2070,7;10,5;5,7;11,8;9,8;6,4;5,1;82;70;76;259;3,1;1,1;
2026/06/29;1700 UTC;0;970,2;970,5;969,9;2020,9;11,9;5,7;12,5;11,4;6,4;4,9;74;65;69;195;2,9;1,5;
2026/06/29;1800 UTC;0;969,8;970;969,6;1726,1;13;5,3;13,2;12,4;6,1;4,7;66;58;62;281;3,2;1,7;
2026/06/29;1900 UTC;0;969,5;969,6;969,4;1186,2;13,5;5,6;14,1;13;6,5;4,9;65;58;61;222;3,1;1,2;
2026/06/29;2000 UTC;0;969,7;970;969,6;555,2;12,4;6,7;13,3;11,3;7,2;5,8;78;64;72;211;3,8;2,1;
2026/06/29;2100 UTC;0;970,1;970,4;970;65,4;10,1;6,8;11,3;9;6,9;6,7;88;78;83;205;4,1;2,5;
2026/06/29;2200 UTC;0;970,7;971;970,4;0;8,4;6,5;9;7,8;6,7;6,2;92;88;90;193;3;1,8;
2026/06/29;2300 UTC;0;971,1;971,2;971;0;7,2;5,9;7,8;6,1;6,3;5,3;97;91;94;176;1,4;1;
2026/06/30;0000 UTC;0;971,1;971,3;971;0;6,5;6;6,9;5,7;6,4;5,1;100;96;97;152;2,2;1,5;
2026/06/30;0100 UTC;0;971,2;971,4;971;0;6,3;5,9;6,5;6,1;6;5,8;99;97;98;141;1,7;1,3;
2026/06/30;0200 UTC;0;971,2;971,3;971,1;0;5,7;5,5;6,2;4,7;6,1;4,5;100;99;99;120;1,2;,6;
2026/06/30;0300 UTC;0;971,5;971,6;971,3;0;4,5;4,6;5,1;4,2;5,2;4,3;100;99;100;148;,6;,5;
2026/06/30;0400 UTC;0;971,3;971,5;971,1;0;4,3;4,4;4,8;3,9;4,8;4;100;100;100;173;,7;,4;
2026/06/30;0500 UTC;0;970,7;971,1;970,4;0;4,4;4,5;5;3,8;5;3,9;100;100;100;166;1,4;,6;
2026/06/30;0600 UTC;0;970,3;970,5;970,1;0;3,7;3,8;4,2;3,3;4,3;3,4;100;100;100;102;1,2;,7;
2026/06/30;0700 UTC;0;970,1;970,2;970,1;0;3,8;3,8;4,4;2,9;4,5;2,9;100;100;100;172;,9;,6;
2026/06/30;0800 UTC;0;969,9;970,1;969,6;0;2,8;2,9;3;2,5;3,1;2,5;100;100;100;91;,5;,3;
2026/06/30;0900 UTC;0;969,6;969,7;969,5;0;3,6;3,6;4,3;2,6;4,4;2,7;100;100;100;129;2;1,5;
2026/06/30;1000 UTC;0;969,8;969,9;969,6;0;4,2;4,3;4,6;3,9;4,7;4;100;100;100;130;2,6;1,9;
2026/06/30;1100 UTC;0;970;970,3;969,8;18,5;4,5;4,6;4,9;4,2;5;4,3;100;100;100;85;3,8;1,8;
2026/06/30;1200 UTC;0;970,6;970,8;970,2;232,5;5,3;5,4;5,6;5;5,7;5;100;100;100;76;4,6;2,6;
2026/06/30;1300 UTC;0;970,8;970,9;970,5;867,6;6,2;6,2;7,6;5,5;7,4;5,5;100;95;100;97;4,4;2,3;
2026/06/30;1400 UTC;0;970,4;970,6;970,1;1709,7;9;5,8;9,5;7,6;7,1;4,8;94;77;84;69;6,2;3,5;
2026/06/30;1500 UTC;0;970,2;970,3;970,1;1677,9;9,3;5,1;9,8;8,8;6,4;4;86;72;79;71;6,4;2,6;
2026/06/30;1600 UTC;0;969,4;970,2;968,9;2073,8;10,4;4;11,5;9,1;5,4;2,6;75;63;68;74;6,6;3,6;
2026/06/30;1700 UTC;0;968,5;968,9;968,1;2027,8;11,1;5,3;11,5;10,7;6,1;4,6;76;68;71;60;5,8;2,9;
2026/06/30;1800 UTC;0;968,2;968,4;968;1275,6;10,8;6,3;11,4;10,5;7;5,7;80;73;77;78;5,2;2,5;
2026/06/30;1900 UTC;0;967,8;968,1;967,4;918,9;11,3;6,8;11,7;11,1;7,1;6,5;79;75;77;85;5,2;2,5;
2026/06/30;2000 UTC;0;967;967,4;966,5;361,8;11;7;11,8;10,2;7,3;6,6;85;75;80;80;5,4;2,8;
2026/06/30;2100 UTC;0;967;967,3;966,6;31,7;9,8;7,5;10,2;9,4;7,7;7,3;92;85;89;97;5,6;2,6;
2026/06/30;2200 UTC;0;966,8;967,4;966,1;0;9,1;7,5;9,4;8,9;7,7;7,4;93;91;92;95;4,9;2,5;
2026/06/30;2300 UTC;0;967,9;968;967,5;0;9,2;7,9;9,2;9,1;8,1;7,7;95;93;94;67;3,1;1,5;
2026/07/01;0000 UTC;0;967,8;968;967,7;0;9,1;8,2;9,2;9;8,2;8,1;96;95;95;73;4,1;1,5;
2026/07/01;0100 UTC;0;967,8;967,9;967,7;0;9,1;7,8;9,1;9;8,3;7,5;96;92;94;62;3,6;1,6;
2026/07/01;0200 UTC;0;967,6;967,8;967,5;0;9;7,7;9;9;7,9;7,5;94;92;93;59;2,9;1,5;
2026/07/01;0300 UTC;0;967,7;967,8;967,6;0;9;8;9;8,9;8,1;7,9;96;94;95;67;2,8;1,5;
2026/07/01;0400 UTC;0;967,7;967,8;967,6;0;8,9;8;9;8,9;8,1;7,8;96;94;95;80;3,4;1,6;
2026/07/01;0500 UTC;0;967,7;967,9;967,5;0;9;7,7;9,1;8,9;7,8;7,6;94;93;93;58;1,8;1;
2026/07/01;0600 UTC;0;967,4;967,5;967,2;0;9,1;7,5;9,2;8,9;7,8;7,4;94;91;92;82;3,4;1,7;
2026/07/01;0700 UTC;0;967,4;967,5;967,4;0;9,1;8,4;9,2;8,9;8,8;7,8;99;93;96;119;3,1;1,7;
2026/07/01;0800 UTC;0;967,2;967,5;967;0;8,9;8,9;9,1;8,8;9,1;8,6;100;99;100;135;3,2;2,1;
2026/07/01;0900 UTC;0;967,2;967,4;967,1;0;8,7;8,7;8,9;8,6;8,9;8,6;100;100;100;133;2,9;1,9;
2026/07/01;1000 UTC;0;967,5;967,8;967,3;0;9;9,1;9,5;8,7;9,6;8,8;100;100;100;102;4,4;2,2;
2026/07/01;1100 UTC;0;967,8;968;967,4;10,1;9,7;9,7;9,8;9,5;9,9;9,6;100;100;100;93;4,5;2,5;
2026/07/01;1200 UTC;0;968,5;968,9;968;102,1;10;10,1;10,3;9,8;10,4;9,9;100;100;100;81;4,3;1,7;
2026/07/01;1300 UTC;0;969;969,1;968,8;312,6;10,7;10,7;11,1;10,3;11,2;10,4;100;100;100;102;5,4;2,3;
2026/07/01;1400 UTC;,2;969,6;969,8;969,1;415,6;11,4;11,4;11,7;11,1;11,6;11,1;100;99;100;87;5,5;2,7;
2026/07/01;1500 UTC;0;969,4;969,8;969;644,7;12;11,5;12,5;11,7;11,8;11,3;99;94;98;93;6,5;3,7;
2026/07/01;1600 UTC;0;968,8;969,3;968,2;778,5;12,8;11,1;13,5;12,5;11,6;10,7;95;87;92;99;6,6;3,7;
2026/07/01;1700 UTC;0;968,1;968,4;967,9;957,6;13,3;10,8;13,8;13;11,2;10,4;90;85;87;97;6,5;3,6;
2026/07/01;1800 UTC;0;968,1;968,2;967,9;797,6;13,9;10,7;14,3;13,3;11,1;10,4;88;81;84;114;5,3;3,2;
2026/07/01;1900 UTC;0;967,9;968,2;967,8;814,8;14,4;10,9;14,9;13,6;11,2;10,4;88;79;83;102;6;2,6;
2026/07/01;2000 UTC;0;968,4;968,5;968,2;165,1;14,1;11;14,5;13,7;11,4;10,4;89;80;84;138;5,5;2,6;
2026/07/01;2100 UTC;0;968,8;969,5;968,4;15,1;13,4;11,7;13,7;13,1;12,1;11,4;95;89;91;149;5;2,4;
2026/07/01;2200 UTC;0;969,7;969,9;969,5;0;12,9;12,1;13,1;12,8;12,2;12;97;95;96;136;4,5;2,4;
2026/07/01;2300 UTC;0;970,2;970,5;969,9;0;12,8;12,3;12,8;12,7;12,5;12,2;99;97;97;143;4;2,1;
2026/07/02;0000 UTC;0;970,7;971,1;970,3;0;12,6;12,6;12,7;12,6;12,7;12,5;100;99;100;137;6;2,7;
2026/07/02;0100 UTC;,2;971,2;971,6;970,5;0;11,9;11,9;12,5;11,1;12,6;11,2;100;100;100;149;6,4;3,3;
2026/07/02;0200 UTC;,2;972,1;972,4;971,5;0;10,8;10,9;11,1;10,5;11,2;10,6;100;100;100;148;7;4,2;
2026/07/02;0300 UTC;,2;972,2;972,4;972;0;10,2;10,3;10,5;10;10,6;10;100;100;100;144;6,4;3,6;
2026/07/02;0400 UTC;0;972,3;972,6;971,9;0;9,9;10;10;9,8;10,1;9,9;100;100;100;145;6,2;3,2;
2026/07/02;0500 UTC;,2;972,7;973;972,1;0;9,5;9,5;9,8;9,1;9,9;9,2;100;100;100;156;7,1;3,7;
2026/07/02;0600 UTC;0;972,8;973,2;972,4;0;8,8;8,9;9,1;8,5;9,2;8,6;100;100;100;156;7,6;4,4;
2026/07/02;0700 UTC;0;972,5;972,9;972,1;0;8,4;8,4;8,6;8,2;8,6;8,3;100;100;100;149;6,6;3,5;
2026/07/02;0800 UTC;,2;972,7;973;972,5;0;7,9;8;8,2;7,7;8,3;7,8;100;100;100;159;7,7;3,9;
2026/07/02;0900 UTC;,2;972,9;973,3;972,5;0;7,6;7,7;7,8;7,5;7,9;7,5;100;100;100;163;8,9;4,7;
2026/07/02;1000 UTC;0;973;973,6;972,6;0;7,3;7,3;7,5;7,1;7,5;7,2;100;100;100;160;9,7;4,1;
2026/07/02;1100 UTC;,2;973,6;974,2;973,4;,7;7,2;7,3;7,2;7,2;7,3;7,2;100;100;100;160;9,4;4,8;
2026/07/02;1200 UTC;,4;974,3;974,5;974;73,1;7,2;7,3;7,3;7,2;7,4;7,2;100;100;100;166;9,8;4,8;
2026/07/02;1300 UTC;,2;974,8;975,1;974,4;152;7,1;7,2;7,3;6,9;7,4;7;100;100;100;168;9,8;5,5;
2026/07/02;1400 UTC;,2;975,2;975,4;975;248,8;6,9;6,9;7;6,8;7;6,9;100;100;100;178;11,2;6,1;
2026/07/02;1500 UTC;0;975,4;975,6;975,2;235,6;6,6;6,6;6,9;6,3;7;6,2;100;99;100;173;10,7;6,1;
2026/07/02;1600 UTC;,2;975,3;975,7;974,8;302,3;6,1;6,1;6,3;5,9;6,3;5,8;100;100;100;178;9;5,2;
2026/07/02;1700 UTC;0;974,7;974,9;974,4;336;5,9;5,8;6;5,7;6;5,5;100;99;100;175;8,9;5,5;
2026/07/02;1800 UTC;0;974,5;974,7;974,3;287,3;5,8;5,2;5,9;5,7;5,7;4,8;99;95;97;181;7,6;4,5;
2026/07/02;1900 UTC;0;974,5;974,6;974,4;232,4;5,7;4,5;5,8;5,6;4,8;4,1;95;92;94;184;8,8;3,8;
2026/07/02;2000 UTC;0;974,8;975;974,6;137,2;5,8;4,1;5,9;5,7;4,4;3,8;93;90;91;182;5,8;2,7;
2026/07/02;2100 UTC;0;975,1;975,3;975;31,7;5,8;3,8;5,9;5,7;4,2;3,7;92;89;90;188;5,1;2,6;
2026/07/02;2200 UTC;0;975,3;975,7;975;0;5,7;3,7;5,8;5,7;4;3,5;91;89;90;192;4,6;2,6;
2026/07/02;2300 UTC;0;975,7;975,9;975,7;0;5,6;2,8;5,7;5,4;3,6;1,6;89;81;86;186;7,1;4;
2026/07/03;0000 UTC;0;976,1;976,3;975,8;0;5;1,2;5,4;4,6;1,8;,6;84;79;81;189;6;2,9;
2026/07/03;0100 UTC;0;976,3;976,4;976,2;0;4;,2;4,6;3,4;,7;-,5;83;80;81;199;5,1;2,4;
2026/07/03;0200 UTC;0;976,5;976,6;976,3;0;3;-,6;3,4;2,4;-,4;-,8;86;80;82;200;6,1;3,2;
2026/07/03;0300 UTC;0;976,7;976,7;976,6;0;1,9;-1,5;2,4;1,4;-,6;-2,4;85;81;83;195;6,6;3,6;
2026/07/03;0400 UTC;0;976,8;976,9;976,6;0;,9;-2,9;1,3;,6;-2,3;-3,3;82;80;81;203;7,2;3,6;
2026/07/03;0500 UTC;0;976,7;976,8;976,6;0;,1;-3,1;,6;-,1;-2,9;-3,3;85;82;84;231;4,2;1,9;
2026/07/03;0600 UTC;0;976,6;976,8;976,4;0;-,3;-3,1;-,1;-,4;-2,8;-3,3;87;84;86;223;4,5;2,2;
2026/07/03;0700 UTC;0;976,1;976,4;975,9;0;-,7;-2,8;-,3;-1,1;-2,7;-2,9;92;87;90;249;3,9;1,7;
2026/07/03;0800 UTC;0;975,9;976;975,8;0;-1,3;-2,7;-1,1;-1,7;-2,5;-2,8;95;92;93;272;4,7;1,4;
2026/07/03;0900 UTC;0;976,2;976,5;975,9;0;-1,7;-2,5;-1,5;-1,9;-2,4;-2,7;97;94;96;305;3,4;1,6;
2026/07/03;1000 UTC;0;976,8;977,1;976,5;0;-1,4;-2;-1,1;-1,9;-1,8;-2,4;98;96;97;289;5,2;2,3;
2026/07/03;1100 UTC;0;977,2;977,4;977;16,1;-1;-1,6;-,8;-1,1;-1,3;-1,7;98;97;97;270;5,5;2,8;
2026/07/03;1200 UTC;0;977,1;977,3;977;454,8;-,3;-1,2;,8;-,9;-,8;-1,5;98;92;95;256;4,8;2,2;
2026/07/03;1300 UTC;0;977,4;977,6;977,2;1116,9;1,9;-,5;2,5;,8;-,1;-,9;92;85;88;229;6,7;3,5;
2026/07/03;1400 UTC;0;977,5;977,5;977,3;1459,8;3,3;,2;4,2;2,5;,7;-,3;87;81;84;222;8,6;4;
2026/07/03;1500 UTC;0;977,3;977,6;976,9;1318,2;4,2;,9;4,8;3,8;1,4;,3;86;81;83;223;8,2;4,3;
2026/07/03;1600 UTC;,2;976,4;977;975,8;2145,5;5,3;1,5;5,9;4,9;2,1;1,2;84;79;81;207;10,5;6,4;
2026/07/03;1700 UTC;0;975,5;975,9;974,2;1800,6;6,4;2,3;7,4;5,7;2,9;1,7;82;76;80;206;10,3;6,3;
2026/07/03;1800 UTC;0;974,9;975,2;974,6;1480;7,7;2,8;8,2;7,1;3,2;2,4;77;72;75;195;7,7;4;
2026/07/03;1900 UTC;0;975;975,1;974,9;501,7;7,3;3;7,4;7,1;3,2;2,7;80;77;78;224;5,7;2,8;
2026/07/03;2000 UTC;0;975,3;975,4;975,1;184,4;7,1;3,2;7,4;7;3,3;3;81;79;80;218;6,6;2,9;
2026/07/03;2100 UTC;0;975,5;975,7;975,3;32,6;6,7;3,1;7;6,5;3,2;3;83;80;82;212;6;3,4;
2026/07/03;2200 UTC;0;976,2;976,5;975,7;0;6,4;3,3;6,5;6,2;3,8;3;88;83;85;212;6,8;3,5;
2026/07/03;2300 UTC;0;976,5;976,6;976,3;0;6,1;4,3;6,2;6;4,6;3,8;93;88;91;227;5,6;2,6;
2026/07/04;0000 UTC;0;976,3;976,5;976,2;0;6;4,6;6;6;4,8;4,5;94;93;93;209;6;3,4;
2026/07/04;0100 UTC;0;976,6;976,7;976,5;0;5,8;5,3;6;5,7;5,6;4,8;99;94;97;203;5,9;3,3;
2026/07/04;0200 UTC;0;976,4;976,5;976,3;0;5,8;5,6;5,9;5,7;5,7;5,6;99;99;99;205;4,2;2,2;
2026/07/04;0300 UTC;0;976,3;976,3;976,2;0;5,9;5,6;5,9;5,9;5,7;5,6;99;99;99;197;5,5;2,8;
2026/07/04;0400 UTC;0;976,2;976,4;976,1;0;5,8;5,4;5,9;5,8;5,6;5,3;99;97;98;211;3,9;1,6;
2026/07/04;0500 UTC;0;976,3;976,5;976,1;0;5,7;5;5,8;5,6;5,2;4,8;97;96;96;204;4,2;2;
2026/07/04;0600 UTC;0;976,3;976,5;976;0;5,5;5;5,6;5,4;5,3;4,7;100;96;97;207;4,6;2,7;
2026/07/04;0700 UTC;0;975,9;976;975,7;0;5,4;5,4;5,4;5,4;5,5;5,3;100;100;100;216;3,5;1,8;
2026/07/04;0800 UTC;0;975,6;975,9;975,2;0;5,3;5,4;5,4;5,2;5,4;5,3;100;100;100;205;4,9;2,5;
2026/07/04;0900 UTC;0;975;975,3;974,8;0;5,1;5,2;5,2;5,1;5,3;5,1;100;100;100;184;5,5;2,8;
2026/07/04;1000 UTC;0;975,2;975,5;974,8;0;5;5,1;5,1;5;5,1;5,1;100;100;100;199;5,5;3;
2026/07/04;1100 UTC;0;975,7;976,1;975,4;16,5;5,1;5,1;5,2;5;5,2;5,1;100;100;100;186;5,3;2,9;
2026/07/04;1200 UTC;0;976;976,2;975,8;228,6;5,4;5,5;5,7;5,2;5,7;5,2;100;100;100;173;6;3,3;
2026/07/04;1300 UTC;0;976,6;977;976;405,7;5,9;6;6,3;5,6;6,3;5,6;100;100;100;179;4,7;2,5;
2026/07/04;1400 UTC;0;976,8;976,9;976,7;549,4;6,7;6,7;7;6,3;7,1;6,4;100;100;100;163;5,3;2,9;
2026/07/04;1500 UTC;,2;976,4;976,8;976,2;738,3;7,4;7,4;7,9;6,9;7,8;7;100;99;100;142;4,3;2,4;
2026/07/04;1600 UTC;0;976;976,4;975,7;929,1;8,3;7,5;8,8;7,6;7,9;6,9;99;92;96;155;3,7;1,9;
2026/07/04;1700 UTC;0;975,1;975,7;974,4;707,8;8,5;7,5;9,1;8;7,9;7,2;97;92;95;156;3,3;1,9;
2026/07/04;1800 UTC;0;974;974,4;973,4;825,3;9,4;7,4;10,7;8,8;7,9;7;93;84;90;114;5,4;2,6;
2026/07/04;1900 UTC;0;973,5;973,9;973,1;547,7;10;7,4;10,4;9,7;7,9;6,9;90;84;87;116;3,8;1,8;
2026/07/04;2000 UTC;0;973,9;974,2;973,7;173,2;9,2;7,3;9,7;8,8;7,7;6,9;94;88;91;115;5,2;2,9;
2026/07/04;2100 UTC;0;974,1;974,4;973,8;19,8;8,5;7,4;8,8;8,2;7,6;7;97;92;94;119;4,8;2,3;
2026/07/04;2200 UTC;0;974,5;975,1;974,2;0;8;7,6;8,1;7,9;7,8;7,2;99;96;98;162;1,9;,7;
2026/07/04;2300 UTC;0;974,8;975,1;974,4;0;7,9;7,9;7,9;7,9;8;7,8;100;99;100;105;2;1;
2026/07/05;0000 UTC;0;974,5;974,7;974,1;0;7,9;8;8;7,9;8,1;8;100;100;100;92;3,3;1,7;
2026/07/05;0100 UTC;0;974,2;974,5;973,8;0;7,9;8;8;7,9;8;7,9;100;100;100;94;2,6;1,1;
2026/07/05;0200 UTC;0;974;974,4;973,5;0;7,9;7,9;7,9;7,8;8;7,9;100;100;100;120;4,8;2,7;
2026/07/05;0300 UTC;0;974,4;974,5;974,2;0;7,8;7,9;7,9;7,8;7,9;7,8;100;100;100;129;4,7;2,5;
2026/07/05;0400 UTC;0;974,2;974,6;973,7;0;7,8;7,9;7,9;7,7;7,9;7,8;100;100;100;93;4,9;2,1;
2026/07/05;0500 UTC;0;973,7;974;973,4;0;7,6;7,7;7,8;7,4;7,8;7,5;100;100;100;100;5,5;2,5;
2026/07/05;0600 UTC;0;973,1;973,4;972,7;0;7,3;7,4;7,4;7,2;7,5;7,2;100;100;100;69;5,3;2,7;
2026/07/05;0700 UTC;,2;972,8;972,9;972,7;0;7,1;7,1;7,2;7;7,3;7,1;100;100;100;67;3,2;1,5;
2026/07/05;0800 UTC;0;972,4;972,8;972;0;6,8;6,9;7,1;6,5;7,1;6,6;100;100;100;81;3,1;1,8;
2026/07/05;0900 UTC;0;972,1;972,4;971,9;0;6,7;6,7;6,8;6,5;6,9;6,6;100;100;100;57;4,6;2,7;
2026/07/05;1000 UTC;0;972,4;972,5;972,3;0;6,5;6,6;6,7;6,5;6,7;6,6;100;100;100;77;3,2;1,8;
2026/07/05;1100 UTC;0;972,6;972,9;972,4;22,1;6,5;6,5;6,6;6,4;6,6;6,5;100;100;100;98;3,9;1,9;
2026/07/05;1200 UTC;,2;972,5;972,7;972,2;228,6;6,7;6,8;6,9;6,6;7;6,6;100;100;100;79;5,7;3;
2026/07/05;1300 UTC;0;972,5;972,8;972,3;550,6;7,4;7,5;7,9;6,9;8;7;100;100;100;76;6;3,2;
2026/07/05;1400 UTC;0;972,5;972,9;972,1;783,4;8,3;8,4;8,7;7,9;8,8;8;100;100;100;57;5,3;2,8;
2026/07/05;1500 UTC;0;971,8;972,5;971;657;8,7;8,7;8,9;8,4;9;8,5;100;100;100;52;6,1;3,7;
2026/07/05;1600 UTC;0;970,9;971,2;970,4;509,6;9;9,1;9,2;8,8;9,2;8,8;100;100;100;61;5,7;2,4;
2026/07/05;1700 UTC;0;970,3;970,6;970;308,9;9,3;9,4;9,6;9,1;9,7;9,2;100;100;100;143;3,1;1;
2026/07/05;1800 UTC;0;970,2;970,4;970;203,1;9,7;9,8;9,8;9,5;9,8;9,6;100;100;100;143;2;1,1;
2026/07/05;1900 UTC;0;970;970,3;969,6;162,1;10,1;9,8;10,4;9,8;10;9,7;100;98;99;89;2,3;1,4;
2026/07/05;2000 UTC;0;969,7;969,8;969,5;57,2;10,1;9,9;10,4;9,9;10;9,8;100;98;99;100;3,6;2;
2026/07/05;2100 UTC;0;969,4;969,7;969,3;13,9;9,8;9,9;9,9;9,8;10;9,8;100;100;100;83;4,2;2,1;
2026/07/05;2200 UTC;0;969;969,3;968,8;0;9,8;9,8;9,8;9,8;9,8;9,8;100;100;100;64;4,6;1,9;
2026/07/05;2300 UTC;0;969;969,3;968,7;0;9,8;9,9;9,9;9,8;9,9;9,9;100;100;100;52;3,7;1,9;
2026/07/06;0000 UTC;0;968,6;968,7;968,3;0;9,9;9,9;9,9;9,9;10;9,9;100;100;100;51;3,6;1,9;
2026/07/06;0100 UTC;,4;968,3;968,5;968,1;0;10;10;10;9,9;10,1;10;100;100;100;164;3;1,2;
2026/07/06;0200 UTC;0;968,4;968,7;968,1;0;10,1;10,1;10,2;10;10,3;10,1;100;100;100;328;3,9;2;
2026/07/06;0300 UTC;0;968,8;968,9;968,6;0;10,2;10,3;10,3;10,1;10,3;10,2;100;100;100;290;4,8;2,7;
2026/07/06;0400 UTC;,2;968,6;968,9;968,5;0;10,1;10,2;10,2;10,1;10,2;10,1;100;100;100;291;5,6;2,3;
2026/07/06;0500 UTC;0;968,5;968,7;968,3;0;9,7;9,8;10;9,5;10,1;9,5;100;100;100;269;7;3,3;
2026/07/06;0600 UTC;0;968,1;968,4;967,8;0;9,4;9,5;9,5;9,4;9,5;9,4;100;100;100;278;5;2,9;
2026/07/06;0700 UTC;0;968;968,1;967,8;0;9,3;9,4;9,4;9,2;9,4;9,2;100;100;100;267;6,4;3,2;
2026/07/06;0800 UTC;0;967,9;968,1;967,6;0;8,8;8,9;9,2;8,5;9,2;8,5;100;100;100;249;7;2,5;
2026/07/06;0900 UTC;0;967,8;968,1;967,5;0;8,1;8,2;8,5;7,9;8,5;7,9;100;100;100;239;8,6;3,8;
2026/07/06;1000 UTC;0;968;968,2;967,8;0;7,3;7,4;7,9;7,1;7,9;7,2;100;100;100;237;6,6;3,3;
2026/07/06;1100 UTC;,2;968,4;968,8;968,1;3,2;7,3;7,4;7,4;7,2;7,4;7,2;100;100;100;245;7,6;3,5;
2026/07/06;1200 UTC;0;969,2;969,5;968,8;86,7;7;6,9;7,3;6,9;7,3;6,4;100;97;99;238;7,5;3,5;
2026/07/06;1300 UTC;0;969,8;970,1;969,4;286,8;7,1;6,3;7,6;7;6,6;6,1;97;94;96;254;5,9;3;
2026/07/06;1400 UTC;0;970,5;970,7;970,2;657,7;7,4;5,4;7,8;7,2;6,5;4,3;94;86;90;243;8;3,7;
2026/07/06;1500 UTC;0;970,5;970,7;970,3;996,3;7,8;3,9;8,4;7,4;5,2;2,2;88;71;80;252;7,8;3,5;
2026/07/06;1600 UTC;0;970,1;970,4;969,8;835,4;7,9;3,1;8,2;7,7;3,7;2,6;79;73;76;262;7,3;4,2;
2026/07/06;1700 UTC;0;969,6;969,9;969,3;768,6;7,8;2,9;8,1;7,4;3,3;2,3;78;72;75;240;8;3,5;
2026/07/06;1800 UTC;0;969,2;969,3;969,2;708,2;7,7;2,7;7,9;7,4;3,2;2,3;78;72;75;252;8;3,3;
2026/07/06;1900 UTC;0;969,2;969,3;969,1;490,1;7,3;2,4;7,7;6,9;3;1,8;78;72;75;248;7,7;3,4;
2026/07/06;2000 UTC;0;969,4;969,7;969,2;173,2;6,5;2,7;7;6,3;3,2;1,9;84;76;81;257;6,6;2,9;
2026/07/06;2100 UTC;0;969,8;970;969,6;34,7;5,7;1,9;6,3;5,3;2,3;1,4;82;79;81;264;7,2;3,5;
2026/07/06;2200 UTC;0;970,2;970,5;969,9;0;5;1,7;5,3;4,9;1,9;1,5;85;82;83;251;5,7;2,8;
2026/07/06;2300 UTC;0;970,8;971,2;970,5;0;4,9;1,4;4,9;4,9;1,6;1,2;84;82;83;247;7,2;3;
2026/07/07;0000 UTC;0;971,3;971,6;971,2;0;4,5;1,2;4,9;4;1,4;1;86;82;83;263;4,6;2,3;
2026/07/07;0100 UTC;0;971,6;971,7;971,5;0;3,6;1,3;3,9;3,3;1,6;1,2;91;87;89;272;4;1,9;
2026/07/07;0200 UTC;0;971,4;971,5;971,2;0;3,4;1,5;3,5;3,2;1,7;1,3;91;90;91;280;4;1,8;
2026/07/07;0300 UTC;0;971,2;971,3;971;0;3,7;1,3;4;3,4;1,4;1,2;90;87;88;271;4,9;2,4;
2026/07/07;0400 UTC;0;970,9;971,1;970,6;0;3,7;1,4;3,8;3,4;1,4;1,4;90;88;89;286;5,8;2,9;
2026/07/07;0500 UTC;0;970,2;970,5;970;0;2,9;1,3;3,4;2,7;1,4;1,2;92;90;92;298;4,8;2,4;
2026/07/07;0600 UTC;0;970;970,2;969,7;0;3,4;1,2;3,5;2,8;1,3;1,1;92;88;89;295;6,1;3,5;
2026/07/07;0700 UTC;0;969,4;969,8;969,1;0;3,2;1,1;3,6;2,9;1,2;1;91;88;89;306;5,9;3,3;
2026/07/07;0800 UTC;0;968,8;969,1;968,6;0;3;,9;3,2;2,9;1;,7;90;88;89;319;6;3,3;
2026/07/07;0900 UTC;0;968,9;969,2;968,5;0;3,1;,9;3,8;2,8;1;,8;91;86;89;300;6,7;3,4;
2026/07/07;1000 UTC;0;969,6;969,8;969,2;0;4,2;,9;4,2;3,9;1;,9;85;83;84;277;8,8;4,3;
2026/07/07;1100 UTC;0;969,9;970,1;969,7;19,7;3,9;1;4,1;3,7;1;,9;87;84;86;278;8,1;4,3;
2026/07/07;1200 UTC;0;970,2;970,3;970,1;495,4;4,3;1,1;4,9;3,9;1,2;1;86;81;84;272;7,4;4,4;
2026/07/07;1300 UTC;0;970,5;970,7;970,1;1153,1;5,7;1,5;6,6;4,9;2;1;82;75;79;273;7,2;3,9;
2026/07/07;1400 UTC;0;970,7;970,8;970,6;1701,4;7,5;1,8;8,5;6,5;2,3;1,3;76;67;71;273;6,2;3,5;
2026/07/07;1500 UTC;0;970,6;970,8;970,5;2010,1;9,2;1,7;9,9;8,4;2,2;1,2;68;58;63;275;8,8;5,2;
2026/07/07;1600 UTC;0;970,4;970,7;970,1;2171;10,6;2,4;11,6;9,8;3,4;1,6;61;56;59;273;8,9;4;
2026/07/07;1700 UTC;0;969,8;970,1;969,2;2083,7;11,4;2,8;11,8;11,2;3,9;2;61;53;57;266;8,4;4,7;
2026/07/07;1800 UTC;0;969,3;969,5;969;1790;11,6;2,5;12,1;11,3;3,1;2;57;52;54;255;7,7;3,4;
2026/07/07;1900 UTC;0;969,1;969,2;968,9;1244,3;11,8;3,2;12,2;11,6;3,9;2,3;59;53;57;271;6,2;3,3;
2026/07/07;2000 UTC;0;969,2;969,3;969;601,3;12;3,3;12,2;11,7;4,2;2,5;61;53;57;266;5,6;2,9;
2026/07/07;2100 UTC;0;969,4;969,5;969,2;57,3;10,1;2,5;11,7;8,8;2,6;2,3;68;54;62;282;4;1,9;
2026/07/07;2200 UTC;0;969,6;969,8;969,5;0;8,7;2,6;9;8,5;2,8;2,4;71;68;70;293;3,5;1,9;
2026/07/07;2300 UTC;0;969,8;969,9;969,6;0;7,5;2,8;8,6;7;2,9;2,7;80;71;76;306;3,2;1,9;
2026/07/08;0000 UTC;0;969,9;970;969,7;0;7,9;3;8,2;7,2;3,1;2,9;79;74;76;298;4,3;1,9;
2026/07/08;0100 UTC;0;970;970,3;969,8;0;7,6;2,9;8,2;5,7;3,2;2,6;85;74;77;290;2,8;1,5;
2026/07/08;0200 UTC;0;970,3;970,4;970;0;5,6;2,7;5,7;5,3;2,8;2,6;87;85;86;327;4,1;2;
2026/07/08;0300 UTC;0;970,4;970,6;970,1;0;5,6;2,9;5,8;5,3;3,2;2,8;89;85;87;307;2,8;1,8;
2026/07/08;0400 UTC;0;970,5;970,6;970,3;0;5,3;2,7;5,6;5;3,1;;91;;87;297;2,2;1,2;
2026/07/08;0500 UTC;0;970,1;970,3;970;0;5,9;3,3;6,9;5;3,3;3,1;91;82;87;299;4;2,1;
2026/07/08;0600 UTC;0;969,9;970,2;969,6;0;6,2;3;7,1;4,7;3,2;2,9;91;79;84;232;3,6;1,5;
2026/07/08;0700 UTC;0;969,5;969,7;969,4;0;5,7;2,8;6,2;5;3,1;2,7;91;83;86;307;4,4;2;
2026/07/08;0800 UTC;0;969,6;969,8;969,3;0;6,5;2,5;7,2;6,1;2,7;2,4;83;76;80;287;3,8;2,5;
2026/07/08;0900 UTC;0;969,2;969,5;969;0;6,8;2,5;7,3;6,3;2,5;2,4;81;76;78;286;3,8;2,4;
2026/07/08;1000 UTC;0;969,6;969,7;969,5;0;7,2;2,5;7,5;6,9;2,5;2,4;77;75;76;304;5;2,4;
2026/07/08;1100 UTC;0;969,9;970,2;969,7;25,1;6,2;2,3;6,9;5,7;2,5;2,3;83;77;80;319;4,5;2,5;
2026/07/08;1200 UTC;0;970,5;971;970,1;427,1;7,2;2,8;8,7;6;3,3;2,5;82;72;78;306;5,2;3,1;
2026/07/08;1300 UTC;0;971,2;971,4;970,9;1109,8;9,9;3,8;11,1;8,7;4,3;3,1;73;64;69;313;6,2;3,4;
2026/07/08;1400 UTC;0;971,1;971,4;970,9;1680;11,8;4,1;12,3;11,1;4,6;3,6;65;58;61;317;8;5;
2026/07/08;1500 UTC;0;970,8;971,2;970,5;1976,9;13,4;4,5;14,2;12,3;5,3;4;60;52;55;315;6,4;3,4;
2026/07/08;1600 UTC;0;970,1;970,5;969,9;2126,1;15;5,1;15,7;14,3;5,9;3,8;56;43;51;305;6,3;3,4;
2026/07/08;1700 UTC;0;969,5;969,9;969;2031,1;16,2;5,5;17;15,2;6,2;5;50;42;47;301;5,7;2,8;
2026/07/08;1800 UTC;0;968,9;969;968,7;1749,3;17,1;5,8;17,4;16,5;6,6;4,7;47;40;43;304;5,6;2,8;
2026/07/08;1900 UTC;0;968,9;969;968,8;1233,2;17,2;5,7;17,4;17;6,3;4,9;46;38;43;307;4,8;2,2;
2026/07/08;2000 UTC;0;969,1;969,8;968,8;590,5;17,3;6;18;17;6,4;5,6;46;41;44;236;1,3;,3;
2026/07/08;2100 UTC;0;969,7;970,1;969,5;84,7;14,3;6,5;17,7;11,8;7,5;5,6;75;42;61;123;1,3;,5;
2026/07/08;2200 UTC;0;969,5;969,7;969,3;0;10,1;6,2;11,7;9;6,8;5,3;84;74;81;143;1,4;,4;
2026/07/08;2300 UTC;0;969,4;969,6;969,2;0;9,7;5,2;10,6;8,3;5,6;4,8;85;72;78;57;,7;,4;
2026/07/09;0000 UTC;0;969,4;969,5;969;0;8,1;5,1;9;7,6;5,4;4,8;87;80;85;88;1,1;,5;
2026/07/09;0100 UTC;0;969,1;969,2;969;0;7,7;4,9;8,9;7,1;5,2;4,5;90;78;86;46;1,5;,8;
2026/07/09;0200 UTC;0;969,1;969,2;969;0;7,9;4,6;8,6;7,5;5,1;3,9;87;80;84;273;1,8;,8;
2026/07/09;0300 UTC;0;969,1;969,2;969;0;8,8;3,1;9,4;7,9;4,2;2,4;80;65;71;150;2,5;1,2;
2026/07/09;0400 UTC;0;968,6;969;968,2;0;8,6;2,9;9,2;7,9;3,8;2,5;77;68;72;110;2,3;1,1;
2026/07/09;0500 UTC;0;968;968,2;967,9;0;8,1;3,2;8,7;7,4;3,7;2,7;80;71;75;57;3;1,8;
2026/07/09;0600 UTC;0;967,9;968;967,8;0;8,7;2,5;10,2;7,8;3,3;1,7;77;58;69;330;4,7;2,2;
2026/07/09;0700 UTC;0;967,4;967,8;966,9;0;9,7;1,6;10,3;9;2,9;,5;68;55;59;233;3,7;1,4;
2026/07/09;0800 UTC;0;966,7;966,9;966,6;0;10,2;1,4;10,5;9,6;1,8;,8;59;55;56;323;4,6;2,4;
2026/07/09;0900 UTC;0;967;967,1;966,8;0;10,2;1,4;10,5;9,6;1,7;1,1;60;54;56;317;4,9;2,7;
2026/07/09;1000 UTC;0;967,2;967,5;967;0;9,4;2,1;9,7;9,2;2,5;1,6;66;60;63;320;3,5;2,3;
2026/07/09;1100 UTC;0;967,5;967,7;967,3;30,3;9,7;3;10,4;8,5;3,3;2,6;71;65;67;328;5,3;3,4;
2026/07/09;1200 UTC;0;967,9;968,1;967,7;420,5;11,5;4;12,2;10,4;4,5;3,3;65;60;62;323;6,4;3,5;
2026/07/09;1300 UTC;0;968,4;968,7;968;819,5;11,8;4,5;13,4;11,1;5,3;4,1;66;59;63;324;7,4;4,6;
2026/07/09;1400 UTC;0;968,7;968,9;968,4;1559,9;14,9;5,9;16;13,4;6,8;5;59;52;55;319;5,5;2,9;
2026/07/09;1500 UTC;0;968,1;968,4;967,9;625,8;14,7;6,4;15,5;14,2;6,7;6,1;62;53;59;313;4,9;2,7;
2026/07/09;1600 UTC;0;967,7;968,1;967,4;1368,7;16,6;6,9;18,5;15,3;7,7;6,4;57;42;51;293;6,7;3,3;
2026/07/09;1700 UTC;0;966,8;967,4;966,3;1558,7;18,9;7,6;19,5;18,4;8,4;7,1;48;40;43;263;5,4;2,6;
2026/07/09;1800 UTC;0;966;966,4;965,5;1574,3;19,4;8,6;20,2;18,8;9,3;8,3;49;42;46;275;6,5;3;
2026/07/09;1900 UTC;0;965,3;965,5;964,7;1140,9;19;8;20;18,2;9,1;7,4;47;42;45;271;5,6;3,1;
2026/07/09;2000 UTC;0;964,8;965;964,6;502,5;17,9;8,1;18,5;17;8,5;7,7;55;47;51;267;5;1,9;
2026/07/09;2100 UTC;0;965,3;965,6;964,9;46,2;16,2;7,9;16,9;15,5;8,1;7,8;63;55;59;234;2,5;1,1;
2026/07/09;2200 UTC;0;965,8;966,1;965,5;0;15;8;15,5;14,8;8,4;7,8;67;63;65;236;2,6;1,2;
2026/07/09;2300 UTC;0;966,3;966,7;966;0;14,5;8;14,9;13,9;8,3;7,8;72;65;67;235;3,3;1,6;
2026/07/10;0000 UTC;0;966,7;966,9;966,4;0;14,4;8,2;14,8;13,7;8,9;7,9;76;66;69;184;1,1;,6;
2026/07/10;0100 UTC;0;966,2;966,6;966,1;0;12,9;8,1;13,9;11,5;8,7;7,7;82;70;76;270;1,1;,6;
2026/07/10;0200 UTC;0;966,2;966,3;966;0;11,4;8,1;11,8;11,1;8,5;7,8;87;81;84;333;1,2;,8;
2026/07/10;0300 UTC;0;966,1;966,2;965,9;0;11,8;6,8;13,5;11;7,9;5,5;85;63;75;209;2,5;1,5;
2026/07/10;0400 UTC;0;966;966,1;965,8;0;13,9;6,2;14,4;13,5;6,6;5,6;65;59;62;197;4,4;2,8;
2026/07/10;0500 UTC;0;966,2;966,4;965,9;0;12,9;7;13,6;12,5;7,7;6,5;75;65;70;238;4;2,1;
2026/07/10;0600 UTC;0;965,9;966,3;965,6;0;13,2;7,6;13,9;12,7;8;6,9;76;65;72;231;3,1;1,4;
2026/07/10;0700 UTC;0;965,6;965,7;965,3;0;13,6;7,8;13,9;13,4;8,1;7,1;74;66;71;226;2,4;1,2;
2026/07/10;0800 UTC;0;965,1;965,3;965;0;13,1;8;13,6;12,3;8,3;7,6;80;70;74;170;3,6;2,4;
2026/07/10;0900 UTC;0;964,8;965,1;964,6;0;12;8,1;12,3;11,6;8,3;7,7;83;77;80;179;3,6;2,5;
2026/07/10;1000 UTC;0;965,4;966,1;965,1;0;12;7,6;12,9;11,1;7,9;7,1;84;71;78;168;4,9;2,7;
2026/07/10;1100 UTC;0;966,3;966,4;966,2;10,1;10,3;7,9;11,1;9,3;8;7,6;92;84;88;96;1,3;,7;
2026/07/10;1200 UTC;0;966,5;966,7;966,3;401,4;10,6;7,9;12,4;9,2;8,3;7,7;93;77;87;107;2,4;1,3;
2026/07/10;1300 UTC;0;966,7;966,9;966,5;884,9;13,6;8,3;14,5;12,4;9;7,9;78;70;74;53;2,4;1,4;
2026/07/10;1400 UTC;0;966,9;967;966,6;1273,7;15,1;8,8;15,7;14,3;9,4;8,3;74;66;69;85;3,6;2;
2026/07/10;1500 UTC;0;966,4;966,6;966,2;1782,1;16,4;9,3;17,2;15,6;9,7;8,9;68;60;65;97;4,7;2,5;
2026/07/10;1600 UTC;0;965,4;966,1;965;2030,8;17,1;9,5;17,6;16,5;10;9;64;59;62;81;5,4;3;
2026/07/10;1700 UTC;0;964,8;965;964,6;1408,6;16,8;9;17,4;16,1;9,8;8;63;58;61;92;6,4;3,2;
2026/07/10;1800 UTC;0;964,4;964,6;964,3;1457,2;16,6;8,5;17;16,3;8,9;8;61;57;59;77;5,8;2,7;
2026/07/10;1900 UTC;0;964,5;964,7;964,2;789,3;16,3;8,7;16,7;15,8;9;8,4;66;59;62;80;4,2;2,1;
2026/07/10;2000 UTC;0;964,9;965,1;964,6;174,1;15,3;8;15,8;14,8;8,8;7,5;66;63;64;71;4,7;2,2;
2026/07/10;2100 UTC;0;964,9;965,2;964,7;42,7;14,1;7,6;14,8;13,5;8;7,4;72;64;68;80;4,6;2;
2026/07/10;2200 UTC;0;965,2;965,4;964,7;0;13,3;8,6;13,5;12,9;9,1;8;81;72;77;84;4,3;2,6;
2026/07/10;2300 UTC;0;965,2;965,4;965,1;0;12,5;9,8;12,9;12,3;10,5;9,1;90;81;86;73;5,5;2,7;
2026/07/11;0000 UTC;0;965,5;965,9;965,1;0;12,5;10,6;12,5;12,3;10,7;10,5;92;90;91;63;6,3;3,4;
2026/07/11;0100 UTC;0;965,4;965,7;964,5;0;12;10,7;12,2;11,7;10,8;10,6;95;92;94;59;6,6;3,4;
2026/07/11;0200 UTC;0;964,8;965;964,5;0;11,7;10,9;11,8;11,6;11;10,8;97;95;96;63;7,2;2,9;
2026/07/11;0300 UTC;0;964,9;965,2;964,6;0;11,7;11,1;11,8;11,7;11,2;11;97;97;97;60;5,7;3,4;
2026/07/11;0400 UTC;0;965;965,1;964,7;0;11,7;11,3;11,7;11,7;11,3;11,1;98;97;98;61;5,7;2,8;
2026/07/11;0500 UTC;0;964,7;965;964,4;0;11,7;11,3;11,8;11,7;11,4;11,3;98;98;98;61;5,7;2,7;
2026/07/11;0600 UTC;0;964,4;964,8;964,1;0;11,9;11,5;12;11,8;11,6;11,4;98;98;98;81;4,9;2,5;
2026/07/11;0700 UTC;0;964,3;964,7;964,1;0;12,1;11,8;12,1;12;12;11,6;99;98;99;108;5,3;2,7;
2026/07/11;0800 UTC;0;964;964,4;963,7;0;12,1;12,1;12,2;12,1;12,2;12;100;99;100;81;5,2;2,5;
2026/07/11;0900 UTC;0;964;964,1;963,8;0;12,2;12,1;12,2;12,1;12,1;12;100;99;99;95;5,1;2,4;
2026/07/11;1000 UTC;0;963,8;963,9;963,6;0;11,9;11,9;12,2;11,6;12,1;11,7;100;99;100;88;5,7;2,9;
2026/07/11;1100 UTC;0;964;964,3;963,8;4,6;11,6;11,6;11,6;11,5;11,7;11,6;100;100;100;67;4,1;2;
2026/07/11;1200 UTC;0;964,3;964,5;963,9;100,5;11,7;11,8;11,8;11,6;11,9;11,6;100;100;100;89;4,4;2,2;
2026/07/11;1300 UTC;0;964,8;965,2;964,3;251,7;11,9;11,9;12,1;11,7;12,1;11,8;100;100;100;63;5,3;2,4;
2026/07/11;1400 UTC;0;965,2;965,4;965;286,2;12,1;12,2;12,2;12;12,3;12,1;100;100;100;110;5,2;2,7;
2026/07/11;1500 UTC;0;965,2;965,4;964,8;298,1;12,1;12,2;12,2;11,9;12,3;12;100;100;100;125;5,3;2,9;
2026/07/11;1600 UTC;0;964,9;965,2;964,7;413,5;12,3;12,3;12,4;12;12,4;12,1;100;100;100;140;5,8;3;
2026/07/11;1700 UTC;0;964,2;964,7;964;631,6;12,7;12,4;13,1;12,2;12,6;12,2;100;96;98;130;5,4;2,9;
2026/07/11;1800 UTC;0;964,2;964,4;964,1;775,8;13,5;12,3;13,7;13,1;12,7;12,1;96;93;94;116;5,6;3,4;
2026/07/11;1900 UTC;0;964,2;964,4;964,1;671,5;13,8;12,1;14,3;13,4;12,7;11,8;95;88;92;98;5,8;2,8;
2026/07/11;2000 UTC;0;964,6;964,8;964,2;256,1;13,3;12,2;13,9;13,1;12,4;12;96;92;94;109;4,1;2,1;
2026/07/11;2100 UTC;0;965,1;965,3;964,8;22;12,7;12;13;12,5;12,2;11,9;97;95;96;108;2,6;1,6;
2026/07/11;2200 UTC;0;965,5;965,7;965,3;0;12,3;12;12,4;12,1;12,1;11,9;100;97;99;126;2,3;1,3;
2026/07/11;2300 UTC;0;965,6;965,8;965,5;0;12;12;12,1;11,9;12,1;12;100;100;100;119;2,5;1,5;
2026/07/12;0000 UTC;0;965,7;965,7;965,5;0;11,4;11,4;11,9;10,7;12;10,5;100;99;100;181;,7;,5;
2026/07/12;0100 UTC;0;965,5;965,7;965,3;0;11,2;11,3;11,6;11;11,6;11,1;100;100;100;236;2,4;1,4;
2026/07/12;0200 UTC;0;965,7;965,8;965,5;0;11,6;11,5;11,7;11,5;11,6;11,4;100;99;99;239;2,5;1,4;
2026/07/12;0300 UTC;0;965,9;966;965,7;0;11,8;11,4;11,9;11,6;11,5;11,3;99;98;98;248;2,9;1,4;
2026/07/12;0400 UTC;0;965,8;965,9;965,6;0;11,8;11,4;11,9;11,6;11,5;11,4;99;98;98;228;5,2;1,7;
2026/07/12;0500 UTC;0;965,4;965,6;965;0;11,5;11,4;11,6;11,2;11,5;11;100;99;99;220;4,4;2,3;
2026/07/12;0600 UTC;0;965,7;965,8;965,6;0;10,7;10,2;11,2;10,3;11;9,7;99;97;97;218;6,2;2,7;
2026/07/12;0700 UTC;0;965,9;966,1;965,7;0;10,1;9,9;10,3;9,9;10;9,7;100;97;99;214;6,6;3,3;
2026/07/12;0800 UTC;0;966,1;966,2;965,9;0;9,8;9,3;9,9;9,5;9,8;8,6;100;95;98;216;7;3;
2026/07/12;0900 UTC;0;966,5;966,8;966,2;0;9,1;8,3;9,5;8,6;8,7;8,1;98;94;96;226;5,7;2,5;
2026/07/12;1000 UTC;0;967,4;967,9;966,8;0;8,1;7,6;8,6;7,8;8,2;7,2;98;96;97;209;7,2;3,6;
2026/07/12;1100 UTC;0;968;968,1;967,8;9,2;7,6;6,3;7,8;7,2;7,2;5,8;97;92;93;226;7,2;2,7;
2026/07/12;1200 UTC;0;968,5;968,8;968,2;75;7;5,9;7,2;6,8;6,4;5,6;97;92;95;212;6,8;3,2;
2026/07/12;1300 UTC;0;969;969,4;968,8;0;7;6,6;7,3;6,9;6,9;6,3;98;97;98;236;5,7;2,7;
2026/07/12;1400 UTC;,4;969,5;969,6;969,3;782,5;7,4;6,9;7,8;7,2;7,4;6,5;99;95;98;225;7,9;3,6;
2026/07/12;1500 UTC;0;969,4;969,6;969,2;1117,2;8;6,4;8,3;7,6;7,1;6;95;89;92;236;9,9;4;
2026/07/12;1600 UTC;0;969,1;969,3;969;1072,9;8,7;6,5;9;8,3;7;5,9;92;85;89;226;7,1;3,5;
2026/07/12;1700 UTC;0;969,1;969,3;969;695,1;8,9;7;9,2;8,6;7,7;6,5;95;87;90;231;6,8;2,9;
2026/07/12;1800 UTC;0;969,1;969,3;969;867,5;9,3;7,4;9,8;8,7;8,1;6,9;94;88;90;229;6,3;3,4;
2026/07/12;1900 UTC;0;969;969,1;968,9;498;9,9;8,4;10;9,8;9,2;7,8;97;89;92;237;8,1;2,7;
2026/07/12;2000 UTC;,4;969,2;969,6;969;244,5;10;9,3;10,1;9,9;9,4;9;97;95;96;216;8,5;3,6;
2026/07/12;2100 UTC;0;969,7;970;969,5;34,5;9,8;9,3;9,9;9,8;9,5;9,2;98;97;98;210;9;4,1;
2026/07/12;2200 UTC;,4;970,4;970,8;970;0;9,7;9,3;9,8;9,7;9,6;9,2;99;97;98;214;6,1;3,3;
2026/07/12;2300 UTC;,6;971,1;971,4;970,8;0;9,5;9,3;9,7;9,3;9,5;9,2;100;99;99;212;7,4;3,8;
2026/07/13;0000 UTC;,6;971,5;971,7;971,3;0;9,2;9;9,3;9;9,3;8,8;100;99;99;210;8,7;4,3;
2026/07/13;0100 UTC;0;971,8;971,9;971,7;0;8,8;8,8;9;8,7;8,9;8,7;100;99;100;204;7,4;3,9;
2026/07/13;0200 UTC;,2;972;972,1;971,8;0;8,6;8,6;8,7;8,4;8,7;8,5;100;100;100;211;6,6;3,1;
2026/07/13;0300 UTC;,2;972,1;972,3;972;0;8,3;8,3;8,5;8,1;8,5;8,2;100;100;100;205;6,7;3,1;
2026/07/13;0400 UTC;,2;972,4;972,5;972,3;0;8,1;8,1;8,1;8;8,2;8,1;100;100;100;199;5,6;3;
2026/07/13;0500 UTC;0;972,2;972,3;972,1;0;8;8;8;7,9;8,1;8;100;100;100;213;5,2;2,6;
2026/07/13;0600 UTC;,2;972;972,1;971,8;0;7,9;8;7,9;7,9;8;7,9;100;100;100;202;5,5;2,9;
2026/07/13;0700 UTC;0;972;972;971,9;0;7,9;7,9;7,9;7,8;8;7,9;100;100;100;201;4,6;2,2;
2026/07/13;0800 UTC;0;971,9;972;971,7;0;7,8;7,9;7,9;7,8;7,9;7,9;100;100;100;210;4;1,7;
2026/07/13;0900 UTC;0;971,7;971,8;971,6;0;7,8;7,8;7,8;7,7;7,9;7,7;100;100;100;211;4;2,1;
2026/07/13;1000 UTC;,2;971,9;972,2;971,8;0;7,7;7,7;7,7;7,7;7,8;7,7;100;100;100;201;3,8;2,3;
2026/07/13;1100 UTC;0;972,8;973,3;972,3;11,6;7,7;7,7;7,7;7,6;7,8;7,7;100;100;100;218;2,6;1,2;
2026/07/13;1200 UTC;,2;973,8;974,1;973,3;195,6;7,8;7,9;8;7,7;8;7,8;100;100;100;217;3,8;1,9;
2026/07/13;1300 UTC;0;974,4;974,6;974,1;466,7;8,2;8,2;8,4;7,9;8,5;8;100;99;100;193;3,6;2,1;
2026/07/13;1400 UTC;0;974,6;974,7;974,5;602,1;8,7;8,4;9,1;8,4;8,7;8;100;96;98;209;3;1,3;
2026/07/13;1500 UTC;0;974,5;974,7;974,4;667;9,2;8,5;9,6;9;8,9;8,1;98;95;96;209;1,8;1;
2026/07/13;1600 UTC;0;974,3;974,4;973,9;610;9,8;8,7;10,2;9,5;9,1;8,3;96;91;94;155;1,5;,7;
2026/07/13;1700 UTC;0;973,8;973,9;973,6;372;10,3;8,7;10,5;10,2;9,1;8,3;94;90;92;262;1,4;,7;
2026/07/13;1800 UTC;0;973,3;973,6;973,1;315,1;10,3;8,9;10,5;10,2;9,3;8,5;94;91;93;296;1,2;,5;
2026/07/13;1900 UTC;0;973,1;973,2;973;378,7;10,7;9,2;10,9;10,5;9,8;8,6;94;90;93;79;2,3;1,2;
2026/07/13;2000 UTC;0;973,2;973,4;973;196,1;10,7;8,5;10,8;10,5;9,1;7,8;92;86;89;237;2,1;1;
2026/07/13;2100 UTC;0;973,5;973,6;973,4;21,9;10,4;8,7;10,7;10;9;8,2;95;88;92;78;1,6;,5;
2026/07/13;2200 UTC;0;973,8;973,9;973,5;0;9,9;9,1;10;9,8;9,3;8,7;97;94;96;205;3;1,2;
2026/07/13;2300 UTC;0;974,2;974,4;973,9;0;9,9;8,9;10;9,6;9,1;8,6;97;93;95;61;2,8;1,5;
2026/07/14;0000 UTC;0;974,2;974,3;974;0;9,4;9,3;9,6;9,4;9,4;9,1;100;98;99;83;2,2;1;
2026/07/14;0100 UTC;0;974,3;974,4;974,1;0;9,5;9,5;9,5;9,4;9,6;9,5;100;100;100;96;2,1;,8;
2026/07/14;0200 UTC;0;973,7;974;973,5;0;9,3;9,3;9,5;9,1;9,6;8,9;100;99;100;216;4,4;1,2;
2026/07/14;0300 UTC;0;973,8;974;973,6;0;9,1;8,1;9,2;8,9;8,9;7,7;99;94;95;182;5,2;2,2;
2026/07/14;0400 UTC;0;973,8;974;973,5;0;8,7;7,7;9;8,4;7,9;7,5;96;94;95;195;6,6;2,7;
2026/07/14;0500 UTC;0;973,2;973,6;972,7;0;8,3;7,9;8,4;8,2;8;7,6;98;96;98;213;4,4;1,6;
2026/07/14;0600 UTC;0;972,4;972,7;972,3;0;7,9;7,5;8,4;7,3;8;7,2;99;97;98;264;2,5;1,1;
2026/07/14;0700 UTC;0;972,4;972,6;972,1;0;6,6;6,6;7,3;6,2;7,2;6,2;100;99;100;121;2;,7;
2026/07/14;0800 UTC;0;971,9;972,2;971,7;0;6,3;6,3;6,5;6;6,6;6,1;100;100;100;256;3,8;1,1;
2026/07/14;0900 UTC;0;971,7;972;971,5;0;6,2;6,3;6,4;6;6,5;6,1;100;100;100;164;2,6;,9;
2026/07/14;1000 UTC;0;972,4;972,7;972;0;6;6,1;6,4;5,6;6,4;5,7;100;100;100;318;2,1;1,3;
2026/07/14;1100 UTC;0;972,8;973,7;972,4;24,3;5,8;5,8;6,3;5,3;6,4;5,4;100;100;100;269;2,5;,6;
2026/07/14;1200 UTC;0;973,4;973,8;973,1;486,7;7,5;7,3;8,6;6,4;7,8;6,4;100;95;99;243;4,1;1,6;
2026/07/14;1300 UTC;0;973,1;973,4;972,9;1318,9;9,9;8,2;11,2;8,7;8,9;7,6;95;86;91;240;5,6;2,5;
2026/07/14;1400 UTC;0;973,1;973,3;972,9;1651,6;12,3;8,3;13;11,3;8,8;7,7;87;75;80;255;5,9;2,7;
2026/07/14;1500 UTC;0;972,8;973,1;972,6;2057,8;13,8;8,3;14,8;12,9;9;7,8;77;67;73;226;5,8;2,5;
2026/07/14;1600 UTC;0;972,1;972,5;971,5;2052,5;15,2;8,1;15,7;14,5;8,7;7,4;69;61;65;294;6,4;3,1;
2026/07/14;1700 UTC;0;971;971,5;970,6;2088,3;15,8;8,4;16,3;15,4;9,1;7,9;66;60;63;195;4,8;2,3;
2026/07/14;1800 UTC;0;970,3;970,6;969,9;1815,2;16,3;8,8;16,7;16;9,5;8,1;65;60;62;153;5,1;2,1;
2026/07/14;1900 UTC;0;969,5;970;969,3;1300,8;16,3;8,8;16,6;16,1;9,3;8,2;65;59;63;146;4,6;1,9;
2026/07/14;2000 UTC;0;969,3;969,5;969;627,4;15,8;9,1;16,2;15,1;9,6;8,8;70;63;67;165;4,6;1,7;
2026/07/14;2100 UTC;0;969,3;969,4;969,2;106,8;13,8;8,9;15,2;11,6;9,1;8,8;86;69;76;266;1,8;,5;
2026/07/14;2200 UTC;0;969,3;969,8;969,1;0;12,3;8,8;15,2;10;9,1;8,3;93;69;82;225;1,3;,4;
2026/07/14;2300 UTC;0;969,5;970,2;969,1;0;11,3;8,7;15,2;8,8;9,1;8;98;69;87;270;2,9;,8;
2026/07/15;0000 UTC;0;969,6;970,2;969,1;0;10,8;8,6;15,2;8,8;9,1;7,9;98;69;89;317;3,4;1,7;
2026/07/15;0100 UTC;0;969,7;970;969,3;0;8,6;7,4;9,6;8,2;7,8;7;96;90;94;283;2,6;1,2;
2026/07/15;0200 UTC;0;969,2;969,5;969;0;8,7;7,1;9,6;7,9;7,4;6,8;96;86;92;308;5,6;2,3;
2026/07/15;0300 UTC;0;969;969,2;968,7;0;9,1;6,6;9,8;8,6;6,9;6,4;90;85;88;237;3,2;1,1;
2026/07/15;0400 UTC;0;968,7;968,8;968,6;0;9,1;6,8;9,6;8,7;7,1;6,6;92;86;89;294;2,7;1,1;
2026/07/15;0500 UTC;0;968,9;969;968,8;0;8,3;7;8,7;7,6;7,4;6,5;96;91;93;169;3,3;1,4;
2026/07/15;0600 UTC;0;968,8;968,9;968,6;0;7,6;6,9;8;6,7;7,4;6;98;95;97;334;2,4;1,3;
2026/07/15;0700 UTC;0;968,9;969,1;968,8;0;7,3;7,1;7,7;6,5;7,7;6;100;97;99;50;2,4;1,1;
2026/07/15;0800 UTC;0;968,7;969;968,6;0;6,7;6,7;6,9;6,4;7;6,2;100;99;100;116;3,5;1,1;
2026/07/15;0900 UTC;0;968,4;968,5;968,3;0;8;8;8,7;6,9;8,5;7;100;97;100;214;3,4;1,6;
2026/07/15;1000 UTC;0;968,5;968,7;968,3;0;8,5;7,7;8,9;8,1;8,2;7,2;97;94;96;312;4,3;2,4;
2026/07/15;1100 UTC;0;968,8;969,1;968,7;20,3;8,5;7,4;9;8,2;7,7;7;96;91;94;320;4,2;2,5;
2026/07/15;1200 UTC;0;969,2;969,3;969;684,2;10,1;7,8;11,4;9;8,3;7,2;91;84;89;329;6,1;3,6;
2026/07/15;1300 UTC;,2;969,2;969,3;969;1105;12,4;8,4;13;11,4;8,7;8,1;85;77;80;319;7,6;4,4;
2026/07/15;1400 UTC;0;969,3;969,4;969,1;1739,4;13,9;8,7;15,1;13,1;9,1;8,3;78;70;74;303;6,5;4,1;
2026/07/15;1500 UTC;0;968,6;968,6;968,6;2364,3;15;9,9;15;14,2;10,5;9,9;78;72;72;333;8,3;4,6;
2026/07/15;1600 UTC;2;967,5;968,6;967,5;2281;17;10,5;17,1;15,1;10,7;9,6;73;64;65;340;8,2;4,2;
2026/07/15;1700 UTC;0;966,7;967,5;966,7;2168;17,9;11;17,9;16,8;11;10,3;67;63;64;345;7,1;3,3;
2026/07/15;1800 UTC;0;965,9;966,7;965,9;1895,3;18,6;10,8;18,7;17,9;11,9;10,7;66;60;60;350;7,4;3,1;
2026/07/15;1900 UTC;0;965,6;965,9;965,6;1353,6;18,8;10,4;19,3;18,5;11,5;9,7;62;54;58;351;5,2;2,2;
2026/07/15;2000 UTC;0;965,6;965,8;965,6;684,2;17,9;10,5;18,9;17,9;11;9,8;62;57;62;338;4,9;1,3;
2026/07/15;2100 UTC;0;965,8;965,8;965,5;106,4;13,9;10,3;17,9;13,9;11,1;10,1;79;61;79;110;2;,6;
2026/07/15;2200 UTC;0;965,8;965,8;965,7;0;13,3;10;13,8;13,2;10,3;9,9;81;79;81;252;2,7;,6;
2026/07/15;2300 UTC;0;966,2;966,3;965,9;0;11,6;9,6;13,2;11,4;10,1;9,5;89;81;88;7;2,5;1,1;
2026/07/16;0000 UTC;0;965,7;966,2;965,7;0;11,7;9,5;11,7;11,3;9,6;9,4;89;86;87;38;2,9;,7;
2026/07/16;0100 UTC;0;965,8;965,8;965,7;0;10,5;9,1;11,8;10,5;9,6;9,1;92;85;91;37;2,6;,4;
2026/07/16;0200 UTC;0;965,6;965,8;965,6;0;11;9,2;11;10;9,3;9;95;89;89;6;3,5;1,3;
2026/07/16;0300 UTC;0;965,5;965,7;965,5;0;12,1;9,5;12,3;11;9,6;9,2;89;82;84;5;4;1,5;
2026/07/16;0400 UTC;0;965,6;965,6;965,4;0;13,3;9,4;13,3;12;9,5;9,3;85;77;77;351;4,1;1,7;
2026/07/16;0500 UTC;0;965,5;965,6;965,4;0;14,2;9,5;14,4;13,4;9,6;9,4;77;72;73;348;5,4;2,9;
2026/07/16;0600 UTC;0;965,1;965,5;965,1;0;14,9;9,2;15,2;13,8;9,6;9,1;75;67;69;12;6,2;1,7;
2026/07/16;0700 UTC;0;964,7;965,1;964,7;0;15;9,2;15,2;14,3;9,6;9;72;67;68;349;5,9;2,5;
2026/07/16;0800 UTC;0;964,5;964,7;964,5;0;16;9;16;14,9;9,2;9;69;63;63;339;7,2;3,6;
2026/07/16;0900 UTC;0;964,8;964,8;964,5;0;16,2;8,8;16,2;15,6;9,2;8,8;65;62;62;350;7,7;3,1;
2026/07/16;1000 UTC;0;964,9;964,9;964,7;0;15,5;9,1;16,3;15,4;9,2;8,9;66;62;65;336;7;3,9;
2026/07/16;1100 UTC;0;965,3;965,3;964,9;33,9;16,7;9,2;16,7;15,5;9,2;8,9;65;61;61;340;8;4,2;
2026/07/16;1200 UTC;0;965,4;965,4;965,2;371,6;17,7;9,4;17,7;16,7;9,6;9,1;61;58;58;343;9,1;4,5;
2026/07/16;1300 UTC;0;965,2;965,5;965,2;818,2;18,2;9,9;18,3;17,7;10,2;9,5;60;58;58;339;8,2;4,3;
2026/07/16;1400 UTC;0;964,7;965,2;964,7;1464,3;20,6;10;20,6;18,2;10,9;9,8;59;50;50;342;12,1;5,8;
2026/07/16;1500 UTC;0;963,9;964,8;963,9;1961,9;21,6;10,7;21,7;20,6;10,9;9,9;52;49;50;335;11,8;6,3;
2026/07/16;1600 UTC;0;962,7;963,9;962,7;2048,9;22,4;11,8;22,4;21,5;12,1;10,6;53;49;51;339;11,1;5,3;
2026/07/16;1700 UTC;0;961,4;962,7;961,4;2023;23,1;12,2;23,3;22,4;12,9;11,5;52;50;50;348;9,6;4,9;
2026/07/16;1800 UTC;0;960,7;961,4;960,6;1578,1;23,3;12,7;24,3;23,1;12,9;12,1;51;48;51;339;12,2;5,3;
2026/07/16;1900 UTC;0;959,9;960,7;959,9;813,8;23;13,7;24;23;13,9;12,7;56;50;56;347;8,5;3,6;
2026/07/16;2000 UTC;0;959,5;959,9;959,5;408,3;22,6;13,1;23,2;22,6;13,9;13,1;56;54;55;341;9,4;2,4;
2026/07/16;2100 UTC;0;959,5;959,6;959,4;55,5;21,2;13,4;22,5;21,2;13,5;13,1;61;55;61;351;6,4;1,7;
2026/07/16;2200 UTC;0;959,3;959,5;959,3;0;21;13,3;21,2;20,7;13,6;13,3;64;61;62;350;6,4;2,3;
2026/07/16;2300 UTC;0;959,2;959,4;959,1;0;20,3;13,5;21,1;20,2;13,6;13,3;66;61;65;346;5,9;2,1;
2026/07/17;0000 UTC;0;959,1;959,2;959,1;0;19,6;13,3;20,3;19,6;13,6;13,3;67;65;67;348;5,5;2;
2026/07/17;0100 UTC;0;958,7;959;958,7;0;19,7;13,4;19,7;19,3;13,4;13,3;68;67;67;347;6,7;2,6;
2026/07/17;0200 UTC;0;958,9;959;958,7;0;20,1;13,4;20,2;19,6;13,4;13,3;68;65;65;340;7,8;3;
2026/07/17;0300 UTC;0;959;959;958,9;0;20,3;13,3;20,3;20;13,4;13,2;65;64;64;338;7,4;3,1;
2026/07/17;0400 UTC;0;958,6;959;958,6;0;19,9;13;20;19,6;13,2;13;66;65;65;337;7;3,6;
2026/07/17;0500 UTC;0;958,1;958,6;958,1;0;20,7;12,8;20,7;19,9;13;12,7;64;61;61;339;9,5;5,1;
2026/07/17;0600 UTC;0;957,5;958,1;957,5;0;20,6;12,7;20,8;20,5;12,8;12,7;61;60;61;338;10,2;5,4;
2026/07/17;0700 UTC;0;957,2;957,5;957,2;0;20,6;12,8;20,9;20,6;12,9;12,7;61;60;61;337;9,7;6;
2026/07/17;0800 UTC;0;956,9;957,2;956,9;0;20,6;13;20,8;20,4;13;12,8;62;61;62;333;13;6,3;
2026/07/17;0900 UTC;0;957,1;957,1;956,8;0;20,6;13,2;20,9;20,5;13,2;13;62;61;62;338;12,5;6,7;
2026/07/17;1000 UTC;0;957,2;957,3;957,1;0;20,5;13,4;20,6;20,3;13,4;13,1;64;62;64;337;12,2;6,4;
2026/07/17;1100 UTC;0;957,3;957,5;957,2;29,7;20,7;13,8;20,7;20,3;13,8;13,4;65;64;65;338;11,9;6,8;
2026/07/17;1200 UTC;0;957,6;957,6;957,3;349;21,4;14,4;21,4;20,7;14,4;13,7;65;64;65;337;12,4;6,8;
2026/07/17;1300 UTC;0;957,4;957,6;957,4;787,9;22,6;14,9;22,6;21,4;14,9;14,3;64;62;62;333;13,8;7,8;
2026/07/17;1400 UTC;0;956,7;957,5;956,7;1234,6;24,1;15,5;24,3;22,6;15,6;15;62;58;58;335;16,9;8,8;
2026/07/17;1500 UTC;0;955,7;956,8;955,7;1528,2;24,7;15,6;25,2;24,1;15,8;15,4;58;56;57;336;18,5;9,5;
2026/07/17;1600 UTC;0;954,3;955,8;954,3;1424,9;25,3;16,2;25,6;24,7;16,2;15,6;58;56;57;336;18,3;10;
2026/07/17;1700 UTC;0;953,1;954,3;953,1;1985,3;27;16,8;27;25,3;16,9;16;57;54;54;333;17,5;8,9;
2026/07/17;1800 UTC;0;953,1;953,2;952,7;1394,5;26,9;17,2;27,6;26,8;17,3;16,9;55;53;55;332;17,2;9,5;
2026/07/17;1900 UTC;0;952,8;953,2;952,7;417,9;26,2;17,5;26,9;26,2;17,5;17,2;59;55;59;332;13,9;7;
2026/07/17;2000 UTC;0;952,6;952,8;952,5;206;25,7;17,7;26,1;25,7;17,8;17,4;61;59;61;334;12,2;6,4;
2026/07/17;2100 UTC;0;953,4;953,4;952,6;44;25,3;17,9;25,8;25,3;18;17,7;64;61;64;331;10,8;5,6;
2026/07/17;2200 UTC;0;953,8;953,8;953,4;0;24,9;18,1;25,3;24,9;18,1;17,9;66;64;66;333;9,2;5,3;
2026/07/17;2300 UTC;0;954,5;954,5;953,8;0;24,2;18,2;24,9;24,2;18,2;18,1;69;66;69;326;9,8;5,9;
2026/07/18;0000 UTC;0;955,1;955,1;954,5;0;24,2;18,4;24,3;24,1;18,4;18,2;70;69;70;324;10,7;6,7;
2026/07/18;0100 UTC;0;955,2;955,3;955;0;24,6;18,5;24,6;24,2;18,5;18,4;70;69;69;328;13,8;8,3;
2026/07/18;0200 UTC;0;955,3;955,6;955;0;24,2;18,4;24,5;24,1;18,5;18,4;71;69;70;328;13,9;7,5;
2026/07/18;0300 UTC;0;955,8;955,8;955,4;0;24,1;18,3;24,3;24,1;18,4;18,3;70;70;70;326;14,4;7,9;
2026/07/18;0400 UTC;0;955,9;956;955,7;0;24;18,2;24,2;24;18,3;18,2;70;69;70;326;13,8;7,8;
2026/07/18;0500 UTC;0;955,7;956;955,6;0;23,3;18,1;23,9;23,3;18,2;18,1;73;70;72;330;12,8;7,4;
2026/07/18;0600 UTC;0;955;955,7;955;0;23;17,8;23,3;23;18,1;17,8;73;72;73;331;12,9;6,8;
2026/07/18;0700 UTC;0;954,3;955;954,3;0;22,8;17,7;23;22,7;17,8;17,7;73;72;73;333;11,4;6,2;
2026/07/18;0800 UTC;0;953,4;954,2;953,4;0;22,9;17,6;22,9;22,6;17,7;17,5;73;72;72;334;12,1;7,2;
2026/07/18;0900 UTC;0;953,8;953,8;953,4;0;23,3;17,4;23,3;22,9;17,6;17,4;72;70;70;333;14;8;
2026/07/18;1000 UTC;0;953,9;954;953,7;0;23,3;17,4;23,3;23,1;17,6;17,3;71;69;70;332;14,4;7,4;
2026/07/18;1100 UTC;0;955,2;955,2;953,7;6,9;22,9;17,5;23,4;22,9;17,5;17,3;72;69;72;332;14,3;6,7;
2026/07/18;1200 UTC;2,4;956,9;956,9;954,8;46,7;18,3;16,3;23,6;18,3;17,5;15,4;88;65;88;243;14,6;4,8;
2026/07/18;1300 UTC;4,1;956,3;956,8;955,9;65;17,4;15,7;18,1;17,2;16,3;15,5;93;88;90;217;12,9;3,6;
2026/07/18;1400 UTC;0;956,1;956,5;956,1;120;17,9;15,7;17,9;17,5;15,9;15,6;90;87;87;210;7;2,8;
2026/07/18;1500 UTC;0;956,4;956,6;956,1;95;17,3;16,2;18;17,3;16,4;15,6;93;87;93;168;6,6;3,3;
2026/07/18;1600 UTC;,2;955,8;956,3;955,8;123,5;17,1;16,4;17,3;17,1;16,5;16,2;96;93;95;136;4,8;3,3;
2026/07/18;1700 UTC;0;954,7;955,7;954,7;225,2;17,3;16,6;17,5;17,1;16,7;16,2;96;94;96;40;4,4;1,6;
2026/07/18;1800 UTC;0;954,5;954,9;954,4;160,2;17,5;16,9;17,5;17,3;17;16,7;97;96;97;22;3,1;1;
2026/07/18;1900 UTC;0;955,1;955,1;954,4;157,2;18;17,2;18,3;17,4;17,4;16,9;97;93;95;157;7,5;3,3;
2026/07/18;2000 UTC;0;955,4;955,4;954,9;97,5;18;17;18;17,6;17,2;17;98;94;94;104;7,1;1,7;
2026/07/18;2100 UTC;0;956;956;955,5;22,8;17,4;16;18;17,4;17;15,9;94;90;92;115;5,6;2,3;
2026/07/18;2200 UTC;0;956,2;956,3;956;0;17,4;16,5;17,5;17,3;16,5;16,1;95;92;95;49;5,2;2,2;
2026/07/18;2300 UTC;0;956;956,4;955,9;0;17,3;16,2;17,5;17,3;16,6;16,2;95;93;94;47;6;2,8;
2026/07/19;0000 UTC;0;956,9;956,9;956;0;16,8;16,3;17,3;16,7;16,3;16,1;97;94;97;4;5,5;,9;
2026/07/19;0100 UTC;0;956,1;956,8;956;0;17,1;16,6;17,1;16,8;16,6;16,3;97;96;97;355;4,4;1,1;
2026/07/19;0200 UTC;0;955,7;956,1;955,5;0;17,8;16,6;18;17,1;16,7;16,6;97;92;93;329;4;1,4;
2026/07/19;0300 UTC;0;957;957;955,4;0;17,8;16,4;18,1;17,8;16,6;16,2;93;89;92;139;7,9;4,3;
2026/07/19;0400 UTC;0;958,4;958,4;957,3;,2;15,8;15;17,4;15,8;16;15;96;92;95;135;9,9;5,7;
2026/07/19;0500 UTC;0;958,2;958,3;957,6;0;15,9;14;16;15,8;15;14;95;89;89;88;9,2;3,7;
2026/07/19;0600 UTC;,2;956,7;958,2;956,7;0;15,1;14;15,8;15,1;14,1;13,7;93;87;93;64;7,8;2,9;
2026/07/19;0700 UTC;0;955,8;956,7;955,6;0;14,9;13,9;15,1;14,8;14;13,8;95;93;94;58;8,1;4,5;
2026/07/19;0800 UTC;3,5;954,8;956;954,6;0;14,4;13,9;14,9;14,4;14;13,7;97;92;97;56;9,7;4,4;
2026/07/19;0900 UTC;1,2;953,4;954,8;953,4;0;14,2;14;14,5;14,2;14,1;13,8;99;96;99;55;9;5;
2026/07/19;1000 UTC;6,1;957,2;957,2;953,2;0;14,6;14,4;14,6;14,2;14,4;14;100;99;99;261;9,1;1,7;
2026/07/19;1100 UTC;5,1;956,2;957,4;956,1;,1;14,7;14,7;15,2;14,6;15,2;14,4;100;99;100;83;4,4;1,7;
2026/07/19;1200 UTC;7,9;956,9;958,3;956,2;25;14,6;14,6;14,7;14,6;14,7;14,6;100;100;100;128;4,1;1,1;
2026/07/19;1300 UTC;3,9;957;957,8;956,9;69,1;14,7;14,7;14,7;14,6;14,7;14,6;100;100;100;53;3,1;1,1;
2026/07/19;1400 UTC;1,4;955,8;957;955,8;173;15;15;15,2;14,7;15,2;14,7;100;100;100;6;4,2;1,4;
2026/07/19;1500 UTC;4,3;957;957;955,3;120,4;16;16;16;15;16;15;100;100;100;324;7;4,4;
2026/07/19;1600 UTC;2,6;956,2;957;955,2;247,4;16,2;16,2;16,2;15,9;16,2;15,9;100;100;100;331;10,7;6,2;
2026/07/19;1700 UTC;4,1;957,2;957,2;955,8;132,3;16,6;16,5;16,7;16,2;16,7;16,2;100;100;100;317;10,3;5,2;
2026/07/19;1800 UTC;4,9;956;957,4;954,7;105,4;15,8;15,3;16,6;15,8;16,5;15,3;99;95;97;297;9,3;3,8;
2026/07/19;1900 UTC;4,5;955,4;956,3;955,3;36,3;15,3;14,8;15,8;15,2;15,4;14,7;98;94;97;320;8,4;3,6;
2026/07/19;2000 UTC;3,3;952,7;955,3;952,7;18;15,2;14,7;15,3;15;14,8;14,3;97;94;97;351;9,2;4,3;
2026/07/19;2100 UTC;,2;954,5;954,6;950,9;8,3;15,7;14,6;15,9;15,1;14,7;14,4;97;91;93;325;9,6;6,1;
2026/07/19;2200 UTC;0;955,7;955,9;954,5;0;15,4;14,8;15,8;15,4;14,8;14,6;96;93;96;330;8,3;3,5;
2026/07/19;2300 UTC;0;956,7;956,7;955,6;0;16,1;14,9;16,2;15,2;14,9;14,8;97;92;93;326;7,3;3,5;
2026/07/20;0000 UTC;0;957,3;957,3;956,7;0;15,8;14,9;16,1;15,8;14,9;14,8;95;93;95;313;5,3;1,8;
2026/07/20;0100 UTC;0;957,8;958;957,2;0;16,3;15,1;16,6;15,8;15,2;15;95;91;93;296;4,8;1,6;
2026/07/20;0200 UTC;0;958,5;958,5;957,8;0;15,6;15,3;16,3;15,6;15,3;15,1;98;93;98;5;2,8;1,4;
2026/07/20;0300 UTC;0;958,5;958,8;958,4;0;15,6;15,3;15,7;15,6;15,3;15,2;98;97;98;8;2,1;,5;
2026/07/20;0400 UTC;0;959,5;959,7;958,5;0;15,6;15,5;15,6;15,4;15,5;15,3;100;98;99;316;3;1,4;
2026/07/20;0500 UTC;0;959,2;959,6;959,2;0;16,4;16,2;16,5;15,7;16,2;15,5;99;98;98;347;4,3;1;
2026/07/20;0600 UTC;0;959,2;959,6;959,1;0;16,4;16,2;16,4;16,4;16,2;16,1;99;98;99;358;3,5;,6;
2026/07/20;0700 UTC;0;958,9;959,4;958,9;0;16,3;16,3;16,4;16,3;16,3;16,2;100;99;100;56;3,3;1,6;
2026/07/20;0800 UTC;,2;958,1;959;958;0;15,9;15,9;16,3;15,9;16,3;15,9;100;100;100;50;4,4;1,8;
2026/07/20;0900 UTC;2;957,9;958,4;957,4;0;15,8;15,8;15,9;15,8;15,9;15,8;100;100;100;80;6,6;2,3;
2026/07/20;1000 UTC;4,3;958,7;958,7;957,8;0;15,7;15,7;15,9;15,7;15,9;15,7;100;100;100;73;5,4;2,6;
2026/07/20;1100 UTC;8,5;959,7;959,9;958,2;0;15,6;15,6;15,8;15,6;15,8;15,6;100;100;100;107;5,8;2,2;
2026/07/20;1200 UTC;14,2;960,1;960,4;959,7;5,4;15,6;15,6;15,6;15,5;15,6;15,5;100;100;100;63;6,6;2,2;
2026/07/20;1300 UTC;1,8;959,8;960,2;958,7;139,5;15,9;15,9;15,9;15,5;15,9;15,5;100;100;100;63;5,5;1,9;
2026/07/20;1400 UTC;1;959,1;959,8;959,1;128,7;16,1;16,1;16,1;15,9;16,1;15,9;100;100;100;54;5,4;2,3;
2026/07/20;1500 UTC;11,8;958,6;961,1;957,6;135,9;16,1;16,1;16,2;16;16,2;16;100;100;100;335;7,2;2,6;
2026/07/20;1600 UTC;11;958,1;959,2;958;155,2;16,3;16,3;16,3;16,1;16,3;16,1;100;100;100;65;5,8;1;
2026/07/20;1700 UTC;3;957,3;958;957,2;198,4;16,4;16,4;16,5;16,3;16,5;16,3;100;100;100;57;3,4;1,6;
2026/07/20;1800 UTC;2;956,9;957,5;956,7;119,1;16,4;16,4;16,5;16,4;16,5;16,4;100;100;100;79;4,3;1,4;
2026/07/20;1900 UTC;1,4;957,3;957,4;956,9;89,1;16;16;16,4;16;16,4;16;100;100;100;54;3,3;1,4;
2026/07/20;2000 UTC;,6;957,5;957,6;957,3;56,2;16,1;16,1;16,1;16;16,1;16;100;100;100;99;3,3;1,7;
2026/07/20;2100 UTC;,4;957,3;957,8;957,3;9,4;15,9;15,9;16,1;15,9;16,1;15,9;100;100;100;52;2,7;1,3;
2026/07/20;2200 UTC;,2;957,9;957,9;957,3;0;15,7;15,7;15,8;15,7;15,8;15,7;100;100;100;29;2,5;,7;
2026/07/20;2300 UTC;0;957,9;958,1;957,8;0;15,9;15,9;15,9;15,7;15,9;15,7;100;100;100;342;2,8;1,4;
2026/07/21;0000 UTC;0;958;958,1;957,7;0;16;16;16;15,9;16;15,9;100;100;100;34;3,3;,9;
2026/07/21;0100 UTC;0;958,3;958,7;958,1;0;16,4;16,4;16,4;16,1;16,4;16,1;100;100;100;22;2,3;,6;
2026/07/21;0200 UTC;,2;958,5;958,7;958,4;0;16,6;16,6;16,6;16,3;16,6;16,3;100;100;100;337;2;,8;
2026/07/21;0300 UTC;0;958,8;958,8;958,4;0;16,8;16,8;16,9;16,6;16,9;16,6;100;100;100;334;2,9;1,8;
2026/07/21;0400 UTC;0;958,6;958,7;958,6;0;16,9;16,9;16,9;16,9;16,9;16,9;100;100;100;310;2,4;,9;
2026/07/21;0500 UTC;,2;958,9;958,9;958,5;0;17,2;17,2;17,2;16,9;17,2;16,9;100;100;100;308;4,7;2,1;
2026/07/21;0600 UTC;0;958,9;958,9;958,6;0;17,6;17,6;17,6;17,2;17,6;17,2;100;100;100;294;5,1;2,8;
2026/07/21;0700 UTC;0;958,9;959,2;958,8;0;17,5;17,5;17,6;17,5;17,6;17,5;100;100;100;281;6,9;3,2;
2026/07/21;0800 UTC;,2;958,6;958,9;958,6;0;16,9;16,9;17,5;16,9;17,5;16,9;100;100;100;259;6,6;2,6;
2026/07/21;0900 UTC;0;958,9;958,9;958,4;0;16,7;16,7;16,8;16,7;16,8;16,7;100;100;100;239;5,6;2,2;
2026/07/21;1000 UTC;0;958,7;958,9;958,5;0;16,6;16,6;16,8;16,6;16,8;16,6;100;100;100;230;5,2;2;
2026/07/21;1100 UTC;,2;959,1;959,6;958,7;6,1;16,4;16,4;16,6;16,4;16,6;16,4;100;100;100;201;4,2;1,8;
2026/07/21;1200 UTC;0;960;960,1;959,1;86,3;16,2;16,2;16,4;16,2;16,4;16,2;100;100;100;217;4,5;,8;
2026/07/21;1300 UTC;0;961,5;961,5;959,9;183,2;16,6;16,6;16,6;16,2;16,6;16,2;100;100;100;354;3,3;1,6;
2026/07/21;1400 UTC;0;961,2;961,6;961;151,7;16,6;16,6;16,7;16,5;16,7;16,5;100;100;100;274;5,6;1,3;
2026/07/21;1500 UTC;0;959,8;961,3;959,8;323,1;17;16,6;17;16,6;16,8;16,6;100;98;98;313;3,1;,5;
2026/07/21;1600 UTC;0;959,3;959,9;958,8;421,7;16,7;16,3;17,1;16,7;16,7;16,3;98;96;97;211;5,3;2,1;
2026/07/21;1700 UTC;0;959;959,5;958,8;127,7;15,6;15,6;16,7;15,6;16,3;15,6;100;97;100;185;5,4;2,9;
2026/07/21;1800 UTC;0;958,2;959;957,5;220;15,4;15,4;15,6;15,3;15,6;15,3;100;100;100;147;5,9;2,2;
2026/07/21;1900 UTC;0;958,6;959;958,3;187,8;15,4;15,4;15,4;15,1;15,4;15,1;100;100;100;110;3,9;1,2;
2026/07/21;2000 UTC;0;959,3;959,3;958,7;145,6;14,9;14,9;15,5;14,9;15,4;14,9;100;99;100;164;4,6;2,1;
2026/07/21;2100 UTC;0;960,1;960,1;959,3;55,5;14,6;14,6;14,9;14,6;14,9;14,6;100;100;100;162;3,9;1,9;
2026/07/21;2200 UTC;0;960,1;960,2;959,8;0;14,6;14,6;14,6;14,5;14,6;14,5;100;100;100;166;5,2;2,7;
2026/07/21;2300 UTC;0;960,7;961;960,2;0;14,5;14,5;14,6;14,5;14,6;14,5;100;100;100;167;4,6;3,2;
2026/07/22;0000 UTC;,2;960,8;960,8;960,3;0;14,5;14,5;14,5;14,5;14,5;14,5;100;100;100;179;5,6;3;
2026/07/22;0100 UTC;,2;961,2;961,2;960,7;0;14,4;14,4;14,5;14,4;14,5;14,4;100;100;100;176;6,2;3,1;
2026/07/22;0200 UTC;0;961,6;961,8;961,1;0;14;14;14,4;14;14,4;14;100;100;100;167;6,6;3,2;
2026/07/22;0300 UTC;0;961,9;961,9;961,5;0;14;14;14,1;14;14,1;14;100;100;100;148;6,7;3,2;
2026/07/22;0400 UTC;0;961,7;962;961,6;0;13,7;13,7;14;13,7;14;13,7;100;100;100;149;7,5;3,3;
2026/07/22;0500 UTC;0;961,7;962;961,6;0;13,4;13,4;13,7;13,4;13,7;13,4;100;100;100;134;7;3,2;
2026/07/22;0600 UTC;0;961,8;961,9;961,6;0;13,4;13,4;13,4;13,3;13,4;13,3;100;100;100;141;5,3;1,8;
2026/07/22;0700 UTC;0;961,8;961,9;961,5;0;13,5;13,5;13,5;13,4;13,5;13,4;100;100;100;145;5,8;2,7;
2026/07/22;0800 UTC;,2;962,2;962,3;961,7;0;13,4;13,4;13,5;13,4;13,5;13,4;100;100;100;148;5,9;2,9;
2026/07/22;0900 UTC;,2;962,2;962,3;961,6;0;13,3;13,3;13,4;13,3;13,4;13,3;100;100;100;141;6,3;3;
2026/07/22;1000 UTC;,2;962,7;962,7;962;0;13,2;13,2;13,3;13,2;13,3;13,2;100;100;100;120;6,4;2,7;
2026/07/22;1100 UTC;0;964;964;962,7;17,3;13,2;13,2;13,2;13,1;13,2;13,1;100;100;100;134;6;3,2;
2026/07/22;1200 UTC;,2;964,3;964,3;963,8;153,9;13,5;13,5;13,5;13,2;13,5;13,2;100;100;100;134;6,1;3,7;
2026/07/22;1300 UTC;,2;965,1;965,2;964,4;372,1;13,9;13,9;13,9;13,5;13,9;13,5;100;100;100;122;7,4;3,7;
2026/07/22;1400 UTC;0;965,4;965,5;965,2;767,1;14,2;14,2;14,4;13,9;14,4;13,9;100;100;100;122;7;4,2;
2026/07/22;1500 UTC;,2;964,6;965,5;964,6;1058,4;15;14,9;15;14,1;14,9;14;100;98;99;123;8,4;3,5;
2026/07/22;1600 UTC;,2;963,8;964,7;963,8;1094,5;14,9;14,7;14,9;14,3;14,7;14;99;98;99;115;9,8;3,9;
2026/07/22;1700 UTC;,2;963,2;963,8;963,2;775,5;14,1;13,9;14,9;14,1;14,6;13,8;99;98;99;125;9,2;3,9;
2026/07/22;1800 UTC;,2;963,7;963,7;963,2;543,5;13,9;13,6;14,1;13,6;13,9;13,3;99;97;98;115;9,4;4,1;
2026/07/22;1900 UTC;0;964,1;964,1;963,6;373,8;13,6;13;13,9;13,5;13,5;12,9;97;95;96;118;8,4;4,1;
2026/07/22;2000 UTC;0;964,7;964,7;964,2;106,9;12,9;12,4;13,6;12,9;13;12,4;98;94;97;113;8,3;3,8;
2026/07/22;2100 UTC;3,5;965,8;965,8;964,7;4;11,8;11,4;12,9;11,8;12,4;11,4;99;96;98;128;10,6;5,2;
2026/07/22;2200 UTC;3;966,6;966,7;965,8;0;11,7;11,5;11,9;11,7;11,8;11,4;99;98;99;136;9,6;5,3;
2026/07/22;2300 UTC;1,6;968,3;968,3;966,5;0;11,6;11,4;11,7;11,6;11,5;11,3;99;98;99;115;10,3;4,3;
2026/07/23;0000 UTC;3,2;968,8;968,8;968,3;0;11,4;11,4;11,6;11,4;11,4;11,2;100;99;100;140;7,8;4,1;
2026/07/23;0100 UTC;1,6;969,3;969,3;968,8;0;11,1;10,9;11,4;11,1;11,3;10,8;100;98;99;107;8,3;4,7;
2026/07/23;0200 UTC;,6;969,1;969,4;969,1;0;10,8;10,7;11,1;10,8;10,9;10,7;99;98;99;88;10,2;4,3;
2026/07/23;0300 UTC;1;968,2;969,1;967,8;0;10,5;10,5;10,8;10,5;10,7;10,5;100;99;100;98;8,2;4,3;
2026/07/23;0400 UTC;0;969,4;969,5;968,6;0;10,7;10,6;10,7;10,4;10,6;10,2;99;99;99;122;8;4,5;
2026/07/23;0500 UTC;,2;969,7;969,9;969,5;0;10,7;10,7;10,8;10,7;10,7;10,5;100;98;100;138;8;3,9;
2026/07/23;0600 UTC;,2;969,9;970;969,7;0;10,5;10,5;10,7;10,5;10,7;10,5;100;100;100;124;8,3;3,9;
2026/07/23;0700 UTC;0;970;970,1;969,8;0;10,4;10,1;10,5;10,4;10,5;10,1;100;98;98;130;7,9;3,7;
2026/07/23;0800 UTC;0;970;970,2;969,9;0;10,1;10;10,4;10,1;10,1;9,9;99;98;99;119;7;2,9;
2026/07/23;0900 UTC;0;970,6;970,6;970;0;10,3;10,1;10,3;10,1;10,1;10;99;99;99;124;6;2,7;
2026/07/23;1000 UTC;0;971,2;971,3;970,6;0;10,4;10,2;10,4;10,3;10,3;10,1;99;99;99;124;5,9;3,3;
2026/07/23;1100 UTC;0;971,8;971,8;971,3;18,6;10,4;10,2;10,4;10,4;10,2;10,2;99;99;99;104;6,2;2,6;
2026/07/23;1200 UTC;0;971,5;972,2;971,4;278;10,8;10,3;10,8;10,4;10,4;10,2;99;96;97;99;7,9;4,4;
2026/07/23;1300 UTC;0;971,6;971,8;971,3;697,5;11,4;10,4;11,5;10,8;10,6;10,2;97;93;93;88;9,4;4,5;
2026/07/23;1400 UTC;0;971,8;971,8;971,5;1057,4;12,2;10,1;13;11,5;11,2;10,1;93;86;87;95;9,4;3,7;
2026/07/23;1500 UTC;0;972,1;972,2;971,8;1883,3;13,1;10,4;14,7;12,1;11,2;9,7;88;76;84;87;7,3;3,4;
2026/07/23;1600 UTC;0;971,9;972,1;971,9;805,2;13,4;9,9;13,5;13;10,9;9,6;86;79;79;98;7;3;
2026/07/23;1700 UTC;0;971,1;971,9;971,1;1084,4;13,8;10,6;14,6;13,4;10,7;9,8;82;74;81;105;6,8;2,8;
2026/07/23;1800 UTC;0;971,1;971,1;970,9;1074,9;14,2;10,8;14,8;13,5;11,4;10,2;85;75;80;108;6,2;3,5;
2026/07/23;1900 UTC;0;970,8;971,1;970,7;705,6;13,9;10,6;14,6;13,6;11,1;10,2;83;77;81;96;6,2;3,4;
2026/07/23;2000 UTC;0;971;971;970,6;602,1;13,2;10,4;14,2;13,2;10,9;9,8;83;75;83;87;8,5;4,1;
2026/07/23;2100 UTC;0;971,4;971,4;970,9;74,9;12,2;10,6;13,2;12,1;10,7;10,2;90;84;90;75;6,9;2,5;
2026/07/23;2200 UTC;0;971,3;971,5;971;0;11,1;10,4;12,2;11,1;10,7;10,4;95;90;95;83;5,8;2,9;
2026/07/23;2300 UTC;0;971,8;971,9;971,4;0;10,9;10,2;11,1;10,8;10,4;9,9;96;94;95;86;7,2;3;
2026/07/24;0000 UTC;0;972,1;972,1;971,7;0;10,6;10,2;10,8;10,5;10,2;10;97;95;97;91;7,1;2,7;
2026/07/24;0100 UTC;0;972;972,4;972;0;10,4;10,1;10,5;10,4;10,2;10,1;98;98;98;82;6,4;3,4;
2026/07/24;0200 UTC;0;971,8;972;971,7;0;10,1;9,9;10,4;10,1;10,1;9,9;99;98;99;76;7,5;3,8;
2026/07/24;0300 UTC;0;971,7;971,9;971,7;0;9,8;9,7;10,1;9,8;9,9;9,7;99;99;99;74;7,7;3,8;
2026/07/24;0400 UTC;0;971,1;971,7;971,1;0;9,7;9,7;9,7;9,4;9,7;9,4;100;99;100;67;7,7;3,9;
2026/07/24;0500 UTC;0;970,7;971,2;970,6;0;9,8;9,8;9,8;9,7;9,8;9,7;100;100;100;60;8,9;4,4;
2026/07/24;0600 UTC;0;970,1;970,7;970,1;0;9,8;9,8;9,8;9,8;9,8;9,8;100;100;100;55;8;4,3;
2026/07/24;0700 UTC;0;969,6;970,1;969,4;0;9,8;9,8;9,8;9,7;9,8;9,7;100;100;100;56;8;3,4;
2026/07/24;0800 UTC;0;969,7;969,8;969,5;0;9,7;9,7;9,8;9,7;9,8;9,7;100;100;100;61;6,5;2,9;
2026/07/24;0900 UTC;0;969,7;969,8;969,7;0;9,6;9,6;9,7;9,6;9,7;9,6;100;100;100;60;5,8;3,3;
2026/07/24;1000 UTC;0;969,7;969,7;969,6;0;9,7;9,7;9,7;9,5;9,7;9,5;100;100;100;58;7,1;4;
2026/07/24;1100 UTC;0;970,4;970,4;969,7;24,3;9,9;9,9;9,9;9,7;9,9;9,7;100;100;100;51;6,2;2,4;
2026/07/24;1200 UTC;0;970,5;970,6;970,4;263,7;10,6;10,6;10,6;9,9;10,6;9,9;100;100;100;54;6,1;3,3;
2026/07/24;1300 UTC;0;971,4;971,4;970,5;932;13,3;11,3;13,3;10,6;11,7;10,6;100;88;88;31;6,5;2,1;
2026/07/24;1400 UTC;0;971,2;971,4;971,1;1516,7;14,5;11,4;14,5;12,7;11,8;11;91;81;81;50;7,6;4;
2026/07/24;1500 UTC;0;970,5;971,2;970,5;1674,7;15,1;12,2;15,6;14,5;12,5;11,6;84;80;83;52;7,6;3,8;
2026/07/24;1600 UTC;0;969,3;970,5;969,3;1134,4;15,6;12,5;15,8;15,1;12,6;11,7;83;77;82;56;7,3;4,1;
2026/07/24;1700 UTC;0;968,6;969,3;968,5;1218,5;16,4;13;16,4;15,6;13;12,4;83;78;81;66;7,5;2,9;
2026/07/24;1800 UTC;0;969,1;969,1;968,4;1059,1;15,9;13;16,6;15,9;13,3;12,6;83;77;83;79;6,4;2;
2026/07/24;1900 UTC;0;969,2;969,3;969,1;275,1;15,7;12,9;15,9;15,7;13,2;12,7;84;82;84;73;4;1,5;
2026/07/24;2000 UTC;0;969;969,3;968,9;243,3;15,3;13,2;15,7;15,3;13,5;12,8;89;83;88;80;4,5;2;
2026/07/24;2100 UTC;0;968,6;969,1;968,6;68,7;14,2;13,4;15,3;14,2;13,4;13;95;87;95;61;5;2,1;
2026/07/24;2200 UTC;0;968,7;969,6;968,6;0;13,9;13,2;14,1;13,9;13,4;13,2;96;95;96;55;5,2;2,7;
2026/07/24;2300 UTC;0;968,4;968,7;967,8;0;13,5;13,2;13,9;13,5;13,2;13,2;98;96;98;31;7;2,2;
2026/07/25;0000 UTC;0;969;969;967,9;0;12,9;12,9;13,5;12,9;13,2;12,8;100;98;100;285;5,6;1;
2026/07/25;0100 UTC;0;969,5;969,7;969,4;0;13,4;13,1;13,4;13;13,2;13;100;98;98;336;4,2;,5;
2026/07/25;0200 UTC;0;970,3;970,3;969,4;0;13,6;13,1;13,6;13,4;13,2;13,1;99;97;97;213;3;1,7;
2026/07/25;0300 UTC;0;970,2;970,5;970,2;0;13,4;13,1;13,6;13,4;13,1;13;98;97;98;275;3,3;,7;
2026/07/25;0400 UTC;0;969,3;970,2;969,3;0;12,3;12,1;13,4;12,3;13,1;12,1;99;98;99;310;1,2;,3;
2026/07/25;0500 UTC;0;969,8;970,1;969,3;0;12,7;12,7;12,8;11,5;12,8;11,3;100;98;100;210;1,6;,4;
2026/07/25;0600 UTC;0;968,4;969,8;968,4;0;12,7;12,6;12,8;12,6;12,8;12,6;100;100;100;320;2,1;1,3;
2026/07/25;0700 UTC;0;968,4;968,4;968,2;0;12,7;12,5;12,7;12,7;12,6;12,5;99;99;99;329;3,9;2,5;
2026/07/25;0800 UTC;0;968,3;968,5;968,2;0;12;11,9;12,7;12;12,5;11,9;99;98;99;322;3,5;1,1;
2026/07/25;0900 UTC;0;968,7;968,7;968,3;0;9,8;9,8;12;9,8;11,9;9,8;100;99;100;312;1,2;,7;
2026/07/25;1000 UTC;0;968,7;968,9;968,7;0;9,8;9,8;10,1;9,8;10,1;9,8;100;100;100;350;,8;,3;
2026/07/25;1100 UTC;0;969;969;968,5;52,1;9,6;9,6;10,4;9,4;10,4;9,4;100;100;100;359;1,1;,3;
2026/07/25;1200 UTC;0;969,6;969,6;969;628,7;13,7;13,2;13,7;9,6;13,2;9,6;100;97;97;10;1,1;,4;
2026/07/25;1300 UTC;0;970,1;970,1;969,3;1353,5;16,1;13,8;16,1;13,8;13,8;12,9;96;84;86;341;1,9;1,1;
2026/07/25;1400 UTC;0;970;970,2;970;1816,2;18,5;14,6;18,6;16,2;14,9;13,7;86;77;78;35;2,5;1,3;
2026/07/25;1500 UTC;0;969,7;970;969,5;1342,8;18,5;14,4;18,6;17,7;15;14;82;76;77;335;3,2;1,1;
2026/07/25;1600 UTC;0;968,9;969,7;968,8;2144,7;19;15,2;19,8;18,5;15,2;14;79;70;79;38;3,6;1,4;
2026/07/25;1700 UTC;0;967,9;968,9;967,9;2083,3;19,6;14,8;20,3;18,8;15,6;14,3;78;70;74;323;4,5;2,8;
2026/07/25;1800 UTC;0;967,9;968,4;967,9;1986,8;19,8;14,9;20;19,4;15,4;14,4;76;71;74;342;4,3;2;
2026/07/25;1900 UTC;0;968;968,4;967,8;1467;19,2;15,3;19,8;19,1;15,6;14,7;80;73;78;12;4,4;1,5;
2026/07/25;2000 UTC;0;968,1;968,2;967,9;662;16,9;15;19,3;16,9;15,7;15;89;77;89;80;5,1;2,4;
2026/07/25;2100 UTC;0;968,6;968,6;968,1;46,2;15,6;14,8;16,8;15,6;15,1;14,7;95;89;95;47;4,8;1,4;
2026/07/25;2200 UTC;0;968,4;968,7;968,4;0;14,9;14,7;15,6;14,9;14,8;14,7;98;95;98;62;4,3;2,5;
2026/07/25;2300 UTC;0;968,5;968,5;968,3;0;14,7;14,7;14,9;14,7;14,7;14,6;100;99;100;49;5,3;2;
2026/07/26;0000 UTC;0;968,7;968,7;968,3;0;14,6;14,6;14,7;14,6;14,7;14,6;100;100;100;9;4,8;1,2;
2026/07/26;0100 UTC;0;968,5;968,6;968,3;0;14,2;14,2;14,6;14,2;14,6;14,2;100;100;100;352;7;2,3;
2026/07/26;0200 UTC;0;968,2;968,7;968,2;0;14,5;14,5;14,5;14,2;14,5;14,2;100;100;100;355;6,2;2,5;
2026/07/26;0300 UTC;0;968;968,3;967,8;0;14,7;14,7;14,7;14,5;14,7;14,5;100;100;100;347;6,5;2,2;
2026/07/26;0400 UTC;0;967,5;967,9;967,5;0;14,7;14,7;14,7;14,5;14,7;14,5;100;100;100;352;6,5;2,8;
2026/07/26;0500 UTC;0;967,1;967,5;967,1;0;14,7;14,7;14,7;14,7;14,7;14,7;100;100;100;349;6,2;2,2;
2026/07/26;0600 UTC;0;966,9;967,2;966,8;0;14,8;14,8;14,8;14,7;14,8;14,7;100;100;100;353;5,4;2,2;
2026/07/26;0700 UTC;0;966,8;967;966,8;0;14,7;14,7;14,8;14,7;14,8;14,7;100;100;100;335;5,4;2,7;
2026/07/26;0800 UTC;0;966,6;966,8;966,6;0;14,6;14,6;14,7;14,6;14,7;14,6;100;100;100;339;4,2;2,2;
2026/07/26;0900 UTC;0;966,7;966,7;966,6;0;15;14,6;15;14,6;14,8;14,6;100;97;97;321;4,2;2,5;
2026/07/26;1000 UTC;0;967;967,1;966,6;0;15,1;14,7;15,1;14,9;14,7;14,5;98;97;97;319;4;2,5;
2026/07/26;1100 UTC;0;967,4;967,5;967;18,6;15,3;14,9;15,3;15,1;14,9;14,7;98;97;97;327;4,1;1,5;
2026/07/26;1200 UTC;0;967,8;968;967,4;200,7;15,9;15,3;15,9;15,3;15,3;14,9;97;96;96;297;2,4;1;
2026/07/26;1300 UTC;0;968,2;968,3;967,7;254;16,9;15,9;16,9;15,9;16;15,3;97;94;94;235;2,7;1,3;
2026/07/26;1400 UTC;0;968;968,2;967,7;542;16,8;16;17,1;16,8;16,2;15,9;95;93;95;130;3;1,4;
2026/07/26;1500 UTC;0;967,6;968,2;967,6;370,5;16,5;15,8;16,9;16,5;16,1;15,8;96;94;96;149;2,9;1,6;
2026/07/26;1600 UTC;0;966,9;967,6;966,9;254,6;16;15,5;16,5;16;15,8;15,5;97;96;97;152;4;2,3;
2026/07/26;1700 UTC;0;966,2;966,9;966,2;277,1;15,5;15,5;15,9;15,2;15,6;15,2;100;97;100;91;4,8;1,5;
2026/07/26;1800 UTC;0;965,8;966,2;965,8;302,4;15,5;15,5;15,7;15,4;15,7;15,4;100;100;100;60;3,4;1,8;
2026/07/26;1900 UTC;0;965,5;965,8;965,4;330,5;15,2;15,2;15,5;15,2;15,5;15,2;100;100;100;49;4,1;1,7;
2026/07/26;2000 UTC;0;965,4;965,5;965,3;252;15,2;15,2;15,2;15,1;15,2;15,1;100;100;100;66;3,3;1,3;
2026/07/26;2100 UTC;0;965,8;965,8;965,3;44,7;15;15;15,2;14,9;15,2;14,9;100;100;100;322;3,5;,9;
2026/07/26;2200 UTC;0;966,3;966,3;965,8;0;14,9;14,9;15;14,9;15;14,9;100;100;100;139;1,8;,9;
2026/07/26;2300 UTC;0;966,3;966,5;966,2;0;14,8;14,8;14,9;14,8;14,9;14,8;100;100;100;74;1,9;,6;
2026/07/27;0000 UTC;0;966,5;966,6;966,2;0;14,9;14,9;14,9;14,8;14,9;14,8;100;100;100;130;1,7;,8;
2026/07/27;0100 UTC;0;966,8;967,1;966,5;0;15;15;15;14,9;15;14,9;100;100;100;131;2,7;1;
2026/07/27;0200 UTC;0;966,7;967;966,6;0;15;15;15;15;15;15;100;100;100;89;2,5;1,2;
2026/07/27;0300 UTC;0;966,2;966,8;966,2;0;14,5;14,5;15;14,5;15;14,5;100;100;100;96;4,7;2,8;
2026/07/27;0400 UTC;0;966,3;966,3;966,1;0;13,8;13,8;14,4;13,8;14,4;13,8;100;100;100;117;4,5;2,5;
2026/07/27;0500 UTC;0;966,3;966,4;966;0;12,7;12,7;13,7;12,7;13,7;12,7;100;100;100;104;5,1;2,1;
2026/07/27;0600 UTC;0;965,6;966,5;965,6;0;12,5;12,5;12,7;12,5;12,7;12,5;100;100;100;81;4;2,2;
2026/07/27;0700 UTC;0;964,9;965,6;964,9;0;12,5;12,5;12,5;12,5;12,5;12,5;100;100;100;75;4,2;2,4;
2026/07/27;0800 UTC;0;964,8;965;964,5;0;12,6;12,6;12,6;12,5;12,6;12,5;100;100;100;60;4,1;1,9;
2026/07/27;0900 UTC;0;964,7;965;964,5;0;12,8;12,8;12,8;12,6;12,8;12,6;100;100;100;62;4,4;2,1;
2026/07/27;1000 UTC;,2;964,9;965;964,7;0;13,1;13,1;13,1;12,9;13,1;12,9;100;100;100;38;3,9;1,6;
2026/07/27;1100 UTC;0;965,2;965,3;964,9;13,1;13,3;13,3;13,3;13,1;13,3;13,1;100;100;100;48;4,5;2,2;
2026/07/27;1200 UTC;0;965,2;965,3;965;126,2;13,6;13,6;13,6;13,3;13,6;13,3;100;100;100;39;4,8;2,2;
2026/07/27;1300 UTC;0;964,9;965,4;964,9;315,5;14,1;14,1;14,1;13,6;14,1;13,6;100;100;100;36;4,6;2,3;
2026/07/27;1400 UTC;0;964,7;965,1;964,6;443,3;14,7;14,7;14,7;14,1;14,7;14,1;100;100;100;36;5;1,7;
2026/07/27;1500 UTC;0;963,9;964,7;963,7;518,9;15,2;15,2;15,3;14,7;15,3;14,7;100;100;100;25;5,1;1,7;
2026/07/27;1600 UTC;0;962,3;963,9;962,3;759,2;16,1;16,1;16,1;15,2;16,1;15,2;100;100;100;9;4,8;1,5;
2026/07/27;1700 UTC;0;961;962,2;961;407,5;16,1;16;16,3;16;16,3;16;100;99;99;359;4,6;1,5;
2026/07/27;1800 UTC;0;960,9;960,9;960,5;28,3;15,9;15,8;16,1;15,9;16;15,8;100;99;100;355;6,5;2,2;
2026/07/27;1900 UTC;13,4;962,6;962,7;960,9;13,3;15,7;15,7;16,4;15,7;16,4;15,7;100;99;100;336;11,6;6,6;
2026/07/27;2000 UTC;6,9;961,9;963,1;961,9;42;16,7;16,7;16,7;15,7;16,7;15,7;100;100;100;353;11,5;2,3;
2026/07/27;2100 UTC;,6;961,4;961,9;961,2;14,2;15,5;15,5;16,7;15,5;16,7;15,5;100;100;100;47;3,3;1,6;
2026/07/27;2200 UTC;1,2;961,7;962;961,3;0;15,4;15,4;15,5;15,4;15,5;15,4;100;100;100;20;2,9;,9;
2026/07/27;2300 UTC;2;959,9;961,9;959,9;0;15,8;15,8;15,8;15,4;15,8;15,4;100;100;100;21;4,9;2;
2026/07/28;0000 UTC;1,6;959,9;960,4;959,5;0;15,9;15,9;15,9;15,7;15,9;15,7;100;100;100;331;3,9;1,3;
2026/07/28;0100 UTC;,4;959,7;960,3;959,2;0;16;16;16;15,9;16;15,9;100;100;100;29;3,7;,8;
2026/07/28;0200 UTC;1,4;959,1;960,2;959,1;0;15,9;15,9;16;15,9;16;15,9;100;100;100;341;4,6;2,2;
2026/07/28;0300 UTC;0;958,8;959,2;958,8;0;15,8;15,8;16;15,8;16;15,8;100;100;100;13;5,4;1,6;
2026/07/28;0400 UTC;4,3;959,5;960;958,7;0;16,2;16,1;16,2;15,9;16,2;15,9;100;99;99;299;5,3;1,4;
2026/07/28;0500 UTC;5,3;959;959,9;958,4;0;16,1;16,1;16,2;16,1;16,2;16,1;100;99;100;304;7,6;3,7;
2026/07/28;0600 UTC;0;959,4;960,2;958,9;0;16,2;16,2;16,2;16,1;16,2;16,1;100;99;100;285;6,6;2;
2026/07/28;0700 UTC;0;958,8;959,6;958,3;0;17;16,7;17;16,2;16,7;16,2;100;98;98;267;6,3;3,8;
2026/07/28;0800 UTC;0;959;959,2;958,7;0;16,4;16,3;17;16,4;16,6;16,3;100;97;100;243;6,6;2,3;
2026/07/28;0900 UTC;0;959,8;959,8;958,9;0;16,5;16,5;16,5;16,3;16,5;16,3;100;100;100;259;4,9;1,5;
2026/07/28;1000 UTC;0;959,9;960,3;959,8;0;16,4;16,4;16,5;16,4;16,5;16,4;100;100;100;187;5,2;2,4;
2026/07/28;1100 UTC;0;960,4;960,4;959,8;14,5;16,5;16,5;16,5;16,3;16,5;16,3;100;100;100;183;4,6;1,1;
2026/07/28;1200 UTC;,2;961,5;962,2;960,3;97;16,7;16,7;16,7;16,5;16,7;16,5;100;100;100;217;1,8;,8;
2026/07/28;1300 UTC;0;962;962;961,4;116,9;16,7;16,7;16,8;16,7;16,8;16,7;100;100;100;103;2,9;1,3;
2026/07/28;1400 UTC;0;962,3;962,3;962;351,6;17,2;17,1;17,3;16,7;17,2;16,7;100;99;99;48;1,8;,8;
2026/07/28;1500 UTC;0;962,2;962,6;962,2;682,8;18,2;17;18,2;17,3;17,4;16,7;99;92;93;69;2,8;,5;
2026/07/28;1600 UTC;0;961,8;962,3;961,8;849,5;18,8;17,2;18,9;18,2;17,5;16,8;93;89;90;159;2,1;,8;
2026/07/28;1700 UTC;0;960,6;961,7;960,5;689,6;18,7;17,2;18,9;18,4;17,8;17,1;95;90;91;123;2,9;,9;
2026/07/28;1800 UTC;0;960,6;960,6;959,9;287,9;17,8;17;18,7;17,8;17,5;17;96;92;95;117;3,5;2;
2026/07/28;1900 UTC;0;960,3;961,7;960,1;74,2;17,2;16,8;17,8;17,1;17,1;16,8;98;95;98;126;5,1;2,4;
2026/07/28;2000 UTC;0;961,3;961,3;957,8;34,5;15,4;15,4;17,1;15,4;16,8;15,4;100;98;100;151;11,6;3,4;
2026/07/28;2100 UTC;,2;960,5;962,2;960,5;2,8;14,8;14,8;15,3;14,8;15,3;14,8;100;100;100;68;6,2;3,3;
2026/07/28;2200 UTC;1;960,4;961,2;959,6;0;14,8;14,8;14,8;14,7;14,8;14,7;100;100;100;127;8;3,1;
2026/07/28;2300 UTC;,6;961,5;961,9;960;0;15;15;15,1;14,8;15,1;14,8;100;99;100;107;7,6;,9;
2026/07/29;0000 UTC;2;960,3;962;959,8;0;14,7;14,7;15;14,7;15;14,7;100;100;100;42;5,1;2,8;
2026/07/29;0100 UTC;2;965;965;962;0;16;14,7;16,1;14,8;15,3;14,5;100;91;92;224;7,2;2,3;
2026/07/29;0200 UTC;3;964,7;965,3;964,7;0;15,3;15,2;16,2;15,1;15,2;13,7;99;85;99;353;5,5;1,4;
2026/07/29;0300 UTC;2,2;961,4;964,7;961,4;0;14,8;14,6;15,4;14,8;15,3;14,6;100;99;99;359;8,7;3,7;
2026/07/29;0400 UTC;,2;960,1;961,3;958,7;0;13,8;12,7;14,8;13,7;14,5;12,7;99;93;94;359;10,3;3,3;
2026/07/29;0500 UTC;0;960,5;960,6;959,8;0;13,1;12,3;13,8;13,1;12,8;12,3;95;93;95;346;8,1;2,4;
2026/07/29;0600 UTC;0;960,8;961;960,4;0;12,8;12;13,1;12,7;12,3;12;96;95;95;339;5;1,9;
2026/07/29;0700 UTC;0;962,5;962,5;960,9;0;12,9;12;12,9;12,7;12,1;11,9;96;94;94;174;5,6;2,1;
2026/07/29;0800 UTC;0;963,4;963,8;962,2;0;12,4;11,9;13,1;12,4;12,1;11,9;97;93;97;264;5,6;,8;
2026/07/29;0900 UTC;0;962,4;963,3;962,1;0;11,8;11,7;12,4;11,8;12;11,7;99;97;99;98;2,3;1,4;
2026/07/29;1000 UTC;0;962,6;962,6;961,5;0;11,9;11,9;11,9;11,8;11,9;11,7;100;99;100;132;5,2;2,2;
2026/07/29;1100 UTC;0;963,6;963,6;962,7;18,1;12,4;12,4;12,4;11,9;12,4;11,9;100;100;100;146;4,4;2,3;
2026/07/29;1200 UTC;0;965;965;963,6;154,8;12,6;12,6;12,6;12,4;12,6;12,4;100;100;100;123;5;2,1;
2026/07/29;1300 UTC;0;965,7;965,7;965;332,6;13;13;13;12,5;13;12,5;100;100;100;153;5;2,3;
2026/07/29;1400 UTC;0;966,7;966,7;965,7;493,5;13,4;13,1;13,4;12,9;13,2;12,9;100;98;98;166;5,8;3,2;
2026/07/29;1500 UTC;0;966,6;966,9;966,5;1048,7;14,8;13,3;14,8;13,4;13,6;13;98;90;91;170;6,4;4;
2026/07/29;1600 UTC;0;966,1;966,7;966,1;1342,8;15,3;13,2;15,5;14,6;13,7;13,1;93;87;87;157;7,6;3,6;
2026/07/29;1700 UTC;0;966,2;966,2;965,9;1326,8;15,3;13;15,5;14,8;13,6;12,8;91;86;86;154;6,5;3,3;
2026/07/29;1800 UTC;0;966,3;966,3;965,9;898,2;14,8;12,9;15,3;14,8;13,2;12,5;90;85;88;148;5,9;2,8;
2026/07/29;1900 UTC;0;966,8;966,9;966,2;437,1;14,3;12,7;14,8;14,3;13,1;12,7;92;87;90;146;6;2,7;
2026/07/29;2000 UTC;0;967,1;967,1;966,7;305,5;14,2;13;14,5;14,2;13,1;12,6;93;90;92;138;5,6;2,8;
2026/07/29;2100 UTC;0;967,7;967,7;967,1;46,8;13,6;13,4;14,2;13,6;13,4;13;99;93;99;123;4,4;1,7;
2026/07/29;2200 UTC;0;968,9;968,9;967,8;0;13,6;13,3;13,6;13,5;13,4;13,1;99;97;98;97;3,4;,9;
2026/07/29;2300 UTC;0;969,7;969,8;968,9;0;13,6;13,5;13,7;13,6;13,5;13,3;99;98;99;117;2,2;,7;
2026/07/30;0000 UTC;,8;970;970;969,5;0;13,4;13,4;13,6;13,4;13,6;13,4;100;100;100;107;4,6;1,8;
2026/07/30;0100 UTC;,2;970,4;970,6;970,1;0;13,3;13,3;13,4;13,3;13,4;13,3;100;100;100;80;4,3;1,6;
2026/07/30;0200 UTC;,2;970,2;970,6;970;0;13,2;13,2;13,3;13,2;13,3;13,2;100;100;100;83;4,9;2,8;
2026/07/30;0300 UTC;,2;970,8;970,8;970,3;0;13,1;13,1;13,3;13,1;13,3;13,1;100;100;100;90;5,1;2,1;
2026/07/30;0400 UTC;0;970,5;971;970,5;0;12,7;12,7;13,1;12,7;13,1;12,7;100;100;100;97;5,3;2,9;
2026/07/30;0500 UTC;0;971;971;970,3;0;12,7;12,7;12,8;12,7;12,8;12,7;100;100;100;87;6,1;2,7;
2026/07/30;0600 UTC;,2;971,3;971,5;970,8;0;12,3;12,3;12,7;12,3;12,7;12,3;100;100;100;112;5,9;2,6;
2026/07/30;0700 UTC;0;971,4;971,6;971,2;0;11,8;11,8;12,4;11,8;12,4;11,8;100;100;100;103;6,7;3,7;
2026/07/30;0800 UTC;,2;971,5;971,7;971,3;0;11,5;11,5;11,8;11,5;11,8;11,5;100;100;100;89;6,2;2,5;
2026/07/30;0900 UTC;0;971,7;971,7;971,2;0;11,5;11,5;11,5;11,4;11,5;11,4;100;100;100;93;6,8;3,3;
2026/07/30;1000 UTC;0;972,6;972,6;971,6;0;11,3;11,3;11,5;11,3;11,5;11,3;100;100;100;95;7,4;3,3;
2026/07/30;1100 UTC;0;972,7;972,7;972,5;25,7;11;10,9;11,3;11;11,3;10,9;100;99;99;88;7,7;3,7;
2026/07/30;1200 UTC;0;973,3;973,3;972,6;200,1;11,5;11,2;11,5;11;11,2;10,9;99;97;98;90;7,8;4,3;
2026/07/30;1300 UTC;0;973,3;973,4;972,9;943,3;13;11,7;13,3;11,6;12;11,2;98;90;92;72;8,7;4,3;
2026/07/30;1400 UTC;0;973,7;973,7;973,2;1650;14,3;12,4;14,3;12,9;12,4;11,6;93;86;88;62;8,9;4,2;
2026/07/30;1500 UTC;0;973,7;973,8;973,5;1802,6;15,1;11,9;15,2;13,9;12,5;11,6;89;81;81;71;8,3;4,2;
2026/07/30;1600 UTC;0;973,2;973,9;973,2;1370,2;15,3;12,1;15,3;14,7;12,2;11,7;84;80;81;64;8,3;3,9;
2026/07/30;1700 UTC;0;970,6;973,2;970,6;1603,3;16,2;12,4;16,2;15,1;12,8;11,8;82;78;78;43;9,7;3,7;
2026/07/30;1800 UTC;0;970,9;971,2;970,4;1247;16,7;11,9;16,7;15,7;12,7;11,3;79;71;73;31;9,5;2,5;
2026/07/30;1900 UTC;0;971,8;971,8;970,9;775,8;16;11,9;16,7;16;12,4;11,5;77;72;76;60;7;2,6;
2026/07/30;2000 UTC;0;971,4;971,9;971,4;598,7;16;12,5;16,7;16;12,5;11,6;80;74;80;81;6,9;2,8;
2026/07/30;2100 UTC;0;970,7;971,3;970,7;171,5;14,1;12,1;16;14,1;12,7;11,9;88;80;88;54;8,3;3,8;
2026/07/30;2200 UTC;0;970;970,7;969,8;0;13,3;11,7;14,1;13,3;12,2;11,7;91;88;91;48;8;3,6;
2026/07/30;2300 UTC;0;970;970,2;970;0;12,9;11,9;13,2;12,9;11,9;11,7;94;91;93;53;8,7;4,6;
2026/07/31;0000 UTC;0;970,5;970,5;970;0;12,4;11,8;12,9;12,4;11,9;11,8;96;93;96;53;9,5;3,8;
2026/07/31;0100 UTC;0;970,6;970,8;970,5;0;12,3;11,8;12,4;12,3;11,8;11,7;97;95;97;42;7,8;3,9;
2026/07/31;0200 UTC;0;970,3;970,7;970,3;0;12,3;11,9;12,3;12,3;11,9;11,8;97;96;97;54;8,6;4,8;
2026/07/31;0300 UTC;0;970,4;970,5;970,2;0;12;11,9;12,3;12;11,9;11,8;99;97;99;49;8,2;3,5;
2026/07/31;0400 UTC;0;969,8;970,4;969,8;0;12,2;12;12,2;12;12;11,9;99;98;99;50;8,1;4,4;
2026/07/31;0500 UTC;0;969,5;969,8;969,5;0;12,5;12,4;12,5;12,2;12,4;12;99;99;99;41;7,9;2,7;
2026/07/31;0600 UTC;0;969;969,5;969;0;12,5;12,5;12,5;12,5;12,5;12,4;100;99;100;1;5,7;1,4;
2026/07/31;0700 UTC;0;968,5;969;968,4;0;12,8;12,8;12,8;12,5;12,8;12,5;100;100;100;349;5,6;1,3;
2026/07/31;0800 UTC;0;968;968,5;968;0;12,7;12,7;12,8;12,7;12,8;12,7;100;100;100;3;4,8;,9;
2026/07/31;0900 UTC;0;968,2;968,2;968;0;12,8;12,8;12,8;12,6;12,8;12,6;100;100;100;304;3,9;1,1;
2026/07/31;1000 UTC;0;968,6;968,6;968,2;0;12,9;12,9;12,9;12,8;12,9;12,8;100;100;100;355;4,9;1,2;
2026/07/31;1100 UTC;0;968,7;968,7;968,6;68;13,4;13,4;13,4;12,9;13,4;12,9;100;100;100;331;4,5;1,7;
2026/07/31;1200 UTC;0;969,1;969,2;968,7;589,3;15,9;14,4;15,9;13,5;14,5;13,5;100;91;91;344;5,5;2,7;
2026/07/31;1300 UTC;0;968,9;969,1;968,7;1227,8;17,7;15,6;17,7;15,9;15,6;14,4;92;87;88;359;5,8;2,2;
2026/07/31;1400 UTC;0;968,5;969;968,5;1775,2;20,6;16,9;20,6;17,7;17;15,3;87;79;79;346;7,1;3,2;
2026/07/31;1500 UTC;0;967,3;968,5;967,3;2139,5;23,1;17,7;23,2;20,6;18,3;16,8;80;71;72;351;7,2;2,8;
2026/07/31;1600 UTC;0;966;967,3;966;2292,7;24;17,5;24,3;23;18;17,1;73;66;67;345;8,1;2,8;
2026/07/31;1700 UTC;0;965,3;966,1;965,3;2216,9;24,4;17,9;24,4;23,6;18,1;17,1;70;65;67;338;9,8;3,7;
2026/07/31;1800 UTC;0;964,8;965,3;964,8;1902,7;24,5;18;25,2;24,4;18,4;17,3;68;63;67;346;8;3,4;
2026/07/31;1900 UTC;0;963,8;964,7;963,8;1403,4;24,8;18,5;24,9;24,5;18,6;17,5;69;65;68;351;7,5;3,2;
2026/07/31;2000 UTC;0;963,6;963,9;963,6;765,6;23,8;18,7;24,7;23,8;18,8;18,1;73;68;73;347;8,7;3,1;
2026/07/31;2100 UTC;0;964;964;963,6;157,5;21,4;19;23,8;21,4;19,1;18,7;86;73;86;332;5,9;1,6;
2026/07/31;2200 UTC;0;964,2;964,2;963,9;0;20;18,6;21,4;20;19;18,6;92;86;92;323;4,2;1,3;
2026/07/31;2300 UTC;0;964;964,2;964;0;19,8;18,3;19,9;19,6;18,6;18,3;93;91;91;340;5,4;2,5;
2026/08/01;0000 UTC;0;963,9;964,1;963,9;0;19,5;17,8;19,8;19,5;18,2;17,8;91;89;90;342;5,2;2,2;
2026/08/01;0100 UTC;0;963,5;964;963,5;0;19,7;17,4;19,8;19,5;17,7;17,4;90;87;87;337;5,5;3;
2026/08/01;0200 UTC;0;963,5;963,7;963,5;0;19,6;17,3;19,9;19,5;17,4;17,3;87;85;87;341;6,4;3;
2026/08/01;0300 UTC;0;962,9;963,5;962,9;0;19,3;17,1;19,5;19,2;17,3;17,1;88;87;87;344;7,6;3,1;
2026/08/01;0400 UTC;0;962,1;962,9;962,1;0;19,1;17;19,4;19,1;17,1;17;87;86;87;345;7,7;3,1;
2026/08/01;0500 UTC;0;961,4;962,1;961,4;0;19,4;16,8;19,5;19,2;17;16,8;87;85;85;339;7,4;4,1;
2026/08/01;0600 UTC;0;959,8;961,5;959,8;0;19,9;16,2;20;19,4;16,8;16,2;85;79;79;339;10,1;5,4;
2026/08/01;0700 UTC;0;959,7;960;959,7;0;19,6;15,5;19,9;19,6;16,2;15,5;80;77;78;339;11,8;6,1;
2026/08/01;0800 UTC;0;959,2;959,6;959,2;0;18,8;15,3;19,6;18,8;15,5;15,3;80;77;80;335;11,2;5,9;
2026/08/01;0900 UTC;0;959;959,2;958,8;0;18,7;14,8;18,8;18,5;15,3;14,6;81;77;78;341;9,9;4,9;
2026/08/01;1000 UTC;0;958,8;959,3;958,8;0;18,9;14,4;18,9;18,5;14,7;14,3;78;75;75;342;11,3;6;
2026/08/01;1100 UTC;0;957,9;959;957,9;81,2;19,2;14;19,2;18,6;14,4;14;76;72;72;341;13,6;8;
2026/08/01;1200 UTC;0;961,2;961,2;957,8;585,1;20,7;14,9;21;19,3;15;14;72;67;69;281;13,5;4;
2026/08/01;1300 UTC;0;961,3;961,6;961;554,9;20,5;16,3;20,6;20,1;16,3;14,8;78;70;77;305;8,9;1,3;
2026/08/01;1400 UTC;0;960,9;961,5;960,9;939,8;21,3;16,8;21,4;20,5;17,8;15,7;83;72;75;313;3;1,4;
2026/08/01;1500 UTC;0;960,7;960,8;960,6;1086,5;20,5;17,3;22,2;20,5;17,8;16,4;82;70;82;256;4,9;2,3;
2026/08/01;1600 UTC;,2;961;961;960,4;312,4;16,8;16,3;20,6;16,8;17,9;16,2;97;81;97;184;5,8;3,1;
2026/08/01;1700 UTC;4,1;961;961;960,1;94,6;14,6;14,4;16,8;14,6;16,2;14,4;99;96;99;188;7,6;4;
2026/08/01;1800 UTC;3,7;961,8;962,4;961,1;58,2;14,1;13,9;14,6;14,1;14,3;13,9;99;97;98;195;9,8;5,3;
2026/08/01;1900 UTC;2,6;963;963;961,8;64,1;13,9;13,7;14,1;13,9;13,9;13,6;99;97;99;212;8,5;3,4;
2026/08/01;2000 UTC;2,8;962,4;963;962,2;40,7;13,8;13,6;13,9;13,8;13,7;13,6;99;98;98;189;6;2;
2026/08/01;2100 UTC;1,8;961,6;962,4;960,4;7,8;13,5;13,4;13,8;13,5;13,6;13,3;99;98;99;96;6;1,2;
2026/08/01;2200 UTC;0;962,3;962,3;961,4;0;13,4;13,4;13,5;13,4;13,4;13,3;100;99;100;350;2,7;1;
2026/08/01;2300 UTC;0;964,5;964,5;962,3;0;13,7;13,5;13,7;13,4;13,6;13,4;100;99;99;224;9,1;3,2;
2026/08/02;0000 UTC;0;965,6;965,6;964,4;0;13,8;13,7;13,8;13,7;13,7;13,5;99;98;99;218;10,3;2,9;
2026/08/02;0100 UTC;,6;966,2;966,3;965,5;0;13,8;13,7;13,8;13,7;13,7;13,6;100;99;100;225;6,6;2,7;
2026/08/02;0200 UTC;,6;966,5;966,7;966,2;0;13,7;13,7;13,8;13,7;13,7;13,6;100;99;99;218;6,7;2,3;
2026/08/02;0300 UTC;,2;966,4;966,5;966,3;0;13,5;13,5;13,7;13,5;13,7;13,4;100;99;100;191;5,1;1,3;
2026/08/02;0400 UTC;0;966,2;966,7;966,2;0;12,6;12,6;13,5;12,6;13,5;12,6;100;100;100;261;2,5;,3;
2026/08/02;0500 UTC;0;967,3;967,4;966;0;12,4;12,4;12,5;11,7;12,5;11,7;100;100;100;227;3;1,3;
2026/08/02;0600 UTC;0;967,7;967,9;967,2;0;12,7;12,7;12,7;12,3;12,7;12,3;100;100;100;235;4,2;2,1;
2026/08/02;0700 UTC;0;967,7;967,7;967,5;0;13,1;13;13,1;12,7;13;12,7;100;100;100;212;3,6;1,3;
2026/08/02;0800 UTC;0;967,8;967,8;967,7;0;13,2;13,1;13,2;13,1;13,1;13,1;100;100;100;239;2,6;1,2;
2026/08/02;0900 UTC;0;967,7;968;967,6;0;13,1;13,1;13,2;13,1;13,1;13;100;99;100;338;2,7;,5;
2026/08/02;1000 UTC;0;968,2;968,2;967,7;0;12,8;12,8;13,1;12,8;13,1;12,8;100;100;100;63;3,1;1,7;
2026/08/02;1100 UTC;0;968,1;968,4;968;45,4;12,5;12,5;12,8;12,3;12,8;12,3;100;100;100;112;3,7;1,6;
2026/08/02;1200 UTC;0;969,4;969,4;968,1;240,1;12,7;12,7;12,8;12,5;12,8;12,5;100;100;100;11;3,7;1,2;
2026/08/02;1300 UTC;0;970,3;970,4;969,5;427,9;13;13;13,1;12,7;13,1;12,7;100;100;100;46;4;1,9;
2026/08/02;1400 UTC;,2;970,3;970,5;970,3;690,1;14,1;13,5;14,1;13;13,7;13;100;96;96;45;3,7;1,6;
2026/08/02;1500 UTC;0;969,8;970,2;969,7;628,1;14,7;13,1;14,7;14,2;13,8;12,9;96;89;90;32;5;2;
2026/08/02;1600 UTC;0;969,2;970;969,1;864,2;15,3;13,6;15,4;14,7;13,6;12,7;92;85;90;59;4,9;2,2;
2026/08/02;1700 UTC;0;968,4;969,2;968,4;705,7;15,9;13,1;15,9;15,1;14;13,1;91;84;84;37;5,2;1,8;
2026/08/02;1800 UTC;0;967,6;968,4;967,6;765,6;16,1;13,5;16,1;15,6;13,8;13;87;84;85;50;6,7;2,9;
2026/08/02;1900 UTC;0;967,4;967,7;967,4;590,3;16,5;13,2;16,5;16;14;12,9;88;81;81;46;5,9;1,8;
2026/08/02;2000 UTC;0;967,9;967,9;967,4;505,4;16;13,2;16,6;16;13,8;12,9;86;81;84;54;8,2;3,1;
2026/08/02;2100 UTC;0;968,2;968,3;967,9;134,5;15,1;13,3;15,9;15,1;13,5;13,1;90;83;90;63;5,8;2,7;
2026/08/02;2200 UTC;0;968,9;969;968,2;,1;14,9;13,3;15,1;14,9;13,6;13,1;92;89;90;55;4,4;2,3;
2026/08/02;2300 UTC;0;969,5;969,5;968,7;0;14,6;14;14,8;14,6;14;13,3;96;90;96;71;5,4;2,4;
2026/08/03;0000 UTC;0;969,7;969,8;969,3;0;14,1;13,9;14,6;14,1;14;13,7;98;96;98;57;5,8;2,4;
2026/08/03;0100 UTC;0;969,3;969,6;969;0;13,5;13,3;14,1;13,5;13,9;13,3;99;99;99;51;7,4;4,2;
2026/08/03;0200 UTC;0;969,4;969,5;969,3;0;13;12,8;13,5;13;13,3;12,8;99;98;99;45;8;2,8;
2026/08/03;0300 UTC;0;969,8;970;969,4;0;13,1;12,7;13,1;12,8;12,9;12,7;100;97;97;59;7,2;3,3;
2026/08/03;0400 UTC;0;968,8;969,8;968,8;0;13,2;13;13,2;13,1;13;12,7;98;97;98;45;7,7;2,5;
2026/08/03;0500 UTC;0;968,1;968,8;968,1;0;13,3;13,2;13,4;13,2;13,2;13;100;98;100;30;6;2,2;
2026/08/03;0600 UTC;0;968;968,1;967,8;0;13,5;13,5;13,5;13,3;13,5;13,3;100;100;100;43;5,4;2,5;
2026/08/03;0700 UTC;0;968,1;968,2;967,9;0;13,5;13,5;13,5;13,5;13,5;13,5;100;100;100;51;6,2;2,2;
2026/08/03;0800 UTC;0;968;968,5;968;0;13,1;13,1;13,5;13,1;13,5;13,1;100;100;100;55;4,4;2,3;
2026/08/03;0900 UTC;0;968;968;967,8;0;13,1;13,1;13,1;13;13,1;13;100;100;100;49;5,4;2,1;
2026/08/03;1000 UTC;0;968,3;968,3;967,9;0;12,9;12,9;13,1;12,9;13,1;12,9;100;100;100;34;4,8;,9;
2026/08/03;1100 UTC;0;968,3;968,4;968,2;9,7;12,8;12,8;12,9;12,8;12,9;12,8;100;100;100;47;5,2;2,2;
2026/08/03;1200 UTC;0;968,4;968,4;968,2;195,3;13;13;13;12,8;13;12,8;100;100;100;32;5,9;2,7;
2026/08/03;1300 UTC;0;968,3;968,5;968,2;563,9;13,8;13,8;14;13;14;13;100;100;100;23;4,7;2,1;
2026/08/03;1400 UTC;0;967,5;968,3;967,5;1211,5;15,6;15,6;15,7;13,8;15,7;13,8;100;100;100;25;5;1,8;
2026/08/03;1500 UTC;0;966,8;967,5;966,6;1933,9;19,5;17;19,5;15,6;17,2;15,5;100;85;85;8;5,3;2,3;
2026/08/03;1600 UTC;0;966,5;967;966,5;2165,5;21,7;17,1;21,8;19,5;17,6;16,7;86;74;75;335;6,3;2,6;
2026/08/03;1700 UTC;0;965,5;966,5;965,5;1890,8;21,9;17,7;22,1;21,6;17,7;16,8;78;73;77;337;6,1;3;
2026/08/03;1800 UTC;0;965,7;965,8;965,4;1161,5;20,5;16,9;22;20,5;17,7;16,8;81;75;80;352;6,6;2,3;
2026/08/03;1900 UTC;0;965,2;965,9;965,1;365;18,9;16,7;20,5;18,9;17,2;16,7;87;79;87;345;5,6;2,3;
2026/08/03;2000 UTC;0;965,5;966;964,9;47,8;18,6;16,8;18,9;18,5;17;16,7;91;87;89;317;8,3;3,1;
2026/08/03;2100 UTC;0;965,5;966,3;965,1;,3;18,6;16,8;18,8;18,3;17;16,8;92;88;89;336;6,4;3,1;
2026/08/03;2200 UTC;0;965;965,6;964,8;0;18,4;16,8;18,7;18,3;17;16,8;91;89;91;325;6;2,2;
2026/08/03;2300 UTC;0;964,4;965;963,4;0;18;17;18,4;18;17,1;16,8;94;91;94;313;7,3;4,1;
2026/08/04;0000 UTC;0;965,7;965,8;964,4;0;17,6;17;17,9;17,6;17,1;16,9;97;94;97;29;8;1,5;
2026/08/04;0100 UTC;0;965,5;965,6;965,1;0;17;16,7;17,6;17;17;16,6;98;96;98;359;3,9;1,4;
2026/08/04;0200 UTC;0;965,9;965,9;965,5;0;16,5;16,1;17,2;16,5;16,9;16,1;99;97;98;2;2,5;1,1;
2026/08/04;0300 UTC;0;965,1;965,9;965,1;0;16,3;16,1;16,7;16,3;16,6;16,1;100;98;99;1;4,2;1,4;
2026/08/04;0400 UTC;0;964,6;965,1;964,3;0;16,9;16,7;16,9;16,5;16,7;16,3;100;99;99;330;4,7;2,6;
2026/08/04;0500 UTC;0;965,8;965,8;964,6;0;17;16,9;17,1;16,8;16,9;16,6;99;98;99;315;5;2,2;
2026/08/04;0600 UTC;2;966,6;967,4;965,8;0;17,2;16,8;17,5;17;16,9;16,7;99;95;97;245;7,2;2,2;
2026/08/04;0700 UTC;3,5;964,6;966,6;964,5;0;16,6;16,4;17,2;16,6;16,8;16,4;99;97;99;23;5,3;1,1;
2026/08/04;0800 UTC;,4;965;965,1;964,4;0;16,6;16,2;16,7;16,5;16,4;16,2;99;98;98;287;4,5;1,4;
2026/08/04;0900 UTC;,6;966,1;966,1;964,9;0;16,3;16,2;16,6;16,3;16,3;16,2;100;98;100;308;2,8;1,4;
2026/08/04;1000 UTC;0;967,1;967,1;966,1;0;16,9;16,4;17,1;16,3;16,4;16,2;100;95;97;244;5,3;2;
2026/08/04;1100 UTC;,4;968,1;968,2;967,1;5,7;17,2;16,7;17,4;16,8;16,7;16,3;97;94;97;262;6,4;3,1;
2026/08/04;1200 UTC;,2;966,5;968,1;966,5;86,3;17,6;16,1;17,9;17,2;16,7;15,9;97;89;91;306;8,9;3,5;
2026/08/04;1300 UTC;0;967,5;967,7;965,8;121,9;17,3;16,7;17,7;17,3;16,8;16,1;96;91;96;258;8,3;2,6;
2026/08/04;1400 UTC;0;967,8;967,8;967;402;18,5;16,9;18,5;17,3;17;16,2;96;90;90;294;4,8;1,2;
2026/08/04;1500 UTC;0;967,1;967,9;967,1;1211,6;19,9;17,5;19,9;18,5;17,7;16,3;93;85;86;15;4,1;1,1;
2026/08/04;1600 UTC;0;966,1;967,1;966,1;1894,3;21,1;17,9;21,2;19,9;18;16,8;86;76;82;63;2,8;1;
2026/08/04;1700 UTC;0;965,3;966,1;965,2;1063,2;20,4;18;21,2;20,4;18,2;16,8;87;77;86;46;4,1;1,5;
2026/08/04;1800 UTC;0;965,2;965,4;965,2;760;20,5;17,6;20,7;20,4;18,2;17,5;87;82;83;272;2,9;,6;
2026/08/04;1900 UTC;0;965,2;965,2;965;758,4;19,9;18,4;20,9;19,9;18,4;16,9;91;78;91;147;5,9;2,7;
2026/08/04;2000 UTC;0;965,9;965,9;965,3;271,9;17,5;17,4;19,8;17,5;18,5;17,4;99;92;99;114;5,9;2,7;
2026/08/04;2100 UTC;0;966,3;966,3;965,8;51,4;16,8;16,8;17,4;16,8;17,4;16,8;100;99;100;117;3,9;1,8;
2026/08/04;2200 UTC;0;966,5;966,7;966,3;,1;16,5;16,5;16,8;16,5;16,8;16,5;100;100;100;108;3,2;1,7;
2026/08/04;2300 UTC;0;967;967;966,5;0;16,3;16,3;16,5;16,2;16,5;16,2;100;100;100;102;4;1,8;
2026/08/05;0000 UTC;0;967,3;967,3;967;0;15,8;15,8;16,3;15,8;16,3;15,8;100;100;100;112;4,4;2;
2026/08/05;0100 UTC;0;967,4;967,6;967,3;0;15,6;15,6;15,8;15,6;15,8;15,6;100;100;100;89;5;2,3;
2026/08/05;0200 UTC;0;967,3;967,3;967,1;0;15,4;15,4;15,6;15,4;15,6;15,4;100;100;100;51;4,6;1,6;
2026/08/05;0300 UTC;0;966,8;967,2;966,8;0;15,2;15,2;15,4;15,2;15,4;15,2;100;100;100;58;5,2;2,8;
2026/08/05;0400 UTC;0;966,4;966,7;966,3;0;15,1;15,1;15,2;15,1;15,2;15,1;100;100;100;42;4,4;1,9;
2026/08/05;0500 UTC;0;966,3;966,5;966,3;0;14,9;14,9;15,1;14,9;15,1;14,9;100;100;100;39;3,1;1,1;
2026/08/05;0600 UTC;0;965,7;966,3;965,7;0;14,8;14,8;14,9;14,8;14,9;14,8;100;100;100;39;3,4;1,3;
2026/08/05;0700 UTC;0;965,1;965,7;965;0;14,8;14,8;14,9;14,8;14,9;14,8;100;100;100;41;3,2;1,1;
2026/08/05;0800 UTC;0;964,7;965,1;964,7;0;14,7;14,7;14,9;14,6;14,9;14,6;100;100;100;38;3,8;1,4;
2026/08/05;0900 UTC;0;964,7;964,8;964,7;0;14,9;14,9;14,9;14,7;14,9;14,7;100;100;100;19;2,1;,6;
2026/08/05;1000 UTC;0;965;965,1;964,7;0;15,1;15,1;15,1;14,9;15,1;14,9;100;100;100;24;2,1;,9;
2026/08/05;1100 UTC;0;965,3;965,3;965;10;15,2;15,2;15,3;15,1;15,3;15,1;100;100;100;0;3,1;1,3;
2026/08/05;1200 UTC;0;965,5;965,6;965,3;135,7;15,7;15,7;15,7;15,2;15,7;15,2;100;100;100;358;3,1;1,5;
2026/08/05;1300 UTC;0;965;965,5;965;574,3;16,6;16,6;16,6;15,7;16,6;15,7;100;100;100;356;4,5;2,2;
2026/08/05;1400 UTC;0;965;965,1;965;871,2;18,1;17,3;18,1;16,6;17,7;16,6;100;95;95;350;6,4;3,4;
2026/08/05;1500 UTC;0;964,3;965;964,3;838,1;18,8;17,4;19,1;18,1;17,4;17;95;88;91;340;6,8;2,8;
2026/08/05;1600 UTC;0;963,4;964,3;963,4;934,9;19,5;17,7;19,7;18,7;17,9;17,2;92;87;89;333;5,6;3,4;
2026/08/05;1700 UTC;0;962,6;963,4;962,6;834,2;20,1;18,4;20,1;19,1;18,4;17,5;92;88;90;338;5,5;2,7;
2026/08/05;1800 UTC;1;961,9;962,6;961,9;805;20,6;18,9;20,6;19,5;19,1;18,1;95;88;90;335;4,5;2,6;
2026/08/05;1900 UTC;0;961,6;961,9;961,5;784,9;20,4;19;21,7;20,4;19,2;18,6;92;84;91;317;4,5;,9;
2026/08/05;2000 UTC;15,6;962,5;963,1;961,2;23,2;16,8;15,9;20,4;16,7;19,1;15,7;97;88;94;202;7,2;3,2;
2026/08/05;2100 UTC;1,2;962,2;962,6;962,1;6,2;16,3;16,2;16,7;16,3;16,4;15,9;100;95;100;319;4,7;1;
2026/08/05;2200 UTC;,2;962,3;962,3;961,7;,3;16,1;16,1;16,5;16,1;16,5;16,1;100;100;100;27;3,7;1,6;
2026/08/05;2300 UTC;0;962,2;962,4;961,8;0;15,7;15,7;16,1;15,7;16,1;15,7;100;100;100;179;2,9;,9;
2026/08/06;0000 UTC;0;961,9;962,6;961,9;0;15,5;15,4;16,1;15,5;16;15,4;100;99;100;208;4;,4;
2026/08/06;0100 UTC;0;961,4;961,9;961,4;0;14,9;14,9;15,4;14,9;15,4;14,9;100;100;100;60;1,8;,5;
2026/08/06;0200 UTC;0;961,6;961,7;961,4;0;15,2;15,2;15,4;14,8;15,4;14,8;100;100;100;193;1,8;,6;
2026/08/06;0300 UTC;0;961,3;961,7;961,3;0;15;14,9;15,2;15;15,2;14,9;100;100;100;23;2,1;,9;
2026/08/06;0400 UTC;0;960,5;961,3;960,5;0;15;15;15,1;15;15,1;14,9;100;100;100;24;2,1;,7;
2026/08/06;0500 UTC;,2;960,1;960,6;960,1;0;16,5;16,5;16,5;14,8;16,5;14,8;100;100;100;349;3,8;1,7;
2026/08/06;0600 UTC;0;959,5;960;959,5;0;17,3;17,3;17,3;16,6;17,3;16,6;100;100;100;329;6,2;3,3;
2026/08/06;0700 UTC;0;958,9;959,5;958,9;0;16,9;16,9;17,3;16,9;17,3;16,9;100;100;100;340;6,2;2,3;
2026/08/06;0800 UTC;0;958,5;958,9;958,4;0;16,7;16,7;17;16,7;17;16,7;100;100;100;341;4,5;2,5;
2026/08/06;0900 UTC;0;958,2;958,5;958,2;0;16,4;16,4;16,7;16,4;16,7;16,4;100;100;100;334;4,1;2,4;
2026/08/06;1000 UTC;0;958,4;958,4;958,2;0;16,1;16,1;16,4;16,1;16,4;16,1;100;100;100;335;4,6;2,1;
2026/08/06;1100 UTC;0;958,2;958,5;958,2;47,1;16;16;16,1;16;16,1;16;100;100;100;337;3,8;1,8;
2026/08/06;1200 UTC;0;958,4;958,5;958,2;544,9;16,9;16,9;17;16;17;16;100;100;100;332;4,6;2,3;
2026/08/06;1300 UTC;0;958,2;958,4;958,1;1002,1;18,2;17,5;18,3;16,9;17,7;16,9;100;95;96;335;5,8;3,5;
2026/08/06;1400 UTC;0;957,5;958,3;957,5;657,2;17,5;17,4;18,3;17,5;17,7;17,4;99;95;99;335;5,7;3,3;
2026/08/06;1500 UTC;0;956;957,5;956;1748;19,9;18,3;19,9;17,5;18,4;17,4;100;90;91;330;7,1;4,2;
2026/08/06;1600 UTC;0;954,3;956;954,2;2393,9;21,1;18,4;21,1;19,6;18,7;17,8;92;83;84;336;7,4;3,5;
2026/08/06;1700 UTC;0;952,7;954,3;952,6;1914,1;21,8;18,8;21,9;20,5;18,9;17,8;87;80;83;336;9,4;4,4;
2026/08/06;1800 UTC;0;951,9;952,7;951,9;1093,7;21,5;19,1;21,9;21,3;19,1;18,6;87;82;87;336;9,8;4,9;
2026/08/06;1900 UTC;0;949,4;951,8;949,4;745;21,4;19,1;22,1;21,4;19,4;18,7;87;81;87;342;11,1;4,6;
2026/08/06;2000 UTC;,2;949;949,8;948,5;92,8;20,4;19,1;21,4;20,4;19,1;18,9;92;86;92;330;10;5,1;
2026/08/06;2100 UTC;24,2;951,9;952,3;947,9;9,5;13,8;13,6;20,3;13,8;19,3;13,6;98;72;98;258;17,6;5,2;
2026/08/06;2200 UTC;6,3;951,4;951,8;950,9;0;13,6;13,4;13,9;13,6;13,6;13,2;99;96;99;250;9,6;3,4;
2026/08/06;2300 UTC;3,2;950,6;952;949,1;0;13,7;13,2;13,7;13,5;13,5;13,2;99;97;97;284;7,9;3,5;
2026/08/07;0000 UTC;,2;951,7;951,7;950,4;0;13,9;13,3;13,9;13,6;13,4;13,2;98;96;96;282;9,6;4,7;
2026/08/07;0100 UTC;,6;953,2;953,2;951,8;0;14;13;14,1;13,9;13,6;12,9;98;93;94;259;13,9;6,9;
2026/08/07;0200 UTC;,8;954,6;954,6;953,1;,8;11,8;10,4;14;11,8;13,1;10,3;96;90;91;239;18,4;6,5;
2026/08/07;0300 UTC;0;955;955,1;954,5;0;11,3;9,8;11,7;11,3;10,4;9,3;92;87;90;232;15,2;5,2;
2026/08/07;0400 UTC;0;955,6;955,6;955;0;10,9;9,7;11,3;10,9;9,8;9,6;92;90;92;228;13,2;5,9;
2026/08/07;0500 UTC;0;956,6;956,6;955,6;0;8,9;7,4;10,9;8,9;9,9;7,4;94;86;90;220;13,3;5,6;
2026/08/07;0600 UTC;0;957;957;956,5;0;8,1;6,9;8,9;8,1;7,5;6,5;93;89;92;234;13,2;5,4;
2026/08/07;0700 UTC;0;957,6;957,6;957;0;7,3;7,1;8,1;7,3;7,1;6,6;98;91;98;238;11,3;5,3;
2026/08/07;0800 UTC;0;958,2;958,2;957,6;0;6,8;6,5;7,3;6,8;7,1;6,3;98;95;98;222;12,4;5;
2026/08/07;0900 UTC;,2;959,6;959,6;958,2;0;6,3;5,1;6,7;6,3;6,4;5,1;98;92;92;223;11;4,3;
2026/08/07;1000 UTC;0;961;961;959,6;0;6,4;5,5;6,4;6,2;5,6;5;95;92;94;236;9,2;3,2;
2026/08/07;1100 UTC;0;962,2;962,2;961;34;6,1;5,6;6,5;6,1;5,7;5,5;97;94;97;246;9,8;3,7;
2026/08/07;1200 UTC;0;962,7;962,7;962,1;357,8;6,5;5,3;6,8;6,1;5,9;5,1;96;91;92;240;8,4;4,3;
2026/08/07;1300 UTC;0;963,5;963,5;962,7;1212,1;7,5;3,4;7,9;6,5;5,3;3,4;92;75;75;237;8,6;4,3;
2026/08/07;1400 UTC;0;963,7;963,9;963,4;1653,3;8,4;3,8;8,5;7,2;4,5;2,5;78;71;73;251;10,1;4,7;
2026/08/07;1500 UTC;0;963,8;963,9;963,7;2240,3;8,9;3,6;8,9;8,2;4,6;2,9;76;67;69;251;9,4;4;
2026/08/07;1600 UTC;0;963,3;963,8;963,3;2261,3;9,7;3,8;10;8,5;4,6;3;72;65;67;256;8,3;3,7;
2026/08/07;1700 UTC;0;962,5;963,2;962,5;2352,3;10,6;3,7;10,7;9,3;4,9;3,5;72;62;62;241;8,1;4,2;
2026/08/07;1800 UTC;0;962;962,4;962;2030,6;10,6;3,8;11;10;4,6;2,8;68;59;63;229;8,5;4,1;
2026/08/07;1900 UTC;0;961,8;962,1;961,7;1483,5;10,8;3,7;11,2;10;4,4;3;65;59;61;261;7,9;2,6;
2026/08/07;2000 UTC;0;961,9;961,9;961,7;931,2;10,4;3,9;10,9;10,4;4,6;3,6;66;61;64;252;6,8;3,1;
2026/08/07;2100 UTC;0;961,9;962;961,8;238,2;8,6;4,8;10,4;8,6;5,1;3,9;77;64;77;274;6,4;1,9;
2026/08/07;2200 UTC;0;962;962;961,7;,2;7,3;4,6;8,6;6,8;5,3;4,5;89;78;83;273;2,6;1,2;
2026/08/07;2300 UTC;0;961,8;962;961,7;0;6,6;4,4;7,3;6,4;4,7;4,4;88;83;86;285;3,4;1,3;
2026/08/08;0000 UTC;0;961,5;961,8;961,4;0;5,2;4,2;6,7;5,2;4,4;4,1;93;85;93;273;2,8;,7;
2026/08/08;0100 UTC;0;961,4;961,6;961,4;0;4,1;3,7;5,1;4,1;4,1;3,6;97;92;97;13;2,5;,7;
2026/08/08;0200 UTC;0;961,1;961,5;961;0;3,9;3,8;4,2;3,7;4,1;3,5;100;97;99;277;1,5;,6;
2026/08/08;0300 UTC;0;960,8;961,1;960,7;0;3,6;3,3;3,9;3,2;3,8;3,1;100;98;98;250;1,5;,9;
2026/08/08;0400 UTC;0;960,6;960,9;960,6;0;2,9;2,8;3,5;2,9;3,5;2,8;100;98;100;334;1,4;,3;
2026/08/08;0500 UTC;0;960;960,5;959,9;0;2,5;2,5;3;2,5;3;2,5;100;100;100;58;1,4;,4;
2026/08/08;0600 UTC;0;959,7;960;959,7;0;2,3;2,3;2,5;1,7;2,5;1,7;100;100;100;333;1,5;,4;
2026/08/08;0700 UTC;0;959,4;959,6;959;0;2;2;3,2;1,8;3,2;1,8;100;100;100;198;2;,4;
2026/08/08;0800 UTC;0;959,9;960;959,4;0;3;3;3;1,9;3;1,9;100;100;100;0;1;,4;
2026/08/08;0900 UTC;0;959;960;958,8;0;3,6;3,6;3,6;2,9;3,6;2,9;100;100;100;94;1,8;,6;
2026/08/08;1000 UTC;0;959,4;959,5;959;0;4,1;3,9;4,1;3,3;3,9;3,3;100;99;99;26;2;,8;
2026/08/08;1100 UTC;0;958,5;959,4;958,5;30,1;4,6;4,3;4,6;4,1;4,3;4;99;97;98;11;2,4;,8;
2026/08/08;1200 UTC;0;959,3;959,3;958,4;154,9;5,8;5,1;5,8;4,6;5,2;4,3;98;96;96;321;2,4;,9;
2026/08/08;1300 UTC;0;958,6;959,5;958,6;399,3;7,9;5,9;7,9;5,8;6;5,2;96;87;88;3;4;1,4;
2026/08/08;1400 UTC;0;957,8;958,9;957,8;615,7;9;6,3;9;7,9;6,8;5,8;89;83;83;349;5,5;2,5;
2026/08/08;1500 UTC;0;957,9;958,1;957,7;1149,7;10,3;6,6;10,4;9;7;6,1;84;76;78;316;7,2;3,1;
2026/08/08;1600 UTC;0;957,1;957,9;957,1;1766,9;11,4;7;11,6;10,3;7,4;6,4;78;72;74;244;7,3;3,5;
2026/08/08;1700 UTC;0;956,9;957,2;956,6;2250,6;12,7;7,1;13;11,5;7,7;6,3;73;67;69;243;9,3;4,4;
2026/08/08;1800 UTC;0;957,5;957,5;956,7;1314,9;11,7;5,7;12,9;11,5;7,3;5,6;73;63;67;235;9,2;3,7;
2026/08/08;1900 UTC;0;957,9;957,9;957,3;790;11,7;5,8;12,9;11,3;6,2;5,2;69;61;67;226;8,2;4,3;
2026/08/08;2000 UTC;0;958,6;958,6;958;812,5;11,8;5,6;12,4;11,8;6,1;5,1;67;62;66;222;9,2;3,6;
2026/08/08;2100 UTC;0;959,4;959,4;958,6;235,8;10,5;6;11,9;10,5;6;5,4;74;66;74;222;7,2;1,8;
2026/08/08;2200 UTC;0;960,5;960,5;959,4;,3;8;6,2;10,5;8;6,5;6;89;74;89;251;3,4;,9;
2026/08/08;2300 UTC;0;961,6;961,6;960,4;0;8,6;6;8,6;7,8;6,3;6;89;83;83;255;2,7;1,3;
2026/08/09;0000 UTC;0;962,7;962,7;961,6;0;8,9;6,4;9;8,6;6,4;5,9;84;82;84;235;6,7;2;
2026/08/09;0100 UTC;0;963,3;963,4;962,8;0;8,1;6,2;8,9;8,1;6,5;6,2;88;84;88;230;6;2,3;
2026/08/09;0200 UTC;0;964,4;964,4;963,3;0;7,1;5,6;8,1;7,1;6,2;5,6;91;88;90;218;5,4;2,1;
2026/08/09;0300 UTC;0;965;965,1;964,5;0;6,2;4,5;7,1;6,2;5,6;4,5;90;89;89;210;5,4;2,4;
2026/08/09;0400 UTC;0;965,2;965,3;965;0;5,6;4,2;6,2;5,6;4,5;4,2;91;89;91;210;4,2;1,5;
2026/08/09;0500 UTC;0;965,5;965,5;965,1;0;3,8;2,8;5,7;3,8;4,2;2,8;93;84;93;258;3,1;,6;
2026/08/09;0600 UTC;0;966,5;966,5;965,5;0;3,1;2,3;3,7;2,4;2,8;2,1;99;94;95;228;2,1;1,1;
2026/08/09;0700 UTC;0;967;967,3;966,4;0;3,8;1,1;3,8;2,8;2,3;1;95;82;82;222;3;1,3;
2026/08/09;0800 UTC;0;967,9;967,9;967;0;4,1;,6;4,4;3,8;1;,4;81;75;78;230;3,5;1,4;
2026/08/09;0900 UTC;0;968,7;968,7;967,9;0;3,9;,7;4,1;3,8;,8;,5;80;78;79;236;4,5;2,2;
2026/08/09;1000 UTC;0;969,2;969,2;968,7;0;3,9;,2;4,1;3,5;,7;,2;82;76;76;223;4,7;1,7;
2026/08/09;1100 UTC;0;969,7;969,7;969,2;121,7;4,8;,3;4,8;3,9;,4;-,1;76;72;73;225;4,3;2,1;
2026/08/09;1200 UTC;0;970;970;969,6;781,6;6,1;1,1;6,1;4,8;1,3;,3;74;70;70;200;5,6;3,2;
2026/08/09;1300 UTC;0;970;970,1;969,9;1508,6;7,9;,3;7,9;6,2;1,5;-,3;70;56;59;189;7,5;4,1;
2026/08/09;1400 UTC;0;969,9;970,1;969,8;2095,5;9,4;-1,3;9,5;7,9;,3;-1,6;58;47;47;186;7,9;4,3;
2026/08/09;1500 UTC;0;969,6;969,9;969,5;2462,2;11,1;,2;11,1;9,5;,4;-2,1;51;41;47;173;8,2;4,2;
2026/08/09;1600 UTC;0;970,1;970,2;969,5;2531,7;11,7;,4;11,7;10,9;,8;-1,7;49;39;45;185;8,8;3,1;
2026/08/09;1700 UTC;0;970,1;970,1;969,9;2552,1;12,5;-1,2;12,6;11,7;1,4;-4,1;48;32;39;200;7,8;2,7;
2026/08/09;1800 UTC;0;970,4;970,4;970;2231,4;12,9;-1,3;13;12,2;1;-2,7;45;35;37;212;6,9;3,5;
2026/08/09;1900 UTC;0;970,9;970,9;970,4;1680,6;12,8;-2,3;12,9;12,4;,1;-3;42;33;35;227;7,7;2,9;
2026/08/09;2000 UTC;0;971,6;971,6;970,9;944,8;12,1;-,8;12,7;12,1;-,5;-3;41;34;41;231;6,2;2,7;
2026/08/09;2100 UTC;0;972,5;972,5;971,6;245,6;10,3;,9;12,1;10,3;1,1;-1,1;52;40;52;238;5,3;1,4;
2026/08/09;2200 UTC;0;973,2;973,2;972,4;,2;7,1;2;10,2;7,1;3,2;,7;72;52;70;257;3;,8;
2026/08/09;2300 UTC;0;974,4;974,4;973,2;0;6,3;2,2;7,4;6,3;2,6;1,4;76;66;75;254;2,3;,9;
2026/08/10;0000 UTC;0;975,1;975,1;974,5;0;6,7;,7;6,7;5,1;2,9;,6;83;65;65;228;2,6;1,2;
2026/08/10;0100 UTC;0;975,5;975,5;975,1;0;7,1;,9;7,3;5,9;2,4;,2;76;61;65;209;2,9;1,3;
2026/08/10;0200 UTC;0;976,2;976,2;975,5;0;3,5;1,8;7;3,5;2,3;,3;88;64;88;228;2,2;,7;
2026/08/10;0300 UTC;0;976,8;976,8;976,3;0;6,8;0;6,9;3,5;2,1;-,1;90;61;62;196;3,4;1,9;
2026/08/10;0400 UTC;0;977,1;977,1;976,8;0;6,1;-,3;6,7;6;,3;-,3;66;62;63;188;3,8;2,2;
2026/08/10;0500 UTC;0;977,5;977,6;977;0;4,4;-,4;6,2;4,4;0;-,4;71;63;71;178;5,2;2,5;
2026/08/10;0600 UTC;0;977,8;977,8;977,5;0;4,5;0;4,5;4,3;,1;-,4;73;71;73;180;5,5;3,1;
2026/08/10;0700 UTC;0;978,2;978,2;977,8;0;3,9;,4;4,5;3,9;,5;0;78;72;78;178;5,1;2,9;
2026/08/10;0800 UTC;0;978,5;978,6;978,2;0;3,6;1;4;3,6;1;,5;83;78;83;182;5,1;2,8;
2026/08/10;0900 UTC;0;978,7;978,8;978,5;0;3,4;1,3;3,6;3,3;1,3;1;86;83;86;179;5,7;3,3;
2026/08/10;1000 UTC;0;979,5;979,5;978,7;0;3,1;1,5;3,5;3,1;1,5;1,2;89;85;89;174;6,4;1,9;
2026/08/10;1100 UTC;0;980,4;980,4;979,5;113,6;3,5;1,9;3,5;2,3;1,9;1,2;94;89;90;174;3,4;2;
2026/08/10;1200 UTC;0;981,8;981,8;980,4;777,5;5,4;2,7;5,4;3,5;3;1,9;90;82;83;206;5,6;1,3;
2026/08/10;1300 UTC;0;982,2;982,3;981,8;1410,2;7,1;2,6;7,2;5,5;3,1;2,1;83;72;73;160;7;3,2;
2026/08/10;1400 UTC;0;982;982,3;982;2059,7;8,4;2,6;8,4;7,1;3,2;2;73;66;67;157;7,9;4,2;
2026/08/10;1500 UTC;0;981,5;982;981,4;2346,5;9,7;2,8;9,7;8,4;3,2;1,8;70;59;62;137;9;3,8;
2026/08/10;1600 UTC;0;981,2;981,7;981,2;2462,9;10,3;2,3;10,4;9,5;3,4;1,7;64;56;58;143;7,3;3,8;
2026/08/10;1700 UTC;0;980,2;981,1;980,2;2277,2;10,5;2,8;10,8;10,1;3,4;1,1;61;52;59;147;8,5;4,1;
2026/08/10;1800 UTC;0;980,1;980,2;979,9;1998,1;10,7;3,1;11,1;10,4;3,9;1,4;62;53;59;130;8,1;3,4;
2026/08/10;1900 UTC;0;980,2;980,3;980;1384,8;10,3;3,5;10,9;10;4,1;2,5;64;59;62;122;7,7;3,2;
2026/08/10;2000 UTC;0;980,5;980,5;980,1;747,8;9,2;3,8;10,4;9,2;3,8;2,6;69;60;69;116;7;2,4;
2026/08/10;2100 UTC;0;981,1;981,1;980,5;130,6;8,1;4,1;9,2;8,1;4,1;3,4;75;68;75;106;6,4;2,2;
2026/08/10;2200 UTC;0;982;982;981,1;0;6,7;3,8;8,1;6,7;4,3;3,8;82;75;82;120;5,2;1,6;
2026/08/10;2300 UTC;0;982,6;982,6;981,9;0;5,5;3,6;6,6;5,5;3,7;3,4;87;81;87;102;3,7;2;
2026/08/11;0000 UTC;0;982,1;982,6;982,1;0;5,6;3;5,6;5,2;3,6;2,9;88;83;84;117;5,2;2,6;
2026/08/11;0100 UTC;0;981,9;982,2;981,9;0;4,7;3,1;5,7;4,7;3,6;3,1;89;85;89;108;5,3;2,4;
2026/08/11;0200 UTC;0;981,5;982,1;981,5;0;4;2,7;4,7;4;3,1;2,7;91;89;91;117;4,7;2,4;
2026/08/11;0300 UTC;0;981,5;981,5;981,4;0;3,7;2,8;4,1;3,6;2,8;2,6;94;91;94;111;4,5;2,8;
2026/08/11;0400 UTC;0;981;981,4;981;0;2,9;2,5;3,7;2,9;2,9;2,4;97;94;97;102;5;1,1;
2026/08/11;0500 UTC;0;980,9;981,2;980,8;0;3,4;2,6;3,4;2,8;2,8;2,5;98;95;95;104;4,6;2,2;
2026/08/11;0600 UTC;0;980,2;980,9;980,2;0;3,2;2,5;3,5;3,2;2,7;2,5;95;94;95;113;4,6;2,1;
2026/08/11;0700 UTC;0;979,9;980,2;979,7;0;4,4;3,3;4,4;3;3,3;2,4;96;93;93;98;5,7;3,1;
2026/08/11;0800 UTC;0;979,6;979,9;979,6;0;4,8;3,7;4,8;4,4;3,7;3,3;93;91;93;89;6,1;3;
2026/08/11;0900 UTC;0;979,5;979,6;979,3;0;5;3,5;5;4,8;3,7;3,5;93;90;90;83;6,2;2,8;
2026/08/11;1000 UTC;0;979,8;979,8;979,4;0;4;3,5;5;4;3,5;3,3;97;90;97;110;5,8;2,5;
2026/08/11;1100 UTC;0;980;980;979,6;77,2;5,3;4,8;5,3;3,9;4,8;3,5;98;96;96;107;6,6;4;
2026/08/11;1200 UTC;0;979,9;980,3;979,9;470,9;7;5,3;7;5,3;5,4;4,7;96;89;89;98;9,3;4,6;
2026/08/11;1300 UTC;0;980,3;980,3;979,9;1155,2;8;5,8;8;7;5,8;5,3;90;84;86;98;8,6;4,3;
2026/08/11;1400 UTC;0;980;980,3;980;1666;9,8;6,1;9,8;8,1;6,2;5,4;86;76;78;96;9;4,7;
2026/08/11;1500 UTC;0;979,4;980,1;979,4;1660,8;9,9;6,3;10,2;9,7;6,3;5,5;78;74;78;71;9,2;4,4;
2026/08/11;1600 UTC;0;978,6;979,5;978,6;1758,1;11,7;6,3;11,7;10;6,7;5,6;77;68;69;67;8;3,9;
2026/08/11;1700 UTC;0;977,8;978,6;977,7;1914,2;12,2;6,3;12,5;11;6,7;5,8;71;66;67;88;8,8;4,4;
2026/08/11;1800 UTC;0;976,9;977,8;976,9;1299,5;11,9;6,2;12,4;11,4;7;5,5;72;65;68;82;8,5;3,3;
2026/08/11;1900 UTC;0;976,6;977;976,6;724,5;11,6;6,7;12;11,5;6,8;5,7;72;67;72;93;8,3;3,7;
2026/08/11;2000 UTC;0;976,2;976,5;976,1;353,8;10,9;7,1;11,6;10,9;7,1;6,5;77;71;77;94;7,8;3,6;
2026/08/11;2100 UTC;0;976;976,4;976;52,1;10,3;7,2;10,9;10,3;7,3;6,8;81;77;81;89;8,2;3,8;
2026/08/11;2200 UTC;0;975,9;976,1;975,9;0;9,7;7,6;10,3;9,7;7,8;7,2;87;81;87;93;8,1;4,6;
2026/08/11;2300 UTC;0;975,8;976;975,7;0;9,1;7,3;9,6;9,1;7,7;7,3;89;87;89;88;9,4;4,4;
2026/08/12;0000 UTC;0;976,2;976,2;975,8;0;8,8;7,7;9,1;8,8;7,7;7,3;92;89;92;89;7,5;3,7;
2026/08/12;0100 UTC;0;976;976,3;976;0;8,8;7,9;8,8;8,8;7,9;7,7;94;93;94;95;7,7;3,7;
2026/08/12;0200 UTC;0;975;976;975;0;8,7;8,1;8,8;8,7;8,1;7,9;96;94;96;94;8,5;4,8;
2026/08/12;0300 UTC;0;975;975,2;974,9;0;8,6;8,3;8,8;8,6;8,3;8,1;98;96;98;91;8,4;3,7;
2026/08/12;0400 UTC;,2;973,9;975;973,9;0;8,6;8,4;8,6;8,5;8,4;8,4;99;99;99;86;8,9;4,8;
2026/08/12;0500 UTC;,6;973,7;974,1;973,7;0;8,7;8,5;8,7;8,6;8,5;8,4;99;99;99;88;8,4;4;
2026/08/12;0600 UTC;1;972,7;973;972,5;0;8,6;8,6;8,7;8,6;8,6;8,5;100;99;100;82;7,7;4,2;
2026/08/12;0700 UTC;,6;972,2;972,8;971,9;0;8,7;8,7;8,7;8,6;8,7;8,6;100;100;100;84;8,6;3,5;
2026/08/12;0800 UTC;,4;971,3;972,2;970,8;0;8,7;8,7;8,7;8,6;8,7;8,6;100;100;100;98;9,9;3,9;
2026/08/12;0900 UTC;,2;970,8;971,3;970,6;0;8,6;8,6;8,6;8,5;8,6;8,5;100;100;100;97;9;4,5;
2026/08/12;1000 UTC;0;971,3;971,3;970,5;0;8,8;8,8;8,8;8,6;8,8;8,6;100;100;100;92;8,3;4,4;
2026/08/12;1100 UTC;,2;971,2;971,6;971,1;21,8;9,1;9,1;9,1;8,8;9,1;8,8;100;100;100;82;8;4,1;
2026/08/12;1200 UTC;,6;971;971,3;970,8;102;9,5;9,5;9,5;9,1;9,5;9,1;100;100;100;90;7,3;3,3;
2026/08/12;1300 UTC;,2;970,9;971;970,6;229,8;10,1;10,1;10,1;9,5;10,1;9,5;100;100;100;77;8;3,8;
2026/08/12;1400 UTC;0;969,6;971;969,6;406,4;10,7;10,7;10,7;10,1;10,7;10,1;100;100;100;70;9,3;4,2;
2026/08/12;1500 UTC;1;969,4;969,8;969,3;365,5;11;11;11;10,7;11;10,7;100;100;100;68;10,2;4;
2026/08/12;1600 UTC;,2;968;969,3;968;452,6;11,3;11,2;11,3;11;11,2;10,9;100;99;99;74;8,1;3,8;
2026/08/12;1700 UTC;1,2;967,3;968;967,3;422,2;11,6;11,5;11,6;11,3;11,5;11,2;99;99;99;83;9,4;3;
2026/08/12;1800 UTC;2,6;966,7;967,3;966,7;201,2;11,5;11,4;11,5;11,4;11,4;11,4;100;99;100;96;8;3,7;
2026/08/12;1900 UTC;1;966,6;966,8;966,5;175,4;11,3;11,1;11,5;11,3;11,4;11,1;100;99;99;89;8,3;4,4;
2026/08/12;2000 UTC;1,2;966,3;966,6;966,3;69,4;11,3;11,3;11,3;11,3;11,3;11,1;100;99;100;83;7,6;4;
2026/08/12;2100 UTC;,2;965,9;966,2;965,7;17,7;11,3;11,3;11,3;11,3;11,3;11,3;100;100;100;86;7,6;3,8;
2026/08/12;2200 UTC;,6;966,5;966,7;965,9;0;11,4;11,4;11,4;11,3;11,4;11,3;100;100;100;96;7,6;3,4;
2026/08/12;2300 UTC;,8;967,2;967,2;966,3;0;11,4;11,4;11,4;11,4;11,4;11,4;100;100;100;121;6,6;3,4;
2026/08/13;0000 UTC;,8;967,6;967,7;967,2;0;10,6;10,6;11,4;10,6;11,4;10,6;100;100;100;116;7,7;3,6;
2026/08/13;0100 UTC;,4;968;968,1;967,6;0;10,3;10,3;10,6;10,3;10,6;10,3;100;100;100;117;7,3;3,2;
2026/08/13;0200 UTC;,2;968,4;968,5;967,6;0;10,2;10,2;10,3;10,1;10,3;10,1;100;100;100;107;8,2;3,8;
2026/08/13;0300 UTC;,8;968,4;968,6;967,9;0;10,1;10,1;10,2;10,1;10,2;10,1;100;100;100;114;7,9;4,4;
2026/08/13;0400 UTC;,6;967,8;968,6;967,8;0;10;10;10,1;10;10,1;10;100;100;100;109;8,4;4,2;
2026/08/13;0500 UTC;0;968,5;968,5;967,5;0;9,7;9,7;10;9,7;10;9,7;100;100;100;114;9,6;4,3;
2026/08/13;0600 UTC;,2;968,4;968,7;968,4;0;9,4;9,4;9,7;9,4;9,7;9,4;100;100;100;105;7,8;3,9;
2026/08/13;0700 UTC;,2;967,8;968,4;967,4;0;9,3;9,3;9,4;9,3;9,4;9,3;100;100;100;109;8,1;3,4;
2026/08/13;0800 UTC;,2;967,6;967,8;967,3;0;9;9;9,3;9;9,3;9;100;100;100;109;9,3;3,8;
2026/08/13;0900 UTC;,2;968,2;968,2;967,5;0;8,8;8,8;9;8,8;9;8,8;100;100;100;105;8,6;3,6;
2026/08/13;1000 UTC;0;968,8;968,8;968,2;0;8,1;8,1;8,8;8,1;8,8;8,1;100;100;100;115;8,4;4,4;
2026/08/13;1100 UTC;,2;969,1;969,2;968,8;4,3;8,1;8,1;8,1;8,1;8,1;8,1;100;100;100;112;9,3;4;
2026/08/13;1200 UTC;0;969,8;969,8;969,1;31,7;8,3;8,3;8,3;8,1;8,3;8,1;100;100;100;100;8,9;4,2;
2026/08/13;1300 UTC;0;970,6;970,8;969,8;70,3;8,4;8,4;8,4;8,3;8,4;8,3;100;100;100;112;8,6;4,8;
2026/08/13;1400 UTC;,8;970,3;970,6;970,3;174,8;8,8;8,8;8,8;8,4;8,8;8,4;100;100;100;126;9;4,1;
2026/08/13;1500 UTC;0;970,3;970,5;969,6;241,2;9,2;9,2;9,3;8,8;9,3;8,8;100;100;100;104;10,2;4,7;
2026/08/13;1600 UTC;,2;970,7;971,1;970,5;130,4;9,5;9,5;9,6;9,2;9,5;9,2;100;99;99;110;8,6;4;
2026/08/13;1700 UTC;,2;969,5;970,7;969,1;189;9,3;9,3;9,5;9,3;9,4;9,2;100;99;100;114;8,5;3,4;
2026/08/13;1800 UTC;,2;969,8;969,9;969,5;153,3;9,2;9,2;9,3;9,1;9,3;9;100;100;100;115;8,8;4,9;
2026/08/13;1900 UTC;,2;970,3;970,4;969,9;143;9,4;9,4;9,4;9,2;9,4;9,2;100;100;100;113;8,9;4;
2026/08/13;2000 UTC;,4;971,1;971,1;970,3;97,6;8,8;8,7;9,4;8,8;9,4;8,7;100;99;99;117;10;5,5;
2026/08/13;2100 UTC;,8;971,8;971,8;971,1;32,7;9,2;9,1;9,2;8,8;9,2;8,7;100;99;100;112;9,9;5,3;
2026/08/13;2200 UTC;,2;972,6;972,6;971,8;,6;8,4;8,1;9,2;8,4;9,1;8,1;100;98;98;114;9,8;4,9;
2026/08/13;2300 UTC;,2;972,8;972,8;972,4;0;8,8;8,6;8,8;8,4;8,7;7,9;100;97;99;92;9,8;3,9;
2026/08/14;0000 UTC;,2;973,3;973,4;972,9;0;8,7;8,6;8,9;8,7;8,8;8,5;99;98;99;101;8,4;4,2;
2026/08/14;0100 UTC;,2;973,2;973,4;973,1;0;8,6;8,6;8,8;8,6;8,8;8,6;100;99;100;102;7,8;3,5;
2026/08/14;0200 UTC;0;973,1;973,2;973;0;8,7;8,7;8,8;8,5;8,8;8,5;100;100;100;106;7,7;3,8;
2026/08/14;0300 UTC;0;972,7;973,1;972,7;0;9;9;9;8,7;9;8,7;100;100;100;97;7;3,1;
2026/08/14;0400 UTC;0;972,9;973,1;972,7;0;9,2;9,2;9,2;9;9,2;9;100;100;100;96;6,3;3,3;
2026/08/14;0500 UTC;0;972,7;972,9;972,6;0;9,2;9,2;9,2;9,2;9,2;9,2;100;100;100;99;6,6;3,3;
2026/08/14;0600 UTC;0;972,1;972,7;972;0;9,2;9,2;9,2;9,2;9,2;9,2;100;100;100;102;6,3;3,2;
2026/08/14;0700 UTC;,2;971,9;972,1;971,9;0;9,4;9,4;9,4;9,2;9,4;9,2;100;100;100;106;6,6;3,3;
2026/08/14;0800 UTC;0;972,1;972,2;971,9;0;9,6;9,6;9,6;9,4;9,6;9,4;100;100;100;104;5,4;2,9;
2026/08/14;0900 UTC;0;972,7;972,7;972,1;0;10,1;10,1;10,1;9,6;10,1;9,6;100;100;100;102;6;3,3;
2026/08/14;1000 UTC;0;972,9;972,9;972,7;0;10,3;10,3;10,3;10,1;10,3;10,1;100;100;100;102;6,5;3,1;
2026/08/14;1100 UTC;0;973,1;973,1;972,9;37,4;10,7;10,7;10,7;10,3;10,7;10,3;100;100;100;94;7;3,6;
2026/08/14;1200 UTC;0;973,7;973,7;973,1;245,1;11,1;11,1;11,1;10,7;11,1;10,7;100;100;100;71;9,3;5,1;
2026/08/14;1300 UTC;,2;974,1;974,2;973,7;677,9;11,8;11,4;11,8;11,1;11,5;11,1;100;97;97;76;10;4,6;
2026/08/14;1400 UTC;0;974,2;974,3;973,8;653,2;12;11,7;12,1;11,8;11,8;11,4;99;97;99;69;9;4,3;
2026/08/14;1500 UTC;0;973,9;974,5;973,9;717,2;12,4;12,1;12,5;11,9;12,1;11,7;99;97;98;71;9,9;4,9;
2026/08/14;1600 UTC;0;973,1;974;973,1;1249;13;12,4;13,3;12,5;12,7;12,1;98;94;96;79;9,6;4,8;
2026/08/14;1700 UTC;,2;972,4;973,1;972,4;748,8;13,1;12,6;13,2;12,9;12,7;12,3;98;95;97;78;10,2;4;
2026/08/14;1800 UTC;0;972;972,4;972;818,7;12,8;12,5;13,2;12,8;12,9;12,5;98;96;98;80;9,4;4,4;
2026/08/14;1900 UTC;,2;971,4;972;971,4;572,3;12,9;12,4;13;12,7;12,6;12,3;98;96;97;76;9,2;4,6;
2026/08/14;2000 UTC;0;971,4;971,5;971,4;219,1;12,4;12,1;12,9;12,4;12,4;12;99;96;99;75;8,9;3,6;
2026/08/14;2100 UTC;0;971,4;971,4;971,3;74,4;12;11,9;12,3;12;12,1;11,9;99;98;99;77;9,3;4,2;
2026/08/14;2200 UTC;,2;971;971,3;971;,4;11,9;11,8;12;11,9;11,9;11,8;100;99;99;80;8,9;4,7;
2026/08/14;2300 UTC;0;971;971,1;971;0;11,8;11,8;11,9;11,8;11,8;11,8;100;99;100;64;11;4,8;
2026/08/15;0000 UTC;0;971,5;971,5;971;0;11,9;11,8;11,9;11,8;11,8;11,8;100;100;100;70;11;4,9;
2026/08/15;0100 UTC;0;971,6;971,6;971,4;0;12,1;11,9;12,1;11,9;11,9;11,8;99;99;99;69;8,9;4,5;
2026/08/15;0200 UTC;0;971,8;971,9;971,2;0;12,2;12;12,2;12,1;12;11,9;99;99;99;73;9;4,9;
2026/08/15;0300 UTC;0;971,9;972;971,8;0;12,2;12,1;12,2;12,2;12,1;12;100;99;100;69;8,7;4,2;
2026/08/15;0400 UTC;,2;971,7;972,1;971,6;0;12,3;12,3;12,3;12,2;12,3;12,2;100;100;100;74;8,7;5;
2026/08/15;0500 UTC;0;971;971,7;971;0;12,3;12,3;12,3;12,3;12,3;12,3;100;100;100;78;9,2;4,7;
2026/08/15;0600 UTC;0;970,4;970,9;970,4;0;12,4;12,4;12,4;12,3;12,4;12,3;100;100;100;71;9,2;4,7;
2026/08/15;0700 UTC;0;970,1;970,4;970,1;0;12,6;12,6;12,6;12,4;12,6;12,4;100;100;100;58;9;4,2;
2026/08/15;0800 UTC;0;969,4;970,1;969,4;0;12,7;12,7;12,7;12,6;12,7;12,6;100;100;100;61;8;4;
2026/08/15;0900 UTC;0;969,2;969,4;969,1;0;12,7;12,7;12,7;12,7;12,7;12,7;100;100;100;58;8,6;4;
2026/08/15;1000 UTC;0;969,6;969,6;969,2;0;13;13;13;12,7;13;12,7;100;100;100;56;8,6;4,2;
2026/08/15;1100 UTC;0;970,1;970,1;969,6;14,1;13,3;13,3;13,3;13;13,3;13;100;100;100;53;7,7;4,1;
2026/08/15;1200 UTC;,2;970,3;970,3;970;116,4;13,5;13,4;13,5;13,3;13,4;13,3;100;99;99;53;7,9;3,5;
2026/08/15;1300 UTC;0;970,2;970,5;970,2;283,8;14;13,7;14;13,5;13,8;13,4;99;98;98;52;8;4;
2026/08/15;1400 UTC;0;970,1;970,3;970,1;545,3;14,9;14,2;14,9;14,1;14,2;13,8;98;95;96;49;9,1;3,7;
2026/08/15;1500 UTC;0;969,6;970,3;969,6;838;15,9;14,6;15,9;14,9;14,6;14,1;95;92;92;56;9,6;3,9;
2026/08/15;1600 UTC;0;968,6;969,6;968,6;1239;16,9;14,9;16,9;15,9;14,9;14,3;92;87;88;54;8,8;4,1;
2026/08/15;1700 UTC;0;967,6;968,6;967,6;1132,9;17,1;15,1;17,1;16,6;15,1;14,5;89;87;88;52;8;4;
2026/08/15;1800 UTC;0;966,7;967,7;966,7;881,2;17,1;15,1;17,4;17;15,2;14,9;89;86;88;55;7,6;3,8;
2026/08/15;1900 UTC;0;966,1;966,6;966,1;791,9;17,2;15,4;17,7;16,9;15,5;15;90;86;89;55;8,4;3,7;
2026/08/15;2000 UTC;0;965,9;966;965,7;305,6;16,6;15,4;17,2;16,6;15,5;15,3;92;89;92;46;7;3,4;
2026/08/15;2100 UTC;0;965,7;965,9;965,6;99,5;16,4;15,5;16,6;16,4;15,5;15,4;94;92;94;57;7,1;3,2;
2026/08/15;2200 UTC;0;965,6;965,8;965,5;,6;15,8;15,4;16,4;15,8;15,5;15,4;97;94;97;60;7,3;3,9;
2026/08/15;2300 UTC;0;965,8;965,9;965,5;0;15,8;15,5;15,9;15,8;15,5;15,4;98;97;98;46;8,2;3,6;
2026/08/16;0000 UTC;0;966,1;966,2;965,6;0;15,7;15,6;15,8;15,7;15,6;15,5;100;98;100;42;6,8;2,2;
2026/08/16;0100 UTC;0;965,9;966,1;965,6;0;15,6;15,6;15,7;15,6;15,6;15,6;100;100;100;42;6,6;2,3;
2026/08/16;0200 UTC;0;965,8;965,9;965,7;0;15,5;15,5;15,6;15,5;15,6;15,5;100;100;100;35;5,7;2;
2026/08/16;0300 UTC;0;965,6;966,2;965,6;0;15,3;15,3;15,5;15,3;15,5;15,3;100;100;100;25;4,8;1,5;
2026/08/16;0400 UTC;0;965,8;966;965,6;0;15,1;15,1;15,2;15,1;15,2;15,1;100;100;100;332;4,3;1,2;
2026/08/16;0500 UTC;,2;965,4;965,9;965,4;0;15;15;15,1;15;15,1;15;100;100;100;18;3,5;1,1;
2026/08/16;0600 UTC;0;964,8;965,3;964,6;0;15;15;15;15;15;15;100;100;100;24;3,5;,8;
2026/08/16;0700 UTC;,2;964,6;965,1;964;0;15,5;15,5;15,5;15;15,5;15;100;100;100;326;4,9;2,7;
2026/08/16;0800 UTC;8,5;965;965;962,9;0;16,5;16,5;16,5;15,6;16,5;15,6;100;100;100;337;7,1;3,3;
2026/08/16;0900 UTC;3,2;962,5;965;962,5;0;17,1;17,1;17,1;16;17,1;15,8;100;98;100;59;7,8;2,2;
2026/08/16;1000 UTC;1,2;963,8;963,8;962,4;0;17;16,6;17,3;16,9;17,3;16,6;100;98;98;172;5,6;2,5;
2026/08/16;1100 UTC;16;964,7;965,3;963,5;0;16,8;16,8;17;16,8;16,9;16,6;100;98;100;83;4,6;1,6;
2026/08/16;1200 UTC;10,8;965,3;965,6;964,2;15,4;17;17;17;16,7;17;16,7;100;100;100;53;5,6;2,7;
2026/08/16;1300 UTC;6,9;965,8;965,9;964,4;28,6;17;17;17,1;17;17,1;17;100;100;100;48;8,5;3,2;
2026/08/16;1400 UTC;8,9;966,1;966,5;965,7;54,4;17;17;17;16,9;17;16,9;100;100;100;18;6,2;2,5;
2026/08/16;1500 UTC;5,5;966;966,2;965,4;75,7;17,1;17,1;17,1;16,9;17,1;16,9;100;100;100;332;7,7;2,8;
2026/08/16;1600 UTC;7,5;964,8;966,1;964,8;44,2;17,1;17,1;17,2;17,1;17,2;17,1;100;100;100;49;6,6;3;
2026/08/16;1700 UTC;3,2;964,3;964,7;964;77,4;16,7;16,7;17,1;16,7;17,1;16,7;100;100;100;50;9;3,5;
2026/08/16;1800 UTC;7,7;963,6;964,6;963,4;61,2;16,6;16,6;16,7;16,6;16,7;16,6;100;100;100;49;8,7;3,8;
2026/08/16;1900 UTC;,6;962,3;963,5;962,3;383,5;16,9;16,9;16,9;16,6;16,9;16,6;100;100;100;47;8,6;3,6;
2026/08/16;2000 UTC;0;962,3;962,7;961,9;163,9;17,1;17,1;17,1;16,9;17,1;16,9;100;100;100;37;7,3;1,7;
2026/08/16;2100 UTC;0;962,4;962,5;962,3;147;17,2;17,1;17,4;17,1;17,4;17,1;100;100;100;357;6,8;2,4;
2026/08/16;2200 UTC;0;962,7;962,8;962,4;1;17;17;17,2;16,9;17,1;16,9;100;100;100;341;5,3;2;
2026/08/16;2300 UTC;0;962,8;962,9;962,7;0;16,9;16,9;17;16,9;17;16,9;100;100;100;345;5,4;1,4;
2026/08/17;0000 UTC;0;962,8;962,9;962,7;0;16,8;16,8;16,9;16,8;16,9;16,8;100;100;100;336;6,1;2;
2026/08/17;0100 UTC;0;962,9;963;962,8;0;16,6;16,6;16,8;16,6;16,8;16,6;100;100;100;336;5,9;2,4;
2026/08/17;0200 UTC;0;962,8;963;962,7;0;16,3;16,3;16,6;16,3;16,6;16,3;100;100;100;8;4,9;1,3;
2026/08/17;0300 UTC;0;962,9;963;962,8;0;16,3;16,3;16,3;16,2;16,3;16,2;100;100;100;360;3,8;1,5;
2026/08/17;0400 UTC;0;962,9;963;962,8;0;16,6;16,6;16,6;16,4;16,6;16,4;100;100;100;358;4;1,4;
2026/08/17;0500 UTC;,4;963,2;963,4;962,7;0;17;16,9;17;16,6;16,9;16,6;100;99;99;323;4,5;2,4;
2026/08/17;0600 UTC;6,1;963,9;964,7;962,7;0;17,7;17,5;17,8;17;17,6;16,9;100;99;99;225;13,3;2,2;
2026/08/17;0700 UTC;,2;962,1;964,1;962,1;0;17,7;17,7;17,7;17,6;17,7;17,5;100;99;100;24;6,4;1,6;
2026/08/17;0800 UTC;0;961,1;962;961,1;0;17,5;17,5;17,7;17,5;17,7;17,5;100;100;100;0;2,8;,6;
2026/08/17;0900 UTC;0;961,3;961,3;960,9;0;18,1;18,1;18,1;17,5;18,1;17,5;100;100;100;335;3,9;2,1;
2026/08/17;1000 UTC;0;961,8;961,9;961,2;0;18,2;17,7;18,4;18,2;18,3;17,7;100;97;97;335;5,3;2,8;
2026/08/17;1100 UTC;0;965,3;965,3;961,9;7,1;19;18,3;19;18,2;18,3;17,6;97;96;96;202;11,2;5,4;
2026/08/17;1200 UTC;,8;966,1;966,1;965,3;85,4;16,9;16,8;18,8;16,9;18,3;16,8;99;95;99;163;12,4;3,5;
2026/08/17;1300 UTC;0;966,7;966,8;965,9;123,2;17,2;16,9;17,2;16,9;16,9;16,7;100;98;98;124;6,3;1,8;
2026/08/17;1400 UTC;,2;965,6;966,7;965,5;157,9;16,9;16,8;17,2;16,9;16,9;16,8;99;98;99;72;6,8;3,2;
2026/08/17;1500 UTC;1,6;966,7;967;965,6;118,9;16,9;16,9;16,9;16,9;16,9;16,8;100;99;100;57;6,8;1,5;
2026/08/17;1600 UTC;1,6;965,1;966,7;965,1;85,9;16,8;16,8;17;16,8;17;16,8;100;100;100;88;6,8;3,6;
2026/08/17;1700 UTC;,4;963,6;965,1;963,6;133,5;16,7;16,7;16,9;16,7;16,8;16,7;100;100;100;72;9,2;4,7;
2026/08/17;1800 UTC;,8;963,8;963,9;963,6;119,6;16,8;16,8;16,8;16,7;16,8;16,7;100;100;100;67;8,8;3,3;
2026/08/17;1900 UTC;,4;963,7;964;963,7;174;17,1;17,1;17,1;16,8;17,1;16,8;100;100;100;60;9,1;4,6;
2026/08/17;2000 UTC;,2;963,7;963,9;963,7;218,8;17,2;16,9;17,2;17,1;17,1;16,9;100;98;98;52;9,1;3,9;
2026/08/17;2100 UTC;0;963,7;963,7;963,3;96,9;16,8;16,5;17,2;16,8;16,9;16,5;98;98;98;41;7,2;2,9;
2026/08/17;2200 UTC;0;964;964,1;963,7;1,2;16,6;16,1;16,8;16,6;16,5;16,1;98;97;97;5;6,2;1,4;
2026/08/17;2300 UTC;0;964,6;964,6;964;0;16,3;15,9;16,6;16,3;16,1;15,9;98;97;98;8;4,3;1,3;
2026/08/18;0000 UTC;0;964,8;965;964,6;0;16;15,8;16,3;16;15,9;15,8;99;98;99;46;3,8;,8;
2026/08/18;0100 UTC;0;964,5;964,9;964,4;0;16;15,7;16,1;16;15,8;15,7;98;97;98;79;4,3;2,4;
2026/08/18;0200 UTC;0;964;964,6;964;0;16,1;15,6;16,1;16;15,7;15,6;98;97;97;85;5;2,9;
2026/08/18;0300 UTC;0;964,3;964,3;963,6;0;15,8;15,7;16,1;15,8;15,7;15,6;99;97;99;133;5,9;3,7;
2026/08/18;0400 UTC;9,5;966,9;968,9;962,6;0;15,8;15,8;15,9;15,6;15,9;15,6;100;100;100;165;19,1;3,8;
2026/08/18;0500 UTC;,4;966,2;966,9;965,8;0;15,6;15,6;15,9;15,6;15,9;15,6;100;100;100;131;5,8;3,6;
2026/08/18;0600 UTC;5,5;965,7;967,4;965,7;0;15,9;15,9;15,9;15,6;15,9;15,6;100;100;100;134;9,1;2,1;
2026/08/18;0700 UTC;,6;964,5;966,1;963,9;0;15,7;15,7;15,9;15,7;15,9;15,7;100;100;100;67;6,3;2,9;
2026/08/18;0800 UTC;3,2;964,4;964,8;964,1;0;15,5;15,5;15,7;15,5;15,7;15,5;100;100;100;45;5,6;2,6;
2026/08/18;0900 UTC;0;965;965;964,1;0;15,5;15,5;15,6;15,5;15,6;15,5;100;100;100;38;6,4;2,3;
2026/08/18;1000 UTC;1,4;965,9;965,9;964,7;0;15,7;15,7;15,7;15,5;15,7;15,5;100;100;100;56;4,9;1,5;
2026/08/18;1100 UTC;9,1;966,4;967,1;965,7;6,6;15,7;15,7;15,8;15,7;15,8;15,7;100;100;100;13;3,8;2,1;
2026/08/18;1200 UTC;1,2;966,5;967,1;966,3;96,8;16;16;16;15,7;16;15,7;100;100;100;36;4,1;2;
2026/08/18;1300 UTC;,2;967,2;967,2;966,4;221,8;16,2;16,2;16,2;16;16,2;16;100;100;100;0;4,1;1,3;
2026/08/18;1400 UTC;,4;968,3;968,3;966,6;305,3;16,5;16,5;16,5;16,2;16,5;16,2;100;100;100;351;5,4;1,8;
2026/08/18;1500 UTC;1;967,2;968,2;966,7;560,8;17,8;17,8;17,8;16,5;17,8;16,5;100;100;100;16;3,5;1,4;
2026/08/18;1600 UTC;0;966,8;967,1;966,4;1360,9;18,2;17,8;18,7;17,7;18,7;17,7;100;98;98;13;3,9;1;
2026/08/18;1700 UTC;0;966,4;967,3;966,2;537,8;18,5;17,9;18,7;18,1;18,3;17,8;98;96;96;31;2,6;1,5;
2026/08/18;1800 UTC;0;965,8;966,8;965,5;995,2;19,3;18,5;19,6;18,6;18,8;18;97;93;95;14;4;,8;
2026/08/18;1900 UTC;0;965,9;965,9;965,5;493,8;19,5;18,3;19,6;19,3;19;18,3;97;93;93;137;3,4;2,2;
2026/08/18;2000 UTC;0;966,8;966,8;965,9;115,4;18,6;18,3;19,5;18,6;18,7;18,2;99;92;99;160;5,1;2,8;
2026/08/18;2100 UTC;2;968,5;968,5;966,4;17,2;15,4;15,4;18,6;15,4;18,3;15,4;100;99;100;170;8,5;4,4;
2026/08/18;2200 UTC;1,4;968,3;968,6;967,3;,2;13,6;13,6;15,3;13,6;15,3;13,6;100;100;100;149;9,3;4,7;
2026/08/18;2300 UTC;,2;967,6;968,4;967,6;0;12,9;12,9;13,6;12,9;13,6;12,9;100;100;100;142;8,2;4,3;
2026/08/19;0000 UTC;0;969;969;967,6;0;12,5;12,5;12,9;12,5;12,9;12,5;100;100;100;141;7,4;3,3;
2026/08/19;0100 UTC;,2;970,1;970,1;969,2;0;11,9;11,9;12,4;11,9;12,4;11,9;100;100;100;152;8,5;4,4;
2026/08/19;0200 UTC;0;969,6;970,1;969,6;0;11,5;11,5;11,9;11,5;11,9;11,5;100;100;100;129;8,1;4,3;
2026/08/19;0300 UTC;0;970;970,2;969,6;0;11,5;11,5;11,5;11,4;11,5;11,4;100;100;100;115;7,8;3,2;
2026/08/19;0400 UTC;0;970;970,1;969,5;0;11,5;11,5;11,5;11,5;11,5;11,5;100;100;100;129;6,1;2,6;
2026/08/19;0500 UTC;0;969,8;970,2;969,8;0;11,5;11,5;11,6;11,5;11,6;11,5;100;100;100;124;5,3;2,9;
2026/08/19;0600 UTC;0;969,6;970;969,5;0;11,6;11,6;11,6;11,5;11,6;11,5;100;100;100;103;5,8;2,5;
2026/08/19;0700 UTC;,2;969,5;969,9;969,5;0;11,7;11,7;11,8;11,6;11,8;11,6;100;100;100;108;5,1;2,2;
2026/08/19;0800 UTC;0;969,5;969,5;969,2;0;11,8;11,8;11,8;11,7;11,8;11,7;100;100;100;114;4,7;1,9;
2026/08/19;0900 UTC;0;970,4;970,4;969,3;0;11,3;11,3;11,8;11,3;11,8;11,3;100;100;100;112;5,2;2,9;
2026/08/19;1000 UTC;0;971,1;971,1;970,3;0;11;11;11,3;11;11,3;11;100;100;100;104;5,3;2,8;
2026/08/19;1100 UTC;0;971,6;971,6;971,1;18,6;11;11;11;11;11;11;100;100;100;102;5,4;2,8;
2026/08/19;1200 UTC;0;972,5;972,6;971,4;110;11,2;11,2;11,2;11;11,2;11;100;100;100;87;5,3;2,2;
2026/08/19;1300 UTC;0;971,9;972,5;971,9;311,8;11,6;11,6;11,7;11,2;11,7;11,2;100;100;100;104;5,6;3,3;
2026/08/19;1400 UTC;0;972,1;972,3;971,5;408,1;11,9;11,9;11,9;11,6;11,9;11,6;100;100;100;107;6,6;2,5;
2026/08/19;1500 UTC;0;971,7;972,3;971,7;568,1;12;12;12,1;11,7;12,1;11,7;100;100;100;88;7;3,9;
2026/08/19;1600 UTC;0;971,2;971,9;971;432,3;12,1;12,1;12,1;11,8;12,1;11,8;100;100;100;96;6,7;3,7;
2026/08/19;1700 UTC;0;970,7;971,3;970,7;532,1;12,6;12,6;12,6;12;12,6;12;100;100;100;88;6,8;3;
2026/08/19;1800 UTC;1,2;970,7;970,9;970,7;208,5;12,4;12,4;12,6;12,2;12,6;12,2;100;100;100;81;5,8;2;
2026/08/19;1900 UTC;,4;970,2;970,7;970,2;318,4;12,4;12,4;12,6;12,4;12,6;12,4;100;100;100;59;7,2;3,4;
2026/08/19;2000 UTC;,6;970;970,6;969,8;68,8;12,4;12,4;12,4;12,3;12,4;12,3;100;100;100;74;5,9;3,1;
2026/08/19;2100 UTC;,2;970,4;970,4;969,9;27,9;12,2;12,2;12,4;12,2;12,4;12,2;100;100;100;85;5,8;2,9;
2026/08/19;2200 UTC;1,2;970,1;970,5;969,7;0;12;12;12,3;12;12,3;12;100;100;100;82;5,8;1,8;
2026/08/19;2300 UTC;5,7;971,1;971,1;970,1;0;11,8;11,8;12;11,8;12;11,8;100;100;100;49;5,3;2,2;
2026/08/20;0000 UTC;9,3;970,5;971,2;970,5;0;11,6;11,6;11,8;11,6;11,8;11,6;100;100;100;56;5,5;2,7;
2026/08/20;0100 UTC;;;;;;;;;;;;;;;;;;
2026/08/20;0200 UTC;;;;;;;;;;;;;;;;;;
2026/08/20;0300 UTC;;;;;;;;;;;;;;;;;;
2026/08/20;0400 UTC;;;;;;;;;;;;;;;;;;
2026/08/20;0500 UTC;;;;;;;;;;;;;;;;;;
2026/08/20;0600 UTC;;;;;;;;;;;;;;;;;;
2026/08/20;0700 UTC;;;;;;;;;;;;;;;;;;
2026/08/20;0800 UTC;;;;;;;;;;;;;;;;;;
2026/08/20;0900 UTC;;;;;;;;;;;;;;;;;;
2026/08/20;1000 UTC;;;;;;;;;;;;;;;;;;
2026/08/20;1100 UTC;;;;;;;;;;;;;;;;;;
2026/08/20;1200 UTC;;;;;;;;;;;;;;;;;;
2026/08/20;1300 UTC;;;;;;;;;;;;;;;;;;
2026/08/20;1400 UTC;;;;;;;;;;;;;;;;;;
2026/08/20;1500 UTC;;;;;;;;;;;;;;;;;;
2026/08/20;1600 UTC;;;;;;;;;;;;;;;;;;
2026/08/20;1700 UTC;;;;;;;;;;;;;;;;;;
2026/08/20;1800 UTC;;;;;;;;;;;;;;;;;;
2026/08/20;1900 UTC;;;;;;;;;;;;;;;;;;
2026/08/20;2000 UTC;;;;;;;;;;;;;;;;;;
2026/08/20;2100 UTC;;;;;;;;;;;;;;;;;;
2026/08/20;2200 UTC;;;;;;;;;;;;;;;;;;
2026/08/20;2300 UTC;;;;;;;;;;;;;;;;;;
2026/08/21;0000 UTC;;;;;;;;;;;;;;;;;;
2026/08/21;0100 UTC;;;;;;;;;;;;;;;;;;
2026/08/21;0200 UTC;;;;;;;;;;;;;;;;;;
2026/08/21;0300 UTC;;;;;;;;;;;;;;;;;;
2026/08/21;0400 UTC;;;;;;;;;;;;;;;;;;
2026/08/21;0500 UTC;;;;;;;;;;;;;;;;;;
2026/08/21;0600 UTC;;;;;;;;;;;;;;;;;;
2026/08/21;0700 UTC;;;;;;;;;;;;;;;;;;
2026/08/21;0800 UTC;;;;;;;;;;;;;;;;;;
2026/08/21;0900 UTC;;;;;;;;;;;;;;;;;;
2026/08/21;1000 UTC;;;;;;;;;;;;;;;;;;
2026/08/21;1100 UTC;;;;;;;;;;;;;;;;;;
2026/08/21;1200 UTC;;;;;;;;;;;;;;;;;;
2026/08/21;1300 UTC;;;;;;;;;;;;;;;;;;
2026/08/21;1400 UTC;;;;;;;;;;;;;;;;;;
2026/08/21;1500 UTC;;;;;;;;;;;;;;;;;;
2026/08/21;1600 UTC;;;;;;;;;;;;;;;;;;
2026/08/21;1700 UTC;;;;;;;;;;;;;;;;;;
2026/08/21;1800 UTC;;;;;;;;;;;;;;;;;;
2026/08/21;1900 UTC;;;;;;;;;;;;;;;;;;
2026/08/21;2000 UTC;;;;;;;;;;;;;;;;;;
2026/08/21;2100 UTC;;;;;;;;;;;;;;;;;;
2026/08/21;2200 UTC;;;;;;;;;;;;;;;;;;
2026/08/21;2300 UTC;;;;;;;;;;;;;;;;;;
2026/08/22;0000 UTC;;;;;;;;;;;;;;;;;;
2026/08/22;0100 UTC;;;;;;;;;;;;;;;;;;
2026/08/22;0200 UTC;;;;;;;;;;;;;;;;;;
2026/08/22;0300 UTC;;;;;;;;;;;;;;;;;;
2026/08/22;0400 UTC;;;;;;;;;;;;;;;;;;
2026/08/22;0500 UTC;;;;;;;;;;;;;;;;;;
2026/08/22;0600 UTC;;;;;;;;;;;;;;;;;;
2026/08/22;0700 UTC;;;;;;;;;;;;;;;;;;
2026/08/22;0800 UTC;;;;;;;;;;;;;;;;;;
2026/08/22;0900 UTC;;;;;;;;;;;;;;;;;;
2026/08/22;1000 UTC;;;;;;;;;;;;;;;;;;
2026/08/22;1100 UTC;;;;;;;;;;;;;;;;;;
2026/08/22;1200 UTC;;;;;;;;;;;;;;;;;;
2026/08/22;1300 UTC;;;;;;;;;;;;;;;;;;
2026/08/22;1400 UTC;;;;;;;;;;;;;;;;;;
2026/08/22;1500 UTC;;;;;;;;;;;;;;;;;;
2026/08/22;1600 UTC;;;;;;;;;;;;;;;;;;
2026/08/22;1700 UTC;;;;;;;;;;;;;;;;;;
2026/08/22;1800 UTC;;;;;;;;;;;;;;;;;;
2026/08/22;1900 UTC;;;;;;;;;;;;;;;;;;
2026/08/22;2000 UTC;;;;;;;;;;;;;;;;;;
2026/08/22;2100 UTC;;;;;;;;;;;;;;;;;;
2026/08/22;2200 UTC;;;;;;;;;;;;;;;;;;
2026/08/22;2300 UTC;;;;;;;;;;;;;;;;;;
2026/08/23;0000 UTC;;;;;;;;;;;;;;;;;;
2026/08/23;0100 UTC;;;;;;;;;;;;;;;;;;
2026/08/23;0200 UTC;;;;;;;;;;;;;;;;;;
2026/08/23;0300 UTC;;;;;;;;;;;;;;;;;;
2026/08/23;0400 UTC;;;;;;;;;;;;;;;;;;
2026/08/23;0500 UTC;;;;;;;;;;;;;;;;;;
2026/08/23;0600 UTC;;;;;;;;;;;;;;;;;;
2026/08/23;0700 UTC;;;;;;;;;;;;;;;;;;
2026/08/23;0800 UTC;;;;;;;;;;;;;;;;;;
2026/08/23;0900 UTC;;;;;;;;;;;;;;;;;;
2026/08/23;1000 UTC;;;;;;;;;;;;;;;;;;
2026/08/23;1100 UTC;;;;;;;;;;;;;;;;;;
2026/08/23;1200 UTC;;;;;;;;;;;;;;;;;;
2026/08/23;1300 UTC;;;;;;;;;;;;;;;;;;
2026/08/23;1400 UTC;;;;;;;;;;;;;;;;;;
2026/08/23;1500 UTC;;;;;;;;;;;;;;;;;;
2026/08/23;1600 UTC;;;;;;;;;;;;;;;;;;
2026/08/23;1700 UTC;;;;;;;;;;;;;;;;;;
2026/08/23;1800 UTC;;;;;;;;;;;;;;;;;;
2026/08/23;1900 UTC;;;;;;;;;;;;;;;;;;
2026/08/23;2000 UTC;;;;;;;;;;;;;;;;;;
2026/08/23;2100 UTC;;;;;;;;;;;;;;;;;;
2026/08/23;2200 UTC;;;;;;;;;;;;;;;;;;
2026/08/23;2300 UTC;;;;;;;;;;;;;;;;;;
2026/08/24;0000 UTC;;;;;;;;;;;;;;;;;;
2026/08/24;0100 UTC;;;;;;;;;;;;;;;;;;
2026/08/24;0200 UTC;;;;;;;;;;;;;;;;;;
2026/08/24;0300 UTC;;;;;;;;;;;;;;;;;;
2026/08/24;0400 UTC;;;;;;;;;;;;;;;;;;
2026/08/24;0500 UTC;;;;;;;;;;;;;;;;;;
2026/08/24;0600 UTC;;;;;;;;;;;;;;;;;;
2026/08/24;0700 UTC;;;;;;;;;;;;;;;;;;
2026/08/24;0800 UTC;;;;;;;;;;;;;;;;;;
2026/08/24;0900 UTC;;;;;;;;;;;;;;;;;;
2026/08/24;1000 UTC;;;;;;;;;;;;;;;;;;
2026/08/24;1100 UTC;;;;;;;;;;;;;;;;;;
2026/08/24;1200 UTC;;;;;;;;;;;;;;;;;;
2026/08/24;1300 UTC;;;;;;;;;;;;;;;;;;
2026/08/24;1400 UTC;;;;;;;;;;;;;;;;;;
2026/08/24;1500 UTC;;;;;;;;;;;;;;;;;;
2026/08/24;1600 UTC;;;;;;;;;;;;;;;;;;
2026/08/24;1700 UTC;;;;;;;;;;;;;;;;;;
2026/08/24;1800 UTC;;;;;;;;;;;;;;;;;;
2026/08/24;1900 UTC;;;;;;;;;;;;;;;;;;
2026/08/24;2000 UTC;;;;;;;;;;;;;;;;;;
2026/08/24;2100 UTC;;;;;;;;;;;;;;;;;;
2026/08/24;2200 UTC;;;;;;;;;;;;;;;;;;
2026/08/24;2300 UTC;;;;;;;;;;;;;;;;;;
2026/08/25;0000 UTC;;;;;;;;;;;;;;;;;;
2026/08/25;0100 UTC;;;;;;;;;;;;;;;;;;
2026/08/25;0200 UTC;;;;;;;;;;;;;;;;;;
2026/08/25;0300 UTC;;;;;;;;;;;;;;;;;;
2026/08/25;0400 UTC;;;;;;;;;;;;;;;;;;
2026/08/25;0500 UTC;;;;;;;;;;;;;;;;;;
2026/08/25;0600 UTC;;;;;;;;;;;;;;;;;;
2026/08/25;0700 UTC;;;;;;;;;;;;;;;;;;
2026/08/25;0800 UTC;;;;;;;;;;;;;;;;;;
2026/08/25;0900 UTC;;;;;;;;;;;;;;;;;;
2026/08/25;1000 UTC;;;;;;;;;;;;;;;;;;
2026/08/25;1100 UTC;;;;;;;;;;;;;;;;;;
2026/08/25;1200 UTC;;;;;;;;;;;;;;;;;;
2026/08/25;1300 UTC;;;;;;;;;;;;;;;;;;
2026/08/25;1400 UTC;;;;;;;;;;;;;;;;;;
2026/08/25;1500 UTC;;;;;;;;;;;;;;;;;;
2026/08/25;1600 UTC;;;;;;;;;;;;;;;;;;
2026/08/25;1700 UTC;;;;;;;;;;;;;;;;;;
2026/08/25;1800 UTC;;;;;;;;;;;;;;;;;;
2026/08/25;1900 UTC;;;;;;;;;;;;;;;;;;
2026/08/25;2000 UTC;;;;;;;;;;;;;;;;;;
2026/08/25;2100 UTC;;;;;;;;;;;;;;;;;;
2026/08/25;2200 UTC;;;;;;;;;;;;;;;;;;
2026/08/25;2300 UTC;;;;;;;;;;;;;;;;;;
2026/08/26;0000 UTC;;;;;;;;;;;;;;;;;;
2026/08/26;0100 UTC;;;;;;;;;;;;;;;;;;
2026/08/26;0200 UTC;;;;;;;;;;;;;;;;;;
2026/08/26;0300 UTC;;;;;;;;;;;;;;;;;;
2026/08/26;0400 UTC;;;;;;;;;;;;;;;;;;
2026/08/26;0500 UTC;;;;;;;;;;;;;;;;;;
2026/08/26;0600 UTC;;;;;;;;;;;;;;;;;;
2026/08/26;0700 UTC;;;;;;;;;;;;;;;;;;
2026/08/26;0800 UTC;;;;;;;;;;;;;;;;;;
2026/08/26;0900 UTC;;;;;;;;;;;;;;;;;;
2026/08/26;1000 UTC;;;;;;;;;;;;;;;;;;
2026/08/26;1100 UTC;;;;;;;;;;;;;;;;;;
2026/08/26;1200 UTC;;;;;;;;;;;;;;;;;;
2026/08/26;1300 UTC;;;;;;;;;;;;;;;;;;
2026/08/26;1400 UTC;;;;;;;;;;;;;;;;;;
2026/08/26;1500 UTC;;;;;;;;;;;;;;;;;;
2026/08/26;1600 UTC;;;;;;;;;;;;;;;;;;
2026/08/26;1700 UTC;;;;;;;;;;;;;;;;;;
2026/08/26;1800 UTC;;;;;;;;;;;;;;;;;;
2026/08/26;1900 UTC;;;;;;;;;;;;;;;;;;
2026/08/26;2000 UTC;;;;;;;;;;;;;;;;;;
2026/08/26;2100 UTC;;;;;;;;;;;;;;;;;;
2026/08/26;2200 UTC;;;;;;;;;;;;;;;;;;
2026/08/26;2300 UTC;;;;;;;;;;;;;;;;;;
2026/08/27;0000 UTC;;;;;;;;;;;;;;;;;;
2026/08/27;0100 UTC;;;;;;;;;;;;;;;;;;
2026/08/27;0200 UTC;;;;;;;;;;;;;;;;;;
2026/08/27;0300 UTC;;;;;;;;;;;;;;;;;;
2026/08/27;0400 UTC;;;;;;;;;;;;;;;;;;
2026/08/27;0500 UTC;;;;;;;;;;;;;;;;;;
2026/08/27;0600 UTC;;;;;;;;;;;;;;;;;;
2026/08/27;0700 UTC;;;;;;;;;;;;;;;;;;
2026/08/27;0800 UTC;;;;;;;;;;;;;;;;;;
2026/08/27;0900 UTC;;;;;;;;;;;;;;;;;;
2026/08/27;1000 UTC;;;;;;;;;;;;;;;;;;
2026/08/27;1100 UTC;;;;;;;;;;;;;;;;;;
2026/08/27;1200 UTC;;;;;;;;;;;;;;;;;;
2026/08/27;1300 UTC;;;;;;;;;;;;;;;;;;
2026/08/27;1400 UTC;;;;;;;;;;;;;;;;;;
2026/08/27;1500 UTC;;;;;;;;;;;;;;;;;;
2026/08/27;1600 UTC;;;;;;;;;;;;;;;;;;
2026/08/27;1700 UTC;;;;;;;;;;;;;;;;;;
2026/08/27;1800 UTC;;;;;;;;;;;;;;;;;;
2026/08/27;1900 UTC;;;;;;;;;;;;;;;;;;
2026/08/27;2000 UTC;;;;;;;;;;;;;;;;;;
2026/08/27;2100 UTC;;;;;;;;;;;;;;;;;;
2026/08/27;2200 UTC;;;;;;;;;;;;;;;;;;
2026/08/27;2300 UTC;;;;;;;;;;;;;;;;;;
2026/08/28;0000 UTC;;;;;;;;;;;;;;;;;;
2026/08/28;0100 UTC;;;;;;;;;;;;;;;;;;
2026/08/28;0200 UTC;;;;;;;;;;;;;;;;;;
2026/08/28;0300 UTC;;;;;;;;;;;;;;;;;;
2026/08/28;0400 UTC;;;;;;;;;;;;;;;;;;
2026/08/28;0500 UTC;;;;;;;;;;;;;;;;;;
2026/08/28;0600 UTC;;;;;;;;;;;;;;;;;;
2026/08/28;0700 UTC;;;;;;;;;;;;;;;;;;
2026/08/28;0800 UTC;;;;;;;;;;;;;;;;;;
2026/08/28;0900 UTC;;;;;;;;;;;;;;;;;;
2026/08/28;1000 UTC;;;;;;;;;;;;;;;;;;
2026/08/28;1100 UTC;;;;;;;;;;;;;;;;;;
2026/08/28;1200 UTC;;;;;;;;;;;;;;;;;;
2026/08/28;1300 UTC;;;;;;;;;;;;;;;;;;
2026/08/28;1400 UTC;;;;;;;;;;;;;;;;;;
2026/08/28;1500 UTC;;;;;;;;;;;;;;;;;;
2026/08/28;1600 UTC;;;;;;;;;;;;;;;;;;
2026/08/28;1700 UTC;;;;;;;;;;;;;;;;;;
2026/08/28;1800 UTC;;;;;;;;;;;;;;;;;;
2026/08/28;1900 UTC;;;;;;;;;;;;;;;;;;
2026/08/28;2000 UTC;;;;;;;;;;;;;;;;;;
2026/08/28;2100 UTC;;;;;;;;;;;;;;;;;;
2026/08/28;2200 UTC;;;;;;;;;;;;;;;;;;
2026/08/28;2300 UTC;;;;;;;;;;;;;;;;;;
2026/08/29;0000 UTC;;;;;;;;;;;;;;;;;;
2026/08/29;0100 UTC;;;;;;;;;;;;;;;;;;
2026/08/29;0200 UTC;;;;;;;;;;;;;;;;;;
2026/08/29;0300 UTC;;;;;;;;;;;;;;;;;;
2026/08/29;0400 UTC;;;;;;;;;;;;;;;;;;
2026/08/29;0500 UTC;;;;;;;;;;;;;;;;;;
2026/08/29;0600 UTC;;;;;;;;;;;;;;;;;;
2026/08/29;0700 UTC;;;;;;;;;;;;;;;;;;
2026/08/29;0800 UTC;;;;;;;;;;;;;;;;;;
2026/08/29;0900 UTC;;;;;;;;;;;;;;;;;;
2026/08/29;1000 UTC;;;;;;;;;;;;;;;;;;
2026/08/29;1100 UTC;;;;;;;;;;;;;;;;;;
2026/08/29;1200 UTC;;;;;;;;;;;;;;;;;;
2026/08/29;1300 UTC;;;;;;;;;;;;;;;;;;
2026/08/29;1400 UTC;;;;;;;;;;;;;;;;;;
2026/08/29;1500 UTC;;;;;;;;;;;;;;;;;;
2026/08/29;1600 UTC;;;;;;;;;;;;;;;;;;
2026/08/29;1700 UTC;;;;;;;;;;;;;;;;;;
2026/08/29;1800 UTC;;;;;;;;;;;;;;;;;;
2026/08/29;1900 UTC;;;;;;;;;;;;;;;;;;
2026/08/29;2000 UTC;;;;;;;;;;;;;;;;;;
2026/08/29;2100 UTC;;;;;;;;;;;;;;;;;;
2026/08/29;2200 UTC;;;;;;;;;;;;;;;;;;
2026/08/29;2300 UTC;;;;;;;;;;;;;;;;;;
2026/08/30;0000 UTC;;;;;;;;;;;;;;;;;;
2026/08/30;0100 UTC;;;;;;;;;;;;;;;;;;
2026/08/30;0200 UTC;;;;;;;;;;;;;;;;;;
2026/08/30;0300 UTC;;;;;;;;;;;;;;;;;;
2026/08/30;0400 UTC;;;;;;;;;;;;;;;;;;
2026/08/30;0500 UTC;;;;;;;;;;;;;;;;;;
2026/08/30;0600 UTC;;;;;;;;;;;;;;;;;;
2026/08/30;0700 UTC;;;;;;;;;;;;;;;;;;
2026/08/30;0800 UTC;;;;;;;;;;;;;;;;;;
2026/08/30;0900 UTC;;;;;;;;;;;;;;;;;;
2026/08/30;1000 UTC;;;;;;;;;;;;;;;;;;
2026/08/30;1100 UTC;;;;;;;;;;;;;;;;;;
2026/08/30;1200 UTC;;;;;;;;;;;;;;;;;;
2026/08/30;1300 UTC;;;;;;;;;;;;;;;;;;
2026/08/30;1400 UTC;;;;;;;;;;;;;;;;;;
2026/08/30;1500 UTC;;;;;;;;;;;;;;;;;;
2026/08/30;1600 UTC;;;;;;;;;;;;;;;;;;
2026/08/30;1700 UTC;;;;;;;;;;;;;;;;;;
2026/08/30;1800 UTC;;;;;;;;;;;;;;;;;;
2026/08/30;1900 UTC;;;;;;;;;;;;;;;;;;
2026/08/30;2000 UTC;;;;;;;;;;;;;;;;;;
2026/08/30;2100 UTC;;;;;;;;;;;;;;;;;;
2026/08/30;2200 UTC;;;;;;;;;;;;;;;;;;
2026/08/30;2300 UTC;;;;;;;;;;;;;;;;;;
2026/08/31;0000 UTC;;;;;;;;;;;;;;;;;;
2026/08/31;0100 UTC;;;;;;;;;;;;;;;;;;
2026/08/31;0200 UTC;;;;;;;;;;;;;;;;;;
2026/08/31;0300 UTC;;;;;;;;;;;;;;;;;;
2026/08/31;0400 UTC;;;;;;;;;;;;;;;;;;
2026/08/31;0500 UTC;;;;;;;;;;;;;;;;;;
2026/08/31;0600 UTC;;;;;;;;;;;;;;;;;;
2026/08/31;0700 UTC;;;;;;;;;;;;;;;;;;
2026/08/31;0800 UTC;;;;;;;;;;;;;;;;;;
2026/08/31;0900 UTC;;;;;;;;;;;;;;;;;;
2026/08/31;1000 UTC;;;;;;;;;;;;;;;;;;
2026/08/31;1100 UTC;;;;;;;;;;;;;;;;;;
2026/08/31;1200 UTC;;;;;;;;;;;;;;;;;;
2026/08/31;1300 UTC;;;;;;;;;;;;;;;;;;
2026/08/31;1400 UTC;;;;;;;;;;;;;;;;;;
2026/08/31;1500 UTC;;;;;;;;;;;;;;;;;;
2026/08/31;1600 UTC;;;;;;;;;;;;;;;;;;
2026/08/31;1700 UTC;;;;;;;;;;;;;;;;;;
2026/08/31;1800 UTC;;;;;;;;;;;;;;;;;;
2026/08/31;1900 UTC;;;;;;;;;;;;;;;;;;
2026/08/31;2000 UTC;;;;;;;;;;;;;;;;;;
2026/08/31;2100 UTC;;;;;;;;;;;;;;;;;;
2026/08/31;2200 UTC;;;;;;;;;;;;;;;;;;
2026/08/31;2300 UTC;;;;;;;;;;;;;;;;;;
