REGIAO:;S
UF:;RS
ESTACAO:;HERVAL
CODIGO (WMO):;B826
LATITUDE:;-32,01277777
LONGITUDE:;-53,40305555
ALTITUDE:;331
DATA DE FUNDACAO:;17/09/25
Data;Hora UTC;PRECIPITAÇÃO TOTAL, HORÁRIO (mm);PRESSAO ATMOSFERICA AO NIVEL DA ESTACAO, HORARIA (mB);PRESSÃO ATMOSFERICA MAX.NA HORA ANT. (AUT) (mB);PRESSÃO ATMOSFERICA MIN. NA HORA ANT. (AUT) (mB);RADIACAO GLOBAL (Kj/m²);TEMPERATURA DO AR - BULBO SECO, HORARIA (°C);TEMPERATURA DO PONTO DE ORVALHO (°C);TEMPERATURA MÁXIMA NA HORA ANT. (AUT) (°C);TEMPERATURA MÍNIMA NA HORA ANT. (AUT) (°C);TEMPERATURA ORVALHO MAX. NA HORA ANT. (AUT) (°C);TEMPERATURA ORVALHO MIN. NA HORA ANT. (AUT) (°C);UMIDADE REL. MAX. NA HORA ANT. (AUT) (%);UMIDADE REL. MIN. NA HORA ANT. (AUT) (%);UMIDADE RELATIVA DO AR, HORARIA (%);VENTO, DIREÇÃO HORARIA (gr) (° (gr));VENTO, RAJADA MAXIMA (m/s);VENTO, VELOCIDADE HORARIA (m/s);
2026/01/01;0000 UTC;0;970;970,2;969,8;0;22,4;14,6;23;21,8;15,5;12,9;65;52;61;124;4,5;2,9;
2026/01/01;0100 UTC;0;970,4;970,5;970,3;0;22;14,4;23,3;21,2;15,8;13,2;73;50;62;132;4,1;3,1;
2026/01/01;0200 UTC;0;970,6;970,7;970,4;0;21,1;16,7;21,7;20,7;17,6;15,6;83;73;78;115;3,9;2,2;
2026/01/01;0300 UTC;0;970,5;970,6;970,3;0;20,8;17,3;21,2;20,2;17,5;17,1;85;81;83;78;4,4;3;
2026/01/01;0400 UTC;0;970;970,3;969,5;0;20,1;17,5;21,1;19,3;18;16,9;90;84;87;123;4,2;1,3;
2026/01/01;0500 UTC;0;969,2;969,6;968,9;0;20;18;20,7;19,7;18,5;17,3;92;86;90;310;3,7;2,1;
2026/01/01;0600 UTC;0;968,6;968,9;968,3;0;19,7;18,3;20;19,2;18,7;17,9;96;90;93;283;3;1,9;
2026/01/01;0700 UTC;0;968,2;968,3;968;0;19,7;18,7;19,9;19,2;19,2;18,4;98;94;95;271;2,7;2,1;
2026/01/01;0800 UTC;0;968,1;968,2;968;0;20,2;18,6;21,1;19,7;19,5;17,7;97;84;92;270;3,6;2,7;
2026/01/01;0900 UTC;0;968,6;968,9;968,1;29,9;20,8;18;21,8;20,1;18,5;17,6;89;80;86;255;3,6;2,8;
2026/01/01;1000 UTC;0;968,9;969;968,8;487;20,9;18,5;21,6;20,3;19,4;17,9;90;86;88;298;2,6;1,9;
2026/01/01;1100 UTC;0;969;969,1;969;1282;22,3;19,6;23,3;21,7;20,4;19,3;89;82;86;313;5,1;3,3;
2026/01/01;1200 UTC;0;969;969,2;968,9;2139,1;24,5;19,3;25,7;23,4;20,4;18,3;82;63;74;297;5,5;3,6;
2026/01/01;1300 UTC;0;969,1;969,3;968,9;2894,3;26,6;19,6;27,5;25,7;20,8;17,9;68;61;65;285;7,1;4,5;
2026/01/01;1400 UTC;0;969;969,2;968,9;3458,6;28,5;19,6;29,3;27,5;20,6;18,4;65;47;55;285;7,7;5,2;
2026/01/01;1500 UTC;0;968,8;969;968,5;3838,9;29,8;19,5;30,5;28,9;20,8;18,3;56;41;49;280;7,8;4,9;
2026/01/01;1600 UTC;0;968,1;968,5;967,8;3995,4;30,8;19,9;31,3;30,4;20,7;19;50;42;45;272;8,4;5,3;
2026/01/01;1700 UTC;0;967,5;967,8;967,3;3890,1;31,6;20;32,3;31,1;21,6;19,3;48;39;42;278;7,5;4,9;
2026/01/01;1800 UTC;0;967;967,4;966,6;3575,8;32,3;21;32,9;31,8;22,3;20;48;40;43;280;9;5,2;
2026/01/01;1900 UTC;0;966,8;967,4;966,5;1869,5;30,3;20,2;32,9;26,4;21,8;19;64;40;49;183;17,4;8,1;
2026/01/01;2000 UTC;0;966,3;967;965,8;1781,6;25,2;18,8;26,7;24;20,8;17;75;59;68;129;9;7,1;
2026/01/01;2100 UTC;0;967,6;967,6;967,6;96;21,5;19,9;21,5;21,5;19,9;19,9;92;92;92;141;8,6;6,6;
2026/01/01;2200 UTC;,2;965,9;965,9;965,9;474,1;21,5;20,3;21,5;21,5;20,3;20,3;94;94;94;104;8,1;6,7;
2026/01/01;2300 UTC;0;967,5;967,5;967,5;0;20,4;19,5;20,4;20,4;19,5;19,5;95;95;95;157;7,8;6,1;
2026/01/02;0000 UTC;0;968,4;968,4;968,4;0;19,8;19,5;19,8;19,8;19,5;19,5;98;98;98;138;7;5,6;
2026/01/02;0100 UTC;0;968,6;969,2;968,2;0;19,5;19,1;19,8;19,2;19,5;18,7;99;98;98;136;6,4;4,9;
2026/01/02;0200 UTC;0;969,1;969,3;968,9;0;18,8;18,3;19,2;18,5;18,8;17,7;98;96;97;120;6,6;5,2;
2026/01/02;0300 UTC;0;969,1;969,2;968,9;0;18,2;17,5;18,4;17,7;17,7;17,2;98;95;96;117;4,5;3,6;
2026/01/02;0400 UTC;0;968,8;969,1;968,6;0;17,6;17,3;17,9;17,4;17,6;17;99;97;98;129;4,2;3,5;
2026/01/02;0500 UTC;0;968,4;968,6;968;0;17,6;17,2;17,9;17,2;17,4;16,9;100;97;98;128;5;4,2;
2026/01/02;0600 UTC;0;967,7;968;967,4;0;17,2;17,1;17,6;16,6;17,5;16,5;100;98;99;123;4,5;3,7;
2026/01/02;0700 UTC;0;967,2;967,4;967,1;0;16,4;16,4;16,6;16,1;16,6;16,1;100;100;100;126;2,3;1,7;
2026/01/02;0800 UTC;0;967,2;967,3;967;0;17;17;17,4;16,5;17,4;16,5;100;100;100;124;2,4;1,5;
2026/01/02;0900 UTC;,2;967,5;967,7;967,3;30,3;17,1;17,1;17,4;16,7;17,4;16,8;100;100;100;139;1,5;1;
2026/01/02;1000 UTC;0;968;968,3;967,7;492;18,3;18,1;19,2;17,3;18,9;17,2;100;96;99;208;1,1;,5;
2026/01/02;1100 UTC;0;968,6;969;968,2;1119,6;20,3;18,5;21,2;19,3;19,1;17,9;97;87;91;183;1,6;1;
2026/01/02;1200 UTC;0;969;969,1;968,9;2195,6;22,2;18,8;23;21,3;20,2;16,5;90;71;83;293;3,5;2;
2026/01/02;1300 UTC;0;969,1;969,2;968,9;2923,8;23,9;17,3;25;22,5;20,1;13,9;84;46;67;260;5;2,7;
2026/01/02;1400 UTC;0;969,1;969,2;968,9;3565,2;24,9;15,3;25,2;24,6;16,9;14,1;60;46;52;226;5,6;3,4;
2026/01/02;1500 UTC;0;968,5;969;968,2;3966,3;25,5;15,9;26,1;25,1;17,8;14,5;62;42;52;251;4,8;3;
2026/01/02;1600 UTC;0;968,5;968,8;967,9;2291,9;25,2;16;26;24,3;17,6;14,6;64;44;54;178;6,7;2,9;
2026/01/02;1700 UTC;0;967,9;968,1;967,7;1656,4;24,2;15,3;25;23,4;16,3;14,6;60;49;55;245;5,5;3,5;
2026/01/02;1800 UTC;0;967,2;967,7;966,8;2711,4;25,7;15,7;26,6;24,8;16,8;14,1;57;43;50;265;5,6;3,5;
2026/01/02;1900 UTC;0;966,4;966,9;965,9;2662;26,3;16,7;27;26;17,7;15,7;56;48;52;284;6;3,6;
2026/01/02;2000 UTC;0;965,3;965,8;964,9;2368,1;26,8;17;27,2;26,6;18,2;16,1;57;45;51;278;8;5,4;
2026/01/02;2100 UTC;0;964,7;965;964,2;1505,7;27,1;16,6;27,3;26,9;17,3;15,9;51;44;48;279;7,2;4,4;
2026/01/02;2200 UTC;0;964,2;964,4;964;675,7;26,6;16,1;27,2;25,7;17;15,6;51;44;47;277;6,7;4,2;
2026/01/02;2300 UTC;0;964,5;964,9;964;92,7;23,5;16,6;25,7;20,9;17,3;15,7;82;51;66;154;11,3;8,8;
2026/01/03;0000 UTC;0;965,5;965,5;965,5;0;19,7;17,4;19,7;19,7;17,4;17,4;88;88;88;147;6,4;5,8;
2026/01/03;0100 UTC;0;965,5;965,7;965,3;0;19,2;17,1;19,7;18,7;17,4;16,8;91;88;90;137;7,9;5,4;
2026/01/03;0200 UTC;0;965,5;965,6;965,4;0;18,2;16,8;18,7;17,8;16,9;16,7;95;90;93;117;4,8;4;
2026/01/03;0300 UTC;0;965,4;965,4;965,2;0;17,7;17;17,9;17,5;17,2;16,8;97;96;96;98;4,4;3,3;
2026/01/03;0400 UTC;0;965;965,2;964,6;0;17,1;16,7;17,4;16,9;16,9;16,4;98;97;98;57;1,8;,8;
2026/01/03;0500 UTC;0;964,5;964,6;964,4;0;16,7;16,3;17,1;16,3;16,6;15,9;99;98;98;289;3,2;1,6;
2026/01/03;0600 UTC;0;964,7;964,8;964,5;0;16,9;16,4;17,1;16,2;16,7;16;100;96;98;208;5,9;3,5;
2026/01/03;0700 UTC;0;964,7;964,8;964,5;0;16,7;16,4;17;16,2;16,7;15,8;99;98;99;239;4,2;2,7;
2026/01/03;0800 UTC;0;964,7;964,9;964,5;0;15,8;15,5;16,2;15,1;15,9;15;100;98;99;305;5,2;4,2;
2026/01/03;0900 UTC;0;965;965,3;964,8;30,8;15,1;15,1;15,3;14,9;15,3;15;100;100;100;295;6,8;5,3;
2026/01/03;1000 UTC;0;965,6;966,2;965,3;471,4;15,9;15,6;16,7;15,2;16;14,4;100;89;98;280;10,6;6,2;
2026/01/03;1100 UTC;0;967,1;968,3;966,2;1024,1;17,4;13;18,3;15,5;14,8;10,2;89;69;78;203;13,4;5,3;
2026/01/03;1200 UTC;0;968,8;969,3;968,2;1921,5;15,3;10,2;15,8;14,6;11;9,4;79;70;74;187;11,6;5,9;
2026/01/03;1300 UTC;0;970;970,9;969,1;2323;16;9,1;16,8;15,5;10,4;8,1;72;62;65;193;11,7;5,9;
2026/01/03;1400 UTC;0;971,2;971,8;970,7;2705,8;16,5;8,5;17,7;15,6;9,5;7,4;65;53;60;190;10;4,9;
2026/01/03;1500 UTC;0;972,1;972,4;971,8;3090,7;16,9;7,7;18,5;16,2;10,3;5,9;64;47;54;177;9,5;5,8;
2026/01/03;1600 UTC;0;972,6;972,8;972,3;4220,4;18;6,8;18,5;17,4;8,9;5;55;35;44;180;12,1;4,5;
2026/01/03;1700 UTC;0;972,9;973,1;972,6;4107,3;18,7;6,9;19,5;18;8,8;5,1;48;34;41;183;8,3;4,2;
2026/01/03;1800 UTC;0;973,1;973,2;973;3826,9;19,3;7,7;19,9;18,7;9;6,6;49;36;42;216;6,4;3,1;
2026/01/03;1900 UTC;0;973,3;973,5;973,1;3073,7;19,5;7,4;20,1;18,7;9;6,5;45;36;40;183;7,7;4,4;
2026/01/03;2000 UTC;0;973,3;973,4;973,2;2279,9;19,4;6,8;19,9;18,8;8;6,1;43;34;37;171;6,8;4,2;
2026/01/03;2100 UTC;0;973,2;973,3;973,1;1388,7;19,2;6,6;19,7;18,7;7,2;6,2;40;34;37;175;7,6;3,5;
2026/01/03;2200 UTC;0;973,4;973,7;973,2;632;18,6;6,6;19,2;17,7;7,4;6,1;44;37;40;175;4,7;2,7;
2026/01/03;2300 UTC;0;973,9;974,2;973,7;101,9;16,6;6,5;17,7;15,9;7,1;6;53;44;49;166;6,4;4,1;
2026/01/04;0000 UTC;0;974,4;974,6;974,2;0;15,1;6,3;15,9;14,3;6,5;6;61;51;56;158;5,5;4,2;
2026/01/04;0100 UTC;0;974,9;975,2;974,7;0;14;6,5;14,3;13,7;6,7;6,3;64;60;63;160;6,3;4,7;
2026/01/04;0200 UTC;0;975,4;975,7;975,1;0;13,9;6,4;14,4;13,6;6,6;6,3;65;60;62;159;8;4,9;
2026/01/04;0300 UTC;0;975,8;975,9;975,7;0;12,9;6,6;13,7;12,4;6,9;6,2;72;64;68;161;7,7;4,8;
2026/01/04;0400 UTC;0;975,6;975,7;975,4;0;12,2;6,3;12,5;11,7;6,9;6;72;69;71;174;6,9;4;
2026/01/04;0500 UTC;0;975,3;975,4;975,1;0;11,5;5,8;11,8;11,3;6;5,7;72;70;71;182;7,1;3,9;
2026/01/04;0600 UTC;0;975,5;975,6;975,3;0;11,3;5,8;11,5;11,1;5,9;5,7;74;71;73;224;4,7;2,7;
2026/01/04;0700 UTC;0;975,7;975,8;975,6;0;11;5,8;11,4;10,7;5,9;5,8;76;72;74;232;5,6;3,1;
2026/01/04;0800 UTC;0;975,9;976,1;975,7;0;10,8;5,9;11;10,6;6;5,8;77;75;76;251;4,4;2,3;
2026/01/04;0900 UTC;0;976,1;976,2;976;27,6;10,2;5,8;10,7;9,5;5,9;5,6;82;76;78;301;4;2,7;
2026/01/04;1000 UTC;0;976,4;976,7;976,2;486,4;10,1;6,6;11,3;9,4;7,2;5,9;84;78;82;296;5,4;3,4;
2026/01/04;1100 UTC;0;977,1;977,4;976,7;1305,3;11,9;7,3;12,9;11,1;8;6,9;81;73;77;290;6,2;4,2;
2026/01/04;1200 UTC;0;977,7;978;977,4;2133,3;13,9;8,1;14,9;12,9;9;7,4;75;65;71;275;7;3,8;
2026/01/04;1300 UTC;0;978,1;978,3;977,9;2430,8;15,4;7,2;16,3;15;8,6;6,4;67;56;59;242;9,3;5,1;
2026/01/04;1400 UTC;0;978,3;978,4;978,1;3072,3;16,2;7,6;17;15;9,2;6,8;63;53;57;216;7,9;5;
2026/01/04;1500 UTC;0;978,2;978,3;978,1;2828,4;17;7,8;17,9;16,2;9;6,9;58;48;54;239;7,4;3,7;
2026/01/04;1600 UTC;0;978,3;978,4;978,2;3445,1;17,8;8,4;18,9;16,8;9,9;7,4;57;49;53;224;8,6;3,6;
2026/01/04;1700 UTC;0;978,3;978,4;978,1;3402,7;18,8;8,3;19,4;17,9;9,3;7,3;53;44;48;208;7,9;4,3;
2026/01/04;1800 UTC;0;978,2;978,3;978;2886,9;19,5;8,7;20,1;19;10,2;8;54;41;46;224;8,7;4,2;
2026/01/04;1900 UTC;0;977,9;978;977,7;2602,9;20,1;9,2;20,7;19,1;10,3;8,3;50;40;46;206;7,3;3,1;
2026/01/04;2000 UTC;0;977,7;977,9;977,5;1805,5;20,1;9,2;20,9;19,4;10;8,6;51;41;46;179;7,5;3,8;
2026/01/04;2100 UTC;0;977,8;977,9;977,6;1097,3;19,7;9,1;20,1;19,3;9,7;8,6;50;45;47;184;6;2,7;
2026/01/04;2200 UTC;0;978,1;978,2;977,9;405,9;19;9,3;20,1;18,5;9,9;8,8;55;47;52;174;5,8;2,4;
2026/01/04;2300 UTC;0;978,2;978,3;978,2;80,1;18;9;18,6;16,8;9,3;8,8;62;51;55;154;6,4;3,9;
2026/01/05;0000 UTC;0;978,6;978,9;978,4;0;15,7;10,4;17,1;14,7;10,8;8,9;80;60;73;133;7,1;5,3;
2026/01/05;0100 UTC;0;979,3;979,6;979;0;14;10,4;14,6;13,5;10,7;9,8;85;80;82;138;7,6;5,8;
2026/01/05;0200 UTC;0;979,8;979,9;979,6;0;12,9;9,2;13,5;12,4;9,9;8,6;82;80;81;139;6,8;4,9;
2026/01/05;0300 UTC;0;979,7;979,9;979,5;0;11,7;8,3;12,3;11,1;8,6;8,1;86;82;83;135;5,4;4;
2026/01/05;0400 UTC;0;979,3;979,6;979,1;0;11,2;7,6;11,4;10,9;8,2;7,2;86;81;82;144;3;2,6;
2026/01/05;0500 UTC;0;979;979,2;978,7;0;10,3;7,2;11;9,9;7,4;7;86;81;85;141;3,1;1,6;
2026/01/05;0600 UTC;0;978,6;978,8;978,4;0;10,5;7;11,1;9,7;7,2;6,7;86;79;82;150;4;3,6;
2026/01/05;0700 UTC;0;978,5;978,6;978,4;0;11;7;11,8;10;7,1;6,9;86;76;80;183;5,1;3;
2026/01/05;0800 UTC;0;978,7;979;978,5;0;11,8;7,7;12,1;11,3;7,9;7,5;81;77;80;200;3,7;2,1;
2026/01/05;0900 UTC;0;979,3;979,4;979;29;11,1;7,3;11,9;10,3;7,6;6,9;85;77;81;189;3,4;2,3;
2026/01/05;1000 UTC;0;979,7;979,8;979,4;461,6;12,6;7,7;13,4;11,9;8,7;7,2;77;73;75;151;3,3;2,3;
2026/01/05;1100 UTC;0;980;980,2;979,7;1288,8;14,4;9;15,6;13,4;9,9;8,4;77;69;73;117;4,1;2,4;
2026/01/05;1200 UTC;0;980,4;980,5;980,1;2216,5;15,9;9,6;16,9;15,1;10,4;8,6;74;60;68;91;4;2;
2026/01/05;1300 UTC;0;980,5;980,6;980,3;2982,7;17,5;9,5;18,7;16,6;10,6;8,7;65;51;60;97;3,5;1,8;
2026/01/05;1400 UTC;0;980,6;980,7;980,5;3559,8;18,9;9,6;19,4;18,1;11;8,7;60;48;53;136;2,8;1,4;
2026/01/05;1500 UTC;0;980,4;980,6;980,2;3953,4;20,1;10,2;20,7;19,1;11,3;9;58;46;50;278;3,5;1,8;
2026/01/05;1600 UTC;0;979,9;980,2;979,5;4109,1;21,3;10,9;22,2;20,7;12,4;9,3;54;42;48;158;4,2;1,6;
2026/01/05;1700 UTC;0;979,3;979,6;979;3798,3;22;11,2;22,9;21,2;13,2;9,8;54;41;46;268;3,5;1,9;
2026/01/05;1800 UTC;0;979;979,1;978,8;2403,3;22,2;10,9;22,8;21,8;12,8;9,8;53;37;43;96;6,1;3,2;
2026/01/05;1900 UTC;0;978,4;978,8;978;3145,6;23,3;11,4;23,9;22,8;12,6;10,4;45;36;40;53;6;2,1;
2026/01/05;2000 UTC;0;977,7;978;977,4;2432,3;23,4;11,7;24,1;23,1;13,1;11;46;37;41;119;5,2;2,5;
2026/01/05;2100 UTC;0;977,2;977,4;977;1522,7;23,2;11,3;23,5;23;12,1;10,6;44;37;40;95;6,4;2,8;
2026/01/05;2200 UTC;0;977,1;977,2;977;702;22,3;10,3;23;21,3;11,5;9,4;44;38;40;94;6;4,5;
2026/01/05;2300 UTC;0;977,1;977,2;977,1;101,7;19;9,3;21,2;17,2;9,8;9;63;41;51;105;6,1;4,1;
2026/01/06;0000 UTC;0;977,3;977,6;977,1;0;17;10;17,6;16,1;10,3;9,3;70;63;65;107;8;5,1;
2026/01/06;0100 UTC;0;977,7;977,8;977,5;0;16;10,5;16,4;15,6;11,8;9,3;81;65;73;106;8;5,3;
2026/01/06;0200 UTC;0;978;978,1;977,8;0;15,7;12,2;15,9;15,5;12,5;11,8;85;80;83;98;7,7;4,8;
2026/01/06;0300 UTC;0;977,8;978,1;977,5;0;15,5;12,8;15,6;15,5;13;12,5;88;85;87;88;8;5,8;
2026/01/06;0400 UTC;0;977,2;977,5;976,8;0;15,1;13;15,4;14,7;13,1;13;91;88;89;77;7,2;5,1;
2026/01/06;0500 UTC;0;976,6;976,8;976,4;0;14,3;13;14,7;13,9;13,1;12,8;94;92;93;80;5,2;3,2;
2026/01/06;0600 UTC;0;976,2;976,4;976;0;13,9;12,8;14,1;13,8;12,8;12,7;95;93;94;68;6,3;4,1;
2026/01/06;0700 UTC;0;976,1;976,2;976;0;13,9;12,6;14,1;13,7;12,8;12,5;94;93;94;73;5;3,3;
2026/01/06;0800 UTC;0;976,2;976,3;976,1;0;13,5;12,4;13,8;13,3;12,6;12,1;95;94;95;75;4,5;2,8;
2026/01/06;0900 UTC;0;976,4;976,5;976,2;29,3;13,4;12,3;13,7;13,2;12,4;12,1;95;93;94;91;3,3;1,8;
2026/01/06;1000 UTC;0;976,7;976,9;976,5;475,2;15,4;12,9;16,8;13,7;13,5;12,3;93;82;88;65;5,9;3,7;
2026/01/06;1100 UTC;0;976,8;976,9;976,6;1278,5;17,8;13,6;18,6;16,9;14;13,2;83;76;79;63;8,7;6,3;
2026/01/06;1200 UTC;0;976,9;976,9;976,8;2184,3;19,6;14,3;20,4;18,7;14,9;13,9;77;69;73;54;9,2;6,7;
2026/01/06;1300 UTC;0;976,7;976,9;976,5;2953,4;21,2;14,8;22,3;20,2;15,8;14,1;73;62;68;67;6,5;4,3;
2026/01/06;1400 UTC;0;976,4;976,6;976,2;3548,5;23;15;23,9;22,1;16,5;13,5;67;50;60;54;7,6;4,2;
2026/01/06;1500 UTC;0;975,8;976,2;975,5;3935,3;24,3;15,2;25,1;23,2;16,6;13,8;60;49;54;111;6;2,9;
2026/01/06;1600 UTC;0;975,2;975,5;974,9;4023,1;25,2;15,7;25,9;24,5;17,4;14,4;59;47;53;108;5,8;3,4;
2026/01/06;1700 UTC;0;974,5;974,9;974,1;3902,2;26,3;16,2;27,1;25,6;17,3;15,2;55;44;49;165;5,6;2,4;
2026/01/06;1800 UTC;0;973,8;974,2;973,4;3636,3;27,4;16,6;28,2;26,7;18,4;15,7;54;41;46;209;6;2;
2026/01/06;1900 UTC;0;973,1;973,5;972,7;3058,5;28,2;16,6;28,5;27,9;18,1;15,5;49;37;42;263;6,1;2,9;
2026/01/06;2000 UTC;0;972,4;972,7;972,1;2165,6;28,1;16,5;28,4;27,7;17,4;15,7;47;39;42;75;6,5;2,1;
2026/01/06;2100 UTC;0;972;972,1;971,9;1424,8;28,2;16,4;28,6;27,7;17,3;15,7;44;38;41;319;5,2;2,6;
2026/01/06;2200 UTC;0;971,9;972;971,9;724,2;27,6;16;28,2;26,8;16,4;15,6;47;38;42;219;3;1,8;
2026/01/06;2300 UTC;0;972;972,1;971,9;87,8;24,7;16,2;26,9;22;17,6;15,4;78;44;57;131;3,2;2,1;
2026/01/07;0000 UTC;0;972;972,1;972;0;21,2;17,5;22;20,3;17,8;17;84;78;81;122;4,2;3;
2026/01/07;0100 UTC;0;972,1;972,2;972,1;0;19,9;16,8;20,7;19,3;17,1;16,6;87;81;85;91;3,9;2,9;
2026/01/07;0200 UTC;0;972,1;972,2;972;0;20,2;17,1;20,5;19,7;17,2;16,8;87;82;85;46;6,3;4,5;
2026/01/07;0300 UTC;0;972,2;972,3;972,1;0;19,1;16,6;20,5;18,4;17,1;16,2;92;81;87;105;3,2;1,5;
2026/01/07;0400 UTC;0;972,3;972,4;972,2;0;18,6;15,5;19;18,1;16,5;14,8;90;79;85;135;1,3;,7;
2026/01/07;0500 UTC;0;972;972,2;971,9;0;18,6;15,2;18,8;18,4;15,4;14,9;84;81;83;110;1,4;,7;
2026/01/07;0600 UTC;0;971,9;972;971,8;0;18,7;15,4;19,3;18,3;15,6;15,3;86;81;84;315;2,2;1,3;
2026/01/07;0700 UTC;0;972;972,1;971,8;0;19,4;15,8;19,8;19,2;16;15,5;82;81;82;307;1,8;1;
2026/01/07;0800 UTC;0;972,4;972,5;972,1;0;20;16,1;20,5;19,6;16,3;15,9;82;78;81;304;1,3;,8;
2026/01/07;0900 UTC;0;972,6;972,7;972,4;20,8;20,6;16,2;20,8;20,5;16,3;16,1;79;77;78;175;2,6;,9;
2026/01/07;1000 UTC;0;972,9;973,3;972,6;425,4;21,2;16,7;22,5;20,5;17,5;16,2;80;72;77;277;1,6;,9;
2026/01/07;1100 UTC;0;973,6;973,7;973,3;1074,2;23,5;17,8;24,8;22,5;18,5;17;77;67;71;314;3,5;2,2;
2026/01/07;1200 UTC;0;973,6;973,7;973,5;2071,9;26;19,1;27,4;24,8;20;17,9;70;60;65;324;6,1;3,6;
2026/01/07;1300 UTC;0;973,5;973,7;973,4;2760,8;27,9;19,6;28,5;27,3;20,2;19;63;55;58;313;9,4;6;
2026/01/07;1400 UTC;0;973,6;973,9;973,4;2595,7;28,4;19,5;29;27,9;20,4;19;60;52;56;294;11;6,4;
2026/01/07;1500 UTC;0;973,3;973,5;973,1;1298,6;27,7;19,2;28,4;27;19,8;18,8;61;55;58;281;9,2;5,3;
2026/01/07;1600 UTC;0;972,8;973,1;972,4;1111,5;26,3;18,8;27,7;24,4;20,1;17,5;67;58;62;254;9,5;5,1;
2026/01/07;1700 UTC;0;972,7;973;972,4;560,4;24,5;17,9;24,8;24,2;18,5;17;71;61;67;251;6,7;3,9;
2026/01/07;1800 UTC;0;973,3;973,7;972,9;190,2;23,8;17,4;24,8;22,6;18,6;16,5;79;59;68;273;7,9;5,1;
2026/01/07;1900 UTC;0;973,7;974,6;972,9;275,4;22,2;16,8;23,6;20,8;17,3;16,3;81;65;73;240;13,3;6,7;
2026/01/07;2000 UTC;1;974,5;974,8;973,7;151,6;19,5;16,2;20,7;18,3;16,9;15,5;93;78;84;312;5,2;4,3;
2026/01/07;2100 UTC;,2;972,7;973,6;972,3;316,9;18,7;16,8;19,1;18,2;17,5;16,1;93;88;91;299;3,9;2,9;
2026/01/07;2200 UTC;0;972;972,4;971,8;432,6;19,4;17;20,1;18,9;17,6;16,3;93;83;88;310;7,6;5,4;
2026/01/07;2300 UTC;0;972,5;972,8;972,1;86,2;19;16,2;19,6;18,4;16,6;15,7;89;82;86;273;4,8;3,8;
2026/01/08;0000 UTC;0;973,4;974;972,9;0;19;15,3;19,5;18,3;15,7;15,1;85;78;82;273;4,1;3,3;
2026/01/08;0100 UTC;;;;;;;;;;;;;;;;;;
2026/01/08;0200 UTC;0;975,6;975,8;975,5;0;18,5;16,3;18,7;17,7;17;15,9;93;87;89;181;7,8;3,9;
2026/01/08;0300 UTC;0;975,9;976,1;975,6;0;18,3;17;18,6;18,1;17,1;16,8;95;92;93;139;7,8;5,5;
2026/01/08;0400 UTC;0;976;976,2;975,9;0;18,2;17,3;18,3;18,1;17,6;17,1;97;95;96;143;8,1;5,7;
2026/01/08;0500 UTC;0;976;976;976;0;17,8;16,4;17,8;17,8;16,4;16,4;93;93;93;162;9,7;7,5;
2026/01/08;0600 UTC;0;975,8;975,8;975,8;0;17,3;16,5;17,3;17,3;16,5;16,5;96;96;96;152;8,1;6,6;
2026/01/08;0700 UTC;0;976;976,2;975,9;0;16,8;16,2;16,9;16,7;16,5;16;98;96;97;161;9,2;6,5;
2026/01/08;0800 UTC;0;976;976,2;975,9;0;16,9;16,1;16,9;16,8;16,2;15,9;97;95;96;169;9,9;6,8;
2026/01/08;0900 UTC;0;976,6;976,9;976,2;9;16,7;16,5;16,8;16,6;16,6;16,3;100;97;99;166;8,7;5,8;
2026/01/08;1000 UTC;0;977,1;977,5;976,8;83,7;16,5;16,6;16,6;16,4;16,6;16,5;100;100;100;165;9,5;6,3;
2026/01/08;1100 UTC;0;977,9;978,2;977,4;227,7;16,7;16,6;16,8;16,5;16,7;16,5;100;99;100;163;7,8;5,8;
2026/01/08;1200 UTC;0;978,5;978,8;978,2;841,6;17,1;16,7;17,4;16,8;16,9;16,5;99;96;98;168;7,5;5,1;
2026/01/08;1300 UTC;,2;978,7;979;978,4;2235;18,5;17,4;20;17,2;18,3;16,6;98;89;95;154;8,9;6,9;
2026/01/08;1400 UTC;0;978,5;978,7;978,3;2271,5;19,4;17,7;20,1;18,7;18,7;17;96;87;92;144;8,3;6,5;
2026/01/08;1500 UTC;0;978,2;978,4;978;1537,8;19,5;17,6;20,3;18,9;18,4;16,8;94;87;91;139;8,8;6,2;
2026/01/08;1600 UTC;0;978,3;978,4;978,2;2175,8;20,7;17,5;21,2;19,6;19;16,7;92;80;84;116;7,3;5,6;
2026/01/08;1700 UTC;,2;977,9;978,3;977,5;2268,8;20,8;18;21,5;19,7;19;17,2;93;80;86;139;10,1;7,1;
2026/01/08;1800 UTC;,2;977,8;978;977,6;1888,9;21,2;17,7;22,1;20,6;19,1;17;86;79;83;138;8,5;6,1;
2026/01/08;1900 UTC;0;977,8;978;977,6;1384;20,3;17,8;21,5;19,5;18,5;17,3;93;83;88;140;8,5;6,4;
2026/01/08;2000 UTC;0;977,4;977,7;977;1524,4;20,1;17,6;20,7;19,3;18,1;17,3;91;84;88;123;9,9;7,5;
2026/01/08;2100 UTC;0;977;977,1;976,9;342;19,1;17,5;19,3;18,9;17,8;17,2;94;90;92;129;9,8;7,3;
2026/01/08;2200 UTC;0;977,3;977,7;976,8;90,7;18,8;17,2;19,2;18,5;17,5;17;94;90;92;122;10,5;5,8;
2026/01/08;2300 UTC;0;978,1;978,4;977,7;4,7;18,3;17,4;18,5;18,1;17,6;17,2;97;93;96;127;8,8;5,9;
2026/01/09;0000 UTC;0;978,3;978,5;978,1;0;18;17,5;18,1;18;17,6;17,4;98;97;97;125;10,5;7,9;
2026/01/09;0100 UTC;0;978,6;978,9;978,1;0;18,1;17,5;18,1;18;17,7;17,4;98;96;97;113;10,4;8;
2026/01/09;0200 UTC;0;978,6;978,9;978,4;0;18,1;17,4;18,1;18,1;17,5;17,3;97;96;96;116;10,4;8,2;
2026/01/09;0300 UTC;0;978,5;978,8;978,1;0;18,1;17,4;18,1;18,1;17,4;17,3;97;96;96;101;11,2;7,3;
2026/01/09;0400 UTC;0;978,2;978,7;977,7;0;18,1;17,4;18,1;18;17,4;17,2;97;96;96;114;9,7;7,3;
2026/01/09;0500 UTC;0;977,6;977,9;977,2;0;18,1;17,5;18,2;18;17,6;17,4;97;97;97;111;10,1;7,3;
2026/01/09;0600 UTC;0;977,1;977,4;976,8;0;18,1;17,4;18,1;18,1;17,5;17,4;97;96;97;107;9,5;7,1;
2026/01/09;0700 UTC;0;976,4;977;975,8;0;18,1;17,5;18,1;18;17,6;17,4;98;97;97;114;11,5;7,8;
2026/01/09;0800 UTC;0;976;976,4;975,5;0;18;17,6;18;17,9;17,6;17,5;98;98;98;102;10,6;6,8;
2026/01/09;0900 UTC;0;977;977,4;976,4;4,7;18;17,7;18;17,9;17,9;17,6;99;98;99;103;8,7;6,6;
2026/01/09;1000 UTC;0;977,2;977,5;976,6;58,5;18,1;17,9;18,2;18;18;17,9;99;99;99;105;10,1;7,4;
2026/01/09;1100 UTC;0;977,6;977,9;977,2;219,3;18,5;18;18,7;18,2;18,1;17,9;99;96;97;106;11,3;7,7;
2026/01/09;1200 UTC;0;977,7;978,1;977,4;443,5;19,1;18;19,6;18,8;18,3;17,9;96;92;95;108;11,1;7,9;
2026/01/09;1300 UTC;0;977,5;977,7;977,3;467,1;19,4;18,2;19,5;19,2;18,5;18;96;92;94;113;10,7;8,3;
2026/01/09;1400 UTC;0;977,5;977,7;977,2;288,7;19,1;18,4;19,3;19;18,7;18,3;97;96;97;109;11;7,4;
2026/01/09;1500 UTC;0;977,4;977,6;977,2;485,4;19,1;18,6;19,3;18,9;18,8;18,4;99;97;98;112;11,4;8,1;
2026/01/09;1600 UTC;0;976,7;977,4;976,1;723,2;19,3;18,7;19,5;19,1;19;18,4;98;96;97;112;12,7;9,4;
2026/01/09;1700 UTC;0;976,1;976,6;975,5;499,5;19,5;18,8;19,6;19,4;19;18,5;98;95;97;112;13,1;9,6;
2026/01/09;1800 UTC;1,8;975,9;976,7;975,5;278,6;19,5;18,9;19,7;19,2;19,1;18,7;99;96;97;107;10,4;7,4;
2026/01/09;1900 UTC;2,4;975,2;976;974,2;202,2;19,2;19,1;19,3;19,1;19,2;19;100;99;99;114;12,1;9,2;
2026/01/09;2000 UTC;,6;974,2;974,6;973,8;182,5;19,3;19,2;19,3;19,2;19,3;19,1;100;99;100;113;11,6;8,6;
2026/01/09;2100 UTC;,2;973,3;973,9;972,9;101,8;19,4;19,5;19,6;19,3;19,6;19,3;100;100;100;110;12,3;8,5;
2026/01/09;2200 UTC;0;972,8;973,1;972,5;32,2;19,7;19,7;19,9;19,5;19,9;19,6;100;100;100;106;12,8;9;
2026/01/09;2300 UTC;2,8;972,9;973,2;972,6;,7;20;20,1;20,1;19,9;20,2;19,9;100;100;100;106;13;9,1;
2026/01/10;0000 UTC;5,5;973,7;974,4;973;0;20,3;20,3;20,4;20,1;20,4;20,2;100;100;100;103;10,6;7,2;
2026/01/10;0100 UTC;3,2;973;973,7;972,3;0;20,5;20,5;20,7;20,4;20,7;20,4;100;100;100;94;13,4;10;
2026/01/10;0200 UTC;,8;972,5;972,8;972,1;0;20,8;20,8;20,9;20,7;20,9;20,7;100;100;100;95;13;9,7;
2026/01/10;0300 UTC;2,6;972,3;972,5;971,8;0;21;20,9;21,2;20,9;21;20,9;100;99;100;85;9,7;6;
2026/01/10;0400 UTC;,4;971,4;972,2;970,1;0;21,2;21;21,3;21,1;21,1;20,9;99;99;99;89;11,5;8,2;
2026/01/10;0500 UTC;,2;969,7;970,2;969,4;0;21,3;21;21,3;21,2;21,1;20,8;99;98;99;72;11;7,4;
2026/01/10;0600 UTC;0;969,2;969,6;968,7;0;21,1;20,7;21,2;20,9;20,9;20,3;99;97;98;50;8,2;5,3;
2026/01/10;0700 UTC;0;968,4;968,7;968,1;0;20,7;19,9;21;20,5;20,4;19,2;98;94;96;27;9,7;6,7;
2026/01/10;0800 UTC;0;968,3;968,4;968,2;0;20,2;19,1;20,5;20,1;19,3;19;95;94;94;31;9,9;6;
2026/01/10;0900 UTC;0;968,5;968,7;968,3;6,9;20,2;19,2;20,3;20;19,4;19,1;96;95;95;83;8,6;5,5;
2026/01/10;1000 UTC;0;968,6;968,7;968,5;239,8;20,4;19,4;21;20,2;19,6;19,3;96;92;95;291;9,2;5,7;
2026/01/10;1100 UTC;0;968,8;969;968,5;601,6;21,1;19,4;21,3;21;19,6;19;93;88;91;337;10,8;5,5;
2026/01/10;1200 UTC;0;969,2;969,3;968,9;483,8;21,4;19,3;21,5;21,2;19,4;19,1;91;88;89;333;8,9;5,7;
2026/01/10;1300 UTC;0;968,8;969,1;968,4;820,5;22,3;19,3;22,7;21,6;19,6;18,9;89;81;85;332;9,5;6,2;
2026/01/10;1400 UTC;0;968,3;968,5;968,1;781,6;22,5;19,4;23,2;22;20,2;18,8;87;81;85;319;8,6;5,3;
2026/01/10;1500 UTC;0;967,9;968,2;967,5;1976,7;24;19,4;24,7;22,9;20,1;19;85;72;77;323;12,9;8,3;
2026/01/10;1600 UTC;0;967,5;967,7;967,2;2004,3;24,7;19,6;25,2;24,1;20,2;19,2;77;72;75;321;12,3;7,9;
2026/01/10;1700 UTC;0;967,3;967,5;967;2672,8;25,4;19,5;26,2;24,6;20,2;18,9;75;65;70;317;14,3;9,2;
2026/01/10;1800 UTC;0;967,1;967,2;966,7;1808,6;25,3;19,1;25,7;25;19,6;18,7;71;66;69;314;14,8;9,5;
2026/01/10;1900 UTC;0;966,9;967,2;966,6;1622,3;25;19,4;25,2;24,8;19,9;19;74;70;72;312;13,6;8,1;
2026/01/10;2000 UTC;0;966,4;966,7;966,2;1230,3;24,7;19,6;25,3;24,4;19,9;19,3;76;71;74;303;11,5;8,2;
2026/01/10;2100 UTC;2;966,2;966,3;965,9;530,4;23,7;19,5;24,4;21,2;20,2;19;95;75;79;275;9;5,5;
2026/01/10;2200 UTC;0;966,2;966,3;966;207;21,1;20,5;21,2;20,9;20,8;20,3;98;95;97;281;6,6;4;
2026/01/10;2300 UTC;0;966,5;966,9;966,2;65,8;21;19,6;21,2;20,8;20,8;19;98;91;93;273;6,1;4,1;
2026/01/11;0000 UTC;0;967,4;967,7;966,9;0;20,2;17,5;20,8;19,8;18,9;16,7;91;84;86;269;7,8;5,3;
2026/01/11;0100 UTC;0;967,9;968,1;967,6;0;19,2;16,9;19,8;18,3;17,1;16,6;91;84;89;290;7,4;5,6;
2026/01/11;0200 UTC;0;968;968,1;967,8;0;17;15,2;18,2;16,1;16,4;14,8;94;88;91;305;7;5,3;
2026/01/11;0300 UTC;0;967,8;968;967,5;0;16,1;14,9;16,3;15,7;15,1;14,5;95;93;94;309;7,8;5,8;
2026/01/11;0400 UTC;0;967,5;967,7;967,1;0;15,5;14,4;15,7;15,1;14,5;14,2;95;94;95;303;7,7;6;
2026/01/11;0500 UTC;0;966,9;967,2;966,6;0;14,9;13,9;15,1;14,7;14,2;13,7;95;94;95;309;7,9;5,5;
2026/01/11;0600 UTC;0;966,5;966,6;966,4;0;14,8;14;15,1;14,6;14,2;13,7;97;95;96;300;9,1;6;
2026/01/11;0700 UTC;,2;966,2;966,4;966,1;0;15,2;14,2;15,3;15,1;14,3;14;95;94;95;305;10,4;6,5;
2026/01/11;0800 UTC;0;966,4;966,6;966,3;0;15,3;14,2;15,4;15,1;14,4;14;95;93;94;299;11,1;8,1;
2026/01/11;0900 UTC;0;966,7;967;966,4;10,1;15,2;14,5;15,3;15,1;14,7;14,3;98;95;97;298;12,7;8;
2026/01/11;1000 UTC;0;967,4;967,8;966,8;107,2;15,4;14,8;15,4;15,2;15,1;14,7;98;97;97;301;10,6;7,1;
2026/01/11;1100 UTC;0;968;968,2;967,7;302,3;15,6;15,4;15,7;15,4;15,7;15,1;100;98;99;308;10,8;7,9;
2026/01/11;1200 UTC;0;968,2;968,4;968;500,1;15,9;15,9;16,2;15,7;16,2;15,7;100;100;100;303;10,5;7,2;
2026/01/11;1300 UTC;;;;;;;;;;;;;;;;;;
2026/01/11;1400 UTC;0;968,4;968,5;968,2;944;17,6;16,7;18;17,4;17;16,4;97;94;96;303;11,2;7,9;
2026/01/11;1500 UTC;0;968,5;968,6;968,1;1186,8;18,5;17,2;19,3;18,1;17,6;16,8;95;90;93;289;13,1;8,7;
2026/01/11;1600 UTC;0;968,5;968,6;968,3;1785,5;19,4;17,7;20,7;18,7;18,4;17;96;86;92;300;11,9;8;
2026/01/11;1700 UTC;1;968,6;969,1;968,4;1607,5;20,9;18,2;21,4;20;19,1;17,5;93;82;87;282;13,1;6,9;
2026/01/11;1800 UTC;1,6;968,8;969;968,6;1684,4;20,1;18,9;20,9;19,5;20;17,8;97;89;94;294;8,1;5,7;
2026/01/11;1900 UTC;0;968,5;968,7;968,4;2528,2;22,5;19,8;23,7;21;21;19;93;77;87;291;10,5;5,2;
2026/01/11;2000 UTC;0;968,4;968,6;968,2;1605,2;22,2;19,6;23;21,2;20,2;18,8;91;83;87;291;7,3;4,9;
2026/01/11;2100 UTC;,4;968,6;968,8;968,5;501,7;20,8;19,4;22;19,8;20;18,7;97;89;93;280;6,5;3,9;
2026/01/11;2200 UTC;3,4;969,1;969,7;968,8;531,3;20,6;19,5;20,9;19,9;20,1;18,8;98;91;95;233;8;3,7;
2026/01/11;2300 UTC;4,4;969,7;969,9;969,4;52,3;19,6;18,9;19,9;19,4;19,1;18,5;98;95;97;225;6;2,6;
2026/01/12;0000 UTC;0;970,2;970,6;969,9;0;19,7;18,8;19,7;19,6;19;18,6;97;94;96;239;3,4;1,2;
2026/01/12;0100 UTC;0;970,8;971;970,6;0;19,6;19,1;19,7;19,5;19,2;18,9;98;97;98;201;6;2,7;
2026/01/12;0200 UTC;0;971,2;971,4;971;0;19,3;18,7;19,5;19,2;18,9;18,6;97;96;97;209;6,4;2,8;
2026/01/12;0300 UTC;0;971,4;971,5;971,3;0;19;18,5;19,2;18,8;18,7;18,4;98;97;98;198;5,1;2,3;
2026/01/12;0400 UTC;0;971,3;971,5;971,2;0;18,8;18,3;18,8;18,7;18,5;18,3;98;98;98;178;4,7;1,9;
2026/01/12;0500 UTC;0;971,2;971,3;971,1;0;18,6;18,1;18,7;18,5;18,3;18;98;97;98;211;4,5;1,7;
2026/01/12;0600 UTC;0;971,1;971,2;970,9;0;18,5;18;18,6;18,3;18,1;17,9;98;97;98;177;4,3;2,4;
2026/01/12;0700 UTC;0;970,9;971;970,9;0;18,2;17,8;18,3;18;18;17,6;99;98;98;161;3,4;1,7;
2026/01/12;0800 UTC;0;971,2;971,4;971;0;18;17,7;18,1;17,9;17,8;17,6;99;98;98;155;3,8;1,9;
2026/01/12;0900 UTC;0;971,6;971,9;971,4;7,8;18;17,7;18,2;17,8;17,9;17,5;99;98;99;165;5;2,4;
2026/01/12;1000 UTC;,2;972,4;972,8;972;187,7;18,1;17,7;18,3;17,9;18;17,6;99;97;98;171;4;2,2;
2026/01/12;1100 UTC;0;973,2;973,6;972,7;457;18,6;17,6;18,8;18,3;18;17,3;97;93;95;166;4,2;2;
2026/01/12;1200 UTC;0;973,7;973,8;973,5;910,1;19,3;17,3;19,8;18,9;18;16,1;95;82;90;155;4,5;3;
2026/01/12;1300 UTC;0;973,9;974,1;973,8;1221,4;20,2;16,9;20,7;19,8;18,2;16,2;87;81;84;156;5,9;3,4;
2026/01/12;1400 UTC;0;974,2;974,3;974,1;1495,7;20,9;17,1;21,4;20,6;17,9;16,4;83;78;81;128;6;3,5;
2026/01/12;1500 UTC;0;974,2;974,3;974,1;2875,5;22;17,2;23,1;21,3;19;16,3;82;67;76;133;5,2;2,6;
2026/01/12;1600 UTC;0;974;974,1;973,9;2188;22,7;17,1;23;22,3;18,2;16,2;79;68;72;159;4,1;2,7;
2026/01/12;1700 UTC;0;973,8;973,9;973,8;2217,7;23,2;17,3;23,4;22,9;18,3;16,6;75;68;71;172;4,4;2,4;
2026/01/12;1800 UTC;0;973,5;973,8;973,2;2635,4;24;17,9;25;23,4;19,1;16,9;74;64;69;200;4,2;1,4;
2026/01/12;1900 UTC;0;973;973,2;972,7;2542,1;24,8;18,1;25,7;24,3;19,3;17,2;72;62;67;153;5,1;2,7;
2026/01/12;2000 UTC;0;972,7;972,9;972,5;1717,9;24,8;18;25,7;24;18,9;17,4;72;60;66;182;3,4;2,2;
2026/01/12;2100 UTC;0;972,6;972,7;972,5;1059,2;24,5;17,9;25,1;24;18,8;17,3;70;61;67;178;4,2;2,7;
2026/01/12;2200 UTC;0;972,8;973;972,7;237,3;23,2;18,6;24,2;22,6;19;17,8;82;68;77;131;5,2;3,6;
2026/01/12;2300 UTC;0;973,1;973,2;972,9;70,2;22;19,2;22,6;21,1;19,3;19;90;82;86;134;4,9;3,4;
2026/01/13;0000 UTC;0;973,3;973,5;973,1;0;20,8;19,1;21,1;20,1;19,4;18,7;93;90;91;126;5,9;4,2;
2026/01/13;0100 UTC;0;973,6;973,8;973,4;0;19,8;18,6;20,1;19,5;18,7;18,4;95;93;94;134;5,5;4;
2026/01/13;0200 UTC;0;973,8;974;973,7;0;19,1;18,6;19,4;18,7;19,1;18,3;99;95;97;124;4,6;3,4;
2026/01/13;0300 UTC;0;973,8;974;973,4;0;19,4;19,3;19,5;19,2;19,4;19,1;100;99;99;117;4,1;3,3;
2026/01/13;0400 UTC;0;973,3;973,5;972,9;0;19,3;19,3;19,5;18,9;19,5;18,8;100;100;100;76;2,6;2;
2026/01/13;0500 UTC;0;972,5;972,5;972,5;0;18,7;18,8;18,7;18,7;18,8;18,8;100;100;100;117;2,2;1,8;
2026/01/13;0600 UTC;0;972,2;972,2;972,2;0;18,8;18,8;18,8;18,8;18,8;18,8;100;100;100;133;1,2;1;
2026/01/13;0700 UTC;0;972,1;972,1;972,1;0;18,9;19;18,9;18,9;19;19;100;100;100;148;2;1,8;
2026/01/13;0800 UTC;0;972,3;972,3;972,3;0;18,6;18,7;18,6;18,6;18,7;18,7;100;100;100;105;1,1;1;
2026/01/13;0900 UTC;0;972,8;972,8;972,8;85,7;18,3;18,3;18,3;18,3;18,3;18,3;100;100;100;115;2;2;
2026/01/13;1000 UTC;;;;;;;;;;;;;;;;;;
2026/01/13;1100 UTC;0;973,7;973,9;973,3;626,8;20,2;19,6;20,7;19,9;19,9;19,2;99;94;97;108;4,8;3,6;
2026/01/13;1200 UTC;0;974,4;974,7;973,9;1678,4;22;19,5;23,1;20,6;20,3;18,7;96;79;87;65;3,1;1,9;
2026/01/13;1300 UTC;0;974,6;974,7;974,6;1307;22,7;19;23,5;22,4;20,4;18,4;86;75;81;81;3,4;1,5;
2026/01/13;1400 UTC;0;974,8;975;974,6;2039,7;23,8;18,7;25;23,2;19,7;17,9;81;68;74;117;4,4;2,7;
2026/01/13;1500 UTC;0;974,9;975;974,8;1478,9;24,2;19,1;24,9;23,8;20,1;18,2;79;69;74;268;4,6;2,3;
2026/01/13;1600 UTC;0;974,7;974,9;974,5;1850,3;24,5;19,2;26;23,9;20,8;18,6;77;67;74;184;3,6;2,2;
2026/01/13;1700 UTC;0;974,2;974,5;974,1;2350,3;25,7;19,1;26,6;24,7;21;18,4;72;60;67;205;3,3;1,1;
2026/01/13;1800 UTC;0;973,9;974,1;973,7;1467,1;25,9;19,5;26,6;25,4;20,5;18,5;74;61;68;205;3,6;2;
2026/01/13;1900 UTC;0;973,5;973,8;973,3;2914,7;26,9;19,8;27,5;26,3;21,3;18,9;71;59;64;218;4,9;2,3;
2026/01/13;2000 UTC;0;973,1;973,3;972,9;1405,3;26,8;19,5;27,8;25,7;20,3;18,8;70;56;64;177;3,5;2,2;
2026/01/13;2100 UTC;0;972,8;972,9;972,7;792,7;25,9;19,8;26,8;24,7;20,9;19,2;79;64;70;142;6,5;4,6;
2026/01/13;2200 UTC;0;972,7;972,8;972,5;487,6;24,9;20,3;25,1;24,6;20,7;20;79;75;77;134;5,9;4,4;
2026/01/13;2300 UTC;0;973;973,4;972,8;96,2;23,5;19,8;24,5;22,5;20,2;19,4;84;78;82;140;6;4,8;
2026/01/14;0000 UTC;0;973,7;974,2;973,3;0;21,9;19,2;22,5;21,3;19,4;19,1;89;84;87;127;5,4;4,4;
2026/01/14;0100 UTC;0;974,6;974,9;974,3;0;20,8;19,2;21,4;20,4;19,4;19;95;88;92;124;4,2;3,7;
2026/01/14;0200 UTC;0;974,9;975;974,6;0;20,4;19,8;20,8;20,2;20;19,4;99;95;97;122;4,5;3,8;
2026/01/14;0300 UTC;0;974,4;974,6;974,2;0;20,2;20;20,4;20;20,3;19,9;100;98;99;128;4,7;2,9;
2026/01/14;0400 UTC;0;974,4;974,6;974,2;0;20,2;19,8;20,6;20;20,1;19,5;99;95;98;96;2,6;1,5;
2026/01/14;0500 UTC;0;974,1;974,3;973,9;0;20,5;19,9;20,6;20,5;20,1;19,6;98;95;97;116;3,4;2,4;
2026/01/14;0600 UTC;0;973,7;973,9;973,5;0;19,9;19,7;20,4;19,5;19,9;19,4;100;97;99;119;2,4;1,7;
2026/01/14;0700 UTC;0;973,5;973,6;973,5;0;19,8;19,8;20;19,6;20;19,6;100;100;100;105;2,1;1,4;
2026/01/14;0800 UTC;0;973,6;973,9;973,5;0;20,3;19,8;20,7;19,7;20,3;19,4;100;94;98;171;4;2,3;
2026/01/14;0900 UTC;0;973,8;973,9;973,7;11,2;20,6;19,5;21;20,3;19,7;19,2;96;93;94;306;2,4;1,2;
2026/01/14;1000 UTC;0;974,2;974,8;973,8;382,6;21,7;19,8;22,6;20,7;20,4;19,5;94;86;91;251;2,7;1,7;
2026/01/14;1100 UTC;0;975,1;975,3;974,8;1158,3;23,2;20,2;24,1;22,5;20,6;19,8;89;81;85;310;2,7;1,6;
2026/01/14;1200 UTC;0;975,3;975,3;975,2;1999,6;24,9;20,6;25,7;24;21,8;20;85;74;79;315;3,6;2,2;
2026/01/14;1300 UTC;0;975,3;975,3;975,2;2783,3;26,4;20,5;27,1;25,5;21,5;19,4;80;62;71;310;4,2;2,8;
2026/01/14;1400 UTC;0;975,2;975,3;975,1;2568,8;27,2;20,4;27,7;26,7;21,9;19,1;73;59;66;292;4;2,1;
2026/01/14;1500 UTC;0;975;975,2;974,8;3684,1;28,1;21;29,2;27,2;22,3;20,2;71;59;64;264;4;1,6;
2026/01/14;1600 UTC;0;974,7;974,9;974,5;3642,9;28,8;20,4;29,7;28,1;21,9;19,3;65;49;58;233;5,2;1,6;
2026/01/14;1700 UTC;0;974,4;974,5;974,1;3032;29,1;20,4;29,8;28,1;21,7;19,4;62;52;57;286;5,5;3,2;
2026/01/14;1800 UTC;0;973,9;974,1;973,8;2634,1;29,5;20,3;30,2;28,8;21,2;19,4;59;48;54;261;4,7;2,4;
2026/01/14;1900 UTC;0;973,5;973,8;973,2;2560,7;29,3;21,4;30,5;27,5;23,3;19,6;76;48;61;129;6,2;4,6;
2026/01/14;2000 UTC;0;972,6;972,6;972,6;587,5;27,5;22,2;27,5;27,5;22,2;22,2;74;74;74;143;8,1;6,8;
2026/01/14;2100 UTC;0;972,6;972,6;972,6;323,3;25,1;21;25,1;25,1;21;21;80;80;80;115;7,9;6,2;
2026/01/14;2200 UTC;0;972,8;972,8;972,8;550,1;24,9;21,7;24,9;24,9;21,7;21,7;84;84;84;106;6,5;5,7;
2026/01/14;2300 UTC;0;972,7;972,8;972,5;112,2;23,9;22,2;25,2;23,1;22,6;21,8;95;84;91;110;6,4;5,2;
2026/01/15;0000 UTC;0;972,9;973;972,6;0;22,8;22,1;23,1;22,7;22,4;22;98;95;97;115;6,7;5,2;
2026/01/15;0100 UTC;0;973,1;973,3;972,9;0;22,8;22,4;22,9;22,8;22,5;22,2;98;97;98;106;7,8;5,6;
2026/01/15;0200 UTC;0;973,3;973,5;973,2;0;22,8;22,2;22,8;22,7;22,3;21,9;97;96;97;89;8,3;6,2;
2026/01/15;0300 UTC;0;973,2;973,3;973,1;0;22,4;21,8;22,6;22,3;21,9;21,7;97;96;97;88;7;4,9;
2026/01/15;0400 UTC;0;973;973,3;972,8;0;22,2;21,6;22,4;22;21,9;21,4;98;97;97;77;6,5;4,8;
2026/01/15;0500 UTC;0;972,9;973;972,7;0;22,2;21,9;22,4;22;22;21,5;99;98;98;65;6,2;3,9;
2026/01/15;0600 UTC;0;972,4;972,7;972,2;0;22;21,8;22,2;21,8;21,8;21,6;99;98;99;65;4,8;2,9;
2026/01/15;0700 UTC;0;972,1;972,3;972;0;21,7;21,5;21,8;21,6;21,7;21,4;100;99;99;52;5;3,5;
2026/01/15;0800 UTC;0;972,3;972,4;972,1;0;21,8;21,1;22;21,6;21,4;20,8;99;95;97;137;3,7;1,9;
2026/01/15;0900 UTC;0;972,5;972,7;972,4;12,5;21,8;20,8;22,2;21,6;21;20,6;96;92;95;33;4,4;2,9;
2026/01/15;1000 UTC;0;972,9;973,1;972,7;255,6;22,7;20,5;23,5;22,2;20,9;20,2;92;86;89;220;1,9;,5;
2026/01/15;1100 UTC;0;973,4;973,6;973,1;1073,9;24,6;20,9;25,5;23,3;21,5;20,4;87;78;82;285;5,7;3,1;
2026/01/15;1200 UTC;0;973,6;973,7;973,5;1909,8;26,4;21,5;27,8;25,2;22,2;21;80;68;75;258;4,4;2,7;
2026/01/15;1300 UTC;0;973,6;973,7;973,5;2688,9;29,2;21,7;30;27,9;22,6;20,4;72;52;62;315;7,4;4,5;
2026/01/15;1400 UTC;0;973,7;973,9;973,6;3253,5;30,3;21,5;30,8;29,8;22,1;20,7;60;53;56;323;9,4;4,7;
2026/01/15;1500 UTC;0;973,6;973,9;973,2;2886,7;30,6;21,2;31,2;30;22,6;19,9;61;47;53;300;8,8;5,4;
2026/01/15;1600 UTC;0;972,9;973,3;972,4;3489,4;31,1;20,7;31,8;29,5;22;19,8;57;42;48;318;10,2;6,5;
2026/01/15;1700 UTC;0;972,3;972,5;972;3476,7;31,9;20,6;32,4;30,8;21,9;19,4;49;36;44;308;10,5;7,2;
2026/01/15;1800 UTC;0;971,8;972,1;971,5;3394,7;32,2;20,3;32,7;31,3;21,5;19,5;47;35;41;310;9,8;6,6;
2026/01/15;1900 UTC;0;971,5;971,5;971,5;2858;32,1;20,1;32,1;32,1;20,1;20,1;40;40;40;308;7,6;6,3;
2026/01/15;2000 UTC;0;971,1;971,1;971,1;1973,7;31,7;20,5;31,7;31,7;20,5;20,5;44;44;44;296;7,4;6,3;
2026/01/15;2100 UTC;0;971,1;971,3;971;1418,3;31,3;20,5;31,8;30,8;21,4;19,2;50;42;46;290;9,2;6,3;
2026/01/15;2200 UTC;0;971,4;971,5;971,3;414;29,1;19,5;30,9;27,5;20;19;61;43;52;275;4,1;3,1;
2026/01/15;2300 UTC;0;971,7;972,2;971,4;63,1;26,8;19,8;27,6;24,9;20,4;19,4;73;60;65;292;5,6;3,6;
2026/01/16;0000 UTC;0;972;972,3;971,8;0;25,6;18,7;26,4;24,9;19,4;18,2;72;59;66;225;2,2;1,1;
2026/01/16;0100 UTC;0;972;972,3;971,8;0;26,1;18,4;26,6;25,6;19,2;18;65;57;61;267;2,1;1,1;
2026/01/16;0200 UTC;0;972,5;973;972,2;0;24,7;18,7;26,4;23,4;18,9;18,4;76;60;70;299;3;2,3;
2026/01/16;0300 UTC;0;973,3;973,5;973;0;24,2;18,4;25,4;23;18,7;18;78;63;71;232;2,3;1,5;
2026/01/16;0400 UTC;0;973,1;973,3;972,8;0;25,9;17,9;26,1;25,5;18,4;17,5;65;58;60;263;3,1;1,7;
2026/01/16;0500 UTC;0;972,5;972,7;972,2;0;24,9;17,5;26;24;17,7;17,3;67;58;63;281;3;2,2;
2026/01/16;0600 UTC;0;972,2;972,4;971,9;0;24,2;17,3;24,5;23,9;17,5;17,1;67;64;65;282;2,3;1;
2026/01/16;0700 UTC;0;971,5;971,9;971,2;0;24,4;17,2;25;23,6;17,7;16,8;68;60;64;166;2,9;1,3;
2026/01/16;0800 UTC;0;971,5;972;971,2;0;24,5;17,2;25,2;23,9;17,5;17;67;61;64;196;4,9;3,3;
2026/01/16;0900 UTC;0;972,4;972,6;972;5,6;24,6;17,6;25,2;24,2;17,7;17,3;67;61;65;216;5,4;3,4;
2026/01/16;1000 UTC;0;972,9;973,4;972,5;238;23,5;18;24,1;22,7;18,8;17,5;80;67;72;198;8;5,1;
2026/01/16;1100 UTC;0;973,9;974,5;973,4;479,8;22,8;20;22,8;22,7;20,7;18,9;90;80;86;167;7,4;4,7;
2026/01/16;1200 UTC;1,8;975,1;975,8;974,5;212,9;21,7;21;22,7;21,1;21,1;20,7;99;91;96;224;8,5;3,9;
2026/01/16;1300 UTC;17,4;975,1;975,6;974,7;148,5;20,8;20,3;21,1;20,6;20,7;20,1;98;98;98;174;11,3;5,4;
2026/01/16;1400 UTC;3,8;975,4;975,8;975,1;518,9;20,9;20,5;21,4;20,6;21,2;20,1;99;97;98;144;9,5;7;
2026/01/16;1500 UTC;0;976;976,2;975,7;545,5;21,1;20,5;21,5;20,9;20,7;20,2;98;95;97;147;7,1;5,5;
2026/01/16;1600 UTC;0;976,1;976,3;975,8;1626,9;22,1;20,3;23;21,1;20,8;20;97;86;91;145;7,5;5,5;
2026/01/16;1700 UTC;0;975,7;976;975,2;2373,2;23,5;20,3;24,8;22,9;21;19,8;88;77;84;147;8,5;6,4;
2026/01/16;1800 UTC;0;975,5;975,8;975,2;1113,7;23,1;20,4;24,6;22,1;21,5;19,9;91;80;87;128;8,6;5,7;
2026/01/16;1900 UTC;0;974,9;975,3;974,4;1851,4;23,8;20,4;24,6;23,1;21,4;19,5;90;78;83;153;9,9;7,5;
2026/01/16;2000 UTC;0;975,5;975,6;975,1;842,5;23,5;19,9;24,2;23,1;20,5;19,5;85;78;82;139;8,7;6;
2026/01/16;2100 UTC;0;975,3;975,4;975,1;793,7;23,3;19,7;23,9;22,8;20,4;17,9;85;75;82;139;10,6;7,2;
2026/01/16;2200 UTC;0;975,1;975,3;974,8;716,1;23,1;17;23,4;22,4;18,4;16,3;75;66;70;134;8,7;6;
2026/01/16;2300 UTC;0;975,5;975,7;975,1;93,4;21,1;15,4;22,3;19,9;16,4;14,9;75;69;72;145;7;5,4;
2026/01/17;0000 UTC;0;975,7;976;975,5;0;19,4;15,2;19,9;18,8;15,7;14,8;84;74;79;138;5,9;4,3;
2026/01/17;0100 UTC;0;976;976,1;975,9;0;18,5;15,8;19;18,2;15,9;15,7;88;84;86;138;5,8;4,3;
2026/01/17;0200 UTC;0;976,2;976,3;976;0;17,6;15,7;18,2;16,8;15,9;15,6;95;87;91;131;4;3,4;
2026/01/17;0300 UTC;0;975,9;976,2;975,5;0;17,4;16,4;17,9;16,8;17,1;15,8;97;93;95;135;5,1;4;
2026/01/17;0400 UTC;0;975,3;975,6;975;0;18,1;17,6;18,3;17,9;17,9;17,1;98;96;97;133;4,8;3,5;
2026/01/17;0500 UTC;0;975;975,1;974,8;0;18,4;18,1;18,6;18,3;18,4;17,9;99;98;98;110;2,2;1,7;
2026/01/17;0600 UTC;0;974,4;974,8;973,8;0;18,8;18,4;18,8;18,6;18,5;18,4;99;98;98;134;5,8;3,7;
2026/01/17;0700 UTC;0;973,8;973,9;973,8;0;18,8;18,4;18,8;18,6;18,5;18,3;99;98;98;143;4,4;3,1;
2026/01/17;0800 UTC;0;974,1;974,4;973,9;0;18,7;18,3;18,7;18,6;18,4;18,2;99;98;98;147;4,1;2,7;
2026/01/17;0900 UTC;0;974,5;974,5;974,4;5,8;18,3;18;18,6;18,1;18,2;17,8;99;98;99;145;3,5;2,8;
2026/01/17;1000 UTC;0;974,6;974,7;974,5;147,9;18,4;18,1;18,5;18,3;18,2;18,1;99;98;99;143;3,2;2,2;
2026/01/17;1100 UTC;0;974,6;974,7;974,5;874;19,4;17,8;20;18,5;18,1;17,4;98;88;92;146;6,1;4,3;
2026/01/17;1200 UTC;0;974,7;974,8;974,6;1427;20,6;18,2;21,4;19,9;18,8;17,8;92;83;88;137;5,7;4;
2026/01/17;1300 UTC;0;974,5;974,7;974,4;2570,5;22,4;18,4;23;21,6;19,1;17,7;87;76;80;109;5;2,7;
2026/01/17;1400 UTC;0;974,7;974,8;974,5;1804,8;23,4;18,8;23,9;23,1;19,5;18,1;80;73;77;94;3,5;1,9;
2026/01/17;1500 UTC;0;974,7;974,9;974,6;2303;24,1;19,1;25;23,6;20,2;18,1;80;70;75;88;5,1;3;
2026/01/17;1600 UTC;0;974,5;974,6;974,4;1285;24;19,2;24,4;23,7;19,8;18,3;80;72;76;87;4,2;3;
2026/01/17;1700 UTC;0;974;974,4;973,6;1759,4;23,9;19,8;24,6;23,7;20,3;19,2;83;76;79;102;5;3,1;
2026/01/17;1800 UTC;0;973,3;973,6;972,9;2642;25,4;20;26,4;24,7;21,4;19;79;68;73;87;4,6;2,6;
2026/01/17;1900 UTC;0;972,4;972,9;972,2;2133,6;25,9;20,3;26,6;25,1;21,4;19,4;79;66;72;57;3,9;2,1;
2026/01/17;2000 UTC;0;971,7;972,2;971,1;1542,4;26,1;20,2;26,9;25,4;21;19,7;76;66;71;92;4,6;2,7;
2026/01/17;2100 UTC;0;970,6;971,1;970,3;1500;26,4;20,4;26,8;25,4;21;19,4;76;64;70;97;5,3;3,8;
2026/01/17;2200 UTC;0;970,3;970,4;970,2;673,4;25,5;20,4;26,1;24,8;20,8;20;78;70;74;103;4,8;3,7;
2026/01/17;2300 UTC;0;970,2;970,3;970,1;85,6;23,3;20,4;24,7;21,9;20,6;20,1;92;77;85;98;3,5;3;
2026/01/18;0000 UTC;0;970,4;970,7;970,1;0;21,6;20,2;21,9;21,1;20,3;20;95;91;93;140;3,4;2,8;
2026/01/18;0100 UTC;0;971,2;971,5;970,8;0;21,4;20;21,8;20,8;20,2;19,7;96;92;93;113;2,8;2,2;
2026/01/18;0200 UTC;0;971,5;971,7;971,3;0;20,8;20,1;20,9;20,7;20,3;19,8;97;96;96;131;3,6;2,7;
2026/01/18;0300 UTC;0;971,5;971,7;971,4;0;20,6;20,1;20,9;20,4;20,4;19,9;98;96;97;126;2,9;2,1;
2026/01/18;0400 UTC;0;971,4;971,6;971,3;0;20,2;19,9;20,5;19,9;20,1;19,6;99;98;99;128;3,2;2,4;
2026/01/18;0500 UTC;0;970,9;971,3;970,7;0;20,1;20;20,3;19,9;20,2;19,6;100;99;99;128;2,6;2;
2026/01/18;0600 UTC;0;970,8;970,9;970,5;0;20,3;20,2;20,4;20;20,3;19,8;100;99;99;127;2;1,7;
2026/01/18;0700 UTC;0;970,1;970,5;969,7;0;19,9;19,8;20;19,6;20;19,6;100;99;100;120;1,9;1,2;
2026/01/18;0800 UTC;0;969,8;969,9;969,7;0;19,7;19,7;19,9;19,5;19,9;19,4;100;99;100;102;2,1;,9;
2026/01/18;0900 UTC;0;970,1;970,4;969,9;9,1;19,8;19,4;20;19,6;19,8;18,7;100;95;98;191;,8;,3;
2026/01/18;1000 UTC;0;970,8;971;970,4;372,1;20,8;19,6;21,9;19,9;20,2;19,2;98;90;94;273;1,7;1,1;
2026/01/18;1100 UTC;0;971,1;971,2;971;1163,7;22,7;20,4;23,8;21,9;21,4;19,9;91;83;88;310;2,3;1,5;
2026/01/18;1200 UTC;0;971,6;971,8;971,2;2036,3;24,6;20,5;25,2;23,8;21,2;19,7;85;74;80;266;4,2;2,4;
2026/01/18;1300 UTC;0;971,8;971,9;971,7;2780,2;26;19,2;26,9;25,1;21,4;16,6;79;51;66;201;3,8;1,9;
2026/01/18;1400 UTC;0;972,2;972,4;971,9;3303,9;26,8;18,3;27,2;26,4;20,4;16,8;68;50;58;156;8,9;5,7;
2026/01/18;1500 UTC;0;972,6;972,7;972,4;3410,5;26,5;19,1;27;25,6;20,1;18;69;57;63;157;8;5,5;
2026/01/18;1600 UTC;0;972,6;972,7;972,5;3373,7;26,8;19,3;27,4;26,3;20,4;18,1;67;57;62;163;9,4;6,5;
2026/01/18;1700 UTC;0;972,7;972,8;972,5;3231,1;26,9;18,4;27,3;26;19,4;17,6;63;53;57;156;9,3;6,4;
2026/01/18;1800 UTC;0;972,2;972,5;971,6;2737,7;26,7;18,4;27,8;23,4;19,4;17,3;79;52;59;129;14,1;8,2;
2026/01/18;1900 UTC;19,8;973;974,6;972;1056,2;19,1;18;23,3;14,7;19,3;13,4;100;76;95;138;10;6,5;
2026/01/18;2000 UTC;,6;972,9;973,2;972,3;1205,3;20,8;18,2;21,8;20;19,1;17,1;94;81;87;155;10,8;7,8;
2026/01/18;2100 UTC;0;973,6;973,8;973,1;266;19,9;17,6;20,5;19,1;18,2;17,1;93;84;89;149;10,1;7,7;
2026/01/18;2200 UTC;,2;973,9;974,1;973,7;180,9;18,5;17,5;19,3;17,8;17,8;17,2;97;90;95;155;15,3;11,1;
2026/01/18;2300 UTC;0;974,6;975,2;974,1;20,5;17,6;16,8;17,9;17,1;17,3;16,3;98;94;96;163;11,5;8,2;
2026/01/19;0000 UTC;0;975,7;976,3;975,1;0;17,1;15,2;17,2;16,9;16,3;14;96;85;91;153;12,8;9,5;
2026/01/19;0100 UTC;0;977;977,6;976,3;0;16,6;13,2;16,9;16;14;12,4;86;81;83;152;12;8,5;
2026/01/19;0200 UTC;0;977,9;978,2;977,5;0;15,6;12;16;15,3;12,5;11,3;83;79;82;157;10;6,3;
2026/01/19;0300 UTC;0;978,4;978,5;978,2;0;15,2;11,4;15,4;15;11,6;11,1;82;79;81;155;10,2;7,5;
2026/01/19;0400 UTC;0;978,4;978,5;978,3;0;15,1;10,8;15,3;14,9;11,2;10,6;81;77;79;159;8,8;6,3;
2026/01/19;0500 UTC;0;978,2;978,4;978;0;14,8;10,7;15,1;14,5;10,9;10,4;80;78;79;163;9,8;6,8;
2026/01/19;0600 UTC;0;977,8;978;977,7;0;14,4;9,4;14,5;14,3;10;8,8;78;72;75;165;10,1;7,1;
2026/01/19;0700 UTC;0;977,5;977,7;977,4;0;14;8,7;14,4;13,4;9,1;8,3;77;71;74;173;8,9;6,2;
2026/01/19;0800 UTC;0;977,5;977,6;977,3;0;13,5;8,5;13,9;13,1;8,8;8,1;78;73;75;176;9;5,6;
2026/01/19;0900 UTC;0;977,6;978;977,3;6;12,9;8,6;13,4;12,2;8,9;8,4;83;75;78;184;7,5;5;
2026/01/19;1000 UTC;0;978,2;978,6;977,9;187,1;13,2;8,6;13,7;12,3;9;8,3;82;73;77;180;7,7;4,9;
2026/01/19;1100 UTC;0;978,9;979,3;978,6;843,6;14,1;9,9;14,9;13,4;11,1;8,9;82;76;79;175;7,3;4,9;
2026/01/19;1200 UTC;0;979,6;979,8;979,3;1669,2;15,9;11,7;16,6;15;12,8;10,8;82;76;79;168;9,6;5,4;
2026/01/19;1300 UTC;0;980,1;980,3;979,9;2406,6;17,6;12,2;18,8;16,7;13,4;11,3;81;66;73;154;11,3;7,4;
2026/01/19;1400 UTC;0;980,4;980,6;980,2;2398,7;18,3;12,2;19,9;17,2;13,7;11,4;76;60;69;157;10,4;7,1;
2026/01/19;1500 UTC;0;980,4;980,5;980,2;3070,9;19,8;12,2;21,1;19;13,8;11,3;68;57;62;153;9,8;6,7;
2026/01/19;1600 UTC;0;980,4;980,5;980,2;1751,7;19,4;12,2;20,7;18,5;13,9;11,5;68;58;64;139;9,9;7;
2026/01/19;1700 UTC;0;980,3;980,3;980,1;1934,9;19,9;11,5;20,4;19,5;12,8;10,6;64;54;58;148;11,4;8,4;
2026/01/19;1800 UTC;0;980,1;980,3;979,8;2005,7;19,9;11,3;21,1;19,4;12,7;10,8;60;52;57;144;10,2;7,5;
2026/01/19;1900 UTC;0;979,8;980;979,3;2523,2;20,4;11,3;21,7;19,5;12,7;10,5;59;49;55;145;11,5;7,7;
2026/01/19;2000 UTC;0;979,2;979,5;979;1871,9;19,7;11,2;20,6;18,7;12,3;10,6;62;54;58;141;10,4;6,9;
2026/01/19;2100 UTC;0;979;979,1;978,8;1765,8;19,7;10,6;20,6;18,7;11,7;9,6;59;49;54;132;8,5;5,4;
2026/01/19;2200 UTC;0;979;979,1;978,9;1061;19;9,7;19,7;18,1;10,5;9;60;50;54;126;7,4;5,3;
2026/01/19;2300 UTC;0;979,1;979,2;978,9;168,9;16,3;9,5;18;14,9;10,1;9,1;73;58;66;146;3,8;3,2;
2026/01/20;0000 UTC;0;979;979,1;979;0;14,3;9,4;14,8;14;9,5;9,3;77;73;75;148;3,5;2,8;
2026/01/20;0100 UTC;0;979,1;979,3;979,1;0;13,8;9,4;14,5;13,1;9,6;9,2;82;75;78;131;3;2,5;
2026/01/20;0200 UTC;0;979,3;979,4;979,2;0;13,5;9,6;14,2;13;10,1;9,2;84;76;81;132;3,1;2,6;
2026/01/20;0300 UTC;0;979,4;979,4;979,3;0;13,5;10,4;13,9;13;10,6;9,9;87;83;85;149;2,5;1,7;
2026/01/20;0400 UTC;0;979,3;979,4;979,2;0;13,5;10,6;13,9;13,3;10,8;10,3;87;83;86;145;2,5;2;
2026/01/20;0500 UTC;0;979;979,2;978,7;0;14;10,8;14,3;13,5;11;10,7;86;83;84;145;2,6;2,2;
2026/01/20;0600 UTC;0;978,6;978,7;978,6;0;14,4;11,1;14,8;13,9;11,4;10,9;86;82;84;153;2,6;1,8;
2026/01/20;0700 UTC;0;978,7;978,8;978,5;0;15,1;11,7;15,6;14,7;11,9;11,3;85;79;83;153;3,2;2,3;
2026/01/20;0800 UTC;0;978,8;978,8;978,7;0;14,9;11,9;15,5;14,5;12,1;11,7;87;81;85;132;2;1,7;
2026/01/20;0900 UTC;0;978,9;979;978,8;4,2;13,9;11,3;14,4;13,4;11,7;11;89;86;87;131;2,3;1,8;
2026/01/20;1000 UTC;0;979,4;979,7;979,1;180,4;15,1;11,4;16,5;13,7;12,8;11;86;77;82;138;2,4;1,7;
2026/01/20;1100 UTC;0;979,8;980,1;979,6;801,7;17,5;12,3;18,1;16,6;13,3;11,6;81;69;74;165;4,4;3,5;
2026/01/20;1200 UTC;0;980,2;980,3;980,1;1629,9;18,7;12,5;19,6;18,1;14,1;10,9;75;58;69;137;6;4,2;
2026/01/20;1300 UTC;0;980,2;980,3;980;2371,5;19,7;12,4;20,5;19,3;13,6;11,3;68;57;63;141;7,1;4,6;
2026/01/20;1400 UTC;0;980,2;980,3;980;3074,2;20,5;11,7;21,3;19,4;13,7;10,1;68;47;56;109;5,6;3,3;
2026/01/20;1500 UTC;0;980;980,1;979,9;3297,5;21,5;11,9;22,4;20,6;13,6;10,5;59;46;52;133;5,9;3,2;
2026/01/20;1600 UTC;0;979,7;979,9;979,5;3799,5;21,7;13,1;22,3;21;15,2;11,9;65;50;57;156;6,8;4,7;
2026/01/20;1700 UTC;0;979,3;979,6;979,1;2334,4;21,3;13,5;22,6;20,6;14,7;12,5;66;56;61;145;7,5;5,6;
2026/01/20;1800 UTC;0;978,8;979;978,5;1584;21,1;13,7;21,8;20,6;14,8;12,8;68;58;63;112;9,3;6,3;
2026/01/20;1900 UTC;;;;;;;;;;;;;;;;;;
2026/01/20;2000 UTC;0;978,1;978,3;977,8;1858,2;21,3;13,6;22,6;20,4;15,2;12,7;64;57;61;109;9;6,5;
2026/01/20;2100 UTC;0;977,8;978;977,6;1057,5;20,4;13;21,9;19,8;14,2;12,4;65;58;63;108;9;6,5;
2026/01/20;2200 UTC;0;977,9;978;977,7;924,7;19,8;12,8;20,6;19;13,3;12,3;67;63;65;108;7,9;5,9;
2026/01/20;2300 UTC;0;977,9;978;977,8;124,4;17,8;12,4;19;16,6;12,6;12,2;;;;109;6,9;5,3;
2026/01/21;0000 UTC;0;978,1;978,3;977,9;0;16,1;12,1;16,6;15,7;12,4;11,7;81;79;80;109;6,2;5,1;
2026/01/21;0100 UTC;0;978,6;978,8;978,4;0;14,7;11,5;15,6;14;11,7;11,4;87;80;84;116;4,6;3,9;
2026/01/21;0200 UTC;0;978,9;979;978,8;0;13,9;11,4;14,2;13,7;11,5;11,3;89;86;87;107;5,5;4,5;
2026/01/21;0300 UTC;0;979;979,1;978,9;0;13,6;11,3;14,2;13,3;11,5;11,2;90;86;89;111;4,8;4,2;
2026/01/21;0400 UTC;0;978,9;979;978,7;0;13;11;13,3;12,5;11,2;10,8;92;89;90;113;4,5;4,1;
2026/01/21;0500 UTC;0;978,5;978,7;978,2;0;12,5;10,8;13;12;10,9;10,6;94;89;92;122;3,7;3,1;
2026/01/21;0600 UTC;0;978,1;978,2;978;0;13,1;10,7;13,4;12,8;10,9;10,5;89;87;88;129;3;2,5;
2026/01/21;0700 UTC;0;978;978;977,9;0;13,1;10,7;13,4;13;10,8;10,5;89;86;88;132;3,6;2,9;
2026/01/21;0800 UTC;0;978,2;978,3;978;0;13,3;10,8;13,4;13,2;10,9;10,7;88;87;88;134;3,6;2,9;
2026/01/21;0900 UTC;0;978,5;978,7;978,3;3,8;13,6;10,9;13,7;13,2;11;10,8;88;86;87;142;3,8;3,2;
2026/01/21;1000 UTC;0;979;979,2;978,8;171,3;15;11,4;16;13,7;12,1;10,9;86;79;82;123;3,7;3,1;
2026/01/21;1100 UTC;0;979,4;979,6;979,2;785,6;17,2;12,6;18,4;16;13,5;11,9;80;71;77;111;6,6;4,7;
2026/01/21;1200 UTC;0;979,7;979,8;979,5;1604,8;19,1;13,1;19,7;18,4;13,7;12,4;75;65;70;96;8,2;6,1;
2026/01/21;1300 UTC;0;979,8;980;979,7;2342,4;20,3;13,4;20,9;19,6;14,3;12,8;71;63;66;83;8,2;6,1;
2026/01/21;1400 UTC;0;979,7;979,9;979,5;3025,9;21,2;13,2;22;19,9;14,1;12,4;69;53;60;105;8,4;5,6;
2026/01/21;1500 UTC;0;979,6;979,8;979,3;3522,3;22;13,5;22,7;21,4;14,5;12,7;62;51;57;88;9,1;5,9;
2026/01/21;1600 UTC;0;979,3;979,4;979,1;3622,5;22,7;13,2;23,4;22;14,6;12,1;58;47;52;106;8,4;5,7;
2026/01/21;1700 UTC;0;979;979,2;978,6;4005,6;23,4;13,5;24,2;22,5;14,7;12,2;55;45;50;90;9;6,7;
2026/01/21;1800 UTC;0;978,5;978,8;978,1;4023,6;23,9;14;24,4;23,2;15;12,8;53;45;50;93;9,6;6,6;
2026/01/21;1900 UTC;0;977,9;978,1;977,6;3455,2;23,9;13,8;24,3;23,2;14,8;13;54;46;50;93;9,9;5,9;
2026/01/21;2000 UTC;0;977,5;977,7;977,2;2424,7;23,4;13,8;24,3;22,2;14,9;12,6;58;47;52;112;9,5;6,3;
2026/01/21;2100 UTC;0;977,3;977,4;977;1592,2;22,4;13,5;23,5;21,5;14,2;12,9;59;51;55;102;9,9;7;
2026/01/21;2200 UTC;0;977,4;977,5;977,2;1025,3;21,5;13,3;22,4;20,6;13,6;13;65;54;59;103;10,4;7,2;
2026/01/21;2300 UTC;0;977,5;977,7;977,3;162,2;19,2;13,6;20,5;18,3;13,7;13,3;77;65;72;100;8;6,2;
2026/01/22;0000 UTC;0;977,9;978,1;977,6;0;17,7;13,6;18,2;17,3;13,7;13,3;81;77;79;100;8,6;5,8;
2026/01/22;0100 UTC;0;978,1;978,2;978;0;16,7;13,1;17,4;15,7;13,3;13;87;80;82;116;5,6;4,4;
2026/01/22;0200 UTC;0;978,2;978,2;978,1;0;15,3;13;15,7;14,9;13,1;12,9;90;87;89;122;4,9;4,1;
2026/01/22;0300 UTC;0;978,3;978,3;978,2;0;15;12,8;15,2;14,7;12,9;12,6;90;88;89;122;4,5;3,4;
2026/01/22;0400 UTC;0;978,2;978,3;978,1;0;14,8;12,6;15,2;14,4;12,8;12,5;91;88;89;113;3,7;2,9;
2026/01/22;0500 UTC;0;978;978,1;977,8;0;14,6;13;14,7;14,5;13,4;12,7;94;90;92;115;5;3,2;
2026/01/22;0600 UTC;0;977,7;977,8;977,5;0;14,7;13,5;15;14,5;13,9;13,3;95;93;94;103;4,4;3,4;
2026/01/22;0700 UTC;0;977,5;977,6;977,4;0;14,5;13,7;14,9;14,1;14;13,5;98;94;96;109;3,8;2,6;
2026/01/22;0800 UTC;0;977,7;977,8;977,5;0;14,1;13,7;14,5;13,5;14;13,3;100;97;98;111;4,2;3,3;
2026/01/22;0900 UTC;0;977,9;978,1;977,8;3,4;13,9;13,8;14,2;13,6;14,2;13,6;100;99;100;119;3,6;2,8;
2026/01/22;1000 UTC;0;978,5;978,7;978,1;212,3;15,2;15;16,7;14,2;15,9;14,3;100;95;99;107;5,7;4,1;
2026/01/22;1100 UTC;0;979;979,3;978,7;819,2;18;16,2;19;16,7;16,7;15,8;;;;85;7,9;5,6;
2026/01/22;1200 UTC;0;979,3;979,4;979,2;1456,6;20;16,3;21,1;19,1;17,3;15,9;91;75;82;69;10,5;6,8;
2026/01/22;1300 UTC;0;979,3;979,4;979,1;2439,5;22;15,4;22,8;21,2;16,3;14,5;75;60;67;64;9,6;7;
2026/01/22;1400 UTC;0;979,3;979,5;979,2;3208;22,9;16,3;23,7;22,2;17,3;15,3;72;62;67;69;8,8;6,2;
2026/01/22;1500 UTC;0;979,6;979,7;979,4;2980,8;24;16,7;24,9;23,2;17,6;15,8;66;60;63;81;9,6;5,5;
2026/01/22;1600 UTC;0;979,5;979,6;979,2;3290,6;24,7;16,4;25,7;23,6;17,8;15,4;64;54;59;90;7,7;3,9;
2026/01/22;1700 UTC;0;979,2;979,4;979,1;3429,7;25,6;16,4;26,6;24,1;17,7;15,2;60;50;54;94;8,1;4,3;
2026/01/22;1800 UTC;0;978,7;979,2;978,3;3164,7;26,1;16,4;26,9;25,1;18,1;15,6;60;47;52;97;7,3;4;
2026/01/22;1900 UTC;0;978,1;978,3;977,6;3127,4;26,7;16,8;27,4;26,3;18,4;15,8;57;45;50;94;9,8;4,7;
2026/01/22;2000 UTC;0;977,6;977,8;977,3;2267,6;26;17,4;26,6;25,1;18,1;16,9;60;53;57;100;10;6,5;
2026/01/22;2100 UTC;0;977,4;977,6;977,2;1390,9;25;17,7;26,1;24,3;18,3;17,3;67;60;64;96;10,3;7,3;
2026/01/22;2200 UTC;0;977,5;977,6;977,3;660,9;23,5;17,1;24,3;22,6;17,5;16,7;72;65;68;95;10,9;7,4;
2026/01/22;2300 UTC;0;977,7;977,9;977,5;82,2;21,4;16,7;22,6;20,4;16,9;16,4;80;71;76;98;10,8;6,9;
2026/01/23;0000 UTC;0;978,1;978,4;977,7;0;20;16,2;20,4;19,6;16,4;16,1;83;79;81;93;12;7,4;
2026/01/23;0100 UTC;0;978,6;978,8;978,3;0;19,3;16,4;19,6;19;16,4;16,3;87;83;85;89;10,6;6,8;
2026/01/23;0200 UTC;0;978,9;979,1;978,7;0;18,7;16,2;19;18,4;16,3;16;88;87;87;80;9,3;6,8;
2026/01/23;0300 UTC;0;979,2;979,4;978,8;0;18,3;15,9;18,5;18,1;16;15,8;89;87;88;83;8,6;5,9;
2026/01/23;0400 UTC;0;979,4;979,5;979,2;0;17,9;15,8;18,1;17,8;15,8;15,7;90;89;89;86;8,5;5,6;
2026/01/23;0500 UTC;0;979,2;979,4;978,8;0;17,4;15,7;17,8;17,2;15,7;15,6;92;90;92;84;6,4;4,5;
2026/01/23;0600 UTC;0;978,8;979;978,7;0;17;15,5;17,2;16,7;15,7;15,4;94;92;93;81;5,4;3,8;
2026/01/23;0700 UTC;0;978,7;978,8;978,5;0;16,4;15,4;16,6;16,2;15,5;15,2;96;94;95;93;4,3;2,9;
2026/01/23;0800 UTC;0;978,8;979,1;978,6;0;16,5;15,3;16,6;16,2;15,4;15,2;96;93;94;88;5,2;3,6;
2026/01/23;0900 UTC;0;979,4;979,7;979,2;3,8;16,4;15,3;16,7;16;15,4;15;96;93;94;109;3,6;2,5;
2026/01/23;1000 UTC;0;980;980,3;979,8;310,9;17,2;15,5;18,5;15,9;16;15;96;86;92;79;8,1;5,3;
2026/01/23;1100 UTC;0;980,5;980,7;980,2;1076,9;19,4;15,9;20,1;18,5;16,2;15,6;87;77;82;72;9,8;7,1;
2026/01/23;1200 UTC;0;980,8;981;980,6;1965,6;20,9;15,9;21,8;20,2;16,6;15,6;80;71;75;65;10,5;7,4;
2026/01/23;1300 UTC;0;981;981,1;980,7;2797;22,3;16,3;23,1;21,7;16,7;15,7;75;65;70;74;8,6;6,9;
2026/01/23;1400 UTC;0;981,1;981,3;981;2898,9;23,3;16,4;24,4;22,5;17,4;15,8;70;61;66;80;9;6,1;
2026/01/23;1500 UTC;0;980,9;981,1;980,7;3047,5;23,9;16;25;23;17,5;15;70;53;61;89;10,2;6;
2026/01/23;1600 UTC;0;980,6;980,8;980,3;3840,9;25;16,2;25,7;24,3;17,4;15;61;51;56;94;8,3;5,5;
2026/01/23;1700 UTC;0;980;980,4;979,7;2964,8;25,1;16,3;26,1;24,2;17,8;15,1;61;52;56;94;9,3;6,1;
2026/01/23;1800 UTC;0;979,8;979,9;979,6;3434,2;25,7;16,9;26,3;24,9;17,9;16;63;51;56;88;8;5;
2026/01/23;1900 UTC;0;979,5;979,8;979;2978,3;25,8;16,9;26,5;24,9;17,8;16,3;60;51;55;94;9,1;6,6;
2026/01/23;2000 UTC;0;978,9;979,1;978,6;2175,5;25,7;17;26,2;25;17,6;16,3;60;53;56;95;9,4;6,8;
2026/01/23;2100 UTC;0;978,7;978,8;978,6;1548,6;25,1;16,8;25,6;24,5;17,6;16,4;63;55;58;85;9,7;7,1;
2026/01/23;2200 UTC;0;978,6;978,8;978,4;688,8;23,6;16,6;24,5;22,5;16,9;16,4;70;61;65;94;9,9;7;
2026/01/23;2300 UTC;0;978,8;978,9;978,5;87,7;21,2;16,4;22,4;20,3;16,6;16,2;80;70;76;105;7,5;5,7;
2026/01/24;0000 UTC;0;979;979,3;978,8;0;19,4;16,4;20,2;18,8;16,5;16,3;88;80;85;118;7;5,3;
2026/01/24;0100 UTC;0;979,4;979,6;979,3;0;18,4;16,6;18,8;18,1;16,6;16,4;92;89;91;108;7,6;5,3;
2026/01/24;0200 UTC;0;979,3;979,5;979;0;18;16,3;18,2;17,8;16,5;16;92;90;91;94;9,3;6,9;
2026/01/24;0300 UTC;0;979,2;979,2;978,9;0;17,7;16;18;17,6;16;15,9;92;90;91;84;9,9;6,7;
2026/01/24;0400 UTC;0;979,1;979,3;979;0;17,3;16;17,6;17;16,1;16;95;92;94;76;7,4;4,8;
2026/01/24;0500 UTC;0;979;979,2;978,9;0;16,7;15,9;17;16,1;16,1;15,7;98;95;96;91;4,4;3;
2026/01/24;0600 UTC;0;978,6;978,9;978,4;0;15,5;15,3;16,1;15;15,7;14,9;100;98;99;120;3,8;3;
2026/01/24;0700 UTC;0;978,3;978,4;978,2;0;15,1;15;15,3;14,8;15,3;14,6;100;98;100;119;3,2;2,3;
2026/01/24;0800 UTC;0;978,3;978,5;978,2;0;14,4;14,3;15,1;13,7;15;13,7;100;98;100;98;4,3;3,7;
2026/01/24;0900 UTC;0;978,3;978,5;978,1;3,7;13,9;13,9;14,2;13,6;14,3;13,7;100;100;100;114;3,5;1,9;
2026/01/24;1000 UTC;0;978,9;979,3;978,5;263,1;15,3;14,7;16,7;14,1;15,2;14,2;100;91;97;123;3,9;3;
2026/01/24;1100 UTC;0;979,5;979,7;979,3;1120,7;18;15,3;19,6;16,7;16;14,9;92;79;86;86;7,3;5,1;
2026/01/24;1200 UTC;0;979,7;979,9;979,5;1982,8;20,4;15;21;19,7;15,9;13,9;80;65;73;73;10,2;7,6;
2026/01/24;1300 UTC;0;979,6;979,7;979,4;2798,2;21,7;15,1;22,3;21;16,2;14;70;64;67;69;8,8;5,9;
2026/01/24;1400 UTC;0;979,5;979,7;979,3;3350,1;22,9;16,1;23,7;22,4;17;15,5;70;61;66;62;7,2;4,1;
2026/01/24;1500 UTC;0;979,4;979,6;979,2;3811,7;24,4;16,9;25,7;23,8;18;15,8;67;57;62;40;6,9;4,5;
2026/01/24;1600 UTC;0;979,1;979,3;978,8;3880,2;25,5;17,5;26,5;24,7;18,5;16,4;66;55;60;68;8,1;4,8;
2026/01/24;1700 UTC;0;978,6;979;978,3;3928,4;26,4;17,7;26,9;25,5;18,8;16,6;63;51;56;83;6,2;4,1;
2026/01/24;1800 UTC;0;978,2;978,4;977,9;3726,7;27;17,8;27,8;26,4;19;16,6;60;50;54;73;7,5;4,6;
2026/01/24;1900 UTC;0;977,7;978;977,3;2970,4;27,6;18;28,2;26,6;19,1;16,9;57;47;52;71;6,8;4,1;
2026/01/24;2000 UTC;0;977,1;977,4;976,9;2309,4;27,5;18;28;26,9;18,6;17;56;47;52;105;7,8;5,6;
2026/01/24;2100 UTC;0;976,8;977;976,7;1505,5;26,6;18,3;27,2;25,9;18,7;17,7;64;53;58;109;9,3;7,1;
2026/01/24;2200 UTC;0;977;977,1;976,7;677,5;24,9;18,1;25,8;23,8;18,6;17,5;69;62;66;104;10,1;7,2;
2026/01/24;2300 UTC;0;977,2;977,6;977;72;22,5;17,2;23,8;21,4;17,6;16,9;81;69;74;103;9,2;6;
2026/01/25;0000 UTC;0;977,9;978,2;977,7;0;20,7;18,2;21,3;20,2;18,5;17,6;91;82;87;103;8,4;6;
2026/01/25;0100 UTC;0;978,6;979;978,2;0;20;18,6;20,2;19,9;18,7;18,5;94;91;93;101;8,9;5,8;
2026/01/25;0200 UTC;0;979;979,2;978,8;0;20,2;18,7;20,3;20,2;18,8;18,6;93;92;92;84;10,8;6,9;
2026/01/25;0300 UTC;0;979;979,3;978,8;0;20,2;18,7;20,4;20;18,8;18,5;93;92;92;78;9,6;6,4;
2026/01/25;0400 UTC;0;978,6;978,8;978,3;0;19,5;18,6;19,9;19,3;18,7;18,5;96;93;95;78;9,3;5,7;
2026/01/25;0500 UTC;0;978,3;978,4;978,2;0;19,1;18,4;19,3;19;18,5;18,3;97;96;96;82;7,2;4,6;
2026/01/25;0600 UTC;0;977,9;978,2;977,7;0;18,9;18,3;19;18,7;18,5;18;98;96;97;74;9,1;5,3;
2026/01/25;0700 UTC;0;977,8;978;977,7;0;18,6;18,1;18,8;18,4;18,2;18;98;97;97;87;6;4,3;
2026/01/25;0800 UTC;0;977,9;978,1;977,6;0;18,4;18;18,6;18,2;18,2;17,8;98;97;98;88;5,6;3,7;
2026/01/25;0900 UTC;0;978,1;978,3;978;3,8;18,1;17,9;18,2;18;17,9;17,8;99;98;99;71;6,3;4,5;
2026/01/25;1000 UTC;0;978,6;978,9;978,3;292,5;18,6;18,1;19,2;18,2;18,5;17,8;99;96;97;64;6,8;5;
2026/01/25;1100 UTC;0;979,1;979,6;978,8;1088,7;19,8;18,3;20,7;18,7;18,8;18;98;86;93;65;7,8;5,2;
2026/01/25;1200 UTC;0;979,7;979,9;979,5;1930,5;21,8;18,3;22,5;20,7;18,9;17,9;89;77;83;55;8,5;5,8;
2026/01/25;1300 UTC;0;980;980,2;979,9;2705,8;23,6;18,2;24,7;22,6;18,9;17,6;79;67;73;50;5,9;4,2;
2026/01/25;1400 UTC;0;980,1;980,2;979,9;3275,3;25,5;18,3;26,4;24,7;19,4;16,7;72;53;64;54;6,8;3,9;
2026/01/25;1500 UTC;0;979,8;980;979,6;3623,9;26,4;18,4;26,9;25,7;19,5;16,8;65;53;60;99;5,4;2,5;
2026/01/25;1600 UTC;0;979,5;979,7;979,3;3464,6;26,7;18,4;27,5;25,9;19,9;17,2;65;49;59;99;5;1,9;
2026/01/25;1700 UTC;0;979,1;979,4;978,7;3735,3;27,7;18,2;28,3;26,7;19,7;17;61;47;52;100;5,7;2,2;
2026/01/25;1800 UTC;0;978,3;978,7;978;3552,2;28,4;18,3;29;27,8;19,8;17;57;44;50;89;6,5;2,9;
2026/01/25;1900 UTC;0;977,7;977,9;977,5;3082,7;29;18,1;29,5;28,6;19,2;17,5;53;41;46;65;6,2;3,3;
2026/01/25;2000 UTC;0;977,3;977,5;977,1;2372,8;29,2;18,4;29,5;28,8;19,9;17,2;55;40;46;87;7;4,5;
2026/01/25;2100 UTC;0;977;977,1;976,8;1500,6;28,1;19,3;29;27,5;20;18,5;62;49;56;100;7,7;5,7;
2026/01/25;2200 UTC;0;977,1;977,3;976,9;667,8;26,4;19,7;27,6;25,1;20;19,5;72;60;66;95;8,5;6,7;
2026/01/25;2300 UTC;0;977,3;977,4;977;86;23,8;19,9;25,1;22,7;20,4;19,5;88;72;81;96;11;7,6;
2026/01/26;0000 UTC;0;977,6;977,9;977,3;0;22,3;20,5;22,7;22;20,5;20,3;92;88;91;96;10,7;7,1;
2026/01/26;0100 UTC;0;977,9;978;977,6;0;22;20,4;22,1;21,9;20,5;20,4;93;92;92;90;10,6;7,3;
2026/01/26;0200 UTC;0;977,9;978;977,7;0;21,5;20,2;21,9;21;20,5;19,9;95;92;93;85;9,2;6,3;
2026/01/26;0300 UTC;0;977,7;977,7;977,7;0;20,4;19,5;20,4;20,4;19,5;19,5;95;95;95;75;7,9;5,4;
2026/01/26;0400 UTC;0;977,1;977,1;977,1;0;20,3;18,9;20,3;20,3;18,9;18,9;93;93;93;69;9,8;8,4;
2026/01/26;0500 UTC;0;976,5;976,5;976,5;0;19,8;18,7;19,8;19,8;18,7;18,7;94;94;94;84;6,8;5,8;
2026/01/26;0600 UTC;0;976,3;976,3;976,3;0;19,4;18,6;19,4;19,4;18,6;18,6;96;96;96;88;6,6;5,3;
2026/01/26;0700 UTC;0;976,7;976,7;976,7;0;19,2;18,5;19,2;19,2;18,5;18,5;97;97;97;90;5,7;4,4;
2026/01/26;0800 UTC;0;977,1;977,1;977,1;0;18,7;18,3;18,7;18,7;18,3;18,3;98;98;98;132;4,3;3,4;
2026/01/26;0900 UTC;0;977,6;977,6;977,6;19,4;18,8;18,2;18,8;18,8;18,2;18,2;97;97;97;100;4;3,3;
2026/01/26;1000 UTC;0;978,4;978,4;978,4;617,7;19,9;18,6;19,9;19,9;18,6;18,6;93;93;93;122;4,2;3,2;
2026/01/26;1100 UTC;0;978,9;978,9;978,9;1641,3;22,2;19,3;22,2;22,2;19,3;19,3;85;85;85;75;5,9;4,7;
2026/01/26;1200 UTC;0;978,6;978,6;978,6;2333,5;24;19,8;24;24;19,8;19,8;79;79;79;71;7,3;6,4;
2026/01/26;1300 UTC;0;979,2;979,2;979,2;2996,8;25,8;20,9;25,8;25,8;20,9;20,9;76;76;76;75;5,2;4,2;
2026/01/26;1400 UTC;0;979,2;979,2;979,2;3540,1;27,8;20;27,8;27,8;20;20;61;61;61;86;5,4;4,2;
2026/01/26;1500 UTC;0;978,6;978,6;978,6;2855,7;29,2;21,3;29,2;29,2;21,3;21,3;60;60;60;47;4,1;3,1;
2026/01/26;1600 UTC;0;978,5;978,5;978,5;4185,1;30;21,8;30;30;21,8;21,8;59;59;59;240;4,4;3,1;
2026/01/26;1700 UTC;0;977,9;977,9;977,9;1477,2;29,9;19,9;29,9;29,9;19,9;19,9;50;50;50;34;2,9;1,9;
2026/01/26;1800 UTC;0;977,4;977,4;977,4;3556,3;30,9;21,6;30,9;30,9;21,6;21,6;54;54;54;122;4,2;2,9;
2026/01/26;1900 UTC;0;977;977;977;2365;31,5;21,4;31,5;31,5;21,4;21,4;49;49;49;56;4,4;2,4;
2026/01/26;2000 UTC;0;976,6;976,6;976,6;567,5;28,9;21,6;28,9;28,9;21,6;21,6;64;64;64;103;5,5;4,7;
2026/01/26;2100 UTC;0;976,4;976,4;976,4;1010,7;28,6;22,2;28,6;28,6;22,2;22,2;68;68;68;95;7,4;6,4;
2026/01/26;2200 UTC;0;976,8;976,8;976,8;264,7;26,9;21,1;26,9;26,9;21,1;21,1;71;71;71;92;8,1;6,8;
2026/01/26;2300 UTC;0;977,1;977,1;977,1;0;24,2;19,9;24,2;24,2;19,9;19,9;78;78;78;113;6;4,9;
2026/01/27;0000 UTC;0;977,1;977,1;977,1;0;23,3;20,5;23,3;23,3;20,5;20,5;86;86;86;95;7;5,9;
2026/01/27;0100 UTC;0;977,4;977,6;977;0;22,7;20,3;23,2;22,4;20,5;20,1;89;86;88;133;5,4;3,8;
2026/01/27;0200 UTC;0;977,5;977,6;977,3;0;22;20,1;22,5;21,6;20,1;20;93;88;90;125;4,8;3,8;
2026/01/27;0300 UTC;0;977,1;977,3;976,8;0;21,3;20,2;21,6;21;20,2;20;96;93;94;120;4,5;3,3;
2026/01/27;0400 UTC;0;976,6;976,8;976,3;0;21;20,4;21,2;20,8;20,6;20,1;98;96;97;75;6;4,4;
2026/01/27;0500 UTC;0;976,2;976,3;976,2;0;20,8;20,5;21;20,6;20,6;20,4;99;98;99;94;4;2,7;
2026/01/27;0600 UTC;0;976,2;976,3;976,2;0;20,5;20,2;20,6;20,4;20,5;20;99;98;99;106;3,6;2,5;
2026/01/27;0700 UTC;0;976,2;976,4;976,1;0;20,4;19,9;20,5;20,3;20,1;19,1;98;94;97;104;3,1;1,7;
2026/01/27;0800 UTC;0;976,7;976,8;976,4;0;21,1;17,8;21,6;20,4;19,2;17,1;94;80;84;147;1,8;1;
2026/01/27;0900 UTC;0;977;977,3;976,8;1,4;21,8;16,7;22,1;21;17,4;16,2;80;71;74;302;2,7;1,6;
2026/01/27;1000 UTC;0;977,6;977,8;977,3;237,9;23,1;16,5;24,2;22,2;17;16,2;72;62;67;313;2,8;1,5;
2026/01/27;1100 UTC;0;977,8;978;977,8;942,5;25,6;17,5;27,1;24,2;18,9;16,5;65;53;60;313;2,1;1,1;
2026/01/27;1200 UTC;0;977,9;978,1;977,7;1811,2;28,1;18,5;28,9;27,1;19,5;17,6;62;47;52;82;3,2;2,2;
2026/01/27;1300 UTC;0;977,8;977,8;977,7;2596,1;29,8;19,4;30,5;28,9;20,7;18,6;53;43;48;220;4,4;2,7;
2026/01/27;1400 UTC;0;977,8;977,9;977,7;3192,6;30,5;20,7;31,3;30,1;22,3;19,6;59;46;51;232;3,6;1,7;
2026/01/27;1500 UTC;0;977,5;977,8;977,3;3135,8;31,6;21;32,5;30,8;22,3;20,1;54;42;47;272;3,9;1,6;
2026/01/27;1600 UTC;0;977,2;977,3;977;3980,8;32,3;21,4;32,8;31,3;22,7;20,6;51;40;46;312;4,9;2,5;
2026/01/27;1700 UTC;0;976,7;977;976,3;3956,8;32,9;21,4;33,8;32;23,9;19,9;52;35;43;118;4,7;3;
2026/01/27;1800 UTC;0;975,7;976,3;975,2;3074,7;33,1;21,6;33,8;32,1;23,2;20,2;48;37;42;55;4,3;2,3;
2026/01/27;1900 UTC;0;974,8;975,1;974,6;2801,5;33,6;21,5;34,4;32;23,2;20,4;47;35;40;231;3,1;1,7;
2026/01/27;2000 UTC;0;974,5;974,7;974,2;697,5;31,8;21,5;34;30,7;22,3;20,4;55;36;49;97;5,4;3,7;
2026/01/27;2100 UTC;0;975;976,5;974,4;101;28,4;21;30,7;24;21,9;19,3;78;55;63;161;12,6;4,8;
2026/01/27;2200 UTC;2,2;976,2;976,7;975,6;147,6;20,9;18,8;22,5;20,4;19,3;17,9;94;81;89;148;7,7;6;
2026/01/27;2300 UTC;0;975,7;975,9;975,4;110,6;21,5;19,7;22,2;20,9;20,1;18,8;95;84;91;122;5,2;4,2;
2026/01/28;0000 UTC;0;976,2;976,6;975,8;0;21,2;20,1;21,5;20,9;20,4;19,9;96;92;94;63;3,6;2,3;
2026/01/28;0100 UTC;0;976,4;976,5;976,1;0;21,4;20;21,6;21,2;20,1;19,8;94;92;93;131;4;3;
2026/01/28;0200 UTC;0;976,3;976,4;976,1;0;21,7;20,5;21,8;21,5;21;20,2;97;92;94;94;3,7;2,6;
2026/01/28;0300 UTC;0;976,1;976,4;975,9;0;21,5;20,7;21,8;21,2;20,9;20,5;97;95;96;126;4,6;2,6;
2026/01/28;0400 UTC;0;976;976,1;975,9;0;21,6;20,8;22;21,3;21;20,6;97;95;96;147;3,8;2,7;
2026/01/28;0500 UTC;0;975,8;976;975,7;0;21,5;20,8;22;20,5;21;20,4;100;94;97;114;2,8;2,3;
2026/01/28;0600 UTC;0;975,5;975,7;975,2;0;20,7;20,7;20,8;20,4;20,9;20,4;100;100;100;118;2,8;2,3;
2026/01/28;0700 UTC;0;975,2;975,2;975,1;0;21;21,1;21,2;20,8;21,3;20,9;100;100;100;139;3,7;3,1;
2026/01/28;0800 UTC;0;975,2;975,4;975,1;0;21;21,1;21,2;20,9;21,2;21;100;100;100;133;4,6;3,3;
2026/01/28;0900 UTC;0;975,7;976;975,4;1,6;21,1;21,1;21,2;21;21,3;21;100;100;100;133;4,5;3,5;
2026/01/28;1000 UTC;0;976,4;976,7;976,1;108,3;21,4;21,4;21,6;21,2;21,6;21,3;100;100;100;149;4,7;3,6;
2026/01/28;1100 UTC;0;976,8;976,9;976,7;345,2;21,8;21,8;22,1;21,5;22,2;21,5;100;100;100;157;5,9;4,4;
2026/01/28;1200 UTC;0;977;977,2;976,9;820;22,4;22,4;22,8;22;22,8;22,1;100;99;100;140;6,6;4,9;
2026/01/28;1300 UTC;0;977,2;977,4;977,1;1202;22,6;22,1;23,4;22,2;22,6;21,6;100;92;98;125;6,8;5;
2026/01/28;1400 UTC;0;977,5;977,6;977,3;3058,4;24,8;22,3;26,3;23,4;23,4;21,6;93;80;87;124;6,1;4,3;
2026/01/28;1500 UTC;0;977,6;977,7;977,4;3658,9;26,8;22,5;27,8;26;23,3;21,6;85;71;78;114;6,1;3,4;
2026/01/28;1600 UTC;0;977,2;977,5;977;3780,5;28,3;21,9;29;27,5;23,3;20,4;74;58;68;150;6,2;4,3;
2026/01/28;1700 UTC;0;976,7;976,9;976,4;3753,8;29,4;21,5;30;28,9;23,1;20,3;70;52;60;136;5,9;3,7;
2026/01/28;1800 UTC;0;976;976,4;975,8;3486,7;30,3;20,6;30,6;29,8;22,3;19,6;62;45;52;139;5,9;3,3;
2026/01/28;1900 UTC;0;975,4;975,8;975,1;3030,4;30,7;20,7;31;30,3;21,6;20;54;45;50;145;8,6;5,7;
2026/01/28;2000 UTC;0;974,9;975,2;974,6;2230,8;29,9;21,2;30,8;29,2;22,1;20,8;62;52;57;150;10,2;7,7;
2026/01/28;2100 UTC;0;974,8;975,2;974,4;1156;28,5;21;29,4;27,7;21,8;20,3;68;57;63;119;9,4;6,8;
2026/01/28;2200 UTC;0;975,3;975,4;975;640,3;27;20,8;27,8;26;21,4;20,3;72;66;69;129;8,6;6,2;
2026/01/28;2300 UTC;0;975,5;975,9;975,1;71,3;24,7;20,5;25,9;23,9;20,9;20,1;85;72;79;117;7,5;5,6;
2026/01/29;0000 UTC;0;975,9;976,1;975,8;0;23,3;20,9;23,9;22,7;21,1;20,7;92;85;88;119;7;5,5;
2026/01/29;0100 UTC;0;976,2;976,4;976;0;22,3;21,2;22,7;22;21,3;21,1;97;92;94;115;6,9;5;
2026/01/29;0200 UTC;0;976,6;976,8;976,4;0;22,1;21,6;22,2;22;21,8;21,3;98;97;98;115;7,2;5,4;
2026/01/29;0300 UTC;0;976,8;976,9;976,5;0;22,1;21,9;22,1;22;21,9;21,8;99;98;99;101;7;5,2;
2026/01/29;0400 UTC;0;976,4;976,7;976,1;0;21,9;21,8;22;21,8;21,9;21,7;100;99;99;109;6,8;5,2;
2026/01/29;0500 UTC;0;976,1;976,4;975,8;0;21,8;21,6;21,8;21,8;21,7;21,5;100;99;99;125;5,1;3,6;
2026/01/29;0600 UTC;0;975,8;976,1;975,5;0;21,7;21,6;21,8;21,6;21,7;21,6;100;99;100;105;5,5;3,7;
2026/01/29;0700 UTC;0;975,6;975,9;975,4;0;21,6;21,6;21,7;21,6;21,7;21,4;100;99;100;105;5,4;3,9;
2026/01/29;0800 UTC;0;975,5;975,8;975,3;0;21,5;21,6;21,6;21,5;21,6;21,5;100;100;100;122;5,3;3,4;
2026/01/29;0900 UTC;0;976,1;976,2;975,8;2,2;21,6;21,5;21,7;21,5;21,6;21,5;100;99;100;117;2,9;2;
2026/01/29;1000 UTC;0;976,3;976,7;976,1;135,9;21,6;21,5;21,7;21,5;21,6;21,5;100;99;100;128;2,3;1,7;
2026/01/29;1100 UTC;0;976,9;977;976,7;437,4;22,1;21,5;22,6;21,7;21,7;21,1;100;93;97;124;4;2,8;
2026/01/29;1200 UTC;0;976,9;977;976,7;815,9;23,1;21,1;23,9;22,6;21,5;20,5;94;83;90;108;5,7;3,4;
2026/01/29;1300 UTC;0;977;977,1;977;1653,6;24,3;20,9;25;23,8;21,5;20,3;87;78;83;115;5,4;3,2;
2026/01/29;1400 UTC;0;976,9;977;976,8;2628,3;25,9;20,9;26,7;25,2;21,8;20,2;80;72;75;102;5,7;4,2;
2026/01/29;1500 UTC;0;976,7;977,1;976,3;2785,7;26,7;21,1;27,7;25,5;21,9;20,4;76;67;72;119;6,2;4;
2026/01/29;1600 UTC;0;976;976,3;975,7;2984,5;27,6;21;28,1;26,8;21,8;20,3;72;63;67;111;7,2;4,8;
2026/01/29;1700 UTC;0;975,6;975,9;975,3;2824,4;27,9;21;28,8;27,1;21,9;20;71;59;66;132;10,1;5,8;
2026/01/29;1800 UTC;0;975,4;975,6;975,1;2787,4;28;21;28,8;27;22,1;20,1;70;59;65;133;11,8;8,6;
2026/01/29;1900 UTC;0;975;975,2;974,5;2238,4;27,7;20,8;28,9;26,6;21,9;19,9;69;60;65;120;11,9;8,1;
2026/01/29;2000 UTC;0;974,6;974,9;974,3;2100,5;27,4;20,4;28,3;26,7;21,1;20;68;61;65;139;12,7;9,3;
2026/01/29;2100 UTC;0;974,4;974,5;974,1;1441;26,4;20;27,1;25,9;20,6;19,6;69;64;68;130;11;7,6;
2026/01/29;2200 UTC;0;974,6;974,8;974,4;558,6;25,2;19,6;26,2;24,2;19,9;19,2;77;67;72;129;11;7,9;
2026/01/29;2300 UTC;0;975,1;975,5;974,7;84,8;23,6;19,7;24,3;22,8;20,1;19,4;86;76;81;111;7,8;5,4;
2026/01/30;0000 UTC;0;975,6;975,8;975,3;0;22,4;20,3;22,8;21,9;20,4;20,1;93;87;90;113;7,6;6;
2026/01/30;0100 UTC;0;976;976,1;975,7;0;21,5;20,5;21,8;21,2;20,6;20,4;97;93;95;116;7,6;5,6;
2026/01/30;0200 UTC;0;976,2;976,4;975,9;0;21;20,7;21,2;20,9;21;20,6;99;97;98;119;8,2;5,7;
2026/01/30;0300 UTC;0;976,3;976,5;976,2;0;21,2;20,7;21,3;21;20,8;20,4;98;97;98;116;7,8;5,6;
2026/01/30;0400 UTC;0;975,8;976,1;975,3;0;21;20,5;21,1;20,9;20,6;20,4;98;97;97;114;7,4;5,5;
2026/01/30;0500 UTC;0;975,2;975,5;974,8;0;20,8;20,4;20,9;20,7;20,5;20,2;98;97;98;122;6,6;4,8;
2026/01/30;0600 UTC;0;975;975,1;974,9;0;20,6;20,3;20,7;20,5;20,4;20,2;99;97;99;113;6,4;4,3;
2026/01/30;0700 UTC;0;974,8;974,9;974,7;0;20,5;20,3;20,6;20,3;20,5;20;99;98;99;115;6,2;4,3;
2026/01/30;0800 UTC;0;974,8;974,9;974,7;0;20,2;20;20,3;20,2;20,1;19,8;99;98;99;124;5,2;3,8;
2026/01/30;0900 UTC;0;974,9;975,3;974,8;1,1;20,1;20;20,2;20;20,1;19,8;100;99;99;122;5,4;3,4;
2026/01/30;1000 UTC;0;975,6;976,1;975,3;106,9;20,2;19,8;20,4;20;20;19,6;99;96;98;139;5,1;3,2;
2026/01/30;1100 UTC;0;976,2;976,5;976,1;515;20,9;19,9;21,4;20,4;20,2;19,5;97;93;95;116;4,8;3,5;
2026/01/30;1200 UTC;0;976,6;976,8;976,3;1377,5;22,3;19,6;23,2;21,4;20,1;19;93;79;87;120;7;4,8;
2026/01/30;1300 UTC;0;976,7;976,8;976,5;2690,8;24,1;19,3;24,8;23;20,1;18;85;68;76;123;6,4;4,1;
2026/01/30;1400 UTC;0;976,6;976,7;976,3;1535,3;24;19,6;24,7;23;20,6;18,8;85;72;78;150;8,2;5,6;
2026/01/30;1500 UTC;0;976,5;976,7;976,3;996;22,2;19,8;22,9;21,6;20,5;19,2;94;82;88;126;7,6;5,4;
2026/01/30;1600 UTC;0;976,2;976,6;975,8;1423,6;23,4;19;24;22,8;19,9;18;85;70;78;135;5,6;3,5;
2026/01/30;1700 UTC;0;975,4;975,8;975;1817,5;24,9;18,3;25,9;23,8;19,1;17,6;75;60;67;125;6,3;4,3;
2026/01/30;1800 UTC;0;974,7;975;974,4;2344,1;25,9;18,9;26,3;25,4;20;18,2;71;59;65;138;8,4;5,4;
2026/01/30;1900 UTC;;;;;;;;;;;;;;;;;;
2026/01/30;2000 UTC;0;974,2;974,5;973,9;989,4;20,8;19,6;21,8;20,2;20,3;18,9;97;89;94;135;12,5;7,8;
2026/01/30;2100 UTC;0;974,2;974,4;973,8;465,2;20,8;19,6;21;20,7;20;19,2;96;92;94;120;9,5;6,6;
2026/01/30;2200 UTC;0;974,3;974,5;974;224,7;20,4;19,1;20,7;20,1;19,4;18,9;95;92;94;125;9;6,9;
2026/01/30;2300 UTC;0;974,1;974,4;973,8;28,3;20,1;19,5;20,1;20;19,6;19,2;98;95;97;110;9;6,7;
2026/01/31;0000 UTC;0;973,8;974,2;973,4;0;19,7;19;20,1;19,2;19,7;17,9;98;94;96;113;9;6,7;
2026/01/31;0100 UTC;0;974,1;974,3;973,7;0;18,6;17,9;19,1;18,2;18,1;17,8;99;94;97;145;6,7;5,3;
2026/01/31;0200 UTC;0;974,1;974,3;973,9;0;18,1;17,9;18,2;18;18;17,8;100;98;99;141;6,8;5,1;
2026/01/31;0300 UTC;0;973,7;974;973,6;0;18,1;17,9;18,2;17,9;18;17,7;100;98;99;129;6,3;4,7;
2026/01/31;0400 UTC;0;973,4;973,5;973,1;0;17,8;17,8;17,9;17,7;17,9;17,7;100;100;100;129;5,9;4,7;
2026/01/31;0500 UTC;0;973;973,1;972,8;0;17,6;17,6;17,9;17,5;17,8;17,4;100;99;100;141;4,3;3,1;
2026/01/31;0600 UTC;0;972,8;972,9;972,7;0;17,9;17,6;18,2;17,7;17,9;17,4;99;98;99;144;3,9;2,9;
2026/01/31;0700 UTC;0;972,7;972,9;972,3;0;18,5;18;18,6;18,2;18,2;17,8;98;97;98;151;4,3;3;
2026/01/31;0800 UTC;;;;;;;;;;;;;;;;;;
2026/01/31;0900 UTC;0;972,5;972,7;972,4;,2;18,4;18,2;18,8;18,1;18,6;17,9;100;98;99;155;4,4;2,9;
2026/01/31;1000 UTC;0;972,9;973;972,7;71,1;18,7;18,5;18,9;18,6;18,7;18,3;99;98;99;152;3,8;2,8;
2026/01/31;1100 UTC;0;973,2;973,3;973,1;521,5;19,4;19;20,1;18,9;19,5;18,7;100;95;98;141;5,7;4,1;
2026/01/31;1200 UTC;0;973,4;973,7;973,2;987,5;20;18,9;20,6;19,4;19,4;17,3;99;85;95;122;5,6;4,1;
2026/01/31;1300 UTC;0;973,5;973,7;973,2;591,4;19,9;18,2;20,1;19,8;18,7;17,5;94;87;91;121;5,9;4,5;
2026/01/31;1400 UTC;0;973,5;973,6;973,2;1609,5;20,7;18,5;21,5;19,9;19,1;18;94;84;89;130;5,4;3,9;
2026/01/31;1500 UTC;0;972,8;973,3;972,4;2508,8;21,9;18,2;23,3;21,1;19,1;17,4;90;73;82;147;7,4;4,6;
2026/01/31;1600 UTC;0;972,5;972,7;972,3;3057;23,7;17,6;24,5;22,9;19,1;16,4;78;63;69;106;4,1;1,6;
2026/01/31;1700 UTC;0;971,9;972,3;971,5;1789;23,5;17,6;24,5;21;18,8;16,7;86;63;71;128;10,3;5,7;
2026/01/31;1800 UTC;2,4;971,7;972,1;971,3;1285,7;19,6;17,2;21;18,5;18,1;16,3;94;83;88;110;6,6;4,6;
2026/01/31;1900 UTC;0;971,1;971,5;970,6;546,8;19,3;17,1;20,5;18,5;17,9;16,3;94;79;89;113;2,2;1;
2026/01/31;2000 UTC;0;970,3;970,6;970;546,3;20,7;17,3;21,4;20,2;18,3;16,3;91;76;83;200;2,5;1,5;
2026/01/31;2100 UTC;0;969,6;970;969,3;1059,5;22,7;17,1;23,4;21,4;18,5;16,2;81;65;72;143;7,4;5,2;
2026/01/31;2200 UTC;0;969,4;969,5;969,2;602,7;22,4;16;23,1;21,3;16,8;15,3;73;63;68;146;5,5;4,3;
2026/01/31;2300 UTC;0;969,6;969,7;969,5;67,9;20,1;15,8;21,2;19,2;16,1;15,5;84;73;79;151;5,6;4,3;
2026/02/01;0000 UTC;0;969,9;970,1;969,7;0;18,9;16,3;19,2;18,6;16,4;16;89;84;87;154;5;3,8;
2026/02/01;0100 UTC;0;970,2;970,4;970,1;0;18,2;16,5;18,7;18;16,6;16,3;93;88;91;148;5;3,6;
2026/02/01;0200 UTC;0;970,1;970,3;970;0;18,4;16,7;19;18,1;17;16,4;93;90;91;161;4,8;3,2;
2026/02/01;0300 UTC;0;969,8;970,1;969,7;0;19;17,2;19;18,8;17,4;16,9;92;90;91;181;5,2;2,5;
2026/02/01;0400 UTC;0;969,5;969,8;969,2;0;18,5;17,1;19;18;17,4;17;95;92;93;204;3,4;2,1;
2026/02/01;0500 UTC;0;968,8;969,2;968,6;0;17,9;17;18,1;17,7;17,1;16,8;96;94;95;173;6,3;3,9;
2026/02/01;0600 UTC;0;968,3;968,6;968,2;0;17,9;17;18,1;17,8;17,3;16,8;97;94;95;184;4,2;2,3;
2026/02/01;0700 UTC;0;967,9;968,2;967,7;0;17,8;17,4;17,9;17,6;17,5;17,2;99;96;98;190;5;2,7;
2026/02/01;0800 UTC;0;967,7;967,9;967,6;0;17,5;17,4;17,6;17,4;17,5;17,3;100;99;100;200;5,3;3,1;
2026/02/01;0900 UTC;0;968,1;968,6;967,7;,3;17,4;17,3;17,6;17,3;17,4;17,1;100;98;99;212;4;1,9;
2026/02/01;1000 UTC;0;968,9;969,2;968,6;209,2;17,6;17,5;18,1;17,4;17,7;17,3;100;97;99;193;6,8;2,9;
2026/02/01;1100 UTC;0;969,5;969,8;969,2;707,8;18,4;17,5;18,6;18;17,8;17,3;98;94;96;206;5,5;2,8;
2026/02/01;1200 UTC;0;970,2;970,6;969,8;1562,4;19,6;17,6;20,4;18,7;18,3;16,9;94;83;90;228;6,5;3,5;
2026/02/01;1300 UTC;0;970,7;970,9;970,5;1927,9;21,1;17,3;22,1;20,2;18,5;16,6;87;74;81;219;6,2;3,3;
2026/02/01;1400 UTC;0;970,8;971;970,5;2217,8;22;17,1;23,4;21,1;18;16,3;84;66;75;200;6,1;3,6;
2026/02/01;1500 UTC;0;970,5;970,6;970,4;2807,2;23,1;17,2;24,2;22;18,6;16,2;78;64;71;209;6,5;3,2;
2026/02/01;1600 UTC;0;970,2;970,4;970;3472,2;24,5;17,1;25,2;23,8;18,2;16,1;70;57;63;204;8,4;4,4;
2026/02/01;1700 UTC;0;970;970,1;969,8;3300,2;25,3;17,2;26,2;24,7;18,2;16,1;66;54;60;202;8,8;3,6;
2026/02/01;1800 UTC;0;969,8;970;969,5;3202,3;26;17,1;26,6;25;17,9;16,3;59;51;55;217;7,8;3,7;
2026/02/01;1900 UTC;0;969,5;969,6;969,3;2700,6;26,3;17,4;26,8;25,6;18,3;16,4;60;51;56;161;10,3;4,7;
2026/02/01;2000 UTC;0;969,5;969,5;969,3;2116;26,1;17,4;26,5;25,4;18,6;16,5;63;52;57;193;7,2;3,7;
2026/02/01;2100 UTC;0;969,6;969,8;969,5;1427,3;25,7;17,4;26,3;25,4;18,2;16,7;61;57;59;160;7,6;5,1;
2026/02/01;2200 UTC;0;970;970,2;969,8;437,8;24;17,7;25,4;23,2;18;16,8;73;58;68;143;6,9;5,2;
2026/02/01;2300 UTC;0;970,4;970,5;970,2;67,9;22;17,5;23,1;20,8;17,8;17,3;83;73;78;145;5,9;4,9;
2026/02/02;0000 UTC;0;970,8;971;970,5;0;20,4;17,3;20,9;19,7;17,4;17,1;87;82;84;128;5,5;4,3;
2026/02/02;0100 UTC;0;971,2;971,5;970,9;0;18,8;17,1;19,5;18,2;17,4;16,8;94;88;92;143;5,6;4,5;
2026/02/02;0200 UTC;0;971,4;971,4;971,2;0;19;17,4;19,1;18,8;17,6;17,3;93;92;92;141;6,9;5,7;
2026/02/02;0300 UTC;0;970,9;971,4;970,4;0;18,6;17,2;18,9;18,4;17,3;17,2;94;92;93;135;7,4;5,4;
2026/02/02;0400 UTC;0;970,1;970,5;969,9;0;17,9;17,1;18,4;17,5;17,2;17;98;94;96;139;6;4,8;
2026/02/02;0500 UTC;0;970,2;970,4;969,8;0;17,4;17;17,8;17;17,3;16,7;99;97;98;99;3,5;1,4;
2026/02/02;0600 UTC;0;970,2;970,4;969,9;0;16,8;16,7;17,2;16,4;17,1;16,3;100;99;100;143;2,9;2,3;
2026/02/02;0700 UTC;0;970,1;970,4;969,9;0;16,7;16,7;17,1;16,4;17,1;16,5;100;100;100;321;1,9;1,6;
2026/02/02;0800 UTC;0;970,6;970,9;970,5;0;16,5;16,6;17,1;15,9;17,1;15,9;100;100;100;306;1,8;1,2;
2026/02/02;0900 UTC;0;971,1;971,3;970,9;,7;16,8;16,9;17,1;16,5;17,1;16,5;100;100;100;319;1,8;1,3;
2026/02/02;1000 UTC;0;971,5;971,7;971,3;234,8;17,3;17,3;18;16,6;17,9;16,6;100;99;100;262;1,1;,7;
2026/02/02;1100 UTC;0;971,8;971,9;971,7;1122,9;19,3;17,9;21;18,1;18,9;16,8;99;79;93;84;1,7;,9;
2026/02/02;1200 UTC;0;972,2;972,3;971,9;1833;21,5;17,6;21,9;21;18,5;16,5;86;75;81;239;3,5;2;
2026/02/02;1300 UTC;0;972,2;972,4;972,1;2650,5;23;17,3;24,2;21,9;18,2;16,3;81;63;71;232;2,5;1,2;
2026/02/02;1400 UTC;0;972,3;972,5;972,2;3007,6;24,8;17,6;25,8;24,1;18,9;16,8;71;59;64;204;2,3;1,3;
2026/02/02;1500 UTC;0;972;972,2;971,7;2797;25,8;17,1;26,9;25,2;18,5;16;62;51;56;170;4,8;2,4;
2026/02/02;1600 UTC;0;971,5;971,7;971,3;3272,3;26,7;17,1;27,6;25,8;18,3;16,3;58;47;52;276;7,3;3,9;
2026/02/02;1700 UTC;0;971,2;971,3;971,1;3995,2;27,6;16,3;28,1;27;17,7;14,9;53;36;44;278;4;1,7;
2026/02/02;1800 UTC;0;970,8;971,1;970,5;3365,7;28,3;17;28,7;27,5;18,7;15,9;50;38;44;198;4,8;2,7;
2026/02/02;1900 UTC;0;970,2;970,5;969,9;2820,3;28,5;17,5;29;28;18,8;16,9;50;41;45;273;4,7;2,1;
2026/02/02;2000 UTC;0;969,7;969,9;969,4;1860;28,5;17,2;29,1;28;18,2;16,4;48;38;44;248;4,7;2,8;
2026/02/02;2100 UTC;0;969,4;969,5;969,3;1389,4;28,5;17,2;29,1;28,1;18,3;16,6;50;40;44;209;2,1;1,1;
2026/02/02;2200 UTC;0;969,4;969,5;969,3;544,8;27,5;17,4;28,5;25,1;18;16,6;65;42;49;107;3;2,3;
2026/02/02;2300 UTC;0;969,6;969,7;969,5;39,6;23,6;18;24,8;22,4;18,3;17,6;77;64;72;134;5,2;3,7;
2026/02/03;0000 UTC;0;969,9;970,1;969,7;0;21,6;17,5;22,4;20,9;17,9;17,2;83;77;80;124;4,7;3,9;
2026/02/03;0100 UTC;0;970,3;970,4;970,1;0;20,8;18,1;21,1;20,3;18,8;17,5;92;83;87;122;5;3,3;
2026/02/03;0200 UTC;0;970,3;970,4;970,2;0;20,3;19,1;20,5;20,2;19,2;18,8;94;93;94;76;5,5;4,1;
2026/02/03;0300 UTC;0;970,2;970,3;970,1;0;20;18,9;20,2;19,7;19;18,8;95;94;95;57;5,2;3,2;
2026/02/03;0400 UTC;0;969,7;969,7;969,7;0;19,9;18,4;19,9;19,9;18,4;18,4;93;93;93;26;4,5;3,6;
2026/02/03;0500 UTC;0;969,3;969,3;969,3;0;19,9;18,4;19,9;19,9;18,4;18,4;93;93;93;25;5;4;
2026/02/03;0600 UTC;0;969;969;969;0;19,2;17,6;19,2;19,2;17,6;17,6;92;92;92;282;1,8;1,1;
2026/02/03;0700 UTC;0;969;969;969;0;19,1;17,5;19,1;19,1;17,5;17,5;92;92;92;289;2,2;1,2;
2026/02/03;0800 UTC;0;969,2;969,2;969,2;0;19,1;17,7;19,1;19,1;17,7;17,7;93;93;93;272;3,2;1,4;
2026/02/03;0900 UTC;0;969,9;969,9;969,9;3,3;19,4;17,7;19,4;19,4;17,7;17,7;92;92;92;295;2,3;1,8;
2026/02/03;1000 UTC;0;970,9;970,9;970,9;543,4;20,6;18,3;20,6;20,6;18,3;18,3;89;89;89;293;1,8;1,2;
2026/02/03;1100 UTC;0;971,5;971,5;971,5;1377,2;23,2;19,4;23,2;23,2;19,4;19,4;81;81;81;318;2,7;1,9;
2026/02/03;1200 UTC;0;971,7;971,7;971,7;2263,5;25,1;19,2;25,1;25,1;19,2;19,2;71;71;71;315;5,3;3,8;
2026/02/03;1300 UTC;0;971,9;971,9;971,9;2975,5;27,7;19,1;27,7;27,7;19,1;19,1;57;57;57;307;6,2;4,6;
2026/02/03;1400 UTC;0;971,6;971,6;971,6;3603,5;28,4;17,8;28,4;28,4;17,8;17,8;47;47;47;272;5,3;4;
2026/02/03;1500 UTC;0;971,3;971,3;971,3;4160,7;29,2;16,9;29,2;29,2;16,9;16,9;38;38;38;205;3,7;,7;
2026/02/03;1600 UTC;0;970,7;970,7;970,7;4097;30,1;17,3;30,1;30,1;17,3;17,3;36;36;36;309;4,3;2,2;
2026/02/03;1700 UTC;0;970,2;970,2;970,2;1541,6;30,6;18,7;30,6;30,6;18,7;18,7;41;41;41;137;4;2,7;
2026/02/03;1800 UTC;0;969,6;969,6;969,6;2933;30,2;18,3;30,2;30,2;18,3;18,3;41;41;41;249;4,2;,5;
2026/02/03;1900 UTC;0;969,3;969,3;969,3;3038;31,1;19,6;31,1;31,1;19,6;19,6;43;43;43;46;2,8;1,9;
2026/02/03;2000 UTC;0;969,1;969,1;969,1;627,5;29,1;18,9;29,1;29,1;18,9;18,9;49;49;49;83;2,8;2,4;
2026/02/03;2100 UTC;0;969,3;969,3;969,3;557,3;29,9;18,9;29,9;29,9;18,9;18,9;45;45;45;119;2,6;2,2;
2026/02/03;2200 UTC;0;969,6;969,6;969,6;89,7;27,8;19,2;27,8;27,8;19,2;19,2;57;57;57;92;2,5;1,9;
2026/02/03;2300 UTC;0;970,3;970,3;970,3;0;25,2;18;25,2;25,2;18;18;64;64;64;121;2,2;2;
2026/02/04;0000 UTC;0;970,8;970,8;970,8;0;23,8;16,9;23,8;23,8;16,9;16,9;66;66;66;85;4,3;3,8;
2026/02/04;0100 UTC;0;970,8;970,9;970,7;0;23,1;17,6;23,7;22,8;18;16,9;75;66;72;77;5,6;4;
2026/02/04;0200 UTC;0;971,1;971,3;970,8;0;23;17,8;23,5;22,6;18;17,2;77;70;74;41;6,8;4,5;
2026/02/04;0300 UTC;0;971,4;971,5;971,2;0;23,1;17;23,5;22,7;17,3;16,8;71;68;70;41;5,7;4;
2026/02/04;0400 UTC;0;971,5;971,6;971,4;0;22,4;16,6;22,7;22;16,8;16,4;73;70;71;32;5,3;3,3;
2026/02/04;0500 UTC;0;971,3;971,5;971,2;0;22,2;16,9;22,4;21,7;17,1;16,5;76;71;73;281;4,9;1,2;
2026/02/04;0600 UTC;0;971,2;971,3;971,1;0;21,8;17,1;22,4;21,5;17,2;16,9;78;74;76;281;1,8;1;
2026/02/04;0700 UTC;0;971,1;971,3;971;0;21,9;17,2;22,3;21,6;17,4;17,1;78;74;77;309;3,6;1,5;
2026/02/04;0800 UTC;0;971,3;971,4;971,2;0;22,1;17,1;22,5;21,8;17,2;16,8;76;72;75;323;3,6;2,1;
2026/02/04;0900 UTC;0;971,5;971,8;971,4;,2;22,2;16,8;22,7;21,4;17;16,7;77;71;73;290;3,5;2,2;
2026/02/04;1000 UTC;0;971,9;972,1;971,8;166,4;21,9;16,8;22,7;21,4;17,3;16,6;77;72;75;314;2,7;1,5;
2026/02/04;1100 UTC;0;972,5;972,8;972,1;877;24,1;17,9;25,3;22,8;18,5;17,1;73;64;69;312;3,1;2,4;
2026/02/04;1200 UTC;0;972,9;973,1;972,8;1719,6;26,6;19,2;27,7;25,3;20,1;18,3;68;58;63;303;3,2;2,3;
2026/02/04;1300 UTC;0;973,2;973,3;973,1;2524,8;28,6;20,1;29,3;27,7;21;18,7;63;47;57;305;5;3,4;
2026/02/04;1400 UTC;0;973,2;973,3;973,1;3135,1;30,2;19,7;31,1;29,2;21,1;18,7;57;40;47;267;4,4;2,1;
2026/02/04;1500 UTC;0;973,2;973,3;973,2;3566,9;31,5;20,2;32,2;30,8;22,1;19,1;51;40;44;264;3,6;1,9;
2026/02/04;1600 UTC;0;973,2;973,3;973,1;2524,6;31,7;20,9;32,8;30,8;22,5;19,8;51;40;46;151;3,2;1,2;
2026/02/04;1700 UTC;0;972,9;973,1;972,8;1624,2;31,2;20,7;31,8;30,8;21,9;19,8;53;44;47;108;4;3,1;
2026/02/04;1800 UTC;0;972,5;972,8;972,2;2603,4;31,8;21;32,6;30,9;22,1;20,1;52;40;46;111;5,2;3,7;
2026/02/04;1900 UTC;0;971,9;972,2;971,7;1584,3;32;20,4;32,9;31;21,4;19,4;49;39;42;107;7,1;3,7;
2026/02/04;2000 UTC;0;971,7;971,8;971,5;487,9;28,9;20,3;30,7;28,2;20,8;19,7;62;50;57;65;6,7;4,3;
2026/02/04;2100 UTC;0;971,6;971,6;971,6;898,4;30;20,1;30;30;20,1;20,1;51;51;51;76;6,7;5,6;
2026/02/04;2200 UTC;0;972,1;972,1;972,1;63,2;27,2;18,8;27,2;27,2;18,8;18,8;58;58;58;84;6;4,9;
2026/02/04;2300 UTC;0;973;973;973;0;26,1;19,2;26,1;26,1;19,2;19,2;66;66;66;82;4,7;4;
2026/02/05;0000 UTC;0;973,5;973,5;973,5;0;25,1;18,8;25,1;25,1;18,8;18,8;69;69;69;75;6,4;4,3;
2026/02/05;0100 UTC;0;973,7;973,8;973,5;0;24,2;18,6;24,9;23,6;18,8;18,4;74;69;72;75;5,1;3,7;
2026/02/05;0200 UTC;0;973,9;974;973,8;0;23,3;17,8;23,6;23,1;18,4;17,4;74;71;72;71;5,1;3,4;
2026/02/05;0300 UTC;0;974;974,1;974;0;22,8;18;23,2;22,4;18,3;17,6;79;72;76;89;4;2,7;
2026/02/05;0400 UTC;0;973,9;974;973,8;0;22,3;18,5;22,5;22;18,7;18,3;83;79;81;119;3,9;2,5;
2026/02/05;0500 UTC;0;973,6;973,9;973,4;0;21,7;18,7;22,2;21,3;18,9;18,6;88;82;85;108;3,8;2,7;
2026/02/05;0600 UTC;0;973,4;973,5;973,3;0;21;19,2;21,3;20,7;19,4;18,9;93;88;91;69;3,3;2,1;
2026/02/05;0700 UTC;0;973,2;973,4;973,1;0;20,5;19,3;20,8;20,3;19,5;19,1;96;92;94;100;3,4;1,9;
2026/02/05;0800 UTC;0;973,3;973,4;973,1;0;20,4;19,6;20,6;20,2;19,8;19,3;97;95;96;82;3,5;1,9;
2026/02/05;0900 UTC;0;973,5;973,7;973,3;0;20,7;19,4;20,8;20,3;19,8;18,3;97;88;94;56;4,7;2,8;
2026/02/05;1000 UTC;0;973,9;974,1;973,7;187,3;21,4;18,4;22,2;20,7;19;17,7;90;82;85;62;4,6;3,2;
2026/02/05;1100 UTC;0;974,3;974,7;974,1;881,8;23,1;18,8;23,8;22,2;19,4;18,3;85;73;78;101;3,8;2,2;
2026/02/05;1200 UTC;0;974,9;975;974,7;1744,2;25,2;18,5;26,7;23,7;19,5;17,6;79;57;66;55;6,2;4,1;
2026/02/05;1300 UTC;0;975;975,1;974,7;2548,9;27,3;18,5;28;26,7;20,4;17,4;62;52;56;86;5,2;3,2;
2026/02/05;1400 UTC;0;975;975,1;974,8;3157,9;29;19,9;29,9;28,1;22;18,6;61;50;55;99;5,8;2,9;
2026/02/05;1500 UTC;0;974,6;974,8;974,4;3584,7;30,5;20,6;31,2;29,8;21,9;19,4;59;44;50;73;5,7;3,6;
2026/02/05;1600 UTC;0;974,2;974,4;974,1;3769,1;31,9;20,8;32,6;31,2;22,5;19,3;54;38;45;94;5,3;2,8;
2026/02/05;1700 UTC;0;973,7;974;973,3;3654;32,8;21;33,5;32,4;22;20;47;36;41;94;5,1;3,1;
2026/02/05;1800 UTC;0;972,9;973,3;972,6;3392,5;33,7;21,7;34,1;33,2;22,6;20,2;45;34;40;45;7;3,2;
2026/02/05;1900 UTC;0;972,4;972,6;972,3;2341,4;33,8;20,9;34,4;33;22,5;19,7;43;32;36;275;4,3;2;
2026/02/05;2000 UTC;0;972,4;972,5;972,1;2312,1;34,4;21,1;34,9;34;22,1;20,4;39;30;34;202;3,7;1,8;
2026/02/05;2100 UTC;0;972,2;972,2;972,2;675,3;32,5;21,1;32,5;32,5;21,1;21,1;43;43;43;157;,7;,6;
2026/02/05;2200 UTC;0;972,7;972,7;972,7;193,9;31;20,6;31;31;20,6;20,6;48;48;48;124;1,3;1,1;
2026/02/05;2300 UTC;0;973,1;973,1;973,1;0;26,6;21,1;26,6;26,6;21,1;21,1;72;72;72;149;3,8;1,9;
2026/02/06;0000 UTC;0;973,4;973,4;973,4;0;25,2;21,5;25,2;25,2;21,5;21,5;82;82;82;133;4,6;3,6;
2026/02/06;0100 UTC;0;973,7;973,9;973,5;0;24,5;21,4;25,3;23,9;21,6;21;86;81;84;116;5,3;4,2;
2026/02/06;0200 UTC;0;973,4;973,7;973,1;0;23,1;20,2;23,8;22,7;20,9;19,5;87;83;85;126;4;3,2;
2026/02/06;0300 UTC;0;973;973,1;972,9;0;22,6;19,5;23;22,3;19,8;19,3;86;83;85;77;4,4;2,8;
2026/02/06;0400 UTC;0;972,7;972,9;972,4;0;22,7;19,7;23,6;22,2;20;19,5;87;82;85;99;3,5;1,9;
2026/02/06;0500 UTC;0;972,1;972,5;971,8;0;22,5;19,8;22,9;22,1;19,9;19,6;88;85;86;35;5,5;4,2;
2026/02/06;0600 UTC;0;971,7;971,8;971,6;0;22,4;19,6;22,9;21,7;19,8;19,5;89;84;86;297;3,1;2,1;
2026/02/06;0700 UTC;0;971,7;971,8;971,6;0;21,9;19,5;22,8;21,3;19,6;19,4;91;84;88;259;3;2,1;
2026/02/06;0800 UTC;0;972,1;972,3;971,8;0;22,1;19,1;22,4;21,7;19,4;19;88;83;85;280;2,6;2;
2026/02/06;0900 UTC;0;973;973,6;972,4;,1;21,7;19,5;22,6;21,1;20,3;19;92;86;89;248;4,9;3,6;
2026/02/06;1000 UTC;0;973,6;973,8;973,4;172;22,2;19,9;22,6;22;20,5;19,7;91;87;89;239;3;1,9;
2026/02/06;1100 UTC;0;974,5;974,9;973,6;537,7;22,4;20,7;22,9;22;21,1;20,3;94;87;92;205;4,5;2,5;
2026/02/06;1200 UTC;0;974,9;975,1;974,7;1672,9;24;21,2;25;22,5;21,8;20,9;93;80;86;212;5;2,5;
2026/02/06;1300 UTC;0;975,7;976;975,2;1578,1;24,3;21,4;24,9;23,7;21,9;21,1;89;82;86;180;6,1;3,3;
2026/02/06;1400 UTC;0;975,7;976;975,5;1543,5;24,2;21,4;24,9;23,6;22,3;21,1;90;83;86;161;8,1;4,2;
2026/02/06;1500 UTC;0;975,9;976,1;975,8;1530,3;23,9;21,4;24,6;22,7;21,9;21;92;84;88;160;9,6;5,9;
2026/02/06;1600 UTC;0;975,8;976;975,6;720,2;22,5;20,8;22,8;22,2;21,1;20,6;94;89;92;161;8,3;5,3;
2026/02/06;1700 UTC;0;975,7;975,9;975,6;878,9;22,8;20,3;23,3;22,3;21,1;19,9;93;83;87;159;8,9;6,3;
2026/02/06;1800 UTC;0;975,4;975,6;975,2;1027,8;21,9;20,7;22,5;21,4;21,3;20;97;87;94;144;8,1;6,1;
2026/02/06;1900 UTC;0;975,3;975,6;975,1;852,7;21,3;20;21,5;21,1;20,5;19,3;96;91;94;153;9,4;7,3;
2026/02/06;2000 UTC;0;975,1;975,3;974,8;560,6;21,2;18,8;21,3;21;19,5;18,4;92;86;88;140;9,2;6,8;
2026/02/06;2100 UTC;0;974,9;975,2;974,5;416,2;21,4;18,4;21,5;21,2;18,6;18,2;86;84;85;131;8,1;5,9;
2026/02/06;2200 UTC;0;975,2;975,6;974,5;234,1;21,5;18;21,7;21,1;18,4;17,4;84;82;83;137;8,9;6,5;
2026/02/06;2300 UTC;0;975,6;976,4;975,1;29,4;20,5;16,7;21,1;20,1;17,5;16,2;83;79;81;144;8,4;5,7;
2026/02/07;0000 UTC;0;976,2;976,6;975,9;0;19,8;16,1;20,1;19,4;16,3;15,9;83;80;82;135;9,2;6,6;
2026/02/07;0100 UTC;0;977;977,2;976,4;0;19,3;15,9;19,5;18,9;16;15,8;85;82;83;131;9,9;6,8;
2026/02/07;0200 UTC;0;977;977,4;976,5;0;18,6;15,9;18,9;18,5;16,2;15,5;88;85;86;122;9,2;6,8;
2026/02/07;0300 UTC;0;977,2;977,5;976,8;0;18,2;15,3;18,5;17,9;15,6;15,1;87;84;86;128;8,3;5,4;
2026/02/07;0400 UTC;0;977;977,3;976,8;0;17,7;15;17,9;17,5;15,3;14,6;88;85;87;126;6,5;4,3;
2026/02/07;0500 UTC;0;976,7;977;976,4;0;17;14,7;17,5;16,6;14,9;14,5;92;85;88;110;3,7;3;
2026/02/07;0600 UTC;0;976,3;976,5;976,1;0;16,4;15,2;16,8;16,2;15,4;14,9;95;92;94;118;3,5;2,8;
2026/02/07;0700 UTC;0;976,1;976,3;976;0;16,7;15,3;16,8;16,2;15,5;15;94;92;93;116;3,5;2,7;
2026/02/07;0800 UTC;0;976,5;976,8;976,3;0;16,2;14,9;16,6;15,9;15,2;14,5;95;92;94;117;2,9;2,2;
2026/02/07;0900 UTC;0;976,7;976,8;976,5;0;15,9;14,5;16,1;15,8;14,7;14,3;94;91;93;148;5,3;4,4;
2026/02/07;1000 UTC;0;977,4;978;976,8;185;16,6;14,3;17,7;16,1;14,6;14,1;91;84;88;149;5;4;
2026/02/07;1100 UTC;0;978,2;978,5;977,9;898,1;18,6;14,8;19,8;17,7;15,3;14,4;85;75;81;122;4,6;3,3;
2026/02/07;1200 UTC;0;978,5;978,7;978,3;1816,2;20,7;15;21,7;19,8;15,8;14,4;78;67;72;93;5,1;3,2;
2026/02/07;1300 UTC;0;978,7;978,9;978,6;2675,5;22,1;15,3;22,9;21,3;16,2;14;71;57;66;103;5;2,8;
2026/02/07;1400 UTC;0;978,8;978,9;978,6;3324,3;23,3;13,6;24;22,3;15,9;11,8;66;40;52;139;7;4,6;
2026/02/07;1500 UTC;0;978,6;978,7;978,4;3795,3;24,5;13,5;25,1;24;15,1;11,9;54;35;45;131;5,6;3,7;
2026/02/07;1600 UTC;0;978,3;978,5;978,2;3976,4;25,5;12,9;26;24,9;14,3;11,6;47;32;37;110;7,7;4,4;
2026/02/07;1700 UTC;0;977,9;978,2;977,5;3886;26,3;13,2;27;25,5;14,5;11,7;43;27;34;121;8,6;5,3;
2026/02/07;1800 UTC;0;977,5;977,6;977,1;3557,3;26,8;13,2;27,2;26,4;14,3;12,1;38;27;32;123;8,9;6,5;
2026/02/07;1900 UTC;0;977,1;977,4;976,8;3062,7;26,8;13,2;27,2;26,6;14,2;12,2;37;26;32;111;9,5;6,9;
2026/02/07;2000 UTC;0;976,7;977;976,4;2330,4;26,6;13,5;27;26,3;14,4;12,7;39;31;34;99;8,6;5,8;
2026/02/07;2100 UTC;0;976,5;976,6;976,2;1456,2;25,8;13,3;26,3;25,3;13,8;12,8;42;34;38;109;7,4;5,4;
2026/02/07;2200 UTC;0;976,8;977;976,5;608,3;24,3;13,3;25,3;22,9;13,7;13;52;40;45;116;5,2;3,5;
2026/02/07;2300 UTC;0;977;977,1;976,9;47,3;20,4;11,9;22,8;19;13,2;10,9;61;52;57;110;3,5;2,7;
2026/02/08;0000 UTC;0;977,2;977,3;977,1;0;18,9;11,7;19,2;18,5;12,6;10,9;70;59;64;89;5,4;4,2;
2026/02/08;0100 UTC;0;977,5;977,7;977,2;0;18,4;13,1;18,9;17,8;13,3;12,9;77;71;74;64;6,6;4,5;
2026/02/08;0200 UTC;0;977,9;978;977,8;0;17,4;13,1;17,8;16,9;13,2;13;81;77;79;67;4,8;2,8;
2026/02/08;0300 UTC;0;977,9;978;977,8;0;16,8;13,3;17,1;16,4;13,5;13;84;81;83;62;4,9;2,3;
2026/02/08;0400 UTC;0;977,8;977,9;977,8;0;16,8;13,6;17,5;16;13,8;13,1;87;81;84;37;4,6;3;
2026/02/08;0500 UTC;0;977,6;977,8;977,3;0;16,7;13,5;17;16,3;13,7;13,3;85;83;84;22;5,6;3,4;
2026/02/08;0600 UTC;0;977,1;977,3;977;0;16;13,3;16,5;15,8;13,5;13,1;87;85;86;23;4,8;3,3;
2026/02/08;0700 UTC;0;977;977,1;976,9;0;16,1;13,4;16,3;15,9;13,5;13,2;87;85;86;20;5,2;3,4;
2026/02/08;0800 UTC;0;977,1;977,1;976,9;0;15,9;13;16,3;15,7;13,2;12,8;87;83;85;17;4;3,1;
2026/02/08;0900 UTC;0;977,2;977,3;977,1;0;15,7;12,8;16,3;15,4;13,1;12,6;86;84;85;37;4,7;3,2;
2026/02/08;1000 UTC;0;977,5;977,9;977,3;188;16,4;13;17,3;15,9;13,6;12,6;84;81;83;314;2,6;1,4;
2026/02/08;1100 UTC;0;978,1;978,3;977,9;907,7;18,6;13,8;20;17,3;14,4;12,6;82;64;76;53;4,5;3;
2026/02/08;1200 UTC;0;978,6;978,9;978,4;1799,5;20,6;13,7;21,5;19,9;14,9;12,4;72;55;65;274;3,7;1,9;
2026/02/08;1300 UTC;0;979;979,1;978,9;2626;22,9;13,3;24,5;21,5;14,6;12,2;61;42;52;63;4,5;1,9;
2026/02/08;1400 UTC;0;979,1;979,2;979;3251,6;25,2;13,1;25,8;24,3;14,1;12,1;49;33;40;72;6,4;4,1;
2026/02/08;1500 UTC;0;978,9;979,1;978,5;3701,4;26;13,8;26,4;25,5;14,8;12,6;44;34;39;90;6,5;3,6;
2026/02/08;1600 UTC;0;978,4;978,6;978;3892,8;26,6;14,6;26,9;26,1;15,9;13,6;45;35;40;82;7,4;3,9;
2026/02/08;1700 UTC;0;977,7;978,1;977,3;3840;26,7;14,5;27,2;26,2;15,9;13,2;48;35;39;82;7,1;4;
2026/02/08;1800 UTC;0;977,1;977,4;976,7;3275,6;27,3;15,5;28;26,1;17,1;14,1;48;35;41;118;7,7;4,9;
2026/02/08;1900 UTC;0;976,6;976,8;976,4;2997,5;27,3;15,4;27,8;26;16,3;14,5;45;36;40;84;7,5;4,7;
2026/02/08;2000 UTC;0;976,3;976,5;975,9;1899,7;27,1;15,2;27,8;25,9;15,8;14,3;44;38;41;112;8,5;6,4;
2026/02/08;2100 UTC;0;975,7;976;975,4;1498,1;26,7;15,1;27,2;26,1;16,2;14,4;50;39;42;107;8,5;5,9;
2026/02/08;2200 UTC;0;975,6;975,8;975,4;611,9;24,9;14,6;26,4;23,6;16,4;13,5;52;45;48;97;7,1;5;
2026/02/08;2300 UTC;0;975,8;975,9;975,7;44,2;21,8;13,6;23,6;20,8;14,3;13,1;67;50;59;110;6,8;5,4;
2026/02/09;0000 UTC;0;976,1;976,4;975,9;0;20,3;14,7;20,7;19,8;14,9;14,2;74;68;72;100;8,2;5,5;
2026/02/09;0100 UTC;0;976,5;976,7;976,3;0;20;14,9;20,1;19,7;15,2;14,5;77;72;75;83;8,8;6,8;
2026/02/09;0200 UTC;0;976,4;976,6;976,3;0;19,5;15,3;19,8;19,3;15,4;15,2;81;77;79;77;9,3;6,8;
2026/02/09;0300 UTC;0;976,3;976,4;976,1;0;18,4;15,3;19,2;17,5;15,4;15,2;88;81;84;71;5,7;3,7;
2026/02/09;0400 UTC;0;976;976,2;975,7;0;17,4;15,1;17,5;17,3;15,2;14,9;89;87;88;75;6,4;4,4;
2026/02/09;0500 UTC;0;975,5;975,8;975,3;0;17,1;14,8;17,4;16,8;15;14,7;89;88;89;78;6,1;3,9;
2026/02/09;0600 UTC;0;975,1;975,3;974,9;0;16,7;14,5;16,8;16,5;14,6;14,5;90;89;89;88;5,5;3,9;
2026/02/09;0700 UTC;0;974,9;975,2;974,7;0;16,3;14,5;16,5;16,1;14,6;14,4;92;90;91;83;5,5;3,8;
2026/02/09;0800 UTC;0;974,7;974,9;974,5;0;15,9;14,5;16,2;15,6;14,6;14,2;94;91;93;91;4;2,6;
2026/02/09;0900 UTC;0;974,9;975;974,7;0;15,9;14,6;16,1;15,6;14,8;14,3;95;93;94;92;5,1;3,3;
2026/02/09;1000 UTC;0;975;975,2;974,9;191,2;16,7;14,8;18,1;15,7;15,5;14,5;94;87;90;92;6,4;4,4;
2026/02/09;1100 UTC;0;975;975,3;974,7;880,5;19,6;16,2;20,8;18,2;16,8;15,6;87;79;83;85;9,2;6,2;
2026/02/09;1200 UTC;0;975,1;975,3;974,8;1557,7;21,5;17,1;22,2;20,8;17,8;16,7;82;75;78;73;11,4;8,1;
2026/02/09;1300 UTC;0;975,2;975,4;974,9;2459,1;23;17,5;23,9;21,8;18,1;17;78;68;73;74;11,1;8;
2026/02/09;1400 UTC;0;975,4;975,5;975,3;3093,1;24,5;18,3;25,3;23,4;19,2;17,8;73;65;69;65;9;6,1;
2026/02/09;1500 UTC;0;975,2;975,5;974,6;3666,4;25,8;19;26,6;25;19,6;18,1;70;62;66;88;9,3;5,4;
2026/02/09;1600 UTC;0;974,7;974,8;974,2;3846,1;26,8;19,2;28,1;25,8;20,2;18,5;67;54;62;65;8,5;3,9;
2026/02/09;1700 UTC;0;973,8;974,2;973,4;3021,4;27,2;19,3;28,2;26,3;20,4;18,3;65;57;61;102;8;4,8;
2026/02/09;1800 UTC;0;973,1;973,4;972,5;2756,1;28;19,4;28,7;27,2;20,7;18,6;62;53;57;88;7,7;5,3;
2026/02/09;1900 UTC;0;972,4;972,7;972,1;2727,1;28,7;19,8;29,3;27,7;20,6;19,1;59;52;55;84;6,8;3,7;
2026/02/09;2000 UTC;0;971,9;972,1;971,6;1818;28,6;19,7;29,4;27,7;20,4;19,3;59;51;55;85;6,7;4,7;
2026/02/09;2100 UTC;0;971,4;971,6;971,2;1369,6;28,3;20,1;29;27,7;20,5;19,7;64;54;59;80;9;6,1;
2026/02/09;2200 UTC;0;971,6;972,1;971,2;340,8;26;20,1;27,5;25,2;20,2;19,9;75;63;70;88;8,3;5,2;
2026/02/09;2300 UTC;0;972,2;972,3;971,8;44,4;24;20;25,1;23,3;20,1;20;84;75;80;101;8,4;6,3;
2026/02/10;0000 UTC;0;972,5;972,7;972,2;0;22,8;20,1;23,3;22,5;20,2;20;89;84;86;97;8,7;6,4;
2026/02/10;0100 UTC;0;972,9;973;972,6;0;22,2;20,3;22,5;22;20,4;20,2;92;89;90;94;7,9;5,3;
2026/02/10;0200 UTC;0;972,9;973;972,7;0;21,9;20,4;22,1;21,6;20,5;20,4;94;92;93;97;7,4;4,8;
2026/02/10;0300 UTC;0;972,9;972,9;972,7;0;21,6;20,5;21,6;21,5;20,6;20,5;95;94;95;109;6,2;4,1;
2026/02/10;0400 UTC;0;972,8;973;972,5;0;21,6;20,4;21,6;21,5;20,5;20,2;95;93;94;78;6,7;4,7;
2026/02/10;0500 UTC;0;972,3;972,6;972;0;21,2;20,2;21,5;20,7;20,3;20;97;93;95;109;5;3,5;
2026/02/10;0600 UTC;0;972;972,2;971,9;0;20,6;20,2;20,7;20,5;20,2;20;99;97;98;105;3,5;2,5;
2026/02/10;0700 UTC;0;971,6;971,9;971,3;0;20,6;20,2;20,7;20,4;20,2;20;98;97;98;104;4,7;3,6;
2026/02/10;0800 UTC;0;971,4;971,5;971,3;0;20,3;20,1;20,4;20,1;20,2;20;99;99;99;119;2,9;2,3;
2026/02/10;0900 UTC;0;971,3;971,4;971,2;0;20,1;20;20,2;20,1;20;19,9;99;99;99;125;3,3;2,4;
2026/02/10;1000 UTC;0;971,5;971,7;971,3;174,2;20,3;20;21;20;20,4;19,8;99;97;99;123;2,8;2,1;
2026/02/10;1100 UTC;0;971,8;971,9;971,7;578,6;22;20,5;22,6;21;20,8;20,2;97;89;93;110;2,1;1,4;
2026/02/10;1200 UTC;0;971,9;972;971,8;946,7;23,9;20,6;25;22,7;21,2;20,2;90;76;84;91;3,3;1,5;
2026/02/10;1300 UTC;0;972;972,1;971,9;2098,6;26,4;20,8;27,9;24,9;21,8;20,1;78;65;72;60;3,7;2;
2026/02/10;1400 UTC;0;972,1;972,2;972,1;3232,1;28,7;21,4;29,6;27,5;22,5;20,3;72;59;64;90;5,9;3;
2026/02/10;1500 UTC;0;971,8;972,1;971,4;3351;29,6;21,3;30,8;29,1;22,6;19,7;65;45;58;122;3,1;1,5;
2026/02/10;1600 UTC;0;971,2;971,4;971;1946,5;30,3;21;31,3;29,8;22,6;19,6;61;45;54;263;2,6;1,3;
2026/02/10;1700 UTC;0;970,5;971;970,3;2164,1;30,5;21;31,3;30;22;20,2;55;48;52;70;3;1,4;
2026/02/10;1800 UTC;0;969,9;970,3;969,5;2410,6;31,6;21,5;32,6;30,2;23;20,5;55;44;49;44;3,8;2,6;
2026/02/10;1900 UTC;0;969,2;969,6;968,9;1802,8;31,7;21,2;32,9;30,9;22,8;20,4;52;42;48;296;3;1,4;
2026/02/10;2000 UTC;0;968,8;969;968,7;1068,5;31,5;21,3;33;30,4;22,3;20,4;59;41;49;124;5,1;2,3;
2026/02/10;2100 UTC;0;968,7;968,8;968,6;932,2;30,6;21,9;32;29,3;22,9;21;64;49;56;224;3,8;1,9;
2026/02/10;2200 UTC;0;968,7;968,7;968,7;229,5;27,5;20,5;27,5;27,5;20,5;20,5;65;65;65;26;2,9;2,5;
2026/02/10;2300 UTC;0;969,4;969,4;969,4;0;25,7;19,8;25,7;25,7;19,8;19,8;70;70;70;106;1,3;,9;
2026/02/11;0000 UTC;0;969,5;969,5;969,5;0;25,3;19,7;25,3;25,3;19,7;19,7;72;72;72;184;1,6;1,3;
2026/02/11;0100 UTC;0;969,6;969,7;969,5;0;25,4;19,9;25,8;25,1;20,1;19,7;74;71;72;285;1,7;,8;
2026/02/11;0200 UTC;0;969,6;969,7;969,5;0;24,3;20,1;25,4;23,1;20,5;19,7;84;74;79;206;4,2;1,7;
2026/02/11;0300 UTC;0;969,4;969,5;969,3;0;24,6;20,2;25;24,1;20,3;20,1;81;76;78;322;1,9;1,3;
2026/02/11;0400 UTC;0;969,2;969,4;969,1;0;24,2;20,8;24,6;23,5;21;20,2;87;80;83;302;3,3;1,9;
2026/02/11;0500 UTC;0;968,6;969,1;968,1;0;23,9;21;24,3;23,4;21,1;20,9;88;83;86;322;2,7;1,6;
2026/02/11;0600 UTC;0;968,1;968,2;967,9;0;22,8;20,9;23,3;22,5;21,1;20,7;92;89;91;323;2,7;1,6;
2026/02/11;0700 UTC;0;968,2;968,5;968,1;0;22,7;20,7;23,1;22,4;21;20,5;92;87;90;302;2,9;1,3;
2026/02/11;0800 UTC;0;968,6;968,9;968,5;0;22,8;20,6;23,1;22,3;20,7;20,3;91;87;89;321;3,4;2;
2026/02/11;0900 UTC;0;969,2;969,5;968,9;0;22,4;20,2;22,9;22,1;20,6;20;92;87;89;331;3,1;2,1;
2026/02/11;1000 UTC;0;969,9;970,2;969,5;159,5;22,7;20;23,5;22,3;20,2;19,9;89;83;87;333;2,8;1,6;
2026/02/11;1100 UTC;0;970,7;971,4;970,2;831,5;24,6;20,4;25,3;23,5;20,9;20;83;76;79;329;6;3,7;
2026/02/11;1200 UTC;0;971,6;971,8;971,4;1701,9;26,4;20,9;28;25,1;21,4;20,6;78;64;73;323;6,1;4;
2026/02/11;1300 UTC;0;972;972,2;971,8;2523,4;29,2;21,2;30,3;28;21,9;20,6;66;57;60;301;6,9;4,6;
2026/02/11;1400 UTC;0;972;972,2;971,8;3147,4;31,3;21,6;32,5;30,3;22,3;20,2;59;39;51;317;10,6;6,7;
2026/02/11;1500 UTC;0;971,9;972;971,6;3615,3;32,9;20,7;33,4;32,5;21,2;20,2;42;36;39;290;12,6;9,3;
2026/02/11;1600 UTC;0;971,7;972;971,3;2645;32,8;21;33,9;31,8;21,8;20,1;45;37;41;288;11,6;8;
2026/02/11;1700 UTC;0;971,4;971,6;971,2;3497,6;33,8;21,7;34,4;32,7;22,6;20,4;43;36;39;274;10,6;6,4;
2026/02/11;1800 UTC;0;971,3;971,5;971,2;2001,6;33,2;21;34,3;32,5;22;20,2;41;36;39;266;8,2;5;
2026/02/11;1900 UTC;0;971,1;971,2;971;1533;33,3;20,9;34,2;32,7;21,9;20,3;41;35;38;268;7,7;4,1;
2026/02/11;2000 UTC;0;970,9;971;970,8;1578,4;33,9;21,2;34,7;32,9;21,9;20,3;39;33;36;292;8,5;5,4;
2026/02/11;2100 UTC;0;971,1;971,1;971,1;911,2;33,9;21,1;33,9;33,9;21,1;21,1;36;36;36;257;3;2,4;
2026/02/11;2200 UTC;0;971,3;971,3;971,3;104,2;31,8;20,4;31,8;31,8;20,4;20,4;43;43;43;195;1,1;,9;
2026/02/11;2300 UTC;0;972,3;972,3;972,3;2,9;26;21,2;26;26;21,2;21,2;76;76;76;150;8;6,7;
2026/02/12;0000 UTC;0;972,5;972,5;972,5;0;24;21,4;24;24;21,4;21,4;87;87;87;124;7,7;6,6;
2026/02/12;0100 UTC;0;972,7;973,3;972,3;0;23,8;21;24;23,7;21,3;20,6;87;84;86;141;10,5;7,8;
2026/02/12;0200 UTC;0;973,2;973,6;972,8;0;23,4;20,4;23,7;23,3;20,7;20,2;86;84;85;127;9,1;7,1;
2026/02/12;0300 UTC;1;973,5;974,9;972,7;,9;23,1;20,8;23,3;22,4;21,3;20,3;95;85;89;244;13,6;9;
2026/02/12;0400 UTC;,2;974;974,9;973,4;0;22,1;20,9;22,8;21,9;21,4;19,9;97;88;94;164;11,4;7,9;
2026/02/12;0500 UTC;0;973,2;973,9;972,6;0;21,3;20,6;21,8;20,9;21,2;20,2;98;95;96;131;6,8;5,3;
2026/02/12;0600 UTC;0;972,7;973;972,5;0;21,3;20,8;21,7;21;21,1;20,5;98;96;97;142;10,3;6,8;
2026/02/12;0700 UTC;0;972,3;972,6;971,9;0;21,1;20,8;21,3;21,1;21,3;20,5;100;97;98;130;6,8;5,2;
2026/02/12;0800 UTC;0;971,8;972;971,6;0;21,4;21,5;21,5;21,3;21,5;21,4;100;100;100;123;10,1;7,2;
2026/02/12;0900 UTC;0;972;972,3;971,8;0;21,2;21,3;21,5;21;21,6;21;100;100;100;118;8,3;6,5;
2026/02/12;1000 UTC;0;972,3;972,8;971,8;19,6;21,6;21,7;21,8;21,3;21,8;21,3;100;100;100;164;8,2;6,1;
2026/02/12;1100 UTC;0;972,4;972,8;971,9;56,1;20,2;20,2;21,3;19,8;21,4;19,7;100;99;100;116;7,1;4,8;
2026/02/12;1200 UTC;0;971,6;972,2;971,2;29,1;20;19;20,4;19,8;19,7;18,5;99;91;95;96;6,6;4,4;
2026/02/12;1300 UTC;21,2;974,4;975,3;971,8;15,8;19,1;18,7;20,5;18,6;19,1;18,3;100;91;98;222;14,1;7,5;
2026/02/12;1400 UTC;3,8;974,2;974,8;973,6;84,6;17,6;17,5;19,3;17;19,1;17;100;98;99;162;10,2;7,3;
2026/02/12;1500 UTC;,4;973,5;974;973,2;627,9;17,9;17,8;18,7;17,2;18,3;17,3;100;96;99;225;6,1;2,9;
2026/02/12;1600 UTC;2,4;975;975,9;974;306,8;18,5;18,1;18,9;18,1;18,6;17,6;100;95;98;193;5,5;1,7;
2026/02/12;1700 UTC;,2;974,6;975,4;974;560,2;19,2;18,8;19,5;18,8;19,3;18,3;99;96;98;295;7;4,5;
2026/02/12;1800 UTC;1,2;974,9;975,5;974;396,6;18,8;18,5;19,1;18,5;18,9;18,2;100;96;99;280;6,9;3,9;
2026/02/12;1900 UTC;0;973,7;974;973,6;484,9;18,9;18,5;19;18,8;18,8;18,2;99;96;98;294;8,2;4,4;
2026/02/12;2000 UTC;0;974,3;974,6;973,7;350,1;19,2;18,7;19,6;18,9;19;18,5;99;96;98;330;6,3;4,7;
2026/02/12;2100 UTC;0;973,7;974,1;973,3;472,5;19,6;18,9;19,7;19,5;19,1;18,7;98;95;97;316;6,5;4;
2026/02/12;2200 UTC;0;972,6;973,3;971,7;128,8;19,4;18,8;19,5;19,3;19,1;18,4;98;95;97;319;2,4;1,7;
2026/02/12;2300 UTC;0;973,7;974,1;972,7;4;19,4;18,5;20,1;19,2;18,9;16,9;98;86;95;245;5,2;2,3;
2026/02/13;0000 UTC;0;974,5;975,3;973,8;0;19,1;18,8;19,2;19;19;18,7;100;98;99;280;6;3,9;
2026/02/13;0100 UTC;0;975,6;976,3;974,7;0;19,2;18,8;19,3;19;18,9;18,6;99;96;98;170;3,7;2,2;
2026/02/13;0200 UTC;0;975,7;976,2;975,4;0;18,9;18,8;19,1;18,7;18,9;18,6;100;98;99;79;4,3;2,7;
2026/02/13;0300 UTC;0;975,4;975,8;974,7;0;19,3;17,6;19,9;18,6;18,3;17,2;98;87;91;305;3,3;2,6;
2026/02/13;0400 UTC;0;975,4;975,8;975,1;0;19;17,7;20;18,4;18,3;16,6;99;83;94;40;5,1;3,9;
2026/02/13;0500 UTC;0;975,6;975,8;975,2;0;19,3;16,9;20;18,4;17,3;16,4;95;82;88;292;2,8;2,6;
2026/02/13;0600 UTC;0;975,7;975,9;975,5;0;17,9;17,6;18,4;17,6;17,8;17,4;100;95;99;274;2,2;1,8;
2026/02/13;0700 UTC;0;975,4;975,6;975,2;0;18,3;17,1;18,7;17,8;17,7;16,6;100;90;94;273;2,7;1,8;
2026/02/13;0800 UTC;0;975,4;975,5;975,2;0;17,9;17,2;18,6;17,4;17,6;16,6;100;91;97;296;3,6;2,5;
2026/02/13;0900 UTC;0;975,6;975,9;975,4;0;17,4;17,4;17,8;17,1;17,7;17,1;100;99;100;246;3,7;2,9;
2026/02/13;1000 UTC;0;976,2;976,5;975,9;154,1;18;17,6;18,9;17,4;18;17,3;100;94;98;235;5;3;
2026/02/13;1100 UTC;0;977,1;977,7;976,5;900,8;19,7;17,8;20,7;18,9;18,7;16,9;96;83;91;236;4,4;2,4;
2026/02/13;1200 UTC;0;978,2;978,7;977,7;1706,8;21,4;17,9;22;20,8;18,7;17,2;87;80;83;211;5,7;3,3;
2026/02/13;1300 UTC;0;979,2;979,5;978,7;2521,8;22,9;18,7;23,8;22;19,8;17,8;85;73;79;164;7,6;3,3;
2026/02/13;1400 UTC;,2;979,8;980,3;979,5;2815,1;23,9;18,9;24,3;23,4;19,7;18,3;80;72;75;189;9;4,2;
2026/02/13;1500 UTC;0;980,3;980,6;980,1;3274,3;24;19,2;24,6;23,6;20,1;18,4;81;72;76;173;9,4;5,5;
2026/02/13;1600 UTC;0;980,1;980,2;979,7;3362,7;24,4;19,6;24,9;23,7;20,2;18,7;80;72;76;157;10,6;6,3;
2026/02/13;1700 UTC;0;980,1;980,2;979,9;2259,3;24,6;19,5;25,7;23,9;20,5;18,7;79;70;75;159;11;7,5;
2026/02/13;1800 UTC;0;979,9;980,1;979,5;3282,4;25,1;19,5;26,2;24,1;20,5;18,9;77;67;72;145;9,7;7,3;
2026/02/13;1900 UTC;0;979,8;979,9;979,6;2542,9;24,8;18,9;25,9;23,8;19,6;18,1;75;66;70;146;10,4;7;
2026/02/13;2000 UTC;0;979,5;979,8;978,9;1471,4;23,9;18,4;25;22,7;19;18;78;67;72;133;11,7;8,2;
2026/02/13;2100 UTC;0;979,4;979,7;978,8;1054,6;22,7;18,2;23,4;22;18,6;17,9;80;74;77;131;11,2;7,3;
2026/02/13;2200 UTC;0;980;980,2;979,7;413,7;21,2;17,2;22,2;20,3;18,1;16,7;83;78;80;138;12,2;7,6;
2026/02/13;2300 UTC;0;980,5;980,9;980;16,7;19,8;16,7;20,2;19,3;17,1;16,2;85;83;84;131;7,7;5,6;
2026/02/14;0000 UTC;0;981,3;981,7;980,9;0;19;16,2;19,3;18,7;16,5;15,9;87;84;86;132;8,2;6;
2026/02/14;0100 UTC;0;982,1;982,7;981,7;0;18,5;15,9;18,6;18,3;16,1;15,7;88;86;87;134;8,1;5,8;
2026/02/14;0200 UTC;0;982,6;982,8;982,3;0;18,2;15,5;18,5;17,8;15,8;15,1;88;86;87;126;8,3;5,9;
2026/02/14;0300 UTC;0;982,7;983,1;982,4;0;17,8;15,2;17,9;17,6;15,3;15,1;88;86;87;131;7,2;4,8;
2026/02/14;0400 UTC;0;982,5;982,9;982,1;0;17,1;15,3;17,6;16,9;15,4;15,2;92;88;91;137;6,1;4,7;
2026/02/14;0500 UTC;0;981,8;982,2;981,5;0;16,7;15,1;16,9;16,5;15,3;15;93;91;92;138;6,8;5,6;
2026/02/14;0600 UTC;0;981,1;981,5;980,8;0;16,4;15;16,6;16;15,1;14,9;94;92;93;138;7,1;5,4;
2026/02/14;0700 UTC;0;980,5;980,8;980,3;0;15,9;14,7;16;15,6;14,9;14,5;95;94;94;132;7,4;5,1;
2026/02/14;0800 UTC;0;980,9;981;980,7;0;15,7;14,4;15,9;15,6;14,5;14,3;95;92;94;142;6;4,8;
2026/02/14;0900 UTC;0;981,1;981,4;980,9;0;15,4;14,2;15,5;15,1;14,3;14;95;93;94;143;6,4;5,4;
2026/02/14;1000 UTC;0;981,7;982;981,2;63,7;15,5;14,2;16;15,1;14,4;14,1;95;92;93;131;5,4;4,3;
2026/02/14;1100 UTC;0;982,3;982,7;981,9;336,6;16,6;14,5;17;16;14,8;14,3;92;87;90;128;6,6;4,6;
2026/02/14;1200 UTC;0;982,7;982,8;982,6;1279,4;18,4;14,9;19,9;17;15,6;14,5;89;74;83;123;8,7;6,4;
2026/02/14;1300 UTC;0;982,9;983,1;982,7;1723,2;20,1;15,4;20,9;19,3;16,3;14,5;79;74;76;117;9,3;6,5;
2026/02/14;1400 UTC;0;982,9;983;982,6;2349,7;21,5;16,1;23,3;20,4;17,4;15,4;78;66;73;97;8,9;5,9;
2026/02/14;1500 UTC;0;982,5;982,7;982,2;2768,2;22,8;16,4;24,2;21,8;17,4;15,8;75;61;68;98;9,3;6,3;
2026/02/14;1600 UTC;0;981,8;982,3;981,5;3174,2;23,7;16,3;24,6;22,7;17,4;15,5;71;56;63;103;8,3;5,8;
2026/02/14;1700 UTC;0;981,2;981,5;981;2960,1;24,1;16,2;25;23,3;17,3;15,6;64;55;60;116;10;6,4;
2026/02/14;1800 UTC;0;980,8;981,2;980,3;3521,3;24,8;16,5;25,4;23,7;17,6;15,5;62;55;59;98;11;7,6;
2026/02/14;1900 UTC;0;979,9;980,4;979,5;2692,8;24,5;16,2;25,1;24;17,2;15,6;62;54;59;99;9,5;6,6;
2026/02/14;2000 UTC;0;979,4;979,6;979,2;1862,4;24,1;16;25,2;23,2;17;15,5;63;55;59;97;10,2;7,2;
2026/02/14;2100 UTC;0;979,3;979,5;979,1;1263,9;23,3;15,8;23,9;22,7;16,3;15,3;66;60;62;101;10,2;7,1;
2026/02/14;2200 UTC;0;979,4;979,6;979,2;501,3;21,8;15,3;23,2;20,7;16;15;72;62;68;98;9,8;6,3;
2026/02/14;2300 UTC;0;979,5;979,8;979,3;23,6;19,7;15;20,6;19,1;15,3;14,8;79;73;77;92;8,8;6,3;
2026/02/15;0000 UTC;0;979,5;979,8;979;0;18,5;15,1;19,2;18;15,2;15;86;79;83;96;8,5;6,1;
2026/02/15;0100 UTC;0;979,4;979,5;979,1;0;17,7;15,3;17,9;17,5;15,4;15,2;89;86;88;93;8,8;5,9;
2026/02/15;0200 UTC;0;979,2;979,4;979;0;17,5;15,5;17,7;17,4;15,7;15,3;91;88;90;87;7,2;5,3;
2026/02/15;0300 UTC;0;978,9;979,2;978,8;0;17,6;15,8;17,8;17,3;15,9;15,7;93;90;91;100;6,3;4,6;
2026/02/15;0400 UTC;0;978,7;978,9;978,5;0;17,6;16,1;17,9;17,2;16,3;15,8;94;92;93;93;5,8;3,8;
2026/02/15;0500 UTC;0;978;978,5;977,5;0;17,6;16,1;17,8;17,4;16,3;15,9;94;90;93;94;7;5,2;
2026/02/15;0600 UTC;0;977,1;977,5;976,6;0;17,8;16;17,9;17,6;16,2;15,9;93;90;91;96;8,1;5,2;
2026/02/15;0700 UTC;0;976,5;976,8;976,3;0;17,8;16,4;17,8;17,6;16,6;16,1;94;93;93;80;8,6;5,9;
2026/02/15;0800 UTC;0;976,4;976,6;976,2;0;17,7;16,7;18;17,5;17;16,5;96;94;95;87;7,4;5,1;
2026/02/15;0900 UTC;0;976,6;976,8;976,4;0;18,1;17,2;18,2;18;17,3;17;97;95;95;85;8,5;6,2;
2026/02/15;1000 UTC;0;977;977,1;976,7;82,5;18,6;17,7;19,2;18;18;17,3;97;94;96;80;8,4;5,9;
2026/02/15;1100 UTC;0;977,3;977,7;976,9;749,9;20,2;18,4;21,2;19,3;18,9;18;94;88;91;72;9,6;6,5;
2026/02/15;1200 UTC;0;977,6;977,8;977,5;1372,9;21,8;19,1;22,6;21,2;19,6;18,7;89;83;87;62;10,5;7,5;
2026/02/15;1300 UTC;0;977,6;977,7;977,4;2302,7;23,4;19,7;24,6;22,6;20,3;19,2;86;77;81;52;10,1;6,8;
2026/02/15;1400 UTC;0;977,2;977,4;976,8;2973,4;25,6;20,7;26,7;24,2;21,6;19,7;80;72;75;54;8;5,6;
2026/02/15;1500 UTC;0;976,5;976,8;976,2;3240,2;27,7;21,3;28,6;26,5;21,9;20,8;73;64;68;36;9;5,8;
2026/02/15;1600 UTC;0;975,9;976,3;975,6;2912,7;28,4;21,5;29,4;27,6;22,5;20,8;70;61;66;55;7,4;4,9;
2026/02/15;1700 UTC;0;975,2;975,6;974,9;2157,9;28,3;21,8;29,4;27,7;22,8;21;71;64;67;67;8,2;5,2;
2026/02/15;1800 UTC;0;974,7;975;974,5;2155,8;28,7;22,1;29,7;28;23;21,4;70;63;67;66;6,4;4,8;
2026/02/15;1900 UTC;0;974,1;974,5;973,5;2453,5;28,7;22,6;30,3;27,4;23,7;21,8;79;62;70;89;6,5;4,9;
2026/02/15;2000 UTC;0;973,2;973,5;972,9;1449,3;28,2;22,5;29,1;27,2;23,3;22,1;76;67;71;71;7,6;5,4;
2026/02/15;2100 UTC;,6;973,3;973,8;972,8;169,2;26;22,6;27,2;24;23,3;22,2;96;75;83;156;4,4;2,2;
2026/02/15;2200 UTC;0;973,5;973,9;973;188,6;22,7;21,4;24;22;23,4;19,8;98;89;94;71;6,6;4,7;
2026/02/15;2300 UTC;0;974;974,3;973,7;25,7;22,1;21,2;22,8;21,6;22,6;20;99;90;96;133;6,5;4;
2026/02/16;0000 UTC;0;974,3;974,8;974;0;22,5;22;23;21,6;22,8;20,9;99;95;97;113;7,1;4,7;
2026/02/16;0100 UTC;0;975;975;974,8;0;21,3;21;21,6;21,2;21,2;20,8;100;97;98;110;4,4;2,7;
2026/02/16;0200 UTC;0;975;975,2;974,9;0;21,3;21,4;21,5;21,1;21,6;21,1;100;100;100;67;6,6;4,1;
2026/02/16;0300 UTC;0;974,7;975;974,4;0;21,6;21,5;21,7;21,5;21,7;21,3;100;98;99;51;5;3,2;
2026/02/16;0400 UTC;0;974,1;974,7;973,6;0;21,5;21;21,7;21,2;21,2;20,8;98;97;97;276;4,8;2,3;
2026/02/16;0500 UTC;0;973,6;973,9;973,3;0;21,2;21;21,6;21;21,2;20,8;99;97;99;305;3,8;2,7;
2026/02/16;0600 UTC;0;973,2;973,4;973;0;21,1;21;21,4;21;21,2;20,8;100;99;99;292;5,2;3,6;
2026/02/16;0700 UTC;0;972,7;973;972,5;0;21;21,1;21,1;21;21,2;21;100;100;100;293;7,7;5,7;
2026/02/16;0800 UTC;0;972,8;973,4;972,4;0;21,2;21,3;21,3;21,1;21,4;21,1;100;100;100;276;10,8;6,7;
2026/02/16;0900 UTC;,2;973,7;973,9;973,4;0;20,9;21;21,2;20,7;21,3;20,8;100;100;100;300;6,1;3;
2026/02/16;1000 UTC;,2;973,8;974,1;973,5;20,2;20,7;20,8;20,7;20,7;20,8;20,8;100;100;100;289;3,1;1;
2026/02/16;1100 UTC;0;974,2;974,7;973,7;199;20,9;20,3;21,3;20,7;20,8;19,3;100;90;97;268;7;3,7;
2026/02/16;1200 UTC;0;974,7;975;974,4;735;21,4;20,1;22;20,8;20,9;19;98;86;94;210;5,9;3,5;
2026/02/16;1300 UTC;0;974,7;975;974,5;2202,7;23,2;19,5;24,5;21,9;20,5;18,5;88;73;81;230;7,7;3,5;
2026/02/16;1400 UTC;0;975,2;975,5;974,9;3068,3;25;19,9;26,3;24,3;21;18,8;80;70;74;254;5,7;3,1;
2026/02/16;1500 UTC;0;975,4;975,6;975,2;3136,7;26,5;20,6;27,2;25,7;21,7;19,8;77;65;71;249;6,9;4;
2026/02/16;1600 UTC;0;975,2;975,5;974,9;2382,7;26,7;20,8;27,6;26;21,8;20;75;67;71;211;4,7;1,8;
2026/02/16;1700 UTC;0;974,8;975;974,6;2336,6;27,2;20,7;28,1;26,6;23;19,6;77;60;68;208;4,6;2,5;
2026/02/16;1800 UTC;0;974,4;974,7;974,1;2810,3;27,2;21,1;28;26,3;22,2;20,4;74;65;70;157;5,3;2,7;
2026/02/16;1900 UTC;0;974;974,2;973,7;2688,7;27,6;21;28;26,8;21,7;20,1;72;62;67;159;4,6;2,2;
2026/02/16;2000 UTC;0;974;974,2;973,7;1870;27,5;20,7;27,9;26,6;21,3;20,3;70;63;66;177;6,1;3,2;
2026/02/16;2100 UTC;0;974,3;974,4;974,1;1313,4;27;20,2;27,4;26,4;20,9;19,6;68;64;66;162;6;4,2;
2026/02/16;2200 UTC;0;974,6;974,7;974,3;457,9;25,8;19,6;26,5;24,7;20,1;19,1;73;66;69;158;4;2,5;
2026/02/16;2300 UTC;0;974,5;974,7;974,2;18,4;23,4;19,2;24,6;22,3;20;18,7;89;72;79;144;6,2;4,8;
2026/02/17;0000 UTC;0;974,9;975,4;974,6;0;21,7;20,3;22,3;21,3;20,4;20,1;94;89;93;128;4,6;3,8;
2026/02/17;0100 UTC;0;975,6;975,8;975,4;0;20,8;20;21,3;20,6;20,2;19,7;97;94;96;124;4,2;3,3;
2026/02/17;0200 UTC;0;975,6;975,8;975,2;0;20,6;19,6;21;20,3;19,8;19,5;96;93;95;130;4,2;3,3;
2026/02/17;0300 UTC;0;975,4;975,7;975,2;0;19,9;19,4;20,2;19,7;19,6;19,2;98;96;98;131;4;3,1;
2026/02/17;0400 UTC;0;975,8;975,8;975,8;0;19,7;19,4;19,7;19,7;19,4;19,4;98;98;98;147;2,4;1,9;
2026/02/17;0500 UTC;0;974,7;974,7;974,7;0;19,1;18,8;19,1;19,1;18,8;18,8;98;98;98;147;3,9;3,4;
2026/02/17;0600 UTC;0;974,3;974,3;974,3;0;19,2;17,9;19,2;19,2;17,9;17,9;93;93;93;148;4,6;4,1;
2026/02/17;0700 UTC;0;974,3;974,3;974,3;0;19,6;18,1;19,6;19,6;18,1;18,1;93;93;93;137;4;3,4;
2026/02/17;0800 UTC;0;974,6;974,6;974,6;0;19,3;18,2;19,3;19,3;18,2;18,2;94;94;94;138;3,7;3,3;
2026/02/17;0900 UTC;0;974,9;974,9;974,9;0;19,2;18,1;19,2;19,2;18,1;18,1;95;95;95;132;3,2;2,9;
2026/02/17;1000 UTC;0;975,2;975,2;975,2;196,3;19,1;18,7;19,1;19,1;18,7;18,7;98;98;98;115;2,6;2,3;
2026/02/17;1100 UTC;0;975,9;975,9;975,9;993,1;20,3;19,1;20,3;20,3;19,1;19,1;94;94;94;147;4,9;4,1;
2026/02/17;1200 UTC;0;976;976;976;2100,5;22,5;19,1;22,5;22,5;19,1;19,1;83;83;83;138;5,8;4,9;
2026/02/17;1300 UTC;0;976,1;976,1;976,1;2773;24,1;20;24,1;24,1;20;20;80;80;80;136;3,9;3,1;
2026/02/17;1400 UTC;0;976,3;976,3;976,3;3456,6;26,3;21,2;26,3;26,3;21,2;21,2;75;75;75;127;2,9;2,3;
2026/02/17;1500 UTC;0;976,1;976,1;976,1;2137,7;26,7;21,5;26,7;26,7;21,5;21,5;74;74;74;144;3,1;2,2;
2026/02/17;1600 UTC;0;975,2;975,2;975,2;3829,6;27,7;20,8;27,7;27,7;20,8;20,8;66;66;66;114;1,7;,7;
2026/02/17;1700 UTC;0;974,9;974,9;974,9;3847,2;28,4;22,3;28,4;28,4;22,3;22,3;69;69;69;159;5,3;4,3;
2026/02/17;1800 UTC;0;974,2;974,2;974,2;2984,3;28,2;21,1;28,2;28,2;21,1;21,1;65;65;65;139;6,6;5,3;
2026/02/17;1900 UTC;0;974,4;974,4;974,4;967,6;27,1;20,4;27,1;27,1;20,4;20,4;67;67;67;170;4,7;3,6;
2026/02/17;2000 UTC;0;974,5;974,5;974,5;1896,9;27,5;20,7;27,5;27,5;20,7;20,7;66;66;66;176;4,7;3,2;
2026/02/17;2100 UTC;0;974,2;974,2;974,2;449,8;25,4;19,2;25,4;25,4;19,2;19,2;69;69;69;149;4,6;3,8;
2026/02/17;2200 UTC;0;973,8;973,8;973,8;162;24,5;19,5;24,5;24,5;19,5;19,5;75;75;75;136;4,9;3,5;
2026/02/17;2300 UTC;0;974;974;974;0;22,8;19,1;22,8;22,8;19,1;19,1;82;82;82;135;5,7;4,6;
2026/02/18;0000 UTC;0;974,6;974,6;974,6;0;21,4;19,8;21,4;21,4;19,8;19,8;92;92;92;123;5,8;5,2;
2026/02/18;0100 UTC;0;974,9;975,1;974,6;0;21,1;19,8;21,4;20,9;19,9;19,5;94;92;93;132;7,4;5,4;
2026/02/18;0200 UTC;0;975,2;975,3;975,1;0;20,5;19,5;20,9;19,9;19,6;19,3;97;93;95;120;5;3,7;
2026/02/18;0300 UTC;0;975,3;975,3;975,2;0;20,1;19,8;20,5;19,7;20,1;19,3;99;97;98;107;6,4;4,6;
2026/02/18;0400 UTC;0;975,3;975,4;975,1;0;20,1;19,7;20,5;19,8;20,1;19,6;99;97;98;110;5,5;4,4;
2026/02/18;0500 UTC;0;975;975,1;974,8;0;19,4;19,4;19,7;19,3;19,6;19,3;100;99;100;103;5,3;4;
2026/02/18;0600 UTC;0;974,6;974,8;974,4;0;19,1;19,2;19,5;18,8;19,6;18,9;100;100;100;117;3,4;2,8;
2026/02/18;0700 UTC;0;974,4;974,5;974,3;0;19,1;19,2;19,2;19;19,3;19,1;100;100;100;116;4,1;3,2;
2026/02/18;0800 UTC;0;974,5;974,7;974,2;0;18,9;19;19,2;18,8;19,2;18,8;100;100;100;122;3,1;2,5;
2026/02/18;0900 UTC;0;975,1;975,6;974,7;0;18,8;18,9;19;18,7;19,1;18,8;100;100;100;120;3,1;2,5;
2026/02/18;1000 UTC;0;975,7;975,9;975,5;82,5;18,8;18,8;19;18,6;19,1;18,7;100;100;100;114;3,9;3,2;
2026/02/18;1100 UTC;0;976,3;976,6;976;727,1;19,7;19,7;20,5;19;20,4;19,1;100;99;100;106;4,3;3,2;
2026/02/18;1200 UTC;0;976,7;976,8;976,6;998,8;20,8;19,9;22,2;20,2;20,6;19,1;100;86;96;82;5,4;3,5;
2026/02/18;1300 UTC;0;977;977,2;976,7;2304,4;23,1;19,1;23,9;22;19,7;18,3;86;73;80;147;5;3;
2026/02/18;1400 UTC;0;977,1;977,3;977;3183,3;24,5;18,9;25,3;23;20;18,3;79;68;72;121;6,1;3,9;
2026/02/18;1500 UTC;0;977;977,2;976,8;3309,7;25,6;19,1;26,6;24,8;20,1;18,3;74;61;67;117;5,6;3;
2026/02/18;1600 UTC;0;976,5;976,8;976,3;3766,5;26,8;19,3;27,3;26,3;20,7;18,3;70;58;62;112;5,2;3,1;
2026/02/18;1700 UTC;0;976,2;976,4;976;3427,7;27,3;19,1;27,8;26,8;20,2;18,3;65;54;59;138;5,8;3,1;
2026/02/18;1800 UTC;0;975,8;976,1;975,6;3275,5;27,9;18,5;28,7;27,2;19,6;17,1;59;49;53;130;6,4;3,2;
2026/02/18;1900 UTC;0;975,4;975,6;975,1;2773,6;28,1;18,5;28,4;27,6;19,4;17,7;57;48;52;150;6,6;3,2;
2026/02/18;2000 UTC;0;974,7;975,1;974,3;2033;27,8;18,4;28,2;27,5;19,4;17,5;57;50;53;120;5,5;3,7;
2026/02/18;2100 UTC;0;974,1;974,3;973,8;1288,3;27,3;18;27,7;26,8;18,6;17,3;57;50;53;112;5,4;3,2;
2026/02/18;2200 UTC;0;973,8;973,9;973,7;456;25,5;18,5;26,9;24,1;18,7;18,1;72;56;65;120;6,7;4,7;
2026/02/18;2300 UTC;0;974;974,4;973,7;22,5;22,8;18,6;24,1;21,9;18,9;18,5;85;72;79;128;5,5;4,2;
2026/02/19;0000 UTC;0;974,5;974,7;974,3;0;21,2;18,9;21,9;20,7;19;18,8;91;85;88;109;5,4;3,9;
2026/02/19;0100 UTC;0;974,5;974,7;974,3;0;20,3;19;20,8;20;19,3;18,8;96;90;93;94;6,5;4,8;
2026/02/19;0200 UTC;0;974,4;974,5;974,1;0;20,2;19,2;20,4;20;19,3;19,2;96;94;95;81;8,3;5,7;
2026/02/19;0300 UTC;0;974,4;974,6;974,3;0;20;19,2;20,1;19,9;19,3;19,1;97;96;96;72;6,4;4,3;
2026/02/19;0400 UTC;0;974,3;974,5;973,9;0;19,7;19,3;19,9;19,4;19,4;19,2;99;97;98;65;6,5;4,9;
2026/02/19;0500 UTC;0;973,4;973,4;973,4;0;19,2;19,3;19,2;19,2;19,3;19,3;100;100;100;81;4,8;3,5;
2026/02/19;0600 UTC;0;972,3;972,3;972,3;0;19,3;19,2;19,3;19,3;19,2;19,2;100;100;100;76;5,9;5,2;
2026/02/19;0700 UTC;0;972;972;972;0;18,9;19;18,9;18,9;19;19;100;100;100;76;4,6;2,5;
2026/02/19;0800 UTC;0;972,2;972,2;972,2;0;18,7;18,7;18,7;18,7;18,7;18,7;100;100;100;63;3,4;2,7;
2026/02/19;0900 UTC;0;972;972;972;0;18,6;18,5;18,6;18,6;18,5;18,5;99;99;99;83;2,7;1,6;
2026/02/19;1000 UTC;0;973,6;973,6;973,6;198,5;18,6;18,5;18,6;18,6;18,5;18,5;99;99;99;307;4;3,2;
2026/02/19;1100 UTC;0;973,1;973,1;973,1;766,9;19,8;18,9;19,8;19,8;18,9;18,9;96;96;96;23;3,6;2,5;
2026/02/19;1200 UTC;0;973,1;973,1;973,1;1545,7;22,3;18,7;22,3;22,3;18,7;18,7;82;82;82;37;5,4;4,3;
2026/02/19;1300 UTC;0;974,2;974,2;974,2;1512,6;24;17,8;24;24;17,8;17,8;69;69;69;124;5,6;4,1;
2026/02/19;1400 UTC;0;973,5;973,5;973,5;2301,9;25,3;18,7;25,3;25,3;18,7;18,7;67;67;67;36;4,6;3,3;
2026/02/19;1500 UTC;0;973,2;973,2;973,2;2096,3;26,1;18,1;26,1;26,1;18,1;18,1;60;60;60;53;4,8;3,9;
2026/02/19;1600 UTC;0;973,5;973,5;973,5;1060;26;18,2;26;26;18,2;18,2;61;61;61;55;2,3;1,8;
2026/02/19;1700 UTC;0;972,6;972,6;972,6;819,8;25,2;19;25,2;25,2;19;19;69;69;69;123;4,3;3,6;
2026/02/19;1800 UTC;0;972,9;972,9;972,9;389,7;24,5;18,9;24,5;24,5;18,9;18,9;72;72;72;92;2;1,7;
2026/02/19;1900 UTC;0;973,3;973,3;973,3;390,2;22,6;20,5;22,6;22,6;20,5;20,5;89;89;89;77;3,4;2,6;
2026/02/19;2000 UTC;0;972,6;972,6;972,6;210,9;22,5;20,2;22,5;22,5;20,2;20,2;89;89;89;92;1,9;1,5;
2026/02/19;2100 UTC;0;971,5;971,5;971,5;226,4;22,2;21;22,2;22,2;21;21;94;94;94;106;2,8;2,1;
2026/02/19;2200 UTC;0;971,5;971,5;971,5;46,5;21,5;19,7;21,5;21,5;19,7;19,7;91;91;91;145;3,2;2,8;
2026/02/19;2300 UTC;0;972,6;972,6;972,6;0;21,2;19,5;21,2;21,2;19,5;19,5;92;92;92;138;3;2,1;
2026/02/20;0000 UTC;0;972,9;972,9;972,9;0;21,4;21,2;21,4;21,4;21,2;21,2;99;99;99;149;1,9;1,7;
2026/02/20;0100 UTC;28,7;973,3;973,6;972,9;1,2;20,5;20,3;21,3;20,1;21,2;19,7;99;96;99;190;6,7;2,3;
2026/02/20;0200 UTC;8,7;974,2;974,4;973,6;,8;19,7;19,6;20,3;19,2;20,2;19,1;100;98;99;135;5,9;4,1;
2026/02/20;0300 UTC;,6;974,4;974,6;974,2;0;19,2;19,2;19,4;19,1;19,4;19,1;100;99;100;139;3,3;2,4;
2026/02/20;0400 UTC;3,6;974,9;975,1;974,6;,9;19,3;19,2;19,6;18,9;19,7;18,8;100;98;99;156;9,1;6,4;
2026/02/20;0500 UTC;3,6;975;975,5;974,6;,6;18,8;18,6;19;18,5;19;18,3;100;99;99;191;6,3;1,4;
2026/02/20;0600 UTC;8,7;974,9;975,6;974,3;2,5;18;17,3;18,8;17,6;18,6;16,3;99;93;97;120;6,6;3;
2026/02/20;0700 UTC;,6;973,4;974,3;972,4;0;17,4;16,7;17,7;17,3;17;16,2;98;93;96;86;4,3;2,8;
2026/02/20;0800 UTC;0;971,6;973;970,4;0;18,1;16,4;18,4;17,6;16,9;15,7;96;87;92;86;5;2,7;
2026/02/20;0900 UTC;0;974;974,4;973,2;0;17,8;16,7;18,4;17,5;17,2;15,8;98;87;94;173;5,9;3,2;
2026/02/20;1000 UTC;0;974,6;974,8;974,4;54,9;17,4;17,2;17,9;17,1;17,5;17;100;96;99;158;5;3,3;
2026/02/20;1100 UTC;0;975,1;975,4;974,8;196,3;18,1;17,6;18,4;18;18;17,1;100;94;97;180;7,3;4,6;
2026/02/20;1200 UTC;,2;975,8;976;975,4;522,2;17,9;17,8;18,3;17,5;18,1;17,5;100;99;99;181;7,5;4,5;
2026/02/20;1300 UTC;0;976,3;976,5;975,9;1019;18,7;18,1;19,8;17,6;18,7;17,6;100;92;97;168;5,8;3,7;
2026/02/20;1400 UTC;0;976,5;976,7;976,3;2406,6;21,5;18,9;23,7;19,8;20,2;18,2;94;75;87;140;8,6;5,8;
2026/02/20;1500 UTC;0;976,2;976,4;975,9;3258,7;23,7;19,1;25,1;22,4;20;18,3;83;69;77;134;10;6,2;
2026/02/20;1600 UTC;0;975,9;976,1;975,8;3287,4;24,8;18,8;25,6;23,6;19,9;17,6;74;65;70;159;8,6;5,9;
2026/02/20;1700 UTC;0;976;976,1;975,9;2424,4;24,8;18,7;25,6;24,2;19,5;17,6;74;63;69;143;8,6;5,9;
2026/02/20;1800 UTC;0;975,9;976,1;975,7;2849,7;25,4;18,9;26,4;24,6;20,2;18;71;63;67;151;9,8;7;
2026/02/20;1900 UTC;0;975,8;975,9;975,7;2593;25,4;18,7;26,4;24,2;19,8;18;71;63;66;148;11;7,9;
2026/02/20;2000 UTC;0;975,6;975,8;975,3;2122,7;25,3;18,1;25,7;24,9;18,9;17,6;67;62;64;144;11,3;7,8;
2026/02/20;2100 UTC;0;975,5;975,6;975,2;1297,5;24,5;17,7;25;23,9;18,3;17,3;68;63;66;136;10,2;7,2;
2026/02/20;2200 UTC;0;975,6;975,9;975,2;457,6;23,1;17,2;23,9;22,1;17,6;16,8;76;67;70;130;8,4;5,9;
2026/02/20;2300 UTC;0;976,2;976,5;975,9;14,8;21;17,6;22;20,2;17,8;17,3;88;76;83;127;7,1;5,4;
2026/02/21;0000 UTC;0;976,9;977,3;976,4;0;19,9;18,3;20,2;19,4;18,6;17,8;96;89;92;124;6,2;5;
2026/02/21;0100 UTC;0;977,6;977,9;977,3;0;19,4;19;19,5;19,4;19,2;18,7;99;96;98;123;6,4;4,7;
2026/02/21;0200 UTC;0;977,9;978;977,9;0;19,5;19,4;19,6;19,3;19,6;19,2;100;99;100;122;5,5;4,3;
2026/02/21;0300 UTC;0;977,8;978;977,7;0;19,6;19,5;19,7;19,5;19,6;19,4;100;99;100;117;5,6;3,4;
2026/02/21;0400 UTC;0;977,8;977,8;977,6;0;19,4;19,5;19,5;19,2;19,6;19,3;100;100;100;134;4,4;3,2;
2026/02/21;0500 UTC;0;977,8;977,9;977,8;0;19,5;19,5;19,5;19,4;19,6;19,4;100;100;100;128;4,8;3,4;
2026/02/21;0600 UTC;0;977,6;977,8;977,5;0;19,5;19,5;19,6;19,4;19,6;19,4;100;100;100;133;5,8;4;
2026/02/21;0700 UTC;0;977,4;977,6;977,3;0;19,4;19,5;19,5;19,3;19,5;19,4;100;100;100;146;5,8;4,5;
2026/02/21;0800 UTC;0;977,5;977,7;977,3;0;19,3;19,4;19,4;19,2;19,5;19,3;100;100;100;141;6,2;3,8;
2026/02/21;0900 UTC;0;977,9;978,2;977,7;0;19,2;19,3;19,3;19,1;19,3;19,1;100;100;100;137;5,4;4,3;
2026/02/21;1000 UTC;0;978,3;978,5;978,1;56;19,1;19,1;19,1;18,9;19,2;19;100;100;100;132;5,2;3,4;
2026/02/21;1100 UTC;0;978,6;978,9;978,5;313,5;19,4;19,4;19,7;18,9;19,8;19;100;100;100;121;8,1;5,6;
2026/02/21;1200 UTC;0;979,1;979,4;978,8;902,3;20,2;19,7;21,1;19,6;20,1;18,9;100;90;97;122;6,4;4,9;
2026/02/21;1300 UTC;0;979,7;979,9;979,4;1967,8;22,4;19,3;23,6;21,2;20,3;18,7;92;77;84;132;6,3;4,6;
2026/02/21;1400 UTC;0;979,9;979,9;979,8;1506,6;23,2;18,8;23,8;22,5;19,6;18,2;83;74;78;101;6,2;4,1;
2026/02/21;1500 UTC;0;979,7;979,9;979,4;2614,6;24,5;19,2;25,5;23,7;20,2;18,1;79;68;73;127;7,1;4,6;
2026/02/21;1600 UTC;0;979,3;979,5;979,2;2477,8;25;19,1;25,7;24,3;20,2;18,2;75;67;71;137;8,6;6,1;
2026/02/21;1700 UTC;0;979,2;979,3;979;2023,8;25,1;19,4;26,3;24,4;20,8;18,4;76;66;71;136;9,9;7,2;
2026/02/21;1800 UTC;0;979;979,3;978,5;2235,6;24,9;19,7;26;24;20,9;19;78;70;74;135;11,9;7,5;
2026/02/21;1900 UTC;0;978,4;978,7;978;2368,7;24,9;19,6;25,6;24,1;20,3;19,1;77;71;73;137;11,8;8,6;
2026/02/21;2000 UTC;0;978,3;978,5;977,9;1957,7;24,3;19,2;25,1;23,3;19,7;18,6;78;71;74;136;11;7,8;
2026/02/21;2100 UTC;0;978,3;978,5;978,1;396,5;22,6;18,7;23,6;21,4;19;18,5;88;75;80;118;10,9;7,2;
2026/02/21;2200 UTC;,8;978,3;978,4;978,2;103,8;20,5;19,3;21,2;20,2;19,6;19,1;96;90;94;129;7,5;5;
2026/02/21;2300 UTC;0;978,5;978,9;978,3;5,1;20,4;18,7;20,5;20,2;19,2;18,4;94;90;92;125;10,7;7,3;
2026/02/22;0000 UTC;0;979,1;979,4;978,8;0;19,9;18,8;20,3;19,5;18,9;18,4;97;91;94;125;8,7;5,8;
2026/02/22;0100 UTC;0;979,6;979,7;979,3;0;19,4;18,8;19,6;19,3;18,9;18,7;97;96;97;114;7,7;5;
2026/02/22;0200 UTC;0;979,6;979,7;979,4;0;19,6;19,1;19,7;19,5;19,2;18,9;98;97;98;114;9,5;6,6;
2026/02/22;0300 UTC;0;979,4;979,6;979,2;0;19,6;19,1;19,7;19,4;19,2;19;99;97;98;113;7;5,1;
2026/02/22;0400 UTC;0;979,4;979,6;979,3;0;19,4;19,1;19,5;19,4;19,2;19,1;99;98;98;100;7,2;5;
2026/02/22;0500 UTC;0;979,3;979,5;979,2;0;19,4;19,1;19,5;19,4;19,2;18,9;99;98;98;102;6,8;5;
2026/02/22;0600 UTC;0;979;979,3;978,8;0;19,1;18,7;19,4;18,8;18,9;18,4;98;97;98;112;7,4;5,6;
2026/02/22;0700 UTC;0;978,6;978,9;978,4;0;18,6;18,2;18,9;18,3;18,4;18;98;98;98;111;7,1;5,1;
2026/02/22;0800 UTC;0;978,2;978,5;978,1;0;18,3;18;18,5;18,1;18,2;17,8;99;98;99;113;6,5;4,7;
2026/02/22;0900 UTC;0;978,4;978,5;978,1;0;18,3;18;18,4;18,2;18,1;17,8;99;97;98;111;6,6;5,1;
2026/02/22;1000 UTC;0;978,6;978,8;978,3;106;18,2;17,9;18,7;18;18,2;17,8;99;97;99;110;7,2;5,2;
2026/02/22;1100 UTC;0;979,1;979,3;978,8;755,4;19,6;18,5;20,5;18,8;18,9;18,2;97;92;95;102;8,3;6;
2026/02/22;1200 UTC;0;979,5;979,8;979,3;1588,9;21,6;19;22,5;20,5;19,4;18,6;92;83;87;87;9;6,9;
2026/02/22;1300 UTC;0;980,3;980,6;979,8;1926,6;23,2;18,9;24,1;22,4;19,6;18;85;71;79;81;9,2;6;
2026/02/22;1400 UTC;0;980,4;980,6;980,1;2040,6;23,7;18,6;24,7;23,1;19,7;17,9;80;70;74;103;9,4;6,5;
2026/02/22;1500 UTC;0;979,7;980,2;979,3;3196,4;25,2;19,3;25,8;24,6;20,1;18,6;75;68;71;92;9,2;6,6;
2026/02/22;1600 UTC;0;979,2;979,5;979;3242,5;25,6;19,3;26,7;24,2;20,1;18,4;73;62;68;91;8,9;6,6;
2026/02/22;1700 UTC;0;978,9;979,2;978,6;3373,6;26,3;19,5;27,1;24,9;20,6;18,4;71;62;66;104;10,1;6,5;
2026/02/22;1800 UTC;0;978,3;978,7;978;2464,4;26;19,5;27,6;25;20,8;18,4;73;62;68;106;9,8;6,1;
2026/02/22;1900 UTC;0;977,6;978;977,2;2692,1;26,1;19,7;26,9;25,2;20,6;19;74;62;68;104;11,2;8;
2026/02/22;2000 UTC;0;976,9;977,4;976,6;1640,9;25,4;19,1;26,5;24,6;19,7;18,6;72;64;68;98;12,3;8,4;
2026/02/22;2100 UTC;0;976,4;976,8;976,1;1274,9;24,9;18,7;25,6;24,1;19,4;18,4;73;65;69;102;12,6;8,2;
2026/02/22;2200 UTC;0;976,4;976,6;976,1;466,4;23,2;18,8;24,1;22,3;19,2;18,5;82;73;78;96;10,8;8,3;
2026/02/22;2300 UTC;0;976,7;976,8;976,4;17,2;21,5;18,8;22,3;21;19;18,5;90;82;87;100;10,1;7,5;
2026/02/23;0000 UTC;0;977;977,3;976,7;0;21,1;18,8;21,2;20,9;19,1;18,6;90;88;89;86;10,1;6,8;
2026/02/23;0100 UTC;0;977,3;977,4;977,1;0;20,5;18,7;20,9;20;18,9;18,5;93;89;91;107;8,5;6,2;
2026/02/23;0200 UTC;0;977,4;977,5;977,2;0;19,6;18,9;20;19,4;19;18,7;98;94;96;103;7,5;5,7;
2026/02/23;0300 UTC;0;977,1;977,4;976,8;0;19,4;18,9;19,4;19,2;19,1;18,8;98;97;98;100;8,9;6;
2026/02/23;0400 UTC;0;976,7;977;976,4;0;19,2;18,6;19,3;19,1;18,9;18,3;98;96;97;97;8;5,6;
2026/02/23;0500 UTC;0;976,3;976,5;976,1;0;19,2;18;19,2;19;18,2;17,8;96;93;94;86;8,6;5,9;
2026/02/23;0600 UTC;0;976;976,2;975,7;0;19;17,8;19;18,9;17,9;17,8;95;94;94;87;9,1;6,3;
2026/02/23;0700 UTC;0;975,7;975,9;975,4;0;18,9;17,9;19;18,7;18;17,9;96;94;95;82;8,9;5,9;
2026/02/23;0800 UTC;0;975,3;975,5;975,1;0;18,9;18,1;19,1;18,8;18,1;18;96;95;96;84;8,6;6,1;
2026/02/23;0900 UTC;0;975,3;975,5;975;0;19,2;18,1;19,3;19,1;18,2;18,1;95;94;95;86;9,1;6,2;
2026/02/23;1000 UTC;0;975,6;975,9;975,3;110,1;19,2;18,2;19,6;19;18,3;18,1;96;93;95;86;8,4;6;
2026/02/23;1100 UTC;0;976,2;976,5;975,9;482,7;20;18,6;20,9;19,6;19;18,3;94;90;93;83;7,4;5,6;
2026/02/23;1200 UTC;0;976,5;976,6;976,3;1441,8;21,9;19,2;22,7;20,9;19,7;18,8;91;83;87;76;9,1;6,9;
2026/02/23;1300 UTC;0;976,4;976,6;976,3;1385,1;22,6;19,3;23,3;21,9;19,8;18,7;86;80;83;85;8,5;6,2;
2026/02/23;1400 UTC;0;976,2;976,5;975,9;1653,5;23,6;19,5;24;23,2;20,2;18,8;84;75;79;85;10,6;6,8;
2026/02/23;1500 UTC;0;975,8;976,1;975,4;2728,2;25,2;19,8;26,1;23,9;20,4;19,2;80;68;73;73;10,5;7,5;
2026/02/23;1600 UTC;0;975,3;975,6;974,9;2240,9;25,8;19,8;26,3;25,3;20,4;19,3;73;67;70;77;10;7;
2026/02/23;1700 UTC;0;974,5;975;974,1;2282,5;26,3;19,9;27;26;20,8;19,4;71;65;68;93;9;6,9;
2026/02/23;1800 UTC;0;973,8;974,2;973,3;2575,9;27;20,1;27,5;26,4;21;19,4;69;61;65;83;10,5;7,3;
2026/02/23;1900 UTC;0;972,8;973,4;972,2;1760;26,7;19,6;27,3;26,2;20,5;18,9;67;62;65;93;10,3;7,7;
2026/02/23;2000 UTC;0;972;972,3;971,7;1238,5;26,1;19;26,5;25,5;19,6;18,4;67;62;65;88;10,7;7,3;
2026/02/23;2100 UTC;0;972,2;972,5;971,9;672,6;24,9;19;25,5;24,6;19,5;18,6;74;67;70;83;11,3;7,4;
2026/02/23;2200 UTC;0;972;972,3;971,6;443,1;23,5;19,9;24,6;22,7;20,3;18,9;88;72;82;91;10,1;6,4;
2026/02/23;2300 UTC;0;972,3;972,7;971,9;17,8;22,2;0;22,7;21,8;;;92;88;89;93;8,9;5,9;
2026/02/24;0000 UTC;0;972,9;973,1;972,5;0;21,7;20,1;21,9;21,5;20,2;20;93;91;92;89;8,5;6;
2026/02/24;0100 UTC;0;972,7;973;972,3;0;21,2;19,9;21,4;21;20;19,8;95;92;94;93;9,3;6,7;
2026/02/24;0200 UTC;0;972,3;972,6;972;0;20,8;20;21;20,7;20,1;19,9;97;95;96;92;8,4;5,2;
2026/02/24;0300 UTC;0;971,8;972,1;971,5;0;20,7;19,6;20,8;20,6;19,9;19,2;96;93;94;87;8,9;6,1;
2026/02/24;0400 UTC;0;971,3;971,6;970,8;0;20,5;19,4;20,5;20,4;19,6;19,3;96;94;95;81;9,4;6,2;
2026/02/24;0500 UTC;0;970,8;971,1;970,5;0;20,4;19,6;20,5;20,3;19,7;19,6;97;96;96;81;8,2;4,9;
2026/02/24;0600 UTC;0;970,5;970,6;970,3;0;20,2;19,7;20,4;20,1;19,8;19,6;98;96;98;88;5,4;2,9;
2026/02/24;0700 UTC;0;970,2;970,5;969,9;0;20;19,7;20,2;19,8;19,8;19,6;99;98;99;86;4,5;3,2;
2026/02/24;0800 UTC;0;969,9;970,1;969,8;0;19,8;19,7;19,9;19,7;19,8;19,6;100;99;99;74;4,4;2,5;
2026/02/24;0900 UTC;0;969,8;969,9;969,8;0;19,7;19,6;19,8;19,6;19,7;19,5;100;99;100;54;5,8;3,7;
2026/02/24;1000 UTC;0;969,9;970;969,8;53,7;19,7;19,5;20;19,6;19,7;19,4;99;98;99;65;5,1;3,1;
2026/02/24;1100 UTC;0;970,3;970,7;970,1;685,5;21;19,9;22,4;20;20,6;19,7;98;90;94;64;4,8;3,4;
2026/02/24;1200 UTC;0;970,9;971;970,7;1003,1;22,9;20,5;23,2;22,4;21;20;91;86;88;41;4,7;3,2;
2026/02/24;1300 UTC;0;971;971,1;971;1324,7;23,6;20,5;25,2;22,8;21,7;20;88;77;84;145;5,6;3,4;
2026/02/24;1400 UTC;0;970,9;971,1;970,6;1177,1;24,8;20,7;25,4;24,5;21,1;20,4;82;75;79;323;4,5;3;
2026/02/24;1500 UTC;0;970,4;970,6;970,1;1813,1;26,1;21;27,4;25,4;21,9;20,4;79;68;74;288;5,5;3;
2026/02/24;1600 UTC;0;969,8;970,1;969,7;1201,3;26;20,8;26,3;25,7;21,2;20,3;76;71;74;277;3,9;2,4;
2026/02/24;1700 UTC;,2;969,8;970;969,6;590,8;25,1;21,3;26,1;23,5;22,3;20,5;93;72;81;238;3,4;1,1;
2026/02/24;1800 UTC;0;969,2;969,6;969;823,8;24,4;21,8;25,1;23,7;22,4;21,2;92;82;87;248;6,4;3,9;
2026/02/24;1900 UTC;0;968,5;969;968,1;1761,1;25,2;21,5;25,9;24,7;22,4;21,1;84;79;82;39;6,7;4,3;
2026/02/24;2000 UTC;0;967,8;968,3;967,6;1239,8;25,1;21,7;26,4;24,3;22,6;21,1;86;78;83;31;5,4;3,5;
2026/02/24;2100 UTC;0;967,9;968,1;967,6;695,4;24,8;21,2;26;24,4;21,7;21;86;76;82;28;5,1;3,5;
2026/02/24;2200 UTC;0;968;968,2;967,8;115;24,2;20,8;25,7;23,4;21,4;20,1;85;77;83;315;5,8;3,8;
2026/02/24;2300 UTC;,2;968,2;968,5;968;2,4;22,4;20,3;23,3;21,6;20,7;19,9;95;83;90;281;2,5;1,3;
2026/02/25;0000 UTC;0;968,1;968,7;967,9;0;21,6;20,2;21,9;20,9;20,6;20,1;96;92;93;313;3,6;2,5;
2026/02/25;0100 UTC;0;969,3;969,7;968,8;0;21,2;19,9;21,5;20,9;20,2;19,8;96;92;94;325;2,7;2;
2026/02/25;0200 UTC;,2;970,3;970,5;969,7;1,1;20,4;18,4;21,7;19,3;20,1;17,4;96;83;90;204;10,2;4,4;
2026/02/25;0300 UTC;3,4;968,9;970,1;968,3;0;19,7;18,7;20,3;19,4;18,9;18;98;89;95;272;2,9;2,2;
2026/02/25;0400 UTC;0;968,3;968,5;968,2;0;19,1;18,3;20,3;18,4;18,6;18;99;89;96;276;3,3;2,1;
2026/02/25;0500 UTC;0;968,6;968,8;968,4;0;20,1;18,9;21;19,6;19,2;18,6;96;91;94;211;5;2,4;
2026/02/25;0600 UTC;0;968,9;969,1;968,7;0;19,4;19;20,5;18,9;19,2;18,8;100;93;98;224;6,6;3,8;
2026/02/25;0700 UTC;0;969;969,1;968,9;0;19,2;19,2;19,5;19;19,5;18,9;100;100;100;158;9,2;4,7;
2026/02/25;0800 UTC;0;969,3;969,5;969;0;19,3;18,9;19,4;19,2;19,5;18,6;100;97;98;174;9,6;5;
2026/02/25;0900 UTC;,2;969,8;970,2;969,4;0;19,1;18,6;19,2;18,7;18,7;18,5;99;97;98;174;11,2;6,3;
2026/02/25;1000 UTC;0;970,7;971,1;970,2;9,8;18,5;18,5;18,7;18,3;18,5;18,4;100;99;100;163;10,3;6,6;
2026/02/25;1100 UTC;0;971,4;971,8;971;188,4;18,5;18,1;18,7;18,2;18,4;17,8;100;96;98;169;9,7;5,8;
2026/02/25;1200 UTC;0;972,2;972,6;971,7;520,7;18,9;17,8;19,1;18,7;18;17,5;96;92;94;174;10,4;5;
2026/02/25;1300 UTC;0;972,9;973,2;972,6;617,2;18,5;17,5;18,8;18,2;17,8;17,2;97;93;95;175;9;5,1;
2026/02/25;1400 UTC;0;973,4;973,5;973,1;1209,4;18,4;17,4;19,1;18,1;17,8;16,9;97;92;95;170;8,4;5;
2026/02/25;1500 UTC;0;973,4;973,5;973,2;2240,3;19,5;16,9;20,5;18,2;17,7;15,8;96;79;87;166;8,3;6;
2026/02/25;1600 UTC;0;973,4;973,5;973,3;1629,8;19,3;16,6;20,3;18,4;17,6;15,9;93;80;87;171;7,5;3,8;
2026/02/25;1700 UTC;0;973,1;973,4;973;2774,2;21,3;16,7;22,8;19,9;18,2;15,6;86;66;77;189;6,7;3,3;
2026/02/25;1800 UTC;0;972,9;973,1;972,6;2666,3;22,3;15,9;23,3;21,5;17;14,8;72;62;68;165;8,1;3,5;
2026/02/25;1900 UTC;0;972,7;972,8;972,6;1982,7;22,3;15,5;23,1;21,6;16,9;14,5;75;61;66;160;7,2;4,5;
2026/02/25;2000 UTC;0;972,5;972,7;972,4;1887,4;22,4;15,3;22,8;22;16,3;14,3;70;59;65;159;7,7;4,2;
2026/02/25;2100 UTC;0;972,4;972,5;972,3;1113,1;21,8;14,7;22,4;21,4;15,4;14,1;69;61;64;151;7,7;5,2;
2026/02/25;2200 UTC;0;972,2;972,3;972,1;379,4;20,1;14,9;21,4;18,7;15,2;14,3;82;65;74;144;6,2;4,2;
2026/02/25;2300 UTC;0;972,4;972,6;972,3;7,8;17,7;14,8;18,6;17;15,1;14,6;88;82;86;142;8,6;6,2;
2026/02/26;0000 UTC;0;972,9;973,1;972,6;0;16,3;14,4;17;15,9;14,6;14,3;92;88;91;143;8,4;6,5;
2026/02/26;0100 UTC;0;973,2;973,3;972,9;0;16;14,1;16,2;15,8;14,4;13,9;92;89;90;144;10,4;7,8;
2026/02/26;0200 UTC;0;973,3;973,4;973;0;15,7;13,7;15,9;15,4;14;13,4;91;89;90;146;10;7,6;
2026/02/26;0300 UTC;0;973,3;973,4;973,2;0;15;13,3;15,4;14,7;13,5;12,9;92;91;91;149;8,2;6,5;
2026/02/26;0400 UTC;0;973,3;973,3;973,2;0;14,5;12,6;14,8;14,2;12,9;12,4;92;90;91;141;6,2;4,9;
2026/02/26;0500 UTC;0;973,1;973,3;972,8;0;14;12,3;14,2;13,7;12,4;12,2;93;90;92;150;5,6;4,3;
2026/02/26;0600 UTC;0;972,7;972,8;972,5;0;14,2;12,2;14,6;13,7;12,3;12,2;93;88;90;145;5,7;4,3;
2026/02/26;0700 UTC;0;972,6;972,7;972,5;0;14,6;12,2;14,8;14,4;12,4;11,9;90;85;88;156;5,2;3,6;
2026/02/26;0800 UTC;0;972,7;972,9;972,6;0;14,6;11,8;15;14,3;11,9;11,6;88;84;86;167;5,8;3,9;
2026/02/26;0900 UTC;0;973;973,2;972,9;0;14,3;12,1;14,6;14,1;12,6;11,4;91;86;89;173;4,8;2,9;
2026/02/26;1000 UTC;0;973,5;973,9;973,2;83;14,2;11,9;14,5;14;12,3;11,4;91;86;89;184;4,7;2,6;
2026/02/26;1100 UTC;0;974,2;974,5;973,8;686,5;15,3;12,2;16,1;14,5;12,8;11,8;88;80;84;171;3,9;1,9;
2026/02/26;1200 UTC;0;974,8;975,1;974,5;1207,1;16,5;12,2;17,1;15,9;13,5;11,3;83;75;79;158;4,4;2,8;
2026/02/26;1300 UTC;0;975,4;975,7;975,1;1707,1;17,1;12,4;17,9;16,1;13,3;11,6;84;71;77;159;6;3,5;
2026/02/26;1400 UTC;0;975,7;975,8;975,6;2448,2;18,3;12,1;18,9;17,7;13,3;11,1;76;63;69;165;5,6;3,2;
2026/02/26;1500 UTC;0;975,7;975,8;975,5;2262,9;18,8;12,3;19,9;18,2;13,4;11,5;71;63;67;160;6,3;3,8;
2026/02/26;1600 UTC;0;975,4;975,6;975,1;2593,3;19,5;12,2;20,8;18,6;14,4;10,9;74;56;63;183;4,6;2,6;
2026/02/26;1700 UTC;0;974,9;975,1;974,7;2635,1;20;12,1;21;19,4;13,2;11,2;66;54;60;158;6,1;3,5;
2026/02/26;1800 UTC;0;974,4;974,7;974,1;2352,2;20,1;12,8;21;19,4;13,7;11,7;70;56;63;132;6,4;3,7;
2026/02/26;1900 UTC;0;974;974,1;973,9;2051,6;20,3;12,7;21,2;19,7;13,8;11,8;66;57;62;167;5,8;3,8;
2026/02/26;2000 UTC;0;973,8;974;973,6;1374,7;20,1;12,5;21;19,6;13,1;11,9;66;58;62;146;7,1;4;
2026/02/26;2100 UTC;0;973,7;973,8;973,5;1388,7;20,4;12,6;21,2;19,5;13,6;11,9;65;59;61;147;5,9;4,5;
2026/02/26;2200 UTC;0;973,6;973,8;973,5;363,1;19;12,4;19,4;18,2;12,9;11,7;71;63;67;144;5,4;4;
2026/02/26;2300 UTC;0;973,8;974,1;973,6;8,1;16,2;11,9;18,1;15,3;12,2;11,7;83;70;78;150;3;2,1;
2026/02/27;0000 UTC;0;974,3;974,5;974,1;0;15;12;15,3;14,8;12,2;11,7;86;83;85;126;1,8;1,4;
2026/02/27;0100 UTC;0;974,7;975;974,4;0;14,5;11,8;14,7;14,3;12;11,5;88;85;87;152;1,8;1,1;
2026/02/27;0200 UTC;0;975;975,1;974,9;0;13,8;11,3;14,5;13;11,7;10,9;92;84;88;123;3,4;2,7;
2026/02/27;0300 UTC;0;975;975,1;974,8;0;13;11,1;13,4;12,5;11,3;10,8;94;88;91;129;3,4;2,8;
2026/02/27;0400 UTC;0;974,5;974,8;974,4;0;12,3;11,1;12,7;12,1;11,4;10,8;96;92;94;134;2,7;2,3;
2026/02/27;0500 UTC;0;974,4;974,6;974,3;0;12,5;11,3;12,9;12,1;11,4;10,9;96;92;94;123;2,7;2,2;
2026/02/27;0600 UTC;0;974,1;974,3;973,9;0;12,4;11,3;12,8;11,9;11,6;10,9;97;93;95;141;2,6;2,1;
2026/02/27;0700 UTC;0;973,8;974,1;973,6;0;12,4;11,2;13;12,2;11,5;10,9;95;91;94;143;2,5;2;
2026/02/27;0800 UTC;0;973,8;974;973,6;0;12,4;11,2;12,7;12,2;11,5;11;95;93;94;142;2,2;1,7;
2026/02/27;0900 UTC;0;974,2;974,4;973,9;0;12,9;11,4;13,1;12,4;11,6;11,2;95;91;93;144;1,9;1,6;
2026/02/27;1000 UTC;0;974,7;975,1;974,4;71,8;13;11,4;13,8;12,6;11,8;11,1;93;90;92;149;2,4;1,5;
2026/02/27;1100 UTC;0;975,5;976,1;975,1;681,9;15,3;12,6;16,4;13,9;13,5;11,9;91;82;87;157;3,8;2,7;
2026/02/27;1200 UTC;0;976,4;976,6;976,1;1668,8;17,3;13;18;16,4;13,9;12,6;83;73;79;113;4,9;3,3;
2026/02/27;1300 UTC;0;976,5;976,7;976,3;2271,9;18,3;13;19,1;17,4;14,1;12,2;79;69;73;132;6;3,7;
2026/02/27;1400 UTC;0;976,5;976,7;976,3;3145,7;19,7;13,1;20,4;18,9;14;12;73;61;67;142;7,5;5;
2026/02/27;1500 UTC;0;976,3;976,4;976,2;3592,1;20,5;12,8;21;19,9;13,8;11,6;67;55;61;127;7,9;4,4;
2026/02/27;1600 UTC;0;976;976,3;975,6;3785,3;21,1;12,6;21,7;20,7;13,9;11,4;64;53;57;128;7,6;4,6;
2026/02/27;1700 UTC;0;975,6;975,7;975,3;3622,6;21,8;12,8;22,3;21,4;13,8;12,1;61;50;55;119;7,3;4,3;
2026/02/27;1800 UTC;0;975,4;975,6;975,1;3358,5;22,6;13,3;22,9;22,1;14,3;12,4;58;48;53;112;6,8;4;
2026/02/27;1900 UTC;0;975;975,2;974,7;2659,9;22,8;13,3;23,2;22;14,1;12,6;56;49;52;144;6,9;4,5;
2026/02/27;2000 UTC;0;974,7;975,1;974,5;2052,1;22,9;13,1;23,2;22,5;14,1;12,5;55;48;51;142;5,8;3,8;
2026/02/27;2100 UTC;0;975,1;975,3;974,9;1182,6;22,4;13;22,7;21,9;13,6;12,4;57;49;53;141;5,4;4;
2026/02/27;2200 UTC;0;975,3;975,4;975,2;363,8;20,7;13,3;21,9;19;13,6;13;72;56;63;148;5,4;4,2;
2026/02/27;2300 UTC;0;975,3;975,4;975,2;5,8;18,2;13,8;18,9;17,4;13,9;13,4;81;73;78;135;7,1;4,8;
2026/02/28;0000 UTC;0;975,7;976;975,4;0;16,8;13,1;17,3;16,2;13,6;12,7;83;81;82;130;6,7;5,1;
2026/02/28;0100 UTC;0;976,1;976,2;975,9;0;15,4;12,7;16,2;14,4;12,8;12,6;92;83;87;114;4,6;4,1;
2026/02/28;0200 UTC;0;976,1;976,2;976;0;14,2;13;14,4;14;13,3;12,8;96;92;94;119;4,3;3,9;
2026/02/28;0300 UTC;0;975,9;976,1;975,7;0;14,5;13,3;14,8;14;13,5;13,1;96;93;94;126;4,4;3,9;
2026/02/28;0400 UTC;0;975,3;975,7;974,9;0;14,5;13,3;14,6;14,3;13,4;13,1;95;93;94;126;4,7;4,1;
2026/02/28;0500 UTC;0;974,6;974,9;974,5;0;14,6;13,3;14,7;14,5;13,4;13,2;94;93;93;130;4,4;3,6;
2026/02/28;0600 UTC;0;974,6;974,7;974,5;0;14,2;13,2;14,7;13,5;13,5;12,7;98;93;95;131;3,3;2,8;
2026/02/28;0700 UTC;0;974,6;974,7;974,6;0;14;13,2;14,2;13,7;13,4;12,8;97;94;96;132;3,5;2,8;
2026/02/28;0800 UTC;0;974,7;974,8;974,6;0;13,8;13,1;14,4;13,3;13,6;12,8;99;94;97;138;3,4;2,8;
2026/02/28;0900 UTC;0;975;975,2;974,8;0;13,7;13,1;14,1;13,2;13,6;12,7;99;95;97;125;3,8;3,2;
2026/02/28;1000 UTC;0;975,4;975,9;975,2;83,5;14,2;13,4;15,2;13,2;13,8;12,8;99;93;96;133;3,6;2,7;
2026/02/28;1100 UTC;0;976,1;976,4;975,9;696,5;16,2;14,4;17,5;15,2;15,1;13,8;93;84;91;112;4,6;3,1;
2026/02/28;1200 UTC;0;976,9;977,3;976,4;1554,6;18,7;14,3;19,9;17,5;14,8;13,8;86;72;78;95;6,6;4,9;
2026/02/28;1300 UTC;0;977,4;977,5;977,2;2129,3;20,4;14,4;20,8;20;15,1;13,8;75;67;70;95;7,9;5,7;
2026/02/28;1400 UTC;0;977,3;977,5;977;2938,1;21,7;14,7;22,6;20,9;15,4;13,8;71;60;65;94;7,5;4,8;
2026/02/28;1500 UTC;0;977,2;977,3;977,1;2814,9;22,5;14,8;23,5;21,7;16,2;13,8;67;56;61;101;6,6;4,7;
2026/02/28;1600 UTC;0;977;977,1;976,9;2776,9;23;15;24,4;21,8;16,5;13,9;65;54;60;108;6,6;4,4;
2026/02/28;1700 UTC;0;976,8;977;976,5;2897,2;23,7;15;24,8;22,8;16,7;13,7;63;51;56;104;7,3;4,8;
2026/02/28;1800 UTC;0;976,2;976,5;975,9;2823,4;24,2;14,7;25,2;23;15,9;13,9;57;48;53;98;7,2;5,2;
2026/02/28;1900 UTC;0;975,7;975,9;975,5;2760;24,9;14,8;25,4;24,1;16,2;13,9;54;47;50;107;8,9;5,6;
2026/02/28;2000 UTC;0;975,4;975,6;975,2;1841;24,5;14,7;25,5;23,2;16;13,8;57;45;51;101;7,8;5,6;
2026/02/28;2100 UTC;0;975,5;975,6;975,4;1013,3;23,2;15,5;24,7;22;15,9;15;67;54;61;114;9,4;5,6;
2026/02/28;2200 UTC;0;975,5;975,6;975,3;357,6;21,5;15,2;22,4;20,3;15,7;14,9;73;65;69;117;8;5,8;
2026/02/28;2300 UTC;0;975,8;976,1;975,5;5,6;19,1;14,8;20,3;18,1;15;14,7;83;73;79;118;6;4,4;
2026/03/01;0000 UTC;0;976,4;976,8;976,1;0;17,5;14,4;18,1;16,5;14,7;14,1;88;83;85;125;4,8;3,9;
2026/03/01;0100 UTC;0;977;977,2;976,8;0;16,6;14,5;16,8;16,4;14,7;14,2;92;87;90;140;5,2;4,3;
2026/03/01;0200 UTC;0;977,2;977,3;977,1;0;16,3;14,8;16,4;16,1;14,9;14,7;94;91;93;134;4,4;3,2;
2026/03/01;0300 UTC;0;977,1;977,3;977;0;15,7;14,7;16,1;15,2;14,9;14,4;97;94;95;130;3,6;2,8;
2026/03/01;0400 UTC;0;976,9;977;976,8;0;15,3;14,5;15,6;14,8;14,7;14;98;95;96;133;3;2,3;
2026/03/01;0500 UTC;0;976,6;976,8;976,3;0;14,8;14,3;15,3;14,4;14,8;13,9;99;96;98;111;4;2,9;
2026/03/01;0600 UTC;0;976,2;976,3;976,1;0;14,6;14,4;14,7;14,5;14,6;14,2;100;99;99;118;3,3;2,6;
2026/03/01;0700 UTC;0;976,1;976,2;976;0;14,3;14,3;14,7;13,8;14,8;13,7;100;99;99;140;3,7;2,8;
2026/03/01;0800 UTC;0;975,8;976;975,8;0;14,3;14,3;14,8;13,6;14,7;13,5;100;99;100;129;3,4;2,7;
2026/03/01;0900 UTC;0;976,1;976,5;975,8;0;14,7;14,6;14,9;14,3;14,9;14,3;100;99;100;133;3,7;2,9;
2026/03/01;1000 UTC;0;976,7;977,1;976,5;81,5;14,9;14,7;15,5;14,7;15;14,4;100;97;99;128;3,4;2,5;
2026/03/01;1100 UTC;0;977,3;977,7;977,1;728,3;16,7;15,6;18,2;15,6;16,2;15;97;89;94;113;4,8;3,5;
2026/03/01;1200 UTC;0;978;978,2;977,7;1419,6;19,3;16;20,1;18,3;16,8;15,5;90;78;84;118;7,1;4,7;
2026/03/01;1300 UTC;0;978,4;978,5;978,3;1602,5;20,6;16;21,2;19,7;16,7;15,2;83;72;77;104;7;5,1;
2026/03/01;1400 UTC;0;978,2;978,4;978,1;2167,9;21,7;15,4;22,8;20,8;16,3;14,8;74;62;68;99;8,3;5,6;
2026/03/01;1500 UTC;0;977,9;978,3;977,6;2038,3;22,4;15,3;23,8;21,8;17,1;14,6;71;61;65;112;8,9;6,7;
2026/03/01;1600 UTC;0;977,5;977,7;977,3;3068,4;23,5;15,3;25;22,2;16,5;14,6;63;54;59;104;9,9;6,5;
2026/03/01;1700 UTC;0;976,9;977,3;976,6;3013,7;24,4;15,9;25,4;23,7;16,8;14,9;62;54;57;104;9;6,2;
2026/03/01;1800 UTC;0;976,3;976,7;976;3081;25;15,9;25,8;24,1;16,5;15,1;59;51;54;97;10,1;7,2;
2026/03/01;1900 UTC;0;975,8;976,1;975,6;2834,4;25,3;16,1;26;24,5;17,1;15,6;59;50;54;98;9,4;7;
2026/03/01;2000 UTC;0;975,6;975,8;975,3;2038,2;24,7;15,6;25,1;24,2;16,2;14,8;56;52;55;98;9,8;7,3;
2026/03/01;2100 UTC;0;975,4;975,5;975,2;1156,4;23,6;15,1;24,3;22,9;15,7;14,8;61;54;58;103;10,7;7,3;
2026/03/01;2200 UTC;0;975,2;975,4;975;347,7;21,7;14,8;22,8;20,3;15,2;14,5;71;61;66;108;8,6;6,3;
2026/03/01;2300 UTC;0;975,1;975,2;974,9;4,5;19,2;14,5;20,3;18,3;14,6;14,4;80;71;76;114;7,2;5,3;
2026/03/02;0000 UTC;0;975,4;975,6;975,2;0;17,7;13,9;18,3;17;14,4;13,5;83;80;81;106;6,8;5,3;
2026/03/02;0100 UTC;0;975,7;975,8;975,5;0;16,3;13,5;17;15,8;13,7;13,3;89;82;86;111;6,1;4,8;
2026/03/02;0200 UTC;0;975,4;975,5;975,3;0;15,6;13,9;15,9;15,4;14,1;13,7;93;89;91;117;5,2;4,2;
2026/03/02;0300 UTC;0;975,3;975,5;975,1;0;15,2;14;15,5;15;14,1;13,8;95;92;94;111;5,5;4,4;
2026/03/02;0400 UTC;0;974,9;975,1;974,8;0;14,9;13,6;15,2;14,5;13,9;13,2;95;93;94;123;5,9;3,6;
2026/03/02;0500 UTC;0;974,8;974,9;974,6;0;14,8;13,3;15,2;14,5;13,5;13,2;94;91;92;124;4,6;3,7;
2026/03/02;0600 UTC;0;974,4;974,6;974,3;0;14,5;13,1;14,9;14;13,3;13;95;91;93;119;4,5;3,9;
2026/03/02;0700 UTC;0;974,2;974,3;974,1;0;14,1;13,3;14,6;13,9;13,7;13,1;98;94;96;115;4,4;3,6;
2026/03/02;0800 UTC;0;974,1;974,2;973,9;0;14,5;13,9;14,7;14;14,2;13,5;98;97;97;118;4,9;3,5;
2026/03/02;0900 UTC;0;974,1;974,2;973,9;0;14,4;14;14,6;14;14,2;13,5;99;97;98;114;5,4;3,8;
2026/03/02;1000 UTC;0;974,3;974,5;974,1;74,7;14,6;13,5;15,4;13,9;14;13,2;99;89;95;113;5;3,7;
2026/03/02;1100 UTC;0;974,6;974,9;974,4;683,2;17,3;14;19;15,4;14,6;13,2;89;76;83;93;8,9;6,7;
2026/03/02;1200 UTC;0;974,9;975,2;974,5;1564,4;20;14,7;20,9;19;15,2;14,1;78;69;73;69;10,8;7,8;
2026/03/02;1300 UTC;0;975,3;975,5;975;2371,7;21,8;14,4;22,7;21;15,4;13,5;69;60;63;87;11,3;7,8;
2026/03/02;1400 UTC;0;975,3;975,5;974,9;3015,2;22,9;15,6;23,6;22,4;16,5;15;67;59;63;83;10,6;7,7;
2026/03/02;1500 UTC;0;974,9;975,3;974,4;3451,3;24;16,9;25;23,1;18;16;68;60;64;88;9,5;6,4;
2026/03/02;1600 UTC;0;974,2;974,5;973,8;3558,4;25,3;17,7;25,9;24,8;18,5;16,8;66;59;62;78;9,8;7,2;
2026/03/02;1700 UTC;0;973,7;974,1;973,2;3364,4;25,6;18,3;26,7;24,8;19,6;17,6;67;59;63;86;9,5;6,5;
2026/03/02;1800 UTC;0;972,9;973,2;972,5;3082,1;26,1;18,5;26,6;25,2;19,3;17,8;66;58;62;87;11,3;8;
2026/03/02;1900 UTC;0;972,4;972,7;972;2596,7;25,9;18,4;26,5;25;19,3;17,9;66;60;63;89;11,3;8,2;
2026/03/02;2000 UTC;0;972,2;972,4;972;1946,3;25,6;18,4;26,1;25,2;19;18;67;61;64;81;10,3;7,7;
2026/03/02;2100 UTC;0;972,1;972,2;971,7;1129;24,8;18,2;25,4;24,1;18,6;17,7;69;64;67;89;11,6;8,4;
2026/03/02;2200 UTC;0;972,2;972,4;972;326,1;23,2;17,7;24,1;22,1;18;17,4;77;68;73;90;10,2;7,4;
2026/03/02;2300 UTC;0;972,3;972,4;972;3,7;21,2;17,4;22;20,6;17,5;17,3;84;77;81;89;9,9;7,3;
2026/03/03;0000 UTC;0;972,6;973;972,2;0;20,3;17,5;20,6;20;17,6;17,5;87;84;86;84;11,3;7,6;
2026/03/03;0100 UTC;0;973;973,2;972,7;0;19,7;17,5;20;19,5;17,5;17,5;90;87;89;84;10,1;6,9;
2026/03/03;0200 UTC;0;973,2;973,3;973;0;19,3;17,5;19,5;19,2;17,6;17,3;91;90;91;79;9,5;6,8;
2026/03/03;0300 UTC;0;973,2;973,4;972,9;0;18,8;17,3;19,2;18,5;17,4;17,2;94;91;93;82;8,8;5,7;
2026/03/03;0400 UTC;0;972,9;973,1;972,5;0;18,4;17,1;18,5;18,4;17,2;17;94;93;93;83;9,6;6,4;
2026/03/03;0500 UTC;0;972,7;972,9;972,4;0;18,4;17,1;18,5;18,1;17,2;17;95;93;94;79;8,3;5,3;
2026/03/03;0600 UTC;0;972,8;973;972,6;0;18;17,1;18,1;17,9;17,3;17;96;95;96;88;7,8;5,4;
2026/03/03;0700 UTC;0;972,8;972,9;972,7;0;18,2;17,3;18,3;18,1;17,4;17,2;96;95;95;91;7,6;4,9;
2026/03/03;0800 UTC;0;972,7;972,9;972,6;0;18,1;17,4;18,4;18;17,6;17,3;97;96;96;89;8,1;5,6;
2026/03/03;0900 UTC;0;973;973,2;972,8;0;18,3;17,5;18,4;18,2;17,6;17,4;97;96;96;94;8,1;5,2;
2026/03/03;1000 UTC;0;973,1;973,2;973;73,8;18,2;17,6;18,5;18,1;17,7;17,5;98;96;97;106;7,6;5,1;
2026/03/03;1100 UTC;0;973,3;973,9;972,9;635,9;19,4;17,8;20,2;18,5;18;17,7;96;88;92;90;10,2;6,6;
2026/03/03;1200 UTC;0;973,7;974;973,2;1475;21,1;18;22;20,3;18,5;17,7;89;80;85;79;9,6;6,2;
2026/03/03;1300 UTC;0;974,2;974,4;974;2277,4;22,9;18,6;23,9;22,1;19,2;18,1;83;74;79;80;8,4;6,5;
2026/03/03;1400 UTC;0;974,1;974,3;973,9;2919,6;25,1;19,7;26,3;23,9;20,6;18,8;76;69;73;74;8,4;6,3;
2026/03/03;1500 UTC;0;973,9;974;973,7;3279,7;26,7;20,5;27,4;26,2;21,4;20;73;65;69;69;7,7;5;
2026/03/03;1600 UTC;0;973,5;973,6;973,4;3418,3;28,2;21,1;28,9;27,2;22,1;20,1;71;59;65;68;6,6;3,8;
2026/03/03;1700 UTC;0;973,2;973,4;973;3262,7;29,2;21,4;29,6;28,6;22,2;20,4;66;57;61;90;6,2;3,6;
2026/03/03;1800 UTC;0;972,7;973;972,2;2654,3;29,4;21,5;29,7;28,9;22,2;20,9;64;58;61;97;7,6;4,6;
2026/03/03;1900 UTC;0;971,9;972,2;971,6;2084,4;29,5;21,5;30,2;28,8;22,4;20,7;64;57;60;106;7,2;5;
2026/03/03;2000 UTC;0;971,8;972;971,6;1045,4;28,6;21,3;29,2;28,1;21,7;21;67;61;64;102;7,4;5,6;
2026/03/03;2100 UTC;0;971,8;972;971,6;635,8;26,7;20,6;28;25,7;21,5;19,8;71;66;69;110;9,3;6,7;
2026/03/03;2200 UTC;0;972;972,2;971,7;176,5;24,5;19,1;25,6;23,5;19,7;18,7;76;70;73;115;6,6;5,1;
2026/03/03;2300 UTC;0;972,2;972,5;972,1;1,2;22,9;17,8;23,5;22,5;18,7;17,1;76;72;74;100;8,6;5,4;
2026/03/04;0000 UTC;0;972,8;973,2;972,4;0;22,3;17,6;22,7;21,9;17,8;17,2;79;73;76;85;7,4;5,1;
2026/03/04;0100 UTC;0;973,4;973,6;973,1;0;21,4;17,8;21,9;20,9;17,9;17,7;85;79;82;111;4,8;3,7;
2026/03/04;0200 UTC;0;973,3;973,9;972,9;0;21;18,1;21,4;20,7;18,3;17,9;87;84;85;82;5,8;3,4;
2026/03/04;0300 UTC;0;973,3;973,9;973;0;21;18,5;21,5;20,6;18,6;18,3;89;84;88;90;7,2;5,2;
2026/03/04;0400 UTC;0;973;973,2;972,9;0;20,8;18,6;21;20,6;18,7;18,5;90;88;89;93;6,7;4,5;
2026/03/04;0500 UTC;0;973,1;973,2;973;0;20,1;18,6;20,5;19,8;18,7;18,5;94;90;92;69;6,2;4;
2026/03/04;0600 UTC;0;972,7;973,1;972,6;0;19,6;18,6;19,8;19,4;18,7;18,5;96;94;95;83;4,3;3;
2026/03/04;0700 UTC;0;972,4;972,6;972,3;0;19,7;18,4;19,9;19,6;18,7;18,2;96;92;94;82;5,4;3,4;
2026/03/04;0800 UTC;0;972,5;972,6;972,3;0;19,9;17,9;20,1;19,6;18,1;17,8;91;89;90;109;2,7;1,5;
2026/03/04;0900 UTC;0;972,8;972,9;972,6;0;19,6;17,7;19,7;19,4;17,8;17,6;91;90;90;78;4,4;3,1;
2026/03/04;1000 UTC;0;973,1;973,4;972,9;35,7;19,7;17,6;19,9;19,6;17,7;17,3;91;87;89;73;4,9;3,1;
2026/03/04;1100 UTC;0;973,3;973,6;973,1;559;20,7;17,9;22,4;19,8;18,4;17,6;90;78;86;87;4,6;2,8;
2026/03/04;1200 UTC;0;973,6;973,7;973,5;1018,6;23;18,1;24,1;22,4;18,9;17,5;79;72;75;72;5;3,4;
2026/03/04;1300 UTC;0;974,4;975,3;973,7;824,6;24;18,8;25,8;21,8;19,8;18,2;83;67;74;215;10;4,6;
2026/03/04;1400 UTC;2;975,1;975,5;975;1028,8;21,3;19,1;22,1;20,9;20;18,2;94;81;89;187;6,7;4;
2026/03/04;1500 UTC;0;975,7;975,9;975,4;862,6;21,3;19,5;21,9;20,9;20,1;18,8;94;87;91;167;6,2;4;
2026/03/04;1600 UTC;2,2;975,9;976,3;975,6;396,2;20,7;19,3;21,3;20,1;19,8;18,8;96;90;93;187;5,9;3,5;
2026/03/04;1700 UTC;,2;975,1;975,6;974,9;1049,4;20,9;19,8;21,2;20,2;20,6;19,1;97;92;95;140;6;4,7;
2026/03/04;1800 UTC;0;974,9;975,2;974,3;1161,1;21,9;20,4;22,9;21,2;20,8;19,9;95;88;92;113;5,4;4,3;
2026/03/04;1900 UTC;0;973,9;974,3;973,7;1303;23,4;20,4;23,9;23;20,9;20;89;82;85;111;6,6;4,6;
2026/03/04;2000 UTC;0;973,8;974;973,7;1817,4;24,4;20,7;25,1;23,7;21,4;20,4;85;78;82;94;7,5;5,8;
2026/03/04;2100 UTC;0;973,9;974;973,7;845;23,7;20,9;24,8;23,2;21,4;20,4;90;81;86;106;6,9;4,8;
2026/03/04;2200 UTC;0;974,2;974,5;973,9;100,3;22,2;20,6;23,2;21,3;21,2;19,8;93;89;92;105;5,6;3,9;
2026/03/04;2300 UTC;0;974,5;974,7;974,4;1;20,8;19,7;21,2;20,4;20;19,3;97;93;95;124;4,9;3,9;
2026/03/05;0000 UTC;0;975,1;975,6;974,7;0;20,5;19,6;20,7;20,3;19,9;19,3;96;94;95;115;6;4,9;
2026/03/05;0100 UTC;0;975,9;976,2;975,5;0;20,8;20,2;20,9;20,6;20,4;19,9;98;96;97;121;6,1;4,8;
2026/03/05;0200 UTC;0;976,1;976,3;975,9;0;20,7;20,6;20,8;20,6;20,7;20,4;100;98;99;113;6,4;4,8;
2026/03/05;0300 UTC;0;976;976,1;975,8;0;20,6;20,5;20,7;20,4;20,6;20,4;100;99;100;111;6,2;4,7;
2026/03/05;0400 UTC;0;976,1;976,2;975,9;0;20,5;20,4;20,5;20,4;20,5;20,3;100;99;100;98;6,9;4,7;
2026/03/05;0500 UTC;0;975,7;975,9;975,4;0;20,4;20,2;20,5;20,1;20,4;20,1;100;99;99;117;6,4;4,6;
2026/03/05;0600 UTC;0;975,4;975,6;975,3;0;20,3;20,3;20,4;20,2;20,4;20,2;100;100;100;108;7,7;5,7;
2026/03/05;0700 UTC;0;975,3;975,6;975;0;20,4;20,4;20,5;20,4;20,4;20,3;100;100;100;108;7,5;5,6;
2026/03/05;0800 UTC;0;975,3;975,5;975,2;0;20,4;20,3;20,5;20,3;20,4;20,3;100;100;100;109;7,5;5,4;
2026/03/05;0900 UTC;0;975,6;975,8;975,4;0;20,1;20,1;20,3;19,9;20,3;19,9;100;100;100;115;7,1;5,4;
2026/03/05;1000 UTC;0;976,2;976,6;975,8;11,2;19,8;19,8;19,9;19,8;19,9;19,7;100;100;100;120;6,4;4,9;
2026/03/05;1100 UTC;;;;;;;;;;;;;;;;;;
2026/03/05;1200 UTC;0;977,2;977,4;977;925,4;21,2;19,9;22,5;20,2;20,4;19,6;98;87;94;119;9,6;7;
2026/03/05;1300 UTC;0;977,7;977,9;977,4;1184,6;22,6;19,3;23,3;22,1;20,2;18,6;90;78;83;121;9;7,1;
2026/03/05;1400 UTC;0;977,9;978,1;977,6;2370,9;24,2;18,9;25,3;23,2;19,9;17,9;80;66;74;104;8,5;6,3;
2026/03/05;1500 UTC;0;977,7;978;977,3;3198,8;25,3;19;26,3;24,7;20,3;17,7;74;63;69;109;9,5;6,6;
2026/03/05;1600 UTC;0;977,3;977,6;976,9;2862;25,4;19,4;26,3;24,6;20,5;18,5;76;64;70;129;8,5;6,1;
2026/03/05;1700 UTC;0;977,2;977,3;976,9;2808,4;25,3;19,6;26,2;24,6;20,5;18,9;76;68;72;130;10,2;7,3;
2026/03/05;1800 UTC;0;976,8;977,2;976,4;2641,2;25,5;19,5;26,3;24,6;20,3;19;74;66;70;130;10,7;7,5;
2026/03/05;1900 UTC;0;976,6;976,8;976,4;1763,4;25;19,3;25,9;24,6;20,1;18,9;75;68;72;137;10,3;7,3;
2026/03/05;2000 UTC;0;976,8;976,9;976,6;569,8;23;19,2;24,5;22,5;19,5;18,8;85;74;81;136;9,4;6,4;
2026/03/05;2100 UTC;0;976,7;976,8;976,5;433,1;22,5;19,3;23,1;22,1;19,7;19;87;82;84;129;9,9;7,3;
2026/03/05;2200 UTC;0;976,6;976,7;976,3;238,1;21,9;18,9;22,4;21,2;19,1;18,8;89;82;85;129;8,8;6,2;
2026/03/05;2300 UTC;0;976,9;977,2;976,6;,8;20,7;18,9;21,3;20,3;19;18,7;94;88;91;134;6,5;4,9;
2026/03/06;0000 UTC;0;977,3;977,5;977,1;0;20;19,2;20,3;19,7;19,3;19;98;94;96;137;6,4;4,6;
2026/03/06;0100 UTC;0;977,7;978;977,4;0;19,7;19,5;19,8;19,5;19,6;19,4;100;98;99;131;6,8;4,8;
2026/03/06;0200 UTC;0;977,7;978;977,6;0;19,6;19,7;19,7;19,5;19,8;19,5;100;100;100;125;7;5,1;
2026/03/06;0300 UTC;0;977,9;978,1;977,6;0;19,6;19,6;19,8;19,4;19,9;19,4;100;100;100;125;4,7;3,4;
2026/03/06;0400 UTC;0;977,7;977,9;977,3;0;19,8;19,8;19,9;19,6;20;19,6;100;100;100;118;6,1;4,7;
2026/03/06;0500 UTC;0;977,2;977,5;976,9;0;19,8;19,8;19,9;19,6;19,9;19,7;100;100;100;105;7,4;5,1;
2026/03/06;0600 UTC;0;976,7;976,9;976,6;0;19,8;19,8;19,9;19,8;19,9;19,8;100;100;100;113;5,2;3,8;
2026/03/06;0700 UTC;0;976,4;976,7;976,1;0;20;20;20,1;19,9;20,1;19,9;100;100;100;112;4,9;3,7;
2026/03/06;0800 UTC;0;976,1;976,2;975,8;0;19,9;20;20,1;19,8;20,1;19,9;100;100;100;108;5,7;4,3;
2026/03/06;0900 UTC;0;976,4;976,6;976,1;0;19,9;20;20;19,9;20,1;19,9;100;100;100;109;7,6;5,6;
2026/03/06;1000 UTC;0;976,8;976,9;976,6;19,4;20;20;20;19,9;20;19,9;100;100;100;107;8;6,6;
2026/03/06;1100 UTC;0;976,8;977;976,6;265,6;20,3;20,1;20,6;20,1;20,2;19,8;100;97;99;114;10,5;7,3;
2026/03/06;1200 UTC;0;977,3;977,7;976,8;810,8;21,2;20;22,3;20,7;20,2;19,7;97;88;94;103;10;6,7;
2026/03/06;1300 UTC;0;977,7;977,8;977,4;1806,9;22,7;19,7;23,4;22,2;20,5;19,2;91;80;85;103;9,4;6,9;
2026/03/06;1400 UTC;0;977,6;977,8;977,4;2266,1;23,9;19,5;25;22,8;20,3;19;84;71;78;107;10,1;6,9;
2026/03/06;1500 UTC;0;976,9;977,4;976,5;2437,2;25;19,4;26,1;24;20,4;18,5;78;67;72;107;9,4;6,8;
2026/03/06;1600 UTC;0;976,6;976,8;976,4;2295,2;25;20;26,4;24,3;21,5;19,2;80;70;75;99;9,3;7;
2026/03/06;1700 UTC;0;976,5;976,6;976,3;2290,7;25,3;20,3;25,8;24,9;21,3;19,6;80;73;75;108;7,9;5,6;
2026/03/06;1800 UTC;0;975,7;976,3;975,2;1924,9;24,7;20,5;25,8;24,3;21,2;20,1;81;74;79;125;9,6;7,3;
2026/03/06;1900 UTC;0;975,3;975,5;974,8;1852,3;24,7;20,2;25,6;23,8;21;19,7;82;74;78;121;10,3;7,9;
2026/03/06;2000 UTC;0;974,4;975;974;1382,3;24,3;19,9;25,3;23,3;20,6;19,5;83;74;78;124;10,4;7,8;
2026/03/06;2100 UTC;0;974,1;974,3;973,9;352,5;22,8;19,5;23,3;22,2;19,8;19,2;87;81;84;120;10,4;7,7;
2026/03/06;2200 UTC;0;974,4;974,7;974,1;67,8;21,7;19,8;22,2;21,4;20;19,6;92;87;91;120;11;7,6;
2026/03/06;2300 UTC;0;974,6;975;974,3;,4;21,1;19,8;21,4;20,9;19,9;19,7;95;92;94;120;10,4;7,6;
2026/03/07;0000 UTC;0;974,8;975,1;974,5;0;20,7;19,7;20,9;20,6;19,9;19,5;96;94;95;118;11,2;7,8;
2026/03/07;0100 UTC;0;975,1;975,6;974,6;0;20,5;19,8;20,6;20,5;19,8;19,6;97;95;96;112;11,2;7;
2026/03/07;0200 UTC;0;975,7;976;975,4;0;20,6;20;20,6;20,4;20,2;19,8;99;96;97;107;8,4;5,6;
2026/03/07;0300 UTC;,2;975,1;975,4;974,6;0;20,4;20,3;20,5;20,4;20,3;20,2;100;99;99;115;8;5,9;
2026/03/07;0400 UTC;,4;974,3;974,8;973,8;0;20,3;20,3;20,4;20,2;20,4;20,2;100;99;100;110;8,6;5,8;
2026/03/07;0500 UTC;1;973,6;973,9;973,3;0;20,3;20,3;20,3;20,2;20,4;20,2;100;100;100;98;8,6;5,9;
2026/03/07;0600 UTC;,4;973,1;973,3;972,8;0;20,3;20,4;20,4;20,3;20,4;20,3;100;100;100;97;5,6;3,8;
2026/03/07;0700 UTC;,2;972,3;972,8;972;0;20,3;20,3;20,4;20,2;20,4;20,3;100;100;100;109;5,3;3,8;
2026/03/07;0800 UTC;0;971,8;972;971,6;0;20,2;20,2;20,2;20,1;20,3;20,2;100;100;100;110;4,2;3,4;
2026/03/07;0900 UTC;0;971,8;972,2;971,6;0;20,1;20,1;20,2;20;20,2;20,1;100;100;100;156;3,2;2,4;
2026/03/07;1000 UTC;0;972,2;972,4;971,9;14,2;20;20,1;20,2;20;20,2;20;100;100;100;188;3,3;2,1;
2026/03/07;1100 UTC;,2;972,4;972,5;972,2;137,2;19,8;19,8;20;19,6;20,1;19,6;100;100;100;162;5,2;3,6;
2026/03/07;1200 UTC;,2;972,6;973;972,2;210,2;18,8;18,6;19,7;18,6;19,7;18,3;100;98;99;183;7,2;4,5;
2026/03/07;1300 UTC;2;973,2;973,5;972,9;207,1;18,4;18,1;18,8;17,8;18,4;17,1;100;96;98;165;11,7;7,7;
2026/03/07;1400 UTC;1;973,2;973,6;972,1;393,1;17,9;17,5;18,1;17,7;17,9;17,1;99;97;98;146;11,4;8,5;
2026/03/07;1500 UTC;1;972,8;973,3;971,7;375,2;18,4;18;19;18,1;18,6;17,6;99;96;98;146;10,5;7,1;
2026/03/07;1600 UTC;,2;972,8;973;972,5;2011,4;19,9;18,5;20,9;19,1;19,1;17,8;98;86;93;134;13;9,5;
2026/03/07;1700 UTC;0;972,7;972,9;972,2;3010,8;22,1;17,8;23,3;20,8;19,4;16,7;89;69;78;138;11,2;7,7;
2026/03/07;1800 UTC;0;973,1;973,4;972,6;1610,7;22,4;17,1;23,1;21,7;17,7;16,5;79;69;73;131;8,7;5,8;
2026/03/07;1900 UTC;0;973;973,3;972,6;1435,5;22,1;17,8;23,3;19,6;18,4;17,2;93;72;78;140;11,6;7,7;
2026/03/07;2000 UTC;0;972,9;973;972,7;1174,9;20,8;18,6;21,6;19,6;19,7;17,4;95;80;89;136;9,3;6,9;
2026/03/07;2100 UTC;0;973,2;973,4;972,9;727,4;20,9;17,4;22,3;19,9;18,1;16,8;90;74;83;151;9;6,9;
2026/03/07;2200 UTC;,6;973,3;973,4;973,2;354;19,6;18,1;20,2;18,6;18,6;17,6;97;90;93;129;9,1;5;
2026/03/07;2300 UTC;,2;973,6;973,7;973,4;,2;18,4;17,9;18,7;17,8;18,3;17,6;99;97;98;140;9,3;6,6;
2026/03/08;0000 UTC;0;974,1;974,6;973,6;0;18;18;18,1;17,8;18,1;17,6;100;99;100;128;8,4;5,6;
2026/03/08;0100 UTC;0;974,8;975,1;974,5;0;18;18,1;18;17,9;18,1;18;100;100;100;131;7,1;4,6;
2026/03/08;0200 UTC;,2;975,1;975,2;975;0;18;18,1;18,1;17,9;18,1;18;100;100;100;145;7;4,9;
2026/03/08;0300 UTC;0;975,3;975,5;975,2;0;18;18;18,1;17,9;18,1;18;100;100;100;145;6,1;4,1;
2026/03/08;0400 UTC;0;975,4;975,5;975,2;0;17,9;18;17,9;17,9;18;17,9;100;100;100;129;6,2;4,3;
2026/03/08;0500 UTC;0;975,2;975,4;974,9;0;17,9;17,9;17,9;17,8;18;17,9;100;100;100;129;7,5;5,4;
2026/03/08;0600 UTC;,2;974,9;975,1;974,8;0;17,9;18;18;17,7;18,1;17,8;100;100;100;114;8,9;6;
2026/03/08;0700 UTC;,4;974,8;974,9;974,7;0;17,7;17,8;17,7;17,7;17,8;17,7;100;100;100;119;8,3;5,5;
2026/03/08;0800 UTC;,4;975;975,2;974,7;,1;17,7;17,6;17,7;17,5;17,8;17,5;100;99;100;112;8,9;6,4;
2026/03/08;0900 UTC;0;975,6;975,9;975,1;0;17,8;17,8;17,8;17,7;17,9;17,6;100;100;100;121;8,1;5,7;
2026/03/08;1000 UTC;0;976,3;976,9;975,8;24,7;17,8;17,9;17,9;17,8;17,9;17,8;100;100;100;127;7,8;5,3;
2026/03/08;1100 UTC;0;977,2;977,4;976,9;324,1;18,1;17,8;18,5;17,9;18;17,4;100;95;98;124;8,6;6,5;
2026/03/08;1200 UTC;0;977,7;978,1;977,2;1097;19,2;17,4;19,9;18,5;17,8;16,9;96;86;91;121;10;7;
2026/03/08;1300 UTC;0;978,3;978,6;978;1310,2;20,1;16,9;20,9;19,6;18;15,8;90;77;84;123;11,6;8,7;
2026/03/08;1400 UTC;0;978,6;978,9;978,2;2023;21,3;16,3;21,9;20,6;17,2;15,5;79;72;75;107;10;7,1;
2026/03/08;1500 UTC;0;978,9;979;978,6;1153,4;20,8;16;21,6;20,1;16,6;15,5;80;72;76;121;9,5;6,4;
2026/03/08;1600 UTC;0;978,7;978,9;978,4;1539,6;21;16,5;22;20,2;17,8;15,7;82;74;77;123;10,6;7,9;
2026/03/08;1700 UTC;0;978,4;978,5;978,1;2224,5;21,2;16,3;22;20,8;17,1;15,5;81;70;75;121;11,2;8,8;
2026/03/08;1800 UTC;0;978,1;978,3;977,9;2198;22;15,6;23,1;21,3;16,5;14,9;73;63;68;117;12;8,3;
2026/03/08;1900 UTC;0;977,9;978,3;977,4;2028,6;22,2;14,9;23,1;21,1;15,8;14;69;61;64;110;12,3;8,3;
2026/03/08;2000 UTC;0;977,5;977,8;977,1;1602,6;21,7;14,1;22,9;20,5;15,7;12,9;67;57;62;116;12,8;7,2;
2026/03/08;2100 UTC;0;977,6;977,8;977,3;976,8;20,9;13,2;21,6;20,5;13,7;12,7;65;58;62;120;11,8;8,1;
2026/03/08;2200 UTC;0;977,7;978,2;977,3;187,5;19,2;13,3;20,5;18,2;13,6;13;77;63;71;115;9,6;6,1;
2026/03/08;2300 UTC;0;978,6;979,2;978,1;,3;17,6;13,7;18,2;16,9;13,9;13,5;83;77;80;123;8,1;5,4;
2026/03/09;0000 UTC;0;979,5;980;979,2;0;16,4;13,1;16,9;16,2;13,5;12,9;84;82;83;126;7,4;5,3;
2026/03/09;0100 UTC;0;980,4;980,6;980,1;0;16,4;13,3;16,7;15,8;13,5;13;88;83;85;135;6,1;4,7;
2026/03/09;0200 UTC;0;980,7;980,9;980,5;0;15,6;13,7;15,8;15,2;13,9;13,4;93;88;91;135;7,1;5,6;
2026/03/09;0300 UTC;0;980,8;981,2;980,3;0;15;13,5;15,2;14,7;13,8;13;93;91;92;133;6,4;3,6;
2026/03/09;0400 UTC;0;980,4;981,2;980,1;0;14,7;12,9;14,9;14,6;13,2;12,5;93;88;91;138;6,1;4,5;
2026/03/09;0500 UTC;0;980,1;980,3;979,6;0;14,7;12,5;14,9;14,4;12,6;12,2;90;88;89;135;6;4,5;
2026/03/09;0600 UTC;0;979,2;979,7;978,7;0;14,5;12,1;14,8;14,1;12,3;12;90;86;88;116;6,6;5,1;
2026/03/09;0700 UTC;0;978;978,6;977,5;0;15,3;12,1;15,7;14,6;12,2;11,9;87;82;84;117;10;7,7;
2026/03/09;0800 UTC;0;978,4;979,3;977,7;0;15,5;12,2;15,8;14,7;12,3;12;88;82;84;123;8;5;
2026/03/09;0900 UTC;0;979,2;979,7;978,8;0;14,4;12,4;14,7;14,1;12,5;12,3;92;88;90;132;6,3;4,6;
2026/03/09;1000 UTC;0;980,4;980,8;979,7;19;14,2;12,5;14,4;13,9;12,6;12,3;93;89;91;143;6,3;5;
2026/03/09;1100 UTC;0;980,7;980,9;980,6;317,4;14,9;12,9;15,5;14,2;13,1;12,6;93;87;90;133;7,9;6,2;
2026/03/09;1200 UTC;0;981,3;981,6;980,9;718,9;16,7;13,3;18,1;15,6;13,8;12,9;87;78;83;121;9,9;7,2;
2026/03/09;1300 UTC;0;981,7;982,2;981,5;2084,7;19,3;14,2;20,1;18,2;14,8;13,7;80;71;75;112;13,2;8,9;
2026/03/09;1400 UTC;0;981,8;982,2;981,3;2467,2;20,5;14,6;21,3;19,7;15,5;13,9;74;66;70;109;13,1;8,3;
2026/03/09;1500 UTC;0;981,3;981,5;981;2454,2;21,1;15;22;20,5;15,8;14,4;74;64;69;116;13,1;8,1;
2026/03/09;1600 UTC;0;981,2;981,3;980,9;2327,5;21,4;15,1;22,2;20,6;15,7;14,6;71;65;69;125;11,2;7,7;
2026/03/09;1700 UTC;0;981;981,3;980,7;2762,7;21,9;15,4;23,2;20,7;16,1;14,6;71;63;67;110;10,7;8;
2026/03/09;1800 UTC;0;980,8;981,1;980,5;2820,2;22,2;15,4;23,1;21,3;16,5;14,7;70;62;66;106;10,4;7,9;
2026/03/09;1900 UTC;0;980,5;980,8;980,1;2314,5;21,9;15;22,8;20,8;15,6;14,5;70;62;66;108;10,3;7,6;
2026/03/09;2000 UTC;0;980,3;980,5;979,9;1885,7;21,8;14,7;22,3;20,9;15,4;14;67;62;65;108;10,2;7,8;
2026/03/09;2100 UTC;0;980;980,3;979,8;1025,9;20,8;14,1;21,5;20,1;14,8;13,7;69;64;67;109;9,8;7,5;
2026/03/09;2200 UTC;0;979,8;980,1;979,6;276,3;19,4;13,9;20;18,6;14,1;13,5;77;68;72;117;10,3;7,5;
2026/03/09;2300 UTC;0;980,1;980,3;979,8;,9;18,2;14;18,6;18,1;14,2;13,9;80;77;79;112;9;6,1;
2026/03/10;0000 UTC;0;980,6;980,9;980,3;0;17,9;14;18,1;17,6;14,1;13,8;83;79;80;119;7,7;5,1;
2026/03/10;0100 UTC;0;981,1;981,2;980,8;0;17,5;14,1;17,7;17,4;14,2;14;84;82;83;110;6,1;4,1;
2026/03/10;0200 UTC;0;980,9;981,2;980,7;0;17,2;13,9;17,5;16,9;14,2;13,6;84;82;83;103;7,4;4,8;
2026/03/10;0300 UTC;0;980,9;981;980,7;0;16,3;13,9;16,9;16;14,3;13,6;91;84;88;122;4,4;3,7;
2026/03/10;0400 UTC;0;980,9;981;980,8;0;16,2;14,2;16,4;16,1;14,3;14,1;91;89;90;120;5,1;3,9;
2026/03/10;0500 UTC;0;980,5;980,8;980,1;0;15,8;14,2;16,1;15,4;14,3;14;94;90;92;127;5,3;3,8;
2026/03/10;0600 UTC;0;979,8;980,1;979,7;0;15,1;14,3;15,4;15;14,5;14,2;97;94;96;122;5,8;4,3;
2026/03/10;0700 UTC;0;979,6;979,8;979,5;0;15,7;14,6;16;15,2;14,7;14,5;96;93;94;128;7,2;4,6;
2026/03/10;0800 UTC;0;979,7;979,8;979,6;0;16,1;14,6;16,2;16;14,7;14,5;93;92;92;118;7,7;5,6;
2026/03/10;0900 UTC;0;979,9;980;979,7;0;16,5;14,7;16,7;16,3;14,9;14,6;92;90;91;117;8,6;6,4;
2026/03/10;1000 UTC;0;980,2;980,7;979,7;26,8;16,6;14,9;16,8;16,4;15,1;14,7;92;91;92;121;7,9;6,2;
2026/03/10;1100 UTC;0;981;981,4;980,7;193,5;17,2;15,6;17,4;16,8;16,1;15,1;94;92;92;118;9,2;6,9;
2026/03/10;1200 UTC;0;981,4;981,5;981,2;391,2;17,6;16,3;17,8;17,3;16,6;16;95;93;94;114;11,3;7,9;
2026/03/10;1300 UTC;0;981,5;981,7;981,3;580;17,4;16,9;17,5;17,3;17,1;16,7;98;96;98;111;11,3;8,6;
2026/03/10;1400 UTC;0;981,5;981,7;981,2;748,1;17,6;17;18;17,4;17,4;16,7;99;95;97;109;11,7;8,7;
2026/03/10;1500 UTC;,2;981,2;981,5;980,7;1004,5;17,9;17,2;18,5;17,6;17,5;16,7;98;92;96;106;10,8;8,4;
2026/03/10;1600 UTC;0;980,6;980,8;980,3;799,3;18,5;16,6;18,6;18,1;17,2;16,2;93;88;91;113;12;8,9;
2026/03/10;1700 UTC;0;980,5;980,6;980,1;646,5;18,2;16,6;18,6;17,8;17,4;16,2;97;88;92;122;10,4;7,9;
2026/03/10;1800 UTC;0;980,1;980,5;979,7;966,7;18,2;17,5;18,5;17,9;17,8;17,3;98;95;97;119;10,3;8,2;
2026/03/10;1900 UTC;,2;979,8;980,1;979,4;1104,4;18;17,5;18,3;17,8;17,9;17,1;99;96;98;126;11,8;8,9;
2026/03/10;2000 UTC;,2;979,5;979,7;979,2;683,8;17,7;17,4;18;17,4;17,6;17,2;99;97;98;125;11,2;7,8;
2026/03/10;2100 UTC;,2;979,4;979,6;979,2;274,3;17;17;17,4;16,8;17,2;16,8;100;99;100;133;9,7;7,5;
2026/03/10;2200 UTC;,2;979,2;979,4;978,7;60,1;16,6;16,7;16,8;16,5;16,8;16,6;100;100;100;128;12,3;9,5;
2026/03/10;2300 UTC;0;979,3;979,5;978,8;,3;16,5;16,5;16,5;16,4;16,6;16,5;100;100;100;131;11,1;8,2;
2026/03/11;0000 UTC;0;979,5;979,7;979,2;0;16,5;16,6;16,6;16,4;16,7;16,5;100;100;100;126;9,2;6,9;
2026/03/11;0100 UTC;0;979,4;979,6;979;0;16,8;16,9;16,9;16,6;17;16,7;100;100;100;116;11,3;8,3;
2026/03/11;0200 UTC;,2;979,4;979,6;979,3;0;17;17;17;16,9;17,1;17;100;100;100;109;9,5;7,5;
2026/03/11;0300 UTC;,4;979,4;979,5;979,2;0;17;17;17;16,9;17,1;17;100;100;100;110;7,4;5,6;
2026/03/11;0400 UTC;1,2;979;979,4;978,7;0;17,1;17,1;17,1;17;17,2;17,1;100;100;100;118;6,6;4,9;
2026/03/11;0500 UTC;,2;978,6;978,9;978,2;0;17,1;17,2;17,1;17,1;17,2;17,1;100;100;100;118;6,9;4,8;
2026/03/11;0600 UTC;,2;978;978,3;977,7;0;17,3;17,4;17,5;17,1;17,5;17,2;100;100;100;107;6,6;4,6;
2026/03/11;0700 UTC;0;977,7;977,8;977,5;0;17,6;17,7;17,7;17,4;17,7;17,5;100;100;100;107;6,2;4,7;
2026/03/11;0800 UTC;0;977,3;977,5;977,1;0;17,8;17,8;17,9;17,7;17,9;17,7;100;100;100;109;7,4;4,3;
2026/03/11;0900 UTC;0;977,2;977,3;977,1;,3;17,7;17,7;17,8;17,5;17,9;17,6;100;100;100;139;7;4,8;
2026/03/11;1000 UTC;,2;977,5;977,8;977,2;3;17,6;17,7;17,7;17,5;17,8;17,5;100;100;100;117;4,9;3,5;
2026/03/11;1100 UTC;0;978;978,3;977,8;56,2;18;18;18,1;17,7;18,1;17,8;100;100;100;113;5,1;4;
2026/03/11;1200 UTC;0;978,3;978,4;978,1;323,7;18,4;18,5;18,9;18,1;19;18,2;100;100;100;105;6,3;4,6;
2026/03/11;1300 UTC;0;978,2;978,3;978,1;824,7;19,4;19,1;20;18,8;19,4;18,5;100;93;99;97;7,3;5,1;
2026/03/11;1400 UTC;0;978,1;978,3;977,9;1094;20,5;18,9;21;19,9;19,3;18,5;95;89;92;94;5,2;3,7;
2026/03/11;1500 UTC;0;977,6;977,8;977,4;1898,4;21,9;19,1;22,5;20,5;19,8;18,6;93;82;86;105;5,7;4,3;
2026/03/11;1600 UTC;0;977,2;977,4;977;2479,4;22,9;19,1;24,1;21,8;20;18,6;86;74;81;113;5,7;4;
2026/03/11;1700 UTC;0;976,7;977;976,5;2554,6;24;19,4;25,3;23,1;20,6;18,4;83;69;77;133;5,8;3,9;
2026/03/11;1800 UTC;0;976,1;976,5;975,8;1796,4;24,1;19,8;25,5;22,8;20,5;19,2;87;71;78;133;8,6;4,8;
2026/03/11;1900 UTC;0;975,4;975,8;974,9;2107,8;23,8;20,2;24,6;22,7;20,8;19,6;87;78;82;122;8;5,9;
2026/03/11;2000 UTC;0;974,9;975;974,7;1834,3;24,2;19,9;24,8;23,3;20,5;19,3;81;75;79;125;7,8;6;
2026/03/11;2100 UTC;0;974,9;975,1;974,7;984,2;23,6;19,7;24,4;22,1;20,3;19,1;91;76;80;149;8,1;5,6;
2026/03/11;2200 UTC;,2;975,1;975,3;975;322,9;21,3;20,3;22,2;20,7;20,6;20;99;90;95;141;7,4;4,6;
2026/03/11;2300 UTC;0;975,4;975,5;975,2;,2;20,5;19,9;20,7;20,1;20,5;19,5;99;95;97;124;6,3;4;
2026/03/12;0000 UTC;0;975,9;976,2;975,5;0;20,1;19,7;20,2;20;19,8;19,6;98;97;98;114;4,5;2,5;
2026/03/12;0100 UTC;0;976,2;976,3;976,1;0;20;19,5;20,1;19,6;19,7;19,2;98;97;98;204;4,5;3,2;
2026/03/12;0200 UTC;0;976,4;976,5;976,3;0;19,1;18,8;19,6;18,9;19,1;18,6;99;97;98;136;5,8;3,9;
2026/03/12;0300 UTC;0;976,3;976,5;976,2;,1;18,5;18,5;18,9;18,2;18,8;18,1;100;99;100;111;6,2;4,7;
2026/03/12;0400 UTC;0;975,8;976,2;975,4;0;17,8;17,2;18,2;17,7;18,1;16,7;99;95;97;91;7;4,7;
2026/03/12;0500 UTC;0;975,6;975,8;975,5;0;17,2;17;17,7;16,9;17,3;16,9;100;98;99;128;6;4,5;
2026/03/12;0600 UTC;0;975,4;975,5;975,4;0;17,8;17,9;18,4;17;18,4;17,1;100;100;100;118;4,8;3,7;
2026/03/12;0700 UTC;0;975,3;975,5;975,1;0;18,5;18,6;18,6;18,4;18,6;18,4;100;100;100;107;6,4;4,9;
2026/03/12;0800 UTC;0;975,3;975,5;975,1;0;18,3;18,4;18,5;18,2;18,5;18,3;100;100;100;114;7;5,1;
2026/03/12;0900 UTC;0;975,6;975,8;975,4;0;18,3;18,3;18,3;18,2;18,4;18,3;100;100;100;87;5,9;3,9;
2026/03/12;1000 UTC;0;976;976,3;975,8;13,8;18,3;18,3;18,3;18,2;18,4;18,3;100;100;100;93;5,6;3,8;
2026/03/12;1100 UTC;0;976,5;976,6;976,3;256,8;18,5;18,6;19,4;18,3;19,4;18,3;100;100;100;81;5,3;2,9;
2026/03/12;1200 UTC;0;976,8;977;976,6;624,1;19,3;19;19,9;19;19,4;18,6;100;94;98;99;5,4;4;
2026/03/12;1300 UTC;0;976,9;977,1;976,8;613,9;20,1;18,5;20,3;19,9;19;18;95;89;92;94;6,4;4,5;
2026/03/12;1400 UTC;,4;977,2;977,4;977;751,2;20,2;18,7;20,6;19,7;19,6;18;97;88;93;116;6,2;4,5;
2026/03/12;1500 UTC;,2;977,3;977,5;976,8;1682,4;18,3;17,5;19,8;17,4;19;16,5;99;85;96;125;12,3;8,4;
2026/03/12;1600 UTC;0;976,8;977,1;976,3;2925;20,6;16,1;22,4;19;17,3;14,8;88;65;78;124;9,9;7,1;
2026/03/12;1700 UTC;0;976,1;976,4;975,9;2757,2;22,5;15,6;23,4;21,6;16,5;14,6;73;60;65;154;8,7;6,4;
2026/03/12;1800 UTC;0;975,6;975,9;975,2;2598,7;23;16,1;23,8;22;16,8;15,2;71;61;66;152;9,1;6,7;
2026/03/12;1900 UTC;0;974,9;975,2;974,7;2530,8;23;15,9;23,8;22,4;17;15,1;71;59;65;144;10,4;7,6;
2026/03/12;2000 UTC;0;974,5;974,8;974,4;1843,5;22,1;16,6;22,6;21,7;17,3;16;76;69;73;144;12,8;9;
2026/03/12;2100 UTC;0;974,5;974,6;974,1;975,2;21,1;16,4;21,7;20,4;16,9;16;82;73;76;142;10,4;7,4;
2026/03/12;2200 UTC;0;974,8;975;974,5;159,6;19,7;17;20,3;19,3;17,4;16,7;90;82;87;137;8,4;6;
2026/03/12;2300 UTC;0;975,2;975,6;974,9;,2;19,1;17,7;19,3;19;18,1;17,4;96;91;93;119;9,4;6,9;
2026/03/13;0000 UTC;0;975,9;976,2;975,5;0;18,6;17,9;18,9;18,4;18,1;17,7;97;96;96;120;9,4;5,8;
2026/03/13;0100 UTC;0;976;976,2;975,9;0;18,2;17,9;18,4;17,9;18;17,7;99;98;98;119;6,7;4,9;
2026/03/13;0200 UTC;0;975,7;976;975,5;0;17,5;17,4;17,9;17,2;17,7;17,3;100;99;100;122;4,6;3,6;
2026/03/13;0300 UTC;0;975,5;975,5;975,4;0;17,3;17,4;17,5;17,2;17,5;17,2;100;100;100;123;5,2;3,7;
2026/03/13;0400 UTC;0;975,2;975,4;974,9;0;17,5;17,5;17,5;17,4;17,6;17,5;100;100;100;133;5,8;4,1;
2026/03/13;0500 UTC;0;974,7;974,9;974,5;0;17,5;17,5;17,5;17,5;17,6;17,5;100;100;100;138;6,6;4,5;
2026/03/13;0600 UTC;0;974,4;974,6;974,2;0;17,3;17,4;17,5;17,2;17,5;17,3;100;100;100;146;6,1;4,6;
2026/03/13;0700 UTC;0;974,1;974,3;974;0;17,1;17,1;17,4;16,7;17,4;16,7;100;100;100;142;4,6;3,3;
2026/03/13;0800 UTC;0;973,7;973,9;973,5;0;16,8;16,8;16,9;16,6;17;16,7;100;100;100;163;7,1;5,3;
2026/03/13;0900 UTC;0;973,7;973,9;973,5;0;16,5;16,2;16,7;16,1;16,8;15,5;100;96;98;160;5,6;3,5;
2026/03/13;1000 UTC;0;974,2;974,5;973,9;28,8;17,1;16,5;17,4;16,8;16,9;16,1;98;95;97;171;5,6;3,3;
2026/03/13;1100 UTC;0;974,9;975,1;974,5;298,1;17,4;17,1;17,5;17,3;17,4;16,9;100;97;98;177;6,1;3,2;
2026/03/13;1200 UTC;0;975,4;975,6;975,1;689,2;17,7;17,5;18,1;17,4;17,9;17,3;100;99;99;175;6,1;3,9;
2026/03/13;1300 UTC;0;975,8;976;975,6;1528,5;19,3;17,7;20,2;18,1;18,3;17,3;99;87;92;162;7,3;4,4;
2026/03/13;1400 UTC;0;975,9;976;975,8;1935,7;20,7;17,6;21,6;19,7;18,6;17;90;78;85;158;6,8;4,7;
2026/03/13;1500 UTC;0;975,7;975,9;975,4;2516,3;21,9;17,4;23,2;20,7;18,2;16,7;84;70;77;134;6,8;4,9;
2026/03/13;1600 UTC;0;975;975,4;974,6;3187,4;23;17,8;24,2;21,4;18,7;17,1;79;66;74;136;7,4;4,3;
2026/03/13;1700 UTC;0;974,7;974,9;974,4;2806,4;23,7;17,5;24,5;22,8;19,1;16,6;76;62;69;170;6,7;4,9;
2026/03/13;1800 UTC;0;974,2;974,5;973,9;2405,8;23,7;17,4;24,7;22,7;18,5;16,6;72;63;69;136;8,6;3,9;
2026/03/13;1900 UTC;0;973,6;973,9;973,3;1887,7;23,7;17,2;24,9;22,6;18;16,5;73;64;68;161;8,3;4,8;
2026/03/13;2000 UTC;0;973,4;973,5;973,2;1543,2;23,3;17,3;25;22,3;17,8;16,7;76;63;70;159;9,3;6,1;
2026/03/13;2100 UTC;0;973,6;973,8;973,4;938,8;22,8;16,9;23,6;22,3;17,5;16,3;74;69;71;155;8,6;5,3;
2026/03/13;2200 UTC;0;973,7;973,8;973,5;219,4;21;17,2;22,3;19,8;17,4;17;87;75;81;151;5,9;4,4;
2026/03/13;2300 UTC;0;973,5;973,6;973,5;0;19,4;16,9;19,8;19;17,1;16,6;89;86;87;160;4,8;3,5;
2026/03/14;0000 UTC;0;973,7;973,9;973,5;0;18,6;16,6;19;17,9;16,8;16,5;94;87;90;149;5;3,7;
2026/03/14;0100 UTC;0;973,8;973,9;973,6;0;17,7;17;17,9;17,5;17,4;16,6;98;94;97;145;5;4,2;
2026/03/14;0200 UTC;0;973,3;973,6;973,1;0;17,4;17,2;17,8;16,9;17,5;16,8;100;98;99;133;3,6;2,5;
2026/03/14;0300 UTC;0;973,1;973,3;973;0;16,9;16,9;17,8;16,3;17,9;16,2;100;99;100;154;5,2;3,4;
2026/03/14;0400 UTC;0;972,9;973;972,7;0;17,8;17,9;17,9;17,8;17,9;17,8;100;100;100;158;5,5;4,2;
2026/03/14;0500 UTC;0;972,5;972,7;972,4;0;17,8;17,9;17,9;17,8;17,9;17,8;100;100;100;162;5,6;3,9;
2026/03/14;0600 UTC;0;972,2;972,5;972;0;17,6;17,7;17,8;17,5;17,8;17,6;100;100;100;161;6,1;4;
2026/03/14;0700 UTC;0;972,2;972,4;972;0;17,6;17,7;17,7;17,5;17,8;17,6;100;100;100;169;4,7;3,2;
2026/03/14;0800 UTC;0;972,1;972,3;971,9;0;17,7;17,7;17,8;17,7;17,8;17,6;100;99;100;165;6;3,5;
2026/03/14;0900 UTC;0;972,3;972,6;972;0;17,9;17,8;17,9;17,8;18;17,5;100;98;99;208;2,7;1,6;
2026/03/14;1000 UTC;0;972,7;972,8;972,6;18,2;17,9;17,9;17,9;17,8;17,9;17,9;100;100;100;188;3,3;1,7;
2026/03/14;1100 UTC;0;973,1;973,5;972,8;349,5;18;17,9;18,4;17,8;18,1;17,8;100;97;99;179;2,6;1,4;
2026/03/14;1200 UTC;0;973,7;973,8;973,5;656,7;18,7;18;19,4;18,4;18,3;17,6;98;91;96;162;3,8;2,3;
2026/03/14;1300 UTC;0;973,9;974,1;973,7;972,8;19,7;17,6;20,2;19,4;18,2;17,1;92;85;89;172;4,1;1,6;
2026/03/14;1400 UTC;0;974;974,3;973,7;0;21;17,7;22,2;20;18,5;17;90;77;83;194;5,6;2,8;
2026/03/14;1500 UTC;0;973,8;973,9;973,7;2530,9;22,1;17,5;23,3;21,2;18,7;16,8;83;72;77;211;5,2;3;
2026/03/14;1600 UTC;0;973,3;973,7;972,8;3421,2;23,3;17,2;24,2;22,2;18,3;16;76;63;69;181;5,2;2,8;
2026/03/14;1700 UTC;0;972,6;972,9;972,2;3421;24,1;17;24,9;23,2;18;16;69;60;65;164;7,4;3,1;
2026/03/14;1800 UTC;0;971,9;972,2;971,6;2968;24,6;17,3;25,2;23,8;18,5;16,2;69;58;63;159;5,9;3,8;
2026/03/14;1900 UTC;0;971,4;971,7;971,1;2326;24,9;16,8;25,5;24,1;17,9;15,8;66;55;60;189;4,8;2,7;
2026/03/14;2000 UTC;0;970,9;971,1;970,7;1687,8;24,9;16,5;25,3;24,5;17,3;15,9;61;54;58;191;4,9;2,5;
2026/03/14;2100 UTC;0;971;971,2;970,7;888,9;24,5;16;25;24;16,6;15,5;62;54;58;169;2,9;1,7;
2026/03/14;2200 UTC;0;971,1;971,2;971;143;22,4;16;23,9;20,9;16,4;15,7;76;60;68;160;4,2;2,7;
2026/03/14;2300 UTC;0;971;971,4;970,9;0;20;17,2;20,9;19,4;17,8;16,1;92;76;86;146;4,2;3,6;
2026/03/15;0000 UTC;0;971,6;971,8;971,4;0;19,2;18;19,5;18,7;18,2;17,8;97;92;94;136;4,5;3,8;
2026/03/15;0100 UTC;0;971,6;971,9;971,4;0;18,9;18;19;18,7;18,2;17,8;96;95;96;132;4,4;3,3;
2026/03/15;0200 UTC;0;972;972,1;971,7;0;18,1;17,4;18,7;17,3;17,8;16,8;99;95;97;131;3,9;3,3;
2026/03/15;0300 UTC;0;971,9;972,2;971,6;0;17,3;17,3;18;16,9;18;16,7;100;98;100;118;3,9;3,1;
2026/03/15;0400 UTC;0;971,2;971,6;971;0;18,4;18,5;18,6;18;18,7;18;100;100;100;89;5;3,4;
2026/03/15;0500 UTC;0;970,9;971,2;970,7;0;18,6;18,6;18,6;18,5;18,7;18,5;100;100;100;97;3,8;2,6;
2026/03/15;0600 UTC;0;970,4;970,8;970,1;0;18,3;18,3;18,5;18,2;18,5;18,2;100;100;100;85;4,5;2,6;
2026/03/15;0700 UTC;0;970,3;970,4;970,1;0;18,1;18,2;18,3;17,6;18,4;17,7;100;100;100;99;2,2;1,2;
2026/03/15;0800 UTC;0;969,9;970,1;969,8;0;17,3;17,3;17,7;17;17,7;17;100;100;100;84;2,5;1;
2026/03/15;0900 UTC;0;969,9;970,1;969,7;0;17;17;17,3;16,7;17,3;16,7;100;100;100;140;1,6;1,1;
2026/03/15;1000 UTC;0;970,5;970,9;970,1;34,6;16,9;17;17,3;16,5;17,4;16,6;100;100;100;253;1,8;,7;
2026/03/15;1100 UTC;0;971,1;971,4;970,9;439,9;18,7;17,5;20,5;17,4;17,8;16,8;100;85;94;94;2,3;1,3;
2026/03/15;1200 UTC;0;971,7;972,1;971,4;1288,1;21,6;17,5;22,9;20,5;18,5;16,9;87;73;79;113;2,9;1,7;
2026/03/15;1300 UTC;0;972,4;972,6;972,1;2123,5;23,3;17,9;23,8;22,7;18,8;17,4;77;69;73;247;4,8;2,5;
2026/03/15;1400 UTC;0;972,5;972,6;972,4;2892,8;25,1;17,9;26,5;23,9;19,3;16,9;73;55;64;70;3,7;2;
2026/03/15;1500 UTC;0;972,3;972,4;972,2;3548,5;26,6;18,1;27,2;26,1;19,1;17,1;63;51;58;107;3,8;1,5;
2026/03/15;1600 UTC;0;972;972,3;971,8;3227,9;26,9;18;27,4;26;18,9;17,1;59;51;55;117;4,4;2,4;
2026/03/15;1700 UTC;0;971,7;971,9;971,5;3413;27,7;18,1;28,5;26,4;19,3;17,1;58;47;52;105;4,2;2,1;
2026/03/15;1800 UTC;0;971,3;971,5;971,1;1997,8;27,5;17,9;28,1;27;19,2;17,1;57;48;52;129;6,1;3,5;
2026/03/15;1900 UTC;0;970,8;971,1;970,7;2068,2;27,8;18,5;28,3;26,8;19,5;17,5;59;49;53;141;6,2;4,1;
2026/03/15;2000 UTC;0;970,6;970,8;970,5;1668,8;27,5;18,6;28;26,9;19,1;17,7;59;52;55;123;7,2;5;
2026/03/15;2100 UTC;0;970,7;971;970,6;763,9;26,2;18,5;27;25,3;19;18,2;65;57;61;120;6,1;4,4;
2026/03/15;2200 UTC;0;971,1;971,4;971;141,4;24;18,3;25,3;22,6;18,6;18;79;65;72;116;7,8;5,4;
2026/03/15;2300 UTC;0;971,5;971,7;971,3;,3;21,9;19,1;22,5;21,2;19,4;18,5;91;80;86;117;6,8;5,1;
2026/03/16;0000 UTC;0;972,1;972,4;971,7;0;20,8;19,3;21,2;20,3;19,4;19,3;95;91;93;120;6,2;4,9;
2026/03/16;0100 UTC;0;972,7;972,8;972,3;0;20,1;19,4;20,3;19,9;19,6;19,3;98;95;97;115;6,1;4,5;
2026/03/16;0200 UTC;0;972,9;972,9;972,7;0;20,2;19,8;20,4;19,9;19,9;19,6;99;97;98;82;8,6;5,9;
2026/03/16;0300 UTC;0;972,5;972,7;972,4;0;19,9;19,5;20,3;19,6;19,7;19,3;99;97;98;87;6,2;4,2;
2026/03/16;0400 UTC;0;972,3;972,5;972,1;0;19,4;19,2;19,6;19,2;19,3;18,9;99;98;99;101;5,8;3,8;
2026/03/16;0500 UTC;0;971,9;972,1;971,7;0;19;18,9;19,2;18,9;19;18,8;100;99;99;106;5,8;3,6;
2026/03/16;0600 UTC;0;971,7;971,9;971,5;0;19,3;19,2;19,3;19;19,3;19;100;100;100;87;6,1;3,6;
2026/03/16;0700 UTC;0;971,8;971,9;971,7;0;19,2;19,3;19,3;19,1;19,4;19,1;100;100;100;84;5,6;3,6;
2026/03/16;0800 UTC;0;972;972,1;971,9;0;18,9;19;19,1;18,8;19,1;18,9;100;100;100;95;4,2;2,5;
2026/03/16;0900 UTC;0;972,1;972,3;971,8;0;18,8;18,8;18,9;18,6;18,9;18,7;100;100;100;98;5,4;3,6;
2026/03/16;1000 UTC;0;972,7;972,9;972,3;21,7;18,9;18,9;18,9;18,7;19;18,8;100;100;100;81;5,4;3,6;
2026/03/16;1100 UTC;0;973,2;973,5;972,9;442,9;19,5;19,5;20,4;18,9;20,1;18,9;100;98;100;82;5,5;3,8;
2026/03/16;1200 UTC;0;973,6;973,9;973,4;1299,3;21,7;19,9;23;20,4;20,3;19,4;98;84;91;63;6,7;4,2;
2026/03/16;1300 UTC;0;974,2;974,4;973,9;2063,6;24,6;20,3;26,4;23,1;21,1;19,7;85;69;79;51;5;3,1;
2026/03/16;1400 UTC;0;974,5;974,6;974,4;2710;27,2;20,7;27,9;26,3;21,8;19,9;73;62;67;32;7;4,8;
2026/03/16;1500 UTC;0;974,1;974,4;973,9;2947,8;28,8;21,8;29,6;28,1;22,8;20,7;70;60;65;66;5,7;3,5;
2026/03/16;1600 UTC;0;973,8;973,9;973,5;3244,5;29,6;22,2;30,1;28,8;23,3;21,1;68;59;63;82;5,4;3,3;
2026/03/16;1700 UTC;0;973,5;973,5;973,3;3169,4;30,3;22,7;30,9;29,6;24;21,6;65;58;62;88;5,7;3,7;
2026/03/16;1800 UTC;0;972,9;973,3;972,6;2791,6;30,5;22,8;30,9;30,1;23,6;22,1;64;57;61;97;5,9;4,6;
2026/03/16;1900 UTC;0;972,6;972,7;972,4;2368,5;30,7;22,6;31;30,2;23,4;21,9;63;56;60;89;7,9;5,5;
2026/03/16;2000 UTC;0;972,4;972,5;972,2;1003,4;29,5;22,2;30,7;28,7;22,8;21,5;66;58;63;107;7,6;6;
2026/03/16;2100 UTC;0;972,4;972,5;972,3;573,8;28,5;22,2;29,3;27,3;22,6;21,8;76;64;68;112;7,5;5,4;
2026/03/16;2200 UTC;0;972,6;972,7;972,4;90;26,3;22,7;27,3;25,2;22,9;22,5;87;76;82;107;7,5;5,7;
2026/03/16;2300 UTC;0;972,9;973,2;972,5;0;24,6;22,3;25,2;23,9;22,6;22,2;92;86;89;122;6,7;5,2;
2026/03/17;0000 UTC;0;973,6;974;973,2;0;23,6;22,6;23,9;23,4;22,9;22,3;97;92;95;97;6,8;4,8;
2026/03/17;0100 UTC;0;973,9;974,1;973,7;0;23,5;22,7;23,6;23,3;22,9;22,6;97;96;96;107;7,8;5,4;
2026/03/17;0200 UTC;0;973,6;973,8;973,4;0;23,2;22,4;23,3;23,2;22,6;22,3;97;95;96;110;7,7;4,5;
2026/03/17;0300 UTC;0;973,5;973,7;973,1;0;23,1;22,4;23,2;23;22,5;22,4;97;96;96;88;6,7;4,9;
2026/03/17;0400 UTC;0;973,1;973,3;973;0;23;22,4;23,1;22,9;22,5;22,4;98;97;97;67;6,7;4,1;
2026/03/17;0500 UTC;0;973,1;973,2;972,9;0;22,7;22,3;22,9;22,5;22,5;22,2;99;98;98;79;6;3,9;
2026/03/17;0600 UTC;0;972,6;972,9;972,4;0;22,3;22;22,5;22;22,2;21,7;99;98;99;89;4,4;3,2;
2026/03/17;0700 UTC;0;972,2;972,4;972,1;0;22;21,5;22;21,9;21,7;21,5;98;98;98;84;6,4;3,7;
2026/03/17;0800 UTC;0;972,2;972,4;972,1;0;21,8;21,5;21,9;21,7;21,6;21,5;99;98;99;86;5,3;3,8;
2026/03/17;0900 UTC;,4;972,6;972,9;972,4;0;21,7;21,6;21,8;21,7;21,7;21,6;100;99;100;78;5,8;3,8;
2026/03/17;1000 UTC;0;973,1;973,3;972,8;4,4;21,7;21,7;21,7;21,6;21,7;21,6;100;100;100;109;3,9;2,4;
2026/03/17;1100 UTC;0;973,3;973,4;973,1;76,4;21,6;21,7;21,7;21,6;21,7;21,6;100;100;100;96;6;3,5;
2026/03/17;1200 UTC;0;973,5;973,6;973,3;282,2;22,1;21,8;22,3;21,8;22;21,7;100;98;99;74;7;5;
2026/03/17;1300 UTC;,2;973,8;974;973,6;267,7;22,2;21,9;22,3;22,1;22;21,7;99;98;98;60;7,2;5;
2026/03/17;1400 UTC;0;973,4;973,7;973;575,9;22,5;22;23,1;22,1;22,4;21,8;99;94;98;111;4,7;3,6;
2026/03/17;1500 UTC;0;973,4;973,8;973,2;1087,5;23,5;22,1;24,2;23;22,6;21,7;96;89;93;51;8,6;5,4;
2026/03/17;1600 UTC;0;972,7;973,3;971,9;694,1;23,4;21,7;24,2;23,2;22;21,5;94;88;92;98;7;5,3;
2026/03/17;1700 UTC;0;971,8;972;971,7;1917,4;25,8;21,5;26,9;24,2;22,7;20,7;87;70;79;68;7,4;5;
2026/03/17;1800 UTC;0;971,6;971,9;971,4;1459,8;26,7;22,2;27,3;26,2;22,7;21,3;80;74;78;64;7,9;6;
2026/03/17;1900 UTC;0;971,5;971,7;971,1;1062,4;26;22,2;27;25,8;22,5;22;83;76;81;65;7,6;5,5;
2026/03/17;2000 UTC;,2;971;971,2;970,9;1304,4;26,2;22,5;27,1;25,8;23,2;22,1;83;78;82;73;7,7;5,5;
2026/03/17;2100 UTC;0;970,9;971,1;970,6;308,1;24,9;22,8;25,9;24,3;23;22,5;93;83;89;98;5,4;4,1;
2026/03/17;2200 UTC;0;971,1;971,6;970,9;21,9;24,2;21,5;24,5;24,1;23;19,7;94;78;86;32;8,6;4,8;
2026/03/17;2300 UTC;0;971,4;971,6;971,2;0;23,4;19,8;24,2;22,8;19,9;19,6;85;77;82;29;5,6;3,7;
2026/03/18;0000 UTC;0;972,1;972,4;971,5;0;22,5;20,1;22,8;22,2;20,4;19,9;91;85;88;25;5,7;3,6;
2026/03/18;0100 UTC;0;972,4;973,1;972;0;22;20,5;22,2;21,9;20,6;20,4;93;91;92;42;5,8;3,4;
2026/03/18;0200 UTC;0;973,1;973,2;972,9;0;22,1;20,5;22,1;22;20,6;20,5;93;92;92;29;5,2;3;
2026/03/18;0300 UTC;0;972,6;972,9;972,4;0;22;20,6;22,1;21,8;20,8;20,4;94;92;93;42;5,3;3,5;
2026/03/18;0400 UTC;0;972,3;972,5;972,2;0;22;20,9;22,1;21,9;21,1;20,8;96;94;94;66;4,9;3,1;
2026/03/18;0500 UTC;0;972;972,3;971,7;0;22;21,3;22,2;21,9;21,4;21,2;97;96;97;65;5,4;3;
2026/03/18;0600 UTC;0;971,3;971,6;971;0;21,7;21,4;22,1;21,5;21,5;21,3;99;97;98;77;3,5;2,2;
2026/03/18;0700 UTC;0;970,9;971;970,7;0;21,6;21,5;21,6;21,5;21,5;21,4;100;99;99;79;4,9;3,3;
2026/03/18;0800 UTC;0;971,1;971,4;970,9;0;21,5;21,4;21,5;21,4;21,5;21,4;100;100;100;91;2,6;1,5;
2026/03/18;0900 UTC;0;971,4;971,8;971,2;0;21,1;21;21,4;20,9;21,4;20,5;100;97;99;45;4,4;2,7;
2026/03/18;1000 UTC;0;972,2;972,5;971,8;5,1;21,1;20,6;21,2;20,9;20,8;20,4;99;97;98;307;4;3,3;
2026/03/18;1100 UTC;0;972,7;972,9;972,5;65,6;21,4;21,1;21,8;21,1;21,3;20,8;100;97;98;299;4,7;2,9;
2026/03/18;1200 UTC;0;972,9;973;972,8;250,8;22;21,4;22,3;21,8;21,6;21,2;97;96;97;301;5,8;3,7;
2026/03/18;1300 UTC;0;973,1;973,3;972,9;327,7;22,3;21,7;22,5;22,2;21,9;21,5;98;96;97;282;5,9;4;
2026/03/18;1400 UTC;0;973,5;973,6;973,3;658,9;22,6;22;23,3;22,3;22,2;21,8;99;93;97;268;6,2;3,9;
2026/03/18;1500 UTC;,2;973,7;973,8;973,5;536,9;22,7;21,8;23,5;22,2;22,1;21,4;98;92;96;187;7,5;3,6;
2026/03/18;1600 UTC;0;973,6;973,8;973,3;1370,4;22,6;21,3;23,4;22,2;21,7;20,7;97;88;93;175;9,5;5,7;
2026/03/18;1700 UTC;0;973,5;973,7;973,3;1090,7;22,2;21,2;22,9;21,6;21,6;20,7;98;90;95;168;8,3;5,6;
2026/03/18;1800 UTC;,2;973,6;973,7;973,6;742,3;21,9;21;22,4;21,4;21,4;20,4;97;94;96;162;9,2;6,4;
2026/03/18;1900 UTC;0;973,5;973,6;973,2;1197,2;23,2;20,9;23,7;22,1;21,5;20,3;95;84;89;164;11,3;7,6;
2026/03/18;2000 UTC;0;973,7;973,9;973,3;335,7;22,1;20,6;22,9;21,6;20,9;20,2;95;88;92;151;11,4;8,8;
2026/03/18;2100 UTC;,2;973,8;973,9;973,6;229,9;21;20,2;22;20,6;20,6;19,8;98;91;96;160;12;7,4;
2026/03/18;2200 UTC;0;974,1;974,3;973,8;42,8;20,5;20,1;20,7;20,3;20,3;19,8;98;97;98;162;9,3;6,4;
2026/03/18;2300 UTC;0;974,3;974,6;974,2;,2;20,2;20;20,3;20,1;20,2;19,8;100;99;99;160;10,4;6,3;
2026/03/19;0000 UTC;0;974,9;975,1;974,5;0;20,1;19,8;20,2;20;19,9;19,6;99;98;99;164;10,3;6,9;
2026/03/19;0100 UTC;,2;975,1;975,2;975;,3;19,7;19,5;20;19,4;19,8;19,2;100;98;99;161;11,8;7,7;
2026/03/19;0200 UTC;,4;975,1;975,2;974,7;,1;19,3;19,1;19,4;19,1;19,2;18,8;99;98;99;166;12,7;7,8;
2026/03/19;0300 UTC;0;974,9;975;974,7;0;18,9;18,5;19,1;18,8;18,8;18,3;99;97;98;166;10,1;6,2;
2026/03/19;0400 UTC;0;974,8;975;974,7;0;18,7;18,2;18,9;18,6;18,3;18,1;98;97;97;153;8,1;5,4;
2026/03/19;0500 UTC;0;974,8;975;974,5;0;18,5;18,1;18,6;18,5;18,3;17,9;99;97;98;161;8;5,4;
2026/03/19;0600 UTC;0;974,1;974,5;973,8;0;18,3;17,9;18,5;18,2;18;17,8;98;97;98;154;8,3;5,8;
2026/03/19;0700 UTC;0;973,7;973,9;973,5;0;18,1;17,9;18,2;18;18;17,8;100;98;99;155;7,8;5,5;
2026/03/19;0800 UTC;0;973,6;973,6;973,5;0;18;17,9;18;18;18;17,8;100;99;99;154;8;5,6;
2026/03/19;0900 UTC;0;973,8;973,8;973,6;0;18;17,9;18;17,9;17,9;17,8;100;99;99;162;6,8;4,7;
2026/03/19;1000 UTC;0;973,9;974,1;973,8;13,2;17,8;17,7;17,9;17,7;17,9;17,6;100;99;100;159;6,9;4,9;
2026/03/19;1100 UTC;0;974,4;974,7;974,1;229,8;17,9;17,8;18,2;17,7;18,1;17,6;100;99;100;162;7,2;4,6;
2026/03/19;1200 UTC;0;974,8;975;974,6;609,3;18,5;17,9;19;18,1;18,2;17,5;99;95;97;156;6;4,3;
2026/03/19;1300 UTC;0;975;975,1;974,9;1296,9;19,7;18,1;20,5;18,9;18,6;17,7;97;87;92;147;6,7;4,8;
2026/03/19;1400 UTC;0;975;975,1;974,9;2134,3;21,2;18,2;22;20,4;18,7;17,5;89;81;85;147;5,7;3,8;
2026/03/19;1500 UTC;0;974,9;975;974,7;2269,9;22,4;18,3;23,1;21,8;18,9;17,6;84;74;80;146;5,9;4,5;
2026/03/19;1600 UTC;0;974,5;974,7;974,2;2869,4;23,5;18,3;24,3;22,7;20,2;17,3;82;66;74;123;5,8;3,7;
2026/03/19;1700 UTC;0;974;974,3;973,7;2620,5;24,5;17,6;25,4;23,6;19,5;16,7;75;60;66;139;5,9;3,5;
2026/03/19;1800 UTC;0;973,3;973,7;972,9;2004,2;24,7;17,5;25,5;24;18,8;16,6;69;58;64;141;6,2;3,8;
2026/03/19;1900 UTC;0;972,6;972,9;972,2;2259,7;25,2;17,6;26;24,2;18,5;16,9;69;58;62;146;7,2;4,8;
2026/03/19;2000 UTC;0;972,2;972,3;972,1;1709,4;25,1;17,4;25,5;24,2;18;17;66;58;61;140;5,4;3,1;
2026/03/19;2100 UTC;0;972,2;972,3;972,1;846,9;24,4;17,4;25,2;23,5;18;16,9;70;60;65;151;5,5;4,1;
2026/03/19;2200 UTC;0;972,2;972,3;972,1;130,8;21,8;17,3;23,4;20,4;17,4;17,2;84;70;78;151;4,2;3,5;
2026/03/19;2300 UTC;0;972,1;972,2;972;0;20,2;17,9;20,5;19,7;18,2;17,3;92;84;88;131;5,4;4,2;
2026/03/20;0000 UTC;0;972,5;972,8;972,2;0;19;17,8;19,7;18,5;18,1;17,5;96;92;94;132;4,8;3,7;
2026/03/20;0100 UTC;0;972,9;973;972,8;0;19;18,2;19,4;18,5;18,5;17,4;98;94;96;124;4,7;3,9;
2026/03/20;0200 UTC;0;973;973,1;972,9;0;18,3;18,3;18,6;18;18,4;18;100;99;100;106;4,6;3,1;
2026/03/20;0300 UTC;0;973;973,1;972,8;0;18,8;18,8;19,1;17,9;19,2;17,9;100;100;100;93;7,7;5,6;
2026/03/20;0400 UTC;0;972,8;973;972,6;0;19,2;19,3;19,4;18,8;19,5;18,9;100;100;100;95;8,2;5,7;
2026/03/20;0500 UTC;0;972,7;972,9;972,6;0;19,3;19,3;19,3;19,3;19,4;19,2;100;100;100;97;7,1;4,8;
2026/03/20;0600 UTC;0;972,8;972,9;972,6;0;19,3;19,2;19,3;19,3;19,3;19,2;100;99;100;88;7,3;4,9;
2026/03/20;0700 UTC;0;972,6;972,8;972,4;0;19,2;19,1;19,3;19,1;19,2;19;100;99;99;81;6;3,9;
2026/03/20;0800 UTC;0;972,7;972,9;972,4;0;19,2;19;19,2;19,1;19,1;18,9;100;99;99;94;4,7;3,1;
2026/03/20;0900 UTC;0;972,9;973,1;972,7;0;19,1;19;19,2;18,9;19,2;18,9;100;100;100;99;5,3;3,6;
2026/03/20;1000 UTC;0;973,2;973,4;972,9;11,9;19;19,1;19,1;18,9;19,1;19;100;100;100;85;4,5;3,1;
2026/03/20;1100 UTC;0;973,6;973,8;973,4;236,2;19,2;19,2;19,7;18,8;19,5;18,9;100;98;100;102;6;4,5;
2026/03/20;1200 UTC;0;974,2;974,4;973,8;629;20,1;19,4;20,8;19,7;19,8;19,2;98;93;97;88;6,9;5,2;
2026/03/20;1300 UTC;0;974,5;974,8;974,4;1348,6;21,6;19,2;22,8;20,8;19,9;18,6;93;82;88;90;6,9;5,1;
2026/03/20;1400 UTC;0;974,7;974,8;974,4;2143,5;23,3;19,3;24,6;22;20,1;18,6;86;72;80;78;9;6;
2026/03/20;1500 UTC;0;974,2;974,7;973,8;2439,2;24,1;19;24,8;23,1;19,8;18,5;79;71;75;86;10,2;6,6;
2026/03/20;1600 UTC;0;973,4;973,9;973;2865,1;25,5;19,3;26,9;24,4;20,2;18,5;75;63;69;63;8,6;5,5;
2026/03/20;1700 UTC;0;972,7;973;972,3;3185,4;26,8;19,4;27,7;25,8;20,3;18,3;68;56;63;77;8,4;5,8;
2026/03/20;1800 UTC;0;971,9;972,3;971,5;2750;27,4;19,4;28,2;26;20,4;18,4;65;54;60;95;8,6;6;
2026/03/20;1900 UTC;0;971,4;971,7;971,1;2417,8;27,6;19,4;28,2;26,8;20,3;18,7;62;56;59;80;8,5;5,4;
2026/03/20;2000 UTC;0;970,9;971,1;970,7;1636,3;27,2;19,5;27,6;26,8;20,1;18,9;65;57;62;89;7,2;5,3;
2026/03/20;2100 UTC;0;970,9;971;970,8;470,9;25,4;19,3;26,9;24,2;19,8;19,1;76;63;70;98;7,6;5,2;
2026/03/20;2200 UTC;0;970,7;970,9;970,4;70,1;23,3;19,5;24,2;22,4;19,6;19,4;85;76;81;101;8,3;5,7;
2026/03/20;2300 UTC;0;970,8;971;970,5;0;21,8;19,4;22,4;21,3;19,6;19,3;91;85;88;99;9,5;6,7;
2026/03/21;0000 UTC;0;971;971,3;970,7;0;21,3;19,7;21,4;21,2;19,8;19,6;93;91;92;87;11,6;7,7;
2026/03/21;0100 UTC;0;971,5;971,9;971;0;21,2;19,9;21,3;21,2;20;19,8;94;92;93;86;10,7;7,2;
2026/03/21;0200 UTC;0;971,5;971,7;971,1;0;20,9;19,8;21,2;20,5;19,9;19,6;96;94;95;77;10,8;7,4;
2026/03/21;0300 UTC;0;971,2;971,4;971;0;20,3;19,4;20,5;20,1;19,6;19,2;96;95;96;72;10,8;7,5;
2026/03/21;0400 UTC;0;971;971,3;970,8;0;20,1;19,2;20,1;20;19,3;19;96;95;96;76;9,3;5,9;
2026/03/21;0500 UTC;0;970,4;970,8;970;0;20;19;20,1;19,9;19,1;18,9;96;94;95;79;8,7;5,7;
2026/03/21;0600 UTC;0;969,6;970;969,2;0;19,9;18,8;20;19,9;18,9;18,7;95;94;94;80;10,5;6,7;
2026/03/21;0700 UTC;0;969,2;969,4;968,9;0;19,9;18,6;19,9;19,9;18,8;18,4;94;93;94;77;9,7;6,2;
2026/03/21;0800 UTC;0;969,3;969,4;969;0;19,8;18,5;19,9;19,8;18,6;18,4;94;93;93;57;7,9;5,3;
2026/03/21;0900 UTC;0;969,2;969,4;969,1;0;19,6;18,3;19,9;19,3;18,5;18,2;95;93;94;80;6,9;4,6;
2026/03/21;1000 UTC;0;969,4;969,6;969,2;26,7;19,3;18,2;19,5;19,2;18,3;18,2;95;94;95;87;7,3;4,8;
2026/03/21;1100 UTC;0;969,3;969,5;969,1;487;20,4;18,6;21,2;19,6;18,9;18,3;94;88;91;80;9,2;6,7;
2026/03/21;1200 UTC;0;969,3;969,4;969;1248;22,2;19,2;23,2;21,2;19,8;18,8;88;81;85;66;10,8;6,8;
2026/03/21;1300 UTC;0;968,9;969,1;968,8;1947,1;24,1;19,9;25,1;23;20,5;19,5;83;75;79;57;9,5;6,6;
2026/03/21;1400 UTC;0;968,8;969;968,6;2260,8;26,5;21;27,4;24,7;21,7;20,2;79;68;73;46;7,6;4,8;
2026/03/21;1500 UTC;0;968,6;968,8;968,4;1813,3;28,5;21,6;29,2;27,1;22,1;21,1;73;61;65;30;7,8;5,5;
2026/03/21;1600 UTC;0;967,9;968,4;967,7;1698,6;30,1;21,6;31,1;29,3;22,3;21;64;53;58;265;9,3;6,1;
2026/03/21;1700 UTC;0;967,4;967,7;967,1;1168,6;30,5;21,8;31;29,9;22,3;21,3;59;53;57;71;8,3;5,2;
2026/03/21;1800 UTC;0;967;967,3;966,6;147,7;29,2;21,5;29,9;28,6;21,8;21,3;64;58;61;158;4,4;2,6;
2026/03/21;1900 UTC;,6;966,5;967,7;966;102,9;27,2;21,6;28,6;22,4;22,9;21,2;96;63;72;262;16,3;9,1;
2026/03/21;2000 UTC;18,6;968,1;968,8;967,2;48,9;21,5;21,2;22,9;21,2;21,7;21;99;93;98;278;6,4;3,9;
2026/03/21;2100 UTC;,2;967,2;967,7;966,4;281,7;21,6;21,4;21,9;21,3;21,7;21;100;99;99;179;6,6;4,4;
2026/03/21;2200 UTC;0;967,7;968,3;967,2;98,4;21,7;21,5;21,9;21,5;21,7;21,4;100;99;99;314;4,3;2,7;
2026/03/21;2300 UTC;0;968,8;969,5;968,3;0;21,4;21,3;21,7;21,2;21,4;21,1;99;99;99;326;3,7;2,6;
2026/03/22;0000 UTC;0;970,3;971,1;969,6;0;21,3;21,2;21,6;21,2;21,5;21,1;100;99;100;278;8;5;
2026/03/22;0100 UTC;0;971,2;971,5;970,8;0;21,5;21,6;21,6;21,5;21,7;21,5;100;100;100;277;10,6;5,2;
2026/03/22;0200 UTC;0;971,6;971,9;971,3;0;21,3;21,3;21,4;21,1;21,5;21;100;99;100;276;8;5,1;
2026/03/22;0300 UTC;0;972,1;972,3;971,9;0;20,8;20,6;21,1;20,4;21;20,1;99;98;99;277;6,6;4,4;
2026/03/22;0400 UTC;0;972,2;972,5;972;0;19,9;19,8;20,4;19,6;20,2;19,4;100;99;100;270;5;3,1;
2026/03/22;0500 UTC;0;972,1;972,3;971,9;0;19,4;18,8;19,6;19,1;19,4;18,3;99;96;97;250;4,7;2,2;
2026/03/22;0600 UTC;0;972,5;972,7;972,2;0;19;18,1;19,2;18,3;18,5;17,4;97;94;96;212;6,7;3,1;
2026/03/22;0700 UTC;0;972,7;972,9;972,5;0;17,2;16,2;18,3;15,9;17,5;14,4;96;92;95;196;7,7;4,5;
2026/03/22;0800 UTC;0;973;973,1;972,8;0;15,3;13,9;15,9;14,9;14,4;13,3;94;92;93;193;9,3;5,3;
2026/03/22;0900 UTC;0;973,2;973,5;972,9;0;14,6;13;14,9;14,5;13,3;12,6;93;90;92;186;7,8;4,3;
2026/03/22;1000 UTC;0;973,9;974,4;973,5;21,4;14,3;12,5;14,5;14,2;12,7;12,2;92;89;91;193;6,8;4,5;
2026/03/22;1100 UTC;0;975,1;975,6;974,5;488,8;14,9;12;15,3;14,4;12,3;11,7;89;83;85;186;8,2;4,9;
2026/03/22;1200 UTC;0;975,8;976;975,5;1314,3;15,7;12,2;16,4;15,3;13,4;11,7;85;81;83;166;7,3;5,2;
2026/03/22;1300 UTC;0;976,2;976,3;976;2114,1;17,1;12,8;18,1;16,4;13,9;12,3;84;71;79;163;7,8;5,6;
2026/03/22;1400 UTC;0;976,2;976,3;976;2748,9;18,7;13,1;19,4;17,8;14,2;12,2;79;66;72;148;7,8;5,6;
2026/03/22;1500 UTC;0;975,9;976,2;975,8;3173;19,9;14;20,7;19,3;15;13,1;74;67;70;143;7,6;5,3;
2026/03/22;1600 UTC;0;976;976,1;975,8;3348,4;20,9;15;21,6;20,4;16,1;14,1;75;66;70;113;6,7;4,9;
2026/03/22;1700 UTC;0;975,6;975,9;975,1;3259,7;21,8;15,8;22,5;21,3;17;14,8;74;66;70;119;7,4;4,8;
2026/03/22;1800 UTC;0;975,1;975,3;974,9;2837,1;22,2;16,2;22,7;21,4;17,1;15,6;74;67;70;118;7;4,4;
2026/03/22;1900 UTC;0;974,9;975,1;974,6;2326,5;22,4;16,1;23,1;21,9;17,4;15,6;73;66;69;129;7,3;5,4;
2026/03/22;2000 UTC;0;974,6;974,7;974,4;1437,7;22;16;22,6;21;16,5;15,5;73;66;70;118;8,7;6;
2026/03/22;2100 UTC;0;974,6;974,8;974,5;639,4;20,9;15,6;21,5;20,1;16;15,4;79;71;73;117;7,3;5,5;
2026/03/22;2200 UTC;0;974,7;975;974,5;46,7;19,3;16,1;20;19;16,7;15,6;88;78;84;122;6,6;4,9;
2026/03/22;2300 UTC;0;974,8;974,9;974,6;0;18,9;16,6;19;18,7;16,8;16,4;90;87;88;120;8,4;6,3;
2026/03/23;0000 UTC;0;975,3;975,5;975;0;18,5;16,6;18,7;18,1;16,7;16,4;92;90;91;111;8,7;6,4;
2026/03/23;0100 UTC;0;975,7;976,1;975,3;0;17,8;16,5;18,1;17,5;16,6;16,5;95;92;94;112;6,1;4,5;
2026/03/23;0200 UTC;0;975,6;976;975,1;0;17,5;16,7;17,6;17,4;16,7;16,6;96;95;96;121;7,6;5,7;
2026/03/23;0300 UTC;0;975,1;975,4;974,8;0;17,4;16,7;17,6;17,3;16,8;16,6;97;95;96;111;6,1;4,2;
2026/03/23;0400 UTC;0;974,6;974,9;974,3;0;17,7;17;17,9;17,4;17,1;16,8;97;96;96;118;5,7;4,1;
2026/03/23;0500 UTC;0;973,7;974,4;973,2;0;17,8;17,2;18;17,6;17,2;17,1;98;96;97;114;7,3;5,5;
2026/03/23;0600 UTC;0;972,8;973,2;972,4;0;17,9;17,5;18,1;17,6;17,8;17,2;98;98;98;124;7,3;5,3;
2026/03/23;0700 UTC;0;972,4;972,5;972,1;0;18;17,9;18,1;18;18;17,7;100;99;99;129;6,4;4,8;
2026/03/23;0800 UTC;0;971,9;972,2;971,3;0;18,1;18,2;18,3;18,1;18,4;18;100;100;100;111;7,6;5,9;
2026/03/23;0900 UTC;0;971,3;971,6;971,1;0;18,6;18,7;19;18,3;19;18,4;100;100;100;94;7,7;5,6;
2026/03/23;1000 UTC;0;971;971,2;970,7;5,2;19,3;19,3;19,4;19;19,5;19;100;100;100;74;8,4;4,8;
2026/03/23;1100 UTC;0;970,7;970,9;970,5;113;19,3;19,4;19,5;19,2;19,5;19,3;100;100;100;66;7,9;4,4;
2026/03/23;1200 UTC;0;970,8;971,4;970,4;133,3;19,6;19,6;19,7;19,5;19,8;19,5;100;100;100;159;2,4;1,6;
2026/03/23;1300 UTC;3;970,2;970,7;969,6;184,2;19,8;19,9;20;19,6;20,1;19,7;100;100;100;110;4,5;3,6;
2026/03/23;1400 UTC;10,5;970,1;971,1;969,7;102,1;19,9;20;20;19,3;20,1;19,3;100;100;100;244;7,3;4,6;
2026/03/23;1500 UTC;6,5;970,9;971,2;970,6;128,4;19,4;19,5;19,8;19,1;19,8;19,1;100;100;100;168;6,1;4,1;
2026/03/23;1600 UTC;2,4;970,4;970,7;970,1;271;20;20;20,1;19,8;20,1;19,7;100;99;100;149;8;6,3;
2026/03/23;1700 UTC;1,6;970,4;970,7;970,1;245,8;19,8;19,7;19,9;19,7;19,8;19,6;100;99;100;151;6;4,7;
2026/03/23;1800 UTC;2,8;969,3;970,2;968,2;331;19,6;19,6;19,8;19,5;19,8;19,5;100;100;100;133;10;6,9;
2026/03/23;1900 UTC;0;968,3;968,7;967,6;664,5;19,6;19,5;19,8;19,5;19,8;19,4;100;99;100;133;8,1;5,7;
2026/03/23;2000 UTC;0;968,5;969,4;967,6;342,7;19,5;19,5;19,6;19,3;19,6;19,2;100;100;100;159;6,4;4,6;
2026/03/23;2100 UTC;1,4;969,8;970;969,4;157,4;19;18,8;19,2;18,9;19,1;18,6;100;98;99;169;7,3;4,8;
2026/03/23;2200 UTC;0;969;969,8;968,4;33,4;18,6;18,5;18,9;18,4;18,6;18,4;100;99;99;141;7,1;5,1;
2026/03/23;2300 UTC;0;968,6;968,8;968,4;0;18,3;18,4;18,4;18,3;18,5;18,3;100;100;100;80;6,7;4,7;
2026/03/24;0000 UTC;0;968,7;970,2;967,8;0;18,2;18,2;18,3;18,1;18,3;18,1;100;100;100;216;9,6;2,9;
2026/03/24;0100 UTC;,2;971;971,3;970,3;,1;18;18;18,2;17,9;18,2;17,9;100;100;100;230;6,3;3,5;
2026/03/24;0200 UTC;,2;971,3;971,5;971,2;,6;17,4;17,5;17,9;17,2;17,9;17,3;100;100;100;212;8;4,6;
2026/03/24;0300 UTC;,2;971,6;971,7;971,4;0;17,2;17,2;17,2;17,1;17,3;17,2;100;100;100;193;5,7;3,1;
2026/03/24;0400 UTC;0;971,9;972,1;971,6;0;17,1;17;17,2;17;17,2;16,5;100;98;100;199;7,4;4,2;
2026/03/24;0500 UTC;0;972,2;972,4;972,1;0;16,6;15,8;17;16,1;16,5;15,4;98;94;96;210;6,4;3,1;
2026/03/24;0600 UTC;0;972,3;972,3;972,2;0;15,9;15,1;16,1;15,7;15,5;14,6;97;94;96;190;5,5;2,2;
2026/03/24;0700 UTC;0;972,1;972,2;972;0;15,5;14,2;15,7;15,3;14,5;14;94;93;94;219;6,4;2,8;
2026/03/24;0800 UTC;0;972,4;972,8;972;0;15,1;14,1;15,4;14,8;14,2;13,9;96;94;95;191;5,1;2,2;
2026/03/24;0900 UTC;0;972,9;973,1;972,7;0;14,6;13,8;14,8;14,2;14;13,4;96;96;96;217;4,7;2,3;
2026/03/24;1000 UTC;0;973,4;973,7;973,1;17,9;13,9;12,7;14,2;13,5;13,4;12;96;91;94;221;4;1,8;
2026/03/24;1100 UTC;0;974,2;974,5;973,7;489,5;14,2;11;14,8;13,7;11,9;10,2;91;78;84;213;5,1;1,7;
2026/03/24;1200 UTC;0;974,9;975,2;974,5;1333,9;15,7;10,4;16,3;14,9;11,2;9,8;79;68;74;167;5,5;3,1;
2026/03/24;1300 UTC;0;975,6;976;975,2;2163,3;16,9;9,9;17,7;16,3;11,1;8,6;74;56;65;168;4,7;3;
2026/03/24;1400 UTC;0;976,1;976,2;976;2817,9;18,2;9,1;18,9;17,4;11,1;7,7;65;46;55;190;4,5;2,1;
2026/03/24;1500 UTC;0;976,1;976,2;976;3261;19,1;8,5;19,6;18,7;10,3;7,6;54;43;47;189;4,8;2,8;
2026/03/24;1600 UTC;0;975,8;976;975,6;3438,1;20;9,6;20,6;19,3;11,6;7,9;57;41;48;150;5,2;3,4;
2026/03/24;1700 UTC;0;975,6;975,7;975,4;3329,8;20,6;10,1;21,2;20,2;12,4;9,2;57;44;48;161;4,6;2;
2026/03/24;1800 UTC;0;975,2;975,5;974,9;2938,1;21,2;10,8;21,5;20,9;11,7;9,9;53;43;48;190;5,4;2,4;
2026/03/24;1900 UTC;0;974,7;974,9;974,6;2399,8;21,4;10,6;21,7;21,1;11,4;9;51;37;46;169;5,4;3,2;
2026/03/24;2000 UTC;0;974,7;974,8;974,7;1639,4;21,3;9,6;21,5;21;10,9;8,6;49;37;42;163;3,4;2,3;
2026/03/24;2100 UTC;0;974,8;974,9;974,7;778,1;20,1;10,4;21;18,6;11;9,6;59;43;51;156;3,9;2,7;
2026/03/24;2200 UTC;0;974,8;974,9;974,8;97,5;16,6;10,2;18,5;15,4;10,6;9,8;72;60;68;157;4,2;3,3;
2026/03/24;2300 UTC;0;975;975,2;974,8;0;14,7;9,9;15,6;13,3;10,1;9,7;83;71;76;142;4,7;3,9;
2026/03/25;0000 UTC;0;975,4;975,6;975,2;0;12,6;9,6;13,5;11,9;9,9;9,3;88;81;85;135;4;3,4;
2026/03/25;0100 UTC;0;975,6;975,7;975,5;0;12;9,7;12,8;11,7;10,3;9,3;91;84;88;137;4,6;3,8;
2026/03/25;0200 UTC;0;975,7;975,8;975,6;0;12,6;10,4;13,1;12;10,7;9,8;91;85;89;131;4,1;3,3;
2026/03/25;0300 UTC;0;975,9;975,9;975,8;0;11,9;10,7;12,8;11,3;11,4;10,3;97;90;94;128;4,4;3,5;
2026/03/25;0400 UTC;0;975,9;976;975,8;0;12,2;11,2;12,9;11,7;12;10,7;98;92;95;125;4,9;3,6;
2026/03/25;0500 UTC;0;975,9;976;975,8;0;12,6;11,5;12,9;12,1;11,8;11,1;96;93;95;122;4,3;3,9;
2026/03/25;0600 UTC;0;975,9;976;975,8;0;12,1;11,6;12,7;11,6;12;11;99;95;97;124;3,5;3;
2026/03/25;0700 UTC;0;975,9;976;975,8;0;12,5;11,7;13;11,6;12;10,8;98;93;96;129;3,8;3,1;
2026/03/25;0800 UTC;0;975,8;976;975,6;0;12,6;11,7;13,3;11,6;12,1;11,2;99;93;95;129;4,6;3,9;
2026/03/25;0900 UTC;0;976,3;976,7;975,9;0;12,5;11,5;13,2;12;11,9;11,2;98;93;95;131;4,3;3,6;
2026/03/25;1000 UTC;0;977,1;977,4;976,6;6,6;14,1;12,2;14,5;13,2;12,7;11,5;94;85;90;134;4;3,2;
2026/03/25;1100 UTC;0;977,7;978;977,4;230,9;14,9;12,9;15,7;14,4;13,6;12,3;94;85;90;131;4,5;3,5;
2026/03/25;1200 UTC;0;978,5;979;978;721,7;16,2;13,1;16,6;15,7;13,7;12,6;88;82;85;119;5,1;3,9;
2026/03/25;1300 UTC;0;979,2;979,4;978,9;2050,1;18,2;13,2;19,4;16,5;14,1;12,3;85;68;75;113;5,3;3,6;
2026/03/25;1400 UTC;0;979,1;979,5;978,8;2534,1;20,2;13,2;20,7;19,4;14,1;12,4;70;60;65;118;5,1;3,4;
2026/03/25;1500 UTC;0;978,8;978,9;978,6;3080,1;21,2;13,3;21,8;20,6;14,3;12,4;66;58;61;115;4,9;2,7;
2026/03/25;1600 UTC;0;978,2;978,6;977,8;3246,2;22,3;14,5;23,1;21,6;15,7;13,1;65;56;61;83;4,9;2,8;
2026/03/25;1700 UTC;0;977,6;977,8;977,5;3107,8;23,1;14,8;23,5;22,6;15,7;13,5;65;54;59;145;6,4;3,5;
2026/03/25;1800 UTC;0;977,5;977,6;977,1;2302,3;22,9;14,5;23,3;22,6;15,2;13,9;62;55;58;140;5,9;3,4;
2026/03/25;1900 UTC;0;976,9;977,1;976,6;2245,3;23,2;14,6;23,5;23;15,2;13,9;60;54;57;146;6,4;4,8;
2026/03/25;2000 UTC;0;976,8;976,9;976,6;1520,3;22,9;15;23,3;22,5;15,5;14,5;64;57;60;133;6,2;4,6;
2026/03/25;2100 UTC;0;976,9;977,2;976,7;678,8;21,8;14,9;22,5;20,7;15,5;14,5;70;63;65;136;5,3;3,8;
2026/03/25;2200 UTC;0;977,6;977,9;977,2;38,6;19,3;14,8;20,6;18,3;15;14,6;82;70;78;140;4,1;3,2;
2026/03/25;2300 UTC;0;978;978;977,9;0;17,4;14,5;18,3;16,3;14,7;14,4;91;82;85;118;3,7;3;
2026/03/26;0000 UTC;0;977,9;978,1;977,9;0;16,1;14,8;16,5;15,8;15;14,4;96;90;93;115;4,6;4,2;
2026/03/26;0100 UTC;0;978,3;978,4;978,1;0;16,2;15,1;16,8;15,8;15,3;14,9;96;92;94;134;5,4;4;
2026/03/26;0200 UTC;0;978,6;978,7;978,4;0;16,1;15,1;17;15,5;15,3;14,8;98;91;95;122;4,6;4,1;
2026/03/26;0300 UTC;0;978,6;978,7;978,5;0;16,6;16,3;16,9;15,6;16,9;15,3;100;97;99;108;4,4;3,3;
2026/03/26;0400 UTC;0;978,5;978,6;978,4;0;17;17,1;17,2;16,9;17,2;16,9;100;100;100;118;5,2;3,9;
2026/03/26;0500 UTC;0;978,3;978,5;978,1;0;17,1;17,2;17,2;17,1;17,2;17,1;100;100;100;127;4,7;3,5;
2026/03/26;0600 UTC;0;978,1;978,2;978;0;16,7;16,8;17,1;16,4;17,1;16,5;100;100;100;132;4,6;3,6;
2026/03/26;0700 UTC;0;977,9;978;977,8;0;16,5;16,6;16,7;16,4;16,7;16,5;100;100;100;126;3,8;2,9;
2026/03/26;0800 UTC;0;977,7;977,8;977,7;0;16,3;16,3;16,5;15,9;16,6;16;100;100;100;128;4,5;3,6;
2026/03/26;0900 UTC;0;977,9;978,1;977,7;0;16,8;16,8;17;16,4;17;16,5;100;100;100;131;4,3;3,5;
2026/03/26;1000 UTC;0;978,5;978,8;978,1;8,1;17,2;17,2;17,3;17;17,4;17;100;100;100;129;5,1;3,9;
2026/03/26;1100 UTC;0;979;979,2;978,8;200,9;17,6;17,6;18;17,3;18;17,4;100;100;100;122;5,2;4;
2026/03/26;1200 UTC;0;979,3;979,6;979,1;492,8;18,5;18;18,9;18;18,2;17,7;100;94;98;137;6,7;4,6;
2026/03/26;1300 UTC;0;979,8;979,8;979,6;619,8;19;18,1;19,3;18,8;18,7;17,7;98;93;96;118;6,8;5,2;
2026/03/26;1400 UTC;0;979,9;979,9;979,7;1014,8;19,6;18,6;19,9;19,1;19,1;18,2;97;93;95;134;6,3;4,6;
2026/03/26;1500 UTC;0;979,7;979,8;979,4;1010,5;19,7;18,9;20,5;19,2;19,7;18,5;98;93;96;109;6,5;5;
2026/03/26;1600 UTC;0;979,4;979,6;979,3;1916,8;21,6;18,9;22,9;20,3;19,9;18,4;94;81;87;117;6;4,4;
2026/03/26;1700 UTC;0;979,1;979,3;978,8;831,6;21,3;19,1;21,7;21;19,8;18,6;93;86;89;111;5,5;4;
2026/03/26;1800 UTC;0;978,6;978,9;978,4;1091,6;21,5;19,3;21,9;21,1;19,6;19;91;87;89;101;7,1;4,8;
2026/03/26;1900 UTC;0;978,3;978,5;978,1;753;21,3;19,4;21,6;21;19,7;19,2;92;89;91;111;5,8;4,5;
2026/03/26;2000 UTC;0;978;978,1;977,8;433,3;21,2;19,6;21,5;20,7;19,8;19,3;95;90;92;98;5,7;4,3;
2026/03/26;2100 UTC;0;977,7;977,9;977,5;223,6;20,8;19,7;20,9;20,5;19,9;19,6;96;93;95;101;5,4;4,2;
2026/03/26;2200 UTC;0;977,7;977,9;977,5;11,8;20,2;20,1;20,5;20;20,2;19,9;100;97;99;110;6,9;4,7;
2026/03/26;2300 UTC;,2;978,1;978,2;977,9;0;20;20,1;20,1;20;20,1;20,1;100;100;100;115;7;5,1;
2026/03/27;0000 UTC;0;978,3;978,7;978;,1;19,9;19,9;20,1;19,7;20,1;19,7;100;100;100;109;9;6,8;
2026/03/27;0100 UTC;0;978,5;978,6;978,4;0;19,5;19,6;19,7;19,5;19,7;19,5;100;100;100;116;7,1;5,6;
2026/03/27;0200 UTC;0;978,5;978,6;978,3;0;19,5;19,6;19,6;19,5;19,7;19,5;100;100;100;113;6,7;4,7;
2026/03/27;0300 UTC;0;978,3;978,6;978,1;0;19,6;19,7;19,7;19,6;19,7;19,7;100;100;100;117;6;4,5;
2026/03/27;0400 UTC;,2;978,2;978,3;978;0;19,7;19,8;19,8;19,7;19,9;19,7;100;100;100;112;6,2;4,6;
2026/03/27;0500 UTC;0;978;978,1;977,9;0;19,9;19,9;19,9;19,8;20;19,9;100;100;100;118;6,3;4,5;
2026/03/27;0600 UTC;0;977,8;978;977,6;0;20;20;20;19,9;20,1;20;100;100;100;126;4,8;3,5;
2026/03/27;0700 UTC;0;977,6;977,6;977,5;0;20,1;20,1;20,2;20;20,2;20,1;100;100;100;134;4,7;3,5;
2026/03/27;0800 UTC;0;977,7;977,8;977,6;0;20,2;20,3;20,3;20,2;20,3;20,2;100;100;100;133;3,6;2,8;
2026/03/27;0900 UTC;0;977,9;978;977,7;0;20,3;20,3;20,3;20,2;20,4;20,3;100;100;100;138;3,4;2,7;
2026/03/27;1000 UTC;0;978,3;978,5;978;3,4;20,4;20,4;20,4;20,3;20,5;20,4;100;100;100;133;2,9;2,1;
2026/03/27;1100 UTC;0;978,7;978,9;978,5;136,6;20,6;20,7;20,8;20,4;20,9;20,5;100;100;100;123;3,3;2,7;
2026/03/27;1200 UTC;0;979,1;979,3;978,8;559,4;21,3;21,4;21,9;20,9;22;20,9;100;100;100;105;4,4;3,1;
2026/03/27;1300 UTC;0;979,5;979,7;979,3;1482,9;22,6;22,5;23,5;21,9;23,2;22;100;97;99;78;3,9;2,4;
2026/03/27;1400 UTC;0;979,7;979,7;979,6;1652,1;24,1;22,2;25,1;23,1;22,9;21,5;98;84;90;73;4,5;3,2;
2026/03/27;1500 UTC;0;979,3;979,6;979,2;1919,3;25,5;22,1;26,6;24,4;23;21,2;87;77;83;77;3,4;1,7;
2026/03/27;1600 UTC;0;978,9;979,1;978,7;2415,6;26,4;22,2;27,7;25,5;23;21,7;84;71;79;156;2,9;1,4;
2026/03/27;1700 UTC;0;978,5;978,7;978,2;3000,6;27,8;22,6;28,5;27,3;23,5;21,8;79;68;74;112;3,5;1,8;
2026/03/27;1800 UTC;0;977,9;978,2;977,6;2488,3;28,6;22,4;29,4;27,8;23,5;21,8;73;65;69;93;2,8;1,5;
2026/03/27;1900 UTC;0;977,6;977,6;977,5;1456,6;28,6;22,5;29,5;27,7;23,4;22;74;64;70;167;3,1;2;
2026/03/27;2000 UTC;0;977,6;977,6;977,4;1225;28,4;22,7;29;27,7;23,5;22,2;75;67;71;117;4,1;3,2;
2026/03/27;2100 UTC;0;977,5;977,7;977,5;592,8;27,8;22,5;28,3;26,9;22,9;22,2;79;70;74;116;4,2;2,8;
2026/03/27;2200 UTC;0;977,6;977,7;977,6;64,2;25;22,4;26,9;23,8;22,6;22,2;92;78;87;133;4;3;
2026/03/27;2300 UTC;0;977,8;978;977,6;0;23,3;22,3;23,9;23;22,6;22,1;97;92;95;111;4,8;4,2;
2026/03/28;0000 UTC;0;978,3;978,5;978;0;23,1;22,8;23,2;22,9;23;22,5;99;97;99;120;5;3,7;
2026/03/28;0100 UTC;0;978,7;978,9;978,5;0;23;23;23,3;22,8;23,4;22,7;100;99;100;119;5,9;4,7;
2026/03/28;0200 UTC;0;978,9;978,9;978,8;0;22,8;22,9;23;22,7;23,1;22,7;100;100;100;111;5,5;4,3;
2026/03/28;0300 UTC;0;978,8;978,9;978,8;0;22,5;22,6;22,7;22,2;22,8;22,2;100;100;100;116;4,6;3,4;
2026/03/28;0400 UTC;0;978,8;979;978,7;0;22,2;22,3;22,4;21,9;22,5;22;100;100;100;84;5;3,6;
2026/03/28;0500 UTC;0;978,5;978,5;978,5;0;22,1;22,1;22,1;22,1;22,1;22,1;100;100;100;105;3;2,6;
2026/03/28;0600 UTC;0;978,2;978,2;978,2;0;21,8;21,9;21,8;21,8;21,9;21,9;100;100;100;132;1,8;1,5;
2026/03/28;0700 UTC;0;977,9;977,9;977,9;0;22,4;22,4;22,4;22,4;22,4;22,4;100;100;100;133;1,3;1,1;
2026/03/28;0800 UTC;0;978,1;978,1;978,1;0;21,1;21,1;21,1;21,1;21,1;21,1;100;100;100;119;2,4;2;
2026/03/28;0900 UTC;0;978,8;978,8;978,8;0;21,6;21,6;21,6;21,6;21,6;21,6;100;100;100;124;3,4;3;
2026/03/28;1000 UTC;0;979,4;979,4;979,4;46,1;21,7;21,8;21,7;21,7;21,8;21,8;100;100;100;133;4,3;3,5;
2026/03/28;1100 UTC;0;979,9;979,9;979,9;276,6;21,8;21,9;21,8;21,8;21,9;21,9;100;100;100;125;6,1;5,4;
2026/03/28;1200 UTC;0;980,5;980,5;980,5;706,7;22,3;22,4;22,3;22,3;22,4;22,4;100;100;100;117;5;3,9;
2026/03/28;1300 UTC;0;981;981;981;1003,9;23,5;23,4;23,5;23,5;23,4;23,4;100;100;100;130;4,5;3,4;
2026/03/28;1400 UTC;0;981,2;981,2;981,2;1767,7;24,3;24;24,3;24,3;24;24;98;98;98;141;5,1;3,7;
2026/03/28;1500 UTC;0;980,7;980,7;980,7;1518;24;23,2;24;24;23,2;23,2;96;96;96;128;5,5;4,4;
2026/03/28;1600 UTC;0;980,3;980,3;980,3;2301,5;26,2;23,9;26,2;26,2;23,9;23,9;89;89;89;105;4,6;3,2;
2026/03/28;1700 UTC;0;979,8;979,8;979,8;2564,5;28,6;24,6;28,6;28,6;24,6;24,6;80;80;80;106;3,9;3,2;
2026/03/28;1800 UTC;0;979,5;979,5;979,5;1555,6;28;24,4;28;28;24,4;24,4;82;82;82;127;4,2;3,8;
2026/03/28;1900 UTC;0;979;979;979;1581;28,3;23,6;28,3;28,3;23,6;23,6;77;77;77;120;5,2;4;
2026/03/28;2000 UTC;0;979,3;979,3;979,3;366,9;27,1;24;27,1;27,1;24;24;85;85;85;119;4,2;3,5;
2026/03/28;2100 UTC;0;979;979;979;85,3;26;24;26;26;24;24;90;90;90;138;3,9;3,3;
2026/03/28;2200 UTC;0;979,3;979,3;979,3;0;25,1;24;25,1;25,1;24;24;95;95;95;122;5,9;4,7;
2026/03/28;2300 UTC;0;980;980;980;0;23,9;23,6;23,9;23,9;23,6;23,6;98;98;98;137;6,8;5,1;
2026/03/29;0000 UTC;0;980,1;980,1;980,1;0;23,4;23,5;23,4;23,4;23,5;23,5;100;100;100;130;7,4;6,4;
2026/03/29;0100 UTC;0;980,4;980,5;980,1;0;23,4;23,4;23,4;23,2;23,5;23,3;100;100;100;116;7,2;5,1;
2026/03/29;0200 UTC;0;980;980,4;979,7;0;22,9;23;23,2;22,6;23,3;22,7;100;100;100;111;7,4;5,9;
2026/03/29;0300 UTC;0;979,9;980,1;979,7;0;22,5;22,5;22,6;22,3;22,7;22,3;100;100;100;98;5,9;4,4;
2026/03/29;0400 UTC;0;979,9;980,1;979,7;0;22;22,1;22,3;21,7;22,3;21,8;100;100;100;79;5,3;3,8;
2026/03/29;0500 UTC;0;979,6;979,8;979,4;0;21,5;21,6;21,7;21,4;21,8;21,5;100;100;100;93;4,5;3,2;
2026/03/29;0600 UTC;0;979,1;979,4;978,9;0;21,2;21,3;21,4;21,2;21,5;21,2;100;100;100;111;5;3,9;
2026/03/29;0700 UTC;0;978,7;978,8;978,6;0;21,2;21,2;21,2;21,1;21,3;21,2;100;100;100;117;5,2;4,3;
2026/03/29;0800 UTC;0;978,7;978,8;978,5;0;21;21,1;21,1;20,9;21,2;21;100;100;100;109;4,6;3,2;
2026/03/29;0900 UTC;0;979;979,2;978,8;0;20,8;20,8;20,9;20,6;21;20,6;100;100;100;129;3,5;2,3;
2026/03/29;1000 UTC;0;979,4;979,6;979,2;11,1;20,6;20,6;20,6;20,5;20,7;20,6;100;100;100;139;4,2;2,2;
2026/03/29;1100 UTC;0;979,9;980,2;979,6;377,8;21,2;21,2;22,2;20,5;22,2;20,6;100;100;100;109;2,6;1,3;
2026/03/29;1200 UTC;0;980,3;980,4;980,1;1084,9;23,3;22,4;24,8;22,1;22,8;21,9;100;86;95;320;3;1,7;
2026/03/29;1300 UTC;0;980,3;980,5;980,2;1866,4;26,2;22,1;27,5;24,8;22,8;21;88;72;79;326;3,4;2,1;
2026/03/29;1400 UTC;0;980,5;980,6;980,4;1949,8;28,1;22,7;28,9;27,6;23,7;22;77;67;73;288;3;1,7;
2026/03/29;1500 UTC;0;980,5;980,6;980,4;2011,5;29,3;23,2;29,7;28,8;24;22;73;65;69;187;3,6;2,3;
2026/03/29;1600 UTC;0;980,1;980,4;979,7;1940,4;29,5;23,5;29,9;29,3;24,3;22,7;74;67;70;184;4,6;2,7;
2026/03/29;1700 UTC;0;979,2;979,7;978,9;2283,1;29,5;24,3;30;28,6;25,1;23,5;80;71;74;137;5,9;4;
2026/03/29;1800 UTC;0;978,7;979,1;978,4;2328,6;29,1;24,4;29,7;28,5;25;23,8;80;73;77;127;6,7;4,8;
2026/03/29;1900 UTC;0;978,3;978,7;978;1067,1;27,7;24,1;29,7;26,5;24,8;23,7;87;73;82;94;6,8;5,2;
2026/03/29;2000 UTC;0;978,6;978,8;978,4;351,6;25,7;23,2;26,5;24,8;24,1;21,9;92;84;88;73;7,1;4,8;
2026/03/29;2100 UTC;4,2;978,8;979,6;978,4;25,7;23,5;21,8;24,8;22,4;22;21,4;98;84;92;111;3,7;2,2;
2026/03/29;2200 UTC;3,8;979,3;979,6;978,8;1,6;22,5;22,2;22,7;22,4;22,6;21,9;99;96;98;133;7,6;5,8;
2026/03/29;2300 UTC;1;979,4;979,8;979;,1;23,1;23,2;23,2;22,8;23,3;22,6;100;99;100;108;8,4;5,8;
2026/03/30;0000 UTC;;;;;;;;;;;;;;;;;;
2026/03/30;0100 UTC;0;979,1;979,4;978,9;0;22,7;22,8;22,9;22,6;22,9;22,6;100;100;100;72;6,8;4,7;
2026/03/30;0200 UTC;0;978,8;979;978,5;0;22,5;22,6;22,6;22,4;22,6;22,4;100;100;100;76;5,8;3,8;
2026/03/30;0300 UTC;0;979;979,2;978,7;0;22,4;22,5;22,5;22,2;22,5;22,3;100;100;100;114;7,6;5,5;
2026/03/30;0400 UTC;0;978,9;979,1;978,6;0;22,3;22,3;22,3;22,2;22,4;22,1;100;99;100;46;6,4;3,5;
2026/03/30;0500 UTC;,8;978,8;979,1;978,5;0;22,2;22,2;22,3;22,1;22,2;22,1;100;100;100;103;4,5;3,4;
2026/03/30;0600 UTC;,2;978,5;978,8;978,2;0;22,1;22,1;22,1;22;22,2;22,1;100;100;100;106;4,3;3,1;
2026/03/30;0700 UTC;0;978,2;978,3;978,1;0;22;22;22;21,9;22,1;21,9;100;100;100;118;4,7;3,7;
2026/03/30;0800 UTC;0;978,2;978,3;978,1;0;21,9;22;22;21,9;22;21,9;100;100;100;92;4,7;3,4;
2026/03/30;0900 UTC;0;978,3;978,4;978,2;0;21,9;21,9;21,9;21,7;22;21,8;100;100;100;73;3,7;2,5;
2026/03/30;1000 UTC;0;978,6;978,9;978,4;6,3;21,8;21,8;21,9;21,7;21,9;21,7;100;100;100;100;4,3;3,3;
2026/03/30;1100 UTC;0;979,2;979,5;978,9;160,3;22,1;22,2;22,3;21,9;22,4;21,9;100;100;100;90;3,7;2,5;
2026/03/30;1200 UTC;0;979,5;979,8;979,3;175,4;22,5;22,5;22,7;22,3;22,6;22,3;100;99;100;63;3,4;2,1;
2026/03/30;1300 UTC;,4;979,8;980,1;979,6;202,3;22,8;22,6;22,9;22,7;22,7;22,4;99;98;99;113;2,4;1,4;
2026/03/30;1400 UTC;0;980;980,1;979,8;486,8;23,3;22,7;23,7;22,8;23,1;22,4;99;95;97;101;3,6;2,6;
2026/03/30;1500 UTC;0;979,8;980;979,3;887,2;23,8;23;24,3;23,5;23,4;22,7;98;93;96;85;5;3,4;
2026/03/30;1600 UTC;0;978,9;979,2;978,7;1952;25,4;23;26,2;24,3;24,1;22,2;94;82;88;57;4,1;2,4;
2026/03/30;1700 UTC;0;978,7;978,9;978,3;713,5;24,8;22,6;25,5;24,4;22,9;22,3;92;85;89;100;7;5,3;
2026/03/30;1800 UTC;0;978,1;978,4;977,6;805;24,8;22,5;25,4;24,5;22,7;22,2;91;84;88;91;3,9;2,9;
2026/03/30;1900 UTC;0;977,3;977,6;977;1323,8;25,8;22,5;26,8;24,9;23;21,7;89;76;83;103;5,9;4,2;
2026/03/30;2000 UTC;,2;977;977,1;976,8;951,5;25,7;22,3;26,9;24,8;22,9;21,8;88;75;83;99;8,6;6,2;
2026/03/30;2100 UTC;0;977,1;977,3;976,9;411,3;24,3;22,4;25,6;23,4;22,9;22,1;94;85;90;95;8,4;5,8;
2026/03/30;2200 UTC;0;977,3;977,5;977;20,4;22,8;21,8;23,4;22,1;22,2;21,5;97;94;95;112;7,2;5,2;
2026/03/30;2300 UTC;0;977;977,2;976,9;0;21,9;21,7;22,1;21,8;21,8;21,6;100;97;99;110;7;5,2;
2026/03/31;0000 UTC;0;977,2;977,3;977;0;21,9;21,8;21,9;21,7;21,9;21,7;100;99;100;96;9,7;6,7;
2026/03/31;0100 UTC;0;977,4;977,4;977,2;0;21,6;21,4;21,9;21,4;21,5;21,1;99;98;99;94;7,7;5,7;
2026/03/31;0200 UTC;0;977,3;977,5;977,1;0;21,1;20,9;21,4;21,1;21,1;20,8;99;98;99;90;7,9;6;
2026/03/31;0300 UTC;0;977;977,2;976,8;0;21,3;20,9;21,4;21,1;21;20,8;99;97;98;95;8,3;4,9;
2026/03/31;0400 UTC;0;977;977,1;976,8;0;21,4;21;21,4;21,4;21,1;20,8;99;97;98;87;5,7;3,9;
2026/03/31;0500 UTC;0;976,6;976,8;976,4;0;21,3;21;21,4;21,2;21,2;20,8;99;98;98;89;6,4;3,9;
2026/03/31;0600 UTC;0;976,4;976,7;976,1;0;21,2;20,8;21,2;21;20,9;20,7;99;98;98;84;5,6;4;
2026/03/31;0700 UTC;0;975,9;976,1;975,8;0;20,7;20,7;20,9;20,6;20,9;20,5;100;99;100;99;5,1;3,5;
2026/03/31;0800 UTC;0;975,9;976;975,7;0;20,9;20,8;20,9;20,8;20,9;20,6;100;98;99;91;6,6;4,3;
2026/03/31;0900 UTC;0;975,9;976;975,8;0;20,8;20,6;21;20,6;20,6;20,4;99;98;99;99;6;4,4;
2026/03/31;1000 UTC;0;976;976,3;975,9;6,5;20,6;20,6;20,7;20,4;20,8;20,4;100;99;100;97;6,3;4,3;
2026/03/31;1100 UTC;;;;;;;;;;;;;;;;;;
2026/03/31;1200 UTC;0;976,8;977;976,5;1145,7;22,6;19,8;23,3;21,9;20,3;19,3;92;81;86;78;11,3;6,9;
2026/03/31;1300 UTC;0;976,9;977,1;976,7;1926,7;23,6;19,6;24,4;23,1;20,4;19,2;82;77;80;67;10,4;6,7;
2026/03/31;1400 UTC;0;976,7;976,9;976,5;2549;25;19,9;26,1;24,4;20,5;19,6;79;68;75;70;9,3;6,5;
2026/03/31;1500 UTC;0;976,5;976,7;976,2;2763,2;26,1;20;27,1;25,4;20,9;19,3;73;66;70;80;10,3;6,9;
2026/03/31;1600 UTC;0;975,9;976,3;975,4;2936,2;26,6;20;27;26;20,7;19,4;70;64;67;56;10,6;7;
2026/03/31;1700 UTC;0;975,1;975,5;974,8;3044,8;27,4;20,3;28,2;26,7;21,2;19,7;69;61;65;73;10,4;6,1;
2026/03/31;1800 UTC;0;974,5;974,8;974,3;2587,1;27,6;20,4;28,1;26,9;21,2;19,7;68;61;64;76;8,8;5,5;
2026/03/31;1900 UTC;0;974,2;974,4;973,9;2164,2;27,5;20,3;28;26,7;21;19,4;67;61;64;75;7,7;5,4;
2026/03/31;2000 UTC;0;974;974,1;973,8;1472,5;27;20,1;27,8;26;20,8;19,7;69;61;66;86;9,3;5,1;
2026/03/31;2100 UTC;0;974;974,1;973,8;506,3;25,3;20;26,3;24,3;20,4;19,6;80;68;74;89;8,2;5,8;
2026/03/31;2200 UTC;0;973,9;974;973,8;46,8;23,1;20,2;24,3;22,2;20,4;20;89;80;85;95;8;5,6;
2026/03/31;2300 UTC;0;974,1;974,4;974;0;21,7;19,9;22,2;21,3;20;19,6;92;89;91;98;7,2;5,4;
2026/04/01;0000 UTC;0;974,7;974,9;974,3;0;21;19,5;21,3;20,7;19,7;19,3;95;91;92;94;7,4;5;
2026/04/01;0100 UTC;0;974,9;975,1;974,8;0;20,8;19,9;20,9;20,6;20,1;19,7;96;95;96;89;8,7;5,6;
2026/04/01;0200 UTC;0;975,1;975,2;975;0;20,9;19,9;21;20,7;20,1;19,6;96;94;95;85;10,4;7;
2026/04/01;0300 UTC;0;974,9;975,1;974,7;0;20,3;19,3;20,7;19,9;19,6;18,9;96;94;95;88;8,5;5,7;
2026/04/01;0400 UTC;0;974,6;974,8;974,4;0;19,8;19,1;19,9;19,7;19,2;18,9;97;96;96;83;7,8;5,2;
2026/04/01;0500 UTC;0;974,3;974,5;974;0;19,7;19,1;19,8;19,5;19,1;19;97;96;97;74;6,4;4,2;
2026/04/01;0600 UTC;0;973,6;974;973,3;0;19,1;18,7;19,5;18,7;19;18,6;99;97;98;75;6;4;
2026/04/01;0700 UTC;0;973;973,4;972,7;0;18,5;18,5;18,7;18,3;18,7;18,3;100;99;100;86;4,9;3,2;
2026/04/01;0800 UTC;0;972,8;973,1;972,7;0;18,3;18,1;18,5;18;18,4;17,7;100;98;99;91;4,9;3,2;
2026/04/01;0900 UTC;0;973,2;973,4;973,1;0;18,1;17,9;18,3;17,8;18;17,7;100;99;99;100;4,7;2,7;
2026/04/01;1000 UTC;0;973,6;973,6;973,4;10,4;17,1;17,2;17,8;16,5;17,7;16,5;100;99;100;118;3,7;3,1;
2026/04/01;1100 UTC;0;974;974,2;973,6;227,9;17,5;17,6;18,5;16,6;18,5;16,7;100;100;100;106;4,8;3,5;
2026/04/01;1200 UTC;0;974,2;974,4;974,1;970,7;19,3;19,1;20,5;18,6;19,7;18,6;100;93;99;95;7;5;
2026/04/01;1300 UTC;0;974,4;974,5;974,3;1957,4;21,6;18,4;22,7;20,5;19,1;17,6;93;75;84;89;8;6,2;
2026/04/01;1400 UTC;0;974,5;974,6;974,2;2548,5;23,2;18,1;24;22,6;18,8;17,5;79;69;75;94;7,2;5;
2026/04/01;1500 UTC;0;974,3;974,6;974;2944,3;24,2;18;24,8;23,6;18,8;17,1;74;63;69;108;5,1;3,4;
2026/04/01;1600 UTC;0;973,9;974,2;973,5;3118,4;25,3;17,7;26;24,7;18,7;16,3;69;54;62;72;4,6;3,1;
2026/04/01;1700 UTC;0;973,1;973,5;972,8;3004,8;26,1;17,3;26,8;25,7;18,7;15,8;63;50;56;75;3,8;1,4;
2026/04/01;1800 UTC;0;972,5;972,8;972,1;2645,6;26,7;17,6;27,1;26,3;18,5;16,5;60;49;54;57;3,8;1,8;
2026/04/01;1900 UTC;0;972,1;972,1;972;2108,2;26,6;17,9;27;26,3;19;17;61;51;56;139;4,7;3,1;
2026/04/01;2000 UTC;0;972;972,1;971,9;1371,3;26,1;18,2;26,5;25,8;19;17,8;63;57;60;137;4,4;3,2;
2026/04/01;2100 UTC;0;972;972,2;971,9;575,2;24,7;18;25,8;23,3;18,7;17,6;72;62;66;146;5,3;3,6;
2026/04/01;2200 UTC;0;972,1;972,3;972;42,9;21,9;17,7;23,2;21,2;18,7;17;88;73;79;139;7;4,9;
2026/04/01;2300 UTC;0;972,5;972,9;972,2;0;20,8;19,4;21,2;20,4;20;18,8;96;88;93;136;6,4;4,7;
2026/04/02;0000 UTC;0;972,8;973;972,7;0;20,5;20,1;20,8;20,3;20,1;20;99;96;98;129;6,3;4,4;
2026/04/02;0100 UTC;0;973,3;973,5;973,1;0;20,1;19,9;20,3;19,9;20,1;19,7;99;98;99;111;6,6;4,9;
2026/04/02;0200 UTC;0;973,9;974,1;973,5;0;19,5;19,4;19,9;19;19,7;19;100;99;100;111;5,3;4,2;
2026/04/02;0300 UTC;0;973,8;973,9;973,6;0;19,2;19,3;19,4;19,1;19,4;19,1;100;100;100;98;5,4;3,9;
2026/04/02;0400 UTC;0;973,8;973,9;973,6;0;19,3;19,3;19,6;18,7;19,6;18,7;100;100;100;73;3,4;2,4;
2026/04/02;0500 UTC;0;973,4;973,6;973;0;19,2;19,2;19,5;18,6;19,5;18,7;100;100;100;96;3,6;2,2;
2026/04/02;0600 UTC;0;972,8;973;972,7;0;19,1;19,1;19,3;18,8;19,4;18,9;100;100;100;52;3,8;1,6;
2026/04/02;0700 UTC;0;972,7;972,8;972,6;0;18,7;18,7;18,9;18,2;18,9;18,3;100;100;100;79;2,4;1,7;
2026/04/02;0800 UTC;0;972,4;972,6;972,3;0;17,9;18;18,2;17,3;18,3;17,4;100;100;100;150;1,5;,8;
2026/04/02;0900 UTC;0;972,4;972,5;972,3;0;17;17,1;17,6;16,5;17,7;16,5;100;100;100;140;1,4;,9;
2026/04/02;1000 UTC;0;972,5;972,7;972,3;9,9;16,7;16,8;17,1;16,1;17,1;16,2;100;100;100;135;1,9;1,1;
2026/04/02;1100 UTC;0;973,1;973,5;972,6;392,4;17,2;17,2;18,5;16,2;18,4;16,2;100;99;100;118;2,1;1,6;
2026/04/02;1200 UTC;0;973,9;974,3;973,5;1086,7;19,5;18,8;20,2;18,6;19,4;18,5;99;93;97;106;3,8;3;
2026/04/02;1300 UTC;0;974,3;974,6;974,1;1834;20,9;18,5;22,5;19,4;19,6;17;99;75;88;136;5,1;3,7;
2026/04/02;1400 UTC;0;974,8;974,9;974,6;2515,5;23,3;18,3;23,9;22,7;19,3;17,3;80;70;75;136;4,8;2,9;
2026/04/02;1500 UTC;0;974,9;975;974,8;2636,9;24,2;19;25;23,7;19,8;18,3;77;72;74;145;6,3;4,1;
2026/04/02;1600 UTC;0;974,8;975,1;974,3;3313,4;24,7;19,1;25,2;24,1;19,9;17,8;75;66;72;156;5,8;3,6;
2026/04/02;1700 UTC;0;974;974,3;973,8;2786,4;25,2;18,9;26,2;24,2;20;18,1;74;63;68;168;4,1;1,9;
2026/04/02;1800 UTC;0;973,6;973,8;973,4;2309,7;25,9;18,5;26,7;25,3;19,7;17,7;68;59;63;177;4,6;2,8;
2026/04/02;1900 UTC;0;973,5;973,6;973,3;1675,2;25,7;18,4;26,3;24,8;19,2;17,7;68;59;63;175;4,3;2,6;
2026/04/02;2000 UTC;0;973,7;973,9;973,6;1465,7;25,8;18;26;25,3;18,7;17,3;65;57;61;187;5,4;3;
2026/04/02;2100 UTC;0;974;974;973,9;564,9;24,7;18;25,3;23,6;18,5;17,7;71;63;67;179;3,1;2,1;
2026/04/02;2200 UTC;0;974;974;973,9;16;22,2;18,1;23,7;20,4;19,3;17,2;92;70;79;134;4,1;3,1;
2026/04/02;2300 UTC;0;974,1;974,4;974;0;20,3;19,4;20,6;20;19,8;18,8;97;93;96;141;4,7;3,7;
2026/04/03;0000 UTC;0;974,6;974,8;974,4;0;20,3;19,7;20,6;20,1;19,9;19,6;98;95;97;143;5,3;4,3;
2026/04/03;0100 UTC;0;975,2;975,5;974,8;0;20,2;20,1;20,3;20;20,2;19,8;100;98;99;126;4,1;3,2;
2026/04/03;0200 UTC;0;975,5;975,6;975,4;0;20,1;20,1;20,3;19,9;20,3;19,9;100;100;100;114;5;3,9;
2026/04/03;0300 UTC;0;975,4;975,5;975,4;0;19,6;19,7;20;19,1;20;19,2;100;100;100;114;4,3;3,3;
2026/04/03;0400 UTC;0;975,1;975,4;974,9;0;19,1;19,2;19,2;18,9;19,3;19;100;100;100;98;3,7;2,5;
2026/04/03;0500 UTC;0;974,9;975;974,9;0;18,9;19;19,4;18,5;19,4;18,5;100;100;100;76;4;2,5;
2026/04/03;0600 UTC;0;974,7;974,9;974,5;0;19,2;19,2;19,4;19;19,5;19;100;100;100;88;3,4;1,7;
2026/04/03;0700 UTC;0;974,5;974,6;974,5;0;18,9;18,9;19;18,7;19,1;18,7;100;100;100;140;1,7;,7;
2026/04/03;0800 UTC;,2;974,4;974,6;974,1;0;18,7;18,7;19;18,4;19,1;18,4;100;100;100;128;1,1;,6;
2026/04/03;0900 UTC;0;974,8;975,1;974,5;0;18,6;18,7;18,8;18,4;18,8;18,4;100;100;100;296;1,9;1,5;
2026/04/03;1000 UTC;0;975,1;975,3;975;7,1;18,7;18,7;18,9;18,4;18,9;18,5;100;100;100;165;1,5;,9;
2026/04/03;1100 UTC;0;975,5;975,8;975,1;268,2;19,1;19;20,1;18,6;19,5;18,6;100;96;100;242;1;,7;
2026/04/03;1200 UTC;0;976,1;976,6;975,8;1107,7;21,8;19,5;23,1;20,2;20,3;18,7;97;80;88;120;2,5;1,2;
2026/04/03;1300 UTC;0;976,6;976,7;976,4;1843,3;23,3;18,9;23,9;22,5;19,7;18;84;73;78;111;4,8;3,2;
2026/04/03;1400 UTC;0;976,7;976,8;976,6;2471,9;24,5;18,5;25,3;23,8;19,4;17,8;78;66;70;163;3,3;1,7;
2026/04/03;1500 UTC;0;976,6;976,7;976,5;2867,3;25,5;18,8;26,1;24,9;20,1;17,7;76;62;66;137;4,1;1,7;
2026/04/03;1600 UTC;0;976,5;976,6;976,2;2143,3;25,8;18,8;27;25;20;18;70;58;65;170;3;1,2;
2026/04/03;1700 UTC;0;975,9;976,2;975,5;2713,5;26,8;19,1;27,8;25,7;20,2;18,4;67;56;62;90;2,8;1,4;
2026/04/03;1800 UTC;0;975,4;975,5;975,3;2687;27;19,3;27,4;26,6;20,2;18,7;67;57;61;173;4;2,2;
2026/04/03;1900 UTC;0;975,1;975,5;974,8;1987,6;27;19,1;27,3;26,7;19,8;18,4;65;57;61;121;3,2;2;
2026/04/03;2000 UTC;0;974,8;974,9;974,8;952,5;26,1;18,9;27,1;25,4;19,5;18,5;68;58;64;166;3,8;2,5;
2026/04/03;2100 UTC;0;974,8;974,9;974,7;531,9;25,2;18,8;26,2;24,6;19,4;18,2;71;62;68;172;5,1;3,4;
2026/04/03;2200 UTC;0;975,4;975,6;975;51,6;23,7;18,2;24,6;22,8;18,9;17,8;80;68;72;159;5,7;3,9;
2026/04/03;2300 UTC;0;975,8;976;975,6;0;21,4;18,8;22,7;20,5;19;18,3;90;80;87;134;4,2;3,2;
2026/04/04;0000 UTC;0;976,1;976,1;976;0;19,7;17,8;20,4;19,1;18,3;17,1;92;89;90;141;3,5;3;
2026/04/04;0100 UTC;0;976,2;976,3;976,1;0;18,7;16,9;19,3;18,1;17,1;16,7;95;88;91;126;3,7;3,1;
2026/04/04;0200 UTC;0;976;976,3;975,8;0;18,3;17;18,8;17,7;18,4;16,5;98;90;94;126;3,8;2,8;
2026/04/04;0300 UTC;0;976;976,1;975,8;0;19;18,9;19,2;18,8;19,1;18,4;100;98;99;113;2,6;1,9;
2026/04/04;0400 UTC;0;975,8;975,9;975,5;0;19,1;19,2;19,4;18,9;19,4;19;100;100;100;72;5,2;2,6;
2026/04/04;0500 UTC;0;975,7;975,9;975,3;0;19,2;19,2;19,3;19,1;19,4;19,1;100;100;100;26;4,8;3;
2026/04/04;0600 UTC;0;975,2;975,5;974,8;0;19,2;19,3;19,3;19;19,4;19,1;100;100;100;30;4,2;2,7;
2026/04/04;0700 UTC;0;974,7;974,8;974,5;0;19,4;18,8;19,7;18,9;19,3;18,3;100;96;97;275;1,6;,6;
2026/04/04;0800 UTC;0;974,7;974,9;974,3;0;19,3;18,9;19,4;19,1;19,2;18,7;99;97;98;322;2,6;1,9;
2026/04/04;0900 UTC;0;975,1;975,5;974,8;0;19;19;19,2;18,9;19,1;19;100;99;100;304;2,4;1,9;
2026/04/04;1000 UTC;0;975,7;975,8;975,5;4,5;19;19;19;18,8;19,1;18,9;100;100;100;286;1,6;1,1;
2026/04/04;1100 UTC;0;976;976,5;975,6;154,7;19,8;19,4;21;19;19,8;19,1;100;93;98;272;2,3;1,8;
2026/04/04;1200 UTC;0;976,7;977,2;976,3;232,2;21,5;19,8;21,6;21,1;20,2;19,4;94;90;92;268;3,9;2,5;
2026/04/04;1300 UTC;0;977;977,3;976,6;743,9;21,9;20;23,1;21,3;20,6;19,6;94;83;91;290;2,6;1,5;
2026/04/04;1400 UTC;0;977,3;977,8;976,9;1678,2;23,4;20,4;24,3;22,4;20,9;19,9;91;79;85;223;6,7;3,8;
2026/04/04;1500 UTC;0;978;978,1;977,8;1106;22;19,7;22,9;21,6;20,4;19,1;90;85;88;207;6,7;3,9;
2026/04/04;1600 UTC;0;978,2;978,3;978;555,4;20,5;19,1;21,9;19,9;19,8;18,8;96;88;93;167;6,3;3,9;
2026/04/04;1700 UTC;,2;978,4;978,5;978,2;313,6;19,9;19,2;20,4;19,3;19,5;19;99;93;97;185;8,3;4,1;
2026/04/04;1800 UTC;,2;978,5;978,7;978,2;694;18,9;18,4;19,5;18;19,1;17,6;99;96;98;174;10,9;5,8;
2026/04/04;1900 UTC;,2;978,7;978,9;978,6;501,3;17,1;16,8;17,9;16,7;17,6;16,2;100;97;99;163;11,2;7,9;
2026/04/04;2000 UTC;0;979;979,2;978,7;328,9;16,3;15,9;16,8;15,8;16,3;15,5;99;96;98;161;11,4;8;
2026/04/04;2100 UTC;,2;979,1;979,5;978,8;141,7;15,2;14,6;15,7;14,8;15,5;13,9;99;95;97;164;14,1;7,9;
2026/04/04;2200 UTC;0;979,6;979,8;979,4;11,8;14,3;13,6;14,7;14,2;14,1;13,5;97;96;97;163;11,2;8;
2026/04/04;2300 UTC;0;980,4;980,8;979,8;0;14,2;13,2;14,3;14,1;13,7;12,7;97;92;95;165;11,2;7,4;
2026/04/05;0000 UTC;0;980,9;981,2;980,7;,1;14,1;12,4;14,3;14;12,8;11,9;93;89;92;162;10,7;7,9;
2026/04/05;0100 UTC;0;981,5;981,8;981,3;,1;14;11,3;14,2;13,8;11,8;10,8;88;84;86;162;12,6;8,3;
2026/04/05;0200 UTC;0;981,8;982,1;981,5;0;13,8;10,7;14;13,6;11;10,3;87;83;85;162;11,5;7,1;
2026/04/05;0300 UTC;0;982,2;982,4;981,9;0;13,6;9,6;13,6;13,3;10,2;9,3;83;79;80;162;10,4;6,6;
2026/04/05;0400 UTC;0;981,9;982,2;981,7;0;13,2;9,5;13,4;13,1;9,9;9,1;84;80;82;162;10,5;7,5;
2026/04/05;0500 UTC;0;981,7;982;981,6;0;13,1;9,2;13,2;13;9,4;9;82;79;81;170;10;7,3;
2026/04/05;0600 UTC;0;981,6;981,8;981,3;0;13,2;9;13,5;12,9;9,4;8,8;81;78;79;166;11,3;7,3;
2026/04/05;0700 UTC;0;981,2;981,4;981,1;0;13;9,3;13,2;12,9;9,5;9;83;80;81;161;9,6;6,7;
2026/04/05;0800 UTC;0;981,6;981,9;981,3;0;13,1;9,3;13,3;12,9;9,5;9,1;82;79;81;167;8,5;6,1;
2026/04/05;0900 UTC;0;982,2;982,5;981,8;0;12,8;9,3;13;12,5;9,6;9,1;85;81;83;161;7,9;5,7;
2026/04/05;1000 UTC;0;982,9;983,3;982,5;4,9;12,8;9,7;13;12,5;10;9,4;87;83;85;164;7,2;4,6;
2026/04/05;1100 UTC;0;983,3;983,5;983,1;140,4;12,7;10,1;12,8;12,5;10,6;9,8;89;86;87;151;8,3;5,6;
2026/04/05;1200 UTC;0;983,6;983,9;983,4;525,2;13,6;10,6;14;12,8;10,8;10,3;88;83;85;163;8,4;6,1;
2026/04/05;1300 UTC;0;983,8;984;983,5;1418,7;15,4;11,3;16,7;14;12;10,6;84;75;79;146;8,4;6,1;
2026/04/05;1400 UTC;0;983,8;984,1;983,5;1862,5;17,1;12,1;17,9;16,5;12,7;11,5;78;71;75;125;9,6;6,8;
2026/04/05;1500 UTC;0;983,4;983,9;983;1758,2;18,3;12;18,9;17,8;12,9;11,4;74;65;69;114;8,9;6,9;
2026/04/05;1600 UTC;0;983,2;983,4;982,9;2092,8;19,2;12;19,8;18,7;12,5;11,4;69;60;64;127;10;6,9;
2026/04/05;1700 UTC;0;982,8;983;982,5;2722,6;20;11,8;20,7;19,3;12,6;11,2;63;56;59;134;9,9;7,3;
2026/04/05;1800 UTC;0;982,6;982,8;982,3;2165,6;20;11,3;20,7;19,5;12,2;10,6;60;54;57;121;9,3;6,8;
2026/04/05;1900 UTC;0;982,2;982,5;981,9;1553,4;19,5;10,8;20,3;18,8;11,4;10,4;61;54;57;130;10,7;7,8;
2026/04/05;2000 UTC;0;982,4;982,6;982,2;507,3;18,2;10,5;18,8;17,6;10,9;10,2;66;58;62;135;8,9;6,3;
2026/04/05;2100 UTC;0;982,2;982,4;981,8;232,3;16,9;10,5;17,5;16,2;11;10,1;71;65;68;124;8,3;6;
2026/04/05;2200 UTC;0;981,8;982;981,6;13,5;15,7;10,2;16,2;15,5;10,4;10;74;70;72;124;8,1;6,1;
2026/04/05;2300 UTC;0;981,9;982,2;981,7;0;15,5;10,2;15,6;15,3;10,5;10;76;73;74;120;8,1;6,4;
2026/04/06;0000 UTC;0;982,3;982,8;981,9;0;15,3;10,1;15,4;15,2;10,4;9,9;76;73;74;116;8,2;5,5;
2026/04/06;0100 UTC;0;982,1;982,7;981,4;0;15,1;10,5;15,2;14,9;10,8;10,3;79;75;77;113;8,1;5,8;
2026/04/06;0200 UTC;0;982,3;982,6;981,8;0;14,5;10,4;14,9;14,2;10,6;10,2;81;78;80;110;7,4;5,4;
2026/04/06;0300 UTC;0;981,8;982,1;981,5;0;14,6;10,4;14,8;14,4;10,6;10,1;80;77;79;107;7,6;5,7;
2026/04/06;0400 UTC;0;981,3;981,8;980,9;0;14,7;10,7;14,8;14,6;10,9;10,4;81;78;80;110;8,8;6,3;
2026/04/06;0500 UTC;0;981,1;981,3;980,9;0;14,8;10,9;15;14,7;11;10,7;82;79;80;98;6,6;4,5;
2026/04/06;0600 UTC;0;980,8;981;980,4;0;14,7;11,2;14,9;14,4;11,5;10,9;84;81;83;108;6,7;5,1;
2026/04/06;0700 UTC;0;980,3;980,6;980;0;14,7;11,8;14,9;14,6;12;11,5;87;84;85;121;5,7;4,4;
2026/04/06;0800 UTC;0;980,1;980,6;978,8;0;14,9;12,3;15,3;14,6;12,7;11,9;88;86;87;108;10;7,1;
2026/04/06;0900 UTC;0;978,9;979,3;978,6;0;15,1;12,8;15,7;14,8;13,1;12,6;89;87;88;101;8,5;6,7;
2026/04/06;1000 UTC;0;979,2;979,7;979;,8;16,4;13,5;16,9;15,7;13,8;13,2;87;84;86;85;9,2;6,5;
2026/04/06;1100 UTC;0;979,9;980,1;979,6;61,7;16,9;13,9;17,1;16,8;14,2;13,8;86;84;85;92;9;6;
2026/04/06;1200 UTC;0;980,3;980,6;980,1;505,2;17,8;14,5;18,2;17,1;14,9;14,1;85;82;84;84;10,4;6,3;
2026/04/06;1300 UTC;,2;980,2;980,5;979,8;338,6;18;15,1;18,2;17,5;15,7;14,8;91;83;86;86;11,1;7,1;
2026/04/06;1400 UTC;,2;980,5;980,8;980,2;582,4;17,6;16;18,1;17,3;16,5;15,5;93;90;92;88;9,3;6,4;
2026/04/06;1500 UTC;0;980,1;980,5;979,6;811,6;18,6;16,4;19,2;18,1;17;16;91;86;89;96;9,4;6,4;
2026/04/06;1600 UTC;0;978,9;979,6;977,9;872,5;18,8;16,9;19,1;18,6;17,6;16,3;95;87;90;91;10,4;7,4;
2026/04/06;1700 UTC;,2;977,4;977,9;977,1;1353,2;19,7;18,1;20,1;18,7;18,7;17,6;96;90;92;85;11,7;8,3;
2026/04/06;1800 UTC;0;977,1;977,2;976,9;528,3;19,8;18,2;19,9;19,6;18,4;18;94;91;92;80;10,9;7,6;
2026/04/06;1900 UTC;0;976,8;977,2;976,5;371,4;19,6;18,3;19,6;19,5;18,6;18,1;95;93;94;90;11,1;6,9;
2026/04/06;2000 UTC;0;976,2;976,6;975,9;312,7;19,6;18,2;19,7;19,5;18,3;18,1;94;92;93;88;11,6;6,8;
2026/04/06;2100 UTC;0;976,2;976,4;975,9;95,1;19,5;18,1;19,6;19,4;18,2;18;94;92;93;99;9,3;6,6;
2026/04/06;2200 UTC;0;976,2;976,6;975,8;4,4;19,4;18,1;19,4;19,3;18,2;18,1;94;93;94;92;9,6;6,7;
2026/04/06;2300 UTC;0;976,2;976,5;975,9;0;19,4;18,3;19,5;19,3;18,4;18,2;95;94;95;97;10;7,1;
2026/04/07;0000 UTC;0;976,4;976,6;976,1;0;19,5;18,6;19,6;19,4;18,7;18,4;96;95;95;90;11,3;7,8;
2026/04/07;0100 UTC;,6;975,8;976,3;974,2;,1;19,7;19;19,8;19,5;19,3;18,8;99;95;97;92;14,7;9,5;
2026/04/07;0200 UTC;,2;975,3;975,7;974,4;0;19,7;19,4;19,8;19,5;19,6;19,3;99;98;99;87;12,8;7,8;
2026/04/07;0300 UTC;0;975,2;975,6;974,9;0;19,9;19,7;20;19,8;19,8;19,5;100;98;99;75;12,2;7,9;
2026/04/07;0400 UTC;0;974,3;974,8;973,9;0;20;19,9;20,1;19,9;20;19,8;100;99;100;83;11,5;6,8;
2026/04/07;0500 UTC;1;974,5;974,9;974;0;20,1;20,1;20,2;20,1;20,1;20;100;99;100;46;6,4;3,7;
2026/04/07;0600 UTC;5,3;974,1;974,8;973,5;0;20,1;20,1;20,2;20;20,2;20,1;100;100;100;68;7,5;4,8;
2026/04/07;0700 UTC;0;972,9;973,5;972,4;0;20;20,1;20;20;20,1;20;100;100;100;60;6,3;3,6;
2026/04/07;0800 UTC;0;972,2;972,6;972;0;20;20;20;19,9;20;20;100;100;100;66;6,5;3,9;
2026/04/07;0900 UTC;,2;971,1;972;969,8;0;19,9;20;19,9;19,9;20;19,9;100;100;100;69;10,4;7,2;
2026/04/07;1000 UTC;0;969,2;969,8;968,8;,7;19,9;19,9;19,9;19,9;20;19,9;100;100;100;58;10,7;6;
2026/04/07;1100 UTC;0;970,8;971,3;969,6;58,4;20;19,9;20;19,9;20;19,8;100;99;100;323;5,6;3;
2026/04/07;1200 UTC;0;971,4;971,5;971;217,9;20,2;19,8;20,6;20;20,1;19,6;99;97;98;121;1,9;1,1;
2026/04/07;1300 UTC;0;971,6;971,7;971,5;236,2;20,8;19,7;20,9;20,6;20;19,6;96;94;95;248;5,4;3,1;
2026/04/07;1400 UTC;,2;971;971,4;970,4;753,3;21,5;20,1;22,1;20,9;20,5;19,8;96;89;93;334;10,1;6,1;
2026/04/07;1500 UTC;0;970;970,4;969,7;383,3;21,8;19,6;22,2;21,6;20,2;19,2;90;87;89;316;8,4;5,3;
2026/04/07;1600 UTC;0;969,4;969,7;969,1;637,4;21,9;19,4;22,1;21,7;20;19;90;86;88;320;8,4;4,9;
2026/04/07;1700 UTC;0;968,6;969,1;967,8;298,2;20,9;19,2;21,7;20,1;19,5;18,9;96;87;92;331;6,3;3,8;
2026/04/07;1800 UTC;1;967,5;967,8;966,9;278,6;20;19,4;20,1;19,9;19,7;19,2;98;96;97;56;4,9;2,5;
2026/04/07;1900 UTC;2;966,4;966,9;966,1;287,2;20;19,6;20,2;19,7;19,8;19,3;99;97;98;46;3,6;2,5;
2026/04/07;2000 UTC;2,8;965,9;966,2;965,5;184,7;19,5;19,3;19,6;19,4;19,4;19,2;100;98;99;255;2,5;1,2;
2026/04/07;2100 UTC;,4;965,3;965,5;965,2;111,5;19,5;19,5;19,6;19,4;19,6;19,3;100;100;100;324;4,1;2,1;
2026/04/07;2200 UTC;,2;965,1;965,3;965;8,8;19,3;19,3;19,5;19;19,5;19,1;100;100;100;325;6,7;4,1;
2026/04/07;2300 UTC;1,4;964,7;965;964,5;0;19;19;19;18,9;19,1;19;100;100;100;322;4,5;3,1;
2026/04/08;0000 UTC;,2;964,6;964,7;964,4;0;19;19;19;18,9;19;19;100;100;100;303;11,7;7,8;
2026/04/08;0100 UTC;1;964,5;964,6;964,3;0;18,9;19;19;18,9;19;18,9;100;100;100;293;12,1;7,7;
2026/04/08;0200 UTC;0;964,6;964,8;964,4;,5;18,7;18,7;19;18,4;19;18,4;100;100;100;278;12,6;7,5;
2026/04/08;0300 UTC;2;964,5;964,7;964,3;,3;18,3;18,4;18,4;18,2;18,5;18,2;100;100;100;293;14,2;10,1;
2026/04/08;0400 UTC;,2;964,3;964,6;963,9;,2;18;18,1;18,2;17,8;18,2;17,9;100;100;100;299;14,5;9,1;
2026/04/08;0500 UTC;0;964;964,3;963,5;,4;17,6;17,7;17,8;17,3;17,8;17,3;100;100;100;300;16,1;10,5;
2026/04/08;0600 UTC;,2;963,7;963,9;963,5;,6;16,8;16,9;17,2;16,6;17,3;16,6;100;100;100;294;16,2;11,9;
2026/04/08;0700 UTC;,2;963;963,7;962,4;0;16,5;16,4;16,6;16,4;16,6;16,2;100;99;100;297;19,1;12,5;
2026/04/08;0800 UTC;,2;962,4;962,7;961,5;0;16,3;16,2;16,3;16,3;16,3;16,2;100;99;100;297;19,6;13,4;
2026/04/08;0900 UTC;1;962,6;963,2;961,9;0;16,3;16,3;16,3;16,2;16,4;16,3;100;100;100;292;21,8;15;
2026/04/08;1000 UTC;1;964,1;965,1;963;2,1;16,4;16,3;16,5;16,3;16,4;16;100;98;99;279;14,7;10,1;
2026/04/08;1100 UTC;0;965,6;966,3;964,9;100,2;16,4;16,2;16,5;16,3;16,4;16;100;97;99;282;15,1;9,5;
2026/04/08;1200 UTC;0;966,8;967,5;965,9;227,3;16,5;16,3;16,8;16,3;16,4;16,2;100;97;99;282;13,3;8,1;
2026/04/08;1300 UTC;0;968;968,4;967,1;374,5;17,2;16,4;17,5;16,8;16,6;16,2;98;94;96;274;12,3;8,8;
2026/04/08;1400 UTC;,6;968,9;969,3;968,2;685,9;17,5;16,7;17,9;17,2;17,2;16,2;98;93;96;276;14;8,7;
2026/04/08;1500 UTC;0;969,5;969,9;969;923,5;18,1;16,8;19;17,5;17,4;16,3;97;88;93;272;11,6;8,1;
2026/04/08;1600 UTC;,4;969,9;970,1;969,5;1826,3;19,4;16,9;20,3;18,2;17,5;16,2;94;81;88;253;12,5;6,5;
2026/04/08;1700 UTC;0;970;970,2;969,9;2136,9;20,4;16,9;21,3;19,2;18;16,2;89;76;82;263;10,2;6,2;
2026/04/08;1800 UTC;0;970;970,2;969,7;1480,2;20,3;16,8;21,1;19,5;17,5;16,2;88;76;83;247;8,9;5,4;
2026/04/08;1900 UTC;,2;970,2;970,3;970;1046,1;20,7;16,4;21,3;20;17,1;15,9;84;74;79;262;9,3;5,7;
2026/04/08;2000 UTC;,2;970,5;971;970,1;1138,9;20,3;16,6;21,2;18,7;17,6;15,8;94;74;81;272;12,7;7,3;
2026/04/08;2100 UTC;9,7;971,4;971,7;971;118,9;18,1;17,4;18,7;18;17,6;16,9;98;93;96;265;9,5;5,1;
2026/04/08;2200 UTC;,6;972,1;972,7;971,7;16,4;18;17,1;18,4;17,6;17,6;15,8;98;90;95;226;7,8;3,5;
2026/04/08;2300 UTC;,6;972,9;973,3;972,6;,9;16,8;15,7;17,5;16,4;16,3;15,5;96;92;95;249;5,7;2,5;
2026/04/09;0000 UTC;0;973,7;974,1;973,3;0;16,5;15,7;16,6;16,4;15,8;15,6;96;95;96;234;5,2;2;
2026/04/09;0100 UTC;0;974,2;974,3;974;0;16,2;15,4;16,4;16;15,7;15,2;97;95;96;234;4,6;2,6;
2026/04/09;0200 UTC;0;974,4;974,5;974,3;0;15,7;15,2;16;15,5;15,3;15;98;96;97;252;5,4;2,9;
2026/04/09;0300 UTC;0;974,4;974,5;974,3;0;15,4;14,8;15,5;15,2;15;14,5;98;96;97;229;5,1;3;
2026/04/09;0400 UTC;0;974,3;974,5;974,2;0;14,9;14,4;15,2;14,7;14,7;14,2;98;97;98;233;6,6;3,9;
2026/04/09;0500 UTC;,2;974,7;974,9;974,5;0;14,4;14;14,6;14,2;14,3;13,7;99;97;98;246;5,5;3,2;
2026/04/09;0600 UTC;0;974,8;974,8;974,7;0;14,2;13,7;14,3;14,2;13,8;13,6;98;97;97;255;5,5;2,8;
2026/04/09;0700 UTC;0;974,8;974,9;974,7;0;14,2;13,8;14,3;14,1;13,9;13,7;98;97;98;238;5,2;2,6;
2026/04/09;0800 UTC;0;974,9;975,2;974,7;0;14,2;13,9;14,2;14,2;13,9;13,8;99;98;98;241;4,6;2,8;
2026/04/09;0900 UTC;0;975,6;976;975,2;0;14,2;13,9;14,2;14,1;13,9;13,8;99;98;98;238;6,2;3,4;
2026/04/09;1000 UTC;0;976,5;976,9;976;3,8;14;13,7;14,2;13,2;13,9;13;99;97;98;296;4,2;2,3;
2026/04/09;1100 UTC;0;977,4;978;977;218,2;13,5;13,5;13,6;13,2;13,6;13,1;100;99;100;293;4,6;3,6;
2026/04/09;1200 UTC;0;978,3;978,7;978;694,3;13,6;13,6;14;13,3;14,1;13,4;100;100;100;288;5,1;3,4;
2026/04/09;1300 UTC;0;978,9;979,1;978,7;1337,2;14,5;14,3;15,1;13,8;14,7;13,7;100;95;99;298;6,3;4,7;
2026/04/09;1400 UTC;0;979,4;979,6;979;1228,8;14,8;14,4;16,1;14,2;14,9;13,9;100;92;98;281;5,7;3,6;
2026/04/09;1500 UTC;0;979,5;979,6;979,3;2341,8;17;14,6;18,4;15,9;15,6;14;94;81;88;286;5,6;3,4;
2026/04/09;1600 UTC;0;979,1;979,3;978,7;2394,4;18,9;14,2;20,1;17,8;15,2;13,5;84;69;76;276;7,8;4,1;
2026/04/09;1700 UTC;0;978,5;978,9;978,3;1925,6;19,4;13,6;20,1;18,8;15;12,5;76;62;71;257;6,6;3,9;
2026/04/09;1800 UTC;0;978,2;978,4;978;1288,4;19,1;13,3;20,5;18,1;14,1;12,5;77;63;71;255;6,3;3,9;
2026/04/09;1900 UTC;0;978,1;978,2;978;878,7;19,1;12,7;19,9;18,7;13,3;11,9;72;65;68;248;4,6;2,5;
2026/04/09;2000 UTC;0;978,3;978,4;978,1;865,2;19;12,4;19,6;18,6;13;11,9;70;62;67;260;2,8;1,8;
2026/04/09;2100 UTC;0;978,3;978,4;978,2;414,8;18,9;12,4;19,8;17,9;13,5;11,7;71;65;68;198;3;1,4;
2026/04/09;2200 UTC;0;978,3;978,4;978,2;14,4;17;11,6;17,9;16,3;11,9;11,3;76;69;73;174;3,7;2,3;
2026/04/09;2300 UTC;0;978,5;978,7;978,3;0;16,6;10,9;16,8;16,2;11,6;10,7;77;70;72;177;3,8;2,3;
2026/04/10;0000 UTC;0;978,9;979,2;978,7;0;15,6;11,1;16,6;14;11,7;10,8;89;72;77;149;4,7;3,8;
2026/04/10;0100 UTC;0;979,3;979,5;979,2;0;13,3;11,8;14,4;12,4;12;11,5;96;88;93;138;3,7;3;
2026/04/10;0200 UTC;0;979,6;979,8;979,5;0;13;12,1;14;12,1;12,6;11,4;98;92;95;144;5,3;4,2;
2026/04/10;0300 UTC;0;979,7;979,8;979,6;0;13,8;12,1;14,1;13,5;12,3;11,9;93;90;92;150;5,4;3,9;
2026/04/10;0400 UTC;0;979,6;979,7;979,5;0;13,2;11,8;13,4;12,9;11,9;11,6;94;92;93;148;4;3,3;
2026/04/10;0500 UTC;0;979,7;979,9;979,6;0;13,3;11,9;14;12,8;12,1;11,6;95;90;93;116;3,1;2,4;
2026/04/10;0600 UTC;0;979,9;980;979,8;0;13,4;11,9;13,9;12,7;12,1;11,7;96;90;92;169;4,9;3,2;
2026/04/10;0700 UTC;0;979,5;979,8;979,3;0;13,3;11,8;13,8;13;12;11,5;94;90;92;165;4,5;3;
2026/04/10;0800 UTC;0;979,4;979,5;979,4;0;13,2;11,4;13,5;13;11,9;11,1;94;89;91;164;4,2;3,1;
2026/04/10;0900 UTC;0;979,7;980,1;979,5;0;12,4;10,9;13,3;11,5;11,2;10,4;95;89;92;147;2,7;1,8;
2026/04/10;1000 UTC;0;980,5;980,8;980,1;3,8;11,5;11;12;11,2;11,4;10,2;99;94;97;151;1,7;1,1;
2026/04/10;1100 UTC;0;981,2;981,5;980,8;378,2;12,3;11,5;14,4;11;12,4;10,6;99;88;96;140;2,4;1,7;
2026/04/10;1200 UTC;0;981,9;982,2;981,5;1065,8;15,7;11,8;16,7;14,5;12,7;10,3;89;68;80;120;3,1;2,1;
2026/04/10;1300 UTC;0;982,4;982,6;982,1;1829,2;17,4;11,1;18,2;16,7;12,3;10;73;65;68;159;3,2;1,4;
2026/04/10;1400 UTC;0;982,7;982,8;982,6;2526,9;18,3;11,6;19;17,9;12,6;10,1;72;59;66;162;4,9;2,1;
2026/04/10;1500 UTC;0;982,6;982,7;982,5;2858,8;18,9;11;19,6;18;12,2;10;67;55;60;185;5,2;2,6;
2026/04/10;1600 UTC;0;982,2;982,5;981,9;2325;19,2;11,3;20,1;18,5;12,9;9,9;67;53;60;248;4,9;2,2;
2026/04/10;1700 UTC;0;981,5;982;981,1;2515,9;19,7;10,9;20,7;18,6;12,2;9,6;66;50;56;152;5;2,4;
2026/04/10;1800 UTC;0;981,1;981,2;981;2565;20,2;10,8;20,7;19,8;12;10;57;49;53;180;3,9;1,8;
2026/04/10;1900 UTC;0;980,9;981;980,8;1965,1;20,4;10,8;20,7;20,1;11,5;10,1;56;49;52;184;4,5;2,6;
2026/04/10;2000 UTC;0;980,8;980,8;980,7;1220,9;20,1;10,7;20,4;19,7;11,5;10,1;57;50;53;154;3,8;2,2;
2026/04/10;2100 UTC;0;980,6;980,7;980,4;444,3;18,6;10,5;19,7;16,9;11,3;9,8;70;52;59;158;3,1;2,2;
2026/04/10;2200 UTC;0;980,5;980,6;980,4;12,3;15,8;10,5;16,8;14,5;10,8;10,3;80;69;74;150;3,1;2,6;
2026/04/10;2300 UTC;0;980,8;981,1;980,6;0;13,5;10,3;14,8;12,7;10,5;10;88;78;84;133;5;3,6;
2026/04/11;0000 UTC;0;981,3;981,4;981,1;0;12,5;9,4;13,3;11,9;10,1;8,9;87;82;84;132;3,9;3;
2026/04/11;0100 UTC;0;981,3;981,4;981,2;0;12,2;8,4;12,9;11,8;9,1;7,5;86;73;81;132;3,2;2,7;
2026/04/11;0200 UTC;0;981,4;981,4;981,3;0;12,3;7,6;13,1;11,7;8;7,3;80;74;76;122;4,6;3,2;
2026/04/11;0300 UTC;0;981,3;981,4;981,2;0;12,4;8,7;12,9;11,9;9,4;8;87;78;82;132;4;2,6;
2026/04/11;0400 UTC;0;981,4;981,5;981,3;0;12;9,8;12,6;11,4;10,3;9,3;94;86;89;134;3;2,5;
2026/04/11;0500 UTC;0;981,1;981,3;981,1;0;11,5;10,2;12,1;11;10,7;9,6;95;89;93;125;2,3;1,7;
2026/04/11;0600 UTC;0;981;981,1;980,8;0;12,3;11,3;12,7;11,8;12,1;10,5;98;92;95;125;2,8;2;
2026/04/11;0700 UTC;0;980,6;980,8;980,4;0;12,4;12,2;12,7;11,8;12,7;11,3;100;97;99;125;2,5;2,1;
2026/04/11;0800 UTC;0;980,3;980,4;980,1;0;12;12,1;12,4;11,6;12,4;11,6;100;100;100;80;2,4;1,8;
2026/04/11;0900 UTC;0;980,5;980,7;980,3;0;12,3;12,3;13,5;11,7;13,5;11,8;100;100;100;81;3,3;2,4;
2026/04/11;1000 UTC;0;980,7;980,8;980,6;3,4;13,8;13,8;13,9;13,5;13,9;13,6;100;100;100;104;5,1;3,3;
2026/04/11;1100 UTC;0;980,9;981,1;980,7;229,2;13,6;13,6;13,9;13,3;13,9;13,4;100;100;100;120;3,4;2,2;
2026/04/11;1200 UTC;0;981,4;981,7;981,1;1122,3;14,9;14,8;16;13,9;15,7;13,9;100;98;99;110;3,9;2,8;
2026/04/11;1300 UTC;0;981,7;981,8;981,5;1870,5;17,3;14,6;18,5;16;15,4;13,6;97;79;86;97;6,5;5;
2026/04/11;1400 UTC;0;981,6;981,8;981,3;2456,1;19,4;14;20,5;18,4;14,7;13,2;80;65;73;89;8,4;6,1;
2026/04/11;1500 UTC;0;981,2;981,3;980,8;2853,1;21,1;14,5;21,6;20,5;15,5;13,7;70;65;67;64;8,9;6,7;
2026/04/11;1600 UTC;0;980,5;981;979,9;3001,6;22,2;15,8;22,8;21,6;16,6;15,2;72;65;68;56;8,5;5,6;
2026/04/11;1700 UTC;0;979,7;980;979,4;2702,2;23;16,2;23,5;22,4;17,1;15,7;70;63;66;72;7,6;5,3;
2026/04/11;1800 UTC;0;979,1;979,5;978,8;2357,9;23,4;16,4;23,9;22,5;17,1;16;69;62;65;89;7,8;5,7;
2026/04/11;1900 UTC;0;978,7;978,9;978,5;1805,9;23,5;16,4;23,9;23;16,9;15,8;68;62;64;84;8;5,6;
2026/04/11;2000 UTC;0;978,4;978,6;978,2;1155,6;23,3;16,3;23,8;23;16,8;16;66;63;65;90;8,5;6,5;
2026/04/11;2100 UTC;0;978,3;978,4;978,1;401,7;22,1;16,3;23;20,8;16,5;16;78;66;71;95;7,3;5,1;
2026/04/11;2200 UTC;0;978,1;978,3;978;10,9;19,9;16,5;20,8;19,2;16,6;16,2;86;78;83;102;6,3;4,5;
2026/04/11;2300 UTC;0;977,9;978,2;977,7;0;18,9;16;19,1;18,5;16,3;15,9;87;85;86;101;7,8;5,4;
2026/04/12;0000 UTC;0;978,1;978,3;977,9;0;18,8;15,8;19;18,4;16,1;15,7;87;84;85;91;9,4;6,1;
2026/04/12;0100 UTC;0;978,5;978,7;978,4;0;18,9;16,4;19;18,6;16,5;16,1;89;86;88;88;8,3;5,8;
2026/04/12;0200 UTC;0;978,6;978,9;978,2;0;18,3;16,7;18,6;18,1;16,9;16,5;94;90;92;57;6,4;4,1;
2026/04/12;0300 UTC;1;978,8;979,1;978,5;0;17,9;17;18;17,5;17,2;16,9;98;94;96;31;9,3;5,6;
2026/04/12;0400 UTC;2,6;978,5;978,8;978,2;0;17,6;17,4;17,8;17,4;17,8;17;100;98;99;74;6;4;
2026/04/12;0500 UTC;,2;978;978,3;977,5;0;17,8;17,8;17,8;17,8;17,8;17,8;100;100;100;63;7,4;4,2;
2026/04/12;0600 UTC;0;977,7;977,9;977,5;0;17,8;17,8;17,8;17,8;17,9;17,8;100;100;100;78;4,2;2,8;
2026/04/12;0700 UTC;0;977,2;977,5;976,9;0;17,9;17,9;18;17,8;18;17,9;100;99;100;41;4;1,9;
2026/04/12;0800 UTC;0;977;977,2;976,8;0;17,8;17,7;18,1;17,6;17,9;17,5;100;99;100;64;2,7;1,7;
2026/04/12;0900 UTC;0;977,5;977,8;977,1;0;17,8;17,9;18,2;17,5;18,2;17,6;100;100;100;29;6;3,9;
2026/04/12;1000 UTC;0;977,9;978,2;977,5;0;18,3;18,2;18,4;18,2;18,3;18,2;100;99;99;22;6;4;
2026/04/12;1100 UTC;,2;978,4;978,5;978,2;50,5;18,5;18,4;18,6;18,4;18,6;18,3;100;99;100;30;6,2;4,2;
2026/04/12;1200 UTC;0;978,7;978,9;978,4;669,6;19,3;19;20,3;18,6;19,5;18,6;100;94;98;30;8,1;5,2;
2026/04/12;1300 UTC;0;978,9;979,2;978,6;980,7;20,7;19;21,1;20;19,3;18,6;95;89;91;143;5,8;3,7;
2026/04/12;1400 UTC;0;979;979,1;978,9;1010,4;21;18,7;21,4;20,5;19,4;18,4;92;86;89;70;7,4;5,3;
2026/04/12;1500 UTC;0;978,8;979;978,5;951,3;21,3;18,5;21,5;21;19,2;18,2;89;84;86;317;7,4;4,9;
2026/04/12;1600 UTC;0;978,2;978,5;978;378,8;20,9;18,6;21,2;20,7;18,9;18,3;91;85;88;332;6,4;3,4;
2026/04/12;1700 UTC;0;977,6;978;977,3;410,7;21,1;18,7;21,2;20,8;19;18,2;90;86;88;329;6,6;3,9;
2026/04/12;1800 UTC;0;977;977,3;976,8;284,6;20,5;18,7;21;20,4;19;18,5;92;88;91;322;6,6;4,4;
2026/04/12;1900 UTC;0;976,7;976,8;976,6;329,9;20,4;19;20,7;20,1;19,4;18,5;96;89;93;327;5,5;3,1;
2026/04/12;2000 UTC;1;976,8;976,9;976,7;140,2;19,9;19,3;20,2;19,5;19,5;19,1;100;95;97;321;5,8;4,2;
2026/04/12;2100 UTC;,2;977;977,3;976,9;35,4;19,5;19,6;19,5;19,5;19,6;19,5;100;100;100;312;4,5;2,8;
2026/04/12;2200 UTC;0;977,5;977,7;977,2;2,1;19,4;19,5;19,5;19,4;19,6;19,5;100;100;100;307;2,9;2,1;
2026/04/12;2300 UTC;,2;977,9;978;977,7;0;19,4;19,5;19,5;19,4;19,5;19,5;100;100;100;300;2,1;1,7;
2026/04/13;0000 UTC;0;978;978,1;977,9;0;19,4;19,5;19,5;19,4;19,5;19,5;100;100;100;273;2;1,5;
2026/04/13;0100 UTC;0;978,2;978,3;978,1;0;19,2;19,3;19,4;19;19,5;19,1;100;100;100;319;2,9;2,1;
2026/04/13;0200 UTC;0;978,3;978,3;978,2;0;18,9;18,9;19,1;18,6;19,2;18,6;100;100;100;317;2,5;1,8;
2026/04/13;0300 UTC;0;978,3;978,4;978;0;18,5;18,6;18,7;18,3;18,7;18,3;100;100;100;268;2,5;,9;
2026/04/13;0400 UTC;0;978,2;978,3;978,1;0;18,3;18,4;18,6;18;18,7;18,1;100;100;100;287;2,2;1,5;
2026/04/13;0500 UTC;0;978,2;978,4;978;0;18,1;18,1;18,4;17,8;18,4;17,8;100;100;100;291;1,6;1,2;
2026/04/13;0600 UTC;0;977,9;978;977,8;0;18,3;18,4;18,7;17,8;18,7;17,9;100;100;100;273;1,2;,9;
2026/04/13;0700 UTC;0;977,9;978;977,8;0;18,8;18,8;19;18,4;19;18,4;100;100;100;215;2,8;1,9;
2026/04/13;0800 UTC;0;977,9;978;977,8;0;18,4;18,4;18,9;18,1;18,9;18,1;100;100;100;196;5,3;3,3;
2026/04/13;0900 UTC;0;977,9;978,1;977,8;0;18;18;18,1;17,9;18,2;17,9;100;100;100;154;4,4;3,1;
2026/04/13;1000 UTC;,2;978,3;978,5;978;1,5;18,1;18,1;18,2;17,9;18,2;18;100;100;100;142;5,3;3,5;
2026/04/13;1100 UTC;0;978,7;979;978,5;119,2;17,9;18;18,2;17,8;18,2;17,8;100;100;100;127;4,5;3,5;
2026/04/13;1200 UTC;0;979,5;980;979,1;392,6;18;18;18,3;17,8;18,3;17,9;100;100;100;120;4,7;3,4;
2026/04/13;1300 UTC;0;980,3;980,6;980;974,6;18,5;18,4;19,3;18;19,1;18;100;96;99;112;4,1;2,7;
2026/04/13;1400 UTC;0;980,6;980,9;980,5;1740;20;18;20,6;19;18,6;17,4;97;86;90;128;5,4;3,9;
2026/04/13;1500 UTC;0;980,8;980,9;980,7;1631,7;20,5;17,7;21;20,1;18,2;17;90;80;86;119;5,6;3,8;
2026/04/13;1600 UTC;0;980,6;980,8;980,4;2147,1;21,8;17,9;23;20,7;18,7;17,1;86;74;80;150;6,4;4,1;
2026/04/13;1700 UTC;0;980,2;980,5;979,8;1645,9;22,3;18,2;23;21,8;19,2;17,4;82;76;79;161;7;4,3;
2026/04/13;1800 UTC;0;979,7;979,9;979,4;1616,6;22,8;18,4;23,6;22,1;19;17,9;82;74;78;124;7;4,5;
2026/04/13;1900 UTC;0;979,1;979,5;978,8;1060,7;22,3;18,3;22,7;21,9;18,6;17,9;83;77;80;121;7,9;6;
2026/04/13;2000 UTC;0;978,8;978,9;978,6;1014,8;22,2;18,1;22,8;21,3;18,6;17,7;85;75;80;128;8,7;6,6;
2026/04/13;2100 UTC;0;978,9;979,1;978,7;264,9;20,7;18,4;21,3;20,2;18,6;18,2;91;84;88;126;7,9;5,9;
2026/04/13;2200 UTC;0;979;979,1;978,8;7,1;19,4;17,8;20,1;18,9;18,3;17,5;93;91;92;135;7,8;5,7;
2026/04/13;2300 UTC;0;979,3;979,4;978,9;0;18,8;17,7;18,9;18,6;17,8;17,5;95;93;94;126;6,9;5,5;
2026/04/14;0000 UTC;0;979,6;979,8;979,4;0;18,4;17,6;18,7;18,2;17,9;17,3;98;94;96;123;10;6,5;
2026/04/14;0100 UTC;0;979,8;980;979,6;0;18,4;17,8;18,5;18,4;18;17,6;98;96;97;114;8,8;6,5;
2026/04/14;0200 UTC;0;979,7;979,9;979,3;0;18,3;17,7;18,4;18;17,8;17,6;98;97;97;107;8,4;6,4;
2026/04/14;0300 UTC;0;979;979,2;978,8;0;17,9;17,8;18;17,9;17,8;17,7;99;98;99;97;8,8;6,5;
2026/04/14;0400 UTC;0;978,8;978,9;978,6;0;17,9;17,7;18;17,7;17,8;17,5;99;99;99;106;7,4;5,2;
2026/04/14;0500 UTC;0;978,4;978,7;978,2;0;17,8;17,8;18;17,7;18;17,5;100;99;100;92;8,8;6,2;
2026/04/14;0600 UTC;0;978,4;978,5;978,2;0;18,1;18;18,2;18;18;17,9;100;98;99;86;7,9;5,9;
2026/04/14;0700 UTC;0;978,2;978,4;977,8;0;18,3;18;18,4;18,2;18,2;17,9;99;98;99;89;7,4;5;
2026/04/14;0800 UTC;0;977,4;977,8;977,2;0;18,4;18,3;18,5;18,4;18,3;18,2;99;99;99;95;7,7;4,6;
2026/04/14;0900 UTC;0;977,1;977,2;977;0;18,4;18,4;18,5;18,4;18,5;18,2;100;99;100;95;7,8;5,2;
2026/04/14;1000 UTC;0;977,4;977,6;977,2;,6;18,6;18,6;18,7;18,5;18,8;18,5;100;99;100;106;6,3;4,9;
2026/04/14;1100 UTC;0;977,5;977,9;977,2;71,1;18,9;18,9;19,1;18,7;19,1;18,8;100;100;100;100;7,5;4,8;
2026/04/14;1200 UTC;0;978,1;978,5;977,9;398,2;19,4;19,4;20,1;19,1;19,7;19,1;100;95;100;78;7,9;5,3;
2026/04/14;1300 UTC;0;978,4;978,6;978,2;1149,9;20,7;18,8;21,5;20;19,2;18,4;95;85;90;63;9,1;6,1;
2026/04/14;1400 UTC;0;978,3;978,6;977,7;1963,5;22,4;18,8;23,1;21,5;19,3;18,3;86;78;82;75;8,8;6,7;
2026/04/14;1500 UTC;0;977,5;977,8;977,4;1894,5;23,2;19;24;22,6;19,5;18,5;82;77;79;70;7,6;5,9;
2026/04/14;1600 UTC;0;977;977,4;976,6;2450,6;24,5;19,6;25,4;23,8;20,4;19;78;71;75;77;8,2;5,6;
2026/04/14;1700 UTC;0;976,3;976,7;975,5;2784,7;25,5;19,9;26,1;25,1;20,8;19,3;76;69;72;96;8,4;5,6;
2026/04/14;1800 UTC;0;975,6;975,8;975,3;2479,1;26;20;26,6;25,5;20,5;19,6;74;67;70;90;7,7;4,3;
2026/04/14;1900 UTC;0;975,6;975,8;975,3;1745,9;25,9;19,8;26,1;25,4;20,2;19,5;72;68;70;101;7,4;5,9;
2026/04/14;2000 UTC;0;975,7;976;975,4;771,4;24,9;19,8;25,9;24;20,3;19,4;80;69;75;104;6,9;5,3;
2026/04/14;2100 UTC;0;975,7;976;975,5;197;23,1;19,8;23,9;22,2;20;19,6;87;79;84;111;7;4,8;
2026/04/14;2200 UTC;0;975,1;975,5;974,9;9,1;21,5;19,5;22,2;20,9;19,6;19,4;93;87;90;104;8,3;5,6;
2026/04/14;2300 UTC;0;975,2;975,5;975;0;20,6;19,6;20,9;20,3;20,1;19,4;97;93;95;99;10,7;7,5;
2026/04/15;0000 UTC;0;975;975,3;974,8;0;20,9;20;20,9;20,8;20,2;19,8;97;94;96;88;10,1;6;
2026/04/15;0100 UTC;0;975,2;975,4;974,9;0;20,9;20;20,9;20,8;20,2;19,7;97;94;96;76;9,7;6,1;
2026/04/15;0200 UTC;0;975,2;975,4;975;0;20,6;19,7;20,8;20,5;19,8;19,6;96;94;95;93;9,7;6,6;
2026/04/15;0300 UTC;0;975,7;975,9;975,2;0;20,5;19,8;20,6;20,4;19,9;19,6;97;95;96;85;9,6;6,5;
2026/04/15;0400 UTC;0;975,8;976,1;975,6;0;20;19,3;20,4;19,7;19,7;19;97;96;97;94;8,4;6,5;
2026/04/15;0500 UTC;0;975,9;976,1;975,6;0;19,7;19;19,9;19,5;19,1;18,9;97;96;97;96;10,6;7,6;
2026/04/15;0600 UTC;0;975,6;975,8;975,3;0;20,1;19,1;20,2;20;19,2;19;96;94;95;85;11,8;8,1;
2026/04/15;0700 UTC;0;975,1;975,4;974,8;0;20,1;19,1;20,2;20,1;19,2;19;95;94;95;88;9,9;6,9;
2026/04/15;0800 UTC;0;975;975,2;974,8;0;20,2;19,2;20,2;20,1;19,3;19,2;96;95;95;83;9,5;6,8;
2026/04/15;0900 UTC;0;975,1;975,4;974,9;0;20,2;19,3;20,3;20,2;19,3;19,2;96;95;95;80;10,2;7,5;
2026/04/15;1000 UTC;0;975,5;975,7;975,2;2,5;20,3;19,3;20,4;20,3;19,4;19,2;95;94;95;82;9,5;6,4;
2026/04/15;1100 UTC;0;975,6;975,8;975,3;118,2;20,2;19;20,3;20,2;19,2;18,8;95;93;94;85;11,5;7,6;
2026/04/15;1200 UTC;0;975,5;975,7;975,1;421,5;20,5;18,8;20,7;20,2;18,9;18,7;93;91;92;73;12;8;
2026/04/15;1300 UTC;0;975,9;976;975,6;964,2;21,2;19;22,7;20,8;19,5;18,7;91;83;89;68;12,2;7,4;
2026/04/15;1400 UTC;0;975,8;976;975,6;1460,4;22,6;18,8;23,4;22,2;19,5;18,5;83;78;81;64;11,3;7,9;
2026/04/15;1500 UTC;0;975,8;976;975,3;1071,2;22,6;18,8;22,9;22,4;19,1;18,5;82;80;81;71;8,8;6,4;
2026/04/15;1600 UTC;0;975,1;975,4;974,7;1171,9;23,2;18,8;23,6;22,7;19,3;18,1;81;73;78;66;10,3;6,9;
2026/04/15;1700 UTC;0;974,6;975,1;974;1966,4;24,4;18,6;24,9;23,4;19,3;18,1;75;69;71;87;9,7;6,4;
2026/04/15;1800 UTC;0;973,7;974,2;973,2;1316,5;24,1;18,3;24,4;23,8;18,6;17,9;73;69;71;89;8,2;6,4;
2026/04/15;1900 UTC;0;973;973,4;972,7;896,3;23,7;18,1;24;23,4;18,6;17,7;73;71;72;94;9,7;6,8;
2026/04/15;2000 UTC;0;972,7;972,9;972,6;427,2;23,1;18,4;23,3;22,8;18,7;17,9;79;73;76;89;8,5;5,2;
2026/04/15;2100 UTC;0;972,4;972,7;972,1;99,1;22,4;19,3;22,8;22;19,7;18,6;87;79;85;96;12,8;8,5;
2026/04/15;2200 UTC;0;972,3;972,5;972;2;21,6;19;22;21,3;19,3;18,7;87;86;87;89;10,9;7,8;
2026/04/15;2300 UTC;0;972,4;972,8;971,9;0;21;18,8;21,3;20,9;19;18,6;90;87;89;82;10,6;6,9;
2026/04/16;0000 UTC;,4;972,7;972,9;972,4;0;20,2;19,1;20,9;19,8;19,2;19;97;91;95;102;9,1;5,5;
2026/04/16;0100 UTC;,2;972,8;973;972,6;0;19,6;19;19,8;19,4;19,1;18,8;98;96;97;101;7,6;5,7;
2026/04/16;0200 UTC;,6;972,9;973,1;972,7;0;19,3;18,9;19,4;19,3;19;18,9;99;97;98;94;8,9;6,2;
2026/04/16;0300 UTC;1,6;973;973,1;972,8;0;19,2;18,9;19,3;19,1;19;18,9;99;98;99;85;7,7;5,4;
2026/04/16;0400 UTC;,6;972,4;972,8;972,2;0;19,1;19;19,2;19,1;19;19;100;99;99;91;8,8;6,5;
2026/04/16;0500 UTC;0;972,2;972,3;971,9;0;19,4;19,1;19,6;19,2;19,3;19;99;98;98;80;10,5;6;
2026/04/16;0600 UTC;0;971,6;972;971,3;0;19,6;19,4;19,7;19,6;19,5;19,3;99;98;99;68;9;6,1;
2026/04/16;0700 UTC;0;970,9;971,4;970,4;0;19,6;19,5;19,6;19,5;19,5;19,5;100;99;100;75;8;5,4;
2026/04/16;0800 UTC;0;970,2;970,5;970;0;19,5;19,5;19,5;19,5;19,5;19,5;100;100;100;74;8,8;6,2;
2026/04/16;0900 UTC;,4;970,4;970,5;970,1;0;19,5;19,5;19,5;19,4;19,5;19,4;100;100;100;57;7,5;4,4;
2026/04/16;1000 UTC;,2;970,4;970,5;970,3;,2;19,4;19,3;19,4;19,3;19,4;19,2;100;99;100;47;6,3;4,3;
2026/04/16;1100 UTC;0;970,3;970,4;970,2;83,7;19,4;19,2;19,5;19,3;19,3;19,2;99;99;99;56;7,6;5,2;
2026/04/16;1200 UTC;,2;970,5;970,6;970,4;196,8;19,6;19,4;19,8;19,5;19,6;19,2;99;99;99;57;6,8;4,2;
2026/04/16;1300 UTC;0;970,5;970,6;970,3;728,5;20,3;19,7;20,9;19,8;20,1;19,4;99;94;97;42;7,7;5;
2026/04/16;1400 UTC;0;970,2;970,4;970,1;808,8;21,3;19,6;21,7;21;20;19,2;94;89;91;27;8,8;6,2;
2026/04/16;1500 UTC;0;969,9;970,3;969,5;1173;21,8;19,5;23,3;21,1;20,2;19,2;91;83;88;45;9,8;6,7;
2026/04/16;1600 UTC;,6;969,2;969,6;968,8;832,3;21;19,8;22;20,3;20,3;19,1;98;86;94;47;8,7;5,2;
2026/04/16;1700 UTC;0;968,2;968,8;967,7;1320;22,3;19,7;23,3;21,4;20,4;18,9;94;81;87;81;8;5,4;
2026/04/16;1800 UTC;0;967,5;967,8;967,3;797,5;22,4;19,2;23,3;22,1;19,6;18,8;87;80;84;148;7,2;4,8;
2026/04/16;1900 UTC;0;967,1;967,3;966,9;439,3;22,4;19,1;22,8;21,9;19,5;18,8;86;82;84;175;8,4;4,9;
2026/04/16;2000 UTC;,6;967;967;966,8;234,3;21,2;19,8;21,9;20,2;20,1;19,1;97;86;93;84;8,5;5,2;
2026/04/16;2100 UTC;1,4;966,7;966,8;966,6;123,1;20,3;19,8;20,4;20,1;20,1;19,5;98;97;98;333;4,4;2,8;
2026/04/16;2200 UTC;,6;966,8;966,8;966,6;1,2;19,9;19,5;20,3;19,6;20;19,4;99;97;98;329;5,8;3,1;
2026/04/16;2300 UTC;0;966,8;966,9;966,7;0;19,7;19,3;19,8;19,6;19,4;19,2;99;97;98;324;6,5;4,3;
2026/04/17;0000 UTC;0;966,8;966,9;966,7;0;19,7;19,6;19,8;19,7;19,7;19,4;100;99;99;323;6,8;4,7;
2026/04/17;0100 UTC;0;966,8;966,9;966,8;0;20;19,7;20,1;19,9;19,9;19,6;100;98;99;317;8,4;5,6;
2026/04/17;0200 UTC;0;967;967,1;966,9;0;19,9;20;20;19,9;20;19,9;100;100;100;304;7,2;5,4;
2026/04/17;0300 UTC;0;967;967,1;966,9;0;19,9;20;19,9;19,9;20;19,9;100;100;100;294;8,3;5,6;
2026/04/17;0400 UTC;0;966,9;967;966,9;0;19,8;19,8;19,9;19,7;19,9;19,7;100;100;100;302;6,4;4,3;
2026/04/17;0500 UTC;,2;966,8;966,9;966,7;0;19,7;19,7;19,7;19,6;19,8;19,7;100;100;100;302;7,8;5,2;
2026/04/17;0600 UTC;0;966,5;966,8;966,3;0;19,6;19,6;19,6;19,5;19,7;19,5;100;100;100;303;6,7;4,8;
2026/04/17;0700 UTC;0;966,1;966,4;965,7;0;19,3;19,3;19,5;19,2;19,5;19,1;100;99;100;306;8,6;6;
2026/04/17;0800 UTC;,2;965,9;966;965,8;0;19;18,9;19,2;18,8;19,1;18,8;100;99;100;299;10;7;
2026/04/17;0900 UTC;,2;966;966,4;965,8;,1;18,7;18,7;18,8;18,5;18,8;18,3;100;99;100;301;14,9;7,5;
2026/04/17;1000 UTC;0;966,7;967;966,3;1;18,1;18,1;18,4;18;18,2;18;100;99;100;297;11,5;7,9;
2026/04/17;1100 UTC;0;967,2;967,5;966,9;49,5;17,9;17,8;18;17,8;18;17,4;100;98;100;299;9,8;6,9;
2026/04/17;1200 UTC;,2;967,8;968;967,5;176,2;17,9;17,3;18,2;17,6;17,5;17,2;100;95;97;289;11,7;7,1;
2026/04/17;1300 UTC;0;968,2;968,4;967,9;239;17,8;17,6;17,9;17,6;17,8;17,4;100;98;99;298;11,2;7,5;
2026/04/17;1400 UTC;,2;968,3;968,4;968;508,1;18;17,5;19,2;17,8;18,1;17,3;99;92;97;295;12,6;8,9;
2026/04/17;1500 UTC;,2;968,2;968,4;968,1;701;18,4;17,5;19,3;17,9;18;16,8;99;89;96;296;9,7;6,6;
2026/04/17;1600 UTC;,2;968;968,2;967,6;645,7;18,3;17,7;19;18;18,1;17,4;99;93;97;295;11,8;7,8;
2026/04/17;1700 UTC;,2;967,4;967,8;966,7;927,7;19,5;17,8;20;19;18,2;17,4;96;88;92;289;15,3;8,7;
2026/04/17;1800 UTC;,6;967,3;967,5;967;720,8;19,4;18,2;19,9;19;18,7;17,6;97;89;94;287;10,6;7;
2026/04/17;1900 UTC;,4;967,4;967,5;967,2;829,1;19,9;18,7;20,7;19,2;19,3;18,2;97;88;94;283;10,8;7,2;
2026/04/17;2000 UTC;1,4;967,6;967,9;967,4;517,3;20,2;18,4;21;18,7;19;17,8;99;86;91;281;9,6;6,3;
2026/04/17;2100 UTC;0;968,1;968,4;967,8;124,4;18,9;18,1;19,2;18,6;18,5;17,7;99;93;96;284;8,4;5,3;
2026/04/17;2200 UTC;,2;968,6;968,8;968,4;1,3;18,7;17,8;18,9;18,4;18,3;17,1;99;93;96;277;7,5;4,4;
2026/04/17;2300 UTC;0;969,1;969,4;968,8;0;18,6;18;18,7;18,6;18,2;17,6;98;95;97;276;7,6;4,9;
2026/04/18;0000 UTC;0;969,5;969,6;969,4;0;18,3;17,5;18,6;18;17,7;17,3;97;95;96;283;7;4,8;
2026/04/18;0100 UTC;0;969,6;969,8;969,4;0;17,7;17;18;17,4;17,4;16,8;98;96;97;278;7,2;4,9;
2026/04/18;0200 UTC;0;970;970,3;969,7;0;17,4;16,7;17,5;17,1;16,8;16,4;98;95;97;276;8,5;5,5;
2026/04/18;0300 UTC;0;970,1;970,3;969,9;0;16,9;16;17,2;16,7;16,4;15,4;97;93;95;271;10;6,5;
2026/04/18;0400 UTC;0;970,1;970,2;970;0;16,7;15,2;16,9;16,5;15,5;15;94;91;93;271;10,2;5,7;
2026/04/18;0500 UTC;0;970,2;970,4;970;0;16,2;15,5;16,4;15,9;15,6;15,4;98;95;97;275;9,4;5,9;
2026/04/18;0600 UTC;0;970,2;970,4;970;0;15,8;15,6;15,9;15,6;15,8;15,4;100;98;99;267;7,9;4,3;
2026/04/18;0700 UTC;0;969,9;970;969,7;0;15,5;15;15,7;15,1;15,4;14,7;99;96;97;269;6,4;3,7;
2026/04/18;0800 UTC;0;969,6;969,8;969,5;0;14,8;14,8;15,2;14,6;14,9;14,5;100;98;99;270;6;3,7;
2026/04/18;0900 UTC;0;970,1;970,2;969,7;0;14,8;14,8;14,8;14,7;14,9;14,7;100;100;100;275;6,7;4,5;
2026/04/18;1000 UTC;0;970,4;970,6;970,1;1,7;14,5;14,6;14,7;14,4;14,7;14,5;100;100;100;273;6,6;4,2;
2026/04/18;1100 UTC;0;970,5;970,7;970,4;216,7;14,6;14,7;14,8;14,5;14,9;14,5;100;100;100;276;5,7;4,4;
2026/04/18;1200 UTC;0;971,1;971,5;970,6;643,1;15;15,1;15,3;14,8;15,4;14,9;100;100;100;274;7,3;4,9;
2026/04/18;1300 UTC;0;971,8;972;971,5;1205,9;16;15,5;16,8;15,2;15,8;15;100;93;98;281;8,5;5,4;
2026/04/18;1400 UTC;0;972,2;972,5;971,9;2295,9;17,6;15,4;18,7;16,6;16,1;14,9;94;81;89;271;8,6;5,6;
2026/04/18;1500 UTC;0;972,2;972,4;972,1;2657,8;19,5;15,8;20,1;18,5;16,2;15,3;85;76;81;282;8,6;6;
2026/04/18;1600 UTC;0;972,1;972,3;971,9;2793,1;20,7;16,3;21,3;20;16,8;15,7;80;75;78;274;7,9;5,7;
2026/04/18;1700 UTC;0;971,7;972;971,5;2674;22;16,9;22,9;21,2;17,5;16,2;78;71;74;280;8,4;5,5;
2026/04/18;1800 UTC;0;971,4;971,5;971,1;2316,2;23;17,1;23,6;22,6;17,7;16,5;73;67;70;268;8,4;5;
2026/04/18;1900 UTC;0;971,2;971,3;971,1;1749,9;23,6;16,8;24;23,3;17,3;16,4;69;63;66;266;6,4;4,3;
2026/04/18;2000 UTC;0;971,4;971,5;971,3;1028;23,6;16,3;24;23,2;17;15,9;66;60;63;263;6,4;4,1;
2026/04/18;2100 UTC;0;971,4;971,5;971,3;323;22,3;15,8;23,2;21;16,2;15,3;72;63;67;250;4,6;3,2;
2026/04/18;2200 UTC;0;971,4;971,6;971,3;3,4;20,4;15,2;21;20;15,5;15,1;76;71;74;253;5,5;3,2;
2026/04/18;2300 UTC;0;971,9;972,1;971,7;0;20,1;15,4;20,2;19,9;15,6;15,2;78;75;77;243;4;2,8;
2026/04/19;0000 UTC;0;972,2;972,3;972,1;0;19,8;15,3;20,2;19,5;15,3;15,2;79;75;77;242;3,2;2,1;
2026/04/19;0100 UTC;0;972,5;972,6;972,3;0;19,3;15,1;19,6;19,1;15,3;15;81;78;79;230;4;2,4;
2026/04/19;0200 UTC;0;972,7;972,8;972,6;0;19,4;15;19,7;19,2;15,2;14,9;79;77;78;235;3,4;2,3;
2026/04/19;0300 UTC;0;972,8;972,9;972,7;0;19,1;15;19,3;18,9;15;14,9;80;78;79;219;3,3;2,4;
2026/04/19;0400 UTC;0;972,5;972,7;972,4;0;19,7;14,9;20;19,3;15;14,8;78;75;76;211;3,7;2,6;
2026/04/19;0500 UTC;0;972,4;972,5;972,2;0;19,6;14,8;19,9;19,3;15;14,5;77;75;76;207;3,2;2,3;
2026/04/19;0600 UTC;0;972,4;972,5;972,3;0;19,5;14,5;19,8;19,2;14,7;14,3;76;74;75;194;4,1;2,6;
2026/04/19;0700 UTC;0;972,2;972,3;972;0;19;14,1;19,5;17,2;14,4;13,8;84;74;75;227;3,4;1,9;
2026/04/19;0800 UTC;0;972,3;972,7;972,1;0;16,7;14,3;17,1;16,2;14,5;13,9;91;85;88;277;1,7;1,4;
2026/04/19;0900 UTC;0;973,1;973,5;972,7;0;17,4;14,2;18,2;16,7;14,4;14;89;80;84;282;1,8;1,6;
2026/04/19;1000 UTC;0;973,9;974,4;973,5;,5;17,7;14,4;18,5;17;14,6;14,1;86;80;83;215;3,1;2,4;
2026/04/19;1100 UTC;0;974,8;975,3;974,4;244,6;18,3;14,6;19;17,4;15,1;14,2;85;78;81;299;2,4;1,8;
2026/04/19;1200 UTC;0;975,9;976,4;975,4;935,5;18,9;16;19,7;18,2;16,8;15,1;88;84;85;318;2,2;1,4;
2026/04/19;1300 UTC;0;976,6;976,7;976,4;1664,4;20,6;16,7;21,6;19,7;17,4;15,9;87;72;81;248;3,6;2,3;
2026/04/19;1400 UTC;0;976,7;976,8;976,7;2252,6;22,1;16,5;22,8;21,5;17,2;15,8;78;65;72;243;3,3;1,9;
2026/04/19;1500 UTC;0;976,7;976,8;976,6;2633,3;23,2;16;23,7;22,8;17,2;15,1;70;60;64;159;4,2;1,5;
2026/04/19;1600 UTC;0;976,3;976,6;976;2745,9;24,3;16,2;24,7;23,8;17,6;14,6;66;51;59;202;3,6;1,5;
2026/04/19;1700 UTC;0;975,8;976;975,5;2629,5;24,9;16,1;25,4;24,4;18,3;14,6;66;48;56;146;3;1,9;
2026/04/19;1800 UTC;0;975,2;975,4;974,9;2294,8;25,3;15;25,6;25;16,5;14,1;55;44;49;124;4;2,4;
2026/04/19;1900 UTC;0;975,1;975,4;975;1717,5;25,6;15,7;26,1;25,3;16,7;14,6;54;46;51;131;4,5;3,3;
2026/04/19;2000 UTC;0;975,6;975,9;975,4;1016,1;25;15,3;25,4;24,6;15,9;14,6;56;46;51;170;2,2;1,2;
2026/04/19;2100 UTC;0;976;976,2;975,8;275,2;23;15,7;24,6;21,2;16,4;15,3;73;55;64;142;1,9;1,3;
2026/04/19;2200 UTC;0;976,1;976,3;975,9;1;20;14,9;21,1;19,4;16,4;14,2;85;71;75;145;6,3;4,7;
2026/04/19;2300 UTC;0;976,4;976,7;976,3;0;18,2;16,3;19,4;17,3;16,5;16,1;95;85;91;133;4,9;3,7;
2026/04/20;0000 UTC;0;976,7;976,8;976,6;0;17,6;15,7;18,2;17,1;16,3;15;94;86;91;122;5,6;3,7;
2026/04/20;0100 UTC;0;976,8;977,1;976,6;0;16,9;15,3;17,3;16,4;15,8;15;96;89;92;90;4,6;3,4;
2026/04/20;0200 UTC;0;977,2;977,2;976,9;0;16,7;15,9;16,8;16,6;16;15,7;97;95;96;83;6;4,4;
2026/04/20;0300 UTC;0;976,8;976,9;976,5;0;16,7;15,3;16,9;16,4;16;14,5;96;90;93;105;5,5;3,4;
2026/04/20;0400 UTC;0;976,7;976,9;976,4;0;16,2;14,1;16,4;16;14,5;13,5;92;87;89;96;5,6;4,1;
2026/04/20;0500 UTC;0;976,6;976,7;976,4;0;15,6;13,2;16;15,2;13,5;13;90;87;88;97;4,7;3;
2026/04/20;0600 UTC;0;976,5;976,6;976,3;0;15,6;13,4;16;15,2;13,7;12,9;92;85;89;125;3,9;2,3;
2026/04/20;0700 UTC;0;976,4;976,6;976,1;0;15,7;13;16;15,3;13,2;12,5;88;84;87;117;3,2;2;
2026/04/20;0800 UTC;0;976;976,4;975,8;0;14,6;12,8;15,4;14;13,5;12,4;96;86;91;136;2,7;2;
2026/04/20;0900 UTC;0;976,5;976,6;976,3;0;14,5;12,6;15,1;13,6;13,1;12,1;95;88;90;129;3,4;2,6;
2026/04/20;1000 UTC;0;976,8;977,1;976,5;2,1;14,2;13,1;15;13,7;13,7;12,5;97;92;94;123;3,9;3;
2026/04/20;1100 UTC;0;977,1;977,5;976,9;297,3;14,7;13,6;15,9;13,2;14,8;12,4;98;91;94;108;4,8;3,7;
2026/04/20;1200 UTC;0;977,6;977,9;977,3;724,1;16,5;15,5;17,6;15,9;16,5;14,8;97;94;95;106;6,1;4,7;
2026/04/20;1300 UTC;0;978,2;978,4;977,8;1458,2;18,7;16;19,3;17,6;16,7;15,1;94;80;86;96;8,2;5,8;
2026/04/20;1400 UTC;0;978;978,3;977,6;1486,2;19,3;15,6;20,3;18,6;16,5;14,7;86;77;81;101;8;6,1;
2026/04/20;1500 UTC;0;978,1;978,3;977,8;2071,8;20,8;15,6;21,6;20;16,2;15,1;81;69;74;97;6,3;4,5;
2026/04/20;1600 UTC;0;977,7;978,1;977,5;2172;21,7;15,9;22;21,1;16,4;15,4;74;68;71;87;7,4;5,6;
2026/04/20;1700 UTC;0;977,4;977,7;977,2;1207;22,1;16,4;22,6;21,8;17,1;15,9;74;68;71;98;6,2;4,6;
2026/04/20;1800 UTC;0;977,3;977,4;977;827,3;22,1;16,8;22,7;21,7;17,4;16,3;77;71;74;108;6,3;4,7;
2026/04/20;1900 UTC;0;977;977,2;976,7;682,3;22;16,4;22,3;21,7;16,8;16,1;74;70;72;100;7,1;5,6;
2026/04/20;2000 UTC;0;976,7;976,8;976,6;410,5;21,5;16,7;21,8;21,1;16,9;16,5;79;74;76;101;6,8;4,9;
2026/04/20;2100 UTC;0;976,7;976,9;976,6;122;20,3;16,9;21,1;19,7;17,3;16,7;88;79;83;108;7,7;5,7;
2026/04/20;2200 UTC;0;977;977,3;976,7;,7;19,1;16,6;19,7;18,6;17,2;16,2;88;87;88;111;6,5;5,1;
2026/04/20;2300 UTC;0;977,5;977,9;977,2;0;18,2;16,3;18,6;18;16,6;16,3;93;89;91;108;6;4,6;
2026/04/21;0000 UTC;0;977,7;977,8;977,6;0;18,1;16,9;18,3;18;17,3;16,5;95;92;94;116;5,7;4,6;
2026/04/21;0100 UTC;0;978,3;978,6;977,8;0;18,3;17,7;18,4;18,3;17,9;17,3;98;95;97;100;5,4;3,2;
2026/04/21;0200 UTC;0;978,6;978,8;978,4;0;18,6;18,1;18,7;18,4;18,2;17,9;98;97;98;87;4,9;3,3;
2026/04/21;0300 UTC;0;978,9;979,1;978,8;0;18,6;18,2;18,7;18,4;18,3;18,2;99;98;98;82;4,8;3,4;
2026/04/21;0400 UTC;,6;979;979,3;978,4;0;18,4;18,4;18,4;18,3;18,4;18,2;100;99;100;81;6,8;4,7;
2026/04/21;0500 UTC;,4;978,2;978,5;978;0;18,2;18,3;18,3;18,2;18,4;18,2;100;100;100;74;5,7;3,7;
2026/04/21;0600 UTC;0;977,5;978;976,9;0;18,1;18,2;18,2;18;18,2;18;100;100;100;87;5,4;3,6;
2026/04/21;0700 UTC;0;976,7;976,9;976,4;0;18;18;18;17,9;18,1;18;100;100;100;103;7,5;4,9;
2026/04/21;0800 UTC;,2;976,6;976,9;976,4;0;17,9;17,9;18,1;17,8;18;17,9;100;99;100;86;8,4;5,7;
2026/04/21;0900 UTC;0;976,9;977,1;976,7;0;18;17,9;18,1;18;17,9;17,8;99;99;99;103;5,1;3,5;
2026/04/21;1000 UTC;0;977,2;977,4;977;0;18;18;18,1;18;18,1;17,9;100;99;100;108;4,9;3,3;
2026/04/21;1100 UTC;0;977,6;977,9;977,3;28,5;18,2;18,2;18,4;18;18,4;18,1;100;100;100;83;6,8;4,6;
2026/04/21;1200 UTC;0;978,2;978,5;977,9;210,1;18,6;18,5;18,9;18,4;18,7;18,3;100;98;99;74;6,4;4,3;
2026/04/21;1300 UTC;0;978,5;978,6;978,4;362,8;19,2;18,7;19,5;18,9;18,8;18,6;99;96;97;103;5;3,6;
2026/04/21;1400 UTC;0;978,2;978,4;978;746,8;19,7;18,8;20,3;19,4;19,1;18,5;97;92;96;96;6,6;4,7;
2026/04/21;1500 UTC;0;978,1;978,2;977,8;1312,9;21,2;18,9;21,8;20,3;19,5;18,6;93;85;89;102;4,5;3,1;
2026/04/21;1600 UTC;0;977,8;977,9;977,6;1004,5;21,7;19,1;22,1;21,4;19,5;18,7;89;85;87;90;5,3;3,5;
2026/04/21;1700 UTC;0;977,3;977,6;976,9;483,4;21;19,3;21,6;20,5;19,7;19;95;88;92;70;5,6;4,3;
2026/04/21;1800 UTC;0;976,7;976,9;976,6;574,7;21,2;19,3;21,4;20,8;19,6;19,1;93;88;91;71;4,6;3,2;
2026/04/21;1900 UTC;0;976,6;976,7;976,5;408,6;21,4;19,8;21,5;21,2;20,1;19,4;94;90;92;91;2,3;1,5;
2026/04/21;2000 UTC;0;976,4;976,5;976,3;627,5;22;19,7;22,7;21,3;20,4;18,8;93;82;89;61;3,9;1,5;
2026/04/21;2100 UTC;0;976,3;976,3;976,1;156,5;21,6;19,5;22,6;20,5;19,9;18,3;96;80;89;102;2,8;2,4;
2026/04/21;2200 UTC;0;976,1;976,2;976;1,1;19,9;19,5;20,5;19,6;19,7;19,3;99;96;98;110;3,7;2,7;
2026/04/21;2300 UTC;0;976,3;976,5;976,1;0;19,5;19,4;19,8;19,3;19,7;19,2;100;99;99;130;3,1;2,5;
2026/04/22;0000 UTC;0;976,6;976,8;976,5;0;19,5;19,3;19,6;19,2;19,6;19,1;100;99;99;92;2,6;1,9;
2026/04/22;0100 UTC;0;976,7;976,9;976,6;0;19,6;19,2;20;19,2;19,3;19,1;100;96;98;53;4,9;3,6;
2026/04/22;0200 UTC;0;976,6;976,7;976,4;0;19,7;19;19,9;19,6;19,2;18,9;97;96;97;29;4,2;3;
2026/04/22;0300 UTC;0;976,3;976,4;976,2;0;19,4;18,7;19,8;19,1;18,9;18,5;98;96;97;220;3,9;2,5;
2026/04/22;0400 UTC;0;976,3;976,4;976,2;0;19;18,4;19,2;18,7;18,5;18,3;98;96;97;326;3,8;2,4;
2026/04/22;0500 UTC;0;976,5;976,5;976,3;0;18,4;18,2;18,7;18,3;18,4;18;100;98;99;310;2,7;2;
2026/04/22;0600 UTC;0;976,2;976,4;976;0;18,2;17,9;18,3;18,2;18,1;17,5;99;96;98;333;3,3;2,4;
2026/04/22;0700 UTC;0;975,9;976;975,7;0;18;17,6;18,3;17,9;17,8;17,5;98;97;98;304;3,2;1,9;
2026/04/22;0800 UTC;,2;975,7;975,8;975,6;0;18,1;17,6;18,3;17,5;17,8;17;99;96;98;320;3;2;
2026/04/22;0900 UTC;0;975,7;975,8;975,6;0;17,7;17,3;18;17,5;17,5;17,1;99;96;98;304;3,5;2,6;
2026/04/22;1000 UTC;0;976;976,1;975,8;,7;17,7;17,2;18,2;17,2;17,5;17;99;96;97;278;3,5;2,9;
2026/04/22;1100 UTC;0;976,4;976,9;976,1;231,6;18;17,5;18,8;17,3;18;17,1;99;96;98;289;3,9;3,1;
2026/04/22;1200 UTC;0;977,2;977,6;976,9;447,2;19,2;18,4;19,6;18,8;18,7;17,9;99;94;96;272;8;5,2;
2026/04/22;1300 UTC;0;977,8;978;977,6;644,5;19;18,9;19,7;18,7;19,6;18,5;100;99;100;290;4,7;3,1;
2026/04/22;1400 UTC;0;978,3;978,4;978;790,4;19,8;19,4;20,1;19,7;19,9;19,2;99;97;98;267;7;4,1;
2026/04/22;1500 UTC;0;978,4;978,4;978,3;462,5;19,5;19,1;20;19,2;19,5;18,4;100;93;98;251;6,4;3,6;
2026/04/22;1600 UTC;0;978,3;978,4;978,1;716,6;20,4;18,7;21,1;19,9;19,1;18,2;94;86;91;267;7,2;4,7;
2026/04/22;1700 UTC;0;977,9;978,1;977,7;1191,4;21,3;18,4;21,8;21,1;19;18;88;82;85;277;7,2;4,7;
2026/04/22;1800 UTC;0;977,5;977,8;977,2;1313,1;21,9;18,3;22,9;21,3;18,9;17,8;86;76;82;280;9,1;5,4;
2026/04/22;1900 UTC;0;977,4;977,6;977,3;1592,5;22,8;17,8;23,2;22,2;18,6;17,1;79;71;75;281;7,7;5,3;
2026/04/22;2000 UTC;0;977,6;977,8;977,4;940;22,6;17,2;23;22,3;17,6;16,9;76;71;73;274;6;4,1;
2026/04/22;2100 UTC;0;978;978,2;977,8;272,7;21,5;17,1;22,4;20,2;17,2;16,8;83;73;78;273;3,1;2;
2026/04/22;2200 UTC;0;978,5;978,9;978,2;1,5;19,4;14,9;20,1;18,9;16,8;13,5;84;72;78;248;5,1;3,2;
2026/04/22;2300 UTC;0;979,1;979,3;978,9;0;18,6;12,9;19;18,1;13,6;12,4;76;69;71;226;5,4;3;
2026/04/23;0000 UTC;0;979,7;980,1;979,3;0;17,6;12,4;18,1;17;12,6;12,2;76;72;74;174;4,6;2,4;
2026/04/23;0100 UTC;0;980,5;980,6;980,2;0;16,8;11,4;17,4;16,4;12,3;10,9;75;71;73;167;5,3;3,5;
2026/04/23;0200 UTC;0;980,4;980,5;980;0;16,3;11,1;16,9;15,2;11,5;10,8;81;70;74;162;6,4;4,2;
2026/04/23;0300 UTC;0;980,2;980,7;980;0;15,3;11,8;15,6;15;12;11,5;84;80;82;174;7,8;5,3;
2026/04/23;0400 UTC;0;980,7;980,8;980,5;0;15;12,5;15,3;14,6;13;12;91;84;88;178;4,9;3,5;
2026/04/23;0500 UTC;0;980,7;981,2;980,5;0;14,9;13,5;15,5;14,6;14,1;12,8;94;91;93;174;5;2,8;
2026/04/23;0600 UTC;0;980,8;981,3;980,3;0;14,4;13,5;15,4;13,8;14,2;13;99;93;96;182;3,2;1,8;
2026/04/23;0700 UTC;0;980,7;981;980,5;0;14,4;14,2;14,8;13,9;14,7;13,5;100;97;99;234;2,6;1;
2026/04/23;0800 UTC;0;980,9;981;980,6;0;13,7;13,7;14,3;13,5;14,1;13,2;100;96;100;314;1,7;1,2;
2026/04/23;0900 UTC;0;980,9;981;980,8;0;13,2;13,1;13,5;12,8;13,6;12,5;100;96;100;174;3,1;2,1;
2026/04/23;1000 UTC;0;980,9;981,1;980,8;,3;12,7;12,3;13,2;12,2;12,5;12,1;100;95;98;125;4,1;3;
2026/04/23;1100 UTC;0;981,2;981,5;980,8;93,8;12,5;12,3;13;12;12,6;11,8;100;98;99;133;4,2;2,9;
2026/04/23;1200 UTC;0;982,1;982,6;981,6;409,4;13,6;13,5;14,1;13;14;12,6;100;98;99;136;4,2;2,9;
2026/04/23;1300 UTC;0;982,7;982,8;982,5;925;14,4;13,8;15,3;14;14,2;13,2;100;90;97;119;4,4;3,2;
2026/04/23;1400 UTC;0;982,7;982,9;982,6;1465,7;16,2;12,9;16,5;15,4;14,1;12,3;91;80;84;125;5,3;3,9;
2026/04/23;1500 UTC;0;982,5;982,8;982,3;1433,9;16,6;12,6;17,3;16,2;13,3;11,5;85;72;80;135;5;3,4;
2026/04/23;1600 UTC;0;982,2;982,5;981,7;1298,2;17,2;12,4;17,7;16,8;13,4;11,8;80;72;76;148;5,9;4,4;
2026/04/23;1700 UTC;0;981,3;981,6;980,9;918,5;16,9;12,8;17,1;16,7;13,2;12,3;81;77;79;133;5,1;3,6;
2026/04/23;1800 UTC;0;980,9;981;980,6;1005,7;17,2;12,8;17,7;16,9;13,4;12,2;81;75;78;109;4,7;3,5;
2026/04/23;1900 UTC;0;980,8;980,9;980,7;658,8;17,3;13;17,7;16,8;13,4;12,4;82;74;78;145;5,6;4,3;
2026/04/23;2000 UTC;0;980,8;980,9;980,6;321,5;16,4;12,7;16,9;15,9;13,3;12,4;85;79;82;134;4,8;3,5;
2026/04/23;2100 UTC;0;980,6;981;980,3;72,2;15,4;13;15,9;14,7;13,3;12,7;93;85;88;108;4,2;3;
2026/04/23;2200 UTC;0;981,1;981,4;980,9;0;14,4;13,1;14,7;14;13,3;12,9;95;91;93;144;4,5;3;
2026/04/23;2300 UTC;0;981,3;981,9;981,1;0;14,1;13;14,6;13,9;13,3;12,8;96;91;94;130;4,3;3,4;
2026/04/24;0000 UTC;0;981,9;982,2;981,2;0;14,6;13,2;15,1;14,2;13,3;13;95;90;93;98;5,2;4,3;
2026/04/24;0100 UTC;0;981,4;981,7;981,2;0;14,3;13,3;14,6;14;13,4;13,1;96;94;95;119;6,8;5,3;
2026/04/24;0200 UTC;0;981,6;982,1;981,2;0;14,7;13,7;14,8;14,6;13,9;13,4;96;94;95;106;4,7;3,4;
2026/04/24;0300 UTC;0;981,6;982;981,1;0;14,7;14;14,8;14,6;14,1;13,9;97;96;97;113;7,1;5;
2026/04/24;0400 UTC;0;981;981,3;980,8;0;15,1;14,2;15,2;14,8;14,3;14;96;95;95;108;6,3;4,1;
2026/04/24;0500 UTC;0;980,9;981,1;980,6;0;15,4;14,3;15,7;15;14,4;14,2;96;93;95;117;6,5;5;
2026/04/24;0600 UTC;0;980,6;980,8;980,4;0;15,2;14,5;15,5;15;14,6;14,3;97;94;96;112;5,3;4,3;
2026/04/24;0700 UTC;0;980,5;980,8;980;0;15,3;14,4;15,5;15,1;14,5;14,3;97;94;96;125;5;3,6;
2026/04/24;0800 UTC;0;979,2;980,1;978,8;0;15,1;14,5;15,2;15;14,6;14,4;97;96;97;117;4,7;3,8;
2026/04/24;0900 UTC;0;979,2;979,5;978,8;0;15,2;14,6;15,6;14,9;14,7;14,5;99;95;97;100;5,3;4;
2026/04/24;1000 UTC;0;979,4;980,4;978,8;0;15,4;14,9;16;15;15,3;14,6;99;96;98;124;6;4,2;
2026/04/24;1100 UTC;0;979,8;980,1;979,4;47,6;15,9;15,4;16;15,7;15,5;15,3;99;96;98;105;6,2;4,7;
2026/04/24;1200 UTC;0;980,3;980,5;980;190;16,2;15,7;16,5;16;15,9;15,5;98;97;98;112;5,2;3,9;
2026/04/24;1300 UTC;0;980,4;980,6;980,2;546,9;17;15,7;17,8;16,5;16;15,3;97;88;93;108;4,8;3,4;
2026/04/24;1400 UTC;0;980,1;980,2;979,9;1572,5;19,1;15,4;20,2;17,9;16;14,8;89;76;81;99;7,4;5;
2026/04/24;1500 UTC;0;979,9;980,1;979,8;2000,5;20,1;15,7;20,4;19,4;16,1;15,2;81;74;78;88;6;4,3;
2026/04/24;1600 UTC;0;979,2;979,7;978,6;1958;20,7;15,9;21,2;20,3;16,5;15,5;80;72;76;102;6,5;4,2;
2026/04/24;1700 UTC;0;978,5;978,8;978,1;890;20,5;15,7;21,1;20,2;16,2;15,2;78;73;76;97;4,8;3,1;
2026/04/24;1800 UTC;0;977,8;978,2;977,2;890,5;20,6;15,8;20,8;20,3;16,4;15,2;79;73;76;103;5,7;4,3;
2026/04/24;1900 UTC;0;977,3;977,5;977,1;794;20,3;15,4;20,7;20;16;15,1;79;73;76;86;5,3;3,9;
2026/04/24;2000 UTC;0;977,1;977,4;976,9;529,1;19,8;15,3;20,2;19,3;15,8;14,9;82;74;78;91;5;3,5;
2026/04/24;2100 UTC;0;977;977,3;976,6;168,1;18,7;16;19,3;17,5;16,2;15,7;93;82;87;115;3,4;2,5;
2026/04/24;2200 UTC;0;976,5;976,9;976,1;2,7;17,3;16,2;17,5;16,9;16,4;16;96;93;95;123;4,7;2,8;
2026/04/24;2300 UTC;0;976,9;977,2;976,5;0;16,5;16;16,9;16,1;16,3;15,8;99;96;98;116;2,7;2,2;
2026/04/25;0000 UTC;0;977;977,2;976,6;0;15,9;15,8;16,1;15,7;16;15,7;100;99;100;102;3,5;3,2;
2026/04/25;0100 UTC;0;977;977,2;976,8;0;15,8;15,8;16,3;15,3;16,4;15,2;100;99;100;136;4,1;3,2;
2026/04/25;0200 UTC;0;977,1;977,2;976,8;0;16,6;16,7;16,8;16,2;16,8;16,2;100;99;100;134;3,7;2,8;
2026/04/25;0300 UTC;0;976,5;976,9;976,2;0;16,6;16,6;16,7;16,3;16,8;16,3;100;99;100;139;5,7;4,3;
2026/04/25;0400 UTC;0;976,2;976,3;976;0;16,6;16,7;16,7;16,6;16,8;16,6;100;100;100;134;3,8;2,7;
2026/04/25;0500 UTC;0;976,1;976,3;975,9;0;16,8;16,8;16,8;16,7;16,9;16,8;100;100;100;154;3,4;2,3;
2026/04/25;0600 UTC;0;975,7;975,9;975,6;0;16,8;16,8;16,8;16,7;16,9;16,7;100;100;100;154;3,4;2,7;
2026/04/25;0700 UTC;0;975,3;975,7;975;0;16,7;16,7;16,7;16,6;16,8;16,7;100;100;100;135;4,4;3,4;
2026/04/25;0800 UTC;0;975,1;975,2;975;0;16,7;16,7;16,7;16,6;16,8;16,7;100;100;100;145;4,1;3,2;
2026/04/25;0900 UTC;0;975,1;975,2;975;0;16,6;16,6;16,7;16,5;16,7;16,5;100;100;100;142;4,6;3,6;
2026/04/25;1000 UTC;0;974,9;975;974,7;,8;16,3;16,4;16,5;15,9;16,5;16;100;100;100;143;4,1;3,1;
2026/04/25;1100 UTC;0;975,1;975,3;974,9;102,6;16;16,1;16,3;15,9;16,4;16;100;100;100;145;4;3,1;
2026/04/25;1200 UTC;0;975,8;976,2;975,3;478,9;16,7;16,8;17,2;16,4;17,3;16,5;100;100;100;141;3,9;2,5;
2026/04/25;1300 UTC;0;976,4;976,5;976,2;1229,9;17,7;16,3;19,4;16,8;17,5;15,2;100;80;93;127;3,4;1,7;
2026/04/25;1400 UTC;0;976,6;976,8;976,4;2004,7;19,7;15,1;20,8;18,6;16,2;14,2;83;69;77;189;4,6;3;
2026/04/25;1500 UTC;0;976,3;976,5;975,9;1652,8;20;15,3;21,4;18,9;16,1;14,4;85;70;76;209;2,7;1,3;
2026/04/25;1600 UTC;0;975,4;975,9;974,9;1681,6;21;15,3;22,6;20,3;16,5;14,5;77;65;71;212;2,3;1,5;
2026/04/25;1700 UTC;0;974,6;974,8;974,1;1076,7;20,7;15;21,7;20,4;15,7;14,2;76;65;71;143;1,7;,8;
2026/04/25;1800 UTC;0;973,9;974,2;973,7;679,7;20,7;15,2;21,8;20,4;15,7;14,6;76;66;72;233;2,4;1,5;
2026/04/25;1900 UTC;0;973,8;973,9;973,7;425,8;20,5;15,2;20,5;20,3;15,7;14,7;76;71;74;246;2,3;1,8;
2026/04/25;2000 UTC;0;973,6;973,9;973,4;264,8;20,1;15,4;20,3;19,7;15,9;14,9;81;74;77;189;3;1,5;
2026/04/25;2100 UTC;0;973,5;973,6;973,4;113,1;19,3;15,9;19,7;18,7;16,2;15,5;87;79;83;158;2,5;2;
2026/04/25;2200 UTC;0;973,2;973,5;972,9;,5;17,6;15,9;18,7;16,3;16,3;15,5;96;88;92;128;2,6;2,1;
2026/04/25;2300 UTC;0;973,2;973,4;973;0;16,2;15,7;16,9;15,7;16,5;15,1;99;95;98;112;5,1;3,5;
2026/04/26;0000 UTC;0;973,7;974,1;973,3;0;17,1;16,9;17,2;16,6;17,1;16,4;100;99;99;110;3,4;2,6;
2026/04/26;0100 UTC;0;974;974,1;973,9;0;16,6;16,6;17;16;17;16,1;100;100;100;113;2,6;2;
2026/04/26;0200 UTC;0;973,6;973,9;973,3;0;16;16;16,3;15,6;16,4;15,6;100;100;100;110;2,1;1,4;
2026/04/26;0300 UTC;0;973,1;973,3;972,8;0;16,3;16,4;16,5;16,1;16,5;16,1;100;100;100;126;3;1,9;
2026/04/26;0400 UTC;0;972,5;972,8;972,4;0;15,9;16;16,1;15,6;16,2;15,7;100;100;100;21;4,4;3;
2026/04/26;0500 UTC;0;972,3;972,5;972,2;0;15,5;15,6;15,7;15,4;15,8;15,4;100;100;100;43;3,5;2,4;
2026/04/26;0600 UTC;0;971,8;972,2;971,3;0;15,6;15,7;15,7;15,4;15,8;15,4;100;100;100;114;4,5;2,4;
2026/04/26;0700 UTC;0;971,2;971,5;971,1;0;15,6;15,6;15,7;15,3;15,7;15,4;100;100;100;268;2,1;1,2;
2026/04/26;0800 UTC;0;970,7;971;970,3;0;15,2;15,2;15,4;14,8;15,5;14,9;100;100;100;331;2,3;1,4;
2026/04/26;0900 UTC;0;970,3;970,4;970,2;0;14,4;14,4;14,9;14;15;14,1;100;100;100;279;3,7;2,4;
2026/04/26;1000 UTC;0;970,5;970,6;970,4;,3;14,8;14,8;14,9;14,6;14,9;14,7;100;100;100;298;3,2;2,4;
2026/04/26;1100 UTC;0;970,6;970,7;970,5;107;15;15;15,2;14,7;15,3;14,8;100;100;100;295;5,1;3,6;
2026/04/26;1200 UTC;0;970,9;971,1;970,6;829,9;16;16;16,9;15,2;16,7;15,3;100;99;100;293;6,7;4,6;
2026/04/26;1300 UTC;0;971,4;971,5;971,1;1251,7;17,6;16,1;18,6;16,9;16,7;15,7;98;89;93;292;7,5;4,8;
2026/04/26;1400 UTC;0;971;971,3;970,8;1759,9;18,9;16,3;19,7;18,4;16,8;15,9;90;85;87;286;10;7;
2026/04/26;1500 UTC;0;970,9;971;970,5;1730,1;19,5;16,1;20,9;19;16,8;15,6;85;78;83;278;10,1;6,1;
2026/04/26;1600 UTC;0;970,3;970,5;969,9;2146,5;20,9;15,6;21,8;19,7;16,6;14,8;79;66;74;268;12,2;7,4;
2026/04/26;1700 UTC;0;969,5;969,9;969;2503,4;21,6;14;22;21,2;15,4;12,5;70;54;62;281;12,6;8,7;
2026/04/26;1800 UTC;0;968,8;969,1;968,2;2126,4;21,8;13,1;22,2;21,3;14;12,4;60;52;56;273;13,2;8,8;
2026/04/26;1900 UTC;0;968,7;968,9;968,3;1524,4;21,8;12,8;22,3;20,9;13,2;12,4;58;52;55;276;12,1;8,8;
2026/04/26;2000 UTC;0;968,5;968,7;968,1;932,4;21,5;12,5;21,7;21,2;13;11,6;56;52;55;293;13,9;8,4;
2026/04/26;2100 UTC;0;968,5;968,7;968,4;241,1;20,2;11,3;21,2;19;11,8;11;60;52;55;284;10,5;6,6;
2026/04/26;2200 UTC;0;968,9;969,3;968,6;,8;18,4;11,2;18,9;17,7;11,4;11;69;61;64;285;8,9;6,2;
2026/04/26;2300 UTC;0;969,8;970,3;969,3;0;17,3;11,8;18;16,5;12,1;11,3;75;68;72;270;11,4;7,4;
2026/04/27;0000 UTC;0;970,5;970,9;970,1;0;15,7;10,9;16,4;15,3;11,4;10,7;78;73;76;273;10,7;7,6;
2026/04/27;0100 UTC;0;971,4;971,8;971;0;14,3;8,6;15,3;13,4;10,9;6;79;63;71;272;13,2;8,3;
2026/04/27;0200 UTC;0;972;972,4;971,7;0;12,6;5,2;13,4;11,9;6;4,9;65;60;63;276;11;7,8;
2026/04/27;0300 UTC;0;972,4;972,6;972,3;0;10,9;4,4;11,8;10,3;5,1;3,3;69;64;67;277;10,9;7,2;
2026/04/27;0400 UTC;0;972,4;972,5;972;0;9,9;3,3;10,5;9,4;3,8;2,9;70;64;67;272;11,5;7,1;
2026/04/27;0500 UTC;0;972,4;972,6;972,2;0;8,6;2,8;9,4;8,1;3,1;2,4;73;68;71;265;10;6,6;
2026/04/27;0600 UTC;0;972,4;972,6;972,3;0;7,5;1,9;8,3;6,8;2,4;1,2;74;70;72;278;9,6;6,9;
2026/04/27;0700 UTC;0;972,3;972,5;972,1;0;6;,6;6,8;5,6;1,3;-,2;75;71;73;283;9,3;6,7;
2026/04/27;0800 UTC;0;972,4;972,7;972,1;0;5,5;,1;5,9;5,1;,8;-,4;77;69;73;278;10,3;7,4;
2026/04/27;0900 UTC;0;972,9;973,2;972,6;0;5,8;,2;6,1;5,6;,7;-,1;75;70;72;282;11,8;7,2;
2026/04/27;1000 UTC;0;973,3;973,7;973;,4;5,8;,5;6;5,4;1;,1;78;70;74;286;12;7,7;
2026/04/27;1100 UTC;0;973,8;974;973,5;202,6;5,8;1,5;6,6;5,1;2,2;1;81;77;79;291;13,7;10,1;
2026/04/27;1200 UTC;0;974,3;974,8;973,7;696,3;7,2;2,6;8,3;6,6;3,1;2,2;78;74;77;289;16,4;11;
2026/04/27;1300 UTC;0;974,9;975,4;974,5;1250,8;8,5;3,4;9,2;7,8;3,9;2,9;77;72;75;284;15,8;10,4;
2026/04/27;1400 UTC;0;975,3;975,7;974,9;1866,7;9,3;3,9;10,4;8,5;4,6;3,6;76;70;73;285;15,2;10,5;
2026/04/27;1500 UTC;0;975,4;975,7;975,2;2049,2;10;4,3;10,8;9;4,8;3,7;75;69;71;284;14,6;10,2;
2026/04/27;1600 UTC;0;975,3;975,5;974,9;2495,1;11;4,9;12,2;9,8;5,6;4,3;73;66;69;283;16;10,4;
2026/04/27;1700 UTC;0;975,1;975,3;974,5;1997,5;11,8;5,4;12,8;10,6;6,2;4,7;71;65;68;276;14,4;9,6;
2026/04/27;1800 UTC;0;975,1;975,4;974,5;1981,8;12,5;5,7;13,2;12;6,3;5,4;68;64;66;275;12,6;9;
2026/04/27;1900 UTC;0;975,5;975,9;975,1;1657;13;5,9;13,2;12,6;6,1;5,5;67;63;64;268;11,8;8,2;
2026/04/27;2000 UTC;0;976;976,2;975,8;737,1;12,6;5,9;13,4;12;6,2;5,7;69;63;66;273;10,2;7;
2026/04/27;2100 UTC;0;976,4;976,5;976,1;163,1;11,8;5,9;12,2;11,1;6,1;5,6;74;68;71;271;8,4;5,7;
2026/04/27;2200 UTC;0;976,5;976,7;976,3;,6;10,8;5,9;11,2;10,5;6,1;5,8;77;74;76;268;9;6,4;
2026/04/27;2300 UTC;0;976,9;977,3;976,6;0;9,8;6;10,6;9,3;6;5,9;83;76;81;280;6,3;4,3;
2026/04/28;0000 UTC;0;977,5;977,7;977,3;0;9;6;9,5;8,4;6,1;5,9;88;82;85;288;6,6;4,7;
2026/04/28;0100 UTC;0;977,8;978,2;977,6;0;7,9;5,8;8,4;7,7;5,9;5,7;91;88;89;284;5,1;3,7;
2026/04/28;0200 UTC;0;978,2;978,3;978,1;0;7,8;5,8;8,1;7,5;5,9;5,7;91;88;90;272;5,3;3,6;
2026/04/28;0300 UTC;0;978,2;978,2;978,2;0;8,4;5,8;8,5;8,4;5,8;5,8;87;87;87;279;5,1;3,7;
2026/04/28;0400 UTC;0;978,1;978,2;978,1;0;8,2;5,6;8,5;8;5,8;5,4;88;86;87;280;4,5;3,3;
2026/04/28;0500 UTC;0;978,1;978,2;977,9;0;8,1;5,3;8,8;7,7;5,4;5,3;88;83;86;275;6,3;3,8;
2026/04/28;0600 UTC;0;977,7;977,9;977,3;0;7,8;5,2;8,4;7;5,3;5;91;84;87;289;3,9;2,7;
2026/04/28;0700 UTC;0;977,2;977,4;977;0;7,3;5;8,4;6,4;5,4;4,7;92;85;89;317;3,1;2,4;
2026/04/28;0800 UTC;0;977;977,1;976,9;0;6,5;5;7,3;6,2;5,2;4,6;94;88;92;272;4,8;2,4;
2026/04/28;0900 UTC;0;977,4;977,6;977,1;0;6,2;5;6,7;5,9;5,2;4,5;95;90;94;294;3,2;2,2;
2026/04/28;1000 UTC;0;977,9;978,3;977,6;0;6;5;6,2;5,9;5,2;4,7;96;93;95;271;2,8;2,1;
2026/04/28;1100 UTC;0;978,9;979,3;978,3;212;6,4;5,2;7,1;6;5,7;4,8;95;93;94;287;3,1;2;
2026/04/28;1200 UTC;0;979,5;979,8;979,2;886,8;8,3;6,2;9,5;7,1;7,1;5,8;93;85;90;297;3,9;2,5;
2026/04/28;1300 UTC;0;980,1;980,4;979,9;1567,5;10,3;6,7;11,2;9,5;7,7;5,9;86;74;82;303;5,2;3,4;
2026/04/28;1400 UTC;0;980,4;980,5;980,3;2149,4;12,2;6,3;13,1;11,3;7,2;5,3;80;64;71;271;6,4;4,4;
2026/04/28;1500 UTC;0;980,2;980,6;979,8;2524,8;13,4;6,1;14;12,7;7,1;5;70;58;63;301;7,4;4,7;
2026/04/28;1600 UTC;0;979,4;979,9;979;2650,9;14,4;6;15;13,9;6,9;5,3;62;54;58;269;7,7;4,3;
2026/04/28;1700 UTC;0;978,3;978,9;977,8;2556,3;15,5;6,1;16,1;14,8;7,1;5,3;59;47;53;298;7,1;4,7;
2026/04/28;1800 UTC;0;977,4;977,9;976,9;2278,9;16,3;5,5;16,9;15,8;6,5;4,5;51;41;46;284;6,1;3,7;
2026/04/28;1900 UTC;0;976,7;976,9;976,3;1455,5;16,5;5,1;16,9;15,8;6;4,2;47;39;43;307;6,2;4,4;
2026/04/28;2000 UTC;0;976,3;976,5;976,1;891,7;16,3;5;16,7;15,8;6,2;4,3;49;40;44;320;7,4;4,8;
2026/04/28;2100 UTC;0;976,5;976,7;976,2;199,9;14,4;4,5;15,8;12,5;4,9;4,2;58;45;51;306;3,9;2,3;
2026/04/28;2200 UTC;0;976,1;976,3;976;0;11,2;3,9;12,4;9,7;4,1;3,8;71;58;64;287;3;2,3;
2026/04/28;2300 UTC;0;976,3;976,5;976,2;0;10,2;3,6;11,3;9,3;3,8;3,3;72;61;67;272;2,4;1,8;
2026/04/29;0000 UTC;0;976,5;976,6;976,4;0;10,7;3,1;11;9,9;3,3;2,9;65;60;62;290;2,8;2,5;
2026/04/29;0100 UTC;0;959,7;976,6;;0;9,9;3;10,3;9,4;3,1;2,8;68;64;66;286;3,4;2,9;
2026/04/29;0200 UTC;0;976,5;976,6;976,5;0;9;2,7;10,1;7,8;2,9;2,5;74;63;68;269;2,4;1,8;
2026/04/29;0300 UTC;0;976,3;976,6;976,1;0;9,2;2,2;9,8;8,6;2,5;2,1;70;62;65;292;2,7;2,4;
2026/04/29;0400 UTC;0;976;976,2;975,8;0;7,9;2,3;8,5;7,6;2,4;2,1;74;68;72;304;3,3;2,8;
2026/04/29;0500 UTC;0;975,6;975,8;975,4;0;8,2;2,6;8,5;7,9;2,8;2,4;73;71;72;313;3,6;2,6;
2026/04/29;0600 UTC;0;975;975,4;974,7;0;8;2,8;8,4;7,7;3,2;2,6;77;71;74;291;3,1;2,5;
2026/04/29;0700 UTC;0;974,6;974,7;974,5;0;8,4;3,3;9,3;7,7;3,5;3,2;78;70;75;275;3,3;2,6;
2026/04/29;0800 UTC;0;974,6;974,7;974,5;0;9,5;3,3;10,1;8,7;3,4;3,1;73;65;69;297;3,6;3,3;
2026/04/29;0900 UTC;0;974,8;974,9;974,7;0;9,2;3,1;10,1;8,3;3,2;3;74;65;69;305;3,5;2,9;
2026/04/29;1000 UTC;0;975,2;975,4;974,8;0;8,9;3,1;9,9;8,4;3,1;2,9;73;66;71;283;2,8;2,1;
2026/04/29;1100 UTC;0;975,7;976;975,4;182,6;10,6;3,2;11,5;9,7;4,2;2,9;66;60;63;300;2,8;2,4;
2026/04/29;1200 UTC;0;976,2;976,5;976;837,2;12,8;4,7;13,8;11,5;5,6;3,9;65;56;60;306;3,2;2,5;
2026/04/29;1300 UTC;0;976,6;976,7;976,5;1548,8;15;5,8;15,9;13,8;6,8;5,1;60;48;54;320;4;3,1;
2026/04/29;1400 UTC;0;976,8;976,9;976,7;2117,5;17;6,6;18,1;15,8;8,2;5,5;54;44;48;319;3,7;2,6;
2026/04/29;1500 UTC;0;976,4;976,7;976;2470,7;19;8,4;19,9;18,1;9,9;7,4;52;40;47;309;5,3;3;
2026/04/29;1600 UTC;0;975,9;976,1;975,6;2600,7;20,3;8,9;20,9;19,7;10;8;50;37;43;296;4,9;2,5;
2026/04/29;1700 UTC;0;975,4;975,6;975,1;2486,3;21,4;9,5;21,8;20,9;10,4;8,6;44;35;40;314;7,2;4,9;
2026/04/29;1800 UTC;0;974,8;975,1;974,6;2153,3;21,6;9,2;22,1;21,1;10,2;8,4;41;35;38;309;7,2;5;
2026/04/29;1900 UTC;0;974,5;974,7;974,3;1554,5;21,8;9,4;22;21,7;10,1;8,9;41;36;38;319;7,1;5,1;
2026/04/29;2000 UTC;0;974,2;974,4;974;558,2;20,6;9,3;21,6;19,9;10;8,9;49;38;43;317;4;2;
2026/04/29;2100 UTC;0;974;974,3;973,7;181,8;19;9,2;21;16,5;9,9;8,3;60;43;51;272;2,9;2,1;
2026/04/29;2200 UTC;0;974,6;975;974,3;,1;16,7;8;17,1;16,2;8,3;7,7;59;53;57;266;3,1;2,1;
2026/04/29;2300 UTC;0;975,1;975,3;974,8;0;16,4;7,6;17,1;15,2;7,8;7,5;62;53;56;287;2,8;2,4;
2026/04/30;0000 UTC;;;;;;;;;;;;;;;;;;
2026/04/30;0100 UTC;0;976;976,4;975,7;0;15,7;7;15,9;15,4;7,2;6,9;58;55;57;282;4;3,3;
2026/04/30;0200 UTC;0;976,5;976,6;976,4;0;15;6,8;15,5;14,4;7;6,6;61;57;59;283;3,8;3,2;
2026/04/30;0300 UTC;0;976,3;976,5;976,2;0;13,7;6,4;14,5;13;6,6;6,3;67;60;64;275;4,5;3,4;
2026/04/30;0400 UTC;0;976,6;976,7;976,5;0;14,8;6,5;15,2;14,5;6,6;6,3;60;56;58;279;4,8;3,8;
2026/04/30;0500 UTC;0;976,8;976,9;976,6;0;14,6;6,4;15,1;14,1;6,5;6,3;61;57;59;284;4,5;3,5;
2026/04/30;0600 UTC;0;976,7;976,8;976,6;0;13,6;6,2;14,1;13,3;6,3;6,1;64;61;63;271;2,4;1,5;
2026/04/30;0700 UTC;0;976,5;976,6;976,4;0;13,4;6,3;13,8;13,2;6,5;6,1;66;62;65;272;1,6;1,1;
2026/04/30;0800 UTC;0;976,6;976,7;976,5;0;13,5;6,4;14;13,2;6,5;6,2;67;63;65;292;2;1,5;
2026/04/30;0900 UTC;0;976,7;977;976,5;0;13,1;6,4;13,7;12,1;6,5;6,3;71;64;67;298;1,9;1,7;
2026/04/30;1000 UTC;0;977,1;977,5;976,8;0;12,2;6,1;12,9;11,6;6,2;5,9;73;66;69;304;2,1;1,6;
2026/04/30;1100 UTC;0;977,6;977,9;977,5;172,2;13,4;6,5;14,6;12,5;8,6;6,1;70;63;66;307;1;,6;
2026/04/30;1200 UTC;0;978,4;978,6;977,9;815,4;16;8,4;17,8;14,6;9,9;7,7;70;58;62;251;1,2;,5;
2026/04/30;1300 UTC;0;978,8;979;978,6;1515,3;18,7;10,2;19,6;18;11,6;9,6;62;53;57;82;3,1;1,5;
2026/04/30;1400 UTC;;;;;;;;;;;;;;;;;;
2026/04/30;1500 UTC;0;979,1;979,2;979;2451,6;20,9;11,4;21,4;20,5;12,5;10,7;58;49;52;254;3,8;2,6;
2026/04/30;1600 UTC;0;978,8;979;978,5;2587,8;21,7;11,4;22,2;21,2;12,3;10,7;53;45;48;293;4,3;2,3;
2026/04/30;1700 UTC;0;978;978,5;977,7;2463,8;22,4;11,7;23,1;21,8;12,6;10,8;51;42;46;186;4,4;1,7;
2026/04/30;1800 UTC;0;977,6;977,8;977,5;2058;23,2;12,2;23,5;22,6;13;11,5;51;42;45;306;3,5;1,8;
2026/04/30;1900 UTC;0;977,6;977,8;977,5;1512;23,7;12,2;24,1;23,3;13,3;11,4;47;39;43;300;3,7;1,9;
2026/04/30;2000 UTC;0;977,6;977,7;977,5;823,5;23,6;12,1;24,3;23,2;13,3;11,3;48;39;43;185;1,2;,6;
2026/04/30;2100 UTC;0;977,5;977,6;977,4;189,2;20,3;12,4;23,1;18,2;13,2;11,8;68;45;61;142;2,1;1,6;
2026/04/30;2200 UTC;0;977,5;977,6;977,5;0;17,3;11,6;18,3;16,5;11,9;11,3;74;68;71;124;2,8;2,3;
2026/04/30;2300 UTC;0;977,6;977,7;977,5;0;15,2;11,6;16,4;14,5;12,1;10,9;88;74;82;124;6,2;4,3;
2026/05/01;0000 UTC;0;977,7;977,9;977,7;0;14,5;12,1;15;14;12,4;11,6;90;87;88;130;5,2;4,2;
2026/05/01;0100 UTC;0;977,9;978;977,7;0;13;10,9;13,7;12,6;11,5;10,1;93;84;90;93;5,4;4;
2026/05/01;0200 UTC;0;977,7;977,8;977,4;0;13,6;9,8;14,2;13,1;10,1;9,7;84;78;81;66;8,2;5,3;
2026/05/01;0300 UTC;0;977,4;977,5;977,2;0;13,5;9,7;14,1;12,9;9,8;9,5;84;78;81;72;5,8;3,8;
2026/05/01;0400 UTC;0;977,1;977,2;977;0;13,4;9,1;13,8;12,9;9,5;8,9;82;76;79;79;6,7;4,1;
2026/05/01;0500 UTC;0;977;977,1;976,8;0;12,6;9,1;13,3;11,9;9,3;8,9;87;78;82;81;4,5;2,4;
2026/05/01;0600 UTC;0;976,5;976,8;976,3;0;12,8;10,1;13,6;11,9;10,5;9,3;89;84;87;59;6,9;3,9;
2026/05/01;0700 UTC;0;976,3;976,5;976,1;0;12,9;10,3;13,6;12,5;10,5;10;89;84;87;55;4;2,1;
2026/05/01;0800 UTC;0;976,2;976,2;976,1;0;13,4;9,7;13,8;12,8;10;9,1;86;79;82;68;4,1;1,9;
2026/05/01;0900 UTC;0;976;976,1;975,8;0;13,2;9,2;13,6;12,7;9,7;8,9;81;77;80;66;5,4;3,5;
2026/05/01;1000 UTC;0;975,7;975,9;975,4;0;12,7;9,6;13,5;12;10,2;9,2;91;81;84;91;4,9;3,5;
2026/05/01;1100 UTC;0;975,2;975,5;974,7;234,2;12,8;11;14,1;12;11,9;10,1;93;88;91;106;5;3,3;
2026/05/01;1200 UTC;0;975,4;975,8;975,1;410,7;14,4;13,1;14,6;14,1;13,5;11,8;97;88;93;91;5,3;3,5;
2026/05/01;1300 UTC;0;975,1;975,4;974,8;526,1;14,9;13,6;15,6;14,2;13,8;13,3;97;89;93;97;6,1;4,2;
2026/05/01;1400 UTC;0;975,3;975,8;974,9;212,4;15,8;13,2;16,1;15,5;13,5;12,9;89;85;87;101;4,2;2;
2026/05/01;1500 UTC;1,8;976,2;976,7;975,7;46,8;15,2;13,7;16,1;14,7;14;13;96;85;92;252;3,6;1,8;
2026/05/01;1600 UTC;4,6;976,7;977,1;976;28,9;14,4;14,1;14,8;14,2;14,3;13,8;100;95;98;318;4,2;3,1;
2026/05/01;1700 UTC;5,7;974,9;976,7;973,3;128,4;15,1;15,2;15,9;14,3;15,9;14,4;100;100;100;91;6,7;3,9;
2026/05/01;1800 UTC;,2;972,4;973,7;971,5;312,1;16,7;16,8;17,7;15,8;17,6;15,9;100;99;100;39;10;6,7;
2026/05/01;1900 UTC;0;971,3;971,7;970,9;200,3;17,6;17,4;17,7;17,4;17,5;17,2;100;99;99;32;8,8;6,2;
2026/05/01;2000 UTC;0;970,8;971,5;970,3;132;17,6;17,3;17,8;17,4;17,4;17,1;99;97;98;27;10,6;6,7;
2026/05/01;2100 UTC;0;970,9;971,7;970,1;43,1;17,4;16,8;17,6;17,2;17,1;16,6;98;96;97;297;6,4;3,3;
2026/05/01;2200 UTC;0;970,5;971,2;970;0;17,3;17,1;17,9;17,1;17,6;16,8;100;98;99;328;8;4,9;
2026/05/01;2300 UTC;0;970,6;971,1;970,3;0;17,7;17,5;17,9;17,5;17,6;17,4;100;98;99;325;7;4,3;
2026/05/02;0000 UTC;0;971,3;971,6;971,1;0;17,6;17,5;17,9;17,5;17,6;17,4;100;98;99;320;5,9;3,6;
2026/05/02;0100 UTC;0;971,6;971,9;971,2;0;18;17,5;18,1;17,9;17,6;17,4;98;97;97;320;6,4;3,7;
2026/05/02;0200 UTC;0;971,9;972,1;971,7;0;18,2;17,7;18,3;18,1;17,8;17,5;99;97;98;324;6,6;4,2;
2026/05/02;0300 UTC;,8;972,2;972,3;971,9;0;18,2;18;18,5;18;18,2;17,8;100;98;99;307;5,5;4,1;
2026/05/02;0400 UTC;1,6;972,2;972,5;972;0;17,8;17,8;18;17,6;18;17,7;100;100;100;285;7;4,9;
2026/05/02;0500 UTC;,4;972,5;972,8;972,1;0;17,6;17,7;17,7;17,6;17,7;17,6;100;100;100;292;8,8;6,5;
2026/05/02;0600 UTC;0;972,9;973,2;972,6;,2;17,5;17,5;17,6;17,2;17,6;17,3;100;100;100;268;10,7;6,7;
2026/05/02;0700 UTC;0;973,3;973,6;973,1;,1;16,8;16,8;17,2;16,6;17,2;16,5;100;100;100;262;7,3;4,7;
2026/05/02;0800 UTC;0;973,8;974,3;973,6;0;16,4;16,2;16,6;16,3;16,5;15,9;100;98;99;268;5,4;3,2;
2026/05/02;0900 UTC;0;974,7;975,1;974,2;0;16,2;15,7;16,3;16,2;16;15,5;99;96;97;251;4,9;2,4;
2026/05/02;1000 UTC;0;975,1;975,8;974,7;0;15,6;15,1;16,2;14,8;15,5;14,6;100;96;98;238;4,7;2,6;
2026/05/02;1100 UTC;0;976,3;976,8;975,6;9,3;15,5;15;15,8;15,2;15,2;14,8;98;96;97;216;11,3;5;
2026/05/02;1200 UTC;,2;977,4;978,1;976,8;74,1;14,8;14,5;15,2;13,4;15;12,9;100;97;99;170;11,1;6,4;
2026/05/02;1300 UTC;0;979;979,7;978;326,5;13,5;12,4;13,7;13,4;13;11,7;98;91;95;188;8,1;4,2;
2026/05/02;1400 UTC;0;980,2;980,8;979,7;1021,1;14;11,8;14,7;13,4;12,9;11,1;92;84;89;202;6,4;3,3;
2026/05/02;1500 UTC;0;980,9;981;980,7;1711,5;15,2;11,2;16,2;14,2;11,8;9,7;88;69;80;209;9,1;4;
2026/05/02;1600 UTC;0;980,8;981;980,7;2351,2;16;9,7;17;15,1;10,9;8,6;74;64;68;246;7,7;4,3;
2026/05/02;1700 UTC;0;981,1;981,4;980,8;2290,9;16,3;7,9;16,8;15,6;9,9;6,2;67;51;58;230;9,7;5,7;
2026/05/02;1800 UTC;0;981,5;981,7;981,2;2166,2;15,9;5,8;16,3;15,7;7,1;4,9;55;45;49;230;8,3;5;
2026/05/02;1900 UTC;0;981,7;981,9;981,4;1470,7;15,5;5,1;16;14,5;6,1;4,4;52;44;48;223;7,5;4;
2026/05/02;2000 UTC;0;981,9;982,2;981,7;867,3;14,7;4,2;15;14,2;5,2;3,2;51;44;48;240;8,8;4;
2026/05/02;2100 UTC;0;982,5;982,9;982,2;183,6;13,2;3,7;14,2;12;4;3,3;59;46;52;223;3,6;2;
2026/05/02;2200 UTC;0;983,4;983,9;982,9;0;11,5;3,3;12,2;10,9;3,8;2,8;61;57;59;238;5,5;2,6;
2026/05/02;2300 UTC;0;984,2;984,6;983,9;0;10,7;2,6;11;10,4;3,1;2,4;61;58;60;220;5,1;2,7;
2026/05/03;0000 UTC;0;984,8;985,1;984,5;0;9,9;2,5;10,4;9,5;2,6;2,3;65;61;63;241;4,5;2,4;
2026/05/03;0100 UTC;0;985,3;985,5;985,1;0;9,3;2,4;9,5;9;2,6;2,3;67;64;65;240;4,9;2,9;
2026/05/03;0200 UTC;0;985,5;985,6;985,3;0;8,9;2,5;9,2;8,6;2,7;2,4;69;66;68;230;6,7;3,2;
2026/05/03;0300 UTC;0;985,6;985,7;985,4;0;8,4;2,7;8,8;8;2,8;2,6;73;69;72;237;6,7;3,2;
2026/05/03;0400 UTC;0;985,5;985,6;985,4;0;8;2,6;8,3;7,6;2,8;2,4;75;71;73;229;5,5;2,6;
2026/05/03;0500 UTC;0;985,5;985,6;985,4;0;7,5;2,7;8;7,2;2,8;2,5;77;73;76;247;5,1;3,4;
2026/05/03;0600 UTC;0;985,1;985,3;984,8;0;7,7;2,7;8,1;7,5;2,8;2,7;76;73;75;233;3,9;2,3;
2026/05/03;0700 UTC;0;984,7;984,8;984,7;0;7,8;2,8;8,1;7,6;2,9;2,7;76;73;75;216;5,8;3,2;
2026/05/03;0800 UTC;0;984,5;984,7;984,4;0;7,9;2,8;8,2;7,6;2,9;2,7;76;73;74;217;6,3;3,5;
2026/05/03;0900 UTC;0;984,5;984,6;984,4;0;8;2,6;8,2;7,7;2,8;2,5;75;73;73;220;5,4;3,6;
2026/05/03;1000 UTC;0;984,5;984,7;984,4;0;7,3;2,5;7,8;6,9;2,6;2,4;78;74;76;225;4,4;3,2;
2026/05/03;1100 UTC;0;984,3;984,5;984;168,4;8;3;8,6;7,3;3,5;2,6;77;74;75;197;6,7;3,9;
2026/05/03;1200 UTC;0;984,1;984,3;983,9;844,4;9,3;4,1;10,1;8,6;4,8;3,4;76;71;74;174;5;3,2;
2026/05/03;1300 UTC;0;984,5;984,8;984,2;1576,2;10,9;4,4;11,8;10,2;4,9;4;72;61;67;171;5,4;3,6;
2026/05/03;1400 UTC;0;984,8;984,9;984,7;2153,4;12,6;4,4;13,3;11,8;5,3;3,6;66;53;59;160;4,6;2,8;
2026/05/03;1500 UTC;0;984,7;984,8;984,6;2508;13,8;4,4;14,6;13,2;5,7;3,7;58;50;53;122;4;1,6;
2026/05/03;1600 UTC;0;984,1;984,6;983,7;2614,3;15;5,3;15,7;14,3;6,3;4,5;56;48;52;182;4,2;1,1;
2026/05/03;1700 UTC;0;983;983,7;982,3;2484,8;16;5,9;16,5;15,5;6,8;4,9;54;47;50;78;5,1;2,5;
2026/05/03;1800 UTC;0;981,9;982,3;981,6;2110,9;16,4;6,1;16,7;16,1;7;5,1;53;43;48;71;5,2;2,8;
2026/05/03;1900 UTC;0;981,3;981,6;981,1;1554,8;16,4;5,7;16,8;16,1;6,3;4,8;49;42;46;59;3,9;2,4;
2026/05/03;2000 UTC;0;980,9;981,2;980,5;856,8;15,8;5,9;16,3;15;6,6;5,4;57;47;51;77;3,6;2,7;
2026/05/03;2100 UTC;0;980,3;980,5;980,1;193,8;12,6;6;14,9;10,2;6,8;5,5;77;58;67;91;3,4;2,7;
2026/05/03;2200 UTC;0;979,8;980,1;979,6;,1;9,1;4,8;10,5;8,3;5,7;4;83;75;79;77;3,5;3,2;
2026/05/03;2300 UTC;0;979,6;979,8;979,5;0;9,2;3,6;10,3;8,5;4;3,4;77;66;72;136;3,6;2,8;
2026/05/04;0000 UTC;0;979,5;979,7;979,4;0;8,7;3,7;9,4;8,2;4;3,4;77;70;75;76;4,6;2,3;
2026/05/04;0100 UTC;0;979,8;980;979,7;0;8,8;4,1;9,6;8,4;4,2;3,9;79;73;76;88;2,6;1,5;
2026/05/04;0200 UTC;0;979,8;980;979,5;0;9;4,3;9,7;8,3;4,6;4,1;80;73;76;46;3,4;2,3;
2026/05/04;0300 UTC;0;979,5;979,7;979,4;0;8,8;4,4;9,1;8,6;4,8;4,3;80;77;78;40;5,2;3,2;
2026/05/04;0400 UTC;0;979,2;979,4;978,8;0;8,1;4,8;8,9;6,7;5,1;4,4;90;79;84;89;5,1;2,6;
2026/05/04;0500 UTC;0;978,4;978,8;978,1;0;7,1;5,5;7,8;6,2;5,9;4,7;94;89;92;88;4,4;2,8;
2026/05/04;0600 UTC;0;977,6;978,1;977,3;0;7,9;5,8;8,7;6,2;6,3;5,1;96;85;89;72;6,6;4,2;
2026/05/04;0700 UTC;0;977,1;977,4;976,5;0;7,2;5,6;8;6,6;6,6;4,8;94;88;92;67;7,7;5;
2026/05/04;0800 UTC;0;976,4;976,6;976,1;0;8,2;6,9;8,4;8;7,2;6,5;95;92;93;69;8,4;5,4;
2026/05/04;0900 UTC;0;976;976,2;975,9;0;7,8;6,8;8,3;7,3;7,3;6,3;97;94;95;147;4,2;3;
2026/05/04;1000 UTC;0;975,9;975,9;975,8;0;7,9;7,1;8,1;7,6;7,4;6,9;98;94;96;135;4,5;2,5;
2026/05/04;1100 UTC;0;976,1;976,2;975,9;194,1;8,6;7,3;9,8;7,8;7,7;7;97;89;94;137;2,5;1,5;
2026/05/04;1200 UTC;0;976,5;976,7;976,1;818;11,6;8,2;12,6;9,9;9,1;7,6;89;78;83;162;2,7;1,1;
2026/05/04;1300 UTC;0;976,6;976,8;976,5;1493,4;14,8;9,7;16,1;12,7;10,7;8,5;81;71;75;181;5;2,6;
2026/05/04;1400 UTC;0;977;977,1;976,8;2115,1;17,3;11;18,4;16,1;12,1;10,1;73;64;68;320;4,6;3,2;
2026/05/04;1500 UTC;0;976,9;977,2;976,6;2416,5;19,1;12,3;20,5;18,3;13,4;11,2;70;62;66;313;4,4;2,5;
2026/05/04;1600 UTC;0;976,4;976,7;976,1;2228,1;21,2;13,2;21,8;20,6;14;12,5;64;55;60;315;5,9;3,6;
2026/05/04;1700 UTC;0;975,6;976,1;974,9;1868,3;21,2;13,4;21,9;20,8;14;12,4;65;55;61;300;4,5;2,5;
2026/05/04;1800 UTC;0;974,4;974,9;974;2050,9;22,3;13,2;22,6;21,9;14,2;12,6;61;51;54;300;5,5;2,8;
2026/05/04;1900 UTC;0;974,2;974,3;973,9;1468,2;22,3;12,7;22,6;22;13,9;12;58;48;52;311;5,1;3,6;
2026/05/04;2000 UTC;0;974,3;974,5;974;646,3;21,3;12,7;22,1;20;13,1;12,4;66;52;57;302;3,5;2,6;
2026/05/04;2100 UTC;0;974,3;974,5;974,1;151,8;19,6;13,4;20,3;18,6;14,3;12;74;64;69;330;1,3;,8;
2026/05/04;2200 UTC;0;974,4;974,5;974,2;,3;18,2;12;19,1;17,5;13;11;76;63;69;51;3;1,9;
2026/05/04;2300 UTC;0;974,7;974,9;974,3;0;17,8;11,3;18,3;17,3;11,5;11,2;70;65;68;330;2,3;1,2;
2026/05/05;0000 UTC;0;974,8;975;974,6;0;16,3;11,5;17,3;14,9;11,8;11,3;84;70;76;298;3,4;2,1;
2026/05/05;0100 UTC;0;975,1;975,2;975;0;15,3;12;15,7;14,8;12,5;11,6;84;83;84;322;2,5;1,5;
2026/05/05;0200 UTC;0;975,2;975,3;975;0;15;12,4;15,7;14,2;12,5;12,2;91;84;87;308;3,8;3,2;
2026/05/05;0300 UTC;0;975,3;975,5;975,2;0;14,5;12,4;14,8;14,2;12,9;12;92;89;90;313;4,8;3,6;
2026/05/05;0400 UTC;0;975,4;975,5;975,4;0;14,8;13,9;15,2;14,5;14,5;12,8;97;91;95;309;4,4;3,5;
2026/05/05;0500 UTC;0;975,5;975,6;975,5;0;15,2;14,8;16;14,9;15,2;14,3;98;96;98;315;6,2;4,6;
2026/05/05;0600 UTC;0;975,4;975,6;975,3;0;16,6;15,8;16,8;16;16;15,2;97;95;96;322;6,3;4,6;
2026/05/05;0700 UTC;0;975,4;975,5;975,2;0;16,5;16,1;16,8;16,1;16,2;15,9;99;97;98;319;4;3;
2026/05/05;0800 UTC;0;975,4;975,5;975,2;0;16,3;16,3;16,7;15,8;16,8;15,7;100;99;100;324;3,5;2,5;
2026/05/05;0900 UTC;0;975,6;975,7;975,5;0;16,5;16,5;16,8;16,3;16,8;16,3;100;100;100;316;3,2;2,3;
2026/05/05;1000 UTC;0;976;976,2;975,7;0;16,9;16,9;17,5;16,5;17,6;16,5;100;100;100;317;4,5;2,3;
2026/05/05;1100 UTC;0;976,5;976,9;976,3;175,2;17,4;17,5;18,5;16,8;18,5;16,9;100;99;100;292;3,9;2,9;
2026/05/05;1200 UTC;0;977,4;977,8;976,9;392,6;19,5;18,9;20,3;18,5;19,4;18,3;99;95;97;296;3,8;2,7;
2026/05/05;1300 UTC;0;978;978,3;977,8;1060,2;21,1;19,6;21,9;20,2;20,4;19,1;95;90;93;311;6,7;3,9;
2026/05/05;1400 UTC;0;978,4;978,6;978,2;546,2;21,6;20,2;21,9;21,3;20,5;19,9;95;92;93;315;3,7;2,3;
2026/05/05;1500 UTC;0;978,3;978,6;978;736,5;21,8;20,5;22,5;21,4;21,1;20,1;95;90;93;315;4,4;2,5;
2026/05/05;1600 UTC;0;978;978,2;977,7;818,1;22,3;20,7;23,2;22;21,5;20,3;95;89;92;316;3,8;2,3;
2026/05/05;1700 UTC;0;977,4;977,7;977,1;2080,2;24,5;21,2;25,5;23,2;22;20,6;89;79;83;292;6,3;4;
2026/05/05;1800 UTC;0;976,9;977,1;976,6;1703,4;26,2;21,6;27;25,6;22,1;21,3;82;73;77;303;7,2;4,3;
2026/05/05;1900 UTC;0;976,7;976,8;976,5;1196,1;26,7;21,4;27,4;26,1;22,1;20,9;76;71;74;298;7,4;4,7;
2026/05/05;2000 UTC;0;976,7;976,8;976,6;558,2;26,3;21,2;26,7;25,9;21,5;20,7;77;71;74;304;6,2;4,3;
2026/05/05;2100 UTC;0;976,8;976,8;976,7;131;24,8;20,9;26,3;22,8;21,1;20,4;89;72;80;101;1,4;,8;
2026/05/05;2200 UTC;0;976,9;977,1;976,8;0;21,5;20,5;22,7;20,7;20,7;19,9;98;88;95;121;3;2,1;
2026/05/05;2300 UTC;0;977,3;977,5;977;0;20,3;20,1;20,6;20;20,6;19,8;100;97;99;131;4,4;3,6;
2026/05/06;0000 UTC;0;977,6;977,9;977,4;0;20,6;20,4;20,9;20,2;20,7;20,1;100;98;99;120;4,9;3,9;
2026/05/06;0100 UTC;0;977,1;977,5;976,8;0;20,2;20,3;20,6;19,8;20,6;19,7;100;100;100;125;4,9;4;
2026/05/06;0200 UTC;,4;977,6;978;977,1;0;20,6;20,7;20,7;20,5;20,7;20,6;100;100;100;64;5,6;3,2;
2026/05/06;0300 UTC;,8;977,6;978;977,1;0;20,5;20,6;20,7;20,3;20,7;20,4;100;100;100;305;3,8;2,6;
2026/05/06;0400 UTC;0;977,5;978,2;977,1;,1;20,4;20,4;20,7;19,8;20,8;18,9;100;95;100;75;6,8;4,2;
2026/05/06;0500 UTC;1;978,6;979,1;978,3;,7;19,3;18,2;19,8;18,9;18,8;16,8;97;88;95;309;6,7;3,1;
2026/05/06;0600 UTC;17,4;978,2;980;976,8;3,4;18,7;16,3;19,4;18,2;17,7;15,2;97;81;88;61;5,4;3,1;
2026/05/06;0700 UTC;,2;976,5;977,1;975,4;2,5;20,5;16,4;21,4;19,4;17,1;15,6;85;76;79;331;6,4;4;
2026/05/06;0800 UTC;0;975;975,6;974,4;0;21;18,7;22,6;19,8;19,6;17,2;94;82;89;308;14,5;8,3;
2026/05/06;0900 UTC;,2;975,4;976,6;974,4;0;22;19,4;22,3;21,6;19,6;19,3;90;85;87;294;7,7;4,6;
2026/05/06;1000 UTC;0;976,4;976,8;975,9;0;21,5;19,5;21,8;21,2;19,6;19,4;92;88;90;329;8,9;5,6;
2026/05/06;1100 UTC;0;976,7;977,1;976,2;52,8;21;19,5;21,6;20,6;19,6;19,3;95;89;93;236;3,3;1,6;
2026/05/06;1200 UTC;0;976,7;977,1;976,2;321,2;20,7;19,6;21,2;20,5;19,9;19,4;96;93;94;114;3,5;2,7;
2026/05/06;1300 UTC;0;977,6;977,7;977,1;930,7;21,1;19,5;21,7;20,5;20;19,1;95;88;92;134;5,5;4;
2026/05/06;1400 UTC;0;977,7;977,9;977,6;1875,4;22,3;19,5;23,6;21,3;20,2;19;91;81;86;113;4;3;
2026/05/06;1500 UTC;0;977,4;977,8;976,9;2203,6;24,5;20,4;25,6;23,5;21,4;19,8;85;76;80;86;4,9;3,5;
2026/05/06;1600 UTC;0;976,1;977;975,3;2087,3;25,9;21,5;26,9;24,8;22,5;20,6;83;74;78;55;5,9;3,5;
2026/05/06;1700 UTC;0;974,7;975,3;974,1;2139;27,3;22,3;27,7;26,6;22,8;21,8;79;72;75;35;5,4;3,8;
2026/05/06;1800 UTC;0;973,7;974,1;973,3;1777,9;28;22,1;29;26,5;23,2;20,7;81;58;71;318;8,3;4,5;
2026/05/06;1900 UTC;0;973;973,3;972,8;1373,9;29,1;20,7;29,4;28,9;21,4;20;62;54;58;326;7,4;5,1;
2026/05/06;2000 UTC;0;972,7;972,8;972,6;610,6;28,3;19,3;29,2;27;20,5;18,7;60;51;55;326;5,7;2,5;
2026/05/06;2100 UTC;0;972,7;972,7;972,6;78;25,6;18,3;26,8;24,8;19;18;66;61;64;282;3,8;2,1;
2026/05/06;2200 UTC;0;972,5;972,6;972,4;0;24;18;24,8;23,5;18,4;17,9;72;65;70;42;5;3,2;
2026/05/06;2300 UTC;0;972,4;972,5;972,4;0;23,3;18,8;23,9;22,9;19,5;18,4;81;72;77;23;6,5;4,2;
2026/05/07;0000 UTC;0;972,5;972,6;972,4;0;22,9;19,8;23,2;22,7;20;19,5;86;81;85;20;5,7;3,7;
2026/05/07;0100 UTC;0;972,4;972,5;972,1;0;22,7;20;22,8;22,5;20;19,9;87;86;87;21;6,1;4,4;
2026/05/07;0200 UTC;0;971,8;972,1;971,4;0;22,6;19,9;22,8;22,4;20;19,9;88;86;87;58;6,2;4;
2026/05/07;0300 UTC;0;970,8;971,4;970;0;22,5;20;22,8;22,4;20;19,9;88;86;87;200;8,7;5,7;
2026/05/07;0400 UTC;0;969,3;970;968,5;0;22,4;19,8;22,6;22,3;19,9;19,7;87;86;87;168;9,3;6,2;
2026/05/07;0500 UTC;0;968,1;968,5;967,4;0;22,6;19,6;23,1;22,3;19,7;19,4;87;82;85;272;10,1;6,8;
2026/05/07;0600 UTC;0;966,8;967,5;966,2;0;23,7;19,2;24;23,2;19,3;19;81;75;78;334;12;7,3;
2026/05/07;0700 UTC;0;965,9;966,3;965,6;0;24,5;18,7;24,8;24;19,1;18,5;75;69;71;334;16,2;9,6;
2026/05/07;0800 UTC;0;966,1;966,3;965,8;0;24,5;18,5;24,6;24,3;18,6;18,4;71;70;70;332;12,9;8,3;
2026/05/07;0900 UTC;0;966;966,3;965,7;0;24,4;18,5;24,5;24,1;18,6;18,3;71;70;71;334;12,7;6,6;
2026/05/07;1000 UTC;0;965,2;965,7;964,7;0;23,9;18,2;24,2;23,6;18,4;18;73;70;72;333;12,9;7,8;
2026/05/07;1100 UTC;0;964,6;965;964,2;109,6;23,9;18;24,2;23,7;18,2;17,8;72;69;71;307;9,9;6,2;
2026/05/07;1200 UTC;0;964,8;965;964,5;262,8;24,1;17,9;24,4;23,7;18,1;17,7;71;68;69;332;11,9;7,9;
2026/05/07;1300 UTC;0;964,3;964,7;963,9;290,5;24,3;17,8;24,5;24;18;17,6;69;67;68;214;9,6;6,2;
2026/05/07;1400 UTC;0;964,2;964,4;963,9;184,1;23,8;17,7;24,2;23,3;17,9;17,4;72;67;70;328;7,6;3,8;
2026/05/07;1500 UTC;0;963,2;963,9;962,4;176,1;22,9;18;23,4;22,3;18,7;17,6;82;71;76;93;2,9;1,3;
2026/05/07;1600 UTC;0;961,8;962,3;961,1;371,6;22,7;18,7;23,1;22,3;19,2;18,4;84;77;80;32;5,7;3,8;
2026/05/07;1700 UTC;0;960,6;961;959,8;288,5;24,2;18,4;25,7;23;18,6;18,2;77;63;71;337;12,6;7,5;
2026/05/07;1800 UTC;0;959,6;960,2;959,1;209,8;25,5;18,2;26,4;19,8;18,5;16,8;86;59;63;231;13,1;7,4;
2026/05/07;1900 UTC;1,8;961,9;963,6;959,7;56,5;16,9;16;19,5;15,9;16,9;15,4;98;87;95;210;12,8;7,6;
2026/05/07;2000 UTC;4,4;962,8;963,7;962,3;14,8;16,1;15,8;16,1;16;15,9;15,5;99;97;98;154;6,9;4,1;
2026/05/07;2100 UTC;3,6;961,9;963,2;961,3;3,8;16,1;16,1;16,1;16,1;16,2;16;100;99;100;150;5;2,9;
2026/05/07;2200 UTC;8,9;961,6;962,4;960,8;0;16,5;16,5;16,8;16,1;16,7;16,2;100;99;100;35;5,5;3,5;
2026/05/07;2300 UTC;2;959,8;960,6;959,3;0;16,6;16,6;16,8;16,5;16,8;16,5;100;100;100;64;8,2;4,7;
2026/05/08;0000 UTC;14,7;960,5;960,9;960,1;,1;16,7;16,8;16,9;16,5;17;16,6;100;100;100;309;6,8;4;
2026/05/08;0100 UTC;5,5;961,3;962,3;959,5;3,4;16,5;16,6;17;14,9;17;14,8;100;100;100;238;11,2;6,5;
2026/05/08;0200 UTC;,4;960,7;961,2;959,1;,3;14,6;14,5;14,8;14,6;14,8;14,2;100;98;99;252;6,8;4,1;
2026/05/08;0300 UTC;3;961,2;962,1;960,5;1,9;14,2;13,8;14,7;13,2;14,4;12,1;99;94;98;267;11,7;7,4;
2026/05/08;0400 UTC;2,6;961,9;962,5;961,4;,2;13;12,9;13,2;12,7;13,1;12,4;100;96;99;287;16,1;10;
2026/05/08;0500 UTC;1;962;962,5;961,2;1,1;12,5;12,5;12,7;11,5;12,8;11,5;100;100;100;287;15,3;10,4;
2026/05/08;0600 UTC;1,2;962,1;962,6;961,6;2;10,6;10,5;11,3;10,3;11,4;10,3;100;99;100;286;15,9;9,7;
2026/05/08;0700 UTC;0;961,2;962;960,8;,1;10;9,9;10,3;9,9;10,2;9,7;100;99;99;291;15,1;10,7;
2026/05/08;0800 UTC;,2;961,5;962;960,7;0;9,7;9;9,9;9,5;9,7;8,6;99;94;96;295;16,2;11,3;
2026/05/08;0900 UTC;0;962,2;962,8;961,6;0;9,4;8;9,5;9,3;8,5;7,7;95;91;93;297;14,3;9,8;
2026/05/08;1000 UTC;0;962,9;963,3;962,4;0;9,6;8,1;9,7;9,3;8,3;7,9;94;92;93;300;15,4;11,5;
2026/05/08;1100 UTC;0;963,1;963,4;962,5;51,6;9,6;7,9;9,7;9,5;8,1;7,7;93;90;91;300;18,2;11,9;
2026/05/08;1200 UTC;0;963,7;964,1;963;125,2;9,4;7,2;9,6;9;8,2;6,2;93;85;89;297;17,7;12,4;
2026/05/08;1300 UTC;0;964,2;964,6;963,7;325,5;8,7;5,9;8,9;8,6;6,6;5,4;89;83;86;298;19,8;13;
2026/05/08;1400 UTC;0;964,9;965,4;964,2;1002,7;9,4;5,3;10,5;8,7;5,6;4,7;84;73;79;294;20,6;14,3;
2026/05/08;1500 UTC;0;965,1;965,4;964,1;1417,3;10,3;4,5;11,2;9,6;5,3;3,8;76;65;71;292;20,6;14,6;
2026/05/08;1600 UTC;0;964,9;965,2;964;1939,1;11,6;3,2;12,6;10,6;4,1;2,2;66;54;58;294;21,1;14,9;
2026/05/08;1700 UTC;0;964,6;965;963,9;2159,9;12,2;2,2;12,9;11,3;3,5;1,4;59;45;50;300;21,5;15,6;
2026/05/08;1800 UTC;0;965,1;965,7;964,4;1632,7;11,8;1,2;12,6;11,1;1,9;,6;52;43;47;295;20,1;14,1;
2026/05/08;1900 UTC;0;965,6;965,9;965,3;1502,1;11,9;,8;12,3;11,7;1,7;,1;50;41;45;305;15,6;11,3;
2026/05/08;2000 UTC;0;965,9;966,5;965,5;711,1;11,2;1,8;11,7;10,6;2,3;1,5;59;49;53;294;17;10,5;
2026/05/08;2100 UTC;0;966,7;967,1;966,1;83,3;10,1;2,7;10,7;9,5;3,3;2,1;69;58;63;293;17;12;
2026/05/08;2200 UTC;0;967,3;968,1;966,6;0;9,2;3,3;9,5;9;3,6;3,1;73;68;71;295;12,2;8,2;
2026/05/08;2300 UTC;0;968,3;968,7;967,7;0;9;3,6;9,2;8,6;3,8;3,4;76;72;73;293;9;6,1;
2026/05/09;0000 UTC;0;968,8;969,1;968,6;0;8,5;3,7;8,7;8,2;3,8;3,6;78;75;76;295;12,7;8,8;
2026/05/09;0100 UTC;0;969,5;970,1;969;0;8,4;3,8;8,5;8,2;3,9;3,7;78;76;77;301;10,5;7,3;
2026/05/09;0200 UTC;0;970,1;970,3;969,9;0;8,4;3,8;8,6;8,3;4;3,5;78;76;77;296;11,7;8,1;
2026/05/09;0300 UTC;0;970,4;970,6;970,2;0;7,9;3,5;8,4;7,2;3,8;3,4;82;76;78;300;8,6;6,3;
2026/05/09;0400 UTC;0;970,8;970,9;970,6;0;7;3,3;7,3;6,5;3,5;3,2;83;80;82;291;8,9;6,2;
2026/05/09;0500 UTC;0;971,1;971,4;970,7;0;6,3;3,1;6,5;6;3,3;2,7;85;82;84;285;7,8;4,8;
2026/05/09;0600 UTC;0;971,4;971,6;971;0;6,2;2,3;6,4;5,9;2,7;1,9;84;78;80;293;12,2;8,6;
2026/05/09;0700 UTC;0;971,4;971,7;971;0;6;1,5;6,4;5,7;1,8;1,2;79;76;78;286;11,8;8,3;
2026/05/09;0800 UTC;0;971,5;971,8;971,2;0;5,3;,4;5,6;5,1;1,3;-,9;80;69;76;284;7,7;5,2;
2026/05/09;0900 UTC;0;971,9;972,2;971,7;0;5,2;-,7;5,4;4,9;-,5;-1;72;68;70;268;7,5;5,3;
2026/05/09;1000 UTC;0;972,4;972,9;971,6;0;5;-,4;5,2;4,7;-,2;-,6;75;71;73;278;8,5;5,7;
2026/05/09;1100 UTC;0;972,5;972,7;972,2;72,9;4,9;-1,1;5,3;4,6;-,5;-1,5;74;66;70;287;8,2;6,4;
2026/05/09;1200 UTC;0;972,4;972,7;972,2;423,7;5,9;-1,2;7,4;5,2;-,4;-1,6;69;59;65;297;9,2;6,9;
2026/05/09;1300 UTC;0;972,8;973,3;972,3;1153,1;8,4;-,9;9,2;7,3;-,3;-1,5;59;51;54;294;14,2;10,2;
2026/05/09;1400 UTC;0;973,6;973,9;973,1;1656,1;8,8;,2;9,6;7,9;1,2;-1;61;53;57;293;15,6;11,5;
2026/05/09;1500 UTC;0;974,1;974,3;973,6;2015,6;9,1;1,1;9,8;8,5;2,1;,6;62;56;60;297;15,6;10,7;
2026/05/09;1600 UTC;0;974,6;975,1;974,1;1680,2;8,8;1,9;9,5;8,2;2,6;1;70;61;65;303;16,1;10,2;
2026/05/09;1700 UTC;0;974,8;975;974,4;596,7;8,1;2,9;8,3;8;3,7;2,3;77;70;74;301;14,1;9,6;
2026/05/09;1800 UTC;0;974,9;975,1;974,5;463;8,4;4;8,5;8,2;4,4;3,5;80;75;78;297;13,2;9,3;
2026/05/09;1900 UTC;0;975,2;975,5;974,8;315,1;8,5;4,7;8,6;8,3;5,5;4,3;86;79;81;287;13,5;8,5;
2026/05/09;2000 UTC;0;975,6;975,8;975,3;163,4;8,5;5,8;8,7;8,4;6,5;5,4;90;84;86;292;10,9;8;
2026/05/09;2100 UTC;,4;975,8;976,1;975,6;22,8;7,9;7,3;8,3;7,6;7,7;6,5;100;91;97;291;11,3;8,2;
2026/05/09;2200 UTC;,4;976,4;976,8;975,9;0;7,8;7,8;7,9;7,7;7,9;7,7;100;100;100;295;10;7,1;
2026/05/09;2300 UTC;0;977;977,4;976,7;0;7,9;8;7,9;7,9;8;7,9;100;100;100;292;11,5;8,5;
2026/05/10;0000 UTC;,6;977,7;978;977,4;0;7,8;7,9;7,9;7,8;7,9;7,8;100;100;100;295;11,8;8,4;
2026/05/10;0100 UTC;,2;978,5;978,9;978,1;0;7,7;7,7;7,8;7,6;7,8;7,7;100;100;100;291;9,8;6,7;
2026/05/10;0200 UTC;1,2;979,2;979,7;978,6;0;7,6;7,6;7,6;7,5;7,7;7,5;100;100;100;271;8,8;6,1;
2026/05/10;0300 UTC;,2;979,8;980;979,6;0;7,6;7,5;7,7;7,5;7,7;7,1;100;98;99;289;10,6;7,8;
2026/05/10;0400 UTC;0;979,9;980;979,7;0;7,5;7,5;7,6;7,4;7,6;7,2;100;99;100;267;9,2;5,7;
2026/05/10;0500 UTC;0;979,9;980;979,7;0;7,3;7;7,4;7,1;7,2;6,2;100;95;99;271;14,2;7,7;
2026/05/10;0600 UTC;0;979,8;980,1;979,5;0;7,1;6,7;7,3;6,9;7;6,2;100;95;98;273;10,7;7,8;
2026/05/10;0700 UTC;0;979,7;979,9;979,4;0;6,7;6,5;6,9;6,6;6,8;6;100;96;99;282;10,1;6,2;
2026/05/10;0800 UTC;0;979,4;979,7;979;0;6,4;6,5;6,6;6,2;6,7;6,3;100;100;100;273;12;8;
2026/05/10;0900 UTC;0;979,4;979,8;979;0;6,3;6,4;6,4;6,2;6,5;6,1;100;100;100;270;10,8;7;
2026/05/10;1000 UTC;0;979,6;979,9;979,4;0;6,1;6,1;6,2;5,8;6,3;5,9;100;100;100;275;11,7;7,2;
2026/05/10;1100 UTC;;;;;;;;;;;;;;;;;;
2026/05/10;1200 UTC;;;;;;;;;;;;;;;;;;
2026/05/10;1300 UTC;;;;;;;;;;;;;;;;;;
2026/05/10;1400 UTC;;;;;;;;;;;;;;;;;;
2026/05/10;1500 UTC;;;;;;;;;;;;;;;;;;
2026/05/10;1600 UTC;;;;;;;;;;;;;;;;;;
2026/05/10;1700 UTC;;;;;;;;;;;;;;;;;;
2026/05/10;1800 UTC;;;;;;;;;;;;;;;;;;
2026/05/10;1900 UTC;;;;;;;;;;;;;;;;;;
2026/05/10;2000 UTC;;;;;;;;;;;;;;;;;;
2026/05/10;2100 UTC;;;;;;;;;;;;;;;;;;
2026/05/10;2200 UTC;;;;;;;;;;;;;;;;;;
2026/05/10;2300 UTC;;;;;;;;;;;;;;;;;;
2026/05/11;0000 UTC;;;;;;;;;;;;;;;;;;
2026/05/11;0100 UTC;0;980,6;980,9;980,3;0;6;2,7;6,2;5,9;2,8;2,6;85;82;84;281;9,7;5,9;
2026/05/11;0200 UTC;0;980,3;980,5;980;0;6,1;2,5;6,3;6;2,6;2,5;83;81;82;280;9,8;7;
2026/05/11;0300 UTC;0;980,1;980,2;979,9;0;6,1;2,4;6,4;5,9;2,6;2,3;83;80;82;279;9,4;6,9;
2026/05/11;0400 UTC;0;979,8;980;979,6;0;5,7;2,4;5,9;5,2;2,4;2,3;86;82;83;281;9,4;6,6;
2026/05/11;0500 UTC;0;979,9;980;979,7;0;5,2;2,4;5,5;5;2,5;2,3;87;84;86;287;9;6,5;
2026/05/11;0600 UTC;0;979,6;979,7;979,4;0;5;2,3;5,4;4,7;2,4;2,2;88;84;86;292;9;6,9;
2026/05/11;0700 UTC;0;979,1;979,4;978,8;0;4,5;2,2;4,7;4,4;2,3;2,2;89;88;89;290;10,4;8;
2026/05/11;0800 UTC;0;978,9;979;978,6;0;4,2;2,2;4,5;3,8;2,2;2,1;92;89;90;283;9,4;6;
2026/05/11;0900 UTC;0;979;979,1;978,9;0;3,6;2,1;3,8;3,3;2,2;2,1;94;91;93;279;7,6;5,2;
2026/05/11;1000 UTC;0;979,3;979,6;979,1;0;3;2,1;3,3;2,7;2,2;1,9;97;94;95;281;6,7;4;
2026/05/11;1100 UTC;0;979,6;979,7;979,4;149,3;3,1;2,1;3,6;2,7;2,3;2;97;93;95;280;7,4;4,4;
2026/05/11;1200 UTC;0;980,1;980,5;979,7;773,2;4,7;2,6;6;3,7;3,2;2,3;93;85;89;283;7,5;4,8;
2026/05/11;1300 UTC;0;980,7;980,9;980,5;1454,3;7,3;3,7;8,3;6;4,6;3;86;79;82;281;6,3;4,5;
2026/05/11;1400 UTC;0;980,9;981,1;980,8;2019,3;9,3;4,8;10,4;8,2;5,5;4,1;82;73;78;276;7,3;5,2;
2026/05/11;1500 UTC;0;980,9;981,2;980,6;2376,5;11;5,5;12;10,3;6,1;4,9;76;68;72;274;8,7;6;
2026/05/11;1600 UTC;0;980,5;980,8;980,2;2494,8;12,3;5,3;13;11,6;6;4,8;69;61;65;274;10,6;6,7;
2026/05/11;1700 UTC;0;980;980,3;979,6;2353,8;13,1;5,5;13,5;12,5;6,1;5;66;58;62;278;10,3;7;
2026/05/11;1800 UTC;0;979,6;979,9;979,3;1974,3;13,5;5,7;13,7;13,2;6;5,3;63;59;61;282;9,7;6,9;
2026/05/11;1900 UTC;0;979,6;979,8;979,4;1424,4;13,5;5,3;13,8;13,2;5,8;4,8;62;56;59;288;9,6;6,3;
2026/05/11;2000 UTC;0;979,7;979,9;979,4;741,3;13,2;4,6;13,5;12,7;5,2;4,1;60;55;57;285;9;5,4;
2026/05/11;2100 UTC;0;980;980;979,8;133,7;11,6;4,5;12,7;10,1;4,8;4,3;71;59;65;292;6,2;4,8;
2026/05/11;2200 UTC;0;979,9;980;979,8;0;9,3;4,3;10,1;8,5;4,6;3,8;78;72;75;291;5,8;4,5;
2026/05/11;2300 UTC;0;979,9;980;979,8;0;8,5;3,6;8,9;8;3,8;3,5;78;74;76;295;7;5,8;
2026/05/12;0000 UTC;0;980;980,2;979,8;0;8;3,3;8,5;7,2;3,6;3,2;80;75;77;284;4,9;4;
2026/05/12;0100 UTC;0;980;980,2;979,9;0;8,1;3,4;8,2;8;3,5;3,3;77;75;77;276;4,9;3,7;
2026/05/12;0200 UTC;0;980;980,1;979,9;0;8;3,7;8,4;7,8;3,8;3,5;79;77;78;288;6,2;3,1;
2026/05/12;0300 UTC;0;979,5;979,9;979,3;0;7,6;3,8;8;7,3;4,1;3,6;82;78;81;292;7,7;5,3;
2026/05/12;0400 UTC;0;979,2;979,3;979,1;0;8,1;4,1;8,3;7,8;4,2;4,1;81;79;80;289;7,9;6,1;
2026/05/12;0500 UTC;0;979;979,1;978,8;0;7,6;4;8,2;6,9;4,2;3,8;85;80;82;282;6,4;4,9;
2026/05/12;0600 UTC;0;978,7;978,9;978,4;0;6,7;3,6;6,9;6,5;3,8;3,4;86;84;85;284;5,8;4;
2026/05/12;0700 UTC;0;977,9;978,3;977,7;0;6,9;3,5;7,3;6,5;3,6;3,3;85;81;83;297;6,3;4,7;
2026/05/12;0800 UTC;0;977,4;977,7;977,2;0;7,5;3,7;7,8;7,3;3,8;3,6;82;80;81;308;9,8;7,5;
2026/05/12;0900 UTC;0;977,4;977,6;977,2;0;6,9;3,6;7,4;6,3;3,7;3,5;86;81;84;309;8,2;6,8;
2026/05/12;1000 UTC;0;977,7;977,9;977,5;0;6;3,3;6,5;5,1;3,5;2,9;89;85;86;309;5,1;3,9;
2026/05/12;1100 UTC;0;977,8;978;977,5;122,8;6,8;3,2;7,9;5,1;3,5;3;90;77;82;299;10,3;7,7;
2026/05/12;1200 UTC;0;978,1;978,6;977,6;727,7;9,3;3,8;10,8;8;4,3;3,4;78;66;72;296;11,4;7,9;
2026/05/12;1300 UTC;0;978,5;978,9;977,8;1422,6;11,9;4,5;12,9;10,8;5,2;4;67;59;63;296;15,9;10,7;
2026/05/12;1400 UTC;0;977,9;978,2;977,5;1982,7;13,2;5,2;13,9;12,7;6;4,6;62;57;60;295;16,6;11,2;
2026/05/12;1500 UTC;0;977,9;978,2;977,5;2325,9;14,4;6;15,2;13,6;6,7;5,5;61;54;58;293;15,7;11,3;
2026/05/12;1600 UTC;0;977,2;977,7;976,6;2440,9;15,4;6,6;15,9;14,8;7;5,9;58;54;56;294;14;10;
2026/05/12;1700 UTC;0;976,4;976,6;976;2297,3;15,9;6,9;16,3;15,5;7,4;6,3;57;53;55;292;13,4;9,1;
2026/05/12;1800 UTC;0;975,7;976,3;975,2;1948;16,3;7,4;16,6;16;8;6,9;58;53;55;300;13,4;9,5;
2026/05/12;1900 UTC;0;975,1;975,4;974,8;1401,3;16,4;7,5;17;16,1;8,2;7;57;53;55;302;13,1;9,5;
2026/05/12;2000 UTC;0;974,8;975;974,6;718,4;15,8;7,3;16,1;15,2;7,7;7;60;55;57;301;12,1;8,1;
2026/05/12;2100 UTC;0;974,8;974,9;974,6;128,4;14,1;7,3;15,2;12,9;7,4;7,2;72;60;66;305;7,6;5,5;
2026/05/12;2200 UTC;0;974,5;974,7;974,4;0;12,5;7;12,9;12,1;7,3;6,7;73;71;72;295;7,4;5,3;
2026/05/12;2300 UTC;0;974,7;974,9;974,5;0;12,2;6,7;12,4;12,1;6,8;6,6;73;71;72;298;10,2;7,2;
2026/05/13;0000 UTC;0;974,9;975,1;974,7;0;12,2;6,7;12,4;12;6,8;6,6;74;72;73;295;10,5;7,6;
2026/05/13;0100 UTC;0;975,1;975,4;974,8;0;11,9;6,4;12,2;11,6;6,6;6,3;74;72;72;297;10,3;6,9;
2026/05/13;0200 UTC;0;975,9;976,4;975,3;0;11,4;6,3;11,6;10,9;6,4;6,3;77;73;75;282;5,9;3,4;
2026/05/13;0300 UTC;0;976,3;976,5;976,1;0;10,7;6,5;11;10,3;6,6;6,4;81;77;79;289;6,6;4,7;
2026/05/13;0400 UTC;0;976,6;976,8;976,5;0;10,4;6,6;10,8;10,1;6,7;6,5;82;79;81;287;8,8;6,5;
2026/05/13;0500 UTC;0;976,6;976,7;976,5;0;10,4;6,5;10,5;10,3;6,6;6,4;81;80;80;284;8,4;5,9;
2026/05/13;0600 UTC;0;976,3;976,5;976;0;10,3;6,4;10,5;10,1;6,4;6,3;81;80;81;289;7,7;6,1;
2026/05/13;0700 UTC;0;975,9;976,1;975,7;0;10;6,4;10,1;9,9;6,5;6,4;83;81;82;288;7;5,7;
2026/05/13;0800 UTC;;;;;;;;;;;;;;;;;;
2026/05/13;0900 UTC;;;;;;;;;;;;;;;;;;
2026/05/13;1000 UTC;;;;;;;;;;;;;;;;;;
2026/05/13;1100 UTC;;;;;;;;;;;;;;;;;;
2026/05/13;1200 UTC;;;;;;;;;;;;;;;;;;
2026/05/13;1300 UTC;;;;;;;;;;;;;;;;;;
2026/05/13;1400 UTC;;;;;;;;;;;;;;;;;;
2026/05/13;1500 UTC;;;;;;;;;;;;;;;;;;
2026/05/13;1600 UTC;;;;;;;;;;;;;;;;;;
2026/05/13;1700 UTC;;;;;;;;;;;;;;;;;;
2026/05/13;1800 UTC;;;;;;;;;;;;;;;;;;
2026/05/13;1900 UTC;;;;;;;;;;;;;;;;;;
2026/05/13;2000 UTC;;;;;;;;;;;;;;;;;;
2026/05/13;2100 UTC;;;;;;;;;;;;;;;;;;
2026/05/13;2200 UTC;;;;;;;;;;;;;;;;;;
2026/05/13;2300 UTC;;;;;;;;;;;;;;;;;;
2026/05/14;0000 UTC;;;;;;;;;;;;;;;;;;
2026/05/14;0100 UTC;0;977,4;977,7;977,1;0;12;8,7;13;10,6;9,1;8;89;79;84;160;6,4;4,7;
2026/05/14;0200 UTC;0;977,7;977,9;977,5;0;9,8;7,6;10,6;9,3;8,1;6,1;94;79;89;160;5,7;4,1;
2026/05/14;0300 UTC;0;978;978,1;977,8;0;9,7;5,2;10,3;8,8;6;4,5;83;72;77;145;3,1;2,6;
2026/05/14;0400 UTC;0;978,1;978,3;977,8;0;9,6;5,2;10,5;8,4;5,5;4,9;84;72;78;160;5;3,9;
2026/05/14;0500 UTC;0;977,9;978,1;977,8;0;9,5;4,9;10,5;8,9;5,4;4,6;80;72;77;157;5;3,4;
2026/05/14;0600 UTC;0;977,6;977,8;977,5;0;9,3;4,8;9,6;8,9;5;4,5;79;76;77;169;5;3,5;
2026/05/14;0700 UTC;0;977,7;978;977,5;0;8,8;4,9;9,2;8,3;5,1;4,6;83;78;81;178;4,4;3,1;
2026/05/14;0800 UTC;0;978,1;978,3;977,9;0;8,5;5,7;9;8,1;6,1;5,1;90;81;86;184;5,6;3,5;
2026/05/14;0900 UTC;0;978,1;978,4;978;0;7,6;5,6;8,1;6,8;6,4;5,1;93;86;90;133;3;2,4;
2026/05/14;1000 UTC;0;978,4;978,5;978,3;0;6,5;4,4;6,7;6,2;5,5;3,5;94;85;90;146;3,7;3,1;
2026/05/14;1100 UTC;0;978,8;979,3;978,6;57;6,7;3,8;7,8;6,5;4,2;3,4;87;80;85;154;3,7;2,9;
2026/05/14;1200 UTC;0;979,7;980,2;979,4;440,2;8,9;4,5;10,7;7,8;5,6;3,2;82;69;78;176;3,2;2;
2026/05/14;1300 UTC;0;980,7;981;980,2;1366,8;11,3;5,8;11,7;10,9;6,7;4,9;76;69;72;185;4,8;2,5;
2026/05/14;1400 UTC;0;980,9;981,1;980,6;2020,4;12,1;3,9;13,1;10,8;5,3;2,6;73;49;59;157;3,8;2,5;
2026/05/14;1500 UTC;0;980,6;980,8;980,4;1122,8;12,3;3,9;13;11,8;5,2;2,7;67;52;58;174;4;2,4;
2026/05/14;1600 UTC;0;980,1;980,4;979,9;1287,4;12,1;5,1;12,7;11,8;5,9;4,2;70;59;65;171;5,1;3;
2026/05/14;1700 UTC;0;979,8;980;979,7;1851,4;12,8;5,9;13,2;11,9;6,4;5,2;70;60;65;176;5,1;2,9;
2026/05/14;1800 UTC;0;979,7;979,9;979,6;1167,8;12,9;6,1;13,3;12,6;6,8;5,5;70;61;66;168;4,5;2,7;
2026/05/14;1900 UTC;0;979,7;979,9;979,6;776,7;12,7;6,5;13;12,4;7,1;6;72;66;69;173;4,3;2,7;
2026/05/14;2000 UTC;0;979,9;980,1;979,7;609,9;12,1;6,9;12,5;11,8;7,4;6,5;78;71;74;161;5,7;3,9;
2026/05/14;2100 UTC;0;980,3;980,5;980,2;119,7;10,7;7,3;11,7;9,6;7,5;7,1;89;77;83;159;4;2,5;
2026/05/14;2200 UTC;0;980,6;980,8;980,3;0;9,4;7,2;9,7;9,1;7,6;6,8;90;86;89;161;3,6;2,1;
2026/05/14;2300 UTC;0;980,9;981,2;980,8;0;9,2;6,6;9,7;8,1;6,9;6,3;92;84;87;133;1,6;,7;
2026/05/15;0000 UTC;0;981,3;981,5;981,2;0;8;6,5;8,2;7,6;6,8;5,8;94;90;93;129;2;1,6;
2026/05/15;0100 UTC;0;981,5;981,7;981,4;0;7,6;6,8;8;7,3;7,3;6,4;99;94;96;157;1,8;1,4;
2026/05/15;0200 UTC;0;981,7;981,8;981,7;0;7,5;7,1;7,9;7,3;7,4;6,7;99;96;98;142;2,4;2;
2026/05/15;0300 UTC;0;981,7;981,8;981,6;0;7,2;6,6;7,6;6,8;7;6,1;98;96;97;150;4,4;3,3;
2026/05/15;0400 UTC;0;981,6;981,7;981,5;0;8,4;7,5;8,6;7,7;7,9;7,1;98;95;96;137;4;3;
2026/05/15;0500 UTC;0;981,5;981,6;981,4;0;7,6;7,5;8,2;7,3;8;6,8;100;97;99;146;3,4;2,8;
2026/05/15;0600 UTC;0;981,3;981,4;981,2;0;7,1;7,1;7,3;6,9;7,3;6,9;100;100;100;153;3,6;2,1;
2026/05/15;0700 UTC;0;981,1;981,3;981;0;7,2;7,2;7,4;6,9;7,5;6,9;100;99;100;155;3,3;2,3;
2026/05/15;0800 UTC;0;980,9;981;980,8;0;6,7;6,6;7,1;6,2;7,1;6,1;100;98;100;147;3;2;
2026/05/15;0900 UTC;0;980,9;981,1;980,7;0;6,4;6,4;6,8;5,8;6,9;5,8;100;100;100;140;2,6;1,8;
2026/05/15;1000 UTC;0;981,1;981,2;981;0;6,1;6,1;7,1;5,4;7,1;5,5;100;100;100;157;3,9;2,8;
2026/05/15;1100 UTC;0;981,4;981,6;981,2;258,6;6,7;6,5;7,4;6,3;7,1;5,8;100;97;99;144;3,6;2,6;
2026/05/15;1200 UTC;0;981,9;982,2;981,6;652,8;8,9;7,9;9,8;7,3;8,5;7;100;92;95;136;4,3;3,1;
2026/05/15;1300 UTC;0;982,3;982,3;982,1;1452,5;10,1;7,8;10,6;9,8;8,3;6,8;92;84;88;130;4,4;3,3;
2026/05/15;1400 UTC;0;982,2;982,3;982,1;1919,6;11,2;7,4;12,1;10,6;8,1;6,4;85;72;81;133;5,2;3,1;
2026/05/15;1500 UTC;0;981,9;982,2;981,5;2405;12,4;6;13;11,9;6,6;5,1;73;63;68;135;4,7;3,4;
2026/05/15;1600 UTC;0;981,1;981,4;980,7;2330,8;13,3;6,3;13,9;12,6;7,1;5,7;69;62;65;113;5;2,5;
2026/05/15;1700 UTC;0;980;980,7;979,6;2277,6;14,1;6,5;14,7;13,6;7,8;5,8;66;60;62;104;5,3;3,1;
2026/05/15;1800 UTC;;;;;;;;;;;;;;;;;;
2026/05/15;1900 UTC;0;979,1;979,3;978,9;1325,1;14,9;6,7;15,1;14,6;7,4;6,1;62;57;59;87;4,3;3,4;
2026/05/15;2000 UTC;0;978,8;979;978,7;679,5;14,2;6,8;14,8;13,3;7,1;6,2;68;58;63;92;4,8;3;
2026/05/15;2100 UTC;0;978,5;978,8;978,3;108,9;11,3;6,7;13,3;9,4;7;6,3;86;68;77;117;2,9;1,9;
2026/05/15;2200 UTC;0;978,4;978,5;978,3;0;8,7;6,3;9,5;7,9;6,7;6;93;85;88;136;3,7;2,9;
2026/05/15;2300 UTC;0;978,4;978,5;978,3;0;7,6;6,1;8,1;7,2;6,5;5,7;95;89;93;134;3,7;3,1;
2026/05/16;0000 UTC;0;978,6;978,7;978,5;0;6,8;5,8;7,4;6,3;6,1;5,5;98;92;95;121;4,4;4,1;
2026/05/16;0100 UTC;0;979;979,1;978,6;0;6,6;6,2;7,1;6,1;7,1;5,7;100;96;98;128;4,2;3,7;
2026/05/16;0200 UTC;0;979,1;979,2;979;0;6,3;6,1;7,1;6;7;5,7;100;97;99;126;3,3;2,7;
2026/05/16;0300 UTC;0;978,7;979,1;978,4;0;6,3;6,3;7;5,9;7;5,7;100;99;100;115;3,3;2,3;
2026/05/16;0400 UTC;0;978,2;978,6;977,6;0;6,9;6,7;7,4;6,2;7,3;5,9;100;97;99;126;4,9;3,2;
2026/05/16;0500 UTC;0;977,7;977,8;977,4;0;6,9;6,6;7,4;6,2;7,2;5,7;100;96;99;89;4,3;3,1;
2026/05/16;0600 UTC;0;977,4;977,6;977,1;0;6,7;6,6;7,1;6,5;7,2;6,3;100;99;100;128;3,1;1,8;
2026/05/16;0700 UTC;0;977,4;977,6;977,2;0;7,7;7,6;8;6,8;7,9;6,9;100;97;99;132;2,1;1,2;
2026/05/16;0800 UTC;,2;977,1;977,4;976,8;0;8,3;7,4;8,8;7,9;8;7;98;94;95;142;3,3;2,3;
2026/05/16;0900 UTC;0;976,7;976,8;976,6;0;7,9;7,3;8,5;7,6;7,7;6,9;98;94;97;122;3;2,2;
2026/05/16;1000 UTC;0;976,8;976,9;976,6;0;7,4;7;7,9;7,3;7,5;6,7;99;96;98;125;4;2,5;
2026/05/16;1100 UTC;0;977,2;977,5;976,9;68,3;8;7;9,1;7,1;7,5;5,9;98;92;95;125;2,4;1,4;
2026/05/16;1200 UTC;0;977,8;978;977,5;547,4;10,2;7,8;10,8;9,1;8,5;7,2;92;84;88;127;2,3;1,5;
2026/05/16;1300 UTC;0;978,4;978,5;978,1;983,6;11,9;9,3;13,4;10,6;10,8;8;90;84;87;92;3,5;2,7;
2026/05/16;1400 UTC;0;978,5;978,7;978,3;1214,4;13,9;10,6;14,5;13,1;11,5;9,5;88;79;83;55;4;2,9;
2026/05/16;1500 UTC;0;978,1;978,5;977,7;745,2;13,7;10,4;14;13,4;10,9;9,9;86;81;84;77;5,2;3,8;
2026/05/16;1600 UTC;0;977,4;977,8;977,2;1449,9;14;10;14,5;13,7;10,8;9,5;84;76;80;124;4;2,4;
2026/05/16;1700 UTC;0;977;977,2;976,8;1169,2;14,4;10,3;14,8;13,9;11;9,6;85;75;80;137;3,8;2,6;
2026/05/16;1800 UTC;0;976,5;976,7;976,4;907,2;14,4;10,6;14,8;14;11,1;10,2;85;77;81;107;4,4;3,3;
2026/05/16;1900 UTC;0;976,8;977;976,5;414,3;14,4;10,4;14,7;14,1;10,8;10;83;77;80;132;5;3,5;
2026/05/16;2000 UTC;0;976,8;977;976,7;246,3;13,6;10,2;14,1;13,1;10,6;10;85;81;83;143;5,2;3,8;
2026/05/16;2100 UTC;0;977,1;977,3;977;27,3;12,7;10,1;13,1;12,4;10,3;9,9;89;85;87;128;5;3,3;
2026/05/16;2200 UTC;0;977,2;977,4;977,1;0;12,2;10,2;12,4;11,8;10,4;9,9;91;89;90;136;5,8;4,3;
2026/05/16;2300 UTC;0;978;978,3;977,3;0;11,6;9,5;11,8;11;10;8,7;91;87;89;159;6,3;4,5;
2026/05/17;0000 UTC;0;978,4;978,5;978,1;0;10,8;8,9;11,2;10,4;9,4;8,7;94;88;90;154;5,7;4,4;
2026/05/17;0100 UTC;0;978,7;978,9;978,5;0;10,5;9,7;10,7;10,1;9,7;9,5;98;94;96;130;4,9;3,9;
2026/05/17;0200 UTC;0;978,4;978,8;977,8;0;9,7;9,6;10,1;9,4;9,9;9,2;100;98;99;129;5,6;4,5;
2026/05/17;0300 UTC;0;978,9;978,9;978,6;0;9,9;9,9;10,1;9,8;10,1;9,8;100;100;100;131;4,2;3,5;
2026/05/17;0400 UTC;0;978,6;979;978,2;0;10,3;10,3;10,4;10,1;10,4;10,2;100;100;100;140;5,5;4,1;
2026/05/17;0500 UTC;0;978,3;978,5;978,2;0;10,3;10,3;10,4;10,3;10,4;10,1;100;99;100;144;4,8;3,8;
2026/05/17;0600 UTC;0;978,2;978,4;978,1;0;10,3;9,7;10,4;10,3;10,1;9,2;99;94;97;142;5,5;4;
2026/05/17;0700 UTC;0;978;978,1;977,8;0;10,3;9,1;10,4;10,2;9,2;9;95;93;94;145;5,9;4,4;
2026/05/17;0800 UTC;0;978,1;978,2;978;0;10,5;8,9;10,7;10,3;9;8,7;93;90;92;172;5,7;4,1;
2026/05/17;0900 UTC;0;977,9;978;977,6;0;10,4;8,3;10,6;9,9;8,9;7,7;92;88;90;151;6,2;4,3;
2026/05/17;1000 UTC;0;977,7;977,8;977,6;0;9,7;7,8;9,9;9,4;7,9;7,5;92;88;90;138;5,4;4,3;
2026/05/17;1100 UTC;0;978;978,3;977,6;30,5;9,7;8,3;10,1;9,3;8,7;7,9;95;90;93;180;7,8;5,5;
2026/05/17;1200 UTC;0;978,5;978,7;978,3;245,9;10,5;9,2;11,2;9,8;10;8,5;95;93;94;163;6,9;5,1;
2026/05/17;1300 UTC;0;979,2;979,4;978,6;377,5;10,9;10,1;11,3;10,4;10,3;9,9;99;93;96;179;7,2;4,8;
2026/05/17;1400 UTC;0;979,5;979,7;979,3;774,1;11,7;10,1;12,2;10,7;10,5;9,7;96;90;92;161;7,5;5;
2026/05/17;1500 UTC;0;979,6;979,8;979,4;962,8;12,2;10,2;13;12;10,8;9,8;92;87;90;163;8,8;6,3;
2026/05/17;1600 UTC;0;979,2;979,5;978,9;1340,5;13,4;10,5;14,5;12,9;11,2;9,7;89;79;86;147;10,3;7,4;
2026/05/17;1700 UTC;0;978,8;978,9;978,7;1308,9;13,5;10,3;14,4;13,1;10,9;9,9;88;80;84;159;9,3;6,2;
2026/05/17;1800 UTC;0;979;979,1;978,8;1046,9;13,5;10,3;15,1;12,6;10,6;9,5;89;75;84;165;8,9;5;
2026/05/17;1900 UTC;0;979,1;979,4;978,9;463,5;12,7;10,2;12,9;12,5;10,6;9,9;89;87;87;161;7,6;5,1;
2026/05/17;2000 UTC;0;979,5;980;979,2;269,2;12,2;10;12,9;11,6;10,3;9,9;92;85;89;170;6,5;4,1;
2026/05/17;2100 UTC;0;980,2;980,4;979,9;24,9;11,2;9,4;11,6;10,8;10;9;92;91;91;163;7,4;5;
2026/05/17;2200 UTC;0;980,7;981;980,3;0;10,6;9,1;10,8;10,4;9,2;8,9;94;91;92;163;6,7;4,6;
2026/05/17;2300 UTC;0;981,4;981,8;981;0;10,1;8,3;10,3;9,9;9;7,8;93;89;91;162;7,2;4,3;
2026/05/18;0000 UTC;0;981,9;982;981,7;0;9,7;7,2;10;9,5;7,9;6,7;89;86;87;161;6,9;4,1;
2026/05/18;0100 UTC;0;982,2;982,4;982;0;9,1;6,7;9,5;8,7;6,9;6,5;89;87;88;159;6,7;4,1;
2026/05/18;0200 UTC;0;982,7;983;982,3;0;8,6;6,1;8,8;8,3;6,5;5,7;89;87;88;177;7,9;3,7;
2026/05/18;0300 UTC;0;983,1;983,3;983;0;7,9;5,3;8,2;7,7;5,9;4,4;89;83;87;181;8,8;4,6;
2026/05/18;0400 UTC;0;983;983,2;982,7;0;7,6;3,8;7,7;7,5;4,4;3,6;84;80;81;172;8,6;5,2;
2026/05/18;0500 UTC;0;982,8;983;982,5;0;7,4;3,4;7,5;7,1;3,7;3,2;82;80;80;174;9,7;5,8;
2026/05/18;0600 UTC;0;983,1;983,2;982,9;0;7;3,1;7,2;6,6;3,3;3;82;80;81;176;8,4;4,2;
2026/05/18;0700 UTC;0;983;983,2;982,9;0;6,2;3;6,7;5,9;3,2;2,8;87;81;84;200;5,7;3,5;
2026/05/18;0800 UTC;0;982,9;983,1;982,8;0;6,3;2,9;6,6;5,9;3,3;2,6;87;81;83;199;5,4;3,2;
2026/05/18;0900 UTC;0;983;983,2;982,9;0;6,1;3,1;6,4;5,9;3,3;2,8;87;82;85;189;6,9;4;
2026/05/18;1000 UTC;0;983,3;983,7;982,9;0;6,3;3;6,5;6,1;3,2;2,8;84;82;84;181;6,6;3,4;
2026/05/18;1100 UTC;0;984;984,3;983,8;114,6;6,5;3,7;6,7;6,2;3,9;3,6;88;85;86;217;5;2,7;
2026/05/18;1200 UTC;0;984,6;985;984,3;641,7;7,1;3,9;7,6;6,7;4,2;3,7;86;82;84;214;5;3,1;
2026/05/18;1300 UTC;0;985,3;985,5;985;1332,8;8,4;4,5;9,4;7,7;5,3;4;83;76;80;206;4,8;2,3;
2026/05/18;1400 UTC;0;985,5;985,6;985,4;1871,6;10,4;5,3;11,4;9,5;6;4,6;79;70;74;213;5;2,2;
2026/05/18;1500 UTC;0;985,5;985,6;985,4;2058,2;11,7;5,2;12,5;11,2;5,9;4,7;73;64;68;208;5,6;2,9;
2026/05/18;1600 UTC;0;985,2;985,4;984,9;2181,9;12,4;5,3;13,6;11,6;6,2;4,2;68;57;65;240;4,4;2;
2026/05/18;1700 UTC;0;984,8;985;984,7;1764;12,7;4,9;13,7;11,7;6;3,9;67;56;61;228;4,3;2,6;
2026/05/18;1800 UTC;0;984,5;984,6;984,3;1298,7;12,6;5,3;13,8;11,8;6,2;4,5;68;58;64;194;3,7;2,2;
2026/05/18;1900 UTC;0;984,2;984,4;984;544,9;11,9;5,4;12,6;11,6;6,1;4,5;73;60;68;213;2;1,1;
2026/05/18;2000 UTC;0;984;984;983,9;258,7;11,2;5,5;11,7;10,5;6,4;5;77;68;72;200;1,7;1,1;
2026/05/18;2100 UTC;0;983,9;984;983,9;104,4;10,4;5,5;11,2;9,7;5,9;5;79;70;75;208;2,1;1,6;
2026/05/18;2200 UTC;0;984;984,1;983,9;0;9,1;4,9;9,8;8,6;5,4;4,5;81;77;79;211;1,3;,7;
2026/05/18;2300 UTC;0;984,2;984,3;984,1;0;8,5;4,2;8,7;7,9;4,8;3,9;82;77;78;290;2,1;1,4;
2026/05/19;0000 UTC;0;984,3;984,4;984,3;0;7,6;4;7,9;7,3;4,2;3,8;84;80;82;301;1,6;1,3;
2026/05/19;0100 UTC;0;984,4;984,5;984,4;0;7,1;4,3;7,5;6,7;4,6;3,9;88;84;86;298;1,3;1;
2026/05/19;0200 UTC;0;984,4;984,5;984,3;0;6,8;4,1;7,2;6,5;4,6;3,5;89;83;87;277;1,4;,9;
2026/05/19;0300 UTC;0;984,2;984,4;984,1;0;6,6;3,4;7,1;5,9;3,6;3,2;88;81;84;277;2,1;,9;
2026/05/19;0400 UTC;0;984;984,1;983,8;0;6,1;3,3;6,5;5,7;3,6;3,1;89;84;86;275;2;1,4;
2026/05/19;0500 UTC;0;983,6;983,9;983,3;0;5,9;3,2;6,3;5,6;3,4;2,9;88;84;87;260;2,6;1,9;
2026/05/19;0600 UTC;0;983,2;983,4;983;0;5,7;2,8;6,5;5,1;3,1;2,5;89;80;86;304;2,8;2;
2026/05/19;0700 UTC;0;982,8;983;982,7;0;5;2,8;5,5;4,5;2,9;2,5;92;86;89;299;3,2;2,1;
2026/05/19;0800 UTC;0;982,7;982,8;982,6;0;4,6;2,5;4,9;4,3;2,9;2,2;91;87;89;284;4,2;2,2;
2026/05/19;0900 UTC;0;982,6;982,7;982,5;0;4,3;2,5;4,8;4;2,6;2,4;93;88;91;294;3,8;3,1;
2026/05/19;1000 UTC;0;982,8;983;982,7;0;4,2;2,5;4,5;3,7;2,7;2,1;93;90;91;286;3,2;2,3;
2026/05/19;1100 UTC;0;983,2;983,4;983;98,6;4;2,4;4,6;3,8;2,6;2,2;93;90;92;294;4,4;3,4;
2026/05/19;1200 UTC;0;983,6;983,7;983,4;664,7;5,7;3,2;6,5;4,7;4,1;2,7;90;84;88;293;5,2;3,5;
2026/05/19;1300 UTC;0;983,9;984,3;983,7;1351,5;7,6;3,5;8,9;6,6;4,5;3;86;75;80;274;6;3,3;
2026/05/19;1400 UTC;0;984,2;984,2;984,1;2096,7;10;3,9;10,1;9,8;4,4;3,7;71;68;70;280;8,1;4,8;
2026/05/19;1500 UTC;0;984;984,2;983,7;2236,6;10,5;4,1;11,3;9,9;4,7;3,5;71;63;68;273;9,2;5,8;
2026/05/19;1600 UTC;0;983,4;983,8;982,9;2367,8;11,7;4,3;12,5;11;4,9;3,8;67;59;63;280;9,8;6,6;
2026/05/19;1700 UTC;0;982,5;982,9;982,1;2234;12,9;4,2;13,5;12,2;4,9;3,4;63;52;57;283;11;6,7;
2026/05/19;1800 UTC;0;981,8;982,2;981,6;1877,7;13,3;3,6;13,6;12,9;4,5;3;55;49;51;271;10,2;6,5;
2026/05/19;1900 UTC;0;981,5;981,7;981,3;1343,7;13,3;3,9;13,5;13;4,3;3,2;55;50;53;278;9,2;6,1;
2026/05/19;2000 UTC;0;981,4;981,5;981,2;669;12,8;3,9;13,2;12,3;4,4;3,6;58;53;56;279;8,3;5,5;
2026/05/19;2100 UTC;0;981,5;981,6;981,2;99,4;11;3,4;12,3;9,9;3,8;3,1;66;57;62;268;5,7;3,8;
2026/05/19;2200 UTC;0;981,6;981,8;981,5;0;10;3,2;10,2;9,8;3,3;3,1;67;65;66;260;6,9;4,4;
2026/05/19;2300 UTC;0;981,8;981,8;981,7;0;9,8;2,9;10,2;9,4;3,3;2,5;67;64;65;256;6,9;4,1;
2026/05/20;0000 UTC;0;981,9;981,9;981,7;0;8,4;2,4;9,8;7,2;2,6;2,1;77;63;70;289;5,3;3,7;
2026/05/20;0100 UTC;0;981,8;981,9;981,7;0;9;2,8;9,3;7,9;2,9;2,6;73;67;69;269;7,7;4,6;
2026/05/20;0200 UTC;0;981,9;982;981,8;0;7,5;2,9;9;6,7;3,4;2,7;82;69;77;275;7,4;4,5;
2026/05/20;0300 UTC;0;982;982,1;981,9;0;7,1;3,3;8,6;6,3;3,5;3,1;85;74;81;289;7,1;4,6;
2026/05/20;0400 UTC;0;982;982,1;981,9;0;6,4;3,2;6,9;5,8;3,4;3,1;87;82;84;302;6,2;4,6;
2026/05/20;0500 UTC;0;981,8;981,9;981,6;0;5,6;3,2;5,7;5,4;3,2;3,1;89;87;88;291;5,5;4,6;
2026/05/20;0600 UTC;0;981,6;981,6;981,5;0;5,9;3,2;6,4;5,6;3,4;3,1;88;85;87;290;5;3,7;
2026/05/20;0700 UTC;0;981,4;981,6;981,2;0;6;3,5;6,4;5,8;3,7;3,3;89;85;87;287;6,2;4,5;
2026/05/20;0800 UTC;0;981,1;981,2;981;0;6;3,7;6,3;5,8;3,8;3,6;90;87;89;275;7,6;4,6;
2026/05/20;0900 UTC;;;;;;;;;;;;;;;;;;
2026/05/20;1000 UTC;0;981,4;981,8;981,1;0;4,7;3,4;5,4;4,1;3,7;3,2;96;91;94;290;4,1;2,3;
2026/05/20;1100 UTC;0;982;982,2;981,8;100,1;4,3;3,5;4,9;4;3,8;3,2;97;95;96;286;4,7;3;
2026/05/20;1200 UTC;0;982,3;982,5;982,2;636,5;6,2;4,1;7,2;4,9;4,6;3,8;95;86;90;283;7,2;4,7;
2026/05/20;1300 UTC;0;982,9;983,2;982,5;0;8,2;4,7;8,9;7,2;6,3;4,3;86;80;83;280;7;4,5;
2026/05/20;1400 UTC;0;983,3;983,4;983,2;1831,1;9,6;5,5;10,5;8,7;6,1;4,8;82;77;79;279;7,6;5,1;
2026/05/20;1500 UTC;0;983,4;983,5;983,2;2165,7;11;6,1;12,1;10;7,1;5,5;79;72;76;275;7,2;4,6;
2026/05/20;1600 UTC;0;983,1;983,4;982,8;2296,6;12,8;7,2;13,6;12,2;7,8;6,7;74;69;72;278;7,5;4,5;
2026/05/20;1700 UTC;0;982,8;982,9;982,6;2042,9;14;7,2;14,7;13,2;8,4;5,8;73;59;66;243;7,8;5,2;
2026/05/20;1800 UTC;0;982,4;982,6;982,2;1825,2;14,6;6,5;14,9;14,3;7,4;6;64;57;60;270;8,1;5;
2026/05/20;1900 UTC;0;982,7;983;982,3;1313,2;14,4;6,1;14,9;14,1;6,5;5,7;61;56;59;255;8,3;4,7;
2026/05/20;2000 UTC;0;983,3;983,7;983;606,5;13,5;5,8;14,3;12,2;6,9;4,6;64;58;61;206;5,1;2,5;
2026/05/20;2100 UTC;0;983,6;983,7;983,6;52,2;11,3;4,7;12,2;10,4;4,8;4,4;72;62;67;235;2,5;1,7;
2026/05/20;2200 UTC;0;983,9;984,2;983,7;0;10,5;5;10,8;10,2;5,5;4,7;74;71;73;223;3,9;1,9;
2026/05/20;2300 UTC;0;984,6;984,7;984,6;0;9,8;5,9;9,9;9,7;5,9;5,9;81;80;80;171;5,1;2,5;
2026/05/21;0000 UTC;0;984,9;985,2;984,6;0;9,7;7,5;9,7;9,6;8,1;6;92;82;89;167;6,2;1,7;
2026/05/21;0100 UTC;0;985,4;985,7;985,2;0;9,4;7,8;9,6;8,8;8,1;7,4;93;92;92;173;8,1;4,2;
2026/05/21;0200 UTC;0;985,7;985,9;985,6;0;8,1;6,7;8,8;7,7;7,4;5,8;96;90;93;158;5,6;2,9;
2026/05/21;0300 UTC;0;985,9;985,9;985,8;0;7,8;6,5;7,8;7,8;6,6;6,5;94;93;94;186;5;2,3;
2026/05/21;0400 UTC;0;985,9;986;985,8;0;7,6;6;7,8;7,2;6,5;5,7;93;91;92;193;5,6;2,2;
2026/05/21;0500 UTC;,2;985,7;985,9;985,6;0;7,1;5,2;7,3;6,9;5,8;4,5;93;88;90;179;6,4;3,5;
2026/05/21;0600 UTC;0;985,5;985,7;985,4;0;6,5;3,5;6,9;6,3;4,6;2,2;89;78;85;167;7,1;4,5;
2026/05/21;0700 UTC;0;985,5;985,7;985,4;0;6,3;1,8;6,7;6,1;2,2;1,4;81;74;77;175;4,9;2,6;
2026/05/21;0800 UTC;0;985,3;985,5;985,2;0;6,1;2,2;6,3;5,8;2,4;2;83;79;80;168;6,2;3,2;
2026/05/21;0900 UTC;0;985,6;985,8;985,4;0;5,5;2,4;5,8;5,1;2,7;1,8;87;82;85;183;3,5;1,6;
2026/05/21;1000 UTC;0;985,9;986,2;985,8;0;5,5;1,6;5,7;5,2;1,9;1,4;82;79;81;179;6,1;2,8;
2026/05/21;1100 UTC;0;986,6;987,1;986,2;81,1;5,4;1,3;5,7;5,2;1,6;1,1;82;78;80;212;4,2;2,5;
2026/05/21;1200 UTC;0;987,5;987,6;987,1;620,6;6,3;1,7;7,2;5,7;2,3;1,1;79;74;77;230;4,4;2,5;
2026/05/21;1300 UTC;0;987,8;988,1;987,6;1335,1;8;2,5;8,6;7,2;3,1;1,7;76;69;72;217;4,6;2,9;
2026/05/21;1400 UTC;0;988,3;988,5;988,1;1700,1;9,3;3;10,2;8,6;4,2;2,3;74;64;68;198;5,7;3,6;
2026/05/21;1500 UTC;0;988,3;988,5;988,2;1763,6;10;3;10,8;9,3;4,1;2,5;69;61;65;178;5,9;3,7;
2026/05/21;1600 UTC;0;988,1;988,3;988;1438,2;10,4;3,2;11;9,8;4,3;2,7;67;60;64;187;4,9;2,1;
2026/05/21;1700 UTC;0;987,8;988;987,4;949,9;10,5;3,3;10,9;10,3;4,1;2,5;67;60;64;162;4,7;2,3;
2026/05/21;1800 UTC;0;987,3;987,4;987,3;753,3;10,5;3,7;11;10,2;4,4;3,2;70;63;66;167;4,7;2,9;
2026/05/21;1900 UTC;0;987,5;987,5;987,3;472,5;10,4;3,3;10,7;10,2;4,2;2,1;70;57;64;175;3,3;2,3;
2026/05/21;2000 UTC;0;987,6;987,8;987,5;233,5;10,1;4,1;10,2;9,9;4,7;3,5;74;67;70;201;2;1,2;
2026/05/21;2100 UTC;0;987,6;987,8;987,5;30,3;9,6;4,2;9,9;9,4;4,8;2,9;75;66;73;182;2,9;1,3;
2026/05/21;2200 UTC;0;987,8;987,9;987,7;0;9,1;4,7;9,4;8,7;5,5;3,9;83;73;78;148;1,7;1,4;
2026/05/21;2300 UTC;0;988,1;988,4;987,8;0;8;4,1;8,8;7,1;4,9;3,6;85;77;80;166;2,3;1,1;
2026/05/22;0000 UTC;0;988,5;988,7;988,3;0;8,5;4,7;9,1;7,8;5,6;4;86;77;81;141;2,2;1,5;
2026/05/22;0100 UTC;0;988,5;988,7;988,3;0;8,3;5,4;8,5;8;5,8;5,2;89;83;86;143;4,1;3,1;
2026/05/22;0200 UTC;0;988,2;988,4;988;0;7,1;5,2;8,2;6,4;5,8;5;95;85;91;146;4,1;3,3;
2026/05/22;0300 UTC;0;988,1;988,2;988;0;6,8;5,7;7,3;6,1;5,9;5,3;96;93;94;151;3,5;3,2;
2026/05/22;0400 UTC;0;988,1;988,1;988;0;6,1;5,5;6,3;6;5,8;5,3;98;96;97;159;3,2;2,4;
2026/05/22;0500 UTC;0;988;988,1;987,9;0;6,3;5,8;6,6;6;6,4;5,4;99;97;98;157;4,2;2,9;
2026/05/22;0600 UTC;0;987,9;988;987,7;0;6,4;5,8;7,2;6;6,4;5,2;99;93;97;166;5,2;3,5;
2026/05/22;0700 UTC;0;987,7;987,8;987,7;0;7,1;6,1;7,2;7;6,3;5,8;96;93;95;191;6;4;
2026/05/22;0800 UTC;0;987,6;987,7;987,5;0;6,7;5,7;7,1;6,5;6;5,5;96;94;95;188;6,1;3,9;
2026/05/22;0900 UTC;0;987,7;988,1;987,6;0;6,5;5,5;6,9;6,3;5,7;5,3;96;94;95;172;5,4;3,7;
2026/05/22;1000 UTC;0;988,3;988,6;988,1;0;6,8;5,6;7,1;6,6;5,8;5,4;95;92;94;172;6,7;4,6;
2026/05/22;1100 UTC;0;988,6;988,8;988,5;42,8;6,6;5,2;7;6,3;5,6;4,7;94;92;93;179;6;4,2;
2026/05/22;1200 UTC;0;988,9;989;988,7;623,9;7,1;4,8;7,9;6,5;5,2;4,5;92;86;89;170;6,4;4,4;
2026/05/22;1300 UTC;0;989;989,2;988,9;745,9;8,2;5,4;8,7;7,9;6;5;88;83;86;155;6,8;4,8;
2026/05/22;1400 UTC;0;989,2;989,4;989,1;1073,8;9,2;6,1;9,7;8,7;6,6;5,5;87;81;84;136;7,4;4,7;
2026/05/22;1500 UTC;0;989;989,2;988,7;1465,7;10,1;6,7;10,7;9,3;7,2;6,3;87;80;83;145;7;5;
2026/05/22;1600 UTC;0;988,6;988,8;988,3;1317;11,2;7,3;11,7;10,7;7,9;6,9;83;78;80;147;5,9;4;
2026/05/22;1700 UTC;0;987,9;988,3;987,4;1323,1;11,9;7,7;12,3;11,4;8,2;7,2;82;77;79;138;6,4;4,7;
2026/05/22;1800 UTC;0;987,1;987,4;986,7;898,8;12,2;7,7;12,8;11,8;8,3;7,2;80;75;77;139;6,7;4,9;
2026/05/22;1900 UTC;0;986,6;986,7;986,4;592,2;12,2;7,6;12,7;12;7,9;7,3;80;75;77;138;5,9;4,2;
2026/05/22;2000 UTC;0;986,8;987,1;986,5;220;11,6;7,8;12;11,2;8;7,6;84;79;81;126;6,6;4,6;
2026/05/22;2100 UTC;0;987,4;987,7;987;16;10,8;8;11,2;10,2;8,8;7,5;93;82;86;130;7,6;5,2;
2026/05/22;2200 UTC;0;987,9;987,9;987,9;0;9,6;9,3;9,6;9,6;9,3;9,3;99;99;99;155;5,6;4,5;
2026/05/22;2300 UTC;0;988,1;988,2;987,9;0;9,7;9,4;9,8;9,6;9,5;9,3;99;98;98;146;6;4,6;
2026/05/23;0000 UTC;0;988;988,1;987,7;0;9,7;9,4;9,8;9,4;9,6;9,1;99;98;99;148;8,1;6,3;
2026/05/23;0100 UTC;0;987,9;987,9;987,7;0;9,4;9;9,4;9,3;9;9;99;98;98;140;7,4;5,6;
2026/05/23;0200 UTC;0;987,7;987,9;987,5;0;9,3;9;9,3;9,3;9,1;8,9;99;98;98;135;6,7;4,6;
2026/05/23;0300 UTC;0;987,8;987,9;987,7;0;9,4;9;9,4;9,3;9,1;8,9;99;98;98;135;5,2;3,9;
2026/05/23;0400 UTC;0;987,5;987,8;987,3;0;9,3;9,2;9,4;9,3;9,4;9,1;100;99;100;136;6,4;4,6;
2026/05/23;0500 UTC;0;987,2;987,4;987,1;0;9,4;9,4;9,4;9,3;9,4;9,4;100;100;100;146;6,6;5,2;
2026/05/23;0600 UTC;0;987,1;987,2;987;0;9,5;9,5;9,5;9,4;9,5;9,4;100;100;100;148;6,9;4,7;
2026/05/23;0700 UTC;,2;986,8;987;986,6;0;9,5;9,6;9,5;9,5;9,6;9,5;100;100;100;150;7,4;5,9;
2026/05/23;0800 UTC;0;986,6;986,7;986,5;0;9,5;9,5;9,5;9,5;9,5;9,5;100;100;100;155;6,8;5,1;
2026/05/23;0900 UTC;,2;986,7;986,8;986,6;0;9,5;9,6;9,6;9,5;9,6;9,5;100;100;100;146;7,5;6;
2026/05/23;1000 UTC;0;986,9;986,9;986,8;0;9,7;9,7;9,7;9,6;9,8;9,6;100;100;100;140;7,4;5,9;
2026/05/23;1100 UTC;0;986,8;986,9;986,7;27;9,8;9,9;10;9,7;10;9,8;100;100;100;137;8;6,2;
2026/05/23;1200 UTC;0;987;987,2;986,7;156,9;10,2;10,3;10,5;10;10,5;10,1;100;100;100;137;7;5,2;
2026/05/23;1300 UTC;0;987,3;987,4;987,1;400,1;10,8;10,9;11,1;10,4;11,2;10,4;100;100;100;143;7,1;4,9;
2026/05/23;1400 UTC;0;987,3;987,4;987,1;648,2;11,5;11,6;11,9;11,1;12;11,1;100;100;100;142;6,3;4,7;
2026/05/23;1500 UTC;0;986,9;987,1;986,6;869,9;12,1;12,2;12,5;11,7;12,6;11,8;100;100;100;135;7,7;5,4;
2026/05/23;1600 UTC;0;986,5;986,7;986,3;823,2;12,4;12,5;12,8;12,1;12,8;12,2;100;100;100;137;7,2;5,6;
2026/05/23;1700 UTC;,2;985,8;986,2;985,4;848,9;12,8;12,9;13,6;12,4;13,7;12,5;100;100;100;136;7;4,7;
2026/05/23;1800 UTC;,2;985,1;985,4;985;627,1;13,1;13,1;13,4;12,8;13,5;12,8;100;100;100;130;6,4;4,5;
2026/05/23;1900 UTC;1,2;985;985,2;984,8;669,1;13,3;13,3;13,8;13;13,8;13,1;100;100;100;132;5,4;3,7;
2026/05/23;2000 UTC;0;984,9;985;984,7;315,3;13,2;13,2;13,6;12,9;13,7;13;100;100;100;137;5,1;3,7;
2026/05/23;2100 UTC;0;985,1;985,2;985;38,7;12,9;13;13,1;12,9;13,2;12,9;100;100;100;128;5,3;3,5;
2026/05/23;2200 UTC;0;985,1;985,2;985;0;12,8;12,9;12,9;12,6;13;12,6;100;100;100;135;7,8;5,4;
2026/05/23;2300 UTC;0;985,3;985,4;985;0;12,3;12,4;12,5;12,1;12,6;12,2;100;100;100;132;6,3;4,5;
2026/05/24;0000 UTC;0;985,5;985,6;985,4;0;12,1;12,2;12,2;12,1;12,2;12,1;100;100;100;132;5,7;4,1;
2026/05/24;0100 UTC;0;985,7;985,8;985,5;0;12,1;12,2;12,2;12,1;12,2;12,2;100;100;100;135;5,2;3,8;
2026/05/24;0200 UTC;0;985,5;985,6;985,4;0;12,2;12,2;12,2;12,1;12,3;12,2;100;100;100;107;6,7;4,6;
2026/05/24;0300 UTC;0;985,4;985,6;985,1;0;12;12;12,2;11,8;12,2;11,9;100;100;100;109;4,9;3,8;
2026/05/24;0400 UTC;0;984,8;985,1;984,6;0;11,4;11,4;11,8;10,9;11,9;11;100;100;100;120;4,6;3,5;
2026/05/24;0500 UTC;0;984,5;984,6;984,4;0;10,8;10,9;11;10,7;11;10,7;100;100;100;120;3,5;2,5;
2026/05/24;0600 UTC;0;984,3;984,5;983,9;0;11,1;11,1;11,2;11;11,3;11;100;100;100;114;6;4,1;
2026/05/24;0700 UTC;0;983,7;984;983,5;0;11,2;11,3;11,2;11,2;11,3;11,2;100;100;100;101;4,7;3,4;
2026/05/24;0800 UTC;0;983,5;983,6;983,4;0;11,2;11,3;11,3;11,2;11,3;11,3;100;100;100;118;5,9;4,1;
2026/05/24;0900 UTC;0;983,5;983,7;983,4;0;11,1;11,2;11,2;11,1;11,3;11,1;100;100;100;111;4,6;3,1;
2026/05/24;1000 UTC;0;983,7;983,9;983,6;0;11,1;11,2;11,2;11;11,2;11,1;100;100;100;119;5,4;4;
2026/05/24;1100 UTC;0;984;984,4;983,7;32,4;11,1;11,2;11,3;11;11,4;11,1;100;100;100;107;4,8;3,3;
2026/05/24;1200 UTC;0;984,7;985;984,3;171,4;11,4;11,5;11,6;11,3;11,6;11,4;100;100;100;125;4,9;3,4;
2026/05/24;1300 UTC;0;984,7;985;984,5;562,7;11,9;11,9;12,7;11,3;12,8;11,4;100;100;100;110;6,5;4,8;
2026/05/24;1400 UTC;0;984,7;984,9;984,6;1426,9;13,2;13,2;14,1;12,5;13,9;12,6;100;98;100;95;7;5,4;
2026/05/24;1500 UTC;0;984,5;985;984,1;1686;14,7;12,8;15,3;14;14,3;12;99;85;90;88;8,2;5,9;
2026/05/24;1600 UTC;0;983,8;984,2;983,4;1586,6;15,8;12,3;16,9;14,9;13;11,6;88;77;82;91;7,8;5,4;
2026/05/24;1700 UTC;0;983,4;983,5;983,2;1958,1;17,3;12,2;18,9;16,4;13,3;11,5;79;68;75;58;7,3;4,7;
2026/05/24;1800 UTC;0;983,1;983,5;982,7;743;16,3;12;16,6;16,2;12,6;11,6;81;77;78;79;6,9;4,7;
2026/05/24;1900 UTC;0;982,5;982,7;982,3;496,5;16,3;12;16,7;16;12,3;11,7;80;76;79;91;6,1;4,2;
2026/05/24;2000 UTC;0;982,2;982,4;982;193,2;15,6;12,2;16;15,4;12,6;11,6;86;79;83;101;4,6;2,7;
2026/05/24;2100 UTC;0;982,1;982,3;982;51,9;15;12,5;15,4;14,4;12,7;12,3;90;86;88;114;4,5;3,6;
2026/05/24;2200 UTC;0;982,1;982,3;982;0;13,7;12,1;14,4;13,1;12,3;11,9;94;90;92;105;5,3;3,9;
2026/05/24;2300 UTC;0;982,3;982,4;982;0;12,7;11,8;13,1;12,4;12,1;11,6;97;94;96;107;6,4;4,6;
2026/05/25;0000 UTC;0;982,5;982,7;982,2;0;12;11,4;12,6;11,4;11,9;11;99;95;97;114;5,2;3,5;
2026/05/25;0100 UTC;0;983;983,1;982,7;0;11,5;11,2;11,8;11,1;11,5;10,9;99;98;99;112;4,8;3,4;
2026/05/25;0200 UTC;0;982,7;982,8;982,6;0;10,9;10,8;11,2;10,6;11,1;10,6;100;99;100;108;4,5;3,4;
2026/05/25;0300 UTC;0;982,7;982,8;982,6;0;10,4;10,5;10,7;10,2;10,8;10,3;100;100;100;110;3,5;2,5;
2026/05/25;0400 UTC;0;982,5;982,7;982,4;0;10,1;10,2;10,5;9,9;10,6;10;100;100;100;104;2,8;2,2;
2026/05/25;0500 UTC;0;982,4;982,5;982,3;0;10,2;10,2;10,5;9,8;10,5;9,9;100;100;100;119;2,9;2;
2026/05/25;0600 UTC;,2;982,1;982,4;981,9;,1;9,9;9,9;10,5;9,3;10,6;9,3;100;100;100;124;2,9;2,2;
2026/05/25;0700 UTC;0;981,9;982;981,8;0;9,7;9,7;10;9,4;10;9,4;100;100;100;127;3,2;2,4;
2026/05/25;0800 UTC;0;981,5;981,8;981,2;0;10,3;10,3;11;9,7;11;9,8;100;100;100;102;4,6;3,4;
2026/05/25;0900 UTC;0;981,3;981,5;981,3;0;11,2;11,2;11,3;11;11,4;11,1;100;100;100;112;3,6;2,9;
2026/05/25;1000 UTC;0;981,4;981,5;981,2;0;11,6;11,6;11,8;11,1;11,9;11,2;100;100;100;116;5,4;4,3;
2026/05/25;1100 UTC;0;981,5;981,7;981,2;54,6;11,8;11,8;12;11,6;12,1;11,6;100;100;100;112;5,7;4,4;
2026/05/25;1200 UTC;0;982;982,5;981,7;297,1;12,4;12,5;13;12;13;12;100;100;100;102;6,2;4,8;
2026/05/25;1300 UTC;0;982,7;982,9;982,5;841,3;13,5;13,5;14,1;12,9;14,1;13;100;100;100;94;7,4;5,5;
2026/05/25;1400 UTC;0;982,8;983;982,6;974;14,4;13,6;15;13,9;13,9;13,3;100;92;96;66;7,9;5,4;
2026/05/25;1500 UTC;0;982,4;982,9;981,9;1373,6;15,7;13,5;16,4;14,9;13,9;13;94;84;89;89;8,8;5,8;
2026/05/25;1600 UTC;0;981,8;982;981,5;1738,7;16,9;13,4;18;15,9;14,6;13;86;77;83;88;9,2;6,5;
2026/05/25;1700 UTC;0;981;981,6;980,6;896,3;16,8;13,4;17;16,5;14,1;12,9;86;80;83;105;7,2;5,6;
2026/05/25;1800 UTC;0;980,7;980,9;980,5;534,2;16,8;13,8;16,9;16,6;14;13,6;86;84;85;70;6,8;4,9;
2026/05/25;1900 UTC;0;980,4;980,9;980,1;616,6;17,1;13,8;17,5;16,9;14;13,6;85;80;83;84;7,2;5,5;
2026/05/25;2000 UTC;0;980,1;980,3;979,8;304,4;16,7;14,1;17;16,3;14,4;13,8;89;84;87;105;6,8;4,7;
2026/05/25;2100 UTC;0;980;980,2;979,8;39,4;16;14,1;16,3;15,6;14,3;14;92;90;91;108;5,6;4,3;
2026/05/25;2200 UTC;0;980,2;980,4;980;0;15,5;13,9;15,7;15,1;14,1;13,8;94;91;92;108;5,2;4,1;
2026/05/25;2300 UTC;,6;980,5;980,7;980,3;0;14,8;14;15,1;14,6;14,2;13,8;98;94;96;120;5,5;4,2;
2026/05/26;0000 UTC;,6;980,6;981;980,2;0;14,4;14,3;14,5;14,4;14,3;14,2;100;98;99;133;5,8;4,4;
2026/05/26;0100 UTC;,2;981,2;981,4;980,7;0;14,4;14,4;14,4;14,4;14,4;14,3;100;100;100;102;5,1;4;
2026/05/26;0200 UTC;1,8;981,2;981,4;981;0;14,4;14,5;14,4;14,4;14,5;14,4;100;100;100;108;4,7;3,1;
2026/05/26;0300 UTC;,2;980,8;981,1;980,3;0;14,3;14,3;14,4;14,2;14,4;14,2;100;100;100;107;3,7;2,7;
2026/05/26;0400 UTC;,2;980,2;980,3;980;0;14,2;14,3;14,3;14,2;14,3;14,2;100;100;100;115;4,3;3;
2026/05/26;0500 UTC;0;979,9;980,2;979,7;0;14,3;14,3;14,3;14,2;14,3;14,3;100;100;100;130;3;2,1;
2026/05/26;0600 UTC;0;980;980,2;979,8;0;14,3;14,3;14,3;14,2;14,3;14,3;100;100;100;145;2,8;2,4;
2026/05/26;0700 UTC;0;979,7;979,8;979,6;0;14;14,1;14,2;13,9;14,3;13,9;100;100;100;253;,8;,4;
2026/05/26;0800 UTC;0;979,6;979,7;979,5;0;13,8;13,9;14,1;13,6;14,1;13,7;100;100;100;222;4,5;3,4;
2026/05/26;0900 UTC;0;979,6;979,8;979,3;0;13,8;13,8;13,9;13,7;13,9;13,7;100;100;100;216;4,2;1,9;
2026/05/26;1000 UTC;0;980,2;980,4;979,8;0;13,7;13,7;13,7;13,6;13,8;13,6;100;100;100;181;6,2;3,6;
2026/05/26;1100 UTC;0;980,6;980,8;980,4;22,2;13,4;13,4;13,6;13,3;13,6;13,3;100;100;100;171;6,3;4;
2026/05/26;1200 UTC;0;980,8;981;980,5;206,4;13,4;13,5;13,7;13,1;13,8;13,2;100;100;100;159;5,4;3,4;
2026/05/26;1300 UTC;0;981,2;981,5;980,9;388,7;13,8;13,8;14;13,6;14;13,6;100;100;100;176;5,2;2,8;
2026/05/26;1400 UTC;0;981,6;981,7;981,5;801,4;14,2;14,3;14,6;14;14,6;14;100;100;100;173;7,1;4,6;
2026/05/26;1500 UTC;0;981,5;981,6;981,4;1173;14,4;14,4;14,8;14,2;14,8;14,1;100;99;100;172;6,6;4;
2026/05/26;1600 UTC;0;981,3;981,4;981,2;626,7;14,5;14,3;14,9;14,3;14,6;14,1;100;96;99;162;6,7;4,6;
2026/05/26;1700 UTC;,2;981;981,2;980,8;873,2;15,4;14,4;16,1;14,8;14,9;14;98;91;95;124;7,1;5,2;
2026/05/26;1800 UTC;1,2;980,6;980,8;980,5;456,1;14,6;14,4;15,1;14,3;14,8;14,1;100;98;99;133;9,4;5,4;
2026/05/26;1900 UTC;0;980,8;981;980,6;486,9;14,7;14,3;15,3;14,3;14,7;14;100;95;98;135;7,4;5,3;
2026/05/26;2000 UTC;,2;981,1;981,4;980,8;226,9;14,1;13,8;14,8;13,9;14,2;13,6;99;96;98;129;5,7;3,7;
2026/05/26;2100 UTC;0;981,7;982;981,4;31,7;13,8;13,8;13,9;13,7;13,9;13,7;100;99;100;145;5,4;4;
2026/05/26;2200 UTC;0;981,9;982;981,8;0;13,7;13,8;13,7;13,6;13,8;13,7;100;100;100;142;5,9;4,4;
2026/05/26;2300 UTC;0;982,2;982,4;982;0;13,6;13,6;13,7;13,4;13,7;13,5;100;100;100;148;6,7;4,8;
2026/05/27;0000 UTC;0;982,5;982,7;982,3;0;13,2;13,2;13,4;13,1;13,4;13,2;100;100;100;147;6,8;5,3;
2026/05/27;0100 UTC;0;983;983,1;982,7;0;13,1;13,1;13,1;13;13,2;13,1;100;100;100;144;7,2;5,2;
2026/05/27;0200 UTC;0;983,3;983,6;983;0;12,9;13;13;12,7;13,1;12,8;100;100;100;144;4,5;3,3;
2026/05/27;0300 UTC;0;983,6;983,7;983,5;0;12,8;12,9;12,9;12,7;12,9;12,8;100;100;100;132;4,2;3;
2026/05/27;0400 UTC;0;983,3;983,6;983,2;0;12,7;12,7;12,8;12,6;12,9;12,6;100;100;100;148;4,7;3,4;
2026/05/27;0500 UTC;0;983,4;983,4;983,2;0;12,4;12,5;12,6;12,1;12,6;12,2;100;100;100;158;4,2;3,1;
2026/05/27;0600 UTC;0;983,2;983,4;983;0;12;12,1;12,1;11,9;12,1;12;100;100;100;145;4,8;3,2;
2026/05/27;0700 UTC;0;983,1;983,3;982,9;0;11,8;11,9;12,1;11,8;12,1;11,8;100;100;100;143;4,8;3,4;
2026/05/27;0800 UTC;0;983,1;983,3;983;,1;11,7;11,8;11,9;11,6;12;11,6;100;100;100;140;5,4;3,6;
2026/05/27;0900 UTC;0;983;983,1;982,9;,1;11,6;11,6;11,6;11,4;11,7;11,5;100;100;100;134;4,4;2,6;
2026/05/27;1000 UTC;0;983,4;983,7;983,1;0;11,3;11,3;11,4;11,1;11,5;11,2;100;100;100;113;2,7;1,8;
2026/05/27;1100 UTC;0;983,8;983,9;983,7;34,7;11,2;11,2;11,3;11;11,4;11,1;100;100;100;143;4,2;3,3;
2026/05/27;1200 UTC;0;984,1;984,5;983,7;245,1;11,3;11,4;11,7;11,2;11,8;11,3;100;100;100;136;4,2;2,9;
2026/05/27;1300 UTC;0;984,7;984,9;984,4;596,2;11,7;11,7;12,3;11,2;12,4;11,3;100;100;100;131;4,5;3,1;
2026/05/27;1400 UTC;0;985,3;985,4;984,9;1134,3;12,6;12,6;13,4;12,1;13,4;12,2;100;100;100;137;2,6;1,7;
2026/05/27;1500 UTC;0;985,3;985,4;985,2;762,2;13;12,4;13,4;12,5;13,1;11,8;100;93;97;158;2,2;1,2;
2026/05/27;1600 UTC;0;984,9;985,2;984,6;739,8;13,9;11,7;14,5;13,4;12,4;11,3;94;85;89;131;2,9;1,8;
2026/05/27;1700 UTC;,2;984,3;984,6;983,9;1061,5;14,7;11,7;14,9;14,5;12,7;10,9;90;81;85;136;4,4;3;
2026/05/27;1800 UTC;0;983,8;983,9;983,6;916,6;14,9;11,7;15,2;14,7;12,1;11,2;87;82;84;139;5,7;3,8;
2026/05/27;1900 UTC;0;983,5;983,6;983,3;997;15,1;11,6;15,6;14,7;12,3;11,1;86;80;83;125;5,2;3,6;
2026/05/27;2000 UTC;0;983,4;983,6;983,2;364,3;14,6;12,2;15,7;14,1;12,6;11,5;93;79;88;154;3,8;2,8;
2026/05/27;2100 UTC;0;983,6;983,7;983,5;28;13,6;12,5;14,1;12,9;12,7;12,3;97;92;95;152;4,7;3,6;
2026/05/27;2200 UTC;0;983,7;983,9;983,6;0;12,6;12,5;12,8;12,5;12,7;12,2;100;97;99;137;4,6;3,6;
2026/05/27;2300 UTC;0;983,8;983,9;983,7;0;12,4;12,4;12,6;12,1;12,6;12,1;100;100;100;141;6,3;4,6;
2026/05/28;0000 UTC;0;983,9;984;983,8;0;12;12;12,1;11,8;12,2;11,9;100;100;100;129;6,4;4,7;
2026/05/28;0100 UTC;0;983,9;984;983,9;0;11,5;11,5;11,8;11,2;11,9;11,2;100;100;100;122;5,8;4,7;
2026/05/28;0200 UTC;0;984,2;984,4;983,9;0;11,1;11,1;11,2;11;11,3;11;100;100;100;118;6,1;4,3;
2026/05/28;0300 UTC;0;984;984,3;983,7;0;11,4;11,4;11,4;11,2;11,5;11,3;100;100;100;115;5,8;4,3;
2026/05/28;0400 UTC;0;983,6;983,8;983,4;0;11,5;11,5;11,5;11,4;11,5;11,5;100;100;100;103;4,1;3,1;
2026/05/28;0500 UTC;0;983,3;983,5;983,2;0;11,4;11,5;11,5;11,3;11,6;11,4;100;100;100;96;5;3,2;
2026/05/28;0600 UTC;0;983,1;983,3;982,9;0;11,3;11,4;11,3;11,3;11,4;11,4;100;100;100;88;4,2;3,1;
2026/05/28;0700 UTC;0;983;983,1;982,9;0;11,3;11,3;11,3;11,2;11,4;11,3;100;100;100;106;2,4;1,8;
2026/05/28;0800 UTC;0;982,9;983;982,8;0;11,2;11,3;11,3;11,2;11,3;11,3;100;100;100;106;1,6;1,2;
2026/05/28;0900 UTC;0;982,9;983;982,8;0;11,2;11,3;11,3;11,1;11,3;11,1;100;100;100;60;2,9;1,7;
2026/05/28;1000 UTC;0;983,1;983,3;983;0;11,2;11,2;11,3;11;11,3;11;100;100;100;51;3,2;2,2;
2026/05/28;1100 UTC;0;983,5;983,7;983,3;21,8;10,8;10,9;11;10,7;11;10,7;100;100;100;170;1,5;1,1;
2026/05/28;1200 UTC;0;983,7;983,8;983,5;179,5;11,2;11,1;11,8;10,7;11,4;10,8;100;96;99;136;3,4;2,3;
2026/05/28;1300 UTC;0;984,1;984,4;983,9;381,1;12;11,3;12,4;11,8;11,7;11;98;95;96;124;3;2,2;
2026/05/28;1400 UTC;0;984,4;984,5;984,2;532,9;12,8;10,5;13,2;12,4;11,4;9,4;94;82;89;83;4,3;2,4;
2026/05/28;1500 UTC;0;984,2;984,5;984;692,7;13,4;9,9;13,6;13,1;10,8;9,3;87;79;83;86;5,3;3,9;
2026/05/28;1600 UTC;0;983,6;984;983,2;759,7;13,7;9,6;14;13,3;10,3;9;84;76;79;90;5,6;3,3;
2026/05/28;1700 UTC;0;982,7;983,1;982,3;994,4;14,3;9,7;14,6;13,9;10,4;9,1;82;73;77;109;5,7;3,6;
2026/05/28;1800 UTC;0;982,1;982,3;981,8;866,4;14,3;9,3;14,5;14,2;9,6;8,7;77;72;75;91;5,4;3,2;
2026/05/28;1900 UTC;0;981,9;982;981,8;447;14;9,3;14,4;13,8;9,9;8,8;79;74;76;102;4,8;3,2;
2026/05/28;2000 UTC;0;982;982,1;981,8;251,4;13,6;9;13,9;13,2;9,5;8,5;80;76;77;93;6,4;4,7;
2026/05/28;2100 UTC;0;982,3;982,4;982,1;44,1;12,7;9;13,2;12;9,4;8,5;87;77;81;98;3,1;2,5;
2026/05/28;2200 UTC;0;982,5;982,7;982,4;0;11,3;9,1;12;10,6;9,4;8,8;93;86;89;107;3,1;2,4;
2026/05/28;2300 UTC;0;982,9;983;982,7;0;11,7;10,3;12;10,9;11,5;9,4;97;91;93;116;8,6;5,9;
2026/05/29;0000 UTC;0;982,9;983,2;982,5;0;11,8;11,5;12;11,5;11,7;11,1;99;98;99;112;9,2;6,8;
2026/05/29;0100 UTC;0;983,1;983,2;983;0;11,3;11;11,5;11,2;11,2;10,8;98;98;98;113;7,7;5,9;
2026/05/29;0200 UTC;0;983,4;983,7;983,1;0;11,2;10,8;11,2;11,1;10,9;10,7;98;98;98;103;6,6;4,2;
2026/05/29;0300 UTC;0;983,7;983,8;983,5;0;11,1;10,8;11,1;11;10,8;10,8;99;98;98;119;5,3;4;
2026/05/29;0400 UTC;0;983,7;983,8;983,5;0;11;10,8;11,1;11;10,9;10,8;99;99;99;110;4,2;2,8;
2026/05/29;0500 UTC;0;983,5;983,6;983,3;0;11;10,9;11;11;10,9;10,8;100;99;99;117;5,3;3,6;
2026/05/29;0600 UTC;0;983,4;983,5;983,3;0;11;10,9;11;11;11;10,9;100;100;100;106;5,7;3,8;
2026/05/29;0700 UTC;0;983,1;983,4;982,7;0;10,9;10,9;11;10,7;11;10,6;100;99;100;120;5,6;4,5;
2026/05/29;0800 UTC;0;982,6;982,8;982,5;0;10,6;10,6;10,7;10,5;10,8;10,5;100;100;100;121;5,7;4,4;
2026/05/29;0900 UTC;0;982,7;982,8;982,5;0;10,5;10,5;10,6;10,4;10,7;10,4;100;100;100;110;6,5;4,7;
2026/05/29;1000 UTC;0;982,7;982,9;982,6;0;10,7;10,8;10,8;10,6;10,8;10,6;100;100;100;113;7,4;5,3;
2026/05/29;1100 UTC;0;983,5;983,9;982,8;31,4;10,3;10,4;10,7;10,1;10,7;10,1;100;100;100;135;4,9;3,6;
2026/05/29;1200 UTC;0;984;984,4;983,9;126,6;10,6;10,6;10,9;10,3;11;10,4;100;100;100;113;5,7;4;
2026/05/29;1300 UTC;0;984,6;984,8;984,3;273,2;11,3;11,3;11,7;10,9;11,8;11;100;100;100;112;6,4;4,4;
2026/05/29;1400 UTC;0;984,8;985;984,7;422,6;12;12,1;12,6;11,7;12,6;11,7;100;100;100;89;6,9;4,4;
2026/05/29;1500 UTC;0;984;984,7;983,6;1007,8;13,2;12,4;14,1;12,6;13;11,6;100;88;96;88;8,5;6,5;
2026/05/29;1600 UTC;0;983,5;983,8;983,1;673,3;14,2;11,7;14,8;14;12;11,5;89;85;88;91;6,9;4,6;
2026/05/29;1700 UTC;0;983,3;983,4;983,1;776,8;15;11,8;15,2;14,8;12,2;11,4;86;81;84;89;6,5;3,9;
2026/05/29;1800 UTC;0;982,5;983,1;982,1;836,3;15,3;12,4;15,7;15,1;12,8;11,9;87;83;85;104;7,3;4,9;
2026/05/29;1900 UTC;0;981,7;982,2;981,3;494,5;15,5;12,8;15,6;15,4;13,1;12,6;88;85;87;97;8,5;5,8;
2026/05/29;2000 UTC;0;982,3;982,5;981,8;96,6;15,1;12,3;15,4;14,7;12,6;12;88;85;86;104;6,7;4,7;
2026/05/29;2100 UTC;0;982,3;982,5;982,1;7,9;14,4;11,9;14,7;14,1;12,2;11,6;89;87;88;98;6,7;5;
2026/05/29;2200 UTC;0;982,6;982,9;982,2;0;14,1;11,2;14,2;13,9;11,6;10,9;88;84;86;96;7;5;
2026/05/29;2300 UTC;0;982,7;983;982,4;0;13,7;11,1;14,1;13,6;11,2;10,9;88;85;87;101;8,1;4,9;
2026/05/30;0000 UTC;0;982,8;983,1;982,6;0;13,5;11,3;13,7;13,3;11,4;11,2;90;87;89;108;6,6;4,7;
2026/05/30;0100 UTC;0;983,1;983,3;983;0;13,3;11,5;13,4;13,2;11,6;11,4;92;90;91;112;6,2;4,6;
2026/05/30;0200 UTC;0;983,2;983,4;983;0;13,2;11,8;13,3;13;12;11,6;95;92;93;108;4,7;3,7;
2026/05/30;0300 UTC;0;983,3;983,4;983,1;0;12,9;12,2;13;12,9;12,3;12;97;95;96;114;5,2;4;
2026/05/30;0400 UTC;0;983;983,1;982,8;0;12,9;12,6;13;12,8;12,9;12,2;100;97;99;112;5,8;4,5;
2026/05/30;0500 UTC;0;982,7;982,8;982,6;0;12,8;12,9;12,9;12,6;12,9;12,6;100;100;100;112;5,2;3,8;
2026/05/30;0600 UTC;0;982,6;982,7;982,5;0;12,6;12,6;12,7;12,5;12,8;12,5;100;100;100;118;4,2;3;
2026/05/30;0700 UTC;0;982,4;982,6;982,3;0;12,9;12,9;13;12,7;13;12,8;100;100;100;111;4,6;3,2;
2026/05/30;0800 UTC;0;982,2;982,3;982,1;0;13;13;13,1;12,9;13,2;12,9;100;100;100;111;5,8;4,1;
2026/05/30;0900 UTC;0;982,4;982,5;982,2;0;13,2;13,2;13,2;13,1;13,2;13,2;100;100;100;102;5,4;4,1;
2026/05/30;1000 UTC;0;982,6;982,8;982,4;0;13,1;13,2;13,2;13;13,2;13,1;100;100;100;107;5;3,5;
2026/05/30;1100 UTC;0;983;983,2;982,7;28,7;13,1;13,2;13,2;13;13,3;13,1;100;100;100;101;5,4;4,1;
2026/05/30;1200 UTC;0;983,3;983,6;983,1;227,2;13,4;13,4;13,7;13,2;13,5;13,3;100;99;100;108;4,5;3,4;
2026/05/30;1300 UTC;0;983,8;983,9;983,6;523,7;14,2;13,4;14,6;13,6;13,7;13,1;99;93;96;100;6;4,5;
2026/05/30;1400 UTC;0;983,9;984;983,8;1217,3;15,6;13,1;16,7;14,6;13,8;12,7;94;83;87;85;4,9;3,4;
2026/05/30;1500 UTC;0;983,5;983,8;983,2;1725,8;16,9;13,1;18,1;15,8;13,7;12,5;85;75;81;101;4,5;2,6;
2026/05/30;1600 UTC;0;983;983,3;982,7;1979,4;18;13;18,6;17,7;13,6;12,5;79;72;75;122;3,9;2;
2026/05/30;1700 UTC;0;982,3;982,7;981,9;1507,9;18,1;13,1;18,8;17,5;13,8;12,6;80;71;75;146;3,8;2,5;
2026/05/30;1800 UTC;0;981,6;981,9;981,4;414,9;17,2;13,3;17,5;17;13,6;12,9;82;78;80;124;2,7;1,9;
2026/05/30;1900 UTC;0;981,4;981,5;981,4;188,1;16,7;13,3;17,1;16,3;13,5;13;86;80;83;151;3,7;2,8;
2026/05/30;2000 UTC;0;981,4;981,5;981,4;55,3;16;13,7;16,3;15,9;13,9;13,4;90;86;88;148;3,4;2,2;
2026/05/30;2100 UTC;0;981,4;981,5;981,4;25,8;15,4;13,7;16;15,1;13,9;13,5;94;88;92;138;1,8;1,4;
2026/05/30;2200 UTC;0;981,7;981,9;981,3;0;15,1;13,6;15,1;14,7;13,8;13,4;94;92;93;139;2;1,7;
2026/05/30;2300 UTC;0;981,8;982;981,7;0;14,4;13,4;14,7;14,2;13,5;13,1;96;94;95;136;2,1;1,7;
2026/05/31;0000 UTC;0;981,8;982;981,7;0;14,1;13,3;14,3;13,7;13,6;13;98;95;96;130;2;1,5;
2026/05/31;0100 UTC;0;982;982,1;981,8;0;14,5;13,5;14,6;14,2;13,6;13,2;96;94;95;134;1,2;,8;
2026/05/31;0200 UTC;0;981,8;981,8;981,7;0;14,2;13,2;14,6;13,8;13,6;12,7;97;91;95;145;,5;,2;
2026/05/31;0300 UTC;0;981,8;981,8;981,7;0;14,8;12,5;15,1;14,6;12,8;12,4;91;87;88;211;,7;,3;
2026/05/31;0400 UTC;0;981,6;981,7;981,6;0;14,6;12,5;14,8;14,2;12,6;12,4;91;88;89;263;,7;,5;
2026/05/31;0500 UTC;0;981,5;981,6;981,5;0;14,5;12,7;14,7;14,3;12,9;12,5;92;89;91;304;1,9;1,4;
2026/05/31;0600 UTC;0;981,2;981,5;981;0;13,7;12,9;14,3;13,4;13,1;12,8;98;92;96;263;2,1;1,6;
2026/05/31;0700 UTC;0;980,9;981;980,8;0;12,9;12,7;13,7;12,2;13,1;12,2;100;96;99;313;3,2;2,4;
2026/05/31;0800 UTC;0;980,9;981;980,8;0;12,3;12,3;12,5;12,1;12,5;12,1;100;100;100;316;3;2,4;
2026/05/31;0900 UTC;0;980,9;980,9;980,8;0;12,2;12,3;12,3;12;12,4;12,1;100;100;100;291;2,6;1,6;
2026/05/31;1000 UTC;0;981,1;981,4;980,9;0;12,3;12,4;12,4;12,3;12,4;12,3;100;100;100;304;2,8;2,2;
2026/05/31;1100 UTC;0;981,6;981,9;981,4;69,8;12,3;12,3;12,6;12,1;12,6;12,1;100;100;100;302;3,4;2,1;
2026/05/31;1200 UTC;0;982,2;982,3;981,9;280,8;13,2;16,4;13,6;12,7;;12,7;100;100;100;294;2;1;
2026/05/31;1300 UTC;0;982,6;982,8;982,3;203,2;13,3;13,4;13,5;13,1;13,6;13,1;100;100;100;231;2,7;1,6;
2026/05/31;1400 UTC;,2;983;983,1;982,8;419,6;13,4;13,4;13,7;13;13,7;13,1;100;100;100;306;2,8;1,9;
2026/05/31;1500 UTC;0;982,6;982,9;982,5;567,3;13,2;13,2;13,6;12,8;13,7;12,9;100;100;100;272;4,2;2,2;
2026/05/31;1600 UTC;0;982,2;982,5;981,9;1430,4;14;13,8;15;13,3;15;13,2;100;95;99;292;5,4;3,4;
2026/05/31;1700 UTC;0;981,8;981,9;981,5;2016,4;14,9;13,1;15,6;14,4;13,9;12,6;95;87;91;297;5,6;4;
2026/05/31;1800 UTC;0;981,2;981,6;981;1512,5;15;12,4;15,9;14,4;13,3;12;89;83;87;289;4,6;3,2;
2026/05/31;1900 UTC;0;980,9;981;980,8;1025,4;15,1;11,8;15,6;14,6;12,3;11,5;87;81;84;278;5,2;2,6;
2026/05/31;2000 UTC;0;980,9;980,9;980,8;446,3;14,7;11,7;15,5;13,9;12,1;11,4;90;80;85;284;3,6;2,8;
2026/05/31;2100 UTC;0;980,9;981,1;980,8;75,4;13,3;11,2;14,5;12,2;11,5;10,8;94;85;89;263;2,7;2,1;
2026/05/31;2200 UTC;0;981,4;981,7;981,1;0;12,1;11;12,5;11,9;11,5;10,6;96;93;94;279;4,1;2,5;
2026/05/31;2300 UTC;0;981,9;982;981,7;0;12,4;11,6;12,5;12,3;11,8;11,5;97;95;96;266;4;2,6;
2026/06/01;0000 UTC;0;982,1;982,2;982;0;12,5;11,9;12,6;12,4;12,1;11,8;98;96;97;257;4,6;3;
2026/06/01;0100 UTC;0;982;982,1;981,9;0;12;11,9;12,4;11,5;12,1;11,6;100;98;100;190;5,1;2,9;
2026/06/01;0200 UTC;0;982;982,1;981,8;0;11,2;11,3;11,5;10,9;11,5;10,9;100;100;100;171;5,7;4,1;
2026/06/01;0300 UTC;0;982;982,2;981,9;0;10,8;10,6;10,9;10,8;10,8;10,5;100;98;99;161;6,1;4,2;
2026/06/01;0400 UTC;0;982,3;982,3;982,2;0;10,7;10,3;10,8;10,6;10,5;10,2;99;97;98;162;5,6;4,2;
2026/06/01;0500 UTC;0;982,3;982,3;982,2;0;10,5;10,2;10,6;10,5;10,5;9,9;100;97;98;162;5,4;3,7;
2026/06/01;0600 UTC;0;982,2;982,3;982;0;10,5;9,9;10,5;10,4;10;9,7;98;96;97;161;4,8;3;
2026/06/01;0700 UTC;0;982;982,2;981,9;0;10,3;9,7;10,4;10,2;9,9;9,4;98;96;97;155;4,1;2,7;
2026/06/01;0800 UTC;0;982,1;982,2;982;0;10,1;9,3;10,2;9,9;9,4;9,2;97;95;96;170;6,3;3,3;
2026/06/01;0900 UTC;;;;;;;;;;;;;;;;;;
2026/06/01;1000 UTC;0;982,8;982,9;982,7;0;9,6;8,8;9,7;9,5;9,1;8,3;97;93;96;164;5;3,3;
2026/06/01;1100 UTC;0;983,2;983,5;982,9;18,1;9,8;8,4;9,9;9,6;8,7;8;95;91;93;173;4,8;3,6;
2026/06/01;1200 UTC;0;983,6;983,9;983,4;239,8;10;8,3;10,6;9,7;8,8;7,8;95;88;92;153;4,2;3,2;
2026/06/01;1300 UTC;0;984,4;985;983,9;578,3;10,9;8,2;11,4;10,6;8,6;7,8;90;83;86;155;5;3,6;
2026/06/01;1400 UTC;0;985,2;985,3;985;789,2;11,7;8,4;12,1;11,3;8,9;7,8;87;80;83;168;4,5;2,8;
2026/06/01;1500 UTC;0;985,2;985,3;985;1737,8;12,9;8,4;13,5;12;9;7,6;83;73;78;157;4,9;2,9;
2026/06/01;1600 UTC;0;984,8;985,1;984,4;1796,3;13,6;8,2;14,6;13,1;9;7,5;76;69;73;158;5,3;2,7;
2026/06/01;1700 UTC;0;984,1;984,4;983,8;906,3;13,3;8,5;14,4;12,9;9,1;7,8;79;69;76;173;4,2;2,2;
2026/06/01;1800 UTC;0;983,9;984;983,8;375,9;12,6;9,2;13,2;12,3;9,7;8,4;86;76;83;165;5,2;3,1;
2026/06/01;1900 UTC;0;984;984;983,9;341,1;12,6;9,6;12,8;12,4;10;9,2;87;83;85;162;5,5;3,7;
2026/06/01;2000 UTC;0;984,1;984,2;983,9;110,6;12,3;9,5;12,7;12,1;9,7;9,2;88;83;86;152;6,2;4,1;
2026/06/01;2100 UTC;0;984,3;984,6;984,1;13,8;11,9;9,7;12,1;11,7;9,9;9,5;91;88;89;153;4,4;3,5;
2026/06/01;2200 UTC;0;984,9;985,1;984,6;0;11,7;9,9;11,7;11,6;10;9,8;92;90;91;147;5;3,6;
2026/06/01;2300 UTC;0;985,2;985,3;985,1;0;11,4;9,7;11,6;10,9;10;9,5;94;90;92;145;6,5;4,7;
2026/06/02;0000 UTC;0;985,5;985,8;985,3;0;10,5;9,8;10,9;10,2;10;9,6;98;95;97;152;4,5;3,4;
2026/06/02;0100 UTC;0;985,8;985,9;985,8;0;10,5;10,1;10,6;10,2;10,2;9,8;99;98;98;134;3,6;2,6;
2026/06/02;0200 UTC;0;985,8;985,9;985,7;0;10,5;10,4;10,7;10,4;10,7;10,2;100;99;99;130;4,8;3,3;
2026/06/02;0300 UTC;0;985,9;986;985,7;0;10,7;10,8;10,8;10,6;10,9;10,6;100;100;100;128;3,6;2,4;
2026/06/02;0400 UTC;,2;985,8;986;985,6;0;10,9;11;11;10,8;11,1;10,9;100;100;100;122;4,4;3,5;
2026/06/02;0500 UTC;,2;985,7;985,7;985,5;0;11,1;11,1;11,2;11;11,3;11;100;100;100;133;4,2;3;
2026/06/02;0600 UTC;0;985,7;985,9;985,5;0;11,4;11,5;11,5;11,2;11,6;11,3;100;100;100;124;5,2;3,5;
2026/06/02;0700 UTC;,2;985,6;985,9;985,3;0;11,5;11,6;11,6;11,5;11,6;11,5;100;100;100;116;8,1;5,9;
2026/06/02;0800 UTC;,2;985,6;985,8;985,2;0;11,5;11,5;11,6;11,3;11,6;11,4;100;100;100;118;7,7;5,7;
2026/06/02;0900 UTC;0;985,6;985,7;985,4;0;11,3;11,4;11,4;11,2;11,4;11,3;100;100;100;121;8,3;5,8;
2026/06/02;1000 UTC;0;985,7;986,1;985,3;0;11,3;11,3;11,3;11,2;11,3;11,3;100;100;100;125;6,1;4,6;
2026/06/02;1100 UTC;0;986,5;987;986;27,5;11,3;11,4;11,4;11,2;11,5;11,3;100;100;100;122;8,4;5,7;
2026/06/02;1200 UTC;0;987,3;987,6;986,9;301,6;11,7;11,6;12,1;11,4;11,8;11,5;100;98;100;114;7,2;5,5;
2026/06/02;1300 UTC;0;987,8;987,9;987,5;896,9;12,7;11,5;13,4;12,1;11,9;10,9;98;89;94;99;9,9;7,1;
2026/06/02;1400 UTC;0;988,2;988,6;987,8;1639,9;14,2;10,8;15,6;13,4;11,6;10;88;76;83;98;9,2;6,9;
2026/06/02;1500 UTC;0;988,2;988,6;987,9;1488;14,8;10,6;15,7;14,1;11,2;10,2;84;74;79;102;9,8;6,9;
2026/06/02;1600 UTC;0;987,5;988,1;987,1;1212,8;14,9;10,9;16,1;14,1;11,7;10,4;84;75;80;100;9,7;6,5;
2026/06/02;1700 UTC;0;986,9;987,1;986,7;979;15,2;11,1;16,1;14,7;12;10,5;83;76;79;96;8,6;6,6;
2026/06/02;1800 UTC;0;986,7;986,8;986,4;671,7;14,8;10,5;14,9;14,6;11;10,2;81;77;79;101;8,8;6,6;
2026/06/02;1900 UTC;0;986,4;986,6;986,2;423,3;14,4;10,4;14,6;14,2;10,7;10,1;82;78;80;109;8,4;5,6;
2026/06/02;2000 UTC;0;986,6;986,9;986,4;198,1;14,1;11,2;14,3;14;11,5;10,5;88;81;86;123;4,8;3,5;
2026/06/02;2100 UTC;0;986,7;986,9;986,6;23,4;13,6;11;13,9;13,2;11,4;10,6;89;86;87;109;5,8;3,9;
2026/06/02;2200 UTC;0;986,7;986,8;986,6;0;12,6;10,8;13,2;12,2;11,1;10,5;92;89;91;115;6,2;4,6;
2026/06/02;2300 UTC;0;986,9;987,1;986,7;0;11,8;10,9;12,2;11,7;11,2;10,7;97;93;95;120;6,2;4,9;
2026/06/03;0000 UTC;0;987,1;987,2;987;0;12;11,1;12,1;11,8;11,3;10,8;96;95;96;118;6,8;5,3;
2026/06/03;0100 UTC;0;986,8;987,1;986,6;0;12,1;11,6;12,2;12;12,1;11,3;100;96;98;105;9;5,7;
2026/06/03;0200 UTC;0;987,1;987,4;986,8;0;12,3;12,4;12,5;12,2;12,5;12,1;100;100;100;110;8,1;5,5;
2026/06/03;0300 UTC;0;987,4;987,5;987,4;0;12,6;12,6;12,6;12,6;12,6;12,6;100;100;100;102;7,8;5,9;
2026/06/03;0400 UTC;0;987,1;987,4;986,9;0;12,6;12,6;12,6;12,5;12,6;12,6;100;100;100;102;7,4;5,3;
2026/06/03;0500 UTC;0;986,8;987,1;986,6;0;12,7;12,7;12,8;12,6;12,8;12,7;100;100;100;94;8,4;5,7;
2026/06/03;0600 UTC;0;986,4;986,7;986;0;12,9;13;13;12,8;13;12,8;100;100;100;89;9,3;6,2;
2026/06/03;0700 UTC;0;986,2;986,4;985,8;0;13;13;13,1;12,9;13,1;13;100;100;100;91;7,3;5,3;
2026/06/03;0800 UTC;0;985,9;986,1;985,7;0;13,1;13,1;13,2;13;13,2;13,1;100;100;100;95;6,5;4,5;
2026/06/03;0900 UTC;,2;985,7;986;985,4;0;13,2;13,3;13,3;13,1;13,3;13,2;100;100;100;95;6,7;4,5;
2026/06/03;1000 UTC;0;985,8;986,2;985,5;0;13,3;13,4;13,4;13,3;13,5;13,3;100;100;100;97;6,5;4,5;
2026/06/03;1100 UTC;0;986,3;986,6;986,2;17,4;13,5;13,5;13,6;13,4;13,6;13,5;100;100;100;100;7,2;5,1;
2026/06/03;1200 UTC;0;986,8;987,1;986,6;139,9;13,7;13,8;13,9;13,6;14;13,6;100;100;100;97;6,6;4,9;
2026/06/03;1300 UTC;0;987,3;987,5;987;349,2;14,1;14,1;14,3;13,9;14,3;13,9;100;99;100;88;7,6;5,6;
2026/06/03;1400 UTC;,2;987,4;987,6;987,2;817,1;14,8;14,3;15,4;14,3;14,8;13,8;99;94;98;92;8,8;5,9;
2026/06/03;1500 UTC;0;987,2;987,5;986,9;805;15,3;14,3;15,6;15,1;14,8;13,9;96;93;95;90;8,2;5,8;
2026/06/03;1600 UTC;0;986,6;987;986,1;901,2;16;14,2;16,5;15,6;14,8;13,7;94;86;91;85;8,1;5,8;
2026/06/03;1700 UTC;0;986;986,2;985,7;914,4;16,6;13,8;17,1;16,2;14,3;13,4;89;81;86;80;7,8;5,6;
2026/06/03;1800 UTC;0;985,6;985,8;985,3;1051,4;17,2;13,3;18;16,9;14,1;12,8;84;76;81;63;8,6;6,3;
2026/06/03;1900 UTC;0;985,5;985,6;985,3;435;16,4;13,3;16,8;16,2;13,7;13;87;81;84;75;7,3;5,4;
2026/06/03;2000 UTC;0;985,6;985,7;985,5;184,6;16;13,5;16,1;15,8;13,7;13;90;84;88;98;4,5;3,4;
2026/06/03;2100 UTC;0;985,8;986;985,6;59,7;14,6;13,4;15,8;13,6;13,6;13;98;89;94;125;3,6;3,1;
2026/06/03;2200 UTC;0;986,1;986,3;986;0;13,6;13,3;13,7;13,4;13,5;13;100;97;99;135;3,4;2,5;
2026/06/03;2300 UTC;0;986,4;986,7;986,3;0;13,9;13,9;14,3;13,4;14,2;13,1;100;99;100;115;5,2;3,8;
2026/06/04;0000 UTC;0;986,8;987;986,7;0;13,4;13,4;13,9;13,2;13,8;13,2;100;100;100;97;6,3;4,4;
2026/06/04;0100 UTC;0;986,8;987;986,7;0;13,4;13,4;13,8;13,1;13,9;13;100;99;100;87;8,9;5;
2026/06/04;0200 UTC;0;987;987,2;986,5;0;13,9;13,6;13,9;13,8;13,8;13,5;100;98;99;81;9,5;6,8;
2026/06/04;0300 UTC;0;987,3;987,5;987,1;0;13,8;13,5;13,9;13,8;13,6;13,3;99;98;99;71;8,6;5,5;
2026/06/04;0400 UTC;0;987,3;987,5;987,2;0;13,8;13,3;13,9;13,8;13,3;13,2;98;97;97;79;7,3;4,9;
2026/06/04;0500 UTC;0;987,2;987,4;987,1;0;13,8;13,2;13,9;13,8;13,3;13;97;96;97;65;5,9;4,2;
2026/06/04;0600 UTC;0;987;987,2;986,8;0;13,5;13;13,8;13,1;13,2;12,8;98;97;97;0;6;4;
2026/06/04;0700 UTC;0;986,8;986,9;986,7;0;12,7;12,4;13,1;12,2;12,8;11,9;99;98;99;104;4,8;3,3;
2026/06/04;0800 UTC;0;986,7;986,9;986,6;0;12;11,9;12,3;11,5;12,3;11,4;100;99;100;92;5,8;3,7;
2026/06/04;0900 UTC;0;986,5;986,7;986,4;0;12,9;12,8;13;12,3;13;12,4;100;99;100;82;6,6;4,3;
2026/06/04;1000 UTC;0;986,8;986,9;986,6;0;12,5;12,4;12,9;12,1;12,8;12,1;100;99;100;92;5,4;3,4;
2026/06/04;1100 UTC;0;987,1;987,3;986,9;25,7;12,9;13;13,1;12,6;13,2;12,6;100;100;100;71;6,5;4,4;
2026/06/04;1200 UTC;0;987,5;987,6;987,3;187,4;13,3;13,3;13,3;13,2;13,4;13,2;100;100;100;65;7,6;5,6;
2026/06/04;1300 UTC;0;987,8;988;987,6;958,8;14,5;13,7;15,7;13,3;14;13,4;100;89;96;57;7,8;5,4;
2026/06/04;1400 UTC;0;988,1;988,1;988;1600,5;17;13,8;18,4;15,7;14,4;13,2;90;79;84;38;6,2;4,1;
2026/06/04;1500 UTC;0;987,9;988;987,8;1907,3;18,9;14,2;20,1;17,9;14,7;13,5;80;71;77;36;4,5;3,1;
2026/06/04;1600 UTC;0;987,5;987,9;987;2078,4;20,4;14,6;21;19,9;15,3;13,8;74;69;71;60;5,3;3,7;
2026/06/04;1700 UTC;0;986,8;987,1;986,4;1967,2;21,2;14,6;21,5;20,5;15;14,2;71;65;67;47;4,6;2,6;
2026/06/04;1800 UTC;0;986,1;986,4;986;1629,5;21,2;14,3;21,6;20,8;15;13,6;68;62;66;67;5,1;3,4;
2026/06/04;1900 UTC;0;985,8;986;985,7;1126,6;20,6;14,4;21,2;19,8;15;14;74;65;69;78;5,5;4;
2026/06/04;2000 UTC;0;985,5;985,7;985,3;432,2;18,8;14,5;19,7;17,8;14,6;14,3;83;73;78;88;4,3;3,2;
2026/06/04;2100 UTC;0;985,5;985,6;985,4;50,2;16,3;14;17,7;15,2;14,4;13,4;93;83;89;120;3,4;2,8;
2026/06/04;2200 UTC;0;985,3;985,5;985,1;0;14,7;13,7;15,2;14,1;14;13,4;98;93;95;112;3,2;2,4;
2026/06/04;2300 UTC;0;985,4;985,6;985,2;0;14;13,4;14,2;13,8;13,8;13,1;98;96;97;116;3,1;1,8;
2026/06/05;0000 UTC;0;985,6;985,6;985,4;0;13,8;13,4;14,2;13,3;13,6;13,1;99;96;98;94;3,1;2,3;
2026/06/05;0100 UTC;0;985,2;985,4;985,1;0;13,4;13,3;13,6;13,2;13,6;12,9;100;99;99;106;3,9;2,1;
2026/06/05;0200 UTC;0;985,1;985,2;985,1;0;13,1;13;13,3;12,8;13,4;12,7;100;99;100;108;2,9;1,7;
2026/06/05;0300 UTC;0;984,9;985,1;984,7;0;12,9;13;13,3;12,5;13,4;12,6;100;100;100;62;3,6;2,3;
2026/06/05;0400 UTC;0;984,4;984,7;984,1;0;12,9;12,9;13,4;12,5;13,5;12,5;100;100;100;44;5,6;3,7;
2026/06/05;0500 UTC;0;984,1;984,2;983,9;0;13,5;13,1;13,7;13,3;13,6;12,6;100;96;98;39;5,5;2,8;
2026/06/05;0600 UTC;0;983,9;984,1;983,8;0;12,7;12,2;13,2;12,3;12,6;11,7;99;96;98;278;2,4;1,1;
2026/06/05;0700 UTC;0;983,7;983,8;983,6;0;12,2;11,8;12,7;11,6;12,3;11,2;100;96;98;288;2,5;1,6;
2026/06/05;0800 UTC;0;983,5;983,6;983,4;0;12,2;11,7;12,6;11,6;12,1;11;99;96;97;265;2,9;1,8;
2026/06/05;0900 UTC;0;983,4;983,5;983,2;0;12,3;11,6;12,7;11,7;11,9;11,1;99;93;96;176;,8;,4;
2026/06/05;1000 UTC;0;983,4;983,5;983,3;0;12,7;11,6;13,3;12,3;12,2;11,1;96;92;94;62;1,6;,8;
2026/06/05;1100 UTC;0;983,6;983,7;983,5;40,9;13,8;12,3;14,4;13,4;12,7;11,9;95;90;93;310;2,1;,9;
2026/06/05;1200 UTC;0;984;984,3;983,7;593,9;15,9;13,3;17;14,4;14,2;12,4;91;84;87;302;2,5;1,1;
2026/06/05;1300 UTC;0;984,4;984,5;984,3;959,1;17,5;14,3;17,9;16,9;14,9;13,5;87;81;84;293;3,4;1,8;
2026/06/05;1400 UTC;0;984;984,2;983,9;1391,2;18,8;14,6;19,4;18;15,5;14;83;73;79;286;4,4;2,5;
2026/06/05;1500 UTC;0;984;984,1;983,9;1583,4;19,4;14,7;19,7;19,1;15,3;14,1;80;73;76;313;3,5;2,1;
2026/06/05;1600 UTC;0;983,4;983,9;982,8;1793,2;20;15,2;20,7;18,8;15,8;14,6;81;71;76;306;4,1;2;
2026/06/05;1700 UTC;0;982,4;982,8;982;2021,5;21,2;15;21,5;20,5;15,7;14,3;74;65;69;313;4,5;2,2;
2026/06/05;1800 UTC;0;981,7;982;981,6;1552,9;21,6;14,3;21,9;21,5;15,5;13,4;70;59;63;291;4,4;2,4;
2026/06/05;1900 UTC;0;981,5;981,6;981,4;1083,8;21,5;14,1;21,9;21,2;14,7;13,7;66;61;63;277;3,6;1,8;
2026/06/05;2000 UTC;0;981,5;981,5;981,3;332,4;19,9;14,9;21,2;18,8;15,5;14,2;81;65;75;196;1,5;,7;
2026/06/05;2100 UTC;0;981,2;981,3;981,1;35,8;17,6;14,5;18,8;16,7;15;13,8;86;81;84;199;2,1;1,5;
2026/06/05;2200 UTC;0;981;981,1;980,9;0;16,3;13,9;17,8;15,4;14,5;13,1;95;79;88;141;2,7;2,2;
2026/06/05;2300 UTC;0;980,7;980,9;980,6;0;14,7;14,3;15,4;14,2;14,7;13,8;100;95;98;146;4,2;3,5;
2026/06/06;0000 UTC;0;980,7;980,9;980,5;0;15;14,8;15,3;14,8;15;14,6;99;98;99;135;2,5;2,1;
2026/06/06;0100 UTC;0;980,8;981;980,7;0;14,8;14,5;15,4;13,9;15,1;13,7;100;97;98;132;2,8;2,4;
2026/06/06;0200 UTC;0;980,7;980,7;980,5;0;14,5;14,5;14,8;14,1;14,8;14,1;100;99;100;129;3,6;2,6;
2026/06/06;0300 UTC;0;980,7;980,8;980,6;0;14,8;14,1;15;14,4;14,4;13,7;99;93;97;126;2,6;1,7;
2026/06/06;0400 UTC;0;980,6;980,8;980,4;0;15,3;13,2;15,4;15;13,6;12,8;93;88;90;131;2,4;1,5;
2026/06/06;0500 UTC;0;980,1;980,4;979,9;0;15,1;12,7;15,4;15;13;12,4;90;86;88;147;1,7;1,2;
2026/06/06;0600 UTC;0;979,7;979,9;979,5;0;14,7;12,7;15;14,2;13;12,5;92;88;90;147;2,7;2,2;
2026/06/06;0700 UTC;0;979,3;979,5;979,2;0;13,8;12,5;14,2;13,4;12,9;12;95;91;93;146;3,1;2,7;
2026/06/06;0800 UTC;0;979;979,3;978,7;0;13;12,2;13,9;12,3;12,7;11,8;99;92;96;135;2,6;2,3;
2026/06/06;0900 UTC;0;978,7;978,8;978,4;0;13,2;12,9;13,7;12,7;13,3;12,3;100;96;98;133;2,8;2,2;
2026/06/06;1000 UTC;0;978,7;979,1;978,4;0;12,4;12,4;12,7;12;12,8;11,9;100;97;100;148;3,3;3;
2026/06/06;1100 UTC;0;979,3;979,4;979,1;46,9;12,9;12,9;13;12,7;13,1;12,7;100;100;100;121;3,1;2,3;
2026/06/06;1200 UTC;0;979,4;979,4;979,3;424,9;13,6;13,6;14,6;13;14,6;13;100;100;100;115;2,1;1,5;
2026/06/06;1300 UTC;0;979,5;979,6;979,3;971,8;15,6;15;16,3;14,5;15,5;14;100;89;97;99;2,5;1,9;
2026/06/06;1400 UTC;0;979,8;979,9;979,6;1369,6;18;14,9;19,1;16,3;15,9;14;90;79;85;103;3;2;
2026/06/06;1500 UTC;0;979,7;979,8;979,4;1271,6;18,6;15,5;19,3;18;16;15;87;81;84;196;2,2;1,3;
2026/06/06;1600 UTC;0;979;979,4;978,7;1188,7;19,2;15;19,9;18,9;16;14,1;83;76;79;195;3;2;
2026/06/06;1700 UTC;0;978,4;978,7;978,1;790;18;15,5;19;17,2;16,1;14,2;93;77;87;138;5,4;3,9;
2026/06/06;1800 UTC;0;978,1;978,2;978;1067;16,6;15,1;17,2;16,3;15,7;14,8;94;91;92;120;3,8;2,6;
2026/06/06;1900 UTC;0;978;978,2;977,9;877,6;16,4;14,8;16,8;15,9;15,3;14,6;94;90;92;120;3;2,2;
2026/06/06;2000 UTC;0;978;978,2;977,8;290,1;15,4;14,8;15,9;14,7;14,9;14,6;99;94;97;134;4,1;2,9;
2026/06/06;2100 UTC;0;977,9;978;977,8;36,3;14,3;14,3;14,7;14;14,6;14;100;100;100;128;4;2,9;
2026/06/06;2200 UTC;0;978,1;978,2;978;0;14;14,1;14,3;13,7;14,3;13,7;100;100;100;115;3,1;2,5;
2026/06/06;2300 UTC;0;978,4;978,4;978,3;0;13,1;13,1;13,1;13;13,2;13;100;100;100;120;2,6;2,2;
2026/06/07;0000 UTC;0;978,6;978,8;978,4;0;12,9;12,9;13;12,7;13,1;12,8;100;100;100;121;3,4;2,8;
2026/06/07;0100 UTC;0;978,6;978,8;978,5;0;13;13;13,1;12,7;13,1;12,8;100;100;100;103;5,6;4,3;
2026/06/07;0200 UTC;0;978,5;978,6;978,3;0;12,8;12,9;13;12,6;13,1;12,7;100;100;100;94;5,3;3,4;
2026/06/07;0300 UTC;0;978,3;978,4;978,2;0;12,7;12,7;12,7;12,6;12,8;12,6;100;100;100;105;4,8;3,7;
2026/06/07;0400 UTC;0;978,5;978,6;978,3;0;12,5;12,5;12,7;12,3;12,8;12,3;100;100;100;113;4,6;3,6;
2026/06/07;0500 UTC;0;978,5;978,8;978,2;,1;12,2;12,3;12,4;12;12,4;12;100;100;100;122;6,7;5,1;
2026/06/07;0600 UTC;0;978,6;978,7;978,3;0;12;12;12;11,9;12,1;12;100;100;100;111;6,9;5,2;
2026/06/07;0700 UTC;,2;978,3;978,5;978,1;0;12,1;12,2;12,2;12;12,3;12,1;100;100;100;106;6,8;5,3;
2026/06/07;0800 UTC;0;978;978,1;977,8;0;12,2;12,3;12,2;12,2;12,3;12,2;100;100;100;111;6,4;5;
2026/06/07;0900 UTC;0;978,4;978,7;978;0;12,2;12,3;12,3;12,2;12,3;12,2;100;100;100;107;6,4;5,1;
2026/06/07;1000 UTC;0;978,8;979;978,6;0;12,3;12,3;12,4;12,2;12,4;12,2;100;100;100;107;7,4;5,7;
2026/06/07;1100 UTC;0;979;979,2;978,9;15,1;12,4;12,4;12,4;12,3;12,5;12,3;100;100;100;97;7,8;5,7;
2026/06/07;1200 UTC;0;979,2;979,4;979,1;390,3;12,6;12,6;13,3;12,4;13,4;12,4;100;100;100;99;6,1;4,7;
2026/06/07;1300 UTC;0;980,3;980,3;980,3;1189,2;14,4;13,2;14,5;14,4;13,4;13,1;95;94;94;85;4,9;3,9;
2026/06/07;1400 UTC;0;980,3;980,5;980,2;1523,5;15,3;13,1;16,6;14,4;13,8;12,7;94;83;89;117;6,8;4,8;
2026/06/07;1500 UTC;0;980,1;980,3;979,9;926,5;16;13;16,7;15,4;13,7;12,7;88;82;85;116;7,2;5,4;
2026/06/07;1600 UTC;0;979,7;980,1;979,3;1112,7;16,5;13;17,1;16,2;13,6;12,6;85;80;83;118;7,5;5,6;
2026/06/07;1700 UTC;0;979,1;979,5;978,7;825,7;16,3;12,8;16,8;15,5;13,5;12,3;86;80;83;129;7,5;4,9;
2026/06/07;1800 UTC;0;979;979,1;978,7;348;15,2;12,7;15,6;14,8;12,9;12,5;90;85;87;115;7,1;5,4;
2026/06/07;1900 UTC;0;979;979,2;978,8;154,1;14,6;12,8;14,7;14,5;13;12,5;92;90;91;100;5,5;4,1;
2026/06/07;2000 UTC;0;979,4;979,6;979,1;90;14,5;13,2;14,6;14,4;13,3;12,9;95;92;94;99;3,8;2,9;
2026/06/07;2100 UTC;0;979,9;980,2;979,6;14,2;14;13,7;14,4;13,7;13,8;13,3;100;94;98;120;3,4;2,7;
2026/06/07;2200 UTC;,4;980,2;980,3;980,1;0;13,8;13,9;13,9;13,7;13,9;13,8;100;100;100;121;5,8;4,5;
2026/06/07;2300 UTC;,8;980,2;980,3;980,1;0;13,6;13,7;13,8;13,4;13,9;13,5;100;100;100;119;7,4;5,7;
2026/06/08;0000 UTC;0;980,4;980,7;980,2;0;13,3;13,4;13,4;13,2;13,5;13,2;100;100;100;117;9;6,2;
2026/06/08;0100 UTC;0;980,5;980,7;980,4;0;13,1;13,1;13,2;13;13,2;13,1;100;100;100;117;7,1;5,2;
2026/06/08;0200 UTC;0;980,4;980,7;980,2;0;13;13,1;13;13;13,1;13,1;100;100;100;111;7;5;
2026/06/08;0300 UTC;0;980,4;980,5;980,3;0;13,1;13,1;13,1;13;13,1;13,1;100;100;100;99;6,7;4,6;
2026/06/08;0400 UTC;0;980,6;980,7;980,4;0;13;13,1;13,1;13;13,1;13;100;100;100;110;7,1;5,1;
2026/06/08;0500 UTC;0;980,5;980,6;980,4;0;12,8;12,8;13;12,6;13;12,6;100;100;100;115;6,6;4,4;
2026/06/08;0600 UTC;,6;980,5;980,6;980,3;0;12,5;12,5;12,6;12,5;12,6;12,5;100;100;100;95;6,2;4,6;
2026/06/08;0700 UTC;0;979,8;979,9;979,8;0;12,2;12,3;12,2;12,2;12,3;12,3;100;100;100;103;7,7;6;
2026/06/08;0800 UTC;1,2;979,3;979,9;978,8;0;12,1;12,1;12,2;11,9;12,3;12;100;100;100;111;8,2;6,2;
2026/06/08;0900 UTC;,4;978,7;978,9;978,6;0;11,9;11,9;11,9;11,8;12;11,9;100;100;100;108;7,9;5,6;
2026/06/08;1000 UTC;,6;978,8;979;978,6;0;11,9;12;12;11,9;12;11,9;100;100;100;113;8,3;5,9;
2026/06/08;1100 UTC;,2;978,9;979,2;978,8;5,1;11,8;11,8;11,9;11,5;12;11,6;100;100;100;102;7,9;5,1;
2026/06/08;1200 UTC;,6;979,4;979,7;979,1;94,5;11,5;11,6;11,6;11,5;11,6;11,5;100;100;100;114;6,4;4,7;
2026/06/08;1300 UTC;0;979,8;979,9;979,6;384,7;11,9;11,9;12,5;11,6;12,2;11,7;100;98;100;111;7,9;5,9;
2026/06/08;1400 UTC;0;980;980,1;979,7;541,1;12,7;11,6;12,9;12,5;12,4;11;98;91;94;105;7,2;5,3;
2026/06/08;1500 UTC;1,6;979,6;979,9;979,3;451,8;12,7;11,9;12,9;12,5;12,5;11,3;99;92;96;121;8,4;5,9;
2026/06/08;1600 UTC;3;979;979,4;978,5;344,7;12,6;12,4;12,7;12,4;12,6;12,1;100;99;99;128;8,4;5,6;
2026/06/08;1700 UTC;3,8;978,4;978,7;978;312,7;12,5;12,4;12,7;12,3;12,7;12,2;100;99;100;123;4,3;3,4;
2026/06/08;1800 UTC;1,2;977,6;978;977,3;305,3;12,7;12,7;12,8;12,5;12,8;12,5;100;100;100;121;8,7;6,2;
2026/06/08;1900 UTC;1,2;977,5;977,6;977,3;221,1;12,4;12,4;12,7;12,2;12,7;12;100;99;100;120;8,5;6,3;
2026/06/08;2000 UTC;,8;977,4;977,6;977,2;73,4;12;12,1;12,3;11,4;12,3;11,5;100;100;100;117;11;7,9;
2026/06/08;2100 UTC;,2;977,5;977,8;977,3;8,5;11,1;11,1;11,4;10,9;11,4;11;100;100;100;126;10,6;7,4;
2026/06/08;2200 UTC;,4;977,9;978,3;977,6;0;10,8;10,9;11;10,7;11;10,7;100;100;100;139;10,5;6,9;
2026/06/08;2300 UTC;,4;978,2;978,3;977,8;0;10,7;10,8;10,8;10,6;10,8;10,7;100;100;100;134;8,8;6,5;
2026/06/09;0000 UTC;,2;978,2;978,4;977,9;0;10,7;10,8;10,8;10,6;10,9;10,6;100;100;100;137;7,1;5,2;
2026/06/09;0100 UTC;,4;978,1;978,3;978;0;10,8;10,9;11;10,7;11;10,8;100;100;100;132;8,2;5,9;
2026/06/09;0200 UTC;,6;978,1;978,2;978;0;11,1;11,2;11,3;11;11,3;11;100;100;100;141;9,5;6,9;
2026/06/09;0300 UTC;,4;978,3;978,5;978,2;,1;11,1;11,1;11,2;10,9;11,2;11;100;100;100;132;7,4;5,3;
2026/06/09;0400 UTC;,4;978,2;978,3;978,1;0;11;11;11;11;11,1;11;100;100;100;145;8,1;6,1;
2026/06/09;0500 UTC;,2;978,1;978,1;977,8;,1;10,8;10,9;11;10,6;11;10,7;100;100;100;139;6,7;5;
2026/06/09;0600 UTC;0;977,8;977,9;977,7;0;11;11;11;10,9;11,1;10,9;100;100;100;153;7,6;5,7;
2026/06/09;0700 UTC;0;977,7;977,8;977,6;0;11;11,1;11,1;11;11,2;11;100;100;100;152;7;5,3;
2026/06/09;0800 UTC;,2;977,6;977,9;977,3;0;11,1;11,1;11,2;11;11,2;11;100;100;100;153;6,9;5;
2026/06/09;0900 UTC;0;977,7;977,9;977,3;0;11;11,1;11,1;10,9;11,1;11;100;100;100;164;;3,5;
2026/06/09;1000 UTC;0;978,2;978,6;977,8;0;10,7;10,6;10,9;10,4;10,9;10,1;100;98;99;173;5,8;3,6;
2026/06/09;1100 UTC;0;979,1;979,4;978,5;16,1;10,4;10,4;10,7;10,2;10,5;10,1;100;99;100;160;5,2;3,2;
2026/06/09;1200 UTC;0;979,5;979,7;979,4;220,9;10,9;10,6;11,4;10,7;10,8;10,1;100;95;98;164;3,7;2,4;
2026/06/09;1300 UTC;,2;979,8;980,1;979,5;615;11,4;10;11,7;11,2;10,4;9,4;95;91;93;0;4;0;
2026/06/09;1400 UTC;0;980,1;980,3;979,9;637;11,9;10,3;12,2;11,4;10,8;9,8;94;89;92;206;3,5;1,7;
2026/06/09;1500 UTC;0;979,7;979,9;979,5;995,3;12,4;10,2;12,9;11,9;10,8;9,5;94;86;89;170;4,5;2,5;
2026/06/09;1600 UTC;0;979,2;979,6;978,7;1312,9;12,8;10,1;13,2;12,3;10,7;9,2;89;83;86;183;4,5;2,4;
2026/06/09;1700 UTC;0;978,5;978,8;978,2;1411;13,3;10;14,1;12,6;10,6;9,4;89;78;84;166;5;1,4;
2026/06/09;1800 UTC;0;978,2;978,4;978,1;1532,5;14,3;9,3;15,3;13,3;10,2;8,7;80;70;75;252;4,8;2,4;
2026/06/09;1900 UTC;0;978,3;978,5;978,1;963,5;14,1;9,1;14,9;13,3;10;8,6;78;71;75;165;4,8;2,7;
2026/06/09;2000 UTC;0;978,1;978,3;978;275,9;13;9,1;13,7;12,3;9,5;8,8;85;76;81;175;2,6;1,5;
2026/06/09;2100 UTC;0;978,4;978,5;978,2;33,2;12,2;8,9;12,8;11,7;9,4;8,5;86;82;84;191;2,6;1,8;
2026/06/09;2200 UTC;0;978,8;979,1;978,5;0;11,6;8,6;11,9;11,2;8,9;8,3;87;83;85;173;3,7;2,5;
2026/06/09;2300 UTC;0;978,7;979;978,4;0;10,9;9,3;11,5;10,6;9,9;8,5;96;85;92;164;4,4;1,6;
2026/06/10;0000 UTC;0;979,2;979,5;979;0;10,5;9,3;10,9;9,9;9,7;8,8;97;91;94;175;1,5;1;
2026/06/10;0100 UTC;0;979,3;979,4;979,3;0;10;8,7;10,7;9,5;9,3;8,1;97;88;94;179;2,4;1,7;
2026/06/10;0200 UTC;0;979;979,3;978,7;0;9,3;8,6;10,3;8,1;9,2;7,5;100;90;96;150;3;2,2;
2026/06/10;0300 UTC;0;978,6;978,9;978,2;0;8,6;8,6;9,1;8,1;9,1;8;100;99;100;127;3,2;2,8;
2026/06/10;0400 UTC;0;977,9;978,2;977,5;0;8;8;8,5;7,5;8,6;7,5;100;100;100;129;3,5;2,8;
2026/06/10;0500 UTC;0;977,3;977,7;976,9;0;8,2;8,2;9,1;6,9;9,2;7;100;100;100;237;1,7;,7;
2026/06/10;0600 UTC;0;978;978,2;977,7;0;9,2;9,3;9,3;9,1;9,4;9,2;100;100;100;286;1,6;,7;
2026/06/10;0700 UTC;0;977,9;978;977,6;0;8,4;8,4;9,1;7,7;9,2;7,7;100;100;100;112;1,7;1,2;
2026/06/10;0800 UTC;0;977,5;977,8;977,4;0;7,2;7,3;7,9;6,6;7,9;6,7;100;100;100;130;1,3;,7;
2026/06/10;0900 UTC;0;977,2;977,6;977;0;7;7;8,2;5,4;8,2;5,5;100;100;100;145;2,1;1,6;
2026/06/10;1000 UTC;0;977,8;978,1;977,5;0;8;8;8,8;7;8,8;7,1;100;100;100;127;2,8;2,4;
2026/06/10;1100 UTC;,2;978;978,2;978;25;7,3;7,4;7,7;6,9;7,7;7;100;100;100;129;3,2;2,7;
2026/06/10;1200 UTC;0;978,2;978,3;978,2;405;8,7;8,7;10,1;7,6;10,1;7,7;100;100;100;118;4,1;3,4;
2026/06/10;1300 UTC;0;978,6;978,7;978,3;591,6;9,6;9,7;10,2;9,1;10,3;9,1;100;100;100;126;5,6;4,6;
2026/06/10;1400 UTC;0;978,9;979,3;978,7;909,2;9,7;9,7;10,4;9,2;10,4;9,2;100;100;100;122;5,5;3,9;
2026/06/10;1500 UTC;0;978,9;979,2;978,3;797,9;10,2;10,2;10,8;9,8;10,9;9,8;100;100;100;98;6,7;5,1;
2026/06/10;1600 UTC;0;978;978,4;977,6;1500,8;11,9;10,6;12,9;10,8;11,9;9,7;100;85;94;81;6,4;4,2;
2026/06/10;1700 UTC;0;977,3;977,5;977,1;1526,8;13;10,1;13,8;12,3;10,7;9,5;89;80;86;44;5,8;3,6;
2026/06/10;1800 UTC;0;976,8;977;976,4;1800,9;13,6;9,7;14,1;13;10,4;9,1;83;78;81;101;6,4;3,3;
2026/06/10;1900 UTC;0;976,2;976,5;976;1178,7;13,4;9,6;13,6;13;10;9,1;83;78;81;80;5;3,5;
2026/06/10;2000 UTC;0;976,3;976,4;976,3;554,1;13,1;9,7;13,7;12,2;10;9,3;87;79;83;105;3,9;3,1;
2026/06/10;2100 UTC;0;976,3;976,5;976,2;7,7;10,1;9,2;11;9,5;9,5;8,9;97;92;96;132;3,4;2,6;
2026/06/10;2200 UTC;0;976,9;977,3;976,4;0;9,1;8,9;9,5;8,8;9,4;8,6;100;97;99;132;2,9;2,5;
2026/06/10;2300 UTC;0;977,2;977,4;977,1;0;8,8;8,8;9,5;8,5;9,5;8,5;100;100;100;145;3,2;2,5;
2026/06/11;0000 UTC;0;977,3;977,4;977,1;0;9,9;9,5;10,3;9,4;9,9;8,7;100;96;98;144;2,7;2,2;
2026/06/11;0100 UTC;0;976,8;977,2;976,5;0;8,8;8,7;9,8;8,1;9,6;8,1;100;97;99;114;4,5;4;
2026/06/11;0200 UTC;0;976,4;976,5;976,2;0;9,3;9,4;10,1;8;10,1;8,1;100;100;100;110;6,1;4,6;
2026/06/11;0300 UTC;0;976,9;977,3;976,4;0;10,3;10,4;10,7;10;10,8;10,1;100;100;100;69;5,6;3,6;
2026/06/11;0400 UTC;0;977,5;977,6;977,2;0;10,5;10,6;10,6;10,5;10,7;10,5;100;100;100;109;4,6;2,8;
2026/06/11;0500 UTC;0;977,7;977,8;977,3;0;10,6;10,6;10,6;10,5;10,7;10,6;100;100;100;99;3,7;2,2;
2026/06/11;0600 UTC;0;977,4;977,6;977,3;0;9,9;9,9;10,5;9,1;10,6;9,2;100;100;100;117;1,9;1,5;
2026/06/11;0700 UTC;0;977;977,2;976,9;0;8,5;8,5;9,1;8;9,1;8,1;100;100;100;121;2,7;2,2;
2026/06/11;0800 UTC;0;976,9;977;976,8;0;8,2;8,3;8,6;8;8,7;8;100;100;100;120;3;2,5;
2026/06/11;0900 UTC;0;976,7;976,9;976,6;0;8;8;8,5;7,6;8,6;7,6;100;100;100;128;3,8;3;
2026/06/11;1000 UTC;0;977,1;977,9;976,6;0;8,5;8,6;9,4;7,8;9,5;7,9;100;100;100;119;3,9;2,6;
2026/06/11;1100 UTC;0;978,2;978,6;978;18;9,6;9,7;9,9;9,4;9,9;9,5;100;100;100;119;2,3;1,6;
2026/06/11;1200 UTC;0;978,6;978,8;978,4;207;10,4;10,5;10,9;9,9;10,9;9,9;100;100;100;116;4;3;
2026/06/11;1300 UTC;0;979,2;979,7;978,8;483,7;11;10,8;11,5;10,6;11;10,6;100;96;99;97;3,7;2,6;
2026/06/11;1400 UTC;0;979,6;979,8;979,1;496,9;11,8;10,5;12;11,4;10,8;10,2;96;91;94;118;5;3,8;
2026/06/11;1500 UTC;0;979;979,2;978,6;608,2;12,1;11;12,4;11,8;11,5;10,6;97;92;94;124;4,6;3,4;
2026/06/11;1600 UTC;,2;978,2;978,6;977,9;651,2;12,6;11,3;13,2;12,1;11,7;11;96;91;94;144;5,2;3,7;
2026/06/11;1700 UTC;0;977,7;978,1;977,3;566,4;13,1;11,1;13,2;12,9;11,6;10,9;92;89;90;148;3,5;2,4;
2026/06/11;1800 UTC;0;977,2;977,3;977;500,9;13,1;11,4;13,3;12,9;11,7;11,1;93;90;91;137;4,5;3,4;
2026/06/11;1900 UTC;0;976,9;977,1;976,7;331,6;12,9;11,4;13;12,9;11,6;11,1;93;91;92;148;4,1;2,9;
2026/06/11;2000 UTC;0;976,6;976,7;976,6;100,5;12,6;11,6;12,9;12,4;11,8;11,4;96;93;95;129;4,4;3,4;
2026/06/11;2100 UTC;0;976,4;976,6;976,3;0;12,1;11,9;12,4;12;12;11,6;100;97;99;126;4,8;3,2;
2026/06/11;2200 UTC;0;976,9;977,1;976,5;0;12;12;12,1;11,8;12,2;11,8;100;100;100;143;3,4;2,6;
2026/06/11;2300 UTC;,4;977;977,2;976,8;0;11,8;11,8;11,8;11,7;11,9;11,8;100;100;100;121;3,7;3,1;
2026/06/12;0000 UTC;,6;976,8;977;976,7;0;11,7;11,8;11,7;11,7;11,8;11,8;100;100;100;145;5;3,8;
2026/06/12;0100 UTC;1;976,5;976,7;976,4;0;11,8;11,9;11,9;11,7;12;11,8;100;100;100;150;5,7;4,2;
2026/06/12;0200 UTC;2;976,7;976,8;976,6;0;11,9;12;11,9;11,9;12;12;100;100;100;139;5,6;3,9;
2026/06/12;0300 UTC;1,6;976,4;976,7;976,1;0;12;12;12;11,9;12,1;12;100;100;100;129;7,5;5,4;
2026/06/12;0400 UTC;1,6;976;976,2;975,8;0;12,1;12,1;12,1;12;12,2;12,1;100;100;100;123;7,1;5,6;
2026/06/12;0500 UTC;2;975,4;975,8;974,9;0;12,1;12,2;12,2;12,1;12,2;12,1;100;100;100;139;9,3;6,4;
2026/06/12;0600 UTC;1;974,3;974,9;973,7;0;12,1;12,1;12,1;12;12,2;12,1;100;100;100;132;9,7;7,2;
2026/06/12;0700 UTC;,2;973,4;973,8;973;,2;12;12;12,1;11,8;12,1;11,9;100;100;100;129;10,2;7,4;
2026/06/12;0800 UTC;0;972,9;973,1;972,7;0;11,8;11,9;11,9;11,7;12;11,8;100;100;100;132;9,3;7,2;
2026/06/12;0900 UTC;0;972,8;972,9;972,5;0;11,8;11,9;11,9;11,7;12;11,7;100;100;100;141;9;6,4;
2026/06/12;1000 UTC;,8;973;973,2;972,8;0;12;12,1;12,1;11,9;12,1;12;100;100;100;151;10,1;7,3;
2026/06/12;1100 UTC;1,6;973,2;973,6;973;1,6;12,2;12,2;12,3;12,1;12,3;12,1;100;100;100;149;11;8,4;
2026/06/12;1200 UTC;3,4;973,4;973,5;973,2;44,5;12;12;12,3;11,8;12,3;11,8;100;100;100;142;11,1;7,8;
2026/06/12;1300 UTC;,6;973,6;973,8;973,3;231,6;12;12,1;12,2;11,8;12,3;11,9;100;100;100;136;10,6;7,6;
2026/06/12;1400 UTC;,6;973,8;973,9;973,6;296,4;12,3;12,3;12,5;12,2;12,5;12,2;100;100;100;130;10,8;7,5;
2026/06/12;1500 UTC;1,4;973,8;973,9;973,7;279,9;12,5;12,4;12,7;12;12,6;11,7;100;98;99;125;8,5;5,6;
2026/06/12;1600 UTC;3,6;973,7;973,9;973,4;203,6;11,9;11,9;12;11,7;12,1;11,6;100;99;100;135;8;5,6;
2026/06/12;1700 UTC;1,4;973;973,4;972,6;308,2;12,1;12,2;12,4;11,9;12,4;11,9;100;100;100;143;8,5;5,4;
2026/06/12;1800 UTC;,8;972,5;972,6;972,3;464,8;12,2;12;12,4;12;12,5;11,4;100;97;99;142;7,8;5,2;
2026/06/12;1900 UTC;0;972,4;972,5;972,2;468;12,7;12,2;12,9;12,4;12,5;11,9;99;95;98;146;9,8;6,4;
2026/06/12;2000 UTC;,2;972,5;972,9;972,2;307,1;12,7;12,1;13;12,6;12,3;11,8;99;95;97;153;7;4,7;
2026/06/12;2100 UTC;0;973,1;973,4;972,9;63,5;12,5;11,8;12,7;12,4;12,2;11,5;98;95;96;172;5,3;3,2;
2026/06/12;2200 UTC;0;973,8;974,2;973,4;0;12,4;11,7;12,5;12,3;11,9;11,6;98;96;97;169;5,4;3,6;
2026/06/12;2300 UTC;0;974,7;975,1;974,2;0;12,3;11,8;12,4;12,2;11,8;11,7;98;97;97;229;4,1;2,7;
2026/06/13;0000 UTC;0;975,3;975,6;975,1;0;12,2;12;12,3;12,2;12,2;11,8;100;98;99;230;5,7;3,6;
2026/06/13;0100 UTC;0;975,8;975,9;975,6;0;12,1;11,8;12,2;11,9;12,1;11,7;99;98;99;221;5,9;3,3;
2026/06/13;0200 UTC;0;975,8;975,9;975,7;0;11,8;11,8;11,9;11,5;11,9;11,5;100;99;100;215;5,7;3,3;
2026/06/13;0300 UTC;0;975,9;976;975,7;0;11,7;11,6;11,8;11,5;11,6;11,5;100;99;99;215;5,4;3,4;
2026/06/13;0400 UTC;0;975,7;975,9;975,5;0;11,8;11,4;11,9;11,8;11,6;11,1;99;96;98;213;5;3,2;
2026/06/13;0500 UTC;0;975,9;976;975,7;0;11,8;11,6;11,9;11,7;11,8;11,3;100;97;99;206;4,1;2,5;
2026/06/13;0600 UTC;0;975,8;976;975,7;0;11,7;11,6;11,8;11,7;11,7;11,3;100;98;99;198;4,2;2,8;
2026/06/13;0700 UTC;0;975,7;975,8;975,5;0;11,7;11,1;12,1;11,6;11,4;9,7;99;89;97;197;3,4;2;
2026/06/13;0800 UTC;0;975,5;975,8;975,3;0;11,4;11;12,2;11,2;11,3;9,3;100;85;97;257;1,6;,8;
2026/06/13;0900 UTC;0;975,3;975,5;975,3;0;10,4;10,4;11,1;9,8;11,2;9,8;100;100;100;257;3,3;1,9;
2026/06/13;1000 UTC;0;975,8;976,1;975,5;0;9,9;9,9;10,3;9,4;10,3;9,4;100;100;100;303;1,9;1,4;
2026/06/13;1100 UTC;0;976,7;977,2;976,1;57,2;10,3;10,3;10,5;9,9;10,6;10;100;100;100;289;1,6;,9;
2026/06/13;1200 UTC;0;977,7;978,1;977,2;206,4;10,8;10,8;11;10,5;11,1;10,6;100;100;100;293;6;4,2;
2026/06/13;1300 UTC;0;978,4;978,6;978;391;11,3;11,3;11,7;10,9;11,8;11;100;100;100;292;7,4;5,1;
2026/06/13;1400 UTC;0;978,7;978,9;978,5;650,1;11,9;12;12,1;11,6;12,2;11,7;100;100;100;292;6,3;4,4;
2026/06/13;1500 UTC;0;978,8;978,9;978,7;0;12,8;12;14,1;12;12,7;10,9;100;87;96;271;6,1;3,7;
2026/06/13;1600 UTC;0;978,3;978,7;978;1557,4;14,4;11,1;15,4;13,6;12,6;10;92;74;83;277;7,4;4,9;
2026/06/13;1700 UTC;0;977,7;978;977,3;1680,6;15;10,3;15,6;14,5;11,2;9,6;80;72;76;281;6,7;4,2;
2026/06/13;1800 UTC;0;977,2;977,3;977,1;746,2;14,7;10,5;15,7;14;11;9,5;83;69;79;279;8,4;5,2;
2026/06/13;1900 UTC;0;977,3;977,4;977,2;423,6;13,9;10,8;14,1;13,7;11,4;10,2;87;81;85;278;8;5,1;
2026/06/13;2000 UTC;0;977,3;977,6;977,1;205,2;12,3;10,8;13,7;11,7;11,4;10,2;95;85;92;269;6,9;4,6;
2026/06/13;2100 UTC;0;977,4;977,6;977,3;30,9;11,3;10,1;11,8;10,4;10,6;9,5;96;93;94;237;6,4;4,1;
2026/06/13;2200 UTC;0;977,7;977,9;977,4;0;9,8;9;10,4;9,2;9,5;8,5;97;95;96;282;3,5;2;
2026/06/13;2300 UTC;0;977,9;978;977,8;0;9,6;8,9;10;9,1;9,5;8,6;98;94;96;299;3,8;3;
2026/06/14;0000 UTC;0;978,2;978,4;978;0;9,8;9,6;10;9,7;9,9;9,3;100;98;99;294;4;3,1;
2026/06/14;0100 UTC;0;978,4;978,5;978,3;0;9,9;10;10;9,7;10,1;9,8;100;100;100;295;5,1;3,7;
2026/06/14;0200 UTC;0;978,2;978,4;978,1;0;9,5;9,6;9,8;9,2;9,9;9,2;100;100;100;287;3,9;2,6;
2026/06/14;0300 UTC;0;978,3;978,4;978,2;0;9,3;9,4;9,6;9,1;9,6;9,2;100;100;100;283;5,4;3,6;
2026/06/14;0400 UTC;0;977,8;978,1;977,5;0;9,7;9,8;9,8;9,6;9,8;9,6;100;100;100;294;8,8;6;
2026/06/14;0500 UTC;0;977,8;978;977,6;0;9,6;9,7;9,8;9,4;9,8;9,4;100;100;100;287;9,1;6,3;
2026/06/14;0600 UTC;0;977,9;978,1;977,7;0;9,2;9,2;9,4;9;9,4;9,1;100;100;100;289;9;6,1;
2026/06/14;0700 UTC;0;978;978,2;977,7;0;8,9;8,8;9;8,8;9,1;8,6;100;98;99;288;8,1;5,7;
2026/06/14;0800 UTC;0;977,9;978,1;977,7;0;8,3;8,2;8,8;7,5;8,7;7,5;100;99;100;283;5,6;3,5;
2026/06/14;0900 UTC;0;978,3;978,5;978;0;7,8;7,1;8;7,4;7,5;6,9;100;95;96;289;6;4,3;
2026/06/14;1000 UTC;0;978,5;978,8;978,4;0;8,2;6,6;8,6;7,9;6,9;6,3;95;90;92;271;10,1;5,8;
2026/06/14;1100 UTC;,2;979,3;979,9;978,8;4,7;8;7,2;8,3;7,3;8;6,6;100;91;96;200;8,9;4,9;
2026/06/14;1200 UTC;,4;980,3;980,8;979,8;80,9;6,9;6,7;7,3;6,7;7,1;6,4;100;98;99;176;9,5;5,2;
2026/06/14;1300 UTC;0;981;981,3;980,7;468,8;7,1;6,3;7,5;6,9;6,7;6;99;94;96;179;6,9;4;
2026/06/14;1400 UTC;0;981,6;981,8;981,3;1255,4;8,2;6,1;9,1;7,5;6,8;5,3;94;84;89;174;8,6;5,5;
2026/06/14;1500 UTC;0;981,7;981,8;981,6;1675,5;9,1;5,5;9,6;8,4;6,2;4,8;88;77;82;169;7,5;4,3;
2026/06/14;1600 UTC;0;981,5;981,8;981,2;1745,5;9,8;5,3;10,2;9,3;6,4;4,5;83;74;78;181;8,9;3,7;
2026/06/14;1700 UTC;0;981,1;981,3;980,8;1402,7;10;4,8;10,7;9,3;5,6;4;80;71;74;180;6,4;3;
2026/06/14;1800 UTC;0;980,9;981;980,8;1035;10,1;4,4;10,7;9,5;5,1;3,5;75;67;72;176;4,8;2;
2026/06/14;1900 UTC;0;981;981,1;981;600,1;9,8;3,7;10,7;9,3;4,4;3,2;73;66;70;169;4,5;2,6;
2026/06/14;2000 UTC;0;981,3;981,6;981;467,6;9,7;3,8;10,4;9,4;4,5;3,2;74;65;70;190;3,1;1,7;
2026/06/14;2100 UTC;0;981,8;982;981,6;58,5;8,4;2,9;9,5;7,7;3,7;2,5;74;68;72;198;3,1;2,1;
2026/06/14;2200 UTC;0;981,9;982;981,8;0;7,8;1,8;8;7,5;2,7;1,1;74;67;70;197;3;2,2;
2026/06/14;2300 UTC;0;982,3;982,6;981,9;0;7,7;1;7,9;7,1;1,4;,7;69;65;67;191;3,3;2,1;
2026/06/15;0000 UTC;0;982,5;982,8;982,3;0;7,6;,8;7,9;7,4;1,1;,5;68;64;66;193;3,2;2,2;
2026/06/15;0100 UTC;0;982,8;982,9;982,7;0;7,3;,9;7,8;6,7;1,1;,7;71;65;68;187;2,5;2;
2026/06/15;0200 UTC;0;982,9;983,1;982,7;0;7,4;,7;7,6;7;1;,4;68;65;66;180;3;2;
2026/06/15;0300 UTC;;;;;;;;;;;;;;;;;;
2026/06/15;0400 UTC;0;983;983,1;982,9;0;6,4;,7;6,8;5,7;1,1;,3;74;69;71;187;2,2;1,6;
2026/06/15;0500 UTC;0;982,8;982,9;982,8;0;4,7;,9;5,9;4,1;1;,3;84;72;81;289;2,3;1,2;
2026/06/15;0600 UTC;0;982,6;982,8;982,4;0;5,2;,9;5,5;4,8;1;,8;80;77;79;271;1,9;1,3;
2026/06/15;0700 UTC;0;982,3;982,5;982,1;0;5;1,2;5,3;4,5;1,4;,9;84;79;81;306;1,9;1,2;
2026/06/15;0800 UTC;0;982,4;982,6;982,3;0;4,7;1,3;5,1;4,4;1,6;,9;86;81;83;187;5;2,8;
2026/06/15;0900 UTC;0;982,2;982,4;982;0;4,4;,4;4,7;3,9;1,3;0;84;77;80;184;5,3;3,5;
2026/06/15;1000 UTC;0;982,7;983;982,2;0;4,2;-,2;4,5;3,8;,1;-,4;81;76;78;183;5,2;3,2;
2026/06/15;1100 UTC;0;983,3;983,6;983;29,9;3,7;,4;4,2;3,5;,7;,2;85;80;84;186;3,1;1,6;
2026/06/15;1200 UTC;0;983,6;983,8;983,5;465,6;4,8;,5;5,6;3,9;1,1;-,3;84;72;79;256;1,8;,9;
2026/06/15;1300 UTC;0;984,1;984,4;983,8;1104,5;6,1;,3;6,6;5,6;1,1;-,4;76;67;71;223;4,4;2,7;
2026/06/15;1400 UTC;0;984,6;984,7;984,4;1586,2;6,8;,9;7,2;6,4;1,7;0;74;68;70;232;4,8;2,4;
2026/06/15;1500 UTC;0;983,8;984,5;983,5;1990,6;8,1;2,2;8,5;7,3;3,6;1,6;77;67;71;281;7;4,7;
2026/06/15;1600 UTC;0;982,8;983,5;982,4;2145,8;8,4;2;8,8;7,9;2,8;1,2;71;66;68;282;8;5;
2026/06/15;1700 UTC;0;981,9;982,3;981,7;2035,3;8,9;1,5;9,5;8,5;2,8;,3;70;56;63;288;8,1;4,5;
2026/06/15;1800 UTC;0;981,7;981,8;981,6;1707,2;9,6;,9;10,1;9,2;1,7;-,6;62;50;57;279;6,2;3,6;
2026/06/15;1900 UTC;0;981,6;981,8;981,4;1191,6;9,7;1,2;10,1;9,5;1,9;,6;60;54;58;285;7;4,3;
2026/06/15;2000 UTC;0;981,6;981,8;981,4;559;9,2;1,1;9,6;8,7;1,7;,8;62;57;59;291;6,4;4,3;
2026/06/15;2100 UTC;0;981,9;982;981,8;61,4;7,1;,6;8,6;5,6;,9;,2;74;61;67;266;2,9;2,4;
2026/06/15;2200 UTC;0;981,9;982;981,8;0;5,4;,4;5,9;4,3;,5;,2;80;72;75;285;1,9;1,7;
2026/06/15;2300 UTC;0;981,9;982;981,8;0;4;1,3;4,3;3,5;1,9;,4;91;81;87;275;2,7;2,1;
2026/06/16;0000 UTC;0;981,8;981,9;981,7;0;3,8;1,3;4,5;3,1;1,9;,9;90;86;88;302;5,1;4,1;
2026/06/16;0100 UTC;0;981,6;981,7;981,4;0;2,8;1;3,5;2,3;1,1;,9;93;87;91;289;3;2,7;
2026/06/16;0200 UTC;0;981,5;981,6;981,4;0;3,6;1;4,1;2,7;1,2;,9;91;84;87;302;4,3;3,6;
2026/06/16;0300 UTC;0;981,1;981,2;981,1;0;2,3;,8;2,7;2,1;,9;,6;94;91;92;299;3,2;2,2;
2026/06/16;0400 UTC;0;980,8;981,1;980,6;0;2,2;1,1;2,4;1,8;1,3;,6;96;93;94;309;2,3;1,4;
2026/06/16;0500 UTC;0;980,6;980,8;980,6;0;2;,9;2,3;1,8;1,1;,6;96;93;95;274;3,1;2,5;
2026/06/16;0600 UTC;0;980,5;980,8;980,2;0;1,6;,6;2,2;1,1;1;,1;97;93;95;292;3,3;2,4;
2026/06/16;0700 UTC;0;980,2;980,3;980;0;1,6;,6;1,8;1,3;,8;,4;96;94;95;311;4,1;3,2;
2026/06/16;0800 UTC;0;980;980,1;979,9;0;2,3;,7;3,1;1,2;,9;,5;97;89;92;298;6,2;4,8;
2026/06/16;0900 UTC;0;979,7;980;979,5;0;1,9;,7;2,8;1,2;1;,2;97;90;94;319;6;4,9;
2026/06/16;1000 UTC;0;980;980,2;979,8;0;1,4;,8;1,7;1;1,2;,5;99;95;97;314;4,8;3,9;
2026/06/16;1100 UTC;0;980,5;980,7;980,1;30,2;1,6;1;2,5;,8;1,2;,4;99;93;97;274;3,8;3;
2026/06/16;1200 UTC;0;980,6;980,8;980,4;463,6;3,1;1,7;4,9;2,5;2,7;1,1;95;89;93;300;8,9;5,7;
2026/06/16;1300 UTC;0;980,7;980,9;980,4;1093,3;6,3;2,8;7,4;5;3,3;2,4;89;79;83;293;9,8;6,9;
2026/06/16;1400 UTC;0;980,8;981;980,5;1680,2;8,9;3,3;9,5;8;3,8;2,8;78;66;72;297;10,2;7,6;
2026/06/16;1500 UTC;0;980,4;980,7;979,9;1963,7;10,4;3,5;11,5;9,5;4,5;2,7;69;62;65;290;11;7,3;
2026/06/16;1600 UTC;0;979,7;980;979;2104,7;11,5;3,8;12,1;11;4,5;3,4;64;59;62;316;11,5;8,1;
2026/06/16;1700 UTC;0;978,7;979,1;978,4;1995,1;12,8;3,6;13,5;12,1;4,5;2,6;60;48;54;298;11,3;8,5;
2026/06/16;1800 UTC;0;978,3;978,5;978,1;1681,8;13,5;3,4;13,9;13;4,1;2,7;52;47;49;306;12,3;8,2;
2026/06/16;1900 UTC;0;978,2;978,4;977,9;1181;13,5;3,5;13,8;13,3;4,1;2,9;53;47;50;303;11,3;8;
2026/06/16;2000 UTC;0;978;978,2;977,6;0;12,8;3,4;13,4;12,1;3,9;2,7;55;51;53;309;11,9;8,7;
2026/06/16;2100 UTC;0;978,1;978,3;977,8;64,4;11,1;3,1;12,1;10,2;3,3;2,8;66;54;60;309;9,6;7,8;
2026/06/16;2200 UTC;0;977,9;978,1;977,6;0;10,2;3,4;10,6;9,9;3,5;3,2;68;64;66;309;10,2;7,6;
2026/06/16;2300 UTC;0;978,1;978,3;977,9;0;10,4;3,1;10,6;10,1;3,2;2,9;65;62;63;301;10,3;7,7;
2026/06/17;0000 UTC;0;978,5;978,6;978,2;0;9,8;3,4;10,2;9,6;3,7;3,2;70;65;68;292;9,9;7,3;
2026/06/17;0100 UTC;0;978,9;979,2;978,5;0;9,6;4;9,7;9,4;4,2;3,8;73;71;72;295;10,7;8,3;
2026/06/17;0200 UTC;0;979,1;979,3;978,8;0;9,2;4,2;9,5;8,9;4,3;4,1;76;73;75;293;10,7;8,2;
2026/06/17;0300 UTC;0;979,7;979,9;979,3;0;8,7;4,5;9,1;8,5;4,7;4,3;81;76;79;289;8;5,7;
2026/06/17;0400 UTC;0;980,1;980,3;979,8;0;8,3;4,7;8,6;7,9;4,8;4,7;84;81;82;281;6,7;4,1;
2026/06/17;0500 UTC;0;980,4;980,5;980,2;0;7,8;4,8;8;7,6;4,9;4,8;86;84;85;290;7,8;5,5;
2026/06/17;0600 UTC;0;980,6;980,8;980,3;0;7,6;5;7,9;7,3;5,1;4,9;89;85;87;284;7,7;4,4;
2026/06/17;0700 UTC;0;980,7;980,9;980,5;0;7,2;5,2;7,5;6,9;5,3;5,1;91;88;90;276;5,2;3;
2026/06/17;0800 UTC;0;981;981,2;980,8;0;6,9;5,2;7,1;6,2;5,3;5;94;91;92;279;5,3;3,1;
2026/06/17;0900 UTC;0;981,1;981,3;980,9;0;6,2;5,2;6,4;6,1;5,4;4,9;96;94;95;280;4,7;3,5;
2026/06/17;1000 UTC;0;981,8;982,2;981,3;0;5,8;5,1;6,2;5,4;5,3;4,9;98;95;97;290;3,8;2,5;
2026/06/17;1100 UTC;0;982,6;983;982,2;31,9;5,4;5,1;5,7;5,2;5,3;4,9;99;97;98;279;3,8;2,9;
2026/06/17;1200 UTC;0;983,3;983,7;982,9;496,1;6,7;5,7;8,2;5,7;6,4;5,3;98;90;95;260;3,1;1,7;
2026/06/17;1300 UTC;0;984,1;984,6;983,6;1085,6;9,1;6,5;10,1;8,2;7,3;5,9;90;84;87;208;4,4;2,4;
2026/06/17;1400 UTC;0;984,8;985,1;984,6;1616,3;10,7;6,8;11,7;10;7,3;6,1;86;74;81;160;6;3,9;
2026/06/17;1500 UTC;0;985,1;985,2;985;1979,8;12,2;5,9;12,6;11,8;7,2;5,1;76;63;69;164;6,8;4,7;
2026/06/17;1600 UTC;0;985,1;985,3;984,7;2117,4;12,8;5,6;13,4;12,4;6,4;4,9;69;60;64;133;6;4,6;
2026/06/17;1700 UTC;0;984,7;984,9;984,5;2005,6;13,4;5,4;13,8;13;6,2;4,9;63;57;60;159;6;4;
2026/06/17;1800 UTC;0;984,6;984,8;984,5;1688,4;13,6;5;13,9;13,4;5,9;4,2;61;53;57;154;5,8;4;
2026/06/17;1900 UTC;0;985;985,2;984,8;1195,6;13,5;5,5;14;13,1;5,9;4,5;63;53;60;158;5,1;3,6;
2026/06/17;2000 UTC;0;985;985,3;984,9;483,4;12,2;5,3;13,1;11,1;5,9;4,7;68;63;65;166;3,8;2,1;
2026/06/17;2100 UTC;0;985,1;985,2;985,1;26,7;9,9;4,2;11;9,2;4,8;3,8;76;69;71;163;4,1;2,9;
2026/06/17;2200 UTC;0;985,2;985,4;985;0;7,7;3,9;9,1;6,8;4,4;3,2;85;76;81;146;4,1;3,5;
2026/06/17;2300 UTC;0;985,2;985,3;985,1;0;6,4;3,1;7,2;5,8;3,4;2,9;87;80;84;133;3,5;3;
2026/06/18;0000 UTC;0;985,2;985,3;985,1;0;5,7;3,4;6,3;5;3,6;3;92;85;88;133;3,9;3,3;
2026/06/18;0100 UTC;0;985,1;985,2;985;0;4,5;3,6;4,9;4,2;4;3,2;98;93;96;129;4,1;3,6;
2026/06/18;0200 UTC;0;985,1;985,2;985;0;4,4;3,8;5;4,1;4,4;3,4;99;94;97;123;4,8;4,3;
2026/06/18;0300 UTC;0;985;985,1;984,9;0;3,9;3,5;4,4;3,4;4,3;3,1;100;96;98;116;4,4;3,9;
2026/06/18;0400 UTC;0;984,8;985;984,6;0;4,5;4,3;5,5;3,8;5,4;3,4;100;97;99;114;5,7;4,4;
2026/06/18;0500 UTC;0;984,4;984,7;984,1;0;5,5;5,3;5,8;5,1;5,7;4,8;100;98;99;123;5,4;3,8;
2026/06/18;0600 UTC;0;984;984,2;983,8;0;5,3;5,3;5,7;4,6;5,7;4,6;100;99;100;129;4,8;3,1;
2026/06/18;0700 UTC;0;983,7;983,9;983,4;0;5,5;5,6;5,9;5,2;6;5,2;100;100;100;107;4,7;3,3;
2026/06/18;0800 UTC;0;983,3;983,5;983,1;0;6,2;6,3;7,4;5,5;7,5;5,5;100;100;100;81;7,4;5,7;
2026/06/18;0900 UTC;0;983;983,3;982,8;0;7,3;7,4;7,8;6,8;7,8;6,8;100;100;100;88;7,4;4,8;
2026/06/18;1000 UTC;0;982,9;983;982,7;0;7,4;7,4;7,9;7;7,9;7;100;100;100;82;8,1;5,7;
2026/06/18;1100 UTC;0;983,2;983,4;982,9;45;6,8;6,8;7;6,7;7;6,7;100;100;100;84;7,6;5,7;
2026/06/18;1200 UTC;0;983,4;983,6;983,3;468,6;7,5;6,9;8,5;6,8;7,1;6,7;100;93;97;79;7,7;5,3;
2026/06/18;1300 UTC;0;983,6;983,8;983,5;980,6;9,3;6,5;9,7;8,6;7,1;5,8;93;81;86;71;8,5;6,2;
2026/06/18;1400 UTC;0;983,6;983,7;983,5;1337,7;10,4;5,7;11,4;9,5;6,3;5,1;82;69;77;57;9,6;5,7;
2026/06/18;1500 UTC;0;983,1;983,6;982,4;1429,4;11,9;5,5;12,2;11,3;6,3;4,9;71;66;68;63;9,6;6,6;
2026/06/18;1600 UTC;0;982,2;982,5;981,9;780,2;11,8;6,5;12;11,7;7,3;5,8;77;70;74;62;7,3;4,9;
2026/06/18;1700 UTC;0;981,4;982;980,7;721,2;12,3;7,7;12,7;11,8;8,2;6,9;78;75;77;80;7,8;5,5;
2026/06/18;1800 UTC;0;980,2;980,7;979,4;1039,6;13,6;8,5;14,8;12,7;9,4;7,9;78;70;75;60;10,7;7,1;
2026/06/18;1900 UTC;0;978,8;979,3;978,1;902,7;14,1;8,5;14,9;13,7;8,9;7,7;75;67;72;66;10,9;7,1;
2026/06/18;2000 UTC;0;977,7;978,1;977,3;308,8;13;7,9;14,4;12,3;8,4;7,3;80;67;74;76;8,9;5,2;
2026/06/18;2100 UTC;0;977,1;977,4;976,7;25,9;11,9;8,4;12,2;11,6;8,6;8,2;85;80;82;77;8,4;5,5;
2026/06/18;2200 UTC;0;976,3;976,9;975,2;0;11,5;8,5;11,8;11,3;8,6;8,4;86;84;85;72;10,2;7,6;
2026/06/18;2300 UTC;0;975,5;975,8;975,1;0;11,2;8,3;11,5;11,1;8,4;8,2;87;84;86;57;8,8;5,2;
2026/06/19;0000 UTC;0;975,5;975,8;975,1;0;10,7;8,3;11,1;10,4;8,4;8,3;90;86;88;53;6,2;3,7;
2026/06/19;0100 UTC;0;974,7;975,4;974,1;0;10,4;8,3;10,7;10,1;8,4;8,2;91;88;89;67;7,4;5;
2026/06/19;0200 UTC;0;973,8;974,4;973,4;0;10,8;8,1;11;10,6;8,2;8;88;86;87;55;5,8;3,3;
2026/06/19;0300 UTC;0;974,2;975,7;973,5;0;11,4;8,1;11,7;10,8;8,3;7,9;86;82;83;246;5;3;
2026/06/19;0400 UTC;0;976,5;976,9;976,1;0;10,3;8,4;10,4;10,2;8,5;8,3;91;89;90;285;9,2;5,4;
2026/06/19;0500 UTC;0;976,1;976,4;975,8;0;10,2;8,5;10,7;9,8;8,9;8,2;95;88;91;283;4,8;3,4;
2026/06/19;0600 UTC;3,4;975,5;976,4;974,7;0;9,6;9,2;9,9;9,5;9,4;8,9;100;95;98;326;4,5;3,2;
2026/06/19;0700 UTC;2,2;973,6;974,7;971,6;0;9,7;9,7;10;9,6;10;9,4;100;99;100;34;8,4;5,8;
2026/06/19;0800 UTC;,2;970,9;971,8;969,4;0;10,4;10,2;10,7;10;10,4;9,9;100;98;99;329;9,7;5,6;
2026/06/19;0900 UTC;0;972,3;972,8;971,6;0;11,2;10,7;11,9;10,5;11;10,3;99;95;97;312;8,9;6,5;
2026/06/19;1000 UTC;,2;972,8;973;972,5;0;11,8;10,9;12;11,7;11,1;10,8;96;95;95;308;8,4;6;
2026/06/19;1100 UTC;0;973,1;973,2;972,8;1,4;12;11,2;12,2;11,9;11,5;11;97;95;96;312;9,3;6,5;
2026/06/19;1200 UTC;0;973,3;973,5;973;48,8;12;11,9;12,2;12;12,2;11,5;100;97;99;313;9,3;7,1;
2026/06/19;1300 UTC;0;973,6;973,9;973,3;94,7;12,2;12,3;12,4;12,1;12,4;12,2;100;100;100;303;9,6;6,6;
2026/06/19;1400 UTC;0;973,8;973,9;973,6;138,9;12,5;12,5;12,6;12,4;12,6;12,4;100;100;100;298;10,2;7;
2026/06/19;1500 UTC;,2;973,8;974,1;973,4;163,9;12,3;12,3;12,6;12;12,6;12;100;100;100;297;12,3;9;
2026/06/19;1600 UTC;,4;974;974,2;973,8;148,2;10,9;10,9;11,9;10,2;12;10,3;100;100;100;284;13,4;8,6;
2026/06/19;1700 UTC;0;974,1;974,5;973,8;191,2;9,7;9,7;10,1;9,1;10,2;9,2;100;100;100;273;13,2;8,8;
2026/06/19;1800 UTC;0;974,4;974,8;974,2;182,2;9,2;9,1;9,4;9,1;9,3;9;100;98;99;270;11,6;8,5;
2026/06/19;1900 UTC;;;;;;;;;;;;;;;;;;
2026/06/19;2000 UTC;;;;;;;;;;;;;;;;;;
2026/06/19;2100 UTC;;;;;;;;;;;;;;;;;;
2026/06/19;2200 UTC;;;;;;;;;;;;;;;;;;
2026/06/19;2300 UTC;;;;;;;;;;;;;;;;;;
2026/06/20;0000 UTC;;;;;;;;;;;;;;;;;;
2026/06/20;0100 UTC;0;978,8;978,9;978,6;0;7;7;7,4;6,5;7,4;6,6;100;100;100;292;3,7;2,3;
2026/06/20;0200 UTC;0;979,2;979,3;979;0;6,1;6,1;6,6;5,7;6,6;5,8;100;100;100;266;3,9;2;
2026/06/20;0300 UTC;0;979,2;979,3;979,1;0;5,8;5,1;6,4;4,9;6;4,6;100;93;96;337;3,8;2,7;
2026/06/20;0400 UTC;0;979,3;979,5;979,2;0;4,9;4,9;5,2;4,5;5,2;4,6;100;100;100;250;2,9;1,4;
2026/06/20;0500 UTC;0;979,1;979,3;979;0;4,8;4,7;5,1;4,6;5;4,1;100;97;99;254;2,4;1,7;
2026/06/20;0600 UTC;0;979;979,2;978,7;0;4,1;4;4,9;3,7;4,4;3,6;100;97;99;278;2,8;2,3;
2026/06/20;0700 UTC;0;978,6;978,8;978,5;0;3,8;3,9;4,1;3,6;4,2;3,7;100;100;100;304;2,4;2,1;
2026/06/20;0800 UTC;0;978,4;978,6;978,1;0;4,1;4,2;4,6;3,7;4,6;3,8;100;100;100;263;2,7;1,4;
2026/06/20;0900 UTC;0;978,2;978,3;978,1;0;4,5;4,5;5,3;4;5;4,1;100;96;100;220;3,7;2,5;
2026/06/20;1000 UTC;0;978,3;978,8;978;0;4,7;3,8;5,7;3,7;4,3;3,3;100;89;96;316;2,3;1,6;
2026/06/20;1100 UTC;0;;;;21,3;0;4;;;4,9;3,2;100;87;96;208;;2,5;
2026/06/20;1200 UTC;0;979,2;979,5;978,2;440,5;5,9;4,3;7,6;4,6;5;3,4;97;85;92;224;3,5;2;
2026/06/20;1300 UTC;0;979,7;980;979,5;1044;8,2;4,9;8,7;7,5;5,6;4,4;90;80;83;263;4,2;2,4;
2026/06/20;1400 UTC;0;979,9;980,1;979,6;1579,8;7,1;6,4;8,5;5,9;8,1;5,1;99;92;97;308;2,5;1,3;
2026/06/20;1500 UTC;0;979,5;979,7;979,3;2011,9;10,5;5;11,4;8,4;7,8;3,4;96;62;72;91;3,1;1,8;
2026/06/20;1600 UTC;0;978,5;979,3;977,9;2207,1;11,3;4,4;11,7;10,8;5,5;3,1;71;58;65;93;3,5;1,9;
2026/06/20;1700 UTC;0;977,3;977,8;976,7;2010,4;11,8;4,3;12,4;11,4;6,2;2,5;70;54;63;126;4;2;
2026/06/20;1800 UTC;0;976,3;976,6;976,1;1701;12,1;4,5;12,4;11,9;5,7;3,6;68;58;62;140;5,8;2,8;
2026/06/20;1900 UTC;0;976,2;976,3;976,1;1221,3;12;4,3;12,2;11,8;5,2;3,2;67;57;62;132;5,1;3,8;
2026/06/20;2000 UTC;0;976,5;976,7;976,1;521,5;11,2;4,9;11,9;10,1;5,6;3,6;75;59;68;115;4,1;2,9;
2026/06/20;2100 UTC;0;976,8;976,9;976,7;36,5;8,3;5,1;10,1;7,2;5,4;4,7;89;75;84;127;2,8;2,2;
2026/06/20;2200 UTC;0;976,8;976,8;976,7;0;7,1;4,8;8,1;6,6;5,2;4,4;90;85;88;130;2,7;2,1;
2026/06/20;2300 UTC;0;976,8;977,2;976,7;0;6;4,5;6,7;5,5;5,2;3,9;96;88;92;127;2,4;1,8;
2026/06/21;0000 UTC;0;977,3;977,5;977,1;0;6,2;4,5;6,6;6;5;4;94;88;91;143;2,2;1,5;
2026/06/21;0100 UTC;0;977,1;977,3;976,9;0;6;3,7;6,7;5,1;4,2;2,7;92;85;88;125;2,4;1,9;
2026/06/21;0200 UTC;0;976,9;977,4;976,5;0;5,3;3,3;6;4,1;4,2;2,4;94;87;90;82;3,5;3;
2026/06/21;0300 UTC;0;976,1;976,7;975,6;0;4,6;3,4;5,7;4,1;4,3;2,6;95;88;94;74;5,9;3,3;
2026/06/21;0400 UTC;0;976;976,2;975,8;0;5,8;4,3;6,6;4,1;4,9;3,2;98;90;93;31;3,9;3;
2026/06/21;0500 UTC;0;976;976,1;975,8;0;5,4;4,2;5,8;4,9;4,4;3,8;96;92;94;16;4;2,8;
2026/06/21;0600 UTC;0;976,2;976,5;975,9;0;5,3;4,1;5,6;4,7;4,3;3,5;96;91;94;45;3,2;2,2;
2026/06/21;0700 UTC;0;976,2;976,5;975,8;0;5,1;3,2;5,7;4,5;3,9;2,3;95;87;91;26;3,9;2,5;
2026/06/21;0800 UTC;0;976,2;976,6;975,9;0;5,1;2,4;5,6;4,7;2,7;1,9;90;81;87;97;2,4;1,2;
2026/06/21;0900 UTC;0;976,2;976,5;976,1;0;5,4;2,3;5,6;5,3;2,8;1,7;87;81;85;273;2,2;1,2;
2026/06/21;1000 UTC;0;976,8;977,2;976,5;0;5,7;3,1;6,1;5,3;3,3;2,6;90;85;87;294;2,1;1,5;
2026/06/21;1100 UTC;,2;977,3;977,5;977,1;36,7;5,1;3,2;5,7;4,6;3,6;2,5;93;89;91;298;,9;,6;
2026/06/21;1200 UTC;0;977,5;977,7;977,1;451,8;7;4,2;8,5;5,7;5,1;3,6;89;78;86;274;1,4;,9;
2026/06/21;1300 UTC;0;977,8;978;977,7;0;8,8;5;9,4;8,3;6,1;4;87;74;81;225;,8;,3;
2026/06/21;1400 UTC;0;977,6;977,9;977,2;1092,5;9,8;5,1;10,2;9,5;6;4,3;80;72;76;64;4,4;3,1;
2026/06/21;1500 UTC;0;977;977,4;976,7;1307,9;10,2;5,3;10,5;9,9;6,1;4,6;81;72;76;49;4,2;2,6;
2026/06/21;1600 UTC;0;976,3;976,8;976;1527,6;10,8;5,1;11,1;10,4;6;4,4;78;67;71;60;3,5;1,9;
2026/06/21;1700 UTC;0;976;976,2;975,9;1807,9;11,6;4,9;12,5;10,7;6,2;4,3;73;61;67;298;4,3;2,5;
2026/06/21;1800 UTC;0;975,9;976,1;975,7;1203,3;11,6;4,4;12,3;11,2;5,1;3,6;67;59;64;321;3,4;2;
2026/06/21;1900 UTC;0;975,9;976,1;975,7;738,9;11,3;5;11,7;10,7;6,6;3,9;79;63;68;223;3,2;2,1;
2026/06/21;2000 UTC;0;976,1;976,3;976;293,2;10,3;6,6;10,7;9,8;7;6,3;86;78;82;184;2,6;1,7;
2026/06/21;2100 UTC;0;975,9;976,1;975,8;42,3;9,1;6,6;9,8;8,3;7,1;6,2;90;83;87;144;3,9;3;
2026/06/21;2200 UTC;0;975,9;976,1;975,7;0;7,7;5,9;8,3;6,6;6,4;5,1;94;89;91;117;3,6;2,7;
2026/06/21;2300 UTC;0;975,7;976,1;975,1;0;6,4;5,4;6,9;5,8;5,8;4,9;97;92;95;124;4,7;4;
2026/06/22;0000 UTC;0;975,3;975,8;975,1;0;6,7;5,9;7,2;5,9;6,2;5,3;99;95;96;124;4,9;3,4;
2026/06/22;0100 UTC;0;975,6;975,9;975,3;0;7;6,3;7,1;6,8;6,5;6,1;98;96;96;121;4,1;3,4;
2026/06/22;0200 UTC;0;975,9;976,2;975,5;0;6,9;6,2;7,2;6,7;6,4;6,1;98;95;97;123;3,2;2,7;
2026/06/22;0300 UTC;0;975,8;976,2;975,4;0;7,2;6,1;7,6;6,8;6,4;5,8;98;91;94;113;3,5;2,7;
2026/06/22;0400 UTC;0;975,7;976;975,5;0;7,4;6;7,6;7,1;6,3;5,8;96;91;93;134;4,1;2,9;
2026/06/22;0500 UTC;0;975,6;976;975,3;0;7,6;5,8;7,8;7,3;6;5,5;93;89;91;132;3,1;2,3;
2026/06/22;0600 UTC;0;976,1;976,9;975,4;0;7,5;5,8;7,8;7,2;6,2;5,7;95;90;92;132;3,5;2,7;
2026/06/22;0700 UTC;,2;976,5;977,2;975,5;0;7,3;6,3;7,5;7,1;6,6;6;96;94;95;89;4,1;2,5;
2026/06/22;0800 UTC;,8;975,3;976,3;974,6;0;7,2;6,6;7,4;7;6,7;6,5;98;96;97;126;3,3;2,5;
2026/06/22;0900 UTC;,4;974,1;974,6;973,7;0;7;6,8;7;6,9;7;6,6;100;98;99;113;3;2,2;
2026/06/22;1000 UTC;0;974,2;975,1;973,3;0;7;7,1;7,1;7;7,2;7;100;100;100;164;1,5;1;
2026/06/22;1100 UTC;,4;974,2;975,1;973,4;3,6;7;7;7,1;6,9;7,2;6,8;100;99;100;136;5,9;3,9;
2026/06/22;1200 UTC;,2;974;974,5;973,3;32;7;7;7,1;6,8;7,1;6,9;100;100;100;147;6,1;3,9;
2026/06/22;1300 UTC;0;973,8;974,2;973,1;211,9;7,1;7,1;7,3;6,8;7,4;6,9;100;100;100;137;4,4;3;
2026/06/22;1400 UTC;0;974,3;974,7;974;255,1;7,5;7,3;8,1;7,2;7,7;7;100;98;99;151;3,8;2,6;
2026/06/22;1500 UTC;0;973,4;974;972,9;923,7;8,5;7,2;8,9;8;7,9;6,5;98;89;93;208;5,6;2,8;
2026/06/22;1600 UTC;0;973;973,3;972,5;331,7;7,7;6,7;8,1;7,4;7;6,3;96;93;95;240;4,1;2,5;
2026/06/22;1700 UTC;0;972,5;972,9;972,1;632,3;8,2;6,6;8,9;7,8;7,1;6,1;96;86;92;253;5,6;3,5;
2026/06/22;1800 UTC;0;972,4;972,6;972,2;351,9;8,7;6,3;9;8,5;7;5,8;91;85;88;257;7,1;4,6;
2026/06/22;1900 UTC;0;972,7;972,9;972,5;313,4;8,6;6,1;8,8;8,4;6,8;5,2;91;84;87;250;10;5,7;
2026/06/22;2000 UTC;0;973,1;973,3;972,8;241,7;7,9;4,3;8,4;7,5;5,3;3,6;87;78;82;251;5,1;2,6;
2026/06/22;2100 UTC;0;973,6;973,9;973,3;28,4;7,2;4,6;7,5;7;4,9;4,2;88;86;87;270;5,2;2,9;
2026/06/22;2200 UTC;0;974;974,1;973,8;0;6,8;4,7;7,2;6,5;5,2;4;93;84;89;289;5,1;3,7;
2026/06/22;2300 UTC;0;974,3;974,5;974,1;0;6,2;5,1;6,5;5,6;5,2;4,9;97;93;95;289;6,2;4,1;
2026/06/23;0000 UTC;0;974,8;974,8;974,7;0;6,3;6,2;6,3;6,3;6,3;6,2;100;99;100;292;7,2;5,9;
2026/06/23;0100 UTC;0;974,9;975;974,8;0;6,5;6,5;6,7;6,3;6,7;6,2;100;99;100;288;10,3;6,6;
2026/06/23;0200 UTC;0;975,2;975,4;974,8;0;6,4;6,5;6,6;6,1;6,6;6,2;100;100;100;290;8,6;5,9;
2026/06/23;0300 UTC;0;975,3;975,4;975,1;0;5,9;6;6,1;5,7;6,2;5,8;100;100;100;286;10,2;7;
2026/06/23;0400 UTC;0;975;975,2;974,7;0;5,4;5,4;5,7;4,9;5,8;4,9;100;99;100;282;9;6,2;
2026/06/23;0500 UTC;0;974,8;974,8;974,7;0;4,6;4,4;4,9;4,4;4,9;4;100;98;99;277;9;6,2;
2026/06/23;0600 UTC;0;974,9;975;974,7;0;4,1;3,9;4,3;3,8;4,1;3,7;100;98;99;285;9,2;6,5;
2026/06/23;0700 UTC;0;975,2;975,3;974,9;0;4;3,8;4,1;3,8;4;3,6;100;99;99;281;8;5,5;
2026/06/23;0800 UTC;0;975,3;975,6;975,2;0;3,8;3,6;4;3,7;3,8;3,4;99;99;99;279;8;5,7;
2026/06/23;0900 UTC;0;975,7;975,9;975,5;0;3,9;3,6;4;3,7;3,8;3,4;99;98;99;276;9;6;
2026/06/23;1000 UTC;0;975,9;976,1;975,8;0;3,5;3,3;3,7;3;3,5;2,8;100;99;99;281;8,8;5,9;
2026/06/23;1100 UTC;0;976,1;976,4;975,9;23;2,8;2,7;3;2,7;2,8;2,6;100;99;100;284;8,9;5,9;
2026/06/23;1200 UTC;0;976,5;976,7;976,3;450,9;3,3;2,7;3,9;2,8;2,9;2,6;100;94;97;273;8,7;5,9;
2026/06/23;1300 UTC;0;976,7;976,9;976,6;914;4,4;2,8;4,7;3,9;3,2;2,5;94;90;92;278;10,3;7;
2026/06/23;1400 UTC;0;976,7;976,9;976,5;1229,1;5,3;3,1;6,5;4,6;3,7;2,6;92;82;89;278;11,8;8,8;
2026/06/23;1500 UTC;0;976,7;976,9;976,5;1762,3;6,9;2,4;7,9;6,1;3,1;1,6;82;73;77;277;13,5;9;
2026/06/23;1600 UTC;0;976,6;976,9;976,2;1745,2;7,7;1,9;8,7;7;2,9;,9;75;64;71;282;15,2;10,2;
2026/06/23;1700 UTC;0;976,2;976,6;975,8;1387,4;8,1;1,3;8,7;7,5;1,8;,9;69;63;66;272;10,9;7,7;
2026/06/23;1800 UTC;0;975,9;976,1;975,5;1082,8;8,6;1,3;9,7;8,1;2,1;,9;66;60;63;277;13,6;7,5;
2026/06/23;1900 UTC;0;975,9;976,1;975,6;983,9;8,9;1,4;9,6;8,2;2,1;,8;65;59;62;281;11,6;7,2;
2026/06/23;2000 UTC;0;976,3;976,7;976;331,6;8;1,3;9,1;7,5;1,8;1;69;61;66;282;10,1;6,8;
2026/06/23;2100 UTC;0;977,1;977,5;976,7;66,2;7;1,1;7,8;6;1,4;,8;75;65;71;278;6,9;4,2;
2026/06/23;2200 UTC;0;977,8;978,1;977,5;0;5,5;,9;6,1;5;1,1;,8;81;73;77;292;4,8;3,8;
2026/06/23;2300 UTC;0;978,3;978,5;978,1;0;5,1;,9;5,4;4,7;1,1;,7;81;77;79;283;5;4,1;
2026/06/24;0000 UTC;0;978,7;978,9;978,5;0;4,5;,9;4,7;4,3;,9;,8;83;81;82;278;5,4;3,7;
2026/06/24;0100 UTC;0;978,7;978,9;978,6;0;4,6;,9;4,8;4,4;1;,8;82;81;82;284;5,3;4;
2026/06/24;0200 UTC;0;978,4;978,6;978,2;0;5;,7;5,4;4,7;,9;,5;81;76;78;270;7;5;
2026/06/24;0300 UTC;0;978,2;978,3;977,9;0;5;,4;5,4;4,5;,6;,2;80;74;77;270;7,8;5,2;
2026/06/24;0400 UTC;0;977,9;978;977,8;0;5;,2;5,5;4,4;,3;0;79;74;76;280;6,8;4,7;
2026/06/24;0500 UTC;0;977,8;977,9;977,8;0;3;,1;4,2;2,2;,2;-,2;89;80;85;298;3,8;3,2;
2026/06/24;0600 UTC;0;977,8;977,9;977,7;0;2,2;-,3;2,4;1,9;0;-,6;89;86;88;315;3,6;2,7;
2026/06/24;0700 UTC;0;977,9;978;977,8;0;1,2;-,4;1,9;,3;-,2;-,8;97;88;92;304;2,8;2,2;
2026/06/24;0800 UTC;0;977,8;977,9;977,7;0;1,1;-,2;1,6;,4;,1;-,5;96;92;94;304;2,7;2,1;
2026/06/24;0900 UTC;0;977,7;977,8;977,6;0;2,3;,3;2,9;1,7;,4;0;92;87;90;290;3;2,3;
2026/06/24;1000 UTC;0;977,9;978;977,7;0;3;,3;3,5;2,7;,5;,2;88;84;86;293;3,8;2,9;
2026/06/24;1100 UTC;0;978,3;978,5;978;10,9;3;,4;3,2;2,8;,7;,2;89;85;87;313;4,4;3,6;
2026/06/24;1200 UTC;0;978,9;979;978,9;435;4,3;1,1;4,4;4,3;1,2;1;85;83;84;317;4,6;3,8;
2026/06/24;1300 UTC;0;978,9;979,1;978,9;1043,6;5,3;1,5;6,4;4,2;2,2;1;84;77;81;313;6;4,1;
2026/06/24;1400 UTC;0;979;979,3;978,8;1593,8;7,1;2,1;8;6,4;2,8;1,7;78;70;75;307;6,5;4,4;
2026/06/24;1500 UTC;0;978,5;978,8;978,3;1929,1;9,2;2,7;10,3;8;3,3;2;74;61;67;306;8;4,7;
2026/06/24;1600 UTC;0;977,8;978,3;977,3;2082,1;10,6;2,5;11,3;9,7;3,2;1,8;65;56;60;318;9,2;6,4;
2026/06/24;1700 UTC;0;976,9;977,4;976,4;1999;11,2;2,6;11,7;10,7;3,5;1,7;62;51;57;310;11,3;7;
2026/06/24;1800 UTC;0;976,3;976,5;976;1357,5;10,9;1,7;11,9;10,1;2,9;1;58;49;54;288;10,5;7,9;
2026/06/24;1900 UTC;0;976,4;976,5;976,1;1047,7;10,6;2,6;11,3;9,7;3,1;1,9;64;54;60;299;10,3;7,4;
2026/06/24;2000 UTC;0;976,7;977;976,4;406,9;9,6;2,7;10,6;8,7;3,3;2,3;71;60;66;284;4,7;2,8;
2026/06/24;2100 UTC;0;977,1;977,4;976,9;43,3;8;3;9,2;7;3,5;2,4;79;70;75;266;3,1;2,5;
2026/06/24;2200 UTC;0;977,6;977,8;977,5;0;6,9;2,3;7,3;6,4;2,5;2,1;79;76;77;260;3;2,4;
2026/06/24;2300 UTC;0;978,1;978,3;977,7;0;6,5;2,1;7;6,2;2,2;2;80;76;78;274;1,6;1,3;
2026/06/25;0000 UTC;0;978,4;978,6;978,2;0;6,1;2;6,6;5,8;2,1;1,9;81;77;79;272;3,7;2,8;
2026/06/25;0100 UTC;0;979;979,3;978,6;0;6,1;2;6,5;5,8;2,2;1,9;82;77;79;275;3,2;2,1;
2026/06/25;0200 UTC;0;979,4;979,7;979,2;0;5,7;2,3;5,9;5,6;2,4;2,1;83;81;83;278;3,6;2,6;
2026/06/25;0300 UTC;0;979,7;979,9;979,4;0;5,5;2,4;5,8;4,7;2,5;2,2;88;83;85;311;2,7;1,4;
2026/06/25;0400 UTC;0;979,8;980;979,5;0;4,5;2,3;4,7;4,3;2,4;2;90;87;89;287;2,7;2,1;
2026/06/25;0500 UTC;0;980,1;980,2;979,8;0;4,1;2,2;4,5;3,8;2,4;1,9;91;89;90;288;3,3;3,1;
2026/06/25;0600 UTC;0;980,1;980,2;980;0;3,7;2,2;4,2;3;2,4;1,8;96;90;93;291;1,9;1,6;
2026/06/25;0700 UTC;0;980,4;980,7;980,1;0;3,2;2,4;3,5;2,9;2,7;2,1;97;94;96;264;2,6;2,1;
2026/06/25;0800 UTC;0;981;981,3;980,7;0;3,6;2;4,1;3;2,4;1,5;95;89;92;309;3,5;2,9;
2026/06/25;0900 UTC;0;981,6;981,8;981,2;0;2,9;2,1;3,4;2,6;2,4;1,8;97;94;96;294;3,1;2,8;
2026/06/25;1000 UTC;0;982,1;982,5;981,8;0;3,3;2;3,6;3,1;2,2;1,8;94;92;93;305;3,5;2,9;
2026/06/25;1100 UTC;0;982,7;982,8;982,5;17,6;3,4;1,7;3,7;3,2;1,9;1,6;92;90;92;315;3,9;3,5;
2026/06/25;1200 UTC;0;982,6;982,9;982,3;428,7;4,4;2,4;5,6;3,2;3,1;1,5;93;87;90;294;2,7;1,8;
2026/06/25;1300 UTC;0;982,9;983,1;982,8;1048,2;7,1;3,2;8,5;5,7;3,7;2,6;88;73;80;313;6,7;4,5;
2026/06/25;1400 UTC;0;983,3;983,4;983,1;1586,2;9,9;3,7;11;8,6;4,4;3,2;75;65;69;318;8,3;6;
2026/06/25;1500 UTC;0;983,3;983,4;983,1;1969,4;12;4,7;12,8;11,1;5,6;4,2;66;59;63;317;9,3;6;
2026/06/25;1600 UTC;0;982,4;983,2;981,7;1976;13,2;4,6;13,6;11,8;5,8;3,3;63;50;57;325;11,9;7,5;
2026/06/25;1700 UTC;0;981,3;981,7;980,9;1986,6;14,1;6;14,7;13,5;6,7;5,6;63;56;60;323;10,7;7,6;
2026/06/25;1800 UTC;0;980,9;981,1;980,7;1629,2;14,7;6,2;15,1;14,3;6,8;5,6;60;55;57;307;12,4;8,4;
2026/06/25;1900 UTC;0;981;981,1;980,8;1173;14,5;5,6;14,8;14,3;6,5;5,1;60;53;56;314;11,4;8,2;
2026/06/25;2000 UTC;0;981,1;981,4;980,8;560;13,8;5,7;14,3;13,1;6;5,2;64;55;60;307;8,6;6,2;
2026/06/25;2100 UTC;0;981,3;981,5;981,1;69,1;11,6;5,8;13;10,5;5,9;5,6;76;64;71;321;6,2;4,1;
2026/06/25;2200 UTC;0;981,2;981,4;981,1;0;10,8;5,4;11,4;10,1;5,6;5,2;76;71;73;317;6,8;4,2;
2026/06/25;2300 UTC;0;981,3;981,4;981,3;0;10,3;5,2;11;9,9;5,3;5,1;76;71;74;324;8,5;5,3;
2026/06/26;0000 UTC;0;981,2;981,4;981,1;0;9,6;5,1;10,8;9,2;5,2;5;80;72;78;318;6,3;4,2;
2026/06/26;0100 UTC;0;981,3;981,4;981,1;0;10,1;5,2;10,6;9,5;5,3;5,1;78;73;76;312;9,3;5,9;
2026/06/26;0200 UTC;0;981,2;981,3;981;0;10,3;5,1;10,4;10,2;5,2;5,1;75;74;74;313;9,8;6,6;
2026/06/26;0300 UTC;0;981,3;981,4;981;0;10,5;5,2;10,7;10,3;5,3;5,1;74;72;73;313;11,8;6,7;
2026/06/26;0400 UTC;0;981,3;981,4;981,2;0;10,2;5,1;10,3;10;5,2;5;76;74;75;306;9,5;6,5;
2026/06/26;0500 UTC;0;981,6;981,8;981,3;0;9,8;5,1;10,3;8,7;5,2;4,9;82;73;77;288;8,8;5,9;
2026/06/26;0600 UTC;0;981,6;981,6;981,5;0;8,1;5,2;8,7;7,6;5,3;5,1;87;82;85;284;7,6;5,1;
2026/06/26;0700 UTC;0;981,5;981,6;981,4;0;7,1;5;7,6;6,7;5,1;4,9;91;87;89;276;5,9;4,2;
2026/06/26;0800 UTC;0;981,4;981,5;981,3;0;6,6;4,9;7;6,3;5;4,8;93;90;92;280;5,1;3,7;
2026/06/26;0900 UTC;0;981,6;981,9;981,4;0;6,2;4,8;6,3;6;5;4,7;94;92;93;263;4,7;3,3;
2026/06/26;1000 UTC;0;982,2;982,5;981,9;0;5,6;4,7;6,3;5;4,9;4,2;98;93;95;313;2,3;,7;
2026/06/26;1100 UTC;0;982,8;983;982,5;27,1;4,8;4,5;5,2;4,6;4,9;4,3;99;98;99;295;1,6;1;
2026/06/26;1200 UTC;0;983,4;983,8;983;453,3;5,7;5,1;6,8;4,8;5,6;4,5;99;92;97;307;2,6;1,9;
2026/06/26;1300 UTC;0;984;984,3;983,8;1041,3;8,1;5,8;9,3;6,9;6,4;5,5;93;83;89;301;3,5;2,4;
2026/06/26;1400 UTC;0;984,5;984,6;984,3;1562,1;10,2;6,4;11,1;9,2;6,8;5,9;85;77;81;316;4,1;2,8;
2026/06/26;1500 UTC;0;984,3;984,5;984;1916,2;12,1;6,9;12,9;11;7,5;6,5;79;70;74;312;6,3;4,6;
2026/06/26;1600 UTC;0;983,8;984,1;983,4;2072,4;13,7;7,5;14,7;12,8;8,4;7;73;64;69;305;5,1;3,2;
2026/06/26;1700 UTC;0;983,1;983,4;982,7;1980;15;7,7;15,5;14,6;8,1;7,2;67;60;63;306;7;3,8;
2026/06/26;1800 UTC;0;982,7;982,8;982,6;1691,7;15,4;7,5;15,7;15;8,1;7,1;64;58;60;310;6,6;4;
2026/06/26;1900 UTC;0;982,7;982,8;982,5;1170,4;15,4;7,3;15,7;14,5;7,8;6,9;62;58;60;311;4,1;2,4;
2026/06/26;2000 UTC;0;982,8;982,9;982,6;556,3;15,1;7,2;15,6;14,6;7,7;6,8;62;58;60;323;1,9;1,1;
2026/06/26;2100 UTC;0;983;983,2;982,9;62,9;12,8;7,7;14,7;10,9;8,2;7;82;62;74;182;,6;,4;
2026/06/26;2200 UTC;0;983,1;983,3;982,8;0;10,7;6,8;11,1;9,8;7,3;5,7;83;79;80;168;4;1,1;
2026/06/26;2300 UTC;0;983,7;983,9;983,3;0;8,6;7,2;9,3;7,7;7,9;5,7;97;82;93;134;3,7;2,9;
2026/06/27;0000 UTC;0;983,9;984;983,8;0;7,5;7;7,9;7;7,5;6,5;99;95;98;128;3,4;2,6;
2026/06/27;0100 UTC;0;983,6;983,8;983,5;0;7,8;7,3;8,1;7,5;7,6;6,8;99;95;97;115;3,7;2,4;
2026/06/27;0200 UTC;0;983,6;983,7;983,5;0;7,4;6,9;8;6,6;7,5;6,1;99;95;97;84;3,6;2,8;
2026/06/27;0300 UTC;0;983,5;983,6;983,3;0;7,2;7,1;7,9;6,2;8;6;100;98;99;76;3,5;2,4;
2026/06/27;0400 UTC;0;983,6;983,8;983,3;0;7,1;7,2;7,6;6,5;7,6;6,5;100;100;100;147;1,9;1,2;
2026/06/27;0500 UTC;0;983,4;983,8;983,1;0;7,6;6,5;8,3;7,3;7,5;5,8;100;89;94;68;3;1,4;
2026/06/27;0600 UTC;0;982,8;983,2;982,5;0;7,7;5,7;9;6,5;6,7;4,7;94;88;90;34;5,3;3,2;
2026/06/27;0700 UTC;0;982,5;982,6;982,4;0;8,5;5,9;8,9;7,5;6,8;4,4;92;79;87;45;3,4;2;
2026/06/27;0800 UTC;0;982,3;982,4;982,2;0;8,4;4,1;8,7;8,2;4,7;3,5;81;75;78;281;2,9;1,3;
2026/06/27;0900 UTC;0;982,1;982,2;982;0;8,1;3,5;8,5;7,7;3,7;3,3;79;75;77;271;4,3;2,6;
2026/06/27;1000 UTC;0;982,3;982,4;982,1;0;7,8;3;8,4;7;3,6;2,3;78;73;76;107;2,2;,9;
2026/06/27;1100 UTC;0;982,5;982,6;982,4;31,9;8,2;1,7;9;7,4;2,4;1,1;73;63;68;68;2,7;1,2;
2026/06/27;1200 UTC;0;982,7;982,9;982,6;467,2;10,8;3,8;11,9;9;5,1;1,6;69;61;65;41;3,9;2,5;
2026/06/27;1300 UTC;0;983,1;983,3;982,9;994,5;12,5;5,7;14,1;11,5;6,7;5;74;58;66;49;3;1,7;
2026/06/27;1400 UTC;0;983,2;983,3;983,1;1627,6;14,5;6,3;15,3;13,9;7,2;5,3;62;56;59;47;4;2,9;
2026/06/27;1500 UTC;0;982,8;983,1;982,4;1967,4;15,6;6,7;16,1;15,2;7,6;5,7;60;49;55;70;5,6;4;
2026/06/27;1600 UTC;0;982;982,4;981,7;2091,1;16,3;6,4;16,8;16;7,5;5,6;54;48;51;87;5;3,3;
2026/06/27;1700 UTC;0;981,3;981,7;980,7;1981,5;16,6;6,4;16,9;16,3;7,4;5,6;54;45;49;79;5,9;3,9;
2026/06/27;1800 UTC;0;980,4;980,7;980,2;1671;16,6;6,4;16,8;16,5;7,2;5,8;53;45;49;94;6,2;4,4;
2026/06/27;1900 UTC;0;979,9;980,2;979,4;1169,7;16,3;6,4;16,6;15,9;7,1;5,5;53;46;51;90;6,8;5;
2026/06/27;2000 UTC;0;979,4;979,7;979,3;568,3;15,2;7,1;15,9;14;7,8;6,2;67;51;59;101;5;4;
2026/06/27;2100 UTC;0;979,1;979,3;978,8;72,3;11,9;7,4;13,9;10,1;7,6;7,2;87;67;77;108;4,8;4,2;
2026/06/27;2200 UTC;0;979,1;979,3;978,9;0;10,5;8,6;11,5;9,8;9,5;7,4;92;87;90;113;5,5;4,6;
2026/06/27;2300 UTC;0;979,1;979,3;978,8;0;11,9;9,9;12,1;11,5;10,3;9,6;91;90;90;99;6,2;4,5;
2026/06/28;0000 UTC;0;979,1;979,2;978,8;0;12,3;10,6;12,4;12,1;10,8;10,3;92;91;92;84;8;5,5;
2026/06/28;0100 UTC;0;978,7;979;978,5;0;12,3;10,6;12,3;12,2;10,8;10,5;93;91;92;101;6;4,5;
2026/06/28;0200 UTC;,2;978,5;978,8;978,2;,1;12;10,9;12,2;11,8;11,1;10,6;97;92;94;100;4,1;2,7;
2026/06/28;0300 UTC;0;978,1;978,3;977,9;0;11,5;10,8;11,8;11,2;11,1;10,6;98;96;97;106;3,3;2,2;
2026/06/28;0400 UTC;0;977,6;978;977,2;0;11,5;10,8;11,7;11,2;10,9;10,6;97;95;97;112;3,4;2,2;
2026/06/28;0500 UTC;0;977,1;977,2;976,8;0;12,3;10,9;12,8;11,1;11,2;10,6;98;90;93;187;2,6;1,1;
2026/06/28;0600 UTC;1,4;976,5;976,8;976,2;0;12,5;11,3;12,7;12,4;11,4;11,1;95;92;94;280;1,8;1;
2026/06/28;0700 UTC;,2;975,9;976,2;975,8;0;12,6;11,4;12,9;12,5;11,8;11;97;91;94;299;2,7;1,8;
2026/06/28;0800 UTC;1,2;;975,8;;0;12,6;12,3;13,1;12,4;13;11,8;99;97;98;270;4,2;2,9;
2026/06/28;0900 UTC;1;;;;0;12,9;12,9;13,1;12,6;13,2;12,7;100;99;100;255;3;2,1;
2026/06/28;1000 UTC;0;;;;,1;13,2;13,2;13,4;13;13,5;13;100;100;100;270;3,6;2,6;
2026/06/28;1100 UTC;0;;;;4,3;13;13;13,3;12,9;13,3;12,9;100;100;100;298;3,4;2,7;
2026/06/28;1200 UTC;,2;;;;59,7;13;13,1;13,1;12,9;13,2;13;100;100;100;318;4,8;3,5;
2026/06/28;1300 UTC;0;;;;64,7;13,3;13,3;13,4;13;13,5;13,1;100;100;100;292;5,5;3,7;
2026/06/28;1400 UTC;0;;;;157,7;13,6;13,6;13,8;13,4;13,8;13,5;100;100;100;296;5,3;3,5;
2026/06/28;1500 UTC;0;;;;283,5;13,8;13,8;14;13,7;14;13,7;100;100;100;306;5,3;3,1;
2026/06/28;1600 UTC;0;;;;434,9;14,2;14,2;14,4;14;14,4;14,1;100;100;100;283;6,7;4,2;
2026/06/28;1700 UTC;0;;;;244,5;13,7;13,6;14,3;13,5;14,4;13,2;100;98;99;281;7,5;5;
2026/06/28;1800 UTC;0;;;;354;13,5;12,6;13,8;13,2;13,2;12;99;92;96;282;7,4;5;
2026/06/28;1900 UTC;0;;;;455,4;13,8;11,6;13,9;13,8;12,2;11,2;92;87;89;293;7,6;5,4;
2026/06/28;2000 UTC;0;;;;375,7;14,2;11,3;14,6;13,8;11,9;10,6;89;82;86;292;6,5;4,5;
2026/06/28;2100 UTC;0;;;;52,8;13,4;10,3;14,1;12,6;11,1;9,7;87;82;84;281;5,9;4;
2026/06/28;2200 UTC;0;;;;0;12,8;9,3;13,1;12,4;9,7;8,9;86;79;82;260;10,6;6,6;
2026/06/28;2300 UTC;0;;;;0;12,4;8,4;13;11,8;9;7,9;84;77;80;262;10;6,5;
2026/06/29;0000 UTC;0;;;;0;11,2;8,6;11,8;10,7;8,6;8,5;90;84;87;249;6,2;3,8;
2026/06/29;0100 UTC;0;977,1;977,4;976,7;0;10,6;8,3;10,9;10,2;8,7;7,9;91;86;89;218;4,4;2,4;
2026/06/29;0200 UTC;0;977,6;978;977,4;0;9,8;7,6;10,2;9,5;7,9;7,1;90;87;89;201;3,4;1,6;
2026/06/29;0300 UTC;0;978,4;978,7;978;0;8,6;7,4;9,5;7,9;7,7;7;98;88;94;264;3,7;1,9;
2026/06/29;0400 UTC;0;979;979,2;978,7;0;8,5;6,8;8,8;8,1;7,5;6,5;97;89;92;246;5,6;3,3;
2026/06/29;0500 UTC;0;979,1;979,2;978,9;0;7,9;6,7;8,2;7,6;7;6,5;96;92;94;232;5,2;3,1;
2026/06/29;0600 UTC;0;978,9;979;978,8;0;7,7;6,6;8;7,4;6,8;6,5;97;93;95;207;5;2,8;
2026/06/29;0700 UTC;0;978,9;979,1;978,8;0;7,5;6,5;7,6;7,4;6,8;6,3;96;94;95;208;6,3;3,6;
2026/06/29;0800 UTC;0;979,3;979,4;979,1;0;7,4;6,5;7,6;7,2;6,7;6,4;97;94;96;217;7,3;4,9;
2026/06/29;0900 UTC;0;979,5;979,7;979,3;0;7,2;6,6;7,5;7;6,7;6,4;98;96;97;221;8,2;5,5;
2026/06/29;1000 UTC;0;979,8;980;979,6;0;6,5;6,3;6,9;6,1;6,5;6;100;97;99;235;4,4;1,8;
2026/06/29;1100 UTC;0;980;980,2;979,8;29,5;6,2;5,8;6,4;6,1;6;5,6;99;96;98;202;5,6;2,9;
2026/06/29;1200 UTC;0;980,5;981;980,1;261,4;6;5,6;6,5;4,8;6,3;4;100;95;98;192;3,3;1,4;
2026/06/29;1300 UTC;0;981,6;982,1;980,9;609,1;6,6;6,3;7;6,2;6,7;5,9;100;97;98;328;2,2;1,3;
2026/06/29;1400 UTC;0;982,3;982,5;982;714;6,6;6,5;7;6,3;7;6,3;100;99;100;315;3,3;2,2;
2026/06/29;1500 UTC;0;982,2;982,4;981,7;1519,8;7,7;6,5;9;6,6;7,2;5,7;100;85;94;282;3,6;2;
2026/06/29;1600 UTC;0;981,5;981,8;981,1;2123,9;10,1;5,7;11,2;9,1;6,6;4,1;86;69;78;265;4;2,1;
2026/06/29;1700 UTC;0;980,8;981,1;980,6;2052;11,6;6,4;12,2;10,9;7,3;5,4;79;68;74;277;5;2,5;
2026/06/29;1800 UTC;0;980,5;980,6;980,3;1752,4;11;7;11,7;10,1;7,5;6,4;84;75;80;276;6,3;4,2;
2026/06/29;1900 UTC;0;980,5;980,6;980,3;1156,7;9,7;6,6;10,3;9,2;6,9;6,2;86;83;84;279;4,8;3,3;
2026/06/29;2000 UTC;0;980,4;980,5;980,3;579,4;9,2;6,3;9,6;8,7;6,6;6;87;84;85;283;2,8;2;
2026/06/29;2100 UTC;0;980,6;980,7;980,5;79,1;7,3;5,7;8,7;6,1;6,1;5,4;97;87;92;280;3,1;2,8;
2026/06/29;2200 UTC;0;980,8;981,1;980,6;0;5,9;5,4;6,1;5,5;5,6;5;98;97;97;256;3;2,4;
2026/06/29;2300 UTC;0;981,1;981,2;981;0;5,6;5;5,8;5,5;5,3;4,7;99;95;97;263;2,6;2;
2026/06/30;0000 UTC;0;981,2;981,3;981,2;0;5,7;5;5,9;5,1;5,4;4,2;98;95;96;260;,9;,3;
2026/06/30;0100 UTC;0;981,2;981,4;981,1;0;6,2;4,7;6,7;5,5;5,9;3,9;100;86;92;147;1,2;,7;
2026/06/30;0200 UTC;0;981,3;981,5;981,2;0;6,5;3,5;6,7;6,3;4,4;2,9;91;82;85;182;,6;,4;
2026/06/30;0300 UTC;0;981,4;981,5;981,3;0;6,3;3,6;6,9;5,5;4,9;2,9;91;82;87;263;,6;,3;
2026/06/30;0400 UTC;0;981,3;981,4;981,2;0;7,3;4,3;7,9;6,9;4,8;3,9;88;81;85;290;1,2;,9;
2026/06/30;0500 UTC;0;981;981,2;980,8;0;6,2;3,6;7,7;5,3;4,4;2,5;94;81;87;152;1,4;1,1;
2026/06/30;0600 UTC;0;980,5;980,8;980,1;0;5,3;1,8;5,5;4,9;2,5;1,3;85;80;83;154;1,6;1,2;
2026/06/30;0700 UTC;0;980;980,1;980;0;5,2;1,4;6,5;4,1;2,6;,5;87;71;81;166;4,7;2,9;
2026/06/30;0800 UTC;0;979,9;980,1;979,8;0;4,2;2,1;5,7;3,6;2,6;1,4;92;83;89;139;4,2;3,1;
2026/06/30;0900 UTC;0;979,7;979,8;979,7;0;3,4;2;3,8;3,1;2,5;1,5;96;89;93;147;4,7;4;
2026/06/30;1000 UTC;0;979,8;980;979,7;0;3,7;2,3;4,4;3,1;2,9;1,8;97;89;93;135;3,5;2,8;
2026/06/30;1100 UTC;0;980,1;980,3;980;23,8;3,9;2,4;4,4;3,5;2,8;1,9;96;91;93;147;4,5;3,6;
2026/06/30;1200 UTC;0;980,7;980,8;980,3;441,8;5,5;3,5;6,5;4,4;4,4;2,8;92;88;90;134;5,4;4,3;
2026/06/30;1300 UTC;0;981;981,2;980,8;1073,7;7,4;5,2;8,5;6,6;6,2;4,3;90;85;89;117;5,3;4,2;
2026/06/30;1400 UTC;0;980,9;981,2;980,6;1474,4;9,1;5,4;9,6;8,5;6,5;4,7;88;77;81;96;6,4;5,1;
2026/06/30;1500 UTC;0;980,5;980,7;980,3;2031,6;10,6;5,5;11,5;9,5;6,5;3,9;81;62;75;93;7,2;5;
2026/06/30;1600 UTC;0;980;980,5;979,5;1749,4;11,3;4,8;11,8;10,7;5,8;3,9;72;63;67;92;7,8;6;
2026/06/30;1700 UTC;0;979;979,5;978,7;2028,7;12;5,2;12,5;11,7;6;4,4;69;61;66;97;6,8;4,7;
2026/06/30;1800 UTC;0;978,6;978,8;978,4;1724,5;12,3;5,1;12,5;12,2;6,2;4,5;69;61;64;94;6,4;4,2;
2026/06/30;1900 UTC;0;978,5;978,6;978,1;808,4;11,8;5,2;12,3;11,3;6;4,8;70;63;67;85;6,3;4,6;
2026/06/30;2000 UTC;0;977,8;978,1;977,4;480,8;10,7;5,1;11,6;9,7;5,6;4,7;78;66;72;103;7,2;4,7;
2026/06/30;2100 UTC;0;976,9;977,4;976,1;38,3;9,2;5,7;9,7;8,7;6;5,4;87;79;83;107;5,2;4,2;
2026/06/30;2200 UTC;0;977,1;977,5;976,6;0;8,5;6,2;8,7;8,4;6,6;5,9;90;86;89;116;5;4;
2026/06/30;2300 UTC;0;978;978,3;977,4;0;8,6;6,8;8,7;8,4;6,9;6,6;92;89;91;123;3,8;3,2;
2026/07/01;0000 UTC;0;978,1;978,2;978;0;8,5;7,1;8,6;8,2;7,3;6,8;95;91;93;117;3,6;3,1;
2026/07/01;0100 UTC;0;978,1;978,1;978;0;7,9;7,3;8;7,8;7,5;7,2;98;97;97;118;3,1;2,6;
2026/07/01;0200 UTC;0;977,9;978;977,7;0;7,3;7;7,9;6,6;7,5;6,1;100;97;99;125;4,8;3,8;
2026/07/01;0300 UTC;0;977,9;978;977,7;0;7,5;7,4;8,1;7,2;7,9;6,9;100;99;99;125;6,4;4,8;
2026/07/01;0400 UTC;0;977,9;978;977,8;0;8,4;7,9;8,4;8,1;8;7,8;99;97;98;132;5,1;4,1;
2026/07/01;0500 UTC;0;977,9;978,1;977,8;0;8,3;8,1;8,5;8,2;8,3;7,9;100;97;99;128;4,2;3,4;
2026/07/01;0600 UTC;0;977,9;978;977,8;0;8,3;8,4;8,7;8;8,8;8;100;100;100;134;4,4;3,5;
2026/07/01;0700 UTC;0;977,8;978;977,5;0;8,8;8,8;9;8,7;8,9;8,7;100;99;100;144;5,9;4,8;
2026/07/01;0800 UTC;0;977,4;977,6;977,2;0;9;8,5;9;8,8;8,7;8,3;99;97;97;133;4,6;3,3;
2026/07/01;0900 UTC;0;977,4;977,5;977,2;0;8,8;8,4;8,9;8,7;8,6;8,3;99;97;98;128;5;3,7;
2026/07/01;1000 UTC;0;977,7;977,9;977,4;0;8,8;8,8;9;8,8;9,1;8,6;100;99;100;136;5,8;4,5;
2026/07/01;1100 UTC;0;978,2;978,6;977,6;5,4;9;9,1;9,1;9;9,2;9,1;100;100;100;132;5,2;3,9;
2026/07/01;1200 UTC;0;978,9;979,2;978,3;65,7;9,2;9,2;9,4;9,1;9,5;9,1;100;100;100;127;4,3;3,2;
2026/07/01;1300 UTC;0;979,6;980,1;979,1;294,5;9,9;10;10,3;9,5;10,4;9,5;100;100;100;118;4,3;3,4;
2026/07/01;1400 UTC;0;980,1;980,3;980;531,1;10,8;10,8;11,2;10,3;11,3;10,3;100;100;100;136;6,6;4,7;
2026/07/01;1500 UTC;0;980,1;980,3;979,8;555,9;11,3;11,4;11,7;11,1;11,7;11,1;100;100;100;126;6,2;4,6;
2026/07/01;1600 UTC;0;979,5;979,8;979;706,1;11,8;11,8;12,2;11,5;12,3;11,6;100;100;100;137;8;5,1;
2026/07/01;1700 UTC;0;978,6;979;978,4;951,8;12,3;12,3;12,8;12;12,8;12,1;100;98;100;129;7,3;5,4;
2026/07/01;1800 UTC;0;978,6;978,8;978,4;649,3;12,8;12,2;13,4;12,4;12,5;12;99;94;97;133;7,2;5,8;
2026/07/01;1900 UTC;0;978,7;978,9;978,4;609,6;13,5;12,5;14,1;13,3;12,8;12;97;90;95;133;8;5,8;
2026/07/01;2000 UTC;0;979,3;979,6;978,9;363,3;13,8;12,2;14,3;13,3;12,7;11,8;95;91;92;135;8,4;6;
2026/07/01;2100 UTC;0;979,6;979,8;979,4;40,9;12,9;12,4;13,2;12,7;12,6;12,1;99;94;98;154;10,7;7,1;
2026/07/01;2200 UTC;0;980,1;980,3;979,8;,1;12,5;12,3;12,7;12,4;12,5;12,2;100;98;99;140;8,8;6,7;
2026/07/01;2300 UTC;,4;980,8;981,2;980,3;,6;12;12;12,5;11,3;12,5;11,3;100;100;100;159;8,7;6,5;
2026/07/02;0000 UTC;,6;981,6;982;981,2;,2;10,8;10,9;11,3;10,6;11,3;10,7;100;100;100;163;7,6;5,7;
2026/07/02;0100 UTC;,2;982,1;982,3;981,8;,2;10,3;10,3;10,6;9,8;10,6;9,9;100;100;100;162;10,6;8;
2026/07/02;0200 UTC;,2;982,7;983,2;982,3;0;9,8;9,8;9,8;9,7;9,9;9,5;100;99;100;163;11,1;7,7;
2026/07/02;0300 UTC;,2;982,6;983,1;981,8;,1;9,5;9,3;9,8;9,1;9,5;9;100;99;99;163;11,3;8,5;
2026/07/02;0400 UTC;,2;983,1;983,4;982,3;0;8,8;8,6;9,1;8,6;9;8,3;100;99;99;165;11,3;7,5;
2026/07/02;0500 UTC;0;983;983,2;982,8;0;8,4;8,3;8,4;8,3;8,4;8,2;100;99;100;165;10,7;7,7;
2026/07/02;0600 UTC;0;983,2;983,5;982,8;0;8,2;7,9;8,3;8,2;8,2;7,7;100;97;98;166;9,8;6,8;
2026/07/02;0700 UTC;0;983;983,6;982,4;0;8,2;7,4;8,3;8,1;7,7;7,3;97;96;96;165;11,9;7,8;
2026/07/02;0800 UTC;0;983,4;983,9;982,9;0;8;7,3;8,1;7,9;7,5;7,1;98;96;97;175;9,6;6,1;
2026/07/02;0900 UTC;,2;983,5;983,9;983;0;7,7;7,3;7,9;7,6;7,5;7,2;99;97;98;166;12,8;7,1;
2026/07/02;1000 UTC;,2;983,6;984;983,1;0;7,4;7,2;7,6;7,1;7,5;7;100;99;99;169;12,7;7,7;
2026/07/02;1100 UTC;,4;984,1;984,5;983,9;5,7;6,9;6,7;7,2;6,5;7,1;6,2;100;98;99;168;13,2;8,3;
2026/07/02;1200 UTC;0;984,7;985,3;984,4;74,6;6,8;6,4;6,9;6,5;6,6;6,2;99;97;98;163;12,1;7,9;
2026/07/02;1300 UTC;,2;985,6;986;985,2;201,3;6,8;6,5;6,9;6,7;6,6;6;99;97;98;170;9,7;5,7;
2026/07/02;1400 UTC;,8;986,1;986,2;985,9;347,2;6,2;6;6,8;5,9;6,6;5,5;99;97;99;178;13,3;6,7;
2026/07/02;1500 UTC;,2;986;986,2;985,9;547,4;5,9;5,3;6;5,8;5,5;5,1;98;96;97;174;10,9;5,9;
2026/07/02;1600 UTC;0;985,8;986,2;985,4;585,4;6,1;4,7;6,4;5,9;5,4;4,1;97;90;93;181;10,4;5,8;
2026/07/02;1700 UTC;0;985,1;985,5;984,8;719,5;6,4;4,1;6,7;6,2;4,8;3,5;92;87;89;168;10,7;6,5;
2026/07/02;1800 UTC;0;984,8;984,9;984,6;501,9;6,3;3,7;6,5;6,1;4,1;3,4;89;85;87;193;8,8;4,4;
2026/07/02;1900 UTC;0;984,8;985;984,6;404,3;6,6;3,3;6,8;6,5;3,8;2,9;86;81;83;204;6,1;3;
2026/07/02;2000 UTC;0;985,2;985,4;985;232,9;6,8;3,3;6,9;6,7;3,8;2,9;85;81;83;184;5;2,1;
2026/07/02;2100 UTC;0;985,5;985,6;985,3;38;6,5;2,3;6,7;6,3;3,3;1,8;83;77;79;180;4;2,5;
2026/07/02;2200 UTC;0;985,8;986,1;985,5;0;6,1;1,6;6,3;5,7;2,1;1,2;79;76;77;210;4,8;2,2;
2026/07/02;2300 UTC;0;986,3;986,4;986,1;0;5,3;,4;5,6;4,7;1,2;-,3;78;73;76;234;5,2;2,5;
2026/07/03;0000 UTC;0;986,5;986,6;986,3;0;4;-,4;4,7;3,5;-,1;-,8;79;76;78;214;4,7;2,1;
2026/07/03;0100 UTC;0;986,6;986,8;986,5;0;3,5;-,9;3,8;3,3;-,7;-1,2;79;76;78;217;8,2;4,2;
2026/07/03;0200 UTC;0;986,9;987;986,7;0;2,7;-1,4;3,3;2,2;-,9;-2,1;81;77;79;223;9,1;4,7;
2026/07/03;0300 UTC;0;986,9;987,1;986,7;0;1,8;-2,9;2,2;1,4;-2,1;-3,4;79;75;77;224;8,3;4,1;
2026/07/03;0400 UTC;0;986,8;986,9;986,6;0;1,1;-3,5;1,4;,7;-3,3;-3,6;79;75;77;250;6,4;3,4;
2026/07/03;0500 UTC;0;986,6;986,7;986,5;0;,5;-3;,9;-,7;-2,7;-3,3;89;79;83;299;3,9;2,8;
2026/07/03;0600 UTC;0;986,3;986,5;986,1;0;-1,4;-3;-,8;-1,8;-2,9;-3,3;94;89;92;314;4,8;3,7;
2026/07/03;0700 UTC;0;986;986;985,9;0;-2,1;-3;-2;-2,1;-3;-3,1;95;95;95;284;5;3,7;
2026/07/03;0800 UTC;0;985,8;985,9;985,6;0;-2,2;-2,9;-2,1;-2,3;-2,7;-3,1;97;95;97;281;5,4;4;
2026/07/03;0900 UTC;0;985,8;986,1;985,6;0;-2,4;-2,8;-2,1;-2,5;-2,6;-2,9;99;97;98;289;5,8;4,6;
2026/07/03;1000 UTC;0;986,2;986,5;986;0;-2,4;-2,5;-2,3;-2,6;-2,3;-2,7;100;99;100;305;6,3;4,2;
2026/07/03;1100 UTC;0;986,7;986,9;986,5;25,1;-2;-2;-1,8;-2,3;-1,7;-2,3;100;100;100;302;6,2;3,8;
2026/07/03;1200 UTC;0;986,9;987,1;986,7;429,5;-1,3;-1,4;-,8;-1,8;-,9;-1,7;100;99;100;295;7,3;4,8;
2026/07/03;1300 UTC;0;987,4;987,4;987,2;918;,2;-,1;,5;0;,1;-,2;99;97;99;293;8,9;6,6;
2026/07/03;1400 UTC;0;987,3;987,5;987,2;918,9;1,4;,5;2,3;,4;1,3;-,2;98;93;96;283;8,6;5,6;
2026/07/03;1500 UTC;0;987,1;987,4;986,8;872;3,6;1,6;5;2,3;2,2;1,1;94;85;90;260;8,3;4,6;
2026/07/03;1600 UTC;0;986,7;987;986,1;949,2;5,7;2,4;6,9;5;3,2;1,8;86;79;84;250;7,8;4,6;
2026/07/03;1700 UTC;0;985,9;986,2;985,6;1411,1;7,4;3,1;8;6,7;3,4;2,7;81;75;78;0;8;4,6;
2026/07/03;1800 UTC;0;985,4;985,8;985;1004,6;7,8;3,3;8,4;7,2;3,8;3;81;74;77;232;8,9;3,9;
2026/07/03;1900 UTC;0;985;985,1;984,9;783,2;8,1;3,4;8,5;7,5;3,8;3,1;79;75;77;234;7,5;3,8;
2026/07/03;2000 UTC;0;985,3;985,6;985;270,1;7,8;3,8;8,2;7,5;4,2;3,5;83;78;80;244;6;3,2;
2026/07/03;2100 UTC;0;985,9;986;985,7;24;7,4;4,1;7,5;7,2;4,3;3,9;85;82;84;249;4,2;2,2;
2026/07/03;2200 UTC;0;986,3;986,7;986;0;7,1;4,3;7,2;7,1;4,5;4,1;87;85;86;264;4,6;2,6;
2026/07/03;2300 UTC;0;986,6;986,7;986,4;0;6,9;4,5;7,1;6,9;4,7;4,4;89;87;88;253;4,9;2,6;
2026/07/04;0000 UTC;0;986,6;986,7;986,5;0;6,3;5,5;6,9;6,1;5,8;4,7;99;89;96;240;5,1;2,4;
2026/07/04;0100 UTC;0;986,5;986,7;986,4;0;6,1;5,6;6,2;6;5,8;5,4;99;96;97;250;5,5;2;
2026/07/04;0200 UTC;0;986,6;986,7;986,3;0;6;5,9;6;6;6,1;5,7;100;99;100;240;5,5;2,4;
2026/07/04;0300 UTC;0;986,3;986,4;986,2;0;6;5,9;6;5,9;6,1;5,6;100;98;100;216;4,9;3;
2026/07/04;0400 UTC;0;986,2;986,3;986,2;0;6;5,9;6;5,9;6;5,6;100;98;99;218;5,7;2,9;
2026/07/04;0500 UTC;0;986,2;986,4;986,1;0;5,9;5,9;6;5,8;6;5,9;100;100;100;272;4,9;3;
2026/07/04;0600 UTC;0;986,4;986,5;986,3;0;5,8;5,8;5,8;5,6;5,9;5,6;100;100;100;280;5,3;3,4;
2026/07/04;0700 UTC;,2;986,2;986,3;986,1;0;5,6;5,6;5,6;5,5;5,6;5,6;100;100;100;249;4,2;2,5;
2026/07/04;0800 UTC;0;985,7;986,1;985,3;0;5,6;5,6;5,6;5,5;5,7;5,6;100;100;100;245;4,9;2,8;
2026/07/04;0900 UTC;0;984,7;984,7;984,7;0;5,6;5,7;5,6;5,6;5,7;5,7;100;100;100;184;5,1;2,8;
2026/07/04;1000 UTC;,2;985,1;985,7;984,6;0;5,8;5,8;5,9;5,6;5,9;5,7;100;100;100;227;4,3;1,9;
2026/07/04;1100 UTC;0;985,8;986,2;985,5;9,7;5,9;6;6;5,9;6,1;5,9;100;100;100;175;4,8;2,5;
2026/07/04;1200 UTC;0;986,4;986,6;986,2;167,6;6,2;6,3;6,4;6;6,5;6,1;100;100;100;223;4,4;2,3;
2026/07/04;1300 UTC;0;986,8;987,1;986,5;465,3;6,4;6,4;6,7;6,2;6,7;6,2;100;100;100;191;6,1;2;
2026/07/04;1400 UTC;0;987;987,2;986,6;669;6,6;6,6;7;6,5;6,9;6,4;100;99;100;166;6,5;3,4;
2026/07/04;1500 UTC;0;986,7;986,8;986,4;799,1;7;6,9;7,4;6,8;7,3;6,6;100;99;99;157;7,4;4,2;
2026/07/04;1600 UTC;0;986;986,6;985,6;872,2;7,5;7,3;7,9;7,1;7,7;7;100;99;99;169;4,4;1,6;
2026/07/04;1700 UTC;0;985,4;985,9;984,7;794,5;8,2;7,4;8,5;7,8;7,8;7;99;94;96;140;5,2;3,3;
2026/07/04;1800 UTC;0;984,3;984,7;983,9;606,6;8,2;7,5;8,3;8;7,8;7,2;98;96;97;133;4,3;0;
2026/07/04;1900 UTC;0;984;984,4;983,6;435,4;8,4;7,8;8,6;8,1;8,1;7,5;98;96;97;150;2,4;1,5;
2026/07/04;2000 UTC;0;984,2;984,5;983,8;192,6;8,6;8,1;8,7;8,5;8,5;7,7;100;95;98;126;4,8;3,8;
2026/07/04;2100 UTC;0;984,3;984,6;983,9;26,3;8,4;8,4;8,5;8,3;8,5;8,4;100;100;100;133;3;1,9;
2026/07/04;2200 UTC;0;984,5;985,2;983,8;0;8,3;8,4;8,4;8,3;8,4;8,3;100;100;100;296;2,1;1,5;
2026/07/04;2300 UTC;0;985;985,2;984,6;0;8,3;8,4;8,4;8,3;8,4;8,3;100;100;100;296;2;,9;
2026/07/05;0000 UTC;0;984,7;984,9;984,4;0;8,5;8,5;8,6;8,3;8,6;8,3;100;100;100;150;2,4;1,5;
2026/07/05;0100 UTC;0;984,3;984,8;984,1;0;8,5;8,6;8,6;8,5;8,6;8,5;100;100;100;159;3,6;2,3;
2026/07/05;0200 UTC;0;984,6;984,7;984,3;0;8,5;8,6;8,6;8,5;8,6;8,5;100;100;100;157;6,6;4,6;
2026/07/05;0300 UTC;0;984,6;984,9;984,2;0;8,5;8,6;8,5;8,5;8,6;8,5;100;100;100;141;4,7;3,3;
2026/07/05;0400 UTC;0;984,2;984,9;983,7;0;8,4;8,5;8,5;8,4;8,5;8,4;100;100;100;120;6,3;4,6;
2026/07/05;0500 UTC;0;983,6;983,8;983,4;,1;8;8,1;8,4;7,7;8,5;7,8;100;100;100;107;5,9;4,2;
2026/07/05;0600 UTC;0;983,2;983,5;983;0;7,7;7,7;7,7;7,6;7,8;7,7;100;100;100;103;5,7;4,7;
2026/07/05;0700 UTC;0;982,9;983,2;982,7;0;7,5;7,5;7,6;7,3;7,7;7,4;100;100;100;107;5,2;4,4;
2026/07/05;0800 UTC;,2;982,5;982,8;982;0;7,2;7,3;7,5;7;7,5;7,1;100;100;100;128;5,6;4,3;
2026/07/05;0900 UTC;0;982,4;982,6;982,1;0;7,1;7,1;7,1;7;7,2;7,1;100;100;100;124;5,3;3,8;
2026/07/05;1000 UTC;0;982,7;982,8;982,5;0;7,1;7,2;7,2;7,1;7,3;7,1;100;100;100;127;5,2;4,3;
2026/07/05;1100 UTC;0;982,8;983;982,6;26;7,4;7,4;7,5;7,2;7,6;7,3;100;100;100;125;6,6;5,2;
2026/07/05;1200 UTC;0;982,6;983,2;982,3;221;7,6;7,7;7,8;7,5;7,8;7,6;100;100;100;126;7,6;5,7;
2026/07/05;1300 UTC;0;982,6;982,8;982,3;542,3;8,1;8,1;8,5;7,7;8,5;7,8;100;100;100;114;7,3;5,6;
2026/07/05;1400 UTC;0;982,8;983,4;981,9;889,2;8,8;8,9;9,9;8,4;9,9;8,4;100;100;100;101;7,9;5,8;
2026/07/05;1500 UTC;0;981,7;982,2;981,4;884,9;9,5;9,6;9,9;9,2;10;9,3;100;100;100;101;6,4;4,9;
2026/07/05;1600 UTC;0;981,3;982;980,9;633,9;10;10;10,2;9,8;10,3;9,8;100;100;100;89;6,9;3,6;
2026/07/05;1700 UTC;0;980,8;980,9;980,6;351,2;10,1;9,9;10,2;9,9;10,2;9,4;100;97;99;70;5,3;3,4;
2026/07/05;1800 UTC;0;980,6;980,9;980,4;202,8;10;9,6;10,1;9,9;9,7;9,4;99;98;98;77;2,9;2;
2026/07/05;1900 UTC;0;980,1;980,4;979,8;162;10,1;9,7;10,2;10;9,8;9,5;99;97;98;108;4;3,1;
2026/07/05;2000 UTC;0;980;980,2;979,8;43,9;10;9,8;10;9,9;9,9;9,7;100;99;99;112;4;3,2;
2026/07/05;2100 UTC;0;979,4;979,8;979,1;10,5;9,9;9,9;9,9;9,8;9,9;9,9;100;100;100;112;6;4,6;
2026/07/05;2200 UTC;0;979,1;979,3;978,9;0;9,9;9,9;9,9;9,8;9,9;9,9;100;100;100;101;5,5;4,1;
2026/07/05;2300 UTC;0;978,7;978,9;978,5;0;9,9;10;10,1;9,9;10,1;9,9;100;100;100;69;5,1;3,4;
2026/07/06;0000 UTC;,2;978,6;978,8;978,2;0;10;10,1;10,1;10;10,1;10;100;100;100;73;6,8;4,6;
2026/07/06;0100 UTC;0;978,3;978,6;978;0;10;10,1;10,1;10;10,1;10;100;100;100;82;4,2;1,9;
2026/07/06;0200 UTC;0;978,6;978,9;978,1;0;10,1;10,1;10,1;10,1;10,2;10,1;100;100;100;289;5;3,2;
2026/07/06;0300 UTC;0;978,8;979;978,5;0;10;10,1;10,1;9,9;10,1;10;100;100;100;277;4,9;3,4;
2026/07/06;0400 UTC;0;978,5;978,7;978,3;0;9,9;9,9;10;9,8;10;9,9;100;100;100;295;7;4,2;
2026/07/06;0500 UTC;0;978,3;978,6;977,8;0;9,7;9,8;9,8;9,7;9,9;9,7;100;100;100;305;7,5;4,9;
2026/07/06;0600 UTC;0;977,8;977,9;977,6;0;9,6;9,7;9,7;9,6;9,7;9,6;100;100;100;293;8,5;6,1;
2026/07/06;0700 UTC;0;977,8;978;977,5;,5;9,2;9,2;9,6;8,8;9,6;8,8;100;100;100;279;10,2;6,3;
2026/07/06;0800 UTC;,2;977,7;978;977,4;,3;8,4;8,5;8,7;8;8,8;8,1;100;100;100;269;11,3;6,8;
2026/07/06;0900 UTC;0;977,7;978;977,5;,1;7,7;7,8;8;7,5;8,1;7,5;100;100;100;278;8,1;5,5;
2026/07/06;1000 UTC;0;977,9;978;977,7;0;7,5;7,6;7,5;7,5;7,6;7,5;100;100;100;270;9,2;5,7;
2026/07/06;1100 UTC;0;978,1;978,7;977,7;5,7;7,5;7,5;7,5;7,2;7,6;7,3;100;100;100;276;10,6;7,4;
2026/07/06;1200 UTC;0;978,8;979;978,6;133,3;7,3;7,4;7,5;7,2;7,5;7,1;100;99;100;274;10,7;6,5;
2026/07/06;1300 UTC;0;979,4;979,8;978,8;239,8;7,3;6,6;7,4;7,1;7,2;5,9;99;93;97;276;10,6;6,4;
2026/07/06;1400 UTC;0;979,9;980,1;979,7;602,5;7,4;5,6;7,8;7,2;6,2;5;95;88;91;276;10,9;7;
2026/07/06;1500 UTC;0;980;980,1;979,8;740,1;7,7;5,1;8,5;7,2;5,8;4,2;91;82;87;279;11,5;7,2;
2026/07/06;1600 UTC;0;979,8;980,1;979,4;1078,7;8;3,6;8,5;7,7;4,2;3;82;73;78;270;11,4;7,9;
2026/07/06;1700 UTC;0;979,3;979,5;978,9;660,1;7,8;3,4;8,7;7,3;3,9;2,7;82;71;78;277;10,6;6,8;
2026/07/06;1800 UTC;0;978,9;979,1;978,7;542,5;7,1;3,3;7,4;6,8;4,1;2,1;86;75;81;270;10,7;7,8;
2026/07/06;1900 UTC;0;978,8;979;978,5;340,1;6,6;3;7;6,2;3,5;2,4;86;77;82;277;10,7;6,4;
2026/07/06;2000 UTC;0;979;979,3;978,8;114,2;6;2,9;6,2;5,7;3,4;2,6;86;83;85;277;9,4;5,9;
2026/07/06;2100 UTC;0;979,3;979,5;979,2;,3;5,5;3;5,7;5,3;3,3;2,7;;;;284;8,9;5,2;
2026/07/06;2200 UTC;0;979,8;980,2;979,4;0;5,3;2,9;5,3;5,2;3,4;2,4;91;86;88;286;9,5;6,2;
2026/07/06;2300 UTC;0;980,4;980,7;980,2;0;5,1;2;5,2;5;2,4;1,7;86;83;84;286;9,4;6,5;
2026/07/07;0000 UTC;0;981;981,2;980,7;0;4,4;1,9;5;4;2,2;1,6;89;85;87;280;7;4,6;
2026/07/07;0100 UTC;0;981,1;981,3;981;0;3,8;1,8;4,1;3,4;1,9;1,6;92;89;90;282;5,9;3,6;
2026/07/07;0200 UTC;0;980,8;981,1;980,6;0;3,1;2;3,5;2,7;2,1;1,9;96;92;95;295;7,3;4,7;
2026/07/07;0300 UTC;0;980,6;980,8;980,4;0;2,6;1,8;2,8;2,4;2;1,6;97;95;96;296;7,1;5,5;
2026/07/07;0400 UTC;0;979,9;980,4;979,5;0;2,2;1,3;2,7;1,4;1,6;,9;99;94;96;319;6;5,3;
2026/07/07;0500 UTC;0;979,4;979,6;979,3;0;1,8;1,3;2;1,6;1,5;1;99;97;98;315;5;4,2;
2026/07/07;0600 UTC;0;979,3;979,5;979;0;2,2;1,4;2,9;1,8;1,7;1,1;98;92;96;303;6,6;4,2;
2026/07/07;0700 UTC;0;978,7;979;978,3;0;2,7;1,3;2,9;2,3;1,5;1,1;95;92;93;286;5,8;3,7;
2026/07/07;0800 UTC;0;977,9;978,2;977,7;0;3,1;1,5;3,7;2,7;1,8;1,2;95;91;92;289;9,6;6,5;
2026/07/07;0900 UTC;0;978,1;978,3;977,9;0;4,4;1,6;4,5;4,3;1,6;1,5;86;85;86;289;11,2;8,3;
2026/07/07;1000 UTC;0;978,7;979;978,3;0;3,9;1,4;4,3;3,5;1,5;1,2;89;86;87;290;9,8;7,6;
2026/07/07;1100 UTC;0;979;979,2;978,9;26,8;3,2;1;3,5;3;1,2;,9;90;88;89;297;10;7,3;
2026/07/07;1200 UTC;0;979,3;979,5;979;456,1;4;1,1;4,8;3,3;1,2;,9;88;81;85;289;12,3;8,5;
2026/07/07;1300 UTC;0;979,7;980;979,5;1106,4;5,4;1,1;6;4,8;1,3;,9;81;75;78;287;12;8,5;
2026/07/07;1400 UTC;0;980;980,2;979,6;1666,5;6,9;1,2;8,1;6;1,7;,8;76;65;71;282;11,7;7,8;
2026/07/07;1500 UTC;0;980,1;980,3;979,9;2027,6;8,5;1,6;9,2;7,7;2,2;,7;68;62;65;296;12,3;9,3;
2026/07/07;1600 UTC;0;979,8;980,1;979,3;2192;9,9;1,5;10,5;9,2;2,2;1,1;64;54;58;285;13,8;10;
2026/07/07;1700 UTC;0;979,3;979,6;978,9;2093,6;11;2,1;11,6;10,4;2,8;1,4;58;54;55;295;14,4;9,4;
2026/07/07;1800 UTC;0;978,8;979;978,4;1778;12,1;2;12,8;11,4;2,6;1,3;56;46;49;285;12,5;8,2;
2026/07/07;1900 UTC;0;978,5;978,7;978,2;1281;12,6;2;12,8;12,4;2,4;1,5;49;44;47;280;11,3;7,9;
2026/07/07;2000 UTC;0;978,7;978,9;978,5;651,8;12,2;1,9;12,5;11,7;2,2;1,5;53;45;49;285;10,1;6,4;
2026/07/07;2100 UTC;0;979;979,2;978,9;80;10,3;1,9;11,6;9,5;2,2;1,7;62;52;58;277;7,2;5;
2026/07/07;2200 UTC;0;979,1;979,2;978,9;0;8,7;1,8;9,6;7,9;1,9;1,7;69;61;66;279;5,1;4;
2026/07/07;2300 UTC;0;979,2;979,4;979,1;0;7,1;1,6;8,4;6,2;1,8;1,4;77;67;73;268;3;2,4;
2026/07/08;0000 UTC;0;979,3;979,4;979,2;0;7,1;1,8;7,6;6,4;2,2;1,5;77;71;74;271;2,6;1,6;
2026/07/08;0100 UTC;0;979,5;979,6;979,3;0;7,4;2,9;7,7;7;3,4;2,2;79;74;77;267;4,1;3,4;
2026/07/08;0200 UTC;0;979,5;979,9;979,2;0;6,9;3,2;7,9;5,7;3,4;2,9;87;78;81;233;2,4;1,3;
2026/07/08;0300 UTC;0;979,8;979,9;979,7;0;6,8;3,2;7,4;5,5;3,3;2,7;88;78;82;297;3,3;2,5;
2026/07/08;0400 UTC;0;979,5;979,8;979,2;0;5,5;3,2;5,8;5,2;3,4;3;90;88;88;313;6,3;4,8;
2026/07/08;0500 UTC;0;979,5;979,6;979,3;0;6;3,4;6,2;5,6;3,5;3,3;89;86;87;315;5,3;4,2;
2026/07/08;0600 UTC;0;979,2;979,5;979;0;6,6;3,7;6,8;6,1;3,8;3,5;87;85;85;328;6,2;4,4;
2026/07/08;0700 UTC;0;979;979,1;978,8;0;6,5;3,5;6,9;6,1;3,6;3,4;87;83;85;321;7,2;5,8;
2026/07/08;0800 UTC;0;978,8;979;978,5;0;6,2;3,3;6,7;5,8;3,5;3,1;87;84;86;309;6,7;4,8;
2026/07/08;0900 UTC;0;978,7;978,8;978,5;0;6,2;3;6,6;5,9;3,1;2,9;86;82;84;309;7,1;6;
2026/07/08;1000 UTC;0;979,1;979,3;978,7;0;6,1;2,8;6,4;5,9;2,9;2,7;85;82;84;310;6,4;5,1;
2026/07/08;1100 UTC;0;979,4;980;979,2;24,1;6;2,7;6,5;5,5;2,8;2,5;86;81;84;290;6,1;4,6;
2026/07/08;1200 UTC;0;980,4;980,7;979,9;422;7,6;3,2;8,7;6,4;3,6;2,8;82;73;78;295;8,1;5,9;
2026/07/08;1300 UTC;0;980,8;980,9;980,5;1036;9,5;3,8;10,4;8,7;4,5;3,4;75;69;71;303;8;6,1;
2026/07/08;1400 UTC;0;980,9;981,2;980,7;1631,5;11,5;4,6;12,6;10,4;5,1;4,2;71;59;66;301;10,1;7,6;
2026/07/08;1500 UTC;0;980,5;980,8;980,3;0;13,3;4,6;14,1;12,6;5,2;4,3;60;53;56;307;11,5;8;
2026/07/08;1600 UTC;0;980,2;980,5;979,9;2141,3;14;5,1;14,4;13,6;5,6;4,6;58;53;55;292;9,2;6,3;
2026/07/08;1700 UTC;0;979,5;979,9;979,2;2156;14,7;5,6;15,3;14,1;6,4;5,1;58;52;55;302;8,3;5,6;
2026/07/08;1800 UTC;0;979,3;979,5;979,1;1836,4;15,4;6;16;14,9;6,7;5,3;56;49;53;310;6,4;4,3;
2026/07/08;1900 UTC;0;979,3;979,4;979,1;1050,5;15,5;6;16;14,8;6,6;5,4;56;50;53;313;4,4;2,7;
2026/07/08;2000 UTC;0;979,9;980,2;979,3;620,1;15,4;6,4;15,7;15,1;6,6;6;57;52;55;302;1,9;1,3;
2026/07/08;2100 UTC;0;979,6;979,8;979,4;97,8;13,6;6,1;15,2;12,3;6,6;5,6;67;56;62;275;2,2;1,9;
2026/07/08;2200 UTC;0;979,2;979,4;979,1;0;12;5,5;12,8;11,4;5,7;5,1;70;64;67;85;1,7;,8;
2026/07/08;2300 UTC;0;979,2;979,3;979,1;0;11,1;5,2;11,9;8,9;5,5;4,4;80;67;71;105;4,8;3;
2026/07/09;0000 UTC;0;979;979,2;978,8;0;8,9;5,4;9,7;8,1;5,9;4,8;87;80;82;129;3,8;3,1;
2026/07/09;0100 UTC;0;978,8;979,1;978,5;0;8,8;5,1;9,5;8,2;5,4;4,5;84;78;81;114;3,8;2,9;
2026/07/09;0200 UTC;0;978,5;978,7;978,4;0;8,9;5,3;9,4;8,3;5,5;4,8;84;79;82;89;4,5;2,2;
2026/07/09;0300 UTC;0;978,5;978,7;978,1;0;11,2;4,7;11,9;9,7;5,2;4,1;76;62;67;57;5,7;3,6;
2026/07/09;0400 UTC;0;977,8;978,1;977,5;0;10,5;3,5;10,7;10;4,3;2,7;69;62;65;273;3,7;1,3;
2026/07/09;0500 UTC;0;977,5;977,6;977,5;0;11,1;2,5;11,6;10,4;2,7;2,2;62;54;57;296;3,9;2,4;
2026/07/09;0600 UTC;0;977,5;977,8;977,1;0;11;1,7;11,5;10,2;2,3;1,1;57;50;54;324;5,2;2,7;
2026/07/09;0700 UTC;0;976,6;977,1;976,2;0;11,7;1,7;12,1;11,2;2;1,3;52;48;50;319;4,2;2,4;
2026/07/09;0800 UTC;0;976,5;976,7;976,2;0;11,5;1,6;12,2;10,9;2,1;1,2;53;48;50;311;3,5;2,4;
2026/07/09;0900 UTC;0;976,5;976,6;976,4;0;10,8;1;11,3;10,1;1,3;,7;54;49;51;310;3,1;1,9;
2026/07/09;1000 UTC;0;976,6;976,8;976,4;0;10,7;,9;11,7;10,2;1,4;,6;53;48;51;294;3,8;2,5;
2026/07/09;1100 UTC;0;977,1;977,3;976,7;43,6;10,8;1,7;11,8;10,1;2,3;1,3;60;47;54;306;4,8;3,8;
2026/07/09;1200 UTC;0;977,4;977,8;977,2;340,8;11,1;2,9;13;10;4,6;2,1;61;57;59;316;4,8;3,7;
2026/07/09;1300 UTC;0;978,1;978,4;977,8;1272,5;14,9;5,4;16,4;12,9;6,4;4,3;57;47;52;310;6,6;5;
2026/07/09;1400 UTC;0;978,4;978,5;978,2;712,3;15,4;6;16,4;15;6,5;5,4;57;48;53;296;5,5;4;
2026/07/09;1500 UTC;0;978,2;978,4;978,1;761,9;14,8;6,2;15,2;14,7;6,6;5,8;59;55;57;296;6,1;4,7;
2026/07/09;1600 UTC;0;977,7;978,1;977,1;1744,7;16,4;6,8;17,4;15,4;7,7;6,2;57;46;52;308;7;4,8;
2026/07/09;1700 UTC;0;976,8;977,1;976,4;1123,6;16,6;7,9;17,1;16,2;8,5;6,8;59;51;56;300;7,5;5,3;
2026/07/09;1800 UTC;0;975,8;976,4;975,4;1280,9;17,6;7,8;18,3;16,9;8,4;7,4;56;47;51;289;8,5;6;
2026/07/09;1900 UTC;0;975,2;975,7;974,8;715,3;17,3;7,6;17,8;16,8;8,1;7,2;55;49;52;300;6,7;5;
2026/07/09;2000 UTC;0;975,1;975,5;974,9;258,3;16,1;7,7;16,9;15,5;8,1;7,3;62;52;58;274;5,2;3,5;
2026/07/09;2100 UTC;0;975,3;975,6;975;59,2;14,7;7,8;15,5;13,9;8,1;7,2;68;62;65;275;4,7;3,2;
2026/07/09;2200 UTC;0;975,8;976;975,5;0;14,1;7,8;14,5;13,9;8,1;7,5;71;65;68;287;3,8;2,4;
2026/07/09;2300 UTC;0;976,3;976,5;975,9;0;13,8;8,1;13,9;13,6;8,2;7,9;73;70;72;318;4,1;3,1;
2026/07/10;0000 UTC;0;976,2;976,3;975,9;0;12,8;8,1;13,5;12,5;8,1;8;78;73;76;336;2,5;2;
2026/07/10;0100 UTC;0;975,9;976,1;975,8;0;12,5;7,8;13;11,6;8;7,6;81;74;77;331;3,1;2,4;
2026/07/10;0200 UTC;0;976,1;976,2;976;0;13;6,9;13,8;11,7;7,7;5,7;80;62;70;229;5,5;3,4;
2026/07/10;0300 UTC;0;976,1;976,2;976;0;12,9;7,2;14;12,5;8;6,6;77;63;71;285;3,2;2,7;
2026/07/10;0400 UTC;0;976;976,4;975,7;0;11,9;8;12,7;10,5;8,2;7,8;87;77;81;277;2,8;2;
2026/07/10;0500 UTC;0;975,9;976,1;975,9;0;11,1;8,2;11,8;10,5;8,4;7,9;87;83;85;314;3,6;2,8;
2026/07/10;0600 UTC;0;975,8;975,9;975,7;0;11;8,3;11,5;10,5;8,4;8,2;89;85;87;245;4,5;3,1;
2026/07/10;0700 UTC;0;975,7;975,9;975,5;0;10,7;8,2;11,5;10,3;8,4;7,9;90;83;87;289;2,4;1,9;
2026/07/10;0800 UTC;0;975,1;975,5;974,8;0;11,3;7,6;12,6;10,3;8,5;6,9;91;72;81;191;3,1;1,5;
2026/07/10;0900 UTC;0;975;975,1;974,8;,2;12,2;7,3;13,4;10,3;7,8;6,8;87;67;75;143;4,7;2,6;
2026/07/10;1000 UTC;0;975,8;976,3;975;0;11,6;7,6;12,2;11;7,8;7,4;84;77;80;146;4,7;2,4;
2026/07/10;1100 UTC;0;976,1;976,2;975,9;16,4;10,1;7,5;10,9;9,6;7,8;7,3;89;84;87;141;4,6;3,4;
2026/07/10;1200 UTC;0;976,2;976,4;976;318;10,7;7,8;11,1;10,3;8,4;7,4;90;82;86;119;4,8;4;
2026/07/10;1300 UTC;0;976,8;977,1;976,5;818;11,7;8;12,5;10,7;8,6;7,3;87;74;82;132;4,8;3,8;
2026/07/10;1400 UTC;0;977,1;977,3;976,9;1373,4;13,5;7,8;14,2;12,6;8,6;7,2;75;69;72;128;7;5,2;
2026/07/10;1500 UTC;0;976,7;977;976,2;1894,4;14,8;8;15,4;14,2;8,9;7,6;71;62;66;114;8,4;5,8;
2026/07/10;1600 UTC;0;975,9;976,4;975,4;2065,2;15,9;8,3;16,5;15,2;9,1;7,7;67;57;62;100;7,7;5,8;
2026/07/10;1700 UTC;0;975,2;975,4;975;1983;16,7;8,3;17;16,4;8,8;7,9;62;57;58;102;7,5;5,5;
2026/07/10;1800 UTC;0;974,9;975,1;974,7;1483;16,6;8,3;16,9;16,3;8,9;7,7;61;56;59;104;7,2;5,2;
2026/07/10;1900 UTC;0;974,9;975,2;974,6;1085,8;16,2;8,2;16,4;15,9;8,7;7,8;62;58;60;93;7,2;5,8;
2026/07/10;2000 UTC;0;975;975,4;974,6;496,9;15,1;8,7;15,9;14,1;9,2;8;75;61;68;85;6;4,3;
2026/07/10;2100 UTC;0;975,3;975,5;975,2;86,9;13,2;9,5;14,1;12;9,7;9,2;88;76;82;108;4,4;3,9;
2026/07/10;2200 UTC;0;975,4;975,5;975,2;0;12,6;10,3;13;12;10,5;9,7;89;87;88;112;7;5,8;
2026/07/10;2300 UTC;0;975,3;975,8;975;0;12,7;10,5;13;12,5;10,8;10,3;91;87;89;111;8,8;7,1;
2026/07/11;0000 UTC;0;975,6;975,9;975,2;0;12,2;10,8;12,5;12,1;10,9;10,7;94;91;93;123;7,9;6;
2026/07/11;0100 UTC;0;975,4;975,9;974,7;0;12,1;11,4;12,2;12,1;11,7;11;98;94;96;98;8,2;6,1;
2026/07/11;0200 UTC;0;975;975,3;974,6;0;12,3;11,9;12,4;12,2;12;11,7;99;97;98;92;10,5;6,4;
2026/07/11;0300 UTC;0;975,2;975,5;974,8;0;12,3;11,9;12,4;12,3;12,1;11,7;99;97;98;75;9;6,3;
2026/07/11;0400 UTC;0;975;975,3;974,7;0;12,3;11,9;12,4;12,2;11,9;11,8;98;97;98;82;7,8;5,2;
2026/07/11;0500 UTC;0;975,1;975,4;974,8;0;12,3;11,9;12,3;12,3;12;11,8;98;98;98;100;6,3;4,5;
2026/07/11;0600 UTC;0;974,8;975,3;974,4;0;12,2;12;12,3;12;12,1;11,9;100;98;99;109;7,2;5,4;
2026/07/11;0700 UTC;0;974,8;975,2;974,4;0;11,8;11,9;12;11,7;12;11,7;100;100;100;111;6,7;5,3;
2026/07/11;0800 UTC;0;974,3;974,5;974,1;0;11,6;11,6;11,7;11,5;11,7;11,5;100;100;100;111;7,2;5,4;
2026/07/11;0900 UTC;0;974,2;974,5;974,1;0;11,3;11,4;11,5;11,1;11,5;11,2;100;100;100;118;6,6;4,8;
2026/07/11;1000 UTC;0;973,9;974,3;973,5;0;11,1;11,1;11,1;11;11,2;11,1;100;100;100;116;7,3;5,3;
2026/07/11;1100 UTC;0;974,3;974,5;974;4,7;11,2;11;11,2;11,1;11,1;10,8;100;98;99;107;8,7;6,6;
2026/07/11;1200 UTC;0;974,6;975;974,1;75,2;11,2;11,2;11,3;11,2;11,3;10,9;100;99;100;116;7,3;5,3;
2026/07/11;1300 UTC;0;975,3;975,9;974,9;192,3;11,5;11,6;11,7;11,3;11,8;11,3;100;100;100;117;6,2;4,6;
2026/07/11;1400 UTC;0;976;976,2;975,8;249,2;11,6;11,7;11,7;11,5;11,8;11,6;100;100;100;144;5,7;4,6;
2026/07/11;1500 UTC;0;975,7;976;975,4;524,2;11,7;11,8;11,9;11,5;12;11,5;100;100;100;138;7,5;5,7;
2026/07/11;1600 UTC;0;975,4;975,8;974,9;614,1;12;12,1;12,5;11,8;12,5;11,8;100;100;100;129;7,3;5,3;
2026/07/11;1700 UTC;0;974,7;975;974,4;877;12,6;12,7;12,9;12,3;13;12,3;100;100;100;122;6,2;4,5;
2026/07/11;1800 UTC;0;974,7;974,8;974,4;549,1;12,7;12,7;12,9;12,6;12,9;12,5;100;100;100;117;6,5;4,7;
2026/07/11;1900 UTC;0;974,6;974,7;974,4;468,6;12,7;12,7;13;12,5;13,1;12,5;100;99;100;93;5,6;4,2;
2026/07/11;2000 UTC;0;975,1;975,3;974,7;239;12,7;12,4;12,8;12,5;12,5;12,3;99;98;99;121;3,5;2,8;
2026/07/11;2100 UTC;0;975,4;975,7;975,1;52,6;12,6;12;12,8;12,5;12,3;11,9;98;96;97;177;2,1;1,3;
2026/07/11;2200 UTC;0;975,8;975,9;975,7;0;12,5;12;12,5;12,4;12,1;11,8;98;97;98;271;1;,6;
2026/07/11;2300 UTC;0;975,7;975,9;975,6;0;12,1;11,8;12,4;11,6;12,1;11,4;100;98;99;53;1,5;1,1;
2026/07/12;0000 UTC;0;975,6;975,7;975,5;0;11,5;11,3;11,8;11,1;11,6;10,7;99;97;99;39;2,1;1,5;
2026/07/12;0100 UTC;0;975,4;975,5;975,3;0;11,2;11,1;11,7;10,7;11,4;10,7;100;98;99;285;2,1;1,2;
2026/07/12;0200 UTC;0;975,7;976;975,4;0;10,9;11;11,6;10,6;11,7;10,6;100;100;100;247;3,8;2,5;
2026/07/12;0300 UTC;0;975,8;975,9;975,6;0;11,6;11,7;11,7;11,5;11,7;11,6;100;100;100;284;6,2;4,3;
2026/07/12;0400 UTC;0;975,7;975,8;975,5;,1;11,3;11,3;11,6;11;11,6;11,1;100;100;100;257;6,3;3,2;
2026/07/12;0500 UTC;0;975,6;975,6;975,5;0;11,4;11,4;11,4;11,3;11,5;11,4;100;100;100;249;7,6;4;
2026/07/12;0600 UTC;0;975,8;976;975,6;0;10,8;10,6;11,3;10,3;11,4;9,9;100;97;99;229;7,7;4,2;
2026/07/12;0700 UTC;0;976;976,3;975,8;,1;9,9;9,2;10,3;9,5;9,9;8,2;98;93;97;221;6,6;4;
2026/07/12;0800 UTC;0;976,3;976,5;976,1;0;8,8;7,7;9,6;8,3;8,3;7,5;96;93;94;236;8,4;4,5;
2026/07/12;0900 UTC;0;976,6;976,8;976,4;0;8,2;7,4;8,3;8,1;7,6;7,1;97;95;96;244;7,4;3,9;
2026/07/12;1000 UTC;0;977,2;977,5;976,7;0;7,9;6,7;8,1;7,7;7,3;6,1;96;92;94;248;7,2;4,2;
2026/07/12;1100 UTC;0;977,8;978,1;977,5;6,8;7,5;6,4;7,7;7,4;6,8;6,1;97;92;94;268;5,5;3,2;
2026/07/12;1200 UTC;0;978,3;978,6;978;121;7,3;6,9;7,5;7,2;7,1;6,6;99;96;98;268;8,1;4,5;
2026/07/12;1300 UTC;0;978,7;979,1;978,5;391,2;7,7;6,5;8,1;7,5;6,9;6,2;96;92;94;263;8,3;5,1;
2026/07/12;1400 UTC;0;979,3;979,6;979;595;7,7;7,2;8;7,4;7,5;6,8;99;95;98;264;8;5,1;
2026/07/12;1500 UTC;0;979,3;979,6;979,1;721,4;8,2;7,6;8,6;7,9;8;7,2;99;95;97;266;7,1;4,5;
2026/07/12;1600 UTC;0;978,9;979,1;978,7;679;9;7,7;9,5;8,5;8,1;7,3;96;90;93;278;8;5,5;
2026/07/12;1700 UTC;0;978,8;978,9;978,6;708,7;9,6;8;9,8;9,3;8,7;7,3;96;89;92;280;8,6;5,8;
2026/07/12;1800 UTC;0;978,9;979;978,8;702,2;9,9;9,2;10,5;9,4;10,2;8,5;99;94;96;275;8,7;4,8;
2026/07/12;1900 UTC;,2;978,8;978,9;978,7;0;10,7;9,8;11,1;10,5;10,5;9,3;99;92;96;251;9,2;4,7;
2026/07/12;2000 UTC;,2;979,2;979,5;978,9;273,2;10,8;9,8;11,1;10,5;10;9,5;97;92;95;237;7,2;3,9;
2026/07/12;2100 UTC;0;979,9;980,2;979,6;39,8;10,4;9,8;10,5;10,3;10;9,4;98;95;97;236;6,2;3,3;
2026/07/12;2200 UTC;0;980,4;980,8;980,1;0;10,1;9,6;10,3;10;9,7;9,5;98;96;97;243;6,9;3,9;
2026/07/12;2300 UTC;,4;981,3;981,6;980,8;0;9,8;9,6;10;9,6;9,7;9,2;99;98;99;230;8,6;4,5;
2026/07/13;0000 UTC;,2;981,7;981,9;981,5;0;9,4;9,1;9,6;9,3;9,2;8,9;99;98;98;229;8,2;4,2;
2026/07/13;0100 UTC;0;982;982;981,9;0;9,2;8,8;9,3;9,1;9;8,7;99;98;98;240;7,4;3,2;
2026/07/13;0200 UTC;,2;982,1;982,3;982;0;8,9;8,6;9,1;8,6;8,7;8,5;99;98;99;224;5,5;2,9;
2026/07/13;0300 UTC;,2;982,2;982,4;982;0;8,5;8,4;8,6;8,4;8,5;8,4;100;99;100;236;7,8;3,9;
2026/07/13;0400 UTC;,2;982,4;982,5;982,3;0;8,4;8,4;8,4;8,3;8,4;8,4;100;100;100;252;4,8;2,3;
2026/07/13;0500 UTC;,2;982,3;982,4;982,1;0;8,3;8,4;8,4;8,2;8,4;8,3;100;100;100;225;4;2;
2026/07/13;0600 UTC;0;982,1;982,3;982;0;8,3;8,3;8,3;8,2;8,3;8,3;100;100;100;244;4,2;1,9;
2026/07/13;0700 UTC;,2;982;982,2;981,9;0;8,2;8,3;8,3;8,2;8,3;8,3;100;100;100;252;4;2,7;
2026/07/13;0800 UTC;0;981,9;982,2;981,7;0;8,2;8,3;8,3;8,2;8,3;8,2;100;100;100;250;5,5;3,4;
2026/07/13;0900 UTC;0;981,7;981,9;981,7;0;8,2;8,2;8,2;8,2;8,3;8,2;100;100;100;253;3,6;2,6;
2026/07/13;1000 UTC;,2;982,1;982,4;981,9;0;8,2;8,2;8,2;8,1;8,2;8,2;100;100;100;249;3,4;2,5;
2026/07/13;1100 UTC;0;982,8;983,4;982,4;18;8,1;8,2;8,2;8,1;8,2;8,1;100;100;100;246;3,2;2;
2026/07/13;1200 UTC;0;983,9;984,2;983,4;224,2;8,3;8,4;8,6;8,2;8,7;8,2;100;100;100;227;3,3;2;
2026/07/13;1300 UTC;0;984,4;984,6;984,2;509;8,8;8,8;9,3;8,4;9,4;8,5;100;100;100;191;2,4;1,3;
2026/07/13;1400 UTC;0;984,7;984,8;984,6;830,7;9,7;9,4;10,3;9;10;9;100;97;99;122;2,6;1,6;
2026/07/13;1500 UTC;0;984,8;984,9;984,7;1088,1;10,5;9,4;11,4;9,9;9,9;8,6;98;88;95;104;3,3;2,3;
2026/07/13;1600 UTC;0;984,5;984,7;984,2;997,5;11,2;9,5;11,5;10,9;10,4;8,9;96;88;92;140;3,8;2,5;
2026/07/13;1700 UTC;0;984,1;984,3;983,7;966,2;11,3;9,6;11,8;10,9;10,4;8,9;95;87;91;104;2,4;1,5;
2026/07/13;1800 UTC;0;983,4;983,7;983,3;620;11,6;9,6;11,9;11,3;10,3;9;94;86;90;93;2,4;1,5;
2026/07/13;1900 UTC;0;983,3;983,4;983,3;404,9;11,6;9,8;11,8;11,5;10,2;9,2;93;88;91;96;2;1;
2026/07/13;2000 UTC;0;983,4;983,5;983,2;199,9;11,4;10,4;11,8;11;10,7;9,6;98;90;95;78;2,5;1,6;
2026/07/13;2100 UTC;,6;983,7;983,8;983,5;30,2;10,7;10,5;11,1;10,6;10,7;10,3;100;98;99;48;1,4;1;
2026/07/13;2200 UTC;0;983,9;984,1;983,8;0;10,5;10,4;10,7;10,3;10,6;10,3;100;100;100;54;3;1,6;
2026/07/13;2300 UTC;,2;984,2;984,3;984;0;10,2;9,9;10,4;9,9;10,4;9,6;100;97;99;81;4,3;2,1;
2026/07/14;0000 UTC;0;984,3;984,6;984,1;0;9,9;9,3;10;9,6;9,6;8,9;99;95;97;39;3,8;2,5;
2026/07/14;0100 UTC;0;984,2;984,4;983,8;0;9,4;8,9;9,7;9,1;9,1;8,7;99;96;97;52;4;2,8;
2026/07/14;0200 UTC;0;983,7;983,8;983,6;0;8,8;8,2;9,1;8;8,8;7,7;99;95;97;66;3,3;2;
2026/07/14;0300 UTC;0;983,7;983,8;983,6;0;8,1;7,9;8,7;7,7;8,5;7,4;100;97;99;49;4,6;3;
2026/07/14;0400 UTC;0;983,6;983,9;983,3;0;9,1;8,5;9,3;8,6;8,8;8,2;98;96;97;39;5,1;3,5;
2026/07/14;0500 UTC;0;983;983,3;982,6;0;9;8,6;9,3;8,8;9;8,1;99;96;98;24;6,6;4;
2026/07/14;0600 UTC;0;982,7;982,9;982,5;0;8,4;8;8,8;8,1;8,4;7,8;100;97;98;29;4,3;2,6;
2026/07/14;0700 UTC;0;982,5;982,8;982,2;0;7,7;7,5;8,2;7,4;8,1;7,1;100;99;99;40;3,7;2,3;
2026/07/14;0800 UTC;0;982;982,2;981,9;0;7,5;7,1;7,7;7,3;7,3;6,9;99;96;98;35;4,2;2,6;
2026/07/14;0900 UTC;0;982;982,4;981,8;0;7,6;6,8;7,7;7,4;7;6,6;97;96;96;34;4,1;2,4;
2026/07/14;1000 UTC;0;982,3;982,5;982,1;0;7,6;6,7;8,1;7,1;6,9;6,3;97;93;95;156;3,6;1,7;
2026/07/14;1100 UTC;0;983,2;983,9;982,4;27,1;7,8;6,7;8,5;7,3;6,9;6,4;97;92;95;48;4,1;2,8;
2026/07/14;1200 UTC;0;983,4;983,6;983,1;480,9;9,3;7,4;10,1;8,5;8,1;6,9;92;89;90;55;4,7;2,3;
2026/07/14;1300 UTC;0;983,2;983,6;983,1;1269,8;10,9;8,4;11,7;10;8,8;7,8;90;83;88;41;6,8;4,7;
2026/07/14;1400 UTC;0;983,5;983,6;983,4;1724,1;12,7;8,9;13,7;11,7;9,4;8,5;86;75;81;34;7,2;4,4;
2026/07/14;1500 UTC;0;983,2;983,5;982,8;1979,8;14,2;9,2;14,9;13,7;9,9;8,6;78;71;75;32;7,2;4,6;
2026/07/14;1600 UTC;0;982,3;982,8;981,6;2092,9;15,7;9,5;16,8;14,8;10,3;8,6;73;64;69;53;6,6;4,2;
2026/07/14;1700 UTC;0;981,4;981,7;981,1;2089;17;9,2;17,7;16,5;10;8,4;67;55;61;317;6,8;4,1;
2026/07/14;1800 UTC;0;980,6;981,1;980;1783,4;17,7;8,8;18,1;17,6;9,8;8;59;52;55;36;6,4;3,7;
2026/07/14;1900 UTC;0;979,7;979,9;979,5;1343;17,8;8,7;18,1;17,5;9,6;8;59;51;55;40;6,5;3,8;
2026/07/14;2000 UTC;0;979,5;979,6;979,3;722,3;17;8,2;17,6;16,1;8,9;7,6;58;54;56;20;5,7;3,8;
2026/07/14;2100 UTC;0;979,3;979,5;979,1;129,9;14,5;7,9;16,1;13,3;8,3;7,8;74;59;67;44;4,7;3;
2026/07/14;2200 UTC;0;979,4;979,6;979,1;0;13;8,4;13,5;12,5;8,6;8,1;80;74;77;31;4,9;3,7;
2026/07/14;2300 UTC;0;979,8;980;979,5;0;12,5;8,6;13;12,1;8,8;8,5;82;79;81;27;5,8;3,7;
2026/07/15;0000 UTC;0;979,8;980;979,7;0;12;8,5;12,2;11,7;8,6;8,1;84;80;82;32;7,4;4,8;
2026/07/15;0100 UTC;0;979,3;979,7;979,1;0;11,5;8;12,2;11,1;8,2;7,9;85;79;82;35;6,4;4;
2026/07/15;0200 UTC;0;979,2;979,3;979;0;11;7,7;11,3;10,5;7,9;7,5;85;83;84;32;5,1;3,1;
2026/07/15;0300 UTC;0;979;979,2;978,8;0;10,2;7,3;10,4;10;7,5;6,9;87;83;86;35;3,6;2,2;
2026/07/15;0400 UTC;0;978,8;978,9;978,7;0;9,8;6,6;10,2;9,5;6,9;6,3;85;82;84;212;1,5;,6;
2026/07/15;0500 UTC;0;978,8;978,9;978,7;0;10;6,6;10,2;9,7;6,8;6,4;84;82;83;143;1,9;,9;
2026/07/15;0600 UTC;0;978,7;978,8;978,6;0;9,6;6,8;10,6;8,5;7,2;6,3;92;82;86;62;3,3;2,3;
2026/07/15;0700 UTC;0;978,7;978,9;978,4;0;8,7;7,2;10,7;8,1;8,1;6,5;95;86;92;44;5,4;3,3;
2026/07/15;0800 UTC;0;978;978,3;977,8;0;10,3;7,8;10,8;9,7;8;7,6;91;86;88;215;4,4;1,9;
2026/07/15;0900 UTC;0;977,9;978;977,8;0;10,1;7,8;10,6;9,7;8;7,4;90;86;88;303;4,4;2,6;
2026/07/15;1000 UTC;0;978,1;978,2;978;0;10,3;7,6;11,1;9,6;7,8;7,4;89;84;87;331;7,5;5,2;
2026/07/15;1100 UTC;0;978,3;978,4;978,1;31,9;10,9;7,8;11,1;10,7;7,8;7,7;85;83;84;336;7,8;5,2;
2026/07/15;1200 UTC;0;978,4;978,5;978,3;496,2;11,9;8;12,7;11,1;8,4;7,8;83;78;81;336;8,7;6;
2026/07/15;1300 UTC;0;978,7;979;978,4;1120,9;13,5;8,6;14,2;12,7;9;8,3;78;73;76;344;8,7;6,6;
2026/07/15;1400 UTC;0;978,9;979;978,8;1514,4;15,5;9,5;16,6;14,1;10,4;8,9;75;66;70;334;7,3;4,6;
2026/07/15;1500 UTC;0;978,6;979;978,3;2175,2;17,9;10,4;19,3;16,6;11,2;9,8;68;55;62;337;8,2;5,7;
2026/07/15;1600 UTC;0;978;978,3;977,5;1697,4;18,9;10,1;19,8;18,2;10,9;9,5;58;54;56;322;8,2;5,6;
2026/07/15;1700 UTC;0;977;977,5;976,6;2070,8;19,8;10,8;20,3;19,4;11,6;10,4;58;52;55;332;7,8;5,1;
2026/07/15;1800 UTC;7,5;976;976,4;976;1652,2;20,4;10,6;20,4;19,8;11,2;9,4;58;50;53;335;6,1;4;
2026/07/15;1900 UTC;0;975,9;976;975,8;1410,9;20,3;9,6;20,8;20,2;11,3;9,5;55;49;50;350;6,7;3,5;
2026/07/15;2000 UTC;0;975,8;976;975,8;691,3;18,6;11,1;20,5;18,6;11,2;9,2;62;49;62;38;4,9;2,2;
2026/07/15;2100 UTC;0;975,5;975,8;975,5;116,4;16,5;10,6;18,6;16;11,5;10,5;71;61;68;41;4,9;3,5;
2026/07/15;2200 UTC;0;975,6;975,6;975,4;0;15,4;10,8;16,6;15,4;10,9;10,4;74;67;74;51;6,1;4,6;
2026/07/15;2300 UTC;0;975,9;975,9;975,6;0;13,7;9,9;15,4;13,4;10,8;9,8;79;74;78;18;5,8;2,8;
2026/07/16;0000 UTC;0;975,3;975,9;975,3;0;14;9,8;14,7;13;9,9;9,4;79;72;76;58;6,7;3,9;
2026/07/16;0100 UTC;0;975,2;975,3;975,2;0;13,9;9,5;14,4;13,8;10;9,5;77;74;74;44;7,4;3,9;
2026/07/16;0200 UTC;0;975,3;975,3;975,1;0;13,1;9,3;14,2;13,1;9,6;9,3;78;73;78;310;7,4;1,4;
2026/07/16;0300 UTC;0;975;975,3;974,9;0;13,8;9,1;13,8;13,1;9,3;9,1;77;73;73;334;3,8;1,7;
2026/07/16;0400 UTC;0;974,8;975;974,8;0;14,7;9,2;15;13,9;9,3;9;73;68;69;324;5,6;1,6;
2026/07/16;0500 UTC;0;974,7;974,8;974,7;0;14,6;9,3;14,8;14,6;9,3;9,1;71;69;71;4;7,1;3,9;
2026/07/16;0600 UTC;0;974;974,6;974;0;15,8;9,1;15,8;15,1;9,4;9;68;65;65;18;7,7;4,9;
2026/07/16;0700 UTC;0;974,1;974,2;973,8;0;15;8,9;16,4;14,9;9,2;8,9;68;61;67;311;8,4;2,3;
2026/07/16;0800 UTC;0;974;974,1;973,9;0;17,3;8,9;17,4;15,1;9;8,7;67;57;58;3;8,6;4;
2026/07/16;0900 UTC;0;974;974,1;974;0;17,7;9,2;17,7;17,2;9,2;8,8;59;57;57;0;7,1;4,3;
2026/07/16;1000 UTC;0;974,4;974,4;974;0;17;9,6;17,9;17;9,6;9;62;56;62;340;7,7;2,5;
2026/07/16;1100 UTC;0;974,6;974,6;974,4;18,7;18,4;9,8;18,7;17;9,9;9,5;62;56;57;20;9,1;6,1;
2026/07/16;1200 UTC;0;974,8;974,8;974,6;157,3;18,6;10,3;18,6;18,1;10,3;9,7;59;57;58;13;9,7;3,9;
2026/07/16;1300 UTC;0;974,7;974,8;974,7;631,3;20,5;10,8;20,5;18,6;11;10,2;59;54;54;344;7,2;3,6;
2026/07/16;1400 UTC;0;974,4;974,8;974,4;1590,6;23,1;11,2;23,6;20,6;12,1;10,7;54;46;47;360;10,4;5,8;
2026/07/16;1500 UTC;0;973,6;974,4;973,6;1620,1;24,5;12,1;24,7;23;12,3;11,1;49;45;46;358;12;7,9;
2026/07/16;1600 UTC;0;972,5;973,6;972,5;1227,4;25,2;13,1;25,4;24;13,5;11,8;49;45;47;1;11,6;6,8;
2026/07/16;1700 UTC;0;971,2;972,6;971,1;1503,1;26,5;14,4;26,5;24,7;14,4;12,8;50;45;47;5;11,1;6,7;
2026/07/16;1800 UTC;0;970,4;971,1;970,4;1264,5;25,8;14;26,4;24,8;14,3;13,4;51;45;48;359;11,1;6,3;
2026/07/16;1900 UTC;0;969,7;970,4;969,7;737,9;25,1;13,7;25,8;24,7;14,4;13,6;53;47;49;354;11,6;7,5;
2026/07/16;2000 UTC;0;969,2;969,7;969,2;433,5;24;13,7;25,3;24;14,1;13,4;54;48;53;21;11,4;5,8;
2026/07/16;2100 UTC;0;969,1;969,3;969,1;82,3;22,7;13,4;24;22,7;14,1;13,3;56;53;56;41;8,4;5,4;
2026/07/16;2200 UTC;0;969,1;969,2;969,1;0;22,5;13,1;22,7;22,4;13,3;12,8;56;54;55;33;9,5;5,4;
2026/07/16;2300 UTC;0;968,8;969,1;968,7;0;22,6;13,2;22,7;22,3;13,3;12,9;56;54;55;36;9,2;5,9;
2026/07/17;0000 UTC;0;968,5;968,8;968,5;0;22,3;13,1;22,8;22,3;13,4;13,1;56;55;56;29;11,3;7,1;
2026/07/17;0100 UTC;0;968,5;968,6;968,4;0;21,7;13,1;22,4;21,7;13,3;13;58;56;58;20;10;6,1;
2026/07/17;0200 UTC;0;968,6;968,7;968,4;0;21,6;13,3;22;21,4;13,4;13,1;60;57;59;28;10,3;6,9;
2026/07/17;0300 UTC;0;968,6;968,8;968,5;0;21,3;13,4;21,6;21,2;13,4;13,2;61;59;61;24;10,7;7,2;
2026/07/17;0400 UTC;0;968;968,6;968;0;21,7;13,1;21,7;21,2;13,4;13;61;58;58;11;11,3;6,9;
2026/07/17;0500 UTC;0;967,6;968;967,6;0;22,1;12,9;22,2;21,6;13,1;12,8;58;56;56;4;11;6,4;
2026/07/17;0600 UTC;0;967;967,6;967;0;22,8;12,9;22,9;22,1;13;12,7;56;53;54;360;13,3;7;
2026/07/17;0700 UTC;0;966,9;967,1;966,8;0;23;13,2;23,2;22,8;13,2;12,9;54;53;54;348;13,3;7,7;
2026/07/17;0800 UTC;0;966,5;966,9;966,5;0;22,8;13,6;23,3;22,7;13,7;13,2;57;53;56;342;14,2;6,5;
2026/07/17;0900 UTC;0;966,6;966,7;966,4;0;23,6;14,1;23,8;22,8;14,2;13,6;57;54;55;339;15,3;8,4;
2026/07/17;1000 UTC;0;966,6;966,7;966,3;0;22,9;14,2;24;22,8;14,4;14;58;54;58;346;16,1;8,2;
2026/07/17;1100 UTC;0;966,6;967;966,5;18,9;23,1;14,6;23,2;22,3;14,7;14,2;61;58;59;349;13,9;8,7;
2026/07/17;1200 UTC;0;966,8;967;966,6;335,9;24;15,3;24;22,9;15,3;14,6;60;58;58;343;14,4;8,6;
2026/07/17;1300 UTC;0;967;967,2;966,6;988,8;25,9;15,8;25,9;24;16,2;15,2;59;54;54;338;16,7;9,2;
2026/07/17;1400 UTC;0;966,6;967,3;966,6;1205,2;26,6;16,4;26,7;25,2;16,6;15,9;57;52;54;357;16,3;7,8;
2026/07/17;1500 UTC;0;965,7;966,6;965,7;1438,8;27;16,8;27;26;16,8;16,2;56;52;54;346;17;11;
2026/07/17;1600 UTC;0;964,3;965,7;964,3;1935,3;27;16,8;27,6;27;17,2;16,6;54;51;53;349;16,8;9,9;
2026/07/17;1700 UTC;0;963,3;964,5;963,3;1619,1;27,3;17,4;28;27;17,7;16,7;55;53;55;347;17,1;9,7;
2026/07/17;1800 UTC;0;962,9;963,4;962,8;655,8;27,4;17,7;28;27,2;17,9;17,3;57;53;56;340;17,2;8,6;
2026/07/17;1900 UTC;0;962,7;963;962,6;279,4;27,3;18,3;27,7;27,2;18,3;17,7;58;55;58;344;14,3;6,9;
2026/07/17;2000 UTC;0;962,8;962,9;962,6;200,5;26,4;18,1;27,5;26,4;18,3;17,9;60;56;60;344;12,1;5,4;
2026/07/17;2100 UTC;0;963,3;963,3;962,9;13,9;26,4;18;26,7;26,4;18,1;17,9;60;59;60;345;10,3;6,5;
2026/07/17;2200 UTC;0;963,7;963,7;963,2;0;25,9;18,3;26,5;25,8;18,3;18;63;60;63;339;10,6;5,2;
2026/07/17;2300 UTC;0;964,2;964,2;963,6;0;25,3;18,4;25,9;25,3;18,4;18,2;65;63;65;339;11,1;5,7;
2026/07/18;0000 UTC;0;964,7;964,7;964,2;0;24,7;18,6;25,3;24,7;18,6;18,3;69;65;69;334;9,7;4,8;
2026/07/18;0100 UTC;0;965,1;965,1;964,8;0;24,7;18,8;24,9;24,3;18,8;18,5;70;69;69;335;7,3;3,7;
2026/07/18;0200 UTC;0;965,2;965,4;965;0;24,9;18,8;25;24,5;18,8;18,6;70;68;69;340;11,1;6,6;
2026/07/18;0300 UTC;0;965,6;965,6;965,2;0;24,9;18,7;25;24,7;18,8;18,7;69;68;68;342;12;6,8;
2026/07/18;0400 UTC;0;965,8;965,9;965,6;0;24,5;18,6;25;24,5;18,8;18,6;70;68;70;339;11,6;6;
2026/07/18;0500 UTC;0;965,5;965,9;965,4;0;24,6;18,5;24,9;24,5;18,6;18,4;70;68;69;338;12,2;6,8;
2026/07/18;0600 UTC;0;964,7;965,5;964,7;0;24,5;18,4;24,8;24,5;18,5;18,4;69;68;69;342;12,2;7,1;
2026/07/18;0700 UTC;0;963,9;964,7;963,9;0;24,2;18,3;24,7;24,1;18,4;18,3;70;68;70;338;13,2;5,3;
2026/07/18;0800 UTC;0;963,1;963,8;962,9;0;24,1;18,1;24,7;24,1;18,3;18,1;69;67;69;349;13;6,1;
2026/07/18;0900 UTC;0;962,8;963,2;962,4;0;24,4;17,9;24,6;24;18,1;17,9;70;66;67;344;16,8;9,4;
2026/07/18;1000 UTC;0;962,6;962,9;962,6;0;24,4;17,8;24,7;24,2;18,1;17,8;68;66;67;341;18,3;10,2;
2026/07/18;1100 UTC;0;965,2;965,2;962,6;5,9;23,9;17,9;24,4;23,7;18;17,8;70;67;69;333;17,8;10,4;
2026/07/18;1200 UTC;13,3;965,9;967,5;965,9;19,2;16,2;16,2;23,9;16,2;17,9;15,1;100;63;100;302;21,9;7,4;
2026/07/18;1300 UTC;,4;966,1;966,1;964,8;80,5;16,5;16,2;16,5;16,2;16,3;16,2;100;99;99;279;9,3;3,7;
2026/07/18;1400 UTC;0;966,9;966,9;965,9;69,9;17,2;16,1;17,3;16,5;16,3;15,9;99;92;93;245;10,8;4,6;
2026/07/18;1500 UTC;3;966,1;967,1;966;65,9;17;16,1;17,8;16,9;16,4;15,6;96;88;95;230;8;4,5;
2026/07/18;1600 UTC;,4;965,2;966,1;965,2;185,6;18;16,5;18;16,9;16,5;15,4;95;86;91;304;7,4;1;
2026/07/18;1700 UTC;0;964,6;965,2;964,3;261,4;17,9;17,1;18,4;17,9;17,2;16,1;95;88;95;119;3,3;2,7;
2026/07/18;1800 UTC;0;964,8;965,4;964,7;85,3;17,6;16,3;17,9;17,6;17,2;15,4;96;86;92;142;5,2;3,7;
2026/07/18;1900 UTC;,2;965,1;965,2;964,4;100,5;17,4;16,9;17,5;17,3;17;16,3;98;92;97;114;4,3;3,1;
2026/07/18;2000 UTC;0;965,7;966;965,2;49,4;17,3;16,1;17,8;17,2;16,9;15,7;97;88;93;141;5,6;3,4;
2026/07/18;2100 UTC;0;965,3;965,7;965;31,9;16,9;15,9;17,3;16,8;16,8;15,9;98;92;94;101;7,8;5,3;
2026/07/18;2200 UTC;0;965,6;965,7;964,9;0;16,9;15,7;16,9;16,6;16;15,6;95;93;93;99;8,8;6,3;
2026/07/18;2300 UTC;0;965,7;965,7;965,4;0;16,6;15,9;16,9;16,6;15,9;15,6;96;93;96;113;8,3;5,5;
2026/07/19;0000 UTC;0;965,8;966,3;965,7;0;17,2;16;17,2;16,6;16,2;15,9;96;93;93;70;10,7;7,7;
2026/07/19;0100 UTC;0;965,7;965,8;964,9;0;17,5;16,2;17,6;17,2;16,2;15,7;92;89;92;64;11,2;5,3;
2026/07/19;0200 UTC;,2;967,4;967,7;965,7;,3;16,9;16,1;18;16,9;16,3;16,1;95;90;95;167;11,4;8,6;
2026/07/19;0300 UTC;0;969,8;969,8;966,9;,7;16;15,6;16,9;16;16,1;15,6;99;95;97;155;18,1;7,9;
2026/07/19;0400 UTC;0;967,9;969,8;967,1;,1;16,5;13,3;16,8;15,8;15,6;13,3;98;82;82;115;14,1;7,9;
2026/07/19;0500 UTC;0;967,5;968;967,5;0;15,9;13,3;16,3;15,8;13,9;13,1;86;83;84;99;13;7,9;
2026/07/19;0600 UTC;0;965,5;967,5;965,5;,1;15,9;13,3;16,6;15,8;13,5;12,9;86;79;84;100;13,7;9,9;
2026/07/19;0700 UTC;0;965;965,8;964,9;,5;15,3;13,5;16;15,2;13,6;12,9;90;82;89;99;16;10,3;
2026/07/19;0800 UTC;0;964,6;965,4;964,2;0;15,2;13,7;15,4;15,1;13,7;13,4;92;88;91;99;14,5;8,2;
2026/07/19;0900 UTC;1,6;963,8;964,4;963,5;,5;14,8;14,1;15,2;14,7;14,2;13,6;96;90;96;117;11,5;8,2;
2026/07/19;1000 UTC;7,9;967;967;963,4;,3;14,4;14,2;14,8;14,4;14,2;14;99;95;99;109;11,3;4,7;
2026/07/19;1100 UTC;5,5;966,9;967,5;966;1,1;14,4;14,4;14,6;14,3;14,4;14,1;100;97;100;101;10,7;6,2;
2026/07/19;1200 UTC;5;967;967,7;965,6;53,5;14,4;14,4;14,4;14,3;14,4;14,2;100;100;100;114;11;5,7;
2026/07/19;1300 UTC;2,2;966,9;967,6;966,7;78,1;14,5;14,5;14,5;14,4;14,5;14,4;100;100;100;89;7,6;5;
2026/07/19;1400 UTC;1,4;965,1;966,8;965,1;133,2;14,6;14,6;14,6;14,5;14,6;14,5;100;100;100;109;6,4;3,3;
2026/07/19;1500 UTC;2,8;964,7;965,3;963,9;120,7;14,6;14,6;14,7;14,5;14,7;14,5;100;100;100;51;8,7;5,9;
2026/07/19;1600 UTC;2,2;964,2;965;963,9;204,2;16;16;16;14,6;16;14,6;100;100;100;338;10,5;5,5;
2026/07/19;1700 UTC;3,8;964,9;965,1;964,2;206,1;17;15,8;17;16,1;16,3;15,8;100;93;93;319;12,8;7,3;
2026/07/19;1800 UTC;2,6;964,5;965,2;964,2;136,5;16,4;15,8;17,1;16,4;16;15,7;97;92;96;318;12,8;5,3;
2026/07/19;1900 UTC;1,6;961,7;964,5;961,2;85,7;16;14,6;16,4;15,9;15,8;14,6;97;91;91;28;9,8;5;
2026/07/19;2000 UTC;0;962,6;963,5;960,3;46,2;16;14,2;16,2;15,7;14,8;14,1;94;88;89;310;10,1;5,8;
2026/07/19;2100 UTC;0;964,1;964,2;961,6;23,8;16,2;14,3;16,5;15,7;14,4;14;92;86;88;284;9,7;4,3;
2026/07/19;2200 UTC;0;965,5;965,5;964,1;0;16;14,6;16,5;16;14,7;14,2;91;88;91;294;8,8;5,4;
2026/07/19;2300 UTC;0;966,1;966,2;965,5;0;15,2;14,6;16;15,2;14,7;14,5;96;91;96;277;6,7;3,2;
2026/07/20;0000 UTC;0;967,2;967,3;966,1;0;15;14,8;15,2;14,6;14,8;14,4;99;96;99;283;4,5;2,5;
2026/07/20;0100 UTC;0;967,7;967,9;967,2;0;15,5;15,1;15,5;15;15,1;14,9;99;97;97;268;4,4;2,7;
2026/07/20;0200 UTC;0;968,2;968,2;967,3;0;15,7;15,3;15,9;15,5;15,3;15,1;97;96;97;295;4,1;1,9;
2026/07/20;0300 UTC;0;968,3;968,9;968,2;0;15,9;15,6;15,9;15,6;15,6;15,3;99;97;98;328;2,2;,8;
2026/07/20;0400 UTC;,4;969,6;969,6;968,2;0;15,8;15,7;15,9;15,8;15,7;15,5;100;98;100;286;1,4;,8;
2026/07/20;0500 UTC;,6;969,9;969,9;969,7;0;15,8;15,8;15,8;15,8;15,8;15,7;100;100;100;27;1,9;,7;
2026/07/20;0600 UTC;0;969,6;969,9;969,2;0;15,7;15,7;15,8;15,6;15,8;15,6;100;100;100;117;1,6;1,3;
2026/07/20;0700 UTC;0;968,9;969,6;968,6;0;15,5;15,5;15,8;15,5;15,8;15,5;100;100;100;115;3;2;
2026/07/20;0800 UTC;,2;969,2;969,5;968,6;0;16,1;16,1;16,2;15,5;16,2;15,5;100;100;100;207;7,5;4,5;
2026/07/20;0900 UTC;2,8;968,2;969,1;968,2;0;15,9;15,9;16,1;15,9;16,1;15,9;100;100;100;159;6;4,2;
2026/07/20;1000 UTC;,4;968,4;968,7;967,2;1,1;14,9;14,9;15,9;14,9;15,9;14,9;100;100;100;119;9,2;6,4;
2026/07/20;1100 UTC;3,4;970,3;970,4;968,2;,1;15;15;15;14,9;15;14,9;100;100;100;145;9;3,7;
2026/07/20;1200 UTC;5,3;970,1;970,2;969,3;12,7;15;15;15;14,9;15;14,9;100;100;100;111;7,7;5;
2026/07/20;1300 UTC;2,6;969,4;970,5;968,6;78,9;15,5;15,5;15,5;15;15,5;15;100;100;100;110;9,2;7,1;
2026/07/20;1400 UTC;8,3;969,2;970,4;968,6;243,5;15,9;15,9;16;15,5;16;15,5;100;100;100;93;11;6,5;
2026/07/20;1500 UTC;6,1;968,7;969,2;967,2;72;15,9;15,9;16;15,9;16;15,9;100;100;100;75;10,2;5,6;
2026/07/20;1600 UTC;7,5;968,3;969,8;968,3;78,5;16;16;16;15,9;16;15,9;100;100;100;121;8,5;4,2;
2026/07/20;1700 UTC;1,2;967;968,3;967;169,5;16;16;16,1;16;16,1;16;100;100;100;102;6,1;4,1;
2026/07/20;1800 UTC;2,8;967,1;967,9;966,8;195,8;16;16;16,1;15,9;16,1;15,9;100;100;100;121;6,7;4;
2026/07/20;1900 UTC;2,6;967,3;967,9;966,8;224,3;16;16;16,1;15,9;16,1;15,9;100;100;100;103;6,6;4,9;
2026/07/20;2000 UTC;0;967,3;967,4;967;134,2;15,7;15,7;16;15,7;16;15,7;100;100;100;88;7,9;3,5;
2026/07/20;2100 UTC;0;967,2;967,4;967,1;26,6;15,6;15,6;15,8;15,6;15,8;15,6;100;100;100;70;6;4,6;
2026/07/20;2200 UTC;0;967,6;967,7;967,2;,1;15,6;15,6;15,6;15,5;15,6;15,5;100;100;100;27;5,7;2,3;
2026/07/20;2300 UTC;0;967,9;968;967,5;0;15,9;15,9;15,9;15,6;15,9;15,6;100;100;100;121;4,4;1,2;
2026/07/21;0000 UTC;0;968;968,2;967,9;0;16;16;16;15,9;16;15,9;100;100;100;125;2,6;1,5;
2026/07/21;0100 UTC;0;968,2;968,5;968;0;15,7;15,7;16,1;15,7;16,1;15,7;100;100;100;123;3,8;2,6;
2026/07/21;0200 UTC;0;968,5;968,5;968,2;0;15,6;15,6;15,7;15,6;15,7;15,6;100;100;100;131;3,8;1,5;
2026/07/21;0300 UTC;,2;968,6;968,6;968,5;0;15,7;15,7;15,7;15,6;15,7;15,6;100;100;100;101;1,8;,9;
2026/07/21;0400 UTC;0;968,2;968,6;968,2;0;15,6;15,6;15,7;15,6;15,7;15,6;100;100;100;94;1,4;,9;
2026/07/21;0500 UTC;,2;968,6;968,6;968,2;0;15,9;15,9;15,9;15,6;15,9;15,6;100;100;100;266;2;1,5;
2026/07/21;0600 UTC;0;968,6;968,7;968,4;0;16,7;16,7;16,7;16;16,7;16;100;100;100;300;3;1,8;
2026/07/21;0700 UTC;,2;968,9;968,9;968,6;0;16,3;16,3;16,7;16,2;16,7;16,2;100;100;100;298;4,1;1,3;
2026/07/21;0800 UTC;0;968,7;969;968,7;0;16,2;16,2;16,5;16,2;16,5;16,2;100;100;100;282;4,7;2,9;
2026/07/21;0900 UTC;0;968,7;968,8;968,4;1,6;14,7;14,7;16,4;14,7;16,4;14,7;100;100;100;215;6,2;3,4;
2026/07/21;1000 UTC;0;968,6;968,9;968,6;,3;14,3;14,3;14,7;14,3;14,7;14,3;100;100;100;197;5;2,4;
2026/07/21;1100 UTC;,2;969,9;969,9;968,5;14,2;14,4;14,4;14,4;14,2;14,4;14,2;100;100;100;269;3,1;,8;
2026/07/21;1200 UTC;0;969,8;970,2;969,1;117,8;14,7;14,7;14,9;14,3;14,9;14,3;100;100;100;174;3;,9;
2026/07/21;1300 UTC;0;971,3;971,3;969,8;247,9;14,8;14,8;14,8;14,4;14,8;14,4;100;100;100;141;2,8;,7;
2026/07/21;1400 UTC;0;971,2;972,2;971;250,1;15,1;15,1;15,2;14,8;15,2;14,8;100;100;100;324;3,7;1,8;
2026/07/21;1500 UTC;0;970,8;971,6;970,2;247,2;15;15;15,3;15;15,3;15;100;100;100;244;3,6;1,1;
2026/07/21;1600 UTC;0;969,9;970,8;969,5;309,9;14,6;14,6;15;14,4;15;14,4;100;100;100;207;4,9;1,6;
2026/07/21;1700 UTC;0;968,5;969,9;968,5;273,3;14,5;14,5;14,7;14,5;14,7;14,5;100;100;100;183;6,8;4,3;
2026/07/21;1800 UTC;0;968,1;968,5;967,9;509,6;14,9;14,9;15,1;14,5;15,1;14,5;100;100;100;152;6,5;4,8;
2026/07/21;1900 UTC;0;968,9;968,9;968,2;322,6;14,8;14,8;14,9;14,7;14,9;14,7;100;100;100;150;6,4;4,4;
2026/07/21;2000 UTC;0;969,4;969,5;968,9;269,2;14,8;14,8;15;14,8;15;14,8;100;100;100;157;5,8;3,4;
2026/07/21;2100 UTC;0;970,3;970,5;969,4;65;14,8;14,8;14,8;14,7;14,8;14,7;100;100;100;154;6;1,7;
2026/07/21;2200 UTC;0;970,2;970,6;970,2;,4;14,6;14,6;14,8;14,6;14,8;14,6;100;100;100;166;5,2;3,3;
2026/07/21;2300 UTC;0;971;971,2;970,2;0;14,6;14,6;14,7;14,6;14,7;14,6;100;100;100;166;5,3;3,1;
2026/07/22;0000 UTC;,2;971;971,3;970,4;0;14,4;14,4;14,6;14,4;14,6;14,4;100;100;100;169;6,1;2,9;
2026/07/22;0100 UTC;,2;971,6;971,6;971,2;0;14,2;14,2;14,4;14,2;14,4;14,2;100;100;100;172;6,8;4,4;
2026/07/22;0200 UTC;0;972;972,1;971,4;0;13,7;13,7;14,2;13,7;14,2;13,7;100;100;100;189;8,4;4,6;
2026/07/22;0300 UTC;0;972,1;972,3;971,8;0;13,5;13,5;13,7;13,5;13,7;13,5;100;100;100;154;6,7;4,2;
2026/07/22;0400 UTC;0;972,2;972,5;972;0;13,7;13,7;13,7;13,5;13,7;13,5;100;100;100;153;6,7;4,6;
2026/07/22;0500 UTC;0;971,3;972,2;971,3;0;13,7;13,7;13,7;13,7;13,7;13,7;100;100;100;138;8,9;5,9;
2026/07/22;0600 UTC;,2;972,2;972,3;971;0;13,6;13,6;13,7;13,6;13,7;13,6;100;100;100;162;8;4,3;
2026/07/22;0700 UTC;0;972,3;972,3;971,8;0;13,5;13,5;13,6;13,5;13,6;13,5;100;100;100;151;8,2;6,1;
2026/07/22;0800 UTC;0;972,5;972,8;972,3;0;13,4;13,4;13,5;13,4;13,5;13,4;100;100;100;145;8,1;5;
2026/07/22;0900 UTC;,2;971,8;972,4;971,8;0;13,2;13,2;13,4;13,2;13,4;13,2;100;100;100;138;8,9;6,8;
2026/07/22;1000 UTC;,4;973,4;973,4;971,7;0;13,2;13,2;13,2;13,1;13,2;13,1;100;100;100;144;9,3;5,5;
2026/07/22;1100 UTC;,6;974,3;974,4;973,4;11,3;13,2;13,2;13,2;13,2;13,2;13,2;100;100;100;140;7,9;5;
2026/07/22;1200 UTC;,6;974,9;974,9;974,4;120,4;13,4;13,4;13,4;13,2;13,4;13,2;100;100;100;147;7,5;5,6;
2026/07/22;1300 UTC;0;975,7;975,7;974,9;411,1;13,7;13,7;13,7;13,4;13,7;13,4;100;100;100;141;9,8;7,2;
2026/07/22;1400 UTC;,4;975,9;976,1;975,7;502,2;13,6;13,6;13,9;13,6;13,9;13,6;100;100;100;145;11,1;7,6;
2026/07/22;1500 UTC;,2;975,5;975,9;975,5;639,7;13,3;13,3;13,6;13,3;13,6;13,3;100;100;100;138;12,1;7,6;
2026/07/22;1600 UTC;0;974,3;975,5;974,3;835,5;14,3;13,5;14,3;13,2;13,6;13;100;94;95;129;12,1;8;
2026/07/22;1700 UTC;0;973,9;974,3;973,8;1094,3;14,2;13;14,7;14,1;13,9;12,8;96;91;93;132;12;7,9;
2026/07/22;1800 UTC;0;974,1;974,1;973,5;891,8;13,9;12,6;14,8;13,9;13,2;12,3;93;88;92;134;13,1;7,4;
2026/07/22;1900 UTC;0;975;975;974,1;291,1;13,5;12,9;14,2;13,4;13,2;12,6;97;90;96;141;10,5;7;
2026/07/22;2000 UTC;,8;975,4;975,4;975;67,3;12,7;12,4;13,4;12,7;12,9;12,4;98;95;98;148;13,6;9,8;
2026/07/22;2100 UTC;1;976,5;976,5;975,5;13,9;12,2;12;12,7;12,2;12,4;12;100;98;99;142;14,4;8,9;
2026/07/22;2200 UTC;2,8;977;977;976,5;,1;12;12;12,2;12;12,2;12;100;99;100;148;13,8;10,2;
2026/07/22;2300 UTC;,6;978;978,2;977;0;11,8;11,8;12;11,8;12;11,8;100;100;100;134;12,4;6,9;
2026/07/23;0000 UTC;,4;979,5;979,5;978;0;11,8;11,8;11,9;11,8;11,9;11,7;100;99;100;125;10,4;5,2;
2026/07/23;0100 UTC;,4;979;979,4;979;0;11,5;11,5;11,8;11,5;11,8;11,5;100;100;100;131;7,7;5,4;
2026/07/23;0200 UTC;0;979,1;979,1;978,9;0;11,3;11,3;11,5;11,3;11,5;11,3;100;100;100;119;6,6;4,6;
2026/07/23;0300 UTC;0;979,8;979,9;979;0;11,1;11,1;11,3;11,1;11,3;11,1;100;100;100;150;9,1;6,3;
2026/07/23;0400 UTC;0;980,2;980,3;979,7;0;10,9;10,5;11,1;10,8;11,1;10,4;100;97;97;155;10,2;6,1;
2026/07/23;0500 UTC;0;980,4;980,4;980,2;0;10,3;10,2;10,9;10,3;10,5;10,1;100;96;100;151;9,3;5,7;
2026/07/23;0600 UTC;0;980,2;980,5;979,9;0;10,1;10,1;10,3;10,1;10,3;10,1;100;100;100;143;9,5;5,2;
2026/07/23;0700 UTC;0;980,1;980,2;980;0;10,2;10,2;10,3;10,1;10,3;10,1;100;100;100;131;8,7;6,3;
2026/07/23;0800 UTC;0;980,5;980,7;980,1;0;10,3;10,3;10,3;10,2;10,3;10,2;100;100;100;145;8,4;5,5;
2026/07/23;0900 UTC;0;980,9;980,9;980,4;0;10,4;10,4;10,4;10,3;10,4;10,3;100;100;100;137;8,4;4,2;
2026/07/23;1000 UTC;,2;981,5;981,5;981;,1;10,2;10,2;10,4;10,2;10,4;10,2;100;100;100;132;7,8;5,3;
2026/07/23;1100 UTC;0;982;982;981,4;22;10,2;10,2;10,3;10;10,3;10;100;100;100;132;8,6;5,6;
2026/07/23;1200 UTC;0;982,2;982,3;981,8;247,3;10,4;10,4;10,6;10,2;10,6;10,2;100;100;100;132;8,6;5,2;
2026/07/23;1300 UTC;0;982,1;982,2;981,7;469,7;10,9;10,9;10,9;10,4;10,9;10,4;100;100;100;124;10,8;6,8;
2026/07/23;1400 UTC;0;982;982,2;982;875,9;12,2;11,1;12,3;10,9;11,5;10,9;100;93;93;129;9,7;6,3;
2026/07/23;1500 UTC;0;982,5;982,6;982,1;1914;14;10,3;14,7;12,2;12,2;10,3;94;78;79;108;9,1;6,3;
2026/07/23;1600 UTC;0;982,3;982,6;982,3;1667,1;13,8;10,3;14,7;13,6;11,4;9,7;84;74;80;128;8,1;5;
2026/07/23;1700 UTC;0;981,8;982,3;981,7;1202,1;14,2;10,5;14,6;13,7;11,5;9,4;83;73;79;126;7,8;4,6;
2026/07/23;1800 UTC;0;981,5;981,8;981,3;653,1;13,8;10,2;14,2;13,8;11,1;10,1;83;77;79;110;7,3;5,3;
2026/07/23;1900 UTC;0;981,4;981,5;981,3;963,3;13,7;10,5;14,9;13,7;11,2;9,9;82;74;81;98;7,7;4,2;
2026/07/23;2000 UTC;0;981,3;981,3;981;554,5;14,1;10,2;14,1;13,5;10,7;9,6;83;76;77;117;8,6;5,9;
2026/07/23;2100 UTC;0;981,7;981,7;981;190,9;12,1;10,3;14;12,1;10,3;9,8;89;76;88;123;9,1;4,7;
2026/07/23;2200 UTC;0;981,6;981,7;981,5;0;11,2;9,9;12,1;11,2;10,3;9,8;91;88;91;117;8,7;6,6;
2026/07/23;2300 UTC;0;982;982,1;981,5;0;10,6;9,6;11,2;10,6;9,9;9,6;94;91;93;103;9,3;5,2;
2026/07/24;0000 UTC;0;982,6;982,6;982;0;9,9;9,3;10,6;9,9;9,6;9,2;96;94;96;103;7,6;4,5;
2026/07/24;0100 UTC;0;982,3;982,6;982,3;0;9,8;9,5;9,9;9,8;9,5;9,3;98;96;97;106;6,8;5,2;
2026/07/24;0200 UTC;0;981,9;982,3;981,8;0;9,2;9;9,9;9,2;9,5;9;99;97;99;113;6,7;4,9;
2026/07/24;0300 UTC;0;981,8;982,1;981,8;0;8,7;8,7;9,3;8,7;9,1;8,7;100;99;100;116;7,8;4,6;
2026/07/24;0400 UTC;0;981,4;981,8;981,4;0;8,4;8,4;8,9;8,3;8,9;8,3;100;99;100;101;6,8;4,3;
2026/07/24;0500 UTC;0;980,7;981,4;980,7;0;8,6;8,6;8,6;8,5;8,6;8,5;100;100;100;114;6,8;5,2;
2026/07/24;0600 UTC;0;980,4;980,7;980,4;0;9,4;9,4;9,4;8,7;9,4;8,7;100;100;100;95;7,5;4;
2026/07/24;0700 UTC;0;980;980,4;979,8;0;9,8;9,8;9,8;9,4;9,8;9,4;100;100;100;94;9,6;6,5;
2026/07/24;0800 UTC;0;979,9;980;979,8;0;9,8;9,8;9,8;9,7;9,8;9,7;100;100;100;101;8,9;5,8;
2026/07/24;0900 UTC;0;979,8;979,9;979,7;0;9,9;9,9;9,9;9,8;9,9;9,8;100;100;100;99;8,8;5,9;
2026/07/24;1000 UTC;0;980;980,1;979,8;0;9,9;9,9;9,9;9,8;9,9;9,8;100;100;100;98;8,3;5,1;
2026/07/24;1100 UTC;0;980,6;980,6;980;23,2;10,2;10,2;10,2;9,9;10,2;9,9;100;100;100;103;8,6;5,1;
2026/07/24;1200 UTC;0;980,8;980,8;980,6;319,4;11,1;11,1;11,2;10,2;11,2;10,2;100;100;100;98;7,2;5,2;
2026/07/24;1300 UTC;0;981,9;981,9;980,7;682,3;12;11,6;12;11,1;11,8;11,1;100;97;97;74;8,2;5,3;
2026/07/24;1400 UTC;0;981,8;981,9;981,6;1316,1;13,7;11,8;13,7;12;12,2;11,3;97;89;89;81;9,8;7,3;
2026/07/24;1500 UTC;0;981,2;981,8;981,1;1697,1;14,4;12,1;14,8;13,6;12,7;11,7;90;85;86;75;10,5;6,7;
2026/07/24;1600 UTC;0;980;981,2;980;1032,8;15,5;12,7;15,5;14,2;12,8;11,8;88;84;84;84;9,9;6,6;
2026/07/24;1700 UTC;0;979,2;980,1;979;1213,6;15,4;13;15,7;15,2;13,4;12,4;88;81;86;93;9;5,5;
2026/07/24;1800 UTC;0;980,1;980,1;979,1;454,9;15,1;13,1;15,5;15,1;13,5;12,8;90;84;88;107;7,4;2;
2026/07/24;1900 UTC;0;979,8;980,1;979,5;247,3;15,2;13,2;15,3;15,1;13,5;13;90;87;88;116;3,3;2,1;
2026/07/24;2000 UTC;0;979,1;979,8;979;313,5;14,9;13,5;15,4;14,9;13,7;13,1;92;87;91;108;6,4;4,9;
2026/07/24;2100 UTC;0;978,9;979,3;977,9;62;14,2;13,4;14,9;14,2;13,6;13,4;95;91;95;97;8,1;3,3;
2026/07/24;2200 UTC;0;978,2;979,1;978,2;0;13,9;13,4;14,2;13,9;13,5;13,4;97;95;97;78;8,9;6,2;
2026/07/24;2300 UTC;0;978,8;979,2;977,8;0;14,1;13,5;14,1;13,8;13,6;13,3;98;96;96;107;9,9;3,4;
2026/07/25;0000 UTC;0;979,4;979,4;978,8;0;13,7;13,5;14,1;13,7;13,6;13,4;99;96;99;138;5,1;2,3;
2026/07/25;0100 UTC;0;979,4;979,7;979,4;0;13,8;13,6;13,8;13,6;13,7;13,5;99;98;98;56;3,6;2,1;
2026/07/25;0200 UTC;0;980,6;980,6;979,3;0;14,1;13,4;14,1;13,8;13,6;13,3;98;96;96;5;3,2;1,1;
2026/07/25;0300 UTC;0;979,7;980,6;979,7;0;13,3;13,3;14,1;13,3;13,5;13,3;100;96;100;328;2,4;,9;
2026/07/25;0400 UTC;0;979,6;979,7;979,5;0;12,4;12,4;13,3;12,3;13,3;12,3;100;100;100;241;1,2;,9;
2026/07/25;0500 UTC;0;979,4;979,7;979,4;0;12,2;12,2;12,5;12,1;12,5;12,1;100;100;100;226;1,9;,4;
2026/07/25;0600 UTC;0;978,5;979,3;978,5;0;11,4;11,4;12,3;10,9;12,3;10,8;100;99;100;154;1,5;,7;
2026/07/25;0700 UTC;0;978,1;978,4;978;0;12,1;12,1;12,6;11,4;12,6;11,4;100;100;100;0;2,3;1,7;
2026/07/25;0800 UTC;0;978,4;978,4;978;0;11,2;11,2;12;10,4;12;10,4;100;100;100;320;2,4;1,2;
2026/07/25;0900 UTC;0;978,6;978,6;978,4;0;11,8;11,8;11,8;10,8;11,8;10,8;100;100;100;329;4,1;3,1;
2026/07/25;1000 UTC;0;978,5;978,8;978,5;0;11,3;11,3;11,9;11,3;11,9;11,3;100;100;100;290;4,9;1,5;
2026/07/25;1100 UTC;0;978,9;978,9;978,5;57,3;10,3;10,3;11,3;10,3;11,3;10,3;100;100;100;94;2,1;1,2;
2026/07/25;1200 UTC;0;979,6;979,6;979;424,8;13,4;13,4;13,4;9,8;13,4;9,8;100;100;100;112;1,7;,6;
2026/07/25;1300 UTC;0;980,6;980,6;979,5;856,4;15,3;14,6;15,3;13,2;14,7;13,2;100;95;95;49;1,4;,6;
2026/07/25;1400 UTC;0;980,6;980,8;980,5;1536,6;16,1;14,3;16,5;15,1;14,8;13,3;94;84;89;141;4,7;3,3;
2026/07/25;1500 UTC;0;980,4;980,6;980;1436,2;14,3;13,9;16;14,2;14,5;13,6;98;88;98;146;6,4;4,6;
2026/07/25;1600 UTC;0;979,7;980,4;979,5;2090,2;15,7;13,7;16,1;14,5;14,3;13,2;97;86;88;130;5,6;3,7;
2026/07/25;1700 UTC;0;978,9;979,7;978,9;1921,3;15,8;13,6;16,6;15,7;14,7;13,5;90;85;87;133;6,5;3;
2026/07/25;1800 UTC;0;978,7;979;978,5;1482,8;16,4;14,2;17,1;15,8;14,7;13,5;89;82;87;121;6;4,1;
2026/07/25;1900 UTC;0;978,6;978,8;978,5;657,4;15,9;14,6;16,5;15,8;14,6;14,1;92;86;92;129;6;4,2;
2026/07/25;2000 UTC;0;978,4;978,6;978,3;493,3;15,6;14,4;16,1;15,6;14,5;14,2;93;89;93;117;6,1;4;
2026/07/25;2100 UTC;0;978,6;978,6;978,3;88,8;15;14,2;15,6;15;14,5;14,1;95;92;95;92;5,7;3,7;
2026/07/25;2200 UTC;0;978,5;978,6;978,3;,2;14,5;14,3;14,9;14,5;14,3;14;99;95;99;73;7,1;5;
2026/07/25;2300 UTC;0;978,4;978,6;978,2;0;14,4;14,4;14,5;14,4;14,5;14,3;100;99;100;69;7,5;4,7;
2026/07/26;0000 UTC;0;978,7;978,7;978,4;0;14,4;14,4;14,4;14,4;14,4;14,4;100;100;100;50;6,6;3,6;
2026/07/26;0100 UTC;0;978,6;978,7;978,3;0;14,5;14,5;14,5;14,4;14,5;14,4;100;100;100;38;5,5;3,5;
2026/07/26;0200 UTC;0;978,5;978,6;978,3;0;14,7;14,5;14,7;14,4;14,5;14,4;100;99;99;16;5,7;2,8;
2026/07/26;0300 UTC;0;978,2;978,6;978,1;0;14,7;14,7;14,8;14,7;14,7;14,6;100;99;100;350;5,7;2,4;
2026/07/26;0400 UTC;0;977,4;978,2;977,4;0;14,4;14,4;14,7;14,4;14,7;14,4;100;100;100;30;4,1;2,8;
2026/07/26;0500 UTC;0;976,9;977,4;976,9;0;14,5;14,4;14,5;14,3;14,5;14,3;100;99;99;16;4,8;2,4;
2026/07/26;0600 UTC;0;976,6;976,9;976,4;0;14,3;14,3;14,7;14,3;14,6;14,3;100;99;100;332;4,7;2,6;
2026/07/26;0700 UTC;0;976,6;976,7;976,6;0;14,2;14,2;14,5;14,2;14,5;14,2;100;100;100;306;4,6;2,9;
2026/07/26;0800 UTC;0;976,6;976,9;976,5;0;14,9;14,8;14,9;14;14,9;14;100;100;100;279;3,7;2,7;
2026/07/26;0900 UTC;0;976,6;976,6;976,6;0;14,6;14,6;15;14,6;14,9;14,6;100;99;100;273;3,9;2,4;
2026/07/26;1000 UTC;0;977,1;977,2;976,6;0;15,1;15,1;15,1;14,4;15,1;14,4;100;100;100;231;3,7;1,3;
2026/07/26;1100 UTC;0;977,7;977,7;977,1;14,7;14,5;14,5;15,1;14,3;15,1;14,3;100;100;100;151;2,1;1;
2026/07/26;1200 UTC;0;978,3;978,3;977,7;94,9;14,6;14,6;14,7;14,5;14,7;14,5;100;100;100;172;3,7;2,7;
2026/07/26;1300 UTC;0;978,4;978,4;978,1;394;14,8;14,8;14,8;14,6;14,8;14,6;100;100;100;166;4,2;2,1;
2026/07/26;1400 UTC;0;978,4;978,7;978,1;300,2;14,4;14,4;14,9;14,4;14,9;14,4;100;100;100;161;5,6;3,5;
2026/07/26;1500 UTC;0;977,8;978,5;977,8;243;14,4;14,4;14,6;14,3;14,6;14,3;100;100;100;142;5;3,7;
2026/07/26;1600 UTC;0;976,8;977,9;976,8;550,8;15,1;15,1;15,3;14,4;15,3;14,4;100;100;100;121;4,4;3,2;
2026/07/26;1700 UTC;0;976,3;976,8;976,3;930,9;16,1;15,6;16,2;15,1;15,7;15,1;100;97;97;130;4,5;2,6;
2026/07/26;1800 UTC;0;976;976,3;975,9;1048,2;16,9;15,8;17,2;16;15,8;15,1;97;89;93;126;4,1;3,1;
2026/07/26;1900 UTC;0;975,4;975,9;975,4;604,9;16,9;15,4;17;16,7;15,7;15,1;93;90;90;100;4;2,5;
2026/07/26;2000 UTC;0;975,7;975,7;975,3;138,9;16,5;15,7;17;16,4;15,7;15,4;95;92;95;104;4,3;1,4;
2026/07/26;2100 UTC;0;976;976,1;975,7;21,1;16;15,6;16,5;16;15,7;15,6;97;95;97;108;2,6;1;
2026/07/26;2200 UTC;0;976,3;976,3;976;0;15,4;15,4;16;15,4;15,6;15,3;100;97;100;146;3,3;2;
2026/07/26;2300 UTC;0;976,4;976,5;976,3;0;14,9;14,9;15,4;14,9;15,4;14,9;100;100;100;126;4,1;2,7;
2026/07/27;0000 UTC;0;977,1;977,1;976,4;0;14,8;14,8;14,9;14,8;14,9;14,8;100;100;100;156;3,6;2,6;
2026/07/27;0100 UTC;0;977,2;977,2;976,8;,3;14;14;14,8;14;14,8;14;100;100;100;145;6,1;4,5;
2026/07/27;0200 UTC;0;976,7;977,2;976,6;,2;13,4;13,4;14;13,4;14;13,4;100;100;100;124;8,1;6,3;
2026/07/27;0300 UTC;0;976,5;976,8;976,3;,3;12,9;12,9;13,4;12,8;13,4;12,8;100;100;100;125;8,2;5,4;
2026/07/27;0400 UTC;0;976,3;976,6;976,2;0;12,7;12,7;12,9;12,7;12,9;12,7;100;100;100;116;7,7;4,7;
2026/07/27;0500 UTC;0;976,3;976,3;976,2;,1;12,2;12,2;12,7;12,2;12,7;12,2;100;100;100;119;7,6;5,2;
2026/07/27;0600 UTC;0;975,6;976,3;975,6;0;12,3;12,3;12,3;12,2;12,3;12,2;100;100;100;111;6,6;4,2;
2026/07/27;0700 UTC;0;974,9;975,6;974,9;0;12,8;12,8;12,8;12,3;12,8;12,3;100;100;100;89;6,6;4,6;
2026/07/27;0800 UTC;0;974,6;975;974,3;0;12,9;12,9;13;12,8;13;12,8;100;100;100;84;6,4;5,1;
2026/07/27;0900 UTC;0;975;975;974,6;0;13,1;13,1;13,1;13;13,1;13;100;100;100;79;6,7;4,4;
2026/07/27;1000 UTC;0;975;975,1;974,8;0;13,2;13,2;13,2;13,1;13,2;13,1;100;100;100;77;6;4,2;
2026/07/27;1100 UTC;0;975,2;975,2;974,9;14,4;13,4;13,4;13,4;13,2;13,4;13,2;100;100;100;96;6,7;3,6;
2026/07/27;1200 UTC;0;975,3;975,6;975,1;112,9;13,9;13,9;13,9;13,4;13,9;13,4;100;100;100;75;7,7;5,7;
2026/07/27;1300 UTC;0;975,1;975,4;974,9;279,5;14,2;14,2;14,2;13,9;14,2;13,9;100;100;100;77;8;5,3;
2026/07/27;1400 UTC;0;974,7;975,2;974,7;803,9;15,3;15,3;15,3;14,2;15,3;14,2;100;100;100;69;8,2;5,3;
2026/07/27;1500 UTC;0;973,7;974,8;973,7;1072,9;16,6;15,7;16,6;15,4;16,1;15,4;100;94;94;62;7,9;5,7;
2026/07/27;1600 UTC;0;972,3;973,8;972,3;1157,4;17;16;17,2;16,4;16,2;15,5;97;92;94;70;7,7;4,8;
2026/07/27;1700 UTC;0;971,3;972,3;971,2;691,3;16,9;16,1;17,3;16,9;16,2;15,8;95;92;95;63;6,5;3,7;
2026/07/27;1800 UTC;0;970,8;971,2;970,5;71,9;16,3;15,9;16,9;16,3;16,1;15,9;97;95;97;69;6,2;3,3;
2026/07/27;1900 UTC;2,4;971;972;970,4;24,2;16,1;16,1;16,3;16,1;16,1;15,9;100;97;100;0;8,7;6,1;
2026/07/27;2000 UTC;4,4;971,4;971,6;971,1;25,7;16,8;16,6;16,8;16,1;16,7;16,1;100;99;99;350;11,6;5,6;
2026/07/27;2100 UTC;,6;971,6;971,8;971,3;18,6;17;16,6;17,2;16,8;16,6;16,6;99;96;98;311;8,3;1,2;
2026/07/27;2200 UTC;2;970,8;971,7;970,6;0;17,3;16,8;17,3;16,9;16,8;16,5;99;96;97;37;7;4,8;
2026/07/27;2300 UTC;1;969,2;971,1;969,2;0;17,1;16,1;17,3;17;17;16,1;98;94;94;37;8,6;5,7;
2026/07/28;0000 UTC;,8;969,3;969,6;968,9;0;16,6;16,2;17,2;16,6;16,3;15,8;98;92;98;6;8,6;3,9;
2026/07/28;0100 UTC;0;969,5;969,5;968,9;0;16,4;16,1;16,5;16,3;16,1;15,9;98;97;98;327;6,7;3,4;
2026/07/28;0200 UTC;0;969,6;969,7;968,9;0;16,7;16;16,7;16,3;16,3;16;99;95;95;286;6,8;1,3;
2026/07/28;0300 UTC;1;970;970,7;968,9;,9;18;16,2;18,6;16,8;16,3;15,2;95;83;89;242;12,2;2,2;
2026/07/28;0400 UTC;1;969,1;970;968,5;,1;17;16,3;17,8;16,7;16,5;16,2;98;91;95;279;3,7;1,3;
2026/07/28;0500 UTC;0;969;969,4;968,9;0;16,3;16,3;16,7;16,3;16,4;16,3;100;98;100;304;7;4,2;
2026/07/28;0600 UTC;0;969,4;969,7;969;0;16,5;16,4;16,5;16,2;16,4;16,2;100;99;99;301;8,2;6,3;
2026/07/28;0700 UTC;0;969;969,4;968,3;0;16,8;16,6;16,8;16,4;16,6;16,3;100;98;99;270;9;3,6;
2026/07/28;0800 UTC;0;969,1;969,1;968,8;0;16,4;16,4;16,8;16,4;16,6;16,4;100;99;100;267;5,9;1,8;
2026/07/28;0900 UTC;0;969,6;969,6;969,1;0;16,4;16,4;16,4;16,4;16,4;16,4;100;100;100;288;3,2;2,4;
2026/07/28;1000 UTC;,2;970,4;970,4;969,6;0;16,4;16,4;16,4;16,4;16,4;16,4;100;100;100;310;3,9;2,1;
2026/07/28;1100 UTC;0;970,3;970,5;970,3;3,2;16,5;16,5;16,5;16,4;16,5;16,4;100;100;100;218;3,4;1,3;
2026/07/28;1200 UTC;,2;972;972;970,3;136,2;16,2;16,2;16,6;16,2;16,6;16,2;100;100;100;136;5,6;1,9;
2026/07/28;1300 UTC;0;971,6;972,3;971,5;366,3;16,2;16,2;16,3;15,9;16,3;15,9;100;100;100;163;5,2;3,5;
2026/07/28;1400 UTC;0;972,2;972,5;971,6;1241,7;17;15,1;17,4;16,1;16,4;15,1;100;88;89;162;6;3,1;
2026/07/28;1500 UTC;0;973,1;973,3;972,2;1209,6;17;15,3;18,2;16,9;16;14,8;92;85;90;135;5,8;2,1;
2026/07/28;1600 UTC;0;972;973,1;972;985;16,6;15,3;17,2;16,4;16;15;95;89;92;160;5;2,8;
2026/07/28;1700 UTC;0;971;972;971;827;16,2;15,3;16,8;16;15,7;15;96;90;95;159;5,3;3,8;
2026/07/28;1800 UTC;0;970,5;971,2;970,5;560,1;15,3;14,9;16,2;15,3;15,4;14,7;98;94;98;155;7,6;5,7;
2026/07/28;1900 UTC;0;970,7;971,3;970,4;195,8;15;14,3;15,3;15;14,9;14,2;98;94;95;132;7,9;4,4;
2026/07/28;2000 UTC;0;970,1;971,2;969,9;67,9;14,7;14,5;15;14,7;14,7;14,2;99;95;99;129;8,4;6,2;
2026/07/28;2100 UTC;0;970,5;970,7;969,4;20;13,9;13,9;14,7;13,9;14,6;13,9;100;99;100;157;10,3;6,2;
2026/07/28;2200 UTC;0;969;970,8;969;,4;13,3;13,3;13,9;13,3;13,9;13,3;100;100;100;93;13,1;8,2;
2026/07/28;2300 UTC;0;969,9;971,4;969;,1;13,5;13,5;13,5;13,2;13,5;13,2;100;100;100;106;12,6;6,6;
2026/07/29;0000 UTC;0;971,3;971,9;970;,1;13,2;13,2;13,5;13,2;13,5;13,2;100;100;100;174;8,6;4,3;
2026/07/29;0100 UTC;,4;973,8;974,5;970,8;0;13,5;13,5;13,5;13,2;13,5;13,2;100;100;100;21;7,2;3,3;
2026/07/29;0200 UTC;1;974;974,3;973,4;0;13,9;13,9;14;13,6;14;13,6;100;100;100;332;7,2;3,8;
2026/07/29;0300 UTC;,6;967,6;974;967,5;0;15,4;14,1;15,4;14;14,5;14;100;92;92;39;15,2;10,5;
2026/07/29;0400 UTC;0;970,3;970,3;967,6;0;14,7;13,2;15,4;14,7;14;13,1;92;88;90;15;14,2;5,7;
2026/07/29;0500 UTC;0;971,1;971,2;969,9;0;14,6;12,9;14,9;14,6;13,2;12,7;91;87;90;198;9,6;3,5;
2026/07/29;0600 UTC;0;972,2;972,2;971,1;,4;12,7;12,7;14,8;12,7;13;12,3;100;86;100;206;8,5;5;
2026/07/29;0700 UTC;0;972,6;972,6;972,2;0;12,7;12,7;12,7;12,7;12,7;12,7;100;100;100;174;8,2;3,4;
2026/07/29;0800 UTC;0;972,8;973,3;972,6;0;12,6;12,6;12,7;12,6;12,7;12,6;100;100;100;178;5,5;2,2;
2026/07/29;0900 UTC;0;972,7;972,8;972,4;0;12,7;12,7;12,7;12,6;12,7;12,6;100;100;100;114;4;3,4;
2026/07/29;1000 UTC;0;972,8;972,8;972,3;0;12,9;12,9;12,9;12,7;12,9;12,7;100;100;100;147;7,1;5,5;
2026/07/29;1100 UTC;0;973,9;974;972,8;18,9;12,9;12,9;12,9;12,8;12,9;12,8;100;100;100;136;7,7;3,6;
2026/07/29;1200 UTC;0;975,1;975,1;973,8;228,1;12,9;12,9;13,1;12,8;13,1;12,8;100;100;100;157;5;3,7;
2026/07/29;1300 UTC;0;976,3;976,3;975,1;327,7;13,1;13,1;13,2;12,8;13,2;12,8;100;100;100;173;5,3;3;
2026/07/29;1400 UTC;0;977,1;977,1;976,3;410,3;12,7;12,7;13,2;12,7;13,2;12,7;100;100;100;189;6,6;3;
2026/07/29;1500 UTC;0;977;977,3;977;239,2;12,7;12,7;12,8;12,5;12,8;12,5;100;100;100;181;6,6;2,5;
2026/07/29;1600 UTC;0;976,8;977,1;976,8;469,7;13;13;13,1;12,7;13,1;12,7;100;100;100;184;5,9;2,6;
2026/07/29;1700 UTC;0;976,4;976,9;976,3;662;13,3;13,3;13,8;13;13,8;13;100;100;100;170;6,3;3,9;
2026/07/29;1800 UTC;0;976,8;976,9;976,4;444,3;13,9;13,7;13,9;13,3;13,7;13,3;100;98;98;164;7,1;4,2;
2026/07/29;1900 UTC;0;977,1;977,1;976,6;371,5;13,8;13,8;14,1;13,7;13,9;13,3;100;96;100;151;7,2;5;
2026/07/29;2000 UTC;0;977,5;977,5;977;211,3;13;13;13,8;13;13,8;13;100;99;100;147;9,8;6,3;
2026/07/29;2100 UTC;,2;977,8;977,9;977,5;45,5;12,8;12,8;13;12,7;13;12,7;100;100;100;145;9,2;7,1;
2026/07/29;2200 UTC;0;979,1;979,1;977,8;,1;12,9;12,9;12,9;12,8;12,9;12,8;100;100;100;140;8,8;5,3;
2026/07/29;2300 UTC;,2;980;980;979;0;12,9;12,9;12,9;12,8;12,9;12,8;100;100;100;137;7,3;3,7;
2026/07/30;0000 UTC;0;980,3;980,3;980;0;12,9;12,9;12,9;12,8;12,9;12,8;100;100;100;130;5,9;4;
2026/07/30;0100 UTC;,2;980,8;980,9;980,3;0;12,8;12,8;12,9;12,8;12,9;12,8;100;100;100;136;6,8;4,2;
2026/07/30;0200 UTC;0;980,8;980,9;980,5;0;12,7;12,7;12,8;12,7;12,8;12,7;100;100;100;123;7;4,5;
2026/07/30;0300 UTC;0;981,3;981,3;980,8;0;12,6;12,6;12,7;12,6;12,7;12,6;100;100;100;127;6,1;4,5;
2026/07/30;0400 UTC;0;980,6;981,4;980,6;0;12,5;12,5;12,6;12,5;12,6;12,5;100;100;100;118;6,7;4,4;
2026/07/30;0500 UTC;0;981,1;981,1;980,6;0;12,3;12,3;12,5;12,3;12,5;12,3;100;100;100;125;7,3;4,9;
2026/07/30;0600 UTC;0;981,6;981,6;981,1;,1;11,8;11,8;12,3;11,8;12,3;11,8;100;100;100;126;7,8;5,7;
2026/07/30;0700 UTC;0;981,7;981,9;981,4;0;11,6;11,6;11,8;11,4;11,8;11,4;100;100;100;117;7,8;4,5;
2026/07/30;0800 UTC;0;981,6;981,8;981,4;0;11,3;11,3;11,6;11,3;11,6;11,3;100;100;100;106;7;5;
2026/07/30;0900 UTC;0;981,9;982;981,4;0;11,4;11,4;11,4;11,3;11,4;11,3;100;100;100;113;7,4;4,6;
2026/07/30;1000 UTC;,2;983,1;983,1;981,9;0;11,3;11,3;11,4;11,3;11,4;11,3;100;100;100;110;6,9;4,8;
2026/07/30;1100 UTC;0;983;983,1;982,6;24,8;10,9;10,9;11,2;10,9;11,2;10,9;100;100;100;106;7,5;5,6;
2026/07/30;1200 UTC;0;983;983,3;982,8;256,1;11;11;11,1;10,7;11,1;10,7;100;100;100;95;10,1;7,3;
2026/07/30;1300 UTC;0;983,3;983,4;983,1;577,1;11,9;11,5;12;11;11,7;11;100;97;97;90;10,4;6,8;
2026/07/30;1400 UTC;0;984;984,1;983,4;1257,7;13,2;11,4;13,8;11,8;12;11,2;97;87;88;91;10,3;6,6;
2026/07/30;1500 UTC;0;984,7;984,7;984,1;824,1;13,7;11,6;13,8;13,1;12;11,2;91;86;87;78;9,3;6;
2026/07/30;1600 UTC;0;981,8;984,8;981,8;1389,7;15,3;12,3;15,3;13,7;12,9;11,7;90;82;82;72;12,2;8,6;
2026/07/30;1700 UTC;0;982;982;981,6;1633,1;15,4;11,9;16,2;15;13;11,3;86;79;80;65;12,9;7,6;
2026/07/30;1800 UTC;0;982;982,1;981,6;826,7;15,3;12,3;15,7;15,2;12,4;11,5;82;77;82;96;10,3;4,7;
2026/07/30;1900 UTC;0;982,2;982,5;982;502,8;15,7;12,3;15,7;15,3;12,6;11,7;84;78;80;71;7,6;4,3;
2026/07/30;2000 UTC;0;981,3;982,4;981,3;483,6;15,5;11,6;15,7;15,4;12,6;11,4;83;76;78;78;9,4;6,6;
2026/07/30;2100 UTC;0;980,7;981,2;980,7;194,6;13,6;12,6;15,5;13,6;12,6;11,6;93;78;93;102;8,6;5,3;
2026/07/30;2200 UTC;0;980,1;980,7;980;,2;13,2;12,8;13,6;13,2;12,9;12,6;98;93;97;104;9,7;6,7;
2026/07/30;2300 UTC;0;980,4;980,4;980;0;13;12,7;13,1;12,9;12,8;12,5;99;97;98;88;10,5;7,3;
2026/07/31;0000 UTC;0;980,7;980,7;980,2;0;13,2;12,8;13,2;13;12,8;12,7;98;97;97;90;12,2;7,8;
2026/07/31;0100 UTC;0;980,7;981,1;980,7;0;13;12,6;13,2;13;12,8;12,6;97;96;97;90;12,3;7,9;
2026/07/31;0200 UTC;0;980,3;980,6;980,3;0;12,8;12,4;13;12,8;12,6;12,4;98;97;98;85;12,6;8,7;
2026/07/31;0300 UTC;0;980,1;980,4;980;0;12,8;12,4;12,8;12,7;12,4;12,3;98;97;98;88;12,8;8,6;
2026/07/31;0400 UTC;0;979,4;980,2;979,3;0;12,8;12,5;12,8;12,7;12,5;12,4;98;97;98;86;13,4;9,4;
2026/07/31;0500 UTC;0;979,5;979,5;979;0;13;12,8;13;12,8;12,8;12,5;98;97;98;75;14,7;7,9;
2026/07/31;0600 UTC;0;978,9;979,5;978,8;0;13,1;12,8;13,2;13;12,8;12,7;98;98;98;68;12,4;7,8;
2026/07/31;0700 UTC;0;978,4;978,9;978,4;0;13,2;13;13,2;13,1;13;12,8;99;98;99;76;11;5,9;
2026/07/31;0800 UTC;0;977,8;978,3;977,7;0;13,3;13,1;13,3;13,2;13,1;13;99;98;99;72;10,5;7,4;
2026/07/31;0900 UTC;0;977,8;977,9;977,6;0;13,2;13,2;13,3;13,2;13,2;13,1;100;99;100;65;10;6,7;
2026/07/31;1000 UTC;0;978;978,1;977,8;0;13,1;13,1;13,2;13,1;13,2;13,1;100;100;100;70;9,6;6,3;
2026/07/31;1100 UTC;0;978,1;978,1;978;33,8;13,4;13,4;13,4;13,2;13,4;13,2;100;100;100;69;9;7,2;
2026/07/31;1200 UTC;0;978,6;978,6;978,1;428,5;14,9;14;14,9;13,4;14,2;13,4;100;94;94;76;10,7;6,5;
2026/07/31;1300 UTC;0;978,7;978,7;978,4;1145,5;17,2;15,3;17,2;14,9;15,4;14,1;96;88;89;55;9,4;5,9;
2026/07/31;1400 UTC;0;978,4;978,8;978,4;1715,9;20;16,9;20;17,2;17;15,2;90;81;82;52;8,8;5,7;
2026/07/31;1500 UTC;0;977,4;978,4;977,4;2082,2;22,8;18,1;22,8;20;18,1;16,6;83;73;75;37;8,9;4,9;
2026/07/31;1600 UTC;0;976,4;977,4;976,4;2244,2;24;18,9;24,1;22,8;19;17,8;75;70;73;29;10;5,3;
2026/07/31;1700 UTC;0;975,8;976,4;975,7;2165,2;25,1;19,4;25,2;24,1;19,5;18,6;73;67;71;33;8,5;4,6;
2026/07/31;1800 UTC;0;975,1;975,7;975;1869;25,9;18,4;25,9;24,9;20;18,3;74;63;63;36;7,2;4,5;
2026/07/31;1900 UTC;0;974,1;975,1;974,1;1376,3;25,5;18,5;25,9;25,4;19;18,1;67;63;65;38;7,6;4,8;
2026/07/31;2000 UTC;0;973,8;974,1;973,8;766,8;24,2;18,7;25,4;24,2;18,9;18,3;72;65;72;51;7,2;4,8;
2026/07/31;2100 UTC;0;973,6;973,9;973,6;178,4;21,8;18,3;24;21,7;19,1;18,3;81;73;81;57;6,9;5,1;
2026/07/31;2200 UTC;0;973,6;973,7;973,5;,3;20,1;18;21,8;20;18,4;17,9;88;81;88;75;7,1;3,6;
2026/07/31;2300 UTC;0;973,3;973,6;973,3;0;19,9;18,2;20,1;19,7;18,3;18;91;88;90;62;6,6;3,9;
2026/08/01;0000 UTC;0;973,2;973,3;973;0;20,6;17,9;20,7;19,6;18,2;17,9;91;84;85;40;8;5,2;
2026/08/01;0100 UTC;0;973;973,2;973;0;20,8;17,5;20,8;20,3;17,8;17,5;85;81;81;12;8,8;5;
2026/08/01;0200 UTC;0;972,8;973,1;972,8;0;21;17,3;21,4;20,8;17,5;17,3;81;78;79;8;9,5;4,6;
2026/08/01;0300 UTC;0;972,1;972,8;972;0;21,4;17,1;21,4;21;17,3;17,1;79;77;77;9;10,2;6,7;
2026/08/01;0400 UTC;0;971,2;971,7;971,1;0;21,3;16,8;21,6;21,3;17;16,8;76;75;75;2;12,7;7;
2026/08/01;0500 UTC;0;970;971,2;970;0;21,4;16,6;21,5;21,2;16,8;16,5;76;74;74;1;11,4;6,5;
2026/08/01;0600 UTC;0;968,9;970,1;968,9;0;21,6;16,2;21,7;20,9;16,6;16,1;76;71;71;358;13,4;8,2;
2026/08/01;0700 UTC;0;968,9;969,2;968,6;0;21,4;15,7;22;21,3;16,2;15,7;71;68;70;354;13,7;7,5;
2026/08/01;0800 UTC;0;968,2;969;968,1;0;21,4;15,2;21,4;20,9;15,7;15;71;68;68;351;14,4;8;
2026/08/01;0900 UTC;0;967,3;968,1;967,3;0;21;14,7;21,5;20,9;15,1;14,6;68;66;67;351;15,1;8,8;
2026/08/01;1000 UTC;0;967,8;967,9;967,3;0;21,5;14,3;21,5;20,7;14,8;14,2;68;63;63;345;14;7,6;
2026/08/01;1100 UTC;0;970,4;970,4;967,1;119,3;20,6;15,2;22,1;20,2;15,3;14;73;60;71;277;15,4;9,7;
2026/08/01;1200 UTC;0;971,1;971,2;970,4;282,8;20,4;16,6;20,7;20,4;16,6;15,1;79;71;79;274;13;2,9;
2026/08/01;1300 UTC;0;971,5;971,6;971;173,5;19,6;16,6;20,3;19,6;16,8;16,3;83;78;83;250;5,8;2,8;
2026/08/01;1400 UTC;0;971,6;972,2;971,5;267,9;15,1;14,5;19,7;15,1;16,8;14,5;97;83;96;186;9,7;5,6;
2026/08/01;1500 UTC;0;971,4;971,8;970,8;455,7;14,6;14,2;15,2;14,6;14,7;14,2;98;96;97;189;12,4;5,4;
2026/08/01;1600 UTC;0;970,8;971,4;970,7;166,1;15,3;13,4;15,3;14,6;14,1;13,4;97;88;88;171;9;5,4;
2026/08/01;1700 UTC;2,4;971,2;971,2;970,2;136,6;14,5;14;15,3;14,5;14;13,4;97;88;97;214;9,6;4,1;
2026/08/01;1800 UTC;4,8;971,9;972,5;970,8;139,2;14,1;13,8;14,5;14,1;14,1;13,8;98;97;98;230;7,7;3,6;
2026/08/01;1900 UTC;4;972,1;972,3;971,5;81,6;14;13,8;14,1;14;14;13,8;99;98;99;254;6,1;2,5;
2026/08/01;2000 UTC;3,4;971,7;972,9;971,7;37,5;14;14;14,1;13,9;14,1;13,8;100;99;100;350;5,7;1,4;
2026/08/01;2100 UTC;,2;970,7;971,6;969,1;27;13,8;13,6;14;13,8;14;13,6;100;98;99;101;7,4;4,4;
2026/08/01;2200 UTC;0;972;972;970,4;0;13,8;13,8;14;13,8;13,8;13,5;100;97;100;341;5,6;2,5;
2026/08/01;2300 UTC;,4;974,7;974,8;972,1;0;14;13,9;14,1;13,8;13,9;13,8;100;98;99;254;10,8;3,7;
2026/08/02;0000 UTC;,2;975,2;975,3;974,6;0;14,1;13,9;14,1;14;14,1;13,8;100;98;98;241;8,8;3,6;
2026/08/02;0100 UTC;1;976,1;976,1;975,4;0;14;13,7;14,1;14;13,9;13,7;99;98;99;256;8;3,9;
2026/08/02;0200 UTC;,4;976,4;976,5;975,8;0;14;13,9;14;14;13,9;13,7;100;99;100;286;5,9;2,3;
2026/08/02;0300 UTC;0;976;976,3;976;0;13,8;13,8;14;13,5;13,9;13,5;100;100;100;311;3,9;2,4;
2026/08/02;0400 UTC;0;976,1;976,1;975,8;0;13,4;13,4;13,8;13,4;13,8;13,4;100;100;100;291;4;2,9;
2026/08/02;0500 UTC;0;977,4;977,4;976,2;0;13,4;13,4;13,5;13,4;13,5;13,4;100;100;100;260;5,4;2,9;
2026/08/02;0600 UTC;0;977,7;977,8;977,3;0;13,7;13,5;13,7;13,4;13,5;13,2;100;97;99;282;6,8;2,8;
2026/08/02;0700 UTC;0;977,7;977,7;977,6;0;13,5;13,5;13,7;13,5;13,7;13,5;100;99;100;266;4,7;2,2;
2026/08/02;0800 UTC;0;977,7;977,8;977,7;0;13,3;13,3;13,5;13,3;13,5;13,3;100;100;100;263;4,5;1,7;
2026/08/02;0900 UTC;0;977,3;977,6;977,2;0;13,3;13,3;13,3;13,3;13,3;13,3;100;100;100;142;2,1;,6;
2026/08/02;1000 UTC;0;978,1;978,2;977,4;0;13,2;13,2;13,4;13,1;13,4;13,1;100;100;100;76;4,4;3,1;
2026/08/02;1100 UTC;0;978,4;978,5;978;37,2;13,4;13,4;13,4;13,1;13,4;13,1;100;100;100;87;5,3;3,1;
2026/08/02;1200 UTC;0;979,4;979,4;978,4;260,8;13,5;13,4;13,5;13,1;13,5;13,1;100;100;100;105;4,6;1,9;
2026/08/02;1300 UTC;0;980,5;980,5;979,4;588,4;14,2;13,2;14,2;13,4;13,5;13;100;92;94;76;2,8;1,9;
2026/08/02;1400 UTC;0;980,7;981;980,5;492,9;13,9;13,4;14,3;13,9;13,8;13,1;98;93;97;90;3,9;2,7;
2026/08/02;1500 UTC;0;980,3;980,7;980;557,6;14;13,7;14,2;13,7;14;13,5;99;97;98;88;4,2;2,8;
2026/08/02;1600 UTC;0;979,3;980,4;979,3;726,8;14,5;13,6;14,5;14;13,9;13,6;98;95;95;92;5,1;3,7;
2026/08/02;1700 UTC;0;978,4;979,3;978,4;746,5;15;14;15;14,5;14,3;13,5;98;93;94;76;6,5;3,9;
2026/08/02;1800 UTC;0;978,1;978,4;978,1;742,5;15,4;13,9;15,6;15;14,2;13,5;95;89;90;64;7,8;5,3;
2026/08/02;1900 UTC;0;978;978,2;978;475,5;15,2;14,1;15,6;15,2;14,3;13,7;93;89;93;70;7,6;4,4;
2026/08/02;2000 UTC;0;978,5;978,5;978;231,7;15;14,3;15,4;15;14,4;13,9;96;92;96;101;6,4;3,5;
2026/08/02;2100 UTC;0;979,1;979,1;978,5;80,2;14,6;14,2;15;14,6;14,4;14,1;97;95;97;114;5,6;3,9;
2026/08/02;2200 UTC;0;978,9;979,1;978,6;,1;14,3;14,2;14,6;14,3;14,2;14,1;99;97;99;97;7,1;5,1;
2026/08/02;2300 UTC;0;980;980;978,9;0;14;13,9;14,3;14;14,2;13,9;100;99;99;90;7,7;4,2;
2026/08/03;0000 UTC;0;979,5;980;979,2;0;13,8;13,7;14;13,8;13,9;13,7;99;99;99;80;9;6,2;
2026/08/03;0100 UTC;0;979,6;979,7;979,2;0;13,6;13,5;13,8;13,6;13,7;13,4;100;99;99;83;9,2;5;
2026/08/03;0200 UTC;0;979,9;979,9;979,5;0;13,5;13,3;13,6;13,5;13,4;13,3;99;99;99;85;8,9;5,7;
2026/08/03;0300 UTC;0;979,3;980,2;979,3;0;13,5;13,2;13,6;13,4;13,3;13,1;99;97;98;70;8,5;6,1;
2026/08/03;0400 UTC;0;978,8;979,3;978,8;0;13,4;13,3;13,5;13,4;13,3;13,1;99;98;99;59;10,2;5,5;
2026/08/03;0500 UTC;0;978,6;978,8;978,6;0;13,6;13,4;13,6;13,4;13,4;13,2;99;99;99;83;8,7;5,3;
2026/08/03;0600 UTC;0;978,4;978,6;978,2;0;13,5;13,5;13,6;13,5;13,5;13,3;100;98;100;96;8,2;4,7;
2026/08/03;0700 UTC;0;978,2;978,4;978,1;0;13,3;13,3;13,5;13,3;13,5;13,3;100;100;100;90;7,2;4,9;
2026/08/03;0800 UTC;0;978;978,3;978;0;13,2;13,2;13,3;13,2;13,3;13,2;100;100;100;73;6,9;5,1;
2026/08/03;0900 UTC;0;978,1;978,2;977,9;0;13,1;13,1;13,2;13,1;13,2;13,1;100;100;100;76;6,7;4,5;
2026/08/03;1000 UTC;0;978,3;978,3;978,1;0;13;13;13,1;13;13,1;13;100;100;100;64;6,8;4,4;
2026/08/03;1100 UTC;0;978,4;978,5;978,2;14,4;13;13;13;13;13;13;100;100;100;83;5,9;3,1;
2026/08/03;1200 UTC;0;978,1;978,4;978,1;240,7;13,5;13,5;13,5;13;13,5;13;100;100;100;88;6;4,2;
2026/08/03;1300 UTC;0;978,1;978,2;977,8;735,3;14,3;14,3;14,5;13,4;14,5;13,4;100;100;100;105;7,9;3,6;
2026/08/03;1400 UTC;0;977,6;978;977,6;1219;16;15,9;16;14,3;15,9;14,3;100;100;100;70;6;3,2;
2026/08/03;1500 UTC;0;977,2;977,6;976,9;1910,2;18,6;16,3;18,6;16;16,6;15,7;100;86;86;103;5;2,1;
2026/08/03;1600 UTC;0;976,5;977,4;976,5;1625;19,9;16,7;20,1;18,6;17,5;16;88;80;82;36;3,8;2,1;
2026/08/03;1700 UTC;0;975,8;976,4;975,8;1436;22;17,9;22;20;18,2;17;85;76;78;37;5,2;2,2;
2026/08/03;1800 UTC;0;975,7;976,2;975,6;632,1;20,9;18,9;22;20,9;19,1;17,8;88;77;88;215;3;1,1;
2026/08/03;1900 UTC;0;975,4;975,6;974,7;211,6;19,6;18,1;20,9;19,6;19,1;18,1;91;87;91;337;5,7;3,5;
2026/08/03;2000 UTC;0;976,2;976,3;974,5;19,8;18,7;17,6;19,5;18,7;18;17,4;94;91;94;312;6,3;3,8;
2026/08/03;2100 UTC;5;975,3;976,1;974,6;1,8;18,1;17,7;18,6;18,1;17,9;17,6;98;94;98;284;7,4;2,3;
2026/08/03;2200 UTC;,6;975,1;975,6;973,5;0;17,9;17,6;18,3;17,9;17,8;17,6;99;96;98;254;9,3;2,8;
2026/08/03;2300 UTC;,2;975,3;975,7;974,5;,1;17;16,9;18;17;17,6;16,9;100;96;99;155;5,2;2,2;
2026/08/04;0000 UTC;0;975,4;975,4;975;0;16,8;16,8;17,3;16,8;17,3;16,8;100;99;100;95;4,3;2,4;
2026/08/04;0100 UTC;0;975,6;975,8;975,4;0;16,8;16,8;16,8;16,7;16,8;16,7;100;100;100;111;3,3;2,6;
2026/08/04;0200 UTC;0;975,2;975,7;975;0;17;17;17;16,5;17;16,5;100;100;100;64;4,9;2,9;
2026/08/04;0300 UTC;0;974,6;975,5;974,6;0;17;17;17,1;16,9;17,1;16,9;100;100;100;0;5,4;2,8;
2026/08/04;0400 UTC;0;974,9;974,9;974,2;0;17,3;17;17,3;17;17,1;16,9;100;98;98;316;6,1;2,6;
2026/08/04;0500 UTC;,4;976,2;976,7;975,4;0;17,3;17,1;17,6;17,2;17,1;17;99;97;99;178;3,8;,9;
2026/08/04;0600 UTC;,6;975,1;976,4;974,9;0;17,1;16,9;17,3;17,1;17,2;16,9;100;98;99;0;6;3,6;
2026/08/04;0700 UTC;,6;974,9;975,2;973,7;0;16,8;16,8;17,1;16,8;17;16,8;100;98;100;297;6;4,1;
2026/08/04;0800 UTC;0;974,9;974,9;974,4;0;16,6;16,6;16,8;16,4;16,8;16,4;100;100;100;305;5;3,6;
2026/08/04;0900 UTC;,2;975,4;975,7;975;0;16,9;16,8;17,1;16,6;16,8;16,5;100;97;99;290;9,8;7,4;
2026/08/04;1000 UTC;4,4;976,6;976,6;975,4;0;17,2;17,1;17,3;16,8;17,2;16,8;100;99;99;309;13,7;9;
2026/08/04;1100 UTC;5;976,1;976,8;975,3;3,8;17,1;16,8;17,2;17;17,1;16,5;99;97;98;317;12,5;7,7;
2026/08/04;1200 UTC;0;976,8;976,8;975,9;88,6;17,5;17,1;17,5;17,1;17,1;16,8;98;97;98;292;11,7;8,1;
2026/08/04;1300 UTC;0;977,4;977,4;976,7;137;17,4;17,1;17,6;17,4;17,2;16,9;99;96;98;263;11,9;6,5;
2026/08/04;1400 UTC;0;977,6;977,8;977,1;486,6;18,3;17,5;18,4;17,4;17,7;17,1;99;95;95;295;12;4,3;
2026/08/04;1500 UTC;0;977;977,7;977;879,2;19,5;17,1;19,5;18,4;17,9;17,1;96;86;86;272;6,3;3,9;
2026/08/04;1600 UTC;0;976,4;977;976,4;1233,1;18,6;17,9;20,3;18,6;18,5;17;96;83;96;152;6,2;5;
2026/08/04;1700 UTC;0;975,9;976,4;975,8;591;16,4;16,4;18,7;16,4;18,2;16,4;100;96;100;164;7,2;4,6;
2026/08/04;1800 UTC;0;975,9;975,9;975,6;534,8;16,4;16,4;16,6;16,2;16,6;16,2;100;100;100;140;6,5;3,1;
2026/08/04;1900 UTC;0;975,8;975,9;975,7;730,2;16,4;16,4;16,9;16,4;16,9;16,4;100;99;100;161;6,6;4,9;
2026/08/04;2000 UTC;0;976,1;976,1;975,7;245,3;16;16;16,4;16;16,4;16;100;100;100;137;6,8;4,1;
2026/08/04;2100 UTC;0;976,7;976,7;976,1;32,3;15,9;15,9;16;15,9;16;15,9;100;100;100;155;4,6;3,2;
2026/08/04;2200 UTC;0;976,9;977;976,7;,8;15,6;15,6;16;15,6;16;15,6;100;100;100;142;5,7;4;
2026/08/04;2300 UTC;0;977,3;977,4;976,9;,4;14,8;14,8;15,6;14,8;15,6;14,8;100;100;100;140;6,7;5,4;
2026/08/05;0000 UTC;0;977,5;977,6;977,3;0;14,6;14,6;14,7;14,6;14,7;14,6;100;100;100;129;6,4;4,4;
2026/08/05;0100 UTC;0;977,2;977,4;977,2;0;14,5;14,5;14,6;14,5;14,6;14,5;100;100;100;128;6,1;4,5;
2026/08/05;0200 UTC;0;977,1;977,2;977;0;14,5;14,5;14,6;14,5;14,6;14,5;100;100;100;121;5,6;3,8;
2026/08/05;0300 UTC;0;977,1;977,2;977,1;0;14,6;14,6;14,6;14,5;14,6;14,5;100;100;100;105;4,9;3,7;
2026/08/05;0400 UTC;0;976,5;977,1;976,5;0;14,5;14,5;14,6;14,5;14,6;14,5;100;100;100;126;6,5;5,2;
2026/08/05;0500 UTC;0;976,2;976,5;976,2;0;14,3;14,3;14,5;14,3;14,5;14,3;100;100;100;112;7,7;4,7;
2026/08/05;0600 UTC;0;975,4;976,2;975,4;0;14,1;14,1;14,3;14;14,3;14;100;100;100;110;5,8;4,4;
2026/08/05;0700 UTC;0;974,8;975,4;974,8;0;13,9;13,9;14,1;13,9;14,1;13,9;100;100;100;99;6,1;3,9;
2026/08/05;0800 UTC;0;974,7;974,8;974,7;0;14;14;14;13,9;14;13,9;100;100;100;91;5,4;3,4;
2026/08/05;0900 UTC;0;974,7;974,7;974,7;0;14,1;14,1;14,1;14,1;14,1;14,1;100;100;100;118;2,6;2,2;
2026/08/05;1000 UTC;0;974,8;974,8;974,6;0;14,1;14,1;14,2;14,1;14,2;14,1;100;100;100;92;4,4;3,6;
2026/08/05;1100 UTC;0;975,1;975,2;974,7;9,6;14,3;14,3;14,3;14,1;14,3;14,1;100;100;100;76;4,5;2,3;
2026/08/05;1200 UTC;0;975,3;975,3;975,1;258,2;15;15;15;14,3;15;14,3;100;100;100;123;3,3;,9;
2026/08/05;1300 UTC;0;975;975,3;974,9;703;16;16;16,1;15;16,1;15;100;100;100;62;6,6;4,3;
2026/08/05;1400 UTC;0;975;975,1;975;1045,5;16,9;16,9;17,1;16;17;16;100;99;100;62;5,8;1,9;
2026/08/05;1500 UTC;0;974,3;975,1;974,3;1889,4;19,6;17,7;19,7;16,8;18,2;16,8;100;88;89;16;5,7;3,6;
2026/08/05;1600 UTC;0;973,6;974,3;973,6;2333,1;22;18,6;22,2;19,7;19;17,7;92;79;81;348;5,9;3,7;
2026/08/05;1700 UTC;0;972,7;973,6;972,6;1763,3;22,4;19,3;22,8;21,5;19,5;18,1;83;79;83;315;5,5;2,8;
2026/08/05;1800 UTC;0;972,2;972,7;972,1;1091,3;21,9;18,9;22,8;21,7;19,1;18,4;84;77;83;314;6,8;4,5;
2026/08/05;1900 UTC;5,5;972,4;972,6;971,7;460,5;17,5;17,1;22;17,5;19;16,8;97;80;97;274;11,6;6,2;
2026/08/05;2000 UTC;2,8;971,3;972,4;971,3;96,5;18,5;18,1;18,6;17,5;18,2;17,1;98;96;98;260;9,4;1,7;
2026/08/05;2100 UTC;0;971,5;971,9;971,3;150;18,1;18,1;19,1;18,1;18,5;18;100;94;100;319;3,8;2,4;
2026/08/05;2200 UTC;0;971,7;971,8;971,3;,1;17,5;17,5;18,1;17,4;18,1;17,4;100;100;100;73;3,4;1,5;
2026/08/05;2300 UTC;0;972,4;972,4;971,7;0;17,3;17,3;17,5;17,3;17,5;17,3;100;100;100;340;3,1;,7;
2026/08/06;0000 UTC;0;971,8;972,4;971,8;0;17;17;17,4;16,9;17,4;16,9;100;100;100;235;2,3;1,2;
2026/08/06;0100 UTC;0;971,4;972,1;971,3;0;16,5;16,5;17,1;16,4;17,1;16,4;100;100;100;71;4,7;1,3;
2026/08/06;0200 UTC;0;971,2;971,4;971,1;0;16,4;16,4;16,5;15,9;16,5;15,9;100;100;100;349;2,2;1,4;
2026/08/06;0300 UTC;0;971,1;971,2;971;0;16,1;16,1;16,4;16;16,4;16;100;100;100;35;3,7;1,6;
2026/08/06;0400 UTC;1;970,7;971,1;970,7;0;16,6;15,6;16,6;16;16,1;15,6;100;94;94;57;4,4;2,8;
2026/08/06;0500 UTC;,2;969,8;970,5;969,8;0;15,4;15,3;16,3;15,4;15,5;15,2;99;95;99;100;2,9;1,7;
2026/08/06;0600 UTC;0;969,5;969,8;969,5;0;16,4;15,1;16,4;15,4;15,9;15,1;100;92;92;1;2,5;,8;
2026/08/06;0700 UTC;0;968,6;969,5;968,6;0;15,9;14,9;16,5;15,9;15,3;14,9;94;91;94;332;2,8;,9;
2026/08/06;0800 UTC;0;968,3;968,7;968,2;0;16,1;15,6;16,3;15,8;15,6;14,9;97;94;97;309;2,3;1,1;
2026/08/06;0900 UTC;0;968,1;968,4;968,1;0;16,6;16,3;16,6;16,1;16,3;15,6;98;97;98;286;2,9;1,7;
2026/08/06;1000 UTC;0;968,3;968,3;967,8;0;16,5;16,3;16,6;16,2;16,3;16;99;98;99;35;2,4;1,2;
2026/08/06;1100 UTC;0;968;968,3;968;62,9;16,8;16,2;16,8;16,2;16,3;15,9;99;97;97;299;3,6;1,7;
2026/08/06;1200 UTC;0;968,1;968,4;968;527,1;17,7;17;17,9;16,8;17;16,2;97;94;96;328;4,1;2;
2026/08/06;1300 UTC;0;968,2;968,3;968;1136,8;19;17,9;19,5;17,8;18,2;17,1;96;90;94;326;5,3;3,1;
2026/08/06;1400 UTC;0;967,1;968,2;967,1;814;19,8;18,9;19,8;19;18,9;17,8;95;92;95;360;4,4;2,4;
2026/08/06;1500 UTC;0;965,7;967,1;965,7;1773,7;22,1;18,8;22,1;20;19,9;18,6;93;82;82;355;6,5;3,9;
2026/08/06;1600 UTC;0;963,7;965,7;963,7;2077,4;22,9;18;23,5;22;19,9;18;86;73;74;340;8,9;5,8;
2026/08/06;1700 UTC;0;962,4;963,7;962,3;2075,9;24,2;18;24,2;22,6;18,8;17,8;77;68;69;337;10,4;6,2;
2026/08/06;1800 UTC;0;961,3;962,4;961,3;1224;23;18,8;24,1;22,5;19;18,1;79;69;77;338;11,4;6,3;
2026/08/06;1900 UTC;0;959,4;961,2;959,2;575,2;21,8;19;23,1;21,8;19;18,5;84;76;84;3;10,4;3,8;
2026/08/06;2000 UTC;2,4;957,6;959,4;957,6;16,9;19,1;17,9;21,7;18,3;19,3;15,6;96;83;92;344;11,4;4,4;
2026/08/06;2100 UTC;14,5;959,6;961,2;957,7;11,3;13,8;13,2;19,3;12,9;18,2;12,9;100;83;96;263;20,1;7,9;
2026/08/06;2200 UTC;4,6;959,4;960,2;959,3;0;13,4;13,4;13,9;13,4;13,5;13;100;95;100;305;13,5;5,9;
2026/08/06;2300 UTC;,8;959,5;959,7;958,9;0;13,7;13,5;13,7;13,4;13,6;13,4;100;99;99;292;9,5;6,2;
2026/08/07;0000 UTC;0;960,5;960,5;959,5;0;13,7;13,5;13,8;13,7;13,6;13,4;99;98;99;295;15,2;11,3;
2026/08/07;0100 UTC;2,8;961,8;961,8;960,8;1,1;13,1;12,5;13,8;13,1;13,8;12,5;100;97;97;283;21,3;13,5;
2026/08/07;0200 UTC;,2;963,8;963,8;962,1;2,2;11,6;10,5;12,9;11,6;12,3;10,4;97;92;93;265;18,4;10,5;
2026/08/07;0300 UTC;0;964,4;964,5;963,7;,1;11;9,5;11,6;11;10,6;9,5;96;91;91;264;16,7;8;
2026/08/07;0400 UTC;0;965,2;965,2;964,4;,2;9,1;8,1;11;9,1;9,6;8,1;94;88;93;270;18;9,1;
2026/08/07;0500 UTC;0;966,1;966,1;965,3;0;8,7;7,3;9,3;8,7;8,3;7,3;94;90;90;267;14,2;7;
2026/08/07;0600 UTC;0;966,4;966,5;966,1;0;8,3;7;8,7;8,3;7,3;6,6;92;88;92;265;11,5;7;
2026/08/07;0700 UTC;,4;966,9;967,1;966,4;0;7,5;7,3;8,3;7,5;7,4;6,9;98;91;98;271;12,1;7,7;
2026/08/07;0800 UTC;,2;968,2;968,2;967;,2;7;6,2;7,5;6,9;7,2;5,8;99;92;95;248;12,2;7;
2026/08/07;0900 UTC;,2;969,2;969,2;968,1;0;6,8;6,1;7;6,8;6,4;5,9;97;93;95;265;11,4;6,1;
2026/08/07;1000 UTC;0;970,3;970,3;969,2;0;6,8;6,1;6,9;6,8;6,1;5,7;95;93;95;266;10;6,4;
2026/08/07;1100 UTC;0;971,3;971,3;970,2;71,5;6,4;5,7;6,8;6,4;6,1;5,7;97;93;96;270;11,7;6,9;
2026/08/07;1200 UTC;0;972,1;972,1;971,2;671,2;6,9;5,4;7;6,4;5,9;5;96;87;90;272;11,7;8;
2026/08/07;1300 UTC;0;972,7;972,7;972;953,2;7,2;4,9;7,3;6,9;5,4;4,6;90;84;85;269;12;8,3;
2026/08/07;1400 UTC;0;973,3;973,3;972,6;1441,1;7,8;4;8,3;7,1;5,4;3,7;87;75;77;269;13,8;7,6;
2026/08/07;1500 UTC;0;973,1;973,3;973;1908,3;8,7;4,2;8,8;7,6;4,8;3,3;82;71;73;275;12,8;7,3;
2026/08/07;1600 UTC;0;972,6;973,2;972,5;2510,4;9,7;4;9,9;8,1;5,3;3;76;65;68;272;14,1;7,6;
2026/08/07;1700 UTC;0;972,1;972,8;972,1;2329,5;10,2;3,8;10,6;9,1;4,8;3,4;72;62;64;269;12,8;8;
2026/08/07;1800 UTC;0;972;972,2;971,9;2060,7;10,3;4;10,7;9,7;5,1;3,4;69;61;65;277;11,5;7,9;
2026/08/07;1900 UTC;0;971,6;972;971,6;1632,1;10,8;4,2;10,9;10,4;4,9;2,6;67;58;64;280;11,7;6,2;
2026/08/07;2000 UTC;0;971,7;971,8;971,5;958,4;10,1;4,6;10,8;10,1;4,8;3,8;69;62;69;276;10,6;5,5;
2026/08/07;2100 UTC;0;971,8;971,8;971,6;257,1;8,4;4,5;10,1;8,4;4,7;4;77;67;77;270;8,4;3,9;
2026/08/07;2200 UTC;0;971,4;971,8;971,3;1;7;4,5;8,3;7;4,7;4,5;85;77;84;275;5,2;3,7;
2026/08/07;2300 UTC;0;971,4;971,4;971,2;0;5,8;4,3;7;5,8;4,6;4,3;90;84;90;284;5,2;3,6;
2026/08/08;0000 UTC;0;971,1;971,4;971,1;0;5,5;4,2;5,9;5,4;4,3;4,2;92;89;91;266;4,3;2,8;
2026/08/08;0100 UTC;0;970,9;971,1;970,8;0;5,3;3,9;5,8;5,2;4,2;3,9;91;88;91;269;3,9;2,8;
2026/08/08;0200 UTC;0;970,7;970,9;970,7;0;4,6;3,6;5,5;4,6;4;3,5;94;90;93;315;3,9;1,4;
2026/08/08;0300 UTC;0;970,8;970,9;970,6;0;3,7;3,1;4,7;3,6;3,7;2,8;97;91;96;127;2;1;
2026/08/08;0400 UTC;0;969,9;970,7;969,9;0;4;3,6;4,2;3,6;3,6;2,7;97;93;97;144;1,4;,9;
2026/08/08;0500 UTC;0;969,8;970,1;969,7;0;4,7;3,7;4,7;3,9;3,8;3,3;97;93;93;35;3,9;3,2;
2026/08/08;0600 UTC;0;969,7;969,8;969,4;0;4,7;3,8;5,4;4,3;4;3,2;94;89;93;232;4,3;,8;
2026/08/08;0700 UTC;0;968,8;969,7;968,8;0;5;3,7;5,2;4,5;3,8;3,1;93;88;91;86;3,9;2;
2026/08/08;0800 UTC;0;969,1;969,4;968,4;0;4,5;3,5;5,5;4,3;3,8;3,1;95;88;93;339;4,2;1,5;
2026/08/08;0900 UTC;0;969;969,2;968,6;0;5,4;3,8;5,6;4,5;3,9;3,5;93;88;89;59;5,1;3,1;
2026/08/08;1000 UTC;0;968,9;969,2;968,7;0;5,8;4;6;4,6;4,2;3,8;96;86;88;35;6,2;4;
2026/08/08;1100 UTC;0;968,3;969;968,3;25,1;6,1;4,4;6,1;5,7;4,4;3,9;89;87;89;51;6,8;4,3;
2026/08/08;1200 UTC;0;969;969;968,3;153,5;6,8;4,9;6,8;6,1;5;4,2;91;87;88;14;6,4;4;
2026/08/08;1300 UTC;0;968,8;969,3;968,7;466,3;7,8;5,8;7,8;6,8;5,8;4,9;90;85;87;6;6,8;3,9;
2026/08/08;1400 UTC;0;968,2;969;968,2;501,7;8,8;6,5;8,8;7,9;6,5;5,4;87;83;85;338;6,2;2,9;
2026/08/08;1500 UTC;0;968,2;968,4;968;1084,2;11;7;11;8,8;7,5;6,1;85;76;76;315;6,8;4,9;
2026/08/08;1600 UTC;0;967,5;968,4;967,4;1584,5;12,1;6,7;12,4;11;7,6;6,5;78;69;69;283;9,2;6,7;
2026/08/08;1700 UTC;0;966,8;967,5;966,7;1871,8;12,1;6,5;12,9;11,3;7,9;6,3;75;69;69;269;11,3;6,7;
2026/08/08;1800 UTC;0;967,4;967,4;966,8;1585,4;11,6;6;13,1;11,6;7,4;5,8;72;64;69;269;12,3;6,5;
2026/08/08;1900 UTC;0;968;968;967,3;1150,5;12,4;5,7;12,8;11,4;6,9;5,4;72;63;64;260;10,9;5,4;
2026/08/08;2000 UTC;0;968,7;968,7;967,8;948;12,2;5,8;12,8;12,2;6,2;5,2;65;60;65;267;11,4;6,2;
2026/08/08;2100 UTC;0;969,1;969,1;968,6;247,2;10,6;5,6;12,2;10,6;6;5,5;72;64;71;262;9,3;3,4;
2026/08/08;2200 UTC;0;969,8;969,8;969,1;1;10;6,4;10,8;9,5;6,4;5,7;80;71;78;268;6,9;4,5;
2026/08/08;2300 UTC;0;971,2;971,2;969,9;0;10;6,8;10,3;10;6,8;6,3;80;76;80;272;9,2;5,5;
2026/08/09;0000 UTC;0;972,3;972,3;971,2;0;9,1;6,7;10;9,1;6,9;6,7;85;80;85;254;9,6;5,3;
2026/08/09;0100 UTC;0;973,2;973,2;972,4;0;8,1;3;9,1;8;6,2;3;83;70;70;234;9,3;4,1;
2026/08/09;0200 UTC;0;974,2;974,2;973,2;0;7,2;2,4;8,1;7,2;2,9;1,8;72;67;72;249;7,9;3,2;
2026/08/09;0300 UTC;0;975;975;974,1;0;6,2;2;7,2;6,1;2,4;1,9;75;71;75;256;5,3;2,1;
2026/08/09;0400 UTC;0;975,1;975,2;975;0;5,6;2;6,2;5,6;2;1,9;77;74;77;247;4,7;2,8;
2026/08/09;0500 UTC;0;974,9;975,2;974,9;0;5,8;1,3;5,8;5,4;2;1,2;77;73;73;222;5,8;3,5;
2026/08/09;0600 UTC;0;975,9;975,9;974,9;0;5,1;,5;5,8;5,1;1,3;,5;75;72;72;250;6;2,8;
2026/08/09;0700 UTC;0;976,6;976,6;975,9;0;5,1;-,4;5,5;5;,4;-,6;71;66;68;258;6,2;3,3;
2026/08/09;0800 UTC;0;977,6;977,6;976,6;0;2,3;1,8;5;2,1;1,8;-,7;97;67;97;280;4,5;3,1;
2026/08/09;0900 UTC;0;978,1;978,2;977,5;0;2,7;,9;2,9;2,3;2;,8;97;87;88;283;5;3,5;
2026/08/09;1000 UTC;0;979;979;978,1;0;2,3;,7;2,9;2,3;,9;,6;89;85;89;292;5,8;3,7;
2026/08/09;1100 UTC;0;979,8;979,8;979;109;3,4;1,1;3,4;2,3;1,1;,6;89;85;85;292;5,1;3,8;
2026/08/09;1200 UTC;0;980,3;980,3;979,8;746,5;6,1;2,2;6,1;3,5;2,4;1,1;85;76;76;292;6,2;3,9;
2026/08/09;1300 UTC;0;980,3;980,3;980,1;1467,1;8,4;,9;8,5;6,1;2,6;,8;78;59;59;265;5,5;3,5;
2026/08/09;1400 UTC;0;980,3;980,5;980,3;2054;9,8;,5;9,9;8,3;2,3;,1;64;51;52;235;9;4,7;
2026/08/09;1500 UTC;0;980,3;980,5;980,2;2464,4;10,6;,1;10,6;9,7;1,4;-,7;55;46;48;220;8,8;3,7;
2026/08/09;1600 UTC;0;980,2;980,6;980,2;2612,7;11,8;,3;12;10,6;2;-,7;53;42;45;222;7,2;4,4;
2026/08/09;1700 UTC;0;980,2;980,4;980;2348,3;12,5;-1,5;12,8;11,7;1,5;-2,4;48;35;38;234;9,1;4,4;
2026/08/09;1800 UTC;0;980,6;980,6;980,2;2164;12,9;-,6;13,2;12,5;,2;-2;42;35;39;217;8,4;3,9;
2026/08/09;1900 UTC;0;981;981;980,6;1623;13,2;-1,5;13,4;12,8;,3;-2,4;41;34;36;247;7,5;4,3;
2026/08/09;2000 UTC;0;981,6;981,6;981;967,4;12,5;-,8;13,2;12,5;0;-2,7;42;33;40;259;7,6;3,8;
2026/08/09;2100 UTC;0;982,4;982,4;981,6;273,9;10,3;,4;12,5;10,2;,7;-,9;51;40;50;260;6,4;2,8;
2026/08/09;2200 UTC;0;983,1;983,1;982,3;1,3;9,2;-,2;10,2;8,8;,6;-,3;56;49;52;252;5,5;3;
2026/08/09;2300 UTC;0;984,2;984,2;983,1;0;9,1;-,9;9,6;8,9;-,1;-1,2;52;49;50;249;6;3,4;
2026/08/10;0000 UTC;0;984,9;984,9;984,2;0;8,1;-,7;9,1;8,1;-,6;-1,3;54;48;54;257;5,4;2,2;
2026/08/10;0100 UTC;0;985,5;985,5;985,1;0;8,1;-,7;8,5;8;-,4;-1;54;52;54;229;5,5;2,6;
2026/08/10;0200 UTC;0;986,2;986,2;985,5;0;7,6;-,1;8,5;7,6;,1;-,8;58;53;58;225;5,8;2,8;
2026/08/10;0300 UTC;0;987;987;986,3;0;7;-,4;7,7;7;0;-,6;59;56;59;209;6,3;2,3;
2026/08/10;0400 UTC;0;987,5;987,5;987,1;0;6,2;-,3;7;6,2;-,1;-,5;63;59;63;202;6;2,7;
2026/08/10;0500 UTC;0;987,8;987,8;987,5;0;5,9;-,1;6,2;5,5;,1;-,3;67;63;65;192;5,8;2,5;
2026/08/10;0600 UTC;0;988,1;988,1;987,8;0;5,2;,6;6,1;5,2;,6;-,1;72;65;72;204;5,3;1,9;
2026/08/10;0700 UTC;0;988,7;988,7;988,1;0;4,7;1,2;5,3;4,7;1,2;,6;78;72;78;225;6,1;2,6;
2026/08/10;0800 UTC;0;988,9;988,9;988,7;0;4,4;1,5;4,8;4;1,5;1,1;82;77;81;202;4,8;2,2;
2026/08/10;0900 UTC;0;989,2;989,2;988,8;0;4,4;2,1;4,6;4,1;2,1;1,4;85;81;85;173;5,4;2,3;
2026/08/10;1000 UTC;0;989,8;989,9;989,2;0;4,1;2,3;4,4;4;2,4;2,1;89;85;88;192;6,3;2,6;
2026/08/10;1100 UTC;0;990,5;990,5;989,8;125,7;4,7;2,8;4,7;4,1;2,8;2,4;89;87;87;168;8,8;5,2;
2026/08/10;1200 UTC;0;991,1;991,1;990,5;655,3;5,5;3,1;5,5;4,7;3,1;2,4;87;82;84;164;10;6,4;
2026/08/10;1300 UTC;0;992,3;992,3;991,1;1355,5;6,6;3,1;6,8;5,5;3,6;2,6;83;77;78;172;10,8;6,5;
2026/08/10;1400 UTC;0;992,9;993,1;992,2;1882;7,8;3,3;8;6,6;3,7;2,7;80;69;73;157;10,6;7,2;
2026/08/10;1500 UTC;0;991,9;992,9;991,9;2292,9;8,9;4,5;8,9;7,8;4,5;2,8;75;68;74;162;11,1;7,5;
2026/08/10;1600 UTC;0;991,9;992;991,7;2567;9,1;3,7;9,8;8,6;4,4;2,5;73;61;69;156;11,9;7,9;
2026/08/10;1700 UTC;0;991;991,9;991;2256,3;9,9;4;10;9,1;5;3;73;64;67;153;11,6;7,1;
2026/08/10;1800 UTC;0;990,7;991,1;990,3;1896,7;9,8;4,1;10,3;9,5;5,1;3,2;72;64;68;145;11,5;7,3;
2026/08/10;1900 UTC;0;990,9;991;990,7;1214,2;9,4;3,9;9,9;9,4;5;3,5;72;66;69;147;9,9;5,7;
2026/08/10;2000 UTC;0;991,2;991,2;990,9;614,2;8,4;3,9;9,7;8,4;4,6;3,6;75;67;73;139;8,8;5,4;
2026/08/10;2100 UTC;0;991,7;991,7;991;120,2;7,4;3,4;8,4;7,4;4,1;3,2;77;72;76;134;7,6;3,6;
2026/08/10;2200 UTC;0;992,3;992,3;991,7;,3;6,2;3,4;7,4;6,1;3,6;2,8;83;75;82;146;5,5;3,2;
2026/08/10;2300 UTC;0;992,9;992,9;992,2;0;6,4;3,9;6,6;6,2;4,1;3,3;84;81;84;140;6,8;3,7;
2026/08/11;0000 UTC;0;993;993,2;992,6;0;5,3;3,4;6,4;5,1;3,9;3,3;89;83;88;142;4,9;3,5;
2026/08/11;0100 UTC;0;992,2;992,8;992,2;0;4,6;3,1;5,2;4,6;3,5;3,1;91;88;90;147;6,6;5,1;
2026/08/11;0200 UTC;0;991,9;992,4;991,9;0;3,5;2,5;4,6;3,5;3,1;2,5;94;89;94;137;6,7;3,6;
2026/08/11;0300 UTC;0;991,6;992,1;991,6;0;3,6;2,4;3,7;3,4;2,6;2,4;94;92;92;133;5,8;4,5;
2026/08/11;0400 UTC;0;991,3;991,6;991,2;0;3,7;2,8;3,7;3;2,8;2,3;96;94;94;133;6,5;4,8;
2026/08/11;0500 UTC;0;991;991,4;991;0;4,7;3,6;4,7;3,6;3,6;2,8;94;92;92;128;7,3;5,4;
2026/08/11;0600 UTC;0;990,6;991,1;990,6;0;5,2;3,8;5,2;4,7;4;3,5;93;91;91;130;7,8;5,2;
2026/08/11;0700 UTC;0;990,2;990,6;990,2;0;3,8;3,4;5,2;3,7;3,9;3,2;97;91;97;143;6,5;4,3;
2026/08/11;0800 UTC;0;989,8;990,4;989,8;0;4;4;4;3,6;4;3,4;99;97;99;135;5,3;3,7;
2026/08/11;0900 UTC;0;990;990;989,5;0;4,7;4,7;4,8;4,1;4,8;4;100;100;100;136;6;4,1;
2026/08/11;1000 UTC;0;990,2;990,2;989,9;0;5;5;5;4,7;5;4,7;100;100;100;135;6,5;4,7;
2026/08/11;1100 UTC;0;990,5;990,6;990,1;141,5;5,6;5,4;5,6;5;5,5;5;100;98;98;138;7,6;5,4;
2026/08/11;1200 UTC;0;990,5;990,7;990,3;531,9;7;6,4;7;5,7;6,4;5,4;99;95;95;132;8,8;6,2;
2026/08/11;1300 UTC;0;990,9;990,9;990,4;1217,9;8,1;5,8;8,2;7,1;6,5;5,8;94;85;86;134;10,3;6,9;
2026/08/11;1400 UTC;0;990,8;991;990,7;891,6;9,1;6,6;9,1;8,1;6,7;5,8;88;83;84;134;8,6;6,2;
2026/08/11;1500 UTC;0;990,3;990,8;990,2;1458,8;10,5;6,5;10,6;9,1;6,9;5,6;85;73;76;117;9,6;6,8;
2026/08/11;1600 UTC;0;989,2;990,3;989,1;2136,9;11,5;6,5;12,1;10,4;7,3;5,8;77;68;71;103;10,6;7,5;
2026/08/11;1700 UTC;0;988,6;989,3;988,6;2401,8;12,1;6,9;13,1;11,3;7,4;5,9;73;64;70;98;10,1;6,1;
2026/08/11;1800 UTC;0;987,9;988,5;987,9;1774,8;12,3;6,9;13,3;11,6;7,9;6,1;72;65;70;111;9,4;6,3;
2026/08/11;1900 UTC;0;987,2;987,9;987,2;741,6;11,4;7,5;12,1;11,4;7,7;6,2;77;69;77;128;9,2;6,9;
2026/08/11;2000 UTC;0;986,9;987,2;986,7;318,1;10,6;7,5;11,5;10,6;7,9;7,4;82;77;81;126;10,7;7;
2026/08/11;2100 UTC;0;986,7;986,9;986,5;105,4;9,9;7,8;10,6;9,9;7,8;7,4;87;81;87;119;10,5;6,9;
2026/08/11;2200 UTC;0;986,4;986,8;986,4;,4;9,3;7,8;9,9;9,3;7,9;7,7;90;86;90;117;10,2;7,4;
2026/08/11;2300 UTC;0;986,2;986,4;986;0;8,9;7,9;9,3;8,9;7,9;7,6;94;90;93;121;11,3;8,5;
2026/08/12;0000 UTC;0;986,7;986,7;985,9;0;8,8;8;8,9;8,8;8;7,9;95;94;95;114;11,6;7,4;
2026/08/12;0100 UTC;0;986,5;986,6;986,2;0;8,7;7,9;8,8;8,7;8;7,8;95;94;95;110;10,7;6,5;
2026/08/12;0200 UTC;0;985,4;986,5;985,4;0;8,5;8;8,7;8,5;8;7,9;96;95;96;113;10,6;7,3;
2026/08/12;0300 UTC;0;985,6;985,9;985,4;0;8,5;7,9;8,5;8,5;8;7,9;97;96;96;116;12;7,9;
2026/08/12;0400 UTC;0;984,4;985,5;984,4;0;8,5;8;8,5;8,5;8,1;7,9;97;96;97;112;10,6;8,4;
2026/08/12;0500 UTC;0;984,1;984,2;983,9;0;8,7;8;8,7;8,6;8,1;8;96;96;96;114;11,9;8,5;
2026/08/12;0600 UTC;0;982,7;984;982,6;0;8,6;7,8;8,7;8,6;8;7,8;96;95;95;111;11,4;8,1;
2026/08/12;0700 UTC;0;982,5;983,1;982,5;0;8,7;7,8;8,7;8,6;7,9;7,7;95;93;94;108;10,1;7,1;
2026/08/12;0800 UTC;0;981,4;982,5;981,3;0;8,8;7,9;8,8;8,7;7,9;7,7;95;94;94;116;10,4;7,8;
2026/08/12;0900 UTC;0;981,7;981,7;980,9;0;8,8;7,8;8,8;8,7;7,9;7,8;94;94;94;119;10,7;7,4;
2026/08/12;1000 UTC;0;981,4;981,8;981,1;0;8,8;8;8,8;8,8;8;7,8;94;93;94;116;11;7,9;
2026/08/12;1100 UTC;0;981,6;981,8;981,4;9,9;9;8,3;9;8,8;8,3;7,9;95;93;95;120;10,5;7,4;
2026/08/12;1200 UTC;0;981,8;981,8;981,4;60,3;9,3;8,9;9,3;9;8,9;8,3;97;95;97;115;10,4;7,1;
2026/08/12;1300 UTC;0;980,7;981,7;980,7;144,7;9,8;9,5;9,8;9,3;9,5;8,9;98;97;98;109;11,6;7,7;
2026/08/12;1400 UTC;0;980,2;980,8;980,2;198,2;10,2;10,1;10,2;9,8;10,1;9,5;99;98;99;109;11,5;7,9;
2026/08/12;1500 UTC;,2;980;980,1;979,6;273,2;10,9;10,7;10,9;10,2;10,7;10;99;98;98;97;10,9;6,5;
2026/08/12;1600 UTC;,8;978,8;979,9;978,8;326,4;11,1;11,1;11,2;10,9;11,1;10,7;100;98;100;111;10,1;7,6;
2026/08/12;1700 UTC;,8;977,9;978,9;977,8;366,1;11,5;11,4;11,5;11,1;11,4;11;100;99;100;117;11,2;7,8;
2026/08/12;1800 UTC;,6;977,5;977,9;977,3;337,5;11,6;11,6;11,6;11,3;11,6;11,3;100;100;100;118;10,9;7,4;
2026/08/12;1900 UTC;1;976,9;977,5;976,9;315,3;11,6;11,6;11,7;11,6;11,7;11,6;100;100;100;113;10,7;6,9;
2026/08/12;2000 UTC;,6;976,6;976,8;976,5;138,6;10,8;10,8;11,6;10,8;11,6;10,8;100;100;100;125;10,6;7,4;
2026/08/12;2100 UTC;,2;975,7;976,6;975,6;32;10,5;10,5;10,8;10,5;10,8;10,5;100;100;100;121;11,3;8,2;
2026/08/12;2200 UTC;,2;977,5;977,5;975,8;,3;10,2;10,2;10,5;10,2;10,5;10,2;100;100;100;128;12;7,8;
2026/08/12;2300 UTC;,8;977,5;978;977,1;,1;10;10;10,2;10;10,2;10;100;100;100;135;11,5;8,3;
2026/08/13;0000 UTC;,4;978,6;978,6;976,8;0;10;10;10;9,9;10;9,9;100;100;100;127;13,3;8,9;
2026/08/13;0100 UTC;,8;977,9;978,7;977,8;0;10;10;10;9,9;10;9,9;100;100;100;125;12,7;8,8;
2026/08/13;0200 UTC;,4;978,8;979;977,6;0;9,8;9,8;10;9,8;10;9,8;100;100;100;138;13,9;9,1;
2026/08/13;0300 UTC;,8;978,7;978,8;978;0;9,7;9,7;9,9;9,7;9,9;9,7;100;100;100;127;14,1;9,1;
2026/08/13;0400 UTC;,4;978,5;978,9;978,3;0;9,5;9,5;9,7;9,5;9,7;9,5;100;100;100;129;13,8;9,2;
2026/08/13;0500 UTC;,6;979;979;978,3;0;9,3;9,3;9,5;9,3;9,5;9,3;100;100;100;132;14;8,8;
2026/08/13;0600 UTC;,2;978,3;979;978;,3;8,8;8,8;9,3;8,8;9,3;8,8;100;100;100;122;13,9;10,2;
2026/08/13;0700 UTC;,8;978;978,6;978;0;8,8;8,8;8,8;8,8;8,8;8,8;100;100;100;126;12,7;8,3;
2026/08/13;0800 UTC;,6;977,6;978;977,4;,8;8;8;8,8;8;8,8;8;100;100;100;122;14,9;9,7;
2026/08/13;0900 UTC;0;978,1;978,3;977,5;,1;7,8;7,8;8;7,8;8;7,8;100;100;100;128;13,4;8,9;
2026/08/13;1000 UTC;,2;978,8;978,8;978,1;0;8,1;7,7;8,1;7,8;7,9;7,5;100;96;97;120;12,7;8,9;
2026/08/13;1100 UTC;0;979,4;979,4;978,8;16,5;8,2;7,7;8,2;8,1;7,8;7,5;98;96;97;123;10,9;7,8;
2026/08/13;1200 UTC;,2;979,7;980,1;979,2;90,1;8,5;8,5;8,5;8;8,5;7,7;100;97;100;127;10,4;7,6;
2026/08/13;1300 UTC;,6;981,1;981,1;979,7;105,5;8,8;8,8;8,9;8,5;8,9;8,5;100;100;100;131;10,5;7,8;
2026/08/13;1400 UTC;1;981,2;981,2;980,7;178,9;9,4;9,4;9,4;8,8;9,4;8,8;100;100;100;126;12,8;8,1;
2026/08/13;1500 UTC;,2;980,8;981,2;980,1;285,5;9,6;9,6;9,6;9,4;9,6;9,4;100;100;100;121;14,4;9;
2026/08/13;1600 UTC;0;981,1;981,6;980,3;200,6;9,4;9,3;9,6;9,4;9,6;9,2;100;99;99;118;12,8;8,4;
2026/08/13;1700 UTC;1,2;979,4;981,1;979,2;235,2;9;8,9;9,4;8,9;9,4;8,8;100;99;100;133;13,1;10,1;
2026/08/13;1800 UTC;,4;980,4;980,5;979,4;338;9,2;9,2;9,3;9;9,3;9;100;99;100;127;14,3;8,1;
2026/08/13;1900 UTC;0;980,9;981,2;980,4;79;9,4;9,4;9,4;9,1;9,4;9,1;100;100;100;132;12,2;7,8;
2026/08/13;2000 UTC;,4;981,3;981,3;980,8;71,7;9,2;9,2;9,4;9,2;9,4;9,2;100;100;100;131;13,3;9,6;
2026/08/13;2100 UTC;0;982,5;982,5;981,4;35,1;9,1;9,1;9,3;9,1;9,3;9,1;100;100;100;135;12,2;7,8;
2026/08/13;2200 UTC;0;982,1;982,6;981,3;,6;8,7;8,1;9,1;8,7;9,1;8,1;100;96;96;124;13;9;
2026/08/13;2300 UTC;0;983,3;983,4;982,2;0;8,2;7,8;8,6;8,2;8,5;7,8;99;95;97;133;11,6;8,1;
2026/08/14;0000 UTC;0;983,7;984;983,2;0;7,8;7,8;8,2;7,7;7,8;7,4;100;97;100;126;10,8;7,4;
2026/08/14;0100 UTC;0;983,4;983,4;983,2;0;8,7;8,7;8,7;7,9;8,7;7,9;100;100;100;119;11,7;8,4;
2026/08/14;0200 UTC;0;983,2;983,5;983,2;0;9;9;9;8,7;9;8,7;100;100;100;122;11,5;8,6;
2026/08/14;0300 UTC;,2;983,1;983,3;982,9;0;9;9;9,1;9;9,1;9;100;100;100;126;11,3;7,6;
2026/08/14;0400 UTC;0;983,1;983,3;983,1;0;9;9;9;9;9;9;100;100;100;134;9,7;7,4;
2026/08/14;0500 UTC;0;983;983,1;982,9;0;9,2;9,2;9,2;9,1;9,2;9,1;100;100;100;130;9,5;6,3;
2026/08/14;0600 UTC;0;982,6;983,1;982,6;0;9,5;9,5;9,5;9,2;9,5;9,2;100;100;100;132;9,2;6,1;
2026/08/14;0700 UTC;0;982,1;982,6;982,1;0;9,7;9,7;9,7;9,5;9,7;9,5;100;100;100;135;7,8;5,5;
2026/08/14;0800 UTC;0;982,5;982,5;982,1;0;10,1;10,1;10,1;9,7;10,1;9,7;100;100;100;126;8,1;6;
2026/08/14;0900 UTC;,2;982,7;982,8;982,4;0;10,5;10,5;10,5;10,1;10,5;10,1;100;100;100;112;10,3;7,2;
2026/08/14;1000 UTC;0;983;983,1;982,8;0;10,5;10,5;10,5;10,5;10,5;10,5;100;100;100;108;13;9,4;
2026/08/14;1100 UTC;0;983,5;983,5;983;28,1;10,7;10,7;10,7;10,5;10,7;10,5;100;100;100;106;13,6;8,8;
2026/08/14;1200 UTC;0;984,4;984,4;983,3;161,1;11;11;11;10,7;11;10,7;100;100;100;100;12,8;7,5;
2026/08/14;1300 UTC;0;984,4;984,5;984,3;608,4;12,1;11,5;12,1;11;11,5;11;100;95;96;105;12,8;8,3;
2026/08/14;1400 UTC;0;984,9;984,9;984,2;627,7;12,6;11,2;12,6;12,1;11,5;11,1;96;91;91;95;13;7,6;
2026/08/14;1500 UTC;0;984,4;985,1;984,3;1190,5;13,5;11,4;13,5;12,6;11,9;11,2;93;87;88;101;12,8;10;
2026/08/14;1600 UTC;,2;983,6;984,4;983,5;1235,1;13,5;11,9;13,7;13;12,4;11,4;95;88;90;99;14,9;10,2;
2026/08/14;1700 UTC;0;982,9;983,6;982,8;1244,1;13,2;12,5;13,9;12,9;12,9;11,9;98;90;95;95;14,9;9;
2026/08/14;1800 UTC;0;982,6;982,9;982,5;717,8;13,4;11,9;13,4;12,8;12,7;11,9;97;91;91;88;13,7;8,4;
2026/08/14;1900 UTC;0;982,2;982,6;982,1;562,7;13,2;11,9;13,6;13,1;12,2;11,6;92;88;92;91;12,1;8,7;
2026/08/14;2000 UTC;0;982,1;982,3;982;396,3;13,1;11,7;13,4;12,9;12;11,5;93;89;91;99;13,2;7,8;
2026/08/14;2100 UTC;0;981,6;982,1;981,6;134,4;12,7;11,4;13,1;12,7;11,7;11,4;92;90;92;96;12,8;8,7;
2026/08/14;2200 UTC;0;981,6;981,7;981,3;1,1;12,5;11,6;12,7;12,4;11,7;11,4;95;92;94;92;12,7;8,3;
2026/08/14;2300 UTC;0;981,5;981,8;981,3;,2;12,2;11,6;12,5;12,2;11,8;11,5;97;94;96;99;13,5;8,4;
2026/08/15;0000 UTC;0;982,1;982,2;981,5;0;12,3;11,7;12,4;12,2;11,7;11,5;96;95;96;99;12,2;7,7;
2026/08/15;0100 UTC;0;982;982,2;981,9;0;12,3;11,7;12,4;12,2;11,8;11,6;97;96;96;103;11,1;8,1;
2026/08/15;0200 UTC;0;982,3;982,4;982;0;12,5;11,9;12,5;12,3;11,9;11,6;96;96;96;94;11,9;8,2;
2026/08/15;0300 UTC;0;982,6;982,6;982,1;0;12,7;12;12,7;12,5;12;11,9;96;96;96;94;11,5;7,3;
2026/08/15;0400 UTC;0;982,2;982,7;982,1;0;12,6;12,1;12,7;12,6;12,1;12;97;96;97;91;12,8;8,3;
2026/08/15;0500 UTC;0;981,9;982,3;981,9;0;12,7;12,1;12,7;12,6;12,1;12,1;97;96;96;96;14,4;8,9;
2026/08/15;0600 UTC;0;980,9;981,6;980,9;0;12,8;12,3;12,9;12,7;12,3;12;97;95;97;93;13,5;8,7;
2026/08/15;0700 UTC;0;980,8;981;980,5;0;12,6;12,6;12,8;12,6;12,6;12,3;100;97;100;98;12,3;7,8;
2026/08/15;0800 UTC;0;979,8;980,7;979,7;0;12,7;12,7;12,7;12,6;12,7;12,6;100;100;100;97;11,5;7,9;
2026/08/15;0900 UTC;0;979,3;979,8;979;0;12,8;12,8;12,8;12,7;12,8;12,7;100;100;100;89;14,3;8,5;
2026/08/15;1000 UTC;0;980;980;979,3;0;13;13;13;12,8;13;12,8;100;100;100;89;13;7,6;
2026/08/15;1100 UTC;,2;980,3;980,4;979,9;20,2;13,3;13,3;13,3;13;13,3;13;100;100;100;78;13;8,5;
2026/08/15;1200 UTC;0;980,3;980,5;980,1;185,8;13,7;13,6;13,7;13,3;13,6;13,3;100;100;100;86;12,8;9;
2026/08/15;1300 UTC;0;980,4;980,6;980,2;325,9;13,9;13,8;13,9;13,7;13,8;13,6;100;99;99;81;11,8;8,3;
2026/08/15;1400 UTC;0;980,2;980,6;980,2;682,8;14,6;14,4;14,6;13,9;14,4;13,8;99;98;99;81;13,8;8,9;
2026/08/15;1500 UTC;0;979,9;980,3;979,9;1197,9;15,3;14,6;15,3;14,6;14,9;14,4;99;96;96;77;13;8,3;
2026/08/15;1600 UTC;0;979;980;979;1138,2;16,1;14,9;16,2;15,2;15,2;14,5;97;92;92;71;11,9;7,6;
2026/08/15;1700 UTC;0;977,8;979;977,7;1308,8;16,8;15,3;16,9;16,1;15,5;14,7;94;89;91;73;11,4;8,2;
2026/08/15;1800 UTC;0;977,1;977,8;977,1;817,9;16,2;15;16,8;16,2;15,3;15;93;90;93;74;11;6,4;
2026/08/15;1900 UTC;0;976,3;977,1;976,2;667,7;16,5;15,3;16,6;16,2;15,4;15;94;91;93;83;10,4;6,8;
2026/08/15;2000 UTC;0;975,8;976,4;975,5;338,2;16,2;15,3;16,5;16,2;15,4;15,1;95;92;94;70;12,3;6,9;
2026/08/15;2100 UTC;0;975,8;976,1;975,6;54,5;15,9;15,4;16,2;15,9;15,4;15,3;97;94;97;78;10;6,6;
2026/08/15;2200 UTC;0;975,4;975,9;975,4;,7;15,7;15,4;15,9;15,7;15,4;15,3;98;97;98;81;10,4;6,8;
2026/08/15;2300 UTC;0;975,9;976;975,4;0;15,6;15,5;15,7;15,6;15,5;15,4;100;98;100;76;10,5;6,7;
2026/08/16;0000 UTC;0;975,6;976;975,6;0;15,5;15,5;15,6;15,5;15,5;15,5;100;100;100;85;10,4;6,1;
2026/08/16;0100 UTC;0;975,6;976,3;975,6;0;15,4;15,4;15,5;15,4;15,5;15,4;100;100;100;90;9,9;5,9;
2026/08/16;0200 UTC;0;975,6;976;975,6;0;15,3;15,3;15,4;15,3;15,4;15,3;100;100;100;76;9,8;6,7;
2026/08/16;0300 UTC;0;975,6;975,8;975,5;0;15,2;15,2;15,3;15,2;15,3;15,2;100;100;100;70;9,2;6,6;
2026/08/16;0400 UTC;0;975,6;975,9;975,6;0;15,2;15,2;15,2;15,2;15,2;15,2;100;100;100;76;9;5,4;
2026/08/16;0500 UTC;0;975,4;975,6;975,4;0;15,2;15,2;15,2;15,2;15,2;15,2;100;100;100;74;8,8;5,2;
2026/08/16;0600 UTC;0;974,6;975,4;974,6;0;15,1;15,1;15,2;15,1;15,2;15,1;100;100;100;82;7,7;5,4;
2026/08/16;0700 UTC;0;973,8;974,6;973,6;0;15,2;15,2;15,2;15,2;15,2;15,2;100;100;100;71;8,1;5,9;
2026/08/16;0800 UTC;0;973,2;973,9;972,9;0;15,2;15,2;15,3;15,1;15,3;15,1;100;100;100;73;8,5;4,9;
2026/08/16;0900 UTC;3,2;973,2;974,6;973,1;,1;15,7;15,7;15,9;15,2;15,9;15,2;100;100;100;148;7,1;2;
2026/08/16;1000 UTC;1,6;973,8;973,8;972,7;0;16,1;16,1;16,1;15,5;16,1;15,5;100;100;100;62;6,1;3,6;
2026/08/16;1100 UTC;6,1;974,3;974,7;973,2;7,6;16,2;16,2;16,4;15,9;16,4;15,9;100;100;100;101;6,9;3,3;
2026/08/16;1200 UTC;,4;974,7;975,2;973,8;13,8;16;16;16,2;15,9;16,2;15,9;100;100;100;33;6,9;3,7;
2026/08/16;1300 UTC;3,2;974,5;974,9;974,2;14,7;16,7;16,7;17,1;16;17,1;16;100;100;100;78;9,6;3,7;
2026/08/16;1400 UTC;3,2;975,4;975,4;974,3;29,4;17,3;17,3;17,3;16,7;17,3;16,7;100;100;100;41;9,1;5,7;
2026/08/16;1500 UTC;3,6;974,8;975,6;974,8;90,7;17,5;17,4;17,5;17,4;17,5;17,4;100;99;99;51;10;6;
2026/08/16;1600 UTC;4;974,8;975,1;974,6;124,2;17,7;17,7;17,7;17,5;17,7;17,3;100;99;100;14;9;5,4;
2026/08/16;1700 UTC;12,9;974;975;973,5;83,5;17,4;17,4;17,7;17,4;17,7;17,4;100;100;100;57;10,6;7,6;
2026/08/16;1800 UTC;4,2;972,3;974,1;972,3;114;17;17;17,4;17;17,4;17;100;100;100;53;13,4;8,7;
2026/08/16;1900 UTC;2;971,9;972,3;971,7;122,2;17;16,8;17;16,8;17;16,6;100;98;99;62;14,3;9,7;
2026/08/16;2000 UTC;0;972,1;972,7;971,8;44;17,2;17,1;17,2;17;17,1;16,8;99;99;99;56;13,2;6,8;
2026/08/16;2100 UTC;,6;972,1;972,7;972;34,3;17,4;17,2;17,4;17,2;17,2;17,1;99;99;99;73;10,9;7,6;
2026/08/16;2200 UTC;,2;972,8;972,9;971,9;3,6;17,2;17,2;17,4;17,2;17,2;17,2;100;99;100;80;10,9;5,7;
2026/08/16;2300 UTC;0;972,6;972,8;972,5;0;17;17;17,2;17;17,2;17;100;100;100;70;8,5;4,9;
2026/08/17;0000 UTC;0;972,7;972,8;972,5;0;16,9;16,9;17;16,9;17;16,9;100;100;100;67;8,5;5,6;
2026/08/17;0100 UTC;0;972,7;972,9;972,7;0;16,8;16,8;16,9;16,8;16,9;16,8;100;100;100;69;6,8;4,7;
2026/08/17;0200 UTC;0;972,6;972,7;972,4;0;16,6;16,6;16,8;16,6;16,8;16,6;100;100;100;62;8,2;4,6;
2026/08/17;0300 UTC;0;972,7;972,7;972,6;0;16,6;16,6;16,6;16,5;16,6;16,5;100;100;100;113;5,2;2,1;
2026/08/17;0400 UTC;0;972,6;972,9;972,5;0;17,2;17,2;17,2;16,6;17,2;16,6;100;100;100;38;3,3;1,4;
2026/08/17;0500 UTC;0;972,7;973,3;972,5;0;18,3;17,1;18,3;17,8;17,1;16,7;94;93;93;22;3,1;1,1;
2026/08/17;0600 UTC;,8;973,6;973,6;972,9;0;18;17,5;18,7;18;17,6;17,1;97;92;97;300;6,8;4,3;
2026/08/17;0700 UTC;,2;971,4;973,6;971,2;,1;18,1;17,7;18,1;17,1;17,8;17,1;100;97;97;27;6;1;
2026/08/17;0800 UTC;0;970,9;971,4;970,6;0;18,9;18,1;19,1;18,1;18,2;17,7;98;94;96;327;4,5;1,9;
2026/08/17;0900 UTC;1;971,7;971,8;970,5;0;19,4;18,7;19,6;18,8;19;18,1;98;94;95;327;6,8;2,4;
2026/08/17;1000 UTC;3,8;973,3;973,9;971,7;2,7;16,7;16,7;19,4;16,7;18,6;16,7;100;95;100;199;8,3;5,2;
2026/08/17;1100 UTC;13,3;974,9;976,2;973,2;1,3;16,9;16,7;17;16,7;16,8;16,7;100;99;99;166;10,7;4,2;
2026/08/17;1200 UTC;4,6;976,4;976,4;974,5;16;17;16,9;17;16,7;16,9;16,7;100;99;99;165;4,7;1,6;
2026/08/17;1300 UTC;4,2;975,8;976,9;975,4;58,9;16,8;16,8;17,1;16,8;17;16,8;100;99;100;100;5,3;3,7;
2026/08/17;1400 UTC;1,4;975,9;975,9;975;128,7;17;17;17;16,9;17;16,9;100;100;100;112;7,7;4,5;
2026/08/17;1500 UTC;2,4;977,1;977,2;975,9;110;17,1;17,1;17,1;17;17,1;17;100;100;100;118;7,1;3;
2026/08/17;1600 UTC;3,8;975,4;976,9;975,4;95,8;17;17;17,1;17;17,1;17;100;100;100;96;7,9;5,2;
2026/08/17;1700 UTC;2,6;973,6;975,4;973,2;60,5;16,9;16,9;17;16,8;17;16,8;100;100;100;91;13,3;9,4;
2026/08/17;1800 UTC;1,8;973,6;973,9;973,2;94,6;17,1;17,1;17,1;16,9;17,1;16,9;100;100;100;88;11,5;7,9;
2026/08/17;1900 UTC;,2;973,3;973,5;973;245,6;17,2;17,2;17,4;17,1;17,4;17,1;100;100;100;76;12,6;7,9;
2026/08/17;2000 UTC;,4;973,4;973,6;973,2;119,9;17,3;17,3;17,3;17,2;17,3;17,2;100;99;100;60;11,8;6,1;
2026/08/17;2100 UTC;0;973,5;973,5;972,9;64,1;17,2;16,9;17,3;17,2;17,3;16,9;100;98;99;68;9,9;5,2;
2026/08/17;2200 UTC;0;974,3;974,3;973,5;,8;17;16,7;17,2;17;16,9;16,7;99;98;98;80;9,2;4,4;
2026/08/17;2300 UTC;0;975,5;975,5;974,4;0;16,9;16,5;17,1;16,8;16,7;16,5;99;97;98;108;5,5;2,7;
2026/08/18;0000 UTC;0;975,5;975,8;975,5;0;16,6;16,6;17;16,6;16,6;16,5;100;97;100;119;5,9;4,3;
2026/08/18;0100 UTC;0;974,5;975,4;974,5;0;16,1;16,1;16,5;16,1;16,5;16,1;100;100;100;122;7,4;5,9;
2026/08/18;0200 UTC;0;974,9;975;973,9;0;16,2;16,2;16,2;16,1;16,2;16,1;100;100;100;155;9,1;6,5;
2026/08/18;0300 UTC;1,8;975,2;975,9;974,7;1,2;15,7;15,7;16,2;15,3;16,2;15,3;100;100;100;141;11,5;7,7;
2026/08/18;0400 UTC;21,8;976,5;977,5;974;0;16,1;16,1;16,1;15,7;16,1;15,7;100;100;100;133;12,7;5,9;
2026/08/18;0500 UTC;4,2;975,9;976,2;975,8;0;16,1;16,1;16,1;16,1;16,1;16,1;100;100;100;106;12,1;7;
2026/08/18;0600 UTC;4,4;975;976,1;975;0;16,2;16,2;16,2;16,1;16,2;16,1;100;100;100;83;9,3;7,1;
2026/08/18;0700 UTC;,6;974,2;974,9;973,6;0;16,3;16,3;16,3;16,2;16,3;16,2;100;100;100;66;10;5,8;
2026/08/18;0800 UTC;4,2;973,9;974,6;973,5;0;16,3;16,3;16,3;16,3;16,3;16,3;100;100;100;81;9,2;5,1;
2026/08/18;0900 UTC;1,2;975,1;975,4;973,9;0;16,2;16,2;16,4;16,2;16,4;16,2;100;100;100;66;9,8;4,4;
2026/08/18;1000 UTC;2,4;975,4;976,1;974,8;0;16;16;16,2;16;16,2;16;100;100;100;73;7,2;3,7;
2026/08/18;1100 UTC;2,8;976,2;976,6;975,5;15,9;16,1;16,1;16,1;16;16,1;16;100;100;100;105;4,3;1,9;
2026/08/18;1200 UTC;,8;976,6;976,8;976,2;66,4;16,2;16,2;16,2;16,1;16,2;16,1;100;100;100;71;4,3;3,1;
2026/08/18;1300 UTC;4,6;977,4;978,2;976,2;107,7;16,4;16,4;16,4;16,2;16,4;16,2;100;100;100;11;5,7;1,7;
2026/08/18;1400 UTC;4,6;977,5;978,5;977;111,1;16,5;16,5;16,5;16,4;16,5;16,4;100;100;100;329;3,3;1,4;
2026/08/18;1500 UTC;1;977,2;978,1;976,6;470,9;17,4;17,4;17,4;16,5;17,4;16,5;100;100;100;61;3,7;1,1;
2026/08/18;1600 UTC;2,8;977,2;978,1;976,7;713;17,5;17,5;18,1;17,3;18,1;17,3;100;99;100;192;4,5;1,5;
2026/08/18;1700 UTC;1,8;975,8;977,4;975,4;488,4;16,3;16,3;17,9;15,9;17,9;15,9;100;98;100;180;5,9;4;
2026/08/18;1800 UTC;0;976,3;976,8;976,1;867,5;15,4;15,4;16,7;15,4;16,7;15,4;100;99;100;203;7,1;4,7;
2026/08/18;1900 UTC;0;976,9;976,9;976;484;14,5;14,5;15,6;14,5;15,6;14,5;100;100;100;194;8,6;5,5;
2026/08/18;2000 UTC;0;977,4;977,5;976,9;215,5;13,5;13,5;14,5;13,5;14,5;13,5;100;100;100;161;10,2;7,5;
2026/08/18;2100 UTC;3,2;978,4;979;977,1;28,3;12,8;12,8;13,5;12,8;13,5;12,8;100;100;100;161;10,5;6,8;
2026/08/18;2200 UTC;,6;977,8;978,9;977,7;1,1;12,2;12,2;12,7;12,2;12,7;12,2;100;100;100;147;11,2;8,3;
2026/08/18;2300 UTC;,2;978,8;979,1;977,7;,3;11,8;11,8;12,2;11,8;12,2;11,8;100;100;100;149;13,2;9,3;
2026/08/19;0000 UTC;,2;979,1;979,2;978,3;,2;11,5;11,5;11,9;11,5;11,9;11,5;100;100;100;155;13,4;9,6;
2026/08/19;0100 UTC;0;980,1;980,4;979,6;0;11,7;11,7;11,7;11,5;11,7;11,5;100;100;100;145;11,6;7,2;
2026/08/19;0200 UTC;0;980,1;980,2;979,4;0;11,6;11,6;11,7;11,6;11,7;11,6;100;100;100;135;12,1;6,9;
2026/08/19;0300 UTC;0;980,1;980,1;979,5;0;11,7;11,7;11,7;11,6;11,7;11,6;100;100;100;132;9,9;6,6;
2026/08/19;0400 UTC;,2;980,1;980,2;979,7;0;11,7;11,7;11,8;11,7;11,8;11,7;100;100;100;133;8,8;6,9;
2026/08/19;0500 UTC;0;980;980,3;979,9;0;11,6;11,6;11,8;11,6;11,8;11,6;100;100;100;144;9,7;6,5;
2026/08/19;0600 UTC;0;979,5;980,1;979,5;,5;11;11;11,5;11;11,5;11;100;100;100;128;10,3;7,2;
2026/08/19;0700 UTC;0;979,9;980,1;979,3;,2;10,7;10,7;11;10,7;11;10,7;100;100;100;135;9,9;6,2;
2026/08/19;0800 UTC;0;979,7;980;979,4;0;10,6;10,6;10,7;10,5;10,7;10,5;100;100;100;144;8,5;5,7;
2026/08/19;0900 UTC;0;980,3;980,4;979,4;0;10,6;10,6;10,6;10,5;10,6;10,5;100;100;100;143;8,9;5,8;
2026/08/19;1000 UTC;0;981,1;981,1;980,4;0;10,7;10,7;10,7;10,6;10,7;10,6;100;100;100;129;7,4;5,3;
2026/08/19;1100 UTC;0;981,7;981,7;981,1;24,6;10,9;10,9;10,9;10,7;10,9;10,7;100;100;100;121;8,8;6,5;
2026/08/19;1200 UTC;0;983;983;981,5;79,5;11,1;11,1;11,1;10,9;11,1;10,9;100;100;100;125;9,1;4,8;
2026/08/19;1300 UTC;,2;982,1;983;982,1;223,1;11,4;11,4;11,4;11;11,4;11;100;100;100;129;8,4;6,2;
2026/08/19;1400 UTC;0;982,4;982,4;981,8;393,4;11,5;11,5;11,6;11,3;11,6;11,3;100;100;100;125;10,4;6,8;
2026/08/19;1500 UTC;0;981,6;982,4;981,4;488,3;11,8;11,8;11,9;11,4;11,9;11,4;100;100;100;116;10,2;7,9;
2026/08/19;1600 UTC;0;981,4;982,2;981,4;441;12,1;12,1;12,1;11,7;12,1;11,7;100;100;100;119;9,7;6,5;
2026/08/19;1700 UTC;,2;980,8;981,3;980,8;483,8;12;12;12,3;11,9;12,3;11,9;100;100;100;116;9,9;6,6;
2026/08/19;1800 UTC;,4;981,3;981,5;980,7;219,5;12;12;12,1;11,9;12,1;11,9;100;100;100;103;8,5;4,5;
2026/08/19;1900 UTC;,4;980,5;981,4;980,4;202,7;11,8;11,8;12;11,8;12;11,8;100;100;100;114;8,7;6,6;
2026/08/19;2000 UTC;2,4;980,3;980,7;979,8;57,6;11,7;11,7;11,8;11,6;11,8;11,6;100;100;100;104;9,3;6;
2026/08/19;2100 UTC;,4;980,5;980,5;980,2;27,5;11,6;11,6;11,7;11,5;11,7;11,5;100;100;100;107;8,7;5,8;
2026/08/19;2200 UTC;,2;979,8;980,5;979,7;,3;11,5;11,5;11,6;11,5;11,6;11,5;100;100;100;108;9,2;7,2;
2026/08/19;2300 UTC;;;;;;;;;;;;;;;;;;
2026/08/20;0000 UTC;;;;;;;;;;;;;;;;;;
2026/08/20;0100 UTC;;;;;;;;;;;;;;;;;;
2026/08/20;0200 UTC;;;;;;;;;;;;;;;;;;
2026/08/20;0300 UTC;;;;;;;;;;;;;;;;;;
2026/08/20;0400 UTC;;;;;;;;;;;;;;;;;;
2026/08/20;0500 UTC;;;;;;;;;;;;;;;;;;
2026/08/20;0600 UTC;;;;;;;;;;;;;;;;;;
2026/08/20;0700 UTC;;;;;;;;;;;;;;;;;;
2026/08/20;0800 UTC;;;;;;;;;;;;;;;;;;
2026/08/20;0900 UTC;;;;;;;;;;;;;;;;;;
2026/08/20;1000 UTC;;;;;;;;;;;;;;;;;;
2026/08/20;1100 UTC;;;;;;;;;;;;;;;;;;
2026/08/20;1200 UTC;;;;;;;;;;;;;;;;;;
2026/08/20;1300 UTC;;;;;;;;;;;;;;;;;;
2026/08/20;1400 UTC;;;;;;;;;;;;;;;;;;
2026/08/20;1500 UTC;;;;;;;;;;;;;;;;;;
2026/08/20;1600 UTC;;;;;;;;;;;;;;;;;;
2026/08/20;1700 UTC;;;;;;;;;;;;;;;;;;
2026/08/20;1800 UTC;;;;;;;;;;;;;;;;;;
2026/08/20;1900 UTC;;;;;;;;;;;;;;;;;;
2026/08/20;2000 UTC;;;;;;;;;;;;;;;;;;
2026/08/20;2100 UTC;;;;;;;;;;;;;;;;;;
2026/08/20;2200 UTC;;;;;;;;;;;;;;;;;;
2026/08/20;2300 UTC;;;;;;;;;;;;;;;;;;
2026/08/21;0000 UTC;;;;;;;;;;;;;;;;;;
2026/08/21;0100 UTC;;;;;;;;;;;;;;;;;;
2026/08/21;0200 UTC;;;;;;;;;;;;;;;;;;
2026/08/21;0300 UTC;;;;;;;;;;;;;;;;;;
2026/08/21;0400 UTC;;;;;;;;;;;;;;;;;;
2026/08/21;0500 UTC;;;;;;;;;;;;;;;;;;
2026/08/21;0600 UTC;;;;;;;;;;;;;;;;;;
2026/08/21;0700 UTC;;;;;;;;;;;;;;;;;;
2026/08/21;0800 UTC;;;;;;;;;;;;;;;;;;
2026/08/21;0900 UTC;;;;;;;;;;;;;;;;;;
2026/08/21;1000 UTC;;;;;;;;;;;;;;;;;;
2026/08/21;1100 UTC;;;;;;;;;;;;;;;;;;
2026/08/21;1200 UTC;;;;;;;;;;;;;;;;;;
2026/08/21;1300 UTC;;;;;;;;;;;;;;;;;;
2026/08/21;1400 UTC;;;;;;;;;;;;;;;;;;
2026/08/21;1500 UTC;;;;;;;;;;;;;;;;;;
2026/08/21;1600 UTC;;;;;;;;;;;;;;;;;;
2026/08/21;1700 UTC;;;;;;;;;;;;;;;;;;
2026/08/21;1800 UTC;;;;;;;;;;;;;;;;;;
2026/08/21;1900 UTC;;;;;;;;;;;;;;;;;;
2026/08/21;2000 UTC;;;;;;;;;;;;;;;;;;
2026/08/21;2100 UTC;;;;;;;;;;;;;;;;;;
2026/08/21;2200 UTC;;;;;;;;;;;;;;;;;;
2026/08/21;2300 UTC;;;;;;;;;;;;;;;;;;
2026/08/22;0000 UTC;;;;;;;;;;;;;;;;;;
2026/08/22;0100 UTC;;;;;;;;;;;;;;;;;;
2026/08/22;0200 UTC;;;;;;;;;;;;;;;;;;
2026/08/22;0300 UTC;;;;;;;;;;;;;;;;;;
2026/08/22;0400 UTC;;;;;;;;;;;;;;;;;;
2026/08/22;0500 UTC;;;;;;;;;;;;;;;;;;
2026/08/22;0600 UTC;;;;;;;;;;;;;;;;;;
2026/08/22;0700 UTC;;;;;;;;;;;;;;;;;;
2026/08/22;0800 UTC;;;;;;;;;;;;;;;;;;
2026/08/22;0900 UTC;;;;;;;;;;;;;;;;;;
2026/08/22;1000 UTC;;;;;;;;;;;;;;;;;;
2026/08/22;1100 UTC;;;;;;;;;;;;;;;;;;
2026/08/22;1200 UTC;;;;;;;;;;;;;;;;;;
2026/08/22;1300 UTC;;;;;;;;;;;;;;;;;;
2026/08/22;1400 UTC;;;;;;;;;;;;;;;;;;
2026/08/22;1500 UTC;;;;;;;;;;;;;;;;;;
2026/08/22;1600 UTC;;;;;;;;;;;;;;;;;;
2026/08/22;1700 UTC;;;;;;;;;;;;;;;;;;
2026/08/22;1800 UTC;;;;;;;;;;;;;;;;;;
2026/08/22;1900 UTC;;;;;;;;;;;;;;;;;;
2026/08/22;2000 UTC;;;;;;;;;;;;;;;;;;
2026/08/22;2100 UTC;;;;;;;;;;;;;;;;;;
2026/08/22;2200 UTC;;;;;;;;;;;;;;;;;;
2026/08/22;2300 UTC;;;;;;;;;;;;;;;;;;
2026/08/23;0000 UTC;;;;;;;;;;;;;;;;;;
2026/08/23;0100 UTC;;;;;;;;;;;;;;;;;;
2026/08/23;0200 UTC;;;;;;;;;;;;;;;;;;
2026/08/23;0300 UTC;;;;;;;;;;;;;;;;;;
2026/08/23;0400 UTC;;;;;;;;;;;;;;;;;;
2026/08/23;0500 UTC;;;;;;;;;;;;;;;;;;
2026/08/23;0600 UTC;;;;;;;;;;;;;;;;;;
2026/08/23;0700 UTC;;;;;;;;;;;;;;;;;;
2026/08/23;0800 UTC;;;;;;;;;;;;;;;;;;
2026/08/23;0900 UTC;;;;;;;;;;;;;;;;;;
2026/08/23;1000 UTC;;;;;;;;;;;;;;;;;;
2026/08/23;1100 UTC;;;;;;;;;;;;;;;;;;
2026/08/23;1200 UTC;;;;;;;;;;;;;;;;;;
2026/08/23;1300 UTC;;;;;;;;;;;;;;;;;;
2026/08/23;1400 UTC;;;;;;;;;;;;;;;;;;
2026/08/23;1500 UTC;;;;;;;;;;;;;;;;;;
2026/08/23;1600 UTC;;;;;;;;;;;;;;;;;;
2026/08/23;1700 UTC;;;;;;;;;;;;;;;;;;
2026/08/23;1800 UTC;;;;;;;;;;;;;;;;;;
2026/08/23;1900 UTC;;;;;;;;;;;;;;;;;;
2026/08/23;2000 UTC;;;;;;;;;;;;;;;;;;
2026/08/23;2100 UTC;;;;;;;;;;;;;;;;;;
2026/08/23;2200 UTC;;;;;;;;;;;;;;;;;;
2026/08/23;2300 UTC;;;;;;;;;;;;;;;;;;
2026/08/24;0000 UTC;;;;;;;;;;;;;;;;;;
2026/08/24;0100 UTC;;;;;;;;;;;;;;;;;;
2026/08/24;0200 UTC;;;;;;;;;;;;;;;;;;
2026/08/24;0300 UTC;;;;;;;;;;;;;;;;;;
2026/08/24;0400 UTC;;;;;;;;;;;;;;;;;;
2026/08/24;0500 UTC;;;;;;;;;;;;;;;;;;
2026/08/24;0600 UTC;;;;;;;;;;;;;;;;;;
2026/08/24;0700 UTC;;;;;;;;;;;;;;;;;;
2026/08/24;0800 UTC;;;;;;;;;;;;;;;;;;
2026/08/24;0900 UTC;;;;;;;;;;;;;;;;;;
2026/08/24;1000 UTC;;;;;;;;;;;;;;;;;;
2026/08/24;1100 UTC;;;;;;;;;;;;;;;;;;
2026/08/24;1200 UTC;;;;;;;;;;;;;;;;;;
2026/08/24;1300 UTC;;;;;;;;;;;;;;;;;;
2026/08/24;1400 UTC;;;;;;;;;;;;;;;;;;
2026/08/24;1500 UTC;;;;;;;;;;;;;;;;;;
2026/08/24;1600 UTC;;;;;;;;;;;;;;;;;;
2026/08/24;1700 UTC;;;;;;;;;;;;;;;;;;
2026/08/24;1800 UTC;;;;;;;;;;;;;;;;;;
2026/08/24;1900 UTC;;;;;;;;;;;;;;;;;;
2026/08/24;2000 UTC;;;;;;;;;;;;;;;;;;
2026/08/24;2100 UTC;;;;;;;;;;;;;;;;;;
2026/08/24;2200 UTC;;;;;;;;;;;;;;;;;;
2026/08/24;2300 UTC;;;;;;;;;;;;;;;;;;
2026/08/25;0000 UTC;;;;;;;;;;;;;;;;;;
2026/08/25;0100 UTC;;;;;;;;;;;;;;;;;;
2026/08/25;0200 UTC;;;;;;;;;;;;;;;;;;
2026/08/25;0300 UTC;;;;;;;;;;;;;;;;;;
2026/08/25;0400 UTC;;;;;;;;;;;;;;;;;;
2026/08/25;0500 UTC;;;;;;;;;;;;;;;;;;
2026/08/25;0600 UTC;;;;;;;;;;;;;;;;;;
2026/08/25;0700 UTC;;;;;;;;;;;;;;;;;;
2026/08/25;0800 UTC;;;;;;;;;;;;;;;;;;
2026/08/25;0900 UTC;;;;;;;;;;;;;;;;;;
2026/08/25;1000 UTC;;;;;;;;;;;;;;;;;;
2026/08/25;1100 UTC;;;;;;;;;;;;;;;;;;
2026/08/25;1200 UTC;;;;;;;;;;;;;;;;;;
2026/08/25;1300 UTC;;;;;;;;;;;;;;;;;;
2026/08/25;1400 UTC;;;;;;;;;;;;;;;;;;
2026/08/25;1500 UTC;;;;;;;;;;;;;;;;;;
2026/08/25;1600 UTC;;;;;;;;;;;;;;;;;;
2026/08/25;1700 UTC;;;;;;;;;;;;;;;;;;
2026/08/25;1800 UTC;;;;;;;;;;;;;;;;;;
2026/08/25;1900 UTC;;;;;;;;;;;;;;;;;;
2026/08/25;2000 UTC;;;;;;;;;;;;;;;;;;
2026/08/25;2100 UTC;;;;;;;;;;;;;;;;;;
2026/08/25;2200 UTC;;;;;;;;;;;;;;;;;;
2026/08/25;2300 UTC;;;;;;;;;;;;;;;;;;
2026/08/26;0000 UTC;;;;;;;;;;;;;;;;;;
2026/08/26;0100 UTC;;;;;;;;;;;;;;;;;;
2026/08/26;0200 UTC;;;;;;;;;;;;;;;;;;
2026/08/26;0300 UTC;;;;;;;;;;;;;;;;;;
2026/08/26;0400 UTC;;;;;;;;;;;;;;;;;;
2026/08/26;0500 UTC;;;;;;;;;;;;;;;;;;
2026/08/26;0600 UTC;;;;;;;;;;;;;;;;;;
2026/08/26;0700 UTC;;;;;;;;;;;;;;;;;;
2026/08/26;0800 UTC;;;;;;;;;;;;;;;;;;
2026/08/26;0900 UTC;;;;;;;;;;;;;;;;;;
2026/08/26;1000 UTC;;;;;;;;;;;;;;;;;;
2026/08/26;1100 UTC;;;;;;;;;;;;;;;;;;
2026/08/26;1200 UTC;;;;;;;;;;;;;;;;;;
2026/08/26;1300 UTC;;;;;;;;;;;;;;;;;;
2026/08/26;1400 UTC;;;;;;;;;;;;;;;;;;
2026/08/26;1500 UTC;;;;;;;;;;;;;;;;;;
2026/08/26;1600 UTC;;;;;;;;;;;;;;;;;;
2026/08/26;1700 UTC;;;;;;;;;;;;;;;;;;
2026/08/26;1800 UTC;;;;;;;;;;;;;;;;;;
2026/08/26;1900 UTC;;;;;;;;;;;;;;;;;;
2026/08/26;2000 UTC;;;;;;;;;;;;;;;;;;
2026/08/26;2100 UTC;;;;;;;;;;;;;;;;;;
2026/08/26;2200 UTC;;;;;;;;;;;;;;;;;;
2026/08/26;2300 UTC;;;;;;;;;;;;;;;;;;
2026/08/27;0000 UTC;;;;;;;;;;;;;;;;;;
2026/08/27;0100 UTC;;;;;;;;;;;;;;;;;;
2026/08/27;0200 UTC;;;;;;;;;;;;;;;;;;
2026/08/27;0300 UTC;;;;;;;;;;;;;;;;;;
2026/08/27;0400 UTC;;;;;;;;;;;;;;;;;;
2026/08/27;0500 UTC;;;;;;;;;;;;;;;;;;
2026/08/27;0600 UTC;;;;;;;;;;;;;;;;;;
2026/08/27;0700 UTC;;;;;;;;;;;;;;;;;;
2026/08/27;0800 UTC;;;;;;;;;;;;;;;;;;
2026/08/27;0900 UTC;;;;;;;;;;;;;;;;;;
2026/08/27;1000 UTC;;;;;;;;;;;;;;;;;;
2026/08/27;1100 UTC;;;;;;;;;;;;;;;;;;
2026/08/27;1200 UTC;;;;;;;;;;;;;;;;;;
2026/08/27;1300 UTC;;;;;;;;;;;;;;;;;;
2026/08/27;1400 UTC;;;;;;;;;;;;;;;;;;
2026/08/27;1500 UTC;;;;;;;;;;;;;;;;;;
2026/08/27;1600 UTC;;;;;;;;;;;;;;;;;;
2026/08/27;1700 UTC;;;;;;;;;;;;;;;;;;
2026/08/27;1800 UTC;;;;;;;;;;;;;;;;;;
2026/08/27;1900 UTC;;;;;;;;;;;;;;;;;;
2026/08/27;2000 UTC;;;;;;;;;;;;;;;;;;
2026/08/27;2100 UTC;;;;;;;;;;;;;;;;;;
2026/08/27;2200 UTC;;;;;;;;;;;;;;;;;;
2026/08/27;2300 UTC;;;;;;;;;;;;;;;;;;
2026/08/28;0000 UTC;;;;;;;;;;;;;;;;;;
2026/08/28;0100 UTC;;;;;;;;;;;;;;;;;;
2026/08/28;0200 UTC;;;;;;;;;;;;;;;;;;
2026/08/28;0300 UTC;;;;;;;;;;;;;;;;;;
2026/08/28;0400 UTC;;;;;;;;;;;;;;;;;;
2026/08/28;0500 UTC;;;;;;;;;;;;;;;;;;
2026/08/28;0600 UTC;;;;;;;;;;;;;;;;;;
2026/08/28;0700 UTC;;;;;;;;;;;;;;;;;;
2026/08/28;0800 UTC;;;;;;;;;;;;;;;;;;
2026/08/28;0900 UTC;;;;;;;;;;;;;;;;;;
2026/08/28;1000 UTC;;;;;;;;;;;;;;;;;;
2026/08/28;1100 UTC;;;;;;;;;;;;;;;;;;
2026/08/28;1200 UTC;;;;;;;;;;;;;;;;;;
2026/08/28;1300 UTC;;;;;;;;;;;;;;;;;;
2026/08/28;1400 UTC;;;;;;;;;;;;;;;;;;
2026/08/28;1500 UTC;;;;;;;;;;;;;;;;;;
2026/08/28;1600 UTC;;;;;;;;;;;;;;;;;;
2026/08/28;1700 UTC;;;;;;;;;;;;;;;;;;
2026/08/28;1800 UTC;;;;;;;;;;;;;;;;;;
2026/08/28;1900 UTC;;;;;;;;;;;;;;;;;;
2026/08/28;2000 UTC;;;;;;;;;;;;;;;;;;
2026/08/28;2100 UTC;;;;;;;;;;;;;;;;;;
2026/08/28;2200 UTC;;;;;;;;;;;;;;;;;;
2026/08/28;2300 UTC;;;;;;;;;;;;;;;;;;
2026/08/29;0000 UTC;;;;;;;;;;;;;;;;;;
2026/08/29;0100 UTC;;;;;;;;;;;;;;;;;;
2026/08/29;0200 UTC;;;;;;;;;;;;;;;;;;
2026/08/29;0300 UTC;;;;;;;;;;;;;;;;;;
2026/08/29;0400 UTC;;;;;;;;;;;;;;;;;;
2026/08/29;0500 UTC;;;;;;;;;;;;;;;;;;
2026/08/29;0600 UTC;;;;;;;;;;;;;;;;;;
2026/08/29;0700 UTC;;;;;;;;;;;;;;;;;;
2026/08/29;0800 UTC;;;;;;;;;;;;;;;;;;
2026/08/29;0900 UTC;;;;;;;;;;;;;;;;;;
2026/08/29;1000 UTC;;;;;;;;;;;;;;;;;;
2026/08/29;1100 UTC;;;;;;;;;;;;;;;;;;
2026/08/29;1200 UTC;;;;;;;;;;;;;;;;;;
2026/08/29;1300 UTC;;;;;;;;;;;;;;;;;;
2026/08/29;1400 UTC;;;;;;;;;;;;;;;;;;
2026/08/29;1500 UTC;;;;;;;;;;;;;;;;;;
2026/08/29;1600 UTC;;;;;;;;;;;;;;;;;;
2026/08/29;1700 UTC;;;;;;;;;;;;;;;;;;
2026/08/29;1800 UTC;;;;;;;;;;;;;;;;;;
2026/08/29;1900 UTC;;;;;;;;;;;;;;;;;;
2026/08/29;2000 UTC;;;;;;;;;;;;;;;;;;
2026/08/29;2100 UTC;;;;;;;;;;;;;;;;;;
2026/08/29;2200 UTC;;;;;;;;;;;;;;;;;;
2026/08/29;2300 UTC;;;;;;;;;;;;;;;;;;
2026/08/30;0000 UTC;;;;;;;;;;;;;;;;;;
2026/08/30;0100 UTC;;;;;;;;;;;;;;;;;;
2026/08/30;0200 UTC;;;;;;;;;;;;;;;;;;
2026/08/30;0300 UTC;;;;;;;;;;;;;;;;;;
2026/08/30;0400 UTC;;;;;;;;;;;;;;;;;;
2026/08/30;0500 UTC;;;;;;;;;;;;;;;;;;
2026/08/30;0600 UTC;;;;;;;;;;;;;;;;;;
2026/08/30;0700 UTC;;;;;;;;;;;;;;;;;;
2026/08/30;0800 UTC;;;;;;;;;;;;;;;;;;
2026/08/30;0900 UTC;;;;;;;;;;;;;;;;;;
2026/08/30;1000 UTC;;;;;;;;;;;;;;;;;;
2026/08/30;1100 UTC;;;;;;;;;;;;;;;;;;
2026/08/30;1200 UTC;;;;;;;;;;;;;;;;;;
2026/08/30;1300 UTC;;;;;;;;;;;;;;;;;;
2026/08/30;1400 UTC;;;;;;;;;;;;;;;;;;
2026/08/30;1500 UTC;;;;;;;;;;;;;;;;;;
2026/08/30;1600 UTC;;;;;;;;;;;;;;;;;;
2026/08/30;1700 UTC;;;;;;;;;;;;;;;;;;
2026/08/30;1800 UTC;;;;;;;;;;;;;;;;;;
2026/08/30;1900 UTC;;;;;;;;;;;;;;;;;;
2026/08/30;2000 UTC;;;;;;;;;;;;;;;;;;
2026/08/30;2100 UTC;;;;;;;;;;;;;;;;;;
2026/08/30;2200 UTC;;;;;;;;;;;;;;;;;;
2026/08/30;2300 UTC;;;;;;;;;;;;;;;;;;
2026/08/31;0000 UTC;;;;;;;;;;;;;;;;;;
2026/08/31;0100 UTC;;;;;;;;;;;;;;;;;;
2026/08/31;0200 UTC;;;;;;;;;;;;;;;;;;
2026/08/31;0300 UTC;;;;;;;;;;;;;;;;;;
2026/08/31;0400 UTC;;;;;;;;;;;;;;;;;;
2026/08/31;0500 UTC;;;;;;;;;;;;;;;;;;
2026/08/31;0600 UTC;;;;;;;;;;;;;;;;;;
2026/08/31;0700 UTC;;;;;;;;;;;;;;;;;;
2026/08/31;0800 UTC;;;;;;;;;;;;;;;;;;
2026/08/31;0900 UTC;;;;;;;;;;;;;;;;;;
2026/08/31;1000 UTC;;;;;;;;;;;;;;;;;;
2026/08/31;1100 UTC;;;;;;;;;;;;;;;;;;
2026/08/31;1200 UTC;;;;;;;;;;;;;;;;;;
2026/08/31;1300 UTC;;;;;;;;;;;;;;;;;;
2026/08/31;1400 UTC;;;;;;;;;;;;;;;;;;
2026/08/31;1500 UTC;;;;;;;;;;;;;;;;;;
2026/08/31;1600 UTC;;;;;;;;;;;;;;;;;;
2026/08/31;1700 UTC;;;;;;;;;;;;;;;;;;
2026/08/31;1800 UTC;;;;;;;;;;;;;;;;;;
2026/08/31;1900 UTC;;;;;;;;;;;;;;;;;;
2026/08/31;2000 UTC;;;;;;;;;;;;;;;;;;
2026/08/31;2100 UTC;;;;;;;;;;;;;;;;;;
2026/08/31;2200 UTC;;;;;;;;;;;;;;;;;;
2026/08/31;2300 UTC;;;;;;;;;;;;;;;;;;
