REGIAO:;S
UF:;RS
ESTACAO:;ACEGUA
CODIGO (WMO):;B828
LATITUDE:;-31,87472221
LONGITUDE:;-54,11972221
ALTITUDE:;271
DATA DE FUNDACAO:;17/09/25
Data;Hora UTC;PRECIPITAÇÃO TOTAL, HORÁRIO (mm);PRESSAO ATMOSFERICA AO NIVEL DA ESTACAO, HORARIA (mB);PRESSÃO ATMOSFERICA MAX.NA HORA ANT. (AUT) (mB);PRESSÃO ATMOSFERICA MIN. NA HORA ANT. (AUT) (mB);RADIACAO GLOBAL (Kj/m²);TEMPERATURA DO AR - BULBO SECO, HORARIA (°C);TEMPERATURA DO PONTO DE ORVALHO (°C);TEMPERATURA MÁXIMA NA HORA ANT. (AUT) (°C);TEMPERATURA MÍNIMA NA HORA ANT. (AUT) (°C);TEMPERATURA ORVALHO MAX. NA HORA ANT. (AUT) (°C);TEMPERATURA ORVALHO MIN. NA HORA ANT. (AUT) (°C);UMIDADE REL. MAX. NA HORA ANT. (AUT) (%);UMIDADE REL. MIN. NA HORA ANT. (AUT) (%);UMIDADE RELATIVA DO AR, HORARIA (%);VENTO, DIREÇÃO HORARIA (gr) (° (gr));VENTO, RAJADA MAXIMA (m/s);VENTO, VELOCIDADE HORARIA (m/s);
2026/01/01;0000 UTC;0;977,7;977,9;977,4;0;28,6;15,8;28,9;28,3;16,2;15,6;37;35;36;208;,8;,6;
2026/01/01;0100 UTC;0;978,3;978,6;977,9;0;27,1;16,1;28,4;26,1;16,7;15,3;53;36;45;66;4,4;3,3;
2026/01/01;0200 UTC;0;978,6;978,6;978,5;0;25,8;15,5;26,5;25,1;16;15,2;51;47;48;42;3,9;2,9;
2026/01/01;0300 UTC;0;978,5;978,6;978,5;0;25;15,3;25,3;24,8;15,4;15,1;52;50;51;39;2,6;1,9;
2026/01/01;0400 UTC;0;978,2;978,6;977,9;0;24,2;15,2;25;23;15,4;15;60;51;55;40;4;3,5;
2026/01/01;0500 UTC;0;977,7;977,9;977,4;0;22,8;15,5;23,1;22,4;16,1;14,9;68;59;64;135;4,9;3;
2026/01/01;0600 UTC;0;977,2;977,4;976,9;0;22,5;16,3;22,9;22,2;16,7;16;71;67;69;343;4,3;3,1;
2026/01/01;0700 UTC;0;976,6;976,9;976,4;0;21,9;16,4;22,5;21,3;17;16;75;70;72;325;5,2;3,4;
2026/01/01;0800 UTC;0;976,6;976,8;976,5;0;21,9;17,4;22,9;21,5;18,1;16,1;81;73;78;311;4,3;3;
2026/01/01;0900 UTC;0;977,2;977,4;976,8;9,1;20,6;17,2;22,9;19,4;17,7;16,9;88;72;83;209;3,1;2,4;
2026/01/01;1000 UTC;0;977,4;977,5;977,3;153;21,4;17,1;21,6;21,3;17,3;16,9;80;77;78;192;4,2;2;
2026/01/01;1100 UTC;0;977,3;977,5;977,2;252,7;22,8;18,7;23,1;22,6;19,2;17,6;82;75;79;200;3,2;2,2;
2026/01/01;1200 UTC;0;977,3;977,5;977,2;329,3;24,8;19;26,4;23,2;19,8;18,1;81;63;71;305;3,9;2,6;
2026/01/01;1300 UTC;0;977,1;977,4;976,9;415,4;27,7;19,7;29,1;26,4;20,7;18,9;67;51;60;294;5,6;3,7;
2026/01/01;1400 UTC;0;976,8;977;976,7;490,2;29,8;19,1;30,5;29;20,3;17,9;53;41;47;290;5,3;3,4;
2026/01/01;1500 UTC;0;976,5;976,7;976,1;563,4;30,7;20,1;31,3;30,2;21,4;18,9;53;42;47;262;5,3;3;
2026/01/01;1600 UTC;0;975,8;976,1;975,4;890,7;31,7;20,3;32,4;31,1;22;19,1;50;36;43;239;6,5;3,7;
2026/01/01;1700 UTC;0;975,1;975,4;974,9;1205,4;32,5;20,5;33;31,7;22,2;19,9;49;36;40;241;6,6;4,2;
2026/01/01;1800 UTC;0;974,5;975,1;974;1336;33,1;20,8;33,4;32,8;21,8;19,9;43;34;38;230;7,7;5,4;
2026/01/01;1900 UTC;0;973,5;974;972,9;1319,8;33,4;21,6;33,6;33;22,3;20,6;44;37;41;251;6,7;3,8;
2026/01/01;2000 UTC;0;972,6;972,9;972,4;1133,4;31,6;20,9;33,8;30,1;22,9;20,1;55;35;46;93;6;2,4;
2026/01/01;2100 UTC;0;974,4;975,5;972,7;391;26,8;19;30,4;22,4;21,1;17,6;77;49;61;159;11,8;6,5;
2026/01/01;2200 UTC;0;974,8;975,1;974,6;1341,1;22,5;17,3;23,1;21,7;17,8;16,4;79;66;74;109;8,2;4,9;
2026/01/01;2300 UTC;0;975,2;975,7;974,6;347,7;22;18,8;22,8;21,4;19,3;17,1;89;71;84;146;4,4;2,4;
2026/01/02;0000 UTC;0;976,3;976,7;975,7;0;21,2;19,5;21,4;20,8;19,8;19,1;93;89;92;132;6,4;3,9;
2026/01/02;0100 UTC;0;977,2;977,6;976,6;0;20,4;18,9;20,8;20;19,1;18,8;95;91;93;132;5,1;3,1;
2026/01/02;0200 UTC;0;977,5;977,7;977,4;0;19,8;18,8;20;19,5;19;18,5;96;95;95;133;5,5;3,3;
2026/01/02;0300 UTC;0;977,6;977,8;977,5;0;19,3;18;19,5;19,2;18,5;17,8;95;93;94;117;4,8;3;
2026/01/02;0400 UTC;0;977,3;977,5;977;0;19,2;17,9;19,4;19;18;17,8;94;92;93;105;3,9;2,3;
2026/01/02;0500 UTC;0;976,9;977,1;976,7;0;18,6;17,6;19,1;17,6;17,9;17,2;98;93;95;170;2,9;1,5;
2026/01/02;0600 UTC;0;976,3;976,7;976,1;0;17,3;17;17,6;17,1;17,2;16,7;99;97;98;155;3,6;1,8;
2026/01/02;0700 UTC;0;976;976,1;975,9;0;17,1;16,7;17,3;17;16,8;16,5;99;97;98;147;3,4;1,8;
2026/01/02;0800 UTC;0;975,9;976,1;975,8;0;17,4;16,8;17,6;17;17,2;16,5;99;96;97;169;2,4;1,7;
2026/01/02;0900 UTC;0;976,3;976,5;976;7,8;17,2;16,9;17,7;16,8;17,3;16,4;99;97;99;115;2,9;2;
2026/01/02;1000 UTC;0;976,5;976,7;976,4;102,8;18,7;17,6;19,2;17,7;18;17,3;98;92;94;54;3,5;2,5;
2026/01/02;1100 UTC;0;977;977,4;976,6;188,3;20;18,2;21,1;19,2;18,8;17,8;95;87;91;182;2,8;1,7;
2026/01/02;1200 UTC;0;977,3;977,3;977,2;262;22,7;18,2;24,2;21;19,2;17;89;65;78;285;2,6;1,2;
2026/01/02;1300 UTC;0;977,2;977,3;977,1;333,1;25;17,7;25,7;23,9;19,5;16,8;70;58;64;213;4,5;2,6;
2026/01/02;1400 UTC;0;977,1;977,3;976,8;404,1;26,1;17,2;26,6;25,4;18,6;15,3;64;47;56;194;7,2;4,1;
2026/01/02;1500 UTC;0;976,5;976,8;976,4;478,3;26,5;17,2;27;26,1;18,6;16;61;48;54;230;7,7;3,9;
2026/01/02;1600 UTC;0;976,3;976,7;976;703,6;27,1;17,7;27,6;26,6;19,1;16,9;59;49;53;213;7,6;4,6;
2026/01/02;1700 UTC;0;975,8;976,1;975,4;819,7;27,4;17,3;27,9;26,9;18,5;16,3;55;44;49;205;7;4,2;
2026/01/02;1800 UTC;0;974,9;975,4;974,5;1349,4;27,8;17,3;28,2;27,4;18,7;16,2;54;42;48;218;8,5;4,8;
2026/01/02;1900 UTC;0;974;974,5;973,5;1890;27,9;17,3;28,3;27,3;18,4;16,4;52;44;47;245;4,9;2,8;
2026/01/02;2000 UTC;0;973,2;973,5;972,9;2372,8;28,1;17,7;28,5;27,7;18,4;16,7;52;42;48;219;6,8;4,3;
2026/01/02;2100 UTC;0;972,5;972,9;972,1;2692,8;28,2;17,9;28,5;27,7;18,7;16,3;53;41;49;227;10,8;5,3;
2026/01/02;2200 UTC;0;972,3;972,4;972,2;2381;27,6;16,5;28,2;26,8;16,9;16,1;47;41;44;230;8,4;5,4;
2026/01/02;2300 UTC;0;972,3;972,5;972,2;431,8;25,8;16;26,7;25;16,2;15,7;54;47;51;228;5,1;3,3;
2026/01/03;0000 UTC;0;972,8;973,3;972,4;0;22,9;16,7;25;20,7;17,7;15,6;84;54;69;149;6,1;3,4;
2026/01/03;0100 UTC;0;973,5;974;973,1;0;19,9;17,3;20,6;19,4;17,6;16,9;89;85;87;142;7,2;3;
2026/01/03;0200 UTC;0;974;974,1;973,7;0;19,1;16,6;19,4;18,8;17;16,4;88;87;88;121;7,6;5;
2026/01/03;0300 UTC;0;974;974,3;973,7;0;18,5;16,4;18,8;18,3;16,4;16,4;91;88;90;115;5,1;3,1;
2026/01/03;0400 UTC;0;973,8;974;973,5;0;18,4;16,6;18,7;18,1;16,7;16,4;92;90;91;58;3,8;3;
2026/01/03;0500 UTC;0;973,4;973,6;973,3;0;18,2;16,8;18,5;17,8;17,2;16,6;95;91;93;339;3,6;2,6;
2026/01/03;0600 UTC;0;973,6;973,8;973,4;0;17,7;16,9;18,5;16,8;17,3;16,5;98;93;96;209;5,5;3,7;
2026/01/03;0700 UTC;0;974;974,2;973,7;0;16,5;16,4;16,8;16,2;16,5;16,2;100;98;99;218;5,5;4;
2026/01/03;0800 UTC;0;974,2;974,4;974;0;16,7;16,3;17,7;16,2;16,8;16,1;100;92;98;233;4,7;2,8;
2026/01/03;0900 UTC;0;974,6;975;974,3;7;18,4;15,3;18,9;17,8;16,2;13,8;92;75;85;258;7,1;3;
2026/01/03;1000 UTC;0;975,2;975,7;974,9;100,2;19,3;13,8;19,6;19;14,5;13,2;77;68;72;230;9,4;6,2;
2026/01/03;1100 UTC;0;976,4;977,2;975,6;259,5;18,5;13;19,1;16,8;14,5;10,3;78;64;73;190;14,4;8,6;
2026/01/03;1200 UTC;0;978,1;978,8;977,2;366,8;16,4;10,1;16,8;15,5;10,7;9,4;74;65;69;180;10;5,3;
2026/01/03;1300 UTC;0;979,3;979,8;978,6;498,5;16,7;9,9;17,6;15,9;10,8;9,2;71;61;66;183;10,5;5,4;
2026/01/03;1400 UTC;0;980,2;980,6;979,8;558,2;17,1;8,8;18,2;16,4;9,8;7,9;65;52;58;183;11,4;5,5;
2026/01/03;1500 UTC;0;980,9;981,4;980,5;694,8;17,8;8,3;18,7;17,2;9,4;7,1;57;48;52;187;11,6;6,1;
2026/01/03;1600 UTC;0;981,4;981,6;981,2;800;18,9;8,8;19,9;17,5;10,6;7,7;59;45;49;202;11,1;6,5;
2026/01/03;1700 UTC;0;981,5;981,6;981,3;810,9;20;8,8;20,8;19;9,8;8;50;40;44;195;7,9;4,1;
2026/01/03;1800 UTC;0;981,5;981,7;981,3;1293,2;20,7;8;21;19,9;9,3;7;44;31;37;191;11,6;5,6;
2026/01/03;1900 UTC;0;981,6;981,7;981,5;2167;21,2;8,5;21,6;20,8;9,7;7,7;42;33;37;198;8,4;5;
2026/01/03;2000 UTC;0;981,6;981,7;981,4;2623,4;21,4;8,4;21,9;20,5;9,4;7,3;40;32;35;196;7,7;4,2;
2026/01/03;2100 UTC;0;981,3;981,5;981,2;2991,8;21,3;8,2;21,6;20,8;8,9;7,5;38;32;34;185;7,9;4,3;
2026/01/03;2200 UTC;0;981,6;981,9;981,3;2568,3;20,6;7,8;21,1;19,9;8,2;7,2;38;32;36;188;7,2;3,7;
2026/01/03;2300 UTC;0;982,4;982,7;981,9;165,9;18,3;6,8;19,8;17,2;7,3;6,4;47;37;42;184;4,7;3,1;
2026/01/04;0000 UTC;0;983,1;983,5;982,7;0;16,7;6;17,3;15,9;6,6;5,5;48;45;46;181;6,5;3,6;
2026/01/04;0100 UTC;0;984;984,4;983,5;0;14,8;5,8;15,7;14,2;6;5,6;58;50;55;174;6;2,5;
2026/01/04;0200 UTC;0;984,7;985,2;984,3;0;13,7;5,7;14,1;13,4;5,8;5,5;62;59;60;185;7,2;4;
2026/01/04;0300 UTC;0;985,3;985,4;985,2;0;13,1;5,5;13,8;12,5;5,7;5,2;64;59;62;182;5,5;3,4;
2026/01/04;0400 UTC;0;985,3;985,3;985,2;0;12;5,6;12,7;11,3;5,8;5,4;72;64;68;191;5,7;3,1;
2026/01/04;0500 UTC;0;985,1;985,2;985;0;11;5,6;11,3;10,8;5,8;5,5;74;72;73;197;5,3;3,4;
2026/01/04;0600 UTC;0;985,2;985,5;985,1;0;10,5;6,2;10,9;10,1;6,7;5,5;82;74;78;200;6,1;4,2;
2026/01/04;0700 UTC;0;985,5;985,6;985,4;0;9,9;6,6;10,1;9,7;6,7;6,6;84;82;84;205;6,2;4,9;
2026/01/04;0800 UTC;0;985,7;985,9;985,5;0;10;6,6;10,2;9,7;6,6;6,5;84;82;83;212;6;4,8;
2026/01/04;0900 UTC;0;986,1;986,2;985,9;8,1;10,6;6,6;11,2;10,1;6,7;6,4;83;76;80;225;5,3;3,6;
2026/01/04;1000 UTC;0;986,4;986,5;986,2;100,9;11,9;6,5;12,6;11,2;6,9;6,3;76;69;73;241;4,5;2,1;
2026/01/04;1100 UTC;0;986,8;987,1;986,5;205;13,5;7,4;14,1;12,6;8,3;6,4;73;68;70;222;7,3;5,2;
2026/01/04;1200 UTC;0;987,3;987,5;987;305,8;14,8;7,8;15,4;14,1;8,4;7,2;69;60;65;223;9,3;6,8;
2026/01/04;1300 UTC;0;987,4;987,6;987,2;433,6;16,1;7,5;17;15,2;8,6;6,7;66;50;57;208;10,7;7,1;
2026/01/04;1400 UTC;0;987,4;987,6;987,2;585,7;17,2;7,3;18,6;16,3;9,2;6,5;56;46;50;204;11,6;6,6;
2026/01/04;1500 UTC;0;987,1;987,3;986,9;641,3;18,3;8;19;17,6;8,8;7,5;52;44;49;213;11;6,8;
2026/01/04;1600 UTC;0;987,1;987,3;986,9;750,7;19,1;8,7;19,8;17,8;9,6;7,5;53;44;48;215;10,5;6,4;
2026/01/04;1700 UTC;0;986,9;987,1;986,7;947,7;20,1;9,2;20,8;18,8;10,6;8;51;42;46;196;9,2;5,2;
2026/01/04;1800 UTC;0;986,9;987;986,7;1091,6;20,4;9,2;21,2;19,8;10,4;8,6;49;40;44;196;7,4;3,4;
2026/01/04;1900 UTC;0;986,4;986,7;986,3;1521,9;21,1;9,6;22;20,4;10,9;8,9;47;39;43;213;6;3,8;
2026/01/04;2000 UTC;0;986,1;986,3;985,8;1823,3;21,3;9,6;22,1;20,7;10,5;8,9;45;38;41;210;5,5;3,1;
2026/01/04;2100 UTC;0;985,9;986;985,8;1433,9;21,4;9,7;22,3;20,7;10,3;9,2;47;37;41;194;2,9;1,5;
2026/01/04;2200 UTC;0;986,1;986,3;986;1646,5;21,5;9,8;22,2;21;10,5;9,2;47;37;42;160;1,8;1;
2026/01/04;2300 UTC;0;986,5;986,8;986,3;89,6;19,2;9,5;20,9;18,2;10,3;9,1;56;43;52;125;4,6;3;
2026/01/05;0000 UTC;0;987,1;987,4;986,8;0;17,7;9,3;18,2;16,7;9,4;9,1;62;56;58;138;4,2;2;
2026/01/05;0100 UTC;0;987,9;988,4;987,4;0;15,9;9,3;16,7;15,1;9,6;8,9;73;62;67;142;6,8;3,3;
2026/01/05;0200 UTC;0;988,6;988,8;988,4;0;14,4;9,7;15,1;14,1;9,8;9,1;78;73;76;137;7,6;3,6;
2026/01/05;0300 UTC;0;988,8;989;988,7;0;13,7;9;14,2;13;9,2;8,7;79;74;77;140;6;2,9;
2026/01/05;0400 UTC;0;988,8;989;988,5;0;12,8;8,3;13,1;12,5;8,7;8,1;79;75;78;124;4,8;3,1;
2026/01/05;0500 UTC;0;988,3;988,5;988,2;0;12,4;8,2;12,7;12,1;8,4;8,1;81;77;79;113;4,5;3,2;
2026/01/05;0600 UTC;0;988,1;988,2;988,1;0;12,3;7,6;12,6;12;8,1;7,3;79;75;76;113;3,9;2,9;
2026/01/05;0700 UTC;0;988,2;988,2;988,1;0;12,1;7,2;12,2;11,9;7,4;7;76;75;76;112;2,8;2;
2026/01/05;0800 UTC;0;988,2;988,3;988,2;0;11,6;7;12;10,8;7,1;7;82;75;77;130;2,8;1,4;
2026/01/05;0900 UTC;0;988,4;988,6;988,2;4,9;11,7;7,2;12;11,2;7,2;7,1;80;76;77;113;3,5;2,7;
2026/01/05;1000 UTC;0;988,8;988,9;988,6;95;12,8;7,5;13,6;12,1;7,8;7,2;76;70;73;93;3,1;2;
2026/01/05;1100 UTC;0;989,2;989,4;988,9;210,6;14,1;8,2;15;13,6;9,2;7,6;74;67;70;63;3,2;1,8;
2026/01/05;1200 UTC;0;989,4;989,5;989,3;302,5;15,7;8,5;16,7;15;9,2;8;69;58;64;117;3,2;1,4;
2026/01/05;1300 UTC;0;989,2;989,5;989,1;363,6;17,5;8,4;18,2;16,5;9,4;7,3;61;48;54;165;3,8;2;
2026/01/05;1400 UTC;0;989,1;989,2;988,9;410,3;18,9;8,7;19,9;18,1;10,1;7,5;52;43;49;207;3,9;1,6;
2026/01/05;1500 UTC;0;988,7;989;988;450,5;20,5;8,7;21,2;19,6;10,8;7,7;51;36;41;194;5,7;2;
2026/01/05;1600 UTC;0;988,1;988,4;987,8;559,2;21,8;10,1;22,5;21;11,6;9,2;48;38;42;170;4,1;1,6;
2026/01/05;1700 UTC;0;987,5;987,8;987,3;677,1;22,5;10,6;23,3;22;12;9,6;47;36;40;205;4,5;2,8;
2026/01/05;1800 UTC;0;987;987,3;986,5;1196,3;23,1;10,9;23,9;22,4;12;9,8;45;34;39;158;3;1,5;
2026/01/05;1900 UTC;0;986,1;986,6;985,8;2023,9;24;11;24,6;23,5;12,4;10,1;42;30;35;111;4,7;2,4;
2026/01/05;2000 UTC;0;985,4;985,8;985;2683,2;24,2;10,2;24,5;23,9;10,8;9,3;33;27;30;107;5,3;2,5;
2026/01/05;2100 UTC;0;984,8;985;984,7;2856;24,2;10,6;24,5;23,9;11,4;10;35;28;32;73;3,7;1,3;
2026/01/05;2200 UTC;0;984,7;984,7;984,6;2134,9;23,8;10,6;24,1;23,6;11,1;10,1;38;31;34;87;1,6;,9;
2026/01/05;2300 UTC;0;984,8;985;984,7;491,4;22,4;10,1;23,7;21,1;10,9;9,6;44;34;39;160;1,7;1,1;
2026/01/06;0000 UTC;0;985,2;985,4;985;0;19,2;10,4;21;18,2;11;9,6;64;44;56;148;3,8;2;
2026/01/06;0100 UTC;0;985,7;985,8;985,4;0;18,3;10,5;18,5;18,1;11;10,1;64;59;61;95;6,2;3,3;
2026/01/06;0200 UTC;0;985,9;986,2;985,8;0;17,4;10,7;18,3;17;11;10,4;70;61;66;91;4,8;3,1;
2026/01/06;0300 UTC;0;985,9;986,1;985,7;0;16,5;11,1;17;16;11,1;10,9;76;70;73;78;5,6;3,7;
2026/01/06;0400 UTC;0;985,5;985,7;985,3;0;15,6;11,4;16;15,3;11,6;11,1;81;76;79;62;5,2;3,4;
2026/01/06;0500 UTC;0;985;985,3;984,7;0;15,2;11,7;15,4;15;11,9;11,5;83;81;82;55;6,5;4,6;
2026/01/06;0600 UTC;0;984,6;984,7;984,6;0;14,9;12,1;15,2;14,7;12,2;11,9;88;84;86;56;5,8;4,2;
2026/01/06;0700 UTC;0;984,6;984,7;984,5;0;14,6;12,4;14,8;14,4;12,4;12,2;90;87;89;55;5,5;4,1;
2026/01/06;0800 UTC;0;984,7;984,8;984,6;0;14,4;12,5;14,5;14,2;12,6;12,4;91;90;91;57;4,7;3,8;
2026/01/06;0900 UTC;0;984,9;985;984,8;5,4;14,4;12,6;14,6;14,3;12,6;12,5;92;90;91;63;4,8;4;
2026/01/06;1000 UTC;0;985,2;985,3;985;102,6;15,2;12,8;16;14,7;13,2;12,6;90;85;88;55;5;3,5;
2026/01/06;1100 UTC;0;985,1;985,3;985;219,4;16,9;13,3;17,8;16;13,7;13;87;78;82;43;6,2;4,5;
2026/01/06;1200 UTC;0;985;985,2;984,9;307,7;19,3;13,8;20,5;17,7;14,3;13,3;81;65;72;26;7,3;4,8;
2026/01/06;1300 UTC;0;984,7;984,9;984,5;375,7;21,4;13,8;22,5;20,2;14,9;13,1;68;55;62;48;5,6;3,2;
2026/01/06;1400 UTC;0;984,2;984,5;983,8;421,6;23,5;14;24,3;22,5;15,2;12,2;60;41;52;44;6,8;3,7;
2026/01/06;1500 UTC;0;983,6;983,8;983,3;472,2;24,8;14;25,3;24;15,8;12,7;55;37;46;215;4,9;2,9;
2026/01/06;1600 UTC;0;982,9;983,3;982,5;565,1;25,7;14;26,7;25,2;15,4;12,9;46;36;41;91;6,2;2,5;
2026/01/06;1700 UTC;0;982,1;982,6;981,7;693,9;26,9;15,4;27,5;26,3;16,4;14,2;46;38;43;31;6,4;4,1;
2026/01/06;1800 UTC;0;981,3;981,7;980,9;1174,7;27,7;15,5;28,2;27;16,4;14,6;44;32;39;234;6,2;3,2;
2026/01/06;1900 UTC;0;980,4;980,9;980;1961,4;28,4;16,2;28,8;27,8;17,1;14,8;43;35;39;61;4,6;2,7;
2026/01/06;2000 UTC;0;979,7;980;979,4;2582,8;28,6;16,3;28,9;28,4;17;15,6;42;35;39;313;6;3,7;
2026/01/06;2100 UTC;0;979,2;979,4;979,1;2983,2;28,7;16,8;28,9;28,5;17,6;16,3;44;38;41;120;4,6;2,1;
2026/01/06;2200 UTC;0;979,2;979,3;979,1;2465,4;28,1;16,5;28,7;27,6;17,1;16,1;43;40;42;319;3,3;2,2;
2026/01/06;2300 UTC;0;979,5;979,7;979,3;493;26,8;15,6;27,6;25,9;16,2;15,1;48;43;44;284;2,4;1,4;
2026/01/07;0000 UTC;0;979,7;979,9;979,7;0;25,6;15;26,1;24,8;15,4;14,8;51;45;47;308;3,3;2,6;
2026/01/07;0100 UTC;0;980;980,2;979,9;0;24,1;14,7;24,7;23,8;15;14,1;55;50;53;295;3,4;2,6;
2026/01/07;0200 UTC;0;980,3;980,4;980,2;0;24,2;13,9;24,4;24;14,2;13,7;50;47;49;301;2,4;1,8;
2026/01/07;0300 UTC;0;980,4;980,4;980,3;0;24;14;24,5;23,7;14,1;13,9;51;47;50;299;2,7;2,4;
2026/01/07;0400 UTC;0;980,5;980,5;980,4;0;24,1;14;24,4;23,8;14,2;13,9;51;49;50;99;1,2;1,1;
2026/01/07;0500 UTC;0;980,2;980,4;980,1;0;21,8;13,8;23,9;20,4;14,1;13,3;67;51;60;48;3,3;3,1;
2026/01/07;0600 UTC;0;980,2;980,4;980,1;0;20,7;13,5;22,1;20,1;13,9;13,4;67;58;64;28;3,3;2,7;
2026/01/07;0700 UTC;0;980,5;980,8;980,2;0;20;13,4;20,5;19,6;13,6;13,2;69;65;67;294;2,9;2,3;
2026/01/07;0800 UTC;0;980,7;980,8;980,6;0;20,2;13,8;20,6;19,6;14,1;13,6;72;65;68;156;3,1;2,5;
2026/01/07;0900 UTC;0;980,8;981,1;980,7;4,9;20,1;15,2;20,4;19,8;15,6;14;79;71;76;293;3;2,2;
2026/01/07;1000 UTC;0;981,3;981,6;981;74,6;20,4;15,9;20,9;20;16,4;15,5;78;77;77;340;4;2,9;
2026/01/07;1100 UTC;0;981,6;981,7;981,5;204,6;22,3;17,1;23,4;21;17,8;16,5;78;70;74;332;5,6;3,9;
2026/01/07;1200 UTC;0;981,5;981,7;981,3;364,1;24,5;18,4;25,5;23,4;19,3;17,5;73;67;70;327;6,9;4,8;
2026/01/07;1300 UTC;0;981,6;981,8;981,4;442,3;26,6;19,6;27,8;25,5;20,2;19;70;59;65;319;7,8;5;
2026/01/07;1400 UTC;0;981,5;981,7;981,2;551,4;28,6;20,3;29,7;27,7;21,1;19,4;64;52;59;308;8,5;4,8;
2026/01/07;1500 UTC;,2;981;981,3;980,6;537,1;28;20;30,5;24;21,5;18,3;75;53;60;284;6,6;4,4;
2026/01/07;1600 UTC;0;980,2;980,9;979,9;639,2;28,9;20,4;30,1;27,8;21,5;19,7;63;52;58;315;7,4;4,2;
2026/01/07;1700 UTC;6,2;980,7;981,6;980,1;83,2;23,6;18,8;28,1;19,8;20,7;15,3;91;60;76;199;4,7;3,5;
2026/01/07;1800 UTC;4,8;982,2;982,9;981,2;30,9;20,5;18,2;22,3;19,6;18,9;16,9;93;82;89;217;9,6;7;
2026/01/07;1900 UTC;2,8;982,7;983;982,4;46,5;19,4;18;20,2;18,6;18,7;17,4;95;89;93;210;9;6,7;
2026/01/07;2000 UTC;1,6;982;983,2;981;105,3;19,4;16,2;21;18,5;17,6;14,9;95;70;84;270;4,7;3,5;
2026/01/07;2100 UTC;0;981,4;981,7;980,8;154,4;19,9;17,2;20,8;19,2;18,3;15,1;95;72;87;26;8,6;6,1;
2026/01/07;2200 UTC;0;980,7;980,9;980,5;1263,5;19,7;17,5;20,1;19,3;18;16,8;94;86;89;327;7,2;5,2;
2026/01/07;2300 UTC;0;980,7;981,3;980,4;406,1;19,3;16,9;19,6;19;17,3;16,5;90;86;88;254;4,5;3;
2026/01/08;0000 UTC;0;981,8;982,6;981,2;0;19,1;16,3;20;18,3;16,6;15,9;91;80;86;208;6,8;5,1;
2026/01/08;0100 UTC;0;983,4;983,9;982,7;0;18;16,7;18,3;17,8;16,7;16,5;95;91;93;198;3,2;2,2;
2026/01/08;0200 UTC;0;984,2;984,6;983,8;0;17,7;16,6;18,2;17,1;16,8;16,5;97;92;95;168;3,4;2,4;
2026/01/08;0300 UTC;0;984,5;984,8;984,3;0;17,4;17;17,8;17,1;17,5;16,6;99;97;98;177;5,8;3;
2026/01/08;0400 UTC;0;985;985,1;984,8;0;17,9;17,5;18;17,8;17,7;17,3;99;97;98;170;4,1;2,4;
2026/01/08;0500 UTC;0;984,9;985;984,7;0;17,7;16,9;17,9;17,5;17,3;16,5;97;95;96;169;6,6;3,7;
2026/01/08;0600 UTC;0;984,8;984,9;984,7;0;17,3;16,3;17,5;17;16,8;15,9;97;94;95;169;6;3,4;
2026/01/08;0700 UTC;0;984,9;985,1;984,7;0;16,8;16;17;16,7;16,2;15,8;96;95;96;162;6,9;3,2;
2026/01/08;0800 UTC;0;985,2;985,5;985,1;0;16,5;15,8;16,7;16,3;15,9;15,7;97;96;97;174;6,2;3,8;
2026/01/08;0900 UTC;0;985,6;985,8;985,4;,5;16,1;15,6;16,2;16,1;15,7;15,6;98;97;98;164;6,7;3,4;
2026/01/08;1000 UTC;0;986,1;986,6;985,8;29,6;16,1;15,7;16,1;16,1;15,8;15,6;98;97;98;163;6,4;3,4;
2026/01/08;1100 UTC;0;987;987,2;986,6;142,5;16,2;15,4;16,4;16;15,6;14,9;98;92;96;162;5,9;3;
2026/01/08;1200 UTC;0;987,5;987,9;987,2;304,7;16,9;15;17,4;16,4;15,5;14,7;93;87;90;164;6,8;3,8;
2026/01/08;1300 UTC;0;987,4;987,9;986,9;504,4;18,4;15,6;19,6;17,4;16,8;14,9;89;81;86;148;6,2;3,4;
2026/01/08;1400 UTC;0;986,7;987;986,3;611,1;20,3;16,5;21,1;19,3;17,4;15,7;86;77;81;148;6,6;3,4;
2026/01/08;1500 UTC;0;986,4;986,6;986,2;637;21,2;16,9;21,8;20,7;17,8;16,4;81;75;78;130;7,9;4,7;
2026/01/08;1600 UTC;0;986,4;986,7;986,1;564,8;22;17,2;23;21,3;18,1;16,7;79;71;76;137;6,9;3,2;
2026/01/08;1700 UTC;0;985,6;986;985,3;844,6;23,2;17,3;24,1;22,1;18,5;16,7;76;64;70;137;8,8;4,8;
2026/01/08;1800 UTC;0;985,6;985,8;985,4;1030;23,4;17,4;24;22,6;18,3;16,9;76;67;70;129;8,5;5;
2026/01/08;1900 UTC;0;985,2;985,4;984,9;1255;23,7;17,6;24,2;23,1;18,4;16,9;73;66;69;134;9;4,2;
2026/01/08;2000 UTC;0;984,7;985,1;984,2;1391,5;23,4;17,8;24,1;22,7;18,5;17,1;76;68;72;125;9,4;5,5;
2026/01/08;2100 UTC;0;984,6;985,1;984,2;712,6;22;17,3;22,8;21;17,7;16,9;80;73;76;131;8,9;4,8;
2026/01/08;2200 UTC;0;985,3;985,7;985;86,4;20,5;16,8;21;20;17,2;16,6;84;80;82;126;9,4;5,6;
2026/01/08;2300 UTC;0;985,9;986,4;985,6;20,7;19,5;16,8;20;19,1;17;16,7;90;84;87;129;8,3;4,9;
2026/01/09;0000 UTC;0;986,5;986,7;986,2;0;18,8;17;19,1;18,6;17,1;16,9;92;90;91;124;8,5;4,7;
2026/01/09;0100 UTC;0;987;987,2;986,8;0;18,6;17,1;18,6;18,4;17,3;16,9;94;91;93;129;8,6;4,9;
2026/01/09;0200 UTC;0;986,8;987,1;986,5;0;18,4;17,3;18,5;18,3;17,4;17,3;95;94;95;128;8,6;5;
2026/01/09;0300 UTC;0;986,9;987,2;986,5;0;18,1;17,3;18,3;18;17,3;17,2;96;95;96;117;7,3;4,1;
2026/01/09;0400 UTC;0;986,6;987,1;986,2;0;18,3;17,1;18,5;18,1;17,3;17;96;93;94;114;7,9;4,5;
2026/01/09;0500 UTC;0;986,1;986,6;985,8;0;18,4;17,2;18,5;18,3;17,3;17,1;94;93;94;128;6,8;3,9;
2026/01/09;0600 UTC;0;985,4;985,9;984,8;0;18,2;17,1;18,3;18,2;17,2;17,1;95;94;95;125;7,6;4,8;
2026/01/09;0700 UTC;0;984,2;984,7;983,7;0;18,2;17,2;18,2;18,1;17,3;17,1;96;95;95;112;7,1;4,6;
2026/01/09;0800 UTC;0;984,7;985,3;984,1;0;18,2;17,4;18,3;18,2;17,5;17,3;96;96;96;126;5,3;3,1;
2026/01/09;0900 UTC;0;985,1;985,3;984,8;,1;18,4;17,6;18,5;18,3;17,7;17,4;96;96;96;106;7,1;3,9;
2026/01/09;1000 UTC;0;985,5;985,8;985,2;50,5;18,8;17,8;19;18,5;17,9;17,7;96;94;95;129;6;3,5;
2026/01/09;1100 UTC;0;986;986,2;985,8;163,7;19,3;17,9;19,5;19;18;17,8;94;92;93;121;8,2;5,3;
2026/01/09;1200 UTC;0;985,7;986;985,5;160,7;19,7;18;19,8;19,4;18,1;17,8;92;91;92;104;9,3;5,1;
2026/01/09;1300 UTC;0;985,5;985,8;985,3;136,4;20,1;18,3;20,4;19,8;18,5;18,1;92;89;91;102;8,6;4,6;
2026/01/09;1400 UTC;0;985,5;985,8;985,1;176,7;20,6;18,2;20,8;20,4;18,4;18,1;89;87;88;99;9;5,4;
2026/01/09;1500 UTC;,2;985,2;985,4;984,8;257,1;20,8;18,5;21,3;20,2;18,9;18,2;93;85;88;119;8,1;5;
2026/01/09;1600 UTC;0;984,5;985;984,1;311,1;20,7;18,8;21,1;20,2;19,1;18,5;94;88;91;118;10,2;6,4;
2026/01/09;1700 UTC;0;983,9;984,1;983,5;177,1;20,7;18,5;20,9;20,5;18,7;18,4;90;88;89;101;9,6;5,9;
2026/01/09;1800 UTC;3,4;983,6;984,6;982,9;57;20,2;19;20,9;19,7;19,3;18,4;98;88;94;115;9,9;5,7;
2026/01/09;1900 UTC;3,8;982,3;982,9;981,8;264,9;20;19,4;20,3;19,7;19,7;19,2;98;96;97;110;12,2;7,2;
2026/01/09;2000 UTC;0;981,6;982,2;981,1;91,8;20;19,3;20,1;19,9;19,5;19,2;97;96;97;104;10,2;5,4;
2026/01/09;2100 UTC;0;981;981,4;980,6;27,8;20;19,4;20,1;19,9;19,5;19,4;98;97;97;116;10;5,9;
2026/01/09;2200 UTC;2,4;980,8;981,3;980,5;3;19,8;19,5;19,9;19,8;19,6;19,4;99;98;99;123;8,7;4,7;
2026/01/09;2300 UTC;11,4;980,8;981,2;979,9;0;19,8;19,7;19,9;19,7;19,9;19,6;100;99;99;126;10,4;5,6;
2026/01/10;0000 UTC;3,4;980,2;980,8;979,2;0;20,2;20,2;20,4;20;20,4;19,9;100;100;100;150;6,1;2,5;
2026/01/10;0100 UTC;0;980;980,5;979,8;0;20,5;20,5;20,6;20,4;20,5;20,4;100;100;100;108;9,4;5,3;
2026/01/10;0200 UTC;,4;980;980,3;979,7;0;20,6;20,5;20,8;20,6;20,6;20,5;100;99;100;80;7,7;5,4;
2026/01/10;0300 UTC;,4;979,4;980,3;978,7;0;21;20,8;21,1;20,8;20,8;20,6;99;98;99;75;10,2;5,9;
2026/01/10;0400 UTC;,2;978,5;979;978;0;21,1;20,7;21,1;21;20,8;20,7;99;98;98;61;7,8;5,1;
2026/01/10;0500 UTC;0;977,8;978,1;977,6;0;20,9;20,7;21;20,9;20,7;20,6;99;98;99;27;6,6;5,1;
2026/01/10;0600 UTC;0;977,1;977,6;976,7;0;20,7;20,6;20,9;20,4;20,8;20,2;100;99;99;19;8,2;6;
2026/01/10;0700 UTC;0;976,6;976,7;976,3;0;20,2;19,8;20,4;20;20,2;19,6;99;97;98;221;9;5,5;
2026/01/10;0800 UTC;0;976,5;976,6;976,3;0;20,1;19,7;20,1;20;19,7;19,6;98;98;98;322;5,8;3,8;
2026/01/10;0900 UTC;0;976,4;976,6;976,3;0;20,2;19,8;20,2;20,1;19,9;19,7;98;97;98;37;6;4,4;
2026/01/10;1000 UTC;0;976,6;976,8;976,4;24,9;20,4;19,8;20,6;20,2;19,9;19,7;99;96;97;105;8,4;5,9;
2026/01/10;1100 UTC;0;976,7;976,8;976,4;150,7;20,9;19,5;21,2;20,6;19,8;19,2;96;91;93;330;11,4;7,2;
2026/01/10;1200 UTC;0;976,8;976,9;976,5;278;21,2;19,5;21,7;20,6;19,9;18,9;96;86;92;329;14;7,5;
2026/01/10;1300 UTC;0;976,6;976,9;976,4;390,9;21,3;19,7;21,8;20,8;20;19,4;96;88;92;330;12,5;8,2;
2026/01/10;1400 UTC;,2;976,3;976,5;976;564,9;22,3;20,3;23;21,4;21,6;19,6;97;85;90;326;12,7;8,6;
2026/01/10;1500 UTC;,2;975,9;976,3;975,6;980,1;23,4;20,5;24,4;22,2;21,2;19,8;93;79;85;328;13,3;9;
2026/01/10;1600 UTC;0;975,6;975,8;975,4;897,7;24,3;20,3;24,8;23,8;20,8;19,9;83;76;80;318;12,3;8,1;
2026/01/10;1700 UTC;0;975,5;975,7;975,3;1022;24,6;20,3;25,4;23,6;21;19,7;83;75;79;320;11,2;8,4;
2026/01/10;1800 UTC;1;975,4;975,5;975,2;887,3;24;21,1;25,4;22,6;22,8;20,3;93;76;86;329;12;7,2;
2026/01/10;1900 UTC;3,4;975,3;975,6;975;614,7;23,4;21,1;24,8;22,4;22,1;20,7;93;83;89;279;7,6;4,4;
2026/01/10;2000 UTC;3;975;975,3;974,8;374,2;22,5;20,9;22,9;21,8;21,8;19,1;96;81;92;271;6,2;3,7;
2026/01/10;2100 UTC;0;974,9;975,1;974,6;329,6;23;18,5;23,8;22,7;19,3;17,8;83;73;77;269;6,5;4,3;
2026/01/10;2200 UTC;0;974,7;975;974,4;366,4;23,3;17,8;24,2;22,6;18,8;17,2;76;69;73;232;7,5;4,6;
2026/01/10;2300 UTC;0;975,3;975,8;974,8;70,8;21,6;17,3;22,6;20,7;17,9;16,6;81;75;78;228;9,8;6,2;
2026/01/11;0000 UTC;0;976;976,4;975,7;0;19,9;16,1;20,7;18,7;16,6;15,6;85;78;81;224;10,8;7,7;
2026/01/11;0100 UTC;0;976,7;976,9;976,4;0;17,7;14,7;18,5;17;15,6;14,2;87;84;85;221;10,4;7,4;
2026/01/11;0200 UTC;0;976,7;976,8;976,6;0;16,6;14,2;17;16,3;14,3;14;89;86;88;229;8,2;5;
2026/01/11;0300 UTC;0;976,8;977;976,6;0;16,3;13,4;16,3;16,2;13,9;13,1;88;84;85;236;8,8;4,8;
2026/01/11;0400 UTC;0;976,6;976,9;976,2;0;16,3;13,2;16,5;16;13,6;13,1;87;83;85;254;5,8;3;
2026/01/11;0500 UTC;0;976,4;976,5;976,2;0;15,6;13,9;16,1;15,3;14,2;13,6;95;88;91;303;5,8;3,4;
2026/01/11;0600 UTC;0;976;976,2;975,8;0;15,3;14,3;15,4;15,1;14,4;14,2;96;95;95;288;5,9;4,3;
2026/01/11;0700 UTC;0;975,8;976;975,7;0;15,5;14,3;15,9;15,1;14,4;14,1;96;91;94;273;6,2;3,8;
2026/01/11;0800 UTC;0;976,1;976,2;976;0;16,1;14,4;16,2;15,9;14,6;14,2;92;91;92;271;7,4;4,4;
2026/01/11;0900 UTC;0;976,3;976,6;975,9;,5;16,2;14,7;16,2;16,2;15;14,4;94;91;93;255;8,1;4,1;
2026/01/11;1000 UTC;0;976,8;977,2;976,5;69,1;16,4;15,1;16,6;16,2;15,4;14,9;94;93;93;268;9,2;4,5;
2026/01/11;1100 UTC;0;977,4;977,6;977,1;210,4;17;15,5;17,3;16,7;15,8;15,2;94;92;93;269;8,9;5,1;
2026/01/11;1200 UTC;0;977,6;977,6;977,4;354,8;17,7;15,9;18,6;17,2;16,3;15,7;93;87;91;265;7,2;4,3;
2026/01/11;1300 UTC;0;977,7;977,9;977,4;414,4;18,6;16,1;18,8;18,5;16,5;15,8;89;86;87;266;6,9;4,1;
2026/01/11;1400 UTC;0;977,8;977,9;977,7;420,5;19;16,6;19,7;18,5;17,2;16,3;90;85;88;269;7,3;4,4;
2026/01/11;1500 UTC;0;977,9;978;977,8;697;19,9;17,1;21,2;19,4;18;16,6;91;80;86;255;6,9;4,3;
2026/01/11;1600 UTC;0;977,8;977,9;977,5;914,8;21,2;17,6;22,4;20,2;18,9;17,1;86;75;82;260;8,3;5,3;
2026/01/11;1700 UTC;0;977,5;977,7;977,3;1516,4;23,2;18,2;24;22,2;19;17,4;80;71;75;241;9,1;5,8;
2026/01/11;1800 UTC;0;977,4;977,5;977,1;1383,4;23,3;18,7;24,5;22,2;19,7;18;84;70;77;249;8;4,2;
2026/01/11;1900 UTC;0;977,1;977,4;976,7;1696,3;24;18,6;24,8;23;19,3;17,9;80;68;73;249;6,6;3,9;
2026/01/11;2000 UTC;1,6;977,2;977,4;976,6;270,7;20,7;19,1;23,9;19,8;19,9;18,2;97;73;92;225;9,9;5,8;
2026/01/11;2100 UTC;0;977,4;977,6;977,2;973,3;22,2;19,5;23,2;20,7;20,3;18,8;95;80;87;188;8;5,2;
2026/01/11;2200 UTC;0;977,8;978;977,5;284,8;21,3;19,3;21,6;21;19,6;19;92;88;90;199;4,7;2,9;
2026/01/11;2300 UTC;,8;978,3;978,8;977,9;32,9;21,2;18,9;21,8;20,5;19,4;18,7;93;86;89;179;9;2,3;
2026/01/12;0000 UTC;1,2;979;979,3;978,7;,3;19,8;18,9;20,3;19,6;19,2;18,3;97;92;96;182;7;3,6;
2026/01/12;0100 UTC;0;979,8;980,2;979,3;0;19,9;18,4;20,2;19,8;18,6;18;94;89;92;182;5,5;3,2;
2026/01/12;0200 UTC;0;980,2;980,3;980,1;0;19,7;18,6;19,9;19,5;18,7;18,4;95;93;95;190;5,1;2,9;
2026/01/12;0300 UTC;0;980,3;980,4;980,3;0;19,3;18,3;19,6;18,8;18,5;18,1;96;94;95;195;4,6;2,6;
2026/01/12;0400 UTC;0;980,3;980,3;980,2;0;19;18;19,1;18,8;18,3;17,9;97;94;95;197;4,4;2,1;
2026/01/12;0500 UTC;0;980,1;980,2;980;0;19;18,3;19;18,8;18,6;17,7;98;94;97;195;4,9;2,9;
2026/01/12;0600 UTC;0;980;980;979,9;0;18,7;17,9;18,9;18,6;18;17,6;97;94;96;174;3,2;1,7;
2026/01/12;0700 UTC;0;979,9;980;979,7;0;18,4;17,9;18,6;18,2;18;17,7;98;96;97;196;4,8;2,7;
2026/01/12;0800 UTC;0;980;980,3;979,8;0;18;17,8;18,2;17,8;17,9;17,7;100;98;99;195;3,7;2,1;
2026/01/12;0900 UTC;0;980,6;980,8;980,3;,5;17,9;17,9;17,9;17,8;17,9;17,8;100;100;100;194;4,8;2,8;
2026/01/12;1000 UTC;0;981,3;981,8;980,9;53,3;18;18;18,2;17,9;18,3;17,9;100;100;100;186;4,6;2,6;
2026/01/12;1100 UTC;0;982;982,1;981,8;203,3;18,4;18,4;19,1;18,1;18,9;18,2;100;98;100;170;4,1;2,3;
2026/01/12;1200 UTC;0;982,4;982,5;982,1;323,1;19,6;18,3;19,9;19,1;19;17,8;99;91;94;164;3,8;2;
2026/01/12;1300 UTC;0;982,4;982,5;982,2;564,9;21;17,9;22,3;19,9;18,7;16,6;91;72;84;173;4,7;2,5;
2026/01/12;1400 UTC;0;982,4;982,5;982,3;646;22,6;17,7;24,2;21,7;18,9;16,7;80;69;75;176;4,2;2,6;
2026/01/12;1500 UTC;0;982,3;982,5;982,1;760,5;23,7;18;24,5;22,8;19,3;17,1;77;67;71;186;5,6;2,7;
2026/01/12;1600 UTC;0;982;982,1;981,8;849;24,4;18,4;25,5;23,6;19,6;17,4;76;66;70;204;6;3,1;
2026/01/12;1700 UTC;0;981,6;981,8;981,4;1201,6;25,3;18,6;26,2;24,3;19,9;17,6;74;60;66;180;6,1;2,5;
2026/01/12;1800 UTC;0;981,1;981,4;981;1349,9;26,1;18,9;27;25,4;20,6;18;69;59;64;164;4,1;2,1;
2026/01/12;1900 UTC;0;980,7;981;980,5;1868,8;26,5;19;27,2;25,7;19,9;18,1;69;57;63;145;4,4;1,4;
2026/01/12;2000 UTC;0;980,3;980,5;980,2;1655,2;26,6;19,1;27,8;25,5;20,1;18,1;67;55;62;102;6,4;3,5;
2026/01/12;2100 UTC;0;980,3;980,3;980,1;1649,3;26,3;19,1;27,6;25,4;20,2;18,4;67;59;64;112;4,9;3;
2026/01/12;2200 UTC;0;980,6;980,7;980,3;950,1;25,5;18,8;26,4;24,6;19,4;18,4;71;62;66;121;4;1,9;
2026/01/12;2300 UTC;0;981;981,1;980,7;204,2;24,1;18,1;25;23,1;18,9;17,6;73;66;70;135;2,4;1,4;
2026/01/13;0000 UTC;0;981,3;981,5;981,1;0;23;17,8;23,4;22,5;17,9;17,6;77;72;74;131;5,2;2,5;
2026/01/13;0100 UTC;0;981,7;981,9;981,4;0;22;18,2;22,5;21,4;18,5;17,9;86;77;81;124;5,3;3,3;
2026/01/13;0200 UTC;0;982,1;982,2;981,9;0;21;18,8;21,4;20,5;18,9;18,5;92;86;89;113;6;3,5;
2026/01/13;0300 UTC;0;982,3;982,4;982,1;0;20,1;18,9;20,5;19,8;19;18,7;94;92;94;113;4,4;3,1;
2026/01/13;0400 UTC;0;981,9;982,1;981,7;0;19,5;18,6;19,8;19,3;18,7;18,5;97;94;95;103;3,9;2,3;
2026/01/13;0500 UTC;0;981,4;981,6;981,2;0;19,3;18,6;19,5;19,2;18,7;18,5;97;96;96;88;2,9;1,9;
2026/01/13;0600 UTC;0;981;981,2;980,9;0;19,1;18,5;19,5;18,7;18,7;18,4;99;95;97;123;2,9;1,7;
2026/01/13;0700 UTC;0;980,8;980,9;980,7;0;18,8;18,7;19;18,7;18,9;18,4;100;98;99;122;3,6;2,2;
2026/01/13;0800 UTC;0;980,8;980,8;980,7;0;18,7;18,6;18,9;18,3;18,8;18,3;100;100;100;145;1,3;,8;
2026/01/13;0900 UTC;0;980,9;981,1;980,8;3,4;18,6;18,7;18,8;18,4;18,8;18,4;100;100;100;105;2,9;2,1;
2026/01/13;1000 UTC;0;981,4;981,9;981;88,7;19;18,7;19,4;18,7;18,9;18,5;100;97;98;171;2,6;1,8;
2026/01/13;1100 UTC;0;982,2;982,5;981,9;216,4;19,4;19,3;19,8;18,9;19,7;18,6;100;98;99;112;2,8;1,8;
2026/01/13;1200 UTC;0;982,7;982,8;982,5;440,7;20,7;19,5;22,9;19,7;20,6;18,9;99;83;94;125;2,6;1,2;
2026/01/13;1300 UTC;0;982,6;982,7;982,5;505,9;23,3;19,1;24,3;22,1;19,9;18,3;87;73;79;224;2,9;1,8;
2026/01/13;1400 UTC;0;982,8;983;982,5;545,7;24,7;18,9;25,4;24,1;20,3;17,9;79;66;71;265;3,3;2,1;
2026/01/13;1500 UTC;0;982,9;983;982,6;690,8;25,4;18,7;26,7;24,6;19,8;17,8;72;59;66;290;4,5;2,3;
2026/01/13;1600 UTC;0;982,4;982,7;982,1;690,9;25,9;19,1;26,9;24,9;21;17,8;73;57;66;260;4,3;1,7;
2026/01/13;1700 UTC;0;982;982,2;981,7;1139,4;26,3;19;27,4;25,3;21;18,2;72;57;64;225;4,2;2,6;
2026/01/13;1800 UTC;0;981,5;981,7;981,3;1489,5;27,1;19,1;27,9;26,1;20,4;17,9;66;53;60;196;4,5;2,3;
2026/01/13;1900 UTC;0;981,1;981,3;980,8;2237,2;27,6;19,2;28,2;26,6;20,7;18,2;64;53;58;236;4,4;2,5;
2026/01/13;2000 UTC;0;980,6;980,8;980,3;2698,9;28,1;19,3;29;27,1;20,4;18,5;63;51;56;142;3,5;1;
2026/01/13;2100 UTC;0;980,2;980,3;980,1;2491,2;28,2;18,8;28,8;27,7;19,9;18;59;48;53;256;1,5;,8;
2026/01/13;2200 UTC;0;980,1;980,1;980;1707,4;28,1;18,9;29,2;27,4;19,5;18,5;58;48;54;207;2,4;1,5;
2026/01/13;2300 UTC;0;980,5;980,9;980,1;198,1;26,3;18,6;27,4;24,5;19,4;18,1;70;56;62;180;1,9;1,2;
2026/01/14;0000 UTC;0;981,5;982;980,9;0;23,9;19,1;24,7;23,2;20;18,2;82;67;76;138;5;2;
2026/01/14;0100 UTC;0;982,5;982,8;982,1;0;23,3;20,1;23,8;22,8;20,1;19,9;86;81;84;122;5,7;3,5;
2026/01/14;0200 UTC;0;982,7;982,9;982,4;0;22,3;19,7;22,7;22,1;20;19,5;88;86;87;97;5,8;3,4;
2026/01/14;0300 UTC;0;982,7;982,9;982,4;0;21,8;19,7;22,2;21,4;19,9;19,5;92;87;90;109;3,2;1,7;
2026/01/14;0400 UTC;0;982,9;983,1;982,6;0;21,4;19,9;21,5;21,3;20;19,7;94;92;93;116;2,1;1,4;
2026/01/14;0500 UTC;0;982,3;982,6;982,1;0;21,5;20;21,7;21,3;20,1;19,9;94;92;93;103;2,8;1,5;
2026/01/14;0600 UTC;0;982;982,2;981,8;0;20,8;19,9;21,3;20,3;20;19,6;97;93;95;104;3;1,8;
2026/01/14;0700 UTC;0;981,9;981,9;981,8;0;20,9;19,9;21,1;20,7;20;19,9;96;94;95;76;3,8;2,9;
2026/01/14;0800 UTC;0;982;982,1;981,8;0;20,8;19,9;21;20,4;20,1;19,8;97;94;96;110;2,8;2;
2026/01/14;0900 UTC;0;982,2;982,4;982,1;3,2;20,3;19,8;20,5;19,9;19,9;19,4;98;96;97;145;1,6;1,1;
2026/01/14;1000 UTC;0;982,9;983,2;982,4;83,9;20,1;19,7;20,9;19,9;20,1;19,4;98;96;98;176;1,9;1,3;
2026/01/14;1100 UTC;0;983,2;983,3;983,2;178,7;22,7;20,5;23,8;20,9;21;20,1;96;84;89;165;3,2;2;
2026/01/14;1200 UTC;0;983,1;983,2;982,9;298,9;24,6;21;25,7;23,9;21,6;20,3;86;77;82;222;3,4;1,9;
2026/01/14;1300 UTC;0;982,9;983;982,8;356,4;26,3;21,3;27;25,5;22,2;20,6;82;70;75;173;3,8;1,9;
2026/01/14;1400 UTC;0;982,7;982,8;982,7;466,6;27,7;20,5;28,4;27,1;21,8;19,2;73;54;64;292;5,4;3,1;
2026/01/14;1500 UTC;0;982,5;982,7;982,3;593,5;28,7;20;29,1;28,2;21,7;18,5;64;52;57;286;6,4;3,3;
2026/01/14;1600 UTC;0;982,2;982,4;982,1;742,8;29,2;20,1;29,6;28,9;21,4;18,8;60;48;55;303;5,8;3,2;
2026/01/14;1700 UTC;0;981,9;982,1;981,5;1243,1;29,7;20,6;30,3;29;21,8;19,6;59;51;55;293;6;3,3;
2026/01/14;1800 UTC;0;981,2;981,5;980,9;1947,3;30,3;20,6;30,8;29,5;21,5;19,7;57;47;52;309;5,1;2,9;
2026/01/14;1900 UTC;0;980,6;980,9;980,2;2526,6;30,7;20,9;31,1;30,2;22;20,2;56;48;51;296;4,2;2,3;
2026/01/14;2000 UTC;0;979,8;980,2;979,5;2698,3;30,6;20,9;31,1;29,9;21,8;19,8;55;48;51;35;3,2;1,8;
2026/01/14;2100 UTC;0;979,4;979,5;979,3;2344,8;30,4;20,9;30,9;29,4;21,6;19,7;55;48;52;145;3,3;1,8;
2026/01/14;2200 UTC;0;979,4;979,5;979,4;1846,5;29,8;20,5;30,2;29,5;20,9;20;57;50;53;32;1,6;1;
2026/01/14;2300 UTC;0;979,5;979,6;979,4;294,1;28,6;20;29,5;27,9;21;19,4;59;54;57;105;1,8;1,4;
2026/01/15;0000 UTC;0;980;980,4;979,6;0;25,2;21,2;27,9;24,1;21,6;19,5;86;58;80;103;5,8;2,9;
2026/01/15;0100 UTC;0;980,5;980,6;980,4;0;23,7;21,6;24,1;23,3;21,6;21,4;91;87;89;117;5,3;3,6;
2026/01/15;0200 UTC;0;980,8;980,9;980,6;0;22,9;21,8;23,3;22,6;21,9;21,6;97;92;95;104;5,1;3;
2026/01/15;0300 UTC;0;980,9;981,1;980,9;0;22,8;21,9;23;22,6;22;21,8;97;95;96;69;5;2,8;
2026/01/15;0400 UTC;0;981;981,1;980,9;0;22,6;21,6;22,7;22,5;21,8;21,3;96;94;95;45;4,5;3,2;
2026/01/15;0500 UTC;0;980,6;980,9;980,4;0;22,4;21,1;22,6;22,1;21,3;21;95;93;94;49;4,1;3,1;
2026/01/15;0600 UTC;0;980,3;980,5;980,1;0;22,1;20,9;22,2;22;21;20,9;95;93;94;42;4,5;3,3;
2026/01/15;0700 UTC;0;980,1;980,2;980;0;21,9;20,9;22;21,7;21,1;20,9;96;94;95;36;4,3;3,3;
2026/01/15;0800 UTC;0;980,2;980,3;980,1;0;21,6;21,1;21,7;21,5;21,3;21;99;96;98;22;4,5;3,4;
2026/01/15;0900 UTC;0;980,5;980,8;980,2;2,1;21,6;21,4;21,6;21,5;21,5;21,2;99;99;99;16;3,2;2,6;
2026/01/15;1000 UTC;0;981;981,2;980,8;79,9;22,2;21,7;23;21,5;21,9;21,4;99;94;98;41;5,4;3,5;
2026/01/15;1100 UTC;0;981,3;981,3;981,1;179,5;23,8;21,8;24,7;22,9;22,1;21,6;94;85;90;119;5,3;3,8;
2026/01/15;1200 UTC;0;981,1;981,2;981;285;25,8;22;27;24,7;22,7;21,3;86;75;81;46;4,8;3,2;
2026/01/15;1300 UTC;0;981,1;981,1;981;364,6;28,2;22,4;29,6;27;23,1;21,7;78;61;71;125;8,3;4,7;
2026/01/15;1400 UTC;0;981,1;981,2;981;435,1;30,2;22,1;30,7;29,5;22,6;21,4;65;55;60;320;9,7;5,8;
2026/01/15;1500 UTC;0;980,8;981,2;980,4;562;31,2;21,9;31,7;30,7;22,9;20,6;59;46;54;329;9,6;6,6;
2026/01/15;1600 UTC;0;980,2;980,5;979,8;712,7;31,8;21;32,2;31,5;22;20;52;41;46;318;8,9;6;
2026/01/15;1700 UTC;0;979,7;980;979,4;1384,5;32,1;21,1;32,4;31,2;21,9;20,4;49;41;45;327;9,3;6,3;
2026/01/15;1800 UTC;0;979,3;979,6;978,9;1602;31,9;21;33;31,2;21,7;20,3;50;38;45;310;7,9;5,3;
2026/01/15;1900 UTC;0;978,9;979;978,8;1837,4;31,7;21,4;33;30,8;22,3;20,5;54;42;48;305;9,6;5,7;
2026/01/15;2000 UTC;0;978,7;979;978,3;2002,8;31,8;21,7;32,6;30,9;22,5;21;56;45;50;299;6;4,2;
2026/01/15;2100 UTC;1,4;978,6;979,2;978,3;453,4;30,1;20,8;32;25,8;21,9;20,1;75;45;53;272;8,6;3,2;
2026/01/15;2200 UTC;,2;979,7;980,2;979,2;40,6;25,1;20,2;25,8;24,3;21,1;19,6;82;72;76;171;5,4;1,6;
2026/01/15;2300 UTC;0;979,6;979,9;979,3;12,3;24,5;21;25,1;24,1;21,9;19,3;87;74;82;212;2,9;1,5;
2026/01/16;0000 UTC;0;979,7;979,9;979,4;0;24,7;19,2;25,8;24,3;20,2;18,6;76;65;72;237;1,4;,9;
2026/01/16;0100 UTC;0;980;980,2;979,7;0;24,6;18,6;25;24,2;19,6;18,1;76;67;70;205;3,9;2,7;
2026/01/16;0200 UTC;0;980,5;980,9;980,1;0;25,5;18,5;26,1;24,9;18,9;17,9;69;60;65;232;4,8;3,1;
2026/01/16;0300 UTC;0;981,1;981,2;980,9;0;26,5;18,1;26,9;25,8;18,4;17,3;61;53;58;219;5,6;4,1;
2026/01/16;0400 UTC;0;981;981,3;980,6;0;25,6;17,2;26,6;23,7;18,5;16,6;74;52;58;186;3,7;1,2;
2026/01/16;0500 UTC;0;980,4;980,7;980,2;0;23,5;18,2;24,2;22,8;18,7;17,3;78;67;74;186;1,6;,9;
2026/01/16;0600 UTC;0;979,7;979,7;979,7;0;23;17,6;23;23;17,6;17,6;73;73;73;202;3,2;2,2;
2026/01/16;0700 UTC;0;979,4;979,4;979,4;0;23;17,9;23;23;17,9;17,9;74;74;74;180;2,5;1,7;
2026/01/16;0800 UTC;0;980,4;980,4;980,4;0;22,5;18,2;22,5;22,5;18,2;18,2;79;79;79;196;1,8;1,3;
2026/01/16;0900 UTC;0;980,8;980,8;980,8;10,2;22,9;18,3;22,9;22,9;18,3;18,3;77;77;77;185;1,8;1,4;
2026/01/16;1000 UTC;0;981,4;982;980,8;45,7;22,4;18,9;22,9;21,7;20,2;18;92;76;83;212;7,6;5;
2026/01/16;1100 UTC;0;983,1;983,1;983,1;43,4;20,9;20,6;20,9;20,9;20,6;20,6;98;98;98;192;9,1;5,3;
2026/01/16;1200 UTC;0;983,2;983,2;983,2;53,7;20,4;20,3;20,4;20,4;20,3;20,3;100;100;100;177;6,5;4,7;
2026/01/16;1300 UTC;0;983,4;983,4;983,4;270,9;20,7;20,6;20,7;20,7;20,6;20,6;99;99;99;156;5;2,8;
2026/01/16;1400 UTC;0;983,9;983,9;983,9;691,4;22,8;21,2;22,8;22,8;21,2;21,2;92;92;92;140;4,6;3;
2026/01/16;1500 UTC;0;983,8;983,8;983,8;695,3;24,7;21,3;24,7;24,7;21,3;21,3;83;83;83;154;6,5;3,2;
2026/01/16;1600 UTC;0;983,7;983,8;983,5;908,7;25,1;21;25,9;24;21,9;20,2;88;73;80;145;7,2;3,4;
2026/01/16;1700 UTC;0;983,3;983,6;982,9;1141,7;25,9;21;27;24,9;21,8;20,2;79;70;75;143;8,4;4;
2026/01/16;1800 UTC;0;983;983,3;982,7;1268,2;25,9;20,7;26,4;24,9;21,7;19,9;79;69;74;153;7,8;3,9;
2026/01/16;1900 UTC;0;983;983,2;982,7;1106,6;26;20,1;26,3;25,6;20,9;19,5;74;68;71;150;5,3;2,8;
2026/01/16;2000 UTC;0;983,2;983,3;983;635,6;25,5;20,1;26;25;20,5;19,6;76;70;73;145;6;3,2;
2026/01/16;2100 UTC;0;982,9;983,1;982,7;618,9;25;19,6;25,7;24,5;20,2;19,2;76;71;73;151;5,4;2,6;
2026/01/16;2200 UTC;0;983;983,3;982,8;348,7;24;16,8;24,7;23;19,4;14,7;74;58;64;147;4,6;2,3;
2026/01/16;2300 UTC;0;983,6;983,9;983,3;46,8;22,3;14,5;23;21,4;15,1;13,8;64;58;61;147;4,6;2,4;
2026/01/17;0000 UTC;0;984,1;984,3;983,9;0;21;13,1;21,7;20,6;13,7;12,6;62;58;60;139;5,5;3,2;
2026/01/17;0100 UTC;0;984,3;984,4;984,1;0;20,1;13,4;20,7;19,6;13,8;12,8;71;61;67;134;6,9;3,8;
2026/01/17;0200 UTC;0;984,5;984,6;984,4;0;19,4;14,3;19,8;19;14,6;13,9;78;71;74;134;5,8;3,6;
2026/01/17;0300 UTC;0;984,2;984,4;984;0;18,6;14,9;18,9;18,3;15,3;14,5;85;78;82;126;6;3,7;
2026/01/17;0400 UTC;0;984;984,2;983,7;0;18,1;15,6;18,3;17,9;15,7;15,3;89;85;87;135;5,7;3,5;
2026/01/17;0500 UTC;0;983,4;983,7;983,1;0;17,8;15,7;18;17,6;15,9;15,5;91;88;89;134;5;3;
2026/01/17;0600 UTC;0;982,7;983;982,3;0;17,7;16,3;17,9;17,5;16,8;15,9;95;91;93;125;6,7;3,7;
2026/01/17;0700 UTC;0;982,3;982,6;982,2;0;17,8;17,1;18;17,7;17,7;16,7;99;94;97;132;4,6;2,2;
2026/01/17;0800 UTC;0;982,9;983;982,6;0;18,2;17,7;18,3;18,1;17,8;17,5;99;97;97;147;4,2;2;
2026/01/17;0900 UTC;0;982,7;982,9;982,6;1,5;18;17,5;18,3;17,6;17,8;17,3;98;97;97;161;4,1;1,7;
2026/01/17;1000 UTC;0;983;983,1;982,8;63;17,8;17,6;18,4;17,5;18;17,2;99;98;99;138;2,9;1,6;
2026/01/17;1100 UTC;0;982,9;983;982,8;212,5;19,2;18;20,5;18,4;18,6;17,8;98;88;94;129;4,1;2,6;
2026/01/17;1200 UTC;0;982,9;983,1;982,6;338,9;21,5;18,5;22,3;20,7;19,2;18;90;81;85;98;4,9;2,9;
2026/01/17;1300 UTC;0;982,4;982,6;982,2;408,7;23;19;24;21,9;19,8;18,5;86;75;80;107;4;2,1;
2026/01/17;1400 UTC;0;982,5;982,6;982,4;572,4;24,6;19,6;25,5;23,6;20,9;18,3;80;71;75;70;4,5;2,2;
2026/01/17;1500 UTC;0;982,3;982,5;982,1;656,3;25,2;19,6;26,1;24,7;20,4;19;78;68;72;142;3,2;1,5;
2026/01/17;1600 UTC;0;982;982,1;981,6;818,7;26,2;19,3;27,5;25,4;20,8;18,4;71;58;66;123;5,3;2,5;
2026/01/17;1700 UTC;0;981,3;981,6;980,9;1216,1;26,9;19,4;27,9;26,3;20,3;18,8;67;58;63;126;4,9;2,8;
2026/01/17;1800 UTC;0;980,5;980,9;980,2;981,2;27,2;19,8;27,8;26,8;20,8;19;68;60;63;110;4;2,2;
2026/01/17;1900 UTC;0;979,8;980,2;979,3;1259,8;27,4;19,8;28,1;26,8;20,9;19,3;68;57;62;97;5,1;2,7;
2026/01/17;2000 UTC;0;978,6;979,3;978;2339,5;27,9;20;28,8;26,7;21,1;19,2;67;56;61;109;5,2;2,5;
2026/01/17;2100 UTC;0;977,8;978;977,6;1826,6;27,5;20,2;28,3;26,3;20,8;19,7;69;60;64;109;5,2;2,8;
2026/01/17;2200 UTC;0;977,5;977,6;977,4;1066,4;26,8;19,9;27,4;26,2;20,3;19,5;69;61;65;123;3,7;1,9;
2026/01/17;2300 UTC;0;977,7;977,9;977,6;122,2;25,6;19,7;26,8;24,5;20;19,5;75;65;70;127;2,5;1,5;
2026/01/18;0000 UTC;0;978,2;978,6;977,9;0;24,5;19,2;24,7;24,2;19,6;18,9;77;71;74;128;3,9;2;
2026/01/18;0100 UTC;0;979;979,2;978,6;0;23,9;19,7;24,4;23,3;20,3;19,2;85;74;79;101;4,2;2,1;
2026/01/18;0200 UTC;0;979,3;979,5;979;0;23;20,3;23,3;22,7;20,4;20,1;87;85;87;97;4,9;2,8;
2026/01/18;0300 UTC;0;979,4;979,7;979,2;0;22,4;20,1;22,7;22,1;20,2;20,1;90;87;88;104;3,6;2,1;
2026/01/18;0400 UTC;0;979,5;979,6;979,4;0;22;20,2;22,1;21,9;20,3;20,1;92;90;91;104;3,5;2;
2026/01/18;0500 UTC;0;979,2;979,4;979;0;21,8;20,4;21,9;21,6;20,5;20,3;94;92;93;63;3,4;2,4;
2026/01/18;0600 UTC;0;978,9;979,2;978,7;0;21,8;20,3;22;21,5;20,4;20,2;94;92;93;37;3,2;2,8;
2026/01/18;0700 UTC;0;978,3;978,7;978;0;21,5;20,2;21,6;21,4;20,3;20,1;94;93;94;44;3,1;2,4;
2026/01/18;0800 UTC;0;978,1;978,2;978;0;21,3;20,2;21,6;21,2;20,3;20;95;93;94;61;3,3;2,7;
2026/01/18;0900 UTC;0;978,6;979;978,1;2;21;20;21,3;20,7;20,2;19,9;97;94;95;12;2;1,8;
2026/01/18;1000 UTC;0;979,2;979,4;979;76,8;21,3;20,2;21,9;20,8;20,5;20;97;92;94;15;2,7;2;
2026/01/18;1100 UTC;0;979,3;979,5;979,1;176,4;23,1;20,7;24,5;21,9;21,4;20,2;92;82;88;257;2,8;1,6;
2026/01/18;1200 UTC;0;979,5;979,6;979,4;297,1;25;21,5;25,6;24,4;22;20,9;85;79;83;210;4,7;2,9;
2026/01/18;1300 UTC;0;979,4;979,5;979,4;373,7;26,1;20,8;26,9;25,7;22;18,3;81;59;74;201;5;2,9;
2026/01/18;1400 UTC;0;979,7;979,9;979,5;435,8;27,5;20,2;28,3;26,8;21,5;18,4;73;51;64;181;6,1;3,5;
2026/01/18;1500 UTC;0;979,9;980;979,8;514,2;28,5;19,1;29,1;27,7;20,5;17,5;61;44;53;170;6,7;3,4;
2026/01/18;1600 UTC;0;980;980;979,9;660,3;29,3;19,2;29,8;28,5;20,7;17,7;58;40;49;174;7,6;3,9;
2026/01/18;1700 UTC;0;980,2;980,4;980;919,5;27,6;19,6;29,4;24,7;21,2;18,4;76;52;60;156;7,5;3,2;
2026/01/18;1800 UTC;0;979,8;980,1;979,5;1791,7;29,1;19,9;29,9;28,3;21,3;19;58;50;54;175;8,6;3,8;
2026/01/18;1900 UTC;0;979,7;980;979,4;750,4;26;19,6;28,9;24,4;20,4;19,1;75;52;68;144;8,8;4,9;
2026/01/18;2000 UTC;0;980,4;981,1;979,8;272,3;23,6;18,1;24,4;23,4;20;16,5;82;65;72;145;10,1;4,8;
2026/01/18;2100 UTC;0;981,3;981,5;981;744,7;22,6;16,7;23,6;22;17,4;16,2;74;66;70;154;10,6;5,6;
2026/01/18;2200 UTC;0;982,1;982,7;981,2;257,5;21;16,3;22,5;19,7;16,7;16;82;70;76;167;12;6,5;
2026/01/18;2300 UTC;0;983,3;983,9;982,5;4,8;18,8;15,6;19,6;18,4;16,2;14,7;86;81;84;162;9,3;4,7;
2026/01/19;0000 UTC;0;984,7;985,4;983,8;0;18,4;14,1;18,6;18,2;14,6;13,7;80;77;79;160;7,8;3,9;
2026/01/19;0100 UTC;0;986;986,6;985,4;0;17,5;12,6;18,2;16,3;13,8;11,4;79;73;76;173;7,3;3,6;
2026/01/19;0200 UTC;;;;;;;;;;;;;;;;;;
2026/01/19;0300 UTC;0;987,7;988;987,4;0;14,8;10,7;15,4;14,2;11;10,6;82;77;80;173;6,6;3,5;
2026/01/19;0400 UTC;0;988;988,1;987,8;0;13,9;10,3;14,2;13,5;10,6;9,9;83;81;82;180;6,6;3,8;
2026/01/19;0500 UTC;0;987,5;987,8;987,4;0;13,1;9,6;13,5;12,7;9,9;9,1;83;82;82;178;6,2;3,7;
2026/01/19;0600 UTC;0;987,2;987,5;986,9;0;12,6;8,6;12,8;12,3;9,1;8,3;82;79;80;176;6,6;4,3;
2026/01/19;0700 UTC;0;986,9;987;986,8;0;12;7,9;12,3;11,6;8,3;7,6;81;79;80;178;6,4;3,6;
2026/01/19;0800 UTC;0;986,9;986,9;986,8;0;11,5;7,4;11,6;11,3;7,7;7,1;81;78;80;180;7,1;4,4;
2026/01/19;0900 UTC;0;987,2;987,5;986,9;1,3;11,2;7,1;11,5;11;7,2;7;81;78;79;182;6,6;3,7;
2026/01/19;1000 UTC;0;987,7;987,9;987,5;85,8;11,6;7,3;12,6;11,1;7,7;7,1;81;75;78;176;9,2;4,3;
2026/01/19;1100 UTC;0;988,3;988,6;987,9;231,7;13,8;8,2;14,9;12,6;8,9;7,5;75;69;72;174;8,2;4,7;
2026/01/19;1200 UTC;0;988,9;989,1;988,5;349,3;15,9;9,7;17,4;14,9;11;8,8;71;66;69;175;7,9;3,9;
2026/01/19;1300 UTC;0;989,1;989,3;988,9;443,2;17,7;10,8;18,5;17,1;11,5;10,3;69;63;66;169;7,9;3,9;
2026/01/19;1400 UTC;0;989,3;989,4;989,1;644,2;19,1;11,4;19,9;18,1;12,7;10,5;67;57;62;161;7,1;4,1;
2026/01/19;1500 UTC;0;989,2;989,4;988,9;702,4;20,1;11,6;21,2;19,2;12,9;10,6;62;52;57;146;8,3;4,3;
2026/01/19;1600 UTC;0;988,9;989,1;988,6;826,4;21,1;12,1;21,9;20,1;13,3;11;60;49;55;154;7,7;4,3;
2026/01/19;1700 UTC;0;988,5;988,7;988,2;1368,3;21,6;12,4;22,3;20,5;13,3;11,3;59;50;54;149;8;4,3;
2026/01/19;1800 UTC;0;988,1;988,4;987,9;1449,3;21,6;12,5;22,7;20,5;13,8;11,5;59;49;54;140;10,3;4,9;
2026/01/19;1900 UTC;0;987,7;988;987,3;2396,6;22,5;12,3;23,2;21,5;13,9;11,3;55;43;49;134;8,1;4,6;
2026/01/19;2000 UTC;0;987,1;987,3;986,9;1943,1;22;11,3;23,1;21;12,5;10,3;50;41;46;139;6,7;3,3;
2026/01/19;2100 UTC;0;986,9;987,1;986,6;2177,1;21,6;10,8;22,6;20,7;11,4;10,4;51;43;46;129;7,9;4,2;
2026/01/19;2200 UTC;0;987;987,1;986,8;1674,3;20,7;10,4;21,5;19,7;11;10,1;53;45;49;123;7,1;4,5;
2026/01/19;2300 UTC;0;987,2;987,3;987;129,6;18,5;9,9;19,7;17,4;10,3;9,4;61;52;57;131;5,3;3,1;
2026/01/20;0000 UTC;0;987,4;987,6;987,2;0;16,9;9,1;17,4;16,5;9,6;8,5;62;59;61;134;6,8;3,9;
2026/01/20;0100 UTC;0;987,7;987,9;987,5;0;16,2;8,9;16,5;15,7;9,1;8,7;67;61;64;130;6,2;3,3;
2026/01/20;0200 UTC;0;988;988,2;987,8;0;15,4;9,1;15,7;15;9,2;9;70;67;68;115;5;2,9;
2026/01/20;0300 UTC;0;988,3;988,4;988,1;0;14,6;9,2;15;14,2;9,3;9,1;75;70;73;121;4;2,7;
2026/01/20;0400 UTC;0;988,3;988,5;988,1;0;14,6;9,4;14,8;14,3;9,7;9,2;76;73;74;128;4,6;2,6;
2026/01/20;0500 UTC;0;987,9;988,1;987,6;0;14,1;9,8;14,5;13,1;10;9,6;83;76;79;153;4,1;2;
2026/01/20;0600 UTC;0;987,7;987,8;987,6;0;12,7;9,8;13;12,5;10;9,5;87;83;85;178;3,4;2,2;
2026/01/20;0700 UTC;0;987,7;987,8;987,6;0;12,9;10;13,4;12,4;10,2;9,9;88;84;86;166;3,5;2;
2026/01/20;0800 UTC;0;987,7;987,9;987,6;0;13,1;10,2;13,4;12,6;10,3;10,1;89;84;86;189;2,7;2;
2026/01/20;0900 UTC;0;988;988,2;987,8;,9;12,5;10,3;12,8;12,2;10,4;10,3;91;88;89;190;2,8;2,1;
2026/01/20;1000 UTC;0;988,3;988,4;988,2;78,9;13,7;10,7;14,9;12,8;11,4;10,4;88;82;85;179;3,4;1,9;
2026/01/20;1100 UTC;0;988,6;988,7;988,4;208,6;15,9;12;17;15;12,7;11,4;83;77;81;170;3,9;2,5;
2026/01/20;1200 UTC;0;988,7;988,7;988,6;315,7;18,3;12,8;19,5;17,1;13,6;12,2;78;63;73;143;4,1;2,3;
2026/01/20;1300 UTC;0;988,5;988,6;988,3;416,1;20,1;12,8;20,9;19,3;13,6;11,7;71;55;64;117;6,4;3,9;
2026/01/20;1400 UTC;0;988,4;988,5;988,3;478,7;21,3;11,9;21,8;20,8;13;10,1;60;44;53;129;5,4;2,5;
2026/01/20;1500 UTC;0;988,1;988,3;987,7;603,8;22,1;11,6;22,8;21,2;13;10,7;53;44;47;125;8;3,4;
2026/01/20;1600 UTC;0;987,7;987,9;987,4;742,7;22,8;12,3;23,3;21,8;13,6;11;54;42;47;109;5,9;3,3;
2026/01/20;1700 UTC;0;987,1;987,5;986,8;953,7;23,1;12,5;24,1;22,5;14,2;11,4;53;43;47;105;6,3;3,8;
2026/01/20;1800 UTC;0;986,5;986,9;986;1696,4;23,8;12,7;24,8;22,6;14,1;11,7;49;40;45;113;5,2;3;
2026/01/20;1900 UTC;0;986;986,2;985,7;1710,4;24;13,5;25,2;23,2;14,8;12,5;52;42;48;127;7,2;3,7;
2026/01/20;2000 UTC;0;985,5;985,7;985,3;1711,5;23,5;13,9;24,4;22,3;15;13;55;49;52;115;7,6;4,3;
2026/01/20;2100 UTC;0;985,2;985,4;985,1;1964,6;23,4;13,8;24,5;22,3;14,7;13,2;56;45;52;123;7,2;4,4;
2026/01/20;2200 UTC;0;985,4;985,6;985,2;1327,1;21,9;13,6;22,8;21,3;14,1;13,2;62;53;59;101;7,6;4,1;
2026/01/20;2300 UTC;0;985,7;985,9;985,5;124,4;20,1;12,9;21,3;19;13,4;12,7;68;60;64;110;5,6;3,4;
2026/01/21;0000 UTC;;;;;;;;;;;;;;;;;;
2026/01/21;0100 UTC;0;986,9;987,2;986,6;0;17,3;12,5;17,6;16,8;12,7;12,3;78;74;76;104;4,5;2,7;
2026/01/21;0200 UTC;0;987,3;987,4;987,2;0;16,4;12,2;16,7;16;12,4;12;80;78;79;106;5,6;3,3;
2026/01/21;0300 UTC;0;987,5;987,7;987,4;0;15,7;11,8;16;15,6;12;11,5;81;79;80;110;5,2;3,3;
2026/01/21;0400 UTC;0;987,6;987,7;987,4;0;15,5;11,4;15,7;15,4;11,5;11,3;80;79;79;105;5;3;
2026/01/21;0500 UTC;0;987,2;987,4;987;0;15,3;11,2;15,6;14,9;11,3;11,1;81;78;79;104;4,4;2,6;
2026/01/21;0600 UTC;0;986,9;987;986,8;0;14,8;11;15;14,5;11,1;10,9;82;80;81;99;4,5;2,5;
2026/01/21;0700 UTC;0;986,8;986,9;986,8;0;14,6;10,9;14,9;14,3;10,9;10,8;82;80;81;104;3,3;2,2;
2026/01/21;0800 UTC;0;986,9;987,1;986,9;0;14,5;10,7;14,7;14,3;10,8;10,6;82;80;81;109;3,8;2,4;
2026/01/21;0900 UTC;0;987,3;987,5;987,1;,8;14,5;10,6;14,7;14,3;10,7;10,5;82;79;81;105;3,4;2,4;
2026/01/21;1000 UTC;0;987,6;987,8;987,5;75,9;15,4;10,8;16,4;14,6;11,4;10,5;80;74;77;103;3,5;2,1;
2026/01/21;1100 UTC;0;987,8;987,9;987,7;208,3;17,4;11,7;18,5;16,5;12,4;11,2;75;67;72;97;5,4;2,7;
2026/01/21;1200 UTC;0;988;988,1;987,9;310,9;19;12,4;19,8;18,4;13,3;11,8;70;64;67;85;6,3;4,1;
2026/01/21;1300 UTC;0;987,9;988;987,8;531,9;20,5;13,5;21,7;19,3;14,3;12,9;70;58;65;70;8,3;4,8;
2026/01/21;1400 UTC;;;;;;;;;;;;;;;;;;
2026/01/21;1500 UTC;0;987,4;987,5;987,2;4215,3;23,5;13,7;23,8;23,1;14,4;12,6;55;47;51;90;7,6;4;
2026/01/21;1600 UTC;0;987;987,3;986,8;3415,7;23,6;13,6;24,5;23;14,8;12,8;55;45;50;90;8,5;4,4;
2026/01/21;1700 UTC;0;986,5;986,8;986,2;3201,2;24,2;13,5;24,9;23,3;14,7;12,4;53;42;47;93;9,3;4,6;
2026/01/21;1800 UTC;0;985,9;986,3;985,5;3316,2;25;13,8;25,5;24,2;14,9;12,8;48;39;44;114;7,7;3,8;
2026/01/21;1900 UTC;0;985,3;985,5;985;2706,5;25,2;13,9;26;24,1;14,8;13,2;47;40;43;94;7,4;3,8;
2026/01/21;2000 UTC;0;984,7;985;984,3;2449,7;25,6;14,2;26,3;24,9;15,3;13,3;47;40;43;94;9,8;4,6;
2026/01/21;2100 UTC;0;984,5;984,6;984,3;1400,4;24,8;13,9;25,5;23,8;14,6;13,3;48;43;45;116;8,6;4,9;
2026/01/21;2200 UTC;0;984,6;984,8;984,4;752,7;24,1;13,8;24,7;23,3;14,2;13,5;52;45;48;114;7,9;4,5;
2026/01/21;2300 UTC;0;985,1;985,5;984,8;82,6;21,7;13,5;23,2;20,6;13,9;13;63;53;59;97;6,4;3,7;
2026/01/22;0000 UTC;0;985,7;985,9;985,4;0;19,9;13;20,7;19,4;13,1;12,9;68;62;65;97;7,1;4,2;
2026/01/22;0100 UTC;0;986,1;986,3;985,9;0;18,7;13,3;19,4;18,1;13,4;13,1;76;69;73;102;6,1;3,2;
2026/01/22;0200 UTC;0;986,4;986,5;986,3;0;18;13,3;18,2;17,8;13,4;13,2;77;76;77;95;6,1;3,5;
2026/01/22;0300 UTC;0;986,5;986,6;986,5;0;17,4;13;17,8;17,1;13,2;12,8;79;77;78;97;6,2;3,5;
2026/01/22;0400 UTC;0;986,4;986,6;986,3;0;16,9;12,9;17,1;16,7;13;12,8;81;78;80;96;5,8;3;
2026/01/22;0500 UTC;0;986,3;986,4;986,2;0;16,6;13;16,8;16,3;13,1;13;84;81;82;99;4,8;2,8;
2026/01/22;0600 UTC;0;986,2;986,3;986;0;16;13,2;16,3;15,7;13,3;13,1;88;84;86;100;4,6;2,6;
2026/01/22;0700 UTC;0;986;986,1;985,9;0;16;13,5;16,2;15,8;13,6;13,3;89;87;87;95;4,1;2,4;
2026/01/22;0800 UTC;0;986,1;986,4;986;0;15,8;13,7;15,9;15,5;13,8;13,6;91;89;90;93;4;2;
2026/01/22;0900 UTC;0;986,5;986,7;986,3;1,7;15,2;13,9;15,5;15,1;14,1;13,7;94;91;93;121;4;2,8;
2026/01/22;1000 UTC;0;986,9;987,1;986,8;277;16,2;14,4;17;15,5;14,7;14,1;94;88;91;111;5;3,2;
2026/01/22;1100 UTC;0;987,3;987,5;987,1;1067,8;17,9;15;19;17;15,4;14,7;89;82;85;108;5,2;2,8;
2026/01/22;1200 UTC;0;987,2;987,4;986,9;1806,4;19,8;15,5;20,7;19,1;16;15;82;74;78;79;6,8;4,4;
2026/01/22;1300 UTC;0;987;987,2;986,7;2716,1;22,2;15,4;23,4;20,6;16,1;14,6;77;58;66;54;7,2;4,9;
2026/01/22;1400 UTC;0;986,6;986,8;986,4;3336,1;24,2;15,7;25;23,3;16,3;15,1;63;52;57;64;8;5;
2026/01/22;1500 UTC;0;986,3;986,5;986,1;3709,7;25,6;16,4;26,5;24,8;17,8;15,4;59;48;54;48;7,5;4,5;
2026/01/22;1600 UTC;0;986;986,2;985,9;3626,7;26,4;16,2;27,5;25,1;17,3;14,8;56;39;49;82;4,6;2,7;
2026/01/22;1700 UTC;0;985,7;985,9;985,3;3936;27,5;16,1;27,9;26,7;17,1;15,2;49;38;43;71;5,6;2;
2026/01/22;1800 UTC;0;984,9;985,3;984,5;3608,5;28;16,9;28,5;27,3;17,6;15,9;49;40;44;78;5,1;2,6;
2026/01/22;1900 UTC;0;984,2;984,5;983,8;3050,7;28,5;17,4;29;27,6;18,8;16,4;50;40;45;79;6,5;2,5;
2026/01/22;2000 UTC;0;983,8;984;983,5;1681,9;28;17;28,7;27,2;17,9;16,3;49;41;45;89;6,8;4,1;
2026/01/22;2100 UTC;0;983,5;983,6;983,3;1447;28,1;17,3;28,6;27;17,9;16,4;50;41;46;119;5,6;3,4;
2026/01/22;2200 UTC;0;983,4;983,6;983,3;704,5;27,1;17,1;27,9;26;17,8;16,7;56;47;50;111;6,8;4;
2026/01/22;2300 UTC;0;983,9;984,3;983,6;86,4;24,4;17,3;25,9;23,2;17,4;17,1;70;57;64;98;8,2;4,7;
2026/01/23;0000 UTC;0;984,7;985,1;984,3;0;22,3;17;23,1;21,6;17,2;16,7;76;70;73;97;7,3;4;
2026/01/23;0100 UTC;0;985,4;985,6;985,1;0;21,1;16,5;21,6;20,6;16,8;16,3;79;75;77;77;8,9;5,2;
2026/01/23;0200 UTC;0;985,9;986,1;985,7;0;20;16,1;20,6;19,4;16,3;16;83;78;80;65;7,8;5,1;
2026/01/23;0300 UTC;0;986,4;986,5;986,1;0;19,1;15,6;19,5;18,6;16;15,2;83;80;82;52;6,5;4,5;
2026/01/23;0400 UTC;0;986,6;986,8;986,5;0;18,4;15;18,6;18,1;15,2;14,8;84;82;83;59;6,3;4,3;
2026/01/23;0500 UTC;0;986,6;986,7;986,5;0;18;14,9;18,2;17,7;15;14,8;86;83;84;50;6;4;
2026/01/23;0600 UTC;0;986,4;986,6;986,2;0;17,7;14,9;17,9;17,5;14,9;14,8;87;85;86;55;7;4,8;
2026/01/23;0700 UTC;0;986,2;986,3;986;0;17,5;14,9;17,7;17,2;15;14,9;89;86;87;55;6,1;4;
2026/01/23;0800 UTC;0;986,5;987;986,2;0;17,1;15;17,3;17;15;14,9;90;88;89;67;4,9;3,3;
2026/01/23;0900 UTC;0;987,3;987,5;987;1,9;17,1;15;17,2;17;15,1;15;91;89;90;72;4,6;3,3;
2026/01/23;1000 UTC;0;987,6;987,8;987,4;262,7;17,4;15,2;17,9;16,9;15,5;15,1;91;88;89;70;5,3;3,6;
2026/01/23;1100 UTC;0;987,9;988;987,7;1036;18,9;15,7;19,7;18;16;15,5;88;80;84;66;7,1;4,3;
2026/01/23;1200 UTC;0;988,1;988,3;987,9;1767,2;20,4;16,1;21,4;19,5;16,9;15,6;82;74;79;56;7,2;5,2;
2026/01/23;1300 UTC;0;988;988,2;987,8;2677,2;22,3;16,4;23,5;21,3;17,2;15,9;76;66;71;70;7,1;4,4;
2026/01/23;1400 UTC;0;987,9;988;987,7;3241;24,2;16,7;25,3;23,1;17,6;16;69;54;62;76;7,3;4,9;
2026/01/23;1500 UTC;0;987,6;987,9;987,4;3402;25,4;16,5;26,5;24,7;18,7;15,7;62;50;55;102;9,2;3,4;
2026/01/23;1600 UTC;0;987,1;987,5;986,7;3486,2;26,1;16,6;26,9;25,2;17,5;15,6;57;48;53;62;7,1;4,6;
2026/01/23;1700 UTC;0;986,6;986,8;986,4;3899,7;26,7;16,7;27,5;26,2;17,8;15,6;55;44;50;121;6;2,7;
2026/01/23;1800 UTC;0;986,2;986,4;986;3463,1;27,4;17;28,2;26,6;18,5;16;55;44;48;83;6,3;3,6;
2026/01/23;1900 UTC;0;985,6;986;985,2;2857,8;27,7;17;28,2;26,5;17,8;16;52;43;47;61;6,9;4,1;
2026/01/23;2000 UTC;0;985,1;985,2;984,9;2338,7;27,9;17,2;28,5;26,8;18;16,5;50;43;47;89;6,5;3,3;
2026/01/23;2100 UTC;0;984,9;985,1;984,7;1382,3;27,3;17;28,2;26;17,6;16,3;53;45;49;96;5,7;3,1;
2026/01/23;2200 UTC;0;984,8;985;984,7;708,8;26,5;16,9;27,3;25,6;17,2;16,6;57;47;52;100;5,6;2,8;
2026/01/23;2300 UTC;0;985;985,4;984,8;83,6;24,1;16,6;25,5;23;17;16,3;67;57;62;104;6,4;3,6;
2026/01/24;0000 UTC;0;985,6;985,9;985,4;0;22,1;16,3;23;21,4;16,4;16,2;74;66;71;104;7,4;3,8;
2026/01/24;0100 UTC;0;986,1;986,3;985,9;0;20,8;16,2;21,5;20,3;16,3;16,1;79;74;77;97;7,2;4,4;
2026/01/24;0200 UTC;0;986,3;986,5;986,1;0;19,8;16,3;20,3;19,4;16,3;16,2;84;79;82;90;7,3;4;
2026/01/24;0300 UTC;0;986,7;986,8;986,5;0;19;16,2;19,4;18,5;16,3;16;88;84;86;75;6,5;3,7;
2026/01/24;0400 UTC;0;986,7;986,9;986,5;0;18,3;15,9;18,5;18;16,1;15,7;89;87;88;62;7,6;5;
2026/01/24;0500 UTC;0;986,3;986,6;986;0;17,9;15,5;18,3;17,5;15,8;15,4;90;87;88;66;7,5;5,2;
2026/01/24;0600 UTC;0;986,1;986,2;986;0;17,3;15,3;17,6;17,1;15,4;15,1;90;89;90;61;5,3;3,9;
2026/01/24;0700 UTC;0;986,1;986,2;986;0;16,9;15;17,1;16,8;15,1;14,8;91;89;90;67;5,2;3,6;
2026/01/24;0800 UTC;0;986,1;986,2;986;0;16,5;14,7;16,8;16,1;14,8;14,7;93;90;91;70;5;3,4;
2026/01/24;0900 UTC;0;986,2;986,3;986;1,1;16,1;14,6;16,3;16;14,7;14,6;93;91;93;77;5,4;3,8;
2026/01/24;1000 UTC;0;986,7;987,1;986,2;262,3;16,7;14,6;17,4;16,2;14,8;14,5;92;87;90;91;4,9;2,3;
2026/01/24;1100 UTC;0;987,1;987,2;986,9;1057,6;18,5;14,9;19,1;17,4;15,3;14,7;87;78;82;73;6,9;4,5;
2026/01/24;1200 UTC;0;986,9;987;986,7;1802,4;20,1;15,3;21,4;19,2;16;14,8;80;71;76;69;7,3;4,7;
2026/01/24;1300 UTC;0;986,5;986,6;986,3;2647;22,2;15,7;23,4;21,1;16,7;15,2;73;63;68;38;7,3;5;
2026/01/24;1400 UTC;0;986,3;986,5;986,1;3258,4;23,8;16,1;24,9;22,3;17,2;15,2;68;53;62;52;7;4,3;
2026/01/24;1500 UTC;0;986;986,2;985,7;3742,4;25,1;16,5;25,9;24,3;17,6;15,5;62;54;57;64;7;3,4;
2026/01/24;1600 UTC;0;985,6;985,9;985,3;3880,4;26,4;17,1;27;25,4;18,1;16,1;60;49;54;49;8,6;4,2;
2026/01/24;1700 UTC;0;985,1;985,4;984,7;3898,2;27,4;17,4;27,9;26,6;18,1;16,5;54;44;50;81;6,5;2,7;
2026/01/24;1800 UTC;0;984,5;984,7;984,1;3601,4;28,5;17,8;29,3;28;18,9;17;53;41;46;95;5,9;3,3;
2026/01/24;1900 UTC;0;983,8;984,1;983,3;3024;29,1;17,9;29,5;28,7;18,9;17,1;50;41;44;64;6,3;2,7;
2026/01/24;2000 UTC;0;982,9;983,3;982,7;2376,5;29,6;18;29,9;29,3;18,7;17,3;47;39;42;59;4,5;2,6;
2026/01/24;2100 UTC;0;982,7;982,8;982,5;1451,9;29,5;18;29,8;29,1;18,5;17,5;46;41;43;107;4,8;2,2;
2026/01/24;2200 UTC;0;982,8;983,1;982,6;675,7;28,8;17,7;29,1;28,3;18;17,2;48;42;44;102;3,4;1,5;
2026/01/24;2300 UTC;0;983,5;984;983,1;92,3;26,1;17,9;28,2;24,5;18,2;17,6;68;48;59;97;7,8;4,5;
2026/01/25;0000 UTC;0;984,4;985;983,9;0;23,6;17,8;24,4;22,8;18,1;17,6;74;69;71;101;6,1;3,5;
2026/01/25;0100 UTC;0;985,4;985,8;985;0;22;17,4;22,7;21,5;17,6;17,2;79;75;77;106;5,1;2,9;
2026/01/25;0200 UTC;0;985,9;986;985,7;0;21,4;17,4;21,6;21,1;17,6;17,2;83;78;80;83;6,3;4,2;
2026/01/25;0300 UTC;0;985,8;985,9;985,7;0;20,6;17,8;21;20,3;18;17,6;88;83;86;82;6;4;
2026/01/25;0400 UTC;0;985,9;986,1;985,7;0;19,9;18;20,3;19,4;18,1;17,9;93;88;91;69;5;3,6;
2026/01/25;0500 UTC;0;985,6;985,8;985,3;0;19,3;17,9;19,5;19,2;18,1;17,8;94;92;93;43;6,7;4,8;
2026/01/25;0600 UTC;0;985,2;985,3;985,1;0;19;17,5;19,3;18,7;17,8;17,4;94;92;93;50;5,6;4,3;
2026/01/25;0700 UTC;0;985,1;985,2;985;0;18,6;17,3;18,8;18,4;17,4;17,2;95;93;94;52;5,6;4,2;
2026/01/25;0800 UTC;0;985,2;985,3;985;0;18,2;17,3;18,4;18,1;17,3;17,2;96;95;95;59;5,5;4,1;
2026/01/25;0900 UTC;0;985,5;985,8;985,3;3,4;18;17,2;18,1;17,9;17,3;17,2;97;96;96;59;5,7;4,3;
2026/01/25;1000 UTC;0;986;986,2;985,8;252;18,3;17,4;19;17,9;17,6;17,2;97;93;95;49;6;4,4;
2026/01/25;1100 UTC;0;986,3;986,6;986,1;984,1;19,8;17,9;20,5;19;18,2;17,6;93;88;91;38;6,3;4,6;
2026/01/25;1200 UTC;0;986,8;986,9;986,6;1713,1;21,8;18,5;23,3;20,4;18,9;17,9;89;76;84;38;6,2;4,3;
2026/01/25;1300 UTC;0;986,8;986,8;986,7;2614,1;24,2;18,7;25,5;23,2;19,4;18,1;79;66;72;37;6,1;4,1;
2026/01/25;1400 UTC;0;986,6;986,8;986,3;3353,3;26,4;19,2;27,6;25,5;20,4;18,4;68;59;64;46;6,2;3,9;
2026/01/25;1500 UTC;0;986,2;986,4;986,1;3547,1;27,6;19,4;28,3;26,7;20,2;18,8;64;53;59;44;5,7;3;
2026/01/25;1600 UTC;0;985,9;986,1;985,7;3345,3;28,4;19;29,2;27,7;20;18;60;46;53;114;4,7;2;
2026/01/25;1700 UTC;0;985,3;985,7;984,8;3974,4;29,6;19,2;30,1;28,7;20,3;17,9;54;43;48;78;5;2,7;
2026/01/25;1800 UTC;0;984,5;984,8;984,1;3693,7;29,9;19;30,4;29,5;20;18,1;49;40;45;94;5,1;2,2;
2026/01/25;1900 UTC;0;983,9;984,2;983,6;2846,6;30,4;18,9;31;29,7;20;18;46;38;43;166;4,3;2,2;
2026/01/25;2000 UTC;0;983,3;983,6;983;2337,1;30,8;19,1;31,2;30,3;20,3;18,4;46;37;41;156;3,9;1,8;
2026/01/25;2100 UTC;0;982,9;983;982,8;1473;30,6;18,9;30,9;30,2;19,5;18,5;44;39;41;109;5,2;3,1;
2026/01/25;2200 UTC;0;982,9;983,1;982,8;686,2;29,7;18,6;30,2;28,7;19,1;18,3;49;42;45;122;4,2;2,7;
2026/01/25;2300 UTC;0;983,3;983,6;983,1;74,2;27,3;17,6;28,7;26,2;18,4;16,8;53;48;51;128;5,5;2,9;
2026/01/26;0000 UTC;0;983,9;984,2;983,6;0;24,9;18,9;26,2;23,9;19,8;16,8;79;54;70;99;6,6;3,8;
2026/01/26;0100 UTC;0;984,5;984,6;984,2;0;23,1;19,8;23,8;22,4;19,9;19,7;87;80;83;111;5,2;3;
2026/01/26;0200 UTC;0;984,6;984,7;984,6;0;22,2;19,8;22,4;22;20;19,7;89;87;88;85;6,4;3,6;
2026/01/26;0300 UTC;0;984,6;984,7;984,5;0;21,9;20,1;22,2;21,8;20,1;20;92;89;91;79;6,6;3,7;
2026/01/26;0400 UTC;0;984,2;984,5;984;0;21,4;20;21,8;20,9;20,1;19,8;94;92;93;66;5,5;3,9;
2026/01/26;0500 UTC;0;983,7;984;983,5;0;20,7;19,5;20,9;20,5;19,8;19,1;95;93;94;50;6,8;4,6;
2026/01/26;0600 UTC;0;983,5;983,7;983,4;0;20,2;18,8;20,5;20;19,1;18,7;94;92;93;61;6,2;4,6;
2026/01/26;0700 UTC;0;983,9;984,2;983,6;0;19,9;18,6;20,3;19,6;18,7;18,5;95;92;93;51;5,1;3,8;
2026/01/26;0800 UTC;0;984,3;984,5;984,2;0;19,8;18,5;19,9;19,7;18,5;18,4;94;93;93;59;4,7;3,7;
2026/01/26;0900 UTC;0;984,7;985;984,4;,2;19,7;18,4;19,9;19,5;18,4;18,2;94;92;93;76;5,2;3;
2026/01/26;1000 UTC;0;985,3;985,6;984,9;226,8;20,1;18,1;20,7;19,9;18,3;18;92;87;90;81;5,8;3,7;
2026/01/26;1100 UTC;0;985,6;985,8;985,4;776,7;21,2;18,3;21,7;20,7;18,6;18;88;82;86;65;6,2;4,5;
2026/01/26;1200 UTC;0;985,6;985,8;985,4;1421,6;22,3;18,8;23,4;21,5;19,4;18,2;86;79;82;41;5,8;4,6;
2026/01/26;1300 UTC;0;985,6;985,8;985,6;2557,1;25;19,6;26,7;23,3;20,6;19;81;64;73;39;5,6;4,1;
2026/01/26;1400 UTC;0;985,6;985,8;985,4;3230,6;27,6;20,2;28,7;26,6;21,2;19,4;68;58;63;39;5,8;4;
2026/01/26;1500 UTC;0;985,1;985,4;984,9;3257,9;29,3;21,1;30,8;28,2;22,6;20,3;63;53;59;97;5,2;2,2;
2026/01/26;1600 UTC;0;984,8;985,2;984,4;3901,6;31;21,3;31,6;30,5;22,7;20,4;60;45;51;104;3,7;1,7;
2026/01/26;1700 UTC;0;984,2;984,5;984;2569,6;31,6;21;32,6;30,8;22,4;20,2;50;43;47;247;4;1,2;
2026/01/26;1800 UTC;0;983,6;984,1;983,4;2162,3;31,9;21,2;32,9;31;22,5;20,2;53;42;47;197;3,4;1,4;
2026/01/26;1900 UTC;0;983,1;983,4;982,8;2638,7;32,9;21,2;33,6;31,1;22,4;20,3;50;37;42;243;3,4;1,6;
2026/01/26;2000 UTC;0;982,6;982,8;982,3;2149,4;33,4;21,4;33,7;33,1;22,3;20,6;46;36;40;162;2,7;1,1;
2026/01/26;2100 UTC;0;982,2;982,3;982;1628,5;33,5;21,2;34,3;32,9;22,1;20,6;43;36;39;222;4,6;2,7;
2026/01/26;2200 UTC;0;982,3;982,5;982,1;650,2;32,4;21;33;31,7;21,9;20,4;48;39;43;149;2,4;1,2;
2026/01/26;2300 UTC;0;982,7;983;982,4;60,7;29,7;20,3;31,7;27,8;21,6;19,2;69;45;53;93;5,5;3,1;
2026/01/27;0000 UTC;0;983,5;983,8;983;0;26,9;22,1;27,8;26,2;22,2;21,7;79;70;76;87;4,7;2,8;
2026/01/27;0100 UTC;0;984,2;984,3;983,9;0;25,7;21,4;26,3;25,2;22;20,7;80;78;79;84;5,1;3,1;
2026/01/27;0200 UTC;0;984,2;984,3;984;0;24,7;20,3;25,2;24;20,8;19,8;79;77;78;69;4,6;2,8;
2026/01/27;0300 UTC;0;983,8;984;983,6;0;23,9;19,7;24,1;23,7;19,9;19,6;80;78;79;40;4,7;3,6;
2026/01/27;0400 UTC;0;983,4;983,6;983,2;0;23,2;19,5;23,7;22,9;19,6;19,4;83;80;82;49;4,6;3,5;
2026/01/27;0500 UTC;0;983,1;983,3;982,9;0;22,7;19,3;23;22,3;19,4;19,3;85;82;83;29;4,4;3,5;
2026/01/27;0600 UTC;0;983,2;983,4;982,9;0;22,2;19,2;22,4;21,9;19,3;19,1;87;84;85;64;4,7;3,8;
2026/01/27;0700 UTC;0;983,4;983,7;983,3;0;22;18,9;22,3;21,8;19,1;18,8;85;83;85;66;4,8;3,8;
2026/01/27;0800 UTC;0;983,9;984,1;983,7;0;22,1;18,5;22,4;21,7;18,8;18,4;85;80;82;61;4,8;3,8;
2026/01/27;0900 UTC;0;984,3;984,5;984,1;,5;22,1;18,2;22,3;22;18,5;18,1;82;80;81;60;4,6;3,7;
2026/01/27;1000 UTC;0;984,7;984,9;984,5;128,1;22,4;18,4;22,6;22,1;18,8;18,1;81;79;80;47;3,6;2,9;
2026/01/27;1100 UTC;0;984,8;984,9;984,7;873,3;24;19,2;25,1;22,6;19,9;18,6;80;72;76;33;3,5;2,8;
2026/01/27;1200 UTC;0;984,5;984,7;984,4;1624;25,9;19,8;26,9;25,1;20,6;19,1;74;66;69;56;4,5;3,5;
2026/01/27;1300 UTC;0;984,4;984,5;984,3;2482,7;28,3;20,5;29,3;26,9;21,2;19,8;67;56;61;318;5,2;3,3;
2026/01/27;1400 UTC;0;984,3;984,5;984,1;3108;30,5;20,7;31,5;29,3;21,4;19,9;60;44;51;328;6,4;4,1;
2026/01/27;1500 UTC;0;983,9;984,1;983,6;3489,3;32,2;21,6;32,8;31,5;22,9;20,7;52;43;47;301;4,9;3;
2026/01/27;1600 UTC;0;983,4;983,7;983,2;3818,1;33,3;21,9;34;32,6;22,9;20,8;48;37;43;198;5,8;2,8;
2026/01/27;1700 UTC;0;982,8;983,2;982,2;3487,5;33,7;22,1;34,6;32,6;23,1;20,8;46;37;42;237;4,9;2;
2026/01/27;1800 UTC;0;981,7;982,2;981,3;3344,7;34,2;22,4;34,8;33,6;23,4;21,3;44;37;41;191;5;2,7;
2026/01/27;1900 UTC;0;981;981,3;980,7;2131,1;33,6;22,1;34,3;32,8;23,3;21,5;50;38;43;257;4,3;2,2;
2026/01/27;2000 UTC;0;980,4;980,7;980,2;2354,3;34,4;22,6;35,4;33,9;23,6;21,8;45;39;41;233;4,1;2,3;
2026/01/27;2100 UTC;0;980,9;982,3;980,2;622,9;30,2;21,5;34;25,6;22,6;20,4;74;40;57;185;9,8;6,1;
2026/01/27;2200 UTC;0;982,7;983,2;982,2;129,4;24,1;19,8;25,6;23,4;20,9;18,9;83;74;79;156;5;2,4;
2026/01/27;2300 UTC;0;983;983,2;982,5;20,6;23,3;19,7;23,6;23;20,1;18,9;84;79;82;119;6,8;3,4;
2026/01/28;0000 UTC;0;983,4;983,5;983,1;0;23,1;19;23,4;22,6;20,2;18,4;88;75;80;67;6,1;3,5;
2026/01/28;0100 UTC;0;983,6;983,8;983,5;0;22,8;20;23;22,4;20,3;19,7;89;84;86;86;4,5;2,5;
2026/01/28;0200 UTC;0;983,6;983,7;983,3;0;22,4;19,6;23,3;22,1;19,8;18,9;88;78;86;74;4,3;2,1;
2026/01/28;0300 UTC;0;983,4;983,5;983,3;0;22,9;19,1;23,5;22,6;19,3;18,9;84;77;81;120;3,4;2;
2026/01/28;0400 UTC;0;983,4;983,5;983,2;0;22,3;19,3;23;21,5;19,8;19;92;80;85;180;4,8;2,7;
2026/01/28;0500 UTC;0;983,1;983,3;982,8;0;21,5;19,7;22,1;21,2;20,1;19,5;93;90;91;140;3,8;2,2;
2026/01/28;0600 UTC;0;982,9;983,1;982,7;0;21,6;19,9;22,3;21,2;20,2;19,8;94;89;92;182;4;2,9;
2026/01/28;0700 UTC;0;982,5;982,7;982,3;0;20,8;19,7;21,2;20,3;19,8;19,6;97;93;94;176;3,9;2,4;
2026/01/28;0800 UTC;0;982,5;982,8;982,3;0;20,8;20,3;20,9;20,3;20,6;19,6;99;96;98;171;4,4;2,2;
2026/01/28;0900 UTC;0;983,3;983,6;982,9;,3;20,7;20,5;20,9;20,6;20,9;20,3;100;98;99;176;4,6;2,6;
2026/01/28;1000 UTC;0;983,8;984;983,7;82,3;21;21;21,1;20,9;21,2;20,9;100;100;100;172;4,8;2,7;
2026/01/28;1100 UTC;0;984;984,2;983,8;416,2;21,4;21,4;21,8;21,1;21,8;21,1;100;100;100;147;4,8;2,4;
2026/01/28;1200 UTC;0;984,1;984,2;984,1;1023,4;22,3;21,9;23,6;21,7;22,3;21,5;100;92;98;154;5,7;2,4;
2026/01/28;1300 UTC;0;984,2;984,3;984;2438,9;25,2;21,9;26,4;23,7;22,5;21,3;92;77;84;144;5,7;2,4;
2026/01/28;1400 UTC;0;984,2;984,3;984,2;3098,2;27,3;22,3;28,4;26,4;23,2;21,5;82;68;75;127;4,4;2,5;
2026/01/28;1500 UTC;0;984,1;984,2;983,9;3495,4;29,1;22;29,9;28,2;23,1;20,9;73;58;65;131;5;2,3;
2026/01/28;1600 UTC;0;983,5;983,9;983,2;3752,1;30,5;22;31,1;29,8;23,1;20,8;64;52;58;125;5,6;2,4;
2026/01/28;1700 UTC;0;982,9;983,2;982,7;3350,8;31,2;22,2;31,8;30,5;23,2;21,3;59;50;55;134;4,9;1,9;
2026/01/28;1800 UTC;0;982,3;982,7;981,9;2948;31,9;22,4;32,6;31,4;23,5;21,6;56;48;53;155;4,2;2;
2026/01/28;1900 UTC;0;981,4;981,8;981,2;2147;31,8;22,3;32,8;30,9;23,5;21,5;57;49;53;122;5,4;3,1;
2026/01/28;2000 UTC;0;981;981,3;980,8;1924,9;31,6;22,2;32,4;30,9;23,1;21,3;57;49;53;178;7,5;4,6;
2026/01/28;2100 UTC;0;980,9;981,2;980,7;1461,6;30,7;21,8;31,4;30;22,8;21,2;58;53;56;137;8,8;4,4;
2026/01/28;2200 UTC;0;981,4;981,7;981,1;618,1;29,3;20,8;29,9;28,5;21,4;20,1;59;56;57;137;7,2;3,7;
2026/01/28;2300 UTC;0;981,9;982,4;981,6;63,7;27,3;19,8;28,5;26,4;20,2;19,5;67;58;63;131;8;3,6;
2026/01/29;0000 UTC;0;982,8;983,2;982,4;0;25,7;19,9;26,3;25;19,9;19,7;74;67;71;122;6,4;4,2;
2026/01/29;0100 UTC;0;983,4;983,6;983,1;0;24,5;20;25;24,1;20,2;19,9;81;74;78;127;6,7;3,5;
2026/01/29;0200 UTC;0;983,7;983,9;983,5;0;23,6;20,4;24;23,1;20,7;20,2;88;81;84;129;6,2;3,2;
2026/01/29;0300 UTC;0;984;984,2;983,8;0;22,8;20,9;23,1;22,5;21,1;20,7;93;88;91;126;5,9;3,5;
2026/01/29;0400 UTC;0;983,6;983,9;983,3;0;22,2;21,1;22,5;21,8;21,2;21,1;97;93;95;136;4,6;3;
2026/01/29;0500 UTC;0;983,5;983,7;983,3;0;21,8;21,4;22;21,8;21,6;21,2;98;97;98;134;4,2;2,8;
2026/01/29;0600 UTC;0;983,1;983,4;982,8;0;22;21,5;22,1;21,9;21,5;21,4;98;97;97;123;6,5;3,5;
2026/01/29;0700 UTC;1,6;983,7;984,1;983;,3;21,7;21;22;20,2;21,7;18;99;86;96;313;6,9;3,7;
2026/01/29;0800 UTC;2,8;983,5;983,7;983,2;,2;20,1;17,5;20,6;19,4;18,2;16,1;92;79;87;209;2,4;,6;
2026/01/29;0900 UTC;,4;983,5;983,7;983,2;3,8;19,6;17,9;20,2;19,2;18,6;16,8;94;85;92;227;3,3;1,4;
2026/01/29;1000 UTC;0;984;984,3;983,5;34,3;20;19,1;20,4;19,6;19,6;18,6;98;92;95;187;2,9;1,8;
2026/01/29;1100 UTC;0;984,2;984,3;984;259,8;20,7;20,2;21,7;20;21,4;19,5;98;97;98;136;3,5;1,8;
2026/01/29;1200 UTC;0;983,9;984,1;983,7;849,5;22,2;21,6;23,2;21,7;21,9;21,4;98;92;97;123;5,6;3,4;
2026/01/29;1300 UTC;0;983,9;984,1;983,8;2147,9;24,4;21,4;25,9;23,3;22,2;20,8;93;74;85;107;6,9;4,2;
2026/01/29;1400 UTC;0;983,8;983,9;983,6;3010,1;26,4;20,9;27,1;25,7;21,9;20,3;78;67;72;103;7;4;
2026/01/29;1500 UTC;0;983,4;983,8;983;2846,8;27,4;20,7;28,3;26,6;21,6;20,2;72;62;67;115;7,3;3,6;
2026/01/29;1600 UTC;0;982,7;983;982,4;3090,6;28,6;20,9;29,8;27,8;22,1;20,1;66;56;61;110;5,6;2,7;
2026/01/29;1700 UTC;0;982,2;982,4;982;3190,6;29,7;21,2;30,5;28,5;22,1;20,5;63;52;57;139;5,2;2,7;
2026/01/29;1800 UTC;0;981,6;982;981,3;2545,7;30;21;31,3;29,1;22,2;19,6;61;49;55;166;5,9;2,7;
2026/01/29;1900 UTC;1;981,2;981,4;980,9;2130,6;28,9;21,5;30,5;25,8;23,2;20,3;84;52;63;138;6,8;3,4;
2026/01/29;2000 UTC;0;980,8;981;980,5;1992,3;29,5;21;30;28,6;21,7;20,5;63;54;58;140;8,1;4,2;
2026/01/29;2100 UTC;0;980,6;980,7;980,4;1292,4;28,7;20,4;29,6;28,3;21,1;20;61;55;59;138;9,6;4,2;
2026/01/29;2200 UTC;0;981;981,4;980,7;657,2;27,5;20;28,4;26,4;20,8;19,6;66;60;63;134;7,8;4,2;
2026/01/29;2300 UTC;0;981,9;982,2;981,4;64,4;25,3;19,4;26,4;24,4;19,8;19,1;74;66;71;125;7,4;4,5;
2026/01/30;0000 UTC;0;982,6;983,1;982,3;0;23,7;19,1;24,4;23,2;19,2;19;80;73;77;120;6,2;3,7;
2026/01/30;0100 UTC;0;983,3;983,5;983,1;0;22,6;19,4;23,1;22,2;19,5;19,2;87;81;84;128;5,6;3,2;
2026/01/30;0200 UTC;0;983,7;983,9;983,4;0;21,9;19,8;22,2;21,7;20;19,5;92;87;89;126;5,9;3,4;
2026/01/30;0300 UTC;0;983,8;983,9;983,6;0;21,3;20,1;21,8;21;20,1;20;96;91;94;128;5,9;3,4;
2026/01/30;0400 UTC;0;983,3;983,6;983,1;0;20,8;20,2;21,1;20,6;20,2;20,1;98;95;97;128;4,7;2,8;
2026/01/30;0500 UTC;0;982,8;983,2;982,7;0;20,4;20;20,6;20,2;20,1;19,9;99;98;98;136;4,8;2,1;
2026/01/30;0600 UTC;0;982,5;982,7;982,5;0;20;19,8;20,2;19,9;20;19,7;99;99;99;132;3,2;2,1;
2026/01/30;0700 UTC;0;982,5;982,5;982,4;0;19,5;19,4;19,9;19,1;19,8;19,1;100;99;100;182;3,3;1,6;
2026/01/30;0800 UTC;0;982,5;982,6;982,4;0;19,4;19,4;19,6;19,1;19,6;19,1;100;100;100;162;2,6;1,5;
2026/01/30;0900 UTC;,2;982,8;983;982,5;,3;19,8;19,8;19,8;19,6;19,9;19,6;100;100;100;178;3,2;1,8;
2026/01/30;1000 UTC;0;983,4;983,8;982,9;124,3;20;20;20,1;19,8;20,1;19,9;100;100;100;165;4,9;2,4;
2026/01/30;1100 UTC;0;983,9;984,1;983,7;465,6;20,2;20,2;20,5;20;20,5;20;100;100;100;169;4,2;2,3;
2026/01/30;1200 UTC;0;984,2;984,3;984,1;1315;21,1;20,7;22;20,2;21,6;19,9;100;90;98;138;5,5;3;
2026/01/30;1300 UTC;0;984,1;984,2;983,9;2155,2;23,3;19,9;24,8;21,6;20,8;19;92;73;83;153;4,4;2,6;
2026/01/30;1400 UTC;0;983,7;984;983,4;2685,5;25,4;19,3;26,4;24,5;20,1;18,5;77;63;69;139;5,8;2,2;
2026/01/30;1500 UTC;0;983,2;983,4;983;2670,6;26,5;19;27,1;25,9;19,9;18,3;67;58;62;154;5;2,2;
2026/01/30;1600 UTC;0;982,7;983;982,4;3770,9;27,6;19,7;28,5;26,4;21;18,4;68;55;60;140;7,1;3,6;
2026/01/30;1700 UTC;0;982;982,4;981,6;3118,9;27,3;19,5;28,6;26,5;20,6;18,1;67;51;61;109;7;3,6;
2026/01/30;1800 UTC;,6;981,3;981,6;981,1;1854,9;26,6;19,6;28,3;22,5;20,5;18,7;87;55;65;174;6,7;2,9;
2026/01/30;1900 UTC;0;981;981,1;980,8;1562,5;25,1;19,8;26,3;22,6;21,3;18,5;86;64;73;140;10,9;6;
2026/01/30;2000 UTC;0;981;981,2;980,9;493,3;22,8;18,7;23,9;22,4;19,2;18;83;74;79;143;8,2;3,6;
2026/01/30;2100 UTC;0;981;981,2;980,8;629,5;23,2;19,4;23,6;23;20;18,9;84;79;81;136;8,2;3,3;
2026/01/30;2200 UTC;0;981,3;981,5;981,1;233,3;22,3;19,1;23;21,9;19,8;18,5;87;80;84;121;8,8;5,7;
2026/01/30;2300 UTC;0;981,4;981,6;981,1;14,1;21,5;18;21,9;21,1;18,9;17;85;79;82;103;8,2;4,6;
2026/01/31;0000 UTC;0;981,4;981,6;981,2;0;20,5;18,3;21,1;20,3;18,8;17,5;92;82;89;124;5,8;3,1;
2026/01/31;0100 UTC;0;981,8;981,9;981,5;0;19,4;18,3;20,3;18,9;18,7;17,5;97;92;95;149;5,3;2,5;
2026/01/31;0200 UTC;0;981,8;982;981,6;0;18,7;17,2;18,9;18,6;17,5;16,9;93;91;93;130;6,5;3,5;
2026/01/31;0300 UTC;0;981,6;981,7;981,4;0;18,4;17,5;18,7;18;17,7;17,2;98;93;96;146;4,5;2,1;
2026/01/31;0400 UTC;0;981,5;981,7;981,3;0;17,9;17,6;18,1;17,8;17,8;17,5;99;98;98;131;4,9;2,4;
2026/01/31;0500 UTC;0;981,1;981,4;980,9;0;18,1;17,6;18,3;17,8;17,8;17,4;98;98;98;150;4,1;2;
2026/01/31;0600 UTC;0;981;981,1;981;0;17,7;17,3;18;17,3;17,5;17,1;99;98;98;182;2,5;1,6;
2026/01/31;0700 UTC;0;980,7;980,9;980,4;0;17,1;17;17,3;17;17,1;16,9;100;99;100;179;2,7;1,6;
2026/01/31;0800 UTC;0;980,5;980,6;980,4;0;17;17;17,1;16,7;17,1;16,8;100;100;100;186;3,7;2,7;
2026/01/31;0900 UTC;0;980,6;980,8;980,5;0;16,5;16,5;16,8;16,3;16,8;16,3;100;100;100;180;4;2,4;
2026/01/31;1000 UTC;0;980,9;981,1;980,7;198,7;16,6;16,6;17,2;16,3;17,1;16,3;100;99;100;177;3,4;2;
2026/01/31;1100 UTC;0;981,1;981,2;981;844,7;18,2;17,3;19,2;17,2;17,8;17;99;91;96;168;4,4;2,6;
2026/01/31;1200 UTC;0;981,1;981,3;981;1425;20,3;18,1;21,1;19,2;18,7;17,5;93;86;89;181;4,8;2,4;
2026/01/31;1300 UTC;0;981;981,2;980,8;2046,9;22,2;18,5;23,2;21,2;19,3;18;87;76;81;130;5,3;3,3;
2026/01/31;1400 UTC;0;980,7;980,9;980,4;2894,4;24,1;18,4;25,2;22,8;19,3;17,6;79;65;71;123;5,1;2,9;
2026/01/31;1500 UTC;0;980;980,4;979,7;3018,4;25;18,1;25,8;24,2;19,2;16,8;72;57;66;191;5;2,6;
2026/01/31;1600 UTC;0;979,5;979,7;979,3;3691,4;25,3;18,7;25,9;24,7;19,9;17,5;73;59;67;145;6,2;2,8;
2026/01/31;1700 UTC;0;979;979,3;978,6;3557,6;25,8;17,6;26,6;24,7;19,4;15,8;65;51;59;149;6,3;3,4;
2026/01/31;1800 UTC;0;978,2;978,6;977,8;3374,8;26,4;17;27,2;25,4;18,4;16;62;47;53;154;5,4;2,6;
2026/01/31;1900 UTC;0;977,4;977,8;977;2265,5;27;16,9;27,6;26;17,8;16,2;58;45;50;127;9;2;
2026/01/31;2000 UTC;;;;;;;;;;;;;;;;;;
2026/01/31;2100 UTC;,2;977,3;977,7;977,1;272,4;19,8;17,5;19,9;19,7;18,8;16,1;95;82;88;101;2,4;1,5;
2026/01/31;2200 UTC;0;977;977,1;976,9;257,4;20;17,1;20,6;19,5;18,1;16,3;91;79;85;59;2,4;1,7;
2026/01/31;2300 UTC;0;977,2;977,4;976,9;27,3;20;16;20,1;19,8;16,7;15,2;83;76;80;91;2,4;1,7;
2026/02/01;0000 UTC;0;977,5;977,6;977,4;0;20,1;15,9;20,5;19,6;16,3;15,3;82;76;79;131;4,8;2,3;
2026/02/01;0100 UTC;0;978;978,2;977,6;0;19,8;15,7;20;19,5;16,2;15,1;82;77;80;133;4,4;2,7;
2026/02/01;0200 UTC;0;978;978,1;977,8;0;19,1;15,4;19,8;18,4;15,6;15,3;86;77;82;141;3,5;2;
2026/02/01;0300 UTC;0;977,8;977,9;977,7;0;17,7;15,6;18,4;17;15,7;15,5;93;86;89;166;3;1,5;
2026/02/01;0400 UTC;0;977,5;977,7;977,3;0;17,1;15,6;17,2;17;15,8;15,5;94;92;93;167;3,1;1,7;
2026/02/01;0500 UTC;0;976,9;977,3;976,8;0;17;15,9;17,2;16,9;16,1;15,7;96;93;94;190;2,4;1,6;
2026/02/01;0600 UTC;0;976,5;976,7;976,3;0;16,9;16,3;17,1;16,8;16,4;16,1;98;96;97;187;3;1,9;
2026/02/01;0700 UTC;0;976,2;976,3;976,1;0;16,7;16,2;16,9;16,5;16,3;16,1;98;97;98;194;3,8;1,9;
2026/02/01;0800 UTC;0;976;976,1;975,8;0;16,3;16,1;16,5;16,2;16,2;15,9;99;98;99;197;3,4;2;
2026/02/01;0900 UTC;0;976,5;976,8;976,1;0;16,3;16,2;16,4;16,1;16,4;15,8;100;99;100;203;4;2,4;
2026/02/01;1000 UTC;0;977,1;977,5;976,7;135,7;16,5;16,4;16,7;16,3;16,7;16,3;100;100;100;202;4,2;2,4;
2026/02/01;1100 UTC;0;977,9;978,1;977,5;572,9;17,4;17,3;18;16,8;17,9;16,8;100;99;100;200;5,1;2,9;
2026/02/01;1200 UTC;0;978,6;978,8;978,1;1574,6;19,4;18,1;20,6;18,2;18,4;17,6;99;85;94;205;5,6;3,3;
2026/02/01;1300 UTC;0;978,8;978,9;978,7;2144,3;21,1;17,8;22,7;20;18,5;16,7;90;73;83;199;5,6;3,1;
2026/02/01;1400 UTC;0;978,5;978,8;978,3;2858,3;22,9;17;23,6;22,3;18,1;16,2;76;66;71;204;5,9;3,4;
2026/02/01;1500 UTC;0;978,3;978,4;978,1;2261,3;23,6;17,1;24,7;22,8;19;16,5;75;63;68;218;6,5;3,9;
2026/02/01;1600 UTC;0;977,8;978,2;977,6;3776,8;25;17,4;25,9;23,7;18,6;16,8;70;56;62;220;8,4;4,4;
2026/02/01;1700 UTC;0;977,3;977,6;977,1;3625;25,9;17,6;26,9;24,5;18,6;16,8;64;51;58;223;7,7;4,9;
2026/02/01;1800 UTC;0;977,1;977,2;976,7;2624,2;26,6;17,6;27,3;25,8;18,5;16,8;59;50;55;226;7,2;3,7;
2026/02/01;1900 UTC;0;976,6;976,8;976,3;2724,6;27,2;17,8;28;26,2;18,6;16,8;57;48;53;210;7,7;4,9;
2026/02/01;2000 UTC;0;976,5;976,6;976,3;1690,2;27,2;17,3;28,1;26,2;18,4;16,6;55;45;51;203;6,4;3,9;
2026/02/01;2100 UTC;0;976,3;976,5;976;1512,4;28;17,2;28,3;27,7;17,9;16,7;50;43;46;197;7,8;3,6;
2026/02/01;2200 UTC;0;976,5;976,9;976,2;681,7;27,4;17,2;28,4;26,4;17,7;16,8;54;44;49;170;4,4;1,9;
2026/02/01;2300 UTC;0;977,4;977,8;976,9;61,9;24,5;17,5;26,5;23,2;17,7;17,1;72;54;65;128;5,9;3,3;
2026/02/02;0000 UTC;0;978;978,1;977,8;0;22,6;17,2;23,1;22,2;17,6;16,9;74;72;73;128;5,9;3,5;
2026/02/02;0100 UTC;0;978,4;978,6;978,2;0;21,7;17,1;22,2;21,1;17,1;17;79;74;77;131;6;3;
2026/02/02;0200 UTC;0;978,5;978,7;978,4;0;20,8;16,8;21,1;20,2;16,9;16,6;83;79;80;114;6,4;3,8;
2026/02/02;0300 UTC;0;978,1;978,4;977,9;0;19,6;16,9;20,1;19,3;17;16,8;88;83;86;133;7,3;4;
2026/02/02;0400 UTC;0;978,2;978,4;977,9;0;19;17;19,3;18,7;17,1;17;92;88;90;122;5,4;3,3;
2026/02/02;0500 UTC;0;978,4;978,5;978,2;0;18,3;17;18,7;18,1;17,1;16,9;95;92;93;105;3,6;2,1;
2026/02/02;0600 UTC;0;978,2;978,3;978,1;0;18,2;17;18,4;18,1;17,1;16,9;95;93;94;71;3,3;2,4;
2026/02/02;0700 UTC;0;978,3;978,5;978,2;0;18,5;17;18,7;18,2;17,2;16,9;94;92;93;53;3,4;2,6;
2026/02/02;0800 UTC;0;978,5;978,7;978,4;0;17,9;17;18,5;17,8;17,1;16,9;96;93;95;34;3,7;3,2;
2026/02/02;0900 UTC;0;978,9;979,1;978,7;,1;17,8;17,2;18;17,7;17,3;17;98;96;97;18;3,4;3,2;
2026/02/02;1000 UTC;0;979,2;979,4;979,1;200,8;18;17,4;18,5;17,7;17,7;17,2;98;96;97;18;4,1;3,1;
2026/02/02;1100 UTC;0;979,5;979,7;979,4;884,7;19,5;17,8;20,5;18,5;18,1;17,6;96;87;91;28;4,9;3,5;
2026/02/02;1200 UTC;0;979,5;979,7;979,4;1674,2;21,2;17,9;22,3;20,4;18,4;17,5;89;77;84;32;5,2;3,6;
2026/02/02;1300 UTC;0;979,4;979,6;979,3;2529,1;23,1;17,8;24,4;22,2;18,3;17,1;79;65;73;93;4,4;2,7;
2026/02/02;1400 UTC;0;979,4;979,5;979,2;3121,7;25,2;18,1;26,1;24,2;19;17,3;72;57;64;190;4,3;2,3;
2026/02/02;1500 UTC;0;979;979,3;978,6;3610,4;26,7;18,2;27,7;25,9;19,3;17,5;63;50;58;281;5;2,6;
2026/02/02;1600 UTC;0;978,4;978,7;978,1;3604,2;27,5;17,5;28,4;26,8;18,9;16,1;59;43;50;228;5,7;2,7;
2026/02/02;1700 UTC;0;977,9;978,2;977,6;3566,3;28,5;17,7;29,1;27,6;19,2;16,7;55;40;46;267;5;2,5;
2026/02/02;1800 UTC;0;977,5;977,7;977,3;3336,9;28,9;18,1;29,8;28,4;19,6;17,1;52;42;46;265;3,7;2,1;
2026/02/02;1900 UTC;0;976,9;977,3;976,5;2728,1;29,3;17,6;29,8;28,6;18,5;16,5;46;37;41;288;6;2,4;
2026/02/02;2000 UTC;0;976,2;976,5;976;1669,4;28,9;17,5;29,7;28,1;18,2;17;48;37;43;285;3,4;2,1;
2026/02/02;2100 UTC;0;976,1;976,2;976,1;735,2;27,8;17,5;28,2;27,5;18,1;16,9;53;44;49;297;2,6;1,6;
2026/02/02;2200 UTC;0;976,2;976,3;976,1;562,1;27,7;18,1;28,1;27,4;18,7;17,3;56;47;52;318;1,8;1,1;
2026/02/02;2300 UTC;0;976,4;976,5;976,2;73,2;26,6;17;27,4;25,9;17,9;16,5;54;51;52;340;1,2;1,1;
2026/02/03;0000 UTC;0;976,6;976,8;976,5;0;25,7;16,4;25,9;25,6;16,7;15,7;55;50;53;8;1,5;1,2;
2026/02/03;0100 UTC;0;976,9;977;976,8;0;25;15,9;25,5;24,7;16,1;15,7;56;51;55;18;1,7;1,3;
2026/02/03;0200 UTC;0;977,1;977,2;977;0;23,7;15,9;25,1;21,8;16,1;15,5;71;54;61;109;4,2;2,8;
2026/02/03;0300 UTC;0;977,3;977,4;977,2;0;21,7;16,2;22,1;21,5;16,6;15,6;76;68;72;66;4,7;3,6;
2026/02/03;0400 UTC;0;977,3;977,4;977,1;0;21,1;16,7;21,5;20,9;17;16,6;80;76;78;29;5,8;3,9;
2026/02/03;0500 UTC;0;976,9;977,1;976,7;0;20,6;17,5;20,9;20,4;17,9;17;87;80;84;21;5,9;4;
2026/02/03;0600 UTC;0;976,7;976,8;976,6;0;19,9;18,1;20,4;19,7;18,3;17,8;93;87;91;26;4,2;3,5;
2026/02/03;0700 UTC;0;976,6;976,7;976,6;0;19,8;18,4;19,9;19,7;18,5;18,3;94;93;93;15;4,6;3,3;
2026/02/03;0800 UTC;0;976,8;977;976,6;0;19,6;18,4;19,9;19,3;18,5;18,3;95;92;94;77;4,3;3,1;
2026/02/03;0900 UTC;0;977,3;977,7;977;0;19,5;18,5;19,7;19,2;18,7;18,2;96;94;95;327;4,8;3,3;
2026/02/03;1000 UTC;0;978,1;978,4;977,7;160,2;19,9;18,7;20,5;19,5;18,9;18,5;95;92;94;338;4,9;3,2;
2026/02/03;1100 UTC;0;978,7;978,8;978,5;919,3;21,3;19;22,1;20,5;19,3;18,7;92;84;88;333;4,9;3,8;
2026/02/03;1200 UTC;0;978,8;978,9;978,7;1638,6;23,4;19,5;24,5;22,2;20,1;18,9;84;76;80;319;5,9;4,3;
2026/02/03;1300 UTC;0;978,8;978,9;978,7;2518,8;25,9;19,9;27,2;24,5;20,6;19,2;77;61;70;326;6,7;4,9;
2026/02/03;1400 UTC;0;978,6;978,8;978,5;3164,8;27,8;19,6;29;26,9;20,7;18,7;64;54;59;315;6,9;4,2;
2026/02/03;1500 UTC;0;978,2;978,5;977,9;3577,5;29,1;19,7;29,9;28,3;20,6;18,9;59;45;53;316;6,7;3,3;
2026/02/03;1600 UTC;0;977,8;978;977,5;3797,7;30,2;19,5;30,9;29,5;20,5;18,3;54;41;47;223;5,2;2,3;
2026/02/03;1700 UTC;0;977,1;977,4;976,6;3145,5;30,5;19,3;31,3;29,4;20,7;18,2;52;40;44;297;4,3;2,4;
2026/02/03;1800 UTC;0;976,4;976,6;976,2;3487,2;31,4;19,3;31,8;30,6;20,3;17,8;45;33;39;211;5,8;2,6;
2026/02/03;1900 UTC;0;976;976,3;975,9;2990,2;31,7;19,1;32,4;31,3;20,5;17,7;42;31;37;202;5;2,1;
2026/02/03;2000 UTC;0;975,6;975,9;975,3;2323,5;31,9;19,5;32,3;31,6;20,3;18,9;43;35;38;207;2,6;1,5;
2026/02/03;2100 UTC;0;975,3;975,4;975,1;1415,1;32,2;19,6;32,6;31,9;20,2;19,1;40;34;37;237;2,4;1;
2026/02/03;2200 UTC;0;975,5;975,9;975,3;602,9;30,9;19,3;32,3;29,6;19,8;18,9;47;36;42;329;3;2,4;
2026/02/03;2300 UTC;0;976,5;977;975,9;41,7;28,6;18,2;29,6;27,9;18,9;17,9;50;46;48;333;2,1;1,7;
2026/02/04;0000 UTC;0;977,2;977,3;977;0;28;17,6;28,2;27,8;18;17,3;49;46;48;330;2,1;1,8;
2026/02/04;0100 UTC;0;977,4;977,6;977,2;0;27,4;17,1;27,9;26,8;17,3;16,7;50;47;48;332;2,8;2;
2026/02/04;0200 UTC;0;977,6;977,8;977,5;0;26,5;16,9;27,4;25,9;17,2;16,6;56;47;52;54;3,7;2,9;
2026/02/04;0300 UTC;0;978,2;978,4;977,8;0;24,3;16,7;25,9;22,8;17;16,5;70;56;62;25;5,6;3,7;
2026/02/04;0400 UTC;0;978,5;978,6;978,3;0;22,5;17;23;22,3;17,1;16,8;74;69;72;16;5,3;3,8;
2026/02/04;0500 UTC;0;978,3;978,6;978,2;0;22,3;17;22,6;21,9;17;16,9;76;72;73;14;5,1;3,7;
2026/02/04;0600 UTC;0;978,3;978,3;978,2;0;21,9;16,9;22;21,8;17;16,9;76;75;75;15;5,2;3,5;
2026/02/04;0700 UTC;0;978,3;978,4;978,3;0;21,8;17;22,1;21,5;17,1;16,9;78;75;76;41;4,4;3,2;
2026/02/04;0800 UTC;0;978,5;978,6;978,3;0;21,5;17,1;21,8;21,2;17,2;17;80;77;78;304;4,9;3,9;
2026/02/04;0900 UTC;0;978,9;979,2;978,7;0;20,8;17,3;21,2;20,5;17,3;17,2;84;80;82;325;4,4;3,7;
2026/02/04;1000 UTC;0;979,3;979,4;979,1;122;20,8;17,4;22,2;20,3;17,7;17,3;85;77;83;336;4,8;3,4;
2026/02/04;1100 UTC;0;979,7;979,9;979,4;865,6;23,3;18,1;24,1;22,3;18,7;17,7;77;72;74;307;5;3,9;
2026/02/04;1200 UTC;0;979,8;980;979,7;1573,1;25,2;19,2;26,4;24;20,3;18,5;74;67;70;202;5,2;3,3;
2026/02/04;1300 UTC;0;979,9;980;979,8;2435,3;27,9;20,3;29;26,6;21;19,4;70;54;62;322;6,3;4,9;
2026/02/04;1400 UTC;0;979,8;980;979,7;3076,9;29,7;20,7;30,8;28,6;21,6;19,7;60;45;55;311;5,6;3,6;
2026/02/04;1500 UTC;0;979,9;980;979,8;3486,2;31,3;20,4;31,7;30,7;21,5;19,3;53;38;45;318;5,9;3,5;
2026/02/04;1600 UTC;0;979,8;979,9;979,6;3722,5;32,4;20,5;33,2;31,6;21,4;19,6;46;35;41;258;4,7;2,6;
2026/02/04;1700 UTC;0;979,4;979,6;979,2;3595,9;33,1;21,2;33,8;32,6;22,1;20,3;47;36;40;234;5,2;2,8;
2026/02/04;1800 UTC;0;978,9;979,2;978,5;3346,5;33,4;21,2;34,1;32,9;22,3;20,5;45;36;39;253;4,4;2;
2026/02/04;1900 UTC;0;978,1;978,5;977,7;2880,7;33,7;21,4;34,3;32,8;22,5;20,5;45;34;38;209;4,5;2,5;
2026/02/04;2000 UTC;0;977,5;977,7;977,4;2250,2;34;21,1;34,6;33,6;21,9;20,5;39;32;35;231;3,6;2,1;
2026/02/04;2100 UTC;0;977,4;977,5;977,3;1423;34,1;21,2;34,6;33,8;21,8;20,4;39;31;35;152;2,2;1,1;
2026/02/04;2200 UTC;0;977,4;977,8;977,2;585,6;33,7;21,1;34,2;33;21,9;20,5;40;34;37;220;1,6;1,1;
2026/02/04;2300 UTC;0;978,3;978,9;977,8;39;31,3;19,9;33;29,1;20,9;19,4;53;37;43;100;5,8;3,1;
2026/02/05;0000 UTC;0;979,3;979,7;978,9;0;28,4;19,4;29,1;27,7;19,7;19,2;58;52;55;82;5,7;3,7;
2026/02/05;0100 UTC;0;980;980,3;979,6;0;26,9;18,9;27,8;26;19,3;18,4;62;57;60;44;5,8;4;
2026/02/05;0200 UTC;0;980,5;980,6;980,4;0;25,6;18;26;25;18,4;17,7;64;61;62;35;6,2;4,5;
2026/02/05;0300 UTC;0;980,6;980,7;980,5;0;24,7;17,6;25,1;24,4;17,8;17,4;65;62;64;30;6,1;4,5;
2026/02/05;0400 UTC;0;980,6;980,6;980,6;0;23,8;17,5;23,8;23,8;17,5;17,5;69;69;69;30;4,9;4,1;
2026/02/05;0500 UTC;0;980,5;980,5;980,5;0;23,2;18;23,2;23,2;18;18;74;74;74;37;4,6;3,9;
2026/02/05;0600 UTC;0;980,6;980,6;980,6;0;22,3;18,6;22,3;22,3;18,6;18,6;82;82;82;45;4,6;3,9;
2026/02/05;0700 UTC;0;980,3;980,3;980,3;0;22,4;18,7;22,4;22,4;18,7;18,7;81;81;81;35;4,3;3,4;
2026/02/05;0800 UTC;0;980,5;980,5;980,5;0;22,1;19,4;22,1;22,1;19,4;19,4;86;86;86;31;4,8;4,1;
2026/02/05;0900 UTC;0;980,9;980,9;980,9;0;21,5;19,1;21,5;21,5;19,1;19,1;88;88;88;11;4,2;3,6;
2026/02/05;1000 UTC;0;981,3;981,3;981,3;464,5;22,5;18,5;22,5;22,5;18,5;18,5;80;80;80;29;4,8;4,1;
2026/02/05;1100 UTC;0;981,5;981,5;981,5;1235,7;24,3;18,5;24,3;24,3;18,5;18,5;71;71;71;15;4,1;3,4;
2026/02/05;1200 UTC;0;981,6;981,6;981,6;1981,3;26,3;18,7;26,3;26,3;18,7;18,7;62;62;62;17;4,3;3,6;
2026/02/05;1300 UTC;0;981,7;981,7;981,7;2780,7;28,9;19,3;28,9;28,9;19,3;19,3;52;52;52;26;4,6;2,6;
2026/02/05;1400 UTC;0;981,1;981,1;981,1;3308;30,8;20;30,8;30,8;20;20;46;46;46;252;6;4,1;
2026/02/05;1500 UTC;0;980,7;980,7;980,7;3642,3;32,5;20;32,5;32,5;20;20;37;37;37;299;5,8;3,3;
2026/02/05;1600 UTC;0;980,3;980,3;980,3;3751,9;33,8;21;33,8;33,8;21;21;36;36;36;316;5,1;4;
2026/02/05;1700 UTC;0;979,8;979,8;979,8;3561,6;34,1;21;34,1;34,1;21;21;35;35;35;320;4;2,7;
2026/02/05;1800 UTC;0;978,9;978,9;978,9;3153,2;34,3;21,3;34,3;34,3;21,3;21,3;35;35;35;294;4,2;3,4;
2026/02/05;1900 UTC;0;978,7;978,7;978,7;2569;34,3;21,6;34,3;34,3;21,6;21,6;37;37;37;209;2,6;1,8;
2026/02/05;2000 UTC;0;978,4;978,4;978,4;1929,2;34,3;21,7;34,3;34,3;21,7;21,7;37;37;37;275;3;1,2;
2026/02/05;2100 UTC;0;978,2;978,2;978,2;991,1;33,8;20,7;33,8;33,8;20,7;20,7;35;35;35;329;2,8;2;
2026/02/05;2200 UTC;0;978,7;978,7;978,7;127,4;32,5;20;32,5;32,5;20;20;38;38;38;251;,9;,8;
2026/02/05;2300 UTC;0;979,6;979,6;979,6;0;25,9;20,1;25,9;25,9;20,1;20,1;71;71;71;167;6,6;4,4;
2026/02/06;0000 UTC;0;980,1;980,1;980,1;0;24,6;20,3;24,6;24,6;20,3;20,3;78;78;78;145;7;4,2;
2026/02/06;0100 UTC;0;980;980,2;979,8;0;24,1;20,9;24,6;23,7;21,3;20,3;88;79;84;128;7,4;4;
2026/02/06;0200 UTC;0;979,8;980;979,7;0;23,6;21,5;23,9;23,3;21,6;21,3;91;87;89;140;4,9;2,8;
2026/02/06;0300 UTC;0;980;980,1;979,7;0;23,4;21,4;24,7;22,8;21,6;20,6;93;80;90;99;4,8;2,5;
2026/02/06;0400 UTC;0;979,7;979,9;979,4;0;24,4;20,6;24,9;24,2;20,8;20,2;83;78;81;53;4,6;2,8;
2026/02/06;0500 UTC;0;979,4;979,5;979,2;0;24;20,1;24,5;23,1;20,3;20;86;79;81;57;2,8;1,7;
2026/02/06;0600 UTC;0;979,1;979,3;978,9;0;23,6;20,1;24,1;23,2;20,2;20,1;84;80;82;29;3,6;2,9;
2026/02/06;0700 UTC;0;979,3;979,5;979,1;0;23;20,2;23,3;22,5;20,3;20,1;88;84;86;10;3;2,4;
2026/02/06;0800 UTC;0;979,5;979,7;979,4;0;22,2;20,2;22,4;21,9;20,2;20,1;91;88;90;347;4,4;3,7;
2026/02/06;0900 UTC;0;980,3;980,8;979,8;,1;22,3;20,1;22,8;21,7;20,3;19,9;91;87;89;196;2,4;1,5;
2026/02/06;1000 UTC;0;981,1;981,5;980,8;88,5;21,3;20,6;22,3;21;21,2;19,8;99;88;96;204;2,7;1,7;
2026/02/06;1100 UTC;0;981,9;982;981,5;736,3;22,1;21,3;23,5;21,4;21,5;20,8;99;86;96;176;7;4;
2026/02/06;1200 UTC;0;982,1;982,4;981,8;1474,8;24,4;21,2;25,1;23,5;21,7;20,7;87;81;84;199;5,9;3,5;
2026/02/06;1300 UTC;0;982,4;982,5;982,3;1453,5;25,2;21,2;25,6;24,9;21,6;20,8;82;77;80;160;5,9;2,9;
2026/02/06;1400 UTC;0;982,6;982,9;982,4;2101,9;26,1;21,2;26,5;25,3;21,8;20,7;78;73;76;164;7;3,4;
2026/02/06;1500 UTC;0;982,7;982,9;982,5;1813,7;26,1;21,3;26,9;25;21,9;20,9;80;72;76;172;7,9;4,2;
2026/02/06;1600 UTC;0;982,8;982,9;982,6;1430;25;20,9;26,3;24,5;21,3;20,6;82;73;79;158;6,5;3,5;
2026/02/06;1700 UTC;0;982,3;982,6;982;2265,3;26,5;21;26,9;26,2;21,8;20,5;77;69;73;139;7,7;3,7;
2026/02/06;1800 UTC;0;981,9;982,1;981,7;1806,5;26,7;20,8;27,5;26,2;21,3;20,3;73;67;70;144;7,2;3,6;
2026/02/06;1900 UTC;0;982;982,3;981,7;664;24,7;19,9;26,3;24;20,6;19,5;79;71;76;149;6,9;3,6;
2026/02/06;2000 UTC;0;981,8;982;981,7;526,6;23,7;19,1;24,1;23,1;19,6;18,6;79;76;77;136;8,1;4,1;
2026/02/06;2100 UTC;0;982,2;982,4;981,7;503,8;22,8;18,5;23,5;22,5;18,8;18,2;80;75;78;125;6,6;4;
2026/02/06;2200 UTC;0;982,4;982,7;982,2;238,8;22,5;18,1;23,3;22,2;18,5;17,8;79;76;78;131;5,6;2,4;
2026/02/06;2300 UTC;0;983;983,2;982,7;20,1;22,1;18;22,3;21,8;18,2;17,6;81;78;79;121;5,3;3,3;
2026/02/07;0000 UTC;0;983,5;984;982,9;0;21,5;17,1;21,7;21,2;17,7;16,3;80;75;78;126;7,7;4,2;
2026/02/07;0100 UTC;0;984,4;984,5;984,1;0;20,8;16,1;21,1;20,4;16,4;15,7;77;76;76;130;8,3;4,6;
2026/02/07;0200 UTC;0;984,5;985;984;0;20;15,6;20,4;19,5;15,7;15,4;80;76;78;142;5,5;2,8;
2026/02/07;0300 UTC;0;984,8;985,1;984,5;0;19,1;15,1;19,5;18,9;15,5;14,8;81;79;80;130;7;3,8;
2026/02/07;0400 UTC;0;984,8;984,9;984,5;0;18,8;14,4;18,9;18,7;14,8;14,2;79;77;78;132;6,2;3,4;
2026/02/07;0500 UTC;0;984,6;984,8;984,4;0;18,2;14,2;18,7;17,7;14,3;14,1;82;77;80;137;4,6;2,4;
2026/02/07;0600 UTC;0;984,1;984,4;984;0;17,4;14,3;17,7;17;14,4;14,2;86;82;84;138;3,2;1,9;
2026/02/07;0700 UTC;0;984,2;984,4;984,1;0;16,6;14,1;17;16,4;14,2;14;89;86;88;144;3,8;1,7;
2026/02/07;0800 UTC;0;984,3;984,4;984,2;0;17;14,1;17,3;16,5;14,3;14;89;84;86;140;4,7;2,4;
2026/02/07;0900 UTC;0;984,7;985,2;984,2;0;15,6;14,1;16,6;14,6;14,3;13,8;96;88;92;174;3;1,9;
2026/02/07;1000 UTC;0;985,6;986,2;985,2;96,1;15;14,1;15,9;14,5;14,3;13,8;97;92;95;184;4,2;2,3;
2026/02/07;1100 UTC;0;986,2;986,3;986,1;860,5;17,4;14,4;19,5;15,9;14,9;14,2;92;74;85;130;3,9;2,4;
2026/02/07;1200 UTC;0;986,2;986,3;986,1;1609,7;20,7;14,6;21,8;19,5;15,3;13,9;75;66;69;115;5,2;2,9;
2026/02/07;1300 UTC;0;986;986,2;985,9;2543,7;22,4;15,4;23,2;21,7;16,4;14,9;69;60;65;75;4,8;2,5;
2026/02/07;1400 UTC;0;985,9;986;985,7;3212,2;24,2;15,2;25,5;22,9;16,8;13,9;65;44;55;171;5,3;2,4;
2026/02/07;1500 UTC;0;985,6;985,8;985,5;3654,6;26;13,6;27;25;15,7;12,1;49;26;38;162;4,8;2,8;
2026/02/07;1600 UTC;0;985,3;985,6;984,9;3895,5;26,9;13,1;27,6;26;14,5;11,8;36;23;31;151;8,3;4,4;
2026/02/07;1700 UTC;0;984,6;985;984,3;3902,4;28;13;28,6;27,4;14,3;12,2;32;23;25;141;7,6;3,6;
2026/02/07;1800 UTC;0;984,1;984,3;983,7;3564,6;28,4;13,3;28,8;28;14,2;12,5;29;23;25;138;7,3;3,8;
2026/02/07;1900 UTC;0;983,4;983,8;983,1;3019,3;28,9;14;29,4;28,5;14,9;13,2;30;23;26;154;6,9;3,3;
2026/02/07;2000 UTC;0;982,8;983,1;982,6;2306,7;28,8;14,1;29,3;28,5;15,2;13,6;32;25;27;135;6,8;4;
2026/02/07;2100 UTC;0;982,6;982,8;982,5;1469,9;28,3;14;29;27,6;14,4;13,5;31;26;28;113;7,9;4,3;
2026/02/07;2200 UTC;0;983,1;983,4;982,7;624,4;26,7;12,8;27,6;25,6;13,6;12,2;33;28;30;119;6,5;4,2;
2026/02/07;2300 UTC;0;983,6;984;983,3;29,4;24,1;11,8;25,5;23,1;12,4;11,5;43;34;39;123;5,7;3,6;
2026/02/08;0000 UTC;0;984,1;984,3;983,9;0;22,4;11,7;23;21,5;11,9;11,4;50;43;47;76;5,9;3,8;
2026/02/08;0100 UTC;0;984,6;984,8;984,3;0;20,6;11;21,3;19,8;11,3;10,9;56;50;52;52;5;3,7;
2026/02/08;0200 UTC;0;985;985,2;984,8;0;19,3;11,3;19,8;18,6;11,6;11;63;56;60;34;7;5;
2026/02/08;0300 UTC;0;985,3;985,5;985,2;0;18,2;11,9;19,2;17,5;12,3;11,6;74;63;69;25;6,2;4,6;
2026/02/08;0400 UTC;0;985,5;985,6;985,3;0;17,3;12,5;17,6;17,1;12,8;12,2;77;74;76;21;5,6;4,3;
2026/02/08;0500 UTC;0;985,1;985,2;985;0;17,2;13;17,5;16,8;13,1;12,8;82;77;79;19;5,2;4,1;
2026/02/08;0600 UTC;0;984,9;985;984,8;0;16,5;13,2;16,9;16,3;13,3;13,1;85;82;83;14;4,8;3,7;
2026/02/08;0700 UTC;0;984,9;985;984,8;0;16,2;13,3;16,3;15,9;13,4;13,2;87;84;86;7;4,4;3,4;
2026/02/08;0800 UTC;0;985,1;985,2;984,9;0;16;13,3;16,6;15,7;13,4;13,2;88;84;87;36;2,1;1,5;
2026/02/08;0900 UTC;0;985,2;985,3;985,1;0;16,4;13,2;16,7;15,9;13,3;13,1;87;82;84;55;2,1;1,7;
2026/02/08;1000 UTC;0;985,6;985,9;985,3;80,1;16,2;13,3;16,7;15,5;13,7;13,1;89;82;85;177;1,4;,8;
2026/02/08;1100 UTC;0;985,9;986,1;985,8;882,6;17,8;14;19,2;16;14,5;13,7;89;75;81;33;2,6;1,5;
2026/02/08;1200 UTC;0;986,1;986,2;985,9;1605,5;20,3;14,4;21,1;19,1;14,8;14;77;65;70;219;2,8;1,4;
2026/02/08;1300 UTC;0;986,1;986,1;985,9;2503,4;22,6;13,9;24,4;21,1;15,2;12,8;68;42;56;71;3,9;2,2;
2026/02/08;1400 UTC;0;986;986,1;985,9;3162,5;24,4;13,9;25,2;23,6;15,2;12,6;52;44;48;38;5;2,7;
2026/02/08;1500 UTC;0;985,6;985,9;985,2;3580,3;26,2;14,6;27,4;24,9;15,8;13,2;49;35;42;72;5;2,5;
2026/02/08;1600 UTC;0;984,9;985,3;984,5;3819,5;27,5;14,9;28,1;26,9;16,1;14;41;32;37;100;7,7;2,9;
2026/02/08;1700 UTC;0;984,1;984,5;983,7;3809,4;28,3;15;29;27,7;16,4;14,1;38;30;34;87;6,5;2,8;
2026/02/08;1800 UTC;0;983,3;983,7;983;3415,8;28,7;15,4;29,4;28,2;15,9;14,6;36;30;33;80;5,7;2,6;
2026/02/08;1900 UTC;0;982,7;983;982,3;3025,2;29,5;15,8;30,7;29;16,9;15,3;34;28;31;109;3,9;1,5;
2026/02/08;2000 UTC;0;982,1;982,3;981,6;1706,2;29,4;15,4;30,7;27,8;16,6;14;36;26;30;119;7,9;4;
2026/02/08;2100 UTC;0;981,5;981,7;981,4;1324,9;28,9;15,2;29,3;28,6;15,6;14,6;33;30;31;97;6,6;3;
2026/02/08;2200 UTC;0;981,5;981,6;981,3;604,2;27,8;14,8;28,9;26,6;15,2;14,1;38;30;35;119;6,2;3,8;
2026/02/08;2300 UTC;0;981,9;982,3;981,6;26,8;24,8;13,7;26,6;23,5;14,1;13,5;50;38;44;104;4,4;2,5;
2026/02/09;0000 UTC;0;982,5;982,8;982,2;0;23,1;13,4;23,8;22,2;13,6;12,7;54;49;51;76;6,8;4,2;
2026/02/09;0100 UTC;0;983,2;983,5;982,9;0;21,9;12,5;22,3;21,2;12,7;12,3;56;51;53;78;7,4;4,5;
2026/02/09;0200 UTC;0;983,5;983,6;983,4;0;20,5;13,2;21,1;19,7;13,9;12,5;71;57;63;73;6,5;4,1;
2026/02/09;0300 UTC;0;983,4;983,5;983,2;0;19,4;14,5;19,7;19,1;14,8;14;79;71;75;51;6,6;4,4;
2026/02/09;0400 UTC;0;983,2;983,3;983;0;18,9;14,6;19,2;18,2;14,8;14,4;81;78;79;46;6,4;4,4;
2026/02/09;0500 UTC;0;982,8;983,1;982,6;0;18,1;14,3;18,3;17,9;14,4;14,2;82;80;81;33;7,1;5,1;
2026/02/09;0600 UTC;0;982,5;982,6;982,2;0;17,5;14,3;17,9;17,1;14,3;14,2;86;82;84;47;5,3;4;
2026/02/09;0700 UTC;0;982,4;982,6;982,2;0;17,2;14,3;17,5;17;14,5;14,2;87;84;86;55;5,6;4,1;
2026/02/09;0800 UTC;0;982,2;982,5;982;0;16,8;14,6;17,1;16,6;14,7;14,5;90;87;89;55;5,6;3,6;
2026/02/09;0900 UTC;0;982,6;982,8;982,4;0;17,1;14,7;17,2;16,9;14,8;14,6;89;87;88;77;4,9;2,9;
2026/02/09;1000 UTC;0;982,5;982,7;982,2;79,5;17;14,6;17,3;16,7;14,8;14,5;89;86;88;97;5,3;2,8;
2026/02/09;1100 UTC;0;982,3;982,5;982,2;877,6;18,7;15,1;19,9;17,2;15,7;14,7;88;78;82;82;6,8;4,3;
2026/02/09;1200 UTC;0;982,2;982,3;982;1610,3;20,9;16,1;22,2;19,9;16,7;15,5;79;71;76;65;8,1;5,4;
2026/02/09;1300 UTC;0;982,1;982,4;981,9;2473,1;23,5;16,8;24,5;22,2;17,5;16,3;71;63;67;41;6,8;4,3;
2026/02/09;1400 UTC;0;982,1;982,4;981,8;3068,7;25,5;17,5;26,6;24,2;18;17;66;54;60;54;7,6;4;
2026/02/09;1500 UTC;0;981,7;982;981,2;3435,5;27;17,9;28,3;25,9;18,8;17,2;61;49;54;105;7,4;3,8;
2026/02/09;1600 UTC;0;980,9;981,3;980,3;3888,4;28,4;17,8;29,3;27,3;18,8;16,7;53;39;47;62;6,7;3,5;
2026/02/09;1700 UTC;0;980;980,3;979,6;3451,9;29,2;17,8;29,9;28,1;18,7;17;47;39;43;253;5,4;2,3;
2026/02/09;1800 UTC;0;979,3;979,7;978,8;3204,6;30,1;18;31,3;29,3;18,9;17,4;43;34;39;303;6,1;3,6;
2026/02/09;1900 UTC;0;978,5;978,9;978,1;2856,4;30,7;18;31,3;29,8;18,9;17;41;34;37;79;4,1;2,3;
2026/02/09;2000 UTC;0;977,8;978,1;977,3;2274,5;31,2;18,5;32,1;30,6;19,1;17,7;39;34;36;197;2;1;
2026/02/09;2100 UTC;0;977,3;977,4;977,2;1297,1;31;18,2;32,1;29,9;19,2;17,6;40;33;36;46;3,3;2,2;
2026/02/09;2200 UTC;0;977,9;978,2;977,4;437,9;30;18,1;31,2;27,8;18,9;17,4;48;35;41;201;3,4;1,5;
2026/02/09;2300 UTC;0;978,5;978,9;978,2;16,4;26,5;16,6;27,7;25,8;17,2;16;54;47;51;176;3,1;1,9;
2026/02/10;0000 UTC;0;978,9;979,2;978,6;0;25,7;17,8;26;25,3;19,5;15,9;71;50;60;109;4,7;2,8;
2026/02/10;0100 UTC;0;979,4;979,8;979,2;0;24,5;19,9;25,2;24;20,1;19,6;80;72;77;126;4,7;2,7;
2026/02/10;0200 UTC;0;979,6;979,8;979,4;0;23,7;20,2;24;23,3;20,2;20,1;85;80;82;101;4,4;2,7;
2026/02/10;0300 UTC;0;979,6;979,8;979,3;0;23,3;20,1;23,5;23,2;20,3;20;85;83;84;87;6;3,8;
2026/02/10;0400 UTC;0;979,5;979,6;979,3;0;23,1;20;23,4;22,9;20,1;19,9;85;83;85;63;5,8;4,1;
2026/02/10;0500 UTC;0;979,2;979,3;979,1;0;22,5;20;22,9;22,4;20,1;19,9;88;86;87;56;4,9;3,7;
2026/02/10;0600 UTC;0;979,2;979,3;979;0;22,3;19,8;22,4;22,2;19,9;19,8;88;87;88;55;4,6;3,1;
2026/02/10;0700 UTC;0;978,7;978,9;978,5;0;22;19,8;22,2;21,9;19,9;19,7;90;88;89;62;4,5;3,2;
2026/02/10;0800 UTC;0;978,5;978,6;978,4;0;21,9;19,8;22;21,8;19,9;19,7;90;89;89;70;3,6;2,5;
2026/02/10;0900 UTC;0;978,5;978,6;978,4;0;21,7;19,7;21,8;21,4;19,8;19,6;91;90;90;81;3,5;2,5;
2026/02/10;1000 UTC;0;978,8;979;978,6;58,7;21,4;19,8;22;21;19,9;19,7;94;89;92;89;3,6;2;
2026/02/10;1100 UTC;0;978,9;979;978,8;335,9;22,4;19,9;23;21,9;20,1;19,7;90;84;87;111;2,4;1,3;
2026/02/10;1200 UTC;0;978,9;978,9;978,8;1068,2;24,8;20,3;25,7;23,1;20,8;19,9;85;74;77;76;2,8;,8;
2026/02/10;1300 UTC;0;978,8;978,9;978,7;2257,1;27,1;20,8;28,5;25,7;21,6;20,1;74;62;69;187;3,9;2;
2026/02/10;1400 UTC;0;978,6;978,8;978,5;2975,5;29,2;21,1;30,4;28,2;22;20,3;64;55;60;241;4,3;1,7;
2026/02/10;1500 UTC;0;978,1;978,5;977,7;3422,4;30,6;21,1;31,5;29,7;21,9;20,2;58;45;52;222;4,8;1,6;
2026/02/10;1600 UTC;0;977,4;977,8;977;3303,9;31,8;21,1;32,3;31,1;21,6;20,2;49;44;46;143;4,2;1,9;
2026/02/10;1700 UTC;0;976,8;977;976,4;2670,6;32,3;21,2;33,4;31,4;22,2;20,4;49;41;45;272;4,7;1,7;
2026/02/10;1800 UTC;0;976,1;976,4;975,6;3406,6;33,4;21,7;34,1;32,9;22,3;21,3;46;38;41;201;5,4;2,4;
2026/02/10;1900 UTC;0;975,3;975,6;975,1;2938,7;33,9;21,7;34,2;33,6;22,4;21,2;42;36;39;301;7;4,1;
2026/02/10;2000 UTC;0;975;975,2;974,9;2030,2;33,4;21,4;34,1;32,2;22;20,8;44;37;40;223;6,9;4,6;
2026/02/10;2100 UTC;0;974,8;975;974,8;1382,1;32,9;21,2;33,3;32,5;21,5;20,7;44;40;41;224;6;3,8;
2026/02/10;2200 UTC;0;975;975,2;974,9;547,4;32,1;20,8;32,6;31,1;21;20,4;47;41;43;208;3,2;2;
2026/02/10;2300 UTC;0;975,6;975,8;975,2;25;29,8;19,7;31;29,3;20,4;19,2;52;47;50;226;3,4;2,4;
2026/02/11;0000 UTC;0;975,9;976,1;975,7;0;29,6;18,6;30,5;28,9;19,3;18,1;50;38;45;253;2,4;1,2;
2026/02/11;0100 UTC;0;976,2;976,4;976;0;30,1;17,8;30,8;29,7;18,3;17,5;40;37;39;313;1,5;1,3;
2026/02/11;0200 UTC;0;976,4;976,5;976,2;0;29,5;17,4;29,8;29,1;17,9;17;42;37;40;275;2,1;1,2;
2026/02/11;0300 UTC;0;976,2;976,2;976,1;0;27,5;17,1;29,8;26,5;18;16,3;57;37;48;45;4,1;3;
2026/02/11;0400 UTC;0;976,1;976,1;975,9;0;24,5;19,9;26,2;23,7;20,4;18,5;83;62;77;25;4,5;3,6;
2026/02/11;0500 UTC;0;975,5;975,9;975,2;0;23,5;20,6;23,8;23,3;21;20,4;89;83;86;60;5,5;3,6;
2026/02/11;0600 UTC;0;975,3;975,4;975,1;0;22,8;21;23,3;22,4;21,2;20,9;93;88;91;32;3,2;2,4;
2026/02/11;0700 UTC;0;975,5;975,8;975,2;0;22,7;21,2;22,9;22,4;21,4;21,1;94;91;93;215;3,8;3;
2026/02/11;0800 UTC;0;975,9;976,1;975,8;0;22,2;21,2;22,4;22;21,4;21;96;93;95;238;4,4;3,3;
2026/02/11;0900 UTC;0;976,4;976,6;976;0;21,7;21,2;22,1;21,5;21,3;21;99;95;97;114;3,8;3,3;
2026/02/11;1000 UTC;0;977,1;977,4;976,6;81,3;21,6;21,2;21,8;21,3;21,5;20,9;99;98;98;338;4,6;3,6;
2026/02/11;1100 UTC;0;978;978,4;977,4;869,4;23;20,9;24;21,8;21,6;20,1;98;81;89;333;8;5,7;
2026/02/11;1200 UTC;0;978,6;978,8;978,2;1542,5;25,1;20,5;26,5;23,9;21,1;20,1;83;69;77;313;7;4,8;
2026/02/11;1300 UTC;0;978,7;978,8;978,6;2425,8;28,3;20,2;30;26,5;20,7;19,5;68;52;59;325;9,5;6,6;
2026/02/11;1400 UTC;0;978,7;978,9;978,5;3031,9;31,2;21,4;32,4;30;22,3;20,4;54;49;51;301;9,8;6,9;
2026/02/11;1500 UTC;0;978,5;978,7;978,1;3198,2;33,1;22,2;34,2;31,9;23,3;21,1;51;41;45;281;10,2;6,8;
2026/02/11;1600 UTC;0;978,2;978,4;977,9;2835,5;33,7;21,7;34,8;32,6;22,9;20,9;42;37;40;247;8;4,8;
2026/02/11;1700 UTC;0;977,8;977,9;977,6;3574,5;34,3;22;34,9;33,5;22,7;21,3;42;36;38;283;9,5;5,8;
2026/02/11;1800 UTC;0;977,5;977,8;977,1;3330,8;35;22,2;35,5;34,5;22,8;21,6;39;34;36;264;7,8;3,3;
2026/02/11;1900 UTC;0;977,1;977,3;977;2715,3;35;22,3;36;33,9;23,1;21,3;40;31;36;240;7,1;3,9;
2026/02/11;2000 UTC;0;976,9;977;976,8;2129,3;35;22,2;35,3;34,4;22,7;21,7;37;34;36;213;5,5;2,4;
2026/02/11;2100 UTC;0;976,8;977;976,7;1252,7;34,9;21,9;35,4;34,2;22,5;21,1;38;31;35;227;3,9;2,3;
2026/02/11;2200 UTC;0;977,2;977,4;977;356,6;33,1;21;34,2;32;21,4;20,6;44;34;40;171;1,8;1;
2026/02/11;2300 UTC;0;977,8;978,1;977,5;39,8;31,4;20,1;32,1;30,9;21,1;19,4;46;39;44;157;1,6;1,2;
2026/02/12;0000 UTC;0;978,1;978,4;977,9;,2;30,2;19,7;32,1;25,8;20,7;18,9;74;38;48;137;8,9;4,9;
2026/02/12;0100 UTC;0;979,2;979,9;978,4;0;25,5;20,1;25,8;25,3;20,7;19,8;74;72;73;135;9,2;4,7;
2026/02/12;0200 UTC;,2;981,4;982,7;979,5;0;24,2;20,5;25,3;23,3;20,9;19,8;88;73;81;235;8,8;4,6;
2026/02/12;0300 UTC;,2;981,8;983,2;979,9;0;22,2;21,1;23,2;21,3;21,4;20,2;97;88;95;176;8,4;5,9;
2026/02/12;0400 UTC;0;980;980,2;979,8;0;21,3;19,9;22,1;21,1;20,1;19,5;95;88;93;141;6,7;3,4;
2026/02/12;0500 UTC;0;979,8;980,2;979,2;0;22;19,8;22,4;21,9;20;19,5;90;86;89;102;7,2;4,3;
2026/02/12;0600 UTC;0;979,2;979,4;979;0;22,3;19,7;22,7;21,9;19,9;19,6;90;84;87;127;6,4;3,9;
2026/02/12;0700 UTC;0;979,1;979,4;978,7;0;21,4;20,5;21,9;21,3;21,1;19,9;98;90;95;113;9,2;5,3;
2026/02/12;0800 UTC;0;978,9;979,2;978,6;0;21,7;21,4;21,9;21,5;21,7;21;99;98;98;120;8,1;4,5;
2026/02/12;0900 UTC;0;979,2;979,6;979,1;0;22;21,8;22,2;21,9;21,9;21,7;99;99;99;137;6,9;3,7;
2026/02/12;1000 UTC;0;979,3;979,6;978,9;,8;22,2;21,8;22,3;22,1;21,9;21,7;99;98;98;134;8;3,8;
2026/02/12;1100 UTC;0;979,3;979,7;978,5;1;21,5;19,8;22,1;20,5;21,7;15,9;98;74;91;177;9,1;5,2;
2026/02/12;1200 UTC;26,2;981,5;983,8;978,6;3,6;19,9;17,8;22,6;18,7;18,9;15,7;99;69;90;219;13,3;9,3;
2026/02/12;1300 UTC;3,6;981,3;982,3;980,1;31,5;18,6;18,6;19,1;18,1;19;18,1;100;99;100;175;11,7;6,7;
2026/02/12;1400 UTC;0;981,1;981,9;980,6;355,9;18,2;18,1;18,4;18,1;18,3;18;100;99;100;151;6,1;2,9;
2026/02/12;1500 UTC;3,8;982,8;983,8;982;178,7;18,3;18,2;18,5;18,2;18,4;18;100;99;99;92;4,1;2;
2026/02/12;1600 UTC;1;982,5;983,4;982;328,7;18,6;18,6;19;18,3;19;18,2;100;100;100;306;3,4;2,5;
2026/02/12;1700 UTC;1,6;983,6;983,8;983,3;321,4;19,1;18,9;19,2;18,9;19;18,7;100;98;99;231;6,5;3,8;
2026/02/12;1800 UTC;0;982,4;983,2;981,7;635,5;19,2;18,8;19,6;19;19;18,5;99;95;98;225;5,5;4,1;
2026/02/12;1900 UTC;0;981,8;982,2;981,3;541,7;19,9;18,7;20,3;19,6;19,5;17,7;96;89;94;326;9,7;6,6;
2026/02/12;2000 UTC;0;981,7;982,1;981,3;468,9;19,9;19,2;20;19,7;19,4;18,9;97;96;97;322;9;5,7;
2026/02/12;2100 UTC;,2;980,8;981,3;980,2;270;19,8;19,3;20,1;19,7;19,6;19;98;96;97;307;3,6;1,8;
2026/02/12;2200 UTC;0;980,9;981,8;979,7;65,2;19,7;19,2;19,8;19,7;19,4;18,9;98;96;97;205;5,2;2,8;
2026/02/12;2300 UTC;0;980,8;981,6;980;5,4;19,6;19;19,7;19,4;19,3;18,5;98;94;97;85;6,5;3,2;
2026/02/13;0000 UTC;0;982,4;983;980,9;0;19,4;19;19,7;19,3;19,3;18,7;98;97;98;199;4,7;2,4;
2026/02/13;0100 UTC;0;982,7;983,1;982,4;0;19,4;18,5;19,6;19,2;18,7;18,1;97;93;96;123;2,7;1;
2026/02/13;0200 UTC;0;982,8;983;982,7;0;19,1;18,7;19,3;18,9;18,9;18,5;99;96;98;94;4,1;2,2;
2026/02/13;0300 UTC;0;983;983,5;982,8;0;19,1;18,7;19,4;18,8;18,9;18,5;100;97;98;87;2,5;1,8;
2026/02/13;0400 UTC;0;983,2;983,5;982,8;0;18,8;18,8;18,9;18,8;18,8;18,6;100;99;100;340;3,3;2,6;
2026/02/13;0500 UTC;0;983,6;983,9;983,3;0;18,8;18,8;18,9;18,6;18,9;18,6;100;100;100;335;2,6;2;
2026/02/13;0600 UTC;0;983,6;983,7;983,5;0;18,7;18,6;18,8;18,6;18,8;18,5;100;99;100;293;2,8;1,9;
2026/02/13;0700 UTC;0;983,3;983,6;983,2;0;18,7;18,4;18,8;18,6;18,6;18,1;99;97;98;277;3,5;2,4;
2026/02/13;0800 UTC;0;983,4;983,5;983,2;0;18,4;18,1;18,8;18;18,4;17,9;100;97;99;208;4,4;3,3;
2026/02/13;0900 UTC;0;983,4;983,9;983,1;0;17,6;17,6;18;17,4;18;17,4;100;100;100;205;5,5;4,2;
2026/02/13;1000 UTC;0;984,1;984,5;983,8;75,3;17,5;17,5;18,1;17,3;18,2;17,3;100;100;100;192;4;2,1;
2026/02/13;1100 UTC;,2;984,9;985,5;984,5;699,9;18,7;18,7;19,5;18,2;19,4;18,2;100;99;100;199;3,5;1,8;
2026/02/13;1200 UTC;0;986;986,4;985,5;1209,5;19,8;19,2;20,3;19,4;19,8;18,9;99;95;97;194;5,9;3,5;
2026/02/13;1300 UTC;0;986,6;986,9;986,4;1989,8;22,1;19,6;24;20,3;20,3;19;96;78;87;180;5,7;3;
2026/02/13;1400 UTC;0;987,2;987,5;986,8;2374,6;24,2;19,3;25,1;23,5;20,1;18,5;80;68;75;193;7,6;4,8;
2026/02/13;1500 UTC;0;987,2;987,5;986,9;2649,8;25;19,5;26,6;23,6;20,5;18,8;80;64;73;174;8,4;4,9;
2026/02/13;1600 UTC;0;986,9;987,1;986,7;3616,6;26;19,6;27,1;24,8;20,7;18,9;75;60;68;168;7,2;3,5;
2026/02/13;1700 UTC;0;986,9;987;986,6;2766,7;26,6;19,3;27,4;25,7;20,4;18,7;68;58;64;152;7,4;3,1;
2026/02/13;1800 UTC;0;986,4;986,7;986,1;2905,8;27,7;19,2;28,4;26,7;20,2;18,2;63;53;57;141;6,8;3,3;
2026/02/13;1900 UTC;0;986;986,2;985,7;2088;27,3;19,4;28,8;26,4;20,9;18,5;64;55;60;140;8,1;3,8;
2026/02/13;2000 UTC;0;985,7;986;985,5;1736,4;26,7;18,6;27,6;25,7;19,3;17,8;62;56;60;134;8,5;4,5;
2026/02/13;2100 UTC;0;985,8;986,3;985,6;1242;25,8;18,2;26,7;24,4;18,8;17,6;66;58;62;145;8,9;4,1;
2026/02/13;2200 UTC;0;986,5;986,9;986,1;421,1;23,4;17,5;24,6;22;18,3;17;75;66;70;147;9,8;4,4;
2026/02/13;2300 UTC;0;987,4;987,9;986,8;20,1;21,3;16,5;21,9;20,4;17;16;79;75;76;132;9,3;4,4;
2026/02/14;0000 UTC;0;988,3;988,8;987,8;0;20,1;15,7;20,4;19,7;16,1;15,3;79;77;78;132;9,1;3,9;
2026/02/14;0100 UTC;0;989,6;990,2;988,8;0;19,2;15,4;19,7;18,8;15,5;15;83;78;81;133;8;4,6;
2026/02/14;0200 UTC;0;990,1;990,4;989,8;0;18,2;15;18,8;18;15,2;14,9;85;82;84;133;7,6;3,9;
2026/02/14;0300 UTC;0;990,6;991;990,3;0;17,8;15;18;17,3;15,1;14,9;89;85;86;141;6,5;3,1;
2026/02/14;0400 UTC;0;990,3;990,6;989,8;0;16,8;15;17,3;16,2;15,1;14,9;94;88;91;156;4,3;2,3;
2026/02/14;0500 UTC;0;990;990,2;989,6;0;15,9;14,9;16,3;15,5;15;14,8;97;94;95;171;4,1;2,7;
2026/02/14;0600 UTC;0;989;989,5;988,7;0;15,2;14,5;15,5;14,9;14,8;14,2;97;96;96;168;4,3;3;
2026/02/14;0700 UTC;0;988,9;989;988,8;0;14,7;14,1;14,9;14,6;14,2;13,9;98;96;97;164;4,5;2,6;
2026/02/14;0800 UTC;0;988,8;989;988,7;0;14,8;14;14,9;14,6;14,1;13,9;97;95;96;160;4,8;2,9;
2026/02/14;0900 UTC;0;988,8;988,9;988,8;0;14,4;13,8;14,7;14,2;13,9;13,6;98;96;97;154;5;2,5;
2026/02/14;1000 UTC;0;989,5;989,7;988,9;80,2;14,8;13,5;15,4;14,4;13,7;13,4;97;90;94;146;6,9;3,2;
2026/02/14;1100 UTC;0;989,8;990;989,6;797,1;16,6;13,7;17,8;15,5;14,4;13,3;90;81;85;139;6,6;3,7;
2026/02/14;1200 UTC;0;989,9;990;989,7;1541;19;14,4;19,8;17,8;14,8;13,9;83;73;77;115;10;7;
2026/02/14;1300 UTC;0;989,8;989,9;989,7;2457;21;15,3;22,1;19,8;16,1;14,6;75;68;72;111;9,4;5,9;
2026/02/14;1400 UTC;0;989,8;990;989,6;3108,8;23,1;16,2;24,3;21,8;17;15,5;71;61;65;92;8,6;4,9;
2026/02/14;1500 UTC;0;989,3;989,6;988,9;3032,9;24,1;16,5;25,1;23,5;17,2;16;64;59;62;107;8;4,9;
2026/02/14;1600 UTC;0;988,5;988,9;988,1;3450,2;25,2;16,7;25,9;24,5;17,6;15,9;62;53;58;101;7,6;4,1;
2026/02/14;1700 UTC;0;987,9;988,2;987,5;3436,9;25,8;16,4;26,7;25;17,4;15,5;58;49;53;100;8,8;4;
2026/02/14;1800 UTC;0;987,1;987,6;986,7;3212,3;26,4;16,5;27;25,8;17;15,8;55;46;50;94;8,8;5,5;
2026/02/14;1900 UTC;0;986,2;986,7;985,7;2905,2;26,7;16,6;27,1;25,8;17,2;15,7;52;47;50;91;9;5;
2026/02/14;2000 UTC;0;985,6;985,7;985,3;2100,8;26,6;16,8;27,2;25,4;17,4;16;54;48;51;95;7,7;4,3;
2026/02/14;2100 UTC;0;985,5;985,6;985,4;1400,9;26;16,4;26,5;25,5;16,9;16;54;50;52;103;8;4,9;
2026/02/14;2200 UTC;0;985,6;985,8;985,4;515,7;24,5;15,9;25,5;23,2;16,2;15,5;62;53;57;101;8,2;4;
2026/02/14;2300 UTC;0;986;986,2;985,8;21,9;22,1;15,3;23,2;21,2;15,6;15,1;70;62;66;94;7,7;4,6;
2026/02/15;0000 UTC;;;;;;;;;;;;;;;;;;
2026/02/15;0100 UTC;0;986,6;986,8;986,2;0;19,4;15,2;19,9;19;15,5;15;81;77;79;59;7,6;5,1;
2026/02/15;0200 UTC;0;986,5;986,8;986,2;0;18,6;15,1;19,1;18,2;15,2;15;84;80;82;60;6,6;4,1;
2026/02/15;0300 UTC;0;986;986,2;985,9;0;18,2;15,1;18,5;18;15,2;15,1;85;83;84;61;5,5;3,8;
2026/02/15;0400 UTC;0;985,8;986;985,5;0;17,7;15,1;18;17,5;15,2;15,1;88;86;87;54;6,8;4,5;
2026/02/15;0500 UTC;0;985,2;985,5;984,8;0;18;15,2;18,3;17,7;15,3;15,1;87;85;86;76;6,6;4;
2026/02/15;0600 UTC;0;984,4;984,9;983,9;0;18;15,3;18,2;17,6;15,4;15,2;88;85;87;69;6,1;4;
2026/02/15;0700 UTC;0;983,7;983,9;983,6;0;17,5;15,3;17,8;17,2;15,4;15,2;91;87;89;62;6,6;4,9;
2026/02/15;0800 UTC;0;983,6;983,7;983,4;0;17,7;15,5;17,8;17,5;15,8;15,4;91;88;89;57;5,7;4,1;
2026/02/15;0900 UTC;0;983,8;984;983,7;0;17,8;16,1;18;17,5;16,6;15,7;93;90;92;62;6;4,6;
2026/02/15;1000 UTC;0;984,1;984,2;984;83,6;18,1;16,8;18,6;18;17,2;16,5;94;93;93;57;5,8;4,3;
2026/02/15;1100 UTC;0;984,3;984,4;984,1;752,1;19,7;17,7;20,7;18,7;18,2;17,2;93;87;90;39;7,6;5,1;
2026/02/15;1200 UTC;0;984,1;984,3;983,9;1524,8;22;18,8;23,7;20,7;19,5;18,1;88;78;84;37;10,2;7,4;
2026/02/15;1300 UTC;0;984;984,1;983,7;2275;24,8;19,6;25,7;23,6;20,2;19,2;79;71;74;25;11;8,2;
2026/02/15;1400 UTC;0;983,5;983,8;983,1;3008,6;26,6;20,2;27,7;25,7;21;19,6;71;64;68;22;11,3;7,6;
2026/02/15;1500 UTC;0;982,7;983,1;982,3;3356,3;28,2;21,1;29,1;27,2;22,4;20,5;69;61;64;52;10,7;6,9;
2026/02/15;1600 UTC;0;982,1;982,5;981,9;3319,8;29,1;21,7;29,6;28,4;22,2;21,1;66;61;63;265;7,6;4,8;
2026/02/15;1700 UTC;0;981,5;981,9;981,2;2454;29,3;22;30,1;28,5;22,6;21,2;66;60;63;284;5,4;3,5;
2026/02/15;1800 UTC;0;980,9;981,3;980,4;2757,1;30,3;22,5;31,2;29,1;23,4;21,6;68;56;61;289;4,7;2,2;
2026/02/15;1900 UTC;0;980;980,4;979,7;1554,5;30,2;22,2;30,9;29,8;22,9;21,7;63;57;60;264;3,1;1,7;
2026/02/15;2000 UTC;0;979,6;979,9;979,5;788,4;29,6;22,3;30,1;28,2;23;21,9;71;60;64;319;6,4;3,7;
2026/02/15;2100 UTC;0;980,2;980,5;979,9;734,7;26,1;20,9;27,9;24,5;22,5;19,9;81;66;74;148;6,2;2,8;
2026/02/15;2200 UTC;0;979,4;980;978,9;530,6;26,6;20,2;27,5;24,9;20,8;19,8;77;61;68;209;2,3;1,5;
2026/02/15;2300 UTC;0;980,6;980,9;980;33,7;25,2;20,8;26,7;24;21,3;20,1;87;68;78;141;3,8;1,9;
2026/02/16;0000 UTC;0;981,3;981,9;980,9;0;23,7;21;24,1;23,3;21,6;20,6;88;85;86;146;3,6;1,6;
2026/02/16;0100 UTC;0;982,1;982,3;982;0;22,9;21,4;23,5;22,5;21,9;20,8;96;87;93;84;4,7;2,9;
2026/02/16;0200 UTC;0;982,1;982,4;981,9;0;22,7;21,2;23;21,9;21,6;20,7;96;89;92;50;4,9;3,3;
2026/02/16;0300 UTC;0;981,9;982,2;981,7;0;22;20,8;22,3;21,8;21;20,6;96;92;94;14;4,9;3,3;
2026/02/16;0400 UTC;0;981,6;982;981,4;0;22,1;21;22,3;21,9;21,1;20,7;96;93;95;245;3,2;2,2;
2026/02/16;0500 UTC;0;981,7;981,9;981,4;0;22,4;21,5;22,8;21,8;21,8;21;98;95;96;268;3,2;1,8;
2026/02/16;0600 UTC;0;981,1;981,6;980,7;0;22;21,4;22,6;21,6;21,7;21,2;98;95;97;214;4,8;3,5;
2026/02/16;0700 UTC;0;980,8;981,1;980,6;0;21,6;20,9;21,8;21,4;21,2;20,6;98;95;96;227;7,7;4,9;
2026/02/16;0800 UTC;,8;981,3;981,4;981;0;20,8;19,8;21,4;19,9;20,7;18,6;98;92;95;214;7,1;4,8;
2026/02/16;0900 UTC;1,2;981,1;981,2;981;0;20,2;18,8;20,6;19,8;19,5;18,1;98;88;93;294;9,8;6,5;
2026/02/16;1000 UTC;,2;981,2;981,5;980,8;21,6;20,3;19;21,6;19,5;19,5;17,3;98;80;93;216;9,3;6,4;
2026/02/16;1100 UTC;0;981,7;982,2;981,3;310,9;20,2;19,1;20,8;19,5;19,3;18,8;98;90;94;206;5,1;3,5;
2026/02/16;1200 UTC;0;982,3;982,5;982,1;1378,4;21,6;19,4;23,1;20,6;20,3;18,9;94;82;89;233;4,4;2,7;
2026/02/16;1300 UTC;0;982,3;982,5;982,1;2390,7;23,3;19,9;24,4;22,8;20,4;19,4;86;76;83;226;7;4,3;
2026/02/16;1400 UTC;0;982,4;982,7;982,2;2933;25,1;20,4;25,7;24,4;21,1;19,8;80;71;77;233;6,8;3,5;
2026/02/16;1500 UTC;0;982,5;982,6;982,4;3437,1;26,6;20,4;27,4;25,8;21,5;19,7;77;66;69;227;6,4;3,8;
2026/02/16;1600 UTC;0;982,1;982,4;981,8;3756,3;27,5;20,7;28,1;27;21,4;19,9;70;61;66;220;7;4,1;
2026/02/16;1700 UTC;0;981,7;982;981,3;3634,4;28,4;20,6;29;27,7;21,4;19,6;65;57;61;207;8;4,7;
2026/02/16;1800 UTC;0;981,1;981,3;980,8;3121,4;28,9;20,4;29,6;28,2;21,1;19,9;62;54;58;210;7,2;4,1;
2026/02/16;1900 UTC;0;980,5;980,9;980,3;2755,7;29,3;20,5;29,8;28,7;21,2;19,7;59;52;56;232;7;3,7;
2026/02/16;2000 UTC;0;980,5;980,6;980,3;1852,7;29,4;19,5;30;28;20,7;18,7;57;44;50;232;4,8;2,5;
2026/02/16;2100 UTC;0;980,6;980,8;980,3;1316,5;29,8;19;30;29,4;19,6;18;50;43;46;197;4,7;2,7;
2026/02/16;2200 UTC;0;980,8;981;980,6;434,7;28,7;18,8;29,6;27,7;19,4;18,2;55;45;50;166;1,7;,8;
2026/02/16;2300 UTC;0;981;981,3;980,7;8,8;26,3;18,9;27,7;25,4;19,5;18,1;70;55;63;122;5,1;3,4;
2026/02/17;0000 UTC;0;981,9;982,2;981,4;0;24,6;19,4;25,4;23,8;19,6;19,1;79;69;74;123;6,3;3,7;
2026/02/17;0100 UTC;0;982,6;982,8;982,2;0;23,3;19,9;23,7;22,9;20,1;19,6;86;79;83;120;5,7;4,1;
2026/02/17;0200 UTC;0;982,4;982,6;982,2;0;22,7;20,1;22,9;22,6;20,3;20;88;86;87;119;5,3;3,6;
2026/02/17;0300 UTC;0;982,9;983,4;982,5;0;22,5;20,1;22,7;22,3;20,2;19,9;89;87;88;97;4,3;2,5;
2026/02/17;0400 UTC;0;983;983,3;982,5;0;22,4;20;22,6;21,9;20,1;19,8;91;86;88;105;3,9;2,1;
2026/02/17;0500 UTC;0;982,3;982,5;982,1;0;21,7;20;21,9;21,4;20,1;19,9;93;90;92;136;4,1;2,4;
2026/02/17;0600 UTC;0;981,8;982,1;981,5;0;20,9;20;21,4;20,7;20,3;19,8;97;93;96;150;3,4;2;
2026/02/17;0700 UTC;0;981,6;981,8;981,5;0;20,4;19,7;20,8;20,2;19,9;19,2;98;95;97;149;4,5;2,2;
2026/02/17;0800 UTC;0;981,8;981,9;981,6;0;20,4;18,6;20,5;20,3;19,2;18,5;95;90;91;126;5,6;3,2;
2026/02/17;0900 UTC;0;982,1;982,2;981,8;0;20,3;18,7;20,4;20,1;18,9;18,6;94;91;92;128;5,1;3,2;
2026/02/17;1000 UTC;0;982,5;982,8;982,2;45,8;19,8;18,7;20,1;19,5;18,9;18,3;95;94;95;141;5,5;2,5;
2026/02/17;1100 UTC;0;983;983,2;982,7;648,1;20,1;18,4;20,9;19,5;18,7;18,2;94;87;92;160;5,9;2,9;
2026/02/17;1200 UTC;0;983,1;983,3;983;1466;22;18,7;23,3;21;19,2;18,4;90;77;84;144;5,1;2,8;
2026/02/17;1300 UTC;0;982,9;983;982,8;2350,1;24,2;19,4;25,6;23;20,5;18,7;80;73;76;109;5;3,1;
2026/02/17;1400 UTC;0;983;983,1;982,9;2391,6;25,7;20,4;27,1;25,1;21,5;19,8;77;68;73;123;5,6;3,1;
2026/02/17;1500 UTC;0;982,7;983;982,4;3316,7;27,2;21,2;28,3;26,1;22,1;20,4;74;65;70;152;4,3;2;
2026/02/17;1600 UTC;0;982,4;982,6;982,1;3425,4;28,4;21,5;29,3;27,8;22,3;20,8;72;59;65;217;4,4;2,4;
2026/02/17;1700 UTC;0;981,7;982,2;981,1;3086,8;29,1;21,6;29,6;28,5;22,7;20,7;67;58;62;203;5,2;2,9;
2026/02/17;1800 UTC;0;980,9;981,1;980,6;2914,2;29,6;21,7;30,1;29,2;22,7;20,7;66;56;60;222;5,4;3,2;
2026/02/17;1900 UTC;0;980,5;980,7;980,3;2321,5;30,1;21,8;30,7;29,5;22,6;21,1;63;54;58;170;4,6;2,5;
2026/02/17;2000 UTC;0;980,6;980,8;980,5;1207,7;29,8;21,5;31;29,1;22,2;21;62;55;59;181;3,2;1,3;
2026/02/17;2100 UTC;0;980,6;980,8;980,3;699,8;28,6;21,6;29,5;28,2;21,9;20,8;68;59;65;125;5;3,2;
2026/02/17;2200 UTC;0;980,2;980,3;980,1;352,4;27,4;20,9;28,3;26,8;21,5;20,4;69;65;68;123;7,3;4,1;
2026/02/17;2300 UTC;0;980,4;980,7;980,1;22;25,6;20;26,7;24,7;20,5;19,4;75;68;72;130;6;3,3;
2026/02/18;0000 UTC;0;981,1;981,6;980,7;0;24,1;19,2;24,7;23,7;19,5;19;77;74;75;120;6;3,6;
2026/02/18;0100 UTC;0;981,9;982,3;981,6;0;23,1;19;23,7;22,6;19,1;19;82;76;80;119;6,4;4,4;
2026/02/18;0200 UTC;0;982,3;982,4;982,2;0;22,1;19,3;22,7;21,8;19,5;19,1;89;83;86;110;6,5;4;
2026/02/18;0300 UTC;0;982,4;982,5;982,2;0;21,5;19,6;21,8;21,2;19,7;19,5;92;89;91;104;6,2;3,4;
2026/02/18;0400 UTC;0;982,6;982,6;982,5;0;21;19,5;21,2;20,9;19,6;19,3;93;91;92;92;4,9;2,9;
2026/02/18;0500 UTC;0;982,4;982,6;982,1;0;20,6;19,3;21,1;20,1;19,4;19,2;97;91;93;100;4,1;2,5;
2026/02/18;0600 UTC;0;982,1;982,2;982;0;19,8;19,4;20;19,5;19,5;19,3;99;97;98;102;4,4;2,3;
2026/02/18;0700 UTC;0;981,9;982,1;981,7;0;19,6;19,1;19,7;19,5;19,3;18,9;99;97;98;87;4,7;2,4;
2026/02/18;0800 UTC;0;982,1;982,2;981,9;0;19,3;18,8;19,5;19;19;18,7;99;97;98;100;3,6;2,2;
2026/02/18;0900 UTC;0;982,6;983;982,2;0;19,1;18,8;19,2;19;18,9;18,7;99;98;98;104;3,1;1,9;
2026/02/18;1000 UTC;0;983,3;983,6;983;88,7;19,1;18,9;19,4;19;19,1;18,7;99;98;99;111;4,2;2,7;
2026/02/18;1100 UTC;0;984;984,2;983,6;791,5;20,6;19,2;21,5;19,4;19,7;19;98;88;93;132;3,8;2;
2026/02/18;1200 UTC;0;984;984,2;983,8;1501,2;22,4;19,4;23,4;21,4;19,8;19;91;78;85;107;5;3,1;
2026/02/18;1300 UTC;0;984;984,1;983,9;2355,1;23,9;19,2;24,8;23,1;19,9;18,4;81;70;76;114;4,8;2,7;
2026/02/18;1400 UTC;0;983,9;984;983,6;3022,4;25,3;19,1;26,2;24,6;20,4;18,3;74;64;69;106;5;2,7;
2026/02/18;1500 UTC;0;983,6;983,7;983,5;3459,1;26,8;19,2;27,4;26;20,4;17;69;50;62;110;4,8;2,5;
2026/02/18;1600 UTC;0;983,1;983,4;982,7;3633,8;27,8;19,4;28,5;27,1;20,5;17,7;64;50;58;120;4,7;2,4;
2026/02/18;1700 UTC;0;982,6;982,7;982,4;3443,1;28,9;19,3;29,6;28;20,5;18,5;59;45;52;145;6;2,4;
2026/02/18;1800 UTC;0;982,1;982,4;981,7;3169,7;29,9;19,5;30,7;29,2;20,5;18,4;54;41;48;138;5,1;2,7;
2026/02/18;1900 UTC;0;981,5;981,7;981,1;2613,5;30,1;18,7;30,5;29,8;19,6;17,7;49;38;43;127;5,8;2,8;
2026/02/18;2000 UTC;0;980,9;981,2;980,5;1979,9;29,8;19,1;30,2;29,4;19,9;18,2;51;40;47;157;4,2;2,2;
2026/02/18;2100 UTC;0;980,1;980,5;979,8;1279,7;29,3;18,6;29,7;28,8;19,2;18;49;45;47;122;5,6;3,5;
2026/02/18;2200 UTC;0;979,9;980,1;979,8;443,6;28;18,3;28,8;26,8;19,1;17,9;56;47;51;129;3,4;2;
2026/02/18;2300 UTC;0;980,4;980,8;980,1;19,9;25,7;17,3;26,7;25;18,1;17;60;56;58;132;6,2;3;
2026/02/19;0000 UTC;0;981;981,2;980,8;0;24;17,7;25;23;18,4;17;77;60;68;101;5,4;3,1;
2026/02/19;0100 UTC;0;981,2;981,3;981;0;22,5;18,5;22,9;22,3;18,6;18,3;81;78;80;83;6,8;3,9;
2026/02/19;0200 UTC;0;981,2;981,3;980,9;0;21,9;18,4;22,2;21,5;18,7;18,2;86;81;83;85;6;3,5;
2026/02/19;0300 UTC;0;981,3;981,5;981,2;0;20,9;18,9;21,5;20,7;19,1;18,7;91;86;90;77;5,5;3,6;
2026/02/19;0400 UTC;0;981,2;981,5;980,9;0;20,7;19;21;20,4;19;18,9;93;90;91;59;5;3,5;
2026/02/19;0500 UTC;0;980,8;981,1;980,6;0;20,1;18,9;20,4;19,8;19;18,8;95;92;94;38;4,5;3,4;
2026/02/19;0600 UTC;0;980,1;980,5;979,6;0;19,9;18,8;20,1;19,7;18,9;18,8;96;94;95;40;5,9;3,7;
2026/02/19;0700 UTC;0;979,3;979,9;979,1;0;19,3;18,7;19,7;19,2;18,8;18,6;98;96;97;56;5,1;3,7;
2026/02/19;0800 UTC;0;979,5;979,9;979,3;0;19,3;18,7;19,5;19,1;18,9;18,7;98;96;97;42;5,2;3,1;
2026/02/19;0900 UTC;0;979,5;980,2;979,2;0;19,3;18,7;19,6;19;18,8;18,7;99;96;97;16;4,5;3,7;
2026/02/19;1000 UTC;0;980,5;980,8;980,2;46,6;19,2;18,8;19,4;18,9;19;18,6;99;98;98;15;5,5;4,4;
2026/02/19;1100 UTC;0;980,1;980,5;979,8;353,9;19,5;19,1;19,8;19,2;19,3;18,9;99;97;98;37;6;4,6;
2026/02/19;1200 UTC;0;980,4;980,6;980,3;673,6;20,4;19,4;21;19,8;19,6;19,1;98;92;95;25;6,6;4,9;
2026/02/19;1300 UTC;0;981,2;981,5;980,4;894;21,6;19,4;22,4;21;19,7;19,1;92;85;89;258;7,6;5,3;
2026/02/19;1400 UTC;0;980,5;980,9;979,8;1232,2;23;19,3;23,7;22,3;19,7;19,1;85;78;81;21;8,1;5,9;
2026/02/19;1500 UTC;0;980;980,4;979,5;1523,1;24,7;19,6;25,6;23,8;20;19,2;80;70;74;31;6,2;3,9;
2026/02/19;1600 UTC;0;980,1;980,4;979,8;799;25,4;19,2;25,7;25,2;20;18,8;71;67;69;79;3,8;2,3;
2026/02/19;1700 UTC;0;979,9;980,1;979,7;390,2;24,9;19,7;25,1;24,4;21;19;83;70;74;189;1,9;1,1;
2026/02/19;1800 UTC;1;980,4;980,6;980,1;215,3;23,4;20,8;24,3;22,3;21,2;20;95;82;87;277;5,4;3,5;
2026/02/19;1900 UTC;1,4;979,8;980,5;978,9;438,6;22,2;21,4;22,4;22,1;21,9;21,1;98;94;96;266;2,9;1,8;
2026/02/19;2000 UTC;0;980;980,3;979,4;156,3;22;21,3;22,2;21,9;21,5;21;98;95;96;193;4,7;2,7;
2026/02/19;2100 UTC;0;978,9;979,8;978,2;271,7;21,9;21,4;22,2;21,8;21,7;21,3;98;97;98;171;3,8;1,9;
2026/02/19;2200 UTC;0;978,5;978,9;978,3;281,3;22,1;21,6;22,4;21,9;21,8;21,4;98;96;97;176;2,8;1,6;
2026/02/19;2300 UTC;0;979,4;979,9;978,9;3,9;21,4;20,8;21,9;21;21,6;20,3;98;96;97;159;2,8;1,5;
2026/02/20;0000 UTC;0;980,1;980,4;979,9;0;21;20,6;21,1;20,9;20,7;20,5;99;97;98;175;3,1;1,7;
2026/02/20;0100 UTC;0;980,9;981,4;980,5;0;20,6;20,3;21;20,5;20,8;20;99;97;98;168;4,4;2,4;
2026/02/20;0200 UTC;,2;981,5;981,7;981,4;0;20,3;20,1;20,4;20,2;20,2;20;99;98;99;161;6,2;3,1;
2026/02/20;0300 UTC;1;982,1;982,6;981,6;0;19,5;19,4;20,2;18,8;20,2;18,7;100;99;100;179;8,9;4,8;
2026/02/20;0400 UTC;8,2;982,9;983,1;982,6;0;18,6;18,5;18,9;18,1;18,9;17,9;100;99;100;164;10,3;6,1;
2026/02/20;0500 UTC;2,6;982,8;983,1;982,4;0;17,8;17,7;18,2;17,5;18;17,3;100;99;100;170;10,8;4,8;
2026/02/20;0600 UTC;0;982,1;982,8;980,9;0;17,5;17,3;18;17,3;18;16,7;100;96;99;117;10,6;6,7;
2026/02/20;0700 UTC;0;980,2;980,9;979,9;0;17,6;16,8;17,8;17,4;17,2;16,1;98;92;96;31;6,9;4,3;
2026/02/20;0800 UTC;0;980,4;980,8;980,1;0;17,4;16,7;17,6;17,3;17,3;15,9;99;92;96;23;4,8;3,6;
2026/02/20;0900 UTC;0;981,9;982,3;980,7;0;17,1;16,5;17,4;16,7;16,8;15,7;99;92;97;179;5;3;
2026/02/20;1000 UTC;0;982,5;982,8;982,3;30,7;16,5;16;16,7;16,2;16,4;15,8;99;96;97;184;5;3;
2026/02/20;1100 UTC;0;983,1;983,3;982,8;751,6;17,4;16,7;19;16,3;17,4;16;99;91;97;173;5,8;3,4;
2026/02/20;1200 UTC;0;983,6;983,8;983,4;1423;19,3;17,5;20,2;18,9;18,5;17;93;86;91;167;7;3,5;
2026/02/20;1300 UTC;0;983,9;983,9;983,7;2382,6;21,3;17,7;22,4;20,3;18,6;17,2;88;78;82;173;7,1;3,7;
2026/02/20;1400 UTC;0;983,8;984;983,6;2913,6;23,2;18,2;24,6;22,3;19,2;17,6;80;69;75;130;6,1;3,1;
2026/02/20;1500 UTC;0;983,5;983,7;983,4;2719,7;24,3;18,7;25,4;23,4;19,8;18;76;67;72;145;5,6;2,7;
2026/02/20;1600 UTC;0;983,2;983,4;983,1;3190,1;25,3;18,8;26;24,5;19,9;18,1;74;63;68;137;7,5;3,4;
2026/02/20;1700 UTC;0;983;983,2;982,9;2825,4;26,1;18,6;26,5;24,9;20;17,8;69;58;63;156;7,6;2,9;
2026/02/20;1800 UTC;0;982,7;983;982,4;3052,5;26,9;18,7;27,7;26,1;19,7;17,8;65;54;59;153;7,9;3,9;
2026/02/20;1900 UTC;0;982,3;982,5;982,1;2666,3;27,5;18,8;28,2;26,7;20,3;18;62;53;56;137;7,2;3,7;
2026/02/20;2000 UTC;0;982,1;982,2;982;2059,2;27,1;18,8;28,1;26,6;19,7;18,2;62;54;58;130;9,9;4,6;
2026/02/20;2100 UTC;0;982;982,1;981,8;1289,1;26,3;18,2;26,8;25,9;18,9;17,5;63;56;59;139;7,5;3,7;
2026/02/20;2200 UTC;0;982,4;982,7;982,1;446;25,1;17,9;26;23,9;18,3;17,4;70;57;64;129;5,8;3,2;
2026/02/20;2300 UTC;0;983,2;983,7;982,8;12,4;22,9;17,8;23,8;22,2;18;17,7;78;70;75;133;6;3,4;
2026/02/21;0000 UTC;0;984,2;984,7;983,8;0;21,7;17,6;22,2;21,2;17,8;17,6;82;78;80;128;6,3;3,5;
2026/02/21;0100 UTC;0;985;985,2;984,7;0;20,7;18,1;21,1;20,4;18,5;17,6;91;83;87;133;5,6;3,3;
2026/02/21;0200 UTC;0;985,2;985,4;985,1;0;20,1;18,8;20,4;20;19,2;18,5;96;91;93;136;5,7;3;
2026/02/21;0300 UTC;0;985,3;985,5;985,2;0;19,8;19,2;20,1;19,6;19,3;19,1;98;96;97;135;5,7;2,7;
2026/02/21;0400 UTC;0;985,6;985,7;985,5;0;19,7;19,4;19,8;19,7;19,4;19,3;99;98;98;141;4,7;2,4;
2026/02/21;0500 UTC;0;985,6;985,7;985,4;0;19,5;19,3;19,7;19,4;19,5;19,3;100;98;99;148;4,1;1,8;
2026/02/21;0600 UTC;0;985,3;985,5;985,2;0;19,4;19,3;19,6;19,3;19,5;19,3;100;99;100;157;3,5;1,8;
2026/02/21;0700 UTC;0;985,1;985,2;985;0;19,2;19,2;19,4;19,1;19,3;19;100;100;100;153;4,1;1,6;
2026/02/21;0800 UTC;0;985,2;985,3;985,1;0;19;18,9;19,1;19;19,1;18,9;100;100;100;163;3,5;1,6;
2026/02/21;0900 UTC;0;985,4;985,6;985,3;0;18,9;18,9;19;18,9;19;18,8;100;100;100;159;4,6;2,4;
2026/02/21;1000 UTC;0;985,8;986;985,6;46,1;18,9;18,9;19,1;18,9;19;18,9;100;100;100;138;4,9;2,5;
2026/02/21;1100 UTC;0;986,3;986,6;986;332,6;19,1;19,1;19,4;19;19,2;19;100;99;100;130;5,8;3;
2026/02/21;1200 UTC;0;986,7;986,9;986,5;716,1;20,1;19,1;21;19,4;19,3;18,7;99;89;95;116;6,3;3,5;
2026/02/21;1300 UTC;0;987;987,1;986,8;1798,3;22,3;18,8;23,7;20,8;19,3;18,4;91;74;83;112;6,8;3,9;
2026/02/21;1400 UTC;0;987;987,1;986,8;2417,7;23,9;18,6;25,3;22,8;19,2;18,2;80;67;74;89;6,8;4,3;
2026/02/21;1500 UTC;0;986,7;986,9;986,3;2456;24,8;18,8;26,3;23,9;19,8;18,2;74;64;70;105;7,1;4,1;
2026/02/21;1600 UTC;0;986;986,3;985,7;3399,7;26,6;19,4;27,9;25,3;20,4;18,3;70;57;64;119;7,3;3,5;
2026/02/21;1700 UTC;0;985,8;985,8;985,6;2907,9;26,9;19,2;28;25,7;20,4;18,4;69;57;62;112;7,4;4,3;
2026/02/21;1800 UTC;0;985,3;985,6;984,7;3173,5;27,7;19,8;28,3;26,8;20,6;18,8;65;55;61;136;9;4;
2026/02/21;1900 UTC;0;984,8;984,9;984,5;2078,5;26,7;19,9;27,6;25,4;20,6;19,2;71;62;66;126;11,1;5,9;
2026/02/21;2000 UTC;0;984,6;984,8;984,4;1503,8;26,1;19,6;27,3;25,2;20,5;19;71;63;67;144;8,6;3,9;
2026/02/21;2100 UTC;0;984,6;984,8;984,3;926,1;25,1;18,9;26,3;24,4;19,9;18,6;72;66;69;129;11;5,9;
2026/02/21;2200 UTC;0;984,7;985;984,3;425,9;23,9;18,4;25;22,8;18,7;18,2;77;68;73;127;9,2;5;
2026/02/21;2300 UTC;0;985,3;985,8;985;13,2;22,2;18,1;22,8;21,8;18,3;17,9;82;77;79;128;8,2;4,9;
2026/02/22;0000 UTC;0;986,1;986,4;985,8;0;21,2;18,1;21,8;20,7;18,3;17,8;86;82;84;133;8,5;4,2;
2026/02/22;0100 UTC;0;986,6;986,8;986,4;0;20,3;17,8;20,7;20;17,9;17,8;89;86;88;130;7,3;3,8;
2026/02/22;0200 UTC;0;986,7;986,8;986,6;0;19,6;18,1;20;19,3;18,2;17,9;95;90;93;126;6,3;4;
2026/02/22;0300 UTC;0;986,8;987;986,5;0;19,2;18,3;19,5;19;18,6;18,2;96;95;95;101;6,9;3,9;
2026/02/22;0400 UTC;0;986,9;987;986,7;0;19,5;18,6;19,8;19,1;18,8;18,5;97;95;96;108;5;2,8;
2026/02/22;0500 UTC;0;986,8;986,9;986,5;0;19,1;18,6;19,2;18,9;18,7;18,5;98;97;98;111;4,6;3;
2026/02/22;0600 UTC;0;986,2;986,5;985,9;0;18,8;18,5;18,9;18,8;18,6;18,5;99;98;98;111;5,4;3,2;
2026/02/22;0700 UTC;0;985,8;985,9;985,6;0;18,8;18,5;18,9;18,8;18,6;18,5;99;98;99;118;5,1;3,3;
2026/02/22;0800 UTC;0;985,7;986;985,5;0;18,8;18,6;19;18,6;18,8;18,4;99;99;99;108;6,7;4;
2026/02/22;0900 UTC;0;985,8;986;985,5;0;18,5;18,3;18,6;18,4;18,5;18,1;99;99;99;111;6,2;3,8;
2026/02/22;1000 UTC;0;986,1;986,4;985,9;86,1;18,4;18;18,7;18,3;18,2;17,9;99;97;98;109;6;3,7;
2026/02/22;1100 UTC;0;986,8;987,1;986,4;742,6;19,7;18,3;20,8;18,7;18,6;18;97;88;93;107;6,4;3,2;
2026/02/22;1200 UTC;0;987,1;987,3;986,9;1457,3;21,7;18,4;22,6;20,7;18,7;18,1;89;78;84;103;6;3,6;
2026/02/22;1300 UTC;0;987,2;987,4;987;2420,8;23,4;18,3;24,7;22,6;18,9;17,7;80;69;75;95;6,6;4,2;
2026/02/22;1400 UTC;0;986,7;987,1;986,5;3032,7;25,3;17,9;25,9;24,4;19,4;17,1;75;58;63;91;9,7;5,8;
2026/02/22;1500 UTC;0;986,1;986,5;985,8;3286,1;26,4;17,9;27;25,8;18,7;17,3;61;54;58;88;10,1;5,5;
2026/02/22;1600 UTC;0;985,5;985,8;985,2;3509,3;27,2;18,1;27,6;26,8;19;17,3;60;52;55;88;10,6;5,9;
2026/02/22;1700 UTC;0;984,9;985,3;984,5;3609,9;27,8;18,1;28,9;27,2;19,5;17,6;55;47;52;86;9,3;5;
2026/02/22;1800 UTC;0;984,2;984,6;983,7;3287,6;28,6;18,4;29,1;27,7;19,2;17,6;52;46;49;104;8,7;5,5;
2026/02/22;1900 UTC;0;983,3;983,7;982,8;2842,6;28,7;18,5;29;28,2;19,1;18;52;47;49;103;9,7;5,7;
2026/02/22;2000 UTC;0;982,7;982,9;982,5;2095,4;28,1;19,3;29;27,2;19,9;18,3;61;50;56;121;10,7;6,8;
2026/02/22;2100 UTC;0;982,3;982,6;982,2;1265,6;27,2;19;27,8;26,4;19,5;18,3;63;54;59;122;10,1;5,5;
2026/02/22;2200 UTC;0;982,5;982,7;982,2;425,2;25,7;18,5;26,6;24,5;19;18,1;69;59;64;108;9;5,3;
2026/02/22;2300 UTC;0;983;983,2;982,7;9,7;23,5;18,5;24,5;22,7;18,7;18,3;80;69;75;103;8,7;4,8;
2026/02/23;0000 UTC;0;983,5;983,8;983,2;0;22,1;18,7;22,7;21,7;18,8;18,6;85;79;83;94;7,6;4,8;
2026/02/23;0100 UTC;0;984,1;984,4;983,8;0;21,2;18,4;21,7;20,9;18,6;18,3;88;85;86;94;7,3;4,4;
2026/02/23;0200 UTC;0;984,4;984,4;984,2;0;20,7;18,1;20,9;20,5;18,3;17,9;87;86;87;89;7,5;3,8;
2026/02/23;0300 UTC;0;984,1;984,3;983,8;0;20,4;17,8;20,6;20,1;17,9;17,6;88;86;87;92;7,8;4,9;
2026/02/23;0400 UTC;0;983,8;983,9;983,5;0;19,9;17,5;20,1;19,7;17,7;17,3;89;87;88;79;8,6;5,3;
2026/02/23;0500 UTC;0;983,4;983,7;983,1;0;19,6;17,2;19,7;19,4;17,3;17,1;89;88;88;80;8,1;5,1;
2026/02/23;0600 UTC;0;983,1;983,2;983;0;19,3;17,1;19,5;19,2;17,1;17;89;88;89;84;7,2;4,3;
2026/02/23;0700 UTC;0;982,7;983,1;982,5;0;19,2;17;19,4;19,1;17,2;16,9;90;89;89;87;6,1;3,9;
2026/02/23;0800 UTC;0;982,5;982,6;982,3;0;19;17,1;19,2;18,8;17,2;17;92;89;90;80;6,2;4,2;
2026/02/23;0900 UTC;0;982,5;982,7;982,4;0;18,8;17,2;18,9;18,7;17,3;17,2;93;92;92;91;5,5;3,2;
2026/02/23;1000 UTC;0;982,7;983;982,4;46,9;18,9;17,4;19,3;18,7;17,6;17,3;93;92;92;97;6;3,3;
2026/02/23;1100 UTC;0;983,1;983,2;982,9;344,1;19,6;17,6;20;19,2;17,8;17,5;92;89;90;86;6,2;3,6;
2026/02/23;1200 UTC;0;982,8;983,1;982,5;979,7;20,7;18,2;22;19,9;19,1;17,7;90;84;87;69;7,4;5,5;
2026/02/23;1300 UTC;0;982,5;982,7;982,3;1499,6;22,8;18,6;23,9;22,1;18,9;18,2;83;73;79;63;9,1;6,1;
2026/02/23;1400 UTC;0;982,3;982,4;982,1;2016,5;24,8;18,6;25,9;23,8;19;18,3;74;64;69;54;9,2;6,7;
2026/02/23;1500 UTC;0;982;982,4;981,6;2351,5;26,7;18,7;27,2;26;19,4;18,3;66;57;60;53;8,3;5,8;
2026/02/23;1600 UTC;0;981,4;981,7;980,9;2218,9;27,3;18,8;28;26,7;19,6;18,4;61;54;58;43;7,6;5,2;
2026/02/23;1700 UTC;0;980,5;980,9;980,1;2475,3;28,2;19;29;27,7;19,9;18,5;58;50;54;39;7,9;5,2;
2026/02/23;1800 UTC;0;979,7;980,1;979,2;2156,2;28,8;18,9;29;28,5;19,6;18,4;53;48;51;47;7;4,2;
2026/02/23;1900 UTC;0;978,6;979,2;978;1876,6;29;19,2;30;28,5;20,4;18,4;54;48;51;90;7,3;4,6;
2026/02/23;2000 UTC;0;977,9;978,1;977,7;1520,4;28,6;19,7;29,3;27,9;20,2;19,2;60;52;56;94;8,8;5,5;
2026/02/23;2100 UTC;0;978,1;978,3;977,9;1053,6;27,7;19,8;28,2;27,4;20,2;19,4;62;59;61;84;9,6;5,1;
2026/02/23;2200 UTC;0;977,8;978;977,6;511,8;26,8;18,7;27,7;25,9;19,6;17,6;61;58;59;84;9,3;5,2;
2026/02/23;2300 UTC;0;978,5;979;977,9;18,8;24,9;17,7;25,9;24,1;18,3;17,5;71;59;64;93;6,4;3,9;
2026/02/24;0000 UTC;0;979,2;979,4;979;0;23,4;18,5;24;23;18,7;18,1;77;71;76;83;6;3,9;
2026/02/24;0100 UTC;0;979,2;979,3;978,9;0;22,6;18,1;23,1;22,1;18,2;17,9;80;75;78;72;6,3;3,8;
2026/02/24;0200 UTC;0;978,8;978,9;978,7;0;22,1;18;22,4;21,9;18,2;17,9;81;77;79;67;6,3;4,2;
2026/02/24;0300 UTC;0;978,7;978,8;978,4;0;21,5;18,2;22;21,3;18,4;18;85;81;83;60;6,6;4,5;
2026/02/24;0400 UTC;0;978,2;978,4;978;0;21,1;18,1;21,4;20,8;18,4;18;87;83;85;46;6,3;4,3;
2026/02/24;0500 UTC;0;977,9;978,1;977,8;0;20,8;18,4;21,1;20,6;18,6;18,3;90;86;88;46;4,4;3,3;
2026/02/24;0600 UTC;0;977,7;978;977,4;0;20,7;18,7;20,8;20,4;18,8;18,6;92;89;90;44;5,1;4;
2026/02/24;0700 UTC;0;977,3;977,6;977,1;0;20,2;18,9;20,4;20;18,9;18,8;94;92;93;43;5,2;4,1;
2026/02/24;0800 UTC;0;976,9;977,2;976,7;0;20;19;20,1;19,9;19,1;18,9;96;94;95;37;4,9;3,7;
2026/02/24;0900 UTC;0;976,9;977;976,8;0;19,9;19,2;19,9;19,8;19,3;19,1;97;96;96;35;4,7;3,5;
2026/02/24;1000 UTC;0;977;977,4;976,8;33,9;19,9;19,4;20,1;19,8;19,6;19,2;98;97;97;16;4,3;3,5;
2026/02/24;1100 UTC;0;977,5;977,7;977,4;157,8;20,5;19,7;20,8;20,2;19,8;19,5;97;94;96;15;3,8;2,5;
2026/02/24;1200 UTC;0;977,7;977,8;977,5;868,3;21,6;19,7;22,9;20,8;20,1;19,5;95;83;91;331;7,2;4,7;
2026/02/24;1300 UTC;0;977,6;977,7;977,5;2128,4;24,5;20,3;25,8;22,9;20,9;19,6;85;72;79;324;8,4;5,5;
2026/02/24;1400 UTC;0;977,6;977,7;977,5;2124;25,6;20,7;26,8;24,9;21,8;20,2;78;71;75;310;6,5;4,5;
2026/02/24;1500 UTC;0;977;977,4;976,5;2511,4;27,1;21,2;28,2;26,6;22;20,5;75;66;71;303;5,5;3,6;
2026/02/24;1600 UTC;0;976,3;976,5;976,1;1596;27,2;21,2;27,5;26,8;21,9;20,7;73;68;70;290;4,2;2,5;
2026/02/24;1700 UTC;0;976,3;976,5;975,9;2137,7;27,5;21,8;28,7;26,8;23,1;21;75;68;72;259;6,2;3,8;
2026/02/24;1800 UTC;0;975,5;975,9;974,9;1685;27,1;22,2;28,6;26,5;22,9;21,6;78;69;75;329;7;5,1;
2026/02/24;1900 UTC;;;;;;;;;;;;;;;;;;
2026/02/24;2000 UTC;0;973,9;974,1;973,7;2190,5;28,7;21,7;28,9;28,4;22,5;21;70;62;65;152;7,2;4,1;
2026/02/24;2100 UTC;0;974;974,2;973,8;962,7;27,9;21,3;29;26,4;21,9;20,7;72;63;67;29;7,6;5,4;
2026/02/24;2200 UTC;3,8;974,9;975,4;974;215;23,3;19,7;26,4;21,4;21,9;17,8;91;72;82;80;3,7;2;
2026/02/24;2300 UTC;0;975,5;975,8;975;20,2;21,6;20;22;21,3;20,3;19,5;94;90;92;30;4,6;3,5;
2026/02/25;0000 UTC;0;975,6;975,9;975,4;0;21,3;19,5;21,6;20,9;20,3;18,5;95;85;91;333;5,8;4,4;
2026/02/25;0100 UTC;0;976,6;977,1;975,9;0;22,2;19,9;22,6;21,1;20,5;18,8;91;86;89;307;4,7;3,3;
2026/02/25;0200 UTC;0;976,8;977,1;976,4;0;22,6;20,1;22,9;22,4;20,6;19,4;90;83;88;275;3,3;2,2;
2026/02/25;0300 UTC;0;976,6;976,8;976,4;0;22,1;19,6;23,5;20,6;20,2;19;97;78;87;36;3,3;2,2;
2026/02/25;0400 UTC;0;976,4;976,7;976,1;0;20,2;19,9;20,6;19,9;20,1;19,7;99;97;99;325;4;3,4;
2026/02/25;0500 UTC;0;976,2;976,4;976,1;0;20,2;19,7;20,7;19,9;20,1;19,5;99;94;98;225;6,9;5;
2026/02/25;0600 UTC;0;976,6;976,9;976,3;0;19,8;19,7;19,9;19,7;19,8;19,6;100;99;100;197;6,3;4;
2026/02/25;0700 UTC;,2;976,7;976,8;976,7;0;19,4;19,4;19,7;18,9;19,7;19;100;100;100;195;7,3;4,4;
2026/02/25;0800 UTC;0;977,1;977,5;976,8;0;18,6;18,7;18,9;18,5;19;18,5;100;100;100;192;6;3,4;
2026/02/25;0900 UTC;0;977,8;978,1;977,6;0;18,6;18,6;18,7;18,5;18,7;18,5;100;100;100;188;6,7;4,4;
2026/02/25;1000 UTC;0;978,7;979,2;978,1;18,4;18,7;18,7;18,9;18,5;18,9;18,5;100;100;100;184;7,3;4,1;
2026/02/25;1100 UTC;,2;979,7;980,2;979,2;71,2;18,9;18,8;19;18,6;19;18,4;100;99;100;180;9;4,6;
2026/02/25;1200 UTC;0;980,3;980,5;980,2;594,4;19,1;18,2;19,6;18,7;18,5;17,8;99;91;96;182;9,9;5,7;
2026/02/25;1300 UTC;0;980,9;981,4;980,5;861,1;18,9;17,8;19,6;18,3;18,3;17,6;97;91;95;179;9;5;
2026/02/25;1400 UTC;0;981,4;981,5;981;1761,9;20,3;17;21,1;19,4;17,8;16,2;91;76;84;168;8,8;4,8;
2026/02/25;1500 UTC;0;980,9;981,2;980,5;2511,6;22;16,6;22,6;21,2;17,5;16;78;68;73;174;8,2;4,2;
2026/02/25;1600 UTC;0;980,7;980,8;980,6;2560,2;22,7;16,2;23,7;22,1;17,3;15,6;72;62;68;178;8;4,7;
2026/02/25;1700 UTC;0;980,5;980,7;980,3;3056,2;23,3;16,2;24,1;21,8;17,3;15,3;72;59;65;185;6,9;3,8;
2026/02/25;1800 UTC;0;980;980,3;979,7;2583;24;16,1;24,6;23,1;17,4;15,4;67;55;61;180;6,4;3,3;
2026/02/25;1900 UTC;0;979,5;979,7;979,3;2731,2;24,8;15,9;25,6;23,5;16,8;14,9;61;50;55;192;9,3;4,9;
2026/02/25;2000 UTC;0;979,1;979,3;978,8;2265,7;25,3;15,3;25,9;25;16,1;14,6;53;46;50;173;6,6;3,8;
2026/02/25;2100 UTC;0;978,8;978,9;978,7;1059,8;25;14,9;25,7;24,1;15,8;14,3;53;46;50;149;5,1;2,6;
2026/02/25;2200 UTC;0;978,8;979;978,7;373,8;23,5;14,9;24,6;21,8;15,4;14,4;64;50;57;129;5,3;2,9;
2026/02/25;2300 UTC;0;979,4;979,8;979;7,5;20,4;14,5;21,7;19,4;14,8;14,2;75;64;71;132;6,2;3,9;
2026/02/26;0000 UTC;0;980,2;980,5;979,8;0;18,6;14,5;19,4;18;14,7;14,3;84;75;80;134;7,5;3,9;
2026/02/26;0100 UTC;0;980,8;981;980,5;0;17,3;14,7;17,9;16,7;14,7;14,6;90;84;87;131;5,6;3,4;
2026/02/26;0200 UTC;0;981,1;981,3;981;0;16,3;14,5;16,7;15,9;14,7;14,2;92;90;91;133;6,4;3,4;
2026/02/26;0300 UTC;0;981,4;981,5;981,3;0;15,5;14,1;15,8;15,2;14,3;13,9;94;92;93;144;4,6;2,4;
2026/02/26;0400 UTC;0;981,6;981,7;981,5;0;15;13,9;15,3;14,9;14,2;13,8;95;94;94;165;3,8;1,9;
2026/02/26;0500 UTC;0;981,5;981,7;981,3;0;15;14,1;15,5;14,3;14,5;13,6;97;95;96;174;2,9;1,1;
2026/02/26;0600 UTC;0;981,2;981,3;981;0;14,1;13,7;14,3;13,9;13,9;13,6;99;97;98;184;2,4;1,6;
2026/02/26;0700 UTC;0;981;981,1;981;0;13,8;13,6;14;13,7;13,8;13,5;99;99;99;200;2,1;1,2;
2026/02/26;0800 UTC;0;981,2;981,4;981;0;13,6;13,5;14;13,3;13,9;13,2;100;99;99;200;2,8;1,6;
2026/02/26;0900 UTC;0;981,5;981,6;981,4;0;13,1;12,8;13,3;12,8;13,1;12,2;99;97;98;184;3,2;2,3;
2026/02/26;1000 UTC;0;982;982,2;981,6;71,9;12,7;12,3;12,9;12,6;12,5;12,2;99;97;98;191;2,9;1,8;
2026/02/26;1100 UTC;0;982,5;982,8;982,2;685,1;13,8;12,8;14,8;12,9;13,2;12,5;98;90;95;195;3,7;2,3;
2026/02/26;1200 UTC;0;982,9;983,1;982,8;1591,9;16;12,9;17,1;14,7;13,4;12,3;91;76;84;179;4,3;2,2;
2026/02/26;1300 UTC;0;983,3;983,4;983,1;1759,9;17,8;12,6;19;17,1;13,2;11,9;80;68;74;170;4,1;2,1;
2026/02/26;1400 UTC;0;983,4;983,5;983,3;1846,7;18,8;12;20;18;12,9;11;73;57;66;133;5,5;2,4;
2026/02/26;1500 UTC;0;983,2;983,4;983;2720,7;20;11,7;20,8;19,4;13,3;10,9;65;54;59;202;5,5;3,5;
2026/02/26;1600 UTC;0;982,7;983;982,4;2538,2;20,6;11,9;21,7;19,7;13,1;10,6;62;51;57;174;5,5;2,5;
2026/02/26;1700 UTC;0;982,2;982,4;981,9;3236,9;21,8;12,4;23,1;20,9;13,5;11,4;59;49;53;179;6,4;2,5;
2026/02/26;1800 UTC;0;981,5;981,9;981,2;2910,9;22,4;12,5;23,3;21,6;13,4;11,6;55;47;51;136;4,8;2,3;
2026/02/26;1900 UTC;0;980,9;981,2;980,7;2963,3;23,1;13;23,6;22,4;14,2;11,9;54;45;49;146;4,9;2,7;
2026/02/26;2000 UTC;0;980,5;980,7;980,4;2083,2;22,8;12,9;23,7;22,2;13,8;12;55;46;50;139;5,5;2,3;
2026/02/26;2100 UTC;0;980,4;980,5;980,3;1179,5;22,6;12,8;23,3;22,1;13,5;12,1;54;47;51;139;3,8;2;
2026/02/26;2200 UTC;;;;;;;;;;;;;;;;;;
2026/02/26;2300 UTC;0;981,1;981,5;980,7;6,1;18,3;12,3;19,4;17,7;12,5;12;73;65;70;130;5,4;3,2;
2026/02/27;0000 UTC;;;;;;;;;;;;;;;;;;
2026/02/27;0100 UTC;0;982,5;982,7;982,3;0;16,3;11,8;16,7;16,1;12;11,7;79;75;77;95;4,8;2,9;
2026/02/27;0200 UTC;0;982,8;982,9;982,7;0;16,3;11,4;16,6;15,9;11,7;11,2;77;74;76;80;4,8;3,1;
2026/02/27;0300 UTC;0;982,7;982,8;982,5;0;15,8;11,4;16,1;15,6;11,5;11,2;79;77;78;83;4,7;2,6;
2026/02/27;0400 UTC;0;982,4;982,6;982,3;0;15,5;10,9;15,7;15;11,2;10,7;79;76;77;90;4,8;2,9;
2026/02/27;0500 UTC;0;982,3;982,4;982,2;0;14,3;10,8;14,9;13,6;11;10,7;86;79;82;100;3,8;2,3;
2026/02/27;0600 UTC;0;982,2;982,3;982;0;13,4;11;13,6;13,3;11,1;10,9;89;86;88;113;3,9;2,8;
2026/02/27;0700 UTC;0;981,8;982;981,7;0;13,4;11,1;13,5;13,3;11,2;11,1;89;88;89;106;4,1;2,6;
2026/02/27;0800 UTC;0;981,9;982,2;981,8;0;13,3;11;13,7;13,1;11,1;11;90;87;89;97;4,7;2,6;
2026/02/27;0900 UTC;0;982,4;982,8;982,2;0;13,4;11,1;13,5;13,2;11,2;11;90;87;89;98;4,1;2,2;
2026/02/27;1000 UTC;0;983,2;983,8;982,7;57,5;14,1;11,1;15,1;13,5;11,2;11;88;80;85;83;3,2;2;
2026/02/27;1100 UTC;0;983,8;984;983,6;656,7;15,9;11,6;16,6;15,2;12,3;11,1;80;76;78;64;4,4;2,9;
2026/02/27;1200 UTC;0;983,9;984,2;983,7;1484,4;17,3;12,3;18,3;16,3;13;11,8;79;70;75;77;4,3;2,7;
2026/02/27;1300 UTC;0;984,1;984,2;984;2352,7;19;12,8;19,6;18,2;13,4;12;72;65;69;80;5,6;3,5;
2026/02/27;1400 UTC;0;983,9;984;983,8;3038;20,1;13,2;21,1;19,1;14,2;12,1;71;61;66;118;7,3;3,1;
2026/02/27;1500 UTC;0;983,8;984,1;983,4;3529,4;21,6;13,8;22,5;20,7;14,7;13;67;53;61;128;7,7;3,6;
2026/02/27;1600 UTC;0;983,1;983,4;982,7;3746,8;22,5;13,7;23,7;21,7;15,4;12,6;64;48;56;152;6,4;3,1;
2026/02/27;1700 UTC;0;982,7;982,8;982,5;3657,5;23,4;13,1;23,9;22,9;14,2;11,5;56;40;48;132;6,4;3,2;
2026/02/27;1800 UTC;0;982,4;982,6;982,2;3349;23,9;12,8;24,3;23,6;14;11,9;51;40;44;134;6,5;3,2;
2026/02/27;1900 UTC;0;981,8;982,2;981,4;2798,3;24,2;12,6;24,7;23,8;13,6;11,9;45;36;42;154;5,7;2,9;
2026/02/27;2000 UTC;0;981,6;981,8;981,5;2050,5;24,2;13,5;24,6;24;14,2;12,7;50;43;46;170;4,5;2,2;
2026/02/27;2100 UTC;0;981,9;982;981,7;1198,9;23,8;13,5;24,5;23,3;14;13;51;45;48;170;5,8;2,9;
2026/02/27;2200 UTC;0;981,9;982;981,8;359,1;22,2;13,3;23,3;20,5;13,6;13,1;64;50;56;151;3,8;1,6;
2026/02/27;2300 UTC;0;982,3;982,6;982;5;19,3;12,9;20,4;18,7;13,2;12,6;70;63;68;144;4,4;2,2;
2026/02/28;0000 UTC;0;983;983,4;982,6;0;18,2;12,9;18,8;17,7;13,4;12,6;78;69;74;139;6;3,2;
2026/02/28;0100 UTC;0;983,5;983,7;983,3;0;17,3;13,4;17,7;16,9;13,5;13,2;81;79;81;135;6,4;3,6;
2026/02/28;0200 UTC;0;983,7;983,8;983,6;0;16,8;12,7;16,9;16,7;13,2;12,4;82;78;79;117;7,3;4,8;
2026/02/28;0300 UTC;0;983,5;983,7;983,2;0;16,1;12,5;16,8;15,6;12,7;12,3;85;78;82;105;5;3;
2026/02/28;0400 UTC;0;982,9;983,2;982,7;0;15,5;12,8;15,7;15,3;12,9;12,7;88;85;87;98;4,1;2,6;
2026/02/28;0500 UTC;0;982,5;982,7;982,4;0;16,2;13,2;16,4;15,4;13,4;12,9;87;85;85;87;4,3;2,5;
2026/02/28;0600 UTC;0;982,4;982,5;982,3;0;16,3;13,4;16,5;16;13,5;13,3;87;85;86;84;4,6;2,7;
2026/02/28;0700 UTC;0;982,3;982,4;982,3;0;16,1;13,5;16,5;15,6;13,5;13,4;89;85;87;98;5;2,9;
2026/02/28;0800 UTC;0;982,4;982,6;982,3;0;15,3;13,4;15,6;15,1;13,5;13,4;92;89;90;104;3,9;2,4;
2026/02/28;0900 UTC;0;982,9;983;982,6;0;15,1;13,4;15,3;15;13,5;13,3;92;91;91;112;4,2;2,8;
2026/02/28;1000 UTC;0;983,3;983,6;983;54,9;15,4;13,4;15,7;15,3;13,5;13,3;91;88;90;118;3,5;2,7;
2026/02/28;1100 UTC;0;983,9;984,1;983,6;660,2;17,1;13,7;18,1;15,7;14,2;13,4;88;78;83;92;4,4;2,8;
2026/02/28;1200 UTC;0;984,4;984,7;984,2;1466,9;19,2;14;20;18,1;14,5;13,6;79;69;74;85;6,5;3,7;
2026/02/28;1300 UTC;0;984,5;984,6;984,4;2330,1;20,7;14,3;21,6;20,1;15,2;13,7;70;66;68;94;6,5;3,7;
2026/02/28;1400 UTC;0;984,4;984,6;984,2;2966,3;22,3;15,1;23,2;21,4;15,9;14,2;69;57;64;108;5,8;2,7;
2026/02/28;1500 UTC;0;984,1;984,3;983,8;3307,8;23,8;15;24,9;22,8;16,3;14,2;63;49;56;159;4,4;2,3;
2026/02/28;1600 UTC;0;983,7;983,9;983,5;3306,3;24,9;15,2;26,1;24;16,3;14,2;56;47;52;125;5,7;2,4;
2026/02/28;1700 UTC;0;983,2;983,5;982,9;3655,5;25,4;15,1;26,2;24,8;15,9;14,5;55;44;48;118;5,9;3,3;
2026/02/28;1800 UTC;0;982,7;983;982,3;3211,2;26,3;15,5;26,9;25,7;16,4;14,8;49;43;46;125;6,6;3,6;
2026/02/28;1900 UTC;0;982;982,4;981,8;2629,4;26,3;15,3;26,6;25,9;15,9;15;49;43;45;127;7,9;4,2;
2026/02/28;2000 UTC;0;981,7;981,8;981,5;1881,2;26,3;15,3;27;25,4;16;14,6;47;42;45;123;6,6;3,9;
2026/02/28;2100 UTC;0;981,6;981,8;981,3;1254,2;25,9;14,8;26,3;25,3;15,3;14,5;47;42;45;128;7,7;4,6;
2026/02/28;2200 UTC;0;981,8;982,2;981,7;354,2;24;14,2;25,2;22,5;14,6;13,9;58;46;51;129;6,9;3,4;
2026/02/28;2300 UTC;0;982,5;982,9;982,2;4,8;21,6;14,6;22,5;20,9;14,9;14,1;70;58;65;129;7,9;4;
2026/03/01;0000 UTC;0;983,4;983,8;982,8;0;20,1;15;20,9;19,5;15;14,8;77;70;74;122;7,6;4,3;
2026/03/01;0100 UTC;0;984;984,2;983,7;0;18,8;14,8;19,5;18,3;14,9;14,7;82;77;80;120;6,9;4,4;
2026/03/01;0200 UTC;0;984,3;984,6;984,1;0;17,7;14,5;18,3;17,2;14,7;14,3;85;82;84;118;5,9;3,4;
2026/03/01;0300 UTC;0;984,7;984,8;984,6;0;17,1;14,2;17,2;17,1;14,3;14,1;86;85;85;106;4,9;3;
2026/03/01;0400 UTC;0;984,4;984,7;984,2;0;16,9;14,1;17,1;16,7;14,2;14;87;85;86;101;5;2,6;
2026/03/01;0500 UTC;0;984,1;984,3;983,9;0;16,8;14;17,1;16,6;14,1;13,9;87;85;86;97;4,8;2,8;
2026/03/01;0600 UTC;0;983,8;983,9;983,8;0;16,2;14,1;16,7;16;14,2;13,9;91;86;90;104;4,5;2,8;
2026/03/01;0700 UTC;0;983,7;983,8;983,5;0;16;14,3;16,1;15,9;14,4;14,2;93;91;92;102;5,1;3;
2026/03/01;0800 UTC;0;983,6;983,7;983,4;0;16;14,5;16,5;15,9;14,8;14,3;94;91;92;96;5,4;3;
2026/03/01;0900 UTC;0;984;984,3;983,7;0;16,6;14,8;16,8;16,5;14,9;14,7;92;90;91;95;4,8;2,7;
2026/03/01;1000 UTC;0;984,7;985;984,4;53,5;16,4;14,7;16,7;15,7;14,9;14,3;93;90;91;139;2,9;1,4;
2026/03/01;1100 UTC;0;985,3;985,6;985;654,1;17;14,9;18,1;15,6;15,4;14,3;94;85;90;181;2,7;1,7;
2026/03/01;1200 UTC;0;985,6;985,6;985,5;1446,5;19;15,5;20,5;17,8;16,2;15,1;88;75;82;109;6;3,7;
2026/03/01;1300 UTC;0;985,4;985,5;985,2;2317,6;21,7;15,7;22,5;20,6;16,3;15,1;77;66;70;88;8,1;4,5;
2026/03/01;1400 UTC;0;985,2;985,3;984,8;2905,9;22,9;15,8;24,1;22,1;16,4;15,1;68;58;64;90;8,3;4,3;
2026/03/01;1500 UTC;0;984,7;984,9;984,3;3467,3;24,2;15,5;25,2;23;16,6;14,8;62;52;57;101;7;4,3;
2026/03/01;1600 UTC;0;984;984,4;983,7;3685,6;25,2;15,1;25,8;24,8;15,8;14,4;54;46;49;98;9,5;5;
2026/03/01;1700 UTC;0;983,4;983,8;983,1;3563;26,2;15,3;26,7;25,6;16,1;14,7;50;42;46;89;8,3;5,5;
2026/03/01;1800 UTC;0;982,9;983,2;982,4;3260,5;26,7;15,6;27,4;26,2;16,5;14,8;48;41;44;98;8,8;4,2;
2026/03/01;1900 UTC;0;982,1;982,5;981,9;2716,6;27;15,7;27,5;26,6;16,5;15,1;46;40;44;94;8,6;4,7;
2026/03/01;2000 UTC;;;;;;;;;;;;;;;;;;
2026/03/01;2100 UTC;0;981,4;981,5;981,1;1169,5;26,3;15,2;26,8;25,6;15,6;14,8;47;41;45;95;8,1;4,9;
2026/03/01;2200 UTC;0;981,4;981,6;981,2;345,9;24,5;14,7;25,6;22,9;15,1;14,2;56;46;51;106;7,1;4;
2026/03/01;2300 UTC;0;981,8;982,1;981,6;3,6;21,8;14;22,9;20,6;14,2;13,8;66;57;61;123;6,2;3,9;
2026/03/02;0000 UTC;0;982,3;982,6;982;0;20;14;20,6;19,4;14,2;13,8;74;66;70;117;7,5;4,4;
2026/03/02;0100 UTC;0;982,7;982,7;982,6;0;18,7;14,2;19,3;18,2;14,2;14,1;79;74;77;103;7,4;3,9;
2026/03/02;0200 UTC;0;982,7;982,7;982,6;0;18;13,8;18,2;17,9;14,1;13,5;80;78;79;96;7,6;4,2;
2026/03/02;0300 UTC;0;982,6;982,7;982,6;0;17,4;13,7;17,9;16,9;14;13,5;85;78;81;97;6,1;3,6;
2026/03/02;0400 UTC;0;982,6;982,6;982,5;0;16,7;14,1;17;16,3;14,2;14;89;85;87;82;5,6;3;
2026/03/02;0500 UTC;0;982,4;982,6;982,1;0;16,5;14,1;16,7;16,3;14,2;14,1;89;87;88;92;5,2;3,1;
2026/03/02;0600 UTC;0;982,1;982,2;982;0;16,1;13,9;16,6;15,8;14,1;13,8;90;87;89;98;5,3;2,8;
2026/03/02;0700 UTC;0;981,8;982;981,7;0;16;13,7;16,2;15,8;13,8;13,7;90;87;89;90;5,4;3;
2026/03/02;0800 UTC;0;981,8;981,9;981,7;0;16,1;13,7;16,3;15,7;13,8;13,5;89;87;88;102;5,5;3,1;
2026/03/02;0900 UTC;0;981,7;981,8;981,7;0;15,6;13,3;15,8;15,5;13,6;13,1;90;86;89;98;5,4;3,2;
2026/03/02;1000 UTC;0;981,7;981,9;981,6;48,9;15,5;13,1;15,9;15,2;13,3;13;89;85;88;109;5,1;3,1;
2026/03/02;1100 UTC;0;982;982,1;981,9;648,4;16,9;13,5;18;15,7;13,8;13,3;88;77;83;93;7,1;3,9;
2026/03/02;1200 UTC;0;981,9;982,1;981,8;1454,2;19,3;14,1;20,1;18,1;14,7;13,5;78;72;74;82;8,6;5,3;
2026/03/02;1300 UTC;0;981,8;981,9;981,7;2292,5;21,9;15,3;23,5;19,9;16,1;14,5;73;61;67;80;8,4;5;
2026/03/02;1400 UTC;0;981,6;981,8;981,4;2942;24,5;16,2;25,5;23,4;16,9;15,6;63;56;59;65;9;5,6;
2026/03/02;1500 UTC;0;981;981,4;980,6;3355,2;25,9;17,2;26,6;25,2;18;16,3;59;53;56;61;7,7;5,3;
2026/03/02;1600 UTC;0;980,3;980,6;979,8;3446,8;27;18,1;27,9;26,2;18,8;17,3;59;53;55;93;8,8;4,2;
2026/03/02;1700 UTC;0;979,3;979,8;978,8;3551,1;28,5;18,9;29,7;27,5;19,8;17,9;56;48;52;91;9;4,9;
2026/03/02;1800 UTC;0;978,4;978,8;978;3073,8;29,1;19;29,9;28,2;19,6;18,3;52;46;49;75;7,8;4,9;
2026/03/02;1900 UTC;0;977,8;978,1;977,5;2418;29;19,1;29,5;28,2;19,8;18,5;53;49;51;97;8,4;5,1;
2026/03/02;2000 UTC;0;977,6;977,7;977,5;1500,7;28,5;18,9;29,3;27,7;19,4;18,3;54;49;52;74;8,5;5,5;
2026/03/02;2100 UTC;0;977,6;977,6;977,4;1150,9;28,2;18,7;28,9;27,6;19,3;18,2;55;50;53;74;8,5;5,3;
2026/03/02;2200 UTC;0;977,8;978;977,5;322,9;26,4;18,3;27,6;25,1;18,5;18;65;55;59;91;7,2;4,2;
2026/03/02;2300 UTC;0;978,3;978,6;978;3,4;23,7;17,9;25,1;22,9;18,1;17,7;74;65;71;96;7,9;5;
2026/03/03;0000 UTC;0;978,9;979,2;978,6;0;22,3;17,5;22,9;21,6;17,7;17,4;79;74;76;78;7,3;4,8;
2026/03/03;0100 UTC;0;979,5;979,7;979,2;0;21,2;17,2;21,6;20,8;17,4;17,1;81;78;80;73;7,4;4,7;
2026/03/03;0200 UTC;0;979,6;979,8;979,4;0;20,6;16,9;20,8;20,4;17,1;16,8;83;80;82;60;8,9;5,7;
2026/03/03;0300 UTC;0;979,8;979,9;979,7;0;20;16,7;20,5;19,6;16,8;16,6;85;82;83;49;7,9;5,1;
2026/03/03;0400 UTC;0;979,7;979,9;979,6;0;19,6;16,6;19,9;19,3;16,6;16,5;86;83;85;52;7,6;5,4;
2026/03/03;0500 UTC;0;979,6;979,7;979,5;0;19,1;16,5;19,4;18,9;16,5;16,4;88;86;87;56;7,3;4,8;
2026/03/03;0600 UTC;0;979,6;979,7;979,5;0;18,9;16,4;19,1;18,6;16,6;16,3;89;87;88;61;6,8;4,9;
2026/03/03;0700 UTC;0;979,6;979,6;979,5;0;18,5;16,3;18,6;18,4;16,4;16,3;90;88;89;58;6,2;4,4;
2026/03/03;0800 UTC;0;979,7;979,9;979,6;0;18,5;16,3;18,7;18,3;16,4;16,3;90;88;89;46;6,4;4,6;
2026/03/03;0900 UTC;0;979,8;979,9;979,7;0;18,6;16,4;18,7;18,5;16,4;16,3;90;88;89;58;6,5;4,4;
2026/03/03;1000 UTC;0;979,8;979,9;979,7;57,1;18,7;16,4;18,8;18,6;16,5;16,3;89;88;88;65;6,9;4;
2026/03/03;1100 UTC;0;979,9;980,1;979,8;569;19,5;16,6;20,3;18,8;16,8;16,4;88;81;85;59;5,8;4,1;
2026/03/03;1200 UTC;0;980,2;980,4;980,1;1396,5;21,4;17,1;22,5;20,3;17,7;16,7;82;75;79;52;8,4;6,3;
2026/03/03;1300 UTC;0;980,3;980,4;980;2211;24,4;18;25,9;22,5;18,7;17,5;76;64;68;42;7,7;5,7;
2026/03/03;1400 UTC;;;;;;;;;;;;;;;;;;
2026/03/03;1500 UTC;0;979,8;980,2;979,5;3221,4;28,8;20,3;30,2;27,6;21,4;19,4;61;53;58;57;5,8;4,2;
2026/03/03;1600 UTC;0;979,4;979,6;979,3;3022;30,5;21;31,5;29,6;21,9;20,4;57;49;53;58;5,4;3,2;
2026/03/03;1700 UTC;0;979,1;979,4;978,7;2792;31,4;21,3;32,1;30,7;22,1;20,8;54;47;50;74;4,2;2;
2026/03/03;1800 UTC;0;978,4;978,7;978,1;2142,7;32,2;21,7;33,4;31,4;22,7;21,1;51;43;47;294;5,8;3,8;
2026/03/03;1900 UTC;0;977,8;978,1;977,5;1589,6;31,8;21,5;32,3;31,4;22,1;20,9;51;45;49;225;3,2;1,9;
2026/03/03;2000 UTC;0;977,8;977,9;977,5;1122,8;31,3;21,3;31,6;31,1;21,8;21;52;47;50;206;2,6;1,7;
2026/03/03;2100 UTC;0;977,9;978;977,7;490,4;29,9;21,8;31,1;29,1;22;21,4;64;52;60;146;3,4;1,5;
2026/03/03;2200 UTC;0;977,9;978;977,7;286,3;28,8;21,6;29,3;27,9;22,1;21,2;68;61;64;138;3,8;1,9;
2026/03/03;2300 UTC;0;978,3;978,8;978;4,7;26,9;20,9;27,9;25,7;21,2;20,4;74;66;70;103;5,9;2,9;
2026/03/04;0000 UTC;0;979,2;979,4;978,8;0;25;20,1;25,7;24,4;20,4;19,9;78;74;76;97;5,2;3,2;
2026/03/04;0100 UTC;0;979,5;979,8;979,2;0;24,4;19,6;24,6;24;20;19,4;77;75;76;85;5,6;3,5;
2026/03/04;0200 UTC;0;979,6;979,7;979,3;0;24;19,3;24,3;23,5;19,5;19,2;79;76;77;57;6,2;3,6;
2026/03/04;0300 UTC;0;979,8;979,9;979,7;0;23,3;18,9;23,7;23;19,2;18,6;80;76;78;42;6,6;4,1;
2026/03/04;0400 UTC;0;979,9;980;979,6;0;22,3;18,5;23;21,8;18,7;18,3;82;78;81;51;5,6;4,3;
2026/03/04;0500 UTC;0;979,8;979,9;979,6;0;21,6;18,1;21,9;21,3;18,3;18;84;81;83;52;5,5;4,1;
2026/03/04;0600 UTC;0;979,5;979,6;979,5;0;21,2;17,9;21,3;21;18;17,9;84;83;84;37;5,7;3,9;
2026/03/04;0700 UTC;0;979,5;979,6;979,4;0;21,1;18;21,3;21;18,1;17,9;85;83;84;24;5,1;3,7;
2026/03/04;0800 UTC;0;979,7;979,8;979,6;0;21,2;18,1;21,3;21,1;18,2;17,9;86;84;84;16;4,6;3,6;
2026/03/04;0900 UTC;0;979,8;980;979,7;0;21,1;18,2;21,2;21;18,3;18,1;86;85;85;37;4,7;3,8;
2026/03/04;1000 UTC;0;979,9;980;979,7;21;21;18,2;21,2;20,7;18,2;18,1;87;85;86;43;5,4;3,8;
2026/03/04;1100 UTC;4,4;980,2;980,9;980;185,5;20,9;18,4;21,6;19,9;19,2;18;96;84;87;224;7,4;3,4;
2026/03/04;1200 UTC;0;981;981,6;980,3;404,6;20,3;19,4;21,2;19,8;20,3;19,1;97;94;96;204;4,7;2,3;
2026/03/04;1300 UTC;0;981,8;982,6;981,5;996,4;21,5;20;21,9;21,1;20,4;19,6;95;89;93;205;4,5;2,5;
2026/03/04;1400 UTC;9,2;982,8;983,3;982,2;198,5;20,5;20;21,4;20,3;20,3;19,5;99;91;97;181;5,6;3,5;
2026/03/04;1500 UTC;10,4;982,7;983;982,1;276,5;20,3;20,2;20,5;20,2;20,4;20,1;100;99;99;110;4,5;2,9;
2026/03/04;1600 UTC;2;982,6;982,9;982,4;308,1;20,5;20,3;20,7;20,2;20,5;20,1;100;99;99;82;3,5;2,2;
2026/03/04;1700 UTC;3,2;982;982,6;981,7;436,7;20,5;20,4;21;20,3;20,9;20,1;100;99;99;68;5,1;3,5;
2026/03/04;1800 UTC;0;981,1;981,9;980,4;3121,6;23,3;21,5;25,5;20,9;23,2;20,8;99;77;91;204;4,4;2,5;
2026/03/04;1900 UTC;0;980,4;980,5;980,3;2553,2;25,1;21,7;25,7;24,6;23;20,7;88;76;83;51;4,7;3,2;
2026/03/04;2000 UTC;0;980,4;980,6;980,2;1621,7;25,1;21,5;25,5;24,5;22,2;20,9;86;79;82;72;5,6;3,2;
2026/03/04;2100 UTC;0;980,6;980,9;980,3;662,5;24,7;21,1;25,2;24,2;21,5;20,8;84;80;82;130;4,7;2,5;
2026/03/04;2200 UTC;0;981;981,2;980,8;104;23,4;20,8;24,2;22,6;21;20,5;91;83;87;155;3,7;2;
2026/03/04;2300 UTC;0;981,5;981,7;981,2;2,2;22,2;20,8;22,6;21,8;20,9;20,7;95;91;93;155;4,5;2,4;
2026/03/05;0000 UTC;0;982,1;982,8;981,6;0;21,7;21;21,8;21,5;21,2;20,8;98;95;97;154;3,8;1,9;
2026/03/05;0100 UTC;0;983;983,2;982,8;0;21,4;21,1;21,6;21,3;21,3;20,5;99;96;98;125;6,1;3,8;
2026/03/05;0200 UTC;0;983,2;983,3;983,1;0;21;20,2;21,4;20,6;20,5;19,9;96;96;96;130;5,6;3,3;
2026/03/05;0300 UTC;0;983,2;983,3;983,1;0;20,4;19,9;20,6;20,4;20,3;19,6;99;96;97;123;5,4;3;
2026/03/05;0400 UTC;0;983,3;983,3;983,2;0;20,4;20,4;20,5;20,2;20,4;20,3;100;99;100;110;4,9;3,2;
2026/03/05;0500 UTC;0;983;983,2;982,8;0;20,2;20,3;20,3;20,2;20,3;20,2;100;100;100;138;4,2;2,2;
2026/03/05;0600 UTC;0;982,8;982,8;982,7;0;20,1;20,1;20,2;20;20,2;20;100;100;100;143;4,2;2,4;
2026/03/05;0700 UTC;0;982,7;982,8;982,5;0;20,1;20,1;20,1;20;20,1;20,1;100;100;100;139;4,8;2,4;
2026/03/05;0800 UTC;0;982,7;982,8;982,5;0;20;20;20,1;19,9;20,1;19,9;100;100;100;130;4,7;2,8;
2026/03/05;0900 UTC;0;983;983,3;982,8;0;20;20;20;19,9;20,1;19,9;100;100;100;144;4,4;2,2;
2026/03/05;1000 UTC;0;983,6;983,8;983,2;9,1;20,1;20,2;20,2;20;20,2;20;100;100;100;128;5,3;3,1;
2026/03/05;1100 UTC;0;984,1;984,4;983,8;397,9;20,4;20,5;20,7;20,2;20,7;20,2;100;100;100;128;6,7;3,6;
2026/03/05;1200 UTC;0;984,6;984,8;984,4;678,5;21,1;20,5;22;20,6;20,8;20;100;90;97;120;6,3;3,8;
2026/03/05;1300 UTC;0;984,8;985;984,7;1431,7;22,7;19,8;23,5;21,9;20,4;19,1;92;79;86;113;8,9;5,8;
2026/03/05;1400 UTC;0;984,8;985;984,4;2099,8;24,3;19,6;25,1;23,4;20,5;18,8;82;70;76;126;8,7;5;
2026/03/05;1500 UTC;0;984,2;984,5;984;3034;25,6;19,7;26,5;24,9;20,7;19,2;75;66;71;134;8,4;4,5;
2026/03/05;1600 UTC;0;983,8;984;983,4;3368,6;26,6;20,1;27,4;25,9;20,8;19,2;72;62;67;132;9,2;5,2;
2026/03/05;1700 UTC;0;983,5;983,7;983,3;3349,4;27,2;19,8;28,1;26,5;20,9;19,3;68;58;63;140;8,1;4,3;
2026/03/05;1800 UTC;0;983,1;983,3;982,9;3039,2;27,6;19,8;28,3;26,9;20,9;19;65;58;61;146;8,7;4,6;
2026/03/05;1900 UTC;0;983,1;983,2;983;1760,7;27,1;19,6;28,5;26,3;21;19;66;58;63;143;7,5;4;
2026/03/05;2000 UTC;0;983,2;983,3;983;1106,5;25,9;19,2;26,8;25,2;19,8;18,9;70;63;67;142;7,6;4,1;
2026/03/05;2100 UTC;0;983,1;983,3;982,9;875,2;25,1;19,2;26;24,6;19,7;18,8;74;66;70;146;8,3;4;
2026/03/05;2200 UTC;0;983,4;983,7;983,1;276,5;23,6;19;24,5;22,6;19,3;18,8;82;73;77;127;7,2;4,2;
2026/03/05;2300 UTC;0;984;984,3;983,6;,7;21,9;18,8;22,5;21,4;19,1;18,6;86;82;84;137;6;3,3;
2026/03/06;0000 UTC;0;984,5;984,7;984,2;0;20,8;18,5;21,3;20,2;18,6;18,4;91;87;88;142;4,8;2,6;
2026/03/06;0100 UTC;0;985,1;985,3;984,7;0;20;18,7;20,3;19,7;19;18,5;96;91;93;142;5,5;2,9;
2026/03/06;0200 UTC;0;985,3;985,4;985,1;0;19,6;19;19,7;19,5;19,1;18,9;98;96;97;139;5,8;3;
2026/03/06;0300 UTC;0;985,3;985,5;984,9;0;19,4;19;19,5;19,2;19,2;18,9;99;98;98;129;6;3,7;
2026/03/06;0400 UTC;0;985,2;985,3;984,9;0;19,5;19,5;19,5;19,4;19,6;19,3;100;99;100;123;5,7;3,2;
2026/03/06;0500 UTC;0;984,8;985,2;984,4;0;19,5;19,5;19,6;19,5;19,6;19,5;100;100;100;135;5,1;3;
2026/03/06;0600 UTC;0;984,1;984,4;983,7;0;19,4;19,4;19,5;19,3;19,5;19,3;100;100;100;123;5,4;3,5;
2026/03/06;0700 UTC;0;983,6;983,8;983,4;0;19,2;19,3;19,3;19,2;19,3;19,2;100;100;100;142;5,3;2,4;
2026/03/06;0800 UTC;0;983,5;983,6;983,4;0;19,2;19,3;19,3;19,1;19,3;19,2;100;100;100;131;5,5;2,7;
2026/03/06;0900 UTC;0;983,8;984;983,6;0;19,1;19,2;19,3;19,1;19,3;19,1;100;100;100;152;4,2;2;
2026/03/06;1000 UTC;0;984,1;984,2;983,9;17,5;19,5;19,6;19,7;19,2;19,7;19,2;100;100;100;123;5,8;3,3;
2026/03/06;1100 UTC;0;984,3;984,6;984;440;20,1;20,1;20,7;19,7;20,8;19,7;100;100;100;126;5,8;3,6;
2026/03/06;1200 UTC;0;984,7;984,9;984,5;782,9;21;20,4;21,6;20,4;20,9;19,9;100;93;97;114;6;3,9;
2026/03/06;1300 UTC;0;984,7;984,8;984,6;1376,9;22,6;20,1;23,4;21,5;20,4;19,8;93;82;88;114;8;4,8;
2026/03/06;1400 UTC;0;984,3;984,6;983,7;1904,1;24,3;19,7;25,4;23,3;20,5;19,2;84;70;77;106;9,2;5,2;
2026/03/06;1500 UTC;0;983,5;983,7;983,3;2093,2;25,6;19,2;26,3;24,7;19,8;18,7;74;66;68;94;5,9;3,6;
2026/03/06;1600 UTC;0;983,2;983,5;982,9;2418,7;26,6;19,4;27,6;25,8;20,5;18,7;68;60;64;109;7;4,3;
2026/03/06;1700 UTC;0;982,6;983;982;2836,8;27,3;19,9;27,9;26,7;21,2;19,1;68;59;63;122;8;4,5;
2026/03/06;1800 UTC;0;982,1;982,2;981,9;1689,3;27;20,1;28,1;26,4;21,1;19,6;68;62;65;129;7,1;4,2;
2026/03/06;1900 UTC;0;981,3;981,9;980,9;1869,7;27;20,7;27,9;26,2;21,3;20,1;74;64;68;147;7,8;3,8;
2026/03/06;2000 UTC;0;980,6;981;980,3;814,9;25,5;20,5;26,6;24,8;21,2;20;77;71;75;139;9,4;5,2;
2026/03/06;2100 UTC;0;980,7;980,9;980,4;456,7;24,4;19,8;24,7;23,8;20,2;19,3;80;75;77;139;9,4;3,7;
2026/03/06;2200 UTC;0;980,9;981,1;980,6;124,3;23;19,4;23,7;22,4;19,6;19;85;77;82;129;7,6;3,9;
2026/03/06;2300 UTC;0;981,4;981,7;981,1;,2;22,1;19,2;22,4;21,7;19,6;19;88;84;86;132;8,5;4;
2026/03/07;0000 UTC;,2;981,9;982,3;981,6;0;21,3;19,2;21,6;20,7;19,6;19,1;94;88;90;132;8,1;4,4;
2026/03/07;0100 UTC;,6;982,7;983;982,3;0;20,5;19,8;20,7;20,4;20;19,6;98;94;96;130;5,9;3,6;
2026/03/07;0200 UTC;1,2;983;983,1;982,9;0;20,3;20;20,4;20,2;20,1;20;99;98;98;131;6,2;3,3;
2026/03/07;0300 UTC;1,6;982,3;982,9;981,4;0;20,1;20;20,2;20,1;20;20;100;99;99;126;8,6;4,5;
2026/03/07;0400 UTC;,4;981;981,4;980,7;0;20,1;20,1;20,2;20,1;20,2;20;100;100;100;118;7,3;4,7;
2026/03/07;0500 UTC;,2;980,9;981;980,7;0;20,2;20,2;20,3;20,2;20,3;20,2;100;100;100;122;6,6;3,7;
2026/03/07;0600 UTC;,2;980,4;980,8;979,8;0;20,3;20,3;20,4;20,3;20,4;20,3;100;100;100;112;5,4;3,6;
2026/03/07;0700 UTC;0;979,5;979,8;979,3;0;20,2;20,3;20,3;20,2;20,3;20,2;100;100;100;114;4;2,4;
2026/03/07;0800 UTC;0;979,2;979,3;979,1;0;20,2;20,2;20,3;20,2;20,3;20,2;100;100;100;152;3;1,6;
2026/03/07;0900 UTC;0;979,5;979,7;979,3;0;20,3;20,3;20,3;20,2;20,3;20,2;100;100;100;169;4,3;2,4;
2026/03/07;1000 UTC;1,4;979,7;979,8;979,4;6;20,2;20,3;20,3;20,1;20,3;20,1;100;100;100;153;5,4;2,7;
2026/03/07;1100 UTC;2;979,7;980,1;979,3;10,1;19,9;19,9;20,2;19,1;20,2;19,1;100;100;100;185;8,8;5;
2026/03/07;1200 UTC;1;980,6;980,9;980,1;26,3;18,3;18,4;18,9;18,1;18,9;18,1;100;100;100;170;7,8;4,2;
2026/03/07;1300 UTC;3,2;980,5;980,9;979,5;38;18,1;18,2;18,4;17,9;18,4;17,9;100;100;100;159;12,4;4;
2026/03/07;1400 UTC;,6;981,2;981,4;980,9;194,2;17,8;17,9;18,1;17,7;18,1;17,7;100;100;100;149;8,7;2,8;
2026/03/07;1500 UTC;,2;981,3;981,4;981,1;877,3;18,6;18,3;19,5;18,1;18,8;18,1;100;94;98;140;7;3,4;
2026/03/07;1600 UTC;0;980,7;981,1;980,5;2562,4;21;18,9;22,5;19,5;20;18,1;97;81;89;129;7,5;3,6;
2026/03/07;1700 UTC;0;980,8;980,9;980,5;2396,9;22,8;18,5;23,6;21,9;19,5;18;85;75;79;151;6,5;3,4;
2026/03/07;1800 UTC;0;980,5;980,9;980;2015,1;23,2;18,3;24,1;22,5;19,2;17,6;80;70;75;151;7;3,5;
2026/03/07;1900 UTC;0;979,9;980;979,8;2097,2;24,1;18,1;24,7;23,4;19;17,1;75;67;70;150;7,9;3,4;
2026/03/07;2000 UTC;0;979,9;980,1;979,8;1579,1;23,8;17,7;24,9;22,9;19;17,1;75;66;69;143;9;3,8;
2026/03/07;2100 UTC;0;980,2;980,3;980;945,1;22,2;17,8;23,2;21,3;18,4;17,5;85;74;78;144;7,7;3,5;
2026/03/07;2200 UTC;0;980,3;980,6;979,8;275,7;21;17,1;22,5;20;17,9;16,7;86;72;81;150;7,4;3,1;
2026/03/07;2300 UTC;0;981;981,3;980,6;,6;19,4;17,3;20;18,7;17,5;17,2;93;86;90;153;6,6;2,8;
2026/03/08;0000 UTC;0;982;982,3;981,4;0;18,3;17,5;18,7;18,1;17,7;17,3;97;93;96;147;4,1;2,4;
2026/03/08;0100 UTC;0;982,7;983;982,3;0;18,3;17,7;18,5;18,2;17,8;17,6;98;96;97;141;4;2,1;
2026/03/08;0200 UTC;0;983,1;983,4;982,9;0;18,3;17,8;18,5;18,2;18;17,7;98;97;97;143;4,8;2,2;
2026/03/08;0300 UTC;0;983,3;983,4;983,1;0;18,3;17,9;18,4;18,2;18,1;17,8;98;97;98;145;4,4;2,2;
2026/03/08;0400 UTC;0;983,2;983,3;983,1;0;18,2;17,9;18,3;18,1;18;17,9;99;98;99;150;3,6;1,6;
2026/03/08;0500 UTC;0;982,9;983,3;982,7;0;18;17,9;18,2;17,8;18,1;17,8;100;99;100;154;4,3;2,1;
2026/03/08;0600 UTC;0;982,7;982,8;982,5;0;17,9;17,9;18;17,7;18;17,8;100;100;100;137;7;3,3;
2026/03/08;0700 UTC;,2;982,5;982,7;982,4;0;17,9;17,9;18;17,8;18;17,8;100;100;100;136;6,1;2,7;
2026/03/08;0800 UTC;0;982,7;982,9;982,5;0;18,1;18,1;18,2;17,9;18,2;18;100;100;100;136;5,9;2,8;
2026/03/08;0900 UTC;0;983,2;983,4;982,8;0;18;18;18,1;17,8;18,2;17,9;100;100;100;134;7,1;3,6;
2026/03/08;1000 UTC;0;983,9;984,4;983,4;21;17,9;17,9;18;17,8;18,1;17,8;100;100;100;140;5,8;2,5;
2026/03/08;1100 UTC;0;984,7;985;984,4;438,1;18,2;18,2;18,7;17,9;18,7;17,9;100;97;100;119;7,2;4,6;
2026/03/08;1200 UTC;0;985,4;985,7;985;1034,9;19,6;17,9;20,2;18,7;18,3;17,4;97;86;92;115;7,8;4,6;
2026/03/08;1300 UTC;0;985,9;986;985,6;1300,8;20,8;17,3;21,3;20,2;18;16,8;87;80;83;105;7,4;4,2;
2026/03/08;1400 UTC;0;986,1;986,3;985,9;1275,6;21,7;16,8;22,1;21,1;17,2;16,1;80;72;76;114;7,5;4,2;
2026/03/08;1500 UTC;0;985,7;986;985,3;1780,7;22,6;16,3;23,2;22,1;17;15,8;74;64;69;114;9,4;6,2;
2026/03/08;1600 UTC;0;985,3;985,4;985,1;2360,3;23,5;16,4;24,2;22,8;17,3;15,6;68;61;65;118;8,8;5,3;
2026/03/08;1700 UTC;0;985,2;985,4;984,9;1543,8;22,9;16,5;23,4;22,4;17,3;16;72;65;68;128;10;5,3;
2026/03/08;1800 UTC;0;984,9;985,2;984,4;2019,6;22,8;16,7;23,3;22,3;17,3;16,3;73;66;69;122;9,9;6,5;
2026/03/08;1900 UTC;0;984,5;984,6;984,1;1721,6;23,1;16;23,9;22,7;16,8;15,4;68;62;64;105;10,2;6,3;
2026/03/08;2000 UTC;0;984,2;984,4;983,8;1430,8;23;15,6;23,6;22,7;16,2;15,1;66;60;63;113;9,9;6,3;
2026/03/08;2100 UTC;0;984,1;984,2;983,9;879,4;22,4;14,5;23,1;21,9;15,2;13,8;63;59;61;127;9,7;5,2;
2026/03/08;2200 UTC;0;984,6;985,1;984;257,5;20,8;13,2;21,9;19,6;13,9;12,9;66;59;62;130;10;5;
2026/03/08;2300 UTC;0;985,8;986,4;985,1;,2;19;13,1;19,6;18,3;13,3;12,8;75;66;71;137;6,5;3,5;
2026/03/09;0000 UTC;0;986,9;987,4;986,4;0;18,2;13,5;18,3;17,9;13,8;13,3;78;75;77;133;7,3;4,1;
2026/03/09;0100 UTC;0;987,9;988,4;987,5;0;17,3;13,3;17,9;16,5;13,5;13,1;83;77;80;141;6,1;2,9;
2026/03/09;0200 UTC;0;988,5;988,8;988,3;0;16,4;13,4;16,6;16,1;13,7;13,1;86;83;85;136;7,1;3,4;
2026/03/09;0300 UTC;0;988,7;988,8;988,5;0;16,5;13,8;16,8;16,2;13,9;13,7;88;85;87;133;6,4;3,6;
2026/03/09;0400 UTC;0;988,4;988,7;988,3;0;15,9;13,5;16,2;15,7;13,8;13;88;86;88;135;6,3;3,7;
2026/03/09;0500 UTC;0;987,5;988,3;986,6;0;15,7;12,8;15,8;15,6;13;12,6;86;85;86;116;9,4;5,8;
2026/03/09;0600 UTC;0;986;986,6;985,4;0;15,7;12,6;15,9;15,5;12,8;12,4;86;83;84;106;8,3;4,4;
2026/03/09;0700 UTC;0;986,2;986,6;985,8;0;15,7;12,2;15,8;15,6;12,5;11,9;84;81;83;139;6,4;3,5;
2026/03/09;0800 UTC;0;986,6;987,1;986,4;0;15,3;11,9;15,7;15,1;12,2;11,8;85;82;83;134;6,8;3,3;
2026/03/09;0900 UTC;0;987,5;987,8;987,1;0;14,5;12;15;14,2;12,2;11,8;90;84;88;157;4,7;2,5;
2026/03/09;1000 UTC;0;988;988,1;987,9;22,3;14,5;12;15,1;13,9;12,1;11,8;91;84;87;128;7,4;4,3;
2026/03/09;1100 UTC;0;988,5;988,9;987,9;532,9;16;12,3;17,2;14,9;12,7;12;85;78;81;112;6,9;4,7;
2026/03/09;1200 UTC;0;989,1;989,3;988,8;1384,5;18,1;12,9;19,1;17,2;13,4;12,5;78;70;74;93;7,4;4,2;
2026/03/09;1300 UTC;0;989,2;989,4;989;2221,3;19,9;13,6;20,8;19;14,1;13;71;64;69;99;10,3;6,8;
2026/03/09;1400 UTC;0;989;989,2;988,7;2615,2;21,4;13,8;22;20,9;14,4;13,3;66;58;62;108;10,9;6,3;
2026/03/09;1500 UTC;0;988,7;988,9;988,2;2878,3;22,4;14,3;24,1;21,4;15,6;13,4;62;53;59;104;9,1;5,1;
2026/03/09;1600 UTC;0;988,1;988,4;987,9;3418,3;23,6;15,1;24,2;22,7;16,1;14,3;63;54;58;122;9,9;5;
2026/03/09;1700 UTC;0;987,8;988;987,5;2587,3;23,5;15,2;24,4;22,6;16,6;14,5;63;53;59;122;9,3;4,8;
2026/03/09;1800 UTC;0;987,4;987,7;987,1;2260,1;23,9;15,6;24,5;23,2;16,5;15;63;55;59;117;8,9;5,8;
2026/03/09;1900 UTC;0;986,8;987,2;986,6;2328,9;24;15,5;24,5;23,1;16,2;14,8;63;54;58;120;9,4;6;
2026/03/09;2000 UTC;0;986,6;986,9;986,4;1757,6;23,7;15,3;24,4;23;15,8;14,8;61;54;58;110;9,8;5,8;
2026/03/09;2100 UTC;0;986,5;986,7;986,2;976,5;22,8;14,8;23,6;22,2;15,4;14,4;63;57;60;119;8,6;5,6;
2026/03/09;2200 UTC;0;986,8;987,1;986,5;223,5;21,1;14,5;22,3;20,3;14,8;14,3;71;62;67;113;7,1;4,4;
2026/03/09;2300 UTC;0;987,3;987,7;987;,2;19,8;14,3;20,3;19,4;14,4;14,1;74;70;72;116;5,9;3,7;
2026/03/10;0000 UTC;0;987,9;988,2;987,6;0;18,9;14,2;19,3;18,6;14,3;14;78;74;76;126;5,7;3,6;
2026/03/10;0100 UTC;0;988,1;988,2;988;0;18,3;14;18,6;18;14,3;13,9;80;78;79;126;7,6;3,8;
2026/03/10;0200 UTC;0;988,4;988,5;988,2;0;17,7;13,9;18,1;17,6;14;13,8;82;80;81;121;6,4;3,4;
2026/03/10;0300 UTC;0;988,5;988,6;988,4;0;17,5;13,9;17,8;17,3;14;13,9;83;81;82;131;4,8;2,6;
2026/03/10;0400 UTC;0;988,4;988,5;988,3;0;17;13,9;17,3;16,8;14,1;13,8;86;83;84;145;5,2;2,5;
2026/03/10;0500 UTC;0;988;988,4;987,7;0;16,7;14;16,8;16,6;14,2;14;88;86;87;145;4,3;2,3;
2026/03/10;0600 UTC;0;987,6;987,7;987,5;0;16,5;14,3;16,7;16,4;14,5;14,1;90;88;89;152;4,4;2,3;
2026/03/10;0700 UTC;0;987,6;987,7;987,3;0;16,5;14,6;16,5;16,4;14,8;14,5;92;90;91;137;5,4;2,9;
2026/03/10;0800 UTC;0;987,4;987,5;987,3;0;16,6;14,7;16,8;16,4;14,9;14,6;92;89;90;136;5,5;3,1;
2026/03/10;0900 UTC;0;987,5;987,6;987,4;0;16,9;14,3;17;16,7;14,6;14,2;89;86;87;128;6,5;3,6;
2026/03/10;1000 UTC;0;988,1;988,4;987,6;10,9;16,8;14,6;17;16,8;14,7;14,4;89;88;89;131;6,1;3,5;
2026/03/10;1100 UTC;0;988,7;988,9;988,4;177,4;17,3;14,8;17,6;17;15;14,6;88;86;87;130;6,7;3,8;
2026/03/10;1200 UTC;0;988,9;989;988,7;594,2;18,2;15,2;18,7;17,7;15,7;15;87;83;85;127;7,6;4,2;
2026/03/10;1300 UTC;0;988,9;989;988,7;812,3;18,9;15,9;19,4;18,7;16,3;15,5;86;83;85;114;8,2;5;
2026/03/10;1400 UTC;0;988,9;989;988,7;1134,6;19,6;16,5;20,3;19,4;17,3;16;87;82;84;106;8,4;5,4;
2026/03/10;1500 UTC;0;988,4;988,8;988,1;1107,5;20,1;16,8;20,4;19,7;17,2;16,4;85;81;83;109;8,5;5,1;
2026/03/10;1600 UTC;0;988,1;988,2;988;855,2;20;16,9;20,4;19,4;17,1;16,6;88;81;85;108;10,3;6;
2026/03/10;1700 UTC;0;987,9;988,2;987,6;868,3;19,9;16,8;20,3;19,4;17,3;16,4;88;81;85;115;9,2;5,6;
2026/03/10;1800 UTC;0;987,5;987,8;987,3;846,5;20,1;16,6;20,4;19,7;16,8;16,4;84;81;82;125;7,7;4,5;
2026/03/10;1900 UTC;0;987,2;987,5;986,7;803,5;19,9;16,3;20,1;19,7;16,7;16;83;81;82;129;8,6;5;
2026/03/10;2000 UTC;0;986,9;987;986,7;402,7;19,4;16,6;20;19;16,8;16,4;89;82;86;128;7,5;4,4;
2026/03/10;2100 UTC;0;986,8;986,9;986,6;159,8;18,8;16,6;19,1;18,4;16,8;16,5;91;87;89;129;10,3;4,8;
2026/03/10;2200 UTC;0;986,8;987;986,6;34,5;18;16,5;18,3;17,7;16,7;16,2;93;92;92;130;9,4;4,6;
2026/03/10;2300 UTC;0;987;987,1;986,8;0;17,4;16,2;17,7;17,2;16,4;16,1;96;93;94;139;8,7;4,1;
2026/03/11;0000 UTC;0;987,1;987,3;986,9;0;17;16,4;17,2;16,9;16,5;16,1;97;96;97;130;9,2;5,1;
2026/03/11;0100 UTC;0;987,2;987,4;987;0;16,9;16,4;16,9;16,8;16,5;16,3;98;97;98;129;8,9;5;
2026/03/11;0200 UTC;0;987,2;987,3;987,1;0;16,8;16,6;16,9;16,7;16,7;16,5;100;98;99;135;6,9;3,5;
2026/03/11;0300 UTC;0;986,9;987,1;986,7;0;16,7;16,7;16,8;16,7;16,8;16,6;100;100;100;132;7,4;3,8;
2026/03/11;0400 UTC;0;986,5;986,7;986,3;0;16,9;17;17,1;16,7;17,2;16,8;100;100;100;130;7,2;4;
2026/03/11;0500 UTC;0;986,3;986,4;986;0;17,1;17,2;17,3;17;17,3;17;100;100;100;123;5,7;3,2;
2026/03/11;0600 UTC;0;985,8;986,1;985,5;0;17,3;17,3;17,3;17,3;17,3;17,2;100;99;100;131;4,8;2,5;
2026/03/11;0700 UTC;0;985,2;985,5;984,9;0;17,3;17,2;17,4;17,3;17,3;17,2;100;99;99;147;4,9;2,4;
2026/03/11;0800 UTC;0;984,7;984,8;984,6;0;17,4;17,4;17,4;17,3;17,4;17,3;100;100;100;143;5,2;2,6;
2026/03/11;0900 UTC;0;984,6;984,7;984,5;0;17,5;17,5;17,6;17,4;17,6;17,4;100;100;100;143;6,3;3,1;
2026/03/11;1000 UTC;0;985,1;985,4;984,7;3;17,5;17,5;17,6;17,5;17,6;17,5;100;100;100;150;6,2;2,7;
2026/03/11;1100 UTC;0;985,7;985,9;985,4;111,3;17,7;17,7;18;17,5;18,1;17,5;100;100;100;131;5,4;2,8;
2026/03/11;1200 UTC;0;986;986;985,8;406,7;18,5;18,3;19,1;18;18,7;18;100;95;99;126;5;3,1;
2026/03/11;1300 UTC;0;985,8;985,8;985,7;637,9;19,8;18,3;20,1;19,1;18,6;18,1;96;91;93;125;4,5;3,1;
2026/03/11;1400 UTC;0;985,4;985,7;985,1;1364,1;21,1;18,5;22,2;20,1;18,9;18,2;91;81;87;113;5,2;2,9;
2026/03/11;1500 UTC;0;984,7;985,2;984,3;1764,9;22,7;18,6;23,4;22;19,4;18,1;83;76;79;129;5,3;2,9;
2026/03/11;1600 UTC;0;984,1;984,3;983,8;1742,1;23,5;19;24,9;22,6;19,8;18,5;82;71;78;163;3,9;2,2;
2026/03/11;1700 UTC;0;983,6;983,9;983,4;1675,3;24,5;19;25,3;23,9;19,7;18,2;76;68;72;151;5,1;2,4;
2026/03/11;1800 UTC;0;982,9;983,4;982,5;2453,1;25,7;19,1;26,8;24,5;20,2;18,2;73;62;67;140;5;2,6;
2026/03/11;1900 UTC;0;982,1;982,6;981,8;1513,9;25,5;18,6;26,5;24,5;19,7;18;70;62;66;144;4,9;2,4;
2026/03/11;2000 UTC;0;981,6;981,8;981,4;1550,6;25,6;19,7;26,6;24;20,4;18,3;79;61;70;152;5,3;3,1;
2026/03/11;2100 UTC;0;981,8;981,9;981,6;567,5;23,6;19,6;25;22,8;20,2;19,4;84;75;80;171;6,5;3,2;
2026/03/11;2200 UTC;0;982;982,3;981,8;236,4;22,7;19,6;24,2;21,5;19,8;19,4;91;77;85;152;7,5;3,7;
2026/03/11;2300 UTC;0;982,6;982,9;982,3;,1;20,5;19,3;21,4;20,2;19,7;19,1;95;91;94;154;6,7;3,3;
2026/03/12;0000 UTC;0;983,2;983,6;982,8;0;20;19,3;20,2;19,7;19,4;19,2;98;95;96;156;6,1;2,8;
2026/03/12;0100 UTC;0;983,6;983,8;983,5;0;19,4;19,2;19,7;19,1;19,3;19,1;100;98;99;141;7;3,5;
2026/03/12;0200 UTC;0;983,7;983,8;983,6;0;18,9;18,7;19,1;18,7;19,1;18,2;100;98;99;142;6,6;3;
2026/03/12;0300 UTC;0;983,6;983,7;983,3;0;18,5;18,3;18,7;18,3;18,4;18,2;100;98;99;148;4,6;2,3;
2026/03/12;0400 UTC;0;983,3;983,4;983,1;0;18,3;18,3;18,3;18,2;18,4;18,3;100;100;100;123;4,7;2,8;
2026/03/12;0500 UTC;0;983,1;983,2;983,1;0;18,4;18,4;18,5;18,2;18,5;18,3;100;100;100;107;4,8;2,4;
2026/03/12;0600 UTC;0;982,9;983,1;982,8;0;18,1;18,1;18,4;17,8;18,4;17,8;100;100;100;162;3;1,9;
2026/03/12;0700 UTC;0;982,7;982,8;982,7;0;17,3;17,4;17,8;17,2;17,8;17,2;100;100;100;138;5,2;2,5;
2026/03/12;0800 UTC;0;983;983,2;982,7;0;17,4;17,4;17,7;17,2;17,8;17,2;100;100;100;141;5,4;2,6;
2026/03/12;0900 UTC;0;983,2;983,2;983,1;0;18,2;18,2;18,5;17,7;18,5;17,8;100;100;100;128;5,3;2,8;
2026/03/12;1000 UTC;0;983,5;983,8;983,1;4,6;18,5;18,5;18,6;18,5;18,6;18,5;100;100;100;136;4,1;2;
2026/03/12;1100 UTC;0;984;984,3;983,8;312,9;18,8;18,8;19,2;18,5;19,2;18,6;100;100;100;125;4,6;2,7;
2026/03/12;1200 UTC;0;984,1;984,3;984;820,2;19,8;18,8;20,4;19,2;19,4;18,4;100;90;95;125;4,2;2,4;
2026/03/12;1300 UTC;0;984,1;984,1;984;1124,5;21;18,6;21,6;20,3;19;18,3;91;85;88;151;4,3;2,1;
2026/03/12;1400 UTC;0;984,2;984,3;984,1;1110,1;21,3;18,5;22,1;20,9;19;18,1;90;81;86;158;5,7;2,9;
2026/03/12;1500 UTC;0;984,1;984,3;983,8;2140,2;22,8;18,8;24,4;21,3;20,2;18,4;86;73;80;144;9,6;4;
2026/03/12;1600 UTC;0;983,7;984;983,4;2621,7;21,6;18;22,4;21,1;18,9;17,1;87;77;82;127;10,6;6,3;
2026/03/12;1700 UTC;0;983,2;983,5;982,7;3326,5;23,1;17,5;24,2;21,9;18,4;16,9;80;66;72;123;8,9;5,7;
2026/03/12;1800 UTC;0;982,3;982,8;981,8;3021,6;24,9;17,3;25,4;24;18,1;16,5;68;57;62;148;7,9;4;
2026/03/12;1900 UTC;0;981,4;981,8;981;2494,4;25,1;16,8;25,6;24,4;17,7;16;61;55;58;138;9;4,3;
2026/03/12;2000 UTC;0;981,2;981,4;981;1781,7;24,5;16,9;25,2;23,7;18,3;15,9;66;59;62;134;9,9;4,6;
2026/03/12;2100 UTC;0;981,4;981,6;981,2;942,2;23,2;16,3;23,9;22,4;16,7;15,8;70;60;66;133;9,6;4,9;
2026/03/12;2200 UTC;0;981,8;982,2;981,5;218,6;21,6;16,4;22,4;20,6;16,7;15,9;77;70;74;129;7,4;3,9;
2026/03/12;2300 UTC;0;982,4;982,6;982,2;0;20;15,7;20,5;19,4;16;15,5;83;76;79;136;6,3;3,2;
2026/03/13;0000 UTC;0;983,1;983,5;982,6;0;18,9;16,6;19,4;18,4;17,1;16,1;94;83;89;140;5,3;2,9;
2026/03/13;0100 UTC;0;983,3;983,5;983,3;0;18,1;17,3;18,4;17,7;17,4;17,2;98;94;96;146;4,7;2,2;
2026/03/13;0200 UTC;0;983,5;983,5;983,4;0;17,7;17,3;17,7;17,6;17,4;17,1;98;98;98;136;4,4;2,4;
2026/03/13;0300 UTC;0;983,1;983,3;983;0;17,2;16,9;17,6;16,9;17,2;16,7;99;98;98;153;5,1;2,3;
2026/03/13;0400 UTC;0;982,9;983;982,8;0;16,8;16,7;17,1;16,6;17,1;16,6;100;99;100;140;4,4;2,3;
2026/03/13;0500 UTC;0;982,6;982,8;982,5;0;17,2;17,2;17,3;17,1;17,3;17,1;100;100;100;150;3,5;1,5;
2026/03/13;0600 UTC;0;982,4;982,6;982,2;0;17,1;17,1;17,2;17;17,2;17;100;100;100;148;3,4;1,7;
2026/03/13;0700 UTC;0;982,2;982,3;982;0;17,2;17,2;17,2;17,1;17,2;17,2;100;100;100;110;5;2,4;
2026/03/13;0800 UTC;0;981,8;982,1;981,6;0;17,1;17,1;17,2;17;17,3;17,1;100;100;100;143;3,8;2;
2026/03/13;0900 UTC;0;981,8;981,9;981,6;0;17,1;17,1;17,2;17,1;17,3;17,1;100;100;100;152;3,1;1,3;
2026/03/13;1000 UTC;0;982,3;982,6;981,9;11,8;17;17;17,3;16,8;17,3;16,9;100;100;100;148;3,5;1,4;
2026/03/13;1100 UTC;0;982,9;983,3;982,6;275,1;17,1;17,1;17,4;17;17,4;17;100;100;100;181;4,5;2,6;
2026/03/13;1200 UTC;0;983,4;983,6;983,3;897,7;17,3;17,3;18,1;17;17,9;16,9;100;99;100;200;4,4;2,6;
2026/03/13;1300 UTC;0;983,5;983,6;983,4;1937,7;19,7;17,2;21,3;18,1;17,9;16,7;98;78;87;164;6,7;3;
2026/03/13;1400 UTC;0;983,4;983,5;983,2;2051,7;21,4;17;22,6;20,4;17,8;16,4;83;71;78;148;6,3;3,3;
2026/03/13;1500 UTC;0;983;983,3;982,6;2842,2;23,3;17;24,4;22;18,1;16;75;61;68;148;6,4;3,2;
2026/03/13;1600 UTC;0;982,3;982,6;982;3217,8;24,3;17;25,8;23,3;18,3;15,9;69;58;63;172;6,4;3,1;
2026/03/13;1700 UTC;0;981,7;982,1;981,3;3129,3;25,1;17;26,1;24;17,8;16;65;53;59;161;7,3;3,4;
2026/03/13;1800 UTC;0;980,9;981,3;980,6;2180,2;25,3;17,1;26,2;24,2;18,1;16,3;63;54;59;159;5,9;3,1;
2026/03/13;1900 UTC;0;980,4;980,6;980,1;1800,6;25,3;17;26,1;24,2;17,7;16,3;64;54;58;165;6,8;3,4;
2026/03/13;2000 UTC;0;980,2;980,4;980,1;1317,8;25,1;16,6;26,5;24;17,5;15,9;61;52;57;172;4,8;2,7;
2026/03/13;2100 UTC;0;980,4;980,5;980,2;963,1;24,9;16,7;25,7;24,1;17,3;16,4;64;55;59;151;4,3;2,4;
2026/03/13;2200 UTC;0;980,5;980,6;980,4;199,2;22,9;16,4;24;21,3;16,7;16;74;62;68;148;5,2;2;
2026/03/13;2300 UTC;0;980,6;980,7;980,5;0;20,7;16,1;21,3;20,5;16,2;15,9;79;73;77;132;5,7;3,6;
2026/03/14;0000 UTC;0;981;981,2;980,8;0;19,8;16;20,5;19,2;16,2;16;84;78;81;150;5;2,6;
2026/03/14;0100 UTC;0;981,2;981,3;981,2;0;18,9;16;19,2;18,6;16,1;16;88;84;86;144;5,7;2,7;
2026/03/14;0200 UTC;0;981;981,2;980,9;0;17,8;16,1;18,6;17,4;16,4;16;94;87;91;152;4,3;1,9;
2026/03/14;0300 UTC;0;980,9;981;980,7;0;17,1;16,3;17,7;16,6;16,6;16;98;93;96;162;4,1;2;
2026/03/14;0400 UTC;0;980,6;980,7;980,5;0;16,5;16,4;16,6;16,3;16,6;16,1;100;98;99;168;2,8;1,7;
2026/03/14;0500 UTC;0;980,5;980,6;980,3;0;16,6;16,6;16,8;16,4;16,8;16,4;100;100;100;176;2,4;1,6;
2026/03/14;0600 UTC;0;980,2;980,4;980;0;16,7;16,7;16,9;16,3;16,9;16,4;100;100;100;178;2,6;1,6;
2026/03/14;0700 UTC;0;980,3;980,4;980,1;0;17;17;17,4;16,6;17,4;16,7;100;100;100;189;3,5;2;
2026/03/14;0800 UTC;0;980,1;980,2;980;0;16,8;16,8;17;16,6;17;16,6;100;100;100;170;2,7;1,5;
2026/03/14;0900 UTC;0;980,3;980,4;980,1;0;17,2;17,2;17,3;17;17,3;17;100;100;100;170;1,9;1,1;
2026/03/14;1000 UTC;0;980,5;980,7;980,3;14,8;17,3;17,3;17,3;17,1;17,4;17,1;100;100;100;172;1,7;1;
2026/03/14;1100 UTC;0;980,9;981,3;980,6;278,7;17,7;17,7;18,3;17,2;18,3;17,2;100;100;100;197;2,9;1,5;
2026/03/14;1200 UTC;0;981,4;981,5;981,3;766,8;18,7;18,6;19;18,3;19;18,4;100;97;100;170;3,2;1,8;
2026/03/14;1300 UTC;0;981,6;981,8;981,4;1187,4;20,1;18;21,1;18,9;19;17,3;97;82;90;155;3,3;1,3;
2026/03/14;1400 UTC;0;981,4;981,5;981,3;2027,5;21,7;17,9;23,4;20,3;19,6;16,8;92;69;81;155;3;1,6;
2026/03/14;1500 UTC;0;981,1;981,5;980,7;1562;22,5;17,5;23,9;21,8;18,3;16,9;79;69;75;137;2,8;1,6;
2026/03/14;1600 UTC;0;980,3;980,7;980;2539,6;24;17,3;25,5;22,9;18,6;16,5;72;61;67;178;3,8;1,8;
2026/03/14;1700 UTC;0;979,5;980;979,1;2511,2;25,1;17;26;24,3;18,3;15,6;64;52;59;147;3,8;1,7;
2026/03/14;1800 UTC;0;978,8;979,1;978,3;1901,9;25;16,7;26,5;24,3;18,6;15,9;62;53;59;187;3,8;1,9;
2026/03/14;1900 UTC;0;978,1;978,4;977,6;2289,6;26,2;16,9;26,8;25,2;18,7;15,8;62;49;53;100;3,5;1,9;
2026/03/14;2000 UTC;0;977,5;977,6;977,2;1250,8;25,8;16,6;26,8;24,6;17,2;15,7;62;48;54;180;2,4;1,4;
2026/03/14;2100 UTC;0;977,6;977,8;977,4;943,9;26,2;16,7;26,8;25,1;17,4;16,1;57;49;53;164;2,4;1,4;
2026/03/14;2200 UTC;0;977,7;977,9;977,6;119,3;23,8;16,2;25,1;22,6;17;15,7;66;56;62;162;1,6;1;
2026/03/14;2300 UTC;0;978,3;978,7;977,9;0;22,4;15,5;22,6;22,2;16;15,1;67;64;65;170;2,4;1,1;
2026/03/15;0000 UTC;0;978,6;978,7;978,5;0;21,8;15,3;22,3;21,4;15,7;15,2;70;65;68;132;3,9;2,3;
2026/03/15;0100 UTC;0;979;979,1;978,7;0;21,2;16,3;21,8;20,4;16,6;15,8;81;70;76;118;5;3;
2026/03/15;0200 UTC;0;979,3;979,7;979;0;20;16,8;20,3;19,9;17,2;16,5;86;81;84;117;5,4;3,4;
2026/03/15;0300 UTC;0;979;979,2;978,4;0;19,7;17,3;20;19,4;17,6;17,1;90;85;88;92;5;3,1;
2026/03/15;0400 UTC;0;978,5;978,7;978,4;0;19,2;17,4;19,8;18,7;17,6;17,1;92;89;91;47;3,6;2,7;
2026/03/15;0500 UTC;0;978,3;978,6;977,9;0;18,8;17,2;19;18,5;17,3;17;93;91;92;41;3,2;2,8;
2026/03/15;0600 UTC;0;977,7;977,8;977,5;0;18,1;16,9;18,5;17,8;17;16,8;96;92;94;40;3,9;3;
2026/03/15;0700 UTC;0;977,6;977,7;977,3;0;17,9;17,1;18,1;17,7;17,3;16,9;97;96;96;52;4;3;
2026/03/15;0800 UTC;0;977,3;977,4;977,2;0;18;17,2;18,2;17,8;17,3;17;97;95;96;49;3,6;2,8;
2026/03/15;0900 UTC;0;977,5;977,7;977,3;0;17,8;17,2;17,9;17,8;17,3;17,1;97;96;97;41;3,6;2,9;
2026/03/15;1000 UTC;0;978;978,4;977,7;26,1;17,8;17,3;18,1;17,7;17,4;17,1;98;96;97;52;3,8;2,8;
2026/03/15;1100 UTC;0;978,6;978,7;978,4;502,1;18,8;17,6;19,6;18,1;18;17,4;96;91;94;37;4,4;2,7;
2026/03/15;1200 UTC;0;979;979,2;978,7;1294;20,4;18;21,2;19,6;18,4;17,5;92;84;88;33;5,6;4;
2026/03/15;1300 UTC;0;979,3;979,4;979,2;2077,9;22,1;18,3;23,2;21,1;18,9;17,9;87;76;81;31;5,8;3,9;
2026/03/15;1400 UTC;0;979,3;979,4;979,1;2721,7;24,1;18,8;25,4;22,9;19,5;18,2;79;66;74;169;5,6;3,4;
2026/03/15;1500 UTC;0;979;979,2;978,7;3214,9;26,1;18,4;27,1;25,1;19,1;17,5;69;56;61;161;4,8;2,5;
2026/03/15;1600 UTC;0;978,6;978,8;978,3;3225,6;27,1;18,3;27,9;26,1;19,4;17,2;60;53;56;201;3,5;1,9;
2026/03/15;1700 UTC;0;978,1;978,2;978;3287,2;28,1;18,4;28,8;27,2;19,3;17,7;59;46;51;304;4,5;2,4;
2026/03/15;1800 UTC;0;977,7;978;977,3;2967;28,6;18;29,1;28;19;17,3;51;44;47;90;4,8;3,2;
2026/03/15;1900 UTC;0;977;977,3;976,8;2324,5;29,3;18,3;30,1;28,7;19,1;17,6;51;41;45;233;2,4;,7;
2026/03/15;2000 UTC;0;976,7;976,8;976,6;1595,5;29,4;18;30;29,1;18,8;17,1;48;40;43;174;3,1;1,9;
2026/03/15;2100 UTC;0;977;977,2;976,8;772,1;29;17,5;29,4;28,6;18;16,8;46;39;42;213;1,3;,5;
2026/03/15;2200 UTC;0;977,4;977,7;977,2;172,4;28,2;17,2;29,9;26,6;18,7;16,1;49;39;45;171;1,4;1;
2026/03/15;2300 UTC;0;978;978,2;977,7;0;24,4;17,8;26,6;23,3;18,2;16,4;74;49;67;146;4,8;2,4;
2026/03/16;0000 UTC;0;978,6;978,9;978,2;0;22,8;18,2;23,3;22,3;18,3;18,1;80;74;77;120;6,3;4,3;
2026/03/16;0100 UTC;0;979,2;979,4;978,9;0;21,9;18,5;22,3;21,3;18,7;18,2;87;80;83;110;5,4;3,5;
2026/03/16;0200 UTC;0;979,3;979,5;979,3;0;21,3;18,4;21,5;21,1;18,7;18,3;87;84;86;78;5,9;3,4;
2026/03/16;0300 UTC;0;979,2;979,3;979;0;21;18,1;21,2;20,8;18,2;17,8;87;83;85;56;6,6;4,5;
2026/03/16;0400 UTC;0;978,9;979,1;978,8;0;20,6;17,6;21,1;20,2;17,8;17,4;86;83;85;59;5,5;3,9;
2026/03/16;0500 UTC;0;978,5;978,8;978,4;0;20,1;17,5;20,4;19,7;17,8;17,4;90;85;87;50;5,4;4,2;
2026/03/16;0600 UTC;0;978,6;978,7;978,5;0;19,6;18;19,7;19,4;18,4;17,8;94;90;92;34;6,4;4,6;
2026/03/16;0700 UTC;0;978,7;978,9;978,6;0;19,4;18,4;19,7;19,1;18,7;18,3;96;94;95;26;5,5;4;
2026/03/16;0800 UTC;0;978,9;978,9;978,8;0;19,4;18,5;19,6;19,1;18,8;18,4;97;94;96;43;4,9;4;
2026/03/16;0900 UTC;0;979,1;979,3;978,8;0;19,5;18,7;19,6;19,3;18,7;18,6;97;95;96;37;5,6;4,1;
2026/03/16;1000 UTC;0;979,6;979,9;979,3;20,7;19,6;18,7;19,9;19,4;18,8;18,6;96;94;96;36;5,3;4,1;
2026/03/16;1100 UTC;0;980,2;980,3;979,9;475,3;20,6;18,8;21,5;19,9;19,1;18,7;94;87;91;38;5,1;3,8;
2026/03/16;1200 UTC;0;980,4;980,6;980,2;1255,1;22,3;19,1;23;21,6;19,6;18,8;87;81;84;27;6;4,5;
2026/03/16;1300 UTC;0;980,7;980,8;980,5;2028,1;24,5;19,9;25,7;23,1;20,5;19,3;83;72;77;34;5,6;3,8;
2026/03/16;1400 UTC;0;980,7;980,8;980,5;2659,7;26,9;20,7;28,1;25,8;21,6;20;73;65;69;37;5,7;3,9;
2026/03/16;1500 UTC;0;980,1;980,5;979,8;2928;29,1;21,3;30,1;28,2;22;20,8;68;57;61;41;6,4;3,7;
2026/03/16;1600 UTC;0;979,6;979,8;979,4;3089,9;30,9;21,7;32;30,1;22,4;20,8;60;49;54;52;5,3;3,1;
2026/03/16;1700 UTC;0;979,2;979,4;978,8;3076;32,5;21,9;33,2;31,7;22,7;21,1;51;43;47;50;5,9;3,4;
2026/03/16;1800 UTC;0;978,5;978,9;978,3;2512,9;33,3;22,1;34,1;32,3;23;21,2;47;40;44;44;4,8;3,2;
2026/03/16;1900 UTC;0;978,1;978,3;977,9;2156,1;33,9;21,8;34,5;33,4;22,6;21,1;44;36;39;94;3,7;1,7;
2026/03/16;2000 UTC;0;977,9;978,2;977,7;1253,7;33,3;21,6;34,1;32,6;22,4;20,9;47;38;41;70;2,4;1,4;
2026/03/16;2100 UTC;0;978,4;978,9;978,1;513,2;30,1;21,1;32,9;27,4;22,1;19,4;61;43;55;56;5,4;2,7;
2026/03/16;2200 UTC;0;979;979,3;978,7;46,6;26,4;19,3;27,6;25,7;19,7;18,8;68;60;64;72;2,7;1,9;
2026/03/16;2300 UTC;0;979,2;979,3;979,2;0;26,4;18,9;27,2;25,7;19,2;18,4;67;57;63;111;3;2,2;
2026/03/17;0000 UTC;0;979,7;980;979,3;0;26,4;19,6;27,5;25,7;21,5;18,3;79;55;66;119;4,7;3,5;
2026/03/17;0100 UTC;0;980,1;980,2;979,9;0;25,3;22,2;25,8;25;22,6;21,5;88;79;84;111;5,1;3,2;
2026/03/17;0200 UTC;0;979,8;979,9;979,7;0;24,8;22,5;25,1;24,4;22,6;22,4;90;88;88;107;5,3;3,4;
2026/03/17;0300 UTC;0;979,8;979,9;979,7;0;24,2;22,3;24,4;24,1;22,5;22,3;91;90;91;63;5,4;3,9;
2026/03/17;0400 UTC;0;979,6;979,7;979,5;0;24,2;22,2;24,3;24;22,3;22,2;91;89;90;59;5,3;3,6;
2026/03/17;0500 UTC;0;979,5;979,7;979,3;0;23,9;22,2;24;23,8;22,4;21,9;92;90;91;61;5,1;3,8;
2026/03/17;0600 UTC;0;979,2;979,4;979;0;23,6;22;24,1;23,2;22,2;21,8;95;89;92;60;5;3,7;
2026/03/17;0700 UTC;0;979;979,1;978,9;0;23,2;21,8;23,4;22,9;21,9;21,8;94;92;93;44;4,6;3,4;
2026/03/17;0800 UTC;0;979;979,1;978,9;0;22,9;21,8;23,1;22,7;21,9;21,7;96;93;95;48;5,3;3,6;
2026/03/17;0900 UTC;,4;979,2;979,3;978,9;0;22,6;21,8;23;22,5;22;21,1;97;91;96;68;4,7;3,2;
2026/03/17;1000 UTC;0;979,3;979,5;979,2;,1;22,7;21,3;23;22,4;21,6;21;94;90;93;105;5,1;3,3;
2026/03/17;1100 UTC;0;979,7;980,1;979,4;121,8;22,4;20,7;22,6;22,3;21,3;20,4;94;90;92;59;6,1;2,9;
2026/03/17;1200 UTC;0;980,2;980,4;980,1;327,6;22,6;20,7;23,2;22,3;20,9;20,4;92;87;90;39;6,3;4,5;
2026/03/17;1300 UTC;,4;980,4;980,6;980,2;340;22,6;20,8;23,2;22,4;21,1;20,6;94;87;91;64;4,7;3,2;
2026/03/17;1400 UTC;0;980,1;980,3;979,9;688,7;23,4;20,6;23,8;22,8;21,2;20;91;81;86;63;5,3;2,9;
2026/03/17;1500 UTC;,2;979,6;980;979,1;1909,3;25,8;20,5;26,9;23,8;21,7;19,1;85;67;73;40;10,4;6,8;
2026/03/17;1600 UTC;0;978,8;979,2;978,4;2699,2;27,1;19,7;28,6;25,4;21,3;18,7;72;56;63;41;8;5,9;
2026/03/17;1700 UTC;0;978,1;978,5;977,6;2682,7;28,4;21,4;29,4;27,9;22,1;20,8;68;60;65;34;7,9;5,3;
2026/03/17;1800 UTC;0;977,6;977,7;977,4;1997,3;28,5;21,6;29,7;27,9;22,6;20,7;69;61;65;37;7,9;5,9;
2026/03/17;1900 UTC;0;977,2;977,6;976,8;1324,2;28,5;21,8;29,3;27,7;22,4;21,3;69;65;67;48;7,9;4,8;
2026/03/17;2000 UTC;0;976,7;976,9;976,5;182,7;26,9;21,6;27,8;26,5;22;21,2;77;69;74;59;5,1;3,6;
2026/03/17;2100 UTC;3,6;977,3;977,7;976,6;12,2;23,7;22;26,6;22,6;22,4;21,2;98;73;92;325;5,8;2,8;
2026/03/17;2200 UTC;1,6;977,8;978,1;977,5;5,9;22,7;22,2;22,9;22,5;22,4;22,1;98;97;98;319;4,5;3;
2026/03/17;2300 UTC;1,4;978,2;978,7;977,8;0;22,4;22;22,5;22,3;22,2;21,8;99;97;98;43;4,8;3,7;
2026/03/18;0000 UTC;0;978,9;979,1;978,7;0;22,3;21,7;22,4;22,2;21,9;21,6;98;97;97;21;5,2;3,5;
2026/03/18;0100 UTC;2;979,4;979,8;978,9;0;22;21,7;22,2;21,9;21,9;21,6;99;97;98;28;5,2;4;
2026/03/18;0200 UTC;,2;979,5;979,8;979,3;0;21,8;21,8;21,9;21,7;21,8;21,7;100;99;100;21;4;2,6;
2026/03/18;0300 UTC;0;979,5;979,8;978,8;0;21,7;21,7;21,8;21,5;21,8;21,5;100;100;100;38;6,2;4,8;
2026/03/18;0400 UTC;0;979,1;979,3;978,8;0;21,5;21,5;21,6;21,4;21,6;21,4;100;100;100;27;6,1;4,2;
2026/03/18;0500 UTC;0;978,6;978,9;978,4;0;21,2;21,3;21,4;21,2;21,4;21,2;100;100;100;44;5,5;3,7;
2026/03/18;0600 UTC;,2;978;978,3;977,6;0;21,2;21,2;21,4;21,1;21,4;21,1;100;100;100;42;5,6;4,1;
2026/03/18;0700 UTC;0;978;978,3;977,7;0;21,2;21,2;21,4;21,1;21,4;21,2;100;100;100;50;3;2;
2026/03/18;0800 UTC;0;978,3;978,6;978,1;0;21,2;21,2;21,3;21,1;21,3;21,1;100;100;100;20;3,1;2,3;
2026/03/18;0900 UTC;0;979;979,4;978,6;0;21,2;21,3;21,4;21;21,5;21,1;100;100;100;326;2,2;1,3;
2026/03/18;1000 UTC;0;979,7;979,9;979,4;2,1;21,5;21,5;21,6;21,4;21,6;21,4;100;100;100;315;2,4;1,1;
2026/03/18;1100 UTC;0;980,2;980,4;979,9;47,2;21,6;21,6;21,9;21,4;21,9;21,4;100;100;100;217;4,3;3,2;
2026/03/18;1200 UTC;;;;;;;;;;;;;;;;;;
2026/03/18;1300 UTC;0;980,6;980,9;980,5;519,1;21,9;21,9;22,2;21,6;22,2;21,6;100;100;100;221;5,1;3,5;
2026/03/18;1400 UTC;0;981,1;981,3;980,9;316;22,1;22,1;22,3;22;22,3;22;100;100;100;201;6;3,5;
2026/03/18;1500 UTC;,2;981,4;981,5;981,2;455;22;22;22,5;21,7;22,5;21,6;100;99;100;185;9;5,5;
2026/03/18;1600 UTC;0;981,1;981,4;980,7;1384,7;22,9;21,5;23,5;21,8;22,2;21;100;89;93;175;9,5;5,7;
2026/03/18;1700 UTC;,6;981;981,2;980,7;694,7;22,5;21,4;23,5;21,9;21,7;21,1;98;89;94;177;9,1;5,5;
2026/03/18;1800 UTC;,2;981;981,1;980,9;645,9;22;21,4;22,5;21,6;21,7;21;99;94;97;182;10,7;5,7;
2026/03/18;1900 UTC;0;981;981,1;980,8;1345,1;22,7;21;23,9;21,6;21,8;20,5;98;84;91;175;10,8;6,1;
2026/03/18;2000 UTC;0;981,2;981,4;980,9;856,1;22,4;20,3;23,7;21,6;20,9;19,8;93;84;89;177;11,3;6,3;
2026/03/18;2100 UTC;0;981,5;981,8;981,3;225,6;21,4;19,7;21,6;21,3;20,1;19,4;93;90;92;178;10,3;5;
2026/03/18;2200 UTC;0;981,7;981,8;981,6;100,3;21;19,3;21,3;20,7;19,5;19,1;92;91;91;174;8,2;4,4;
2026/03/18;2300 UTC;0;982,1;982,5;981,7;0;20,6;19,3;20,8;20,1;19,7;19,1;98;92;94;170;7,3;3,8;
2026/03/19;0000 UTC;0;982,7;982,8;982,5;0;19,9;19,3;20,2;19,7;19,7;19;98;96;97;172;7;4;
2026/03/19;0100 UTC;0;982,8;983;982,7;0;19,8;18,6;20,1;19,8;18,9;18,3;96;93;94;171;7,8;4,2;
2026/03/19;0200 UTC;0;983;983;982,9;0;19,6;18,3;19,8;19,5;18,4;18,1;94;93;93;165;6,5;3,4;
2026/03/19;0300 UTC;0;982,8;983;982,6;0;19,3;18,1;19,5;19,2;18,2;17,9;95;93;94;169;6,4;3,1;
2026/03/19;0400 UTC;0;982,8;982,9;982,7;0;19,1;18,1;19,1;19;18,2;18;96;95;95;175;5,7;2,8;
2026/03/19;0500 UTC;0;982,5;982,7;982,3;0;18,8;17,9;19;18,5;18;17,6;96;95;95;177;5;2,6;
2026/03/19;0600 UTC;0;982;982,4;981,7;0;18,3;17,4;18,5;18,1;17,6;17,4;97;95;96;176;5;2,5;
2026/03/19;0700 UTC;0;981,5;981,8;981,4;0;18;17,4;18,1;17,9;17,5;17,3;97;96;97;181;4,2;2,3;
2026/03/19;0800 UTC;0;981,5;981,6;981,3;0;17,8;17,3;17,9;17,7;17,4;17,3;98;97;98;173;4;1,8;
2026/03/19;0900 UTC;0;981,6;981,7;981,5;0;17,6;17,3;17,9;17,4;17,5;17,2;99;98;98;179;3,7;2,2;
2026/03/19;1000 UTC;0;981,9;982,1;981,6;9;17,4;17,3;17,6;17,2;17,5;17,2;100;99;100;176;3,7;2;
2026/03/19;1100 UTC;0;982,4;982,7;982,1;346,2;17,4;17,1;17,8;17,1;17,4;16,8;100;96;99;175;4,1;2,3;
2026/03/19;1200 UTC;0;982,6;982,7;982,6;748,6;18,5;17,1;19,2;17,8;17,4;16,9;96;89;93;167;4,3;2,2;
2026/03/19;1300 UTC;0;982,7;982,8;982,6;1140,1;20;17,3;21;19,2;17,8;16,9;91;80;87;153;4,4;2,1;
2026/03/19;1400 UTC;0;982,4;982,6;982,3;1146,5;21,2;17,4;21,9;20,9;17,8;16,9;84;77;81;108;4,8;3;
2026/03/19;1500 UTC;0;982,1;982,3;981,9;1466,8;22;17,5;23,1;21,4;18,2;17;81;72;77;108;4,6;2,7;
2026/03/19;1600 UTC;0;981,6;981,9;981,3;2520,7;23,3;17,4;24,3;22,7;18,3;16,6;76;66;70;106;5,3;3,1;
2026/03/19;1700 UTC;0;980,9;981,3;980,6;3035,8;24,6;17,6;25;23,8;19;16,8;72;60;65;110;4,9;2,6;
2026/03/19;1800 UTC;0;980;980,6;979,5;2959,3;25,6;17,8;26,1;24,9;18,5;17,2;66;56;61;133;6,6;2,9;
2026/03/19;1900 UTC;0;979,2;979,5;978,9;2398,2;26,2;17,8;26,6;25,8;18,6;17,2;62;54;58;127;5,6;3,2;
2026/03/19;2000 UTC;0;978,8;978,9;978,5;1669,1;26,4;17,6;26,7;26,1;18,1;17,2;59;53;56;148;5,6;2,4;
2026/03/19;2100 UTC;0;978,7;978,9;978,5;840,8;25,6;17,4;26,2;24,8;18;17;63;55;59;147;4,4;2,1;
2026/03/19;2200 UTC;0;978,8;978,8;978,7;139,6;23;16,9;24,8;21,2;17,3;16,6;78;61;70;162;3,8;1,7;
2026/03/19;2300 UTC;0;979;979,2;978,8;0;20,9;16,6;21,2;20,7;16,8;16,4;80;77;79;139;4,6;2,5;
2026/03/20;0000 UTC;0;979,5;979,8;979,2;0;20,9;16,6;21,1;20,7;17,1;16,4;82;76;79;136;5,4;3,2;
2026/03/20;0100 UTC;0;979,8;980,1;979,7;0;20,2;17,6;20,7;19,8;17,8;17,1;90;82;87;129;5,3;3,2;
2026/03/20;0200 UTC;0;980,1;980,1;980;0;19,7;17,8;19,9;19,5;18;17,7;92;90;91;120;6,6;3,9;
2026/03/20;0300 UTC;0;980;980,1;979,9;0;19,2;18,1;19,5;19;18,4;17,9;96;92;95;108;6;3,5;
2026/03/20;0400 UTC;0;980,1;980,1;980;0;18,9;18,4;19,2;18,8;18,7;18,2;98;96;97;91;4,5;2,7;
2026/03/20;0500 UTC;0;980,1;980,2;980;0;19;18,6;19,2;18,9;18,8;18,5;99;97;98;67;3,4;2,6;
2026/03/20;0600 UTC;0;980,1;980,2;979,9;0;19,1;18,6;19,3;18,9;18,8;18,4;99;97;97;94;4,9;2,5;
2026/03/20;0700 UTC;0;980;980;979,9;0;18,7;18,2;19,1;18,5;18,4;18,1;98;97;97;98;5,1;2,8;
2026/03/20;0800 UTC;0;980;980,1;979,8;0;18,6;18;18,8;18,2;18,2;17,9;99;96;97;103;4,2;2,3;
2026/03/20;0900 UTC;0;980,2;980,4;980,1;0;18,4;18;18,5;18,2;18,2;17,7;99;96;98;71;3,7;2,7;
2026/03/20;1000 UTC;0;980,6;980,7;980,4;12,5;18;17,8;18,3;17,8;18;17,7;100;97;99;75;3,9;2,8;
2026/03/20;1100 UTC;0;980,9;981,2;980,6;353,3;18,4;18,1;19;17,8;18,3;17,8;100;97;99;79;3,6;2,2;
2026/03/20;1200 UTC;0;981,4;981,6;981,2;1342,5;20,5;18,5;21,3;19;18,9;18,1;96;85;90;84;5,7;3,4;
2026/03/20;1300 UTC;0;981,5;981,7;981,4;1868,1;21,9;18,5;22,4;21,3;18,9;18,1;87;79;83;86;6,7;4;
2026/03/20;1400 UTC;0;981,2;981,5;980,9;2116,1;23,2;19,1;24,2;22;19,8;18,4;84;74;79;74;6,9;4;
2026/03/20;1500 UTC;0;980,5;980,9;980,1;2168;25;18,8;26;24,1;19,3;18,2;75;65;69;59;7;4,6;
2026/03/20;1600 UTC;0;979,7;980,1;979,3;2187,9;25,9;18,7;26,7;25,2;19,3;18;68;59;64;50;7,8;4,4;
2026/03/20;1700 UTC;0;978,8;979,3;978,3;3244,3;27,5;19,1;28;26,7;19,7;18,4;63;55;58;41;6,9;4,2;
2026/03/20;1800 UTC;0;977,9;978,3;977,5;2916,7;28,5;19,3;29,4;28;20;18,7;59;50;54;36;7,5;4;
2026/03/20;1900 UTC;0;977,1;977,6;976,7;2090,8;29,3;19,7;29,7;28,9;20,2;19;55;49;52;54;5,1;3,4;
2026/03/20;2000 UTC;0;976,7;976,9;976,5;910,8;28,8;19,5;29,4;28,3;20,4;19;58;50;54;96;3,8;1,6;
2026/03/20;2100 UTC;0;976,7;976,9;976,6;484,5;27,9;19,6;28,4;27,2;19,9;19,3;61;56;58;91;4,9;2,5;
2026/03/20;2200 UTC;0;976,7;976,8;976,6;80,5;25,9;19,3;27,2;24,9;19,6;19,1;71;61;67;96;6,2;3,6;
2026/03/20;2300 UTC;0;976,9;977;976,8;0;24,3;19,1;24,9;23,8;19,3;19;77;71;74;99;7,5;4,2;
2026/03/21;0000 UTC;0;977,2;977,4;976,9;0;23,1;19,2;23,8;22,4;19,3;19,1;84;77;81;87;8;3,9;
2026/03/21;0100 UTC;0;977,7;977,9;977,5;0;21,8;19,5;22,3;21,5;19,9;19,2;92;85;88;75;7,4;4,2;
2026/03/21;0200 UTC;0;977,9;978,1;977,7;0;21,4;19,9;21,6;21,2;20;19,8;93;91;93;58;6,7;4,1;
2026/03/21;0300 UTC;0;978,1;978,3;977,9;0;21;19,5;21,4;20,6;19,9;19,3;94;92;93;46;7,2;4,9;
2026/03/21;0400 UTC;0;977,7;978;977,4;0;20,5;19;20,9;19,9;19,3;18,9;95;92;93;68;7,4;4,2;
2026/03/21;0500 UTC;0;977;977,3;976,5;0;19,8;18,7;20;19,4;18,9;18,5;96;94;95;65;6,6;4,6;
2026/03/21;0600 UTC;0;976,3;976,6;976,1;0;19,1;18,3;19,3;18,9;18,5;18,2;97;95;96;62;6,3;4,6;
2026/03/21;0700 UTC;0;976,2;976,4;976;0;18,9;18,1;19,2;18,7;18,3;18;97;95;96;62;6,5;5,2;
2026/03/21;0800 UTC;0;976;976,2;975,9;0;18,6;18;18,9;18,5;18,2;17,9;97;96;97;61;7,1;5,1;
2026/03/21;0900 UTC;0;975,8;976;975,6;0;18,7;17,9;19;18,5;18,1;17,8;97;95;96;58;6,5;4,5;
2026/03/21;1000 UTC;0;975,8;976;975,6;13,2;18,8;17,9;19;18,6;18;17,8;96;95;95;57;6,6;4,9;
2026/03/21;1100 UTC;0;975,7;975,8;975,6;419,2;19,6;18,2;20,5;19;18,8;17,9;95;91;93;48;6,7;5;
2026/03/21;1200 UTC;0;975,4;975,7;975,1;1212,2;21,8;19,1;23,1;20,6;19,7;18,7;91;82;87;41;8,6;6,5;
2026/03/21;1300 UTC;,2;975;975,2;974,7;2002,8;24,8;20,1;26,3;23,2;20,6;19,6;83;70;76;31;10,7;7,6;
2026/03/21;1400 UTC;0;974,7;974,9;974,4;2374,3;27,8;20,9;28,9;26,3;21,6;20,2;71;60;65;21;12;8,3;
2026/03/21;1500 UTC;0;974,2;974,5;973,9;1302,8;28,6;21,1;29,3;28,3;22;20,5;64;61;63;63;8,6;6,4;
2026/03/21;1600 UTC;0;973,5;973,9;973;1596,9;30,1;22,4;31,7;29,3;23,6;21,8;64;57;61;191;11;7,8;
2026/03/21;1700 UTC;0;973,3;973,5;973,1;226;29,5;22,4;30,1;29,1;22,6;22,2;67;61;65;330;10,2;6,1;
2026/03/21;1800 UTC;7,2;973,3;975;972,6;55,1;27,6;22,2;29,2;22,1;22,7;21,3;96;65;73;297;17,6;11,9;
2026/03/21;1900 UTC;6,2;975,3;976,1;974,3;112,5;21,7;21,1;22,2;21,3;21,5;20,6;99;95;97;310;9,2;5,4;
2026/03/21;2000 UTC;,8;974;975,5;973,3;396,8;21,8;21,6;22,4;21,3;22,2;21,1;100;98;99;227;3;2,1;
2026/03/21;2100 UTC;0;973,6;974,4;973,2;613,9;22,4;22,2;22,8;22;22,6;21,8;100;97;99;323;6,8;4,9;
2026/03/21;2200 UTC;0;974,9;975,7;974,3;93,1;22,4;22,3;22,6;22,1;22,4;22,1;100;98;99;334;7,3;5,1;
2026/03/21;2300 UTC;0;976,6;977,4;975,7;0;22,2;22,1;22,3;22;22,3;21,5;100;96;100;271;6,3;3,7;
2026/03/22;0000 UTC;0;977,9;978,7;977,3;0;22;20,4;22,2;21,8;21,4;20;96;90;92;270;4,5;2,4;
2026/03/22;0100 UTC;0;979,2;979,5;978,9;0;21,5;19,8;21,8;21,2;20,5;19,2;94;90;92;234;4,7;2,3;
2026/03/22;0200 UTC;0;979,4;979,7;979,2;0;21,1;18,5;21,4;20,7;19,2;18,2;90;85;87;225;6;4,2;
2026/03/22;0300 UTC;0;979,9;980,1;979,7;0;20,5;17,9;20,8;20;18,3;17,4;88;86;87;230;8,2;4,9;
2026/03/22;0400 UTC;0;980;980,3;979,8;0;19,4;17,5;20;18,7;17,7;17,4;93;87;91;228;6,9;4,8;
2026/03/22;0500 UTC;0;980;980,2;979,7;0;17,9;17,1;18,7;17,1;17,5;16,4;98;94;96;219;8,5;6,3;
2026/03/22;0600 UTC;0;980,1;980,2;980;0;16,6;16,1;17;16;16,3;15,6;99;96;98;206;8,8;6,1;
2026/03/22;0700 UTC;0;980,6;980,9;980,2;0;15,4;15;16;14,9;15,6;14,4;99;97;98;198;7,2;4,6;
2026/03/22;0800 UTC;0;980,9;981;980,8;0;14,4;14;14,9;14,2;14,3;13,7;98;97;98;194;6,1;4;
2026/03/22;0900 UTC;0;981,4;981,8;980,9;0;13,9;13,3;14,3;13,6;13,7;13;98;97;97;195;4,6;2,9;
2026/03/22;1000 UTC;0;982,3;982,9;981,8;9,4;13,5;12,7;13,6;13,3;13;12,5;97;96;96;200;5,3;3,7;
2026/03/22;1100 UTC;0;983,3;983,7;982,9;467,6;14,2;12,3;15,1;13,3;12,6;12;96;87;91;187;5,9;3,7;
2026/03/22;1200 UTC;0;983,6;983,8;983,5;1253,6;15,9;12,4;16,6;15,1;13;12;86;78;83;182;7;3,9;
2026/03/22;1300 UTC;0;983,6;983,7;983,3;2041,5;17,5;13;18,3;16,7;14;12,6;83;72;78;168;6,6;3,7;
2026/03/22;1400 UTC;0;983,5;983,8;983,2;2675,6;19,4;13,5;20,4;18,4;14,5;12,9;76;67;71;163;6,2;3;
2026/03/22;1500 UTC;0;983,2;983,3;983;3126,7;20,8;14,4;21,5;20,2;15,2;13,5;73;62;68;142;6,2;3,6;
2026/03/22;1600 UTC;0;983,1;983,3;982,6;3297;22,1;14,7;22,9;21,5;16;14;67;58;63;150;6,7;3,1;
2026/03/22;1700 UTC;0;982,4;982,6;982,1;3210,7;23;15,4;23,5;22,5;16,4;14,8;67;58;62;140;7,2;3,1;
2026/03/22;1800 UTC;0;981,9;982,1;981,7;2883,7;23,5;15,5;24,1;23,1;16,2;15;64;57;60;108;7,1;4,3;
2026/03/22;1900 UTC;0;981,4;981,7;981,1;2322,9;23,8;15,9;24,2;23,6;16,6;15,4;63;58;61;130;6,8;3,4;
2026/03/22;2000 UTC;0;981;981,2;980,8;1437,3;23,9;16,4;24,3;23,2;17;16;67;59;63;132;7,2;4,1;
2026/03/22;2100 UTC;0;980,9;981,1;980,8;521,4;22,6;16,4;23,3;21,6;16,6;16,2;75;65;69;133;6,5;2,8;
2026/03/22;2200 UTC;0;981,4;981,7;981,1;55,2;21,1;15,9;21,6;20,4;16,3;15,7;76;73;74;127;7,2;4,3;
2026/03/22;2300 UTC;0;981,7;982,1;981,5;0;19,9;15,5;20,4;19,4;15,7;15,3;79;76;78;122;7,5;4,8;
2026/03/23;0000 UTC;0;982,4;982,7;982;0;19;15,5;19,5;18,9;15,9;15,3;85;79;82;108;7,1;4,7;
2026/03/23;0100 UTC;0;982,9;983,1;982,3;0;18,8;16,2;19;18,7;16,5;15,9;89;85;87;110;6,3;3,7;
2026/03/23;0200 UTC;0;982,7;982,8;982,5;0;18,5;16,6;18,6;18,5;16,8;16,4;92;89;91;108;5,3;3,3;
2026/03/23;0300 UTC;0;982,5;982,8;982,2;0;18,5;16,9;18,6;18,4;17;16,8;93;91;92;109;5,7;3,5;
2026/03/23;0400 UTC;0;981,8;982,2;981,3;0;18,4;16,9;18,5;18,2;17,1;16,9;94;92;93;109;6,6;4;
2026/03/23;0500 UTC;0;980,9;981,4;980,5;0;18,1;16,9;18,3;18;17,1;16,9;94;94;94;108;5,6;3,2;
2026/03/23;0600 UTC;1,2;980;980,5;979,6;0;17,9;17,3;18,1;17,7;17,6;16,9;99;94;97;113;6,8;4,4;
2026/03/23;0700 UTC;0;979,3;979,7;978,9;0;17,8;17,8;18;17,8;18;17,6;100;99;100;101;7;4;
2026/03/23;0800 UTC;0;979,1;979,2;978,8;0;18;18;18,2;17,9;18,2;18;100;100;100;95;5,9;3,3;
2026/03/23;0900 UTC;,2;978,6;978,9;978,3;0;18,2;18,3;18,4;18,1;18,4;18,1;100;100;100;79;6,9;4,7;
2026/03/23;1000 UTC;0;978,1;978,3;977,8;4,3;18,6;18,6;18,8;18,4;18,9;18,4;100;100;100;94;5,4;3,2;
2026/03/23;1100 UTC;,2;978,8;979,4;978,1;22,7;18,7;18,8;19,1;17,9;19,1;17,9;100;100;100;187;9,9;4,8;
2026/03/23;1200 UTC;2,8;978,5;979,4;977,5;72,1;17,8;17,8;18;17,6;18;17,7;100;100;100;145;7,5;3;
2026/03/23;1300 UTC;7,6;978;978,5;977,5;46,3;18,1;18,1;18,2;18;18,2;18;100;100;100;205;11,4;7,4;
2026/03/23;1400 UTC;11,2;978,7;979,6;978,1;151,7;18,3;18,3;18,5;18,1;18,5;18,1;100;100;100;198;9;5,7;
2026/03/23;1500 UTC;5;978,9;979,2;978,3;176,7;18,7;18,7;19,1;18,5;19,1;18,5;100;100;100;185;9,8;4,8;
2026/03/23;1600 UTC;0;978,4;978,8;978,1;312,3;19,3;19,3;19,6;19,1;19,6;19,1;100;100;100;167;5,7;3;
2026/03/23;1700 UTC;,2;977,6;978,1;977,1;275,6;19,4;19,4;19,7;19,2;19,7;19,3;100;100;100;139;6,8;3,7;
2026/03/23;1800 UTC;,2;976,6;977,1;976,3;749,3;19,5;19,4;19,7;19,3;19,8;19;100;98;99;133;6,6;3,4;
2026/03/23;1900 UTC;,2;975,8;976,3;975,3;556,4;19,7;19,4;19,9;19,5;19,6;19,2;99;97;98;130;5,9;2,9;
2026/03/23;2000 UTC;5;977,1;977,8;976,2;164,8;19,6;19,6;19,7;19,5;19,7;19,4;100;98;100;198;7,9;4,2;
2026/03/23;2100 UTC;1,2;977,3;977,7;976,9;199,5;19,3;19,3;19,5;19;19,6;19;100;100;100;190;8,7;5,3;
2026/03/23;2200 UTC;0;976,2;976,9;975,7;44,7;18,9;18,9;19,2;18,6;19,2;18,6;100;100;100;108;5,4;3,3;
2026/03/23;2300 UTC;0;975,4;976,4;974,6;0;18,7;18,7;18,9;18,5;18,9;18,5;100;100;100;49;6,2;4,4;
2026/03/24;0000 UTC;,2;978;978,4;976,5;0;18,6;18,7;18,8;18,3;18,9;18,3;100;100;100;214;10,3;6,4;
2026/03/24;0100 UTC;,2;978,9;979,2;978,5;0;18;18;18,2;17,9;18,2;17,9;100;100;100;204;10,8;6,7;
2026/03/24;0200 UTC;,2;979,4;979,6;979,2;0;17,8;17,8;18;17,7;18;17,7;100;100;100;202;9,6;5,8;
2026/03/24;0300 UTC;0;979,6;979,7;979,4;0;17,7;17,7;17,8;17,5;17,8;17,5;100;100;100;202;11,2;6,8;
2026/03/24;0400 UTC;0;979,9;980,1;979,5;0;17,3;17,3;17,5;17;17,6;17;100;100;100;202;9,6;6,2;
2026/03/24;0500 UTC;0;980,3;980,5;980;0;16,3;16,3;17;16;17;16;100;100;100;200;7,1;4,4;
2026/03/24;0600 UTC;0;980,5;980,7;980,3;0;15,7;15,8;16,1;15,1;16,1;15,1;100;100;100;204;7,7;5,4;
2026/03/24;0700 UTC;,2;980,3;980,4;980,2;0;14,8;14,8;15,1;14,5;15,1;14,5;100;100;100;207;6,6;5,1;
2026/03/24;0800 UTC;0;980,6;981;980,2;0;14,4;14,4;14,5;14,1;14,6;14,1;100;100;100;202;7;4,5;
2026/03/24;0900 UTC;0;981,2;981,5;981;0;13,6;13,6;14,1;13,1;14,1;13,1;100;100;100;206;6,4;4,5;
2026/03/24;1000 UTC;0;981,8;982,1;981,5;8,4;12,5;12,5;13,1;12;13,1;12,1;100;100;100;201;4,3;3,2;
2026/03/24;1100 UTC;0;982,4;982,8;982,1;444,8;12,7;11,8;13,6;12,1;12,2;11,5;100;90;95;197;2,9;1,6;
2026/03/24;1200 UTC;0;982,9;983,3;982,8;1430,9;14,6;11;15,8;13,6;11,8;9,3;90;73;82;186;4,4;2,1;
2026/03/24;1300 UTC;0;983,5;983,7;983,3;2347,3;16,6;10,5;17,6;15,9;11,6;9,6;78;62;70;173;3,8;2;
2026/03/24;1400 UTC;0;983,8;983,9;983,6;2797,4;18,4;10;19,4;17,6;11;9;66;53;58;132;4;2,2;
2026/03/24;1500 UTC;0;983,6;983,7;983,4;3188,3;19,8;10,1;20,5;19,1;11,7;9;59;46;51;128;4,9;2,4;
2026/03/24;1600 UTC;0;983,2;983,4;983;3361,4;20,7;10,2;21,1;20,1;11,6;9;55;41;48;158;4;1,8;
2026/03/24;1700 UTC;0;982,8;983;982,6;3267,8;21,7;10,7;22,2;21;12,2;9,7;51;40;45;168;3,5;2,1;
2026/03/24;1800 UTC;0;982,4;982,7;981,9;2928,8;22,4;11,1;22,9;21,8;12,2;10,3;49;39;44;186;4,7;2,3;
2026/03/24;1900 UTC;0;981,7;981,9;981,6;2374,1;22,8;11,1;23,4;22,2;12,8;10;48;36;41;135;3,8;1,7;
2026/03/24;2000 UTC;0;981,5;981,6;981,5;1634,1;22,7;11;23,1;22,4;12,1;10,2;45;38;42;143;3,3;1,7;
2026/03/24;2100 UTC;0;981,6;981,7;981,5;786,1;22;10,6;22,5;21,4;11,4;9,7;49;39;43;163;1,8;1,1;
2026/03/24;2200 UTC;0;981,8;982,1;981,6;98,9;19,8;11,1;21,4;17,7;12,1;10,3;64;44;57;175;1,8;1,1;
2026/03/24;2300 UTC;0;982,3;982,7;982;0;17,2;10;17,8;16,7;10,4;9,6;67;60;64;141;4,2;2,1;
2026/03/25;0000 UTC;0;982,9;983;982,7;0;16,6;9,9;17;16,3;10,1;9,5;68;64;66;132;5,6;3,2;
2026/03/25;0100 UTC;0;983,1;983,3;983;0;15,8;10;16,3;15;10,3;9,7;75;69;71;114;5,6;3,7;
2026/03/25;0200 UTC;0;983,4;983,5;983,3;0;14,6;9,7;15;14,3;10;9,3;77;75;76;111;5,2;3,5;
2026/03/25;0300 UTC;0;983,6;983,7;983,5;0;14,2;9,1;14,3;14,1;9,3;8,8;76;73;75;106;5;3,4;
2026/03/25;0400 UTC;0;983,7;983,7;983,6;0;14,1;9,3;14,2;14;9,4;9;77;75;76;101;5,9;3,3;
2026/03/25;0500 UTC;0;983,7;983,8;983,6;0;13,9;9,9;14,4;13,6;11;9,3;87;75;80;101;4,1;2,6;
2026/03/25;0600 UTC;0;983,8;984;983,7;0;13,8;11,3;14,3;13,6;11,6;11;89;86;87;110;4,2;2,8;
2026/03/25;0700 UTC;0;983,7;983,8;983,6;0;13,9;11,7;14,1;13,8;11,8;11,5;90;88;89;125;4,9;3;
2026/03/25;0800 UTC;0;983,7;984;983,6;0;14;11,8;14,2;13,6;11,9;11,7;90;88;89;141;4;2,2;
2026/03/25;0900 UTC;0;984,3;984,6;983,9;0;13;11,6;13,5;12,4;11,9;11,3;96;91;93;152;3,2;1,9;
2026/03/25;1000 UTC;0;985,1;985,3;984,6;4,8;13,2;12;13,8;12,6;12,2;11,6;95;91;94;171;2,4;1,4;
2026/03/25;1100 UTC;0;985,6;986;985,2;273,1;14,1;12,2;14,9;13,5;12,4;12;94;86;90;166;3,9;2,5;
2026/03/25;1200 UTC;0;986,2;986,6;986;1204,9;16,5;12,4;18,5;14,9;13,1;11,9;85;70;79;128;4,9;2,8;
2026/03/25;1300 UTC;0;986,6;986,7;986,5;1952,6;19,1;12,7;20;18,4;13,6;12;71;64;68;97;5,2;2,9;
2026/03/25;1400 UTC;0;986,3;986,5;986;2607,8;20,8;12,5;21,6;20,1;13,7;11,1;67;49;59;131;6;3,3;
2026/03/25;1500 UTC;0;985,8;986;985,4;3039,7;22,3;12,3;23,2;21,3;13,5;11,7;59;44;50;126;5,8;2,4;
2026/03/25;1600 UTC;0;985,2;985,5;984,8;3217,5;23,4;12,7;24,2;22,7;14,1;11,5;52;42;46;169;5,3;2,3;
2026/03/25;1700 UTC;0;984,6;984,7;984,5;3138,7;24;13,2;24,4;23,5;14,8;12,2;53;43;46;159;5,5;2,7;
2026/03/25;1800 UTC;0;984,3;984,5;983,9;2810,2;24,3;13,4;24,9;23,8;14,5;12,4;50;41;45;132;4,6;2,3;
2026/03/25;1900 UTC;0;983,7;983,9;983,4;2268,2;24,5;13,7;24,9;24;14,5;13,1;49;43;46;152;5,2;2,5;
2026/03/25;2000 UTC;0;983,4;983,6;983,2;1541,2;24,4;13,6;24,8;24;14,4;12,8;50;43;46;156;4,6;2;
2026/03/25;2100 UTC;0;983,9;984,1;983,5;724,2;23,3;13,2;24,2;22,2;13,9;12,6;55;46;49;168;4,4;2,6;
2026/03/25;2200 UTC;0;984,5;984,9;984,1;90,6;20,4;12,7;22,1;19;13,1;12;67;54;62;160;3,6;1,6;
2026/03/25;2300 UTC;0;985,2;985,4;984,8;0;19,1;12,2;19,3;18,9;12,9;11,9;69;64;65;137;5,1;2,8;
2026/03/26;0000 UTC;0;985,4;985,6;985,3;0;18,7;13,8;19,1;18,3;14,1;13;78;70;75;135;5,5;3,2;
2026/03/26;0100 UTC;0;985,9;986,1;985,6;0;17,4;13,8;18,2;16,5;14;13,7;86;78;82;158;4,5;2,2;
2026/03/26;0200 UTC;0;986,2;986,3;986;0;16,1;13,7;16,6;15,4;13,9;13,6;91;85;88;167;3,8;2,3;
2026/03/26;0300 UTC;0;986,3;986,4;986,2;0;16,1;14,1;16,5;15,7;14,5;13,6;92;88;90;161;3,6;2,1;
2026/03/26;0400 UTC;0;986,1;986,2;986;0;15,6;14,4;15,7;15,4;14,7;14,2;95;92;94;142;4,4;2,5;
2026/03/26;0500 UTC;0;985,9;986,1;985,8;0;15,9;15,1;16,2;15,7;15,5;14,6;98;94;96;141;4,3;2,5;
2026/03/26;0600 UTC;0;985,8;985,9;985,7;0;15,8;15,7;16;15,7;16;15,4;100;98;99;126;3,9;2,5;
2026/03/26;0700 UTC;0;985,4;985,7;985,2;0;16,3;16,3;16,8;16;16,7;16;100;99;100;120;5,4;3,4;
2026/03/26;0800 UTC;0;985,3;985,4;985,2;0;16,5;16,3;16,7;16,3;16,6;16,1;100;99;99;127;4,7;3;
2026/03/26;0900 UTC;0;985,5;985,9;985,3;0;16,6;16,5;17;16,4;16,7;16,3;100;98;99;149;3,8;1,9;
2026/03/26;1000 UTC;0;986,2;986,4;986;3,1;16,3;16,3;16,7;16;16,5;16;100;98;100;168;3,9;2,2;
2026/03/26;1100 UTC;0;986,6;986,7;986,4;188,2;16,7;16,7;17,3;16,2;17,3;16,2;100;100;100;149;3,8;1,9;
2026/03/26;1200 UTC;0;987;987,2;986,7;653,1;17,6;17,5;18,3;17,2;17,7;17,3;100;96;99;158;4,1;2,4;
2026/03/26;1300 UTC;0;987,2;987,3;987,1;945,3;19,1;17,7;20,1;18,3;18,2;17,3;96;88;93;129;5,8;2,9;
2026/03/26;1400 UTC;0;987,1;987,2;987;1256,1;20,2;18,1;20,7;19,8;18,9;17,5;92;87;89;133;5,3;2,8;
2026/03/26;1500 UTC;0;986,7;987;986,5;1760,3;21,5;18,3;22,4;20,1;18,8;18;92;79;84;106;6,5;3,8;
2026/03/26;1600 UTC;0;986,4;986,6;986;1457,4;22,5;18,4;23,6;21,9;19,1;18,1;83;75;80;107;6,6;4,1;
2026/03/26;1700 UTC;0;985,8;986,1;985,5;1557;23,4;18,7;24;22,8;19,2;18,3;79;74;76;85;6,1;3,2;
2026/03/26;1800 UTC;0;985,2;985,5;985;1473,8;24,1;19,2;24,8;23,8;19,9;18,8;78;73;75;102;5,1;2,9;
2026/03/26;1900 UTC;0;984,7;985;984,4;1409,6;24,8;19,5;26;24,2;20,2;19;77;69;73;106;5,8;3,6;
2026/03/26;2000 UTC;0;984,3;984,5;984,2;1237,6;24,4;19,6;25,6;23,6;20,3;19,1;78;72;76;107;7,2;4,4;
2026/03/26;2100 UTC;0;984,3;984,5;984,2;455;23,3;19,5;24;22,7;19,8;19,2;84;78;81;96;6;3,1;
2026/03/26;2200 UTC;0;984,6;984,8;984,4;85;21,9;19,3;22,6;21;19,4;19,2;91;84;87;99;5,2;2,7;
2026/03/26;2300 UTC;0;985,1;985,3;984,9;0;20,8;19,3;21,1;20,6;19,4;19,2;93;91;92;112;4,9;3;
2026/03/27;0000 UTC;0;985,6;985,7;985,3;0;20,8;19,7;21;20,7;20;19,4;96;93;94;122;4,5;2,5;
2026/03/27;0100 UTC;0;985,7;985,8;985,6;0;20,6;20,1;20,8;20,5;20,2;20;99;97;98;115;4,8;2,7;
2026/03/27;0200 UTC;0;985,7;985,8;985,7;0;20,4;20,2;20,6;20,4;20,4;20,2;99;99;99;113;5,4;3,4;
2026/03/27;0300 UTC;0;985,5;985,7;985,4;0;20,3;20,2;20,4;20,2;20,3;20,2;100;99;100;123;4,8;2,9;
2026/03/27;0400 UTC;0;985,4;985,5;985,4;0;20,1;20,1;20,2;20,1;20,2;20,1;100;100;100;118;5,3;3,1;
2026/03/27;0500 UTC;0;985,3;985,4;985,1;0;20;20,1;20,1;20;20,2;20,1;100;100;100;122;4,3;2,6;
2026/03/27;0600 UTC;0;985;985,1;984,9;0;20;20,1;20,3;20;20,3;20,1;100;100;100;120;4,5;2,8;
2026/03/27;0700 UTC;0;984,9;985;984,9;0;20,1;20,2;20,3;20,1;20,3;20,1;100;100;100;111;4,2;2,6;
2026/03/27;0800 UTC;0;985;985,1;984,9;0;20,3;20,3;20,5;20,2;20,5;20,2;100;100;100;115;3,6;2,4;
2026/03/27;0900 UTC;0;985,2;985,3;985,1;0;20,4;20,4;20,5;20,3;20,5;20,4;100;100;100;110;3,5;2,2;
2026/03/27;1000 UTC;0;985,4;985,7;985,2;1,7;20,5;20,5;20,6;20,5;20,6;20,5;100;100;100;108;3,6;2,1;
2026/03/27;1100 UTC;0;985,9;986,1;985,6;81;20,7;20,7;20,9;20,6;20,9;20,6;100;100;100;84;4,1;2,4;
2026/03/27;1200 UTC;0;986,3;986,4;986,1;385,2;21,3;21,3;21,8;20,9;21,9;20,9;100;100;100;74;4;2,6;
2026/03/27;1300 UTC;0;986,6;986,6;986,4;712,8;22,6;21,5;23,6;21,8;21,9;21,1;100;89;94;75;3,6;1,8;
2026/03/27;1400 UTC;0;986,5;986,6;986,4;1057,6;23,8;21,4;24,3;23,3;21,7;21;91;85;88;84;3,5;1,9;
2026/03/27;1500 UTC;0;986,1;986,4;985,8;1586;24,9;21,6;25,6;24,1;22;21,1;88;78;83;40;4,2;2,1;
2026/03/27;1600 UTC;0;985,5;985,8;985,1;2162,8;26,6;21,7;28,4;25,3;23,3;21,2;81;69;76;104;2,6;1,5;
2026/03/27;1700 UTC;0;984,8;985,1;984,5;2593;27,7;22;28,6;26,6;22,7;21,3;77;67;71;99;3,5;1,6;
2026/03/27;1800 UTC;0;984,2;984,5;983,9;2402,8;28,9;22,3;30,1;28,4;23,4;21,8;71;63;67;254;2,6;1,5;
2026/03/27;1900 UTC;0;983,7;983,9;983,7;2154,6;29,8;22,7;30,5;29,2;23,5;21,9;69;61;65;139;2,9;1,6;
2026/03/27;2000 UTC;0;983,6;983,7;983,5;1387,4;29,7;22,6;30;29,4;23,2;22,2;68;62;65;122;3,2;1,8;
2026/03/27;2100 UTC;0;983,7;983,8;983,5;620,5;29,3;22,3;29,5;29;22,6;21,9;68;63;65;115;2;1,3;
2026/03/27;2200 UTC;0;984;984,2;983,8;64,8;27,2;22,5;28,9;25,7;22,6;22,3;84;67;76;163;2,2;1,5;
2026/03/27;2300 UTC;0;984,5;984,6;984,2;0;25,5;22,4;25,9;25,2;22,6;21,9;86;82;84;138;5,3;2,9;
2026/03/28;0000 UTC;0;984,9;985,3;984,6;0;24,8;22,6;25,3;24,5;22,8;22,5;91;86;89;143;4,8;2,5;
2026/03/28;0100 UTC;0;985,5;985,6;985,3;0;24,1;22,7;24,4;23,9;22,8;22,6;94;91;93;124;6,2;3,2;
2026/03/28;0200 UTC;0;985,5;985,7;985,4;0;23,8;22,8;24,1;23,6;23,2;22,7;96;93;95;125;5,5;3,1;
2026/03/28;0300 UTC;0;985,7;985,8;985,6;0;23,5;22,9;23,7;23,3;23,1;22,8;98;96;97;113;4,2;2,7;
2026/03/28;0400 UTC;0;985,7;985,8;985,7;0;23,3;23,1;23,6;23,1;23,2;23;100;97;99;81;4,4;2,8;
2026/03/28;0500 UTC;0;985,7;985,8;985,6;0;23,4;22,9;23,7;23,1;23;22,8;99;96;97;106;3,5;2,3;
2026/03/28;0600 UTC;0;985,4;985,6;985,3;0;23,1;23;23,3;22,8;23,2;22,7;100;99;100;99;3,1;2;
2026/03/28;0700 UTC;0;985;985,2;984,8;0;23,2;23,2;23,5;23;23,4;23;100;99;100;101;3,5;1,9;
2026/03/28;0800 UTC;0;984,9;985,1;984,8;0;22,4;22,4;23,2;22,1;23;22,1;100;99;100;151;3,1;1,8;
2026/03/28;0900 UTC;0;985,4;985,7;985,1;0;22,2;22,2;22,4;22,1;22,4;22,1;100;100;100;160;3,6;1,9;
2026/03/28;1000 UTC;0;986;986,2;985,7;6,3;22,1;22,1;22,3;22;22,3;22;100;100;100;153;3,5;1,8;
2026/03/28;1100 UTC;0;986,4;986,8;986,2;174,9;22,1;22,1;22,4;22;22,4;22;100;100;100;129;5,7;3,4;
2026/03/28;1200 UTC;0;987,1;987,4;986,8;694,2;22,7;22,8;23,5;22,3;23,5;22,3;100;100;100;128;4,4;2,6;
2026/03/28;1300 UTC;0;987,6;987,7;987,4;1266,2;23,7;23,7;24,3;23,1;24,3;23,2;100;99;100;135;4,8;2,5;
2026/03/28;1400 UTC;0;987,6;987,7;987,4;2236;26;24,1;27,4;24,2;24,9;23,5;100;83;91;141;4,6;2,5;
2026/03/28;1500 UTC;0;987,3;987,5;987,1;1444,6;27,4;24,1;27,8;26,9;24,6;23,8;86;81;83;126;4,9;2,9;
2026/03/28;1600 UTC;0;986,9;987,1;986,6;1986,8;28,5;24,4;29,1;27,6;25,2;23,7;84;76;80;107;4;2,4;
2026/03/28;1700 UTC;0;986,1;986,6;985,7;2261,9;29,6;24,5;30,1;28,9;25,5;23,9;79;71;74;125;4,8;2,5;
2026/03/28;1800 UTC;0;985,5;985,7;985,2;1698,4;30;24,7;30,5;29,6;25,5;24,2;77;69;73;157;5,3;2,6;
2026/03/28;1900 UTC;0;985,3;985,5;985;1878,3;30,5;24,8;31,1;30;25,5;24,1;75;68;72;123;6;2,8;
2026/03/28;2000 UTC;0;985,5;985,7;985,2;464,5;29,4;24,2;30,1;28,6;24,8;23,9;81;71;74;137;3,7;1,9;
2026/03/28;2100 UTC;0;985,4;985,6;985,2;91,1;27,6;24,7;28,5;26,9;25,1;24,4;88;81;86;147;4,9;2,3;
2026/03/28;2200 UTC;0;985,6;986,1;985,3;17;26,6;24,3;26,9;26,3;24,5;24,1;89;88;88;134;5,7;3,1;
2026/03/28;2300 UTC;0;986,4;986,7;986,1;0;25,5;24;26,3;24,5;24,4;22,7;95;89;93;145;6,5;3,1;
2026/03/29;0000 UTC;0;986,9;987,3;986,4;0;23,9;22,6;24,4;23,7;22,8;22,4;95;91;93;134;6,5;3,6;
2026/03/29;0100 UTC;0;987;987,1;986,9;0;23,6;22,9;23,8;23,4;23,1;22,8;98;95;97;122;7,6;4,3;
2026/03/29;0200 UTC;0;987;987,1;986,8;0;23,3;23,2;23,4;23,3;23,3;23;100;98;99;115;6;4;
2026/03/29;0300 UTC;0;986,9;986,9;986,8;0;23,3;23,3;23,5;23,2;23,6;23,3;100;100;100;99;5,3;2,9;
2026/03/29;0400 UTC;0;986,8;986,9;986,7;0;23,4;23,4;23,4;23,3;23,5;23,3;100;100;100;106;4,6;2,4;
2026/03/29;0500 UTC;0;986,6;986,8;986,4;0;23,3;23,3;23,4;23,2;23,4;23,2;100;100;100;93;4;2,5;
2026/03/29;0600 UTC;0;986,1;986,4;985,9;0;23,1;23,1;23,3;22,9;23,3;22,9;100;100;100;122;2,9;1,8;
2026/03/29;0700 UTC;0;985,7;985,9;985,6;0;22,7;22,7;22,9;22,5;22,9;22,5;100;100;100;146;3;1,6;
2026/03/29;0800 UTC;0;985,8;985,9;985,6;0;22,1;22,1;22,5;21,7;22,5;21,8;100;100;100;133;3,1;2;
2026/03/29;0900 UTC;0;986,1;986,3;985,9;0;21,5;21,5;21,8;21,4;21,9;21,4;100;100;100;120;2,8;2;
2026/03/29;1000 UTC;0;986,7;987;986,3;7,1;21,2;21,2;21,7;20,9;21,7;21;100;100;100;169;2,3;1,8;
2026/03/29;1100 UTC;0;987,1;987,2;987;327,4;21,9;21,9;22,9;21;23;21;100;100;100;122;1,9;1,2;
2026/03/29;1200 UTC;0;987,1;987,2;987;1030,9;24,2;22,4;25,5;22,6;23,3;21,8;100;83;91;80;3,8;2,6;
2026/03/29;1300 UTC;0;987,2;987,2;987;1176,4;25,4;22,4;25,8;25,2;22,8;22,1;87;82;85;56;3,9;3,2;
2026/03/29;1400 UTC;0;987;987,1;987;1468,6;26,9;22,7;27,8;25,7;23,3;22,1;85;75;79;189;2,9;1,7;
2026/03/29;1500 UTC;0;986,7;987;986,5;2574,6;29,1;23,9;30,6;27,8;25,1;23,1;79;69;74;277;5,5;3,2;
2026/03/29;1600 UTC;0;986,2;986,5;985,9;2781,5;31;24,7;31,7;30,6;25,5;24;73;64;68;301;4,5;2,7;
2026/03/29;1700 UTC;0;985,2;985,9;984,6;2551,6;31,9;24,6;32,6;31,4;25,4;23,9;69;59;64;259;3,8;2;
2026/03/29;1800 UTC;0;984,3;984,6;983,9;1991,2;32,5;24,5;33,7;31,6;25,3;23,2;66;52;60;229;3,8;1,8;
2026/03/29;1900 UTC;0;984,1;984,4;983,9;612,2;30,1;23,6;32,1;27;25,1;21,6;76;64;67;178;8,4;2,8;
2026/03/29;2000 UTC;0;984,1;984,4;983,7;850;29,2;22,7;30,4;27,2;23,9;21,6;75;64;68;137;6,4;2,3;
2026/03/29;2100 UTC;0;984,7;985,3;984,4;239,9;26,7;22,7;28,2;25,9;23,5;21,5;88;67;80;109;5,8;3,2;
2026/03/29;2200 UTC;14;985,6;987,2;984,9;75,7;24,6;23,2;25,8;23,2;23,6;22,8;100;88;93;180;13,4;7;
2026/03/29;2300 UTC;4;986,2;986,7;985,9;,3;22,7;22,4;22,9;22,5;22,7;21,7;100;96;99;99;7,8;4,2;
2026/03/30;0000 UTC;0;986,4;986,5;986,2;0;22,4;22,2;22,6;22,1;22,5;22,1;100;98;99;63;4,9;3,6;
2026/03/30;0100 UTC;0;986;986,2;985,8;0;22,1;22,2;22,3;22,1;22,4;22,1;100;100;100;33;5;3,7;
2026/03/30;0200 UTC;0;985,7;985,8;985,5;0;22,3;22,3;22,6;22,1;22,6;22,1;100;100;100;13;4,5;3,5;
2026/03/30;0300 UTC;,2;985,6;985,8;985,5;0;22,1;22,2;22,5;22;22,6;22;100;100;100;34;4,7;3,9;
2026/03/30;0400 UTC;0;985,8;986;985,7;0;22,2;22,2;22,3;22,1;22,3;22,1;100;100;100;83;4,8;3,1;
2026/03/30;0500 UTC;0;985,8;986,1;985,5;0;22,3;22,4;22,6;22,2;22,7;22,2;100;100;100;43;5,6;4,3;
2026/03/30;0600 UTC;0;985,6;985,9;985,5;0;22,4;22,5;22,5;22,4;22,6;22,4;100;100;100;83;5;3,1;
2026/03/30;0700 UTC;0;985,3;985,5;985,2;0;22,3;22,4;22,5;22,2;22,5;22,2;100;100;100;43;4,7;3,1;
2026/03/30;0800 UTC;,2;985,4;985,6;985,3;0;22,2;22,2;22,3;22,1;22,3;22,1;100;100;100;139;2,1;,8;
2026/03/30;0900 UTC;,2;985,5;985,7;985,4;0;22;22;22,3;21,9;22,3;21,9;100;100;100;67;3,3;2,3;
2026/03/30;1000 UTC;0;985,7;986,4;985,5;,9;22;22;22,1;21,9;22,2;21,9;100;100;100;167;3,7;2;
2026/03/30;1100 UTC;0;986,2;986,4;986,1;38,6;22;22;22,1;21,9;22,2;21,9;100;100;100;57;5,5;4;
2026/03/30;1200 UTC;0;986,4;986,7;986,1;283,1;22,3;22,4;22,7;22,1;22,7;22,1;100;100;100;116;4,4;2,9;
2026/03/30;1300 UTC;25;987,4;988,2;986,6;16;22,1;22,1;22,6;21,7;22,6;21,8;100;100;100;209;8,2;4,9;
2026/03/30;1400 UTC;4,6;986,7;987,6;986,3;262,3;21,8;21,9;22,1;21;22,1;20,9;100;99;100;28;4,5;2,6;
2026/03/30;1500 UTC;0;986,6;986,9;986,3;720,9;22,3;22,3;23,2;22;23,2;22;100;99;100;58;4,2;3,1;
2026/03/30;1600 UTC;0;985,8;986,3;985,4;2423,1;24,7;22,1;25,9;23;23,5;20,9;99;80;87;94;4,2;2,1;
2026/03/30;1700 UTC;0;985,2;985,4;985;1056,4;25,5;22,1;25,7;25,4;22,5;21,6;85;80;83;113;2,1;1,1;
2026/03/30;1800 UTC;0;984,7;985,2;984,1;1381,6;25,7;22,5;26,7;25,2;23,3;22;88;79;84;103;5,7;3,4;
2026/03/30;1900 UTC;0;983,7;984,1;983,5;1342,2;26,4;22,2;26,8;25,9;23;21,6;83;74;79;55;3,6;2;
2026/03/30;2000 UTC;0;983,6;983,7;983,4;1140,4;26,8;22,1;27,4;26,4;22,7;21,7;80;74;76;58;3,9;2,4;
2026/03/30;2100 UTC;0;983,6;983,8;983,5;470,7;26,6;22,4;27,4;26,2;22,8;21,9;83;75;79;111;4,2;2,4;
2026/03/30;2200 UTC;0;983,5;983,7;983,3;62,4;25,1;22,5;26,3;24,4;22,8;22,1;90;82;87;118;4,6;3,1;
2026/03/30;2300 UTC;0;983,6;983,8;983,4;0;23,9;22,3;24,4;23,4;22,5;22,2;94;89;92;95;6,4;3,6;
2026/03/31;0000 UTC;0;984;984,3;983,8;0;23;22,1;23,4;22,6;22,4;21,9;96;94;96;97;6,2;3,6;
2026/03/31;0100 UTC;0;984,4;984,4;984,2;0;22,4;21,8;22,6;22,2;21,9;21,6;98;96;97;90;6,5;3,4;
2026/03/31;0200 UTC;0;984,3;984,4;984,2;0;22,2;21,5;22,5;22;21,7;21,3;98;96;96;94;5,1;2,6;
2026/03/31;0300 UTC;0;984,2;984,3;984,2;0;21,7;21,4;21,9;21,4;21,5;21,3;100;97;98;104;3,2;1,9;
2026/03/31;0400 UTC;0;984,1;984,2;983,9;0;21,5;21,3;21,9;21,3;21,6;21;100;98;99;74;4,9;3,3;
2026/03/31;0500 UTC;0;983,7;983,9;983,5;0;21,4;20,9;21,6;21,2;21;20,6;99;97;98;78;5,8;3,9;
2026/03/31;0600 UTC;0;983,5;983,6;983,3;0;21,2;20,3;21,4;21,1;20,7;20;96;94;96;89;5,5;2,9;
2026/03/31;0700 UTC;0;983,2;983,4;983;0;21;20,1;21,5;20,9;20,3;19,9;97;94;95;92;5;2,7;
2026/03/31;0800 UTC;0;983;983;982,9;0;20,8;20;21,2;20,4;20,5;19,8;100;94;96;106;4,2;2,5;
2026/03/31;0900 UTC;0;983;983,1;982,8;0;20,3;20,4;20,6;20,2;20,6;20,3;100;100;100;111;4,7;3,1;
2026/03/31;1000 UTC;0;983,3;983,6;983,2;5,1;20,2;20,2;20,4;20,1;20,4;20,2;100;100;100;106;4;2,3;
2026/03/31;1100 UTC;,2;983,5;983,6;983,5;377,4;21,1;20,3;22;20,3;20,5;20,2;100;92;96;98;5;2,7;
2026/03/31;1200 UTC;0;983,7;983,7;983,6;1119,1;22,6;20,5;23,1;21,9;21;19,9;93;84;89;95;6;3,4;
2026/03/31;1300 UTC;0;983,5;983,7;983,2;1863,6;23,6;20,4;24,5;23;21;19,7;89;78;84;74;8;4,9;
2026/03/31;1400 UTC;0;983,1;983,3;982,9;2426,2;25,3;19,9;26,1;24,4;20,5;19,5;80;68;73;62;7,5;5;
2026/03/31;1500 UTC;0;982,7;982,9;982,6;2816,5;26,6;20,2;27,3;25,4;20,9;19,6;72;64;68;44;8,5;5,1;
2026/03/31;1600 UTC;0;982,1;982,6;981,6;3076,8;27,7;20,4;28,4;27,2;21,3;19,7;68;59;63;41;6,6;4,2;
2026/03/31;1700 UTC;0;981,1;981,6;980,8;2861,9;28,4;20,2;29;27,7;21,1;19,5;64;56;59;51;8,8;4,9;
2026/03/31;1800 UTC;0;980,5;980,8;980,3;2715,1;29,1;20,3;29,5;28,7;21,1;19,7;60;53;56;54;6,7;4,3;
2026/03/31;1900 UTC;0;980,2;980,3;980;1907,7;29;20,3;29,9;27,5;21,5;19,6;63;52;57;41;6,2;3,8;
2026/03/31;2000 UTC;0;979,9;980,1;979,7;1570,1;29,1;20,3;29,7;28,4;21,1;19,7;60;53;56;64;5,9;2,9;
2026/03/31;2100 UTC;0;979,8;979,8;979,7;676;28,3;20,2;28,9;27,9;20,6;19,8;63;56;60;63;4,2;2;
2026/03/31;2200 UTC;0;979,9;980,1;979,7;64,9;26,2;19,8;27,9;25,1;20,4;19,4;72;62;68;102;5,2;2,5;
2026/03/31;2300 UTC;0;980,4;980,8;980,1;0;24,4;19,3;25,1;23,5;19,6;19,1;81;72;74;103;6;3,5;
2026/04/01;0000 UTC;0;981;981,2;980,8;0;23;19,8;23,5;22,5;20,1;19,6;86;81;84;89;7,8;3,7;
2026/04/01;0100 UTC;0;981,5;981,9;981,2;0;22,1;19,5;22,4;21,8;19,8;19,3;88;87;87;81;6,6;4,2;
2026/04/01;0200 UTC;0;982;982,1;981,8;0;21,4;19,2;22,1;21;19,6;19;90;87;89;80;6,8;4;
2026/04/01;0300 UTC;0;982;982,1;981,9;0;20,7;18,9;21,2;20,4;19,3;18,8;92;90;91;79;5,3;3,4;
2026/04/01;0400 UTC;0;981,9;982;981,7;0;20,3;18,9;20,5;19,9;19,1;18,8;95;92;93;75;4;2,7;
2026/04/01;0500 UTC;0;981,5;981,7;981,1;0;19,8;18,8;19,9;19,7;18,9;18,7;95;95;95;77;5,2;3;
2026/04/01;0600 UTC;0;980,8;981,1;980,6;0;19,4;18,5;19,7;18,9;18,8;18,2;96;95;95;70;4,4;3,1;
2026/04/01;0700 UTC;0;980,2;980,6;980;0;18,7;18;19;18,5;18,3;17,7;97;95;96;76;4,9;3,6;
2026/04/01;0800 UTC;0;980,2;980,4;980,1;0;18,6;17,5;18,7;18,4;17,7;17,2;96;93;95;65;4,9;3,6;
2026/04/01;0900 UTC;0;980,5;980,8;980,3;0;18,3;17,1;18,5;17,8;17,3;17;97;93;94;107;3,5;2,3;
2026/04/01;1000 UTC;0;980,8;981;980,6;4,4;17,9;17,1;18,2;17,8;17,2;16,9;97;94;96;104;4,8;3;
2026/04/01;1100 UTC;0;981,1;981,2;981;367,3;18,9;17,3;19,9;17,9;17,8;17,1;96;88;92;99;4,8;2,7;
2026/04/01;1200 UTC;0;981,3;981,4;981,1;1116,6;20,7;17,8;21,6;19,9;18,3;17,4;89;80;86;103;5,9;3,1;
2026/04/01;1300 UTC;0;981,3;981,5;981,2;1884,1;22,1;17,8;23,2;21,5;18,5;17,2;82;73;78;104;5,6;3,1;
2026/04/01;1400 UTC;0;981,4;981,5;981,3;2500,4;23,7;18,2;24,6;23;19;17;76;68;72;126;5,6;2,8;
2026/04/01;1500 UTC;0;981,2;981,5;980,9;2907,1;25,3;18,6;26,3;24,5;19,5;17,5;72;58;66;134;5,3;2,2;
2026/04/01;1600 UTC;0;980,5;980,9;980,1;3084,2;26,5;18,2;27,3;26;19,6;17,2;66;52;58;122;4,2;1,8;
2026/04/01;1700 UTC;0;979,8;980,1;979,3;2970,3;27,1;18;27,6;26,7;19;17,4;60;50;55;138;4,7;2,6;
2026/04/01;1800 UTC;0;978,9;979,3;978,6;2643,8;27,4;17,7;28;27,1;18,5;16,9;55;45;51;135;4,8;2,4;
2026/04/01;1900 UTC;0;978,4;978,7;978,2;2092,7;28;17,9;28,4;27,5;18,6;17,1;52;46;50;128;4,2;2,2;
2026/04/01;2000 UTC;0;978,3;978,4;978,2;1389,6;27,6;17,7;28,2;27,2;18,7;16,8;55;47;50;162;4;1,8;
2026/04/01;2100 UTC;0;978,5;978,6;978,4;597,5;26,3;18;27,2;24,8;18,7;17,5;64;53;58;169;3,6;2;
2026/04/01;2200 UTC;0;978,9;979,2;978,6;47,9;23;17,5;24,8;21,6;17,8;17,2;78;64;73;171;4,6;2,2;
2026/04/01;2300 UTC;0;979,3;979,5;979,2;0;21,5;17,1;22;21,1;17,5;16,9;80;75;78;158;4,5;2,2;
2026/04/02;0000 UTC;0;979,9;980,3;979,4;0;20,8;17,8;21,4;20,5;18,8;16,9;91;78;85;140;6,7;3,1;
2026/04/02;0100 UTC;0;980,7;981;980,3;0;20,3;19;20,6;20,1;19,3;18,8;95;91;94;130;6,8;3,1;
2026/04/02;0200 UTC;0;981,1;981,3;980,8;0;20,3;19,4;20,6;20;19,7;19,3;98;94;96;132;4,6;2,4;
2026/04/02;0300 UTC;0;981,3;981,3;981,1;0;19,9;19,5;20;19,7;19,6;19,4;99;97;98;90;4,7;2,6;
2026/04/02;0400 UTC;0;981;981,2;980,9;0;19,7;19,5;20;19,6;19,7;19,3;100;98;99;83;4,5;2,5;
2026/04/02;0500 UTC;0;980,8;980,9;980,6;0;19,6;19,4;19,8;19,5;19,6;19,3;100;98;99;88;3,5;1,9;
2026/04/02;0600 UTC;0;980,4;980,6;980,1;0;19,6;19,3;19,8;19,4;19,6;19,1;99;97;99;90;3,9;2,2;
2026/04/02;0700 UTC;0;980,1;980,2;980;0;19,4;18,9;19,8;18,6;19,1;18,4;99;96;98;160;2,3;1,5;
2026/04/02;0800 UTC;0;979,9;980;979,7;0;17,7;17,7;18,5;17,3;18,5;17,3;100;99;100;166;2,7;1,4;
2026/04/02;0900 UTC;0;979,9;980;979,8;0;17,4;17,5;17,8;17,2;17,8;17,2;100;100;100;149;2,7;1,5;
2026/04/02;1000 UTC;0;980;980,5;979,8;3,6;17,3;17,4;17,9;17;17,9;17;100;100;100;180;3,9;2,5;
2026/04/02;1100 UTC;0;980,7;980,9;980,4;239,5;17,9;17,9;18,1;17,7;18,1;17,7;100;100;100;173;4;2,9;
2026/04/02;1200 UTC;0;981,1;981,3;980,9;940,6;18,8;18,9;19,5;18,1;19,5;18,1;100;100;100;177;4,1;2,3;
2026/04/02;1300 UTC;0;981,6;981,9;981,3;1884;20,4;20;21,6;19,4;21;19;100;88;98;165;3,1;2;
2026/04/02;1400 UTC;0;981,8;981,9;981,8;2426,4;23;19,6;23,9;21,7;20,4;18,7;92;75;83;177;4,6;2,5;
2026/04/02;1500 UTC;0;981,8;981,8;981,6;2801,8;25,1;19,6;26,2;24;20,9;18,5;81;66;72;167;4,7;2,3;
2026/04/02;1600 UTC;0;981,2;981,6;980,8;2897,9;26,1;19,7;27,3;24,8;20,6;18,8;73;59;68;141;3,4;1,6;
2026/04/02;1700 UTC;0;980,6;980,7;980,4;2442,7;26,6;19,4;27,8;25,5;20,5;18,6;69;57;64;166;3,6;1,7;
2026/04/02;1800 UTC;0;980,2;980,5;980;2089,1;27;19,1;27,7;26,1;19,9;18;65;56;60;191;5,1;2,6;
2026/04/02;1900 UTC;0;980,1;980,2;980;1561,9;26,9;18,6;27,6;26,1;19,6;17,5;62;56;59;167;5;2,6;
2026/04/02;2000 UTC;0;980,2;980,4;980,1;1426,2;27,2;18,8;27,8;26,3;19,5;18,4;61;54;58;171;4,6;2;
2026/04/02;2100 UTC;0;980,5;980,6;980,4;387;25,5;18,4;27;23,8;19;17,9;74;57;65;166;2,7;1,6;
2026/04/02;2200 UTC;0;980,8;981;980,6;21,9;22,5;17,7;23,7;22;18,5;16,7;77;73;76;162;3;1,5;
2026/04/02;2300 UTC;0;981,3;981,7;981;0;21,9;16,7;22,3;21,4;17,2;16,3;76;73;74;170;2,8;1,6;
2026/04/03;0000 UTC;0;981,9;982;981,7;0;21,1;16,7;21,6;20,4;17,6;16,2;84;73;78;159;3,4;1,8;
2026/04/03;0100 UTC;0;982,3;982,6;982;0;20,8;18,9;21;20,4;19,6;17,4;95;85;90;144;4,6;2,4;
2026/04/03;0200 UTC;0;982,7;982,9;982,5;0;20,6;19,7;20,8;20,4;19,9;19,5;96;95;95;115;4,9;3,1;
2026/04/03;0300 UTC;0;982,7;982,7;982,6;0;20,3;19,6;20,5;19,9;19,8;19,6;99;95;97;100;4,2;2,3;
2026/04/03;0400 UTC;0;982,5;982,6;982,4;0;19,9;19,6;20,1;19,7;19,8;19,4;99;98;99;96;3,9;2,5;
2026/04/03;0500 UTC;0;982,5;982,6;982,3;0;19,5;19,4;19,8;19,1;19,6;19,1;100;99;99;33;2,9;2,4;
2026/04/03;0600 UTC;0;982,2;982,4;982;0;19,1;19,2;19,3;19;19,4;19;100;100;100;22;2,1;1,3;
2026/04/03;0700 UTC;0;982,1;982,3;981,9;0;19,2;19,3;19,6;19,1;19,6;19,2;100;100;100;29;3,1;2,5;
2026/04/03;0800 UTC;0;982,1;982,2;981,9;0;19,2;19,2;19,6;19,1;19,7;19,1;100;100;100;52;2,7;1,9;
2026/04/03;0900 UTC;0;982,3;982,5;982,1;0;19,5;19,4;19,8;19,3;19,6;19,1;100;97;99;62;3,2;2,2;
2026/04/03;1000 UTC;0;982,6;982,8;982,4;1,6;19,6;19,2;19,7;19,5;19,4;19;99;97;98;99;2;1,5;
2026/04/03;1100 UTC;0;983;983,1;982,8;275,3;19,5;18,9;20,1;19;19,5;18,5;100;95;97;138;1,6;1,2;
2026/04/03;1200 UTC;0;983,3;983,5;982,9;936,5;22,1;19,2;22,6;20,4;20;18,5;97;80;86;171;2,3;1,3;
2026/04/03;1300 UTC;0;983,4;983,6;983,2;1850,7;24,1;19,9;25,2;22,6;21;18,9;87;74;79;82;2,3;1,4;
2026/04/03;1400 UTC;0;983,5;983,6;983,4;2443,1;25,3;19,5;26;24,9;20,7;18,4;78;64;71;135;3,7;2;
2026/04/03;1500 UTC;0;983,5;983,6;983,4;2493,4;25,9;19,2;27,7;25;20,7;18,6;70;58;67;111;2,6;1,1;
2026/04/03;1600 UTC;0;983,3;983,5;982,9;2598,9;26,3;18,9;27,2;25,1;20,1;18,2;69;58;63;185;3,9;1,2;
2026/04/03;1700 UTC;0;982,5;982,9;982,3;2898,5;27,5;19;28,1;26,9;19,9;17,9;62;51;58;215;4,1;1,8;
2026/04/03;1800 UTC;0;982;982,3;981,8;2457,8;28;18,7;28,7;27,5;19,9;17,8;60;47;53;189;2,6;1,3;
2026/04/03;1900 UTC;0;981,6;981,8;981,3;2101,8;28;18,8;28,3;27,7;19,6;18,2;58;51;54;200;2,7;1,4;
2026/04/03;2000 UTC;0;981,2;981,3;981,1;1248,4;28,2;18,6;28,6;27,6;19,2;18,1;56;49;52;103;3;1;
2026/04/03;2100 UTC;0;981,4;981,7;981,1;531,1;27,5;18,7;28,5;26,2;19,2;18;63;49;56;150;1,9;,8;
2026/04/03;2200 UTC;0;982,2;982,5;981,7;28,3;24,4;18,3;26,1;23,6;19,1;17,7;71;61;69;174;2;1,1;
2026/04/03;2300 UTC;0;982,6;982,8;982,4;0;22,6;17,5;23,6;21,7;17,8;17,1;79;69;75;145;4,1;1,8;
2026/04/04;0000 UTC;0;983;983,1;982,8;0;22,5;16,6;23,1;22,1;17,3;16,1;75;67;71;115;5,4;3,8;
2026/04/04;0100 UTC;0;983,3;983,4;983,1;0;22;16,9;22,6;21,5;17,6;16,6;80;71;74;100;5;3;
2026/04/04;0200 UTC;0;983,2;983,4;983,1;0;21,6;18,1;22;21,2;18,6;17,5;85;80;82;68;4,2;3;
2026/04/04;0300 UTC;0;983;983,2;982,9;0;20,4;18,3;21,2;20,1;18,7;18,1;92;85;90;47;5,3;3,4;
2026/04/04;0400 UTC;0;983;983,2;982,9;0;20,1;18,7;20,5;19,9;19;18,4;95;91;93;36;4,3;3;
2026/04/04;0500 UTC;0;982,9;983,2;982,6;0;19,9;19,3;20,1;19,8;19,6;19;99;95;97;43;5;3,4;
2026/04/04;0600 UTC;0;982,5;982,7;982,3;0;19,8;19,7;19,9;19,6;19,8;19,5;100;99;100;24;4,9;3,3;
2026/04/04;0700 UTC;0;982,5;982,7;982,1;0;19,7;19,7;19,9;19,5;19,9;19,6;100;100;100;16;4,2;3;
2026/04/04;0800 UTC;0;982,1;982,5;981,9;0;20;19,8;20,1;19,8;20;19,7;100;99;99;44;3,9;3;
2026/04/04;0900 UTC;0;982,6;982,8;982,4;0;19,9;19,9;20,3;19,9;20,3;19,8;100;99;100;50;3,6;2,6;
2026/04/04;1000 UTC;0;983,1;983,4;982,8;,5;20,1;20;20,3;20;20,2;19,9;100;99;100;25;2,5;2;
2026/04/04;1100 UTC;,2;983,6;983,8;983,3;48,1;20,1;20;20,3;19,9;20,2;19,9;100;99;100;19;2,1;1,5;
2026/04/04;1200 UTC;0;984,1;984,7;983,6;248;20,7;20,4;21,2;20,3;20,6;20,1;99;96;98;245;1,9;1,4;
2026/04/04;1300 UTC;0;984,4;984,6;984,3;984,1;22,1;20,7;22,9;21,1;21,3;20,2;96;90;93;330;5,2;3,3;
2026/04/04;1400 UTC;0;984,7;985;984,3;1299,6;23;20,8;24;22,5;21,2;20,3;92;84;89;201;6,7;4,3;
2026/04/04;1500 UTC;0;985,1;985,3;984,9;1733;23,2;20,4;24,4;22,4;21;19,7;90;82;86;203;7,2;4,8;
2026/04/04;1600 UTC;0;985,2;985,4;985;2144,1;23,8;20;24,7;22,2;20,9;19;85;76;81;175;8,8;5;
2026/04/04;1700 UTC;0;985,7;986;985,4;890,7;21,1;18,5;23,5;19,4;19,8;17,9;94;80;87;172;8,6;5,6;
2026/04/04;1800 UTC;0;985,8;985,9;985,6;777,8;19,3;17,5;20,2;18,7;18;16,9;94;87;91;171;8,9;5,5;
2026/04/04;1900 UTC;0;986;986,3;985,7;625,2;18,6;16,4;19,3;17,9;17,2;15,4;91;86;89;166;8,6;5,2;
2026/04/04;2000 UTC;0;986,5;986,7;986,3;271,2;17,7;15,1;18,4;16,9;15,7;14,2;89;85;87;169;9,9;5,1;
2026/04/04;2100 UTC;0;986,9;987,2;986,5;78,9;16,4;13,5;17,2;15,8;14,3;12,7;87;84;86;169;9,2;5,5;
2026/04/04;2200 UTC;0;987,7;988,3;987;4,3;15,2;12,7;15,8;14,9;13,2;12,1;90;84;88;165;10,2;5,4;
2026/04/04;2300 UTC;0;988,5;988,9;988,2;0;14,7;12,3;15,2;14,5;12,8;11,8;90;86;88;161;8,7;4,5;
2026/04/05;0000 UTC;0;989,4;989,8;988,8;0;14,5;11,1;14,6;14,4;11,7;10,2;86;79;83;164;8,3;4,5;
2026/04/05;0100 UTC;0;989,9;990,1;989,5;0;14,3;9,8;14,5;14,1;10,4;9,3;80;75;77;160;9;4,1;
2026/04/05;0200 UTC;0;990,4;990,7;990;0;14;8,8;14,4;13,7;9,4;8,3;76;72;74;160;8,1;4,1;
2026/04/05;0300 UTC;0;990,3;990,5;990,1;0;13,5;8,2;14;13,2;8,6;7,9;75;72;73;169;8,4;4,8;
2026/04/05;0400 UTC;0;990,1;990,3;990;0;13;8,1;13,2;12,6;8,5;7,9;78;74;76;173;6;3,2;
2026/04/05;0500 UTC;0;990,2;990,3;990,1;0;12,7;8;12,8;12,3;8,2;7,8;78;75;77;172;5,4;3,2;
2026/04/05;0600 UTC;0;989,9;990,2;989,6;0;12,1;7,8;12,3;11,9;8,1;7,3;80;76;79;174;6,4;4;
2026/04/05;0700 UTC;0;990;990,1;989,8;0;11,4;7,2;12;11;7,4;7,1;81;77;79;181;6,4;3,9;
2026/04/05;0800 UTC;0;990,1;990,3;989,8;0;11,1;7,1;11,6;11;7,3;6,9;81;79;80;180;7,1;4,2;
2026/04/05;0900 UTC;0;990,5;991,1;990,1;0;11,1;7,2;11,3;10,9;7,5;7;82;80;81;185;6,8;4,4;
2026/04/05;1000 UTC;0;991,1;991,3;990,9;3,3;11,3;7,6;11,5;11,1;7,9;7,4;82;81;82;178;6,3;3,8;
2026/04/05;1100 UTC;0;991,2;991,5;990,9;166,6;11,9;8,2;12,6;11,5;8,8;7,8;82;79;81;171;6,3;3,5;
2026/04/05;1200 UTC;0;991,5;991,6;991,4;453;13,3;9,1;14,2;12,5;9,8;8,4;81;76;79;157;6,7;3,3;
2026/04/05;1300 UTC;0;991,6;991,7;991,4;883,7;15,4;10,4;16,8;14;11,3;9,5;79;69;75;138;6,4;3;
2026/04/05;1400 UTC;0;991,2;991,7;990,7;1365,2;17,4;11;18;16,7;11,6;10,5;71;66;68;127;10,5;5,6;
2026/04/05;1500 UTC;0;990,7;990,9;990,3;1592,2;18,1;11,5;18,6;17,7;12;11;70;65;67;119;10,2;6,3;
2026/04/05;1600 UTC;0;990,4;990,7;989,9;2071,3;19;12,3;19,9;18,4;13;11,7;69;64;66;120;9,5;6;
2026/04/05;1700 UTC;0;990;990,2;989,8;1619;19,8;12,8;20,3;19,4;13,4;12,4;67;63;65;128;8,6;5,3;
2026/04/05;1800 UTC;0;989,7;990,1;989,4;944,8;20;12,8;20,5;19,8;13,4;12,2;67;61;64;133;7,2;4,2;
2026/04/05;1900 UTC;0;989,6;989,7;989,4;822,6;20;12,2;20,3;19,6;12,7;11,7;64;59;61;138;7,2;3,1;
2026/04/05;2000 UTC;0;989,6;989,7;989,4;407,8;19,1;11,2;19,7;18,4;11,9;10,5;62;59;61;140;7,5;4;
2026/04/05;2100 UTC;0;989,3;989,5;989,1;167,9;18;10,5;18,4;17,5;10,8;10,2;65;61;62;132;7,9;3,7;
2026/04/05;2200 UTC;0;989,2;989,4;988,9;3,8;17,2;10,2;17,6;16,8;10,5;9,9;67;63;65;123;8,5;4,4;
2026/04/05;2300 UTC;0;989,3;989,5;989,1;0;16,6;10,4;17;16,2;10,6;10,2;72;67;69;123;7,2;4,5;
2026/04/06;0000 UTC;0;989,8;990,1;989,5;0;16;10,5;16,3;15,7;10,8;10,4;74;71;72;123;8,2;5;
2026/04/06;0100 UTC;0;990;990,2;989,3;0;15,5;10,5;15,7;15,3;10,6;10,4;76;74;75;123;6,8;4,1;
2026/04/06;0200 UTC;0;989,6;990;988,9;0;15,2;10,4;15,6;15,1;10,7;10,3;78;75;76;108;6,4;3,6;
2026/04/06;0300 UTC;0;989,5;990,1;988,8;0;15,1;10,6;15,2;15;10,8;10,5;78;77;78;98;6,2;4;
2026/04/06;0400 UTC;0;989,1;989,2;988,9;0;15,1;10,4;15,5;15;10,8;10,3;77;75;77;97;5,6;3,2;
2026/04/06;0500 UTC;0;988,9;989,1;988,5;0;15,3;10,5;15,6;15;10,7;10,3;78;75;76;96;5,2;2,7;
2026/04/06;0600 UTC;0;988,4;988,6;988,1;0;15,3;10,7;15,6;14,9;11;10,5;78;76;77;99;5,2;2,7;
2026/04/06;0700 UTC;,2;987,6;988,9;985,9;0;15,2;11,6;16;14,6;12,2;11;87;77;82;103;7,3;3;
2026/04/06;0800 UTC;0;986,7;987,1;986,5;0;14,8;12,1;15,1;14,5;12,5;11,8;88;85;87;98;6,3;3,4;
2026/04/06;0900 UTC;0;986,8;986,9;986,6;0;15,4;12,8;15,7;15,1;13,1;12,4;88;86;87;95;5;3;
2026/04/06;1000 UTC;0;987,1;987,4;986,6;2,5;16,1;13,3;16,5;15,6;13,7;13,1;88;84;86;77;5,7;3,5;
2026/04/06;1100 UTC;0;987,3;987,5;987;82,5;16,4;13,7;16,7;16,1;14,1;13,4;88;85;87;81;6,9;4,7;
2026/04/06;1200 UTC;,2;987,2;987,5;986,8;128,6;16,7;14,2;16,9;16,6;14,8;13,9;90;86;87;75;7,4;4,9;
2026/04/06;1300 UTC;,6;987,7;988;987,4;183,2;16,6;15,3;16,8;16,5;15,8;14,8;95;90;94;75;5,1;3,3;
2026/04/06;1400 UTC;,2;987,8;988;987,2;282,6;17,2;15,7;17,5;16,7;16,4;15,5;94;91;93;102;5,2;3,1;
2026/04/06;1500 UTC;0;986,5;987,3;985,5;1141,6;18,4;16,8;19,1;17,6;17,5;16,3;95;89;92;88;7,9;4,8;
2026/04/06;1600 UTC;0;985;985,5;984,6;1270,6;19,6;17,1;20,2;18,9;17,6;16,8;91;85;88;75;9,2;5,7;
2026/04/06;1700 UTC;0;984,3;984,6;984;857,6;20,4;17,5;20,8;20;17,9;17,1;87;83;86;65;8,7;5,9;
2026/04/06;1800 UTC;0;983,9;984,2;983,6;451,3;20,6;17,7;20,8;20,5;18;17,4;88;83;85;79;6,4;3,6;
2026/04/06;1900 UTC;0;983,5;983,7;983,1;349,9;20,1;18;20,5;19,8;18,5;17,6;92;87;90;96;6,7;4,2;
2026/04/06;2000 UTC;0;983;983,2;982,8;239,5;20;18,2;20,2;19,8;18,6;18;92;89;91;130;5,2;3;
2026/04/06;2100 UTC;0;983;983,2;982,7;49,1;19,9;18,5;20;19,8;18,7;18,3;94;92;93;143;6,2;2,8;
2026/04/06;2200 UTC;,4;983,5;984,2;982,9;,1;19,8;18,7;20,1;19,7;19;18,5;96;93;94;127;5,2;2,9;
2026/04/06;2300 UTC;0;983,4;983,6;983,1;0;19,7;18,7;19,9;19,5;19;18,5;97;94;95;110;5,9;3,5;
2026/04/07;0000 UTC;0;983,3;983,7;982,7;0;19,8;18,5;20;19,6;18,7;18,3;94;92;93;93;6,8;3,6;
2026/04/07;0100 UTC;0;982,2;982,8;981,7;0;19,9;18,4;20,3;19,8;18,7;18,3;93;92;93;92;7,8;4,9;
2026/04/07;0200 UTC;0;982,6;982,8;982,3;0;20;18,6;20,2;19,9;19;18,5;94;92;93;87;5,7;3,4;
2026/04/07;0300 UTC;,6;982,3;982,6;981,9;0;20,1;18,8;20,3;19,9;19,3;18,6;96;92;93;114;5,4;3,1;
2026/04/07;0400 UTC;1,4;982,4;982,8;981,9;0;19,8;19,3;20;19,5;19,5;19,2;100;96;98;226;2,5;1,7;
2026/04/07;0500 UTC;4,2;981,9;982,6;981,3;0;19,3;19,3;19,5;19,2;19,5;19,2;100;100;100;169;2,4;1,6;
2026/04/07;0600 UTC;,2;980,9;981,4;980,5;0;19,5;19,5;19,9;19,2;19,9;19,2;100;100;100;71;5,4;3,6;
2026/04/07;0700 UTC;,2;979,9;980,5;979,6;0;19,9;19,9;20,1;19,8;20,1;19,8;100;100;100;101;3,9;1,7;
2026/04/07;0800 UTC;,6;978,9;979,5;977,9;0;19,8;19,9;19,9;19,8;20;19,8;100;100;100;76;6,3;3,9;
2026/04/07;0900 UTC;,2;976,6;977,8;975,8;0;19,7;19,8;19,9;19,6;19,9;19,7;100;100;100;37;10,3;6,7;
2026/04/07;1000 UTC;0;977;977,7;976;,1;19,7;19,7;20;19,7;20;19,7;100;100;100;28;7,9;5;
2026/04/07;1100 UTC;0;978,5;978,8;977,7;54,1;19,8;19,8;20;19,7;20;19,7;100;100;100;82;3,8;2,9;
2026/04/07;1200 UTC;0;978,7;978,8;978,5;222,8;20,3;20,3;20,7;19,9;20,6;20;100;99;100;330;5,1;3,2;
2026/04/07;1300 UTC;0;978,6;978,8;978,4;456,3;21;20,5;21,3;20,6;20,7;20,4;99;96;98;71;8,7;6;
2026/04/07;1400 UTC;0;978,1;978,6;977,7;512,9;21,4;20,3;21,5;21,3;20,8;19,9;97;92;94;323;8,7;6,3;
2026/04/07;1500 UTC;0;977,3;977,7;976,9;379,5;21,3;19,8;21,5;21;19,9;19,6;94;91;93;336;8,1;4,3;
2026/04/07;1600 UTC;,4;976,5;976,9;976,3;206,1;20,8;19,7;21,1;20,3;19,8;19,5;97;92;94;329;5,4;4;
2026/04/07;1700 UTC;1,4;975,3;976,3;974,5;246,7;20,2;20,1;20,5;20,1;20,5;19,7;100;97;99;330;5;3,2;
2026/04/07;1800 UTC;0;974,2;975;973,5;421,3;20,6;20,5;20,9;20,4;20,9;20,3;100;99;100;89;4,1;2,3;
2026/04/07;1900 UTC;2,4;973,7;974;973,4;272,2;20,3;20,2;20,8;19,9;20,8;19,9;100;98;99;293;7,5;4,4;
2026/04/07;2000 UTC;1,2;973,2;973,6;972,7;203,5;19,6;19,6;19,9;19,2;20;19,3;100;100;100;333;6,7;4;
2026/04/07;2100 UTC;1;972,7;972,8;972,6;86,1;19,5;19,5;19,7;19,4;19,8;19,4;100;100;100;326;7;4,6;
2026/04/07;2200 UTC;1;972,5;972,7;972,4;3,5;19,3;19,3;20;18,9;20;18,9;100;100;100;273;5,4;3,4;
2026/04/07;2300 UTC;0;972,6;972,7;972,4;0;19;19;19,1;18,9;19,1;18,9;100;100;100;299;6;4,2;
2026/04/08;0000 UTC;,4;973;973,2;972,7;0;19,1;19,2;19,5;18,7;19,6;18,8;100;100;100;233;10,7;6,5;
2026/04/08;0100 UTC;0;973;973,4;972,7;0;18,7;18,8;18,8;18,7;18,9;18,7;100;100;100;253;9,6;4,6;
2026/04/08;0200 UTC;,6;973,6;973,7;973,4;0;18,7;18,7;18,9;18,6;18,9;18,5;100;98;100;273;8,6;5,1;
2026/04/08;0300 UTC;0;973,3;973,5;972,8;0;18,5;18,4;18,7;18,3;18,7;18,1;100;98;99;296;9,8;6,4;
2026/04/08;0400 UTC;0;972,9;973;972,5;0;18,1;18;18,5;17,6;18,5;17,6;100;99;99;297;12,4;8,4;
2026/04/08;0500 UTC;,2;972,9;973;972,6;0;17,3;17;17,6;17,2;17,6;16,6;100;97;98;287;11,4;7,6;
2026/04/08;0600 UTC;0;972,8;973;972,5;0;17,1;16,4;17,3;16,9;16,6;16,2;97;95;96;292;15;8,9;
2026/04/08;0700 UTC;,2;972,6;972,9;972,2;0;16,8;16,3;17;16,7;16,4;16,2;98;97;97;285;11,2;7,6;
2026/04/08;0800 UTC;0;972,6;972,9;972,2;0;16,8;16,2;17,1;16,7;16,6;16;98;95;97;280;13,5;8,8;
2026/04/08;0900 UTC;,2;973,4;974;972,8;0;17;16,1;17,4;16,7;16,3;15,6;98;91;96;266;13,2;7,1;
2026/04/08;1000 UTC;0;974,6;975,3;973,7;1,2;17,2;15,7;17,6;17,2;15,9;15,5;93;91;92;266;12,2;6,1;
2026/04/08;1100 UTC;0;975,7;976,3;975;235,5;17,4;15,6;17,9;17,1;16;15,5;92;90;91;261;10,5;5,7;
2026/04/08;1200 UTC;0;976,7;977,3;976;481,3;17,8;15,9;18,2;17,5;16,1;15,7;92;89;90;262;11,6;6,2;
2026/04/08;1300 UTC;0;977,6;977,8;977,1;795,9;17,9;16,3;18,6;17,5;16,6;15,9;94;87;92;245;12,1;6,1;
2026/04/08;1400 UTC;;;;;;;;;;;;;;;;;;
2026/04/08;1500 UTC;,2;978,7;978,9;978,3;1517,5;18,3;17,3;18,7;17,8;17,8;16,7;97;92;95;232;10,6;6,4;
2026/04/08;1600 UTC;,6;978,8;978,9;978,5;1952,6;19,3;17,4;20,2;18,3;18,1;16,6;96;84;91;224;12,8;7,9;
2026/04/08;1700 UTC;0;978,5;978,8;978,1;1952,3;20,6;16,8;21,7;19,6;17,5;16,1;87;75;81;233;12,4;7,2;
2026/04/08;1800 UTC;0;978,4;978,6;978;1740,7;20,9;16,6;21,7;20,2;17,3;16,1;84;74;78;233;12,9;7;
2026/04/08;1900 UTC;;;;;;;;;;;;;;;;;;
2026/04/08;2000 UTC;0;978,8;979,1;978,4;659,9;20;16,3;20,6;19,6;16,8;16;84;78;82;235;10,4;6,6;
2026/04/08;2100 UTC;0;979,4;979,8;978,9;507,6;19,9;16,2;20,2;19,4;16,5;16;85;80;82;233;11,8;6,4;
2026/04/08;2200 UTC;0;980,1;980,5;979,7;27,3;18,8;16,4;19,4;18,2;16,8;16,3;91;85;88;229;9,2;6,1;
2026/04/08;2300 UTC;0;980,8;981,2;980,5;0;18;16,3;18,3;17,8;16,6;16;92;91;91;220;10,7;6,8;
2026/04/09;0000 UTC;0;981,7;982,1;981,3;0;17,2;16;17,8;16,8;16,2;15,9;97;91;94;215;8,3;5,5;
2026/04/09;0100 UTC;0;982,2;982,3;982;0;16,5;16,1;16,9;16,3;16,3;16;99;97;98;209;8,5;6;
2026/04/09;0200 UTC;0;982,4;982,6;982,3;0;16,1;15,9;16,3;15,8;16,1;15,7;100;99;99;211;7,5;5,1;
2026/04/09;0300 UTC;0;982,6;982,8;982,5;0;15,5;15,4;15,9;15,2;15,9;14,9;100;99;100;226;6,8;4,6;
2026/04/09;0400 UTC;0;982,8;983;982,6;0;15,1;15,1;15,5;14,6;15,5;14,6;100;99;100;219;6,5;4,5;
2026/04/09;0500 UTC;0;983,2;983,4;982,9;0;14,4;14,3;14,6;14,2;14,6;14;100;99;100;222;6,9;4,8;
2026/04/09;0600 UTC;0;983,3;983,4;983,3;0;14,1;14;14,2;14;14,1;13,8;100;99;100;218;6,1;4,4;
2026/04/09;0700 UTC;0;983,2;983,4;983,1;0;13,8;13,8;14;13,6;14;13,6;100;100;100;225;5,9;4,1;
2026/04/09;0800 UTC;0;983,5;983,8;983,4;0;13,5;13,5;14;13,4;14;13,4;100;100;100;227;6,5;4,6;
2026/04/09;0900 UTC;0;984,2;984,6;983,8;0;13,2;13,3;13,4;13,1;13,5;13,1;100;100;100;229;6,4;4,3;
2026/04/09;1000 UTC;0;985,1;985,5;984,6;1,6;13,2;13,2;13,5;13,1;13,6;13,1;100;100;100;231;5,9;3,9;
2026/04/09;1100 UTC;,2;986,1;986,5;985,5;155;13,3;13,3;13,4;13,2;13,5;13,2;100;100;100;227;6,2;4,1;
2026/04/09;1200 UTC;0;986,9;987,2;986,5;529,9;13,7;13,7;14,2;13,5;14,2;13,5;100;100;100;224;6,8;3,5;
2026/04/09;1300 UTC;0;987,4;987,6;987,2;1039,3;14,6;14,6;14,9;14,1;15;14,1;100;100;100;217;6,5;3,8;
2026/04/09;1400 UTC;0;987,7;987,8;987,5;2188,5;16,5;14,4;18,3;14,8;15,1;13,3;100;78;90;206;5;3,1;
2026/04/09;1500 UTC;0;987,5;987,7;987,2;2515;18,4;13,5;19,4;17,2;14,1;12,6;84;70;76;224;6,4;3,8;
2026/04/09;1600 UTC;0;987;987,3;986,6;3048,8;19,7;13,3;20,6;18,5;14,1;12,4;74;62;68;233;7,4;4,2;
2026/04/09;1700 UTC;0;986,3;986,6;986;2535,6;20,3;12,8;21,1;19,5;13,9;11,8;68;58;63;217;8,2;4,6;
2026/04/09;1800 UTC;0;985,9;986;985,6;2212,5;20,6;12,8;21,5;19,4;13,6;12,3;67;57;61;216;8,4;4,5;
2026/04/09;1900 UTC;0;985,5;985,7;985,3;2100,5;21,2;12,7;21,6;20,9;13,3;12,3;60;55;57;216;7,4;4,6;
2026/04/09;2000 UTC;0;985,7;985,9;985,5;740,4;20,1;12,9;21,8;19,2;13,3;12,5;71;54;64;208;4,4;3,1;
2026/04/09;2100 UTC;0;985,8;985,9;985,6;460;19,7;12,7;20,3;18,8;13,6;12;71;61;65;183;2,8;1,8;
2026/04/09;2200 UTC;0;985,9;986,2;985,6;15,8;17,6;12,1;18,8;16,7;12,5;11,9;76;67;73;208;3,1;2,4;
2026/04/09;2300 UTC;0;986,4;986,7;986,2;0;16,5;11,6;16,8;16,1;11,9;11,4;77;75;76;208;2,8;2,2;
2026/04/10;0000 UTC;0;986,8;987;986,7;0;16,5;11,3;16,8;16,1;11,8;11,1;77;72;74;191;2,2;1,4;
2026/04/10;0100 UTC;0;987,1;987,3;987;0;16,4;11,2;16,7;16,1;11,3;11;76;72;74;191;2,3;1,5;
2026/04/10;0200 UTC;0;987,6;987,7;987,3;0;14,9;11,4;16;14,1;11,7;11,2;87;76;82;146;4,6;2,5;
2026/04/10;0300 UTC;0;987,7;987,8;987,6;0;14,4;11,9;14,8;14,2;12,1;11,7;89;86;88;121;5,8;4,1;
2026/04/10;0400 UTC;0;987,8;987,9;987,6;0;14;11,8;14,4;13,7;12;11,7;91;87;89;112;4,4;3,1;
2026/04/10;0500 UTC;0;987,9;988,1;987,8;0;14,2;11,8;14,4;13,8;11,9;11,7;89;87;88;129;4,6;2,4;
2026/04/10;0600 UTC;0;988;988,1;987,9;0;13,6;11,7;14,2;13,2;11,8;11,5;92;88;90;130;4,1;2;
2026/04/10;0700 UTC;0;987,8;987,9;987,7;0;13;11,6;13,5;12,5;11,8;11,3;96;91;93;132;2,1;,9;
2026/04/10;0800 UTC;0;987,8;987,9;987,7;0;12,5;11,7;12,9;12,1;12;11,3;98;94;96;102;2,9;1,7;
2026/04/10;0900 UTC;0;988;988,4;987,7;0;13,2;11,7;13,5;12,9;11,9;11,6;94;92;92;77;2,4;1,7;
2026/04/10;1000 UTC;0;988,8;989;988,4;1,1;13,2;11,7;13,7;12,9;12,1;11,5;93;92;92;71;2,8;2,3;
2026/04/10;1100 UTC;0;989,4;989,6;989;296,2;13,7;11,9;14,8;12,9;12,5;11,5;93;87;91;42;2,1;1,5;
2026/04/10;1200 UTC;0;989,9;990,1;989,6;1011,5;15,5;12,6;16,5;14,7;13,2;12,1;89;82;86;60;2,7;1,6;
2026/04/10;1300 UTC;0;990,2;990,3;990,1;1784,1;16,9;12,6;17,9;16,2;13,5;11,5;84;72;78;71;3,2;1,7;
2026/04/10;1400 UTC;0;990,3;990,3;990,2;2404,2;18,7;12,9;19,9;17,4;13,7;12,1;78;64;71;80;3,1;1,5;
2026/04/10;1500 UTC;0;990,1;990,2;990;1682,8;19,2;12,7;19,9;18,8;13,5;11,8;71;63;67;78;3,4;1,8;
2026/04/10;1600 UTC;0;989,5;989,9;989,1;2638,1;20,3;12,3;21,1;19,3;13,6;11,1;68;52;60;126;3,8;1,7;
2026/04/10;1700 UTC;0;988,7;989,1;988,3;2711;21,2;11,8;22,1;19,9;13,1;10,6;56;47;53;191;3,5;1,9;
2026/04/10;1800 UTC;0;988,1;988,2;988;2777,5;21,7;11,7;22,2;21,2;12,8;11;57;45;50;237;3,9;2,1;
2026/04/10;1900 UTC;0;987,9;988;987,8;2033,3;21,6;11,7;21,9;21,4;12,6;11;55;48;50;191;3,8;2,1;
2026/04/10;2000 UTC;0;987,6;987,8;987,5;1261;21,6;11,5;22;21,2;12,2;10,9;51;46;49;140;3,1;1,7;
2026/04/10;2100 UTC;0;987,5;987,6;987,5;455,5;20,7;11,2;21,3;20;12;10,8;56;48;52;143;2;,8;
2026/04/10;2200 UTC;0;987,8;988;987,6;14;18;10,6;19,9;16,9;11,2;9,6;68;55;63;129;3,7;1,9;
2026/04/10;2300 UTC;0;988,2;988,5;987,9;0;17,4;9,4;17,7;16,8;9,7;9;62;58;60;138;3;1,7;
2026/04/11;0000 UTC;0;988,8;988,9;988,5;0;16,8;10;17;16,4;10,6;9;69;61;66;122;5,5;3,5;
2026/04/11;0100 UTC;0;988,9;989;988,8;0;15,3;10,2;16,4;14,4;10,4;10;79;69;75;99;4,6;2,5;
2026/04/11;0200 UTC;0;989,1;989,2;989;0;14,4;9,8;14,6;14,3;10,2;9,6;79;76;77;103;5,1;2,9;
2026/04/11;0300 UTC;0;989;989,1;988,9;0;14,4;9,6;14,9;13,8;9,8;9,5;78;74;76;107;4;2,7;
2026/04/11;0400 UTC;0;989,1;989,2;989;0;13,6;9,4;13,9;13,4;9,7;9,2;82;77;79;102;3,7;2,4;
2026/04/11;0500 UTC;0;989,2;989,3;989;0;13,5;9,7;13,7;13,3;10;9,6;82;80;81;72;3,4;2,6;
2026/04/11;0600 UTC;0;988,8;989;988,5;0;13,4;10,2;13,8;13,1;10,4;10;86;82;84;63;3,8;2,8;
2026/04/11;0700 UTC;0;988,3;988,5;988,2;0;13;10,5;13,2;12,7;10,8;10,2;89;86;87;58;4,2;2,7;
2026/04/11;0800 UTC;0;988,2;988,2;988,1;0;12,9;11,3;13,2;12,6;12;10,6;95;89;92;79;5,2;3,2;
2026/04/11;0900 UTC;0;988,1;988,2;988;0;12,6;12,1;12,9;12,4;12,6;11,8;100;95;98;105;4,7;2,8;
2026/04/11;1000 UTC;0;988,5;988,8;988,1;1,3;12,6;12,6;12,8;12,4;12,8;12,5;100;100;100;82;4,6;2,4;
2026/04/11;1100 UTC;0;988,7;988,8;988,6;212,5;12,8;12,8;13,4;12,5;13,4;12,5;100;100;100;107;4,7;2,7;
2026/04/11;1200 UTC;0;988,9;989,1;988,7;1136,3;14,9;13,7;16,2;13,4;14,3;13,2;100;86;94;80;6,2;4,1;
2026/04/11;1300 UTC;0;988,9;989,1;988,8;1797,4;17,3;13,2;18,3;16,1;13,8;12,2;88;72;80;77;6;4;
2026/04/11;1400 UTC;0;988,5;988,9;988,1;2405,1;19,3;13,5;20,5;18,2;14,3;12,7;75;67;71;69;7,5;4,9;
2026/04/11;1500 UTC;0;987,9;988,2;987,5;2798,3;21,6;13,8;22,8;20,4;14,6;13,3;67;56;61;43;8,3;5,8;
2026/04/11;1600 UTC;0;986,9;987,4;986,5;2954,1;23,4;14,8;24,2;22,5;15,8;13,9;61;52;57;53;7,5;4,3;
2026/04/11;1700 UTC;0;985,9;986,4;985,5;2785;24,9;14,9;25,9;24,1;15,8;12,9;57;35;50;39;8,2;4,6;
2026/04/11;1800 UTC;0;985,2;985,5;985;2482,4;25,7;14,8;26;25,4;15,9;13,9;50;41;45;51;7,4;4,8;
2026/04/11;1900 UTC;0;984,7;985,1;984,4;1888,2;25,9;15,4;26,2;25,6;16,4;14,4;52;43;48;56;8,1;4,4;
2026/04/11;2000 UTC;0;984,4;984,5;984,2;1178,8;25,6;15,9;25,9;25,3;16,3;15,5;53;49;51;65;6;3,6;
2026/04/11;2100 UTC;0;984,5;984,8;984,2;392;24,2;16,1;25,4;22,6;16,4;15,7;67;52;59;38;4,2;3;
2026/04/11;2200 UTC;0;984,6;984,8;984,4;7,4;21,8;15,7;22,5;21,4;15,9;15,5;71;67;69;71;5,2;3,4;
2026/04/11;2300 UTC;0;984,5;984,7;984,3;0;21,1;16;21,7;20,6;16,2;15,7;78;70;75;98;5,6;3,3;
2026/04/12;0000 UTC;0;984,9;985,2;984,6;0;20,2;16,1;20,7;20;16,4;16;81;77;80;93;6;3;
2026/04/12;0100 UTC;0;985,3;985,7;985;0;20,1;16,1;20,6;19,6;16,5;15,9;84;77;80;49;5,5;3,6;
2026/04/12;0200 UTC;0;985,7;985,9;985,4;0;19,4;16,2;19,9;18,2;17,2;15,8;95;80;84;20;9,6;6,6;
2026/04/12;0300 UTC;,4;985,5;985,9;985,1;0;17,9;17,8;18,2;17,8;18,2;17,3;100;96;99;46;6,6;4,2;
2026/04/12;0400 UTC;0;985,3;985,5;985,2;0;17,9;18;18,2;17,8;18,2;17,9;100;100;100;51;5;3,2;
2026/04/12;0500 UTC;0;985,1;985,4;985;0;17,9;17,9;18,1;17,8;18,2;17,9;100;100;100;49;5,2;3,7;
2026/04/12;0600 UTC;0;984,9;985,1;984,7;0;17,9;18;18,2;17,9;18,3;17,9;100;100;100;32;6,3;4;
2026/04/12;0700 UTC;0;984,5;984,7;984;0;18;18;18,3;17,9;18,3;18;100;100;100;89;5,8;4,2;
2026/04/12;0800 UTC;0;984;984,1;983,9;0;18,1;18,1;18,3;18;18,3;18;100;100;100;212;5,5;3,9;
2026/04/12;0900 UTC;0;984,6;984,9;984;0;18,2;18,3;18,3;18,2;18,4;18,2;100;100;100;16;3,9;3,2;
2026/04/12;1000 UTC;,2;985;985,2;984,7;0;18,3;18,4;18,6;18,2;18,6;18,3;100;100;100;18;5,9;4,1;
2026/04/12;1100 UTC;0;985,3;985,5;985,1;35,7;18,7;18,7;19;18,5;19;18,5;100;100;100;39;6,8;4,9;
2026/04/12;1200 UTC;0;985,8;986,1;985,5;141,2;19,2;19,2;19,4;19;19,4;19;100;100;100;218;5,7;3,7;
2026/04/12;1300 UTC;0;986,2;986,2;986;633,1;20;19,8;20,6;19,4;20,3;19,3;100;94;99;205;5;3;
2026/04/12;1400 UTC;0;985,9;986,1;985,8;464,5;20,5;19,3;20,9;20,3;19,7;18,8;96;90;94;28;5,7;4,5;
2026/04/12;1500 UTC;0;985,9;986;985,8;298,3;20,4;19,1;20,5;20,3;19,6;18,9;96;93;94;21;5,8;4,3;
2026/04/12;1600 UTC;0;985,5;985,8;985,4;444,5;20,7;19,5;21,1;20,4;20,3;19;99;91;94;331;6,8;4,2;
2026/04/12;1700 UTC;,8;985;985,4;984,5;425,2;20,2;20;20,5;20;20,5;19,7;100;97;99;322;5,8;3,4;
2026/04/12;1800 UTC;0;984,3;984,6;984,2;671,2;20,8;19,8;21,1;20,3;20,6;19,2;100;92;95;313;8,7;4,5;
2026/04/12;1900 UTC;0;984;984,3;983,9;557,4;21,1;19,4;21,4;20,9;19,8;19;93;89;91;305;5,5;3,9;
2026/04/12;2000 UTC;0;984,1;984,3;984;184,6;20,9;19,4;21;20,8;19,6;19,2;94;91;93;322;4,9;3,4;
2026/04/12;2100 UTC;0;984,3;984,6;984,1;142,2;21;19,7;21,3;20,9;19,9;19,4;95;92;93;337;4,3;2,9;
2026/04/12;2200 UTC;0;984,7;984,8;984,5;8;20,7;19,8;20,9;20,3;19,9;19,6;97;94;95;320;4,5;2,8;
2026/04/12;2300 UTC;0;985;985,3;984,9;0;19,9;19,6;20,2;19,6;19,8;19,5;100;97;99;44;3,3;2,3;
2026/04/13;0000 UTC;0;985,3;985,4;985,2;0;19,7;19,7;20,1;19,4;20,1;19,5;100;100;100;35;3,4;2,1;
2026/04/13;0100 UTC;0;985,5;985,6;985,4;0;19,6;19,6;19,8;19,4;19,8;19,4;100;100;100;18;2,8;2,3;
2026/04/13;0200 UTC;0;985,8;985,9;985,6;0;19,8;19,8;19,9;19,6;19,9;19,7;100;100;100;20;2,2;1,5;
2026/04/13;0300 UTC;0;985,6;985,7;985,5;0;19,4;19,5;19,7;19,3;19,8;19,3;100;100;100;15;2,7;2,4;
2026/04/13;0400 UTC;0;985,7;985,7;985,6;0;19,1;19,2;19,5;18,8;19,5;18,8;100;100;100;13;2,3;1,8;
2026/04/13;0500 UTC;0;985,6;985,8;985,3;0;19;19;19,2;18,7;19,3;18,8;100;100;100;104;1,6;1,4;
2026/04/13;0600 UTC;0;985,4;985,6;985,3;0;18,7;18,8;18,9;18,5;18,9;18,6;100;100;100;14;2,1;1,8;
2026/04/13;0700 UTC;0;985,6;985,7;985,6;0;18,6;18,7;18,8;18,4;18,9;18,4;100;100;100;36;2,1;1,4;
2026/04/13;0800 UTC;0;985,4;985,7;985,1;0;18,5;18,5;19;17,6;19;17,6;100;100;100;179;4,1;2,3;
2026/04/13;0900 UTC;0;985,3;985,6;985;0;17,5;17,5;17,7;17,3;17,8;17,3;100;100;100;124;3,1;1,7;
2026/04/13;1000 UTC;0;985,9;986,2;985,6;,7;18,1;18,1;18,7;17,6;18,7;17,7;100;100;100;144;2,8;1,5;
2026/04/13;1100 UTC;0;986,4;986,7;986,2;91,7;18,3;18,4;18,7;18,2;18,8;18,2;100;100;100;143;2,6;1,4;
2026/04/13;1200 UTC;0;987,2;987,5;986,7;222,9;18,5;18,5;18,6;18,3;18,7;18,3;100;100;100;106;4,6;2,7;
2026/04/13;1300 UTC;0;987,8;987,9;987,5;639;18,6;18,6;19,1;18,3;19,1;18,4;100;100;100;103;4,4;2,8;
2026/04/13;1400 UTC;0;987,9;988;987,8;1385,6;19,5;19,5;20,3;18,9;20,1;19;100;97;100;146;3,6;1,8;
2026/04/13;1500 UTC;0;987,8;987,8;987,7;1876,1;21,4;18,8;22,4;20,3;19,5;18,2;96;81;87;159;4,5;2,4;
2026/04/13;1600 UTC;0;987,5;987,7;987,3;2332,4;22,5;18,5;23,3;21,8;19,3;18;85;76;80;158;5,4;2,8;
2026/04/13;1700 UTC;0;987;987,3;986,7;1862;22,8;18,3;23,3;22,3;18,9;17,7;82;75;77;149;5,4;2,7;
2026/04/13;1800 UTC;0;986,3;986,6;985,9;2004,9;23,7;18,3;24,6;23,2;19,6;17,7;77;68;73;125;6,9;3,6;
2026/04/13;1900 UTC;0;985,6;985,9;985,4;1763;24,1;18,2;24,5;23,4;19;17,7;74;68;71;129;7,3;3,8;
2026/04/13;2000 UTC;0;985,6;985,8;985,3;998,4;23,6;18,2;24,1;22,8;18,8;17,7;78;69;73;131;5,4;3,4;
2026/04/13;2100 UTC;0;985,8;986;985,6;327,6;22,3;18,2;23,1;21,4;18,7;18;84;76;80;143;5;2,2;
2026/04/13;2200 UTC;0;985,9;986,1;985,8;8;20,6;18;21,4;20;18,3;17,8;89;84;87;140;6;3,3;
2026/04/13;2300 UTC;0;986,2;986,8;985,9;0;19,6;17,8;20;19,2;18;17,8;93;89;91;127;6,4;3,8;
2026/04/14;0000 UTC;0;986,9;987,1;986,7;0;18,9;17,5;19,3;18,6;17,8;17,1;93;92;93;134;5,8;3,3;
2026/04/14;0100 UTC;0;987;987,1;986,7;0;18,3;17;18,6;18,1;17,2;16,9;95;92;93;130;6,4;3,8;
2026/04/14;0200 UTC;0;986,7;987;986,3;0;18;17,3;18,2;17,8;17,6;17,1;98;95;97;116;7;4,6;
2026/04/14;0300 UTC;0;986,2;986,4;986,1;0;17,7;17,7;17,9;17,7;17,9;17,4;100;98;100;95;5,4;3,3;
2026/04/14;0400 UTC;0;986;986,1;985,8;0;17,8;17,6;18,3;17,6;18,2;17,4;100;98;99;97;5,3;2,9;
2026/04/14;0500 UTC;0;985,9;986;985,8;0;17,7;17,3;17,9;17,7;17,6;17,1;99;97;98;93;4,4;2,5;
2026/04/14;0600 UTC;0;986;986,1;985,8;0;17,9;16,9;18,1;17,7;17,2;16,8;97;95;95;79;4,4;2,9;
2026/04/14;0700 UTC;0;985,5;985,8;985,1;0;17,7;16,9;17,9;17,6;17,1;16,8;96;96;96;82;5,7;3,5;
2026/04/14;0800 UTC;0;984,8;985,1;984,4;0;17,6;16,9;17,8;17,2;17,1;16,7;99;96;97;96;5,1;2,9;
2026/04/14;0900 UTC;0;984,6;984,8;984,3;0;17,8;17;18,2;17,4;17,2;16,9;98;95;96;90;5,3;3,2;
2026/04/14;1000 UTC;0;984,6;984,7;984,4;1,7;17,6;17;18,1;17,2;17,5;16,6;100;94;97;98;5,7;3,3;
2026/04/14;1100 UTC;0;984,9;985,1;984,6;213,1;17,9;17,8;18,8;17,4;18,3;17,4;100;96;99;97;5,9;3;
2026/04/14;1200 UTC;0;985,2;985,5;985;904,5;19,9;18,3;20,6;18,9;18,7;17,9;95;89;92;80;7,1;4,5;
2026/04/14;1300 UTC;0;985,2;985,4;985,1;1326,5;21,1;18,8;21,9;20,6;19,2;18,4;92;84;89;59;8,3;5,8;
2026/04/14;1400 UTC;0;984,6;985,3;984,2;1998;23;18,8;24,3;21,6;19,5;18,4;86;71;79;52;8,3;5,7;
2026/04/14;1500 UTC;0;984;984,2;983,6;2420,7;24,9;19,1;25,6;24,2;19,6;18,6;74;67;71;42;7,8;5,2;
2026/04/14;1600 UTC;0;983,2;983,6;982,8;2771,7;26,2;19,4;26,9;25,4;20,1;18,9;70;60;66;63;7,1;4;
2026/04/14;1700 UTC;0;982,1;982,7;981,7;2664,4;27,2;19,7;27,7;26,8;20,5;19,1;66;60;62;64;7,7;4,7;
2026/04/14;1800 UTC;0;981,7;981,8;981,5;2035,5;27,6;19,9;27,9;27,3;20,3;19,3;64;58;61;70;6,5;4,6;
2026/04/14;1900 UTC;0;981,5;981,6;981,4;1404;27,6;19,3;28,2;27,1;19,9;18,7;62;55;58;62;6;3,9;
2026/04/14;2000 UTC;0;981,7;981,9;981,5;693,2;26,7;19,1;27,4;25,8;19,4;18,4;67;55;62;53;4,3;2,9;
2026/04/14;2100 UTC;0;981,9;982;981,7;218,6;25,1;19,1;25,8;24,3;19,4;18,9;74;68;70;77;4,3;2,9;
2026/04/14;2200 UTC;0;981,7;981,8;981,6;9,1;23,8;19,4;24,5;23,1;19,7;18,9;82;72;78;95;6,1;3,3;
2026/04/14;2300 UTC;0;981,7;981,9;981,5;0;22,4;19,5;23,1;21,9;19,7;19,3;88;81;85;113;6,2;4;
2026/04/15;0000 UTC;0;981,7;982;981,5;0;21,3;19,5;21,9;20,8;19,6;19,4;93;88;91;115;5,7;3,5;
2026/04/15;0100 UTC;0;982,1;982,3;982;0;20,4;19,3;20,9;20,2;19,6;19,2;96;93;95;90;5,6;3,1;
2026/04/15;0200 UTC;0;982,2;982,5;981,9;0;20,3;19,2;20,5;20,2;19,4;19,1;95;93;94;83;6,2;4,1;
2026/04/15;0300 UTC;0;982,6;982,8;982,5;0;20,4;19,1;20,5;20,4;19,2;19;94;93;93;96;6,5;4;
2026/04/15;0400 UTC;0;982,6;982,8;982,4;0;20,3;19;20,4;20,2;19,1;18,9;94;93;94;98;6;3,4;
2026/04/15;0500 UTC;0;982,7;982,8;982,6;0;19,9;19;20,3;19,5;19,3;18,8;98;93;95;109;5,3;3;
2026/04/15;0600 UTC;0;982,4;982,7;982;0;19,4;19,4;19,7;19,3;19,7;19,2;100;98;100;104;5;2,9;
2026/04/15;0700 UTC;0;981,9;982,1;981,7;0;19,5;18,9;19,7;19,2;19,4;18,6;100;95;97;85;6,3;3;
2026/04/15;0800 UTC;0;981,7;981,8;981,5;0;19,2;18,6;19,4;19,1;18,8;18,5;98;96;97;95;7,1;4,4;
2026/04/15;0900 UTC;0;981,9;982,1;981,7;0;19,5;18,6;19,7;19,4;18,7;18,5;96;95;96;86;6,3;3,9;
2026/04/15;1000 UTC;0;982,2;982,4;982;,7;19,4;18,7;19,5;19,2;18,9;18,6;97;96;97;93;6,5;3,3;
2026/04/15;1100 UTC;0;982,2;982,3;982;103,8;19,7;18,9;20;19,4;19,1;18,8;97;96;96;80;6,8;4,3;
2026/04/15;1200 UTC;0;982,4;982,6;982,2;435,5;20,2;19,2;20,7;19,8;19,4;19;96;92;95;62;7,5;5,4;
2026/04/15;1300 UTC;0;982,4;982,5;982,2;661,5;21,2;19,1;21,9;20,7;19,6;18,7;93;85;89;54;8,7;5,9;
2026/04/15;1400 UTC;0;982,5;982,7;982,3;786,6;22,1;18,6;22,5;21,7;18,9;18,3;85;79;82;52;8,6;5,8;
2026/04/15;1500 UTC;0;982;982,3;981,6;1247,1;23,1;18,3;23,9;22,6;19;17,9;81;71;76;55;10,7;6,1;
2026/04/15;1600 UTC;0;981,2;981,6;980,9;1851,1;24,3;18,4;24,9;23,6;19,2;17,8;74;67;70;66;10,2;7,2;
2026/04/15;1700 UTC;0;980,5;981;979,9;1716,4;25;18,5;26,2;24,5;19,1;18,1;71;63;68;66;9,3;6,6;
2026/04/15;1800 UTC;0;979,6;979,9;979,3;887,4;24,7;18,2;24,9;24,5;18,8;17,9;69;66;68;63;8,3;5,4;
2026/04/15;1900 UTC;0;979,2;979,4;978,9;545,9;24,7;18,3;24,8;24,4;18,6;18;70;66;68;80;7;4,2;
2026/04/15;2000 UTC;0;978,9;979;978,5;297,3;24,1;18,3;24,5;23,5;18,5;18,1;73;68;71;95;6,9;4,2;
2026/04/15;2100 UTC;0;978,9;979,2;978,5;99,1;23,3;18,2;23,6;22,6;18,6;18;80;73;75;59;5;3,6;
2026/04/15;2200 UTC;1;979;979,2;978,8;0;21,4;18,7;22,5;20,7;18,9;18,3;90;80;86;79;6;4;
2026/04/15;2300 UTC;1,8;979,3;980,2;978,9;0;20,4;18,8;20,9;19,9;19,3;18,5;97;88;92;153;5,4;3,2;
2026/04/16;0000 UTC;10,6;980,1;980,3;979,9;0;19,5;19,5;19,9;19,4;19,8;19,2;100;97;100;337;3,8;2,6;
2026/04/16;0100 UTC;16,2;979,9;980,1;979,8;0;19,4;19,4;19,6;19,4;19,6;19,4;100;100;100;46;3,6;2;
2026/04/16;0200 UTC;14,6;980;980,2;979,8;0;19,5;19,6;19,9;19,4;19,9;19,4;100;100;100;60;3,5;2,3;
2026/04/16;0300 UTC;,6;979,7;980;979,3;0;19,6;19,6;19,7;19,5;19,7;19,5;100;100;100;76;6;3,8;
2026/04/16;0400 UTC;,2;979,2;979,4;979,1;0;19,6;19,6;19,9;19,5;19,9;19,6;100;100;100;83;6;3,7;
2026/04/16;0500 UTC;0;979;979,1;978,8;0;19,5;19,5;19,9;19,4;19,9;19,4;100;100;100;75;4,9;3,4;
2026/04/16;0600 UTC;0;978,5;978,8;978,1;0;19,4;19,4;19,4;19,3;19,5;19,4;100;100;100;56;4,4;2,9;
2026/04/16;0700 UTC;0;977,7;978,1;977,2;0;19,3;19,3;19,4;19,2;19,4;19,3;100;100;100;51;5,4;3,6;
2026/04/16;0800 UTC;,2;977;977,2;976,9;0;19,3;19,3;19,3;19,2;19,3;19,3;100;100;100;50;5,3;4;
2026/04/16;0900 UTC;0;977;977,1;976,9;0;19,3;19,3;19,4;19,3;19,4;19,3;100;100;100;47;5,5;3,9;
2026/04/16;1000 UTC;,2;976,9;977;976,7;0;19,4;19,4;19,5;19,3;19,5;19,4;100;100;100;45;6,5;4,4;
2026/04/16;1100 UTC;,2;976,8;977;976,7;31,2;19,5;19,5;19,6;19,4;19,7;19,4;100;100;100;30;7,5;5,4;
2026/04/16;1200 UTC;0;977,2;977,6;976,8;133,4;19,7;19,7;19,9;19,5;20;19,6;100;100;100;229;7,8;4,1;
2026/04/16;1300 UTC;0;977,4;977,6;977,2;563,2;20,3;20,3;21;19,8;21;19,8;100;96;100;324;6,6;4,2;
2026/04/16;1400 UTC;0;977;977,2;976,7;1114,3;21,5;19,9;22,7;20,7;20,5;19,5;96;87;92;71;7,6;5,2;
2026/04/16;1500 UTC;0;976,4;976,8;976;1246,9;22,5;19,4;23,7;21,4;20,4;18,3;93;75;85;308;10,6;7,3;
2026/04/16;1600 UTC;,2;975,6;976;975,3;1300,4;22,7;19,1;24,1;20,4;20;18,6;97;75;82;329;12,5;7,9;
2026/04/16;1700 UTC;,6;975;975,5;974,6;1149,3;21,1;20;21,8;20,4;21;19,5;98;90;95;327;8,7;5,3;
2026/04/16;1800 UTC;0;974,2;974,6;973,9;1092,4;21,7;20,1;22,2;20,8;20,8;19,6;97;88;92;330;8,3;5,8;
2026/04/16;1900 UTC;,2;973,8;973,9;973,6;1235,2;22,3;19,9;23,1;21,8;20,8;19,2;95;82;88;326;9,8;6,3;
2026/04/16;2000 UTC;,2;973,6;973,7;973,4;620,2;22,4;19,4;23;22,2;19,9;19;87;81;85;329;8,4;5,8;
2026/04/16;2100 UTC;0;973,5;973,6;973,4;171,9;21,8;19,7;22,3;21,6;20,4;19,4;93;86;90;337;5,9;3,9;
2026/04/16;2200 UTC;,2;973,6;973,7;973,5;1,1;21,2;19,6;21,7;20,7;20,2;19,5;97;89;92;315;7,7;5,2;
2026/04/16;2300 UTC;2;973,8;973,9;973,7;0;20,4;20,4;20,6;20,4;20,5;20,2;100;98;100;329;7;4,5;
2026/04/17;0000 UTC;1,2;974;974,2;973,7;0;20,5;20,5;20,8;20,4;20,8;20,4;100;100;100;310;9,4;5,2;
2026/04/17;0100 UTC;0;974,4;974,6;974,2;0;20,4;20,4;20,7;20,4;20,7;20,4;100;100;100;299;7,2;5,1;
2026/04/17;0200 UTC;0;974,7;974,9;974,5;0;20,2;20,2;20,4;20;20,4;20;100;100;100;303;7,9;5,6;
2026/04/17;0300 UTC;,2;974,7;974,9;974,6;0;20;20,1;20,2;20;20,2;20;100;100;100;304;7;4,9;
2026/04/17;0400 UTC;0;974,6;974,7;974,5;0;19,9;19,9;20,1;19,8;20,2;19,8;100;100;100;311;7,8;5;
2026/04/17;0500 UTC;0;974,4;974,5;974,3;0;19,8;19,8;19,9;19,6;20;19,7;100;100;100;306;7,4;5;
2026/04/17;0600 UTC;0;974,4;974,6;974,2;0;19,5;19,4;19,7;19,3;19,7;19;100;99;100;292;6,6;4,8;
2026/04/17;0700 UTC;0;974,1;974,3;973,9;0;19,3;19,2;19,6;19,2;19,6;19;100;99;100;311;7,5;5;
2026/04/17;0800 UTC;,2;973,9;974;973,8;0;19;18,8;19,3;18,6;19,4;17,7;100;95;99;274;7;4,6;
2026/04/17;0900 UTC;0;974,4;974,7;974;0;18,5;18,1;18,8;18,4;18,5;17,5;99;94;98;286;7,1;4,6;
2026/04/17;1000 UTC;0;974,9;975,2;974,7;0;18,5;17,9;18,8;18,4;18,2;17,6;99;96;97;283;9,1;5,1;
2026/04/17;1100 UTC;,2;975,6;976;975,2;29;18,3;17,7;18,5;18,1;18;17,1;99;93;97;277;7,3;4,7;
2026/04/17;1200 UTC;0;976,1;976,4;976;254,4;18,2;17,7;18,4;18,1;17,9;17,4;99;96;98;303;8,8;5,8;
2026/04/17;1300 UTC;0;976,6;976,8;976,4;298,9;18,5;17,3;18,7;18,4;17,8;16,8;97;91;94;276;8,8;5,2;
2026/04/17;1400 UTC;0;976,6;976,9;976,4;1232;19,5;17,2;20,2;18,4;18;16,8;94;83;89;286;9,4;6,4;
2026/04/17;1500 UTC;0;976,6;976,7;976,5;783,6;19,5;17;19,8;19,3;17,5;16,7;91;85;88;272;10,5;6;
2026/04/17;1600 UTC;,2;976,4;976,7;976;1393,5;20,3;17,1;20,5;19,6;17,5;16,7;87;81;84;267;9,2;5,4;
2026/04/17;1700 UTC;0;975,8;976,1;975,5;1425,3;21,1;17,3;21,8;20,4;17,8;16,9;85;76;81;261;9;5;
2026/04/17;1800 UTC;0;975,6;975,8;975,3;1142,2;21,4;17,4;22,3;20,6;18,1;16,9;85;75;80;254;10,8;6;
2026/04/17;1900 UTC;,6;975,7;975,9;975,4;1098,3;20,8;18,2;22;19,7;19,2;17,4;93;78;87;233;7,4;4,2;
2026/04/17;2000 UTC;0;975,9;976,1;975,7;558,5;20,4;17,5;21,2;19,8;18,2;16,8;88;83;86;236;8,3;4,5;
2026/04/17;2100 UTC;0;976,2;976,5;976;290,2;20,4;17,3;20,9;19,9;17,6;16,9;86;82;84;241;7,8;3,4;
2026/04/17;2200 UTC;0;976,8;976,9;976,5;1,8;19,8;16,9;20,1;19,7;17,2;16,7;86;85;86;235;7,6;4,2;
2026/04/17;2300 UTC;0;977,2;977,5;976,9;0;19,5;16,5;20;19,2;17,1;16,2;86;84;85;229;7,5;4,4;
2026/04/18;0000 UTC;0;977,7;977,9;977,4;0;19,2;16,4;19,3;18,8;16,6;16,3;88;85;86;229;8;4,8;
2026/04/18;0100 UTC;0;978;978,3;977,7;0;18,3;16,3;18,8;17,9;16,5;16;91;89;90;230;6,8;4,3;
2026/04/18;0200 UTC;0;978,4;978,6;978,1;0;17,7;15,8;18;17,4;16,2;15,7;92;90;91;227;9,7;6,2;
2026/04/18;0300 UTC;0;978,5;978,8;978,3;0;17,1;15,6;17,4;16,9;15,7;15,3;93;92;92;229;8;5,3;
2026/04/18;0400 UTC;0;978,6;978,8;978,5;0;16,7;15,2;17;16,5;15,4;15,1;93;92;92;230;8,3;5,6;
2026/04/18;0500 UTC;0;978,5;978,7;978,4;0;16,4;15,1;16,7;16,1;15,4;15;95;92;94;227;9,3;6,3;
2026/04/18;0600 UTC;0;978,3;978,5;978;0;15,7;15,2;16,1;15,4;15,3;15;99;95;97;221;8,5;6,1;
2026/04/18;0700 UTC;0;978;978,1;977,8;0;15,4;15,3;15,6;15,2;15,4;15,2;100;99;99;225;6,8;4,5;
2026/04/18;0800 UTC;0;978,1;978,3;977,8;0;15,3;15,3;15,6;15,2;15,7;15,2;100;100;100;229;7,5;4,9;
2026/04/18;0900 UTC;0;978,4;978,5;978,3;0;15,3;15,3;15,5;15,2;15,5;15,2;100;100;100;226;6,2;4;
2026/04/18;1000 UTC;0;978,7;978,8;978,5;,2;15,4;15,5;15,8;15,4;15,8;15,4;100;100;100;231;5,6;3,3;
2026/04/18;1100 UTC;0;978,9;979,2;978,7;76,4;15,5;15,5;15,7;15,4;15,7;15,4;100;100;100;225;5,9;3,6;
2026/04/18;1200 UTC;0;979,5;979,9;979,2;451,9;15,9;16;16,5;15,5;16,5;15,6;100;100;100;231;6,6;4;
2026/04/18;1300 UTC;0;980;980,2;979,9;1323;16,7;16,6;17,7;16,3;17,1;16,3;100;94;99;234;5,8;3,6;
2026/04/18;1400 UTC;0;980,4;980,5;980,1;2336,6;19;16,4;20,3;17,7;17;15,8;95;82;87;235;6,4;3,7;
2026/04/18;1500 UTC;0;980,2;980,4;980,1;2597;21;16,7;21,7;20,3;18;15,7;85;71;78;227;8;5,4;
2026/04/18;1600 UTC;0;979,8;980,1;979,5;2757,4;22,4;16,8;23,1;21,5;17,8;15,9;76;67;72;225;7,1;4,3;
2026/04/18;1700 UTC;0;979,2;979,5;978,9;2657,3;23,8;17,2;24,6;23,1;18,3;16,2;72;59;67;273;6,3;3,9;
2026/04/18;1800 UTC;0;978,6;978,9;978,5;2304,1;24,6;16,7;25,1;24,1;17,8;15,9;67;56;61;240;6,9;3,5;
2026/04/18;1900 UTC;0;978,5;978,6;978,4;1758,1;24,8;16,4;25,1;24,6;17;15,7;61;54;58;227;7,3;4,6;
2026/04/18;2000 UTC;0;978,5;978,6;978,5;1050,3;24,6;16;24,9;24,3;16,5;15,3;60;53;57;220;6,5;3,5;
2026/04/18;2100 UTC;0;978,6;978,7;978,5;335,5;23,3;15,8;24,2;22,3;16,2;15,4;69;58;63;224;4,6;3,2;
2026/04/18;2200 UTC;0;978,8;979;978,7;3,6;21,8;15,3;22,2;21,1;16,2;14,9;70;66;68;225;5;3,3;
2026/04/18;2300 UTC;0;979,3;979,5;979,1;0;20,6;15,1;21,1;20,1;15,2;14,9;75;69;72;223;4,8;3,5;
2026/04/19;0000 UTC;0;979,6;979,9;979,4;0;20,2;14,9;20,9;19,4;15,1;14,7;77;71;74;212;3,9;3,2;
2026/04/19;0100 UTC;0;979,9;980,1;979,8;0;19,3;14,6;19,8;19,2;14,8;14,2;77;74;76;212;4,4;3,7;
2026/04/19;0200 UTC;0;980,2;980,3;980,1;0;19,1;13,9;19,5;18,8;14,2;13,7;75;72;74;207;3,6;2,8;
2026/04/19;0300 UTC;0;980,2;980,3;980,2;0;19,4;13,4;19,7;18,8;14;13,1;74;67;70;201;1,4;1;
2026/04/19;0400 UTC;0;980,1;980,3;979,9;0;19,6;13;19,9;19,4;13,4;12,8;68;65;67;174;1,7;1,4;
2026/04/19;0500 UTC;0;979,9;980,1;979,9;0;19;13,5;20,2;17,1;13,8;13,2;84;66;73;61;1,6;1;
2026/04/19;0600 UTC;0;980,1;980,3;980;0;17,3;14;17,6;17;14,3;13,7;85;81;83;349;1,9;1,6;
2026/04/19;0700 UTC;0;980;980,3;979,9;0;17,5;14,2;18;17,1;14,6;13,9;85;81;83;334;1,9;1,1;
2026/04/19;0800 UTC;0;980,2;980,4;979,9;0;18,2;13,9;18,6;17,7;14,1;13,7;81;77;79;142;1,5;,7;
2026/04/19;0900 UTC;0;980,8;981,4;980,3;0;18,5;13,8;19;18,2;14,1;13,6;77;74;76;206;1,5;1,2;
2026/04/19;1000 UTC;0;981,9;982,3;981,4;0;18,3;13,8;18,8;17,5;14,3;13,5;80;76;77;287;1,6;1;
2026/04/19;1100 UTC;0;982,7;983,1;982,3;204,7;18,3;13,8;18,7;17,6;14,3;13,6;80;76;77;199;2,4;1,6;
2026/04/19;1200 UTC;0;983,5;983,7;983,1;889;19,2;14,9;20,2;18,4;15,7;14,1;81;76;78;204;2,2;1,5;
2026/04/19;1300 UTC;0;983,7;983,8;983,6;1596,9;21,4;15,8;22,2;20,2;16,9;15,1;77;67;72;160;2,3;1,2;
2026/04/19;1400 UTC;0;983,7;983,8;983,5;2184,5;23,1;16,2;24,2;22;17;15,2;74;58;65;246;2,1;1;
2026/04/19;1500 UTC;0;983,5;983,6;983,4;2568,4;24,1;17,2;24,8;23,3;18;15,9;70;60;65;104;3,2;1,6;
2026/04/19;1600 UTC;0;983,1;983,4;982,7;2719,2;25;16,9;25,3;24,7;17,7;15,9;64;53;60;67;3,7;2,3;
2026/04/19;1700 UTC;0;982,5;982,8;982,1;2621,1;25,7;16,4;26,1;24,8;17,4;15,5;61;49;54;209;2,9;1;
2026/04/19;1800 UTC;0;981,7;982,1;981,5;2274,4;26,1;16,2;26,6;25,4;17,3;15,3;58;46;51;75;3,8;1,9;
2026/04/19;1900 UTC;0;981,7;982;981,5;1730,7;26,4;16;26,8;25,9;16,9;15,4;53;45;48;85;3,4;1,9;
2026/04/19;2000 UTC;0;982,4;982,7;982;1025,3;26,5;15,6;27;26;16,4;15,2;49;43;46;241;1,4;,6;
2026/04/19;2100 UTC;0;982,5;982,9;982,3;237,3;24,9;15,4;26,5;22,7;16,7;14,8;62;46;52;170;1,9;1,1;
2026/04/19;2200 UTC;0;982,8;983,1;982,6;1,3;21,6;13,4;22,5;20,8;14,8;12,6;62;54;59;159;2,4;1,5;
2026/04/19;2300 UTC;0;983,3;983,6;983,1;0;21,2;13,6;21,7;20,6;14,3;13,3;64;60;62;136;4,1;2,4;
2026/04/20;0000 UTC;0;983,4;983,6;983,3;0;20,7;14,8;21,8;19,6;15,3;14,3;78;64;71;117;7,5;4,7;
2026/04/20;0100 UTC;0;983,8;984;983,5;0;19,1;15,7;19,6;18,7;15,9;15,4;85;79;83;106;6,4;3,2;
2026/04/20;0200 UTC;0;983,8;984;983,4;0;18,5;15,6;18,8;18,4;15,8;15,5;86;84;85;95;6,2;3,3;
2026/04/20;0300 UTC;0;984,1;984,2;984;0;18,3;15,7;18,5;18;16;15,6;89;86;87;110;4;2,5;
2026/04/20;0400 UTC;0;984,3;984,5;984,1;0;17,9;15,6;18;17,7;15,7;15,5;90;88;89;86;4,3;2,2;
2026/04/20;0500 UTC;0;984,3;984,5;984,1;0;17,4;15,5;17,8;17,1;15,8;15,3;91;89;90;108;3,8;2,2;
2026/04/20;0600 UTC;0;984,4;984,6;984,1;0;17,4;15,3;17,7;17;15,5;15,2;91;88;90;86;4,8;2,8;
2026/04/20;0700 UTC;0;983,7;984,2;983,4;0;17,3;15;17,7;17;15,4;14,7;90;87;88;103;5;2,5;
2026/04/20;0800 UTC;0;983,8;984,2;983,5;0;16,8;14,2;17;16,6;14,8;13,7;89;84;87;96;5,4;3,4;
2026/04/20;0900 UTC;0;983,6;984;983,3;0;17,1;13,5;17,2;16,9;13,9;13,1;84;80;82;94;5,8;3,2;
2026/04/20;1000 UTC;0;984,3;984,5;983,9;4,8;16,8;12,9;17,3;16,1;13,4;12,6;84;77;81;74;5,5;3,8;
2026/04/20;1100 UTC;0;984,4;984,8;984,2;144,5;16,6;12;17,2;16;12,9;11,1;84;71;77;90;5,2;2,9;
2026/04/20;1200 UTC;0;984,9;985,2;984,7;655,5;17,6;12;18,5;17,2;12,8;11,3;75;68;72;67;5,3;3,2;
2026/04/20;1300 UTC;0;985,2;985,5;984,9;763,6;18,4;12,4;18,8;18,1;12,9;11,8;72;66;70;98;4,5;2,4;
2026/04/20;1400 UTC;0;985,2;985,3;985,1;1696,7;20,1;12,9;21,6;18,6;14,2;12,2;69;57;64;98;5,3;3,2;
2026/04/20;1500 UTC;0;985,1;985,4;984,8;1844,9;21,7;13,8;22,6;21;14,9;12,4;64;54;60;85;6;3,6;
2026/04/20;1600 UTC;0;984,4;984,8;983,9;1988,6;23,4;14,1;23,9;22,7;15;13,1;61;49;54;75;5,9;3,9;
2026/04/20;1700 UTC;0;984,1;984,2;983,8;669,4;22,9;13,6;23,4;22,6;14,2;12,9;57;49;53;81;3,7;2,4;
2026/04/20;1800 UTC;0;983,8;984,1;983,5;549,9;22,5;14,7;22,8;22,3;15,6;13,8;66;55;61;131;4,9;2,9;
2026/04/20;1900 UTC;0;983,6;983,8;983,3;670,3;22,4;16,4;22,6;22,1;17;15,5;74;66;70;118;6,4;3,6;
2026/04/20;2000 UTC;0;983,5;983,5;983,4;254;21,9;17;22,1;21,6;17,2;16,7;77;74;76;107;5,4;3,2;
2026/04/20;2100 UTC;0;983,6;983,8;983,5;59,4;21,2;16,9;21,6;20,6;17,2;16,7;83;76;79;113;5,7;3,6;
2026/04/20;2200 UTC;0;984,2;984,5;983,8;0;20,4;16,8;20,6;20,3;17,1;16,6;83;81;82;113;4,6;3,1;
2026/04/20;2300 UTC;0;984,7;984,9;984,4;0;19,9;17;20,4;19,6;17,3;16,7;88;82;85;106;4,6;2,9;
2026/04/21;0000 UTC;0;985;985,4;984,8;0;19,4;17,1;19,7;19,3;17,4;17;89;87;88;100;3,2;1,7;
2026/04/21;0100 UTC;0;985,5;985,8;985,2;0;18,9;17,1;19,2;18,7;17,3;16,9;92;89;91;71;6,3;4,2;
2026/04/21;0200 UTC;0;985,9;986,1;985,7;0;18,8;17,2;19,2;18,5;17,5;17;95;90;92;63;5,4;3,9;
2026/04/21;0300 UTC;,8;985,7;985,8;985,6;0;18,4;17,6;18,6;18,3;17,9;17,3;97;95;96;77;5,6;3,7;
2026/04/21;0400 UTC;,2;985,7;985,8;985,5;0;18,4;17,9;18,5;18,3;18,1;17,8;99;97;98;86;4,8;3;
2026/04/21;0500 UTC;,2;985,1;985,6;984,7;0;18,2;18,1;18,4;18,2;18,4;18;100;99;100;91;5,5;3;
2026/04/21;0600 UTC;0;984,2;984,7;983,7;0;18,1;18,2;18,4;18;18,4;18;100;100;100;78;5,2;3,4;
2026/04/21;0700 UTC;0;983,7;983,8;983,5;0;17,9;18;18,1;17,8;18,1;17,8;100;100;100;64;4,6;3,2;
2026/04/21;0800 UTC;0;984;984,2;983,7;0;17,9;16,8;18,2;17,8;17,9;15,9;100;89;94;69;4,5;2,8;
2026/04/21;0900 UTC;0;984,3;984,5;984,2;0;18;16,2;18,3;17,9;16,5;16;92;89;91;93;3,4;1,8;
2026/04/21;1000 UTC;0;984,7;984,9;984,5;0;17,8;16,6;18,1;17,6;16,9;16,3;96;91;94;163;2,2;1,4;
2026/04/21;1100 UTC;0;985,1;985,3;984,9;40;17,8;17,1;18,1;17,5;17,7;16,9;98;96;97;129;2,4;1,5;
2026/04/21;1200 UTC;0;985,6;985,9;985,3;194,9;18,3;18,1;18,6;18,1;18,5;17,7;100;98;99;127;3,4;2;
2026/04/21;1300 UTC;0;985,8;985,9;985,7;543,4;19,3;17,7;19,7;18,6;18,3;17,3;98;88;92;91;3,8;2,5;
2026/04/21;1400 UTC;0;985,6;985,7;985,4;1141,2;20,3;17,6;21;19,7;18,5;17,1;90;84;87;66;4,2;2,3;
2026/04/21;1500 UTC;0;985,2;985,4;985,1;1876,9;21,9;18,5;23;21,1;19,4;17,9;87;78;83;64;3,5;1,8;
2026/04/21;1600 UTC;0;984,7;985;984,5;1375,5;22,7;18,6;23,3;21,7;19,2;18,2;84;75;79;294;3;1,9;
2026/04/21;1700 UTC;0;984,2;984,5;984;983,5;23;18,6;23,3;22,7;19,2;18,1;81;76;78;193;2,8;1,4;
2026/04/21;1800 UTC;0;983,6;983,9;983,5;1078,8;23,4;18,6;23,7;23,1;19,1;18,2;80;73;76;116;2,5;1,1;
2026/04/21;1900 UTC;0;983,4;983,6;983,2;941,3;23,9;18,8;24,7;23,6;19,3;18,4;77;71;74;187;2,6;1,4;
2026/04/21;2000 UTC;0;983,1;983,2;983,1;436,9;23,5;18,7;23,8;23,3;19,2;18,4;79;74;76;77;2,1;1,4;
2026/04/21;2100 UTC;0;983,1;983,1;983;116,9;22,9;19,2;23,3;22;19,5;18,7;85;77;81;29;3;1,9;
2026/04/21;2200 UTC;0;983,2;983,4;983;,9;21,7;18,6;21,9;21,3;19,2;18,3;88;82;85;119;1,5;,9;
2026/04/21;2300 UTC;0;983,5;983,7;983,3;0;21,2;18,9;21,7;21;19,3;18,7;90;87;88;99;2,8;1,7;
2026/04/22;0000 UTC;0;983,9;984;983,7;0;21,1;19,2;21,4;20,9;19,5;19,1;91;90;90;99;3,3;2;
2026/04/22;0100 UTC;0;983,9;984;983,8;0;21;19,1;21,3;20,7;19,2;19;93;89;90;67;4;2,9;
2026/04/22;0200 UTC;0;983,8;983,9;983,8;0;20,3;19,3;20,7;19,9;19,6;19,2;97;92;95;38;3,5;2,7;
2026/04/22;0300 UTC;0;983,8;983,9;983,6;0;19,9;19,5;20,1;19,8;19,7;19,4;98;97;98;229;4,4;3,3;
2026/04/22;0400 UTC;0;983,9;984,1;983,7;0;19,7;19,2;19,9;19,6;19,4;18,9;99;96;98;336;4,7;3,1;
2026/04/22;0500 UTC;0;984;984,1;983,8;0;20;18,8;20,2;19,7;19,3;18,7;96;93;94;322;4,9;3,7;
2026/04/22;0600 UTC;0;983,7;983,8;983,5;0;20,1;18,7;20,5;19,7;19,2;18,5;95;93;93;322;6;3,9;
2026/04/22;0700 UTC;0;983,4;983,5;983,2;0;19,3;18,8;19,7;19;19;18,6;100;95;98;318;5,4;4;
2026/04/22;0800 UTC;0;983,3;983,4;983,2;0;19,2;18,7;19,3;19;18,8;18,5;98;97;98;320;7;5;
2026/04/22;0900 UTC;0;983,2;983,3;983,1;0;18,7;18,5;19,1;18,3;18,6;18,4;100;98;99;337;5,8;4,4;
2026/04/22;1000 UTC;0;983,7;983,9;983,3;,1;18,3;18,3;18,6;18,2;18,6;18,2;100;100;100;304;6,6;4,9;
2026/04/22;1100 UTC;0;984,3;984,6;983,9;72,1;18,9;18,9;19,3;18,5;19,3;18,5;100;100;100;264;4,4;2,3;
2026/04/22;1200 UTC;0;984,9;985,2;984,5;663,6;19,8;19,4;20,8;19,2;19,7;18,9;100;91;98;226;7,7;4,6;
2026/04/22;1300 UTC;0;985,6;986;985,2;440,7;19,3;19,1;20,1;19;19,4;18,9;100;94;99;219;9;6,5;
2026/04/22;1400 UTC;0;986;986,1;985,9;1408,1;20;18,2;21,4;19,1;19;17,6;99;84;91;220;9,5;6,4;
2026/04/22;1500 UTC;0;986;986,2;985,9;1217,1;20,4;18,1;21,4;19,6;18,3;17,8;93;83;88;218;8,3;5,4;
2026/04/22;1600 UTC;0;986;986,2;985,7;1070,5;20,2;18;21,2;19,4;18,5;17,8;93;83;89;244;6,4;2,8;
2026/04/22;1700 UTC;0;985,4;985,7;985,3;1405,7;21,5;17,8;22,1;20,8;18,3;17,1;87;76;81;256;4,9;2,8;
2026/04/22;1800 UTC;0;984,9;985,3;984,7;1734,1;23;17,8;24,1;21,9;18,9;17,1;79;69;74;241;5,8;3;
2026/04/22;1900 UTC;0;984,7;984,8;984,5;1610,9;23,5;16,9;23,9;22,8;18;15,7;74;60;67;238;7,6;3,5;
2026/04/22;2000 UTC;0;984,9;985,2;984,8;967,4;23,2;15,1;24,3;22,5;16,8;13,5;65;54;59;220;6,2;4,1;
2026/04/22;2100 UTC;0;985,5;985,8;985,2;297;21,3;13,2;22,5;19,8;13,8;12,5;63;53;59;219;5,9;3,5;
2026/04/22;2200 UTC;0;986,1;986,4;985,8;1,5;18,5;12,3;19,7;17,5;12,6;12,1;74;64;69;213;5,2;4;
2026/04/22;2300 UTC;0;986,8;987,3;986,3;0;17;12,2;17,4;16,6;12,6;12;78;74;76;213;5,8;4,7;
2026/04/23;0000 UTC;0;987,6;987,9;987,3;0;16,6;11,8;17,1;16,2;12,2;11,6;77;74;76;211;5,6;4,1;
2026/04/23;0100 UTC;0;987,9;988;987,8;0;15,6;11,3;16,2;15;11,7;11;80;77;78;179;4,3;2,8;
2026/04/23;0200 UTC;0;988;988,4;987,8;0;15;10,9;15,5;14,5;11,1;10,8;82;77;79;190;4,9;3,2;
2026/04/23;0300 UTC;0;988,6;988,9;988,4;0;14,3;10,9;14,6;13,7;11,2;10,8;86;81;83;206;4,9;3,5;
2026/04/23;0400 UTC;0;989;989,1;988,8;0;13,6;11,1;13,9;13,5;11,3;10,9;89;86;87;205;2,2;,7;
2026/04/23;0500 UTC;0;989,3;989,6;989;0;13,9;11,4;14,6;13,7;11,9;11,1;89;86;87;199;4,2;2,4;
2026/04/23;0600 UTC;0;988,7;989,1;988,2;0;13,9;11,6;14,3;13,6;11,9;11,4;91;87;88;204;3,8;2,6;
2026/04/23;0700 UTC;0;989,1;989,4;988,9;0;14,1;11,7;14,2;14;11,9;11,6;89;87;88;201;2,8;1,7;
2026/04/23;0800 UTC;0;988,8;989;988,5;0;14,2;11,8;14,4;14;12;11,6;89;86;88;163;1,7;,7;
2026/04/23;0900 UTC;0;988,7;988,9;988,5;0;13,6;11,8;14,4;13,3;12,1;11,6;93;87;91;169;2,6;1,5;
2026/04/23;1000 UTC;0;988,8;989,1;988,6;0;13,2;11,8;13,6;12,6;12;11,4;95;91;93;174;3,2;1,6;
2026/04/23;1100 UTC;0;989,4;989,8;989;134,7;12,7;11,9;12,9;12,5;12,2;11,6;97;95;96;180;2,5;1,6;
2026/04/23;1200 UTC;0;990,3;990,7;989,8;511,8;13,5;12,3;14;12,9;12,8;11,9;96;92;94;167;3,1;1,8;
2026/04/23;1300 UTC;0;990,6;990,7;990,5;916,7;15,1;12,9;15,7;14;13,2;12,5;94;86;89;133;3,7;2,1;
2026/04/23;1400 UTC;0;990,4;990,5;990,2;1032,4;15,8;12,9;16,4;15,6;13,2;12,4;87;81;85;129;5,3;2,8;
2026/04/23;1500 UTC;0;990,1;990,3;989,8;1612,9;17,3;12,6;17,9;16,5;13,2;11,9;83;71;77;125;5,2;2,7;
2026/04/23;1600 UTC;0;989,6;989,9;989,4;864;17,1;12,3;17,5;16,9;13,1;11,6;80;71;76;151;5,1;2,3;
2026/04/23;1700 UTC;0;988,9;989,4;988,5;1068;17,4;12,2;17,7;17,1;12,7;11,7;77;71;74;127;5,4;3;
2026/04/23;1800 UTC;0;988,4;988,7;988,2;1052,9;17,9;12,4;18,2;17,6;13,4;11,6;78;68;73;140;4,3;2;
2026/04/23;1900 UTC;0;988,2;988,5;988;594,5;17,5;12,7;17,9;17,1;13,2;12,3;79;74;76;149;3,4;1,7;
2026/04/23;2000 UTC;0;988,2;988,4;988,1;293,6;16,6;12,6;17,1;16,2;13,1;12,3;83;78;80;151;3,3;1,8;
2026/04/23;2100 UTC;0;988,4;988,9;988;76,9;15,9;12,7;16,3;15,6;13,2;12,5;87;82;84;128;4,5;2,8;
2026/04/23;2200 UTC;;;;;;;;;;;;;;;;;;
2026/04/23;2300 UTC;0;989,2;989,7;988,5;0;15,4;12,9;15,8;14,8;13,2;12,5;92;84;88;137;4,5;2,4;
2026/04/24;0000 UTC;0;989,4;989,7;988,8;0;15,5;12,8;15,8;15,1;13,1;12,6;89;85;86;158;4,2;2;
2026/04/24;0100 UTC;0;989,2;989,5;988,7;0;15,2;12,9;15,5;14,7;13,3;12,5;91;86;88;153;4,7;1,9;
2026/04/24;0200 UTC;0;989,7;989,9;989,4;0;15;12,8;15,3;14,7;13,1;12,5;91;87;89;158;4,3;2,5;
2026/04/24;0300 UTC;0;989,2;989,8;988,8;0;15,3;12,9;15,6;14,7;13,2;12,7;91;87;88;122;5,9;3,4;
2026/04/24;0400 UTC;0;988,9;989,2;988,6;0;15,2;13,4;15,4;15,1;13,6;13,1;92;89;91;174;4;2,6;
2026/04/24;0500 UTC;0;988,3;988,9;987,7;0;15,2;13,6;15,6;14,7;13,8;13,5;94;91;92;125;5,1;2,9;
2026/04/24;0600 UTC;0;988,7;989;988,4;0;15,5;13,9;15,6;15,3;14,2;13,7;94;91;92;135;5,2;2,4;
2026/04/24;0700 UTC;0;987,8;988,6;987;0;15,5;14;15,9;15,3;14,2;13,9;93;90;92;110;7;4,1;
2026/04/24;0800 UTC;0;987;987,4;986,4;0;15,5;14,1;15,9;15,1;14,5;13,9;96;91;93;102;6,5;3,7;
2026/04/24;0900 UTC;0;986,7;987,5;986,3;0;15,5;14,2;15,8;15,3;14,4;14;95;92;93;169;3,6;1,7;
2026/04/24;1000 UTC;0;987,1;987,4;986,9;0;15,5;14,2;15,7;15,2;14,5;14,1;96;92;94;96;6;2,8;
2026/04/24;1100 UTC;0;987,5;988;987;31;15,5;14,4;15,8;15,4;14,6;14,2;95;94;94;107;4,7;2,2;
2026/04/24;1200 UTC;0;988,2;988,3;988;260,4;15,8;14,7;16,6;15,6;15,6;14,4;96;91;94;131;3,3;1,4;
2026/04/24;1300 UTC;0;988,1;988,4;987,8;1149,8;18;14,9;19,2;16,7;15,3;14,4;91;78;84;106;5,6;3,3;
2026/04/24;1400 UTC;0;987,6;987,8;987,5;1581,5;20;15,4;20,5;19;15,9;14,9;81;74;77;94;3,9;2,3;
2026/04/24;1500 UTC;0;987,1;987,7;986,6;1385,9;20,6;15,8;21;20;16,5;15,4;79;74;76;133;4,9;2;
2026/04/24;1600 UTC;0;986,3;986,7;985,9;1935,7;21,6;16,2;22,5;20,9;16,9;15,7;77;69;73;95;4;2;
2026/04/24;1700 UTC;0;985,5;985,9;984,9;1594,2;22,6;16,4;23,6;22;17,4;16,1;73;66;69;107;4,4;2,1;
2026/04/24;1800 UTC;0;984,5;985;984,2;705,5;21,8;16,5;22,4;21,5;17;15,7;77;68;73;134;4,4;2,4;
2026/04/24;1900 UTC;0;984,2;984,4;984,1;647,2;21,5;16,8;22,1;21,1;17,4;16,3;79;72;76;139;5,2;2,4;
2026/04/24;2000 UTC;0;984,1;984,4;983,9;126,4;20,6;16,5;21,1;20,4;16,9;16,2;81;78;80;105;4;2,1;
2026/04/24;2100 UTC;0;984,2;984,5;984;76,4;20,1;16,2;20,5;19,5;16,6;15,6;81;79;80;101;3,9;2,4;
2026/04/24;2200 UTC;0;984;984,4;983,7;2;18,9;14,9;19,7;18,4;15,8;14,5;81;79;80;111;3,4;2,2;
2026/04/24;2300 UTC;0;984,4;984,6;984,2;0;18,4;14,7;18,6;18,2;14,9;14,5;84;80;82;101;3,6;2,3;
2026/04/25;0000 UTC;0;984,6;984,9;984,1;0;18,2;15,2;18,5;17,9;15,4;14,9;87;84;85;95;4,3;2,7;
2026/04/25;0100 UTC;0;984,7;984,9;984,5;0;17,5;15,6;17,8;17,4;15,9;15,4;92;88;91;105;5;3,2;
2026/04/25;0200 UTC;0;984,5;984,7;984,3;0;17,3;15,8;17,8;17;16,2;15,7;94;92;93;90;5,1;3,1;
2026/04/25;0300 UTC;0;984,1;984,5;983,9;0;16,9;16,1;17,4;16,4;16,3;15,9;99;93;96;102;4;2,4;
2026/04/25;0400 UTC;0;984;984,1;983,8;0;16,5;16,2;16,7;16,3;16,5;15,9;99;97;98;118;5,2;3,5;
2026/04/25;0500 UTC;0;983,7;984;983,4;0;16,3;16,2;16,4;16,2;16,4;16,1;100;99;100;114;5,8;3,9;
2026/04/25;0600 UTC;0;983,5;983,6;983,3;0;16,1;16,1;16,4;15,9;16,4;15,9;100;100;100;183;3,5;1,8;
2026/04/25;0700 UTC;0;983,1;983,3;983;0;15,5;15,6;15,9;15,4;15,9;15,5;100;100;100;193;2,4;1,4;
2026/04/25;0800 UTC;0;983;983,1;982,8;0;15,6;15,6;15,8;15,5;15,8;15,6;100;100;100;193;2,4;1,3;
2026/04/25;0900 UTC;0;982,9;983;982,8;0;15,7;15,7;15,8;15,6;15,8;15,6;100;100;100;183;2,9;1,5;
2026/04/25;1000 UTC;0;982,9;983,1;982,8;0;15,7;15,7;15,9;15,6;15,9;15,6;100;100;100;180;3;1,6;
2026/04/25;1100 UTC;0;983,2;983,4;983,1;121,4;15,8;15,9;16,1;15,6;16,1;15,6;100;100;100;180;2;1,3;
2026/04/25;1200 UTC;0;983,8;984,1;983,4;846,1;16,5;16,5;16,9;16,1;17;16,1;100;100;100;178;2,6;1,6;
2026/04/25;1300 UTC;0;984,2;984,2;984,1;1604,4;17,9;16,9;20,2;16,9;17,5;15,7;100;82;95;168;2,1;1,1;
2026/04/25;1400 UTC;0;984;984,2;983,8;2082,8;20,9;16,1;21,6;20,2;16,9;15,4;80;70;76;147;3;1,6;
2026/04/25;1500 UTC;0;983,6;983,9;983,2;1238,9;20,4;15,6;21,1;19,8;16,6;14,7;81;70;76;211;3;1,9;
2026/04/25;1600 UTC;0;982,7;983,2;982,1;2640;21,4;15,6;22,2;20,3;16,4;14,8;77;65;71;182;4,6;2,5;
2026/04/25;1700 UTC;0;981,8;982,1;981,5;2127,3;21,8;15,1;22,5;21;15,9;14,2;72;60;67;238;6,2;3,2;
2026/04/25;1800 UTC;0;981,1;981,4;980,8;2260,8;22,9;15,5;23,8;22;16,7;14,7;67;58;63;181;5,7;2,9;
2026/04/25;1900 UTC;0;980,8;981;980,6;1727,7;22,7;15,5;23,3;22;16,2;14,5;69;59;64;176;5;2,6;
2026/04/25;2000 UTC;0;980,5;980,6;980,3;838,6;22,1;15,1;22,8;21,4;15,6;14,6;70;61;65;162;4,4;2,4;
2026/04/25;2100 UTC;0;980,4;980,7;980,2;264,5;20,9;15,2;22,1;19,3;15,7;15;79;66;72;150;2;1,2;
2026/04/25;2200 UTC;0;980,6;980,7;980,4;,1;18,6;14,8;19,2;18,3;15,2;14,7;83;79;81;157;1,7;1;
2026/04/25;2300 UTC;0;980,8;980,9;980,6;0;18,6;14,9;19,1;18,2;15,1;14,7;83;79;81;76;4;3,1;
2026/04/26;0000 UTC;0;981,3;981,5;980,9;0;18,7;15,2;18,9;18,6;15,5;14,9;84;80;83;91;3,7;2,6;
2026/04/26;0100 UTC;0;981,4;981,5;981,4;0;18,5;14,8;19;18,2;15,1;14,5;83;80;82;114;3,6;2,3;
2026/04/26;0200 UTC;0;981,1;981,4;980,9;0;17,3;15,2;18,6;16,1;15,6;14,8;96;82;90;123;4,4;2,5;
2026/04/26;0300 UTC;0;980,7;980,8;980,5;0;16,8;15,8;17,3;16,5;16;15,6;97;93;95;72;3,6;2,7;
2026/04/26;0400 UTC;0;980,3;980,5;980,2;0;16,4;15,5;17;16,1;15,7;15,4;97;93;96;27;3,8;1,9;
2026/04/26;0500 UTC;0;980,1;980,3;979,8;0;15,9;15,5;16,4;15,5;15,7;15,3;99;95;98;220;3;2,4;
2026/04/26;0600 UTC;0;979,6;979,8;979,4;0;15,3;15,3;15,5;15,1;15,5;15,1;100;99;100;296;2,8;2,1;
2026/04/26;0700 UTC;0;979,2;979,4;978,9;0;15,4;15,1;15,6;15,1;15,5;14,8;100;97;99;321;3,3;2,2;
2026/04/26;0800 UTC;0;978,5;978,9;978,3;0;15,4;15;15,7;15,2;15,3;14,6;98;97;98;316;3,9;3,1;
2026/04/26;0900 UTC;0;978,3;978,4;978,2;0;15,8;14,5;16,2;15,3;15;14,2;98;91;94;290;4,5;3,4;
2026/04/26;1000 UTC;0;978,6;978,8;978,4;0;16;14,1;16,2;15,6;14,3;14;93;90;91;281;4;3,1;
2026/04/26;1100 UTC;0;978,7;978,8;978,6;171;15,9;14,3;16,6;15,4;14,6;13,9;93;89;92;310;4,7;3,1;
2026/04/26;1200 UTC;0;978,9;979;978,7;817,9;17,3;14,9;18,4;16,4;15,7;14,3;90;86;88;284;4,1;3;
2026/04/26;1300 UTC;0;979,2;979,3;979;1172,3;19,2;16,3;19,7;18,4;16,9;15,8;87;84;85;238;5,3;2,7;
2026/04/26;1400 UTC;,2;979;979,2;978,8;1577,5;19,8;16;20,5;19,2;16,5;15,4;86;76;81;240;6,9;3,6;
2026/04/26;1500 UTC;0;978,8;978,9;978,5;2399,3;20,2;15,7;20,7;19,8;16,4;15;82;73;78;231;8;4,7;
2026/04/26;1600 UTC;0;978,1;978,6;977,5;2612,8;21;15,3;22,2;20;16,5;13,6;79;59;71;260;9,2;5,1;
2026/04/26;1700 UTC;0;977,2;977,7;976,8;2540,8;22,6;13,7;23,2;22,1;14,7;13;63;52;55;259;9,2;4,8;
2026/04/26;1800 UTC;0;976,6;976,9;976,4;2043,5;22,6;13,2;23,2;21,9;14;12,7;55;51;53;266;10,5;5,6;
2026/04/26;1900 UTC;0;976,4;976,7;976,2;1615,9;22,7;12,8;23,1;22,4;13,7;12;55;47;50;283;11,2;7,1;
2026/04/26;2000 UTC;0;976,4;976,5;976,2;878,4;22,5;12,1;22,8;21,9;12,8;11,8;51;47;48;267;9,3;3,9;
2026/04/26;2100 UTC;0;976,6;976,9;976,3;239,5;21,1;11,9;21,9;20;12,3;11,5;58;51;54;264;8,7;4,2;
2026/04/26;2200 UTC;0;977,5;978;977;,2;19,5;11,9;20;18,5;12,3;11,5;67;58;62;233;11,8;6,6;
2026/04/26;2300 UTC;0;978,5;979;978;0;17,4;11;18,4;16,7;11,6;10,5;71;65;68;247;7,6;3,9;
2026/04/27;0000 UTC;0;979,6;980,3;979;0;16,1;7,2;16,8;15,2;10,5;5;68;46;56;252;10,4;5,4;
2026/04/27;0100 UTC;0;980,7;981;980,3;0;14,2;4,6;15,1;13,5;5,1;4;54;49;52;245;9,8;4,3;
2026/04/27;0200 UTC;0;981,4;981,7;981;0;12,9;3,8;13,6;12,2;4,1;3,3;57;52;54;239;9,5;5,3;
2026/04/27;0300 UTC;0;981,8;982;981,6;0;11,6;3,2;12,3;10,7;3,6;2,9;61;56;58;232;8,1;4,4;
2026/04/27;0400 UTC;0;981,9;982;981,7;0;10,2;2,5;10,7;9,5;3;2;65;59;61;243;6;3,2;
2026/04/27;0500 UTC;0;981,9;982;981,7;0;9,1;2,2;9,7;8,5;2,7;1,5;69;63;65;255;7,9;4,5;
2026/04/27;0600 UTC;0;981,9;982,2;981,7;0;8;,6;8,7;7,1;1,5;,3;68;61;63;267;7,4;4,3;
2026/04/27;0700 UTC;0;982;982,2;981,7;0;7,2;-,5;7,3;7,1;,8;-1,7;69;56;62;267;9,2;5,4;
2026/04/27;0800 UTC;0;982,1;982,6;981,7;0;6,8;-1,4;7,2;6,6;-1;-1,7;61;56;59;267;10,5;5,6;
2026/04/27;0900 UTC;0;982,8;983,1;982,4;0;6,9;-,2;7;6,7;,6;-1,2;68;60;64;272;9,8;6,6;
2026/04/27;1000 UTC;0;983,2;983,5;982,8;0;7;1;7,2;6,8;1,3;,5;72;67;70;281;10,8;6,7;
2026/04/27;1100 UTC;0;983,8;984;983,4;107;7;1,4;7,3;6,9;1,8;1;73;71;72;286;11,7;7,8;
2026/04/27;1200 UTC;0;984,1;984,5;983,8;826;7,8;2,3;8,5;7,1;3;1,6;74;70;72;278;11,6;8;
2026/04/27;1300 UTC;0;984,8;985,1;984,3;1400,3;8,7;3,2;9,7;8;3,8;2,7;74;70;72;260;12,1;6,5;
2026/04/27;1400 UTC;0;985,1;985,4;984,8;2028,9;9,4;3,7;10,1;8,8;4,4;3,3;74;69;71;251;10,9;6;
2026/04/27;1500 UTC;0;985;985,2;984,6;2199;10,4;4,2;11,7;9,8;5,2;3,6;72;66;69;260;9;5,9;
2026/04/27;1600 UTC;0;984,8;985,2;984,4;2555,4;11,7;4,9;12,9;10,9;5,8;4,4;69;61;66;267;10,4;6,2;
2026/04/27;1700 UTC;0;984,3;984,6;983,9;2636,6;13;5,5;14;12,3;6,3;4,9;66;59;62;249;11,9;6,2;
2026/04/27;1800 UTC;0;984,1;984,3;983,9;1718,3;13,8;5,9;14,8;13,2;6,8;5,5;62;56;60;237;9,7;4,9;
2026/04/27;1900 UTC;0;984,4;984,5;984,2;984,4;13,7;5,9;14,6;13,3;6,4;5,5;64;57;61;233;8,9;4,8;
2026/04/27;2000 UTC;0;984,6;984,8;984,3;870,6;14;6,2;14,7;13,3;6,6;5,8;64;58;61;234;9,6;5,7;
2026/04/27;2100 UTC;0;984,9;985;984,6;234,3;12,9;6,1;13,8;11,8;6,4;5,7;71;61;66;224;8,3;5;
2026/04/27;2200 UTC;0;985,3;985,6;985;,5;11,2;5,9;11,8;10,7;6,2;5,8;76;71;73;255;3,8;1,9;
2026/04/27;2300 UTC;0;985,9;986,3;985,6;0;10,6;5,8;11;10,2;6;5,5;79;73;76;257;4,4;2,2;
2026/04/28;0000 UTC;0;986,4;986,5;986,2;0;10,8;5,5;11,2;10,4;5,8;5,4;75;72;74;273;4,9;3,2;
2026/04/28;0100 UTC;0;986,6;986,9;986,3;0;10,3;5,3;10,8;9,7;5,5;5,2;77;73;75;274;4,6;3;
2026/04/28;0200 UTC;0;987;987,2;986,8;0;10,4;5;10,7;10;5,2;4,8;76;71;73;257;5;2,2;
2026/04/28;0300 UTC;0;987;987,1;986,9;0;10,7;4,9;10,9;10,6;5;4,8;72;70;71;246;3,5;1,9;
2026/04/28;0400 UTC;0;986,9;987;986,8;0;10,2;4,9;11,1;9,8;5,3;4,8;76;71;73;264;3,6;2,1;
2026/04/28;0500 UTC;0;986,8;986,9;986,6;0;9,8;4,9;10,3;9,5;5,3;4,9;77;74;76;255;3,7;1,8;
2026/04/28;0600 UTC;0;986,4;986,7;985,9;0;9,7;4,9;10,4;8,8;5,4;4,8;80;74;76;229;4,6;3;
2026/04/28;0700 UTC;0;985,8;986;985,7;0;9,8;4,9;10,1;9,6;5,1;4,8;76;74;75;229;4,2;2,6;
2026/04/28;0800 UTC;0;985,8;986;985,6;0;9,4;4,7;9,8;9,2;4,9;4,6;77;75;76;228;5;3,4;
2026/04/28;0900 UTC;0;986;986,3;985,9;0;9;4,6;9,3;8,8;4,8;4,4;78;77;78;228;5,7;3,5;
2026/04/28;1000 UTC;0;986,8;987,4;986,3;0;8,6;4,4;9;8,3;4,6;4,3;80;77;79;230;6,1;3,9;
2026/04/28;1100 UTC;0;987,6;987,8;987,4;163,7;8,5;4,4;9,3;8,2;4,9;4,3;81;78;79;230;4,5;2,7;
2026/04/28;1200 UTC;0;988,2;988,3;987,8;817,1;9,9;5,3;10,7;9,1;6,1;4,8;78;76;77;223;5,2;3,5;
2026/04/28;1300 UTC;0;988,5;988,9;988,3;1496,5;11,5;6,3;12,6;10,5;7;5,3;79;65;74;232;5,8;3,3;
2026/04/28;1400 UTC;0;988,7;988,8;988,6;2068,4;13,1;5,5;14,3;12,3;6,4;4,4;70;55;62;255;5,8;3,1;
2026/04/28;1500 UTC;0;988,3;988,7;987,8;2446;14,4;4,9;15;13,8;5,8;3,8;59;45;52;238;6,5;3,3;
2026/04/28;1600 UTC;0;987,3;987,8;986,8;2600,4;15,6;5;16,2;14,6;6,2;4,2;55;41;47;254;4,4;2,7;
2026/04/28;1700 UTC;0;986,1;986,7;985,5;2338,9;16,3;4,5;17,1;15,7;5,7;3,7;46;36;41;263;4,9;2,5;
2026/04/28;1800 UTC;0;985;985,5;984,5;1809,9;16,9;4,2;17,5;16,3;5,1;3,4;41;34;37;309;5,4;3,2;
2026/04/28;1900 UTC;0;984,3;984,7;984;1426,3;17,3;4,2;17,7;16,8;5;3,2;37;31;35;310;6,2;3,5;
2026/04/28;2000 UTC;0;984,2;984,3;984,1;833,1;17,1;4,3;17,6;16,6;5;3,6;39;34;36;315;5,3;3,8;
2026/04/28;2100 UTC;0;984,3;984,6;983,9;227,9;15,7;3,9;16,7;14,6;4,6;3,4;45;36;41;301;2,7;1,6;
2026/04/28;2200 UTC;0;984,3;984,5;984,1;,7;13,9;3,1;14,6;13,6;3,5;2,7;48;44;46;270;3,4;2,7;
2026/04/28;2300 UTC;0;984,7;984,8;984,5;0;13,8;2;14,1;13,4;3,1;1,1;46;37;41;257;3,4;1,9;
2026/04/29;0000 UTC;0;984,7;984,8;984,5;0;12,8;1,1;14;12,2;1,8;,8;45;37;41;316;2,5;2,1;
2026/04/29;0100 UTC;0;984,8;985;984,6;0;12,4;1,6;12,8;11,9;2,1;1;48;43;46;307;4,6;3,5;
2026/04/29;0200 UTC;0;984,8;984,9;984,7;0;12,4;2,5;12,9;12,2;2,9;2;52;46;51;310;5;3,8;
2026/04/29;0300 UTC;0;984,6;984,7;984,4;0;11,3;2,8;12,6;10,3;3,2;2,7;63;51;58;327;4,8;4;
2026/04/29;0400 UTC;0;984,3;984,5;984,2;0;9,8;2,8;10,7;8,8;3,1;2,6;69;61;65;316;3,5;2,7;
2026/04/29;0500 UTC;0;984;984,2;983,7;0;10;3,1;10,6;9,7;3,5;3;67;64;66;317;4,4;3,6;
2026/04/29;0600 UTC;0;983,2;983,7;982,9;0;11,2;3,5;12,1;10,4;3,7;3,3;65;58;61;310;6,1;4,2;
2026/04/29;0700 UTC;0;983;983;982,9;0;9,9;3,5;11,5;9,2;3,7;3,3;72;60;68;312;4,7;3;
2026/04/29;0800 UTC;0;982,9;983;982,8;0;9,9;3,7;10,4;9,4;3,9;3,6;71;66;69;340;3;2,1;
2026/04/29;0900 UTC;0;983,1;983,3;983;0;9,3;3,5;10,3;8,8;3,7;3,2;74;65;71;313;4,8;3,3;
2026/04/29;1000 UTC;0;983,4;983,6;983,2;0;10,3;3,4;10,8;9,6;3,6;3,1;69;62;65;315;3,9;2,9;
2026/04/29;1100 UTC;0;983,8;983,9;983,6;155,8;11,2;3,5;12,4;9,8;4,5;3;68;58;62;312;3,2;2,1;
2026/04/29;1200 UTC;0;984;984,2;983,9;795,3;13,1;5,1;14,2;12,2;6,2;4,3;65;55;60;305;3,4;2,4;
2026/04/29;1300 UTC;0;984,4;984,5;984,1;1466,1;14,7;6,9;15,5;13,9;7,8;5,6;65;57;61;168;4,4;2,9;
2026/04/29;1400 UTC;0;984,5;984,6;984,3;2035,1;16,2;7,5;17,4;15;8,4;6,4;64;47;56;244;4,8;2,7;
2026/04/29;1500 UTC;0;983,9;984,3;983,6;2416,4;17,8;8,2;18,8;17;9,2;7,2;57;44;52;198;6,1;3,9;
2026/04/29;1600 UTC;0;983,3;983,6;983,1;2558,1;19,8;8,5;20,6;18,7;9,1;7,8;50;38;44;198;5,4;3,2;
2026/04/29;1700 UTC;0;982,7;983,2;982,1;2470;20,9;8,7;21,6;20,5;9,8;7,9;43;35;39;326;6,5;4,2;
2026/04/29;1800 UTC;0;982;982,1;981,7;2117,5;21,8;9,5;22,4;21,4;10,3;8,7;41;36;38;320;7,8;4,5;
2026/04/29;1900 UTC;0;981,4;981,8;981,2;1225,3;21,9;9,6;22,6;20,9;10,5;8,8;41;36;38;333;6,6;4;
2026/04/29;2000 UTC;0;981,2;981,3;980,9;665,6;21,3;9,5;22;20,9;10,4;9;44;38;41;323;5,5;3,9;
2026/04/29;2100 UTC;0;981,4;981,7;981;174,9;19,9;8,7;20,8;18,9;9,3;8,3;47;42;44;308;5,7;4,1;
2026/04/29;2200 UTC;0;982,3;982,6;981,7;0;18,2;8,4;18,9;17,8;8,8;8,2;53;47;51;294;5,2;4,1;
2026/04/29;2300 UTC;0;982,6;982,8;982,4;0;17,9;8,5;18,4;17,3;8,7;8,2;55;50;53;298;5;3,9;
2026/04/30;0000 UTC;0;983,1;983,3;982,8;0;17,2;8,4;17,8;16,7;8,5;8,2;58;54;56;300;4,8;3,7;
2026/04/30;0100 UTC;0;983,7;984,1;983,3;0;17,3;8,2;17,7;17;8,5;8;56;53;55;289;5,4;4,2;
2026/04/30;0200 UTC;0;984,2;984,2;984,1;0;17,1;8;17,4;16,8;8,1;7,9;56;53;55;298;5;4,1;
2026/04/30;0300 UTC;0;984,2;984,3;984;0;16,4;8,1;16,8;15,7;8,3;8;61;57;58;308;5,5;3,8;
2026/04/30;0400 UTC;0;984,5;984,6;984,2;0;15,5;8;16,6;14,9;8,3;7,9;65;58;63;289;3,7;2,9;
2026/04/30;0500 UTC;0;984,6;984,7;984,6;0;15,5;7,9;16,6;14,6;8,1;7,4;67;55;62;271;3,1;2,3;
2026/04/30;0600 UTC;0;984,6;984,6;984,5;0;16,5;7,4;16,8;16,2;7,9;6,7;57;52;55;238;3,5;2,1;
2026/04/30;0700 UTC;0;984,5;984,6;984,4;0;16,2;6,7;16,5;15,7;7;6,4;56;51;52;262;2,7;1,5;
2026/04/30;0800 UTC;0;984,5;984,5;984,4;0;15,7;6,7;16,1;15,2;7,3;6,4;59;53;55;248;2,7;1,7;
2026/04/30;0900 UTC;0;984,6;984,8;984,5;0;14,5;7;16,2;13;7,4;6,4;72;52;63;331;3,4;2,6;
2026/04/30;1000 UTC;0;985,1;985,4;984,7;0;13,2;7,3;13,4;13,1;7,5;7,3;72;70;71;323;2,3;1,6;
2026/04/30;1100 UTC;0;985,6;985,9;985,4;150,2;13,7;7,5;14,9;12,7;8,3;7;77;63;69;314;2,4;2,1;
2026/04/30;1200 UTC;0;986;986,1;985,9;776;14,8;9,2;16,1;12,7;10,2;7,9;77;66;72;180;2,6;2;
2026/04/30;1300 UTC;0;986,3;986,5;986,2;1446,2;16,2;9,9;17,4;15,4;10,4;8,8;73;58;68;261;3,3;2,4;
2026/04/30;1400 UTC;0;986,4;986,4;986,3;2009,8;19;9,7;19,8;17,6;10,5;8,6;61;48;54;64;3,5;1,9;
2026/04/30;1500 UTC;0;986,3;986,4;986;2385,3;20,6;10,9;21,3;19,9;11,9;10,2;55;49;52;67;5,5;2,8;
2026/04/30;1600 UTC;0;985,6;986,1;985,2;2537,5;21,8;12;22,5;21,3;12,8;11,2;54;47;51;65;4,8;2,8;
2026/04/30;1700 UTC;0;985;985,2;984,7;2431,9;22,9;12,1;23,4;22,3;12,9;11,4;51;43;46;283;5;2,4;
2026/04/30;1800 UTC;0;984,4;984,7;984,3;2087,9;23,3;12,3;23,9;23;13,1;11,8;48;42;45;163;5;2,1;
2026/04/30;1900 UTC;0;984,2;984,3;984;1486;23,8;12,3;24,2;23,5;13;11,8;47;40;43;137;3,1;1,9;
2026/04/30;2000 UTC;0;984;984,1;984;770;23,5;12;23,8;23,2;12,4;11,6;45;40;42;280;2,6;1,5;
2026/04/30;2100 UTC;0;984,2;984,3;984;198;23;11,5;23,5;21,6;12,6;10,4;47;40;42;99;1;,7;
2026/04/30;2200 UTC;0;984,4;984,4;984,3;0;20,5;10,4;21,8;19,5;10,7;10,3;54;44;50;137;3;1,5;
2026/04/30;2300 UTC;0;984,5;984,7;984,4;0;19,2;10,4;19,6;18,7;10,8;10,2;58;55;56;120;5,5;3,7;
2026/05/01;0000 UTC;0;984,7;984,9;984,6;0;18,2;10,6;19,4;17,3;10,8;10,5;67;56;62;102;5,1;2,9;
2026/05/01;0100 UTC;0;984,7;984,8;984,4;0;16,8;10,6;17,4;16,3;10,7;10,4;71;66;69;89;6,4;3,9;
2026/05/01;0200 UTC;0;984,6;984,7;984,3;0;15,5;10,5;16,8;14,1;10,7;10,2;81;69;75;49;5,6;4,6;
2026/05/01;0300 UTC;0;984,5;984,7;984,3;0;14,4;10,1;14,9;14;10,3;10;81;76;79;37;6,6;4,9;
2026/05/01;0400 UTC;0;984,7;984,8;984,5;0;13,9;10;14,4;13,5;10,1;9,8;82;78;80;31;5,2;4,1;
2026/05/01;0500 UTC;0;984,5;984,8;984,4;0;13,7;9,6;14,3;13,3;10;9,3;83;77;79;33;5,8;4,8;
2026/05/01;0600 UTC;0;984,3;984,5;984;0;13,4;9,2;13,7;13,1;9,4;9;81;77;79;31;6,7;5,2;
2026/05/01;0700 UTC;0;984;984,1;983,7;0;13,4;9,1;13,7;13,2;9,5;9;80;77;78;54;5,5;4,3;
2026/05/01;0800 UTC;0;983,5;983,8;983,4;0;13,8;9,6;14,2;13,4;9,9;9,4;80;78;79;61;5,6;4,3;
2026/05/01;0900 UTC;0;983;983,4;982,3;0;13,3;10,2;14;12,8;10,6;9,7;89;79;85;76;7;5,1;
2026/05/01;1000 UTC;0;982,7;982,8;982,3;0;13,1;10,3;13,6;12,7;10,7;10,1;89;83;86;72;5,4;4,2;
2026/05/01;1100 UTC;0;982,5;982,8;982,3;129,4;13,5;10,1;14,1;13,1;10,6;9,9;85;82;83;45;5,7;4,3;
2026/05/01;1200 UTC;0;982,1;982,6;981,8;192,1;13,9;10,2;14,3;13,6;10,4;10;82;80;81;52;6,5;4,7;
2026/05/01;1300 UTC;0;982,3;982,9;981,8;187,2;14,5;10,6;15;14;11;10,2;82;79;81;43;5,2;3,8;
2026/05/01;1400 UTC;2,2;983,9;984,6;982,9;24,3;14,3;12,1;15,2;13,9;12,8;10,8;93;79;89;307;6;3,9;
2026/05/01;1500 UTC;3,8;983,6;984,6;982,9;20;14,6;13,4;15,9;13,6;14,5;12,5;99;92;94;159;6;4,3;
2026/05/01;1600 UTC;4,6;983,3;984,4;981,8;42,4;13,8;13,9;14,6;13,4;14,6;13,4;100;99;100;39;6,4;4,8;
2026/05/01;1700 UTC;,2;980,9;981,9;980,1;478;15,1;15,1;15,9;14,4;15,9;14,4;100;100;100;37;7,3;5,6;
2026/05/01;1800 UTC;0;979,6;980,2;978,7;248,6;15,7;15,7;16;15,4;16;15,4;100;100;100;19;9,4;7;
2026/05/01;1900 UTC;,6;978,7;979,2;978,1;207,5;16;16;16,5;15,7;16,5;15,8;100;100;100;21;8,5;6,6;
2026/05/01;2000 UTC;0;978,4;978,9;977,7;260,7;16,6;16,6;16,8;16,4;16,8;16,4;100;100;100;118;9,6;6,6;
2026/05/01;2100 UTC;,8;978,5;979,2;977,8;22,3;16,7;16,7;17;16,6;17,1;16,6;100;100;100;97;8,2;5,5;
2026/05/01;2200 UTC;,2;978,5;978,9;977,8;,1;16,9;16,9;17,1;16,7;17,1;16,7;100;100;100;337;8,7;5,7;
2026/05/01;2300 UTC;0;978,7;979,3;978,2;0;17,1;17,2;17,4;17;17,4;17,1;100;100;100;338;7,7;5,5;
2026/05/02;0000 UTC;0;979,5;979,7;979,1;0;17,3;17,3;17,7;17,2;17,8;17,2;100;100;100;338;6,1;4,3;
2026/05/02;0100 UTC;,2;979,8;980,1;979,6;0;17,4;17,5;17,7;17,4;17,7;17,4;100;100;100;317;6,5;4,9;
2026/05/02;0200 UTC;0;979,9;980,3;979,5;0;17,7;17,7;17,9;17,5;18;17,5;100;100;100;299;6,6;5;
2026/05/02;0300 UTC;,2;980,2;980,4;979,8;0;17,8;17,8;17,9;17,7;17,9;17,8;100;100;100;293;5,9;4,2;
2026/05/02;0400 UTC;,2;980,4;980,5;980,2;0;17,9;17,9;18,2;17,8;18,2;17,8;100;100;100;274;6;3,6;
2026/05/02;0500 UTC;,2;980,9;981,1;980,5;0;17,6;17,6;17,9;17,3;18;17,3;100;100;100;242;8;3,8;
2026/05/02;0600 UTC;0;981,4;981,7;981,1;0;16,9;16,9;17,3;16,7;17,3;16,7;100;100;100;223;9,5;6,4;
2026/05/02;0700 UTC;0;981,7;981,8;981,5;0;16,7;16,7;16,8;16,5;16,9;16,6;100;100;100;218;11,3;7,1;
2026/05/02;0800 UTC;0;982;982,4;981,6;0;16,4;16,4;16,7;16,2;16,7;16,2;100;100;100;221;9,6;6,9;
2026/05/02;0900 UTC;0;982,5;982,8;982,2;0;16;16;16,4;15,8;16,4;15,8;100;100;100;220;8,8;5,7;
2026/05/02;1000 UTC;0;983,2;984,1;982,5;0;15,6;15,6;15,8;15,4;15,9;15,4;100;100;100;219;9,8;6,7;
2026/05/02;1100 UTC;0;984,7;985,3;984,1;8,4;15,3;15,3;15,8;15;15,8;15,1;100;100;100;198;10,4;5,9;
2026/05/02;1200 UTC;,2;986;986,6;985,3;101,5;15,1;15,1;15,5;15;15,5;15,1;100;100;100;207;7,9;5,1;
2026/05/02;1300 UTC;0;987,4;988;986,7;1072,4;15,1;13,7;15,9;14,4;15,3;12;100;83;93;187;11,3;5,8;
2026/05/02;1400 UTC;0;988,5;988,8;988;1630;15,9;12,1;17,1;15,1;13,2;11;85;74;81;180;9,5;4,7;
2026/05/02;1500 UTC;0;988,9;989;988,8;2001,8;16,7;11,6;17,4;15,4;12,4;10,8;82;69;75;206;9,9;6,7;
2026/05/02;1600 UTC;0;989,2;989,5;989;2212,6;16,3;8,8;16,8;15,5;11,6;6,3;75;50;62;204;12,3;7,4;
2026/05/02;1700 UTC;0;989,5;989,8;989,3;2517,7;16,4;6,8;16,8;16,2;7,6;6,1;56;48;52;225;11,3;6,6;
2026/05/02;1800 UTC;0;989,8;990;989,6;2142,9;16,1;5,1;16,4;15,9;6,7;3,8;52;39;45;216;11,1;6,6;
2026/05/02;1900 UTC;0;990;990,2;989,8;1546,2;15,7;3,8;16;15,4;4,5;3,3;44;38;41;211;12,3;7,7;
2026/05/02;2000 UTC;0;990,3;990,6;990;747,9;15;3,7;15,5;14,4;4,2;3,2;48;40;43;214;8,6;5,9;
2026/05/02;2100 UTC;0;991;991,6;990,5;201,6;13,1;3,7;14,4;11,5;4,2;3,4;61;47;53;207;5,8;4,2;
2026/05/02;2200 UTC;0;992,1;992,6;991,5;0;10,8;3,4;11,3;10,3;3,7;2,8;65;60;63;219;7,2;5;
2026/05/02;2300 UTC;0;993;993,4;992,6;0;10,2;2,7;10,6;9,9;3;2,2;65;60;63;223;7,4;4,7;
2026/05/03;0000 UTC;0;993,7;994;993,4;0;9,5;2,4;10,2;8,8;2,5;2,2;68;60;65;216;6,3;4,8;
2026/05/03;0100 UTC;0;994,3;994,4;994;0;8,5;2,5;8,8;8,3;2,8;2,4;71;68;70;217;6,6;4,9;
2026/05/03;0200 UTC;0;994,3;994,4;994,2;0;8;2,6;8,4;7,6;3;2,5;75;71;73;211;7,3;5,5;
2026/05/03;0300 UTC;0;994,3;994,5;994,1;0;6,8;2,7;7,6;6,4;2,8;2,6;82;76;80;203;6,7;4,6;
2026/05/03;0400 UTC;;;;;;;;;;;;;;;;;;
2026/05/03;0500 UTC;0;994,1;994,3;994;0;6,5;3;6,9;6,1;3,5;2,8;85;80;82;197;5,2;3,1;
2026/05/03;0600 UTC;0;993,9;994,1;993,7;0;6,3;3,1;6,8;6;3,2;2,9;86;81;84;207;5,6;4,4;
2026/05/03;0700 UTC;0;993,6;993,8;993,5;0;6,8;2,8;7,1;6,7;3,1;2,7;81;79;80;210;6,1;4,9;
2026/05/03;0800 UTC;0;993,4;993,5;993,3;0;6,8;2,9;7;6,6;3,1;2,8;82;79;81;214;5,4;4,5;
2026/05/03;0900 UTC;0;993,4;993,5;993,2;0;6,5;2,9;6,8;6,3;3;2,8;83;81;82;206;5,8;4,2;
2026/05/03;1000 UTC;0;993,3;993,4;993,2;0;6,2;2,8;6,6;5,9;2,9;2,8;84;82;83;202;5;3,4;
2026/05/03;1100 UTC;0;993;993,3;992,8;142,3;6,5;2,7;7,3;5,8;3;2,6;85;78;81;187;4,5;2,9;
2026/05/03;1200 UTC;0;992,7;992,8;992,6;789,4;8,4;3,5;9,2;7,3;4,4;2,9;78;73;75;168;3,7;2,2;
2026/05/03;1300 UTC;0;993;993,3;992,7;1483,2;10,6;4,7;11,7;9,4;5,3;4,1;75;66;70;160;3,5;1,8;
2026/05/03;1400 UTC;0;993,1;993,2;992,9;2064,1;12,3;5,1;13,5;11,3;6;4,5;69;58;64;146;3,7;1,8;
2026/05/03;1500 UTC;0;992,7;993;992,3;2462;13,9;4,9;14,8;13,1;6;4,1;63;50;55;95;6,2;2,6;
2026/05/03;1600 UTC;0;991,9;992,3;991,3;2605,8;14,8;4,9;15,6;14,2;6,2;3,6;55;46;50;55;5;2,2;
2026/05/03;1700 UTC;0;990,5;991,3;989,7;2493,8;15,6;5,2;16,3;15;6,1;4,1;54;43;48;42;4,8;3,2;
2026/05/03;1800 UTC;0;989,2;989,7;988,8;2146,2;16,4;5,4;17;15,9;6,4;4,5;50;41;45;65;4,5;2,5;
2026/05/03;1900 UTC;0;988,5;988,8;988,2;1494,5;16,9;5,8;17,4;16,5;6,7;5,1;49;42;45;76;4,1;2,8;
2026/05/03;2000 UTC;0;988;988,2;987,8;714,9;16,7;5,2;17,1;16,3;6,2;4,4;47;39;43;52;3;1,9;
2026/05/03;2100 UTC;0;987,5;987,8;987,3;195,9;15,7;5,2;16,4;14,7;6;4,1;52;43;48;84;3;1,8;
2026/05/03;2200 UTC;0;987,4;987,5;987,3;0;14,1;3,9;14,7;13,6;4,4;3,7;52;46;49;72;4,2;3,3;
2026/05/03;2300 UTC;0;987,4;987,6;987,3;0;13,5;3,7;14,1;12,9;3,9;3,4;54;48;51;63;5,8;3,7;
2026/05/04;0000 UTC;0;987,5;987,8;987,4;0;11,7;3,7;13,2;10,6;3,9;3,5;66;52;60;20;3,8;2,8;
2026/05/04;0100 UTC;0;987,9;988,1;987,8;0;10,4;4;10,8;10,1;4,1;3,9;69;66;68;16;2,8;2,5;
2026/05/04;0200 UTC;0;987,9;988;987,7;0;9,9;4,2;10,2;9,6;4,5;3,9;73;69;71;44;3,6;2,5;
2026/05/04;0300 UTC;0;987,5;987,8;987,3;0;9,5;4,5;10;9;4,8;4,4;78;73;75;25;4,8;3,2;
2026/05/04;0400 UTC;0;987;987,4;986,7;0;8,9;4,7;9,2;8,6;5,2;4,5;81;78;79;54;5,3;4,1;
2026/05/04;0500 UTC;0;986,3;986,6;986;0;8,4;4,7;9;7,9;5;4,5;85;80;82;50;6,4;5,2;
2026/05/04;0600 UTC;0;985,7;986,1;985,3;0;8;5,2;8,3;7,8;5,7;4,8;87;85;86;39;6,1;4,8;
2026/05/04;0700 UTC;0;985,1;985,5;984,6;0;7,9;5,6;8,4;7,6;6;5,4;90;87;88;39;6;5,1;
2026/05/04;0800 UTC;0;984,4;984,6;984;0;7,7;5,7;8;7,5;5,9;5,6;91;89;90;38;5,9;4,8;
2026/05/04;0900 UTC;0;983,9;984,1;983,8;0;7,4;5,8;7,7;7,2;6;5,6;93;91;92;30;5,4;4,5;
2026/05/04;1000 UTC;0;984;984,1;983,9;0;7,6;6,2;8;7,2;6,3;6;95;91;93;29;4,4;4;
2026/05/04;1100 UTC;0;984,1;984,4;983,8;161,9;8;6,6;8,9;7,2;6,8;6,3;96;89;93;28;4,7;3,4;
2026/05/04;1200 UTC;0;984,3;984,4;984;802,6;10,2;7,3;11,3;9;7,9;6,7;89;82;85;23;7,4;4,8;
2026/05/04;1300 UTC;0;984,2;984,5;984;1440;12,2;8,3;13,1;11,2;8,9;7,5;83;77;80;71;5,5;4,1;
2026/05/04;1400 UTC;0;984,6;984,8;984,4;1917,1;14,3;9,3;15,3;13,2;10;8,6;79;71;75;62;6,5;5,1;
2026/05/04;1500 UTC;0;984,4;984,7;984;2379,1;17,3;10,8;18,8;15,4;12,2;9,9;73;61;67;301;4,4;3;
2026/05/04;1600 UTC;0;983,8;984,1;983,4;2197,3;19,4;11,7;20,2;18,3;12,6;10,9;66;57;62;261;5,4;3,6;
2026/05/04;1700 UTC;0;982,7;983,4;982,1;2035,9;20,3;11,9;20,9;19,5;12,6;11,2;62;54;58;278;5,8;3,7;
2026/05/04;1800 UTC;0;981,3;982,1;980,9;2042,7;21,4;11,7;21,8;20,9;12,6;11,1;58;48;52;321;8,2;5,6;
2026/05/04;1900 UTC;0;981,1;981,3;980,9;1423,1;21,8;11,3;22;21,6;12,4;10,4;52;44;47;324;7,2;4,3;
2026/05/04;2000 UTC;0;981,1;981,3;981;744,7;21,6;11,4;21,8;21,2;11,8;10,7;52;46;49;328;4,7;3,4;
2026/05/04;2100 UTC;0;981,2;981,5;981;169,1;19,9;11,3;21,2;19,2;11,8;10,9;60;49;57;305;3;1,8;
2026/05/04;2200 UTC;0;981,6;982;981,3;0;18,7;10,7;19,4;18,2;11,1;10,5;62;58;60;310;4,7;3,5;
2026/05/04;2300 UTC;0;982,1;982,2;981,9;0;19;10,7;19,3;18,4;11,1;10,5;62;56;59;318;5,5;4,3;
2026/05/05;0000 UTC;0;982,2;982,4;982,1;0;18,1;11,2;18,6;17,8;11,7;10,8;68;62;65;321;5,3;4,3;
2026/05/05;0100 UTC;0;982,6;982,8;982,5;0;18,6;12,5;18,9;18,1;13;11,7;73;67;70;329;5,6;4;
2026/05/05;0200 UTC;0;982,9;983,1;982,7;0;17,7;12,9;18,3;17,5;13,6;12,7;79;73;76;334;6,9;3,6;
2026/05/05;0300 UTC;0;983;983,2;982,9;0;18;14;18,6;17,7;14,6;13,6;82;77;80;338;7,1;5,3;
2026/05/05;0400 UTC;0;983,2;983,3;983;0;18,4;14,7;18,8;18,2;14,9;14,4;82;80;81;330;7,2;4,3;
2026/05/05;0500 UTC;0;983,2;983,3;983,1;0;18,1;14,8;18,5;17,6;15,1;14,6;86;82;84;330;6,8;4,6;
2026/05/05;0600 UTC;0;983,1;983,2;982,9;0;16,9;14,6;17,6;16,2;15,4;14;91;86;88;340;4,8;3,7;
2026/05/05;0700 UTC;0;982,8;982,9;982,7;0;17,2;15,3;17,7;16,7;15,7;15;93;89;90;56;4,2;3,5;
2026/05/05;0800 UTC;0;982,8;982,9;982,7;0;16,6;15,3;17,1;16,3;15,6;14,9;95;92;93;15;4,2;3,3;
2026/05/05;0900 UTC;0;983;983,1;982,9;0;16,2;15,4;16,4;15,9;15,9;15,1;97;94;96;311;5,3;3,4;
2026/05/05;1000 UTC;0;983,5;983,7;983,1;0;16,5;16,1;17;16,1;16,8;15,5;99;96;98;338;4,3;3,2;
2026/05/05;1100 UTC;0;984;984,3;983,7;50,2;16,8;16,6;17,5;16,2;17,5;15,9;100;98;99;331;4,7;3,8;
2026/05/05;1200 UTC;0;984,6;984,9;984,2;246,5;18,3;18,2;19,2;17,4;19;17,4;100;98;100;335;5,7;4,2;
2026/05/05;1300 UTC;0;985,1;985,3;984,8;676,2;19,9;19;20,3;19;19,3;18,7;99;92;95;334;5,9;3,9;
2026/05/05;1400 UTC;0;985,3;985,5;985,1;1080,6;21,3;19,1;22,2;20,2;19,5;18,8;93;85;89;89;4,9;3,8;
2026/05/05;1500 UTC;0;985;985,3;984,7;2024,1;23,2;20;25,1;20,8;21,1;19;92;77;84;212;6,6;3,9;
2026/05/05;1600 UTC;0;984,4;984,8;984;2388,3;26,3;21,4;27,7;25,2;22,3;20,8;79;70;75;319;8,4;5,2;
2026/05/05;1700 UTC;0;983,8;984;983,5;2251,4;27,2;21,6;28;26,6;22,5;21,2;74;69;72;317;8,6;5,6;
2026/05/05;1800 UTC;0;983,4;983,6;983,3;856,6;26,5;21,3;27,1;26,3;21,8;20,9;76;72;74;314;6,9;4,7;
2026/05/05;1900 UTC;0;983,2;983,4;983;1111,6;27,3;21,2;27,9;26,4;21,6;20,9;73;66;69;327;6,5;4,8;
2026/05/05;2000 UTC;0;983,1;983,2;983;589,6;27,5;21,1;27,7;27,2;21,3;20,8;70;67;68;325;5,4;3,5;
2026/05/05;2100 UTC;0;982,9;983,1;982,9;144,1;26,1;21;27,4;24,9;21,3;20,5;79;69;74;263;2,1;1,7;
2026/05/05;2200 UTC;0;983,3;983,5;983,1;0;24,4;20,3;24,7;24,2;20,5;20,2;80;79;79;28;2,3;2;
2026/05/05;2300 UTC;0;983,8;984;983,4;0;24,4;20,2;24,7;24,3;20,3;20,1;79;78;79;76;3,6;2,7;
2026/05/06;0000 UTC;0;983,9;984,1;983,7;0;23,1;20,4;24,3;22;20,8;20;94;79;86;113;6,5;4,5;
2026/05/06;0100 UTC;1,8;984;984,5;983,7;0;21,6;20,7;22;21,5;20,9;20,6;97;93;95;109;3,4;2;
2026/05/06;0200 UTC;,4;984,7;985,4;984,1;,2;20,6;20,1;21,5;18,9;21;17,3;100;92;97;35;11,6;7,5;
2026/05/06;0300 UTC;0;984,2;984,9;983,8;0;19,2;15,9;20;18,5;17,3;14,7;92;75;83;48;5,7;3,7;
2026/05/06;0400 UTC;1,6;985;985,5;984,4;0;18,6;17,4;19,5;18;19,1;15,5;99;86;94;48;6,3;4,3;
2026/05/06;0500 UTC;,2;985,3;985,5;985,1;0;20;18,6;20,6;19,5;19;17,8;97;87;93;61;5,8;4;
2026/05/06;0600 UTC;,2;984,6;985,4;984,1;0;20,3;18,7;20,9;19,4;19,5;18,1;99;87;92;26;6,3;4,3;
2026/05/06;0700 UTC;0;984,3;984,7;984;0;20;19,1;21;19,3;19,4;19;100;90;96;40;4,3;2,6;
2026/05/06;0800 UTC;0;983,6;984,4;983,1;0;21,5;19,3;21,9;21;19,7;19,1;91;88;89;13;4,6;2,6;
2026/05/06;0900 UTC;8,4;983,9;984,6;983,1;0;21,1;19,7;21,4;20,7;20,4;19,3;98;90;93;304;8,6;5,8;
2026/05/06;1000 UTC;0;983,6;984,5;983,1;0;20,7;19,3;21;20,1;20,4;18;98;87;93;330;5,6;3,9;
2026/05/06;1100 UTC;0;983,4;983,7;983;64,5;20,2;18,7;21,2;19,4;19,7;18,3;99;86;92;340;5,9;4,4;
2026/05/06;1200 UTC;0;982,9;983,1;982,4;655;21,4;20;22,5;19,9;20,3;19,7;99;87;93;311;11,2;7,6;
2026/05/06;1300 UTC;0;983,9;984,4;983;1288,2;24;20,3;25,7;22,1;21,1;19,8;89;73;81;198;2,1;,8;
2026/05/06;1400 UTC;0;984,4;984,5;984,1;1809,7;26,1;21;27,3;25,5;21,9;20,2;79;69;74;313;4,6;2,9;
2026/05/06;1500 UTC;0;983,6;984,2;983;2110,3;27,2;21,2;27,8;26,8;22;20,7;72;67;70;272;6,6;4,3;
2026/05/06;1600 UTC;0;982,3;983;981,4;1973,4;27,8;21,4;28,7;26,9;22,8;20,5;74;64;68;275;9,4;5,7;
2026/05/06;1700 UTC;0;980,7;981,4;980,2;1854,8;28,3;21,5;29,2;27,5;22,1;21;69;61;66;322;9,4;6,1;
2026/05/06;1800 UTC;0;979,8;980,2;979,3;1906,6;29,3;21,5;29,8;29,1;22,5;20,7;66;56;61;327;10,5;6,8;
2026/05/06;1900 UTC;0;979;979,4;978,7;1331,3;29,3;20,6;29,4;28,9;21,2;20,2;59;55;57;323;10,3;6,4;
2026/05/06;2000 UTC;0;978,8;978,9;978,7;519,1;28,5;20,5;29;27,7;20,9;20;64;58;60;325;7,2;4,9;
2026/05/06;2100 UTC;0;978,9;979;978,7;166,2;26,8;20;27,8;25,2;20,3;19,7;73;62;66;277;4,6;3,2;
2026/05/06;2200 UTC;0;978,8;978,9;978,7;0;24,8;19,6;25,6;24;19,9;19,4;77;71;74;15;5,4;4,2;
2026/05/06;2300 UTC;0;978,9;979,1;978,7;0;23,5;19,6;24;23;19,7;19,4;84;77;80;18;5,4;4,1;
2026/05/07;0000 UTC;0;979,1;979,2;979,1;0;23;20,1;23,3;22,7;20,5;19,7;88;83;85;15;5,2;4;
2026/05/07;0100 UTC;0;979;979,1;978,8;0;22,5;20,4;22,8;22,2;20,7;20,3;91;88;89;19;5,5;4;
2026/05/07;0200 UTC;0;978,6;978,8;978,2;0;22,2;20,4;22,5;22;20,7;20,3;92;90;91;24;5,8;4,4;
2026/05/07;0300 UTC;0;977,6;978,3;976,6;0;22,1;20,4;22,6;21,9;20,6;20,1;93;88;91;51;8,9;6,4;
2026/05/07;0400 UTC;0;975,9;976,6;974,9;0;22,6;19,7;22,9;22,5;20,1;19,5;88;83;86;48;11,2;8,4;
2026/05/07;0500 UTC;,2;974,4;974,9;973,9;0;22,8;19,5;23,3;22,7;19,9;19,2;84;81;83;188;13,6;9,8;
2026/05/07;0600 UTC;0;973,1;973,9;972,1;0;23,4;19,1;24;23,1;19,4;18,9;81;76;79;247;15;10,2;
2026/05/07;0700 UTC;0;971,7;972,2;971,3;0;23,8;18,7;23,9;23,6;19;18,6;77;73;75;306;14,9;9,7;
2026/05/07;0800 UTC;0;972,3;972,6;971,9;0;23,8;18,6;24;23,7;18,7;18,5;74;73;74;324;11,1;6,7;
2026/05/07;0900 UTC;0;972,1;972,5;971,9;0;24,1;18,4;24,5;23,9;18,8;18,1;73;69;72;328;12,5;7,9;
2026/05/07;1000 UTC;0;971,6;972;971;0;24,1;18,2;24,3;23,9;18,4;18,1;72;69;71;251;12,3;9;
2026/05/07;1100 UTC;0;971,1;971,4;970,7;26,6;24;18,3;24,1;23,8;18,4;18,1;72;71;71;306;12,9;8,6;
2026/05/07;1200 UTC;0;971;971,2;970,6;91,1;24;18,1;24,1;23,8;18,2;18;71;70;70;333;14,9;9,2;
2026/05/07;1300 UTC;0;970,6;971,1;970,2;69,4;23,8;18;24,1;23,7;18,3;17,8;72;69;71;327;9,6;5,5;
2026/05/07;1400 UTC;0;970,2;970,6;969,9;58,1;23,3;18;23,8;23,1;18,3;17,8;75;70;73;306;6,1;3,3;
2026/05/07;1500 UTC;0;969;970;968,2;104,6;23,1;18;23,4;22,8;18,5;17,8;76;73;75;52;10,4;6;
2026/05/07;1600 UTC;0;967,3;968,2;966,6;121,4;24,3;18,2;25,2;23,3;18,6;18;74;67;69;288;15;8,9;
2026/05/07;1700 UTC;0;967;968,1;966,1;78;23,9;17,6;26,2;18,6;18,4;16;87;60;69;222;11,3;5,9;
2026/05/07;1800 UTC;8,8;968,5;969,7;966,9;21,9;16,5;15,8;18,5;15,5;16,1;15,5;100;87;97;180;14,4;9;
2026/05/07;1900 UTC;15,8;969,7;970,4;968,2;7,8;15,9;15,9;16,1;15,5;16,2;15,5;100;100;100;136;8,6;4,1;
2026/05/07;2000 UTC;7,6;969,4;970,3;968,5;1,8;16,1;16,1;16,3;15,9;16,3;16;100;100;100;120;9,6;6,2;
2026/05/07;2100 UTC;10;968,7;969,8;968,2;0;16,1;16,2;16,4;16,1;16,5;16,1;100;100;100;77;5,8;3,9;
2026/05/07;2200 UTC;1,8;967,5;968,9;965,3;0;16,3;16,3;16,4;16,1;16,4;16,2;100;100;100;26;5,3;3,4;
2026/05/07;2300 UTC;,6;968,2;969,4;967,5;0;16,6;16,6;16,8;16,4;16,8;16,4;100;100;100;305;6,2;3,5;
2026/05/08;0000 UTC;1,4;969,1;969,7;968,5;1,4;16;16;17,1;14,7;17,1;14,7;100;100;100;222;17,2;10;
2026/05/08;0100 UTC;,2;969;969,9;968,1;0;14,8;14,8;14,9;14,7;14,9;14,7;100;100;100;221;11,5;8,5;
2026/05/08;0200 UTC;,2;968,3;968,9;967,9;0;14,6;14,1;15,2;14,1;15,2;13,1;100;94;98;230;9,3;4,1;
2026/05/08;0300 UTC;3,4;970,5;972;968,9;0;13,9;13,7;14,5;13,3;14,5;12,9;100;97;99;278;10,7;6,9;
2026/05/08;0400 UTC;,6;970,8;971,6;970,1;,1;12,7;12,4;13,2;11,7;12,9;11,2;100;97;98;253;10,3;3,8;
2026/05/08;0500 UTC;,8;971,9;972,4;971,3;,1;11,1;10,5;11,7;10,7;11,2;10;98;96;97;268;10,4;6,1;
2026/05/08;0600 UTC;0;971,8;972,2;971,5;0;10,7;9,7;11;10,6;10;9;97;92;95;274;10,7;6,7;
2026/05/08;0700 UTC;0;971,4;971,7;971;0;10,3;9,1;10,6;10,1;9,4;8,6;95;92;94;298;10;6,8;
2026/05/08;0800 UTC;0;971,3;971,6;970,9;0;9,8;8,2;10,1;9,6;8,7;7,9;93;91;92;298;11,1;7,5;
2026/05/08;0900 UTC;0;971,6;971,8;971,2;0;10;8,6;10,4;9,8;9,1;7,9;95;90;93;302;13,4;9,2;
2026/05/08;1000 UTC;0;972,1;972,4;971,6;0;9,7;8,7;10,1;9,6;9,2;8,5;96;94;95;306;11,2;7,6;
2026/05/08;1100 UTC;0;972,7;973,2;972,1;26;9,8;7,5;10,3;9,3;8,6;6,2;94;85;89;284;13;8,7;
2026/05/08;1200 UTC;0;973,4;973,6;972,8;253,6;9,2;6,2;9,3;9;6,5;5,9;87;83;85;290;11,8;7,5;
2026/05/08;1300 UTC;;;;;;;;;;;;;;;;;;
2026/05/08;1400 UTC;0;974,9;975,2;974,6;1329,7;10,6;4,5;11,4;9,9;5,1;3,8;76;64;70;294;15;10;
2026/05/08;1500 UTC;,2;974,7;975;974,2;2094;11,9;3,7;12,7;10,9;4,6;2,6;66;54;59;301;17;11,7;
2026/05/08;1600 UTC;0;974,3;974,6;973,5;2270,6;12,6;2,3;13,3;11,9;3,8;,9;58;41;48;298;21,7;13,6;
2026/05/08;1700 UTC;0;974,2;974,5;973,4;2268,4;12,6;1,3;13,1;11,9;2,2;,5;47;38;43;289;15,1;10,7;
2026/05/08;1800 UTC;0;974,4;974,8;973,5;2059,7;12,7;1,6;13;12,4;2,3;,5;48;39;44;281;15,4;9,8;
2026/05/08;1900 UTC;0;974,8;975,2;974,4;1526,5;12,6;2,5;13;12,3;3,3;1,8;53;46;49;292;14,2;8,9;
2026/05/08;2000 UTC;0;975,2;975,9;974,5;426,2;11,2;3,1;12,5;10,5;3,6;2,4;65;51;59;299;12,2;7,9;
2026/05/08;2100 UTC;0;976,3;976,6;975,9;51,8;10,3;3,5;10,5;10;4;3,3;70;64;66;297;8,9;6,3;
2026/05/08;2200 UTC;0;976,6;976,9;976,2;0;9,9;4;10,1;9,7;4,4;3,7;73;69;71;304;7,9;5,3;
2026/05/08;2300 UTC;0;977,2;977,4;976,9;0;9,8;4,6;9,9;9,4;4,7;4,4;76;73;74;309;8,2;5,8;
2026/05/09;0000 UTC;0;978;978,3;977,5;0;8,9;4,5;9,5;8,6;4,7;4,4;80;75;78;307;7,4;5;
2026/05/09;0100 UTC;0;978,8;979,3;978,3;0;8,2;4,4;8,5;7,9;4,6;4,1;82;80;81;307;7,6;4,9;
2026/05/09;0200 UTC;0;979,4;979,7;979,3;0;7,5;4,2;7,8;7,2;4,3;4,1;86;82;83;311;7,1;4,9;
2026/05/09;0300 UTC;0;979,7;979,9;979,5;0;6,7;4,3;7,2;6,3;4,5;4,1;89;85;88;307;7,7;5,2;
2026/05/09;0400 UTC;0;980,2;980,4;979,9;0;6,5;3,7;6,7;6,2;4,2;3,5;88;84;86;300;9;5,8;
2026/05/09;0500 UTC;0;980,4;980,8;980;0;6,5;3;6,8;6,3;3,4;2,8;85;81;82;300;10,1;7,1;
2026/05/09;0600 UTC;0;981,1;981,4;980,6;0;6,1;2,4;6,4;5,6;3;2,1;83;80;82;297;8,6;5,8;
2026/05/09;0700 UTC;0;981,1;981,3;980,9;0;5,4;2;5,8;5;2,5;1,4;84;81;83;311;7,9;5,1;
2026/05/09;0800 UTC;0;981,1;981,4;980,8;0;4,8;1,5;5,1;4,5;1,7;1,3;85;82;84;311;7,8;5;
2026/05/09;0900 UTC;0;981,4;982;981;0;4,9;,9;5,4;4,6;1,7;,6;83;78;80;314;8,5;5,6;
2026/05/09;1000 UTC;0;981,8;982,1;981,5;0;4,4;,9;4,7;4,2;1,4;,6;85;80;83;309;7,6;5,6;
2026/05/09;1100 UTC;0;982,2;982,4;981,8;56,3;3,8;1;4,6;3,2;1,7;,7;90;83;86;323;7;4,6;
2026/05/09;1200 UTC;0;982,2;982,6;981,9;296,4;4,6;1,1;5;4,2;1,7;,7;85;82;83;315;6,9;4,4;
2026/05/09;1300 UTC;0;982,7;983,1;982,5;1140,1;6,3;1,4;7,7;4,9;2,1;,7;82;67;76;293;10,8;6,8;
2026/05/09;1400 UTC;0;983,3;983,8;983;1572,7;7,8;1,6;8,6;7,2;2,5;,9;73;65;69;283;10;7,1;
2026/05/09;1500 UTC;0;983,8;984,3;983,5;1662,5;8,9;2,5;10,1;7,9;3,5;1,7;72;63;68;285;13,2;9,2;
2026/05/09;1600 UTC;0;984,4;984,7;984,1;821,9;9,3;3,2;9,6;9;3,8;2,3;72;65;69;273;11,6;7,6;
2026/05/09;1700 UTC;0;984,5;984,7;984,2;827,8;9,4;4;9,7;9;4,4;3,4;77;70;73;277;11,3;7,3;
2026/05/09;1800 UTC;0;984,5;984,8;984,1;693,6;9,4;4,8;10;9;5,5;4,2;79;76;77;282;11,6;7,4;
2026/05/09;1900 UTC;0;984,4;984,7;984,2;720,6;10,1;5,5;10,7;9,7;6;5,2;79;74;77;286;12,6;7,6;
2026/05/09;2000 UTC;0;984,7;985;984,4;259,9;9,5;6,5;10,4;9;7,4;5,4;91;76;85;290;10;6,3;
2026/05/09;2100 UTC;0;985,1;985,3;984,9;53,9;9;7,4;9,4;8,7;7,9;7;95;90;92;281;9,9;6,1;
2026/05/09;2200 UTC;0;985,7;986,2;985,3;0;8,7;7,1;8,9;8,6;7,4;6,9;94;90;92;277;7,8;5,1;
2026/05/09;2300 UTC;0;986,5;986,8;986,2;0;8,4;7,3;8,9;8,2;7,7;7;98;91;94;280;7,7;5,3;
2026/05/10;0000 UTC;,4;987,1;987,5;986,7;0;8,2;7,7;8,4;8,1;7,9;7,5;99;96;97;259;8,5;4,2;
2026/05/10;0100 UTC;0;987,9;988,5;987,4;0;8,2;7,2;8,5;8,1;7,6;6,9;97;93;95;272;8,2;5,2;
2026/05/10;0200 UTC;,4;988,9;989,2;988,5;0;8,1;7,5;8,6;7,9;7,8;7,1;99;94;97;258;6,7;3,8;
2026/05/10;0300 UTC;0;989,3;989,6;989,1;0;7,9;7,3;8,1;7,9;7,7;7;98;96;97;267;6,6;3,9;
2026/05/10;0400 UTC;0;989,4;989,6;989,3;0;7,7;6,9;8,1;7,3;7,3;6,6;97;96;96;268;6,7;4;
2026/05/10;0500 UTC;0;989,5;989,6;989,4;0;7,6;6,7;8;7,4;7,1;6,6;97;95;96;259;8,1;3,5;
2026/05/10;0600 UTC;0;989,5;989,7;989,3;0;7,4;6,5;7,8;7,2;7,1;6,1;96;94;95;263;7,9;3,5;
2026/05/10;0700 UTC;0;989,4;989,5;989,3;0;7,2;6,3;7,4;7,1;6,6;6,1;97;94;96;262;8,6;4,2;
2026/05/10;0800 UTC;0;989;989,3;988,7;0;6,7;6;7,1;6,4;6,2;5,7;97;96;96;246;7,7;3;
2026/05/10;0900 UTC;0;989;989,2;988,8;0;6,6;5,9;6,8;6,4;6,2;5,7;97;96;97;246;6,1;3,5;
2026/05/10;1000 UTC;0;989,3;989,5;989;0;6,2;5,7;6,5;6;6,1;5,6;98;96;97;255;6,9;3,6;
2026/05/10;1100 UTC;0;989,8;990;989,4;64,6;6,6;4,9;6,8;6,5;5,6;4,6;96;89;91;264;6,8;3,3;
2026/05/10;1200 UTC;0;990,5;990,8;990;305,8;7,1;5,2;7,5;6,8;5,7;4,4;92;87;90;278;6,3;4;
2026/05/10;1300 UTC;0;990,7;990,8;990,5;862,9;8;4,3;8,8;7,3;5,4;3,2;90;73;81;249;9,9;5,1;
2026/05/10;1400 UTC;,2;990,5;990,7;990;1604,2;9,2;3,3;9,6;8,8;4,1;2;76;65;70;233;13;7;
2026/05/10;1500 UTC;0;990;990,2;989,6;2297,4;10,3;2,8;11,1;9,3;3,7;2,2;68;57;63;268;10,9;6,5;
2026/05/10;1600 UTC;0;989,3;989,8;988,8;1630,7;10,2;2,7;11,2;9,6;3,4;2,2;66;57;62;266;10,9;6,2;
2026/05/10;1700 UTC;0;988,3;988,9;987,7;2247,2;11,1;3,2;12;10,3;4,2;2,3;64;57;60;270;9,3;6,3;
2026/05/10;1800 UTC;0;987,8;988,1;987,4;1996,8;11,9;3,5;12,1;11,5;4,2;3;61;56;58;271;11,6;7,4;
2026/05/10;1900 UTC;0;987,8;988,1;987,5;1437,5;11,9;3;12,2;11,6;3,6;2,5;58;54;56;267;9,7;6,3;
2026/05/10;2000 UTC;0;988,4;988,5;987,9;592,8;11,5;2,7;12,1;11;3,4;2,2;59;54;56;262;9,1;5,1;
2026/05/10;2100 UTC;0;988,7;989;988,4;129,6;10,2;2,4;10,9;9,3;2,6;2,2;65;56;61;272;7,9;5,1;
2026/05/10;2200 UTC;0;989,2;989,4;988,8;0;9;2,4;9,5;8,5;2,8;2,2;70;64;67;272;7,1;4,6;
2026/05/10;2300 UTC;0;989,7;990;989,4;0;8,5;2,4;8,8;8,2;2,7;2,3;72;69;70;271;8;4,9;
2026/05/11;0000 UTC;0;990,2;990,3;989,9;0;8,3;2,4;8,6;8;2,6;2,2;72;69;71;272;7,3;5;
2026/05/11;0100 UTC;0;990,2;990,3;990;0;8;2,1;8,2;7,9;2,3;2;72;69;70;270;7,6;5,2;
2026/05/11;0200 UTC;0;989,9;990,1;989,6;0;7,9;2;8,1;7,7;2,2;1,9;71;69;70;271;9,1;5,9;
2026/05/11;0300 UTC;0;989,5;989,8;989,2;0;7,9;2;8,3;7,7;2,4;1,8;71;70;71;269;7,4;4,9;
2026/05/11;0400 UTC;0;989,3;989,4;989,1;0;7,3;1,9;7,9;6,3;2;1,8;78;70;73;281;6,4;4,9;
2026/05/11;0500 UTC;0;989,4;989,5;989,2;0;4,8;2,2;6,1;4,4;2,5;1,9;90;79;87;297;6,8;4,8;
2026/05/11;0600 UTC;0;989,1;989,3;988,8;0;4,5;2,2;4,7;4,3;2,5;1,9;90;86;89;289;6;4,5;
2026/05/11;0700 UTC;0;988,7;988,9;988,5;0;4,6;1,7;5;4,3;2;1,6;87;84;85;277;6,1;4,1;
2026/05/11;0800 UTC;0;988,5;988,5;988,2;0;6,4;1,3;7,8;4,4;1,7;1,1;86;67;74;235;10,3;5,9;
2026/05/11;0900 UTC;0;988,5;988,7;988,3;0;7,1;1,3;7,6;6,6;1,7;1,1;74;68;71;232;9,4;5,5;
2026/05/11;1000 UTC;0;988,9;989;988,7;0;6,4;1,5;6,7;6,1;1,7;1,4;78;74;76;233;7,3;4,8;
2026/05/11;1100 UTC;0;989;989,1;988,8;112,4;6,1;1,6;6,3;5,9;1,9;1,6;79;77;78;232;8,9;5,7;
2026/05/11;1200 UTC;;;;;;;;;;;;;;;;;;
2026/05/11;1300 UTC;0;989,7;990;989,6;1380,5;9;3,5;9,8;8;4,1;2,9;75;70;73;229;7,3;5,2;
2026/05/11;1400 UTC;0;990;990,1;989,8;1939,3;10,5;4,4;11,4;9,7;5,5;3,7;72;65;70;242;6,6;3,4;
2026/05/11;1500 UTC;0;989,9;990,1;989,5;2314,6;12,1;4,4;13;11,4;5,3;3,5;69;55;62;258;6,6;3,6;
2026/05/11;1600 UTC;0;989,3;989,6;989;2452,3;12,9;4,3;13,4;12,4;4,9;3,6;61;53;57;249;6,1;3,5;
2026/05/11;1700 UTC;0;988,7;989;988,3;2342,4;13,9;4,5;14,5;13,3;5,3;3,7;58;47;53;252;8,2;3,9;
2026/05/11;1800 UTC;0;988,2;988,4;988;1989,3;14,5;4,3;15,3;13,9;5,2;3,2;52;46;49;248;7,1;3,5;
2026/05/11;1900 UTC;0;988;988,1;987,9;1428,5;15;4,6;15,3;14,6;5,4;4;52;45;48;281;7,1;5,3;
2026/05/11;2000 UTC;0;988,2;988,3;987,9;607;14,6;4,3;15,2;14;4,8;3,9;52;46;49;281;7;4,9;
2026/05/11;2100 UTC;0;988,4;988,6;988,3;142,5;13,1;4,1;14,4;12,3;4,6;3,5;57;51;55;272;4,8;2,9;
2026/05/11;2200 UTC;0;988,7;988,8;988,5;0;11,5;3,7;12,3;10,9;3,9;3,5;64;56;61;288;5,3;3,8;
2026/05/11;2300 UTC;0;988,7;988,8;988,6;0;10,9;3,9;11,2;10,5;4,1;3,6;67;63;65;306;5,4;3,9;
2026/05/12;0000 UTC;0;988,8;988,9;988,7;0;10,3;4,3;10,8;10,1;4,6;4,1;71;67;70;293;6,3;4,7;
2026/05/12;0100 UTC;0;988,8;988,9;988,8;0;10,1;4,4;10,3;10;4,5;4,3;72;70;71;294;6,1;4,8;
2026/05/12;0200 UTC;0;989;989,1;988,9;0;9,9;4,2;10,2;9,7;4,7;4,1;73;71;72;296;6,5;4,7;
2026/05/12;0300 UTC;0;988,8;989;988,5;0;9,6;4;10;9,4;4,2;3,8;74;71;72;291;6,4;4,8;
2026/05/12;0400 UTC;0;988,4;988,5;988,2;0;9;3,8;9,7;7,9;4;3,8;80;71;74;310;6,5;4,5;
2026/05/12;0500 UTC;0;988,2;988,3;987,9;0;7,7;4,1;8,1;7,5;4,6;3,9;82;80;82;305;7,4;5,6;
2026/05/12;0600 UTC;0;987,7;988;987,3;0;8;3,7;8,5;7,7;3,9;3,5;80;76;78;299;8,7;6,2;
2026/05/12;0700 UTC;0;986,9;987,3;986,6;0;8,6;3,4;9,3;8,2;3,9;3,2;77;72;74;302;9,9;7,5;
2026/05/12;0800 UTC;0;986,6;986,8;986,3;0;7,7;3,2;8,4;7,5;3,3;3,1;78;74;77;306;9,1;6,2;
2026/05/12;0900 UTC;0;986,8;987;986,5;0;7,4;3,3;7,6;7,1;3,5;3,1;82;78;80;310;8,8;5,9;
2026/05/12;1000 UTC;0;986,9;987;986,8;0;7;3,3;7,3;6,7;3,6;3,2;83;80;82;311;8,3;5,9;
2026/05/12;1100 UTC;0;987,2;987,3;987;105,1;7;3,3;7,3;6,8;3,5;3,2;83;80;82;310;9,2;6,4;
2026/05/12;1200 UTC;0;987,3;987,6;987,1;626,5;7,8;3,6;8,7;7,1;4;3,3;82;76;79;313;10,4;7;
2026/05/12;1300 UTC;0;987,5;987,7;987,3;1338;9,7;4,7;10,9;8,8;5,5;3,7;77;72;75;316;10,4;7,8;
2026/05/12;1400 UTC;0;987,2;987,4;986,9;1899,5;12,2;6;13,1;11;6,6;5,3;74;65;69;314;11;8;
2026/05/12;1500 UTC;0;986,8;987,2;986,2;2276,2;14,5;6,5;15,2;13,2;7,5;5,7;67;56;60;310;12;7,8;
2026/05/12;1600 UTC;0;985,8;986,3;985,2;2405,5;15,9;6,8;16,6;15,2;7,6;6,3;61;51;55;298;11;7,6;
2026/05/12;1700 UTC;0;984,9;985,3;984,5;2298,1;16,8;7,4;17,6;16,3;8,1;6,7;56;51;53;298;9,9;6,9;
2026/05/12;1800 UTC;0;984,2;984,6;983,9;1958,7;17,4;7,8;18;17,1;8,6;7,5;54;50;52;308;11,3;7,1;
2026/05/12;1900 UTC;0;983,5;984;983,1;1407,3;17,5;7,6;17,7;17,3;8,3;7,3;53;49;51;317;11,5;7,2;
2026/05/12;2000 UTC;0;983,1;983,3;982,9;618,3;17,2;7,4;17,6;16,6;7,9;7,1;53;49;51;312;8,4;5,5;
2026/05/12;2100 UTC;0;983,1;983,3;983;137,2;15,5;7;16,6;14,2;7,4;6,8;63;53;58;307;7,6;4,5;
2026/05/12;2200 UTC;0;983,2;983,5;983;0;13,8;6,8;14,2;13,6;7;6,6;66;63;65;298;7,2;5,5;
2026/05/12;2300 UTC;0;983,6;983,9;983,4;0;13,2;6,6;13,7;12,9;6,8;6,5;68;65;67;297;7,8;5,6;
2026/05/13;0000 UTC;0;983,8;984;983,7;0;12,6;6,6;13,2;11,7;6,8;6,5;74;67;70;291;7;5,3;
2026/05/13;0100 UTC;0;984,1;984,3;983,8;0;11,8;6,3;12,4;11,5;6,5;6,2;74;70;73;298;7;5;
2026/05/13;0200 UTC;0;984,7;985,1;984,3;0;11,5;6,5;11,8;11,3;6,8;6,4;76;74;75;297;7,2;5,4;
2026/05/13;0300 UTC;0;984,9;985,1;984,7;0;11,1;6,5;11,8;10,1;6,6;6,4;81;74;77;303;7,5;5,5;
2026/05/13;0400 UTC;0;985,3;985,4;985;0;10,6;6,3;11,2;10,1;6,6;6,2;81;76;79;306;7,9;5,3;
2026/05/13;0500 UTC;0;985,2;985,4;985,1;0;10,7;6,3;10,9;10,5;6,4;6,2;79;77;78;301;6,7;4,3;
2026/05/13;0600 UTC;0;984,9;985,1;984,6;0;10,3;6,2;10,9;9,8;6,4;6,1;81;78;79;305;5,9;3,9;
2026/05/13;0700 UTC;0;984,4;984,7;984,2;0;9,6;6,1;9,9;9,3;6,3;6;84;81;82;293;6,5;4,5;
2026/05/13;0800 UTC;0;984,3;984,4;984,1;0;9,5;6,2;10,1;9;6,5;6,1;86;81;83;278;4,3;2,9;
2026/05/13;0900 UTC;0;984,3;984,7;984;0;9,3;6,4;9,8;8,9;6,7;6,2;87;83;85;273;5;3;
2026/05/13;1000 UTC;0;985;985,3;984,6;0;9,9;6,8;10,2;9,5;7,1;6,5;86;84;84;229;4,5;2,7;
2026/05/13;1100 UTC;0;985,6;986;985,3;86,5;10;7;10,3;9,8;7,2;6,9;86;84;85;227;5,9;4,1;
2026/05/13;1200 UTC;0;986,4;986,8;986;588,3;10,2;7,2;10,4;10,1;7,5;7,1;86;84;85;212;7;4,8;
2026/05/13;1300 UTC;0;986,9;987;986,7;1081,4;10,7;8,1;12,1;10,2;9,3;7,3;89;84;87;160;3,9;2,3;
2026/05/13;1400 UTC;0;986,9;987;986,8;1788;12,5;8,7;13,9;12;9,4;8,2;84;76;81;158;4,3;2,3;
2026/05/13;1500 UTC;0;986,8;987;986,6;2000,9;14,2;9,2;14,8;13,6;9,8;8,7;79;71;75;145;3,7;1,7;
2026/05/13;1600 UTC;0;986,1;986,6;985,7;2215,6;15,5;9,7;16,9;14,2;10,4;9,1;76;66;71;139;3,3;1,4;
2026/05/13;1700 UTC;0;985,4;985,7;985;2031,5;16,5;10;17,4;15,7;10,9;9,5;72;64;68;180;2,5;1;
2026/05/13;1800 UTC;0;984,7;985;984,4;1836,1;17,5;10,5;18,1;16,8;11,1;10,2;69;62;65;260;4,3;2,3;
2026/05/13;1900 UTC;0;984,4;984,5;984,3;1356,4;17,8;10,6;18,1;17,3;11,1;10,1;67;62;64;265;4,2;2,5;
2026/05/13;2000 UTC;0;984,6;984,8;984,3;554,1;17,2;10,4;17,7;16,5;10,7;10;69;63;66;317;4,9;3,3;
2026/05/13;2100 UTC;0;984,9;985,2;984,7;113,6;15,2;10;16,6;14;10,6;9,7;79;69;74;298;3,3;2,5;
2026/05/13;2200 UTC;0;985,3;985,4;985,2;0;14;10;14,5;12,7;10,2;9,7;86;78;80;189;2,7;1,7;
2026/05/13;2300 UTC;0;985,6;985,8;985,4;0;13,3;9,8;13,7;12,9;10,2;9,4;85;80;83;200;2,5;1,7;
2026/05/14;0000 UTC;0;985,7;985,9;985,2;0;12,8;9,3;13,7;11,5;9,5;9,2;89;78;83;176;1,8;1,4;
2026/05/14;0100 UTC;0;985,4;985,8;985,1;0;12,1;9,2;13;11,4;9,6;9,1;89;82;86;185;4,7;3;
2026/05/14;0200 UTC;0;985,9;986,2;985,7;0;11,5;8,2;12,7;10,6;9,4;7,2;86;81;83;180;5,4;3,2;
2026/05/14;0300 UTC;0;986,3;986,5;985,9;0;10,3;6,9;10,9;9,7;7,3;6,5;85;80;83;176;2,9;2;
2026/05/14;0400 UTC;0;986,4;986,4;986,3;0;9,3;6,4;9,7;9;6,8;6,2;87;84;86;174;3,5;2,4;
2026/05/14;0500 UTC;0;986,2;986,4;986,1;0;8,8;6,1;9,2;8,6;6,4;5,7;88;84;86;170;3,3;2;
2026/05/14;0600 UTC;0;986,2;986,3;986,1;0;8,8;5,8;9,1;8,5;6,2;5,4;87;82;85;174;3,1;1,9;
2026/05/14;0700 UTC;0;986,3;986,6;986,1;0;8,1;5,4;8,5;7,7;5,8;4,9;87;85;86;178;2,7;1,7;
2026/05/14;0800 UTC;0;986,8;987;986,6;0;7,7;4,8;7,9;7,4;5;4,6;88;84;86;182;3,4;2,3;
2026/05/14;0900 UTC;0;986,8;986,9;986,6;0;7;4,9;7,5;6,7;5,1;4,6;92;86;90;170;2,6;1,6;
2026/05/14;1000 UTC;0;986,9;987,2;986,7;0;7;5,1;7,4;6,5;5,3;4,9;93;88;91;166;3,4;1,7;
2026/05/14;1100 UTC;0;987,7;988,2;987,3;41,7;6,7;4,4;7;6,5;5,2;3,4;92;83;88;182;2,2;1,6;
2026/05/14;1200 UTC;0;988,4;989;988,1;254,1;7,5;3,3;8,6;6,9;3,9;2,7;83;75;79;178;3,3;2;
2026/05/14;1300 UTC;0;989,2;989,4;989;909,6;8,8;5;10,5;8,1;5,7;4;85;72;81;189;5,2;3;
2026/05/14;1400 UTC;0;989;989,2;988,8;1688,5;11,9;5,1;12,9;10,3;5,9;3,7;76;58;66;157;3,9;2;
2026/05/14;1500 UTC;0;988,7;989;988,4;1093;12,3;4,2;12,8;12,1;5,2;3,1;65;53;59;169;4,4;2,4;
2026/05/14;1600 UTC;0;988,3;988,5;988;1533,9;12,9;4,8;13,9;12,4;6,1;3,5;64;54;60;163;5,2;2,5;
2026/05/14;1700 UTC;0;987,8;988,1;987,7;1574,6;13,7;5,6;14,1;13,3;6,5;4,8;65;56;60;160;5,4;2,5;
2026/05/14;1800 UTC;0;987,7;987,8;987,6;1062,9;13,6;5,9;14,1;13,1;6,8;5,2;64;58;61;182;6,2;3,3;
2026/05/14;1900 UTC;0;987,7;987,8;987,6;769,8;13,2;6,1;13,7;13;7,3;5,5;68;62;65;184;5,4;2,2;
2026/05/14;2000 UTC;0;987,9;988,2;987,7;566,2;13,1;6,8;13,4;12,6;7,4;6,3;73;65;69;183;4,7;2,4;
2026/05/14;2100 UTC;0;988,5;988,6;988,2;103;11,5;7,1;12,6;10,4;7,5;6,8;84;72;78;171;1,4;,9;
2026/05/14;2200 UTC;0;988,9;989,2;988,6;0;9,7;6,9;10,4;9,4;7,2;6,7;87;83;86;159;2,2;1,1;
2026/05/14;2300 UTC;0;989,4;989,6;989,2;0;9,3;6,6;9,9;8,9;7,1;6,3;88;85;86;150;2,7;1,1;
2026/05/15;0000 UTC;0;989,7;989,9;989,6;0;9,5;6,3;10;8,9;6,7;6,1;88;81;84;120;3,6;2,3;
2026/05/15;0100 UTC;0;990;990,1;989,8;0;9,5;6,5;10;9,3;6,8;6,2;87;81;85;108;3,5;2,3;
2026/05/15;0200 UTC;0;990,2;990,2;990,1;0;9,1;6,7;9,5;8,8;6,9;6,5;89;86;88;101;3,2;2,1;
2026/05/15;0300 UTC;0;990,2;990,2;990,1;0;9;6,5;9,3;8,8;6,8;6,4;89;86;87;105;3,4;2,1;
2026/05/15;0400 UTC;0;990,2;990,2;990,1;0;8,8;6,5;9;8,7;6,9;6,4;89;87;88;111;4;2,8;
2026/05/15;0500 UTC;0;990;990,1;990;0;7,7;6,6;9;6,6;7,7;5,9;100;89;94;137;4,3;2,4;
2026/05/15;0600 UTC;0;990,1;990,2;989,9;0;7,9;7;8,5;7,1;7,3;6,7;99;93;95;155;3,3;1,8;
2026/05/15;0700 UTC;0;989,7;989,9;989,6;0;8,3;7,5;8,9;7,2;7,8;6,9;100;93;96;138;4,3;2,1;
2026/05/15;0800 UTC;0;989,5;989,6;989,4;0;7;6,9;8;6,4;8;6,2;100;95;99;130;4,3;2,4;
2026/05/15;0900 UTC;0;989,5;989,6;989,4;0;7,9;7,2;8,1;7,4;7,6;6,8;100;94;97;122;4,7;3,3;
2026/05/15;1000 UTC;0;989,7;990;989,6;0;6,5;6,1;8,1;5,5;7;5,5;100;94;98;171;2,7;1,7;
2026/05/15;1100 UTC;0;990,2;990,5;989,9;100,1;5,8;5,9;6,2;5,5;6,2;5,5;100;100;100;173;2,8;1,7;
2026/05/15;1200 UTC;0;990,4;990,6;990,3;631,5;7,6;7,4;9,4;6,1;8,4;6,2;100;92;99;139;3,5;1,6;
2026/05/15;1300 UTC;0;990,6;990,7;990,5;1435,8;10,5;7,6;11,3;9,5;8,2;7,1;91;81;86;120;3,8;2,4;
2026/05/15;1400 UTC;0;990,5;990,6;990,3;2136,2;11,9;7,1;12,8;11,1;8,4;4,8;85;61;76;131;4,4;2,6;
2026/05/15;1500 UTC;0;989,9;990,3;989,3;2188,6;13,2;6,2;14;12,4;7,2;5,3;71;60;65;130;4,1;1,9;
2026/05/15;1600 UTC;0;988,8;989,3;988,1;2371,5;14,2;5,5;14,8;13,6;6,8;4,5;65;51;57;96;5,4;2,8;
2026/05/15;1700 UTC;0;987,6;988,1;987,3;2261,3;14,9;5,9;15,5;14,3;6,6;5,1;60;52;55;96;4,7;2,2;
2026/05/15;1800 UTC;0;987;987,3;986,7;1915,6;15,3;6;15,8;14,9;6,9;5,5;57;50;54;76;4,2;1,8;
2026/05/15;1900 UTC;0;986,4;986,7;986,2;1348,6;15,6;7;16;15,3;7,5;6,1;60;52;57;93;4,2;2,6;
2026/05/15;2000 UTC;0;986,1;986,3;985,9;585,2;15,2;6,9;15,5;14,7;7,5;6,6;61;57;59;117;4,3;2,7;
2026/05/15;2100 UTC;0;986,1;986,5;985,8;116,8;13,2;6,7;14,6;11,7;7;6,4;74;61;67;183;2,7;1,7;
2026/05/15;2200 UTC;0;986,4;986,6;986,2;0;10,6;6,3;11,7;9,6;6,6;6,1;83;74;78;162;4;2;
2026/05/15;2300 UTC;0;986,3;986,5;986,2;0;9,8;6,4;10,3;9,5;6,7;6,3;84;82;83;146;4,2;2,4;
2026/05/16;0000 UTC;0;986,7;987;986,5;0;9,1;6,3;9,7;8,3;6,6;6,1;90;84;86;143;3,5;2,1;
2026/05/16;0100 UTC;0;987,1;987,3;986,8;0;8,7;6,3;9,3;7,9;6,5;6,1;92;85;88;146;3,9;2,1;
2026/05/16;0200 UTC;0;987;987,3;986,7;0;8,7;6,3;9,2;8,3;6,7;6,2;90;87;88;105;4,7;3;
2026/05/16;0300 UTC;0;986,9;987,2;986,3;0;8,5;6,4;8,9;8,2;6,6;6,2;90;87;89;93;5,6;3;
2026/05/16;0400 UTC;0;986,3;986,4;986;0;8,3;6,6;8,7;7,9;6,9;6,4;94;90;92;86;4,9;2,6;
2026/05/16;0500 UTC;0;985,9;986,1;985,8;0;8,2;6,7;8,7;7,9;6,8;6,6;94;90;93;70;4,6;3,5;
2026/05/16;0600 UTC;0;985,8;986;985,7;0;8,1;6,7;8,5;7,9;6,9;6,5;94;90;93;57;3,8;2,7;
2026/05/16;0700 UTC;0;985,7;985,9;985,4;0;8,3;6,5;8,7;7,9;6,6;6,5;93;89;91;53;4,1;3,3;
2026/05/16;0800 UTC;0;985,2;985,4;985;0;8,1;6,8;8,3;7,9;7,1;6,5;96;92;93;54;4,6;3,7;
2026/05/16;0900 UTC;0;984,9;985;984,8;0;8;7,1;8,1;7,8;7,3;6,7;97;94;96;62;4,1;3,2;
2026/05/16;1000 UTC;0;985,2;985,6;984,9;0;8,1;7,3;8,3;7,9;7,6;7,2;97;95;96;50;3,9;3;
2026/05/16;1100 UTC;0;985,6;985,9;985,5;39,9;8,4;7,4;8,8;8;7,9;7,3;98;93;95;40;3,4;2,4;
2026/05/16;1200 UTC;0;986;986,1;985,7;303,7;9,6;7,6;10,2;8,9;8;7,3;93;88;90;52;4,1;2,8;
2026/05/16;1300 UTC;0;986,2;986,5;986,1;811,9;10,6;8;11,7;9,7;8,9;7,6;91;81;87;41;3,8;2,5;
2026/05/16;1400 UTC;0;986,3;986,5;986;939,3;12,3;8,7;12,6;11,5;9,6;7,6;86;78;82;107;3;1,8;
2026/05/16;1500 UTC;0;985,8;986;985,4;1088,8;12,8;9,5;13,3;12,5;10,1;9,1;85;81;83;123;3,1;1,8;
2026/05/16;1600 UTC;0;985,1;985,5;984,8;1901,1;14,7;10,4;15,3;13,6;11;9,5;84;76;78;133;3,8;2;
2026/05/16;1700 UTC;0;984,6;984,8;984,3;1326,8;15,2;10,4;15,9;14,8;10,9;9,8;79;70;76;116;5;2,9;
2026/05/16;1800 UTC;0;984,1;984,3;983,9;1802,3;16,6;10,3;17,5;15,5;11;9,7;72;65;69;138;4,2;2,1;
2026/05/16;1900 UTC;0;984,1;984,3;984;897,9;16,2;10,1;17,1;15,6;10,6;9,6;73;65;70;133;4,6;2,2;
2026/05/16;2000 UTC;0;984,3;984,4;984,1;564,8;15,7;10;16,6;14,9;10,4;9,6;75;67;72;155;3,9;2;
2026/05/16;2100 UTC;0;984,6;984,8;984,4;81,8;13,5;9,9;14,8;12,6;10,1;9,7;87;74;82;153;4,5;2;
2026/05/16;2200 UTC;0;985,2;985,8;984,8;0;12,2;9,3;13;11,8;10;8,8;87;85;85;166;5,4;2,8;
2026/05/16;2300 UTC;0;986,1;986,6;985,7;0;11,2;8,5;11,9;10,6;8,8;8,4;90;84;86;169;4,7;2,4;
2026/05/17;0000 UTC;0;986,7;986,9;986,5;0;10,3;8,4;10,6;10;8,5;8,2;92;89;90;174;3,9;2,3;
2026/05/17;0100 UTC;0;986,5;987;986,1;0;10,3;7;10,8;9,8;8,2;6,2;91;78;84;132;6,4;3,4;
2026/05/17;0200 UTC;0;986,9;987,1;986,4;0;9,7;7,1;10,5;8,9;7,2;6,7;91;81;87;165;4,2;2,4;
2026/05/17;0300 UTC;0;987,1;987,3;986,6;0;8,8;7,6;9,5;8,5;8,8;7;97;91;94;140;4,8;2,7;
2026/05/17;0400 UTC;0;986,6;986,8;986,4;0;9,5;8,8;9,8;9,4;9,1;8,5;97;95;96;171;4,2;2,2;
2026/05/17;0500 UTC;0;986,7;986,8;986,4;0;9,1;8,8;9,5;8,6;9,3;8,5;100;96;98;141;4,7;2,6;
2026/05/17;0600 UTC;0;986,3;986,4;986,1;0;9,8;9,5;10,1;9,4;9,9;9,3;100;97;99;152;5,2;2,7;
2026/05/17;0700 UTC;0;986,6;986,8;986,3;0;9,8;9,3;10,4;9,4;9,6;9,1;99;96;98;188;4;2,4;
2026/05/17;0800 UTC;0;986,2;986,2;986;0;8,8;8,6;9,2;8,5;8,8;8,2;100;98;99;181;5;3;
2026/05/17;0900 UTC;0;985,9;986,1;985,7;0;8,4;8,2;8,6;8,2;8,5;7,8;100;97;99;174;3,7;2,4;
2026/05/17;1000 UTC;0;986;986,3;985,6;0;8,4;7,5;8,7;8,2;8;6,9;98;92;96;193;6,1;3,3;
2026/05/17;1100 UTC;0;986,7;987,1;986,3;51,3;8,7;7,8;9,3;8,4;8;7,4;98;92;95;174;3,9;2,3;
2026/05/17;1200 UTC;0;987,2;987,3;987,1;203,9;9,4;8,1;10;9,2;8,7;7,8;95;93;94;177;3,8;2,1;
2026/05/17;1300 UTC;0;987,5;987,6;987,3;582;10,8;9,2;11,4;9,9;9,7;8,5;94;90;92;169;5,4;3,2;
2026/05/17;1400 UTC;0;987,6;987,6;987,5;834,8;12,1;9,9;12,6;11;10,5;9,5;94;85;89;139;6,2;3,3;
2026/05/17;1500 UTC;0;987,4;987,6;987,3;1433,1;13,6;9,7;14,4;12,7;10,3;9,3;86;77;81;146;5,8;3,1;
2026/05/17;1600 UTC;0;987,3;987,5;987,1;1141,7;14,1;9,6;14,9;13,7;10,4;9,3;81;75;78;184;6,2;3,6;
2026/05/17;1700 UTC;0;987,2;987,4;987;904,9;14,3;10;15,2;13,9;10,7;9,5;83;74;78;174;7,5;3,4;
2026/05/17;1800 UTC;0;987,1;987,2;987;404,1;13,3;10,2;13,8;12,8;10,6;9,9;88;82;84;186;8,4;4,9;
2026/05/17;1900 UTC;0;987,3;987,5;987,2;603,3;13,1;10,1;13,4;12,8;10,6;9,8;88;83;85;175;7,6;4,7;
2026/05/17;2000 UTC;0;987,8;988,2;987,4;317,9;12,8;9,7;13,4;12,4;10,1;9,5;87;81;85;180;7,4;3,9;
2026/05/17;2100 UTC;0;988,3;988,7;988,1;50,6;12,1;9,8;12,5;11,7;9,9;9,6;90;86;88;180;7,7;4;
2026/05/17;2200 UTC;0;989,2;989,6;988,7;0;11,3;10;11,8;10,8;10,3;9,7;96;90;93;178;6,7;3,3;
2026/05/17;2300 UTC;,2;990;990,4;989,6;0;10,5;9,9;11,2;10,1;10,5;9,4;100;95;97;174;5,5;3,1;
2026/05/18;0000 UTC;0;990,5;990,8;990,3;0;9,9;9,9;10,1;9,7;10,2;9,6;100;99;100;180;3,9;2,2;
2026/05/18;0100 UTC;0;991,1;991,5;990,8;0;9,7;9,1;10,1;9,5;9,7;8,4;99;95;97;185;4,4;2,3;
2026/05/18;0200 UTC;0;991,7;991,9;991,4;0;9,2;7,5;9,5;8,9;8,4;6,9;95;89;91;178;5;2,6;
2026/05/18;0300 UTC;0;991,8;992;991,6;0;8,7;6;9,1;8,4;6,8;4,3;89;79;86;176;8,5;4,7;
2026/05/18;0400 UTC;0;991,8;991,9;991,7;0;7,8;4,5;8,5;7,5;4,8;4,1;86;80;83;186;8,6;5,1;
2026/05/18;0500 UTC;0;992,1;992,3;991,8;0;7,2;4,2;7,5;6,8;4,7;3,8;86;84;85;180;5;3,1;
2026/05/18;0600 UTC;0;992,2;992,3;992;0;6,4;3,6;6,9;5,8;3,9;3,4;88;84;86;186;6,4;3,7;
2026/05/18;0700 UTC;0;992;992,2;991,9;0;5,3;3,5;5,8;4,8;3,7;3,4;94;88;91;189;6,1;3,4;
2026/05/18;0800 UTC;0;992;992,2;991,8;0;4,7;3,4;5,5;4,3;3,7;3,2;95;91;94;181;5,1;3,3;
2026/05/18;0900 UTC;0;992,1;992,4;991,8;0;4,2;3,3;4,6;3,8;3,6;3,1;98;93;96;204;3,5;2,5;
2026/05/18;1000 UTC;0;992,8;993,1;992,4;0;4,2;3;4,7;3,9;3,5;2,7;97;91;94;205;5,2;2,8;
2026/05/18;1100 UTC;0;993,3;993,5;993,1;75,1;4,9;2,7;5,6;4,5;3,2;2,6;92;88;89;213;5,1;3,9;
2026/05/18;1200 UTC;0;993,7;993,9;993,5;569,3;6,1;3,3;6,7;5,4;3,9;3;88;85;86;223;6,8;5;
2026/05/18;1300 UTC;0;994,1;994,3;993,9;1248,7;7,5;4,2;8,4;6,7;5;3,7;86;79;84;205;7;4,5;
2026/05/18;1400 UTC;0;994,2;994,2;994,1;1818,9;9,5;4,9;10,6;8,3;6;4,5;82;73;77;204;6,5;4,4;
2026/05/18;1500 UTC;0;994;994,2;993,8;2197,7;11,3;5,3;12;10,5;6,1;4,8;75;66;70;200;5,9;3,6;
2026/05/18;1600 UTC;0;993,6;993,9;993,3;1968,4;12,1;5,3;13;11,3;6,3;3,8;71;58;66;215;5,9;2,6;
2026/05/18;1700 UTC;0;993,2;993,3;993,1;1669,4;12,7;4,6;14;12;5,5;3,9;65;53;60;204;5,2;2,5;
2026/05/18;1800 UTC;0;992,7;993;992,5;1353,5;12,9;4,6;13,9;12,1;5,6;4;64;53;58;206;5,7;3,4;
2026/05/18;1900 UTC;0;992,3;992,5;992,2;1518,8;13,5;4,5;14;12,8;5,1;3,8;60;52;55;208;4,1;2,5;
2026/05/18;2000 UTC;0;992,1;992,2;992;559;13;4,1;13,3;12,4;4,6;3,6;59;53;56;221;3,8;2,5;
2026/05/18;2100 UTC;0;992,3;992,5;992,2;105,1;11,6;3,8;12,4;10,6;4;3,5;65;56;61;229;3,5;2,2;
2026/05/18;2200 UTC;0;992,6;992,8;992,4;0;10,6;3,4;10,9;10,4;3,6;3,3;65;63;64;236;3,2;1,7;
2026/05/18;2300 UTC;0;992,9;993;992,7;0;10,4;3,2;10,6;10,2;3,4;3,1;65;64;64;241;3,3;1,6;
2026/05/19;0000 UTC;0;993,1;993,2;993;0;10;3;10,5;9,8;3,6;2,7;66;64;65;238;3,4;1,8;
2026/05/19;0100 UTC;0;993,1;993,2;993,1;0;9,6;2,8;10,2;9,2;3;2,6;68;64;66;227;5,2;3,5;
2026/05/19;0200 UTC;0;993,1;993,1;993;0;8,7;2,9;9,2;8,3;3,1;2,8;74;68;71;224;4,6;3,3;
2026/05/19;0300 UTC;0;993;993,1;992,8;0;8,2;2,8;8,5;8;3,1;2,6;74;72;73;224;4,7;3,4;
2026/05/19;0400 UTC;0;992,7;992,9;992,6;0;8,2;2,3;8,6;8,1;2,7;2,1;72;69;71;223;4,9;3,7;
2026/05/19;0500 UTC;0;992,4;992,7;992,3;0;8,2;2;8,4;8;2,2;1,9;70;68;69;226;5;3,4;
2026/05/19;0600 UTC;0;992;992,3;991,8;0;8,4;1,6;8,8;7,9;1,9;1,5;70;64;66;235;3,4;2,1;
2026/05/19;0700 UTC;0;991,7;991,8;991,7;0;8,1;1,5;8,6;7,6;1,7;1,4;69;64;67;228;4,2;2,9;
2026/05/19;0800 UTC;0;991,7;991,8;991,5;0;7,6;1,4;7,8;7,4;1,6;1,3;71;68;69;231;5;3;
2026/05/19;0900 UTC;0;991,5;991,7;991,4;0;7,2;1,2;7,7;7;1,6;1;71;69;70;231;4,6;3,2;
2026/05/19;1000 UTC;0;991,7;991,9;991,6;0;7,1;1,1;7,2;6,9;1,3;,9;72;69;70;230;5,1;2,6;
2026/05/19;1100 UTC;0;992,1;992,4;991,9;71,5;7,1;1,4;7,5;6,9;1,7;1,2;73;69;71;233;5,3;3,1;
2026/05/19;1200 UTC;0;992,5;992,6;992,4;571,2;7,9;1,5;8,5;7,4;2;1,2;69;66;68;240;5;2,9;
2026/05/19;1300 UTC;0;992,7;992,9;992,5;1254,3;9,3;2,9;9,8;8,6;3,8;2,1;71;65;68;224;7,4;5;
2026/05/19;1400 UTC;0;993;993,1;992,9;1815,2;10,3;3,6;11,1;9,7;4;3,1;69;63;66;220;7,3;5,2;
2026/05/19;1500 UTC;0;992,6;992,9;992,3;2182,8;11,3;3,9;12,2;10,7;4,7;3,3;66;59;63;231;7,5;4,4;
2026/05/19;1600 UTC;0;992;992,5;991,4;2318,8;12,5;3,8;13;11,9;4,8;3,1;64;51;57;256;7,6;4,2;
2026/05/19;1700 UTC;0;991;991,3;990,5;2199,4;13,5;4;14,1;12,7;4,7;3,1;57;47;53;262;7,2;4,4;
2026/05/19;1800 UTC;0;990,2;990,6;990;1865,8;14,1;3,7;14,5;13,9;4,5;3,2;51;45;48;259;6,5;3,8;
2026/05/19;1900 UTC;0;989,8;990;989,7;1311,3;14,2;3,9;14,7;13,9;4,5;3,5;51;47;49;269;6,9;4,3;
2026/05/19;2000 UTC;0;989,7;989,8;989,7;545,8;13,8;3,7;14,2;13,4;4;3,3;53;47;49;257;5,3;2,3;
2026/05/19;2100 UTC;0;989,9;990,1;989,6;104,8;12,4;3,8;13,5;11,4;4,4;3,3;60;53;57;243;5;2,2;
2026/05/19;2200 UTC;0;990,3;990,5;990,1;0;11,1;3,3;11,5;10,8;3,5;3,2;63;59;61;249;4,8;2;
2026/05/19;2300 UTC;0;990,5;990,6;990,4;0;10,6;3,4;10,9;10,4;3,6;3,3;65;62;64;245;4,6;2,2;
2026/05/20;0000 UTC;0;990,7;990,8;990,5;0;10,2;3,4;10,5;9,8;3,7;3,3;68;65;66;231;4,9;3;
2026/05/20;0100 UTC;0;990,8;990,9;990,7;0;9,7;3,2;10;9,6;3,4;3,1;69;67;68;231;4,4;2,8;
2026/05/20;0200 UTC;0;990,9;991;990,8;0;9,7;3,3;10,1;9,5;3,7;3,2;69;67;68;251;3,6;1,7;
2026/05/20;0300 UTC;0;991,1;991,2;991;0;9,5;3,3;9,7;9,3;3,6;3,2;71;68;69;270;4,7;2,3;
2026/05/20;0400 UTC;0;991;991,1;990,9;0;8,8;3,6;9,5;8,1;3,7;3,5;77;70;74;278;4,2;2,6;
2026/05/20;0500 UTC;0;990,8;990,9;990,6;0;8,9;3,8;9,4;8,4;3,9;3,7;77;72;74;272;5,8;4,1;
2026/05/20;0600 UTC;0;990,6;990,7;990,4;0;8,8;3,8;9,4;8,3;4;3,8;77;72;75;272;6;3,8;
2026/05/20;0700 UTC;0;990,3;990,5;990;0;8,9;3,9;9,4;8,7;4,3;3,8;76;74;75;269;6,8;3,8;
2026/05/20;0800 UTC;0;990;990,2;989,9;0;8,7;3,8;9;8,5;4,1;3,7;76;74;75;233;5,6;3,4;
2026/05/20;0900 UTC;0;990,1;990,2;990;0;8,3;3,7;8,6;7,9;3,9;3,7;79;76;77;229;7,9;5,1;
2026/05/20;1000 UTC;0;990,4;990,7;990,2;0;7,9;3,8;8,4;7,8;4,4;3,8;80;79;79;233;6,5;4,3;
2026/05/20;1100 UTC;0;990,9;991,1;990,7;64,3;8,1;3,8;8,6;8;4,2;3,7;79;77;78;235;6,9;3,9;
2026/05/20;1200 UTC;0;991,2;991,3;991;541,3;9,2;4,1;10,3;8,3;4,8;3,7;77;72;75;245;8;3,5;
2026/05/20;1300 UTC;0;991,6;991,9;991,3;1201;10,9;5;11,4;10,2;5,6;4,5;74;69;70;235;8,6;5,5;
2026/05/20;1400 UTC;0;992;992,1;991,9;1742,6;11,3;5,6;12;10,8;6,4;4,9;74;69;72;240;6,5;4,4;
2026/05/20;1500 UTC;0;991,9;992;991,7;2116,3;12,6;6,6;13,4;11,7;7,5;6,1;73;66;70;227;7,8;5;
2026/05/20;1600 UTC;0;991,5;991,8;991,2;2255,2;13,9;6,9;14,2;13,2;7,4;6,5;70;63;65;226;8,8;5,6;
2026/05/20;1700 UTC;0;991;991,3;990,8;2146,2;14,7;7,5;15,4;14,3;7,9;7;67;60;64;227;9,4;5,8;
2026/05/20;1800 UTC;0;990,7;990,9;990,5;1842,7;15,1;6,3;15,4;14,8;7,4;4,8;62;48;56;223;9,6;5,9;
2026/05/20;1900 UTC;0;990,8;991,3;990,5;1286,5;14,9;6;15,5;14,5;6,9;5,1;59;52;55;213;9,5;6,7;
2026/05/20;2000 UTC;0;991,5;991,8;991,2;540,6;13,8;5,3;14,6;12,9;5,7;4,6;62;51;57;218;9,5;6,1;
2026/05/20;2100 UTC;0;992,1;992,3;991,8;97,8;11,8;5,4;12,9;11,1;5,6;5,2;72;63;68;228;6,5;3,9;
2026/05/20;2200 UTC;0;992,5;992,7;992,3;0;11,2;5,4;11,7;10,9;5,8;5,2;72;70;71;229;7,5;4,8;
2026/05/20;2300 UTC;0;992,9;993,1;992,7;0;10,4;5,6;11,3;9,8;6,1;5,5;80;72;76;209;6,3;4,7;
2026/05/21;0000 UTC;0;993,4;993,6;993,1;0;9,9;6,2;10,1;9,5;6,8;5,8;84;80;82;196;5,6;3,4;
2026/05/21;0100 UTC;0;994;994,1;993,7;0;9,5;6,3;9,8;9,2;6,7;6,2;87;82;84;183;8,2;4,8;
2026/05/21;0200 UTC;0;994,3;994,5;994,1;0;9,1;6,8;9,5;9;7,1;6,6;89;86;88;188;5,4;3,1;
2026/05/21;0300 UTC;0;994,5;994,7;994,4;0;8,8;6,4;9,1;8,6;6,8;6,2;89;87;88;187;5,5;3,4;
2026/05/21;0400 UTC;0;994,6;994,7;994,6;0;8,1;5,7;8,7;7,3;6,3;5,1;89;87;88;183;5,7;3,4;
2026/05/21;0500 UTC;0;994,6;994,7;994,5;0;6,4;5,2;7,6;5,7;5,7;4,9;97;89;94;191;4,6;2,7;
2026/05/21;0600 UTC;0;994,9;995,1;994,6;0;5,4;4,7;6;4,7;5,3;4,3;99;95;97;205;3;2,2;
2026/05/21;0700 UTC;0;994,9;995,1;994,8;0;4,7;4,4;5;4,5;4,7;3,9;99;96;98;193;2,8;1,7;
2026/05/21;0800 UTC;0;994,6;994,8;994,5;0;4,5;3,8;5;4,3;4,2;3,7;98;95;97;204;3,2;2,3;
2026/05/21;0900 UTC;0;994,8;994,9;994,6;0;4,4;3,7;4,8;4,2;3,9;3,5;98;94;96;204;3,9;2,6;
2026/05/21;1000 UTC;0;995,2;995,6;994,8;0;5,1;3,8;5,3;4,8;4;3,7;94;93;94;202;3,5;2,2;
2026/05/21;1100 UTC;0;996,1;996,4;995,6;65,2;5,5;3,3;6,2;5;3,7;2,8;93;84;89;206;3,9;2,1;
2026/05/21;1200 UTC;0;996,6;996,7;996,4;537,7;6,3;2,8;7,2;5,8;3,2;2,5;85;78;82;210;5,2;3,2;
2026/05/21;1300 UTC;0;996,8;997,1;996,6;1208,9;8,2;3,1;9;7,2;3,9;2,1;80;68;75;187;6,9;3,9;
2026/05/21;1400 UTC;0;997,2;997,3;997,1;1480,7;9,4;2,1;10,3;9;3,3;1;70;56;64;176;5,9;2,8;
2026/05/21;1500 UTC;0;997;997,2;996,8;2076,7;10,6;1,9;11,6;9,4;2,5;1,3;61;52;56;181;5,7;2,7;
2026/05/21;1600 UTC;0;996,6;996,9;996,2;1948,6;11,3;2;12,7;10,3;3,3;1,3;59;48;53;167;5,1;2,8;
2026/05/21;1700 UTC;0;995,8;996,3;995,6;1968,3;11,9;2,5;13;11;3,5;1,9;57;49;53;140;4,8;1,9;
2026/05/21;1800 UTC;0;995,5;995,6;995,4;1400,4;11,8;2,6;13;10,7;3,3;1,9;59;50;54;167;5,5;2,8;
2026/05/21;1900 UTC;0;995,7;995,9;995,5;991,1;11,6;2,7;13;10,6;3,7;2;60;50;56;184;5;2,5;
2026/05/21;2000 UTC;0;995,8;995,9;995,8;154,4;10,5;3,1;10,6;10,4;3,2;2,9;64;62;63;170;2,8;1,7;
2026/05/21;2100 UTC;0;996,1;996,2;995,9;34,8;9,8;3,2;10,4;9,3;3,7;2,7;70;63;67;172;3;1,4;
2026/05/21;2200 UTC;0;996,3;996,5;996,1;0;9,3;3,2;9,5;9,1;3,9;2,4;73;65;70;162;2,8;1,1;
2026/05/21;2300 UTC;0;996,8;997;996,4;0;9,1;3;9,5;8,9;3,3;2,2;72;65;69;171;1,9;1,2;
2026/05/22;0000 UTC;0;997;997,1;996,8;0;9;3,2;9,4;8,6;3,7;2,6;75;66;71;163;2,4;1,1;
2026/05/22;0100 UTC;0;996,8;996,9;996,7;0;7,8;3,2;8,5;7,3;3,4;2,7;79;71;77;171;2,5;1,5;
2026/05/22;0200 UTC;0;996,7;996,8;996,6;0;7;3;7,4;6,5;3,3;2,9;83;78;80;166;3;1,3;
2026/05/22;0300 UTC;0;996,8;996,8;996,7;0;7,4;3,3;7,8;6,9;4;2,8;81;78;80;146;3,1;1,7;
2026/05/22;0400 UTC;0;996,9;997;996,8;0;8,3;4,3;8,6;7,9;4,7;3,8;82;78;80;139;3,5;2;
2026/05/22;0500 UTC;0;996,7;996,9;996,6;0;8;4,9;8,4;7,6;5,3;4,6;88;81;85;163;2,8;1,6;
2026/05/22;0600 UTC;0;996,7;996,8;996,6;0;6,8;5;7,8;6;5,4;4,7;95;88;91;181;3,1;2,1;
2026/05/22;0700 UTC;0;996,7;996,7;996,6;0;5,7;5,3;6,1;5,4;6;4,8;100;95;98;182;3,6;2,5;
2026/05/22;0800 UTC;0;996,7;996,8;996,7;0;5,3;5,3;5,7;4,8;5,7;4,7;100;99;100;189;2,9;2,1;
2026/05/22;0900 UTC;0;996,8;996,9;996,7;0;4,6;4,4;4,9;4,2;4,9;3,5;100;96;99;187;3,8;2,6;
2026/05/22;1000 UTC;0;997,1;997,3;996,9;0;4,4;3;4,6;4,2;3,5;2,7;95;91;93;184;4,3;3,4;
2026/05/22;1100 UTC;0;997,6;997,7;997,3;29,9;4,1;3,1;4,4;3,9;3,4;2,9;97;93;95;180;3,4;2,4;
2026/05/22;1200 UTC;0;997,7;997,8;997,6;508,9;4,9;3,2;6,2;4,1;3,9;2,9;95;88;91;183;4,5;2,7;
2026/05/22;1300 UTC;0;997,6;997,7;997,4;1184,7;7,4;3,9;8,9;6,2;4,5;3,5;89;77;83;161;5,1;2,5;
2026/05/22;1400 UTC;0;997,5;997,6;997,4;1662,5;9,8;5;11;8,9;6;4,4;79;72;76;154;6,5;3,2;
2026/05/22;1500 UTC;0;997,2;997,5;996,8;1818,6;11,7;5,9;12,6;10,5;6,7;5,3;75;67;71;121;5,7;3,2;
2026/05/22;1600 UTC;0;996,6;996,9;996,2;1931,3;12,9;6;13,9;12,2;6,6;5,6;70;61;66;127;6,8;3,7;
2026/05/22;1700 UTC;0;995,6;996,1;995,1;1808,1;13,4;6,5;14,3;13;7,1;5,9;69;61;65;120;6,6;4,1;
2026/05/22;1800 UTC;0;994,7;995,2;994,4;1237,7;13,4;6,3;14,3;12,8;7,5;5,7;68;61;65;123;5,2;3,1;
2026/05/22;1900 UTC;0;994,5;994,7;994,4;415,5;12,8;6,9;13,5;12,5;7,6;6,4;74;64;70;130;5,8;3,1;
2026/05/22;2000 UTC;0;995,1;995,4;994,7;173;12,1;7,1;12,5;11,8;7,5;7;78;73;75;143;4,1;1,9;
2026/05/22;2100 UTC;0;995,7;995,8;995,4;30,6;11,4;7,3;11,8;11;7,5;7,1;82;77;79;143;3,3;1,8;
2026/05/22;2200 UTC;0;995,9;996,1;995,7;0;10,7;7,7;11,1;10,3;7,9;7,5;87;83;85;163;4;2;
2026/05/22;2300 UTC;0;996,2;996,3;996;0;10,3;7,7;10,7;10;8,1;7,6;88;86;87;160;4,6;2,4;
2026/05/23;0000 UTC;0;996,1;996,2;995,9;0;9,9;7,9;10,3;9,7;8,5;7,5;93;88;90;149;6,2;3,1;
2026/05/23;0100 UTC;0;996;996,2;995,8;0;9,1;8,3;9,7;8,4;8,5;8;98;93;96;155;5,3;2,5;
2026/05/23;0200 UTC;0;996,3;996,4;996,2;0;8,3;8,2;8,5;8,1;8,4;7,9;100;98;99;146;5,9;2,3;
2026/05/23;0300 UTC;0;996,1;996,2;995,9;0;8,3;8,3;8,6;8;8,6;8;100;100;100;145;5,2;2,5;
2026/05/23;0400 UTC;0;995,9;996,1;995,7;0;8,6;8,6;8,8;8,5;8,9;8,5;100;100;100;152;5;2,7;
2026/05/23;0500 UTC;0;995,7;995,8;995,6;0;8,4;8,4;8,8;8,1;8,8;8,2;100;100;100;163;4,8;2,6;
2026/05/23;0600 UTC;0;995,5;995,6;995,2;0;8,6;8,6;8,9;8,4;9;8,4;100;100;100;161;4,7;2,6;
2026/05/23;0700 UTC;0;995,2;995,3;995,1;0;9,1;8,9;9,4;8,8;9,1;8,8;100;98;99;132;4,9;2,7;
2026/05/23;0800 UTC;0;995,1;995,2;995,1;0;9,4;9,2;9,5;9,3;9,3;9;99;98;99;138;6,4;3,4;
2026/05/23;0900 UTC;0;995;995,1;994,9;0;9,4;9,2;9,6;9,3;9,4;9,1;99;99;99;138;5,1;3,1;
2026/05/23;1000 UTC;0;995,1;995,2;995;0;9,6;9,4;9,7;9,5;9,6;9,3;100;99;99;136;6,1;3,3;
2026/05/23;1100 UTC;0;995,2;995,3;995,1;34,1;9,7;9,7;10,1;9,6;10,2;9,6;100;100;100;138;6,8;3,1;
2026/05/23;1200 UTC;0;995,3;995,4;995,1;239;10,1;10;10,4;9,7;10,4;9,8;100;100;100;130;6,6;3,6;
2026/05/23;1300 UTC;0;995,2;995,4;994,9;452;10,8;10,6;11,4;10,4;11;10,3;100;96;99;124;8,8;5,2;
2026/05/23;1400 UTC;0;995,1;995,2;995;641,9;11,5;10,5;11,8;11,3;10,7;10,2;96;93;95;107;7,3;4,5;
2026/05/23;1500 UTC;0;994,9;995,1;994,7;703,7;12,3;10,7;13,1;11,5;11;10,5;96;88;92;141;6,2;2,8;
2026/05/23;1600 UTC;0;994,4;994,8;994;682,3;13,5;11;14;13;11,4;10,8;90;85;88;135;5,8;2,9;
2026/05/23;1700 UTC;0;993,5;994;993;729,1;14,2;11,3;14,6;13,8;11,7;11;87;84;86;128;6,7;3,2;
2026/05/23;1800 UTC;0;993;993,1;992,8;830,7;14,5;11,6;14,8;14,3;11,9;11,3;87;84;85;117;6,4;4,1;
2026/05/23;1900 UTC;0;992,7;992,9;992,6;738,2;14,8;11,7;15,5;14,3;12;11,3;87;80;85;138;5,3;2,8;
2026/05/23;2000 UTC;0;992,6;992,8;992,6;390,5;14,3;11,9;15,3;13,9;12,1;11,7;90;82;88;149;5,2;2,6;
2026/05/23;2100 UTC;0;992,8;993;992,7;84,7;13,2;12,2;14,2;12,6;12,9;11,8;100;90;95;151;5,4;3;
2026/05/23;2200 UTC;0;992,9;993;992,8;0;12,5;12,5;12,8;12,3;12,9;12,4;100;100;100;144;7,2;3,2;
2026/05/23;2300 UTC;0;993,2;993,4;993;0;12,3;12,3;12,5;12,2;12,5;12,2;100;100;100;139;6,5;3,2;
2026/05/24;0000 UTC;0;993,5;993,7;993,3;0;12;12,1;12,2;11,8;12,2;11,9;100;100;100;135;6,7;3,5;
2026/05/24;0100 UTC;0;993,6;993,7;993,4;0;11,8;11,8;12,1;11,8;12,1;11,8;100;100;100;131;6,4;3,4;
2026/05/24;0200 UTC;0;993,4;993,5;993,3;0;11,8;11,8;12;11,7;12;11,7;100;100;100;113;5,9;4,1;
2026/05/24;0300 UTC;0;993,3;993,4;992,9;0;11,7;11,7;11,8;11,6;11,9;11,6;100;100;100;107;6,2;3,7;
2026/05/24;0400 UTC;0;992,9;993,1;992,7;0;11,7;11,7;12;11,5;12;11,6;100;100;100;110;6,1;3,5;
2026/05/24;0500 UTC;0;992,7;992,8;992,7;0;12;12;12,3;11,9;12,3;11,9;100;100;100;111;5,6;3,3;
2026/05/24;0600 UTC;0;992,3;992,7;992,1;0;11,6;11,6;12,1;11,4;12,1;11,4;100;100;100;109;4,7;2,7;
2026/05/24;0700 UTC;0;991,8;992,1;991,6;0;11,4;11,4;11,8;11,1;11,8;11,1;100;100;100;108;3,6;1,9;
2026/05/24;0800 UTC;0;991,5;991,6;991,3;0;10,9;10,9;11,1;10,7;11,1;10,7;100;100;100;130;5,2;3;
2026/05/24;0900 UTC;0;991,5;991,6;991,4;0;10,6;10,7;11,2;10,4;11,2;10,5;100;100;100;131;4,7;2,9;
2026/05/24;1000 UTC;0;991,8;992;991,6;0;11,2;11,2;11,5;11,1;11,6;11,1;100;100;100;121;5,1;3,2;
2026/05/24;1100 UTC;0;992,3;992,5;992,1;18,9;11,1;11,2;11,4;11;11,5;11;100;100;100;99;5;2,7;
2026/05/24;1200 UTC;0;992,3;992,6;992,1;338,4;11,6;11,6;11,9;11,3;11,9;11,3;100;100;100;122;5,7;3,1;
2026/05/24;1300 UTC;0;992,7;992,9;992,6;702,8;12,1;12,2;12,7;11,6;12,7;11,6;100;100;100;116;6;4;
2026/05/24;1400 UTC;0;992,5;992,7;992,1;935,9;13,1;12,7;14,1;12,5;13,3;12,1;100;91;98;76;7,5;4,7;
2026/05/24;1500 UTC;0;991,8;992,1;991,5;1374,5;15,7;11,9;16,6;14,3;12,6;11,4;90;75;81;71;8,2;4,8;
2026/05/24;1600 UTC;0;991,4;991,8;991;1168,5;17;11,6;17,9;16,1;12;11,2;78;68;73;54;7;4,2;
2026/05/24;1700 UTC;0;990,8;991,1;990,5;692,8;17,1;11,2;17,5;16,8;11,6;10,9;72;68;70;37;7,2;4,7;
2026/05/24;1800 UTC;0;990,3;990,5;990;464,9;17,2;11,1;17,5;17;11,5;10,7;72;67;70;62;4,5;3;
2026/05/24;1900 UTC;0;989,7;990;989,5;528,1;17,3;11,4;17,5;16,9;11,8;11,1;73;68;71;56;5,9;3,8;
2026/05/24;2000 UTC;0;989,6;989,7;989,4;261;17,1;11,5;17,4;16,9;11,8;11,1;74;70;72;113;4,8;2,9;
2026/05/24;2100 UTC;0;989,3;989,4;989,2;80,2;16,2;11,8;16,9;15,6;11,9;11,6;81;74;78;117;5,1;2,9;
2026/05/24;2200 UTC;0;989,4;989,5;989,2;0;15,2;11,8;15,8;14,8;12,3;11,6;84;81;83;110;4,8;3;
2026/05/24;2300 UTC;0;989,8;990;989,5;0;14,6;11,7;15;14,4;12;11,6;86;84;85;97;4,8;2,7;
2026/05/25;0000 UTC;0;990,2;990,4;990;0;14,6;11,8;14,8;14,5;12;11,7;87;85;86;94;4,4;2,5;
2026/05/25;0100 UTC;0;990,3;990,4;990,2;0;14,4;11,7;14,6;14,3;11,9;11,6;87;86;87;86;4,5;2,8;
2026/05/25;0200 UTC;0;990,3;990,4;990,2;0;14,1;11,5;14,4;14,1;11,8;11,1;88;85;87;78;5,8;3,5;
2026/05/25;0300 UTC;0;990,4;990,5;990,3;0;14;11,1;14,2;13,6;11,3;11;87;85;86;75;5,6;3,2;
2026/05/25;0400 UTC;0;990,4;990,5;990,2;0;13;10,8;13,6;12,5;11;10,6;91;86;89;91;4,4;2,6;
2026/05/25;0500 UTC;0;990,2;990,3;990,1;0;12,4;10,5;12,6;12;10,7;10,4;93;90;91;93;4,8;2,6;
2026/05/25;0600 UTC;0;990;990,1;989,9;0;12,1;10,4;12,5;11,9;10,8;10,2;93;91;92;87;4,6;2,7;
2026/05/25;0700 UTC;0;989,6;989,8;989,4;0;11,9;10,5;12,3;11,7;10,8;10,2;94;91;93;90;5,6;3,3;
2026/05/25;0800 UTC;0;989,3;989,5;989,2;0;12,1;10,5;12,4;11,8;10,8;10,4;93;91;92;91;4,4;2,3;
2026/05/25;0900 UTC;0;989,2;989,4;988,9;0;11,5;10,4;11,9;11,2;10,6;10,2;95;93;94;103;5,4;2,9;
2026/05/25;1000 UTC;0;989;989,1;988,9;0;11,2;10,4;11,5;11;10,9;10,2;97;94;96;111;5,2;3,3;
2026/05/25;1100 UTC;0;989,3;989,7;989,1;45,6;11,4;10,7;11,7;11,2;10,9;10,6;97;96;97;114;4,4;3;
2026/05/25;1200 UTC;0;990,2;990,4;989,7;339,4;12,3;11,1;12,9;11,7;11,5;10,9;96;91;94;93;4,7;2,5;
2026/05/25;1300 UTC;0;990,3;990,4;990,2;727,4;13,3;11,7;14;12,9;12,2;11,2;95;89;92;88;4,7;2,6;
2026/05/25;1400 UTC;0;990,4;990,5;990;1027,7;14,6;11,9;15,8;13,8;12,6;11,5;89;82;86;62;7,4;4,4;
2026/05/25;1500 UTC;0;989,6;990;989,3;1209,7;15,9;12,4;16,8;15,1;12,8;12;86;78;82;75;7,3;4,7;
2026/05/25;1600 UTC;0;989;989,3;988,6;1252,9;17;12,7;17,8;16,5;13;12,2;81;74;78;73;5,8;3,8;
2026/05/25;1700 UTC;0;988,1;988,6;987,7;1216,2;18,1;12,9;18,4;17,7;13,4;12,4;76;72;74;85;5,3;2,7;
2026/05/25;1800 UTC;0;988,1;988,3;987,6;586;18;13,1;18,4;17,8;13,3;12,7;77;72;75;97;4,1;2,5;
2026/05/25;1900 UTC;0;987,5;987,7;987,4;481,5;17,9;13,5;18,4;17,4;13,9;13,2;81;75;78;102;5,5;3;
2026/05/25;2000 UTC;0;987,3;987,5;987,1;230,6;17,3;13,8;17,6;17;14,1;13,5;84;81;83;143;3,7;1,9;
2026/05/25;2100 UTC;0;987,5;987,7;987,3;34,2;16,8;13,8;17,2;16,5;14,1;13,7;86;83;85;133;4,1;2,2;
2026/05/25;2200 UTC;,6;987,7;987,9;987,5;0;16,3;13,9;16,8;15,8;14,5;13,8;94;86;88;111;4,9;2,8;
2026/05/25;2300 UTC;,2;987,9;988,2;987,6;0;15,3;14,8;15,8;15;14,9;14,5;100;94;98;179;3,1;1,3;
2026/05/26;0000 UTC;,2;988,6;988,9;988,3;0;15,1;14,8;15,4;14,9;15;14,6;100;97;99;112;4,9;3,2;
2026/05/26;0100 UTC;0;989;989,3;988,7;0;15;14,8;15,3;14,7;15,2;14,6;100;97;99;172;3;2;
2026/05/26;0200 UTC;0;988,9;989,2;988,6;0;14,8;14,6;15;14,6;14,8;14,5;100;98;99;76;4,5;2,7;
2026/05/26;0300 UTC;0;988,3;988,5;988,1;0;14,7;14,6;14,9;14,5;14,7;14,5;100;98;99;55;3,8;2,5;
2026/05/26;0400 UTC;,2;988;988,3;987,5;0;14,8;14,7;15,1;14,6;15;14,6;100;98;100;57;5;3,8;
2026/05/26;0500 UTC;0;987,8;988,2;987,5;0;14,6;14,6;15;14,3;14,8;14,3;100;99;100;185;3,8;2,2;
2026/05/26;0600 UTC;,2;988;988,2;987,7;0;14,2;14,2;14,5;14;14,5;14;100;100;100;182;3,5;2,1;
2026/05/26;0700 UTC;0;987,9;988,1;987,7;0;14;14;14,1;13,9;14,2;13,9;100;100;100;193;3,7;1,9;
2026/05/26;0800 UTC;0;987,9;988,1;987,7;0;13,7;13,8;14,2;13,3;14,2;13,3;100;100;100;201;3,7;2,5;
2026/05/26;0900 UTC;0;987,9;988,1;987,7;0;13;13;13,4;12,7;13,4;12,8;100;100;100;211;5,6;4;
2026/05/26;1000 UTC;0;988,4;988,7;988,1;0;13,1;13,1;13,2;12,8;13,2;12,8;100;100;100;193;7,6;4,1;
2026/05/26;1100 UTC;0;988,7;988,9;988,6;10,6;13,1;13,1;13,3;12,8;13,3;12,8;100;100;100;184;7,1;4,3;
2026/05/26;1200 UTC;0;989,2;989,4;988,8;153,7;12,8;12,8;13,2;12,6;13,2;12,7;100;100;100;185;7,4;3,9;
2026/05/26;1300 UTC;0;989,5;989,6;989,4;782,8;13,7;13,7;14,4;13,1;14,4;13,1;100;100;100;185;7,1;4,5;
2026/05/26;1400 UTC;0;989,7;989,8;989,6;1008,3;14,4;14,4;15;14,2;15,1;14;100;97;100;183;7;4,3;
2026/05/26;1500 UTC;0;989,7;989,8;989,6;1041,7;15,2;14;15,8;14,6;14,6;13,4;97;90;94;183;6,6;3,8;
2026/05/26;1600 UTC;0;989,5;989,7;989,3;881,4;15,3;14,6;15,9;14,8;15,3;13,6;100;90;96;185;6,5;3,8;
2026/05/26;1700 UTC;,2;989,1;989,4;988,8;979,5;15,5;14,8;16,4;15,2;15,8;13,9;99;93;97;186;5,5;3,1;
2026/05/26;1800 UTC;0;988,7;988,8;988,6;685,3;15,4;15,1;16,3;15,1;15,6;14,7;100;95;99;185;5,6;2,8;
2026/05/26;1900 UTC;,2;988,6;988,8;988,5;642,3;16;15;16,7;15,5;15,5;14,6;98;92;95;161;5,4;2,2;
2026/05/26;2000 UTC;0;989,1;989,5;988,7;194;14,9;14,7;15,6;14,6;15,2;14,4;100;98;99;141;4,4;2,3;
2026/05/26;2100 UTC;0;989,7;989,9;989,5;41;14,7;14,6;14,9;14,4;14,8;14,4;100;99;100;156;6;2,7;
2026/05/26;2200 UTC;0;990,1;990,2;989,9;0;14,1;14,1;14,4;13,9;14,4;13,9;100;100;100;166;5,4;2,3;
2026/05/26;2300 UTC;0;990,2;990,4;990,1;0;13,4;13,4;14,1;13;14,1;13;100;100;100;155;3,8;1,9;
2026/05/27;0000 UTC;0;990,7;991;990,4;0;13,1;13,2;13,4;13;13,4;13;100;100;100;162;4,9;2,2;
2026/05/27;0100 UTC;0;991,2;991,3;991;0;13;13;13,2;13;13,3;13;100;100;100;158;4;2;
2026/05/27;0200 UTC;0;991,4;991,6;991,2;0;12,9;12,9;13;12,8;13;12,8;100;100;100;148;4,5;2,2;
2026/05/27;0300 UTC;0;991,7;991,8;991,5;0;12,8;12,9;13;12,8;13;12,8;100;100;100;131;5,2;3;
2026/05/27;0400 UTC;0;991,6;991,7;991,5;0;13;13;13,2;12,9;13,2;12,9;100;100;100;159;2,7;1,5;
2026/05/27;0500 UTC;0;991,6;991,7;991,5;0;12,8;12,8;13,2;12,7;13,2;12,7;100;100;100;161;3,2;1,6;
2026/05/27;0600 UTC;0;991,6;991,7;991,4;0;12,8;12,8;13,1;12,7;13,1;12,7;100;100;100;156;3,9;1,7;
2026/05/27;0700 UTC;0;991,3;991,4;991,3;0;12,5;12,6;12,7;12,4;12,7;12,4;100;100;100;149;3,6;1,9;
2026/05/27;0800 UTC;,2;991,3;991,4;991,2;0;12,3;12,4;12,6;12,2;12,6;12,2;100;100;100;145;3,4;1,5;
2026/05/27;0900 UTC;0;991,4;991,5;991,3;0;12,1;12,1;12,5;11,9;12,5;12;100;100;100;149;3,2;1,4;
2026/05/27;1000 UTC;,2;991,7;991,8;991,5;0;11,9;11,9;12,1;11,7;12,1;11,7;100;100;100;140;3,3;1,6;
2026/05/27;1100 UTC;0;992;992,2;991,8;37,3;11,7;11,7;12;11,7;12;11,7;100;100;100;136;3,1;1,6;
2026/05/27;1200 UTC;0;992,4;992,7;992,1;421,3;11,9;11,9;12,1;11,7;12,1;11,7;100;100;100;165;4,3;2;
2026/05/27;1300 UTC;0;993,1;993,4;992,7;600,4;12,3;12,3;13,1;12;13;12;100;99;100;178;3,6;1,9;
2026/05/27;1400 UTC;0;993,5;993,5;993,3;991,7;13,7;12,1;14,3;12,9;13,9;11,3;100;87;92;126;3,2;1,6;
2026/05/27;1500 UTC;0;993,1;993,3;992,8;1526,3;14,8;12;16,4;14;12,9;11,4;92;77;86;118;4,3;2,2;
2026/05/27;1600 UTC;0;992,5;992,8;992,1;1676,9;15,8;11,8;16,6;15,3;12,7;11,3;83;76;80;117;4,3;2,7;
2026/05/27;1700 UTC;0;991,8;992,1;991,5;888,9;15,5;11,4;15,7;15,3;11,8;10,9;82;77;80;109;4,3;2,7;
2026/05/27;1800 UTC;0;991,3;991,5;991;793,3;15,7;11,3;16,1;15,4;11,8;10,9;81;76;78;118;4,5;2,3;
2026/05/27;1900 UTC;0;991,2;991,4;991;539,6;15,6;11,5;16;15,4;12;10,9;83;76;80;156;3,6;1,8;
2026/05/27;2000 UTC;0;991,1;991,2;991;310;15,1;11,7;15,4;14,5;12;11,4;86;80;83;156;3,2;1,9;
2026/05/27;2100 UTC;0;991,2;991,3;991,1;77,7;13,3;11,5;14,9;11,8;11,9;11,2;98;85;91;170;3;1,9;
2026/05/27;2200 UTC;0;991,5;991,6;991,3;0;11,6;11,4;12;11,3;11,7;11,1;100;98;99;156;3,9;2,2;
2026/05/27;2300 UTC;0;991,7;991,7;991,6;0;11,4;11,3;11,8;11,2;11,5;11,1;100;98;100;146;5,5;2,6;
2026/05/28;0000 UTC;0;991,7;991,7;991,6;0;11,2;11,2;11,5;10,9;11,5;10,9;100;100;100;138;5,8;3,3;
2026/05/28;0100 UTC;0;991,9;992,2;991,7;0;11,1;11,2;11,2;11;11,3;11;100;100;100;118;5,2;3,6;
2026/05/28;0200 UTC;0;992;992,2;991,8;0;11,1;11,1;11,3;10,9;11,3;10,9;100;100;100;119;6,2;3,9;
2026/05/28;0300 UTC;0;991,8;991,9;991,7;0;11,3;11,3;11,5;11,2;11,5;11,2;100;100;100;111;5,4;3,1;
2026/05/28;0400 UTC;0;991,7;991,9;991,5;0;10,9;11;11,3;10,8;11,3;10,8;100;100;100;122;4,6;2,6;
2026/05/28;0500 UTC;0;991,4;991,6;991,2;0;11;11;11,3;10,8;11,4;10,8;100;100;100;83;4,5;2,8;
2026/05/28;0600 UTC;0;991,3;991,4;991,2;0;11,1;11,2;11,3;11,1;11,4;11,1;100;100;100;58;3,7;2,4;
2026/05/28;0700 UTC;0;991,2;991,3;991,1;0;11,2;11,2;11,3;11,1;11,3;11,2;100;100;100;103;2,5;1,5;
2026/05/28;0800 UTC;0;991;991,2;990,8;0;11,3;11,3;11,4;11,2;11,4;11,2;100;100;100;62;4,2;2,8;
2026/05/28;0900 UTC;0;990,6;990,8;990,6;0;11;11;11,4;10,8;11,4;10,8;100;100;100;63;4,6;3,3;
2026/05/28;1000 UTC;0;991;991,2;990,7;0;10,9;10,9;11,2;10,7;11,2;10,7;100;100;100;126;3,3;2,1;
2026/05/28;1100 UTC;0;991,2;991,3;991,2;25,2;10,7;10,8;10,9;10,6;10,9;10,6;100;100;100;117;4,8;3,4;
2026/05/28;1200 UTC;0;991,4;991,8;991,1;341,9;11,1;11,1;11,8;10,8;11,8;10,8;100;100;100;146;4,8;2,1;
2026/05/28;1300 UTC;0;992;992,1;991,8;542;12,4;11,4;13;11,8;12;10,9;100;91;95;114;5,6;3,5;
2026/05/28;1400 UTC;0;992,2;992,3;992,1;849,3;13,4;11,2;14,4;12,8;11,5;10,8;92;84;89;75;5;3,2;
2026/05/28;1500 UTC;0;991,8;992,1;991,3;1591,7;15;10,7;15,8;14;11,7;10;85;72;79;71;6,6;4,2;
2026/05/28;1600 UTC;0;990,9;991,3;990,5;1926,7;16,1;10;17,5;14,8;10,8;9,1;76;62;69;59;7,2;4,9;
2026/05/28;1700 UTC;0;990,1;990,5;989,6;1852,1;16,5;9,8;17,6;15,3;10,8;9,2;71;62;67;45;6;3,6;
2026/05/28;1800 UTC;0;989,2;989,7;988,9;1220,6;16,4;9,8;17,3;15,8;10,7;9,3;70;64;67;96;5,8;3;
2026/05/28;1900 UTC;0;988,9;989,1;988,7;1190,5;16,6;9,9;17,3;15,9;10,3;9,6;70;64;67;117;7,1;3,7;
2026/05/28;2000 UTC;0;989,4;989,5;989,1;488;15,5;9,8;16;14,7;10,1;9,5;75;68;71;123;5,1;3;
2026/05/28;2100 UTC;0;989,7;989,9;989,5;61,8;13,7;9,5;14,7;12,8;9,7;9,4;83;74;79;123;5,2;2,9;
2026/05/28;2200 UTC;0;989,8;989,9;989,7;0;12,4;9,2;12,8;12;9,5;8,9;85;82;84;112;7,1;4,4;
2026/05/28;2300 UTC;0;990,6;991,1;989,9;0;11,7;8,8;11,9;11,6;9;8,7;86;85;85;101;4,4;2,4;
2026/05/29;0000 UTC;0;991,2;991,5;990,9;0;11,9;8,5;12,4;11,6;9;8,3;85;80;83;101;4,2;2,6;
2026/05/29;0100 UTC;0;991,4;991,6;991,3;0;11,2;9,4;11,6;10,8;10;8,5;96;85;91;105;4,8;2,4;
2026/05/29;0200 UTC;0;991,7;991,8;991,6;0;10,9;10,1;11,5;10,7;10,6;9,8;98;92;96;79;4,6;2,9;
2026/05/29;0300 UTC;0;991,7;991,8;991,5;0;11,4;10,2;11,7;11,3;10,9;10;97;92;94;117;5,1;3,2;
2026/05/29;0400 UTC;0;991,5;991,6;991,4;0;11,3;11,1;11,5;11,2;11,3;10,8;100;97;99;119;4,7;3;
2026/05/29;0500 UTC;0;991,3;991,4;991,2;0;10,9;10,9;11,3;10,7;11,3;10,7;100;100;100;108;5,7;3,6;
2026/05/29;0600 UTC;0;991,1;991,3;991;0;10,6;10,6;11;10,4;11;10,4;100;100;100;123;5,9;3,5;
2026/05/29;0700 UTC;0;990,9;991,1;990,8;0;10,4;10,5;10,6;10,3;10,6;10,4;100;100;100;126;5,5;3,3;
2026/05/29;0800 UTC;0;990,5;990,8;990;0;10,4;10,4;10,7;10,2;10,7;10,3;100;100;100;120;7,5;5,1;
2026/05/29;0900 UTC;0;990,5;990,7;990,2;0;10,7;10,7;10,9;10,6;10,9;10,6;100;100;100;120;5,4;3;
2026/05/29;1000 UTC;0;991;991,3;990,7;0;10,6;10,6;10,9;10,5;11;10,5;100;100;100;124;6,1;3,5;
2026/05/29;1100 UTC;0;991,4;991,9;991;11;10,6;10,6;10,7;10,5;10,8;10,5;100;100;100;129;5,8;3,2;
2026/05/29;1200 UTC;0;992,2;992,6;991,9;108,4;10,9;11;11,2;10,8;11,2;10,8;100;100;100;112;5,7;3;
2026/05/29;1300 UTC;0;992,5;992,6;992,4;194,2;11,4;11,4;11,8;11,1;11,9;11,1;100;100;100;112;5,9;3,6;
2026/05/29;1400 UTC;0;992,3;992,7;991,6;410,4;11,9;11,8;12,6;11,6;12;11,6;100;97;99;103;7,8;4,4;
2026/05/29;1500 UTC;0;991,6;991,8;991,3;716,7;13,3;11,8;13,9;12,6;12;11,5;96;89;92;87;6,8;3,7;
2026/05/29;1600 UTC;0;991,6;991,9;991,3;393,1;13,8;11,6;14,2;13,6;12,1;11,3;91;87;89;89;4,5;2,6;
2026/05/29;1700 UTC;0;991,1;991,5;990,7;664,2;14,5;11,5;14,9;13,9;11,9;11,2;88;82;85;75;6,2;4,1;
2026/05/29;1800 UTC;0;989,9;990,7;989,3;526,6;15,1;11,4;15,4;14,8;11,8;11,2;83;81;82;87;5,8;3,2;
2026/05/29;1900 UTC;0;989,5;989,7;989,2;287,7;15,3;11,6;15,8;15;12;11,3;84;80;82;133;3,6;1,9;
2026/05/29;2000 UTC;0;989,6;989,8;989,3;102,6;14,9;11,7;15,1;14,8;11,9;11,5;85;83;84;122;5,4;3,2;
2026/05/29;2100 UTC;0;989,7;990,1;989,3;22,9;14,8;12;15,1;14,8;12,4;11,7;87;84;86;113;5,5;3;
2026/05/29;2200 UTC;0;990,1;990,2;989,9;0;14,9;12,6;15,1;14,8;12,9;12,4;89;88;88;101;5,4;3,1;
2026/05/29;2300 UTC;0;990,3;990,6;990;0;14,8;12,2;15,2;14,7;12,5;11,9;88;86;87;101;5,1;2,6;
2026/05/30;0000 UTC;0;990,7;990,9;990,4;0;14,6;11,7;14,7;14,5;12;11,5;87;85;86;94;4,5;2,6;
2026/05/30;0100 UTC;0;991;991;990,9;0;14,5;11,5;14,7;14,4;11,7;11,3;87;84;85;94;4,6;2,3;
2026/05/30;0200 UTC;,2;990,9;991;990,8;0;13,8;11,6;14,3;13,6;11,9;11,4;91;87;89;107;4,2;2,4;
2026/05/30;0300 UTC;0;990,9;991;990,7;0;13,4;11,4;13,6;13,3;11,6;11,3;91;90;90;102;4,7;2,9;
2026/05/30;0400 UTC;0;990,6;990,7;990,5;0;13,3;11,3;13,7;13,1;11,6;11;92;87;90;95;5;2,8;
2026/05/30;0500 UTC;0;990,5;990,6;990,5;0;13,3;11,4;14;13;11,8;11;94;87;90;107;4,1;2,6;
2026/05/30;0600 UTC;0;990,5;990,6;990,2;0;13,2;11,7;13,6;13;11,9;11,5;94;90;93;88;5;2,8;
2026/05/30;0700 UTC;0;990,2;990,2;990,1;0;13,2;11,9;13,6;13,1;12,1;11,6;95;90;93;109;4,1;2,7;
2026/05/30;0800 UTC;0;990,1;990,2;990,1;0;12,9;12,2;13,2;12,8;12,5;11,9;98;95;97;130;3,5;1,7;
2026/05/30;0900 UTC;0;990,3;990,4;990,1;0;12,9;12,6;13,1;12,8;12,8;12,5;99;98;99;105;3,7;1,9;
2026/05/30;1000 UTC;0;990,4;990,7;990,3;0;12,8;12,7;12,9;12,7;12,9;12,7;100;99;100;106;3,4;2,3;
2026/05/30;1100 UTC;0;990,7;991;990,5;25,5;12,7;12,7;12,9;12,6;12,9;12,6;100;100;100;104;3,8;2,3;
2026/05/30;1200 UTC;0;991,1;991,3;991;413,4;13,1;12,8;14,5;12,6;13,2;12,6;100;91;99;267;9,5;6,3;
2026/05/30;1300 UTC;0;991,5;991,6;991,3;653,1;14,5;12,8;15;14,2;13,1;12,6;94;89;92;101;3,4;1,8;
2026/05/30;1400 UTC;0;991,6;991,7;991,5;1200,9;15,8;12,9;16,9;15,1;13,4;12,6;90;80;86;58;2,8;1,7;
2026/05/30;1500 UTC;0;991,1;991,5;990,9;1457,1;17,1;13;18;16,1;13,5;12,6;83;76;79;140;2;1,2;
2026/05/30;1600 UTC;0;990,5;990,9;990;885,6;17,3;13,1;17,6;16,9;13,7;12,8;82;77;79;160;2,3;1,2;
2026/05/30;1700 UTC;0;989,7;990;989,5;740,8;17,7;13,3;18,2;17,4;13,8;13;80;76;78;193;2,3;1;
2026/05/30;1800 UTC;0;989,2;989,5;989;675,4;17,5;13,1;18;17,3;13,7;12,8;80;76;78;223;2,3;1,3;
2026/05/30;1900 UTC;0;989;989,1;988,9;510,9;17,6;13,4;18,1;17,2;13,6;13;82;76;79;205;3,8;2,5;
2026/05/30;2000 UTC;0;989,1;989,2;989;164,1;16,9;13,4;17,2;16,6;13,6;13,2;84;81;83;187;3,9;2,5;
2026/05/30;2100 UTC;0;989,2;989,3;989;31,7;15,9;13,3;16,6;15,4;13,5;13,1;89;84;87;192;2,1;1,4;
2026/05/30;2200 UTC;0;989,5;989,7;989,3;0;15;13;15,7;14,3;13,4;12,7;94;89;90;178;2,7;1,5;
2026/05/30;2300 UTC;0;989,7;990;989,6;0;14;13,1;14,4;13,7;13,5;12,7;98;93;95;176;1,5;,9;
2026/05/31;0000 UTC;0;990;990,1;989,9;0;14,2;12,8;14,6;13,8;13,3;12,4;96;91;93;186;2,2;1,6;
2026/05/31;0100 UTC;0;990,1;990,2;990;0;14,3;12,7;14,7;14;13,1;12,5;93;91;92;206;2;1,5;
2026/05/31;0200 UTC;0;989,9;990,1;989,8;0;14;12,8;14,3;13,8;13,2;12,5;95;93;94;226;3,1;2,1;
2026/05/31;0300 UTC;0;990;990,1;989,9;0;14,2;13,3;14,5;14;13,9;12,8;98;92;96;232;3,2;1,7;
2026/05/31;0400 UTC;0;989,8;989,9;989,7;0;14,4;13,1;14,6;14,2;13,5;12,7;96;91;94;237;4,1;2,1;
2026/05/31;0500 UTC;0;989,7;989,7;989,6;0;14,3;13;14,4;13,9;13,5;12,7;98;92;94;233;4,4;2,9;
2026/05/31;0600 UTC;0;989,4;989,6;989,2;0;13,3;13,2;13,9;13;13,4;13;100;98;99;230;5,5;3,3;
2026/05/31;0700 UTC;0;989,2;989,2;989,1;0;12,8;12,8;13,1;12,5;13,1;12,5;100;100;100;219;6,7;4,7;
2026/05/31;0800 UTC;0;989,1;989,2;989;0;12,1;12,1;12,8;11,7;12,8;11,7;100;100;100;223;5,9;3,9;
2026/05/31;0900 UTC;0;989,1;989,1;989;0;11,7;11,7;11,9;11,6;11,9;11,6;100;100;100;223;6,6;4,4;
2026/05/31;1000 UTC;0;989,4;989,8;989,1;0;11,5;11,6;11,9;11,3;11,9;11,3;100;100;100;229;5,2;2,7;
2026/05/31;1100 UTC;0;990;990,3;989,8;23,4;11;11;11,6;10,4;11,6;10,4;100;100;100;257;3,9;2;
2026/05/31;1200 UTC;0;990,5;990,7;990,3;255,3;10,7;10,7;11;10,3;11;10,3;100;100;100;230;5,4;3,5;
2026/05/31;1300 UTC;0;990,9;991,2;990,6;521,5;11,2;11,3;11,6;10,9;11,6;11;100;100;100;223;5,7;4,1;
2026/05/31;1400 UTC;0;991,3;991,5;991,2;706,3;11,6;11,7;12;11,2;12,1;11,3;100;100;100;236;4,2;2,5;
2026/05/31;1500 UTC;0;991;991,2;990,7;703,3;12;12;12,2;11,5;12,2;11,6;100;100;100;221;3,8;2,8;
2026/05/31;1600 UTC;0;990,5;990,7;990,2;766,6;12,4;12,5;12,8;11,9;12,8;11,9;100;100;100;224;3,6;2,3;
2026/05/31;1700 UTC;0;990;990,2;989,6;718,9;12,9;12,9;13,2;12,6;13,2;12,6;100;100;100;253;2;1;
2026/05/31;1800 UTC;0;989,3;989,6;989;592,4;13,4;13,2;13,9;13,1;13,8;12,5;100;95;99;307;3,5;1,9;
2026/05/31;1900 UTC;0;988,9;989,1;988,8;709,9;14,3;12,4;15,6;13,7;13,1;10,9;97;78;91;338;3,1;2;
2026/05/31;2000 UTC;0;988,8;988,9;988,7;404,9;14,3;11,8;15,7;13,7;12,2;11,1;92;79;87;320;4,1;2,6;
2026/05/31;2100 UTC;0;989,1;989,4;988,8;59,9;13,2;11,5;14,1;12,4;11,8;11,1;95;88;92;228;4,9;3,3;
2026/05/31;2200 UTC;0;989,8;990,1;989,4;0;11,5;11,3;12,6;11,1;11,8;11,2;100;95;99;219;5,9;4,2;
2026/05/31;2300 UTC;0;990,1;990,2;990,1;0;11;11;11,2;10,9;11,2;10,9;100;100;100;219;6,4;4,2;
2026/06/01;0000 UTC;0;990,3;990,5;990,1;0;11;11;11,3;10,8;11,3;10,8;100;100;100;203;6,1;3,5;
2026/06/01;0100 UTC;0;990,2;990,4;990;0;10,3;10,4;10,8;10;10,8;10,1;100;100;100;196;4,8;3,1;
2026/06/01;0200 UTC;0;990,2;990,3;990,1;0;10,4;10,4;11;10;11;10,1;100;100;100;193;4;2,4;
2026/06/01;0300 UTC;0;990,4;990,6;990,2;0;10,9;10,8;11,1;10,7;11;10,6;100;99;99;211;4,8;3,5;
2026/06/01;0400 UTC;0;990,5;990,6;990,4;0;10,9;10,9;11,3;10,8;11,4;10,9;100;100;100;211;5;3,6;
2026/06/01;0500 UTC;0;990,6;990,7;990,5;0;10,9;10,9;11,2;10,8;11,2;10,9;100;100;100;197;3,5;2,1;
2026/06/01;0600 UTC;0;990,6;990,7;990,5;0;11;11;11,1;10,9;11,1;10,9;100;100;100;167;3;1,3;
2026/06/01;0700 UTC;,2;990,5;990,7;990,2;0;10,9;10,9;11,1;10,8;11,1;10,8;100;100;100;112;2,3;1,6;
2026/06/01;0800 UTC;0;990,5;990,7;990,4;0;10,8;10,9;11,3;10,8;11,3;10,8;100;100;100;159;2,1;1;
2026/06/01;0900 UTC;;;;;;;;;;;;;;;;;;
2026/06/01;1000 UTC;0;991;991,3;990,8;0;10;10;10,3;9,8;10,3;9,8;100;100;100;182;5,1;2,9;
2026/06/01;1100 UTC;0;991,5;991,8;991,3;14,9;9,8;9,8;10;9,7;10,1;9,7;100;100;100;163;2,7;1,3;
2026/06/01;1200 UTC;0;992,1;992,4;991,8;236,1;10,1;10,2;10,6;9,8;10,6;9,9;100;99;100;172;3,8;1,8;
2026/06/01;1300 UTC;0;992,8;993,4;992,4;622,7;11;10,3;11,4;10,6;10,7;9,8;100;93;96;189;4,2;2,5;
2026/06/01;1400 UTC;0;993,5;993,6;993,4;759,8;11,7;9,5;12,1;11,2;10,3;9;95;85;89;166;4;1,9;
2026/06/01;1500 UTC;0;993,3;993,5;993,1;979,6;12,6;9;13,1;12,1;9,7;8,4;87;78;82;150;4,1;2;
2026/06/01;1600 UTC;0;992,7;993,2;992,3;1250,1;13,3;8,9;14,2;12,6;9,9;8,2;81;72;78;166;4,3;2,3;
2026/06/01;1700 UTC;0;992;992,3;991,8;1057,5;14,1;8,9;14,8;13,6;9,4;8,3;78;69;74;171;3,5;1,9;
2026/06/01;1800 UTC;0;991,9;992;991,8;569;13,8;8,8;14,2;13,3;9,4;8,4;79;72;75;176;4,2;2,4;
2026/06/01;1900 UTC;0;991,9;992;991,9;313,4;13,4;9;13,9;13,1;9,5;8,6;80;75;78;150;4,1;2,1;
2026/06/01;2000 UTC;0;992;992;991,9;171,2;13,3;9,1;13,6;13,1;9,5;8,5;82;75;79;134;4,1;2,1;
2026/06/01;2100 UTC;0;992,4;992,7;992;13,7;12,7;9,3;13,1;12,5;9,6;9;85;80;83;128;3,8;2,2;
2026/06/01;2200 UTC;0;993;993,1;992,6;0;12,3;9,5;12,5;11,9;10,1;9,3;90;84;86;158;3,1;1,5;
2026/06/01;2300 UTC;0;993,4;993,7;993,1;0;11,9;9,7;12;11,7;10;9,5;90;88;89;161;4,9;2,5;
2026/06/02;0000 UTC;0;993,9;994;993,7;0;11,4;9,7;11,7;11,2;9,9;9,6;93;89;92;165;4,1;2,5;
2026/06/02;0100 UTC;0;994;994,1;993,9;0;10,6;9,4;11,3;9,8;9,8;8,9;96;92;94;148;3,8;1,9;
2026/06/02;0200 UTC;0;994;994,3;993,8;0;10;9,3;10,3;9,8;9,6;9;97;95;96;130;5,2;2,6;
2026/06/02;0300 UTC;0;994,4;994,5;994,3;0;9,9;9,6;10,4;9,4;10,1;8,9;100;96;99;141;4,6;2,5;
2026/06/02;0400 UTC;0;994,2;994,4;993,9;0;10,4;10,4;10,6;10,2;10,6;10;100;99;100;142;4,7;2,3;
2026/06/02;0500 UTC;0;993,9;994,2;993,8;0;10,7;10,8;10,9;10,5;10,9;10,6;100;100;100;153;4,2;2,1;
2026/06/02;0600 UTC;,2;994,1;994,3;993,9;0;10,9;10,9;11;10,8;11;10,8;100;100;100;133;4,6;2,1;
2026/06/02;0700 UTC;0;994;994,1;993,8;0;10,8;10,9;11;10,7;11;10,7;100;100;100;164;3,4;1,6;
2026/06/02;0800 UTC;,2;993,8;994,1;993,7;0;11;11;11,3;10,7;11,3;10,7;100;100;100;141;4,3;2;
2026/06/02;0900 UTC;0;993,6;993,8;993,5;0;11,3;11,3;11,5;11,2;11,6;11,2;100;100;100;120;7,3;3,9;
2026/06/02;1000 UTC;0;993,7;994,2;993,5;0;11,5;11,5;11,7;11,4;11,8;11,4;100;100;100;115;7,7;4,4;
2026/06/02;1100 UTC;0;994,8;995,2;994,1;36,4;11,5;11,5;11,7;11,4;11,7;11,4;100;100;100;120;5,7;3,5;
2026/06/02;1200 UTC;0;995,3;995,5;995,2;314,5;11,6;11,7;12;11,4;12,1;11,5;100;100;100;159;6;3,9;
2026/06/02;1300 UTC;0;995,7;996,1;995,3;769,5;12,7;12,1;13,5;12;12,4;11,5;100;91;97;91;6,6;3,4;
2026/06/02;1400 UTC;0;996,3;996,5;996;697,8;13,4;11,7;14;13;12;11;94;86;92;169;6,8;3,4;
2026/06/02;1500 UTC;0;995,8;996,2;995,4;1314,5;14,9;11;16,3;14;11,5;10,4;87;75;81;109;6,6;4,2;
2026/06/02;1600 UTC;0;994,9;995,4;994,7;1115,9;15,6;10,7;16,5;15,2;11,5;10,4;78;72;76;80;8,1;5,3;
2026/06/02;1700 UTC;0;994,4;994,7;994,2;883,4;15,7;10,5;16,3;15,4;11,2;10,1;76;71;74;89;7,9;4,6;
2026/06/02;1800 UTC;0;994,1;994,2;993,9;794,5;16,1;10,6;16,3;15,8;10,9;10,2;75;71;72;93;7,5;4,2;
2026/06/02;1900 UTC;0;993,9;994;993,8;478,3;15,9;10,6;16;15,7;11;10,3;75;72;74;107;7,4;3,4;
2026/06/02;2000 UTC;0;994,2;994,3;993,9;211,1;15,4;11;16;14,9;11,2;10,8;80;74;78;100;6,6;3,9;
2026/06/02;2100 UTC;0;994,2;994,4;994;39,9;14,5;10,9;14,9;14,1;11,1;10,7;84;80;82;103;5,2;3,2;
2026/06/02;2200 UTC;0;994,3;994,5;994,1;0;13,9;10,6;14,1;13,7;10,8;10,4;84;83;84;91;5,8;3,2;
2026/06/02;2300 UTC;0;994,6;994,7;994,3;0;13,6;10,5;14,2;13,3;10,9;10,4;87;83;85;112;5,6;3,6;
2026/06/03;0000 UTC;0;994,5;994,5;994,3;0;12,8;10,8;13,4;12,2;10,9;10,7;93;87;90;93;6,9;4,3;
2026/06/03;0100 UTC;0;994,8;995,2;994,5;0;12;10,8;12,2;11,6;10,9;10,6;95;93;94;136;5;2,5;
2026/06/03;0200 UTC;0;995,4;995,6;995;0;11,6;10,9;12;11,5;11,2;10,6;97;96;96;118;6,9;3,8;
2026/06/03;0300 UTC;0;995,4;995,7;995;0;11,8;11,3;12,1;11,5;11,7;10,9;98;96;98;138;4,4;2,1;
2026/06/03;0400 UTC;0;995,3;995,6;994,9;0;12,3;12;12,8;12,1;12,5;11,7;100;98;99;104;5,4;2,8;
2026/06/03;0500 UTC;0;994,5;994,8;994,4;0;12,4;12,4;12,7;12,3;12,8;12,3;100;100;100;132;3,9;2,3;
2026/06/03;0600 UTC;0;994,6;995;994,3;0;12,4;12,5;12,8;12,3;12,8;12,4;100;100;100;131;4;2;
2026/06/03;0700 UTC;0;994,1;994,5;993,6;0;12,7;12,7;13;12,5;13,1;12,6;100;100;100;133;8,5;3,1;
2026/06/03;0800 UTC;0;993,8;993,9;993,6;0;12,6;12,6;12,8;12,5;12,9;12,6;100;100;100;134;7,2;2,7;
2026/06/03;0900 UTC;0;993,4;993,6;993,2;0;12,7;12,7;12,8;12,6;12,8;12,7;100;100;100;143;7,5;3,4;
2026/06/03;1000 UTC;0;993,7;993,9;993,5;0;12,7;12,8;12,9;12,7;12,9;12,7;100;100;100;138;7,7;3,5;
2026/06/03;1100 UTC;0;994,2;994,4;993,9;12;12,8;12,9;13,3;12,7;13,3;12,7;100;100;100;139;4,4;3;
2026/06/03;1200 UTC;0;994,7;994,9;994,4;190,5;13,2;13,3;13,7;13;13,7;13;100;100;100;142;2,8;2,8;
2026/06/03;1300 UTC;0;994,9;995,1;994,8;713,5;14,5;13,8;15,7;13,7;14,1;13,4;100;89;97;142;2,8;2,8;
2026/06/03;1400 UTC;0;995;995,1;994,9;676,2;15,7;13,3;15,9;15,5;13,8;12,8;90;86;88;187;2,9;2,9;
2026/06/03;1500 UTC;0;994,7;994,9;994,2;637,3;16,3;13;17;15,6;13,4;12,6;89;79;84;180;2,9;2,9;
2026/06/03;1600 UTC;0;993,8;994,3;993,5;1069,7;17,4;12,5;17,8;16,8;12,8;11,9;79;72;75;180;2,9;2,9;
2026/06/03;1700 UTC;0;993,3;993,6;992,9;891,7;17,8;12,4;18,1;17,5;12,7;12;76;70;73;180;2,9;2,9;
2026/06/03;1800 UTC;0;992,7;992,9;992,6;977,7;18,2;12,5;19;17,8;13,3;12,1;74;68;72;81;5,3;3,2;
2026/06/03;1900 UTC;0;992,5;992,7;992,4;718,2;18,3;12,5;18,8;17,7;12,9;12,2;74;69;71;87;5,6;2,7;
2026/06/03;2000 UTC;0;992,7;992,9;992,5;391,6;18;12,9;19;17,4;13,2;12,5;78;69;74;116;3,5;2;
2026/06/03;2100 UTC;0;993,2;993,5;992,9;41,4;16,6;13,2;17,4;15,8;13,4;13;87;78;83;112;4;2,7;
2026/06/03;2200 UTC;0;993,6;993,7;993,4;0;15,2;13,3;15,8;14,7;13,7;13,1;93;87;90;102;4,4;2,5;
2026/06/03;2300 UTC;0;993,9;994,2;993,7;0;14,2;13,3;14,8;14;13,6;13,1;96;93;95;106;4,7;2,8;
2026/06/04;0000 UTC;0;994,2;994,3;994;0;14,5;13,5;15,2;14,2;14,1;13,3;96;95;95;107;4,6;2,9;
2026/06/04;0100 UTC;0;994,4;994,6;994,2;0;14,8;13,9;14,9;14,7;14,2;13,7;97;95;96;124;3;1,6;
2026/06/04;0200 UTC;0;994,7;994,8;994,6;0;14,6;14,1;15;14,5;14,4;13,9;98;97;97;83;4,9;2,7;
2026/06/04;0300 UTC;0;994,8;995;994,7;0;14;13,8;14,5;13,5;14;13,5;100;97;99;79;5,3;3,3;
2026/06/04;0400 UTC;0;994,9;995;994,8;0;13,2;13,3;13,5;12,8;13,6;12,8;100;100;100;76;4,6;3,1;
2026/06/04;0500 UTC;0;994,9;995;994,8;0;12,4;12,4;12,8;12;12,8;12;100;100;100;50;4,8;3,6;
2026/06/04;0600 UTC;0;994,9;995;994,8;0;12;12,1;12,5;11,9;12,5;12;100;100;100;64;3,5;2,6;
2026/06/04;0700 UTC;0;994,8;994,9;994,6;0;12,3;12,4;12,5;12,1;12,5;12,1;100;100;100;290;4,9;3,4;
2026/06/04;0800 UTC;0;994,6;994,7;994,2;0;12,3;12,4;13;12,2;13;12,2;100;100;100;200;3;2,3;
2026/06/04;0900 UTC;0;994,1;994,2;993,9;0;12,2;12,2;12,7;12;12,7;12;100;100;100;58;5,4;4,1;
2026/06/04;1000 UTC;,2;994,3;994,5;994;0;11,7;11,8;12;11,6;12,1;11,6;100;100;100;51;6,1;4,6;
2026/06/04;1100 UTC;0;994,8;995,1;994,5;44,7;11,6;11,7;11,8;11,4;11,8;11,5;100;100;100;37;4,9;3,9;
2026/06/04;1200 UTC;0;995,3;995,5;995,1;361,8;12,3;12,3;13;11,7;13;11,8;100;100;100;31;5,6;3,9;
2026/06/04;1300 UTC;0;995,4;995,6;995,3;793,4;13,2;13,2;13,8;12,6;13,7;12,7;100;98;100;30;5,7;4,1;
2026/06/04;1400 UTC;0;995,5;995,7;995,3;1101,6;14,5;13,7;15,2;13,7;14,3;13,3;99;93;96;295;11,4;9,9;
2026/06/04;1500 UTC;0;995,3;995,4;995;1593,2;16,7;14,2;17,9;15,2;14,7;13,8;94;82;88;282;0;0;
2026/06/04;1600 UTC;0;994,6;995;994;1952,5;18,8;14,5;19,6;17,9;15,2;14;83;74;79;37;4,8;3,3;
2026/06/04;1700 UTC;0;993,6;994,1;993,2;1893,5;20,2;14,5;21;19,3;15;14,1;78;67;71;29;5,5;4,1;
2026/06/04;1800 UTC;0;992,9;993,2;992,7;1581,2;21,3;14,5;21,6;20,7;14,9;14,2;70;64;66;39;5,1;3;
2026/06/04;1900 UTC;0;992,4;992,7;992,2;1041,5;21,5;14,2;21,8;21,3;14,5;13,9;66;62;64;40;3,6;2,4;
2026/06/04;2000 UTC;0;992,3;992,5;992,2;390,4;20,7;14,4;21,4;19,9;14,6;14,1;72;64;69;57;2,7;1,7;
2026/06/04;2100 UTC;0;992,5;992,6;992,4;45,1;19,3;14;20,1;18,8;14,5;13,5;75;71;73;66;2,9;2,3;
2026/06/04;2200 UTC;0;992,5;992,6;992,3;0;18,4;13,3;19;17,9;13,6;13,1;76;72;74;50;3,6;2,7;
2026/06/04;2300 UTC;0;992,8;992,9;992,6;0;17,4;13,1;18;16,7;13,3;12,9;81;76;78;53;4;3;
2026/06/05;0000 UTC;0;992,8;992,9;992,8;0;16,2;12,9;16,8;15,7;13,2;12,8;86;81;84;46;4,8;3,5;
2026/06/05;0100 UTC;0;992,8;992,8;992,7;0;15,4;12,8;15,9;14,9;13;12,7;89;85;87;32;4,4;3,2;
2026/06/05;0200 UTC;0;992,7;992,8;992,7;0;14,7;12,7;15;14,6;13;12,6;91;89;90;26;5,2;3,3;
2026/06/05;0300 UTC;0;992,6;992,7;992,3;0;14,3;12,7;14,7;13,9;12,9;12,6;94;90;92;28;5,1;3,3;
2026/06/05;0400 UTC;0;992,1;992,3;991,9;0;14;12,9;14,2;13,9;13,2;12,7;96;93;94;30;4,3;3,2;
2026/06/05;0500 UTC;0;991,9;992;991,8;0;13,7;13,1;14;13,4;13,3;12,9;99;96;97;39;3,1;2,5;
2026/06/05;0600 UTC;0;991,8;991,9;991,8;0;13,5;13,4;13,6;13,3;13,6;13,1;100;99;100;25;3,6;2,6;
2026/06/05;0700 UTC;0;991,8;991,8;991,6;0;13,3;13,3;13,6;13;13,6;13;100;99;100;19;2,9;2,2;
2026/06/05;0800 UTC;0;991,5;991,6;991,2;0;13,3;12,9;13,7;13,1;13,4;12,6;100;96;98;23;3,9;2,7;
2026/06/05;0900 UTC;0;991,1;991,3;990,9;0;12,9;12,9;13,3;12,7;13,2;12,7;100;99;100;24;2,8;2,3;
2026/06/05;1000 UTC;0;991,2;991,4;991,1;0;12,9;12,7;13,2;12,6;13,2;12,6;100;98;99;28;2,7;2,1;
2026/06/05;1100 UTC;0;991,5;991,6;991,4;63,2;12,9;12,6;13,3;12,6;13;12,5;100;97;99;37;2,8;2,4;
2026/06/05;1200 UTC;,2;991,7;991,9;991,6;508,4;14,5;13,3;15,2;13,2;13,8;12,7;98;91;94;42;2,9;2,4;
2026/06/05;1300 UTC;0;991,6;991,8;991,5;792,4;15,2;13,6;15,5;15;14,1;13,3;94;89;92;40;3,9;2,9;
2026/06/05;1400 UTC;0;991,7;991,8;991,5;1341;16,2;13,9;16,9;15,4;14,4;13,3;92;85;88;32;2,7;2,7;
2026/06/05;1500 UTC;0;991,5;991,9;991,2;1603,2;17,6;14,1;19,1;16,4;14,6;13,7;89;75;82;32;1,2;,1;
2026/06/05;1600 UTC;0;990,5;991,2;990,1;2041,7;19,7;14,5;20,6;18,8;15;14;78;69;74;282;4;2,1;
2026/06/05;1700 UTC;0;989,4;990,1;989;1900,6;21,3;14,8;21,8;20,6;15,4;14,2;72;64;68;92;3,5;2,2;
2026/06/05;1800 UTC;0;988,7;989;988,4;1500,1;22,1;15;22,8;21,4;15,5;14,3;67;59;64;252;3,6;1,4;
2026/06/05;1900 UTC;0;988,5;988,6;988,4;861,3;22;14,4;22,5;21,4;15,3;13,8;65;60;62;246;2,9;1,7;
2026/06/05;2000 UTC;0;988,6;988,6;988,5;299,4;20,7;14,4;21,4;19,7;15;13,9;75;63;68;212;2,6;1,7;
2026/06/05;2100 UTC;0;988,5;988,6;988,3;39,4;18,9;14,6;19,7;18,4;14,8;14,5;80;75;79;164;1,7;1,3;
2026/06/05;2200 UTC;0;988,2;988,4;988,1;0;17,6;14,1;18,6;16,9;14,5;13,5;86;79;83;157;2,5;1,3;
2026/06/05;2300 UTC;0;988,2;988,3;988,1;0;17,1;13,8;17,6;16,7;14,2;13,5;85;81;84;149;2,5;1,2;
2026/06/06;0000 UTC;0;988,3;988,4;988,1;0;17;13,8;17,5;16,7;14;13,7;85;82;84;127;5,4;2,8;
2026/06/06;0100 UTC;0;988,2;988,3;988;0;16,7;14,1;17,5;15,8;14,3;13,9;92;82;87;137;3,9;2;
2026/06/06;0200 UTC;0;988,4;988,5;988,2;0;15,5;14,4;16,4;15,1;14,8;14,2;97;89;94;169;3,2;1,2;
2026/06/06;0300 UTC;0;988,5;988,6;988,5;0;16,1;14,2;17,1;15,1;14,5;13,7;97;85;90;89;4,2;2,8;
2026/06/06;0400 UTC;0;988,2;988,5;988;0;17,2;14,6;17,8;16,8;14,9;14,1;88;85;87;76;3,8;2,8;
2026/06/06;0500 UTC;0;987,7;988;987,6;0;16,3;14,6;17,4;15,2;14,9;14,2;97;87;91;115;2,2;1,3;
2026/06/06;0600 UTC;0;987,4;987,6;987,1;0;15,8;14,8;16,2;15,4;15,3;14,5;97;92;95;57;2,8;2,2;
2026/06/06;0700 UTC;0;987,1;987,2;987;0;15,2;14,5;15,9;13,5;14,9;13,6;100;95;96;159;4,1;2,2;
2026/06/06;0800 UTC;0;987;987;986,8;0;13,4;13,4;13,7;12,8;13,7;12,8;100;100;100;153;3,1;1,6;
2026/06/06;0900 UTC;0;986,5;986,8;986,3;0;13,7;13,7;14,6;12,8;14,6;12,8;100;100;100;137;2,4;1,4;
2026/06/06;1000 UTC;0;986,8;987,1;986,4;0;13,8;13,8;14,4;13,1;14,5;13,1;100;100;100;161;3,5;2;
2026/06/06;1100 UTC;0;987,1;987,3;986,9;39,2;12,8;12,8;13,1;12,6;13,1;12,6;100;100;100;157;3,4;1,9;
2026/06/06;1200 UTC;0;987,2;987,3;987;362,6;13,9;13,7;14,9;12,8;14,3;12,9;100;95;99;94;3,4;1,7;
2026/06/06;1300 UTC;0;987,2;987,4;987;881;15,5;13,8;16,4;14,5;14,4;13,4;97;87;92;79;3,3;1,9;
2026/06/06;1400 UTC;0;987,4;987,5;987,3;1213,1;16,9;14,8;17,5;16,5;15,6;14;93;86;90;214;2,6;2,1;
2026/06/06;1500 UTC;0;987;987,3;986,6;1184,7;17,8;15,4;18,6;17,2;16;14,9;92;84;88;42;2;,8;
2026/06/06;1600 UTC;0;986,3;986,6;985,9;1382,6;19,6;15,9;20,4;18,7;16,4;15,4;85;77;82;155;2,1;1,2;
2026/06/06;1700 UTC;0;985,7;985,9;985,4;939,6;19,6;15,4;20,3;19,3;16;14,9;82;75;79;171;2,4;1,1;
2026/06/06;1800 UTC;0;985,3;985,6;985,2;1101,2;19,6;15;20,2;19,3;15,5;14,6;81;73;77;168;3,5;2,1;
2026/06/06;1900 UTC;0;985,2;985,3;985;647,8;19,1;15,1;19,6;18,6;15,4;14,7;83;76;80;160;2,8;1,5;
2026/06/06;2000 UTC;0;985,2;985,4;985,1;280;18,1;15,2;18,8;17,5;15,4;14,9;89;82;85;161;1,7;1;
2026/06/06;2100 UTC;0;985,5;985,6;985,3;29,5;16,7;15,2;17,4;15,9;15,5;15,1;96;90;93;130;3,2;1,5;
2026/06/06;2200 UTC;0;985,7;985,9;985,6;0;15,5;14,8;15,9;15;15,3;14,2;99;95;97;122;4,1;2,5;
2026/06/06;2300 UTC;0;986,1;986,4;985,9;0;14,3;13,8;15,1;13,8;14,3;13,1;99;95;97;144;3;1,7;
2026/06/07;0000 UTC;0;986,4;986,5;986,3;0;14;12,7;14,6;13,7;13,4;11;98;83;94;113;3,6;2,2;
2026/06/07;0100 UTC;0;986,4;986,5;986,3;0;14,6;11,8;15;13,7;13,4;10,9;99;80;86;166;3,4;1,9;
2026/06/07;0200 UTC;0;986,2;986,4;986;0;13,6;13,6;14;13,3;14;13,4;100;99;100;144;3,2;1,6;
2026/06/07;0300 UTC;0;986;986,2;985,9;0;13,1;13,1;13,4;12,7;13,4;12,7;100;100;100;119;3;1,9;
2026/06/07;0400 UTC;0;986,3;986,5;986,1;0;12,6;12,6;12,8;12,5;12,8;12,5;100;100;100;155;3,2;1,8;
2026/06/07;0500 UTC;0;986,4;986,4;986,3;0;12,7;12,7;13;12,6;13,1;12,6;100;100;100;148;3,8;2,3;
2026/06/07;0600 UTC;0;986,2;986,3;986,1;0;12,5;12,6;12,8;12,2;12,8;12,3;100;100;100;132;5,7;3,4;
2026/06/07;0700 UTC;0;986,1;986,3;986;0;12;12,1;12,3;11,9;12,3;11,9;100;100;100;126;5,6;3,3;
2026/06/07;0800 UTC;0;986,1;986,2;985,9;0;12,2;12,2;12,3;11,9;12,3;12;100;100;100;125;5;2,6;
2026/06/07;0900 UTC;0;986,3;986,5;986,1;0;12,2;12,2;12,4;12;12,4;12,1;100;100;100;133;4,7;2,6;
2026/06/07;1000 UTC;0;986,5;986,7;986,2;0;12,2;12,2;12,5;12;12,5;12,1;100;100;100;123;6,1;3,5;
2026/06/07;1100 UTC;0;986,9;987,1;986,6;9,3;12,2;12,2;12,5;12,1;12,5;12,1;100;100;100;104;7;4;
2026/06/07;1200 UTC;0;987,1;987,5;986,9;73,8;12,3;12,3;12,7;12,2;12,7;12,2;100;100;100;103;6,5;3,1;
2026/06/07;1300 UTC;0;987,7;988,1;987,5;250,9;12,6;12,6;13;12,3;13;12,4;100;100;100;90;6,1;3;
2026/06/07;1400 UTC;0;987,9;988,1;987,8;884,6;13,6;13,6;14,3;12,9;14,4;12,9;100;99;100;271;6;3;
2026/06/07;1500 UTC;0;987,5;987,8;987,3;1561,8;15,8;13,3;18,3;14,2;14,1;12,7;99;74;87;176;2,6;,6;
2026/06/07;1600 UTC;,2;986,8;987,3;986,3;1839,1;17,8;13;19,3;16,5;13,6;12,4;81;69;76;122;1,5;,1;
2026/06/07;1700 UTC;0;986,1;986,4;985,9;1719,5;19;13;19,9;18,4;13,9;12,5;72;67;70;100;7,7;4,7;
2026/06/07;1800 UTC;0;986,1;986,2;986;389,6;17,6;13;18,7;16,5;13,6;12,5;84;73;77;138;6,7;3,6;
2026/06/07;1900 UTC;0;986,2;986,4;986,1;261;16,1;13;16,4;15,9;13,2;12,7;85;83;84;133;7,3;3;
2026/06/07;2000 UTC;0;986,6;987;986,3;156,5;15,7;12,7;16;15,4;12,9;12,6;86;83;85;134;5,4;2,8;
2026/06/07;2100 UTC;0;987,2;987,4;987;19,6;15,2;12,8;15,4;14,9;12,9;12,7;89;86;88;120;6,8;4,1;
2026/06/07;2200 UTC;0;987,4;987,6;987,2;0;14,7;12,8;15;14,3;13,1;12,7;92;89;91;126;5,4;3;
2026/06/07;2300 UTC;0;987,6;987,8;987,4;0;14,2;12,9;14,5;14;13,1;12,8;95;92;93;122;6,2;3,2;
2026/06/08;0000 UTC;0;987,9;988,1;987,6;0;14,1;13,5;14,2;14;14,1;13;100;95;97;118;7,4;4,6;
2026/06/08;0100 UTC;0;988,2;988,3;988;0;14;13,8;14,2;13,9;14;13,6;100;99;99;114;7;4,3;
2026/06/08;0200 UTC;0;988,1;988,3;987,9;0;13,8;13,5;14;13,7;13,7;13,2;99;97;98;111;6,1;3,7;
2026/06/08;0300 UTC;0;988;988,1;987,9;0;13,5;13,2;13,7;13,3;13,4;13,1;99;97;98;110;5;3,2;
2026/06/08;0400 UTC;,4;988,2;988,3;988;0;13,3;13,3;13,7;13,2;13,5;13,2;100;99;100;121;5,4;3,5;
2026/06/08;0500 UTC;1,2;988,3;988,4;988,3;0;13,1;13,1;13,4;13,1;13,4;13,1;100;100;100;110;5,7;3,4;
2026/06/08;0600 UTC;1,8;988,2;988,6;987,8;0;13,1;13,1;13,5;13;13,6;13;100;100;100;125;5,5;3,1;
2026/06/08;0700 UTC;,8;987,4;987,8;986,8;0;12,9;12,9;13,1;12,8;13,2;12,9;100;100;100;109;6,4;3,8;
2026/06/08;0800 UTC;,2;986,5;986,8;986,4;0;12,8;12,9;13;12,7;13;12,7;100;100;100;107;6,7;3,5;
2026/06/08;0900 UTC;,2;986,5;986,7;986,4;0;12,6;12,6;13;12,5;13;12,5;100;100;100;126;6;3,2;
2026/06/08;1000 UTC;0;986,7;986,9;986,4;0;12,3;12,4;12,6;12,2;12,6;12,2;100;100;100;126;4,8;2,5;
2026/06/08;1100 UTC;,2;987;987,2;986,9;4,9;12,1;12,2;12,5;12,1;12,5;12,1;100;100;100;121;3,7;2,4;
2026/06/08;1200 UTC;,2;987,3;987,5;987,2;89,4;12,2;12,2;12,4;12,1;12,4;12,1;100;100;100;140;4,6;2,2;
2026/06/08;1300 UTC;,2;987,6;987,7;987,4;207,3;12,4;12,5;12,6;12,3;12,6;12,3;100;100;100;134;5;2,5;
2026/06/08;1400 UTC;1,8;987,8;987,9;987,6;298,7;12,6;12,6;12,9;12,4;12,9;12,4;100;100;100;136;6;3,2;
2026/06/08;1500 UTC;2,4;987,7;987,9;987,4;341,1;12,6;12,6;12,8;12,5;12,9;12,5;100;100;100;151;7,8;3,8;
2026/06/08;1600 UTC;1,4;986,9;987,5;986,3;426,6;12,7;12,8;13,1;12,5;13,1;12,5;100;100;100;211;6;4;
2026/06/08;1700 UTC;2;986,1;986,4;985,7;350,5;12,4;12,5;12,6;12,3;12,6;12,3;100;100;100;253;7,6;4,7;
2026/06/08;1800 UTC;,8;985,7;985,8;985,4;285,2;12,5;12,6;12,7;12,4;12,7;12,5;100;100;100;239;7,1;4,6;
2026/06/08;1900 UTC;1,4;985,3;985,5;985,2;154,9;12,5;12,6;12,7;12,4;12,7;12,4;100;100;100;245;7,9;5,4;
2026/06/08;2000 UTC;2,8;985,5;985,7;985,3;68,4;12,3;12,4;12,7;12,2;12,7;12,2;100;100;100;181;8,6;3,3;
2026/06/08;2100 UTC;,8;985,6;985,8;985,4;18,5;12,1;12,2;12,3;11,9;12,4;11,9;100;100;100;217;8,8;4,9;
2026/06/08;2200 UTC;,8;985,8;986,1;985,4;0;11,3;11,4;11,8;11;11,9;11;100;100;100;131;7,6;4,7;
2026/06/08;2300 UTC;,4;986,1;986,2;985,8;0;10,8;10,9;11,2;10,7;11,3;10,7;100;100;100;122;8,3;4,8;
2026/06/09;0000 UTC;0;986,2;986,4;986;0;10,7;10,7;10,8;10,6;10,9;10,7;100;100;100;129;7,8;4,6;
2026/06/09;0100 UTC;,4;986,5;986,6;986,4;0;10,7;10,7;10,8;10,7;10,9;10,7;100;100;100;141;5,7;2,9;
2026/06/09;0200 UTC;,2;986,5;986,7;986,4;0;10,8;10,8;11,1;10,7;11,1;10,7;100;100;100;150;5,4;2,8;
2026/06/09;0300 UTC;,2;986,7;986,8;986,6;0;10,7;10,8;11,1;10,7;11,1;10,7;100;100;100;169;5,4;3;
2026/06/09;0400 UTC;,4;986,5;986,6;986,4;0;10,9;11;11,3;10,8;11,3;10,8;100;100;100;162;5,5;2,7;
2026/06/09;0500 UTC;,6;986,6;986,7;986,5;0;11,2;11,2;11,4;11;11,4;11,1;100;100;100;158;4,2;2,1;
2026/06/09;0600 UTC;,2;986,4;986,6;986,2;0;11,1;11,1;11,3;11;11,4;11,1;100;100;100;157;4,7;2,4;
2026/06/09;0700 UTC;0;986,2;986,3;986;0;11,1;11,1;11,5;11;11,5;11;100;100;100;147;3,6;1,9;
2026/06/09;0800 UTC;0;986,1;986,2;986;0;11;11;11,2;10,9;11,2;10,9;100;100;100;175;4,3;2,2;
2026/06/09;0900 UTC;,2;986,1;986,4;986;0;11;11;11,3;10,9;11,3;10,9;100;100;100;178;5,6;2,4;
2026/06/09;1000 UTC;0;986,8;987,3;986,3;0;10,7;10,7;11;10,2;11;10,2;100;100;100;182;5,7;2,7;
2026/06/09;1100 UTC;0;987,6;987,8;987,3;17,9;10,2;10,2;10,3;10,1;10,4;10,1;100;100;100;177;6,1;3,3;
2026/06/09;1200 UTC;0;987,9;987,9;987,7;316,6;10,5;10,6;11,1;10,2;11,1;10,2;100;100;100;205;8,1;3,7;
2026/06/09;1300 UTC;0;988,3;988,5;988;773,1;11,4;11,2;12,3;11;11,6;10,8;100;94;99;162;4,9;2,2;
2026/06/09;1400 UTC;0;988,4;988,5;988;1220,6;12,6;10,5;13,4;12;11,2;10;95;83;90;169;4,4;2,4;
2026/06/09;1500 UTC;0;987,8;988;987,7;1024,3;12,8;10;13,5;12,2;11,2;9,4;90;82;86;155;4;2;
2026/06/09;1600 UTC;0;987,1;987,6;986,7;1118,8;13,6;10,1;14,2;13,1;10,5;9,5;86;77;83;182;3;1,7;
2026/06/09;1700 UTC;0;986,3;986,6;986;1303;14,1;9,8;15,5;13,5;10,5;9,1;83;74;79;150;4,6;2,2;
2026/06/09;1800 UTC;0;986,2;986,4;986;1533;15;9,8;16,2;13,9;10,5;9,2;80;68;74;187;2,8;1,5;
2026/06/09;1900 UTC;0;986,1;986,2;985,9;748,4;14,6;9,8;15,4;13,9;10,3;9,3;80;72;76;201;2,4;1,1;
2026/06/09;2000 UTC;0;986;986,2;985,8;491,7;14,8;9,3;15,2;14,3;10;8,6;78;68;72;212;2,6;1,6;
2026/06/09;2100 UTC;0;986,2;986,5;985,9;56,8;13,3;8,8;14,7;12,4;9,3;8,4;83;71;77;189;2,6;1,5;
2026/06/09;2200 UTC;0;986,5;986,9;986,3;0;11,8;9,2;12,4;11,2;9,6;8,8;92;82;87;172;1,8;,9;
2026/06/09;2300 UTC;0;987,3;987,6;986,9;0;12;9,1;12,6;11,7;9,2;9;88;82;85;190;1,2;,8;
2026/06/10;0000 UTC;0;987,5;987,6;987,4;0;12,5;9;12,8;11,8;9,1;8,8;85;80;82;117;2,6;1,8;
2026/06/10;0100 UTC;0;987,4;987,6;987,1;0;11,3;8,9;11,7;11,1;9,4;8,6;91;86;88;113;3,7;2,9;
2026/06/10;0200 UTC;0;987,1;987,3;986,9;0;10,9;9,5;11,3;10,8;9,9;9,3;95;91;93;101;3,5;2,2;
2026/06/10;0300 UTC;0;986,4;986,9;986;0;10,6;9,7;10,9;10,1;9,9;9,4;98;94;96;84;4,6;2,9;
2026/06/10;0400 UTC;0;986,2;986,4;985,8;0;9,9;9,6;10,4;9,5;10;9,3;100;97;98;32;1,6;1,1;
2026/06/10;0500 UTC;0;986,1;986,3;986;0;10,5;9,3;10,9;9,7;10;9;100;91;94;54;2,6;2,2;
2026/06/10;0600 UTC;0;986,3;986,4;986,2;0;10,2;8,8;10,7;9,9;9;8,5;95;90;93;185;1,6;1,3;
2026/06/10;0700 UTC;0;986;986,2;985,5;0;9,9;8,9;10,2;9,5;9,1;8,8;98;94;95;65;2,6;2,2;
2026/06/10;0800 UTC;0;985,6;985,7;985,4;0;9,4;9;9,7;9,1;9,3;8,8;99;97;98;73;3,7;3;
2026/06/10;0900 UTC;0;985,6;985,7;985,5;0;8,9;8,6;9,8;7,9;9,4;7,9;100;96;99;143;2,6;1,5;
2026/06/10;1000 UTC;0;985,8;986,1;985,7;0;8,9;8,9;9,3;7,8;9,4;7,8;100;100;100;125;3,1;1,6;
2026/06/10;1100 UTC;0;986;986,1;985,9;19,3;8,3;8,3;9;7,2;9;7,3;100;100;100;124;4,5;3,1;
2026/06/10;1200 UTC;0;986,3;986,5;986,1;371,4;9,1;9,1;9,5;8,8;9,6;8,8;100;100;100;116;4,7;3,5;
2026/06/10;1300 UTC;0;986,7;987,1;986,4;855,9;10,5;9,6;11,6;9,3;10,2;9;100;89;96;115;4,3;2,5;
2026/06/10;1400 UTC;,2;986,9;987;986,8;1609,3;11,9;9,9;12,7;11,2;10,6;9,3;94;86;90;126;5,2;2,8;
2026/06/10;1500 UTC;0;986,5;986,9;985,9;1784,3;12,2;10,2;12,7;11,5;11,2;9,6;95;86;90;100;6,4;3,7;
2026/06/10;1600 UTC;0;985,8;986,1;985,5;1702,2;12,5;10,5;14,1;11,2;11,3;9,9;95;84;90;143;8,2;4,2;
2026/06/10;1700 UTC;0;984,8;985,5;984,2;1968,8;15;11;16,2;14,1;12;10,5;87;74;80;63;6,2;3,1;
2026/06/10;1800 UTC;0;983,9;984,2;983,5;1346,6;15,7;10,5;16,7;14,7;11,2;9,6;80;67;74;80;4,1;2,3;
2026/06/10;1900 UTC;0;983,3;983,5;983,2;1146,7;16,4;9,8;16,8;15,9;10,6;9,3;71;63;67;57;4,5;2,7;
2026/06/10;2000 UTC;0;983,6;983,7;983,4;577,9;15,9;10,1;16,7;15,2;10,6;9,7;75;66;71;67;3,4;2;
2026/06/10;2100 UTC;0;983,8;984,3;983,5;41,8;13,8;9,9;15,4;12,4;10,1;9,8;87;74;81;137;3,3;1,9;
2026/06/10;2200 UTC;0;984,7;984,9;984,3;0;12;9,7;12,4;11,3;9,9;9,5;92;86;89;128;4,9;2,7;
2026/06/10;2300 UTC;0;985,1;985,2;984,9;0;12;9,5;12,8;11,4;9,9;9,4;90;85;87;128;4,5;2,4;
2026/06/11;0000 UTC;0;984,8;985,1;984,5;0;10,9;9,7;11,4;10,6;10,2;9,1;96;90;94;113;5;3,4;
2026/06/11;0100 UTC;0;984,3;984,7;984,1;0;10,2;9,9;10,5;9,9;10,2;9,7;100;97;99;108;4,8;2,7;
2026/06/11;0200 UTC;0;984,9;985,2;984,5;0;10;10;10,5;9,7;10,4;9,7;100;99;100;86;3;1,7;
2026/06/11;0300 UTC;0;985,3;985,6;985,1;0;10,5;10,1;10,7;10,4;10,3;10;99;98;98;81;3,1;2;
2026/06/11;0400 UTC;0;985,5;985,6;985,4;0;10,7;10,1;11,1;10,3;10,5;10;99;96;97;93;3,7;1,8;
2026/06/11;0500 UTC;0;985,6;985,7;985,4;0;10,2;10;10,6;9,9;10,2;9,8;100;97;99;117;3;2,2;
2026/06/11;0600 UTC;0;985,4;985,6;985,2;0;9,4;9,5;10;9,1;10;9,1;100;100;100;128;3,4;2,1;
2026/06/11;0700 UTC;0;985,1;985,3;985;0;9,1;9,1;9,3;8,9;9,3;9;100;100;100;110;3,7;2,3;
2026/06/11;0800 UTC;0;985;985,3;984,8;0;9,4;9,3;9,8;9,2;9,6;9,1;100;97;99;89;4,8;3,1;
2026/06/11;0900 UTC;0;984,9;985,1;984,7;0;9,6;9;9,8;9,3;9,2;8,8;98;97;97;108;3,8;2,1;
2026/06/11;1000 UTC;0;985,7;986,3;985;0;8,1;8;9,3;7,1;9,1;7,1;100;97;99;199;2,6;1,7;
2026/06/11;1100 UTC;0;986,3;986,5;986,2;31,1;7;7;7,6;6,7;7,6;6,7;100;100;100;165;2,9;1,8;
2026/06/11;1200 UTC;0;986,8;987,2;986,3;318,3;8,9;8,9;10;7,3;10,1;7,3;100;100;100;109;3,3;2;
2026/06/11;1300 UTC;0;987,6;987,8;987,3;426,6;9,9;10;10,2;9,8;10,2;9,8;100;100;100;149;3,4;1,8;
2026/06/11;1400 UTC;0;987,6;987,9;987,2;482,2;10,3;10,3;10,7;9,9;10,8;9,9;100;100;100;139;3;1,5;
2026/06/11;1500 UTC;0;987,1;987,2;986,8;614,6;11,1;10,4;11,5;10,6;11,1;10,1;100;94;97;108;3,4;2;
2026/06/11;1600 UTC;0;986,5;986,9;986,1;1020,6;12,2;10,2;12,8;11,5;11;9,6;95;85;90;113;3,4;1,7;
2026/06/11;1700 UTC;0;985,8;986,1;985,4;672,4;12,8;9,7;13;12,6;10,3;9,3;87;83;85;117;3,2;1,9;
2026/06/11;1800 UTC;0;985,3;985,5;985;334,6;12,7;9,8;12,9;12,6;10,3;9,2;88;83;86;162;2,7;1,5;
2026/06/11;1900 UTC;0;984,6;985;984,2;174;12,5;10,6;12,8;12,3;11,2;10,1;94;87;90;118;2,2;1,1;
2026/06/11;2000 UTC;,6;984,5;984,6;984,3;62,5;12,1;11,5;12,4;11,9;11,8;11,1;99;94;97;130;2,2;1,3;
2026/06/11;2100 UTC;1;984,7;984,9;984,6;4,6;11,8;11,7;12;11,6;11,9;11,7;100;99;100;162;1,7;,9;
2026/06/11;2200 UTC;,6;984,9;984,9;984,7;0;11,6;11,6;11,8;11,5;11,9;11,5;100;100;100;158;3,1;1,4;
2026/06/11;2300 UTC;,8;984,6;984,8;984,4;0;11,7;11,7;11,9;11,5;11,9;11,5;100;100;100;153;6,3;2,7;
2026/06/12;0000 UTC;,8;984,7;984,9;984,5;0;11,9;11,9;12;11,8;12,1;11,8;100;100;100;247;8;5,6;
2026/06/12;0100 UTC;,6;984,6;984,8;984,4;0;11,8;11,9;12;11,8;12;11,8;100;100;100;228;8,4;5,1;
2026/06/12;0200 UTC;,8;984,7;984,8;984,6;0;11,8;11,8;11,9;11,8;11,9;11,8;100;100;100;254;8,8;7,1;
2026/06/12;0300 UTC;1,2;984,4;984,6;984;0;11,8;11,9;12,1;11,8;12,2;11,8;100;100;100;257;8,8;7,5;
2026/06/12;0400 UTC;1,4;984,1;984,2;983,8;0;12;12;12,2;11,8;12,2;11,9;100;100;100;257;9,6;7,2;
2026/06/12;0500 UTC;1;983,2;983,8;982,7;0;12,1;12,1;12,3;12;12,3;12;100;100;100;255;9,6;7,1;
2026/06/12;0600 UTC;,4;982,2;982,7;981,5;0;12,2;12,2;12,3;12,2;12,3;12,2;100;100;100;252;9,3;7,2;
2026/06/12;0700 UTC;0;981,6;981,8;981,4;0;12,1;12,2;12,5;12;12,6;12,1;100;100;100;254;9,9;7,8;
2026/06/12;0800 UTC;0;981,2;981,5;981;0;12;12;12,1;11,9;12,2;11,9;100;100;100;244;10;8,5;
2026/06/12;0900 UTC;0;981,2;981,3;981;0;11,9;11,9;12;11,7;12,1;11,8;100;100;100;249;10,2;8,4;
2026/06/12;1000 UTC;0;981,5;981,7;981,2;0;11,6;11,7;11,8;11,5;11,8;11,5;100;100;100;250;8,8;7,5;
2026/06/12;1100 UTC;,2;981,6;981,7;981,5;3,9;11,6;11,6;11,7;11,5;11,8;11,5;100;100;100;248;9;7,6;
2026/06/12;1200 UTC;;;;;;;;;;;;;;;;;;
2026/06/12;1300 UTC;0;982;982,2;981,8;84,8;12;12;12,2;11,8;12,2;11,8;100;100;100;245;10,6;8,8;
2026/06/12;1400 UTC;,8;982,4;982,5;982,1;152,9;11,9;11,9;12,1;11,8;12,2;11,8;100;100;100;250;9,8;8;
2026/06/12;1500 UTC;0;982,4;982,5;982,3;487,7;12,6;12,6;12,9;12,2;12,9;12,2;100;100;100;257;10,8;7,7;
2026/06/12;1600 UTC;0;981,9;982,3;981,7;496,9;12,9;13;13,4;12,6;13,4;12,6;100;100;100;253;9,9;7,7;
2026/06/12;1700 UTC;0;981,2;981,7;980,9;491,7;13,4;13,1;13,8;13;13,6;12,6;100;95;98;228;9,2;5,8;
2026/06/12;1800 UTC;0;980,8;980,9;980,7;626,5;13,8;12,8;14,4;13,2;13,5;11,6;100;88;95;238;6,5;5,7;
2026/06/12;1900 UTC;0;980,7;980,8;980,5;954,5;14,7;12,3;15,5;14;13,3;11,4;91;85;88;185;7,2;4,6;
2026/06/12;2000 UTC;0;980,9;981,2;980,7;416,7;14,2;11,4;14,8;13,6;12,1;11;90;84;86;176;4,9;2,1;
2026/06/12;2100 UTC;0;981,6;981,9;981,2;36,4;13,2;11,9;13,6;12,7;12,1;11,7;97;90;94;189;1,9;1,1;
2026/06/12;2200 UTC;0;982,4;982,9;982;0;12,7;12,3;12,9;12,6;12,6;12,1;98;97;98;210;3,8;2,7;
2026/06/12;2300 UTC;0;983,4;983,9;982,9;0;12,8;12,7;13,1;12,8;12,9;12,5;100;98;99;223;5,7;3,9;
2026/06/13;0000 UTC;0;984,1;984,2;983,9;0;12,7;12,6;12,9;12,6;12,8;12,5;100;99;99;221;4,1;2,8;
2026/06/13;0100 UTC;0;984,2;984,3;984,1;0;12,6;12,3;12,8;12,5;12,6;12,2;100;98;99;213;2,9;2,4;
2026/06/13;0200 UTC;0;984,2;984,3;984,1;0;12,6;12,1;13;12,1;12,4;11,8;99;96;97;198;2,6;1,8;
2026/06/13;0300 UTC;0;984,2;984,3;984,1;0;12,2;12,1;12,5;11,9;12,3;11,8;100;99;100;204;3,2;2,2;
2026/06/13;0400 UTC;0;984,2;984,3;984,1;0;12,6;12,3;12,8;12,5;12,6;12,2;99;98;98;227;3,9;2,9;
2026/06/13;0500 UTC;0;984,2;984,3;984;0;12,5;12,2;13;12,4;12,6;12,1;99;98;98;209;3,2;2,3;
2026/06/13;0600 UTC;0;984;984,1;983,9;0;12,4;12,1;12,5;12,3;12,2;12;99;98;98;225;3,4;2,5;
2026/06/13;0700 UTC;0;983,9;984;983,7;0;12,2;12;12,5;11,9;12,1;11,8;100;98;99;201;2,6;1,5;
2026/06/13;0800 UTC;0;983,7;983,8;983,6;0;11,8;11,8;12,1;11,6;12;11,6;100;98;100;204;1,5;,8;
2026/06/13;0900 UTC;0;983,7;983,9;983,6;0;11,5;11,5;11,9;11,2;11,8;11,2;100;98;100;190;1,7;1,1;
2026/06/13;1000 UTC;0;984,3;984,7;983,9;0;11,5;11,5;11,9;11,1;11,9;11,1;100;100;100;283;9,7;7,4;
2026/06/13;1100 UTC;0;985,4;985,9;984,7;10,2;11,1;11,1;11,5;10,8;11,5;10,8;100;100;100;273;9,7;2,7;
2026/06/13;1200 UTC;0;986,2;986,5;985,9;240,5;11,5;11,5;11,9;11,1;12;11,1;100;100;100;249;10,6;7;
2026/06/13;1300 UTC;0;986,7;986,9;986,5;875,3;12,3;12,2;13,2;11,7;12,7;11,8;100;94;99;268;11,4;10,1;
2026/06/13;1400 UTC;0;986,9;987;986,8;911,5;13,6;12,2;14;13,2;13;11,6;97;89;93;207;3,1;2;
2026/06/13;1500 UTC;0;986,7;986,9;986,6;962,1;14,5;11,7;15,1;13,8;12,6;11;94;81;86;230;7,2;3,7;
2026/06/13;1600 UTC;0;986,4;986,6;986,1;911,1;13,9;11,5;14,7;13,1;12,2;10,9;92;84;88;227;8;5,1;
2026/06/13;1700 UTC;0;985,8;986,2;985,4;1875;13,4;11,3;14,2;12,5;12,1;10,6;94;85;90;230;7,1;4,9;
2026/06/13;1800 UTC;0;985,6;985,9;985,5;1143,9;13,3;10,6;14,1;12,7;11,5;10,1;89;83;87;233;6,8;3,9;
2026/06/13;1900 UTC;0;985,8;986;985,5;585,4;12,6;10,2;12,9;12,4;10,6;9,9;90;86;88;224;6,3;4,5;
2026/06/13;2000 UTC;0;985,5;985,6;985,4;448,3;12,8;9,9;13,4;12,5;10,4;9,5;87;83;86;228;2,5;1,6;
2026/06/13;2100 UTC;0;985,6;985,7;985,5;24,8;12,2;9,9;12,5;11,8;10,3;9,5;92;86;88;185;2,5;1,3;
2026/06/13;2200 UTC;0;986;986,3;985,6;0;11,7;10,4;11,9;11,6;10,7;10,1;95;91;94;282;3,3;1,1;
2026/06/13;2300 UTC;0;986,4;986,6;986,2;0;12;10;12,2;11,6;10,3;9,7;92;88;90;223;5,8;3,9;
2026/06/14;0000 UTC;0;986,9;987,1;986,6;0;11,4;10,2;11,7;11,1;10,4;10,1;96;92;94;213;5,3;4;
2026/06/14;0100 UTC;0;986,9;986,9;986,8;0;10,6;10,2;11;10,2;10,5;10;100;96;98;218;5,6;4,1;
2026/06/14;0200 UTC;0;986,9;987;986,7;0;10,5;10,3;10,8;10,2;10,5;10,1;100;98;99;233;6,6;3,8;
2026/06/14;0300 UTC;0;987,1;987,2;986,9;0;10,1;9,9;10,3;9,8;10,2;9,5;100;98;99;229;5,6;3,6;
2026/06/14;0400 UTC;0;986,9;987;986,7;0;9,7;9,4;10,1;9,6;9,9;8,8;100;96;99;246;4;1,8;
2026/06/14;0500 UTC;0;986,7;986,9;986,5;0;9,7;8,1;9,9;9,5;8,8;7,2;96;87;92;281;7,6;5,3;
2026/06/14;0600 UTC;0;986,8;987,1;986,5;0;9;6,9;9,5;8,7;7,4;6,1;92;87;90;284;5,8;4,2;
2026/06/14;0700 UTC;0;986,6;986,8;986,4;0;8,5;5,7;8,9;8,1;6,1;5,3;87;85;86;277;4,6;3,2;
2026/06/14;0800 UTC;0;986,6;986,8;986,3;0;9;5,3;9,8;8,3;5,5;5,2;85;77;82;265;6,9;4;
2026/06/14;0900 UTC;0;986,9;987,2;986,6;0;9,8;5,9;10,2;9,6;6,4;5,3;83;77;81;268;6,1;3,8;
2026/06/14;1000 UTC;0;987,3;987,6;987,1;0;9,1;7,8;10,1;8,9;8,4;5,9;98;80;93;226;7,9;5;
2026/06/14;1100 UTC;,2;988,1;988,8;987,5;,7;8,7;8,7;9,1;8,1;8,9;8,1;100;98;100;198;10,6;6;
2026/06/14;1200 UTC;0;989,2;989,6;988,9;84,7;7,2;7,2;7,8;7,1;7,8;7,1;100;100;100;185;7,7;3,9;
2026/06/14;1300 UTC;0;989,9;990,2;989,6;397,3;7,7;7,3;8;7,3;7,8;6,9;100;95;98;189;7,9;4,4;
2026/06/14;1400 UTC;0;990,3;990,4;990,1;1033,5;8,8;6,5;9,5;8;7,4;5,7;96;83;89;178;7,3;4,5;
2026/06/14;1500 UTC;0;990,4;990,5;990,3;1475,7;10;5,8;11,3;9;6,9;4,8;85;72;79;179;8;3,9;
2026/06/14;1600 UTC;0;990;990,4;989,7;1939,1;10,7;5,2;11,8;9,8;5,8;4,3;79;64;72;182;8,4;4,5;
2026/06/14;1700 UTC;0;989,4;989,7;989,2;1628,9;11,2;4,6;12;10,3;5,5;3,8;73;60;67;185;6,9;3,2;
2026/06/14;1800 UTC;0;989,3;989,3;989,2;974,6;10,9;4;12,3;10,4;5;2,6;69;60;66;210;4,1;2,5;
2026/06/14;1900 UTC;0;989,2;989,4;989,1;1151,2;11,6;3,5;12,5;10,5;4,4;2,7;65;54;60;213;7,4;3,9;
2026/06/14;2000 UTC;0;989,7;989,9;989,4;609,8;11,2;3;11,6;10,7;3,6;2,5;62;56;59;195;4,4;2,3;
2026/06/14;2100 UTC;0;990,1;990,4;989,9;51,1;9,1;3;10,8;8,1;3,3;2,7;73;62;70;183;2;1,2;
2026/06/14;2200 UTC;0;990,5;990,7;990,3;0;8,2;2,4;8,5;8;3;2;74;68;71;165;1,6;,9;
2026/06/14;2300 UTC;0;991;991,2;990,7;0;7,9;2;8,4;7,8;2,5;1,8;73;69;70;236;2;1,3;
2026/06/15;0000 UTC;0;991,2;991,5;991;0;7,9;2,1;8,2;7,8;2,3;1,8;71;70;71;229;1,8;1,4;
2026/06/15;0100 UTC;0;991,5;991,7;991,3;0;7,7;2,2;8,2;7,2;2,5;2;76;70;73;219;2,2;1,4;
2026/06/15;0200 UTC;0;991,7;991,9;991,6;0;7,3;2,1;8,3;6,5;2,4;1,2;78;66;74;222;2,6;1,8;
2026/06/15;0300 UTC;0;992;992,2;991,8;0;6,2;2,1;6,7;5,7;2,4;2;83;77;80;226;4,3;2,7;
2026/06/15;0400 UTC;0;992;992,1;991,8;0;6,2;2,1;6,6;5,6;2,5;1,7;81;77;80;227;3,6;2,5;
2026/06/15;0500 UTC;0;991,8;991,9;991,6;0;5,7;1,5;6;5,3;2;1,3;81;77;79;228;4,2;3;
2026/06/15;0600 UTC;0;991,6;991,7;991,4;0;5,2;1,3;5,8;4,6;1,7;1;82;79;81;218;4,5;3,4;
2026/06/15;0700 UTC;0;991,3;991,5;991,1;0;4,3;1;4,6;4;1,1;,9;85;82;83;214;4,4;3,6;
2026/06/15;0800 UTC;0;991,4;991,5;991,1;0;4;1;4,5;3,6;1,3;,8;87;82;85;202;3,3;2,2;
2026/06/15;0900 UTC;0;991,3;991,5;991,2;0;3,6;,7;4,3;3,4;1,2;,4;87;84;86;202;3;2,3;
2026/06/15;1000 UTC;0;991,9;992,3;991,5;0;3,4;,5;3,8;3,1;,7;,3;87;83;85;209;3,6;2,9;
2026/06/15;1100 UTC;0;992,4;992,6;992,3;25,3;3;,5;3,3;2,8;,9;,3;89;85;87;208;3;2,6;
2026/06/15;1200 UTC;0;992,7;992,8;992,5;419,4;3,9;,9;5,2;3,1;1,4;,4;87;79;85;206;2,6;1,5;
2026/06/15;1300 UTC;0;993,1;993,3;992,8;1026;6;,8;6,7;5,2;1,2;,2;79;69;74;204;3,6;2,1;
2026/06/15;1400 UTC;0;993,2;993,4;993;1552,6;7,1;,7;7,8;6,5;1,6;0;72;65;68;189;5,1;3;
2026/06/15;1500 UTC;0;992,6;993;992;1955,7;8,2;1,3;9;7,6;2;,6;69;62;65;236;5,3;1,9;
2026/06/15;1600 UTC;0;991,3;992;990,7;2095,9;9,4;1,1;10,2;8,7;2;0;65;51;58;268;3,7;2,1;
2026/06/15;1700 UTC;0;990,4;990,8;990,1;1979,3;10,2;1;11,1;9,5;2,3;0;58;51;54;280;4,2;2;
2026/06/15;1800 UTC;0;990;990,2;989,8;1668,4;11,1;1,7;11,4;10,8;2,2;,9;57;49;53;325;5,3;3,6;
2026/06/15;1900 UTC;0;989,9;990,1;989,7;1166,3;11,1;,9;11,6;10,7;2,1;-,3;56;44;49;263;4,7;2,2;
2026/06/15;2000 UTC;0;989,9;990,2;989,7;519,9;10,6;,9;11,1;10,1;1,7;,1;54;50;52;266;4,3;2,2;
2026/06/15;2100 UTC;0;990,3;990,6;990,2;57;9,4;,6;10,3;8,8;,9;,3;59;50;56;258;1,7;1,1;
2026/06/15;2200 UTC;0;990,7;990,9;990,5;0;8,6;,4;8,9;8;,8;0;61;57;59;269;2;1,4;
2026/06/15;2300 UTC;0;990,7;990,9;990,6;0;7,4;,1;8,2;7;,4;-,2;66;60;63;279;2,9;2,1;
2026/06/16;0000 UTC;0;990,8;991;990,6;0;7,2;,1;7,9;6,8;,5;-,2;66;63;64;282;3,1;2,4;
2026/06/16;0100 UTC;0;990,5;990,7;990,3;0;6,7;-,5;7,5;6,2;0;-1;66;63;64;299;3,2;2,5;
2026/06/16;0200 UTC;0;990,5;990,6;990,4;0;6,4;-,8;6,7;6;0;-1,4;67;62;64;308;4,2;3,4;
2026/06/16;0300 UTC;0;990,3;990,4;990,1;0;6,4;-,6;6,9;6;-,4;-1,1;68;60;65;304;4,9;3,8;
2026/06/16;0400 UTC;0;989,9;990,1;989,7;0;6,5;-,1;7;6,1;,7;-1,3;72;59;67;295;6,1;4,8;
2026/06/16;0500 UTC;0;989,7;989,8;989,6;0;6;,6;6,4;5,6;1;,4;75;71;73;293;6,1;4,9;
2026/06/16;0600 UTC;0;989,5;989,8;989,4;0;5,1;,7;5,8;4,2;1,1;,6;84;74;78;286;5,8;4,4;
2026/06/16;0700 UTC;0;989,3;989,4;989,2;0;4,5;1;5,3;4,2;1,3;,8;84;79;82;278;6,4;4,4;
2026/06/16;0800 UTC;0;989,3;989,6;989;0;4,8;,6;5,2;4,1;,8;,4;84;76;79;283;6,6;4,9;
2026/06/16;0900 UTC;0;988,9;989,1;988,6;0;4,9;,9;5,2;4,3;1,2;,4;82;76;80;297;7,7;5,7;
2026/06/16;1000 UTC;0;989,2;989,4;989,1;0;4,4;,9;4,6;4,3;1,1;,8;84;82;83;303;7,3;4,7;
2026/06/16;1100 UTC;0;989,8;990,2;989,3;23;4,7;1,3;5;4,4;1,5;1,1;84;81;83;298;6,2;4,5;
2026/06/16;1200 UTC;0;990;990,2;989,8;410,2;5,9;1,8;6,5;4,9;2,2;1,5;83;78;80;304;7,7;5,3;
2026/06/16;1300 UTC;0;989,8;989,9;989,7;1016,5;7,2;2,3;7,9;6,3;2,8;1,9;78;71;76;317;7;5,3;
2026/06/16;1400 UTC;0;989,8;990;989,7;1558,6;8,5;3;9,9;7,5;3,7;2,1;75;68;72;310;7,5;5,6;
2026/06/16;1500 UTC;0;989,3;989,7;988,8;1929,3;10,5;3,9;11,4;9,7;4,6;3,3;70;63;67;307;8,3;5,9;
2026/06/16;1600 UTC;0;988,3;988,8;987,8;2056,3;12,3;3,9;13,3;11,2;4,6;3;65;53;58;305;8,2;5,9;
2026/06/16;1700 UTC;0;987,2;987,8;986,8;1973,6;13,8;4,6;14,5;12,9;5,3;4;58;49;54;313;9,8;7;
2026/06/16;1800 UTC;0;986,7;986,8;986,5;1653,3;14,8;3,9;15,3;14,3;4,6;3,1;49;42;46;313;9,9;6,5;
2026/06/16;1900 UTC;0;986,6;986,7;986,4;1158,4;14,9;4;15,2;14,6;5;3,3;51;42;45;325;8,5;5,7;
2026/06/16;2000 UTC;0;986,8;986,9;986,6;518,7;14,1;4,9;14,8;13,3;5,1;4,7;58;50;54;321;8,5;5,2;
2026/06/16;2100 UTC;0;987;987,2;986,7;60,5;11,8;5;13,3;10,6;5,4;4,6;73;57;66;328;6,4;4,7;
2026/06/16;2200 UTC;0;987,1;987,2;987;0;10,5;5;10,8;10,2;5,3;4,7;74;71;73;317;7;5,1;
2026/06/16;2300 UTC;0;987,5;987,6;987,2;0;10,7;4,9;10,9;10,4;5,2;4,6;73;69;71;312;7,8;4,7;
2026/06/17;0000 UTC;0;987,5;987,7;987,3;0;10,6;5,1;11,3;10,1;5,2;4,9;75;69;72;300;8,3;6,3;
2026/06/17;0100 UTC;0;987,9;988,3;987,5;0;9,7;4,8;10,6;8,7;5;4,6;80;71;75;297;7,1;5;
2026/06/17;0200 UTC;0;988,3;988,4;988,1;0;8,9;4,8;9,1;8,5;5,1;4,7;81;78;80;295;8,5;6,6;
2026/06/17;0300 UTC;0;988,4;988,6;988,2;0;9;4,9;9,5;8,8;5,3;4,8;80;79;80;282;7,8;6;
2026/06/17;0400 UTC;0;988,7;988,9;988,5;0;9,2;5,1;9,6;8,8;5,3;4,9;82;78;80;282;7,2;5,5;
2026/06/17;0500 UTC;0;989,1;989,5;988,9;0;9,2;5,3;9,6;8,8;5,4;5,1;82;79;80;268;6,5;3,9;
2026/06/17;0600 UTC;0;989,4;989,5;989,2;0;9,7;5,7;10,5;9,2;6;5,4;81;78;80;242;8;3,8;
2026/06/17;0700 UTC;0;989,2;989,4;988,8;0;10,5;6,1;10,7;10,3;6,4;5,9;79;77;78;234;8,4;4,9;
2026/06/17;0800 UTC;0;989,3;989,4;989,2;0;9,6;6,1;10,6;8,5;6,4;5,9;87;79;83;226;9,1;6,4;
2026/06/17;0900 UTC;0;989,6;989,8;989,3;0;7,9;5,9;8,6;7,4;6,1;5,8;93;87;90;225;8,7;5,8;
2026/06/17;1000 UTC;0;990,4;991;989,7;0;7,4;6,1;7,7;7,1;6,2;5,9;95;92;93;227;5,6;4;
2026/06/17;1100 UTC;0;991,3;991,6;991;26,2;7,3;6,4;7,5;7,1;6,6;6,2;96;95;96;226;6,4;4,1;
2026/06/17;1200 UTC;0;991,9;992,2;991,5;425,5;7,6;6,6;8;7,1;6,8;6,4;97;94;95;220;5,5;3,6;
2026/06/17;1300 UTC;0;992,6;993;992,1;992,6;8,4;7;9,2;8;7,4;6,7;94;90;93;197;4,3;2,3;
2026/06/17;1400 UTC;0;993,3;993,4;993;1576,3;10,3;7,1;11,3;9,3;7,6;6,7;91;79;84;165;6,3;3,3;
2026/06/17;1500 UTC;0;993,4;993,5;993,3;1966,9;11,9;7,3;12,8;11,1;7,8;6,4;82;71;77;160;5,7;2,6;
2026/06/17;1600 UTC;0;993,2;993,4;993;2087,9;13,2;6,5;13,7;12,4;7;5,7;71;61;66;127;6,5;3,4;
2026/06/17;1700 UTC;0;992,7;993;992,5;1995,6;14;6,3;14,4;13,5;7,2;5,4;67;57;61;132;5,8;3,2;
2026/06/17;1800 UTC;0;992,4;992,6;992,3;1640,9;14,7;6,3;15,1;14;7,2;5,2;62;55;58;112;4,6;2,4;
2026/06/17;1900 UTC;0;992,6;992,7;992,5;1080,3;14,8;6,2;15,3;14,6;7,1;5,1;61;51;57;113;4,8;1,9;
2026/06/17;2000 UTC;0;992,7;992,8;992,6;395,8;13,9;5,1;14,8;12,9;6,1;4,7;60;52;56;119;3,5;2,3;
2026/06/17;2100 UTC;0;993;993,4;992,8;39,1;11,7;4,6;12,8;11;5;4,3;67;60;65;116;4,8;3,3;
2026/06/17;2200 UTC;0;993,4;993,4;993,3;0;10,5;3,9;11,2;9,7;4,6;1,9;69;61;67;116;5,4;3,9;
2026/06/17;2300 UTC;0;993,5;993,6;993,3;0;9,7;1,4;10;9,4;2,2;,6;62;55;58;120;5,8;4,3;
2026/06/18;0000 UTC;0;993,2;993,4;993;0;9;1,6;9,4;8,5;2,3;1,2;68;59;63;117;6,5;4,9;
2026/06/18;0100 UTC;0;993,2;993,3;993,1;0;8,1;2,5;8,8;7,9;3,1;2,2;75;68;72;104;5,8;3,6;
2026/06/18;0200 UTC;0;993,2;993,3;993;0;7,8;3,5;8,2;7,5;4,5;3,1;83;75;79;97;6;3,5;
2026/06/18;0300 UTC;0;993,2;993,3;993;0;7,4;4,4;7,9;7,1;4,7;4;87;82;85;96;4,6;2,7;
2026/06/18;0400 UTC;0;992,7;993,1;992,4;0;6,8;4,6;7,4;6,3;4,9;4,5;92;86;89;97;4,8;2,7;
2026/06/18;0500 UTC;0;992,3;992,5;992,1;0;6,5;4,1;6,8;6,2;4,7;3,9;91;87;88;82;5,6;3,7;
2026/06/18;0600 UTC;0;992,2;992,3;992;0;5,7;3,9;6,1;5,5;4,2;3,8;92;89;91;61;5,2;4;
2026/06/18;0700 UTC;0;991,7;992,1;991,5;0;5,8;4;6;5,5;4,1;3,9;93;90;91;57;6,1;4,1;
2026/06/18;0800 UTC;0;991,2;991,5;991;0;5,5;4;6;5,1;4,4;3,9;95;90;93;53;5,7;4,4;
2026/06/18;0900 UTC;0;990,7;991;990,6;0;5,3;4,4;5,4;5,1;4,7;4,2;97;94;96;51;6,7;5,1;
2026/06/18;1000 UTC;0;990,9;991,2;990,7;0;5,8;4,9;6;5,4;5,2;4,7;97;95;96;42;6,7;4,7;
2026/06/18;1100 UTC;0;991,3;991,4;991,1;30,5;5,9;5,1;6,2;5,6;5,4;4,9;97;95;96;55;6,1;4,7;
2026/06/18;1200 UTC;0;991,3;991,5;991,2;235,3;6,6;5,6;7,3;6,2;6,1;5,3;96;94;95;57;6,7;4,3;
2026/06/18;1300 UTC;0;991,3;991,4;990,9;708,4;7,7;6,1;8,8;6,9;6,6;5,7;95;87;92;48;7,3;5,5;
2026/06/18;1400 UTC;0;990,6;991;990,2;1357,2;10,2;6,7;11,5;8,9;7,4;6,1;89;74;82;42;10,1;6,5;
2026/06/18;1500 UTC;0;990,1;990,5;989,8;928,5;11,7;6;12,2;11,4;6,4;5,7;74;68;71;34;9,3;7;
2026/06/18;1600 UTC;0;989,3;990;988,8;921,5;12,5;5,5;13;12,2;6,1;5;70;62;65;41;8,8;6,4;
2026/06/18;1700 UTC;0;988,3;989,1;987,7;989,3;12,9;5,5;13,4;12,6;6,2;4,9;65;61;63;39;9,2;5,9;
2026/06/18;1800 UTC;0;987,1;987,9;986;1152,2;13,9;6,3;14,6;13,4;6,9;5,6;65;59;62;49;9,1;6,7;
2026/06/18;1900 UTC;0;985,6;986;984,9;891,1;14,6;6,7;15,3;13,8;7,2;5,9;63;58;60;40;10,1;6,8;
2026/06/18;2000 UTC;0;984,4;984,9;983,9;230,6;13,3;6,6;13,7;12,9;6,8;6,3;69;64;67;53;6,4;4,8;
2026/06/18;2100 UTC;0;984,1;984,3;983,7;26,3;12,5;6,9;13,1;12,3;7,1;6,6;74;69;72;44;8,2;5,5;
2026/06/18;2200 UTC;0;983,2;983,9;982,9;0;11,8;7,4;12,4;11,5;7,8;7;81;73;78;39;6,5;4,7;
2026/06/18;2300 UTC;0;983,2;983,7;982,6;0;11,5;8;11,8;11,3;8,3;7,8;84;81;82;40;8;6,2;
2026/06/19;0000 UTC;0;982,4;982,8;982,1;0;11,6;8,3;12;11,4;8,5;8,2;84;82;83;31;9,6;6,8;
2026/06/19;0100 UTC;0;981,7;982,2;981,1;0;11,6;8,2;11,8;11,4;8,3;7,9;84;82;83;32;8,6;6,8;
2026/06/19;0200 UTC;0;981,5;982,9;981;0;11,4;7,8;12;11,2;8,2;7,7;83;81;82;95;5,6;3,7;
2026/06/19;0300 UTC;0;984,3;984,6;983;0;11,5;7,9;11,9;11,3;8,3;7,6;84;80;82;233;7,8;3,6;
2026/06/19;0400 UTC;,2;984,5;984,7;984,1;0;11,6;7,4;11,9;11,1;7,7;7,1;83;77;79;232;3,6;2,1;
2026/06/19;0500 UTC;4,6;984,2;984,7;983,6;0;10,6;8,8;11,1;10,1;9,8;7,8;98;85;91;274;2,4;1,6;
2026/06/19;0600 UTC;2,4;982,8;983,6;981,1;0;9,6;9,6;10,1;9,4;9,9;9,4;100;98;100;30;8,2;6,4;
2026/06/19;0700 UTC;1;979,3;980,9;977,7;0;9,8;9,8;10,2;9,4;10,2;9,5;100;100;100;149;9,8;7,6;
2026/06/19;0800 UTC;0;980,2;980,9;979,7;0;10,2;10,3;10,6;10;10,6;10,1;100;100;100;339;8,4;5,9;
2026/06/19;0900 UTC;0;980,6;980,9;980,3;0;10,9;10,9;11,1;10,6;11,1;10,6;100;100;100;333;11,2;6,8;
2026/06/19;1000 UTC;,6;980,8;981,2;980,2;0;11,4;11,4;11,6;11;11,6;11;100;100;100;320;7,7;5,5;
2026/06/19;1100 UTC;,4;981,4;981,6;981,1;1,5;11,6;11,6;11,9;11,5;12;11,5;100;100;100;316;12,4;7;
2026/06/19;1200 UTC;0;981,5;981,9;981,3;61,4;11,8;11,8;12,1;11,7;12,1;11,7;100;100;100;293;15,5;12,3;
2026/06/19;1300 UTC;0;982;982,3;981,6;121,3;12;12;12,1;11,9;12,1;11,9;100;100;100;288;14,7;12,5;
2026/06/19;1400 UTC;0;982,5;982,8;982,2;200,9;11,8;11,8;12,6;11,1;12,6;11,1;100;100;100;247;8,2;4,3;
2026/06/19;1500 UTC;0;983,2;983,5;982,8;365,5;10,7;10,4;11;10,4;11;9,7;100;95;98;265;8,8;5,1;
2026/06/19;1600 UTC;0;983,4;983,7;983,1;385,7;10,2;9,3;10,8;9,9;10,1;8,8;97;92;95;260;9;5,3;
2026/06/19;1700 UTC;0;983,6;983,9;983,4;230,5;9,8;9,1;10;9,6;9,4;8,8;99;95;96;240;10;5,9;
2026/06/19;1800 UTC;0;983,6;983,9;983,2;288,9;9,9;9,2;10,2;9,6;9,6;8,8;99;94;97;239;8,8;4,8;
2026/06/19;1900 UTC;0;983,9;984,3;983,7;147,9;9,8;9;10,4;9,7;9,6;8,6;97;94;96;228;10,7;7,1;
2026/06/19;2000 UTC;0;984,5;984,9;984,1;79,2;9,8;9,2;9,9;9,7;9,5;9;98;96;97;220;8,5;5,3;
2026/06/19;2100 UTC;0;984,9;985,3;984,4;49,6;9,6;8,6;10;9;9,2;8,2;96;94;95;228;6,4;4,3;
2026/06/19;2200 UTC;0;985,4;985,9;985;0;8,6;7,8;9,1;8,4;8,4;7,3;98;93;96;228;8,3;4,9;
2026/06/19;2300 UTC;0;986,3;986,9;985,7;0;8,7;7,4;9,1;8,4;7,6;7,2;95;92;93;234;6,5;3,6;
2026/06/20;0000 UTC;0;987,1;987,6;986,8;0;8,2;6,4;8,5;7,9;7,2;5,8;94;89;91;230;6;3,9;
2026/06/20;0100 UTC;0;987,7;987,9;987,4;0;7,7;5,4;8;7,3;5,7;5,2;90;87;89;222;5,9;4,2;
2026/06/20;0200 UTC;0;988,1;988,2;987,9;0;7,1;5;7,4;6,7;5,4;4,8;91;88;90;223;5,9;4,3;
2026/06/20;0300 UTC;0;988,2;988,3;988,1;0;6,4;4,5;6,7;6,1;4,9;4,3;91;90;91;223;5,2;3,9;
2026/06/20;0400 UTC;0;988,2;988,3;988,1;0;5,8;4,2;6,2;5,6;4,6;4;92;91;92;224;5;3,8;
2026/06/20;0500 UTC;0;988,1;988,2;987,9;0;5,6;3,9;5,7;5,5;4,1;3,8;92;91;92;223;5,1;3,9;
2026/06/20;0600 UTC;0;987,9;988,2;987,6;0;5,5;3,9;6,1;5,4;4,4;3,7;93;91;92;214;4,8;3,7;
2026/06/20;0700 UTC;0;987,5;987,6;987,4;0;5,2;3,9;5,6;4,8;4,3;3,5;95;92;93;223;5,4;3,4;
2026/06/20;0800 UTC;0;987,3;987,4;987,1;0;4,7;3,7;4,9;4,4;4;3,5;96;94;95;212;3,4;2,7;
2026/06/20;0900 UTC;0;987,1;987,3;987;0;4,4;3,7;4,6;4,3;3,9;3,6;97;96;97;209;2,7;2;
2026/06/20;1000 UTC;0;987,4;987,8;987;0;4,9;3,8;5,3;4,4;4,2;3,1;96;93;95;255;2,3;,8;
2026/06/20;1100 UTC;0;987,9;988,1;987,8;20,9;4,1;3,7;4,4;3,9;4,2;3,2;99;95;98;215;3,9;2,8;
2026/06/20;1200 UTC;0;988,2;988,4;988;411,5;4,8;4,1;5,5;4,1;4,6;3,7;98;94;96;215;4,8;3,1;
2026/06/20;1300 UTC;,2;988,2;988,5;988,1;966,6;6,8;4,8;8,3;5,6;5,7;4,3;94;83;90;197;2,7;1,5;
2026/06/20;1400 UTC;0;988,3;988,5;988,1;1359,2;7,9;6,2;9,5;6,5;7,3;4,7;99;78;91;30;3,1;1,8;
2026/06/20;1500 UTC;0;987,8;988,3;987,3;1403,8;6,8;6,6;7,4;6,5;7,4;6,1;100;97;99;65;3;1,9;
2026/06/20;1600 UTC;0;986,7;987,3;985,8;2033,7;9,5;6;10,7;7,4;7,3;3,8;98;66;82;94;3,5;1,8;
2026/06/20;1700 UTC;0;985,3;985,8;984,8;1954,5;11,5;4,5;12,2;10,6;5,8;3,2;75;59;65;89;4;2,2;
2026/06/20;1800 UTC;0;984,3;984,8;984,1;1653;11,7;3,7;12,1;11,4;4,6;2,4;64;54;60;111;3,4;1,4;
2026/06/20;1900 UTC;0;984,1;984,3;983,9;1137,8;11,8;4,4;12,3;11,4;5,1;3,7;66;61;63;137;3,3;1,6;
2026/06/20;2000 UTC;0;984,5;984,7;984,2;415,3;10,7;3,9;11,7;10;4,4;3,2;69;61;66;147;1,6;,9;
2026/06/20;2100 UTC;0;984,8;985;984,7;96;9,7;2,8;10,5;8,9;3,8;1,7;70;59;66;99;2;1,3;
2026/06/20;2200 UTC;0;985;985,2;985;0;9,2;1,3;9,5;9;2,1;1;64;58;60;93;1,2;,9;
2026/06/20;2300 UTC;0;985,3;985,6;985,1;0;8,9;1,8;9,4;8;2,4;1,3;71;60;64;154;2,4;1,2;
2026/06/21;0000 UTC;0;985,5;985,7;985,4;0;8;2,9;8,4;7,5;3,6;2,3;79;71;75;120;4,3;3;
2026/06/21;0100 UTC;0;985,4;985,5;985,3;0;7,2;3,9;7,7;6,8;4,2;3,6;86;79;83;98;4,8;2,9;
2026/06/21;0200 UTC;0;984,8;985,4;984,7;0;6,5;4,1;7,5;5,2;4,6;3,9;93;83;88;40;5,3;3,1;
2026/06/21;0300 UTC;0;984,6;984,8;984,5;0;5,1;4,5;5,5;4,8;5,1;4;99;94;97;76;4,9;2,7;
2026/06/21;0400 UTC;0;984,7;984,8;984,5;0;5,3;4,7;5,6;5;5,2;4,3;99;95;97;277;3,5;2,3;
2026/06/21;0500 UTC;0;984,8;985,4;984,5;0;5,3;4,1;5,6;5,1;4,6;3,8;95;93;94;338;2,1;1,4;
2026/06/21;0600 UTC;0;984,9;985,3;984,5;0;5,9;4,1;6,3;5,3;4,5;3,8;94;89;91;18;3,1;2,3;
2026/06/21;0700 UTC;0;984,7;984,9;984,5;0;5,3;4,1;5,8;4,9;4,5;3,8;96;93;94;261;2,7;1,6;
2026/06/21;0800 UTC;0;984,9;985;984,7;0;5,5;3,9;6;5,1;4,6;3,5;95;90;92;115;2,2;1,7;
2026/06/21;0900 UTC;0;984,8;985,2;984,6;0;5,1;3,8;5,5;4,9;4,2;3,3;95;90;93;39;1,7;1,3;
2026/06/21;1000 UTC;0;985,5;985,8;985,2;0;5,3;3,9;5,6;5;4,2;3,4;95;89;93;13;1,9;1,5;
2026/06/21;1100 UTC;0;985,8;985,9;985,6;24,5;5,4;3,4;5,8;5,1;3,8;3,1;92;89;90;23;2;1,5;
2026/06/21;1200 UTC;0;986,1;986,3;985,9;283,6;6,2;3,9;6,6;5,7;4,8;3,3;92;85;89;34;1,5;1,2;
2026/06/21;1300 UTC;0;985,9;986,1;985,8;626,8;6,9;5;7,2;6,5;5,8;4,5;93;89;91;44;3,2;2,6;
2026/06/21;1400 UTC;0;985,8;986;985,4;1176,4;7,6;5,5;8,6;6,9;6,5;4,6;93;86;89;33;4,1;3,1;
2026/06/21;1500 UTC;0;985,3;985,5;984,8;1559,7;10;5,8;11;8,6;6,6;4,6;87;70;79;68;3;1,7;
2026/06/21;1600 UTC;0;984,6;984,9;984,5;1481,3;11,1;5,2;11,7;10,6;5,9;4,7;75;68;71;285;3;1;
2026/06/21;1700 UTC;0;984,3;984,6;984,1;1180,3;11,6;5,2;12,8;11;5,9;4,8;73;62;68;301;2,7;1,1;
2026/06/21;1800 UTC;0;983,8;984,1;983,6;1248,8;12,3;5;13;11,7;5,8;4,4;66;61;63;327;3,5;2,2;
2026/06/21;1900 UTC;0;983,9;984,1;983,7;727,7;11,8;4,5;12,2;11,4;5;4;68;61;64;35;3,1;2,3;
2026/06/21;2000 UTC;0;983,8;984;983,7;303,1;10,9;5;11,4;10,2;5,9;4,5;78;66;71;149;1,5;,8;
2026/06/21;2100 UTC;0;983,8;984;983,6;49,7;9,7;4,9;10,3;8,8;5,5;4,6;80;74;76;132;2;1,1;
2026/06/21;2200 UTC;0;983,9;984,1;983,8;0;9,1;4,3;9,4;8,8;4,6;4,1;79;74;76;119;4;3;
2026/06/21;2300 UTC;0;983,7;984;983,5;0;8,5;4,1;9,3;8;4,8;3,9;82;75;78;159;3,2;1,6;
2026/06/22;0000 UTC;0;983,9;984,3;983,6;0;7,8;5,1;8,1;7,5;5,8;4,3;90;82;87;146;4,4;2,2;
2026/06/22;0100 UTC;0;984,1;984,6;983,6;0;8,2;5,5;8,7;7,9;6,1;5,2;89;84;86;122;6,1;3,3;
2026/06/22;0200 UTC;0;984,1;984,4;983,7;0;8,2;5,3;8,7;8;5,6;5,2;88;85;86;133;4,1;2;
2026/06/22;0300 UTC;0;984,2;984,5;983,9;0;8,2;5,6;8,4;7,9;5,9;5,4;89;86;87;141;4,4;2,1;
2026/06/22;0400 UTC;0;984,1;984,3;983,8;0;7,7;5,9;8,3;7,2;6,5;5,7;93;88;91;160;4,3;1,8;
2026/06/22;0500 UTC;0;984,4;985,3;983,9;0;7,1;6,1;7,4;6,9;6,3;5,9;96;93;95;189;3,7;2,4;
2026/06/22;0600 UTC;0;984,6;985,1;984;0;7,1;6,2;7,5;7;6,6;6,1;96;95;95;190;2,6;1,4;
2026/06/22;0700 UTC;0;984,7;985,8;983,9;0;8;5,8;8,7;7,2;6,1;5,6;94;84;89;107;4;2,8;
2026/06/22;0800 UTC;0;983,3;984,4;982,8;0;7,5;6,3;7,8;7,1;6,6;5,8;98;90;94;160;3,9;1,6;
2026/06/22;0900 UTC;0;982,6;983,3;981,9;0;6,8;6,6;7,2;6,7;6,8;6,5;100;97;99;169;3,7;2,1;
2026/06/22;1000 UTC;0;982,8;983,9;981,9;0;7;6,4;7,2;6,6;6,7;6,2;99;96;97;184;2;1,3;
2026/06/22;1100 UTC;0;982,3;983,7;981,6;1,3;6,7;6,5;7,3;6,4;6,8;6,4;100;97;99;179;3,3;1,7;
2026/06/22;1200 UTC;0;982,7;983,1;982,4;37,5;6,8;6,4;7,3;6,4;6,7;6,3;100;97;98;136;4,5;2,5;
2026/06/22;1300 UTC;0;982,6;983,6;981,9;197,9;7,4;6,8;7,5;7,2;7,2;6,5;99;96;97;202;3,5;2,1;
2026/06/22;1400 UTC;0;983,3;983,8;982,8;595;8,2;6,7;9,6;7,5;7,3;6,1;96;83;92;174;4;2,2;
2026/06/22;1500 UTC;0;982,4;982,8;982,2;901,8;9,3;6,1;9,7;8,8;6,9;5,4;87;81;84;223;6,2;3,9;
2026/06/22;1600 UTC;0;982;982,4;981,6;546;9;5,6;9,4;8,8;6,1;4,9;86;79;83;212;7,5;5;
2026/06/22;1700 UTC;0;981,4;981,6;981,1;756,5;9,6;5,4;9,9;9,3;5,9;5,1;81;77;79;223;9,1;6,3;
2026/06/22;1800 UTC;,2;981,5;981,7;981,1;514,3;9,7;4,7;10,1;9,4;5,8;4,3;78;72;75;218;9,9;6,6;
2026/06/22;1900 UTC;0;981,7;981,9;981,5;414,9;9,5;4,1;9,9;9,1;4,9;3,6;76;70;73;212;10,6;7,2;
2026/06/22;2000 UTC;0;982,2;982,4;981,9;270,2;8,8;5,4;9,1;8,5;6,3;4,2;87;75;83;226;7,2;4,7;
2026/06/22;2100 UTC;0;982,6;982,8;982,4;29,7;8,4;5,7;8,7;8,2;6,1;5,5;88;85;86;232;6,8;4;
2026/06/22;2200 UTC;0;983;983,4;982,8;0;7,9;5,7;8,4;7,6;6,1;5,5;91;86;89;247;5,4;2,6;
2026/06/22;2300 UTC;0;983,6;983,7;983,4;0;7,5;5,9;7,7;7,4;6,1;5,7;93;91;92;250;5,3;2,6;
2026/06/23;0000 UTC;0;983,9;984,1;983,7;0;7,7;5,8;8;7,5;6,1;5,6;93;89;91;243;9,1;4,4;
2026/06/23;0100 UTC;0;984,1;984,3;984;0;7,6;5,7;8,1;7,4;6,4;5,4;92;89;90;244;7,3;3,8;
2026/06/23;0200 UTC;0;984,5;984,7;984,3;0;7,3;4,4;7,8;7,1;5,4;3,6;89;82;85;236;11,5;5,3;
2026/06/23;0300 UTC;0;984,6;984,7;984,5;0;7;3,4;7,3;6,8;3,7;3,1;83;81;82;247;8,1;4,5;
2026/06/23;0400 UTC;0;984,2;984,5;983,9;0;6,7;3,1;7,2;6,3;3,5;3;84;81;82;233;9,4;5,6;
2026/06/23;0500 UTC;0;984,1;984,3;983,9;0;5,8;3,2;6,4;5,3;3,4;3;90;84;87;230;7,8;4,7;
2026/06/23;0600 UTC;0;984,3;984,4;984;0;5;3,3;5,5;4,6;3,6;3,2;94;90;92;280;5,8;4,1;
2026/06/23;0700 UTC;0;984,8;985,1;984,4;0;3,3;3;4,7;2,9;3,6;2,6;100;92;98;297;6,8;4,6;
2026/06/23;0800 UTC;0;985,1;985,1;985;0;3,2;3,1;3,5;3;3,3;2,8;100;98;99;279;7,4;5,1;
2026/06/23;0900 UTC;0;985,3;985,5;985,1;0;3;2,7;3,3;2,7;3;2,3;99;98;98;284;6,4;4,9;
2026/06/23;1000 UTC;0;985,4;985,6;985,2;0;2,9;2,4;3,5;2,5;2,7;2,1;98;94;98;270;7,2;4,5;
2026/06/23;1100 UTC;0;985,8;986,1;985,6;20;3,4;1,8;4;2,7;2,2;1,5;96;89;92;295;6,6;3,9;
2026/06/23;1200 UTC;0;986,2;986,2;986;400,1;3,3;2,2;4,5;2,7;2,6;2;97;88;94;284;7,2;5;
2026/06/23;1300 UTC;0;986,1;986,2;985,9;1004,9;5,4;1,8;6;4,5;2,4;1,3;89;77;82;275;8,6;6,1;
2026/06/23;1400 UTC;0;986,3;986,5;986,1;1559,1;6,9;1,6;7,7;5,8;2,8;,5;84;65;74;242;8,8;5,3;
2026/06/23;1500 UTC;0;986,2;986,4;986,1;1651,1;7,8;,9;8,3;7,4;1,6;,2;69;62;65;246;11,6;5,5;
2026/06/23;1600 UTC;0;986;986,2;985,4;2052,7;8,8;1;9,4;7,9;1,7;,2;65;58;61;242;11,9;6,5;
2026/06/23;1700 UTC;0;985,1;985,6;984,8;1933,4;9,6;1,1;10,5;9;1,9;,5;61;53;58;256;10,3;6,6;
2026/06/23;1800 UTC;0;984,8;985;984,5;1872,4;10,3;1,2;10,9;9,7;1,8;,7;57;53;55;263;9,6;5,7;
2026/06/23;1900 UTC;0;985;985,2;984,8;924,8;9,7;1;10,5;9,1;1,7;,5;59;53;57;241;8,6;4,1;
2026/06/23;2000 UTC;0;985,3;985,6;985,1;371,3;9,2;,7;9,8;8,6;1,1;,2;61;54;57;258;6,6;3,2;
2026/06/23;2100 UTC;0;986;986,3;985,6;57,3;7,9;,7;8,7;7,3;1,1;,4;66;60;64;263;4,2;2,2;
2026/06/23;2200 UTC;0;986,6;987;986,3;0;6,9;,4;7,3;6,3;,6;,1;71;65;67;280;4,2;3;
2026/06/23;2300 UTC;0;987,2;987,5;987;0;6,5;,5;6,8;6;,8;,4;72;69;70;286;4,2;2,9;
2026/06/24;0000 UTC;0;987,7;987,8;987,5;0;6,2;,3;6,8;5,7;,6;0;74;66;71;272;4,8;3,2;
2026/06/24;0100 UTC;0;987,7;987,9;987,6;0;5,7;,2;6,2;5,1;,4;0;75;69;73;290;3,8;2,6;
2026/06/24;0200 UTC;0;987,6;987,7;987,5;0;5,1;-,2;6;4,7;,1;-,6;76;67;74;271;4,4;2,8;
2026/06/24;0300 UTC;0;987,3;987,4;987,2;0;6,4;-,6;6,7;6;-,5;-,7;67;63;65;261;4;2,1;
2026/06/24;0400 UTC;0;987;987,3;986,8;0;6,5;-,6;6,8;6,3;-,3;-,7;66;63;65;249;4,6;2,1;
2026/06/24;0500 UTC;0;986,8;986,9;986,7;0;6,1;-,7;6,9;4,8;-,6;-,9;72;62;66;292;2,6;1,7;
2026/06/24;0600 UTC;0;986,9;987;986,8;0;3,5;-,6;4,8;2,8;-,2;-,9;85;72;80;299;5;3,1;
2026/06/24;0700 UTC;0;986,8;986,9;986,7;0;2,6;-,1;3;2,2;,2;-,3;88;85;87;316;5,9;4,4;
2026/06/24;0800 UTC;0;986,7;986,8;986,5;0;2,9;,3;3,2;2,7;,6;0;89;85;87;323;7,1;5,1;
2026/06/24;0900 UTC;0;986,5;986,6;986,4;0;2,8;,6;3;2,7;,8;,4;90;88;89;316;7,1;4,3;
2026/06/24;1000 UTC;0;986,6;986,9;986,4;0;3,4;,8;4,3;2,8;1;,6;90;82;87;276;5,5;3,8;
2026/06/24;1100 UTC;0;987,2;987,5;986,9;11,4;3,5;1;5,2;2,8;1,5;,4;92;77;87;315;5,7;4,3;
2026/06/24;1200 UTC;0;987,5;987,6;987,4;357,9;3,9;1,5;5,4;2,8;1,9;1,3;93;82;88;310;5,8;4,2;
2026/06/24;1300 UTC;0;987,6;987,9;987,4;403,3;4,9;2;5,2;4,7;2,4;1,6;87;82;86;304;6;4,3;
2026/06/24;1400 UTC;0;987,6;987,9;987,2;1288,6;6,6;2,9;8;4,9;3,7;2,1;87;75;82;324;6,9;5,3;
2026/06/24;1500 UTC;0;987;987,2;986,7;1890,5;9,4;3,2;10,1;8,4;4,1;2,5;77;64;69;322;7;5,2;
2026/06/24;1600 UTC;0;986,2;986,7;985,7;2029,2;10,6;3,2;11,2;9,8;4,1;2,4;68;59;63;317;8,7;5,8;
2026/06/24;1700 UTC;0;985,3;985,7;984,9;1943,2;11,2;3,5;12,2;10,5;4,5;3;64;59;61;313;9,1;5,6;
2026/06/24;1800 UTC;0;984,8;985;984,5;1528,3;11,7;3,1;12,7;10,5;3,8;2,5;64;52;57;307;9,6;5,3;
2026/06/24;1900 UTC;0;984,7;984,9;984,4;1121;11,8;2,6;12,8;10,9;3,4;1,6;57;50;54;269;5,6;3,3;
2026/06/24;2000 UTC;0;984,9;985,2;984,6;577,4;11,5;1,9;12,1;10,5;2,6;1,3;55;50;52;288;6,6;4,3;
2026/06/24;2100 UTC;0;985,6;985,8;985,2;39;9,5;1,1;10,5;9,1;1,6;,8;61;55;58;240;4,7;2;
2026/06/24;2200 UTC;0;986;986,4;985,7;0;8,8;1,4;9,2;8,4;1,7;1,2;66;61;63;266;4,2;2,4;
2026/06/24;2300 UTC;0;986,7;987;986,4;0;8,4;1,7;8,9;8,1;2,1;1,5;69;65;67;231;5,8;3,1;
2026/06/25;0000 UTC;0;987,1;987,4;986,9;0;7,7;2,2;8,2;7,4;2,4;1,9;74;69;72;226;5,4;3,8;
2026/06/25;0100 UTC;0;987,8;988,1;987,4;0;7,3;2,3;7,6;7,2;2,5;2,2;76;74;75;223;5,7;3,6;
2026/06/25;0200 UTC;0;988,2;988,5;988;0;7,1;2,3;7,3;6,9;2,4;2,2;77;75;76;228;4,6;3;
2026/06/25;0300 UTC;0;988,2;988,6;988;0;6,8;2,3;7,1;6,3;2,5;2,2;80;77;78;241;2,4;1;
2026/06/25;0400 UTC;0;988,6;988,9;988,3;0;6,4;2,4;6,7;6;2,5;2,2;82;78;80;303;1,5;1,3;
2026/06/25;0500 UTC;0;989,1;989,3;988,8;0;5,9;2,3;6,1;5,6;2,4;2,2;84;81;82;321;1,8;1,4;
2026/06/25;0600 UTC;0;989,1;989,2;988,9;0;4,5;2,7;5,7;4;3,5;2,2;94;83;91;338;3,9;3,3;
2026/06/25;0700 UTC;0;989,3;989,8;988,9;0;4,6;2,7;5;4,2;3,2;2,2;94;87;91;321;4,3;3,8;
2026/06/25;0800 UTC;0;990;990,3;989,7;0;4,8;2,2;5,1;4,4;2,4;2,1;89;86;87;324;4,8;3,9;
2026/06/25;0900 UTC;0;990,3;990,5;990,2;0;5,1;2,2;5,5;4,5;2,6;1,7;86;84;85;329;5;3,7;
2026/06/25;1000 UTC;0;990,8;991,3;990,4;0;3,9;1,9;4,5;3,5;2,2;1,6;93;87;90;325;5,6;4,6;
2026/06/25;1100 UTC;0;991,3;991,4;991,2;15,9;4,4;1,1;5,2;4;1,7;,9;88;80;84;323;5,4;4,2;
2026/06/25;1200 UTC;0;991,5;991,7;991,3;377,6;6,1;1,5;6,9;5,3;1,9;1,3;80;74;77;331;5,6;4,3;
2026/06/25;1300 UTC;0;991,5;991,7;991,4;979,3;7,2;2,2;8;6,8;3,1;1,7;76;73;75;332;8;6;
2026/06/25;1400 UTC;0;991,8;992,1;991,6;1458,9;9,1;3,9;10,1;8;4,7;3;76;71;74;321;7,6;5,6;
2026/06/25;1500 UTC;0;991,6;991,9;990,9;1864,1;11,1;5,2;12,6;10,1;6,2;4,5;73;67;70;331;7,9;5,8;
2026/06/25;1600 UTC;0;990,3;991;989,9;1990,7;13,6;6,3;14,4;12,2;6,8;5,5;67;59;63;325;8,9;6,5;
2026/06/25;1700 UTC;0;989,4;989,9;988,8;1956,4;14,8;6,6;15,4;14,1;7,1;6,3;62;57;59;325;10,6;7,5;
2026/06/25;1800 UTC;0;988,9;989,1;988,7;1633,5;15,2;6,6;15,4;14,9;7,1;6,2;60;54;57;323;11,8;7,8;
2026/06/25;1900 UTC;0;988,8;989;988,5;1136,3;15;6,7;15,3;14,9;7;6,4;59;57;58;323;10,5;7,2;
2026/06/25;2000 UTC;0;988,9;989,1;988,7;517,9;14,6;6,8;15,1;14,2;7,1;6,5;64;58;61;330;7,8;5,3;
2026/06/25;2100 UTC;0;989,2;989,3;989,1;69;12,7;6,5;14,4;11,2;7,3;5,8;73;65;69;327;5,4;3,9;
2026/06/25;2200 UTC;0;989,4;989,6;989,3;0;10,9;6,1;11,4;10,5;6,3;5,8;79;72;76;336;5,1;3,6;
2026/06/25;2300 UTC;0;989,5;989,6;989,5;0;10,5;6,1;10,8;10,2;6,3;5,9;79;77;78;337;7,3;5;
2026/06/26;0000 UTC;0;989,6;989,8;989,5;0;10,1;5,7;10,4;9,7;6;5,5;79;77;78;324;8,2;5,2;
2026/06/26;0100 UTC;0;989,8;989,9;989,8;0;9,6;5,5;10;9,5;5,8;5,4;80;79;79;328;8,8;6,5;
2026/06/26;0200 UTC;0;989,9;990,2;989,8;0;9,3;5,4;9,6;9,2;5,6;5,3;81;79;80;317;9;5,9;
2026/06/26;0300 UTC;0;990,2;990,3;990;0;9,4;5,5;9,8;8,8;5,7;5,5;84;79;81;321;8,1;5,8;
2026/06/26;0400 UTC;0;990,2;990,3;990,1;0;8,8;5,5;8,9;8,6;5,6;5,4;85;82;83;316;8,8;6,2;
2026/06/26;0500 UTC;0;990,4;990,5;990,3;0;8,4;5,5;8,7;8,1;5,6;5,4;87;84;85;307;8,8;5,3;
2026/06/26;0600 UTC;0;990,3;990,4;990,2;0;7,7;5,4;8,5;7,3;5,8;5,3;90;87;89;302;7,2;4,7;
2026/06/26;0700 UTC;0;990,1;990,3;990;0;7,1;5,2;7,4;6,9;5,4;5;91;89;90;295;5,9;4,5;
2026/06/26;0800 UTC;0;990,2;990,2;990,1;0;6,3;5;6,9;5,9;5,3;4,8;95;91;93;270;3,2;2,3;
2026/06/26;0900 UTC;0;990,3;990,5;990,1;0;6,8;5,1;7,2;6,5;5,4;4,7;94;89;91;256;2,3;1,5;
2026/06/26;1000 UTC;0;990,8;991,1;990,5;0;6,5;5,3;6,9;6,2;5,6;4,8;96;91;94;224;1,6;,8;
2026/06/26;1100 UTC;0;991,5;991,9;991,1;20,4;6,5;5,5;6,7;6,4;5,9;5,3;96;94;95;131;1;,7;
2026/06/26;1200 UTC;0;992;992,2;991,8;385,5;7,1;5,5;8;6,5;6,2;5,1;96;87;92;249;2,5;1,8;
2026/06/26;1300 UTC;0;992,3;992,5;992,1;971,2;7,9;6;8,8;6,9;6,4;5,6;95;86;90;122;3,5;2,6;
2026/06/26;1400 UTC;0;992,8;992,9;992,5;1510,1;10;6,4;11;8,8;7;5,9;87;79;82;239;5,3;3,6;
2026/06/26;1500 UTC;0;992,4;992,7;992,1;1867,5;12;7,1;13,1;10,8;7,7;6,7;80;71;76;300;5,2;3,7;
2026/06/26;1600 UTC;0;991,5;992;991,1;2014,8;14;7,5;14,9;13,1;8;7,1;73;63;68;321;6,3;3,9;
2026/06/26;1700 UTC;0;990,7;991,1;990,3;1944,7;15,1;7,5;15,7;14,6;7,9;6,9;65;57;62;294;6,4;4;
2026/06/26;1800 UTC;0;990,2;990,4;990,1;1630,4;15,7;7,6;16,3;15,3;8,2;7;62;57;59;314;5,4;3,2;
2026/06/26;1900 UTC;0;990,1;990,2;990;1146,4;15,7;7,6;16,2;15,5;7,9;7,2;61;57;59;278;5,2;3,2;
2026/06/26;2000 UTC;0;990,2;990,4;990,1;520,4;15,3;7,4;15,7;14,8;7,8;7,1;63;58;60;328;2,7;1,9;
2026/06/26;2100 UTC;0;990,6;990,8;990,4;64,2;13,9;7;14,9;12,9;7,4;6,5;68;62;65;221;1,2;,9;
2026/06/26;2200 UTC;0;991,1;991,3;990,7;0;12,8;6,3;13,2;12,4;6,6;6,2;69;67;68;147;,9;,7;
2026/06/26;2300 UTC;0;991,5;991,7;991,3;0;12,7;6,4;13,1;12,3;6,7;6,3;70;67;68;105;2,4;1,9;
2026/06/27;0000 UTC;0;991,7;991,8;991,6;0;12,1;6,3;12,5;11,5;6,6;6,1;75;69;71;69;3,5;2,9;
2026/06/27;0100 UTC;0;991,6;991,8;991,5;0;10,4;6,5;11,5;9,6;6,6;6,3;84;75;80;53;3,7;2,6;
2026/06/27;0200 UTC;0;991,6;991,8;991,4;0;9,8;6,1;10,2;9,5;6,4;5,9;83;80;81;34;4,4;3,4;
2026/06/27;0300 UTC;0;991,6;991,8;991,5;0;8,9;6,2;9,5;8,6;6,4;5,9;88;82;86;36;3,8;3,1;
2026/06/27;0400 UTC;0;991,8;991,8;991,6;0;8,8;5,7;9,4;8,4;6,1;5,4;87;81;84;24;5,1;3,7;
2026/06/27;0500 UTC;0;991,4;991,6;991,2;0;8,2;5,6;8,9;7,6;6,1;5,4;91;83;87;28;4,8;3,8;
2026/06/27;0600 UTC;0;990,9;991,2;990,6;0;7,2;5,8;7,9;6,6;6,2;5,7;96;91;93;17;5,2;4,3;
2026/06/27;0700 UTC;0;990,7;990,8;990,6;0;6,6;5,5;6,8;6,3;5,8;5,3;96;93;95;20;3,2;2;
2026/06/27;0800 UTC;0;990,6;990,8;990,4;0;6,7;5,2;7,2;6,6;5,7;5;94;91;92;18;3,9;2,8;
2026/06/27;0900 UTC;0;990,3;990,4;990,1;0;7,2;4,8;7,7;6,7;5,4;4,5;92;85;88;28;4;2,5;
2026/06/27;1000 UTC;0;990,6;990,7;990,3;0;7,2;4,5;7,5;6,9;5,2;4,3;89;85;87;32;3,9;2,7;
2026/06/27;1100 UTC;0;990,8;990,9;990,7;28,9;6,9;4,3;7,9;6,5;4,6;4;89;82;87;23;4,5;2,6;
2026/06/27;1200 UTC;0;990,9;991;990,8;431,4;8,8;4,7;9,9;7,8;5,2;4,1;83;75;79;39;3,2;2,2;
2026/06/27;1300 UTC;0;990,8;990,9;990,8;1018,3;11,1;5,1;12,4;9,9;6,5;4,5;76;63;70;48;3,2;2,2;
2026/06/27;1400 UTC;0;990,8;990,9;990,6;1544,3;12,6;5,6;12,9;12,3;6,2;4,9;68;61;65;38;4,2;2,8;
2026/06/27;1500 UTC;0;990,3;990,5;990;1892,6;14,3;6,3;15,5;12,8;7,4;5,3;66;56;60;40;3,7;2,4;
2026/06/27;1600 UTC;0;989,5;989,9;989;2012,6;16,1;8;16,7;15,2;8,7;7,1;64;55;59;45;4,5;3,2;
2026/06/27;1700 UTC;0;988,4;989;987,9;1945,2;17,2;7,6;17,6;16,4;8,4;6,9;58;48;52;87;5;2,8;
2026/06/27;1800 UTC;0;987,6;987,9;987,1;1626,6;17,8;7,6;18,3;17,3;8,4;6,9;52;46;49;56;6;3,4;
2026/06/27;1900 UTC;0;986,8;987,2;986,5;1150,8;18;7,4;18,3;17,8;8,1;6,8;51;44;47;66;5,4;3,7;
2026/06/27;2000 UTC;0;986,5;986,7;986,3;523,2;17,3;8,2;17,8;16,5;8,7;7,1;58;47;55;112;4;2,3;
2026/06/27;2100 UTC;0;986,5;986,7;986,4;53,1;15,3;7,6;16,5;14,5;8,2;6,9;63;58;61;105;3,4;2,2;
2026/06/27;2200 UTC;0;986,5;986,7;986,3;0;14,8;7,2;15,3;14,2;7,5;6,8;66;60;62;114;4,3;2,9;
2026/06/27;2300 UTC;0;986,4;986,6;986,2;0;13,8;8;14,3;13,2;8,6;7,3;76;66;71;76;4,7;2,9;
2026/06/28;0000 UTC;0;986,4;986,6;986,1;0;13,4;9;13,6;13,3;9,3;8,5;79;76;78;93;5;2,8;
2026/06/28;0100 UTC;0;986,3;986,6;986;0;13,4;9,4;13,6;13,1;9,5;9,2;81;79;80;96;4,5;2,3;
2026/06/28;0200 UTC;0;986;986,2;985,8;0;13,3;9,5;13,4;13,1;9,7;9,3;82;80;81;74;5,4;3,7;
2026/06/28;0300 UTC;0;985,7;985,9;985,3;0;12,7;9,3;13,2;12,3;9,6;9;85;82;83;53;5,4;4,3;
2026/06/28;0400 UTC;0;985,2;985,4;985;0;12,5;8,9;12,9;12,2;9,1;8,7;83;81;82;33;4,1;2,9;
2026/06/28;0500 UTC;0;984,9;985,1;984,6;0;12,8;9,4;13,3;12,4;10;8,9;87;79;83;28;4,6;3,8;
2026/06/28;0600 UTC;0;984,5;984,7;984,1;0;12,6;10,2;13;12,4;11,3;9,7;94;85;88;68;4,1;3;
2026/06/28;0700 UTC;,2;984;984,2;983,7;0;12,5;11,6;12,7;12,3;12;11,3;97;94;96;338;4,7;3,2;
2026/06/28;0800 UTC;0;983,4;983,8;983,1;0;12,7;11,9;13;12,5;12;11,7;97;95;96;333;2,5;1,7;
2026/06/28;0900 UTC;0;982,9;983,2;982,7;0;12,7;12,4;13,1;12,4;13,1;12;100;98;98;318;3,2;1,7;
2026/06/28;1000 UTC;0;982,9;983,2;982,7;0;12,9;12,9;13,2;12,4;13,2;12,4;100;100;100;19;2,7;2,1;
2026/06/28;1100 UTC;0;983,7;984;983;1,1;12,3;12,4;12,7;12,2;12,7;12,2;100;100;100;341;4;2,5;
2026/06/28;1200 UTC;0;984,4;984,7;984;66,7;12,5;12,5;12,9;12,2;12,9;12,3;100;100;100;318;4,1;2,7;
2026/06/28;1300 UTC;0;984,6;984,9;984,4;156;12,9;12,9;13,2;12,8;13,2;12,9;100;100;100;313;5,2;3,2;
2026/06/28;1400 UTC;0;984,5;984,7;984,2;301,4;13,2;13,3;13,5;13,1;13,5;13,1;100;100;100;313;5,1;3,6;
2026/06/28;1500 UTC;0;983,9;984,6;983,4;776,9;14;13,6;14,7;13,4;14,1;12,7;100;91;98;266;4,5;2,8;
2026/06/28;1600 UTC;0;983;983,5;982,4;707,4;14,9;11,7;15,1;14,7;13,3;10,5;92;79;84;237;8,1;4,8;
2026/06/28;1700 UTC;0;982,3;982,7;981,7;1165,7;15,2;9,8;15,8;14,7;10,7;8,9;78;68;73;227;6,2;4;
2026/06/28;1800 UTC;0;981,6;981,8;981,5;1331,9;16,3;9,2;16,7;15,7;10,1;8,6;70;60;65;258;5,2;2,7;
2026/06/28;1900 UTC;0;981,7;981,9;981,5;1004,8;17;9;17,4;16,5;9,7;8,6;64;57;60;281;7,1;5,2;
2026/06/28;2000 UTC;0;982,2;982,6;981,7;509,3;16,6;9,1;17;16;9,7;8,6;65;60;62;272;7,8;4,7;
2026/06/28;2100 UTC;0;982,9;983,2;982,6;68,2;15;8,6;15,9;14;8,7;8,5;72;63;68;242;5,7;2,9;
2026/06/28;2200 UTC;,2;983,4;983,7;983,1;0;13,1;8,6;14;12,2;8,8;8,2;80;72;77;227;11;7,2;
2026/06/28;2300 UTC;0;983,9;984,2;983,5;0;11,4;8,3;12,2;10,9;8,5;8,2;87;80;85;227;10,5;6,9;
2026/06/29;0000 UTC;0;984,6;984,9;984,2;0;10,5;8,4;10,9;10,1;8,5;8,3;92;87;90;223;10,1;6,9;
2026/06/29;0100 UTC;0;985,3;985,7;985;0;9,6;8,3;10,1;9,1;8,7;8,1;96;92;94;216;9,2;6,4;
2026/06/29;0200 UTC;0;986,1;986,6;985,6;0;8,6;8;9,1;8,4;8,2;7,8;98;95;97;219;8,8;6,1;
2026/06/29;0300 UTC;0;987,1;987,6;986,7;0;8,4;7,7;8,8;8,2;8,1;7,5;97;96;97;223;6,4;3,8;
2026/06/29;0400 UTC;0;987,8;988;987,6;0;7,8;7,3;8,5;7,4;7,8;7,1;99;96;98;215;4,5;3,4;
2026/06/29;0500 UTC;0;987,9;988;987,7;0;7;6,9;7,5;6,6;7,3;6,6;100;99;100;215;3,6;2,2;
2026/06/29;0600 UTC;0;987,8;988;987,7;0;6,6;6,6;6,8;6,5;6,8;6,5;100;100;100;225;3,5;2,5;
2026/06/29;0700 UTC;0;988;988,1;987,9;0;7,1;6,7;7,4;6,5;7;6,4;100;97;98;219;5,8;4,5;
2026/06/29;0800 UTC;0;988;988,1;987,9;0;6,8;6,7;7,3;6,5;7,1;6,5;100;97;99;221;7,5;5,5;
2026/06/29;0900 UTC;0;988,2;988,5;988;0;5,8;5,8;6,4;5,2;6,5;5,2;100;100;100;215;5,8;3,8;
2026/06/29;1000 UTC;0;988,7;989;988,4;0;5,3;5,3;5,6;5,2;5,6;5,2;100;100;100;207;5,7;4,1;
2026/06/29;1100 UTC;0;989;989,4;988,8;11,2;5,1;5,1;5,4;4,9;5,4;4,9;100;100;100;210;3,7;2,4;
2026/06/29;1200 UTC;0;989,5;989,8;989,4;262,8;5,4;5,5;5,9;5,1;5,9;5,1;100;100;100;211;4,5;3,5;
2026/06/29;1300 UTC;0;990,3;990,6;989,8;469,5;6,1;6,1;6,8;5,6;6,8;5,6;100;100;100;107;2,3;,7;
2026/06/29;1400 UTC;0;991;991,2;990,6;510,6;6,5;6,5;7;6,1;7;6,1;100;100;100;26;4,7;3,2;
2026/06/29;1500 UTC;0;990,9;991,2;990,5;532,7;6,2;6,2;6,5;5,9;6,5;5,9;100;100;100;287;5,8;3,7;
2026/06/29;1600 UTC;0;990,2;990,5;989,8;698,2;6,5;6,5;6,8;6,1;6,9;6,2;100;100;100;251;4,7;2,6;
2026/06/29;1700 UTC;0;989,5;989,8;989,2;748,2;7,4;7,2;8,2;6,8;7,5;6,2;100;91;99;311;4,4;2,7;
2026/06/29;1800 UTC;0;989,2;989,4;989;620,1;7,9;6;8,4;7,5;6,8;5,2;93;88;90;289;4;2,3;
2026/06/29;1900 UTC;0;988,8;989;988,6;895,8;8,1;5,6;8,9;7,5;6,1;5,1;92;83;87;248;3;1,6;
2026/06/29;2000 UTC;0;988,8;988,9;988,6;542,6;8,6;5,5;8,9;8,4;5,7;5,2;86;83;84;202;3,4;2,1;
2026/06/29;2100 UTC;0;989;989,4;988,8;74,1;7,3;5,3;8,4;6,3;5,6;5,1;96;85;90;216;1,5;1,3;
2026/06/29;2200 UTC;0;989,6;989,8;989,3;0;5,7;5,4;6,3;5,3;5,8;5;100;96;98;196;2,5;1,8;
2026/06/29;2300 UTC;0;989,8;989,9;989,7;0;5,4;5,4;5,6;5,2;5,6;5,3;100;100;100;197;2;1,4;
2026/06/30;0000 UTC;0;989,9;990;989,8;0;5,3;5,3;5,6;4,9;5,6;4,9;100;100;100;187;2,4;1,8;
2026/06/30;0100 UTC;0;989,9;990,1;989,8;0;5,2;5,2;5,5;4,7;5,5;4,8;100;100;100;193;3;1,9;
2026/06/30;0200 UTC;0;990;990,2;989,9;0;5,9;5,5;6,1;5,5;5,9;4,8;100;96;98;302;1,2;,7;
2026/06/30;0300 UTC;0;990,3;990,5;990,2;0;5,5;4,5;5,8;5,1;5;3,7;97;92;95;287;1,3;,5;
2026/06/30;0400 UTC;0;990,2;990,5;990;0;5,4;5,2;5,9;4,9;5,6;4,5;100;96;99;271;,7;,2;
2026/06/30;0500 UTC;0;989,7;990;989,5;0;5,4;3,3;5,9;5,1;5,4;2,5;100;84;89;179;2,8;2,2;
2026/06/30;0600 UTC;,2;989,3;989,5;989;0;5,1;3,4;5,6;4,8;3,9;3,2;94;89;91;184;3;2,5;
2026/06/30;0700 UTC;0;988,9;989;988,7;0;4,5;3,7;5,2;3,9;4,2;3,1;100;90;96;192;3,5;2,5;
2026/06/30;0800 UTC;0;988,7;988,8;988,5;0;3,8;3,8;4,1;3,4;4,2;3,4;100;100;100;176;2,4;1,8;
2026/06/30;0900 UTC;0;988,5;988,6;988,4;0;3,5;3,6;4,3;3;4,3;3;100;100;100;168;3,4;2,3;
2026/06/30;1000 UTC;0;988,6;988,8;988,4;0;4,1;4,1;4,5;3,9;4,5;3,5;100;98;100;132;3,8;1,7;
2026/06/30;1100 UTC;0;988,9;989,2;988,7;53,2;5;3,9;5,8;4,1;4,4;3,3;100;89;95;120;5,2;3,8;
2026/06/30;1200 UTC;0;989,2;989,4;989,1;437,8;6,3;3,2;6,9;5,6;3,9;3;88;83;84;115;6,1;3,6;
2026/06/30;1300 UTC;0;989,4;989,5;989,2;993,1;7;3,7;7,6;6,5;4,6;2,9;87;82;84;102;5,7;3,6;
2026/06/30;1400 UTC;0;989,2;989,3;989;1534,5;8,3;4,5;9,1;7,4;5,1;3,9;84;77;81;107;6,1;3,6;
2026/06/30;1500 UTC;0;988,8;989,1;988,4;1918,9;9,9;5,1;10,8;9;5,9;4,4;79;73;76;101;5,4;3,5;
2026/06/30;1600 UTC;0;987,8;988,4;987,3;1958,3;11,3;5,4;12;10,5;6,1;4,6;76;65;71;108;6,2;3,8;
2026/06/30;1700 UTC;0;987,1;987,3;986,8;1967,5;12,4;5,7;13,2;11,8;6,6;5,2;70;62;66;87;4,8;2,5;
2026/06/30;1800 UTC;0;986,3;986,7;986,1;1680,1;13,4;5,7;14;12,7;6,5;5,2;66;56;62;115;5,3;2,5;
2026/06/30;1900 UTC;0;985,5;986;985,1;1052;13,5;5,2;14,3;12,5;5,8;4,8;63;56;59;115;6,2;3,8;
2026/06/30;2000 UTC;0;984,8;985,4;984;376,3;12,3;4,9;13,4;11,4;5,6;4,5;66;59;63;120;8,2;5;
2026/06/30;2100 UTC;0;984,8;985,3;984;23,2;10,9;4,6;11,5;10,3;4,9;4,4;71;66;68;79;5,5;3,4;
2026/06/30;2200 UTC;0;985,7;986,1;985,3;0;10,2;5;10,5;10;5,4;4,6;76;71;74;99;4;2,2;
2026/06/30;2300 UTC;0;986,1;986,3;986;0;9,7;5,5;10,4;9,4;5,9;5,2;83;76;79;105;4,4;2,5;
2026/07/01;0000 UTC;0;986,1;986,3;986;0;9,3;6,2;9,8;9;6,6;5,9;87;83;85;99;5,2;2,6;
2026/07/01;0100 UTC;0;986,1;986,3;985,9;0;8,9;6,4;9,1;8,8;6,7;6,2;89;86;87;89;5,4;3;
2026/07/01;0200 UTC;0;985,8;986;985,7;0;9,2;6,9;9,4;9;7,1;6,7;89;88;89;100;4,5;2,9;
2026/07/01;0300 UTC;0;986,1;986,1;985,9;0;9;7;9,2;8,4;7,2;6,7;92;89;90;112;4;2,8;
2026/07/01;0400 UTC;0;986,3;986,5;986,1;0;7,9;6,8;8,3;7,6;7,3;6,6;96;92;95;134;4;2,6;
2026/07/01;0500 UTC;0;986,3;986,5;986;0;7,9;7,4;8,1;7,8;7,6;7;98;96;97;138;4,4;2,6;
2026/07/01;0600 UTC;0;986,1;986,2;986;0;8,2;7,8;8,5;8,1;8;7,6;98;98;98;139;3,9;1,9;
2026/07/01;0700 UTC;0;986,1;986,3;985,9;0;8,3;8;8,5;8,1;8,3;7,8;100;97;98;146;4;1,9;
2026/07/01;0800 UTC;0;985,8;986;985,6;0;8,5;8,3;8,9;8,4;8,9;8,2;100;99;99;123;4,8;2,9;
2026/07/01;0900 UTC;0;985,7;985,9;985,6;0;8,5;8,5;8,7;8,4;8,8;8,4;100;100;100;112;5,3;2,9;
2026/07/01;1000 UTC;0;986,1;986,4;985,8;0;8,7;8,7;9,2;8,4;9;8,5;100;99;99;135;4;1,8;
2026/07/01;1100 UTC;0;986,6;987;986,3;4;8,6;8,5;9;8,5;9;8,5;100;99;100;177;2,3;1,3;
2026/07/01;1200 UTC;0;987,4;987,7;987;76,8;8,7;8,6;8,8;8,5;8,7;8,5;100;98;100;181;4;2,2;
2026/07/01;1300 UTC;0;988;988,2;987,7;219,8;9,1;8,8;9,4;8,8;9,2;8,5;100;98;99;182;4,2;2,6;
2026/07/01;1400 UTC;0;988,4;988,6;988,3;304,7;9,4;9,4;9,7;9,2;9,7;9;100;99;100;175;4;2,2;
2026/07/01;1500 UTC;0;988,2;988,4;987,8;377,5;9,9;9,9;10,5;9,6;10,5;9,7;100;100;100;176;4,8;2,6;
2026/07/01;1600 UTC;0;987,3;987,9;986,9;860,4;11,4;11,2;12,7;10,5;11,8;10,5;100;94;99;171;10,1;3,9;
2026/07/01;1700 UTC;0;986,6;986,8;986,2;943,6;13,5;10,9;14;12,6;11,7;10,4;94;82;87;133;6,3;3,3;
2026/07/01;1800 UTC;0;986,4;986,6;986,2;800,1;14;10,7;15;13,3;11,1;10,2;88;77;84;127;8;5;
2026/07/01;1900 UTC;0;986,5;986,9;986,3;759,8;14,6;10,5;15,5;14,2;10,7;10,1;82;76;79;146;6,3;3,1;
2026/07/01;2000 UTC;0;987,3;987,5;986,9;253,4;13,8;10,8;14,6;13,4;11,1;10,4;88;79;85;163;5,3;2,6;
2026/07/01;2100 UTC;0;987,8;988,1;987,4;36,8;13,2;11,1;13,4;12,8;11,3;11;92;88;90;180;6,1;3,6;
2026/07/01;2200 UTC;0;988,5;989,1;987,9;0;12,2;11,1;12,9;11,7;11,5;10,9;98;92;95;179;5,9;3,4;
2026/07/01;2300 UTC;0;989,3;989,8;988,8;0;11,3;11;12;10,8;11,6;10,6;99;97;98;180;8,8;4,8;
2026/07/02;0000 UTC;,2;990;990,5;989,7;0;10,1;9,9;10,8;9,6;10,6;9,6;100;99;99;179;8;5;
2026/07/02;0100 UTC;0;990,6;990,9;990,1;0;9,3;9,3;9,6;9,1;9,6;9,1;100;100;100;176;8,5;4,9;
2026/07/02;0200 UTC;0;991,1;991,4;990,6;0;9,1;8,2;9,3;9;9,1;7,9;100;94;96;175;7,7;4,5;
2026/07/02;0300 UTC;0;991,2;991,6;990,9;0;9,2;7,7;9,5;9,2;8,1;7,3;94;90;92;175;7,2;4,7;
2026/07/02;0400 UTC;0;991,7;991,9;991,4;0;9;7;9,4;8,8;7,5;6,8;91;89;90;177;8,2;4,9;
2026/07/02;0500 UTC;0;991,9;992,2;991,5;0;8,6;6,7;8,8;8,5;7;6,4;92;89;91;177;8,5;5,4;
2026/07/02;0600 UTC;0;991,9;992,3;991,5;0;8,6;7;8,9;8,4;7,4;6,6;94;90;92;175;9,2;5,3;
2026/07/02;0700 UTC;0;991,6;992,1;991,1;0;8,6;6,8;9;8,5;7,4;6,5;93;90;91;182;9,4;5,6;
2026/07/02;0800 UTC;,2;992,4;992,6;992;0;8,2;7,3;8,6;7,8;7,9;6,7;100;91;96;185;9,4;6,2;
2026/07/02;0900 UTC;,2;992,2;992,7;991,8;0;7,4;7,5;7,9;7,1;7,9;7,2;100;100;100;180;11,5;6,8;
2026/07/02;1000 UTC;,2;992,9;993,2;992,1;0;7,2;7,2;7,4;7,1;7,5;7,1;100;100;100;176;11,3;6,1;
2026/07/02;1100 UTC;1,2;993,1;993,6;992,5;3,3;7,1;7,1;7,5;6,9;7,6;6,9;100;100;100;174;10,4;5,8;
2026/07/02;1200 UTC;,2;994;994,5;993,5;64,6;7;7;7,1;6,9;7,2;6,9;100;100;100;178;10,5;5,9;
2026/07/02;1300 UTC;,2;994,8;995,2;994,4;191,2;6,8;6,8;7,2;6,6;7,2;6,6;100;100;100;180;9,8;6;
2026/07/02;1400 UTC;,2;995,4;995,7;995,2;577,2;6,4;5,7;7,1;6,1;6,6;5,1;100;90;96;183;10,8;6;
2026/07/02;1500 UTC;0;995,3;995,5;995,1;512,4;6,6;4,8;7;6,5;5,8;4;95;86;91;188;10,4;5,4;
2026/07/02;1600 UTC;0;995,2;995,3;994,9;610,3;7;4;7,3;6,8;4,6;3,4;87;81;85;188;8,8;5,4;
2026/07/02;1700 UTC;0;994,4;994,9;993,9;1050;7,9;3,3;8,8;7,1;4;2,5;82;70;77;185;8,4;4,5;
2026/07/02;1800 UTC;0;993,9;994;993,8;717,4;8,5;3;8,9;8,3;3,6;2,4;75;70;72;200;8,4;5,1;
2026/07/02;1900 UTC;0;993,9;994;993,7;480,3;8,4;2,4;8,7;8,2;2,9;2;72;68;70;196;8,7;4,7;
2026/07/02;2000 UTC;0;994;994,2;993,9;312,4;8,4;1,9;8,7;7,9;2,4;1,7;69;65;68;203;7,6;4,5;
2026/07/02;2100 UTC;0;994,5;994,7;994,2;41,6;7;1,2;7,8;6,3;1,9;,5;74;68;71;203;7,4;4,7;
2026/07/02;2200 UTC;0;995,1;995,3;994,7;0;5,4;,5;6,2;4,9;,6;,3;78;72;75;204;6,2;4,5;
2026/07/02;2300 UTC;0;995,6;995,7;995,3;0;4,9;,3;5,3;4,7;,5;-,1;78;76;77;196;5,9;3,3;
2026/07/03;0000 UTC;0;995,9;996,1;995,7;0;4,6;,4;5,2;4,1;,9;-,2;80;78;79;206;6,8;4,9;
2026/07/03;0100 UTC;0;996,4;996,7;996,1;0;3,4;-1,1;4;2,5;-,3;-1,7;80;75;78;200;7,5;4,7;
2026/07/03;0200 UTC;0;996,9;997;996,6;0;1,8;-2,2;2,5;1,2;-1,8;-2,3;83;78;80;217;7;4,7;
2026/07/03;0300 UTC;0;996,9;997;996,8;0;,9;-2,7;2;,4;-1,8;-3;85;79;82;222;7,3;4,8;
2026/07/03;0400 UTC;0;996,8;996,9;996,6;0;,3;-3,4;,6;-,1;-3;-3,8;83;79;81;224;8;5,3;
2026/07/03;0500 UTC;0;996,6;996,8;996,4;0;0;-3,6;,3;-,3;-3,1;-3,7;84;81;82;223;9;6,1;
2026/07/03;0600 UTC;0;996,3;996,5;996,1;0;,1;-3,2;,5;-,3;-2,9;-3,5;84;83;83;225;9,1;5,8;
2026/07/03;0700 UTC;0;996;996,2;995,9;0;-,2;-3,2;,5;-,6;-2,9;-3,4;87;82;85;228;8,9;6,3;
2026/07/03;0800 UTC;0;995,6;995,9;995,4;0;-,6;-3,1;-,3;-,8;-2,9;-3,2;88;86;87;229;10,4;7;
2026/07/03;0900 UTC;0;995,7;996,1;995,4;0;-,6;-2,9;-,4;-,8;-2,6;-3;91;87;89;230;10,9;7,5;
2026/07/03;1000 UTC;0;996,4;996,8;996;0;-,6;-2,4;-,3;-,8;-2,1;-2,7;92;90;91;231;10,4;6,7;
2026/07/03;1100 UTC;0;996,6;996,8;996,5;19,3;-,2;-2;0;-,4;-1,7;-2,1;92;90;91;231;10,7;6,4;
2026/07/03;1200 UTC;0;996,7;996,9;996,4;386,4;,7;-1,9;1,6;0;-1,6;-2;90;84;87;230;9,9;5,9;
2026/07/03;1300 UTC;0;996,8;997;996,5;1006,1;2,2;-1,2;2,9;1,7;-,5;-1,7;84;82;83;230;13,1;7,6;
2026/07/03;1400 UTC;0;996,7;996,9;996,4;1557,5;3,9;0;4,8;2,9;,9;-,6;83;78;80;224;14;9;
2026/07/03;1500 UTC;0;996,5;996,8;995,8;1939;5,7;1,1;6,9;4,6;1,9;,5;80;72;77;211;13,9;8,8;
2026/07/03;1600 UTC;0;995,8;996,1;995,5;2070,1;7,3;1,6;7,9;6,7;2,1;1,1;74;69;71;207;10,4;7,1;
2026/07/03;1700 UTC;0;994,9;995,6;994;2179,8;8,6;2,2;9,6;7,9;2,7;1,7;71;65;68;198;11,5;7,1;
2026/07/03;1800 UTC;0;994,3;994,5;994;1368,3;9;2,4;9,6;8,3;2,9;2;69;65;67;203;10,3;6,6;
2026/07/03;1900 UTC;0;994,3;994,4;994,2;725,4;8,2;2,3;9;7,9;2,7;2;73;67;70;207;10,3;6,2;
2026/07/03;2000 UTC;0;994,5;994,7;994,2;301,1;7,9;2,5;8,5;7,8;2,8;2,3;75;71;73;227;6,7;4,5;
2026/07/03;2100 UTC;0;994,8;994,9;994,7;31,9;7,7;2,9;8;7,5;3,5;2,6;77;74;76;212;7,2;5;
2026/07/03;2200 UTC;0;995,3;995,5;994,9;0;7,4;3,1;7,6;7,2;3,4;2,9;81;77;79;212;7,1;5,3;
2026/07/03;2300 UTC;0;995,6;995,7;995,5;0;7,1;3,2;7,3;7;3,4;3;82;79;81;209;6;4,1;
2026/07/04;0000 UTC;0;995,6;995,9;995,5;0;6,9;3,5;7,3;6,8;3,7;3,3;84;82;83;224;6,3;4,3;
2026/07/04;0100 UTC;0;995,8;996;995,6;0;6,7;3,7;7,1;6,5;3,9;3,5;87;83;85;216;7;4,5;
2026/07/04;0200 UTC;0;995,5;995,6;995,4;0;6,3;3,9;6,5;6,2;4,3;3,7;90;86;88;201;5,2;3,2;
2026/07/04;0300 UTC;0;995,5;995,6;995,4;0;6;4,2;6,2;6;4,6;4;93;90;91;207;5,1;3,3;
2026/07/04;0400 UTC;0;995,6;995,8;995,5;0;5,9;4,7;6,1;5,7;4,9;4,6;95;93;94;221;4;2,6;
2026/07/04;0500 UTC;0;995,9;996;995,7;0;5,5;4,5;5,7;5,3;4,8;4,4;96;95;95;213;4,9;3,5;
2026/07/04;0600 UTC;0;995,7;996;995,2;0;5,2;4,7;5,3;5,1;4,9;4,5;99;96;98;215;4,3;2,8;
2026/07/04;0700 UTC;0;995,4;995,6;995,2;0;5,1;5,1;5,7;5,1;5,7;4,9;100;99;100;230;4,5;3;
2026/07/04;0800 UTC;0;994,8;995,5;994,2;0;5,1;5,1;5,2;5;5,2;5,1;100;100;100;203;4,5;2,4;
2026/07/04;0900 UTC;0;994,1;994,4;993,9;0;5,1;5,2;5,5;5,1;5,5;5,1;100;100;100;223;2,9;2;
2026/07/04;1000 UTC;0;994,6;994,8;994,5;0;5,3;5,3;5,6;5,1;5,7;5,2;100;100;100;217;3;2,1;
2026/07/04;1100 UTC;0;995;995,3;994,7;7,8;5,4;5,4;5,7;5,3;5,8;5,3;100;100;100;197;4;2,1;
2026/07/04;1200 UTC;0;995,3;995,7;995,1;162,9;5,7;5,8;6,1;5,5;6,1;5,5;100;100;100;198;3,9;2,5;
2026/07/04;1300 UTC;0;995,7;995,9;995,5;558,5;6,4;6,4;6,9;6;6,9;6,1;100;100;100;176;5,3;3;
2026/07/04;1400 UTC;0;995,8;996;995,4;882,5;7,3;6,5;8,6;6,6;7,2;4,8;100;82;96;163;5,7;2,7;
2026/07/04;1500 UTC;0;995,3;995,5;995,1;1298,2;8,8;5,2;9,4;8,1;7,2;4,4;89;78;82;175;4,9;2,6;
2026/07/04;1600 UTC;0;994,7;995,2;994,1;1173,9;9,8;5,2;10,2;9,1;5,8;4,7;82;74;77;94;5,1;2,2;
2026/07/04;1700 UTC;0;993,4;994,1;992,7;1874,5;11,1;5,6;11,8;10,1;6,2;5;77;70;73;111;7,1;3,2;
2026/07/04;1800 UTC;0;992,1;992,7;991,7;1774,8;11,8;6;12,2;11,2;6,4;5,4;73;68;71;97;5,1;2,8;
2026/07/04;1900 UTC;0;992,2;992,6;991,7;934,5;11,5;6,3;12,2;10,9;6,7;5,9;78;70;74;95;3,5;2;
2026/07/04;2000 UTC;0;992,5;993,2;992;347,3;10,6;6,8;11,4;10;7,1;6,5;85;76;81;43;3,5;2,2;
2026/07/04;2100 UTC;0;992,6;993,1;992,2;33,3;9,6;7;10;9,3;7,3;6,8;90;84;87;71;4,3;2,7;
2026/07/04;2200 UTC;0;993,3;993,6;992,7;0;9,2;7,4;9,3;9;7,5;7,2;92;90;91;55;3,4;2,2;
2026/07/04;2300 UTC;0;993,2;993,5;992,9;0;9;7,4;9,1;9;7,5;7,3;92;91;92;81;3;1,9;
2026/07/05;0000 UTC;0;993;993,5;992,5;0;8,8;7,6;9,2;8,7;7,9;7,4;96;92;94;70;4,1;2,1;
2026/07/05;0100 UTC;0;992,9;993,2;992,6;0;8,7;7,7;8,9;8,6;7,9;7,5;96;94;95;150;3,4;1,5;
2026/07/05;0200 UTC;0;992,7;992,9;992,5;0;8,8;8;9;8,7;8,4;7,7;98;94;96;117;4,1;2,8;
2026/07/05;0300 UTC;0;992,9;993;992,8;0;8,9;8,2;9,1;8,7;8,3;8,1;97;96;97;129;5,4;2,8;
2026/07/05;0400 UTC;0;992,5;992,9;992,1;0;8,7;8,5;9;8,4;8,6;8,3;100;97;99;106;4,6;2,5;
2026/07/05;0500 UTC;0;991,9;992,2;991,6;0;8,4;8,4;8,8;8,3;8,8;8,3;100;100;100;106;6,4;3,7;
2026/07/05;0600 UTC;0;991,7;992;991,5;0;8,4;8,4;8,6;8,3;8,6;8,3;100;100;100;95;5,3;3,2;
2026/07/05;0700 UTC;0;991,2;991,5;991,1;0;8,4;8,4;8,6;8,3;8,6;8,4;100;100;100;107;4,9;2,5;
2026/07/05;0800 UTC;0;990,8;991,2;990,5;0;8,3;8,3;8,8;8;8,8;8;100;100;100;114;5,2;3,5;
2026/07/05;0900 UTC;0;990,7;991;990,5;0;7,9;7,9;8,2;7,7;8,2;7,8;100;100;100;136;4,5;2,2;
2026/07/05;1000 UTC;,2;991,1;991,5;990,9;0;7,5;7,6;7,7;7,5;7,8;7,5;100;100;100;125;4,4;2,4;
2026/07/05;1100 UTC;0;991,1;991,5;990,7;18,6;7,4;7,4;7,5;7,2;7,5;7,3;100;100;100;123;6,5;4;
2026/07/05;1200 UTC;0;991;991,4;990,7;190;7,4;7,5;7,7;7,3;7,8;7,4;100;100;100;91;6,6;4,1;
2026/07/05;1300 UTC;0;991,3;991,6;990,9;393,9;7,9;7,9;8,2;7,5;8,2;7,6;100;100;100;101;5,9;3,7;
2026/07/05;1400 UTC;0;990,5;991,1;990,2;505,5;8,3;8,4;8,6;8,1;8,6;8,2;100;100;100;83;6,2;3,6;
2026/07/05;1500 UTC;0;990,2;990,9;989,7;586,6;8,9;8,9;9,4;8,5;9,4;8,5;100;100;100;87;4,8;2,5;
2026/07/05;1600 UTC;0;989,7;989,9;989,3;401,9;9,9;9,3;10,4;9,2;10;8,7;100;92;97;76;3,5;1,9;
2026/07/05;1700 UTC;0;989,1;989,4;988,9;240,9;10,6;8,9;11,1;10,3;9,3;8,6;93;90;92;127;1,9;1,2;
2026/07/05;1800 UTC;0;988,6;988,9;988,2;257,3;10,9;9,3;11,1;10,6;9,7;8,8;94;90;92;135;2,4;1,5;
2026/07/05;1900 UTC;0;988;988,3;987,9;156,5;10,8;9,7;10,9;10,7;10,2;9,3;97;93;95;167;1,9;1,1;
2026/07/05;2000 UTC;0;987,6;987,9;987,4;119,5;10,8;9,8;11;10,7;10,4;9,5;97;94;95;117;4,9;3,1;
2026/07/05;2100 UTC;0;987,4;987,6;987,2;15,1;10,5;9,9;10,8;10,3;10,1;9,7;98;95;97;98;3,2;1,7;
2026/07/05;2200 UTC;0;987,4;987,6;987,2;0;10,2;9,9;10,4;10,1;10,1;9,8;99;98;98;86;3,8;2;
2026/07/05;2300 UTC;0;987;987,3;986,7;0;10;10;10,2;9,9;10,1;9,9;100;99;100;50;4,4;3,2;
2026/07/06;0000 UTC;0;986,8;987,1;986,7;0;10,1;10;10,2;9,9;10,2;10;100;100;100;58;1,3;,8;
2026/07/06;0100 UTC;,4;987,3;987,5;987;0;10,1;10,1;10,4;9,9;10,4;10;100;100;100;236;3,1;1,7;
2026/07/06;0200 UTC;,6;987,6;987,7;987,4;0;9,8;9,9;10,2;9,8;10,2;9,8;100;100;100;225;4,9;3,1;
2026/07/06;0300 UTC;,2;987,4;987,6;987,1;0;9,8;9,8;9,9;9,7;10;9,8;100;100;100;225;4,7;3;
2026/07/06;0400 UTC;0;987,4;987,5;987,2;0;9,6;9,6;9,8;9,3;9,8;9,4;100;100;100;244;5,4;2,5;
2026/07/06;0500 UTC;0;986,9;987,2;986,6;0;9,1;9,2;9,3;9,1;9,4;9,1;100;100;100;250;5,8;2,2;
2026/07/06;0600 UTC;0;987;987,1;986,7;0;8,9;8,9;9,3;8,6;9,3;8,7;100;100;100;241;6,6;3,6;
2026/07/06;0700 UTC;0;987,1;987,3;987;0;8,5;8,5;8,7;8,2;8,7;8,2;100;100;100;239;7;3,7;
2026/07/06;0800 UTC;0;986,9;987,2;986,6;0;8;8;8,2;7,8;8,3;7,8;100;100;100;243;7,6;3,9;
2026/07/06;0900 UTC;0;986,8;987,1;986,5;0;7,9;7,9;8,1;7,8;8,1;7,8;100;100;100;247;5,7;3;
2026/07/06;1000 UTC;0;987;987,1;986,8;0;7,8;7,8;8,2;7,6;8,2;7,5;100;99;100;234;7,8;4,6;
2026/07/06;1100 UTC;0;987,5;987,9;986,9;1,4;7,6;7,4;7,7;7,6;7,6;7;99;97;99;256;6,1;2,9;
2026/07/06;1200 UTC;0;988,2;988,4;987,9;103,6;7,6;6,6;7,8;7,4;7,1;5,9;97;92;95;235;9;4,2;
2026/07/06;1300 UTC;0;988,8;989,1;988,4;447,8;7,5;5,5;7,8;7,4;6,4;4,8;95;86;90;249;8,4;4,1;
2026/07/06;1400 UTC;0;989,2;989,4;989,1;764,2;7,9;4,4;8,4;7,7;5,3;3,7;88;79;82;240;7,3;3,9;
2026/07/06;1500 UTC;0;989,4;989,5;989,3;491,8;7,7;3,4;8;7,5;4;2,4;81;74;79;237;7,6;4,1;
2026/07/06;1600 UTC;0;989,3;989,5;988,9;459,7;7,6;3,3;7,9;7,4;3,8;2,7;82;76;78;243;8,5;4,3;
2026/07/06;1700 UTC;0;988,7;989;988,5;453,7;7,4;2,9;7,8;7,2;3,6;2,2;80;75;78;240;7,6;4,2;
2026/07/06;1800 UTC;0;988,4;988,6;988,2;282,1;7;2,9;7,3;6,7;3,3;2,6;82;77;80;256;7,1;3,5;
2026/07/06;1900 UTC;0;988,4;988,4;988,3;250,9;6,5;2,2;6,9;6,4;2,8;1,8;80;77;78;266;6,7;4;
2026/07/06;2000 UTC;0;988,4;988,6;988,3;153,9;6,3;2;6,6;6,2;2,3;1,5;79;76;78;274;7,4;4,3;
2026/07/06;2100 UTC;0;988,7;988,8;988,5;21,4;6;2;6,2;5,9;2,2;1,7;81;78;80;277;5,2;3,3;
2026/07/06;2200 UTC;0;989,2;989,6;988,8;0;5,9;1,8;6;5,8;1,9;1,5;81;78;80;276;5,4;3,3;
2026/07/06;2300 UTC;0;989,9;990,2;989,6;0;5;1,8;5,8;4,4;2,1;1,6;87;80;84;290;4;2,9;
2026/07/07;0000 UTC;0;990,4;990,6;990,2;0;4,6;1,8;4,9;4,3;2;1,7;87;84;86;279;3,8;2,7;
2026/07/07;0100 UTC;0;990,5;990,6;990,3;0;4,3;1,4;4,7;3,9;1,7;1,2;88;83;86;312;5;3,5;
2026/07/07;0200 UTC;0;990,2;990,3;990,1;0;4,1;1,3;4,3;3,9;1,6;1,2;88;85;86;307;5,7;4;
2026/07/07;0300 UTC;0;989,8;990,1;989,4;0;3,9;1,5;4,4;3,7;1,7;1,3;90;86;88;317;6,4;5;
2026/07/07;0400 UTC;0;989;989,4;988,7;0;3,6;1,9;3,9;3,3;2,3;1,7;93;90;91;322;7,9;5,6;
2026/07/07;0500 UTC;0;988,6;988,8;988,4;0;3,5;1,8;3,7;3,3;2;1,7;93;90;92;319;9;6,8;
2026/07/07;0600 UTC;0;988,4;988,6;988,1;0;3,5;1,9;4;3,2;2,2;1,7;93;89;92;313;8,3;6,1;
2026/07/07;0700 UTC;0;987,8;988,1;987,6;0;3,8;1,6;4;3,6;2;1,4;91;87;89;312;8,8;6,3;
2026/07/07;0800 UTC;0;987,5;987,7;987,3;0;3,5;1,3;3,9;3,2;1,4;1,1;90;87;89;301;9,5;6,5;
2026/07/07;0900 UTC;0;987,8;988,2;987,5;0;2,9;1;3,2;2,6;1,1;,9;92;89;90;301;8,7;5,8;
2026/07/07;1000 UTC;0;988,5;988,8;988,2;0;2,4;,9;2,8;2,2;1,1;,7;93;91;92;300;8,7;6,2;
2026/07/07;1100 UTC;0;988,9;989,1;988,6;21,9;1,9;,7;2,3;1,6;1,1;,6;96;92;94;303;7,4;5,3;
2026/07/07;1200 UTC;0;989,1;989,3;988,9;397,6;2,5;,7;3,5;1,7;1,1;,6;94;87;91;300;7,5;5,4;
2026/07/07;1300 UTC;0;989,4;989,5;989,2;1034,1;4,4;1,2;5,6;3,5;2,1;,9;88;79;84;303;6,8;4,9;
2026/07/07;1400 UTC;0;989,5;989,7;989,3;1582,6;6,7;2,2;8,2;5,3;2,9;1,6;83;69;78;304;7,9;5,5;
2026/07/07;1500 UTC;0;989,3;989,5;989;1982,7;9,1;2,2;10,4;8,1;2,8;1,6;71;62;65;303;7,5;5,5;
2026/07/07;1600 UTC;0;988,9;989,1;988,7;2122;11,5;2,8;12,6;10,2;3,8;1,7;65;46;56;270;8,5;5,7;
2026/07/07;1700 UTC;0;988,2;988,7;987,6;2080,5;13;2,2;13,5;12,5;3;1,6;50;42;46;268;8,5;5,6;
2026/07/07;1800 UTC;0;987,4;987,6;987,1;1762,7;13,7;1,9;14,3;13,3;2,6;1,4;45;39;41;271;8,4;5,5;
2026/07/07;1900 UTC;0;987,1;987,2;986,9;1249,3;13,9;2,4;14,2;13,6;2,9;1,7;45;40;42;252;6,8;3,6;
2026/07/07;2000 UTC;0;987,2;987,5;987;578,1;13,5;2,9;13,8;12,9;3,4;2,6;50;45;47;272;5,5;3,4;
2026/07/07;2100 UTC;0;987,5;987,6;987,4;26,3;11,4;2,9;12,9;10,8;3,2;2,7;60;51;57;294;4,9;3,7;
2026/07/07;2200 UTC;0;987,7;987,8;987,5;0;10,6;2,9;11;10,3;3,1;2,8;63;59;61;310;4,9;3,7;
2026/07/07;2300 UTC;0;987,7;987,9;987,6;0;9,8;2,7;10,6;9,4;3;2,5;66;62;64;308;4,8;3,5;
2026/07/08;0000 UTC;0;987,9;988;987,6;0;9,8;2,9;10,2;9,4;3,3;2,5;66;63;65;302;6,4;4,6;
2026/07/08;0100 UTC;0;987,9;988,5;987,7;0;9;3,1;10,5;8;3,4;2,9;75;65;70;309;5,8;3,6;
2026/07/08;0200 UTC;0;988,2;988,5;987,9;0;8,5;3,3;9,7;7,3;3,6;3,1;81;68;74;325;5,4;4,1;
2026/07/08;0300 UTC;0;988,4;988,6;988,1;0;7,7;3,6;8,4;7,1;3,9;3,5;83;76;79;312;5,4;3,9;
2026/07/08;0400 UTC;0;988,4;988,5;988,3;0;7,7;3,5;8;7,3;3,7;3,4;81;77;79;313;5,9;4,4;
2026/07/08;0500 UTC;0;988,2;988,4;988;0;7,5;3,4;7,9;7;3,8;3,3;82;79;80;313;6,3;4,7;
2026/07/08;0600 UTC;0;988;988,3;987,7;0;6,2;3,6;6,8;6;4;3,4;88;83;87;326;6,2;4,9;
2026/07/08;0700 UTC;0;987,7;987,8;987,5;0;6,7;3,2;7;6,1;3,6;3;87;80;83;319;6,7;5;
2026/07/08;0800 UTC;0;987,5;987,7;987,3;0;6,5;2,9;6,9;6,3;3;2,8;83;81;82;325;7;5,2;
2026/07/08;0900 UTC;0;987,5;987,6;987,3;0;6,2;2,7;6,5;6;2,9;2,5;83;82;82;332;7,5;5,5;
2026/07/08;1000 UTC;0;987,6;987,8;987,4;0;5,8;2,4;6,2;5,7;2,7;2,3;84;82;83;330;6,9;5,4;
2026/07/08;1100 UTC;0;988,1;988,5;987,6;13,4;5,7;2,3;6,3;5,5;2,8;2,2;84;82;83;331;7,7;5,6;
2026/07/08;1200 UTC;0;989;989,5;988,4;384,1;6,9;2,6;7,9;5,6;3,1;2,3;83;75;79;318;8,4;5,9;
2026/07/08;1300 UTC;0;989,4;989,6;989,3;1004,7;8,7;3,6;10,1;7,7;4,6;3;76;71;75;329;7,4;4,8;
2026/07/08;1400 UTC;0;989,4;989,7;989,2;1549,3;10,7;4,4;11,5;10,1;5;4;72;64;69;318;8,4;6,5;
2026/07/08;1500 UTC;0;989;989,3;988,7;1928,9;12,3;5;13,1;11,4;5,6;4,4;66;61;64;320;8,4;6;
2026/07/08;1600 UTC;0;988,5;988,9;987,9;2066,4;13,7;5,6;14,6;12,6;6,3;4,8;63;55;60;323;7,3;5,2;
2026/07/08;1700 UTC;0;987,4;987,9;986,9;2038,1;15;5,7;15,5;14,4;6,6;5,1;59;50;54;320;7;4,7;
2026/07/08;1800 UTC;0;986,8;987;986,7;1753,9;15,9;5,8;16,5;15,2;6,5;5,2;53;46;50;316;7,2;4,7;
2026/07/08;1900 UTC;0;986,7;986,8;986,6;1232,8;16,4;5,5;16,7;16;5,9;5;48;43;46;301;5,7;3,7;
2026/07/08;2000 UTC;0;987,2;987,6;986,6;603;16,3;5,3;16,8;15,7;5,8;4,8;47;42;45;109;3,6;2,5;
2026/07/08;2100 UTC;0;986,8;987;986,5;103,2;14;5;15,7;12,2;5,6;4,4;61;47;55;36;4,3;3,8;
2026/07/08;2200 UTC;0;986,8;987;986,6;0;13;4,8;13,3;12,3;5,3;4,4;61;57;59;90;4,4;3;
2026/07/08;2300 UTC;0;986,7;986,9;986,6;0;12,7;5,2;13,3;12,3;5,5;5,1;64;61;63;78;5,4;4;
2026/07/09;0000 UTC;0;986,7;986,8;986,5;0;12,4;5,2;12,6;12,2;5,4;5;65;63;64;72;5,3;4,4;
2026/07/09;0100 UTC;0;986,5;986,6;986,4;0;11,7;5,2;12,1;11,3;5,4;5;69;66;67;39;5,4;4,1;
2026/07/09;0200 UTC;0;986,5;986,7;986,4;0;11,1;4,8;11,5;10,7;5,1;4,6;70;68;69;27;5,5;4,3;
2026/07/09;0300 UTC;0;986,3;986,7;986;0;10,4;4,5;11;9,8;4,7;4,4;73;68;71;24;6,5;4,9;
2026/07/09;0400 UTC;0;985,6;986;985,4;0;9,5;4,3;9,9;9;4,7;4,1;76;73;74;15;5,8;4,4;
2026/07/09;0500 UTC;0;985,5;985,9;985,3;0;9,3;3,9;9,8;9;4,3;3,3;76;67;73;18;5,7;3,6;
2026/07/09;0600 UTC;0;985,5;986;984,8;0;9,7;3,2;10,1;9,1;3,5;2,9;71;66;68;21;5,3;4;
2026/07/09;0700 UTC;0;984,6;984,8;984,3;0;9,1;3,1;9,4;8,8;3,3;2,8;72;68;70;326;4,5;3,4;
2026/07/09;0800 UTC;0;984,7;984,8;984,5;0;9,3;2,6;9,8;8,9;2,9;2,4;68;64;66;338;5,2;4;
2026/07/09;0900 UTC;0;984,5;984,6;984,3;0;9,1;2,8;9,5;8,7;2,9;2,6;70;66;68;322;5,4;4,6;
2026/07/09;1000 UTC;0;984,8;985,1;984,5;0;9,1;2,6;9,7;8,6;2,8;2,5;70;65;68;340;6,8;5,3;
2026/07/09;1100 UTC;0;985,2;985,4;985;18,9;9,2;2,9;9,7;8,9;3;2,7;70;65;68;344;6,6;5,3;
2026/07/09;1200 UTC;0;985,8;986,2;985,3;281,4;9,4;3,1;11,2;8,5;3,5;2,9;72;60;68;309;5,6;3,8;
2026/07/09;1300 UTC;0;985,9;986,2;985,7;720,2;11,1;4,3;11,6;10,4;5,4;3,3;74;60;66;332;4,8;3,2;
2026/07/09;1400 UTC;0;986,5;986,6;986,3;637,8;12,1;4,7;12,7;11,3;5,4;3,9;66;60;63;322;3,3;1,9;
2026/07/09;1500 UTC;0;986,2;986,3;986;931,5;13,7;5,7;15,4;12,7;6,9;5;65;51;60;323;5,9;3,5;
2026/07/09;1600 UTC;0;985,6;986,1;985;1720,3;16,3;6,7;17,1;15,3;7,7;5,8;56;50;52;330;7,3;4,9;
2026/07/09;1700 UTC;0;984,5;985;984;1442,5;16,5;6,9;17;16,1;7,6;6,3;55;49;52;320;6,9;4,7;
2026/07/09;1800 UTC;0;983,5;984;983,2;956;15,9;7,4;16,7;15,3;7,8;6,9;63;52;58;327;5,1;3,9;
2026/07/09;1900 UTC;0;982,8;983,4;982,6;547,2;15,5;8,2;15,9;15,3;8,6;7,8;65;62;64;321;4,5;2,5;
2026/07/09;2000 UTC;0;982,9;983,1;982,7;320,7;15,9;8,5;16,1;15,7;8,9;8,1;64;61;63;321;2,5;1,5;
2026/07/09;2100 UTC;0;983,3;983,5;982,9;65,7;15;8,3;15,6;14,8;8,5;8;68;63;66;274;2,3;1,4;
2026/07/09;2200 UTC;0;983,8;984,2;983,4;0;15,1;8,5;15,4;14,8;8,7;8,2;69;66;67;230;3,4;1,8;
2026/07/09;2300 UTC;0;984,1;984,3;984;0;14,9;8,8;15,4;13,9;9,1;8,6;76;67;69;257;2,6;2;
2026/07/10;0000 UTC;0;983,9;984,1;983,8;0;13,3;8,8;13,8;13,2;9,1;8,6;78;76;77;332;4,5;2,4;
2026/07/10;0100 UTC;0;984,1;984,2;984;0;13,1;8,7;13,5;12,9;9,2;8,4;79;76;78;322;4,4;3,1;
2026/07/10;0200 UTC;0;984,3;984,4;984,1;0;13,8;8,3;14,6;13;8,5;8;76;68;72;280;2,8;2,2;
2026/07/10;0300 UTC;0;984,4;984,5;984,3;0;13,6;8,1;14,1;13,2;8,6;7,9;75;69;73;258;3,8;2;
2026/07/10;0400 UTC;0;984,2;984,3;984;0;11,9;8,1;14,2;11,2;8,4;7,9;85;69;81;254;3,4;2;
2026/07/10;0500 UTC;0;984,2;984,4;984;0;12,9;8;13,6;11,2;8,4;7,8;83;73;76;316;3,6;2,8;
2026/07/10;0600 UTC;0;983,8;984;983,7;0;11,5;8;13,5;10,6;8,2;7,8;87;74;82;261;4,4;2,6;
2026/07/10;0700 UTC;0;983,7;983,9;983,5;0;11,4;8,1;12,4;11;8,6;7,8;86;77;83;191;2,6;1,5;
2026/07/10;0800 UTC;0;983;983,5;982,6;0;12,2;8,1;12,7;11,8;8,3;7,9;83;77;80;185;1,8;1,4;
2026/07/10;0900 UTC;0;983,2;983,6;982,6;0;11,9;8;12,8;11,4;8,3;7,7;84;77;81;180;3,1;2,1;
2026/07/10;1000 UTC;0;983,7;983,9;983,6;0;11,4;7,8;11,8;9,9;8,3;7,5;92;79;82;175;3,2;2,1;
2026/07/10;1100 UTC;0;984,1;984,3;983,8;11,1;9,2;8,5;10;8,7;8,8;8,2;99;92;97;175;2,6;1,7;
2026/07/10;1200 UTC;0;984,6;984,9;984,2;339,7;9,9;8,4;10,8;8,9;8,7;8,1;97;87;92;171;3,2;2,1;
2026/07/10;1300 UTC;0;984,8;984,9;984,7;801,6;12;8,3;13;10,5;8,7;8;90;75;82;116;4,2;2,5;
2026/07/10;1400 UTC;0;984,7;984,9;984,5;1272,8;13,6;8,1;14,3;12,9;8,5;7,7;77;68;72;104;5;3,2;
2026/07/10;1500 UTC;0;984,3;984,6;983,8;1859,8;15,1;8,5;15,9;14,2;8,9;8,1;71;64;67;99;6,8;4,4;
2026/07/10;1600 UTC;0;983,2;983,9;982,6;2000,6;16,4;8,9;16,9;15,8;9,4;8,3;66;60;62;105;6,2;4,2;
2026/07/10;1700 UTC;0;982,4;982,7;982,1;1772,1;17,3;9,8;17,7;16,8;10,3;9,3;65;59;62;105;6,7;4,2;
2026/07/10;1800 UTC;0;982;982,2;981,7;1479,4;18;9,7;18,5;17,6;10,2;9,3;61;56;58;117;6,7;3,2;
2026/07/10;1900 UTC;0;982;982,1;981,8;896,2;17,8;9,7;18,4;17,1;9,9;9,4;62;57;59;100;6,6;3,3;
2026/07/10;2000 UTC;0;982,2;982,4;982;284,7;16,7;9,7;17,3;16;9,8;9,6;69;62;65;107;4,4;2,5;
2026/07/10;2100 UTC;0;982,3;982,7;982,2;49;15,3;9,4;16;14,7;9,8;9,1;72;69;71;121;5,3;3,1;
2026/07/10;2200 UTC;0;982,6;982,8;982,4;0;14,3;8,5;14,7;13,9;9,1;8,1;72;71;71;121;7,2;4,5;
2026/07/10;2300 UTC;0;982,8;983,3;982,4;0;13,6;8,7;13,9;13,4;9,2;8,2;79;71;76;132;6,7;3,5;
2026/07/11;0000 UTC;0;983,1;983,4;982,8;0;13,1;9,7;13,6;12,9;10,2;9,2;86;79;83;119;6,5;4,4;
2026/07/11;0100 UTC;0;982,7;983,3;981,9;0;12,9;10,3;13,1;12,7;10,6;10,1;88;85;87;96;6,6;3,7;
2026/07/11;0200 UTC;0;982,5;982,9;981,9;0;12,7;10,4;12,8;12,5;10,7;10,1;90;87;88;87;6,2;3,5;
2026/07/11;0300 UTC;0;982,7;983;982,5;0;12,8;10,6;13,1;12,7;11;10,5;90;88;89;79;6,6;4;
2026/07/11;0400 UTC;0;982,5;982,8;982,3;0;12,9;10,7;13;12,8;10,9;10,7;90;89;89;79;6,8;4,3;
2026/07/11;0500 UTC;0;982,8;983,1;982,4;0;12,8;10,9;13,2;12,7;11,3;10,8;91;90;90;108;4,2;2,6;
2026/07/11;0600 UTC;0;982,7;982,9;982,5;0;12,7;11,1;12,8;12,6;11,3;11;93;91;92;120;3,6;2,1;
2026/07/11;0700 UTC;0;982,5;982,9;982,1;0;12,4;11,7;12,7;12,2;12,1;11,3;98;94;96;139;5;2,4;
2026/07/11;0800 UTC;0;982,2;982,4;981,9;0;12,3;12;12,4;12,2;12,1;11,9;99;98;98;121;4,9;2,9;
2026/07/11;0900 UTC;0;982;982,3;981,6;0;11,9;11,8;12,3;11,6;12;11,7;100;99;100;129;4,6;2,7;
2026/07/11;1000 UTC;0;981,7;982;981,5;0;11,6;11,6;11,7;11,5;11,8;11,6;100;100;100;128;5,1;3,1;
2026/07/11;1100 UTC;0;981,9;982,4;981,6;3,3;11,5;11,5;11,7;11,5;11,7;11,5;100;100;100;118;5,2;2,8;
2026/07/11;1200 UTC;0;982,7;983;982,3;83,3;11,6;11,6;11,9;11,5;11,9;11,5;100;100;100;122;4,8;3;
2026/07/11;1300 UTC;0;983,5;983,8;983;232;11,9;11,9;12;11,8;12;11,7;100;99;100;156;4,5;2,2;
2026/07/11;1400 UTC;0;983,7;983,9;983,5;371,7;12,2;11,6;12,7;11,9;11,9;11,4;99;95;97;154;4,9;2,1;
2026/07/11;1500 UTC;0;983,6;983,8;983,5;547,8;12,8;11,6;13,2;12,5;12;11,4;95;92;94;141;6;2,9;
2026/07/11;1600 UTC;0;983,2;983,7;982,8;846,4;13,4;11,7;13,8;12,9;12;11,5;95;89;92;116;7;4;
2026/07/11;1700 UTC;0;982,7;982,9;982,4;654,4;13,9;11,8;14,4;13,5;12,2;11,6;92;87;90;120;5,4;3,3;
2026/07/11;1800 UTC;0;982,6;982,8;982,4;590,4;14,4;11,9;14,7;14;12,2;11,6;90;85;87;124;3,8;2,1;
2026/07/11;1900 UTC;0;982,8;983;982,5;489,7;14,5;11,7;14,9;14,3;12,3;11,3;89;84;86;158;2,8;1,6;
2026/07/11;2000 UTC;0;983,1;983,5;982,9;184,7;14,2;12;14,5;14;12,3;11,7;91;87;89;186;2,9;1,5;
2026/07/11;2100 UTC;0;983,6;983,7;983,5;53,5;13,6;12,1;14;12,8;12,4;11,7;96;90;92;174;2,5;1,4;
2026/07/11;2200 UTC;0;983,7;983,9;983,5;0;12,1;11,7;12,9;11,6;12,1;11,3;100;95;98;164;2,5;1,4;
2026/07/11;2300 UTC;0;983,9;984;983,8;0;11,9;12;12,6;11,6;12,6;11,6;100;100;100;165;1,6;1,1;
2026/07/12;0000 UTC;0;984;984,1;983,9;0;11,7;11,7;12,2;11,5;12,3;11,5;100;100;100;59;1,6;1,2;
2026/07/12;0100 UTC;0;984;984,2;983,9;0;11,6;11,7;11,9;10,9;11,9;11;100;100;100;305;2,8;2,3;
2026/07/12;0200 UTC;0;984,3;984,4;984,2;0;11,7;11,7;12,1;10,9;12,1;11;100;100;100;234;5,3;2,6;
2026/07/12;0300 UTC;0;984,4;984,7;984,2;0;11,8;11,9;12,4;11;12,4;11;100;100;100;199;7,1;3,6;
2026/07/12;0400 UTC;0;984,2;984,5;984,1;0;10,7;10,7;11,1;10,4;11,1;10,4;100;100;100;217;7,4;5,3;
2026/07/12;0500 UTC;0;984,4;984,6;984,2;0;10,6;10,5;11;10,1;11;9,7;100;97;99;215;9,4;6,8;
2026/07/12;0600 UTC;0;984,6;984,8;984,6;0;9,6;9,4;10,1;8,9;9,7;8,6;99;98;99;209;8,9;6;
2026/07/12;0700 UTC;0;984,8;984,9;984,6;0;8,7;8,7;8,9;8,6;8,8;8,5;100;99;100;211;10,9;7,7;
2026/07/12;0800 UTC;0;984,8;985;984,7;0;8,5;8,1;8,9;8,2;8,8;7,1;100;94;98;212;13,7;9,8;
2026/07/12;0900 UTC;0;985,2;985,7;984,7;0;8;6,6;8,4;7,9;7,1;6,3;94;92;93;209;10,4;7,3;
2026/07/12;1000 UTC;0;986,1;986,5;985,6;0;8;6,3;8,3;7,9;6,6;5,9;93;90;92;215;10;5,9;
2026/07/12;1100 UTC;0;986,7;986,9;986,3;16,7;7,7;5,6;8;7,5;6,1;5,4;91;87;89;201;9,9;5,8;
2026/07/12;1200 UTC;0;987,5;987,9;986,9;210,5;7,9;6,2;8,2;7,6;6,7;5,7;94;90;92;211;7,4;5;
2026/07/12;1300 UTC;0;988,1;988,4;987,8;502,3;7,7;6,8;8;7,6;7,2;6,2;97;93;95;229;11,1;6,9;
2026/07/12;1400 UTC;0;988,3;988,5;988,1;1356,3;8,6;7,2;9,4;7,9;7,8;6,6;96;87;93;227;9,4;6,8;
2026/07/12;1500 UTC;0;988,3;988,4;988,1;1123,6;9,3;7,4;9,9;8,4;8;6,8;96;87;91;221;10,1;6,2;
2026/07/12;1600 UTC;0;988,1;988,3;987,9;1137,4;9,9;7,9;10,5;9,2;9;7,2;97;83;90;239;9,7;5,4;
2026/07/12;1700 UTC;0;987,8;988;987,7;1227,7;10,7;8,5;11,7;10,3;10,3;7,6;97;81;89;231;9,4;4,9;
2026/07/12;1800 UTC;,6;987,7;987,8;987,6;883,3;10,8;10,2;11,4;10,5;10,8;9,4;100;93;97;223;10,3;6,9;
2026/07/12;1900 UTC;,2;987,7;987,8;987,6;841,4;11,1;10,5;11,6;10,6;11;9,8;99;92;97;210;11,9;7,5;
2026/07/12;2000 UTC;0;988;988,7;987,6;439,7;10,8;9,8;11,4;10,5;10,1;9,3;97;90;95;216;12,1;8,3;
2026/07/12;2100 UTC;0;988,8;989,2;988,5;53,3;10,1;9,4;10,7;9,5;9,9;9,2;99;94;97;218;11,7;7,9;
2026/07/12;2200 UTC;0;989,5;989,9;989,2;0;9,3;9,2;9,5;9,1;9,4;9;100;99;100;222;10,6;7,3;
2026/07/12;2300 UTC;0;990,3;990,6;989,7;0;9,1;8,6;9,3;9;8,9;8,4;99;96;98;212;9,2;5,9;
2026/07/13;0000 UTC;0;990,8;991;990,6;0;9,1;8,1;9,3;9;8,8;7,6;97;93;95;221;10,3;7,4;
2026/07/13;0100 UTC;0;990,9;991,1;990,8;0;8,9;7,3;9,2;8,8;7,8;7,1;93;91;92;220;9,1;6,5;
2026/07/13;0200 UTC;0;991,1;991,3;990,9;0;8,5;7,8;8,8;8,2;8,2;7,5;99;93;97;224;8;5,4;
2026/07/13;0300 UTC;0;991,3;991,3;991,2;0;8,1;8,1;8,4;8;8,4;8;100;99;100;215;7,2;5,5;
2026/07/13;0400 UTC;0;991,4;991,4;991,3;0;8,1;8,1;8,3;8;8,4;8;100;100;100;215;7,5;5,3;
2026/07/13;0500 UTC;,2;991,1;991,4;991;0;8,1;8,1;8,3;8;8,3;8,1;100;100;100;210;7,7;5,4;
2026/07/13;0600 UTC;0;991,1;991,3;991;0;8;8;8,2;7,9;8,2;7,9;100;100;100;211;6,1;4,1;
2026/07/13;0700 UTC;0;991;991,1;990,9;0;7,9;8;8;7,9;8,1;7,9;100;100;100;208;4,8;3,3;
2026/07/13;0800 UTC;0;991;991,2;990,8;0;8;8;8,4;7,9;8,4;7,9;100;100;100;216;6;3,6;
2026/07/13;0900 UTC;,2;990,7;991;990,5;0;7,9;7,9;8,3;7,8;8,3;7,8;100;100;100;219;6,1;4,4;
2026/07/13;1000 UTC;0;990,9;991,2;990,6;0;7,8;7,8;8,1;7,7;8,2;7,7;100;100;100;210;6,5;4,8;
2026/07/13;1100 UTC;0;991,6;992,3;991,2;11,6;7,6;7,6;7,9;7,4;7,9;7,4;100;100;100;211;6,1;4,2;
2026/07/13;1200 UTC;0;992,6;992,9;992,3;250,3;7,7;7,7;8,1;7,5;8,2;7,5;100;100;100;206;7;4,9;
2026/07/13;1300 UTC;0;993,1;993,2;992,9;827,5;8,1;8,2;8,6;7,8;8,6;7,8;100;100;100;206;5,1;3,6;
2026/07/13;1400 UTC;0;993,2;993,4;993,1;893,4;8,7;8,7;9,1;8,3;9,2;8,3;100;100;100;161;2;,9;
2026/07/13;1500 UTC;0;993,3;993,4;993,2;765,4;9,3;9,3;9,7;8,8;9,7;8,8;100;100;100;141;2,9;1,3;
2026/07/13;1600 UTC;0;993,1;993,3;992,8;484,7;9,3;9,3;9,7;9;9,7;9,1;100;100;100;275;1,8;,9;
2026/07/13;1700 UTC;,2;992,4;992,8;992;633,4;10;9,8;10,3;9,5;10,3;9,5;100;97;99;211;1,2;,5;
2026/07/13;1800 UTC;0;991,7;992;991,5;448,3;10,5;9,1;10,9;10,2;9,8;8,6;98;89;93;83;3,4;1;
2026/07/13;1900 UTC;0;991,7;991,8;991,6;375,5;10,9;8,5;11,1;10,7;8,9;7,9;90;86;88;200;3,2;1,5;
2026/07/13;2000 UTC;0;991,8;992;991,6;177;10,7;8,2;10,9;10,6;8,6;7,8;89;85;87;143;2,7;1,3;
2026/07/13;2100 UTC;0;991,9;991,9;991,8;20,8;10,3;8,1;10,6;10;8,6;7,8;92;86;89;46;2,5;1,9;
2026/07/13;2200 UTC;0;992;992,2;991,8;0;9,9;8,3;10,2;9,8;8,7;7,9;93;89;92;16;4,1;2,9;
2026/07/13;2300 UTC;0;992,2;992,3;992,1;0;10,1;7,7;10,5;10;8,2;7,3;90;86;88;21;5,2;3,2;
2026/07/14;0000 UTC;0;992,2;992,4;992,1;0;10,2;7,6;10,4;9,9;8,1;7,3;89;85;87;26;5;3,9;
2026/07/14;0100 UTC;0;992,2;992,6;991,9;0;10,3;7,7;10,6;10,1;7,9;7,4;89;85;87;42;5,3;3,5;
2026/07/14;0200 UTC;0;991,8;992;991,7;0;10;8,1;10,5;9,6;8,3;7,7;94;87;90;36;5,1;3,3;
2026/07/14;0300 UTC;0;991,9;992;991,6;0;9,6;8,9;9,7;9,6;9,2;8,4;98;94;96;27;6,6;4,6;
2026/07/14;0400 UTC;0;991,7;991,9;991,2;0;9,8;8,4;10,1;9,6;9,2;7,6;97;89;93;19;10;6,3;
2026/07/14;0500 UTC;0;990,7;991,3;990,4;0;9,5;7,7;9,8;9,4;7,8;7,4;92;89;91;20;9,4;6,7;
2026/07/14;0600 UTC;0;990,8;991;990,6;0;9,4;7,7;9,6;9,1;8;7,5;93;90;92;22;7,7;5,4;
2026/07/14;0700 UTC;0;990,6;990,8;990,3;0;8,2;7,2;9,4;7,2;7,8;6,9;99;91;95;21;5,2;4,2;
2026/07/14;0800 UTC;0;990,2;990,4;990;0;7,1;7;7,2;6,8;7,2;6,8;100;99;100;15;5,4;4,1;
2026/07/14;0900 UTC;0;990,6;990,9;990,1;0;6,8;6,8;7,1;6,6;7,1;6,7;100;100;100;13;3,3;2,8;
2026/07/14;1000 UTC;0;990,6;990,8;990,5;0;7,2;7,1;7,5;6,9;7,5;6,9;100;99;100;45;4,9;4,1;
2026/07/14;1100 UTC;0;991;991,3;990,5;27,7;7,4;7,3;7,8;6,9;7,7;6,9;100;98;99;60;5,5;4,4;
2026/07/14;1200 UTC;0;991,1;991,4;990,8;415,3;7,8;7,7;8,6;7,1;8,3;7,1;100;97;99;57;5,9;4,3;
2026/07/14;1300 UTC;0;990,9;991;990,7;926,8;9,2;7,7;9,7;8,6;8,1;7,4;97;89;93;37;7,5;5,2;
2026/07/14;1400 UTC;0;990,9;991,1;990,7;1565,9;11,2;7,9;12,2;9,6;8,4;7,5;91;79;84;30;8,5;6,2;
2026/07/14;1500 UTC;0;990,4;990,7;990;1921,5;13,7;8,6;15,2;12,1;9,6;7,8;80;69;74;18;9,2;6,8;
2026/07/14;1600 UTC;0;989,4;990;988,8;2007,2;16,1;9;17,4;14,6;9,6;8,4;71;56;65;144;9,7;6,2;
2026/07/14;1700 UTC;4,4;987,6;988,7;987,6;2102,2;18;8,6;18,1;17;9,7;8,6;61;54;54;5;9,1;5,8;
2026/07/14;1800 UTC;0;986,9;987,8;986,9;1816,1;18;9,1;18,4;17,7;9,3;8,4;57;53;56;12;8,8;5,5;
2026/07/14;1900 UTC;0;986,6;987;986,6;1321;18;8,6;18,4;17,9;9,6;8,2;57;53;54;2;8,7;5,5;
2026/07/14;2000 UTC;0;986,3;986,6;986,3;650,7;16,9;9,1;18;16,9;9,3;8;61;53;60;23;8;4,9;
2026/07/14;2100 UTC;0;986,5;986,5;986,2;108,2;13,5;8,8;16,8;13,5;9,5;8,7;73;60;73;30;6,1;3,4;
2026/07/14;2200 UTC;0;987,1;987,1;986,5;0;12,4;8,3;13,4;12,4;8,8;8,3;76;73;76;25;4,3;3;
2026/07/14;2300 UTC;0;987,4;987,4;987,1;0;11,2;7,6;12,4;11,2;8,3;7,6;78;76;78;31;5,6;4;
2026/07/15;0000 UTC;0;987,2;987,5;987,1;0;10,2;7,3;11,1;10,2;7,6;7,3;82;79;82;18;6,1;4,3;
2026/07/15;0100 UTC;0;986,5;987,1;986,5;0;9,8;7,5;10;9,7;7,5;7,3;86;83;86;18;7,2;5,7;
2026/07/15;0200 UTC;0;986,7;986,8;986,5;0;9,4;7,9;9,8;9,2;7,9;7,5;90;86;90;21;6,9;4,7;
2026/07/15;0300 UTC;0;986,5;986,9;986,5;0;9,5;7,9;9,5;9,1;8;7,8;92;89;90;21;5,9;4,7;
2026/07/15;0400 UTC;0;986,7;986,8;986,4;0;9,6;7,8;9,7;9,3;7,9;7,8;91;88;89;28;5,4;3,8;
2026/07/15;0500 UTC;0;986,5;986,8;986,5;0;9,9;7,8;10,7;9,5;8,1;7,7;89;83;87;30;7,8;4,4;
2026/07/15;0600 UTC;0;986,4;986,6;986,4;0;9,7;7,8;10,4;9,6;7,9;7,7;88;85;88;34;6,9;4,8;
2026/07/15;0700 UTC;0;986;986,5;986;0;8,7;7,8;9,8;8,7;7,8;7,7;94;88;94;24;6,7;5,8;
2026/07/15;0800 UTC;0;985,5;986;985,5;0;7,7;7,6;8,7;7,7;7,8;7,6;99;94;99;6;7,3;5,6;
2026/07/15;0900 UTC;0;985,7;985,7;985,4;0;8,1;7,9;8,1;7,7;8;7,6;100;99;99;5;7,3;5,9;
2026/07/15;1000 UTC;0;986;986;985,7;0;7,8;7,8;8,1;7,8;8;7,7;100;99;100;359;7;6;
2026/07/15;1100 UTC;0;986,1;986,2;986;32,3;8,2;8,2;8,2;7,7;8,2;7,7;100;100;100;3;7,2;6,2;
2026/07/15;1200 UTC;0;986,4;986,4;986,1;490,3;10,1;8,9;10,1;8,3;8,9;8,2;99;91;92;4;7,6;5,7;
2026/07/15;1300 UTC;0;986,4;986,5;986,3;1175,5;11,9;9,2;11,9;10,2;9,2;8,7;91;83;84;8;8,5;6,6;
2026/07/15;1400 UTC;0;986;986,4;986;1620,3;15,9;10,8;15,9;12;10,9;9,1;84;71;72;2;9,1;6,9;
2026/07/15;1500 UTC;0;985,5;986;985,4;2136,3;18,2;10,8;18,3;16;11,1;10,2;71;61;62;4;9,9;6,9;
2026/07/15;1600 UTC;0;984,4;985,5;984,4;2136,2;19,8;10,8;20;18,1;11,5;10,4;62;55;56;357;10,4;7;
2026/07/15;1700 UTC;0;983,5;984,4;983,5;2082;20,4;11,7;20,5;19,7;11,8;10,9;59;55;57;353;9,2;5,8;
2026/07/15;1800 UTC;0;982,6;983,5;982,6;1853,9;21;11,8;21,2;20,2;12,2;11,4;58;54;56;22;8,6;5,8;
2026/07/15;1900 UTC;0;982,5;982,7;982,4;1370,5;20,8;12,1;21,4;20,8;12,2;11,4;58;53;58;25;8,6;4,8;
2026/07/15;2000 UTC;0;982,5;982,5;982,4;617,6;19,3;11,7;20,8;19,3;12,1;11,4;61;56;61;23;7,1;5;
2026/07/15;2100 UTC;0;982,7;982,7;982,4;94,4;16,2;11,1;19,2;16,2;11,7;11,1;72;61;72;38;5,4;3,3;
2026/07/15;2200 UTC;0;983;983;982,7;0;15,6;11,1;16,2;15,3;11,1;10,8;75;72;75;59;5,2;3,7;
2026/07/15;2300 UTC;0;982,5;983,1;982,5;0;14,4;10,6;15,6;14,2;11;10,6;80;74;78;37;8,2;6,2;
2026/07/16;0000 UTC;0;982,7;982,7;982,5;0;12,8;9,9;14,4;12,8;10,6;9,9;83;78;83;17;8;5,9;
2026/07/16;0100 UTC;0;982,5;982,7;982,5;0;12,8;9,7;13,3;12,7;10;9,7;82;80;82;13;8,1;6,1;
2026/07/16;0200 UTC;0;982,5;982,5;982,3;0;12,4;9,5;13,1;12,4;9,8;9,5;83;80;82;10;7,8;5,1;
2026/07/16;0300 UTC;0;982,2;982,5;982,2;0;12,6;9,6;12,8;12,3;9,6;9,5;83;81;82;10;7,4;5,1;
2026/07/16;0400 UTC;0;981,9;982,2;981,9;0;12,5;9,5;12,8;12,5;9,6;9,5;82;81;82;16;7,2;5,5;
2026/07/16;0500 UTC;0;981,1;981,9;981,1;0;12,4;9,5;12,5;12,2;9,5;9,4;83;82;82;19;9,1;7,4;
2026/07/16;0600 UTC;0;981,4;981,4;981,1;0;12,6;9,5;12,7;12,3;9,5;9,5;83;81;81;3;8,8;5,1;
2026/07/16;0700 UTC;0;981,7;981,7;981,3;0;13,6;9,8;13,6;12,6;9,8;9,5;81;78;78;359;6,6;4,3;
2026/07/16;0800 UTC;0;981,5;981,7;981,4;0;14,6;10;14,7;13,6;10;9,8;78;73;73;360;6,2;4,6;
2026/07/16;0900 UTC;0;981,4;981,6;981,4;0;15;10;15,2;14,6;10;9,8;74;70;72;9;7,2;4,9;
2026/07/16;1000 UTC;0;981,6;981,6;981,3;0;15,3;9,9;15,3;15;10,1;9,8;72;70;70;12;7,4;4,9;
2026/07/16;1100 UTC;0;981,8;981,8;981,6;12;15,9;10;15,9;15,3;10,1;9,8;70;68;68;13;7,7;5,3;
2026/07/16;1200 UTC;0;981,7;981,9;981,7;265,3;16,6;10,5;16,6;15,9;10,5;9,9;68;66;67;16;8,3;6,2;
2026/07/16;1300 UTC;0;981,4;981,7;981,4;639,4;18,6;11,1;18,6;16,5;11,2;10,3;68;62;62;12;9,5;6,7;
2026/07/16;1400 UTC;0;981,1;981,4;981;1059;20,4;11,2;20,4;18,6;11,6;10,9;62;55;55;17;11;7,5;
2026/07/16;1500 UTC;0;979,8;981,1;979,8;1577,8;23,3;12,1;23,4;20,5;12,5;11,3;56;49;49;14;11,2;7,6;
2026/07/16;1600 UTC;0;978,5;979,8;978,5;1373,4;23,6;12,5;24,1;22,4;12,8;11,7;52;47;50;13;11,2;7,9;
2026/07/16;1700 UTC;0;977,1;978,4;977,1;1073,7;24,5;13,6;24,9;23,6;13,7;12,5;51;48;51;11;12,8;7,7;
2026/07/16;1800 UTC;0;976;977,2;976;1099,1;26,2;14,5;26,2;24;14,5;13,3;53;48;48;13;11,8;8,1;
2026/07/16;1900 UTC;0;975,3;975,9;975,3;1021,7;25,7;14,6;26,3;24,8;14,6;13,8;52;46;50;16;13;7,9;
2026/07/16;2000 UTC;0;974,6;975,3;974,6;355,2;24;14,4;25,7;24;14,5;14,2;55;49;55;17;11,6;8,2;
2026/07/16;2100 UTC;0;974,6;974,6;974,5;303,6;24,1;14,1;24,3;24;14,3;14;55;53;54;28;11,5;6,4;
2026/07/16;2200 UTC;0;974,5;974,8;974,5;0;21,2;13,5;22,9;21,2;15,1;13,5;62;60;62;33;9,7;6,7;
2026/07/16;2300 UTC;0;974,2;974,5;974,2;0;21,1;13,5;21,5;21,1;13,6;13,2;62;59;62;22;12,5;8,7;
2026/07/17;0000 UTC;0;974,1;974,3;974,1;0;21,2;13,4;21,3;21;13,5;13,4;62;61;61;20;13,7;9,4;
2026/07/17;0100 UTC;0;974,5;974,6;974,2;0;20,8;13,5;21,2;20,8;13,5;13,3;63;61;63;12;12,8;7,8;
2026/07/17;0200 UTC;0;974,4;974,6;974,3;0;20,1;13,7;21,1;20,1;13,7;13,5;66;62;66;11;11,6;7,1;
2026/07/17;0300 UTC;0;974,3;974,6;974,2;0;19,8;13,7;20,1;19,7;13,8;13,6;68;67;68;12;10,7;7;
2026/07/17;0400 UTC;0;973,9;974,3;973,9;0;19,8;13,6;19,9;19,7;13,8;13,6;69;67;67;9;11,7;8,2;
2026/07/17;0500 UTC;0;973,4;973,9;973,4;0;20,2;13,5;20,2;19,7;13,7;13,5;68;65;65;6;12,3;8,9;
2026/07/17;0600 UTC;0;972,8;973,4;972,8;0;20,3;13,4;20,4;20,2;13,5;13,3;65;64;64;6;13,8;9,5;
2026/07/17;0700 UTC;0;972,9;973;972,7;0;20,2;13,3;20,4;20;13,4;13,3;65;64;65;6;12,6;8,1;
2026/07/17;0800 UTC;0;972,8;972,9;972,7;0;20;13,5;20,4;20;13,5;13,3;66;64;66;11;11,2;6,7;
2026/07/17;0900 UTC;0;972,9;972,9;972,7;0;19,4;13,7;20;19,4;13,7;13,4;69;66;69;15;8,6;5,8;
2026/07/17;1000 UTC;0;972,8;972,9;972,7;0;19,6;14,1;19,7;19,4;14,1;13,7;71;69;71;14;8,6;6,4;
2026/07/17;1100 UTC;0;973;973,2;972,8;12;19,8;14,6;20,2;19,5;14,6;14,1;72;69;72;17;8,5;6,3;
2026/07/17;1200 UTC;0;972,6;973;972,6;270;24;15,6;24;19,9;15,7;14,6;71;60;60;2;14,2;10,4;
2026/07/17;1300 UTC;0;972,6;972,8;972,4;521,3;24;16,3;24,8;24;16,3;15,6;62;58;62;10;16,1;8,9;
2026/07/17;1400 UTC;0;971,9;972,6;971,9;1158,5;26,2;17;26,2;23,8;17;16,2;63;56;57;6;16,3;10,7;
2026/07/17;1500 UTC;1,2;970,5;971,9;970,5;1483,1;27,6;17,2;28,1;26,1;17,4;16,7;57;52;53;351;22,4;15,8;
2026/07/17;1600 UTC;1;969,6;970,7;969,6;1699,6;27,5;17,3;28,3;27,5;17,7;17,1;54;51;54;353;24,6;13,9;
2026/07/17;1700 UTC;0;968,9;970;968,9;1031,2;27,7;18;28,5;27,3;18,1;17,3;57;52;56;351;19,6;11,2;
2026/07/17;1800 UTC;0;968,8;969;968,7;372,5;27,4;18,2;27,8;27,3;18,4;17,9;58;55;57;349;18,2;10,2;
2026/07/17;1900 UTC;0;968,7;968,9;968,5;234,6;26,9;18,4;27,3;26,9;18,4;18,1;60;57;60;351;14,8;7,5;
2026/07/17;2000 UTC;0;969,1;969,1;968,6;127,1;26,2;18,6;26,9;26,2;18,8;18,3;64;59;63;352;11,4;5,2;
2026/07/17;2100 UTC;0;969,7;969,7;969,1;16,4;25,6;19,1;26,2;25,6;19,1;18,7;67;63;67;344;7;4,2;
2026/07/17;2200 UTC;0;969,7;969,8;969,6;0;24,5;18,9;25,6;24,4;19,2;18,9;72;67;71;356;8,5;6,4;
2026/07/17;2300 UTC;0;970,4;970,5;969,7;0;23,8;18,9;24,5;23,7;19;18,9;74;71;74;354;8,7;6,6;
2026/07/18;0000 UTC;0;970,8;970,8;970,3;0;24,7;18,8;24,8;23,8;18,9;18,8;74;70;70;358;10,7;7,6;
2026/07/18;0100 UTC;0;971,1;971,1;970,7;0;25,8;18,8;25,8;24,9;18,9;18,8;69;66;66;346;13,8;9,9;
2026/07/18;0200 UTC;0;971,6;971,7;971,1;0;25,4;18,9;25,8;25,4;19;18,9;68;65;67;347;13,7;8,6;
2026/07/18;0300 UTC;0;972,1;972,1;971,6;0;24,4;19;25,5;24,4;19;19;72;67;72;352;11,5;6,6;
2026/07/18;0400 UTC;0;972,3;972,3;972;0;23,6;18,9;24,4;23,6;19;18,9;75;72;75;5;8,9;6,1;
2026/07/18;0500 UTC;0;971,9;972,3;971,8;0;21,7;18,7;23,6;21,7;18,9;18,7;83;75;83;14;7,6;5,6;
2026/07/18;0600 UTC;0;971,9;;;;21,7;18,7;;;;;;;83;8;9;6,1;
2026/07/18;0700 UTC;0;969,4;971,3;969,4;0;22;18,4;22,1;21,8;18,6;18,4;81;80;80;18;9,2;7,2;
2026/07/18;0800 UTC;0;969,3;969,6;969,1;0;21,9;18,2;22,4;21,9;18,4;18,2;80;77;80;9;11,6;7,3;
2026/07/18;0900 UTC;0;969,1;969,3;968,7;0;22,9;18,2;22,9;21,8;18,3;18,1;80;75;75;6;12,3;7,9;
2026/07/18;1000 UTC;0;969,5;969,5;969;0;24,4;18,3;24,4;23;18,4;18,2;75;69;69;351;16,5;11,5;
2026/07/18;1100 UTC;8;973,5;973,9;969,4;7,2;16,8;16,4;24,4;16,8;18,3;15,2;97;66;97;272;22,8;7,9;
2026/07/18;1200 UTC;4,2;972,4;973,5;972,1;27,9;16,6;16,6;16,9;16,5;16,6;16,4;100;97;100;302;11,5;4,2;
2026/07/18;1300 UTC;,6;973,2;973,4;972,2;58,6;17;16,7;17;16,6;16,8;16,6;100;98;98;250;7,4;2,8;
2026/07/18;1400 UTC;,4;973,2;973,6;972,7;51,3;17,1;16,7;17,2;16,9;16,8;16,5;99;96;98;197;9,7;4,2;
2026/07/18;1500 UTC;,2;973;973,4;972,8;80,8;17,2;16,7;17,3;17,1;16,7;16,3;98;94;97;172;8;2,3;
2026/07/18;1600 UTC;0;971,3;973;971,3;648,8;18,2;17,7;18,2;17,2;17,9;16,7;99;96;97;80;4,9;3,1;
2026/07/18;1700 UTC;0;972;972;971,3;476,4;18,6;17,6;18,6;18,2;18;17,1;97;92;94;114;5,2;2;
2026/07/18;1800 UTC;0;971,7;972,3;971,3;123,5;17,9;17,4;18,6;17,6;17,8;17,2;99;94;97;115;7,2;2,4;
2026/07/18;1900 UTC;0;971,7;972;971,7;207,3;18,1;16,6;18,1;17,8;17,4;16,6;96;91;91;132;7,4;3,7;
2026/07/18;2000 UTC;0;971,6;971,9;971,5;226,5;18;16,4;18,1;18;16,9;16,3;92;90;90;104;8,4;4,8;
2026/07/18;2100 UTC;0;971,7;971,9;971,5;46,7;17,8;15,9;18,1;17,8;16,5;15,8;91;88;88;97;9;4,3;
2026/07/18;2200 UTC;0;971,8;972;971,2;0;18,1;15,5;18,1;17,8;15,9;15,2;89;83;85;82;7,6;4,6;
2026/07/18;2300 UTC;0;972,3;972,4;971,7;0;18,2;15,8;18,2;18;15,8;15,5;86;85;86;80;7;4,1;
2026/07/19;0000 UTC;0;972,2;972,5;972,2;0;18,3;16,3;18,3;18,1;16,3;15,8;89;86;88;63;6,8;3,8;
2026/07/19;0100 UTC;0;972,1;972,3;971,6;0;19,3;17,1;19,5;18,4;17,2;16,4;90;87;87;66;7;5;
2026/07/19;0200 UTC;0;973,4;973,4;971,8;,1;17,7;16,7;19,9;17,7;17,7;16,7;94;87;94;178;9,2;5;
2026/07/19;0300 UTC;0;974,2;974,4;973,5;0;16,2;14,5;17,5;16,2;16,6;14,4;95;87;90;136;11,5;6,3;
2026/07/19;0400 UTC;0;973,8;974,1;973,6;0;16,3;14,4;16,6;16,1;15;14,4;91;88;88;113;13,7;7,5;
2026/07/19;0500 UTC;0;972,9;974;972,9;0;16,3;13,5;16,3;16;14,2;13,3;88;83;84;107;13;7,8;
2026/07/19;0600 UTC;0;971,4;973;971,4;0;16,9;13,3;17;16,3;13,5;13,2;83;79;79;92;12,9;7,2;
2026/07/19;0700 UTC;,2;971,8;972,1;971,5;,1;16,2;13,8;17;16,2;14;13,3;86;79;86;101;11;5,3;
2026/07/19;0800 UTC;2;970,7;972,1;970,5;0;15,2;14,7;16,2;15,2;14,7;13,6;97;85;97;105;9;5,6;
2026/07/19;0900 UTC;3,4;971,1;971,1;970;0;15;14,7;15,2;14,9;14,8;14,6;99;97;98;118;10,4;5,2;
2026/07/19;1000 UTC;7,8;972,5;973,1;971,3;0;14,8;14,8;15;14,7;14,9;14,7;100;98;100;144;6,4;3;
2026/07/19;1100 UTC;6,4;973,7;973,8;972,3;0;15,1;15,1;15,1;14,8;15,1;14,8;100;100;100;117;9,4;3;
2026/07/19;1200 UTC;3,6;973,9;974,6;973,4;6,2;15,7;15,7;15,7;15,1;15,7;15,1;100;100;100;56;7,5;3,8;
2026/07/19;1300 UTC;1;973,3;973,8;973,2;64,1;16,2;16,2;16,2;15,7;16,2;15,7;100;100;100;67;6,2;3,4;
2026/07/19;1400 UTC;3,2;970,8;973,6;970,4;57;16,5;16,5;16,5;16,2;16,5;16,2;100;100;100;55;7,3;3,5;
2026/07/19;1500 UTC;2,8;971,1;971,7;970,3;119,8;16,8;16,8;17;16,5;17;16,5;100;100;100;2;13,2;9,6;
2026/07/19;1600 UTC;3,4;971,4;972,3;971,2;107,4;16,5;16,5;16,8;16,5;16,8;16,5;100;100;100;356;12,7;6,7;
2026/07/19;1700 UTC;4;971,1;972,1;971;70,6;16,5;16,4;16,5;16,5;16,5;16,4;100;100;100;354;16,4;11;
2026/07/19;1800 UTC;2,8;970;971,4;970;110,9;16,3;16,1;16,5;16,3;16,4;16,1;100;99;99;2;16;7,6;
2026/07/19;1900 UTC;1,4;970,5;971,2;966,4;93,3;16,4;15,3;16,4;16,1;16,1;15,2;99;93;93;334;15,2;4;
2026/07/19;2000 UTC;0;970,9;972,3;968,9;77,7;16,2;15,1;16,7;16,2;15,2;14,7;94;89;93;345;9;3,4;
2026/07/19;2100 UTC;0;972,3;972,3;970,9;56;15,9;15,1;16,4;15,9;15,2;14,9;96;91;95;323;6;4,4;
2026/07/19;2200 UTC;0;973,5;973,5;972,1;0;16,2;15,3;16,3;15,9;15,3;15,1;95;93;94;310;6,9;4,4;
2026/07/19;2300 UTC;0;974,2;974,3;973,5;0;16,2;15,6;16,5;16,1;15,6;15,3;97;93;96;297;7,1;4,7;
2026/07/20;0000 UTC;0;975;975;974,2;0;16,9;16;16,9;16,2;16;15,6;97;94;95;304;6,3;4;
2026/07/20;0100 UTC;0;975,1;975,6;974,5;0;17;16,2;17;16,8;16,2;16;96;94;95;303;5,6;2,8;
2026/07/20;0200 UTC;0;975,5;976;974,5;0;16,1;16;17;15,9;16,2;15,9;100;95;99;313;5,4;2;
2026/07/20;0300 UTC;0;976,3;976,3;975,3;0;16,5;16,1;16,6;16;16,2;15,9;100;95;98;284;4;2,1;
2026/07/20;0400 UTC;0;976,7;976,9;976,3;0;16,4;16,3;16,9;16,4;16,3;16,1;99;95;99;307;3,4;,9;
2026/07/20;0500 UTC;,2;976,9;977,2;976,6;0;16,2;16,2;16,4;16,2;16,4;16,2;100;99;100;65;2,3;1,1;
2026/07/20;0600 UTC;,2;976,8;977,1;976,7;0;16,1;16,1;16,2;16,1;16,2;16,1;100;100;100;170;1,7;,8;
2026/07/20;0700 UTC;,2;977,1;977,1;976;0;16,2;16,2;16,4;16,1;16,4;16,1;100;100;100;143;3,3;1,6;
2026/07/20;0800 UTC;,4;976;977,2;976;0;15,9;15,9;16,2;15,9;16,2;15,9;100;100;100;172;5,6;2,1;
2026/07/20;0900 UTC;2;974,7;976,1;974,7;0;15,9;15,9;15,9;15,7;15,9;15,7;100;100;100;112;7,5;4;
2026/07/20;1000 UTC;1,4;975,7;975,7;973,6;0;16,2;16,2;16,2;15,9;16,2;15,9;100;100;100;58;10,2;7,2;
2026/07/20;1100 UTC;6;977,2;977,2;975,4;0;16,3;16,3;16,3;16,1;16,3;16,1;100;100;100;112;9,4;2,6;
2026/07/20;1200 UTC;5;977;977,2;976,3;8,6;16,2;16,2;16,3;16,2;16,3;16,2;100;100;100;137;7,5;2,9;
2026/07/20;1300 UTC;9;976,1;977,7;974,6;140,8;16,2;16,2;16,2;16,1;16,2;16,1;100;100;100;78;10,6;6;
2026/07/20;1400 UTC;4,4;974,5;976,8;974,5;108,5;16;16;16,3;16;16,3;16;100;100;100;85;8,5;4,9;
2026/07/20;1500 UTC;10,6;976,3;977,4;974,5;48,9;16,4;16,4;16,4;16;16,4;16;100;100;100;62;8;3,2;
2026/07/20;1600 UTC;0;975,2;976,5;975,2;373,5;16,8;16,8;16,8;16,4;16,8;16,4;100;100;100;93;7,1;4,4;
2026/07/20;1700 UTC;,6;974,7;975,2;974,5;276,5;16,7;16,7;16,8;16,7;16,8;16,7;100;100;100;105;7,1;4;
2026/07/20;1800 UTC;3,8;974,5;975,1;974,4;197,8;16,8;16,8;16,8;16,6;16,8;16,6;100;100;100;122;7,8;4,6;
2026/07/20;1900 UTC;,2;974,5;974,6;974,1;108,6;16,5;16,5;16,9;16,4;16,9;16,4;100;100;100;97;7,4;3,4;
2026/07/20;2000 UTC;,6;974,6;974,6;974,5;68,1;16,7;16,7;16,7;16,4;16,7;16,4;100;100;100;257;6,9;2,5;
2026/07/20;2100 UTC;,4;974,7;974,8;974,5;20,7;16,6;16,6;16,7;16,6;16,7;16,6;100;100;100;299;4,2;2,9;
2026/07/20;2200 UTC;0;975,1;975,1;974,5;0;16,5;16,5;16,6;16,5;16,6;16,5;100;100;100;53;4,7;3,3;
2026/07/20;2300 UTC;0;975,2;975,3;975,1;0;16,4;16,4;16,5;16,4;16,5;16,4;100;100;100;101;4,4;2,1;
2026/07/21;0000 UTC;0;975,7;975,7;975,2;0;16,5;16,5;16,6;16,4;16,6;16,4;100;100;100;117;3,5;1,6;
2026/07/21;0100 UTC;0;975,8;975,9;975,6;0;16,5;16,5;16,6;16,5;16,6;16,5;100;100;100;270;2;1,1;
2026/07/21;0200 UTC;,4;976;976,1;975,8;0;16,2;16,2;16,5;16,2;16,5;16,2;100;100;100;115;2,9;1,6;
2026/07/21;0300 UTC;,4;976,3;976,3;976;0;16,2;16,2;16,3;16,2;16,3;16,2;100;100;100;124;3;1,5;
2026/07/21;0400 UTC;,2;976,1;976,3;976;0;16,1;16,1;16,2;16,1;16,2;16,1;100;100;100;79;3;1;
2026/07/21;0500 UTC;,2;976,6;976,6;976,1;0;15,8;15,8;16,1;15,8;16,1;15,8;100;100;100;195;2,9;1,6;
2026/07/21;0600 UTC;0;976,4;976,6;976,2;0;15,3;15,3;15,8;15,3;15,8;15,3;100;100;100;214;2,9;2,2;
2026/07/21;0700 UTC;0;976,7;976,7;976,3;0;15,9;15,9;16;15,1;16;15,1;100;100;100;259;2,9;2;
2026/07/21;0800 UTC;0;976,8;977,2;976,7;0;15,3;15,3;15,8;15,3;15,8;15,3;100;100;100;215;3,8;2,6;
2026/07/21;0900 UTC;,2;976,6;976,9;976,4;0;14,8;14,8;15,3;14,8;15,3;14,8;100;100;100;193;4,8;2,6;
2026/07/21;1000 UTC;0;976,7;976,8;976,2;0;14,7;14,7;14,8;14,6;14,8;14,6;100;100;100;183;4,3;1,6;
2026/07/21;1100 UTC;,2;977,8;977,8;976,5;3,5;14,6;14,6;14,7;14,6;14,7;14,6;100;100;100;162;4,1;1;
2026/07/21;1200 UTC;0;977,7;978,1;976,7;82,6;14,7;14,7;14,8;14,6;14,8;14,6;100;100;100;169;4,3;1,6;
2026/07/21;1300 UTC;0;979,4;979,4;977,7;157,3;14,9;14,9;14,9;14,6;14,9;14,6;100;100;100;171;3,2;1;
2026/07/21;1400 UTC;0;979,5;980,6;979,3;207,9;15,2;15,2;15,2;14,9;15,2;14,9;100;100;100;321;3,5;1,5;
2026/07/21;1500 UTC;0;978,3;979,4;978,3;297,8;15,6;15,6;15,6;15,2;15,6;15,2;100;100;100;53;2,3;1,3;
2026/07/21;1600 UTC;,2;977,5;978,5;977,3;252,2;15,3;15,3;15,7;15,3;15,7;15,3;100;100;100;174;5,3;2,4;
2026/07/21;1700 UTC;0;976,3;977,8;976,3;281,2;15,5;15,5;15,5;15,2;15,5;15,2;100;100;100;181;4,7;2,8;
2026/07/21;1800 UTC;0;976,1;976,4;975,3;526,1;15,5;15,5;15,7;15,3;15,7;15,3;100;100;100;184;7,6;3,5;
2026/07/21;1900 UTC;0;976,4;977;976,1;249,8;15,3;15,3;15,5;15,2;15,5;15,2;100;100;100;154;6,6;1,9;
2026/07/21;2000 UTC;0;977,6;977,6;976,4;171,6;15,1;15,1;15,4;15,1;15,4;15,1;100;100;100;175;4;1,8;
2026/07/21;2100 UTC;0;978,1;978,2;977,6;53,8;15,1;15,1;15,3;15,1;15,3;15,1;100;100;100;169;3,9;2,2;
2026/07/21;2200 UTC;,2;978,5;978,5;977,9;0;15;15;15,1;15;15,1;15;100;100;100;180;5,3;2,9;
2026/07/21;2300 UTC;,2;979,3;979,3;978,5;0;14,9;14,9;15;14,9;15;14,9;100;100;100;182;4,8;2,4;
2026/07/22;0000 UTC;,6;978,8;979,3;978,7;0;14,8;14,8;15;14,8;15;14,8;100;100;100;182;7;3,4;
2026/07/22;0100 UTC;0;979,5;979,8;978,7;0;14,9;14,9;14,9;14,8;14,9;14,8;100;100;100;180;5,7;3,6;
2026/07/22;0200 UTC;0;979,8;979,9;979,5;0;14,9;14,9;14,9;14,9;14,9;14,9;100;100;100;184;7,6;4,1;
2026/07/22;0300 UTC;0;980,2;980,3;979,8;0;14,7;14,7;14,9;14,7;14,9;14,7;100;100;100;161;6,8;2,4;
2026/07/22;0400 UTC;0;979,3;980,4;979,3;0;14,1;14,1;14,7;14,1;14,7;14,1;100;100;100;172;4,9;3;
2026/07/22;0500 UTC;,2;980,4;980,4;978,9;0;13,7;13,7;14,1;13,7;14,1;13,7;100;100;100;142;8,3;2,8;
2026/07/22;0600 UTC;0;980,3;980,8;980,2;0;13,7;13,7;13,7;13,6;13,7;13,6;100;100;100;165;6,3;3,5;
2026/07/22;0700 UTC;0;980,3;980,4;979,9;0;13,6;13,6;13,7;13,6;13,7;13,6;100;100;100;158;5,5;2,7;
2026/07/22;0800 UTC;,2;980;980,4;979,8;0;13,5;13,5;13,6;13,5;13,6;13,5;100;100;100;147;6,8;3;
2026/07/22;0900 UTC;0;980,6;980,6;979,7;0;13,5;13,5;13,5;13,5;13,5;13,5;100;100;100;154;6,8;3;
2026/07/22;1000 UTC;0;981,7;981,7;980,6;0;13,5;13,5;13,5;13,4;13,5;13,4;100;100;100;167;6,1;2,6;
2026/07/22;1100 UTC;,4;982,6;982,6;981,7;3,3;13,5;13,5;13,5;13,5;13,5;13,5;100;100;100;168;5,3;2,9;
2026/07/22;1200 UTC;,4;983,5;983,5;982,6;125;13,7;13,7;13,8;13,5;13,8;13,5;100;100;100;164;6,9;3,3;
2026/07/22;1300 UTC;,2;983,6;983,6;983,2;486,5;14,2;14,2;14,2;13,7;14,2;13,7;100;100;100;154;8,6;3,4;
2026/07/22;1400 UTC;0;983,7;984;983,5;862,8;14,2;14,2;14,6;14;14,6;14;100;100;100;147;8,2;3,7;
2026/07/22;1500 UTC;0;983,1;983,7;983;965,6;14,7;14;15;14,2;14,9;14;100;96;96;137;10,6;4,4;
2026/07/22;1600 UTC;0;981,9;983;981,9;922,9;15,2;13,7;15,2;14,5;14,4;13,6;98;91;91;128;10,7;5,7;
2026/07/22;1700 UTC;0;981,7;981,9;981,6;1071;15,4;12,9;15,8;15,1;14,2;12,6;93;84;85;130;11,3;4,9;
2026/07/22;1800 UTC;0;982,2;982,2;981,4;644,9;15,3;12,6;15,9;15,3;13,4;12,4;87;81;84;132;8,7;4,2;
2026/07/22;1900 UTC;0;983,1;983,1;982,3;217,5;14,1;13,2;15,3;14,1;13,4;12,6;95;84;95;142;8,9;3,1;
2026/07/22;2000 UTC;,4;983,5;983,6;982,7;223,4;13,7;13,3;14;13,6;13,3;13;98;95;97;145;8,8;3,6;
2026/07/22;2100 UTC;,4;984,8;984,8;983,5;7,7;12,6;12,6;13,7;12,6;13,4;12,4;100;97;100;171;9,9;4,7;
2026/07/22;2200 UTC;3,8;985,6;985,6;984,6;0;12,1;12,1;12,6;12,1;12,6;12,1;100;100;100;153;9,9;4,2;
2026/07/22;2300 UTC;,4;986,7;986,7;985,7;0;11,9;11,9;12,1;11,9;12,1;11,9;100;100;100;163;8,8;3,7;
2026/07/23;0000 UTC;,2;987,3;987,3;986,7;0;11,7;11,7;11,9;11,7;11,9;11,7;100;100;100;145;6,2;2,6;
2026/07/23;0100 UTC;0;986,4;987,3;986,4;0;11,5;11,5;11,7;11,5;11,7;11,5;100;100;100;131;7,6;4,3;
2026/07/23;0200 UTC;0;987,5;987,5;986,2;0;11,3;11,3;11,5;11,3;11,5;11,3;100;100;100;170;8,5;3,5;
2026/07/23;0300 UTC;0;988,7;988,7;987,5;0;10,8;10,8;11,3;10,8;11,3;10,8;100;100;100;182;6,2;3,6;
2026/07/23;0400 UTC;0;988,4;988,8;988,4;0;10,5;10,4;10,8;10,5;10,8;10,4;100;99;100;165;7,9;4,1;
2026/07/23;0500 UTC;0;988,2;988,4;988,1;0;9,9;9,9;10,5;9,9;10,5;9,9;100;100;100;162;7;3,9;
2026/07/23;0600 UTC;0;988,4;988,5;988,2;0;9,6;9,6;9,9;9,6;9,9;9,6;100;100;100;161;6,7;3,3;
2026/07/23;0700 UTC;0;989;989;988,2;0;9,7;9,7;9,7;9,5;9,7;9,5;100;100;100;169;5,8;2,4;
2026/07/23;0800 UTC;,2;989,4;989,4;989;0;10;10;10;9,7;10;9,7;100;100;100;174;4,4;1,3;
2026/07/23;0900 UTC;0;989,5;989,6;989,4;0;10,2;10,2;10,2;10;10,2;10;100;100;100;165;3,3;1,4;
2026/07/23;1000 UTC;0;990;990;989,4;0;10;10;10,2;9,9;10,2;9,9;100;100;100;157;3,8;1,5;
2026/07/23;1100 UTC;0;989,7;990,1;989,6;33,9;10,3;10,3;10,4;10;10,4;10;100;100;100;125;7,9;4,3;
2026/07/23;1200 UTC;0;990,1;990,1;989,5;282,5;10,9;10,9;10,9;10,3;10,9;10,3;100;100;100;113;8,7;3,6;
2026/07/23;1300 UTC;0;990,2;990,3;989,9;855,4;12,3;10,9;12,4;10,8;11,2;10,5;100;89;91;115;8,6;4,9;
2026/07/23;1400 UTC;0;990,7;990,9;990,2;1012;12,6;10,7;12,6;12;11,2;10,2;93;86;88;109;7,8;4,6;
2026/07/23;1500 UTC;0;990,5;990,8;990,5;1415,6;14,6;10,4;14,6;12,7;11,3;10,3;90;76;76;106;8,5;4;
2026/07/23;1600 UTC;0;990;990,6;990;1314,3;14,5;10,3;14,9;14,1;10,8;9,9;79;73;76;102;7,6;3,6;
2026/07/23;1700 UTC;0;989,1;990;989,1;1304,9;15,1;10;15,4;14,5;11;9,5;79;69;72;97;7,6;4,1;
2026/07/23;1800 UTC;0;988,9;989,1;988,9;1149,8;15,2;9,9;16;15;10,9;9,4;74;65;71;98;8;3,9;
2026/07/23;1900 UTC;0;988,7;988,9;988,5;650,2;15,2;10,2;15,3;14,8;10,3;9,4;74;69;72;96;6,8;3,6;
2026/07/23;2000 UTC;0;989;989;988,7;403,3;14,7;10,4;15,2;14,2;10,5;9,5;78;70;75;107;7;3,2;
2026/07/23;2100 UTC;0;988,9;989;988,8;104,2;13,3;10,6;14,7;13,3;10,7;10,3;84;75;83;110;7;3,1;
2026/07/23;2200 UTC;0;989,5;989,5;989;0;12,5;10,2;13,5;12,5;10,5;10,1;86;80;86;119;6,2;3,9;
2026/07/23;2300 UTC;0;989,8;989,8;989,5;0;11,1;10;12,5;11,1;10,3;10;93;86;93;126;6,8;3,3;
2026/07/24;0000 UTC;0;990,2;990,2;989,8;0;10,5;9,8;11,1;10,5;10;9,8;95;93;95;123;6,4;3,8;
2026/07/24;0100 UTC;0;990;990,3;990;0;10;9,6;10,5;10;9,8;9,6;98;95;98;115;6,4;3,6;
2026/07/24;0200 UTC;0;989,8;990;989,7;0;9,9;9,5;10;9,9;9,7;9,5;98;97;97;119;6,4;4,1;
2026/07/24;0300 UTC;0;989,6;990;989,6;0;9,4;9,3;9,9;9,3;9,5;9,2;99;97;99;116;5,7;3,5;
2026/07/24;0400 UTC;0;989,1;989,6;989,1;0;9,5;9,3;9,6;9,3;9,4;9,2;100;98;99;97;6,5;3,6;
2026/07/24;0500 UTC;0;988,7;989;988,7;0;9,2;9,2;9,5;9,2;9,4;9,1;100;98;100;77;6,4;3;
2026/07/24;0600 UTC;0;988,1;988,7;988,1;0;9,1;9,1;9,3;9,1;9,2;9;100;99;100;67;5,5;3,6;
2026/07/24;0700 UTC;0;988,1;988,2;988;0;9,6;9,3;9,6;9;9,3;9;100;98;98;84;6;3,5;
2026/07/24;0800 UTC;0;987,8;988,1;987,7;0;9,5;9,3;9,6;9,5;9,4;9,2;99;98;99;95;6,1;3,5;
2026/07/24;0900 UTC;0;987,8;987,8;987,7;0;9,4;9,3;9,7;9,4;9,4;9,2;99;98;99;91;6;3,4;
2026/07/24;1000 UTC;0;988;988,1;987,7;0;9,4;9,4;9,5;9;9,4;9;100;99;100;92;5,7;3,3;
2026/07/24;1100 UTC;0;988,4;988,5;988;31,8;10,1;10;10,1;9,2;10;9,2;100;99;99;92;6,2;3,3;
2026/07/24;1200 UTC;0;989,3;989,3;988,3;355,4;11,4;10,6;11,4;10,1;10,6;10,1;99;94;95;83;6,8;3,2;
2026/07/24;1300 UTC;0;989,1;989,5;989,1;887;12,8;11,4;12,8;11,4;11,4;10,6;95;90;91;75;6,8;4,3;
2026/07/24;1400 UTC;0;989,2;989,6;989;1334,2;13,4;11,8;13,7;12,6;12,1;11,1;93;87;90;57;6,8;4,8;
2026/07/24;1500 UTC;0;989;989,2;988,7;1011,7;14,4;11,7;14,4;13,5;12;11,3;90;83;84;67;6,5;3,3;
2026/07/24;1600 UTC;0;987,4;989,1;987,3;1753,4;15,7;11,9;16,4;14,5;12,4;11,5;85;75;78;77;5,6;3,1;
2026/07/24;1700 UTC;0;987,2;987,5;987;1002,6;16,2;12;16,2;15,7;12,5;11,7;80;76;77;97;5,4;1,1;
2026/07/24;1800 UTC;0;987,4;987,8;987,2;507,1;16;12,3;16,2;15,9;12,5;11,8;80;75;78;220;4,2;2,8;
2026/07/24;1900 UTC;0;986,4;987,4;986,1;687,1;15,8;12,7;16,6;15,8;13;12,1;82;76;82;111;6,2;3,8;
2026/07/24;2000 UTC;0;985,7;986,7;985,7;168;14,9;13,1;15,8;14,9;13,1;12,6;89;82;89;105;7,9;3,4;
2026/07/24;2100 UTC;0;986;986,6;985,3;58,5;14,5;13,5;15,1;14,5;13,6;13,1;94;88;94;50;8,6;4;
2026/07/24;2200 UTC;0;987,1;987,2;986;,2;13,8;13,4;14,5;13,8;13,6;13,3;97;94;97;204;5,7;1,7;
2026/07/24;2300 UTC;0;987,2;987,3;987;0;13,8;13,5;13,8;13,7;13,5;13,3;98;97;98;202;2,7;1,3;
2026/07/25;0000 UTC;0;987,4;987,4;987,1;0;13,7;13,5;13,9;13,7;13,5;13,5;98;98;98;201;3,2;2,2;
2026/07/25;0100 UTC;0;987,9;987,9;987,3;0;13,7;13,4;13,7;13,5;13,4;13,3;99;98;98;223;4,1;3;
2026/07/25;0200 UTC;0;988,3;988,7;987,9;0;13,4;13,3;13,6;13,3;13,4;13,3;100;98;100;211;5,5;3,1;
2026/07/25;0300 UTC;0;987,6;988,3;987,6;0;13,6;13,4;13,6;13,3;13,5;13,3;100;99;99;142;3,6;1,7;
2026/07/25;0400 UTC;0;987,7;987,7;987,5;0;13,3;13,3;13,6;13,3;13,4;13,3;100;99;100;180;2,5;1;
2026/07/25;0500 UTC;0;987;988;987;0;13,1;13,1;13,4;12,9;13,4;12,9;100;99;100;94;3,6;2,7;
2026/07/25;0600 UTC;0;986,6;987,3;986,6;0;12,2;12,2;13,2;12,2;13,2;12,2;100;100;100;13;3,7;1,9;
2026/07/25;0700 UTC;0;986,1;986,6;986;0;12,4;12,4;12,5;11,6;12,5;11,6;100;100;100;11;2,9;1,5;
2026/07/25;0800 UTC;0;986,4;986,6;986,1;0;11,6;11,6;12,4;11,6;12,4;11,6;100;100;100;351;3,1;2,1;
2026/07/25;0900 UTC;0;986,9;986,9;986,4;0;11,5;11,5;11,7;11,4;11,7;11,4;100;100;100;340;3,8;2,1;
2026/07/25;1000 UTC;0;986,4;986,9;986,3;0;11,5;11,5;11,7;11,4;11,7;11,4;100;100;100;21;3,9;2,9;
2026/07/25;1100 UTC;,2;987;987,2;986,5;39,5;12,2;12,2;12,3;11,4;12,3;11,4;100;100;100;350;2,7;1,9;
2026/07/25;1200 UTC;0;987,7;987,7;986,9;531,2;13,5;13,1;13,6;12,2;13,2;12,2;100;97;97;314;2,5;1,8;
2026/07/25;1300 UTC;0;988;988;987,7;1286,1;15,6;13,4;15,6;13,6;13,6;12,6;97;84;87;28;3,2;1,7;
2026/07/25;1400 UTC;0;987,6;988,2;987,5;1730,9;13,6;13,3;16,3;12,8;13,7;12,5;100;83;98;168;3,8;2,4;
2026/07/25;1500 UTC;0;987,6;988,2;987,6;1558,6;13,9;13,4;14,2;13,2;13,8;12,6;99;94;97;160;4,5;2,4;
2026/07/25;1600 UTC;0;986,8;987,7;986,8;1319,9;14,6;13,3;14,6;13,8;13,7;13,1;98;92;92;130;4,3;1,7;
2026/07/25;1700 UTC;0;986,8;987,2;986,6;1485,4;15,5;13,1;16,7;14,5;14,2;13,1;94;81;86;193;3,7;1,4;
2026/07/25;1800 UTC;0;985,9;986,8;985,9;1515,4;18,2;14;18,2;15,6;14,2;13,2;88;75;77;319;2,8;,9;
2026/07/25;1900 UTC;0;985,5;985,9;985,5;1370,4;18,5;13,4;18,9;17,8;14,1;13,2;76;71;72;134;3,6;1,9;
2026/07/25;2000 UTC;0;985,8;985,9;985,3;647,3;17,5;14;18,9;17,5;14;13,3;80;71;80;107;3,5;2;
2026/07/25;2100 UTC;0;985,9;986;985,8;63,1;15,7;14,2;17,4;15,7;14,3;13,8;91;80;91;104;4,2;2,4;
2026/07/25;2200 UTC;0;985,4;985,9;985,4;0;14,8;13,9;15,6;14,6;14,2;13,9;96;91;95;93;6;3,6;
2026/07/25;2300 UTC;0;985,9;986;985,4;0;14,5;14,1;14,9;14,5;14,2;13,9;97;95;97;85;6;2,7;
2026/07/26;0000 UTC;0;985,9;986,1;985,8;0;13,9;13,9;14,4;13,3;14;13,3;100;97;100;45;4,6;3,5;
2026/07/26;0100 UTC;0;985,8;986,4;985,8;0;14,1;14,1;14,2;14;14,2;14;100;100;100;43;5,1;4;
2026/07/26;0200 UTC;0;986;986,4;985,7;0;13,8;13,8;14,1;13,8;14,1;13,8;100;100;100;22;5,1;3,7;
2026/07/26;0300 UTC;0;985,7;986;985,5;0;13,4;13,4;13,8;13,4;13,8;13,4;100;100;100;31;4,9;2,9;
2026/07/26;0400 UTC;0;985,1;985,7;985;0;13,3;13,3;13,6;13,3;13,6;13,3;100;100;100;21;5;4;
2026/07/26;0500 UTC;0;984,8;985,2;984,8;0;13,8;13,8;13,8;13,3;13,8;13,3;100;100;100;0;4,8;3,9;
2026/07/26;0600 UTC;0;984,6;984,9;984,6;0;14,1;14,1;14,1;13,8;14,1;13,8;100;100;100;350;5,2;2,7;
2026/07/26;0700 UTC;0;984,8;984,9;984,5;0;14,5;14,5;14,5;14,1;14,5;14,1;100;100;100;280;4,7;2,4;
2026/07/26;0800 UTC;0;984,5;984,8;984,5;0;14,9;14,9;14,9;14,5;14,9;14,5;100;100;100;280;2,4;2,4;
2026/07/26;0900 UTC;0;984,6;984,6;984,4;0;15;14,9;15,3;14,9;15,2;14,8;100;98;99;277;2,4;2,4;
2026/07/26;1000 UTC;0;984,7;984,7;984,5;0;14,5;14,5;15;14,5;14,9;14,5;100;99;100;218;2,4;1;
2026/07/26;1100 UTC;0;985,5;985,5;984,7;15,8;14,2;14,2;15,1;14,2;15,1;14,2;100;99;100;196;5,4;3,1;
2026/07/26;1200 UTC;0;985,9;985,9;985,4;130,9;14,3;14,3;14,3;14,1;14,3;14,1;100;100;100;182;5,1;2,9;
2026/07/26;1300 UTC;0;986;986,2;985,9;166,2;14,4;14,4;14,4;14,2;14,4;14,2;100;100;100;167;5,2;2,1;
2026/07/26;1400 UTC;0;986;986,7;985,9;214,7;15;15;15;14,5;15;14,5;100;100;100;266;4,8;2;
2026/07/26;1500 UTC;0;985,4;986,1;985,2;387,3;15,7;15,7;15,7;15;15,7;15;100;100;100;266;2;2;
2026/07/26;1600 UTC;0;984,6;985,4;984,6;507,3;15,7;15,7;15,9;15,4;15,9;15,4;100;100;100;271;2;2;
2026/07/26;1700 UTC;0;983,9;984,6;983,9;577,3;15,9;15,8;16;15,3;16;15,3;100;99;99;267;2;2;
2026/07/26;1800 UTC;,2;983,3;983,9;983,3;612,2;16,4;15,7;16,6;15,9;16;15,6;100;95;96;268;2;2;
2026/07/26;1900 UTC;0;983,1;983,4;983,1;196;16,3;15,8;16,5;16,3;15,8;15,6;97;95;96;271;2;2;
2026/07/26;2000 UTC;0;983,2;983,2;982,9;119,8;16,5;15,7;16,5;16,3;15,9;15,6;96;94;95;269;2;2;
2026/07/26;2100 UTC;0;983,8;983,8;983,2;47,1;16,3;15,7;16,6;16,3;15,9;15,6;97;95;96;268;2;2;
2026/07/26;2200 UTC;0;983,9;984,1;983,9;0;16;15,7;16,3;16;15,7;15,6;98;96;98;269;2;2;
2026/07/26;2300 UTC;0;984,1;984,2;983,8;0;15,5;15,5;16;15,5;15,8;15,5;100;98;100;268;2;2;
2026/07/27;0000 UTC;0;984,5;984,7;984,1;0;15,1;15,1;15,5;15,1;15,5;15,1;100;100;100;267;2;2;
2026/07/27;0100 UTC;0;984,6;984,8;984,6;0;14,8;14,8;15,1;14,8;15,1;14,8;100;100;100;267;2;2;
2026/07/27;0200 UTC;,2;984,1;984,6;984;0;14,3;14,3;14,9;14,3;14,9;14,3;100;100;100;260;2;2;
2026/07/27;0300 UTC;0;984;984,2;983,9;0;14;14;14,2;14;14,2;14;100;100;100;259;2;2;
2026/07/27;0400 UTC;0;983,9;984,1;983,7;0;13,9;13,9;14;13,9;14;13,9;100;100;100;260;2;2;
2026/07/27;0500 UTC;0;983,8;984;983,8;0;13,2;13,2;13,8;13,2;13,8;13,2;100;100;100;250;8,3;4,2;
2026/07/27;0600 UTC;0;983,1;983,8;983;0;13,1;13,1;13,2;13,1;13,2;13,1;100;100;100;260;7,8;3,3;
2026/07/27;0700 UTC;0;982,3;983,2;982,3;0;13,2;13,2;13,2;13,1;13,2;13,1;100;100;100;265;9,1;4;
2026/07/27;0800 UTC;0;982,2;982,7;982,2;0;13,1;13,1;13,2;13,1;13,2;13,1;100;100;100;277;8,4;6,5;
2026/07/27;0900 UTC;,2;982,3;982,6;982,2;0;13,1;13,1;13,3;13,1;13,3;13,1;100;100;100;283;9,9;7,6;
2026/07/27;1000 UTC;0;982,3;982,4;982,2;0;13,2;13,2;13,2;13,1;13,2;13,1;100;100;100;279;9,6;7,5;
2026/07/27;1100 UTC;0;982,7;982,7;982,2;22;13,2;13,2;13,3;13,1;13,3;13,1;100;100;100;276;8,8;6,5;
2026/07/27;1200 UTC;0;982,6;982,9;982,4;163,8;13,8;13,8;13,8;13,2;13,8;13,2;100;100;100;284;10,6;9,2;
2026/07/27;1300 UTC;0;982,2;982,6;982,2;603,5;14,9;14,9;14,9;13,8;14,9;13,8;100;100;100;285;12;10,1;
2026/07/27;1400 UTC;0;981,7;982,5;981,7;958,7;16,6;15,7;16,6;14,9;16,1;14,9;100;94;94;286;14,9;12,7;
2026/07/27;1500 UTC;0;980,6;981,7;980,6;1226,7;18,4;16,6;18,4;16,6;16,6;15,6;95;89;89;288;16,3;,2;
2026/07/27;1600 UTC;0;979,3;980,6;979,3;1219,9;17,9;16,2;18,8;17,7;16,7;15,8;92;85;90;291;3;0;
2026/07/27;1700 UTC;0;978,2;979,3;978;308,2;17,6;16,5;18;17,6;16,7;16,2;93;90;93;278;1,9;0;
2026/07/27;1800 UTC;0;978,1;978,6;977,6;37;17;16,4;17,6;17;16,5;16,3;96;92;96;278;0;0;
2026/07/27;1900 UTC;7,4;978,3;979,3;977,7;12,9;16,6;16,6;17;16,6;16,7;16,4;100;96;100;278;0;0;
2026/07/27;2000 UTC;,8;978,3;978,4;977,7;61,1;16,8;16,8;16,9;16,6;16,9;16,6;100;100;100;278;0;0;
2026/07/27;2100 UTC;,6;977,5;978,7;977,5;20,4;16,9;16,9;17;16,8;17;16,8;100;100;100;278;1,9;0;
2026/07/27;2200 UTC;0;976,3;977,6;976,3;0;16,9;16,9;16,9;16,7;16,9;16,7;100;100;100;278;0;0;
2026/07/27;2300 UTC;,2;976,8;976,8;976,4;0;17,1;17,1;17,1;16,9;17,1;16,9;100;100;100;289;,5;0;
2026/07/28;0000 UTC;0;976,6;977,2;976,6;0;16,9;16,9;17,2;16,9;17,2;16,9;100;100;100;282;,4;0;
2026/07/28;0100 UTC;0;976,5;976,8;976,5;0;16,8;16,8;16,8;16,5;16,8;16,5;100;100;100;282;0;0;
2026/07/28;0200 UTC;0;977,7;977,7;976,3;0;16,9;16,9;17;16,7;17;16,7;100;100;100;282;0;0;
2026/07/28;0300 UTC;9;977;977,7;976,9;0;16,7;16,7;16,9;16,7;16,9;16,7;100;100;100;268;,7;0;
2026/07/28;0400 UTC;,6;976,9;977,3;975,7;0;16,5;16,5;16,8;16,5;16,8;16,5;100;100;100;272;,5;0;
2026/07/28;0500 UTC;0;977,3;977,4;976,5;0;16,4;16,4;16,7;16,3;16,7;16,3;100;100;100;273;,8;,1;
2026/07/28;0600 UTC;0;976,9;977,6;976,9;0;16,4;16,4;16,7;16,2;16,7;16,2;100;100;100;273;,1;,1;
2026/07/28;0700 UTC;0;976,5;976,9;976,4;0;16,7;16,7;16,8;16,4;16,8;16,4;100;100;100;273;,1;,1;
2026/07/28;0800 UTC;0;976,9;976,9;976,3;0;16,8;16,8;16,8;16,7;16,8;16,7;100;100;100;263;1,4;,5;
2026/07/28;0900 UTC;0;977,7;977,7;976,9;0;17;17;17;16,7;17;16,7;100;100;100;268;1,5;,3;
2026/07/28;1000 UTC;0;978;978,1;977,7;0;16,8;16,8;17;16,8;17;16,8;100;100;100;272;,6;0;
2026/07/28;1100 UTC;0;977,6;978;977,5;14,1;16,3;16,3;16,8;16,3;16,8;16,3;100;100;100;272;0;0;
2026/07/28;1200 UTC;0;979,5;979,5;977,6;407,5;16,4;16,4;16,5;16,2;16,5;16,2;100;100;100;272;0;0;
2026/07/28;1300 UTC;0;979;979,6;979;912,6;17,4;16,7;17,6;16,3;17,6;16,3;100;94;96;266;,6;0;
2026/07/28;1400 UTC;0;979,8;979,8;979;1603,6;18,8;16,1;18,8;17,4;17,3;15,5;96;84;84;129;3,5;,4;
2026/07/28;1500 UTC;0;979,9;980,3;979,8;1633,1;19,2;15,2;19,5;18,4;16,8;15;87;78;78;110;3,6;,9;
2026/07/28;1600 UTC;0;979,3;979,8;979;1108,2;18,4;15,6;19,9;18,3;16,6;15,3;87;77;84;99;4,6;,7;
2026/07/28;1700 UTC;0;978,3;979,4;978,3;603;18,3;16;18,6;18,1;16;15,4;87;83;86;200;2,4;,5;
2026/07/28;1800 UTC;0;977,8;978,4;977,5;437,3;16,6;15;18,4;16,6;16;15;91;84;90;150;5,7;2;
2026/07/28;1900 UTC;0;977,9;978,6;977,9;214,5;15,9;14,6;16,7;15,9;15;14,6;93;89;93;154;5;2,2;
2026/07/28;2000 UTC;0;976,8;978,2;976,1;70;15,1;14,3;15,8;15,1;14,7;14,3;96;92;95;144;7,1;3,6;
2026/07/28;2100 UTC;0;977,1;977,7;976,2;26,1;14,8;14,2;15,1;14,8;14,3;13,7;96;92;96;145;7,6;3;
2026/07/28;2200 UTC;0;976,9;978,1;975,8;0;14,8;14,7;14,9;14,7;14,8;14,2;100;96;100;201;9,5;4,8;
2026/07/28;2300 UTC;0;978;978,4;976,1;0;14,2;14,2;14,8;14,2;14,8;14,2;100;100;100;167;10;3,9;
2026/07/29;0000 UTC;,4;979,8;979,8;978,2;0;13,9;13,9;14,2;13,9;14,2;13,9;100;100;100;252;7,3;4;
2026/07/29;0100 UTC;2,4;982,3;982,6;980,3;0;13,8;13,8;14,6;13,8;14,2;13,8;100;96;100;259;11,8;5,7;
2026/07/29;0200 UTC;3,2;978;982,2;977,8;0;13,8;13,8;13,9;13,6;13,9;13,6;100;100;100;321;7,7;3,4;
2026/07/29;0300 UTC;,2;976,8;978,2;974,9;0;15,2;14,6;15,2;13,7;14,9;13,7;100;96;96;300;3,4;3,4;
2026/07/29;0400 UTC;0;977,5;977,5;976,6;0;15,3;14,6;15,7;15,3;15,1;14,4;98;93;96;299;3,4;3,4;
2026/07/29;0500 UTC;0;979,5;979,5;977,5;0;14,6;14;15,3;14,6;14,6;13,7;96;91;96;238;4,9;3;
2026/07/29;0600 UTC;0;980,3;980,3;979,4;0;13,9;13,9;14,6;13,9;14,1;13,9;100;96;100;237;4,7;1,4;
2026/07/29;0700 UTC;0;981,1;981,1;980,3;0;13,1;13,1;13,9;13,1;13,9;13,1;100;100;100;207;3,8;2;
2026/07/29;0800 UTC;0;979,9;981,7;979,9;0;12,9;12,9;13,2;12,9;13,2;12,9;100;100;100;133;4,4;2,4;
2026/07/29;0900 UTC;0;979,5;979,8;979,4;0;12,8;12,8;13,1;12,8;13,1;12,8;100;100;100;143;8;2,5;
2026/07/29;1000 UTC;0;981,3;981,3;979,5;0;12,9;12,9;13;12,8;13;12,8;100;100;100;166;5,7;2,8;
2026/07/29;1100 UTC;0;981,8;981,8;981,3;10,5;12,9;12,9;13;12,9;13;12,9;100;100;100;229;7,1;2,5;
2026/07/29;1200 UTC;0;983,3;983,3;981,8;159,9;13,3;13,3;13,3;12,9;13,3;12,9;100;100;100;260;6,9;3,5;
2026/07/29;1300 UTC;0;984,6;984,6;983,3;250,3;13,3;13,3;13,3;13,1;13,3;13,1;100;100;100;250;7,2;4,1;
2026/07/29;1400 UTC;0;985,1;985,1;984,6;200,6;12,7;12,7;13,3;12,7;13,3;12,7;100;100;100;212;7,6;3,9;
2026/07/29;1500 UTC;0;985,1;985,2;984,9;636,3;13,3;13,3;13,7;12,7;13,7;12,7;100;100;100;258;10,9;5,2;
2026/07/29;1600 UTC;0;984,5;985,2;984,5;1065,1;15,1;14;15,1;13,3;14,6;13,3;100;93;93;262;5;3,7;
2026/07/29;1700 UTC;0;983,9;984,5;983,9;1373,1;15,7;13,7;16,2;15,2;14,1;13,2;93;83;88;257;5,7;4,1;
2026/07/29;1800 UTC;0;984,5;984,5;983,9;755,7;15,2;13,5;15,9;15,2;13,9;13;90;85;89;208;6;2,9;
2026/07/29;1900 UTC;0;984,9;984,9;984,5;529,7;14,1;13,5;15,3;14,1;14;13,4;96;89;96;159;7;3,3;
2026/07/29;2000 UTC;0;985,6;985,6;985;175,3;13,2;13;14,2;13,2;13,7;13;100;96;99;159;7,7;3,8;
2026/07/29;2100 UTC;0;986,2;986,2;985,4;56,9;12,9;12,7;13,3;12,9;13;12,7;99;97;98;152;7,7;2,6;
2026/07/29;2200 UTC;0;987,7;987,7;986,2;0;12,8;12,8;13;12,7;12,9;12,7;100;98;100;198;7,8;2,4;
2026/07/29;2300 UTC;,4;987,7;988;987,6;0;12,6;12,6;12,8;12,6;12,8;12,6;100;100;100;219;7;3,7;
2026/07/30;0000 UTC;0;988,6;988,6;987,7;0;12,7;12,7;12,7;12,6;12,7;12,6;100;100;100;261;10,5;6,5;
2026/07/30;0100 UTC;0;988,5;988,8;988,5;0;12,8;12,8;12,8;12,6;12,8;12,6;100;100;100;262;10,4;6,7;
2026/07/30;0200 UTC;,2;988,4;988,6;988,2;0;12,8;12,8;12,9;12,7;12,9;12,7;100;100;100;259;10,4;6,4;
2026/07/30;0300 UTC;0;989;989,1;988,3;0;12,8;12,8;12,9;12,8;12,9;12,8;100;100;100;261;10,3;4,9;
2026/07/30;0400 UTC;0;988,4;989;988,3;0;12,5;12,5;12,8;12,5;12,8;12,5;100;100;100;255;9,2;6;
2026/07/30;0500 UTC;0;988,9;989,1;988,4;0;12,4;12,4;12,5;12,3;12,5;12,3;100;100;100;257;9,6;6,5;
2026/07/30;0600 UTC;0;989,5;989,6;988,9;0;12,2;12,2;12,4;12,2;12,4;12,2;100;100;100;255;10;6,7;
2026/07/30;0700 UTC;0;989,5;989,6;989,4;0;12,1;12,1;12,2;12,1;12,2;12,1;100;100;100;259;9,6;6,8;
2026/07/30;0800 UTC;,2;989,2;989,6;989,2;0;12;12;12,2;12;12,2;12;100;100;100;252;8,7;4,8;
2026/07/30;0900 UTC;,2;989,9;989,9;989,2;0;11,9;11,9;12;11,9;12;11,9;100;100;100;246;7,6;5,2;
2026/07/30;1000 UTC;0;990,6;990,6;989,8;0;11,7;11,7;12;11,7;12;11,7;100;100;100;239;8,4;4,3;
2026/07/30;1100 UTC;0;990,5;990,6;990,3;21,2;11,6;11,6;11,7;11,6;11,7;11,6;100;100;100;242;6,2;3,3;
2026/07/30;1200 UTC;0;990,9;990,9;990,5;408,2;12;12;12,1;11,6;12,1;11,6;100;100;100;255;6,6;3,2;
2026/07/30;1300 UTC;0;991,2;991,2;990,9;980,4;13,6;11,8;13,6;12;12,2;11,2;100;88;89;304;7,4;3,3;
2026/07/30;1400 UTC;0;991,5;991,5;991;1735,1;14,7;11,3;14,7;13,7;12,1;11,1;88;80;80;284;6,1;2,5;
2026/07/30;1500 UTC;0;991,6;992,2;991,4;1788;15,6;11,8;16,2;14,8;12,6;11,5;84;77;78;275;4,6;2,5;
2026/07/30;1600 UTC;0;988,8;991,8;988,7;1894,4;16,8;12,7;16,9;15,5;12,8;11,7;80;73;76;302;4;1,8;
2026/07/30;1700 UTC;0;989;989;988,7;922,5;16,6;12,7;17,2;16,5;12,9;12,1;78;74;77;291;1,8;1,8;
2026/07/30;1800 UTC;0;989,5;989,5;989;557,1;16,8;12,6;17;16,6;13;12,2;79;74;76;271;3;2,2;
2026/07/30;1900 UTC;0;988,9;989,6;988,9;987,4;17,4;13;18,1;16,8;13,1;12,4;78;71;75;318;4,5;3,3;
2026/07/30;2000 UTC;0;987,7;988,9;987,7;709;16,6;12,3;17,9;16,6;13,2;12;77;70;76;71;7,2;5,3;
2026/07/30;2100 UTC;0;987,4;987,8;987,4;204,6;15;11,8;16,7;15;12,5;11,8;81;75;81;81;7,4;4,7;
2026/07/30;2200 UTC;0;987,2;987,4;987,2;,1;14,2;11,8;15;14,2;11,9;11,7;86;82;86;78;8,1;5,4;
2026/07/30;2300 UTC;0;987,4;987,4;987,2;0;13,8;11,9;14,2;13,6;12;11,8;90;86;88;75;8,1;5,3;
2026/07/31;0000 UTC;0;988;988;987,3;0;13,1;11,6;13,9;13,1;11,9;11,6;91;87;91;71;7,9;4,9;
2026/07/31;0100 UTC;0;987,9;988,2;987,9;0;12,4;11,7;13;12,4;11,7;11,6;95;92;95;68;7,2;5,5;
2026/07/31;0200 UTC;0;987,3;987,9;987,3;0;12,7;11,9;12,8;12,3;12;11,7;96;95;95;76;7,5;5,3;
2026/07/31;0300 UTC;0;987,2;987,5;987,1;0;12,5;12;12,9;12,5;12,1;11,9;97;95;97;72;7,2;4,6;
2026/07/31;0400 UTC;0;986,4;987,3;986,4;0;13,1;12,1;13,1;12,5;12,1;12;97;94;94;332;6,5;4,5;
2026/07/31;0500 UTC;0;986,7;986,8;986,4;0;12,7;12,1;13,2;12,7;12,2;12;96;93;96;321;7,4;5,8;
2026/07/31;0600 UTC;0;986;986,7;986;0;12,8;12,4;12,8;12,7;12,4;12,1;98;96;98;304;8,2;6,9;
2026/07/31;0700 UTC;0;985,5;986;985,5;0;13,1;12,9;13,1;12,5;12,9;12,3;99;98;99;303;7,7;6,2;
2026/07/31;0800 UTC;0;984,9;985,5;984,9;0;13,4;13,1;13,4;13,1;13,2;12,8;99;98;98;306;7,7;6,6;
2026/07/31;0900 UTC;0;984,5;985;984,5;0;13,4;13,2;13,5;13,2;13,2;13;99;98;99;308;8,5;6,8;
2026/07/31;1000 UTC;0;984,7;984,8;984,5;0;13,7;13,4;13,7;13,4;13,4;13,2;99;98;98;308;8,9;7,1;
2026/07/31;1100 UTC;0;985,1;985,1;984,7;24;14,3;14;14,3;13,6;14;13,4;99;98;98;306;10,4;8,9;
2026/07/31;1200 UTC;0;985,4;985,4;985,1;499;16,4;14,6;16,4;14,4;14,8;14;98;89;89;299;13,8;11,2;
2026/07/31;1300 UTC;0;985,4;985,4;985,2;1193,1;18,1;15,2;18,1;16,4;15,4;14,6;90;83;83;296;12,8;6,6;
2026/07/31;1400 UTC;0;985;985,5;984,9;1686,9;20,2;16,3;20,2;18,1;16,3;15,2;84;77;79;12;9,8;3,5;
2026/07/31;1500 UTC;0;983,4;984,9;983,4;2048,4;23;17,2;23;20,2;17,7;16,2;79;70;70;12;9,9;7,2;
2026/07/31;1600 UTC;0;982,4;983,5;982,4;2217,4;24,5;18;24,5;23;18,3;17;72;67;67;13;11,3;7,6;
2026/07/31;1700 UTC;0;981,4;982,4;981,4;2146,5;25,2;18,1;25,6;24,3;18,8;17,7;69;64;65;6;11,2;6;
2026/07/31;1800 UTC;0;980,5;981,4;980,5;1856,4;25,5;18,3;25,6;25,1;18,6;17,8;66;63;64;22;11,9;6,4;
2026/07/31;1900 UTC;0;979,9;980,5;979,8;1451,4;25,6;18,4;25,6;25,3;18,5;17,8;65;63;64;16;12,1;6,9;
2026/07/31;2000 UTC;0;979,7;979,8;979,6;586,7;24,8;18,7;25,6;24,8;19;18,4;69;64;69;26;10,2;6,5;
2026/07/31;2100 UTC;0;979,9;979,9;979,6;194,1;22,2;18,7;24,8;22,2;19,1;18,6;81;69;81;29;8,3;4,6;
2026/07/31;2200 UTC;0;979,6;979,9;979,6;,3;21,2;17,9;22,1;21,2;18,7;17,9;82;80;81;33;8,5;4,2;
2026/07/31;2300 UTC;0;979,5;979,6;979,4;0;19,9;17,4;21,2;19,9;17,9;17,4;85;82;85;26;8,2;4,9;
2026/08/01;0000 UTC;0;979,7;979,8;979,5;0;19,8;17,2;20;19,5;17,4;17,2;87;85;85;16;8,6;6,7;
2026/08/01;0100 UTC;0;979,9;980;979,7;0;19,4;17,4;19,8;19,4;17,4;17,2;88;85;88;11;8,6;5,7;
2026/08/01;0200 UTC;0;979;979,9;979;0;19,3;17,5;19,6;19,1;17,5;17,4;91;87;89;17;8,9;5,8;
2026/08/01;0300 UTC;0;978,6;979;978,6;0;18,3;17,3;19,4;18,3;17,5;17,3;94;88;94;303;9;0;
2026/08/01;0400 UTC;0;977,5;978,6;977,5;0;19,1;17,4;19,1;18,1;17,5;17,3;95;90;90;8;10,6;5,3;
2026/08/01;0500 UTC;0;976,8;977,5;976,8;0;19,6;17,2;19,6;19,1;17,5;17,2;90;86;86;5;11,7;4,1;
2026/08/01;0600 UTC;0;976,1;976,7;976;0;19;17;19,6;19;17,3;17;88;86;88;10;12,1;6,9;
2026/08/01;0700 UTC;0;975,4;976,2;975,3;0;19,6;16,5;19,6;18,8;17;16,4;88;82;82;7;11,4;7,5;
2026/08/01;0800 UTC;0;974,5;975,4;974,3;0;19,2;16,1;19,9;19,2;16,5;16,1;82;81;82;10;13;6,8;
2026/08/01;0900 UTC;0;974;974,5;973,8;0;19,1;15,6;19,5;19,1;16,1;15,6;83;78;80;11;11;6;
2026/08/01;1000 UTC;0;975,6;977,1;973,6;0;20,5;15,4;20,5;18,9;15,9;15,2;80;73;73;262;12,2;6,8;
2026/08/01;1100 UTC;0;977;977,6;975,8;30,8;19,8;16,7;21,6;19,8;16,9;15;82;67;82;304;12,4;3,2;
2026/08/01;1200 UTC;,2;978;978,1;977,1;24,8;17,4;17,3;19,7;17,4;17,5;16,6;99;82;99;225;6,3;4,1;
2026/08/01;1300 UTC;,4;979,1;979,7;977,9;88,1;15,4;14,6;17,4;15,3;17,3;14,4;100;94;95;196;12,8;7,1;
2026/08/01;1400 UTC;0;979,3;979,9;979;265,2;15;14,4;15,8;15;14,6;13,9;96;90;96;188;16,6;7,4;
2026/08/01;1500 UTC;0;979,2;979,4;979;303,4;15,2;14,3;15,3;15;14,5;14,2;96;93;95;174;11,8;5;
2026/08/01;1600 UTC;1,6;979,2;979,6;979;167,4;14,7;14,6;15,2;14,6;14,7;14,2;100;94;100;186;9,6;5,9;
2026/08/01;1700 UTC;2,4;980,7;980,9;979;214,7;14,7;14,7;14,8;14,6;14,8;14,6;100;100;100;258;8,5;5,5;
2026/08/01;1800 UTC;1,2;980,1;980,7;979,8;215,4;14,6;14,6;14,8;14,6;14,8;14,6;100;100;100;260;5,5;5,5;
2026/08/01;1900 UTC;1,6;979,9;980,5;979,9;117,6;14,4;14,4;14,7;14,4;14,7;14,4;100;100;100;273;5,5;5,5;
2026/08/01;2000 UTC;,8;977,5;979,9;977,1;124,4;14,3;14,3;14,6;14,3;14,6;14,3;100;100;100;282;8,9;3,7;
2026/08/01;2100 UTC;0;979,2;979,2;977,4;40,9;14,1;14,1;14,4;14,1;14,4;14,1;100;100;100;283;3,4;3,4;
2026/08/01;2200 UTC;0;981,9;982,1;979,1;,2;14,4;14,4;14,4;14,1;14,4;14,1;100;100;100;255;9,3;7,1;
2026/08/01;2300 UTC;,6;982,9;982,9;982;0;14,3;14,3;14,4;14,3;14,4;14,3;100;100;100;255;7,9;7;
2026/08/02;0000 UTC;,6;;983,9;982,9;0;;;14,4;14,3;14,4;14,3;100;100;;257;8,9;7,9;
2026/08/02;0100 UTC;0;983,9;984,2;983,9;0;14,4;14,4;14,4;14,3;14,4;14,3;100;100;100;258;8,6;7,8;
2026/08/02;0200 UTC;0;984;984;983,8;0;13,9;13,9;14,4;13,9;14,4;13,9;100;100;100;262;8,2;4,8;
2026/08/02;0300 UTC;0;983,8;984,3;983,8;0;14,2;13,9;14,2;13,9;14,1;13,9;100;98;98;260;4,8;0;
2026/08/02;0400 UTC;0;984,7;984,7;983,7;0;12,6;12,6;14,2;12,4;14,1;12,4;100;97;100;277;12,2;10,3;
2026/08/02;0500 UTC;0;985,4;985,4;984,7;0;13,5;13,5;13,6;12,7;13,6;12,7;100;100;100;267;13,7;4,9;
2026/08/02;0600 UTC;0;985,7;985,7;985,4;0;13,7;13,7;13,8;13,4;13,8;13,4;100;100;100;269;4,9;4,9;
2026/08/02;0700 UTC;0;985,7;985,8;985,7;0;13,6;13,6;13,8;13,6;13,8;13,6;100;100;100;264;5;5;
2026/08/02;0800 UTC;0;985,3;985,8;985,3;0;13,3;13,3;13,6;13,3;13,6;13,3;100;100;100;271;5;5;
2026/08/02;0900 UTC;0;984,8;985,3;984,7;0;13,1;13,1;13,4;13,1;13,4;13,1;100;100;100;271;8,5;5,3;
2026/08/02;1000 UTC;,2;985,7;985,7;984,8;0;12,9;12,9;13,2;12,9;13,2;12,9;100;100;100;290;9;6,4;
2026/08/02;1100 UTC;0;986,5;986,5;985,7;15,5;13;13;13,1;12,9;13,1;12,9;100;100;100;284;6,6;6,6;
2026/08/02;1200 UTC;0;987,5;987,5;986,6;144,5;13,2;13,2;13,3;12,9;13,3;12,9;100;100;100;280;6,6;6,2;
2026/08/02;1300 UTC;0;988,3;988,4;987,5;350,3;13,2;13,2;13,4;13,1;13,4;13,1;100;100;100;285;6;6;
2026/08/02;1400 UTC;0;988;988,5;988;524,8;13,8;13,8;14;13,2;14;13,2;100;100;100;281;6;6;
2026/08/02;1500 UTC;0;987,7;988,1;987,5;540,7;14,9;14;15;13,8;14,4;13,5;100;91;94;284;6;6;
2026/08/02;1600 UTC;0;986,7;987,6;986,7;369,9;15,2;13,8;15,4;14,8;14,3;13,6;96;91;91;280;12,7;8,6;
2026/08/02;1700 UTC;0;985,6;986,6;985,6;478,3;15,8;14,1;15,8;15,1;14,5;13,6;94;87;90;290;11,5;6;
2026/08/02;1800 UTC;0;985,2;985,6;985,1;695,4;16,7;13,5;16,7;15,8;14;13,3;88;81;81;287;6;6;
2026/08/02;1900 UTC;0;985,1;985,3;984,9;642,6;17,1;13,8;17,2;16,7;14,2;13,4;84;78;81;279;6;6;
2026/08/02;2000 UTC;0;985,7;985,7;985;535,1;17;13,8;17,3;17;13,9;13,5;82;79;82;277;6;0;
2026/08/02;2100 UTC;0;985,7;985,9;985,7;189,9;15,8;13,9;17,1;15,8;14,1;13,6;88;80;88;277;0;0;
2026/08/02;2200 UTC;0;986,5;986,5;985,7;,1;14,9;14,2;15,8;14,9;14,3;13,9;96;88;95;277;0;0;
2026/08/02;2300 UTC;0;987,1;987,2;986,5;0;14,9;14,5;15;14,8;14,5;14,1;98;95;98;277;0;0;
2026/08/03;0000 UTC;0;986,6;987,1;986,3;0;14;14;14,9;14;14,5;14;100;98;100;270;2,6;2,6;
2026/08/03;0100 UTC;0;987,1;987,3;986,8;0;13,8;13,8;13,9;13,7;13,9;13,7;100;100;100;263;2,6;2,6;
2026/08/03;0200 UTC;0;987,2;987,4;987,1;0;13,1;13,1;13,7;13,1;13,7;13,1;100;100;100;265;7,7;5,6;
2026/08/03;0300 UTC;0;986,6;987,2;986,5;0;13,1;13,1;13,3;13;13,3;13;100;100;100;295;7,1;5;
2026/08/03;0400 UTC;0;985,8;986,6;985,8;0;13,6;13,5;13,6;13,1;13,6;13,1;100;100;100;309;8,4;6,7;
2026/08/03;0500 UTC;0;985,9;986;985,8;0;13,5;13,4;13,8;13,5;13,6;13,4;99;98;99;294;8,4;4,5;
2026/08/03;0600 UTC;0;986;986;985,8;0;13,3;13,2;13,5;13,3;13,4;13,2;100;99;100;264;9,1;6,4;
2026/08/03;0700 UTC;0;985,7;986,1;985,7;0;13,9;13,6;13,9;13,3;13,6;13,2;100;98;98;276;9,6;4,9;
2026/08/03;0800 UTC;0;985,3;985,8;985,3;0;13,6;13,6;13,9;13,6;13,7;13,6;100;98;100;292;8;5,6;
2026/08/03;0900 UTC;0;985,6;985,6;985,2;0;13,6;13,6;13,7;13,6;13,7;13,6;100;100;100;282;8,6;6,1;
2026/08/03;1000 UTC;0;985,5;985,7;985,3;0;13,8;13,8;13,9;13,6;13,9;13,6;100;100;100;295;9,1;5,5;
2026/08/03;1100 UTC;0;985,1;985,6;985;12,2;14;14;14;13,9;14;13,9;100;100;100;297;6;5,2;
2026/08/03;1200 UTC;0;985,4;985,5;985,1;221,3;14,1;14,1;14,2;13,9;14,2;13,9;100;100;100;293;7,4;4,6;
2026/08/03;1300 UTC;0;985,2;985,4;985,2;518,5;15;15;15;14,1;15;14,1;100;99;100;294;4,6;4,6;
2026/08/03;1400 UTC;0;984,7;985,5;984,6;1168,2;17;15,4;17,1;15;15,8;14,8;99;89;90;282;4,6;4,6;
2026/08/03;1500 UTC;0;984,1;984,9;984,1;1659,7;18,1;16,2;18,9;16,9;16,5;15,3;92;83;89;286;4,6;,3;
2026/08/03;1600 UTC;0;983,2;984,2;983,2;1671;19,9;16,7;20,1;18,1;17,3;15,6;88;80;82;33;5,8;1;
2026/08/03;1700 UTC;0;983,5;983,7;982,7;630,8;19,2;17;20,8;19,2;17,4;16,5;88;79;87;268;7,2;1,8;
2026/08/03;1800 UTC;0;982,6;983,5;982,3;237,7;19,2;17,3;19,4;19;17,5;16,9;90;87;88;136;4,7;1,5;
2026/08/03;1900 UTC;1,8;982,6;983;982,2;46,7;18,1;17,8;19,3;18,1;17,8;17,3;98;88;98;167;3,9;1,3;
2026/08/03;2000 UTC;1,4;982,4;983,3;982,4;3,5;17,8;17,8;18,4;17,8;18;17,7;100;97;100;357;8,2;0;
2026/08/03;2100 UTC;5,2;981,4;982,8;981,1;2,3;18,2;16,6;18,6;17,8;18,3;15,9;100;85;90;316;16;,2;
2026/08/03;2200 UTC;0;981,9;982,1;981,3;0;18,7;17,8;18,7;17,9;17,8;16,4;97;89;94;317;2,9;1;
2026/08/03;2300 UTC;,2;982,7;982,7;981,8;0;18,3;17,8;19,7;18,3;18;17,7;97;89;97;184;7;1,1;
2026/08/04;0000 UTC;,8;982,4;982,8;982,1;0;17,4;17,4;18,3;17,4;17,8;17,4;100;97;100;238;2,5;,5;
2026/08/04;0100 UTC;,2;982,9;982,9;982,3;0;17,6;17,6;17,6;17,4;17,6;17,4;100;100;100;31;3,4;1;
2026/08/04;0200 UTC;0;982,3;982,9;982,3;0;17,4;17,4;18,3;17,4;17,9;17,4;100;97;100;278;3;,1;
2026/08/04;0300 UTC;0;981,9;982,7;981,9;0;17,3;17,3;17,6;17,2;17,6;17,2;100;100;100;278;0;0;
2026/08/04;0400 UTC;0;983,3;983,3;981,4;0;17,3;17,3;17,3;17;17,3;17;100;100;100;286;1,7;,2;
2026/08/04;0500 UTC;8,2;984;985,2;983,1;0;17,7;17,7;17,8;17,4;17,8;17;100;96;100;323;8;2,1;
2026/08/04;0600 UTC;1,6;982,2;983,9;981,7;0;17;17;17,9;16,9;17,8;16,8;100;94;100;279;5,2;0;
2026/08/04;0700 UTC;,2;982,3;982,6;982,1;0;17,2;17,2;17,3;17,1;17,3;17,1;100;100;100;320;4;,4;
2026/08/04;0800 UTC;1,8;983,2;983,2;982;0;17,5;17,4;17,5;17,2;17,5;17,2;100;99;99;298;4,8;1,4;
2026/08/04;0900 UTC;4,2;983,7;983,8;983,2;0;17,7;17,6;17,7;17,4;17,7;17,4;100;99;99;303;6,1;3,5;
2026/08/04;1000 UTC;2,2;985,3;985,3;983,7;0;17,2;17,2;17,7;17,2;17,6;17,2;100;99;100;315;5,9;1,7;
2026/08/04;1100 UTC;4;984,8;985,4;983,5;0;17,4;17,4;17,4;17;17,4;17;100;100;100;284;3,5;0;
2026/08/04;1200 UTC;1,4;984,9;984,9;984,6;43,8;17,7;17,6;17,8;17,4;17,6;17,4;100;98;99;306;8,5;,3;
2026/08/04;1300 UTC;0;985,3;985,4;984,9;373,8;18,2;17,7;18,2;17,6;17,9;17,5;100;97;97;278;5,2;3,4;
2026/08/04;1400 UTC;0;984,6;985,3;984,6;923,5;20,5;16,9;20,5;18,2;17,8;16,6;97;79;80;294;6,7;4,5;
2026/08/04;1500 UTC;0;984;984,6;984;1135;21;18,1;21,1;20,6;18,3;16,6;84;78;83;223;6,1;3,7;
2026/08/04;1600 UTC;0;983,3;984;983,3;1087;20,3;18,3;21,1;20,3;18,7;17,9;90;83;88;198;6,9;3;
2026/08/04;1700 UTC;0;983,1;983,4;983;1101;18,5;17,9;20,9;18,5;18,9;17,9;97;86;97;196;5,8;2,8;
2026/08/04;1800 UTC;0;983;983,1;982,9;1217,5;19,7;18,1;19,9;18,4;18,5;17,7;97;90;90;187;5,4;2,8;
2026/08/04;1900 UTC;0;982,9;983;982,7;594,1;18,5;17,9;19,7;18,5;18,5;17,7;96;90;96;182;5,2;,7;
2026/08/04;2000 UTC;0;983,7;983,7;982,8;209,6;17,5;17,2;18,6;17,5;17,9;17,2;98;95;98;267;2;0;
2026/08/04;2100 UTC;,4;984,1;984,1;983,7;30,5;16,7;16,7;17,5;16,7;17,2;16,7;100;98;100;267;0;0;
2026/08/04;2200 UTC;0;984,2;984,3;984,1;1,5;16,3;16,3;16,8;16,3;16,8;16,3;100;100;100;267;0;0;
2026/08/04;2300 UTC;0;984,6;984,7;984,2;0;15,6;15,6;16,3;15,6;16,3;15,6;100;100;100;267;0;0;
2026/08/05;0000 UTC;0;984,7;984,8;984,6;0;15,1;15,1;15,6;15;15,6;15;100;100;100;259;1,6;1,5;
2026/08/05;0100 UTC;0;984,7;984,9;984,6;0;14,7;14,7;15,1;14,7;15,1;14,7;100;100;100;256;5,2;3,9;
2026/08/05;0200 UTC;0;984,6;984,6;984,4;0;14,6;14,6;14,7;14,6;14,7;14,6;100;100;100;262;3,8;3,1;
2026/08/05;0300 UTC;0;984,3;984,7;984,2;0;14,7;14,7;14,8;14,6;14,8;14,6;100;100;100;260;3,1;3,1;
2026/08/05;0400 UTC;0;984;984,5;984;0;14,9;14,9;14,9;14,7;14,9;14,7;100;100;100;262;3,1;3,1;
2026/08/05;0500 UTC;0;983,6;984,1;983,6;0;14,8;14,8;15;14,8;15;14,8;100;100;100;261;3,1;2,3;
2026/08/05;0600 UTC;0;982,8;983,6;982,8;0;14,5;14,5;14,9;14,5;14,9;14,5;100;100;100;275;2,3;2,3;
2026/08/05;0700 UTC;0;982,5;982,8;982,5;0;14,5;14,5;14,6;14,4;14,6;14,4;100;100;100;270;2,3;2,3;
2026/08/05;0800 UTC;0;982,1;982,5;982;0;14,9;14,9;15;14,6;15;14,6;100;100;100;282;2,3;2,3;
2026/08/05;0900 UTC;0;982,2;982,2;981,9;0;15,3;15,3;15,3;14,7;15,3;14,7;100;100;100;277;2,3;2,3;
2026/08/05;1000 UTC;0;982,6;982,6;982,1;0;15,5;15,5;15,5;15,2;15,5;15,2;100;100;100;275;2,3;2,3;
2026/08/05;1100 UTC;0;982,5;982,7;982,5;22,8;15,6;15,6;15,6;15,5;15,6;15,5;100;100;100;285;2,3;2,3;
2026/08/05;1200 UTC;0;982,1;982,5;981,9;307,8;16,1;16,1;16,1;15,5;16,1;15,5;100;100;100;289;2,3;2,3;
2026/08/05;1300 UTC;0;982,4;982,4;982;943,8;18,4;17,5;18,4;16,1;17,8;16,1;100;95;95;5;2,6;,5;
2026/08/05;1400 UTC;0;982;982,6;982;894,5;19,5;17,9;19,5;18,3;18,3;17,4;96;90;91;11;5,8;,8;
2026/08/05;1500 UTC;0;981,3;982;981,2;1666,5;21,8;18,7;21,8;19,1;19;17,8;93;83;83;3;7,9;2,4;
2026/08/05;1600 UTC;,2;980,6;981,3;980,6;1566,6;21,9;20,4;22,4;21,4;20,4;18,3;91;79;91;346;7,6;3;
2026/08/05;1700 UTC;,2;980,2;980,6;980,1;986,6;21;19,2;22;21;20,2;19;92;85;90;281;6,2;3,7;
2026/08/05;1800 UTC;0;980,2;980,5;980;528,2;20,2;19,1;20,9;20;19,5;19;96;90;94;259;7,2;2,4;
2026/08/05;1900 UTC;0;978,8;980,2;978,8;619,2;18,5;15,6;20,2;18,5;19,1;15,4;94;81;83;219;10,4;6,3;
2026/08/05;2000 UTC;0;979;979;978,5;347,2;18,2;15,3;18,6;18,2;15,9;15,1;87;82;83;224;8,5;2,1;
2026/08/05;2100 UTC;0;979;979,1;978,8;90,9;17,6;15,7;18,2;17,5;15,9;15,2;90;83;89;286;2,6;,2;
2026/08/05;2200 UTC;0;979;979,3;978,8;0;16,9;16;17,6;16,9;16,1;15,7;94;89;94;276;1,1;0;
2026/08/05;2300 UTC;0;979,7;979,7;979,1;0;17,2;15;17,2;16,8;16,2;15;96;87;87;275;,2;0;
2026/08/06;0000 UTC;,2;979,6;979,7;979,5;0;17,1;13,7;18;16,4;15,7;13,6;95;77;80;231;3,9;2,1;
2026/08/06;0100 UTC;0;978,8;979,5;978,8;0;17,2;13,5;18,4;16,9;14;13,2;82;72;79;118;3,5;,7;
2026/08/06;0200 UTC;0;978,4;978,8;978,3;0;15,8;14,7;17,4;15,8;14,7;13,3;93;77;93;328;3;2,7;
2026/08/06;0300 UTC;0;978,3;978,7;978,3;0;16,3;14,9;16,3;15,7;15,5;14,7;97;91;91;278;2,9;2,9;
2026/08/06;0400 UTC;0;978,1;978,3;978,1;0;16,4;14,4;16,7;15,5;15;14;94;85;88;277;2,9;,4;
2026/08/06;0500 UTC;0;977,6;978,1;977,5;0;16;15,7;16,3;15,9;15,7;14,4;99;89;98;278;,4;,4;
2026/08/06;0600 UTC;0;977,1;977,6;977,1;0;16,2;15,7;17;16;15,9;15,5;99;91;97;278;,4;0;
2026/08/06;0700 UTC;0;976,4;977;976,2;0;16,7;15,5;16,7;16,1;15,7;15,4;98;93;93;278;0;0;
2026/08/06;0800 UTC;,4;975,9;976,4;975,8;0;16,1;15,9;16,7;16,1;16,1;15,6;99;93;99;278;0;0;
2026/08/06;0900 UTC;0;975,4;975,9;975,3;0;15,3;15,3;16,1;15,1;16;15,1;100;99;100;270;,4;,3;
2026/08/06;1000 UTC;0;975,4;975,5;975,3;0;15,1;15,1;15,9;15,1;15,9;15,1;100;100;100;282;,8;,8;
2026/08/06;1100 UTC;0;975,5;975,6;975,2;80,4;15,4;15,4;15,4;15,1;15,4;15,1;100;100;100;281;,8;,8;
2026/08/06;1200 UTC;0;975,4;975,6;975,4;517,6;16,8;16,4;16,8;15,3;16,4;15,3;100;97;97;282;,8;,8;
2026/08/06;1300 UTC;0;975,1;975,5;975,1;742,9;16,9;16,7;17,7;16,8;16,8;16,2;98;93;98;280;,8;,8;
2026/08/06;1400 UTC;0;973,8;975,1;973,8;1399,4;19,4;18,1;19,7;16,9;18,3;16,7;99;89;92;6;2,7;1;
2026/08/06;1500 UTC;0;972,1;973,8;972,1;1667,4;21,8;19,3;21,8;19,2;19,6;17,9;93;85;85;16;8,5;5;
2026/08/06;1600 UTC;0;970;972,1;970;1571,8;23;19,2;23,4;21,8;19,8;18,8;87;77;80;11;9,2;6,9;
2026/08/06;1700 UTC;0;968,9;970;968,8;1358,8;24;18,2;24,7;22,9;19,5;18,2;81;69;70;346;11,1;7;
2026/08/06;1800 UTC;0;967,2;968,9;967,2;636;23,6;19,3;23,9;23,3;19,4;18,4;78;71;77;350;12,2;7;
2026/08/06;1900 UTC;0;965,7;967,2;965,7;138,3;22,1;19,3;23,5;22,1;19,3;19;84;76;84;348;12,2;7,5;
2026/08/06;2000 UTC;10,2;967,4;969,1;965,3;12,9;14,2;14,2;22,2;14,2;19,7;14,1;100;71;100;224;19,9;11,1;
2026/08/06;2100 UTC;4,2;966,1;967,6;966,1;0;13,9;13,9;14,2;13,8;14,1;13,8;100;100;100;217;17;7,6;
2026/08/06;2200 UTC;,4;967,1;968,9;966,1;0;13,8;13,8;14;13,8;13,9;13,7;100;99;99;286;7,3;4,1;
2026/08/06;2300 UTC;0;967,9;968;967,1;0;14;14;14,1;13,8;14,1;13,7;100;98;100;280;7,2;4,5;
2026/08/07;0000 UTC;,2;970,2;970,2;967,9;0;14,5;14;14,5;14;14,2;13,9;100;97;97;272;15,9;7,2;
2026/08/07;0100 UTC;,6;971,9;971,9;970,4;1,1;12,5;11,4;14,5;12,5;14;11,1;97;89;93;228;23,4;9;
2026/08/07;0200 UTC;0;972,8;972,8;971,8;0;12,2;10,7;12,5;12,2;11,5;10,3;94;87;90;232;19,6;7,9;
2026/08/07;0300 UTC;0;973,8;973,8;972,7;0;11,7;10,3;12,3;11,7;10,7;10;93;88;91;224;15;8,2;
2026/08/07;0400 UTC;0;974,7;974,7;973,7;0;9,5;8;11,6;9,5;10,2;7,9;92;87;90;226;15,9;8,2;
2026/08/07;0500 UTC;0;975,4;975,4;974,5;0;8,8;7,1;9,5;8,8;8,3;6,6;95;86;89;220;16,1;9,3;
2026/08/07;0600 UTC;0;975,9;975,9;975,3;0;8,5;7,2;8,9;8,2;7,6;6,3;96;84;92;229;14,1;7,2;
2026/08/07;0700 UTC;0;976,5;976,6;975,9;0;7,6;6,9;8,5;7,6;7,4;6,9;98;91;95;218;13,4;7,6;
2026/08/07;0800 UTC;,4;978;978;976,5;0;7,2;6,7;7,7;7,1;7,3;6,6;100;93;97;222;12,7;6,7;
2026/08/07;0900 UTC;0;978,7;978,7;977,9;0;7;6,1;7,3;7;6,8;6,1;97;93;94;226;11,5;6,9;
2026/08/07;1000 UTC;0;980,4;980,4;978,7;0;7;5,4;7,1;6,9;6,1;5,4;94;90;90;227;11,5;5,7;
2026/08/07;1100 UTC;0;981,1;981,1;980,2;53,5;6,5;4,1;7;6,5;5,3;4;89;83;84;228;10,7;4,5;
2026/08/07;1200 UTC;0;981,9;982;981,1;451,7;7,3;4,6;7,3;6,6;5;4;86;82;83;247;8,6;3,7;
2026/08/07;1300 UTC;0;982,5;982,6;981,9;872;7,8;4,2;7,9;7,2;5,2;3,9;85;78;78;232;10,4;4,9;
2026/08/07;1400 UTC;0;982,3;982,6;982,3;1600,3;8,6;3;9,1;7,4;4,4;3;80;68;68;227;12,1;6,7;
2026/08/07;1500 UTC;0;982;982,4;982;2269,1;9,7;3,9;9,7;8,2;4,1;2,8;74;64;67;261;11,8;4,8;
2026/08/07;1600 UTC;0;981,7;981,9;981,7;2586;10,4;2,9;10,6;9,5;4,6;2,7;69;59;59;264;8,2;4,7;
2026/08/07;1700 UTC;0;980,9;981,7;980,9;2175,3;11,5;4,1;11,7;10,2;4,8;2,7;66;57;61;272;9,1;4,8;
2026/08/07;1800 UTC;0;980,5;980,9;980,4;2085,8;11,6;3,6;12,1;10,8;5;2,7;65;56;58;241;7,8;3,6;
2026/08/07;1900 UTC;0;980,1;980,5;979,9;1642,3;11,8;4,3;12,2;11,3;5,1;3,4;63;57;60;269;7,6;3,6;
2026/08/07;2000 UTC;0;980;980,2;979,9;693;11,1;4,5;11,9;11;4,6;3,5;64;58;64;264;7,3;3,6;
2026/08/07;2100 UTC;0;980,1;980,3;980;266,2;9,2;4,6;11,1;9,2;4,8;4,2;73;63;73;276;6;1,9;
2026/08/07;2200 UTC;0;979,9;980,2;979,8;,5;8,5;4;9,2;8,1;4,6;4;78;73;73;267;4,8;2,5;
2026/08/07;2300 UTC;0;979,9;980;979,8;0;8,5;3,7;8,6;8;4,2;3,6;75;72;72;266;4,6;2,2;
2026/08/08;0000 UTC;0;979,7;979,9;979,6;0;6,8;3,6;8,6;6,7;3,9;3,6;81;72;80;316;3,8;2;
2026/08/08;0100 UTC;0;979,6;979,6;979,4;0;7,2;4;7,2;6,6;4,1;3,6;83;80;80;321;2,6;2,1;
2026/08/08;0200 UTC;0;979,1;979,6;979;0;6,9;4,6;7,2;6,8;4,6;4;85;81;85;18;2,3;1,7;
2026/08/08;0300 UTC;0;978,9;979,1;978,9;0;6,8;4,9;7,1;6,6;5;4,6;89;85;87;11;2,4;1,4;
2026/08/08;0400 UTC;0;978,3;978,9;978,3;0;6;4,8;7,2;6;4,9;4,4;92;83;92;26;2,8;2,3;
2026/08/08;0500 UTC;0;978,1;978,4;978;0;5,2;4,6;6;4,9;4,8;4,4;98;91;95;45;3;2,4;
2026/08/08;0600 UTC;0;977,7;978,4;977,7;0;6,1;4;6,2;5,1;4,5;4;95;86;86;6;3,3;2,4;
2026/08/08;0700 UTC;0;977,6;977,8;977,4;0;6,3;4;6,4;5,9;4,2;3,9;88;85;85;353;3,2;2,1;
2026/08/08;0800 UTC;0;977,3;977,6;977;0;5,6;4,3;6,2;5,6;4,4;3,9;91;86;91;20;3,5;1,6;
2026/08/08;0900 UTC;0;977,1;977,4;977;0;6;4,4;6,1;5,5;4,5;4,2;93;88;89;36;3,4;2,6;
2026/08/08;1000 UTC;0;977,3;977,3;977;0;5,3;4,6;6;5,3;4,6;4,4;95;89;95;39;4,3;2,5;
2026/08/08;1100 UTC;0;977,4;977,4;977;50,9;5,6;4,5;5,6;5,5;4,5;4,4;93;93;93;8;4,8;3,5;
2026/08/08;1200 UTC;0;977,4;977,6;976,7;150,7;6,2;5,2;6,2;5,5;5,3;4,6;96;92;93;11;5,4;2,6;
2026/08/08;1300 UTC;0;977,4;977,4;977;385,6;7,4;5,9;7,4;6,3;6,1;4,9;94;90;91;22;5,4;2,2;
2026/08/08;1400 UTC;0;976,5;977,4;976,4;1050,5;9,6;6,7;9,6;7,4;7,2;5,6;91;80;82;350;6,2;4,2;
2026/08/08;1500 UTC;0;976,9;977,2;976,4;1280;11,1;7,4;11,2;9,4;8,1;6,4;85;78;78;305;8,2;6,2;
2026/08/08;1600 UTC;0;975,9;976,9;975,9;2411,3;12,9;6,4;13,4;11,2;7,9;6,4;77;65;65;276;10,5;6,9;
2026/08/08;1700 UTC;0;975,5;975,9;975,3;1781,7;12,3;5,9;13,7;12;7,3;5,6;69;61;65;239;9,5;4,9;
2026/08/08;1800 UTC;0;975,6;975,7;975,4;1563,5;13,2;6,4;13,2;12,3;7,1;6;69;63;63;234;11,3;6,1;
2026/08/08;1900 UTC;0;976,1;976,2;975,5;783,4;12,6;6,2;13,3;12,2;6,8;5,7;69;62;65;221;9,5;6;
2026/08/08;2000 UTC;0;976,8;976,8;976,2;516,9;13;6,4;13,4;12,2;6,7;5,6;67;60;64;223;8,6;5,2;
2026/08/08;2100 UTC;0;977,4;977,4;976,8;256,7;11,7;5,9;13;11,7;6,5;5,4;67;61;67;225;8,9;4,1;
2026/08/08;2200 UTC;0;978,7;978,7;977,4;1,3;10,7;7;11,7;10,7;7;5,8;78;67;78;227;6,7;4,1;
2026/08/08;2300 UTC;0;978,9;978,9;978,8;0;10,5;7,1;10,6;10,5;7,1;7;80;79;80;230;6,6;3,9;
2026/08/09;0000 UTC;0;;;;;;;;;;;;;;228;8,3;5,4;
2026/08/09;0100 UTC;0;;982;981,3;0;;;8,9;7,9;5,9;5,1;83;80;;223;8,4;5,5;
2026/08/09;0200 UTC;0;;983,1;982;0;;;7,9;7,1;5,1;3,7;82;77;;222;8,4;5,4;
2026/08/09;0300 UTC;0;;983,7;983,1;0;;;7,2;6,7;3,8;3;80;77;;219;8,6;6,4;
2026/08/09;0400 UTC;0;;983,6;983,4;0;;;6,8;5,5;3;2,3;81;76;;212;9;6,7;
2026/08/09;0500 UTC;0;;984;983,4;0;;;5,5;5,1;2,3;1,8;81;78;;208;8,4;6,4;
2026/08/09;0600 UTC;0;;984,9;983,9;0;;;5,4;5,1;1,8;1,1;79;74;;211;7,7;5,5;
2026/08/09;0700 UTC;0;;985,5;984,9;0;;;5,7;5,4;1,2;,8;74;71;;225;7,4;4,6;
2026/08/09;0800 UTC;0;;986,5;985,4;0;;;5,8;5,2;1,2;,1;74;69;;240;6,2;2,1;
2026/08/09;0900 UTC;0;;987,2;986,4;0;;;5,6;5;,2;-,1;70;68;;236;4,8;2,6;
2026/08/09;1000 UTC;0;;987,9;987,1;0;;;5,6;5,2;,6;,2;72;68;;259;4,6;1,9;
2026/08/09;1100 UTC;0;;988,5;987,9;57,1;;;5,2;3,1;1,6;,4;89;72;;282;4;1,6;
2026/08/09;1200 UTC;0;;;;;;;;;;;;;;238;3,8;1,9;
2026/08/09;1300 UTC;0;;;;;;;;;;;;;;218;7,6;4,5;
2026/08/09;1400 UTC;0;;;;;;;;;;;;;;209;9,9;6,5;
2026/08/09;1500 UTC;0;;;;;;;;;;;;;;195;10,6;6;
2026/08/09;1600 UTC;0;;;;;;;;;;;;;;202;10,9;6,3;
2026/08/09;1700 UTC;0;;;;;;;;;;;;;;208;10;6;
2026/08/09;1800 UTC;0;988,9;988,9;988,5;2032,3;13;,1;13,3;8,5;1,7;-3,7;47;37;41;224;10;6,1;
2026/08/09;1900 UTC;0;989,1;989,2;988,8;1573,5;13,3;-1,3;13,5;12,9;,7;-1,7;42;35;36;224;9,6;6,1;
2026/08/09;2000 UTC;0;989,8;989,8;989,1;792,2;12,6;-,3;13,2;12,6;,7;-1,4;42;37;41;221;9,7;5,4;
2026/08/09;2100 UTC;0;990,7;990,7;989,8;284,2;10,4;,9;12,6;10,4;1,2;-,8;52;39;52;218;8;3,9;
2026/08/09;2200 UTC;0;991,7;991,7;990,7;1,3;9,9;,7;10,3;9,8;1,1;,2;55;51;53;225;5,2;3,4;
2026/08/09;2300 UTC;0;992,8;992,8;991,7;0;9,4;,9;10,2;9,4;1,4;,5;57;52;55;227;5,7;3,9;
2026/08/10;0000 UTC;0;993,7;993,7;992,8;0;8,9;,9;9,5;8,8;1,1;,6;57;54;57;222;5,9;3,9;
2026/08/10;0100 UTC;0;994,2;994,2;993,8;0;8;1;8,5;8;1,2;,8;61;60;61;221;5,3;3,9;
2026/08/10;0200 UTC;0;995;995;994,2;0;7,1;1,3;8;7,1;1,4;1;67;61;66;211;6,4;4,9;
2026/08/10;0300 UTC;0;995,7;995,7;995;0;5,9;1,2;7,2;5,9;1,4;1,2;72;66;71;206;7,3;5,9;
2026/08/10;0400 UTC;0;996,1;996,2;995,7;0;5;,6;5,9;5;1,2;,6;74;71;73;199;7,8;5,2;
2026/08/10;0500 UTC;0;996,6;996,6;996,1;0;5;,3;5,1;4,6;,7;,3;74;72;72;200;7,4;4,7;
2026/08/10;0600 UTC;0;997,2;997,2;996,6;0;4,2;,3;5;4,2;,5;,3;76;72;76;205;6,8;4,9;
2026/08/10;0700 UTC;0;997,5;997,5;997,2;0;3,8;,7;4,3;3,8;,7;,3;80;75;80;202;6,8;4,7;
2026/08/10;0800 UTC;0;997,7;997,9;997,5;0;3;,8;3,8;3;,9;,6;85;80;85;205;6,1;4,3;
2026/08/10;0900 UTC;0;998,1;998,1;997,7;0;2,9;1,1;3,1;2,9;1,2;,8;88;85;88;198;6,3;4,1;
2026/08/10;1000 UTC;0;998;998,1;997,8;0;3,4;1,4;3,4;2,9;1,4;1,1;88;86;87;195;8;3,5;
2026/08/10;1100 UTC;0;999,4;999,4;998,4;155,2;3,6;1,6;3,6;2,7;1,6;1,3;91;87;87;186;5,3;2,3;
2026/08/10;1200 UTC;0;1001;1001;999,4;681,8;6,2;2,5;6,3;3,7;2,7;1,7;87;77;77;125;4,1;1;
2026/08/10;1300 UTC;0;1001,4;1001,4;1001,1;1362,4;7,6;3,2;7,7;6,2;3,5;2,2;78;71;74;173;6,2;2,6;
2026/08/10;1400 UTC;0;1000,9;1001,5;1000,9;1926,2;8,7;3,1;8,7;7,6;3,9;2,3;75;65;68;172;7,4;4,6;
2026/08/10;1500 UTC;0;1000,4;1001;1000,2;2204,2;10;3,7;10;8,6;3,8;2,4;68;61;65;133;9,2;3,9;
2026/08/10;1600 UTC;0;1000,1;1000,7;1000;2412,2;11,5;1,9;11,5;9,8;4;1,9;66;52;52;156;9,9;4,1;
2026/08/10;1700 UTC;0;999;1000;998,8;2180,1;11,8;2,6;12,1;11,2;3,3;1,4;57;50;53;155;7,9;3,3;
2026/08/10;1800 UTC;0;998,8;999;998,7;1801,5;11,5;2,1;11,8;11,1;3;1,6;57;50;52;157;8,3;3,7;
2026/08/10;1900 UTC;0;998,7;999;998,7;1402,1;11,2;2,1;11,9;11,1;3,6;2;57;52;54;154;7,2;3,5;
2026/08/10;2000 UTC;0;999,2;999,2;998,7;601,7;9,8;4,1;11;9,8;4,1;2,2;67;55;67;130;6,6;3,3;
2026/08/10;2100 UTC;0;1000;1000;999,2;151,9;8;3,2;9,8;8;3,8;3,2;73;66;72;127;6,6;3,2;
2026/08/10;2200 UTC;0;1000,7;1000,7;1000,1;,1;7,3;2,3;8;7,2;3,3;2,2;73;70;71;136;6;3,1;
2026/08/10;2300 UTC;0;1001;1001,3;1000,7;0;6,8;2,6;7,3;6,8;2,6;2,3;75;71;75;131;6;2,8;
2026/08/11;0000 UTC;0;1000,8;1001,3;1000,8;0;6,3;3,3;6,8;6,3;3,4;2,7;81;75;81;135;6,4;3,3;
2026/08/11;0100 UTC;0;1000,9;1000,9;1000,7;0;5,8;3;6,3;5,8;3,4;3;83;81;82;128;7;4;
2026/08/11;0200 UTC;0;1000,5;1000,9;1000,5;0;4,9;3,1;5,8;4,9;3,1;2,9;89;82;89;137;6,9;2,8;
2026/08/11;0300 UTC;0;1000,5;1000,8;1000,4;0;4,1;3,1;5;4;3,2;3;94;88;94;147;6,7;2,5;
2026/08/11;0400 UTC;0;1000,3;1000,4;1000,2;0;3,9;2,6;4,1;3,8;3,3;2,6;95;91;91;142;5,2;2,5;
2026/08/11;0500 UTC;0;1000,1;1000,4;1000,1;0;3,6;2,3;4;3,5;2,8;2,3;94;91;91;145;5;2,2;
2026/08/11;0600 UTC;0;999,4;1000,1;999,4;0;4,5;2,9;4,5;3,6;2,9;2,3;92;88;89;143;5,7;2,6;
2026/08/11;0700 UTC;0;999;999,5;999;0;4,6;3;4,7;4,4;3,1;2,8;90;89;89;141;5,3;2,7;
2026/08/11;0800 UTC;0;998,5;999,1;998,5;0;3,7;2,9;4,6;3,6;3;2,8;95;89;95;143;4,9;2,1;
2026/08/11;0900 UTC;0;998,8;998,8;998,4;0;4,2;3,5;4,2;3,7;3,5;2,9;96;95;95;146;4,7;2,3;
2026/08/11;1000 UTC;0;999;999;998,8;0;5,3;4,2;5,3;4,7;4,2;3,6;93;92;93;132;5,9;3,4;
2026/08/11;1100 UTC;0;999,1;999,1;999;111,5;5,3;4,4;5,4;5;4,5;4,2;95;93;94;142;6,4;2,6;
2026/08/11;1200 UTC;0;999;999,2;998,7;719,1;7,4;5;7,4;5,3;5,2;4,4;94;84;85;136;8,2;3,3;
2026/08/11;1300 UTC;0;999,3;999,3;998,9;1417,3;9,2;5,2;9,2;7,4;5,6;4,9;85;76;76;121;9,1;6;
2026/08/11;1400 UTC;0;998,6;999,3;998,5;1607,3;9,9;5,5;10,3;9;6;5;80;70;74;112;9;5,9;
2026/08/11;1500 UTC;0;998;998,6;998;1967;10,6;5,6;11,5;9,8;6;5,1;77;68;71;118;10,2;5,7;
2026/08/11;1600 UTC;0;997,2;998;997,2;2221,8;11,8;5,9;13,2;10,5;6,5;5,4;73;61;67;111;9,9;5,6;
2026/08/11;1700 UTC;0;995,9;997,2;995,9;2131,4;13,1;5,4;13,3;11,9;6,4;5,3;67;58;60;95;9,8;5,1;
2026/08/11;1800 UTC;0;995,1;995,8;995,1;1927,7;13;6,1;13,9;13;6,3;5,4;63;58;63;115;9,7;5;
2026/08/11;1900 UTC;0;994,6;995,2;994,6;846,8;12,5;5,9;13,4;12,5;6,3;5,4;64;60;64;116;9;5,4;
2026/08/11;2000 UTC;0;994,2;994,6;994,2;375,2;12,3;6,1;12,6;12,3;6,3;5,9;66;64;66;111;8,7;5,5;
2026/08/11;2100 UTC;0;994,5;994,5;994,2;98,9;11,3;7;12,3;11,3;7;6,1;75;66;75;122;9,6;4,6;
2026/08/11;2200 UTC;0;;;;;;;;;;;;;75;127;9;4,9;
2026/08/11;2300 UTC;0;994,5;;;;11,3;7;;;;;;;75;126;10,4;4,8;
2026/08/12;0000 UTC;0;994,5;;;;11,3;7;;;;;;;75;115;9,6;5,5;
2026/08/12;0100 UTC;0;993,9;994,5;993,9;0;9,2;7,8;9,5;9,2;7,8;7,4;91;87;91;121;10;5,7;
2026/08/12;0200 UTC;0;993,5;993,9;993,3;0;9,1;7,8;9,2;9,1;8;7,8;92;91;92;110;9,8;5,1;
2026/08/12;0300 UTC;0;993;993,7;993;0;9,1;7,9;9,2;9,1;7,9;7,8;92;91;92;109;9;5,3;
2026/08/12;0400 UTC;0;992,5;992,9;992,4;0;9,1;7,9;9,1;9;7,9;7,8;93;92;92;115;8,8;4,9;
2026/08/12;0500 UTC;0;991,7;992,5;991,7;0;9,1;8,1;9,2;9,1;8,1;7,9;93;92;93;111;8,6;4,6;
2026/08/12;0600 UTC;0;991,4;991,7;991,2;0;9,2;8,2;9,2;9,1;8,3;8;94;93;93;103;7,4;3,5;
2026/08/12;0700 UTC;0;990,7;991,4;990,6;0;9,1;8,3;9,2;9,1;8,4;8,2;95;93;95;134;6,3;3,1;
2026/08/12;0800 UTC;0;989,7;990,6;989,3;0;9,2;7,9;9,2;9,1;8,4;7,9;95;92;92;120;7,9;4,7;
2026/08/12;0900 UTC;0;989,3;989,8;989,1;0;9,3;7,9;9,3;9,2;8;7,9;92;91;91;123;8,3;4,6;
2026/08/12;1000 UTC;0;989,6;989,7;989,2;0;9,3;8,3;9,4;9,3;8,3;7,9;94;91;94;128;7,6;3,8;
2026/08/12;1100 UTC;0;989,5;989,6;989,2;9,2;9,2;8,3;9,3;9,2;8,4;8,2;94;93;94;130;7,4;4,2;
2026/08/12;1200 UTC;0;989,1;989,5;988,9;51,7;9,2;8,5;9,2;9,1;8,6;8,2;97;94;96;123;8,6;4,6;
2026/08/12;1300 UTC;0;988,5;989,1;988,5;145,8;9,9;9;10;9,2;9;8,5;96;94;94;121;8,6;3,9;
2026/08/12;1400 UTC;0;988;988,5;988;271;10,3;10,1;10,3;10;10,1;9;99;94;99;158;7,3;2,1;
2026/08/12;1500 UTC;,4;987,3;988;987,3;372,4;10,7;10,7;10,8;10,3;10,8;10,2;100;99;100;172;4,8;2,1;
2026/08/12;1600 UTC;1,2;986,5;987,3;986,5;264,9;11;11;11;10,8;11;10,8;100;100;100;205;5,5;3,3;
2026/08/12;1700 UTC;2,8;985,9;986,4;985,9;282,5;11,3;11,3;11,3;11,1;11,3;11,1;100;100;100;223;5,9;3,3;
2026/08/12;1800 UTC;2,4;985,2;985,9;985,1;323,2;11,4;11,4;11,5;11,3;11,5;11,3;100;100;100;229;8,2;4,3;
2026/08/12;1900 UTC;1;984,6;985,1;984,5;188,7;11,5;11,5;11,5;11,4;11,5;11,4;100;100;100;201;6,9;3,2;
2026/08/12;2000 UTC;,6;984,3;984,7;984,1;124,4;11;11;11,5;11;11,5;11;100;100;100;230;7;3,8;
2026/08/12;2100 UTC;,2;984,1;984,5;983,5;15,8;10,6;10,6;10,8;10,6;10,8;10,6;100;100;100;199;7;3,5;
2026/08/12;2200 UTC;,6;984,7;985,1;984,1;0;10,2;10,2;10,6;10,2;10,6;10,2;100;100;100;207;7,7;3,8;
2026/08/12;2300 UTC;,8;985,5;985,5;984,5;0;10,1;10,1;10,2;10,1;10,2;10,1;100;100;100;197;8,6;3,6;
2026/08/13;0000 UTC;,6;986;986,3;985,3;0;10;10;10,2;10;10,2;10;100;100;100;200;8;3,5;
2026/08/13;0100 UTC;,6;986,1;986,4;985,3;0;10;10;10,1;10;10,1;10;100;100;100;199;6,5;3,5;
2026/08/13;0200 UTC;,8;986,2;986,8;985,9;0;9,9;9,9;10,1;9,9;10,1;9,9;100;100;100;204;6,8;3,6;
2026/08/13;0300 UTC;,4;986,9;986,9;986;0;10;10;10;9,9;10;9,9;100;100;100;176;7,1;3,7;
2026/08/13;0400 UTC;,4;986,3;986,8;986,2;0;9,9;9,9;9,9;9,8;9,9;9,8;100;100;100;194;7,9;3,6;
2026/08/13;0500 UTC;,2;986,1;986,8;986;0;9,7;9,7;9,9;9,7;9,9;9,7;100;100;100;184;8,1;3,2;
2026/08/13;0600 UTC;,6;986,4;986,9;986,1;0;9,3;9,3;9,7;9,3;9,7;9,3;100;100;100;179;9,5;2,5;
2026/08/13;0700 UTC;,6;986;986,5;985,8;0;8,9;8,9;9,3;8,9;9,3;8,9;100;100;100;172;5,8;,7;
2026/08/13;0800 UTC;,4;985,8;986,2;985,6;0;8,6;8,6;9;8,5;9;8,5;100;100;100;157;8,5;,5;
2026/08/13;0900 UTC;,6;986,4;986,5;985,9;0;8,3;8,3;8,7;8,3;8,7;8,3;100;100;100;157;6,2;2;
2026/08/13;1000 UTC;0;987;987,1;986,4;0;8,4;8,3;8,5;8,3;8,3;8,2;100;99;99;146;6,4;2,8;
2026/08/13;1100 UTC;,2;987,4;987,5;987,1;5,3;8,3;8,3;8,5;8,3;8,5;8,3;100;99;100;158;7,7;,6;
2026/08/13;1200 UTC;,4;988,4;988,4;987,5;60,2;8,7;8,7;8,7;8,3;8,7;8,3;100;100;100;147;5,7;,6;
2026/08/13;1300 UTC;1;989;989,1;988,4;100,9;9,1;9,1;9,1;8,7;9,1;8,7;100;100;100;150;3,9;,7;
2026/08/13;1400 UTC;,2;989;989,1;988,2;212,1;9,4;9,4;9,4;9,1;9,4;9,1;100;100;100;196;5,3;1,5;
2026/08/13;1500 UTC;0;989,5;989,5;988,5;239,6;9,6;9,6;9,6;9,3;9,6;9,3;100;99;100;204;6,3;2,8;
2026/08/13;1600 UTC;,2;989;989,7;989;171,1;9,8;9,7;9,8;9,6;9,8;9,6;100;99;99;172;6,9;3;
2026/08/13;1700 UTC;,2;988,5;989;988,3;284,4;9,6;9,6;9,8;9,6;9,8;9,6;100;100;100;201;6,9;3;
2026/08/13;1800 UTC;,8;988,8;988,8;988,4;187,1;9,3;9,3;9,7;9,3;9,7;9,3;100;100;100;165;6,4;,4;
2026/08/13;1900 UTC;1,4;989,1;989,1;988,7;192,3;9,2;9,2;9,5;9,2;9,5;9,2;100;100;100;169;5,9;,4;
2026/08/13;2000 UTC;1;989,5;989,5;989;100,5;9,5;9,5;9,6;9,2;9,6;9,2;100;100;100;204;6,6;1,8;
2026/08/13;2100 UTC;,4;990;990,2;989,5;42,5;9,4;9,4;9,5;9,4;9,5;9,4;100;100;100;184;7,1;1,1;
2026/08/13;2200 UTC;0;990,6;990,7;989,9;,4;9,4;9,4;9,5;9,4;9,5;9,3;100;99;100;179;7,1;3;
2026/08/13;2300 UTC;0;991,6;991,6;990,6;0;8,6;7,9;9,4;8,5;9,4;7,8;100;95;96;161;7;3,2;
2026/08/14;0000 UTC;0;991,6;991,8;991,6;0;8,1;7,5;8,6;8,1;7,9;7,3;96;93;96;151;8,3;2,8;
2026/08/14;0100 UTC;0;991,6;991,9;991,6;0;8,2;8;8,2;8,1;8;7,6;99;96;99;148;7,1;,7;
2026/08/14;0200 UTC;0;991,3;991,6;991,3;0;8,5;8,5;8,5;8,2;8,5;8,1;100;99;100;154;6,4;2,5;
2026/08/14;0300 UTC;0;991,6;991,6;991,2;0;9;9;9;8,5;9;8,5;100;100;100;161;6;,8;
2026/08/14;0400 UTC;0;991,3;991,7;991,3;0;9,1;9,1;9,1;9;9,1;9;100;100;100;170;5,2;1,4;
2026/08/14;0500 UTC;0;991,3;991,4;991,1;0;9,1;9,1;9,2;9,1;9,2;9,1;100;100;100;194;5,4;,9;
2026/08/14;0600 UTC;0;990,6;991,3;990,6;0;9,2;9,2;9,2;9,1;9,2;9,1;100;100;100;184;5,7;1,9;
2026/08/14;0700 UTC;0;990,6;990,7;990,5;0;9,5;9,5;9,5;9,2;9,5;9,2;100;100;100;189;7;1,2;
2026/08/14;0800 UTC;0;990,6;990,7;990,6;0;9,8;9,8;9,8;9,4;9,8;9,4;100;100;100;207;4,8;2,7;
2026/08/14;0900 UTC;0;991;991;990,7;0;10,1;10,1;10,1;9,8;10,1;9,8;100;100;100;211;4,8;2,2;
2026/08/14;1000 UTC;,2;991,1;991,1;991;0;10,3;10,3;10,3;10,1;10,3;10,1;100;100;100;196;5,5;1,4;
2026/08/14;1100 UTC;0;991,5;991,5;991;34,9;10,7;10,7;10,7;10,3;10,7;10,3;100;100;100;218;5,6;2,9;
2026/08/14;1200 UTC;0;992;992;991,5;243,4;11,3;11,3;11,3;10,7;11,3;10,7;100;100;100;227;6,4;3,4;
2026/08/14;1300 UTC;0;991,9;992,1;991,8;695,6;12,2;12,1;12,2;11,3;12,2;11,3;100;100;100;208;6,6;2,9;
2026/08/14;1400 UTC;0;992,2;992,5;991,8;934;13,9;12,1;13,9;12,3;12,3;11,7;99;89;89;263;6,6;3,5;
2026/08/14;1500 UTC;0;991,7;992,4;991,7;1294,9;14;11,7;14,3;13,8;12,5;11,6;90;85;86;247;6,5;2,8;
2026/08/14;1600 UTC;0;991;991,8;991;900,7;14,3;11,6;14,5;14;12;11,4;87;83;84;257;5,1;2,3;
2026/08/14;1700 UTC;0;990,2;991,1;990,2;789,1;14,7;12;14,8;14,2;12,1;11,4;85;82;84;271;4,4;1,9;
2026/08/14;1800 UTC;0;989,7;990,2;989,6;562,1;14,6;12,5;14,8;13,9;13;12;94;84;87;263;4,4;2,5;
2026/08/14;1900 UTC;0;989,5;989,7;989,4;531,1;14,5;12,6;14,5;13,9;13,1;12,5;94;88;88;271;5,8;2,5;
2026/08/14;2000 UTC;0;989,2;989,6;989,2;286,3;14,3;12,2;14,6;14,3;12,9;11,9;89;85;87;276;3,4;2,1;
2026/08/14;2100 UTC;0;988,9;989,3;988,9;94;13,6;12;14,3;13,6;12,3;11,7;90;86;90;269;5,8;3,3;
2026/08/14;2200 UTC;0;989,1;989,3;988,9;,9;13,2;11,8;13,6;13,2;12;11,8;91;90;91;260;7,7;4,9;
2026/08/14;2300 UTC;0;989,4;989,5;989,1;0;13,1;11,7;13,2;13;11,8;11,6;92;91;91;268;7,9;4;
2026/08/15;0000 UTC;0;989,6;989,6;989,3;0;13,2;11,6;13,3;13;11,8;11,5;92;89;90;267;8;4,2;
2026/08/15;0100 UTC;0;989,7;989,8;989,4;0;13,2;11,8;13,3;13,1;11,8;11,5;91;90;91;269;7,6;4,1;
2026/08/15;0200 UTC;0;990;990;989,6;0;13,1;11,9;13,2;13;11,9;11,7;93;91;93;259;7,6;5,7;
2026/08/15;0300 UTC;0;989,9;990,2;989,9;0;13,2;12,1;13,2;13,1;12,1;11,9;93;93;93;272;8,2;4,5;
2026/08/15;0400 UTC;0;989,2;990;989,2;0;13,3;12,2;13,3;13,2;12,2;12;93;92;93;273;8,2;4,3;
2026/08/15;0500 UTC;0;988,6;989,2;988,6;0;13,4;12,3;13,4;13,3;12,3;12,2;93;93;93;269;7,9;5,1;
2026/08/15;0600 UTC;0;988,5;988,6;988,4;0;13,5;12,3;13,5;13,3;12,4;12,3;94;92;93;277;8,1;4,7;
2026/08/15;0700 UTC;0;987,6;988,6;987,6;0;13,5;12,5;13,6;13,5;12,5;12,3;94;93;94;279;7;4;
2026/08/15;0800 UTC;0;986,7;987,6;986,7;0;13,4;12,8;13,5;13,4;12,8;12,5;96;94;96;296;7,8;3,7;
2026/08/15;0900 UTC;0;986,9;986,9;986,5;0;13,6;12,9;13,6;13,4;13;12,7;96;96;96;285;7,2;4,1;
2026/08/15;1000 UTC;0;987,3;987,3;986,9;0;13,7;13,1;13,7;13,6;13,1;12,9;96;96;96;279;8,5;5,1;
2026/08/15;1100 UTC;0;987,6;987,7;987,2;15,5;13,8;13,3;13,8;13,7;13,3;13,1;97;96;97;278;9,7;4,6;
2026/08/15;1200 UTC;0;987,7;987,8;987,5;109;14,3;13,6;14,3;13,8;13,6;13,3;97;96;96;280;9,8;6,1;
2026/08/15;1300 UTC;0;987,6;987,7;987,5;327,9;15,2;14,2;15,2;14,3;14,2;13,6;96;93;93;284;4,6;2,9;
2026/08/15;1400 UTC;0;987,3;987,6;987,1;830,5;16,7;14,6;16,8;15,3;14,6;14,1;93;86;87;290;2,9;2,9;
2026/08/15;1500 UTC;0;986,6;987,3;986,6;1210;18,1;14,9;18,2;16,8;14,9;14,4;88;81;82;287;2,9;0;
2026/08/15;1600 UTC;0;985,7;986,6;985,7;929,1;18,4;15,2;18,7;17,9;15,4;14,6;83;79;81;41;2,5;,4;
2026/08/15;1700 UTC;0;984,5;985,6;984,4;1059;18,6;15,2;19,3;18,5;15,8;15;82;78;81;284;2,5;0;
2026/08/15;1800 UTC;0;983,4;984,5;983,3;1362,8;20,1;15,7;20,2;18,6;16,2;15,2;82;76;76;71;8,7;,6;
2026/08/15;1900 UTC;0;982,6;983,4;982,6;950,1;19,5;15,9;20,4;19,2;16,2;15,5;82;75;80;44;9;,7;
2026/08/15;2000 UTC;0;982,5;982,7;982,5;388,7;18,8;16,1;19,6;18,7;16,1;15,7;84;79;84;290;7,5;,1;
2026/08/15;2100 UTC;0;982,3;982,5;982,3;103,4;18;15,9;18,7;18;16,2;15,9;88;84;88;52;2,7;,7;
2026/08/15;2200 UTC;0;982,7;982,7;982,3;,9;17,1;15,6;18;17,1;16;15,6;91;88;91;279;2,2;0;
2026/08/15;2300 UTC;0;982,7;982,9;982,6;0;16,5;15,5;17;16,4;15,6;15,5;94;92;94;279;0;0;
2026/08/16;0000 UTC;0;983;983,1;982,6;0;16,3;15,7;16,6;16,2;15,8;15,6;96;94;96;279;0;0;
2026/08/16;0100 UTC;0;982,9;983;982,6;0;16,4;15,9;16,5;16,2;15,9;15,7;97;95;96;279;0;0;
2026/08/16;0200 UTC;0;982,6;983;982,5;0;16,4;15,9;16,5;16,3;16;15,8;98;96;97;279;0;0;
2026/08/16;0300 UTC;0;982,7;983;982,6;0;16,4;16;16,5;16,4;16,1;15,9;98;97;98;279;0;0;
2026/08/16;0400 UTC;0;982,6;982,9;982,6;0;16,5;16,1;16,6;16,4;16,2;16;98;97;98;279;0;0;
2026/08/16;0500 UTC;0;982,3;982,6;982,2;0;16,5;16,2;16,5;16,3;16,2;16,1;98;98;98;279;0;0;
2026/08/16;0600 UTC;0;981,4;982,3;981,4;0;16,6;16,1;16,7;16,5;16,2;16,1;98;97;97;279;0;0;
2026/08/16;0700 UTC;0;980,3;981,4;980,3;0;16,4;16,1;16,7;16,3;16,2;16,1;99;97;99;279;0;0;
2026/08/16;0800 UTC;27;979,9;981,2;979,9;0;16,5;16,5;16,7;16,2;16,7;16,1;100;99;100;43;9,2;2,1;
2026/08/16;0900 UTC;13,4;979,6;980,8;979,1;0;18,1;18,1;18,1;16,5;18,1;16,5;100;100;100;57;7,8;1;
2026/08/16;1000 UTC;1;980,8;980,9;979,8;0;17,1;17,1;18,2;17,1;18,2;17,1;100;100;100;271;4,3;0;
2026/08/16;1100 UTC;,4;981,1;981,1;980,5;4,2;16,5;16,5;17,1;16,4;17,1;16,4;100;100;100;271;0;0;
2026/08/16;1200 UTC;12,8;981,2;982,3;980,1;1,2;17,2;17,2;17,4;16,5;17,4;16,5;100;100;100;34;7,1;,6;
2026/08/16;1300 UTC;2,8;981,3;981,8;980,9;13,2;17,5;17,5;17,5;17,2;17,5;17,2;100;100;100;355;2,6;,5;
2026/08/16;1400 UTC;4,2;981,7;982,4;981,3;23,8;17,5;17,5;17,7;17,5;17,7;17,5;100;100;100;16;9,6;,4;
2026/08/16;1500 UTC;3;982,1;982,1;980,5;95,4;17,5;17,5;17,5;17,4;17,5;17,4;100;100;100;356;,4;0;
2026/08/16;1600 UTC;15,6;980,8;982,6;980,6;35;17,8;17,8;17,9;17,5;17,9;17,5;100;100;100;330;9,5;,6;
2026/08/16;1700 UTC;2,2;979,1;981,1;979,1;205,2;18,1;18,1;18,1;17,7;18,1;17,7;100;100;100;298;8,1;0;
2026/08/16;1800 UTC;1,4;978,6;979,5;978,4;333,4;17,6;17,6;18,2;17,6;18,2;17,6;100;100;100;284;11,6;0;
2026/08/16;1900 UTC;2,4;978,7;979,1;978,1;240,4;17,5;17,5;17,8;17,5;17,8;17,5;100;100;100;306;12;0;
2026/08/16;2000 UTC;1,8;978,9;979;978,3;188,9;17,7;17,6;17,9;17,5;17,6;17,5;100;98;99;306;7,8;,5;
2026/08/16;2100 UTC;,4;979;979;978,5;155,7;17,6;17,5;17,7;17,5;17,6;17,5;100;99;99;21;9,6;,2;
2026/08/16;2200 UTC;0;979,3;979,4;979;2,1;17,6;17,5;17,6;17,5;17,6;17,5;100;99;100;4;2,9;,4;
2026/08/16;2300 UTC;0;979,1;979,4;979,1;0;17,7;17,6;17,7;17,5;17,6;17,5;100;100;100;33;2,5;,4;
2026/08/17;0000 UTC;0;979,2;979,3;979,1;0;17,7;17,7;17,7;17,6;17,7;17,6;100;100;100;13;6,9;1,5;
2026/08/17;0100 UTC;0;979,6;979,6;979,3;0;17,8;17,6;17,8;17,7;17,8;17,6;100;99;99;25;2,6;,4;
2026/08/17;0200 UTC;0;979,9;979,9;979,4;0;17,9;17,6;17,9;17,8;17,7;17,6;99;98;98;22;7,2;1,5;
2026/08/17;0300 UTC;0;980,3;980,3;979,9;0;18;17,5;18,1;17,9;17,6;17,5;98;97;97;35;4,5;2,2;
2026/08/17;0400 UTC;0;980,5;980,5;979,8;0;18,1;17,6;18,2;18;17,6;17,5;97;96;97;13;3,6;2,7;
2026/08/17;0500 UTC;,8;981,8;982,1;980;0;18;17,6;18,3;17,4;17,8;17,4;100;97;97;317;8,5;4,3;
2026/08/17;0600 UTC;0;980,2;981,8;979,8;0;17,4;17,4;17,9;17,3;17,6;17,3;100;98;100;274;7,8;,3;
2026/08/17;0700 UTC;0;978;980,2;978;0;17;17;17,5;17;17,5;17;100;100;100;273;1,8;,2;
2026/08/17;0800 UTC;,4;978,1;978,5;977,8;0;17,2;17,2;17,2;16,9;17,2;16,9;100;100;100;278;2,2;,1;
2026/08/17;0900 UTC;1;979,4;979,4;977,9;0;17,9;17,9;18;17,2;18;17,2;100;100;100;121;5,9;2,1;
2026/08/17;1000 UTC;,4;981,9;982;979,4;,1;17,1;17,1;18;16,9;18;16,9;100;100;100;261;5,9;0;
2026/08/17;1100 UTC;2,8;982,2;982,3;981,1;,6;17,1;17,1;17,2;17,1;17,2;17,1;100;100;100;260;2,2;0;
2026/08/17;1200 UTC;1,4;982;982,6;981,8;21,1;17;17;17,1;17;17,1;17;100;100;100;260;0;0;
2026/08/17;1300 UTC;,2;982,3;982,3;981,9;163,6;17,3;17,3;17,3;17;17,3;17;100;100;100;269;,7;,1;
2026/08/17;1400 UTC;1,2;983,5;983,5;982,1;117,7;17,5;17,5;17,6;17,3;17,6;17,3;100;100;100;109;5;2,9;
2026/08/17;1500 UTC;4;982,4;983,9;982,3;75,7;17,5;17,5;17,6;17,5;17,6;17,5;100;100;100;97;7,4;2,5;
2026/08/17;1600 UTC;3,2;980,6;982,5;980,6;37,4;17,4;17,4;17,6;17,4;17,6;17,4;100;100;100;93;9,1;3,5;
2026/08/17;1700 UTC;2;980,7;981;980,5;74,8;17,4;17,4;17,5;17,3;17,5;17,3;100;100;100;91;7,2;2;
2026/08/17;1800 UTC;2,2;980,1;980,7;980,1;139,1;17,4;17,4;17,5;17,4;17,5;17,4;100;100;100;58;2,6;,4;
2026/08/17;1900 UTC;0;980,1;980,2;980;242;17,9;17,9;17,9;17,4;17,9;17,4;100;100;100;47;8,4;,3;
2026/08/17;2000 UTC;,2;979,6;980,1;979,6;184,8;17,9;17,8;17,9;17,7;17,8;17,6;100;99;99;48;10;6,4;
2026/08/17;2100 UTC;0;980,5;980,5;979,6;47,8;18;17,6;18;17,9;17,7;17,6;99;97;97;40;9,1;4,7;
2026/08/17;2200 UTC;0;982;982,2;980,5;,3;17,9;17,4;18,2;17,9;17,6;17,4;98;96;97;128;8,8;2,5;
2026/08/17;2300 UTC;0;982,6;982,7;982;0;14,7;14,7;18;14,7;17,6;14,7;100;97;100;256;4,8;1,3;
2026/08/18;0000 UTC;0;982,7;982,7;982,2;0;13,8;13,8;14,6;13,8;14,6;13,8;100;100;100;176;7,3;3,2;
2026/08/18;0100 UTC;0;982,3;982,5;981,9;0;14,6;14,6;14,6;13,9;14,6;13,9;100;100;100;260;5,2;3,2;
2026/08/18;0200 UTC;,6;982,4;983,1;981,8;0;14,5;14,5;14,8;14,3;14,8;14,3;100;100;100;256;7,9;5,1;
2026/08/18;0300 UTC;18,4;983,4;983,7;981,1;0;15,3;15,3;15,5;14,4;15,5;14,4;100;100;100;203;5,5;0;
2026/08/18;0400 UTC;8,2;982,6;984;982,6;0;15,8;15,8;15,9;15,4;15,9;15,4;100;100;100;91;2;0;
2026/08/18;0500 UTC;4;982,4;983,1;982,1;0;16,2;16,2;16,2;15,8;16,2;15,8;100;100;100;265;1,7;0;
2026/08/18;0600 UTC;,8;981,8;982,4;981,4;0;16;16;16,3;16;16,3;16;100;100;100;278;1,4;,1;
2026/08/18;0700 UTC;,4;981,3;982,2;981,2;0;16,1;16,1;16,1;16;16,1;16;100;100;100;277;0;0;
2026/08/18;0800 UTC;1;980,6;981,5;980,5;0;16,8;16,8;16,8;16,1;16,8;16,1;100;100;100;77;2,4;,7;
2026/08/18;0900 UTC;,8;982,7;982,9;980,6;0;16,6;16,6;16,9;16,6;16,9;16,6;100;100;100;276;2,7;0;
2026/08/18;1000 UTC;3,2;983,3;983,8;982,3;0;15,2;15,2;16,7;15,2;16,7;15,2;100;100;100;276;0;0;
2026/08/18;1100 UTC;,4;983,7;984,1;983,2;7,2;15,7;15,7;15,8;15,1;15,8;15,1;100;100;100;276;0;0;
2026/08/18;1200 UTC;0;985,1;985,1;983,3;75;15,7;15,7;15,9;15,6;15,9;15,6;100;100;100;276;0;0;
2026/08/18;1300 UTC;7,2;985;985,6;984,1;68,5;15,4;15,4;15,7;15,4;15,7;15,4;100;100;100;276;0;0;
2026/08/18;1400 UTC;2,8;984,8;985,7;984,2;113,7;15,6;15,6;15,6;15,4;15,6;15,4;100;100;100;276;0;0;
2026/08/18;1500 UTC;,4;985;985,5;984,4;247,9;16;16;16,1;15,6;16,1;15,6;100;100;100;276;0;0;
2026/08/18;1600 UTC;3,2;985,3;986;984,3;289,1;14,6;14,6;15,9;14,3;15,9;14,3;100;100;100;263;1,3;,6;
2026/08/18;1700 UTC;,6;984,1;985,7;983,8;556,7;14,4;14,4;15;14,3;15;14,3;100;100;100;254;,6;,6;
2026/08/18;1800 UTC;0;984;984,3;983,8;501,5;14,7;14,7;14,8;14,3;14,8;14,3;100;100;100;258;,6;,6;
2026/08/18;1900 UTC;,2;984,5;984,7;983,9;199,8;13,4;13,4;14,8;13,4;14,8;13,4;100;100;100;241;,6;,6;
2026/08/18;2000 UTC;1;986,6;986,6;984,2;76,8;13;13;13,5;13;13,5;13;100;100;100;251;10,2;6,1;
2026/08/18;2100 UTC;7,6;985,9;986,7;985,5;16,4;12,3;12,3;12,9;12,3;12,9;12,3;100;100;100;240;11,4;7,6;
2026/08/18;2200 UTC;,2;986,1;986,4;984,8;,1;11,8;11,8;12,3;11,8;12,3;11,8;100;100;100;235;9,1;6;
2026/08/18;2300 UTC;0;986,3;986,5;986,1;0;11,8;11,8;11,9;11,8;11,9;11,8;100;100;100;227;8,9;6,8;
2026/08/19;0000 UTC;0;988,1;988,1;986,2;0;11,7;11,7;11,9;11,7;11,9;11,7;100;100;100;241;9,1;7,1;
2026/08/19;0100 UTC;0;987,1;988,1;986,7;0;11,7;11,7;11,7;11,6;11,7;11,6;100;100;100;234;8,6;5,2;
2026/08/19;0200 UTC;0;988;988;987,1;0;11,7;11,7;11,9;11,7;11,9;11,7;100;100;100;224;8,6;4,4;
2026/08/19;0300 UTC;,2;988;988,3;987,7;0;11,6;11,6;11,8;11,6;11,8;11,6;100;100;100;212;7,8;4;
2026/08/19;0400 UTC;0;988,2;988,2;987,8;0;11,6;11,6;11,7;11,6;11,7;11,6;100;100;100;240;7,8;5,2;
2026/08/19;0500 UTC;0;987,9;988,3;987,8;0;11,1;11,1;11,6;11,1;11,6;11,1;100;100;100;231;7,9;4,6;
2026/08/19;0600 UTC;0;987,7;987,9;987,3;0;10,9;10,9;11,2;10,9;11,2;10,9;100;100;100;230;7,3;4,4;
2026/08/19;0700 UTC;0;987,9;988,1;987,7;0;10,8;10,8;10,9;10,7;10,9;10,7;100;100;100;246;7;4,8;
2026/08/19;0800 UTC;0;987,2;987,9;987,2;0;10,7;10,7;10,9;10,7;10,9;10,7;100;100;100;239;6,8;4,6;
2026/08/19;0900 UTC;0;988,2;988,3;987,3;0;10,7;10,7;10,8;10,6;10,8;10,6;100;100;100;220;6,6;3,3;
2026/08/19;1000 UTC;0;989,2;989,2;988,2;0;10,7;10,7;10,8;10,6;10,8;10,6;100;100;100;234;6,7;3,9;
2026/08/19;1100 UTC;0;989,7;989,7;989,1;11;10,8;10,8;10,8;10,7;10,8;10,7;100;100;100;240;6,6;4,3;
2026/08/19;1200 UTC;0;990,4;990,6;989,7;56,7;11;11;11,1;10,8;11,1;10,8;100;100;100;245;7,4;4,8;
2026/08/19;1300 UTC;0;990,1;990,5;989,9;184,1;11,3;11,3;11,3;11;11,3;11;100;100;100;212;8;3,8;
2026/08/19;1400 UTC;0;990,1;990,2;989,9;404,6;11,7;11,7;11,7;11,3;11,7;11,3;100;100;100;227;8,2;4,5;
2026/08/19;1500 UTC;0;990;990;989,5;311,9;11,9;11,9;11,9;11,6;11,9;11,6;100;100;100;245;8,5;5;
2026/08/19;1600 UTC;0;989,3;990,1;989,3;341;12,1;12,1;12,2;11,8;12,2;11,8;100;100;100;237;8,2;4,9;
2026/08/19;1700 UTC;0;989;989,3;988,9;270,5;12,1;12,1;12,3;12,1;12,3;12,1;100;100;100;243;8,3;4,6;
2026/08/19;1800 UTC;1,6;988,4;989,3;988,2;231;12,2;12,2;12,3;12,1;12,3;12,1;100;100;100;236;8;4,4;
2026/08/19;1900 UTC;3;988,3;988,7;988,1;104,7;12,3;12,3;12,3;12,2;12,3;12,2;100;100;100;259;8,1;5,2;
2026/08/19;2000 UTC;,2;988,1;988,4;988;57,8;12,4;12,4;12,5;12,3;12,5;12,3;100;100;100;266;8,3;6;
2026/08/19;2100 UTC;1,4;987,9;988,2;987,5;21,4;12,4;12,4;12,5;12,4;12,5;12,4;100;100;100;265;8;4,4;
2026/08/19;2200 UTC;1,2;987,5;987,9;987,2;0;12,2;12,2;12,5;12,2;12,5;12,2;100;100;100;252;7,7;4,6;
2026/08/19;2300 UTC;,6;988,2;988,4;987,5;0;12,3;12,3;12,4;12,2;12,4;12,2;100;100;100;276;8,1;6,5;
2026/08/20;0000 UTC;;;;;;;;;;;;;;;;;;
2026/08/20;0100 UTC;;;;;;;;;;;;;;;;;;
2026/08/20;0200 UTC;;;;;;;;;;;;;;;;;;
2026/08/20;0300 UTC;;;;;;;;;;;;;;;;;;
2026/08/20;0400 UTC;;;;;;;;;;;;;;;;;;
2026/08/20;0500 UTC;;;;;;;;;;;;;;;;;;
2026/08/20;0600 UTC;;;;;;;;;;;;;;;;;;
2026/08/20;0700 UTC;;;;;;;;;;;;;;;;;;
2026/08/20;0800 UTC;;;;;;;;;;;;;;;;;;
2026/08/20;0900 UTC;;;;;;;;;;;;;;;;;;
2026/08/20;1000 UTC;;;;;;;;;;;;;;;;;;
2026/08/20;1100 UTC;;;;;;;;;;;;;;;;;;
2026/08/20;1200 UTC;;;;;;;;;;;;;;;;;;
2026/08/20;1300 UTC;;;;;;;;;;;;;;;;;;
2026/08/20;1400 UTC;;;;;;;;;;;;;;;;;;
2026/08/20;1500 UTC;;;;;;;;;;;;;;;;;;
2026/08/20;1600 UTC;;;;;;;;;;;;;;;;;;
2026/08/20;1700 UTC;;;;;;;;;;;;;;;;;;
2026/08/20;1800 UTC;;;;;;;;;;;;;;;;;;
2026/08/20;1900 UTC;;;;;;;;;;;;;;;;;;
2026/08/20;2000 UTC;;;;;;;;;;;;;;;;;;
2026/08/20;2100 UTC;;;;;;;;;;;;;;;;;;
2026/08/20;2200 UTC;;;;;;;;;;;;;;;;;;
2026/08/20;2300 UTC;;;;;;;;;;;;;;;;;;
2026/08/21;0000 UTC;;;;;;;;;;;;;;;;;;
2026/08/21;0100 UTC;;;;;;;;;;;;;;;;;;
2026/08/21;0200 UTC;;;;;;;;;;;;;;;;;;
2026/08/21;0300 UTC;;;;;;;;;;;;;;;;;;
2026/08/21;0400 UTC;;;;;;;;;;;;;;;;;;
2026/08/21;0500 UTC;;;;;;;;;;;;;;;;;;
2026/08/21;0600 UTC;;;;;;;;;;;;;;;;;;
2026/08/21;0700 UTC;;;;;;;;;;;;;;;;;;
2026/08/21;0800 UTC;;;;;;;;;;;;;;;;;;
2026/08/21;0900 UTC;;;;;;;;;;;;;;;;;;
2026/08/21;1000 UTC;;;;;;;;;;;;;;;;;;
2026/08/21;1100 UTC;;;;;;;;;;;;;;;;;;
2026/08/21;1200 UTC;;;;;;;;;;;;;;;;;;
2026/08/21;1300 UTC;;;;;;;;;;;;;;;;;;
2026/08/21;1400 UTC;;;;;;;;;;;;;;;;;;
2026/08/21;1500 UTC;;;;;;;;;;;;;;;;;;
2026/08/21;1600 UTC;;;;;;;;;;;;;;;;;;
2026/08/21;1700 UTC;;;;;;;;;;;;;;;;;;
2026/08/21;1800 UTC;;;;;;;;;;;;;;;;;;
2026/08/21;1900 UTC;;;;;;;;;;;;;;;;;;
2026/08/21;2000 UTC;;;;;;;;;;;;;;;;;;
2026/08/21;2100 UTC;;;;;;;;;;;;;;;;;;
2026/08/21;2200 UTC;;;;;;;;;;;;;;;;;;
2026/08/21;2300 UTC;;;;;;;;;;;;;;;;;;
2026/08/22;0000 UTC;;;;;;;;;;;;;;;;;;
2026/08/22;0100 UTC;;;;;;;;;;;;;;;;;;
2026/08/22;0200 UTC;;;;;;;;;;;;;;;;;;
2026/08/22;0300 UTC;;;;;;;;;;;;;;;;;;
2026/08/22;0400 UTC;;;;;;;;;;;;;;;;;;
2026/08/22;0500 UTC;;;;;;;;;;;;;;;;;;
2026/08/22;0600 UTC;;;;;;;;;;;;;;;;;;
2026/08/22;0700 UTC;;;;;;;;;;;;;;;;;;
2026/08/22;0800 UTC;;;;;;;;;;;;;;;;;;
2026/08/22;0900 UTC;;;;;;;;;;;;;;;;;;
2026/08/22;1000 UTC;;;;;;;;;;;;;;;;;;
2026/08/22;1100 UTC;;;;;;;;;;;;;;;;;;
2026/08/22;1200 UTC;;;;;;;;;;;;;;;;;;
2026/08/22;1300 UTC;;;;;;;;;;;;;;;;;;
2026/08/22;1400 UTC;;;;;;;;;;;;;;;;;;
2026/08/22;1500 UTC;;;;;;;;;;;;;;;;;;
2026/08/22;1600 UTC;;;;;;;;;;;;;;;;;;
2026/08/22;1700 UTC;;;;;;;;;;;;;;;;;;
2026/08/22;1800 UTC;;;;;;;;;;;;;;;;;;
2026/08/22;1900 UTC;;;;;;;;;;;;;;;;;;
2026/08/22;2000 UTC;;;;;;;;;;;;;;;;;;
2026/08/22;2100 UTC;;;;;;;;;;;;;;;;;;
2026/08/22;2200 UTC;;;;;;;;;;;;;;;;;;
2026/08/22;2300 UTC;;;;;;;;;;;;;;;;;;
2026/08/23;0000 UTC;;;;;;;;;;;;;;;;;;
2026/08/23;0100 UTC;;;;;;;;;;;;;;;;;;
2026/08/23;0200 UTC;;;;;;;;;;;;;;;;;;
2026/08/23;0300 UTC;;;;;;;;;;;;;;;;;;
2026/08/23;0400 UTC;;;;;;;;;;;;;;;;;;
2026/08/23;0500 UTC;;;;;;;;;;;;;;;;;;
2026/08/23;0600 UTC;;;;;;;;;;;;;;;;;;
2026/08/23;0700 UTC;;;;;;;;;;;;;;;;;;
2026/08/23;0800 UTC;;;;;;;;;;;;;;;;;;
2026/08/23;0900 UTC;;;;;;;;;;;;;;;;;;
2026/08/23;1000 UTC;;;;;;;;;;;;;;;;;;
2026/08/23;1100 UTC;;;;;;;;;;;;;;;;;;
2026/08/23;1200 UTC;;;;;;;;;;;;;;;;;;
2026/08/23;1300 UTC;;;;;;;;;;;;;;;;;;
2026/08/23;1400 UTC;;;;;;;;;;;;;;;;;;
2026/08/23;1500 UTC;;;;;;;;;;;;;;;;;;
2026/08/23;1600 UTC;;;;;;;;;;;;;;;;;;
2026/08/23;1700 UTC;;;;;;;;;;;;;;;;;;
2026/08/23;1800 UTC;;;;;;;;;;;;;;;;;;
2026/08/23;1900 UTC;;;;;;;;;;;;;;;;;;
2026/08/23;2000 UTC;;;;;;;;;;;;;;;;;;
2026/08/23;2100 UTC;;;;;;;;;;;;;;;;;;
2026/08/23;2200 UTC;;;;;;;;;;;;;;;;;;
2026/08/23;2300 UTC;;;;;;;;;;;;;;;;;;
2026/08/24;0000 UTC;;;;;;;;;;;;;;;;;;
2026/08/24;0100 UTC;;;;;;;;;;;;;;;;;;
2026/08/24;0200 UTC;;;;;;;;;;;;;;;;;;
2026/08/24;0300 UTC;;;;;;;;;;;;;;;;;;
2026/08/24;0400 UTC;;;;;;;;;;;;;;;;;;
2026/08/24;0500 UTC;;;;;;;;;;;;;;;;;;
2026/08/24;0600 UTC;;;;;;;;;;;;;;;;;;
2026/08/24;0700 UTC;;;;;;;;;;;;;;;;;;
2026/08/24;0800 UTC;;;;;;;;;;;;;;;;;;
2026/08/24;0900 UTC;;;;;;;;;;;;;;;;;;
2026/08/24;1000 UTC;;;;;;;;;;;;;;;;;;
2026/08/24;1100 UTC;;;;;;;;;;;;;;;;;;
2026/08/24;1200 UTC;;;;;;;;;;;;;;;;;;
2026/08/24;1300 UTC;;;;;;;;;;;;;;;;;;
2026/08/24;1400 UTC;;;;;;;;;;;;;;;;;;
2026/08/24;1500 UTC;;;;;;;;;;;;;;;;;;
2026/08/24;1600 UTC;;;;;;;;;;;;;;;;;;
2026/08/24;1700 UTC;;;;;;;;;;;;;;;;;;
2026/08/24;1800 UTC;;;;;;;;;;;;;;;;;;
2026/08/24;1900 UTC;;;;;;;;;;;;;;;;;;
2026/08/24;2000 UTC;;;;;;;;;;;;;;;;;;
2026/08/24;2100 UTC;;;;;;;;;;;;;;;;;;
2026/08/24;2200 UTC;;;;;;;;;;;;;;;;;;
2026/08/24;2300 UTC;;;;;;;;;;;;;;;;;;
2026/08/25;0000 UTC;;;;;;;;;;;;;;;;;;
2026/08/25;0100 UTC;;;;;;;;;;;;;;;;;;
2026/08/25;0200 UTC;;;;;;;;;;;;;;;;;;
2026/08/25;0300 UTC;;;;;;;;;;;;;;;;;;
2026/08/25;0400 UTC;;;;;;;;;;;;;;;;;;
2026/08/25;0500 UTC;;;;;;;;;;;;;;;;;;
2026/08/25;0600 UTC;;;;;;;;;;;;;;;;;;
2026/08/25;0700 UTC;;;;;;;;;;;;;;;;;;
2026/08/25;0800 UTC;;;;;;;;;;;;;;;;;;
2026/08/25;0900 UTC;;;;;;;;;;;;;;;;;;
2026/08/25;1000 UTC;;;;;;;;;;;;;;;;;;
2026/08/25;1100 UTC;;;;;;;;;;;;;;;;;;
2026/08/25;1200 UTC;;;;;;;;;;;;;;;;;;
2026/08/25;1300 UTC;;;;;;;;;;;;;;;;;;
2026/08/25;1400 UTC;;;;;;;;;;;;;;;;;;
2026/08/25;1500 UTC;;;;;;;;;;;;;;;;;;
2026/08/25;1600 UTC;;;;;;;;;;;;;;;;;;
2026/08/25;1700 UTC;;;;;;;;;;;;;;;;;;
2026/08/25;1800 UTC;;;;;;;;;;;;;;;;;;
2026/08/25;1900 UTC;;;;;;;;;;;;;;;;;;
2026/08/25;2000 UTC;;;;;;;;;;;;;;;;;;
2026/08/25;2100 UTC;;;;;;;;;;;;;;;;;;
2026/08/25;2200 UTC;;;;;;;;;;;;;;;;;;
2026/08/25;2300 UTC;;;;;;;;;;;;;;;;;;
2026/08/26;0000 UTC;;;;;;;;;;;;;;;;;;
2026/08/26;0100 UTC;;;;;;;;;;;;;;;;;;
2026/08/26;0200 UTC;;;;;;;;;;;;;;;;;;
2026/08/26;0300 UTC;;;;;;;;;;;;;;;;;;
2026/08/26;0400 UTC;;;;;;;;;;;;;;;;;;
2026/08/26;0500 UTC;;;;;;;;;;;;;;;;;;
2026/08/26;0600 UTC;;;;;;;;;;;;;;;;;;
2026/08/26;0700 UTC;;;;;;;;;;;;;;;;;;
2026/08/26;0800 UTC;;;;;;;;;;;;;;;;;;
2026/08/26;0900 UTC;;;;;;;;;;;;;;;;;;
2026/08/26;1000 UTC;;;;;;;;;;;;;;;;;;
2026/08/26;1100 UTC;;;;;;;;;;;;;;;;;;
2026/08/26;1200 UTC;;;;;;;;;;;;;;;;;;
2026/08/26;1300 UTC;;;;;;;;;;;;;;;;;;
2026/08/26;1400 UTC;;;;;;;;;;;;;;;;;;
2026/08/26;1500 UTC;;;;;;;;;;;;;;;;;;
2026/08/26;1600 UTC;;;;;;;;;;;;;;;;;;
2026/08/26;1700 UTC;;;;;;;;;;;;;;;;;;
2026/08/26;1800 UTC;;;;;;;;;;;;;;;;;;
2026/08/26;1900 UTC;;;;;;;;;;;;;;;;;;
2026/08/26;2000 UTC;;;;;;;;;;;;;;;;;;
2026/08/26;2100 UTC;;;;;;;;;;;;;;;;;;
2026/08/26;2200 UTC;;;;;;;;;;;;;;;;;;
2026/08/26;2300 UTC;;;;;;;;;;;;;;;;;;
2026/08/27;0000 UTC;;;;;;;;;;;;;;;;;;
2026/08/27;0100 UTC;;;;;;;;;;;;;;;;;;
2026/08/27;0200 UTC;;;;;;;;;;;;;;;;;;
2026/08/27;0300 UTC;;;;;;;;;;;;;;;;;;
2026/08/27;0400 UTC;;;;;;;;;;;;;;;;;;
2026/08/27;0500 UTC;;;;;;;;;;;;;;;;;;
2026/08/27;0600 UTC;;;;;;;;;;;;;;;;;;
2026/08/27;0700 UTC;;;;;;;;;;;;;;;;;;
2026/08/27;0800 UTC;;;;;;;;;;;;;;;;;;
2026/08/27;0900 UTC;;;;;;;;;;;;;;;;;;
2026/08/27;1000 UTC;;;;;;;;;;;;;;;;;;
2026/08/27;1100 UTC;;;;;;;;;;;;;;;;;;
2026/08/27;1200 UTC;;;;;;;;;;;;;;;;;;
2026/08/27;1300 UTC;;;;;;;;;;;;;;;;;;
2026/08/27;1400 UTC;;;;;;;;;;;;;;;;;;
2026/08/27;1500 UTC;;;;;;;;;;;;;;;;;;
2026/08/27;1600 UTC;;;;;;;;;;;;;;;;;;
2026/08/27;1700 UTC;;;;;;;;;;;;;;;;;;
2026/08/27;1800 UTC;;;;;;;;;;;;;;;;;;
2026/08/27;1900 UTC;;;;;;;;;;;;;;;;;;
2026/08/27;2000 UTC;;;;;;;;;;;;;;;;;;
2026/08/27;2100 UTC;;;;;;;;;;;;;;;;;;
2026/08/27;2200 UTC;;;;;;;;;;;;;;;;;;
2026/08/27;2300 UTC;;;;;;;;;;;;;;;;;;
2026/08/28;0000 UTC;;;;;;;;;;;;;;;;;;
2026/08/28;0100 UTC;;;;;;;;;;;;;;;;;;
2026/08/28;0200 UTC;;;;;;;;;;;;;;;;;;
2026/08/28;0300 UTC;;;;;;;;;;;;;;;;;;
2026/08/28;0400 UTC;;;;;;;;;;;;;;;;;;
2026/08/28;0500 UTC;;;;;;;;;;;;;;;;;;
2026/08/28;0600 UTC;;;;;;;;;;;;;;;;;;
2026/08/28;0700 UTC;;;;;;;;;;;;;;;;;;
2026/08/28;0800 UTC;;;;;;;;;;;;;;;;;;
2026/08/28;0900 UTC;;;;;;;;;;;;;;;;;;
2026/08/28;1000 UTC;;;;;;;;;;;;;;;;;;
2026/08/28;1100 UTC;;;;;;;;;;;;;;;;;;
2026/08/28;1200 UTC;;;;;;;;;;;;;;;;;;
2026/08/28;1300 UTC;;;;;;;;;;;;;;;;;;
2026/08/28;1400 UTC;;;;;;;;;;;;;;;;;;
2026/08/28;1500 UTC;;;;;;;;;;;;;;;;;;
2026/08/28;1600 UTC;;;;;;;;;;;;;;;;;;
2026/08/28;1700 UTC;;;;;;;;;;;;;;;;;;
2026/08/28;1800 UTC;;;;;;;;;;;;;;;;;;
2026/08/28;1900 UTC;;;;;;;;;;;;;;;;;;
2026/08/28;2000 UTC;;;;;;;;;;;;;;;;;;
2026/08/28;2100 UTC;;;;;;;;;;;;;;;;;;
2026/08/28;2200 UTC;;;;;;;;;;;;;;;;;;
2026/08/28;2300 UTC;;;;;;;;;;;;;;;;;;
2026/08/29;0000 UTC;;;;;;;;;;;;;;;;;;
2026/08/29;0100 UTC;;;;;;;;;;;;;;;;;;
2026/08/29;0200 UTC;;;;;;;;;;;;;;;;;;
2026/08/29;0300 UTC;;;;;;;;;;;;;;;;;;
2026/08/29;0400 UTC;;;;;;;;;;;;;;;;;;
2026/08/29;0500 UTC;;;;;;;;;;;;;;;;;;
2026/08/29;0600 UTC;;;;;;;;;;;;;;;;;;
2026/08/29;0700 UTC;;;;;;;;;;;;;;;;;;
2026/08/29;0800 UTC;;;;;;;;;;;;;;;;;;
2026/08/29;0900 UTC;;;;;;;;;;;;;;;;;;
2026/08/29;1000 UTC;;;;;;;;;;;;;;;;;;
2026/08/29;1100 UTC;;;;;;;;;;;;;;;;;;
2026/08/29;1200 UTC;;;;;;;;;;;;;;;;;;
2026/08/29;1300 UTC;;;;;;;;;;;;;;;;;;
2026/08/29;1400 UTC;;;;;;;;;;;;;;;;;;
2026/08/29;1500 UTC;;;;;;;;;;;;;;;;;;
2026/08/29;1600 UTC;;;;;;;;;;;;;;;;;;
2026/08/29;1700 UTC;;;;;;;;;;;;;;;;;;
2026/08/29;1800 UTC;;;;;;;;;;;;;;;;;;
2026/08/29;1900 UTC;;;;;;;;;;;;;;;;;;
2026/08/29;2000 UTC;;;;;;;;;;;;;;;;;;
2026/08/29;2100 UTC;;;;;;;;;;;;;;;;;;
2026/08/29;2200 UTC;;;;;;;;;;;;;;;;;;
2026/08/29;2300 UTC;;;;;;;;;;;;;;;;;;
2026/08/30;0000 UTC;;;;;;;;;;;;;;;;;;
2026/08/30;0100 UTC;;;;;;;;;;;;;;;;;;
2026/08/30;0200 UTC;;;;;;;;;;;;;;;;;;
2026/08/30;0300 UTC;;;;;;;;;;;;;;;;;;
2026/08/30;0400 UTC;;;;;;;;;;;;;;;;;;
2026/08/30;0500 UTC;;;;;;;;;;;;;;;;;;
2026/08/30;0600 UTC;;;;;;;;;;;;;;;;;;
2026/08/30;0700 UTC;;;;;;;;;;;;;;;;;;
2026/08/30;0800 UTC;;;;;;;;;;;;;;;;;;
2026/08/30;0900 UTC;;;;;;;;;;;;;;;;;;
2026/08/30;1000 UTC;;;;;;;;;;;;;;;;;;
2026/08/30;1100 UTC;;;;;;;;;;;;;;;;;;
2026/08/30;1200 UTC;;;;;;;;;;;;;;;;;;
2026/08/30;1300 UTC;;;;;;;;;;;;;;;;;;
2026/08/30;1400 UTC;;;;;;;;;;;;;;;;;;
2026/08/30;1500 UTC;;;;;;;;;;;;;;;;;;
2026/08/30;1600 UTC;;;;;;;;;;;;;;;;;;
2026/08/30;1700 UTC;;;;;;;;;;;;;;;;;;
2026/08/30;1800 UTC;;;;;;;;;;;;;;;;;;
2026/08/30;1900 UTC;;;;;;;;;;;;;;;;;;
2026/08/30;2000 UTC;;;;;;;;;;;;;;;;;;
2026/08/30;2100 UTC;;;;;;;;;;;;;;;;;;
2026/08/30;2200 UTC;;;;;;;;;;;;;;;;;;
2026/08/30;2300 UTC;;;;;;;;;;;;;;;;;;
2026/08/31;0000 UTC;;;;;;;;;;;;;;;;;;
2026/08/31;0100 UTC;;;;;;;;;;;;;;;;;;
2026/08/31;0200 UTC;;;;;;;;;;;;;;;;;;
2026/08/31;0300 UTC;;;;;;;;;;;;;;;;;;
2026/08/31;0400 UTC;;;;;;;;;;;;;;;;;;
2026/08/31;0500 UTC;;;;;;;;;;;;;;;;;;
2026/08/31;0600 UTC;;;;;;;;;;;;;;;;;;
2026/08/31;0700 UTC;;;;;;;;;;;;;;;;;;
2026/08/31;0800 UTC;;;;;;;;;;;;;;;;;;
2026/08/31;0900 UTC;;;;;;;;;;;;;;;;;;
2026/08/31;1000 UTC;;;;;;;;;;;;;;;;;;
2026/08/31;1100 UTC;;;;;;;;;;;;;;;;;;
2026/08/31;1200 UTC;;;;;;;;;;;;;;;;;;
2026/08/31;1300 UTC;;;;;;;;;;;;;;;;;;
2026/08/31;1400 UTC;;;;;;;;;;;;;;;;;;
2026/08/31;1500 UTC;;;;;;;;;;;;;;;;;;
2026/08/31;1600 UTC;;;;;;;;;;;;;;;;;;
2026/08/31;1700 UTC;;;;;;;;;;;;;;;;;;
2026/08/31;1800 UTC;;;;;;;;;;;;;;;;;;
2026/08/31;1900 UTC;;;;;;;;;;;;;;;;;;
2026/08/31;2000 UTC;;;;;;;;;;;;;;;;;;
2026/08/31;2100 UTC;;;;;;;;;;;;;;;;;;
2026/08/31;2200 UTC;;;;;;;;;;;;;;;;;;
2026/08/31;2300 UTC;;;;;;;;;;;;;;;;;;
