date;precip_mm;temp_min;temp_max;temp_avg;humidity_avg;pressure_avg;wind_speed;solar_radiation;station_id;codigo_ibge;municipio;lat;lon;altitude
2026-01-01;0,0;22,7;34,7;26,679166666666664;79,45833333333333;1003,5791666666668;2,9749999999999996;28,79;A802;4315602;Rio Grande;-32,07888888;-52,16777777;4,92
2026-01-02;0,0;17,4;29,2;23,816666666666666;73,25;1002,6541666666667;1,9291666666666665;30,7;A802;4315602;Rio Grande;-32,07888888;-52,16777777;4,92
2026-01-03;0,0;17,5;22,7;20,575;65,58333333333333;1003,5583333333334;4,1000000000000005;25,01;A802;4315602;Rio Grande;-32,07888888;-52,16777777;4,92
2026-01-04;0,0;12,3;23,1;17,25;63,291666666666664;1012,2666666666668;3,716666666666667;3,63;A802;4315602;Rio Grande;-32,07888888;-52,16777777;4,92
2026-01-05;0,0;10,5;24,0;17,570833333333333;69,54166666666667;1015,6541666666667;1,55;27,6;A802;4315602;Rio Grande;-32,07888888;-52,16777777;4,92
2026-01-06;0,0;19,2;28,5;23,016666666666666;64,04166666666667;1012,2375000000001;4,443478260869566;33,15;A802;4315602;Rio Grande;-32,07888888;-52,16777777;4,92
2026-01-07;0,4;22,3;32,9;25,679166666666664;74,5;1008,3000000000001;3,0208333333333335;20,19;A802;4315602;Rio Grande;-32,07888888;-52,16777777;4,92
2026-01-08;3,0;20,5;23,9;21,730434782608697;84,08695652173913;1012,6565217391304;2,5565217391304347;6,79;A802;4315602;Rio Grande;-32,07888888;-52,16777777;4,92
2026-01-09;0,0;21,1;23,6;22,304166666666664;83,875;1013,5541666666667;4,591666666666667;6,67;A802;4315602;Rio Grande;-32,07888888;-52,16777777;4,92
2026-01-10;13,4;21,7;31,9;25,641666666666666;80,91666666666667;1004,9375;4,341666666666667;24,07;A802;4315602;Rio Grande;-32,07888888;-52,16777777;4,92
2026-01-11;0,4;18,2;27,1;22,745833333333334;78,54166666666667;1003,1291666666666;3,6;24,38;A802;4315602;Rio Grande;-32,07888888;-52,16777777;4,92
2026-01-12;10,2;18,7;24,7;21,704166666666666;90,83333333333333;1007,4125;1,3666666666666665;12,54;A802;4315602;Rio Grande;-32,07888888;-52,16777777;4,92
2026-01-13;0,0;18,5;29,2;23,641666666666666;84,70833333333333;1008,9333333333334;1,3125;21,67;A802;4315602;Rio Grande;-32,07888888;-52,16777777;4,92
2026-01-14;0,0;21,4;30,2;25,412499999999998;85,45833333333333;1009,5625;1,9166666666666667;22,26;A802;4315602;Rio Grande;-32,07888888;-52,16777777;4,92
2026-01-15;0,0;24,4;33,8;28,25;79,125;1007,9375;2,970833333333333;29,74;A802;4315602;Rio Grande;-32,07888888;-52,16777777;4,92
2026-01-16;7,2;21,9;28,9;25,958333333333332;85,5;1008,6541666666667;2,591666666666667;8,67;A802;4315602;Rio Grande;-32,07888888;-52,16777777;4,92
2026-01-17;0,0;18,7;28,0;23,837500000000002;81,58333333333333;1009,4083333333333;1,9625000000000001;31,4;A802;4315602;Rio Grande;-32,07888888;-52,16777777;4,92
2026-01-18;0,0;19,5;28,6;24,087500000000002;78,70833333333333;1006,9250000000001;2,4250000000000003;27,43;A802;4315602;Rio Grande;-32,07888888;-52,16777777;4,92
2026-01-19;0,0;17,9;24,9;21,64782608695652;54,0;1014,4304347826088;2,8869565217391306;27,71;A802;4315602;Rio Grande;-32,07888888;-52,16777777;4,92
2026-01-20;6,4;16,5;22,8;20,14166666666667;68,79166666666667;1015,2291666666666;1,8291666666666666;10,77;A802;4315602;Rio Grande;-32,07888888;-52,16777777;4,92
2026-01-21;0,0;14,3;25,6;21,279166666666665;63,125;1015,2041666666668;2,716666666666667;30,79;A802;4315602;Rio Grande;-32,07888888;-52,16777777;4,92
2026-01-22;0,4;19,5;26,7;22,945833333333336;69,91666666666667;1014,9416666666666;4,516666666666667;27,84;A802;4315602;Rio Grande;-32,07888888;-52,16777777;4,92
2026-01-23;0,0;18,0;26,4;23,004166666666666;66,66666666666667;1015,5583333333334;4,179166666666666;27,75;A802;4315602;Rio Grande;-32,07888888;-52,16777777;4,92
2026-01-24;0,0;16,9;27,2;23,291666666666668;68,25;1014,5458333333332;3,8833333333333333;29,79;A802;4315602;Rio Grande;-32,07888888;-52,16777777;4,92
2026-01-25;0,0;21,8;28,5;24,34583333333333;78,5;1014,2833333333333;4,7875000000000005;28,48;A802;4315602;Rio Grande;-32,07888888;-52,16777777;4,92
2026-01-26;0,0;21,8;29,2;24,945833333333336;78,5;1013,3958333333334;4,633333333333334;28,09;A802;4315602;Rio Grande;-32,07888888;-52,16777777;4,92
2026-01-27;0,0;22,8;30,1;25,570833333333336;83,33333333333333;1011,725;3,466666666666667;28,61;A802;4315602;Rio Grande;-32,07888888;-52,16777777;4,92
2026-01-28;0,0;22,6;29,8;25,641666666666666;87,08333333333333;1010,8708333333334;2,845833333333333;28,15;A802;4315602;Rio Grande;-32,07888888;-52,16777777;4,92
2026-01-29;0,0;24,6;29,6;26,170833333333334;84,875;1010,7666666666668;2,7416666666666667;22,75;A802;4315602;Rio Grande;-32,07888888;-52,16777777;4,92
2026-01-30;0,2;23,1;29,1;25,170833333333334;78,25;1010,0500000000001;2,720833333333333;24,37;A802;4315602;Rio Grande;-32,07888888;-52,16777777;4,92
2026-01-31;7,0;20,3;27,7;23,787499999999998;75,83333333333333;1006,7833333333333;2,6750000000000003;22,74;A802;4315602;Rio Grande;-32,07888888;-52,16777777;4,92
2026-02-01;14,200000000000001;18,8;25,9;21,775000000000002;86,875;1002,9250000000001;2,85;16,18;A802;4315602;Rio Grande;-32,07888888;-52,16777777;4,92
2026-02-02;0,0;17,0;28,5;22,945833333333336;79,54166666666667;1005,3458333333333;2,25;28,01;A802;4315602;Rio Grande;-32,07888888;-52,16777777;4,92
2026-02-03;0,0;22,8;33,2;26,441666666666666;74,875;1004,7875;3,275;30,28;A802;4315602;Rio Grande;-32,07888888;-52,16777777;4,92
2026-02-04;0,0;22,2;32,8;27,195833333333336;70,95833333333333;1006,7166666666667;2,8958333333333335;29,13;A802;4315602;Rio Grande;-32,07888888;-52,16777777;4,92
2026-02-05;0,0;24,4;33,3;27,320833333333336;76,91666666666667;1008,6875;3,475;29,34;A802;4315602;Rio Grande;-32,07888888;-52,16777777;4,92
2026-02-06;0,0;23,0;29,8;25,675;80,54166666666667;1008,4708333333333;3,420833333333333;12,14;A802;4315602;Rio Grande;-32,07888888;-52,16777777;4,92
2026-02-07;0,0;18,2;27,9;23,508333333333336;62,041666666666664;1012,4541666666668;1,9416666666666667;29,99;A802;4315602;Rio Grande;-32,07888888;-52,16777777;4,92
2026-02-08;0,0;15,0;28,1;22,7375;70,79166666666667;1012,9666666666667;2,470833333333333;30,37;A802;4315602;Rio Grande;-32,07888888;-52,16777777;4,92
2026-02-09;0,0;21,5;29,0;24,645833333333332;66,83333333333333;1010,3166666666666;4,454166666666667;23,86;A802;4315602;Rio Grande;-32,07888888;-52,16777777;4,92
2026-02-10;0,0;23,7;32,9;26,9875;76,79166666666667;1006,15;3,625;25,8;A802;4315602;Rio Grande;-32,07888888;-52,16777777;4,92
2026-02-11;0,0;25,3;38,6;30,295833333333334;65,375;1004,3499999999999;3,4416666666666664;26,57;A802;4315602;Rio Grande;-32,07888888;-52,16777777;4,92
2026-02-12;38,1;20,1;30,7;24,941666666666666;87,33333333333333;1007,8083333333334;2,4;3,82;A802;4315602;Rio Grande;-32,07888888;-52,16777777;4,92
2026-02-13;0,0;19,2;28,4;22,8875;84,375;1012,1;2,8125;21,53;A802;4315602;Rio Grande;-32,07888888;-52,16777777;4,92
2026-02-14;0,0;21,1;26,4;23,391666666666666;63,833333333333336;1017,0541666666667;2,8708333333333336;27,77;A802;4315602;Rio Grande;-32,07888888;-52,16777777;4,92
2026-02-15;0,0;21,6;29,9;24,645833333333332;73,125;1012,5458333333332;4,408333333333333;18,74;A802;4315602;Rio Grande;-32,07888888;-52,16777777;4,92
2026-02-16;3,8000000000000003;23,0;30,7;26,079166666666666;82,83333333333333;1008,6791666666667;2,85;24,4;A802;4315602;Rio Grande;-32,07888888;-52,16777777;4,92
2026-02-17;0,0;19,8;30,2;23,708333333333332;84,20833333333333;1009,5124999999999;1,5625;22,89;A802;4315602;Rio Grande;-32,07888888;-52,16777777;4,92
2026-02-18;0,0;18,6;28,5;23,6375;82,125;1009,9708333333333;1,8875;29,59;A802;4315602;Rio Grande;-32,07888888;-52,16777777;4,92
2026-02-19;0,0;22,4;29,1;24,945833333333336;73,54166666666667;1008,0916666666667;2,6750000000000003;17,8;A802;4315602;Rio Grande;-32,07888888;-52,16777777;4,92
2026-02-20;2,8;20,4;28,6;24,354166666666668;77,91666666666667;1009,3583333333332;2,0749999999999997;23,7;A802;4315602;Rio Grande;-32,07888888;-52,16777777;4,92
2026-02-21;0,4;18,2;28,0;22,208333333333332;84,17391304347827;1013,3125;1,875;20,22;A802;4315602;Rio Grande;-32,07888888;-52,16777777;4,92
2026-02-22;0,2;22,2;28,3;24,729166666666668;74,25;1014,4125;4,679166666666666;21,51;A802;4315602;Rio Grande;-32,07888888;-52,16777777;4,92
2026-02-23;0,0;22,2;28,9;24,883333333333336;76,33333333333333;1011,1291666666666;5,341666666666666;21,46;A802;4315602;Rio Grande;-32,07888888;-52,16777777;4,92
2026-02-24;7,3999999999999995;22,2;26,1;23,945833333333336;86,70833333333333;1005,4625;4,479166666666667;7,67;A802;4315602;Rio Grande;-32,07888888;-52,16777777;4,92
2026-02-25;0,2;19,6;25,6;22,795833333333334;82,125;1004,8000000000001;3,9958333333333336;21,92;A802;4315602;Rio Grande;-32,07888888;-52,16777777;4,92
2026-02-26;0,0;12,6;23,9;18,658333333333335;69,45833333333333;1008,5375;2,4916666666666667;20,76;A802;4315602;Rio Grande;-32,07888888;-52,16777777;4,92
2026-02-27;0,0;11,8;25,5;18,320833333333333;73,75;1010,2583333333333;1,875;27,92;A802;4315602;Rio Grande;-32,07888888;-52,16777777;4,92
2026-02-28;0,0;15,2;26,8;21,870833333333334;66,33333333333333;1011,3458333333333;2,5541666666666667;19,75;A802;4315602;Rio Grande;-32,07888888;-52,16777777;4,92
2026-03-01;0,0;20,2;26,6;23,266666666666666;64,41666666666667;1012,2416666666667;3,2375000000000003;26,09;A802;4315602;Rio Grande;-32,07888888;-52,16777777;4,92
2026-03-02;0,0;21,0;28,3;23,95;60,708333333333336;1010,0666666666666;4,604166666666667;22,96;A802;4315602;Rio Grande;-32,07888888;-52,16777777;4,92
2026-03-03;0,0;21,6;29,3;24,683333333333334;72,33333333333333;1008,8458333333333;4,745833333333333;26,27;A802;4315602;Rio Grande;-32,07888888;-52,16777777;4,92
2026-03-04;1,6;22,2;28,9;24,329166666666666;80,25;1009,0958333333333;3,970833333333333;14,68;A802;4315602;Rio Grande;-32,07888888;-52,16777777;4,92
2026-03-05;0,0;22,1;27,4;24,162499999999998;83,29166666666667;1011,6041666666666;2,4625;12,57;A802;4315602;Rio Grande;-32,07888888;-52,16777777;4,92
2026-03-06;0,0;22,6;27,7;24,400000000000002;84,0;1011,8041666666667;3,2416666666666667;20,29;A802;4315602;Rio Grande;-32,07888888;-52,16777777;4,92
2026-03-07;40,6;20,6;24,9;22,71666666666667;89,91666666666667;1007,5124999999999;2,6458333333333335;10,8;A802;4315602;Rio Grande;-32,07888888;-52,16777777;4,92
2026-03-08;0,2;20,7;25,5;22,787499999999998;69,54166666666667;1011,9208333333332;2,7916666666666665;22,36;A802;4315602;Rio Grande;-32,07888888;-52,16777777;4,92
2026-03-09;0,0;18,2;25,1;21,6875;62,541666666666664;1016,1166666666667;2,8083333333333336;15,11;A802;4315602;Rio Grande;-32,07888888;-52,16777777;4,92
2026-03-10;5,0;19,5;22,2;21,099999999999998;78,41666666666667;1016,1999999999999;4,091666666666667;5,18;A802;4315602;Rio Grande;-32,07888888;-52,16777777;4,92
2026-03-11;8,2;19,5;24,8;21,704166666666666;89,08333333333333;1012,9416666666666;4,020833333333333;11,38;A802;4315602;Rio Grande;-32,07888888;-52,16777777;4,92
2026-03-12;1,4;19,8;26,5;22,608333333333334;82,125;1010,9541666666668;3,345833333333333;22,16;A802;4315602;Rio Grande;-32,07888888;-52,16777777;4,92
2026-03-13;0,4;16,5;26,6;21,59583333333333;83,70833333333333;1008,7875;1,7291666666666667;21,43;A802;4315602;Rio Grande;-32,07888888;-52,16777777;4,92
2026-03-14;0,4;16,8;27,6;21,275000000000002;87,125;1006,6166666666667;1,7166666666666668;19,38;A802;4315602;Rio Grande;-32,07888888;-52,16777777;4,92
2026-03-15;0,0;17,8;28,2;22,241666666666664;85,91666666666667;1006,0500000000001;1,8166666666666667;24,57;A802;4315602;Rio Grande;-32,07888888;-52,16777777;4,92
2026-03-16;0,0;22,0;29,9;24,65416666666667;86,5;1008,1333333333333;3,829166666666667;22,48;A802;4315602;Rio Grande;-32,07888888;-52,16777777;4,92
2026-03-17;0,8;24,2;27,1;25,2625;90,04166666666667;1007,9166666666666;3,591666666666667;5,76;A802;4315602;Rio Grande;-32,07888888;-52,16777777;4,92
2026-03-18;0,0;22,4;29,2;25,241666666666664;88,16666666666667;1007,1217391304348;2,7291666666666665;13,52;A802;4315602;Rio Grande;-32,07888888;-52,16777777;4,92
2026-03-19;0,0;19,8;28,0;23,587500000000002;86,20833333333333;1008,1666666666666;1,9833333333333334;21,81;A802;4315602;Rio Grande;-32,07888888;-52,16777777;4,92
2026-03-20;0,4;21,5;27,5;24,22083333333333;83,04166666666667;1007,9375;3,5500000000000003;23,02;A802;4315602;Rio Grande;-32,07888888;-52,16777777;4,92
2026-03-21;6,4;22,5;29,3;25,008333333333336;80,0;1004,8541666666666;4,916666666666667;15,08;A802;4315602;Rio Grande;-32,07888888;-52,16777777;4,92
2026-03-22;0,0;18,8;25,2;22,733333333333334;83,5;1007,7583333333333;2,6375;19,64;A802;4315602;Rio Grande;-32,07888888;-52,16777777;4,92
2026-03-23;15,0;20,4;26,1;23,258333333333336;88,70833333333333;1006,3166666666666;3,1125000000000003;3,72;A802;4315602;Rio Grande;-32,07888888;-52,16777777;4,92
2026-03-24;0,8;15,9;24,7;20,525000000000002;76,91666666666667;1007,9583333333334;2,5833333333333335;24,14;A802;4315602;Rio Grande;-32,07888888;-52,16777777;4,92
2026-03-25;0,0;12,5;24,9;18,166666666666668;84,125;1012,3041666666667;1,3833333333333335;13,2;A802;4315602;Rio Grande;-32,07888888;-52,16777777;4,92
2026-03-26;0,0;19,9;25,3;22,141666666666666;86,125;1013,7083333333334;1,8333333333333333;10,18;A802;4315602;Rio Grande;-32,07888888;-52,16777777;4,92
2026-03-27;0,0;22,7;30,1;25,320833333333336;89,0;1013,1541666666667;2,404166666666667;19,56;A802;4315602;Rio Grande;-32,07888888;-52,16777777;4,92
2026-03-28;0,0;21,9;29,8;25,15416666666667;92,33333333333333;1013,8791666666666;1,5333333333333332;14,93;A802;4315602;Rio Grande;-32,07888888;-52,16777777;4,92
2026-03-29;0,0;23,7;28,9;25,570833333333336;90,375;1014,275;1,7166666666666668;12,61;A802;4315602;Rio Grande;-32,07888888;-52,16777777;4,92
2026-03-30;15,799999999999999;22,6;26,6;24,712500000000002;93,16666666666667;1013,5;3,338461538461538;7,91;A802;4315602;Rio Grande;-32,07888888;-52,16777777;4,92
2026-03-31;0,0;22,7;28,5;25,037499999999998;84,375;1011,3958333333334;4,3875;20,71;A802;4315602;Rio Grande;-32,07888888;-52,16777777;4,92
2026-04-01;0,0;17,7;26,7;23,895833333333332;79,70833333333333;1009,2608695652174;2,575;20,7;A802;4315602;Rio Grande;-32,07888888;-52,16777777;4,92
2026-04-02;0,0;18,3;27,7;23,270833333333332;87,45833333333333;1008,1083333333332;1,3958333333333333;15,76;A802;4315602;Rio Grande;-32,07888888;-52,16777777;4,92
2026-04-03;0,0;18,8;27,9;22,6875;88,83333333333333;1009,8583333333332;1,3291666666666666;16,11;A802;4315602;Rio Grande;-32,07888888;-52,16777777;4,92
2026-04-04;0,4;18,9;28,2;22,208333333333332;89,83333333333333;1011,1666666666666;2,1708333333333334;11,31;A802;4315602;Rio Grande;-32,07888888;-52,16777777;4,92
2026-04-05;0,8;17,8;23,5;20,079166666666666;63,541666666666664;1017,7916666666666;2,2958333333333334;16,51;A802;4315602;Rio Grande;-32,07888888;-52,16777777;4,92
2026-04-06;1,4;19,3;24,4;21,95;68,91666666666667;1015,8208333333333;4,104166666666667;5,02;A802;4315602;Rio Grande;-32,07888888;-52,16777777;4,92
2026-04-07;7,6;21,5;23,7;22,758333333333336;89,75;1005,9916666666667;4,870833333333334;3,97;A802;4315602;Rio Grande;-32,07888888;-52,16777777;4,92
2026-04-08;0,6000000000000001;18,5;24,4;21,287499999999998;82,16666666666667;999,8708333333334;5,829166666666667;12,69;A802;4315602;Rio Grande;-32,07888888;-52,16777777;4,92
2026-04-09;0,0;16,1;23,6;19,020833333333332;81,0;1010,6958333333333;3,1;17,82;A802;4315602;Rio Grande;-32,07888888;-52,16777777;4,92
2026-04-10;0,0;12,6;23,9;17,029166666666665;80,66666666666667;1015,6916666666666;1,6041666666666667;18,95;A802;4315602;Rio Grande;-32,07888888;-52,16777777;4,92
2026-04-11;0,0;12,5;25,9;18,370833333333334;85,25;1016,2416666666667;2,4625;19,77;A802;4315602;Rio Grande;-32,07888888;-52,16777777;4,92
2026-04-12;0,4;21,5;26,6;23,079166666666666;79,41666666666667;1013,4375;4,023529411764706;13,75;A802;4315602;Rio Grande;-32,07888888;-52,16777777;4,92
2026-04-13;0,0;18,7;25,7;21,96666666666667;87,54166666666667;1013,9375;1,6458333333333333;16,82;A802;4315602;Rio Grande;-32,07888888;-52,16777777;4,92
2026-04-14;0,0;21,2;26,3;23,083333333333332;87,45833333333333;1013,0708333333333;3,5416666666666665;13,5;A802;4315602;Rio Grande;-32,07888888;-52,16777777;4,92
2026-04-15;0,0;22,4;26,7;23,770833333333332;85,125;1011,1833333333334;7,5;13,39;A802;4315602;Rio Grande;-32,07888888;-52,16777777;4,92
2026-04-16;15,200000000000001;21,0;24,1;22,7625;89,33333333333333;1006,025;;6,24;A802;4315602;Rio Grande;-32,07888888;-52,16777777;4,92
2026-04-17;1,0;19,9;24,5;22,304166666666664;85,33333333333333;1001,5666666666666;4,0;8,91;A802;4315602;Rio Grande;-32,07888888;-52,16777777;4,92
2026-04-18;0,0;17,5;26,1;20,925;80,70833333333333;1004,3208333333333;3,129166666666667;18,02;A802;4315602;Rio Grande;-32,07888888;-52,16777777;4,92
2026-04-19;0,0;15,0;27,0;20,108333333333334;84,625;1008,8874999999999;1,85;17,66;A802;4315602;Rio Grande;-32,07888888;-52,16777777;4,92
2026-04-20;0,0;13,9;25,1;19,841666666666665;87,20833333333333;1012,6;1,8666666666666667;14,93;A802;4315602;Rio Grande;-32,07888888;-52,16777777;4,92
2026-04-21;0,2;20,8;24,6;22,36086956521739;87,08695652173913;1012,8913043478261;2,630769230769231;4,71;A802;4315602;Rio Grande;-32,07888888;-52,16777777;4,92
2026-04-22;0,0;19,5;27,2;22,837500000000002;86,75;1011,7333333333332;2,257142857142857;12,53;A802;4315602;Rio Grande;-32,07888888;-52,16777777;4,92
2026-04-23;0,0;14,6;21,9;17,904166666666665;87,79166666666667;1016,3041666666667;1,5647058823529412;9,47;A802;4315602;Rio Grande;-32,07888888;-52,16777777;4,92
2026-04-24;0,0;17,1;23,5;20,158333333333335;83,16666666666667;1014,9625;;7,52;A802;4315602;Rio Grande;-32,07888888;-52,16777777;4,92
2026-04-25;0,6;15,1;24,5;19,847826086956523;87,6086956521739;1009,8652173913044;;8,57;A802;4315602;Rio Grande;-32,07888888;-52,16777777;4,92
2026-04-26;3,4;15,2;26,1;19,912499999999998;81,70833333333333;1005,4541666666668;;15,88;A802;4315602;Rio Grande;-32,07888888;-52,16777777;4,92
2026-04-27;0,0;9,1;20,3;13,9375;60,25;1008,7958333333332;4,3;17,07;A802;4315602;Rio Grande;-32,07888888;-52,16777777;4,92
2026-04-28;0,0;7,7;19,3;12,987499999999999;71,875;1013,7541666666666;2,121052631578947;17,37;A802;4315602;Rio Grande;-32,07888888;-52,16777777;4,92
2026-04-29;0,0;7,8;22,4;14,4375;71,875;1011,2125;2,0458333333333334;16,97;A802;4315602;Rio Grande;-32,07888888;-52,16777777;4,92
2026-04-30;0,0;10,6;24,3;17,4375;72,66666666666667;1012,6791666666667;2,1125000000000003;16,7;A802;4315602;Rio Grande;-32,07888888;-52,16777777;4,92
2026-05-01;9,8;17,4;21,0;18,616666666666667;91,16666666666667;1011,3083333333334;3,3041666666666667;3,68;A802;4315602;Rio Grande;-32,07888888;-52,16777777;4,92
2026-05-02;1,0;10,7;19,7;17,604166666666668;79,125;1011,2958333333332;3,975;13,42;A802;4315602;Rio Grande;-32,07888888;-52,16777777;4,92
2026-05-03;0,0;7,5;19,1;12,504166666666668;70,0;1019,65;2,1708333333333334;16,83;A802;4315602;Rio Grande;-32,07888888;-52,16777777;4,92
2026-05-04;0,0;9,7;22,0;15,845833333333333;77,16666666666667;1012,8041666666667;2,4541666666666666;15,39;A802;4315602;Rio Grande;-32,07888888;-52,16777777;4,92
2026-05-05;9,4;14,5;25,5;19,654166666666665;89,33333333333333;1011,5;1,7208333333333332;9,24;A802;4315602;Rio Grande;-32,07888888;-52,16777777;4,92
2026-05-06;5,0;19,7;27,1;21,7625;89,625;1011,1875;3,204166666666667;11,72;A802;4315602;Rio Grande;-32,07888888;-52,16777777;4,92
2026-05-07;0,0;19,0;26,4;22,241666666666664;86,5;1000,6208333333334;4,0;6,73;A802;4315602;Rio Grande;-32,07888888;-52,16777777;4,92
2026-05-08;22,2;10,7;19,1;15,029166666666667;76,08333333333333;999,0958333333333;5,304166666666666;9,99;A802;4315602;Rio Grande;-32,07888888;-52,16777777;4,92
2026-05-09;0,0;7,6;15,4;10,895652173913044;64,91304347826087;1009,1130434782608;4,760869565217392;14,96;A802;4315602;Rio Grande;-32,07888888;-52,16777777;4,92
2026-05-10;0,0;7,8;15,2;11,116666666666667;73,20833333333333;1015,0166666666668;4,358333333333333;15,29;A802;4315602;Rio Grande;-32,07888888;-52,16777777;4,92
2026-05-11;0,0;6,8;10,3;8,15;78,7;1015,2700000000001;3,8;0,0;A802;4315602;Rio Grande;-32,07888888;-52,16777777;4,92
2026-05-12;0,0;7,0;20,7;12,85217391304348;66,95652173913044;1013,304347826087;3,252173913043478;15,68;A802;4315602;Rio Grande;-32,07888888;-52,16777777;4,92
2026-05-13;0,0;9,2;19,1;13,558333333333332;74,70833333333333;1012,2375000000001;2,154166666666667;13,85;A802;4315602;Rio Grande;-32,07888888;-52,16777777;4,92
2026-05-14;0,0;8,2;16,6;11,85;82,45833333333333;1014,8708333333334;1,5999999999999999;11,85;A802;4315602;Rio Grande;-32,07888888;-52,16777777;4,92
2026-05-15;0,0;6,3;17,3;11,10909090909091;85,5;1016,9045454545455;1,518181818181818;13,76;A802;4315602;Rio Grande;-32,07888888;-52,16777777;4,92
2026-05-16;0,2;4,9;18,1;10,8375;90,375;1013,7541666666666;1,075;9,16;A802;4315602;Rio Grande;-32,07888888;-52,16777777;4,92
2026-05-17;0,0;12,3;17,3;14,6625;84,04166666666667;1014,275;2,4291666666666667;7,26;A802;4315602;Rio Grande;-32,07888888;-52,16777777;4,92
2026-05-18;0,0;6,6;16,6;11,541666666666666;80,41666666666667;1019,3874999999999;2,716666666666667;13,45;A802;4315602;Rio Grande;-32,07888888;-52,16777777;4,92
2026-05-19;0,0;4,4;16,7;9,950000000000001;78,16666666666667;1019,0541666666667;1,9083333333333332;14,96;A802;4315602;Rio Grande;-32,07888888;-52,16777777;4,92
2026-05-20;0,0;6,6;16,7;10,666666666666666;75,75;1017,8249999999999;3,2291666666666665;13,42;A802;4315602;Rio Grande;-32,07888888;-52,16777777;4,92
2026-05-21;0,0;4,6;16,2;10,029166666666667;80,33333333333333;1022,5333333333333;2,3333333333333335;10,92;A802;4315602;Rio Grande;-32,07888888;-52,16777777;4,92
2026-05-22;0,0;5,7;17,3;11,459999999999999;87,15;1024,585;1,6949999999999998;9,07;A802;4315602;Rio Grande;-32,07888888;-52,16777777;4,92
2026-05-23;0,0;13,0;18,3;14,950000000000001;89,16666666666667;1022,9125;1,5958333333333332;9,22;A802;4315602;Rio Grande;-32,07888888;-52,16777777;4,92
2026-05-24;0,0;11,3;20,2;15,279166666666667;89,25;1020,1125000000001;1,4708333333333332;13,51;A802;4315602;Rio Grande;-32,07888888;-52,16777777;4,92
2026-05-25;0,2;13,2;20,2;15,975;91,29166666666667;1017,9541666666668;2,4541666666666666;8,17;A802;4315602;Rio Grande;-32,07888888;-52,16777777;4,92
2026-05-26;1,2000000000000002;15,5;18,6;16,770833333333332;95,04166666666667;1016,0875;1,9916666666666665;5,88;A802;4315602;Rio Grande;-32,07888888;-52,16777777;4,92
2026-05-27;0,0;10,3;19,2;13,424999999999999;95,5;1019,3458333333333;1,5333333333333332;7,18;A802;4315602;Rio Grande;-32,07888888;-52,16777777;4,92
2026-05-28;0,0;12,0;18,7;14,575000000000001;87,25;1019,5166666666668;1,1583333333333334;11,84;A802;4315602;Rio Grande;-32,07888888;-52,16777777;4,92
2026-05-29;0,2;8,8;20,1;14,458333333333334;88,875;1019,6583333333333;2,0791666666666666;10,74;A802;4315602;Rio Grande;-32,07888888;-52,16777777;4,92
2026-05-30;0,0;15,2;19,3;16,933333333333334;92,58333333333333;1018,6125000000001;4,020833333333333;7,34;A802;4315602;Rio Grande;-32,07888888;-52,16777777;4,92
2026-05-31;0,0;11,9;19,4;15,391666666666666;93,95833333333333;1016,9958333333334;4,4624999999999995;5,56;A802;4315602;Rio Grande;-32,07888888;-52,16777777;4,92
2026-06-01;0,0;10,1;16,9;13,35217391304348;88,0;1019,2086956521739;1,7956521739130433;7,97;A802;4315602;Rio Grande;-32,07888888;-52,16777777;4,92
2026-06-02;1,4;11,2;18,7;15,8125;80,875;1022,9083333333333;2,3041666666666667;11,04;A802;4315602;Rio Grande;-32,07888888;-52,16777777;4,92
2026-06-03;0,0;15,2;19,6;17,075;89,83333333333333;1023,1999999999999;3,1041666666666665;8,13;A802;4315602;Rio Grande;-32,07888888;-52,16777777;4,92
2026-06-04;0,2;16,5;20,7;18,05;89,625;1023,5500000000001;3,9875000000000003;10,87;A802;4315602;Rio Grande;-32,07888888;-52,16777777;4,92
2026-06-05;0,0;15,0;20,7;17,175;92,91666666666667;1019,3166666666666;6,1000000000000005;8,13;A802;4315602;Rio Grande;-32,07888888;-52,16777777;4,92
2026-06-06;0,0;13,9;16,7;15,008333333333333;98,04166666666667;1014,8333333333334;2,2041666666666666;2,92;A802;4315602;Rio Grande;-32,07888888;-52,16777777;4,92
2026-06-07;0,2;12,8;18,5;15,674999999999999;92,875;1015,0833333333334;4,279166666666667;6,26;A802;4315602;Rio Grande;-32,07888888;-52,16777777;4,92
2026-06-08;1,0;13,9;16,9;15,7875;84,16666666666667;1015,4;4,466666666666667;3,35;A802;4315602;Rio Grande;-32,07888888;-52,16777777;4,92
2026-06-09;1,0;11,7;17,9;14,558333333333332;88,70833333333333;1013,6791666666667;3,7708333333333335;8,24;A802;4315602;Rio Grande;-32,07888888;-52,16777777;4,92
2026-06-10;0,2;8,5;17,8;12,1625;92,625;1013,8416666666667;1,9958333333333333;9,99;A802;4315602;Rio Grande;-32,07888888;-52,16777777;4,92
2026-06-11;0,2;7,6;17,8;12,595833333333333;95,95833333333333;1013,3541666666666;2,845833333333333;5,5;A802;4315602;Rio Grande;-32,07888888;-52,16777777;4,92
2026-06-12;25,6;13,3;15,6;14,745833333333332;95,75;1009,0124999999999;3,1125000000000003;1,62;A802;4315602;Rio Grande;-32,07888888;-52,16777777;4,92
2026-06-13;0,2;10,7;17,8;13,450000000000001;91,91666666666667;1011,8333333333334;2,341666666666667;9,35;A802;4315602;Rio Grande;-32,07888888;-52,16777777;4,92
2026-06-14;0,2;7,1;15,2;12,079166666666666;82,0;1015,3041666666667;2,8791666666666664;8,32;A802;4315602;Rio Grande;-32,07888888;-52,16777777;4,92
2026-06-15;0,0;3,6;12,7;7,408333333333334;82,66666666666667;1019,1958333333333;1,5125;13,19;A802;4315602;Rio Grande;-32,07888888;-52,16777777;4,92
2026-06-16;0,0;2,5;17,7;8,612499999999999;79,875;1016,2958333333332;2,3333333333333335;12,44;A802;4315602;Rio Grande;-32,07888888;-52,16777777;4,92
2026-06-17;0,0;6,9;16,7;11,270833333333334;78,0;1018,0749999999999;2,4208333333333334;12,26;A802;4315602;Rio Grande;-32,07888888;-52,16777777;4,92
2026-06-18;0,2;3,6;16,9;9,908333333333333;89,29166666666667;1019,6875;2,1875;8,81;A802;4315602;Rio Grande;-32,07888888;-52,16777777;4,92
2026-06-19;2,8000000000000003;12,2;17,0;14,4625;87,625;1010,4;5,05;3,32;A802;4315602;Rio Grande;-32,07888888;-52,16777777;4,92
2026-06-20;0,0;4,6;15,5;9,670833333333333;85,16666666666667;1014,3249999999999;1,6875;11,75;A802;4315602;Rio Grande;-32,07888888;-52,16777777;4,92
2026-06-21;0,0;2,1;14,1;7,930434782608696;87,78260869565217;1013,2260869565217;0,9608695652173914;9,06;A802;4315602;Rio Grande;-32,07888888;-52,16777777;4,92
2026-06-22;10,4;7,7;12,6;9,725;95,125;1009,9541666666668;1,8708333333333333;2,65;A802;4315602;Rio Grande;-32,07888888;-52,16777777;4,92
2026-06-23;0,0;5,5;12,7;8,416666666666666;79,33333333333333;1011,775;3,9166666666666665;12,54;A802;4315602;Rio Grande;-32,07888888;-52,16777777;4,92
2026-06-24;0,0;3,7;15,0;7,726086956521739;75,30434782608695;1014,4304347826088;2,4869565217391307;9,97;A802;4315602;Rio Grande;-32,07888888;-52,16777777;4,92
2026-06-25;0,0;4,4;17,0;9,441666666666666;76,625;1017,8958333333334;2,2583333333333333;12,55;A802;4315602;Rio Grande;-32,07888888;-52,16777777;4,92
2026-06-26;0,0;5,5;16,3;11,179166666666667;78,29166666666667;1019,2125;2,1708333333333334;12,41;A802;4315602;Rio Grande;-32,07888888;-52,16777777;4,92
2026-06-27;0,2;5,9;17,3;11,558333333333332;91,45833333333333;1018,9041666666667;1,4291666666666665;12,36;A802;4315602;Rio Grande;-32,07888888;-52,16777777;4,92
2026-06-28;5,4;13,0;17,6;14,570833333333333;94,875;1011,3541666666666;3,4625000000000004;2,74;A802;4315602;Rio Grande;-32,07888888;-52,16777777;4,92
2026-06-29;0,2;5,9;13,8;9,875;92,20833333333333;1015,7708333333334;1,8125;9,49;A802;4315602;Rio Grande;-32,07888888;-52,16777777;4,92
2026-06-30;0,2;2,4;14,7;7,766666666666667;92,54166666666667;1016,6458333333334;1,0999999999999999;10,35;A802;4315602;Rio Grande;-32,07888888;-52,16777777;4,92
2026-07-01;0,0;10,4;18,1;13,645833333333334;93,375;1014,475;2,9583333333333335;8,17;A802;4315602;Rio Grande;-32,07888888;-52,16777777;4,92
2026-07-02;4,8;7,8;14,7;11,958333333333334;92,20833333333333;1019,4875000000001;4,395833333333333;2,0;A802;4315602;Rio Grande;-32,07888888;-52,16777777;4,92
2026-07-03;0,0;2,0;10,6;6,245833333333334;82,58333333333333;1021,5083333333333;3,8874999999999997;5,57;A802;4315602;Rio Grande;-32,07888888;-52,16777777;4,92
2026-07-04;0,4;8,4;11,8;10,054166666666667;96,33333333333333;1021,5791666666668;2,5166666666666666;3,03;A802;4315602;Rio Grande;-32,07888888;-52,16777777;4,92
2026-07-05;0,4;8,5;15,2;11,316666666666668;97,20833333333333;1018,9125;1,0999999999999999;8,06;A802;4315602;Rio Grande;-32,07888888;-52,16777777;4,92
2026-07-06;0,4;8,7;14,2;11,741666666666667;83,91666666666667;1014,6833333333334;2,0958333333333337;8,86;A802;4315602;Rio Grande;-32,07888888;-52,16777777;4,92
2026-07-07;0,0;5,0;14,9;9,095652173913043;68,91304347826087;1015,8000000000001;3,4347826086956523;12,89;A802;4315602;Rio Grande;-32,07888888;-52,16777777;4,92
2026-07-08;0,0;4,6;19,1;10,591666666666667;75,33333333333333;1015,8333333333334;1,9958333333333333;13,03;A802;4315602;Rio Grande;-32,07888888;-52,16777777;4,92
2026-07-09;0,0;9,6;21,7;13,420833333333334;77,16666666666667;1013,1625;2,216666666666667;11,14;A802;4315602;Rio Grande;-32,07888888;-52,16777777;4,92
2026-07-10;0,0;9,4;18,5;13,129166666666668;85,95833333333333;1011,6416666666668;1,6041666666666667;11,32;A802;4315602;Rio Grande;-32,07888888;-52,16777777;4,92
2026-07-11;0,4;12,9;16,2;14,254166666666668;89,0;1011,0416666666666;2,2875;4,48;A802;4315602;Rio Grande;-32,07888888;-52,16777777;4,92
2026-07-12;5,6;10,1;13,0;11,320833333333333;92,70833333333333;1013,0666666666666;2,1083333333333334;4,16;A802;4315602;Rio Grande;-32,07888888;-52,16777777;4,92
2026-07-13;0,6000000000000001;9,9;17,0;12,35;93,08333333333333;1018,9416666666666;1,6590909090909092;9,04;A802;4315602;Rio Grande;-32,07888888;-52,16777777;4,92
2026-07-14;0,2;8,1;16,9;11,924999999999999;92,66666666666667;1019,2833333333333;2,3625000000000003;12,36;A802;4315602;Rio Grande;-32,07888888;-52,16777777;4,92
2026-07-15;0,0;11,7;18,5;14,491666666666667;85,45833333333333;1014,6041666666666;3,3166666666666664;12,93;A802;4315602;Rio Grande;-32,07888888;-52,16777777;4,92
2026-07-16;0,0;12,9;20,9;16,079166666666666;78,75;1009,3125;4,2125;9,69;A802;4315602;Rio Grande;-32,07888888;-52,16777777;4,92
2026-07-17;9,8;17,5;25,7;21,116666666666667;67,66666666666667;1001,8333333333334;4,983333333333333;8,41;A802;4315602;Rio Grande;-32,07888888;-52,16777777;4,92
2026-07-18;4,8;17,9;24,3;20,945833333333333;78,25;1000,1833333333334;3,4499999999999997;1,44;A802;4315602;Rio Grande;-32,07888888;-52,16777777;4,92
2026-07-19;21,0;15,6;19,0;17,416666666666668;88,375;1000,9499999999999;3,7952380952380955;1,51;A802;4315602;Rio Grande;-32,07888888;-52,16777777;4,92
2026-07-20;61,6;15,5;17,9;16,7375;97,75;1004,025;;1,33;A802;4315602;Rio Grande;-32,07888888;-52,16777777;4,92
2026-07-21;0,0;15,4;17,4;16,462500000000002;98,45833333333333;1004,0749999999999;4,542105263157895;2,27;A802;4315602;Rio Grande;-32,07888888;-52,16777777;4,92
2026-07-22;1,6;14,6;18,3;15,466666666666667;94,375;1008,9416666666666;2,65;7,61;A802;4315602;Rio Grande;-32,07888888;-52,16777777;4,92
2026-07-23;0,8;11,5;17,7;14,637500000000001;82,83333333333333;1017,0291666666667;2,158333333333333;13,99;A802;4315602;Rio Grande;-32,07888888;-52,16777777;4,92
2026-07-24;0,0;12,3;18,8;15,1625;86,20833333333333;1017,0916666666667;2,9142857142857146;9,35;A802;4315602;Rio Grande;-32,07888888;-52,16777777;4,92
2026-07-25;0,0;12,7;18,5;15,766666666666667;93,04166666666667;1015,1875;;8,87;A802;4315602;Rio Grande;-32,07888888;-52,16777777;4,92
2026-07-26;0,2;13,7;19,8;15,745833333333332;95,16666666666667;1012,8166666666666;;5,0;A802;4315602;Rio Grande;-32,07888888;-52,16777777;4,92
2026-07-27;1,5999999999999999;14,6;15,2;14,8;96,0;1012,75;;7,29;A802;4315602;Rio Grande;-32,07888888;-52,16777777;4,92
2026-07-28;6,3999999999999995;14,1;20,4;17,104347826086954;95,91304347826087;1005,591304347826;;4,53;A802;4315602;Rio Grande;-32,07888888;-52,16777777;4,92
2026-07-29;2,4;14,3;18,2;15,549999999999999;95,58333333333333;1009,9958333333334;;3,82;A802;4315602;Rio Grande;-32,07888888;-52,16777777;4,92
2026-07-30;0,2;10,3;16,3;13,45;95,0625;1018,03125;2,6500000000000004;14,74;A802;4315602;Rio Grande;-32,07888888;-52,16777777;4,92
2026-07-31;0,0;15,1;20,9;17,787499999999998;86,58333333333333;1014,6916666666666;2,6333333333333333;13,57;A802;4315602;Rio Grande;-32,07888888;-52,16777777;4,92
2026-08-01;4,6;15,9;26,6;18,943478260869565;85,30434782608695;1005,9347826086956;4,4173913043478255;9,3;A802;4315602;Rio Grande;-32,07888888;-52,16777777;4,92
2026-08-02;1,8;13,3;17,2;15,2125;93,41666666666667;1014,15;3,904166666666667;9,15;A802;4315602;Rio Grande;-32,07888888;-52,16777777;4,92
2026-08-03;0,0;14,3;20,4;16,945833333333333;92,20833333333333;1013,7166666666667;2,75;6,72;A802;4315602;Rio Grande;-32,07888888;-52,16777777;4,92
2026-08-04;0,4;16,1;20,4;18,370833333333334;94,79166666666667;1011,1583333333333;1,0125;5,26;A802;4315602;Rio Grande;-32,07888888;-52,16777777;4,92
2026-08-05;15,0;14,9;18,6;16,162499999999998;97,875;1010,1666666666666;4,204166666666667;5,66;A802;4315602;Rio Grande;-32,07888888;-52,16777777;4,92
2026-08-06;18,3;14,8;23,7;18,645833333333332;95,45833333333333;1001,3291666666668;3,1208333333333336;12,48;A802;4315602;Rio Grande;-32,07888888;-52,16777777;4,92
2026-08-07;2,2;9,9;16,9;12,5625;71,875;1003,7791666666667;4,358333333333333;12,36;A802;4315602;Rio Grande;-32,07888888;-52,16777777;4,92
2026-08-08;0,0;4,2;16,4;9,591666666666667;85,70833333333333;1005,0666666666666;1,4833333333333334;10,6;A802;4315602;Rio Grande;-32,07888888;-52,16777777;4,92
2026-08-09;0,0;5,3;14,8;9,816666666666666;69,95833333333333;1014,2666666666668;2,6666666666666665;17,04;A802;4315602;Rio Grande;-32,07888888;-52,16777777;4,92
2026-08-10;0,0;5,4;14,1;8,75;75,625;1026,1041666666667;2,591666666666667;15,04;A802;4315602;Rio Grande;-32,07888888;-52,16777777;4,92
2026-08-11;0,0;5,4;15,6;10,0625;82,41666666666667;1027,1166666666666;1,8166666666666667;16,06;A802;4315602;Rio Grande;-32,07888888;-52,16777777;4,92
2026-08-12;6,8;12,3;15,5;13,35;84,41666666666667;1018,0625;2,5500000000000003;2,87;A802;4315602;Rio Grande;-32,07888888;-52,16777777;4,92
2026-08-13;9,6;11,3;13,4;12,345833333333333;92,0;1016,2791666666667;2,720833333333333;2,2;A802;4315602;Rio Grande;-32,07888888;-52,16777777;4,92
2026-08-14;1,0;11,6;17,3;14,379166666666668;87,08333333333333;1020,1;2,8375;8,41;A802;4315602;Rio Grande;-32,07888888;-52,16777777;4,92
2026-08-15;0,0;15,0;17,6;16,054166666666667;88,16666666666667;1016,9916666666667;3,1625;3,59;A802;4315602;Rio Grande;-32,07888888;-52,16777777;4,92
2026-08-16;62,2;16,8;18,5;17,325;95,625;1011,15;4,9750000000000005;0,55;A802;4315602;Rio Grande;-32,07888888;-52,16777777;4,92
2026-08-17;47,2;16,8;19,0;17,825;98,83333333333333;1009,7333333333332;3,420833333333333;1,12;A802;4315602;Rio Grande;-32,07888888;-52,16777777;4,92
2026-08-18;37,0;14,4;18,9;16,866666666666667;98,58333333333333;1011,7708333333334;3,079166666666667;2,76;A802;4315602;Rio Grande;-32,07888888;-52,16777777;4,92
2026-08-19;3,6;12,9;15,5;13,98695652173913;95,91304347826087;1017,0782608695652;2,926086956521739;3,55;A802;4315602;Rio Grande;-32,07888888;-52,16777777;4,92
2026-08-20;0,0;;;;;;;0,0;A802;4315602;Rio Grande;-32,07888888;-52,16777777;4,92
2026-08-21;0,0;;;;;;;0,0;A802;4315602;Rio Grande;-32,07888888;-52,16777777;4,92
2026-08-22;0,0;;;;;;;0,0;A802;4315602;Rio Grande;-32,07888888;-52,16777777;4,92
2026-08-23;0,0;;;;;;;0,0;A802;4315602;Rio Grande;-32,07888888;-52,16777777;4,92
2026-08-24;0,0;;;;;;;0,0;A802;4315602;Rio Grande;-32,07888888;-52,16777777;4,92
2026-08-25;0,0;;;;;;;0,0;A802;4315602;Rio Grande;-32,07888888;-52,16777777;4,92
2026-08-26;0,0;;;;;;;0,0;A802;4315602;Rio Grande;-32,07888888;-52,16777777;4,92
2026-08-27;0,0;;;;;;;0,0;A802;4315602;Rio Grande;-32,07888888;-52,16777777;4,92
2026-08-28;0,0;;;;;;;0,0;A802;4315602;Rio Grande;-32,07888888;-52,16777777;4,92
2026-08-29;0,0;;;;;;;0,0;A802;4315602;Rio Grande;-32,07888888;-52,16777777;4,92
2026-08-30;0,0;;;;;;;0,0;A802;4315602;Rio Grande;-32,07888888;-52,16777777;4,92
2026-08-31;0,0;;;;;;;0,0;A802;4315602;Rio Grande;-32,07888888;-52,16777777;4,92
2026-01-01;4,4;19,6;33,7;24,9875;75,5;953,15;4,583333333333333;31,52;A811;4304507;Cangucu;-31,40333333;-52,70083333;446,81
2026-01-02;1,0;18,0;29,6;22,8875;75,08333333333333;951,9583333333334;2,3125;33,29;A811;4304507;Cangucu;-31,40333333;-52,70083333;446,81
2026-01-03;0,0;14,6;23,4;18,504166666666666;69,5;952,6666666666666;4,883333333333334;26,71;A811;4304507;Cangucu;-31,40333333;-52,70083333;446,81
2026-01-04;0,0;9,2;20,9;14,608333333333334;61,75;960,9666666666667;4,033333333333333;27,97;A811;4304507;Cangucu;-31,40333333;-52,70083333;446,81
2026-01-05;0,0;10,1;25,1;16,558333333333334;66,16666666666667;963,3874999999999;2,9333333333333336;33,61;A811;4304507;Cangucu;-31,40333333;-52,70083333;446,81
2026-01-06;0,0;14,6;28,6;20,333333333333332;69,75;960,0333333333333;4,070833333333334;31,83;A811;4304507;Cangucu;-31,40333333;-52,70083333;446,81
2026-01-07;7,4;18,2;30,8;23,116666666666664;72,5;957,5291666666667;5,079166666666667;23,32;A811;4304507;Cangucu;-31,40333333;-52,70083333;446,81
2026-01-08;0,6;16,6;26,3;19,917391304347827;86,52173913043478;961,1;5,095652173913043;18,96;A811;4304507;Cangucu;-31,40333333;-52,70083333;446,81
2026-01-09;7,000000000000001;18,4;20,8;19,425;99,79166666666667;961,7125;5,745833333333334;4,34;A811;4304507;Cangucu;-31,40333333;-52,70083333;446,81
2026-01-10;12,200000000000001;18,9;28,1;22,183333333333334;89,75;954,6416666666668;5,8125;21,67;A811;4304507;Cangucu;-31,40333333;-52,70083333;446,81
2026-01-11;2,6;15,1;25,4;20,2375;84,83333333333333;953,5666666666666;4,8875;28,33;A811;4304507;Cangucu;-31,40333333;-52,70083333;446,81
2026-01-12;0,0;17,6;26,0;20,412499999999998;87,875;957,3666666666667;2,6125000000000003;14,93;A811;4304507;Cangucu;-31,40333333;-52,70083333;446,81
2026-01-13;0,0;18,8;28,7;22,34166666666667;84,625;958,4625;2,5166666666666666;22,74;A811;4304507;Cangucu;-31,40333333;-52,70083333;446,81
2026-01-14;11,6;20,7;31,2;24,620833333333334;80,0;959,1916666666666;3,5208333333333335;24,23;A811;4304507;Cangucu;-31,40333333;-52,70083333;446,81
2026-01-15;0,8;21,3;33,2;26,391666666666666;72,95833333333333;957,9666666666667;4,370833333333334;29,47;A811;4304507;Cangucu;-31,40333333;-52,70083333;446,81
2026-01-16;0,8;20,6;28,0;24,266666666666666;79,20833333333333;958,9125;3,533333333333333;7,81;A811;4304507;Cangucu;-31,40333333;-52,70083333;446,81
2026-01-17;0,4;19,7;26,9;22,241666666666664;90,95833333333333;958,9;3,3833333333333333;14,89;A811;4304507;Cangucu;-31,40333333;-52,70083333;446,81
2026-01-18;0,6;18,3;29,0;22,8875;81,41666666666667;956,4333333333334;4,4875;27,15;A811;4304507;Cangucu;-31,40333333;-52,70083333;446,81
2026-01-19;1,4;12,7;22,9;17,2625;73,04166666666667;963,025;7,6125;23,39;A811;4304507;Cangucu;-31,40333333;-52,70083333;446,81
2026-01-20;0,0;13,3;25,0;17,630434782608695;72,17391304347827;963,8869565217392;3,7782608695652176;24,31;A811;4304507;Cangucu;-31,40333333;-52,70083333;446,81
2026-01-21;0,0;13,9;24,9;18,608333333333334;71,875;963,4958333333334;4,708333333333333;27,94;A811;4304507;Cangucu;-31,40333333;-52,70083333;446,81
2026-01-22;0,0;16,1;27,9;20,304166666666667;78,0;963,1083333333332;4,416666666666667;27,87;A811;4304507;Cangucu;-31,40333333;-52,70083333;446,81
2026-01-23;0,0;16,4;26,1;20,241666666666667;79,79166666666667;963,8666666666667;4,5249999999999995;23,08;A811;4304507;Cangucu;-31,40333333;-52,70083333;446,81
2026-01-24;0,0;15,0;29,0;20,787499999999998;76,95833333333333;963,0041666666666;3,8375;27,94;A811;4304507;Cangucu;-31,40333333;-52,70083333;446,81
2026-01-25;0,0;18,1;31,0;22,675;78,58333333333333;962,8458333333333;4,1375;24,97;A811;4304507;Cangucu;-31,40333333;-52,70083333;446,81
2026-01-26;0,0;18,9;33,1;23,90833333333333;78,54166666666667;962,0333333333333;4,445833333333334;26,37;A811;4304507;Cangucu;-31,40333333;-52,70083333;446,81
2026-01-27;0,2;20,3;35,2;25,96666666666667;66,625;960,9916666666667;3,9499999999999997;24,4;A811;4304507;Cangucu;-31,40333333;-52,70083333;446,81
2026-01-28;0,0;21,6;32,9;25,454166666666666;78,125;960,3541666666666;3,1875;21,66;A811;4304507;Cangucu;-31,40333333;-52,70083333;446,81
2026-01-29;12,6;20,6;27,1;22,829166666666666;91,04166666666667;960,0166666666668;4,154166666666667;17,38;A811;4304507;Cangucu;-31,40333333;-52,70083333;446,81
2026-01-30;14,6;18,8;28,5;21,837500000000002;91,75;959,225;4,7749999999999995;18,46;A811;4304507;Cangucu;-31,40333333;-52,70083333;446,81
2026-01-31;35,6;16,1;24,7;19,900000000000002;91,75;956,3791666666666;3,6833333333333336;19,62;A811;4304507;Cangucu;-31,40333333;-52,70083333;446,81
2026-02-01;0,0;16,6;26,4;19,858333333333334;86,125;953,5041666666666;3,954166666666667;23,12;A811;4304507;Cangucu;-31,40333333;-52,70083333;446,81
2026-02-02;0,0;16,7;28,6;21,820833333333336;77,41666666666667;955,2541666666666;2,5541666666666667;29,31;A811;4304507;Cangucu;-31,40333333;-52,70083333;446,81
2026-02-03;0,0;19,4;31,1;24,016666666666666;73,16666666666667;954,7458333333334;4,191666666666666;23,98;A811;4304507;Cangucu;-31,40333333;-52,70083333;446,81
2026-02-04;0,0;21,3;33,3;25,9875;55,25;956,5625;4,254166666666666;29,09;A811;4304507;Cangucu;-31,40333333;-52,70083333;446,81
2026-02-05;0,0;20,6;33,5;25,616666666666664;71,04166666666667;958,1708333333332;3,841666666666667;30,03;A811;4304507;Cangucu;-31,40333333;-52,70083333;446,81
2026-02-06;0,0;20,2;29,6;23,59583333333333;81,45833333333333;958,1916666666666;5,6125;18,69;A811;4304507;Cangucu;-31,40333333;-52,70083333;446,81
2026-02-07;0,6000000000000001;16,1;26,6;20,595833333333335;75,54166666666667;961,3874999999999;4,7;27,47;A811;4304507;Cangucu;-31,40333333;-52,70083333;446,81
2026-02-08;0,0;16,3;28,4;21,129166666666666;65,625;961,7666666666668;5,0;30,33;A811;4304507;Cangucu;-31,40333333;-52,70083333;446,81
2026-02-09;0,0;16,9;29,6;21,954166666666666;77,0;959,0;4,308333333333333;28,94;A811;4304507;Cangucu;-31,40333333;-52,70083333;446,81
2026-02-10;0,0;20,6;32,8;25,425;73,5;955,6750000000001;4,416666666666667;25,46;A811;4304507;Cangucu;-31,40333333;-52,70083333;446,81
2026-02-11;2,0;21,3;35,0;27,3;66,54166666666667;955,0541666666667;4,766666666666667;25,91;A811;4304507;Cangucu;-31,40333333;-52,70083333;446,81
2026-02-12;7,2;17,9;27,9;22,84583333333333;83,625;957,8166666666666;3,6833333333333336;8,73;A811;4304507;Cangucu;-31,40333333;-52,70083333;446,81
2026-02-13;1,0;17,6;26,9;21,070833333333333;84,66666666666667;961,5375;4,866666666666666;23,69;A811;4304507;Cangucu;-31,40333333;-52,70083333;446,81
2026-02-14;0,0;17,1;25,7;20,141666666666666;80,375;965,4375;5,5125;23,02;A811;4304507;Cangucu;-31,40333333;-52,70083333;446,81
2026-02-15;5,0;17,4;29,6;22,254166666666666;83,83333333333333;961,2041666666668;4,291666666666667;19,75;A811;4304507;Cangucu;-31,40333333;-52,70083333;446,81
2026-02-16;0,2;20,3;29,5;23,72083333333333;88,25;958,5124999999999;3,9916666666666667;19,05;A811;4304507;Cangucu;-31,40333333;-52,70083333;446,81
2026-02-17;1,0;20,1;29,3;23,183333333333334;89,70833333333333;959,2791666666667;2,5458333333333334;15,18;A811;4304507;Cangucu;-31,40333333;-52,70083333;446,81
2026-02-18;0,0;17,9;29,2;22,433333333333334;84,54166666666667;959,5;3,2416666666666667;25,53;A811;4304507;Cangucu;-31,40333333;-52,70083333;446,81
2026-02-19;0,8;18,4;26,5;21,379166666666666;87,0;957,6041666666666;3,266666666666667;16,43;A811;4304507;Cangucu;-31,40333333;-52,70083333;446,81
2026-02-20;6,0;15,4;27,2;20,245833333333334;90,75;958,7041666666668;4,325;17,35;A811;4304507;Cangucu;-31,40333333;-52,70083333;446,81
2026-02-21;0,8;17,6;27,4;21,5625;83,54166666666667;962,2583333333333;4,320833333333334;26,26;A811;4304507;Cangucu;-31,40333333;-52,70083333;446,81
2026-02-22;0,2;17,6;26,9;21,429166666666664;85,375;962,7583333333333;5,05;20,64;A811;4304507;Cangucu;-31,40333333;-52,70083333;446,81
2026-02-23;0,0;18,5;28,0;21,991666666666664;80,95833333333333;959,6374999999999;5,204166666666667;21,28;A811;4304507;Cangucu;-31,40333333;-52,70083333;446,81
2026-02-24;10,8;20,0;23,9;21,349999999999998;92,625;954,9708333333333;4,179166666666666;9,61;A811;4304507;Cangucu;-31,40333333;-52,70083333;446,81
2026-02-25;0,0;16,7;21,5;19,733333333333334;93,25;954,8791666666666;5,3374999999999995;8,9;A811;4304507;Cangucu;-31,40333333;-52,70083333;446,81
2026-02-26;0,0;12,2;22,2;16,741666666666667;76,70833333333333;957,8041666666667;4,5249999999999995;22,46;A811;4304507;Cangucu;-31,40333333;-52,70083333;446,81
2026-02-27;0,0;11,8;25,2;17,341666666666665;74,45833333333333;959,1333333333333;3,6958333333333333;25,94;A811;4304507;Cangucu;-31,40333333;-52,70083333;446,81
2026-02-28;0,0;15,4;25,9;19,3625;75,0;959,9875000000001;4,4125000000000005;22,62;A811;4304507;Cangucu;-31,40333333;-52,70083333;446,81
2026-03-01;0,0;15,5;25,6;19,558333333333334;76,75;960,8000000000001;4,204166666666667;23,97;A811;4304507;Cangucu;-31,40333333;-52,70083333;446,81
2026-03-02;0,0;15,6;26,9;20,150000000000002;76,75;958,5416666666666;5,091666666666667;25,72;A811;4304507;Cangucu;-31,40333333;-52,70083333;446,81
2026-03-03;0,0;18,0;30,9;22,599999999999998;78,66666666666667;957,4916666666667;4,983333333333333;24,4;A811;4304507;Cangucu;-31,40333333;-52,70083333;446,81
2026-03-04;4,0;19,3;31,3;22,349999999999998;82,04166666666667;958,1166666666667;5,133333333333334;15,76;A811;4304507;Cangucu;-31,40333333;-52,70083333;446,81
2026-03-05;0,0;19,5;26,4;21,412499999999998;91,20833333333333;960,3791666666666;4,554166666666666;14,78;A811;4304507;Cangucu;-31,40333333;-52,70083333;446,81
2026-03-06;0,0;19,7;27,2;21,9375;88,45833333333333;960,5;4,695833333333334;17,57;A811;4304507;Cangucu;-31,40333333;-52,70083333;446,81
2026-03-07;7,6;17,6;21,7;20,079166666666666;96,5;956,9375;4,2749999999999995;10,26;A811;4304507;Cangucu;-31,40333333;-52,70083333;446,81
2026-03-08;1,2;16,6;22,3;18,608333333333334;89,875;960,6083333333332;5,8999999999999995;12,94;A811;4304507;Cangucu;-31,40333333;-52,70083333;446,81
2026-03-09;0,0;14,0;22,9;17,108333333333334;85,33333333333333;964,3583333333332;5,520833333333333;13,69;A811;4304507;Cangucu;-31,40333333;-52,70083333;446,81
2026-03-10;6,8;16,1;19,6;17,349999999999998;98,95833333333333;964,1708333333332;5,370833333333334;7,45;A811;4304507;Cangucu;-31,40333333;-52,70083333;446,81
2026-03-11;1,0;17,0;25,2;19,575;94,79166666666667;961,3249999999999;4,541666666666667;12,88;A811;4304507;Cangucu;-31,40333333;-52,70083333;446,81
2026-03-12;0,4;17,4;25,6;20,420833333333334;88,58333333333333;959,5583333333334;5,116666666666666;18,99;A811;4304507;Cangucu;-31,40333333;-52,70083333;446,81
2026-03-13;0,2;16,5;25,2;19,4875;90,0;958,3666666666667;3,9375;18,4;A811;4304507;Cangucu;-31,40333333;-52,70083333;446,81
2026-03-14;0,4;16,8;26,2;19,825;86,20833333333333;956,5541666666667;2,6041666666666665;18,96;A811;4304507;Cangucu;-31,40333333;-52,70083333;446,81
2026-03-15;0,0;17,2;29,8;21,537499999999998;81,16666666666667;955,5500000000001;3,7083333333333335;22,67;A811;4304507;Cangucu;-31,40333333;-52,70083333;446,81
2026-03-16;0,2;19,3;31,9;23,7;81,25;957,275;4,554166666666666;21,57;A811;4304507;Cangucu;-31,40333333;-52,70083333;446,81
2026-03-17;0,8;21,5;24,3;22,587500000000002;95,29166666666667;957,35;3,4250000000000003;6,24;A811;4304507;Cangucu;-31,40333333;-52,70083333;446,81
2026-03-18;0,8;20,2;25,1;21,6125;96,5;956,875;4,5375000000000005;5,86;A811;4304507;Cangucu;-31,40333333;-52,70083333;446,81
2026-03-19;1,6;18,8;27,1;21,1125;92,41666666666667;957,6750000000001;4,745833333333334;15,69;A811;4304507;Cangucu;-31,40333333;-52,70083333;446,81
2026-03-20;0,0;18,5;28,0;21,8125;88,29166666666667;956,9916666666667;4,0874999999999995;20,72;A811;4304507;Cangucu;-31,40333333;-52,70083333;446,81
2026-03-21;7,4;19,5;32,0;23,337500000000002;83,625;954,1333333333333;5,45;17,03;A811;4304507;Cangucu;-31,40333333;-52,70083333;446,81
2026-03-22;0,6000000000000001;15,4;24,6;20,054166666666667;91,70833333333333;958,0333333333333;4,5249999999999995;16,53;A811;4304507;Cangucu;-31,40333333;-52,70083333;446,81
2026-03-23;22,4;18,3;23,8;20,245833333333334;97,25;955,9125;4,408333333333333;6,57;A811;4304507;Cangucu;-31,40333333;-52,70083333;446,81
2026-03-24;1,8;14,6;23,2;18,1875;83,04166666666667;957,475;3,933333333333333;23,09;A811;4304507;Cangucu;-31,40333333;-52,70083333;446,81
2026-03-25;0,6000000000000001;14,2;22,9;16,933333333333334;85,16666666666667;961,0833333333334;4,608333333333333;12,31;A811;4304507;Cangucu;-31,40333333;-52,70083333;446,81
2026-03-26;1,0;16,2;21,4;18,325;98,29166666666667;962,5833333333334;4,820833333333334;7,09;A811;4304507;Cangucu;-31,40333333;-52,70083333;446,81
2026-03-27;0,8;20,1;30,7;23,3875;93,08333333333333;962,375;2,525;15,77;A811;4304507;Cangucu;-31,40333333;-52,70083333;446,81
2026-03-28;0,0;22,7;29,9;24,891666666666666;89,58333333333333;963,4583333333334;3,608333333333333;14,59;A811;4304507;Cangucu;-31,40333333;-52,70083333;446,81
2026-03-29;8,600000000000001;21,2;31,6;24,454166666666666;88,70833333333333;963,7583333333333;2,8833333333333333;10,59;A811;4304507;Cangucu;-31,40333333;-52,70083333;446,81
2026-03-30;4,8;21,2;26,8;22,59583333333333;97,04166666666667;962,8083333333334;3,2458333333333336;9,54;A811;4304507;Cangucu;-31,40333333;-52,70083333;446,81
2026-03-31;0,2;19,4;26,8;22,145833333333332;88,875;960,1541666666667;4,4375;20,17;A811;4304507;Cangucu;-31,40333333;-52,70083333;446,81
2026-04-01;0,0;17,8;27,1;21,604166666666668;82,75;957,6833333333334;3,7416666666666667;21,37;A811;4304507;Cangucu;-31,40333333;-52,70083333;446,81
2026-04-02;0,0;18,0;27,3;21,891666666666666;83,54166666666667;957,6374999999999;2,8958333333333335;19,53;A811;4304507;Cangucu;-31,40333333;-52,70083333;446,81
2026-04-03;0,0;18,1;28,4;22,0125;85,41666666666667;959,4208333333332;2,8708333333333336;18,33;A811;4304507;Cangucu;-31,40333333;-52,70083333;446,81
2026-04-04;2,8;16,0;25,9;20,579166666666666;93,625;960,725;4,766666666666667;9,65;A811;4304507;Cangucu;-31,40333333;-52,70083333;446,81
2026-04-05;0,4;13,0;19,7;15,458333333333334;86,54166666666667;966,1999999999999;6,108333333333333;11,29;A811;4304507;Cangucu;-31,40333333;-52,70083333;446,81
2026-04-06;0,2;14,6;21,5;17,691666666666666;86,125;963,9083333333333;5,141666666666667;7,5;A811;4304507;Cangucu;-31,40333333;-52,70083333;446,81
2026-04-07;17,6;18,5;20,0;19,408333333333335;99,45833333333333;955,6291666666666;5,2749999999999995;2,98;A811;4304507;Cangucu;-31,40333333;-52,70083333;446,81
2026-04-08;3,2;16,0;21,3;17,916666666666668;93,45833333333333;951,7583333333333;6,995833333333334;10,69;A811;4304507;Cangucu;-31,40333333;-52,70083333;446,81
2026-04-09;2,4;13,5;20,8;16,154166666666665;87,91666666666667;960,5708333333333;3,8791666666666664;15,68;A811;4304507;Cangucu;-31,40333333;-52,70083333;446,81
2026-04-10;0,2;11,8;21,0;15,329166666666666;78,625;964,6625;2,779166666666667;20,25;A811;4304507;Cangucu;-31,40333333;-52,70083333;446,81
2026-04-11;0,0;13,8;23,7;17,558333333333334;84,54166666666667;964,5958333333333;4,266666666666667;19,73;A811;4304507;Cangucu;-31,40333333;-52,70083333;446,81
2026-04-12;0,2;17,7;24,3;19,320833333333333;90,58333333333333;962,4250000000001;5,120833333333333;12,39;A811;4304507;Cangucu;-31,40333333;-52,70083333;446,81
2026-04-13;0,0;18,0;25,6;20,258333333333333;88,875;963,0;3,3958333333333335;12,11;A811;4304507;Cangucu;-31,40333333;-52,70083333;446,81
2026-04-14;0,0;18,0;26,5;20,5625;91,25;961,8166666666666;4,191666666666666;14,84;A811;4304507;Cangucu;-31,40333333;-52,70083333;446,81
2026-04-15;0,0;19,4;24,9;20,920833333333334;88,25;959,4916666666667;5,254166666666666;11,42;A811;4304507;Cangucu;-31,40333333;-52,70083333;446,81
2026-04-16;6,3999999999999995;18,9;22,7;19,754166666666666;96,5;955,0041666666666;4,908333333333333;7,24;A811;4304507;Cangucu;-31,40333333;-52,70083333;446,81
2026-04-17;1,2;17,8;21,9;19,2375;91,91666666666667;952,3000000000001;5,741666666666667;9,25;A811;4304507;Cangucu;-31,40333333;-52,70083333;446,81
2026-04-18;0,0;14,5;24,6;18,724999999999998;79,875;954,8916666666668;3,4583333333333335;18,88;A811;4304507;Cangucu;-31,40333333;-52,70083333;446,81
2026-04-19;0,0;17,0;25,5;20,595833333333335;70,95833333333333;958,6583333333333;2,154166666666667;17,98;A811;4304507;Cangucu;-31,40333333;-52,70083333;446,81
2026-04-20;0,0;14,3;23,0;18,466666666666665;82,70833333333333;961,35;3,8791666666666664;12,81;A811;4304507;Cangucu;-31,40333333;-52,70083333;446,81
2026-04-21;2,0;17,5;24,8;19,383333333333333;93,79166666666667;961,7333333333332;3,5124999999999997;7,91;A811;4304507;Cangucu;-31,40333333;-52,70083333;446,81
2026-04-22;0,0;17,1;24,8;20,258333333333333;89,08333333333333;961,3958333333334;2,4833333333333334;13,59;A811;4304507;Cangucu;-31,40333333;-52,70083333;446,81
2026-04-23;0,2;13,8;19,7;15,883333333333333;93,79166666666667;965,1458333333334;3,516666666666667;5,15;A811;4304507;Cangucu;-31,40333333;-52,70083333;446,81
2026-04-24;6,0;14,5;18,7;15,979166666666666;99,125;963,5666666666666;4,0375000000000005;3,94;A811;4304507;Cangucu;-31,40333333;-52,70083333;446,81
2026-04-25;0,2;15,8;22,7;18,004166666666666;92,125;959,125;2,9583333333333335;12,37;A811;4304507;Cangucu;-31,40333333;-52,70083333;446,81
2026-04-26;0,0;15,5;23,2;18,2625;83,95833333333333;955,3583333333332;4,120833333333334;14,74;A811;4304507;Cangucu;-31,40333333;-52,70083333;446,81
2026-04-27;0,0;5,0;17,8;11,279166666666667;62,125;958,2375000000001;4,6875;17,55;A811;4304507;Cangucu;-31,40333333;-52,70083333;446,81
2026-04-28;0,0;7,6;17,5;11,183333333333332;70,625;962,4041666666667;2,4833333333333334;16,77;A811;4304507;Cangucu;-31,40333333;-52,70083333;446,81
2026-04-29;0,0;9,4;22,5;14,916666666666666;55,916666666666664;960,025;3,220833333333333;16,44;A811;4304507;Cangucu;-31,40333333;-52,70083333;446,81
2026-04-30;0,0;13,0;24,5;17,466666666666665;56,333333333333336;961,6374999999999;3,5541666666666667;16,23;A811;4304507;Cangucu;-31,40333333;-52,70083333;446,81
2026-05-01;41,0;14,8;17,4;15,870833333333332;85,91666666666667;959,9041666666667;6,016666666666667;1,44;A811;4304507;Cangucu;-31,40333333;-52,70083333;446,81
2026-05-02;9,4;10,5;17,2;15,316666666666668;89,625;960,7416666666667;5,520833333333333;7,83;A811;4304507;Cangucu;-31,40333333;-52,70083333;446,81
2026-05-03;0,0;5,9;16,9;10,370833333333334;68,33333333333333;967,7833333333333;2,8541666666666665;16,33;A811;4304507;Cangucu;-31,40333333;-52,70083333;446,81
2026-05-04;0,0;8,8;21,8;14,529166666666667;78,70833333333333;961,0166666666668;4,6875;15,05;A811;4304507;Cangucu;-31,40333333;-52,70083333;446,81
2026-05-05;0,0;16,8;27,6;21,0;88,45833333333333;960,9083333333333;5,008333333333334;11,43;A811;4304507;Cangucu;-31,40333333;-52,70083333;446,81
2026-05-06;0,0;20,7;28,8;23,741666666666664;79,66666666666667;960,65;4,783333333333333;13,71;A811;4304507;Cangucu;-31,40333333;-52,70083333;446,81
2026-05-07;1,0;16,5;27,4;22,254166666666666;81,16666666666667;950,7916666666666;5,854166666666667;8,82;A811;4304507;Cangucu;-31,40333333;-52,70083333;446,81
2026-05-08;29,2;7,5;17,3;11,616666666666667;82,66666666666667;948,9166666666666;7,245833333333334;11,54;A811;4304507;Cangucu;-31,40333333;-52,70083333;446,81
2026-05-09;0,0;4,3;12,8;7,695833333333333;69,5;957,975;6,75;13,81;A811;4304507;Cangucu;-31,40333333;-52,70083333;446,81
2026-05-10;0,8;5,3;11,7;7,595833333333334;84,08333333333333;963,9041666666667;5,054166666666666;13,12;A811;4304507;Cangucu;-31,40333333;-52,70083333;446,81
2026-05-11;0,0;4,9;14,8;8,612499999999999;69,83333333333333;964,1958333333333;4,529166666666667;15,32;A811;4304507;Cangucu;-31,40333333;-52,70083333;446,81
2026-05-12;0,0;6,9;17,5;11,170833333333334;64,25;962,1958333333333;6,520833333333333;15,05;A811;4304507;Cangucu;-31,40333333;-52,70083333;446,81
2026-05-13;0,0;9,9;18,7;12,958333333333334;72,875;961,0583333333334;4,095833333333333;14,0;A811;4304507;Cangucu;-31,40333333;-52,70083333;446,81
2026-05-14;0,0;8,3;14,8;11,066666666666668;85,875;963,0041666666666;2,5875;11,45;A811;4304507;Cangucu;-31,40333333;-52,70083333;446,81
2026-05-15;0,0;7,1;15,9;10,1;86,625;964,7333333333332;3,6750000000000003;14,1;A811;4304507;Cangucu;-31,40333333;-52,70083333;446,81
2026-05-16;0,0;8,1;15,9;11,283333333333333;91,125;961,6208333333334;3,6833333333333336;7,58;A811;4304507;Cangucu;-31,40333333;-52,70083333;446,81
2026-05-17;0,2;9,9;13,5;11,533333333333333;95,66666666666667;962,5041666666666;4,820833333333334;4,9;A811;4304507;Cangucu;-31,40333333;-52,70083333;446,81
2026-05-18;0,0;4,5;13,4;8,591666666666667;84,75;967,3916666666668;3,775;13,14;A811;4304507;Cangucu;-31,40333333;-52,70083333;446,81
2026-05-19;0,0;5,7;14,3;9,070833333333333;72,45833333333333;967,1875;2,1374999999999997;14,17;A811;4304507;Cangucu;-31,40333333;-52,70083333;446,81
2026-05-20;0,0;7,0;15,5;10,191666666666666;68,70833333333333;966,2875;3,6625;13,77;A811;4304507;Cangucu;-31,40333333;-52,70083333;446,81
2026-05-21;0,0;4,1;11,4;7,779166666666666;82,125;970,275;3,404166666666667;9,55;A811;4304507;Cangucu;-31,40333333;-52,70083333;446,81
2026-05-22;0,2;6,3;12,2;8,691666666666666;96,375;971,7375000000001;3,5875;4,78;A811;4304507;Cangucu;-31,40333333;-52,70083333;446,81
2026-05-23;3,6;10,3;15,3;11,9;97,875;970,275;2,783333333333333;6,23;A811;4304507;Cangucu;-31,40333333;-52,70083333;446,81
2026-05-24;0,0;11,1;16,9;12,958333333333334;95,0;967,8125;3,2708333333333335;8,34;A811;4304507;Cangucu;-31,40333333;-52,70083333;446,81
2026-05-25;0,2;11,6;18,1;13,9125;93,66666666666667;965,5833333333334;3,829166666666667;8,17;A811;4304507;Cangucu;-31,40333333;-52,70083333;446,81
2026-05-26;8,6;13,0;16,1;14,1;99,25;964,3000000000001;3,0708333333333333;4,41;A811;4304507;Cangucu;-31,40333333;-52,70083333;446,81
2026-05-27;0,2;11,2;17,4;13,295833333333334;95,83333333333333;967,3666666666667;2,9375;9,14;A811;4304507;Cangucu;-31,40333333;-52,70083333;446,81
2026-05-28;0,2;10,9;14,0;11,945833333333333;96,70833333333333;967,1541666666667;2,670833333333333;3,94;A811;4304507;Cangucu;-31,40333333;-52,70083333;446,81
2026-05-29;0,0;11,1;15,7;12,616666666666667;95,41666666666667;967,1916666666666;3,5875;5,05;A811;4304507;Cangucu;-31,40333333;-52,70083333;446,81
2026-05-30;0,0;12,9;19,2;14,329166666666666;92,54166666666667;966,475;2,733333333333333;7,34;A811;4304507;Cangucu;-31,40333333;-52,70083333;446,81
2026-05-31;0,0;12,7;16,5;14,545833333333334;92,58333333333333;965,4208333333332;2,841666666666667;8,17;A811;4304507;Cangucu;-31,40333333;-52,70083333;446,81
2026-06-01;0,0;10,0;14,4;11,765217391304349;92,8695652173913;967,1478260869566;2,856521739130435;6,76;A811;4304507;Cangucu;-31,40333333;-52,70083333;446,81
2026-06-02;4,4;9,5;13,6;11,5625;98,04166666666667;970,2416666666667;4,3;4,41;A811;4304507;Cangucu;-31,40333333;-52,70083333;446,81
2026-06-03;1,6;12,1;17,8;13,895833333333334;97,0;970,3291666666668;3,9958333333333336;6,32;A811;4304507;Cangucu;-31,40333333;-52,70083333;446,81
2026-06-04;0,2;12,5;19,9;15,058333333333332;90,58333333333333;970,9083333333333;3,970833333333333;12,27;A811;4304507;Cangucu;-31,40333333;-52,70083333;446,81
2026-06-05;0,0;13,6;21,3;16,341666666666665;87,83333333333333;967,4666666666667;3,8666666666666667;10,96;A811;4304507;Cangucu;-31,40333333;-52,70083333;446,81
2026-06-06;0,0;13,7;19,6;16,504166666666666;90,95833333333333;963,25;1,6208333333333333;7,72;A811;4304507;Cangucu;-31,40333333;-52,70083333;446,81
2026-06-07;0,2;11,8;16,4;13,466666666666667;97,16666666666667;963,15;3,025;5,66;A811;4304507;Cangucu;-31,40333333;-52,70083333;446,81
2026-06-08;17,400000000000002;10,9;13,5;12,299999999999999;100,0;963,0875;4,604166666666667;2,29;A811;4304507;Cangucu;-31,40333333;-52,70083333;446,81
2026-06-09;4,4;10,1;15,0;11,516666666666666;95,375;962,1666666666666;3,3375;8,69;A811;4304507;Cangucu;-31,40333333;-52,70083333;446,81
2026-06-10;5,6000000000000005;8,3;15,6;10,841666666666667;93,25;961,9499999999999;2,7624999999999997;11,24;A811;4304507;Cangucu;-31,40333333;-52,70083333;446,81
2026-06-11;0,4;9,8;15,2;11,799999999999999;95,04166666666667;961,3541666666666;3,0708333333333333;5,56;A811;4304507;Cangucu;-31,40333333;-52,70083333;446,81
2026-06-12;21,6;10,2;12,7;11,775;100,0;957,0083333333333;7,5;1,27;A811;4304507;Cangucu;-31,40333333;-52,70083333;446,81
2026-06-13;0,8;9,3;16,7;11,6625;92,45833333333333;960,6541666666667;2,7583333333333333;8,87;A811;4304507;Cangucu;-31,40333333;-52,70083333;446,81
2026-06-14;0,2;6,3;11,7;9,091666666666667;93,20833333333333;963,6875;2,9958333333333336;4,9;A811;4304507;Cangucu;-31,40333333;-52,70083333;446,81
2026-06-15;0,0;3,7;11,1;6,708333333333333;78,16666666666667;966,7083333333334;1,7458333333333333;11,99;A811;4304507;Cangucu;-31,40333333;-52,70083333;446,81
2026-06-16;0,0;3,3;13,8;7,641666666666667;73,25;964,4416666666666;5,1499999999999995;12,36;A811;4304507;Cangucu;-31,40333333;-52,70083333;446,81
2026-06-17;0,0;7,7;13,7;9,887500000000001;77,91666666666667;966,5083333333333;4,5249999999999995;12,17;A811;4304507;Cangucu;-31,40333333;-52,70083333;446,81
2026-06-18;0,0;6,5;13,9;9,375;88,04166666666667;966,8375;5,004166666666666;7,81;A811;4304507;Cangucu;-31,40333333;-52,70083333;446,81
2026-06-19;6,3999999999999995;8,4;12,9;11,200000000000001;92,91666666666667;958,7958333333332;6,141666666666667;1,92;A811;4304507;Cangucu;-31,40333333;-52,70083333;446,81
2026-06-20;0,2;4,3;12,0;7,3875;91,0;962,2041666666668;2,8333333333333335;11,23;A811;4304507;Cangucu;-31,40333333;-52,70083333;446,81
2026-06-21;0,0;5,3;13,2;8,137500000000001;80,375;960,7125;2,6416666666666666;8,9;A811;4304507;Cangucu;-31,40333333;-52,70083333;446,81
2026-06-22;6,6;5,3;8,8;7,5375000000000005;97,25;958,0541666666667;3,016666666666667;1,46;A811;4304507;Cangucu;-31,40333333;-52,70083333;446,81
2026-06-23;0,4;3,2;8,7;5,45;87,08333333333333;960,3541666666666;5,441666666666666;11,62;A811;4304507;Cangucu;-31,40333333;-52,70083333;446,81
2026-06-24;0,0;1,2;11,3;5,641666666666667;77,45833333333333;962,4250000000001;5,341666666666666;9,82;A811;4304507;Cangucu;-31,40333333;-52,70083333;446,81
2026-06-25;0,0;4,1;14,1;8,191666666666666;74,20833333333333;965,7791666666667;5,458333333333333;12,13;A811;4304507;Cangucu;-31,40333333;-52,70083333;446,81
2026-06-26;0,0;6,6;16,5;10,470833333333333;75,04166666666667;967,0583333333334;4,770833333333333;12,09;A811;4304507;Cangucu;-31,40333333;-52,70083333;446,81
2026-06-27;0,0;8,2;17,5;12,383333333333333;68,0;966,225;3,4291666666666667;12,09;A811;4304507;Cangucu;-31,40333333;-52,70083333;446,81
2026-06-28;29,799999999999997;11,7;16,0;14,004166666666668;92,83333333333333;959,975;4,8125;2,8;A811;4304507;Cangucu;-31,40333333;-52,70083333;446,81
2026-06-29;0,0;5,8;14,5;9,0875;88,91666666666667;963,7291666666666;2,5500000000000003;11,85;A811;4304507;Cangucu;-31,40333333;-52,70083333;446,81
2026-06-30;0,2;4,3;11,9;7,591666666666666;94,79166666666667;963,9166666666666;3,2583333333333333;8,07;A811;4304507;Cangucu;-31,40333333;-52,70083333;446,81
2026-07-01;0,4;8,3;14,9;10,825000000000001;96,625;962,3916666666668;3,533333333333333;6,17;A811;4304507;Cangucu;-31,40333333;-52,70083333;446,81
2026-07-02;7,0;4,0;12,9;8,466666666666667;100,0;967,1958333333333;6,320833333333333;1,37;A811;4304507;Cangucu;-31,40333333;-52,70083333;446,81
2026-07-03;0,0;-0,7;7,5;3,0625;89,95833333333333;969,6833333333334;4,6125;8,13;A811;4304507;Cangucu;-31,40333333;-52,70083333;446,81
2026-07-04;0,6000000000000001;5,2;8,9;6,504166666666666;99,70833333333333;969,4041666666667;3,1333333333333333;5,17;A811;4304507;Cangucu;-31,40333333;-52,70083333;446,81
2026-07-05;0,4;5,9;10,5;8,295833333333333;100,0;966,2375000000001;2,7291666666666665;3,68;A811;4304507;Cangucu;-31,40333333;-52,70083333;446,81
2026-07-06;0,2;5,4;10,3;8,75;90,83333333333333;962,8874999999999;3,7583333333333333;6,65;A811;4304507;Cangucu;-31,40333333;-52,70083333;446,81
2026-07-07;0,0;2,1;12,8;6,416666666666667;76,29166666666667;963,9875000000001;6,016666666666667;12,81;A811;4304507;Cangucu;-31,40333333;-52,70083333;446,81
2026-07-08;0,0;5,9;16,3;10,104166666666666;68,0;964,0708333333333;5,4624999999999995;12,57;A811;4304507;Cangucu;-31,40333333;-52,70083333;446,81
2026-07-09;0,0;10,2;19,9;14,345833333333333;54,625;961,4208333333332;5,25;10,22;A811;4304507;Cangucu;-31,40333333;-52,70083333;446,81
2026-07-10;0,0;10,8;16,6;13,85;70,79166666666667;959,9416666666666;3,2708333333333335;10,46;A811;4304507;Cangucu;-31,40333333;-52,70083333;446,81
2026-07-11;6,0;11,3;12,8;12,066666666666668;99,79166666666667;958,7541666666666;4,0125;2,46;A811;4304507;Cangucu;-31,40333333;-52,70083333;446,81
2026-07-12;4,2;6,9;11,8;9,595833333333333;97,58333333333333;961,4166666666666;3,091666666666667;4,97;A811;4304507;Cangucu;-31,40333333;-52,70083333;446,81
2026-07-13;5,6;7,6;10,5;8,866666666666667;99,83333333333333;966,7958333333332;2,6958333333333333;4,42;A811;4304507;Cangucu;-31,40333333;-52,70083333;446,81
2026-07-14;0,0;7,5;15,9;11,012500000000001;87,0;966,5541666666667;4,045833333333333;12,78;A811;4304507;Cangucu;-31,40333333;-52,70083333;446,81
2026-07-15;0,0;9,0;18,9;12,950000000000001;81,5;962,4333333333334;5,204166666666667;13,18;A811;4304507;Cangucu;-31,40333333;-52,70083333;446,81
2026-07-16;0,0;13,6;24,3;17,974999999999998;63,708333333333336;958,2166666666667;7,170833333333333;11,6;A811;4304507;Cangucu;-31,40333333;-52,70083333;446,81
2026-07-17;0,0;19,2;26,8;21,954166666666666;62,625;951,6125000000001;6,7124999999999995;9,23;A811;4304507;Cangucu;-31,40333333;-52,70083333;446,81
2026-07-18;0,0;16,6;24,8;22,34166666666667;73,45833333333333;950,5583333333334;6,2;3,73;A811;4304507;Cangucu;-31,40333333;-52,70083333;446,81
2026-07-19;44,0;13,6;18,7;15,508333333333333;95,75;951,5375;6,7875000000000005;0,77;A811;4304507;Cangucu;-31,40333333;-52,70083333;446,81
2026-07-20;39,0;15,4;16,6;15,9375;99,95833333333333;953,5958333333333;2,720833333333333;1,39;A811;4304507;Cangucu;-31,40333333;-52,70083333;446,81
2026-07-21;0,8;14,1;17,6;16,366666666666667;100,0;954,0875;3,2291666666666665;1,6;A811;4304507;Cangucu;-31,40333333;-52,70083333;446,81
2026-07-22;11,6;11,2;14,4;13,320833333333333;100,0;957,8416666666667;6,175;3,45;A811;4304507;Cangucu;-31,40333333;-52,70083333;446,81
2026-07-23;4,8;10,2;14,1;11,416666666666666;97,0;965,2291666666666;6,0625;7,85;A811;4304507;Cangucu;-31,40333333;-52,70083333;446,81
2026-07-24;0,0;9,8;16,3;12,208333333333334;95,875;965,2083333333334;4,091666666666667;8,1;A811;4304507;Cangucu;-31,40333333;-52,70083333;446,81
2026-07-25;0,2;9,8;20,9;14,975;92,16666666666667;963,9125;2,2083333333333335;13,29;A811;4304507;Cangucu;-31,40333333;-52,70083333;446,81
2026-07-26;0,8;13,3;17,7;14,887500000000001;98,625;961,9625;3,9125;2,66;A811;4304507;Cangucu;-31,40333333;-52,70083333;446,81
2026-07-27;10,2;12,4;16,9;14,554166666666667;99,83333333333333;959,3666666666667;3,6916666666666664;3,92;A811;4304507;Cangucu;-31,40333333;-52,70083333;446,81
2026-07-28;21,0;14,6;18,4;16,366666666666667;99,33333333333333;955,6541666666667;3,2624999999999997;2,28;A811;4304507;Cangucu;-31,40333333;-52,70083333;446,81
2026-07-29;21,2;11,6;15,9;13,424999999999999;96,95833333333333;959,5208333333334;4,208333333333333;6,01;A811;4304507;Cangucu;-31,40333333;-52,70083333;446,81
2026-07-30;0,8;11,1;15,9;12,829166666666666;96,45833333333333;966,6458333333334;4,170833333333333;6,76;A811;4304507;Cangucu;-31,40333333;-52,70083333;446,81
2026-07-31;0,0;12,2;23,4;16,754166666666666;91,08333333333333;963,0;5,958333333333333;13,92;A811;4304507;Cangucu;-31,40333333;-52,70083333;446,81
2026-08-01;8,0;13,2;23,8;17,9375;84,375;956,4083333333333;6,041666666666667;7,64;A811;4304507;Cangucu;-31,40333333;-52,70083333;446,81
2026-08-02;1,2000000000000002;12,1;16,0;13,720833333333333;98,29166666666667;963,1333333333333;2,375;4,22;A811;4304507;Cangucu;-31,40333333;-52,70083333;446,81
2026-08-03;0,0;12,7;22,2;15,891666666666666;94,625;962,6166666666667;4,0125;11,86;A811;4304507;Cangucu;-31,40333333;-52,70083333;446,81
2026-08-04;1,2;16,0;21,3;17,729166666666668;95,625;960,9916666666667;3,908333333333333;4,44;A811;4304507;Cangucu;-31,40333333;-52,70083333;446,81
2026-08-05;11,4;14,1;21,6;16,745833333333334;96,20833333333333;959,6875;3,095833333333333;11,29;A811;4304507;Cangucu;-31,40333333;-52,70083333;446,81
2026-08-06;22,799999999999997;12,6;22,7;17,7;95,41666666666667;951,8291666666668;4,320833333333334;9,69;A811;4304507;Cangucu;-31,40333333;-52,70083333;446,81
2026-08-07;1,6;5,7;13,5;9,35;82,08333333333333;954,0708333333333;4,883333333333334;14,57;A811;4304507;Cangucu;-31,40333333;-52,70083333;446,81
2026-08-08;0,0;4,4;7,4;5,8;87,58333333333333;955,3416666666667;3,2583333333333333;0,04;A811;4304507;Cangucu;-31,40333333;-52,70083333;446,81
2026-08-09;0,0;4,2;12,7;8,01304347826087;63,17391304347826;963,6608695652175;3,025;16,51;A811;4304507;Cangucu;-31,40333333;-52,70083333;446,81
2026-08-10;0,0;2,7;10,8;6,233333333333333;73,54166666666667;974,0708333333333;4,566666666666667;11,89;A811;4304507;Cangucu;-31,40333333;-52,70083333;446,81
2026-08-11;0,0;3,2;13,4;7,133333333333334;88,29166666666667;974,2875;5,2;7,98;A811;4304507;Cangucu;-31,40333333;-52,70083333;446,81
2026-08-12;26,4;8,7;11,5;10,1;99,16666666666667;965,5916666666667;5,491666666666667;1,68;A811;4304507;Cangucu;-31,40333333;-52,70083333;446,81
2026-08-13;13,0;8,6;11,7;9,75;100,0;964,1;7,325;1,1;A811;4304507;Cangucu;-31,40333333;-52,70083333;446,81
2026-08-14;4,8;8,8;12,8;10,845833333333333;100,0;967,6208333333334;5,554166666666667;4,38;A811;4304507;Cangucu;-31,40333333;-52,70083333;446,81
2026-08-15;3,6;11,6;15,8;13,549999999999999;99,95833333333333;964,5416666666666;6,129166666666666;5,01;A811;4304507;Cangucu;-31,40333333;-52,70083333;446,81
2026-08-16;84,60000000000001;14,7;17,8;16,150000000000002;99,83333333333333;959,9791666666666;5,570833333333333;0,82;A811;4304507;Cangucu;-31,40333333;-52,70083333;446,81
2026-08-17;0,0;16,7;19,1;18,1;92,875;957,675;7,15;0,0;A811;4304507;Cangucu;-31,40333333;-52,70083333;446,81
2026-08-18;0,0;;;;;;;0,0;A811;4304507;Cangucu;-31,40333333;-52,70083333;446,81
2026-08-19;0,0;;;;;;;0,0;A811;4304507;Cangucu;-31,40333333;-52,70083333;446,81
2026-08-20;0,0;;;;;;;0,0;A811;4304507;Cangucu;-31,40333333;-52,70083333;446,81
2026-08-21;0,0;;;;;;;0,0;A811;4304507;Cangucu;-31,40333333;-52,70083333;446,81
2026-08-22;0,0;;;;;;;0,0;A811;4304507;Cangucu;-31,40333333;-52,70083333;446,81
2026-08-23;0,0;;;;;;;0,0;A811;4304507;Cangucu;-31,40333333;-52,70083333;446,81
2026-08-24;0,0;;;;;;;0,0;A811;4304507;Cangucu;-31,40333333;-52,70083333;446,81
2026-08-25;0,0;;;;;;;0,0;A811;4304507;Cangucu;-31,40333333;-52,70083333;446,81
2026-08-26;0,0;;;;;;;0,0;A811;4304507;Cangucu;-31,40333333;-52,70083333;446,81
2026-08-27;0,0;;;;;;;0,0;A811;4304507;Cangucu;-31,40333333;-52,70083333;446,81
2026-08-28;0,0;;;;;;;0,0;A811;4304507;Cangucu;-31,40333333;-52,70083333;446,81
2026-08-29;0,0;;;;;;;0,0;A811;4304507;Cangucu;-31,40333333;-52,70083333;446,81
2026-08-30;0,0;;;;;;;0,0;A811;4304507;Cangucu;-31,40333333;-52,70083333;446,81
2026-08-31;0,0;;;;;;;0,0;A811;4304507;Cangucu;-31,40333333;-52,70083333;446,81
2026-01-01;6,800000000000001;19,2;34,1;25,995833333333334;63,333333333333336;981,25;2,3272727272727276;32,35;A827;4301602;Bage;-31,34777777;-54,01333333;226,19
2026-01-02;0,0;17,6;30,1;23,458333333333332;75,91666666666667;980,5333333333333;2,283333333333333;32,1;A827;4301602;Bage;-31,34777777;-54,01333333;226,19
2026-01-03;0,0;18,1;25,5;20,479166666666668;66,58333333333333;982,3458333333333;2,9;32,25;A827;4301602;Bage;-31,34777777;-54,01333333;226,19
2026-01-04;0,0;8,2;22,7;16,45;58,291666666666664;991,475;2,5791666666666666;29,91;A827;4301602;Bage;-31,34777777;-54,01333333;226,19
2026-01-05;0,0;9,5;25,9;17,958333333333332;60,041666666666664;992,7166666666667;1,9333333333333333;33,64;A827;4301602;Bage;-31,34777777;-54,01333333;226,19
2026-01-06;0,0;14,9;30,1;21,77916666666667;62,25;988,1958333333333;4,25;33,24;A827;4301602;Bage;-31,34777777;-54,01333333;226,19
2026-01-07;5,0;18,6;31,9;23,129166666666666;70,33333333333333;985,9625;3,579166666666667;16,9;A827;4301602;Bage;-31,34777777;-54,01333333;226,19
2026-01-08;0,0;16,7;27,5;20,83478260869565;84,26086956521739;989,9304347826088;4,77391304347826;17,46;A827;4301602;Bage;-31,34777777;-54,01333333;226,19
2026-01-09;10,2;19,4;24,4;21,441666666666666;87,0;988,8375;5,904166666666666;7,58;A827;4301602;Bage;-31,34777777;-54,01333333;226,19
2026-01-10;1,2;20,1;26,8;22,741666666666664;84,25;982,0916666666667;5,858333333333333;15,97;A827;4301602;Bage;-31,34777777;-54,01333333;226,19
2026-01-11;0,6000000000000001;14,9;25,8;19,170833333333334;86,45833333333333;982,9208333333332;3,408333333333333;14,33;A827;4301602;Bage;-31,34777777;-54,01333333;226,19
2026-01-12;1,2000000000000002;17,9;27,6;21,90833333333333;82,16666666666667;985,8083333333334;1,8625;24,69;A827;4301602;Bage;-31,34777777;-54,01333333;226,19
2026-01-13;0,0;17,1;29,5;23,229166666666668;77,29166666666667;986,2916666666666;1,985;30,62;A827;4301602;Bage;-31,34777777;-54,01333333;226,19
2026-01-14;0,0;20,3;31,9;25,7;72,0;986,5375;2,1708333333333334;26,3;A827;4301602;Bage;-31,34777777;-54,01333333;226,19
2026-01-15;0,0;22,2;34,2;27,59166666666667;68,75;984,8583333333332;4,2250000000000005;26,39;A827;4301602;Bage;-31,34777777;-54,01333333;226,19
2026-01-16;2,0;21,2;26,6;23,620833333333334;84,75;986,7666666666668;3,104347826086957;10,63;A827;4301602;Bage;-31,34777777;-54,01333333;226,19
2026-01-17;0,0;18,8;29,8;23,3125;82,41666666666667;986,5166666666668;2,716666666666667;19,58;A827;4301602;Bage;-31,34777777;-54,01333333;226,19
2026-01-18;0,2;20,7;31,4;24,775000000000002;76,0;984,0749999999999;2,488235294117647;28,21;A827;4301602;Bage;-31,34777777;-54,01333333;226,19
2026-01-19;0,0;11,5;24,0;18,254166666666666;69,54166666666667;992,3416666666667;7,266666666666667;26,02;A827;4301602;Bage;-31,34777777;-54,01333333;226,19
2026-01-20;0,0;8,7;26,6;17,860869565217392;66,47826086956522;992,3565217391305;3,9181818181818184;26,69;A827;4301602;Bage;-31,34777777;-54,01333333;226,19
2026-01-21;0,0;13,5;28,0;20,354166666666668;64,5;991,1708333333332;4,154166666666667;28,12;A827;4301602;Bage;-31,34777777;-54,01333333;226,19
2026-01-22;0,0;15,9;31,2;22,712500000000002;64,54166666666667;990,1083333333332;3,525;29,88;A827;4301602;Bage;-31,34777777;-54,01333333;226,19
2026-01-23;0,0;16,7;29,8;23,275000000000002;63,25;990,8125;4,504166666666666;31,29;A827;4301602;Bage;-31,34777777;-54,01333333;226,19
2026-01-24;0,0;16,2;31,8;23,474999999999998;65,25;989,9208333333332;3,2375000000000003;31,97;A827;4301602;Bage;-31,34777777;-54,01333333;226,19
2026-01-25;0,0;18,6;33,6;25,5625;63,083333333333336;989,4833333333332;3,4625;30,85;A827;4301602;Bage;-31,34777777;-54,01333333;226,19
2026-01-26;0,0;19,5;35,9;26,816666666666666;66,66666666666667;988,4875000000001;3,5416666666666665;26,35;A827;4301602;Bage;-31,34777777;-54,01333333;226,19
2026-01-27;1,0;21,3;36,7;28,270833333333332;61,666666666666664;987,5833333333334;2,9583333333333335;21,6;A827;4301602;Bage;-31,34777777;-54,01333333;226,19
2026-01-28;0,0;20,7;34,7;26,641666666666666;70,5;987,1958333333333;2,504166666666667;29,69;A827;4301602;Bage;-31,34777777;-54,01333333;226,19
2026-01-29;4,4;20,0;32,1;24,570833333333336;78,95833333333333;987,4041666666667;3,533333333333333;22,46;A827;4301602;Bage;-31,34777777;-54,01333333;226,19
2026-01-30;0,0;17,9;30,8;23,566666666666666;79,04166666666667;986,9875000000001;3,654166666666667;24,62;A827;4301602;Bage;-31,34777777;-54,01333333;226,19
2026-01-31;0,2;17,8;28,9;22,145833333333332;79,54166666666667;984,4458333333333;3,025;24,51;A827;4301602;Bage;-31,34777777;-54,01333333;226,19
2026-02-01;0,0;14,1;29,3;21,4375;75,66666666666667;982,1666666666666;2,095833333333333;26,96;A827;4301602;Bage;-31,34777777;-54,01333333;226,19
2026-02-02;0,0;16,6;31,2;24,0;67,95833333333333;982,725;2,3041666666666667;24,73;A827;4301602;Bage;-31,34777777;-54,01333333;226,19
2026-02-03;0,0;19,5;34,2;26,429166666666664;59,041666666666664;981,7291666666666;3,1041666666666665;28,58;A827;4301602;Bage;-31,34777777;-54,01333333;226,19
2026-02-04;0,0;20,9;36,0;27,987499999999997;55,708333333333336;983,1625;2,9791666666666665;23,47;A827;4301602;Bage;-31,34777777;-54,01333333;226,19
2026-02-05;0,0;20,9;36,8;28,879166666666666;51,625;984,5708333333333;3,875;29,4;A827;4301602;Bage;-31,34777777;-54,01333333;226,19
2026-02-06;0,0;21,7;31,5;26,258333333333336;70,04166666666667;985,4416666666666;3,7416666666666667;24,77;A827;4301602;Bage;-31,34777777;-54,01333333;226,19
2026-02-07;0,0;16,7;30,7;23,354166666666668;59,458333333333336;988,9833333333332;4,125;30,4;A827;4301602;Bage;-31,34777777;-54,01333333;226,19
2026-02-08;0,0;16,0;31,7;23,59166666666667;51,25;988,975;4,229166666666667;30,36;A827;4301602;Bage;-31,34777777;-54,01333333;226,19
2026-02-09;0,0;17,0;33,3;24,320833333333336;60,5;985,6833333333334;4,2625;28,07;A827;4301602;Bage;-31,34777777;-54,01333333;226,19
2026-02-10;0,0;22,5;35,0;27,183333333333334;67,875;982,2791666666667;3,0416666666666665;19,23;A827;4301602;Bage;-31,34777777;-54,01333333;226,19
2026-02-11;0,0;21,9;38,0;29,075;63,958333333333336;981,625;4,1375;26,53;A827;4301602;Bage;-31,34777777;-54,01333333;226,19
2026-02-12;0,4;19,2;30,3;22,441666666666666;86,83333333333333;985,7541666666666;3,1833333333333336;3,21;A827;4301602;Bage;-31,34777777;-54,01333333;226,19
2026-02-13;1,2;16,9;29,5;22,458333333333332;81,375;989,6291666666666;3,475;23,86;A827;4301602;Bage;-31,34777777;-54,01333333;226,19
2026-02-14;0,0;16,3;29,4;22,295833333333334;72,33333333333333;992,8541666666666;4,754166666666666;26,8;A827;4301602;Bage;-31,34777777;-54,01333333;226,19
2026-02-15;16,2;18,6;32,1;23,445833333333336;79,16666666666667;988,0749999999999;4,383333333333334;21,59;A827;4301602;Bage;-31,34777777;-54,01333333;226,19
2026-02-16;2,2;20,9;31,0;25,145833333333332;81,58333333333333;986,3000000000001;2,2666666666666666;25,2;A827;4301602;Bage;-31,34777777;-54,01333333;226,19
2026-02-17;0,0;21,4;32,1;25,920833333333334;79,75;986,3125;2,095833333333333;19,24;A827;4301602;Bage;-31,34777777;-54,01333333;226,19
2026-02-18;0,0;19,4;31,2;25,087500000000002;74,58333333333333;986,8125;2,4875000000000003;26,14;A827;4301602;Bage;-31,34777777;-54,01333333;226,19
2026-02-19;2,4;19,8;27,2;22,570833333333336;83,75;985,0666666666666;3,4333333333333336;9,26;A827;4301602;Bage;-31,34777777;-54,01333333;226,19
2026-02-20;1,0;17,3;28,7;22,566666666666666;81,54166666666667;986,7666666666668;4,583333333333333;23,8;A827;4301602;Bage;-31,34777777;-54,01333333;226,19
2026-02-21;0,0;16,4;30,0;22,575;77,625;989,9375;4,408333333333333;26,45;A827;4301602;Bage;-31,34777777;-54,01333333;226,19
2026-02-22;0,0;17,7;31,0;23,6875;72,125;989,6999999999999;5,1625000000000005;28,19;A827;4301602;Bage;-31,34777777;-54,01333333;226,19
2026-02-23;0,0;19,9;30,9;24,3625;69,91666666666667;986,1583333333333;4,783333333333333;18,15;A827;4301602;Bage;-31,34777777;-54,01333333;226,19
2026-02-24;1,8;20,9;30,5;23,77916666666667;80,45833333333333;981,9125;3,9291666666666667;12,62;A827;4301602;Bage;-31,34777777;-54,01333333;226,19
2026-02-25;0,0;19,3;26,0;21,7;80,83333333333333;983,5208333333334;2,725;14,97;A827;4301602;Bage;-31,34777777;-54,01333333;226,19
2026-02-26;0,0;10,8;24,7;18,204166666666666;75,16666666666667;986,5833333333334;2,591666666666667;24,95;A827;4301602;Bage;-31,34777777;-54,01333333;226,19
2026-02-27;0,0;11,3;27,3;18,895833333333332;64,70833333333333;987,5124999999999;3,1625;28,2;A827;4301602;Bage;-31,34777777;-54,01333333;226,19
2026-02-28;0,0;14,7;28,9;20,875;67,875;987,6416666666668;3,141666666666667;26,71;A827;4301602;Bage;-31,34777777;-54,01333333;226,19
2026-03-01;0,0;14,1;29,5;21,395833333333332;66,66666666666667;988,2624999999999;3,8249999999999997;26,48;A827;4301602;Bage;-31,34777777;-54,01333333;226,19
2026-03-02;0,0;15,1;30,9;22,3;69,08333333333333;985,375;4,479166666666667;25,8;A827;4301602;Bage;-31,34777777;-54,01333333;226,19
2026-03-03;0,0;18,8;34,8;25,191666666666666;69,04166666666667;983,8041666666667;4,983333333333333;22,31;A827;4301602;Bage;-31,34777777;-54,01333333;226,19
2026-03-04;5,0;20,8;29,7;24,3625;76,5;985,1583333333333;3,9625;14,13;A827;4301602;Bage;-31,34777777;-54,01333333;226,19
2026-03-05;0,0;18,4;31,0;23,46666666666667;80,16666666666667;987,7125;4,129166666666666;22,81;A827;4301602;Bage;-31,34777777;-54,01333333;226,19
2026-03-06;0,0;18,2;31,6;23,3625;78,75;987,7458333333334;4,3374999999999995;18,69;A827;4301602;Bage;-31,34777777;-54,01333333;226,19
2026-03-07;19,8;19,1;26,0;21,808333333333334;88,66666666666667;985,2333333333332;4,2875000000000005;11,87;A827;4301602;Bage;-31,34777777;-54,01333333;226,19
2026-03-08;0,4;15,8;25,7;20,258333333333333;82,04166666666667;988,7458333333334;4,995833333333334;15,56;A827;4301602;Bage;-31,34777777;-54,01333333;226,19
2026-03-09;0,0;14,5;25,6;19,566666666666666;70,95833333333333;992,3375;5,366666666666667;18,0;A827;4301602;Bage;-31,34777777;-54,01333333;226,19
2026-03-10;0,0;16,5;22,3;19,341666666666665;85,41666666666667;992,3833333333333;4,354166666666667;4,28;A827;4301602;Bage;-31,34777777;-54,01333333;226,19
2026-03-11;0,0;17,4;28,4;21,537499999999998;83,70833333333333;989,2875;2,8000000000000003;14,53;A827;4301602;Bage;-31,34777777;-54,01333333;226,19
2026-03-12;0,0;17,6;28,1;22,40833333333333;80,91666666666667;987,375;4,116666666666666;19,33;A827;4301602;Bage;-31,34777777;-54,01333333;226,19
2026-03-13;0,0;13,6;28,2;20,245833333333334;79,875;987,0124999999999;2,6958333333333333;22,06;A827;4301602;Bage;-31,34777777;-54,01333333;226,19
2026-03-14;0,0;14,1;27,9;20,416666666666668;78,70833333333333;985,1416666666668;1,575;16,66;A827;4301602;Bage;-31,34777777;-54,01333333;226,19
2026-03-15;0,0;17,0;32,6;23,795833333333334;67,33333333333333;982,9208333333332;2,6458333333333335;24,52;A827;4301602;Bage;-31,34777777;-54,01333333;226,19
2026-03-16;0,0;20,3;35,4;26,3125;66,0;983,7541666666666;4,1125;21,73;A827;4301602;Bage;-31,34777777;-54,01333333;226,19
2026-03-17;0,8;22,8;30,3;25,354166666666668;78,41666666666667;983,7916666666666;4,4750000000000005;10,86;A827;4301602;Bage;-31,34777777;-54,01333333;226,19
2026-03-18;0,6000000000000001;21,3;26,2;23,150000000000002;90,83333333333333;984,8791666666666;3,6458333333333335;7,26;A827;4301602;Bage;-31,34777777;-54,01333333;226,19
2026-03-19;0,0;18,9;29,3;22,40833333333333;80,875;986,0583333333334;3,7291666666666665;16,75;A827;4301602;Bage;-31,34777777;-54,01333333;226,19
2026-03-20;0,0;17,3;31,6;23,570833333333336;74,95833333333333;984,0875;3,35;21,9;A827;4301602;Bage;-31,34777777;-54,01333333;226,19
2026-03-21;1,8;19,7;34,7;24,2625;80,70833333333333;980,5458333333332;5,579166666666667;13,63;A827;4301602;Bage;-31,34777777;-54,01333333;226,19
2026-03-22;0,2;14,9;28,2;21,483333333333334;79,125;986,2916666666666;2,9250000000000003;19,8;A827;4301602;Bage;-31,34777777;-54,01333333;226,19
2026-03-23;30,0;18,7;22,9;20,670833333333334;92,20833333333333;983,8833333333333;3,15;3,19;A827;4301602;Bage;-31,34777777;-54,01333333;226,19
2026-03-24;1,5999999999999999;13,7;24,7;19,254166666666666;73,79166666666667;986,5041666666666;2,2416666666666667;24,48;A827;4301602;Bage;-31,34777777;-54,01333333;226,19
2026-03-25;0,0;12,4;27,2;18,6375;74,91666666666667;989,3083333333334;2,9625;18,38;A827;4301602;Bage;-31,34777777;-54,01333333;226,19
2026-03-26;0,0;17,3;26,5;20,991666666666667;85,04166666666667;990,6125000000001;2,954166666666667;0,0;A827;4301602;Bage;-31,34777777;-54,01333333;226,19
2026-03-27;0,4;21,6;32,8;25,025000000000002;82,625;989,7416666666667;2,1999999999999997;0,0;A827;4301602;Bage;-31,34777777;-54,01333333;226,19
2026-03-28;3,6;22,4;33,5;26,037499999999998;87,20833333333333;990,5333333333333;2,5708333333333333;0,0;A827;4301602;Bage;-31,34777777;-54,01333333;226,19
2026-03-29;25,8;22,6;33,9;26,066666666666666;83,125;990,9291666666667;2,8791666666666664;0,0;A827;4301602;Bage;-31,34777777;-54,01333333;226,19
2026-03-30;1,2;21,7;27,6;24,15833333333333;90,0;990,3000000000001;2,904166666666667;0,0;A827;4301602;Bage;-31,34777777;-54,01333333;226,19
2026-03-31;0,0;20,1;30,3;24,587500000000002;79,625;987,1875;2,970833333333333;0,0;A827;4301602;Bage;-31,34777777;-54,01333333;226,19
2026-04-01;0,0;18,4;30,0;23,675;74,58333333333333;984,9208333333332;2,8958333333333335;0,0;A827;4301602;Bage;-31,34777777;-54,01333333;226,19
2026-04-02;0,0;16,5;29,8;22,75;78,20833333333333;985,3791666666666;2,158333333333333;0,0;A827;4301602;Bage;-31,34777777;-54,01333333;226,19
2026-04-03;0,0;18,5;30,3;23,40416666666667;77,41666666666667;987,2125;1,7208333333333332;0,0;A827;4301602;Bage;-31,34777777;-54,01333333;226,19
2026-04-04;0,4;15,8;25,7;21,245833333333334;88,0;989,1916666666666;3,625;0,0;A827;4301602;Bage;-31,34777777;-54,01333333;226,19
2026-04-05;0,0;12,9;22,5;17,066666666666666;71,75;995,1750000000001;5,208333333333333;0,0;A827;4301602;Bage;-31,34777777;-54,01333333;226,19
2026-04-06;2,2;16,3;23,3;19,495833333333334;76,25;991,3791666666666;4,420833333333333;0,0;A827;4301602;Bage;-31,34777777;-54,01333333;226,19
2026-04-07;24,0;19,6;21,6;20,879166666666666;94,08333333333333;982,9416666666666;5,1499999999999995;0,0;A827;4301602;Bage;-31,34777777;-54,01333333;226,19
2026-04-08;2,2;16,8;22,6;19,041666666666668;89,54166666666667;982,3833333333333;6,133333333333333;0,0;A827;4301602;Bage;-31,34777777;-54,01333333;226,19
2026-04-09;0,0;13,9;22,8;17,533333333333335;82,83333333333333;990,5;2,3958333333333335;0,0;A827;4301602;Bage;-31,34777777;-54,01333333;226,19
2026-04-10;0,0;9,6;23,5;16,224999999999998;75,54166666666667;993,7624999999999;1,4000000000000001;0,0;A827;4301602;Bage;-31,34777777;-54,01333333;226,19
2026-04-11;0,0;11,9;26,7;18,470833333333335;75,20833333333333;992,6083333333332;3,5;0,0;A827;4301602;Bage;-31,34777777;-54,01333333;226,19
2026-04-12;1,2000000000000002;18,7;22,6;20,420833333333334;90,5;990,5;3,7875;0,0;A827;4301602;Bage;-31,34777777;-54,01333333;226,19
2026-04-13;0,0;18,0;26,5;21,354166666666668;87,20833333333333;991,0916666666667;2,3173913043478263;0,0;A827;4301602;Bage;-31,34777777;-54,01333333;226,19
2026-04-14;0,0;18,6;27,9;22,162499999999998;82,04166666666667;989,1916666666666;3,9916666666666667;0,0;A827;4301602;Bage;-31,34777777;-54,01333333;226,19
2026-04-15;4,2;19,9;27,6;22,3625;81,79166666666667;986,1416666666668;4,6125;0,0;A827;4301602;Bage;-31,34777777;-54,01333333;226,19
2026-04-16;8,4;19,8;24,8;21,287499999999998;91,25;982,1416666666668;4,441666666666666;0,0;A827;4301602;Bage;-31,34777777;-54,01333333;226,19
2026-04-17;1,8;18,9;22,1;20,279166666666665;89,0;981,4416666666666;4,741666666666666;0,0;A827;4301602;Bage;-31,34777777;-54,01333333;226,19
2026-04-18;0,0;14,3;26,2;19,787499999999998;80,0;984,4791666666666;2,3625000000000003;0,0;A827;4301602;Bage;-31,34777777;-54,01333333;226,19
2026-04-19;0,0;13,0;28,5;19,791666666666668;72,70833333333333;987,0;1,6782608695652175;0,0;A827;4301602;Bage;-31,34777777;-54,01333333;226,19
2026-04-20;0,0;13,8;26,1;19,933333333333334;72,91666666666667;989,15;3,0500000000000003;0,0;A827;4301602;Bage;-31,34777777;-54,01333333;226,19
2026-04-21;2,2;18,8;25,3;20,82916666666667;86,66666666666667;989,6041666666666;2,245833333333333;0,0;A827;4301602;Bage;-31,34777777;-54,01333333;226,19
2026-04-22;0,0;17,4;24,5;20,379166666666666;89,20833333333333;990,1166666666667;2,2833333333333337;0,0;A827;4301602;Bage;-31,34777777;-54,01333333;226,19
2026-04-23;0,6000000000000001;13,1;19,9;16,179166666666667;86,45833333333333;994,35;2,3125;0,0;A827;4301602;Bage;-31,34777777;-54,01333333;226,19
2026-04-24;1,2;15,5;23,1;18,145833333333332;86,95833333333333;992,1041666666666;2,954166666666667;0,0;A827;4301602;Bage;-31,34777777;-54,01333333;226,19
2026-04-25;0,0;14,8;24,1;18,287499999999998;87,83333333333333;988,225;1,2666666666666666;0,0;A827;4301602;Bage;-31,34777777;-54,01333333;226,19
2026-04-26;0,0;13,8;25,5;18,654166666666665;78,0;984,3958333333334;3,0833333333333335;0,0;A827;4301602;Bage;-31,34777777;-54,01333333;226,19
2026-04-27;0,0;5,7;18,7;11,799999999999999;61,75;989,7416666666667;4,479166666666667;0,0;A827;4301602;Bage;-31,34777777;-54,01333333;226,19
2026-04-28;0,0;4,5;18,8;10,679166666666667;71,79166666666667;992,5041666666666;1,8375000000000001;0,0;A827;4301602;Bage;-31,34777777;-54,01333333;226,19
2026-04-29;0,0;6,9;24,6;14,2875;60,208333333333336;989,2041666666668;2,3333333333333335;0,0;A827;4301602;Bage;-31,34777777;-54,01333333;226,19
2026-04-30;0,0;10,6;26,1;17,150000000000002;56,708333333333336;990,3583333333332;2,1083333333333334;0,0;A827;4301602;Bage;-31,34777777;-54,01333333;226,19
2026-05-01;41,8;11,2;18,4;15,508333333333333;85,08333333333333;987,9958333333334;4,0649999999999995;0,0;A827;4301602;Bage;-31,34777777;-54,01333333;226,19
2026-05-02;0,6000000000000001;11,1;19,0;17,054166666666667;81,125;991,0916666666667;3,3625;0,0;A827;4301602;Bage;-31,34777777;-54,01333333;226,19
2026-05-03;0,0;2,1;19,1;10,354166666666666;67,95833333333333;997,9375;2,0875;0,0;A827;4301602;Bage;-31,34777777;-54,01333333;226,19
2026-05-04;0,0;7,1;25,1;14,683333333333332;70,29166666666667;989,9083333333333;2,8791666666666664;0,0;A827;4301602;Bage;-31,34777777;-54,01333333;226,19
2026-05-05;5,8;17,6;29,7;22,462500000000002;80,45833333333333;988,8541666666666;3,1916666666666664;0,0;A827;4301602;Bage;-31,34777777;-54,01333333;226,19
2026-05-06;0,8;19,9;31,3;25,037499999999998;75,75;987,875;4,416666666666667;0,0;A827;4301602;Bage;-31,34777777;-54,01333333;226,19
2026-05-07;29,2;16,7;29,0;23,5125;75,54166666666667;977,2583333333333;7,666666666666667;0,0;A827;4301602;Bage;-31,34777777;-54,01333333;226,19
2026-05-08;13,6;9,0;18,0;12,299999999999999;76,33333333333333;979,6166666666667;4,5874999999999995;0,0;A827;4301602;Bage;-31,34777777;-54,01333333;226,19
2026-05-09;0,0;5,4;11,1;8,541666666666666;70,70833333333333;989,1625;4,295833333333333;0,0;A827;4301602;Bage;-31,34777777;-54,01333333;226,19
2026-05-10;1,5999999999999999;6,2;13,2;9,0625;81,58333333333333;995,7458333333334;3,1791666666666667;0,0;A827;4301602;Bage;-31,34777777;-54,01333333;226,19
2026-05-11;0,0;4,7;16,2;9,254166666666666;69,20833333333333;995,6666666666666;2,091666666666667;0,0;A827;4301602;Bage;-31,34777777;-54,01333333;226,19
2026-05-12;0,0;5,3;18,6;10,908333333333333;69,75;992,9958333333334;3,341666666666667;0,0;A827;4301602;Bage;-31,34777777;-54,01333333;226,19
2026-05-13;0,0;9,0;19,3;12,995833333333332;75,04166666666667;991,2166666666667;1,7375;0,0;A827;4301602;Bage;-31,34777777;-54,01333333;226,19
2026-05-14;0,0;7,6;16,3;11,445833333333333;81,79166666666667;992,9166666666666;1,4875;0,0;A827;4301602;Bage;-31,34777777;-54,01333333;226,19
2026-05-15;0,0;4,2;18,3;10,558333333333334;79,91666666666667;994,5083333333333;1,7791666666666668;0,0;A827;4301602;Bage;-31,34777777;-54,01333333;226,19
2026-05-16;0,0;4,9;17,6;11,120833333333332;87,29166666666667;991,0749999999999;2,525;0,0;A827;4301602;Bage;-31,34777777;-54,01333333;226,19
2026-05-17;0,0;9,1;17,7;12,3125;87,29166666666667;992,4125;2,7916666666666665;0,0;A827;4301602;Bage;-31,34777777;-54,01333333;226,19
2026-05-18;0,0;3,9;14,8;9,741666666666667;79,625;998,4375;1,8583333333333334;0,0;A827;4301602;Bage;-31,34777777;-54,01333333;226,19
2026-05-19;0,0;2,6;15,4;8,15;74,45833333333333;998,1625;1,45;0,0;A827;4301602;Bage;-31,34777777;-54,01333333;226,19
2026-05-20;0,0;4,7;17,7;9,895833333333334;72,75;997,5375;1,6875;0,0;A827;4301602;Bage;-31,34777777;-54,01333333;226,19
2026-05-21;0,0;2,1;13,6;8,8375;77,16666666666667;1001,375;1,825;0,0;A827;4301602;Bage;-31,34777777;-54,01333333;226,19
2026-05-22;0,0;2,1;14,6;7,745833333333334;84,95833333333333;1002,2708333333334;2,245833333333333;0,0;A827;4301602;Bage;-31,34777777;-54,01333333;226,19
2026-05-23;0,0;9,4;18,4;12,766666666666666;88,16666666666667;999,9458333333333;2,7916666666666665;0,0;A827;4301602;Bage;-31,34777777;-54,01333333;226,19
2026-05-24;0,0;8,1;19,8;13,9625;84,625;997,0541666666667;2,4541666666666666;0,0;A827;4301602;Bage;-31,34777777;-54,01333333;226,19
2026-05-25;0,0;9,0;19,1;14,995833333333332;85,20833333333333;994,5541666666667;2,129166666666667;0,0;A827;4301602;Bage;-31,34777777;-54,01333333;226,19
2026-05-26;2,8;12,8;18,1;15,208333333333334;94,125;994,2708333333334;1,8529411764705883;0,0;A827;4301602;Bage;-31,34777777;-54,01333333;226,19
2026-05-27;0,0;11,9;19,7;14,558333333333332;87,45833333333333;997,0958333333333;2,0;0,0;A827;4301602;Bage;-31,34777777;-54,01333333;226,19
2026-05-28;0,0;9,2;18,4;13,545833333333334;85,625;996,475;2,2916666666666665;0,0;A827;4301602;Bage;-31,34777777;-54,01333333;226,19
2026-05-29;0,0;8,4;16,6;12,691304347826087;87,56521739130434;996,5347826086957;2,636842105263158;0,0;A827;4301602;Bage;-31,34777777;-54,01333333;226,19
2026-05-30;0,0;12,7;19,9;15,843478260869563;84,56521739130434;995,7826086956521;;0,0;A827;4301602;Bage;-31,34777777;-54,01333333;226,19
2026-05-31;0,0;10,9;17,3;13,404347826086957;93,52173913043478;995,7260869565217;;0,0;A827;4301602;Bage;-31,34777777;-54,01333333;226,19
2026-06-01;0,0;9,1;15,5;12,382608695652175;89,04347826086956;997,3130434782609;;0,0;A827;4301602;Bage;-31,34777777;-54,01333333;226,19
2026-06-02;0,0;8,2;17,6;12,704166666666666;89,33333333333333;999,9833333333332;;0,0;A827;4301602;Bage;-31,34777777;-54,01333333;226,19
2026-06-03;0,0;11,1;20,3;15,095833333333333;85,54166666666667;999,4875000000001;;0,0;A827;4301602;Bage;-31,34777777;-54,01333333;226,19
2026-06-04;0,0;12,4;23,1;16,154166666666665;84,95833333333333;999,7291666666666;;0,0;A827;4301602;Bage;-31,34777777;-54,01333333;226,19
2026-06-05;0,2;12,5;24,3;17,020833333333332;82,83333333333333;996,4;;0,0;A827;4301602;Bage;-31,34777777;-54,01333333;226,19
2026-06-06;0,0;10,5;21,9;16,3125;89,5;992,3958333333334;;0,0;A827;4301602;Bage;-31,34777777;-54,01333333;226,19
2026-06-07;0,0;13,2;17,3;14,995833333333332;92,5;992,1625;;0,0;A827;4301602;Bage;-31,34777777;-54,01333333;226,19
2026-06-08;24,8;13,0;16,0;14,058333333333332;96,75;992,3375;;0,0;A827;4301602;Bage;-31,34777777;-54,01333333;226,19
2026-06-09;6,0;11,0;16,1;12,820833333333333;91,79166666666667;992,3333333333334;;0,0;A827;4301602;Bage;-31,34777777;-54,01333333;226,19
2026-06-10;0,0;6,6;17,9;12,054166666666667;84,41666666666667;991,4666666666667;;0,0;A827;4301602;Bage;-31,34777777;-54,01333333;226,19
2026-06-11;4,8;8,0;14,1;11,15;92,70833333333333;991,2166666666667;;0,0;A827;4301602;Bage;-31,34777777;-54,01333333;226,19
2026-06-12;49,8;11,8;14,5;12,683333333333332;98,41666666666667;987,75;;0,0;A827;4301602;Bage;-31,34777777;-54,01333333;226,19
2026-06-13;0,0;11,2;17,1;13,200000000000001;92,58333333333333;991,1291666666666;;0,0;A827;4301602;Bage;-31,34777777;-54,01333333;226,19
2026-06-14;0,2;7,5;13,1;10,5375;85,83333333333333;994,625;;0,0;A827;4301602;Bage;-31,34777777;-54,01333333;226,19
2026-06-15;0,0;0,5;11,8;5,870833333333334;83,70833333333333;997,8916666666668;;0,0;A827;4301602;Bage;-31,34777777;-54,01333333;226,19
2026-06-16;0,0;1,7;16,5;7,491666666666667;74,08333333333333;995,6333333333333;;0,0;A827;4301602;Bage;-31,34777777;-54,01333333;226,19
2026-06-17;0,0;6,1;15,8;10,433333333333334;77,75;997,3708333333334;;0,0;A827;4301602;Bage;-31,34777777;-54,01333333;226,19
2026-06-18;0,0;6,4;17,4;10,533333333333333;77,25;995,6374999999999;;0,0;A827;4301602;Bage;-31,34777777;-54,01333333;226,19
2026-06-19;9,6;8,5;14,5;11,9125;89,70833333333333;989,2208333333333;;0,0;A827;4301602;Bage;-31,34777777;-54,01333333;226,19
2026-06-20;0,2;1,1;13,1;7,195833333333333;85,33333333333333;993,125;;0,0;A827;4301602;Bage;-31,34777777;-54,01333333;226,19
2026-06-21;0,0;1,8;14,4;7,508333333333333;83,41666666666667;990,8333333333334;;0,0;A827;4301602;Bage;-31,34777777;-54,01333333;226,19
2026-06-22;6,0;6,4;10,8;8,612499999999999;92,45833333333333;989,1;;0,0;A827;4301602;Bage;-31,34777777;-54,01333333;226,19
2026-06-23;0,0;2,6;11,4;6,545833333333333;80,79166666666667;992,2624999999999;;0,0;A827;4301602;Bage;-31,34777777;-54,01333333;226,19
2026-06-24;0,0;2,0;13,2;7,125;70,66666666666667;993,2375000000001;;0,0;A827;4301602;Bage;-31,34777777;-54,01333333;226,19
2026-06-25;0,0;3,4;16,8;9,004166666666666;72,04166666666667;996,2333333333332;;0,0;A827;4301602;Bage;-31,34777777;-54,01333333;226,19
2026-06-26;0,0;3,9;18,1;11,3375;69,08333333333333;996,9916666666667;;0,0;A827;4301602;Bage;-31,34777777;-54,01333333;226,19
2026-06-27;0,0;4,9;19,8;12,0625;67,70833333333333;995,6583333333333;;0,0;A827;4301602;Bage;-31,34777777;-54,01333333;226,19
2026-06-28;0,8;12,0;17,3;14,683333333333332;84,58333333333333;989,7875;;0,0;A827;4301602;Bage;-31,34777777;-54,01333333;226,19
2026-06-29;0,2;5,0;12,7;8,245833333333334;92,875;994,7916666666666;;0,0;A827;4301602;Bage;-31,34777777;-54,01333333;226,19
2026-06-30;0,2;0,1;14,5;6,008333333333333;89,33333333333333;994,3375;;0,0;A827;4301602;Bage;-31,34777777;-54,01333333;226,19
2026-07-01;0,0;8,9;14,5;11,191666666666668;93,58333333333333;992,4208333333332;;0,0;A827;4301602;Bage;-31,34777777;-54,01333333;226,19
2026-07-02;1,2;6,1;13,4;8,9125;91,5;999,0333333333333;;0,0;A827;4301602;Bage;-31,34777777;-54,01333333;226,19
2026-07-03;0,0;-1,4;9,5;3,9916666666666667;80,125;1002,7791666666667;;0,0;A827;4301602;Bage;-31,34777777;-54,01333333;226,19
2026-07-04;0,0;5,4;10,9;7,7749999999999995;89,16666666666667;1000,8208333333333;;0,0;A827;4301602;Bage;-31,34777777;-54,01333333;226,19
2026-07-05;0,0;7,0;11,7;9,533333333333333;93,79166666666667;996,3083333333334;;0,0;A827;4301602;Bage;-31,34777777;-54,01333333;226,19
2026-07-06;0,0;4,7;11,1;9,091666666666667;85,33333333333333;994,3958333333334;;0,0;A827;4301602;Bage;-31,34777777;-54,01333333;226,19
2026-07-07;0,0;1,2;15,1;7,375;74,125;995,3874999999999;;0,0;A827;4301602;Bage;-31,34777777;-54,01333333;226,19
2026-07-08;0,0;4,2;19,1;10,458333333333334;66,375;994,1583333333333;;0,0;A827;4301602;Bage;-31,34777777;-54,01333333;226,19
2026-07-09;0,0;9,3;20,4;14,183333333333332;58,833333333333336;990,9125;;0,0;A827;4301602;Bage;-31,34777777;-54,01333333;226,19
2026-07-10;0,0;8,8;20,5;14,2125;77,125;989,1333333333333;;0,0;A827;4301602;Bage;-31,34777777;-54,01333333;226,19
2026-07-11;0,2;11,8;15,6;13,804166666666667;90,04166666666667;988,2791666666667;;0,0;A827;4301602;Bage;-31,34777777;-54,01333333;226,19
2026-07-12;0,6000000000000001;8,5;12,9;10,420833333333333;91,66666666666667;993,025;;0,0;A827;4301602;Bage;-31,34777777;-54,01333333;226,19
2026-07-13;0,2;8,2;11,7;9,4625;93,41666666666667;998,0333333333333;;0,0;A827;4301602;Bage;-31,34777777;-54,01333333;226,19
2026-07-14;2,0;6,2;19,3;12,0375;77,375;995,8958333333334;;0,0;A827;4301602;Bage;-31,34777777;-54,01333333;226,19
2026-07-15;0,0;9,2;22,1;14,154166666666667;74,625;991,2291666666666;;0,0;A827;4301602;Bage;-31,34777777;-54,01333333;226,19
2026-07-16;0,0;13,4;27,1;19,704166666666666;59,208333333333336;985,3458333333333;;0,0;A827;4301602;Bage;-31,34777777;-54,01333333;226,19
2026-07-17;0,0;20,4;29,9;24,5625;58,125;977,7708333333334;;0,0;A827;4301602;Bage;-31,34777777;-54,01333333;226,19
2026-07-18;0,0;18,6;26,9;22,320833333333336;76,66666666666667;977,1291666666666;;0,0;A827;4301602;Bage;-31,34777777;-54,01333333;226,19
2026-07-19;39,8;15,9;23,8;18,954166666666666;89,16666666666667;977,9250000000001;;0,0;A827;4301602;Bage;-31,34777777;-54,01333333;226,19
2026-07-20;46,8;15,0;18,5;17,349999999999998;97,16666666666667;981,025;;0,0;A827;4301602;Bage;-31,34777777;-54,01333333;226,19
2026-07-21;1,6;15,6;18,9;17,104166666666668;98,91666666666667;982,7875;;0,0;A827;4301602;Bage;-31,34777777;-54,01333333;226,19
2026-07-22;15,2;12,8;17,2;14,829166666666666;97,25;987,2375000000001;;0,0;A827;4301602;Bage;-31,34777777;-54,01333333;226,19
2026-07-23;1,2;8,9;16,2;12,745833333333332;88,375;994,6708333333332;;0,0;A827;4301602;Bage;-31,34777777;-54,01333333;226,19
2026-07-24;0,0;9,6;18,5;13,458333333333334;86,33333333333333;993,7583333333333;;8,67;A827;4301602;Bage;-31,34777777;-54,01333333;226,19
2026-07-25;0,0;9,5;20,8;14,75;90,95833333333333;992,65;;13,94;A827;4301602;Bage;-31,34777777;-54,01333333;226,19
2026-07-26;1,0;14,1;18,3;16,145833333333332;95,20833333333333;990,5458333333332;;3,63;A827;4301602;Bage;-31,34777777;-54,01333333;226,19
2026-07-27;17,2;15,4;19,3;17,108333333333334;96,33333333333333;986,9791666666666;;3,7;A827;4301602;Bage;-31,34777777;-54,01333333;226,19
2026-07-28;10,2;16,7;20,1;18,25;93,875;983,2916666666666;;2,55;A827;4301602;Bage;-31,34777777;-54,01333333;226,19
2026-07-29;10,0;13,3;18,2;15,245833333333332;90,875;988,2333333333332;;7,98;A827;4301602;Bage;-31,34777777;-54,01333333;226,19
2026-07-30;0,2;12,4;19,3;15,066666666666668;87,79166666666667;994,7291666666666;;10,14;A827;4301602;Bage;-31,34777777;-54,01333333;226,19
2026-07-31;0,0;14,1;27,3;19,058333333333334;79,66666666666667;989,7458333333334;;14,4;A827;4301602;Bage;-31,34777777;-54,01333333;226,19
2026-08-01;17,0;14,6;22,7;18,425;85,79166666666667;984,2291666666666;;2,28;A827;4301602;Bage;-31,34777777;-54,01333333;226,19
2026-08-02;1,0;11,6;20,3;15,362499999999999;90,41666666666667;991,5875;;9,27;A827;4301602;Bage;-31,34777777;-54,01333333;226,19
2026-08-03;1,0;13,8;26,3;17,837500000000002;91,45833333333333;992,9499999999999;;8,56;A827;4301602;Bage;-31,34777777;-54,01333333;226,19
2026-08-04;9,2;16,9;22,2;18,974999999999998;91,29166666666667;989,4125;;7,12;A827;4301602;Bage;-31,34777777;-54,01333333;226,19
2026-08-05;5,2;17,4;24,4;19,25;90,625;987,5583333333334;;8,85;A827;4301602;Bage;-31,34777777;-54,01333333;226,19
2026-08-06;23,4;14,5;26,0;18,795833333333334;89,41666666666667;979,5875;;11,12;A827;4301602;Bage;-31,34777777;-54,01333333;226,19
2026-08-07;1,8;5,7;15,6;10,370833333333334;77,5;985,0708333333333;;16,52;A827;4301602;Bage;-31,34777777;-54,01333333;226,19
2026-08-08;0,0;3,2;15,0;8,575000000000001;80,625;984,0416666666666;;10,58;A827;4301602;Bage;-31,34777777;-54,01333333;226,19
2026-08-09;0,0;2,6;14,3;8,604166666666666;68,375;993,8874999999999;;17,0;A827;4301602;Bage;-31,34777777;-54,01333333;226,19
2026-08-10;0,0;1,3;13,7;5,364285714285714;72,875;1004,0357142857143;;15,7;A827;4301602;Bage;-31,34777777;-54,01333333;226,19
2026-08-11;0,0;;;;88,33333333333333;;;12,62;A827;4301602;Bage;-31,34777777;-54,01333333;226,19
2026-08-12;24,2;9,7;21,6;11,833333333333334;98,54166666666667;1008,4157894736843;;1,82;A827;4301602;Bage;-31,34777777;-54,01333333;226,19
2026-08-13;5,0;10,0;21,4;10,822727272727272;96,54166666666667;997,0500000000001;;1,69;A827;4301602;Bage;-31,34777777;-54,01333333;226,19
2026-08-14;0,2;10,0;17,1;12,504761904761907;90,76190476190476;996,5285714285714;;6,2;A827;4301602;Bage;-31,34777777;-54,01333333;226,19
2026-08-15;0,0;14,2;22,5;16,845833333333335;85,125;991,9375;;11,77;A827;4301602;Bage;-31,34777777;-54,01333333;226,19
2026-08-16;52,2;17,0;19,7;18,145833333333332;93,29166666666667;986,7083333333334;;1,89;A827;4301602;Bage;-31,34777777;-54,01333333;226,19
2026-08-17;28,2;17,9;21,6;19,241666666666667;90,125;986,1083333333332;;2,6;A827;4301602;Bage;-31,34777777;-54,01333333;226,19
2026-08-18;32,199999999999996;14,3;20,6;17,416666666666668;95,45833333333333;989,1791666666667;;4,78;A827;4301602;Bage;-31,34777777;-54,01333333;226,19
2026-08-19;10,399999999999999;13,2;15,8;14,049999999999999;96,5;994,0124999999999;;2,76;A827;4301602;Bage;-31,34777777;-54,01333333;226,19
2026-08-20;20,4;12,5;18,1;15,2125;94,875;986,5291666666667;;7,7;A827;4301602;Bage;-31,34777777;-54,01333333;226,19
2026-08-21;2,0;7,5;12,6;9,5625;81,95833333333333;992,7333333333332;;15,62;A827;4301602;Bage;-31,34777777;-54,01333333;226,19
2026-08-22;0,0;0,6;12,4;6,468181818181819;79,79166666666667;998,7727272727273;;17,46;A827;4301602;Bage;-31,34777777;-54,01333333;226,19
2026-08-23;0,0;9,2;22,4;7,6875;73,54166666666667;998,9083333333333;;19,11;A827;4301602;Bage;-31,34777777;-54,01333333;226,19
2026-08-24;0,0;1,0;14,3;7,508333333333333;79,95833333333333;999,5;;18,96;A827;4301602;Bage;-31,34777777;-54,01333333;226,19
2026-08-25;0,0;2,4;15,4;8,141666666666667;80,79166666666667;995,3166666666666;;13,71;A827;4301602;Bage;-31,34777777;-54,01333333;226,19
2026-08-26;0,0;8,2;21,5;13,658333333333333;82,125;988,0666666666666;;14,05;A827;4301602;Bage;-31,34777777;-54,01333333;226,19
2026-08-27;0,0;16,2;26,4;19,691666666666666;81,29166666666667;979,8249999999999;;5,25;A827;4301602;Bage;-31,34777777;-54,01333333;226,19
2026-08-28;55,0;12,8;18,8;15,841666666666667;97,0;980,4833333333332;;2,35;A827;4301602;Bage;-31,34777777;-54,01333333;226,19
2026-08-29;0,0;12,7;16,4;13,954166666666666;93,54166666666667;986,9458333333333;;6,66;A827;4301602;Bage;-31,34777777;-54,01333333;226,19
2026-08-30;0,0;10,5;20,2;15,350000000000001;88,41666666666667;990,3458333333333;;9,54;A827;4301602;Bage;-31,34777777;-54,01333333;226,19
2026-08-31;0,0;12,6;19,8;16,354166666666668;86,04166666666667;987,5;;7,43;A827;4301602;Bage;-31,34777777;-54,01333333;226,19
2026-01-01;1,0;17,7;33,5;25,182608695652174;75,1304347826087;1002,6826086956522;2,8434782608695657;24,44;A836;4311007;Jaguarao;-32,53472221;-53,37583332;31,48
2026-01-02;0,0;15,0;30,9;22,247826086956522;76,56521739130434;1002,2695652173913;1,934782608695652;24,16;A836;4311007;Jaguarao;-32,53472221;-53,37583332;31,48
2026-01-03;0,0;15,3;23,1;19,2625;63,0;1004,4416666666666;4,879166666666666;30,47;A836;4311007;Jaguarao;-32,53472221;-53,37583332;31,48
2026-01-04;0,0;10,5;24,2;17,045833333333334;60,625;1013,2428571428571;4,6499999999999995;26,82;A836;4311007;Jaguarao;-32,53472221;-53,37583332;31,48
2026-01-05;0,0;9,3;25,6;17,33913043478261;65,17391304347827;1015,8173913043478;2,152173913043478;30,53;A836;4311007;Jaguarao;-32,53472221;-53,37583332;31,48
2026-01-06;0,0;14,1;30,6;22,1125;66,79166666666667;1010,9833333333332;3,016666666666667;32,8;A836;4311007;Jaguarao;-32,53472221;-53,37583332;31,48
2026-01-07;1,7999999999999998;16,9;32,8;23,662499999999998;74,41666666666667;1007,1125000000001;2,6999999999999997;17,98;A836;4311007;Jaguarao;-32,53472221;-53,37583332;31,48
2026-01-08;0,6000000000000001;18,0;24,6;20,97391304347826;82,43478260869566;1013,1565217391304;3,860869565217391;13,15;A836;4311007;Jaguarao;-32,53472221;-53,37583332;31,48
2026-01-09;16,0;19,4;22,9;20,879166666666666;87,45833333333333;1013,2916666666666;4,679166666666666;6,54;A836;4311007;Jaguarao;-32,53472221;-53,37583332;31,48
2026-01-10;25,0;20,8;29,0;24,145833333333332;83,83333333333333;1003,1625;4,6625000000000005;21,25;A836;4311007;Jaguarao;-32,53472221;-53,37583332;31,48
2026-01-11;2,8000000000000003;16,8;27,5;21,320833333333333;79,41666666666667;1002,3791666666666;4,616666666666666;20,14;A836;4311007;Jaguarao;-32,53472221;-53,37583332;31,48
2026-01-12;0,0;19,4;29,1;23,125;81,83333333333333;1007,1208333333334;2,441666666666667;21,05;A836;4311007;Jaguarao;-32,53472221;-53,37583332;31,48
2026-01-13;9,0;19,0;29,6;23,712500000000002;84,70833333333333;1008,1875;1,25;23,91;A836;4311007;Jaguarao;-32,53472221;-53,37583332;31,48
2026-01-14;0,0;20,1;31,3;24,97083333333333;85,20833333333333;1008,4791666666666;1,8416666666666668;27,89;A836;4311007;Jaguarao;-32,53472221;-53,37583332;31,48
2026-01-15;0,0;21,9;36,0;28,066666666666666;73,29166666666667;1006,0166666666668;2,495833333333333;29,88;A836;4311007;Jaguarao;-32,53472221;-53,37583332;31,48
2026-01-16;2,2;22,3;29,8;24,929166666666664;76,66666666666667;1008,3625000000001;2,829166666666667;16,99;A836;4311007;Jaguarao;-32,53472221;-53,37583332;31,48
2026-01-17;0,0;14,9;29,9;22,21666666666667;76,08333333333333;1009,0;1,3083333333333333;32,33;A836;4311007;Jaguarao;-32,53472221;-53,37583332;31,48
2026-01-18;0,4;18,2;29,8;23,141666666666666;80,20833333333333;1006,7958333333332;3,220833333333333;21,66;A836;4311007;Jaguarao;-32,53472221;-53,37583332;31,48
2026-01-19;0,0;11,6;24,5;19,125;64,0;1015,4666666666667;3,1875;27,43;A836;4311007;Jaguarao;-32,53472221;-53,37583332;31,48
2026-01-20;0,0;13,3;25,8;19,208695652173912;71,95652173913044;1015,3565217391305;2,0695652173913044;23,85;A836;4311007;Jaguarao;-32,53472221;-53,37583332;31,48
2026-01-21;0,0;12,9;27,2;20,400000000000002;66,66666666666667;1014,6416666666668;2,4916666666666667;30,99;A836;4311007;Jaguarao;-32,53472221;-53,37583332;31,48
2026-01-22;0,0;17,1;28,3;21,68695652173913;72,17391304347827;1013,9521739130436;3,821739130434783;21,17;A836;4311007;Jaguarao;-32,53472221;-53,37583332;31,48
2026-01-23;0,0;16,7;28,1;22,645833333333332;71,875;1014,3208333333333;3,841666666666667;28,59;A836;4311007;Jaguarao;-32,53472221;-53,37583332;31,48
2026-01-24;0,0;16,0;29,4;22,541666666666668;72,58333333333333;1013,3375;3,654166666666667;30,09;A836;4311007;Jaguarao;-32,53472221;-53,37583332;31,48
2026-01-25;0,0;19,2;31,0;24,208333333333332;78,0;1012,6999999999999;3,733333333333333;29,69;A836;4311007;Jaguarao;-32,53472221;-53,37583332;31,48
2026-01-26;0,0;21,0;33,6;26,254166666666666;73,54166666666667;1011,2708333333334;3,891666666666667;29,02;A836;4311007;Jaguarao;-32,53472221;-53,37583332;31,48
2026-01-27;0,4;20,7;35,9;26,366666666666664;80,08333333333333;1009,9125;2,954166666666667;21,9;A836;4311007;Jaguarao;-32,53472221;-53,37583332;31,48
2026-01-28;0,0;22,3;32,1;26,275000000000002;82,83333333333333;1009,725;2,4833333333333334;27,98;A836;4311007;Jaguarao;-32,53472221;-53,37583332;31,48
2026-01-29;0,0;22,1;31,3;26,02916666666667;80,91666666666667;1009,7541666666666;2,6625;27,13;A836;4311007;Jaguarao;-32,53472221;-53,37583332;31,48
2026-01-30;9,799999999999999;19,7;29,4;23,395454545454548;85,45454545454545;1009,6772727272728;2,0545454545454547;15,8;A836;4311007;Jaguarao;-32,53472221;-53,37583332;31,48
2026-01-31;3,2;18,6;27,8;22,9375;77,25;1006,7125;1,8833333333333335;27,82;A836;4311007;Jaguarao;-32,53472221;-53,37583332;31,48
2026-02-01;0,6;17,9;29,2;22,804166666666664;78,75;1003,4875000000001;3,0749999999999997;25,63;A836;4311007;Jaguarao;-32,53472221;-53,37583332;31,48
2026-02-02;0,0;16,7;31,3;23,483333333333334;72,625;1004,6;1,6333333333333335;29,45;A836;4311007;Jaguarao;-32,53472221;-53,37583332;31,48
2026-02-03;0,0;18,8;34,6;26,145833333333332;69,20833333333333;1002,9166666666666;2,470833333333333;28,64;A836;4311007;Jaguarao;-32,53472221;-53,37583332;31,48
2026-02-04;1,4;20,7;36,5;28,175;59,458333333333336;1004,3708333333334;2,7624999999999997;25,74;A836;4311007;Jaguarao;-32,53472221;-53,37583332;31,48
2026-02-05;0,0;21,7;37,7;27,825;70,04166666666667;1006,375;2,3666666666666667;25,88;A836;4311007;Jaguarao;-32,53472221;-53,37583332;31,48
2026-02-06;0,0;22,6;26,3;24,662499999999998;82,54166666666667;1007,9791666666666;3,108333333333333;8,58;A836;4311007;Jaguarao;-32,53472221;-53,37583332;31,48
2026-02-07;0,0;15,6;29,9;22,954166666666666;62,5;1011,7375000000001;1,7874999999999999;30,36;A836;4311007;Jaguarao;-32,53472221;-53,37583332;31,48
2026-02-08;0,0;12,9;30,5;22,27916666666667;64,0;1011,8208333333333;2,0375;25,52;A836;4311007;Jaguarao;-32,53472221;-53,37583332;31,48
2026-02-09;0,0;15,9;31,1;23,733333333333334;70,66666666666667;1008,7375000000001;3,875;24,11;A836;4311007;Jaguarao;-32,53472221;-53,37583332;31,48
2026-02-10;0,0;21,6;34,8;26,829166666666666;76,08333333333333;1004,2583333333333;2,3125;23,3;A836;4311007;Jaguarao;-32,53472221;-53,37583332;31,48
2026-02-11;0,0;21,4;38,8;28,545833333333334;68,0;1002,3208333333333;3,1833333333333336;26,9;A836;4311007;Jaguarao;-32,53472221;-53,37583332;31,48
2026-02-12;45,6;17,7;26,1;22,545833333333334;91,875;1007,5208333333334;3,1750000000000003;3,78;A836;4311007;Jaguarao;-32,53472221;-53,37583332;31,48
2026-02-13;0,0;18,0;28,2;22,27916666666667;84,125;1012,1;2,9458333333333333;22,38;A836;4311007;Jaguarao;-32,53472221;-53,37583332;31,48
2026-02-14;0,0;16,8;26,9;21,454166666666666;70,625;1016,6958333333333;2,829166666666667;25,92;A836;4311007;Jaguarao;-32,53472221;-53,37583332;31,48
2026-02-15;25,0;18,2;30,5;23,295833333333334;79,58333333333333;1010,8874999999999;3,9791666666666665;21,35;A836;4311007;Jaguarao;-32,53472221;-53,37583332;31,48
2026-02-16;0,2;21,3;30,2;24,9875;83,95833333333333;1007,6666666666666;2,85;24,03;A836;4311007;Jaguarao;-32,53472221;-53,37583332;31,48
2026-02-17;0,0;19,8;29,7;23,995833333333334;81,20833333333333;1008,8874999999999;1,8083333333333333;26,78;A836;4311007;Jaguarao;-32,53472221;-53,37583332;31,48
2026-02-18;0,0;18,9;29,6;24,195833333333336;80,04166666666667;1009,1833333333334;1,9916666666666665;26,66;A836;4311007;Jaguarao;-32,53472221;-53,37583332;31,48
2026-02-19;0,2;20,2;26,1;22,617391304347827;88,34782608695652;1007,2739130434783;1,4000000000000001;7,06;A836;4311007;Jaguarao;-32,53472221;-53,37583332;31,48
2026-02-20;15,4;19,1;28,8;22,870833333333334;84,83333333333333;1009,4291666666667;1,9875;20,8;A836;4311007;Jaguarao;-32,53472221;-53,37583332;31,48
2026-02-21;0,0;20,2;27,7;23,491666666666664;79,83333333333333;1012,9375;2,5500000000000003;24,1;A836;4311007;Jaguarao;-32,53472221;-53,37583332;31,48
2026-02-22;0,0;19,6;28,6;23,525000000000002;77,33333333333333;1013,4666666666667;3,7458333333333336;23,77;A836;4311007;Jaguarao;-32,53472221;-53,37583332;31,48
2026-02-23;0,0;20,2;29,5;24,15416666666667;80,5;1009,6791666666667;4,2749999999999995;19,25;A836;4311007;Jaguarao;-32,53472221;-53,37583332;31,48
2026-02-24;3,8;21,9;30,2;24,641666666666666;85,25;1003,6166666666667;3,0625;18,03;A836;4311007;Jaguarao;-32,53472221;-53,37583332;31,48
2026-02-25;4,6;19,2;25,7;21,6125;84,04166666666667;1005,3916666666668;3,9791666666666665;18,02;A836;4311007;Jaguarao;-32,53472221;-53,37583332;31,48
2026-02-26;0,0;13,9;23,2;18,570833333333333;77,66666666666667;1009,2125;1,675;17,12;A836;4311007;Jaguarao;-32,53472221;-53,37583332;31,48
2026-02-27;0,0;12,0;25,1;18,375;78,29166666666667;1010,5583333333334;1,625;26,35;A836;4311007;Jaguarao;-32,53472221;-53,37583332;31,48
2026-02-28;0,0;12,9;27,3;20,091666666666665;74,875;1010,9875000000001;2,1750000000000003;25,57;A836;4311007;Jaguarao;-32,53472221;-53,37583332;31,48
2026-03-01;0,0;14,2;26,9;21,204166666666666;74,375;1011,6875;2,783333333333333;24,09;A836;4311007;Jaguarao;-32,53472221;-53,37583332;31,48
2026-03-02;0,0;16,5;28,8;21,925;71,41666666666667;1009,0333333333333;3,6458333333333335;26,48;A836;4311007;Jaguarao;-32,53472221;-53,37583332;31,48
2026-03-03;0,0;19,1;30,7;24,1375;77,41666666666667;1006,9416666666666;3,9250000000000003;24,07;A836;4311007;Jaguarao;-32,53472221;-53,37583332;31,48
2026-03-04;16,4;21,3;25,4;22,941666666666666;88,75;1007,9916666666667;3,4958333333333336;6,78;A836;4311007;Jaguarao;-32,53472221;-53,37583332;31,48
2026-03-05;0,0;22,0;27,8;24,045833333333334;85,16666666666667;1010,9833333333332;3,141666666666667;16,84;A836;4311007;Jaguarao;-32,53472221;-53,37583332;31,48
2026-03-06;3,8;21,1;27,2;23,295833333333334;86,625;1011,2666666666668;3,7291666666666665;15,79;A836;4311007;Jaguarao;-32,53472221;-53,37583332;31,48
2026-03-07;36,9;18,9;25,7;21,670833333333334;90,875;1008,2291666666666;2,558333333333333;12,9;A836;4311007;Jaguarao;-32,53472221;-53,37583332;31,48
2026-03-08;0,0;19,6;24,9;21,695833333333336;77,95833333333333;1011,8958333333334;3,4166666666666665;17,85;A836;4311007;Jaguarao;-32,53472221;-53,37583332;31,48
2026-03-09;0,0;16,5;24,6;20,154166666666665;70,45833333333333;1016,1708333333332;3,4916666666666667;18,77;A836;4311007;Jaguarao;-32,53472221;-53,37583332;31,48
2026-03-10;0,4;18,1;23,1;19,954166666666666;82,0;1016,4083333333333;3,3333333333333335;8,93;A836;4311007;Jaguarao;-32,53472221;-53,37583332;31,48
2026-03-11;6,0;18,4;23,9;20,529166666666665;94,20833333333333;1013,025;3,391666666666667;11,42;A836;4311007;Jaguarao;-32,53472221;-53,37583332;31,48
2026-03-12;19,4;17,4;25,6;21,166666666666668;89,375;1011,0583333333334;2,5458333333333334;16,8;A836;4311007;Jaguarao;-32,53472221;-53,37583332;31,48
2026-03-13;0,0;16,0;27,5;21,104166666666668;84,875;1009,4333333333334;2,2125;20,28;A836;4311007;Jaguarao;-32,53472221;-53,37583332;31,48
2026-03-14;0,0;17,3;27,5;21,216666666666665;87,16666666666667;1006,8583333333332;1,5374999999999999;18,14;A836;4311007;Jaguarao;-32,53472221;-53,37583332;31,48
2026-03-15;0,0;17,2;29,3;22,47083333333333;83,79166666666667;1005,1625;1,6916666666666667;24,21;A836;4311007;Jaguarao;-32,53472221;-53,37583332;31,48
2026-03-16;0,0;20,3;30,9;24,400000000000002;85,29166666666667;1006,4666666666667;3,0375;21,41;A836;4311007;Jaguarao;-32,53472221;-53,37583332;31,48
2026-03-17;0,6000000000000001;23,7;27,5;25,02916666666667;91,0;1006,0833333333334;3,7875;6,33;A836;4311007;Jaguarao;-32,53472221;-53,37583332;31,48
2026-03-18;9,2;21,8;26,0;23,516666666666666;93,66666666666667;1006,7958333333332;3,1125000000000003;7,55;A836;4311007;Jaguarao;-32,53472221;-53,37583332;31,48
2026-03-19;0,0;16,9;27,8;22,108333333333334;83,70833333333333;1008,3625000000001;2,6041666666666665;21,25;A836;4311007;Jaguarao;-32,53472221;-53,37583332;31,48
2026-03-20;0,0;17,3;28,5;22,795833333333334;88,20833333333333;1006,9125;2,841666666666667;19,83;A836;4311007;Jaguarao;-32,53472221;-53,37583332;31,48
2026-03-21;11,2;21,0;28,3;23,866666666666664;88,45833333333333;1002,7333333333332;3,9375;9,46;A836;4311007;Jaguarao;-32,53472221;-53,37583332;31,48
2026-03-22;0,0;14,6;24,6;20,241666666666667;81,5;1008,6708333333332;2,9166666666666665;23,18;A836;4311007;Jaguarao;-32,53472221;-53,37583332;31,48
2026-03-23;52,0;19,1;21,0;20,083333333333332;95,70833333333333;1006,5416666666666;2,35;2,68;A836;4311007;Jaguarao;-32,53472221;-53,37583332;31,48
2026-03-24;0,8;13,8;23,0;18,758333333333333;78,25;1008,6666666666666;1,6958333333333335;23,8;A836;4311007;Jaguarao;-32,53472221;-53,37583332;31,48
2026-03-25;0,0;10,5;24,5;17,533333333333335;79,08333333333333;1012,6291666666666;1,25;22,31;A836;4311007;Jaguarao;-32,53472221;-53,37583332;31,48
2026-03-26;0,0;14,0;23,5;19,125;91,125;1013,9083333333333;1,7333333333333334;7,97;A836;4311007;Jaguarao;-32,53472221;-53,37583332;31,48
2026-03-27;0,0;20,5;29,6;24,079166666666666;91,375;1012,2458333333334;2,0125;13,8;A836;4311007;Jaguarao;-32,53472221;-53,37583332;31,48
2026-03-28;0,0;23,3;29,8;25,46666666666667;91,83333333333333;1012,9499999999999;1,8;13,4;A836;4311007;Jaguarao;-32,53472221;-53,37583332;31,48
2026-03-29;0,0;21,6;29,1;24,916666666666668;91,83333333333333;1013,2624999999999;2,2041666666666666;14,47;A836;4311007;Jaguarao;-32,53472221;-53,37583332;31,48
2026-03-30;1,4;22,9;28,4;24,682608695652174;94,0;1012,3565217391305;2,630434782608696;9,86;A836;4311007;Jaguarao;-32,53472221;-53,37583332;31,48
2026-03-31;0,0;22,3;29,3;24,74761904761905;85,61904761904762;1009,9047619047619;3,4952380952380957;15,08;A836;4311007;Jaguarao;-32,53472221;-53,37583332;31,48
2026-04-01;0,0;17,5;28,1;23,099999999999998;83,29166666666667;1007,8583333333332;2,1999999999999997;17,26;A836;4311007;Jaguarao;-32,53472221;-53,37583332;31,48
2026-04-02;0,0;19,6;28,5;22,833333333333332;90,16666666666667;1007,6166666666667;1,5374999999999999;14,76;A836;4311007;Jaguarao;-32,53472221;-53,37583332;31,48
2026-04-03;0,2;18,4;29,0;22,733333333333334;86,125;1009,3874999999999;0,9249999999999999;17,15;A836;4311007;Jaguarao;-32,53472221;-53,37583332;31,48
2026-04-04;0,4;17,1;24,5;20,220833333333335;89,5;1011,8125;2,091666666666667;6,18;A836;4311007;Jaguarao;-32,53472221;-53,37583332;31,48
2026-04-05;0,0;10,6;23,6;16,654166666666665;73,41666666666667;1018,9333333333334;2,7714285714285714;15,99;A836;4311007;Jaguarao;-32,53472221;-53,37583332;31,48
2026-04-06;0,2;16,3;23,7;19,5625;79,54166666666667;1015,375;4,316666666666666;6,16;A836;4311007;Jaguarao;-32,53472221;-53,37583332;31,48
2026-04-07;17,6;19,9;25,6;22,191666666666666;92,54166666666667;1005,2166666666667;3,0583333333333336;5,52;A836;4311007;Jaguarao;-32,53472221;-53,37583332;31,48
2026-04-08;6,6;17,8;24,9;20,395833333333332;87,45833333333333;1000,3791666666666;4,245833333333334;11,88;A836;4311007;Jaguarao;-32,53472221;-53,37583332;31,48
2026-04-09;0,2;14,0;23,5;18,075;83,0;1011,8874999999999;3,6624999999999996;17,32;A836;4311007;Jaguarao;-32,53472221;-53,37583332;31,48
2026-04-10;0,0;11,1;22,6;16,708333333333332;80,91666666666667;1016,4541666666668;4,370588235294117;18,67;A836;4311007;Jaguarao;-32,53472221;-53,37583332;31,48
2026-04-11;0,0;9,7;25,9;17,479166666666668;79,20833333333333;1016,15;3,5583333333333336;18,58;A836;4311007;Jaguarao;-32,53472221;-53,37583332;31,48
2026-04-12;3,8000000000000003;19,5;24,4;21,349999999999998;91,625;1012,4416666666666;2,5124999999999997;5,23;A836;4311007;Jaguarao;-32,53472221;-53,37583332;31,48
2026-04-13;0,2;18,2;25,0;20,4875;93,70833333333333;1013,85;1,4791666666666667;8,55;A836;4311007;Jaguarao;-32,53472221;-53,37583332;31,48
2026-04-14;0,0;17,6;27,9;21,3625;89,875;1012,4458333333333;2,4833333333333334;12,17;A836;4311007;Jaguarao;-32,53472221;-53,37583332;31,48
2026-04-15;0,0;21,8;26,8;23,429166666666664;85,125;1009,3666666666667;5,033333333333333;9,43;A836;4311007;Jaguarao;-32,53472221;-53,37583332;31,48
2026-04-16;20,4;21,0;25,8;22,375;91,83333333333333;1004,1666666666666;4,504166666666666;5,36;A836;4311007;Jaguarao;-32,53472221;-53,37583332;31,48
2026-04-17;1,0;19,8;24,1;21,458333333333332;90,45833333333333;1000,8625000000001;3,975;8,53;A836;4311007;Jaguarao;-32,53472221;-53,37583332;31,48
2026-04-18;0,0;15,3;26,8;20,625;80,5;1004,8166666666666;2,1583333333333337;16,42;A836;4311007;Jaguarao;-32,53472221;-53,37583332;31,48
2026-04-19;0,0;13,7;27,6;20,104166666666668;82,41666666666667;1008,7583333333333;0,8041666666666667;16,73;A836;4311007;Jaguarao;-32,53472221;-53,37583332;31,48
2026-04-20;0,0;14,5;24,8;19,558333333333334;88,04166666666667;1012,3208333333333;2,0208333333333335;9,01;A836;4311007;Jaguarao;-32,53472221;-53,37583332;31,48
2026-04-21;2,0;19,8;24,4;21,349999999999998;92,41666666666667;1012,3416666666667;2,4291666666666667;5,94;A836;4311007;Jaguarao;-32,53472221;-53,37583332;31,48
2026-04-22;0,0;17,5;26,5;21,520833333333332;85,08333333333333;1011,225;2,441666666666667;12,64;A836;4311007;Jaguarao;-32,53472221;-53,37583332;31,48
2026-04-23;0,0;12,2;20,8;16,425;86,20833333333333;1017,1333333333333;3,0;9,68;A836;4311007;Jaguarao;-32,53472221;-53,37583332;31,48
2026-04-24;0,4;15,7;23,4;18,979166666666668;89,625;1015,1125000000001;0,9541666666666666;6,43;A836;4311007;Jaguarao;-32,53472221;-53,37583332;31,48
2026-04-25;0,0;14,2;24,7;18,620833333333334;91,20833333333333;1010,4833333333332;1,7666666666666666;11,39;A836;4311007;Jaguarao;-32,53472221;-53,37583332;31,48
2026-04-26;5,0;15,3;24,2;19,316666666666666;84,04166666666667;1005,4375;2,379166666666667;15,98;A836;4311007;Jaguarao;-32,53472221;-53,37583332;31,48
2026-04-27;0,0;8,0;18,8;12,466666666666667;63,875;1010,2541666666666;6,033333333333334;11,17;A836;4311007;Jaguarao;-32,53472221;-53,37583332;31,48
2026-04-28;0,0;6,5;18,7;11,779166666666667;73,83333333333333;1014,6833333333334;3,4;15,25;A836;4311007;Jaguarao;-32,53472221;-53,37583332;31,48
2026-04-29;0,0;7,7;23,7;14,4375;62,291666666666664;1011,3625000000001;3,0541666666666667;15,34;A836;4311007;Jaguarao;-32,53472221;-53,37583332;31,48
2026-04-30;0,0;9,7;24,9;16,525000000000002;70,125;1012,7916666666666;2,3541666666666665;15,29;A836;4311007;Jaguarao;-32,53472221;-53,37583332;31,48
2026-05-01;8,8;10,5;20,0;16,070833333333333;94,25;1010,6583333333333;4,470833333333333;2,95;A836;4311007;Jaguarao;-32,53472221;-53,37583332;31,48
2026-05-02;0,8;9,2;18,6;16,6875;79,33333333333333;1012,6416666666668;2,0625;14,39;A836;4311007;Jaguarao;-32,53472221;-53,37583332;31,48
2026-05-03;0,0;5,8;18,1;11,120833333333332;72,25;1020,9541666666668;1,8916666666666666;15,46;A836;4311007;Jaguarao;-32,53472221;-53,37583332;31,48
2026-05-04;0,0;5,6;24,9;13,799999999999999;78,625;1012,975;3,966666666666667;12,05;A836;4311007;Jaguarao;-32,53472221;-53,37583332;31,48
2026-05-05;0,0;13,2;25,8;18,854166666666668;87,875;1011,0458333333332;1,2916666666666667;7,97;A836;4311007;Jaguarao;-32,53472221;-53,37583332;31,48
2026-05-06;0,0;19,4;27,8;22,65833333333333;86,16666666666667;1009,5749999999999;3,654166666666667;10,75;A836;4311007;Jaguarao;-32,53472221;-53,37583332;31,48
2026-05-07;25,8;17,4;25,8;20,974999999999998;89,08333333333333;998,9833333333332;2,2958333333333334;1,11;A836;4311007;Jaguarao;-32,53472221;-53,37583332;31,48
2026-05-08;11,0;11,1;17,9;13,512500000000001;79,16666666666667;999,4333333333334;6,195833333333333;9,76;A836;4311007;Jaguarao;-32,53472221;-53,37583332;31,48
2026-05-09;0,0;5,3;13,8;9,533333333333333;74,75;1009,7958333333332;4,916666666666667;11,84;A836;4311007;Jaguarao;-32,53472221;-53,37583332;31,48
2026-05-10;0,0;7,2;14,3;10,195833333333333;78,0;1016,6708333333332;5,7;13,84;A836;4311007;Jaguarao;-32,53472221;-53,37583332;31,48
2026-05-11;0,0;5,0;17,0;10,133333333333333;74,625;1016,9333333333334;4,6499999999999995;14,61;A836;4311007;Jaguarao;-32,53472221;-53,37583332;31,48
2026-05-12;0,0;5,9;19,6;11,775;73,08333333333333;1014,0166666666668;4,8999999999999995;14,52;A836;4311007;Jaguarao;-32,53472221;-53,37583332;31,48
2026-05-13;0,0;7,9;18,3;12,637500000000001;79,625;1013,3000000000001;4,8875;12,2;A836;4311007;Jaguarao;-32,53472221;-53,37583332;31,48
2026-05-14;0,0;5,5;15,2;10,424999999999999;85,5;1016,5875;2,3333333333333335;8,16;A836;4311007;Jaguarao;-32,53472221;-53,37583332;31,48
2026-05-15;0,0;3,6;16,3;9,666666666666666;86,79166666666667;1018,4958333333334;2,625;12,43;A836;4311007;Jaguarao;-32,53472221;-53,37583332;31,48
2026-05-16;0,0;3,3;17,2;9,491666666666667;90,08333333333333;1015,2875;2,8874999999999997;9,67;A836;4311007;Jaguarao;-32,53472221;-53,37583332;31,48
2026-05-17;0,0;8,2;15,2;11,370833333333332;91,33333333333333;1016,4125;2,5708333333333333;4,26;A836;4311007;Jaguarao;-32,53472221;-53,37583332;31,48
2026-05-18;0,0;4,7;16,0;9,879166666666666;78,95833333333333;1021,5166666666668;2,6333333333333333;12,73;A836;4311007;Jaguarao;-32,53472221;-53,37583332;31,48
2026-05-19;0,2;3,3;16,3;9,112499999999999;77,875;1020,5500000000001;3,1458333333333335;13,47;A836;4311007;Jaguarao;-32,53472221;-53,37583332;31,48
2026-05-20;0,0;5,6;16,4;10,220833333333333;79,125;1019,5500000000001;3,6958333333333333;11,62;A836;4311007;Jaguarao;-32,53472221;-53,37583332;31,48
2026-05-21;0,2;6,2;14,8;10,375;76,66666666666667;1024,5874999999999;2,5083333333333333;9,52;A836;4311007;Jaguarao;-32,53472221;-53,37583332;31,48
2026-05-22;0,0;5,2;15,4;9,841666666666667;84,75;1026,3125;3,3249999999999997;9,22;A836;4311007;Jaguarao;-32,53472221;-53,37583332;31,48
2026-05-23;0,4;10,1;16,7;12,708333333333334;91,0;1024,2791666666667;4,954166666666667;7,76;A836;4311007;Jaguarao;-32,53472221;-53,37583332;31,48
2026-05-24;0,2;9,2;20,5;13,770833333333334;91,04166666666667;1020,9;2,5333333333333337;9,69;A836;4311007;Jaguarao;-32,53472221;-53,37583332;31,48
2026-05-25;0,0;8,2;20,8;13,929166666666667;91,75;1018,5583333333334;3,875;7,83;A836;4311007;Jaguarao;-32,53472221;-53,37583332;31,48
2026-05-26;2,0;14,3;16,6;15,245833333333332;98,41666666666667;1017,3416666666667;3,2375000000000003;3,57;A836;4311007;Jaguarao;-32,53472221;-53,37583332;31,48
2026-05-27;0,2;11,0;14,4;13,604166666666666;98,75;1020,7333333333332;6,129166666666666;2,82;A836;4311007;Jaguarao;-32,53472221;-53,37583332;31,48
2026-05-28;0,2;11,0;16,7;13,933333333333332;92,25;1020,2916666666666;4,775;4,89;A836;4311007;Jaguarao;-32,53472221;-53,37583332;31,48
2026-05-29;0,0;9,9;18,7;13,799999999999999;91,375;1020,4458333333333;3,3874999999999997;4,48;A836;4311007;Jaguarao;-32,53472221;-53,37583332;31,48
2026-05-30;0,0;14,2;19,6;16,13478260869565;92,91304347826087;1018,9869565217392;2,652173913043478;7,02;A836;4311007;Jaguarao;-32,53472221;-53,37583332;31,48
2026-05-31;0,2;13,2;18,6;15,263636363636364;93,4090909090909;1017,7590909090909;5,6045454545454545;6,05;A836;4311007;Jaguarao;-32,53472221;-53,37583332;31,48
2026-06-01;0,0;9,5;16,5;12,808695652173913;87,95652173913044;1020,5521739130435;3,5304347826086957;7,94;A836;4311007;Jaguarao;-32,53472221;-53,37583332;31,48
2026-06-02;0,4;11,3;18,8;14,254166666666668;87,16666666666667;1023,7541666666666;5,183333333333334;9,99;A836;4311007;Jaguarao;-32,53472221;-53,37583332;31,48
2026-06-03;0,0;12,7;21,1;15,924999999999999;89,45833333333333;1023,3333333333334;5,241666666666666;7,03;A836;4311007;Jaguarao;-32,53472221;-53,37583332;31,48
2026-06-04;0,0;13,5;22,6;17,616666666666667;87,375;1022,8291666666668;2,4791666666666665;10,26;A836;4311007;Jaguarao;-32,53472221;-53,37583332;31,48
2026-06-05;0,2;11,0;22,3;15,520833333333334;92,5;1019,3000000000001;2,4625;10,02;A836;4311007;Jaguarao;-32,53472221;-53,37583332;31,48
2026-06-06;0,2;11,2;15,7;13,799999999999999;99,0;1015,6750000000001;5,458333333333333;2,96;A836;4311007;Jaguarao;-32,53472221;-53,37583332;31,48
2026-06-07;0,2;12,3;18,1;15,025;94,70833333333333;1015,6625;3,8958333333333335;4,84;A836;4311007;Jaguarao;-32,53472221;-53,37583332;31,48
2026-06-08;11,6;12,7;15,4;14,408333333333333;95,83333333333333;1016,3874999999999;2,466666666666667;2,31;A836;4311007;Jaguarao;-32,53472221;-53,37583332;31,48
2026-06-09;0,2;10,6;16,9;13,137500000000001;93,58333333333333;1015,4;2,670833333333333;8,17;A836;4311007;Jaguarao;-32,53472221;-53,37583332;31,48
2026-06-10;0,0;7,8;17,4;11,758333333333333;92,66666666666667;1014,8708333333334;1,3333333333333333;7,72;A836;4311007;Jaguarao;-32,53472221;-53,37583332;31,48
2026-06-11;0,2;8,1;16,4;12,575000000000001;94,95833333333333;1014,5791666666668;2,5708333333333333;4,21;A836;4311007;Jaguarao;-32,53472221;-53,37583332;31,48
2026-06-12;4,0;13,3;16,9;14,416666666666666;94,95833333333333;1011,0458333333332;5,258333333333334;4,24;A836;4311007;Jaguarao;-32,53472221;-53,37583332;31,48
2026-06-13;0,0;9,6;18,9;13,779166666666667;90,5;1013,0875;5,5249999999999995;8,68;A836;4311007;Jaguarao;-32,53472221;-53,37583332;31,48
2026-06-14;0,4;8,8;14,2;10,4625;85,41666666666667;1017,1083333333332;0,9458333333333333;9,14;A836;4311007;Jaguarao;-32,53472221;-53,37583332;31,48
2026-06-15;0,0;1,2;12,3;6,604166666666667;78,66666666666667;1021,0708333333333;1,0333333333333334;11,82;A836;4311007;Jaguarao;-32,53472221;-53,37583332;31,48
2026-06-16;0,0;2,7;16,3;8,15;76,16666666666667;1017,3625000000001;4,2;11,7;A836;4311007;Jaguarao;-32,53472221;-53,37583332;31,48
2026-06-17;0,0;5,5;15,6;10,4;78,04166666666667;1019,7583333333333;2,3208333333333333;11,67;A836;4311007;Jaguarao;-32,53472221;-53,37583332;31,48
2026-06-18;0,2;1,8;16,0;9,520833333333334;88,75;1020,1041666666666;4,845833333333333;7,21;A836;4311007;Jaguarao;-32,53472221;-53,37583332;31,48
2026-06-19;3,8000000000000003;9,6;14,7;12,262500000000001;91,16666666666667;1010,9499999999999;2,1999999999999997;2,45;A836;4311007;Jaguarao;-32,53472221;-53,37583332;31,48
2026-06-20;0,0;2,6;14,5;8,020833333333334;84,20833333333333;1016,0875;2,0083333333333333;10,98;A836;4311007;Jaguarao;-32,53472221;-53,37583332;31,48
2026-06-21;0,0;0,8;14,0;7,0249999999999995;87,54166666666667;1014,6958333333333;1,3666666666666665;7,63;A836;4311007;Jaguarao;-32,53472221;-53,37583332;31,48
2026-06-22;0,0;5,7;11,2;8,266666666666667;92,5;1012,3166666666666;0,9;3,27;A836;4311007;Jaguarao;-32,53472221;-53,37583332;31,48
2026-06-23;0,0;3,9;12,7;7,733333333333333;80,625;1013,4;2,5541666666666667;10,13;A836;4311007;Jaguarao;-32,53472221;-53,37583332;31,48
2026-06-24;0,0;2,4;14,2;6,895833333333333;76,5;1015,8249999999999;2,504166666666667;10,97;A836;4311007;Jaguarao;-32,53472221;-53,37583332;31,48
2026-06-25;0,0;3,3;17,0;8,983333333333333;77,08333333333333;1018,5666666666666;4,783333333333333;11,2;A836;4311007;Jaguarao;-32,53472221;-53,37583332;31,48
2026-06-26;0,0;6,6;16,3;11,075000000000001;75,58333333333333;1019,7291666666666;3,9916666666666667;11,53;A836;4311007;Jaguarao;-32,53472221;-53,37583332;31,48
2026-06-27;0,0;0,8;17,3;9,170833333333333;87,54166666666667;1019,7083333333334;3,358333333333333;11,62;A836;4311007;Jaguarao;-32,53472221;-53,37583332;31,48
2026-06-28;0,0;10,0;17,9;12,870833333333332;92,29166666666667;1012,2916666666666;5,175;4,37;A836;4311007;Jaguarao;-32,53472221;-53,37583332;31,48
2026-06-29;0,2;3,6;14,4;8,975;86,33333333333333;1017,4458333333333;2,5208333333333335;11,73;A836;4311007;Jaguarao;-32,53472221;-53,37583332;31,48
2026-06-30;0,0;0,3;14,9;6,470833333333334;91,91666666666667;1018,4499999999999;1,9625000000000001;9,32;A836;4311007;Jaguarao;-32,53472221;-53,37583332;31,48
2026-07-01;0,4;8,8;18,9;11,804166666666667;92,54166666666667;1016,2666666666668;2,4541666666666666;5,0;A836;4311007;Jaguarao;-32,53472221;-53,37583332;31,48
2026-07-02;0,8;3,8;11,9;9,883333333333333;81,75;1022,6916666666666;1,0833333333333333;4,77;A836;4311007;Jaguarao;-32,53472221;-53,37583332;31,48
2026-07-03;0,0;0,7;11,2;5,454166666666667;82,16666666666667;1024,9125000000001;3,108333333333333;5,9;A836;4311007;Jaguarao;-32,53472221;-53,37583332;31,48
2026-07-04;0,0;6,0;13,7;9,420833333333333;89,625;1023,725;1,9541666666666666;7,39;A836;4311007;Jaguarao;-32,53472221;-53,37583332;31,48
2026-07-05;0,4;8,5;12,5;10,433333333333334;98,33333333333333;1020,2125;0,9375;3,94;A836;4311007;Jaguarao;-32,53472221;-53,37583332;31,48
2026-07-06;0,2;7,8;12,7;10,345833333333333;86,79166666666667;1016,125;0,8624999999999999;6,24;A836;4311007;Jaguarao;-32,53472221;-53,37583332;31,48
2026-07-07;0,0;3,4;14,6;7,8125;73,83333333333333;1017,1708333333332;4,0375000000000005;12,1;A836;4311007;Jaguarao;-32,53472221;-53,37583332;31,48
2026-07-08;0,0;6,4;25,1;12,495833333333332;71,33333333333333;1016,775;5,020833333333333;11,67;A836;4311007;Jaguarao;-32,53472221;-53,37583332;31,48
2026-07-09;0,0;2,6;20,5;11,6;77,66666666666667;1016,7958333333332;2,5208333333333335;9,9;A836;4311007;Jaguarao;-32,53472221;-53,37583332;31,48
2026-07-10;0,0;8,9;19,4;13,75;83,04166666666667;1017,0500000000001;5,183333333333334;10,71;A836;4311007;Jaguarao;-32,53472221;-53,37583332;31,48
2026-07-11;0,0;12,9;18,0;14,604166666666666;90,75;1017,2208333333333;6,804166666666667;5,26;A836;4311007;Jaguarao;-32,53472221;-53,37583332;31,48
2026-07-12;1,2000000000000002;10,6;14,9;12,520833333333334;91,95833333333333;1020,0583333333334;3,0208333333333335;5,04;A836;4311007;Jaguarao;-32,53472221;-53,37583332;31,48
2026-07-13;0,8;10,3;15,1;12,333333333333334;98,91666666666667;1026,5249999999999;2,6125000000000003;4,76;A836;4311007;Jaguarao;-32,53472221;-53,37583332;31,48
2026-07-14;0,0;6,8;20,2;13,549999999999999;88,91666666666667;1025,7625;2,4;12,39;A836;4311007;Jaguarao;-32,53472221;-53,37583332;31,48
2026-07-15;9,8;8,8;25,2;14,858333333333334;85,20833333333333;1019,5666666666666;2,558333333333333;12,14;A836;4311007;Jaguarao;-32,53472221;-53,37583332;31,48
2026-07-16;0,0;11,5;29,2;18,366666666666667;73,75;1007,3416666666667;2,6041666666666665;9,07;A836;4311007;Jaguarao;-32,53472221;-53,37583332;31,48
2026-07-17;0,0;20,2;30,5;24,662499999999998;60,125;998,6708333333332;3,8833333333333333;7,03;A836;4311007;Jaguarao;-32,53472221;-53,37583332;31,48
2026-07-18;37,4;17,6;27,7;21,008333333333333;84,54166666666667;998,5708333333333;3,095833333333333;0,83;A836;4311007;Jaguarao;-32,53472221;-53,37583332;31,48
2026-07-19;58,300000000000004;15,4;19,0;16,8;94,70833333333333;1000,7166666666667;4,004166666666666;1,69;A836;4311007;Jaguarao;-32,53472221;-53,37583332;31,48
2026-07-20;8,6;14,8;18,3;16,5;97,58333333333333;1004,0041666666666;2,533333333333333;2,1;A836;4311007;Jaguarao;-32,53472221;-53,37583332;31,48
2026-07-21;0,6000000000000001;14,8;16,6;15,570833333333333;99,625;1005,0708333333333;2,6833333333333336;2,27;A836;4311007;Jaguarao;-32,53472221;-53,37583332;31,48
2026-07-22;2,6;13,5;17,3;15,183333333333332;94,45833333333333;1010,6666666666666;7,958333333333333;5,68;A836;4311007;Jaguarao;-32,53472221;-53,37583332;31,48
2026-07-23;0,0;9,9;17,9;13,504166666666668;86,25;1018,35;2,658333333333333;12,15;A836;4311007;Jaguarao;-32,53472221;-53,37583332;31,48
2026-07-24;0,0;7,7;18,4;12,920833333333334;91,125;1017,7583333333333;2,3249999999999997;8,32;A836;4311007;Jaguarao;-32,53472221;-53,37583332;31,48
2026-07-25;0,0;10,2;18,5;14,116666666666667;94,04166666666667;1015,6333333333333;1,1041666666666667;7,44;A836;4311007;Jaguarao;-32,53472221;-53,37583332;31,48
2026-07-26;0,0;13,8;17,7;15,391666666666666;96,16666666666667;1013,1958333333333;1,4958333333333333;3,05;A836;4311007;Jaguarao;-32,53472221;-53,37583332;31,48
2026-07-27;5,2;13,8;21,1;16,287499999999998;93,95833333333333;1009,6958333333333;2,341666666666667;6,83;A836;4311007;Jaguarao;-32,53472221;-53,37583332;31,48
2026-07-28;1,0;14,0;19,1;17,0375;94,41666666666667;1005,7541666666666;2,220833333333333;4,51;A836;4311007;Jaguarao;-32,53472221;-53,37583332;31,48
2026-07-29;0,4;13,6;15,9;14,345833333333333;96,83333333333333;1011,3666666666667;2,654166666666667;2,95;A836;4311007;Jaguarao;-32,53472221;-53,37583332;31,48
2026-07-30;0,0;9,8;18,9;14,420833333333334;88,29166666666667;1018,7624999999999;2,6416666666666666;13,21;A836;4311007;Jaguarao;-32,53472221;-53,37583332;31,48
2026-07-31;0,0;13,7;24,0;17,970833333333335;87,95833333333333;1012,7916666666666;4,8125;12,7;A836;4311007;Jaguarao;-32,53472221;-53,37583332;31,48
2026-08-01;8,0;15,4;23,3;18,175;89,75;1005,6041666666666;4,508333333333334;1,14;A836;4311007;Jaguarao;-32,53472221;-53,37583332;31,48
2026-08-02;0,8;13,1;16,7;14,7125;95,625;1014,4333333333334;3,8333333333333335;5,04;A836;4311007;Jaguarao;-32,53472221;-53,37583332;31,48
2026-08-03;11,6;13,9;18,9;15,8375;95,33333333333333;1013,6333333333333;2,7916666666666665;4,72;A836;4311007;Jaguarao;-32,53472221;-53,37583332;31,48
2026-08-04;10,0;15,5;18,7;17,020833333333332;97,125;1011,2916666666666;2,404166666666667;4,16;A836;4311007;Jaguarao;-32,53472221;-53,37583332;31,48
2026-08-05;0,0;14,8;20,4;16,795833333333334;95,70833333333333;1010,125;2,1958333333333333;6,46;A836;4311007;Jaguarao;-32,53472221;-53,37583332;31,48
2026-08-06;19,9;14,7;26,2;18,175;93,25;1000,725;3,2416666666666667;9,62;A836;4311007;Jaguarao;-32,53472221;-53,37583332;31,48
2026-08-07;0,4;8,5;15,9;11,6;73,75;1005,3000000000001;6,3625;15,12;A836;4311007;Jaguarao;-32,53472221;-53,37583332;31,48
2026-08-08;0,0;3,3;15,9;9,012500000000001;82,375;1006,4166666666666;2,4458333333333333;11,04;A836;4311007;Jaguarao;-32,53472221;-53,37583332;31,48
2026-08-09;0,0;3,1;15,7;8,754166666666666;68,29166666666667;1015,9916666666667;3,283333333333333;16,16;A836;4311007;Jaguarao;-32,53472221;-53,37583332;31,48
2026-08-10;0,0;2,9;12,7;7,5249999999999995;75,79166666666667;1028,4416666666666;3,0375;13,38;A836;4311007;Jaguarao;-32,53472221;-53,37583332;31,48
2026-08-11;0,0;4,2;13,9;8,883333333333333;84,0;1028,7541666666666;1,8083333333333333;9,07;A836;4311007;Jaguarao;-32,53472221;-53,37583332;31,48
2026-08-12;4,4;9,7;13,2;11,2125;89,45833333333333;1019,5416666666666;3,6916666666666664;2,36;A836;4311007;Jaguarao;-32,53472221;-53,37583332;31,48
2026-08-13;3,0;10,5;13,4;11,483333333333334;91,0;1018,2624999999999;2,4625;3,48;A836;4311007;Jaguarao;-32,53472221;-53,37583332;31,48
2026-08-14;0,2;10,7;18,0;13,6875;87,16666666666667;1020,85;3,483333333333333;9,43;A836;4311007;Jaguarao;-32,53472221;-53,37583332;31,48
2026-08-15;0,0;13,8;18,0;15,645833333333334;89,375;1016,3249999999999;5,258333333333334;5,28;A836;4311007;Jaguarao;-32,53472221;-53,37583332;31,48
2026-08-16;38,9;16,8;19,2;17,666666666666668;96,33333333333333;1009,1916666666666;4,875;0,99;A836;4311007;Jaguarao;-32,53472221;-53,37583332;31,48
2026-08-17;64,9;15,2;18,5;17,670833333333334;99,41666666666667;1009,0;3,029166666666667;0,52;A836;4311007;Jaguarao;-32,53472221;-53,37583332;31,48
2026-08-18;70,0;13,0;17,3;15,6;100,0;1012,5083333333333;3,2583333333333333;1,31;A836;4311007;Jaguarao;-32,53472221;-53,37583332;31,48
2026-08-19;6,2;11,9;14,0;12,770833333333334;97,125;1018,1750000000001;3,516666666666667;3,07;A836;4311007;Jaguarao;-32,53472221;-53,37583332;31,48
2026-08-20;4,6;13,0;20,2;15,139999999999999;94,53333333333333;1008,8666666666667;4,233333333333333;4,52;A836;4311007;Jaguarao;-32,53472221;-53,37583332;31,48
2026-08-21;2,0;7,5;14,0;10,079166666666667;80,04166666666667;1014,2666666666668;5,7124999999999995;11,71;A836;4311007;Jaguarao;-32,53472221;-53,37583332;31,48
2026-08-22;0,0;2,6;13,4;7,670833333333333;77,375;1020,9083333333333;3,5375;15,57;A836;4311007;Jaguarao;-32,53472221;-53,37583332;31,48
2026-08-23;0,0;4,2;13,2;8,299999999999999;77,54166666666667;1021,2916666666666;3,783333333333333;15,54;A836;4311007;Jaguarao;-32,53472221;-53,37583332;31,48
2026-08-24;0,0;2,9;11,5;7,07391304347826;80,1304347826087;1023,9565217391304;1,4956521739130435;12,3;A836;4311007;Jaguarao;-32,53472221;-53,37583332;31,48
2026-08-25;0,0;1,9;13,1;7,508333333333333;86,04166666666667;1020,0666666666666;1,5;10,35;A836;4311007;Jaguarao;-32,53472221;-53,37583332;31,48
2026-08-26;0,0;8,3;19,4;12,9375;90,625;1011,9333333333334;2,6374999999999997;11,8;A836;4311007;Jaguarao;-32,53472221;-53,37583332;31,48
2026-08-27;50,0;14,2;24,4;16,566666666666666;94,20833333333333;1002,3125;3,2916666666666665;3,09;A836;4311007;Jaguarao;-32,53472221;-53,37583332;31,48
2026-08-28;52,9;12,6;15,7;13,566666666666668;99,91666666666667;1004,0791666666668;5,870833333333334;2,08;A836;4311007;Jaguarao;-32,53472221;-53,37583332;31,48
2026-08-29;0,2;12,1;17,1;13,808333333333332;93,29166666666667;1010,2958333333332;2,7083333333333335;9,34;A836;4311007;Jaguarao;-32,53472221;-53,37583332;31,48
2026-08-30;0,0;10,7;17,7;13,700000000000001;93,41666666666667;1014,5124999999999;2,0749999999999997;9,21;A836;4311007;Jaguarao;-32,53472221;-53,37583332;31,48
2026-08-31;0,2;12,8;19,8;15,516666666666666;90,16666666666667;1011,9499999999999;3,6916666666666664;11,21;A836;4311007;Jaguarao;-32,53472221;-53,37583332;31,48
2026-01-01;0,0;21,9;34,7;27,375;75,625;995,3916666666668;0,9500000000000001;31,93;A838;4303509;Camaqua;-30,80805555;-51,83416666;92,3
2026-01-02;0,0;21,9;31,8;25,858333333333334;78,91666666666667;994,5124999999999;0,9958333333333332;30,45;A838;4303509;Camaqua;-30,80805555;-51,83416666;92,3
2026-01-03;0,0;16,8;26,9;21,95;71,04166666666667;995,5958333333333;1,7416666666666665;30,07;A838;4303509;Camaqua;-30,80805555;-51,83416666;92,3
2026-01-04;0,0;13,0;24,1;17,900000000000002;59,875;1005,3958333333334;1,4000000000000001;29,13;A838;4303509;Camaqua;-30,80805555;-51,83416666;92,3
2026-01-05;0,0;12,4;25,9;18,404166666666665;71,75;1008,2208333333333;0,9541666666666666;32,89;A838;4303509;Camaqua;-30,80805555;-51,83416666;92,3
2026-01-06;0,0;14,7;29,8;21,666666666666668;73,45833333333333;1004,3375;1,2375;31,74;A838;4303509;Camaqua;-30,80805555;-51,83416666;92,3
2026-01-07;0,0;18,5;35,1;25,2625;74,375;1000,6916666666666;1,0291666666666666;25,23;A838;4303509;Camaqua;-30,80805555;-51,83416666;92,3
2026-01-08;2,2;18,3;26,9;21,921739130434784;89,78260869565217;1004,5260869565217;1,0217391304347827;11,93;A838;4303509;Camaqua;-30,80805555;-51,83416666;92,3
2026-01-09;2,2;20,3;26,1;22,90833333333333;93,08333333333333;1004,5958333333333;1,0583333333333333;9,61;A838;4303509;Camaqua;-30,80805555;-51,83416666;92,3
2026-01-10;21,5;20,0;33,4;24,870833333333334;85,91666666666667;997,6958333333333;1,2166666666666666;21,55;A838;4303509;Camaqua;-30,80805555;-51,83416666;92,3
2026-01-11;0,4;19,9;30,5;24,53333333333333;81,25;996,1458333333334;1,0666666666666667;27,95;A838;4303509;Camaqua;-30,80805555;-51,83416666;92,3
2026-01-12;0,4;18,8;27,8;22,46666666666667;85,125;999,9708333333333;0,7374999999999999;17,35;A838;4303509;Camaqua;-30,80805555;-51,83416666;92,3
2026-01-13;0,0;19,2;29,5;23,545833333333334;86,5;1001,1166666666667;0,6083333333333333;20,36;A838;4303509;Camaqua;-30,80805555;-51,83416666;92,3
2026-01-14;0,0;21,0;33,6;26,287499999999998;81,83333333333333;1001,2624999999999;0,9500000000000001;26,67;A838;4303509;Camaqua;-30,80805555;-51,83416666;92,3
2026-01-15;0,0;21,1;35,2;27,558333333333334;79,29166666666667;999,8541666666666;0,8541666666666666;22,35;A838;4303509;Camaqua;-30,80805555;-51,83416666;92,3
2026-01-16;16,4;22,0;31,8;24,991666666666664;89,58333333333333;1000,7208333333333;0,8913043478260869;11,97;A838;4303509;Camaqua;-30,80805555;-51,83416666;92,3
2026-01-17;0,0;20,7;28,8;23,891666666666666;91,66666666666667;1001,2624999999999;0,6916666666666668;15,61;A838;4303509;Camaqua;-30,80805555;-51,83416666;92,3
2026-01-18;2,0;22,1;28,6;24,337500000000002;87,375;998,4333333333334;1,2416666666666667;21,51;A838;4303509;Camaqua;-30,80805555;-51,83416666;92,3
2026-01-19;2,6;14,8;25,0;20,304347826086957;74,78260869565217;1005,9304347826088;1,2733333333333334;27,37;A838;4303509;Camaqua;-30,80805555;-51,83416666;92,3
2026-01-20;0,0;14,5;25,9;19,14782608695652;79,95652173913044;1007,2695652173913;0,788235294117647;22,85;A838;4303509;Camaqua;-30,80805555;-51,83416666;92,3
2026-01-21;1,0;14,9;25,1;19,6375;83,45833333333333;1007,1875;0,8315789473684211;23,69;A838;4303509;Camaqua;-30,80805555;-51,83416666;92,3
2026-01-22;0,0;15,4;27,4;21,583333333333332;75,41666666666667;1006,6625;0,9411764705882353;29,07;A838;4303509;Camaqua;-30,80805555;-51,83416666;92,3
2026-01-23;0,0;16,3;27,1;21,537499999999998;79,33333333333333;1007,3041666666667;0,8588235294117647;24,32;A838;4303509;Camaqua;-30,80805555;-51,83416666;92,3
2026-01-24;0,0;16,6;29,0;22,683333333333334;76,20833333333333;1006,1750000000001;1,075;26,94;A838;4303509;Camaqua;-30,80805555;-51,83416666;92,3
2026-01-25;0,0;18,6;30,8;23,883333333333336;83,08333333333333;1005,8583333333332;1,2157894736842105;25,4;A838;4303509;Camaqua;-30,80805555;-51,83416666;92,3
2026-01-26;0,0;19,4;32,6;25,195833333333336;78,95833333333333;1004,8291666666668;1,2958333333333334;28,4;A838;4303509;Camaqua;-30,80805555;-51,83416666;92,3
2026-01-27;0,0;20,1;34,0;25,650000000000002;81,08333333333333;1003,3833333333333;0,8125;26,67;A838;4303509;Camaqua;-30,80805555;-51,83416666;92,3
2026-01-28;0,0;22,5;32,8;26,454166666666666;80,58333333333333;1002,3041666666667;0,7958333333333334;21,73;A838;4303509;Camaqua;-30,80805555;-51,83416666;92,3
2026-01-29;0,0;22,4;29,2;24,441666666666666;88,125;1002,1916666666666;0,7636363636363637;14,61;A838;4303509;Camaqua;-30,80805555;-51,83416666;92,3
2026-01-30;13,2;21,2;28,8;24,03333333333333;88,375;1001,25;0,9;22,52;A838;4303509;Camaqua;-30,80805555;-51,83416666;92,3
2026-01-31;3,1999999999999997;18,3;27,3;22,254166666666666;87,29166666666667;998,5666666666666;0,8666666666666667;19,35;A838;4303509;Camaqua;-30,80805555;-51,83416666;92,3
2026-02-01;0,2;17,8;28,3;21,90416666666667;84,91666666666667;995,7166666666667;1,125;21,14;A838;4303509;Camaqua;-30,80805555;-51,83416666;92,3
2026-02-02;0,2;18,4;30,6;23,133333333333336;83,625;997,7666666666668;0,7157894736842105;25,57;A838;4303509;Camaqua;-30,80805555;-51,83416666;92,3
2026-02-03;0,0;18,8;32,7;25,233333333333334;75,58333333333333;997,1208333333334;0,9541666666666666;29,63;A838;4303509;Camaqua;-30,80805555;-51,83416666;92,3
2026-02-04;0,0;17,9;32,8;25,037499999999998;76,20833333333333;998,8958333333334;1,0333333333333334;26,23;A838;4303509;Camaqua;-30,80805555;-51,83416666;92,3
2026-02-05;0,0;20,8;33,6;26,358333333333334;78,79166666666667;1000,5;1,1208333333333333;28,88;A838;4303509;Camaqua;-30,80805555;-51,83416666;92,3
2026-02-06;0,0;20,0;34,2;25,6125;82,25;1000,0708333333333;1,3666666666666665;23,39;A838;4303509;Camaqua;-30,80805555;-51,83416666;92,3
2026-02-07;6,5;16,7;26,7;21,974999999999998;80,45833333333333;1004,2916666666666;1,085;18,04;A838;4303509;Camaqua;-30,80805555;-51,83416666;92,3
2026-02-08;0,0;14,2;28,6;21,120833333333334;76,45833333333333;1005,2791666666667;1,1583333333333334;0,0;A838;4303509;Camaqua;-30,80805555;-51,83416666;92,3
2026-02-09;0,0;17,3;30,1;23,162499999999998;79,29166666666667;1002,0500000000001;1,3666666666666665;0,0;A838;4303509;Camaqua;-30,80805555;-51,83416666;92,3
2026-02-10;0,0;20,6;34,3;26,070833333333336;78,29166666666667;998,1291666666666;0,8708333333333332;0,0;A838;4303509;Camaqua;-30,80805555;-51,83416666;92,3
2026-02-11;0,0;20,9;38,0;28,633333333333336;69,45833333333333;996,8166666666666;0,9291666666666667;0,0;A838;4303509;Camaqua;-30,80805555;-51,83416666;92,3
2026-02-12;0,2;21,3;37,1;26,933333333333334;75,66666666666667;999,4958333333334;1,0875000000000001;0,0;A838;4303509;Camaqua;-30,80805555;-51,83416666;92,3
2026-02-13;1,2;19,8;29,5;23,8625;83,29166666666667;1004,0583333333334;0,875;0,0;A838;4303509;Camaqua;-30,80805555;-51,83416666;92,3
2026-02-14;0,0;21,0;24,7;22,629166666666666;80,58333333333333;1008,4458333333333;1,0791666666666666;0,0;A838;4303509;Camaqua;-30,80805555;-51,83416666;92,3
2026-02-15;0,0;20,8;30,8;24,983333333333334;81,41666666666667;1004,1458333333334;1,3125;0,0;A838;4303509;Camaqua;-30,80805555;-51,83416666;92,3
2026-02-16;1,5999999999999999;21,1;32,1;25,320833333333336;87,29166666666667;1000,9083333333333;0,7999999999999999;0,0;A838;4303509;Camaqua;-30,80805555;-51,83416666;92,3
2026-02-17;0,2;21,6;30,5;24,4375;92,16666666666667;1001,6708333333332;0,5916666666666667;0,0;A838;4303509;Camaqua;-30,80805555;-51,83416666;92,3
2026-02-18;0,0;21,9;31,4;25,320833333333336;80,45833333333333;1001,65;0,9375;0,0;A838;4303509;Camaqua;-30,80805555;-51,83416666;92,3
2026-02-19;0,2;18,4;30,6;23,55;81,375;1000,1791666666667;0,6272727272727273;0,0;A838;4303509;Camaqua;-30,80805555;-51,83416666;92,3
2026-02-20;5,5;20,5;28,3;23,429166666666664;85,95833333333333;1000,6291666666666;0,9833333333333334;0,0;A838;4303509;Camaqua;-30,80805555;-51,83416666;92,3
2026-02-21;0,0;17,9;30,1;23,016666666666666;80,29166666666667;1004,8249999999999;1,0458333333333334;0,0;A838;4303509;Camaqua;-30,80805555;-51,83416666;92,3
2026-02-22;0,0;17,7;29,4;23,333333333333332;80,125;1005,6750000000001;0,7999999999999999;0,0;A838;4303509;Camaqua;-30,80805555;-51,83416666;92,3
2026-02-23;0,0;19,5;30,4;24,525000000000002;75,04166666666667;1002,6333333333333;1,0125;0,0;A838;4303509;Camaqua;-30,80805555;-51,83416666;92,3
2026-02-24;3,8;21,4;25,4;23,03333333333333;90,70833333333333;998,1458333333334;;0,0;A838;4303509;Camaqua;-30,80805555;-51,83416666;92,3
2026-02-25;1,0;18,8;27,6;21,599999999999998;91,16666666666667;997,2624999999999;1,1956521739130435;0,0;A838;4303509;Camaqua;-30,80805555;-51,83416666;92,3
2026-02-26;0,0;14,3;26,5;19,575;75,91666666666667;1000,85;0,9294117647058824;0,0;A838;4303509;Camaqua;-30,80805555;-51,83416666;92,3
2026-02-27;0,0;12,5;27,7;18,920833333333334;79,95833333333333;1002,5375;3,14;0,0;A838;4303509;Camaqua;-30,80805555;-51,83416666;92,3
2026-02-28;0,0;15,1;28,4;20,854166666666668;75,25;1003,1416666666668;2,9375;0,0;A838;4303509;Camaqua;-30,80805555;-51,83416666;92,3
2026-03-01;0,0;15,6;28,9;21,587500000000002;75,33333333333333;1003,7583333333333;2,30625;0,0;A838;4303509;Camaqua;-30,80805555;-51,83416666;92,3
2026-03-02;0,0;17,1;29,0;22,40833333333333;73,75;1001,7416666666667;1,6166666666666665;0,0;A838;4303509;Camaqua;-30,80805555;-51,83416666;92,3
2026-03-03;0,0;18,6;31,5;24,295833333333334;72,91666666666667;1000,5333333333333;0,9;0,0;A838;4303509;Camaqua;-30,80805555;-51,83416666;92,3
2026-03-04;10,200000000000001;19,5;33,4;24,34166666666667;81,54166666666667;1000,8291666666668;0,7913043478260869;0,0;A838;4303509;Camaqua;-30,80805555;-51,83416666;92,3
2026-03-05;0,2;20,3;29,8;24,02916666666667;85,5;1002,6458333333334;0,9791666666666666;0,0;A838;4303509;Camaqua;-30,80805555;-51,83416666;92,3
2026-03-06;0,0;20,0;29,4;23,995833333333334;85,375;1002,9250000000001;1,125;0,0;A838;4303509;Camaqua;-30,80805555;-51,83416666;92,3
2026-03-07;1,0;20,7;29,1;23,208333333333332;90,125;999,0749999999999;1,0374999999999999;0,0;A838;4303509;Camaqua;-30,80805555;-51,83416666;92,3
2026-03-08;0,6000000000000001;17,9;26,7;21,1375;85,41666666666667;1003,4291666666667;0,4294117647058824;0,0;A838;4303509;Camaqua;-30,80805555;-51,83416666;92,3
2026-03-09;0,2;14,9;24,0;18,875;83,125;1007,9791666666666;0,8208333333333333;0,0;A838;4303509;Camaqua;-30,80805555;-51,83416666;92,3
2026-03-10;4,0;18,5;24,0;20,179166666666667;94,41666666666667;1007,5333333333333;0,49583333333333335;0,0;A838;4303509;Camaqua;-30,80805555;-51,83416666;92,3
2026-03-11;0,6000000000000001;19,1;28,4;22,320833333333336;85,125;1004,1708333333332;0,6333333333333333;0,55;A838;4303509;Camaqua;-30,80805555;-51,83416666;92,3
2026-03-12;0,0;19,0;29,3;22,566666666666666;83,95833333333333;1002,1458333333334;1,1916666666666667;14,6;A838;4303509;Camaqua;-30,80805555;-51,83416666;92,3
2026-03-13;0,0;17,9;30,8;22,599999999999998;82,5;1000,7541666666666;1,0125;21,1;A838;4303509;Camaqua;-30,80805555;-51,83416666;92,3
2026-03-14;0,0;17,1;31,0;22,27916666666667;80,54166666666667;999,2166666666667;0,8083333333333332;24,29;A838;4303509;Camaqua;-30,80805555;-51,83416666;92,3
2026-03-15;0,0;17,6;32,7;23,599999999999998;77,29166666666667;998,2666666666668;0,7875;23,36;A838;4303509;Camaqua;-30,80805555;-51,83416666;92,3
2026-03-16;0,0;21,6;33,9;26,02916666666667;81,04166666666667;999,8041666666667;1,1916666666666667;20,68;A838;4303509;Camaqua;-30,80805555;-51,83416666;92,3
2026-03-17;3,0;23,8;28,2;25,03333333333333;92,54166666666667;999,9166666666666;0,7833333333333333;5,03;A838;4303509;Camaqua;-30,80805555;-51,83416666;92,3
2026-03-18;3,2;21,3;31,2;24,7;90,5;999,0666666666666;0,9874999999999999;13,77;A838;4303509;Camaqua;-30,80805555;-51,83416666;92,3
2026-03-19;0,0;20,5;30,8;23,733333333333334;86,45833333333333;999,9;1,175;15,58;A838;4303509;Camaqua;-30,80805555;-51,83416666;92,3
2026-03-20;0,2;18,7;31,4;23,208333333333332;88,29166666666667;999,7666666666668;1,0375;15,9;A838;4303509;Camaqua;-30,80805555;-51,83416666;92,3
2026-03-21;4,1;21,4;35,4;25,7;80,91666666666667;997,0375;1,6208333333333333;18,15;A838;4303509;Camaqua;-30,80805555;-51,83416666;92,3
2026-03-22;3,4;19,5;26,6;22,34583333333333;93,0;1000,9666666666667;1,0125;6,13;A838;4303509;Camaqua;-30,80805555;-51,83416666;92,3
2026-03-23;3,0;20,6;33,7;23,849999999999998;91,70833333333333;998,8541666666666;0,7875;9,62;A838;4303509;Camaqua;-30,80805555;-51,83416666;92,3
2026-03-24;4,6;17,0;30,0;21,804166666666664;82,5;1000,2833333333333;0,9874999999999999;17,74;A838;4303509;Camaqua;-30,80805555;-51,83416666;92,3
2026-03-25;26,5;16,6;24,9;18,912499999999998;96,66666666666667;1004,6458333333334;0,35000000000000003;3,27;A838;4303509;Camaqua;-30,80805555;-51,83416666;92,3
2026-03-26;6,4;18,9;26,9;20,895833333333332;100,0;1005,7208333333333;0,39166666666666666;3,32;A838;4303509;Camaqua;-30,80805555;-51,83416666;92,3
2026-03-27;0,0;22,6;36,0;25,870833333333334;91,16666666666667;1004,6333333333333;0,6;16,63;A838;4303509;Camaqua;-30,80805555;-51,83416666;92,3
2026-03-28;0,2;22,3;34,6;25,870833333333334;90,54166666666667;1005,6541666666667;0,6416666666666667;16,42;A838;4303509;Camaqua;-30,80805555;-51,83416666;92,3
2026-03-29;0,6000000000000001;23,6;32,3;25,71666666666667;93,45833333333333;1006,025;0,7666666666666666;13,3;A838;4303509;Camaqua;-30,80805555;-51,83416666;92,3
2026-03-30;0,6000000000000001;23,1;29,0;24,9375;92,33333333333333;1005,3333333333334;0,7416666666666667;9,56;A838;4303509;Camaqua;-30,80805555;-51,83416666;92,3
2026-03-31;0,0;19,9;28,4;24,058333333333334;86,04166666666667;1002,975;1,3875;18,76;A838;4303509;Camaqua;-30,80805555;-51,83416666;92,3
2026-04-01;0,0;17,7;29,7;22,804166666666664;83,625;1000,4416666666666;0,8833333333333333;17,53;A838;4303509;Camaqua;-30,80805555;-51,83416666;92,3
2026-04-02;0,0;18,5;30,0;22,679166666666664;86,54166666666667;1000,15;0,6916666666666668;16,49;A838;4303509;Camaqua;-30,80805555;-51,83416666;92,3
2026-04-03;0,0;18,2;30,9;22,75;86,41666666666667;1002,1583333333333;0,7916666666666666;17,59;A838;4303509;Camaqua;-30,80805555;-51,83416666;92,3
2026-04-04;12,2;19,0;30,5;23,15416666666667;90,08333333333333;1003,3000000000001;0,8666666666666667;12,32;A838;4303509;Camaqua;-30,80805555;-51,83416666;92,3
2026-04-05;7,0;16,9;21,1;18,691666666666666;92,125;1009,7291666666666;1,2208333333333334;6,39;A838;4303509;Camaqua;-30,80805555;-51,83416666;92,3
2026-04-06;0,0;17,7;24,6;21,033333333333335;82,125;1007,6875;1,2750000000000001;6,93;A838;4303509;Camaqua;-30,80805555;-51,83416666;92,3
2026-04-07;24,0;20,5;23,1;21,34166666666667;96,875;999,85;1,5333333333333332;2,15;A838;4303509;Camaqua;-30,80805555;-51,83416666;92,3
2026-04-08;0,0;19,3;25,4;21,40833333333333;82,54166666666667;995,2916666666666;1,9666666666666668;15,08;A838;4303509;Camaqua;-30,80805555;-51,83416666;92,3
2026-04-09;2,0;15,1;24,8;19,070833333333333;83,54166666666667;1004,025;1,075;17,73;A838;4303509;Camaqua;-30,80805555;-51,83416666;92,3
2026-04-10;0,2;12,7;24,4;17,408333333333335;81,79166666666667;1008,6916666666666;0,9083333333333333;18,49;A838;4303509;Camaqua;-30,80805555;-51,83416666;92,3
2026-04-11;0,0;10,7;26,9;17,608333333333334;82,375;1008,8291666666668;1,8875000000000002;18,65;A838;4303509;Camaqua;-30,80805555;-51,83416666;92,3
2026-04-12;1,6;18,2;26,1;21,245833333333334;86,625;1006,4083333333333;0,9583333333333334;9,66;A838;4303509;Camaqua;-30,80805555;-51,83416666;92,3
2026-04-13;0,0;18,0;27,9;21,708333333333332;87,20833333333333;1006,1416666666668;0,6375000000000001;11,22;A838;4303509;Camaqua;-30,80805555;-51,83416666;92,3
2026-04-14;0,0;19,7;29,1;22,733333333333334;88,95833333333333;1004,9541666666668;0,8333333333333334;14,57;A838;4303509;Camaqua;-30,80805555;-51,83416666;92,3
2026-04-15;0,0;21,4;28,0;23,204166666666666;84,20833333333333;1002,9958333333334;1,6375;12,64;A838;4303509;Camaqua;-30,80805555;-51,83416666;92,3
2026-04-16;10,4;20,9;25,8;22,195833333333336;92,0;998,6583333333333;1,0875000000000001;5,85;A838;4303509;Camaqua;-30,80805555;-51,83416666;92,3
2026-04-17;0,2;18,8;28,1;22,075;84,83333333333333;995,5291666666667;1,05;15,33;A838;4303509;Camaqua;-30,80805555;-51,83416666;92,3
2026-04-18;0,0;15,9;26,8;20,670833333333334;78,91666666666667;998,0625;1,0208333333333333;17,93;A838;4303509;Camaqua;-30,80805555;-51,83416666;92,3
2026-04-19;0,0;14,5;28,1;20,087500000000002;80,41666666666667;1001,8291666666668;1,1208333333333333;17,56;A838;4303509;Camaqua;-30,80805555;-51,83416666;92,3
2026-04-20;0,0;14,4;26,1;19,279166666666665;88,16666666666667;1005,0749999999999;0,9500000000000001;12,49;A838;4303509;Camaqua;-30,80805555;-51,83416666;92,3
2026-04-21;0,0;19,1;24,9;21,1125;93,70833333333333;1005,0958333333333;0,47500000000000003;5,7;A838;4303509;Camaqua;-30,80805555;-51,83416666;92,3
2026-04-22;0,2;17,3;29,5;21,866666666666664;88,33333333333333;1004,3791666666666;0,6833333333333332;13,83;A838;4303509;Camaqua;-30,80805555;-51,83416666;92,3
2026-04-23;0,2;18,5;20,8;19,541666666666668;93,16666666666667;1008,7125;0,7916666666666666;3,04;A838;4303509;Camaqua;-30,80805555;-51,83416666;92,3
2026-04-24;15,5;18,2;20,9;18,875;97,58333333333333;1007,1916666666666;0,5599999999999999;2,91;A838;4303509;Camaqua;-30,80805555;-51,83416666;92,3
2026-04-25;1,2000000000000002;18,5;26,1;20,495833333333334;93,29166666666667;1001,9583333333334;;11,82;A838;4303509;Camaqua;-30,80805555;-51,83416666;92,3
2026-04-26;0,2;15,7;26,9;20,029166666666665;87,29166666666667;998,775;;15,14;A838;4303509;Camaqua;-30,80805555;-51,83416666;92,3
2026-04-27;0,0;8,8;19,5;15,029166666666667;63,041666666666664;1003,0333333333333;;17,51;A838;4303509;Camaqua;-30,80805555;-51,83416666;92,3
2026-04-28;0,0;6,8;20,2;12,095833333333333;75,08333333333333;1007,8791666666666;;16,94;A838;4303509;Camaqua;-30,80805555;-51,83416666;92,3
2026-04-29;0,0;7,1;23,8;13,762500000000001;76,08333333333333;1005,0708333333333;;16,54;A838;4303509;Camaqua;-30,80805555;-51,83416666;92,3
2026-04-30;0,0;10,4;26,1;16,420833333333334;75,79166666666667;1006,0;;16,39;A838;4303509;Camaqua;-30,80805555;-51,83416666;92,3
2026-05-01;37,1;13,0;22,1;16,741666666666667;93,41666666666667;1005,225;;3,62;A838;4303509;Camaqua;-30,80805555;-51,83416666;92,3
2026-05-02;17,7;11,6;19,9;17,5625;94,0;1004,5833333333334;;5,24;A838;4303509;Camaqua;-30,80805555;-51,83416666;92,3
2026-05-03;0,0;6,2;19,8;12,0375;73,75;1013,3666666666667;;16,44;A838;4303509;Camaqua;-30,80805555;-51,83416666;92,3
2026-05-04;0,0;6,9;26,3;14,4375;87,45833333333333;1006,1875;;14,61;A838;4303509;Camaqua;-30,80805555;-51,83416666;92,3
2026-05-05;0,0;18,0;31,3;22,495833333333334;88,0;1004,3041666666667;;13,1;A838;4303509;Camaqua;-30,80805555;-51,83416666;92,3
2026-05-06;0,0;20,2;32,7;23,616666666666664;87,45833333333333;1003,8916666666668;;12,69;A838;4303509;Camaqua;-30,80805555;-51,83416666;92,3
2026-05-07;0,0;21,2;30,6;24,45;78,83333333333333;994,3791666666666;;7,42;A838;4303509;Camaqua;-30,80805555;-51,83416666;92,3
2026-05-08;4,2;12,1;24,0;16,679166666666667;75,08333333333333;993,7875;;15,71;A838;4303509;Camaqua;-30,80805555;-51,83416666;92,3
2026-05-09;0,0;5,8;18,6;12,104166666666666;62,125;1003,9416666666666;;14,07;A838;4303509;Camaqua;-30,80805555;-51,83416666;92,3
2026-05-10;0,0;8,4;15,3;10,883333333333333;72,70833333333333;1009,8916666666668;;11,02;A838;4303509;Camaqua;-30,80805555;-51,83416666;92,3
2026-05-11;0,0;5,9;17,6;10,612499999999999;71,625;1010,225;;15,52;A838;4303509;Camaqua;-30,80805555;-51,83416666;92,3
2026-05-12;0,0;5,8;21,9;11,916666666666666;75,25;1008,0416666666666;;15,12;A838;4303509;Camaqua;-30,80805555;-51,83416666;92,3
2026-05-13;0,0;8,3;21,5;13,729166666666666;74,41666666666667;1006,2041666666668;;14,52;A838;4303509;Camaqua;-30,80805555;-51,83416666;92,3
2026-05-14;0,0;9,4;18,2;12,620833333333332;91,45833333333333;1008,0375;;6,14;A838;4303509;Camaqua;-30,80805555;-51,83416666;92,3
2026-05-15;0,0;7,4;18,9;11,4;87,41666666666667;1010,2166666666667;;11,98;A838;4303509;Camaqua;-30,80805555;-51,83416666;92,3
2026-05-16;0,0;7,7;21,8;12,700000000000001;91,91666666666667;1006,5500000000001;;10,8;A838;4303509;Camaqua;-30,80805555;-51,83416666;92,3
2026-05-17;0,8;13,7;17,1;14,754166666666668;93,79166666666667;1006,7375000000001;;1,83;A838;4303509;Camaqua;-30,80805555;-51,83416666;92,3
2026-05-18;0,2;7,3;20,0;12,279166666666667;81,45833333333333;1012,6041666666666;;13,55;A838;4303509;Camaqua;-30,80805555;-51,83416666;92,3
2026-05-19;0,2;5,2;19,0;10,137500000000001;82,54166666666667;1013,125;;14,11;A838;4303509;Camaqua;-30,80805555;-51,83416666;92,3
2026-05-20;0,0;5,3;18,9;10,625;79,04166666666667;1012,0875;;14,08;A838;4303509;Camaqua;-30,80805555;-51,83416666;92,3
2026-05-21;0,0;5,7;16,8;10,529166666666667;79,75;1016,1291666666666;;13,8;A838;4303509;Camaqua;-30,80805555;-51,83416666;92,3
2026-05-22;0,4;5,7;17,9;10,320833333333333;93,20833333333333;1017,4625;;6,81;A838;4303509;Camaqua;-30,80805555;-51,83416666;92,3
2026-05-23;3,0;13,2;17,4;14,612499999999999;95,16666666666667;1015,25;;5,64;A838;4303509;Camaqua;-30,80805555;-51,83416666;92,3
2026-05-24;0,4;12,1;20,8;15,258333333333333;91,5;1012,6458333333334;;9,07;A838;4303509;Camaqua;-30,80805555;-51,83416666;92,3
2026-05-25;0,0;11,4;21,3;15,429166666666667;91,25;1010,3791666666666;;9,31;A838;4303509;Camaqua;-30,80805555;-51,83416666;92,3
2026-05-26;11,700000000000001;13,8;18,1;16,158333333333335;99,54166666666667;1008,3208333333333;;2,58;A838;4303509;Camaqua;-30,80805555;-51,83416666;92,3
2026-05-27;0,0;13,6;19,9;15,208333333333334;95,33333333333333;1012,1583333333333;;7,68;A838;4303509;Camaqua;-30,80805555;-51,83416666;92,3
2026-05-28;0,2;13,1;18,9;14,541666666666666;94,58333333333333;1012,35;;4,86;A838;4303509;Camaqua;-30,80805555;-51,83416666;92,3
2026-05-29;0,0;13,4;20,4;15,595833333333333;91,04166666666667;1012,1916666666666;;6,89;A838;4303509;Camaqua;-30,80805555;-51,83416666;92,3
2026-05-30;0,2;14,9;20,7;16,533333333333335;94,08333333333333;1011,1583333333333;;5,02;A838;4303509;Camaqua;-30,80805555;-51,83416666;92,3
2026-05-31;0,0;13,1;19,2;15,475;95,91666666666667;1010,0666666666666;;5,85;A838;4303509;Camaqua;-30,80805555;-51,83416666;92,3
2026-06-01;1,5999999999999999;12,5;17,5;14,378260869565217;94,56521739130434;1012,1130434782608;;5,86;A838;4303509;Camaqua;-30,80805555;-51,83416666;92,3
2026-06-02;3,6;9,6;17,1;12,608333333333334;99,16666666666667;1015,7125;;4,54;A838;4303509;Camaqua;-30,80805555;-51,83416666;92,3
2026-06-03;0,6000000000000001;14,8;21,6;16,766666666666666;90,20833333333333;1015,2916666666666;;11,73;A838;4303509;Camaqua;-30,80805555;-51,83416666;92,3
2026-06-04;0,0;13,6;22,8;17,108333333333334;89,70833333333333;1015,9875000000001;;11,34;A838;4303509;Camaqua;-30,80805555;-51,83416666;92,3
2026-06-05;0,2;12,9;25,1;17,212500000000002;93,25;1012,1374999999999;;9,91;A838;4303509;Camaqua;-30,80805555;-51,83416666;92,3
2026-06-06;0,0;14,3;18,5;15,945833333333333;98,58333333333333;1007,725;;3,04;A838;4303509;Camaqua;-30,80805555;-51,83416666;92,3
2026-06-07;0,0;13,9;20,7;15,504166666666668;94,91666666666667;1007,9541666666668;;4,0;A838;4303509;Camaqua;-30,80805555;-51,83416666;92,3
2026-06-08;18,9;14,1;24,7;15,387500000000001;100,0;1007,7375000000001;;2,27;A838;4303509;Camaqua;-30,80805555;-51,83416666;92,3
2026-06-09;2,2;12,0;25,1;14,395833333333334;97,0;1006,8208333333333;;5,41;A838;4303509;Camaqua;-30,80805555;-51,83416666;92,3
2026-06-10;0,0;8,3;25,2;12,0625;95,33333333333333;1007,4;;7,37;A838;4303509;Camaqua;-30,80805555;-51,83416666;92,3
2026-06-11;0,2;9,8;18,7;13,225;96,5;1006,2541666666666;;5,43;A838;4303509;Camaqua;-30,80805555;-51,83416666;92,3
2026-06-12;31,4;13,4;17,8;15,141666666666666;99,70833333333333;1000,2291666666666;;2,07;A838;4303509;Camaqua;-30,80805555;-51,83416666;92,3
2026-06-13;0,4;9,6;18,9;13,666666666666666;90,5;1005,3333333333334;;9,83;A838;4303509;Camaqua;-30,80805555;-51,83416666;92,3
2026-06-14;0,0;7,7;15,7;11,975;90,83333333333333;1008,9875000000001;;6,39;A838;4303509;Camaqua;-30,80805555;-51,83416666;92,3
2026-06-15;0,2;4,1;14,9;8,141666666666667;87,16666666666667;1012,9333333333334;;12,28;A838;4303509;Camaqua;-30,80805555;-51,83416666;92,3
2026-06-16;0,0;2,2;18,1;8,154166666666667;84,70833333333333;1011,0166666666668;;12,65;A838;4303509;Camaqua;-30,80805555;-51,83416666;92,3
2026-06-17;0,0;8,0;17,9;11,616666666666667;75,83333333333333;1012,125;;12,36;A838;4303509;Camaqua;-30,80805555;-51,83416666;92,3
2026-06-18;0,2;4,4;17,5;10,174999999999999;91,125;1013,475;;8,61;A838;4303509;Camaqua;-30,80805555;-51,83416666;92,3
2026-06-19;4,9;11,5;18,0;13,674999999999999;92,45833333333333;1004,475;;3,01;A838;4303509;Camaqua;-30,80805555;-51,83416666;92,3
2026-06-20;0,0;5,1;15,2;9,529166666666667;88,95833333333333;1008,1583333333333;;11,16;A838;4303509;Camaqua;-30,80805555;-51,83416666;92,3
2026-06-21;0,2;3,4;14,1;7,945833333333333;95,125;1006,9916666666667;;5,24;A838;4303509;Camaqua;-30,80805555;-51,83416666;92,3
2026-06-22;20,6;8,7;11,4;10,2125;99,29166666666667;1003,3708333333334;;1,37;A838;4303509;Camaqua;-30,80805555;-51,83416666;92,3
2026-06-23;0,4;4,1;13,2;7,875;85,91666666666667;1007,0625;;11,55;A838;4303509;Camaqua;-30,80805555;-51,83416666;92,3
2026-06-24;0,0;1,9;15,3;6,691666666666666;86,33333333333333;1009,4791666666666;;8,91;A838;4303509;Camaqua;-30,80805555;-51,83416666;92,3
2026-06-25;0,0;4,5;18,0;9,325000000000001;82,45833333333333;1012,5416666666666;;12,08;A838;4303509;Camaqua;-30,80805555;-51,83416666;92,3
2026-06-26;0,2;5,2;19,7;10,508333333333333;83,91666666666667;1013,475;;12,17;A838;4303509;Camaqua;-30,80805555;-51,83416666;92,3
2026-06-27;0,0;3,8;19,4;10,220833333333333;89,08333333333333;1012,2375000000001;;12,1;A838;4303509;Camaqua;-30,80805555;-51,83416666;92,3
2026-06-28;10,6;11,2;17,3;13,9;95,45833333333333;1004,9541666666668;;1,86;A838;4303509;Camaqua;-30,80805555;-51,83416666;92,3
2026-06-29;0,2;7,0;17,3;11,4375;90,16666666666667;1009,3416666666667;;10,65;A838;4303509;Camaqua;-30,80805555;-51,83416666;92,3
2026-06-30;0,0;5,6;13,0;8,950000000000001;97,0;1009,9791666666666;;3,87;A838;4303509;Camaqua;-30,80805555;-51,83416666;92,3
2026-07-01;0,2;11,1;17,3;12,954166666666666;96,41666666666667;1007,3083333333334;;4,2;A838;4303509;Camaqua;-30,80805555;-51,83416666;92,3
2026-07-02;12,2;7,7;15,2;12,262500000000001;99,54166666666667;1011,7333333333332;;0,99;A838;4303509;Camaqua;-30,80805555;-51,83416666;92,3
2026-07-03;0,2;1,4;12,1;6,9750000000000005;79,54166666666667;1015,9666666666667;;12,74;A838;4303509;Camaqua;-30,80805555;-51,83416666;92,3
2026-07-04;0,0;8,1;12,4;9,645833333333334;85,16666666666667;1015,6333333333333;;5,07;A838;4303509;Camaqua;-30,80805555;-51,83416666;92,3
2026-07-05;0,2;9,6;13,2;10,945833333333333;97,125;1012,1291666666666;;3,93;A838;4303509;Camaqua;-30,80805555;-51,83416666;92,3
2026-07-06;0,0;6,2;14,3;11,658333333333333;88,375;1008,5666666666666;;5,49;A838;4303509;Camaqua;-30,80805555;-51,83416666;92,3
2026-07-07;0,0;3,3;15,2;8,366666666666667;79,20833333333333;1010,8125;;13,34;A838;4303509;Camaqua;-30,80805555;-51,83416666;92,3
2026-07-08;0,0;5,6;20,4;11,104166666666666;75,66666666666667;1010,0458333333332;;12,84;A838;4303509;Camaqua;-30,80805555;-51,83416666;92,3
2026-07-09;0,0;5,0;22,9;12,170833333333334;83,95833333333333;1006,9250000000001;;11,92;A838;4303509;Camaqua;-30,80805555;-51,83416666;92,3
2026-07-10;0,0;11,3;19,1;14,862499999999999;80,54166666666667;1004,6875;;9,06;A838;4303509;Camaqua;-30,80805555;-51,83416666;92,3
2026-07-11;10,3;12,4;15,7;13,891666666666667;98,66666666666667;1003,3458333333333;;1,4;A838;4303509;Camaqua;-30,80805555;-51,83416666;92,3
2026-07-12;3,4000000000000004;10,0;14,3;12,108333333333334;93,83333333333333;1006,725;;3,72;A838;4303509;Camaqua;-30,80805555;-51,83416666;92,3
2026-07-13;0,0;8,8;15,3;11,270833333333334;90,58333333333333;1012,6750000000001;;7,66;A838;4303509;Camaqua;-30,80805555;-51,83416666;92,3
2026-07-14;0,0;8,7;19,5;12,920833333333334;88,16666666666667;1012,5500000000001;;13,3;A838;4303509;Camaqua;-30,80805555;-51,83416666;92,3
2026-07-15;0,0;8,1;22,3;14,070833333333333;81,75;1008,1666666666666;;13,44;A838;4303509;Camaqua;-30,80805555;-51,83416666;92,3
2026-07-16;0,0;8,4;29,4;16,6375;78,41666666666667;1003,2624999999999;;13,51;A838;4303509;Camaqua;-30,80805555;-51,83416666;92,3
2026-07-17;2,2;18,5;29,6;23,425;59,333333333333336;996,0416666666666;;12,51;A838;4303509;Camaqua;-30,80805555;-51,83416666;92,3
2026-07-18;0,0;19,1;31,9;24,458333333333332;67,0;993,6750000000001;;0,91;A838;4303509;Camaqua;-30,80805555;-51,83416666;92,3
2026-07-19;37,5;15,3;23,7;16,854166666666668;95,91666666666667;995,5666666666666;;0,0;A838;4303509;Camaqua;-30,80805555;-51,83416666;92,3
2026-07-20;27,9;16,6;18,7;17,712500000000002;98,83333333333333;997,0958333333333;;0,0;A838;4303509;Camaqua;-30,80805555;-51,83416666;92,3
2026-07-21;19,5;15,9;19,2;18,045833333333334;99,95833333333333;997,1875;;0,0;A838;4303509;Camaqua;-30,80805555;-51,83416666;92,3
2026-07-22;9,8;14,1;16,2;15,495833333333332;100,0;1001,1625;;0,0;A838;4303509;Camaqua;-30,80805555;-51,83416666;92,3
2026-07-23;9,7;11,6;19,3;14,295833333333334;94,41666666666667;1009,3083333333334;;0,0;A838;4303509;Camaqua;-30,80805555;-51,83416666;92,3
2026-07-24;0,0;9,7;18,9;13,854166666666666;92,20833333333333;1009,7666666666668;;0,0;A838;4303509;Camaqua;-30,80805555;-51,83416666;92,3
2026-07-25;0,0;12,6;20,5;15,141666666666666;95,29166666666667;1008,1666666666666;;0,0;A838;4303509;Camaqua;-30,80805555;-51,83416666;92,3
2026-07-26;7,3;12,8;18,4;15,066666666666668;99,375;1006,0208333333334;;0,0;A838;4303509;Camaqua;-30,80805555;-51,83416666;92,3
2026-07-27;13,2;14,7;17,5;16,070833333333333;99,08333333333333;1003,4499999999999;;0,0;A838;4303509;Camaqua;-30,80805555;-51,83416666;92,3
2026-07-28;22,6;16,3;20,9;18,154166666666665;99,08333333333333;998,9958333333334;;0,0;A838;4303509;Camaqua;-30,80805555;-51,83416666;92,3
2026-07-29;29,2;13,6;19,5;15,854166666666666;95,95833333333333;1003,2291666666666;;0,0;A838;4303509;Camaqua;-30,80805555;-51,83416666;92,3
2026-07-30;0,0;14,1;19,0;15,795833333333334;91,75;1011,0833333333334;;0,0;A838;4303509;Camaqua;-30,80805555;-51,83416666;92,3
2026-07-31;0,0;14,2;25,2;18,620833333333334;85,91666666666667;1007,375;;14,06;A838;4303509;Camaqua;-30,80805555;-51,83416666;92,3
2026-08-01;4,3;15,7;30,8;21,079166666666666;76,20833333333333;999,4166666666666;;12,8;A838;4303509;Camaqua;-30,80805555;-51,83416666;92,3
2026-08-02;1,5999999999999999;14,7;20,6;16,55;93,375;1007,15;;6,66;A838;4303509;Camaqua;-30,80805555;-51,83416666;92,3
2026-08-03;0,0;15,4;23,8;18,066666666666666;93,25;1006,6083333333332;;7,29;A838;4303509;Camaqua;-30,80805555;-51,83416666;92,3
2026-08-04;0,4;17,1;23,9;19,220833333333335;93,91666666666667;1004,25;0,8083333333333332;6,54;A838;4303509;Camaqua;-30,80805555;-51,83416666;92,3
2026-08-05;0,4;16,5;24,8;18,908333333333335;93,45833333333333;1003,0708333333333;0,7000000000000001;9,26;A838;4303509;Camaqua;-30,80805555;-51,83416666;92,3
2026-08-06;20,7;15,1;27,5;20,120833333333334;89,54166666666667;995,0291666666667;0,7875;11,43;A838;4303509;Camaqua;-30,80805555;-51,83416666;92,3
2026-08-07;5,7;7,9;16,3;12,75;80,83333333333333;998,4791666666666;1,6291666666666667;13,44;A838;4303509;Camaqua;-30,80805555;-51,83416666;92,3
2026-08-08;0,0;4,6;19,4;10,404166666666667;85,70833333333333;998,75;0,9625;12,47;A838;4303509;Camaqua;-30,80805555;-51,83416666;92,3
2026-08-09;0,0;4,8;16,5;9,933333333333334;73,08333333333333;1008,4208333333332;0,9291666666666667;16,51;A838;4303509;Camaqua;-30,80805555;-51,83416666;92,3
2026-08-10;0,0;5,0;14,4;8,516666666666667;78,25;1019,8375;1,2458333333333333;12,61;A838;4303509;Camaqua;-30,80805555;-51,83416666;92,3
2026-08-11;0,0;4,0;15,8;9,208333333333334;90,125;1019,9166666666666;0,9291666666666667;8,72;A838;4303509;Camaqua;-30,80805555;-51,83416666;92,3
2026-08-12;33,0;11,3;14,3;12,583333333333334;99,66666666666667;1010,1875;1,5374999999999999;1,62;A838;4303509;Camaqua;-30,80805555;-51,83416666;92,3
2026-08-13;33,6;11,1;14,1;13,116666666666667;100,0;1008,1125000000001;1,4176470588235295;1,84;A838;4303509;Camaqua;-30,80805555;-51,83416666;92,3
2026-08-14;6,2;11,2;15,6;13,516666666666666;97,25;1012,275;1,7458333333333333;4,7;A838;4303509;Camaqua;-30,80805555;-51,83416666;92,3
2026-08-15;0,2;14,9;18,8;16,412499999999998;92,375;1008,9916666666667;1,9833333333333334;4,4;A838;4303509;Camaqua;-30,80805555;-51,83416666;92,3
2026-08-16;46,300000000000004;16,8;18,5;17,570833333333333;97,95833333333333;1004,2541666666666;2,6041666666666665;1,31;A838;4303509;Camaqua;-30,80805555;-51,83416666;92,3
2026-08-17;0,2;15,8;20,4;17,7;98,375;1002,3375;0,8666666666666667;4,02;A838;4303509;Camaqua;-30,80805555;-51,83416666;92,3
2026-08-18;0,0;16,1;17,6;16,97142857142857;99,57142857142857;1002,5571428571428;1,0714285714285714;0,0;A838;4303509;Camaqua;-30,80805555;-51,83416666;92,3
2026-08-19;0,0;;;;;;;0,0;A838;4303509;Camaqua;-30,80805555;-51,83416666;92,3
2026-08-20;0,0;;;;;;;0,0;A838;4303509;Camaqua;-30,80805555;-51,83416666;92,3
2026-08-21;0,0;;;;;;;0,0;A838;4303509;Camaqua;-30,80805555;-51,83416666;92,3
2026-08-22;0,0;;;;;;;0,0;A838;4303509;Camaqua;-30,80805555;-51,83416666;92,3
2026-08-23;0,0;;;;;;;0,0;A838;4303509;Camaqua;-30,80805555;-51,83416666;92,3
2026-08-24;0,0;;;;;;;0,0;A838;4303509;Camaqua;-30,80805555;-51,83416666;92,3
2026-08-25;0,0;;;;;;;0,0;A838;4303509;Camaqua;-30,80805555;-51,83416666;92,3
2026-08-26;0,0;;;;;;;0,0;A838;4303509;Camaqua;-30,80805555;-51,83416666;92,3
2026-08-27;0,0;;;;;;;0,0;A838;4303509;Camaqua;-30,80805555;-51,83416666;92,3
2026-08-28;0,0;;;;;;;0,0;A838;4303509;Camaqua;-30,80805555;-51,83416666;92,3
2026-08-29;0,0;;;;;;;0,0;A838;4303509;Camaqua;-30,80805555;-51,83416666;92,3
2026-08-30;0,0;;;;;;;0,0;A838;4303509;Camaqua;-30,80805555;-51,83416666;92,3
2026-08-31;0,0;;;;;;;0,0;A838;4303509;Camaqua;-30,80805555;-51,83416666;92,3
2026-01-01;0,0;20,6;34,7;26,212500000000002;81,70833333333333;1006,2791666666667;1,8;28,21;A887;4314407;Pelotas / Capao do Leao;-31,8025;-52,40722222;13,0
2026-01-02;0,0;19,0;29,5;23,945833333333336;77,91666666666667;1005,3958333333334;1,788888888888889;29,18;A887;4314407;Pelotas / Capao do Leao;-31,8025;-52,40722222;13,0
2026-01-03;0,0;16,2;22,6;20,408333333333335;70,5;1006,5958333333333;4,758333333333334;26,36;A887;4314407;Pelotas / Capao do Leao;-31,8025;-52,40722222;13,0
2026-01-04;0,0;12,3;23,0;17,220833333333335;62,916666666666664;1015,4916666666667;4,725;28,61;A887;4314407;Pelotas / Capao do Leao;-31,8025;-52,40722222;13,0
2026-01-05;0,0;12,2;24,4;18,195833333333333;67,58333333333333;1018,5083333333333;2,629166666666667;33,66;A887;4314407;Pelotas / Capao do Leao;-31,8025;-52,40722222;13,0
2026-01-06;0,0;15,0;28,5;22,0;72,25;1014,6291666666666;3,625;32,49;A887;4314407;Pelotas / Capao do Leao;-31,8025;-52,40722222;13,0
2026-01-07;2,0;18,8;33,7;24,508333333333336;77,125;1010,9333333333334;2,491304347826087;18,28;A887;4314407;Pelotas / Capao do Leao;-31,8025;-52,40722222;13,0
2026-01-08;0,0;19,7;25,9;22,182608695652174;82,95652173913044;1015,4130434782609;3,3043478260869565;17,85;A887;4314407;Pelotas / Capao do Leao;-31,8025;-52,40722222;13,0
2026-01-09;0,4;20,6;24,4;22,295833333333334;88,125;1015,7916666666666;4,554166666666666;5,52;A887;4314407;Pelotas / Capao do Leao;-31,8025;-52,40722222;13,0
2026-01-10;8,2;21,3;32,1;25,599999999999998;78,5;1007,475;4,778571428571429;22,91;A887;4314407;Pelotas / Capao do Leao;-31,8025;-52,40722222;13,0
2026-01-11;5,300000000000001;17,9;27,5;23,3875;74,875;1006,1374999999999;3,3894736842105266;28,8;A887;4314407;Pelotas / Capao do Leao;-31,8025;-52,40722222;13,0
2026-01-12;3,6;19,3;25,0;21,945833333333336;91,125;1010,3791666666666;2,1550000000000002;13,56;A887;4314407;Pelotas / Capao do Leao;-31,8025;-52,40722222;13,0
2026-01-13;0,0;20,3;30,0;24,483333333333334;84,58333333333333;1011,5625;1,0;24,97;A887;4314407;Pelotas / Capao do Leao;-31,8025;-52,40722222;13,0
2026-01-14;0,0;21,9;31,3;25,4375;86,08333333333333;1012,0791666666668;;22,55;A887;4314407;Pelotas / Capao do Leao;-31,8025;-52,40722222;13,0
2026-01-15;0,4;23,3;35,3;28,0625;79,625;1010,35;;30,35;A887;4314407;Pelotas / Capao do Leao;-31,8025;-52,40722222;13,0
2026-01-16;0,0;22,5;28,0;25,212500000000002;89,125;1011,3791666666666;;6,96;A887;4314407;Pelotas / Capao do Leao;-31,8025;-52,40722222;13,0
2026-01-17;0,0;19,9;29,0;24,03333333333333;84,875;1011,9416666666666;2,2;20,61;A887;4314407;Pelotas / Capao do Leao;-31,8025;-52,40722222;13,0
2026-01-18;0,0;20,5;29,1;23,979166666666668;81,41666666666667;1009,5625;1,9454545454545453;26,98;A887;4314407;Pelotas / Capao do Leao;-31,8025;-52,40722222;13,0
2026-01-19;0,0;14,3;24,7;20,4375;64,29166666666667;1017,2833333333333;3,0083333333333333;27,82;A887;4314407;Pelotas / Capao do Leao;-31,8025;-52,40722222;13,0
2026-01-20;0,0;14,6;24,5;18,97826086956522;76,47826086956522;1018,0043478260869;2,1;20,38;A887;4314407;Pelotas / Capao do Leao;-31,8025;-52,40722222;13,0
2026-01-21;0,0;14,7;25,8;20,491666666666667;69,70833333333333;1017,775;2,0625;27,34;A887;4314407;Pelotas / Capao do Leao;-31,8025;-52,40722222;13,0
2026-01-22;0,0;18,7;26,5;22,704166666666666;73,29166666666667;1017,2333333333332;4,304166666666666;27,41;A887;4314407;Pelotas / Capao do Leao;-31,8025;-52,40722222;13,0
2026-01-23;0,0;16,8;27,0;22,745833333333334;72,5;1017,9125;3,6954545454545453;28,35;A887;4314407;Pelotas / Capao do Leao;-31,8025;-52,40722222;13,0
2026-01-24;0,0;17,2;27,9;22,883333333333336;73,54166666666667;1016,9208333333332;3,6625;26,99;A887;4314407;Pelotas / Capao do Leao;-31,8025;-52,40722222;13,0
2026-01-25;0,0;19,4;30,0;24,329166666666666;80,95833333333333;1016,5875;4,133333333333334;25,34;A887;4314407;Pelotas / Capao do Leao;-31,8025;-52,40722222;13,0
2026-01-26;0,0;21,1;30,9;25,479166666666668;79,29166666666667;1015,6999999999999;4,270833333333333;26,57;A887;4314407;Pelotas / Capao do Leao;-31,8025;-52,40722222;13,0
2026-01-27;0,0;22,5;31,3;26,34583333333333;81,75;1014,1041666666666;2,64375;27,73;A887;4314407;Pelotas / Capao do Leao;-31,8025;-52,40722222;13,0
2026-01-28;0,0;22,6;31,8;26,224999999999998;85,45833333333333;1013,3000000000001;1,43125;23,18;A887;4314407;Pelotas / Capao do Leao;-31,8025;-52,40722222;13,0
2026-01-29;0,0;22,7;30,2;25,579166666666666;86,16666666666667;1013,1041666666666;2,165;15,34;A887;4314407;Pelotas / Capao do Leao;-31,8025;-52,40722222;13,0
2026-01-30;2,5;20,6;29,0;24,287499999999998;84,29166666666667;1012,4958333333334;2,6217391304347823;16,48;A887;4314407;Pelotas / Capao do Leao;-31,8025;-52,40722222;13,0
2026-01-31;2,7;20,5;28,0;23,108333333333334;81,41666666666667;1009,4166666666666;1,838888888888889;22,14;A887;4314407;Pelotas / Capao do Leao;-31,8025;-52,40722222;13,0
2026-02-01;0,0;18,9;28,7;22,6875;80,95833333333333;1005,9125;4,079166666666667;23,8;A887;4314407;Pelotas / Capao do Leao;-31,8025;-52,40722222;13,0
2026-02-02;0,0;18,6;31,9;23,75;75,91666666666667;1008,0458333333332;1,96;30,26;A887;4314407;Pelotas / Capao do Leao;-31,8025;-52,40722222;13,0
2026-02-03;0,0;20,7;33,3;26,045833333333334;72,29166666666667;1007,3458333333333;2,21875;25,64;A887;4314407;Pelotas / Capao do Leao;-31,8025;-52,40722222;13,0
2026-02-04;0,0;18,4;33,9;26,224999999999998;69,20833333333333;1009,125;2,2777777777777777;28,22;A887;4314407;Pelotas / Capao do Leao;-31,8025;-52,40722222;13,0
2026-02-05;0,0;22,1;34,3;27,266666666666666;76,66666666666667;1010,9916666666667;3,5875;28,2;A887;4314407;Pelotas / Capao do Leao;-31,8025;-52,40722222;13,0
2026-02-06;0,0;21,1;30,5;25,21666666666667;83,66666666666667;1010,975;3,608333333333333;16,97;A887;4314407;Pelotas / Capao do Leao;-31,8025;-52,40722222;13,0
2026-02-07;0,0;18,4;29,0;23,191666666666666;68,70833333333333;1015,0375;2,5541666666666667;29,54;A887;4314407;Pelotas / Capao do Leao;-31,8025;-52,40722222;13,0
2026-02-08;0,0;15,0;29,4;22,4375;68,08333333333333;1015,4791666666666;2,829166666666667;30,63;A887;4314407;Pelotas / Capao do Leao;-31,8025;-52,40722222;13,0
2026-02-09;0,0;16,2;30,0;23,516666666666666;75,08333333333333;1012,5500000000001;3,9583333333333335;22,67;A887;4314407;Pelotas / Capao do Leao;-31,8025;-52,40722222;13,0
2026-02-10;0,2;23,2;34,5;26,47083333333333;82,5;1008,3958333333334;3,1791666666666667;19,4;A887;4314407;Pelotas / Capao do Leao;-31,8025;-52,40722222;13,0
2026-02-11;0,2;22,0;38,0;29,254166666666666;69,70833333333333;1006,725;2,5791666666666666;27,74;A887;4314407;Pelotas / Capao do Leao;-31,8025;-52,40722222;13,0
2026-02-12;26,099999999999998;20,3;29,4;24,795833333333334;88,20833333333333;1010,1958333333333;2,4499999999999997;5,81;A887;4314407;Pelotas / Capao do Leao;-31,8025;-52,40722222;13,0
2026-02-13;0,4;19,2;29,4;23,070833333333336;85,375;1014,8458333333333;3,6875;24,59;A887;4314407;Pelotas / Capao do Leao;-31,8025;-52,40722222;13,0
2026-02-14;0,0;17,8;27,2;22,21666666666667;74,375;1019,4833333333332;3,0083333333333333;22,65;A887;4314407;Pelotas / Capao do Leao;-31,8025;-52,40722222;13,0
2026-02-15;0,0;19,7;30,3;24,5125;79,41666666666667;1014,7583333333333;4,383333333333334;20,07;A887;4314407;Pelotas / Capao do Leao;-31,8025;-52,40722222;13,0
2026-02-16;0,0;22,5;30,8;25,891666666666666;84,08333333333333;1011,2291666666666;2,56875;19,99;A887;4314407;Pelotas / Capao do Leao;-31,8025;-52,40722222;13,0
2026-02-17;0,0;20,9;30,8;24,391666666666666;83,95833333333333;1012,1999999999999;1,3411764705882354;19,21;A887;4314407;Pelotas / Capao do Leao;-31,8025;-52,40722222;13,0
2026-02-18;0,0;19,6;30,2;24,0;82,29166666666667;1012,5124999999999;1,775;26,68;A887;4314407;Pelotas / Capao do Leao;-31,8025;-52,40722222;13,0
2026-02-19;0,0;18,7;29,1;23,541666666666668;81,25;1010,5500000000001;1,64375;16,71;A887;4314407;Pelotas / Capao do Leao;-31,8025;-52,40722222;13,0
2026-02-20;0,4;19,3;30,1;24,045833333333334;77,95833333333333;1011,8625000000001;2,05625;22,89;A887;4314407;Pelotas / Capao do Leao;-31,8025;-52,40722222;13,0
2026-02-21;0,8;18,8;29,4;23,212500000000002;82,33333333333333;1015,7666666666668;1,725;23,39;A887;4314407;Pelotas / Capao do Leao;-31,8025;-52,40722222;13,0
2026-02-22;0,4;20,2;29,1;24,379166666666666;78,25;1016,5916666666667;2,8307692307692305;25,54;A887;4314407;Pelotas / Capao do Leao;-31,8025;-52,40722222;13,0
2026-02-23;0,0;22,3;29,6;25,291666666666668;75,04166666666667;1013,2458333333334;4,3;20,05;A887;4314407;Pelotas / Capao do Leao;-31,8025;-52,40722222;13,0
2026-02-24;20,6;21,9;25,4;23,541666666666668;90,58333333333333;1007,9;3,2;5,58;A887;4314407;Pelotas / Capao do Leao;-31,8025;-52,40722222;13,0
2026-02-25;0,0;18,0;25,6;22,458333333333332;84,875;1007,6166666666667;3,04;16,54;A887;4314407;Pelotas / Capao do Leao;-31,8025;-52,40722222;13,0
2026-02-26;0,0;14,3;25,2;19,070833333333333;71,375;1011,4166666666666;2,73125;25,18;A887;4314407;Pelotas / Capao do Leao;-31,8025;-52,40722222;13,0
2026-02-27;0,0;13,1;26,1;19,016666666666666;74,20833333333333;1012,9541666666668;2,129166666666667;27,38;A887;4314407;Pelotas / Capao do Leao;-31,8025;-52,40722222;13,0
2026-02-28;0,0;14,2;27,4;20,633333333333333;73,91666666666667;1013,8000000000001;2,533333333333333;27,51;A887;4314407;Pelotas / Capao do Leao;-31,8025;-52,40722222;13,0
2026-03-01;0,0;15,1;26,6;21,4375;74,70833333333333;1014,5500000000001;2,9125;26,57;A887;4314407;Pelotas / Capao do Leao;-31,8025;-52,40722222;13,0
2026-03-02;0,0;17,0;28,3;22,733333333333334;69,20833333333333;1012,3541666666666;4,3625;21,36;A887;4314407;Pelotas / Capao do Leao;-31,8025;-52,40722222;13,0
2026-03-03;0,0;20,0;29,8;24,537499999999998;74,58333333333333;1011,0708333333333;4,5125;25,67;A887;4314407;Pelotas / Capao do Leao;-31,8025;-52,40722222;13,0
2026-03-04;21,4;20,9;29,8;23,645833333333332;87,0;1011,3916666666668;3,5047619047619043;15,44;A887;4314407;Pelotas / Capao do Leao;-31,8025;-52,40722222;13,0
2026-03-05;0,0;21,8;27,7;23,866666666666664;85,875;1013,9125;2,1157894736842104;12,83;A887;4314407;Pelotas / Capao do Leao;-31,8025;-52,40722222;13,0
2026-03-06;0,0;20,7;28,9;24,1375;86,75;1014,0375;2,677777777777778;22,24;A887;4314407;Pelotas / Capao do Leao;-31,8025;-52,40722222;13,0
2026-03-07;12,6;20,0;25,0;22,712500000000002;91,29166666666667;1010,1083333333332;2,977272727272727;10,95;A887;4314407;Pelotas / Capao do Leao;-31,8025;-52,40722222;13,0
2026-03-08;0,4;18,4;25,7;21,525000000000002;78,625;1014,4125;1,8599999999999999;19,5;A887;4314407;Pelotas / Capao do Leao;-31,8025;-52,40722222;13,0
2026-03-09;0,0;14,0;25,2;19,183333333333334;78,91666666666667;1018,6125000000001;2,161111111111111;15,81;A887;4314407;Pelotas / Capao do Leao;-31,8025;-52,40722222;13,0
2026-03-10;4,0;19,7;21,6;20,316666666666666;86,83333333333333;1018,625;3,9291666666666667;5,37;A887;4314407;Pelotas / Capao do Leao;-31,8025;-52,40722222;13,0
2026-03-11;1,8;19,8;25,7;22,325;88,375;1015,225;3,573684210526316;12,48;A887;4314407;Pelotas / Capao do Leao;-31,8025;-52,40722222;13,0
2026-03-12;0,0;19,6;27,4;22,945833333333336;81,33333333333333;1013,3458333333333;2,175;21,24;A887;4314407;Pelotas / Capao do Leao;-31,8025;-52,40722222;13,0
2026-03-13;1,2000000000000002;18,1;27,4;21,55;86,41666666666667;1011,5916666666667;2,433333333333333;18,78;A887;4314407;Pelotas / Capao do Leao;-31,8025;-52,40722222;13,0
2026-03-14;0,0;18,7;28,8;22,2;83,66666666666667;1009,4458333333333;;20,72;A887;4314407;Pelotas / Capao do Leao;-31,8025;-52,40722222;13,0
2026-03-15;0,0;17,9;29,2;22,916666666666668;83,125;1008,6208333333334;0,8666666666666667;25,31;A887;4314407;Pelotas / Capao do Leao;-31,8025;-52,40722222;13,0
2026-03-16;0,0;20,6;30,4;24,458333333333332;87,58333333333333;1010,4625;;20,63;A887;4314407;Pelotas / Capao do Leao;-31,8025;-52,40722222;13,0
2026-03-17;0,0;24,4;27,5;25,383333333333336;91,625;1010,1958333333333;;6,48;A887;4314407;Pelotas / Capao do Leao;-31,8025;-52,40722222;13,0
2026-03-18;0,0;21,9;29,0;24,541666666666668;88,75;1009,6958333333333;3,3714285714285714;10,04;A887;4314407;Pelotas / Capao do Leao;-31,8025;-52,40722222;13,0
2026-03-19;1,6;20,9;29,0;23,65833333333333;87,625;1010,7666666666668;2,6681818181818184;16,78;A887;4314407;Pelotas / Capao do Leao;-31,8025;-52,40722222;13,0
2026-03-20;0,0;19,3;28,6;23,349999999999998;86,0;1010,2541666666666;1,7;20,14;A887;4314407;Pelotas / Capao do Leao;-31,8025;-52,40722222;13,0
2026-03-21;16,200000000000003;22,0;30,7;25,2375;82,875;1007,0583333333334;4,415;15,12;A887;4314407;Pelotas / Capao do Leao;-31,8025;-52,40722222;13,0
2026-03-22;0,2;17,7;25,5;22,245833333333334;85,25;1011,1916666666666;2,261111111111111;16,73;A887;4314407;Pelotas / Capao do Leao;-31,8025;-52,40722222;13,0
2026-03-23;0,2;20,2;26,9;22,65416666666667;92,83333333333333;1008,7375000000001;2,5625;5,05;A887;4314407;Pelotas / Capao do Leao;-31,8025;-52,40722222;13,0
2026-03-24;0,8;16,5;24,5;20,458333333333332;77,79166666666667;1010,8166666666666;2,8294117647058825;24,42;A887;4314407;Pelotas / Capao do Leao;-31,8025;-52,40722222;13,0
2026-03-25;0,0;13,1;24,9;18,070833333333333;85,08333333333333;1015,0041666666666;0,908695652173913;11,91;A887;4314407;Pelotas / Capao do Leao;-31,8025;-52,40722222;13,0
2026-03-26;0,0;19,3;24,8;21,462500000000002;90,25;1016,3458333333333;1,2125;6,82;A887;4314407;Pelotas / Capao do Leao;-31,8025;-52,40722222;13,0
2026-03-27;0,0;22,2;30,4;25,275000000000002;90,08333333333333;1015,5708333333333;2,0;13,19;A887;4314407;Pelotas / Capao do Leao;-31,8025;-52,40722222;13,0
2026-03-28;0,0;23,4;31,1;25,5;93,58333333333333;1016,4458333333333;1,3125;10,42;A887;4314407;Pelotas / Capao do Leao;-31,8025;-52,40722222;13,0
2026-03-29;0,0;23,6;30,8;25,75;89,79166666666667;1016,8083333333334;1,6500000000000001;13,93;A887;4314407;Pelotas / Capao do Leao;-31,8025;-52,40722222;13,0
2026-03-30;0,4;23,4;27,3;25,070833333333336;93,125;1015,9499999999999;2,3333333333333335;7,9;A887;4314407;Pelotas / Capao do Leao;-31,8025;-52,40722222;13,0
2026-03-31;0,0;22,1;28,9;24,974999999999998;84,45833333333333;1013,5958333333333;4,158333333333333;19,79;A887;4314407;Pelotas / Capao do Leao;-31,8025;-52,40722222;13,0
2026-04-01;0,0;18,1;28,9;23,558333333333334;80,79166666666667;1011,0208333333334;2,379166666666667;20,45;A887;4314407;Pelotas / Capao do Leao;-31,8025;-52,40722222;13,0
2026-04-02;0,0;19,1;30,2;22,941666666666666;87,58333333333333;1010,6625;1,7458333333333333;17,85;A887;4314407;Pelotas / Capao do Leao;-31,8025;-52,40722222;13,0
2026-04-03;0,2;19,2;30,0;23,120833333333334;87,79166666666667;1012,5166666666668;1,5666666666666667;18,13;A887;4314407;Pelotas / Capao do Leao;-31,8025;-52,40722222;13,0
2026-04-04;8,799999999999999;17,9;26,5;21,34166666666667;94,41666666666667;1013,8833333333333;2,2157894736842105;7,57;A887;4314407;Pelotas / Capao do Leao;-31,8025;-52,40722222;13,0
2026-04-05;0,2;16,9;22,5;19,041666666666668;74,08333333333333;1020,5416666666666;1,625;11,27;A887;4314407;Pelotas / Capao do Leao;-31,8025;-52,40722222;13,0
2026-04-06;0,4;16,5;23,8;20,7375;77,70833333333333;1018,1541666666667;1,7;4,54;A887;4314407;Pelotas / Capao do Leao;-31,8025;-52,40722222;13,0
2026-04-07;11,6;21,2;24,0;22,5625;91,95833333333333;1009,0;3,0666666666666664;4,21;A887;4314407;Pelotas / Capao do Leao;-31,8025;-52,40722222;13,0
2026-04-08;6,8999999999999995;19,3;24,8;21,395833333333332;81,33333333333333;1003,4250000000001;5,395238095238095;11,78;A887;4314407;Pelotas / Capao do Leao;-31,8025;-52,40722222;13,0
2026-04-09;0,0;15,7;24,0;18,820833333333333;82,33333333333333;1013,8249999999999;4,15;17,39;A887;4314407;Pelotas / Capao do Leao;-31,8025;-52,40722222;13,0
2026-04-10;0,0;13,8;23,7;17,741666666666667;75,16666666666667;1018,6750000000001;0,1;21,06;A887;4314407;Pelotas / Capao do Leao;-31,8025;-52,40722222;13,0
2026-04-11;0,0;10,9;26,0;18,14166666666667;83,54166666666667;1018,8333333333334;;19,42;A887;4314407;Pelotas / Capao do Leao;-31,8025;-52,40722222;13,0
2026-04-12;0,6000000000000001;19,7;27,5;22,670833333333334;82,20833333333333;1015,9375;1,9600000000000002;12,4;A887;4314407;Pelotas / Capao do Leao;-31,8025;-52,40722222;13,0
2026-04-13;0,2;18,7;25,7;21,412499999999998;91,83333333333333;1016,5291666666667;2,411111111111111;10,55;A887;4314407;Pelotas / Capao do Leao;-31,8025;-52,40722222;13,0
2026-04-14;0,0;18,5;27,2;22,054166666666664;90,75;1015,4958333333334;1,3;13,11;A887;4314407;Pelotas / Capao do Leao;-31,8025;-52,40722222;13,0
2026-04-15;0,0;22,5;26,6;23,883333333333336;84,04166666666667;1013,2458333333334;;13,63;A887;4314407;Pelotas / Capao do Leao;-31,8025;-52,40722222;13,0
2026-04-16;0,0;21,7;25,3;22,8125;91,04166666666667;1008,2041666666668;4,792307692307692;9,39;A887;4314407;Pelotas / Capao do Leao;-31,8025;-52,40722222;13,0
2026-04-17;0,4;20,3;25,5;22,52916666666667;83,20833333333333;1004,5749999999999;3,15;10,67;A887;4314407;Pelotas / Capao do Leao;-31,8025;-52,40722222;13,0
2026-04-18;0,0;17,2;27,2;21,45;76,45833333333333;1007,4083333333333;3,183333333333333;18,75;A887;4314407;Pelotas / Capao do Leao;-31,8025;-52,40722222;13,0
2026-04-19;0,0;14,0;28,3;20,241666666666667;81,91666666666667;1011,6583333333333;1,0727272727272725;18,69;A887;4314407;Pelotas / Capao do Leao;-31,8025;-52,40722222;13,0
2026-04-20;0,0;13,2;24,9;19,079166666666666;88,79166666666667;1015,2166666666667;1,3333333333333333;13,68;A887;4314407;Pelotas / Capao do Leao;-31,8025;-52,40722222;13,0
2026-04-21;0,8;19,5;25,7;21,791666666666668;91,25;1015,3083333333334;2,35;7,56;A887;4314407;Pelotas / Capao do Leao;-31,8025;-52,40722222;13,0
2026-04-22;0,2;17,6;28,0;22,25;87,25;1014,4291666666667;2,026086956521739;14,15;A887;4314407;Pelotas / Capao do Leao;-31,8025;-52,40722222;13,0
2026-04-23;0,0;15,7;22,7;18,383333333333333;85,41666666666667;1019,2208333333333;1,3;7,93;A887;4314407;Pelotas / Capao do Leao;-31,8025;-52,40722222;13,0
2026-04-24;0,2;16,6;22,4;18,779166666666665;90,54166666666667;1017,6416666666668;1,0636363636363635;6,02;A887;4314407;Pelotas / Capao do Leao;-31,8025;-52,40722222;13,0
2026-04-25;1,2000000000000002;17,0;25,0;19,895833333333332;90,16666666666667;1012,6208333333334;1,8869565217391304;11,65;A887;4314407;Pelotas / Capao do Leao;-31,8025;-52,40722222;13,0
2026-04-26;0,0;15,1;27,0;20,325;80,16666666666667;1008,3249999999999;2,026086956521739;16,27;A887;4314407;Pelotas / Capao do Leao;-31,8025;-52,40722222;13,0
2026-04-27;0,0;9,3;21,8;14,416666666666666;57,25;1012,15;4,564285714285714;18,08;A887;4314407;Pelotas / Capao do Leao;-31,8025;-52,40722222;13,0
2026-04-28;0,0;8,2;19,9;13,970833333333333;65,66666666666667;1016,7583333333333;1,95;17,47;A887;4314407;Pelotas / Capao do Leao;-31,8025;-52,40722222;13,0
2026-04-29;14,5;6,6;24,4;14,491666666666667;69,91666666666667;1014,0083333333333;2,815;16,92;A887;4314407;Pelotas / Capao do Leao;-31,8025;-52,40722222;13,0
2026-04-30;0,0;9,1;24,5;16,091666666666665;75,75;1015,3958333333334;1,3583333333333334;16,68;A887;4314407;Pelotas / Capao do Leao;-31,8025;-52,40722222;13,0
2026-05-01;16,4;14,0;19,4;16,6125;96,75;1013,9375;2,0533333333333332;2,53;A887;4314407;Pelotas / Capao do Leao;-31,8025;-52,40722222;13,0
2026-05-02;0,8;12,1;19,7;17,8875;81,08333333333333;1014,2583333333333;2,83;12,08;A887;4314407;Pelotas / Capao do Leao;-31,8025;-52,40722222;13,0
2026-05-03;0,0;7,7;18,9;12,445833333333333;66,91666666666667;1022,6750000000001;2,908333333333333;16,81;A887;4314407;Pelotas / Capao do Leao;-31,8025;-52,40722222;13,0
2026-05-04;0,0;5,9;25,3;13,795833333333334;82,79166666666667;1015,4458333333333;1,465;15,39;A887;4314407;Pelotas / Capao do Leao;-31,8025;-52,40722222;13,0
2026-05-05;2,2;14,1;27,2;18,929166666666667;92,79166666666667;1014,125;1,7750000000000001;8,05;A887;4314407;Pelotas / Capao do Leao;-31,8025;-52,40722222;13,0
2026-05-06;0,0;19,2;26,5;21,71666666666667;90,75;1013,725;3,295833333333333;11,96;A887;4314407;Pelotas / Capao do Leao;-31,8025;-52,40722222;13,0
2026-05-07;1,0;18,6;30,4;23,462500000000002;81,66666666666667;1003,1833333333334;4,125;6,15;A887;4314407;Pelotas / Capao do Leao;-31,8025;-52,40722222;13,0
2026-05-08;17,7;11,6;18,7;15,066666666666668;73,66666666666667;1002,375;3,127272727272727;10,27;A887;4314407;Pelotas / Capao do Leao;-31,8025;-52,40722222;13,0
2026-05-09;0,0;6,7;16,0;11,049999999999999;61,708333333333336;1012,3583333333332;3,4125;14,37;A887;4314407;Pelotas / Capao do Leao;-31,8025;-52,40722222;13,0
2026-05-10;0,0;8,4;15,3;11,391666666666666;70,5;1018,4291666666667;5,6625000000000005;15,61;A887;4314407;Pelotas / Capao do Leao;-31,8025;-52,40722222;13,0
2026-05-11;0,0;8,4;17,7;12,025;61,625;1018,6166666666667;4,385;15,57;A887;4314407;Pelotas / Capao do Leao;-31,8025;-52,40722222;13,0
2026-05-12;0,0;5,1;21,7;12,637500000000001;65,20833333333333;1016,4458333333333;2,1750000000000003;15,3;A887;4314407;Pelotas / Capao do Leao;-31,8025;-52,40722222;13,0
2026-05-13;0,0;9,1;19,4;14,966666666666667;68,45833333333333;1015,1625;2,875;13,82;A887;4314407;Pelotas / Capao do Leao;-31,8025;-52,40722222;13,0
2026-05-14;0,0;9,1;17,0;12,339130434782609;81,47826086956522;1017,9043478260869;4,526086956521739;12,79;A887;4314407;Pelotas / Capao do Leao;-31,8025;-52,40722222;13,0
2026-05-15;0,0;4,9;18,3;10,979166666666666;85,29166666666667;1019,8333333333334;3,0749999999999997;14,64;A887;4314407;Pelotas / Capao do Leao;-31,8025;-52,40722222;13,0
2026-05-16;0,0;4,3;18,6;10,575000000000001;89,75;1016,5500000000001;3,9111111111111105;8,5;A887;4314407;Pelotas / Capao do Leao;-31,8025;-52,40722222;13,0
2026-05-17;0,0;12,6;17,7;14,245833333333332;87,25;1017,1916666666666;;5,29;A887;4314407;Pelotas / Capao do Leao;-31,8025;-52,40722222;13,0
2026-05-18;0,0;7,3;16,3;11,450000000000001;76,41666666666667;1022,5708333333333;3,933333333333333;12,5;A887;4314407;Pelotas / Capao do Leao;-31,8025;-52,40722222;13,0
2026-05-19;0,0;4,1;17,2;9,887500000000001;75,66666666666667;1022,0666666666666;3,1476190476190475;14,2;A887;4314407;Pelotas / Capao do Leao;-31,8025;-52,40722222;13,0
2026-05-20;0,0;8,0;17,8;12,354166666666666;66,375;1020,8874999999999;5,15;13,99;A887;4314407;Pelotas / Capao do Leao;-31,8025;-52,40722222;13,0
2026-05-21;0,0;6,3;15,1;10,845833333333333;77,45833333333333;1025,675;4,1000000000000005;10,4;A887;4314407;Pelotas / Capao do Leao;-31,8025;-52,40722222;13,0
2026-05-22;0,0;8,1;16,2;11,1875;87,54166666666667;1027,325;8,700000000000001;6,53;A887;4314407;Pelotas / Capao do Leao;-31,8025;-52,40722222;13,0
2026-05-23;4,2;11,8;19,3;14,4125;92,04166666666667;1025,5791666666667;10,84736842105263;10,41;A887;4314407;Pelotas / Capao do Leao;-31,8025;-52,40722222;13,0
2026-05-24;0,2;11,7;20,4;14,704166666666666;91,33333333333333;1022,8416666666667;2,1666666666666665;11,05;A887;4314407;Pelotas / Capao do Leao;-31,8025;-52,40722222;13,0
2026-05-25;0,0;9,1;20,1;14,320833333333333;92,625;1020,5333333333333;5,0227272727272725;7,52;A887;4314407;Pelotas / Capao do Leao;-31,8025;-52,40722222;13,0
2026-05-26;9,1;15,7;19,3;16,7;94,25;1018,8249999999999;2,9799999999999995;5,03;A887;4314407;Pelotas / Capao do Leao;-31,8025;-52,40722222;13,0
2026-05-27;0,0;12,1;17,4;14,495833333333332;94,83333333333333;1022,2875;;6,37;A887;4314407;Pelotas / Capao do Leao;-31,8025;-52,40722222;13,0
2026-05-28;0,0;11,6;19,2;14,316666666666668;89,79166666666667;1022,2875;;6,4;A887;4314407;Pelotas / Capao do Leao;-31,8025;-52,40722222;13,0
2026-05-29;0,0;10,3;19,7;14,683333333333332;88,95833333333333;1022,3708333333334;4,057142857142857;8,4;A887;4314407;Pelotas / Capao do Leao;-31,8025;-52,40722222;13,0
2026-05-30;0,0;15,2;21,4;17,245833333333334;88,70833333333333;1021,25;1,55;8,33;A887;4314407;Pelotas / Capao do Leao;-31,8025;-52,40722222;13,0
2026-05-31;0,0;12,5;18,5;15,641666666666666;93,66666666666667;1019,8375;;4,81;A887;4314407;Pelotas / Capao do Leao;-31,8025;-52,40722222;13,0
2026-06-01;0,0;11,4;17,0;13,952173913043477;88,1304347826087;1022,1999999999999;;7,78;A887;4314407;Pelotas / Capao do Leao;-31,8025;-52,40722222;13,0
2026-06-02;2,0;11,1;18,9;14,983333333333334;87,0;1025,6208333333332;;8,96;A887;4314407;Pelotas / Capao do Leao;-31,8025;-52,40722222;13,0
2026-06-03;0,0;15,3;20,8;17,029166666666665;89,125;1025,6791666666666;2,9909090909090907;8,5;A887;4314407;Pelotas / Capao do Leao;-31,8025;-52,40722222;13,0
2026-06-04;0,0;15,7;21,8;18,0625;87,66666666666667;1026,0;1,4791666666666667;10,53;A887;4314407;Pelotas / Capao do Leao;-31,8025;-52,40722222;13,0
2026-06-05;0,0;13,7;23,3;17,183333333333334;92,125;1021,9875000000001;0,75;9,03;A887;4314407;Pelotas / Capao do Leao;-31,8025;-52,40722222;13,0
2026-06-06;0,2;13,9;16,2;14,979166666666666;97,79166666666667;1017,65;0,0;3,45;A887;4314407;Pelotas / Capao do Leao;-31,8025;-52,40722222;13,0
2026-06-07;0,0;14,3;18,9;16,162499999999998;91,5;1017,8208333333333;0,3125;6,84;A887;4314407;Pelotas / Capao do Leao;-31,8025;-52,40722222;13,0
2026-06-08;10,1;13,7;16,5;14,870833333333332;94,95833333333333;1018,0291666666667;0,0;3,23;A887;4314407;Pelotas / Capao do Leao;-31,8025;-52,40722222;13,0
2026-06-09;7,5;12,0;18,0;14,404166666666667;91,625;1016,6583333333333;0,10000000000000002;9,9;A887;4314407;Pelotas / Capao do Leao;-31,8025;-52,40722222;13,0
2026-06-10;0,2;8,6;18,3;12,1;93,04166666666667;1016,8041666666667;5,083333333333333;9,11;A887;4314407;Pelotas / Capao do Leao;-31,8025;-52,40722222;13,0
2026-06-11;0,0;8,7;18,0;13,1;95,08333333333333;1016,2125;5,4125000000000005;6,34;A887;4314407;Pelotas / Capao do Leao;-31,8025;-52,40722222;13,0
2026-06-12;45,8;13,0;14,9;14,15;98,625;1011,875;0,0;1,0;A887;4314407;Pelotas / Capao do Leao;-31,8025;-52,40722222;13,0
2026-06-13;0,0;11,8;18,8;14,495833333333332;88,66666666666667;1014,9083333333333;0,195;10,69;A887;4314407;Pelotas / Capao do Leao;-31,8025;-52,40722222;13,0
2026-06-14;0,6000000000000001;8,7;14,4;12,241666666666667;82,5;1018,5041666666666;3,3818181818181823;5,93;A887;4314407;Pelotas / Capao do Leao;-31,8025;-52,40722222;13,0
2026-06-15;0,0;2,5;12,8;7,320833333333333;83,875;1022,2208333333333;3,3249999999999997;12,62;A887;4314407;Pelotas / Capao do Leao;-31,8025;-52,40722222;13,0
2026-06-16;0,0;1,2;18,2;8,820833333333333;76,45833333333333;1019,3083333333334;2,9125;12,59;A887;4314407;Pelotas / Capao do Leao;-31,8025;-52,40722222;13,0
2026-06-17;0,0;8,6;16,5;12,833333333333334;71,83333333333333;1021,125;4,408333333333333;12,47;A887;4314407;Pelotas / Capao do Leao;-31,8025;-52,40722222;13,0
2026-06-18;0,0;3,4;16,8;9,5625;91,125;1022,4250000000001;5,022222222222222;8,43;A887;4314407;Pelotas / Capao do Leao;-31,8025;-52,40722222;13,0
2026-06-19;3,5999999999999996;11,9;17,4;14,116666666666667;87,83333333333333;1013,3166666666666;8,623809523809523;3,64;A887;4314407;Pelotas / Capao do Leao;-31,8025;-52,40722222;13,0
2026-06-20;0,0;4,8;15,6;10,070833333333333;82,25;1017,3083333333334;3,0583333333333336;11,8;A887;4314407;Pelotas / Capao do Leao;-31,8025;-52,40722222;13,0
2026-06-21;0,0;1,6;14,6;7,7124999999999995;87,875;1016,0;2,6958333333333333;9,1;A887;4314407;Pelotas / Capao do Leao;-31,8025;-52,40722222;13,0
2026-06-22;11,9;8,0;11,5;9,529166666666667;94,95833333333333;1012,9833333333332;4,941666666666666;2,38;A887;4314407;Pelotas / Capao do Leao;-31,8025;-52,40722222;13,0
2026-06-23;0,0;6,2;12,5;9,091666666666667;74,75;1015,1416666666668;4,666666666666667;11,11;A887;4314407;Pelotas / Capao do Leao;-31,8025;-52,40722222;13,0
2026-06-24;0,0;4,3;15,3;8,933333333333334;67,25;1017,4416666666666;1,8416666666666668;10,56;A887;4314407;Pelotas / Capao do Leao;-31,8025;-52,40722222;13,0
2026-06-25;0,0;3,6;18,1;10,174999999999999;71,54166666666667;1020,8416666666667;1,375;12,27;A887;4314407;Pelotas / Capao do Leao;-31,8025;-52,40722222;13,0
2026-06-26;0,0;5,8;18,6;11,279166666666667;77,5;1022,0541666666667;5,983333333333333;12,1;A887;4314407;Pelotas / Capao do Leao;-31,8025;-52,40722222;13,0
2026-06-27;0,2;2,6;18,0;9,450000000000001;90,41666666666667;1021,6291666666666;3,8521739130434782;12,55;A887;4314407;Pelotas / Capao do Leao;-31,8025;-52,40722222;13,0
2026-06-28;9,1;12,6;18,7;14,262500000000001;94,95833333333333;1014,2166666666667;0,24583333333333335;2,89;A887;4314407;Pelotas / Capao do Leao;-31,8025;-52,40722222;13,0
2026-06-29;0,0;6,8;15,0;10,758333333333333;85,5;1018,775;3,6125000000000003;9,83;A887;4314407;Pelotas / Capao do Leao;-31,8025;-52,40722222;13,0
2026-06-30;0,2;1,6;14,3;7,820833333333333;91,08333333333333;1019,5;5,7250000000000005;10,48;A887;4314407;Pelotas / Capao do Leao;-31,8025;-52,40722222;13,0
2026-07-01;0,0;10,8;19,3;13,579166666666666;91,66666666666667;1017,3291666666668;7,804166666666667;7,2;A887;4314407;Pelotas / Capao do Leao;-31,8025;-52,40722222;13,0
2026-07-02;3,8000000000000003;8,2;14,6;11,525;94,08333333333333;1022,6083333333332;3,3208333333333333;2,09;A887;4314407;Pelotas / Capao do Leao;-31,8025;-52,40722222;13,0
2026-07-03;0,0;2,3;11,5;6,608333333333333;78,54166666666667;1024,9875;3,0124999999999997;10,22;A887;4314407;Pelotas / Capao do Leao;-31,8025;-52,40722222;13,0
2026-07-04;0,2;8,5;10,8;9,525;94,375;1024,8500000000001;6,766666666666667;4,81;A887;4314407;Pelotas / Capao do Leao;-31,8025;-52,40722222;13,0
2026-07-05;0,4;9,6;14,3;11,1625;96,83333333333333;1021,8041666666667;10,85;5,79;A887;4314407;Pelotas / Capao do Leao;-31,8025;-52,40722222;13,0
2026-07-06;0,8;8,9;14,1;11,795833333333334;83,625;1017,7916666666666;9,799999999999999;9,31;A887;4314407;Pelotas / Capao do Leao;-31,8025;-52,40722222;13,0
2026-07-07;0,0;4,2;15,6;9,604166666666666;65,75;1018,9916666666667;4,916666666666667;13,3;A887;4314407;Pelotas / Capao do Leao;-31,8025;-52,40722222;13,0
2026-07-08;0,0;5,1;20,4;11,1625;72,29166666666667;1018,625;5,404347826086957;12,08;A887;4314407;Pelotas / Capao do Leao;-31,8025;-52,40722222;13,0
2026-07-09;0,0;5,9;22,6;12,345833333333333;80,70833333333333;1015,8833333333333;4,929166666666666;11,8;A887;4314407;Pelotas / Capao do Leao;-31,8025;-52,40722222;13,0
2026-07-10;0,0;9,9;19,1;13,820833333333333;81,625;1014,4458333333333;3,8625000000000003;10,82;A887;4314407;Pelotas / Capao do Leao;-31,8025;-52,40722222;13,0
2026-07-11;2,0;13,1;15,3;14,020833333333334;95,08333333333333;1013,7083333333334;0,0;2,78;A887;4314407;Pelotas / Capao do Leao;-31,8025;-52,40722222;13,0
2026-07-12;7,699999999999999;10,2;13,8;12,012500000000001;91,16666666666667;1016,1791666666667;5,491666666666667;5,44;A887;4314407;Pelotas / Capao do Leao;-31,8025;-52,40722222;13,0
2026-07-13;0,4;9,9;15,7;12,125;92,95833333333333;1021,9625;11,729166666666666;7,73;A887;4314407;Pelotas / Capao do Leao;-31,8025;-52,40722222;13,0
2026-07-14;0,0;8,4;18,4;11,845833333333333;92,54166666666667;1021,9458333333333;7,370833333333334;12,63;A887;4314407;Pelotas / Capao do Leao;-31,8025;-52,40722222;13,0
2026-07-15;4,6;7,2;22,5;13,660869565217391;84,78260869565217;1017,091304347826;2,4499999999999997;13,23;A887;4314407;Pelotas / Capao do Leao;-31,8025;-52,40722222;13,0
2026-07-16;0,0;9,8;27,5;16,087500000000002;83,45833333333333;1011,7791666666667;1,7125000000000001;10,88;A887;4314407;Pelotas / Capao do Leao;-31,8025;-52,40722222;13,0
2026-07-17;0,0;18,2;29,5;22,087500000000002;69,75;1004,4375;1,7083333333333333;8,95;A887;4314407;Pelotas / Capao do Leao;-31,8025;-52,40722222;13,0
2026-07-18;0,0;18,0;23,1;21,099999999999998;81,875;1002,8791666666666;1,7541666666666667;1,99;A887;4314407;Pelotas / Capao do Leao;-31,8025;-52,40722222;13,0
2026-07-19;24,1;15,8;19,3;17,445833333333333;90,25;1003,7583333333333;1,4916666666666665;1,21;A887;4314407;Pelotas / Capao do Leao;-31,8025;-52,40722222;13,0
2026-07-20;48,5;16,1;19,2;17,079166666666666;97,29166666666667;1006,5916666666667;1,6875;1,21;A887;4314407;Pelotas / Capao do Leao;-31,8025;-52,40722222;13,0
2026-07-21;0,2;15,8;17,7;16,545833333333334;99,33333333333333;1006,8000000000001;1,7;2,03;A887;4314407;Pelotas / Capao do Leao;-31,8025;-52,40722222;13,0
2026-07-22;6,0;14,2;17,3;15,754166666666668;95,125;1011,7208333333333;1,6624999999999999;4,64;A887;4314407;Pelotas / Capao do Leao;-31,8025;-52,40722222;13,0
2026-07-23;6,1;11,6;18,4;14,4125;87,70833333333333;1019,8125;1,7916666666666667;12,82;A887;4314407;Pelotas / Capao do Leao;-31,8025;-52,40722222;13,0
2026-07-24;0,0;8,2;19,7;13,316666666666668;91,04166666666667;1019,6833333333334;1,8458333333333332;8,43;A887;4314407;Pelotas / Capao do Leao;-31,8025;-52,40722222;13,0
2026-07-25;0,0;11,4;19,0;15,445833333333333;93,29166666666667;1017,8166666666666;1,8499999999999999;12,59;A887;4314407;Pelotas / Capao do Leao;-31,8025;-52,40722222;13,0
2026-07-26;0,0;14,0;18,5;15,983333333333334;95,5;1015,5625;1,6208333333333333;4,14;A887;4314407;Pelotas / Capao do Leao;-31,8025;-52,40722222;13,0
2026-07-27;4,9;14,4;19,6;16,291666666666668;95,83333333333333;1012,6916666666666;1,5791666666666666;4,97;A887;4314407;Pelotas / Capao do Leao;-31,8025;-52,40722222;13,0
2026-07-28;29,5;15,0;21,0;17,504166666666666;97,375;1008,3041666666667;1,6041666666666667;4,89;A887;4314407;Pelotas / Capao do Leao;-31,8025;-52,40722222;13,0
2026-07-29;7,2;13,7;18,8;15,862499999999999;93,95833333333333;1012,7875;1,6708333333333334;7,14;A887;4314407;Pelotas / Capao do Leao;-31,8025;-52,40722222;13,0
2026-07-30;0,2;12,3;19,1;15,420833333333334;90,04166666666667;1021,1208333333334;1,6083333333333334;11,55;A887;4314407;Pelotas / Capao do Leao;-31,8025;-52,40722222;13,0
2026-07-31;0,0;15,1;22,4;18,25;87,5;1016,9708333333333;1,7041666666666666;12,81;A887;4314407;Pelotas / Capao do Leao;-31,8025;-52,40722222;13,0
2026-08-01;5,9;15,7;27,4;18,704166666666666;87,91666666666667;1008,8333333333334;1,6875;9,59;A887;4314407;Pelotas / Capao do Leao;-31,8025;-52,40722222;13,0
2026-08-02;2,4;14,0;17,9;15,85;93,625;1016,8833333333333;1,5166666666666666;5,58;A887;4314407;Pelotas / Capao do Leao;-31,8025;-52,40722222;13,0
2026-08-03;0,0;15,2;22,5;17,554166666666667;93,33333333333333;1016,1750000000001;1,7166666666666668;7,21;A887;4314407;Pelotas / Capao do Leao;-31,8025;-52,40722222;13,0
2026-08-04;0,8;17,0;21,4;18,633333333333333;96,5;1013,8125;1,8333333333333333;5,43;A887;4314407;Pelotas / Capao do Leao;-31,8025;-52,40722222;13,0
2026-08-05;5,3;15,2;22,3;17,170833333333334;96,58333333333333;1012,8291666666668;1,7249999999999999;6,76;A887;4314407;Pelotas / Capao do Leao;-31,8025;-52,40722222;13,0
2026-08-06;32,699999999999996;15,5;26,0;19,054166666666667;93,41666666666667;1004,0958333333333;1,6416666666666666;10,68;A887;4314407;Pelotas / Capao do Leao;-31,8025;-52,40722222;13,0
2026-08-07;0,6000000000000001;9,0;17,0;12,6875;73,16666666666667;1007,1125000000001;1,5625;15,01;A887;4314407;Pelotas / Capao do Leao;-31,8025;-52,40722222;13,0
2026-08-08;0,0;4,7;16,2;9,429166666666667;85,375;1008,0416666666666;1,8541666666666667;9,99;A887;4314407;Pelotas / Capao do Leao;-31,8025;-52,40722222;13,0
2026-08-09;0,0;5,9;15,1;10,391666666666667;65,58333333333333;1017,4666666666667;1,3291666666666666;17,16;A887;4314407;Pelotas / Capao do Leao;-31,8025;-52,40722222;13,0
2026-08-10;0,0;5,2;13,5;8,854166666666666;74,0;1029,2124999999999;1,4749999999999999;13,25;A887;4314407;Pelotas / Capao do Leao;-31,8025;-52,40722222;13,0
2026-08-11;0,0;5,1;15,9;9,920833333333333;84,25;1029,8416666666667;1,6541666666666668;14,43;A887;4314407;Pelotas / Capao do Leao;-31,8025;-52,40722222;13,0
2026-08-12;9,0;12,3;15,2;13,275;89,54166666666667;1020,6416666666668;1,5250000000000001;2,61;A887;4314407;Pelotas / Capao do Leao;-31,8025;-52,40722222;13,0
2026-08-13;14,6;10,8;13,4;11,9625;98,08333333333333;1019,0916666666667;1,6666666666666667;1,6;A887;4314407;Pelotas / Capao do Leao;-31,8025;-52,40722222;13,0
2026-08-14;1,2000000000000002;11,5;17,2;14,070833333333333;90,58333333333333;1022,6458333333334;1,5999999999999999;6,78;A887;4314407;Pelotas / Capao do Leao;-31,8025;-52,40722222;13,0
2026-08-15;0,2;15,1;17,5;16,208333333333332;89,91666666666667;1019,3541666666666;1,6583333333333332;3,57;A887;4314407;Pelotas / Capao do Leao;-31,8025;-52,40722222;13,0
2026-08-16;55,199999999999996;16,6;18,9;17,595833333333335;98,0;1013,5208333333334;1,6833333333333333;0,66;A887;4314407;Pelotas / Capao do Leao;-31,8025;-52,40722222;13,0
2026-08-17;36,3;17,1;19,3;18,079166666666666;98,625;1012,0166666666668;1,6916666666666667;1,89;A887;4314407;Pelotas / Capao do Leao;-31,8025;-52,40722222;13,0
2026-08-18;51,0;15,0;20,0;17,616666666666667;99,08333333333333;1014,3874999999999;1,5875000000000001;3,7;A887;4314407;Pelotas / Capao do Leao;-31,8025;-52,40722222;13,0
2026-08-19;2,4;13,2;15,0;13,875;99,41666666666667;1019,7541666666666;1,4916666666666665;3,13;A887;4314407;Pelotas / Capao do Leao;-31,8025;-52,40722222;13,0
2026-08-20;4,9;14,2;14,4;14,350000000000001;100,0;1019,9;1,7;0,0;A887;4314407;Pelotas / Capao do Leao;-31,8025;-52,40722222;13,0
2026-08-21;0,0;;;;;;;0,0;A887;4314407;Pelotas / Capao do Leao;-31,8025;-52,40722222;13,0
2026-08-22;0,0;;;;;;;0,0;A887;4314407;Pelotas / Capao do Leao;-31,8025;-52,40722222;13,0
2026-08-23;0,0;;;;;;;0,0;A887;4314407;Pelotas / Capao do Leao;-31,8025;-52,40722222;13,0
2026-08-24;0,0;;;;;;;0,0;A887;4314407;Pelotas / Capao do Leao;-31,8025;-52,40722222;13,0
2026-08-25;0,0;;;;;;;0,0;A887;4314407;Pelotas / Capao do Leao;-31,8025;-52,40722222;13,0
2026-08-26;0,0;;;;;;;0,0;A887;4314407;Pelotas / Capao do Leao;-31,8025;-52,40722222;13,0
2026-08-27;0,0;;;;;;;0,0;A887;4314407;Pelotas / Capao do Leao;-31,8025;-52,40722222;13,0
2026-08-28;0,0;;;;;;;0,0;A887;4314407;Pelotas / Capao do Leao;-31,8025;-52,40722222;13,0
2026-08-29;0,0;;;;;;;0,0;A887;4314407;Pelotas / Capao do Leao;-31,8025;-52,40722222;13,0
2026-08-30;0,0;;;;;;;0,0;A887;4314407;Pelotas / Capao do Leao;-31,8025;-52,40722222;13,0
2026-08-31;0,0;;;;;;;0,0;A887;4314407;Pelotas / Capao do Leao;-31,8025;-52,40722222;13,0
2026-01-01;0,0;21,9;30,1;26,25;66,33333333333333;1007,8166666666666;5,675;29,03;A899;4317301;Santa Vitoria do Palmar;-33,74222221;-53,37222221;7,41
2026-01-02;3,4;15,5;29,0;21,183333333333334;72,29166666666667;1007,1916666666666;5,166666666666667;25,83;A899;4317301;Santa Vitoria do Palmar;-33,74222221;-53,37222221;7,41
2026-01-03;0,0;12,7;22,1;17,920833333333334;60,041666666666664;1008,5500000000001;10,216666666666667;28,87;A899;4317301;Santa Vitoria do Palmar;-33,74222221;-53,37222221;7,41
2026-01-04;0,0;11,1;22,8;16,7375;65,29166666666667;1016,7083333333334;7,945833333333333;27,68;A899;4317301;Santa Vitoria do Palmar;-33,74222221;-53,37222221;7,41
2026-01-05;0,0;10,3;24,5;17,974999999999998;64,54166666666667;1019,8125;3,9916666666666667;33,2;A899;4317301;Santa Vitoria do Palmar;-33,74222221;-53,37222221;7,41
2026-01-06;0,0;15,8;27,7;21,258333333333333;70,375;1016,2041666666668;5,479166666666667;31,72;A899;4317301;Santa Vitoria do Palmar;-33,74222221;-53,37222221;7,41
2026-01-07;0,0;20,3;34,4;24,754166666666666;72,54166666666667;1011,5958333333333;5,666666666666667;22,29;A899;4317301;Santa Vitoria do Palmar;-33,74222221;-53,37222221;7,41
2026-01-08;0,0;19,5;24,8;21,4;69,65217391304348;1018,5565217391304;9,365217391304348;19,98;A899;4317301;Santa Vitoria do Palmar;-33,74222221;-53,37222221;7,41
2026-01-09;0,0;19,9;23,2;21,333333333333332;72,125;1019,2125;7,758333333333333;11,72;A899;4317301;Santa Vitoria do Palmar;-33,74222221;-53,37222221;7,41
2026-01-10;25,0;20,0;30,4;24,2;80,25;1007,8000000000001;8,325000000000001;27,45;A899;4317301;Santa Vitoria do Palmar;-33,74222221;-53,37222221;7,41
2026-01-11;1,0;17,5;27,6;21,158333333333335;82,58333333333333;1005,2291666666666;5,9375;22,62;A899;4317301;Santa Vitoria do Palmar;-33,74222221;-53,37222221;7,41
2026-01-12;0,0;18,3;28,0;23,704166666666666;77,75;1012,1208333333334;4,583333333333333;32,15;A899;4317301;Santa Vitoria do Palmar;-33,74222221;-53,37222221;7,41
2026-01-13;0,0;21,6;29,3;24,945833333333336;81,58333333333333;1013,6291666666666;5,204166666666667;31,75;A899;4317301;Santa Vitoria do Palmar;-33,74222221;-53,37222221;7,41
2026-01-14;0,0;22,1;28,8;24,695833333333336;84,16666666666667;1013,8291666666668;3,8541666666666665;27,21;A899;4317301;Santa Vitoria do Palmar;-33,74222221;-53,37222221;7,41
2026-01-15;16,8;21,3;36,4;26,25;80,0;1011,2958333333332;3,7875;26,09;A899;4317301;Santa Vitoria do Palmar;-33,74222221;-53,37222221;7,41
2026-01-16;0,6;22,1;27,4;24,641666666666666;78,875;1013,5583333333334;7,0375000000000005;29,75;A899;4317301;Santa Vitoria do Palmar;-33,74222221;-53,37222221;7,41
2026-01-17;0,0;15,1;27,6;22,766666666666666;71,125;1013,9208333333332;3,8541666666666665;32,25;A899;4317301;Santa Vitoria do Palmar;-33,74222221;-53,37222221;7,41
2026-01-18;0,0;18,3;27,5;22,416666666666668;75,16666666666667;1012,2416666666667;6,920833333333333;20,57;A899;4317301;Santa Vitoria do Palmar;-33,74222221;-53,37222221;7,41
2026-01-19;0,0;18,2;25,0;21,045833333333334;57,416666666666664;1020,2458333333334;8,799999999999999;29,26;A899;4317301;Santa Vitoria do Palmar;-33,74222221;-53,37222221;7,41
2026-01-20;1,0;15,8;24,0;19,3625;74,20833333333333;1020,3583333333332;4,095833333333333;12,68;A899;4317301;Santa Vitoria do Palmar;-33,74222221;-53,37222221;7,41
2026-01-21;0,0;14,7;27,1;21,226086956521737;62,21739130434783;1019,9391304347826;3,869565217391304;28,82;A899;4317301;Santa Vitoria do Palmar;-33,74222221;-53,37222221;7,41
2026-01-22;0,2;19,3;27,0;22,65833333333333;66,70833333333333;1019,6541666666667;5,620833333333334;28,38;A899;4317301;Santa Vitoria do Palmar;-33,74222221;-53,37222221;7,41
2026-01-23;0,0;17,7;27,2;22,995833333333334;67,16666666666667;1020,0291666666667;5,183333333333334;32,68;A899;4317301;Santa Vitoria do Palmar;-33,74222221;-53,37222221;7,41
2026-01-24;0,0;17,4;27,0;22,979166666666668;64,5;1018,8625000000001;5,445833333333333;31,85;A899;4317301;Santa Vitoria do Palmar;-33,74222221;-53,37222221;7,41
2026-01-25;0,0;19,8;28,4;23,633333333333336;78,08333333333333;1018,3666666666667;5,529166666666666;29,45;A899;4317301;Santa Vitoria do Palmar;-33,74222221;-53,37222221;7,41
2026-01-26;0,0;21,1;28,5;24,566666666666666;80,25;1017,2041666666668;5,733333333333333;29,7;A899;4317301;Santa Vitoria do Palmar;-33,74222221;-53,37222221;7,41
2026-01-27;3,8;21,2;29,2;24,495833333333334;87,0;1015,5583333333334;4,25;22,22;A899;4317301;Santa Vitoria do Palmar;-33,74222221;-53,37222221;7,41
2026-01-28;0,2;22,2;29,5;25,433333333333334;87,625;1015,8166666666666;3,5666666666666664;29,23;A899;4317301;Santa Vitoria do Palmar;-33,74222221;-53,37222221;7,41
2026-01-29;0,0;23,5;29,7;26,0625;82,04166666666667;1015,8958333333334;4,8125;30,67;A899;4317301;Santa Vitoria do Palmar;-33,74222221;-53,37222221;7,41
2026-01-30;0,0;22,3;27,7;24,433333333333334;78,125;1015,4333333333334;7,1125;18,36;A899;4317301;Santa Vitoria do Palmar;-33,74222221;-53,37222221;7,41
2026-01-31;0,0;20,8;29,3;23,833333333333332;72,375;1012,3541666666666;5,383333333333333;23,4;A899;4317301;Santa Vitoria do Palmar;-33,74222221;-53,37222221;7,41
2026-02-01;0,0;22,2;28,8;24,7375;72,125;1008,3874999999999;7,804166666666667;28,75;A899;4317301;Santa Vitoria do Palmar;-33,74222221;-53,37222221;7,41
2026-02-02;0,0;16,7;29,5;24,020833333333332;66,29166666666667;1009,4291666666667;4,6375;30,65;A899;4317301;Santa Vitoria do Palmar;-33,74222221;-53,37222221;7,41
2026-02-03;0,0;20,8;35,2;25,391304347826086;76,95652173913044;1007,7304347826087;3,6869565217391305;25,31;A899;4317301;Santa Vitoria do Palmar;-33,74222221;-53,37222221;7,41
2026-02-04;0,0;22,5;30,5;26,787499999999998;75,41666666666667;1010,0375;3,470833333333333;29,06;A899;4317301;Santa Vitoria do Palmar;-33,74222221;-53,37222221;7,41
2026-02-05;6,2;22,6;35,5;25,833333333333332;82,75;1012,0791666666668;3,7624999999999997;16,69;A899;4317301;Santa Vitoria do Palmar;-33,74222221;-53,37222221;7,41
2026-02-06;0,0;21,4;27,3;23,895652173913046;78,26086956521739;1013,2913043478261;6,621739130434783;20,24;A899;4317301;Santa Vitoria do Palmar;-33,74222221;-53,37222221;7,41
2026-02-07;0,0;14,2;31,4;22,383333333333336;63,666666666666664;1016,6208333333334;4,608333333333333;29,64;A899;4317301;Santa Vitoria do Palmar;-33,74222221;-53,37222221;7,41
2026-02-08;0,0;16,1;28,7;22,5625;71,33333333333333;1016,8958333333334;3,6291666666666664;29,83;A899;4317301;Santa Vitoria do Palmar;-33,74222221;-53,37222221;7,41
2026-02-09;0,0;17,7;28,5;23,491666666666664;70,04166666666667;1014,5416666666666;5,0125;27,74;A899;4317301;Santa Vitoria do Palmar;-33,74222221;-53,37222221;7,41
2026-02-10;0,0;21,9;30,3;25,508333333333336;82,20833333333333;1010,4833333333332;3,775;27,41;A899;4317301;Santa Vitoria do Palmar;-33,74222221;-53,37222221;7,41
2026-02-11;0,0;22,5;37,6;27,004166666666666;76,5;1007,5958333333333;5,2375;27,44;A899;4317301;Santa Vitoria do Palmar;-33,74222221;-53,37222221;7,41
2026-02-12;41,2;18,6;23,9;21,758333333333336;87,95833333333333;1012,6708333333332;7,0249999999999995;5,86;A899;4317301;Santa Vitoria do Palmar;-33,74222221;-53,37222221;7,41
2026-02-13;0,0;19,3;26,3;22,004347826086956;82,47826086956522;1016,9304347826088;5,839130434782609;20,84;A899;4317301;Santa Vitoria do Palmar;-33,74222221;-53,37222221;7,41
2026-02-14;0,0;17,2;26,2;21,891666666666666;60,541666666666664;1022,0416666666666;5,3500000000000005;29,28;A899;4317301;Santa Vitoria do Palmar;-33,74222221;-53,37222221;7,41
2026-02-15;0,2;18,6;27,6;22,787499999999998;75,54166666666667;1016,15;5,429166666666667;14,21;A899;4317301;Santa Vitoria do Palmar;-33,74222221;-53,37222221;7,41
2026-02-16;0,0;21,6;28,1;24,554166666666664;83,5;1012,3166666666666;6,041666666666667;27,57;A899;4317301;Santa Vitoria do Palmar;-33,74222221;-53,37222221;7,41
2026-02-17;0,0;19,5;28,9;24,037499999999998;81,83333333333333;1013,7458333333334;4,270833333333333;28,33;A899;4317301;Santa Vitoria do Palmar;-33,74222221;-53,37222221;7,41
2026-02-18;0,0;19,8;29,0;24,854166666666668;79,08333333333333;1014,5625;4,645833333333333;28,57;A899;4317301;Santa Vitoria do Palmar;-33,74222221;-53,37222221;7,41
2026-02-19;5,2;20,2;27,8;23,270833333333332;82,83333333333333;1012,1041666666666;3,2458333333333336;11,33;A899;4317301;Santa Vitoria do Palmar;-33,74222221;-53,37222221;7,41
2026-02-20;7,800000000000001;19,0;28,1;22,866666666666664;84,70833333333333;1014,6708333333332;5,333333333333333;27,15;A899;4317301;Santa Vitoria do Palmar;-33,74222221;-53,37222221;7,41
2026-02-21;0,0;20,5;27,8;23,745833333333334;64,91666666666667;1018,7208333333333;5,175;27,65;A899;4317301;Santa Vitoria do Palmar;-33,74222221;-53,37222221;7,41
2026-02-22;0,0;21,8;28,4;24,15416666666667;72,54166666666667;1019,3874999999999;6,6625000000000005;23,76;A899;4317301;Santa Vitoria do Palmar;-33,74222221;-53,37222221;7,41
2026-02-23;1,2;22,8;27,5;24,395833333333332;80,04166666666667;1015,5291666666667;7,2124999999999995;20,48;A899;4317301;Santa Vitoria do Palmar;-33,74222221;-53,37222221;7,41
2026-02-24;39,4;20,5;31,5;24,825;80,79166666666667;1008,6;4,825;18,37;A899;4317301;Santa Vitoria do Palmar;-33,74222221;-53,37222221;7,41
2026-02-25;0,2;19,6;24,7;21,620833333333334;80,29166666666667;1010,0666666666666;8,854166666666666;24,24;A899;4317301;Santa Vitoria do Palmar;-33,74222221;-53,37222221;7,41
2026-02-26;0,0;14,4;25,5;19,875;69,54166666666667;1013,2708333333334;5,766666666666667;20,07;A899;4317301;Santa Vitoria do Palmar;-33,74222221;-53,37222221;7,41
2026-02-27;0,0;13,3;23,9;19,558333333333334;70,08333333333333;1015,1541666666667;3,6333333333333333;25,03;A899;4317301;Santa Vitoria do Palmar;-33,74222221;-53,37222221;7,41
2026-02-28;0,0;17,2;26,5;22,043478260869566;65,69565217391305;1016,0043478260869;4,3478260869565215;23,31;A899;4317301;Santa Vitoria do Palmar;-33,74222221;-53,37222221;7,41
2026-03-01;0,0;14,4;26,7;21,704166666666666;69,33333333333333;1016,9499999999999;3,8833333333333333;27,1;A899;4317301;Santa Vitoria do Palmar;-33,74222221;-53,37222221;7,41
2026-03-02;0,0;20,4;26,7;23,1125;65,66666666666667;1014,5833333333334;6,379166666666666;26,58;A899;4317301;Santa Vitoria do Palmar;-33,74222221;-53,37222221;7,41
2026-03-03;0,0;20,6;28,0;23,925;76,58333333333333;1012,6958333333333;5,958333333333333;23,99;A899;4317301;Santa Vitoria do Palmar;-33,74222221;-53,37222221;7,41
2026-03-04;13,200000000000001;20,5;24,3;22,566666666666666;89,33333333333333;1013,4250000000001;4,179166666666666;3,62;A899;4317301;Santa Vitoria do Palmar;-33,74222221;-53,37222221;7,41
2026-03-05;0,0;19,9;26,3;23,6125;85,25;1017,0;6,004166666666666;23,77;A899;4317301;Santa Vitoria do Palmar;-33,74222221;-53,37222221;7,41
2026-03-06;0,0;22,3;27,4;23,787499999999998;80,625;1017,4416666666666;6,558333333333334;19,64;A899;4317301;Santa Vitoria do Palmar;-33,74222221;-53,37222221;7,41
2026-03-07;13,2;19,4;22,9;21,479166666666668;91,08333333333333;1014,0875;8,7875;9,38;A899;4317301;Santa Vitoria do Palmar;-33,74222221;-53,37222221;7,41
2026-03-08;0,6000000000000001;20,3;24,9;22,170833333333334;68,625;1017,4375;9,4375;23,15;A899;4317301;Santa Vitoria do Palmar;-33,74222221;-53,37222221;7,41
2026-03-09;0,2;18,7;25,5;21,587500000000002;62,333333333333336;1021,5208333333334;7,141666666666667;19,91;A899;4317301;Santa Vitoria do Palmar;-33,74222221;-53,37222221;7,41
2026-03-10;0,0;19,6;25,4;21,858333333333334;61,458333333333336;1021,7583333333333;5,945833333333333;17,61;A899;4317301;Santa Vitoria do Palmar;-33,74222221;-53,37222221;7,41
2026-03-11;31,599999999999998;19,0;21,9;20,375;89,375;1019,0833333333334;7,833333333333333;4,87;A899;4317301;Santa Vitoria do Palmar;-33,74222221;-53,37222221;7,41
2026-03-12;4,0;19,3;25,6;22,400000000000002;85,30434782608695;1016,8434782608696;6,939130434782609;21,06;A899;4317301;Santa Vitoria do Palmar;-33,74222221;-53,37222221;7,41
2026-03-13;0,0;20,7;26,2;22,595652173913045;79,65217391304348;1014,5521739130435;5,895652173913043;20,85;A899;4317301;Santa Vitoria do Palmar;-33,74222221;-53,37222221;7,41
2026-03-14;0,0;21,2;26,3;23,156521739130437;82,0;1011,4695652173913;5,195652173913044;22,27;A899;4317301;Santa Vitoria do Palmar;-33,74222221;-53,37222221;7,41
2026-03-15;0,0;17,6;27,6;22,40833333333333;85,25;1009,8583333333332;2,8666666666666667;22,5;A899;4317301;Santa Vitoria do Palmar;-33,74222221;-53,37222221;7,41
2026-03-16;0,0;20,1;28,9;23,508333333333336;87,75;1011,8041666666667;4,458333333333333;20,17;A899;4317301;Santa Vitoria do Palmar;-33,74222221;-53,37222221;7,41
2026-03-17;0,2;23,7;29,0;24,945833333333336;89,29166666666667;1011,3416666666667;4,729166666666667;8,3;A899;4317301;Santa Vitoria do Palmar;-33,74222221;-53,37222221;7,41
2026-03-18;47,2;22,1;24,8;23,208333333333332;93,41666666666667;1012,1875;7,308333333333334;9,63;A899;4317301;Santa Vitoria do Palmar;-33,74222221;-53,37222221;7,41
2026-03-19;0,0;21,2;26,9;23,066666666666666;81,95833333333333;1013,2333333333332;7,095833333333334;19,51;A899;4317301;Santa Vitoria do Palmar;-33,74222221;-53,37222221;7,41
2026-03-20;0,0;22,1;26,4;23,691666666666666;84,91666666666667;1012,2125;5,516666666666667;20,24;A899;4317301;Santa Vitoria do Palmar;-33,74222221;-53,37222221;7,41
2026-03-21;3,6;21,6;26,6;23,8125;85,41666666666667;1007,5375;5,945833333333333;10,03;A899;4317301;Santa Vitoria do Palmar;-33,74222221;-53,37222221;7,41
2026-03-22;0,0;13,8;26,0;20,349999999999998;79,25;1012,75;4,2124999999999995;22,46;A899;4317301;Santa Vitoria do Palmar;-33,74222221;-53,37222221;7,41
2026-03-23;19,8;18,4;21,7;20,520833333333332;83,91666666666667;1011,6;5,479166666666667;4,0;A899;4317301;Santa Vitoria do Palmar;-33,74222221;-53,37222221;7,41
2026-03-24;0,2;13,2;24,0;18,391666666666666;78,625;1012,2624999999999;3,841666666666667;23,05;A899;4317301;Santa Vitoria do Palmar;-33,74222221;-53,37222221;7,41
2026-03-25;0,0;13,5;24,2;18,65;75,33333333333333;1016,7833333333333;2,829166666666667;22,91;A899;4317301;Santa Vitoria do Palmar;-33,74222221;-53,37222221;7,41
2026-03-26;0,0;14,2;25,4;20,016666666666666;80,25;1018,5958333333333;3,3041666666666667;22,18;A899;4317301;Santa Vitoria do Palmar;-33,74222221;-53,37222221;7,41
2026-03-27;0,0;21,5;27,3;23,412499999999998;87,375;1017,7458333333334;4,016666666666667;13,29;A899;4317301;Santa Vitoria do Palmar;-33,74222221;-53,37222221;7,41
2026-03-28;0,0;23,0;26,2;23,708333333333332;96,79166666666667;1018,4458333333333;3,4499999999999997;8,37;A899;4317301;Santa Vitoria do Palmar;-33,74222221;-53,37222221;7,41
2026-03-29;3,4000000000000004;22,7;24,6;23,55;98,25;1018,5375;3,091666666666667;3,92;A899;4317301;Santa Vitoria do Palmar;-33,74222221;-53,37222221;7,41
2026-03-30;0,2;22,3;26,3;23,775000000000002;94,08333333333333;1018,0375;4,183333333333334;15,34;A899;4317301;Santa Vitoria do Palmar;-33,74222221;-53,37222221;7,41
2026-03-31;0,0;22,4;26,4;23,916666666666668;92,0;1015,525;4,791666666666667;16,29;A899;4317301;Santa Vitoria do Palmar;-33,74222221;-53,37222221;7,41
2026-04-01;0,0;18,5;27,2;23,495833333333334;85,16666666666667;1013,125;3,829166666666667;20,34;A899;4317301;Santa Vitoria do Palmar;-33,74222221;-53,37222221;7,41
2026-04-02;0,0;19,1;26,7;22,575;90,75;1012,5208333333334;3,2583333333333333;17,48;A899;4317301;Santa Vitoria do Palmar;-33,74222221;-53,37222221;7,41
2026-04-03;0,0;19,1;27,0;22,354166666666668;88,25;1013,9250000000001;2,370833333333333;18,79;A899;4317301;Santa Vitoria do Palmar;-33,74222221;-53,37222221;7,41
2026-04-04;0,2;17,5;22,4;20,525000000000002;83,83333333333333;1016,1875;8,429166666666667;4,09;A899;4317301;Santa Vitoria do Palmar;-33,74222221;-53,37222221;7,41
2026-04-05;0,0;16,7;22,2;18,6875;60,416666666666664;1023,3125;7,9375;17,29;A899;4317301;Santa Vitoria do Palmar;-33,74222221;-53,37222221;7,41
2026-04-06;0,0;18,5;22,3;20,625;71,29166666666667;1020,5583333333334;6,658333333333334;3,55;A899;4317301;Santa Vitoria do Palmar;-33,74222221;-53,37222221;7,41
2026-04-07;19,4;20,6;26,3;22,670833333333334;89,79166666666667;1010,0375;5,2124999999999995;7,83;A899;4317301;Santa Vitoria do Palmar;-33,74222221;-53,37222221;7,41
2026-04-08;10,0;18,5;22,8;20,216666666666665;88,79166666666667;1002,1416666666668;9,295833333333333;12,56;A899;4317301;Santa Vitoria do Palmar;-33,74222221;-53,37222221;7,41
2026-04-09;0,0;14,0;22,3;18,120833333333334;82,41666666666667;1015,0958333333333;6,158333333333334;18,95;A899;4317301;Santa Vitoria do Palmar;-33,74222221;-53,37222221;7,41
2026-04-10;0,0;10,8;22,9;16,470833333333335;74,79166666666667;1019,9875000000001;3,7083333333333335;19,62;A899;4317301;Santa Vitoria do Palmar;-33,74222221;-53,37222221;7,41
2026-04-11;0,0;9,6;24,0;17,404166666666665;80,45833333333333;1020,6041666666666;3,0708333333333333;18,2;A899;4317301;Santa Vitoria do Palmar;-33,74222221;-53,37222221;7,41
2026-04-12;0,8;19,5;24,7;21,40416666666667;89,875;1016,4291666666667;4,5249999999999995;8,89;A899;4317301;Santa Vitoria do Palmar;-33,74222221;-53,37222221;7,41
2026-04-13;0,0;17,6;23,7;20,608695652173914;89,6086956521739;1018,5652173913044;4,047826086956522;18,2;A899;4317301;Santa Vitoria do Palmar;-33,74222221;-53,37222221;7,41
2026-04-14;0,2;18,5;23,3;20,879166666666666;90,375;1017,6;4,2875000000000005;8,55;A899;4317301;Santa Vitoria do Palmar;-33,74222221;-53,37222221;7,41
2026-04-15;0,0;21,6;24,4;22,52916666666667;92,625;1015,5083333333333;6,220833333333334;9,14;A899;4317301;Santa Vitoria do Palmar;-33,74222221;-53,37222221;7,41
2026-04-16;46,8;20,8;22,9;22,075;93,79166666666667;1009,1291666666666;6,204166666666667;4,07;A899;4317301;Santa Vitoria do Palmar;-33,74222221;-53,37222221;7,41
2026-04-17;2,6;19,4;23,9;21,033333333333335;92,20833333333333;1003,5124999999999;3,9625;7,52;A899;4317301;Santa Vitoria do Palmar;-33,74222221;-53,37222221;7,41
2026-04-18;0,0;15,9;26,1;20,025000000000002;85,91666666666667;1007,6999999999999;4,6875;14,82;A899;4317301;Santa Vitoria do Palmar;-33,74222221;-53,37222221;7,41
2026-04-19;0,0;15,0;27,9;19,9875;83,29166666666667;1012,6291666666666;2,7916666666666665;16,88;A899;4317301;Santa Vitoria do Palmar;-33,74222221;-53,37222221;7,41
2026-04-20;0,0;15,9;22,2;19,354166666666668;90,04166666666667;1016,8000000000001;2,7291666666666665;4,18;A899;4317301;Santa Vitoria do Palmar;-33,74222221;-53,37222221;7,41
2026-04-21;6,2;18,2;23,3;20,7;91,41666666666667;1017,2624999999999;4,1375;9,23;A899;4317301;Santa Vitoria do Palmar;-33,74222221;-53,37222221;7,41
2026-04-22;0,0;16,1;24,7;21,2625;84,125;1015,0541666666667;3,8208333333333333;15,62;A899;4317301;Santa Vitoria do Palmar;-33,74222221;-53,37222221;7,41
2026-04-23;0,0;12,3;22,9;16,691666666666666;82,54166666666667;1020,65;2,625;12,62;A899;4317301;Santa Vitoria do Palmar;-33,74222221;-53,37222221;7,41
2026-04-24;0,0;14,2;23,6;19,045833333333334;81,29166666666667;1019,8208333333333;3,529166666666667;15,75;A899;4317301;Santa Vitoria do Palmar;-33,74222221;-53,37222221;7,41
2026-04-25;0,0;16,3;23,8;20,621739130434783;83,95652173913044;1014,6913043478262;2,882608695652174;15,73;A899;4317301;Santa Vitoria do Palmar;-33,74222221;-53,37222221;7,41
2026-04-26;1,7999999999999998;13,8;24,1;18,695652173913043;83,1304347826087;1008,3782608695652;3,534782608695652;14,94;A899;4317301;Santa Vitoria do Palmar;-33,74222221;-53,37222221;7,41
2026-04-27;0,0;8,4;17,1;12,558333333333332;69,91666666666667;1010,5208333333334;6,075;11,84;A899;4317301;Santa Vitoria do Palmar;-33,74222221;-53,37222221;7,41
2026-04-28;0,0;7,9;18,2;12,383333333333333;72,04166666666667;1016,6916666666666;3,483333333333333;15,51;A899;4317301;Santa Vitoria do Palmar;-33,74222221;-53,37222221;7,41
2026-04-29;0,0;10,1;21,9;14,720833333333333;60,958333333333336;1013,6875;4,279166666666667;13,42;A899;4317301;Santa Vitoria do Palmar;-33,74222221;-53,37222221;7,41
2026-04-30;0,0;10,1;21,7;16,008333333333333;74,70833333333333;1016,1708333333332;3,3083333333333336;15,77;A899;4317301;Santa Vitoria do Palmar;-33,74222221;-53,37222221;7,41
2026-05-01;0,0;14,3;21,9;17,820833333333333;85,54166666666667;1014,4125;3,65;6,68;A899;4317301;Santa Vitoria do Palmar;-33,74222221;-53,37222221;7,41
2026-05-02;0,8;10,9;18,0;16,245833333333334;73,20833333333333;1015,7375000000001;6,7;14,97;A899;4317301;Santa Vitoria do Palmar;-33,74222221;-53,37222221;7,41
2026-05-03;0,0;5,9;18,3;11,320833333333333;70,70833333333333;1023,2166666666667;3,6374999999999997;15,77;A899;4317301;Santa Vitoria do Palmar;-33,74222221;-53,37222221;7,41
2026-05-04;0,0;8,7;20,5;13,820833333333333;72,875;1015,9666666666667;3,4625;14,5;A899;4317301;Santa Vitoria do Palmar;-33,74222221;-53,37222221;7,41
2026-05-05;0,0;12,6;23,3;17,104166666666668;81,29166666666667;1014,8291666666668;2,25;11,6;A899;4317301;Santa Vitoria do Palmar;-33,74222221;-53,37222221;7,41
2026-05-06;3,2;18,6;27,8;20,75;88,83333333333333;1013,9833333333332;3,125;8,88;A899;4317301;Santa Vitoria do Palmar;-33,74222221;-53,37222221;7,41
2026-05-07;70,2;17,0;24,8;19,974999999999998;92,25;1002,8916666666668;5,7375;0,17;A899;4317301;Santa Vitoria do Palmar;-33,74222221;-53,37222221;7,41
2026-05-08;7,199999999999999;10,3;17,4;12,9375;86,29166666666667;1000,3249999999999;5,741666666666667;5,89;A899;4317301;Santa Vitoria do Palmar;-33,74222221;-53,37222221;7,41
2026-05-09;0,0;6,6;14,0;10,229166666666666;71,625;1009,8666666666667;5,9875;12,7;A899;4317301;Santa Vitoria do Palmar;-33,74222221;-53,37222221;7,41
2026-05-10;0,0;8,0;14,2;10,147619047619047;76,47619047619048;1017,5619047619048;5,538095238095238;12,23;A899;4317301;Santa Vitoria do Palmar;-33,74222221;-53,37222221;7,41
2026-05-11;0,0;6,7;16,5;10,608333333333333;74,41666666666667;1018,1958333333333;4,5874999999999995;14,52;A899;4317301;Santa Vitoria do Palmar;-33,74222221;-53,37222221;7,41
2026-05-12;0,0;8,4;19,9;13,020833333333334;69,83333333333333;1015,1875;4,929166666666666;14,52;A899;4317301;Santa Vitoria do Palmar;-33,74222221;-53,37222221;7,41
2026-05-13;0,0;8,7;16,8;12,670833333333334;78,41666666666667;1016,0625;3,475;13,84;A899;4317301;Santa Vitoria do Palmar;-33,74222221;-53,37222221;7,41
2026-05-14;0,0;8,7;17,0;11,545833333333334;77,75;1019,2624999999999;3,7416666666666667;8,14;A899;4317301;Santa Vitoria do Palmar;-33,74222221;-53,37222221;7,41
2026-05-15;0,0;5,8;18,1;10,700000000000001;84,58333333333333;1021,3708333333334;2,629166666666667;12,29;A899;4317301;Santa Vitoria do Palmar;-33,74222221;-53,37222221;7,41
2026-05-16;0,0;6,7;17,0;10,570833333333333;90,04166666666667;1018,4458333333333;2,279166666666667;9,94;A899;4317301;Santa Vitoria do Palmar;-33,74222221;-53,37222221;7,41
2026-05-17;0,0;10,7;15,8;12,583333333333334;83,70833333333333;1019,65;5,883333333333333;5,64;A899;4317301;Santa Vitoria do Palmar;-33,74222221;-53,37222221;7,41
2026-05-18;0,0;6,7;18,3;10,504166666666666;76,70833333333333;1023,8916666666668;3,1458333333333335;9,01;A899;4317301;Santa Vitoria do Palmar;-33,74222221;-53,37222221;7,41
2026-05-19;0,0;4,6;16,3;9,741666666666667;74,375;1022,3625000000001;3,6916666666666664;13,7;A899;4317301;Santa Vitoria do Palmar;-33,74222221;-53,37222221;7,41
2026-05-20;0,0;6,4;14,9;10,404166666666667;76,66666666666667;1021,5833333333334;5,7;8,27;A899;4317301;Santa Vitoria do Palmar;-33,74222221;-53,37222221;7,41
2026-05-21;0,0;6,9;16,2;11,254166666666668;71,0;1027,3541666666667;5,675;12,39;A899;4317301;Santa Vitoria do Palmar;-33,74222221;-53,37222221;7,41
2026-05-22;0,0;5,4;16,5;10,404166666666667;78,75;1029,6541666666667;3,6625;12,12;A899;4317301;Santa Vitoria do Palmar;-33,74222221;-53,37222221;7,41
2026-05-23;0,0;11,7;17,6;13,579166666666666;83,79166666666667;1028,2958333333333;4,929166666666666;8,18;A899;4317301;Santa Vitoria do Palmar;-33,74222221;-53,37222221;7,41
2026-05-24;0,0;11,3;18,0;14,387500000000001;95,125;1025,0166666666667;2,1666666666666665;11,81;A899;4317301;Santa Vitoria do Palmar;-33,74222221;-53,37222221;7,41
2026-05-25;0,4;10,3;18,1;14,179166666666667;95,16666666666667;1022,8625000000001;2,004166666666667;8,02;A899;4317301;Santa Vitoria do Palmar;-33,74222221;-53,37222221;7,41
2026-05-26;3,0;14,1;18,6;15,3125;95,625;1021,8208333333333;4,654166666666667;7,19;A899;4317301;Santa Vitoria do Palmar;-33,74222221;-53,37222221;7,41
2026-05-27;0,0;11,4;17,0;14,233333333333334;94,33333333333333;1024,2291666666667;5,075;6,13;A899;4317301;Santa Vitoria do Palmar;-33,74222221;-53,37222221;7,41
2026-05-28;0,0;7,9;15,5;12,158333333333333;90,16666666666667;1024,1416666666667;2,5875;4,28;A899;4317301;Santa Vitoria do Palmar;-33,74222221;-53,37222221;7,41
2026-05-29;0,0;8,7;17,4;13,820833333333333;89,875;1024,6166666666666;3,5999999999999996;8,37;A899;4317301;Santa Vitoria do Palmar;-33,74222221;-53,37222221;7,41
2026-05-30;0,0;14,5;18,2;15,520833333333334;92,5;1023,6583333333333;2,9916666666666667;7,75;A899;4317301;Santa Vitoria do Palmar;-33,74222221;-53,37222221;7,41
2026-05-31;0,2;12,8;14,5;13,641666666666666;95,04166666666667;1021,6374999999999;2,6999999999999997;2,54;A899;4317301;Santa Vitoria do Palmar;-33,74222221;-53,37222221;7,41
2026-06-01;0,0;8,5;17,0;12,245833333333332;88,16666666666667;1023,8625000000001;4,433333333333334;10,19;A899;4317301;Santa Vitoria do Palmar;-33,74222221;-53,37222221;7,41
2026-06-02;0,0;7,9;18,1;14,012500000000001;87,625;1028,05;3,35;11,17;A899;4317301;Santa Vitoria do Palmar;-33,74222221;-53,37222221;7,41
2026-06-03;0,2;14,1;18,3;15,370833333333332;91,16666666666667;1028,3166666666666;4,895833333333333;7,06;A899;4317301;Santa Vitoria do Palmar;-33,74222221;-53,37222221;7,41
2026-06-04;0,8;15,5;20,4;16,6875;94,66666666666667;1027,2875000000001;4,633333333333334;5,93;A899;4317301;Santa Vitoria do Palmar;-33,74222221;-53,37222221;7,41
2026-06-05;0,0;15,0;20,0;16,329166666666666;94,95833333333333;1023,2083333333334;2,2708333333333335;6,78;A899;4317301;Santa Vitoria do Palmar;-33,74222221;-53,37222221;7,41
2026-06-06;0,0;13,4;18,6;14,875;97,41666666666667;1019,15;1,8583333333333334;6,79;A899;4317301;Santa Vitoria do Palmar;-33,74222221;-53,37222221;7,41
2026-06-07;0,2;11,7;17,3;14,516666666666666;95,625;1019,6291666666666;3,15;4,45;A899;4317301;Santa Vitoria do Palmar;-33,74222221;-53,37222221;7,41
2026-06-08;1,8;13,7;15,7;14,708333333333334;90,125;1020,6458333333334;4,470833333333333;2,59;A899;4317301;Santa Vitoria do Palmar;-33,74222221;-53,37222221;7,41
2026-06-09;0,6000000000000001;9,9;17,1;14,1;89,70833333333333;1018,8916666666668;5,304166666666666;11,68;A899;4317301;Santa Vitoria do Palmar;-33,74222221;-53,37222221;7,41
2026-06-10;0,2;7,0;15,7;11,341666666666667;91,79166666666667;1018,0875;2,529166666666667;11,56;A899;4317301;Santa Vitoria do Palmar;-33,74222221;-53,37222221;7,41
2026-06-11;0,0;8,9;18,5;12,434782608695652;92,3913043478261;1018,0521739130435;2,11304347826087;5,48;A899;4317301;Santa Vitoria do Palmar;-33,74222221;-53,37222221;7,41
2026-06-12;0,0;14,1;17,5;14,679166666666667;88,45833333333333;1015,3708333333334;5,3;5,08;A899;4317301;Santa Vitoria do Palmar;-33,74222221;-53,37222221;7,41
2026-06-13;0,0;7,5;17,5;12,5375;90,125;1016,2291666666666;3,3166666666666664;8,78;A899;4317301;Santa Vitoria do Palmar;-33,74222221;-53,37222221;7,41
2026-06-14;1,4000000000000001;7,2;14,2;10,908333333333333;79,58333333333333;1019,5708333333333;5,758333333333333;9,87;A899;4317301;Santa Vitoria do Palmar;-33,74222221;-53,37222221;7,41
2026-06-15;0,0;2,0;12,5;6,779166666666666;77,29166666666667;1022,8791666666666;3,1125000000000003;11,8;A899;4317301;Santa Vitoria do Palmar;-33,74222221;-53,37222221;7,41
2026-06-16;0,0;3,6;16,5;9,125;70,66666666666667;1018,4375;5,3875;11,87;A899;4317301;Santa Vitoria do Palmar;-33,74222221;-53,37222221;7,41
2026-06-17;0,0;7,6;14,8;11,458333333333334;79,25;1022,1083333333332;5,404166666666666;11,93;A899;4317301;Santa Vitoria do Palmar;-33,74222221;-53,37222221;7,41
2026-06-18;0,0;7,2;15,7;11,845833333333333;83,33333333333333;1023,0500000000001;4,204166666666667;7,14;A899;4317301;Santa Vitoria do Palmar;-33,74222221;-53,37222221;7,41
2026-06-19;5,2;9,3;14,4;12,716666666666667;88,375;1013,4125;4,5249999999999995;2,49;A899;4317301;Santa Vitoria do Palmar;-33,74222221;-53,37222221;7,41
2026-06-20;0,0;4,4;15,9;8,695833333333333;85,83333333333333;1018,1374999999999;3,1916666666666664;10,88;A899;4317301;Santa Vitoria do Palmar;-33,74222221;-53,37222221;7,41
2026-06-21;0,0;4,1;13,5;8,766666666666667;87,83333333333333;1017,2875;2,058333333333333;6,55;A899;4317301;Santa Vitoria do Palmar;-33,74222221;-53,37222221;7,41
2026-06-22;2,8;7,1;11,4;8,841666666666667;93,0;1014,85;2,5791666666666666;2,4;A899;4317301;Santa Vitoria do Palmar;-33,74222221;-53,37222221;7,41
2026-06-23;0,0;4,6;11,5;7,7124999999999995;82,08333333333333;1014,0791666666668;4,925;8,96;A899;4317301;Santa Vitoria do Palmar;-33,74222221;-53,37222221;7,41
2026-06-24;0,0;1,8;13,4;6,716666666666666;75,41666666666667;1017,2875;3,7375000000000003;11,43;A899;4317301;Santa Vitoria do Palmar;-33,74222221;-53,37222221;7,41
2026-06-25;0,0;2,7;15,2;8,416666666666666;76,91666666666667;1020,1583333333333;3,8333333333333335;9,06;A899;4317301;Santa Vitoria do Palmar;-33,74222221;-53,37222221;7,41
2026-06-26;0,0;2,7;14,1;7,9624999999999995;81,83333333333333;1022,625;3,158333333333333;11,98;A899;4317301;Santa Vitoria do Palmar;-33,74222221;-53,37222221;7,41
2026-06-27;0,0;5,5;14,9;8,979166666666666;93,5;1023,0166666666668;2,7458333333333336;10,57;A899;4317301;Santa Vitoria do Palmar;-33,74222221;-53,37222221;7,41
2026-06-28;0,2;11,5;14,7;12,983333333333334;95,08333333333333;1015,7791666666667;2,904166666666667;3,21;A899;4317301;Santa Vitoria do Palmar;-33,74222221;-53,37222221;7,41
2026-06-29;0,0;3,1;13,9;8,362499999999999;89,83333333333333;1019,6999999999999;3,3874999999999997;9,36;A899;4317301;Santa Vitoria do Palmar;-33,74222221;-53,37222221;7,41
2026-06-30;0,0;1,6;14,2;8,933333333333334;84,125;1021,0541666666667;3,25;11,9;A899;4317301;Santa Vitoria do Palmar;-33,74222221;-53,37222221;7,41
2026-07-01;0,0;6,8;17,4;12,029166666666667;85,625;1020,4791666666666;5,6875;7,34;A899;4317301;Santa Vitoria do Palmar;-33,74222221;-53,37222221;7,41
2026-07-02;0,0;5,5;12,2;10,3125;72,91666666666667;1026,1499999999999;10,15;9,9;A899;4317301;Santa Vitoria do Palmar;-33,74222221;-53,37222221;7,41
2026-07-03;2,8;0,8;11,9;6,2749999999999995;89,95833333333333;1025,6695652173914;5,883333333333333;5,56;A899;4317301;Santa Vitoria do Palmar;-33,74222221;-53,37222221;7,41
2026-07-04;0,2;6,3;13,4;10,016666666666667;91,20833333333333;1026,3666666666666;6,575;9,73;A899;4317301;Santa Vitoria do Palmar;-33,74222221;-53,37222221;7,41
2026-07-05;0,2;10,0;13,2;11,054166666666667;97,41666666666667;1023,6208333333334;3,704166666666667;5,82;A899;4317301;Santa Vitoria do Palmar;-33,74222221;-53,37222221;7,41
2026-07-06;2,4;7,6;12,3;10,0;88,91666666666667;1017,85;3,966666666666667;5,31;A899;4317301;Santa Vitoria do Palmar;-33,74222221;-53,37222221;7,41
2026-07-07;0,0;2,6;13,6;7,270833333333333;78,29166666666667;1018,4583333333334;4,108333333333333;12,6;A899;4317301;Santa Vitoria do Palmar;-33,74222221;-53,37222221;7,41
2026-07-08;0,0;6,7;18,2;11,495833333333332;66,08333333333333;1018,3416666666667;4,629166666666666;10,41;A899;4317301;Santa Vitoria do Palmar;-33,74222221;-53,37222221;7,41
2026-07-09;0,0;8,5;17,6;12,079166666666666;76,91666666666667;1016,375;3,0500000000000003;8,8;A899;4317301;Santa Vitoria do Palmar;-33,74222221;-53,37222221;7,41
2026-07-10;0,0;10,8;15,5;12,304166666666667;91,58333333333333;1016,3541666666666;2,970833333333333;6,07;A899;4317301;Santa Vitoria do Palmar;-33,74222221;-53,37222221;7,41
2026-07-11;0,2;12,0;16,1;13,116666666666667;89,375;1016,1125000000001;3,15;6,97;A899;4317301;Santa Vitoria do Palmar;-33,74222221;-53,37222221;7,41
2026-07-12;0,2;9,8;16,3;11,878260869565217;90,95652173913044;1017,1565217391304;3,6869565217391305;6,34;A899;4317301;Santa Vitoria do Palmar;-33,74222221;-53,37222221;7,41
2026-07-13;1,0;9,8;13,7;11,5;98,33333333333333;1023,4791666666666;4,95;7,93;A899;4317301;Santa Vitoria do Palmar;-33,74222221;-53,37222221;7,41
2026-07-14;0,2;8,5;17,5;11,700000000000001;91,04166666666667;1022,5166666666668;2,8375;12,34;A899;4317301;Santa Vitoria do Palmar;-33,74222221;-53,37222221;7,41
2026-07-15;0,0;8,9;21,0;13,666666666666666;83,875;1017,3125;3,4250000000000003;11,55;A899;4317301;Santa Vitoria do Palmar;-33,74222221;-53,37222221;7,41
2026-07-16;23,6;12,6;19,6;14,979166666666666;83,33333333333333;1011,4791666666666;3,8499999999999996;3,63;A899;4317301;Santa Vitoria do Palmar;-33,74222221;-53,37222221;7,41
2026-07-17;0,0;13,6;27,9;21,283333333333335;71,25;1002,3874999999999;5,795833333333333;9,61;A899;4317301;Santa Vitoria do Palmar;-33,74222221;-53,37222221;7,41
2026-07-18;30,4;16,2;24,7;20,162499999999998;87,91666666666667;1001,4041666666667;3,8083333333333336;0,54;A899;4317301;Santa Vitoria do Palmar;-33,74222221;-53,37222221;7,41
2026-07-19;43,2;14,2;17,2;16,083333333333332;97,91666666666667;1003,9083333333333;3,7541666666666664;1,86;A899;4317301;Santa Vitoria do Palmar;-33,74222221;-53,37222221;7,41
2026-07-20;8,4;13,1;15,8;13,737499999999999;99,95833333333333;1008,7624999999999;5,583333333333333;1,77;A899;4317301;Santa Vitoria do Palmar;-33,74222221;-53,37222221;7,41
2026-07-21;1,6;13,4;15,7;13,991666666666667;100,0;1009,1708333333332;4,0125;4,2;A899;4317301;Santa Vitoria do Palmar;-33,74222221;-53,37222221;7,41
2026-07-22;0,8;13,1;16,2;13,879166666666668;95,16666666666667;1015,375;6,345833333333334;7,58;A899;4317301;Santa Vitoria do Palmar;-33,74222221;-53,37222221;7,41
2026-07-23;0,0;12,1;15,0;13,208333333333334;87,70833333333333;1022,6416666666668;6,066666666666666;12,7;A899;4317301;Santa Vitoria do Palmar;-33,74222221;-53,37222221;7,41
2026-07-24;0,0;12,0;16,3;13,299999999999999;87,45833333333333;1021,9291666666667;3,4583333333333335;6,39;A899;4317301;Santa Vitoria do Palmar;-33,74222221;-53,37222221;7,41
2026-07-25;0,0;11,0;15,6;13,395833333333334;98,95833333333333;1019,3249999999999;1,6833333333333333;5,86;A899;4317301;Santa Vitoria do Palmar;-33,74222221;-53,37222221;7,41
2026-07-26;0,0;12,9;18,9;14,85;91,66666666666667;1017,1291666666666;2,5791666666666666;9,97;A899;4317301;Santa Vitoria do Palmar;-33,74222221;-53,37222221;7,41
2026-07-27;0,0;11,4;17,2;14,033333333333333;96,16666666666667;1013,6916666666666;3,125;3,46;A899;4317301;Santa Vitoria do Palmar;-33,74222221;-53,37222221;7,41
2026-07-28;0,0;13,3;17,4;14,754166666666668;96,41666666666667;1009,8541666666666;2,9291666666666667;4,53;A899;4317301;Santa Vitoria do Palmar;-33,74222221;-53,37222221;7,41
2026-07-29;0,8;12,4;15,4;13,220833333333333;96,08333333333333;1015,725;5,816666666666666;4,26;A899;4317301;Santa Vitoria do Palmar;-33,74222221;-53,37222221;7,41
2026-07-30;0,2;11,5;16,5;13,429166666666667;91,70833333333333;1023,2041666666668;3,9166666666666665;14,42;A899;4317301;Santa Vitoria do Palmar;-33,74222221;-53,37222221;7,41
2026-07-31;0,0;13,4;20,8;16,383333333333333;89,5;1017,2166666666667;6,345833333333334;9,59;A899;4317301;Santa Vitoria do Palmar;-33,74222221;-53,37222221;7,41
2026-08-01;7,4;14,6;18,8;16,775000000000002;94,08333333333333;1009,0708333333333;5,175;1,74;A899;4317301;Santa Vitoria do Palmar;-33,74222221;-53,37222221;7,41
2026-08-02;0,4;11,6;16,0;13,170833333333334;89,0;1018,2624999999999;4,216666666666667;11,06;A899;4317301;Santa Vitoria do Palmar;-33,74222221;-53,37222221;7,41
2026-08-03;0,4;12,2;15,0;13,766666666666666;98,54166666666667;1018,275;3,1374999999999997;3,7;A899;4317301;Santa Vitoria do Palmar;-33,74222221;-53,37222221;7,41
2026-08-04;18,2;14,1;16,8;15,075000000000001;98,29166666666667;1015,2041666666668;3,4291666666666667;7,0;A899;4317301;Santa Vitoria do Palmar;-33,74222221;-53,37222221;7,41
2026-08-05;2,2;13,4;16,7;14,454166666666666;98,75;1014,2166666666667;3,0583333333333336;4,85;A899;4317301;Santa Vitoria do Palmar;-33,74222221;-53,37222221;7,41
2026-08-06;27,4;14,1;22,6;17,2;95,33333333333333;1004,0333333333333;2,775;8,49;A899;4317301;Santa Vitoria do Palmar;-33,74222221;-53,37222221;7,41
2026-08-07;1,2;8,3;15,5;11,025;77,5;1006,4499999999999;6,270833333333333;14,49;A899;4317301;Santa Vitoria do Palmar;-33,74222221;-53,37222221;7,41
2026-08-08;0,0;4,1;15,3;9,183333333333334;80,91666666666667;1008,6083333333332;3,704166666666667;11,72;A899;4317301;Santa Vitoria do Palmar;-33,74222221;-53,37222221;7,41
2026-08-09;0,0;4,0;15,2;8,616666666666667;68,125;1017,8083333333334;4,283333333333333;16,08;A899;4317301;Santa Vitoria do Palmar;-33,74222221;-53,37222221;7,41
2026-08-10;0,0;5,9;13,2;8,920833333333333;72,04166666666667;1030,7083333333333;7,2;13,37;A899;4317301;Santa Vitoria do Palmar;-33,74222221;-53,37222221;7,41
2026-08-11;0,0;5,3;13,3;9,745833333333334;78,54166666666667;1032,5041666666666;6,329166666666667;15,73;A899;4317301;Santa Vitoria do Palmar;-33,74222221;-53,37222221;7,41
2026-08-12;0,0;9,8;14,5;11,345833333333333;84,70833333333333;1024,1499999999999;7,154166666666666;9,19;A899;4317301;Santa Vitoria do Palmar;-33,74222221;-53,37222221;7,41
2026-08-13;1,2;10,7;13,0;11,5875;86,33333333333333;1022,6791666666667;7,470833333333334;3,12;A899;4317301;Santa Vitoria do Palmar;-33,74222221;-53,37222221;7,41
2026-08-14;0,0;11,6;15,7;12,950000000000001;85,625;1025,8708333333334;5,933333333333334;14,27;A899;4317301;Santa Vitoria do Palmar;-33,74222221;-53,37222221;7,41
2026-08-15;0,0;12,1;15,2;13,450000000000001;90,5;1021,9708333333333;6,3;5,14;A899;4317301;Santa Vitoria do Palmar;-33,74222221;-53,37222221;7,41
2026-08-16;30,2;13,6;18,9;16,345833333333335;98,125;1013,3708333333334;6,579166666666667;1,66;A899;4317301;Santa Vitoria do Palmar;-33,74222221;-53,37222221;7,41
2026-08-17;47,4;12,6;18,2;14,424999999999999;98,5;1013,6416666666668;5,870833333333334;0,77;A899;4317301;Santa Vitoria do Palmar;-33,74222221;-53,37222221;7,41
2026-08-18;31,6;11,5;13,3;12,429166666666667;99,875;1017,5083333333333;7,954166666666667;1,85;A899;4317301;Santa Vitoria do Palmar;-33,74222221;-53,37222221;7,41
2026-08-19;0,0;10,8;14,2;11,770833333333334;93,29166666666667;1022,1458333333334;5,279166666666667;5,52;A899;4317301;Santa Vitoria do Palmar;-33,74222221;-53,37222221;7,41
2026-08-20;31,8;11,3;14,4;12,591666666666667;99,45833333333333;1012,6291666666666;5,270833333333333;1,89;A899;4317301;Santa Vitoria do Palmar;-33,74222221;-53,37222221;7,41
2026-08-21;6,4;7,4;12,0;9,775;74,58333333333333;1016,2916666666666;8,783333333333333;10,47;A899;4317301;Santa Vitoria do Palmar;-33,74222221;-53,37222221;7,41
2026-08-22;0,0;4,1;12,3;7,683333333333334;77,875;1022,5749999999999;4,483333333333333;16,72;A899;4317301;Santa Vitoria do Palmar;-33,74222221;-53,37222221;7,41
2026-08-23;0,0;4,8;12,1;7,845833333333334;76,0;1023,4583333333334;5,925;12,26;A899;4317301;Santa Vitoria do Palmar;-33,74222221;-53,37222221;7,41
2026-08-24;0,0;5,1;10,9;7,629166666666666;74,75;1026,7458333333334;4,541666666666667;7,68;A899;4317301;Santa Vitoria do Palmar;-33,74222221;-53,37222221;7,41
2026-08-25;0,0;3,5;13,2;7,904166666666666;84,375;1023,3833333333333;2,4791666666666665;10,56;A899;4317301;Santa Vitoria do Palmar;-33,74222221;-53,37222221;7,41
2026-08-26;0,0;8,8;15,5;12,012500000000001;91,25;1016,125;3,9250000000000003;12,31;A899;4317301;Santa Vitoria do Palmar;-33,74222221;-53,37222221;7,41
2026-08-27;34,2;12,4;15,4;13,737499999999999;99,625;1006,3249999999999;4,320833333333334;1,4;A899;4317301;Santa Vitoria do Palmar;-33,74222221;-53,37222221;7,41
2026-08-28;1,8;11,3;13,6;11,941666666666668;98,95833333333333;1008,6291666666666;6,383333333333333;3,66;A899;4317301;Santa Vitoria do Palmar;-33,74222221;-53,37222221;7,41
2026-08-29;0,2;10,7;15,9;12,045833333333334;96,625;1014,525;4,9125000000000005;11,12;A899;4317301;Santa Vitoria do Palmar;-33,74222221;-53,37222221;7,41
2026-08-30;0,2;6,4;16,6;11,924999999999999;95,125;1018,975;2,620833333333333;16,31;A899;4317301;Santa Vitoria do Palmar;-33,74222221;-53,37222221;7,41
2026-08-31;0,4;11,7;17,4;13,745833333333332;90,75;1017,3333333333334;3,875;19,41;A899;4317301;Santa Vitoria do Palmar;-33,74222221;-53,37222221;7,41
2026-01-01;4,9;17,5;33,3;24,291304347826088;72,04347826086956;959,091304347826;2,382608695652174;30,08;B823;4314506;Pinheiro Machado;-31,57472221;-53,38833333;419,0
2026-01-02;0,0;17,0;28,7;22,666666666666668;74,0;957,8249999999999;2,283333333333333;31,63;B823;4314506;Pinheiro Machado;-31,57472221;-53,38833333;419,0
2026-01-03;0,0;16,1;23,5;18,554166666666667;67,58333333333333;958,9083333333333;3,5500000000000003;30,69;B823;4314506;Pinheiro Machado;-31,57472221;-53,38833333;419,0
2026-01-04;0,0;9,2;20,9;14,9;60,291666666666664;967,1625;2,8625000000000003;25,81;B823;4314506;Pinheiro Machado;-31,57472221;-53,38833333;419,0
2026-01-05;0,0;8,5;24,4;16,5125;62,541666666666664;969,2166666666667;1,7666666666666666;33,85;B823;4314506;Pinheiro Machado;-31,57472221;-53,38833333;419,0
2026-01-06;0,0;11,4;28,6;19,7;69,79166666666667;965,6791666666667;2,191666666666667;32,69;B823;4314506;Pinheiro Machado;-31,57472221;-53,38833333;419,0
2026-01-07;4,199999999999999;16,3;30,9;22,008333333333336;74,91666666666667;963,2791666666667;2,7708333333333335;20,76;B823;4314506;Pinheiro Machado;-31,57472221;-53,38833333;419,0
2026-01-08;0,0;16,0;23,9;19,266666666666666;87,20833333333333;966,9125;3,091666666666667;17,45;B823;4314506;Pinheiro Machado;-31,57472221;-53,38833333;419,0
2026-01-09;4,2;18,1;21,0;19,183333333333334;97,41666666666667;966,6833333333334;3,858333333333333;5,12;B823;4314506;Pinheiro Machado;-31,57472221;-53,38833333;419,0
2026-01-10;17,6;19,5;26,5;22,075;87,70833333333333;959,6041666666666;4,375;18,47;B823;4314506;Pinheiro Machado;-31,57472221;-53,38833333;419,0
2026-01-11;3,0000000000000004;14,8;22,9;18,229166666666668;90,33333333333333;958,9875000000001;3,3375;14,51;B823;4314506;Pinheiro Machado;-31,57472221;-53,38833333;419,0
2026-01-12;0,0;17,3;26,0;20,566666666666666;85,66666666666667;962,5791666666668;2,2041666666666666;21,77;B823;4314506;Pinheiro Machado;-31,57472221;-53,38833333;419,0
2026-01-13;0,0;16,4;28,9;22,2;81,83333333333333;963,5416666666666;1,675;26,24;B823;4314506;Pinheiro Machado;-31,57472221;-53,38833333;419,0
2026-01-14;0,0;18,4;31,2;24,1375;79,91666666666667;964,275;1,7208333333333332;27,23;B823;4314506;Pinheiro Machado;-31,57472221;-53,38833333;419,0
2026-01-15;0,2;19,9;33,0;26,058333333333334;74,25;962,9083333333333;2,5541666666666667;28,48;B823;4314506;Pinheiro Machado;-31,57472221;-53,38833333;419,0
2026-01-16;5,6;20,7;28,4;23,308333333333334;80,16666666666667;964,1291666666666;2,4499999999999997;7,84;B823;4314506;Pinheiro Machado;-31,57472221;-53,38833333;419,0
2026-01-17;0,0;19,0;26,8;21,770833333333332;88,08695652173913;964,0625;2,095833333333333;16,03;B823;4314506;Pinheiro Machado;-31,57472221;-53,38833333;419,0
2026-01-18;0,0;18,4;28,6;22,90869565217391;80,21739130434783;961,7739130434783;2,856521739130435;29,07;B823;4314506;Pinheiro Machado;-31,57472221;-53,38833333;419,0
2026-01-19;0,0;11,1;22,2;16,895833333333332;71,95833333333333;968,725;3,4333333333333336;27,65;B823;4314506;Pinheiro Machado;-31,57472221;-53,38833333;419,0
2026-01-20;0,0;12,1;23,3;17,195652173913043;69,78260869565217;969,1478260869566;2,4565217391304346;24,59;B823;4314506;Pinheiro Machado;-31,57472221;-53,38833333;419,0
2026-01-21;0,0;13,2;25,3;18,258333333333333;71,45833333333333;968,6041666666666;2,733333333333333;27,99;B823;4314506;Pinheiro Machado;-31,57472221;-53,38833333;419,0
2026-01-22;0,0;14,5;27,8;20,154166666666665;75,45833333333333;968,0;2,7416666666666667;30,5;B823;4314506;Pinheiro Machado;-31,57472221;-53,38833333;419,0
2026-01-23;0,0;15,2;27,0;20,5625;76,29166666666667;968,725;3,154166666666667;28,48;B823;4314506;Pinheiro Machado;-31,57472221;-53,38833333;419,0
2026-01-24;0,0;14,4;29,1;20,837500000000002;76,20833333333333;967,8166666666666;2,5875;31,22;B823;4314506;Pinheiro Machado;-31,57472221;-53,38833333;419,0
2026-01-25;0,0;16,0;30,1;22,59166666666667;76,45833333333333;967,7208333333333;2,2708333333333335;31,4;B823;4314506;Pinheiro Machado;-31,57472221;-53,38833333;419,0
2026-01-26;0,0;17,6;32,6;24,125;77,66666666666667;966,9208333333332;2,35;25,63;B823;4314506;Pinheiro Machado;-31,57472221;-53,38833333;419,0
2026-01-27;0,0;18,2;34,6;25,270833333333332;71,75;966,0583333333334;1,9083333333333334;23,42;B823;4314506;Pinheiro Machado;-31,57472221;-53,38833333;419,0
2026-01-28;0,2;19,3;32,0;24,429166666666664;81,70833333333333;965,4041666666667;1,7583333333333335;26,74;B823;4314506;Pinheiro Machado;-31,57472221;-53,38833333;419,0
2026-01-29;0,2;20,8;30,0;23,721739130434784;84,30434782608695;965,1826086956522;2,5521739130434784;18,69;B823;4314506;Pinheiro Machado;-31,57472221;-53,38833333;419,0
2026-01-30;0,6;19,6;27,7;22,016666666666666;86,75;964,6291666666666;3,120833333333333;17,37;B823;4314506;Pinheiro Machado;-31,57472221;-53,38833333;419,0
2026-01-31;7,3;18,1;25,0;20,4875;87,45833333333333;961,725;2,558333333333333;21,44;B823;4314506;Pinheiro Machado;-31,57472221;-53,38833333;419,0
2026-02-01;0,0;16,7;27,2;20,6125;81,70833333333333;959,0041666666666;2,6458333333333335;24,13;B823;4314506;Pinheiro Machado;-31,57472221;-53,38833333;419,0
2026-02-02;0,2;15,1;29,2;21,912499999999998;75,91666666666667;960,3416666666667;1,3333333333333333;23,66;B823;4314506;Pinheiro Machado;-31,57472221;-53,38833333;419,0
2026-02-03;0,0;17,5;32,3;23,900000000000002;69,375;959,775;1,5083333333333335;29,46;B823;4314506;Pinheiro Machado;-31,57472221;-53,38833333;419,0
2026-02-04;0,0;18,4;32,9;25,275000000000002;64,125;961,5333333333333;1,4541666666666666;20,32;B823;4314506;Pinheiro Machado;-31,57472221;-53,38833333;419,0
2026-02-05;0,0;18,2;35,3;25,875;64,625;963,0124999999999;1,5458333333333334;29,02;B823;4314506;Pinheiro Machado;-31,57472221;-53,38833333;419,0
2026-02-06;0,0;20,3;30,0;23,816666666666666;82,29166666666667;963,3375;2,6041666666666665;19,87;B823;4314506;Pinheiro Machado;-31,57472221;-53,38833333;419,0
2026-02-07;0,0;16,0;27,4;21,329166666666666;63,458333333333336;966,4833333333332;3,1166666666666667;30,83;B823;4314506;Pinheiro Machado;-31,57472221;-53,38833333;419,0
2026-02-08;0,0;13,1;28,8;20,712500000000002;64,58333333333333;966,7208333333333;2,0833333333333335;31,09;B823;4314506;Pinheiro Machado;-31,57472221;-53,38833333;419,0
2026-02-09;0,0;15,1;31,5;22,008333333333336;71,91666666666667;963,725;2,4375;24,27;B823;4314506;Pinheiro Machado;-31,57472221;-53,38833333;419,0
2026-02-10;0,0;19,9;30,2;24,554166666666664;78,54166666666667;960,5583333333334;2,0;18,8;B823;4314506;Pinheiro Machado;-31,57472221;-53,38833333;419,0
2026-02-11;0,0;21,3;35,1;27,212500000000002;69,16666666666667;960,0875;2,5208333333333335;24,01;B823;4314506;Pinheiro Machado;-31,57472221;-53,38833333;419,0
2026-02-12;32,4;18,5;28,3;21,224999999999998;92,16666666666667;962,9499999999999;2,2625;4,52;B823;4314506;Pinheiro Machado;-31,57472221;-53,38833333;419,0
2026-02-13;0,2;17,1;26,9;21,104166666666668;85,58333333333333;966,9041666666667;3,0208333333333335;25,85;B823;4314506;Pinheiro Machado;-31,57472221;-53,38833333;419,0
2026-02-14;0,0;15,9;26,0;20,220833333333335;76,79166666666667;970,5291666666667;3,4375;26,59;B823;4314506;Pinheiro Machado;-31,57472221;-53,38833333;419,0
2026-02-15;10,6;17,1;30,4;22,191666666666666;82,25;965,8833333333333;2,404166666666667;23,45;B823;4314506;Pinheiro Machado;-31,57472221;-53,38833333;419,0
2026-02-16;0,0;21,1;29,0;24,28333333333333;83,20833333333333;963,7083333333334;2,3291666666666666;25,77;B823;4314506;Pinheiro Machado;-31,57472221;-53,38833333;419,0
2026-02-17;0,2;19,8;29,3;23,291666666666668;88,20833333333333;964,3583333333332;1,6541666666666668;18,43;B823;4314506;Pinheiro Machado;-31,57472221;-53,38833333;419,0
2026-02-18;0,0;18,3;28,5;22,683333333333334;80,16666666666667;964,6750000000001;1,875;27,33;B823;4314506;Pinheiro Machado;-31,57472221;-53,38833333;419,0
2026-02-19;2,0;17,6;25,7;21,0;89,5;962,6583333333333;1,7958333333333334;13,17;B823;4314506;Pinheiro Machado;-31,57472221;-53,38833333;419,0
2026-02-20;9,1;16,5;26,5;20,654166666666665;88,54166666666667;964,15;3,033333333333333;19,5;B823;4314506;Pinheiro Machado;-31,57472221;-53,38833333;419,0
2026-02-21;0,0;17,5;27,5;21,308333333333334;84,83333333333333;967,4541666666668;2,9333333333333336;22,4;B823;4314506;Pinheiro Machado;-31,57472221;-53,38833333;419,0
2026-02-22;0,0;18,1;28,1;21,974999999999998;82,125;967,7333333333332;3,6875;26,84;B823;4314506;Pinheiro Machado;-31,57472221;-53,38833333;419,0
2026-02-23;0,0;18,4;28,5;22,179166666666664;78,75;964,3666666666667;3,7083333333333335;21,06;B823;4314506;Pinheiro Machado;-31,57472221;-53,38833333;419,0
2026-02-24;0,8;19,4;26,2;21,787499999999998;88,58333333333333;959,8291666666668;2,4583333333333335;13,53;B823;4314506;Pinheiro Machado;-31,57472221;-53,38833333;419,0
2026-02-25;0,0;17,5;23,4;20,5;87,95833333333333;960,475;3,275;12,82;B823;4314506;Pinheiro Machado;-31,57472221;-53,38833333;419,0
2026-02-26;0,0;11,5;22,0;16,770833333333332;78,16666666666667;963,2583333333333;2,129166666666667;22,98;B823;4314506;Pinheiro Machado;-31,57472221;-53,38833333;419,0
2026-02-27;0,0;10,6;24,6;17,375;71,16666666666667;964,4250000000001;2,004166666666667;28,4;B823;4314506;Pinheiro Machado;-31,57472221;-53,38833333;419,0
2026-02-28;0,0;12,6;25,8;18,9875;75,20833333333333;965,1374999999999;2,4875000000000003;25,96;B823;4314506;Pinheiro Machado;-31,57472221;-53,38833333;419,0
2026-03-01;0,0;14,1;25,9;19,579166666666666;75,29166666666667;965,8791666666666;2,9291666666666667;24,84;B823;4314506;Pinheiro Machado;-31,57472221;-53,38833333;419,0
2026-03-02;0,0;13,8;27,1;19,954166666666666;78,125;963,3916666666668;3,4458333333333333;26,24;B823;4314506;Pinheiro Machado;-31,57472221;-53,38833333;419,0
2026-03-03;0,0;17,1;33,0;23,104166666666668;75,91666666666667;962,2583333333333;2,8958333333333335;23,84;B823;4314506;Pinheiro Machado;-31,57472221;-53,38833333;419,0
2026-03-04;0,0;18,4;28,9;22,40416666666667;79,625;963,1666666666666;2,4916666666666667;17,0;B823;4314506;Pinheiro Machado;-31,57472221;-53,38833333;419,0
2026-03-05;0,0;19,1;27,5;22,09583333333333;84,45833333333333;965,6374999999999;3,2541666666666664;20,88;B823;4314506;Pinheiro Machado;-31,57472221;-53,38833333;419,0
2026-03-06;0,0;19,0;27,0;21,883333333333336;87,125;965,6875;3,3666666666666667;16,14;B823;4314506;Pinheiro Machado;-31,57472221;-53,38833333;419,0
2026-03-07;11,0;18,0;23,4;20,191666666666666;94,0;962,5124999999999;2,8125;10,53;B823;4314506;Pinheiro Machado;-31,57472221;-53,38833333;419,0
2026-03-08;0,0;17,1;23,4;19,120833333333334;84,95833333333333;965,9708333333333;3,704166666666667;14,56;B823;4314506;Pinheiro Machado;-31,57472221;-53,38833333;419,0
2026-03-09;0,0;14,0;23,5;17,5125;79,41666666666667;969,6041666666666;3,720833333333333;15,79;B823;4314506;Pinheiro Machado;-31,57472221;-53,38833333;419,0
2026-03-10;0,8;16,2;20,0;17,729166666666668;92,08333333333333;969,5666666666666;3,720833333333333;9,26;B823;4314506;Pinheiro Machado;-31,57472221;-53,38833333;419,0
2026-03-11;1,0;17,2;26,0;20,041666666666668;91,125;966,5791666666668;2,6916666666666664;14,99;B823;4314506;Pinheiro Machado;-31,57472221;-53,38833333;419,0
2026-03-12;0,0;18,3;25,8;20,900000000000002;85,33333333333333;964,9458333333333;2,845833333333333;20,88;B823;4314506;Pinheiro Machado;-31,57472221;-53,38833333;419,0
2026-03-13;0,0;16,7;26,2;20,075;84,16666666666667;963,8666666666667;2,795833333333333;21,92;B823;4314506;Pinheiro Machado;-31,57472221;-53,38833333;419,0
2026-03-14;0,4;16,7;26,8;20,304166666666667;82,58333333333333;961,9375;1,8833333333333335;19,85;B823;4314506;Pinheiro Machado;-31,57472221;-53,38833333;419,0
2026-03-15;0,0;15,4;30,6;21,912499999999998;77,45833333333333;960,6333333333333;1,5791666666666666;23,84;B823;4314506;Pinheiro Machado;-31,57472221;-53,38833333;419,0
2026-03-16;0,0;17,3;33,2;23,895833333333332;77,625;962,1625;1,8833333333333335;22,18;B823;4314506;Pinheiro Machado;-31,57472221;-53,38833333;419,0
2026-03-17;0,8;21,1;27,9;23,104166666666668;91,0;962,1708333333332;2,0625;9,48;B823;4314506;Pinheiro Machado;-31,57472221;-53,38833333;419,0
2026-03-18;0,6000000000000001;20,4;26,3;22,087500000000002;95,125;962,2583333333333;2,529166666666667;8,4;B823;4314506;Pinheiro Machado;-31,57472221;-53,38833333;419,0
2026-03-19;1,0;17,8;27,2;20,7625;88,75;963,225;3,1666666666666665;15,47;B823;4314506;Pinheiro Machado;-31,57472221;-53,38833333;419,0
2026-03-20;0,0;18,1;29,2;22,041666666666668;83,95833333333333;961,9916666666667;2,6958333333333333;18,65;B823;4314506;Pinheiro Machado;-31,57472221;-53,38833333;419,0
2026-03-21;21,700000000000003;18,3;32,7;23,070833333333336;84,33333333333333;958,8375;3,204166666666667;14,95;B823;4314506;Pinheiro Machado;-31,57472221;-53,38833333;419,0
2026-03-22;0,0;14,9;23,4;20,041666666666668;85,75;963,4583333333334;2,5083333333333333;22,71;B823;4314506;Pinheiro Machado;-31,57472221;-53,38833333;419,0
2026-03-23;19,9;18,1;21,9;19,333333333333332;97,75;961,1041666666666;2,441666666666667;3,52;B823;4314506;Pinheiro Machado;-31,57472221;-53,38833333;419,0
2026-03-24;1,0;13,8;23,3;18,108333333333334;77,75;963,0083333333333;2,85;24,22;B823;4314506;Pinheiro Machado;-31,57472221;-53,38833333;419,0
2026-03-25;0,0;12,5;24,2;17,029166666666665;79,33333333333333;966,4499999999999;1,9749999999999999;15,67;B823;4314506;Pinheiro Machado;-31,57472221;-53,38833333;419,0
2026-03-26;0,0;16,7;21,7;18,8625;93,20833333333333;967,9583333333334;2,1708333333333334;7,86;B823;4314506;Pinheiro Machado;-31,57472221;-53,38833333;419,0
2026-03-27;0,0;20,1;30,2;23,412499999999998;91,29166666666667;967,5166666666668;1,875;13,96;B823;4314506;Pinheiro Machado;-31,57472221;-53,38833333;419,0
2026-03-28;0,0;21,3;29,9;24,579166666666666;92,0;968,6291666666666;1,4458333333333335;14,23;B823;4314506;Pinheiro Machado;-31,57472221;-53,38833333;419,0
2026-03-29;28,099999999999998;21,1;32,3;24,079166666666666;92,0;968,9708333333333;1,8166666666666667;13,69;B823;4314506;Pinheiro Machado;-31,57472221;-53,38833333;419,0
2026-03-30;2,0;21,3;27,0;22,78333333333333;96,16666666666667;968,0041666666666;1,7458333333333333;8,27;B823;4314506;Pinheiro Machado;-31,57472221;-53,38833333;419,0
2026-03-31;0,0;20,0;27,9;22,858333333333334;85,16666666666667;965,1583333333333;2,85;20,92;B823;4314506;Pinheiro Machado;-31,57472221;-53,38833333;419,0
2026-04-01;0,0;17,3;27,6;21,616666666666664;82,25;962,8375;2,1750000000000003;22,23;B823;4314506;Pinheiro Machado;-31,57472221;-53,38833333;419,0
2026-04-02;0,2;16,5;27,6;21,708333333333332;85,0;962,9291666666667;1,4375;17,52;B823;4314506;Pinheiro Machado;-31,57472221;-53,38833333;419,0
2026-04-03;0,0;17,6;29,0;22,508333333333336;81,08333333333333;964,6999999999999;1,3583333333333334;21,1;B823;4314506;Pinheiro Machado;-31,57472221;-53,38833333;419,0
2026-04-04;0,0;14,5;25,3;20,349999999999998;93,125;966,3291666666668;2,9499999999999997;8,3;B823;4314506;Pinheiro Machado;-31,57472221;-53,38833333;419,0
2026-04-05;0,0;12,9;19,9;15,575000000000001;76,79166666666667;971,7041666666668;3,625;11,29;B823;4314506;Pinheiro Machado;-31,57472221;-53,38833333;419,0
2026-04-06;3,0;14,0;20,6;16,8875;87,95833333333333;968,9291666666667;3,5083333333333333;5,28;B823;4314506;Pinheiro Machado;-31,57472221;-53,38833333;419,0
2026-04-07;21,3;18,7;20,4;19,55;98,75;960,4916666666667;3,141666666666667;2,83;B823;4314506;Pinheiro Machado;-31,57472221;-53,38833333;419,0
2026-04-08;14,2;16,1;21,0;17,837500000000002;94,41666666666667;957,8166666666666;5,0125;9,94;B823;4314506;Pinheiro Machado;-31,57472221;-53,38833333;419,0
2026-04-09;0,8;13,8;20,7;16,304166666666667;86,125;966,4458333333333;2,9458333333333333;17,45;B823;4314506;Pinheiro Machado;-31,57472221;-53,38833333;419,0
2026-04-10;0,0;10,0;21,4;15,516666666666666;78,20833333333333;970,0916666666667;1,4833333333333334;21,05;B823;4314506;Pinheiro Machado;-31,57472221;-53,38833333;419,0
2026-04-11;0,0;11,2;24,8;17,183333333333334;81,375;969,725;2,191666666666667;20,27;B823;4314506;Pinheiro Machado;-31,57472221;-53,38833333;419,0
2026-04-12;5,4;17,3;21,1;18,75;95,66666666666667;967,6333333333333;2,4791666666666665;5,09;B823;4314506;Pinheiro Machado;-31,57472221;-53,38833333;419,0
2026-04-13;0,2;17,0;23,5;19,429166666666667;93,41666666666667;968,3958333333334;1,75;10,13;B823;4314506;Pinheiro Machado;-31,57472221;-53,38833333;419,0
2026-04-14;0,0;17,7;26,8;20,8125;88,33333333333333;966,8874999999999;2,8083333333333336;16,67;B823;4314506;Pinheiro Machado;-31,57472221;-53,38833333;419,0
2026-04-15;0,2;19,4;25,2;21,091666666666665;87,20833333333333;964,3249999999999;3,1166666666666667;10,66;B823;4314506;Pinheiro Machado;-31,57472221;-53,38833333;419,0
2026-04-16;6,8;18,8;21,9;19,654166666666665;98,04166666666667;959,8291666666668;2,9416666666666664;5,61;B823;4314506;Pinheiro Machado;-31,57472221;-53,38833333;419,0
2026-04-17;5,8;17,8;20,2;18,8875;95,45833333333333;957,7666666666668;3,5875000000000004;7,0;B823;4314506;Pinheiro Machado;-31,57472221;-53,38833333;419,0
2026-04-18;0,4;14,3;24,1;18,3875;85,625;960,7125;2,4291666666666667;18,92;B823;4314506;Pinheiro Machado;-31,57472221;-53,38833333;419,0
2026-04-19;0,0;14,0;26,3;19,520833333333332;76,79166666666667;964,0083333333333;1,25;18,52;B823;4314506;Pinheiro Machado;-31,57472221;-53,38833333;419,0
2026-04-20;0,0;12,0;23,7;17,566666666666666;85,45833333333333;966,5666666666666;2,0625;12,86;B823;4314506;Pinheiro Machado;-31,57472221;-53,38833333;419,0
2026-04-21;2,4;17,0;24,5;19,579166666666666;91,91666666666667;966,9958333333334;1,5666666666666667;9,04;B823;4314506;Pinheiro Machado;-31,57472221;-53,38833333;419,0
2026-04-22;0,0;17,9;20,1;18,533333333333335;98,33333333333333;966,3833333333333;1,8666666666666665;8,08;B823;4314506;Pinheiro Machado;-31,57472221;-53,38833333;419,0
2026-04-23;0,0;;;;;;1,8499999999999999;7,09;B823;4314506;Pinheiro Machado;-31,57472221;-53,38833333;419,0
2026-04-24;0,0;;;;;;2,0375;6,3;B823;4314506;Pinheiro Machado;-31,57472221;-53,38833333;419,0
2026-04-25;0,0;;;;;;1,5;7,13;B823;4314506;Pinheiro Machado;-31,57472221;-53,38833333;419,0
2026-04-26;0,0;;;;;;2,7416666666666667;13,05;B823;4314506;Pinheiro Machado;-31,57472221;-53,38833333;419,0
2026-04-27;0,0;;;;;;4,154166666666667;18,16;B823;4314506;Pinheiro Machado;-31,57472221;-53,38833333;419,0
2026-04-28;0,0;;;;;;1,8625;17,7;B823;4314506;Pinheiro Machado;-31,57472221;-53,38833333;419,0
2026-04-29;0,0;;;;;;1,5416666666666667;17,8;B823;4314506;Pinheiro Machado;-31,57472221;-53,38833333;419,0
2026-04-30;0,0;9,2;24,3;17,370588235294118;61,0;967,3352941176471;1,1565217391304348;16,98;B823;4314506;Pinheiro Machado;-31,57472221;-53,38833333;419,0
2026-05-01;43,2;9,4;17,0;13,887500000000001;93,125;965,0500000000001;1,8041666666666665;1,57;B823;4314506;Pinheiro Machado;-31,57472221;-53,38833333;419,0
2026-05-02;3,2;9,8;17,5;15,525;85,66666666666667;966,8583333333332;3,5500000000000003;10,32;B823;4314506;Pinheiro Machado;-31,57472221;-53,38833333;419,0
2026-05-03;0,0;4,6;16,9;10,200000000000001;67,625;973,3083333333334;1,8583333333333334;17,33;B823;4314506;Pinheiro Machado;-31,57472221;-53,38833333;419,0
2026-05-04;0,0;4,5;21,8;11,804347826086957;83,43478260869566;966,5869565217391;1,7304347826086954;15,82;B823;4314506;Pinheiro Machado;-31,57472221;-53,38833333;419,0
2026-05-05;5,9;15,6;27,3;20,104166666666668;92,04166666666667;966,3208333333333;2,2708333333333335;9,84;B823;4314506;Pinheiro Machado;-31,57472221;-53,38833333;419,0
2026-05-06;1,4;19,6;29,2;23,166666666666668;84,0;965,75;2,9583333333333335;14,79;B823;4314506;Pinheiro Machado;-31,57472221;-53,38833333;419,0
2026-05-07;11,9;16,2;26,8;21,75;82,54166666666667;955,4458333333333;4,216666666666667;4,35;B823;4314506;Pinheiro Machado;-31,57472221;-53,38833333;419,0
2026-05-08;30,2;7,8;17,1;11,266666666666666;81,08333333333333;954,6083333333332;5,195833333333334;12,0;B823;4314506;Pinheiro Machado;-31,57472221;-53,38833333;419,0
2026-05-09;0,4;4,4;10,9;7,370833333333334;73,79166666666667;963,6666666666666;4,216666666666667;11,24;B823;4314506;Pinheiro Machado;-31,57472221;-53,38833333;419,0
2026-05-10;3,0;5,8;11,0;7,8625;84,66666666666667;969,975;4,029166666666667;13,58;B823;4314506;Pinheiro Machado;-31,57472221;-53,38833333;419,0
2026-05-11;0,0;3,7;13,9;8,225;73,29166666666667;970,1750000000001;3,2375000000000003;16,09;B823;4314506;Pinheiro Machado;-31,57472221;-53,38833333;419,0
2026-05-12;0,0;4,5;17,5;11,279166666666667;65,33333333333333;968,025;3,983333333333333;15,8;B823;4314506;Pinheiro Machado;-31,57472221;-53,38833333;419,0
2026-05-13;0,0;8,9;18,3;12,720833333333333;74,54166666666667;966,7041666666668;2,3874999999999997;14,77;B823;4314506;Pinheiro Machado;-31,57472221;-53,38833333;419,0
2026-05-14;0,0;7,0;16,0;10,795833333333334;80,29166666666667;968,625;1,4583333333333333;11,57;B823;4314506;Pinheiro Machado;-31,57472221;-53,38833333;419,0
2026-05-15;0,0;6,1;15,9;9,734782608695653;82,77272727272727;970,1826086956522;1,817391304347826;15,32;B823;4314506;Pinheiro Machado;-31,57472221;-53,38833333;419,0
2026-05-16;0,0;5,3;15,4;9,533333333333333;93,25;967,1125000000001;1,5208333333333333;6,44;B823;4314506;Pinheiro Machado;-31,57472221;-53,38833333;419,0
2026-05-17;0,0;9,9;15,5;11,708333333333334;90,20833333333333;968,2583333333333;2,8833333333333333;8,54;B823;4314506;Pinheiro Machado;-31,57472221;-53,38833333;419,0
2026-05-18;0,0;3,7;14,5;9,012500000000001;78,45833333333333;973,3166666666666;2,1708333333333334;15,21;B823;4314506;Pinheiro Machado;-31,57472221;-53,38833333;419,0
2026-05-19;0,0;4,0;13,9;8,762500000000001;71,125;972,9;2,0208333333333335;14,96;B823;4314506;Pinheiro Machado;-31,57472221;-53,38833333;419,0
2026-05-20;0,0;5,1;15,6;9,424999999999999;72,83333333333333;972,2624999999999;2,345833333333333;14,45;B823;4314506;Pinheiro Machado;-31,57472221;-53,38833333;419,0
2026-05-21;0,0;2,2;12,6;8,116666666666665;76,41666666666667;976,1666666666666;2,0375;10,78;B823;4314506;Pinheiro Machado;-31,57472221;-53,38833333;419,0
2026-05-22;0,0;5,2;12,5;8,379166666666666;91,625;977,4125;2,1374999999999997;7,96;B823;4314506;Pinheiro Machado;-31,57472221;-53,38833333;419,0
2026-05-23;0,6000000000000001;9,5;16,4;11,566666666666668;96,125;975,8874999999999;2,5541666666666667;7,58;B823;4314506;Pinheiro Machado;-31,57472221;-53,38833333;419,0
2026-05-24;0,2;11,2;16,7;13,195833333333333;91,75;973,3125;2,6;7,39;B823;4314506;Pinheiro Machado;-31,57472221;-53,38833333;419,0
2026-05-25;0,2;10,1;17,7;13,291666666666666;93,45833333333333;971,0291666666667;2,2083333333333335;7,29;B823;4314506;Pinheiro Machado;-31,57472221;-53,38833333;419,0
2026-05-26;2,2;12,9;17,2;14,208333333333334;96,95833333333333;970,2041666666668;2,2958333333333334;6,07;B823;4314506;Pinheiro Machado;-31,57472221;-53,38833333;419,0
2026-05-27;0,8;11,3;17,6;13,075000000000001;93,70833333333333;973,1125000000001;1,7666666666666666;8,49;B823;4314506;Pinheiro Machado;-31,57472221;-53,38833333;419,0
2026-05-28;0,4;10,0;15,3;12,008333333333333;93,08333333333333;972,6625;1,9124999999999999;6,21;B823;4314506;Pinheiro Machado;-31,57472221;-53,38833333;419,0
2026-05-29;0,0;9,4;16,2;12,266666666666666;92,29166666666667;972,5791666666668;2,6916666666666664;4,8;B823;4314506;Pinheiro Machado;-31,57472221;-53,38833333;419,0
2026-05-30;0,0;12,3;19,4;14,479166666666666;89,45833333333333;971,9833333333332;1,6916666666666667;8,32;B823;4314506;Pinheiro Machado;-31,57472221;-53,38833333;419,0
2026-05-31;0,0;11,9;16,7;13,674999999999999;91,08333333333333;971,2125;1,5374999999999999;10,72;B823;4314506;Pinheiro Machado;-31,57472221;-53,38833333;419,0
2026-06-01;0,0;9,7;15,3;11,482608695652175;89,95652173913044;972,8565217391305;2,2130434782608694;6,6;B823;4314506;Pinheiro Machado;-31,57472221;-53,38833333;419,0
2026-06-02;1,4000000000000001;9,4;14,9;11,825000000000001;95,83333333333333;975,8416666666667;2,6374999999999997;6,01;B823;4314506;Pinheiro Machado;-31,57472221;-53,38833333;419,0
2026-06-03;0,2;12,0;17,5;14,029166666666667;93,75;975,7624999999999;2,6374999999999997;7,25;B823;4314506;Pinheiro Machado;-31,57472221;-53,38833333;419,0
2026-06-04;0,0;11,9;21,2;15,0625;88,66666666666667;976,2791666666667;1,7125000000000001;11,74;B823;4314506;Pinheiro Machado;-31,57472221;-53,38833333;419,0
2026-06-05;0,0;9,2;21,9;14,895833333333334;89,70833333333333;973,0083333333333;1,1624999999999999;11,95;B823;4314506;Pinheiro Machado;-31,57472221;-53,38833333;419,0
2026-06-06;0,0;11,9;19,9;15,579166666666666;94,58333333333333;968,8249999999999;1,1500000000000001;7,72;B823;4314506;Pinheiro Machado;-31,57472221;-53,38833333;419,0
2026-06-07;0,2;11,7;17,2;13,416666666666666;95,45833333333333;968,6083333333332;2,2583333333333333;5,42;B823;4314506;Pinheiro Machado;-31,57472221;-53,38833333;419,0
2026-06-08;21,400000000000002;10,8;13,6;12,366666666666667;99,625;968,6791666666667;2,7708333333333335;2,25;B823;4314506;Pinheiro Machado;-31,57472221;-53,38833333;419,0
2026-06-09;6,6000000000000005;10,1;16,2;11,758333333333333;92,04166666666667;968,0;2,095833333333333;10,89;B823;4314506;Pinheiro Machado;-31,57472221;-53,38833333;419,0
2026-06-10;0,2;6,3;15,1;9,791666666666666;94,0;967,5041666666666;1,2166666666666666;9,71;B823;4314506;Pinheiro Machado;-31,57472221;-53,38833333;419,0
2026-06-11;1,2;7,7;13,7;10,858333333333334;94,04166666666667;967,0041666666666;1,7666666666666666;4,66;B823;4314506;Pinheiro Machado;-31,57472221;-53,38833333;419,0
2026-06-12;16,4;11,4;12,2;11,8125;99,41666666666667;963,3041666666667;3,6458333333333335;2,25;B823;4314506;Pinheiro Machado;-31,57472221;-53,38833333;419,0
2026-06-13;0,0;9,3;15,5;12,012500000000001;92,83333333333333;966,5916666666667;1,9416666666666667;7,28;B823;4314506;Pinheiro Machado;-31,57472221;-53,38833333;419,0
2026-06-14;0,4;5,2;11,3;9,066666666666666;89,29166666666667;969,5833333333334;2,533333333333333;6,99;B823;4314506;Pinheiro Machado;-31,57472221;-53,38833333;419,0
2026-06-15;0,0;1,5;10,6;5,545833333333333;83,5;972,5166666666668;1,1833333333333333;12,98;B823;4314506;Pinheiro Machado;-31,57472221;-53,38833333;419,0
2026-06-16;0,0;1,5;14,7;7,4750000000000005;72,66666666666667;970,3458333333333;2,9916666666666667;12,95;B823;4314506;Pinheiro Machado;-31,57472221;-53,38833333;419,0
2026-06-17;0,0;6,0;14,9;9,966666666666667;75,45833333333333;972,475;2,6791666666666667;12,79;B823;4314506;Pinheiro Machado;-31,57472221;-53,38833333;419,0
2026-06-18;0,0;3,5;14,9;8,029166666666667;87,625;972,0833333333334;1,9041666666666668;7,83;B823;4314506;Pinheiro Machado;-31,57472221;-53,38833333;419,0
2026-06-19;7,8999999999999995;8,0;12,9;10,6;94,5;964,6708333333332;3,6625;1,27;B823;4314506;Pinheiro Machado;-31,57472221;-53,38833333;419,0
2026-06-20;0,0;2,4;12,7;7,495833333333334;85,79166666666667;968,0173913043479;1,6875;12,68;B823;4314506;Pinheiro Machado;-31,57472221;-53,38833333;419,0
2026-06-21;0,0;1,9;12,2;6,3;89,29166666666667;966,3041666666667;1,0083333333333333;8,36;B823;4314506;Pinheiro Machado;-31,57472221;-53,38833333;419,0
2026-06-22;5,0;6,0;8,5;7,316666666666666;95,41666666666667;964,1416666666668;1,75;2,91;B823;4314506;Pinheiro Machado;-31,57472221;-53,38833333;419,0
2026-06-23;0,0;3,4;9,2;5,6125;85,95833333333333;966,5500000000001;3,220833333333333;9,7;B823;4314506;Pinheiro Machado;-31,57472221;-53,38833333;419,0
2026-06-24;0,0;0,5;11,7;5,529166666666666;77,29166666666667;968,1583333333333;2,2916666666666665;10,64;B823;4314506;Pinheiro Machado;-31,57472221;-53,38833333;419,0
2026-06-25;0,0;1,3;15,0;7,4624999999999995;79,04166666666667;971,475;2,2583333333333333;12,51;B823;4314506;Pinheiro Machado;-31,57472221;-53,38833333;419,0
2026-06-26;0,0;3,7;16,1;9,639130434782608;78,1304347826087;972,6434782608695;2,3782608695652177;12,56;B823;4314506;Pinheiro Machado;-31,57472221;-53,38833333;419,0
2026-06-27;0,0;3,7;18,4;10,045833333333333;80,0;971,8166666666666;1,1333333333333333;12,85;B823;4314506;Pinheiro Machado;-31,57472221;-53,38833333;419,0
2026-06-28;1,8;10,7;15,0;13,008333333333333;93,95833333333333;965,8291666666668;2,1083333333333334;1,84;B823;4314506;Pinheiro Machado;-31,57472221;-53,38833333;419,0
2026-06-29;0,2;5,6;14,1;8,691666666666666;90,0;969,625;2,0458333333333334;11,25;B823;4314506;Pinheiro Machado;-31,57472221;-53,38833333;419,0
2026-06-30;0,0;2,5;11,8;6,95;91,875;969,6374999999999;1,8166666666666667;11,2;B823;4314506;Pinheiro Machado;-31,57472221;-53,38833333;419,0
2026-07-01;0,2;8,6;14,9;10,845833333333333;94,375;968,2208333333333;2,2416666666666667;5,01;B823;4314506;Pinheiro Machado;-31,57472221;-53,38833333;419,0
2026-07-02;2,4000000000000004;5,4;12,7;7,7625;97,83333333333333;973,6791666666667;4,145833333333333;2,04;B823;4314506;Pinheiro Machado;-31,57472221;-53,38833333;419,0
2026-07-03;0,2;-1,9;8,2;2,9416666666666664;85,54166666666667;976,3541666666666;3,1458333333333335;10,51;B823;4314506;Pinheiro Machado;-31,57472221;-53,38833333;419,0
2026-07-04;0,2;5,0;10,7;6,733333333333333;97,08333333333333;975,5625;2,3833333333333333;5,14;B823;4314506;Pinheiro Machado;-31,57472221;-53,38833333;419,0
2026-07-05;0,4;6,4;10,4;8,1875;99,91666666666667;972,0083333333333;2,1458333333333335;3,5;B823;4314506;Pinheiro Machado;-31,57472221;-53,38833333;419,0
2026-07-06;0,8;4,9;10,3;8,012500000000001;91,41666666666667;969,0708333333333;3,0375;5,04;B823;4314506;Pinheiro Machado;-31,57472221;-53,38833333;419,0
2026-07-07;0,0;2,7;12,2;6,375;76,95833333333333;970,0749999999999;3,1999999999999997;13,33;B823;4314506;Pinheiro Machado;-31,57472221;-53,38833333;419,0
2026-07-08;0,0;4,7;18,0;9,820833333333333;70,625;969,9;2,1458333333333335;13,03;B823;4314506;Pinheiro Machado;-31,57472221;-53,38833333;419,0
2026-07-09;0,0;7,1;20,2;12,395833333333334;62,875;967,4208333333332;2,1708333333333334;9,65;B823;4314506;Pinheiro Machado;-31,57472221;-53,38833333;419,0
2026-07-10;0,0;9,2;17,6;13,716666666666667;72,20833333333333;965,6791666666667;1,9583333333333333;10,25;B823;4314506;Pinheiro Machado;-31,57472221;-53,38833333;419,0
2026-07-11;0,0;11,5;14,3;12,229166666666666;97,625;964,6916666666666;2,6;3,71;B823;4314506;Pinheiro Machado;-31,57472221;-53,38833333;419,0
2026-07-12;1,8;6,8;11,9;9,579166666666667;96,20833333333333;967,7791666666667;2,8041666666666667;5,4;B823;4314506;Pinheiro Machado;-31,57472221;-53,38833333;419,0
2026-07-13;1,8;7,6;10,9;8,904166666666667;97,375;972,9499999999999;1,9166666666666667;3,84;B823;4314506;Pinheiro Machado;-31,57472221;-53,38833333;419,0
2026-07-14;0,0;5,3;16,7;10,558333333333334;87,20833333333333;972,0541666666667;1,554166666666667;13,53;B823;4314506;Pinheiro Machado;-31,57472221;-53,38833333;419,0
2026-07-15;2,2;6,4;19,3;11,733333333333334;83,45833333333333;968,025;2,1625;14,4;B823;4314506;Pinheiro Machado;-31,57472221;-53,38833333;419,0
2026-07-16;0,0;10,0;24,3;17,587500000000002;64,83333333333333;963,5166666666668;3,1666666666666665;11,58;B823;4314506;Pinheiro Machado;-31,57472221;-53,38833333;419,0
2026-07-17;0,0;19,3;27,6;22,59166666666667;62,125;956,275;6,1875;9,4;B823;4314506;Pinheiro Machado;-31,57472221;-53,38833333;419,0
2026-07-18;6,7;17,1;24,6;20,5625;81,95833333333333;955,3333333333334;5,0249999999999995;1,12;B823;4314506;Pinheiro Machado;-31,57472221;-53,38833333;419,0
2026-07-19;53,199999999999996;14,2;18,1;15,654166666666667;96,58333333333333;956,1458333333334;3,3958333333333335;0,94;B823;4314506;Pinheiro Machado;-31,57472221;-53,38833333;419,0
2026-07-20;62,4;15,4;16,6;15,975;99,16666666666667;958,3791666666666;1,5958333333333332;1,04;B823;4314506;Pinheiro Machado;-31,57472221;-53,38833333;419,0
2026-07-21;0,8;14,5;17,6;16,2375;99,79166666666667;959,25;1,8416666666666668;1,91;B823;4314506;Pinheiro Machado;-31,57472221;-53,38833333;419,0
2026-07-22;10,3;11,6;15,0;13,545833333333334;99,33333333333333;963,4666666666667;3,5416666666666665;5,27;B823;4314506;Pinheiro Machado;-31,57472221;-53,38833333;419,0
2026-07-23;6,800000000000001;10,1;14,8;11,5625;93,16666666666667;970,6416666666668;3,5875;8,28;B823;4314506;Pinheiro Machado;-31,57472221;-53,38833333;419,0
2026-07-24;0,0;9,4;16,6;12,204166666666666;93,83333333333333;970,1291666666666;3,125;8,41;B823;4314506;Pinheiro Machado;-31,57472221;-53,38833333;419,0
2026-07-25;0,0;9,4;20,3;14,641666666666666;92,29166666666667;968,9708333333333;1,2791666666666666;13,58;B823;4314506;Pinheiro Machado;-31,57472221;-53,38833333;419,0
2026-07-26;0,0;14,2;17,1;15,2125;98,70833333333333;967,0500000000001;1,7958333333333334;2,85;B823;4314506;Pinheiro Machado;-31,57472221;-53,38833333;419,0
2026-07-27;24,3;12,5;16,7;14,479166666666666;99,95833333333333;964,1374999999999;2,0541666666666667;2,68;B823;4314506;Pinheiro Machado;-31,57472221;-53,38833333;419,0
2026-07-28;15,0;14,7;18,9;16,508333333333333;98,45833333333333;960,3458333333333;1,8458333333333332;3,2;B823;4314506;Pinheiro Machado;-31,57472221;-53,38833333;419,0
2026-07-29;9,4;11,8;16,2;13,766666666666666;95,5;964,5875;2,3625000000000003;6,4;B823;4314506;Pinheiro Machado;-31,57472221;-53,38833333;419,0
2026-07-30;1,8;11,0;16,7;13,424999999999999;92,41666666666667;971,5291666666667;3,2291666666666665;10,39;B823;4314506;Pinheiro Machado;-31,57472221;-53,38833333;419,0
2026-07-31;0,0;12,0;25,2;17,116666666666667;88,66666666666667;967,5666666666666;2,6333333333333333;14,54;B823;4314506;Pinheiro Machado;-31,57472221;-53,38833333;419,0
2026-08-01;15,2;13,4;22,2;17,854166666666668;86,54166666666667;961,3916666666668;3,625;3,83;B823;4314506;Pinheiro Machado;-31,57472221;-53,38833333;419,0
2026-08-02;1,6;11,7;16,6;14,004166666666668;95,16666666666667;968,0124999999999;1,8791666666666667;5,6;B823;4314506;Pinheiro Machado;-31,57472221;-53,38833333;419,0
2026-08-03;0,0;12,8;22,1;15,733333333333334;94,08333333333333;967,4208333333332;2,5500000000000003;9,55;B823;4314506;Pinheiro Machado;-31,57472221;-53,38833333;419,0
2026-08-04;7,1;16,2;21,2;17,683333333333334;95,08333333333333;966,1041666666666;1,8166666666666667;6,63;B823;4314506;Pinheiro Machado;-31,57472221;-53,38833333;419,0
2026-08-05;18,0;14,6;21,7;16,508333333333333;97,5;964,6041666666666;1,8541666666666667;5,82;B823;4314506;Pinheiro Machado;-31,57472221;-53,38833333;419,0
2026-08-06;34,099999999999994;13,5;22,1;17,1375;96,375;956,6583333333333;2,795833333333333;10,25;B823;4314506;Pinheiro Machado;-31,57472221;-53,38833333;419,0
2026-08-07;1,8;6,1;14,1;9,070833333333333;83,16666666666667;959,7166666666667;4,2124999999999995;14,8;B823;4314506;Pinheiro Machado;-31,57472221;-53,38833333;419,0
2026-08-08;0,0;1,7;13,0;6,716666666666666;88,25;959,35;1,5999999999999999;9,52;B823;4314506;Pinheiro Machado;-31,57472221;-53,38833333;419,0
2026-08-09;0,0;2,4;13,0;7,645833333333333;68,125;968,6583333333333;2,2708333333333335;17,16;B823;4314506;Pinheiro Machado;-31,57472221;-53,38833333;419,0
2026-08-10;0,0;2,3;11,1;6,604166666666667;72,875;979,4458333333333;2,5416666666666665;15,71;B823;4314506;Pinheiro Machado;-31,57472221;-53,38833333;419,0
2026-08-11;0,0;2,8;12,5;7,2124999999999995;85,625;979,2208333333333;3,3625000000000003;11,13;B823;4314506;Pinheiro Machado;-31,57472221;-53,38833333;419,0
2026-08-12;12,8;8,5;11,6;9,879166666666666;98,95833333333333;970,6125000000001;3,920833333333333;2,46;B823;4314506;Pinheiro Machado;-31,57472221;-53,38833333;419,0
2026-08-13;7,0;8,1;11,4;9,204166666666667;99,79166666666667;969,5083333333333;4,179166666666666;1,27;B823;4314506;Pinheiro Machado;-31,57472221;-53,38833333;419,0
2026-08-14;1,4000000000000001;8,5;13,3;10,829166666666666;99,08333333333333;972,5958333333333;3,9416666666666664;6,01;B823;4314506;Pinheiro Machado;-31,57472221;-53,38833333;419,0
2026-08-15;0,4;11,8;17,7;14,204166666666666;96,54166666666667;969,1875;4,091666666666667;6,25;B823;4314506;Pinheiro Machado;-31,57472221;-53,38833333;419,0
2026-08-16;80,4;15,0;17,4;16,404166666666665;99,91666666666667;964,5166666666668;2,3333333333333335;1,05;B823;4314506;Pinheiro Machado;-31,57472221;-53,38833333;419,0
2026-08-17;12,700000000000001;16,2;19,0;17,083333333333332;99,08333333333333;963,7624999999999;2,558333333333333;1,32;B823;4314506;Pinheiro Machado;-31,57472221;-53,38833333;419,0
2026-08-18;36,1;12,9;19,6;16,325;98,91666666666667;966,1625;2,4541666666666666;4,71;B823;4314506;Pinheiro Machado;-31,57472221;-53,38833333;419,0
2026-08-19;9,7;11,0;12,9;11,808333333333332;100,0;970,5333333333333;2,908333333333333;3,0;B823;4314506;Pinheiro Machado;-31,57472221;-53,38833333;419,0
2026-08-20;9,3;11,6;11,8;11,6;100,0;970,5;2,7;0,0;B823;4314506;Pinheiro Machado;-31,57472221;-53,38833333;419,0
2026-08-21;0,0;;;;;;;0,0;B823;4314506;Pinheiro Machado;-31,57472221;-53,38833333;419,0
2026-08-22;0,0;;;;;;;0,0;B823;4314506;Pinheiro Machado;-31,57472221;-53,38833333;419,0
2026-08-23;0,0;;;;;;;0,0;B823;4314506;Pinheiro Machado;-31,57472221;-53,38833333;419,0
2026-08-24;0,0;;;;;;;0,0;B823;4314506;Pinheiro Machado;-31,57472221;-53,38833333;419,0
2026-08-25;0,0;;;;;;;0,0;B823;4314506;Pinheiro Machado;-31,57472221;-53,38833333;419,0
2026-08-26;0,0;;;;;;;0,0;B823;4314506;Pinheiro Machado;-31,57472221;-53,38833333;419,0
2026-08-27;0,0;;;;;;;0,0;B823;4314506;Pinheiro Machado;-31,57472221;-53,38833333;419,0
2026-08-28;0,0;;;;;;;0,0;B823;4314506;Pinheiro Machado;-31,57472221;-53,38833333;419,0
2026-08-29;0,0;;;;;;;0,0;B823;4314506;Pinheiro Machado;-31,57472221;-53,38833333;419,0
2026-08-30;0,0;;;;;;;0,0;B823;4314506;Pinheiro Machado;-31,57472221;-53,38833333;419,0
2026-08-31;0,0;;;;;;;0,0;B823;4314506;Pinheiro Machado;-31,57472221;-53,38833333;419,0
2026-01-01;0,2;19,2;32,9;23,875;73,83333333333333;968,5291666666667;4,0625;29,81;B826;4309605;Herval;-32,01277777;-53,40305555;331,0
2026-01-02;0,2;16,1;27,3;21,65416666666667;77,125;967,625;3,4916666666666667;28,26;B826;4309605;Herval;-32,01277777;-53,40305555;331,0
2026-01-03;0,0;14,6;20,1;17,516666666666666;71,58333333333333;968,7916666666666;4,220833333333333;31,2;B826;4309605;Herval;-32,01277777;-53,40305555;331,0
2026-01-04;0,0;9,4;20,9;15,016666666666666;61,875;976,8708333333334;3,7708333333333335;28,01;B826;4309605;Herval;-32,01277777;-53,40305555;331,0
2026-01-05;0,0;9,7;24,1;16,5125;64,04166666666667;979,0875;2,9;32,71;B826;4309605;Herval;-32,01277777;-53,40305555;331,0
2026-01-06;0,0;13,2;28,6;20,220833333333335;69,20833333333333;975,5708333333333;3,6958333333333333;33,43;B826;4309605;Herval;-32,01277777;-53,40305555;331,0
2026-01-07;1,2;18,1;29,0;21,849999999999998;76,45833333333333;972,7624999999999;3,2875;13,37;B826;4309605;Herval;-32,01277777;-53,40305555;331,0
2026-01-08;0,6000000000000001;16,4;22,1;18,543478260869566;92,43478260869566;977,0347826086957;6,091304347826087;16,89;B826;4309605;Herval;-32,01277777;-53,40305555;331,0
2026-01-09;7,799999999999999;17,9;20,1;18,745833333333334;97,5;976,5958333333333;7,995833333333334;3,99;B826;4309605;Herval;-32,01277777;-53,40305555;331,0
2026-01-10;14,700000000000001;20,0;26,2;22,079166666666666;88,83333333333333;968,8625000000001;6,883333333333333;15,05;B826;4309605;Herval;-32,01277777;-53,40305555;331,0
2026-01-11;11,0;14,6;23,7;17,934782608695652;93,43478260869566;967,9130434782609;6,165217391304348;13,35;B826;4309605;Herval;-32,01277777;-53,40305555;331,0
2026-01-12;0,2;17,8;25,7;20,666666666666668;86,54166666666667;972,4166666666666;2,4499999999999997;19,82;B826;4309605;Herval;-32,01277777;-53,40305555;331,0
2026-01-13;0,0;18,3;27,8;22,117391304347827;85,21739130434783;973,4782608695652;2,61304347826087;18,58;B826;4309605;Herval;-32,01277777;-53,40305555;331,0
2026-01-14;0,0;19,5;30,5;23,925;82,33333333333333;974,0833333333334;3,0416666666666665;26,03;B826;4309605;Herval;-32,01277777;-53,40305555;331,0
2026-01-15;0,0;21,6;32,7;26,354166666666668;73,79166666666667;972,5958333333333;4,5249999999999995;29,17;B826;4309605;Herval;-32,01277777;-53,40305555;331,0
2026-01-16;23,0;19,9;26,6;23,474999999999998;76,95833333333333;973,9583333333334;4,175;11,56;B826;4309605;Herval;-32,01277777;-53,40305555;331,0
2026-01-17;0,0;16,8;26,9;21,366666666666664;85,41666666666667;973,9875000000001;3,15;20,75;B826;4309605;Herval;-32,01277777;-53,40305555;331,0
2026-01-18;20,6;14,7;27,8;22,004166666666666;85,95833333333333;971,8041666666667;4,116666666666666;25,15;B826;4309605;Herval;-32,01277777;-53,40305555;331,0
2026-01-19;0,0;12,2;21,7;16,766666666666666;70,91666666666667;978,7708333333334;6,5249999999999995;23,67;B826;4309605;Herval;-32,01277777;-53,40305555;331,0
2026-01-20;0,0;13,0;22,6;17,273913043478263;72,45454545454545;979,1043478260871;3,595652173913044;23,04;B826;4309605;Herval;-32,01277777;-53,40305555;331,0
2026-01-21;0,0;12,0;24,4;18,004166666666666;71,875;978,6;4,979166666666667;31,77;B826;4309605;Herval;-32,01277777;-53,40305555;331,0
2026-01-22;0,0;13,5;27,4;19,683333333333334;76,78260869565217;978,3416666666667;4,8374999999999995;28,53;B826;4309605;Herval;-32,01277777;-53,40305555;331,0
2026-01-23;0,0;15,9;26,5;20,920833333333334;75,91666666666667;979,5124999999999;5,766666666666667;29,82;B826;4309605;Herval;-32,01277777;-53,40305555;331,0
2026-01-24;0,0;13,6;28,2;20,7125;77,91666666666667;978,6166666666667;4,858333333333333;32,4;B826;4309605;Herval;-32,01277777;-53,40305555;331,0
2026-01-25;0,0;18,0;29,5;22,8625;78,0;978,4875000000001;4,7749999999999995;31,38;B826;4309605;Herval;-32,01277777;-53,40305555;331,0
2026-01-26;0,0;18,7;31,5;24,258333333333336;78,875;977,625;4,816666666666666;27,43;B826;4309605;Herval;-32,01277777;-53,40305555;331,0
2026-01-27;2,2;20,3;34,4;25,754166666666666;70,66666666666667;976,6750000000001;2,904166666666667;26,79;B826;4309605;Herval;-32,01277777;-53,40305555;331,0
2026-01-28;0,0;20,4;31,0;24,22083333333333;84,625;976,1125000000001;4,0249999999999995;27,34;B826;4309605;Herval;-32,01277777;-53,40305555;331,0
2026-01-29;0,0;21,5;28,9;24,058333333333334;85,125;975,9333333333334;4,9875;23,48;B826;4309605;Herval;-32,01277777;-53,40305555;331,0
2026-01-30;0,0;20,0;26,3;21,708695652173912;90,56521739130434;975,4739130434783;5,078260869565217;14,52;B826;4309605;Herval;-32,01277777;-53,40305555;331,0
2026-01-31;2,4;17,5;24,5;19,882608695652173;89,56521739130434;972,4130434782609;3,9391304347826086;15,24;B826;4309605;Herval;-32,01277777;-53,40305555;331,0
2026-02-01;0,0;17,3;26,8;20,966666666666665;81,16666666666667;969,5791666666668;3,4875000000000003;26,16;B826;4309605;Herval;-32,01277777;-53,40305555;331,0
2026-02-02;0,0;15,9;29,1;22,075;75,58333333333333;970,85;2,5541666666666667;28,93;B826;4309605;Herval;-32,01277777;-53,40305555;331,0
2026-02-03;0,0;19,1;31,1;24,479166666666668;69,58333333333333;970,1583333333333;2,4833333333333334;27,81;B826;4309605;Herval;-32,01277777;-53,40305555;331,0
2026-02-04;0,0;21,4;32,9;26,141666666666666;62,291666666666664;971,9916666666667;2,9875000000000003;21,78;B826;4309605;Herval;-32,01277777;-53,40305555;331,0
2026-02-05;0,0;20,2;34,9;26,46666666666667;65,79166666666667;973,6374999999999;2,654166666666667;28,44;B826;4309605;Herval;-32,01277777;-53,40305555;331,0
2026-02-06;0,0;20,1;25,3;22,616666666666664;86,91666666666667;974,1708333333332;4,1625000000000005;11,75;B826;4309605;Herval;-32,01277777;-53,40305555;331,0
2026-02-07;0,0;15,8;27,2;21,004166666666666;66,625;977,2791666666667;4,4624999999999995;31,62;B826;4309605;Herval;-32,01277777;-53,40305555;331,0
2026-02-08;0,0;15,4;28,0;21,116666666666667;63,125;977,4458333333333;3,720833333333333;30,53;B826;4309605;Herval;-32,01277777;-53,40305555;331,0
2026-02-09;0,0;15,6;29,4;21,925;75,5;974,5166666666668;5,120833333333333;27,77;B826;4309605;Herval;-32,01277777;-53,40305555;331,0
2026-02-10;0,0;20,0;33,0;25,133333333333336;77,5;971,2541666666666;2,725;20,94;B826;4309605;Herval;-32,01277777;-53,40305555;331,0
2026-02-11;0,0;22,1;34,7;27,675;65,25;970,3833333333333;3,516666666666667;24,25;B826;4309605;Herval;-32,01277777;-53,40305555;331,0
2026-02-12;30,4;17,0;24,0;20,504166666666666;95,95833333333333;973,2833333333333;5,3999999999999995;3,54;B826;4309605;Herval;-32,01277777;-53,40305555;331,0
2026-02-13;0,2;17,1;26,2;20,945833333333333;86,125;977,6833333333334;4,391666666666667;25,78;B826;4309605;Herval;-32,01277777;-53,40305555;331,0
2026-02-14;0,0;15,1;25,4;19,650000000000002;78,95833333333333;981,3708333333334;5,866666666666667;24,52;B826;4309605;Herval;-32,01277777;-53,40305555;331,0
2026-02-15;0,6;17,2;30,3;22,0125;84,33333333333333;976,5583333333334;5,3125;22,23;B826;4309605;Herval;-32,01277777;-53,40305555;331,0
2026-02-16;0,4;20,7;28,1;23,4875;85,91666666666667;974,2875;3,391666666666667;23,24;B826;4309605;Herval;-32,01277777;-53,40305555;331,0
2026-02-17;0,0;19,1;28,4;22,90416666666667;84,0;975,0375;3,3499999999999996;25,79;B826;4309605;Herval;-32,01277777;-53,40305555;331,0
2026-02-18;0,0;18,6;28,7;22,6875;81,95833333333333;975,3833333333333;3,6041666666666665;27,65;B826;4309605;Herval;-32,01277777;-53,40305555;331,0
2026-02-19;0,0;18,6;26,1;21,579166666666666;87,45833333333333;973,1333333333333;3,275;11,57;B826;4309605;Herval;-32,01277777;-53,40305555;331,0
2026-02-20;54,699999999999996;17,1;26,4;20,908333333333335;86,875;974,9833333333332;4,629166666666667;22,51;B826;4309605;Herval;-32,01277777;-53,40305555;331,0
2026-02-21;0,8;18,9;26,3;21,3;89,625;978,3666666666667;5,1875;18,93;B826;4309605;Herval;-32,01277777;-53,40305555;331,0
2026-02-22;0,0;18,0;27,6;21,754166666666666;85,54166666666667;978,6916666666666;6,241666666666667;24,79;B826;4309605;Herval;-32,01277777;-53,40305555;331,0
2026-02-23;0,0;18,7;27,5;22,083333333333332;84,54166666666667;975,2375000000001;6,483333333333333;19,03;B826;4309605;Herval;-32,01277777;-53,40305555;331,0
2026-02-24;0,4;19,6;27,4;22,5125;89,29166666666667;970,1999999999999;3,7624999999999997;12,49;B826;4309605;Herval;-32,01277777;-53,40305555;331,0
2026-02-25;3,8000000000000003;17,0;23,3;19,941666666666666;88,0;971,0875;4,325;17,23;B826;4309605;Herval;-32,01277777;-53,40305555;331,0
2026-02-26;0,0;13,7;21,2;16,875;78,29166666666667;973,875;4,095833333333333;21,16;B826;4309605;Herval;-32,01277777;-53,40305555;331,0
2026-02-27;0,0;11,9;23,2;16,991666666666667;76,5;975,0875;3,1125000000000003;28,46;B826;4309605;Herval;-32,01277777;-53,40305555;331,0
2026-02-28;0,0;13,2;25,5;18,479166666666668;77,875;975,8666666666667;4,316666666666666;24,69;B826;4309605;Herval;-32,01277777;-53,40305555;331,0
2026-03-01;0,0;13,6;26,0;19,045833333333334;80,04166666666667;976,6541666666667;4,6499999999999995;23,58;B826;4309605;Herval;-32,01277777;-53,40305555;331,0
2026-03-02;0,0;13,9;26,7;19,595833333333335;79,08333333333333;974,15;5,8999999999999995;27,17;B826;4309605;Herval;-32,01277777;-53,40305555;331,0
2026-03-03;0,0;17,9;30,2;22,495833333333334;81,29166666666667;972,9291666666667;5,6375;23,94;B826;4309605;Herval;-32,01277777;-53,40305555;331,0
2026-03-04;4,4;19,4;25,8;21,391666666666666;87,70833333333333;973,7791666666667;3,9291666666666667;11,0;B826;4309605;Herval;-32,01277777;-53,40305555;331,0
2026-03-05;0,0;19,8;26,3;22,047826086956523;88,47826086956522;976,4391304347826;5,891304347826087;19,01;B826;4309605;Herval;-32,01277777;-53,40305555;331,0
2026-03-06;0,0;19,4;26,4;21,7;90,70833333333333;976,4916666666667;6,033333333333334;17,77;B826;4309605;Herval;-32,01277777;-53,40305555;331,0
2026-03-07;7,6000000000000005;17,7;23,3;20,133333333333333;94,375;973,275;5,875;11,66;B826;4309605;Herval;-32,01277777;-53,40305555;331,0
2026-03-08;1,2000000000000002;16,9;23,1;19,25;86,79166666666667;976,7375000000001;6,3999999999999995;16,69;B826;4309605;Herval;-32,01277777;-53,40305555;331,0
2026-03-09;0,0;13,9;23,2;17,783333333333335;79,41666666666667;980,3166666666666;6,433333333333334;21,48;B826;4309605;Herval;-32,01277777;-53,40305555;331,0
2026-03-10;1,0;15,0;18,6;17,054166666666667;93,08333333333333;980,3791666666666;6,6625000000000005;7,48;B826;4309605;Herval;-32,01277777;-53,40305555;331,0
2026-03-11;2,6;16,4;25,5;19,670833333333334;93,58333333333333;977,4541666666668;5,016666666666667;16,28;B826;4309605;Herval;-32,01277777;-53,40305555;331,0
2026-03-12;0,6000000000000001;16,9;23,8;19,64166666666667;90,5;975,8708333333334;5,2625;17,73;B826;4309605;Herval;-32,01277777;-53,40305555;331,0
2026-03-13;0,0;16,1;25,0;19,541666666666668;88,70833333333333;974,6875;4,370833333333334;19,99;B826;4309605;Herval;-32,01277777;-53,40305555;331,0
2026-03-14;0,0;16,3;25,5;20,129166666666666;85,66666666666667;972,6041666666666;2,9125;19,38;B826;4309605;Herval;-32,01277777;-53,40305555;331,0
2026-03-15;0,0;16,5;28,5;21,787499999999998;80,875;971,2458333333334;2,795833333333333;23,61;B826;4309605;Herval;-32,01277777;-53,40305555;331,0
2026-03-16;0,0;18,6;31,0;23,59583333333333;84,75;972,8083333333334;4,2749999999999995;22,73;B826;4309605;Herval;-32,01277777;-53,40305555;331,0
2026-03-17;0,8;21,6;27,3;23,379166666666666;92,95833333333333;972,6208333333334;4,454166666666667;9,06;B826;4309605;Herval;-32,01277777;-53,40305555;331,0
2026-03-18;0,6000000000000001;20,1;23,7;21,84583333333333;95,54166666666667;972,8083333333334;4,370833333333334;6,85;B826;4309605;Herval;-32,01277777;-53,40305555;331,0
2026-03-19;0,6000000000000001;17,7;26,0;20,604166666666668;87,375;973,9958333333334;4,941666666666666;18,99;B826;4309605;Herval;-32,01277777;-53,40305555;331,0
2026-03-20;0,0;17,9;28,2;21,77916666666667;86,66666666666667;972,7083333333334;4,933333333333334;20,2;B826;4309605;Herval;-32,01277777;-53,40305555;331,0
2026-03-21;19,400000000000002;19,2;31,1;22,8;86,375;969,1166666666667;5,666666666666667;11,33;B826;4309605;Herval;-32,01277777;-53,40305555;331,0
2026-03-22;0,0;14,2;23,1;19,1375;85,25;973,9291666666667;4,8125;23,76;B826;4309605;Herval;-32,01277777;-53,40305555;331,0
2026-03-23;28,2;17,3;20,1;18,791666666666668;98,54166666666667;971,5166666666668;4,9125000000000005;2,71;B826;4309605;Herval;-32,01277777;-53,40305555;331,0
2026-03-24;0,6000000000000001;13,3;21,7;17,479166666666668;75,95833333333333;973,6374999999999;2,858333333333333;24,7;B826;4309605;Herval;-32,01277777;-53,40305555;331,0
2026-03-25;0,0;11,3;23,5;16,720833333333335;79,91666666666667;977,0083333333333;3,5208333333333335;21,76;B826;4309605;Herval;-32,01277777;-53,40305555;331,0
2026-03-26;0,2;15,5;22,9;18,5375;96,16666666666667;978,5375;4,1625000000000005;8,61;B826;4309605;Herval;-32,01277777;-53,40305555;331,0
2026-03-27;0,2;19,5;29,5;22,879166666666666;91,29166666666667;978,2833333333333;3,2624999999999997;17,0;B826;4309605;Herval;-32,01277777;-53,40305555;331,0
2026-03-28;0,0;21,1;28,6;23,891666666666666;95,375;979,3291666666668;3,5416666666666665;13,77;B826;4309605;Herval;-32,01277777;-53,40305555;331,0
2026-03-29;9,0;20,5;30,0;24,133333333333336;91,54166666666667;979,5291666666667;3,7125;15,3;B826;4309605;Herval;-32,01277777;-53,40305555;331,0
2026-03-30;1,6;21,7;26,9;23,12173913043478;95,95652173913044;978,5260869565217;3,743478260869565;8,1;B826;4309605;Herval;-32,01277777;-53,40305555;331,0
2026-03-31;0,0;20,4;28,2;23,317391304347826;85,8695652173913;975,8782608695652;5,413043478260869;21,15;B826;4309605;Herval;-32,01277777;-53,40305555;331,0
2026-04-01;0,0;16,5;27,1;21,566666666666666;84,16666666666667;973,5958333333333;4,075;21,53;B826;4309605;Herval;-32,01277777;-53,40305555;331,0
2026-04-02;0,0;16,1;26,7;21,116666666666667;87,5;973,6041666666666;2,7583333333333333;20,61;B826;4309605;Herval;-32,01277777;-53,40305555;331,0
2026-04-03;0,2;18,4;27,8;22,0625;84,91666666666667;975,3916666666668;2,225;19,63;B826;4309605;Herval;-32,01277777;-53,40305555;331,0
2026-04-04;0,8;14,1;24,3;18,954166666666666;95,70833333333333;977,0041666666666;3,795833333333333;6,47;B826;4309605;Herval;-32,01277777;-53,40305555;331,0
2026-04-05;0,0;12,5;20,7;15,366666666666667;75,95833333333333;982,3541666666666;6,675;15,0;B826;4309605;Herval;-32,01277777;-53,40305555;331,0
2026-04-06;0,6000000000000001;14,2;20,1;17,0625;86,58333333333333;979,4250000000001;6,358333333333333;5,84;B826;4309605;Herval;-32,01277777;-53,40305555;331,0
2026-04-07;15,299999999999999;18,9;22,2;20,133333333333333;97,45833333333333;970,7791666666667;4,658333333333333;3,46;B826;4309605;Herval;-32,01277777;-53,40305555;331,0
2026-04-08;18,3;16,2;21,3;18,020833333333332;95,04166666666667;967,0041666666666;8,375;10,08;B826;4309605;Herval;-32,01277777;-53,40305555;331,0
2026-04-09;0,2;13,2;20,5;16,054166666666667;88,41666666666667;976,7958333333332;3,016666666666667;13,61;B826;4309605;Herval;-32,01277777;-53,40305555;331,0
2026-04-10;0,0;11,0;20,7;15,670833333333334;77,83333333333333;980,625;2,595833333333333;19,71;B826;4309605;Herval;-32,01277777;-53,40305555;331,0
2026-04-11;0,0;11,0;23,9;16,595833333333335;83,0;980,35;3,908333333333333;19,97;B826;4309605;Herval;-32,01277777;-53,40305555;331,0
2026-04-12;5,4;17,4;21,5;19,2;95,0;977,9291666666667;3,875;5,24;B826;4309605;Herval;-32,01277777;-53,40305555;331,0
2026-04-13;0,2;17,8;23,6;19,55;93,58333333333333;978,9416666666666;3,4;12,62;B826;4309605;Herval;-32,01277777;-53,40305555;331,0
2026-04-14;0,0;17,7;26,6;20,7125;90,29166666666667;977,4916666666667;5,679166666666667;15,92;B826;4309605;Herval;-32,01277777;-53,40305555;331,0
2026-04-15;0,0;19,5;24,9;21,420833333333334;88,25;974,7458333333334;6,966666666666666;9,92;B826;4309605;Herval;-32,01277777;-53,40305555;331,0
2026-04-16;7,3999999999999995;19,1;23,3;20,25;95,625;970,0083333333333;5,195833333333334;6,74;B826;4309605;Herval;-32,01277777;-53,40305555;331,0
2026-04-17;4,2;17,6;21,0;19,05;97,66666666666667;967,3208333333333;6,358333333333333;5,44;B826;4309605;Herval;-32,01277777;-53,40305555;331,0
2026-04-18;0,0;14,4;24,0;18,208333333333332;87,79166666666667;970,8333333333334;4,741666666666666;17,91;B826;4309605;Herval;-32,01277777;-53,40305555;331,0
2026-04-19;0,0;16,2;26,1;20,691666666666666;72,875;974,4250000000001;2,2041666666666666;18,41;B826;4309605;Herval;-32,01277777;-53,40305555;331,0
2026-04-20;0,0;13,2;22,7;17,970833333333335;85,66666666666667;977,0541666666667;4,145833333333333;11,46;B826;4309605;Herval;-32,01277777;-53,40305555;331,0
2026-04-21;1,2;17,8;22,7;19,391666666666666;96,0;977,4875000000001;3,5749999999999997;5,92;B826;4309605;Herval;-32,01277777;-53,40305555;331,0
2026-04-22;0,2;17,2;23,2;19,554166666666667;91,625;977,1208333333334;3,279166666666667;8,6;B826;4309605;Herval;-32,01277777;-53,40305555;331,0
2026-04-23;0,0;12,0;18,1;15,270833333333334;87,66666666666667;981,1083333333332;3,158333333333333;8,6;B826;4309605;Herval;-32,01277777;-53,40305555;331,0
2026-04-24;0,0;14,0;21,2;16,9875;90,16666666666667;979,5041666666666;3,9499999999999997;9,59;B826;4309605;Herval;-32,01277777;-53,40305555;331,0
2026-04-25;0,0;15,3;22,6;17,816666666666666;91,0;975,3083333333334;2,533333333333333;9,71;B826;4309605;Herval;-32,01277777;-53,40305555;331,0
2026-04-26;0,0;14,0;22,3;17,645833333333332;85,625;970,8958333333334;4,645833333333333;15,15;B826;4309605;Herval;-32,01277777;-53,40305555;331,0
2026-04-27;0,0;5,1;16,4;9,862499999999999;71,45833333333333;973,9541666666665;8,054166666666667;15,1;B826;4309605;Herval;-32,01277777;-53,40305555;331,0
2026-04-28;0,0;5,9;16,9;10,358333333333333;75,29166666666667;977,9666666666667;3,329166666666667;17,37;B826;4309605;Herval;-32,01277777;-53,40305555;331,0
2026-04-29;0,0;7,6;22,1;13,795833333333334;58,375;974,7916666666666;2,8375;16,69;B826;4309605;Herval;-32,01277777;-53,40305555;331,0
2026-04-30;0,0;11,6;24,3;17,09090909090909;59,18181818181818;977,3590909090909;2,1045454545454545;14,59;B826;4309605;Herval;-32,01277777;-53,40305555;331,0
2026-05-01;12,299999999999999;11,9;17,9;14,6875;90,29166666666667;975,0333333333333;3,858333333333333;2,28;B826;4309605;Herval;-32,01277777;-53,40305555;331,0
2026-05-02;3,0;10,4;18,5;15,695833333333333;82,875;977,1833333333334;4,158333333333333;12,47;B826;4309605;Herval;-32,01277777;-53,40305555;331,0
2026-05-03;0,0;6,9;16,8;10,658333333333333;65,95833333333333;983,6999999999999;2,8666666666666667;17,07;B826;4309605;Herval;-32,01277777;-53,40305555;331,0
2026-05-04;0,0;6,2;22,6;13,533333333333333;75,91666666666667;976,6916666666666;2,6958333333333333;15,45;B826;4309605;Herval;-32,01277777;-53,40305555;331,0
2026-05-05;0,0;14,2;27,4;19,495833333333334;90,58333333333333;976,4333333333334;3,0666666666666664;9,4;B826;4309605;Herval;-32,01277777;-53,40305555;331,0
2026-05-06;19,999999999999996;18,2;29,4;22,766666666666666;84,16666666666667;975,8916666666668;3,7624999999999997;13,46;B826;4309605;Herval;-32,01277777;-53,40305555;331,0
2026-05-07;20,700000000000003;15,9;26,4;22,09583333333333;80,875;965,25;5,720833333333334;1,97;B826;4309605;Herval;-32,01277777;-53,40305555;331,0
2026-05-08;28,599999999999998;8,6;17,0;11,299999999999999;81,375;963,6208333333334;10,595833333333333;10,96;B826;4309605;Herval;-32,01277777;-53,40305555;331,0
2026-05-09;0,8;4,6;9,8;7,383333333333334;76,58333333333333;972,875;7,904166666666666;8,56;B826;4309605;Herval;-32,01277777;-53,40305555;331,0
2026-05-10;2,2;5,8;7,9;7,1;99,54545454545455;979,3545454545455;7,145454545454545;0,0;B826;4309605;Herval;-32,01277777;-53,40305555;331,0
2026-05-11;0,0;2,7;13,8;7,817391304347827;78,52173913043478;979,9130434782609;5,882608695652174;15,89;B826;4309605;Herval;-32,01277777;-53,40305555;331,0
2026-05-12;0,0;5,1;17,0;10,65;71,54166666666667;977,5083333333333;6,958333333333333;15,52;B826;4309605;Herval;-32,01277777;-53,40305555;331,0
2026-05-13;0,0;9,9;12,4;10,9125;77,875;975,95;5,85;0,0;B826;4309605;Herval;-32,01277777;-53,40305555;331,0
2026-05-14;0,0;6,2;13,3;10,195652173913043;77,34782608695652;979,1608695652175;2,917391304347826;10,82;B826;4309605;Herval;-32,01277777;-53,40305555;331,0
2026-05-15;0,0;5,4;15,1;9,269565217391303;87,69565217391305;980,8086956521738;2,630434782608696;13,41;B826;4309605;Herval;-32,01277777;-53,40305555;331,0
2026-05-16;0,2;5,9;14,8;10,116666666666667;91,08333333333333;977,6458333333334;2,8791666666666664;7,77;B826;4309605;Herval;-32,01277777;-53,40305555;331,0
2026-05-17;0,0;9,3;15,1;11,0375;92,375;978,9125;4,7375;6,84;B826;4309605;Herval;-32,01277777;-53,40305555;331,0
2026-05-18;0,0;5,9;13,8;8,9625;78,41666666666667;983,7791666666667;2,9875000000000003;12,17;B826;4309605;Herval;-32,01277777;-53,40305555;331,0
2026-05-19;0,0;3,7;13,6;8,1875;76,20833333333333;983,0583333333334;3,483333333333333;15,04;B826;4309605;Herval;-32,01277777;-53,40305555;331,0
2026-05-20;0,0;4,0;14,9;8,991304347826087;77,73913043478261;982,4869565217392;3,9826086956521736;12,87;B826;4309605;Herval;-32,01277777;-53,40305555;331,0
2026-05-21;0,2;5,1;11,0;8,216666666666667;78,29166666666667;986,7333333333332;2,5541666666666667;9,38;B826;4309605;Herval;-32,01277777;-53,40305555;331,0
2026-05-22;0,0;6,0;12,8;8,625;88,95833333333333;988,0708333333333;3,9958333333333336;8,32;B826;4309605;Herval;-32,01277777;-53,40305555;331,0
2026-05-23;2,0;9,3;13,8;10,891666666666666;99,70833333333333;986,5958333333333;4,991666666666666;5,42;B826;4309605;Herval;-32,01277777;-53,40305555;331,0
2026-05-24;0,0;10,7;18,9;12,970833333333333;94,29166666666667;983,9250000000001;4,066666666666666;8,91;B826;4309605;Herval;-32,01277777;-53,40305555;331,0
2026-05-25;0,8;9,3;18,0;13,174999999999999;95,04166666666667;981,6708333333332;4,079166666666667;7,67;B826;4309605;Herval;-32,01277777;-53,40305555;331,0
2026-05-26;4,6000000000000005;13,1;16,1;14,133333333333333;99,5;980,8041666666667;3,6333333333333333;5,29;B826;4309605;Herval;-32,01277777;-53,40305555;331,0
2026-05-27;0,2;11,0;15,7;12,795833333333334;96,66666666666667;983,7125;3,204166666666667;6,88;B826;4309605;Herval;-32,01277777;-53,40305555;331,0
2026-05-28;0,0;10,6;14,6;12,120833333333332;92,25;983,2416666666667;3,125;5,17;B826;4309605;Herval;-32,01277777;-53,40305555;331,0
2026-05-29;0,0;10,1;15,7;12,325000000000001;94,91666666666667;983,1916666666666;4,654166666666667;4,75;B826;4309605;Herval;-32,01277777;-53,40305555;331,0
2026-05-30;0,0;12,5;18,8;14,479166666666666;92,20833333333333;982,6;3,225;7,89;B826;4309605;Herval;-32,01277777;-53,40305555;331,0
2026-05-31;0,2;11,9;15,9;13,625;94,75;981,6125000000001;1,9541666666666666;8,05;B826;4309605;Herval;-32,01277777;-53,40305555;331,0
2026-06-01;0,0;9,5;14,6;11,430434782608694;90,65217391304348;983,4217391304348;3,395652173913043;6,91;B826;4309605;Herval;-32,01277777;-53,40305555;331,0
2026-06-02;0,8;10,2;16,1;12,387500000000001;92,79166666666667;986,4625;4,916666666666667;7,86;B826;4309605;Herval;-32,01277777;-53,40305555;331,0
2026-06-03;0,4;11,8;18,0;13,979166666666666;96,25;986,4541666666668;5,066666666666666;5,67;B826;4309605;Herval;-32,01277777;-53,40305555;331,0
2026-06-04;0,0;11,5;21,6;15,395833333333334;90,70833333333333;986,7708333333334;4,0;11,96;B826;4309605;Herval;-32,01277777;-53,40305555;331,0
2026-06-05;0,0;11,6;21,9;15,829166666666666;88,04166666666667;983,3583333333332;1,8875;11,39;B826;4309605;Herval;-32,01277777;-53,40305555;331,0
2026-06-06;0,0;12,0;19,9;15,095833333333333;94,25;979,275;2,254166666666667;8,33;B826;4309605;Herval;-32,01277777;-53,40305555;331,0
2026-06-07;1,4000000000000001;11,9;17,1;13,5875;96,0;979,1041666666666;4,5625;6,59;B826;4309605;Herval;-32,01277777;-53,40305555;331,0
2026-06-08;16,2;10,6;13,4;12,262500000000001;99,54166666666667;979,2125;5,6625000000000005;2,74;B826;4309605;Herval;-32,01277777;-53,40305555;331,0
2026-06-09;2,6;10,2;15,3;11,645833333333334;93,04166666666667;978,5166666666668;3,483333333333333;8,01;B826;4309605;Herval;-32,01277777;-53,40305555;331,0
2026-06-10;0,2;5,4;14,1;9,704166666666667;96,0;977,8041666666667;2,6166666666666667;9,3;B826;4309605;Herval;-32,01277777;-53,40305555;331,0
2026-06-11;0,6000000000000001;7,6;13,3;10,733333333333334;97,70833333333333;977,4666666666667;2,9291666666666667;3,96;B826;4309605;Herval;-32,01277777;-53,40305555;331,0
2026-06-12;24,4;11,7;13,0;12,129166666666668;99,29166666666667;974,0708333333333;5,770833333333333;2,67;B826;4309605;Herval;-32,01277777;-53,40305555;331,0
2026-06-13;0,0;9,1;15,7;11,858333333333334;95,16666666666667;976,8166666666666;3,3166666666666664;5,95;B826;4309605;Herval;-32,01277777;-53,40305555;331,0
2026-06-14;0,6000000000000001;6,7;10,7;8,866666666666667;88,375;979,7916666666666;3,9166666666666665;8,79;B826;4309605;Herval;-32,01277777;-53,40305555;331,0
2026-06-15;0,0;3,5;10,1;6,465217391304347;72,26086956521739;982,6478260869566;2,6608695652173915;12,88;B826;4309605;Herval;-32,01277777;-53,40305555;331,0
2026-06-16;0,0;0,8;13,9;6,316666666666666;78,625;979,9083333333333;5,45;12,26;B826;4309605;Herval;-32,01277777;-53,40305555;331,0
2026-06-17;0,0;5,2;14,0;9,195833333333333;78,91666666666667;982,5708333333333;4,120833333333334;12,73;B826;4309605;Herval;-32,01277777;-53,40305555;331,0
2026-06-18;0,0;3,4;14,9;8,5625;88,75;982,1916666666666;5,145833333333333;8,04;B826;4309605;Herval;-32,01277777;-53,40305555;331,0
2026-06-19;6,6000000000000005;9,1;12,6;10,910526315789474;95,3157894736842;974,0;5,947368421052632;0,97;B826;4309605;Herval;-32,01277777;-53,40305555;331,0
2026-06-20;0,0;3,6;12,4;7,01304347826087;87,56521739130434;978,2545454545453;2,152173913043478;12,8;B826;4309605;Herval;-32,01277777;-53,40305555;331,0
2026-06-21;0,2;4,1;12,5;7,483333333333333;84,54166666666667;976,4958333333334;2,1458333333333335;8,5;B826;4309605;Herval;-32,01277777;-53,40305555;331,0
2026-06-22;2,0;5,6;9,0;7,383333333333333;94,04166666666667;974,3916666666668;3,0875;3,33;B826;4309605;Herval;-32,01277777;-53,40305555;331,0
2026-06-23;0,0;2,7;9,7;5,666666666666667;87,66666666666667;975,9916666666667;6,479166666666667;9,98;B826;4309605;Herval;-32,01277777;-53,40305555;331,0
2026-06-24;0,0;0,3;11,9;5,8374999999999995;77,125;977,8874999999999;4,0125;11,95;B826;4309605;Herval;-32,01277777;-53,40305555;331,0
2026-06-25;0,0;2,6;15,1;7,854166666666667;78,20833333333333;981,1208333333334;4,154166666666667;12,44;B826;4309605;Herval;-32,01277777;-53,40305555;331,0
2026-06-26;0,0;4,6;15,7;10,070833333333333;79,41666666666667;982,5041666666666;3,516666666666667;12,53;B826;4309605;Herval;-32,01277777;-53,40305555;331,0
2026-06-27;0,0;6,2;16,9;10,916666666666666;75,91666666666667;982,0083333333333;2,875;12,64;B826;4309605;Herval;-32,01277777;-53,40305555;331,0
2026-06-28;4,2;11,1;14,6;12,933333333333332;94,45833333333333;977,6875;3,595833333333333;2,49;B826;4309605;Herval;-32,01277777;-53,40305555;331,0
2026-06-29;0,0;4,8;12,2;8,183333333333334;91,75;980,0173913043479;2,7416666666666667;10,88;B826;4309605;Herval;-32,01277777;-53,40305555;331,0
2026-06-30;0,0;3,1;12,5;7,5375000000000005;83,25;979,85;3,1458333333333335;11,88;B826;4309605;Herval;-32,01277777;-53,40305555;331,0
2026-07-01;0,4;6,6;14,3;10,141666666666667;98,375;978,6708333333332;4,575;4,77;B826;4309605;Herval;-32,01277777;-53,40305555;331,0
2026-07-02;3,4000000000000004;4,7;11,3;7,491666666666667;93,5;984,2333333333332;6,004166666666666;3,66;B826;4309605;Herval;-32,01277777;-53,40305555;331,0
2026-07-03;0,0;-2,6;8,5;2,6333333333333333;87,20833333333333;986,3708333333334;3,933333333333333;7,61;B826;4309605;Herval;-32,01277777;-53,40305555;331,0
2026-07-04;0,4;5,5;8,7;6,779166666666666;99,08333333333333;985,7041666666668;2,4166666666666665;5,04;B826;4309605;Herval;-32,01277777;-53,40305555;331,0
2026-07-05;0,2;7,0;10,2;8,679166666666667;99,75;982,1750000000001;4,0249999999999995;3,97;B826;4309605;Herval;-32,01277777;-53,40305555;331,0
2026-07-06;0,4;5,0;10,1;7,945833333333333;93,52173913043478;978,8125;5,825;4,46;B826;4309605;Herval;-32,01277777;-53,40305555;331,0
2026-07-07;0,0;1,4;12,8;6,0874999999999995;77,45833333333333;979,4166666666666;6,370833333333334;13,36;B826;4309605;Herval;-32,01277777;-53,40305555;331,0
2026-07-08;0,0;5,2;16,0;9,620833333333334;72,45833333333333;979,5875;4,25;11,02;B826;4309605;Herval;-32,01277777;-53,40305555;331,0
2026-07-09;0,0;8,1;18,3;12,862499999999999;59,958333333333336;977,125;3,4125;8,31;B826;4309605;Herval;-32,01277777;-53,40305555;331,0
2026-07-10;0,0;9,6;17,0;12,950000000000001;76,20833333333333;975,7666666666668;3,85;11,62;B826;4309605;Herval;-32,01277777;-53,40305555;331,0
2026-07-11;0,0;11,0;13,0;12,025;98,83333333333333;975,025;4,666666666666667;3,85;B826;4309605;Herval;-32,01277777;-53,40305555;331,0
2026-07-12;0,8;7,2;11,8;9,674999999999999;96,83333333333333;977,7208333333333;4,0125;4,24;B826;4309605;Herval;-32,01277777;-53,40305555;331,0
2026-07-13;2,2;8,1;11,9;9,487499999999999;97,75;983,0666666666666;2,2333333333333334;5,89;B826;4309605;Herval;-32,01277777;-53,40305555;331,0
2026-07-14;0,0;7,1;18,1;11,383333333333333;84,20833333333333;982,1875;3,2583333333333333;13,64;B826;4309605;Herval;-32,01277777;-53,40305555;331,0
2026-07-15;7,5;8,1;20,8;13,616666666666667;75,45833333333333;977,8708333333334;3,7624999999999997;12,98;B826;4309605;Herval;-32,01277777;-53,40305555;331,0
2026-07-16;0,0;13,0;26,5;19,433333333333334;59,25;973,0375;4,645833333333333;9,27;B826;4309605;Herval;-32,01277777;-53,40305555;331,0
2026-07-17;0,0;21,2;28,0;24,391666666666666;57,25;965,9708333333333;7,566666666666666;8,69;B826;4309605;Herval;-32,01277777;-53,40305555;331,0
2026-07-18;17,3;16,2;25,3;20,804166666666667;81,79166666666667;965,0500000000001;5,6000000000000005;0,96;B826;4309605;Herval;-32,01277777;-53,40305555;331,0
2026-07-19;36,8;14,3;18,0;15,704166666666666;93,58333333333333;965,5916666666667;6,4375;1,09;B826;4309605;Herval;-32,01277777;-53,40305555;331,0
2026-07-20;44,2;14,6;16,2;15,6625;99,625;968,4416666666666;3,5208333333333335;1,24;B826;4309605;Herval;-32,01277777;-53,40305555;331,0
2026-07-21;0,8;14,2;16,7;15,179166666666667;100,0;969,2875;2,191666666666667;2,63;B826;4309605;Herval;-32,01277777;-53,40305555;331,0
2026-07-22;8,2;11,8;14,8;13,4125;98,875;973,8708333333334;6,391666666666667;4,88;B826;4309605;Herval;-32,01277777;-53,40305555;331,0
2026-07-23;1,0;10,0;14,9;11,637500000000001;93,20833333333333;981,0666666666666;5,479166666666667;8,76;B826;4309605;Herval;-32,01277777;-53,40305555;331,0
2026-07-24;0,0;8,3;15,7;11,795833333333334;95,375;980,4666666666667;4,983333333333333;7,36;B826;4309605;Herval;-32,01277777;-53,40305555;331,0
2026-07-25;0,0;9,8;17,1;13,75;96,5;979,1708333333332;2,441666666666667;11,05;B826;4309605;Herval;-32,01277777;-53,40305555;331,0
2026-07-26;0,0;14,0;17,2;15,033333333333333;98,75;977,1374999999999;2,5375;4,34;B826;4309605;Herval;-32,01277777;-53,40305555;331,0
2026-07-27;10,4;12,2;17,3;14,674999999999999;98,66666666666667;974,0666666666666;4,666666666666667;4,27;B826;4309605;Herval;-32,01277777;-53,40305555;331,0
2026-07-28;3,2;13,2;18,6;16,037499999999998;97,125;970,2875;3,6791666666666667;5,61;B826;4309605;Herval;-32,01277777;-53,40305555;331,0
2026-07-29;2,4;12,5;15,4;13,283333333333333;98,75;974,6708333333332;4,354166666666667;3,43;B826;4309605;Herval;-32,01277777;-53,40305555;331,0
2026-07-30;0,4;10,7;16,2;12,954166666666666;94,25;981,8041666666667;5,604166666666667;7,97;B826;4309605;Herval;-32,01277777;-53,40305555;331,0
2026-07-31;0,0;12,7;25,9;17,429166666666667;88,54166666666667;977,4375;6,3;14,01;B826;4309605;Herval;-32,01277777;-53,40305555;331,0
2026-08-01;15,2;13,8;22,1;18,216666666666665;84,0;971,0208333333334;5,379166666666666;1,89;B826;4309605;Herval;-32,01277777;-53,40305555;331,0
2026-08-02;1,6;13,1;15,6;14,029166666666667;97,83333333333333;978,1374999999999;3,1166666666666667;4,94;B826;4309605;Herval;-32,01277777;-53,40305555;331,0
2026-08-03;5,8;13,0;22,0;15,708333333333334;96,125;977,5583333333334;3,9;8,05;B826;4309605;Herval;-32,01277777;-53,40305555;331,0
2026-08-04;11,2;14,8;20,3;16,945833333333333;98,54166666666667;976,0291666666667;4,445833333333334;4,96;B826;4309605;Herval;-32,01277777;-53,40305555;331,0
2026-08-05;8,3;13,9;22,8;16,425;97,125;974,5208333333334;3,345833333333333;9,8;B826;4309605;Herval;-32,01277777;-53,40305555;331,0
2026-08-06;23,5;12,9;24,2;17,783333333333335;92,83333333333333;966,1999999999999;3,1374999999999997;10,3;B826;4309605;Herval;-32,01277777;-53,40305555;331,0
2026-08-07;3,8;5,8;13,8;8,870833333333334;85,0;969,1625;7,420833333333333;14,8;B826;4309605;Herval;-32,01277777;-53,40305555;331,0
2026-08-08;0,0;3,6;13,1;7,695833333333333;83,54166666666667;969,1541666666667;3,6833333333333336;9,62;B826;4309605;Herval;-32,01277777;-53,40305555;331,0
2026-08-09;0,0;2,1;13,4;7,8875;64,0;978,5916666666667;3,625;16,83;B826;4309605;Herval;-32,01277777;-53,40305555;331,0
2026-08-10;0,0;4,0;10,3;6,908333333333334;72,54166666666667;989,7875;4,308333333333334;14,98;B826;4309605;Herval;-32,01277777;-53,40305555;331,0
2026-08-11;0,0;3,0;13,3;7,266666666666667;88,125;989,7458333333334;5,708333333333333;11,72;B826;4309605;Herval;-32,01277777;-53,40305555;331,0
2026-08-12;5,2;8,5;11,7;9,6625;97,20833333333333;981,0458333333332;7,595833333333334;2,2;B826;4309605;Herval;-32,01277777;-53,40305555;331,0
2026-08-13;9,2;7,8;10,0;9,020833333333334;99,41666666666667;979,8125;8,7125;1,64;B826;4309605;Herval;-32,01277777;-53,40305555;331,0
2026-08-14;0,6000000000000001;7,7;13,9;11,112499999999999;96,5;983,0041666666666;7,983333333333333;6,91;B826;4309605;Herval;-32,01277777;-53,40305555;331,0
2026-08-15;0,2;12,2;16,9;14,116666666666667;96,91666666666667;979,5041666666666;7,833333333333333;6,74;B826;4309605;Herval;-32,01277777;-53,40305555;331,0
2026-08-16;45,2;15,1;17,7;16,279166666666665;99,83333333333333;974,0958333333333;5,6875;0,68;B826;4309605;Herval;-32,01277777;-53,40305555;331,0
2026-08-17;40,5;16,5;19,6;17,287499999999998;98,79166666666667;973,7333333333332;4,170833333333333;1,0;B826;4309605;Herval;-32,01277777;-53,40305555;331,0
2026-08-18;63,0;11,8;18,1;15,6;100,0;976,2333333333332;5,008333333333334;3,57;B826;4309605;Herval;-32,01277777;-53,40305555;331,0
2026-08-19;4,6;10,5;12,3;11,42608695652174;100,0;980,6695652173913;6,4913043478260875;2,64;B826;4309605;Herval;-32,01277777;-53,40305555;331,0
2026-08-20;0,0;;;;;;;0,0;B826;4309605;Herval;-32,01277777;-53,40305555;331,0
2026-08-21;0,0;;;;;;;0,0;B826;4309605;Herval;-32,01277777;-53,40305555;331,0
2026-08-22;0,0;;;;;;;0,0;B826;4309605;Herval;-32,01277777;-53,40305555;331,0
2026-08-23;0,0;;;;;;;0,0;B826;4309605;Herval;-32,01277777;-53,40305555;331,0
2026-08-24;0,0;;;;;;;0,0;B826;4309605;Herval;-32,01277777;-53,40305555;331,0
2026-08-25;0,0;;;;;;;0,0;B826;4309605;Herval;-32,01277777;-53,40305555;331,0
2026-08-26;0,0;;;;;;;0,0;B826;4309605;Herval;-32,01277777;-53,40305555;331,0
2026-08-27;0,0;;;;;;;0,0;B826;4309605;Herval;-32,01277777;-53,40305555;331,0
2026-08-28;0,0;;;;;;;0,0;B826;4309605;Herval;-32,01277777;-53,40305555;331,0
2026-08-29;0,0;;;;;;;0,0;B826;4309605;Herval;-32,01277777;-53,40305555;331,0
2026-08-30;0,0;;;;;;;0,0;B826;4309605;Herval;-32,01277777;-53,40305555;331,0
2026-08-31;0,0;;;;;;;0,0;B826;4309605;Herval;-32,01277777;-53,40305555;331,0
2026-01-01;0,0;19,4;33,8;26,3;58,75;976,4541666666668;3,220833333333333;10,18;B828;4300034;Acegua;-31,87472221;-54,11972221;271,0
2026-01-02;0,0;16,8;28,5;22,766666666666666;74,16666666666667;975,8416666666667;3,1291666666666664;14,42;B828;4300034;Acegua;-31,87472221;-54,11972221;271,0
2026-01-03;0,0;15,5;25,0;18,9375;66,66666666666667;977,5375;4,466666666666667;15,91;B828;4300034;Acegua;-31,87472221;-54,11972221;271,0
2026-01-04;0,0;9,7;22,3;15,758333333333333;58,75;986,0124999999999;4,145833333333333;11,59;B828;4300034;Acegua;-31,87472221;-54,11972221;271,0
2026-01-05;0,0;10,8;24,6;17,504166666666666;57,625;987,7166666666667;2,1666666666666665;14,46;B828;4300034;Acegua;-31,87472221;-54,11972221;271,0
2026-01-06;0,0;14,2;28,9;20,9375;62,666666666666664;983,5041666666666;3,3625000000000003;14,82;B828;4300034;Acegua;-31,87472221;-54,11972221;271,0
2026-01-07;15,6;18,5;30,5;22,745833333333334;68,875;980,9333333333334;3,6791666666666667;4,91;B828;4300034;Acegua;-31,87472221;-54,11972221;271,0
2026-01-08;0,0;16,0;24,2;19,220833333333335;86,79166666666667;985,3625000000001;3,845833333333333;8,14;B828;4300034;Acegua;-31,87472221;-54,11972221;271,0
2026-01-09;21,2;18,0;21,3;19,337500000000002;93,95833333333333;984,6333333333333;4,966666666666667;1,88;B828;4300034;Acegua;-31,87472221;-54,11972221;271,0
2026-01-10;12,2;20,0;25,4;21,7375;91,33333333333333;976,7958333333332;5,929166666666667;6,95;B828;4300034;Acegua;-31,87472221;-54,11972221;271,0
2026-01-11;2,4000000000000004;15,1;24,8;18,8;87,16666666666667;977,0458333333332;4,583333333333333;9,24;B828;4300034;Acegua;-31,87472221;-54,11972221;271,0
2026-01-12;1,2;17,8;27,8;21,575;83,79166666666667;980,8583333333332;2,5083333333333333;12,28;B828;4300034;Acegua;-31,87472221;-54,11972221;271,0
2026-01-13;0,0;18,3;29,2;22,925;79,375;981,5500000000001;2,0;15,14;B828;4300034;Acegua;-31,87472221;-54,11972221;271,0
2026-01-14;0,0;19,9;31,1;25,266666666666666;74,875;981,8333333333334;2,1875;15,62;B828;4300034;Acegua;-31,87472221;-54,11972221;271,0
2026-01-15;1,5999999999999999;21,5;33,0;26,133333333333336;76,41666666666667;980,25;3,858333333333333;9,95;B828;4300034;Acegua;-31,87472221;-54,11972221;271,0
2026-01-16;0,0;20,4;27,0;23,891666666666666;76,08333333333333;981,9791666666666;2,8375;7,89;B828;4300034;Acegua;-31,87472221;-54,11972221;271,0
2026-01-17;0,0;17,5;28,8;22,229166666666668;77,58333333333333;981,9291666666667;2,591666666666667;11,88;B828;4300034;Acegua;-31,87472221;-54,11972221;271,0
2026-01-18;0,0;18,4;29,9;23,8625;78,20833333333333;979,6791666666667;3,1999999999999997;7,28;B828;4300034;Acegua;-31,87472221;-54,11972221;271,0
2026-01-19;0,0;11,0;23,2;17,078260869565216;66,6086956521739;987,6521739130435;4,039130434782609;14,42;B828;4300034;Acegua;-31,87472221;-54,11972221;271,0
2026-01-20;0,0;12,2;25,2;18,208333333333332;65,91666666666667;987,4333333333334;3,0083333333333333;12,33;B828;4300034;Acegua;-31,87472221;-54,11972221;271,0
2026-01-21;0,0;14,3;26,3;19,481818181818184;64,9090909090909;986,6681818181819;3,472727272727273;22,67;B828;4300034;Acegua;-31,87472221;-54,11972221;271,0
2026-01-22;0,0;15,1;29,0;21,433333333333334;67,83333333333333;985,7875;3,3666666666666667;31,06;B828;4300034;Acegua;-31,87472221;-54,11972221;271,0
2026-01-23;0,0;16,9;28,5;22,108333333333334;69,95833333333333;986,4333333333334;4,004166666666666;30,61;B828;4300034;Acegua;-31,87472221;-54,11972221;271,0
2026-01-24;0,0;16,0;29,9;22,354166666666668;69,70833333333333;985,525;3,6958333333333333;31,77;B828;4300034;Acegua;-31,87472221;-54,11972221;271,0
2026-01-25;0,0;17,9;31,2;23,974999999999998;71,16666666666667;985,1958333333333;3,4916666666666667;30,9;B828;4300034;Acegua;-31,87472221;-54,11972221;271,0
2026-01-26;0,0;19,5;34,3;25,65416666666667;71,08333333333333;984,1750000000001;3,1166666666666667;27,23;B828;4300034;Acegua;-31,87472221;-54,11972221;271,0
2026-01-27;0,0;21,7;35,4;26,900000000000002;67,58333333333333;983,3125;3,245833333333333;27,61;B828;4300034;Acegua;-31,87472221;-54,11972221;271,0
2026-01-28;0,0;20,3;32,8;25,395833333333332;77,58333333333333;982,975;2,7291666666666665;26,82;B828;4300034;Acegua;-31,87472221;-54,11972221;271,0
2026-01-29;5,8;19,2;31,3;24,72083333333333;78,75;982,9166666666666;3,1999999999999997;24,12;B828;4300034;Acegua;-31,87472221;-54,11972221;271,0
2026-01-30;0,7999999999999999;19,1;28,6;22,59583333333333;84,79166666666667;982,6666666666666;3,0666666666666664;21,09;B828;4300034;Acegua;-31,87472221;-54,11972221;271,0
2026-01-31;0,2;16,3;27,6;20,52173913043478;84,8695652173913;980,1043478260871;2,408695652173913;23,87;B828;4300034;Acegua;-31,87472221;-54,11972221;271,0
2026-02-01;0,0;16,1;28,4;21,2375;77,75;977,3166666666666;2,9;26,24;B828;4300034;Acegua;-31,87472221;-54,11972221;271,0
2026-02-02;0,0;17,7;29,8;23,054166666666664;71,83333333333333;978,1291666666666;2,6875;28,3;B828;4300034;Acegua;-31,87472221;-54,11972221;271,0
2026-02-03;0,0;19,2;32,6;25,474999999999998;64,66666666666667;977,1208333333334;2,904166666666667;29,78;B828;4300034;Acegua;-31,87472221;-54,11972221;271,0
2026-02-04;0,0;20,3;34,6;27,537499999999998;56,791666666666664;978,6;3,0041666666666664;29,4;B828;4300034;Acegua;-31,87472221;-54,11972221;271,0
2026-02-05;0,0;21,5;34,3;27,883333333333336;58,041666666666664;980,1791666666667;3,3791666666666664;29,5;B828;4300034;Acegua;-31,87472221;-54,11972221;271,0
2026-02-06;0,0;21,0;27,5;23,933333333333334;82,0;981,1833333333334;3,1833333333333336;15,12;B828;4300034;Acegua;-31,87472221;-54,11972221;271,0
2026-02-07;0,0;14,5;29,4;22,116666666666664;60,75;984,5375;3,15;30,79;B828;4300034;Acegua;-31,87472221;-54,11972221;271,0
2026-02-08;0,0;15,5;30,7;22,1875;57,5;984,4583333333334;2,9166666666666665;29,55;B828;4300034;Acegua;-31,87472221;-54,11972221;271,0
2026-02-09;0,0;16,6;32,1;23,34166666666667;62,75;981,3083333333334;3,5083333333333333;28,97;B828;4300034;Acegua;-31,87472221;-54,11972221;271,0
2026-02-10;0,0;21,0;34,2;26,90833333333333;67,20833333333333;977,8833333333333;2,6416666666666666;26,42;B828;4300034;Acegua;-31,87472221;-54,11972221;271,0
2026-02-11;0,0;21,3;36,0;28,7;59,791666666666664;977,0124999999999;3,5416666666666665;27,38;B828;4300034;Acegua;-31,87472221;-54,11972221;271,0
2026-02-12;36,8;18,1;32,1;21,1375;92,29166666666667;980,6875;4,3999999999999995;3,21;B828;4300034;Acegua;-31,87472221;-54,11972221;271,0
2026-02-13;0,2;17,3;28,8;21,670833333333334;84,83333333333333;984,9583333333334;3,125;23,8;B828;4300034;Acegua;-31,87472221;-54,11972221;271,0
2026-02-14;0,0;14,2;27,2;20,375;74,70833333333333;988,5375;4,0625;28,06;B828;4300034;Acegua;-31,87472221;-54,11972221;271,0
2026-02-15;0,0;17,2;31,2;22,98695652173913;77,34782608695652;983,1565217391304;4,378260869565217;23,17;B828;4300034;Acegua;-31,87472221;-54,11972221;271,0
2026-02-16;2,2;19,5;30,0;24,40833333333333;78,83333333333333;981,4875000000001;3,5416666666666665;27,35;B828;4300034;Acegua;-31,87472221;-54,11972221;271,0
2026-02-17;0,0;19,5;31,0;24,45;78,625;981,9541666666668;2,845833333333333;24,25;B828;4300034;Acegua;-31,87472221;-54,11972221;271,0
2026-02-18;0,0;19,0;30,7;24,075;74,875;982,2833333333333;2,7624999999999997;27,8;B828;4300034;Acegua;-31,87472221;-54,11972221;271,0
2026-02-19;2,4;18,9;25,7;21,650000000000002;89,20833333333333;980,1999999999999;3,358333333333333;7,28;B828;4300034;Acegua;-31,87472221;-54,11972221;271,0
2026-02-20;11,999999999999998;16,2;28,2;21,525000000000002;83,29166666666667;982,3416666666667;3,6958333333333333;25,76;B828;4300034;Acegua;-31,87472221;-54,11972221;271,0
2026-02-21;0,0;18,9;28,3;22,179166666666664;84,04166666666667;985,5208333333334;3,4499999999999997;22,2;B828;4300034;Acegua;-31,87472221;-54,11972221;271,0
2026-02-22;0,0;18,3;29,1;22,729166666666668;78,29166666666667;985,4916666666667;4,4375;28,07;B828;4300034;Acegua;-31,87472221;-54,11972221;271,0
2026-02-23;0,0;18,7;30,0;23,125;75,41666666666667;981,75;4,741666666666666;19,07;B828;4300034;Acegua;-31,87472221;-54,11972221;271,0
2026-02-24;3,8;19,8;29,0;23,252173913043475;82,3913043478261;977,0260869565217;3,9130434782608696;16,63;B828;4300034;Acegua;-31,87472221;-54,11972221;271,0
2026-02-25;0,4;18,3;25,9;21,329166666666666;82,375;978,5458333333332;3,9583333333333335;20,46;B828;4300034;Acegua;-31,87472221;-54,11972221;271,0
2026-02-26;0,0;12,6;23,7;17,52173913043478;77,91304347826087;981,6565217391304;2,373913043478261;23,59;B828;4300034;Acegua;-31,87472221;-54,11972221;271,0
2026-02-27;0,0;13,1;24,7;18,4;69,0;982,6695652173913;2,743478260869565;28,28;B828;4300034;Acegua;-31,87472221;-54,11972221;271,0
2026-02-28;0,0;15,0;27,0;20,087500000000002;69,75;983,0375;3,2416666666666667;27,08;B828;4300034;Acegua;-31,87472221;-54,11972221;271,0
2026-03-01;0,0;15,6;27,5;20,482608695652175;71,91304347826087;983,8217391304348;3,6565217391304343;25,59;B828;4300034;Acegua;-31,87472221;-54,11972221;271,0
2026-03-02;0,0;15,2;29,9;21,479166666666668;71,08333333333333;980,8249999999999;4,233333333333333;26,21;B828;4300034;Acegua;-31,87472221;-54,11972221;271,0
2026-03-03;0,0;18,3;33,4;24,039130434782606;72,56521739130434;979,2347826086957;4,0;18,91;B828;4300034;Acegua;-31,87472221;-54,11972221;271,0
2026-03-04;29,2;19,8;25,7;22,270833333333332;86,75;980,5958333333333;3,2375000000000003;10,89;B828;4300034;Acegua;-31,87472221;-54,11972221;271,0
2026-03-05;0,0;19,9;28,5;22,6875;86,25;983,4291666666667;3,6125000000000003;21,43;B828;4300034;Acegua;-31,87472221;-54,11972221;271,0
2026-03-06;0,0;19,1;28,1;22,15416666666667;86,91666666666667;983,4833333333332;3,625;16,83;B828;4300034;Acegua;-31,87472221;-54,11972221;271,0
2026-03-07;12,8;17,7;24,9;20,579166666666666;92,16666666666667;980,6958333333333;3,475;13,02;B828;4300034;Acegua;-31,87472221;-54,11972221;271,0
2026-03-08;0,2;17,7;24,2;19,983333333333334;84,58333333333333;984,1083333333332;3,9458333333333333;16,06;B828;4300034;Acegua;-31,87472221;-54,11972221;271,0
2026-03-09;0,0;13,9;24,5;18,995833333333334;73,5;987,6666666666666;4,570833333333334;23,21;B828;4300034;Acegua;-31,87472221;-54,11972221;271,0
2026-03-10;0,0;16,4;20,4;18,208333333333332;85,58333333333333;987,8958333333334;4,004166666666666;7,81;B828;4300034;Acegua;-31,87472221;-54,11972221;271,0
2026-03-11;0,0;16,7;26,8;19,991666666666667;90,125;984,7875;3,15;14,03;B828;4300034;Acegua;-31,87472221;-54,11972221;271,0
2026-03-12;0,0;17,2;25,6;20,445833333333333;87,375;983,0708333333333;3,3166666666666664;19,92;B828;4300034;Acegua;-31,87472221;-54,11972221;271,0
2026-03-13;0,0;16,6;26,5;20,158333333333335;83,91666666666667;982,1750000000001;2,533333333333333;20,82;B828;4300034;Acegua;-31,87472221;-54,11972221;271,0
2026-03-14;0,0;16,3;26,8;20,454166666666666;82,125;980,0333333333333;1,6541666666666668;17,39;B828;4300034;Acegua;-31,87472221;-54,11972221;271,0
2026-03-15;0,0;17,7;30,1;22,745833333333334;73,875;978,1875;2,595833333333333;24,18;B828;4300034;Acegua;-31,87472221;-54,11972221;271,0
2026-03-16;0,0;19,1;34,5;24,808333333333334;73,625;979,1916666666666;3,495833333333333;22,02;B828;4300034;Acegua;-31,87472221;-54,11972221;271,0
2026-03-17;7,6;22,3;29,7;24,53333333333333;84,70833333333333;978,9958333333334;3,9125;12,29;B828;4300034;Acegua;-31,87472221;-54,11972221;271,0
2026-03-18;3,4;20,1;23,9;21,73478260869565;97,21739130434783;980,0826086956522;3,991304347826087;6,59;B828;4300034;Acegua;-31,87472221;-54,11972221;271,0
2026-03-19;0,0;17,1;26,7;20,845833333333335;83,83333333333333;981,4291666666667;2,654166666666667;18,42;B828;4300034;Acegua;-31,87472221;-54,11972221;271,0
2026-03-20;0,0;17,8;29,7;22,40833333333333;80,66666666666667;979,4375;3,2624999999999997;19,78;B828;4300034;Acegua;-31,87472221;-54,11972221;271,0
2026-03-21;14,4;18,5;31,7;22,583333333333332;87,5;975,6333333333333;5,458333333333333;10,42;B828;4300034;Acegua;-31,87472221;-54,11972221;271,0
2026-03-22;0,0;13,3;24,3;19,329166666666666;81,375;981,3625000000001;3,9166666666666665;23,3;B828;4300034;Acegua;-31,87472221;-54,11972221;271,0
2026-03-23;35,0;17,6;19,9;18,658333333333335;97,20833333333333;978,9833333333332;4,079166666666667;2,78;B828;4300034;Acegua;-31,87472221;-54,11972221;271,0
2026-03-24;0,8;12,0;23,4;17,837500000000002;76,66666666666667;981,4166666666666;3,466666666666667;24,67;B828;4300034;Acegua;-31,87472221;-54,11972221;271,0
2026-03-25;0,0;12,4;24,9;18,054166666666667;68,625;984,4291666666667;2,654166666666667;22,87;B828;4300034;Acegua;-31,87472221;-54,11972221;271,0
2026-03-26;0,0;15,4;26,0;19,233333333333334;88,625;985,7916666666666;2,858333333333333;12,48;B828;4300034;Acegua;-31,87472221;-54,11972221;271,0
2026-03-27;0,0;20,0;30,5;23,395833333333332;88,54166666666667;985,1708333333332;2,2416666666666667;15,21;B828;4300034;Acegua;-31,87472221;-54,11972221;271,0
2026-03-28;0,0;22,0;31,1;25,229166666666668;91,0;985,9333333333334;2,525;14,22;B828;4300034;Acegua;-31,87472221;-54,11972221;271,0
2026-03-29;18,0;20,9;33,7;25,316666666666666;88,20833333333333;986,1291666666666;2,783333333333333;15,69;B828;4300034;Acegua;-31,87472221;-54,11972221;271,0
2026-03-30;30,200000000000003;21,0;27,4;23,3125;94,41666666666667;985,4083333333333;2,9583333333333335;9,2;B828;4300034;Acegua;-31,87472221;-54,11972221;271,0
2026-03-31;0,2;20,1;29,9;24,045833333333334;82,25;982,5458333333332;3,391666666666667;21,48;B828;4300034;Acegua;-31,87472221;-54,11972221;271,0
2026-04-01;0,0;17,8;28,4;22,429166666666664;78,41666666666667;980,4708333333333;2,8208333333333333;21,61;B828;4300034;Acegua;-31,87472221;-54,11972221;271,0
2026-04-02;0,0;17,0;27,8;21,704166666666666;85,20833333333333;980,7083333333334;2,1625;19,12;B828;4300034;Acegua;-31,87472221;-54,11972221;271,0
2026-04-03;0,0;19,0;28,7;22,84166666666667;80,625;982,475;1,7208333333333332;19,87;B828;4300034;Acegua;-31,87472221;-54,11972221;271,0
2026-04-04;0,2;14,5;24,7;20,079166666666666;90,375;984,3916666666668;3,775;9,11;B828;4300034;Acegua;-31,87472221;-54,11972221;271,0
2026-04-05;0,0;10,9;20,5;15,200000000000001;72,66666666666667;990,2166666666667;4,2124999999999995;10,5;B828;4300034;Acegua;-31,87472221;-54,11972221;271,0
2026-04-06;1,6;14,5;20,8;17,266666666666666;85,33333333333333;986,65;3,775;5,04;B828;4300034;Acegua;-31,87472221;-54,11972221;271,0
2026-04-07;14,8;18,9;21,5;20,025000000000002;97,79166666666667;977,9125;3,8333333333333335;3,07;B828;4300034;Acegua;-31,87472221;-54,11972221;271,0
2026-04-08;2,4;16,7;21,7;18,37272727272727;92,5;975,8272727272728;6,795454545454546;9,87;B828;4300034;Acegua;-31,87472221;-54,11972221;271,0
2026-04-09;0,2;13,1;21,8;16,45;86,83333333333333;984,9291666666667;4,0625;17,54;B828;4300034;Acegua;-31,87472221;-54,11972221;271,0
2026-04-10;0,0;12,1;22,2;16,766666666666666;74,5;988,3541666666666;1,9000000000000001;19,07;B828;4300034;Acegua;-31,87472221;-54,11972221;271,0
2026-04-11;0,0;12,4;26,2;17,958333333333332;73,95833333333333;987,4833333333332;3,475;20,04;B828;4300034;Acegua;-31,87472221;-54,11972221;271,0
2026-04-12;1,4000000000000001;17,8;21,4;19,5;95,375;985,0333333333333;3,8125;4,01;B828;4300034;Acegua;-31,87472221;-54,11972221;271,0
2026-04-13;0,0;17,3;24,6;20,145833333333332;92,45833333333333;986,1708333333332;2,370833333333333;13,51;B828;4300034;Acegua;-31,87472221;-54,11972221;271,0
2026-04-14;0,0;17,2;28,2;21,266666666666666;84,70833333333333;984,3166666666666;3,779166666666667;16,66;B828;4300034;Acegua;-31,87472221;-54,11972221;271,0
2026-04-15;2,8;19,1;26,2;21,40833333333333;86,875;981,3375;4,354166666666667;8,63;B828;4300034;Acegua;-31,87472221;-54,11972221;271,0
2026-04-16;46,2;19,2;24,1;20,454166666666666;95,875;976,7875;4,479166666666667;8,66;B828;4300034;Acegua;-31,87472221;-54,11972221;271,0
2026-04-17;2,6;18,1;22,3;19,720833333333335;93,04166666666667;975,4;5,004166666666666;8,51;B828;4300034;Acegua;-31,87472221;-54,11972221;271,0
2026-04-18;0,0;15,2;25,1;19,020833333333332;84,29166666666667;978,8125;4,391666666666667;17,65;B828;4300034;Acegua;-31,87472221;-54,11972221;271,0
2026-04-19;0,0;17,0;27,0;21,245833333333334;67,54166666666667;981,6666666666666;1,5958333333333332;18,05;B828;4300034;Acegua;-31,87472221;-54,11972221;271,0
2026-04-20;0,0;16,0;23,9;19,429166666666667;76,5;984,1750000000001;3,1125000000000003;9,3;B828;4300034;Acegua;-31,87472221;-54,11972221;271,0
2026-04-21;1,2000000000000002;17,5;24,7;20,070833333333333;89,125;984,5791666666668;2,245833333333333;8,73;B828;4300034;Acegua;-31,87472221;-54,11972221;271,0
2026-04-22;0,0;16,6;24,3;20,175;87,625;984,6541666666667;3,8958333333333335;10,89;B828;4300034;Acegua;-31,87472221;-54,11972221;271,0
2026-04-23;0,0;12,5;18,2;15,226086956521739;83,91304347826087;988,9652173913043;2,252173913043478;8,16;B828;4300034;Acegua;-31,87472221;-54,11972221;271,0
2026-04-24;0,0;14,7;23,6;17,679166666666667;84,83333333333333;986,9875000000001;2,4625;9,5;B828;4300034;Acegua;-31,87472221;-54,11972221;271,0
2026-04-25;0,0;15,4;23,8;18,408333333333335;86,41666666666667;982,8541666666666;2,1999999999999997;15,75;B828;4300034;Acegua;-31,87472221;-54,11972221;271,0
2026-04-26;0,2;15,1;23,2;18,470833333333335;79,625;978,7916666666666;3,608333333333333;16,07;B828;4300034;Acegua;-31,87472221;-54,11972221;271,0
2026-04-27;0,0;6,6;16,8;10,591666666666667;64,375;983,35;5,283333333333333;15,56;B828;4300034;Acegua;-31,87472221;-54,11972221;271,0
2026-04-28;0,0;8,2;17,7;12,195833333333333;62,25;986,375;2,85;16,23;B828;4300034;Acegua;-31,87472221;-54,11972221;271,0
2026-04-29;0,0;8,8;22,6;14,75;54,166666666666664;983,3458333333333;3,3791666666666664;16,08;B828;4300034;Acegua;-31,87472221;-54,11972221;271,0
2026-04-30;0,0;12,7;24,2;18,224999999999998;55,625;984,7708333333334;2,4291666666666667;16,28;B828;4300034;Acegua;-31,87472221;-54,11972221;271,0
2026-05-01;12,4;12,7;19,4;14,924999999999999;86,625;982,3416666666667;4,858333333333333;1,81;B828;4300034;Acegua;-31,87472221;-54,11972221;271,0
2026-05-02;1,0;9,9;18,2;15,791666666666666;82,125;985,4958333333334;5,620833333333334;14,18;B828;4300034;Acegua;-31,87472221;-54,11972221;271,0
2026-05-03;0,0;5,8;17,4;10,752173913043478;65,3913043478261;991,8782608695652;3,347826086956522;16,59;B828;4300034;Acegua;-31,87472221;-54,11972221;271,0
2026-05-04;0,0;7,2;22,0;13,395833333333334;72,0;984,3208333333333;3,920833333333333;15,31;B828;4300034;Acegua;-31,87472221;-54,11972221;271,0
2026-05-05;0,0;15,9;28,0;20,895833333333332;82,41666666666667;983,5083333333333;3,875;11,42;B828;4300034;Acegua;-31,87472221;-54,11972221;271,0
2026-05-06;12,6;18,0;29,8;23,495833333333334;81,375;982,6041666666666;4,441666666666666;13,68;B828;4300034;Acegua;-31,87472221;-54,11972221;271,0
2026-05-07;44,8;15,5;26,2;21,595833333333335;82,95833333333333;971,8166666666666;6,583333333333333;0,58;B828;4300034;Acegua;-31,87472221;-54,11972221;271,0
2026-05-08;6,8;9,0;17,1;11,6;79,04347826086956;972,8913043478261;7,9739130434782615;12,31;B828;4300034;Acegua;-31,87472221;-54,11972221;271,0
2026-05-09;0,0;3,2;10,7;7,295833333333333;81,29166666666667;982,375;6,033333333333332;8,11;B828;4300034;Acegua;-31,87472221;-54,11972221;271,0
2026-05-10;1,0;6,0;12,2;8,637500000000001;81,0;989,125;4,758333333333334;13,17;B828;4300034;Acegua;-31,87472221;-54,11972221;271,0
2026-05-11;0,0;4,3;15,3;9,447826086956523;67,69565217391305;989,0869565217391;4,569565217391304;14,71;B828;4300034;Acegua;-31,87472221;-54,11972221;271,0
2026-05-12;0,0;6,7;18,0;11,408333333333333;68,70833333333333;986,4291666666667;6,154166666666666;15,07;B828;4300034;Acegua;-31,87472221;-54,11972221;271,0
2026-05-13;0,0;8,9;18,1;12,5625;77,04166666666667;985,1875;3,308333333333333;13,65;B828;4300034;Acegua;-31,87472221;-54,11972221;271,0
2026-05-14;0,0;6,5;14,1;10,316666666666666;78,45833333333333;987,4208333333332;2,091666666666667;9,6;B828;4300034;Acegua;-31,87472221;-54,11972221;271,0
2026-05-15;0,0;5,5;16,0;10,375;81,125;988,9625;2,2375000000000003;15,09;B828;4300034;Acegua;-31,87472221;-54,11972221;271,0
2026-05-16;0,0;7,8;17,5;10,879166666666668;85,83333333333333;985,6125000000001;2,5791666666666666;9,76;B828;4300034;Acegua;-31,87472221;-54,11972221;271,0
2026-05-17;0,2;8,2;15,2;10,791666666666666;90,79166666666667;987,1708333333332;3,095833333333333;6,53;B828;4300034;Acegua;-31,87472221;-54,11972221;271,0
2026-05-18;0,0;3,8;14,0;8,891666666666667;78,875;992,5458333333332;3,170833333333333;13,08;B828;4300034;Acegua;-31,87472221;-54,11972221;271,0
2026-05-19;0,0;6,9;14,7;9,975;63,791666666666664;991,7624999999999;3,2875;14,24;B828;4300034;Acegua;-31,87472221;-54,11972221;271,0
2026-05-20;0,0;7,8;15,5;10,720833333333333;69,875;991,1374999999999;4,279166666666667;13,83;B828;4300034;Acegua;-31,87472221;-54,11972221;271,0
2026-05-21;0,0;4,2;13,0;8,383333333333333;77,375;995,5041666666666;2,5791666666666666;11,87;B828;4300034;Acegua;-31,87472221;-54,11972221;271,0
2026-05-22;0,0;3,9;14,3;8,716666666666667;81,75;996,5333333333333;2,4166666666666665;10,8;B828;4300034;Acegua;-31,87472221;-54,11972221;271,0
2026-05-23;0,0;8,0;15,5;10,933333333333332;95,58333333333333;994,6999999999999;3,125;5,53;B828;4300034;Acegua;-31,87472221;-54,11972221;271,0
2026-05-24;0,0;10,4;17,9;13,416666666666666;90,875;991,6750000000001;3,404166666666667;6,57;B828;4300034;Acegua;-31,87472221;-54,11972221;271,0
2026-05-25;0,8;11,0;18,4;14,395833333333334;87,625;989,2416666666667;2,8791666666666664;7,15;B828;4300034;Acegua;-31,87472221;-54,11972221;271,0
2026-05-26;1,0;12,6;16,7;14,395833333333334;99,0;988,8541666666666;3,0375;6,42;B828;4300034;Acegua;-31,87472221;-54,11972221;271,0
2026-05-27;0,4;11,2;16,6;13,233333333333334;94,54166666666667;991,7458333333334;2,0;7,86;B828;4300034;Acegua;-31,87472221;-54,11972221;271,0
2026-05-28;0,0;10,6;17,6;12,65;89,66666666666667;990,9499999999999;3,154166666666667;10,09;B828;4300034;Acegua;-31,87472221;-54,11972221;271,0
2026-05-29;0,0;10,2;15,8;12,354166666666666;93,20833333333333;991,025;3,2375000000000003;3,44;B828;4300034;Acegua;-31,87472221;-54,11972221;271,0
2026-05-30;0,2;12,6;18,2;14,708333333333334;89,04166666666667;990,3333333333334;2,191666666666667;6,76;B828;4300034;Acegua;-31,87472221;-54,11972221;271,0
2026-05-31;0,0;10,3;15,7;12,762500000000001;97,08333333333333;989,8291666666668;2,8041666666666667;5,46;B828;4300034;Acegua;-31,87472221;-54,11972221;271,0
2026-06-01;0,2;9,7;14,8;11,61304347826087;91,65217391304348;991,6217391304348;2,239130434782609;5,99;B828;4300034;Acegua;-31,87472221;-54,11972221;271,0
2026-06-02;0,4;9,4;16,5;12,637500000000001;90,66666666666667;994,4208333333332;3,2375000000000003;6,66;B828;4300034;Acegua;-31,87472221;-54,11972221;271,0
2026-06-03;0,0;11,5;19,0;14,341666666666667;90,79166666666667;994,1125000000001;2,858333333333333;6,32;B828;4300034;Acegua;-31,87472221;-54,11972221;271,0
2026-06-04;0,2;11,4;21,8;15,4125;89,375;994,1875;3,2708333333333335;10,8;B828;4300034;Acegua;-31,87472221;-54,11972221;271,0
2026-06-05;0,2;12,6;22,8;16,25;86,58333333333333;990,8708333333334;2,2624999999999997;10,95;B828;4300034;Acegua;-31,87472221;-54,11972221;271,0
2026-06-06;0,0;12,6;20,4;16,254166666666666;90,95833333333333;986,875;1,8041666666666665;8,06;B828;4300034;Acegua;-31,87472221;-54,11972221;271,0
2026-06-07;0,2;11,9;19,9;14,104166666666666;92,95833333333333;986,6666666666666;2,720833333333333;7,17;B828;4300034;Acegua;-31,87472221;-54,11972221;271,0
2026-06-08;19,8;10,7;14,2;12,666666666666666;99,66666666666667;987,0166666666668;3,720833333333333;2,25;B828;4300034;Acegua;-31,87472221;-54,11972221;271,0
2026-06-09;2,2;10,1;16,2;11,941666666666668;92,0;986,7624999999999;2,275;8,6;B828;4300034;Acegua;-31,87472221;-54,11972221;271,0
2026-06-10;0,2;7,2;16,8;11,595833333333333;89,625;985,725;2,4833333333333334;11,42;B828;4300034;Acegua;-31,87472221;-54,11972221;271,0
2026-06-11;3,0;6,7;13,0;10,529166666666667;96,95833333333333;985,5333333333333;1,9458333333333335;4,14;B828;4300034;Acegua;-31,87472221;-54,11972221;271,0
2026-06-12;7,2;11,5;15,5;12,478260869565217;98,17391304347827;982,3782608695652;6,291304347826086;3,75;B828;4300034;Acegua;-31,87472221;-54,11972221;271,0
2026-06-13;0,0;10,8;15,1;12,479166666666666;94,875;985,1541666666667;3,3125;7,99;B828;4300034;Acegua;-31,87472221;-54,11972221;271,0
2026-06-14;0,2;7,1;12,5;9,608333333333333;83,91666666666667;988,4458333333333;3,5541666666666667;9,35;B828;4300034;Acegua;-31,87472221;-54,11972221;271,0
2026-06-15;0,0;2,8;11,6;6,979166666666667;70,83333333333333;991,4541666666668;2,2916666666666665;12,47;B828;4300034;Acegua;-31,87472221;-54,11972221;271,0
2026-06-16;0,0;4,1;15,3;8,441666666666666;68,5;988,9083333333333;4,8875;12,36;B828;4300034;Acegua;-31,87472221;-54,11972221;271,0
2026-06-17;0,0;7,1;15,3;10,404166666666667;76,0;990,9916666666667;4,116666666666666;12,23;B828;4300034;Acegua;-31,87472221;-54,11972221;271,0
2026-06-18;0,0;5,1;15,3;9,116666666666667;80,33333333333333;989,7624999999999;4,933333333333334;7,47;B828;4300034;Acegua;-31,87472221;-54,11972221;271,0
2026-06-19;9,2;8,4;12,6;10,604166666666666;94,29166666666667;982,8541666666666;5,8;1,93;B828;4300034;Acegua;-31,87472221;-54,11972221;271,0
2026-06-20;0,2;3,9;12,3;7,454166666666667;84,04166666666667;986,875;2,4583333333333335;11,45;B828;4300034;Acegua;-31,87472221;-54,11972221;271,0
2026-06-21;0,0;4,8;13,0;7,733333333333333;83,41666666666667;984,8041666666667;1,9583333333333333;8,66;B828;4300034;Acegua;-31,87472221;-54,11972221;271,0
2026-06-22;0,2;6,4;10,1;8,016666666666667;89,0;983,0875;3,1;4,27;B828;4300034;Acegua;-31,87472221;-54,11972221;271,0
2026-06-23;0,0;2,5;10,9;6,466666666666666;79,08333333333333;985,2875;4,645833333333333;11,85;B828;4300034;Acegua;-31,87472221;-54,11972221;271,0
2026-06-24;0,0;2,2;12,8;6,791666666666667;72,125;986,6125000000001;3,7624999999999997;11,19;B828;4300034;Acegua;-31,87472221;-54,11972221;271,0
2026-06-25;0,0;3,5;15,4;8,720833333333333;75,33333333333333;989,6083333333332;4,420833333333333;12,0;B828;4300034;Acegua;-31,87472221;-54,11972221;271,0
2026-06-26;0,0;5,9;16,3;10,362499999999999;78,625;990,7791666666667;3,3666666666666667;12,08;B828;4300034;Acegua;-31,87472221;-54,11972221;271,0
2026-06-27;0,0;6,3;18,3;11,545833333333334;73,375;989,775;2,891666666666667;12,23;B828;4300034;Acegua;-31,87472221;-54,11972221;271,0
2026-06-28;0,4;10,9;17,4;13,579166666666666;84,875;983,9291666666667;3,529166666666667;6,09;B828;4300034;Acegua;-31,87472221;-54,11972221;271,0
2026-06-29;0,0;4,9;10,9;7,070833333333333;96,70833333333333;988,5458333333332;3,2708333333333335;5,37;B828;4300034;Acegua;-31,87472221;-54,11972221;271,0
2026-06-30;0,2;3,0;14,3;7,6625000000000005;84,58333333333333;988,2333333333332;2,5791666666666666;11,99;B828;4300034;Acegua;-31,87472221;-54,11972221;271,0
2026-07-01;0,0;7,6;15,5;10,170833333333333;93,875;986,8666666666667;2,8541666666666665;4,64;B828;4300034;Acegua;-31,87472221;-54,11972221;271,0
2026-07-02;2,6;4,7;10,8;7,779166666666666;88,70833333333333;993,1958333333333;5,216666666666667;4,56;B828;4300034;Acegua;-31,87472221;-54,11972221;271,0
2026-07-03;0,0;-0,8;9,6;3,525;80,0;995,9291666666667;6,141666666666667;11,58;B828;4300034;Acegua;-31,87472221;-54,11972221;271,0
2026-07-04;0,0;5,0;12,2;7,470833333333334;89,91666666666667;994,5666666666666;2,7416666666666667;9,05;B828;4300034;Acegua;-31,87472221;-54,11972221;271,0
2026-07-05;0,2;7,2;11,1;9,016666666666667;97,79166666666667;990,4291666666667;2,6166666666666667;2,89;B828;4300034;Acegua;-31,87472221;-54,11972221;271,0
2026-07-06;1,2;4,4;10,4;7,8999999999999995;90,875;988,0124999999999;3,3791666666666664;3,43;B828;4300034;Acegua;-31,87472221;-54,11972221;271,0
2026-07-07;0,0;1,6;14,3;6,754166666666666;75,29166666666667;988,6;4,991666666666666;12,84;B828;4300034;Acegua;-31,87472221;-54,11972221;271,0
2026-07-08;0,0;5,5;16,8;10,120833333333334;69,41666666666667;987,8791666666666;4,654166666666667;12,68;B828;4300034;Acegua;-31,87472221;-54,11972221;271,0
2026-07-09;0,0;8,5;17,1;12,137500000000001;65,58333333333333;985,0541666666667;3,641666666666667;7,64;B828;4300034;Acegua;-31,87472221;-54,11972221;271,0
2026-07-10;0,0;8,7;18,5;13,591666666666667;74,95833333333333;983,5208333333334;2,775;10,77;B828;4300034;Acegua;-31,87472221;-54,11972221;271,0
2026-07-11;0,0;11,5;14,9;12,754166666666668;93,20833333333333;982,85;2,7125;4,06;B828;4300034;Acegua;-31,87472221;-54,11972221;271,0
2026-07-12;0,8;7,5;12,4;9,745833333333334;96,0;986,5666666666666;5,970833333333334;7,79;B828;4300034;Acegua;-31,87472221;-54,11972221;271,0
2026-07-13;0,6000000000000001;7,4;11,1;8,895833333333334;96,66666666666667;991,7458333333334;3,4916666666666667;4,89;B828;4300034;Acegua;-31,87472221;-54,11972221;271,0
2026-07-14;4,4;6,6;18,4;11,3125;83,16666666666667;989,8083333333334;4,754166666666666;12,86;B828;4300034;Acegua;-31,87472221;-54,11972221;271,0
2026-07-15;0,0;7,7;21,4;13,008333333333333;80,29166666666667;985,1583333333333;5,3999999999999995;13,61;B828;4300034;Acegua;-31,87472221;-54,11972221;271,0
2026-07-16;0,0;12,2;26,3;17,991666666666667;66,66666666666667;979,6291666666666;6,408333333333334;8,78;B828;4300034;Acegua;-31,87472221;-54,11972221;271,0
2026-07-17;2,2;19,4;28,5;23,025000000000002;63,791666666666664;971,8458333333333;8,424999999999999;6,93;B828;4300034;Acegua;-31,87472221;-54,11972221;271,0
2026-07-18;13,4;16,5;25,8;20,337500000000002;84,91666666666667;971,6;5,616666666666667;1,96;B828;4300034;Acegua;-31,87472221;-54,11972221;271,0
2026-07-19;42,0;14,7;19,9;16,3625;94,20833333333333;972,1999999999999;5,466666666666666;0,76;B828;4300034;Acegua;-31,87472221;-54,11972221;271,0
2026-07-20;45,0;15,7;17,0;16,395833333333332;99,41666666666667;975,6416666666668;3,141666666666667;1,35;B828;4300034;Acegua;-31,87472221;-54,11972221;271,0
2026-07-21;2,2;14,6;16,6;15,416666666666666;100,0;977,1750000000001;1,9041666666666668;2,28;B828;4300034;Acegua;-31,87472221;-54,11972221;271,0
2026-07-22;7,0;11,9;15,9;13,979166666666666;97,83333333333333;981,9541666666668;3,579166666666667;5,53;B828;4300034;Acegua;-31,87472221;-54,11972221;271,0
2026-07-23;0,4;9,5;16,0;11,979166666666666;90,95833333333333;989,0791666666668;3,4166666666666665;8,53;B828;4300034;Acegua;-31,87472221;-54,11972221;271,0
2026-07-24;0,0;9,0;16,6;12,012500000000001;93,16666666666667;988,1916666666666;3,2916666666666665;7,8;B828;4300034;Acegua;-31,87472221;-54,11972221;271,0
2026-07-25;0,2;11,4;18,9;14,0875;94,33333333333333;986,8416666666667;2,125;11,55;B828;4300034;Acegua;-31,87472221;-54,11972221;271,0
2026-07-26;0,2;13,3;16,6;14,895833333333334;99,125;984,8000000000001;2,5416666666666665;2,97;B828;4300034;Acegua;-31,87472221;-54,11972221;271,0
2026-07-27;9,4;13,1;18,8;15,195833333333333;98,41666666666667;981,2375000000001;3,408333333333333;4,63;B828;4300034;Acegua;-31,87472221;-54,11972221;271,0
2026-07-28;9,6;14,2;19,9;16,670833333333334;95,91666666666667;977,7458333333334;0,9625;7,03;B828;4300034;Acegua;-31,87472221;-54,11972221;271,0
2026-07-29;6,6;12,6;16,2;13,720833333333333;97,95833333333333;982,5375;3,3208333333333333;5,21;B828;4300034;Acegua;-31,87472221;-54,11972221;271,0
2026-07-30;0,6000000000000001;11,6;18,1;13,775;90,91666666666667;989,2541666666666;4,558333333333334;10,21;B828;4300034;Acegua;-31,87472221;-54,11972221;271,0
2026-07-31;0,0;12,3;25,6;17,658333333333335;85,625;984,0124999999999;6,195833333333333;13,9;B828;4300034;Acegua;-31,87472221;-54,11972221;271,0
2026-08-01;8,8;14,1;21,6;17,133333333333333;91,83333333333333;978,3791666666666;5,5;1,59;B828;4300034;Acegua;-31,87472221;-54,11972221;271,0
2026-08-02;0,8;12,4;17,3;14,378260869565217;95,56521739130434;985,8521739130434;4,9875;4,49;B828;4300034;Acegua;-31,87472221;-54,11972221;271,0
2026-08-03;8,6;13,0;20,8;15,704166666666666;96,33333333333333;984,6708333333332;3,4458333333333333;6,17;B828;4300034;Acegua;-31,87472221;-54,11972221;271,0
2026-08-04;25,0;15,6;21,1;17,883333333333333;96,91666666666667;983,5833333333334;1,3375000000000001;6,72;B828;4300034;Acegua;-31,87472221;-54,11972221;271,0
2026-08-05;0,4;14,4;22,4;16,933333333333334;95,0;981,8708333333334;2,2708333333333335;7,97;B828;4300034;Acegua;-31,87472221;-54,11972221;271,0
2026-08-06;15,399999999999999;13,8;24,7;17,379166666666666;91,66666666666667;973,4666666666667;3,1;8,13;B828;4300034;Acegua;-31,87472221;-54,11972221;271,0
2026-08-07;1,2;6,5;14,5;9,541666666666666;79,91666666666667;978,3833333333333;5,641666666666667;14,7;B828;4300034;Acegua;-31,87472221;-54,11972221;271,0
2026-08-08;0,0;4,9;13,7;8,541666666666666;81,20833333333333;977,5500000000001;3,4583333333333335;10,23;B828;4300034;Acegua;-31,87472221;-54,11972221;271,0
2026-08-09;0,0;3,1;13,5;11,433333333333332;46,333333333333336;990,5;4,754166666666666;4,74;B828;4300034;Acegua;-31,87472221;-54,11972221;271,0
2026-08-10;0,0;2,7;12,1;7,133333333333333;70,125;998,35;3,8083333333333336;14,88;B828;4300034;Acegua;-31,87472221;-54,11972221;271,0
2026-08-11;0,0;3,5;13,9;7,765217391304348;80,58333333333333;998,1652173913043;3,9499999999999997;13,42;B828;4300034;Acegua;-31,87472221;-54,11972221;271,0
2026-08-12;10,0;9,0;11,5;9,975;95,125;988,875;4,020833333333333;2,05;B828;4300034;Acegua;-31,87472221;-54,11972221;271,0
2026-08-13;11,0;8,3;10,2;9,2875;99,75;987,9;2,154166666666667;1,6;B828;4300034;Acegua;-31,87472221;-54,11972221;271,0
2026-08-14;0,2;8,1;14,8;11,470833333333333;94,66666666666667;990,7875;2,3958333333333335;6,37;B828;4300034;Acegua;-31,87472221;-54,11972221;271,0
2026-08-15;0,0;13,0;20,4;15,508333333333333;89,91666666666667;986,5500000000001;2,8541666666666665;7,29;B828;4300034;Acegua;-31,87472221;-54,11972221;271,0
2026-08-16;88,4;16,2;18,2;17,125;99,04166666666667;980,7916666666666;0,2791666666666667;1,3;B828;4300034;Acegua;-31,87472221;-54,11972221;271,0
2026-08-17;19,8;14,7;18,3;17,4625;99,20833333333333;980,7291666666666;1,7458333333333333;1,1;B828;4300034;Acegua;-31,87472221;-54,11972221;271,0
2026-08-18;61,0;11,8;16,9;14,804166666666667;100,0;983,8291666666668;1,7166666666666668;2,15;B828;4300034;Acegua;-31,87472221;-54,11972221;271,0
2026-08-19;8,2;10,6;12,5;11,579166666666666;100,0;988,5208333333334;4,770833333333333;1,99;B828;4300034;Acegua;-31,87472221;-54,11972221;271,0
2026-08-20;0,0;;;;;;;0,0;B828;4300034;Acegua;-31,87472221;-54,11972221;271,0
2026-08-21;0,0;;;;;;;0,0;B828;4300034;Acegua;-31,87472221;-54,11972221;271,0
2026-08-22;0,0;;;;;;;0,0;B828;4300034;Acegua;-31,87472221;-54,11972221;271,0
2026-08-23;0,0;;;;;;;0,0;B828;4300034;Acegua;-31,87472221;-54,11972221;271,0
2026-08-24;0,0;;;;;;;0,0;B828;4300034;Acegua;-31,87472221;-54,11972221;271,0
2026-08-25;0,0;;;;;;;0,0;B828;4300034;Acegua;-31,87472221;-54,11972221;271,0
2026-08-26;0,0;;;;;;;0,0;B828;4300034;Acegua;-31,87472221;-54,11972221;271,0
2026-08-27;0,0;;;;;;;0,0;B828;4300034;Acegua;-31,87472221;-54,11972221;271,0
2026-08-28;0,0;;;;;;;0,0;B828;4300034;Acegua;-31,87472221;-54,11972221;271,0
2026-08-29;0,0;;;;;;;0,0;B828;4300034;Acegua;-31,87472221;-54,11972221;271,0
2026-08-30;0,0;;;;;;;0,0;B828;4300034;Acegua;-31,87472221;-54,11972221;271,0
2026-08-31;0,0;;;;;;;0,0;B828;4300034;Acegua;-31,87472221;-54,11972221;271,0
