date;precip_mm;temp_min;temp_max;temp_avg;humidity_avg;pressure_avg;wind_speed;solar_radiation;station_id;codigo_ibge;municipio;lat;lon;altitude;precip_tomorrow;rain_tomorrow;precip_lag_1d;precip_lag_2d;precip_sum_3d;precip_sum_7d;rain_days_7d;pressure_change_24h;dry_days;temp_avg_3d;humidity_avg_3d;day_of_year_sin;day_of_year_cos
2026-01-07;0,4;22,3;32,9;25,679;74,5;1008,3;3,021;20,19;A802;4315602;Rio Grande;-32,079;-52,168;4,92;3,0;1;0,0;0,0;0,4;0,4;0,0;-3,938;7,0;22,089;69,361;0,12;0,993
2026-01-08;3,0;20,5;23,9;21,73;84,087;1012,657;2,557;6,79;A802;4315602;Rio Grande;-32,079;-52,168;4,92;0,0;0;0,4;0,0;3,4;3,4;1,0;4,357;0,0;23,475;74,21;0,137;0,991
2026-01-09;0,0;21,1;23,6;22,304;83,875;1013,554;4,592;6,67;A802;4315602;Rio Grande;-32,079;-52,168;4,92;13,4;1;3,0;0,4;3,4;3,4;1,0;0,898;1,0;23,238;80,821;0,154;0,988
2026-01-10;13,4;21,7;31,9;25,642;80,917;1004,938;4,342;24,07;A802;4315602;Rio Grande;-32,079;-52,168;4,92;0,4;0;0,0;3,0;16,4;16,8;2,0;-8,617;0,0;23,225;82,96;0,171;0,985
2026-01-11;0,4;18,2;27,1;22,746;78,542;1003,129;3,6;24,38;A802;4315602;Rio Grande;-32,079;-52,168;4,92;10,2;1;13,4;0,0;13,8;17,2;2,0;-1,808;1,0;23,564;81,111;0,188;0,982
2026-01-12;10,2;18,7;24,7;21,704;90,833;1007,412;1,367;12,54;A802;4315602;Rio Grande;-32,079;-52,168;4,92;0,0;0;0,4;13,4;24,0;27,4;3,0;4,283;0,0;23,364;83,431;0,205;0,979
2026-01-13;0,0;18,5;29,2;23,642;84,708;1008,933;1,312;21,67;A802;4315602;Rio Grande;-32,079;-52,168;4,92;0,0;0;10,2;0,4;10,6;27,4;3,0;1,521;1,0;22,697;84,694;0,222;0,975
2026-01-14;0,0;21,4;30,2;25,412;85,458;1009,562;1,917;22,26;A802;4315602;Rio Grande;-32,079;-52,168;4,92;0,0;0;0,0;10,2;10,2;27,0;3,0;0,629;2,0;23,586;87,0;0,239;0,971
2026-01-15;0,0;24,4;33,8;28,25;79,125;1007,938;2,971;29,74;A802;4315602;Rio Grande;-32,079;-52,168;4,92;7,2;1;0,0;0,0;0,0;24,0;2,0;-1,625;3,0;25,768;83,097;0,255;0,967
2026-01-16;7,2;21,9;28,9;25,958;85,5;1008,654;2,592;8,67;A802;4315602;Rio Grande;-32,079;-52,168;4,92;0,0;0;0,0;0,0;7,2;31,2;3,0;0,717;0,0;26,54;83,361;0,272;0,962
2026-01-17;0,0;18,7;28,0;23,838;81,583;1009,408;1,963;31,4;A802;4315602;Rio Grande;-32,079;-52,168;4,92;0,0;0;7,2;0,0;7,2;17,8;2,0;0,754;1,0;26,015;82,069;0,288;0,958
2026-01-18;0,0;19,5;28,6;24,088;78,708;1006,925;2,425;27,43;A802;4315602;Rio Grande;-32,079;-52,168;4,92;0,0;0;0,0;7,2;7,2;17,4;2,0;-2,483;2,0;24,628;81,931;0,305;0,952
2026-01-19;0,0;17,9;24,9;21,648;54,0;1014,43;2,887;27,71;A802;4315602;Rio Grande;-32,079;-52,168;4,92;6,4;1;0,0;0,0;0,0;7,2;1,0;7,505;3,0;23,191;71,431;0,321;0,947
2026-01-20;6,4;16,5;22,8;20,142;68,792;1015,229;1,829;10,77;A802;4315602;Rio Grande;-32,079;-52,168;4,92;0,0;0;0,0;0,0;6,4;13,6;2,0;0,799;0,0;21,959;67,167;0,337;0,941
2026-01-21;0,0;14,3;25,6;21,279;63,125;1015,204;2,717;30,79;A802;4315602;Rio Grande;-32,079;-52,168;4,92;0,4;0;6,4;0,0;6,4;13,6;2,0;-0,025;1,0;21,023;61,972;0,353;0,935
2026-01-22;0,4;19,5;26,7;22,946;69,917;1014,942;4,517;27,84;A802;4315602;Rio Grande;-32,079;-52,168;4,92;0,0;0;0,0;6,4;6,8;14,0;2,0;-0,263;2,0;21,456;67,278;0,369;0,929
2026-01-23;0,0;18,0;26,4;23,004;66,667;1015,558;4,179;27,75;A802;4315602;Rio Grande;-32,079;-52,168;4,92;0,0;0;0,4;0,0;0,4;6,8;1,0;0,617;3,0;22,41;66,569;0,385;0,923
2026-01-24;0,0;16,9;27,2;23,292;68,25;1014,546;3,883;29,79;A802;4315602;Rio Grande;-32,079;-52,168;4,92;0,0;0;0,0;0,4;0,4;6,8;1,0;-1,013;4,0;23,081;68,278;0,401;0,916
2026-01-25;0,0;21,8;28,5;24,346;78,5;1014,283;4,788;28,48;A802;4315602;Rio Grande;-32,079;-52,168;4,92;0,0;0;0,0;0,0;0,0;6,8;1,0;-0,262;5,0;23,547;71,139;0,417;0,909
2026-01-26;0,0;21,8;29,2;24,946;78,5;1013,396;4,633;28,09;A802;4315602;Rio Grande;-32,079;-52,168;4,92;0,0;0;0,0;0,0;0,0;6,8;1,0;-0,887;6,0;24,194;75,083;0,432;0,902
2026-01-27;0,0;22,8;30,1;25,571;83,333;1011,725;3,467;28,61;A802;4315602;Rio Grande;-32,079;-52,168;4,92;0,0;0;0,0;0,0;0,0;0,4;0,0;-1,671;7,0;24,954;80,111;0,448;0,894
2026-01-28;0,0;22,6;29,8;25,642;87,083;1010,871;2,846;28,15;A802;4315602;Rio Grande;-32,079;-52,168;4,92;0,0;0;0,0;0,0;0,0;0,4;0,0;-0,854;8,0;25,386;82,972;0,463;0,886
2026-01-29;0,0;24,6;29,6;26,171;84,875;1010,767;2,742;22,75;A802;4315602;Rio Grande;-32,079;-52,168;4,92;0,2;0;0,0;0,0;0,0;0,0;0,0;-0,104;9,0;25,794;85,097;0,478;0,878
2026-01-30;0,2;23,1;29,1;25,171;78,25;1010,05;2,721;24,37;A802;4315602;Rio Grande;-32,079;-52,168;4,92;7,0;1;0,0;0,0;0,2;0,2;0,0;-0,717;10,0;25,661;83,403;0,493;0,87
2026-01-31;7,0;20,3;27,7;23,787;75,833;1006,783;2,675;22,74;A802;4315602;Rio Grande;-32,079;-52,168;4,92;14,2;1;0,2;0,0;7,2;7,2;1,0;-3,267;0,0;25,043;79,653;0,508;0,861
2026-02-01;14,2;18,8;25,9;21,775;86,875;1002,925;2,85;16,18;A802;4315602;Rio Grande;-32,079;-52,168;4,92;0,0;0;7,0;0,2;21,4;21,4;2,0;-3,858;0,0;23,578;80,319;0,523;0,852
2026-02-02;0,0;17,0;28,5;22,946;79,542;1005,346;2,25;28,01;A802;4315602;Rio Grande;-32,079;-52,168;4,92;0,0;0;14,2;7,0;21,2;21,4;2,0;2,421;1,0;22,836;80,75;0,538;0,843
2026-02-03;0,0;22,8;33,2;26,442;74,875;1004,788;3,275;30,28;A802;4315602;Rio Grande;-32,079;-52,168;4,92;0,0;0;0,0;14,2;14,2;21,4;2,0;-0,558;2,0;23,721;80,431;0,552;0,834
2026-02-04;0,0;22,2;32,8;27,196;70,958;1006,717;2,896;29,13;A802;4315602;Rio Grande;-32,079;-52,168;4,92;0,0;0;0,0;0,0;0,0;21,4;2,0;1,929;3,0;25,528;75,125;0,566;0,824
2026-02-05;0,0;24,4;33,3;27,321;76,917;1008,688;3,475;29,34;A802;4315602;Rio Grande;-32,079;-52,168;4,92;0,0;0;0,0;0,0;0,0;21,4;2,0;1,971;4,0;26,986;74,25;0,58;0,814
2026-02-06;0,0;23,0;29,8;25,675;80,542;1008,471;3,421;12,14;A802;4315602;Rio Grande;-32,079;-52,168;4,92;0,0;0;0,0;0,0;0,0;21,2;2,0;-0,217;5,0;26,731;76,139;0,594;0,804
2026-02-07;0,0;18,2;27,9;23,508;62,042;1012,454;1,942;29,99;A802;4315602;Rio Grande;-32,079;-52,168;4,92;0,0;0;0,0;0,0;0,0;14,2;1,0;3,983;6,0;25,501;73,167;0,608;0,794
2026-02-08;0,0;15,0;28,1;22,738;70,792;1012,967;2,471;30,37;A802;4315602;Rio Grande;-32,079;-52,168;4,92;0,0;0;0,0;0,0;0,0;0,0;0,0;0,512;7,0;23,974;71,125;0,622;0,783
2026-02-09;0,0;21,5;29,0;24,646;66,833;1010,317;4,454;23,86;A802;4315602;Rio Grande;-32,079;-52,168;4,92;0,0;0;0,0;0,0;0,0;0,0;0,0;-2,65;8,0;23,631;66,556;0,635;0,772
2026-02-10;0,0;23,7;32,9;26,988;76,792;1006,15;3,625;25,8;A802;4315602;Rio Grande;-32,079;-52,168;4,92;0,0;0;0,0;0,0;0,0;0,0;0,0;-4,167;9,0;24,79;71,472;0,648;0,761
2026-02-11;0,0;25,3;38,6;30,296;65,375;1004,35;3,442;26,57;A802;4315602;Rio Grande;-32,079;-52,168;4,92;38,1;1;0,0;0,0;0,0;0,0;0,0;-1,8;10,0;27,31;69,667;0,661;0,75
2026-02-12;38,1;20,1;30,7;24,942;87,333;1007,808;2,4;3,82;A802;4315602;Rio Grande;-32,079;-52,168;4,92;0,0;0;0,0;0,0;38,1;38,1;1,0;3,458;0,0;27,408;76,5;0,674;0,739
2026-02-13;0,0;19,2;28,4;22,888;84,375;1012,1;2,812;21,53;A802;4315602;Rio Grande;-32,079;-52,168;4,92;0,0;0;38,1;0,0;38,1;38,1;1,0;4,292;1,0;26,042;79,028;0,687;0,727
2026-02-14;0,0;21,1;26,4;23,392;63,833;1017,054;2,871;27,77;A802;4315602;Rio Grande;-32,079;-52,168;4,92;0,0;0;0,0;38,1;38,1;38,1;1,0;4,954;2,0;23,74;78,514;0,699;0,715
2026-02-15;0,0;21,6;29,9;24,646;73,125;1012,546;4,408;18,74;A802;4315602;Rio Grande;-32,079;-52,168;4,92;3,8;1;0,0;0,0;0,0;38,1;1,0;-4,508;3,0;23,642;73,778;0,711;0,703
2026-02-16;3,8;23,0;30,7;26,079;82,833;1008,679;2,85;24,4;A802;4315602;Rio Grande;-32,079;-52,168;4,92;0,0;0;0,0;0,0;3,8;41,9;2,0;-3,867;0,0;24,706;73,264;0,723;0,691
2026-02-17;0,0;19,8;30,2;23,708;84,208;1009,512;1,562;22,89;A802;4315602;Rio Grande;-32,079;-52,168;4,92;0,0;0;3,8;0,0;3,8;41,9;2,0;0,833;1,0;24,811;80,056;0,735;0,678
2026-02-18;0,0;18,6;28,5;23,638;82,125;1009,971;1,888;29,59;A802;4315602;Rio Grande;-32,079;-52,168;4,92;0,0;0;0,0;3,8;3,8;41,9;2,0;0,458;2,0;24,475;83,056;0,747;0,665
2026-02-19;0,0;22,4;29,1;24,946;73,542;1008,092;2,675;17,8;A802;4315602;Rio Grande;-32,079;-52,168;4,92;2,8;1;0,0;0,0;0,0;3,8;1,0;-1,879;3,0;24,097;79,958;0,758;0,652
2026-02-20;2,8;20,4;28,6;24,354;77,917;1009,358;2,075;23,7;A802;4315602;Rio Grande;-32,079;-52,168;4,92;0,4;0;0,0;0,0;2,8;6,6;2,0;1,267;0,0;24,312;77,861;0,769;0,639
2026-02-21;0,4;18,2;28,0;22,208;84,174;1013,312;1,875;20,22;A802;4315602;Rio Grande;-32,079;-52,168;4,92;0,2;0;2,8;0,0;3,2;7,0;2,0;3,954;1,0;23,836;78,544;0,78;0,626
2026-02-22;0,2;22,2;28,3;24,729;74,25;1014,412;4,679;21,51;A802;4315602;Rio Grande;-32,079;-52,168;4,92;0,0;0;0,4;2,8;3,4;7,2;2,0;1,1;2,0;23,764;78,78;0,791;0,612
2026-02-23;0,0;22,2;28,9;24,883;76,333;1011,129;5,342;21,46;A802;4315602;Rio Grande;-32,079;-52,168;4,92;7,4;1;0,2;0,4;0,6;3,4;1,0;-3,283;3,0;23,94;78,252;0,801;0,599
2026-02-24;7,4;22,2;26,1;23,946;86,708;1005,462;4,479;7,67;A802;4315602;Rio Grande;-32,079;-52,168;4,92;0,2;0;0,0;0,2;7,6;10,8;2,0;-5,667;0,0;24,519;79,097;0,811;0,585
2026-02-25;0,2;19,6;25,6;22,796;82,125;1004,8;3,996;21,92;A802;4315602;Rio Grande;-32,079;-52,168;4,92;0,0;0;7,4;0,0;7,6;11,0;2,0;-0,662;1,0;23,875;81,722;0,821;0,571
2026-02-26;0,0;12,6;23,9;18,658;69,458;1008,538;2,492;20,76;A802;4315602;Rio Grande;-32,079;-52,168;4,92;0,0;0;0,2;7,4;7,6;11,0;2,0;3,737;2,0;21,8;79,431;0,831;0,557
2026-02-27;0,0;11,8;25,5;18,321;73,75;1010,258;1,875;27,92;A802;4315602;Rio Grande;-32,079;-52,168;4,92;0,0;0;0,0;0,2;0,2;8,2;1,0;1,721;3,0;19,925;75,111;0,84;0,542
2026-02-28;0,0;15,2;26,8;21,871;66,333;1011,346;2,554;19,75;A802;4315602;Rio Grande;-32,079;-52,168;4,92;0,0;0;0,0;0,0;0,0;7,8;1,0;1,087;4,0;19,617;69,847;0,849;0,528
2026-03-01;0,0;20,2;26,6;23,267;64,417;1012,242;3,238;26,09;A802;4315602;Rio Grande;-32,079;-52,168;4,92;0,0;0;0,0;0,0;0,0;7,6;1,0;0,896;5,0;21,153;68,167;0,858;0,513
2026-03-02;0,0;21,0;28,3;23,95;60,708;1010,067;4,604;22,96;A802;4315602;Rio Grande;-32,079;-52,168;4,92;0,0;0;0,0;0,0;0,0;7,6;1,0;-2,175;6,0;23,029;63,819;0,867;0,498
2026-03-03;0,0;21,6;29,3;24,683;72,333;1008,846;4,746;26,27;A802;4315602;Rio Grande;-32,079;-52,168;4,92;1,6;1;0,0;0,0;0,0;0,2;0,0;-1,221;7,0;23,967;65,819;0,876;0,483
2026-03-04;1,6;22,2;28,9;24,329;80,25;1009,096;3,971;14,68;A802;4315602;Rio Grande;-32,079;-52,168;4,92;0,0;0;0,0;0,0;1,6;1,6;1,0;0,25;0,0;24,321;71,097;0,884;0,468
2026-03-05;0,0;22,1;27,4;24,162;83,292;1011,604;2,462;12,57;A802;4315602;Rio Grande;-32,079;-52,168;4,92;0,0;0;1,6;0,0;1,6;1,6;1,0;2,508;1,0;24,392;78,625;0,892;0,453
2026-03-06;0,0;22,6;27,7;24,4;84,0;1011,804;3,242;20,29;A802;4315602;Rio Grande;-32,079;-52,168;4,92;40,6;1;0,0;1,6;1,6;1,6;1,0;0,2;2,0;24,297;82,514;0,899;0,437
2026-03-07;40,6;20,6;24,9;22,717;89,917;1007,512;2,646;10,8;A802;4315602;Rio Grande;-32,079;-52,168;4,92;0,2;0;0,0;0,0;40,6;42,2;2,0;-4,292;0,0;23,76;85,736;0,907;0,422
2026-03-08;0,2;20,7;25,5;22,787;69,542;1011,921;2,792;22,36;A802;4315602;Rio Grande;-32,079;-52,168;4,92;0,0;0;40,6;0,0;40,8;42,4;2,0;4,408;1,0;23,301;81,153;0,914;0,406
2026-03-09;0,0;18,2;25,1;21,688;62,542;1016,117;2,808;15,11;A802;4315602;Rio Grande;-32,079;-52,168;4,92;5,0;1;0,2;40,6;40,8;42,4;2,0;4,196;2,0;22,397;74,0;0,921;0,39
2026-03-10;5,0;19,5;22,2;21,1;78,417;1016,2;4,092;5,18;A802;4315602;Rio Grande;-32,079;-52,168;4,92;8,2;1;0,0;0,2;5,2;47,4;3,0;0,083;0,0;21,858;70,167;0,927;0,374
2026-03-11;8,2;19,5;24,8;21,704;89,083;1012,942;4,021;11,38;A802;4315602;Rio Grande;-32,079;-52,168;4,92;1,4;1;5,0;0,0;13,2;54,0;3,0;-3,258;0,0;21,497;76,681;0,934;0,358
2026-03-12;1,4;19,8;26,5;22,608;82,125;1010,954;3,346;22,16;A802;4315602;Rio Grande;-32,079;-52,168;4,92;0,4;0;8,2;5,0;14,6;55,4;4,0;-1,987;0,0;21,804;83,208;0,94;0,342
2026-03-13;0,4;16,5;26,6;21,596;83,708;1008,788;1,729;21,43;A802;4315602;Rio Grande;-32,079;-52,168;4,92;0,4;0;1,4;8,2;10,0;55,8;4,0;-2,167;1,0;21,969;84,972;0,945;0,326
2026-03-14;0,4;16,8;27,6;21,275;87,125;1006,617;1,717;19,38;A802;4315602;Rio Grande;-32,079;-52,168;4,92;0,0;0;0,4;1,4;2,2;15,6;3,0;-2,171;2,0;21,826;84,319;0,951;0,31
2026-03-15;0,0;17,8;28,2;22,242;85,917;1006,05;1,817;24,57;A802;4315602;Rio Grande;-32,079;-52,168;4,92;0,0;0;0,4;0,4;0,8;15,4;3,0;-0,567;3,0;21,704;85,583;0,956;0,293
2026-03-16;0,0;22,0;29,9;24,654;86,5;1008,133;3,829;22,48;A802;4315602;Rio Grande;-32,079;-52,168;4,92;0,8;0;0,0;0,4;0,4;15,4;3,0;2,083;4,0;22,724;86,514;0,961;0,277
2026-03-17;0,8;24,2;27,1;25,262;90,042;1007,917;3,592;5,76;A802;4315602;Rio Grande;-32,079;-52,168;4,92;0,0;0;0,0;0,0;0,8;11,2;2,0;-0,217;5,0;24,053;87,486;0,966;0,26
2026-03-18;0,0;22,4;29,2;25,242;88,167;1007,122;2,729;13,52;A802;4315602;Rio Grande;-32,079;-52,168;4,92;0,0;0;0,8;0,0;0,8;3,0;1,0;-0,795;6,0;25,053;88,236;0,97;0,244
2026-03-19;0,0;19,8;28,0;23,588;86,208;1008,167;1,983;21,81;A802;4315602;Rio Grande;-32,079;-52,168;4,92;0,4;0;0,0;0,8;0,8;1,6;0,0;1,045;7,0;24,697;88,139;0,974;0,227
2026-03-20;0,4;21,5;27,5;24,221;83,042;1007,938;3,55;23,02;A802;4315602;Rio Grande;-32,079;-52,168;4,92;6,4;1;0,0;0,0;0,4;1,6;0,0;-0,229;8,0;24,35;85,806;0,978;0,21
2026-03-21;6,4;22,5;29,3;25,008;80,0;1004,854;4,917;15,08;A802;4315602;Rio Grande;-32,079;-52,168;4,92;0,0;0;0,4;0,0;6,8;7,6;1,0;-3,083;0,0;24,272;83,083;0,981;0,193
2026-03-22;0,0;18,8;25,2;22,733;83,5;1007,758;2,638;19,64;A802;4315602;Rio Grande;-32,079;-52,168;4,92;15,0;1;6,4;0,4;6,8;7,6;1,0;2,904;1,0;23,988;82,181;0,984;0,176
2026-03-23;15,0;20,4;26,1;23,258;88,708;1006,317;3,113;3,72;A802;4315602;Rio Grande;-32,079;-52,168;4,92;0,8;0;0,0;6,4;21,4;22,6;2,0;-1,442;0,0;23,667;84,069;0,987;0,16
2026-03-24;0,8;15,9;24,7;20,525;76,917;1007,958;2,583;24,14;A802;4315602;Rio Grande;-32,079;-52,168;4,92;0,0;0;15,0;0,0;15,8;22,6;2,0;1,642;1,0;22,172;83,042;0,99;0,143
2026-03-25;0,0;12,5;24,9;18,167;84,125;1012,304;1,383;13,2;A802;4315602;Rio Grande;-32,079;-52,168;4,92;0,0;0;0,8;15,0;15,8;22,6;2,0;4,346;2,0;20,65;83,25;0,992;0,125
2026-03-26;0,0;19,9;25,3;22,142;86,125;1013,708;1,833;10,18;A802;4315602;Rio Grande;-32,079;-52,168;4,92;0,0;0;0,0;0,8;0,8;22,6;2,0;1,404;3,0;20,278;82,389;0,994;0,108
2026-03-27;0,0;22,7;30,1;25,321;89,0;1013,154;2,404;19,56;A802;4315602;Rio Grande;-32,079;-52,168;4,92;0,0;0;0,0;0,0;0,0;22,2;2,0;-0,554;4,0;21,876;86,417;0,996;0,091
2026-03-28;0,0;21,9;29,8;25,154;92,333;1013,879;1,533;14,93;A802;4315602;Rio Grande;-32,079;-52,168;4,92;0,0;0;0,0;0,0;0,0;15,8;1,0;0,725;5,0;24,206;89,153;0,997;0,074
2026-03-29;0,0;23,7;28,9;25,571;90,375;1014,275;1,717;12,61;A802;4315602;Rio Grande;-32,079;-52,168;4,92;15,8;1;0,0;0,0;0,0;15,8;1,0;0,396;6,0;25,349;90,569;0,998;0,057
2026-03-30;15,8;22,6;26,6;24,713;93,167;1013,5;3,338;7,91;A802;4315602;Rio Grande;-32,079;-52,168;4,92;0,0;0;0,0;0,0;15,8;16,6;1,0;-0,775;0,0;25,146;91,958;0,999;0,04
2026-03-31;0,0;22,7;28,5;25,037;84,375;1011,396;4,388;20,71;A802;4315602;Rio Grande;-32,079;-52,168;4,92;0,0;0;15,8;0,0;15,8;15,8;1,0;-2,104;1,0;25,107;89,306;1,0;0,023
2026-04-01;0,0;17,7;26,7;23,896;79,708;1009,261;2,575;20,7;A802;4315602;Rio Grande;-32,079;-52,168;4,92;0,0;0;0,0;15,8;15,8;15,8;1,0;-2,135;2,0;24,549;85,75;1,0;0,005
2026-04-02;0,0;18,3;27,7;23,271;87,458;1008,108;1,396;15,76;A802;4315602;Rio Grande;-32,079;-52,168;4,92;0,0;0;0,0;0,0;0,0;15,8;1,0;-1,153;3,0;24,068;83,847;1,0;-0,012
2026-04-03;0,0;18,8;27,9;22,688;88,833;1009,858;1,329;16,11;A802;4315602;Rio Grande;-32,079;-52,168;4,92;0,4;0;0,0;0,0;0,0;15,8;1,0;1,75;4,0;23,285;85,333;1,0;-0,029
2026-04-04;0,4;18,9;28,2;22,208;89,833;1011,167;2,171;11,31;A802;4315602;Rio Grande;-32,079;-52,168;4,92;0,8;0;0,0;0,0;0,4;16,2;1,0;1,308;5,0;22,722;88,708;0,999;-0,046
2026-04-05;0,8;17,8;23,5;20,079;63,542;1017,792;2,296;16,51;A802;4315602;Rio Grande;-32,079;-52,168;4,92;1,4;1;0,4;0,0;1,2;17,0;1,0;6,625;6,0;21,658;80,736;0,998;-0,063
2026-04-06;1,4;19,3;24,4;21,95;68,917;1015,821;4,104;5,02;A802;4315602;Rio Grande;-32,079;-52,168;4,92;7,6;1;0,8;0,4;2,6;2,6;1,0;-1,971;0,0;21,412;74,097;0,997;-0,081
2026-04-07;7,6;21,5;23,7;22,758;89,75;1005,992;4,871;3,97;A802;4315602;Rio Grande;-32,079;-52,168;4,92;0,6;0;1,4;0,8;9,8;10,2;2,0;-9,829;0,0;21,596;74,069;0,995;-0,098
2026-04-08;0,6;18,5;24,4;21,287;82,167;999,871;5,829;12,69;A802;4315602;Rio Grande;-32,079;-52,168;4,92;0,0;0;7,6;1,4;9,6;10,8;2,0;-6,121;1,0;21,999;80,278;0,993;-0,115
2026-04-09;0,0;16,1;23,6;19,021;81,0;1010,696;3,1;17,82;A802;4315602;Rio Grande;-32,079;-52,168;4,92;0,0;0;0,6;7,6;8,2;10,8;2,0;10,825;2,0;21,022;84,306;0,991;-0,132
2026-04-10;0,0;12,6;23,9;17,029;80,667;1015,692;1,604;18,95;A802;4315602;Rio Grande;-32,079;-52,168;4,92;0,0;0;0,0;0,6;0,6;10,8;2,0;4,996;3,0;19,112;81,278;0,989;-0,149
2026-04-11;0,0;12,5;25,9;18,371;85,25;1016,242;2,462;19,77;A802;4315602;Rio Grande;-32,079;-52,168;4,92;0,4;0;0,0;0,0;0,0;10,4;2,0;0,55;4,0;18,14;82,306;0,986;-0,166
2026-04-12;0,4;21,5;26,6;23,079;79,417;1013,438;4,024;13,75;A802;4315602;Rio Grande;-32,079;-52,168;4,92;0,0;0;0,0;0,0;0,4;10,0;2,0;-2,804;5,0;19,493;81,778;0,983;-0,183
2026-04-13;0,0;18,7;25,7;21,967;87,542;1013,938;1,646;16,82;A802;4315602;Rio Grande;-32,079;-52,168;4,92;0,0;0;0,4;0,0;0,4;8,6;1,0;0,5;6,0;21,139;84,069;0,98;-0,2
2026-04-14;0,0;21,2;26,3;23,083;87,458;1013,071;3,542;13,5;A802;4315602;Rio Grande;-32,079;-52,168;4,92;0,0;0;0,0;0,4;0,4;1,0;0,0;-0,867;7,0;22,71;84,806;0,976;-0,217
2026-04-15;0,0;22,4;26,7;23,771;85,125;1011,183;7,5;13,39;A802;4315602;Rio Grande;-32,079;-52,168;4,92;15,2;1;0,0;0,0;0,0;0,4;0,0;-1,887;8,0;22,94;86,708;0,972;-0,233
2026-04-16;15,2;21,0;24,1;22,762;89,333;1006,025;;6,24;A802;4315602;Rio Grande;-32,079;-52,168;4,92;1,0;1;0,0;0,0;15,2;15,6;1,0;-5,158;0,0;23,206;87,306;0,968;-0,25
2026-04-17;1,0;19,9;24,5;22,304;85,333;1001,567;4,0;8,91;A802;4315602;Rio Grande;-32,079;-52,168;4,92;0,0;0;15,2;0,0;16,2;16,6;2,0;-4,458;0,0;22,946;86,597;0,964;-0,267
2026-04-18;0,0;17,5;26,1;20,925;80,708;1004,321;3,129;18,02;A802;4315602;Rio Grande;-32,079;-52,168;4,92;0,0;0;1,0;15,2;16,2;16,6;2,0;2,754;1,0;21,997;85,125;0,959;-0,283
2026-04-19;0,0;15,0;27,0;20,108;84,625;1008,887;1,85;17,66;A802;4315602;Rio Grande;-32,079;-52,168;4,92;0,0;0;0,0;1,0;1,0;16,2;2,0;4,567;2,0;21,112;83,556;0,954;-0,3
2026-04-20;0,0;13,9;25,1;19,842;87,208;1012,6;1,867;14,93;A802;4315602;Rio Grande;-32,079;-52,168;4,92;0,2;0;0,0;0,0;0,0;16,2;2,0;3,713;3,0;20,292;84,181;0,949;-0,316
2026-04-21;0,2;20,8;24,6;22,361;87,087;1012,891;2,631;4,71;A802;4315602;Rio Grande;-32,079;-52,168;4,92;0,0;0;0,0;0,0;0,2;16,4;2,0;0,291;4,0;20,77;86,307;0,943;-0,332
2026-04-22;0,0;19,5;27,2;22,838;86,75;1011,733;2,257;12,53;A802;4315602;Rio Grande;-32,079;-52,168;4,92;0,0;0;0,2;0,0;0,2;16,4;2,0;-1,158;5,0;21,68;87,015;0,937;-0,348
2026-04-23;0,0;14,6;21,9;17,904;87,792;1016,304;1,565;9,47;A802;4315602;Rio Grande;-32,079;-52,168;4,92;0,0;0;0,0;0,2;0,2;1,2;1,0;4,571;6,0;21,034;87,21;0,931;-0,364
2026-04-24;0,0;17,1;23,5;20,158;83,167;1014,962;;7,52;A802;4315602;Rio Grande;-32,079;-52,168;4,92;0,6;0;0,0;0,0;0,0;0,2;0,0;-1,342;7,0;20,3;85,903;0,925;-0,38
2026-04-25;0,6;15,1;24,5;19,848;87,609;1009,865;;8,57;A802;4315602;Rio Grande;-32,079;-52,168;4,92;3,4;1;0,0;0,0;0,6;0,8;0,0;-5,097;8,0;19,303;86,189;0,918;-0,396
2026-04-26;3,4;15,2;26,1;19,912;81,708;1005,454;;15,88;A802;4315602;Rio Grande;-32,079;-52,168;4,92;0,0;0;0,6;0,0;4,0;4,2;1,0;-4,411;0,0;19,973;84,161;0,911;-0,412
2026-04-27;0,0;9,1;20,3;13,938;60,25;1008,796;4,3;17,07;A802;4315602;Rio Grande;-32,079;-52,168;4,92;0,0;0;3,4;0,6;4,0;4,2;1,0;3,342;1,0;17,899;76,522;0,904;-0,428
2026-04-28;0,0;7,7;19,3;12,987;71,875;1013,754;2,121;17,37;A802;4315602;Rio Grande;-32,079;-52,168;4,92;0,0;0;0,0;3,4;3,4;4,0;1,0;4,958;2,0;15,612;71,278;0,896;-0,443
2026-04-29;0,0;7,8;22,4;14,438;71,875;1011,212;2,046;16,97;A802;4315602;Rio Grande;-32,079;-52,168;4,92;0,0;0;0,0;0,0;0,0;4,0;1,0;-2,542;3,0;13,788;68,0;0,889;-0,458
2026-04-30;0,0;10,6;24,3;17,438;72,667;1012,679;2,113;16,7;A802;4315602;Rio Grande;-32,079;-52,168;4,92;9,8;1;0,0;0,0;0,0;4,0;1,0;1,467;4,0;14,954;72,139;0,881;-0,474
2026-05-01;9,8;17,4;21,0;18,617;91,167;1011,308;3,304;3,68;A802;4315602;Rio Grande;-32,079;-52,168;4,92;1,0;1;0,0;0,0;9,8;13,8;2,0;-1,371;0,0;16,831;78,569;0,872;-0,489
2026-05-02;1,0;10,7;19,7;17,604;79,125;1011,296;3,975;13,42;A802;4315602;Rio Grande;-32,079;-52,168;4,92;0,0;0;9,8;0,0;10,8;14,2;3,0;-0,013;0,0;17,886;80,986;0,864;-0,504
2026-05-03;0,0;7,5;19,1;12,504;70,0;1019,65;2,171;16,83;A802;4315602;Rio Grande;-32,079;-52,168;4,92;0,0;0;1,0;9,8;10,8;10,8;2,0;8,354;1,0;16,242;80,097;0,855;-0,519
2026-05-04;0,0;9,7;22,0;15,846;77,167;1012,804;2,454;15,39;A802;4315602;Rio Grande;-32,079;-52,168;4,92;9,4;1;0,0;1,0;1,0;10,8;2,0;-6,846;2,0;15,318;75,431;0,846;-0,533
2026-05-05;9,4;14,5;25,5;19,654;89,333;1011,5;1,721;9,24;A802;4315602;Rio Grande;-32,079;-52,168;4,92;5,0;1;0,0;0,0;9,4;20,2;3,0;-1,304;0,0;16,001;78,833;0,837;-0,548
2026-05-06;5,0;19,7;27,1;21,762;89,625;1011,188;3,204;11,72;A802;4315602;Rio Grande;-32,079;-52,168;4,92;0,0;0;9,4;0,0;14,4;25,2;4,0;-0,312;0,0;19,088;85,375;0,827;-0,562
2026-05-07;0,0;19,0;26,4;22,242;86,5;1000,621;4,0;6,73;A802;4315602;Rio Grande;-32,079;-52,168;4,92;22,2;1;5,0;9,4;14,4;25,2;4,0;-10,567;1,0;21,219;88,486;0,817;-0,576
2026-05-08;22,2;10,7;19,1;15,029;76,083;999,096;5,304;9,99;A802;4315602;Rio Grande;-32,079;-52,168;4,92;0,0;0;0,0;5,0;27,2;37,6;4,0;-1,525;0,0;19,678;84,069;0,807;-0,59
2026-05-09;0,0;7,6;15,4;10,896;64,913;1009,113;4,761;14,96;A802;4315602;Rio Grande;-32,079;-52,168;4,92;0,0;0;22,2;0,0;22,2;36,6;3,0;10,017;1,0;16,055;75,832;0,797;-0,604
2026-05-10;0,0;7,8;15,2;11,117;73,208;1015,017;4,358;15,29;A802;4315602;Rio Grande;-32,079;-52,168;4,92;0,0;0;0,0;22,2;22,2;36,6;3,0;5,904;2,0;12,347;71,402;0,787;-0,617
2026-05-11;0,0;6,8;10,3;8,15;78,7;1015,27;3,8;0,0;A802;4315602;Rio Grande;-32,079;-52,168;4,92;0,0;0;0,0;0,0;0,0;36,6;3,0;0,253;3,0;10,054;72,274;0,776;-0,631
2026-05-12;0,0;7,0;20,7;12,852;66,957;1013,304;3,252;15,68;A802;4315602;Rio Grande;-32,079;-52,168;4,92;0,0;0;0,0;0,0;0,0;27,2;2,0;-1,966;4,0;10,706;72,955;0,765;-0,644
2026-05-13;0,0;9,2;19,1;13,558;74,708;1012,238;2,154;13,85;A802;4315602;Rio Grande;-32,079;-52,168;4,92;0,0;0;0,0;0,0;0,0;22,2;1,0;-1,067;5,0;11,52;73,455;0,754;-0,657
2026-05-14;0,0;8,2;16,6;11,85;82,458;1014,871;1,6;11,85;A802;4315602;Rio Grande;-32,079;-52,168;4,92;0,0;0;0,0;0,0;0,0;22,2;1,0;2,633;6,0;12,754;74,708;0,742;-0,67
2026-05-15;0,0;6,3;17,3;11,109;85,5;1016,905;1,518;13,76;A802;4315602;Rio Grande;-32,079;-52,168;4,92;0,2;0;0,0;0,0;0,0;0,0;0,0;2,034;7,0;12,172;80,889;0,731;-0,683
2026-05-16;0,2;4,9;18,1;10,838;90,375;1013,754;1,075;9,16;A802;4315602;Rio Grande;-32,079;-52,168;4,92;0,0;0;0,0;0,0;0,2;0,2;0,0;-3,15;8,0;11,266;86,111;0,719;-0,695
2026-05-17;0,0;12,3;17,3;14,662;84,042;1014,275;2,429;7,26;A802;4315602;Rio Grande;-32,079;-52,168;4,92;0,0;0;0,2;0,0;0,2;0,2;0,0;0,521;9,0;12,203;86,639;0,707;-0,707
2026-05-18;0,0;6,6;16,6;11,542;80,417;1019,387;2,717;13,45;A802;4315602;Rio Grande;-32,079;-52,168;4,92;0,0;0;0,0;0,2;0,2;0,2;0,0;5,112;10,0;12,347;84,944;0,694;-0,72
2026-05-19;0,0;4,4;16,7;9,95;78,167;1019,054;1,908;14,96;A802;4315602;Rio Grande;-32,079;-52,168;4,92;0,0;0;0,0;0,0;0,0;0,2;0,0;-0,333;11,0;12,051;80,875;0,682;-0,731
2026-05-20;0,0;6,6;16,7;10,667;75,75;1017,825;3,229;13,42;A802;4315602;Rio Grande;-32,079;-52,168;4,92;0,0;0;0,0;0,0;0,0;0,2;0,0;-1,229;12,0;10,719;78,111;0,669;-0,743
2026-05-21;0,0;4,6;16,2;10,029;80,333;1022,533;2,333;10,92;A802;4315602;Rio Grande;-32,079;-52,168;4,92;0,0;0;0,0;0,0;0,0;0,2;0,0;4,708;13,0;10,215;78,083;0,656;-0,754
2026-05-22;0,0;5,7;17,3;11,46;87,15;1024,585;1,695;9,07;A802;4315602;Rio Grande;-32,079;-52,168;4,92;0,0;0;0,0;0,0;0,0;0,2;0,0;2,052;14,0;10,719;81,078;0,643;-0,766
2026-05-23;0,0;13,0;18,3;14,95;89,167;1022,912;1,596;9,22;A802;4315602;Rio Grande;-32,079;-52,168;4,92;0,0;0;0,0;0,0;0,0;0,0;0,0;-1,673;15,0;12,146;85,55;0,63;-0,777
2026-05-24;0,0;11,3;20,2;15,279;89,25;1020,113;1,471;13,51;A802;4315602;Rio Grande;-32,079;-52,168;4,92;0,2;0;0,0;0,0;0,0;0,0;0,0;-2,8;16,0;13,896;88,522;0,617;-0,787
2026-05-25;0,2;13,2;20,2;15,975;91,292;1017,954;2,454;8,17;A802;4315602;Rio Grande;-32,079;-52,168;4,92;1,2;1;0,0;0,0;0,2;0,2;0,0;-2,158;17,0;15,401;89,903;0,603;-0,798
2026-05-26;1,2;15,5;18,6;16,771;95,042;1016,088;1,992;5,88;A802;4315602;Rio Grande;-32,079;-52,168;4,92;0,0;0;0,2;0,0;1,4;1,4;1,0;-1,867;0,0;16,008;91,861;0,589;-0,808
2026-05-27;0,0;10,3;19,2;13,425;95,5;1019,346;1,533;7,18;A802;4315602;Rio Grande;-32,079;-52,168;4,92;0,0;0;1,2;0,2;1,4;1,4;1,0;3,258;1,0;15,39;93,944;0,575;-0,818
2026-05-28;0,0;12,0;18,7;14,575;87,25;1019,517;1,158;11,84;A802;4315602;Rio Grande;-32,079;-52,168;4,92;0,2;0;0,0;1,2;1,2;1,4;1,0;0,171;2,0;14,924;92,597;0,561;-0,828
2026-05-29;0,2;8,8;20,1;14,458;88,875;1019,658;2,079;10,74;A802;4315602;Rio Grande;-32,079;-52,168;4,92;0,0;0;0,0;0,0;0,2;1,6;1,0;0,142;3,0;14,153;90,542;0,547;-0,837
2026-05-30;0,0;15,2;19,3;16,933;92,583;1018,613;4,021;7,34;A802;4315602;Rio Grande;-32,079;-52,168;4,92;0,0;0;0,2;0,0;0,2;1,6;1,0;-1,046;4,0;15,322;89,569;0,532;-0,847
2026-05-31;0,0;11,9;19,4;15,392;93,958;1016,996;4,462;5,56;A802;4315602;Rio Grande;-32,079;-52,168;4,92;0,0;0;0,0;0,2;0,2;1,6;1,0;-1,617;5,0;15,594;91,806;0,518;-0,856
2026-06-01;0,0;10,1;16,9;13,352;88,0;1019,209;1,796;7,97;A802;4315602;Rio Grande;-32,079;-52,168;4,92;1,4;1;0,0;0,0;0,0;1,4;1,0;2,213;6,0;15,226;91,514;0,503;-0,864
2026-06-02;1,4;11,2;18,7;15,812;80,875;1022,908;2,304;11,04;A802;4315602;Rio Grande;-32,079;-52,168;4,92;0,0;0;0,0;0,0;1,4;1,6;1,0;3,7;0,0;14,852;87,611;0,488;-0,873
2026-06-03;0,0;15,2;19,6;17,075;89,833;1023,2;3,104;8,13;A802;4315602;Rio Grande;-32,079;-52,168;4,92;0,2;0;1,4;0,0;1,4;1,6;1,0;0,292;1,0;15,413;86,236;0,473;-0,881
2026-06-04;0,2;16,5;20,7;18,05;89,625;1023,55;3,988;10,87;A802;4315602;Rio Grande;-32,079;-52,168;4,92;0,0;0;0,0;1,4;1,6;1,8;1,0;0,35;2,0;16,979;86,778;0,458;-0,889
2026-06-05;0,0;15,0;20,7;17,175;92,917;1019,317;6,1;8,13;A802;4315602;Rio Grande;-32,079;-52,168;4,92;0,0;0;0,2;0,0;0,2;1,6;1,0;-4,233;3,0;17,433;90,792;0,442;-0,897
2026-06-06;0,0;13,9;16,7;15,008;98,042;1014,833;2,204;2,92;A802;4315602;Rio Grande;-32,079;-52,168;4,92;0,2;0;0,0;0,2;0,2;1,6;1,0;-4,483;4,0;16,744;93,528;0,427;-0,904
2026-06-07;0,2;12,8;18,5;15,675;92,875;1015,083;4,279;6,26;A802;4315602;Rio Grande;-32,079;-52,168;4,92;1,0;1;0,0;0,0;0,2;1,8;1,0;0,25;5,0;15,953;94,611;0,411;-0,912
2026-06-08;1,0;13,9;16,9;15,788;84,167;1015,4;4,467;3,35;A802;4315602;Rio Grande;-32,079;-52,168;4,92;1,0;1;0,2;0,0;1,2;2,8;2,0;0,317;0,0;15,49;91,694;0,395;-0,919
2026-06-09;1,0;11,7;17,9;14,558;88,708;1013,679;3,771;8,24;A802;4315602;Rio Grande;-32,079;-52,168;4,92;0,2;0;1,0;0,2;2,2;2,4;2,0;-1,721;0,0;15,34;88,583;0,379;-0,925
2026-06-10;0,2;8,5;17,8;12,162;92,625;1013,842;1,996;9,99;A802;4315602;Rio Grande;-32,079;-52,168;4,92;0,2;0;1,0;1,0;2,2;2,6;2,0;0,163;1,0;14,169;88,5;0,363;-0,932
2026-06-11;0,2;7,6;17,8;12,596;95,958;1013,354;2,846;5,5;A802;4315602;Rio Grande;-32,079;-52,168;4,92;25,6;1;0,2;1,0;1,4;2,6;2,0;-0,488;2,0;13,106;92,431;0,347;-0,938
2026-06-12;25,6;13,3;15,6;14,746;95,75;1009,012;3,113;1,62;A802;4315602;Rio Grande;-32,079;-52,168;4,92;0,2;0;0,2;0,2;26,0;28,2;3,0;-4,342;0,0;13,168;94,778;0,331;-0,944
2026-06-13;0,2;10,7;17,8;13,45;91,917;1011,833;2,342;9,35;A802;4315602;Rio Grande;-32,079;-52,168;4,92;0,2;0;25,6;0,2;26,0;28,4;3,0;2,821;1,0;13,597;94,542;0,315;-0,949
2026-06-14;0,2;7,1;15,2;12,079;82,0;1015,304;2,879;8,32;A802;4315602;Rio Grande;-32,079;-52,168;4,92;0,0;0;0,2;25,6;26,0;28,4;3,0;3,471;2,0;13,425;89,889;0,299;-0,954
2026-06-15;0,0;3,6;12,7;7,408;82,667;1019,196;1,512;13,19;A802;4315602;Rio Grande;-32,079;-52,168;4,92;0,0;0;0,2;0,2;0,4;27,4;2,0;3,892;3,0;10,979;85,528;0,282;-0,959
2026-06-16;0,0;2,5;17,7;8,612;79,875;1016,296;2,333;12,44;A802;4315602;Rio Grande;-32,079;-52,168;4,92;0,0;0;0,0;0,2;0,2;26,4;1,0;-2,9;4,0;9,367;81,514;0,266;-0,964
2026-06-17;0,0;6,9;16,7;11,271;78,0;1018,075;2,421;12,26;A802;4315602;Rio Grande;-32,079;-52,168;4,92;0,2;0;0,0;0,0;0,0;26,2;1,0;1,779;5,0;9,097;80,181;0,249;-0,969
2026-06-18;0,2;3,6;16,9;9,908;89,292;1019,688;2,188;8,81;A802;4315602;Rio Grande;-32,079;-52,168;4,92;2,8;1;0,0;0,0;0,2;26,2;1,0;1,613;6,0;9,931;82,389;0,232;-0,973
2026-06-19;2,8;12,2;17,0;14,462;87,625;1010,4;5,05;3,32;A802;4315602;Rio Grande;-32,079;-52,168;4,92;0,0;0;0,2;0,0;3,0;3,4;1,0;-9,288;0,0;11,881;84,972;0,215;-0,977
2026-06-20;0,0;4,6;15,5;9,671;85,167;1014,325;1,688;11,75;A802;4315602;Rio Grande;-32,079;-52,168;4,92;0,0;0;2,8;0,2;3,0;3,2;1,0;3,925;1,0;11,347;87,361;0,199;-0,98
2026-06-21;0,0;2,1;14,1;7,93;87,783;1013,226;0,961;9,06;A802;4315602;Rio Grande;-32,079;-52,168;4,92;10,4;1;0,0;2,8;2,8;3,0;1,0;-1,099;2,0;10,688;86,858;0,182;-0,983
2026-06-22;10,4;7,7;12,6;9,725;95,125;1009,954;1,871;2,65;A802;4315602;Rio Grande;-32,079;-52,168;4,92;0,0;0;0,0;0,0;10,4;13,4;2,0;-3,272;0,0;9,109;89,358;0,165;-0,986
2026-06-23;0,0;5,5;12,7;8,417;79,333;1011,775;3,917;12,54;A802;4315602;Rio Grande;-32,079;-52,168;4,92;0,0;0;10,4;0,0;10,4;13,4;2,0;1,821;1,0;8,691;87,414;0,148;-0,989
2026-06-24;0,0;3,7;15,0;7,726;75,304;1014,43;2,487;9,97;A802;4315602;Rio Grande;-32,079;-52,168;4,92;0,0;0;0,0;10,4;10,4;13,4;2,0;2,655;2,0;8,623;83,254;0,131;-0,991
2026-06-25;0,0;4,4;17,0;9,442;76,625;1017,896;2,258;12,55;A802;4315602;Rio Grande;-32,079;-52,168;4,92;0,0;0;0,0;0,0;0,0;13,2;2,0;3,465;3,0;8,528;77,088;0,114;-0,994
2026-06-26;0,0;5,5;16,3;11,179;78,292;1019,212;2,171;12,41;A802;4315602;Rio Grande;-32,079;-52,168;4,92;0,2;0;0,0;0,0;0,0;10,4;1,0;1,317;4,0;9,449;76,74;0,097;-0,995
2026-06-27;0,2;5,9;17,3;11,558;91,458;1018,904;1,429;12,36;A802;4315602;Rio Grande;-32,079;-52,168;4,92;5,4;1;0,0;0,0;0,2;10,6;1,0;-0,308;5,0;10,726;82,125;0,079;-0,997
2026-06-28;5,4;13,0;17,6;14,571;94,875;1011,354;3,463;2,74;A802;4315602;Rio Grande;-32,079;-52,168;4,92;0,2;0;0,2;0,0;5,6;16,0;2,0;-7,55;0,0;12,436;88,208;0,062;-0,998
2026-06-29;0,2;5,9;13,8;9,875;92,208;1015,771;1,812;9,49;A802;4315602;Rio Grande;-32,079;-52,168;4,92;0,2;0;5,4;0,2;5,8;5,8;1,0;4,417;1,0;12,001;92,847;0,045;-0,999
2026-06-30;0,2;2,4;14,7;7,767;92,542;1016,646;1,1;10,35;A802;4315602;Rio Grande;-32,079;-52,168;4,92;0,0;0;0,2;5,4;5,8;6,0;1,0;0,875;2,0;10,737;93,208;0,028;-1,0
2026-07-01;0,0;10,4;18,1;13,646;93,375;1014,475;2,958;8,17;A802;4315602;Rio Grande;-32,079;-52,168;4,92;4,8;1;0,2;0,2;0,4;6,0;1,0;-2,171;3,0;10,429;92,708;0,011;-1,0
2026-07-02;4,8;7,8;14,7;11,958;92,208;1019,488;4,396;2,0;A802;4315602;Rio Grande;-32,079;-52,168;4,92;0,0;0;0,0;0,2;5,0;10,8;2,0;5,013;0,0;11,124;92,708;-0,006;-1,0
2026-07-03;0,0;2,0;10,6;6,246;82,583;1021,508;3,887;5,57;A802;4315602;Rio Grande;-32,079;-52,168;4,92;0,4;0;4,8;0,0;4,8;10,8;2,0;2,021;1,0;10,617;89,389;-0,024;-1,0
2026-07-04;0,4;8,4;11,8;10,054;96,333;1021,579;2,517;3,03;A802;4315602;Rio Grande;-32,079;-52,168;4,92;0,4;0;0,0;4,8;5,2;11,0;2,0;0,071;2,0;9,419;90,375;-0,041;-0,999
2026-07-05;0,4;8,5;15,2;11,317;97,208;1018,912;1,1;8,06;A802;4315602;Rio Grande;-32,079;-52,168;4,92;0,4;0;0,4;0,0;0,8;6,0;1,0;-2,667;3,0;9,206;92,042;-0,058;-0,998
2026-07-06;0,4;8,7;14,2;11,742;83,917;1014,683;2,096;8,86;A802;4315602;Rio Grande;-32,079;-52,168;4,92;0,0;0;0,4;0,4;1,2;6,2;1,0;-4,229;4,0;11,038;92,486;-0,075;-0,997
2026-07-07;0,0;5,0;14,9;9,096;68,913;1015,8;3,435;12,89;A802;4315602;Rio Grande;-32,079;-52,168;4,92;0,0;0;0,4;0,4;0,8;6,0;1,0;1,117;5,0;10,718;83,346;-0,092;-0,996
2026-07-08;0,0;4,6;19,1;10,592;75,333;1015,833;1,996;13,03;A802;4315602;Rio Grande;-32,079;-52,168;4,92;0,0;0;0,0;0,4;0,4;6,0;1,0;0,033;6,0;10,476;76,054;-0,109;-0,994
2026-07-09;0,0;9,6;21,7;13,421;77,167;1013,162;2,217;11,14;A802;4315602;Rio Grande;-32,079;-52,168;4,92;0,0;0;0,0;0,0;0,0;1,2;0,0;-2,671;7,0;11,036;73,804;-0,127;-0,992
2026-07-10;0,0;9,4;18,5;13,129;85,958;1011,642;1,604;11,32;A802;4315602;Rio Grande;-32,079;-52,168;4,92;0,4;0;0,0;0,0;0,0;1,2;0,0;-1,521;8,0;12,381;79,486;-0,144;-0,99
2026-07-11;0,4;12,9;16,2;14,254;89,0;1011,042;2,288;4,48;A802;4315602;Rio Grande;-32,079;-52,168;4,92;5,6;1;0,0;0,0;0,4;1,2;0,0;-0,6;9,0;13,601;84,042;-0,161;-0,987
2026-07-12;5,6;10,1;13,0;11,321;92,708;1013,067;2,108;4,16;A802;4315602;Rio Grande;-32,079;-52,168;4,92;0,6;0;0,4;0,0;6,0;6,4;1,0;2,025;0,0;12,901;89,222;-0,178;-0,984
2026-07-13;0,6;9,9;17,0;12,35;93,083;1018,942;1,659;9,04;A802;4315602;Rio Grande;-32,079;-52,168;4,92;0,2;0;5,6;0,4;6,6;6,6;1,0;5,875;1,0;12,642;91,597;-0,194;-0,981
2026-07-14;0,2;8,1;16,9;11,925;92,667;1019,283;2,363;12,36;A802;4315602;Rio Grande;-32,079;-52,168;4,92;0,0;0;0,6;5,6;6,4;6,8;1,0;0,342;2,0;11,865;92,819;-0,211;-0,977
2026-07-15;0,0;11,7;18,5;14,492;85,458;1014,604;3,317;12,93;A802;4315602;Rio Grande;-32,079;-52,168;4,92;0,0;0;0,2;0,6;0,8;6,8;1,0;-4,679;3,0;12,922;90,403;-0,228;-0,974
2026-07-16;0,0;12,9;20,9;16,079;78,75;1009,312;4,212;9,69;A802;4315602;Rio Grande;-32,079;-52,168;4,92;9,8;1;0,0;0,2;0,2;6,8;1,0;-5,292;4,0;14,165;85,625;-0,245;-0,97
2026-07-17;9,8;17,5;25,7;21,117;67,667;1001,833;4,983;8,41;A802;4315602;Rio Grande;-32,079;-52,168;4,92;4,8;1;0,0;0,0;9,8;16,6;2,0;-7,479;0,0;17,229;77,292;-0,261;-0,965
2026-07-18;4,8;17,9;24,3;20,946;78,25;1000,183;3,45;1,44;A802;4315602;Rio Grande;-32,079;-52,168;4,92;21,0;1;9,8;0,0;14,6;21,0;3,0;-1,65;0,0;19,381;74,889;-0,278;-0,961
2026-07-19;21,0;15,6;19,0;17,417;88,375;1000,95;3,795;1,51;A802;4315602;Rio Grande;-32,079;-52,168;4,92;61,6;1;4,8;9,8;35,6;36,4;3,0;0,767;0,0;19,826;78,097;-0,294;-0,956
2026-07-20;61,6;15,5;17,9;16,738;97,75;1004,025;;1,33;A802;4315602;Rio Grande;-32,079;-52,168;4,92;0,0;0;21,0;4,8;87,4;97,4;4,0;3,075;0,0;18,367;88,125;-0,311;-0,95
2026-07-21;0,0;15,4;17,4;16,463;98,458;1004,075;4,542;2,27;A802;4315602;Rio Grande;-32,079;-52,168;4,92;1,6;1;61,6;21,0;82,6;97,2;4,0;0,05;1,0;16,872;94,861;-0,327;-0,945
2026-07-22;1,6;14,6;18,3;15,467;94,375;1008,942;2,65;7,61;A802;4315602;Rio Grande;-32,079;-52,168;4,92;0,8;0;0,0;61,6;63,2;98,8;5,0;4,867;0,0;16,222;96,861;-0,343;-0,939
2026-07-23;0,8;11,5;17,7;14,638;82,833;1017,029;2,158;13,99;A802;4315602;Rio Grande;-32,079;-52,168;4,92;0,0;0;1,6;0,0;2,4;99,6;5,0;8,088;1,0;15,522;91,889;-0,359;-0,933
2026-07-24;0,0;12,3;18,8;15,162;86,208;1017,092;2,914;9,35;A802;4315602;Rio Grande;-32,079;-52,168;4,92;0,0;0;0,8;1,6;2,4;89,8;4,0;0,062;2,0;15,089;87,806;-0,375;-0,927
2026-07-25;0,0;12,7;18,5;15,767;93,042;1015,188;;8,87;A802;4315602;Rio Grande;-32,079;-52,168;4,92;0,2;0;0,0;0,8;0,8;85,0;3,0;-1,904;3,0;15,189;87,361;-0,391;-0,92
2026-07-26;0,2;13,7;19,8;15,746;95,167;1012,817;;5,0;A802;4315602;Rio Grande;-32,079;-52,168;4,92;1,6;1;0,0;0,0;0,2;64,2;2,0;-2,371;4,0;15,558;91,472;-0,407;-0,913
2026-07-27;1,6;14,6;15,2;14,8;96,0;1012,75;;7,29;A802;4315602;Rio Grande;-32,079;-52,168;4,92;6,4;1;0,2;0,0;1,8;4,2;2,0;-0,067;0,0;15,438;94,736;-0,423;-0,906
2026-07-28;6,4;14,1;20,4;17,104;95,913;1005,591;;4,53;A802;4315602;Rio Grande;-32,079;-52,168;4,92;2,4;1;1,6;0,2;8,2;10,6;3,0;-7,159;0,0;15,883;95,693;-0,438;-0,899
2026-07-29;2,4;14,3;18,2;15,55;95,583;1009,996;;3,82;A802;4315602;Rio Grande;-32,079;-52,168;4,92;0,2;0;6,4;1,6;10,4;11,4;3,0;4,405;0,0;15,818;95,832;-0,454;-0,891
2026-07-30;0,2;10,3;16,3;13,45;95,062;1018,031;2,65;14,74;A802;4315602;Rio Grande;-32,079;-52,168;4,92;0,0;0;2,4;6,4;9,0;10,8;3,0;8,035;1,0;15,368;95,52;-0,469;-0,883
2026-07-31;0,0;15,1;20,9;17,787;86,583;1014,692;2,633;13,57;A802;4315602;Rio Grande;-32,079;-52,168;4,92;4,6;1;0,2;2,4;2,6;10,8;3,0;-3,34;2,0;15,596;92,41;-0,484;-0,875
2026-08-01;4,6;15,9;26,6;18,943;85,304;1005,935;4,417;9,3;A802;4315602;Rio Grande;-32,079;-52,168;4,92;1,8;1;0,0;0,2;4,8;15,4;4,0;-8,757;0,0;16,727;88,983;-0,499;-0,867
2026-08-02;1,8;13,3;17,2;15,212;93,417;1014,15;3,904;9,15;A802;4315602;Rio Grande;-32,079;-52,168;4,92;0,0;0;4,6;0,0;6,4;17,0;5,0;8,215;0,0;17,314;88,435;-0,514;-0,858
2026-08-03;0,0;14,3;20,4;16,946;92,208;1013,717;2,75;6,72;A802;4315602;Rio Grande;-32,079;-52,168;4,92;0,4;0;1,8;4,6;6,4;15,4;4,0;-0,433;1,0;17,034;90,31;-0,529;-0,849
2026-08-04;0,4;16,1;20,4;18,371;94,792;1011,158;1,012;5,26;A802;4315602;Rio Grande;-32,079;-52,168;4,92;15,0;1;0,0;1,8;2,2;9,4;3,0;-2,558;2,0;16,843;93,472;-0,543;-0,84
2026-08-05;15,0;14,9;18,6;16,162;97,875;1010,167;4,204;5,66;A802;4315602;Rio Grande;-32,079;-52,168;4,92;18,3;1;0,4;0,0;15,4;22,0;3,0;-0,992;0,0;17,16;94,958;-0,557;-0,83
2026-08-06;18,3;14,8;23,7;18,646;95,458;1001,329;3,121;12,48;A802;4315602;Rio Grande;-32,079;-52,168;4,92;2,2;1;15,0;0,4;33,7;40,1;4,0;-8,837;0,0;17,726;96,042;-0,572;-0,82
2026-08-07;2,2;9,9;16,9;12,562;71,875;1003,779;4,358;12,36;A802;4315602;Rio Grande;-32,079;-52,168;4,92;0,0;0;18,3;15,0;35,5;42,3;5,0;2,45;0,0;15,79;88,403;-0,586;-0,811
2026-08-08;0,0;4,2;16,4;9,592;85,708;1005,067;1,483;10,6;A802;4315602;Rio Grande;-32,079;-52,168;4,92;0,0;0;2,2;18,3;20,5;37,7;4,0;1,287;1,0;13,6;84,347;-0,6;-0,8
2026-08-09;0,0;5,3;14,8;9,817;69,958;1014,267;2,667;17,04;A802;4315602;Rio Grande;-32,079;-52,168;4,92;0,0;0;0,0;2,2;2,2;35,9;3,0;9,2;2,0;10,657;75,847;-0,613;-0,79
2026-08-10;0,0;5,4;14,1;8,75;75,625;1026,104;2,592;15,04;A802;4315602;Rio Grande;-32,079;-52,168;4,92;0,0;0;0,0;0,0;0,0;35,9;3,0;11,837;3,0;9,386;77,097;-0,627;-0,779
2026-08-11;0,0;5,4;15,6;10,062;82,417;1027,117;1,817;16,06;A802;4315602;Rio Grande;-32,079;-52,168;4,92;6,8;1;0,0;0,0;0,0;35,5;3,0;1,012;4,0;9,543;76,0;-0,64;-0,768
2026-08-12;6,8;12,3;15,5;13,35;84,417;1018,062;2,55;2,87;A802;4315602;Rio Grande;-32,079;-52,168;4,92;9,6;1;0,0;0,0;6,8;27,3;3,0;-9,054;0,0;10,721;80,819;-0,653;-0,757
2026-08-13;9,6;11,3;13,4;12,346;92,0;1016,279;2,721;2,2;A802;4315602;Rio Grande;-32,079;-52,168;4,92;1,0;1;6,8;0,0;16,4;18,6;3,0;-1,783;0,0;11,919;86,278;-0,666;-0,746
2026-08-14;1,0;11,6;17,3;14,379;87,083;1020,1;2,838;8,41;A802;4315602;Rio Grande;-32,079;-52,168;4,92;0,0;0;9,6;6,8;17,4;17,4;3,0;3,821;0,0;13,358;87,833;-0,679;-0,734
2026-08-15;0,0;15,0;17,6;16,054;88,167;1016,992;3,162;3,59;A802;4315602;Rio Grande;-32,079;-52,168;4,92;62,2;1;1,0;9,6;10,6;17,4;3,0;-3,108;1,0;14,26;89,083;-0,691;-0,723
2026-08-16;62,2;16,8;18,5;17,325;95,625;1011,15;4,975;0,55;A802;4315602;Rio Grande;-32,079;-52,168;4,92;47,2;1;0,0;1,0;63,2;79,6;4,0;-5,842;0,0;15,919;90,292;-0,704;-0,711
2026-08-17;47,2;16,8;19,0;17,825;98,833;1009,733;3,421;1,12;A802;4315602;Rio Grande;-32,079;-52,168;4,92;37,0;1;62,2;0,0;109,4;126,8;5,0;-1,417;0,0;17,068;94,208;-0,716;-0,698
2026-08-18;37,0;14,4;18,9;16,867;98,583;1011,771;3,079;2,76;A802;4315602;Rio Grande;-32,079;-52,168;4,92;3,6;1;47,2;62,2;146,4;163,8;6,0;2,038;0,0;17,339;97,681;-0,728;-0,686
2026-08-19;3,6;12,9;15,5;13,987;95,913;1017,078;2,926;3,55;A802;4315602;Rio Grande;-32,079;-52,168;4,92;0,0;0;37,0;47,2;87,8;160,6;6,0;5,307;0,0;16,226;97,777;-0,739;-0,673
2026-01-07;7,4;18,2;30,8;23,117;72,5;957,529;5,079;23,32;A811;4304507;Cangucu;-31,403;-52,701;446,81;0,6;0;0,0;0,0;7,4;12,8;3,0;-2,504;0,0;20,003;69,472;0,12;0,993
2026-01-08;0,6;16,6;26,3;19,917;86,522;961,1;5,096;18,96;A811;4304507;Cangucu;-31,403;-52,701;446,81;7,0;1;7,4;0,0;8,0;9,0;2,0;3,571;1,0;21,122;76,257;0,137;0,991
2026-01-09;7,0;18,4;20,8;19,425;99,792;961,712;5,746;4,34;A811;4304507;Cangucu;-31,403;-52,701;446,81;12,2;1;0,6;7,4;15,0;15,0;2,0;0,612;0,0;20,82;86,271;0,154;0,988
2026-01-10;12,2;18,9;28,1;22,183;89,75;954,642;5,812;21,67;A811;4304507;Cangucu;-31,403;-52,701;446,81;2,6;1;7,0;0,6;19,8;27,2;3,0;-7,071;0,0;20,509;92,021;0,171;0,985
2026-01-11;2,6;15,1;25,4;20,238;84,833;953,567;4,888;28,33;A811;4304507;Cangucu;-31,403;-52,701;446,81;0,0;0;12,2;7,0;21,8;29,8;4,0;-1,075;0,0;20,615;91,458;0,188;0,982
2026-01-12;0,0;17,6;26,0;20,412;87,875;957,367;2,613;14,93;A811;4304507;Cangucu;-31,403;-52,701;446,81;0,0;0;2,6;12,2;14,8;29,8;4,0;3,8;1,0;20,944;87,486;0,205;0,979
2026-01-13;0,0;18,8;28,7;22,342;84,625;958,462;2,517;22,74;A811;4304507;Cangucu;-31,403;-52,701;446,81;11,6;1;0,0;2,6;2,6;29,8;4,0;1,096;2,0;20,997;85,778;0,222;0,975
2026-01-14;11,6;20,7;31,2;24,621;80,0;959,192;3,521;24,23;A811;4304507;Cangucu;-31,403;-52,701;446,81;0,8;0;0,0;0,0;11,6;34,0;4,0;0,729;0,0;22,458;84,167;0,239;0,971
2026-01-15;0,8;21,3;33,2;26,392;72,958;957,967;4,371;29,47;A811;4304507;Cangucu;-31,403;-52,701;446,81;0,8;0;11,6;0,0;12,4;34,2;4,0;-1,225;1,0;24,451;79,194;0,255;0,967
2026-01-16;0,8;20,6;28,0;24,267;79,208;958,912;3,533;7,81;A811;4304507;Cangucu;-31,403;-52,701;446,81;0,4;0;0,8;11,6;13,2;28,0;3,0;0,946;2,0;25,093;77,389;0,272;0,962
2026-01-17;0,4;19,7;26,9;22,242;90,958;958,9;3,383;14,89;A811;4304507;Cangucu;-31,403;-52,701;446,81;0,6;0;0,8;0,8;2,0;16,2;2,0;-0,013;3,0;24,3;81,042;0,288;0,958
2026-01-18;0,6;18,3;29,0;22,888;81,417;956,433;4,488;27,15;A811;4304507;Cangucu;-31,403;-52,701;446,81;1,4;1;0,4;0,8;1,8;14,2;1,0;-2,467;4,0;23,132;83,861;0,305;0,952
2026-01-19;1,4;12,7;22,9;17,262;73,042;963,025;7,612;23,39;A811;4304507;Cangucu;-31,403;-52,701;446,81;0,0;0;0,6;0,4;2,4;15,6;2,0;6,592;0,0;20,797;81,806;0,321;0,947
2026-01-20;0,0;13,3;25,0;17,63;72,174;963,887;3,778;24,31;A811;4304507;Cangucu;-31,403;-52,701;446,81;0,0;0;1,4;0,6;2,0;15,6;2,0;0,862;1,0;19,26;75,544;0,337;0,941
2026-01-21;0,0;13,9;24,9;18,608;71,875;963,496;4,708;27,94;A811;4304507;Cangucu;-31,403;-52,701;446,81;0,0;0;0,0;1,4;1,4;4,0;1,0;-0,391;2,0;17,834;72,364;0,353;0,935
2026-01-22;0,0;16,1;27,9;20,304;78,0;963,108;4,417;27,87;A811;4304507;Cangucu;-31,403;-52,701;446,81;0,0;0;0,0;0,0;0,0;3,2;1,0;-0,388;3,0;18,848;74,016;0,369;0,929
2026-01-23;0,0;16,4;26,1;20,242;79,792;963,867;4,525;23,08;A811;4304507;Cangucu;-31,403;-52,701;446,81;0,0;0;0,0;0,0;0,0;2,4;1,0;0,758;4,0;19,718;76,556;0,385;0,923
2026-01-24;0,0;15,0;29,0;20,787;76,958;963,004;3,838;27,94;A811;4304507;Cangucu;-31,403;-52,701;446,81;0,0;0;0,0;0,0;0,0;2,0;1,0;-0,863;5,0;20,444;78,25;0,401;0,916
2026-01-25;0,0;18,1;31,0;22,675;78,583;962,846;4,138;24,97;A811;4304507;Cangucu;-31,403;-52,701;446,81;0,0;0;0,0;0,0;0,0;1,4;1,0;-0,158;6,0;21,235;78,444;0,417;0,909
2026-01-26;0,0;18,9;33,1;23,908;78,542;962,033;4,446;26,37;A811;4304507;Cangucu;-31,403;-52,701;446,81;0,2;0;0,0;0,0;0,0;0,0;0,0;-0,812;7,0;22,457;78,028;0,432;0,902
2026-01-27;0,2;20,3;35,2;25,967;66,625;960,992;3,95;24,4;A811;4304507;Cangucu;-31,403;-52,701;446,81;0,0;0;0,0;0,0;0,2;0,2;0,0;-1,042;8,0;24,183;74,583;0,448;0,894
2026-01-28;0,0;21,6;32,9;25,454;78,125;960,354;3,188;21,66;A811;4304507;Cangucu;-31,403;-52,701;446,81;12,6;1;0,2;0,0;0,2;0,2;0,0;-0,638;9,0;25,11;74,431;0,463;0,886
2026-01-29;12,6;20,6;27,1;22,829;91,042;960,017;4,154;17,38;A811;4304507;Cangucu;-31,403;-52,701;446,81;14,6;1;0,0;0,2;12,8;12,8;1,0;-0,337;0,0;24,75;78,597;0,478;0,878
2026-01-30;14,6;18,8;28,5;21,838;91,75;959,225;4,775;18,46;A811;4304507;Cangucu;-31,403;-52,701;446,81;35,6;1;12,6;0,0;27,2;27,4;2,0;-0,792;0,0;23,374;86,972;0,493;0,87
2026-01-31;35,6;16,1;24,7;19,9;91,75;956,379;3,683;19,62;A811;4304507;Cangucu;-31,403;-52,701;446,81;0,0;0;14,6;12,6;62,8;63,0;3,0;-2,846;0,0;21,522;91,514;0,508;0,861
2026-02-01;0,0;16,6;26,4;19,858;86,125;953,504;3,954;23,12;A811;4304507;Cangucu;-31,403;-52,701;446,81;0,0;0;35,6;14,6;50,2;63,0;3,0;-2,875;1,0;20,532;89,875;0,523;0,852
2026-02-02;0,0;16,7;28,6;21,821;77,417;955,254;2,554;29,31;A811;4304507;Cangucu;-31,403;-52,701;446,81;0,0;0;0,0;35,6;35,6;63,0;3,0;1,75;2,0;20,526;85,097;0,538;0,843
2026-02-03;0,0;19,4;31,1;24,017;73,167;954,746;4,192;23,98;A811;4304507;Cangucu;-31,403;-52,701;446,81;0,0;0;0,0;0,0;0,0;62,8;3,0;-0,508;3,0;21,899;78,903;0,552;0,834
2026-02-04;0,0;21,3;33,3;25,988;55,25;956,562;4,254;29,09;A811;4304507;Cangucu;-31,403;-52,701;446,81;0,0;0;0,0;0,0;0,0;62,8;3,0;1,817;4,0;23,942;68,611;0,566;0,824
2026-02-05;0,0;20,6;33,5;25,617;71,042;958,171;3,842;30,03;A811;4304507;Cangucu;-31,403;-52,701;446,81;0,0;0;0,0;0,0;0,0;50,2;2,0;1,608;5,0;25,207;66,486;0,58;0,814
2026-02-06;0,0;20,2;29,6;23,596;81,458;958,192;5,612;18,69;A811;4304507;Cangucu;-31,403;-52,701;446,81;0,6;0;0,0;0,0;0,0;35,6;1,0;0,021;6,0;25,067;69,25;0,594;0,804
2026-02-07;0,6;16,1;26,6;20,596;75,542;961,387;4,7;27,47;A811;4304507;Cangucu;-31,403;-52,701;446,81;0,0;0;0,0;0,0;0,6;0,6;0,0;3,196;7,0;23,269;76,014;0,608;0,794
2026-02-08;0,0;16,3;28,4;21,129;65,625;961,767;5,0;30,33;A811;4304507;Cangucu;-31,403;-52,701;446,81;0,0;0;0,6;0,0;0,6;0,6;0,0;0,379;8,0;21,774;74,208;0,622;0,783
2026-02-09;0,0;16,9;29,6;21,954;77,0;959,0;4,308;28,94;A811;4304507;Cangucu;-31,403;-52,701;446,81;0,0;0;0,0;0,6;0,6;0,6;0,0;-2,767;9,0;21,226;72,722;0,635;0,772
2026-02-10;0,0;20,6;32,8;25,425;73,5;955,675;4,417;25,46;A811;4304507;Cangucu;-31,403;-52,701;446,81;2,0;1;0,0;0,0;0,0;0,6;0,0;-3,325;10,0;22,836;72,042;0,648;0,761
2026-02-11;2,0;21,3;35,0;27,3;66,542;955,054;4,767;25,91;A811;4304507;Cangucu;-31,403;-52,701;446,81;7,2;1;0,0;0,0;2,0;2,6;1,0;-0,621;0,0;24,893;72,347;0,661;0,75
2026-02-12;7,2;17,9;27,9;22,846;83,625;957,817;3,683;8,73;A811;4304507;Cangucu;-31,403;-52,701;446,81;1,0;1;2,0;0,0;9,2;9,8;2,0;2,762;0,0;25,19;74,556;0,674;0,739
2026-02-13;1,0;17,6;26,9;21,071;84,667;961,538;4,867;23,69;A811;4304507;Cangucu;-31,403;-52,701;446,81;0,0;0;7,2;2,0;10,2;10,8;3,0;3,721;0,0;23,739;78,278;0,687;0,727
2026-02-14;0,0;17,1;25,7;20,142;80,375;965,438;5,512;23,02;A811;4304507;Cangucu;-31,403;-52,701;446,81;5,0;1;1,0;7,2;8,2;10,2;3,0;3,9;1,0;21,353;82,889;0,699;0,715
2026-02-15;5,0;17,4;29,6;22,254;83,833;961,204;4,292;19,75;A811;4304507;Cangucu;-31,403;-52,701;446,81;0,2;0;0,0;1,0;6,0;15,2;4,0;-4,233;0,0;21,156;82,958;0,711;0,703
2026-02-16;0,2;20,3;29,5;23,721;88,25;958,512;3,992;19,05;A811;4304507;Cangucu;-31,403;-52,701;446,81;1,0;1;5,0;0,0;5,2;15,4;4,0;-2,692;1,0;22,039;84,153;0,723;0,691
2026-02-17;1,0;20,1;29,3;23,183;89,708;959,279;2,546;15,18;A811;4304507;Cangucu;-31,403;-52,701;446,81;0,0;0;0,2;5,0;6,2;16,4;5,0;0,767;0,0;23,053;87,264;0,735;0,678
2026-02-18;0,0;17,9;29,2;22,433;84,542;959,5;3,242;25,53;A811;4304507;Cangucu;-31,403;-52,701;446,81;0,8;0;1,0;0,2;1,2;14,4;4,0;0,221;1,0;23,112;87,5;0,747;0,665
2026-02-19;0,8;18,4;26,5;21,379;87,0;957,604;3,267;16,43;A811;4304507;Cangucu;-31,403;-52,701;446,81;6,0;1;0,0;1,0;1,8;8,0;3,0;-1,896;2,0;22,332;87,083;0,758;0,652
2026-02-20;6,0;15,4;27,2;20,246;90,75;958,704;4,325;17,35;A811;4304507;Cangucu;-31,403;-52,701;446,81;0,8;0;0,8;0,0;6,8;13,0;3,0;1,1;0,0;21,353;87,431;0,769;0,639
2026-02-21;0,8;17,6;27,4;21,562;83,542;962,258;4,321;26,26;A811;4304507;Cangucu;-31,403;-52,701;446,81;0,2;0;6,0;0,8;7,6;13,8;3,0;3,554;1,0;21,062;87,097;0,78;0,626
2026-02-22;0,2;17,6;26,9;21,429;85,375;962,758;5,05;20,64;A811;4304507;Cangucu;-31,403;-52,701;446,81;0,0;0;0,8;6,0;7,0;9,0;2,0;0,5;2,0;21,079;86,556;0,791;0,612
2026-02-23;0,0;18,5;28,0;21,992;80,958;959,637;5,204;21,28;A811;4304507;Cangucu;-31,403;-52,701;446,81;10,8;1;0,2;0,8;1,0;8,8;2,0;-3,121;3,0;21,661;83,292;0,801;0,599
2026-02-24;10,8;20,0;23,9;21,35;92,625;954,971;4,179;9,61;A811;4304507;Cangucu;-31,403;-52,701;446,81;0,0;0;0,0;0,2;11,0;18,6;2,0;-4,667;0,0;21,59;86,319;0,811;0,585
2026-02-25;0,0;16,7;21,5;19,733;93,25;954,879;5,337;8,9;A811;4304507;Cangucu;-31,403;-52,701;446,81;0,0;0;10,8;0,0;10,8;18,6;2,0;-0,092;1,0;21,025;88,944;0,821;0,571
2026-02-26;0,0;12,2;22,2;16,742;76,708;957,804;4,525;22,46;A811;4304507;Cangucu;-31,403;-52,701;446,81;0,0;0;0,0;10,8;10,8;17,8;2,0;2,925;2,0;19,275;87,528;0,831;0,557
2026-02-27;0,0;11,8;25,2;17,342;74,458;959,133;3,696;25,94;A811;4304507;Cangucu;-31,403;-52,701;446,81;0,0;0;0,0;0,0;0,0;11,8;1,0;1,329;3,0;17,939;81,472;0,84;0,542
2026-02-28;0,0;15,4;25,9;19,362;75,0;959,988;4,413;22,62;A811;4304507;Cangucu;-31,403;-52,701;446,81;0,0;0;0,0;0,0;0,0;11,0;1,0;0,854;4,0;17,815;75,389;0,849;0,528
2026-03-01;0,0;15,5;25,6;19,558;76,75;960,8;4,204;23,97;A811;4304507;Cangucu;-31,403;-52,701;446,81;0,0;0;0,0;0,0;0,0;10,8;1,0;0,812;5,0;18,754;75,403;0,858;0,513
2026-03-02;0,0;15,6;26,9;20,15;76,75;958,542;5,092;25,72;A811;4304507;Cangucu;-31,403;-52,701;446,81;0,0;0;0,0;0,0;0,0;10,8;1,0;-2,258;6,0;19,69;76,167;0,867;0,498
2026-03-03;0,0;18,0;30,9;22,6;78,667;957,492;4,983;24,4;A811;4304507;Cangucu;-31,403;-52,701;446,81;4,0;1;0,0;0,0;0,0;0,0;0,0;-1,05;7,0;20,769;77,389;0,876;0,483
2026-03-04;4,0;19,3;31,3;22,35;82,042;958,117;5,133;15,76;A811;4304507;Cangucu;-31,403;-52,701;446,81;0,0;0;0,0;0,0;4,0;4,0;1,0;0,625;0,0;21,7;79,153;0,884;0,468
2026-03-05;0,0;19,5;26,4;21,412;91,208;960,379;4,554;14,78;A811;4304507;Cangucu;-31,403;-52,701;446,81;0,0;0;4,0;0,0;4,0;4,0;1,0;2,262;1,0;22,121;83,972;0,892;0,453
2026-03-06;0,0;19,7;27,2;21,938;88,458;960,5;4,696;17,57;A811;4304507;Cangucu;-31,403;-52,701;446,81;7,6;1;0,0;4,0;4,0;4,0;1,0;0,121;2,0;21,9;87,236;0,899;0,437
2026-03-07;7,6;17,6;21,7;20,079;96,5;956,938;4,275;10,26;A811;4304507;Cangucu;-31,403;-52,701;446,81;1,2;1;0,0;0,0;7,6;11,6;2,0;-3,562;0,0;21,143;92,056;0,907;0,422
2026-03-08;1,2;16,6;22,3;18,608;89,875;960,608;5,9;12,94;A811;4304507;Cangucu;-31,403;-52,701;446,81;0,0;0;7,6;0,0;8,8;12,8;3,0;3,671;0,0;20,208;91,611;0,914;0,406
2026-03-09;0,0;14,0;22,9;17,108;85,333;964,358;5,521;13,69;A811;4304507;Cangucu;-31,403;-52,701;446,81;6,8;1;1,2;7,6;8,8;12,8;3,0;3,75;1,0;18,599;90,569;0,921;0,39
2026-03-10;6,8;16,1;19,6;17,35;98,958;964,171;5,371;7,45;A811;4304507;Cangucu;-31,403;-52,701;446,81;1,0;1;0,0;1,2;8,0;19,6;4,0;-0,188;0,0;17,689;91,389;0,927;0,374
2026-03-11;1,0;17,0;25,2;19,575;94,792;961,325;4,542;12,88;A811;4304507;Cangucu;-31,403;-52,701;446,81;0,4;0;6,8;0,0;7,8;16,6;4,0;-2,846;0,0;18,011;93,028;0,934;0,358
2026-03-12;0,4;17,4;25,6;20,421;88,583;959,558;5,117;18,99;A811;4304507;Cangucu;-31,403;-52,701;446,81;0,2;0;1,0;6,8;8,2;17,0;4,0;-1,767;1,0;19,115;94,111;0,94;0,342
2026-03-13;0,2;16,5;25,2;19,488;90,0;958,367;3,938;18,4;A811;4304507;Cangucu;-31,403;-52,701;446,81;0,4;0;0,4;1,0;1,6;17,2;4,0;-1,192;2,0;19,828;91,125;0,945;0,326
2026-03-14;0,4;16,8;26,2;19,825;86,208;956,554;2,604;18,96;A811;4304507;Cangucu;-31,403;-52,701;446,81;0,0;0;0,2;0,4;1,0;10,0;3,0;-1,812;3,0;19,911;88,264;0,951;0,31
2026-03-15;0,0;17,2;29,8;21,537;81,167;955,55;3,708;22,67;A811;4304507;Cangucu;-31,403;-52,701;446,81;0,2;0;0,4;0,2;0,6;8,8;2,0;-1,004;4,0;20,283;85,792;0,956;0,293
2026-03-16;0,2;19,3;31,9;23,7;81,25;957,275;4,554;21,57;A811;4304507;Cangucu;-31,403;-52,701;446,81;0,8;0;0,0;0,4;0,6;9,0;2,0;1,725;5,0;21,688;82,875;0,961;0,277
2026-03-17;0,8;21,5;24,3;22,588;95,292;957,35;3,425;6,24;A811;4304507;Cangucu;-31,403;-52,701;446,81;0,8;0;0,2;0,0;1,0;3,0;1,0;0,075;6,0;22,608;85,903;0,966;0,26
2026-03-18;0,8;20,2;25,1;21,612;96,5;956,875;4,538;5,86;A811;4304507;Cangucu;-31,403;-52,701;446,81;1,6;1;0,8;0,2;1,8;2,8;0,0;-0,475;7,0;22,633;91,014;0,97;0,244
2026-03-19;1,6;18,8;27,1;21,112;92,417;957,675;4,746;15,69;A811;4304507;Cangucu;-31,403;-52,701;446,81;0,0;0;0,8;0,8;3,2;4,0;1,0;0,8;0,0;21,771;94,736;0,974;0,227
2026-03-20;0,0;18,5;28,0;21,812;88,292;956,992;4,087;20,72;A811;4304507;Cangucu;-31,403;-52,701;446,81;7,4;1;1,6;0,8;2,4;3,8;1,0;-0,683;1,0;21,512;92,403;0,978;0,21
2026-03-21;7,4;19,5;32,0;23,338;83,625;954,133;5,45;17,03;A811;4304507;Cangucu;-31,403;-52,701;446,81;0,6;0;0,0;1,6;9,0;10,8;2,0;-2,858;0,0;22,088;88,111;0,981;0,193
2026-03-22;0,6;15,4;24,6;20,054;91,708;958,033;4,525;16,53;A811;4304507;Cangucu;-31,403;-52,701;446,81;22,4;1;7,4;0,0;8,0;11,4;2,0;3,9;1,0;21,735;87,875;0,984;0,176
2026-03-23;22,4;18,3;23,8;20,246;97,25;955,912;4,408;6,57;A811;4304507;Cangucu;-31,403;-52,701;446,81;1,8;1;0,6;7,4;30,4;33,6;3,0;-2,121;0,0;21,213;90,861;0,987;0,16
2026-03-24;1,8;14,6;23,2;18,188;83,042;957,475;3,933;23,09;A811;4304507;Cangucu;-31,403;-52,701;446,81;0,6;0;22,4;0,6;24,8;34,6;4,0;1,562;0,0;19,496;90,667;0,99;0,143
2026-03-25;0,6;14,2;22,9;16,933;85,167;961,083;4,608;12,31;A811;4304507;Cangucu;-31,403;-52,701;446,81;1,0;1;1,8;22,4;24,8;34,4;4,0;3,608;1,0;18,456;88,486;0,992;0,125
2026-03-26;1,0;16,2;21,4;18,325;98,292;962,583;4,821;7,09;A811;4304507;Cangucu;-31,403;-52,701;446,81;0,8;0;0,6;1,8;3,4;33,8;4,0;1,5;0,0;17,815;88,833;0,994;0,108
2026-03-27;0,8;20,1;30,7;23,388;93,083;962,375;2,525;15,77;A811;4304507;Cangucu;-31,403;-52,701;446,81;0,0;0;1,0;0,6;2,4;34,6;4,0;-0,208;1,0;19,549;92,181;0,996;0,091
2026-03-28;0,0;22,7;29,9;24,892;89,583;963,458;3,608;14,59;A811;4304507;Cangucu;-31,403;-52,701;446,81;8,6;1;0,8;1,0;1,8;27,2;3,0;1,083;2,0;22,201;93,653;0,997;0,074
2026-03-29;8,6;21,2;31,6;24,454;88,708;963,758;2,883;10,59;A811;4304507;Cangucu;-31,403;-52,701;446,81;4,8;1;0,0;0,8;9,4;35,2;4,0;0,3;0,0;24,244;90,458;0,998;0,057
2026-03-30;4,8;21,2;26,8;22,596;97,042;962,808;3,246;9,54;A811;4304507;Cangucu;-31,403;-52,701;446,81;0,2;0;8,6;0,0;13,4;17,6;4,0;-0,95;0,0;23,981;91,778;0,999;0,04
2026-03-31;0,2;19,4;26,8;22,146;88,875;960,154;4,438;20,17;A811;4304507;Cangucu;-31,403;-52,701;446,81;0,0;0;4,8;8,6;13,6;16,0;3,0;-2,654;1,0;23,065;91,542;1,0;0,023
2026-04-01;0,0;17,8;27,1;21,604;82,75;957,683;3,742;21,37;A811;4304507;Cangucu;-31,403;-52,701;446,81;0,0;0;0,2;4,8;5,0;15,4;3,0;-2,471;2,0;22,115;89,556;1,0;0,005
2026-04-02;0,0;18,0;27,3;21,892;83,542;957,637;2,896;19,53;A811;4304507;Cangucu;-31,403;-52,701;446,81;0,0;0;0,0;0,2;0,2;14,4;2,0;-0,046;3,0;21,881;85,056;1,0;-0,012
2026-04-03;0,0;18,1;28,4;22,012;85,417;959,421;2,871;18,33;A811;4304507;Cangucu;-31,403;-52,701;446,81;2,8;1;0,0;0,0;0,0;13,6;2,0;1,783;4,0;21,836;83,903;1,0;-0,029
2026-04-04;2,8;16,0;25,9;20,579;93,625;960,725;4,767;9,65;A811;4304507;Cangucu;-31,403;-52,701;446,81;0,4;0;0,0;0,0;2,8;16,4;3,0;1,304;0,0;21,494;87,528;0,999;-0,046
2026-04-05;0,4;13,0;19,7;15,458;86,542;966,2;6,108;11,29;A811;4304507;Cangucu;-31,403;-52,701;446,81;0,2;0;2,8;0,0;3,2;8,2;2,0;5,475;1,0;19,35;88,528;0,998;-0,063
2026-04-06;0,2;14,6;21,5;17,692;86,125;963,908;5,142;7,5;A811;4304507;Cangucu;-31,403;-52,701;446,81;17,6;1;0,4;2,8;3,4;3,6;1,0;-2,292;2,0;17,91;88,764;0,997;-0,081
2026-04-07;17,6;18,5;20,0;19,408;99,458;955,629;5,275;2,98;A811;4304507;Cangucu;-31,403;-52,701;446,81;3,2;1;0,2;0,4;18,2;21,0;2,0;-8,279;0,0;17,519;90,708;0,995;-0,098
2026-04-08;3,2;16,0;21,3;17,917;93,458;951,758;6,996;10,69;A811;4304507;Cangucu;-31,403;-52,701;446,81;2,4;1;17,6;0,2;21,0;24,2;3,0;-3,871;0,0;18,339;93,014;0,993;-0,115
2026-04-09;2,4;13,5;20,8;16,154;87,917;960,571;3,879;15,68;A811;4304507;Cangucu;-31,403;-52,701;446,81;0,2;0;3,2;17,6;23,2;26,6;4,0;8,812;0,0;17,826;93,611;0,991;-0,132
2026-04-10;0,2;11,8;21,0;15,329;78,625;964,662;2,779;20,25;A811;4304507;Cangucu;-31,403;-52,701;446,81;0,0;0;2,4;3,2;5,8;26,8;4,0;4,092;1,0;16,467;86,667;0,989;-0,149
2026-04-11;0,0;13,8;23,7;17,558;84,542;964,596;4,267;19,73;A811;4304507;Cangucu;-31,403;-52,701;446,81;0,2;0;0,2;2,4;2,6;24,0;3,0;-0,067;2,0;16,347;83,694;0,986;-0,166
2026-04-12;0,2;17,7;24,3;19,321;90,583;962,425;5,121;12,39;A811;4304507;Cangucu;-31,403;-52,701;446,81;0,0;0;0,0;0,2;0,4;23,8;3,0;-2,171;3,0;17,403;84,583;0,983;-0,183
2026-04-13;0,0;18,0;25,6;20,258;88,875;963,0;3,396;12,11;A811;4304507;Cangucu;-31,403;-52,701;446,81;0,0;0;0,2;0,0;0,2;23,6;3,0;0,575;4,0;19,046;88,0;0,98;-0,2
2026-04-14;0,0;18,0;26,5;20,562;91,25;961,817;4,192;14,84;A811;4304507;Cangucu;-31,403;-52,701;446,81;0,0;0;0,0;0,2;0,2;6,0;2,0;-1,183;5,0;20,047;90,236;0,976;-0,217
2026-04-15;0,0;19,4;24,9;20,921;88,25;959,492;5,254;11,42;A811;4304507;Cangucu;-31,403;-52,701;446,81;6,4;1;0,0;0,0;0,0;2,8;1,0;-2,325;6,0;20,581;89,458;0,972;-0,233
2026-04-16;6,4;18,9;22,7;19,754;96,5;955,004;4,908;7,24;A811;4304507;Cangucu;-31,403;-52,701;446,81;1,2;1;0,0;0,0;6,4;6,8;1,0;-4,488;0,0;20,412;92,0;0,968;-0,25
2026-04-17;1,2;17,8;21,9;19,238;91,917;952,3;5,742;9,25;A811;4304507;Cangucu;-31,403;-52,701;446,81;0,0;0;6,4;0,0;7,6;7,8;2,0;-2,704;0,0;19,971;92,222;0,964;-0,267
2026-04-18;0,0;14,5;24,6;18,725;79,875;954,892;3,458;18,88;A811;4304507;Cangucu;-31,403;-52,701;446,81;0,0;0;1,2;6,4;7,6;7,8;2,0;2,592;1,0;19,239;89,431;0,959;-0,283
2026-04-19;0,0;17,0;25,5;20,596;70,958;958,658;2,154;17,98;A811;4304507;Cangucu;-31,403;-52,701;446,81;0,0;0;0,0;1,2;1,2;7,6;2,0;3,767;2,0;19,519;80,917;0,954;-0,3
2026-04-20;0,0;14,3;23,0;18,467;82,708;961,35;3,879;12,81;A811;4304507;Cangucu;-31,403;-52,701;446,81;2,0;1;0,0;0,0;0,0;7,6;2,0;2,692;3,0;19,262;77,847;0,949;-0,316
2026-04-21;2,0;17,5;24,8;19,383;93,792;961,733;3,512;7,91;A811;4304507;Cangucu;-31,403;-52,701;446,81;0,0;0;0,0;0,0;2,0;9,6;3,0;0,383;0,0;19,482;82,486;0,943;-0,332
2026-04-22;0,0;17,1;24,8;20,258;89,083;961,396;2,483;13,59;A811;4304507;Cangucu;-31,403;-52,701;446,81;0,2;0;2,0;0,0;2,0;9,6;3,0;-0,337;1,0;19,369;88,528;0,937;-0,348
2026-04-23;0,2;13,8;19,7;15,883;93,792;965,146;3,517;5,15;A811;4304507;Cangucu;-31,403;-52,701;446,81;6,0;1;0,0;2,0;2,2;3,4;2,0;3,75;2,0;18,508;92,222;0,931;-0,364
2026-04-24;6,0;14,5;18,7;15,979;99,125;963,567;4,038;3,94;A811;4304507;Cangucu;-31,403;-52,701;446,81;0,2;0;0,2;0,0;6,2;8,2;2,0;-1,579;0,0;17,374;94,0;0,925;-0,38
2026-04-25;0,2;15,8;22,7;18,004;92,125;959,125;2,958;12,37;A811;4304507;Cangucu;-31,403;-52,701;446,81;0,0;0;6,0;0,2;6,4;8,4;2,0;-4,442;1,0;16,622;95,014;0,918;-0,396
2026-04-26;0,0;15,5;23,2;18,262;83,958;955,358;4,121;14,74;A811;4304507;Cangucu;-31,403;-52,701;446,81;0,0;0;0,2;6,0;6,2;8,4;2,0;-3,767;2,0;17,415;91,736;0,911;-0,412
2026-04-27;0,0;5,0;17,8;11,279;62,125;958,238;4,688;17,55;A811;4304507;Cangucu;-31,403;-52,701;446,81;0,0;0;0,0;0,2;0,2;8,4;2,0;2,879;3,0;15,849;79,403;0,904;-0,428
2026-04-28;0,0;7,6;17,5;11,183;70,625;962,404;2,483;16,77;A811;4304507;Cangucu;-31,403;-52,701;446,81;0,0;0;0,0;0,0;0,0;6,4;1,0;4,167;4,0;13,575;72,236;0,896;-0,443
2026-04-29;0,0;9,4;22,5;14,917;55,917;960,025;3,221;16,44;A811;4304507;Cangucu;-31,403;-52,701;446,81;0,0;0;0,0;0,0;0,0;6,4;1,0;-2,379;5,0;12,46;62,889;0,889;-0,458
2026-04-30;0,0;13,0;24,5;17,467;56,333;961,637;3,554;16,23;A811;4304507;Cangucu;-31,403;-52,701;446,81;41,0;1;0,0;0,0;0,0;6,2;1,0;1,612;6,0;14,522;60,958;0,881;-0,474
2026-05-01;41,0;14,8;17,4;15,871;85,917;959,904;6,017;1,44;A811;4304507;Cangucu;-31,403;-52,701;446,81;9,4;1;0,0;0,0;41,0;41,2;1,0;-1,733;0,0;16,085;66,056;0,872;-0,489
2026-05-02;9,4;10,5;17,2;15,317;89,625;960,742;5,521;7,83;A811;4304507;Cangucu;-31,403;-52,701;446,81;0,0;0;41,0;0,0;50,4;50,4;2,0;0,837;0,0;16,218;77,292;0,864;-0,504
2026-05-03;0,0;5,9;16,9;10,371;68,333;967,783;2,854;16,33;A811;4304507;Cangucu;-31,403;-52,701;446,81;0,0;0;9,4;41,0;50,4;50,4;2,0;7,042;1,0;13,853;81,292;0,855;-0,519
2026-05-04;0,0;8,8;21,8;14,529;78,708;961,017;4,688;15,05;A811;4304507;Cangucu;-31,403;-52,701;446,81;0,0;0;0,0;9,4;9,4;50,4;2,0;-6,767;2,0;13,406;78,889;0,846;-0,533
2026-05-05;0,0;16,8;27,6;21,0;88,458;960,908;5,008;11,43;A811;4304507;Cangucu;-31,403;-52,701;446,81;0,0;0;0,0;0,0;0,0;50,4;2,0;-0,108;3,0;15,3;78,5;0,837;-0,548
2026-05-06;0,0;20,7;28,8;23,742;79,667;960,65;4,783;13,71;A811;4304507;Cangucu;-31,403;-52,701;446,81;1,0;1;0,0;0,0;0,0;50,4;2,0;-0,258;4,0;19,757;82,278;0,827;-0,562
2026-05-07;1,0;16,5;27,4;22,254;81,167;950,792;5,854;8,82;A811;4304507;Cangucu;-31,403;-52,701;446,81;29,2;1;0,0;0,0;1,0;51,4;3,0;-9,858;0,0;22,332;83,097;0,817;-0,576
2026-05-08;29,2;7,5;17,3;11,617;82,667;948,917;7,246;11,54;A811;4304507;Cangucu;-31,403;-52,701;446,81;0,0;0;1,0;0,0;30,2;39,6;3,0;-1,875;0,0;19,204;81,167;0,807;-0,59
2026-05-09;0,0;4,3;12,8;7,696;69,5;957,975;6,75;13,81;A811;4304507;Cangucu;-31,403;-52,701;446,81;0,8;0;29,2;1,0;30,2;30,2;2,0;9,058;1,0;13,856;77,778;0,797;-0,604
2026-05-10;0,8;5,3;11,7;7,596;84,083;963,904;5,054;13,12;A811;4304507;Cangucu;-31,403;-52,701;446,81;0,0;0;0,0;29,2;30,0;31,0;2,0;5,929;2,0;8,969;78,75;0,787;-0,617
2026-05-11;0,0;4,9;14,8;8,612;69,833;964,196;4,529;15,32;A811;4304507;Cangucu;-31,403;-52,701;446,81;0,0;0;0,8;0,0;0,8;31,0;2,0;0,292;3,0;7,968;74,472;0,776;-0,631
2026-05-12;0,0;6,9;17,5;11,171;64,25;962,196;6,521;15,05;A811;4304507;Cangucu;-31,403;-52,701;446,81;0,0;0;0,0;0,8;0,8;31,0;2,0;-2,0;4,0;9,126;72,722;0,765;-0,644
2026-05-13;0,0;9,9;18,7;12,958;72,875;961,058;4,096;14,0;A811;4304507;Cangucu;-31,403;-52,701;446,81;0,0;0;0,0;0,0;0,0;31,0;2,0;-1,137;5,0;10,914;68,986;0,754;-0,657
2026-05-14;0,0;8,3;14,8;11,067;85,875;963,004;2,588;11,45;A811;4304507;Cangucu;-31,403;-52,701;446,81;0,0;0;0,0;0,0;0,0;30,0;1,0;1,946;6,0;11,732;74,333;0,742;-0,67
2026-05-15;0,0;7,1;15,9;10,1;86,625;964,733;3,675;14,1;A811;4304507;Cangucu;-31,403;-52,701;446,81;0,0;0;0,0;0,0;0,0;0,8;0,0;1,729;7,0;11,375;81,792;0,731;-0,683
2026-05-16;0,0;8,1;15,9;11,283;91,125;961,621;3,683;7,58;A811;4304507;Cangucu;-31,403;-52,701;446,81;0,2;0;0,0;0,0;0,0;0,8;0,0;-3,112;8,0;10,817;87,875;0,719;-0,695
2026-05-17;0,2;9,9;13,5;11,533;95,667;962,504;4,821;4,9;A811;4304507;Cangucu;-31,403;-52,701;446,81;0,0;0;0,0;0,0;0,2;0,2;0,0;0,883;9,0;10,972;91,139;0,707;-0,707
2026-05-18;0,0;4,5;13,4;8,592;84,75;967,392;3,775;13,14;A811;4304507;Cangucu;-31,403;-52,701;446,81;0,0;0;0,2;0,0;0,2;0,2;0,0;4,888;10,0;10,469;90,514;0,694;-0,72
2026-05-19;0,0;5,7;14,3;9,071;72,458;967,188;2,137;14,17;A811;4304507;Cangucu;-31,403;-52,701;446,81;0,0;0;0,0;0,2;0,2;0,2;0,0;-0,204;11,0;9,732;84,292;0,682;-0,731
2026-05-20;0,0;7,0;15,5;10,192;68,708;966,288;3,662;13,77;A811;4304507;Cangucu;-31,403;-52,701;446,81;0,0;0;0,0;0,0;0,0;0,2;0,0;-0,9;12,0;9,285;75,306;0,669;-0,743
2026-05-21;0,0;4,1;11,4;7,779;82,125;970,275;3,404;9,55;A811;4304507;Cangucu;-31,403;-52,701;446,81;0,2;0;0,0;0,0;0,0;0,2;0,0;3,987;13,0;9,014;74,431;0,656;-0,754
2026-05-22;0,2;6,3;12,2;8,692;96,375;971,738;3,588;4,78;A811;4304507;Cangucu;-31,403;-52,701;446,81;3,6;1;0,0;0,0;0,2;0,4;0,0;1,463;14,0;8,887;82,403;0,643;-0,766
2026-05-23;3,6;10,3;15,3;11,9;97,875;970,275;2,783;6,23;A811;4304507;Cangucu;-31,403;-52,701;446,81;0,0;0;0,2;0,0;3,8;4,0;1,0;-1,463;0,0;9,457;92,125;0,63;-0,777
2026-05-24;0,0;11,1;16,9;12,958;95,0;967,812;3,271;8,34;A811;4304507;Cangucu;-31,403;-52,701;446,81;0,2;0;3,6;0,2;3,8;3,8;1,0;-2,462;1,0;11,183;96,417;0,617;-0,787
2026-05-25;0,2;11,6;18,1;13,912;93,667;965,583;3,829;8,17;A811;4304507;Cangucu;-31,403;-52,701;446,81;8,6;1;0,0;3,6;3,8;4,0;1,0;-2,229;2,0;12,924;95,514;0,603;-0,798
2026-05-26;8,6;13,0;16,1;14,1;99,25;964,3;3,071;4,41;A811;4304507;Cangucu;-31,403;-52,701;446,81;0,2;0;0,2;0,0;8,8;12,6;2,0;-1,283;0,0;13,657;95,972;0,589;-0,808
2026-05-27;0,2;11,2;17,4;13,296;95,833;967,367;2,938;9,14;A811;4304507;Cangucu;-31,403;-52,701;446,81;0,2;0;8,6;0,2;9,0;12,8;2,0;3,067;1,0;13,769;96,25;0,575;-0,818
2026-05-28;0,2;10,9;14,0;11,946;96,708;967,154;2,671;3,94;A811;4304507;Cangucu;-31,403;-52,701;446,81;0,0;0;0,2;8,6;9,0;13,0;2,0;-0,212;2,0;13,114;97,264;0,561;-0,828
2026-05-29;0,0;11,1;15,7;12,617;95,417;967,192;3,588;5,05;A811;4304507;Cangucu;-31,403;-52,701;446,81;0,0;0;0,2;0,2;0,4;12,8;2,0;0,037;3,0;12,619;95,986;0,547;-0,837
2026-05-30;0,0;12,9;19,2;14,329;92,542;966,475;2,733;7,34;A811;4304507;Cangucu;-31,403;-52,701;446,81;0,0;0;0,0;0,2;0,2;9,2;1,0;-0,717;4,0;12,964;94,889;0,532;-0,847
2026-05-31;0,0;12,7;16,5;14,546;92,583;965,421;2,842;8,17;A811;4304507;Cangucu;-31,403;-52,701;446,81;0,0;0;0,0;0,0;0,0;9,2;1,0;-1,054;5,0;13,831;93,514;0,518;-0,856
2026-06-01;0,0;10,0;14,4;11,765;92,87;967,148;2,857;6,76;A811;4304507;Cangucu;-31,403;-52,701;446,81;4,4;1;0,0;0,0;0,0;9,0;1,0;1,727;6,0;13,547;92,665;0,503;-0,864
2026-06-02;4,4;9,5;13,6;11,562;98,042;970,242;4,3;4,41;A811;4304507;Cangucu;-31,403;-52,701;446,81;1,6;1;0,0;0,0;4,4;4,8;1,0;3,094;0,0;12,625;94,498;0,488;-0,873
2026-06-03;1,6;12,1;17,8;13,896;97,0;970,329;3,996;6,32;A811;4304507;Cangucu;-31,403;-52,701;446,81;0,2;0;4,4;0,0;6,0;6,2;2,0;0,088;0,0;12,408;95,97;0,473;-0,881
2026-06-04;0,2;12,5;19,9;15,058;90,583;970,908;3,971;12,27;A811;4304507;Cangucu;-31,403;-52,701;446,81;0,0;0;1,6;4,4;6,2;6,2;2,0;0,579;1,0;13,506;95,208;0,458;-0,889
2026-06-05;0,0;13,6;21,3;16,342;87,833;967,467;3,867;10,96;A811;4304507;Cangucu;-31,403;-52,701;446,81;0,0;0;0,2;1,6;1,8;6,2;2,0;-3,442;2,0;15,099;91,806;0,442;-0,897
2026-06-06;0,0;13,7;19,6;16,504;90,958;963,25;1,621;7,72;A811;4304507;Cangucu;-31,403;-52,701;446,81;0,2;0;0,0;0,2;0,2;6,2;2,0;-4,217;3,0;15,968;89,792;0,427;-0,904
2026-06-07;0,2;11,8;16,4;13,467;97,167;963,15;3,025;5,66;A811;4304507;Cangucu;-31,403;-52,701;446,81;17,4;1;0,0;0,0;0,2;6,4;2,0;-0,1;4,0;15,437;91,986;0,411;-0,912
2026-06-08;17,4;10,9;13,5;12,3;100,0;963,088;4,604;2,29;A811;4304507;Cangucu;-31,403;-52,701;446,81;4,4;1;0,2;0,0;17,6;23,8;3,0;-0,062;0,0;14,09;96,042;0,395;-0,919
2026-06-09;4,4;10,1;15,0;11,517;95,375;962,167;3,338;8,69;A811;4304507;Cangucu;-31,403;-52,701;446,81;5,6;1;17,4;0,2;22,0;23,8;3,0;-0,921;0,0;12,428;97,514;0,379;-0,925
2026-06-10;5,6;8,3;15,6;10,842;93,25;961,95;2,762;11,24;A811;4304507;Cangucu;-31,403;-52,701;446,81;0,4;0;4,4;17,4;27,4;27,8;3,0;-0,217;0,0;11,553;96,208;0,363;-0,932
2026-06-11;0,4;9,8;15,2;11,8;95,042;961,354;3,071;5,56;A811;4304507;Cangucu;-31,403;-52,701;446,81;21,6;1;5,6;4,4;10,4;28,0;3,0;-0,596;1,0;11,386;94,556;0,347;-0,938
2026-06-12;21,6;10,2;12,7;11,775;100,0;957,008;7,5;1,27;A811;4304507;Cangucu;-31,403;-52,701;446,81;0,8;0;0,4;5,6;27,6;49,6;4,0;-4,346;0,0;11,472;96,097;0,331;-0,944
2026-06-13;0,8;9,3;16,7;11,662;92,458;960,654;2,758;8,87;A811;4304507;Cangucu;-31,403;-52,701;446,81;0,2;0;21,6;0,4;22,8;50,4;4,0;3,646;1,0;11,746;95,833;0,315;-0,949
2026-06-14;0,2;6,3;11,7;9,092;93,208;963,688;2,996;4,9;A811;4304507;Cangucu;-31,403;-52,701;446,81;0,0;0;0,8;21,6;22,6;50,4;4,0;3,033;2,0;10,843;95,222;0,299;-0,954
2026-06-15;0,0;3,7;11,1;6,708;78,167;966,708;1,746;11,99;A811;4304507;Cangucu;-31,403;-52,701;446,81;0,0;0;0,2;0,8;1,0;33,0;3,0;3,021;3,0;9,154;87,944;0,282;-0,959
2026-06-16;0,0;3,3;13,8;7,642;73,25;964,442;5,15;12,36;A811;4304507;Cangucu;-31,403;-52,701;446,81;0,0;0;0,0;0,2;0,2;28,6;2,0;-2,267;4,0;7,814;81,542;0,266;-0,964
2026-06-17;0,0;7,7;13,7;9,888;77,917;966,508;4,525;12,17;A811;4304507;Cangucu;-31,403;-52,701;446,81;0,0;0;0,0;0,0;0,0;23,0;1,0;2,067;5,0;8,079;76,444;0,249;-0,969
2026-06-18;0,0;6,5;13,9;9,375;88,042;966,838;5,004;7,81;A811;4304507;Cangucu;-31,403;-52,701;446,81;6,4;1;0,0;0,0;0,0;22,6;1,0;0,329;6,0;8,968;79,736;0,232;-0,973
2026-06-19;6,4;8,4;12,9;11,2;92,917;958,796;6,142;1,92;A811;4304507;Cangucu;-31,403;-52,701;446,81;0,2;0;0,0;0,0;6,4;7,4;1,0;-8,042;0,0;10,154;86,292;0,215;-0,977
2026-06-20;0,2;4,3;12,0;7,388;91,0;962,204;2,833;11,23;A811;4304507;Cangucu;-31,403;-52,701;446,81;0,0;0;6,4;0,0;6,6;6,8;1,0;3,408;1,0;9,321;90,653;0,199;-0,98
2026-06-21;0,0;5,3;13,2;8,138;80,375;960,712;2,642;8,9;A811;4304507;Cangucu;-31,403;-52,701;446,81;6,6;1;0,2;6,4;6,6;6,6;1,0;-1,492;2,0;8,908;88,097;0,182;-0,983
2026-06-22;6,6;5,3;8,8;7,538;97,25;958,054;3,017;1,46;A811;4304507;Cangucu;-31,403;-52,701;446,81;0,4;0;0,0;0,2;6,8;13,2;2,0;-2,658;0,0;7,687;89,542;0,165;-0,986
2026-06-23;0,4;3,2;8,7;5,45;87,083;960,354;5,442;11,62;A811;4304507;Cangucu;-31,403;-52,701;446,81;0,0;0;6,6;0,0;7,0;13,6;2,0;2,3;1,0;7,042;88,236;0,148;-0,989
2026-06-24;0,0;1,2;11,3;5,642;77,458;962,425;5,342;9,82;A811;4304507;Cangucu;-31,403;-52,701;446,81;0,0;0;0,4;6,6;7,0;13,6;2,0;2,071;2,0;6,21;87,264;0,131;-0,991
2026-06-25;0,0;4,1;14,1;8,192;74,208;965,779;5,458;12,13;A811;4304507;Cangucu;-31,403;-52,701;446,81;0,0;0;0,0;0,4;0,4;13,6;2,0;3,354;3,0;6,428;79,583;0,114;-0,994
2026-06-26;0,0;6,6;16,5;10,471;75,042;967,058;4,771;12,09;A811;4304507;Cangucu;-31,403;-52,701;446,81;0,0;0;0,0;0,0;0,0;7,2;1,0;1,279;4,0;8,101;75,569;0,097;-0,995
2026-06-27;0,0;8,2;17,5;12,383;68,0;966,225;3,429;12,09;A811;4304507;Cangucu;-31,403;-52,701;446,81;29,8;1;0,0;0,0;0,0;7,0;1,0;-0,833;5,0;10,349;72,417;0,079;-0,997
2026-06-28;29,8;11,7;16,0;14,004;92,833;959,975;4,812;2,8;A811;4304507;Cangucu;-31,403;-52,701;446,81;0,0;0;0,0;0,0;29,8;36,8;2,0;-6,25;0,0;12,286;78,625;0,062;-0,998
2026-06-29;0,0;5,8;14,5;9,088;88,917;963,729;2,55;11,85;A811;4304507;Cangucu;-31,403;-52,701;446,81;0,2;0;29,8;0,0;29,8;30,2;1,0;3,754;1,0;11,825;83,25;0,045;-0,999
2026-06-30;0,2;4,3;11,9;7,592;94,792;963,917;3,258;8,07;A811;4304507;Cangucu;-31,403;-52,701;446,81;0,4;0;0,0;29,8;30,0;30,0;1,0;0,188;2,0;10,228;92,181;0,028;-1,0
2026-07-01;0,4;8,3;14,9;10,825;96,625;962,392;3,533;6,17;A811;4304507;Cangucu;-31,403;-52,701;446,81;7,0;1;0,2;0,0;0,6;30,4;1,0;-1,525;3,0;9,168;93,444;0,011;-1,0
2026-07-02;7,0;4,0;12,9;8,467;100,0;967,196;6,321;1,37;A811;4304507;Cangucu;-31,403;-52,701;446,81;0,0;0;0,4;0,2;7,6;37,4;2,0;4,804;0,0;8,961;97,139;-0,006;-1,0
2026-07-03;0,0;-0,7;7,5;3,062;89,958;969,683;4,612;8,13;A811;4304507;Cangucu;-31,403;-52,701;446,81;0,6;0;7,0;0,4;7,4;37,4;2,0;2,488;1,0;7,451;95,528;-0,024;-1,0
2026-07-04;0,6;5,2;8,9;6,504;99,708;969,404;3,133;5,17;A811;4304507;Cangucu;-31,403;-52,701;446,81;0,4;0;0,0;7,0;7,6;38,0;2,0;-0,279;2,0;6,011;96,556;-0,041;-0,999
2026-07-05;0,4;5,9;10,5;8,296;100,0;966,238;2,729;3,68;A811;4304507;Cangucu;-31,403;-52,701;446,81;0,2;0;0,6;0,0;1,0;8,6;1,0;-3,167;3,0;5,954;96,556;-0,058;-0,998
2026-07-06;0,2;5,4;10,3;8,75;90,833;962,887;3,758;6,65;A811;4304507;Cangucu;-31,403;-52,701;446,81;0,0;0;0,4;0,6;1,2;8,8;1,0;-3,35;4,0;7,85;96,847;-0,075;-0,997
2026-07-07;0,0;2,1;12,8;6,417;76,292;963,988;6,017;12,81;A811;4304507;Cangucu;-31,403;-52,701;446,81;0,0;0;0,2;0,4;0,6;8,6;1,0;1,1;5,0;7,821;89,042;-0,092;-0,996
2026-07-08;0,0;5,9;16,3;10,104;68,0;964,071;5,462;12,57;A811;4304507;Cangucu;-31,403;-52,701;446,81;0,0;0;0,0;0,2;0,2;8,2;1,0;0,083;6,0;8,424;78,375;-0,109;-0,994
2026-07-09;0,0;10,2;19,9;14,346;54,625;961,421;5,25;10,22;A811;4304507;Cangucu;-31,403;-52,701;446,81;0,0;0;0,0;0,0;0,0;1,2;0,0;-2,65;7,0;10,289;66,306;-0,127;-0,992
2026-07-10;0,0;10,8;16,6;13,85;70,792;959,942;3,271;10,46;A811;4304507;Cangucu;-31,403;-52,701;446,81;6,0;1;0,0;0,0;0,0;1,2;0,0;-1,479;8,0;12,767;64,472;-0,144;-0,99
2026-07-11;6,0;11,3;12,8;12,067;99,792;958,754;4,012;2,46;A811;4304507;Cangucu;-31,403;-52,701;446,81;4,2;1;0,0;0,0;6,0;6,6;1,0;-1,188;0,0;13,421;75,069;-0,161;-0,987
2026-07-12;4,2;6,9;11,8;9,596;97,583;961,417;3,092;4,97;A811;4304507;Cangucu;-31,403;-52,701;446,81;5,6;1;6,0;0,0;10,2;10,4;2,0;2,663;0,0;11,837;89,389;-0,178;-0,984
2026-07-13;5,6;7,6;10,5;8,867;99,833;966,796;2,696;4,42;A811;4304507;Cangucu;-31,403;-52,701;446,81;0,0;0;4,2;6,0;15,8;15,8;3,0;5,379;0,0;10,176;99,069;-0,194;-0,981
2026-07-14;0,0;7,5;15,9;11,013;87,0;966,554;4,046;12,78;A811;4304507;Cangucu;-31,403;-52,701;446,81;0,0;0;5,6;4,2;9,8;15,8;3,0;-0,242;1,0;9,825;94,806;-0,211;-0,977
2026-07-15;0,0;9,0;18,9;12,95;81,5;962,433;5,204;13,18;A811;4304507;Cangucu;-31,403;-52,701;446,81;0,0;0;0,0;5,6;5,6;15,8;3,0;-4,121;2,0;10,943;89,444;-0,228;-0,974
2026-07-16;0,0;13,6;24,3;17,975;63,708;958,217;7,171;11,6;A811;4304507;Cangucu;-31,403;-52,701;446,81;0,0;0;0,0;0,0;0,0;15,8;3,0;-4,217;3,0;13,979;77,403;-0,245;-0,97
2026-07-17;0,0;19,2;26,8;21,954;62,625;951,613;6,712;9,23;A811;4304507;Cangucu;-31,403;-52,701;446,81;0,0;0;0,0;0,0;0,0;15,8;3,0;-6,604;4,0;17,626;69,278;-0,261;-0,965
2026-07-18;0,0;16,6;24,8;22,342;73,458;950,558;6,2;3,73;A811;4304507;Cangucu;-31,403;-52,701;446,81;44,0;1;0,0;0,0;0,0;9,8;2,0;-1,054;5,0;20,757;66,597;-0,278;-0,961
2026-07-19;44,0;13,6;18,7;15,508;95,75;951,538;6,788;0,77;A811;4304507;Cangucu;-31,403;-52,701;446,81;39,0;1;0,0;0,0;44,0;49,6;2,0;0,979;0,0;19,935;77,278;-0,294;-0,956
2026-07-20;39,0;15,4;16,6;15,938;99,958;953,596;2,721;1,39;A811;4304507;Cangucu;-31,403;-52,701;446,81;0,8;0;44,0;0,0;83,0;83,0;2,0;2,058;0,0;17,929;89,722;-0,311;-0,95
2026-07-21;0,8;14,1;17,6;16,367;100,0;954,088;3,229;1,6;A811;4304507;Cangucu;-31,403;-52,701;446,81;11,6;1;39,0;44,0;83,8;83,8;2,0;0,492;1,0;15,937;98,569;-0,327;-0,945
2026-07-22;11,6;11,2;14,4;13,321;100,0;957,842;6,175;3,45;A811;4304507;Cangucu;-31,403;-52,701;446,81;4,8;1;0,8;39,0;51,4;95,4;3,0;3,754;0,0;15,208;99,986;-0,343;-0,939
2026-07-23;4,8;10,2;14,1;11,417;97,0;965,229;6,062;7,85;A811;4304507;Cangucu;-31,403;-52,701;446,81;0,0;0;11,6;0,8;17,2;100,2;4,0;7,387;0,0;13,701;99,0;-0,359;-0,933
2026-07-24;0,0;9,8;16,3;12,208;95,875;965,208;4,092;8,1;A811;4304507;Cangucu;-31,403;-52,701;446,81;0,2;0;4,8;11,6;16,4;100,2;4,0;-0,021;1,0;12,315;97,625;-0,375;-0,927
2026-07-25;0,2;9,8;20,9;14,975;92,167;963,912;2,208;13,29;A811;4304507;Cangucu;-31,403;-52,701;446,81;0,8;0;0,0;4,8;5,0;100,4;4,0;-1,296;2,0;12,867;95,014;-0,391;-0,92
2026-07-26;0,8;13,3;17,7;14,888;98,625;961,962;3,912;2,66;A811;4304507;Cangucu;-31,403;-52,701;446,81;10,2;1;0,2;0,0;1,0;57,2;3,0;-1,95;3,0;14,024;95,556;-0,407;-0,913
2026-07-27;10,2;12,4;16,9;14,554;99,833;959,367;3,692;3,92;A811;4304507;Cangucu;-31,403;-52,701;446,81;21,0;1;0,8;0,2;11,2;28,4;3,0;-2,596;0,0;14,806;96,875;-0,423;-0,906
2026-07-28;21,0;14,6;18,4;16,367;99,333;955,654;3,262;2,28;A811;4304507;Cangucu;-31,403;-52,701;446,81;21,2;1;10,2;0,8;32,0;48,6;4,0;-3,712;0,0;15,269;99,264;-0,438;-0,899
2026-07-29;21,2;11,6;15,9;13,425;96,958;959,521;4,208;6,01;A811;4304507;Cangucu;-31,403;-52,701;446,81;0,8;0;21,0;10,2;52,4;58,2;4,0;3,867;0,0;14,782;98,708;-0,454;-0,891
2026-07-30;0,8;11,1;15,9;12,829;96,458;966,646;4,171;6,76;A811;4304507;Cangucu;-31,403;-52,701;446,81;0,0;0;21,2;21,0;43,0;54,2;3,0;7,125;1,0;14,207;97,583;-0,469;-0,883
2026-07-31;0,0;12,2;23,4;16,754;91,083;963,0;5,958;13,92;A811;4304507;Cangucu;-31,403;-52,701;446,81;8,0;1;0,8;21,2;22,0;54,2;3,0;-3,646;2,0;14,336;94,833;-0,484;-0,875
2026-08-01;8,0;13,2;23,8;17,938;84,375;956,408;6,042;7,64;A811;4304507;Cangucu;-31,403;-52,701;446,81;1,2;1;0,0;0,8;8,8;62,0;4,0;-6,592;0,0;15,84;90,639;-0,499;-0,867
2026-08-02;1,2;12,1;16,0;13,721;98,292;963,133;2,375;4,22;A811;4304507;Cangucu;-31,403;-52,701;446,81;0,0;0;8,0;0,0;9,2;62,4;5,0;6,725;0,0;16,138;91,25;-0,514;-0,858
2026-08-03;0,0;12,7;22,2;15,892;94,625;962,617;4,012;11,86;A811;4304507;Cangucu;-31,403;-52,701;446,81;1,2;1;1,2;8,0;9,2;52,2;4,0;-0,517;1,0;15,85;92,431;-0,529;-0,849
2026-08-04;1,2;16,0;21,3;17,729;95,625;960,992;3,908;4,44;A811;4304507;Cangucu;-31,403;-52,701;446,81;11,4;1;0,0;1,2;2,4;32,4;4,0;-1,625;0,0;15,781;96,181;-0,543;-0,84
2026-08-05;11,4;14,1;21,6;16,746;96,208;959,688;3,096;11,29;A811;4304507;Cangucu;-31,403;-52,701;446,81;22,8;1;1,2;0,0;12,6;22,6;4,0;-1,304;0,0;16,789;95,486;-0,557;-0,83
2026-08-06;22,8;12,6;22,7;17,7;95,417;951,829;4,321;9,69;A811;4304507;Cangucu;-31,403;-52,701;446,81;1,6;1;11,4;1,2;35,4;44,6;5,0;-7,858;0,0;17,392;95,75;-0,572;-0,82
2026-08-07;1,6;5,7;13,5;9,35;82,083;954,071;4,883;14,57;A811;4304507;Cangucu;-31,403;-52,701;446,81;0,0;0;22,8;11,4;35,8;46,2;6,0;2,242;0,0;14,599;91,236;-0,586;-0,811
2026-08-08;0,0;4,4;7,4;5,8;87,583;955,342;3,258;0,04;A811;4304507;Cangucu;-31,403;-52,701;446,81;0,0;0;1,6;22,8;24,4;38,2;5,0;1,271;1,0;10,95;88,361;-0,6;-0,8
2026-08-09;0,0;4,2;12,7;8,013;63,174;963,661;3,025;16,51;A811;4304507;Cangucu;-31,403;-52,701;446,81;0,0;0;0,0;1,6;1,6;37,0;4,0;8,319;2,0;7,721;77,614;-0,613;-0,79
2026-08-10;0,0;2,7;10,8;6,233;73,542;974,071;4,567;11,89;A811;4304507;Cangucu;-31,403;-52,701;446,81;0,0;0;0,0;0,0;0,0;37,0;4,0;10,41;3,0;6,682;74,766;-0,627;-0,779
2026-08-11;0,0;3,2;13,4;7,133;88,292;974,288;5,2;7,98;A811;4304507;Cangucu;-31,403;-52,701;446,81;26,4;1;0,0;0,0;0,0;35,8;3,0;0,217;4,0;7,127;75,002;-0,64;-0,768
2026-08-12;26,4;8,7;11,5;10,1;99,167;965,592;5,492;1,68;A811;4304507;Cangucu;-31,403;-52,701;446,81;13,0;1;0,0;0,0;26,4;50,8;3,0;-8,696;0,0;7,822;87,0;-0,653;-0,757
2026-08-13;13,0;8,6;11,7;9,75;100,0;964,1;7,325;1,1;A811;4304507;Cangucu;-31,403;-52,701;446,81;4,8;1;26,4;0,0;39,4;41,0;3,0;-1,492;0,0;8,994;95,819;-0,666;-0,746
2026-08-14;4,8;8,8;12,8;10,846;100,0;967,621;5,554;4,38;A811;4304507;Cangucu;-31,403;-52,701;446,81;3,6;1;13,0;26,4;44,2;44,2;3,0;3,521;0,0;10,232;99,722;-0,679;-0,734
2026-08-15;3,6;11,6;15,8;13,55;99,958;964,542;6,129;5,01;A811;4304507;Cangucu;-31,403;-52,701;446,81;84,6;1;4,8;13,0;21,4;47,8;4,0;-3,079;0,0;11,382;99,986;-0,691;-0,723
2026-08-16;84,6;14,7;17,8;16,15;99,833;959,979;5,571;0,82;A811;4304507;Cangucu;-31,403;-52,701;446,81;0,0;0;3,6;4,8;93,0;132,4;5,0;-4,562;0,0;13,515;99,931;-0,704;-0,711
2026-08-17;0,0;16,7;19,1;18,1;92,875;957,675;7,15;0,0;A811;4304507;Cangucu;-31,403;-52,701;446,81;0,0;0;84,6;3,6;88,2;132,4;5,0;-2,304;1,0;15,933;97,556;-0,716;-0,698
2026-01-07;5,0;18,6;31,9;23,129;70,333;985,962;3,579;16,9;A827;4301602;Bage;-31,348;-54,013;226,19;0,0;0;0,0;0,0;5,0;11,8;2,0;-2,233;0,0;20,956;64,208;0,12;0,993
2026-01-08;0,0;16,7;27,5;20,835;84,261;989,93;4,774;17,46;A827;4301602;Bage;-31,348;-54,013;226,19;10,2;1;5,0;0,0;5,0;5,0;1,0;3,968;1,0;21,914;72,281;0,137;0,991
2026-01-09;10,2;19,4;24,4;21,442;87,0;988,838;5,904;7,58;A827;4301602;Bage;-31,348;-54,013;226,19;1,2;1;0,0;5,0;15,2;15,2;2,0;-1,093;0,0;21,802;80,531;0,154;0,988
2026-01-10;1,2;20,1;26,8;22,742;84,25;982,092;5,858;15,97;A827;4301602;Bage;-31,348;-54,013;226,19;0,6;0;10,2;0,0;11,4;16,4;3,0;-6,746;0,0;21,673;85,17;0,171;0,985
2026-01-11;0,6;14,9;25,8;19,171;86,458;982,921;3,408;14,33;A827;4301602;Bage;-31,348;-54,013;226,19;1,2;1;1,2;10,2;12,0;17,0;3,0;0,829;1,0;21,118;85,903;0,188;0,982
2026-01-12;1,2;17,9;27,6;21,908;82,167;985,808;1,862;24,69;A827;4301602;Bage;-31,348;-54,013;226,19;0,0;0;0,6;1,2;3,0;18,2;4,0;2,888;0,0;21,274;84,292;0,205;0,979
2026-01-13;0,0;17,1;29,5;23,229;77,292;986,292;1,985;30,62;A827;4301602;Bage;-31,348;-54,013;226,19;0,0;0;1,2;0,6;1,8;18,2;4,0;0,483;1,0;21,436;81,972;0,222;0,975
2026-01-14;0,0;20,3;31,9;25,7;72,0;986,538;2,171;26,3;A827;4301602;Bage;-31,348;-54,013;226,19;0,0;0;0,0;1,2;1,2;13,2;3,0;0,246;2,0;23,612;77,153;0,239;0,971
2026-01-15;0,0;22,2;34,2;27,592;68,75;984,858;4,225;26,39;A827;4301602;Bage;-31,348;-54,013;226,19;2,0;1;0,0;0,0;0,0;13,2;3,0;-1,679;3,0;25,507;72,681;0,255;0,967
2026-01-16;2,0;21,2;26,6;23,621;84,75;986,767;3,104;10,63;A827;4301602;Bage;-31,348;-54,013;226,19;0,0;0;0,0;0,0;2,0;5,0;3,0;1,908;0,0;25,638;75,167;0,272;0,962
2026-01-17;0,0;18,8;29,8;23,312;82,417;986,517;2,717;19,58;A827;4301602;Bage;-31,348;-54,013;226,19;0,2;0;2,0;0,0;2,0;3,8;2,0;-0,25;1,0;24,842;78,639;0,288;0,958
2026-01-18;0,2;20,7;31,4;24,775;76,0;984,075;2,488;28,21;A827;4301602;Bage;-31,348;-54,013;226,19;0,0;0;0,0;2,0;2,2;3,4;2,0;-2,442;2,0;23,903;81,056;0,305;0,952
2026-01-19;0,0;11,5;24,0;18,254;69,542;992,342;7,267;26,02;A827;4301602;Bage;-31,348;-54,013;226,19;0,0;0;0,2;0,0;0,2;2,2;1,0;8,267;3,0;22,114;75,986;0,321;0,947
2026-01-20;0,0;8,7;26,6;17,861;66,478;992,357;3,918;26,69;A827;4301602;Bage;-31,348;-54,013;226,19;0,0;0;0,0;0,2;0,2;2,2;1,0;0,015;4,0;20,297;70,673;0,337;0,941
2026-01-21;0,0;13,5;28,0;20,354;64,5;991,171;4,154;28,12;A827;4301602;Bage;-31,348;-54,013;226,19;0,0;0;0,0;0,0;0,0;2,2;1,0;-1,186;5,0;18,823;66,84;0,353;0,935
2026-01-22;0,0;15,9;31,2;22,713;64,542;990,108;3,525;29,88;A827;4301602;Bage;-31,348;-54,013;226,19;0,0;0;0,0;0,0;0,0;2,2;1,0;-1,062;6,0;20,309;65,173;0,369;0,929
2026-01-23;0,0;16,7;29,8;23,275;63,25;990,812;4,504;31,29;A827;4301602;Bage;-31,348;-54,013;226,19;0,0;0;0,0;0,0;0,0;0,2;0,0;0,704;7,0;22,114;64,097;0,385;0,923
2026-01-24;0,0;16,2;31,8;23,475;65,25;989,921;3,238;31,97;A827;4301602;Bage;-31,348;-54,013;226,19;0,0;0;0,0;0,0;0,0;0,2;0,0;-0,892;8,0;23,154;64,347;0,401;0,916
2026-01-25;0,0;18,6;33,6;25,562;63,083;989,483;3,462;30,85;A827;4301602;Bage;-31,348;-54,013;226,19;0,0;0;0,0;0,0;0,0;0,0;0,0;-0,438;9,0;24,104;63,861;0,417;0,909
2026-01-26;0,0;19,5;35,9;26,817;66,667;988,488;3,542;26,35;A827;4301602;Bage;-31,348;-54,013;226,19;1,0;1;0,0;0,0;0,0;0,0;0,0;-0,996;10,0;25,285;65,0;0,432;0,902
2026-01-27;1,0;21,3;36,7;28,271;61,667;987,583;2,958;21,6;A827;4301602;Bage;-31,348;-54,013;226,19;0,0;0;0,0;0,0;1,0;1,0;1,0;-0,904;0,0;26,883;63,806;0,448;0,894
2026-01-28;0,0;20,7;34,7;26,642;70,5;987,196;2,504;29,69;A827;4301602;Bage;-31,348;-54,013;226,19;4,4;1;1,0;0,0;1,0;1,0;1,0;-0,388;1,0;27,243;66,278;0,463;0,886
2026-01-29;4,4;20,0;32,1;24,571;78,958;987,404;3,533;22,46;A827;4301602;Bage;-31,348;-54,013;226,19;0,0;0;0,0;1,0;5,4;5,4;2,0;0,208;0,0;26,494;70,375;0,478;0,878
2026-01-30;0,0;17,9;30,8;23,567;79,042;986,988;3,654;24,62;A827;4301602;Bage;-31,348;-54,013;226,19;0,2;0;4,4;0,0;4,4;5,4;2,0;-0,417;1,0;24,926;76,167;0,493;0,87
2026-01-31;0,2;17,8;28,9;22,146;79,542;984,446;3,025;24,51;A827;4301602;Bage;-31,348;-54,013;226,19;0,0;0;0,0;4,4;4,6;5,6;2,0;-2,542;2,0;23,428;79,181;0,508;0,861
2026-02-01;0,0;14,1;29,3;21,438;75,667;982,167;2,096;26,96;A827;4301602;Bage;-31,348;-54,013;226,19;0,0;0;0,2;0,0;0,2;5,6;2,0;-2,279;3,0;22,383;78,083;0,523;0,852
2026-02-02;0,0;16,6;31,2;24,0;67,958;982,725;2,304;24,73;A827;4301602;Bage;-31,348;-54,013;226,19;0,0;0;0,0;0,2;0,2;5,6;2,0;0,558;4,0;22,528;74,389;0,538;0,843
2026-02-03;0,0;19,5;34,2;26,429;59,042;981,729;3,104;28,58;A827;4301602;Bage;-31,348;-54,013;226,19;0,0;0;0,0;0,0;0,0;4,6;1,0;-0,996;5,0;23,956;67,556;0,552;0,834
2026-02-04;0,0;20,9;36,0;27,987;55,708;983,162;2,979;23,47;A827;4301602;Bage;-31,348;-54,013;226,19;0,0;0;0,0;0,0;0,0;4,6;1,0;1,433;6,0;26,139;60,903;0,566;0,824
2026-02-05;0,0;20,9;36,8;28,879;51,625;984,571;3,875;29,4;A827;4301602;Bage;-31,348;-54,013;226,19;0,0;0;0,0;0,0;0,0;0,2;0,0;1,408;7,0;27,765;55,458;0,58;0,814
2026-02-06;0,0;21,7;31,5;26,258;70,042;985,442;3,742;24,77;A827;4301602;Bage;-31,348;-54,013;226,19;0,0;0;0,0;0,0;0,0;0,2;0,0;0,871;8,0;27,708;59,125;0,594;0,804
2026-02-07;0,0;16,7;30,7;23,354;59,458;988,983;4,125;30,4;A827;4301602;Bage;-31,348;-54,013;226,19;0,0;0;0,0;0,0;0,0;0,0;0,0;3,542;9,0;26,164;60,375;0,608;0,794
2026-02-08;0,0;16,0;31,7;23,592;51,25;988,975;4,229;30,36;A827;4301602;Bage;-31,348;-54,013;226,19;0,0;0;0,0;0,0;0,0;0,0;0,0;-0,008;10,0;24,401;60,25;0,622;0,783
2026-02-09;0,0;17,0;33,3;24,321;60,5;985,683;4,262;28,07;A827;4301602;Bage;-31,348;-54,013;226,19;0,0;0;0,0;0,0;0,0;0,0;0,0;-3,292;11,0;23,756;57,069;0,635;0,772
2026-02-10;0,0;22,5;35,0;27,183;67,875;982,279;3,042;19,23;A827;4301602;Bage;-31,348;-54,013;226,19;0,0;0;0,0;0,0;0,0;0,0;0,0;-3,404;12,0;25,032;59,875;0,648;0,761
2026-02-11;0,0;21,9;38,0;29,075;63,958;981,625;4,138;26,53;A827;4301602;Bage;-31,348;-54,013;226,19;0,4;0;0,0;0,0;0,0;0,0;0,0;-0,654;13,0;26,86;64,111;0,661;0,75
2026-02-12;0,4;19,2;30,3;22,442;86,833;985,754;3,183;3,21;A827;4301602;Bage;-31,348;-54,013;226,19;1,2;1;0,0;0,0;0,4;0,4;0,0;4,129;14,0;26,233;72,889;0,674;0,739
2026-02-13;1,2;16,9;29,5;22,458;81,375;989,629;3,475;23,86;A827;4301602;Bage;-31,348;-54,013;226,19;0,0;0;0,4;0,0;1,6;1,6;1,0;3,875;0,0;24,658;77,389;0,687;0,727
2026-02-14;0,0;16,3;29,4;22,296;72,333;992,854;4,754;26,8;A827;4301602;Bage;-31,348;-54,013;226,19;16,2;1;1,2;0,4;1,6;1,6;1,0;3,225;1,0;22,399;80,181;0,699;0,715
2026-02-15;16,2;18,6;32,1;23,446;79,167;988,075;4,383;21,59;A827;4301602;Bage;-31,348;-54,013;226,19;2,2;1;0,0;1,2;17,4;17,8;2,0;-4,779;0,0;22,733;77,625;0,711;0,703
2026-02-16;2,2;20,9;31,0;25,146;81,583;986,3;2,267;25,2;A827;4301602;Bage;-31,348;-54,013;226,19;0,0;0;16,2;0,0;18,4;20,0;3,0;-1,775;0,0;23,629;77,694;0,723;0,691
2026-02-17;0,0;21,4;32,1;25,921;79,75;986,312;2,096;19,24;A827;4301602;Bage;-31,348;-54,013;226,19;0,0;0;2,2;16,2;18,4;20,0;3,0;0,012;1,0;24,838;80,167;0,735;0,678
2026-02-18;0,0;19,4;31,2;25,088;74,583;986,812;2,488;26,14;A827;4301602;Bage;-31,348;-54,013;226,19;2,4;1;0,0;2,2;2,2;20,0;3,0;0,5;2,0;25,385;78,639;0,747;0,665
2026-02-19;2,4;19,8;27,2;22,571;83,75;985,067;3,433;9,26;A827;4301602;Bage;-31,348;-54,013;226,19;1,0;1;0,0;0,0;2,4;22,0;4,0;-1,746;0,0;24,526;79,361;0,758;0,652
2026-02-20;1,0;17,3;28,7;22,567;81,542;986,767;4,583;23,8;A827;4301602;Bage;-31,348;-54,013;226,19;0,0;0;2,4;0,0;3,4;21,8;4,0;1,7;0,0;23,408;79,958;0,769;0,639
2026-02-21;0,0;16,4;30,0;22,575;77,625;989,938;4,408;26,45;A827;4301602;Bage;-31,348;-54,013;226,19;0,0;0;1,0;2,4;3,4;21,8;4,0;3,171;1,0;22,571;80,972;0,78;0,626
2026-02-22;0,0;17,7;31,0;23,688;72,125;989,7;5,163;28,19;A827;4301602;Bage;-31,348;-54,013;226,19;0,0;0;0,0;1,0;1,0;5,6;3,0;-0,238;2,0;22,943;77,097;0,791;0,612
2026-02-23;0,0;19,9;30,9;24,362;69,917;986,158;4,783;18,15;A827;4301602;Bage;-31,348;-54,013;226,19;1,8;1;0,0;0,0;0,0;3,4;2,0;-3,542;3,0;23,542;73,222;0,801;0,599
2026-02-24;1,8;20,9;30,5;23,779;80,458;981,912;3,929;12,62;A827;4301602;Bage;-31,348;-54,013;226,19;0,0;0;0,0;0,0;1,8;5,2;3,0;-4,246;0,0;23,943;74,167;0,811;0,585
2026-02-25;0,0;19,3;26,0;21,7;80,833;983,521;2,725;14,97;A827;4301602;Bage;-31,348;-54,013;226,19;0,0;0;1,8;0,0;1,8;5,2;3,0;1,608;1,0;23,281;77,069;0,821;0,571
2026-02-26;0,0;10,8;24,7;18,204;75,167;986,583;2,592;24,95;A827;4301602;Bage;-31,348;-54,013;226,19;0,0;0;0,0;1,8;1,8;2,8;2,0;3,062;2,0;21,228;78,819;0,831;0,557
2026-02-27;0,0;11,3;27,3;18,896;64,708;987,512;3,162;28,2;A827;4301602;Bage;-31,348;-54,013;226,19;0,0;0;0,0;0,0;0,0;1,8;1,0;0,929;3,0;19,6;73,569;0,84;0,542
2026-02-28;0,0;14,7;28,9;20,875;67,875;987,642;3,142;26,71;A827;4301602;Bage;-31,348;-54,013;226,19;0,0;0;0,0;0,0;0,0;1,8;1,0;0,129;4,0;19,325;69,25;0,849;0,528
2026-03-01;0,0;14,1;29,5;21,396;66,667;988,262;3,825;26,48;A827;4301602;Bage;-31,348;-54,013;226,19;0,0;0;0,0;0,0;0,0;1,8;1,0;0,621;5,0;20,389;66,417;0,858;0,513
2026-03-02;0,0;15,1;30,9;22,3;69,083;985,375;4,479;25,8;A827;4301602;Bage;-31,348;-54,013;226,19;0,0;0;0,0;0,0;0,0;1,8;1,0;-2,887;6,0;21,524;67,875;0,867;0,498
2026-03-03;0,0;18,8;34,8;25,192;69,042;983,804;4,983;22,31;A827;4301602;Bage;-31,348;-54,013;226,19;5,0;1;0,0;0,0;0,0;0,0;0,0;-1,571;7,0;22,962;68,264;0,876;0,483
2026-03-04;5,0;20,8;29,7;24,362;76,5;985,158;3,962;14,13;A827;4301602;Bage;-31,348;-54,013;226,19;0,0;0;0,0;0,0;5,0;5,0;1,0;1,354;0,0;23,951;71,542;0,884;0,468
2026-03-05;0,0;18,4;31,0;23,467;80,167;987,712;4,129;22,81;A827;4301602;Bage;-31,348;-54,013;226,19;0,0;0;5,0;0,0;5,0;5,0;1,0;2,554;1,0;24,34;75,236;0,892;0,453
2026-03-06;0,0;18,2;31,6;23,362;78,75;987,746;4,337;18,69;A827;4301602;Bage;-31,348;-54,013;226,19;19,8;1;0,0;5,0;5,0;5,0;1,0;0,033;2,0;23,731;78,472;0,899;0,437
2026-03-07;19,8;19,1;26,0;21,808;88,667;985,233;4,288;11,87;A827;4301602;Bage;-31,348;-54,013;226,19;0,4;0;0,0;0,0;19,8;24,8;2,0;-2,513;0,0;22,879;82,528;0,907;0,422
2026-03-08;0,4;15,8;25,7;20,258;82,042;988,746;4,996;15,56;A827;4301602;Bage;-31,348;-54,013;226,19;0,0;0;19,8;0,0;20,2;25,2;2,0;3,513;1,0;21,81;83,153;0,914;0,406
2026-03-09;0,0;14,5;25,6;19,567;70,958;992,338;5,367;18,0;A827;4301602;Bage;-31,348;-54,013;226,19;0,0;0;0,4;19,8;20,2;25,2;2,0;3,592;2,0;20,544;80,556;0,921;0,39
2026-03-10;0,0;16,5;22,3;19,342;85,417;992,383;4,354;4,28;A827;4301602;Bage;-31,348;-54,013;226,19;0,0;0;0,0;0,4;0,4;25,2;2,0;0,046;3,0;19,722;79,472;0,927;0,374
2026-03-11;0,0;17,4;28,4;21,537;83,708;989,288;2,8;14,53;A827;4301602;Bage;-31,348;-54,013;226,19;0,0;0;0,0;0,0;0,0;20,2;1,0;-3,096;4,0;20,149;80,028;0,934;0,358
2026-03-12;0,0;17,6;28,1;22,408;80,917;987,375;4,117;19,33;A827;4301602;Bage;-31,348;-54,013;226,19;0,0;0;0,0;0,0;0,0;20,2;1,0;-1,913;5,0;21,096;83,347;0,94;0,342
2026-03-13;0,0;13,6;28,2;20,246;79,875;987,012;2,696;22,06;A827;4301602;Bage;-31,348;-54,013;226,19;0,0;0;0,0;0,0;0,0;20,2;1,0;-0,363;6,0;21,397;81,5;0,945;0,326
2026-03-14;0,0;14,1;27,9;20,417;78,708;985,142;1,575;16,66;A827;4301602;Bage;-31,348;-54,013;226,19;0,0;0;0,0;0,0;0,0;0,4;0,0;-1,871;7,0;21,024;79,833;0,951;0,31
2026-03-15;0,0;17,0;32,6;23,796;67,333;982,921;2,646;24,52;A827;4301602;Bage;-31,348;-54,013;226,19;0,0;0;0,0;0,0;0,0;0,0;0,0;-2,221;8,0;21,486;75,306;0,956;0,293
2026-03-16;0,0;20,3;35,4;26,312;66,0;983,754;4,112;21,73;A827;4301602;Bage;-31,348;-54,013;226,19;0,8;0;0,0;0,0;0,0;0,0;0,0;0,833;9,0;23,508;70,681;0,961;0,277
2026-03-17;0,8;22,8;30,3;25,354;78,417;983,792;4,475;10,86;A827;4301602;Bage;-31,348;-54,013;226,19;0,6;0;0,0;0,0;0,8;0,8;0,0;0,038;10,0;25,154;70,583;0,966;0,26
2026-03-18;0,6;21,3;26,2;23,15;90,833;984,879;3,646;7,26;A827;4301602;Bage;-31,348;-54,013;226,19;0,0;0;0,8;0,0;1,4;1,4;0,0;1,087;11,0;24,939;78,417;0,97;0,244
2026-03-19;0,0;18,9;29,3;22,408;80,875;986,058;3,729;16,75;A827;4301602;Bage;-31,348;-54,013;226,19;0,0;0;0,6;0,8;1,4;1,4;0,0;1,179;12,0;23,638;83,375;0,974;0,227
2026-03-20;0,0;17,3;31,6;23,571;74,958;984,088;3,35;21,9;A827;4301602;Bage;-31,348;-54,013;226,19;1,8;1;0,0;0,6;0,6;1,4;0,0;-1,971;13,0;23,043;82,222;0,978;0,21
2026-03-21;1,8;19,7;34,7;24,262;80,708;980,546;5,579;13,63;A827;4301602;Bage;-31,348;-54,013;226,19;0,2;0;0,0;0,0;1,8;3,2;1,0;-3,542;0,0;23,414;78,847;0,981;0,193
2026-03-22;0,2;14,9;28,2;21,483;79,125;986,292;2,925;19,8;A827;4301602;Bage;-31,348;-54,013;226,19;30,0;1;1,8;0,0;2,0;3,4;1,0;5,746;1,0;23,106;78,264;0,984;0,176
2026-03-23;30,0;18,7;22,9;20,671;92,208;983,883;3,15;3,19;A827;4301602;Bage;-31,348;-54,013;226,19;1,6;1;0,2;1,8;32,0;33,4;2,0;-2,408;0,0;22,139;84,014;0,987;0,16
2026-03-24;1,6;13,7;24,7;19,254;73,792;986,504;2,242;24,48;A827;4301602;Bage;-31,348;-54,013;226,19;0,0;0;30,0;0,2;31,8;34,2;3,0;2,621;0,0;20,469;81,708;0,99;0,143
2026-03-25;0,0;12,4;27,2;18,638;74,917;989,308;2,962;18,38;A827;4301602;Bage;-31,348;-54,013;226,19;0,0;0;1,6;30,0;31,6;33,6;3,0;2,804;1,0;19,521;80,306;0,992;0,125
2026-03-26;0,0;17,3;26,5;20,992;85,042;990,613;2,954;0,0;A827;4301602;Bage;-31,348;-54,013;226,19;0,4;0;0,0;1,6;1,6;33,6;3,0;1,304;2,0;19,628;77,917;0,994;0,108
2026-03-27;0,4;21,6;32,8;25,025;82,625;989,742;2,2;0,0;A827;4301602;Bage;-31,348;-54,013;226,19;3,6;1;0,0;0,0;0,4;34,0;3,0;-0,871;3,0;21,551;80,861;0,996;0,091
2026-03-28;3,6;22,4;33,5;26,037;87,208;990,533;2,571;0,0;A827;4301602;Bage;-31,348;-54,013;226,19;25,8;1;0,4;0,0;4,0;35,8;3,0;0,792;0,0;24,018;84,958;0,997;0,074
2026-03-29;25,8;22,6;33,9;26,067;83,125;990,929;2,879;0,0;A827;4301602;Bage;-31,348;-54,013;226,19;1,2;1;3,6;0,4;29,8;61,4;4,0;0,396;0,0;25,71;84,319;0,998;0,057
2026-03-30;1,2;21,7;27,6;24,158;90,0;990,3;2,904;0,0;A827;4301602;Bage;-31,348;-54,013;226,19;0,0;0;25,8;3,6;30,6;32,6;4,0;-0,629;0,0;25,421;86,778;0,999;0,04
2026-03-31;0,0;20,1;30,3;24,588;79,625;987,188;2,971;0,0;A827;4301602;Bage;-31,348;-54,013;226,19;0,0;0;1,2;25,8;27,0;31,0;3,0;-3,113;1,0;24,938;84,25;1,0;0,023
2026-04-01;0,0;18,4;30,0;23,675;74,583;984,921;2,896;0,0;A827;4301602;Bage;-31,348;-54,013;226,19;0,0;0;0,0;1,2;1,2;31,0;3,0;-2,267;2,0;24,14;81,403;1,0;0,005
2026-04-02;0,0;16,5;29,8;22,75;78,208;985,379;2,158;0,0;A827;4301602;Bage;-31,348;-54,013;226,19;0,0;0;0,0;0,0;0,0;31,0;3,0;0,458;3,0;23,671;77,472;1,0;-0,012
2026-04-03;0,0;18,5;30,3;23,404;77,417;987,212;1,721;0,0;A827;4301602;Bage;-31,348;-54,013;226,19;0,4;0;0,0;0,0;0,0;30,6;3,0;1,833;4,0;23,276;76,736;1,0;-0,029
2026-04-04;0,4;15,8;25,7;21,246;88,0;989,192;3,625;0,0;A827;4301602;Bage;-31,348;-54,013;226,19;0,0;0;0,0;0,0;0,4;27,4;2,0;1,979;5,0;22,467;81,208;0,999;-0,046
2026-04-05;0,0;12,9;22,5;17,067;71,75;995,175;5,208;0,0;A827;4301602;Bage;-31,348;-54,013;226,19;2,2;1;0,4;0,0;0,4;1,6;1,0;5,983;6,0;20,572;79,056;0,998;-0,063
2026-04-06;2,2;16,3;23,3;19,496;76,25;991,379;4,421;0,0;A827;4301602;Bage;-31,348;-54,013;226,19;24,0;1;0,0;0,4;2,6;2,6;1,0;-3,796;0,0;19,269;78,667;0,997;-0,081
2026-04-07;24,0;19,6;21,6;20,879;94,083;982,942;5,15;0,0;A827;4301602;Bage;-31,348;-54,013;226,19;2,2;1;2,2;0,0;26,2;26,6;2,0;-8,438;0,0;19,147;80,694;0,995;-0,098
2026-04-08;2,2;16,8;22,6;19,042;89,542;982,383;6,133;0,0;A827;4301602;Bage;-31,348;-54,013;226,19;0,0;0;24,0;2,2;28,4;28,8;3,0;-0,558;0,0;19,806;86,625;0,993;-0,115
2026-04-09;0,0;13,9;22,8;17,533;82,833;990,5;2,396;0,0;A827;4301602;Bage;-31,348;-54,013;226,19;0,0;0;2,2;24,0;26,2;28,8;3,0;8,117;1,0;19,151;88,819;0,991;-0,132
2026-04-10;0,0;9,6;23,5;16,225;75,542;993,762;1,4;0,0;A827;4301602;Bage;-31,348;-54,013;226,19;0,0;0;0,0;2,2;2,2;28,8;3,0;3,262;2,0;17,6;82,639;0,989;-0,149
2026-04-11;0,0;11,9;26,7;18,471;75,208;992,608;3,5;0,0;A827;4301602;Bage;-31,348;-54,013;226,19;1,2;1;0,0;0,0;0,0;28,4;3,0;-1,154;3,0;17,41;77,861;0,986;-0,166
2026-04-12;1,2;18,7;22,6;20,421;90,5;990,5;3,788;0,0;A827;4301602;Bage;-31,348;-54,013;226,19;0,0;0;0,0;0,0;1,2;29,6;4,0;-2,108;0,0;18,372;80,417;0,983;-0,183
2026-04-13;0,0;18,0;26,5;21,354;87,208;991,092;2,317;0,0;A827;4301602;Bage;-31,348;-54,013;226,19;0,0;0;1,2;0,0;1,2;27,4;3,0;0,592;1,0;20,082;84,306;0,98;-0,2
2026-04-14;0,0;18,6;27,9;22,162;82,042;989,192;3,992;0,0;A827;4301602;Bage;-31,348;-54,013;226,19;4,2;1;0,0;1,2;1,2;3,4;2,0;-1,9;2,0;21,312;86,583;0,976;-0,217
2026-04-15;4,2;19,9;27,6;22,362;81,792;986,142;4,612;0,0;A827;4301602;Bage;-31,348;-54,013;226,19;8,4;1;0,0;0,0;4,2;5,4;2,0;-3,05;0,0;21,96;83,681;0,972;-0,233
2026-04-16;8,4;19,8;24,8;21,287;91,25;982,142;4,442;0,0;A827;4301602;Bage;-31,348;-54,013;226,19;1,8;1;4,2;0,0;12,6;13,8;3,0;-4,0;0,0;21,938;85,028;0,968;-0,25
2026-04-17;1,8;18,9;22,1;20,279;89,0;981,442;4,742;0,0;A827;4301602;Bage;-31,348;-54,013;226,19;0,0;0;8,4;4,2;14,4;15,6;4,0;-0,7;0,0;21,31;87,347;0,964;-0,267
2026-04-18;0,0;14,3;26,2;19,787;80,0;984,479;2,363;0,0;A827;4301602;Bage;-31,348;-54,013;226,19;0,0;0;1,8;8,4;10,2;15,6;4,0;3,038;1,0;20,451;86,75;0,959;-0,283
2026-04-19;0,0;13,0;28,5;19,792;72,708;987,0;1,678;0,0;A827;4301602;Bage;-31,348;-54,013;226,19;0,0;0;0,0;1,8;1,8;14,4;3,0;2,521;2,0;19,953;80,569;0,954;-0,3
2026-04-20;0,0;13,8;26,1;19,933;72,917;989,15;3,05;0,0;A827;4301602;Bage;-31,348;-54,013;226,19;2,2;1;0,0;0,0;0,0;14,4;3,0;2,15;3,0;19,838;75,208;0,949;-0,316
2026-04-21;2,2;18,8;25,3;20,829;86,667;989,604;2,246;0,0;A827;4301602;Bage;-31,348;-54,013;226,19;0,0;0;0,0;0,0;2,2;16,6;4,0;0,454;0,0;20,185;77,431;0,943;-0,332
2026-04-22;0,0;17,4;24,5;20,379;89,208;990,117;2,283;0,0;A827;4301602;Bage;-31,348;-54,013;226,19;0,6;0;2,2;0,0;2,2;12,4;3,0;0,513;1,0;20,381;82,931;0,937;-0,348
2026-04-23;0,6;13,1;19,9;16,179;86,458;994,35;2,312;0,0;A827;4301602;Bage;-31,348;-54,013;226,19;1,2;1;0,0;2,2;2,8;4,6;2,0;4,233;2,0;19,129;87,444;0,931;-0,364
2026-04-24;1,2;15,5;23,1;18,146;86,958;992,104;2,954;0,0;A827;4301602;Bage;-31,348;-54,013;226,19;0,0;0;0,6;0,0;1,8;4,0;2,0;-2,246;0,0;18,235;87,542;0,925;-0,38
2026-04-25;0,0;14,8;24,1;18,287;87,833;988,225;1,267;0,0;A827;4301602;Bage;-31,348;-54,013;226,19;0,0;0;1,2;0,6;1,8;4,0;2,0;-3,879;1,0;17,537;87,083;0,918;-0,396
2026-04-26;0,0;13,8;25,5;18,654;78,0;984,396;3,083;0,0;A827;4301602;Bage;-31,348;-54,013;226,19;0,0;0;0,0;1,2;1,2;4,0;2,0;-3,829;2,0;18,362;84,264;0,911;-0,412
2026-04-27;0,0;5,7;18,7;11,8;61,75;989,742;4,479;0,0;A827;4301602;Bage;-31,348;-54,013;226,19;0,0;0;0,0;0,0;0,0;4,0;2,0;5,346;3,0;16,247;75,861;0,904;-0,428
2026-04-28;0,0;4,5;18,8;10,679;71,792;992,504;1,838;0,0;A827;4301602;Bage;-31,348;-54,013;226,19;0,0;0;0,0;0,0;0,0;1,8;1,0;2,762;4,0;13,711;70,514;0,896;-0,443
2026-04-29;0,0;6,9;24,6;14,288;60,208;989,204;2,333;0,0;A827;4301602;Bage;-31,348;-54,013;226,19;0,0;0;0,0;0,0;0,0;1,8;1,0;-3,3;5,0;12,256;64,583;0,889;-0,458
2026-04-30;0,0;10,6;26,1;17,15;56,708;990,358;2,108;0,0;A827;4301602;Bage;-31,348;-54,013;226,19;41,8;1;0,0;0,0;0,0;1,2;1,0;1,154;6,0;14,039;62,903;0,881;-0,474
2026-05-01;41,8;11,2;18,4;15,508;85,083;987,996;4,065;0,0;A827;4301602;Bage;-31,348;-54,013;226,19;0,6;0;0,0;0,0;41,8;41,8;1,0;-2,362;0,0;15,649;67,333;0,872;-0,489
2026-05-02;0,6;11,1;19,0;17,054;81,125;991,092;3,362;0,0;A827;4301602;Bage;-31,348;-54,013;226,19;0,0;0;41,8;0,0;42,4;42,4;1,0;3,096;1,0;16,571;74,306;0,864;-0,504
2026-05-03;0,0;2,1;19,1;10,354;67,958;997,938;2,088;0,0;A827;4301602;Bage;-31,348;-54,013;226,19;0,0;0;0,6;41,8;42,4;42,4;1,0;6,846;2,0;14,306;78,056;0,855;-0,519
2026-05-04;0,0;7,1;25,1;14,683;70,292;989,908;2,879;0,0;A827;4301602;Bage;-31,348;-54,013;226,19;5,8;1;0,0;0,6;0,6;42,4;1,0;-8,029;3,0;14,031;73,125;0,846;-0,533
2026-05-05;5,8;17,6;29,7;22,463;80,458;988,854;3,192;0,0;A827;4301602;Bage;-31,348;-54,013;226,19;0,8;0;0,0;0,0;5,8;48,2;2,0;-1,054;0,0;15,833;72,903;0,837;-0,548
2026-05-06;0,8;19,9;31,3;25,037;75,75;987,875;4,417;0,0;A827;4301602;Bage;-31,348;-54,013;226,19;29,2;1;5,8;0,0;6,6;49,0;2,0;-0,979;1,0;20,728;75,5;0,827;-0,562
2026-05-07;29,2;16,7;29,0;23,512;75,542;977,258;7,667;0,0;A827;4301602;Bage;-31,348;-54,013;226,19;13,6;1;0,8;5,8;35,8;78,2;3,0;-10,617;0,0;23,671;77,25;0,817;-0,576
2026-05-08;13,6;9,0;18,0;12,3;76,333;979,617;4,587;0,0;A827;4301602;Bage;-31,348;-54,013;226,19;0,0;0;29,2;0,8;43,6;50,0;3,0;2,358;0,0;20,283;75,875;0,807;-0,59
2026-05-09;0,0;5,4;11,1;8,542;70,708;989,162;4,296;0,0;A827;4301602;Bage;-31,348;-54,013;226,19;1,6;1;13,6;29,2;42,8;49,4;3,0;9,546;1,0;14,785;74,194;0,797;-0,604
2026-05-10;1,6;6,2;13,2;9,062;81,583;995,746;3,179;0,0;A827;4301602;Bage;-31,348;-54,013;226,19;0,0;0;0,0;13,6;15,2;51,0;4,0;6,583;0,0;9,968;76,208;0,787;-0,617
2026-05-11;0,0;4,7;16,2;9,254;69,208;995,667;2,092;0,0;A827;4301602;Bage;-31,348;-54,013;226,19;0,0;0;1,6;0,0;1,6;51,0;4,0;-0,079;1,0;8,953;73,833;0,776;-0,631
2026-05-12;0,0;5,3;18,6;10,908;69,75;992,996;3,342;0,0;A827;4301602;Bage;-31,348;-54,013;226,19;0,0;0;0,0;1,6;1,6;45,2;3,0;-2,671;2,0;9,742;73,514;0,765;-0,644
2026-05-13;0,0;9,0;19,3;12,996;75,042;991,217;1,738;0,0;A827;4301602;Bage;-31,348;-54,013;226,19;0,0;0;0,0;0,0;0,0;44,4;3,0;-1,779;3,0;11,053;71,333;0,754;-0,657
2026-05-14;0,0;7,6;16,3;11,446;81,792;992,917;1,488;0,0;A827;4301602;Bage;-31,348;-54,013;226,19;0,0;0;0,0;0,0;0,0;15,2;2,0;1,7;4,0;11,783;75,528;0,742;-0,67
2026-05-15;0,0;4,2;18,3;10,558;79,917;994,508;1,779;0,0;A827;4301602;Bage;-31,348;-54,013;226,19;0,0;0;0,0;0,0;0,0;1,6;1,0;1,592;5,0;11,667;78,917;0,731;-0,683
2026-05-16;0,0;4,9;17,6;11,121;87,292;991,075;2,525;0,0;A827;4301602;Bage;-31,348;-54,013;226,19;0,0;0;0,0;0,0;0,0;1,6;1,0;-3,433;6,0;11,042;83,0;0,719;-0,695
2026-05-17;0,0;9,1;17,7;12,312;87,292;992,412;2,792;0,0;A827;4301602;Bage;-31,348;-54,013;226,19;0,0;0;0,0;0,0;0,0;0,0;0,0;1,338;7,0;11,331;84,833;0,707;-0,707
2026-05-18;0,0;3,9;14,8;9,742;79,625;998,438;1,858;0,0;A827;4301602;Bage;-31,348;-54,013;226,19;0,0;0;0,0;0,0;0,0;0,0;0,0;6,025;8,0;11,058;84,736;0,694;-0,72
2026-05-19;0,0;2,6;15,4;8,15;74,458;998,162;1,45;0,0;A827;4301602;Bage;-31,348;-54,013;226,19;0,0;0;0,0;0,0;0,0;0,0;0,0;-0,275;9,0;10,068;80,458;0,682;-0,731
2026-05-20;0,0;4,7;17,7;9,896;72,75;997,538;1,688;0,0;A827;4301602;Bage;-31,348;-54,013;226,19;0,0;0;0,0;0,0;0,0;0,0;0,0;-0,625;10,0;9,263;75,611;0,669;-0,743
2026-05-21;0,0;2,1;13,6;8,838;77,167;1001,375;1,825;0,0;A827;4301602;Bage;-31,348;-54,013;226,19;0,0;0;0,0;0,0;0,0;0,0;0,0;3,837;11,0;8,961;74,792;0,656;-0,754
2026-05-22;0,0;2,1;14,6;7,746;84,958;1002,271;2,246;0,0;A827;4301602;Bage;-31,348;-54,013;226,19;0,0;0;0,0;0,0;0,0;0,0;0,0;0,896;12,0;8,826;78,292;0,643;-0,766
2026-05-23;0,0;9,4;18,4;12,767;88,167;999,946;2,792;0,0;A827;4301602;Bage;-31,348;-54,013;226,19;0,0;0;0,0;0,0;0,0;0,0;0,0;-2,325;13,0;9,783;83,431;0,63;-0,777
2026-05-24;0,0;8,1;19,8;13,962;84,625;997,054;2,454;0,0;A827;4301602;Bage;-31,348;-54,013;226,19;0,0;0;0,0;0,0;0,0;0,0;0,0;-2,892;14,0;11,492;85,917;0,617;-0,787
2026-05-25;0,0;9,0;19,1;14,996;85,208;994,554;2,129;0,0;A827;4301602;Bage;-31,348;-54,013;226,19;2,8;1;0,0;0,0;0,0;0,0;0,0;-2,5;15,0;13,908;86,0;0,603;-0,798
2026-05-26;2,8;12,8;18,1;15,208;94,125;994,271;1,853;0,0;A827;4301602;Bage;-31,348;-54,013;226,19;0,0;0;0,0;0,0;2,8;2,8;1,0;-0,283;0,0;14,722;87,986;0,589;-0,808
2026-05-27;0,0;11,9;19,7;14,558;87,458;997,096;2,0;0,0;A827;4301602;Bage;-31,348;-54,013;226,19;0,0;0;2,8;0,0;2,8;2,8;1,0;2,825;1,0;14,921;88,931;0,575;-0,818
2026-05-28;0,0;9,2;18,4;13,546;85,625;996,475;2,292;0,0;A827;4301602;Bage;-31,348;-54,013;226,19;0,0;0;0,0;2,8;2,8;2,8;1,0;-0,621;2,0;14,438;89,069;0,561;-0,828
2026-05-29;0,0;8,4;16,6;12,691;87,565;996,535;2,637;0,0;A827;4301602;Bage;-31,348;-54,013;226,19;0,0;0;0,0;0,0;0,0;2,8;1,0;0,06;3,0;13,598;86,883;0,547;-0,837
2026-05-30;0,0;12,7;19,9;15,843;84,565;995,783;;0,0;A827;4301602;Bage;-31,348;-54,013;226,19;0,0;0;0,0;0,0;0,0;2,8;1,0;-0,752;4,0;14,027;85,918;0,532;-0,847
2026-05-31;0,0;10,9;17,3;13,404;93,522;995,726;;0,0;A827;4301602;Bage;-31,348;-54,013;226,19;0,0;0;0,0;0,0;0,0;2,8;1,0;-0,057;5,0;13,98;88,551;0,518;-0,856
2026-06-01;0,0;9,1;15,5;12,383;89,043;997,313;;0,0;A827;4301602;Bage;-31,348;-54,013;226,19;0,0;0;0,0;0,0;0,0;2,8;1,0;1,587;6,0;13,877;89,043;0,503;-0,864
2026-06-02;0,0;8,2;17,6;12,704;89,333;999,983;;0,0;A827;4301602;Bage;-31,348;-54,013;226,19;0,0;0;0,0;0,0;0,0;0,0;0,0;2,67;7,0;12,83;90,633;0,488;-0,873
2026-06-03;0,0;11,1;20,3;15,096;85,542;999,488;;0,0;A827;4301602;Bage;-31,348;-54,013;226,19;0,0;0;0,0;0,0;0,0;0,0;0,0;-0,496;8,0;13,394;87,973;0,473;-0,881
2026-06-04;0,0;12,4;23,1;16,154;84,958;999,729;;0,0;A827;4301602;Bage;-31,348;-54,013;226,19;0,2;0;0,0;0,0;0,0;0,0;0,0;0,242;9,0;14,651;86,611;0,458;-0,889
2026-06-05;0,2;12,5;24,3;17,021;82,833;996,4;;0,0;A827;4301602;Bage;-31,348;-54,013;226,19;0,0;0;0,0;0,0;0,2;0,2;0,0;-3,329;10,0;16,09;84,444;0,442;-0,897
2026-06-06;0,0;10,5;21,9;16,312;89,5;992,396;;0,0;A827;4301602;Bage;-31,348;-54,013;226,19;0,0;0;0,2;0,0;0,2;0,2;0,0;-4,004;11,0;16,496;85,764;0,427;-0,904
2026-06-07;0,0;13,2;17,3;14,996;92,5;992,162;;0,0;A827;4301602;Bage;-31,348;-54,013;226,19;24,8;1;0,0;0,2;0,2;0,2;0,0;-0,233;12,0;16,11;88,278;0,411;-0,912
2026-06-08;24,8;13,0;16,0;14,058;96,75;992,338;;0,0;A827;4301602;Bage;-31,348;-54,013;226,19;6,0;1;0,0;0,0;24,8;25,0;1,0;0,175;0,0;15,122;92,917;0,395;-0,919
2026-06-09;6,0;11,0;16,1;12,821;91,792;992,333;;0,0;A827;4301602;Bage;-31,348;-54,013;226,19;0,0;0;24,8;0,0;30,8;31,0;2,0;-0,004;0,0;13,958;93,681;0,379;-0,925
2026-06-10;0,0;6,6;17,9;12,054;84,417;991,467;;0,0;A827;4301602;Bage;-31,348;-54,013;226,19;4,8;1;6,0;24,8;30,8;31,0;2,0;-0,867;1,0;12,978;90,986;0,363;-0,932
2026-06-11;4,8;8,0;14,1;11,15;92,708;991,217;;0,0;A827;4301602;Bage;-31,348;-54,013;226,19;49,8;1;0,0;6,0;10,8;35,8;3,0;-0,25;0,0;12,008;89,639;0,347;-0,938
2026-06-12;49,8;11,8;14,5;12,683;98,417;987,75;;0,0;A827;4301602;Bage;-31,348;-54,013;226,19;0,0;0;4,8;0,0;54,6;85,4;4,0;-3,467;0,0;11,962;91,847;0,331;-0,944
2026-06-13;0,0;11,2;17,1;13,2;92,583;991,129;;0,0;A827;4301602;Bage;-31,348;-54,013;226,19;0,2;0;49,8;4,8;54,6;85,4;4,0;3,379;1,0;12,344;94,569;0,315;-0,949
2026-06-14;0,2;7,5;13,1;10,538;85,833;994,625;;0,0;A827;4301602;Bage;-31,348;-54,013;226,19;0,0;0;0,0;49,8;50,0;85,6;4,0;3,496;2,0;12,14;92,278;0,299;-0,954
2026-06-15;0,0;0,5;11,8;5,871;83,708;997,892;;0,0;A827;4301602;Bage;-31,348;-54,013;226,19;0,0;0;0,2;0,0;0,2;60,8;3,0;3,267;3,0;9,869;87,375;0,282;-0,959
2026-06-16;0,0;1,7;16,5;7,492;74,083;995,633;;0,0;A827;4301602;Bage;-31,348;-54,013;226,19;0,0;0;0,0;0,2;0,2;54,8;2,0;-2,258;4,0;7,967;81,208;0,266;-0,964
2026-06-17;0,0;6,1;15,8;10,433;77,75;997,371;;0,0;A827;4301602;Bage;-31,348;-54,013;226,19;0,0;0;0,0;0,0;0,0;54,8;2,0;1,738;5,0;7,932;78,514;0,249;-0,969
2026-06-18;0,0;6,4;17,4;10,533;77,25;995,637;;0,0;A827;4301602;Bage;-31,348;-54,013;226,19;9,6;1;0,0;0,0;0,0;50,0;1,0;-1,733;6,0;9,486;76,361;0,232;-0,973
2026-06-19;9,6;8,5;14,5;11,912;89,708;989,221;;0,0;A827;4301602;Bage;-31,348;-54,013;226,19;0,2;0;0,0;0,0;9,6;9,8;1,0;-6,417;0,0;10,96;81,569;0,215;-0,977
2026-06-20;0,2;1,1;13,1;7,196;85,333;993,125;;0,0;A827;4301602;Bage;-31,348;-54,013;226,19;0,0;0;9,6;0,0;9,8;10,0;1,0;3,904;1,0;9,881;84,097;0,199;-0,98
2026-06-21;0,0;1,8;14,4;7,508;83,417;990,833;;0,0;A827;4301602;Bage;-31,348;-54,013;226,19;6,0;1;0,2;9,6;9,8;9,8;1,0;-2,292;2,0;8,872;86,153;0,182;-0,983
2026-06-22;6,0;6,4;10,8;8,612;92,458;989,1;;0,0;A827;4301602;Bage;-31,348;-54,013;226,19;0,0;0;0,0;0,2;6,2;15,8;2,0;-1,733;0,0;7,772;87,069;0,165;-0,986
2026-06-23;0,0;2,6;11,4;6,546;80,792;992,262;;0,0;A827;4301602;Bage;-31,348;-54,013;226,19;0,0;0;6,0;0,0;6,0;15,8;2,0;3,162;1,0;7,556;85,556;0,148;-0,989
2026-06-24;0,0;2,0;13,2;7,125;70,667;993,238;;0,0;A827;4301602;Bage;-31,348;-54,013;226,19;0,0;0;0,0;6,0;6,0;15,8;2,0;0,975;2,0;7,428;81,306;0,131;-0,991
2026-06-25;0,0;3,4;16,8;9,004;72,042;996,233;;0,0;A827;4301602;Bage;-31,348;-54,013;226,19;0,0;0;0,0;0,0;0,0;15,8;2,0;2,996;3,0;7,558;74,5;0,114;-0,994
2026-06-26;0,0;3,9;18,1;11,338;69,083;996,992;;0,0;A827;4301602;Bage;-31,348;-54,013;226,19;0,0;0;0,0;0,0;0,0;6,2;1,0;0,758;4,0;9,156;70,597;0,097;-0,995
2026-06-27;0,0;4,9;19,8;12,062;67,708;995,658;;0,0;A827;4301602;Bage;-31,348;-54,013;226,19;0,8;0;0,0;0,0;0,0;6,0;1,0;-1,333;5,0;10,801;69,611;0,079;-0,997
2026-06-28;0,8;12,0;17,3;14,683;84,583;989,788;;0,0;A827;4301602;Bage;-31,348;-54,013;226,19;0,2;0;0,0;0,0;0,8;6,8;1,0;-5,871;6,0;12,694;73,792;0,062;-0,998
2026-06-29;0,2;5,0;12,7;8,246;92,875;994,792;;0,0;A827;4301602;Bage;-31,348;-54,013;226,19;0,2;0;0,8;0,0;1,0;1,0;0,0;5,004;7,0;11,664;81,722;0,045;-0,999
2026-06-30;0,2;0,1;14,5;6,008;89,333;994,338;;0,0;A827;4301602;Bage;-31,348;-54,013;226,19;0,0;0;0,2;0,8;1,2;1,2;0,0;-0,454;8,0;9,646;88,931;0,028;-1,0
2026-07-01;0,0;8,9;14,5;11,192;93,583;992,421;;0,0;A827;4301602;Bage;-31,348;-54,013;226,19;1,2;1;0,2;0,2;0,4;1,2;0,0;-1,917;9,0;8,482;91,931;0,011;-1,0
2026-07-02;1,2;6,1;13,4;8,912;91,5;999,033;;0,0;A827;4301602;Bage;-31,348;-54,013;226,19;0,0;0;0,0;0,2;1,4;2,4;1,0;6,613;0,0;8,704;91,472;-0,006;-1,0
2026-07-03;0,0;-1,4;9,5;3,992;80,125;1002,779;;0,0;A827;4301602;Bage;-31,348;-54,013;226,19;0,0;0;1,2;0,0;1,2;2,4;1,0;3,746;1,0;8,032;88,403;-0,024;-1,0
2026-07-04;0,0;5,4;10,9;7,775;89,167;1000,821;;0,0;A827;4301602;Bage;-31,348;-54,013;226,19;0,0;0;0,0;1,2;1,2;2,4;1,0;-1,958;2,0;6,893;86,931;-0,041;-0,999
2026-07-05;0,0;7,0;11,7;9,533;93,792;996,308;;0,0;A827;4301602;Bage;-31,348;-54,013;226,19;0,0;0;0,0;0,0;0,0;1,6;1,0;-4,512;3,0;7,1;87,694;-0,058;-0,998
2026-07-06;0,0;4,7;11,1;9,092;85,333;994,396;;0,0;A827;4301602;Bage;-31,348;-54,013;226,19;0,0;0;0,0;0,0;0,0;1,4;1,0;-1,913;4,0;8,8;89,431;-0,075;-0,997
2026-07-07;0,0;1,2;15,1;7,375;74,125;995,387;;0,0;A827;4301602;Bage;-31,348;-54,013;226,19;0,0;0;0,0;0,0;0,0;1,2;1,0;0,992;5,0;8,667;84,417;-0,092;-0,996
2026-07-08;0,0;4,2;19,1;10,458;66,375;994,158;;0,0;A827;4301602;Bage;-31,348;-54,013;226,19;0,0;0;0,0;0,0;0,0;1,2;1,0;-1,229;6,0;8,975;75,278;-0,109;-0,994
2026-07-09;0,0;9,3;20,4;14,183;58,833;990,912;;0,0;A827;4301602;Bage;-31,348;-54,013;226,19;0,0;0;0,0;0,0;0,0;0,0;0,0;-3,246;7,0;10,672;66,444;-0,127;-0,992
2026-07-10;0,0;8,8;20,5;14,212;77,125;989,133;;0,0;A827;4301602;Bage;-31,348;-54,013;226,19;0,2;0;0,0;0,0;0,0;0,0;0,0;-1,779;8,0;12,951;67,444;-0,144;-0,99
2026-07-11;0,2;11,8;15,6;13,804;90,042;988,279;;0,0;A827;4301602;Bage;-31,348;-54,013;226,19;0,6;0;0,0;0,0;0,2;0,2;0,0;-0,854;9,0;14,067;75,333;-0,161;-0,987
2026-07-12;0,6;8,5;12,9;10,421;91,667;993,025;;0,0;A827;4301602;Bage;-31,348;-54,013;226,19;0,2;0;0,2;0,0;0,8;0,8;0,0;4,746;10,0;12,812;86,278;-0,178;-0,984
2026-07-13;0,2;8,2;11,7;9,462;93,417;998,033;;0,0;A827;4301602;Bage;-31,348;-54,013;226,19;2,0;1;0,6;0,2;1,0;1,0;0,0;5,008;11,0;11,229;91,708;-0,194;-0,981
2026-07-14;2,0;6,2;19,3;12,038;77,375;995,896;;0,0;A827;4301602;Bage;-31,348;-54,013;226,19;0,0;0;0,2;0,6;2,8;3,0;1,0;-2,137;0,0;10,64;87,486;-0,211;-0,977
2026-07-15;0,0;9,2;22,1;14,154;74,625;991,229;;0,0;A827;4301602;Bage;-31,348;-54,013;226,19;0,0;0;2,0;0,2;2,2;3,0;1,0;-4,667;1,0;11,885;81,806;-0,228;-0,974
2026-07-16;0,0;13,4;27,1;19,704;59,208;985,346;;0,0;A827;4301602;Bage;-31,348;-54,013;226,19;0,0;0;0,0;2,0;2,0;3,0;1,0;-5,883;2,0;15,299;70,403;-0,245;-0,97
2026-07-17;0,0;20,4;29,9;24,562;58,125;977,771;;0,0;A827;4301602;Bage;-31,348;-54,013;226,19;0,0;0;0,0;0,0;0,0;3,0;1,0;-7,575;3,0;19,474;63,986;-0,261;-0,965
2026-07-18;0,0;18,6;26,9;22,321;76,667;977,129;;0,0;A827;4301602;Bage;-31,348;-54,013;226,19;39,8;1;0,0;0,0;0,0;2,8;1,0;-0,642;4,0;22,196;64,667;-0,278;-0,961
2026-07-19;39,8;15,9;23,8;18,954;89,167;977,925;;0,0;A827;4301602;Bage;-31,348;-54,013;226,19;46,8;1;0,0;0,0;39,8;42,0;2,0;0,796;0,0;21,946;74,653;-0,294;-0,956
2026-07-20;46,8;15,0;18,5;17,35;97,167;981,025;;0,0;A827;4301602;Bage;-31,348;-54,013;226,19;1,6;1;39,8;0,0;86,6;88,6;3,0;3,1;0,0;19,542;87,667;-0,311;-0,95
2026-07-21;1,6;15,6;18,9;17,104;98,917;982,788;;0,0;A827;4301602;Bage;-31,348;-54,013;226,19;15,2;1;46,8;39,8;88,2;88,2;3,0;1,763;0,0;17,803;95,083;-0,327;-0,945
2026-07-22;15,2;12,8;17,2;14,829;97,25;987,238;;0,0;A827;4301602;Bage;-31,348;-54,013;226,19;1,2;1;1,6;46,8;63,6;103,4;4,0;4,45;0,0;16,428;97,778;-0,343;-0,939
2026-07-23;1,2;8,9;16,2;12,746;88,375;994,671;;0,0;A827;4301602;Bage;-31,348;-54,013;226,19;0,0;0;15,2;1,6;18,0;104,6;5,0;7,433;0,0;14,893;94,847;-0,359;-0,933
2026-07-24;0,0;9,6;18,5;13,458;86,333;993,758;;8,67;A827;4301602;Bage;-31,348;-54,013;226,19;0,0;0;1,2;15,2;16,4;104,6;5,0;-0,912;1,0;13,678;90,653;-0,375;-0,927
2026-07-25;0,0;9,5;20,8;14,75;90,958;992,65;;13,94;A827;4301602;Bage;-31,348;-54,013;226,19;1,0;1;0,0;1,2;1,2;104,6;5,0;-1,108;2,0;13,651;88,556;-0,391;-0,92
2026-07-26;1,0;14,1;18,3;16,146;95,208;990,546;;3,63;A827;4301602;Bage;-31,348;-54,013;226,19;17,2;1;0,0;0,0;1,0;65,8;5,0;-2,104;0,0;14,785;90,833;-0,407;-0,913
2026-07-27;17,2;15,4;19,3;17,108;96,333;986,979;;3,7;A827;4301602;Bage;-31,348;-54,013;226,19;10,2;1;1,0;0,0;18,2;36,2;5,0;-3,567;0,0;16,001;94,167;-0,423;-0,906
2026-07-28;10,2;16,7;20,1;18,25;93,875;983,292;;2,55;A827;4301602;Bage;-31,348;-54,013;226,19;10,0;1;17,2;1,0;28,4;44,8;5,0;-3,688;0,0;17,168;95,139;-0,438;-0,899
2026-07-29;10,0;13,3;18,2;15,246;90,875;988,233;;7,98;A827;4301602;Bage;-31,348;-54,013;226,19;0,2;0;10,2;17,2;37,4;39,6;5,0;4,942;0,0;16,868;93,694;-0,454;-0,891
2026-07-30;0,2;12,4;19,3;15,067;87,792;994,729;;10,14;A827;4301602;Bage;-31,348;-54,013;226,19;0,0;0;10,0;10,2;20,4;38,6;4,0;6,496;1,0;16,187;90,847;-0,469;-0,883
2026-07-31;0,0;14,1;27,3;19,058;79,667;989,746;;14,4;A827;4301602;Bage;-31,348;-54,013;226,19;17,0;1;0,2;10,0;10,2;38,6;4,0;-4,983;2,0;16,457;86,111;-0,484;-0,875
2026-08-01;17,0;14,6;22,7;18,425;85,792;984,229;;2,28;A827;4301602;Bage;-31,348;-54,013;226,19;1,0;1;0,0;0,2;17,2;55,6;5,0;-5,517;0,0;17,517;84,417;-0,499;-0,867
2026-08-02;1,0;11,6;20,3;15,362;90,417;991,588;;9,27;A827;4301602;Bage;-31,348;-54,013;226,19;1,0;1;17,0;0,0;18,0;55,6;5,0;7,358;0,0;17,615;85,292;-0,514;-0,858
2026-08-03;1,0;13,8;26,3;17,838;91,458;992,95;;8,56;A827;4301602;Bage;-31,348;-54,013;226,19;9,2;1;1,0;17,0;19,0;39,4;5,0;1,362;0,0;17,208;89,222;-0,529;-0,849
2026-08-04;9,2;16,9;22,2;18,975;91,292;989,412;;7,12;A827;4301602;Bage;-31,348;-54,013;226,19;5,2;1;1,0;1,0;11,2;38,4;5,0;-3,537;0,0;17,392;91,056;-0,543;-0,84
2026-08-05;5,2;17,4;24,4;19,25;90,625;987,558;;8,85;A827;4301602;Bage;-31,348;-54,013;226,19;23,4;1;9,2;1,0;15,4;33,6;5,0;-1,854;0,0;18,688;91,125;-0,557;-0,83
2026-08-06;23,4;14,5;26,0;18,796;89,417;979,588;;11,12;A827;4301602;Bage;-31,348;-54,013;226,19;1,8;1;5,2;9,2;37,8;56,8;6,0;-7,971;0,0;19,007;90,444;-0,572;-0,82
2026-08-07;1,8;5,7;15,6;10,371;77,5;985,071;;16,52;A827;4301602;Bage;-31,348;-54,013;226,19;0,0;0;23,4;5,2;30,4;58,6;7,0;5,483;0,0;16,139;85,847;-0,586;-0,811
2026-08-08;0,0;3,2;15,0;8,575;80,625;984,042;;10,58;A827;4301602;Bage;-31,348;-54,013;226,19;0,0;0;1,8;23,4;25,2;41,6;6,0;-1,029;1,0;12,581;82,514;-0,6;-0,8
2026-08-09;0,0;2,6;14,3;8,604;68,375;993,887;;17,0;A827;4301602;Bage;-31,348;-54,013;226,19;0,0;0;0,0;1,8;1,8;40,6;5,0;9,846;2,0;9,183;75,5;-0,613;-0,79
2026-08-10;0,0;1,3;13,7;5,364;72,875;1004,036;;15,7;A827;4301602;Bage;-31,348;-54,013;226,19;0,0;0;0,0;0,0;0,0;39,6;4,0;10,148;3,0;7,514;73,958;-0,627;-0,779
2026-08-13;5,0;10,0;21,4;10,823;96,542;997,05;;1,69;A827;4301602;Bage;-31,348;-54,013;226,19;0,2;0;24,2;0,0;29,2;31,0;3,0;-11,366;0,0;;94,472;-0,666;-0,746
2026-08-14;0,2;10,0;17,1;12,505;90,762;996,529;;6,2;A827;4301602;Bage;-31,348;-54,013;226,19;0,0;0;5,0;24,2;29,4;29,4;2,0;-0,521;1,0;11,72;95,282;-0,679;-0,734
2026-08-15;0,0;14,2;22,5;16,846;85,125;991,938;;11,77;A827;4301602;Bage;-31,348;-54,013;226,19;52,2;1;0,2;5,0;5,2;29,4;2,0;-4,591;2,0;13,391;90,81;-0,691;-0,723
2026-08-16;52,2;17,0;19,7;18,146;93,292;986,708;;1,89;A827;4301602;Bage;-31,348;-54,013;226,19;28,2;1;0,0;0,2;52,4;81,6;3,0;-5,229;0,0;15,832;89,726;-0,704;-0,711
2026-08-17;28,2;17,9;21,6;19,242;90,125;986,108;;2,6;A827;4301602;Bage;-31,348;-54,013;226,19;32,2;1;52,2;0,0;80,4;109,8;4,0;-0,6;0,0;18,078;89,514;-0,716;-0,698
2026-08-18;32,2;14,3;20,6;17,417;95,458;989,179;;4,78;A827;4301602;Bage;-31,348;-54,013;226,19;10,4;1;28,2;52,2;112,6;142,0;5,0;3,071;0,0;18,268;92,958;-0,728;-0,686
2026-08-19;10,4;13,2;15,8;14,05;96,5;994,012;;2,76;A827;4301602;Bage;-31,348;-54,013;226,19;20,4;1;32,2;28,2;70,8;128,2;5,0;4,833;0,0;16,903;94,028;-0,739;-0,673
2026-08-20;20,4;12,5;18,1;15,212;94,875;986,529;;7,7;A827;4301602;Bage;-31,348;-54,013;226,19;2,0;1;10,4;32,2;63,0;143,6;5,0;-7,483;0,0;15,56;95,611;-0,751;-0,66
2026-08-21;2,0;7,5;12,6;9,562;81,958;992,733;;15,62;A827;4301602;Bage;-31,348;-54,013;226,19;0,0;0;20,4;10,4;32,8;145,4;6,0;6,204;0,0;12,942;91,111;-0,762;-0,647
2026-08-22;0,0;0,6;12,4;6,468;79,792;998,773;;17,46;A827;4301602;Bage;-31,348;-54,013;226,19;0,0;0;2,0;20,4;22,4;145,4;6,0;6,039;1,0;10,414;85,542;-0,773;-0,634
2026-08-23;0,0;9,2;22,4;7,688;73,542;998,908;;19,11;A827;4301602;Bage;-31,348;-54,013;226,19;0,0;0;0,0;2,0;2,0;93,2;5,0;0,136;2,0;7,906;78,431;-0,784;-0,621
2026-08-24;0,0;1,0;14,3;7,508;79,958;999,5;;18,96;A827;4301602;Bage;-31,348;-54,013;226,19;0,0;0;0,0;0,0;0,0;65,0;4,0;0,592;3,0;7,221;77,764;-0,794;-0,607
2026-08-25;0,0;2,4;15,4;8,142;80,792;995,317;;13,71;A827;4301602;Bage;-31,348;-54,013;226,19;0,0;0;0,0;0,0;0,0;32,8;3,0;-4,183;4,0;7,779;78,097;-0,805;-0,594
2026-08-26;0,0;8,2;21,5;13,658;82,125;988,067;;14,05;A827;4301602;Bage;-31,348;-54,013;226,19;0,0;0;0,0;0,0;0,0;22,4;2,0;-7,25;5,0;9,769;80,958;-0,815;-0,58
2026-08-27;0,0;16,2;26,4;19,692;81,292;979,825;;5,25;A827;4301602;Bage;-31,348;-54,013;226,19;55,0;1;0,0;0,0;0,0;2,0;1,0;-8,242;6,0;13,831;81,403;-0,825;-0,565
2026-08-28;55,0;12,8;18,8;15,842;97,0;980,483;;2,35;A827;4301602;Bage;-31,348;-54,013;226,19;0,0;0;0,0;0,0;55,0;55,0;1,0;0,658;0,0;16,397;86,806;-0,834;-0,551
2026-08-29;0,0;12,7;16,4;13,954;93,542;986,946;;6,66;A827;4301602;Bage;-31,348;-54,013;226,19;0,0;0;55,0;0,0;55,0;55,0;1,0;6,463;1,0;16,496;90,611;-0,844;-0,537
2026-08-30;0,0;10,5;20,2;15,35;88,417;990,346;;9,54;A827;4301602;Bage;-31,348;-54,013;226,19;0,0;0;0,0;55,0;55,0;55,0;1,0;3,4;2,0;15,049;92,986;-0,853;-0,522
2026-08-31;0,0;12,6;19,8;16,354;86,042;987,5;;7,43;A827;4301602;Bage;-31,348;-54,013;226,19;;0;0,0;0,0;0,0;55,0;1,0;-2,846;3,0;15,219;89,333;-0,862;-0,507
2026-01-07;1,8;16,9;32,8;23,662;74,417;1007,113;2,7;17,98;A836;4311007;Jaguarao;-32,535;-53,376;31,48;0,6;0;0,0;0,0;1,8;2,8;2,0;-3,871;0,0;21,038;68,794;0,12;0,993
2026-01-08;0,6;18,0;24,6;20,974;82,435;1013,157;3,861;13,15;A836;4311007;Jaguarao;-32,535;-53,376;31,48;16,0;1;1,8;0,0;2,4;2,4;1,0;6,044;1,0;22,25;74,548;0,137;0,991
2026-01-09;16,0;19,4;22,9;20,879;87,458;1013,292;4,679;6,54;A836;4311007;Jaguarao;-32,535;-53,376;31,48;25,0;1;0,6;1,8;18,4;18,4;2,0;0,135;0,0;21,839;81,437;0,154;0,988
2026-01-10;25,0;20,8;29,0;24,146;83,833;1003,162;4,663;21,25;A836;4311007;Jaguarao;-32,535;-53,376;31,48;2,8;1;16,0;0,6;41,6;43,4;3,0;-10,129;0,0;22,0;84,575;0,171;0,985
2026-01-11;2,8;16,8;27,5;21,321;79,417;1002,379;4,617;20,14;A836;4311007;Jaguarao;-32,535;-53,376;31,48;0,0;0;25,0;16,0;43,8;46,2;4,0;-0,783;0,0;22,115;83,569;0,188;0,982
2026-01-12;0,0;19,4;29,1;23,125;81,833;1007,121;2,442;21,05;A836;4311007;Jaguarao;-32,535;-53,376;31,48;9,0;1;2,8;25,0;27,8;46,2;4,0;4,742;1,0;22,864;81,694;0,205;0,979
2026-01-13;9,0;19,0;29,6;23,713;84,708;1008,188;1,25;23,91;A836;4311007;Jaguarao;-32,535;-53,376;31,48;0,0;0;0,0;2,8;11,8;55,2;5,0;1,067;0,0;22,719;81,986;0,222;0,975
2026-01-14;0,0;20,1;31,3;24,971;85,208;1008,479;1,842;27,89;A836;4311007;Jaguarao;-32,535;-53,376;31,48;0,0;0;9,0;0,0;9,0;53,4;4,0;0,292;1,0;23,936;83,917;0,239;0,971
2026-01-15;0,0;21,9;36,0;28,067;73,292;1006,017;2,496;29,88;A836;4311007;Jaguarao;-32,535;-53,376;31,48;2,2;1;0,0;9,0;9,0;52,8;4,0;-2,462;2,0;25,583;81,069;0,255;0,967
2026-01-16;2,2;22,3;29,8;24,929;76,667;1008,363;2,829;16,99;A836;4311007;Jaguarao;-32,535;-53,376;31,48;0,0;0;0,0;0,0;2,2;39,0;4,0;2,346;0,0;25,989;78,389;0,272;0,962
2026-01-17;0,0;14,9;29,9;22,217;76,083;1009,0;1,308;32,33;A836;4311007;Jaguarao;-32,535;-53,376;31,48;0,4;0;2,2;0,0;2,2;14,0;3,0;0,637;1,0;25,071;75,347;0,288;0,958
2026-01-18;0,4;18,2;29,8;23,142;80,208;1006,796;3,221;21,66;A836;4311007;Jaguarao;-32,535;-53,376;31,48;0,0;0;0,0;2,2;2,6;11,6;2,0;-2,204;2,0;23,429;77,653;0,305;0,952
2026-01-19;0,0;11,6;24,5;19,125;64,0;1015,467;3,188;27,43;A836;4311007;Jaguarao;-32,535;-53,376;31,48;0,0;0;0,4;0,0;0,4;11,6;2,0;8,671;3,0;21,494;73,431;0,321;0,947
2026-01-20;0,0;13,3;25,8;19,209;71,957;1015,357;2,07;23,85;A836;4311007;Jaguarao;-32,535;-53,376;31,48;0,0;0;0,0;0,4;0,4;2,6;1,0;-0,11;4,0;20,492;72,055;0,337;0,941
2026-01-21;0,0;12,9;27,2;20,4;66,667;1014,642;2,492;30,99;A836;4311007;Jaguarao;-32,535;-53,376;31,48;0,0;0;0,0;0,0;0,0;2,6;1,0;-0,715;5,0;19,578;67,541;0,353;0,935
2026-01-22;0,0;17,1;28,3;21,687;72,174;1013,952;3,822;21,17;A836;4311007;Jaguarao;-32,535;-53,376;31,48;0,0;0;0,0;0,0;0,0;2,6;1,0;-0,689;6,0;20,432;70,266;0,369;0,929
2026-01-23;0,0;16,7;28,1;22,646;71,875;1014,321;3,842;28,59;A836;4311007;Jaguarao;-32,535;-53,376;31,48;0,0;0;0,0;0,0;0,0;0,4;0,0;0,369;7,0;21,578;70,239;0,385;0,923
2026-01-24;0,0;16,0;29,4;22,542;72,583;1013,338;3,654;30,09;A836;4311007;Jaguarao;-32,535;-53,376;31,48;0,0;0;0,0;0,0;0,0;0,4;0,0;-0,983;8,0;22,291;72,211;0,401;0,916
2026-01-25;0,0;19,2;31,0;24,208;78,0;1012,7;3,733;29,69;A836;4311007;Jaguarao;-32,535;-53,376;31,48;0,0;0;0,0;0,0;0,0;0,0;0,0;-0,638;9,0;23,132;74,153;0,417;0,909
2026-01-26;0,0;21,0;33,6;26,254;73,542;1011,271;3,892;29,02;A836;4311007;Jaguarao;-32,535;-53,376;31,48;0,4;0;0,0;0,0;0,0;0,0;0,0;-1,429;10,0;24,335;74,708;0,432;0,902
2026-01-27;0,4;20,7;35,9;26,367;80,083;1009,912;2,954;21,9;A836;4311007;Jaguarao;-32,535;-53,376;31,48;0,0;0;0,0;0,0;0,4;0,4;0,0;-1,358;11,0;25,61;77,208;0,448;0,894
2026-01-28;0,0;22,3;32,1;26,275;82,833;1009,725;2,483;27,98;A836;4311007;Jaguarao;-32,535;-53,376;31,48;0,0;0;0,4;0,0;0,4;0,4;0,0;-0,188;12,0;26,299;78,819;0,463;0,886
2026-01-29;0,0;22,1;31,3;26,029;80,917;1009,754;2,662;27,13;A836;4311007;Jaguarao;-32,535;-53,376;31,48;9,8;1;0,0;0,4;0,4;0,4;0,0;0,029;13,0;26,224;81,278;0,478;0,878
2026-01-30;9,8;19,7;29,4;23,395;85,455;1009,677;2,055;15,8;A836;4311007;Jaguarao;-32,535;-53,376;31,48;3,2;1;0,0;0,0;9,8;10,2;1,0;-0,077;0,0;25,233;83,068;0,493;0,87
2026-01-31;3,2;18,6;27,8;22,938;77,25;1006,712;1,883;27,82;A836;4311007;Jaguarao;-32,535;-53,376;31,48;0,6;0;9,8;0,0;13,0;13,4;2,0;-2,965;0,0;24,121;81,207;0,508;0,861
2026-02-01;0,6;17,9;29,2;22,804;78,75;1003,488;3,075;25,63;A836;4311007;Jaguarao;-32,535;-53,376;31,48;0,0;0;3,2;9,8;13,6;14,0;2,0;-3,225;1,0;23,046;80,485;0,523;0,852
2026-02-02;0,0;16,7;31,3;23,483;72,625;1004,6;1,633;29,45;A836;4311007;Jaguarao;-32,535;-53,376;31,48;0,0;0;0,6;3,2;3,8;14,0;2,0;1,112;2,0;23,075;76,208;0,538;0,843
2026-02-03;0,0;18,8;34,6;26,146;69,208;1002,917;2,471;28,64;A836;4311007;Jaguarao;-32,535;-53,376;31,48;1,4;1;0,0;0,6;0,6;13,6;2,0;-1,683;3,0;24,144;73,528;0,552;0,834
2026-02-04;1,4;20,7;36,5;28,175;59,458;1004,371;2,762;25,74;A836;4311007;Jaguarao;-32,535;-53,376;31,48;0,0;0;0,0;0,0;1,4;15,0;3,0;1,454;0,0;25,935;67,097;0,566;0,824
2026-02-05;0,0;21,7;37,7;27,825;70,042;1006,375;2,367;25,88;A836;4311007;Jaguarao;-32,535;-53,376;31,48;0,0;0;1,4;0,0;1,4;15,0;3,0;2,004;1,0;27,382;66,236;0,58;0,814
2026-02-06;0,0;22,6;26,3;24,662;82,542;1007,979;3,108;8,58;A836;4311007;Jaguarao;-32,535;-53,376;31,48;0,0;0;0,0;1,4;1,4;5,2;2,0;1,604;2,0;26,888;70,681;0,594;0,804
2026-02-07;0,0;15,6;29,9;22,954;62,5;1011,738;1,787;30,36;A836;4311007;Jaguarao;-32,535;-53,376;31,48;0,0;0;0,0;0,0;0,0;2,0;1,0;3,758;3,0;25,147;71,694;0,608;0,794
2026-02-08;0,0;12,9;30,5;22,279;64,0;1011,821;2,038;25,52;A836;4311007;Jaguarao;-32,535;-53,376;31,48;0,0;0;0,0;0,0;0,0;1,4;1,0;0,083;4,0;23,299;69,681;0,622;0,783
2026-02-09;0,0;15,9;31,1;23,733;70,667;1008,738;3,875;24,11;A836;4311007;Jaguarao;-32,535;-53,376;31,48;0,0;0;0,0;0,0;0,0;1,4;1,0;-3,083;5,0;22,989;65,722;0,635;0,772
2026-02-10;0,0;21,6;34,8;26,829;76,083;1004,258;2,312;23,3;A836;4311007;Jaguarao;-32,535;-53,376;31,48;0,0;0;0,0;0,0;0,0;1,4;1,0;-4,479;6,0;24,281;70,25;0,648;0,761
2026-02-11;0,0;21,4;38,8;28,546;68,0;1002,321;3,183;26,9;A836;4311007;Jaguarao;-32,535;-53,376;31,48;45,6;1;0,0;0,0;0,0;0,0;0,0;-1,938;7,0;26,369;71,583;0,661;0,75
2026-02-12;45,6;17,7;26,1;22,546;91,875;1007,521;3,175;3,78;A836;4311007;Jaguarao;-32,535;-53,376;31,48;0,0;0;0,0;0,0;45,6;45,6;1,0;5,2;0,0;25,974;78,653;0,674;0,739
2026-02-13;0,0;18,0;28,2;22,279;84,125;1012,1;2,946;22,38;A836;4311007;Jaguarao;-32,535;-53,376;31,48;0,0;0;45,6;0,0;45,6;45,6;1,0;4,579;1,0;24,457;81,333;0,687;0,727
2026-02-14;0,0;16,8;26,9;21,454;70,625;1016,696;2,829;25,92;A836;4311007;Jaguarao;-32,535;-53,376;31,48;25,0;1;0,0;45,6;45,6;45,6;1,0;4,596;2,0;22,093;82,208;0,699;0,715
2026-02-15;25,0;18,2;30,5;23,296;79,583;1010,887;3,979;21,35;A836;4311007;Jaguarao;-32,535;-53,376;31,48;0,2;0;0,0;0,0;25,0;70,6;2,0;-5,808;0,0;22,343;78,111;0,711;0,703
2026-02-16;0,2;21,3;30,2;24,988;83,958;1007,667;2,85;24,03;A836;4311007;Jaguarao;-32,535;-53,376;31,48;0,0;0;25,0;0,0;25,2;70,8;2,0;-3,221;1,0;23,246;78,056;0,723;0,691
2026-02-17;0,0;19,8;29,7;23,996;81,208;1008,887;1,808;26,78;A836;4311007;Jaguarao;-32,535;-53,376;31,48;0,0;0;0,2;25,0;25,2;70,8;2,0;1,221;2,0;24,093;81,583;0,735;0,678
2026-02-18;0,0;18,9;29,6;24,196;80,042;1009,183;1,992;26,66;A836;4311007;Jaguarao;-32,535;-53,376;31,48;0,2;0;0,0;0,2;0,2;70,8;2,0;0,296;3,0;24,393;81,736;0,747;0,665
2026-02-19;0,2;20,2;26,1;22,617;88,348;1007,274;1,4;7,06;A836;4311007;Jaguarao;-32,535;-53,376;31,48;15,4;1;0,0;0,0;0,2;25,4;1,0;-1,909;4,0;23,603;83,199;0,758;0,652
2026-02-20;15,4;19,1;28,8;22,871;84,833;1009,429;1,988;20,8;A836;4311007;Jaguarao;-32,535;-53,376;31,48;0,0;0;0,2;0,0;15,6;40,8;2,0;2,155;0,0;23,228;84,408;0,769;0,639
2026-02-21;0,0;20,2;27,7;23,492;79,833;1012,938;2,55;24,1;A836;4311007;Jaguarao;-32,535;-53,376;31,48;0,0;0;15,4;0,2;15,6;40,8;2,0;3,508;1,0;22,993;84,338;0,78;0,626
2026-02-22;0,0;19,6;28,6;23,525;77,333;1013,467;3,746;23,77;A836;4311007;Jaguarao;-32,535;-53,376;31,48;0,0;0;0,0;15,4;15,4;15,8;1,0;0,529;2,0;23,296;80,667;0,791;0,612
2026-02-23;0,0;20,2;29,5;24,154;80,5;1009,679;4,275;19,25;A836;4311007;Jaguarao;-32,535;-53,376;31,48;3,8;1;0,0;0,0;0,0;15,6;1,0;-3,788;3,0;23,724;79,222;0,801;0,599
2026-02-24;3,8;21,9;30,2;24,642;85,25;1003,617;3,062;18,03;A836;4311007;Jaguarao;-32,535;-53,376;31,48;4,6;1;0,0;0,0;3,8;19,4;2,0;-6,062;0,0;24,107;81,028;0,811;0,585
2026-02-25;4,6;19,2;25,7;21,612;84,042;1005,392;3,979;18,02;A836;4311007;Jaguarao;-32,535;-53,376;31,48;0,0;0;3,8;0,0;8,4;24,0;3,0;1,775;0,0;23,469;83,264;0,821;0,571
2026-02-26;0,0;13,9;23,2;18,571;77,667;1009,212;1,675;17,12;A836;4311007;Jaguarao;-32,535;-53,376;31,48;0,0;0;4,6;3,8;8,4;23,8;3,0;3,821;1,0;21,608;82,319;0,831;0,557
2026-02-27;0,0;12,0;25,1;18,375;78,292;1010,558;1,625;26,35;A836;4311007;Jaguarao;-32,535;-53,376;31,48;0,0;0;0,0;4,6;4,6;8,4;2,0;1,346;2,0;19,519;80,0;0,84;0,542
2026-02-28;0,0;12,9;27,3;20,092;74,875;1010,988;2,175;25,57;A836;4311007;Jaguarao;-32,535;-53,376;31,48;0,0;0;0,0;0,0;0,0;8,4;2,0;0,429;3,0;19,012;76,944;0,849;0,528
2026-03-01;0,0;14,2;26,9;21,204;74,375;1011,688;2,783;24,09;A836;4311007;Jaguarao;-32,535;-53,376;31,48;0,0;0;0,0;0,0;0,0;8,4;2,0;0,7;4,0;19,89;75,847;0,858;0,513
2026-03-02;0,0;16,5;28,8;21,925;71,417;1009,033;3,646;26,48;A836;4311007;Jaguarao;-32,535;-53,376;31,48;0,0;0;0,0;0,0;0,0;8,4;2,0;-2,654;5,0;21,074;73,556;0,867;0,498
2026-03-03;0,0;19,1;30,7;24,138;77,417;1006,942;3,925;24,07;A836;4311007;Jaguarao;-32,535;-53,376;31,48;16,4;1;0,0;0,0;0,0;4,6;1,0;-2,092;6,0;22,422;74,403;0,876;0,483
2026-03-04;16,4;21,3;25,4;22,942;88,75;1007,992;3,496;6,78;A836;4311007;Jaguarao;-32,535;-53,376;31,48;0,0;0;0,0;0,0;16,4;16,4;1,0;1,05;0,0;23,001;79,194;0,884;0,468
2026-03-05;0,0;22,0;27,8;24,046;85,167;1010,983;3,142;16,84;A836;4311007;Jaguarao;-32,535;-53,376;31,48;3,8;1;16,4;0,0;16,4;16,4;1,0;2,992;1,0;23,708;83,778;0,892;0,453
2026-03-06;3,8;21,1;27,2;23,296;86,625;1011,267;3,729;15,79;A836;4311007;Jaguarao;-32,535;-53,376;31,48;36,9;1;0,0;16,4;20,2;20,2;2,0;0,283;0,0;23,428;86,847;0,899;0,437
2026-03-07;36,9;18,9;25,7;21,671;90,875;1008,229;2,558;12,9;A836;4311007;Jaguarao;-32,535;-53,376;31,48;0,0;0;3,8;0,0;40,7;57,1;3,0;-3,038;0,0;23,004;87,556;0,907;0,422
2026-03-08;0,0;19,6;24,9;21,696;77,958;1011,896;3,417;17,85;A836;4311007;Jaguarao;-32,535;-53,376;31,48;0,0;0;36,9;3,8;40,7;57,1;3,0;3,667;1,0;22,221;85,153;0,914;0,406
2026-03-09;0,0;16,5;24,6;20,154;70,458;1016,171;3,492;18,77;A836;4311007;Jaguarao;-32,535;-53,376;31,48;0,4;0;0,0;36,9;36,9;57,1;3,0;4,275;2,0;21,174;79,764;0,921;0,39
2026-03-10;0,4;18,1;23,1;19,954;82,0;1016,408;3,333;8,93;A836;4311007;Jaguarao;-32,535;-53,376;31,48;6,0;1;0,0;0,0;0,4;57,5;3,0;0,238;3,0;20,601;76,806;0,927;0,374
2026-03-11;6,0;18,4;23,9;20,529;94,208;1013,025;3,392;11,42;A836;4311007;Jaguarao;-32,535;-53,376;31,48;19,4;1;0,4;0,0;6,4;47,1;3,0;-3,383;0,0;20,212;82,222;0,934;0,358
2026-03-12;19,4;17,4;25,6;21,167;89,375;1011,058;2,546;16,8;A836;4311007;Jaguarao;-32,535;-53,376;31,48;0,0;0;6,0;0,4;25,8;66,5;4,0;-1,967;0,0;20,55;88,528;0,94;0,342
2026-03-13;0,0;16,0;27,5;21,104;84,875;1009,433;2,212;20,28;A836;4311007;Jaguarao;-32,535;-53,376;31,48;0,0;0;19,4;6,0;25,4;62,7;3,0;-1,625;1,0;20,933;89,486;0,945;0,326
2026-03-14;0,0;17,3;27,5;21,217;87,167;1006,858;1,537;18,14;A836;4311007;Jaguarao;-32,535;-53,376;31,48;0,0;0;0,0;19,4;19,4;25,8;2,0;-2,575;2,0;21,162;87,139;0,951;0,31
2026-03-15;0,0;17,2;29,3;22,471;83,792;1005,162;1,692;24,21;A836;4311007;Jaguarao;-32,535;-53,376;31,48;0,0;0;0,0;0,0;0,0;25,8;2,0;-1,696;3,0;21,597;85,278;0,956;0,293
2026-03-16;0,0;20,3;30,9;24,4;85,292;1006,467;3,038;21,41;A836;4311007;Jaguarao;-32,535;-53,376;31,48;0,6;0;0,0;0,0;0,0;25,8;2,0;1,304;4,0;22,696;85,417;0,961;0,277
2026-03-17;0,6;23,7;27,5;25,029;91,0;1006,083;3,788;6,33;A836;4311007;Jaguarao;-32,535;-53,376;31,48;9,2;1;0,0;0,0;0,6;26,0;2,0;-0,383;5,0;23,967;86,694;0,966;0,26
2026-03-18;9,2;21,8;26,0;23,517;93,667;1006,796;3,113;7,55;A836;4311007;Jaguarao;-32,535;-53,376;31,48;0,0;0;0,6;0,0;9,8;29,2;2,0;0,712;0,0;24,315;89,986;0,97;0,244
2026-03-19;0,0;16,9;27,8;22,108;83,708;1008,363;2,604;21,25;A836;4311007;Jaguarao;-32,535;-53,376;31,48;0,0;0;9,2;0,6;9,8;9,8;1,0;1,567;1,0;23,551;89,458;0,974;0,227
2026-03-20;0,0;17,3;28,5;22,796;88,208;1006,912;2,842;19,83;A836;4311007;Jaguarao;-32,535;-53,376;31,48;11,2;1;0,0;9,2;9,2;9,8;1,0;-1,45;2,0;22,807;88,528;0,978;0,21
2026-03-21;11,2;21,0;28,3;23,867;88,458;1002,733;3,938;9,46;A836;4311007;Jaguarao;-32,535;-53,376;31,48;0,0;0;0,0;0,0;11,2;21,0;2,0;-4,179;0,0;22,924;86,792;0,981;0,193
2026-03-22;0,0;14,6;24,6;20,242;81,5;1008,671;2,917;23,18;A836;4311007;Jaguarao;-32,535;-53,376;31,48;52,0;1;11,2;0,0;11,2;21,0;2,0;5,938;1,0;22,301;86,056;0,984;0,176
2026-03-23;52,0;19,1;21,0;20,083;95,708;1006,542;2,35;2,68;A836;4311007;Jaguarao;-32,535;-53,376;31,48;0,8;0;0,0;11,2;63,2;73,0;3,0;-2,129;0,0;21,397;88,556;0,987;0,16
2026-03-24;0,8;13,8;23,0;18,758;78,25;1008,667;1,696;23,8;A836;4311007;Jaguarao;-32,535;-53,376;31,48;0,0;0;52,0;0,0;52,8;73,2;3,0;2,125;1,0;19,694;85,153;0,99;0,143
2026-03-25;0,0;10,5;24,5;17,533;79,083;1012,629;1,25;22,31;A836;4311007;Jaguarao;-32,535;-53,376;31,48;0,0;0;0,8;52,0;52,8;64,0;2,0;3,962;2,0;18,792;84,347;0,992;0,125
2026-03-26;0,0;14,0;23,5;19,125;91,125;1013,908;1,733;7,97;A836;4311007;Jaguarao;-32,535;-53,376;31,48;0,0;0;0,0;0,8;0,8;64,0;2,0;1,279;3,0;18,472;82,819;0,994;0,108
2026-03-27;0,0;20,5;29,6;24,079;91,375;1012,246;2,013;13,8;A836;4311007;Jaguarao;-32,535;-53,376;31,48;0,0;0;0,0;0,0;0,0;64,0;2,0;-1,662;4,0;20,246;87,194;0,996;0,091
2026-03-28;0,0;23,3;29,8;25,467;91,833;1012,95;1,8;13,4;A836;4311007;Jaguarao;-32,535;-53,376;31,48;0,0;0;0,0;0,0;0,0;52,8;1,0;0,704;5,0;22,89;91,444;0,997;0,074
2026-03-29;0,0;21,6;29,1;24,917;91,833;1013,262;2,204;14,47;A836;4311007;Jaguarao;-32,535;-53,376;31,48;1,4;1;0,0;0,0;0,0;52,8;1,0;0,312;6,0;24,821;91,681;0,998;0,057
2026-03-30;1,4;22,9;28,4;24,683;94,0;1012,357;2,63;9,86;A836;4311007;Jaguarao;-32,535;-53,376;31,48;0,0;0;0,0;0,0;1,4;2,2;1,0;-0,906;0,0;25,022;92,556;0,999;0,04
2026-03-31;0,0;22,3;29,3;24,748;85,619;1009,905;3,495;15,08;A836;4311007;Jaguarao;-32,535;-53,376;31,48;0,0;0;1,4;0,0;1,4;1,4;1,0;-2,452;1,0;24,782;90,484;1,0;0,023
2026-04-01;0,0;17,5;28,1;23,1;83,292;1007,858;2,2;17,26;A836;4311007;Jaguarao;-32,535;-53,376;31,48;0,0;0;0,0;1,4;1,4;1,4;1,0;-2,046;2,0;24,177;87,637;1,0;0,005
2026-04-02;0,0;19,6;28,5;22,833;90,167;1007,617;1,537;14,76;A836;4311007;Jaguarao;-32,535;-53,376;31,48;0,2;0;0,0;0,0;0,0;1,4;1,0;-0,242;3,0;23,56;86,359;1,0;-0,012
2026-04-03;0,2;18,4;29,0;22,733;86,125;1009,387;0,925;17,15;A836;4311007;Jaguarao;-32,535;-53,376;31,48;0,4;0;0,0;0,0;0,2;1,6;1,0;1,771;4,0;22,889;86,528;1,0;-0,029
2026-04-04;0,4;17,1;24,5;20,221;89,5;1011,812;2,092;6,18;A836;4311007;Jaguarao;-32,535;-53,376;31,48;0,0;0;0,2;0,0;0,6;2,0;1,0;2,425;5,0;21,929;88,597;0,999;-0,046
2026-04-05;0,0;10,6;23,6;16,654;73,417;1018,933;2,771;15,99;A836;4311007;Jaguarao;-32,535;-53,376;31,48;0,2;0;0,4;0,2;0,6;2,0;1,0;7,121;6,0;19,869;83,014;0,998;-0,063
2026-04-06;0,2;16,3;23,7;19,562;79,542;1015,375;4,317;6,16;A836;4311007;Jaguarao;-32,535;-53,376;31,48;17,6;1;0,0;0,4;0,6;0,8;0,0;-3,558;7,0;18,812;80,819;0,997;-0,081
2026-04-07;17,6;19,9;25,6;22,192;92,542;1005,217;3,058;5,52;A836;4311007;Jaguarao;-32,535;-53,376;31,48;6,6;1;0,2;0,0;17,8;18,4;1,0;-10,158;0,0;19,469;81,833;0,995;-0,098
2026-04-08;6,6;17,8;24,9;20,396;87,458;1000,379;4,246;11,88;A836;4311007;Jaguarao;-32,535;-53,376;31,48;0,2;0;17,6;0,2;24,4;25,0;2,0;-4,838;0,0;20,717;86,514;0,993;-0,115
2026-04-09;0,2;14,0;23,5;18,075;83,0;1011,887;3,662;17,32;A836;4311007;Jaguarao;-32,535;-53,376;31,48;0,0;0;6,6;17,6;24,4;25,2;2,0;11,508;1,0;20,221;87,667;0,991;-0,132
2026-04-10;0,0;11,1;22,6;16,708;80,917;1016,454;4,371;18,67;A836;4311007;Jaguarao;-32,535;-53,376;31,48;0,0;0;0,2;6,6;6,8;25,0;2,0;4,567;2,0;18,393;83,792;0,989;-0,149
2026-04-11;0,0;9,7;25,9;17,479;79,208;1016,15;3,558;18,58;A836;4311007;Jaguarao;-32,535;-53,376;31,48;3,8;1;0,0;0,2;0,2;24,6;2,0;-0,304;3,0;17,421;81,042;0,986;-0,166
2026-04-12;3,8;19,5;24,4;21,35;91,625;1012,442;2,512;5,23;A836;4311007;Jaguarao;-32,535;-53,376;31,48;0,2;0;0,0;0,0;3,8;28,4;3,0;-3,708;0,0;18,512;83,917;0,983;-0,183
2026-04-13;0,2;18,2;25,0;20,488;93,708;1013,85;1,479;8,55;A836;4311007;Jaguarao;-32,535;-53,376;31,48;0,0;0;3,8;0,0;4,0;28,4;3,0;1,408;1,0;19,772;88,181;0,98;-0,2
2026-04-14;0,0;17,6;27,9;21,362;89,875;1012,446;2,483;12,17;A836;4311007;Jaguarao;-32,535;-53,376;31,48;0,0;0;0,2;3,8;4,0;10,8;2,0;-1,404;2,0;21,067;91,736;0,976;-0,217
2026-04-15;0,0;21,8;26,8;23,429;85,125;1009,367;5,033;9,43;A836;4311007;Jaguarao;-32,535;-53,376;31,48;20,4;1;0,0;0,2;0,2;4,2;1,0;-3,079;3,0;21,76;89,569;0,972;-0,233
2026-04-16;20,4;21,0;25,8;22,375;91,833;1004,167;4,504;5,36;A836;4311007;Jaguarao;-32,535;-53,376;31,48;1,0;1;0,0;0,0;20,4;24,4;2,0;-5,2;0,0;22,389;88,944;0,968;-0,25
2026-04-17;1,0;19,8;24,1;21,458;90,458;1000,863;3,975;8,53;A836;4311007;Jaguarao;-32,535;-53,376;31,48;0,0;0;20,4;0,0;21,4;25,4;3,0;-3,304;0,0;22,421;89,139;0,964;-0,267
2026-04-18;0,0;15,3;26,8;20,625;80,5;1004,817;2,158;16,42;A836;4311007;Jaguarao;-32,535;-53,376;31,48;0,0;0;1,0;20,4;21,4;25,4;3,0;3,954;1,0;21,486;87,597;0,959;-0,283
2026-04-19;0,0;13,7;27,6;20,104;82,417;1008,758;0,804;16,73;A836;4311007;Jaguarao;-32,535;-53,376;31,48;0,0;0;0,0;1,0;1,0;21,6;2,0;3,942;2,0;20,729;84,458;0,954;-0,3
2026-04-20;0,0;14,5;24,8;19,558;88,042;1012,321;2,021;9,01;A836;4311007;Jaguarao;-32,535;-53,376;31,48;2,0;1;0,0;0,0;0,0;21,4;2,0;3,562;3,0;20,096;83,653;0,949;-0,316
2026-04-21;2,0;19,8;24,4;21,35;92,417;1012,342;2,429;5,94;A836;4311007;Jaguarao;-32,535;-53,376;31,48;0,0;0;0,0;0,0;2,0;23,4;3,0;0,021;0,0;20,338;87,625;0,943;-0,332
2026-04-22;0,0;17,5;26,5;21,521;85,083;1011,225;2,442;12,64;A836;4311007;Jaguarao;-32,535;-53,376;31,48;0,0;0;2,0;0,0;2,0;23,4;3,0;-1,117;1,0;20,81;88,514;0,937;-0,348
2026-04-23;0,0;12,2;20,8;16,425;86,208;1017,133;3,0;9,68;A836;4311007;Jaguarao;-32,535;-53,376;31,48;0,4;0;0,0;2,0;2,0;3,0;2,0;5,908;2,0;19,765;87,903;0,931;-0,364
2026-04-24;0,4;15,7;23,4;18,979;89,625;1015,113;0,954;6,43;A836;4311007;Jaguarao;-32,535;-53,376;31,48;0,0;0;0,0;0,0;0,4;2,4;1,0;-2,021;3,0;18,975;86,972;0,925;-0,38
2026-04-25;0,0;14,2;24,7;18,621;91,208;1010,483;1,767;11,39;A836;4311007;Jaguarao;-32,535;-53,376;31,48;5,0;1;0,4;0,0;0,4;2,4;1,0;-4,629;4,0;18,008;89,014;0,918;-0,396
2026-04-26;5,0;15,3;24,2;19,317;84,042;1005,438;2,379;15,98;A836;4311007;Jaguarao;-32,535;-53,376;31,48;0,0;0;0,0;0,4;5,4;7,4;2,0;-5,046;0,0;18,972;88,292;0,911;-0,412
2026-04-27;0,0;8,0;18,8;12,467;63,875;1010,254;6,033;11,17;A836;4311007;Jaguarao;-32,535;-53,376;31,48;0,0;0;5,0;0,0;5,0;7,4;2,0;4,817;1,0;16,801;79,708;0,904;-0,428
2026-04-28;0,0;6,5;18,7;11,779;73,833;1014,683;3,4;15,25;A836;4311007;Jaguarao;-32,535;-53,376;31,48;0,0;0;0,0;5,0;5,0;5,4;1,0;4,429;2,0;14,521;73,917;0,896;-0,443
2026-04-29;0,0;7,7;23,7;14,438;62,292;1011,363;3,054;15,34;A836;4311007;Jaguarao;-32,535;-53,376;31,48;0,0;0;0,0;0,0;0,0;5,4;1,0;-3,321;3,0;12,894;66,667;0,889;-0,458
2026-04-30;0,0;9,7;24,9;16,525;70,125;1012,792;2,354;15,29;A836;4311007;Jaguarao;-32,535;-53,376;31,48;8,8;1;0,0;0,0;0,0;5,4;1,0;1,429;4,0;14,247;68,75;0,881;-0,474
2026-05-01;8,8;10,5;20,0;16,071;94,25;1010,658;4,471;2,95;A836;4311007;Jaguarao;-32,535;-53,376;31,48;0,8;0;0,0;0,0;8,8;13,8;2,0;-2,133;0,0;15,678;75,556;0,872;-0,489
2026-05-02;0,8;9,2;18,6;16,688;79,333;1012,642;2,062;14,39;A836;4311007;Jaguarao;-32,535;-53,376;31,48;0,0;0;8,8;0,0;9,6;14,6;2,0;1,983;1,0;16,428;81,236;0,864;-0,504
2026-05-03;0,0;5,8;18,1;11,121;72,25;1020,954;1,892;15,46;A836;4311007;Jaguarao;-32,535;-53,376;31,48;0,0;0;0,8;8,8;9,6;9,6;1,0;8,312;2,0;14,626;81,944;0,855;-0,519
2026-05-04;0,0;5,6;24,9;13,8;78,625;1012,975;3,967;12,05;A836;4311007;Jaguarao;-32,535;-53,376;31,48;0,0;0;0,0;0,8;0,8;9,6;1,0;-7,979;3,0;13,869;76,736;0,846;-0,533
2026-05-05;0,0;13,2;25,8;18,854;87,875;1011,046;1,292;7,97;A836;4311007;Jaguarao;-32,535;-53,376;31,48;0,0;0;0,0;0,0;0,0;9,6;1,0;-1,929;4,0;14,592;79,583;0,837;-0,548
2026-05-06;0,0;19,4;27,8;22,658;86,167;1009,575;3,654;10,75;A836;4311007;Jaguarao;-32,535;-53,376;31,48;25,8;1;0,0;0,0;0,0;9,6;1,0;-1,471;5,0;18,438;84,222;0,827;-0,562
2026-05-07;25,8;17,4;25,8;20,975;89,083;998,983;2,296;1,11;A836;4311007;Jaguarao;-32,535;-53,376;31,48;11,0;1;0,0;0,0;25,8;35,4;2,0;-10,592;0,0;20,829;87,708;0,817;-0,576
2026-05-08;11,0;11,1;17,9;13,513;79,167;999,433;6,196;9,76;A836;4311007;Jaguarao;-32,535;-53,376;31,48;0,0;0;25,8;0,0;36,8;37,6;2,0;0,45;0,0;19,049;84,806;0,807;-0,59
2026-05-09;0,0;5,3;13,8;9,533;74,75;1009,796;4,917;11,84;A836;4311007;Jaguarao;-32,535;-53,376;31,48;0,0;0;11,0;25,8;36,8;36,8;2,0;10,362;1,0;14,674;81,0;0,797;-0,604
2026-05-10;0,0;7,2;14,3;10,196;78,0;1016,671;5,7;13,84;A836;4311007;Jaguarao;-32,535;-53,376;31,48;0,0;0;0,0;11,0;11,0;36,8;2,0;6,875;2,0;11,081;77,306;0,787;-0,617
2026-05-11;0,0;5,0;17,0;10,133;74,625;1016,933;4,65;14,61;A836;4311007;Jaguarao;-32,535;-53,376;31,48;0,0;0;0,0;0,0;0,0;36,8;2,0;0,263;3,0;9,954;75,792;0,776;-0,631
2026-05-12;0,0;5,9;19,6;11,775;73,083;1014,017;4,9;14,52;A836;4311007;Jaguarao;-32,535;-53,376;31,48;0,0;0;0,0;0,0;0,0;36,8;2,0;-2,917;4,0;10,701;75,236;0,765;-0,644
2026-05-13;0,0;7,9;18,3;12,638;79,625;1013,3;4,888;12,2;A836;4311007;Jaguarao;-32,535;-53,376;31,48;0,0;0;0,0;0,0;0,0;36,8;2,0;-0,717;5,0;11,515;75,778;0,754;-0,657
2026-05-14;0,0;5,5;15,2;10,425;85,5;1016,588;2,333;8,16;A836;4311007;Jaguarao;-32,535;-53,376;31,48;0,0;0;0,0;0,0;0,0;11,0;1,0;3,287;6,0;11,612;79,403;0,742;-0,67
2026-05-15;0,0;3,6;16,3;9,667;86,792;1018,496;2,625;12,43;A836;4311007;Jaguarao;-32,535;-53,376;31,48;0,0;0;0,0;0,0;0,0;0,0;0,0;1,908;7,0;10,91;83,972;0,731;-0,683
2026-05-16;0,0;3,3;17,2;9,492;90,083;1015,288;2,887;9,67;A836;4311007;Jaguarao;-32,535;-53,376;31,48;0,0;0;0,0;0,0;0,0;0,0;0,0;-3,208;8,0;9,861;87,458;0,719;-0,695
2026-05-17;0,0;8,2;15,2;11,371;91,333;1016,412;2,571;4,26;A836;4311007;Jaguarao;-32,535;-53,376;31,48;0,0;0;0,0;0,0;0,0;0,0;0,0;1,125;9,0;10,176;89,403;0,707;-0,707
2026-05-18;0,0;4,7;16,0;9,879;78,958;1021,517;2,633;12,73;A836;4311007;Jaguarao;-32,535;-53,376;31,48;0,2;0;0,0;0,0;0,0;0,0;0,0;5,104;10,0;10,247;86,792;0,694;-0,72
2026-05-19;0,2;3,3;16,3;9,112;77,875;1020,55;3,146;13,47;A836;4311007;Jaguarao;-32,535;-53,376;31,48;0,0;0;0,0;0,0;0,2;0,2;0,0;-0,967;11,0;10,121;82,722;0,682;-0,731
2026-05-20;0,0;5,6;16,4;10,221;79,125;1019,55;3,696;11,62;A836;4311007;Jaguarao;-32,535;-53,376;31,48;0,2;0;0,2;0,0;0,2;0,2;0,0;-1,0;12,0;9,737;78,653;0,669;-0,743
2026-05-21;0,2;6,2;14,8;10,375;76,667;1024,587;2,508;9,52;A836;4311007;Jaguarao;-32,535;-53,376;31,48;0,0;0;0,0;0,2;0,4;0,4;0,0;5,037;13,0;9,903;77,889;0,656;-0,754
2026-05-22;0,0;5,2;15,4;9,842;84,75;1026,312;3,325;9,22;A836;4311007;Jaguarao;-32,535;-53,376;31,48;0,4;0;0,2;0,0;0,2;0,4;0,0;1,725;14,0;10,146;80,181;0,643;-0,766
2026-05-23;0,4;10,1;16,7;12,708;91,0;1024,279;4,954;7,76;A836;4311007;Jaguarao;-32,535;-53,376;31,48;0,2;0;0,0;0,2;0,6;0,8;0,0;-2,033;15,0;10,975;84,139;0,63;-0,777
2026-05-24;0,2;9,2;20,5;13,771;91,042;1020,9;2,533;9,69;A836;4311007;Jaguarao;-32,535;-53,376;31,48;0,0;0;0,4;0,0;0,6;1,0;0,0;-3,379;16,0;12,107;88,931;0,617;-0,787
2026-05-25;0,0;8,2;20,8;13,929;91,75;1018,558;3,875;7,83;A836;4311007;Jaguarao;-32,535;-53,376;31,48;2,0;1;0,2;0,4;0,6;1,0;0,0;-2,342;17,0;13,469;91,264;0,603;-0,798
2026-05-26;2,0;14,3;16,6;15,246;98,417;1017,342;3,238;3,57;A836;4311007;Jaguarao;-32,535;-53,376;31,48;0,2;0;0,0;0,2;2,2;2,8;1,0;-1,217;0,0;14,315;93,736;0,589;-0,808
2026-05-27;0,2;11,0;14,4;13,604;98,75;1020,733;6,129;2,82;A836;4311007;Jaguarao;-32,535;-53,376;31,48;0,2;0;2,0;0,0;2,2;3,0;1,0;3,392;1,0;14,26;96,306;0,575;-0,818
2026-05-28;0,2;11,0;16,7;13,933;92,25;1020,292;4,775;4,89;A836;4311007;Jaguarao;-32,535;-53,376;31,48;0,0;0;0,2;2,0;2,4;3,0;1,0;-0,442;2,0;14,261;96,472;0,561;-0,828
2026-05-29;0,0;9,9;18,7;13,8;91,375;1020,446;3,387;4,48;A836;4311007;Jaguarao;-32,535;-53,376;31,48;0,0;0;0,2;0,2;0,4;3,0;1,0;0,154;3,0;13,779;94,125;0,547;-0,837
2026-05-30;0,0;14,2;19,6;16,135;92,913;1018,987;2,652;7,02;A836;4311007;Jaguarao;-32,535;-53,376;31,48;0,2;0;0,0;0,2;0,2;2,6;1,0;-1,459;4,0;14,623;92,179;0,532;-0,847
2026-05-31;0,2;13,2;18,6;15,264;93,409;1017,759;5,605;6,05;A836;4311007;Jaguarao;-32,535;-53,376;31,48;0,0;0;0,0;0,0;0,2;2,6;1,0;-1,228;5,0;15,066;92,566;0,518;-0,856
2026-06-01;0,0;9,5;16,5;12,809;87,957;1020,552;3,53;7,94;A836;4311007;Jaguarao;-32,535;-53,376;31,48;0,4;0;0,2;0,0;0,2;2,6;1,0;2,793;6,0;14,736;91,426;0,503;-0,864
2026-06-02;0,4;11,3;18,8;14,254;87,167;1023,754;5,183;9,99;A836;4311007;Jaguarao;-32,535;-53,376;31,48;0,0;0;0,0;0,2;0,6;1,0;0,0;3,202;7,0;14,109;89,511;0,488;-0,873
2026-06-03;0,0;12,7;21,1;15,925;89,458;1023,333;5,242;7,03;A836;4311007;Jaguarao;-32,535;-53,376;31,48;0,0;0;0,4;0,0;0,4;0,8;0,0;-0,421;8,0;14,329;88,194;0,473;-0,881
2026-06-04;0,0;13,5;22,6;17,617;87,375;1022,829;2,479;10,26;A836;4311007;Jaguarao;-32,535;-53,376;31,48;0,2;0;0,0;0,4;0,4;0,6;0,0;-0,504;9,0;15,932;88,0;0,458;-0,889
2026-06-05;0,2;11,0;22,3;15,521;92,5;1019,3;2,462;10,02;A836;4311007;Jaguarao;-32,535;-53,376;31,48;0,2;0;0,0;0,0;0,2;0,8;0,0;-3,529;10,0;16,354;89,778;0,442;-0,897
2026-06-06;0,2;11,2;15,7;13,8;99,0;1015,675;5,458;2,96;A836;4311007;Jaguarao;-32,535;-53,376;31,48;0,2;0;0,2;0,0;0,4;1,0;0,0;-3,625;11,0;15,646;92,958;0,427;-0,904
2026-06-07;0,2;12,3;18,1;15,025;94,708;1015,662;3,896;4,84;A836;4311007;Jaguarao;-32,535;-53,376;31,48;11,6;1;0,2;0,2;0,6;1,0;0,0;-0,013;12,0;14,782;95,403;0,411;-0,912
2026-06-08;11,6;12,7;15,4;14,408;95,833;1016,387;2,467;2,31;A836;4311007;Jaguarao;-32,535;-53,376;31,48;0,2;0;0,2;0,2;12,0;12,6;1,0;0,725;0,0;14,411;96,514;0,395;-0,919
2026-06-09;0,2;10,6;16,9;13,138;93,583;1015,4;2,671;8,17;A836;4311007;Jaguarao;-32,535;-53,376;31,48;0,0;0;11,6;0,2;12,0;12,4;1,0;-0,987;1,0;14,19;94,708;0,379;-0,925
2026-06-10;0,0;7,8;17,4;11,758;92,667;1014,871;1,333;7,72;A836;4311007;Jaguarao;-32,535;-53,376;31,48;0,2;0;0,2;11,6;11,8;12,4;1,0;-0,529;2,0;13,101;94,028;0,363;-0,932
2026-06-11;0,2;8,1;16,4;12,575;94,958;1014,579;2,571;4,21;A836;4311007;Jaguarao;-32,535;-53,376;31,48;4,0;1;0,0;0,2;0,4;12,6;1,0;-0,292;3,0;12,49;93,736;0,347;-0,938
2026-06-12;4,0;13,3;16,9;14,417;94,958;1011,046;5,258;4,24;A836;4311007;Jaguarao;-32,535;-53,376;31,48;0,0;0;0,2;0,0;4,2;16,4;2,0;-3,533;0,0;12,917;94,194;0,331;-0,944
2026-06-13;0,0;9,6;18,9;13,779;90,5;1013,088;5,525;8,68;A836;4311007;Jaguarao;-32,535;-53,376;31,48;0,4;0;4,0;0,2;4,2;16,2;2,0;2,042;1,0;13,59;93,472;0,315;-0,949
2026-06-14;0,4;8,8;14,2;10,462;85,417;1017,108;0,946;9,14;A836;4311007;Jaguarao;-32,535;-53,376;31,48;0,0;0;0,0;4,0;4,4;16,4;2,0;4,021;2,0;12,886;90,292;0,299;-0,954
2026-06-15;0,0;1,2;12,3;6,604;78,667;1021,071;1,033;11,82;A836;4311007;Jaguarao;-32,535;-53,376;31,48;0,0;0;0,4;0,0;0,4;4,8;1,0;3,963;3,0;10,282;84,861;0,282;-0,959
2026-06-16;0,0;2,7;16,3;8,15;76,167;1017,363;4,2;11,7;A836;4311007;Jaguarao;-32,535;-53,376;31,48;0,0;0;0,0;0,4;0,4;4,6;1,0;-3,708;4,0;8,406;80,083;0,266;-0,964
2026-06-17;0,0;5,5;15,6;10,4;78,042;1019,758;2,321;11,67;A836;4311007;Jaguarao;-32,535;-53,376;31,48;0,2;0;0,0;0,0;0,0;4,6;1,0;2,396;5,0;8,385;77,625;0,249;-0,969
2026-06-18;0,2;1,8;16,0;9,521;88,75;1020,104;4,846;7,21;A836;4311007;Jaguarao;-32,535;-53,376;31,48;3,8;1;0,0;0,0;0,2;4,6;1,0;0,346;6,0;9,357;80,986;0,232;-0,973
2026-06-19;3,8;9,6;14,7;12,263;91,167;1010,95;2,2;2,45;A836;4311007;Jaguarao;-32,535;-53,376;31,48;0,0;0;0,2;0,0;4,0;4,4;1,0;-9,154;0,0;10,728;85,986;0,215;-0,977
2026-06-20;0,0;2,6;14,5;8,021;84,208;1016,088;2,008;10,98;A836;4311007;Jaguarao;-32,535;-53,376;31,48;0,0;0;3,8;0,2;4,0;4,4;1,0;5,138;1,0;9,935;88,042;0,199;-0,98
2026-06-21;0,0;0,8;14,0;7,025;87,542;1014,696;1,367;7,63;A836;4311007;Jaguarao;-32,535;-53,376;31,48;0,0;0;0,0;3,8;3,8;4,0;1,0;-1,392;2,0;9,103;87,639;0,182;-0,983
2026-06-22;0,0;5,7;11,2;8,267;92,5;1012,317;0,9;3,27;A836;4311007;Jaguarao;-32,535;-53,376;31,48;0,0;0;0,0;0,0;0,0;4,0;1,0;-2,379;3,0;7,771;88,083;0,165;-0,986
2026-06-23;0,0;3,9;12,7;7,733;80,625;1013,4;2,554;10,13;A836;4311007;Jaguarao;-32,535;-53,376;31,48;0,0;0;0,0;0,0;0,0;4,0;1,0;1,083;4,0;7,675;86,889;0,148;-0,989
2026-06-24;0,0;2,4;14,2;6,896;76,5;1015,825;2,504;10,97;A836;4311007;Jaguarao;-32,535;-53,376;31,48;0,0;0;0,0;0,0;0,0;4,0;1,0;2,425;5,0;7,632;83,208;0,131;-0,991
2026-06-25;0,0;3,3;17,0;8,983;77,083;1018,567;4,783;11,2;A836;4311007;Jaguarao;-32,535;-53,376;31,48;0,0;0;0,0;0,0;0,0;3,8;1,0;2,742;6,0;7,871;78,069;0,114;-0,994
2026-06-26;0,0;6,6;16,3;11,075;75,583;1019,729;3,992;11,53;A836;4311007;Jaguarao;-32,535;-53,376;31,48;0,0;0;0,0;0,0;0,0;0,0;0,0;1,163;7,0;8,985;76,389;0,097;-0,995
2026-06-27;0,0;0,8;17,3;9,171;87,542;1019,708;3,358;11,62;A836;4311007;Jaguarao;-32,535;-53,376;31,48;0,0;0;0,0;0,0;0,0;0,0;0,0;-0,021;8,0;9,743;80,069;0,079;-0,997
2026-06-28;0,0;10,0;17,9;12,871;92,292;1012,292;5,175;4,37;A836;4311007;Jaguarao;-32,535;-53,376;31,48;0,2;0;0,0;0,0;0,0;0,0;0,0;-7,417;9,0;11,039;85,139;0,062;-0,998
2026-06-29;0,2;3,6;14,4;8,975;86,333;1017,446;2,521;11,73;A836;4311007;Jaguarao;-32,535;-53,376;31,48;0,0;0;0,0;0,0;0,2;0,2;0,0;5,154;10,0;10,339;88,722;0,045;-0,999
2026-06-30;0,0;0,3;14,9;6,471;91,917;1018,45;1,963;9,32;A836;4311007;Jaguarao;-32,535;-53,376;31,48;0,4;0;0,2;0,0;0,2;0,2;0,0;1,004;11,0;9,439;90,181;0,028;-1,0
2026-07-01;0,4;8,8;18,9;11,804;92,542;1016,267;2,454;5,0;A836;4311007;Jaguarao;-32,535;-53,376;31,48;0,8;0;0,0;0,2;0,6;0,6;0,0;-2,183;12,0;9,083;90,264;0,011;-1,0
2026-07-02;0,8;3,8;11,9;9,883;81,75;1022,692;1,083;4,77;A836;4311007;Jaguarao;-32,535;-53,376;31,48;0,0;0;0,4;0,0;1,2;1,4;0,0;6,425;13,0;9,386;88,736;-0,006;-1,0
2026-07-03;0,0;0,7;11,2;5,454;82,167;1024,913;3,108;5,9;A836;4311007;Jaguarao;-32,535;-53,376;31,48;0,0;0;0,8;0,4;1,2;1,4;0,0;2,221;14,0;9,047;85,486;-0,024;-1,0
2026-07-04;0,0;6,0;13,7;9,421;89,625;1023,725;1,954;7,39;A836;4311007;Jaguarao;-32,535;-53,376;31,48;0,4;0;0,0;0,8;0,8;1,4;0,0;-1,188;15,0;8,253;84,514;-0,041;-0,999
2026-07-05;0,4;8,5;12,5;10,433;98,333;1020,212;0,938;3,94;A836;4311007;Jaguarao;-32,535;-53,376;31,48;0,2;0;0,0;0,0;0,4;1,8;0,0;-3,513;16,0;8,436;90,042;-0,058;-0,998
2026-07-06;0,2;7,8;12,7;10,346;86,792;1016,125;0,862;6,24;A836;4311007;Jaguarao;-32,535;-53,376;31,48;0,0;0;0,4;0,0;0,6;1,8;0,0;-4,087;17,0;10,067;91,583;-0,075;-0,997
2026-07-07;0,0;3,4;14,6;7,812;73,833;1017,171;4,038;12,1;A836;4311007;Jaguarao;-32,535;-53,376;31,48;0,0;0;0,2;0,4;0,6;1,8;0,0;1,046;18,0;9,531;86,319;-0,092;-0,996
2026-07-08;0,0;6,4;25,1;12,496;71,333;1016,775;5,021;11,67;A836;4311007;Jaguarao;-32,535;-53,376;31,48;0,0;0;0,0;0,2;0,2;1,4;0,0;-0,396;19,0;10,218;77,319;-0,109;-0,994
2026-07-09;0,0;2,6;20,5;11,6;77,667;1016,796;2,521;9,9;A836;4311007;Jaguarao;-32,535;-53,376;31,48;0,0;0;0,0;0,0;0,0;0,6;0,0;0,021;20,0;10,636;74,278;-0,127;-0,992
2026-07-10;0,0;8,9;19,4;13,75;83,042;1017,05;5,183;10,71;A836;4311007;Jaguarao;-32,535;-53,376;31,48;0,0;0;0,0;0,0;0,0;0,6;0,0;0,254;21,0;12,615;77,347;-0,144;-0,99
2026-07-11;0,0;12,9;18,0;14,604;90,75;1017,221;6,804;5,26;A836;4311007;Jaguarao;-32,535;-53,376;31,48;1,2;1;0,0;0,0;0,0;0,6;0,0;0,171;22,0;13,318;83,819;-0,161;-0,987
2026-07-12;1,2;10,6;14,9;12,521;91,958;1020,058;3,021;5,04;A836;4311007;Jaguarao;-32,535;-53,376;31,48;0,8;0;0,0;0,0;1,2;1,4;1,0;2,838;0,0;13,625;88,583;-0,178;-0,984
2026-07-13;0,8;10,3;15,1;12,333;98,917;1026,525;2,613;4,76;A836;4311007;Jaguarao;-32,535;-53,376;31,48;0,0;0;1,2;0,0;2,0;2,0;1,0;6,467;1,0;13,153;93,875;-0,194;-0,981
2026-07-14;0,0;6,8;20,2;13,55;88,917;1025,762;2,4;12,39;A836;4311007;Jaguarao;-32,535;-53,376;31,48;9,8;1;0,8;1,2;2,0;2,0;1,0;-0,762;2,0;12,801;93,264;-0,211;-0,977
2026-07-15;9,8;8,8;25,2;14,858;85,208;1019,567;2,558;12,14;A836;4311007;Jaguarao;-32,535;-53,376;31,48;0,0;0;0,0;0,8;10,6;11,8;2,0;-6,196;0,0;13,581;91,014;-0,228;-0,974
2026-07-16;0,0;11,5;29,2;18,367;73,75;1007,342;2,604;9,07;A836;4311007;Jaguarao;-32,535;-53,376;31,48;0,0;0;9,8;0,0;9,8;11,8;2,0;-12,225;1,0;15,592;82,625;-0,245;-0,97
2026-07-17;0,0;20,2;30,5;24,662;60,125;998,671;3,883;7,03;A836;4311007;Jaguarao;-32,535;-53,376;31,48;37,4;1;0,0;9,8;9,8;11,8;2,0;-8,671;2,0;19,296;73,028;-0,261;-0,965
2026-07-18;37,4;17,6;27,7;21,008;84,542;998,571;3,096;0,83;A836;4311007;Jaguarao;-32,535;-53,376;31,48;58,3;1;0,0;0,0;37,4;49,2;3,0;-0,1;0,0;21,346;72,806;-0,278;-0,961
2026-07-19;58,3;15,4;19,0;16,8;94,708;1000,717;4,004;1,69;A836;4311007;Jaguarao;-32,535;-53,376;31,48;8,6;1;37,4;0,0;95,7;106,3;3,0;2,146;0,0;20,824;79,792;-0,294;-0,956
2026-07-20;8,6;14,8;18,3;16,5;97,583;1004,004;2,533;2,1;A836;4311007;Jaguarao;-32,535;-53,376;31,48;0,6;0;58,3;37,4;104,3;114,1;4,0;3,287;0,0;18,103;92,278;-0,311;-0,95
2026-07-21;0,6;14,8;16,6;15,571;99,625;1005,071;2,683;2,27;A836;4311007;Jaguarao;-32,535;-53,376;31,48;2,6;1;8,6;58,3;67,5;114,7;4,0;1,067;1,0;16,29;97,306;-0,327;-0,945
2026-07-22;2,6;13,5;17,3;15,183;94,458;1010,667;7,958;5,68;A836;4311007;Jaguarao;-32,535;-53,376;31,48;0,0;0;0,6;8,6;11,8;107,5;4,0;5,596;0,0;15,751;97,222;-0,343;-0,939
2026-07-23;0,0;9,9;17,9;13,504;86,25;1018,35;2,658;12,15;A836;4311007;Jaguarao;-32,535;-53,376;31,48;0,0;0;2,6;0,6;3,2;107,5;4,0;7,683;1,0;14,753;93,444;-0,359;-0,933
2026-07-24;0,0;7,7;18,4;12,921;91,125;1017,758;2,325;8,32;A836;4311007;Jaguarao;-32,535;-53,376;31,48;0,0;0;0,0;2,6;2,6;107,5;4,0;-0,592;2,0;13,869;90,611;-0,375;-0,927
2026-07-25;0,0;10,2;18,5;14,117;94,042;1015,633;1,104;7,44;A836;4311007;Jaguarao;-32,535;-53,376;31,48;0,0;0;0,0;0,0;0,0;70,1;3,0;-2,125;3,0;13,514;90,472;-0,391;-0,92
2026-07-26;0,0;13,8;17,7;15,392;96,167;1013,196;1,496;3,05;A836;4311007;Jaguarao;-32,535;-53,376;31,48;5,2;1;0,0;0,0;0,0;11,8;2,0;-2,438;4,0;14,143;93,778;-0,407;-0,913
2026-07-27;5,2;13,8;21,1;16,287;93,958;1009,696;2,342;6,83;A836;4311007;Jaguarao;-32,535;-53,376;31,48;1,0;1;0,0;0,0;5,2;8,4;2,0;-3,5;0,0;15,265;94,722;-0,423;-0,906
2026-07-28;1,0;14,0;19,1;17,038;94,417;1005,754;2,221;4,51;A836;4311007;Jaguarao;-32,535;-53,376;31,48;0,4;0;5,2;0,0;6,2;8,8;3,0;-3,942;0,0;16,239;94,847;-0,438;-0,899
2026-07-29;0,4;13,6;15,9;14,346;96,833;1011,367;2,654;2,95;A836;4311007;Jaguarao;-32,535;-53,376;31,48;0,0;0;1,0;5,2;6,6;6,6;2,0;5,613;1,0;15,89;95,069;-0,454;-0,891
2026-07-30;0,0;9,8;18,9;14,421;88,292;1018,762;2,642;13,21;A836;4311007;Jaguarao;-32,535;-53,376;31,48;0,0;0;0,4;1,0;1,4;6,6;2,0;7,396;2,0;15,268;93,181;-0,469;-0,883
2026-07-31;0,0;13,7;24,0;17,971;87,958;1012,792;4,812;12,7;A836;4311007;Jaguarao;-32,535;-53,376;31,48;8,0;1;0,0;0,4;0,4;6,6;2,0;-5,971;3,0;15,579;91,028;-0,484;-0,875
2026-08-01;8,0;15,4;23,3;18,175;89,75;1005,604;4,508;1,14;A836;4311007;Jaguarao;-32,535;-53,376;31,48;0,8;0;0,0;0,0;8,0;14,6;3,0;-7,188;0,0;16,856;88,667;-0,499;-0,867
2026-08-02;0,8;13,1;16,7;14,712;95,625;1014,433;3,833;5,04;A836;4311007;Jaguarao;-32,535;-53,376;31,48;11,6;1;8,0;0,0;8,8;15,4;3,0;8,829;1,0;16,953;91,111;-0,514;-0,858
2026-08-03;11,6;13,9;18,9;15,838;95,333;1013,633;2,792;4,72;A836;4311007;Jaguarao;-32,535;-53,376;31,48;10,0;1;0,8;8,0;20,4;21,8;3,0;-0,8;0,0;16,242;93,569;-0,529;-0,849
2026-08-04;10,0;15,5;18,7;17,021;97,125;1011,292;2,404;4,16;A836;4311007;Jaguarao;-32,535;-53,376;31,48;0,0;0;11,6;0,8;22,4;30,8;3,0;-2,342;0,0;15,857;96,028;-0,543;-0,84
2026-08-05;0,0;14,8;20,4;16,796;95,708;1010,125;2,196;6,46;A836;4311007;Jaguarao;-32,535;-53,376;31,48;19,9;1;10,0;11,6;21,6;30,4;3,0;-1,167;1,0;16,551;96,056;-0,557;-0,83
2026-08-06;19,9;14,7;26,2;18,175;93,25;1000,725;3,242;9,62;A836;4311007;Jaguarao;-32,535;-53,376;31,48;0,4;0;0,0;10,0;29,9;50,3;4,0;-9,4;0,0;17,331;95,361;-0,572;-0,82
2026-08-07;0,4;8,5;15,9;11,6;73,75;1005,3;6,362;15,12;A836;4311007;Jaguarao;-32,535;-53,376;31,48;0,0;0;19,9;0,0;20,3;50,7;4,0;4,575;1,0;15,524;87,569;-0,586;-0,811
2026-08-08;0,0;3,3;15,9;9,013;82,375;1006,417;2,446;11,04;A836;4311007;Jaguarao;-32,535;-53,376;31,48;0,0;0;0,4;19,9;20,3;42,7;3,0;1,117;2,0;12,929;83,125;-0,6;-0,8
2026-08-09;0,0;3,1;15,7;8,754;68,292;1015,992;3,283;16,16;A836;4311007;Jaguarao;-32,535;-53,376;31,48;0,0;0;0,0;0,4;0,4;41,9;3,0;9,575;3,0;9,789;74,806;-0,613;-0,79
2026-08-10;0,0;2,9;12,7;7,525;75,792;1028,442;3,038;13,38;A836;4311007;Jaguarao;-32,535;-53,376;31,48;0,0;0;0,0;0,0;0,0;30,3;2,0;12,45;4,0;8,431;75,486;-0,627;-0,779
2026-08-11;0,0;4,2;13,9;8,883;84,0;1028,754;1,808;9,07;A836;4311007;Jaguarao;-32,535;-53,376;31,48;4,4;1;0,0;0,0;0,0;20,3;1,0;0,312;5,0;8,388;76,028;-0,64;-0,768
2026-08-12;4,4;9,7;13,2;11,212;89,458;1019,542;3,692;2,36;A836;4311007;Jaguarao;-32,535;-53,376;31,48;3,0;1;0,0;0,0;4,4;24,7;2,0;-9,212;0,0;9,207;83,083;-0,653;-0,757
2026-08-13;3,0;10,5;13,4;11,483;91,0;1018,262;2,462;3,48;A836;4311007;Jaguarao;-32,535;-53,376;31,48;0,2;0;4,4;0,0;7,4;7,8;2,0;-1,279;0,0;10,526;88,153;-0,666;-0,746
2026-08-14;0,2;10,7;18,0;13,688;87,167;1020,85;3,483;9,43;A836;4311007;Jaguarao;-32,535;-53,376;31,48;0,0;0;3,0;4,4;7,6;7,6;2,0;2,588;1,0;12,128;89,208;-0,679;-0,734
2026-08-15;0,0;13,8;18,0;15,646;89,375;1016,325;5,258;5,28;A836;4311007;Jaguarao;-32,535;-53,376;31,48;38,9;1;0,2;3,0;3,2;7,6;2,0;-4,525;2,0;13,606;89,181;-0,691;-0,723
2026-08-16;38,9;16,8;19,2;17,667;96,333;1009,192;4,875;0,99;A836;4311007;Jaguarao;-32,535;-53,376;31,48;64,9;1;0,0;0,2;39,1;46,5;3,0;-7,133;0,0;15,667;90,958;-0,704;-0,711
2026-08-17;64,9;15,2;18,5;17,671;99,417;1009,0;3,029;0,52;A836;4311007;Jaguarao;-32,535;-53,376;31,48;70,0;1;38,9;0,0;103,8;111,4;4,0;-0,192;0,0;16,994;95,042;-0,716;-0,698
2026-08-18;70,0;13,0;17,3;15,6;100,0;1012,508;3,258;1,31;A836;4311007;Jaguarao;-32,535;-53,376;31,48;6,2;1;64,9;38,9;173,8;181,4;5,0;3,508;0,0;16,979;98,583;-0,728;-0,686
2026-08-19;6,2;11,9;14,0;12,771;97,125;1018,175;3,517;3,07;A836;4311007;Jaguarao;-32,535;-53,376;31,48;4,6;1;70,0;64,9;141,1;183,2;5,0;5,667;0,0;15,347;98,847;-0,739;-0,673
2026-08-20;4,6;13,0;20,2;15,14;94,533;1008,867;4,233;4,52;A836;4311007;Jaguarao;-32,535;-53,376;31,48;2,0;1;6,2;70,0;80,8;184,8;5,0;-9,308;0,0;14,504;97,219;-0,751;-0,66
2026-08-21;2,0;7,5;14,0;10,079;80,042;1014,267;5,712;11,71;A836;4311007;Jaguarao;-32,535;-53,376;31,48;0,0;0;4,6;6,2;12,8;186,6;6,0;5,4;0,0;12,663;90,567;-0,762;-0,647
2026-08-22;0,0;2,6;13,4;7,671;77,375;1020,908;3,538;15,57;A836;4311007;Jaguarao;-32,535;-53,376;31,48;0,0;0;2,0;4,6;6,6;186,6;6,0;6,642;1,0;10,963;83,983;-0,773;-0,634
2026-08-23;0,0;4,2;13,2;8,3;77,542;1021,292;3,783;15,54;A836;4311007;Jaguarao;-32,535;-53,376;31,48;0,0;0;0,0;2,0;2,0;147,7;5,0;0,383;2,0;8,683;78,319;-0,784;-0,621
2026-08-24;0,0;2,9;11,5;7,074;80,13;1023,957;1,496;12,3;A836;4311007;Jaguarao;-32,535;-53,376;31,48;0,0;0;0,0;0,0;0,0;82,8;4,0;2,665;3,0;7,682;78,349;-0,794;-0,607
2026-08-25;0,0;1,9;13,1;7,508;86,042;1020,067;1,5;10,35;A836;4311007;Jaguarao;-32,535;-53,376;31,48;0,0;0;0,0;0,0;0,0;12,8;3,0;-3,89;4,0;7,627;81,238;-0,805;-0,594
2026-08-26;0,0;8,3;19,4;12,938;90,625;1011,933;2,637;11,8;A836;4311007;Jaguarao;-32,535;-53,376;31,48;50,0;1;0,0;0,0;0,0;6,6;2,0;-8,133;5,0;9,173;85,599;-0,815;-0,58
2026-08-27;50,0;14,2;24,4;16,567;94,208;1002,312;3,292;3,09;A836;4311007;Jaguarao;-32,535;-53,376;31,48;52,9;1;0,0;0,0;50,0;52,0;2,0;-9,621;0,0;12,338;90,292;-0,825;-0,565
2026-08-28;52,9;12,6;15,7;13,567;99,917;1004,079;5,871;2,08;A836;4311007;Jaguarao;-32,535;-53,376;31,48;0,2;0;50,0;0,0;102,9;102,9;2,0;1,767;0,0;14,357;94,917;-0,834;-0,551
2026-08-29;0,2;12,1;17,1;13,808;93,292;1010,296;2,708;9,34;A836;4311007;Jaguarao;-32,535;-53,376;31,48;0,0;0;52,9;50,0;103,1;103,1;2,0;6,217;1,0;14,647;95,806;-0,844;-0,537
2026-08-30;0,0;10,7;17,7;13,7;93,417;1014,512;2,075;9,21;A836;4311007;Jaguarao;-32,535;-53,376;31,48;0,2;0;0,2;52,9;53,1;103,1;2,0;4,217;2,0;13,692;95,542;-0,853;-0,522
2026-08-31;0,2;12,8;19,8;15,517;90,167;1011,95;3,692;11,21;A836;4311007;Jaguarao;-32,535;-53,376;31,48;;0;0,0;0,2;0,4;103,3;2,0;-2,562;3,0;14,342;92,292;-0,862;-0,507
2026-01-07;0,0;18,5;35,1;25,262;74,375;1000,692;1,029;25,23;A838;4303509;Camaqua;-30,808;-51,834;92,3;2,2;1;0,0;0,0;0,0;0,0;0,0;-3,646;7,0;21,778;73,194;0,12;0,993
2026-01-08;2,2;18,3;26,9;21,922;89,783;1004,526;1,022;11,93;A838;4303509;Camaqua;-30,808;-51,834;92,3;2,2;1;0,0;0,0;2,2;2,2;1,0;3,834;0,0;22,95;79,205;0,137;0,991
2026-01-09;2,2;20,3;26,1;22,908;93,083;1004,596;1,058;9,61;A838;4303509;Camaqua;-30,808;-51,834;92,3;21,5;1;2,2;0,0;4,4;4,4;2,0;0,07;0,0;23,364;85,747;0,154;0,988
2026-01-10;21,5;20,0;33,4;24,871;85,917;997,696;1,217;21,55;A838;4303509;Camaqua;-30,808;-51,834;92,3;0,4;0;2,2;2,2;25,9;25,9;3,0;-6,9;0,0;23,234;89,594;0,171;0,985
2026-01-11;0,4;19,9;30,5;24,533;81,25;996,146;1,067;27,95;A838;4303509;Camaqua;-30,808;-51,834;92,3;0,4;0;21,5;2,2;24,1;26,3;3,0;-1,55;1,0;24,104;86,75;0,188;0,982
2026-01-12;0,4;18,8;27,8;22,467;85,125;999,971;0,737;17,35;A838;4303509;Camaqua;-30,808;-51,834;92,3;0,0;0;0,4;21,5;22,3;26,7;3,0;3,825;2,0;23,957;84,097;0,205;0,979
2026-01-13;0,0;19,2;29,5;23,546;86,5;1001,117;0,608;20,36;A838;4303509;Camaqua;-30,808;-51,834;92,3;0,0;0;0,4;0,4;0,8;26,7;3,0;1,146;3,0;23,515;84,292;0,222;0,975
2026-01-14;0,0;21,0;33,6;26,287;81,833;1001,262;0,95;26,67;A838;4303509;Camaqua;-30,808;-51,834;92,3;0,0;0;0,0;0,4;0,4;26,7;3,0;0,146;4,0;24,1;84,486;0,239;0,971
2026-01-15;0,0;21,1;35,2;27,558;79,292;999,854;0,854;22,35;A838;4303509;Camaqua;-30,808;-51,834;92,3;16,4;1;0,0;0,0;0,0;24,5;2,0;-1,408;5,0;25,797;82,542;0,255;0,967
2026-01-16;16,4;22,0;31,8;24,992;89,583;1000,721;0,891;11,97;A838;4303509;Camaqua;-30,808;-51,834;92,3;0,0;0;0,0;0,0;16,4;38,7;2,0;0,867;0,0;26,279;83,569;0,272;0,962
2026-01-17;0,0;20,7;28,8;23,892;91,667;1001,262;0,692;15,61;A838;4303509;Camaqua;-30,808;-51,834;92,3;2,0;1;16,4;0,0;16,4;17,2;1,0;0,542;1,0;25,481;86,847;0,288;0,958
2026-01-18;2,0;22,1;28,6;24,338;87,375;998,433;1,242;21,51;A838;4303509;Camaqua;-30,808;-51,834;92,3;2,6;1;0,0;16,4;18,4;18,8;2,0;-2,829;0,0;24,407;89,542;0,305;0,952
2026-01-19;2,6;14,8;25,0;20,304;74,783;1005,93;1,273;27,37;A838;4303509;Camaqua;-30,808;-51,834;92,3;0,0;0;2,0;0,0;4,6;21,0;3,0;7,497;0,0;22,845;84,608;0,321;0,947
2026-01-20;0,0;14,5;25,9;19,148;79,957;1007,27;0,788;22,85;A838;4303509;Camaqua;-30,808;-51,834;92,3;1,0;1;2,6;2,0;4,6;21,0;3,0;1,339;1,0;21,263;80,705;0,337;0,941
2026-01-21;1,0;14,9;25,1;19,638;83,458;1007,188;0,832;23,69;A838;4303509;Camaqua;-30,808;-51,834;92,3;0,0;0;0,0;2,6;3,6;22,0;4,0;-0,082;0,0;19,697;79,399;0,353;0,935
2026-01-22;0,0;15,4;27,4;21,583;75,417;1006,662;0,941;29,07;A838;4303509;Camaqua;-30,808;-51,834;92,3;0,0;0;1,0;0,0;1,0;22,0;4,0;-0,525;1,0;20,123;79,611;0,369;0,929
2026-01-23;0,0;16,3;27,1;21,537;79,333;1007,304;0,859;24,32;A838;4303509;Camaqua;-30,808;-51,834;92,3;0,0;0;0,0;1,0;1,0;5,6;3,0;0,642;2,0;20,919;79,403;0,385;0,923
2026-01-24;0,0;16,6;29,0;22,683;76,208;1006,175;1,075;26,94;A838;4303509;Camaqua;-30,808;-51,834;92,3;0,0;0;0,0;0,0;0,0;5,6;3,0;-1,129;3,0;21,935;76,986;0,401;0,916
2026-01-25;0,0;18,6;30,8;23,883;83,083;1005,858;1,216;25,4;A838;4303509;Camaqua;-30,808;-51,834;92,3;0,0;0;0,0;0,0;0,0;3,6;2,0;-0,317;4,0;22,701;79,542;0,417;0,909
2026-01-26;0,0;19,4;32,6;25,196;78,958;1004,829;1,296;28,4;A838;4303509;Camaqua;-30,808;-51,834;92,3;0,0;0;0,0;0,0;0,0;1,0;1,0;-1,029;5,0;23,921;79,417;0,432;0,902
2026-01-27;0,0;20,1;34,0;25,65;81,083;1003,383;0,812;26,67;A838;4303509;Camaqua;-30,808;-51,834;92,3;0,0;0;0,0;0,0;0,0;1,0;1,0;-1,446;6,0;24,91;81,042;0,448;0,894
2026-01-28;0,0;22,5;32,8;26,454;80,583;1002,304;0,796;21,73;A838;4303509;Camaqua;-30,808;-51,834;92,3;0,0;0;0,0;0,0;0,0;0,0;0,0;-1,079;7,0;25,767;80,208;0,463;0,886
2026-01-29;0,0;22,4;29,2;24,442;88,125;1002,192;0,764;14,61;A838;4303509;Camaqua;-30,808;-51,834;92,3;13,2;1;0,0;0,0;0,0;0,0;0,0;-0,113;8,0;25,515;83,264;0,478;0,878
2026-01-30;13,2;21,2;28,8;24,033;88,375;1001,25;0,9;22,52;A838;4303509;Camaqua;-30,808;-51,834;92,3;3,2;1;0,0;0,0;13,2;13,2;1,0;-0,942;0,0;24,976;85,694;0,493;0,87
2026-01-31;3,2;18,3;27,3;22,254;87,292;998,567;0,867;19,35;A838;4303509;Camaqua;-30,808;-51,834;92,3;0,2;0;13,2;0,0;16,4;16,4;2,0;-2,683;0,0;23,576;87,931;0,508;0,861
2026-02-01;0,2;17,8;28,3;21,904;84,917;995,717;1,125;21,14;A838;4303509;Camaqua;-30,808;-51,834;92,3;0,2;0;3,2;13,2;16,6;16,6;2,0;-2,85;1,0;22,731;86,861;0,523;0,852
2026-02-02;0,2;18,4;30,6;23,133;83,625;997,767;0,716;25,57;A838;4303509;Camaqua;-30,808;-51,834;92,3;0,0;0;0,2;3,2;3,6;16,8;2,0;2,05;2,0;22,431;85,278;0,538;0,843
2026-02-03;0,0;18,8;32,7;25,233;75,583;997,121;0,954;29,63;A838;4303509;Camaqua;-30,808;-51,834;92,3;0,0;0;0,2;0,2;0,4;16,8;2,0;-0,646;3,0;23,424;81,375;0,552;0,834
2026-02-04;0,0;17,9;32,8;25,037;76,208;998,896;1,033;26,23;A838;4303509;Camaqua;-30,808;-51,834;92,3;0,0;0;0,0;0,2;0,2;16,8;2,0;1,775;4,0;24,468;78,472;0,566;0,824
2026-02-05;0,0;20,8;33,6;26,358;78,792;1000,5;1,121;28,88;A838;4303509;Camaqua;-30,808;-51,834;92,3;0,0;0;0,0;0,0;0,0;16,8;2,0;1,604;5,0;25,543;76,861;0,58;0,814
2026-02-06;0,0;20,0;34,2;25,612;82,25;1000,071;1,367;23,39;A838;4303509;Camaqua;-30,808;-51,834;92,3;6,5;1;0,0;0,0;0,0;3,6;1,0;-0,429;6,0;25,669;79,083;0,594;0,804
2026-02-07;6,5;16,7;26,7;21,975;80,458;1004,292;1,085;18,04;A838;4303509;Camaqua;-30,808;-51,834;92,3;0,0;0;0,0;0,0;6,5;6,9;1,0;4,221;0,0;24,649;80,5;0,608;0,794
2026-02-08;0,0;14,2;28,6;21,121;76,458;1005,279;1,158;0,0;A838;4303509;Camaqua;-30,808;-51,834;92,3;0,0;0;6,5;0,0;6,5;6,7;1,0;0,988;1,0;22,903;79,722;0,622;0,783
2026-02-09;0,0;17,3;30,1;23,162;79,292;1002,05;1,367;0,0;A838;4303509;Camaqua;-30,808;-51,834;92,3;0,0;0;0,0;6,5;6,5;6,5;1,0;-3,229;2,0;22,086;78,736;0,635;0,772
2026-02-10;0,0;20,6;34,3;26,071;78,292;998,129;0,871;0,0;A838;4303509;Camaqua;-30,808;-51,834;92,3;0,0;0;0,0;0,0;0,0;6,5;1,0;-3,921;3,0;23,451;78,014;0,648;0,761
2026-02-11;0,0;20,9;38,0;28,633;69,458;996,817;0,929;0,0;A838;4303509;Camaqua;-30,808;-51,834;92,3;0,2;0;0,0;0,0;0,0;6,5;1,0;-1,312;4,0;25,956;75,681;0,661;0,75
2026-02-12;0,2;21,3;37,1;26,933;75,667;999,496;1,088;0,0;A838;4303509;Camaqua;-30,808;-51,834;92,3;1,2;1;0,0;0,0;0,2;6,7;1,0;2,679;5,0;27,213;74,472;0,674;0,739
2026-02-13;1,2;19,8;29,5;23,862;83,292;1004,058;0,875;0,0;A838;4303509;Camaqua;-30,808;-51,834;92,3;0,0;0;0,2;0,0;1,4;7,9;2,0;4,562;0,0;26,476;76,139;0,687;0,727
2026-02-14;0,0;21,0;24,7;22,629;80,583;1008,446;1,079;0,0;A838;4303509;Camaqua;-30,808;-51,834;92,3;0,0;0;1,2;0,2;1,4;1,4;1,0;4,387;1,0;24,475;79,847;0,699;0,715
2026-02-15;0,0;20,8;30,8;24,983;81,417;1004,146;1,312;0,0;A838;4303509;Camaqua;-30,808;-51,834;92,3;1,6;1;0,0;1,2;1,2;1,4;1,0;-4,3;2,0;23,825;81,764;0,711;0,703
2026-02-16;1,6;21,1;32,1;25,321;87,292;1000,908;0,8;0,0;A838;4303509;Camaqua;-30,808;-51,834;92,3;0,2;0;0,0;0,0;1,6;3,0;2,0;-3,238;0,0;24,311;83,097;0,723;0,691
2026-02-17;0,2;21,6;30,5;24,438;92,167;1001,671;0,592;0,0;A838;4303509;Camaqua;-30,808;-51,834;92,3;0,0;0;1,6;0,0;1,8;3,2;2,0;0,762;1,0;24,914;86,958;0,735;0,678
2026-02-18;0,0;21,9;31,4;25,321;80,458;1001,65;0,938;0,0;A838;4303509;Camaqua;-30,808;-51,834;92,3;0,2;0;0,2;1,6;1,8;3,2;2,0;-0,021;2,0;25,026;86,639;0,747;0,665
2026-02-19;0,2;18,4;30,6;23,55;81,375;1000,179;0,627;0,0;A838;4303509;Camaqua;-30,808;-51,834;92,3;5,5;1;0,0;0,2;0,4;3,2;2,0;-1,471;3,0;24,436;84,667;0,758;0,652
2026-02-20;5,5;20,5;28,3;23,429;85,958;1000,629;0,983;0,0;A838;4303509;Camaqua;-30,808;-51,834;92,3;0,0;0;0,2;0,0;5,7;7,5;2,0;0,45;0,0;24,1;82,597;0,769;0,639
2026-02-21;0,0;17,9;30,1;23,017;80,292;1004,825;1,046;0,0;A838;4303509;Camaqua;-30,808;-51,834;92,3;0,0;0;5,5;0,2;5,7;7,5;2,0;4,196;1,0;23,332;82,542;0,78;0,626
2026-02-22;0,0;17,7;29,4;23,333;80,125;1005,675;0,8;0,0;A838;4303509;Camaqua;-30,808;-51,834;92,3;0,0;0;0,0;5,5;5,5;7,5;2,0;0,85;2,0;23,26;82,125;0,791;0,612
2026-02-23;0,0;19,5;30,4;24,525;75,042;1002,633;1,012;0,0;A838;4303509;Camaqua;-30,808;-51,834;92,3;3,8;1;0,0;0,0;0,0;5,9;1,0;-3,042;3,0;23,625;78,486;0,801;0,599
2026-02-24;3,8;21,4;25,4;23,033;90,708;998,146;;0,0;A838;4303509;Camaqua;-30,808;-51,834;92,3;1,0;1;0,0;0,0;3,8;9,5;2,0;-4,487;0,0;23,631;81,958;0,811;0,585
2026-02-25;1,0;18,8;27,6;21,6;91,167;997,262;1,196;0,0;A838;4303509;Camaqua;-30,808;-51,834;92,3;0,0;0;3,8;0,0;4,8;10,5;3,0;-0,883;0,0;23,053;85,639;0,821;0,571
2026-02-26;0,0;14,3;26,5;19,575;75,917;1000,85;0,929;0,0;A838;4303509;Camaqua;-30,808;-51,834;92,3;0,0;0;1,0;3,8;4,8;10,3;3,0;3,588;1,0;21,403;85,931;0,831;0,557
2026-02-27;0,0;12,5;27,7;18,921;79,958;1002,538;3,14;0,0;A838;4303509;Camaqua;-30,808;-51,834;92,3;0,0;0;0,0;1,0;1,0;4,8;2,0;1,688;2,0;20,032;82,347;0,84;0,542
2026-02-28;0,0;15,1;28,4;20,854;75,25;1003,142;2,938;0,0;A838;4303509;Camaqua;-30,808;-51,834;92,3;0,0;0;0,0;0,0;0,0;4,8;2,0;0,604;3,0;19,783;77,042;0,849;0,528
2026-03-01;0,0;15,6;28,9;21,588;75,333;1003,758;2,306;0,0;A838;4303509;Camaqua;-30,808;-51,834;92,3;0,0;0;0,0;0,0;0,0;4,8;2,0;0,617;4,0;20,454;76,847;0,858;0,513
2026-03-02;0,0;17,1;29,0;22,408;73,75;1001,742;1,617;0,0;A838;4303509;Camaqua;-30,808;-51,834;92,3;0,0;0;0,0;0,0;0,0;4,8;2,0;-2,017;5,0;21,617;74,778;0,867;0,498
2026-03-03;0,0;18,6;31,5;24,296;72,917;1000,533;0,9;0,0;A838;4303509;Camaqua;-30,808;-51,834;92,3;10,2;1;0,0;0,0;0,0;1,0;1,0;-1,208;6,0;22,764;74,0;0,876;0,483
2026-03-04;10,2;19,5;33,4;24,342;81,542;1000,829;0,791;0,0;A838;4303509;Camaqua;-30,808;-51,834;92,3;0,2;0;0,0;0,0;10,2;10,2;1,0;0,296;0,0;23,682;76,069;0,884;0,468
2026-03-05;0,2;20,3;29,8;24,029;85,5;1002,646;0,979;0,0;A838;4303509;Camaqua;-30,808;-51,834;92,3;0,0;0;10,2;0,0;10,4;10,4;1,0;1,817;1,0;24,222;79,986;0,892;0,453
2026-03-06;0,0;20,0;29,4;23,996;85,375;1002,925;1,125;0,0;A838;4303509;Camaqua;-30,808;-51,834;92,3;1,0;1;0,2;10,2;10,4;10,4;1,0;0,279;2,0;24,122;84,139;0,899;0,437
2026-03-07;1,0;20,7;29,1;23,208;90,125;999,075;1,037;0,0;A838;4303509;Camaqua;-30,808;-51,834;92,3;0,6;0;0,0;0,2;1,2;11,4;2,0;-3,85;0,0;23,744;87,0;0,907;0,422
2026-03-08;0,6;17,9;26,7;21,138;85,417;1003,429;0,429;0,0;A838;4303509;Camaqua;-30,808;-51,834;92,3;0,2;0;1,0;0,0;1,6;12,0;2,0;4,354;1,0;22,781;86,972;0,914;0,406
2026-03-09;0,2;14,9;24,0;18,875;83,125;1007,979;0,821;0,0;A838;4303509;Camaqua;-30,808;-51,834;92,3;4,0;1;0,6;1,0;1,8;12,2;2,0;4,55;2,0;21,074;86,222;0,921;0,39
2026-03-10;4,0;18,5;24,0;20,179;94,417;1007,533;0,496;0,0;A838;4303509;Camaqua;-30,808;-51,834;92,3;0,6;0;0,2;0,6;4,8;16,2;3,0;-0,446;0,0;20,064;87,653;0,927;0,374
2026-03-11;0,6;19,1;28,4;22,321;85,125;1004,171;0,633;0,55;A838;4303509;Camaqua;-30,808;-51,834;92,3;0,0;0;4,0;0,2;4,8;6,6;2,0;-3,363;1,0;20,458;87,556;0,934;0,358
2026-03-12;0,0;19,0;29,3;22,567;83,958;1002,146;1,192;14,6;A838;4303509;Camaqua;-30,808;-51,834;92,3;0,0;0;0,6;4,0;4,6;6,4;2,0;-2,025;2,0;21,689;87,833;0,94;0,342
2026-03-13;0,0;17,9;30,8;22,6;82,5;1000,754;1,012;21,1;A838;4303509;Camaqua;-30,808;-51,834;92,3;0,0;0;0,0;0,6;0,6;6,4;2,0;-1,392;3,0;22,496;83,861;0,945;0,326
2026-03-14;0,0;17,1;31,0;22,279;80,542;999,217;0,808;24,29;A838;4303509;Camaqua;-30,808;-51,834;92,3;0,0;0;0,0;0,0;0,0;5,4;1,0;-1,537;4,0;22,482;82,333;0,951;0,31
2026-03-15;0,0;17,6;32,7;23,6;77,292;998,267;0,788;23,36;A838;4303509;Camaqua;-30,808;-51,834;92,3;0,0;0;0,0;0,0;0,0;4,8;1,0;-0,95;5,0;22,826;80,111;0,956;0,293
2026-03-16;0,0;21,6;33,9;26,029;81,042;999,804;1,192;20,68;A838;4303509;Camaqua;-30,808;-51,834;92,3;3,0;1;0,0;0,0;0,0;4,6;1,0;1,537;6,0;23,969;79,625;0,961;0,277
2026-03-17;3,0;23,8;28,2;25,033;92,542;999,917;0,783;5,03;A838;4303509;Camaqua;-30,808;-51,834;92,3;3,2;1;0,0;0,0;3,0;3,6;1,0;0,112;0,0;24,888;83,625;0,966;0,26
2026-03-18;3,2;21,3;31,2;24,7;90,5;999,067;0,987;13,77;A838;4303509;Camaqua;-30,808;-51,834;92,3;0,0;0;3,0;0,0;6,2;6,2;2,0;-0,85;0,0;25,254;88,028;0,97;0,244
2026-03-19;0,0;20,5;30,8;23,733;86,458;999,9;1,175;15,58;A838;4303509;Camaqua;-30,808;-51,834;92,3;0,2;0;3,2;3,0;6,2;6,2;2,0;0,833;1,0;24,489;89,833;0,974;0,227
2026-03-20;0,2;18,7;31,4;23,208;88,292;999,767;1,038;15,9;A838;4303509;Camaqua;-30,808;-51,834;92,3;4,1;1;0,0;3,2;3,4;6,4;2,0;-0,133;2,0;23,881;88,417;0,978;0,21
2026-03-21;4,1;21,4;35,4;25,7;80,917;997,038;1,621;18,15;A838;4303509;Camaqua;-30,808;-51,834;92,3;3,4;1;0,2;0,0;4,3;10,5;3,0;-2,729;0,0;24,214;85,222;0,981;0,193
2026-03-22;3,4;19,5;26,6;22,346;93,0;1000,967;1,012;6,13;A838;4303509;Camaqua;-30,808;-51,834;92,3;3,0;1;4,1;0,2;7,7;13,9;4,0;3,929;0,0;23,751;87,403;0,984;0,176
2026-03-23;3,0;20,6;33,7;23,85;91,708;998,854;0,788;9,62;A838;4303509;Camaqua;-30,808;-51,834;92,3;4,6;1;3,4;4,1;10,5;16,9;5,0;-2,113;0,0;23,965;88,542;0,987;0,16
2026-03-24;4,6;17,0;30,0;21,804;82,5;1000,283;0,987;17,74;A838;4303509;Camaqua;-30,808;-51,834;92,3;26,5;1;3,0;3,4;11,0;18,5;5,0;1,429;0,0;22,667;89,069;0,99;0,143
2026-03-25;26,5;16,6;24,9;18,912;96,667;1004,646;0,35;3,27;A838;4303509;Camaqua;-30,808;-51,834;92,3;6,4;1;4,6;3,0;34,1;41,8;5,0;4,363;0,0;21,522;90,292;0,992;0,125
2026-03-26;6,4;18,9;26,9;20,896;100,0;1005,721;0,392;3,32;A838;4303509;Camaqua;-30,808;-51,834;92,3;0,0;0;26,5;4,6;37,5;48,2;6,0;1,075;0,0;20,537;93,056;0,994;0,108
2026-03-27;0,0;22,6;36,0;25,871;91,167;1004,633;0,6;16,63;A838;4303509;Camaqua;-30,808;-51,834;92,3;0,2;0;6,4;26,5;32,9;48,0;6,0;-1,087;1,0;21,893;95,944;0,996;0,091
2026-03-28;0,2;22,3;34,6;25,871;90,542;1005,654;0,642;16,42;A838;4303509;Camaqua;-30,808;-51,834;92,3;0,6;0;0,0;6,4;6,6;44,1;5,0;1,021;2,0;24,213;93,903;0,997;0,074
2026-03-29;0,6;23,6;32,3;25,717;93,458;1006,025;0,767;13,3;A838;4303509;Camaqua;-30,808;-51,834;92,3;0,6;0;0,2;0,0;0,8;41,3;4,0;0,371;3,0;25,819;91,722;0,998;0,057
2026-03-30;0,6;23,1;29,0;24,938;92,333;1005,333;0,742;9,56;A838;4303509;Camaqua;-30,808;-51,834;92,3;0,0;0;0,6;0,2;1,4;38,9;3,0;-0,692;4,0;25,508;92,111;0,999;0,04
2026-03-31;0,0;19,9;28,4;24,058;86,042;1002,975;1,388;18,76;A838;4303509;Camaqua;-30,808;-51,834;92,3;0,0;0;0,6;0,6;1,2;34,3;2,0;-2,358;5,0;24,904;90,611;1,0;0,023
2026-04-01;0,0;17,7;29,7;22,804;83,625;1000,442;0,883;17,53;A838;4303509;Camaqua;-30,808;-51,834;92,3;0,0;0;0,0;0,6;0,6;7,8;1,0;-2,533;6,0;23,933;87,333;1,0;0,005
2026-04-02;0,0;18,5;30,0;22,679;86,542;1000,15;0,692;16,49;A838;4303509;Camaqua;-30,808;-51,834;92,3;0,0;0;0,0;0,0;0,0;1,4;0,0;-0,292;7,0;23,181;85,403;1,0;-0,012
2026-04-03;0,0;18,2;30,9;22,75;86,417;1002,158;0,792;17,59;A838;4303509;Camaqua;-30,808;-51,834;92,3;12,2;1;0,0;0,0;0,0;1,4;0,0;2,008;8,0;22,744;85,528;1,0;-0,029
2026-04-04;12,2;19,0;30,5;23,154;90,083;1003,3;0,867;12,32;A838;4303509;Camaqua;-30,808;-51,834;92,3;7,0;1;0,0;0,0;12,2;13,4;1,0;1,142;0,0;22,861;87,681;0,999;-0,046
2026-04-05;7,0;16,9;21,1;18,692;92,125;1009,729;1,221;6,39;A838;4303509;Camaqua;-30,808;-51,834;92,3;0,0;0;12,2;0,0;19,2;19,8;2,0;6,429;0,0;21,532;89,542;0,998;-0,063
2026-04-06;0,0;17,7;24,6;21,033;82,125;1007,688;1,275;6,93;A838;4303509;Camaqua;-30,808;-51,834;92,3;24,0;1;7,0;12,2;19,2;19,2;2,0;-2,042;1,0;20,96;88,111;0,997;-0,081
2026-04-07;24,0;20,5;23,1;21,342;96,875;999,85;1,533;2,15;A838;4303509;Camaqua;-30,808;-51,834;92,3;0,0;0;0,0;7,0;31,0;43,2;3,0;-7,837;0,0;20,356;90,375;0,995;-0,098
2026-04-08;0,0;19,3;25,4;21,408;82,542;995,292;1,967;15,08;A838;4303509;Camaqua;-30,808;-51,834;92,3;2,0;1;24,0;0,0;24,0;43,2;3,0;-4,558;1,0;21,261;87,181;0,993;-0,115
2026-04-09;2,0;15,1;24,8;19,071;83,542;1004,025;1,075;17,73;A838;4303509;Camaqua;-30,808;-51,834;92,3;0,2;0;0,0;24,0;26,0;45,2;4,0;8,733;0,0;20,607;87,653;0,991;-0,132
2026-04-10;0,2;12,7;24,4;17,408;81,792;1008,692;0,908;18,49;A838;4303509;Camaqua;-30,808;-51,834;92,3;0,0;0;2,0;0,0;2,2;45,4;4,0;4,667;1,0;19,296;82,625;0,989;-0,149
2026-04-11;0,0;10,7;26,9;17,608;82,375;1008,829;1,888;18,65;A838;4303509;Camaqua;-30,808;-51,834;92,3;1,6;1;0,2;2,0;2,2;33,2;3,0;0,138;2,0;18,029;82,569;0,986;-0,166
2026-04-12;1,6;18,2;26,1;21,246;86,625;1006,408;0,958;9,66;A838;4303509;Camaqua;-30,808;-51,834;92,3;0,0;0;0,0;0,2;1,8;27,8;3,0;-2,421;0,0;18,754;83,597;0,983;-0,183
2026-04-13;0,0;18,0;27,9;21,708;87,208;1006,142;0,638;11,22;A838;4303509;Camaqua;-30,808;-51,834;92,3;0,0;0;1,6;0,0;1,6;27,8;3,0;-0,267;1,0;20,188;85,403;0,98;-0,2
2026-04-14;0,0;19,7;29,1;22,733;88,958;1004,954;0,833;14,57;A838;4303509;Camaqua;-30,808;-51,834;92,3;0,0;0;0,0;1,6;1,6;3,8;2,0;-1,188;2,0;21,896;87,597;0,976;-0,217
2026-04-15;0,0;21,4;28,0;23,204;84,208;1002,996;1,638;12,64;A838;4303509;Camaqua;-30,808;-51,834;92,3;10,4;1;0,0;0,0;0,0;3,8;2,0;-1,958;3,0;22,549;86,792;0,972;-0,233
2026-04-16;10,4;20,9;25,8;22,196;92,0;998,658;1,088;5,85;A838;4303509;Camaqua;-30,808;-51,834;92,3;0,2;0;0,0;0,0;10,4;12,2;2,0;-4,338;0,0;22,711;88,389;0,968;-0,25
2026-04-17;0,2;18,8;28,1;22,075;84,833;995,529;1,05;15,33;A838;4303509;Camaqua;-30,808;-51,834;92,3;0,0;0;10,4;0,0;10,6;12,2;2,0;-3,129;1,0;22,492;87,014;0,964;-0,267
2026-04-18;0,0;15,9;26,8;20,671;78,917;998,062;1,021;17,93;A838;4303509;Camaqua;-30,808;-51,834;92,3;0,0;0;0,2;10,4;10,6;12,2;2,0;2,533;2,0;21,647;85,25;0,959;-0,283
2026-04-19;0,0;14,5;28,1;20,088;80,417;1001,829;1,121;17,56;A838;4303509;Camaqua;-30,808;-51,834;92,3;0,0;0;0,0;0,2;0,2;10,6;1,0;3,767;3,0;20,944;81,389;0,954;-0,3
2026-04-20;0,0;14,4;26,1;19,279;88,167;1005,075;0,95;12,49;A838;4303509;Camaqua;-30,808;-51,834;92,3;0,0;0;0,0;0,0;0,0;10,6;1,0;3,246;4,0;20,012;82,5;0,949;-0,316
2026-04-21;0,0;19,1;24,9;21,112;93,708;1005,096;0,475;5,7;A838;4303509;Camaqua;-30,808;-51,834;92,3;0,2;0;0,0;0,0;0,0;10,6;1,0;0,021;5,0;20,16;87,431;0,943;-0,332
2026-04-22;0,2;17,3;29,5;21,867;88,333;1004,379;0,683;13,83;A838;4303509;Camaqua;-30,808;-51,834;92,3;0,2;0;0,0;0,0;0,2;10,8;1,0;-0,717;6,0;20,753;90,069;0,937;-0,348
2026-04-23;0,2;18,5;20,8;19,542;93,167;1008,712;0,792;3,04;A838;4303509;Camaqua;-30,808;-51,834;92,3;15,5;1;0,2;0,0;0,4;0,6;0,0;4,333;7,0;20,84;91,736;0,931;-0,364
2026-04-24;15,5;18,2;20,9;18,875;97,583;1007,192;0,56;2,91;A838;4303509;Camaqua;-30,808;-51,834;92,3;1,2;1;0,2;0,2;15,9;15,9;1,0;-1,521;0,0;20,094;93,028;0,925;-0,38
2026-04-25;1,2;18,5;26,1;20,496;93,292;1001,958;;11,82;A838;4303509;Camaqua;-30,808;-51,834;92,3;0,2;0;15,5;0,2;16,9;17,1;2,0;-5,233;0,0;19,638;94,681;0,918;-0,396
2026-04-26;0,2;15,7;26,9;20,029;87,292;998,775;;15,14;A838;4303509;Camaqua;-30,808;-51,834;92,3;0,0;0;1,2;15,5;16,9;17,3;2,0;-3,183;1,0;19,8;92,722;0,911;-0,412
2026-04-27;0,0;8,8;19,5;15,029;63,042;1003,033;;17,51;A838;4303509;Camaqua;-30,808;-51,834;92,3;0,0;0;0,2;1,2;1,4;17,3;2,0;4,258;2,0;18,518;81,208;0,904;-0,428
2026-04-28;0,0;6,8;20,2;12,096;75,083;1007,879;;16,94;A838;4303509;Camaqua;-30,808;-51,834;92,3;0,0;0;0,0;0,2;0,2;17,3;2,0;4,846;3,0;15,718;75,139;0,896;-0,443
2026-04-29;0,0;7,1;23,8;13,763;76,083;1005,071;;16,54;A838;4303509;Camaqua;-30,808;-51,834;92,3;0,0;0;0,0;0,0;0,0;17,1;2,0;-2,808;4,0;13,629;71,403;0,889;-0,458
2026-04-30;0,0;10,4;26,1;16,421;75,792;1006,0;;16,39;A838;4303509;Camaqua;-30,808;-51,834;92,3;37,1;1;0,0;0,0;0,0;16,9;2,0;0,929;5,0;14,093;75,653;0,881;-0,474
2026-05-01;37,1;13,0;22,1;16,742;93,417;1005,225;;3,62;A838;4303509;Camaqua;-30,808;-51,834;92,3;17,7;1;0,0;0,0;37,1;38,5;2,0;-0,775;0,0;15,642;81,764;0,872;-0,489
2026-05-02;17,7;11,6;19,9;17,562;94,0;1004,583;;5,24;A838;4303509;Camaqua;-30,808;-51,834;92,3;0,0;0;37,1;0,0;54,8;55,0;2,0;-0,642;0,0;16,908;87,736;0,864;-0,504
2026-05-03;0,0;6,2;19,8;12,038;73,75;1013,367;;16,44;A838;4303509;Camaqua;-30,808;-51,834;92,3;0,0;0;17,7;37,1;54,8;54,8;2,0;8,783;1,0;15,447;87,056;0,855;-0,519
2026-05-04;0,0;6,9;26,3;14,438;87,458;1006,188;;14,61;A838;4303509;Camaqua;-30,808;-51,834;92,3;0,0;0;0,0;17,7;17,7;54,8;2,0;-7,179;2,0;14,679;85,069;0,846;-0,533
2026-05-05;0,0;18,0;31,3;22,496;88,0;1004,304;;13,1;A838;4303509;Camaqua;-30,808;-51,834;92,3;0,0;0;0,0;0,0;0,0;54,8;2,0;-1,883;3,0;16,324;83,069;0,837;-0,548
2026-05-06;0,0;20,2;32,7;23,617;87,458;1003,892;;12,69;A838;4303509;Camaqua;-30,808;-51,834;92,3;0,0;0;0,0;0,0;0,0;54,8;2,0;-0,412;4,0;20,183;87,639;0,827;-0,562
2026-05-07;0,0;21,2;30,6;24,45;78,833;994,379;;7,42;A838;4303509;Camaqua;-30,808;-51,834;92,3;4,2;1;0,0;0,0;0,0;54,8;2,0;-9,513;5,0;23,521;84,764;0,817;-0,576
2026-05-08;4,2;12,1;24,0;16,679;75,083;993,788;;15,71;A838;4303509;Camaqua;-30,808;-51,834;92,3;0,0;0;0,0;0,0;4,2;21,9;2,0;-0,592;0,0;21,582;80,458;0,807;-0,59
2026-05-09;0,0;5,8;18,6;12,104;62,125;1003,942;;14,07;A838;4303509;Camaqua;-30,808;-51,834;92,3;0,0;0;4,2;0,0;4,2;4,2;1,0;10,154;1,0;17,744;72,014;0,797;-0,604
2026-05-10;0,0;8,4;15,3;10,883;72,708;1009,892;;11,02;A838;4303509;Camaqua;-30,808;-51,834;92,3;0,0;0;0,0;4,2;4,2;4,2;1,0;5,95;2,0;13,222;69,972;0,787;-0,617
2026-05-11;0,0;5,9;17,6;10,612;71,625;1010,225;;15,52;A838;4303509;Camaqua;-30,808;-51,834;92,3;0,0;0;0,0;0,0;0,0;4,2;1,0;0,333;3,0;11,2;68,819;0,776;-0,631
2026-05-12;0,0;5,8;21,9;11,917;75,25;1008,042;;15,12;A838;4303509;Camaqua;-30,808;-51,834;92,3;0,0;0;0,0;0,0;0,0;4,2;1,0;-2,183;4,0;11,138;73,194;0,765;-0,644
2026-05-13;0,0;8,3;21,5;13,729;74,417;1006,204;;14,52;A838;4303509;Camaqua;-30,808;-51,834;92,3;0,0;0;0,0;0,0;0,0;4,2;1,0;-1,837;5,0;12,086;73,764;0,754;-0,657
2026-05-14;0,0;9,4;18,2;12,621;91,458;1008,038;;6,14;A838;4303509;Camaqua;-30,808;-51,834;92,3;0,0;0;0,0;0,0;0,0;4,2;1,0;1,833;6,0;12,756;80,375;0,742;-0,67
2026-05-15;0,0;7,4;18,9;11,4;87,417;1010,217;;11,98;A838;4303509;Camaqua;-30,808;-51,834;92,3;0,0;0;0,0;0,0;0,0;0,0;0,0;2,179;7,0;12,583;84,431;0,731;-0,683
2026-05-16;0,0;7,7;21,8;12,7;91,917;1006,55;;10,8;A838;4303509;Camaqua;-30,808;-51,834;92,3;0,8;0;0,0;0,0;0,0;0,0;0,0;-3,667;8,0;12,24;90,264;0,719;-0,695
2026-05-17;0,8;13,7;17,1;14,754;93,792;1006,738;;1,83;A838;4303509;Camaqua;-30,808;-51,834;92,3;0,2;0;0,0;0,0;0,8;0,8;0,0;0,188;9,0;12,951;91,042;0,707;-0,707
2026-05-18;0,2;7,3;20,0;12,279;81,458;1012,604;;13,55;A838;4303509;Camaqua;-30,808;-51,834;92,3;0,2;0;0,8;0,0;1,0;1,0;0,0;5,867;10,0;13,244;89,056;0,694;-0,72
2026-05-19;0,2;5,2;19,0;10,138;82,542;1013,125;;14,11;A838;4303509;Camaqua;-30,808;-51,834;92,3;0,0;0;0,2;0,8;1,2;1,2;0,0;0,521;11,0;12,39;85,931;0,682;-0,731
2026-05-20;0,0;5,3;18,9;10,625;79,042;1012,088;;14,08;A838;4303509;Camaqua;-30,808;-51,834;92,3;0,0;0;0,2;0,2;0,4;1,2;0,0;-1,038;12,0;11,014;81,014;0,669;-0,743
2026-05-21;0,0;5,7;16,8;10,529;79,75;1016,129;;13,8;A838;4303509;Camaqua;-30,808;-51,834;92,3;0,4;0;0,0;0,2;0,2;1,2;0,0;4,042;13,0;10,431;80,444;0,656;-0,754
2026-05-22;0,4;5,7;17,9;10,321;93,208;1017,462;;6,81;A838;4303509;Camaqua;-30,808;-51,834;92,3;3,0;1;0,0;0,0;0,4;1,6;0,0;1,333;14,0;10,492;84,0;0,643;-0,766
2026-05-23;3,0;13,2;17,4;14,612;95,167;1015,25;;5,64;A838;4303509;Camaqua;-30,808;-51,834;92,3;0,4;0;0,4;0,0;3,4;4,6;1,0;-2,212;0,0;11,821;89,375;0,63;-0,777
2026-05-24;0,4;12,1;20,8;15,258;91,5;1012,646;;9,07;A838;4303509;Camaqua;-30,808;-51,834;92,3;0,0;0;3,0;0,4;3,8;4,2;1,0;-2,604;1,0;13,397;93,292;0,617;-0,787
2026-05-25;0,0;11,4;21,3;15,429;91,25;1010,379;;9,31;A838;4303509;Camaqua;-30,808;-51,834;92,3;11,7;1;0,4;3,0;3,4;4,0;1,0;-2,267;2,0;15,1;92,639;0,603;-0,798
2026-05-26;11,7;13,8;18,1;16,158;99,542;1008,321;;2,58;A838;4303509;Camaqua;-30,808;-51,834;92,3;0,0;0;0,0;0,4;12,1;15,5;2,0;-2,058;0,0;15,615;94,097;0,589;-0,808
2026-05-27;0,0;13,6;19,9;15,208;95,333;1012,158;;7,68;A838;4303509;Camaqua;-30,808;-51,834;92,3;0,2;0;11,7;0,0;11,7;15,5;2,0;3,837;1,0;15,599;95,375;0,575;-0,818
2026-05-28;0,2;13,1;18,9;14,542;94,583;1012,35;;4,86;A838;4303509;Camaqua;-30,808;-51,834;92,3;0,0;0;0,0;11,7;11,9;15,7;2,0;0,192;2,0;15,303;96,486;0,561;-0,828
2026-05-29;0,0;13,4;20,4;15,596;91,042;1012,192;;6,89;A838;4303509;Camaqua;-30,808;-51,834;92,3;0,2;0;0,2;0,0;0,2;15,3;2,0;-0,158;3,0;15,115;93,653;0,547;-0,837
2026-05-30;0,2;14,9;20,7;16,533;94,083;1011,158;;5,02;A838;4303509;Camaqua;-30,808;-51,834;92,3;0,0;0;0,0;0,2;0,4;12,5;1,0;-1,033;4,0;15,557;93,236;0,532;-0,847
2026-05-31;0,0;13,1;19,2;15,475;95,917;1010,067;;5,85;A838;4303509;Camaqua;-30,808;-51,834;92,3;1,6;1;0,2;0,0;0,2;12,1;1,0;-1,092;5,0;15,868;93,681;0,518;-0,856
2026-06-01;1,6;12,5;17,5;14,378;94,565;1012,113;;5,86;A838;4303509;Camaqua;-30,808;-51,834;92,3;3,6;1;0,0;0,2;1,8;13,7;2,0;2,046;0,0;15,462;94,855;0,503;-0,864
2026-06-02;3,6;9,6;17,1;12,608;99,167;1015,712;;4,54;A838;4303509;Camaqua;-30,808;-51,834;92,3;0,6;0;1,6;0,0;5,2;5,6;2,0;3,599;0,0;14,154;96,55;0,488;-0,873
2026-06-03;0,6;14,8;21,6;16,767;90,208;1015,292;;11,73;A838;4303509;Camaqua;-30,808;-51,834;92,3;0,0;0;3,6;1,6;5,8;6,2;2,0;-0,421;1,0;14,584;94,647;0,473;-0,881
2026-06-04;0,0;13,6;22,8;17,108;89,708;1015,988;;11,34;A838;4303509;Camaqua;-30,808;-51,834;92,3;0,2;0;0,6;3,6;4,2;6,0;2,0;0,696;2,0;15,494;93,028;0,458;-0,889
2026-06-05;0,2;12,9;25,1;17,213;93,25;1012,137;;9,91;A838;4303509;Camaqua;-30,808;-51,834;92,3;0,0;0;0,0;0,6;0,8;6,2;2,0;-3,85;3,0;17,029;91,056;0,442;-0,897
2026-06-06;0,0;14,3;18,5;15,946;98,583;1007,725;;3,04;A838;4303509;Camaqua;-30,808;-51,834;92,3;0,0;0;0,2;0,0;0,2;6,0;2,0;-4,412;4,0;16,756;93,847;0,427;-0,904
2026-06-07;0,0;13,9;20,7;15,504;94,917;1007,954;;4,0;A838;4303509;Camaqua;-30,808;-51,834;92,3;18,9;1;0,0;0,2;0,2;6,0;2,0;0,229;5,0;16,221;95,583;0,411;-0,912
2026-06-08;18,9;14,1;24,7;15,388;100,0;1007,738;;2,27;A838;4303509;Camaqua;-30,808;-51,834;92,3;2,2;1;0,0;0,0;18,9;23,3;2,0;-0,217;0,0;15,613;97,833;0,395;-0,919
2026-06-09;2,2;12,0;25,1;14,396;97,0;1006,821;;5,41;A838;4303509;Camaqua;-30,808;-51,834;92,3;0,0;0;18,9;0,0;21,1;21,9;2,0;-0,917;0,0;15,096;97,306;0,379;-0,925
2026-06-10;0,0;8,3;25,2;12,062;95,333;1007,4;;7,37;A838;4303509;Camaqua;-30,808;-51,834;92,3;0,2;0;2,2;18,9;21,1;21,3;2,0;0,579;1,0;13,949;97,444;0,363;-0,932
2026-06-11;0,2;9,8;18,7;13,225;96,5;1006,254;;5,43;A838;4303509;Camaqua;-30,808;-51,834;92,3;31,4;1;0,0;2,2;2,4;21,5;2,0;-1,146;2,0;13,228;96,278;0,347;-0,938
2026-06-12;31,4;13,4;17,8;15,142;99,708;1000,229;;2,07;A838;4303509;Camaqua;-30,808;-51,834;92,3;0,4;0;0,2;0,0;31,6;52,7;3,0;-6,025;0,0;13,476;97,181;0,331;-0,944
2026-06-13;0,4;9,6;18,9;13,667;90,5;1005,333;;9,83;A838;4303509;Camaqua;-30,808;-51,834;92,3;0,0;0;31,4;0,2;32,0;53,1;3,0;5,104;1,0;14,011;95,569;0,315;-0,949
2026-06-14;0,0;7,7;15,7;11,975;90,833;1008,988;;6,39;A838;4303509;Camaqua;-30,808;-51,834;92,3;0,2;0;0,4;31,4;31,8;53,1;3,0;3,654;2,0;13,594;93,681;0,299;-0,954
2026-06-15;0,2;4,1;14,9;8,142;87,167;1012,933;;12,28;A838;4303509;Camaqua;-30,808;-51,834;92,3;0,0;0;0,0;0,4;0,6;34,4;2,0;3,946;3,0;11,261;89,5;0,282;-0,959
2026-06-16;0,0;2,2;18,1;8,154;84,708;1011,017;;12,65;A838;4303509;Camaqua;-30,808;-51,834;92,3;0,0;0;0,2;0,0;0,2;32,2;1,0;-1,917;4,0;9,424;87,569;0,266;-0,964
2026-06-17;0,0;8,0;17,9;11,617;75,833;1012,125;;12,36;A838;4303509;Camaqua;-30,808;-51,834;92,3;0,2;0;0,0;0,2;0,2;32,2;1,0;1,108;5,0;9,304;82,569;0,249;-0,969
2026-06-18;0,2;4,4;17,5;10,175;91,125;1013,475;;8,61;A838;4303509;Camaqua;-30,808;-51,834;92,3;4,9;1;0,0;0,0;0,2;32,2;1,0;1,35;6,0;9,982;83,889;0,232;-0,973
2026-06-19;4,9;11,5;18,0;13,675;92,458;1004,475;;3,01;A838;4303509;Camaqua;-30,808;-51,834;92,3;0,0;0;0,2;0,0;5,1;5,7;1,0;-9,0;0,0;11,822;86,472;0,215;-0,977
2026-06-20;0,0;5,1;15,2;9,529;88,958;1008,158;;11,16;A838;4303509;Camaqua;-30,808;-51,834;92,3;0,2;0;4,9;0,2;5,1;5,3;1,0;3,683;1,0;11,126;90,847;0,199;-0,98
2026-06-21;0,2;3,4;14,1;7,946;95,125;1006,992;;5,24;A838;4303509;Camaqua;-30,808;-51,834;92,3;20,6;1;0,0;4,9;5,1;5,5;1,0;-1,167;2,0;10,383;92,181;0,182;-0,983
2026-06-22;20,6;8,7;11,4;10,212;99,292;1003,371;;1,37;A838;4303509;Camaqua;-30,808;-51,834;92,3;0,4;0;0,2;0,0;20,8;25,9;2,0;-3,621;0,0;9,229;94,458;0,165;-0,986
2026-06-23;0,4;4,1;13,2;7,875;85,917;1007,062;;11,55;A838;4303509;Camaqua;-30,808;-51,834;92,3;0,0;0;20,6;0,2;21,2;26,3;2,0;3,692;1,0;8,678;93,444;0,148;-0,989
2026-06-24;0,0;1,9;15,3;6,692;86,333;1009,479;;8,91;A838;4303509;Camaqua;-30,808;-51,834;92,3;0,0;0;0,4;20,6;21,0;26,3;2,0;2,417;2,0;8,26;90,514;0,131;-0,991
2026-06-25;0,0;4,5;18,0;9,325;82,458;1012,542;;12,08;A838;4303509;Camaqua;-30,808;-51,834;92,3;0,2;0;0,0;0,4;0,4;26,1;2,0;3,062;3,0;7,964;84,903;0,114;-0,994
2026-06-26;0,2;5,2;19,7;10,508;83,917;1013,475;;12,17;A838;4303509;Camaqua;-30,808;-51,834;92,3;0,0;0;0,0;0,0;0,2;21,4;1,0;0,933;4,0;8,842;84,236;0,097;-0,995
2026-06-27;0,0;3,8;19,4;10,221;89,083;1012,238;;12,1;A838;4303509;Camaqua;-30,808;-51,834;92,3;10,6;1;0,2;0,0;0,2;21,4;1,0;-1,237;5,0;10,018;85,153;0,079;-0,997
2026-06-28;10,6;11,2;17,3;13,9;95,458;1004,954;;1,86;A838;4303509;Camaqua;-30,808;-51,834;92,3;0,2;0;0,0;0,2;10,8;31,8;2,0;-7,283;0,0;11,543;89,486;0,062;-0,998
2026-06-29;0,2;7,0;17,3;11,438;90,167;1009,342;;10,65;A838;4303509;Camaqua;-30,808;-51,834;92,3;0,0;0;10,6;0,0;10,8;11,4;1,0;4,387;1,0;11,853;91,569;0,045;-0,999
2026-06-30;0,0;5,6;13,0;8,95;97,0;1009,979;;3,87;A838;4303509;Camaqua;-30,808;-51,834;92,3;0,2;0;0,2;10,6;10,8;11,0;1,0;0,637;2,0;11,429;94,208;0,028;-1,0
2026-07-01;0,2;11,1;17,3;12,954;96,417;1007,308;;4,2;A838;4303509;Camaqua;-30,808;-51,834;92,3;12,2;1;0,0;0,2;0,4;11,2;1,0;-2,671;3,0;11,114;94,528;0,011;-1,0
2026-07-02;12,2;7,7;15,2;12,263;99,542;1011,733;;0,99;A838;4303509;Camaqua;-30,808;-51,834;92,3;0,2;0;0,2;0,0;12,4;23,4;2,0;4,425;0,0;11,389;97,653;-0,006;-1,0
2026-07-03;0,2;1,4;12,1;6,975;79,542;1015,967;;12,74;A838;4303509;Camaqua;-30,808;-51,834;92,3;0,0;0;12,2;0,2;12,6;23,4;2,0;4,233;1,0;10,731;91,833;-0,024;-1,0
2026-07-04;0,0;8,1;12,4;9,646;85,167;1015,633;;5,07;A838;4303509;Camaqua;-30,808;-51,834;92,3;0,2;0;0,2;12,2;12,4;23,4;2,0;-0,333;2,0;9,628;88,083;-0,041;-0,999
2026-07-05;0,2;9,6;13,2;10,946;97,125;1012,129;;3,93;A838;4303509;Camaqua;-30,808;-51,834;92,3;0,0;0;0,0;0,2;0,4;13,0;1,0;-3,504;3,0;9,189;87,278;-0,058;-0,998
2026-07-06;0,0;6,2;14,3;11,658;88,375;1008,567;;5,49;A838;4303509;Camaqua;-30,808;-51,834;92,3;0,0;0;0,2;0,0;0,2;12,8;1,0;-3,562;4,0;10,75;90,222;-0,075;-0,997
2026-07-07;0,0;3,3;15,2;8,367;79,208;1010,812;;13,34;A838;4303509;Camaqua;-30,808;-51,834;92,3;0,0;0;0,0;0,2;0,2;12,8;1,0;2,246;5,0;10,324;88,236;-0,092;-0,996
2026-07-08;0,0;5,6;20,4;11,104;75,667;1010,046;;12,84;A838;4303509;Camaqua;-30,808;-51,834;92,3;0,0;0;0,0;0,0;0,0;12,6;1,0;-0,767;6,0;10,376;81,083;-0,109;-0,994
2026-07-09;0,0;5,0;22,9;12,171;83,958;1006,925;;11,92;A838;4303509;Camaqua;-30,808;-51,834;92,3;0,0;0;0,0;0,0;0,0;0,4;0,0;-3,121;7,0;10,547;79,611;-0,127;-0,992
2026-07-10;0,0;11,3;19,1;14,862;80,542;1004,688;;9,06;A838;4303509;Camaqua;-30,808;-51,834;92,3;10,3;1;0,0;0,0;0,0;0,2;0,0;-2,238;8,0;12,712;80,056;-0,144;-0,99
2026-07-11;10,3;12,4;15,7;13,892;98,667;1003,346;;1,4;A838;4303509;Camaqua;-30,808;-51,834;92,3;3,4;1;0,0;0,0;10,3;10,5;1,0;-1,342;0,0;13,642;87,722;-0,161;-0,987
2026-07-12;3,4;10,0;14,3;12,108;93,833;1006,725;;3,72;A838;4303509;Camaqua;-30,808;-51,834;92,3;0,0;0;10,3;0,0;13,7;13,7;2,0;3,379;0,0;13,621;91,014;-0,178;-0,984
2026-07-13;0,0;8,8;15,3;11,271;90,583;1012,675;;7,66;A838;4303509;Camaqua;-30,808;-51,834;92,3;0,0;0;3,4;10,3;13,7;13,7;2,0;5,95;1,0;12,424;94,361;-0,194;-0,981
2026-07-14;0,0;8,7;19,5;12,921;88,167;1012,55;;13,3;A838;4303509;Camaqua;-30,808;-51,834;92,3;0,0;0;0,0;3,4;3,4;13,7;2,0;-0,125;2,0;12,1;90,861;-0,211;-0,977
2026-07-15;0,0;8,1;22,3;14,071;81,75;1008,167;;13,44;A838;4303509;Camaqua;-30,808;-51,834;92,3;0,0;0;0,0;0,0;0,0;13,7;2,0;-4,383;3,0;12,754;86,833;-0,228;-0,974
2026-07-16;0,0;8,4;29,4;16,638;78,417;1003,262;;13,51;A838;4303509;Camaqua;-30,808;-51,834;92,3;2,2;1;0,0;0,0;0,0;13,7;2,0;-4,904;4,0;14,543;82,778;-0,245;-0,97
2026-07-17;2,2;18,5;29,6;23,425;59,333;996,042;;12,51;A838;4303509;Camaqua;-30,808;-51,834;92,3;0,0;0;0,0;0,0;2,2;15,9;3,0;-7,221;0,0;18,044;73,167;-0,261;-0,965
2026-07-18;0,0;19,1;31,9;24,458;67,0;993,675;;0,91;A838;4303509;Camaqua;-30,808;-51,834;92,3;37,5;1;2,2;0,0;2,2;5,6;2,0;-2,367;1,0;21,507;68,25;-0,278;-0,961
2026-07-19;37,5;15,3;23,7;16,854;95,917;995,567;;0,0;A838;4303509;Camaqua;-30,808;-51,834;92,3;27,9;1;0,0;2,2;39,7;39,7;2,0;1,892;0,0;21,579;74,083;-0,294;-0,956
2026-07-20;27,9;16,6;18,7;17,713;98,833;997,096;;0,0;A838;4303509;Camaqua;-30,808;-51,834;92,3;19,5;1;37,5;0,0;65,4;67,6;3,0;1,529;0,0;19,675;87,25;-0,311;-0,95
2026-07-21;19,5;15,9;19,2;18,046;99,958;997,188;;0,0;A838;4303509;Camaqua;-30,808;-51,834;92,3;9,8;1;27,9;37,5;84,9;87,1;4,0;0,092;0,0;17,538;98,236;-0,327;-0,945
2026-07-22;9,8;14,1;16,2;15,496;100,0;1001,162;;0,0;A838;4303509;Camaqua;-30,808;-51,834;92,3;9,7;1;19,5;27,9;57,2;96,9;5,0;3,975;0,0;17,085;99,597;-0,343;-0,939
2026-07-23;9,7;11,6;19,3;14,296;94,417;1009,308;;0,0;A838;4303509;Camaqua;-30,808;-51,834;92,3;0,0;0;9,8;19,5;39,0;106,6;6,0;8,146;0,0;15,946;98,125;-0,359;-0,933
2026-07-24;0,0;9,7;18,9;13,854;92,208;1009,767;;0,0;A838;4303509;Camaqua;-30,808;-51,834;92,3;0,0;0;9,7;9,8;19,5;104,4;5,0;0,458;1,0;14,549;95,542;-0,375;-0,927
2026-07-25;0,0;12,6;20,5;15,142;95,292;1008,167;;0,0;A838;4303509;Camaqua;-30,808;-51,834;92,3;7,3;1;0,0;9,7;9,7;104,4;5,0;-1,6;2,0;14,431;93,972;-0,391;-0,92
2026-07-26;7,3;12,8;18,4;15,067;99,375;1006,021;;0,0;A838;4303509;Camaqua;-30,808;-51,834;92,3;13,2;1;0,0;0,0;7,3;74,2;5,0;-2,146;0,0;14,688;95,625;-0,407;-0,913
2026-07-27;13,2;14,7;17,5;16,071;99,083;1003,45;;0,0;A838;4303509;Camaqua;-30,808;-51,834;92,3;22,6;1;7,3;0,0;20,5;59,5;5,0;-2,571;0,0;15,426;97,917;-0,423;-0,906
2026-07-28;22,6;16,3;20,9;18,154;99,083;998,996;;0,0;A838;4303509;Camaqua;-30,808;-51,834;92,3;29,2;1;13,2;7,3;43,1;62,6;5,0;-4,454;0,0;16,431;99,181;-0,438;-0,899
2026-07-29;29,2;13,6;19,5;15,854;95,958;1003,229;;0,0;A838;4303509;Camaqua;-30,808;-51,834;92,3;0,0;0;22,6;13,2;65,0;82,0;5,0;4,233;0,0;16,693;98,042;-0,454;-0,891
2026-07-30;0,0;14,1;19,0;15,796;91,75;1011,083;;0,0;A838;4303509;Camaqua;-30,808;-51,834;92,3;0,0;0;29,2;22,6;51,8;72,3;4,0;7,854;1,0;16,601;95,597;-0,469;-0,883
2026-07-31;0,0;14,2;25,2;18,621;85,917;1007,375;;14,06;A838;4303509;Camaqua;-30,808;-51,834;92,3;4,3;1;0,0;29,2;29,2;72,3;4,0;-3,708;2,0;16,757;91,208;-0,484;-0,875
2026-08-01;4,3;15,7;30,8;21,079;76,208;999,417;;12,8;A838;4303509;Camaqua;-30,808;-51,834;92,3;1,6;1;0,0;0,0;4,3;76,6;5,0;-7,958;0,0;18,499;84,625;-0,499;-0,867
2026-08-02;1,6;14,7;20,6;16,55;93,375;1007,15;;6,66;A838;4303509;Camaqua;-30,808;-51,834;92,3;0,0;0;4,3;0,0;5,9;70,9;5,0;7,733;0,0;18,75;85,167;-0,514;-0,858
2026-08-03;0,0;15,4;23,8;18,067;93,25;1006,608;;7,29;A838;4303509;Camaqua;-30,808;-51,834;92,3;0,4;0;1,6;4,3;5,9;57,7;4,0;-0,542;1,0;18,565;87,611;-0,529;-0,849
2026-08-04;0,4;17,1;23,9;19,221;93,917;1004,25;0,808;6,54;A838;4303509;Camaqua;-30,808;-51,834;92,3;0,4;0;0,0;1,6;2,0;35,5;3,0;-2,358;2,0;17,946;93,514;-0,543;-0,84
2026-08-05;0,4;16,5;24,8;18,908;93,458;1003,071;0,7;9,26;A838;4303509;Camaqua;-30,808;-51,834;92,3;20,7;1;0,4;0,0;0,8;6,7;2,0;-1,179;3,0;18,732;93,542;-0,557;-0,83
2026-08-06;20,7;15,1;27,5;20,121;89,542;995,029;0,788;11,43;A838;4303509;Camaqua;-30,808;-51,834;92,3;5,7;1;0,4;0,4;21,5;27,4;3,0;-8,042;0,0;19,417;92,306;-0,572;-0,82
2026-08-07;5,7;7,9;16,3;12,75;80,833;998,479;1,629;13,44;A838;4303509;Camaqua;-30,808;-51,834;92,3;0,0;0;20,7;0,4;26,8;33,1;4,0;3,45;0,0;17,26;87,944;-0,586;-0,811
2026-08-08;0,0;4,6;19,4;10,404;85,708;998,75;0,962;12,47;A838;4303509;Camaqua;-30,808;-51,834;92,3;0,0;0;5,7;20,7;26,4;28,8;3,0;0,271;1,0;14,425;85,361;-0,6;-0,8
2026-08-09;0,0;4,8;16,5;9,933;73,083;1008,421;0,929;16,51;A838;4303509;Camaqua;-30,808;-51,834;92,3;0,0;0;0,0;5,7;5,7;27,2;2,0;9,671;2,0;11,029;79,875;-0,613;-0,79
2026-08-10;0,0;5,0;14,4;8,517;78,25;1019,838;1,246;12,61;A838;4303509;Camaqua;-30,808;-51,834;92,3;0,0;0;0,0;0,0;0,0;27,2;2,0;11,417;3,0;9,618;79,014;-0,627;-0,779
2026-08-11;0,0;4,0;15,8;9,208;90,125;1019,917;0,929;8,72;A838;4303509;Camaqua;-30,808;-51,834;92,3;33,0;1;0,0;0,0;0,0;26,8;2,0;0,079;4,0;9,219;80,486;-0,64;-0,768
2026-08-12;33,0;11,3;14,3;12,583;99,667;1010,188;1,537;1,62;A838;4303509;Camaqua;-30,808;-51,834;92,3;33,6;1;0,0;0,0;33,0;59,4;3,0;-9,729;0,0;10,103;89,347;-0,653;-0,757
2026-08-13;33,6;11,1;14,1;13,117;100,0;1008,113;1,418;1,84;A838;4303509;Camaqua;-30,808;-51,834;92,3;6,2;1;33,0;0,0;66,6;72,3;3,0;-2,075;0,0;11,636;96,597;-0,666;-0,746
2026-08-14;6,2;11,2;15,6;13,517;97,25;1012,275;1,746;4,7;A838;4303509;Camaqua;-30,808;-51,834;92,3;0,2;0;33,6;33,0;72,8;72,8;3,0;4,162;0,0;13,072;98,972;-0,679;-0,734
2026-08-15;0,2;14,9;18,8;16,412;92,375;1008,992;1,983;4,4;A838;4303509;Camaqua;-30,808;-51,834;92,3;46,3;1;6,2;33,6;40,0;73,0;3,0;-3,283;1,0;14,349;96,542;-0,691;-0,723
2026-08-16;46,3;16,8;18,5;17,571;97,958;1004,254;2,604;1,31;A838;4303509;Camaqua;-30,808;-51,834;92,3;0,2;0;0,2;6,2;52,7;119,3;4,0;-4,738;0,0;15,833;95,861;-0,704;-0,711
2026-08-17;0,2;15,8;20,4;17,7;98,375;1002,338;0,867;4,02;A838;4303509;Camaqua;-30,808;-51,834;92,3;0,0;0;46,3;0,2;46,7;119,5;4,0;-1,917;1,0;17,228;96,236;-0,716;-0,698
2026-08-18;0,0;16,1;17,6;16,971;99,571;1002,557;1,071;0,0;A838;4303509;Camaqua;-30,808;-51,834;92,3;0,0;0;0,2;46,3;46,5;119,5;4,0;0,22;2,0;17,414;98,635;-0,728;-0,686
2026-01-07;2,0;18,8;33,7;24,508;77,125;1010,933;2,491;18,28;A887;4314407;Pelotas / Capao do Leao;-31,802;-52,407;13,0;0,0;0;0,0;0,0;2,0;2,0;1,0;-3,696;0,0;21,568;72,319;0,12;0,993
2026-01-08;0,0;19,7;25,9;22,183;82,957;1015,413;3,304;17,85;A887;4314407;Pelotas / Capao do Leao;-31,802;-52,407;13,0;0,4;0;2,0;0,0;2,0;2,0;1,0;4,48;1,0;22,897;77,444;0,137;0,991
2026-01-09;0,4;20,6;24,4;22,296;88,125;1015,792;4,554;5,52;A887;4314407;Pelotas / Capao do Leao;-31,802;-52,407;13,0;8,2;1;0,0;2,0;2,4;2,4;1,0;0,379;2,0;22,996;82,736;0,154;0,988
2026-01-10;8,2;21,3;32,1;25,6;78,5;1007,475;4,779;22,91;A887;4314407;Pelotas / Capao do Leao;-31,802;-52,407;13,0;5,3;1;0,4;0,0;8,6;10,6;2,0;-8,317;0,0;23,359;83,194;0,171;0,985
2026-01-11;5,3;17,9;27,5;23,388;74,875;1006,137;3,389;28,8;A887;4314407;Pelotas / Capao do Leao;-31,802;-52,407;13,0;3,6;1;8,2;0,4;13,9;15,9;3,0;-1,338;0,0;23,761;80,5;0,188;0,982
2026-01-12;3,6;19,3;25,0;21,946;91,125;1010,379;2,155;13,56;A887;4314407;Pelotas / Capao do Leao;-31,802;-52,407;13,0;0,0;0;5,3;8,2;17,1;19,5;4,0;4,242;0,0;23,644;81,5;0,205;0,979
2026-01-13;0,0;20,3;30,0;24,483;84,583;1011,562;1,0;24,97;A887;4314407;Pelotas / Capao do Leao;-31,802;-52,407;13,0;0,0;0;3,6;5,3;8,9;19,5;4,0;1,183;1,0;23,272;83,528;0,222;0,975
2026-01-14;0,0;21,9;31,3;25,438;86,083;1012,079;;22,55;A887;4314407;Pelotas / Capao do Leao;-31,802;-52,407;13,0;0,4;0;0,0;3,6;3,6;17,5;3,0;0,517;2,0;23,956;87,264;0,239;0,971
2026-01-15;0,4;23,3;35,3;28,062;79,625;1010,35;;30,35;A887;4314407;Pelotas / Capao do Leao;-31,802;-52,407;13,0;0,0;0;0,0;0,0;0,4;17,9;3,0;-1,729;3,0;25,994;83,431;0,255;0,967
2026-01-16;0,0;22,5;28,0;25,213;89,125;1011,379;;6,96;A887;4314407;Pelotas / Capao do Leao;-31,802;-52,407;13,0;0,0;0;0,4;0,0;0,4;17,5;3,0;1,029;4,0;26,238;84,944;0,272;0,962
2026-01-17;0,0;19,9;29,0;24,033;84,875;1011,942;2,2;20,61;A887;4314407;Pelotas / Capao do Leao;-31,802;-52,407;13,0;0,0;0;0,0;0,4;0,4;9,3;2,0;0,562;5,0;25,769;84,542;0,288;0,958
2026-01-18;0,0;20,5;29,1;23,979;81,417;1009,562;1,945;26,98;A887;4314407;Pelotas / Capao do Leao;-31,802;-52,407;13,0;0,0;0;0,0;0,0;0,0;4,0;1,0;-2,379;6,0;24,408;85,139;0,305;0,952
2026-01-19;0,0;14,3;24,7;20,438;64,292;1017,283;3,008;27,82;A887;4314407;Pelotas / Capao do Leao;-31,802;-52,407;13,0;0,0;0;0,0;0,0;0,0;0,4;0,0;7,721;7,0;22,817;76,861;0,321;0,947
2026-01-20;0,0;14,6;24,5;18,978;76,478;1018,004;2,1;20,38;A887;4314407;Pelotas / Capao do Leao;-31,802;-52,407;13,0;0,0;0;0,0;0,0;0,0;0,4;0,0;0,721;8,0;21,132;74,062;0,337;0,941
2026-01-21;0,0;14,7;25,8;20,492;69,708;1017,775;2,062;27,34;A887;4314407;Pelotas / Capao do Leao;-31,802;-52,407;13,0;0,0;0;0,0;0,0;0,0;0,4;0,0;-0,229;9,0;19,969;70,159;0,353;0,935
2026-01-22;0,0;18,7;26,5;22,704;73,292;1017,233;4,304;27,41;A887;4314407;Pelotas / Capao do Leao;-31,802;-52,407;13,0;0,0;0;0,0;0,0;0,0;0,0;0,0;-0,542;10,0;20,725;73,159;0,369;0,929
2026-01-23;0,0;16,8;27,0;22,746;72,5;1017,912;3,695;28,35;A887;4314407;Pelotas / Capao do Leao;-31,802;-52,407;13,0;0,0;0;0,0;0,0;0,0;0,0;0,0;0,679;11,0;21,981;71,833;0,385;0,923
2026-01-24;0,0;17,2;27,9;22,883;73,542;1016,921;3,662;26,99;A887;4314407;Pelotas / Capao do Leao;-31,802;-52,407;13,0;0,0;0;0,0;0,0;0,0;0,0;0,0;-0,992;12,0;22,778;73,111;0,401;0,916
2026-01-25;0,0;19,4;30,0;24,329;80,958;1016,588;4,133;25,34;A887;4314407;Pelotas / Capao do Leao;-31,802;-52,407;13,0;0,0;0;0,0;0,0;0,0;0,0;0,0;-0,333;13,0;23,319;75,667;0,417;0,909
2026-01-26;0,0;21,1;30,9;25,479;79,292;1015,7;4,271;26,57;A887;4314407;Pelotas / Capao do Leao;-31,802;-52,407;13,0;0,0;0;0,0;0,0;0,0;0,0;0,0;-0,888;14,0;24,231;77,931;0,432;0,902
2026-01-27;0,0;22,5;31,3;26,346;81,75;1014,104;2,644;27,73;A887;4314407;Pelotas / Capao do Leao;-31,802;-52,407;13,0;0,0;0;0,0;0,0;0,0;0,0;0,0;-1,596;15,0;25,385;80,667;0,448;0,894
2026-01-28;0,0;22,6;31,8;26,225;85,458;1013,3;1,431;23,18;A887;4314407;Pelotas / Capao do Leao;-31,802;-52,407;13,0;0,0;0;0,0;0,0;0,0;0,0;0,0;-0,804;16,0;26,017;82,167;0,463;0,886
2026-01-29;0,0;22,7;30,2;25,579;86,167;1013,104;2,165;15,34;A887;4314407;Pelotas / Capao do Leao;-31,802;-52,407;13,0;2,5;1;0,0;0,0;0,0;0,0;0,0;-0,196;17,0;26,05;84,458;0,478;0,878
2026-01-30;2,5;20,6;29,0;24,287;84,292;1012,496;2,622;16,48;A887;4314407;Pelotas / Capao do Leao;-31,802;-52,407;13,0;2,7;1;0,0;0,0;2,5;2,5;1,0;-0,608;0,0;25,364;85,306;0,493;0,87
2026-01-31;2,7;20,5;28,0;23,108;81,417;1009,417;1,839;22,14;A887;4314407;Pelotas / Capao do Leao;-31,802;-52,407;13,0;0,0;0;2,5;0,0;5,2;5,2;2,0;-3,079;0,0;24,325;83,958;0,508;0,861
2026-02-01;0,0;18,9;28,7;22,688;80,958;1005,912;4,079;23,8;A887;4314407;Pelotas / Capao do Leao;-31,802;-52,407;13,0;0,0;0;2,7;2,5;5,2;5,2;2,0;-3,504;1,0;23,361;82,222;0,523;0,852
2026-02-02;0,0;18,6;31,9;23,75;75,917;1008,046;1,96;30,26;A887;4314407;Pelotas / Capao do Leao;-31,802;-52,407;13,0;0,0;0;0,0;2,7;2,7;5,2;2,0;2,133;2,0;23,182;79,431;0,538;0,843
2026-02-03;0,0;20,7;33,3;26,046;72,292;1007,346;2,219;25,64;A887;4314407;Pelotas / Capao do Leao;-31,802;-52,407;13,0;0,0;0;0,0;0,0;0,0;5,2;2,0;-0,7;3,0;24,161;76,389;0,552;0,834
2026-02-04;0,0;18,4;33,9;26,225;69,208;1009,125;2,278;28,22;A887;4314407;Pelotas / Capao do Leao;-31,802;-52,407;13,0;0,0;0;0,0;0,0;0,0;5,2;2,0;1,779;4,0;25,34;72,472;0,566;0,824
2026-02-05;0,0;22,1;34,3;27,267;76,667;1010,992;3,588;28,2;A887;4314407;Pelotas / Capao do Leao;-31,802;-52,407;13,0;0,0;0;0,0;0,0;0,0;5,2;2,0;1,867;5,0;26,512;72,722;0,58;0,814
2026-02-06;0,0;21,1;30,5;25,217;83,667;1010,975;3,608;16,97;A887;4314407;Pelotas / Capao do Leao;-31,802;-52,407;13,0;0,0;0;0,0;0,0;0,0;2,7;1,0;-0,017;6,0;26,236;76,514;0,594;0,804
2026-02-07;0,0;18,4;29,0;23,192;68,708;1015,038;2,554;29,54;A887;4314407;Pelotas / Capao do Leao;-31,802;-52,407;13,0;0,0;0;0,0;0,0;0,0;0,0;0,0;4,062;7,0;25,225;76,347;0,608;0,794
2026-02-08;0,0;15,0;29,4;22,438;68,083;1015,479;2,829;30,63;A887;4314407;Pelotas / Capao do Leao;-31,802;-52,407;13,0;0,0;0;0,0;0,0;0,0;0,0;0,0;0,442;8,0;23,615;73,486;0,622;0,783
2026-02-09;0,0;16,2;30,0;23,517;75,083;1012,55;3,958;22,67;A887;4314407;Pelotas / Capao do Leao;-31,802;-52,407;13,0;0,2;0;0,0;0,0;0,0;0,0;0,0;-2,929;9,0;23,049;70,625;0,635;0,772
2026-02-10;0,2;23,2;34,5;26,471;82,5;1008,396;3,179;19,4;A887;4314407;Pelotas / Capao do Leao;-31,802;-52,407;13,0;0,2;0;0,0;0,0;0,2;0,2;0,0;-4,154;10,0;24,142;75,222;0,648;0,761
2026-02-11;0,2;22,0;38,0;29,254;69,708;1006,725;2,579;27,74;A887;4314407;Pelotas / Capao do Leao;-31,802;-52,407;13,0;26,1;1;0,2;0,0;0,4;0,4;0,0;-1,671;11,0;26,414;75,764;0,661;0,75
2026-02-12;26,1;20,3;29,4;24,796;88,208;1010,196;2,45;5,81;A887;4314407;Pelotas / Capao do Leao;-31,802;-52,407;13,0;0,4;0;0,2;0,2;26,5;26,5;1,0;3,471;0,0;26,84;80,139;0,674;0,739
2026-02-13;0,4;19,2;29,4;23,071;85,375;1014,846;3,688;24,59;A887;4314407;Pelotas / Capao do Leao;-31,802;-52,407;13,0;0,0;0;26,1;0,2;26,7;26,9;1,0;4,65;1,0;25,707;81,097;0,687;0,727
2026-02-14;0,0;17,8;27,2;22,217;74,375;1019,483;3,008;22,65;A887;4314407;Pelotas / Capao do Leao;-31,802;-52,407;13,0;0,0;0;0,4;26,1;26,5;26,9;1,0;4,637;2,0;23,361;82,653;0,699;0,715
2026-02-15;0,0;19,7;30,3;24,512;79,417;1014,758;4,383;20,07;A887;4314407;Pelotas / Capao do Leao;-31,802;-52,407;13,0;0,0;0;0,0;0,4;0,4;26,9;1,0;-4,725;3,0;23,267;79,722;0,711;0,703
2026-02-16;0,0;22,5;30,8;25,892;84,083;1011,229;2,569;19,99;A887;4314407;Pelotas / Capao do Leao;-31,802;-52,407;13,0;0,0;0;0,0;0,0;0,0;26,9;1,0;-3,529;4,0;24,207;79,292;0,723;0,691
2026-02-17;0,0;20,9;30,8;24,392;83,958;1012,2;1,341;19,21;A887;4314407;Pelotas / Capao do Leao;-31,802;-52,407;13,0;0,0;0;0,0;0,0;0,0;26,7;1,0;0,971;5,0;24,932;82,486;0,735;0,678
2026-02-18;0,0;19,6;30,2;24,0;82,292;1012,512;1,775;26,68;A887;4314407;Pelotas / Capao do Leao;-31,802;-52,407;13,0;0,0;0;0,0;0,0;0,0;26,5;1,0;0,312;6,0;24,761;83,444;0,747;0,665
2026-02-19;0,0;18,7;29,1;23,542;81,25;1010,55;1,644;16,71;A887;4314407;Pelotas / Capao do Leao;-31,802;-52,407;13,0;0,4;0;0,0;0,0;0,0;0,4;0,0;-1,962;7,0;23,978;82,5;0,758;0,652
2026-02-20;0,4;19,3;30,1;24,046;77,958;1011,863;2,056;22,89;A887;4314407;Pelotas / Capao do Leao;-31,802;-52,407;13,0;0,8;0;0,0;0,0;0,4;0,4;0,0;1,312;8,0;23,862;80,5;0,769;0,639
2026-02-21;0,8;18,8;29,4;23,213;82,333;1015,767;1,725;23,39;A887;4314407;Pelotas / Capao do Leao;-31,802;-52,407;13,0;0,4;0;0,4;0,0;1,2;1,2;0,0;3,904;9,0;23,6;80,514;0,78;0,626
2026-02-22;0,4;20,2;29,1;24,379;78,25;1016,592;2,831;25,54;A887;4314407;Pelotas / Capao do Leao;-31,802;-52,407;13,0;0,0;0;0,8;0,4;1,6;1,6;0,0;0,825;10,0;23,879;79,514;0,791;0,612
2026-02-23;0,0;22,3;29,6;25,292;75,042;1013,246;4,3;20,05;A887;4314407;Pelotas / Capao do Leao;-31,802;-52,407;13,0;20,6;1;0,4;0,8;1,2;1,6;0,0;-3,346;11,0;24,294;78,542;0,801;0,599
2026-02-24;20,6;21,9;25,4;23,542;90,583;1007,9;3,2;5,58;A887;4314407;Pelotas / Capao do Leao;-31,802;-52,407;13,0;0,0;0;0,0;0,4;21,0;22,2;1,0;-5,346;0,0;24,404;81,292;0,811;0,585
2026-02-25;0,0;18,0;25,6;22,458;84,875;1007,617;3,04;16,54;A887;4314407;Pelotas / Capao do Leao;-31,802;-52,407;13,0;0,0;0;20,6;0,0;20,6;22,2;1,0;-0,283;1,0;23,764;83,5;0,821;0,571
2026-02-26;0,0;14,3;25,2;19,071;71,375;1011,417;2,731;25,18;A887;4314407;Pelotas / Capao do Leao;-31,802;-52,407;13,0;0,0;0;0,0;20,6;20,6;22,2;1,0;3,8;2,0;21,69;82,278;0,831;0,557
2026-02-27;0,0;13,1;26,1;19,017;74,208;1012,954;2,129;27,38;A887;4314407;Pelotas / Capao do Leao;-31,802;-52,407;13,0;0,0;0;0,0;0,0;0,0;21,8;1,0;1,538;3,0;20,182;76,819;0,84;0,542
2026-02-28;0,0;14,2;27,4;20,633;73,917;1013,8;2,533;27,51;A887;4314407;Pelotas / Capao do Leao;-31,802;-52,407;13,0;0,0;0;0,0;0,0;0,0;21,0;1,0;0,846;4,0;19,574;73,167;0,849;0,528
2026-03-01;0,0;15,1;26,6;21,438;74,708;1014,55;2,912;26,57;A887;4314407;Pelotas / Capao do Leao;-31,802;-52,407;13,0;0,0;0;0,0;0,0;0,0;20,6;1,0;0,75;5,0;20,362;74,278;0,858;0,513
2026-03-02;0,0;17,0;28,3;22,733;69,208;1012,354;4,362;21,36;A887;4314407;Pelotas / Capao do Leao;-31,802;-52,407;13,0;0,0;0;0,0;0,0;0,0;20,6;1,0;-2,196;6,0;21,601;72,611;0,867;0,498
2026-03-03;0,0;20,0;29,8;24,537;74,583;1011,071;4,512;25,67;A887;4314407;Pelotas / Capao do Leao;-31,802;-52,407;13,0;21,4;1;0,0;0,0;0,0;0,0;0,0;-1,283;7,0;22,903;72,833;0,876;0,483
2026-03-04;21,4;20,9;29,8;23,646;87,0;1011,392;3,505;15,44;A887;4314407;Pelotas / Capao do Leao;-31,802;-52,407;13,0;0,0;0;0,0;0,0;21,4;21,4;1,0;0,321;0,0;23,639;76,931;0,884;0,468
2026-03-05;0,0;21,8;27,7;23,867;85,875;1013,912;2,116;12,83;A887;4314407;Pelotas / Capao do Leao;-31,802;-52,407;13,0;0,0;0;21,4;0,0;21,4;21,4;1,0;2,521;1,0;24,017;82,486;0,892;0,453
2026-03-06;0,0;20,7;28,9;24,138;86,75;1014,038;2,678;22,24;A887;4314407;Pelotas / Capao do Leao;-31,802;-52,407;13,0;12,6;1;0,0;21,4;21,4;21,4;1,0;0,125;2,0;23,883;86,542;0,899;0,437
2026-03-07;12,6;20,0;25,0;22,713;91,292;1010,108;2,977;10,95;A887;4314407;Pelotas / Capao do Leao;-31,802;-52,407;13,0;0,4;0;0,0;0,0;12,6;34,0;2,0;-3,929;0,0;23,572;87,972;0,907;0,422
2026-03-08;0,4;18,4;25,7;21,525;78,625;1014,412;1,86;19,5;A887;4314407;Pelotas / Capao do Leao;-31,802;-52,407;13,0;0,0;0;12,6;0,0;13,0;34,4;2,0;4,304;1,0;22,792;85,556;0,914;0,406
2026-03-09;0,0;14,0;25,2;19,183;78,917;1018,613;2,161;15,81;A887;4314407;Pelotas / Capao do Leao;-31,802;-52,407;13,0;4,0;1;0,4;12,6;13,0;34,4;2,0;4,2;2,0;21,14;82,944;0,921;0,39
2026-03-10;4,0;19,7;21,6;20,317;86,833;1018,625;3,929;5,37;A887;4314407;Pelotas / Capao do Leao;-31,802;-52,407;13,0;1,8;1;0,0;0,4;4,4;38,4;3,0;0,012;0,0;20,342;81,458;0,927;0,374
2026-03-11;1,8;19,8;25,7;22,325;88,375;1015,225;3,574;12,48;A887;4314407;Pelotas / Capao do Leao;-31,802;-52,407;13,0;0,0;0;4,0;0,0;5,8;18,8;3,0;-3,4;0,0;20,608;84,708;0,934;0,358
2026-03-12;0,0;19,6;27,4;22,946;81,333;1013,346;2,175;21,24;A887;4314407;Pelotas / Capao do Leao;-31,802;-52,407;13,0;1,2;1;1,8;4,0;5,8;18,8;3,0;-1,879;1,0;21,862;85,514;0,94;0,342
2026-03-13;1,2;18,1;27,4;21,55;86,417;1011,592;2,433;18,78;A887;4314407;Pelotas / Capao do Leao;-31,802;-52,407;13,0;0,0;0;0,0;1,8;3,0;20,0;4,0;-1,754;0,0;22,274;85,375;0,945;0,326
2026-03-14;0,0;18,7;28,8;22,2;83,667;1009,446;;20,72;A887;4314407;Pelotas / Capao do Leao;-31,802;-52,407;13,0;0,0;0;1,2;0,0;1,2;7,4;3,0;-2,146;1,0;22,232;83,806;0,951;0,31
2026-03-15;0,0;17,9;29,2;22,917;83,125;1008,621;0,867;25,31;A887;4314407;Pelotas / Capao do Leao;-31,802;-52,407;13,0;0,0;0;0,0;1,2;1,2;7,0;3,0;-0,825;2,0;22,222;84,403;0,956;0,293
2026-03-16;0,0;20,6;30,4;24,458;87,583;1010,462;;20,63;A887;4314407;Pelotas / Capao do Leao;-31,802;-52,407;13,0;0,0;0;0,0;0,0;0,0;7,0;3,0;1,842;3,0;23,192;84,792;0,961;0,277
2026-03-17;0,0;24,4;27,5;25,383;91,625;1010,196;;6,48;A887;4314407;Pelotas / Capao do Leao;-31,802;-52,407;13,0;0,0;0;0,0;0,0;0,0;3,0;2,0;-0,267;4,0;24,253;87,444;0,966;0,26
2026-03-18;0,0;21,9;29,0;24,542;88,75;1009,696;3,371;10,04;A887;4314407;Pelotas / Capao do Leao;-31,802;-52,407;13,0;1,6;1;0,0;0,0;0,0;1,2;1,0;-0,5;5,0;24,794;89,319;0,97;0,244
2026-03-19;1,6;20,9;29,0;23,658;87,625;1010,767;2,668;16,78;A887;4314407;Pelotas / Capao do Leao;-31,802;-52,407;13,0;0,0;0;0,0;0,0;1,6;2,8;2,0;1,071;0,0;24,528;89,333;0,974;0,227
2026-03-20;0,0;19,3;28,6;23,35;86,0;1010,254;1,7;20,14;A887;4314407;Pelotas / Capao do Leao;-31,802;-52,407;13,0;16,2;1;1,6;0,0;1,6;1,6;1,0;-0,513;1,0;23,85;87,458;0,978;0,21
2026-03-21;16,2;22,0;30,7;25,238;82,875;1007,058;4,415;15,12;A887;4314407;Pelotas / Capao do Leao;-31,802;-52,407;13,0;0,2;0;0,0;1,6;17,8;17,8;2,0;-3,196;0,0;24,082;85,5;0,981;0,193
2026-03-22;0,2;17,7;25,5;22,246;85,25;1011,192;2,261;16,73;A887;4314407;Pelotas / Capao do Leao;-31,802;-52,407;13,0;0,2;0;16,2;0,0;16,4;18,0;2,0;4,133;1,0;23,611;84,708;0,984;0,176
2026-03-23;0,2;20,2;26,9;22,654;92,833;1008,738;2,562;5,05;A887;4314407;Pelotas / Capao do Leao;-31,802;-52,407;13,0;0,8;0;0,2;16,2;16,6;18,2;2,0;-2,454;2,0;23,379;86,986;0,987;0,16
2026-03-24;0,8;16,5;24,5;20,458;77,792;1010,817;2,829;24,42;A887;4314407;Pelotas / Capao do Leao;-31,802;-52,407;13,0;0,0;0;0,2;0,2;1,2;19,0;2,0;2,079;3,0;21,786;85,292;0,99;0,143
2026-03-25;0,0;13,1;24,9;18,071;85,083;1015,004;0,909;11,91;A887;4314407;Pelotas / Capao do Leao;-31,802;-52,407;13,0;0,0;0;0,8;0,2;1,0;19,0;2,0;4,188;4,0;20,394;85,236;0,992;0,125
2026-03-26;0,0;19,3;24,8;21,463;90,25;1016,346;1,212;6,82;A887;4314407;Pelotas / Capao do Leao;-31,802;-52,407;13,0;0,0;0;0,0;0,8;0,8;17,4;1,0;1,342;5,0;19,997;84,375;0,994;0,108
2026-03-27;0,0;22,2;30,4;25,275;90,083;1015,571;2,0;13,19;A887;4314407;Pelotas / Capao do Leao;-31,802;-52,407;13,0;0,0;0;0,0;0,0;0,0;17,4;1,0;-0,775;6,0;21,603;88,472;0,996;0,091
2026-03-28;0,0;23,4;31,1;25,5;93,583;1016,446;1,312;10,42;A887;4314407;Pelotas / Capao do Leao;-31,802;-52,407;13,0;0,0;0;0,0;0,0;0,0;1,2;0,0;0,875;7,0;24,079;91,306;0,997;0,074
2026-03-29;0,0;23,6;30,8;25,75;89,792;1016,808;1,65;13,93;A887;4314407;Pelotas / Capao do Leao;-31,802;-52,407;13,0;0,4;0;0,0;0,0;0,0;1,0;0,0;0,363;8,0;25,508;91,153;0,998;0,057
2026-03-30;0,4;23,4;27,3;25,071;93,125;1015,95;2,333;7,9;A887;4314407;Pelotas / Capao do Leao;-31,802;-52,407;13,0;0,0;0;0,0;0,0;0,4;1,2;0,0;-0,858;9,0;25,44;92,167;0,999;0,04
2026-03-31;0,0;22,1;28,9;24,975;84,458;1013,596;4,158;19,79;A887;4314407;Pelotas / Capao do Leao;-31,802;-52,407;13,0;0,0;0;0,4;0,0;0,4;0,4;0,0;-2,354;10,0;25,265;89,125;1,0;0,023
2026-04-01;0,0;18,1;28,9;23,558;80,792;1011,021;2,379;20,45;A887;4314407;Pelotas / Capao do Leao;-31,802;-52,407;13,0;0,0;0;0,0;0,4;0,4;0,4;0,0;-2,575;11,0;24,535;86,125;1,0;0,005
2026-04-02;0,0;19,1;30,2;22,942;87,583;1010,662;1,746;17,85;A887;4314407;Pelotas / Capao do Leao;-31,802;-52,407;13,0;0,2;0;0,0;0,0;0,0;0,4;0,0;-0,358;12,0;23,825;84,278;1,0;-0,012
2026-04-03;0,2;19,2;30,0;23,121;87,792;1012,517;1,567;18,13;A887;4314407;Pelotas / Capao do Leao;-31,802;-52,407;13,0;8,8;1;0,0;0,0;0,2;0,6;0,0;1,854;13,0;23,207;85,389;1,0;-0,029
2026-04-04;8,8;17,9;26,5;21,342;94,417;1013,883;2,216;7,57;A887;4314407;Pelotas / Capao do Leao;-31,802;-52,407;13,0;0,2;0;0,2;0,0;9,0;9,4;1,0;1,367;0,0;22,468;89,931;0,999;-0,046
2026-04-05;0,2;16,9;22,5;19,042;74,083;1020,542;1,625;11,27;A887;4314407;Pelotas / Capao do Leao;-31,802;-52,407;13,0;0,4;0;8,8;0,2;9,2;9,6;1,0;6,658;1,0;21,168;85,431;0,998;-0,063
2026-04-06;0,4;16,5;23,8;20,738;77,708;1018,154;1,7;4,54;A887;4314407;Pelotas / Capao do Leao;-31,802;-52,407;13,0;11,6;1;0,2;8,8;9,4;9,6;1,0;-2,387;2,0;20,374;82,069;0,997;-0,081
2026-04-07;11,6;21,2;24,0;22,562;91,958;1009,0;3,067;4,21;A887;4314407;Pelotas / Capao do Leao;-31,802;-52,407;13,0;6,9;1;0,4;0,2;12,2;21,2;2,0;-9,154;0,0;20,781;81,25;0,995;-0,098
2026-04-08;6,9;19,3;24,8;21,396;81,333;1003,425;5,395;11,78;A887;4314407;Pelotas / Capao do Leao;-31,802;-52,407;13,0;0,0;0;11,6;0,4;18,9;28,1;3,0;-5,575;0,0;21,565;83,667;0,993;-0,115
2026-04-09;0,0;15,7;24,0;18,821;82,333;1013,825;4,15;17,39;A887;4314407;Pelotas / Capao do Leao;-31,802;-52,407;13,0;0,0;0;6,9;11,6;18,5;28,1;3,0;10,4;1,0;20,926;85,208;0,991;-0,132
2026-04-10;0,0;13,8;23,7;17,742;75,167;1018,675;0,1;21,06;A887;4314407;Pelotas / Capao do Leao;-31,802;-52,407;13,0;0,0;0;0,0;6,9;6,9;27,9;3,0;4,85;2,0;19,319;79,611;0,989;-0,149
2026-04-11;0,0;10,9;26,0;18,142;83,542;1018,833;;19,42;A887;4314407;Pelotas / Capao do Leao;-31,802;-52,407;13,0;0,6;0;0,0;0,0;0,0;19,1;2,0;0,158;3,0;18,235;80,347;0,986;-0,166
2026-04-12;0,6;19,7;27,5;22,671;82,208;1015,938;1,96;12,4;A887;4314407;Pelotas / Capao do Leao;-31,802;-52,407;13,0;0,2;0;0,0;0,0;0,6;19,5;2,0;-2,896;4,0;19,518;80,306;0,983;-0,183
2026-04-13;0,2;18,7;25,7;21,412;91,833;1016,529;2,411;10,55;A887;4314407;Pelotas / Capao do Leao;-31,802;-52,407;13,0;0,0;0;0,6;0,0;0,8;19,3;2,0;0,592;5,0;20,742;85,861;0,98;-0,2
2026-04-14;0,0;18,5;27,2;22,054;90,75;1015,496;1,3;13,11;A887;4314407;Pelotas / Capao do Leao;-31,802;-52,407;13,0;0,0;0;0,2;0,6;0,8;7,7;1,0;-1,033;6,0;22,046;88,264;0,976;-0,217
2026-04-15;0,0;22,5;26,6;23,883;84,042;1013,246;;13,63;A887;4314407;Pelotas / Capao do Leao;-31,802;-52,407;13,0;0,0;0;0,0;0,2;0,2;0,8;0,0;-2,25;7,0;22,45;88,875;0,972;-0,233
2026-04-16;0,0;21,7;25,3;22,812;91,042;1008,204;4,792;9,39;A887;4314407;Pelotas / Capao do Leao;-31,802;-52,407;13,0;0,4;0;0,0;0,0;0,0;0,8;0,0;-5,042;8,0;22,917;88,611;0,968;-0,25
2026-04-17;0,4;20,3;25,5;22,529;83,208;1004,575;3,15;10,67;A887;4314407;Pelotas / Capao do Leao;-31,802;-52,407;13,0;0,0;0;0,0;0,0;0,4;1,2;0,0;-3,629;9,0;23,075;86,097;0,964;-0,267
2026-04-18;0,0;17,2;27,2;21,45;76,458;1007,408;3,183;18,75;A887;4314407;Pelotas / Capao do Leao;-31,802;-52,407;13,0;0,0;0;0,4;0,0;0,4;1,2;0,0;2,833;10,0;22,264;83,569;0,959;-0,283
2026-04-19;0,0;14,0;28,3;20,242;81,917;1011,658;1,073;18,69;A887;4314407;Pelotas / Capao do Leao;-31,802;-52,407;13,0;0,0;0;0,0;0,4;0,4;0,6;0,0;4,25;11,0;21,407;80,528;0,954;-0,3
2026-04-20;0,0;13,2;24,9;19,079;88,792;1015,217;1,333;13,68;A887;4314407;Pelotas / Capao do Leao;-31,802;-52,407;13,0;0,8;0;0,0;0,0;0,0;0,4;0,0;3,558;12,0;20,257;82,389;0,949;-0,316
2026-04-21;0,8;19,5;25,7;21,792;91,25;1015,308;2,35;7,56;A887;4314407;Pelotas / Capao do Leao;-31,802;-52,407;13,0;0,2;0;0,0;0,0;0,8;1,2;0,0;0,092;13,0;20,371;87,319;0,943;-0,332
2026-04-22;0,2;17,6;28,0;22,25;87,25;1014,429;2,026;14,15;A887;4314407;Pelotas / Capao do Leao;-31,802;-52,407;13,0;0,0;0;0,8;0,0;1,0;1,4;0,0;-0,879;14,0;21,04;89,097;0,937;-0,348
2026-04-23;0,0;15,7;22,7;18,383;85,417;1019,221;1,3;7,93;A887;4314407;Pelotas / Capao do Leao;-31,802;-52,407;13,0;0,2;0;0,2;0,8;1,0;1,4;0,0;4,792;15,0;20,808;87,972;0,931;-0,364
2026-04-24;0,2;16,6;22,4;18,779;90,542;1017,642;1,064;6,02;A887;4314407;Pelotas / Capao do Leao;-31,802;-52,407;13,0;1,2;1;0,0;0,2;0,4;1,2;0,0;-1,579;16,0;19,804;87,736;0,925;-0,38
2026-04-25;1,2;17,0;25,0;19,896;90,167;1012,621;1,887;11,65;A887;4314407;Pelotas / Capao do Leao;-31,802;-52,407;13,0;0,0;0;0,2;0,0;1,4;2,4;1,0;-5,021;0,0;19,019;88,708;0,918;-0,396
2026-04-26;0,0;15,1;27,0;20,325;80,167;1008,325;2,026;16,27;A887;4314407;Pelotas / Capao do Leao;-31,802;-52,407;13,0;0,0;0;1,2;0,2;1,4;2,4;1,0;-4,296;1,0;19,667;86,958;0,911;-0,412
2026-04-27;0,0;9,3;21,8;14,417;57,25;1012,15;4,564;18,08;A887;4314407;Pelotas / Capao do Leao;-31,802;-52,407;13,0;0,0;0;0,0;1,2;1,2;2,4;1,0;3,825;2,0;18,212;75,861;0,904;-0,428
2026-04-28;0,0;8,2;19,9;13,971;65,667;1016,758;1,95;17,47;A887;4314407;Pelotas / Capao do Leao;-31,802;-52,407;13,0;14,5;1;0,0;0,0;0,0;1,6;1,0;4,608;3,0;16,237;67,694;0,896;-0,443
2026-04-29;14,5;6,6;24,4;14,492;69,917;1014,008;2,815;16,92;A887;4314407;Pelotas / Capao do Leao;-31,802;-52,407;13,0;0,0;0;0,0;0,0;14,5;15,9;2,0;-2,75;0,0;14,293;64,278;0,889;-0,458
2026-04-30;0,0;9,1;24,5;16,092;75,75;1015,396;1,358;16,68;A887;4314407;Pelotas / Capao do Leao;-31,802;-52,407;13,0;16,4;1;14,5;0,0;14,5;15,9;2,0;1,388;1,0;14,851;70,444;0,881;-0,474
2026-05-01;16,4;14,0;19,4;16,612;96,75;1013,938;2,053;2,53;A887;4314407;Pelotas / Capao do Leao;-31,802;-52,407;13,0;0,8;0;0,0;14,5;30,9;32,1;3,0;-1,458;0,0;15,732;80,806;0,872;-0,489
2026-05-02;0,8;12,1;19,7;17,888;81,083;1014,258;2,83;12,08;A887;4314407;Pelotas / Capao do Leao;-31,802;-52,407;13,0;0,0;0;16,4;0,0;17,2;31,7;2,0;0,321;1,0;16,864;84,528;0,864;-0,504
2026-05-03;0,0;7,7;18,9;12,446;66,917;1022,675;2,908;16,81;A887;4314407;Pelotas / Capao do Leao;-31,802;-52,407;13,0;0,0;0;0,8;16,4;17,2;31,7;2,0;8,417;2,0;15,649;81,583;0,855;-0,519
2026-05-04;0,0;5,9;25,3;13,796;82,792;1015,446;1,465;15,39;A887;4314407;Pelotas / Capao do Leao;-31,802;-52,407;13,0;2,2;1;0,0;0,8;0,8;31,7;2,0;-7,229;3,0;14,71;76,931;0,846;-0,533
2026-05-05;2,2;14,1;27,2;18,929;92,792;1014,125;1,775;8,05;A887;4314407;Pelotas / Capao do Leao;-31,802;-52,407;13,0;0,0;0;0,0;0,0;2,2;33,9;3,0;-1,321;0,0;15,057;80,833;0,837;-0,548
2026-05-06;0,0;19,2;26,5;21,717;90,75;1013,725;3,296;11,96;A887;4314407;Pelotas / Capao do Leao;-31,802;-52,407;13,0;1,0;1;2,2;0,0;2,2;19,4;2,0;-0,4;1,0;18,147;88,778;0,827;-0,562
2026-05-07;1,0;18,6;30,4;23,463;81,667;1003,183;4,125;6,15;A887;4314407;Pelotas / Capao do Leao;-31,802;-52,407;13,0;17,7;1;0,0;2,2;3,2;20,4;3,0;-10,542;0,0;21,369;88,403;0,817;-0,576
2026-05-08;17,7;11,6;18,7;15,067;73,667;1002,375;3,127;10,27;A887;4314407;Pelotas / Capao do Leao;-31,802;-52,407;13,0;0,0;0;1,0;0,0;18,7;21,7;3,0;-0,808;0,0;20,082;82,028;0,807;-0,59
2026-05-09;0,0;6,7;16,0;11,05;61,708;1012,358;3,412;14,37;A887;4314407;Pelotas / Capao do Leao;-31,802;-52,407;13,0;0,0;0;17,7;1,0;18,7;20,9;3,0;9,983;1,0;16,526;72,347;0,797;-0,604
2026-05-10;0,0;8,4;15,3;11,392;70,5;1018,429;5,663;15,61;A887;4314407;Pelotas / Capao do Leao;-31,802;-52,407;13,0;0,0;0;0,0;17,7;17,7;20,9;3,0;6,071;2,0;12,503;68,625;0,787;-0,617
2026-05-11;0,0;8,4;17,7;12,025;61,625;1018,617;4,385;15,57;A887;4314407;Pelotas / Capao do Leao;-31,802;-52,407;13,0;0,0;0;0,0;0,0;0,0;20,9;3,0;0,188;3,0;11,489;64,611;0,776;-0,631
2026-05-12;0,0;5,1;21,7;12,638;65,208;1016,446;2,175;15,3;A887;4314407;Pelotas / Capao do Leao;-31,802;-52,407;13,0;0,0;0;0,0;0,0;0,0;18,7;2,0;-2,171;4,0;12,018;65,778;0,765;-0,644
2026-05-13;0,0;9,1;19,4;14,967;68,458;1015,162;2,875;13,82;A887;4314407;Pelotas / Capao do Leao;-31,802;-52,407;13,0;0,0;0;0,0;0,0;0,0;18,7;2,0;-1,283;5,0;13,21;65,097;0,754;-0,657
2026-05-14;0,0;9,1;17,0;12,339;81,478;1017,904;4,526;12,79;A887;4314407;Pelotas / Capao do Leao;-31,802;-52,407;13,0;0,0;0;0,0;0,0;0,0;17,7;1,0;2,742;6,0;13,314;71,715;0,742;-0,67
2026-05-15;0,0;4,9;18,3;10,979;85,292;1019,833;3,075;14,64;A887;4314407;Pelotas / Capao do Leao;-31,802;-52,407;13,0;0,0;0;0,0;0,0;0,0;0,0;0,0;1,929;7,0;12,762;78,409;0,731;-0,683
2026-05-16;0,0;4,3;18,6;10,575;89,75;1016,55;3,911;8,5;A887;4314407;Pelotas / Capao do Leao;-31,802;-52,407;13,0;0,0;0;0,0;0,0;0,0;0,0;0,0;-3,283;8,0;11,298;85,507;0,719;-0,695
2026-05-17;0,0;12,6;17,7;14,246;87,25;1017,192;;5,29;A887;4314407;Pelotas / Capao do Leao;-31,802;-52,407;13,0;0,0;0;0,0;0,0;0,0;0,0;0,0;0,642;9,0;11,933;87,431;0,707;-0,707
2026-05-18;0,0;7,3;16,3;11,45;76,417;1022,571;3,933;12,5;A887;4314407;Pelotas / Capao do Leao;-31,802;-52,407;13,0;0,0;0;0,0;0,0;0,0;0,0;0,0;5,379;10,0;12,09;84,472;0,694;-0,72
2026-05-19;0,0;4,1;17,2;9,888;75,667;1022,067;3,148;14,2;A887;4314407;Pelotas / Capao do Leao;-31,802;-52,407;13,0;0,0;0;0,0;0,0;0,0;0,0;0,0;-0,504;11,0;11,861;79,778;0,682;-0,731
2026-05-20;0,0;8,0;17,8;12,354;66,375;1020,887;5,15;13,99;A887;4314407;Pelotas / Capao do Leao;-31,802;-52,407;13,0;0,0;0;0,0;0,0;0,0;0,0;0,0;-1,179;12,0;11,231;72,819;0,669;-0,743
2026-05-21;0,0;6,3;15,1;10,846;77,458;1025,675;4,1;10,4;A887;4314407;Pelotas / Capao do Leao;-31,802;-52,407;13,0;0,0;0;0,0;0,0;0,0;0,0;0,0;4,788;13,0;11,029;73,167;0,656;-0,754
2026-05-22;0,0;8,1;16,2;11,188;87,542;1027,325;8,7;6,53;A887;4314407;Pelotas / Capao do Leao;-31,802;-52,407;13,0;4,2;1;0,0;0,0;0,0;0,0;0,0;1,65;14,0;11,462;77,125;0,643;-0,766
2026-05-23;4,2;11,8;19,3;14,412;92,042;1025,579;10,847;10,41;A887;4314407;Pelotas / Capao do Leao;-31,802;-52,407;13,0;0,2;0;0,0;0,0;4,2;4,2;1,0;-1,746;0,0;12,149;85,681;0,63;-0,777
2026-05-24;0,2;11,7;20,4;14,704;91,333;1022,842;2,167;11,05;A887;4314407;Pelotas / Capao do Leao;-31,802;-52,407;13,0;0,0;0;4,2;0,0;4,4;4,4;1,0;-2,737;1,0;13,435;90,306;0,617;-0,787
2026-05-25;0,0;9,1;20,1;14,321;92,625;1020,533;5,023;7,52;A887;4314407;Pelotas / Capao do Leao;-31,802;-52,407;13,0;9,1;1;0,2;4,2;4,4;4,4;1,0;-2,308;2,0;14,479;92,0;0,603;-0,798
2026-05-26;9,1;15,7;19,3;16,7;94,25;1018,825;2,98;5,03;A887;4314407;Pelotas / Capao do Leao;-31,802;-52,407;13,0;0,0;0;0,0;0,2;9,3;13,5;2,0;-1,708;0,0;15,242;92,736;0,589;-0,808
2026-05-27;0,0;12,1;17,4;14,496;94,833;1022,288;;6,37;A887;4314407;Pelotas / Capao do Leao;-31,802;-52,407;13,0;0,0;0;9,1;0,0;9,1;13,5;2,0;3,463;1,0;15,172;93,903;0,575;-0,818
2026-05-28;0,0;11,6;19,2;14,317;89,792;1022,288;;6,4;A887;4314407;Pelotas / Capao do Leao;-31,802;-52,407;13,0;0,0;0;0,0;9,1;9,1;13,5;2,0;0,0;2,0;15,171;92,958;0,561;-0,828
2026-05-29;0,0;10,3;19,7;14,683;88,958;1022,371;4,057;8,4;A887;4314407;Pelotas / Capao do Leao;-31,802;-52,407;13,0;0,0;0;0,0;0,0;0,0;13,5;2,0;0,083;3,0;14,499;91,194;0,547;-0,837
2026-05-30;0,0;15,2;21,4;17,246;88,708;1021,25;1,55;8,33;A887;4314407;Pelotas / Capao do Leao;-31,802;-52,407;13,0;0,0;0;0,0;0,0;0,0;9,3;1,0;-1,121;4,0;15,415;89,153;0,532;-0,847
2026-05-31;0,0;12,5;18,5;15,642;93,667;1019,838;;4,81;A887;4314407;Pelotas / Capao do Leao;-31,802;-52,407;13,0;0,0;0;0,0;0,0;0,0;9,1;1,0;-1,413;5,0;15,857;90,444;0,518;-0,856
2026-06-01;0,0;11,4;17,0;13,952;88,13;1022,2;;7,78;A887;4314407;Pelotas / Capao do Leao;-31,802;-52,407;13,0;2,0;1;0,0;0,0;0,0;9,1;1,0;2,362;6,0;15,613;90,168;0,503;-0,864
2026-06-02;2,0;11,1;18,9;14,983;87,0;1025,621;;8,96;A887;4314407;Pelotas / Capao do Leao;-31,802;-52,407;13,0;0,0;0;0,0;0,0;2,0;2,0;1,0;3,421;0,0;14,859;89,599;0,488;-0,873
2026-06-03;0,0;15,3;20,8;17,029;89,125;1025,679;2,991;8,5;A887;4314407;Pelotas / Capao do Leao;-31,802;-52,407;13,0;0,0;0;2,0;0,0;2,0;2,0;1,0;0,058;1,0;15,322;88,085;0,473;-0,881
2026-06-04;0,0;15,7;21,8;18,062;87,667;1026,0;1,479;10,53;A887;4314407;Pelotas / Capao do Leao;-31,802;-52,407;13,0;0,0;0;0,0;2,0;2,0;2,0;1,0;0,321;2,0;16,692;87,931;0,458;-0,889
2026-06-05;0,0;13,7;23,3;17,183;92,125;1021,988;0,75;9,03;A887;4314407;Pelotas / Capao do Leao;-31,802;-52,407;13,0;0,2;0;0,0;0,0;0,0;2,0;1,0;-4,012;3,0;17,425;89,639;0,442;-0,897
2026-06-06;0,2;13,9;16,2;14,979;97,792;1017,65;0,0;3,45;A887;4314407;Pelotas / Capao do Leao;-31,802;-52,407;13,0;0,0;0;0,0;0,0;0,2;2,2;1,0;-4,338;4,0;16,742;92,528;0,427;-0,904
2026-06-07;0,0;14,3;18,9;16,162;91,5;1017,821;0,312;6,84;A887;4314407;Pelotas / Capao do Leao;-31,802;-52,407;13,0;10,1;1;0,2;0,0;0,2;2,2;1,0;0,171;5,0;16,108;93,806;0,411;-0,912
2026-06-08;10,1;13,7;16,5;14,871;94,958;1018,029;0,0;3,23;A887;4314407;Pelotas / Capao do Leao;-31,802;-52,407;13,0;7,5;1;0,0;0,2;10,3;12,3;2,0;0,208;0,0;15,337;94,75;0,395;-0,919
2026-06-09;7,5;12,0;18,0;14,404;91,625;1016,658;0,1;9,9;A887;4314407;Pelotas / Capao do Leao;-31,802;-52,407;13,0;0,2;0;10,1;0,0;17,6;17,8;2,0;-1,371;0,0;15,146;92,694;0,379;-0,925
2026-06-10;0,2;8,6;18,3;12,1;93,042;1016,804;5,083;9,11;A887;4314407;Pelotas / Capao do Leao;-31,802;-52,407;13,0;0,0;0;7,5;10,1;17,8;18,0;2,0;0,146;1,0;13,792;93,208;0,363;-0,932
2026-06-11;0,0;8,7;18,0;13,1;95,083;1016,212;5,413;6,34;A887;4314407;Pelotas / Capao do Leao;-31,802;-52,407;13,0;45,8;1;0,2;7,5;7,7;18,0;2,0;-0,592;2,0;13,201;93,25;0,347;-0,938
2026-06-12;45,8;13,0;14,9;14,15;98,625;1011,875;0,0;1,0;A887;4314407;Pelotas / Capao do Leao;-31,802;-52,407;13,0;0,0;0;0,0;0,2;46,0;63,8;3,0;-4,337;0,0;13,117;95,583;0,331;-0,944
2026-06-13;0,0;11,8;18,8;14,496;88,667;1014,908;0,195;10,69;A887;4314407;Pelotas / Capao do Leao;-31,802;-52,407;13,0;0,6;0;45,8;0,0;45,8;63,6;3,0;3,033;1,0;13,915;94,125;0,315;-0,949
2026-06-14;0,6;8,7;14,4;12,242;82,5;1018,504;3,382;5,93;A887;4314407;Pelotas / Capao do Leao;-31,802;-52,407;13,0;0,0;0;0,0;45,8;46,4;64,2;3,0;3,596;2,0;13,629;89,931;0,299;-0,954
2026-06-15;0,0;2,5;12,8;7,321;83,875;1022,221;3,325;12,62;A887;4314407;Pelotas / Capao do Leao;-31,802;-52,407;13,0;0,0;0;0,6;0,0;0,6;54,1;2,0;3,717;3,0;11,353;85,014;0,282;-0,959
2026-06-16;0,0;1,2;18,2;8,821;76,458;1019,308;2,912;12,59;A887;4314407;Pelotas / Capao do Leao;-31,802;-52,407;13,0;0,0;0;0,0;0,6;0,6;46,6;1,0;-2,912;4,0;9,461;80,944;0,266;-0,964
2026-06-17;0,0;8,6;16,5;12,833;71,833;1021,125;4,408;12,47;A887;4314407;Pelotas / Capao do Leao;-31,802;-52,407;13,0;0,0;0;0,0;0,0;0,0;46,4;1,0;1,817;5,0;9,658;77,389;0,249;-0,969
2026-06-18;0,0;3,4;16,8;9,562;91,125;1022,425;5,022;8,43;A887;4314407;Pelotas / Capao do Leao;-31,802;-52,407;13,0;3,6;1;0,0;0,0;0,0;46,4;1,0;1,3;6,0;10,406;79,806;0,232;-0,973
2026-06-19;3,6;11,9;17,4;14,117;87,833;1013,317;8,624;3,64;A887;4314407;Pelotas / Capao do Leao;-31,802;-52,407;13,0;0,0;0;0,0;0,0;3,6;4,2;1,0;-9,108;0,0;12,171;83,597;0,215;-0,977
2026-06-20;0,0;4,8;15,6;10,071;82,25;1017,308;3,058;11,8;A887;4314407;Pelotas / Capao do Leao;-31,802;-52,407;13,0;0,0;0;3,6;0,0;3,6;4,2;1,0;3,992;1,0;11,25;87,069;0,199;-0,98
2026-06-21;0,0;1,6;14,6;7,712;87,875;1016,0;2,696;9,1;A887;4314407;Pelotas / Capao do Leao;-31,802;-52,407;13,0;11,9;1;0,0;3,6;3,6;3,6;1,0;-1,308;2,0;10,633;85,986;0,182;-0,983
2026-06-22;11,9;8,0;11,5;9,529;94,958;1012,983;4,942;2,38;A887;4314407;Pelotas / Capao do Leao;-31,802;-52,407;13,0;0,0;0;0,0;0,0;11,9;15,5;2,0;-3,017;0,0;9,104;88,361;0,165;-0,986
2026-06-23;0,0;6,2;12,5;9,092;74,75;1015,142;4,667;11,11;A887;4314407;Pelotas / Capao do Leao;-31,802;-52,407;13,0;0,0;0;11,9;0,0;11,9;15,5;2,0;2,158;1,0;8,778;85,861;0,148;-0,989
2026-06-24;0,0;4,3;15,3;8,933;67,25;1017,442;1,842;10,56;A887;4314407;Pelotas / Capao do Leao;-31,802;-52,407;13,0;0,0;0;0,0;11,9;11,9;15,5;2,0;2,3;2,0;9,185;78,986;0,131;-0,991
2026-06-25;0,0;3,6;18,1;10,175;71,542;1020,842;1,375;12,27;A887;4314407;Pelotas / Capao do Leao;-31,802;-52,407;13,0;0,0;0;0,0;0,0;0,0;15,5;2,0;3,4;3,0;9,4;71,181;0,114;-0,994
2026-06-26;0,0;5,8;18,6;11,279;77,5;1022,054;5,983;12,1;A887;4314407;Pelotas / Capao do Leao;-31,802;-52,407;13,0;0,2;0;0,0;0,0;0,0;11,9;1,0;1,212;4,0;10,129;72,097;0,097;-0,995
2026-06-27;0,2;2,6;18,0;9,45;90,417;1021,629;3,852;12,55;A887;4314407;Pelotas / Capao do Leao;-31,802;-52,407;13,0;9,1;1;0,0;0,0;0,2;12,1;1,0;-0,425;5,0;10,301;79,819;0,079;-0,997
2026-06-28;9,1;12,6;18,7;14,263;94,958;1014,217;0,246;2,89;A887;4314407;Pelotas / Capao do Leao;-31,802;-52,407;13,0;0,0;0;0,2;0,0;9,3;21,2;2,0;-7,412;0,0;11,664;87,625;0,062;-0,998
2026-06-29;0,0;6,8;15,0;10,758;85,5;1018,775;3,613;9,83;A887;4314407;Pelotas / Capao do Leao;-31,802;-52,407;13,0;0,2;0;9,1;0,2;9,3;9,3;1,0;4,558;1,0;11,49;90,292;0,045;-0,999
2026-06-30;0,2;1,6;14,3;7,821;91,083;1019,5;5,725;10,48;A887;4314407;Pelotas / Capao do Leao;-31,802;-52,407;13,0;0,0;0;0,0;9,1;9,3;9,5;1,0;0,725;2,0;10,947;90,514;0,028;-1,0
2026-07-01;0,0;10,8;19,3;13,579;91,667;1017,329;7,804;7,2;A887;4314407;Pelotas / Capao do Leao;-31,802;-52,407;13,0;3,8;1;0,2;0,0;0,2;9,5;1,0;-2,171;3,0;10,719;89,417;0,011;-1,0
2026-07-02;3,8;8,2;14,6;11,525;94,083;1022,608;3,321;2,09;A887;4314407;Pelotas / Capao do Leao;-31,802;-52,407;13,0;0,0;0;0,0;0,2;4,0;13,3;2,0;5,279;0,0;10,975;92,278;-0,006;-1,0
2026-07-03;0,0;2,3;11,5;6,608;78,542;1024,988;3,012;10,22;A887;4314407;Pelotas / Capao do Leao;-31,802;-52,407;13,0;0,2;0;3,8;0,0;3,8;13,3;2,0;2,379;1,0;10,571;88,097;-0,024;-1,0
2026-07-04;0,2;8,5;10,8;9,525;94,375;1024,85;6,767;4,81;A887;4314407;Pelotas / Capao do Leao;-31,802;-52,407;13,0;0,4;0;0,0;3,8;4,0;13,3;2,0;-0,137;2,0;9,219;89,0;-0,041;-0,999
2026-07-05;0,4;9,6;14,3;11,162;96,833;1021,804;10,85;5,79;A887;4314407;Pelotas / Capao do Leao;-31,802;-52,407;13,0;0,8;0;0,2;0,0;0,6;4,6;1,0;-3,046;3,0;9,099;89,917;-0,058;-0,998
2026-07-06;0,8;8,9;14,1;11,796;83,625;1017,792;9,8;9,31;A887;4314407;Pelotas / Capao do Leao;-31,802;-52,407;13,0;0,0;0;0,4;0,2;1,4;5,4;1,0;-4,013;4,0;10,828;91,611;-0,075;-0,997
2026-07-07;0,0;4,2;15,6;9,604;65,75;1018,992;4,917;13,3;A887;4314407;Pelotas / Capao do Leao;-31,802;-52,407;13,0;0,0;0;0,8;0,4;1,2;5,2;1,0;1,2;5,0;10,854;82,069;-0,092;-0,996
2026-07-08;0,0;5,1;20,4;11,162;72,292;1018,625;5,404;12,08;A887;4314407;Pelotas / Capao do Leao;-31,802;-52,407;13,0;0,0;0;0,0;0,8;0,8;5,2;1,0;-0,367;6,0;10,854;73,889;-0,109;-0,994
2026-07-09;0,0;5,9;22,6;12,346;80,708;1015,883;4,929;11,8;A887;4314407;Pelotas / Capao do Leao;-31,802;-52,407;13,0;0,0;0;0,0;0,0;0,0;1,4;0,0;-2,742;7,0;11,038;72,917;-0,127;-0,992
2026-07-10;0,0;9,9;19,1;13,821;81,625;1014,446;3,863;10,82;A887;4314407;Pelotas / Capao do Leao;-31,802;-52,407;13,0;2,0;1;0,0;0,0;0,0;1,4;0,0;-1,438;8,0;12,443;78,208;-0,144;-0,99
2026-07-11;2,0;13,1;15,3;14,021;95,083;1013,708;0,0;2,78;A887;4314407;Pelotas / Capao do Leao;-31,802;-52,407;13,0;7,7;1;0,0;0,0;2,0;3,2;1,0;-0,737;0,0;13,396;85,806;-0,161;-0,987
2026-07-12;7,7;10,2;13,8;12,013;91,167;1016,179;5,492;5,44;A887;4314407;Pelotas / Capao do Leao;-31,802;-52,407;13,0;0,4;0;2,0;0,0;9,7;10,5;2,0;2,471;0,0;13,285;89,292;-0,178;-0,984
2026-07-13;0,4;9,9;15,7;12,125;92,958;1021,962;11,729;7,73;A887;4314407;Pelotas / Capao do Leao;-31,802;-52,407;13,0;0,0;0;7,7;2,0;10,1;10,1;2,0;5,783;1,0;12,719;93,069;-0,194;-0,981
2026-07-14;0,0;8,4;18,4;11,846;92,542;1021,946;7,371;12,63;A887;4314407;Pelotas / Capao do Leao;-31,802;-52,407;13,0;4,6;1;0,4;7,7;8,1;10,1;2,0;-0,017;2,0;11,994;92,222;-0,211;-0,977
2026-07-15;4,6;7,2;22,5;13,661;84,783;1017,091;2,45;13,23;A887;4314407;Pelotas / Capao do Leao;-31,802;-52,407;13,0;0,0;0;0,0;0,4;5,0;14,7;3,0;-4,855;0,0;12,544;90,094;-0,228;-0,974
2026-07-16;0,0;9,8;27,5;16,088;83,458;1011,779;1,713;10,88;A887;4314407;Pelotas / Capao do Leao;-31,802;-52,407;13,0;0,0;0;4,6;0,0;4,6;14,7;3,0;-5,312;1,0;13,865;86,928;-0,245;-0,97
2026-07-17;0,0;18,2;29,5;22,088;69,75;1004,438;1,708;8,95;A887;4314407;Pelotas / Capao do Leao;-31,802;-52,407;13,0;0,0;0;0,0;4,6;4,6;14,7;3,0;-7,342;2,0;17,279;79,33;-0,261;-0,965
2026-07-18;0,0;18,0;23,1;21,1;81,875;1002,879;1,754;1,99;A887;4314407;Pelotas / Capao do Leao;-31,802;-52,407;13,0;24,1;1;0,0;0,0;0,0;12,7;2,0;-1,558;3,0;19,758;78,361;-0,278;-0,961
2026-07-19;24,1;15,8;19,3;17,446;90,25;1003,758;1,492;1,21;A887;4314407;Pelotas / Capao do Leao;-31,802;-52,407;13,0;48,5;1;0,0;0,0;24,1;29,1;2,0;0,879;0,0;20,211;80,625;-0,294;-0,956
2026-07-20;48,5;16,1;19,2;17,079;97,292;1006,592;1,688;1,21;A887;4314407;Pelotas / Capao do Leao;-31,802;-52,407;13,0;0,2;0;24,1;0,0;72,6;77,2;3,0;2,833;0,0;18,542;89,806;-0,311;-0,95
2026-07-21;0,2;15,8;17,7;16,546;99,333;1006,8;1,7;2,03;A887;4314407;Pelotas / Capao do Leao;-31,802;-52,407;13,0;6,0;1;48,5;24,1;72,8;77,4;3,0;0,208;1,0;17,024;95,625;-0,327;-0,945
2026-07-22;6,0;14,2;17,3;15,754;95,125;1011,721;1,662;4,64;A887;4314407;Pelotas / Capao do Leao;-31,802;-52,407;13,0;6,1;1;0,2;48,5;54,7;78,8;3,0;4,921;0,0;16,46;97,25;-0,343;-0,939
2026-07-23;6,1;11,6;18,4;14,412;87,708;1019,812;1,792;12,82;A887;4314407;Pelotas / Capao do Leao;-31,802;-52,407;13,0;0,0;0;6,0;0,2;12,3;84,9;4,0;8,092;0,0;15,571;94,056;-0,359;-0,933
2026-07-24;0,0;8,2;19,7;13,317;91,042;1019,683;1,846;8,43;A887;4314407;Pelotas / Capao do Leao;-31,802;-52,407;13,0;0,0;0;6,1;6,0;12,1;84,9;4,0;-0,129;1,0;14,494;91,292;-0,375;-0,927
2026-07-25;0,0;11,4;19,0;15,446;93,292;1017,817;1,85;12,59;A887;4314407;Pelotas / Capao do Leao;-31,802;-52,407;13,0;0,0;0;0,0;6,1;6,1;84,9;4,0;-1,867;2,0;14,392;90,681;-0,391;-0,92
2026-07-26;0,0;14,0;18,5;15,983;95,5;1015,562;1,621;4,14;A887;4314407;Pelotas / Capao do Leao;-31,802;-52,407;13,0;4,9;1;0,0;0,0;0,0;60,8;3,0;-2,254;3,0;14,915;93,278;-0,407;-0,913
2026-07-27;4,9;14,4;19,6;16,292;95,833;1012,692;1,579;4,97;A887;4314407;Pelotas / Capao do Leao;-31,802;-52,407;13,0;29,5;1;0,0;0,0;4,9;17,2;3,0;-2,871;0,0;15,907;94,875;-0,423;-0,906
2026-07-28;29,5;15,0;21,0;17,504;97,375;1008,304;1,604;4,89;A887;4314407;Pelotas / Capao do Leao;-31,802;-52,407;13,0;7,2;1;4,9;0,0;34,4;46,5;4,0;-4,387;0,0;16,593;96,236;-0,438;-0,899
2026-07-29;7,2;13,7;18,8;15,862;93,958;1012,788;1,671;7,14;A887;4314407;Pelotas / Capao do Leao;-31,802;-52,407;13,0;0,2;0;29,5;4,9;41,6;47,7;4,0;4,483;0,0;16,553;95,722;-0,454;-0,891
2026-07-30;0,2;12,3;19,1;15,421;90,042;1021,121;1,608;11,55;A887;4314407;Pelotas / Capao do Leao;-31,802;-52,407;13,0;0,0;0;7,2;29,5;36,9;41,8;3,0;8,333;1,0;16,262;93,792;-0,469;-0,883
2026-07-31;0,0;15,1;22,4;18,25;87,5;1016,971;1,704;12,81;A887;4314407;Pelotas / Capao do Leao;-31,802;-52,407;13,0;5,9;1;0,2;7,2;7,4;41,8;3,0;-4,15;2,0;16,511;90,5;-0,484;-0,875
2026-08-01;5,9;15,7;27,4;18,704;87,917;1008,833;1,688;9,59;A887;4314407;Pelotas / Capao do Leao;-31,802;-52,407;13,0;2,4;1;0,0;0,2;6,1;47,7;4,0;-8,137;0,0;17,458;88,486;-0,499;-0,867
2026-08-02;2,4;14,0;17,9;15,85;93,625;1016,883;1,517;5,58;A887;4314407;Pelotas / Capao do Leao;-31,802;-52,407;13,0;0,0;0;5,9;0,0;8,3;50,1;5,0;8,05;0,0;17,601;89,681;-0,514;-0,858
2026-08-03;0,0;15,2;22,5;17,554;93,333;1016,175;1,717;7,21;A887;4314407;Pelotas / Capao do Leao;-31,802;-52,407;13,0;0,8;0;2,4;5,9;8,3;45,2;4,0;-0,708;1,0;17,369;91,625;-0,529;-0,849
2026-08-04;0,8;17,0;21,4;18,633;96,5;1013,812;1,833;5,43;A887;4314407;Pelotas / Capao do Leao;-31,802;-52,407;13,0;5,3;1;0,0;2,4;3,2;16,5;3,0;-2,363;2,0;17,346;94,486;-0,543;-0,84
2026-08-05;5,3;15,2;22,3;17,171;96,583;1012,829;1,725;6,76;A887;4314407;Pelotas / Capao do Leao;-31,802;-52,407;13,0;32,7;1;0,8;0,0;6,1;14,6;3,0;-0,983;0,0;17,786;95,472;-0,557;-0,83
2026-08-06;32,7;15,5;26,0;19,054;93,417;1004,096;1,642;10,68;A887;4314407;Pelotas / Capao do Leao;-31,802;-52,407;13,0;0,6;0;5,3;0,8;38,8;47,1;4,0;-8,733;0,0;18,286;95,5;-0,572;-0,82
2026-08-07;0,6;9,0;17,0;12,688;73,167;1007,113;1,562;15,01;A887;4314407;Pelotas / Capao do Leao;-31,802;-52,407;13,0;0,0;0;32,7;5,3;38,6;47,7;4,0;3,017;1,0;16,304;87,722;-0,586;-0,811
2026-08-08;0,0;4,7;16,2;9,429;85,375;1008,042;1,854;9,99;A887;4314407;Pelotas / Capao do Leao;-31,802;-52,407;13,0;0,0;0;0,6;32,7;33,3;41,8;3,0;0,929;2,0;13,724;83,986;-0,6;-0,8
2026-08-09;0,0;5,9;15,1;10,392;65,583;1017,467;1,329;17,16;A887;4314407;Pelotas / Capao do Leao;-31,802;-52,407;13,0;0,0;0;0,0;0,6;0,6;39,4;2,0;9,425;3,0;10,836;74,708;-0,613;-0,79
2026-08-10;0,0;5,2;13,5;8,854;74,0;1029,212;1,475;13,25;A887;4314407;Pelotas / Capao do Leao;-31,802;-52,407;13,0;0,0;0;0,0;0,0;0,0;39,4;2,0;11,746;4,0;9,558;74,986;-0,627;-0,779
2026-08-11;0,0;5,1;15,9;9,921;84,25;1029,842;1,654;14,43;A887;4314407;Pelotas / Capao do Leao;-31,802;-52,407;13,0;9,0;1;0,0;0,0;0,0;38,6;2,0;0,629;5,0;9,722;74,611;-0,64;-0,768
2026-08-12;9,0;12,3;15,2;13,275;89,542;1020,642;1,525;2,61;A887;4314407;Pelotas / Capao do Leao;-31,802;-52,407;13,0;14,6;1;0,0;0,0;9,0;42,3;2,0;-9,2;0,0;10,683;82,597;-0,653;-0,757
2026-08-13;14,6;10,8;13,4;11,962;98,083;1019,092;1,667;1,6;A887;4314407;Pelotas / Capao do Leao;-31,802;-52,407;13,0;1,2;1;9,0;0,0;23,6;24,2;2,0;-1,55;0,0;11,719;90,625;-0,666;-0,746
2026-08-14;1,2;11,5;17,2;14,071;90,583;1022,646;1,6;6,78;A887;4314407;Pelotas / Capao do Leao;-31,802;-52,407;13,0;0,2;0;14,6;9,0;24,8;24,8;3,0;3,554;0,0;13,103;92,736;-0,679;-0,734
2026-08-15;0,2;15,1;17,5;16,208;89,917;1019,354;1,658;3,57;A887;4314407;Pelotas / Capao do Leao;-31,802;-52,407;13,0;55,2;1;1,2;14,6;16,0;25,0;3,0;-3,292;1,0;14,081;92,861;-0,691;-0,723
2026-08-16;55,2;16,6;18,9;17,596;98,0;1013,521;1,683;0,66;A887;4314407;Pelotas / Capao do Leao;-31,802;-52,407;13,0;36,3;1;0,2;1,2;56,6;80,2;4,0;-5,833;0,0;15,958;92,833;-0,704;-0,711
2026-08-17;36,3;17,1;19,3;18,079;98,625;1012,017;1,692;1,89;A887;4314407;Pelotas / Capao do Leao;-31,802;-52,407;13,0;51,0;1;55,2;0,2;91,7;116,5;5,0;-1,504;0,0;17,294;95,514;-0,716;-0,698
2026-08-18;51,0;15,0;20,0;17,617;99,083;1014,387;1,588;3,7;A887;4314407;Pelotas / Capao do Leao;-31,802;-52,407;13,0;2,4;1;36,3;55,2;142,5;167,5;6,0;2,371;0,0;17,764;98,569;-0,728;-0,686
2026-08-19;2,4;13,2;15,0;13,875;99,417;1019,754;1,492;3,13;A887;4314407;Pelotas / Capao do Leao;-31,802;-52,407;13,0;4,9;1;51,0;36,3;89,7;160,9;6,0;5,367;0,0;16,524;99,042;-0,739;-0,673
2026-08-20;4,9;14,2;14,4;14,35;100,0;1019,9;1,7;0,0;A887;4314407;Pelotas / Capao do Leao;-31,802;-52,407;13,0;0,0;0;2,4;51,0;58,3;151,2;6,0;0,146;0,0;15,281;99,5;-0,751;-0,66
2026-01-07;0,0;20,3;34,4;24,754;72,542;1011,596;5,667;22,29;A899;4317301;Santa Vitoria do Palmar;-33,742;-53,372;7,41;0,0;0;0,0;0,0;0,0;3,4;1,0;-4,608;5,0;21,329;69,153;0,12;0,993
2026-01-08;0,0;19,5;24,8;21,4;69,652;1018,557;9,365;19,98;A899;4317301;Santa Vitoria do Palmar;-33,742;-53,372;7,41;0,0;0;0,0;0,0;0,0;3,4;1,0;6,961;6,0;22,471;70,856;0,137;0,991
2026-01-09;0,0;19,9;23,2;21,333;72,125;1019,212;7,758;11,72;A899;4317301;Santa Vitoria do Palmar;-33,742;-53,372;7,41;25,0;1;0,0;0,0;0,0;0,0;0,0;0,656;7,0;22,496;71,44;0,154;0,988
2026-01-10;25,0;20,0;30,4;24,2;80,25;1007,8;8,325;27,45;A899;4317301;Santa Vitoria do Palmar;-33,742;-53,372;7,41;1,0;1;0,0;0,0;25,0;25,0;1,0;-11,412;0,0;22,311;74,009;0,171;0,985
2026-01-11;1,0;17,5;27,6;21,158;82,583;1005,229;5,938;22,62;A899;4317301;Santa Vitoria do Palmar;-33,742;-53,372;7,41;0,0;0;25,0;0,0;26,0;26,0;2,0;-2,571;0,0;22,231;78,319;0,188;0,982
2026-01-12;0,0;18,3;28,0;23,704;77,75;1012,121;4,583;32,15;A899;4317301;Santa Vitoria do Palmar;-33,742;-53,372;7,41;0,0;0;1,0;25,0;26,0;26,0;2,0;6,892;1,0;23,021;80,194;0,205;0,979
2026-01-13;0,0;21,6;29,3;24,946;81,583;1013,629;5,204;31,75;A899;4317301;Santa Vitoria do Palmar;-33,742;-53,372;7,41;0,0;0;0,0;1,0;1,0;26,0;2,0;1,508;2,0;23,269;80,639;0,222;0,975
2026-01-14;0,0;22,1;28,8;24,696;84,167;1013,829;3,854;27,21;A899;4317301;Santa Vitoria do Palmar;-33,742;-53,372;7,41;16,8;1;0,0;0,0;0,0;26,0;2,0;0,2;3,0;24,449;81,167;0,239;0,971
2026-01-15;16,8;21,3;36,4;26,25;80,0;1011,296;3,788;26,09;A899;4317301;Santa Vitoria do Palmar;-33,742;-53,372;7,41;0,6;0;0,0;0,0;16,8;42,8;3,0;-2,533;0,0;25,297;81,917;0,255;0,967
2026-01-16;0,6;22,1;27,4;24,642;78,875;1013,558;7,038;29,75;A899;4317301;Santa Vitoria do Palmar;-33,742;-53,372;7,41;0,0;0;16,8;0,0;17,4;43,4;3,0;2,263;1,0;25,196;81,014;0,272;0,962
2026-01-17;0,0;15,1;27,6;22,767;71,125;1013,921;3,854;32,25;A899;4317301;Santa Vitoria do Palmar;-33,742;-53,372;7,41;0,0;0;0,6;16,8;17,4;18,4;2,0;0,362;2,0;24,553;76,667;0,288;0,958
2026-01-18;0,0;18,3;27,5;22,417;75,167;1012,242;6,921;20,57;A899;4317301;Santa Vitoria do Palmar;-33,742;-53,372;7,41;0,0;0;0,0;0,6;0,6;17,4;1,0;-1,679;3,0;23,275;75,056;0,305;0,952
2026-01-19;0,0;18,2;25,0;21,046;57,417;1020,246;8,8;29,26;A899;4317301;Santa Vitoria do Palmar;-33,742;-53,372;7,41;1,0;1;0,0;0,0;0,0;17,4;1,0;8,004;4,0;22,076;67,903;0,321;0,947
2026-01-20;1,0;15,8;24,0;19,362;74,208;1020,358;4,096;12,68;A899;4317301;Santa Vitoria do Palmar;-33,742;-53,372;7,41;0,0;0;0,0;0,0;1,0;18,4;2,0;0,112;0,0;20,942;68,931;0,337;0,941
2026-01-21;0,0;14,7;27,1;21,226;62,217;1019,939;3,87;28,82;A899;4317301;Santa Vitoria do Palmar;-33,742;-53,372;7,41;0,2;0;1,0;0,0;1,0;18,4;2,0;-0,419;1,0;20,545;64,614;0,353;0,935
2026-01-22;0,2;19,3;27,0;22,658;66,708;1019,654;5,621;28,38;A899;4317301;Santa Vitoria do Palmar;-33,742;-53,372;7,41;0,0;0;0,0;1,0;1,2;1,8;1,0;-0,285;2,0;21,082;67,711;0,369;0,929
2026-01-23;0,0;17,7;27,2;22,996;67,167;1020,029;5,183;32,68;A899;4317301;Santa Vitoria do Palmar;-33,742;-53,372;7,41;0,0;0;0,2;0,0;0,2;1,2;1,0;0,375;3,0;22,293;65,364;0,385;0,923
2026-01-24;0,0;17,4;27,0;22,979;64,5;1018,863;5,446;31,85;A899;4317301;Santa Vitoria do Palmar;-33,742;-53,372;7,41;0,0;0;0,0;0,2;0,2;1,2;1,0;-1,167;4,0;22,878;66,125;0,401;0,916
2026-01-25;0,0;19,8;28,4;23,633;78,083;1018,367;5,529;29,45;A899;4317301;Santa Vitoria do Palmar;-33,742;-53,372;7,41;0,0;0;0,0;0,0;0,0;1,2;1,0;-0,496;5,0;23,203;69,917;0,417;0,909
2026-01-26;0,0;21,1;28,5;24,567;80,25;1017,204;5,733;29,7;A899;4317301;Santa Vitoria do Palmar;-33,742;-53,372;7,41;3,8;1;0,0;0,0;0,0;1,2;1,0;-1,162;6,0;23,726;74,278;0,432;0,902
2026-01-27;3,8;21,2;29,2;24,496;87,0;1015,558;4,25;22,22;A899;4317301;Santa Vitoria do Palmar;-33,742;-53,372;7,41;0,2;0;0,0;0,0;3,8;4,0;1,0;-1,646;0,0;24,232;81,778;0,448;0,894
2026-01-28;0,2;22,2;29,5;25,433;87,625;1015,817;3,567;29,23;A899;4317301;Santa Vitoria do Palmar;-33,742;-53,372;7,41;0,0;0;3,8;0,0;4,0;4,2;1,0;0,258;1,0;24,832;84,958;0,463;0,886
2026-01-29;0,0;23,5;29,7;26,062;82,042;1015,896;4,812;30,67;A899;4317301;Santa Vitoria do Palmar;-33,742;-53,372;7,41;0,0;0;0,2;3,8;4,0;4,0;1,0;0,079;2,0;25,331;85,556;0,478;0,878
2026-01-30;0,0;22,3;27,7;24,433;78,125;1015,433;7,112;18,36;A899;4317301;Santa Vitoria do Palmar;-33,742;-53,372;7,41;0,0;0;0,0;0,2;0,2;4,0;1,0;-0,462;3,0;25,31;82,597;0,493;0,87
2026-01-31;0,0;20,8;29,3;23,833;72,375;1012,354;5,383;23,4;A899;4317301;Santa Vitoria do Palmar;-33,742;-53,372;7,41;0,0;0;0,0;0,0;0,0;4,0;1,0;-3,079;4,0;24,776;77,514;0,508;0,861
2026-02-01;0,0;22,2;28,8;24,738;72,125;1008,387;7,804;28,75;A899;4317301;Santa Vitoria do Palmar;-33,742;-53,372;7,41;0,0;0;0,0;0,0;0,0;4,0;1,0;-3,967;5,0;24,335;74,208;0,523;0,852
2026-02-02;0,0;16,7;29,5;24,021;66,292;1009,429;4,638;30,65;A899;4317301;Santa Vitoria do Palmar;-33,742;-53,372;7,41;0,0;0;0,0;0,0;0,0;4,0;1,0;1,042;6,0;24,197;70,264;0,538;0,843
2026-02-03;0,0;20,8;35,2;25,391;76,957;1007,73;3,687;25,31;A899;4317301;Santa Vitoria do Palmar;-33,742;-53,372;7,41;0,0;0;0,0;0,0;0,0;0,2;0,0;-1,699;7,0;24,717;71,791;0,552;0,834
2026-02-04;0,0;22,5;30,5;26,787;75,417;1010,038;3,471;29,06;A899;4317301;Santa Vitoria do Palmar;-33,742;-53,372;7,41;6,2;1;0,0;0,0;0,0;0,0;0,0;2,307;8,0;25,4;72,888;0,566;0,824
2026-02-05;6,2;22,6;35,5;25,833;82,75;1012,079;3,762;16,69;A899;4317301;Santa Vitoria do Palmar;-33,742;-53,372;7,41;0,0;0;0,0;0,0;6,2;6,2;1,0;2,042;0,0;26,004;78,374;0,58;0,814
2026-02-06;0,0;21,4;27,3;23,896;78,261;1013,291;6,622;20,24;A899;4317301;Santa Vitoria do Palmar;-33,742;-53,372;7,41;0,0;0;6,2;0,0;6,2;6,2;1,0;1,212;1,0;25,505;78,809;0,594;0,804
2026-02-07;0,0;14,2;31,4;22,383;63,667;1016,621;4,608;29,64;A899;4317301;Santa Vitoria do Palmar;-33,742;-53,372;7,41;0,0;0;0,0;6,2;6,2;6,2;1,0;3,33;2,0;24,037;74,893;0,608;0,794
2026-02-08;0,0;16,1;28,7;22,562;71,333;1016,896;3,629;29,83;A899;4317301;Santa Vitoria do Palmar;-33,742;-53,372;7,41;0,0;0;0,0;0,0;0,0;6,2;1,0;0,275;3,0;22,947;71,087;0,622;0,783
2026-02-09;0,0;17,7;28,5;23,492;70,042;1014,542;5,012;27,74;A899;4317301;Santa Vitoria do Palmar;-33,742;-53,372;7,41;0,0;0;0,0;0,0;0,0;6,2;1,0;-2,354;4,0;22,812;68,347;0,635;0,772
2026-02-10;0,0;21,9;30,3;25,508;82,208;1010,483;3,775;27,41;A899;4317301;Santa Vitoria do Palmar;-33,742;-53,372;7,41;0,0;0;0,0;0,0;0,0;6,2;1,0;-4,058;5,0;23,854;74,528;0,648;0,761
2026-02-11;0,0;22,5;37,6;27,004;76,5;1007,596;5,238;27,44;A899;4317301;Santa Vitoria do Palmar;-33,742;-53,372;7,41;41,2;1;0,0;0,0;0,0;6,2;1,0;-2,887;6,0;25,335;76,25;0,661;0,75
2026-02-12;41,2;18,6;23,9;21,758;87,958;1012,671;7,025;5,86;A899;4317301;Santa Vitoria do Palmar;-33,742;-53,372;7,41;0,0;0;0,0;0,0;41,2;41,2;1,0;5,075;0,0;24,757;82,222;0,674;0,739
2026-02-13;0,0;19,3;26,3;22,004;82,478;1016,93;5,839;20,84;A899;4317301;Santa Vitoria do Palmar;-33,742;-53,372;7,41;0,0;0;41,2;0,0;41,2;41,2;1,0;4,26;1,0;23,589;82,312;0,687;0,727
2026-02-14;0,0;17,2;26,2;21,892;60,542;1022,042;5,35;29,28;A899;4317301;Santa Vitoria do Palmar;-33,742;-53,372;7,41;0,2;0;0,0;41,2;41,2;41,2;1,0;5,111;2,0;21,885;76,993;0,699;0,715
2026-02-15;0,2;18,6;27,6;22,787;75,542;1016,15;5,429;14,21;A899;4317301;Santa Vitoria do Palmar;-33,742;-53,372;7,41;0,0;0;0,0;0,0;0,2;41,4;1,0;-5,892;3,0;22,228;72,854;0,711;0,703
2026-02-16;0,0;21,6;28,1;24,554;83,5;1012,317;6,042;27,57;A899;4317301;Santa Vitoria do Palmar;-33,742;-53,372;7,41;0,0;0;0,2;0,0;0,2;41,4;1,0;-3,833;4,0;23,078;73,194;0,723;0,691
2026-02-17;0,0;19,5;28,9;24,037;81,833;1013,746;4,271;28,33;A899;4317301;Santa Vitoria do Palmar;-33,742;-53,372;7,41;0,0;0;0,0;0,2;0,2;41,4;1,0;1,429;5,0;23,793;80,292;0,735;0,678
2026-02-18;0,0;19,8;29,0;24,854;79,083;1014,562;4,646;28,57;A899;4317301;Santa Vitoria do Palmar;-33,742;-53,372;7,41;5,2;1;0,0;0,0;0,0;41,4;1,0;0,817;6,0;24,482;81,472;0,747;0,665
2026-02-19;5,2;20,2;27,8;23,271;82,833;1012,104;3,246;11,33;A899;4317301;Santa Vitoria do Palmar;-33,742;-53,372;7,41;7,8;1;0,0;0,0;5,2;5,4;1,0;-2,458;0,0;24,054;81,25;0,758;0,652
2026-02-20;7,8;19,0;28,1;22,867;84,708;1014,671;5,333;27,15;A899;4317301;Santa Vitoria do Palmar;-33,742;-53,372;7,41;0,0;0;5,2;0,0;13,0;13,2;2,0;2,567;0,0;23,664;82,208;0,769;0,639
2026-02-21;0,0;20,5;27,8;23,746;64,917;1018,721;5,175;27,65;A899;4317301;Santa Vitoria do Palmar;-33,742;-53,372;7,41;0,0;0;7,8;5,2;13,0;13,2;2,0;4,05;1,0;23,294;77,486;0,78;0,626
2026-02-22;0,0;21,8;28,4;24,154;72,542;1019,387;6,663;23,76;A899;4317301;Santa Vitoria do Palmar;-33,742;-53,372;7,41;1,2;1;0,0;7,8;7,8;13,0;2,0;0,667;2,0;23,589;74,056;0,791;0,612
2026-02-23;1,2;22,8;27,5;24,396;80,042;1015,529;7,212;20,48;A899;4317301;Santa Vitoria do Palmar;-33,742;-53,372;7,41;39,4;1;0,0;0,0;1,2;14,2;3,0;-3,858;0,0;24,099;72,5;0,801;0,599
2026-02-24;39,4;20,5;31,5;24,825;80,792;1008,6;4,825;18,37;A899;4317301;Santa Vitoria do Palmar;-33,742;-53,372;7,41;0,2;0;1,2;0,0;40,6;53,6;4,0;-6,929;0,0;24,458;77,792;0,811;0,585
2026-02-25;0,2;19,6;24,7;21,621;80,292;1010,067;8,854;24,24;A899;4317301;Santa Vitoria do Palmar;-33,742;-53,372;7,41;0,0;0;39,4;1,2;40,8;53,8;4,0;1,467;1,0;23,614;80,375;0,821;0,571
2026-02-26;0,0;14,4;25,5;19,875;69,542;1013,271;5,767;20,07;A899;4317301;Santa Vitoria do Palmar;-33,742;-53,372;7,41;0,0;0;0,2;39,4;39,6;48,6;3,0;3,204;2,0;22,107;76,875;0,831;0,557
2026-02-27;0,0;13,3;23,9;19,558;70,083;1015,154;3,633;25,03;A899;4317301;Santa Vitoria do Palmar;-33,742;-53,372;7,41;0,0;0;0,0;0,2;0,2;40,8;2,0;1,883;3,0;20,351;73,306;0,84;0,542
2026-02-28;0,0;17,2;26,5;22,043;65,696;1016,004;4,348;23,31;A899;4317301;Santa Vitoria do Palmar;-33,742;-53,372;7,41;0,0;0;0,0;0,0;0,0;40,8;2,0;0,85;4,0;20,492;68,44;0,849;0,528
2026-03-01;0,0;14,4;26,7;21,704;69,333;1016,95;3,883;27,1;A899;4317301;Santa Vitoria do Palmar;-33,742;-53,372;7,41;0,0;0;0,0;0,0;0,0;40,8;2,0;0,946;5,0;21,102;68,371;0,858;0,513
2026-03-02;0,0;20,4;26,7;23,112;65,667;1014,583;6,379;26,58;A899;4317301;Santa Vitoria do Palmar;-33,742;-53,372;7,41;0,0;0;0,0;0,0;0,0;39,6;1,0;-2,367;6,0;22,287;66,899;0,867;0,498
2026-03-03;0,0;20,6;28,0;23,925;76,583;1012,696;5,958;23,99;A899;4317301;Santa Vitoria do Palmar;-33,742;-53,372;7,41;13,2;1;0,0;0,0;0,0;0,2;0,0;-1,888;7,0;22,914;70,528;0,876;0,483
2026-03-04;13,2;20,5;24,3;22,567;89,333;1013,425;4,179;3,62;A899;4317301;Santa Vitoria do Palmar;-33,742;-53,372;7,41;0,0;0;0,0;0,0;13,2;13,2;1,0;0,729;0,0;23,201;77,194;0,884;0,468
2026-03-05;0,0;19,9;26,3;23,612;85,25;1017,0;6,004;23,77;A899;4317301;Santa Vitoria do Palmar;-33,742;-53,372;7,41;0,0;0;13,2;0,0;13,2;13,2;1,0;3,575;1,0;23,368;83,722;0,892;0,453
2026-03-06;0,0;22,3;27,4;23,787;80,625;1017,442;6,558;19,64;A899;4317301;Santa Vitoria do Palmar;-33,742;-53,372;7,41;13,2;1;0,0;13,2;13,2;13,2;1,0;0,442;2,0;23,322;85,069;0,899;0,437
2026-03-07;13,2;19,4;22,9;21,479;91,083;1014,088;8,788;9,38;A899;4317301;Santa Vitoria do Palmar;-33,742;-53,372;7,41;0,6;0;0,0;0,0;13,2;26,4;2,0;-3,354;0,0;22,96;85,653;0,907;0,422
2026-03-08;0,6;20,3;24,9;22,171;68,625;1017,438;9,438;23,15;A899;4317301;Santa Vitoria do Palmar;-33,742;-53,372;7,41;0,2;0;13,2;0,0;13,8;27,0;2,0;3,35;1,0;22,479;80,111;0,914;0,406
2026-03-09;0,2;18,7;25,5;21,588;62,333;1021,521;7,142;19,91;A899;4317301;Santa Vitoria do Palmar;-33,742;-53,372;7,41;0,0;0;0,6;13,2;14,0;27,2;2,0;4,083;2,0;21,746;74,014;0,921;0,39
2026-03-10;0,0;19,6;25,4;21,858;61,458;1021,758;5,946;17,61;A899;4317301;Santa Vitoria do Palmar;-33,742;-53,372;7,41;31,6;1;0,2;0,6;0,8;27,2;2,0;0,237;3,0;21,872;64,139;0,927;0,374
2026-03-11;31,6;19,0;21,9;20,375;89,375;1019,083;7,833;4,87;A899;4317301;Santa Vitoria do Palmar;-33,742;-53,372;7,41;4,0;1;0,0;0,2;31,8;45,6;2,0;-2,675;0,0;21,274;71,056;0,934;0,358
2026-03-12;4,0;19,3;25,6;22,4;85,304;1016,843;6,939;21,06;A899;4317301;Santa Vitoria do Palmar;-33,742;-53,372;7,41;0,0;0;31,6;0,0;35,6;49,6;3,0;-2,24;0,0;21,544;78,713;0,94;0,342
2026-03-13;0,0;20,7;26,2;22,596;79,652;1014,552;5,896;20,85;A899;4317301;Santa Vitoria do Palmar;-33,742;-53,372;7,41;0,0;0;4,0;31,6;35,6;49,6;3,0;-2,291;1,0;21,79;84,777;0,945;0,326
2026-03-14;0,0;21,2;26,3;23,157;82,0;1011,47;5,196;22,27;A899;4317301;Santa Vitoria do Palmar;-33,742;-53,372;7,41;0,0;0;0,0;4,0;4,0;36,4;2,0;-3,083;2,0;22,717;82,319;0,951;0,31
2026-03-15;0,0;17,6;27,6;22,408;85,25;1009,858;2,867;22,5;A899;4317301;Santa Vitoria do Palmar;-33,742;-53,372;7,41;0,0;0;0,0;0,0;0,0;35,8;2,0;-1,611;3,0;22,72;82,301;0,956;0,293
2026-03-16;0,0;20,1;28,9;23,508;87,75;1011,804;4,458;20,17;A899;4317301;Santa Vitoria do Palmar;-33,742;-53,372;7,41;0,2;0;0,0;0,0;0,0;35,6;2,0;1,946;4,0;23,024;85,0;0,961;0,277
2026-03-17;0,2;23,7;29,0;24,946;89,292;1011,342;4,729;8,3;A899;4317301;Santa Vitoria do Palmar;-33,742;-53,372;7,41;47,2;1;0,0;0,0;0,2;35,8;2,0;-0,462;5,0;23,621;87,431;0,966;0,26
2026-03-18;47,2;22,1;24,8;23,208;93,417;1012,188;7,308;9,63;A899;4317301;Santa Vitoria do Palmar;-33,742;-53,372;7,41;0,0;0;0,2;0,0;47,4;51,4;2,0;0,846;0,0;23,888;90,153;0,97;0,244
2026-03-19;0,0;21,2;26,9;23,067;81,958;1013,233;7,096;19,51;A899;4317301;Santa Vitoria do Palmar;-33,742;-53,372;7,41;0,0;0;47,2;0,2;47,4;47,4;1,0;1,046;1,0;23,74;88,222;0,974;0,227
2026-03-20;0,0;22,1;26,4;23,692;84,917;1012,212;5,517;20,24;A899;4317301;Santa Vitoria do Palmar;-33,742;-53,372;7,41;3,6;1;0,0;47,2;47,2;47,4;1,0;-1,021;2,0;23,322;86,764;0,978;0,21
2026-03-21;3,6;21,6;26,6;23,812;85,417;1007,538;5,946;10,03;A899;4317301;Santa Vitoria do Palmar;-33,742;-53,372;7,41;0,0;0;0,0;0,0;3,6;51,0;2,0;-4,675;0,0;23,524;84,097;0,981;0,193
2026-03-22;0,0;13,8;26,0;20,35;79,25;1012,75;4,212;22,46;A899;4317301;Santa Vitoria do Palmar;-33,742;-53,372;7,41;19,8;1;3,6;0,0;3,6;51,0;2,0;5,212;1,0;22,618;83,194;0,984;0,176
2026-03-23;19,8;18,4;21,7;20,521;83,917;1011,6;5,479;4,0;A899;4317301;Santa Vitoria do Palmar;-33,742;-53,372;7,41;0,2;0;0,0;3,6;23,4;70,8;3,0;-1,15;0,0;21,561;82,861;0,987;0,16
2026-03-24;0,2;13,2;24,0;18,392;78,625;1012,262;3,842;23,05;A899;4317301;Santa Vitoria do Palmar;-33,742;-53,372;7,41;0,0;0;19,8;0,0;20,0;70,8;3,0;0,662;1,0;19,754;80,597;0,99;0,143
2026-03-25;0,0;13,5;24,2;18,65;75,333;1016,783;2,829;22,91;A899;4317301;Santa Vitoria do Palmar;-33,742;-53,372;7,41;0,0;0;0,2;19,8;20,0;23,6;2,0;4,521;2,0;19,187;79,292;0,992;0,125
2026-03-26;0,0;14,2;25,4;20,017;80,25;1018,596;3,304;22,18;A899;4317301;Santa Vitoria do Palmar;-33,742;-53,372;7,41;0,0;0;0,0;0,2;0,2;23,6;2,0;1,812;3,0;19,019;78,069;0,994;0,108
2026-03-27;0,0;21,5;27,3;23,412;87,375;1017,746;4,017;13,29;A899;4317301;Santa Vitoria do Palmar;-33,742;-53,372;7,41;0,0;0;0,0;0,0;0,0;23,6;2,0;-0,85;4,0;20,693;80,986;0,996;0,091
2026-03-28;0,0;23,0;26,2;23,708;96,792;1018,446;3,45;8,37;A899;4317301;Santa Vitoria do Palmar;-33,742;-53,372;7,41;3,4;1;0,0;0,0;0,0;20,0;1,0;0,7;5,0;22,379;88,139;0,997;0,074
2026-03-29;3,4;22,7;24,6;23,55;98,25;1018,538;3,092;3,92;A899;4317301;Santa Vitoria do Palmar;-33,742;-53,372;7,41;0,2;0;0,0;0,0;3,4;23,4;2,0;0,092;0,0;23,557;94,139;0,998;0,057
2026-03-30;0,2;22,3;26,3;23,775;94,083;1018,038;4,183;15,34;A899;4317301;Santa Vitoria do Palmar;-33,742;-53,372;7,41;0,0;0;3,4;0,0;3,6;3,8;1,0;-0,5;1,0;23,678;96,375;0,999;0,04
2026-03-31;0,0;22,4;26,4;23,917;92,0;1015,525;4,792;16,29;A899;4317301;Santa Vitoria do Palmar;-33,742;-53,372;7,41;0,0;0;0,2;3,4;3,6;3,6;1,0;-2,513;2,0;23,747;94,778;1,0;0,023
2026-04-01;0,0;18,5;27,2;23,496;85,167;1013,125;3,829;20,34;A899;4317301;Santa Vitoria do Palmar;-33,742;-53,372;7,41;0,0;0;0,0;0,2;0,2;3,6;1,0;-2,4;3,0;23,729;90,417;1,0;0,005
2026-04-02;0,0;19,1;26,7;22,575;90,75;1012,521;3,258;17,48;A899;4317301;Santa Vitoria do Palmar;-33,742;-53,372;7,41;0,0;0;0,0;0,0;0,0;3,6;1,0;-0,604;4,0;23,329;89,306;1,0;-0,012
2026-04-03;0,0;19,1;27,0;22,354;88,25;1013,925;2,371;18,79;A899;4317301;Santa Vitoria do Palmar;-33,742;-53,372;7,41;0,2;0;0,0;0,0;0,0;3,6;1,0;1,404;5,0;22,808;88,056;1,0;-0,029
2026-04-04;0,2;17,5;22,4;20,525;83,833;1016,188;8,429;4,09;A899;4317301;Santa Vitoria do Palmar;-33,742;-53,372;7,41;0,0;0;0,0;0,0;0,2;3,8;1,0;2,262;6,0;21,818;87,611;0,999;-0,046
2026-04-05;0,0;16,7;22,2;18,688;60,417;1023,312;7,938;17,29;A899;4317301;Santa Vitoria do Palmar;-33,742;-53,372;7,41;0,0;0;0,2;0,0;0,2;0,4;0,0;7,125;7,0;20,522;77,5;0,998;-0,063
2026-04-06;0,0;18,5;22,3;20,625;71,292;1020,558;6,658;3,55;A899;4317301;Santa Vitoria do Palmar;-33,742;-53,372;7,41;19,4;1;0,0;0,2;0,2;0,2;0,0;-2,754;8,0;19,946;71,847;0,997;-0,081
2026-04-07;19,4;20,6;26,3;22,671;89,792;1010,038;5,212;7,83;A899;4317301;Santa Vitoria do Palmar;-33,742;-53,372;7,41;10,0;1;0,0;0,0;19,4;19,6;1,0;-10,521;0,0;20,661;73,833;0,995;-0,098
2026-04-08;10,0;18,5;22,8;20,217;88,792;1002,142;9,296;12,56;A899;4317301;Santa Vitoria do Palmar;-33,742;-53,372;7,41;0,0;0;19,4;0,0;29,4;29,6;2,0;-7,896;0,0;21,171;83,292;0,993;-0,115
2026-04-09;0,0;14,0;22,3;18,121;82,417;1015,096;6,158;18,95;A899;4317301;Santa Vitoria do Palmar;-33,742;-53,372;7,41;0,0;0;10,0;19,4;29,4;29,6;2,0;12,954;1,0;20,336;87,0;0,991;-0,132
2026-04-10;0,0;10,8;22,9;16,471;74,792;1019,988;3,708;19,62;A899;4317301;Santa Vitoria do Palmar;-33,742;-53,372;7,41;0,0;0;0,0;10,0;10,0;29,6;2,0;4,892;2,0;18,269;82,0;0,989;-0,149
2026-04-11;0,0;9,6;24,0;17,404;80,458;1020,604;3,071;18,2;A899;4317301;Santa Vitoria do Palmar;-33,742;-53,372;7,41;0,8;0;0,0;0,0;0,0;29,4;2,0;0,617;3,0;17,332;79,222;0,986;-0,166
2026-04-12;0,8;19,5;24,7;21,404;89,875;1016,429;4,525;8,89;A899;4317301;Santa Vitoria do Palmar;-33,742;-53,372;7,41;0,0;0;0,0;0,0;0,8;30,2;2,0;-4,175;4,0;18,426;81,708;0,983;-0,183
2026-04-13;0,0;17,6;23,7;20,609;89,609;1018,565;4,048;18,2;A899;4317301;Santa Vitoria do Palmar;-33,742;-53,372;7,41;0,2;0;0,8;0,0;0,8;30,2;2,0;2,136;5,0;19,806;86,647;0,98;-0,2
2026-04-14;0,2;18,5;23,3;20,879;90,375;1017,6;4,288;8,55;A899;4317301;Santa Vitoria do Palmar;-33,742;-53,372;7,41;0,0;0;0,0;0,8;1,0;11,0;1,0;-0,965;6,0;20,964;89,953;0,976;-0,217
2026-04-15;0,0;21,6;24,4;22,529;92,625;1015,508;6,221;9,14;A899;4317301;Santa Vitoria do Palmar;-33,742;-53,372;7,41;46,8;1;0,2;0,0;0,2;1,0;0,0;-2,092;7,0;21,339;90,87;0,972;-0,233
2026-04-16;46,8;20,8;22,9;22,075;93,792;1009,129;6,204;4,07;A899;4317301;Santa Vitoria do Palmar;-33,742;-53,372;7,41;2,6;1;0,0;0,2;47,0;47,8;1,0;-6,379;0,0;21,828;92,264;0,968;-0,25
2026-04-17;2,6;19,4;23,9;21,033;92,208;1003,512;3,962;7,52;A899;4317301;Santa Vitoria do Palmar;-33,742;-53,372;7,41;0,0;0;46,8;0,0;49,4;50,4;2,0;-5,617;0,0;21,879;92,875;0,964;-0,267
2026-04-18;0,0;15,9;26,1;20,025;85,917;1007,7;4,688;14,82;A899;4317301;Santa Vitoria do Palmar;-33,742;-53,372;7,41;0,0;0;2,6;46,8;49,4;50,4;2,0;4,188;1,0;21,044;90,639;0,959;-0,283
2026-04-19;0,0;15,0;27,9;19,988;83,292;1012,629;2,792;16,88;A899;4317301;Santa Vitoria do Palmar;-33,742;-53,372;7,41;0,0;0;0,0;2,6;2,6;49,6;2,0;4,929;2,0;20,349;87,139;0,954;-0,3
2026-04-20;0,0;15,9;22,2;19,354;90,042;1016,8;2,729;4,18;A899;4317301;Santa Vitoria do Palmar;-33,742;-53,372;7,41;6,2;1;0,0;0,0;0,0;49,6;2,0;4,171;3,0;19,789;86,417;0,949;-0,316
2026-04-21;6,2;18,2;23,3;20,7;91,417;1017,262;4,138;9,23;A899;4317301;Santa Vitoria do Palmar;-33,742;-53,372;7,41;0,0;0;0,0;0,0;6,2;55,6;3,0;0,462;0,0;20,014;88,25;0,943;-0,332
2026-04-22;0,0;16,1;24,7;21,262;84,125;1015,054;3,821;15,62;A899;4317301;Santa Vitoria do Palmar;-33,742;-53,372;7,41;0,0;0;6,2;0,0;6,2;55,6;3,0;-2,208;1,0;20,439;88,528;0,937;-0,348
2026-04-23;0,0;12,3;22,9;16,692;82,542;1020,65;2,625;12,62;A899;4317301;Santa Vitoria do Palmar;-33,742;-53,372;7,41;0,0;0;0,0;6,2;6,2;8,8;2,0;5,596;2,0;19,551;86,028;0,931;-0,364
2026-04-24;0,0;14,2;23,6;19,046;81,292;1019,821;3,529;15,75;A899;4317301;Santa Vitoria do Palmar;-33,742;-53,372;7,41;0,0;0;0,0;0,0;0,0;6,2;1,0;-0,829;3,0;19,0;82,653;0,925;-0,38
2026-04-25;0,0;16,3;23,8;20,622;83,957;1014,691;2,883;15,73;A899;4317301;Santa Vitoria do Palmar;-33,742;-53,372;7,41;1,8;1;0,0;0,0;0,0;6,2;1,0;-5,13;4,0;18,786;82,597;0,918;-0,396
2026-04-26;1,8;13,8;24,1;18,696;83,13;1008,378;3,535;14,94;A899;4317301;Santa Vitoria do Palmar;-33,742;-53,372;7,41;0,0;0;0,0;0,0;1,8;8,0;2,0;-6,313;0,0;19,454;82,793;0,911;-0,412
2026-04-27;0,0;8,4;17,1;12,558;69,917;1010,521;6,075;11,84;A899;4317301;Santa Vitoria do Palmar;-33,742;-53,372;7,41;0,0;0;1,8;0,0;1,8;8,0;2,0;2,143;1,0;17,292;79,001;0,904;-0,428
2026-04-28;0,0;7,9;18,2;12,383;72,042;1016,692;3,483;15,51;A899;4317301;Santa Vitoria do Palmar;-33,742;-53,372;7,41;0,0;0;0,0;1,8;1,8;1,8;1,0;6,171;2,0;14,546;75,03;0,896;-0,443
2026-04-29;0,0;10,1;21,9;14,721;60,958;1013,688;4,279;13,42;A899;4317301;Santa Vitoria do Palmar;-33,742;-53,372;7,41;0,0;0;0,0;0,0;0,0;1,8;1,0;-3,004;3,0;13,221;67,639;0,889;-0,458
2026-04-30;0,0;10,1;21,7;16,008;74,708;1016,171;3,308;15,77;A899;4317301;Santa Vitoria do Palmar;-33,742;-53,372;7,41;0,0;0;0,0;0,0;0,0;1,8;1,0;2,483;4,0;14,371;69,236;0,881;-0,474
2026-05-01;0,0;14,3;21,9;17,821;85,542;1014,412;3,65;6,68;A899;4317301;Santa Vitoria do Palmar;-33,742;-53,372;7,41;0,8;0;0,0;0,0;0,0;1,8;1,0;-1,758;5,0;16,183;73,736;0,872;-0,489
2026-05-02;0,8;10,9;18,0;16,246;73,208;1015,738;6,7;14,97;A899;4317301;Santa Vitoria do Palmar;-33,742;-53,372;7,41;0,0;0;0,0;0,0;0,8;2,6;1,0;1,325;6,0;16,692;77,819;0,864;-0,504
2026-05-03;0,0;5,9;18,3;11,321;70,708;1023,217;3,637;15,77;A899;4317301;Santa Vitoria do Palmar;-33,742;-53,372;7,41;0,0;0;0,8;0,0;0,8;0,8;0,0;7,479;7,0;15,129;76,486;0,855;-0,519
2026-05-04;0,0;8,7;20,5;13,821;72,875;1015,967;3,462;14,5;A899;4317301;Santa Vitoria do Palmar;-33,742;-53,372;7,41;0,0;0;0,0;0,8;0,8;0,8;0,0;-7,25;8,0;13,796;72,264;0,846;-0,533
2026-05-05;0,0;12,6;23,3;17,104;81,292;1014,829;2,25;11,6;A899;4317301;Santa Vitoria do Palmar;-33,742;-53,372;7,41;3,2;1;0,0;0,0;0,0;0,8;0,0;-1,137;9,0;14,082;74,958;0,837;-0,548
2026-05-06;3,2;18,6;27,8;20,75;88,833;1013,983;3,125;8,88;A899;4317301;Santa Vitoria do Palmar;-33,742;-53,372;7,41;70,2;1;0,0;0,0;3,2;4,0;1,0;-0,846;0,0;17,225;81,0;0,827;-0,562
2026-05-07;70,2;17,0;24,8;19,975;92,25;1002,892;5,738;0,17;A899;4317301;Santa Vitoria do Palmar;-33,742;-53,372;7,41;7,2;1;3,2;0,0;73,4;74,2;2,0;-11,092;0,0;19,276;87,458;0,817;-0,576
2026-05-08;7,2;10,3;17,4;12,938;86,292;1000,325;5,742;5,89;A899;4317301;Santa Vitoria do Palmar;-33,742;-53,372;7,41;0,0;0;70,2;3,2;80,6;81,4;3,0;-2,567;0,0;17,888;89,125;0,807;-0,59
2026-05-09;0,0;6,6;14,0;10,229;71,625;1009,867;5,988;12,7;A899;4317301;Santa Vitoria do Palmar;-33,742;-53,372;7,41;0,0;0;7,2;70,2;77,4;80,6;3,0;9,542;1,0;14,381;83,389;0,797;-0,604
2026-05-10;0,0;8,0;14,2;10,148;76,476;1017,562;5,538;12,23;A899;4317301;Santa Vitoria do Palmar;-33,742;-53,372;7,41;0,0;0;0,0;7,2;7,2;80,6;3,0;7,695;2,0;11,105;78,131;0,787;-0,617
2026-05-11;0,0;6,7;16,5;10,608;74,417;1018,196;4,587;14,52;A899;4317301;Santa Vitoria do Palmar;-33,742;-53,372;7,41;0,0;0;0,0;0,0;0,0;80,6;3,0;0,634;3,0;10,328;74,173;0,776;-0,631
2026-05-12;0,0;8,4;19,9;13,021;69,833;1015,188;4,929;14,52;A899;4317301;Santa Vitoria do Palmar;-33,742;-53,372;7,41;0,0;0;0,0;0,0;0,0;80,6;3,0;-3,008;4,0;11,259;73,575;0,765;-0,644
2026-05-13;0,0;8,7;16,8;12,671;78,417;1016,062;3,475;13,84;A899;4317301;Santa Vitoria do Palmar;-33,742;-53,372;7,41;0,0;0;0,0;0,0;0,0;77,4;2,0;0,875;5,0;12,1;74,222;0,754;-0,657
2026-05-14;0,0;8,7;17,0;11,546;77,75;1019,262;3,742;8,14;A899;4317301;Santa Vitoria do Palmar;-33,742;-53,372;7,41;0,0;0;0,0;0,0;0,0;7,2;1,0;3,2;6,0;12,412;75,333;0,742;-0,67
2026-05-15;0,0;5,8;18,1;10,7;84,583;1021,371;2,629;12,29;A899;4317301;Santa Vitoria do Palmar;-33,742;-53,372;7,41;0,0;0;0,0;0,0;0,0;0,0;0,0;2,108;7,0;11,639;80,25;0,731;-0,683
2026-05-16;0,0;6,7;17,0;10,571;90,042;1018,446;2,279;9,94;A899;4317301;Santa Vitoria do Palmar;-33,742;-53,372;7,41;0,0;0;0,0;0,0;0,0;0,0;0,0;-2,925;8,0;10,939;84,125;0,719;-0,695
2026-05-17;0,0;10,7;15,8;12,583;83,708;1019,65;5,883;5,64;A899;4317301;Santa Vitoria do Palmar;-33,742;-53,372;7,41;0,0;0;0,0;0,0;0,0;0,0;0,0;1,204;9,0;11,285;86,111;0,707;-0,707
2026-05-18;0,0;6,7;18,3;10,504;76,708;1023,892;3,146;9,01;A899;4317301;Santa Vitoria do Palmar;-33,742;-53,372;7,41;0,0;0;0,0;0,0;0,0;0,0;0,0;4,242;10,0;11,219;83,486;0,694;-0,72
2026-05-19;0,0;4,6;16,3;9,742;74,375;1022,363;3,692;13,7;A899;4317301;Santa Vitoria do Palmar;-33,742;-53,372;7,41;0,0;0;0,0;0,0;0,0;0,0;0,0;-1,529;11,0;10,943;78,264;0,682;-0,731
2026-05-20;0,0;6,4;14,9;10,404;76,667;1021,583;5,7;8,27;A899;4317301;Santa Vitoria do Palmar;-33,742;-53,372;7,41;0,0;0;0,0;0,0;0,0;0,0;0,0;-0,779;12,0;10,217;75,917;0,669;-0,743
2026-05-21;0,0;6,9;16,2;11,254;71,0;1027,354;5,675;12,39;A899;4317301;Santa Vitoria do Palmar;-33,742;-53,372;7,41;0,0;0;0,0;0,0;0,0;0,0;0,0;5,771;13,0;10,467;74,014;0,656;-0,754
2026-05-22;0,0;5,4;16,5;10,404;78,75;1029,654;3,662;12,12;A899;4317301;Santa Vitoria do Palmar;-33,742;-53,372;7,41;0,0;0;0,0;0,0;0,0;0,0;0,0;2,3;14,0;10,688;75,472;0,643;-0,766
2026-05-23;0,0;11,7;17,6;13,579;83,792;1028,296;4,929;8,18;A899;4317301;Santa Vitoria do Palmar;-33,742;-53,372;7,41;0,0;0;0,0;0,0;0,0;0,0;0,0;-1,358;15,0;11,746;77,847;0,63;-0,777
2026-05-24;0,0;11,3;18,0;14,388;95,125;1025,017;2,167;11,81;A899;4317301;Santa Vitoria do Palmar;-33,742;-53,372;7,41;0,4;0;0,0;0,0;0,0;0,0;0,0;-3,279;16,0;12,79;85,889;0,617;-0,787
2026-05-25;0,4;10,3;18,1;14,179;95,167;1022,863;2,004;8,02;A899;4317301;Santa Vitoria do Palmar;-33,742;-53,372;7,41;3,0;1;0,0;0,0;0,4;0,4;0,0;-2,154;17,0;14,049;91,361;0,603;-0,798
2026-05-26;3,0;14,1;18,6;15,312;95,625;1021,821;4,654;7,19;A899;4317301;Santa Vitoria do Palmar;-33,742;-53,372;7,41;0,0;0;0,4;0,0;3,4;3,4;1,0;-1,042;0,0;14,626;95,306;0,589;-0,808
2026-05-27;0,0;11,4;17,0;14,233;94,333;1024,229;5,075;6,13;A899;4317301;Santa Vitoria do Palmar;-33,742;-53,372;7,41;0,0;0;3,0;0,4;3,4;3,4;1,0;2,408;1,0;14,575;95,042;0,575;-0,818
2026-05-28;0,0;7,9;15,5;12,158;90,167;1024,142;2,588;4,28;A899;4317301;Santa Vitoria do Palmar;-33,742;-53,372;7,41;0,0;0;0,0;3,0;3,0;3,4;1,0;-0,088;2,0;13,901;93,375;0,561;-0,828
2026-05-29;0,0;8,7;17,4;13,821;89,875;1024,617;3,6;8,37;A899;4317301;Santa Vitoria do Palmar;-33,742;-53,372;7,41;0,0;0;0,0;0,0;0,0;3,4;1,0;0,475;3,0;13,404;91,458;0,547;-0,837
2026-05-30;0,0;14,5;18,2;15,521;92,5;1023,658;2,992;7,75;A899;4317301;Santa Vitoria do Palmar;-33,742;-53,372;7,41;0,2;0;0,0;0,0;0,0;3,4;1,0;-0,958;4,0;13,833;90,847;0,532;-0,847
2026-05-31;0,2;12,8;14,5;13,642;95,042;1021,637;2,7;2,54;A899;4317301;Santa Vitoria do Palmar;-33,742;-53,372;7,41;0,0;0;0,0;0,0;0,2;3,6;1,0;-2,021;5,0;14,328;92,472;0,518;-0,856
2026-06-01;0,0;8,5;17,0;12,246;88,167;1023,863;4,433;10,19;A899;4317301;Santa Vitoria do Palmar;-33,742;-53,372;7,41;0,0;0;0,2;0,0;0,2;3,2;1,0;2,225;6,0;13,803;91,903;0,503;-0,864
2026-06-02;0,0;7,9;18,1;14,013;87,625;1028,05;3,35;11,17;A899;4317301;Santa Vitoria do Palmar;-33,742;-53,372;7,41;0,2;0;0,0;0,2;0,2;0,2;0,0;4,187;7,0;13,3;90,278;0,488;-0,873
2026-06-03;0,2;14,1;18,3;15,371;91,167;1028,317;4,896;7,06;A899;4317301;Santa Vitoria do Palmar;-33,742;-53,372;7,41;0,8;0;0,0;0,0;0,2;0,4;0,0;0,267;8,0;13,876;88,986;0,473;-0,881
2026-06-04;0,8;15,5;20,4;16,688;94,667;1027,288;4,633;5,93;A899;4317301;Santa Vitoria do Palmar;-33,742;-53,372;7,41;0,0;0;0,2;0,0;1,0;1,2;0,0;-1,029;9,0;15,357;91,153;0,458;-0,889
2026-06-05;0,0;15,0;20,0;16,329;94,958;1023,208;2,271;6,78;A899;4317301;Santa Vitoria do Palmar;-33,742;-53,372;7,41;0,0;0;0,8;0,2;1,0;1,2;0,0;-4,079;10,0;16,129;93,597;0,442;-0,897
2026-06-06;0,0;13,4;18,6;14,875;97,417;1019,15;1,858;6,79;A899;4317301;Santa Vitoria do Palmar;-33,742;-53,372;7,41;0,2;0;0,0;0,8;0,8;1,2;0,0;-4,058;11,0;15,964;95,681;0,427;-0,904
2026-06-07;0,2;11,7;17,3;14,517;95,625;1019,629;3,15;4,45;A899;4317301;Santa Vitoria do Palmar;-33,742;-53,372;7,41;1,8;1;0,0;0,0;0,2;1,2;0,0;0,479;12,0;15,24;96,0;0,411;-0,912
2026-06-08;1,8;13,7;15,7;14,708;90,125;1020,646;4,471;2,59;A899;4317301;Santa Vitoria do Palmar;-33,742;-53,372;7,41;0,6;0;0,2;0,0;2,0;3,0;1,0;1,017;0,0;14,7;94,389;0,395;-0,919
2026-06-09;0,6;9,9;17,1;14,1;89,708;1018,892;5,304;11,68;A899;4317301;Santa Vitoria do Palmar;-33,742;-53,372;7,41;0,2;0;1,8;0,2;2,6;3,6;1,0;-1,754;1,0;14,442;91,819;0,379;-0,925
2026-06-10;0,2;7,0;15,7;11,342;91,792;1018,088;2,529;11,56;A899;4317301;Santa Vitoria do Palmar;-33,742;-53,372;7,41;0,0;0;0,6;1,8;2,6;3,6;1,0;-0,804;2,0;13,383;90,542;0,363;-0,932
2026-06-11;0,0;8,9;18,5;12,435;92,391;1018,052;2,113;5,48;A899;4317301;Santa Vitoria do Palmar;-33,742;-53,372;7,41;0,0;0;0,2;0,6;0,8;2,8;1,0;-0,035;3,0;12,625;91,297;0,347;-0,938
2026-06-12;0,0;14,1;17,5;14,679;88,458;1015,371;5,3;5,08;A899;4317301;Santa Vitoria do Palmar;-33,742;-53,372;7,41;0,0;0;0,0;0,2;0,2;2,8;1,0;-2,681;4,0;12,819;90,88;0,331;-0,944
2026-06-13;0,0;7,5;17,5;12,538;90,125;1016,229;3,317;8,78;A899;4317301;Santa Vitoria do Palmar;-33,742;-53,372;7,41;1,4;1;0,0;0,0;0,0;2,8;1,0;0,858;5,0;13,217;90,325;0,315;-0,949
2026-06-14;1,4;7,2;14,2;10,908;79,583;1019,571;5,758;9,87;A899;4317301;Santa Vitoria do Palmar;-33,742;-53,372;7,41;0,0;0;0,0;0,0;1,4;4,0;2,0;3,342;0,0;12,708;86,056;0,299;-0,954
2026-06-15;0,0;2,0;12,5;6,779;77,292;1022,879;3,113;11,8;A899;4317301;Santa Vitoria do Palmar;-33,742;-53,372;7,41;0,0;0;1,4;0,0;1,4;2,2;1,0;3,308;1,0;10,075;82,333;0,282;-0,959
2026-06-16;0,0;3,6;16,5;9,125;70,667;1018,438;5,388;11,87;A899;4317301;Santa Vitoria do Palmar;-33,742;-53,372;7,41;0,0;0;0,0;1,4;1,4;1,6;1,0;-4,442;2,0;8,938;75,847;0,266;-0,964
2026-06-17;0,0;7,6;14,8;11,458;79,25;1022,108;5,404;11,93;A899;4317301;Santa Vitoria do Palmar;-33,742;-53,372;7,41;0,0;0;0,0;0,0;0,0;1,4;1,0;3,671;3,0;9,121;75,736;0,249;-0,969
2026-06-18;0,0;7,2;15,7;11,846;83,333;1023,05;4,204;7,14;A899;4317301;Santa Vitoria do Palmar;-33,742;-53,372;7,41;5,2;1;0,0;0,0;0,0;1,4;1,0;0,942;4,0;10,81;77,75;0,232;-0,973
2026-06-19;5,2;9,3;14,4;12,717;88,375;1013,412;4,525;2,49;A899;4317301;Santa Vitoria do Palmar;-33,742;-53,372;7,41;0,0;0;0,0;0,0;5,2;6,6;2,0;-9,638;0,0;12,007;83,653;0,215;-0,977
2026-06-20;0,0;4,4;15,9;8,696;85,833;1018,137;3,192;10,88;A899;4317301;Santa Vitoria do Palmar;-33,742;-53,372;7,41;0,0;0;5,2;0,0;5,2;6,6;2,0;4,725;1,0;11,086;85,847;0,199;-0,98
2026-06-21;0,0;4,1;13,5;8,767;87,833;1017,288;2,058;6,55;A899;4317301;Santa Vitoria do Palmar;-33,742;-53,372;7,41;2,8;1;0,0;5,2;5,2;5,2;1,0;-0,85;2,0;10,06;87,347;0,182;-0,983
2026-06-22;2,8;7,1;11,4;8,842;93,0;1014,85;2,579;2,4;A899;4317301;Santa Vitoria do Palmar;-33,742;-53,372;7,41;0,0;0;0,0;0,0;2,8;8,0;2,0;-2,438;0,0;8,768;88,889;0,165;-0,986
2026-06-23;0,0;4,6;11,5;7,712;82,083;1014,079;4,925;8,96;A899;4317301;Santa Vitoria do Palmar;-33,742;-53,372;7,41;0,0;0;2,8;0,0;2,8;8,0;2,0;-0,771;1,0;8,44;87,639;0,148;-0,989
2026-06-24;0,0;1,8;13,4;6,717;75,417;1017,288;3,738;11,43;A899;4317301;Santa Vitoria do Palmar;-33,742;-53,372;7,41;0,0;0;0,0;2,8;2,8;8,0;2,0;3,208;2,0;7,757;83,5;0,131;-0,991
2026-06-25;0,0;2,7;15,2;8,417;76,917;1020,158;3,833;9,06;A899;4317301;Santa Vitoria do Palmar;-33,742;-53,372;7,41;0,0;0;0,0;0,0;0,0;8,0;2,0;2,871;3,0;7,615;78,139;0,114;-0,994
2026-06-26;0,0;2,7;14,1;7,962;81,833;1022,625;3,158;11,98;A899;4317301;Santa Vitoria do Palmar;-33,742;-53,372;7,41;0,0;0;0,0;0,0;0,0;2,8;1,0;2,467;4,0;7,699;78,056;0,097;-0,995
2026-06-27;0,0;5,5;14,9;8,979;93,5;1023,017;2,746;10,57;A899;4317301;Santa Vitoria do Palmar;-33,742;-53,372;7,41;0,2;0;0,0;0,0;0,0;2,8;1,0;0,392;5,0;8,453;84,083;0,079;-0,997
2026-06-28;0,2;11,5;14,7;12,983;95,083;1015,779;2,904;3,21;A899;4317301;Santa Vitoria do Palmar;-33,742;-53,372;7,41;0,0;0;0,0;0,0;0,2;3,0;1,0;-7,238;6,0;9,975;90,139;0,062;-0,998
2026-06-29;0,0;3,1;13,9;8,362;89,833;1019,7;3,387;9,36;A899;4317301;Santa Vitoria do Palmar;-33,742;-53,372;7,41;0,0;0;0,2;0,0;0,2;0,2;0,0;3,921;7,0;10,108;92,806;0,045;-0,999
2026-06-30;0,0;1,6;14,2;8,933;84,125;1021,054;3,25;11,9;A899;4317301;Santa Vitoria do Palmar;-33,742;-53,372;7,41;0,0;0;0,0;0,2;0,2;0,2;0,0;1,354;8,0;10,093;89,681;0,028;-1,0
2026-07-01;0,0;6,8;17,4;12,029;85,625;1020,479;5,688;7,34;A899;4317301;Santa Vitoria do Palmar;-33,742;-53,372;7,41;0,0;0;0,0;0,0;0,0;0,2;0,0;-0,575;9,0;9,775;86,528;0,011;-1,0
2026-07-02;0,0;5,5;12,2;10,312;72,917;1026,15;10,15;9,9;A899;4317301;Santa Vitoria do Palmar;-33,742;-53,372;7,41;2,8;1;0,0;0,0;0,0;0,2;0,0;5,671;10,0;10,425;80,889;-0,006;-1,0
2026-07-03;2,8;0,8;11,9;6,275;89,958;1025,67;5,883;5,56;A899;4317301;Santa Vitoria do Palmar;-33,742;-53,372;7,41;0,2;0;0,0;0,0;2,8;3,0;1,0;-0,48;0,0;9,539;82,833;-0,024;-1,0
2026-07-04;0,2;6,3;13,4;10,017;91,208;1026,367;6,575;9,73;A899;4317301;Santa Vitoria do Palmar;-33,742;-53,372;7,41;0,2;0;2,8;0,0;3,0;3,2;1,0;0,697;1,0;8,868;84,694;-0,041;-0,999
2026-07-05;0,2;10,0;13,2;11,054;97,417;1023,621;3,704;5,82;A899;4317301;Santa Vitoria do Palmar;-33,742;-53,372;7,41;2,4;1;0,2;2,8;3,2;3,2;1,0;-2,746;2,0;9,115;92,861;-0,058;-0,998
2026-07-06;2,4;7,6;12,3;10,0;88,917;1017,85;3,967;5,31;A899;4317301;Santa Vitoria do Palmar;-33,742;-53,372;7,41;0,0;0;0,2;0,2;2,8;5,6;2,0;-5,771;0,0;10,357;92,514;-0,075;-0,997
2026-07-07;0,0;2,6;13,6;7,271;78,292;1018,458;4,108;12,6;A899;4317301;Santa Vitoria do Palmar;-33,742;-53,372;7,41;0,0;0;2,4;0,2;2,6;5,6;2,0;0,608;1,0;9,442;88,208;-0,092;-0,996
2026-07-08;0,0;6,7;18,2;11,496;66,083;1018,342;4,629;10,41;A899;4317301;Santa Vitoria do Palmar;-33,742;-53,372;7,41;0,0;0;0,0;2,4;2,4;5,6;2,0;-0,117;2,0;9,589;77,764;-0,109;-0,994
2026-07-09;0,0;8,5;17,6;12,079;76,917;1016,375;3,05;8,8;A899;4317301;Santa Vitoria do Palmar;-33,742;-53,372;7,41;0,0;0;0,0;0,0;0,0;5,6;2,0;-1,967;3,0;10,282;73,764;-0,127;-0,992
2026-07-10;0,0;10,8;15,5;12,304;91,583;1016,354;2,971;6,07;A899;4317301;Santa Vitoria do Palmar;-33,742;-53,372;7,41;0,2;0;0,0;0,0;0,0;2,8;1,0;-0,021;4,0;11,96;78,194;-0,144;-0,99
2026-07-11;0,2;12,0;16,1;13,117;89,375;1016,113;3,15;6,97;A899;4317301;Santa Vitoria do Palmar;-33,742;-53,372;7,41;0,2;0;0,0;0,0;0,2;2,8;1,0;-0,242;5,0;12,5;85,958;-0,161;-0,987
2026-07-12;0,2;9,8;16,3;11,878;90,957;1017,157;3,687;6,34;A899;4317301;Santa Vitoria do Palmar;-33,742;-53,372;7,41;1,0;1;0,2;0,0;0,4;2,8;1,0;1,044;6,0;12,433;90,638;-0,178;-0,984
2026-07-13;1,0;9,8;13,7;11,5;98,333;1023,479;4,95;7,93;A899;4317301;Santa Vitoria do Palmar;-33,742;-53,372;7,41;0,2;0;0,2;0,2;1,4;1,4;1,0;6,323;0,0;12,165;92,888;-0,194;-0,981
2026-07-14;0,2;8,5;17,5;11,7;91,042;1022,517;2,838;12,34;A899;4317301;Santa Vitoria do Palmar;-33,742;-53,372;7,41;0,0;0;1,0;0,2;1,4;1,6;1,0;-0,962;1,0;11,693;93,444;-0,211;-0,977
2026-07-15;0,0;8,9;21,0;13,667;83,875;1017,312;3,425;11,55;A899;4317301;Santa Vitoria do Palmar;-33,742;-53,372;7,41;23,6;1;0,2;1,0;1,2;1,6;1,0;-5,204;2,0;12,289;91,083;-0,228;-0,974
2026-07-16;23,6;12,6;19,6;14,979;83,333;1011,479;3,85;3,63;A899;4317301;Santa Vitoria do Palmar;-33,742;-53,372;7,41;0,0;0;0,0;0,2;23,8;25,2;2,0;-5,833;0,0;13,449;86,083;-0,245;-0,97
2026-07-17;0,0;13,6;27,9;21,283;71,25;1002,387;5,796;9,61;A899;4317301;Santa Vitoria do Palmar;-33,742;-53,372;7,41;30,4;1;23,6;0,0;23,6;25,2;2,0;-9,092;1,0;16,643;79,486;-0,261;-0,965
2026-07-18;30,4;16,2;24,7;20,162;87,917;1001,404;3,808;0,54;A899;4317301;Santa Vitoria do Palmar;-33,742;-53,372;7,41;43,2;1;0,0;23,6;54,0;55,4;3,0;-0,983;0,0;18,808;80,833;-0,278;-0,961
2026-07-19;43,2;14,2;17,2;16,083;97,917;1003,908;3,754;1,86;A899;4317301;Santa Vitoria do Palmar;-33,742;-53,372;7,41;8,4;1;30,4;0,0;73,6;98,4;4,0;2,504;0,0;19,176;85,694;-0,294;-0,956
2026-07-20;8,4;13,1;15,8;13,737;99,958;1008,762;5,583;1,77;A899;4317301;Santa Vitoria do Palmar;-33,742;-53,372;7,41;1,6;1;43,2;30,4;82,0;105,8;4,0;4,854;0,0;16,661;95,264;-0,311;-0,95
2026-07-21;1,6;13,4;15,7;13,992;100,0;1009,171;4,012;4,2;A899;4317301;Santa Vitoria do Palmar;-33,742;-53,372;7,41;0,8;0;8,4;43,2;53,2;107,2;5,0;0,408;0,0;14,604;99,292;-0,327;-0,945
2026-07-22;0,8;13,1;16,2;13,879;95,167;1015,375;6,346;7,58;A899;4317301;Santa Vitoria do Palmar;-33,742;-53,372;7,41;0,0;0;1,6;8,4;10,8;108,0;5,0;6,204;1,0;13,869;98,375;-0,343;-0,939
2026-07-23;0,0;12,1;15,0;13,208;87,708;1022,642;6,067;12,7;A899;4317301;Santa Vitoria do Palmar;-33,742;-53,372;7,41;0,0;0;0,8;1,6;2,4;84,4;4,0;7,267;2,0;13,693;94,292;-0,359;-0,933
2026-07-24;0,0;12,0;16,3;13,3;87,458;1021,929;3,458;6,39;A899;4317301;Santa Vitoria do Palmar;-33,742;-53,372;7,41;0,0;0;0,0;0,8;0,8;84,4;4,0;-0,713;3,0;13,462;90,111;-0,375;-0,927
2026-07-25;0,0;11,0;15,6;13,396;98,958;1019,325;1,683;5,86;A899;4317301;Santa Vitoria do Palmar;-33,742;-53,372;7,41;0,0;0;0,0;0,0;0,0;54,0;3,0;-2,604;4,0;13,301;91,375;-0,391;-0,92
2026-07-26;0,0;12,9;18,9;14,85;91,667;1017,129;2,579;9,97;A899;4317301;Santa Vitoria do Palmar;-33,742;-53,372;7,41;0,0;0;0,0;0,0;0,0;10,8;2,0;-2,196;5,0;13,849;92,694;-0,407;-0,913
2026-07-27;0,0;11,4;17,2;14,033;96,167;1013,692;3,125;3,46;A899;4317301;Santa Vitoria do Palmar;-33,742;-53,372;7,41;0,0;0;0,0;0,0;0,0;2,4;1,0;-3,438;6,0;14,093;95,597;-0,423;-0,906
2026-07-28;0,0;13,3;17,4;14,754;96,417;1009,854;2,929;4,53;A899;4317301;Santa Vitoria do Palmar;-33,742;-53,372;7,41;0,8;0;0,0;0,0;0,0;0,8;0,0;-3,837;7,0;14,546;94,75;-0,438;-0,899
2026-07-29;0,8;12,4;15,4;13,221;96,083;1015,725;5,817;4,26;A899;4317301;Santa Vitoria do Palmar;-33,742;-53,372;7,41;0,2;0;0,0;0,0;0,8;0,8;0,0;5,871;8,0;14,003;96,222;-0,454;-0,891
2026-07-30;0,2;11,5;16,5;13,429;91,708;1023,204;3,917;14,42;A899;4317301;Santa Vitoria do Palmar;-33,742;-53,372;7,41;0,0;0;0,8;0,0;1,0;1,0;0,0;7,479;9,0;13,801;94,736;-0,469;-0,883
2026-07-31;0,0;13,4;20,8;16,383;89,5;1017,217;6,346;9,59;A899;4317301;Santa Vitoria do Palmar;-33,742;-53,372;7,41;7,4;1;0,2;0,8;1,0;1,0;0,0;-5,988;10,0;14,344;92,431;-0,484;-0,875
2026-08-01;7,4;14,6;18,8;16,775;94,083;1009,071;5,175;1,74;A899;4317301;Santa Vitoria do Palmar;-33,742;-53,372;7,41;0,4;0;0,0;0,2;7,6;8,4;1,0;-8,146;0,0;15,529;91,764;-0,499;-0,867
2026-08-02;0,4;11,6;16,0;13,171;89,0;1018,262;4,217;11,06;A899;4317301;Santa Vitoria do Palmar;-33,742;-53,372;7,41;0,4;0;7,4;0,0;7,8;8,8;1,0;9,192;1,0;15,443;90,861;-0,514;-0,858
2026-08-03;0,4;12,2;15,0;13,767;98,542;1018,275;3,137;3,7;A899;4317301;Santa Vitoria do Palmar;-33,742;-53,372;7,41;18,2;1;0,4;7,4;8,2;9,2;1,0;0,013;2,0;14,571;93,875;-0,529;-0,849
2026-08-04;18,2;14,1;16,8;15,075;98,292;1015,204;3,429;7,0;A899;4317301;Santa Vitoria do Palmar;-33,742;-53,372;7,41;2,2;1;0,4;0,4;19,0;27,4;2,0;-3,071;0,0;14,004;95,278;-0,543;-0,84
2026-08-05;2,2;13,4;16,7;14,454;98,75;1014,217;3,058;4,85;A899;4317301;Santa Vitoria do Palmar;-33,742;-53,372;7,41;27,4;1;18,2;0,4;20,8;28,8;3,0;-0,988;0,0;14,432;98,528;-0,557;-0,83
2026-08-06;27,4;14,1;22,6;17,2;95,333;1004,033;2,775;8,49;A899;4317301;Santa Vitoria do Palmar;-33,742;-53,372;7,41;1,2;1;2,2;18,2;47,8;56,0;4,0;-10,183;0,0;15,576;97,458;-0,572;-0,82
2026-08-07;1,2;8,3;15,5;11,025;77,5;1006,45;6,271;14,49;A899;4317301;Santa Vitoria do Palmar;-33,742;-53,372;7,41;0,0;0;27,4;2,2;30,8;57,2;5,0;2,417;0,0;14,226;90,528;-0,586;-0,811
2026-08-08;0,0;4,1;15,3;9,183;80,917;1008,608;3,704;11,72;A899;4317301;Santa Vitoria do Palmar;-33,742;-53,372;7,41;0,0;0;1,2;27,4;28,6;49,8;4,0;2,158;1,0;12,469;84,583;-0,6;-0,8
2026-08-09;0,0;4,0;15,2;8,617;68,125;1017,808;4,283;16,08;A899;4317301;Santa Vitoria do Palmar;-33,742;-53,372;7,41;0,0;0;0,0;1,2;1,2;49,4;4,0;9,2;2,0;9,608;75,514;-0,613;-0,79
2026-08-10;0,0;5,9;13,2;8,921;72,042;1030,708;7,2;13,37;A899;4317301;Santa Vitoria do Palmar;-33,742;-53,372;7,41;0,0;0;0,0;0,0;0,0;49,0;4,0;12,9;3,0;8,907;73,694;-0,627;-0,779
2026-08-11;0,0;5,3;13,3;9,746;78,542;1032,504;6,329;15,73;A899;4317301;Santa Vitoria do Palmar;-33,742;-53,372;7,41;0,0;0;0,0;0,0;0,0;30,8;3,0;1,796;4,0;9,094;72,903;-0,64;-0,768
2026-08-12;0,0;9,8;14,5;11,346;84,708;1024,15;7,154;9,19;A899;4317301;Santa Vitoria do Palmar;-33,742;-53,372;7,41;1,2;1;0,0;0,0;0,0;28,6;2,0;-8,354;5,0;10,004;78,431;-0,653;-0,757
2026-08-13;1,2;10,7;13,0;11,588;86,333;1022,679;7,471;3,12;A899;4317301;Santa Vitoria do Palmar;-33,742;-53,372;7,41;0,0;0;0,0;0,0;1,2;2,4;2,0;-1,471;0,0;10,893;83,194;-0,666;-0,746
2026-08-14;0,0;11,6;15,7;12,95;85,625;1025,871;5,933;14,27;A899;4317301;Santa Vitoria do Palmar;-33,742;-53,372;7,41;0,0;0;1,2;0,0;1,2;1,2;1,0;3,192;1,0;11,961;85,556;-0,679;-0,734
2026-08-15;0,0;12,1;15,2;13,45;90,5;1021,971;6,3;5,14;A899;4317301;Santa Vitoria do Palmar;-33,742;-53,372;7,41;30,2;1;0,0;1,2;1,2;1,2;1,0;-3,9;2,0;12,663;87,486;-0,691;-0,723
2026-08-16;30,2;13,6;18,9;16,346;98,125;1013,371;6,579;1,66;A899;4317301;Santa Vitoria do Palmar;-33,742;-53,372;7,41;47,4;1;0,0;0,0;30,2;31,4;2,0;-8,6;0,0;14,249;91,417;-0,704;-0,711
2026-08-17;47,4;12,6;18,2;14,425;98,5;1013,642;5,871;0,77;A899;4317301;Santa Vitoria do Palmar;-33,742;-53,372;7,41;31,6;1;30,2;0,0;77,6;78,8;3,0;0,271;0,0;14,74;95,708;-0,716;-0,698
2026-08-18;31,6;11,5;13,3;12,429;99,875;1017,508;7,954;1,85;A899;4317301;Santa Vitoria do Palmar;-33,742;-53,372;7,41;0,0;0;47,4;30,2;109,2;110,4;4,0;3,867;0,0;14,4;98,833;-0,728;-0,686
2026-08-19;0,0;10,8;14,2;11,771;93,292;1022,146;5,279;5,52;A899;4317301;Santa Vitoria do Palmar;-33,742;-53,372;7,41;31,8;1;31,6;47,4;79,0;110,4;4,0;4,638;1,0;12,875;97,222;-0,739;-0,673
2026-08-20;31,8;11,3;14,4;12,592;99,458;1012,629;5,271;1,89;A899;4317301;Santa Vitoria do Palmar;-33,742;-53,372;7,41;6,4;1;0,0;31,6;63,4;141,0;4,0;-9,517;0,0;12,264;97,542;-0,751;-0,66
2026-08-21;6,4;7,4;12,0;9,775;74,583;1016,292;8,783;10,47;A899;4317301;Santa Vitoria do Palmar;-33,742;-53,372;7,41;0,0;0;31,8;0,0;38,2;147,4;5,0;3,663;0,0;11,379;89,111;-0,762;-0,647
2026-08-22;0,0;4,1;12,3;7,683;77,875;1022,575;4,483;16,72;A899;4317301;Santa Vitoria do Palmar;-33,742;-53,372;7,41;0,0;0;6,4;31,8;38,2;147,4;5,0;6,283;1,0;10,017;83,972;-0,773;-0,634
2026-08-23;0,0;4,8;12,1;7,846;76,0;1023,458;5,925;12,26;A899;4317301;Santa Vitoria do Palmar;-33,742;-53,372;7,41;0,0;0;0,0;6,4;6,4;117,2;4,0;0,883;2,0;8,435;76,153;-0,784;-0,621
2026-08-24;0,0;5,1;10,9;7,629;74,75;1026,746;4,542;7,68;A899;4317301;Santa Vitoria do Palmar;-33,742;-53,372;7,41;0,0;0;0,0;0,0;0,0;69,8;3,0;3,288;3,0;7,719;76,208;-0,794;-0,607
2026-08-25;0,0;3,5;13,2;7,904;84,375;1023,383;2,479;10,56;A899;4317301;Santa Vitoria do Palmar;-33,742;-53,372;7,41;0,0;0;0,0;0,0;0,0;38,2;2,0;-3,363;4,0;7,793;78,375;-0,805;-0,594
2026-08-26;0,0;8,8;15,5;12,013;91,25;1016,125;3,925;12,31;A899;4317301;Santa Vitoria do Palmar;-33,742;-53,372;7,41;34,2;1;0,0;0,0;0,0;38,2;2,0;-7,258;5,0;9,182;83,458;-0,815;-0,58
2026-08-27;34,2;12,4;15,4;13,737;99,625;1006,325;4,321;1,4;A899;4317301;Santa Vitoria do Palmar;-33,742;-53,372;7,41;1,8;1;0,0;0,0;34,2;40,6;2,0;-9,8;0,0;11,218;91,75;-0,825;-0,565
2026-08-28;1,8;11,3;13,6;11,942;98,958;1008,629;6,383;3,66;A899;4317301;Santa Vitoria do Palmar;-33,742;-53,372;7,41;0,2;0;34,2;0,0;36,0;36,0;2,0;2,304;0,0;12,564;96,611;-0,834;-0,551
2026-08-29;0,2;10,7;15,9;12,046;96,625;1014,525;4,913;11,12;A899;4317301;Santa Vitoria do Palmar;-33,742;-53,372;7,41;0,2;0;1,8;34,2;36,2;36,2;2,0;5,896;1,0;12,575;98,403;-0,844;-0,537
2026-08-30;0,2;6,4;16,6;11,925;95,125;1018,975;2,621;16,31;A899;4317301;Santa Vitoria do Palmar;-33,742;-53,372;7,41;0,4;0;0,2;1,8;2,2;36,4;2,0;4,45;2,0;11,971;96,903;-0,853;-0,522
2026-08-31;0,4;11,7;17,4;13,746;90,75;1017,333;3,875;19,41;A899;4317301;Santa Vitoria do Palmar;-33,742;-53,372;7,41;;0;0,2;0,2;0,8;36,8;2,0;-1,642;3,0;12,572;94,167;-0,862;-0,507
2026-01-07;4,2;16,3;30,9;22,008;74,917;963,279;2,771;20,76;B823;4314506;Pinheiro Machado;-31,575;-53,388;419,0;0,0;0;0,0;0,0;4,2;9,1;2,0;-2,4;0,0;19,407;69,083;0,12;0,993
2026-01-08;0,0;16,0;23,9;19,267;87,208;966,912;3,092;17,45;B823;4314506;Pinheiro Machado;-31,575;-53,388;419,0;4,2;1;4,2;0,0;4,2;4,2;1,0;3,633;1,0;20,325;77,306;0,137;0,991
2026-01-09;4,2;18,1;21,0;19,183;97,417;966,683;3,858;5,12;B823;4314506;Pinheiro Machado;-31,575;-53,388;419,0;17,6;1;0,0;4,2;8,4;8,4;2,0;-0,229;0,0;20,153;86,514;0,154;0,988
2026-01-10;17,6;19,5;26,5;22,075;87,708;959,604;4,375;18,47;B823;4314506;Pinheiro Machado;-31,575;-53,388;419,0;3,0;1;4,2;0,0;21,8;26,0;3,0;-7,079;0,0;20,175;90,778;0,171;0,985
2026-01-11;3,0;14,8;22,9;18,229;90,333;958,988;3,338;14,51;B823;4314506;Pinheiro Machado;-31,575;-53,388;419,0;0,0;0;17,6;4,2;24,8;29,0;4,0;-0,617;0,0;19,829;91,819;0,188;0,982
2026-01-12;0,0;17,3;26,0;20,567;85,667;962,579;2,204;21,77;B823;4314506;Pinheiro Machado;-31,575;-53,388;419,0;0,0;0;3,0;17,6;20,6;29,0;4,0;3,592;1,0;20,29;87,903;0,205;0,979
2026-01-13;0,0;16,4;28,9;22,2;81,833;963,542;1,675;26,24;B823;4314506;Pinheiro Machado;-31,575;-53,388;419,0;0,0;0;0,0;3,0;3,0;29,0;4,0;0,962;2,0;20,332;85,944;0,222;0,975
2026-01-14;0,0;18,4;31,2;24,138;79,917;964,275;1,721;27,23;B823;4314506;Pinheiro Machado;-31,575;-53,388;419,0;0,2;0;0,0;0,0;0,0;24,8;3,0;0,733;3,0;22,301;82,472;0,239;0,971
2026-01-15;0,2;19,9;33,0;26,058;74,25;962,908;2,554;28,48;B823;4314506;Pinheiro Machado;-31,575;-53,388;419,0;5,6;1;0,0;0,0;0,2;25,0;3,0;-1,367;4,0;24,132;78,667;0,255;0,967
2026-01-16;5,6;20,7;28,4;23,308;80,167;964,129;2,45;7,84;B823;4314506;Pinheiro Machado;-31,575;-53,388;419,0;0,0;0;0,2;0,0;5,8;26,4;3,0;1,221;0,0;24,501;78,111;0,272;0,962
2026-01-17;0,0;19,0;26,8;21,771;88,087;964,062;2,096;16,03;B823;4314506;Pinheiro Machado;-31,575;-53,388;419,0;0,0;0;5,6;0,2;5,8;8,8;2,0;-0,067;1,0;23,713;80,835;0,288;0,958
2026-01-18;0,0;18,4;28,6;22,909;80,217;961,774;2,857;29,07;B823;4314506;Pinheiro Machado;-31,575;-53,388;419,0;0,0;0;0,0;5,6;5,6;5,8;1,0;-2,289;2,0;22,663;82,824;0,305;0,952
2026-01-19;0,0;11,1;22,2;16,896;71,958;968,725;3,433;27,65;B823;4314506;Pinheiro Machado;-31,575;-53,388;419,0;0,0;0;0,0;0,0;0,0;5,8;1,0;6,951;3,0;20,525;80,088;0,321;0,947
2026-01-20;0,0;12,1;23,3;17,196;69,783;969,148;2,457;24,59;B823;4314506;Pinheiro Machado;-31,575;-53,388;419,0;0,0;0;0,0;0,0;0,0;5,8;1,0;0,423;4,0;19,0;73,986;0,337;0,941
2026-01-21;0,0;13,2;25,3;18,258;71,458;968,604;2,733;27,99;B823;4314506;Pinheiro Machado;-31,575;-53,388;419,0;0,0;0;0,0;0,0;0,0;5,8;1,0;-0,544;5,0;17,45;71,066;0,353;0,935
2026-01-22;0,0;14,5;27,8;20,154;75,458;968,0;2,742;30,5;B823;4314506;Pinheiro Machado;-31,575;-53,388;419,0;0,0;0;0,0;0,0;0,0;5,6;1,0;-0,604;6,0;18,536;72,233;0,369;0,929
2026-01-23;0,0;15,2;27,0;20,562;76,292;968,725;3,154;28,48;B823;4314506;Pinheiro Machado;-31,575;-53,388;419,0;0,0;0;0,0;0,0;0,0;0,0;0,0;0,725;7,0;19,658;74,403;0,385;0,923
2026-01-24;0,0;14,4;29,1;20,838;76,208;967,817;2,588;31,22;B823;4314506;Pinheiro Machado;-31,575;-53,388;419,0;0,0;0;0,0;0,0;0,0;0,0;0,0;-0,908;8,0;20,518;75,986;0,401;0,916
2026-01-25;0,0;16,0;30,1;22,592;76,458;967,721;2,271;31,4;B823;4314506;Pinheiro Machado;-31,575;-53,388;419,0;0,0;0;0,0;0,0;0,0;0,0;0,0;-0,096;9,0;21,331;76,319;0,417;0,909
2026-01-26;0,0;17,6;32,6;24,125;77,667;966,921;2,35;25,63;B823;4314506;Pinheiro Machado;-31,575;-53,388;419,0;0,0;0;0,0;0,0;0,0;0,0;0,0;-0,8;10,0;22,518;76,778;0,432;0,902
2026-01-27;0,0;18,2;34,6;25,271;71,75;966,058;1,908;23,42;B823;4314506;Pinheiro Machado;-31,575;-53,388;419,0;0,2;0;0,0;0,0;0,0;0,0;0,0;-0,862;11,0;23,996;75,292;0,448;0,894
2026-01-28;0,2;19,3;32,0;24,429;81,708;965,404;1,758;26,74;B823;4314506;Pinheiro Machado;-31,575;-53,388;419,0;0,2;0;0,0;0,0;0,2;0,2;0,0;-0,654;12,0;24,608;77,042;0,463;0,886
2026-01-29;0,2;20,8;30,0;23,722;84,304;965,183;2,552;18,69;B823;4314506;Pinheiro Machado;-31,575;-53,388;419,0;0,6;0;0,2;0,0;0,4;0,4;0,0;-0,222;13,0;24,474;79,254;0,478;0,878
2026-01-30;0,6;19,6;27,7;22,017;86,75;964,629;3,121;17,37;B823;4314506;Pinheiro Machado;-31,575;-53,388;419,0;7,3;1;0,2;0,2;1,0;1,0;0,0;-0,553;14,0;23,389;84,254;0,493;0,87
2026-01-31;7,3;18,1;25,0;20,488;87,458;961,725;2,558;21,44;B823;4314506;Pinheiro Machado;-31,575;-53,388;419,0;0,0;0;0,6;0,2;8,1;8,3;1,0;-2,904;0,0;22,075;86,171;0,508;0,861
2026-02-01;0,0;16,7;27,2;20,612;81,708;959,004;2,646;24,13;B823;4314506;Pinheiro Machado;-31,575;-53,388;419,0;0,2;0;7,3;0,6;7,9;8,3;1,0;-2,721;1,0;21,039;85,306;0,523;0,852
2026-02-02;0,2;15,1;29,2;21,912;75,917;960,342;1,333;23,66;B823;4314506;Pinheiro Machado;-31,575;-53,388;419,0;0,0;0;0,0;7,3;7,5;8,5;1,0;1,338;2,0;21,004;81,694;0,538;0,843
2026-02-03;0,0;17,5;32,3;23,9;69,375;959,775;1,508;29,46;B823;4314506;Pinheiro Machado;-31,575;-53,388;419,0;0,0;0;0,2;0,0;0,2;8,5;1,0;-0,567;3,0;22,142;75,667;0,552;0,834
2026-02-04;0,0;18,4;32,9;25,275;64,125;961,533;1,454;20,32;B823;4314506;Pinheiro Machado;-31,575;-53,388;419,0;0,0;0;0,0;0,2;0,2;8,3;1,0;1,758;4,0;23,696;69,806;0,566;0,824
2026-02-05;0,0;18,2;35,3;25,875;64,625;963,012;1,546;29,02;B823;4314506;Pinheiro Machado;-31,575;-53,388;419,0;0,0;0;0,0;0,0;0,0;8,1;1,0;1,479;5,0;25,017;66,042;0,58;0,814
2026-02-06;0,0;20,3;30,0;23,817;82,292;963,338;2,604;19,87;B823;4314506;Pinheiro Machado;-31,575;-53,388;419,0;0,0;0;0,0;0,0;0,0;7,5;1,0;0,325;6,0;24,989;70,347;0,594;0,804
2026-02-07;0,0;16,0;27,4;21,329;63,458;966,483;3,117;30,83;B823;4314506;Pinheiro Machado;-31,575;-53,388;419,0;0,0;0;0,0;0,0;0,0;0,2;0,0;3,146;7,0;23,674;70,125;0,608;0,794
2026-02-08;0,0;13,1;28,8;20,713;64,583;966,721;2,083;31,09;B823;4314506;Pinheiro Machado;-31,575;-53,388;419,0;0,0;0;0,0;0,0;0,0;0,2;0,0;0,238;8,0;21,953;70,111;0,622;0,783
2026-02-09;0,0;15,1;31,5;22,008;71,917;963,725;2,438;24,27;B823;4314506;Pinheiro Machado;-31,575;-53,388;419,0;0,0;0;0,0;0,0;0,0;0,0;0,0;-2,996;9,0;21,35;66,653;0,635;0,772
2026-02-10;0,0;19,9;30,2;24,554;78,542;960,558;2,0;18,8;B823;4314506;Pinheiro Machado;-31,575;-53,388;419,0;0,0;0;0,0;0,0;0,0;0,0;0,0;-3,167;10,0;22,425;71,681;0,648;0,761
2026-02-11;0,0;21,3;35,1;27,213;69,167;960,088;2,521;24,01;B823;4314506;Pinheiro Machado;-31,575;-53,388;419,0;32,4;1;0,0;0,0;0,0;0,0;0,0;-0,471;11,0;24,592;73,208;0,661;0,75
2026-02-12;32,4;18,5;28,3;21,225;92,167;962,95;2,262;4,52;B823;4314506;Pinheiro Machado;-31,575;-53,388;419,0;0,2;0;0,0;0,0;32,4;32,4;1,0;2,862;0,0;24,331;79,958;0,674;0,739
2026-02-13;0,2;17,1;26,9;21,104;85,583;966,904;3,021;25,85;B823;4314506;Pinheiro Machado;-31,575;-53,388;419,0;0,0;0;32,4;0,0;32,6;32,6;1,0;3,954;1,0;23,181;82,306;0,687;0,727
2026-02-14;0,0;15,9;26,0;20,221;76,792;970,529;3,438;26,59;B823;4314506;Pinheiro Machado;-31,575;-53,388;419,0;10,6;1;0,2;32,4;32,6;32,6;1,0;3,625;2,0;20,85;84,847;0,699;0,715
2026-02-15;10,6;17,1;30,4;22,192;82,25;965,883;2,404;23,45;B823;4314506;Pinheiro Machado;-31,575;-53,388;419,0;0,0;0;0,0;0,2;10,8;43,2;2,0;-4,646;0,0;21,172;81,542;0,711;0,703
2026-02-16;0,0;21,1;29,0;24,283;83,208;963,708;2,329;25,77;B823;4314506;Pinheiro Machado;-31,575;-53,388;419,0;0,2;0;10,6;0,0;10,6;43,2;2,0;-2,175;1,0;22,232;80,75;0,723;0,691
2026-02-17;0,2;19,8;29,3;23,292;88,208;964,358;1,654;18,43;B823;4314506;Pinheiro Machado;-31,575;-53,388;419,0;0,0;0;0,0;10,6;10,8;43,4;2,0;0,65;2,0;23,256;84,556;0,735;0,678
2026-02-18;0,0;18,3;28,5;22,683;80,167;964,675;1,875;27,33;B823;4314506;Pinheiro Machado;-31,575;-53,388;419,0;2,0;1;0,2;0,0;0,2;43,4;2,0;0,317;3,0;23,419;83,861;0,747;0,665
2026-02-19;2,0;17,6;25,7;21,0;89,5;962,658;1,796;13,17;B823;4314506;Pinheiro Machado;-31,575;-53,388;419,0;9,1;1;0,0;0,2;2,2;13,0;2,0;-2,017;0,0;22,325;85,958;0,758;0,652
2026-02-20;9,1;16,5;26,5;20,654;88,542;964,15;3,033;19,5;B823;4314506;Pinheiro Machado;-31,575;-53,388;419,0;0,0;0;2,0;0,0;11,1;21,9;3,0;1,492;0,0;21,446;86,069;0,769;0,639
2026-02-21;0,0;17,5;27,5;21,308;84,833;967,454;2,933;22,4;B823;4314506;Pinheiro Machado;-31,575;-53,388;419,0;0,0;0;9,1;2,0;11,1;21,9;3,0;3,304;1,0;20,987;87,625;0,78;0,626
2026-02-22;0,0;18,1;28,1;21,975;82,125;967,733;3,688;26,84;B823;4314506;Pinheiro Machado;-31,575;-53,388;419,0;0,0;0;0,0;9,1;9,1;11,3;2,0;0,279;2,0;21,312;85,167;0,791;0,612
2026-02-23;0,0;18,4;28,5;22,179;78,75;964,367;3,708;21,06;B823;4314506;Pinheiro Machado;-31,575;-53,388;419,0;0,8;0;0,0;0,0;0,0;11,3;2,0;-3,367;3,0;21,821;81,903;0,801;0,599
2026-02-24;0,8;19,4;26,2;21,787;88,583;959,829;2,458;13,53;B823;4314506;Pinheiro Machado;-31,575;-53,388;419,0;0,0;0;0,0;0,0;0,8;11,9;2,0;-4,537;4,0;21,981;83,153;0,811;0,585
2026-02-25;0,0;17,5;23,4;20,5;87,958;960,475;3,275;12,82;B823;4314506;Pinheiro Machado;-31,575;-53,388;419,0;0,0;0;0,8;0,0;0,8;11,9;2,0;0,646;5,0;21,489;85,097;0,821;0,571
2026-02-26;0,0;11,5;22,0;16,771;78,167;963,258;2,129;22,98;B823;4314506;Pinheiro Machado;-31,575;-53,388;419,0;0,0;0;0,0;0,8;0,8;9,9;1,0;2,783;6,0;19,686;84,903;0,831;0,557
2026-02-27;0,0;10,6;24,6;17,375;71,167;964,425;2,004;28,4;B823;4314506;Pinheiro Machado;-31,575;-53,388;419,0;0,0;0;0,0;0,0;0,0;0,8;0,0;1,167;7,0;18,215;79,097;0,84;0,542
2026-02-28;0,0;12,6;25,8;18,988;75,208;965,137;2,488;25,96;B823;4314506;Pinheiro Machado;-31,575;-53,388;419,0;0,0;0;0,0;0,0;0,0;0,8;0,0;0,712;8,0;17,711;74,847;0,849;0,528
2026-03-01;0,0;14,1;25,9;19,579;75,292;965,879;2,929;24,84;B823;4314506;Pinheiro Machado;-31,575;-53,388;419,0;0,0;0;0,0;0,0;0,0;0,8;0,0;0,742;9,0;18,647;73,889;0,858;0,513
2026-03-02;0,0;13,8;27,1;19,954;78,125;963,392;3,446;26,24;B823;4314506;Pinheiro Machado;-31,575;-53,388;419,0;0,0;0;0,0;0,0;0,0;0,8;0,0;-2,487;10,0;19,507;76,208;0,867;0,498
2026-03-03;0,0;17,1;33,0;23,104;75,917;962,258;2,896;23,84;B823;4314506;Pinheiro Machado;-31,575;-53,388;419,0;0,0;0;0,0;0,0;0,0;0,0;0,0;-1,133;11,0;20,879;76,444;0,876;0,483
2026-03-04;0,0;18,4;28,9;22,404;79,625;963,167;2,492;17,0;B823;4314506;Pinheiro Machado;-31,575;-53,388;419,0;0,0;0;0,0;0,0;0,0;0,0;0,0;0,908;12,0;21,821;77,889;0,884;0,468
2026-03-05;0,0;19,1;27,5;22,096;84,458;965,637;3,254;20,88;B823;4314506;Pinheiro Machado;-31,575;-53,388;419,0;0,0;0;0,0;0,0;0,0;0,0;0,0;2,471;13,0;22,535;80,0;0,892;0,453
2026-03-06;0,0;19,0;27,0;21,883;87,125;965,688;3,367;16,14;B823;4314506;Pinheiro Machado;-31,575;-53,388;419,0;11,0;1;0,0;0,0;0,0;0,0;0,0;0,05;14,0;22,128;83,736;0,899;0,437
2026-03-07;11,0;18,0;23,4;20,192;94,0;962,512;2,812;10,53;B823;4314506;Pinheiro Machado;-31,575;-53,388;419,0;0,0;0;0,0;0,0;11,0;11,0;1,0;-3,175;0,0;21,39;88,528;0,907;0,422
2026-03-08;0,0;17,1;23,4;19,121;84,958;965,971;3,704;14,56;B823;4314506;Pinheiro Machado;-31,575;-53,388;419,0;0,0;0;11,0;0,0;11,0;11,0;1,0;3,458;1,0;20,399;88,694;0,914;0,406
2026-03-09;0,0;14,0;23,5;17,512;79,417;969,604;3,721;15,79;B823;4314506;Pinheiro Machado;-31,575;-53,388;419,0;0,8;0;0,0;11,0;11,0;11,0;1,0;3,633;2,0;18,942;86,125;0,921;0,39
2026-03-10;0,8;16,2;20,0;17,729;92,083;969,567;3,721;9,26;B823;4314506;Pinheiro Machado;-31,575;-53,388;419,0;1,0;1;0,0;0,0;0,8;11,8;1,0;-0,038;3,0;18,121;85,486;0,927;0,374
2026-03-11;1,0;17,2;26,0;20,042;91,125;966,579;2,692;14,99;B823;4314506;Pinheiro Machado;-31,575;-53,388;419,0;0,0;0;0,8;0,0;1,8;12,8;2,0;-2,987;0,0;18,428;87,542;0,934;0,358
2026-03-12;0,0;18,3;25,8;20,9;85,333;964,946;2,846;20,88;B823;4314506;Pinheiro Machado;-31,575;-53,388;419,0;0,0;0;1,0;0,8;1,8;12,8;2,0;-1,633;1,0;19,557;89,514;0,94;0,342
2026-03-13;0,0;16,7;26,2;20,075;84,167;963,867;2,796;21,92;B823;4314506;Pinheiro Machado;-31,575;-53,388;419,0;0,4;0;0,0;1,0;1,0;12,8;2,0;-1,079;2,0;20,339;86,875;0,945;0,326
2026-03-14;0,4;16,7;26,8;20,304;82,583;961,938;1,883;19,85;B823;4314506;Pinheiro Machado;-31,575;-53,388;419,0;0,0;0;0,0;0,0;0,4;2,2;1,0;-1,929;3,0;20,426;84,028;0,951;0,31
2026-03-15;0,0;15,4;30,6;21,912;77,458;960,633;1,579;23,84;B823;4314506;Pinheiro Machado;-31,575;-53,388;419,0;0,0;0;0,4;0,0;0,4;2,2;1,0;-1,304;4,0;20,764;81,403;0,956;0,293
2026-03-16;0,0;17,3;33,2;23,896;77,625;962,162;1,883;22,18;B823;4314506;Pinheiro Machado;-31,575;-53,388;419,0;0,8;0;0,0;0,4;0,4;2,2;1,0;1,529;5,0;22,037;79,222;0,961;0,277
2026-03-17;0,8;21,1;27,9;23,104;91,0;962,171;2,062;9,48;B823;4314506;Pinheiro Machado;-31,575;-53,388;419,0;0,6;0;0,0;0,0;0,8;2,2;1,0;0,008;6,0;22,971;82,028;0,966;0,26
2026-03-18;0,6;20,4;26,3;22,088;95,125;962,258;2,529;8,4;B823;4314506;Pinheiro Machado;-31,575;-53,388;419,0;1,0;1;0,8;0,0;1,4;1,8;0,0;0,088;7,0;23,029;87,917;0,97;0,244
2026-03-19;1,0;17,8;27,2;20,762;88,75;963,225;3,167;15,47;B823;4314506;Pinheiro Machado;-31,575;-53,388;419,0;0,0;0;0,6;0,8;2,4;2,8;1,0;0,967;0,0;21,985;91,625;0,974;0,227
2026-03-20;0,0;18,1;29,2;22,042;83,958;961,992;2,696;18,65;B823;4314506;Pinheiro Machado;-31,575;-53,388;419,0;21,7;1;1,0;0,6;1,6;2,8;1,0;-1,233;1,0;21,631;89,278;0,978;0,21
2026-03-21;21,7;18,3;32,7;23,071;84,333;958,838;3,204;14,95;B823;4314506;Pinheiro Machado;-31,575;-53,388;419,0;0,0;0;0,0;1,0;22,7;24,1;2,0;-3,154;0,0;21,958;85,681;0,981;0,193
2026-03-22;0,0;14,9;23,4;20,042;85,75;963,458;2,508;22,71;B823;4314506;Pinheiro Machado;-31,575;-53,388;419,0;19,9;1;21,7;0,0;21,7;24,1;2,0;4,621;1,0;21,718;84,681;0,984;0,176
2026-03-23;19,9;18,1;21,9;19,333;97,75;961,104;2,442;3,52;B823;4314506;Pinheiro Machado;-31,575;-53,388;419,0;1,0;1;0,0;21,7;41,6;44,0;3,0;-2,354;0,0;20,815;89,278;0,987;0,16
2026-03-24;1,0;13,8;23,3;18,108;77,75;963,008;2,85;24,22;B823;4314506;Pinheiro Machado;-31,575;-53,388;419,0;0,0;0;19,9;0,0;20,9;44,2;4,0;1,904;0,0;19,161;87,083;0,99;0,143
2026-03-25;0,0;12,5;24,2;17,029;79,333;966,45;1,975;15,67;B823;4314506;Pinheiro Machado;-31,575;-53,388;419,0;0,0;0;1,0;19,9;20,9;43,6;4,0;3,442;1,0;18,157;84,944;0,992;0,125
2026-03-26;0,0;16,7;21,7;18,862;93,208;967,958;2,171;7,86;B823;4314506;Pinheiro Machado;-31,575;-53,388;419,0;0,0;0;0,0;1,0;1,0;42,6;3,0;1,508;2,0;18,0;83,431;0,994;0,108
2026-03-27;0,0;20,1;30,2;23,412;91,292;967,517;1,875;13,96;B823;4314506;Pinheiro Machado;-31,575;-53,388;419,0;0,0;0;0,0;0,0;0,0;42,6;3,0;-0,442;3,0;19,768;87,944;0,996;0,091
2026-03-28;0,0;21,3;29,9;24,579;92,0;968,629;1,446;14,23;B823;4314506;Pinheiro Machado;-31,575;-53,388;419,0;28,1;1;0,0;0,0;0,0;20,9;2,0;1,112;4,0;22,285;92,167;0,997;0,074
2026-03-29;28,1;21,1;32,3;24,079;92,0;968,971;1,817;13,69;B823;4314506;Pinheiro Machado;-31,575;-53,388;419,0;2,0;1;0,0;0,0;28,1;49,0;3,0;0,342;0,0;24,024;91,764;0,998;0,057
2026-03-30;2,0;21,3;27,0;22,783;96,167;968,004;1,746;8,27;B823;4314506;Pinheiro Machado;-31,575;-53,388;419,0;0,0;0;28,1;0,0;30,1;31,1;3,0;-0,967;0,0;23,814;93,389;0,999;0,04
2026-03-31;0,0;20,0;27,9;22,858;85,167;965,158;2,85;20,92;B823;4314506;Pinheiro Machado;-31,575;-53,388;419,0;0,0;0;2,0;28,1;30,1;30,1;2,0;-2,846;1,0;23,24;91,111;1,0;0,023
2026-04-01;0,0;17,3;27,6;21,617;82,25;962,838;2,175;22,23;B823;4314506;Pinheiro Machado;-31,575;-53,388;419,0;0,2;0;0,0;2,0;2,0;30,1;2,0;-2,321;2,0;22,419;87,861;1,0;0,005
2026-04-02;0,2;16,5;27,6;21,708;85,0;962,929;1,438;17,52;B823;4314506;Pinheiro Machado;-31,575;-53,388;419,0;0,0;0;0,0;0,0;0,2;30,3;2,0;0,092;3,0;22,061;84,139;1,0;-0,012
2026-04-03;0,0;17,6;29,0;22,508;81,083;964,7;1,358;21,1;B823;4314506;Pinheiro Machado;-31,575;-53,388;419,0;0,0;0;0,2;0,0;0,2;30,3;2,0;1,771;4,0;21,944;82,778;1,0;-0,029
2026-04-04;0,0;14,5;25,3;20,35;93,125;966,329;2,95;8,3;B823;4314506;Pinheiro Machado;-31,575;-53,388;419,0;0,0;0;0,0;0,2;0,2;30,3;2,0;1,629;5,0;21,522;86,403;0,999;-0,046
2026-04-05;0,0;12,9;19,9;15,575;76,792;971,704;3,625;11,29;B823;4314506;Pinheiro Machado;-31,575;-53,388;419,0;3,0;1;0,0;0,0;0,0;2,2;1,0;5,375;6,0;19,478;83,667;0,998;-0,063
2026-04-06;3,0;14,0;20,6;16,888;87,958;968,929;3,508;5,28;B823;4314506;Pinheiro Machado;-31,575;-53,388;419,0;21,3;1;0,0;0,0;3,0;3,2;1,0;-2,775;0,0;17,604;85,958;0,997;-0,081
2026-04-07;21,3;18,7;20,4;19,55;98,75;960,492;3,142;2,83;B823;4314506;Pinheiro Machado;-31,575;-53,388;419,0;14,2;1;3,0;0,0;24,3;24,5;2,0;-8,438;0,0;17,338;87,833;0,995;-0,098
2026-04-08;14,2;16,1;21,0;17,838;94,417;957,817;5,012;9,94;B823;4314506;Pinheiro Machado;-31,575;-53,388;419,0;0,8;0;21,3;3,0;38,5;38,7;3,0;-2,675;0,0;18,092;93,708;0,993;-0,115
2026-04-09;0,8;13,8;20,7;16,304;86,125;966,446;2,946;17,45;B823;4314506;Pinheiro Machado;-31,575;-53,388;419,0;0,0;0;14,2;21,3;36,3;39,3;3,0;8,629;1,0;17,897;93,097;0,991;-0,132
2026-04-10;0,0;10,0;21,4;15,517;78,208;970,092;1,483;21,05;B823;4314506;Pinheiro Machado;-31,575;-53,388;419,0;0,0;0;0,8;14,2;15,0;39,3;3,0;3,646;2,0;16,553;86,25;0,989;-0,149
2026-04-11;0,0;11,2;24,8;17,183;81,375;969,725;2,192;20,27;B823;4314506;Pinheiro Machado;-31,575;-53,388;419,0;5,4;1;0,0;0,8;0,8;39,3;3,0;-0,367;3,0;16,335;81,903;0,986;-0,166
2026-04-12;5,4;17,3;21,1;18,75;95,667;967,633;2,479;5,09;B823;4314506;Pinheiro Machado;-31,575;-53,388;419,0;0,2;0;0,0;0,0;5,4;44,7;4,0;-2,092;0,0;17,15;85,083;0,983;-0,183
2026-04-13;0,2;17,0;23,5;19,429;93,417;968,396;1,75;10,13;B823;4314506;Pinheiro Machado;-31,575;-53,388;419,0;0,0;0;5,4;0,0;5,6;41,9;3,0;0,763;1,0;18,454;90,153;0,98;-0,2
2026-04-14;0,0;17,7;26,8;20,812;88,333;966,887;2,808;16,67;B823;4314506;Pinheiro Machado;-31,575;-53,388;419,0;0,2;0;0,2;5,4;5,6;20,6;2,0;-1,508;2,0;19,664;92,472;0,976;-0,217
2026-04-15;0,2;19,4;25,2;21,092;87,208;964,325;3,117;10,66;B823;4314506;Pinheiro Machado;-31,575;-53,388;419,0;6,8;1;0,0;0,2;0,4;6,6;1,0;-2,562;3,0;20,444;89,653;0,972;-0,233
2026-04-16;6,8;18,8;21,9;19,654;98,042;959,829;2,942;5,61;B823;4314506;Pinheiro Machado;-31,575;-53,388;419,0;5,8;1;0,2;0,0;7,0;12,6;2,0;-4,496;0,0;20,519;91,194;0,968;-0,25
2026-04-17;5,8;17,8;20,2;18,888;95,458;957,767;3,588;7,0;B823;4314506;Pinheiro Machado;-31,575;-53,388;419,0;0,4;0;6,8;0,2;12,8;18,4;3,0;-2,062;0,0;19,878;93,569;0,964;-0,267
2026-04-18;0,4;14,3;24,1;18,388;85,625;960,712;2,429;18,92;B823;4314506;Pinheiro Machado;-31,575;-53,388;419,0;0,0;0;5,8;6,8;13,0;18,8;3,0;2,946;1,0;18,976;93,042;0,959;-0,283
2026-04-19;0,0;14,0;26,3;19,521;76,792;964,008;1,25;18,52;B823;4314506;Pinheiro Machado;-31,575;-53,388;419,0;0,0;0;0,4;5,8;6,2;13,4;2,0;3,296;2,0;18,932;85,958;0,954;-0,3
2026-04-20;0,0;12,0;23,7;17,567;85,458;966,567;2,062;12,86;B823;4314506;Pinheiro Machado;-31,575;-53,388;419,0;2,4;1;0,0;0,4;0,4;13,2;2,0;2,558;3,0;18,492;82,625;0,949;-0,316
2026-04-21;2,4;17,0;24,5;19,579;91,917;966,996;1,567;9,04;B823;4314506;Pinheiro Machado;-31,575;-53,388;419,0;0,0;0;0,0;0,0;2,4;15,6;3,0;0,429;0,0;18,889;84,722;0,943;-0,332
2026-04-22;0,0;17,9;20,1;18,533;98,333;966,383;1,867;8,08;B823;4314506;Pinheiro Machado;-31,575;-53,388;419,0;0,0;0;2,4;0,0;2,4;15,4;3,0;-0,613;1,0;18,56;91,903;0,937;-0,348
2026-05-01;43,2;9,4;17,0;13,888;93,125;965,05;1,804;1,57;B823;4314506;Pinheiro Machado;-31,575;-53,388;419,0;3,2;1;0,0;0,0;43,2;43,2;1,0;-2,285;0,0;;;0,872;-0,489
2026-05-02;3,2;9,8;17,5;15,525;85,667;966,858;3,55;10,32;B823;4314506;Pinheiro Machado;-31,575;-53,388;419,0;0,0;0;43,2;0,0;46,4;46,4;2,0;1,808;0,0;15,594;79,931;0,864;-0,504
2026-05-03;0,0;4,6;16,9;10,2;67,625;973,308;1,858;17,33;B823;4314506;Pinheiro Machado;-31,575;-53,388;419,0;0,0;0;3,2;43,2;46,4;46,4;2,0;6,45;1,0;13,204;82,139;0,855;-0,519
2026-05-04;0,0;4,5;21,8;11,804;83,435;966,587;1,73;15,82;B823;4314506;Pinheiro Machado;-31,575;-53,388;419,0;5,9;1;0,0;3,2;3,2;46,4;2,0;-6,721;2,0;12,51;78,909;0,846;-0,533
2026-05-05;5,9;15,6;27,3;20,104;92,042;966,321;2,271;9,84;B823;4314506;Pinheiro Machado;-31,575;-53,388;419,0;1,4;1;0,0;0,0;5,9;52,3;3,0;-0,266;0,0;14,036;81,034;0,837;-0,548
2026-05-06;1,4;19,6;29,2;23,167;84,0;965,75;2,958;14,79;B823;4314506;Pinheiro Machado;-31,575;-53,388;419,0;11,9;1;5,9;0,0;7,3;53,7;4,0;-0,571;0,0;18,358;86,492;0,827;-0,562
2026-05-07;11,9;16,2;26,8;21,75;82,542;955,446;4,217;4,35;B823;4314506;Pinheiro Machado;-31,575;-53,388;419,0;30,2;1;1,4;5,9;19,2;65,6;5,0;-10,304;0,0;21,674;86,194;0,817;-0,576
2026-05-08;30,2;7,8;17,1;11,267;81,083;954,608;5,196;12,0;B823;4314506;Pinheiro Machado;-31,575;-53,388;419,0;0,4;0;11,9;1,4;43,5;52,6;5,0;-0,838;0,0;18,728;82,542;0,807;-0,59
2026-05-09;0,4;4,4;10,9;7,371;73,792;963,667;4,217;11,24;B823;4314506;Pinheiro Machado;-31,575;-53,388;419,0;3,0;1;30,2;11,9;42,5;49,8;4,0;9,058;1,0;13,462;79,139;0,797;-0,604
2026-05-10;3,0;5,8;11,0;7,862;84,667;969,975;4,029;13,58;B823;4314506;Pinheiro Machado;-31,575;-53,388;419,0;0,0;0;0,4;30,2;33,6;52,8;5,0;6,308;0,0;8,833;79,847;0,787;-0,617
2026-05-11;0,0;3,7;13,9;8,225;73,292;970,175;3,238;16,09;B823;4314506;Pinheiro Machado;-31,575;-53,388;419,0;0,0;0;3,0;0,4;3,4;52,8;5,0;0,2;1,0;7,819;77,25;0,776;-0,631
2026-05-12;0,0;4,5;17,5;11,279;65,333;968,025;3,983;15,8;B823;4314506;Pinheiro Machado;-31,575;-53,388;419,0;0,0;0;0,0;3,0;3,0;46,9;4,0;-2,15;2,0;9,122;74,431;0,765;-0,644
2026-05-13;0,0;8,9;18,3;12,721;74,542;966,704;2,387;14,77;B823;4314506;Pinheiro Machado;-31,575;-53,388;419,0;0,0;0;0,0;0,0;0,0;45,5;3,0;-1,321;3,0;10,742;71,056;0,754;-0,657
2026-05-14;0,0;7,0;16,0;10,796;80,292;968,625;1,458;11,57;B823;4314506;Pinheiro Machado;-31,575;-53,388;419,0;0,0;0;0,0;0,0;0,0;33,6;2,0;1,921;4,0;11,599;73,389;0,742;-0,67
2026-05-15;0,0;6,1;15,9;9,735;82,773;970,183;1,817;15,32;B823;4314506;Pinheiro Machado;-31,575;-53,388;419,0;0,0;0;0,0;0,0;0,0;3,4;1,0;1,558;5,0;11,084;79,202;0,731;-0,683
2026-05-16;0,0;5,3;15,4;9,533;93,25;967,113;1,521;6,44;B823;4314506;Pinheiro Machado;-31,575;-53,388;419,0;0,0;0;0,0;0,0;0,0;3,0;1,0;-3,07;6,0;10,021;85,438;0,719;-0,695
2026-05-17;0,0;9,9;15,5;11,708;90,208;968,258;2,883;8,54;B823;4314506;Pinheiro Machado;-31,575;-53,388;419,0;0,0;0;0,0;0,0;0,0;0,0;0,0;1,146;7,0;10,325;88,744;0,707;-0,707
2026-05-18;0,0;3,7;14,5;9,013;78,458;973,317;2,171;15,21;B823;4314506;Pinheiro Machado;-31,575;-53,388;419,0;0,0;0;0,0;0,0;0,0;0,0;0,0;5,058;8,0;10,085;87,306;0,694;-0,72
2026-05-19;0,0;4,0;13,9;8,763;71,125;972,9;2,021;14,96;B823;4314506;Pinheiro Machado;-31,575;-53,388;419,0;0,0;0;0,0;0,0;0,0;0,0;0,0;-0,417;9,0;9,828;79,931;0,682;-0,731
2026-05-20;0,0;5,1;15,6;9,425;72,833;972,262;2,346;14,45;B823;4314506;Pinheiro Machado;-31,575;-53,388;419,0;0,0;0;0,0;0,0;0,0;0,0;0,0;-0,638;10,0;9,067;74,139;0,669;-0,743
2026-05-21;0,0;2,2;12,6;8,117;76,417;976,167;2,038;10,78;B823;4314506;Pinheiro Machado;-31,575;-53,388;419,0;0,0;0;0,0;0,0;0,0;0,0;0,0;3,904;11,0;8,768;73,458;0,656;-0,754
2026-05-22;0,0;5,2;12,5;8,379;91,625;977,412;2,137;7,96;B823;4314506;Pinheiro Machado;-31,575;-53,388;419,0;0,6;0;0,0;0,0;0,0;0,0;0,0;1,246;12,0;8,64;80,292;0,643;-0,766
2026-05-23;0,6;9,5;16,4;11,567;96,125;975,887;2,554;7,58;B823;4314506;Pinheiro Machado;-31,575;-53,388;419,0;0,2;0;0,0;0,0;0,6;0,6;0,0;-1,525;13,0;9,354;88,056;0,63;-0,777
2026-05-24;0,2;11,2;16,7;13,196;91,75;973,312;2,6;7,39;B823;4314506;Pinheiro Machado;-31,575;-53,388;419,0;0,2;0;0,6;0,0;0,8;0,8;0,0;-2,575;14,0;11,047;93,167;0,617;-0,787
2026-05-25;0,2;10,1;17,7;13,292;93,458;971,029;2,208;7,29;B823;4314506;Pinheiro Machado;-31,575;-53,388;419,0;2,2;1;0,2;0,6;1,0;1,0;0,0;-2,283;15,0;12,685;93,778;0,603;-0,798
2026-05-26;2,2;12,9;17,2;14,208;96,958;970,204;2,296;6,07;B823;4314506;Pinheiro Machado;-31,575;-53,388;419,0;0,8;0;0,2;0,2;2,6;3,2;1,0;-0,825;0,0;13,565;94,056;0,589;-0,808
2026-05-27;0,8;11,3;17,6;13,075;93,708;973,113;1,767;8,49;B823;4314506;Pinheiro Machado;-31,575;-53,388;419,0;0,4;0;2,2;0,2;3,2;4,0;1,0;2,908;1,0;13,525;94,708;0,575;-0,818
2026-05-28;0,4;10,0;15,3;12,008;93,083;972,662;1,912;6,21;B823;4314506;Pinheiro Machado;-31,575;-53,388;419,0;0,0;0;0,8;2,2;3,4;4,4;1,0;-0,45;2,0;13,097;94,583;0,561;-0,828
2026-05-29;0,0;9,4;16,2;12,267;92,292;972,579;2,692;4,8;B823;4314506;Pinheiro Machado;-31,575;-53,388;419,0;0,0;0;0,4;0,8;1,2;4,4;1,0;-0,083;3,0;12,45;93,028;0,547;-0,837
2026-05-30;0,0;12,3;19,4;14,479;89,458;971,983;1,692;8,32;B823;4314506;Pinheiro Machado;-31,575;-53,388;419,0;0,0;0;0,0;0,4;0,4;3,8;1,0;-0,596;4,0;12,918;91,611;0,532;-0,847
2026-05-31;0,0;11,9;16,7;13,675;91,083;971,212;1,537;10,72;B823;4314506;Pinheiro Machado;-31,575;-53,388;419,0;0,0;0;0,0;0,0;0,0;3,6;1,0;-0,771;5,0;13,474;90,944;0,518;-0,856
2026-06-01;0,0;9,7;15,3;11,483;89,957;972,857;2,213;6,6;B823;4314506;Pinheiro Machado;-31,575;-53,388;419,0;1,4;1;0,0;0,0;0,0;3,4;1,0;1,644;6,0;13,212;90,166;0,503;-0,864
2026-06-02;1,4;9,4;14,9;11,825;95,833;975,842;2,637;6,01;B823;4314506;Pinheiro Machado;-31,575;-53,388;419,0;0,2;0;0,0;0,0;1,4;2,6;1,0;2,985;0,0;12,328;92,291;0,488;-0,873
2026-06-03;0,2;12,0;17,5;14,029;93,75;975,762;2,637;7,25;B823;4314506;Pinheiro Machado;-31,575;-53,388;419,0;0,0;0;1,4;0,0;1,6;2,0;1,0;-0,079;1,0;12,446;93,18;0,473;-0,881
2026-06-04;0,0;11,9;21,2;15,062;88,667;976,279;1,713;11,74;B823;4314506;Pinheiro Machado;-31,575;-53,388;419,0;0,0;0;0,2;1,4;1,6;1,6;1,0;0,517;2,0;13,639;92,75;0,458;-0,889
2026-06-05;0,0;9,2;21,9;14,896;89,708;973,008;1,162;11,95;B823;4314506;Pinheiro Machado;-31,575;-53,388;419,0;0,0;0;0,0;0,2;0,2;1,6;1,0;-3,271;3,0;14,662;90,708;0,442;-0,897
2026-06-06;0,0;11,9;19,9;15,579;94,583;968,825;1,15;7,72;B823;4314506;Pinheiro Machado;-31,575;-53,388;419,0;0,2;0;0,0;0,0;0,0;1,6;1,0;-4,183;4,0;15,179;90,986;0,427;-0,904
2026-06-07;0,2;11,7;17,2;13,417;95,458;968,608;2,258;5,42;B823;4314506;Pinheiro Machado;-31,575;-53,388;419,0;21,4;1;0,0;0,0;0,2;1,8;1,0;-0,217;5,0;14,631;93,25;0,411;-0,912
2026-06-08;21,4;10,8;13,6;12,367;99,625;968,679;2,771;2,25;B823;4314506;Pinheiro Machado;-31,575;-53,388;419,0;6,6;1;0,2;0,0;21,6;23,2;2,0;0,071;0,0;13,788;96,556;0,395;-0,919
2026-06-09;6,6;10,1;16,2;11,758;92,042;968,0;2,096;10,89;B823;4314506;Pinheiro Machado;-31,575;-53,388;419,0;0,2;0;21,4;0,2;28,2;28,4;2,0;-0,679;0,0;12,514;95,708;0,379;-0,925
2026-06-10;0,2;6,3;15,1;9,792;94,0;967,504;1,217;9,71;B823;4314506;Pinheiro Machado;-31,575;-53,388;419,0;1,2;1;6,6;21,4;28,2;28,4;2,0;-0,496;1,0;11,306;95,222;0,363;-0,932
2026-06-11;1,2;7,7;13,7;10,858;94,042;967,004;1,767;4,66;B823;4314506;Pinheiro Machado;-31,575;-53,388;419,0;16,4;1;0,2;6,6;8,0;29,6;3,0;-0,5;0,0;10,803;93,361;0,347;-0,938
2026-06-12;16,4;11,4;12,2;11,812;99,417;963,304;3,646;2,25;B823;4314506;Pinheiro Machado;-31,575;-53,388;419,0;0,0;0;1,2;0,2;17,8;46,0;4,0;-3,7;0,0;10,821;95,819;0,331;-0,944
2026-06-13;0,0;9,3;15,5;12,013;92,833;966,592;1,942;7,28;B823;4314506;Pinheiro Machado;-31,575;-53,388;419,0;0,4;0;16,4;1,2;17,6;46,0;4,0;3,288;1,0;11,561;95,431;0,315;-0,949
2026-06-14;0,4;5,2;11,3;9,067;89,292;969,583;2,533;6,99;B823;4314506;Pinheiro Machado;-31,575;-53,388;419,0;0,0;0;0,0;16,4;16,8;46,2;4,0;2,992;2,0;10,964;93,847;0,299;-0,954
2026-06-15;0,0;1,5;10,6;5,546;83,5;972,517;1,183;12,98;B823;4314506;Pinheiro Machado;-31,575;-53,388;419,0;0,0;0;0,4;0,0;0,4;24,8;3,0;2,933;3,0;8,875;88,542;0,282;-0,959
2026-06-16;0,0;1,5;14,7;7,475;72,667;970,346;2,992;12,95;B823;4314506;Pinheiro Machado;-31,575;-53,388;419,0;0,0;0;0,0;0,4;0,4;18,2;2,0;-2,171;4,0;7,362;81,819;0,266;-0,964
2026-06-17;0,0;6,0;14,9;9,967;75,458;972,475;2,679;12,79;B823;4314506;Pinheiro Machado;-31,575;-53,388;419,0;0,0;0;0,0;0,0;0,0;18,0;2,0;2,129;5,0;7,663;77,208;0,249;-0,969
2026-06-18;0,0;3,5;14,9;8,029;87,625;972,083;1,904;7,83;B823;4314506;Pinheiro Machado;-31,575;-53,388;419,0;7,9;1;0,0;0,0;0,0;16,8;1,0;-0,392;6,0;8,49;78,583;0,232;-0,973
2026-06-19;7,9;8,0;12,9;10,6;94,5;964,671;3,662;1,27;B823;4314506;Pinheiro Machado;-31,575;-53,388;419,0;0,0;0;0,0;0,0;7,9;8,3;1,0;-7,413;0,0;9,532;85,861;0,215;-0,977
2026-06-20;0,0;2,4;12,7;7,496;85,792;968,017;1,688;12,68;B823;4314506;Pinheiro Machado;-31,575;-53,388;419,0;0,0;0;7,9;0,0;7,9;8,3;1,0;3,347;1,0;8,708;89,306;0,199;-0,98
2026-06-21;0,0;1,9;12,2;6,3;89,292;966,304;1,008;8,36;B823;4314506;Pinheiro Machado;-31,575;-53,388;419,0;5,0;1;0,0;7,9;7,9;7,9;1,0;-1,713;2,0;8,132;89,861;0,182;-0,983
2026-06-22;5,0;6,0;8,5;7,317;95,417;964,142;1,75;2,91;B823;4314506;Pinheiro Machado;-31,575;-53,388;419,0;0,0;0;0,0;0,0;5,0;12,9;2,0;-2,162;0,0;7,038;90,167;0,165;-0,986
2026-06-23;0,0;3,4;9,2;5,612;85,958;966,55;3,221;9,7;B823;4314506;Pinheiro Machado;-31,575;-53,388;419,0;0,0;0;5,0;0,0;5,0;12,9;2,0;2,408;1,0;6,41;90,222;0,148;-0,989
2026-06-24;0,0;0,5;11,7;5,529;77,292;968,158;2,292;10,64;B823;4314506;Pinheiro Machado;-31,575;-53,388;419,0;0,0;0;0,0;5,0;5,0;12,9;2,0;1,608;2,0;6,153;86,222;0,131;-0,991
2026-06-25;0,0;1,3;15,0;7,462;79,042;971,475;2,258;12,51;B823;4314506;Pinheiro Machado;-31,575;-53,388;419,0;0,0;0;0,0;0,0;0,0;12,9;2,0;3,317;3,0;6,201;80,764;0,114;-0,994
2026-06-26;0,0;3,7;16,1;9,639;78,13;972,643;2,378;12,56;B823;4314506;Pinheiro Machado;-31,575;-53,388;419,0;0,0;0;0,0;0,0;0,0;5,0;1,0;1,168;4,0;7,544;78,155;0,097;-0,995
2026-06-27;0,0;3,7;18,4;10,046;80,0;971,817;1,133;12,85;B823;4314506;Pinheiro Machado;-31,575;-53,388;419,0;1,8;1;0,0;0,0;0,0;5,0;1,0;-0,827;5,0;9,049;79,057;0,079;-0,997
2026-06-28;1,8;10,7;15,0;13,008;93,958;965,829;2,108;1,84;B823;4314506;Pinheiro Machado;-31,575;-53,388;419,0;0,2;0;0,0;0,0;1,8;6,8;2,0;-5,987;0,0;10,898;84,03;0,062;-0,998
2026-06-29;0,2;5,6;14,1;8,692;90,0;969,625;2,046;11,25;B823;4314506;Pinheiro Machado;-31,575;-53,388;419,0;0,0;0;1,8;0,0;2,0;2,0;1,0;3,796;1,0;10,582;87,986;0,045;-0,999
2026-06-30;0,0;2,5;11,8;6,95;91,875;969,637;1,817;11,2;B823;4314506;Pinheiro Machado;-31,575;-53,388;419,0;0,2;0;0,2;1,8;2,0;2,0;1,0;0,012;2,0;9,55;91,944;0,028;-1,0
2026-07-01;0,2;8,6;14,9;10,846;94,375;968,221;2,242;5,01;B823;4314506;Pinheiro Machado;-31,575;-53,388;419,0;2,4;1;0,0;0,2;0,4;2,2;1,0;-1,417;3,0;8,829;92,083;0,011;-1,0
2026-07-02;2,4;5,4;12,7;7,762;97,833;973,679;4,146;2,04;B823;4314506;Pinheiro Machado;-31,575;-53,388;419,0;0,2;0;0,2;0,0;2,6;4,6;2,0;5,458;0,0;8,519;94,694;-0,006;-1,0
2026-07-03;0,2;-1,9;8,2;2,942;85,542;976,354;3,146;10,51;B823;4314506;Pinheiro Machado;-31,575;-53,388;419,0;0,2;0;2,4;0,2;2,8;4,8;2,0;2,675;1,0;7,183;92,583;-0,024;-1,0
2026-07-04;0,2;5,0;10,7;6,733;97,083;975,562;2,383;5,14;B823;4314506;Pinheiro Machado;-31,575;-53,388;419,0;0,4;0;0,2;2,4;2,8;5,0;2,0;-0,792;2,0;5,812;93,486;-0,041;-0,999
2026-07-05;0,4;6,4;10,4;8,188;99,917;972,008;2,146;3,5;B823;4314506;Pinheiro Machado;-31,575;-53,388;419,0;0,8;0;0,2;0,2;0,8;3,6;1,0;-3,554;3,0;5,954;94,181;-0,058;-0,998
2026-07-06;0,8;4,9;10,3;8,013;91,417;969,071;3,038;5,04;B823;4314506;Pinheiro Machado;-31,575;-53,388;419,0;0,0;0;0,4;0,2;1,4;4,2;1,0;-2,938;4,0;7,644;96,139;-0,075;-0,997
2026-07-07;0,0;2,7;12,2;6,375;76,958;970,075;3,2;13,33;B823;4314506;Pinheiro Machado;-31,575;-53,388;419,0;0,0;0;0,8;0,4;1,2;4,2;1,0;1,004;5,0;7,525;89,431;-0,092;-0,996
2026-07-08;0,0;4,7;18,0;9,821;70,625;969,9;2,146;13,03;B823;4314506;Pinheiro Machado;-31,575;-53,388;419,0;0,0;0;0,0;0,8;0,8;4,0;1,0;-0,175;6,0;8,069;79,667;-0,109;-0,994
2026-07-09;0,0;7,1;20,2;12,396;62,875;967,421;2,171;9,65;B823;4314506;Pinheiro Machado;-31,575;-53,388;419,0;0,0;0;0,0;0,0;0,0;1,6;0,0;-2,479;7,0;9,531;70,153;-0,127;-0,992
2026-07-10;0,0;9,2;17,6;13,717;72,208;965,679;1,958;10,25;B823;4314506;Pinheiro Machado;-31,575;-53,388;419,0;0,0;0;0,0;0,0;0,0;1,4;0,0;-1,742;8,0;11,978;68,569;-0,144;-0,99
2026-07-11;0,0;11,5;14,3;12,229;97,625;964,692;2,6;3,71;B823;4314506;Pinheiro Machado;-31,575;-53,388;419,0;1,8;1;0,0;0,0;0,0;1,2;0,0;-0,988;9,0;12,781;77,569;-0,161;-0,987
2026-07-12;1,8;6,8;11,9;9,579;96,208;967,779;2,804;5,4;B823;4314506;Pinheiro Machado;-31,575;-53,388;419,0;1,8;1;0,0;0,0;1,8;2,6;1,0;3,088;0,0;11,842;88,681;-0,178;-0,984
2026-07-13;1,8;7,6;10,9;8,904;97,375;972,95;1,917;3,84;B823;4314506;Pinheiro Machado;-31,575;-53,388;419,0;0,0;0;1,8;0,0;3,6;3,6;2,0;5,171;0,0;10,237;97,069;-0,194;-0,981
2026-07-14;0,0;5,3;16,7;10,558;87,208;972,054;1,554;13,53;B823;4314506;Pinheiro Machado;-31,575;-53,388;419,0;2,2;1;1,8;1,8;3,6;3,6;2,0;-0,896;1,0;9,681;93,597;-0,211;-0,977
2026-07-15;2,2;6,4;19,3;11,733;83,458;968,025;2,162;14,4;B823;4314506;Pinheiro Machado;-31,575;-53,388;419,0;0,0;0;0,0;1,8;4,0;5,8;3,0;-4,029;0,0;10,399;89,347;-0,228;-0,974
2026-07-16;0,0;10,0;24,3;17,588;64,833;963,517;3,167;11,58;B823;4314506;Pinheiro Machado;-31,575;-53,388;419,0;0,0;0;2,2;0,0;2,2;5,8;3,0;-4,508;1,0;13,293;78,5;-0,245;-0,97
2026-07-17;0,0;19,3;27,6;22,592;62,125;956,275;6,188;9,4;B823;4314506;Pinheiro Machado;-31,575;-53,388;419,0;6,7;1;0,0;2,2;2,2;5,8;3,0;-7,242;2,0;17,304;70,139;-0,261;-0,965
2026-07-18;6,7;17,1;24,6;20,562;81,958;955,333;5,025;1,12;B823;4314506;Pinheiro Machado;-31,575;-53,388;419,0;53,2;1;0,0;0,0;6,7;12,5;4,0;-0,942;0,0;20,247;69,639;-0,278;-0,961
2026-07-19;53,2;14,2;18,1;15,654;96,583;956,146;3,396;0,94;B823;4314506;Pinheiro Machado;-31,575;-53,388;419,0;62,4;1;6,7;0,0;59,9;63,9;4,0;0,812;0,0;19,603;80,222;-0,294;-0,956
2026-07-20;62,4;15,4;16,6;15,975;99,167;958,379;1,596;1,04;B823;4314506;Pinheiro Machado;-31,575;-53,388;419,0;0,8;0;53,2;6,7;122,3;124,5;4,0;2,233;0,0;17,397;92,569;-0,311;-0,95
2026-07-21;0,8;14,5;17,6;16,238;99,792;959,25;1,842;1,91;B823;4314506;Pinheiro Machado;-31,575;-53,388;419,0;10,3;1;62,4;53,2;116,4;125,3;4,0;0,871;1,0;15,956;98,514;-0,327;-0,945
2026-07-22;10,3;11,6;15,0;13,546;99,333;963,467;3,542;5,27;B823;4314506;Pinheiro Machado;-31,575;-53,388;419,0;6,8;1;0,8;62,4;73,5;133,4;4,0;4,217;0,0;15,253;99,431;-0,343;-0,939
2026-07-23;6,8;10,1;14,8;11,562;93,167;970,642;3,588;8,28;B823;4314506;Pinheiro Machado;-31,575;-53,388;419,0;0,0;0;10,3;0,8;17,9;140,2;5,0;7,175;0,0;13,782;97,431;-0,359;-0,933
2026-07-24;0,0;9,4;16,6;12,204;93,833;970,129;3,125;8,41;B823;4314506;Pinheiro Machado;-31,575;-53,388;419,0;0,0;0;6,8;10,3;17,1;140,2;5,0;-0,513;1,0;12,438;95,444;-0,375;-0,927
2026-07-25;0,0;9,4;20,3;14,642;92,292;968,971;1,279;13,58;B823;4314506;Pinheiro Machado;-31,575;-53,388;419,0;0,0;0;0,0;6,8;6,8;133,5;4,0;-1,158;2,0;12,803;93,097;-0,391;-0,92
2026-07-26;0,0;14,2;17,1;15,212;98,708;967,05;1,796;2,85;B823;4314506;Pinheiro Machado;-31,575;-53,388;419,0;24,3;1;0,0;0,0;0,0;80,3;3,0;-1,921;3,0;14,019;94,944;-0,407;-0,913
2026-07-27;24,3;12,5;16,7;14,479;99,958;964,137;2,054;2,68;B823;4314506;Pinheiro Machado;-31,575;-53,388;419,0;15,0;1;0,0;0,0;24,3;42,2;3,0;-2,913;0,0;14,778;96,986;-0,423;-0,906
2026-07-28;15,0;14,7;18,9;16,508;98,458;960,346;1,846;3,2;B823;4314506;Pinheiro Machado;-31,575;-53,388;419,0;9,4;1;24,3;0,0;39,3;56,4;4,0;-3,792;0,0;15,4;99,042;-0,438;-0,899
2026-07-29;9,4;11,8;16,2;13,767;95,5;964,588;2,363;6,4;B823;4314506;Pinheiro Machado;-31,575;-53,388;419,0;1,8;1;15,0;24,3;48,7;55,5;4,0;4,242;0,0;14,918;97,972;-0,454;-0,891
2026-07-30;1,8;11,0;16,7;13,425;92,417;971,529;3,229;10,39;B823;4314506;Pinheiro Machado;-31,575;-53,388;419,0;0,0;0;9,4;15,0;26,2;50,5;4,0;6,942;0,0;14,567;95,458;-0,469;-0,883
2026-07-31;0,0;12,0;25,2;17,117;88,667;967,567;2,633;14,54;B823;4314506;Pinheiro Machado;-31,575;-53,388;419,0;15,2;1;1,8;9,4;11,2;50,5;4,0;-3,963;1,0;14,769;92,194;-0,484;-0,875
2026-08-01;15,2;13,4;22,2;17,854;86,542;961,392;3,625;3,83;B823;4314506;Pinheiro Machado;-31,575;-53,388;419,0;1,6;1;0,0;1,8;17,0;65,7;5,0;-6,175;0,0;16,132;89,208;-0,499;-0,867
2026-08-02;1,6;11,7;16,6;14,004;95,167;968,012;1,879;5,6;B823;4314506;Pinheiro Machado;-31,575;-53,388;419,0;0,0;0;15,2;0,0;16,8;67,3;6,0;6,621;0,0;16,325;90,125;-0,514;-0,858
2026-08-03;0,0;12,8;22,1;15,733;94,083;967,421;2,55;9,55;B823;4314506;Pinheiro Machado;-31,575;-53,388;419,0;7,1;1;1,6;15,2;16,8;43,0;5,0;-0,592;1,0;15,864;91,931;-0,529;-0,849
2026-08-04;7,1;16,2;21,2;17,683;95,083;966,104;1,817;6,63;B823;4314506;Pinheiro Machado;-31,575;-53,388;419,0;18,0;1;0,0;1,6;8,7;35,1;5,0;-1,317;0,0;15,807;94,778;-0,543;-0,84
2026-08-05;18,0;14,6;21,7;16,508;97,5;964,604;1,854;5,82;B823;4314506;Pinheiro Machado;-31,575;-53,388;419,0;34,1;1;7,1;0,0;25,1;43,7;5,0;-1,5;0,0;16,642;95,556;-0,557;-0,83
2026-08-06;34,1;13,5;22,1;17,138;96,375;956,658;2,796;10,25;B823;4314506;Pinheiro Machado;-31,575;-53,388;419,0;1,8;1;18,0;7,1;59,2;76,0;5,0;-7,946;0,0;17,11;96,319;-0,572;-0,82
2026-08-07;1,8;6,1;14,1;9,071;83,167;959,717;4,212;14,8;B823;4314506;Pinheiro Machado;-31,575;-53,388;419,0;0,0;0;34,1;18,0;53,9;77,8;6,0;3,058;0,0;14,239;92,347;-0,586;-0,811
2026-08-08;0,0;1,7;13,0;6,717;88,25;959,35;1,6;9,52;B823;4314506;Pinheiro Machado;-31,575;-53,388;419,0;0,0;0;1,8;34,1;35,9;62,6;5,0;-0,367;1,0;10,975;89,264;-0,6;-0,8
2026-08-09;0,0;2,4;13,0;7,646;68,125;968,658;2,271;17,16;B823;4314506;Pinheiro Machado;-31,575;-53,388;419,0;0,0;0;0,0;1,8;1,8;61,0;4,0;9,308;2,0;7,811;79,847;-0,613;-0,79
2026-08-10;0,0;2,3;11,1;6,604;72,875;979,446;2,542;15,71;B823;4314506;Pinheiro Machado;-31,575;-53,388;419,0;0,0;0;0,0;0,0;0,0;61,0;4,0;10,788;3,0;6,989;76,417;-0,627;-0,779
2026-08-11;0,0;2,8;12,5;7,212;85,625;979,221;3,363;11,13;B823;4314506;Pinheiro Machado;-31,575;-53,388;419,0;12,8;1;0,0;0,0;0,0;53,9;3,0;-0,225;4,0;7,154;75,542;-0,64;-0,768
2026-08-12;12,8;8,5;11,6;9,879;98,958;970,613;3,921;2,46;B823;4314506;Pinheiro Machado;-31,575;-53,388;419,0;7,0;1;0,0;0,0;12,8;48,7;3,0;-8,608;0,0;7,899;85,819;-0,653;-0,757
2026-08-13;7,0;8,1;11,4;9,204;99,792;969,508;4,179;1,27;B823;4314506;Pinheiro Machado;-31,575;-53,388;419,0;1,4;1;12,8;0,0;19,8;21,6;3,0;-1,104;0,0;8,765;94,792;-0,666;-0,746
2026-08-14;1,4;8,5;13,3;10,829;99,083;972,596;3,942;6,01;B823;4314506;Pinheiro Machado;-31,575;-53,388;419,0;0,4;0;7,0;12,8;21,2;21,2;3,0;3,087;0,0;9,971;99,278;-0,679;-0,734
2026-08-15;0,4;11,8;17,7;14,204;96,542;969,188;4,092;6,25;B823;4314506;Pinheiro Machado;-31,575;-53,388;419,0;80,4;1;1,4;7,0;8,8;21,6;3,0;-3,408;1,0;11,413;98,472;-0,691;-0,723
2026-08-16;80,4;15,0;17,4;16,404;99,917;964,517;2,333;1,05;B823;4314506;Pinheiro Machado;-31,575;-53,388;419,0;12,7;1;0,4;1,4;82,2;102,0;4,0;-4,671;0,0;13,812;98,514;-0,704;-0,711
2026-08-17;12,7;16,2;19,0;17,083;99,083;963,762;2,558;1,32;B823;4314506;Pinheiro Machado;-31,575;-53,388;419,0;36,1;1;80,4;0,4;93,5;114,7;5,0;-0,754;0,0;15,897;98,514;-0,716;-0,698
2026-08-18;36,1;12,9;19,6;16,325;98,917;966,162;2,454;4,71;B823;4314506;Pinheiro Machado;-31,575;-53,388;419,0;9,7;1;12,7;80,4;129,2;150,8;6,0;2,4;0,0;16,604;99,306;-0,728;-0,686
2026-08-19;9,7;11,0;12,9;11,808;100,0;970,533;2,908;3,0;B823;4314506;Pinheiro Machado;-31,575;-53,388;419,0;9,3;1;36,1;12,7;58,5;147,7;6,0;4,371;0,0;15,072;99,333;-0,739;-0,673
2026-08-20;9,3;11,6;11,8;11,6;100,0;970,5;2,7;0,0;B823;4314506;Pinheiro Machado;-31,575;-53,388;419,0;0,0;0;9,7;36,1;55,1;150,0;6,0;-0,033;0,0;13,244;99,639;-0,751;-0,66
2026-01-07;1,2;18,1;29,0;21,85;76,458;972,762;3,288;13,37;B826;4309605;Herval;-32,013;-53,403;331,0;0,6;0;0,0;0,0;1,2;1,6;1,0;-2,808;0,0;19,528;69,903;0,12;0,993
2026-01-08;0,6;16,4;22,1;18,543;92,435;977,035;6,091;16,89;B826;4309605;Herval;-32,013;-53,403;331,0;7,8;1;1,2;0,0;1,8;2,0;1,0;4,272;1,0;20,205;79,367;0,137;0,991
2026-01-09;7,8;17,9;20,1;18,746;97,5;976,596;7,996;3,99;B826;4309605;Herval;-32,013;-53,403;331,0;14,7;1;0,6;1,2;9,6;9,6;2,0;-0,439;0,0;19,713;88,798;0,154;0,988
2026-01-10;14,7;20,0;26,2;22,079;88,833;968,863;6,883;15,05;B826;4309605;Herval;-32,013;-53,403;331,0;11,0;1;7,8;0,6;23,1;24,3;3,0;-7,733;0,0;19,789;92,923;0,171;0,985
2026-01-11;11,0;14,6;23,7;17,935;93,435;967,913;6,165;13,35;B826;4309605;Herval;-32,013;-53,403;331,0;0,2;0;14,7;7,8;33,5;35,3;4,0;-0,949;0,0;19,587;93,256;0,188;0,982
2026-01-12;0,2;17,8;25,7;20,667;86,542;972,417;2,45;19,82;B826;4309605;Herval;-32,013;-53,403;331,0;0,0;0;11,0;14,7;25,9;35,5;4,0;4,504;1,0;20,227;89,603;0,205;0,979
2026-01-13;0,0;18,3;27,8;22,117;85,217;973,478;2,613;18,58;B826;4309605;Herval;-32,013;-53,403;331,0;0,0;0;0,2;11,0;11,2;35,5;4,0;1,062;2,0;20,24;88,398;0,222;0,975
2026-01-14;0,0;19,5;30,5;23,925;82,333;974,083;3,042;26,03;B826;4309605;Herval;-32,013;-53,403;331,0;0,0;0;0,0;0,2;0,2;34,3;3,0;0,605;3,0;22,236;84,697;0,239;0,971
2026-01-15;0,0;21,6;32,7;26,354;73,792;972,596;4,525;29,17;B826;4309605;Herval;-32,013;-53,403;331,0;23,0;1;0,0;0,0;0,0;33,7;3,0;-1,488;4,0;24,132;80,447;0,255;0,967
2026-01-16;23,0;19,9;26,6;23,475;76,958;973,958;4,175;11,56;B826;4309605;Herval;-32,013;-53,403;331,0;0,0;0;0,0;0,0;23,0;48,9;3,0;1,363;0,0;24,585;77,694;0,272;0,962
2026-01-17;0,0;16,8;26,9;21,367;85,417;973,988;3,15;20,75;B826;4309605;Herval;-32,013;-53,403;331,0;20,6;1;23,0;0,0;23,0;34,2;2,0;0,029;1,0;23,732;78,722;0,288;0,958
2026-01-18;20,6;14,7;27,8;22,004;85,958;971,804;4,117;25,15;B826;4309605;Herval;-32,013;-53,403;331,0;0,0;0;0,0;23,0;43,6;43,8;2,0;-2,183;0,0;22,282;82,778;0,305;0,952
2026-01-19;0,0;12,2;21,7;16,767;70,917;978,771;6,525;23,67;B826;4309605;Herval;-32,013;-53,403;331,0;0,0;0;20,6;0,0;20,6;43,6;2,0;6,967;1,0;20,046;80,764;0,321;0,947
2026-01-20;0,0;13,0;22,6;17,274;72,455;979,104;3,596;23,04;B826;4309605;Herval;-32,013;-53,403;331,0;0,0;0;0,0;20,6;20,6;43,6;2,0;0,334;2,0;18,682;76,443;0,337;0,941
2026-01-21;0,0;12,0;24,4;18,004;71,875;978,6;4,979;31,77;B826;4309605;Herval;-32,013;-53,403;331,0;0,0;0;0,0;0,0;0,0;43,6;2,0;-0,504;3,0;17,348;71,749;0,353;0,935
2026-01-22;0,0;13,5;27,4;19,683;76,783;978,342;4,837;28,53;B826;4309605;Herval;-32,013;-53,403;331,0;0,0;0;0,0;0,0;0,0;43,6;2,0;-0,258;4,0;18,32;73,704;0,369;0,929
2026-01-23;0,0;15,9;26,5;20,921;75,917;979,512;5,767;29,82;B826;4309605;Herval;-32,013;-53,403;331,0;0,0;0;0,0;0,0;0,0;20,6;1,0;1,171;5,0;19,536;74,858;0,385;0,923
2026-01-24;0,0;13,6;28,2;20,712;77,917;978,617;4,858;32,4;B826;4309605;Herval;-32,013;-53,403;331,0;0,0;0;0,0;0,0;0,0;20,6;1,0;-0,896;6,0;20,439;76,872;0,401;0,916
2026-01-25;0,0;18,0;29,5;22,862;78,0;978,488;4,775;31,38;B826;4309605;Herval;-32,013;-53,403;331,0;0,0;0;0,0;0,0;0,0;0,0;0,0;-0,129;7,0;21,499;77,278;0,417;0,909
2026-01-26;0,0;18,7;31,5;24,258;78,875;977,625;4,817;27,43;B826;4309605;Herval;-32,013;-53,403;331,0;2,2;1;0,0;0,0;0,0;0,0;0,0;-0,863;8,0;22,611;78,264;0,432;0,902
2026-01-27;2,2;20,3;34,4;25,754;70,667;976,675;2,904;26,79;B826;4309605;Herval;-32,013;-53,403;331,0;0,0;0;0,0;0,0;2,2;2,2;1,0;-0,95;0,0;24,292;75,847;0,448;0,894
2026-01-28;0,0;20,4;31,0;24,221;84,625;976,113;4,025;27,34;B826;4309605;Herval;-32,013;-53,403;331,0;0,0;0;2,2;0,0;2,2;2,2;1,0;-0,562;1,0;24,744;78,056;0,463;0,886
2026-01-29;0,0;21,5;28,9;24,058;85,125;975,933;4,988;23,48;B826;4309605;Herval;-32,013;-53,403;331,0;0,0;0;0,0;2,2;2,2;2,2;1,0;-0,179;2,0;24,678;80,139;0,478;0,878
2026-01-30;0,0;20,0;26,3;21,709;90,565;975,474;5,078;14,52;B826;4309605;Herval;-32,013;-53,403;331,0;2,4;1;0,0;0,0;0,0;2,2;1,0;-0,459;3,0;23,329;86,772;0,493;0,87
2026-01-31;2,4;17,5;24,5;19,883;89,565;972,413;3,939;15,24;B826;4309605;Herval;-32,013;-53,403;331,0;0,0;0;0,0;0,0;2,4;4,6;2,0;-3,061;0,0;21,883;88,418;0,508;0,861
2026-02-01;0,0;17,3;26,8;20,967;81,167;969,579;3,488;26,16;B826;4309605;Herval;-32,013;-53,403;331,0;0,0;0;2,4;0,0;2,4;4,6;2,0;-2,834;1,0;20,853;87,099;0,523;0,852
2026-02-02;0,0;15,9;29,1;22,075;75,583;970,85;2,554;28,93;B826;4309605;Herval;-32,013;-53,403;331,0;0,0;0;0,0;2,4;2,4;4,6;2,0;1,271;2,0;20,975;82,105;0,538;0,843
2026-02-03;0,0;19,1;31,1;24,479;69,583;970,158;2,483;27,81;B826;4309605;Herval;-32,013;-53,403;331,0;0,0;0;0,0;0,0;0,0;2,4;1,0;-0,692;3,0;22,507;75,444;0,552;0,834
2026-02-04;0,0;21,4;32,9;26,142;62,292;971,992;2,988;21,78;B826;4309605;Herval;-32,013;-53,403;331,0;0,0;0;0,0;0,0;0,0;2,4;1,0;1,833;4,0;24,232;69,153;0,566;0,824
2026-02-05;0,0;20,2;34,9;26,467;65,792;973,637;2,654;28,44;B826;4309605;Herval;-32,013;-53,403;331,0;0,0;0;0,0;0,0;0,0;2,4;1,0;1,646;5,0;25,696;65,889;0,58;0,814
2026-02-06;0,0;20,1;25,3;22,617;86,917;974,171;4,163;11,75;B826;4309605;Herval;-32,013;-53,403;331,0;0,0;0;0,0;0,0;0,0;2,4;1,0;0,533;6,0;25,075;71,667;0,594;0,804
2026-02-07;0,0;15,8;27,2;21,004;66,625;977,279;4,462;31,62;B826;4309605;Herval;-32,013;-53,403;331,0;0,0;0;0,0;0,0;0,0;0,0;0,0;3,108;7,0;23,362;73,111;0,608;0,794
2026-02-08;0,0;15,4;28,0;21,117;63,125;977,446;3,721;30,53;B826;4309605;Herval;-32,013;-53,403;331,0;0,0;0;0,0;0,0;0,0;0,0;0,0;0,167;8,0;21,579;72,222;0,622;0,783
2026-02-09;0,0;15,6;29,4;21,925;75,5;974,517;5,121;27,77;B826;4309605;Herval;-32,013;-53,403;331,0;0,0;0;0,0;0,0;0,0;0,0;0,0;-2,929;9,0;21,349;68,417;0,635;0,772
2026-02-10;0,0;20,0;33,0;25,133;77,5;971,254;2,725;20,94;B826;4309605;Herval;-32,013;-53,403;331,0;0,0;0;0,0;0,0;0,0;0,0;0,0;-3,263;10,0;22,725;72,042;0,648;0,761
2026-02-11;0,0;22,1;34,7;27,675;65,25;970,383;3,517;24,25;B826;4309605;Herval;-32,013;-53,403;331,0;30,4;1;0,0;0,0;0,0;0,0;0,0;-0,871;11,0;24,911;72,75;0,661;0,75
2026-02-12;30,4;17,0;24,0;20,504;95,958;973,283;5,4;3,54;B826;4309605;Herval;-32,013;-53,403;331,0;0,2;0;0,0;0,0;30,4;30,4;1,0;2,9;0,0;24,438;79,569;0,674;0,739
2026-02-13;0,2;17,1;26,2;20,946;86,125;977,683;4,392;25,78;B826;4309605;Herval;-32,013;-53,403;331,0;0,0;0;30,4;0,0;30,6;30,6;1,0;4,4;1,0;23,042;82,444;0,687;0,727
2026-02-14;0,0;15,1;25,4;19,65;78,958;981,371;5,867;24,52;B826;4309605;Herval;-32,013;-53,403;331,0;0,6;0;0,2;30,4;30,6;30,6;1,0;3,688;2,0;20,367;87,014;0,699;0,715
2026-02-15;0,6;17,2;30,3;22,012;84,333;976,558;5,312;22,23;B826;4309605;Herval;-32,013;-53,403;331,0;0,4;0;0,0;0,2;0,8;31,2;1,0;-4,812;3,0;20,869;83,139;0,711;0,703
2026-02-16;0,4;20,7;28,1;23,488;85,917;974,288;3,392;23,24;B826;4309605;Herval;-32,013;-53,403;331,0;0,0;0;0,6;0,0;1,0;31,6;1,0;-2,271;4,0;21,717;83,069;0,723;0,691
2026-02-17;0,0;19,1;28,4;22,904;84,0;975,038;3,35;25,79;B826;4309605;Herval;-32,013;-53,403;331,0;0,0;0;0,4;0,6;1,0;31,6;1,0;0,75;5,0;22,801;84,75;0,735;0,678
2026-02-18;0,0;18,6;28,7;22,688;81,958;975,383;3,604;27,65;B826;4309605;Herval;-32,013;-53,403;331,0;0,0;0;0,0;0,4;0,4;31,6;1,0;0,346;6,0;23,026;83,958;0,747;0,665
2026-02-19;0,0;18,6;26,1;21,579;87,458;973,133;3,275;11,57;B826;4309605;Herval;-32,013;-53,403;331,0;54,7;1;0,0;0,0;0,0;1,2;0,0;-2,25;7,0;22,39;84,472;0,758;0,652
2026-02-20;54,7;17,1;26,4;20,908;86,875;974,983;4,629;22,51;B826;4309605;Herval;-32,013;-53,403;331,0;0,8;0;0,0;0,0;54,7;55,7;1,0;1,85;0,0;21,725;85,431;0,769;0,639
2026-02-21;0,8;18,9;26,3;21,3;89,625;978,367;5,188;18,93;B826;4309605;Herval;-32,013;-53,403;331,0;0,0;0;54,7;0,0;55,5;56,5;1,0;3,383;1,0;21,262;87,986;0,78;0,626
2026-02-22;0,0;18,0;27,6;21,754;85,542;978,692;6,242;24,79;B826;4309605;Herval;-32,013;-53,403;331,0;0,0;0;0,8;54,7;55,5;55,9;1,0;0,325;2,0;21,321;87,347;0,791;0,612
2026-02-23;0,0;18,7;27,5;22,083;84,542;975,238;6,483;19,03;B826;4309605;Herval;-32,013;-53,403;331,0;0,4;0;0,0;0,8;0,8;55,5;1,0;-3,454;3,0;21,713;86,569;0,801;0,599
2026-02-24;0,4;19,6;27,4;22,512;89,292;970,2;3,762;12,49;B826;4309605;Herval;-32,013;-53,403;331,0;3,8;1;0,0;0,0;0,4;55,9;1,0;-5,038;4,0;22,117;86,458;0,811;0,585
2026-02-25;3,8;17,0;23,3;19,942;88,0;971,088;4,325;17,23;B826;4309605;Herval;-32,013;-53,403;331,0;0,0;0;0,4;0,0;4,2;59,7;2,0;0,888;0,0;21,512;87,278;0,821;0,571
2026-02-26;0,0;13,7;21,2;16,875;78,292;973,875;4,096;21,16;B826;4309605;Herval;-32,013;-53,403;331,0;0,0;0;3,8;0,4;4,2;59,7;2,0;2,788;1,0;19,776;85,194;0,831;0,557
2026-02-27;0,0;11,9;23,2;16,992;76,5;975,088;3,113;28,46;B826;4309605;Herval;-32,013;-53,403;331,0;0,0;0;0,0;3,8;3,8;5,0;1,0;1,212;2,0;17,936;80,931;0,84;0,542
2026-02-28;0,0;13,2;25,5;18,479;77,875;975,867;4,317;24,69;B826;4309605;Herval;-32,013;-53,403;331,0;0,0;0;0,0;0,0;0,0;4,2;1,0;0,779;3,0;17,449;77,556;0,849;0,528
2026-03-01;0,0;13,6;26,0;19,046;80,042;976,654;4,65;23,58;B826;4309605;Herval;-32,013;-53,403;331,0;0,0;0;0,0;0,0;0,0;4,2;1,0;0,788;4,0;18,172;78,139;0,858;0,513
2026-03-02;0,0;13,9;26,7;19,596;79,083;974,15;5,9;27,17;B826;4309605;Herval;-32,013;-53,403;331,0;0,0;0;0,0;0,0;0,0;4,2;1,0;-2,504;5,0;19,04;79,0;0,867;0,498
2026-03-03;0,0;17,9;30,2;22,496;81,292;972,929;5,638;23,94;B826;4309605;Herval;-32,013;-53,403;331,0;4,4;1;0,0;0,0;0,0;3,8;1,0;-1,221;6,0;20,379;80,139;0,876;0,483
2026-03-04;4,4;19,4;25,8;21,392;87,708;973,779;3,929;11,0;B826;4309605;Herval;-32,013;-53,403;331,0;0,0;0;0,0;0,0;4,4;4,4;1,0;0,85;0,0;21,161;82,694;0,884;0,468
2026-03-05;0,0;19,8;26,3;22,048;88,478;976,439;5,891;19,01;B826;4309605;Herval;-32,013;-53,403;331,0;0,0;0;4,4;0,0;4,4;4,4;1,0;2,66;1,0;21,978;85,826;0,892;0,453
2026-03-06;0,0;19,4;26,4;21,7;90,708;976,492;6,033;17,77;B826;4309605;Herval;-32,013;-53,403;331,0;7,6;1;0,0;4,4;4,4;4,4;1,0;0,053;2,0;21,713;88,965;0,899;0,437
2026-03-07;7,6;17,7;23,3;20,133;94,375;973,275;5,875;11,66;B826;4309605;Herval;-32,013;-53,403;331,0;1,2;1;0,0;0,0;7,6;12,0;2,0;-3,217;0,0;21,294;91,187;0,907;0,422
2026-03-08;1,2;16,9;23,1;19,25;86,792;976,738;6,4;16,69;B826;4309605;Herval;-32,013;-53,403;331,0;0,0;0;7,6;0,0;8,8;13,2;3,0;3,463;0,0;20,361;90,625;0,914;0,406
2026-03-09;0,0;13,9;23,2;17,783;79,417;980,317;6,433;21,48;B826;4309605;Herval;-32,013;-53,403;331,0;1,0;1;1,2;7,6;8,8;13,2;3,0;3,579;1,0;19,056;86,861;0,921;0,39
2026-03-10;1,0;15,0;18,6;17,054;93,083;980,379;6,663;7,48;B826;4309605;Herval;-32,013;-53,403;331,0;2,6;1;0,0;1,2;2,2;14,2;4,0;0,062;0,0;18,029;86,431;0,927;0,374
2026-03-11;2,6;16,4;25,5;19,671;93,583;977,454;5,017;16,28;B826;4309605;Herval;-32,013;-53,403;331,0;0,6;0;1,0;0,0;3,6;12,4;4,0;-2,925;0,0;18,169;88,694;0,934;0,358
2026-03-12;0,6;16,9;23,8;19,642;90,5;975,871;5,262;17,73;B826;4309605;Herval;-32,013;-53,403;331,0;0,0;0;2,6;1,0;4,2;13,0;4,0;-1,583;1,0;18,789;92,389;0,94;0,342
2026-03-13;0,0;16,1;25,0;19,542;88,708;974,688;4,371;19,99;B826;4309605;Herval;-32,013;-53,403;331,0;0,0;0;0,6;2,6;3,2;13,0;4,0;-1,183;2,0;19,618;90,931;0,945;0,326
2026-03-14;0,0;16,3;25,5;20,129;85,667;972,604;2,912;19,38;B826;4309605;Herval;-32,013;-53,403;331,0;0,0;0;0,0;0,6;0,6;5,4;3,0;-2,083;3,0;19,771;88,292;0,951;0,31
2026-03-15;0,0;16,5;28,5;21,787;80,875;971,246;2,796;23,61;B826;4309605;Herval;-32,013;-53,403;331,0;0,0;0;0,0;0,0;0,0;4,2;2,0;-1,358;4,0;20,486;85,083;0,956;0,293
2026-03-16;0,0;18,6;31,0;23,596;84,75;972,808;4,275;22,73;B826;4309605;Herval;-32,013;-53,403;331,0;0,8;0;0,0;0,0;0,0;4,2;2,0;1,562;5,0;21,837;83,764;0,961;0,277
2026-03-17;0,8;21,6;27,3;23,379;92,958;972,621;4,454;9,06;B826;4309605;Herval;-32,013;-53,403;331,0;0,6;0;0,0;0,0;0,8;4,0;1,0;-0,188;6,0;22,921;86,194;0,966;0,26
2026-03-18;0,6;20,1;23,7;21,846;95,542;972,808;4,371;6,85;B826;4309605;Herval;-32,013;-53,403;331,0;0,6;0;0,8;0,0;1,4;2,0;0,0;0,188;7,0;22,94;91,083;0,97;0,244
2026-03-19;0,6;17,7;26,0;20,604;87,375;973,996;4,942;18,99;B826;4309605;Herval;-32,013;-53,403;331,0;0,0;0;0,6;0,8;2,0;2,0;0,0;1,188;8,0;21,943;91,958;0,974;0,227
2026-03-20;0,0;17,9;28,2;21,779;86,667;972,708;4,933;20,2;B826;4309605;Herval;-32,013;-53,403;331,0;19,4;1;0,6;0,6;1,2;2,0;0,0;-1,288;9,0;21,41;89,861;0,978;0,21
2026-03-21;19,4;19,2;31,1;22,8;86,375;969,117;5,667;11,33;B826;4309605;Herval;-32,013;-53,403;331,0;0,0;0;0,0;0,6;20,0;21,4;1,0;-3,592;0,0;21,728;86,806;0,981;0,193
2026-03-22;0,0;14,2;23,1;19,138;85,25;973,929;4,812;23,76;B826;4309605;Herval;-32,013;-53,403;331,0;28,2;1;19,4;0,0;19,4;21,4;1,0;4,812;1,0;21,239;86,097;0,984;0,176
2026-03-23;28,2;17,3;20,1;18,792;98,542;971,517;4,913;2,71;B826;4309605;Herval;-32,013;-53,403;331,0;0,6;0;0,0;19,4;47,6;49,6;2,0;-2,412;0,0;20,243;90,056;0,987;0,16
2026-03-24;0,6;13,3;21,7;17,479;75,958;973,637;2,858;24,7;B826;4309605;Herval;-32,013;-53,403;331,0;0,0;0;28,2;0,0;28,8;49,4;2,0;2,121;1,0;18,469;86,583;0,99;0,143
2026-03-25;0,0;11,3;23,5;16,721;79,917;977,008;3,521;21,76;B826;4309605;Herval;-32,013;-53,403;331,0;0,2;0;0,6;28,2;28,8;48,8;2,0;3,371;2,0;17,664;84,806;0,992;0,125
2026-03-26;0,2;15,5;22,9;18,538;96,167;978,538;4,163;8,61;B826;4309605;Herval;-32,013;-53,403;331,0;0,2;0;0,0;0,6;0,8;48,4;2,0;1,529;3,0;17,579;84,014;0,994;0,108
2026-03-27;0,2;19,5;29,5;22,879;91,292;978,283;3,262;17,0;B826;4309605;Herval;-32,013;-53,403;331,0;0,0;0;0,2;0,0;0,4;48,6;2,0;-0,254;4,0;19,379;89,125;0,996;0,091
2026-03-28;0,0;21,1;28,6;23,892;95,375;979,329;3,542;13,77;B826;4309605;Herval;-32,013;-53,403;331,0;9,0;1;0,2;0,2;0,4;29,2;1,0;1,046;5,0;21,769;94,278;0,997;0,074
2026-03-29;9,0;20,5;30,0;24,133;91,542;979,529;3,712;15,3;B826;4309605;Herval;-32,013;-53,403;331,0;1,6;1;0,0;0,2;9,2;38,2;2,0;0,2;0,0;23,635;92,736;0,998;0,057
2026-03-30;1,6;21,7;26,9;23,122;95,957;978,526;3,743;8,1;B826;4309605;Herval;-32,013;-53,403;331,0;0,0;0;9,0;0,0;10,6;11,6;2,0;-1,003;0,0;23,716;94,291;0,999;0,04
2026-03-31;0,0;20,4;28,2;23,317;85,87;975,878;5,413;21,15;B826;4309605;Herval;-32,013;-53,403;331,0;0,0;0;1,6;9,0;10,6;11,0;2,0;-2,648;1,0;23,524;91,123;1,0;0,023
2026-04-01;0,0;16,5;27,1;21,567;84,167;973,596;4,075;21,53;B826;4309605;Herval;-32,013;-53,403;331,0;0,0;0;0,0;1,6;1,6;11,0;2,0;-2,282;2,0;22,669;88,664;1,0;0,005
2026-04-02;0,0;16,1;26,7;21,117;87,5;973,604;2,758;20,61;B826;4309605;Herval;-32,013;-53,403;331,0;0,2;0;0,0;0,0;0,0;10,8;2,0;0,008;3,0;22,0;85,845;1,0;-0,012
2026-04-03;0,2;18,4;27,8;22,062;84,917;975,392;2,225;19,63;B826;4309605;Herval;-32,013;-53,403;331,0;0,8;0;0,0;0,0;0,2;10,8;2,0;1,788;4,0;21,582;85,528;1,0;-0,029
2026-04-04;0,8;14,1;24,3;18,954;95,708;977,004;3,796;6,47;B826;4309605;Herval;-32,013;-53,403;331,0;0,0;0;0,2;0,0;1,0;11,6;2,0;1,612;5,0;20,711;89,375;0,999;-0,046
2026-04-05;0,0;12,5;20,7;15,367;75,958;982,354;6,675;15,0;B826;4309605;Herval;-32,013;-53,403;331,0;0,6;0;0,8;0,2;1,0;2,6;1,0;5,35;6,0;18,794;85,528;0,998;-0,063
2026-04-06;0,6;14,2;20,1;17,062;86,583;979,425;6,358;5,84;B826;4309605;Herval;-32,013;-53,403;331,0;15,3;1;0,0;0,8;1,4;1,6;0,0;-2,929;7,0;17,128;86,083;0,997;-0,081
2026-04-07;15,3;18,9;22,2;20,133;97,458;970,779;4,658;3,46;B826;4309605;Herval;-32,013;-53,403;331,0;18,3;1;0,6;0,0;15,9;16,9;1,0;-8,646;0,0;17,521;86,667;0,995;-0,098
2026-04-08;18,3;16,2;21,3;18,021;95,042;967,004;8,375;10,08;B826;4309605;Herval;-32,013;-53,403;331,0;0,2;0;15,3;0,6;34,2;35,2;2,0;-3,775;0,0;18,406;93,028;0,993;-0,115
2026-04-09;0,2;13,2;20,5;16,054;88,417;976,796;3,017;13,61;B826;4309605;Herval;-32,013;-53,403;331,0;0,0;0;18,3;15,3;33,8;35,4;2,0;9,792;1,0;18,069;93,639;0,991;-0,132
2026-04-10;0,0;11,0;20,7;15,671;77,833;980,625;2,596;19,71;B826;4309605;Herval;-32,013;-53,403;331,0;0,0;0;0,2;18,3;18,5;35,2;2,0;3,829;2,0;16,582;87,097;0,989;-0,149
2026-04-11;0,0;11,0;23,9;16,596;83,0;980,35;3,908;19,97;B826;4309605;Herval;-32,013;-53,403;331,0;5,4;1;0,0;0,2;0,2;34,4;2,0;-0,275;3,0;16,107;83,083;0,986;-0,166
2026-04-12;5,4;17,4;21,5;19,2;95,0;977,929;3,875;5,24;B826;4309605;Herval;-32,013;-53,403;331,0;0,2;0;0,0;0,0;5,4;39,8;3,0;-2,421;0,0;17,156;85,278;0,983;-0,183
2026-04-13;0,2;17,8;23,6;19,55;93,583;978,942;3,4;12,62;B826;4309605;Herval;-32,013;-53,403;331,0;0,0;0;5,4;0,0;5,6;39,4;3,0;1,012;1,0;18,449;90,528;0,98;-0,2
2026-04-14;0,0;17,7;26,6;20,712;90,292;977,492;5,679;15,92;B826;4309605;Herval;-32,013;-53,403;331,0;0,0;0;0,2;5,4;5,6;24,1;2,0;-1,45;2,0;19,821;92,958;0,976;-0,217
2026-04-15;0,0;19,5;24,9;21,421;88,25;974,746;6,967;9,92;B826;4309605;Herval;-32,013;-53,403;331,0;7,4;1;0,0;0,2;0,2;5,8;1,0;-2,746;3,0;20,561;90,708;0,972;-0,233
2026-04-16;7,4;19,1;23,3;20,25;95,625;970,008;5,196;6,74;B826;4309605;Herval;-32,013;-53,403;331,0;4,2;1;0,0;0,0;7,4;13,0;2,0;-4,738;0,0;20,794;91,389;0,968;-0,25
2026-04-17;4,2;17,6;21,0;19,05;97,667;967,321;6,358;5,44;B826;4309605;Herval;-32,013;-53,403;331,0;0,0;0;7,4;0,0;11,6;17,2;3,0;-2,688;0,0;20,24;93,847;0,964;-0,267
2026-04-18;0,0;14,4;24,0;18,208;87,792;970,833;4,742;17,91;B826;4309605;Herval;-32,013;-53,403;331,0;0,0;0;4,2;7,4;11,6;17,2;3,0;3,513;1,0;19,169;93,694;0,959;-0,283
2026-04-19;0,0;16,2;26,1;20,692;72,875;974,425;2,204;18,41;B826;4309605;Herval;-32,013;-53,403;331,0;0,0;0;0,0;4,2;4,2;11,8;2,0;3,592;2,0;19,317;86,111;0,954;-0,3
2026-04-20;0,0;13,2;22,7;17,971;85,667;977,054;4,146;11,46;B826;4309605;Herval;-32,013;-53,403;331,0;1,2;1;0,0;0,0;0,0;11,6;2,0;2,629;3,0;18,957;82,111;0,949;-0,316
2026-04-21;1,2;17,8;22,7;19,392;96,0;977,488;3,575;5,92;B826;4309605;Herval;-32,013;-53,403;331,0;0,2;0;0,0;0,0;1,2;12,8;3,0;0,433;0,0;19,351;84,847;0,943;-0,332
2026-04-22;0,2;17,2;23,2;19,554;91,625;977,121;3,279;8,6;B826;4309605;Herval;-32,013;-53,403;331,0;0,0;0;1,2;0,0;1,4;13,0;3,0;-0,367;1,0;18,972;91,097;0,937;-0,348
2026-04-23;0,0;12,0;18,1;15,271;87,667;981,108;3,158;8,6;B826;4309605;Herval;-32,013;-53,403;331,0;0,0;0;0,2;1,2;1,4;5,6;2,0;3,987;2,0;18,072;91,764;0,931;-0,364
2026-04-24;0,0;14,0;21,2;16,988;90,167;979,504;3,95;9,59;B826;4309605;Herval;-32,013;-53,403;331,0;0,0;0;0,0;0,2;0,2;1,4;1,0;-1,604;3,0;17,271;89,819;0,925;-0,38
2026-04-25;0,0;15,3;22,6;17,817;91,0;975,308;2,533;9,71;B826;4309605;Herval;-32,013;-53,403;331,0;0,0;0;0,0;0,0;0,0;1,4;1,0;-4,196;4,0;16,692;89,611;0,918;-0,396
2026-04-26;0,0;14,0;22,3;17,646;85,625;970,896;4,646;15,15;B826;4309605;Herval;-32,013;-53,403;331,0;0,0;0;0,0;0,0;0,0;1,4;1,0;-4,413;5,0;17,483;88,931;0,911;-0,412
2026-04-27;0,0;5,1;16,4;9,862;71,458;973,954;8,054;15,1;B826;4309605;Herval;-32,013;-53,403;331,0;0,0;0;0,0;0,0;0,0;1,4;1,0;3,058;6,0;15,108;82,694;0,904;-0,428
2026-04-28;0,0;5,9;16,9;10,358;75,292;977,967;3,329;17,37;B826;4309605;Herval;-32,013;-53,403;331,0;0,0;0;0,0;0,0;0,0;0,2;0,0;4,013;7,0;12,622;77,458;0,896;-0,443
2026-04-29;0,0;7,6;22,1;13,796;58,375;974,792;2,838;16,69;B826;4309605;Herval;-32,013;-53,403;331,0;0,0;0;0,0;0,0;0,0;0,0;0,0;-3,175;8,0;11,339;68,375;0,889;-0,458
2026-04-30;0,0;11,6;24,3;17,091;59,182;977,359;2,105;14,59;B826;4309605;Herval;-32,013;-53,403;331,0;12,3;1;0,0;0,0;0,0;0,0;0,0;2,567;9,0;13,748;64,283;0,881;-0,474
2026-05-01;12,3;11,9;17,9;14,688;90,292;975,033;3,858;2,28;B826;4309605;Herval;-32,013;-53,403;331,0;3,0;1;0,0;0,0;12,3;12,3;1,0;-2,326;0,0;15,191;69,283;0,872;-0,489
2026-05-02;3,0;10,4;18,5;15,696;82,875;977,183;4,158;12,47;B826;4309605;Herval;-32,013;-53,403;331,0;0,0;0;12,3;0,0;15,3;15,3;2,0;2,15;0,0;15,825;77,449;0,864;-0,504
2026-05-03;0,0;6,9;16,8;10,658;65,958;983,7;2,867;17,07;B826;4309605;Herval;-32,013;-53,403;331,0;0,0;0;3,0;12,3;15,3;15,3;2,0;6,517;1,0;13,681;79,708;0,855;-0,519
2026-05-04;0,0;6,2;22,6;13,533;75,917;976,692;2,696;15,45;B826;4309605;Herval;-32,013;-53,403;331,0;0,0;0;0,0;3,0;3,0;15,3;2,0;-7,008;2,0;13,296;74,917;0,846;-0,533
2026-05-05;0,0;14,2;27,4;19,496;90,583;976,433;3,067;9,4;B826;4309605;Herval;-32,013;-53,403;331,0;20,0;1;0,0;0,0;0,0;15,3;2,0;-0,258;3,0;14,562;77,486;0,837;-0,548
2026-05-06;20,0;18,2;29,4;22,767;84,167;975,892;3,762;13,46;B826;4309605;Herval;-32,013;-53,403;331,0;20,7;1;0,0;0,0;20,0;35,3;3,0;-0,542;0,0;18,599;83,556;0,827;-0,562
2026-05-07;20,7;15,9;26,4;22,096;80,875;965,25;5,721;1,97;B826;4309605;Herval;-32,013;-53,403;331,0;28,6;1;20,0;0,0;40,7;56,0;4,0;-10,642;0,0;21,453;85,208;0,817;-0,576
2026-05-08;28,6;8,6;17,0;11,3;81,375;963,621;10,596;10,96;B826;4309605;Herval;-32,013;-53,403;331,0;0,8;0;20,7;20,0;69,3;72,3;4,0;-1,629;0,0;18,721;82,139;0,807;-0,59
2026-05-09;0,8;4,6;9,8;7,383;76,583;972,875;7,904;8,56;B826;4309605;Herval;-32,013;-53,403;331,0;2,2;1;28,6;20,7;50,1;70,1;3,0;9,254;1,0;13,593;79,611;0,797;-0,604
2026-05-10;2,2;5,8;7,9;7,1;99,545;979,355;7,145;0,0;B826;4309605;Herval;-32,013;-53,403;331,0;0,0;0;0,8;28,6;31,6;72,3;4,0;6,48;0,0;8,594;85,835;0,787;-0,617
2026-05-11;0,0;2,7;13,8;7,817;78,522;979,913;5,883;15,89;B826;4309605;Herval;-32,013;-53,403;331,0;0,0;0;2,2;0,8;3,0;72,3;4,0;0,558;1,0;7,434;84,884;0,776;-0,631
2026-05-12;0,0;5,1;17,0;10,65;71,542;977,508;6,958;15,52;B826;4309605;Herval;-32,013;-53,403;331,0;0,0;0;0,0;2,2;2,2;72,3;4,0;-2,405;2,0;8,522;83,203;0,765;-0,644
2026-05-13;0,0;9,9;12,4;10,912;77,875;975,95;5,85;0,0;B826;4309605;Herval;-32,013;-53,403;331,0;0,0;0;0,0;0,0;0,0;52,3;3,0;-1,558;3,0;9,793;75,979;0,754;-0,657
2026-05-14;0,0;6,2;13,3;10,196;77,348;979,161;2,917;10,82;B826;4309605;Herval;-32,013;-53,403;331,0;0,0;0;0,0;0,0;0,0;31,6;2,0;3,211;4,0;10,586;75,588;0,742;-0,67
2026-05-15;0,0;5,4;15,1;9,27;87,696;980,809;2,63;13,41;B826;4309605;Herval;-32,013;-53,403;331,0;0,2;0;0,0;0,0;0,0;3,0;1,0;1,648;5,0;10,126;80,973;0,731;-0,683
2026-05-16;0,2;5,9;14,8;10,117;91,083;977,646;2,879;7,77;B826;4309605;Herval;-32,013;-53,403;331,0;0,0;0;0,0;0,0;0,2;2,4;1,0;-3,163;6,0;9,861;85,376;0,719;-0,695
2026-05-17;0,0;9,3;15,1;11,038;92,375;978,912;4,738;6,84;B826;4309605;Herval;-32,013;-53,403;331,0;0,0;0;0,2;0,0;0,2;0,2;0,0;1,267;7,0;10,141;90,385;0,707;-0,707
2026-05-18;0,0;5,9;13,8;8,962;78,417;983,779;2,988;12,17;B826;4309605;Herval;-32,013;-53,403;331,0;0,0;0;0,0;0,2;0,2;0,2;0,0;4,867;8,0;10,039;87,292;0,694;-0,72
2026-05-19;0,0;3,7;13,6;8,188;76,208;983,058;3,483;15,04;B826;4309605;Herval;-32,013;-53,403;331,0;0,0;0;0,0;0,0;0,0;0,2;0,0;-0,721;9,0;9,396;82,333;0,682;-0,731
2026-05-20;0,0;4,0;14,9;8,991;77,739;982,487;3,983;12,87;B826;4309605;Herval;-32,013;-53,403;331,0;0,2;0;0,0;0,0;0,0;0,2;0,0;-0,571;10,0;8,714;77,455;0,669;-0,743
2026-05-21;0,2;5,1;11,0;8,217;78,292;986,733;2,554;9,38;B826;4309605;Herval;-32,013;-53,403;331,0;0,0;0;0,0;0,0;0,2;0,4;0,0;4,246;11,0;8,465;77,413;0,656;-0,754
2026-05-22;0,0;6,0;12,8;8,625;88,958;988,071;3,996;8,32;B826;4309605;Herval;-32,013;-53,403;331,0;2,0;1;0,2;0,0;0,2;0,4;0,0;1,338;12,0;8,611;81,663;0,643;-0,766
2026-05-23;2,0;9,3;13,8;10,892;99,708;986,596;4,992;5,42;B826;4309605;Herval;-32,013;-53,403;331,0;0,0;0;0,0;0,2;2,2;2,2;1,0;-1,475;0,0;9,244;88,986;0,63;-0,777
2026-05-24;0,0;10,7;18,9;12,971;94,292;983,925;4,067;8,91;B826;4309605;Herval;-32,013;-53,403;331,0;0,8;0;2,0;0,0;2,0;2,2;1,0;-2,671;1,0;10,829;94,319;0,617;-0,787
2026-05-25;0,8;9,3;18,0;13,175;95,042;981,671;4,079;7,67;B826;4309605;Herval;-32,013;-53,403;331,0;4,6;1;0,0;2,0;2,8;3,0;1,0;-2,254;2,0;12,346;96,347;0,603;-0,798
2026-05-26;4,6;13,1;16,1;14,133;99,5;980,804;3,633;5,29;B826;4309605;Herval;-32,013;-53,403;331,0;0,2;0;0,8;0,0;5,4;7,6;2,0;-0,867;0,0;13,426;96,278;0,589;-0,808
2026-05-27;0,2;11,0;15,7;12,796;96,667;983,712;3,204;6,88;B826;4309605;Herval;-32,013;-53,403;331,0;0,0;0;4,6;0,8;5,6;7,8;2,0;2,908;1,0;13,368;97,069;0,575;-0,818
2026-05-28;0,0;10,6;14,6;12,121;92,25;983,242;3,125;5,17;B826;4309605;Herval;-32,013;-53,403;331,0;0,0;0;0,2;4,6;4,8;7,6;2,0;-0,471;2,0;13,017;96,139;0,561;-0,828
2026-05-29;0,0;10,1;15,7;12,325;94,917;983,192;4,654;4,75;B826;4309605;Herval;-32,013;-53,403;331,0;0,0;0;0,0;0,2;0,2;7,6;2,0;-0,05;3,0;12,414;94,611;0,547;-0,837
2026-05-30;0,0;12,5;18,8;14,479;92,208;982,6;3,225;7,89;B826;4309605;Herval;-32,013;-53,403;331,0;0,2;0;0,0;0,0;0,0;5,6;1,0;-0,592;4,0;12,975;93,125;0,532;-0,847
2026-05-31;0,2;11,9;15,9;13,625;94,75;981,613;1,954;8,05;B826;4309605;Herval;-32,013;-53,403;331,0;0,0;0;0,0;0,0;0,2;5,8;1,0;-0,987;5,0;13,476;93,958;0,518;-0,856
2026-06-01;0,0;9,5;14,6;11,43;90,652;983,422;3,396;6,91;B826;4309605;Herval;-32,013;-53,403;331,0;0,8;0;0,2;0,0;0,2;5,0;1,0;1,809;6,0;13,178;92,537;0,503;-0,864
2026-06-02;0,8;10,2;16,1;12,388;92,792;986,462;4,917;7,86;B826;4309605;Herval;-32,013;-53,403;331,0;0,4;0;0,0;0,2;1,0;1,2;0,0;3,041;7,0;12,481;92,731;0,488;-0,873
2026-06-03;0,4;11,8;18,0;13,979;96,25;986,454;5,067;5,67;B826;4309605;Herval;-32,013;-53,403;331,0;0,0;0;0,8;0,0;1,2;1,4;0,0;-0,008;8,0;12,599;93,231;0,473;-0,881
2026-06-04;0,0;11,5;21,6;15,396;90,708;986,771;4,0;11,96;B826;4309605;Herval;-32,013;-53,403;331,0;0,0;0;0,4;0,8;1,2;1,4;0,0;0,317;9,0;13,921;93,25;0,458;-0,889
2026-06-05;0,0;11,6;21,9;15,829;88,042;983,358;1,888;11,39;B826;4309605;Herval;-32,013;-53,403;331,0;0,0;0;0,0;0,4;0,4;1,4;0,0;-3,413;10,0;15,068;91,667;0,442;-0,897
2026-06-06;0,0;12,0;19,9;15,096;94,25;979,275;2,254;8,33;B826;4309605;Herval;-32,013;-53,403;331,0;1,4;1;0,0;0,0;0,0;1,4;0,0;-4,083;11,0;15,44;91,0;0,427;-0,904
2026-06-07;1,4;11,9;17,1;13,588;96,0;979,104;4,562;6,59;B826;4309605;Herval;-32,013;-53,403;331,0;16,2;1;0,0;0,0;1,4;2,6;1,0;-0,171;0,0;14,838;92,764;0,411;-0,912
2026-06-08;16,2;10,6;13,4;12,263;99,542;979,212;5,663;2,74;B826;4309605;Herval;-32,013;-53,403;331,0;2,6;1;1,4;0,0;17,6;18,8;2,0;0,108;0,0;13,649;96,597;0,395;-0,919
2026-06-09;2,6;10,2;15,3;11,646;93,042;978,517;3,483;8,01;B826;4309605;Herval;-32,013;-53,403;331,0;0,2;0;16,2;1,4;20,2;20,6;3,0;-0,696;0,0;12,499;96,194;0,379;-0,925
2026-06-10;0,2;5,4;14,1;9,704;96,0;977,804;2,617;9,3;B826;4309605;Herval;-32,013;-53,403;331,0;0,6;0;2,6;16,2;19,0;20,4;3,0;-0,713;1,0;11,204;96,194;0,363;-0,932
2026-06-11;0,6;7,6;13,3;10,733;97,708;977,467;2,929;3,96;B826;4309605;Herval;-32,013;-53,403;331,0;24,4;1;0,2;2,6;3,4;21,0;3,0;-0,337;2,0;10,694;95,583;0,347;-0,938
2026-06-12;24,4;11,7;13,0;12,129;99,292;974,071;5,771;2,67;B826;4309605;Herval;-32,013;-53,403;331,0;0,0;0;0,6;0,2;25,2;45,4;4,0;-3,396;0,0;10,856;97,667;0,331;-0,944
2026-06-13;0,0;9,1;15,7;11,858;95,167;976,817;3,317;5,95;B826;4309605;Herval;-32,013;-53,403;331,0;0,6;0;24,4;0,6;25,0;45,4;4,0;2,746;1,0;11,574;97,389;0,315;-0,949
2026-06-14;0,6;6,7;10,7;8,867;88,375;979,792;3,917;8,79;B826;4309605;Herval;-32,013;-53,403;331,0;0,0;0;0,0;24,4;25,0;44,6;3,0;2,975;2,0;10,951;94,278;0,299;-0,954
2026-06-15;0,0;3,5;10,1;6,465;72,261;982,648;2,661;12,88;B826;4309605;Herval;-32,013;-53,403;331,0;0,0;0;0,6;0,0;0,6;28,4;2,0;2,856;3,0;9,063;85,268;0,282;-0,959
2026-06-16;0,0;0,8;13,9;6,317;78,625;979,908;5,45;12,26;B826;4309605;Herval;-32,013;-53,403;331,0;0,0;0;0,0;0,6;0,6;25,8;1,0;-2,739;4,0;7,216;79,754;0,266;-0,964
2026-06-17;0,0;5,2;14,0;9,196;78,917;982,571;4,121;12,73;B826;4309605;Herval;-32,013;-53,403;331,0;0,0;0;0,0;0,0;0,0;25,6;1,0;2,663;5,0;7,326;76,601;0,249;-0,969
2026-06-18;0,0;3,4;14,9;8,562;88,75;982,192;5,146;8,04;B826;4309605;Herval;-32,013;-53,403;331,0;6,6;1;0,0;0,0;0,0;25,0;1,0;-0,379;6,0;8,025;82,097;0,232;-0,973
2026-06-19;6,6;9,1;12,6;10,911;95,316;974,0;5,947;0,97;B826;4309605;Herval;-32,013;-53,403;331,0;0,0;0;0,0;0,0;6,6;7,2;1,0;-8,192;0,0;9,556;87,661;0,215;-0,977
2026-06-20;0,0;3,6;12,4;7,013;87,565;978,255;2,152;12,8;B826;4309605;Herval;-32,013;-53,403;331,0;0,2;0;6,6;0,0;6,6;7,2;1,0;4,255;1,0;8,829;90,544;0,199;-0,98
2026-06-21;0,2;4,1;12,5;7,483;84,542;976,496;2,146;8,5;B826;4309605;Herval;-32,013;-53,403;331,0;2,0;1;0,0;6,6;6,8;6,8;1,0;-1,759;2,0;8,469;89,141;0,182;-0,983
2026-06-22;2,0;5,6;9,0;7,383;94,042;974,392;3,088;3,33;B826;4309605;Herval;-32,013;-53,403;331,0;0,0;0;0,2;0,0;2,2;8,8;2,0;-2,104;0,0;7,293;88,716;0,165;-0,986
2026-06-23;0,0;2,7;9,7;5,667;87,667;975,992;6,479;9,98;B826;4309605;Herval;-32,013;-53,403;331,0;0,0;0;2,0;0,2;2,2;8,8;2,0;1,6;1,0;6,844;88,75;0,148;-0,989
2026-06-24;0,0;0,3;11,9;5,837;77,125;977,887;4,012;11,95;B826;4309605;Herval;-32,013;-53,403;331,0;0,0;0;0,0;2,0;2,0;8,8;2,0;1,896;2,0;6,296;86,278;0,131;-0,991
2026-06-25;0,0;2,6;15,1;7,854;78,208;981,121;4,154;12,44;B826;4309605;Herval;-32,013;-53,403;331,0;0,0;0;0,0;0,0;0,0;8,8;2,0;3,233;3,0;6,453;81,0;0,114;-0,994
2026-06-26;0,0;4,6;15,7;10,071;79,417;982,504;3,517;12,53;B826;4309605;Herval;-32,013;-53,403;331,0;0,0;0;0,0;0,0;0,0;2,2;1,0;1,383;4,0;7,921;78,25;0,097;-0,995
2026-06-27;0,0;6,2;16,9;10,917;75,917;982,008;2,875;12,64;B826;4309605;Herval;-32,013;-53,403;331,0;4,2;1;0,0;0,0;0,0;2,2;1,0;-0,496;5,0;9,614;77,847;0,079;-0,997
2026-06-28;4,2;11,1;14,6;12,933;94,458;977,688;3,596;2,49;B826;4309605;Herval;-32,013;-53,403;331,0;0,0;0;0,0;0,0;4,2;6,2;2,0;-4,321;0,0;11,307;83,264;0,062;-0,998
2026-06-29;0,0;4,8;12,2;8,183;91,75;980,017;2,742;10,88;B826;4309605;Herval;-32,013;-53,403;331,0;0,0;0;4,2;0,0;4,2;4,2;1,0;2,33;1,0;10,678;87,375;0,045;-0,999
2026-06-30;0,0;3,1;12,5;7,538;83,25;979,85;3,146;11,88;B826;4309605;Herval;-32,013;-53,403;331,0;0,4;0;0,0;4,2;4,2;4,2;1,0;-0,167;2,0;9,551;89,819;0,028;-1,0
2026-07-01;0,4;6,6;14,3;10,142;98,375;978,671;4,575;4,77;B826;4309605;Herval;-32,013;-53,403;331,0;3,4;1;0,0;0,0;0,4;4,6;1,0;-1,179;3,0;8,621;91,125;0,011;-1,0
2026-07-02;3,4;4,7;11,3;7,492;93,5;984,233;6,004;3,66;B826;4309605;Herval;-32,013;-53,403;331,0;0,0;0;0,4;0,0;3,8;8,0;2,0;5,562;0,0;8,39;91,708;-0,006;-1,0
2026-07-03;0,0;-2,6;8,5;2,633;87,208;986,371;3,933;7,61;B826;4309605;Herval;-32,013;-53,403;331,0;0,4;0;3,4;0,4;3,8;8,0;2,0;2,138;1,0;6,756;93,028;-0,024;-1,0
2026-07-04;0,4;5,5;8,7;6,779;99,083;985,704;2,417;5,04;B826;4309605;Herval;-32,013;-53,403;331,0;0,2;0;0,0;3,4;3,8;8,4;2,0;-0,667;2,0;5,635;93,264;-0,041;-0,999
2026-07-05;0,2;7,0;10,2;8,679;99,75;982,175;4,025;3,97;B826;4309605;Herval;-32,013;-53,403;331,0;0,4;0;0,4;0,0;0,6;4,4;1,0;-3,529;3,0;6,031;95,347;-0,058;-0,998
2026-07-06;0,4;5,0;10,1;7,946;93,522;978,812;5,825;4,46;B826;4309605;Herval;-32,013;-53,403;331,0;0,0;0;0,2;0,4;1,0;4,8;1,0;-3,363;4,0;7,801;97,452;-0,075;-0,997
2026-07-07;0,0;1,4;12,8;6,087;77,458;979,417;6,371;13,36;B826;4309605;Herval;-32,013;-53,403;331,0;0,0;0;0,4;0,2;0,6;4,8;1,0;0,604;5,0;7,571;90,243;-0,092;-0,996
2026-07-08;0,0;5,2;16,0;9,621;72,458;979,588;4,25;11,02;B826;4309605;Herval;-32,013;-53,403;331,0;0,0;0;0,0;0,4;0,4;4,4;1,0;0,171;6,0;7,885;81,146;-0,109;-0,994
2026-07-09;0,0;8,1;18,3;12,862;59,958;977,125;3,412;8,31;B826;4309605;Herval;-32,013;-53,403;331,0;0,0;0;0,0;0,0;0,0;1,0;0,0;-2,462;7,0;9,524;69,958;-0,127;-0,992
2026-07-10;0,0;9,6;17,0;12,95;76,208;975,767;3,85;11,62;B826;4309605;Herval;-32,013;-53,403;331,0;0,0;0;0,0;0,0;0,0;1,0;0,0;-1,358;8,0;11,811;69,542;-0,144;-0,99
2026-07-11;0,0;11,0;13,0;12,025;98,833;975,025;4,667;3,85;B826;4309605;Herval;-32,013;-53,403;331,0;0,8;0;0,0;0,0;0,0;0,6;0,0;-0,742;9,0;12,613;78,333;-0,161;-0,987
2026-07-12;0,8;7,2;11,8;9,675;96,833;977,721;4,012;4,24;B826;4309605;Herval;-32,013;-53,403;331,0;2,2;1;0,0;0,0;0,8;1,2;0,0;2,696;10,0;11,55;90,625;-0,178;-0,984
2026-07-13;2,2;8,1;11,9;9,487;97,75;983,067;2,233;5,89;B826;4309605;Herval;-32,013;-53,403;331,0;0,0;0;0,8;0,0;3,0;3,0;1,0;5,346;0,0;10,396;97,806;-0,194;-0,981
2026-07-14;0,0;7,1;18,1;11,383;84,208;982,188;3,258;13,64;B826;4309605;Herval;-32,013;-53,403;331,0;7,5;1;2,2;0,8;3,0;3,0;1,0;-0,879;1,0;10,182;92,931;-0,211;-0,977
2026-07-15;7,5;8,1;20,8;13,617;75,458;977,871;3,762;12,98;B826;4309605;Herval;-32,013;-53,403;331,0;0,0;0;0,0;2,2;9,7;10,5;2,0;-4,317;0,0;11,496;85,806;-0,228;-0,974
2026-07-16;0,0;13,0;26,5;19,433;59,25;973,038;4,646;9,27;B826;4309605;Herval;-32,013;-53,403;331,0;0,0;0;7,5;0,0;7,5;10,5;2,0;-4,833;1,0;14,811;72,972;-0,245;-0,97
2026-07-17;0,0;21,2;28,0;24,392;57,25;965,971;7,567;8,69;B826;4309605;Herval;-32,013;-53,403;331,0;17,3;1;0,0;7,5;7,5;10,5;2,0;-7,067;2,0;19,147;63,986;-0,261;-0,965
2026-07-18;17,3;16,2;25,3;20,804;81,792;965,05;5,6;0,96;B826;4309605;Herval;-32,013;-53,403;331,0;36,8;1;0,0;0,0;17,3;27,8;3,0;-0,921;0,0;21,543;66,097;-0,278;-0,961
2026-07-19;36,8;14,3;18,0;15,704;93,583;965,592;6,438;1,09;B826;4309605;Herval;-32,013;-53,403;331,0;44,2;1;17,3;0,0;54,1;63,8;4,0;0,542;0,0;20,3;77,542;-0,294;-0,956
2026-07-20;44,2;14,6;16,2;15,662;99,625;968,442;3,521;1,24;B826;4309605;Herval;-32,013;-53,403;331,0;0,8;0;36,8;17,3;98,3;105,8;4,0;2,85;0,0;17,39;91,667;-0,311;-0,95
2026-07-21;0,8;14,2;16,7;15,179;100,0;969,288;2,192;2,63;B826;4309605;Herval;-32,013;-53,403;331,0;8,2;1;44,2;36,8;81,8;106,6;4,0;0,846;1,0;15,515;97,736;-0,327;-0,945
2026-07-22;8,2;11,8;14,8;13,412;98,875;973,871;6,392;4,88;B826;4309605;Herval;-32,013;-53,403;331,0;1,0;1;0,8;44,2;53,2;107,3;4,0;4,583;0,0;14,751;99,5;-0,343;-0,939
2026-07-23;1,0;10,0;14,9;11,638;93,208;981,067;5,479;8,76;B826;4309605;Herval;-32,013;-53,403;331,0;0,0;0;8,2;0,8;10,0;108,3;5,0;7,196;0,0;13,41;97,361;-0,359;-0,933
2026-07-24;0,0;8,3;15,7;11,796;95,375;980,467;4,983;7,36;B826;4309605;Herval;-32,013;-53,403;331,0;0,0;0;1,0;8,2;9,2;108,3;5,0;-0,6;1,0;12,282;95,819;-0,375;-0,927
2026-07-25;0,0;9,8;17,1;13,75;96,5;979,171;2,442;11,05;B826;4309605;Herval;-32,013;-53,403;331,0;0,0;0;0,0;1,0;1,0;91,0;4,0;-1,296;2,0;12,394;95,028;-0,391;-0,92
2026-07-26;0,0;14,0;17,2;15,033;98,75;977,137;2,538;4,34;B826;4309605;Herval;-32,013;-53,403;331,0;10,4;1;0,0;0,0;0,0;54,2;3,0;-2,033;3,0;13,526;96,875;-0,407;-0,913
2026-07-27;10,4;12,2;17,3;14,675;98,667;974,067;4,667;4,27;B826;4309605;Herval;-32,013;-53,403;331,0;3,2;1;0,0;0,0;10,4;20,4;3,0;-3,071;0,0;14,486;97,972;-0,423;-0,906
2026-07-28;3,2;13,2;18,6;16,037;97,125;970,288;3,679;5,61;B826;4309605;Herval;-32,013;-53,403;331,0;2,4;1;10,4;0,0;13,6;22,8;4,0;-3,779;0,0;15,249;98,181;-0,438;-0,899
2026-07-29;2,4;12,5;15,4;13,283;98,75;974,671;4,354;3,43;B826;4309605;Herval;-32,013;-53,403;331,0;0,4;0;3,2;10,4;16,0;17,0;4,0;4,383;0,0;14,665;98,181;-0,454;-0,891
2026-07-30;0,4;10,7;16,2;12,954;94,25;981,804;5,604;7,97;B826;4309605;Herval;-32,013;-53,403;331,0;0,0;0;2,4;3,2;6,0;16,4;3,0;7,133;1,0;14,092;96,708;-0,469;-0,883
2026-07-31;0,0;12,7;25,9;17,429;88,542;977,438;6,3;14,01;B826;4309605;Herval;-32,013;-53,403;331,0;15,2;1;0,4;2,4;2,8;16,4;3,0;-4,367;2,0;14,556;93,847;-0,484;-0,875
2026-08-01;15,2;13,8;22,1;18,217;84,0;971,021;5,379;1,89;B826;4309605;Herval;-32,013;-53,403;331,0;1,6;1;0,0;0,4;15,6;31,6;4,0;-6,417;0,0;16,2;88,931;-0,499;-0,867
2026-08-02;1,6;13,1;15,6;14,029;97,833;978,137;3,117;4,94;B826;4309605;Herval;-32,013;-53,403;331,0;5,8;1;15,2;0,0;16,8;33,2;5,0;7,117;0,0;16,558;90,125;-0,514;-0,858
2026-08-03;5,8;13,0;22,0;15,708;96,125;977,558;3,9;8,05;B826;4309605;Herval;-32,013;-53,403;331,0;11,2;1;1,6;15,2;22,6;28,6;5,0;-0,579;0,0;15,985;92,653;-0,529;-0,849
2026-08-04;11,2;14,8;20,3;16,946;98,542;976,029;4,446;4,96;B826;4309605;Herval;-32,013;-53,403;331,0;8,3;1;5,8;1,6;18,6;36,6;5,0;-1,529;0,0;15,561;97,5;-0,543;-0,84
2026-08-05;8,3;13,9;22,8;16,425;97,125;974,521;3,346;9,8;B826;4309605;Herval;-32,013;-53,403;331,0;23,5;1;11,2;5,8;25,3;42,5;5,0;-1,508;0,0;16,36;97,264;-0,557;-0,83
2026-08-06;23,5;12,9;24,2;17,783;92,833;966,2;3,137;10,3;B826;4309605;Herval;-32,013;-53,403;331,0;3,8;1;8,3;11,2;43,0;65,6;6,0;-8,321;0,0;17,051;96,167;-0,572;-0,82
2026-08-07;3,8;5,8;13,8;8,871;85,0;969,162;7,421;14,8;B826;4309605;Herval;-32,013;-53,403;331,0;0,0;0;23,5;8,3;35,6;69,4;7,0;2,963;0,0;14,36;91,653;-0,586;-0,811
2026-08-08;0,0;3,6;13,1;7,696;83,542;969,154;3,683;9,62;B826;4309605;Herval;-32,013;-53,403;331,0;0,0;0;3,8;23,5;27,3;54,2;6,0;-0,008;1,0;11,45;87,125;-0,6;-0,8
2026-08-09;0,0;2,1;13,4;7,888;64,0;978,592;3,625;16,83;B826;4309605;Herval;-32,013;-53,403;331,0;0,0;0;0,0;3,8;3,8;52,6;5,0;9,438;2,0;8,151;77,514;-0,613;-0,79
2026-08-10;0,0;4,0;10,3;6,908;72,542;989,788;4,308;14,98;B826;4309605;Herval;-32,013;-53,403;331,0;0,0;0;0,0;0,0;0,0;46,8;4,0;11,196;3,0;7,497;73,361;-0,627;-0,779
2026-08-11;0,0;3,0;13,3;7,267;88,125;989,746;5,708;11,72;B826;4309605;Herval;-32,013;-53,403;331,0;5,2;1;0,0;0,0;0,0;35,6;3,0;-0,042;4,0;7,354;74,889;-0,64;-0,768
2026-08-12;5,2;8,5;11,7;9,662;97,208;981,046;7,596;2,2;B826;4309605;Herval;-32,013;-53,403;331,0;9,2;1;0,0;0,0;5,2;32,5;3,0;-8,7;0,0;7,946;85,958;-0,653;-0,757
2026-08-13;9,2;7,8;10,0;9,021;99,417;979,812;8,712;1,64;B826;4309605;Herval;-32,013;-53,403;331,0;0,6;0;5,2;0,0;14,4;18,2;3,0;-1,233;0,0;8,65;94,917;-0,666;-0,746
2026-08-14;0,6;7,7;13,9;11,112;96,5;983,004;7,983;6,91;B826;4309605;Herval;-32,013;-53,403;331,0;0,2;0;9,2;5,2;15,0;15,0;2,0;3,192;1,0;9,932;97,708;-0,679;-0,734
2026-08-15;0,2;12,2;16,9;14,117;96,917;979,504;7,833;6,74;B826;4309605;Herval;-32,013;-53,403;331,0;45,2;1;0,6;9,2;10,0;15,2;2,0;-3,5;2,0;11,417;97,611;-0,691;-0,723
2026-08-16;45,2;15,1;17,7;16,279;99,833;974,096;5,688;0,68;B826;4309605;Herval;-32,013;-53,403;331,0;40,5;1;0,2;0,6;46,0;60,4;3,0;-5,408;0,0;13,836;97,75;-0,704;-0,711
2026-08-17;40,5;16,5;19,6;17,287;98,792;973,733;4,171;1,0;B826;4309605;Herval;-32,013;-53,403;331,0;63,0;1;45,2;0,2;85,9;100,9;4,0;-0,363;0,0;15,894;98,514;-0,716;-0,698
2026-08-18;63,0;11,8;18,1;15,6;100,0;976,233;5,008;3,57;B826;4309605;Herval;-32,013;-53,403;331,0;4,6;1;40,5;45,2;148,7;163,9;5,0;2,5;0,0;16,389;99,542;-0,728;-0,686
2026-08-19;4,6;10,5;12,3;11,426;100,0;980,67;6,491;2,64;B826;4309605;Herval;-32,013;-53,403;331,0;0,0;0;63,0;40,5;108,1;163,3;5,0;4,436;0,0;14,771;99,597;-0,739;-0,673
2026-01-07;15,6;18,5;30,5;22,746;68,875;980,933;3,679;4,91;B828;4300034;Acegua;-31,875;-54,12;271,0;0,0;0;0,0;0,0;15,6;15,6;1,0;-2,571;0,0;20,396;63,056;0,12;0,993
2026-01-08;0,0;16,0;24,2;19,221;86,792;985,363;3,846;8,14;B828;4300034;Acegua;-31,875;-54,12;271,0;21,2;1;15,6;0,0;15,6;15,6;1,0;4,429;1,0;20,968;72,778;0,137;0,991
2026-01-09;21,2;18,0;21,3;19,338;93,958;984,633;4,967;1,88;B828;4300034;Acegua;-31,875;-54,12;271,0;12,2;1;0,0;15,6;36,8;36,8;2,0;-0,729;0,0;20,435;83,208;0,154;0,988
2026-01-10;12,2;20,0;25,4;21,738;91,333;976,796;5,929;6,95;B828;4300034;Acegua;-31,875;-54,12;271,0;2,4;1;21,2;0,0;33,4;49,0;3,0;-7,838;0,0;20,099;90,694;0,171;0,985
2026-01-11;2,4;15,1;24,8;18,8;87,167;977,046;4,583;9,24;B828;4300034;Acegua;-31,875;-54,12;271,0;1,2;1;12,2;21,2;35,8;51,4;4,0;0,25;0,0;19,958;90,819;0,188;0,982
2026-01-12;1,2;17,8;27,8;21,575;83,792;980,858;2,508;12,28;B828;4300034;Acegua;-31,875;-54,12;271,0;0,0;0;2,4;12,2;15,8;52,6;5,0;3,812;0,0;20,704;87,431;0,205;0,979
2026-01-13;0,0;18,3;29,2;22,925;79,375;981,55;2,0;15,14;B828;4300034;Acegua;-31,875;-54,12;271,0;0,0;0;1,2;2,4;3,6;52,6;5,0;0,692;1,0;21,1;83,444;0,222;0,975
2026-01-14;0,0;19,9;31,1;25,267;74,875;981,833;2,188;15,62;B828;4300034;Acegua;-31,875;-54,12;271,0;1,6;1;0,0;1,2;1,2;37,0;4,0;0,283;2,0;23,256;79,347;0,239;0,971
2026-01-15;1,6;21,5;33,0;26,133;76,417;980,25;3,858;9,95;B828;4300034;Acegua;-31,875;-54,12;271,0;0,0;0;0,0;0,0;1,6;38,6;5,0;-1,583;0,0;24,775;76,889;0,255;0,967
2026-01-16;0,0;20,4;27,0;23,892;76,083;981,979;2,838;7,89;B828;4300034;Acegua;-31,875;-54,12;271,0;0,0;0;1,6;0,0;1,6;17,4;4,0;1,729;1,0;25,097;75,792;0,272;0,962
2026-01-17;0,0;17,5;28,8;22,229;77,583;981,929;2,592;11,88;B828;4300034;Acegua;-31,875;-54,12;271,0;0,0;0;0,0;1,6;1,6;5,2;3,0;-0,05;2,0;24,085;76,694;0,288;0,958
2026-01-18;0,0;18,4;29,9;23,862;78,208;979,679;3,2;7,28;B828;4300034;Acegua;-31,875;-54,12;271,0;0,0;0;0,0;0,0;0,0;2,8;2,0;-2,25;3,0;23,328;77,292;0,305;0,952
2026-01-19;0,0;11,0;23,2;17,078;66,609;987,652;4,039;14,42;B828;4300034;Acegua;-31,875;-54,12;271,0;0,0;0;0,0;0,0;0,0;1,6;1,0;7,973;4,0;21,057;74,133;0,321;0,947
2026-01-20;0,0;12,2;25,2;18,208;65,917;987,433;3,008;12,33;B828;4300034;Acegua;-31,875;-54,12;271,0;0,0;0;0,0;0,0;0,0;1,6;1,0;-0,219;5,0;19,716;70,245;0,337;0,941
2026-01-21;0,0;14,3;26,3;19,482;64,909;986,668;3,473;22,67;B828;4300034;Acegua;-31,875;-54,12;271,0;0,0;0;0,0;0,0;0,0;1,6;1,0;-0,765;6,0;18,256;65,811;0,353;0,935
2026-01-22;0,0;15,1;29,0;21,433;67,833;985,788;3,367;31,06;B828;4300034;Acegua;-31,875;-54,12;271,0;0,0;0;0,0;0,0;0,0;0,0;0,0;-0,881;7,0;19,708;66,22;0,369;0,929
2026-01-23;0,0;16,9;28,5;22,108;69,958;986,433;4,004;30,61;B828;4300034;Acegua;-31,875;-54,12;271,0;0,0;0;0,0;0,0;0,0;0,0;0,0;0,646;8,0;21,008;67,567;0,385;0,923
2026-01-24;0,0;16,0;29,9;22,354;69,708;985,525;3,696;31,77;B828;4300034;Acegua;-31,875;-54,12;271,0;0,0;0;0,0;0,0;0,0;0,0;0,0;-0,908;9,0;21,965;69,167;0,401;0,916
2026-01-25;0,0;17,9;31,2;23,975;71,167;985,196;3,492;30,9;B828;4300034;Acegua;-31,875;-54,12;271,0;0,0;0;0,0;0,0;0,0;0,0;0,0;-0,329;10,0;22,812;70,278;0,417;0,909
2026-01-26;0,0;19,5;34,3;25,654;71,083;984,175;3,117;27,23;B828;4300034;Acegua;-31,875;-54,12;271,0;0,0;0;0,0;0,0;0,0;0,0;0,0;-1,021;11,0;23,994;70,653;0,432;0,902
2026-01-27;0,0;21,7;35,4;26,9;67,583;983,312;3,246;27,61;B828;4300034;Acegua;-31,875;-54,12;271,0;0,0;0;0,0;0,0;0,0;0,0;0,0;-0,863;12,0;25,51;69,944;0,448;0,894
2026-01-28;0,0;20,3;32,8;25,396;77,583;982,975;2,729;26,82;B828;4300034;Acegua;-31,875;-54,12;271,0;5,8;1;0,0;0,0;0,0;0,0;0,0;-0,337;13,0;25,983;72,083;0,463;0,886
2026-01-29;5,8;19,2;31,3;24,721;78,75;982,917;3,2;24,12;B828;4300034;Acegua;-31,875;-54,12;271,0;0,8;0;0,0;0,0;5,8;5,8;1,0;-0,058;0,0;25,672;74,639;0,478;0,878
2026-01-30;0,8;19,1;28,6;22,596;84,792;982,667;3,067;21,09;B828;4300034;Acegua;-31,875;-54,12;271,0;0,2;0;5,8;0,0;6,6;6,6;1,0;-0,25;1,0;24,237;80,375;0,493;0,87
2026-01-31;0,2;16,3;27,6;20,522;84,87;980,104;2,409;23,87;B828;4300034;Acegua;-31,875;-54,12;271,0;0,0;0;0,8;5,8;6,8;6,8;1,0;-2,562;2,0;22,613;82,804;0,508;0,861
2026-02-01;0,0;16,1;28,4;21,238;77,75;977,317;2,9;26,24;B828;4300034;Acegua;-31,875;-54,12;271,0;0,0;0;0,2;0,8;1,0;6,8;1,0;-2,788;3,0;21,452;82,47;0,523;0,852
2026-02-02;0,0;17,7;29,8;23,054;71,833;978,129;2,688;28,3;B828;4300034;Acegua;-31,875;-54,12;271,0;0,0;0;0,0;0,2;0,2;6,8;1,0;0,812;4,0;21,604;78,151;0,538;0,843
2026-02-03;0,0;19,2;32,6;25,475;64,667;977,121;2,904;29,78;B828;4300034;Acegua;-31,875;-54,12;271,0;0,0;0;0,0;0,0;0,0;6,8;1,0;-1,008;5,0;23,256;71,417;0,552;0,834
2026-02-04;0,0;20,3;34,6;27,537;56,792;978,6;3,004;29,4;B828;4300034;Acegua;-31,875;-54,12;271,0;0,0;0;0,0;0,0;0,0;6,8;1,0;1,479;6,0;25,356;64,431;0,566;0,824
2026-02-05;0,0;21,5;34,3;27,883;58,042;980,179;3,379;29,5;B828;4300034;Acegua;-31,875;-54,12;271,0;0,0;0;0,0;0,0;0,0;1,0;0,0;1,579;7,0;26,965;59,833;0,58;0,814
2026-02-06;0,0;21,0;27,5;23,933;82,0;981,183;3,183;15,12;B828;4300034;Acegua;-31,875;-54,12;271,0;0,0;0;0,0;0,0;0,0;0,2;0,0;1,004;8,0;26,451;65,611;0,594;0,804
2026-02-07;0,0;14,5;29,4;22,117;60,75;984,538;3,15;30,79;B828;4300034;Acegua;-31,875;-54,12;271,0;0,0;0;0,0;0,0;0,0;0,0;0,0;3,354;9,0;24,644;66,931;0,608;0,794
2026-02-08;0,0;15,5;30,7;22,188;57,5;984,458;2,917;29,55;B828;4300034;Acegua;-31,875;-54,12;271,0;0,0;0;0,0;0,0;0,0;0,0;0,0;-0,079;10,0;22,746;66,75;0,622;0,783
2026-02-09;0,0;16,6;32,1;23,342;62,75;981,308;3,508;28,97;B828;4300034;Acegua;-31,875;-54,12;271,0;0,0;0;0,0;0,0;0,0;0,0;0,0;-3,15;11,0;22,549;60,333;0,635;0,772
2026-02-10;0,0;21,0;34,2;26,908;67,208;977,883;2,642;26,42;B828;4300034;Acegua;-31,875;-54,12;271,0;0,0;0;0,0;0,0;0,0;0,0;0,0;-3,425;12,0;24,146;62,486;0,648;0,761
2026-02-11;0,0;21,3;36,0;28,7;59,792;977,012;3,542;27,38;B828;4300034;Acegua;-31,875;-54,12;271,0;36,8;1;0,0;0,0;0,0;0,0;0,0;-0,871;13,0;26,317;63,25;0,661;0,75
2026-02-12;36,8;18,1;32,1;21,138;92,292;980,688;4,4;3,21;B828;4300034;Acegua;-31,875;-54,12;271,0;0,2;0;0,0;0,0;36,8;36,8;1,0;3,675;0,0;25,582;73,097;0,674;0,739
2026-02-13;0,2;17,3;28,8;21,671;84,833;984,958;3,125;23,8;B828;4300034;Acegua;-31,875;-54,12;271,0;0,0;0;36,8;0,0;37,0;37,0;1,0;4,271;1,0;23,836;78,972;0,687;0,727
2026-02-14;0,0;14,2;27,2;20,375;74,708;988,538;4,062;28,06;B828;4300034;Acegua;-31,875;-54,12;271,0;0,0;0;0,2;36,8;37,0;37,0;1,0;3,579;2,0;21,061;83,944;0,699;0,715
2026-02-15;0,0;17,2;31,2;22,987;77,348;983,157;4,378;23,17;B828;4300034;Acegua;-31,875;-54,12;271,0;2,2;1;0,0;0,2;0,2;37,0;1,0;-5,381;3,0;21,678;78,963;0,711;0,703
2026-02-16;2,2;19,5;30,0;24,408;78,833;981,488;3,542;27,35;B828;4300034;Acegua;-31,875;-54,12;271,0;0,0;0;0,0;0,0;2,2;39,2;2,0;-1,669;0,0;22,59;76,963;0,723;0,691
2026-02-17;0,0;19,5;31,0;24,45;78,625;981,954;2,846;24,25;B828;4300034;Acegua;-31,875;-54,12;271,0;0,0;0;2,2;0,0;2,2;39,2;2,0;0,467;1,0;23,948;78,269;0,735;0,678
2026-02-18;0,0;19,0;30,7;24,075;74,875;982,283;2,762;27,8;B828;4300034;Acegua;-31,875;-54,12;271,0;2,4;1;0,0;2,2;2,2;39,2;2,0;0,329;2,0;24,311;77,444;0,747;0,665
2026-02-19;2,4;18,9;25,7;21,65;89,208;980,2;3,358;7,28;B828;4300034;Acegua;-31,875;-54,12;271,0;12,0;1;0,0;0,0;2,4;4,8;2,0;-2,083;0,0;23,392;80,903;0,758;0,652
2026-02-20;12,0;16,2;28,2;21,525;83,292;982,342;3,696;25,76;B828;4300034;Acegua;-31,875;-54,12;271,0;0,0;0;2,4;0,0;14,4;16,6;3,0;2,142;0,0;22,417;82,458;0,769;0,639
2026-02-21;0,0;18,9;28,3;22,179;84,042;985,521;3,45;22,2;B828;4300034;Acegua;-31,875;-54,12;271,0;0,0;0;12,0;2,4;14,4;16,6;3,0;3,179;1,0;21,785;85,514;0,78;0,626
2026-02-22;0,0;18,3;29,1;22,729;78,292;985,492;4,438;28,07;B828;4300034;Acegua;-31,875;-54,12;271,0;0,0;0;0,0;12,0;12,0;16,6;3,0;-0,029;2,0;22,144;81,875;0,791;0,612
2026-02-23;0,0;18,7;30,0;23,125;75,417;981,75;4,742;19,07;B828;4300034;Acegua;-31,875;-54,12;271,0;3,8;1;0,0;0,0;0,0;14,4;2,0;-3,742;3,0;22,678;79,25;0,801;0,599
2026-02-24;3,8;19,8;29,0;23,252;82,391;977,026;3,913;16,63;B828;4300034;Acegua;-31,875;-54,12;271,0;0,4;0;0,0;0,0;3,8;18,2;3,0;-4,724;0,0;23,035;78,7;0,811;0,585
2026-02-25;0,4;18,3;25,9;21,329;82,375;978,546;3,958;20,46;B828;4300034;Acegua;-31,875;-54,12;271,0;0,0;0;3,8;0,0;4,2;18,6;3,0;1,52;1,0;22,569;80,061;0,821;0,571
2026-02-26;0,0;12,6;23,7;17,522;77,913;981,657;2,374;23,59;B828;4300034;Acegua;-31,875;-54,12;271,0;0,0;0;0,4;3,8;4,2;16,2;2,0;3,111;2,0;20,701;80,893;0,831;0,557
2026-02-27;0,0;13,1;24,7;18,4;69,0;982,67;2,743;28,28;B828;4300034;Acegua;-31,875;-54,12;271,0;0,0;0;0,0;0,4;0,4;4,2;1,0;1,013;3,0;19,084;76,429;0,84;0,542
2026-02-28;0,0;15,0;27,0;20,088;69,75;983,038;3,242;27,08;B828;4300034;Acegua;-31,875;-54,12;271,0;0,0;0;0,0;0,0;0,0;4,2;1,0;0,368;4,0;18,67;72,221;0,849;0,528
2026-03-01;0,0;15,6;27,5;20,483;71,913;983,822;3,657;25,59;B828;4300034;Acegua;-31,875;-54,12;271,0;0,0;0;0,0;0,0;0,0;4,2;1,0;0,784;5,0;19,657;70,221;0,858;0,513
2026-03-02;0,0;15,2;29,9;21,479;71,083;980,825;4,233;26,21;B828;4300034;Acegua;-31,875;-54,12;271,0;0,0;0;0,0;0,0;0,0;4,2;1,0;-2,997;6,0;20,683;70,915;0,867;0,498
2026-03-03;0,0;18,3;33,4;24,039;72,565;979,235;4,0;18,91;B828;4300034;Acegua;-31,875;-54,12;271,0;29,2;1;0,0;0,0;0,0;0,4;0,0;-1,59;7,0;22,0;71,854;0,876;0,483
2026-03-04;29,2;19,8;25,7;22,271;86,75;980,596;3,238;10,89;B828;4300034;Acegua;-31,875;-54,12;271,0;0,0;0;0,0;0,0;29,2;29,2;1,0;1,361;0,0;22,596;76,8;0,884;0,468
2026-03-05;0,0;19,9;28,5;22,688;86,25;983,429;3,613;21,43;B828;4300034;Acegua;-31,875;-54,12;271,0;0,0;0;29,2;0,0;29,2;29,2;1,0;2,833;1,0;22,999;81,855;0,892;0,453
2026-03-06;0,0;19,1;28,1;22,154;86,917;983,483;3,625;16,83;B828;4300034;Acegua;-31,875;-54,12;271,0;12,8;1;0,0;29,2;29,2;29,2;1,0;0,054;2,0;22,371;86,639;0,899;0,437
2026-03-07;12,8;17,7;24,9;20,579;92,167;980,696;3,475;13,02;B828;4300034;Acegua;-31,875;-54,12;271,0;0,2;0;0,0;0,0;12,8;42,0;2,0;-2,787;0,0;21,807;88,444;0,907;0,422
2026-03-08;0,2;17,7;24,2;19,983;84,583;984,108;3,946;16,06;B828;4300034;Acegua;-31,875;-54,12;271,0;0,0;0;12,8;0,0;13,0;42,2;2,0;3,412;1,0;20,906;87,889;0,914;0,406
2026-03-09;0,0;13,9;24,5;18,996;73,5;987,667;4,571;23,21;B828;4300034;Acegua;-31,875;-54,12;271,0;0,0;0;0,2;12,8;13,0;42,2;2,0;3,558;2,0;19,853;83,417;0,921;0,39
2026-03-10;0,0;16,4;20,4;18,208;85,583;987,896;4,004;7,81;B828;4300034;Acegua;-31,875;-54,12;271,0;0,0;0;0,0;0,2;0,2;42,2;2,0;0,229;3,0;19,062;81,222;0,927;0,374
2026-03-11;0,0;16,7;26,8;19,992;90,125;984,788;3,15;14,03;B828;4300034;Acegua;-31,875;-54,12;271,0;0,0;0;0,0;0,0;0,0;13,0;1,0;-3,108;4,0;19,065;83,069;0,934;0,358
2026-03-12;0,0;17,2;25,6;20,446;87,375;983,071;3,317;19,92;B828;4300034;Acegua;-31,875;-54,12;271,0;0,0;0;0,0;0,0;0,0;13,0;1,0;-1,717;5,0;19,549;87,694;0,94;0,342
2026-03-13;0,0;16,6;26,5;20,158;83,917;982,175;2,533;20,82;B828;4300034;Acegua;-31,875;-54,12;271,0;0,0;0;0,0;0,0;0,0;13,0;1,0;-0,896;6,0;20,199;87,139;0,945;0,326
2026-03-14;0,0;16,3;26,8;20,454;82,125;980,033;1,654;17,39;B828;4300034;Acegua;-31,875;-54,12;271,0;0,0;0;0,0;0,0;0,0;0,2;0,0;-2,142;7,0;20,353;84,472;0,951;0,31
2026-03-15;0,0;17,7;30,1;22,746;73,875;978,188;2,596;24,18;B828;4300034;Acegua;-31,875;-54,12;271,0;0,0;0;0,0;0,0;0,0;0,0;0,0;-1,846;8,0;21,119;79,972;0,956;0,293
2026-03-16;0,0;19,1;34,5;24,808;73,625;979,192;3,496;22,02;B828;4300034;Acegua;-31,875;-54,12;271,0;7,6;1;0,0;0,0;0,0;0,0;0,0;1,004;9,0;22,669;76,542;0,961;0,277
2026-03-17;7,6;22,3;29,7;24,533;84,708;978,996;3,912;12,29;B828;4300034;Acegua;-31,875;-54,12;271,0;3,4;1;0,0;0,0;7,6;7,6;1,0;-0,196;0,0;24,029;77,403;0,966;0,26
2026-03-18;3,4;20,1;23,9;21,735;97,217;980,083;3,991;6,59;B828;4300034;Acegua;-31,875;-54,12;271,0;0,0;0;7,6;0,0;11,0;11,0;2,0;1,087;0,0;23,692;85,184;0,97;0,244
2026-03-19;0,0;17,1;26,7;20,846;83,833;981,429;2,654;18,42;B828;4300034;Acegua;-31,875;-54,12;271,0;0,0;0;3,4;7,6;11,0;11,0;2,0;1,347;1,0;22,371;88,586;0,974;0,227
2026-03-20;0,0;17,8;29,7;22,408;80,667;979,438;3,262;19,78;B828;4300034;Acegua;-31,875;-54,12;271,0;14,4;1;0,0;3,4;3,4;11,0;2,0;-1,992;2,0;21,663;87,239;0,978;0,21
2026-03-21;14,4;18,5;31,7;22,583;87,5;975,633;5,458;10,42;B828;4300034;Acegua;-31,875;-54,12;271,0;0,0;0;0,0;0,0;14,4;25,4;3,0;-3,804;0,0;21,946;84,0;0,981;0,193
2026-03-22;0,0;13,3;24,3;19,329;81,375;981,363;3,917;23,3;B828;4300034;Acegua;-31,875;-54,12;271,0;35,0;1;14,4;0,0;14,4;25,4;3,0;5,729;1,0;21,44;83,181;0,984;0,176
2026-03-23;35,0;17,6;19,9;18,658;97,208;978,983;4,079;2,78;B828;4300034;Acegua;-31,875;-54,12;271,0;0,8;0;0,0;14,4;49,4;60,4;4,0;-2,379;0,0;20,19;88,694;0,987;0,16
2026-03-24;0,8;12,0;23,4;17,838;76,667;981,417;3,467;24,67;B828;4300034;Acegua;-31,875;-54,12;271,0;0,0;0;35,0;0,0;35,8;53,6;3,0;2,433;1,0;18,608;85,083;0,99;0,143
2026-03-25;0,0;12,4;24,9;18,054;68,625;984,429;2,654;22,87;B828;4300034;Acegua;-31,875;-54,12;271,0;0,0;0;0,8;35,0;35,8;50,2;2,0;3,013;2,0;18,183;80,833;0,992;0,125
2026-03-26;0,0;15,4;26,0;19,233;88,625;985,792;2,858;12,48;B828;4300034;Acegua;-31,875;-54,12;271,0;0,0;0;0,0;0,8;0,8;50,2;2,0;1,362;3,0;18,375;77,972;0,994;0,108
2026-03-27;0,0;20,0;30,5;23,396;88,542;985,171;2,242;15,21;B828;4300034;Acegua;-31,875;-54,12;271,0;0,0;0;0,0;0,0;0,0;50,2;2,0;-0,621;4,0;20,228;81,931;0,996;0,091
2026-03-28;0,0;22,0;31,1;25,229;91,0;985,933;2,525;14,22;B828;4300034;Acegua;-31,875;-54,12;271,0;18,0;1;0,0;0,0;0,0;35,8;1,0;0,763;5,0;22,619;89,389;0,997;0,074
2026-03-29;18,0;20,9;33,7;25,317;88,208;986,129;2,783;15,69;B828;4300034;Acegua;-31,875;-54,12;271,0;30,2;1;0,0;0,0;18,0;53,8;2,0;0,196;0,0;24,647;89,25;0,998;0,057
2026-03-30;30,2;21,0;27,4;23,312;94,417;985,408;2,958;9,2;B828;4300034;Acegua;-31,875;-54,12;271,0;0,2;0;18,0;0,0;48,2;49,0;2,0;-0,721;0,0;24,619;91,208;0,999;0,04
2026-03-31;0,2;20,1;29,9;24,046;82,25;982,546;3,392;21,48;B828;4300034;Acegua;-31,875;-54,12;271,0;0,0;0;30,2;18,0;48,4;48,4;2,0;-2,863;1,0;24,225;88,292;1,0;0,023
2026-04-01;0,0;17,8;28,4;22,429;78,417;980,471;2,821;21,61;B828;4300034;Acegua;-31,875;-54,12;271,0;0,0;0;0,2;30,2;30,4;48,4;2,0;-2,075;2,0;23,262;85,028;1,0;0,005
2026-04-02;0,0;17,0;27,8;21,704;85,208;980,708;2,162;19,12;B828;4300034;Acegua;-31,875;-54,12;271,0;0,0;0;0,0;0,2;0,2;48,4;2,0;0,238;3,0;22,726;81,958;1,0;-0,012
2026-04-03;0,0;19,0;28,7;22,842;80,625;982,475;1,721;19,87;B828;4300034;Acegua;-31,875;-54,12;271,0;0,2;0;0,0;0,0;0,0;48,4;2,0;1,767;4,0;22,325;81,417;1,0;-0,029
2026-04-04;0,2;14,5;24,7;20,079;90,375;984,392;3,775;9,11;B828;4300034;Acegua;-31,875;-54,12;271,0;0,0;0;0,0;0,0;0,2;48,6;2,0;1,917;5,0;21,542;85,403;0,999;-0,046
2026-04-05;0,0;10,9;20,5;15,2;72,667;990,217;4,212;10,5;B828;4300034;Acegua;-31,875;-54,12;271,0;1,6;1;0,2;0,0;0,2;30,6;1,0;5,825;6,0;19,374;81,222;0,998;-0,063
2026-04-06;1,6;14,5;20,8;17,267;85,333;986,65;3,775;5,04;B828;4300034;Acegua;-31,875;-54,12;271,0;14,8;1;0,0;0,2;1,8;2,0;1,0;-3,567;0,0;17,515;82,792;0,997;-0,081
2026-04-07;14,8;18,9;21,5;20,025;97,792;977,912;3,833;3,07;B828;4300034;Acegua;-31,875;-54,12;271,0;2,4;1;1,6;0,0;16,4;16,6;2,0;-8,737;0,0;17,497;85,264;0,995;-0,098
2026-04-08;2,4;16,7;21,7;18,373;92,5;975,827;6,795;9,87;B828;4300034;Acegua;-31,875;-54,12;271,0;0,2;0;14,8;1,6;18,8;19,0;3,0;-2,085;0,0;18,555;91,875;0,993;-0,115
2026-04-09;0,2;13,1;21,8;16,45;86,833;984,929;4,062;17,54;B828;4300034;Acegua;-31,875;-54,12;271,0;0,0;0;2,4;14,8;17,4;19,2;3,0;9,102;1,0;18,283;92,375;0,991;-0,132
2026-04-10;0,0;12,1;22,2;16,767;74,5;988,354;1,9;19,07;B828;4300034;Acegua;-31,875;-54,12;271,0;0,0;0;0,2;2,4;2,6;19,2;3,0;3,425;2,0;17,196;84,611;0,989;-0,149
2026-04-11;0,0;12,4;26,2;17,958;73,958;987,483;3,475;20,04;B828;4300034;Acegua;-31,875;-54,12;271,0;1,4;1;0,0;0,2;0,2;19,0;3,0;-0,871;3,0;17,058;78,431;0,986;-0,166
2026-04-12;1,4;17,8;21,4;19,5;95,375;985,033;3,812;4,01;B828;4300034;Acegua;-31,875;-54,12;271,0;0,0;0;0,0;0,0;1,4;20,4;4,0;-2,45;0,0;18,075;81,278;0,983;-0,183
2026-04-13;0,0;17,3;24,6;20,146;92,458;986,171;2,371;13,51;B828;4300034;Acegua;-31,875;-54,12;271,0;0,0;0;1,4;0,0;1,4;18,8;3,0;1,137;1,0;19,201;87,264;0,98;-0,2
2026-04-14;0,0;17,2;28,2;21,267;84,708;984,317;3,779;16,66;B828;4300034;Acegua;-31,875;-54,12;271,0;2,8;1;0,0;1,4;1,4;4,0;2,0;-1,854;2,0;20,304;90,847;0,976;-0,217
2026-04-15;2,8;19,1;26,2;21,408;86,875;981,338;4,354;8,63;B828;4300034;Acegua;-31,875;-54,12;271,0;46,2;1;0,0;0,0;2,8;4,4;2,0;-2,979;0,0;20,94;88,014;0,972;-0,233
2026-04-16;46,2;19,2;24,1;20,454;95,875;976,788;4,479;8,66;B828;4300034;Acegua;-31,875;-54,12;271,0;2,6;1;2,8;0,0;49,0;50,4;3,0;-4,55;0,0;21,043;89,153;0,968;-0,25
2026-04-17;2,6;18,1;22,3;19,721;93,042;975,4;5,004;8,51;B828;4300034;Acegua;-31,875;-54,12;271,0;0,0;0;46,2;2,8;51,6;53,0;4,0;-1,388;0,0;20,528;91,931;0,964;-0,267
2026-04-18;0,0;15,2;25,1;19,021;84,292;978,812;4,392;17,65;B828;4300034;Acegua;-31,875;-54,12;271,0;0,0;0;2,6;46,2;48,8;53,0;4,0;3,413;1,0;19,732;91,069;0,959;-0,283
2026-04-19;0,0;17,0;27,0;21,246;67,542;981,667;1,596;18,05;B828;4300034;Acegua;-31,875;-54,12;271,0;0,0;0;0,0;2,6;2,6;51,6;3,0;2,854;2,0;19,996;81,625;0,954;-0,3
2026-04-20;0,0;16,0;23,9;19,429;76,5;984,175;3,113;9,3;B828;4300034;Acegua;-31,875;-54,12;271,0;1,2;1;0,0;0,0;0,0;51,6;3,0;2,508;3,0;19,899;76,111;0,949;-0,316
2026-04-21;1,2;17,5;24,7;20,071;89,125;984,579;2,246;8,73;B828;4300034;Acegua;-31,875;-54,12;271,0;0,0;0;0,0;0,0;1,2;52,8;4,0;0,404;0,0;20,249;77,722;0,943;-0,332
2026-04-22;0,0;16,6;24,3;20,175;87,625;984,654;3,896;10,89;B828;4300034;Acegua;-31,875;-54,12;271,0;0,0;0;1,2;0,0;1,2;50,0;3,0;0,075;1,0;19,892;84,417;0,937;-0,348
2026-04-23;0,0;12,5;18,2;15,226;83,913;988,965;2,252;8,16;B828;4300034;Acegua;-31,875;-54,12;271,0;0,0;0;0,0;1,2;1,2;3,8;2,0;4,311;2,0;18,491;86,888;0,931;-0,364
2026-04-24;0,0;14,7;23,6;17,679;84,833;986,988;2,462;9,5;B828;4300034;Acegua;-31,875;-54,12;271,0;0,0;0;0,0;0,0;0,0;1,2;1,0;-1,978;3,0;17,693;85,457;0,925;-0,38
2026-04-25;0,0;15,4;23,8;18,408;86,417;982,854;2,2;15,75;B828;4300034;Acegua;-31,875;-54,12;271,0;0,2;0;0,0;0,0;0,0;1,2;1,0;-4,133;4,0;17,105;85,054;0,918;-0,396
2026-04-26;0,2;15,1;23,2;18,471;79,625;978,792;3,608;16,07;B828;4300034;Acegua;-31,875;-54,12;271,0;0,0;0;0,0;0,0;0,2;1,4;1,0;-4,062;5,0;18,186;83,625;0,911;-0,412
2026-04-27;0,0;6,6;16,8;10,592;64,375;983,35;5,283;15,56;B828;4300034;Acegua;-31,875;-54,12;271,0;0,0;0;0,2;0,0;0,2;1,4;1,0;4,558;6,0;15,824;76,806;0,904;-0,428
2026-04-28;0,0;8,2;17,7;12,196;62,25;986,375;2,85;16,23;B828;4300034;Acegua;-31,875;-54,12;271,0;0,0;0;0,0;0,2;0,2;0,2;0,0;3,025;7,0;13,753;68,75;0,896;-0,443
2026-04-29;0,0;8,8;22,6;14,75;54,167;983,346;3,379;16,08;B828;4300034;Acegua;-31,875;-54,12;271,0;0,0;0;0,0;0,0;0,0;0,2;0,0;-3,029;8,0;12,513;60,264;0,889;-0,458
2026-04-30;0,0;12,7;24,2;18,225;55,625;984,771;2,429;16,28;B828;4300034;Acegua;-31,875;-54,12;271,0;12,4;1;0,0;0,0;0,0;0,2;0,0;1,425;9,0;15,057;57,347;0,881;-0,474
2026-05-01;12,4;12,7;19,4;14,925;86,625;982,342;4,858;1,81;B828;4300034;Acegua;-31,875;-54,12;271,0;1,0;1;0,0;0,0;12,4;12,6;1,0;-2,429;0,0;15,967;65,472;0,872;-0,489
2026-05-02;1,0;9,9;18,2;15,792;82,125;985,496;5,621;14,18;B828;4300034;Acegua;-31,875;-54,12;271,0;0,0;0;12,4;0,0;13,4;13,6;2,0;3,154;0,0;16,314;74,792;0,864;-0,504
2026-05-03;0,0;5,8;17,4;10,752;65,391;991,878;3,348;16,59;B828;4300034;Acegua;-31,875;-54,12;271,0;0,0;0;1,0;12,4;13,4;13,4;2,0;6,382;1,0;13,823;78,047;0,855;-0,519
2026-05-04;0,0;7,2;22,0;13,396;72,0;984,321;3,921;15,31;B828;4300034;Acegua;-31,875;-54,12;271,0;0,0;0;0,0;1,0;1,0;13,4;2,0;-7,557;2,0;13,313;73,172;0,846;-0,533
2026-05-05;0,0;15,9;28,0;20,896;82,417;983,508;3,875;11,42;B828;4300034;Acegua;-31,875;-54,12;271,0;12,6;1;0,0;0,0;0,0;13,4;2,0;-0,812;3,0;15,015;73,269;0,837;-0,548
2026-05-06;12,6;18,0;29,8;23,496;81,375;982,604;4,442;13,68;B828;4300034;Acegua;-31,875;-54,12;271,0;44,8;1;0,0;0,0;12,6;26,0;3,0;-0,904;0,0;19,262;78,597;0,827;-0,562
2026-05-07;44,8;15,5;26,2;21,596;82,958;971,817;6,583;0,58;B828;4300034;Acegua;-31,875;-54,12;271,0;6,8;1;12,6;0,0;57,4;70,8;4,0;-10,788;0,0;21,996;82,25;0,817;-0,576
2026-05-08;6,8;9,0;17,1;11,6;79,043;972,891;7,974;12,31;B828;4300034;Acegua;-31,875;-54,12;271,0;0,0;0;44,8;12,6;64,2;65,2;4,0;1,075;0,0;18,897;81,126;0,807;-0,59
2026-05-09;0,0;3,2;10,7;7,296;81,292;982,375;6,033;8,11;B828;4300034;Acegua;-31,875;-54,12;271,0;1,0;1;6,8;44,8;51,6;64,2;3,0;9,484;1,0;13,497;81,098;0,797;-0,604
2026-05-10;1,0;6,0;12,2;8,638;81,0;989,125;4,758;13,17;B828;4300034;Acegua;-31,875;-54,12;271,0;0,0;0;0,0;6,8;7,8;65,2;4,0;6,75;0,0;9,178;80,445;0,787;-0,617
2026-05-11;0,0;4,3;15,3;9,448;67,696;989,087;4,57;14,71;B828;4300034;Acegua;-31,875;-54,12;271,0;0,0;0;1,0;0,0;1,0;65,2;4,0;-0,038;1,0;8,46;76,662;0,776;-0,631
2026-05-12;0,0;6,7;18,0;11,408;68,708;986,429;6,154;15,07;B828;4300034;Acegua;-31,875;-54,12;271,0;0,0;0;0,0;1,0;1,0;65,2;4,0;-2,658;2,0;9,831;72,468;0,765;-0,644
2026-05-13;0,0;8,9;18,1;12,562;77,042;985,188;3,308;13,65;B828;4300034;Acegua;-31,875;-54,12;271,0;0,0;0;0,0;0,0;0,0;52,6;3,0;-1,242;3,0;11,14;71,149;0,754;-0,657
2026-05-14;0,0;6,5;14,1;10,317;78,458;987,421;2,092;9,6;B828;4300034;Acegua;-31,875;-54,12;271,0;0,0;0;0,0;0,0;0,0;7,8;2,0;2,233;4,0;11,429;74,736;0,742;-0,67
2026-05-15;0,0;5,5;16,0;10,375;81,125;988,962;2,238;15,09;B828;4300034;Acegua;-31,875;-54,12;271,0;0,0;0;0,0;0,0;0,0;1,0;1,0;1,542;5,0;11,085;78,875;0,731;-0,683
2026-05-16;0,0;7,8;17,5;10,879;85,833;985,613;2,579;9,76;B828;4300034;Acegua;-31,875;-54,12;271,0;0,2;0;0,0;0,0;0,0;1,0;1,0;-3,35;6,0;10,524;81,806;0,719;-0,695
2026-05-17;0,2;8,2;15,2;10,792;90,792;987,171;3,096;6,53;B828;4300034;Acegua;-31,875;-54,12;271,0;0,0;0;0,0;0,0;0,2;0,2;0,0;1,558;7,0;10,682;85,917;0,707;-0,707
2026-05-18;0,0;3,8;14,0;8,892;78,875;992,546;3,171;13,08;B828;4300034;Acegua;-31,875;-54,12;271,0;0,0;0;0,2;0,0;0,2;0,2;0,0;5,375;8,0;10,188;85,167;0,694;-0,72
2026-05-19;0,0;6,9;14,7;9,975;63,792;991,762;3,288;14,24;B828;4300034;Acegua;-31,875;-54,12;271,0;0,0;0;0,0;0,2;0,2;0,2;0,0;-0,783;9,0;9,886;77,819;0,682;-0,731
2026-05-20;0,0;7,8;15,5;10,721;69,875;991,137;4,279;13,83;B828;4300034;Acegua;-31,875;-54,12;271,0;0,0;0;0,0;0,0;0,0;0,2;0,0;-0,625;10,0;9,863;70,847;0,669;-0,743
2026-05-21;0,0;4,2;13,0;8,383;77,375;995,504;2,579;11,87;B828;4300034;Acegua;-31,875;-54,12;271,0;0,0;0;0,0;0,0;0,0;0,2;0,0;4,367;11,0;9,693;70,347;0,656;-0,754
2026-05-22;0,0;3,9;14,3;8,717;81,75;996,533;2,417;10,8;B828;4300034;Acegua;-31,875;-54,12;271,0;0,0;0;0,0;0,0;0,0;0,2;0,0;1,029;12,0;9,274;76,333;0,643;-0,766
2026-05-23;0,0;8,0;15,5;10,933;95,583;994,7;3,125;5,53;B828;4300034;Acegua;-31,875;-54,12;271,0;0,0;0;0,0;0,0;0,0;0,2;0,0;-1,833;13,0;9,344;84,903;0,63;-0,777
2026-05-24;0,0;10,4;17,9;13,417;90,875;991,675;3,404;6,57;B828;4300034;Acegua;-31,875;-54,12;271,0;0,8;0;0,0;0,0;0,0;0,0;0,0;-3,025;14,0;11,022;89,403;0,617;-0,787
2026-05-25;0,8;11,0;18,4;14,396;87,625;989,242;2,879;7,15;B828;4300034;Acegua;-31,875;-54,12;271,0;1,0;1;0,0;0,0;0,8;0,8;0,0;-2,433;15,0;12,915;91,361;0,603;-0,798
2026-05-26;1,0;12,6;16,7;14,396;99,0;988,854;3,038;6,42;B828;4300034;Acegua;-31,875;-54,12;271,0;0,4;0;0,8;0,0;1,8;1,8;1,0;-0,388;0,0;14,069;92,5;0,589;-0,808
2026-05-27;0,4;11,2;16,6;13,233;94,542;991,746;2,0;7,86;B828;4300034;Acegua;-31,875;-54,12;271,0;0,0;0;1,0;0,8;2,2;2,2;1,0;2,892;1,0;14,008;93,722;0,575;-0,818
2026-05-28;0,0;10,6;17,6;12,65;89,667;990,95;3,154;10,09;B828;4300034;Acegua;-31,875;-54,12;271,0;0,0;0;0,4;1,0;1,4;2,2;1,0;-0,796;2,0;13,426;94,403;0,561;-0,828
2026-05-29;0,0;10,2;15,8;12,354;93,208;991,025;3,238;3,44;B828;4300034;Acegua;-31,875;-54,12;271,0;0,2;0;0,0;0,4;0,4;2,2;1,0;0,075;3,0;12,746;92,472;0,547;-0,837
2026-05-30;0,2;12,6;18,2;14,708;89,042;990,333;2,192;6,76;B828;4300034;Acegua;-31,875;-54,12;271,0;0,0;0;0,0;0,0;0,2;2,4;1,0;-0,692;4,0;13,238;90,639;0,532;-0,847
2026-05-31;0,0;10,3;15,7;12,763;97,083;989,829;2,804;5,46;B828;4300034;Acegua;-31,875;-54,12;271,0;0,2;0;0,2;0,0;0,2;2,4;1,0;-0,504;5,0;13,275;93,111;0,518;-0,856
2026-06-01;0,2;9,7;14,8;11,613;91,652;991,622;2,239;5,99;B828;4300034;Acegua;-31,875;-54,12;271,0;0,4;0;0,0;0,2;0,4;1,8;1,0;1,793;6,0;13,028;92,592;0,503;-0,864
2026-06-02;0,4;9,4;16,5;12,638;90,667;994,421;3,238;6,66;B828;4300034;Acegua;-31,875;-54,12;271,0;0,0;0;0,2;0,0;0,6;1,2;0,0;2,799;7,0;12,338;93,134;0,488;-0,873
2026-06-03;0,0;11,5;19,0;14,342;90,792;994,113;2,858;6,32;B828;4300034;Acegua;-31,875;-54,12;271,0;0,2;0;0,4;0,2;0,6;0,8;0,0;-0,308;8,0;12,864;91,037;0,473;-0,881
2026-06-04;0,2;11,4;21,8;15,412;89,375;994,188;3,271;10,8;B828;4300034;Acegua;-31,875;-54,12;271,0;0,2;0;0,0;0,4;0,6;1,0;0,0;0,075;9,0;14,131;90,278;0,458;-0,889
2026-06-05;0,2;12,6;22,8;16,25;86,583;990,871;2,262;10,95;B828;4300034;Acegua;-31,875;-54,12;271,0;0,0;0;0,2;0,0;0,4;1,2;0,0;-3,317;10,0;15,335;88,917;0,442;-0,897
2026-06-06;0,0;12,6;20,4;16,254;90,958;986,875;1,804;8,06;B828;4300034;Acegua;-31,875;-54,12;271,0;0,2;0;0,2;0,2;0,4;1,0;0,0;-3,996;11,0;15,972;88,972;0,427;-0,904
2026-06-07;0,2;11,9;19,9;14,104;92,958;986,667;2,721;7,17;B828;4300034;Acegua;-31,875;-54,12;271,0;19,8;1;0,0;0,2;0,4;1,2;0,0;-0,208;12,0;15,536;90,167;0,411;-0,912
2026-06-08;19,8;10,7;14,2;12,667;99,667;987,017;3,721;2,25;B828;4300034;Acegua;-31,875;-54,12;271,0;2,2;1;0,2;0,0;20,0;20,8;1,0;0,35;0,0;14,342;94,528;0,395;-0,919
2026-06-09;2,2;10,1;16,2;11,942;92,0;986,762;2,275;8,6;B828;4300034;Acegua;-31,875;-54,12;271,0;0,2;0;19,8;0,2;22,2;22,6;2,0;-0,254;0,0;12,904;94,875;0,379;-0,925
2026-06-10;0,2;7,2;16,8;11,596;89,625;985,725;2,483;11,42;B828;4300034;Acegua;-31,875;-54,12;271,0;3,0;1;2,2;19,8;22,2;22,8;2,0;-1,037;1,0;12,068;93,764;0,363;-0,932
2026-06-11;3,0;6,7;13,0;10,529;96,958;985,533;1,946;4,14;B828;4300034;Acegua;-31,875;-54,12;271,0;7,2;1;0,2;2,2;5,4;25,6;3,0;-0,192;0,0;11,356;92,861;0,347;-0,938
2026-06-12;7,2;11,5;15,5;12,478;98,174;982,378;6,291;3,75;B828;4300034;Acegua;-31,875;-54,12;271,0;0,0;0;3,0;0,2;10,4;32,6;4,0;-3,155;0,0;11,534;94,919;0,331;-0,944
2026-06-13;0,0;10,8;15,1;12,479;94,875;985,154;3,312;7,99;B828;4300034;Acegua;-31,875;-54,12;271,0;0,2;0;7,2;3,0;10,2;32,6;4,0;2,776;1,0;11,829;96,669;0,315;-0,949
2026-06-14;0,2;7,1;12,5;9,608;83,917;988,446;3,554;9,35;B828;4300034;Acegua;-31,875;-54,12;271,0;0,0;0;0,0;7,2;7,4;32,6;4,0;3,292;2,0;11,522;92,322;0,299;-0,954
2026-06-15;0,0;2,8;11,6;6,979;70,833;991,454;2,292;12,47;B828;4300034;Acegua;-31,875;-54,12;271,0;0,0;0;0,2;0,0;0,2;12,8;3,0;3,008;3,0;9,689;83,208;0,282;-0,959
2026-06-16;0,0;4,1;15,3;8,442;68,5;988,908;4,888;12,36;B828;4300034;Acegua;-31,875;-54,12;271,0;0,0;0;0,0;0,2;0,2;10,6;2,0;-2,546;4,0;8,343;74,417;0,266;-0,964
2026-06-17;0,0;7,1;15,3;10,404;76,0;990,992;4,117;12,23;B828;4300034;Acegua;-31,875;-54,12;271,0;0,0;0;0,0;0,0;0,0;10,4;2,0;2,083;5,0;8,608;71,778;0,249;-0,969
2026-06-18;0,0;5,1;15,3;9,117;80,333;989,762;4,933;7,47;B828;4300034;Acegua;-31,875;-54,12;271,0;9,2;1;0,0;0,0;0,0;7,4;1,0;-1,229;6,0;9,321;74,944;0,232;-0,973
2026-06-19;9,2;8,4;12,6;10,604;94,292;982,854;5,8;1,93;B828;4300034;Acegua;-31,875;-54,12;271,0;0,2;0;0,0;0,0;9,2;9,4;1,0;-6,908;0,0;10,042;83,542;0,215;-0,977
2026-06-20;0,2;3,9;12,3;7,454;84,042;986,875;2,458;11,45;B828;4300034;Acegua;-31,875;-54,12;271,0;0,0;0;9,2;0,0;9,4;9,6;1,0;4,021;1,0;9,058;86,222;0,199;-0,98
2026-06-21;0,0;4,8;13,0;7,733;83,417;984,804;1,958;8,66;B828;4300034;Acegua;-31,875;-54,12;271,0;0,2;0;0,2;9,2;9,4;9,4;1,0;-2,071;2,0;8,597;87,25;0,182;-0,983
2026-06-22;0,2;6,4;10,1;8,017;89,0;983,088;3,1;4,27;B828;4300034;Acegua;-31,875;-54,12;271,0;0,0;0;0,0;0,2;0,4;9,6;1,0;-1,717;3,0;7,735;85,486;0,165;-0,986
2026-06-23;0,0;2,5;10,9;6,467;79,083;985,288;4,646;11,85;B828;4300034;Acegua;-31,875;-54,12;271,0;0,0;0;0,2;0,0;0,2;9,6;1,0;2,2;4,0;7,406;83,833;0,148;-0,989
2026-06-24;0,0;2,2;12,8;6,792;72,125;986,613;3,762;11,19;B828;4300034;Acegua;-31,875;-54,12;271,0;0,0;0;0,0;0,2;0,2;9,6;1,0;1,325;5,0;7,092;80,069;0,131;-0,991
2026-06-25;0,0;3,5;15,4;8,721;75,333;989,608;4,421;12,0;B828;4300034;Acegua;-31,875;-54,12;271,0;0,0;0;0,0;0,0;0,0;9,6;1,0;2,996;6,0;7,326;75,514;0,114;-0,994
2026-06-26;0,0;5,9;16,3;10,362;78,625;990,779;3,367;12,08;B828;4300034;Acegua;-31,875;-54,12;271,0;0,0;0;0,0;0,0;0,0;0,4;0,0;1,171;7,0;8,625;75,361;0,097;-0,995
2026-06-27;0,0;6,3;18,3;11,546;73,375;989,775;2,892;12,23;B828;4300034;Acegua;-31,875;-54,12;271,0;0,4;0;0,0;0,0;0,0;0,2;0,0;-1,004;8,0;10,21;75,778;0,079;-0,997
2026-06-28;0,4;10,9;17,4;13,579;84,875;983,929;3,529;6,09;B828;4300034;Acegua;-31,875;-54,12;271,0;0,0;0;0,0;0,0;0,4;0,6;0,0;-5,846;9,0;11,829;78,958;0,062;-0,998
2026-06-29;0,0;4,9;10,9;7,071;96,708;988,546;3,271;5,37;B828;4300034;Acegua;-31,875;-54,12;271,0;0,2;0;0,4;0,0;0,4;0,4;0,0;4,617;10,0;10,732;84,986;0,045;-0,999
2026-06-30;0,2;3,0;14,3;7,663;84,583;988,233;2,579;11,99;B828;4300034;Acegua;-31,875;-54,12;271,0;0,0;0;0,0;0,4;0,6;0,6;0,0;-0,312;11,0;9,438;88,722;0,028;-1,0
2026-07-01;0,0;7,6;15,5;10,171;93,875;986,867;2,854;4,64;B828;4300034;Acegua;-31,875;-54,12;271,0;2,6;1;0,2;0,0;0,2;0,6;0,0;-1,367;12,0;8,301;91,722;0,011;-1,0
2026-07-02;2,6;4,7;10,8;7,779;88,708;993,196;5,217;4,56;B828;4300034;Acegua;-31,875;-54,12;271,0;0,0;0;0,0;0,2;2,8;3,2;1,0;6,329;0,0;8,538;89,056;-0,006;-1,0
2026-07-03;0,0;-0,8;9,6;3,525;80,0;995,929;6,142;11,58;B828;4300034;Acegua;-31,875;-54,12;271,0;0,0;0;2,6;0,0;2,6;3,2;1,0;2,733;1,0;7,158;87,528;-0,024;-1,0
2026-07-04;0,0;5,0;12,2;7,471;89,917;994,567;2,742;9,05;B828;4300034;Acegua;-31,875;-54,12;271,0;0,2;0;0,0;2,6;2,6;3,2;1,0;-1,363;2,0;6,258;86,208;-0,041;-0,999
2026-07-05;0,2;7,2;11,1;9,017;97,792;990,429;2,617;2,89;B828;4300034;Acegua;-31,875;-54,12;271,0;1,2;1;0,0;0,0;0,2;3,0;1,0;-4,137;3,0;6,671;89,236;-0,058;-0,998
2026-07-06;1,2;4,4;10,4;7,9;90,875;988,012;3,379;3,43;B828;4300034;Acegua;-31,875;-54,12;271,0;0,0;0;0,2;0,0;1,4;4,2;2,0;-2,417;0,0;8,129;92,861;-0,075;-0,997
2026-07-07;0,0;1,6;14,3;6,754;75,292;988,6;4,992;12,84;B828;4300034;Acegua;-31,875;-54,12;271,0;0,0;0;1,2;0,2;1,4;4,0;2,0;0,588;1,0;7,89;87,986;-0,092;-0,996
2026-07-08;0,0;5,5;16,8;10,121;69,417;987,879;4,654;12,68;B828;4300034;Acegua;-31,875;-54,12;271,0;0,0;0;0,0;1,2;1,2;4,0;2,0;-0,721;2,0;8,258;78,528;-0,109;-0,994
2026-07-09;0,0;8,5;17,1;12,138;65,583;985,054;3,642;7,64;B828;4300034;Acegua;-31,875;-54,12;271,0;0,0;0;0,0;0,0;0,0;1,4;1,0;-2,825;3,0;9,671;70,097;-0,127;-0,992
2026-07-10;0,0;8,7;18,5;13,592;74,958;983,521;2,775;10,77;B828;4300034;Acegua;-31,875;-54,12;271,0;0,0;0;0,0;0,0;0,0;1,4;1,0;-1,533;4,0;11,95;69,986;-0,144;-0,99
2026-07-11;0,0;11,5;14,9;12,754;93,208;982,85;2,712;4,06;B828;4300034;Acegua;-31,875;-54,12;271,0;0,8;0;0,0;0,0;0,0;1,4;1,0;-0,671;5,0;12,828;77,917;-0,161;-0,987
2026-07-12;0,8;7,5;12,4;9,746;96,0;986,567;5,971;7,79;B828;4300034;Acegua;-31,875;-54,12;271,0;0,6;0;0,0;0,0;0,8;2,0;1,0;3,717;6,0;12,031;88,056;-0,178;-0,984
2026-07-13;0,6;7,4;11,1;8,896;96,667;991,746;3,492;4,89;B828;4300034;Acegua;-31,875;-54,12;271,0;4,4;1;0,8;0,0;1,4;1,4;0,0;5,179;7,0;10,465;95,292;-0,194;-0,981
2026-07-14;4,4;6,6;18,4;11,312;83,167;989,808;4,754;12,86;B828;4300034;Acegua;-31,875;-54,12;271,0;0,0;0;0,6;0,8;5,8;5,8;1,0;-1,938;0,0;9,985;91,944;-0,211;-0,977
2026-07-15;0,0;7,7;21,4;13,008;80,292;985,158;5,4;13,61;B828;4300034;Acegua;-31,875;-54,12;271,0;0,0;0;4,4;0,6;5,0;5,8;1,0;-4,65;1,0;11,072;86,708;-0,228;-0,974
2026-07-16;0,0;12,2;26,3;17,992;66,667;979,629;6,408;8,78;B828;4300034;Acegua;-31,875;-54,12;271,0;2,2;1;0,0;4,4;4,4;5,8;1,0;-5,529;2,0;14,104;76,708;-0,245;-0,97
2026-07-17;2,2;19,4;28,5;23,025;63,792;971,846;8,425;6,93;B828;4300034;Acegua;-31,875;-54,12;271,0;13,4;1;0,0;0,0;2,2;8,0;2,0;-7,783;0,0;18,008;70,25;-0,261;-0,965
2026-07-18;13,4;16,5;25,8;20,338;84,917;971,6;5,617;1,96;B828;4300034;Acegua;-31,875;-54,12;271,0;42,0;1;2,2;0,0;15,6;21,4;3,0;-0,246;0,0;20,451;71,792;-0,278;-0,961
2026-07-19;42,0;14,7;19,9;16,362;94,208;972,2;5,467;0,76;B828;4300034;Acegua;-31,875;-54,12;271,0;45,0;1;13,4;2,2;57,6;62,6;4,0;0,6;0,0;19,908;80,972;-0,294;-0,956
2026-07-20;45,0;15,7;17,0;16,396;99,417;975,642;3,142;1,35;B828;4300034;Acegua;-31,875;-54,12;271,0;2,2;1;42,0;13,4;100,4;107,0;5,0;3,442;0,0;17,699;92,847;-0,311;-0,95
2026-07-21;2,2;14,6;16,6;15,417;100,0;977,175;1,904;2,28;B828;4300034;Acegua;-31,875;-54,12;271,0;7,0;1;45,0;42,0;89,2;104,8;5,0;1,533;0,0;16,058;97,875;-0,327;-0,945
2026-07-22;7,0;11,9;15,9;13,979;97,833;981,954;3,579;5,53;B828;4300034;Acegua;-31,875;-54,12;271,0;0,4;0;2,2;45,0;54,2;111,8;6,0;4,779;0,0;15,264;99,083;-0,343;-0,939
2026-07-23;0,4;9,5;16,0;11,979;90,958;989,079;3,417;8,53;B828;4300034;Acegua;-31,875;-54,12;271,0;0,0;0;7,0;2,2;9,6;112,2;6,0;7,125;1,0;13,792;96,264;-0,359;-0,933
2026-07-24;0,0;9,0;16,6;12,013;93,167;988,192;3,292;7,8;B828;4300034;Acegua;-31,875;-54,12;271,0;0,2;0;0,4;7,0;7,4;110,0;5,0;-0,888;2,0;12,657;93,986;-0,375;-0,927
2026-07-25;0,2;11,4;18,9;14,088;94,333;986,842;2,125;11,55;B828;4300034;Acegua;-31,875;-54,12;271,0;0,2;0;0,0;0,4;0,6;96,8;4,0;-1,35;3,0;12,693;92,819;-0,391;-0,92
2026-07-26;0,2;13,3;16,6;14,896;99,125;984,8;2,542;2,97;B828;4300034;Acegua;-31,875;-54,12;271,0;9,4;1;0,2;0,0;0,4;55,0;3,0;-2,042;4,0;13,665;95,542;-0,407;-0,913
2026-07-27;9,4;13,1;18,8;15,196;98,417;981,238;3,408;4,63;B828;4300034;Acegua;-31,875;-54,12;271,0;9,6;1;0,2;0,2;9,8;19,4;3,0;-3,562;0,0;14,726;97,292;-0,423;-0,906
2026-07-28;9,6;14,2;19,9;16,671;95,917;977,746;0,962;7,03;B828;4300034;Acegua;-31,875;-54,12;271,0;6,6;1;9,4;0,2;19,2;26,8;3,0;-3,492;0,0;15,588;97,819;-0,438;-0,899
2026-07-29;6,6;12,6;16,2;13,721;97,958;982,538;3,321;5,21;B828;4300034;Acegua;-31,875;-54,12;271,0;0,6;0;9,6;9,4;25,6;26,4;3,0;4,792;0,0;15,196;97,431;-0,454;-0,891
2026-07-30;0,6;11,6;18,1;13,775;90,917;989,254;4,558;10,21;B828;4300034;Acegua;-31,875;-54,12;271,0;0,0;0;6,6;9,6;16,8;26,6;3,0;6,717;1,0;14,722;94,931;-0,469;-0,883
2026-07-31;0,0;12,3;25,6;17,658;85,625;984,012;6,196;13,9;B828;4300034;Acegua;-31,875;-54,12;271,0;8,8;1;0,6;6,6;7,2;26,6;3,0;-5,242;2,0;15,051;91,5;-0,484;-0,875
2026-08-01;8,8;14,1;21,6;17,133;91,833;978,379;5,5;1,59;B828;4300034;Acegua;-31,875;-54,12;271,0;0,8;0;0,0;0,6;9,4;35,2;4,0;-5,633;0,0;16,189;89,458;-0,499;-0,867
2026-08-02;0,8;12,4;17,3;14,378;95,565;985,852;4,988;4,49;B828;4300034;Acegua;-31,875;-54,12;271,0;8,6;1;8,8;0,0;9,6;35,8;4,0;7,473;1,0;16,39;91,008;-0,514;-0,858
2026-08-03;8,6;13,0;20,8;15,704;96,333;984,671;3,446;6,17;B828;4300034;Acegua;-31,875;-54,12;271,0;25,0;1;0,8;8,8;18,2;35,0;4,0;-1,181;0,0;15,739;94,577;-0,529;-0,849
2026-08-04;25,0;15,6;21,1;17,883;96,917;983,583;1,338;6,72;B828;4300034;Acegua;-31,875;-54,12;271,0;0,4;0;8,6;0,8;34,4;50,4;4,0;-1,087;0,0;15,989;96,272;-0,543;-0,84
2026-08-05;0,4;14,4;22,4;16,933;95,0;981,871;2,271;7,97;B828;4300034;Acegua;-31,875;-54,12;271,0;15,4;1;25,0;8,6;34,0;44,2;3,0;-1,712;1,0;16,84;96,083;-0,557;-0,83
2026-08-06;15,4;13,8;24,7;17,379;91,667;973,467;3,1;8,13;B828;4300034;Acegua;-31,875;-54,12;271,0;1,2;1;0,4;25,0;40,8;59,0;4,0;-8,404;0,0;17,399;94,528;-0,572;-0,82
2026-08-07;1,2;6,5;14,5;9,542;79,917;978,383;5,642;14,7;B828;4300034;Acegua;-31,875;-54,12;271,0;0,0;0;15,4;0,4;17,0;60,2;5,0;4,917;0,0;14,618;88,861;-0,586;-0,811
2026-08-08;0,0;4,9;13,7;8,542;81,208;977,55;3,458;10,23;B828;4300034;Acegua;-31,875;-54,12;271,0;0,0;0;1,2;15,4;16,6;51,4;4,0;-0,833;1,0;11,821;84,264;-0,6;-0,8
2026-08-09;0,0;3,1;13,5;11,433;46,333;990,5;4,754;4,74;B828;4300034;Acegua;-31,875;-54,12;271,0;0,0;0;0,0;1,2;1,2;50,6;4,0;12,95;2,0;9,839;69,153;-0,613;-0,79
2026-08-10;0,0;2,7;12,1;7,133;70,125;998,35;3,808;14,88;B828;4300034;Acegua;-31,875;-54,12;271,0;0,0;0;0,0;0,0;0,0;42,0;3,0;7,85;3,0;9,036;65,889;-0,627;-0,779
2026-08-11;0,0;3,5;13,9;7,765;80,583;998,165;3,95;13,42;B828;4300034;Acegua;-31,875;-54,12;271,0;10,0;1;0,0;0,0;0,0;17,0;2,0;-0,185;4,0;8,777;65,681;-0,64;-0,768
2026-08-12;10,0;9,0;11,5;9,975;95,125;988,875;4,021;2,05;B828;4300034;Acegua;-31,875;-54,12;271,0;11,0;1;0,0;0,0;10,0;26,6;3,0;-9,29;0,0;8,291;81,944;-0,653;-0,757
2026-08-13;11,0;8,3;10,2;9,288;99,75;987,9;2,154;1,6;B828;4300034;Acegua;-31,875;-54,12;271,0;0,2;0;10,0;0,0;21,0;22,2;3,0;-0,975;0,0;9,009;91,819;-0,666;-0,746
2026-08-14;0,2;8,1;14,8;11,471;94,667;990,788;2,396;6,37;B828;4300034;Acegua;-31,875;-54,12;271,0;0,0;0;11,0;10,0;21,2;21,2;2,0;2,888;1,0;10,244;96,514;-0,679;-0,734
2026-08-15;0,0;13,0;20,4;15,508;89,917;986,55;2,854;7,29;B828;4300034;Acegua;-31,875;-54,12;271,0;88,4;1;0,2;11,0;11,2;21,2;2,0;-4,237;2,0;12,089;94,778;-0,691;-0,723
2026-08-16;88,4;16,2;18,2;17,125;99,042;980,792;0,279;1,3;B828;4300034;Acegua;-31,875;-54,12;271,0;19,8;1;0,0;0,2;88,6;109,6;3,0;-5,758;0,0;14,701;94,542;-0,704;-0,711
2026-08-17;19,8;14,7;18,3;17,462;99,208;980,729;1,746;1,1;B828;4300034;Acegua;-31,875;-54,12;271,0;61,0;1;88,4;0,0;108,2;129,4;4,0;-0,062;0,0;16,699;96,056;-0,716;-0,698
2026-08-18;61,0;11,8;16,9;14,804;100,0;983,829;1,717;2,15;B828;4300034;Acegua;-31,875;-54,12;271,0;8,2;1;19,8;88,4;169,2;190,4;5,0;3,1;0,0;16,464;99,417;-0,728;-0,686
2026-08-19;8,2;10,6;12,5;11,579;100,0;988,521;4,771;1,99;B828;4300034;Acegua;-31,875;-54,12;271,0;0,0;0;61,0;19,8;89,0;188,6;5,0;4,692;0,0;14,615;99,736;-0,739;-0,673
